/**
 * generated by fontconvert.py
 * name: andika_12_bold
 * size: 12
 * mode: 2-bit  compressed: true
 * Command used: fontconvert.py andika_12_bold 12 ../builtinFonts/source/Andika/Andika-Bold.ttf --2bit --compress --pnum --additional-intervals 0x0250,0x02FF --additional-intervals 0x0300,0x036F --additional-intervals 0x1D00,0x1DBF
 */
#pragma once
#include "EpdFontData.h"

static const uint8_t andika_12_boldBitmaps[31465] = {
    0x95, 0x58, 0x31, 0x8F, 0xDD, 0xC6, 0x11, 0x1E, 0x92, 0xB0, 0x88, 0x80, 0x05, 0xAF, 0x50, 0x82,
    0x04, 0x87, 0x88, 0x2A, 0x5C, 0x05, 0x89, 0x98, 0x22, 0x85, 0x03, 0xE4, 0xDE, 0xAE, 0xA2, 0x42,
    0x85, 0x0B, 0xEB, 0x1F, 0xD8, 0x3F, 0x20, 0xC8, 0x55, 0x06, 0x5C, 0xDC, 0x69, 0x29, 0xA9, 0x70,
    0x91, 0x42, 0xFA, 0x07, 0x4E, 0x91, 0xC2, 0x49, 0x93, 0x46, 0x85, 0x93, 0xDC, 0x3D, 0xD2, 0x72,
    0x91, 0xC2, 0x45, 0x88, 0xB8, 0x48, 0x91, 0x42, 0x04, 0xAC, 0x4E, 0x85, 0x36, 0x06, 0x13, 0x53,
    0x16, 0xC9, 0xCD, 0xF7, 0xED, 0xF2, 0xEE, 0xDE, 0xC9, 0xA7, 0xF3, 0xE9, 0x71, 0x87, 0xEF, 0x71,
    0x77, 0xDE, 0xEE, 0xEC, 0xEC, 0xCC, 0x37, 0x33, 0x54, 0x8D, 0xE2, 0x55, 0x85, 0xAB, 0x0C, 0x97,
    0xE6, 0x25, 0xF8, 0x14, 0x9A, 0xA3, 0xB8, 0x97, 0x68, 0xB2, 0x2A, 0xD8, 0xAE, 0x1D, 0x35, 0xF9,
    0x51, 0xFC, 0x40, 0x56, 0x69, 0x2B, 0xFB, 0x59, 0x23, 0x07, 0x79, 0xA3, 0x9C, 0xEB, 0x17, 0xB2,
    0x89, 0x5D, 0x49, 0xD2, 0xED, 0x4B, 0xED, 0x5C, 0xEB, 0x9C, 0xEB, 0x48, 0xC5, 0x75, 0x2B, 0x65,
    0x6C, 0x45, 0x25, 0x9D, 0xFF, 0x9B, 0xE4, 0x12, 0xA8, 0xB8, 0x25, 0xB1, 0x9B, 0x24, 0x07, 0x95,
    0xF7, 0x7F, 0x23, 0x0A, 0x7D, 0xA4, 0xF2, 0x31, 0x86, 0x9D, 0x48, 0xE2, 0xC0, 0x6B, 0x46, 0xF0,
    0xE1, 0xE1, 0x8A, 0xD1, 0x72, 0xA5, 0xD0, 0x5B, 0xA0, 0xD5, 0x15, 0x23, 0xCA, 0xCD, 0xA0, 0x41,
    0x2E, 0xB9, 0x07, 0x18, 0x93, 0x40, 0x6F, 0x88, 0xA4, 0x83, 0xEC, 0x90, 0xFF, 0x00, 0x33, 0x55,
    0xBD, 0xEC, 0xE4, 0xF7, 0x2C, 0x6E, 0x7F, 0x6F, 0x70, 0xBB, 0x5F, 0xA1, 0xEF, 0x5D, 0xCE, 0xB6,
    0x22, 0xDF, 0x5E, 0x8D, 0x9D, 0x7E, 0x83, 0x25, 0xA2, 0xAF, 0xFF, 0x69, 0x25, 0x79, 0xFA, 0xA9,
    0x95, 0xEC, 0x73, 0xDC, 0xF2, 0xB7, 0x71, 0x2B, 0x33, 0xDC, 0x76, 0xD2, 0x2F, 0xAC, 0x1C, 0x50,
    0x8A, 0x5E, 0x6A, 0x1D, 0x39, 0x0D, 0xA9, 0x3A, 0xFC, 0x1D, 0xC3, 0xF7, 0x7A, 0xBF, 0xA3, 0xFC,
    0x5E, 0x27, 0xD9, 0xD3, 0x06, 0x92, 0x62, 0xF5, 0x89, 0x12, 0x83, 0xE7, 0xA3, 0x46, 0x56, 0xD9,
    0x57, 0x15, 0xFF, 0x38, 0x8A, 0x6B, 0xE6, 0xC8, 0x55, 0xD4, 0x86, 0x72, 0x4F, 0xFB, 0x74, 0x8E,
    0xDA, 0xC3, 0x83, 0x3D, 0x7E, 0xF0, 0x87, 0xAB, 0x32, 0xC6, 0x63, 0x6A, 0xF3, 0xB6, 0x68, 0xCA,
    0x4A, 0x89, 0x12, 0x23, 0xB7, 0x65, 0xED, 0x2F, 0x83, 0x0B, 0x3D, 0xBA, 0xAC, 0xF2, 0x26, 0xEB,
    0x92, 0x3E, 0x1E, 0x65, 0x04, 0xBF, 0xBC, 0x29, 0xFB, 0x18, 0x29, 0x9B, 0xBC, 0x4D, 0xA1, 0xEA,
    0xA4, 0x8F, 0x86, 0x88, 0x23, 0xFE, 0x8A, 0x70, 0xC5, 0x43, 0xD2, 0x27, 0x36, 0xEB, 0x72, 0xCC,
    0x58, 0x83, 0xF7, 0xB2, 0xC8, 0x27, 0x22, 0x0F, 0xE5, 0xA7, 0xEF, 0x77, 0xEA, 0x6F, 0x36, 0x75,
    0x3A, 0x9E, 0xB5, 0x72, 0x76, 0xE7, 0xFD, 0x0E, 0x9D, 0x1C, 0x5A, 0x9D, 0xB4, 0x9F, 0xD4, 0x7F,
    0xC4, 0x09, 0xA2, 0x6D, 0x76, 0xCA, 0xF7, 0xE5, 0x67, 0xD8, 0x7C, 0x5D, 0xE5, 0x3A, 0x97, 0x6B,
    0xB2, 0x07, 0x21, 0xF0, 0xFF, 0xD0, 0x4A, 0x31, 0x95, 0xA9, 0x4A, 0x1E, 0x66, 0x43, 0x93, 0xC1,
    0xE9, 0xE1, 0xF7, 0x6D, 0xD0, 0x01, 0x68, 0x10, 0x81, 0x86, 0x24, 0x01, 0xF9, 0x33, 0x7F, 0x3D,
    0x96, 0xD5, 0xC2, 0x22, 0x75, 0x2B, 0x99, 0x1B, 0xA1, 0x75, 0x27, 0xAA, 0xA9, 0x35, 0xD4, 0x82,
    0x8D, 0x95, 0xCD, 0xEC, 0xA9, 0x78, 0x89, 0xCA, 0x86, 0x63, 0xE4, 0x51, 0xFC, 0x05, 0x1B, 0xC9,
    0x60, 0x23, 0x51, 0xFD, 0x40, 0x62, 0x30, 0xCC, 0x52, 0xCF, 0x62, 0x66, 0xF9, 0x60, 0x16, 0x39,
    0xB7, 0xD5, 0x6E, 0x0A, 0x2D, 0x76, 0x15, 0x66, 0xE9, 0xC5, 0xC0, 0x42, 0x77, 0x22, 0x87, 0xCD,
    0xD7, 0x14, 0x69, 0x21, 0xF0, 0x42, 0xFB, 0x92, 0x60, 0x1B, 0x39, 0xB6, 0xA0, 0x20, 0x3E, 0xAD,
    0x76, 0x5C, 0x1E, 0x9D, 0xAB, 0xCC, 0x42, 0x31, 0xAC, 0xB4, 0xC0, 0x2E, 0xA8, 0x5C, 0xA8, 0x53,
    0xB6, 0x70, 0x88, 0x7E, 0x0E, 0x9C, 0xAB, 0xC0, 0x9E, 0x84, 0x96, 0x8E, 0x35, 0x24, 0xA2, 0x21,
    0xA9, 0x0A, 0x3E, 0xD0, 0xBC, 0x87, 0xEF, 0x7D, 0xAA, 0x1E, 0xBB, 0x30, 0xDE, 0xD2, 0x2B, 0xFE,
    0x47, 0x0B, 0x0D, 0x91, 0x86, 0x96, 0x81, 0x0A, 0x3C, 0x2B, 0xA5, 0x65, 0x52, 0x3A, 0x1E, 0x94,
    0x4E, 0xAD, 0xD2, 0xF0, 0x47, 0x38, 0xB1, 0xD2, 0x1B, 0x5E, 0xD9, 0x63, 0x4E, 0xBD, 0x49, 0x25,
    0xE4, 0x38, 0x26, 0xAE, 0x76, 0x44, 0x90, 0xB3, 0xC4, 0x5A, 0xD4, 0xDC, 0xE5, 0x20, 0x8B, 0x0E,
    0xF2, 0x28, 0x0D, 0x99, 0xF5, 0x5B, 0xE8, 0x33, 0xD8, 0x87, 0xC1, 0x94, 0xDB, 0x58, 0x5E, 0xCA,
    0xE7, 0xF0, 0x60, 0x07, 0x51, 0x9C, 0x14, 0xDD, 0x1B, 0x81, 0x13, 0xFF, 0x32, 0x65, 0x47, 0x25,
    0x12, 0x05, 0xB4, 0x03, 0x94, 0xAC, 0x71, 0xB6, 0x24, 0x23, 0x94, 0xAE, 0x68, 0x54, 0xAB, 0xAA,
    0x1C, 0xFF, 0x49, 0xB9, 0xE7, 0xBA, 0x13, 0xA0, 0x44, 0xB3, 0x50, 0xE5, 0xF5, 0x12, 0x4D, 0x41,
    0xAF, 0x19, 0x74, 0x93, 0x77, 0x54, 0x47, 0x10, 0x63, 0x43, 0xED, 0x54, 0x5D, 0x82, 0x9D, 0xA5,
    0xF6, 0x84, 0x2D, 0x82, 0xB5, 0xE4, 0x90, 0x8F, 0xFB, 0x52, 0x95, 0x77, 0x21, 0xFF, 0xCD, 0xBE,
    0x04, 0x32, 0x13, 0x69, 0x68, 0x3F, 0xB0, 0x8D, 0x6A, 0x82, 0xC5, 0x4C, 0x8B, 0xD5, 0xD0, 0x8E,
    0x79, 0x36, 0xE4, 0xA3, 0xB5, 0x88, 0xE9, 0xC0, 0x4F, 0x64, 0x72, 0xBA, 0x24, 0x4C, 0x4A, 0xDE,
    0x2A, 0xC9, 0x3A, 0xA5, 0x33, 0x5B, 0xB6, 0xA5, 0x45, 0x3F, 0x9C, 0xE9, 0x85, 0x95, 0xDF, 0xDE,
    0xC4, 0xAA, 0x19, 0x28, 0x6F, 0x29, 0xE4, 0xF7, 0xA0, 0xA3, 0x1C, 0xBA, 0xCB, 0xA1, 0x43, 0x6F,
    0x3B, 0xC7, 0x1E, 0x12, 0x3E, 0x47, 0xCF, 0xA7, 0xFB, 0xAF, 0x49, 0x5D, 0xD5, 0x4D, 0xDD, 0xE4,
    0x55, 0x70, 0xB1, 0x37, 0xD1, 0x17, 0x53, 0x8B, 0x98, 0xDA, 0xE1, 0xB8, 0x71, 0x1E, 0xB3, 0xA6,
    0x23, 0x08, 0x45, 0xDB, 0xC5, 0xFE, 0x63, 0x1E, 0x29, 0x51, 0xD1, 0x2B, 0x24, 0xF5, 0xB3, 0x40,
    0xD7, 0x9E, 0x60, 0x6F, 0xFE, 0xD9, 0x2C, 0xCF, 0xA4, 0x5B, 0x8B, 0xD3, 0x19, 0xFC, 0x6D, 0x9B,
    0x2A, 0x36, 0x13, 0x27, 0x09, 0xB6, 0xB4, 0x4B, 0x2F, 0x69, 0xC5, 0x40, 0xDD, 0xC0, 0x58, 0x79,
    0x6F, 0x91, 0x2A, 0x25, 0xC0, 0x02, 0xDB, 0xBB, 0xB7, 0x60, 0xCD, 0x50, 0x30, 0xF4, 0x8B, 0x53,
    0x80, 0x3D, 0xD4, 0x1E, 0xEA, 0x46, 0x1E, 0x02, 0xCF, 0xE1, 0xE3, 0xA3, 0xCD, 0x0D, 0x92, 0x4C,
    0x6C, 0x74, 0x6B, 0x0F, 0xCB, 0xB4, 0x14, 0x58, 0x87, 0xD3, 0x00, 0x65, 0x42, 0x16, 0x8E, 0xAA,
    0xD4, 0xF5, 0x9D, 0x7E, 0x95, 0x3A, 0x3B, 0xEC, 0xE5, 0xCE, 0x1E, 0x1C, 0x00, 0x44, 0xF7, 0x86,
    0x9D, 0xD8, 0xFE, 0x6A, 0xD8, 0x4B, 0x78, 0x4B, 0xF1, 0xB8, 0x97, 0xDB, 0x4F, 0x0E, 0x56, 0xD7,
    0xFE, 0xDB, 0xEF, 0xAB, 0xB1, 0xB6, 0xAA, 0xE8, 0x4D, 0x53, 0xDE, 0xAD, 0xAE, 0xF8, 0x03, 0x96,
    0x74, 0x92, 0x0A, 0x52, 0x3B, 0xEF, 0x60, 0xB8, 0xC5, 0x7F, 0x65, 0xE7, 0x48, 0x0C, 0x9A, 0x25,
    0x84, 0x0D, 0x38, 0x05, 0x0D, 0x77, 0x97, 0xB6, 0x58, 0xC0, 0x6E, 0x0C, 0x71, 0x65, 0xE2, 0x21,
    0x01, 0x6C, 0x21, 0x32, 0xE0, 0x26, 0x1E, 0x62, 0x48, 0xEB, 0x20, 0x5F, 0xCA, 0x5B, 0xF6, 0xCD,
    0x9F, 0x66, 0x9E, 0xA0, 0x81, 0x39, 0x78, 0x8B, 0x21, 0x80, 0x68, 0xC8, 0xAC, 0xDC, 0x13, 0xEF,
    0xB3, 0x20, 0x84, 0x4A, 0x3C, 0x03, 0x8E, 0x55, 0x05, 0xFB, 0xAD, 0x0C, 0xFC, 0x6B, 0x5A, 0xA2,
    0x10, 0xC7, 0x0A, 0xAB, 0x2A, 0x78, 0x5F, 0x95, 0x2C, 0xDF, 0x78, 0x66, 0x3F, 0x36, 0xCF, 0x39,
    0x64, 0x7B, 0xD6, 0x91, 0xB7, 0x19, 0x67, 0x8B, 0x3E, 0xEA, 0x00, 0x15, 0x5B, 0xD4, 0xF5, 0x62,
    0xCE, 0xA7, 0x88, 0x7D, 0x1C, 0x03, 0xCF, 0xD5, 0xB2, 0x8F, 0x68, 0x6B, 0x3D, 0xB4, 0xD8, 0xD1,
    0xD7, 0x16, 0x79, 0xE8, 0xDB, 0x1D, 0xD6, 0xE8, 0xB1, 0xDE, 0xA8, 0xAA, 0x08, 0x04, 0x04, 0xA8,
    0x64, 0x7E, 0x89, 0xD0, 0x17, 0x63, 0x2C, 0x1D, 0x20, 0x3B, 0xE5, 0x69, 0xC3, 0x5E, 0xBA, 0xA3,
    0x3D, 0x05, 0xAA, 0xE4, 0x34, 0x79, 0x9C, 0x5A, 0xE8, 0xE5, 0x31, 0x3F, 0xEE, 0xD7, 0xFF, 0x36,
    0x9D, 0x39, 0xCF, 0x14, 0xE8, 0xAC, 0x79, 0x36, 0xC8, 0x1B, 0xA5, 0x73, 0x03, 0x4F, 0x23, 0xEF,
    0xE5, 0x21, 0xA1, 0xF4, 0xB4, 0x7E, 0xEA, 0xE9, 0x88, 0x68, 0x7E, 0x86, 0x88, 0xD7, 0xC8, 0x54,
    0xD8, 0x68, 0x02, 0xF6, 0x4C, 0x11, 0x31, 0x0E, 0x4E, 0x02, 0x5D, 0x4C, 0x41, 0x1F, 0x67, 0x10,
    0xE6, 0x3E, 0xA6, 0x57, 0xF1, 0x04, 0x9A, 0x8C, 0xB3, 0xBE, 0x75, 0xD1, 0x91, 0x99, 0x9F, 0xD3,
    0xC0, 0x16, 0xF8, 0x09, 0x47, 0x17, 0x69, 0xA9, 0xFD, 0x45, 0x0E, 0xFE, 0xB6, 0x76, 0xD5, 0x36,
    0xCE, 0xB4, 0xCA, 0x61, 0x2F, 0x65, 0xEB, 0x6D, 0xAA, 0x82, 0x3D, 0xDD, 0x1B, 0x44, 0xFD, 0x0E,
    0x67, 0xF4, 0x67, 0xD8, 0x22, 0xCC, 0x59, 0x4D, 0x12, 0xBE, 0x6B, 0x3C, 0xDF, 0x47, 0x16, 0xF5,
    0x21, 0xC6, 0xEF, 0x82, 0xAF, 0xA2, 0xCE, 0x3D, 0x92, 0xC2, 0x0E, 0xD2, 0xF1, 0xBB, 0x74, 0x7C,
    0x2E, 0x6D, 0x9C, 0x63, 0x01, 0x57, 0x1F, 0x8A, 0x9E, 0xB7, 0x41, 0x8A, 0xA1, 0x00, 0x9A, 0x8E,
    0x05, 0x8E, 0x70, 0x2C, 0xD7, 0xB2, 0x1A, 0x4B, 0x23, 0x87, 0x63, 0xB9, 0x2B, 0xE3, 0x58, 0xBE,
    0xAB, 0x87, 0xB1, 0x7C, 0xE7, 0xD3, 0x7E, 0x2C, 0xDF, 0x7E, 0x64, 0x47, 0x75, 0xF3, 0x0B, 0xDC,
    0x6E, 0x7C, 0xD9, 0x8D, 0x2A, 0x79, 0xD1, 0x8E, 0x2A, 0x76, 0xCD, 0xA8, 0x90, 0xFA, 0x4C, 0x4A,
    0x9C, 0xC6, 0xAD, 0xF6, 0x16, 0xBA, 0xC6, 0xA9, 0xAD, 0x95, 0x05, 0xF5, 0xA0, 0x11, 0xE4, 0x40,
    0x46, 0xAF, 0x55, 0xD9, 0xAC, 0x55, 0x6E, 0xD7, 0x2A, 0xE9, 0xD7, 0x2A, 0x1E, 0xD7, 0x4A, 0x66,
    0x90, 0x99, 0x15, 0x8E, 0x15, 0xE8, 0x0B, 0x4A, 0x41, 0x31, 0x08, 0xC6, 0x00, 0xC1, 0x70, 0xE2,
    0x55, 0xCA, 0xDC, 0xD2, 0x62, 0xF7, 0x4D, 0x32, 0x1A, 0x84, 0x0C, 0x58, 0xC6, 0x0C, 0x6B, 0xA9,
    0x37, 0x89, 0x7D, 0xC1, 0x5A, 0x92, 0x91, 0xBC, 0xB0, 0x96, 0x0E, 0xDE, 0x04, 0xE7, 0x1E, 0x64,
    0xC3, 0xBB, 0x99, 0x04, 0xD3, 0xBB, 0xBB, 0x13, 0x2A, 0x78, 0x22, 0x8B, 0x07, 0x63, 0xFB, 0xCF,
    0x1E, 0xBC, 0xDA, 0x7A, 0x21, 0x8F, 0x17, 0x88, 0x68, 0x82, 0x04, 0x11, 0xCB, 0x08, 0xD7, 0x13,
    0x0A, 0x45, 0x1B, 0x9E, 0x69, 0xC4, 0xF5, 0xCB, 0x37, 0x3F, 0x40, 0xD9, 0x02, 0x73, 0x61, 0xB3,
    0x9E, 0x81, 0xB4, 0x13, 0xEF, 0xED, 0x8C, 0xC1, 0x9A, 0x20, 0xDD, 0x4A, 0x88, 0xCD, 0x12, 0x2D,
    0x02, 0xCF, 0x1B, 0x02, 0x13, 0x8A, 0x10, 0x9A, 0x02, 0x24, 0x9D, 0x08, 0xEB, 0x8E, 0xCC, 0x84,
    0x2E, 0xEC, 0x43, 0x61, 0x15, 0x4C, 0x8C, 0xA6, 0x96, 0x8E, 0x51, 0xFD, 0xC4, 0x87, 0xEC, 0x10,
    0x26, 0xAF, 0xF8, 0x64, 0xC4, 0x43, 0x4E, 0x47, 0x53, 0xD0, 0x4B, 0xD2, 0x04, 0x9B, 0x4B, 0x7D,
    0xAC, 0x68, 0x18, 0xDA, 0x6E, 0x81, 0xF3, 0x2F, 0x3E, 0x1D, 0x61, 0x48, 0x09, 0x89, 0x37, 0x7E,
    0x8F, 0x0B, 0x0D, 0x3E, 0x02, 0xBE, 0x2E, 0x15, 0x81, 0x02, 0x4C, 0xBD, 0x0E, 0x25, 0x63, 0xD9,
    0x24, 0x43, 0xD1, 0xE5, 0x3D, 0xE0, 0xB1, 0x4B, 0xA8, 0xFB, 0xDD, 0xE7, 0xDC, 0x07, 0x31, 0x5A,
    0x08, 0xD5, 0xC2, 0x3C, 0x03, 0x3A, 0xC6, 0x32, 0x33, 0xC3, 0xD7, 0x04, 0xB7, 0x83, 0xB3, 0x22,
    0x3D, 0x46, 0x68, 0x66, 0x0C, 0xF0, 0xD1, 0x40, 0x26, 0x46, 0x95, 0x35, 0x23, 0x84, 0x8F, 0x15,
    0x8A, 0x6A, 0xF0, 0x81, 0x35, 0x84, 0x93, 0x69, 0x89, 0x2E, 0x46, 0x27, 0x8C, 0x61, 0x4A, 0xE3,
    0xA0, 0xB8, 0x44, 0x3A, 0xFA, 0x45, 0x32, 0xE8, 0x1A, 0x09, 0x17, 0x78, 0x91, 0x63, 0xB4, 0x79,
    0x8D, 0xCC, 0x3D, 0xEB, 0x8A, 0x5D, 0xBF, 0x58, 0x59, 0x68, 0x2C, 0x67, 0x55, 0x7E, 0x87, 0xAB,
    0xAE, 0xF2, 0x47, 0x58, 0xB7, 0xDF, 0xCF, 0x1E, 0xF5, 0x12, 0x0D, 0x07, 0xAC, 0x2C, 0xE0, 0x43,
    0xC9, 0x97, 0x58, 0xFD, 0x70, 0x48, 0xBE, 0x66, 0xA1, 0x63, 0xE1, 0x32, 0x90, 0xC0, 0x46, 0xFE,
    0x0B, 0x49, 0x11, 0x13, 0xB2, 0x56, 0x68, 0xAB, 0x4D, 0x3C, 0xE6, 0x36, 0xED, 0xD3, 0x3E, 0xB7,
    0xF1, 0x08, 0x39, 0x09, 0xEE, 0xA6, 0x0E, 0xD8, 0x90, 0x33, 0xDF, 0xEC, 0x83, 0x11, 0xC2, 0xA3,
    0x84, 0xE7, 0xC6, 0x74, 0x10, 0x1A, 0x02, 0x7F, 0x97, 0x77, 0x10, 0x85, 0x0E, 0x82, 0x90, 0x40,
    0xF2, 0x93, 0x21, 0x41, 0x25, 0x0E, 0x61, 0x3A, 0xF1, 0xF3, 0x79, 0xDF, 0x14, 0x43, 0x3B, 0xE0,
    0x94, 0x7E, 0x2E, 0x9F, 0xC4, 0xFA, 0xCC, 0xEA, 0x02, 0xB7, 0x82, 0x81, 0x2D, 0x50, 0x17, 0x32,
    0x61, 0x2A, 0x72, 0x0E, 0xD9, 0x70, 0xBA, 0x64, 0x67, 0xBE, 0x5B, 0xBE, 0xDD, 0xED, 0x58, 0x4D,
    0x04, 0xAA, 0x07, 0x5E, 0x6B, 0xB9, 0xC8, 0x15, 0x78, 0x0F, 0x96, 0x62, 0x41, 0x49, 0x28, 0x1E,
    0x78, 0x94, 0x2C, 0x26, 0x78, 0xC2, 0x2C, 0x2E, 0x98, 0x8D, 0xF8, 0x4A, 0xE2, 0xF6, 0xEB, 0x33,
    0x99, 0xD1, 0x8C, 0xCA, 0xD7, 0x55, 0xDF, 0x7D, 0xA9, 0x91, 0xDC, 0x28, 0x33, 0x50, 0x64, 0xE5,
    0x8F, 0x1B, 0x75, 0xD3, 0x1E, 0xC6, 0x3D, 0x92, 0x9F, 0xD9, 0x2D, 0x9F, 0x1A, 0x0E, 0x98, 0x59,
    0xE4, 0x1D, 0x87, 0xCC, 0xB8, 0x68, 0xB2, 0x30, 0x5D, 0x9F, 0x53, 0x20, 0x57, 0x47, 0x4E, 0x6A,
    0xAA, 0x35, 0x8E, 0x9C, 0xD5, 0xE2, 0x3A, 0x41, 0xC5, 0x98, 0x3D, 0x43, 0xE5, 0x80, 0xB2, 0x70,
    0x2A, 0x1A, 0x96, 0x73, 0x26, 0xE4, 0x83, 0x67, 0x13, 0x80, 0xC3, 0x20, 0xA3, 0x63, 0xC6, 0x67,
    0x3A, 0xA3, 0xE9, 0xEC, 0x28, 0x12, 0x37, 0x48, 0x69, 0xA3, 0x99, 0x19, 0x1E, 0x55, 0x12, 0x2D,
    0xB3, 0xDC, 0x0C, 0x15, 0x1C, 0xB4, 0x5E, 0x5D, 0xAD, 0x37, 0x8A, 0x1F, 0xFC, 0x36, 0xD5, 0xCF,
    0x01, 0x20, 0xB9, 0xEB, 0x23, 0x77, 0x6E, 0xD8, 0x88, 0xD6, 0xA6, 0x02, 0x8A, 0x54, 0x85, 0x47,
    0x23, 0x53, 0x85, 0xD2, 0x4C, 0x61, 0x1B, 0x81, 0xB8, 0x25, 0x73, 0xDD, 0x27, 0x41, 0x4D, 0xE1,
    0x3E, 0x6A, 0xE2, 0x29, 0x6F, 0x23, 0xEE, 0x1A, 0xCB, 0x0E, 0xE6, 0xFA, 0x58, 0xCB, 0x08, 0xEC,
    0x40, 0xF4, 0x86, 0xC5, 0xAD, 0x69, 0x30, 0x3F, 0x04, 0x76, 0xE5, 0x0C, 0xE6, 0xC8, 0x75, 0x60,
    0xFE, 0xC8, 0x7A, 0x6C, 0x32, 0x6C, 0x31, 0x66, 0x5A, 0xB6, 0x9A, 0x11, 0x93, 0x2D, 0x3C, 0x9E,
    0xB4, 0xCD, 0xE8, 0x8A, 0x83, 0xAC, 0x9F, 0x00, 0x86, 0x21, 0x14, 0x4A, 0x40, 0x43, 0x2F, 0x31,
    0x6B, 0x16, 0x7D, 0xF8, 0xE1, 0xEA, 0x5F, 0xB3, 0xBC, 0x2D, 0x5D, 0x9D, 0xF6, 0xC6, 0x6F, 0x75,
    0xFD, 0x63, 0xE4, 0x0B, 0x4C, 0x09, 0xEC, 0x25, 0xA7, 0xCF, 0x55, 0x31, 0x52, 0x58, 0xC3, 0x59,
    0x4E, 0xA9, 0xF8, 0x7C, 0x3A, 0x7A, 0x87, 0x12, 0xB2, 0xE3, 0xA3, 0x37, 0x2D, 0xDF, 0xBA, 0x1A,
    0xC9, 0x2B, 0xFA, 0x39, 0x5A, 0x5E, 0x1D, 0x57, 0x0A, 0xCC, 0x44, 0x2F, 0xD8, 0xCA, 0x66, 0x0B,
    0xD3, 0x00, 0xF9, 0x11, 0x18, 0x9F, 0xC8, 0xB9, 0xBB, 0x88, 0x21, 0x3D, 0xA0, 0xCB, 0xC0, 0xB5,
    0x0D, 0x16, 0x36, 0x2E, 0xBC, 0x5F, 0x61, 0x35, 0x40, 0x38, 0xF1, 0x7D, 0x1C, 0xE3, 0x6E, 0x63,
    0x18, 0x94, 0xF8, 0x14, 0xE3, 0x22, 0x57, 0x63, 0x58, 0x19, 0xC1, 0x0A, 0xBD, 0x1F, 0xA3, 0xEA,
    0x6C, 0xDD, 0x0D, 0xA4, 0x9D, 0x73, 0x82, 0xAA, 0x74, 0x8E, 0x2F, 0x72, 0x5B, 0x67, 0x83, 0xD4,
    0xEA, 0x58, 0xC5, 0x0C, 0x67, 0xDE, 0x33, 0x98, 0x8F, 0xBF, 0x8A, 0xA2, 0xBA, 0x42, 0xCA, 0x6F,
    0x11, 0xC8, 0xB0, 0xA9, 0x3B, 0xB3, 0x0F, 0xAA, 0xC4, 0xE2, 0x23, 0xE2, 0xB3, 0xB9, 0x33, 0xF9,
    0x5C, 0x94, 0x7C, 0x2C, 0x77, 0xD6, 0xA7, 0xBD, 0x85, 0xA1, 0xB1, 0x31, 0xAC, 0xF2, 0xA0, 0x4B,
    0x45, 0x70, 0xF7, 0x47, 0x55, 0xEB, 0x90, 0x19, 0x00, 0xE7, 0x77, 0x3B, 0x0F, 0x09, 0xA7, 0x68,
    0xA9, 0xA4, 0x65, 0x09, 0xA4, 0xE1, 0xED, 0x84, 0xF1, 0xAF, 0x6D, 0xB0, 0xA2, 0x7F, 0x81, 0x73,
    0xB2, 0x7E, 0xC8, 0xB3, 0x0B, 0x57, 0xA3, 0xEE, 0x78, 0xE5, 0xD1, 0xE8, 0x75, 0xD6, 0xD6, 0xA6,
    0x47, 0xCD, 0x64, 0xBA, 0xD1, 0x34, 0x1F, 0x63, 0x7A, 0x25, 0x67, 0xB4, 0x4B, 0xC0, 0x0C, 0x9F,
    0x6D, 0xD6, 0xF2, 0x7B, 0x46, 0x80, 0xE7, 0xBE, 0x78, 0xDB, 0xA5, 0xE9, 0x7F, 0x90, 0x0C, 0xB5,
    0xEB, 0xE1, 0x20, 0xD9, 0x4C, 0x70, 0x3D, 0x6E, 0x35, 0x98, 0xD9, 0xBA, 0xCD, 0xCE, 0xA5, 0xF5,
    0x5B, 0x89, 0x43, 0xE0, 0x01, 0xD3, 0x03, 0x0F, 0x13, 0x0B, 0xA9, 0xB3, 0x48, 0x43, 0x29, 0x77,
    0x7D, 0x92, 0x08, 0x9F, 0x47, 0x74, 0x19, 0x0A, 0xFF, 0xBA, 0x45, 0x05, 0x1B, 0x41, 0xB8, 0x65,
    0x10, 0x9C, 0x10, 0x01, 0x11, 0xF0, 0xFE, 0x83, 0xFA, 0xEA, 0x2B, 0x84, 0xBA, 0x17, 0x7C, 0xB9,
    0x01, 0x90, 0xAF, 0x9B, 0x90, 0x48, 0x60, 0x5B, 0x46, 0x46, 0x58, 0x85, 0x4C, 0x49, 0xAF, 0xAE,
    0xCF, 0x08, 0x4E, 0x77, 0x5D, 0xDA, 0x15, 0x9F, 0xB9, 0xAC, 0xCD, 0x3F, 0x7B, 0xFC, 0x4E, 0x93,
    0xFF, 0xEB, 0x1F, 0xF7, 0x9B, 0xEC, 0xDF, 0x9F, 0x3F, 0xAE, 0x92, 0x67, 0x1F, 0x3E, 0xD3, 0x89,
    0xBB, 0xE1, 0x90, 0x04, 0x25, 0xAC, 0x83, 0x63, 0x42, 0x54, 0xC4, 0x74, 0x29, 0x6F, 0x0B, 0x64,
    0x68, 0x19, 0xBC, 0x38, 0x21, 0x7A, 0x38, 0x96, 0xAE, 0xAC, 0x08, 0xDB, 0xF0, 0x8D, 0xE7, 0xE4,
    0x7F, 0x10, 0xC4, 0x3A, 0x9E, 0x29, 0xD3, 0xA4, 0x0E, 0xB1, 0xDA, 0x32, 0x18, 0xE2, 0x0E, 0xFC,
    0x28, 0x9A, 0xA4, 0x2F, 0x99, 0xEB, 0x23, 0x08, 0x43, 0xFB, 0x87, 0x80, 0x9F, 0xDB, 0x63, 0x08,
    0x9F, 0x25, 0x43, 0xA9, 0x0D, 0xD1, 0x2F, 0x0F, 0x2F, 0xA5, 0x2E, 0x2B, 0xBE, 0x05, 0x0A, 0xA1,
    0xB1, 0xE8, 0x58, 0xD7, 0x0E, 0xBE, 0x59, 0x32, 0x60, 0xAC, 0x16, 0x9F, 0x58, 0x2C, 0x15, 0xB2,
    0x71, 0x01, 0xD6, 0x58, 0x93, 0xCA, 0x36, 0x4D, 0x2E, 0x71, 0xCC, 0x1E, 0x8E, 0xF1, 0xEA, 0x58,
    0xF9, 0xE0, 0xC7, 0xBF, 0x9D, 0xC7, 0xD3, 0x7C, 0xA3, 0xFF, 0x04, 0xD9, 0x9E, 0x23, 0x4E, 0x34,
    0x84, 0xE1, 0x6D, 0xBD, 0x7A, 0xD5, 0xC7, 0xBF, 0x40, 0x40, 0xDA, 0x20, 0x48, 0xA9, 0xE1, 0xB7,
    0xF1, 0x71, 0x3B, 0xAE, 0xD0, 0x67, 0x62, 0x3A, 0xF1, 0xC5, 0x54, 0xD1, 0xBC, 0x74, 0x62, 0xF4,
    0x98, 0x33, 0xED, 0xF9, 0x62, 0x00, 0x33, 0xFC, 0x12, 0xC1, 0xFC, 0x0F, 0xB1, 0x07, 0x6C, 0x78,
    0x87, 0x7E, 0xF8, 0x83, 0x59, 0xFE, 0x0F, 0xBD, 0x59, 0xBF, 0x8F, 0xDD, 0xC6, 0x11, 0x1E, 0x92,
    0x89, 0x18, 0x80, 0x80, 0xF7, 0x80, 0xD8, 0x80, 0x03, 0x01, 0x47, 0x17, 0xA9, 0x02, 0x4B, 0x9B,
    0xC2, 0x45, 0x00, 0xDD, 0xDD, 0x52, 0x49, 0xE9, 0xC6, 0xFF, 0x41, 0x52, 0xA4, 0x49, 0x75, 0x8D,
    0x8B, 0x2B, 0x4E, 0xC7, 0x95, 0xAE, 0x50, 0x91, 0x42, 0xFA, 0x13, 0x52, 0xA7, 0x91, 0x0B, 0x01,
    0x51, 0x21, 0x3D, 0xAE, 0xE2, 0xC2, 0x2D, 0x93, 0x26, 0x65, 0x98, 0x48, 0x40, 0x0A, 0x17, 0x62,
    0x41, 0xC0, 0x94, 0x44, 0x72, 0xF3, 0x7D, 0xCB, 0xF7, 0xDE, 0x3D, 0x9F, 0x25, 0x4B, 0xBA, 0x3B,
    0x88, 0x6F, 0x67, 0x8E, 0xCB, 0xDD, 0x9D, 0xD9, 0xD9, 0x9D, 0x5F, 0xBB, 0xA7, 0xA5, 0xB4, 0xA5,
    0xD5, 0xC2, 0xC7, 0x9C, 0xFE, 0x15, 0xE5, 0xFC, 0xB3, 0x6C, 0x55, 0xAB, 0x52, 0x36, 0x89, 0xEF,
    0x94, 0x6F, 0xF5, 0xBF, 0xFF, 0x60, 0xEE, 0x88, 0x51, 0xAB, 0x72, 0x47, 0xF4, 0xB3, 0x2F, 0x95,
    0xEF, 0xD0, 0x2A, 0xA5, 0x3B, 0xE9, 0xAF, 0x9F, 0x4A, 0xE4, 0x07, 0x49, 0x7C, 0x2F, 0x59, 0x8B,
    0x2F, 0xCD, 0x09, 0x18, 0x5F, 0xAF, 0x21, 0x45, 0xDB, 0x0A, 0x32, 0xB6, 0xD7, 0x6C, 0xF7, 0x6B,
    0xD8, 0x12, 0xD9, 0xDA, 0x11, 0xE9, 0xCC, 0xFE, 0x93, 0x56, 0x79, 0xEF, 0x92, 0x46, 0x4B, 0x66,
    0x33, 0xAB, 0x8A, 0xC4, 0x29, 0x01, 0xE0, 0x2F, 0xEB, 0xF8, 0x5E, 0xB0, 0xDD, 0xE8, 0x27, 0x2D,
    0xFB, 0x63, 0xEA, 0x5B, 0x55, 0x91, 0xF4, 0xC6, 0x65, 0xAD, 0xAA, 0x55, 0x9D, 0xB5, 0xDA, 0x25,
    0x9D, 0x29, 0xA2, 0x61, 0x21, 0x32, 0x0D, 0x92, 0x7B, 0x5F, 0x13, 0x30, 0xA6, 0x26, 0xD3, 0xD3,
    0xF5, 0x35, 0xE4, 0xB5, 0x0C, 0xEB, 0x87, 0x2B, 0x72, 0x52, 0xBB, 0xE4, 0xEF, 0xE6, 0xBE, 0x35,
    0xBE, 0xAD, 0xE4, 0x8B, 0x0A, 0x2B, 0x64, 0x45, 0x77, 0xA2, 0x26, 0xCA, 0x55, 0xFE, 0xBE, 0x5D,
    0x24, 0x7D, 0x15, 0xF7, 0xE6, 0x9B, 0x1E, 0x7D, 0x52, 0x10, 0xF5, 0x4E, 0x74, 0x2B, 0x59, 0x27,
    0x49, 0x2F, 0x71, 0x7F, 0x80, 0x56, 0x0C, 0xF4, 0x75, 0x36, 0xC9, 0x8D, 0xB4, 0xF6, 0xAA, 0x45,
    0x39, 0x4A, 0x6B, 0xC9, 0xA6, 0x42, 0xA4, 0xC2, 0x62, 0xC6, 0xCF, 0xA3, 0x51, 0xB2, 0x5A, 0x74,
    0x91, 0xC7, 0x53, 0xE6, 0xAE, 0x2A, 0x7F, 0x5C, 0xEF, 0x98, 0xF8, 0x7A, 0x7B, 0x08, 0xF9, 0xDA,
    0x83, 0x03, 0xA2, 0x07, 0xAB, 0xB7, 0xC3, 0x43, 0x20, 0xB4, 0xDE, 0x6C, 0xF7, 0x72, 0xF4, 0xC3,
    0x88, 0xD4, 0x61, 0x6C, 0x5E, 0x24, 0xA4, 0x12, 0xE8, 0x05, 0xCA, 0xB1, 0xB7, 0xCA, 0xBB, 0xAB,
    0xA9, 0xDB, 0x55, 0x6E, 0x27, 0x77, 0xBB, 0xD7, 0x9C, 0x79, 0xE2, 0xD4, 0xB1, 0x93, 0xB0, 0x2B,
    0xDC, 0x90, 0xDC, 0x0D, 0x62, 0x92, 0x4E, 0xC6, 0xAC, 0x89, 0xFB, 0xDC, 0xA5, 0x6D, 0x89, 0x25,
    0x80, 0x4C, 0x5F, 0x63, 0xCD, 0x6A, 0x4C, 0x08, 0xF5, 0xB8, 0xD7, 0x8E, 0xED, 0xA1, 0x1F, 0xFA,
    0x57, 0xD8, 0x27, 0xBF, 0x04, 0x2C, 0xD8, 0x06, 0xFC, 0x14, 0x54, 0xDB, 0xB9, 0x48, 0xBA, 0x21,
    0xD8, 0x24, 0x61, 0x72, 0x6A, 0x7F, 0x4C, 0xDD, 0x55, 0xED, 0x7F, 0xDB, 0xEC, 0x6C, 0x67, 0x37,
    0xDB, 0xC3, 0xED, 0xD4, 0xB5, 0x07, 0xDB, 0x99, 0x6D, 0x0F, 0x72, 0x2F, 0xDD, 0x41, 0x3E, 0x40,
    0xB0, 0xED, 0x5D, 0x08, 0xB6, 0x9D, 0x47, 0xED, 0xDE, 0x76, 0x76, 0xAB, 0xC9, 0xAF, 0x26, 0xFF,
    0x5A, 0x0B, 0xB6, 0xD8, 0x10, 0xCC, 0xFB, 0x76, 0x2E, 0x69, 0xA7, 0xC7, 0x9D, 0xFC, 0x37, 0x6A,
    0x27, 0xD7, 0x63, 0xDA, 0xC9, 0x9E, 0xAC, 0x0B, 0xD4, 0x29, 0x94, 0x69, 0xF3, 0x63, 0x10, 0x7C,
    0xF9, 0x3D, 0x1B, 0xF1, 0x5E, 0xFC, 0x52, 0x39, 0xC9, 0x50, 0x2C, 0x25, 0xB8, 0x21, 0x51, 0xC7,
    0xDA, 0xBC, 0x38, 0xE9, 0x04, 0x3D, 0x71, 0x3F, 0x49, 0xD9, 0x1A, 0x8F, 0x58, 0xCC, 0x42, 0xB0,
    0x63, 0x49, 0xF3, 0x59, 0x8A, 0x56, 0x8B, 0xE1, 0xC9, 0x98, 0x75, 0xAA, 0x36, 0xC5, 0x23, 0x29,
    0x69, 0x47, 0x4B, 0x30, 0xAF, 0x82, 0xA2, 0x2A, 0xCC, 0x63, 0x5F, 0x80, 0xB3, 0x35, 0x7E, 0xDF,
    0x99, 0x51, 0x39, 0x13, 0xAC, 0x71, 0x03, 0x8A, 0x19, 0x62, 0xE8, 0x75, 0xCE, 0x7E, 0xE3, 0x15,
    0x29, 0x37, 0x80, 0x75, 0x05, 0x88, 0x1F, 0x5D, 0x11, 0xB9, 0xF2, 0x66, 0xD0, 0x4B, 0xAB, 0xFF,
    0x4C, 0x0E, 0xA4, 0x84, 0xDD, 0x24, 0xCE, 0xDB, 0x05, 0x94, 0xBC, 0xAA, 0xFF, 0x56, 0x27, 0x1B,
    0xBF, 0xCA, 0x57, 0x1E, 0xE2, 0xE5, 0xBE, 0xD8, 0xCB, 0xDC, 0x4E, 0xCA, 0x82, 0x17, 0x54, 0xD3,
    0x7E, 0x5E, 0x2F, 0xC7, 0x92, 0xB4, 0x41, 0x57, 0xB2, 0xA6, 0x14, 0x18, 0x96, 0x8D, 0x46, 0x58,
    0x4B, 0x85, 0x15, 0x37, 0xC7, 0x03, 0xFF, 0xB2, 0xCE, 0xEF, 0x6C, 0x9F, 0x75, 0xAA, 0xE5, 0x42,
    0xCA, 0x7D, 0x31, 0x4E, 0xA2, 0x46, 0xAE, 0x39, 0x58, 0x2F, 0x4B, 0x56, 0x10, 0x63, 0xAD, 0x81,
    0x77, 0x02, 0x7E, 0x10, 0x70, 0x4B, 0x9C, 0xB8, 0x43, 0x31, 0x43, 0x6A, 0x07, 0x08, 0xAC, 0x12,
    0xDA, 0xDF, 0x6E, 0x06, 0x55, 0x97, 0x83, 0x0F, 0xD0, 0x15, 0x8A, 0x01, 0x1C, 0xD7, 0xF7, 0x81,
    0x53, 0xE7, 0xB1, 0x1B, 0x4A, 0x88, 0x21, 0xED, 0xCE, 0xAA, 0x80, 0xCA, 0xA7, 0x22, 0x5F, 0x70,
    0xDE, 0x59, 0xE0, 0x6B, 0x02, 0xD3, 0x6B, 0x81, 0xEF, 0xCF, 0x9D, 0x6C, 0x6F, 0xF0, 0xBD, 0x4F,
    0x1C, 0x2D, 0xF9, 0x12, 0x67, 0xB7, 0x3B, 0xBA, 0x18, 0x3D, 0x81, 0xFB, 0xCE, 0x8E, 0xC6, 0x4C,
    0x1E, 0x6C, 0x29, 0xF2, 0x0D, 0xD3, 0xAD, 0xE5, 0x2A, 0xF8, 0x5A, 0x39, 0x0C, 0xFE, 0x0E, 0x7A,
    0x78, 0x85, 0xDF, 0xB0, 0xB6, 0x79, 0xC1, 0x2E, 0x50, 0xA5, 0x98, 0x3E, 0xAE, 0x88, 0x8A, 0xC0,
    0xBD, 0x67, 0x1F, 0xE3, 0x39, 0x87, 0x2D, 0x7A, 0x2E, 0xB8, 0xC8, 0x20, 0x7B, 0x1F, 0xE6, 0x30,
    0x70, 0x0E, 0xF8, 0x72, 0x9F, 0x3E, 0xF7, 0x7A, 0x4B, 0xFC, 0x3B, 0xC8, 0xFE, 0x65, 0x9E, 0xAD,
    0x65, 0xBF, 0xFC, 0x74, 0x37, 0x7B, 0x48, 0xD9, 0xD5, 0x69, 0xD9, 0xED, 0x69, 0xD9, 0x0F, 0x4F,
    0xCB, 0x8E, 0x35, 0x8D, 0x27, 0x16, 0x09, 0x5B, 0x18, 0xFC, 0x18, 0x4B, 0x34, 0xC0, 0x9A, 0xB1,
    0x7F, 0xF4, 0xBF, 0xD8, 0x3F, 0x2C, 0x0E, 0x14, 0xAE, 0x2C, 0xFE, 0x02, 0x83, 0x85, 0xDB, 0x8A,
    0x61, 0x58, 0x15, 0x67, 0xAF, 0xE9, 0x20, 0xE8, 0xC6, 0xD9, 0x1B, 0xCF, 0x28, 0x9B, 0x4F, 0xCA,
    0x7D, 0x81, 0xDF, 0x03, 0x0A, 0x0E, 0xA0, 0xA2, 0x92, 0xEC, 0x23, 0x7C, 0x98, 0x1C, 0xE3, 0x4A,
    0xD8, 0x53, 0xF0, 0x16, 0x32, 0x80, 0x49, 0x34, 0x40, 0x0F, 0xE2, 0x9E, 0x4C, 0x3D, 0xC2, 0x43,
    0x4A, 0x94, 0xBD, 0xF8, 0xEB, 0x44, 0xEE, 0x54, 0x14, 0x06, 0x20, 0x8B, 0x82, 0x69, 0x90, 0xA9,
    0xC6, 0x30, 0x09, 0x91, 0x68, 0x5A, 0x31, 0x4F, 0x9B, 0xF7, 0xC4, 0x7C, 0xA6, 0x4C, 0xA2, 0xFA,
    0x9E, 0x25, 0x29, 0x6C, 0x2E, 0x09, 0xBC, 0x17, 0xE6, 0xDB, 0xC5, 0x57, 0x20, 0xF0, 0x02, 0xDC,
    0xBC, 0x07, 0x81, 0x76, 0xDF, 0xBE, 0x1F, 0xBE, 0x88, 0x45, 0x60, 0xA9, 0xDA, 0x25, 0x0A, 0xD5,
    0xF7, 0xC1, 0x37, 0x6C, 0x6D, 0x46, 0xBD, 0x52, 0x6A, 0x85, 0x42, 0x35, 0xEE, 0xDF, 0x83, 0x9A,
    0x95, 0xF0, 0xAE, 0x0C, 0x26, 0xC4, 0x9E, 0x66, 0x14, 0xBF, 0xE4, 0x3E, 0x27, 0xDF, 0x11, 0x67,
    0xFF, 0x0B, 0xE6, 0xF8, 0x0D, 0xB1, 0xBE, 0x8D, 0xF0, 0x21, 0x26, 0x25, 0x5E, 0x04, 0x4C, 0x6E,
    0xF4, 0xD0, 0x74, 0x1B, 0x01, 0x67, 0x01, 0xAB, 0x9A, 0xDF, 0xB5, 0x4B, 0x99, 0x93, 0x14, 0xC4,
    0x15, 0x67, 0xE1, 0xE4, 0xF2, 0x54, 0x44, 0x0C, 0x53, 0x80, 0xBC, 0x8B, 0x1A, 0x58, 0xDC, 0x56,
    0xC9, 0xC0, 0xB8, 0x54, 0xF1, 0x4D, 0xE0, 0x37, 0xB6, 0xA1, 0xCF, 0x27, 0xBA, 0x8B, 0x98, 0xFF,
    0x74, 0x31, 0xD5, 0x41, 0x3F, 0x0F, 0xFE, 0x8A, 0xBE, 0x03, 0x0E, 0x71, 0x86, 0x6C, 0x08, 0xA6,
    0xC1, 0x4D, 0xE3, 0x67, 0x46, 0x7D, 0x48, 0x2A, 0x94, 0x75, 0xF5, 0x6C, 0xE6, 0x55, 0x86, 0xEB,
    0xB6, 0x09, 0x58, 0xA0, 0x35, 0x9C, 0x6E, 0x0B, 0xED, 0x21, 0x56, 0x05, 0xA0, 0xB7, 0x0A, 0x8C,
    0x48, 0xDB, 0xCC, 0xAE, 0xE4, 0xC2, 0x79, 0x54, 0x16, 0xF9, 0x63, 0x1D, 0xB6, 0x40, 0xFD, 0x63,
    0x40, 0x16, 0xF4, 0xE8, 0xC2, 0x79, 0x28, 0xDB, 0x8B, 0xFE, 0xE7, 0x18, 0x80, 0xEF, 0x17, 0x4D,
    0x1F, 0xE9, 0x70, 0xDE, 0x08, 0x42, 0x22, 0xBC, 0xAC, 0x1C, 0x2D, 0x89, 0x97, 0xBE, 0x0D, 0xA5,
    0x89, 0x82, 0xF7, 0xFD, 0xF1, 0x82, 0x6E, 0x73, 0x7F, 0x2E, 0x37, 0xD4, 0xA0, 0xE2, 0xC7, 0xB5,
    0x0B, 0x3A, 0x23, 0x29, 0x6F, 0x63, 0xEF, 0xD2, 0xEF, 0x5A, 0xF5, 0xB8, 0x5F, 0xAF, 0x6A, 0xEE,
    0x87, 0x50, 0x7A, 0xEA, 0xCC, 0x9B, 0x0A, 0xBA, 0xCD, 0xFD, 0xF7, 0x92, 0xA6, 0xFA, 0xBC, 0x43,
    0xC1, 0xCB, 0x79, 0xA6, 0xA4, 0xFC, 0x73, 0x1A, 0x35, 0x34, 0x1B, 0xA8, 0xC7, 0x19, 0x01, 0x89,
    0x16, 0x0E, 0x0A, 0x9E, 0xA8, 0x2C, 0x80, 0x8C, 0xAD, 0x3C, 0x4C, 0x05, 0x36, 0xA3, 0x67, 0xC4,
    0x6F, 0x01, 0xD9, 0x55, 0x17, 0x76, 0x4E, 0x47, 0x12, 0xE8, 0x64, 0x4E, 0xE2, 0x49, 0x54, 0x7E,
    0x15, 0x21, 0xF3, 0x7E, 0x59, 0xC3, 0xE4, 0x5C, 0xDC, 0x54, 0x27, 0x5B, 0x6C, 0x65, 0x81, 0xF5,
    0x5C, 0x98, 0x16, 0xD0, 0x01, 0x06, 0x80, 0x07, 0x94, 0xC5, 0xC2, 0x68, 0xB7, 0x30, 0xAA, 0x5D,
    0x20, 0xBB, 0x5D, 0x98, 0x78, 0x58, 0x18, 0x99, 0x00, 0xE5, 0x64, 0x44, 0x03, 0x14, 0x20, 0x05,
    0xC4, 0x00, 0x99, 0xE2, 0x95, 0x9D, 0xD2, 0x8B, 0xD0, 0xF9, 0xC4, 0xDD, 0x89, 0x2D, 0xE4, 0x3D,
    0x54, 0xD8, 0x5B, 0x98, 0x7A, 0x93, 0xB7, 0xAA, 0x33, 0x2E, 0x19, 0x4A, 0x18, 0x26, 0xBA, 0x4F,
    0x18, 0x56, 0x6D, 0x02, 0xBF, 0xC1, 0xD4, 0x47, 0xF6, 0x61, 0x5F, 0x38, 0x91, 0x26, 0xA6, 0x19,
    0xE8, 0x7E, 0x19, 0x00, 0xA7, 0xD9, 0xAE, 0xC9, 0x23, 0xB7, 0x17, 0xCF, 0x83, 0xE6, 0x8C, 0x45,
    0x90, 0xC5, 0x02, 0x3B, 0x63, 0x8A, 0xA4, 0x55, 0xEE, 0xC2, 0x79, 0xFC, 0x29, 0x76, 0xE2, 0xBF,
    0x75, 0xA8, 0xDB, 0xE4, 0xF1, 0xE2, 0xC2, 0x65, 0x88, 0x3A, 0x9C, 0x0A, 0x06, 0xB6, 0x18, 0xC7,
    0xF7, 0x8B, 0xA6, 0xFF, 0x33, 0xB1, 0x7B, 0x49, 0x6B, 0xEE, 0x34, 0x0A, 0xF3, 0x9F, 0x04, 0x05,
    0x2F, 0xA8, 0x1E, 0x25, 0xED, 0xC7, 0xC2, 0x2D, 0xF9, 0xA3, 0xF0, 0xB4, 0x90, 0xBF, 0x6C, 0xA9,
    0x6D, 0x33, 0x37, 0x03, 0x6E, 0x06, 0xDC, 0xC6, 0xB1, 0x8A, 0xBA, 0x69, 0x4A, 0xDA, 0x6A, 0x4A,
    0xEB, 0x6A, 0x52, 0xAE, 0x9A, 0x74, 0x51, 0x55, 0x7B, 0xE0, 0x36, 0x80, 0x5B, 0x0F, 0x6E, 0x9D,
    0xEA, 0x68, 0x02, 0x80, 0x22, 0xBF, 0xD7, 0xCB, 0x47, 0x8C, 0x7D, 0xE3, 0x29, 0xED, 0x4A, 0xBA,
    0x0D, 0x0D, 0x8E, 0x87, 0x77, 0x83, 0x64, 0xC0, 0x11, 0xB8, 0xCF, 0x9B, 0x99, 0x4F, 0xC2, 0x60,
    0xB7, 0x4F, 0x13, 0xA1, 0xA7, 0x7D, 0xB5, 0x76, 0x5D, 0x18, 0x8F, 0xFC, 0xF5, 0xDA, 0x75, 0x51,
    0x3C, 0x5E, 0xB7, 0xFB, 0x17, 0xB7, 0x4E, 0x25, 0xE7, 0xCC, 0xCC, 0x23, 0x66, 0xBC, 0x4B, 0x43,
    0x52, 0xE0, 0x36, 0xB3, 0x23, 0x98, 0xE9, 0x84, 0xAD, 0x42, 0xB3, 0x6A, 0x99, 0x52, 0x77, 0x30,
    0xAA, 0x78, 0x60, 0x90, 0x1C, 0x19, 0x1A, 0x4A, 0x86, 0x63, 0x33, 0xCE, 0x0A, 0x39, 0x5B, 0xDC,
    0x9C, 0x53, 0xBF, 0x19, 0x9D, 0x44, 0x97, 0xBB, 0xC2, 0x03, 0x6C, 0x38, 0x35, 0xDA, 0xD2, 0xC1,
    0xFD, 0xD5, 0x74, 0x81, 0x4B, 0xC0, 0x3B, 0xD4, 0x2D, 0x44, 0x1F, 0xF6, 0x69, 0x7E, 0x10, 0x9D,
    0x70, 0x86, 0xA0, 0x29, 0x30, 0x1F, 0xA9, 0x55, 0x97, 0xF3, 0x4E, 0x04, 0x90, 0xB6, 0xC6, 0xE6,
    0x18, 0x5F, 0x59, 0x73, 0x0B, 0x47, 0xE0, 0x63, 0x9E, 0xE1, 0x7A, 0x09, 0xEF, 0x16, 0xD9, 0x8B,
    0x85, 0x12, 0xDB, 0x14, 0x0B, 0x13, 0xC4, 0x58, 0x98, 0x5B, 0xF8, 0x7B, 0xEC, 0x07, 0x73, 0xDB,
    0x77, 0xE6, 0x66, 0x65, 0xB3, 0x6E, 0xB9, 0x22, 0x41, 0x51, 0xED, 0x7C, 0x6B, 0xB2, 0x7A, 0xF6,
    0x27, 0x66, 0x45, 0x16, 0x0B, 0x69, 0x35, 0x29, 0x15, 0xE0, 0x82, 0x75, 0x5A, 0x20, 0x08, 0x4D,
    0x11, 0x4E, 0x9F, 0x89, 0xB7, 0x55, 0xF6, 0xCC, 0x96, 0x5E, 0xE3, 0x74, 0x9B, 0xBB, 0xAC, 0xC1,
    0x8A, 0xD2, 0xA7, 0xF2, 0xA4, 0xC9, 0xAB, 0x22, 0xD2, 0x3B, 0x92, 0xF3, 0xD1, 0xE3, 0xBE, 0x21,
    0xEC, 0xC5, 0x2F, 0x7A, 0x6C, 0x1A, 0x22, 0x44, 0x38, 0x67, 0x9F, 0x9D, 0x5E, 0xF4, 0x34, 0x43,
    0x26, 0x77, 0x0F, 0xC6, 0x0F, 0x07, 0x70, 0xA9, 0x3F, 0x17, 0xAD, 0xB4, 0xBE, 0x01, 0x3D, 0xF0,
    0x01, 0xF8, 0x7E, 0x2E, 0x39, 0xB9, 0x56, 0x15, 0xD6, 0xBE, 0x6D, 0x67, 0xE0, 0xBB, 0xB6, 0x67,
    0xA6, 0x77, 0x09, 0x9F, 0x6C, 0xEE, 0x5F, 0xF2, 0x24, 0x88, 0xF4, 0xF9, 0x43, 0xEC, 0xEF, 0x10,
    0x21, 0x45, 0x1E, 0x59, 0x1D, 0x0D, 0x51, 0x55, 0xC0, 0x8B, 0x2F, 0x68, 0x13, 0x55, 0xEC, 0xED,
    0x2F, 0x4A, 0x7E, 0xD3, 0xFE, 0x73, 0x3F, 0x66, 0x7D, 0x54, 0x35, 0x51, 0x75, 0x37, 0x43, 0xAC,
    0xF6, 0xD0, 0xAE, 0x4F, 0xAA, 0x10, 0xC0, 0xE6, 0x12, 0xAE, 0xCA, 0x7E, 0x6D, 0x18, 0xF6, 0x3B,
    0xF0, 0xC6, 0x81, 0x99, 0x59, 0xEE, 0x7C, 0x19, 0x80, 0xEA, 0x82, 0x87, 0x3E, 0x28, 0x15, 0x75,
    0x0A, 0xE4, 0xF5, 0xD2, 0x92, 0x23, 0xCE, 0x1E, 0xD4, 0xFA, 0xF2, 0xFA, 0x80, 0x99, 0x60, 0x46,
    0x60, 0x36, 0x86, 0x2E, 0x65, 0xF1, 0xB1, 0xF1, 0xA3, 0xF2, 0x63, 0x04, 0x95, 0x4F, 0x99, 0x3F,
    0x50, 0xD9, 0x43, 0xAE, 0xF4, 0x6E, 0x63, 0x7D, 0x91, 0x78, 0x97, 0x7D, 0xDB, 0xA8, 0xBF, 0x77,
    0x66, 0x95, 0xD4, 0xBE, 0xE5, 0xD8, 0xFC, 0x7A, 0x67, 0xBE, 0x1E, 0x50, 0xF0, 0xF2, 0x4E, 0x03,
    0x75, 0x4D, 0x0B, 0xA7, 0xB0, 0xD3, 0x9C, 0x4C, 0x87, 0x67, 0x7A, 0x8B, 0xE2, 0x69, 0x29, 0xB3,
    0xB8, 0xD8, 0xE6, 0xA3, 0x8D, 0xD4, 0xE6, 0xCD, 0xC5, 0x61, 0x7A, 0x42, 0x61, 0x9F, 0x35, 0xF9,
    0x71, 0xBB, 0x16, 0xF6, 0x2D, 0xF9, 0xFE, 0x50, 0xD8, 0xB7, 0x1C, 0x28, 0x77, 0x69, 0xDA, 0xD8,
    0x70, 0x64, 0xCF, 0x52, 0x36, 0x73, 0x86, 0x0F, 0xDB, 0x8C, 0x8E, 0xBB, 0x70, 0x8C, 0x88, 0xC6,
    0x21, 0xD8, 0x95, 0x46, 0xE6, 0x5D, 0xDE, 0xF4, 0xD8, 0xC3, 0x0A, 0x03, 0xCB, 0x35, 0x54, 0x58,
    0xBD, 0xF2, 0x26, 0xAF, 0xE9, 0x20, 0x36, 0xC7, 0xF1, 0xA8, 0xF6, 0xF4, 0x03, 0x9C, 0xB9, 0x16,
    0xA8, 0x0F, 0x92, 0xA7, 0x27, 0x01, 0x72, 0x91, 0xF5, 0x52, 0x99, 0x89, 0x67, 0x3B, 0xB0, 0x2A,
    0x83, 0xB7, 0xA4, 0xDE, 0xF3, 0xE4, 0xF7, 0x3A, 0xE0, 0x75, 0xC3, 0xDA, 0x9F, 0x31, 0x43, 0xD1,
    0x27, 0x59, 0x44, 0x84, 0x38, 0x49, 0x9E, 0x1A, 0x7C, 0xCA, 0x9B, 0xD3, 0x2B, 0xE6, 0x56, 0x2D,
    0xE7, 0x36, 0xAC, 0xE7, 0xB6, 0xF6, 0x63, 0x74, 0xBE, 0xD0, 0xFB, 0x68, 0xE3, 0xA4, 0x74, 0x26,
    0x7A, 0x3C, 0x7C, 0xE1, 0x10, 0x09, 0x1D, 0x15, 0x28, 0xA9, 0x98, 0x8D, 0xA3, 0xD7, 0x59, 0xE8,
    0x5D, 0xBA, 0xFB, 0x29, 0x12, 0xDA, 0x87, 0x18, 0xD3, 0xCB, 0xEE, 0xE5, 0xE6, 0x5C, 0xB4, 0xA8,
    0x0B, 0xBC, 0x25, 0x0E, 0x37, 0xC5, 0xD7, 0xBB, 0xF3, 0xC9, 0xB9, 0x27, 0xBC, 0x78, 0x42, 0x59,
    0xDE, 0xD0, 0x4E, 0xF3, 0x25, 0xED, 0x92, 0xE4, 0xF7, 0x5A, 0x1F, 0x82, 0x03, 0x53, 0xFE, 0x6E,
    0xE6, 0xF0, 0x67, 0x70, 0x50, 0x5E, 0x26, 0x83, 0xA4, 0xEB, 0x06, 0x38, 0xF4, 0xE0, 0xD0, 0x82,
    0xC3, 0x7F, 0x4E, 0x38, 0x68, 0x70, 0xF8, 0x68, 0x19, 0x81, 0xC3, 0x11, 0x7A, 0x5C, 0x5E, 0xB8,
    0x6E, 0x9C, 0x95, 0xDF, 0xEA, 0xFE, 0xF6, 0xD6, 0x7C, 0x7F, 0x9B, 0x7B, 0xC4, 0xD0, 0x1E, 0x83,
    0x79, 0x2E, 0xCE, 0x56, 0xE7, 0xE2, 0xE2, 0x7B, 0xD7, 0x64, 0x67, 0xA2, 0x77, 0xFA, 0x0C, 0x6C,
    0x8F, 0xCE, 0x45, 0x2F, 0x73, 0x0F, 0x44, 0xFF, 0x77, 0x0A, 0xC0, 0xF7, 0x73, 0xCD, 0xED, 0x47,
    0xD2, 0x46, 0xCD, 0xFF, 0xB9, 0x34, 0xAA, 0xE1, 0x7F, 0x5E, 0x92, 0x36, 0x77, 0x49, 0xA7, 0x2D,
    0xD2, 0x3E, 0x18, 0x38, 0x32, 0xA0, 0x47, 0x30, 0xAB, 0xA3, 0x61, 0x4E, 0x07, 0x75, 0x37, 0xA7,
    0x86, 0xAA, 0x5D, 0xFE, 0xBF, 0xC5, 0xC9, 0x87, 0xB0, 0x14, 0xED, 0xE7, 0x3C, 0x09, 0x87, 0xE7,
    0x70, 0x85, 0xF1, 0x5A, 0x80, 0xA9, 0x96, 0xE5, 0xB8, 0xB2, 0xF0, 0xA2, 0x64, 0x4E, 0x04, 0xEE,
    0x4B, 0xC0, 0x3B, 0xEA, 0x8C, 0x73, 0x9E, 0x5E, 0x00, 0xBA, 0xA1, 0xEB, 0x57, 0xD3, 0x29, 0xE4,
    0xB5, 0xE9, 0xE3, 0x45, 0xCA, 0xF2, 0x7F, 0xBD, 0x5A, 0xBF, 0x8F, 0xDC, 0xC6, 0x15, 0x7E, 0x24,
    0x05, 0x11, 0x30, 0x81, 0x50, 0x85, 0x8B, 0x20, 0x82, 0x45, 0x97, 0x01, 0xE2, 0x84, 0x09, 0x90,
    0x22, 0x85, 0x74, 0x43, 0x25, 0x85, 0xCB, 0xE4, 0x4F, 0x48, 0x91, 0xFE, 0x1A, 0x17, 0x0E, 0x60,
    0x1F, 0x29, 0xA9, 0x70, 0xE1, 0x42, 0xFA, 0x0F, 0xE2, 0xC2, 0x85, 0xE1, 0x26, 0x4D, 0x0A, 0x07,
    0x38, 0x2D, 0xC7, 0x72, 0x99, 0x22, 0x74, 0x5C, 0xB8, 0x48, 0x21, 0x06, 0x39, 0xA4, 0x51, 0x21,
    0x22, 0x20, 0x20, 0xCA, 0x21, 0x39, 0xF9, 0xBE, 0x19, 0x72, 0x77, 0x4F, 0x3E, 0x9D, 0x6E, 0xF7,
    0x68, 0xEF, 0xF1, 0xCD, 0x71, 0xF9, 0x63, 0xF8, 0xCD, 0xE3, 0x9B, 0xF7, 0xBE, 0xF7, 0x66, 0xC5,
    0x98, 0x46, 0x64, 0xD3, 0x6C, 0x3E, 0x61, 0x8F, 0x26, 0x1E, 0xD9, 0x18, 0x34, 0x49, 0x89, 0x46,
    0x1D, 0x16, 0x68, 0x12, 0x2D, 0x92, 0xC7, 0x68, 0x86, 0xA8, 0x16, 0xE9, 0xC3, 0x46, 0xBC, 0x3E,
    0x68, 0xC4, 0xEF, 0xFC, 0x4E, 0x02, 0x63, 0x7A, 0x09, 0xD9, 0x44, 0xDF, 0x7C, 0x3A, 0x4A, 0x5C,
    0x49, 0x2E, 0xB8, 0x5E, 0x89, 0x2A, 0xB0, 0xA9, 0x4C, 0x52, 0x1D, 0x1B, 0x23, 0xB3, 0xAC, 0x3F,
    0x87, 0x23, 0x6F, 0x2D, 0x70, 0xAC, 0x48, 0x35, 0x2F, 0x54, 0x45, 0x29, 0x79, 0xB1, 0x12, 0x53,
    0x8C, 0x9E, 0x29, 0x56, 0x81, 0x29, 0xCA, 0xE8, 0x69, 0x91, 0x9B, 0xB4, 0x50, 0x43, 0xA2, 0xA3,
    0x1A, 0xCF, 0x6F, 0x7D, 0x00, 0x3E, 0x0E, 0x81, 0x21, 0x37, 0x40, 0x93, 0x9A, 0x0C, 0xA8, 0xBB,
    0xEF, 0x1E, 0x7F, 0x96, 0x4A, 0xA4, 0x8F, 0x70, 0x55, 0x2F, 0xBE, 0x69, 0xD1, 0x57, 0xB1, 0xFF,
    0x18, 0xBE, 0x33, 0x94, 0xE8, 0xE7, 0x06, 0x41, 0xDD, 0x64, 0x73, 0xEB, 0x0A, 0xBB, 0xA5, 0x6A,
    0xD0, 0xD7, 0x3E, 0x30, 0xE5, 0xA7, 0xB8, 0xF7, 0x3D, 0xCA, 0x35, 0x74, 0x84, 0x31, 0xC7, 0xB5,
    0x1B, 0x37, 0x90, 0x07, 0xE8, 0x37, 0xC2, 0x9B, 0xE0, 0x65, 0xF3, 0xE7, 0xFA, 0x98, 0x79, 0xB0,
    0x27, 0x40, 0x6C, 0x92, 0xD6, 0xAB, 0x95, 0x96, 0x6B, 0x39, 0xDE, 0x0E, 0x47, 0x37, 0xBE, 0x20,
    0x3C, 0xC6, 0x73, 0xB8, 0xE6, 0xCD, 0xB4, 0xF5, 0x1A, 0xE0, 0x6A, 0x7D, 0x63, 0x6A, 0x49, 0x9F,
    0xDB, 0xD7, 0x89, 0x27, 0x61, 0x54, 0x2B, 0xF1, 0xE6, 0x37, 0xEB, 0x95, 0x0F, 0x22, 0xD3, 0xA4,
    0xA6, 0x51, 0xC5, 0x9B, 0xA5, 0xED, 0xC3, 0x6D, 0x25, 0x11, 0xFD, 0x5C, 0x19, 0xF4, 0xD0, 0x62,
    0x1C, 0x12, 0x03, 0xA6, 0x82, 0x7A, 0xCB, 0x15, 0xD4, 0x97, 0x66, 0x41, 0xB3, 0x05, 0x70, 0x29,
    0x7C, 0x06, 0xAA, 0xD4, 0xD1, 0x93, 0x3A, 0xF9, 0xA2, 0x55, 0xD2, 0xEF, 0x86, 0x2F, 0x80, 0x0A,
    0x89, 0x91, 0xC2, 0xFD, 0xA5, 0xB1, 0x1D, 0x10, 0x1E, 0xB7, 0xA3, 0xDD, 0x14, 0x67, 0x15, 0x05,
    0x85, 0x49, 0x8E, 0x13, 0x69, 0xEF, 0x00, 0x2E, 0x0C, 0x0E, 0xCA, 0x8A, 0x1F, 0xB5, 0xE1, 0xFF,
    0x6A, 0xA8, 0x4F, 0x38, 0x6F, 0x77, 0xC0, 0xE7, 0xB7, 0x98, 0xF2, 0x03, 0xCD, 0x3D, 0xC7, 0x84,
    0x19, 0x60, 0x7C, 0xEB, 0x39, 0x2F, 0xCA, 0x9C, 0x40, 0x4C, 0x06, 0xA9, 0x55, 0x91, 0xB4, 0xAA,
    0x08, 0x7A, 0x55, 0x78, 0x10, 0x19, 0x20, 0xE3, 0x0B, 0x82, 0x63, 0x3E, 0xCE, 0x85, 0x9D, 0x2A,
    0xD2, 0x06, 0xF7, 0x54, 0x10, 0xDC, 0xCF, 0x97, 0xA1, 0xEE, 0xA1, 0x55, 0x1F, 0x54, 0x6C, 0x60,
    0x37, 0xEA, 0x43, 0xCE, 0xC9, 0xFB, 0x1C, 0x0E, 0x67, 0x3B, 0x1A, 0x6F, 0x05, 0xFB, 0x8F, 0x30,
    0x89, 0x24, 0x61, 0xA3, 0x0A, 0x7C, 0xCD, 0x79, 0xA2, 0x74, 0xF6, 0x3A, 0x37, 0x9C, 0x5B, 0x92,
    0xDF, 0xC6, 0x38, 0xD1, 0xB9, 0xC6, 0xC5, 0x7F, 0xD2, 0xE2, 0x0F, 0x98, 0xB2, 0xB1, 0x79, 0xCE,
    0x59, 0x8F, 0xA7, 0xA1, 0xA1, 0x9D, 0x87, 0x23, 0x8D, 0xDD, 0xB0, 0xC9, 0x33, 0x6B, 0xF6, 0x25,
    0x46, 0xA1, 0xA1, 0xEA, 0xD4, 0x35, 0x3C, 0x66, 0x9B, 0x62, 0xBE, 0x84, 0x17, 0x87, 0x03, 0x3B,
    0x68, 0xD9, 0x4C, 0x9D, 0x3A, 0x90, 0x90, 0x1F, 0x95, 0x27, 0x70, 0x8B, 0x9D, 0x95, 0xE9, 0x18,
    0x61, 0x13, 0x35, 0x41, 0x13, 0x33, 0x21, 0x13, 0xF1, 0x6A, 0x12, 0xC2, 0x25, 0x5A, 0x82, 0x25,
    0x56, 0x42, 0x4D, 0xCD, 0x80, 0x2E, 0x46, 0x2B, 0x1B, 0x4D, 0x9B, 0x8D, 0x14, 0x72, 0x5A, 0xE0,
    0x98, 0xD6, 0xF2, 0xE2, 0x39, 0x7B, 0xDE, 0xBE, 0xA1, 0x49, 0x7A, 0xB7, 0x4D, 0x36, 0x40, 0xC7,
    0x04, 0x1B, 0xE8, 0xF2, 0xDB, 0x7D, 0x29, 0x3D, 0x5C, 0x9C, 0x31, 0x03, 0xDE, 0xF1, 0x8A, 0xB6,
    0xF4, 0x43, 0x65, 0x86, 0xD8, 0x0C, 0x9E, 0xA9, 0x13, 0xB9, 0x25, 0x71, 0x71, 0x8C, 0xE1, 0xD2,
    0x19, 0xC2, 0xF9, 0x94, 0xC5, 0xA2, 0xA8, 0x0E, 0xE4, 0xBD, 0x34, 0xEB, 0x60, 0x6F, 0x21, 0x74,
    0x5A, 0x66, 0x17, 0x07, 0x26, 0xA9, 0x38, 0xC7, 0x48, 0x49, 0x65, 0x71, 0x75, 0xD9, 0x59, 0x9D,
    0x89, 0xDB, 0xD9, 0x45, 0x63, 0x8B, 0x01, 0x08, 0x71, 0x20, 0x66, 0xBC, 0xBA, 0x8D, 0x99, 0x07,
    0x7B, 0x40, 0x38, 0xBA, 0x18, 0x84, 0x56, 0xA2, 0x8C, 0x77, 0x26, 0x57, 0x24, 0x1E, 0x10, 0x35,
    0x92, 0xE2, 0x48, 0xE2, 0x2F, 0x7B, 0x09, 0x9E, 0x21, 0xB4, 0x41, 0xCD, 0xF3, 0x3B, 0x5C, 0xD4,
    0xBA, 0x26, 0x3F, 0xD3, 0xF8, 0xDB, 0x7E, 0xE6, 0x82, 0xAF, 0x92, 0xB1, 0x99, 0xA1, 0x39, 0x85,
    0x01, 0x1C, 0xD1, 0x27, 0x06, 0x1B, 0x82, 0x74, 0x1D, 0x53, 0x1E, 0xB3, 0x96, 0x31, 0x18, 0xEE,
    0xF1, 0x2F, 0x4A, 0x3B, 0x5F, 0xB7, 0xF1, 0x83, 0xE5, 0x30, 0x0B, 0x8E, 0x0D, 0x38, 0x37, 0xE0,
    0x9A, 0x21, 0x69, 0xBC, 0x01, 0xB3, 0x0F, 0xDD, 0x43, 0x1D, 0xE9, 0x08, 0x1F, 0x8B, 0x1B, 0x61,
    0xBF, 0xFE, 0x37, 0x9D, 0x84, 0x0D, 0x26, 0xB2, 0x56, 0x1B, 0x9B, 0xC1, 0xE4, 0x45, 0xFF, 0x74,
    0x2F, 0x98, 0xF6, 0x98, 0x97, 0xF8, 0x63, 0xBB, 0x82, 0x8C, 0x76, 0xDF, 0x48, 0xF9, 0x6B, 0xA7,
    0xA3, 0xD4, 0x94, 0x12, 0xB6, 0xF9, 0xE4, 0x75, 0x57, 0xF2, 0x86, 0x37, 0x4C, 0x3A, 0x6A, 0xE4,
    0x2A, 0xC7, 0xDD, 0xFA, 0x35, 0x38, 0x44, 0x6D, 0x99, 0x12, 0x89, 0xD2, 0xCC, 0x93, 0x16, 0x1A,
    0x07, 0x38, 0x11, 0x28, 0x11, 0x18, 0x11, 0x09, 0x91, 0xE3, 0x43, 0xE5, 0x09, 0x3A, 0x05, 0x76,
    0x40, 0xCF, 0x19, 0x4A, 0x72, 0xE0, 0x1E, 0xB9, 0x63, 0x00, 0x1A, 0x98, 0x01, 0xD9, 0x22, 0x46,
    0xB7, 0x2B, 0xC0, 0xB5, 0x4E, 0xA0, 0x21, 0x56, 0x8F, 0xF1, 0xB0, 0x77, 0xE2, 0x6D, 0x87, 0x9E,
    0x85, 0x54, 0x9E, 0x64, 0x0C, 0x49, 0xD8, 0x92, 0x6C, 0xAD, 0xE8, 0x3D, 0xA1, 0x2E, 0x05, 0xC9,
    0x7E, 0x3E, 0xC2, 0x90, 0x5B, 0x47, 0xA7, 0xE4, 0x1D, 0x08, 0x8C, 0xCD, 0xAB, 0xD6, 0xA3, 0x8F,
    0x44, 0x7E, 0x20, 0xF2, 0x16, 0xCC, 0x3B, 0xA3, 0x95, 0xC7, 0x97, 0x03, 0x7E, 0x0E, 0x37, 0x42,
    0x88, 0x18, 0x5C, 0xC8, 0x3C, 0x43, 0x8C, 0xD9, 0xC8, 0xCB, 0xAE, 0x71, 0x32, 0x78, 0x9F, 0x60,
    0x2C, 0x86, 0x11, 0xAE, 0x90, 0xF4, 0x3E, 0x18, 0x2A, 0x66, 0xCF, 0x1F, 0xE4, 0x63, 0x37, 0x03,
    0xFB, 0xF3, 0x24, 0xA9, 0xBD, 0xC1, 0x74, 0x50, 0x4E, 0xEF, 0x99, 0x3B, 0x83, 0x37, 0xCA, 0x88,
    0xE3, 0xE7, 0x0A, 0xE8, 0xA7, 0xD2, 0x21, 0x9B, 0xDC, 0xE0, 0x7D, 0xD8, 0xE6, 0xF0, 0x9B, 0x4F,
    0xA1, 0x1E, 0x1C, 0x2B, 0x5C, 0x83, 0x63, 0xDB, 0xCD, 0xE6, 0xC4, 0x4B, 0x1A, 0xED, 0x3A, 0x6D,
    0xA7, 0xB7, 0x42, 0x85, 0x21, 0xD8, 0x50, 0x7E, 0x32, 0x7E, 0x3C, 0x1D, 0xCB, 0x8B, 0xE0, 0x99,
    0x69, 0xC0, 0xA6, 0xDB, 0xC0, 0x04, 0x5D, 0xD0, 0x43, 0x5A, 0xFF, 0x5C, 0x79, 0xAD, 0x78, 0x47,
    0x8D, 0x6D, 0x6E, 0x9A, 0xCF, 0xD2, 0x49, 0xE3, 0xD8, 0xB7, 0x5B, 0x8D, 0x81, 0xBC, 0x72, 0xC3,
    0x65, 0xEE, 0xFA, 0xF0, 0xC1, 0xCD, 0x64, 0x3C, 0x06, 0x9A, 0x9B, 0xD7, 0x67, 0xEA, 0x38, 0x5E,
    0x60, 0xA3, 0x37, 0xD1, 0x6E, 0xBB, 0xCC, 0xD3, 0xCB, 0xD1, 0x8C, 0x8E, 0x0B, 0xC4, 0xF5, 0x4B,
    0xFE, 0x9A, 0x63, 0x69, 0x8E, 0x02, 0x90, 0xAA, 0x1A, 0x06, 0xE0, 0x0F, 0xFB, 0x3F, 0xEB, 0x96,
    0x1C, 0x2B, 0xAF, 0x4B, 0x4C, 0x13, 0x99, 0xCA, 0x1B, 0x77, 0x18, 0xE9, 0x7E, 0x8F, 0x0B, 0xB4,
    0x44, 0xE0, 0x75, 0x77, 0xE1, 0x7A, 0x05, 0x4E, 0x34, 0xC9, 0x94, 0x56, 0x7A, 0xF6, 0x14, 0xC8,
    0x96, 0xCE, 0xFE, 0xD3, 0x3F, 0x43, 0xA2, 0x75, 0xF3, 0x75, 0xD5, 0x21, 0xBF, 0x3A, 0x16, 0xC0,
    0x24, 0xD2, 0x63, 0xB9, 0x8C, 0x8E, 0xC7, 0xAD, 0x8F, 0xC1, 0x77, 0x49, 0x2A, 0xB6, 0x31, 0x5A,
    0x30, 0xC6, 0x8A, 0x53, 0x65, 0xBF, 0x36, 0xD1, 0x73, 0xEB, 0x69, 0x4E, 0x98, 0x7F, 0x21, 0x4E,
    0xE6, 0xE6, 0xBF, 0x78, 0x9F, 0x7C, 0xF0, 0x09, 0x86, 0x7C, 0xC0, 0x78, 0x93, 0x51, 0xB8, 0xBF,
    0xFD, 0x51, 0x96, 0x2F, 0xEE, 0x20, 0x9A, 0x31, 0x69, 0x92, 0x82, 0xE9, 0x08, 0x2C, 0x81, 0x64,
    0x34, 0x7F, 0x00, 0x97, 0x46, 0x18, 0xD0, 0x13, 0x79, 0xFC, 0xC3, 0x58, 0x7B, 0x5D, 0xB8, 0xC9,
    0x82, 0x82, 0x76, 0x77, 0xC1, 0xAC, 0xFD, 0x65, 0xDC, 0x60, 0x14, 0xA0, 0x6C, 0x70, 0x3A, 0xD7,
    0xC9, 0x84, 0x15, 0x79, 0x05, 0xF8, 0xC5, 0x00, 0x9E, 0xD1, 0xAC, 0x24, 0xAA, 0xD2, 0x6C, 0xFD,
    0x0C, 0x66, 0xD8, 0xFB, 0x08, 0x66, 0xEE, 0x35, 0x26, 0xDA, 0xF0, 0xA3, 0x0A, 0xF0, 0x93, 0x13,
    0xEA, 0x25, 0x46, 0xD6, 0x92, 0x56, 0x18, 0x33, 0xD2, 0xE9, 0x11, 0xD9, 0x03, 0x5C, 0xC5, 0x87,
    0x60, 0xEA, 0x7F, 0x26, 0xED, 0xC7, 0xF9, 0x41, 0xDC, 0xFF, 0x12, 0xDF, 0xEF, 0xC3, 0xB1, 0x7C,
    0x80, 0xF3, 0x77, 0x71, 0x5D, 0x01, 0x8E, 0x52, 0x28, 0xDC, 0x17, 0x23, 0x57, 0x09, 0x1D, 0x09,
    0xF6, 0x0B, 0x9B, 0xA7, 0x5B, 0xF1, 0x20, 0x3E, 0x9E, 0x19, 0x38, 0x6E, 0x94, 0x9F, 0x27, 0x3E,
    0x6C, 0x1E, 0x5D, 0xE4, 0xD4, 0x01, 0xC2, 0x4C, 0x8E, 0xE7, 0xE5, 0xE8, 0x31, 0xC7, 0xB3, 0x99,
    0xCA, 0xD9, 0x63, 0x3C, 0x87, 0xD8, 0x9F, 0x63, 0x46, 0xE6, 0x33, 0x21, 0xFA, 0xB1, 0xB8, 0x1C,
    0x91, 0x61, 0x0B, 0x31, 0xC6, 0xE6, 0xFA, 0xBF, 0x9A, 0x4C, 0x17, 0x83, 0x05, 0xD3, 0x28, 0x94,
    0x8C, 0x99, 0x02, 0xD3, 0x53, 0xF4, 0x8C, 0xB0, 0x3F, 0xF2, 0x0A, 0xF5, 0x04, 0xDF, 0x61, 0x4A,
    0x38, 0x07, 0x21, 0x3B, 0x61, 0x8B, 0xF0, 0xC4, 0xC0, 0x1D, 0xE1, 0x7D, 0x24, 0x95, 0x8D, 0x56,
    0x32, 0x6C, 0xDB, 0xCF, 0x25, 0x64, 0x8B, 0xD7, 0xF9, 0xE3, 0x54, 0x1A, 0x48, 0x8B, 0x75, 0x7A,
    0xEB, 0x8A, 0x1F, 0x7B, 0x6D, 0x7A, 0x31, 0x60, 0x16, 0xC8, 0x1B, 0x04, 0x33, 0x49, 0x3C, 0x29,
    0xF5, 0xAD, 0x57, 0x78, 0x90, 0x17, 0xFC, 0x89, 0xC8, 0x6B, 0x18, 0x5B, 0xAA, 0x83, 0x22, 0xB2,
    0xB7, 0x8B, 0xDF, 0xD8, 0x94, 0x54, 0xDD, 0xAB, 0x20, 0xDA, 0x26, 0xA5, 0xFB, 0x62, 0x44, 0x3F,
    0xE8, 0x06, 0x3D, 0xA8, 0x0F, 0xB1, 0x65, 0x3B, 0xEB, 0xE9, 0xD5, 0xCD, 0x81, 0x4D, 0x7C, 0xB3,
    0xB9, 0x39, 0x38, 0xFB, 0x3A, 0xAA, 0x6B, 0xAB, 0x39, 0xE7, 0xB9, 0x77, 0x5B, 0x75, 0xAF, 0xE7,
    0x86, 0x9D, 0xB3, 0x50, 0x91, 0x33, 0xCD, 0xE2, 0x5B, 0x79, 0x1D, 0x72, 0x2C, 0xBE, 0x2D, 0xD1,
    0xD5, 0xE0, 0x21, 0xA0, 0x7D, 0xBD, 0x2B, 0x81, 0xA9, 0xF5, 0x35, 0x4E, 0x5C, 0xF4, 0x76, 0xE2,
    0xE3, 0xF2, 0x79, 0xB3, 0xEE, 0xF8, 0xF7, 0xDE, 0xD8, 0x78, 0x06, 0xD9, 0x43, 0x11, 0x0C, 0xEC,
    0x21, 0xB7, 0xDB, 0x2F, 0xCE, 0x72, 0xDC, 0xB6, 0xD0, 0xC1, 0x72, 0x0B, 0xEE, 0xA5, 0x2B, 0xDA,
    0xAE, 0x87, 0xB1, 0x16, 0x80, 0xB3, 0x2B, 0xD5, 0x40, 0x5A, 0x48, 0x0F, 0x31, 0x90, 0x3C, 0x5B,
    0xA9, 0x54, 0xAF, 0x54, 0xDC, 0xAC, 0x54, 0xD0, 0xAE, 0x94, 0xDF, 0xAF, 0x30, 0x9D, 0x20, 0xF9,
    0xA8, 0xC0, 0x0C, 0x15, 0xF2, 0x0F, 0x25, 0x21, 0xC4, 0x87, 0x60, 0x9E, 0x9D, 0x33, 0xB5, 0x56,
    0x51, 0x27, 0xA5, 0xA2, 0x13, 0x87, 0x1B, 0xA8, 0x91, 0xC4, 0x4F, 0xB5, 0x3D, 0x16, 0x05, 0x5F,
    0x2A, 0x4B, 0xE1, 0xB2, 0x16, 0xAA, 0xDD, 0xB8, 0x29, 0x33, 0x79, 0x0D, 0xF4, 0xDE, 0xD8, 0x5E,
    0x35, 0x93, 0xFC, 0x36, 0xAA, 0x40, 0xA5, 0x8B, 0x33, 0xCB, 0x40, 0x0B, 0x8D, 0x8B, 0x29, 0x6A,
    0x54, 0x31, 0x45, 0x85, 0xCE, 0x59, 0x16, 0x2A, 0xF5, 0xA5, 0xF4, 0x5D, 0x7A, 0x08, 0xB5, 0x09,
    0x22, 0x7C, 0x69, 0x5A, 0x35, 0x04, 0xBD, 0x82, 0xC5, 0x29, 0xD0, 0x02, 0x26, 0x05, 0xB6, 0x1C,
    0x95, 0x5D, 0x4C, 0xF0, 0xF8, 0x89, 0x2D, 0xDB, 0xEC, 0xBB, 0x85, 0x11, 0xD7, 0xF8, 0x9F, 0xED,
    0xA7, 0x67, 0x2B, 0x99, 0x0D, 0x22, 0x36, 0x46, 0xA1, 0xDB, 0x94, 0x73, 0xC6, 0xE8, 0x59, 0x36,
    0x21, 0x93, 0x8F, 0xB3, 0x14, 0xBA, 0x4E, 0x1A, 0x84, 0x2C, 0x1D, 0xF4, 0x39, 0x82, 0x2B, 0xAB,
    0x75, 0x2C, 0xD4, 0x6D, 0x0B, 0x8F, 0xB9, 0x84, 0x27, 0xE8, 0x79, 0x2D, 0x12, 0x9E, 0xDA, 0xE7,
    0x44, 0x4F, 0xBB, 0x53, 0x29, 0xBC, 0xAC, 0xAB, 0x93, 0xC8, 0x6A, 0x10, 0x56, 0x52, 0x1C, 0xCB,
    0xEF, 0x20, 0x65, 0xC2, 0xDF, 0x38, 0xA5, 0xBA, 0x2E, 0xDD, 0x45, 0x7E, 0x73, 0xC7, 0xA5, 0xB5,
    0xBC, 0x0E, 0xC3, 0x95, 0xA0, 0x0A, 0xB5, 0xDF, 0x26, 0x4C, 0xC2, 0x5C, 0x9C, 0xBB, 0x7E, 0xB2,
    0x28, 0xCE, 0x03, 0x79, 0x4F, 0xD2, 0x0C, 0x81, 0x06, 0x2A, 0x0E, 0x6D, 0x89, 0x22, 0xDB, 0x1B,
    0xAB, 0xC4, 0x5F, 0x21, 0xD9, 0x23, 0x27, 0x80, 0x63, 0x38, 0x4E, 0x91, 0x92, 0xDF, 0x92, 0xA5,
    0xF5, 0x4A, 0xEB, 0xF0, 0xBB, 0x15, 0xA8, 0x4E, 0x2F, 0xD1, 0x3F, 0x5A, 0x89, 0xEF, 0xD5, 0x97,
    0xD2, 0xAF, 0xA4, 0xFF, 0x41, 0xEF, 0x40, 0x86, 0x36, 0x62, 0x5B, 0x25, 0xB5, 0xF5, 0xA3, 0x9A,
    0xDC, 0x2D, 0xB7, 0xEE, 0xA8, 0xB4, 0x0E, 0x6F, 0x65, 0xF1, 0x8F, 0x9B, 0x36, 0x33, 0xD6, 0x3E,
    0xDD, 0xD9, 0x3C, 0x0B, 0xD6, 0x77, 0xB9, 0x1E, 0x6C, 0x6F, 0xF0, 0xAB, 0x6C, 0xE5, 0x10, 0x4F,
    0x69, 0x80, 0xAF, 0x7C, 0x10, 0x9B, 0x67, 0xA6, 0x4D, 0x71, 0xB0, 0xCF, 0xEF, 0x98, 0x62, 0x05,
    0x4C, 0xD9, 0x91, 0x35, 0xE7, 0xB9, 0x61, 0x8F, 0x78, 0x09, 0x38, 0xAB, 0xAF, 0x2A, 0xDE, 0xCD,
    0x3B, 0x0C, 0xB0, 0x96, 0x27, 0x96, 0x73, 0x33, 0x02, 0x70, 0x6D, 0x22, 0x2D, 0x1C, 0x29, 0x3A,
    0x55, 0x17, 0x1E, 0x19, 0x69, 0x6C, 0x78, 0x55, 0x45, 0x02, 0x89, 0x2B, 0xF7, 0x3F, 0xD7, 0x2E,
    0x34, 0x0E, 0x8E, 0xD7, 0x58, 0x6E, 0xC6, 0xDA, 0x92, 0xB1, 0x55, 0x5D, 0xC7, 0xEB, 0xC8, 0xEF,
    0x40, 0xAE, 0x90, 0x38, 0xC3, 0xF7, 0xDA, 0x39, 0xE8, 0xB7, 0x6B, 0x4F, 0x50, 0x95, 0x39, 0x72,
    0xBA, 0x3E, 0xAF, 0xFB, 0x5C, 0x7F, 0xC2, 0x04, 0x5D, 0xCE, 0xDA, 0x96, 0xC2, 0x60, 0x57, 0xB7,
    0x32, 0x17, 0x60, 0xC8, 0x47, 0xE9, 0x64, 0xE7, 0xAA, 0xDC, 0xC5, 0xE1, 0x38, 0xA2, 0x97, 0xDB,
    0x2D, 0xB6, 0x9E, 0xD6, 0x2E, 0x15, 0xD9, 0x12, 0x54, 0xD0, 0x3C, 0x84, 0x36, 0x3B, 0x4B, 0x9D,
    0x2D, 0x85, 0x5E, 0x58, 0x8D, 0x4A, 0xFA, 0xF4, 0x5E, 0x13, 0x3F, 0xAD, 0x02, 0x53, 0x78, 0x66,
    0x37, 0x35, 0xBA, 0x18, 0xD8, 0xB8, 0xA1, 0xBF, 0x10, 0x03, 0x3D, 0x58, 0x41, 0x64, 0xCB, 0x61,
    0x7C, 0xE6, 0x0D, 0x47, 0x8B, 0x59, 0xB3, 0x67, 0x2D, 0x1F, 0xF6, 0x1C, 0x21, 0xF5, 0xF0, 0x4A,
    0x3C, 0x30, 0x34, 0xB4, 0x0F, 0xCB, 0xE5, 0x7F, 0x87, 0x2B, 0xFF, 0x0A, 0x9B, 0x2A, 0x71, 0x4F,
    0x89, 0xF3, 0x57, 0x0D, 0x52, 0x13, 0xD0, 0x64, 0xB0, 0xFC, 0x9C, 0x6E, 0x76, 0x5D, 0xF4, 0xBB,
    0x6A, 0x8A, 0xD4, 0x65, 0xBF, 0xF2, 0x11, 0x26, 0xA1, 0x7A, 0x8E, 0xEE, 0x2A, 0x39, 0x84, 0xF3,
    0xED, 0xDE, 0x0D, 0x3A, 0x78, 0xF4, 0xD2, 0x54, 0x2C, 0x88, 0x62, 0x9E, 0xB1, 0x9C, 0xC9, 0xB2,
    0x26, 0xCB, 0x9B, 0x69, 0x71, 0xB4, 0x38, 0x3E, 0xD2, 0x5F, 0x93, 0xC5, 0x8F, 0xB5, 0x7A, 0xBB,
    0x79, 0x38, 0xDB, 0xE1, 0x05, 0xF1, 0x2D, 0xA6, 0x23, 0xA6, 0x09, 0x29, 0x6C, 0xC3, 0x6B, 0x9C,
    0x28, 0xC7, 0x49, 0x2E, 0xAA, 0xA6, 0xC6, 0x92, 0x25, 0xE6, 0xDA, 0x34, 0x01, 0xA6, 0xDA, 0xEB,
    0x60, 0x4B, 0xE7, 0x73, 0x3A, 0xD8, 0x2E, 0x05, 0xFA, 0xC8, 0xEB, 0xD2, 0xB7, 0x1B, 0x28, 0x2E,
    0xB4, 0x39, 0xC4, 0x4E, 0x8A, 0x43, 0x3F, 0xFD, 0x24, 0x1D, 0x97, 0x5C, 0x77, 0x96, 0x64, 0x12,
    0xCE, 0x5D, 0xD6, 0x95, 0xDC, 0x82, 0x2A, 0xCE, 0x75, 0xF6, 0x3C, 0x78, 0xD3, 0x7A, 0x2B, 0x01,
    0x86, 0x5B, 0xBD, 0x7D, 0x70, 0xDA, 0xDA, 0x6B, 0x01, 0x3D, 0x27, 0x2E, 0x7A, 0xC0, 0x77, 0x00,
    0x3B, 0x45, 0x92, 0x88, 0x17, 0xA0, 0xE8, 0x97, 0xC2, 0x3A, 0x29, 0xFC, 0x0E, 0xD3, 0x84, 0x05,
    0x6D, 0x52, 0xDD, 0x64, 0x53, 0xB3, 0x5E, 0x6C, 0x00, 0x5C, 0x7B, 0x00, 0xEE, 0xE3, 0xA0, 0xF9,
    0x2C, 0x6C, 0xDA, 0x9D, 0x10, 0x9F, 0x87, 0x01, 0xD1, 0x2F, 0x9B, 0xE5, 0x55, 0x18, 0x5E, 0xA6,
    0x2C, 0xB4, 0xEE, 0xEB, 0x19, 0xCA, 0xFA, 0xA3, 0xAF, 0x3D, 0xF3, 0x84, 0x84, 0xA6, 0x08, 0x3E,
    0x5F, 0x6D, 0x91, 0x45, 0xAE, 0x01, 0xEE, 0x22, 0x41, 0x8F, 0xC4, 0xAC, 0x4B, 0xEA, 0xB8, 0xE5,
    0xF2, 0x1D, 0xFB, 0x93, 0xC3, 0xE7, 0xE2, 0xD7, 0x37, 0x60, 0x38, 0x2B, 0x04, 0xCF, 0x5E, 0x6E,
    0x84, 0x9B, 0xC2, 0x35, 0x73, 0xE2, 0x59, 0xD4, 0x59, 0x92, 0x21, 0x49, 0xBA, 0x6B, 0x53, 0xB3,
    0x22, 0x31, 0xA9, 0x0E, 0xBB, 0x44, 0x9F, 0x45, 0xBE, 0x96, 0xC2, 0x99, 0x9C, 0xB1, 0x9A, 0xB7,
    0x17, 0xC6, 0x2A, 0xD2, 0x7E, 0x93, 0x60, 0xF6, 0x62, 0xDE, 0x95, 0x03, 0x23, 0xFB, 0xB2, 0x38,
    0xA7, 0x35, 0xBE, 0xE8, 0x85, 0x35, 0xBE, 0x7D, 0xB0, 0xDA, 0x5A, 0x4A, 0x8A, 0x77, 0x72, 0xF3,
    0xA6, 0x13, 0xEE, 0x47, 0xCB, 0xE2, 0xB5, 0xC1, 0x09, 0xAF, 0xCB, 0xFB, 0xB2, 0xB2, 0xC2, 0xFD,
    0x29, 0xD0, 0xEE, 0x87, 0x39, 0xF9, 0xBA, 0x15, 0x75, 0xBF, 0x96, 0x1C, 0xFB, 0x08, 0x99, 0x5E,
    0xFB, 0xFE, 0xE2, 0x36, 0x2B, 0x65, 0x6A, 0xFB, 0xF6, 0xDB, 0x87, 0x12, 0xD4, 0x9D, 0x44, 0x8F,
    0x9A, 0x4B, 0xD9, 0xC4, 0x62, 0xB8, 0xE2, 0xCC, 0xFD, 0x7E, 0x25, 0xBD, 0x22, 0x5C, 0x2D, 0xA4,
    0xBF, 0xDC, 0x4B, 0x87, 0xF2, 0xAE, 0x4B, 0x46, 0xA5, 0xBD, 0xE6, 0xD8, 0x0C, 0x89, 0xE1, 0xC4,
    0xA1, 0x62, 0x67, 0xFF, 0xA9, 0x23, 0xF5, 0x47, 0x2E, 0x5F, 0xDF, 0x5E, 0xE4, 0x9B, 0x15, 0x91,
    0x81, 0x55, 0xA6, 0x5A, 0x91, 0xC4, 0xF2, 0x17, 0x33, 0x21, 0x49, 0x4D, 0xAA, 0x23, 0xF0, 0x9C,
    0x2C, 0xD6, 0x31, 0x59, 0x69, 0x5C, 0xC5, 0x25, 0x38, 0x70, 0x54, 0x27, 0x87, 0xE0, 0x23, 0x61,
    0x93, 0x26, 0x19, 0x99, 0x83, 0x8A, 0xEF, 0xE0, 0x5F, 0x7B, 0x10, 0x3F, 0xEA, 0xA0, 0xE2, 0xF7,
    0xA3, 0x47, 0xAD, 0x78, 0xDD, 0x71, 0xF8, 0x15, 0x1E, 0xD1, 0xF7, 0xC1, 0xBF, 0x61, 0x7F, 0x0F,
    0xBB, 0xE0, 0x19, 0x4C, 0x25, 0xB7, 0x0B, 0x94, 0xA2, 0x1A, 0xCF, 0xFE, 0xAB, 0x85, 0x61, 0x0C,
    0xC1, 0x95, 0x1C, 0xDC, 0xC6, 0xA9, 0xD0, 0x66, 0x10, 0x8F, 0x19, 0xD8, 0xDE, 0xC6, 0xDD, 0x47,
    0x5E, 0xB7, 0x0D, 0x10, 0xA8, 0xE1, 0xF3, 0x87, 0xA0, 0x55, 0xB7, 0x47, 0x3C, 0xFC, 0xAE, 0x41,
    0x18, 0xF8, 0xC2, 0x44, 0x55, 0xFC, 0xC5, 0xE3, 0xDF, 0xEA, 0xF8, 0xEB, 0xBF, 0xDF, 0xD7, 0xD1,
    0x3F, 0xFF, 0xF6, 0xB8, 0x08, 0x9E, 0x7E, 0xF0, 0x34, 0x0B, 0xCC, 0x6F, 0x8C, 0xF8, 0x26, 0x40,
    0xCC, 0x35, 0xEC, 0x7A, 0x44, 0xE8, 0x75, 0x3F, 0xF1, 0xE0, 0x6F, 0x3D, 0x6C, 0xA5, 0x10, 0xEC,
    0xAC, 0x90, 0x53, 0xBF, 0x97, 0xB1, 0xEB, 0xD9, 0x70, 0x19, 0x1A, 0x6C, 0x3E, 0x6E, 0x02, 0x64,
    0x43, 0x2D, 0x28, 0x92, 0xDF, 0x53, 0xC3, 0xCC, 0x5C, 0x25, 0x67, 0x44, 0x66, 0x95, 0x93, 0xA9,
    0x8C, 0xE5, 0x4F, 0x8E, 0xA4, 0x5D, 0xA4, 0x61, 0x88, 0x62, 0xD2, 0xB9, 0x02, 0x39, 0xE9, 0xD4,
    0xA9, 0x07, 0x43, 0xCB, 0x0D, 0x97, 0x13, 0xD0, 0x56, 0x41, 0x03, 0x9F, 0xD3, 0xA6, 0x5C, 0x5E,
    0x02, 0x42, 0xD6, 0x8C, 0xE1, 0xC3, 0x8F, 0xFA, 0x29, 0x61, 0x6D, 0x5D, 0x3F, 0x7C, 0xB0, 0x0D,
    0x15, 0x5A, 0x5E, 0x07, 0xAE, 0x74, 0xAA, 0xBD, 0x5A, 0xD7, 0xD4, 0x21, 0x51, 0x0C, 0x98, 0x6B,
    0xDB, 0xC6, 0xE3, 0xD7, 0xEF, 0x65, 0x7C, 0x4C, 0x58, 0xA8, 0x64, 0xD6, 0xA8, 0x89, 0x6D, 0xBB,
    0x04, 0xCD, 0xDF, 0xD1, 0x38, 0xA9, 0x5D, 0x01, 0x89, 0xAC, 0x66, 0x74, 0x24, 0xD7, 0x16, 0x91,
    0xE6, 0xC3, 0xF2, 0xED, 0xC3, 0xB8, 0x6F, 0x16, 0xBE, 0x40, 0x98, 0x4B, 0x7E, 0x2A, 0x2F, 0xC9,
    0xB9, 0x12, 0xD6, 0xB9, 0x45, 0x03, 0xF7, 0x4B, 0x14, 0x8F, 0xD6, 0x68, 0xCB, 0xA6, 0x2C, 0x0F,
    0xBB, 0x95, 0xEF, 0x5E, 0xC2, 0x6A, 0xD2, 0x1B, 0x8B, 0x37, 0xD5, 0xF2, 0xD8, 0x8E, 0x85, 0x04,
    0xCF, 0x6C, 0x2F, 0x88, 0x5C, 0x08, 0x18, 0x0D, 0x81, 0x06, 0x21, 0xE3, 0xB7, 0xB9, 0xCC, 0x52,
    0xE0, 0x48, 0x08, 0x91, 0x89, 0x3C, 0x3E, 0x95, 0x89, 0x5C, 0x10, 0x1F, 0x66, 0x4F, 0x4C, 0x57,
    0x93, 0xA9, 0xCF, 0xED, 0xAA, 0xEC, 0x05, 0x37, 0x5B, 0xB4, 0xFC, 0x3F, 0xCD, 0x5A, 0xBD, 0x8F,
    0xDD, 0xC6, 0x11, 0x1F, 0x92, 0xCE, 0x31, 0x08, 0x81, 0xD0, 0x85, 0x02, 0x24, 0x08, 0x6C, 0x36,
    0x6E, 0x62, 0x04, 0x66, 0xE3, 0x22, 0x85, 0xAC, 0xA5, 0xA5, 0x42, 0x45, 0x0A, 0xAB, 0x70, 0x97,
    0x26, 0x45, 0x2A, 0x17, 0xB9, 0x26, 0x45, 0x0A, 0x4B, 0x4B, 0x49, 0x85, 0x0A, 0x15, 0xD1, 0x7F,
    0x60, 0x95, 0x46, 0x1A, 0x35, 0x29, 0x64, 0x40, 0xF7, 0x48, 0x47, 0x85, 0xCB, 0x10, 0x49, 0x91,
    0xD2, 0x54, 0x22, 0x20, 0x45, 0x8A, 0x30, 0x00, 0x01, 0xD3, 0x16, 0xC9, 0xCD, 0xEF, 0x37, 0xCB,
    0xF7, 0x71, 0x96, 0x74, 0x92, 0x4E, 0x77, 0x72, 0xDE, 0x71, 0x66, 0xDE, 0xE3, 0xDB, 0xB7, 0x3B,
    0x3B, 0x3B, 0xDF, 0x3C, 0x11, 0x89, 0x5A, 0x11, 0x49, 0x06, 0xA0, 0x74, 0x04, 0x92, 0xC1, 0xA3,
    0x6C, 0x08, 0xBB, 0xC0, 0xB9, 0x1B, 0x6D, 0xEC, 0x9C, 0x2B, 0xB3, 0x2E, 0x9D, 0xC4, 0xD4, 0xD1,
    0x28, 0x56, 0x82, 0x49, 0x2A, 0x91, 0x19, 0x7F, 0xA0, 0xDF, 0x42, 0xFA, 0x85, 0x2D, 0x64, 0x19,
    0x8C, 0x9F, 0xF5, 0x92, 0x38, 0xD7, 0x4A, 0xE8, 0x5C, 0x21, 0x92, 0xEB, 0xE4, 0x41, 0x8F, 0x55,
    0xB1, 0x56, 0x34, 0x11, 0x82, 0xAA, 0x3C, 0x9B, 0xBA, 0xEE, 0x6E, 0xEE, 0xE6, 0xCE, 0x5E, 0x75,
    0x75, 0xA5, 0x73, 0xD9, 0x0D, 0xF0, 0xB3, 0xBD, 0x8A, 0x09, 0xDD, 0x28, 0x18, 0x27, 0x01, 0x27,
    0xF2, 0x93, 0xE8, 0x2C, 0x3A, 0x8D, 0x47, 0xF2, 0xB1, 0x29, 0xC3, 0xF1, 0x1E, 0x51, 0x0F, 0xE4,
    0x5A, 0xA2, 0x12, 0x08, 0xBF, 0xC6, 0xBD, 0x67, 0x22, 0x4C, 0x97, 0xD7, 0x11, 0xF6, 0xDE, 0x82,
    0xED, 0x94, 0x6C, 0x47, 0xD8, 0xBB, 0xC8, 0xFE, 0xD7, 0x9C, 0x5C, 0x52, 0xBC, 0x95, 0xBC, 0x01,
    0x32, 0xAD, 0x22, 0x2B, 0xE6, 0x42, 0x03, 0x74, 0xB1, 0x06, 0xDA, 0x17, 0x23, 0x66, 0x24, 0x6A,
    0x88, 0x8A, 0x5D, 0x54, 0x54, 0x40, 0xD7, 0xC0, 0xB8, 0xE1, 0x7C, 0x99, 0xCB, 0x6B, 0x89, 0x87,
    0xAC, 0xD6, 0x59, 0x65, 0x8C, 0x3A, 0xA5, 0x36, 0x6D, 0x94, 0xE6, 0x77, 0x4A, 0xBF, 0x9C, 0xF3,
    0xDF, 0xEB, 0x26, 0x0F, 0xBF, 0x8C, 0x7B, 0x28, 0x38, 0x97, 0x11, 0xD3, 0x15, 0x0B, 0xE5, 0x39,
    0x0D, 0xA6, 0xCC, 0x20, 0x96, 0xA4, 0xD3, 0xAD, 0x48, 0xD6, 0x98, 0x32, 0x00, 0x35, 0x10, 0x01,
    0x4E, 0x04, 0x72, 0x04, 0x9D, 0x79, 0x7E, 0x4A, 0xB1, 0x51, 0xA5, 0x49, 0xE7, 0x69, 0xD6, 0x88,
    0x8E, 0x03, 0x52, 0x79, 0x54, 0xFC, 0x65, 0x3C, 0x60, 0x38, 0x68, 0xDE, 0x61, 0x38, 0xD9, 0x6F,
    0x70, 0x9C, 0x13, 0x28, 0xE5, 0x03, 0xDA, 0x2A, 0x55, 0x36, 0xBB, 0x54, 0x37, 0x14, 0x0E, 0x46,
    0xF9, 0x93, 0x99, 0x67, 0xC6, 0x3D, 0x0F, 0xA4, 0x2D, 0x94, 0x41, 0x3C, 0x7F, 0xE2, 0x45, 0xAD,
    0x34, 0x18, 0xC1, 0x77, 0xCD, 0x75, 0x17, 0x3A, 0x83, 0x16, 0xCA, 0x0F, 0x2E, 0xA5, 0x7A, 0x34,
    0xA0, 0x71, 0xE7, 0xF9, 0x53, 0x3E, 0x79, 0xB3, 0x50, 0xFE, 0x38, 0x92, 0xFC, 0x85, 0xA3, 0xE7,
    0x4F, 0xE7, 0x01, 0x7F, 0x89, 0xD2, 0x56, 0x29, 0xBE, 0xB9, 0xAE, 0xEC, 0x99, 0x6B, 0xE0, 0x8E,
    0xE3, 0xE7, 0x49, 0x89, 0x19, 0x94, 0x64, 0x9D, 0x12, 0x2F, 0x5B, 0x92, 0x60, 0x65, 0xAF, 0xFB,
    0xBD, 0x82, 0xD4, 0x99, 0x12, 0x48, 0xD1, 0x96, 0x54, 0x46, 0x65, 0x5B, 0xA5, 0x19, 0xF5, 0xB2,
    0x02, 0x49, 0x5B, 0x25, 0x38, 0x55, 0x7C, 0x5B, 0x5A, 0x1C, 0xE5, 0xFB, 0xAE, 0x9E, 0x94, 0x9D,
    0xFB, 0x98, 0x25, 0x73, 0x9F, 0x7C, 0x01, 0x12, 0x4E, 0xE9, 0xDF, 0x41, 0x38, 0x7F, 0x34, 0x9C,
    0x28, 0x86, 0xB2, 0xCB, 0xBB, 0x38, 0x75, 0xE7, 0x2C, 0x74, 0xDE, 0xB9, 0x4A, 0x25, 0xF0, 0x2B,
    0x3D, 0x96, 0x90, 0x5B, 0x8B, 0x39, 0x4E, 0x51, 0xD8, 0xE9, 0xFE, 0x0E, 0xA1, 0x98, 0xBF, 0x8F,
    0x9E, 0x1F, 0x39, 0x77, 0x61, 0x07, 0xE9, 0xD1, 0x73, 0x0D, 0xA0, 0xD7, 0xD2, 0x8E, 0x7A, 0xDB,
    0x10, 0x61, 0xF2, 0x98, 0xCA, 0x74, 0x0E, 0x50, 0x15, 0x1E, 0xCE, 0xE9, 0x9A, 0x5B, 0xA0, 0x0C,
    0xED, 0xF3, 0x03, 0xCC, 0x0C, 0xB2, 0x15, 0x6A, 0xB2, 0x14, 0x38, 0x76, 0x78, 0x84, 0xC0, 0x81,
    0x81, 0xEA, 0x16, 0xE7, 0x5B, 0xE1, 0xBB, 0xC2, 0xD4, 0x0B, 0xED, 0x48, 0x4D, 0x61, 0xFA, 0x85,
    0x8E, 0x0B, 0x75, 0x0B, 0xB5, 0x85, 0xA7, 0x79, 0xED, 0x69, 0xDA, 0x79, 0x1A, 0xF5, 0x9E, 0x86,
    0xA3, 0xA7, 0x32, 0x2F, 0xD4, 0xCE, 0x5C, 0xDB, 0x48, 0xBE, 0xD0, 0x74, 0xDE, 0x13, 0x07, 0x1A,
    0xCF, 0x09, 0x0C, 0xC0, 0x48, 0x08, 0x0A, 0x4D, 0x87, 0xDA, 0x06, 0xEE, 0x96, 0x37, 0xD3, 0x7B,
    0xEA, 0xA8, 0x66, 0xF2, 0x06, 0x4C, 0xCE, 0xEE, 0x2D, 0x7C, 0x79, 0xAE, 0x3C, 0x4F, 0xE4, 0x68,
    0x52, 0x7E, 0x26, 0xE5, 0x66, 0x52, 0x5E, 0x26, 0xE5, 0x64, 0x52, 0x3E, 0x26, 0xE5, 0x62, 0x52,
    0x1E, 0x26, 0xE5, 0x60, 0xE2, 0xFA, 0xC4, 0xB1, 0xE2, 0x50, 0x31, 0x2C, 0x41, 0x8F, 0x7C, 0x07,
    0x07, 0xB4, 0x0A, 0x38, 0x5F, 0xAA, 0x79, 0xE4, 0x78, 0x4C, 0x41, 0xA5, 0xEE, 0x33, 0x53, 0x6C,
    0xEA, 0x2D, 0xCE, 0x0B, 0x79, 0xDC, 0xCF, 0xEC, 0xD1, 0xF6, 0xCC, 0xBE, 0x23, 0x56, 0x0B, 0x30,
    0xBD, 0x81, 0x95, 0x9A, 0x26, 0x23, 0x2E, 0x5F, 0x0C, 0x6F, 0xAC, 0x8B, 0xA6, 0x2B, 0x72, 0xA9,
    0xE2, 0xDB, 0x4A, 0xBD, 0x5C, 0xA5, 0xEE, 0x60, 0xBF, 0x5D, 0xBC, 0xA1, 0xBA, 0x42, 0xF5, 0x83,
    0xEA, 0x04, 0xBF, 0xE5, 0x01, 0x63, 0x7E, 0xC4, 0xF6, 0x97, 0x6F, 0x33, 0xCE, 0x63, 0xF6, 0xA9,
    0x50, 0x74, 0xA9, 0x96, 0x76, 0x3E, 0x25, 0x9C, 0x0A, 0x2A, 0x19, 0x70, 0xBE, 0x70, 0x08, 0x07,
    0xBA, 0xF2, 0x51, 0x9D, 0xA6, 0x24, 0xDF, 0xFC, 0x71, 0x16, 0xAC, 0x60, 0x05, 0xE3, 0x8D, 0xF7,
    0x77, 0xE0, 0x28, 0xAF, 0xD3, 0x1A, 0x02, 0xED, 0x26, 0x09, 0xBF, 0x81, 0xBC, 0x28, 0x2D, 0x53,
    0x6F, 0x57, 0xDD, 0x9F, 0x35, 0x1A, 0xC0, 0xDD, 0xC1, 0xD0, 0xF9, 0x03, 0xAA, 0xAF, 0x2D, 0x57,
    0xE2, 0x4A, 0x9C, 0x78, 0xB9, 0x8A, 0x5C, 0x59, 0x25, 0xFF, 0x29, 0xAD, 0xCB, 0x4B, 0x33, 0x65,
    0x75, 0xD2, 0xA6, 0xF5, 0x41, 0xD8, 0x9B, 0x8B, 0x5D, 0xFA, 0x65, 0x1D, 0xBB, 0x22, 0x9C, 0x97,
    0x79, 0xAC, 0xEB, 0xF4, 0x6A, 0xE1, 0x43, 0x9E, 0x79, 0x61, 0x98, 0x1F, 0x6F, 0x64, 0xCC, 0xEE,
    0xF7, 0xC9, 0xBF, 0xDB, 0x08, 0xDE, 0xCC, 0xAD, 0x79, 0x9A, 0x9F, 0xE3, 0x72, 0xDE, 0x33, 0x8F,
    0x38, 0x5F, 0x0B, 0x75, 0xCB, 0x21, 0xBC, 0xB4, 0xDF, 0x6E, 0x2B, 0x1B, 0x60, 0x43, 0xAE, 0x84,
    0x60, 0x5A, 0x46, 0x6B, 0x86, 0x6D, 0x86, 0x78, 0x06, 0x72, 0x46, 0xF4, 0x5D, 0xE0, 0x3D, 0xC6,
    0x76, 0x8E, 0xE1, 0x58, 0x06, 0x76, 0x8D, 0xEB, 0x39, 0xF5, 0x1E, 0xD1, 0xF9, 0xCF, 0xBD, 0xC4,
    0x8F, 0x20, 0x6E, 0x3A, 0x5C, 0xB7, 0x55, 0x27, 0x44, 0x78, 0x8D, 0xDC, 0x39, 0x64, 0x6F, 0xAF,
    0xCE, 0xF2, 0x3C, 0x11, 0x9E, 0x3C, 0x07, 0x23, 0x4E, 0x65, 0xE5, 0x0D, 0x45, 0xD2, 0x6E, 0xAB,
    0x95, 0xF0, 0xFE, 0x2F, 0x06, 0xD1, 0xC8, 0xB8, 0xCE, 0xB0, 0xCE, 0xA8, 0xAE, 0x41, 0x1D, 0x31,
    0x3D, 0x2B, 0xAF, 0x48, 0xD2, 0x8C, 0x12, 0x7D, 0xC5, 0x35, 0xA1, 0x30, 0xD5, 0xF6, 0xB8, 0x61,
    0xE1, 0xC5, 0x1A, 0xCC, 0x93, 0x00, 0x21, 0x9D, 0x11, 0x9D, 0x56, 0xC1, 0x78, 0xCE, 0x70, 0x8E,
    0x79, 0x37, 0xB0, 0xD9, 0x7B, 0x9F, 0x15, 0xD1, 0x48, 0x89, 0x99, 0x9A, 0xEF, 0x4F, 0x7C, 0x0F,
    0xF0, 0x3D, 0xC8, 0x9C, 0x14, 0xD6, 0xAF, 0xA4, 0xBE, 0x2B, 0xF9, 0x3F, 0x66, 0x05, 0xBE, 0x7F,
    0x99, 0x3D, 0x41, 0x28, 0x25, 0x5C, 0x18, 0x43, 0x0D, 0x26, 0x86, 0x8C, 0xB2, 0x52, 0x5E, 0xD5,
    0xDE, 0xD4, 0xEE, 0x91, 0x9D, 0xD0, 0x4C, 0xD5, 0x65, 0x4C, 0x72, 0x2A, 0x7B, 0x3C, 0x4A, 0xD7,
    0x4E, 0xFD, 0xFC, 0x8E, 0xD0, 0xC1, 0x93, 0xDC, 0x63, 0x38, 0xF9, 0xB0, 0x09, 0x2F, 0xE7, 0xCF,
    0x31, 0xEA, 0x5F, 0xD9, 0x1E, 0x29, 0x4E, 0xAA, 0x8F, 0x9E, 0x1F, 0xD3, 0xAF, 0xEC, 0x74, 0xF6,
    0x98, 0x4C, 0xF0, 0x97, 0x75, 0xE5, 0xBA, 0x5F, 0xC7, 0x3D, 0xB3, 0xC6, 0x60, 0x84, 0xB7, 0xC7,
    0x75, 0x10, 0x8C, 0x57, 0x90, 0x29, 0xB9, 0x2E, 0x73, 0xCD, 0x1E, 0x3D, 0x22, 0x5D, 0xFB, 0x16,
    0x6D, 0x5F, 0x97, 0x63, 0x84, 0x1D, 0x47, 0x76, 0x15, 0xE9, 0xC7, 0x57, 0x11, 0x76, 0x7C, 0x36,
    0xAD, 0xB0, 0x59, 0xAC, 0xB9, 0x0C, 0xB9, 0x39, 0x05, 0xBE, 0x7F, 0x99, 0x30, 0xF4, 0xF4, 0x0D,
    0xEF, 0x14, 0x51, 0xE3, 0xFA, 0xE3, 0x77, 0xB4, 0x61, 0xCD, 0x48, 0x18, 0x6F, 0x09, 0x59, 0xF1,
    0x72, 0x1B, 0x46, 0x54, 0x6A, 0x98, 0xF0, 0x6C, 0xF1, 0xA1, 0x97, 0xD5, 0xAA, 0xAE, 0x52, 0xEC,
    0x18, 0xC0, 0xC2, 0x47, 0x14, 0x0B, 0x6D, 0x10, 0x1A, 0xF9, 0x2F, 0xE2, 0xF4, 0x0B, 0xE2, 0xFC,
    0x06, 0xDD, 0xAA, 0x89, 0x89, 0x57, 0x8A, 0xB9, 0x57, 0x4E, 0xDF, 0xE9, 0xC4, 0xC0, 0x89, 0xE2,
    0xB4, 0xE1, 0x7D, 0xA8, 0x21, 0x8B, 0x0E, 0x96, 0x64, 0x28, 0x63, 0x89, 0xD5, 0x3F, 0x7B, 0xE7,
    0xBC, 0xEB, 0xA1, 0x45, 0xF6, 0xC0, 0x35, 0x14, 0xF7, 0x11, 0x95, 0x12, 0xB2, 0x3A, 0x03, 0xDB,
    0x1C, 0x03, 0x70, 0x34, 0xF1, 0x23, 0xEB, 0x2B, 0x37, 0x55, 0xCC, 0x50, 0x57, 0x0C, 0xF6, 0x15,
    0xAA, 0xD8, 0x9F, 0x58, 0xDE, 0xCB, 0xDD, 0x2F, 0xDD, 0x94, 0x0C, 0x41, 0xD5, 0xCA, 0x4F, 0x3D,
    0xF7, 0x83, 0x97, 0x35, 0x42, 0xFA, 0x9F, 0x7C, 0xBA, 0x62, 0x8B, 0xC5, 0xD2, 0x65, 0xF6, 0xA8,
    0x9A, 0x76, 0x50, 0x45, 0x2B, 0xB4, 0x05, 0x2B, 0x04, 0x58, 0x4A, 0x9D, 0x75, 0x28, 0xEF, 0x58,
    0xD1, 0x31, 0x09, 0xC0, 0xE9, 0xE7, 0x33, 0x7E, 0x5D, 0x69, 0x71, 0x09, 0xD6, 0x91, 0xF6, 0xD5,
    0xAC, 0x77, 0xAC, 0x56, 0x3D, 0xAB, 0x4D, 0xB8, 0x76, 0x52, 0x9D, 0x77, 0xAC, 0x6E, 0xB0, 0x29,
    0xEC, 0xB3, 0x5F, 0x52, 0xF2, 0xDC, 0xB5, 0xDF, 0x07, 0x30, 0xCC, 0xC3, 0xD8, 0x20, 0xA5, 0xC2,
    0xA7, 0x73, 0xCC, 0xE6, 0x98, 0xCC, 0x51, 0x8B, 0x76, 0x53, 0x39, 0xEE, 0x00, 0x1B, 0x20, 0xFF,
    0x64, 0x9F, 0xDC, 0x93, 0xF9, 0x6A, 0x61, 0x9D, 0xFC, 0xAE, 0x81, 0x6C, 0xFB, 0xD4, 0x43, 0x26,
    0xF2, 0x4C, 0x96, 0x95, 0x63, 0x30, 0x7C, 0x64, 0xD6, 0x76, 0xDC, 0xBD, 0x60, 0xC4, 0x1B, 0x81,
    0x4F, 0x49, 0xB8, 0x97, 0xBD, 0x67, 0xA6, 0x24, 0x29, 0x0A, 0xAB, 0x1C, 0xC5, 0x1D, 0x4A, 0x8F,
    0x12, 0x85, 0xEB, 0x75, 0xA4, 0x44, 0x37, 0x5B, 0x31, 0x77, 0x6A, 0x26, 0xF8, 0x62, 0xB4, 0x1A,
    0x04, 0xC0, 0xBD, 0x9B, 0x3F, 0xA0, 0x90, 0xBD, 0x81, 0xEF, 0xAF, 0xB1, 0xC0, 0x65, 0xB1, 0x6B,
    0xF0, 0x3B, 0xA4, 0x5E, 0x65, 0x8C, 0x24, 0xED, 0x40, 0xD2, 0xCF, 0x71, 0xA6, 0x5F, 0x51, 0x7E,
    0xF4, 0x46, 0xE5, 0x8E, 0x4B, 0x3C, 0x02, 0x42, 0x27, 0x16, 0xF6, 0x6A, 0xC1, 0x93, 0xC5, 0xFE,
    0x2D, 0xD6, 0xB2, 0x60, 0xD1, 0x62, 0x5D, 0x8B, 0xED, 0xE8, 0x3D, 0x7E, 0x87, 0x7A, 0xD9, 0x22,
    0x16, 0x58, 0xE6, 0x67, 0x27, 0x94, 0xFA, 0x49, 0x8A, 0x43, 0xCB, 0x68, 0xC1, 0xAF, 0xE1, 0xFD,
    0xA4, 0xBE, 0xFE, 0xC5, 0x53, 0x3E, 0xEC, 0xF3, 0x4D, 0xCC, 0x71, 0x96, 0x70, 0x46, 0xD8, 0x34,
    0x60, 0x98, 0x7A, 0x52, 0x4A, 0x75, 0x9A, 0x7C, 0xFB, 0xF3, 0xF6, 0x70, 0xFC, 0xF4, 0xF5, 0xC9,
    0x7B, 0x39, 0x4A, 0x4F, 0x8D, 0x6F, 0x5A, 0xD4, 0xC6, 0x7B, 0x26, 0x61, 0xF8, 0xDA, 0xA4, 0x3E,
    0xD6, 0xA7, 0x3E, 0x11, 0xCA, 0xCA, 0x08, 0x96, 0x1A, 0x69, 0x2B, 0x8D, 0x79, 0x02, 0x7B, 0x51,
    0x69, 0xEB, 0x07, 0xAE, 0x21, 0x6D, 0x6F, 0xE3, 0x47, 0x07, 0xF0, 0x90, 0xF0, 0x26, 0xD0, 0x83,
    0x81, 0xAE, 0x06, 0x6B, 0xE7, 0x45, 0x84, 0xAA, 0x32, 0x98, 0x30, 0x6F, 0xC5, 0xB5, 0xB7, 0x3E,
    0x31, 0x5B, 0xEC, 0x43, 0x5D, 0xD5, 0x26, 0xCD, 0xAB, 0xBD, 0x62, 0xB1, 0x4D, 0xA7, 0x7D, 0x30,
    0x5D, 0x97, 0xB6, 0x51, 0xF8, 0x22, 0x2E, 0xD7, 0x02, 0xFE, 0x17, 0x2C, 0x81, 0xE1, 0xD8, 0xCC,
    0xB2, 0x4E, 0xD2, 0x70, 0x9D, 0x2B, 0xE0, 0x97, 0xEB, 0xF4, 0x4B, 0xA7, 0x6C, 0xBD, 0x50, 0x7D,
    0x3C, 0x40, 0xCA, 0xF2, 0x3A, 0x83, 0x07, 0x7B, 0x49, 0x38, 0xD4, 0xEC, 0xE1, 0xFF, 0x5F, 0x03,
    0x4C, 0x1B, 0x5E, 0xFE, 0x1C, 0x8B, 0x85, 0xB6, 0xDE, 0x2F, 0x7C, 0x67, 0x0D, 0xAF, 0x9D, 0x6E,
    0xD6, 0x73, 0x90, 0x53, 0x6C, 0x78, 0x79, 0x3D, 0xC5, 0x4C, 0xB2, 0x94, 0x11, 0x71, 0x7B, 0xE2,
    0x31, 0x80, 0x1D, 0x10, 0x89, 0x07, 0x6F, 0x0E, 0x54, 0xCD, 0x2B, 0x72, 0x2A, 0x31, 0x00, 0x82,
    0x98, 0xFC, 0x29, 0x3E, 0x0D, 0x67, 0xAD, 0x62, 0x6A, 0xE4, 0x98, 0x52, 0x4F, 0x46, 0x99, 0x15,
    0xAF, 0x74, 0xCC, 0x2E, 0x9E, 0x38, 0x1B, 0x22, 0x0A, 0xCE, 0x5A, 0x1B, 0x79, 0xC8, 0x24, 0x80,
    0xAD, 0x6A, 0x05, 0x72, 0x59, 0x73, 0x11, 0x50, 0x39, 0x36, 0x5E, 0x1A, 0x33, 0xA4, 0xAD, 0xE9,
    0xA0, 0xD7, 0x35, 0x75, 0x1B, 0xEF, 0x0B, 0xE8, 0x76, 0x61, 0x90, 0x6B, 0x20, 0xDE, 0x14, 0xD0,
    0x9B, 0x0B, 0xE0, 0xF1, 0x03, 0xE8, 0x8B, 0x5B, 0xE2, 0xCD, 0xE0, 0x4D, 0x9C, 0x55, 0xD3, 0x63,
    0xB0, 0xB4, 0xDF, 0x02, 0x9A, 0x33, 0x8F, 0x05, 0xFA, 0xA5, 0xDD, 0xBB, 0x60, 0xD8, 0x89, 0x67,
    0xE0, 0xB1, 0x06, 0x74, 0x00, 0x9C, 0x39, 0x5B, 0x55, 0x6C, 0x54, 0xB1, 0x4D, 0xC5, 0x26, 0x15,
    0x5B, 0x54, 0x6C, 0x50, 0xB1, 0x3D, 0xC5, 0xE6, 0x14, 0x5B, 0x53, 0x6C, 0x4C, 0xB1, 0x2D, 0xC5,
    0xA6, 0x14, 0x5B, 0x52, 0x6C, 0x48, 0x69, 0xEA, 0x3F, 0xEE, 0xA4, 0xFE, 0xE9, 0xD6, 0xE7, 0xAD,
    0x92, 0x41, 0x2A, 0x18, 0xB4, 0xA5, 0x9F, 0x6A, 0xA1, 0x46, 0x4B, 0x76, 0xC7, 0x4C, 0xF1, 0x69,
    0x80, 0xC3, 0x6D, 0x17, 0xAE, 0x55, 0x3F, 0x42, 0xB2, 0xBC, 0xAB, 0x4F, 0xEB, 0x7B, 0x09, 0x17,
    0x4C, 0xD3, 0x35, 0xD2, 0x8F, 0xE1, 0x70, 0xEA, 0x99, 0xED, 0x91, 0x7A, 0xC8, 0xCF, 0x15, 0x64,
    0xDD, 0x75, 0x1E, 0xF8, 0x3E, 0x2F, 0x8F, 0x9F, 0xE5, 0xAE, 0x23, 0x88, 0x26, 0xD1, 0xDA, 0xE8,
    0xD3, 0x63, 0x3C, 0x24, 0xE4, 0x57, 0x9F, 0xF1, 0xFA, 0xF3, 0x66, 0x28, 0xF2, 0x75, 0x9E, 0xD9,
    0x76, 0x24, 0x4F, 0x2C, 0xF7, 0xDD, 0xF5, 0x26, 0xDB, 0xA6, 0xC4, 0x6F, 0xB4, 0x82, 0xC9, 0x1E,
    0xF1, 0xB9, 0x55, 0xED, 0xB3, 0x03, 0x6D, 0x57, 0x22, 0x3B, 0x98, 0xA6, 0x2A, 0xE8, 0xE7, 0x39,
    0xEA, 0xAA, 0x39, 0x6E, 0xAA, 0x39, 0xAD, 0xAB, 0x39, 0x2F, 0xAA, 0xEA, 0x1C, 0xB2, 0x03, 0xDA,
    0xE1, 0x80, 0xEC, 0xA0, 0xF7, 0x45, 0x2B, 0xA0, 0xC8, 0xEE, 0x0C, 0xF2, 0x23, 0x15, 0xE7, 0x72,
    0x92, 0xC6, 0x07, 0xE5, 0x60, 0x93, 0x14, 0xDC, 0x43, 0x56, 0xC0, 0x47, 0x44, 0xBD, 0xCF, 0x0A,
    0x6E, 0xC2, 0x3F, 0x41, 0x93, 0x66, 0x83, 0x95, 0x2E, 0xC3, 0xAB, 0x0C, 0xF0, 0x2A, 0x1D, 0xCE,
    0xEF, 0xC1, 0x36, 0x2B, 0xC8, 0x21, 0x74, 0xCE, 0x19, 0x0D, 0x8E, 0x13, 0xD1, 0x10, 0x57, 0xDA,
    0xD7, 0x48, 0x18, 0xC4, 0xAF, 0x77, 0xAF, 0xA4, 0xF0, 0x62, 0xEA, 0x99, 0xDD, 0xEF, 0x25, 0x79,
    0x30, 0x22, 0x9D, 0x3D, 0x10, 0xD1, 0xA7, 0x21, 0x2F, 0x53, 0x68, 0x7D, 0xAA, 0x09, 0x84, 0x46,
    0x3C, 0x70, 0x75, 0xC0, 0xCD, 0x0C, 0x21, 0x58, 0xBB, 0x84, 0xBF, 0xD3, 0xB6, 0xB5, 0xB7, 0x4B,
    0xF8, 0xB0, 0x0E, 0x43, 0x31, 0xA8, 0x41, 0xDE, 0x5C, 0xBE, 0x23, 0xDF, 0xC3, 0xDF, 0x71, 0x37,
    0x53, 0x31, 0xCE, 0xDE, 0xEC, 0x24, 0x85, 0x80, 0xE2, 0x76, 0x94, 0xB0, 0xBB, 0xBC, 0x9B, 0x9F,
    0x6D, 0xE1, 0xD0, 0x23, 0x0C, 0x39, 0x94, 0x33, 0x3E, 0xF6, 0x5D, 0xE9, 0x73, 0x82, 0x0D, 0xFC,
    0x05, 0xF3, 0xFF, 0x0D, 0xF3, 0xFF, 0x17, 0xF3, 0xF7, 0x38, 0x80, 0x71, 0xE7, 0x00, 0x6C, 0xEB,
    0xF7, 0xE2, 0x98, 0x8A, 0x58, 0x1E, 0xD7, 0x7A, 0xCD, 0x82, 0xEA, 0x92, 0xAB, 0xAB, 0xDE, 0x63,
    0xBE, 0x51, 0x68, 0x0E, 0x68, 0xA1, 0x9D, 0xBF, 0x85, 0x29, 0x6B, 0xCC, 0x87, 0x36, 0x7E, 0x3E,
    0x22, 0x9D, 0x7D, 0x0F, 0x12, 0x38, 0x73, 0xA2, 0x3C, 0xCB, 0x47, 0x60, 0xAB, 0x81, 0x0E, 0x67,
    0x57, 0x87, 0x77, 0xE4, 0xDE, 0x19, 0x9D, 0x3E, 0xA0, 0x6C, 0xBB, 0xDC, 0x0D, 0xF6, 0xFD, 0x11,
    0xE6, 0xAB, 0x8D, 0x96, 0x69, 0x12, 0xFF, 0xF0, 0xE5, 0xC7, 0xC6, 0x4D, 0x29, 0x83, 0x73, 0x5B,
    0x51, 0xE7, 0xDA, 0xF4, 0x7E, 0x17, 0x3F, 0x18, 0xC2, 0xEE, 0xDE, 0x3A, 0xE1, 0x1C, 0xF5, 0x1A,
    0x98, 0x61, 0x3E, 0xEB, 0xC2, 0x30, 0x3F, 0x1E, 0xF3, 0x40, 0x77, 0x3B, 0xE8, 0xEE, 0xF0, 0xB8,
    0xEE, 0x3E, 0x71, 0x0F, 0x47, 0x41, 0x2D, 0xC1, 0x5D, 0x48, 0xB2, 0xC8, 0x11, 0x5B, 0xE3, 0xEE,
    0xE3, 0xA0, 0xFB, 0x50, 0x15, 0xF6, 0x78, 0xCD, 0x79, 0xF9, 0x0C, 0xAA, 0x5A, 0x53, 0x1E, 0xE7,
    0xFB, 0x73, 0x72, 0xD7, 0x4B, 0xE8, 0x39, 0x9B, 0xF3, 0xE9, 0x3F, 0x61, 0x8A, 0x3D, 0xEA, 0x6F,
    0x78, 0x29, 0x39, 0xC8, 0x91, 0x62, 0xA4, 0x27, 0x5E, 0xE9, 0x1C, 0xA9, 0x75, 0xFB, 0x6B, 0xAD,
    0x43, 0x86, 0x84, 0x28, 0x9C, 0xD7, 0xB4, 0x97, 0x6C, 0x03, 0xFC, 0x8C, 0xFB, 0x05, 0x7B, 0x35,
    0x1C, 0x27, 0x16, 0x26, 0xFE, 0x83, 0xDB, 0xBE, 0x02, 0xC6, 0xBD, 0x60, 0xC8, 0xCB, 0xA8, 0x4D,
    0xEA, 0xA0, 0x08, 0x8A, 0x13, 0xAD, 0xCE, 0x3E, 0x62, 0xBC, 0x69, 0xD4, 0x77, 0x42, 0xF1, 0x04,
    0x9A, 0x27, 0x8B, 0x60, 0x8F, 0xF5, 0x40, 0xE1, 0x28, 0x19, 0x30, 0x7B, 0xF7, 0x55, 0x8C, 0x3E,
    0xE2, 0x5A, 0xF6, 0x9E, 0x36, 0x9E, 0xDA, 0xDA, 0x5B, 0xC2, 0xA4, 0x59, 0xA0, 0xAF, 0xDC, 0x69,
    0x35, 0xB4, 0x2A, 0x5B, 0xFA, 0xAA, 0x9F, 0xD5, 0x7F, 0x3C, 0xDA, 0x0F, 0x5A, 0xC9, 0x11, 0x46,
    0xD3, 0xBF, 0x52, 0x45, 0xA1, 0x23, 0xD0, 0x86, 0x4D, 0xF0, 0xBF, 0x86, 0x58, 0xF1, 0xE5, 0xE4,
    0x2B, 0x2D, 0xA8, 0x6E, 0xD6, 0xBD, 0x4D, 0xAF, 0xA6, 0xB1, 0xFA, 0x69, 0x40, 0x0F, 0x27, 0xB0,
    0x6C, 0xCA, 0x3D, 0x6E, 0x57, 0xF0, 0x70, 0xF9, 0xC6, 0xC3, 0x9D, 0x14, 0xCF, 0x5E, 0x77, 0x33,
    0xD7, 0x9A, 0xF3, 0xDD, 0x7B, 0x32, 0x9C, 0x91, 0x0F, 0x35, 0x35, 0x6B, 0x2A, 0xDB, 0x5B, 0x37,
    0xDA, 0x76, 0xB4, 0xF5, 0xA7, 0xFA, 0x7F, 0x0C, 0x4F, 0xB8, 0xA8, 0xBB, 0x5A, 0xD1, 0x22, 0xDE,
    0xE9, 0x03, 0xA6, 0x73, 0x5B, 0xDD, 0x3D, 0xA9, 0xE6, 0xB1, 0x85, 0x57, 0xCE, 0x77, 0xBD, 0x72,
    0x7F, 0xF9, 0xE5, 0x1E, 0x68, 0x50, 0x77, 0xAD, 0xD7, 0xDD, 0xB0, 0x47, 0xB5, 0xDA, 0x26, 0xE5,
    0x5A, 0x77, 0x4F, 0xEC, 0xC1, 0xC5, 0xE2, 0x95, 0x63, 0x7A, 0xE5, 0xE6, 0xB0, 0x57, 0x3E, 0x0E,
    0xCF, 0x01, 0x2A, 0x98, 0x44, 0xAB, 0x13, 0x9E, 0xDF, 0x9B, 0xBE, 0xE3, 0x53, 0xF8, 0xE2, 0x9A,
    0x55, 0x31, 0x1F, 0x3C, 0x07, 0x7C, 0x90, 0x1A, 0x33, 0xBF, 0xB3, 0x5A, 0x32, 0x5F, 0xC2, 0xC8,
    0xCF, 0x50, 0xAD, 0xB3, 0x0B, 0x50, 0x69, 0x75, 0xBE, 0x3C, 0x94, 0x7E, 0x63, 0xC9, 0xC9, 0x34,
    0x1B, 0x07, 0xFC, 0x10, 0xF0, 0xF3, 0x4D, 0x62, 0x96, 0xAB, 0x43, 0xAB, 0xE4, 0x36, 0x8B, 0xDF,
    0xAF, 0x31, 0x73, 0x23, 0xFB, 0x50, 0xC0, 0xE1, 0xF7, 0xD1, 0x50, 0xB9, 0xBE, 0x42, 0x85, 0xE8,
    0xBB, 0x98, 0xB7, 0x17, 0x1F, 0xC8, 0x26, 0xC7, 0xEF, 0x90, 0xCE, 0xFA, 0x47, 0xB9, 0x6E, 0x5C,
    0x60, 0xF0, 0xBA, 0xFD, 0x82, 0x90, 0x2D, 0xA0, 0x69, 0x43, 0xB1, 0xD8, 0x01, 0x3E, 0x87, 0xCC,
    0x2A, 0xB1, 0xB3, 0x64, 0xF9, 0xAA, 0xDB, 0x5E, 0x15, 0x98, 0xE5, 0xD5, 0xEE, 0xDE, 0x5C, 0xAE,
    0xFE, 0xF5, 0xC8, 0x75, 0x21, 0xF4, 0xBF, 0xBA, 0xB5, 0x6C, 0xDC, 0x68, 0x50, 0x49, 0xB5, 0x3D,
    0x73, 0x56, 0x1F, 0x3F, 0xA0, 0x74, 0x84, 0x1B, 0xD7, 0x3E, 0xC9, 0xBB, 0x4C, 0x5C, 0x83, 0x05,
    0x98, 0x4E, 0x33, 0xFB, 0xB3, 0x98, 0x47, 0x4F, 0x12, 0x16, 0xFD, 0x68, 0x96, 0x40, 0x93, 0xED,
    0x75, 0xD7, 0x0D, 0xEF, 0x99, 0xEF, 0x67, 0x23, 0x24, 0x47, 0x56, 0x60, 0x26, 0x0F, 0x45, 0xDE,
    0xD2, 0x79, 0x99, 0x10, 0xA1, 0x1A, 0x7F, 0x2B, 0x51, 0x5E, 0x80, 0xB3, 0x36, 0x60, 0x8C, 0x28,
    0x13, 0xD7, 0xED, 0x5D, 0x18, 0xB8, 0x00, 0x2E, 0xFE, 0xB3, 0x51, 0xB7, 0xE7, 0x1A, 0xEB, 0xF8,
    0x3F, 0x01, 0x3F, 0x93, 0x9D, 0x67, 0xB5, 0xD5, 0x63, 0xCF, 0x6A, 0x59, 0x2E, 0xB2, 0x70, 0x7C,
    0x22, 0xF8, 0x26, 0x88, 0x87, 0xA7, 0x8D, 0xF1, 0x30, 0x6D, 0x9F, 0x39, 0x61, 0xEE, 0xC7, 0x9E,
    0x7B, 0x1E, 0x01, 0x6C, 0x1E, 0xDA, 0x4D, 0xC1, 0x56, 0xD0, 0x91, 0x3C, 0xEB, 0xBF, 0x36, 0xFE,
    0x07, 0xAD, 0x59, 0xBF, 0x8F, 0xDD, 0xC6, 0x9D, 0xFF, 0xF2, 0xF1, 0xB2, 0x74, 0x42, 0x43, 0xDC,
    0x26, 0x80, 0x82, 0x8D, 0xCD, 0x2D, 0xAE, 0x31, 0x1C, 0x7B, 0x52, 0xB8, 0x50, 0x90, 0xDD, 0x1D,
    0xCA, 0x0A, 0x90, 0x22, 0x85, 0xD5, 0xA4, 0x4A, 0x71, 0x2A, 0xAF, 0x3A, 0x5F, 0x61, 0x1C, 0x74,
    0x80, 0x24, 0xD2, 0x76, 0xE0, 0x14, 0x2E, 0xB4, 0xFF, 0x81, 0x55, 0xB8, 0x30, 0xEE, 0x02, 0x48,
    0x85, 0x0B, 0x05, 0xD8, 0xDD, 0x19, 0xC1, 0x45, 0x0A, 0x17, 0x62, 0x92, 0xFE, 0xC4, 0xE4, 0x74,
    0x38, 0x9C, 0x81, 0x44, 0x8C, 0x8F, 0x71, 0x28, 0x87, 0xE4, 0xE4, 0xF3, 0x99, 0x79, 0xEF, 0xED,
    0x6F, 0xED, 0x1A, 0xC9, 0x7B, 0x33, 0xDF, 0x7D, 0x24, 0xBF, 0xFC, 0xCE, 0xCC, 0x77, 0xBE, 0x3F,
    0x3E, 0xDF, 0xD9, 0x69, 0xAD, 0x13, 0x63, 0x46, 0x29, 0x9D, 0x13, 0x5D, 0xEB, 0xC2, 0x7F, 0x2F,
    0x1B, 0xD1, 0xBC, 0x76, 0x03, 0xFA, 0xB6, 0xE8, 0xEA, 0x39, 0xFF, 0x3B, 0x43, 0x9F, 0xB9, 0x46,
    0xE4, 0xCD, 0x49, 0x62, 0xE7, 0xAA, 0x0C, 0x5D, 0x59, 0x5D, 0xE1, 0x8D, 0xCA, 0x48, 0x59, 0xED,
    0x89, 0xAB, 0xA6, 0xC8, 0x55, 0x7B, 0xB1, 0xAB, 0x4C, 0xFA, 0xA4, 0x2A, 0x9D, 0xAA, 0xF4, 0x98,
    0xDB, 0xB4, 0xC9, 0xEC, 0x5E, 0x84, 0x31, 0x52, 0x57, 0x94, 0xCA, 0x59, 0x7D, 0x13, 0x6F, 0x75,
    0xB9, 0xD5, 0x6D, 0x66, 0x75, 0x8D, 0xBF, 0x36, 0xA7, 0x14, 0xC8, 0xE1, 0xB8, 0x13, 0x7A, 0x2F,
    0x2F, 0xBB, 0x4A, 0xC4, 0x34, 0x92, 0xBA, 0x4E, 0x72, 0xD7, 0x8A, 0xB6, 0xAB, 0x52, 0x16, 0x22,
    0xA5, 0xE0, 0xF6, 0xA2, 0xA7, 0xAD, 0x98, 0x72, 0x10, 0x83, 0xB9, 0x9A, 0xDA, 0x88, 0x29, 0xBC,
    0x04, 0xF6, 0x2A, 0xFC, 0x2D, 0xC1, 0x87, 0x67, 0x8E, 0xEB, 0xEB, 0x25, 0x32, 0xDB, 0xB2, 0xD6,
    0xE3, 0xB2, 0x28, 0x9D, 0xBD, 0x96, 0x43, 0x78, 0x2B, 0xC9, 0xA2, 0xA5, 0xED, 0x6B, 0x79, 0x6D,
    0x9C, 0x2D, 0x9D, 0xA4, 0x9E, 0x35, 0x75, 0xAD, 0x72, 0xAD, 0xAE, 0xD6, 0x31, 0xD4, 0x84, 0xA6,
    0x9A, 0xC9, 0x75, 0xA6, 0xDB, 0x29, 0xEB, 0x1D, 0x4C, 0x30, 0x73, 0x2D, 0x56, 0x19, 0x5B, 0x99,
    0xD5, 0xE2, 0x3F, 0xBA, 0x3A, 0x83, 0x44, 0x7B, 0x65, 0x85, 0xE5, 0x60, 0x5D, 0x39, 0x89, 0xAE,
    0x70, 0x59, 0xF2, 0x01, 0xA7, 0x2B, 0x7B, 0x4B, 0x42, 0x4D, 0x4A, 0x79, 0x99, 0x2C, 0x81, 0xF9,
    0x6E, 0x25, 0xB3, 0x51, 0x51, 0xCA, 0x01, 0x62, 0x41, 0x32, 0x07, 0x85, 0xA4, 0x0E, 0x3F, 0x67,
    0x13, 0xA7, 0xB0, 0x87, 0x9E, 0xF0, 0x32, 0xA3, 0xF2, 0xD4, 0x83, 0x62, 0xCE, 0xFC, 0x37, 0x4D,
    0xC3, 0x72, 0x1A, 0x16, 0xCC, 0x1F, 0x60, 0xAD, 0x63, 0x56, 0xCB, 0xCA, 0x54, 0xE4, 0xAE, 0xD1,
    0xAE, 0xBB, 0x15, 0x0F, 0xC6, 0x0D, 0xCE, 0x8D, 0x68, 0x22, 0x68, 0xC3, 0x35, 0xDE, 0x69, 0x8D,
    0xAB, 0xD7, 0x26, 0x49, 0xA9, 0x73, 0x8B, 0xCB, 0x6B, 0x49, 0x27, 0xB3, 0x41, 0x22, 0x70, 0xB2,
    0xED, 0x46, 0xC3, 0xAD, 0xB8, 0xD7, 0xAE, 0xCD, 0x5D, 0xBD, 0xE2, 0xD9, 0x84, 0x8C, 0x57, 0xB1,
    0x2D, 0x5F, 0xB4, 0x72, 0x2D, 0xC1, 0x5E, 0x4B, 0x32, 0x75, 0x18, 0x7B, 0x30, 0x75, 0x32, 0x0D,
    0xAA, 0x28, 0xEB, 0x01, 0xEA, 0x8F, 0x40, 0xF6, 0xE2, 0x9E, 0xCC, 0xE0, 0x50, 0xAE, 0x26, 0x1B,
    0xDE, 0x5D, 0x81, 0x0D, 0x72, 0x3A, 0x75, 0x29, 0x30, 0x20, 0xC9, 0x07, 0x49, 0x61, 0xB5, 0x83,
    0xDF, 0x32, 0xB9, 0x8A, 0xF1, 0x31, 0x54, 0x3A, 0x15, 0x6B, 0x9C, 0x4E, 0xA5, 0x9D, 0x5D, 0xC7,
    0x12, 0x94, 0x8D, 0x5D, 0x11, 0xD3, 0x88, 0xAD, 0x64, 0xCD, 0xD5, 0xAC, 0xC1, 0x94, 0x69, 0xCB,
    0x4F, 0x05, 0x6C, 0xE0, 0x7B, 0xCF, 0x9B, 0xFF, 0x6A, 0xE6, 0x7E, 0x20, 0xEA, 0x93, 0x31, 0x9E,
    0xA2, 0x1E, 0xFC, 0xE0, 0xC6, 0x98, 0x59, 0x23, 0xE0, 0xC7, 0x64, 0x6B, 0xA1, 0xFA, 0xF0, 0x0A,
    0x6D, 0x25, 0x73, 0xBD, 0x72, 0x43, 0x59, 0x8D, 0x26, 0x1A, 0x26, 0xD5, 0xD1, 0x56, 0xD4, 0x08,
    0x83, 0x2C, 0x2B, 0x03, 0x83, 0x86, 0xDF, 0x44, 0x70, 0x23, 0xEC, 0xD9, 0x81, 0x96, 0xF1, 0xFE,
    0xB4, 0x62, 0xFE, 0xEF, 0xC8, 0x7D, 0x36, 0x5D, 0xAD, 0x96, 0xB0, 0x51, 0x29, 0x47, 0x51, 0x0D,
    0xD7, 0xC8, 0x85, 0xE6, 0x8E, 0x1B, 0x48, 0x52, 0x5E, 0x96, 0xE0, 0x08, 0xFB, 0xC4, 0x38, 0x6E,
    0xBD, 0x23, 0x17, 0x88, 0xB6, 0x86, 0xB7, 0x4B, 0xBA, 0x49, 0x49, 0xBB, 0x28, 0xA9, 0x0C, 0x7F,
    0x89, 0xA7, 0xE6, 0x75, 0xB2, 0x90, 0x4F, 0x39, 0xF0, 0x25, 0x9D, 0x97, 0x42, 0x87, 0xA2, 0xD2,
    0x5E, 0x98, 0x8D, 0xE2, 0xBD, 0x1D, 0x04, 0x8A, 0x9E, 0xD1, 0xC6, 0xC4, 0x3C, 0x86, 0x70, 0x88,
    0x86, 0x60, 0x88, 0x85, 0x50, 0x88, 0x9C, 0xF8, 0xC3, 0x41, 0x18, 0x44, 0x41, 0x90, 0x17, 0x03,
    0x21, 0x7B, 0x2F, 0x44, 0x23, 0x5E, 0xC7, 0xCB, 0x2B, 0x78, 0xD5, 0x3C, 0xA6, 0xAD, 0x61, 0xA0,
    0x11, 0x93, 0x7A, 0xCE, 0x0F, 0xC2, 0xB5, 0x4C, 0xB1, 0xF3, 0xDD, 0xA0, 0x97, 0x56, 0xE3, 0x39,
    0xBC, 0x0E, 0x9E, 0x1F, 0xC1, 0xE3, 0x0D, 0xAC, 0x45, 0x57, 0x49, 0x97, 0xD7, 0x59, 0x9B, 0xB5,
    0x79, 0x1D, 0x77, 0xBA, 0x9A, 0x0D, 0x74, 0x42, 0xEE, 0x0D, 0xE6, 0xA5, 0x30, 0xAD, 0x0C, 0x3D,
    0x47, 0xD7, 0x1D, 0x46, 0xC4, 0xBD, 0xE1, 0x96, 0x44, 0xBD, 0x46, 0xC7, 0x24, 0x20, 0x47, 0x0C,
    0xEE, 0xC1, 0xC1, 0xD5, 0xF6, 0x6C, 0x34, 0x7D, 0xCE, 0x29, 0x4E, 0xEB, 0xE5, 0xF4, 0x35, 0xC9,
    0xC0, 0x9F, 0xC3, 0x88, 0x34, 0x65, 0x81, 0x77, 0xD4, 0xA1, 0x53, 0x7F, 0xBC, 0x97, 0x76, 0x74,
    0x86, 0xE2, 0xD9, 0xDD, 0x14, 0xE5, 0xEB, 0xAE, 0x80, 0xCC, 0x42, 0xB9, 0xB2, 0x48, 0x7B, 0x98,
    0x9D, 0x9C, 0xD8, 0xE1, 0x45, 0xB5, 0xD0, 0xA2, 0x33, 0x44, 0x4D, 0xBA, 0xAC, 0xBF, 0x3B, 0xDF,
    0xB2, 0x12, 0x61, 0xA6, 0xA4, 0x16, 0xB1, 0xF6, 0xB2, 0xC1, 0x7E, 0x23, 0x02, 0xD2, 0x11, 0x9F,
    0xD5, 0xFF, 0xEE, 0xF2, 0x96, 0x73, 0x85, 0x04, 0x3D, 0xCD, 0xF5, 0x0B, 0x93, 0xBB, 0xCF, 0x90,
    0xC2, 0xA8, 0xD2, 0xCB, 0xF2, 0x13, 0x0D, 0xFB, 0xED, 0xE5, 0xE9, 0x0E, 0xFC, 0x90, 0xAE, 0x48,
    0xE5, 0xFB, 0x36, 0xCE, 0x1B, 0xA4, 0x9D, 0xDA, 0x1E, 0xC0, 0x57, 0x61, 0xF9, 0x76, 0xC6, 0x69,
    0xDA, 0xD0, 0xE2, 0x4E, 0x8E, 0xB7, 0xE5, 0xD3, 0xE0, 0xC7, 0xC7, 0x5B, 0x3E, 0x5D, 0x80, 0x67,
    0x21, 0xFE, 0xB4, 0x48, 0x10, 0x47, 0x9E, 0xBA, 0x03, 0xCD, 0xEC, 0xB7, 0x94, 0x19, 0x4D, 0x76,
    0x8C, 0x74, 0x6C, 0xCF, 0xEF, 0x9A, 0x5D, 0xC4, 0xF1, 0x14, 0x8E, 0x6C, 0xE4, 0x78, 0xF3, 0xF9,
    0xE8, 0xBC, 0x5F, 0xAB, 0xC6, 0x6C, 0x4C, 0xFA, 0x33, 0x53, 0x80, 0x77, 0x3B, 0xB7, 0x24, 0x88,
    0x53, 0x15, 0xD6, 0xAA, 0xAB, 0xB4, 0x01, 0x51, 0x3E, 0x18, 0x93, 0x8F, 0xBE, 0xF7, 0x2E, 0xE6,
    0x05, 0x32, 0x90, 0x4C, 0xF3, 0xF0, 0x6C, 0xFD, 0x4E, 0x89, 0x22, 0xC1, 0xAE, 0x7F, 0x8F, 0x33,
    0xD5, 0xCE, 0xBB, 0x6B, 0xE7, 0x03, 0x21, 0x76, 0x71, 0x88, 0xBB, 0xF3, 0x90, 0x68, 0x04, 0xB9,
    0x32, 0x66, 0x1D, 0xE7, 0xD2, 0x69, 0x28, 0xB2, 0x4F, 0x3B, 0xF5, 0xAB, 0x41, 0x0B, 0x1E, 0x9C,
    0x87, 0x5C, 0x26, 0xF9, 0xD9, 0x94, 0x07, 0x01, 0x6A, 0x2A, 0xFF, 0xD2, 0xA5, 0x5D, 0xFE, 0x1B,
    0xCC, 0x83, 0xDB, 0xB7, 0x20, 0xFD, 0x11, 0x52, 0xA6, 0xAD, 0xAA, 0xCB, 0x72, 0x64, 0x54, 0xE6,
    0xB8, 0xB5, 0xBB, 0x02, 0xAD, 0x4D, 0xC8, 0x07, 0xC5, 0x34, 0x3B, 0x0F, 0x59, 0x8A, 0x82, 0xF8,
    0x08, 0x59, 0x1B, 0x41, 0xD9, 0x93, 0x79, 0x0E, 0xD4, 0xAF, 0x43, 0x1B, 0xEA, 0x03, 0x06, 0x66,
    0x9F, 0xB4, 0xFA, 0xBC, 0x46, 0x18, 0x40, 0xC4, 0xCF, 0x2D, 0x82, 0xF6, 0xB9, 0xC8, 0x3C, 0xB9,
    0xFE, 0x03, 0xB7, 0x2B, 0x67, 0xF0, 0xD3, 0x3E, 0xF8, 0x72, 0x39, 0x7B, 0xF0, 0x30, 0xA3, 0x97,
    0x1E, 0x56, 0x95, 0x73, 0xEC, 0xA3, 0xE5, 0xF4, 0x2E, 0xCB, 0x4E, 0xA9, 0x0A, 0xD3, 0xCB, 0x26,
    0xAF, 0x09, 0xC9, 0x6A, 0x6D, 0x81, 0x7F, 0x80, 0x8D, 0x74, 0x87, 0x3E, 0xA2, 0x1B, 0x74, 0xFD,
    0xD0, 0xEA, 0xEC, 0x89, 0xD5, 0x48, 0xE4, 0x7A, 0x86, 0x2E, 0xEC, 0xDA, 0x82, 0xDF, 0x46, 0xA6,
    0x82, 0xE7, 0xB7, 0x58, 0xDB, 0x00, 0x2C, 0x34, 0xC9, 0x2E, 0xAC, 0x80, 0xA6, 0xB4, 0xE8, 0xBB,
    0x8C, 0xF9, 0xC5, 0x38, 0xC7, 0x6A, 0xAD, 0x44, 0x98, 0x7E, 0x64, 0xDE, 0x40, 0xFE, 0xC3, 0x53,
    0x80, 0x19, 0x87, 0x3C, 0x59, 0xE0, 0xDE, 0x1E, 0x91, 0x14, 0xD9, 0xEC, 0x3E, 0xD9, 0xA3, 0x6D,
    0x95, 0x7C, 0x4A, 0xBE, 0x36, 0x73, 0x4F, 0x5C, 0x1B, 0x39, 0xBC, 0x0B, 0x4F, 0x2B, 0x90, 0x05,
    0x7C, 0xD0, 0x71, 0xCC, 0x47, 0x33, 0xE7, 0x91, 0x41, 0x65, 0xE2, 0x56, 0xD9, 0x29, 0x06, 0x8E,
    0x0B, 0x24, 0xE9, 0x73, 0x6B, 0xB2, 0x51, 0xC1, 0x6B, 0x91, 0x69, 0xD5, 0x84, 0x7C, 0x95, 0xF4,
    0x49, 0x3F, 0x5F, 0xFC, 0x91, 0xEE, 0x91, 0xDD, 0xC4, 0xB1, 0x2A, 0x7D, 0xD7, 0x58, 0xA3, 0x6E,
    0x23, 0x63, 0xBE, 0xBF, 0xEC, 0xB8, 0xAE, 0x4B, 0xDC, 0xE7, 0xF3, 0x45, 0x5E, 0x38, 0x26, 0x63,
    0xD1, 0x4F, 0x0C, 0x20, 0x49, 0xF7, 0xCF, 0x59, 0x37, 0xA8, 0x0E, 0x56, 0x56, 0xFE, 0xB9, 0xCF,
    0xDF, 0xE9, 0x0F, 0x85, 0xAF, 0xB3, 0xDA, 0xB7, 0xE2, 0x41, 0xA7, 0xC8, 0x61, 0x63, 0x3E, 0x8C,
    0x69, 0xB3, 0xC7, 0x9B, 0x72, 0x06, 0x01, 0xC4, 0x11, 0xBC, 0x86, 0xE5, 0xA6, 0xC3, 0x3C, 0x81,
    0xE6, 0x23, 0x48, 0xFA, 0x5B, 0x3E, 0x15, 0x4F, 0xC6, 0x79, 0x8E, 0xC5, 0xFA, 0xA7, 0x45, 0x32,
    0x4F, 0x9F, 0xC2, 0xAE, 0x6A, 0x53, 0x76, 0x25, 0x00, 0x44, 0x33, 0x94, 0xF6, 0x43, 0x06, 0x4A,
    0x39, 0x57, 0x3B, 0xFC, 0xE2, 0x47, 0xCF, 0x7A, 0xB1, 0x60, 0xF8, 0xC8, 0x89, 0xD9, 0x6D, 0x34,
    0x15, 0xB0, 0x8C, 0xCC, 0xD5, 0x84, 0xE2, 0xB6, 0x3A, 0xF9, 0x2D, 0x1F, 0xAF, 0x55, 0xC7, 0x89,
    0x6A, 0x57, 0xAC, 0x6B, 0x8F, 0x4B, 0xF2, 0xF3, 0x36, 0x33, 0x15, 0xC6, 0x01, 0x55, 0x75, 0x26,
    0xEE, 0x0D, 0x92, 0x77, 0xD2, 0x07, 0x5C, 0x08, 0xE8, 0x0D, 0x1B, 0x07, 0x6E, 0xE7, 0x7D, 0x19,
    0xD9, 0xF0, 0x23, 0x69, 0x4D, 0x56, 0x1B, 0x55, 0xF1, 0x29, 0xDE, 0xFA, 0x49, 0x78, 0xAB, 0xE7,
    0x0F, 0x5C, 0x4E, 0x85, 0x87, 0x78, 0x4C, 0x36, 0x46, 0xAE, 0x19, 0x4C, 0xEC, 0x29, 0x6C, 0xA7,
    0x91, 0x37, 0xB1, 0xCF, 0xFD, 0xC7, 0xE0, 0xC4, 0x28, 0x90, 0x3C, 0xC9, 0x8E, 0xB0, 0xDD, 0x40,
    0x12, 0xEB, 0x88, 0x0B, 0x52, 0x9A, 0xCC, 0x63, 0x71, 0xFD, 0xCC, 0x75, 0x71, 0xBF, 0xBA, 0x6F,
    0x1C, 0x7D, 0x80, 0xA3, 0x12, 0x85, 0x8C, 0x35, 0xF9, 0x88, 0x8F, 0xC0, 0x5B, 0x86, 0x1C, 0x55,
    0x1D, 0x5C, 0xE9, 0xAA, 0xB6, 0x58, 0x3E, 0x7C, 0x7E, 0x8D, 0x01, 0x00, 0x83, 0x13, 0x5F, 0x67,
    0x0C, 0x2D, 0x75, 0x11, 0x3C, 0xFA, 0xF4, 0x9E, 0xC0, 0x70, 0x17, 0xFD, 0x54, 0x3E, 0x0C, 0x07,
    0xAC, 0x87, 0x90, 0x22, 0x44, 0x7B, 0x3E, 0xF7, 0x42, 0xEB, 0xDE, 0x3E, 0x30, 0xB0, 0xAC, 0x2F,
    0x22, 0x47, 0x7E, 0xCE, 0x8E, 0x18, 0x26, 0xCC, 0x69, 0x3E, 0x2E, 0x22, 0x5E, 0x40, 0x20, 0x96,
    0xEF, 0xDA, 0xA4, 0x5B, 0x5F, 0x96, 0x3A, 0x4B, 0x25, 0x04, 0x3D, 0x1C, 0x56, 0xC2, 0x7C, 0xEF,
    0x53, 0x0F, 0x96, 0x77, 0xB4, 0xBD, 0xAF, 0xB1, 0x71, 0x9D, 0x1E, 0xAF, 0x67, 0x8F, 0x2F, 0x89,
    0x07, 0x48, 0x9A, 0x26, 0x21, 0xAB, 0xFB, 0xFC, 0xFB, 0x0D, 0x89, 0x08, 0x39, 0x95, 0xF5, 0xDB,
    0x81, 0x9B, 0xB3, 0x3B, 0xFB, 0x55, 0x96, 0x37, 0x03, 0xB4, 0x26, 0x39, 0x50, 0x7A, 0x9D, 0xDA,
    0x3A, 0x46, 0x76, 0x04, 0x41, 0x28, 0x3E, 0xC1, 0x1E, 0x62, 0xE2, 0x87, 0xC8, 0xCB, 0xD3, 0x7F,
    0x4E, 0x3E, 0x99, 0x16, 0x9E, 0xCC, 0x1F, 0x20, 0xE4, 0xC4, 0x83, 0xEA, 0x19, 0xB3, 0x10, 0x7C,
    0xDC, 0x9F, 0xB0, 0xC0, 0x12, 0x29, 0x15, 0x08, 0xDF, 0xB2, 0x1B, 0xEB, 0xAA, 0xBC, 0xBA, 0xC5,
    0xC9, 0xCE, 0xA1, 0x9E, 0x0A, 0x70, 0x88, 0x85, 0xAF, 0x75, 0xF0, 0x91, 0x11, 0x0A, 0x64, 0x05,
    0x88, 0x20, 0xF7, 0x43, 0x2C, 0xE4, 0x0A, 0xC6, 0xB8, 0x82, 0x7C, 0x5D, 0x68, 0x99, 0x97, 0xC7,
    0x45, 0xF8, 0x5D, 0x86, 0x52, 0xF3, 0xC1, 0xE8, 0x03, 0x32, 0x03, 0xAE, 0x07, 0xCB, 0x1E, 0x4D,
    0x61, 0x27, 0x0C, 0x3A, 0xCC, 0x34, 0xFA, 0x0B, 0x14, 0xFE, 0x39, 0x56, 0xF2, 0xC7, 0x1E, 0x26,
    0x09, 0xBE, 0x7A, 0xC4, 0x46, 0x71, 0x44, 0x2F, 0x07, 0x85, 0xAA, 0xB2, 0xC8, 0xC6, 0xD8, 0x8C,
    0x29, 0x1E, 0xB1, 0xDE, 0x98, 0x06, 0x93, 0x00, 0x0E, 0x3F, 0xF9, 0x91, 0x93, 0xEC, 0xE1, 0x1B,
    0x77, 0x8B, 0xEC, 0xE1, 0xED, 0x7F, 0xAA, 0xF2, 0x4F, 0x1F, 0x65, 0x56, 0xFD, 0xCC, 0x21, 0x43,
    0x5C, 0x99, 0x90, 0x3A, 0x62, 0xC4, 0xA5, 0x72, 0x36, 0x24, 0xED, 0x5E, 0x34, 0x30, 0x19, 0x62,
    0xB6, 0xAC, 0x4F, 0x58, 0x0D, 0xE6, 0xB6, 0xF2, 0x71, 0xD1, 0x03, 0x43, 0x4C, 0x86, 0xC5, 0x20,
    0x6E, 0xB3, 0x72, 0x8F, 0xFF, 0x0C, 0xAD, 0xFE, 0x3F, 0x7C, 0xE3, 0x77, 0x3D, 0xF2, 0xC9, 0x00,
    0xD6, 0x29, 0x20, 0xC1, 0x50, 0x39, 0xA3, 0x6C, 0x40, 0x25, 0x8E, 0xDF, 0xA8, 0xD7, 0x25, 0xC1,
    0x64, 0xE3, 0x2F, 0x3A, 0xBF, 0x08, 0xBF, 0x18, 0x6D, 0x4F, 0x84, 0xB9, 0xAC, 0xAC, 0x43, 0x27,
    0x2E, 0xAF, 0x43, 0xBC, 0x37, 0x21, 0x2A, 0x72, 0x66, 0xB4, 0x48, 0x5A, 0x30, 0xC2, 0x94, 0xB8,
    0x79, 0xF7, 0x9E, 0xBA, 0xEC, 0xE5, 0x1C, 0xC8, 0x63, 0x45, 0xA7, 0xCA, 0x2A, 0x8B, 0xF8, 0x0B,
    0x57, 0x67, 0xFF, 0xFD, 0xEB, 0x56, 0xFD, 0xF2, 0x1D, 0x18, 0x90, 0x6B, 0xB0, 0xE5, 0xD6, 0xD1,
    0xB5, 0x52, 0xF0, 0x24, 0x95, 0x87, 0xA8, 0xAC, 0x7E, 0x42, 0x1F, 0x03, 0x50, 0x60, 0x10, 0xA0,
    0x5B, 0x94, 0x21, 0x04, 0xC7, 0xD4, 0x81, 0xA3, 0x9A, 0x5D, 0x70, 0xE7, 0x65, 0x72, 0xD2, 0xD5,
    0x25, 0x71, 0xCB, 0xD3, 0x87, 0x95, 0x50, 0x1E, 0x1F, 0x90, 0xD5, 0x9D, 0x20, 0x8B, 0x5E, 0x06,
    0x1D, 0xD1, 0xC5, 0x01, 0x29, 0xF3, 0x49, 0x15, 0x9B, 0xB9, 0x2A, 0x36, 0x52, 0x53, 0x6C, 0x25,
    0xA1, 0xE6, 0xC9, 0x68, 0x48, 0x04, 0x27, 0x89, 0x0D, 0xF3, 0x64, 0x31, 0xF7, 0x0B, 0xE6, 0x5B,
    0xD4, 0x47, 0xDF, 0x4B, 0x61, 0x19, 0xDE, 0xD0, 0xB1, 0x52, 0x28, 0x97, 0xE5, 0x08, 0xB5, 0x06,
    0x94, 0x33, 0x3B, 0x96, 0xCF, 0x66, 0xBF, 0x80, 0x40, 0xE8, 0xA7, 0x31, 0x51, 0xBD, 0x17, 0xDC,
    0x0E, 0x53, 0xAC, 0xE7, 0xEE, 0x1C, 0x1D, 0x86, 0xE0, 0xCB, 0x16, 0x5D, 0x3D, 0x2C, 0xC4, 0xB7,
    0xA8, 0xF7, 0xCC, 0xC6, 0x8B, 0xC8, 0x82, 0x88, 0xF6, 0x52, 0xC2, 0x42, 0x19, 0x65, 0x34, 0x8B,
    0x6A, 0xD3, 0x24, 0xAE, 0x83, 0x41, 0xEB, 0x7A, 0x9D, 0x1B, 0xEC, 0x4F, 0x16, 0x8E, 0x60, 0xEC,
    0x80, 0x93, 0x19, 0x32, 0xEB, 0xF5, 0x9C, 0x30, 0x7A, 0xE0, 0xE9, 0x4A, 0x8A, 0x32, 0x17, 0x3E,
    0x4E, 0xA5, 0xC0, 0x21, 0x33, 0xC0, 0xA5, 0x5A, 0xD7, 0x28, 0xD6, 0x00, 0x18, 0xA8, 0xA2, 0x9D,
    0x78, 0x98, 0xA2, 0x69, 0x36, 0x4C, 0x33, 0x17, 0xF1, 0x17, 0x88, 0xEC, 0xF8, 0xDA, 0x0E, 0xF9,
    0x96, 0x2C, 0x9E, 0x19, 0xAF, 0x95, 0xB5, 0x17, 0xE0, 0x45, 0x79, 0xA1, 0x58, 0xB8, 0x87, 0xBA,
    0x3A, 0xC2, 0x26, 0x11, 0x0B, 0x47, 0xA3, 0x47, 0xBD, 0xA1, 0xF3, 0x5E, 0x59, 0x78, 0xC8, 0x15,
    0x99, 0x82, 0x9B, 0x48, 0xFE, 0xC8, 0xFB, 0x03, 0x3D, 0xD3, 0x31, 0x25, 0x15, 0xF0, 0x9A, 0x2A,
    0x99, 0x14, 0x8A, 0x0F, 0x54, 0xDF, 0x93, 0x0A, 0x47, 0x4E, 0x55, 0xE0, 0x0F, 0x47, 0x5B, 0xDB,
    0x3C, 0x40, 0xD9, 0x0E, 0x15, 0xA6, 0x46, 0xBF, 0xE9, 0x0B, 0x49, 0xCA, 0xA0, 0x87, 0x9F, 0x5D,
    0xC0, 0x3A, 0x44, 0x8D, 0xC7, 0xD0, 0x17, 0x9C, 0xE8, 0x68, 0x77, 0x6E, 0xBF, 0x1F, 0x79, 0x46,
    0x7E, 0xC9, 0xE0, 0xB3, 0x35, 0x5B, 0x56, 0xED, 0x57, 0x5C, 0x67, 0xA5, 0x59, 0x24, 0x23, 0xE4,
    0xF0, 0x4D, 0xD5, 0x5C, 0xCF, 0xBB, 0x1B, 0x6A, 0xD8, 0x2A, 0x6F, 0xAA, 0xE9, 0xC5, 0xB4, 0xBB,
    0x20, 0xF2, 0x75, 0x4C, 0xAA, 0x50, 0x80, 0x7B, 0x69, 0xA7, 0x0B, 0x28, 0xB7, 0x90, 0x89, 0x3B,
    0x09, 0x8B, 0x27, 0xA6, 0xE5, 0xC1, 0x11, 0xB3, 0x8B, 0x0B, 0xCF, 0x50, 0x05, 0x14, 0x3C, 0xFB,
    0x3B, 0xA5, 0x8A, 0x2D, 0xCA, 0x67, 0xE3, 0x90, 0xFF, 0xB8, 0xA3, 0x43, 0x29, 0x18, 0x8E, 0xA1,
    0xF6, 0xCF, 0x29, 0xF4, 0xC9, 0xE7, 0x14, 0xE9, 0x81, 0x73, 0x8A, 0xF2, 0xB4, 0x73, 0x0A, 0x1A,
    0xD7, 0xDB, 0x8B, 0x73, 0x8A, 0x9C, 0xE7, 0x14, 0xB3, 0xFE, 0xB0, 0xA8, 0x63, 0xA4, 0x38, 0xDB,
    0xB5, 0x34, 0x4F, 0x8A, 0xD8, 0x8E, 0xB9, 0x56, 0xED, 0x5D, 0xAB, 0x39, 0xD1, 0xB5, 0x4A, 0xEF,
    0x78, 0x34, 0xA9, 0x83, 0xDE, 0x15, 0x0A, 0xBA, 0x73, 0xD0, 0xC8, 0xA0, 0x60, 0xE8, 0x89, 0xC1,
    0x5D, 0x9F, 0x93, 0xB6, 0x58, 0x77, 0x95, 0xD5, 0x3E, 0x07, 0x54, 0xE1, 0xB0, 0x12, 0xF0, 0xFB,
    0xED, 0x81, 0xF4, 0xDD, 0x8E, 0xD6, 0x7D, 0xBB, 0x21, 0x16, 0x0F, 0x47, 0x80, 0xEE, 0xB3, 0x8F,
    0x72, 0xF7, 0x08, 0x51, 0x73, 0x36, 0x66, 0x3E, 0x76, 0x7E, 0xA5, 0x71, 0x07, 0x3F, 0xEE, 0xE0,
    0xC7, 0xED, 0x78, 0xD8, 0x17, 0xC6, 0x55, 0xC7, 0xC6, 0x6D, 0xFD, 0xB8, 0xAE, 0x28, 0x2F, 0xBB,
    0x87, 0xBE, 0x3C, 0xB3, 0x00, 0xF4, 0x3C, 0xF4, 0x1B, 0xFC, 0xA9, 0xDF, 0xAE, 0x37, 0xC8, 0x40,
    0xB9, 0xF8, 0x8E, 0x78, 0x17, 0xB1, 0xBC, 0xF3, 0x94, 0x67, 0xA0, 0x6B, 0xD3, 0x72, 0xF4, 0x73,
    0xFF, 0x09, 0xAA, 0x91, 0xA0, 0x1B, 0x09, 0xCA, 0x91, 0xA0, 0x1D, 0x09, 0xEA, 0x91, 0x30, 0xCF,
    0x30, 0x51, 0x53, 0x70, 0xA6, 0xC8, 0x03, 0x9C, 0xEA, 0xFF, 0xFE, 0xBA, 0x81, 0x8E, 0xEE, 0xBE,
    0xFF, 0x4E, 0x43, 0x25, 0x3D, 0x79, 0x52, 0x7B, 0x2D, 0x01, 0x2F, 0x8C, 0xBE, 0x50, 0xE1, 0x27,
    0x2D, 0x42, 0xC4, 0xAD, 0xB8, 0x97, 0x72, 0x94, 0x70, 0xB4, 0xC6, 0x6B, 0xC7, 0x70, 0xF8, 0xA4,
    0x55, 0xD5, 0x3F, 0x82, 0x00, 0xB8, 0xB5, 0xA8, 0x79, 0x92, 0x16, 0x31, 0x10, 0x7C, 0x6B, 0x03,
    0x99, 0xA7, 0xA4, 0x7B, 0x49, 0xC6, 0x84, 0xCC, 0x8C, 0x4C, 0xD8, 0xA4, 0xF7, 0x98, 0x56, 0x67,
    0xA8, 0x8D, 0xE6, 0xA7, 0xAD, 0xAE, 0x88, 0xAE, 0x32, 0x86, 0xB5, 0xF0, 0x99, 0x05, 0xA9, 0x38,
    0x86, 0x27, 0x96, 0x87, 0xD4, 0x94, 0xEC, 0xE3, 0x6D, 0x20, 0x0D, 0x88, 0x3F, 0x81, 0xF6, 0x68,
    0xC7, 0xD7, 0x2C, 0x29, 0x11, 0x8F, 0xF3, 0xD8, 0x85, 0xB0, 0xE5, 0x7F, 0x0E, 0x95, 0x18, 0xD1,
    0x15, 0x9F, 0x75, 0xBA, 0x90, 0xC6, 0xA0, 0xBB, 0x22, 0xAC, 0xE3, 0x04, 0x8A, 0x1D, 0x51, 0x4F,
    0x41, 0x7F, 0x05, 0x45, 0x18, 0xF7, 0x1B, 0x50, 0x8C, 0xD7, 0x3E, 0x17, 0x86, 0xE6, 0xFA, 0x98,
    0x92, 0x90, 0x49, 0x7B, 0xFE, 0x7E, 0xE4, 0x48, 0xC7, 0x1C, 0x18, 0x4B, 0xF5, 0xA0, 0x54, 0x09,
    0x86, 0xF8, 0x92, 0x4A, 0x34, 0xDB, 0x08, 0x68, 0xC2, 0xF3, 0x20, 0x7E, 0xAE, 0x2F, 0x23, 0xD3,
    0xDA, 0x53, 0x5F, 0xC5, 0xF8, 0xBA, 0x9B, 0x81, 0x1A, 0x01, 0x3C, 0x5A, 0x54, 0xFD, 0xF4, 0xBC,
    0x25, 0xC5, 0xB2, 0x11, 0xFD, 0x41, 0x3F, 0x27, 0xEC, 0xA3, 0x9E, 0xE3, 0x16, 0x20, 0x67, 0x00,
    0x1D, 0x66, 0xA4, 0x7D, 0x74, 0x98, 0x76, 0xA7, 0xD0, 0x9E, 0x54, 0x16, 0xFA, 0x10, 0x7F, 0x14,
    0x10, 0xC6, 0x8B, 0x18, 0x7A, 0xC2, 0xE9, 0xAC, 0xA0, 0xB6, 0x39, 0x58, 0x73, 0x1F, 0xEF, 0xE6,
    0x31, 0x4F, 0x55, 0xF4, 0xFB, 0xE8, 0xB7, 0xEB, 0x8B, 0x74, 0x34, 0xFC, 0xAE, 0xF4, 0x3B, 0x40,
    0xAD, 0xD5, 0xDA, 0x88, 0x50, 0x31, 0xA1, 0xBC, 0xD8, 0x83, 0x45, 0x8D, 0xE8, 0xBD, 0xFE, 0xD4,
    0x6D, 0x3F, 0x53, 0x9E, 0xE3, 0x49, 0x27, 0xFA, 0x67, 0x77, 0xE1, 0x5C, 0x4C, 0x30, 0x73, 0x97,
    0x7E, 0x7B, 0xF0, 0xAE, 0xEC, 0xE5, 0xDF, 0xE5, 0x11, 0xFA, 0x67, 0x3F, 0x5F, 0xF0, 0x76, 0x37,
    0x36, 0xEF, 0xEF, 0x6C, 0x6C, 0x8C, 0xD7, 0x37, 0xFE, 0xF0, 0xD6, 0x2B, 0x0F, 0xEF, 0xE5, 0x9F,
    0xB6, 0xD9, 0x2F, 0x9B, 0xF4, 0xCA, 0xFC, 0xDF, 0x08, 0x1F, 0x5F, 0x7A, 0x05, 0x4F, 0xAF, 0x0F,
    0x97, 0x36, 0x7E, 0xFF, 0xD6, 0x2B, 0xFF, 0x35, 0x7F, 0x9A, 0xBD, 0x8B, 0xCA, 0xC9, 0x9B, 0xA9,
    0xEF, 0xF0, 0xC2, 0x43, 0xFD, 0x66, 0x80, 0x51, 0x32, 0xD7, 0xF7, 0xA9, 0x7C, 0xEC, 0xA8, 0x07,
    0x10, 0xEC, 0x79, 0x4A, 0xA7, 0x89, 0x69, 0xE9, 0x5E, 0x85, 0x87, 0x7F, 0xC7, 0x09, 0x4B, 0xAD,
    0x07, 0xE1, 0x40, 0x80, 0x69, 0x03, 0xF1, 0x35, 0xF1, 0x47, 0x9D, 0x72, 0x3A, 0xA9, 0xBC, 0x78,
    0xD1, 0xE1, 0x14, 0xD0, 0x0F, 0xB0, 0x6A, 0xE6, 0x59, 0xE4, 0x34, 0x4A, 0x88, 0xEA, 0xC7, 0xA1,
    0x36, 0x0B, 0x09, 0x23, 0x2D, 0x86, 0x92, 0x39, 0xF5, 0x31, 0x43, 0x3D, 0x90, 0x45, 0x7E, 0x41,
    0xC8, 0xE0, 0x03, 0x24, 0x9C, 0x5E, 0xF6, 0xDB, 0xD3, 0x5D, 0xD8, 0xBC, 0x8C, 0x59, 0xD1, 0x67,
    0xD5, 0xC1, 0x96, 0x02, 0xC6, 0xF7, 0xAC, 0x0C, 0xEF, 0x9F, 0xCE, 0x23, 0x1D, 0x70, 0xD1, 0x3D,
    0x46, 0xB6, 0xA3, 0xDF, 0xA8, 0xE5, 0x61, 0xCF, 0xE6, 0x2D, 0x2E, 0x48, 0xBD, 0x5F, 0x28, 0x91,
    0x57, 0x0F, 0x34, 0xC9, 0x0F, 0xB5, 0x0D, 0x16, 0x41, 0x92, 0xDF, 0x2E, 0x4E, 0xBE, 0xFF, 0x81,
    0xBF, 0xCC, 0x7E, 0xCA, 0xFF, 0x7B, 0xCC, 0xFA, 0x6E, 0x4B, 0xBA, 0x1D, 0xF9, 0x53, 0x2B, 0xB0,
    0xE0, 0x2F, 0x07, 0xE9, 0x36, 0x49, 0xE1, 0xDB, 0x37, 0xF2, 0xC4, 0x6E, 0xA8, 0xB4, 0xDA, 0xD4,
    0x6F, 0x14, 0xAF, 0x7E, 0xFF, 0xA1, 0x64, 0xFF, 0xF6, 0x48, 0xB2, 0x3F, 0x8E, 0xBE, 0x7E, 0x48,
    0x6A, 0xA0, 0x91, 0x59, 0x9B, 0x5D, 0x69, 0xD2, 0x77, 0x6D, 0xF2, 0x69, 0x15, 0x3F, 0x42, 0x35,
    0xEF, 0x41, 0x49, 0xA8, 0x7F, 0x3B, 0x22, 0x17, 0x45, 0x30, 0x05, 0x24, 0x65, 0x55, 0xA5, 0x81,
    0x62, 0x80, 0x61, 0x3E, 0x1F, 0xB2, 0x4F, 0x5A, 0xF5, 0xA3, 0x7A, 0x2B, 0xAB, 0x76, 0x94, 0x44,
    0x92, 0xC9, 0x26, 0x14, 0x72, 0x5F, 0x50, 0x72, 0x17, 0x5B, 0xF2, 0x22, 0x83, 0xAE, 0x4D, 0x6C,
    0x5A, 0x65, 0xB2, 0x25, 0x17, 0xE5, 0x1B, 0xB8, 0xD6, 0x76, 0x13, 0xBF, 0x73, 0xC0, 0xD6, 0x99,
    0xDC, 0x41, 0xCC, 0xCF, 0x25, 0x29, 0xE2, 0x2A, 0xAE, 0x12, 0xF0, 0x4C, 0x18, 0x66, 0x05, 0x49,
    0xE4, 0x26, 0x34, 0xD6, 0xE2, 0x7B, 0x0F, 0xB2, 0x14, 0x9E, 0xE4, 0x75, 0xD9, 0xAF, 0xEF, 0xE0,
    0xA2, 0x8B, 0xEB, 0xD4, 0x66, 0x45, 0xF8, 0x7E, 0x0D, 0x13, 0xD7, 0xC3, 0xCE, 0xC5, 0x1B, 0xD0,
    0x57, 0x56, 0xC4, 0x36, 0xAE, 0x67, 0xF8, 0xC6, 0x35, 0xD0, 0x29, 0xC6, 0x5A, 0x01, 0x72, 0xA4,
    0xDD, 0x20, 0xDA, 0xBC, 0xB9, 0xED, 0xA3, 0xDA, 0x0A, 0xB6, 0xF2, 0x22, 0x60, 0x18, 0x82, 0x6B,
    0xFA, 0xD4, 0xD7, 0xC4, 0xF0, 0xF9, 0xB5, 0xC7, 0x09, 0x1C, 0xB3, 0x10, 0x62, 0xB4, 0x56, 0x22,
    0xE4, 0xE6, 0xFB, 0x92, 0x7C, 0x5B, 0x2E, 0x5C, 0x90, 0x17, 0x52, 0xD9, 0x88, 0x8B, 0xD7, 0x66,
    0xF6, 0x9E, 0xD4, 0x68, 0xF8, 0x81, 0x4B, 0xDC, 0xC4, 0x23, 0x30, 0x80, 0x0D, 0xCC, 0x78, 0x05,
    0x85, 0x15, 0x8C, 0x26, 0x7B, 0x64, 0x75, 0xD2, 0xEC, 0xCE, 0x3A, 0x34, 0xFC, 0xC0, 0x65, 0xEA,
    0xFF, 0x15, 0xB4, 0xB1, 0xF8, 0xA0, 0xFC, 0x30, 0xBE, 0xA1, 0xC2, 0xEA, 0xE0, 0xD1, 0xC5, 0x2E,
    0x00, 0x5E, 0x5E, 0x27, 0x2D, 0xE6, 0x70, 0x6B, 0xC9, 0x85, 0xA8, 0x16, 0x1A, 0xA6, 0x5E, 0xA7,
    0x2D, 0xA2, 0xD1, 0xEE, 0x3E, 0x3F, 0xDC, 0xA0, 0xC8, 0xA1, 0xE1, 0xFD, 0x4F, 0x06, 0xED, 0x29,
    0x9E, 0x14, 0xCE, 0x9F, 0x9C, 0x57, 0x9F, 0xD0, 0x95, 0xFF, 0x9A, 0xC9, 0x38, 0xF6, 0xC5, 0x35,
    0xDF, 0x2B, 0x07, 0x3D, 0xF0, 0xAF, 0x87, 0xED, 0x6C, 0xDD, 0xAC, 0xDD, 0x49, 0x00, 0x53, 0x2C,
    0x20, 0x1E, 0x8A, 0xE0, 0x9B, 0xA8, 0x67, 0x9C, 0xDC, 0x82, 0x1C, 0xD3, 0xB4, 0xF8, 0x98, 0x46,
    0x55, 0x5F, 0x47, 0x08, 0x6F, 0xA5, 0x5B, 0x35, 0xC8, 0x75, 0x2F, 0x16, 0xF7, 0xCA, 0x2F, 0xB1,
    0x84, 0xA6, 0x7D, 0xB3, 0x3A, 0x62, 0x1E, 0x0C, 0xA4, 0x3C, 0x38, 0x95, 0xAD, 0xB6, 0x58, 0x45,
    0xE9, 0xE7, 0x4F, 0x9C, 0xBF, 0x33, 0xAB, 0xCA, 0xB4, 0x51, 0x4F, 0xA0, 0x30, 0x44, 0x7B, 0x49,
    0x27, 0x51, 0x4F, 0x78, 0xE7, 0x3B, 0x33, 0xEB, 0xEB, 0xB8, 0x6E, 0x2B, 0x6E, 0xB3, 0x1F, 0xDA,
    0xF4, 0x21, 0xD5, 0x19, 0xFE, 0x27, 0x00, 0xF7, 0x8C, 0x1F, 0x4A, 0x72, 0xBB, 0x00, 0x4A, 0x86,
    0xFA, 0x76, 0x6E, 0xEC, 0x7F, 0x60, 0xFF, 0x6A, 0x82, 0x0D, 0x4A, 0xFE, 0x18, 0x7B, 0x2E, 0xAB,
    0x19, 0xDD, 0x63, 0xAD, 0x97, 0xAD, 0xB8, 0x86, 0xF3, 0xA0, 0x08, 0x09, 0xC7, 0x13, 0x18, 0x25,
    0xCF, 0xAA, 0xCD, 0xA4, 0xCE, 0x1A, 0xDD, 0x6D, 0xC0, 0x4E, 0xD3, 0xB9, 0x06, 0x72, 0xBF, 0x64,
    0xE5, 0xBC, 0x29, 0x7C, 0xA5, 0x26, 0x0D, 0xDB, 0xE2, 0xF2, 0xAB, 0xC9, 0x39, 0xFC, 0xEE, 0xC1,
    0x76, 0xB6, 0x9C, 0xD3, 0xDF, 0x3D, 0x5B, 0xD4, 0xB9, 0xDF, 0x3D, 0x51, 0xCE, 0x3D, 0x59, 0x7C,
    0x4D, 0x6B, 0xE6, 0x57, 0xA6, 0x33, 0x5D, 0xF8, 0x75, 0xC4, 0x11, 0xFC, 0x29, 0x5D, 0xBD, 0x48,
    0x26, 0xFC, 0xFD, 0x0D, 0xF9, 0x50, 0x7F, 0x32, 0xE8, 0x4F, 0xC6, 0xC4, 0x6E, 0x26, 0xF6, 0x06,
    0x22, 0xE7, 0xAB, 0x11, 0xB0, 0x44, 0xB5, 0x7E, 0xED, 0xBB, 0xD5, 0xC5, 0x0A, 0x4E, 0x86, 0xEF,
    0x05, 0xB9, 0x58, 0x7D, 0xD7, 0xAE, 0x5F, 0x83, 0xE1, 0xDC, 0x79, 0x49, 0x5E, 0x92, 0xE8, 0x63,
    0xBE, 0x8F, 0xBF, 0x77, 0xA2, 0x3B, 0xFF, 0x4E, 0x07, 0xA8, 0x75, 0xFB, 0x16, 0x3E, 0x1A, 0x00,
    0x64, 0xDF, 0x65, 0x0C, 0x8A, 0xB0, 0xDB, 0x0D, 0x2C, 0x2F, 0xF9, 0x6D, 0x0F, 0xE3, 0x3D, 0x62,
    0x85, 0x07, 0x0D, 0x54, 0x49, 0x09, 0xEC, 0xAA, 0x96, 0x0E, 0xB5, 0xB8, 0x2E, 0x87, 0x7F, 0x95,
    0x83, 0x5F, 0xFF, 0x1F, 0xAC, 0x6F, 0xCB, 0xF3, 0x07, 0xBE, 0x72, 0xED, 0x10, 0x07, 0xFF, 0xC3,
    0x75, 0xE8, 0xF9, 0xF3, 0xBC, 0x83, 0x89, 0x6F, 0xE3, 0xED, 0x86, 0x1D, 0x90, 0xB4, 0xF9, 0xE6,
    0x8F, 0x7F, 0x5C, 0xE0, 0x9E, 0x97, 0xE8, 0xA5, 0xCE, 0xEF, 0xF9, 0xC1, 0x5F, 0x41, 0xE2, 0x01,
    0x2A, 0xFA, 0x97, 0x80, 0x21, 0xDB, 0x5B, 0x84, 0x5D, 0xFC, 0x37, 0xED, 0xCD, 0x30, 0xB7, 0xBF,
    0x02, 0x8D, 0x55, 0xBF, 0x6F, 0x1C, 0x45, 0x14, 0xFE, 0x76, 0x37, 0xF6, 0x0A, 0x46, 0xCE, 0xA6,
    0x30, 0x0D, 0xE6, 0x3C, 0x16, 0x42, 0xC8, 0xC5, 0x29, 0xD3, 0x50, 0x5C, 0xA4, 0xBD, 0x9B, 0x09,
    0x6D, 0x0A, 0xC2, 0x3F, 0x80, 0x52, 0xA4, 0xB7, 0x0B, 0x47, 0x32, 0xCA, 0x9D, 0x77, 0xA5, 0x14,
    0x94, 0xB8, 0x40, 0x82, 0x0A, 0x28, 0xA0, 0x08, 0x52, 0xC4, 0x15, 0x20, 0x1D, 0xE8, 0xEC, 0x1D,
    0xC9, 0x05, 0xED, 0x48, 0x94, 0x48, 0x68, 0x45, 0x68, 0x50, 0x0A, 0x16, 0x74, 0x48, 0x6B, 0xD8,
    0xDB, 0xE1, 0xCD, 0x9C, 0xED, 0x33, 0x21, 0x44, 0xCC, 0xBC, 0x79, 0x37, 0x33, 0xFB, 0xE6, 0xCD,
    0x9B, 0xEF, 0xFD, 0xB8, 0x4C, 0xF3, 0x32, 0xAE, 0x82, 0x06, 0x07, 0xB0, 0x88, 0x1A, 0xB0, 0x0A,
    0x89, 0x86, 0x04, 0x02, 0x5A, 0x5A, 0xCD, 0x9E, 0x94, 0xFC, 0x41, 0x25, 0xD1, 0xC4, 0x87, 0x5D,
    0xDE, 0x4E, 0xA5, 0xAD, 0xD3, 0x8D, 0x52, 0xDA, 0x66, 0x41, 0x99, 0xB5, 0x76, 0xEE, 0x58, 0xEB,
    0x59, 0x1F, 0x53, 0x11, 0xD4, 0xDC, 0x56, 0xCC, 0x9A, 0xA0, 0xC5, 0x00, 0x56, 0x59, 0x35, 0x00,
    0xBF, 0x39, 0x93, 0x27, 0x0D, 0x11, 0x4D, 0x78, 0x2E, 0xAB, 0x6B, 0x55, 0x50, 0x46, 0x3A, 0x56,
    0x4C, 0xB1, 0x52, 0xCC, 0x52, 0x6A, 0x62, 0xC6, 0x4A, 0xF6, 0x7B, 0x93, 0x9C, 0x54, 0xE2, 0x96,
    0x19, 0x24, 0xF9, 0x54, 0x90, 0x05, 0x0D, 0x5D, 0x4C, 0xD7, 0x93, 0x11, 0x64, 0x4A, 0xE5, 0xDA,
    0x3D, 0x73, 0xDE, 0xE5, 0xFB, 0x25, 0xFF, 0xAE, 0x62, 0x3F, 0xD5, 0x51, 0xD5, 0xA0, 0x1E, 0x60,
    0x08, 0xB4, 0xE8, 0xB7, 0x53, 0x31, 0x5A, 0x5E, 0x8F, 0x87, 0x88, 0xAD, 0x4E, 0x6C, 0x25, 0xDE,
    0x9C, 0x0D, 0x30, 0x59, 0xC7, 0x3A, 0x5E, 0xE9, 0x7D, 0x75, 0x7C, 0x9C, 0x6E, 0x1F, 0xB5, 0x9D,
    0x74, 0x0F, 0x2F, 0x42, 0xE6, 0x52, 0xF7, 0x71, 0x1D, 0x89, 0x8A, 0xD4, 0x68, 0x38, 0xAD, 0x2B,
    0x69, 0x90, 0x54, 0x88, 0x6A, 0x60, 0x0E, 0xB2, 0x80, 0x94, 0xD0, 0x3C, 0x29, 0x21, 0x3C, 0x22,
    0xCC, 0x5A, 0xC6, 0x4C, 0x6B, 0x8D, 0x91, 0xA5, 0xAC, 0xB0, 0xE8, 0xB7, 0x99, 0xE6, 0x95, 0xA8,
    0xC2, 0x2A, 0x2A, 0x99, 0x96, 0x6A, 0x1F, 0x40, 0x77, 0xEF, 0xD3, 0x71, 0x97, 0xD4, 0x27, 0xD4,
    0x8B, 0xF2, 0x25, 0x55, 0x94, 0x6E, 0x76, 0xB6, 0xAE, 0x6C, 0xE5, 0x7E, 0xB3, 0x26, 0x6B, 0xB8,
    0x92, 0x5A, 0x6A, 0xAE, 0x2E, 0xE3, 0x73, 0x19, 0x91, 0x33, 0x3B, 0xD7, 0xB0, 0x09, 0x6E, 0xDC,
    0x65, 0xB2, 0x14, 0xF9, 0x0A, 0x52, 0xEC, 0x63, 0xB2, 0x95, 0x55, 0xDC, 0x78, 0x50, 0xB2, 0x79,
    0x31, 0x1F, 0x77, 0x76, 0xD7, 0x6E, 0x23, 0xDF, 0x7D, 0xDB, 0x48, 0xAB, 0xF9, 0xCE, 0xD3, 0xE0,
    0x9D, 0xB9, 0xF2, 0xD7, 0x92, 0x9F, 0x38, 0x57, 0x3E, 0xE5, 0xA6, 0x7F, 0xE3, 0xF4, 0x4C, 0x5F,
    0x17, 0xE4, 0x60, 0x1A, 0xD6, 0x0D, 0xD7, 0x2A, 0xCF, 0xDC, 0xAA, 0xF4, 0x6C, 0xB9, 0x77, 0xF9,
    0x78, 0x66, 0x75, 0x61, 0x0D, 0x91, 0xB4, 0x4E, 0xCB, 0x62, 0x00, 0x77, 0x81, 0x19, 0x02, 0x82,
    0xDA, 0x80, 0x69, 0x82, 0x83, 0x9C, 0x40, 0xEF, 0xC2, 0x04, 0xF4, 0xCC, 0xB0, 0x44, 0x4C, 0x7B,
    0x0A, 0x1C, 0xE8, 0x13, 0x9C, 0x6E, 0xE5, 0x96, 0x6E, 0xED, 0xE4, 0x9C, 0xA0, 0x93, 0x24, 0x51,
    0x84, 0x34, 0x48, 0xC7, 0x7F, 0x8A, 0xCC, 0xE0, 0x6E, 0x59, 0x8A, 0xE4, 0x70, 0x97, 0x5D, 0x88,
    0x94, 0xFB, 0xDD, 0x5E, 0x89, 0x71, 0x67, 0xDC, 0xF9, 0xF6, 0x51, 0x31, 0x27, 0x24, 0xDB, 0xF1,
    0xD5, 0xF1, 0xD5, 0xA2, 0x2D, 0xDA, 0x8D, 0x77, 0x40, 0x50, 0xEE, 0xFD, 0xA6, 0xAF, 0x41, 0xBD,
    0x6B, 0x44, 0x9E, 0x40, 0xE4, 0xF7, 0x0C, 0x4B, 0xD3, 0xFE, 0xE6, 0xF5, 0x9E, 0x7B, 0xAF, 0xC7,
    0xA2, 0xBD, 0x48, 0x80, 0xF9, 0xA5, 0xBD, 0x33, 0x87, 0x2C, 0x60, 0x2A, 0x96, 0x88, 0xD9, 0x65,
    0xFC, 0x16, 0xBA, 0xD0, 0x81, 0xEF, 0x50, 0xEE, 0x89, 0x21, 0xD8, 0x27, 0x1F, 0x4B, 0xA7, 0xAF,
    0xF9, 0xDA, 0xCE, 0x42, 0x03, 0xBF, 0x99, 0x93, 0xD1, 0xEC, 0xC3, 0x1F, 0x17, 0xFB, 0xDF, 0x3C,
    0xA1, 0x10, 0xC3, 0xE2, 0x13, 0x33, 0x81, 0x9C, 0x77, 0xF6, 0xB2, 0x46, 0xC5, 0xA5, 0xF8, 0xA3,
    0x93, 0xD9, 0xF9, 0x9D, 0x8D, 0x99, 0x3F, 0x83, 0xF5, 0x50, 0x11, 0xE6, 0xDB, 0x74, 0x96, 0xE6,
    0xA3, 0x5E, 0xAF, 0x77, 0x48, 0xA9, 0xA1, 0xC0, 0x4E, 0x01, 0x51, 0x82, 0xF2, 0x7C, 0xE3, 0xE7,
    0xD5, 0x53, 0x1C, 0x2B, 0x1C, 0x9E, 0x07, 0x2A, 0x85, 0x00, 0x05, 0x02, 0x85, 0x03, 0x25, 0x0F,
    0xA5, 0x10, 0x25, 0x92, 0x4B, 0x27, 0xDC, 0x30, 0x52, 0x8B, 0x3C, 0x33, 0x5B, 0xB9, 0xD7, 0xDB,
    0x41, 0x5C, 0x07, 0xAD, 0x12, 0x87, 0x54, 0x28, 0xC0, 0x28, 0x43, 0x76, 0x48, 0xDB, 0x11, 0x70,
    0xE5, 0x39, 0xFA, 0xA9, 0x45, 0x1A, 0x5B, 0x1E, 0x7F, 0x99, 0x83, 0x8D, 0xB1, 0xDA, 0x62, 0xED,
    0x0D, 0x60, 0xA3, 0xEE, 0x76, 0xE9, 0x63, 0xD6, 0xEB, 0x90, 0x5F, 0x4E, 0x77, 0x13, 0xB2, 0x41,
    0x95, 0x31, 0xE4, 0x61, 0xA0, 0xA3, 0xFC, 0x35, 0x7F, 0x70, 0xE1, 0x9A, 0x11, 0x15, 0x25, 0x4B,
    0x37, 0x46, 0xF9, 0xAB, 0x1F, 0xC8, 0x9A, 0x19, 0xD1, 0xBC, 0xFE, 0x51, 0x94, 0xB3, 0x1F, 0x28,
    0x2C, 0xEB, 0x5E, 0x9A, 0x12, 0xD1, 0x84, 0x96, 0x29, 0x7A, 0xB8, 0xAF, 0x23, 0x3A, 0xBD, 0x40,
    0xE1, 0x8E, 0x63, 0x2F, 0x14, 0x64, 0xC3, 0xAA, 0xF7, 0x91, 0x9D, 0xC7, 0x8E, 0x1B, 0xBC, 0x6C,
    0xED, 0x67, 0xF8, 0x3F, 0x32, 0x4B, 0x7F, 0x3E, 0x8B, 0x61, 0xE7, 0x21, 0x1D, 0xBE, 0x92, 0x58,
    0x7B, 0xAA, 0x30, 0x94, 0xDE, 0xBB, 0xCD, 0x40, 0xAD, 0xD0, 0xC7, 0x19, 0xBD, 0x37, 0xF8, 0x92,
    0x20, 0x59, 0xF9, 0xE2, 0xCF, 0xCF, 0x5D, 0x19, 0xA5, 0x36, 0x03, 0xF7, 0x22, 0x4A, 0xFE, 0x42,
    0xB7, 0x15, 0xFA, 0x86, 0xBB, 0x7A, 0x55, 0xE3, 0xE9, 0x56, 0x7A, 0x2E, 0x7C, 0x48, 0x04, 0x33,
    0xAF, 0xB6, 0xF1, 0xF3, 0xDA, 0x71, 0xEE, 0x1F, 0xB7, 0xF0, 0xB3, 0x42, 0x70, 0x9C, 0x27, 0x56,
    0x0F, 0x98, 0x1E, 0x32, 0x3D, 0x4D, 0xF4, 0x54, 0xE8, 0xE9, 0x7D, 0x2D, 0x1F, 0x6B, 0xFE, 0xC0,
    0x84, 0x54, 0xB4, 0x2C, 0x44, 0x92, 0xF7, 0xE3, 0x9C, 0xA2, 0x78, 0x40, 0x2A, 0xA1, 0x48, 0x38,
    0x6C, 0xD5, 0xF6, 0x01, 0xC5, 0x7D, 0xFF, 0xAC, 0x2D, 0xE4, 0xA4, 0x93, 0xD3, 0xC3, 0x58, 0xA7,
    0xB1, 0xA6, 0xDA, 0xCB, 0x2D, 0x79, 0x1A, 0x43, 0xAF, 0xF7, 0x82, 0x52, 0xAE, 0x5D, 0x65, 0xF9,
    0x5E, 0x07, 0xA7, 0x5E, 0xF5, 0x4D, 0x2A, 0xEE, 0x2E, 0x39, 0x89, 0x44, 0xE8, 0x76, 0x42, 0x2A,
    0x98, 0x94, 0xC9, 0xF1, 0x92, 0xE2, 0xBF, 0xB4, 0xB0, 0x7A, 0x44, 0xC6, 0xC5, 0x7A, 0x12, 0x3B,
    0x13, 0x49, 0x03, 0x7B, 0x6C, 0x52, 0x9F, 0x7A, 0x17, 0xD4, 0xCF, 0x5C, 0xA2, 0xC9, 0x5B, 0x9A,
    0x6C, 0x48, 0xA3, 0x25, 0x4D, 0x8F, 0x04, 0x05, 0xB2, 0xD5, 0x07, 0xFC, 0x3D, 0x9D, 0x26, 0xF4,
    0x2D, 0x89, 0xFE, 0x31, 0x26, 0x93, 0xAC, 0xCD, 0x36, 0x87, 0x38, 0xEF, 0x49, 0xEE, 0xBA, 0x2B,
    0xAB, 0x8B, 0x59, 0xA2, 0xD9, 0x3C, 0xAC, 0xEF, 0x86, 0xF9, 0x88, 0x5E, 0xC5, 0x72, 0x4E, 0x45,
    0x97, 0x83, 0x3D, 0x72, 0x7F, 0x71, 0xF4, 0x6C, 0x2A, 0x0A, 0x07, 0xB1, 0xE6, 0x6F, 0x29, 0xD6,
    0xBA, 0x1D, 0xF7, 0xBF, 0xD7, 0x42, 0x70, 0x35, 0x64, 0xE6, 0x6F, 0xCD, 0x5C, 0x31, 0xB3, 0xDC,
    0xD6, 0x75, 0xBE, 0x00, 0x44, 0x22, 0x63, 0x14, 0x60, 0x11, 0xCD, 0xD8, 0xD2, 0x8C, 0xA0, 0x22,
    0x8D, 0xA3, 0x19, 0xC3, 0x45, 0x8A, 0x34, 0xE2, 0x85, 0xA4, 0x42, 0x85, 0x0A, 0xAA, 0x48, 0x97,
    0x46, 0xFF, 0x80, 0x4D, 0x0A, 0x6B, 0xC6, 0x22, 0xA0, 0xB8, 0x60, 0xE1, 0xE2, 0xF1, 0x1F, 0x48,
    0x05, 0x1B, 0xCB, 0x33, 0x61, 0x93, 0x46, 0x33, 0x7C, 0x0B, 0x38, 0x2A, 0x5C, 0xA4, 0x41, 0x92,
    0x99, 0xA4, 0x34, 0x3C, 0xD6, 0x4C, 0x12, 0xAA, 0x10, 0xEC, 0x81, 0x22, 0x90, 0xC2, 0xE2, 0xE6,
    0xFB, 0xCE, 0x01, 0x76, 0xB1, 0xFB, 0xF6, 0x3D, 0x3E, 0x3E, 0x2E, 0x95, 0x3C, 0xEE, 0xF9, 0xB0,
    0x0B, 0x60, 0xB1, 0x17, 0xF7, 0x9E, 0x7B, 0xCE, 0x77, 0xCE, 0x3D, 0x60, 0xDC, 0x1A, 0x13, 0xF4,
    0xC6, 0x78, 0x6B, 0x63, 0x4C, 0x0E, 0x49, 0x2A, 0x33, 0xFF, 0x59, 0xE7, 0xB6, 0x52, 0x98, 0x5D,
    0x71, 0xC3, 0x56, 0xF6, 0x8F, 0xC9, 0x71, 0x97, 0xCD, 0x12, 0x17, 0xBD, 0x49, 0xFF, 0x75, 0x2D,
    0xC2, 0xF7, 0xC7, 0xBE, 0x7E, 0xE9, 0xDC, 0x68, 0xB6, 0x60, 0xE2, 0xDA, 0x9C, 0x85, 0x7F, 0x7F,
    0x0C, 0x70, 0xAE, 0x26, 0xB4, 0x26, 0xEE, 0xC2, 0x1E, 0x07, 0xFC, 0x01, 0xE0, 0x6D, 0x20, 0x20,
    0xD8, 0x8E, 0xD0, 0x98, 0xA4, 0x2E, 0x33, 0x13, 0xA0, 0x5B, 0xA2, 0x0E, 0xBD, 0x82, 0x6B, 0xD8,
    0xCC, 0x98, 0x53, 0xB3, 0x6C, 0x7D, 0xB1, 0x91, 0x43, 0x2D, 0xBC, 0xA4, 0x98, 0xC8, 0xDD, 0x43,
    0xC3, 0xDB, 0x00, 0xED, 0x8A, 0x3B, 0xF3, 0x29, 0x07, 0x40, 0x8E, 0x71, 0x40, 0xD0, 0x33, 0xA5,
    0x08, 0xEE, 0x6D, 0x1A, 0x20, 0x1E, 0x4B, 0x6B, 0x73, 0x23, 0xEE, 0xBD, 0x2E, 0x74, 0xAE, 0x37,
    0xCE, 0x75, 0xE6, 0xD5, 0x31, 0xF3, 0xCA, 0x2F, 0x71, 0x29, 0x67, 0x52, 0xE9, 0xCD, 0xD7, 0xE4,
    0xDC, 0x1C, 0x4D, 0xC6, 0xAD, 0xA0, 0xAD, 0x19, 0x8E, 0xF5, 0xC6, 0x2B, 0x9D, 0x31, 0xA1, 0xC3,
    0x15, 0x72, 0xFC, 0x4A, 0x5A, 0xBD, 0x8F, 0x33, 0x3F, 0x37, 0x65, 0xA6, 0xBF, 0xD1, 0x9B, 0xEB,
    0x68, 0x4A, 0xEE, 0x5A, 0x79, 0x35, 0xE8, 0x92, 0xA7, 0xBE, 0x70, 0x9A, 0x9E, 0x7F, 0x33, 0x68,
    0xCA, 0xF7, 0x3A, 0xBC, 0xF0, 0x46, 0xFB, 0xE7, 0x6A, 0xD7, 0x31, 0x41, 0x77, 0xA9, 0x57, 0xD8,
    0xFE, 0x55, 0x8C, 0xF3, 0xEB, 0xD2, 0x15, 0xAF, 0xEA, 0xC8, 0x52, 0x6F, 0xF7, 0x36, 0x55, 0xBA,
    0xD8, 0x24, 0x3B, 0x9B, 0xB4, 0x48, 0xD1, 0x6D, 0xB8, 0x7D, 0x74, 0x57, 0x86, 0xA1, 0x4D, 0xF9,
    0x95, 0x1C, 0x5D, 0x92, 0x34, 0x06, 0x7D, 0x58, 0x45, 0x8D, 0x37, 0x62, 0x13, 0xB6, 0xD1, 0x20,
    0x9F, 0xCA, 0x9E, 0xC7, 0xEA, 0xB2, 0x65, 0xFF, 0x56, 0x65, 0x25, 0xDD, 0xFC, 0x39, 0xAE, 0xE3,
    0xBE, 0xC4, 0x45, 0x42, 0xB9, 0x54, 0xD8, 0x3E, 0x15, 0x9D, 0x73, 0xFF, 0x2D, 0xE8, 0x2A, 0xC1,
    0x96, 0xFB, 0xC3, 0x9E, 0xE8, 0x0D, 0x72, 0xCE, 0xB0, 0x7D, 0x1F, 0x70, 0xBF, 0x9E, 0x03, 0xC5,
    0xB5, 0x45, 0xE4, 0xD6, 0xE6, 0x52, 0xBA, 0xFE, 0xD5, 0x5A, 0xFA, 0xA0, 0x20, 0x34, 0x26, 0x6E,
    0x63, 0x28, 0x7C, 0x1D, 0x52, 0xAF, 0x83, 0xFE, 0x20, 0x24, 0x04, 0x53, 0x42, 0x2F, 0x46, 0x35,
    0x07, 0x11, 0x06, 0x31, 0x29, 0xB6, 0xBA, 0x5E, 0x78, 0x6B, 0xB4, 0x02, 0x12, 0xA3, 0x65, 0x69,
    0x65, 0x0B, 0xFE, 0x2B, 0x8D, 0xFD, 0x78, 0x9C, 0x66, 0x69, 0x0F, 0xC1, 0xFB, 0xA2, 0xE4, 0x11,
    0x1C, 0x4F, 0xD0, 0xDE, 0x18, 0x2D, 0x8F, 0x20, 0x41, 0x07, 0xC1, 0xBD, 0x60, 0xB6, 0x39, 0xB9,
    0x9A, 0x8C, 0x0A, 0xD5, 0x04, 0x03, 0x89, 0xBF, 0xC1, 0x2C, 0xFE, 0x30, 0xCB, 0x70, 0x85, 0x0C,
    0x4A, 0x09, 0xC0, 0xFC, 0xCE, 0x02, 0x42, 0x44, 0x48, 0x08, 0x36, 0x07, 0x8C, 0xD8, 0xBE, 0x3D,
    0x00, 0xDE, 0x6D, 0x01, 0xB7, 0x6A, 0xC0, 0x6D, 0x7C, 0xC9, 0x42, 0xF3, 0x33, 0x3B, 0x10, 0x3A,
    0x42, 0x43, 0xA8, 0x08, 0x05, 0x2E, 0x7A, 0xBD, 0x78, 0xC5, 0x44, 0x75, 0x9A, 0x85, 0x5D, 0x69,
    0x7C, 0x34, 0xDA, 0xDC, 0x6E, 0x36, 0xBF, 0x5A, 0x1A, 0x36, 0x34, 0x6E, 0x92, 0x2A, 0xAE, 0xE3,
    0x1A, 0x03, 0xCE, 0x66, 0xB7, 0xD6, 0xF8, 0x3D, 0xA6, 0xD1, 0x80, 0xEE, 0x5C, 0xE1, 0xFC, 0x1C,
    0x1D, 0x63, 0x69, 0x0C, 0x5A, 0x6D, 0x7E, 0xCC, 0x39, 0xC4, 0x4E, 0xC6, 0x2E, 0x9C, 0x02, 0xCD,
    0xC1, 0x75, 0x82, 0xFE, 0xCA, 0x82, 0xC9, 0x3C, 0x8B, 0x18, 0x9C, 0x78, 0x96, 0x6A, 0x2B, 0x21,
    0x3B, 0x2B, 0x1E, 0x45, 0xC9, 0xA9, 0xCD, 0x04, 0xDC, 0x3B, 0x80, 0x76, 0x23, 0xE7, 0x29, 0x23,
    0x07, 0x6F, 0x80, 0x2A, 0x79, 0x43, 0xD0, 0xE2, 0x0E, 0xFC, 0xDE, 0xC0, 0xB6, 0x0C, 0x98, 0xF7,
    0x80, 0xE8, 0xC9, 0x67, 0x23, 0x2F, 0x9A, 0xD3, 0xD0, 0x5B, 0x23, 0x1D, 0x83, 0x8E, 0x4E, 0xA9,
    0x8E, 0xF5, 0x46, 0xCE, 0x18, 0xDB, 0x7E, 0x36, 0x77, 0xCD, 0xEE, 0x90, 0x72, 0x8B, 0xCF, 0xDC,
    0x2F, 0xC7, 0x79, 0xDE, 0x63, 0x9E, 0x5B, 0xE9, 0xB9, 0xB1, 0x28, 0xB8, 0x4A, 0x5A, 0x2F, 0x8C,
    0x36, 0xF7, 0xE1, 0xFB, 0x54, 0x74, 0x8A, 0x0F, 0x89, 0x7A, 0xD9, 0x2F, 0xDF, 0x7D, 0x7C, 0x3C,
    0xF3, 0x0A, 0xDB, 0xD2, 0x6F, 0xB0, 0x14, 0x5C, 0x51, 0xC5, 0xCD, 0x7A, 0x8B, 0xE8, 0x29, 0xA0,
    0x2F, 0x18, 0xF4, 0x44, 0xCE, 0x3E, 0x4C, 0x03, 0xC1, 0xB8, 0x21, 0x26, 0x15, 0xD1, 0x0A, 0xE6,
    0x59, 0xD0, 0xEB, 0x34, 0x6E, 0xA6, 0x69, 0xAC, 0x98, 0xF1, 0x2B, 0x34, 0xDC, 0xE1, 0x19, 0x0C,
    0x66, 0x3C, 0x92, 0xD3, 0x63, 0xFF, 0x9B, 0xBC, 0x48, 0xD1, 0x42, 0xCF, 0x65, 0x09, 0x1A, 0x1D,
    0x38, 0xB9, 0x03, 0xDA, 0x99, 0x31, 0xE8, 0xA9, 0xA0, 0x79, 0xD0, 0x8B, 0x37, 0xF9, 0xA2, 0xE7,
    0xB7, 0x13, 0x34, 0xD1, 0x6C, 0x36, 0x6C, 0x31, 0x8E, 0xB9, 0x77, 0xFA, 0xB4, 0x81, 0xF7, 0xC7,
    0x17, 0x60, 0x7B, 0xF9, 0x75, 0x9A, 0x57, 0x5C, 0x6C, 0x90, 0x9B, 0xA7, 0x5B, 0x64, 0x1F, 0xAC,
    0xB5, 0x13, 0x46, 0xED, 0x85, 0xD2, 0xFC, 0x00, 0x76, 0xA5, 0x84, 0x39, 0xA2, 0x83, 0xFA, 0x0B,
    0x75, 0x33, 0x99, 0xF1, 0x1C, 0x74, 0x0C, 0xDF, 0xC3, 0xB1, 0x88, 0xB6, 0x09, 0xED, 0xD2, 0xC9,
    0x4E, 0x8B, 0x9B, 0xC8, 0xF6, 0x1F, 0x27, 0x67, 0x43, 0x15, 0x7F, 0x15, 0xCE, 0xE6, 0xC5, 0xCD,
    0x76, 0xFF, 0xDE, 0x75, 0xCC, 0xE0, 0xB8, 0xA2, 0x66, 0x19, 0xDE, 0x71, 0xD2, 0x6D, 0x66, 0x3B,
    0xDA, 0x56, 0x8E, 0x68, 0xDE, 0xCA, 0x04, 0xE3, 0xCA, 0x44, 0x90, 0x04, 0x62, 0x21, 0xE3, 0x6A,
    0xE5, 0x0F, 0xAB, 0x55, 0xD8, 0xAE, 0x56, 0x71, 0xBD, 0x5A, 0xA5, 0xC5, 0x6A, 0x95, 0x9B, 0x55,
    0x39, 0x40, 0x3A, 0x48, 0x03, 0xA9, 0x20, 0x68, 0x30, 0xDC, 0x71, 0x79, 0x34, 0xB3, 0xA8, 0x76,
    0x7A, 0x0B, 0x55, 0x3C, 0x41, 0xB2, 0x81, 0x14, 0xD6, 0xC9, 0x58, 0x81, 0x0C, 0x90, 0xD3, 0x02,
    0x39, 0x00, 0xDC, 0x54, 0xDC, 0xC0, 0x49, 0xC5, 0x74, 0x51, 0x80, 0x96, 0x50, 0x01, 0x3E, 0xA7,
    0xE2, 0xA6, 0x30, 0xFA, 0x43, 0xDA, 0x13, 0x06, 0x93, 0x0C, 0xE9, 0xA9, 0xB1, 0x0F, 0xD3, 0x3B,
    0x04, 0x6B, 0xEE, 0x3C, 0xB4, 0xA9, 0x79, 0xF8, 0xD0, 0x26, 0xD9, 0x70, 0x6A, 0xC1, 0xCB, 0x00,
    0xBF, 0xE9, 0x4E, 0x6D, 0xF4, 0x4F, 0xED, 0xA9, 0x0D, 0xFF, 0x0D, 0x10, 0xFC, 0xA1, 0x59, 0xD9,
    0xE0, 0xBB, 0x7A, 0x65, 0x3D, 0x57, 0xAD, 0xAC, 0x71, 0x05, 0x21, 0x03, 0x94, 0xBC, 0x77, 0xB4,
    0xE1, 0x29, 0xE0, 0x54, 0xCF, 0x67, 0xB8, 0xC4, 0x37, 0x08, 0x26, 0x01, 0x51, 0xC1, 0xAC, 0x87,
    0xBD, 0x6A, 0x12, 0x50, 0x22, 0x4C, 0xB9, 0x21, 0x87, 0x8A, 0xA2, 0xC7, 0x47, 0x1D, 0xB9, 0xAD,
    0x70, 0x1F, 0xB4, 0x6F, 0xCD, 0x73, 0x78, 0x2E, 0x08, 0x50, 0xE3, 0xD3, 0xA3, 0xE3, 0x9E, 0xA1,
    0x67, 0xC3, 0x46, 0x30, 0x35, 0xAE, 0x2A, 0x96, 0x2E, 0x5E, 0x6F, 0x62, 0x1A, 0xC5, 0xB8, 0xD9,
    0x0A, 0x47, 0x34, 0xAF, 0x74, 0x56, 0xAE, 0x8D, 0xFD, 0xFA, 0xDE, 0xF9, 0x96, 0x88, 0x24, 0x0D,
    0x56, 0x82, 0x2E, 0x3D, 0xE9, 0xBC, 0x06, 0xBA, 0x7A, 0x83, 0x33, 0xA7, 0x54, 0x8D, 0xDC, 0x91,
    0x72, 0x26, 0x6F, 0x95, 0x79, 0x3D, 0xED, 0xBC, 0x16, 0x6A, 0xD1, 0xF9, 0x54, 0x8D, 0xF4, 0xF1,
    0xF2, 0xBE, 0xFA, 0xAD, 0x8F, 0x78, 0x06, 0x49, 0x54, 0x8E, 0xE5, 0xF3, 0x0C, 0x2D, 0x8E, 0x02,
    0xA9, 0xB2, 0x47, 0xBB, 0x12, 0x91, 0x94, 0x26, 0xEE, 0x3B, 0xF4, 0xC8, 0xDD, 0x16, 0xDC, 0x32,
    0x6C, 0xF3, 0x6C, 0x84, 0x21, 0xCC, 0xD6, 0xF4, 0x04, 0xF2, 0xAE, 0x24, 0xE4, 0xEF, 0xB6, 0x98,
    0x2E, 0xFF, 0xF1, 0xA7, 0x91, 0x66, 0x49, 0x5C, 0x14, 0xCD, 0xD6, 0xB8, 0x73, 0x51, 0x42, 0x8A,
    0x79, 0x1C, 0xB7, 0x61, 0x17, 0x76, 0x71, 0xEB, 0x0F, 0xB0, 0x25, 0x23, 0x55, 0x05, 0xBD, 0x64,
    0x49, 0x75, 0xD0, 0xCE, 0xB8, 0x13, 0xBD, 0x31, 0xB0, 0x07, 0x86, 0x24, 0x77, 0x6D, 0x33, 0x7F,
    0x00, 0x7F, 0xEB, 0xE2, 0x26, 0x6E, 0xC2, 0x36, 0xA5, 0x0E, 0x15, 0x66, 0xA4, 0x9F, 0x35, 0x47,
    0x02, 0x5A, 0xFC, 0x2D, 0xF0, 0xEE, 0xDB, 0x33, 0xED, 0x86, 0xC1, 0x17, 0x28, 0x61, 0x46, 0x27,
    0x69, 0xF6, 0x25, 0xAF, 0x6E, 0xD3, 0x8B, 0x34, 0x9C, 0xFA, 0xDE, 0xEA, 0x56, 0x33, 0x75, 0xF4,
    0xBE, 0x70, 0x00, 0xD8, 0x59, 0x59, 0x5A, 0xBD, 0x10, 0x14, 0x52, 0xBA, 0x83, 0xB2, 0xDF, 0x7C,
    0x0F, 0x1B, 0xFE, 0x9C, 0x9B, 0x36, 0xD9, 0xB4, 0x99, 0xC9, 0xE0, 0xD3, 0x37, 0x25, 0x82, 0x3A,
    0xB3, 0x85, 0xC3, 0x94, 0xD8, 0xED, 0x86, 0x7F, 0xF5, 0x5E, 0xF8, 0xE7, 0xF7, 0x13, 0x43, 0xE6,
    0xD1, 0x84, 0x1A, 0x9C, 0x90, 0x83, 0x14, 0x54, 0xA4, 0x8B, 0x01, 0x73, 0x70, 0xCD, 0xD9, 0x4F,
    0xA8, 0xB1, 0x2F, 0x69, 0xE9, 0x12, 0x08, 0xC1, 0xE6, 0x5D, 0xD2, 0xF0, 0x68, 0x35, 0x9F, 0xD7,
    0x89, 0xF6, 0x9E, 0xCF, 0x5A, 0x94, 0x6D, 0x65, 0xCA, 0xC4, 0x92, 0x89, 0x3D, 0x05, 0xD3, 0x36,
    0x69, 0x26, 0x76, 0x95, 0xF1, 0x42, 0x11, 0x48, 0x3E, 0x39, 0x0D, 0x03, 0xC4, 0xBF, 0x83, 0x17,
    0x55, 0x5F, 0xCB, 0x5B, 0x8E, 0x1A, 0xCC, 0xC1, 0x36, 0x9A, 0xEC, 0x8D, 0x6A, 0x23, 0x89, 0x21,
    0x8F, 0xD9, 0xEA, 0x67, 0x9E, 0x13, 0xFF, 0xCD, 0x43, 0x30, 0x4B, 0xFC, 0x5D, 0x58, 0x4C, 0xF8,
    0x33, 0x61, 0x16, 0x1A, 0x6E, 0x24, 0x0D, 0x3D, 0x95, 0xFA, 0x28, 0x4B, 0x3B, 0x08, 0xCF, 0xC6,
    0x7B, 0x1D, 0x67, 0x1C, 0x27, 0x2C, 0x64, 0x8F, 0x1E, 0x2D, 0x72, 0x39, 0x53, 0xBF, 0x95, 0x34,
    0x6C, 0x7D, 0xC4, 0xF6, 0x16, 0xBE, 0x7A, 0x00, 0x38, 0x24, 0xC4, 0x4C, 0x3D, 0x3E, 0xF5, 0x0C,
    0x5E, 0x49, 0x2E, 0x18, 0x81, 0x88, 0x80, 0x61, 0x44, 0xE0, 0x31, 0xBE, 0x06, 0xB5, 0x7A, 0xCE,
    0x10, 0xC8, 0x39, 0x0C, 0x50, 0x30, 0x87, 0xC9, 0x38, 0x7B, 0x92, 0x2F, 0x99, 0x81, 0xB7, 0x47,
    0x12, 0xDB, 0x82, 0x91, 0x8E, 0xF8, 0xDE, 0x8C, 0x6D, 0xC8, 0x8B, 0x15, 0x1C, 0xD5, 0xE8, 0xC1,
    0x59, 0x05, 0xAE, 0x28, 0xA3, 0xAF, 0x8B, 0xDC, 0xA5, 0x85, 0x85, 0xCD, 0x88, 0x9A, 0x58, 0x73,
    0x1B, 0xD7, 0xFE, 0x41, 0x6C, 0x8C, 0x8F, 0xFB, 0x8F, 0xC6, 0xF7, 0x35, 0xB6, 0x67, 0x48, 0x7C,
    0x9B, 0x71, 0x78, 0x07, 0x41, 0x9C, 0x92, 0x8D, 0xF0, 0xAE, 0x25, 0x6C, 0x71, 0x2E, 0x82, 0xEB,
    0x0A, 0xDA, 0x8F, 0xD7, 0x68, 0x3E, 0x39, 0x4E, 0x2B, 0xF4, 0x26, 0x87, 0x6F, 0xC8, 0xD1, 0x0B,
    0xE4, 0x41, 0x70, 0x5F, 0x19, 0xCF, 0xCA, 0xDD, 0x20, 0x6C, 0x13, 0xFB, 0x32, 0xBA, 0x34, 0x11,
    0xBE, 0x97, 0xF3, 0xE8, 0x4B, 0xD6, 0xF2, 0x1A, 0x48, 0x7E, 0xCE, 0x7F, 0x41, 0x17, 0x07, 0xB2,
    0xB5, 0x7E, 0x82, 0xF4, 0x6D, 0x9A, 0x37, 0x9F, 0xEC, 0x93, 0xB0, 0x22, 0x0C, 0x00, 0x8F, 0x10,
    0x74, 0xBE, 0x5A, 0xA4, 0xDA, 0x6D, 0x80, 0x96, 0xB1, 0xC6, 0x25, 0xA2, 0x7D, 0x90, 0x4E, 0xF0,
    0xD8, 0x71, 0x2D, 0x86, 0x22, 0x7F, 0x0B, 0x5E, 0x6E, 0x80, 0xF5, 0x75, 0x6E, 0x4D, 0xA3, 0x4F,
    0xC7, 0xF3, 0x43, 0x34, 0x30, 0x76, 0x6B, 0x0F, 0xF4, 0x16, 0xFC, 0x0B, 0xDD, 0x07, 0xCE, 0xE5,
    0xB2, 0xB4, 0xB5, 0x6F, 0x39, 0xFC, 0x94, 0x7D, 0xA7, 0x83, 0x3B, 0xB6, 0xEF, 0xB5, 0x9C, 0x71,
    0x9C, 0x72, 0xE4, 0xC1, 0xA0, 0x52, 0xE5, 0xD7, 0x88, 0xCB, 0x3B, 0x50, 0x35, 0x28, 0x1A, 0x2C,
    0x3D, 0xD3, 0x28, 0x19, 0x19, 0x23, 0xBB, 0x05, 0x03, 0x94, 0x59, 0x50, 0x3E, 0x68, 0x2D, 0x28,
    0x70, 0x7F, 0x03, 0xCD, 0x0D, 0xE1, 0xAD, 0x6B, 0xBC, 0x42, 0xF4, 0xB9, 0x37, 0xDC, 0xF0, 0x86,
    0x9C, 0xB1, 0x4F, 0x0B, 0x75, 0xB4, 0x68, 0xA4, 0xC5, 0xB8, 0x20, 0x3E, 0x81, 0x40, 0x17, 0x7D,
    0x48, 0xF4, 0x55, 0x6D, 0x93, 0x7F, 0xAE, 0xAD, 0xC5, 0xB1, 0x01, 0xD2, 0x41, 0x9A, 0x88, 0x61,
    0x71, 0xCD, 0xF3, 0x83, 0xE6, 0x26, 0xEC, 0xEC, 0xA9, 0x46, 0x76, 0xA5, 0x46, 0x76, 0x57, 0xB9,
    0x0E, 0x9B, 0x8A, 0x91, 0x86, 0xC6, 0xA3, 0x1D, 0x68, 0xA5, 0xC5, 0xC4, 0xB1, 0xB8, 0x3D, 0xB4,
    0xDB, 0xD8, 0xAF, 0xF0, 0x19, 0xF6, 0x02, 0xC7, 0x20, 0x1C, 0x6B, 0x2B, 0xA3, 0x2E, 0xD3, 0x68,
    0x16, 0x46, 0x5E, 0x03, 0x43, 0x78, 0x08, 0xC8, 0xB8, 0xDF, 0x21, 0x94, 0x68, 0xC3, 0x36, 0x82,
    0xE4, 0x35, 0x04, 0xB3, 0xF8, 0x43, 0xC6, 0x04, 0x6D, 0x00, 0xE7, 0xD8, 0x86, 0x80, 0x2E, 0xC2,
    0xE5, 0xFA, 0x78, 0x65, 0x6E, 0x3E, 0x8C, 0xEF, 0x98, 0x9B, 0x3F, 0x4F, 0x6E, 0x9A, 0x9B, 0x6F,
    0xFE, 0x04, 0xF0, 0x93, 0x37, 0xAD, 0xB9, 0x99, 0xFC, 0x1C, 0x00, 0x7E, 0x09, 0xE8, 0x40, 0xDA,
    0x18, 0x5F, 0xDC, 0xA1, 0x9B, 0x26, 0x0D, 0x3C, 0x23, 0x1A, 0x90, 0xA8, 0x1C, 0x38, 0xEE, 0x95,
    0x74, 0xDD, 0xAD, 0xA8, 0x70, 0xFE, 0x31, 0x73, 0x4A, 0x5B, 0x15, 0x57, 0x35, 0x87, 0xA2, 0x43,
    0xC5, 0x49, 0x5E, 0xE3, 0x49, 0xC5, 0x77, 0x02, 0xC3, 0x2C, 0xBE, 0x94, 0xAC, 0x40, 0x04, 0xF2,
    0x5C, 0xC3, 0x83, 0xBC, 0xC9, 0x8B, 0x1C, 0xB4, 0x29, 0x87, 0xA9, 0xB7, 0xD4, 0x06, 0xEA, 0x82,
    0x11, 0xA2, 0x9C, 0x29, 0xAD, 0x42, 0x87, 0x22, 0x14, 0xB7, 0xC6, 0xEC, 0x8A, 0x06, 0x15, 0xC6,
    0x2B, 0xEF, 0x45, 0x54, 0x54, 0x58, 0x92, 0x0F, 0x4A, 0x61, 0x47, 0xFA, 0xC2, 0xFB, 0xBC, 0xF8,
    0x29, 0x86, 0x25, 0x76, 0x9D, 0xE7, 0xEE, 0xE1, 0xA7, 0x9A, 0x49, 0x6A, 0x31, 0x82, 0x97, 0x90,
    0x52, 0xD5, 0xB2, 0x48, 0x0B, 0x86, 0xC3, 0xF0, 0xC5, 0x98, 0x33, 0xD1, 0xEF, 0x07, 0x13, 0xFC,
    0x09, 0x33, 0xEA, 0x5B, 0x68, 0x25, 0x0D, 0x27, 0x19, 0x49, 0x59, 0x6B, 0x20, 0x33, 0xE7, 0xE5,
    0x28, 0x2B, 0xCD, 0x5C, 0x40, 0x1D, 0x34, 0x8D, 0x71, 0x31, 0xD0, 0xC8, 0x7A, 0x9C, 0x26, 0x12,
    0x85, 0x27, 0xDF, 0x3E, 0x19, 0x4D, 0xFA, 0x45, 0x07, 0xE5, 0x79, 0xA7, 0x43, 0x0B, 0x36, 0x20,
    0xFB, 0x92, 0x3F, 0x3C, 0x71, 0x64, 0x50, 0x83, 0x11, 0xCA, 0x67, 0x52, 0x7C, 0x77, 0x79, 0xBD,
    0xFE, 0x0C, 0x58, 0x50, 0xB8, 0x84, 0xA1, 0x39, 0xBE, 0x1D, 0x70, 0x16, 0xD3, 0x60, 0xE4, 0x4C,
    0x38, 0xD5, 0xBA, 0xC5, 0xE7, 0xE0, 0x7F, 0x70, 0x73, 0xE0, 0x62, 0x18, 0x81, 0x4A, 0xDC, 0x48,
    0xC6, 0x99, 0x79, 0x09, 0x79, 0x54, 0x3E, 0x22, 0x7F, 0xB7, 0x1A, 0x37, 0xE6, 0x73, 0x1A, 0x72,
    0x21, 0x2F, 0x4B, 0x8C, 0x36, 0xBF, 0x0A, 0xFA, 0x85, 0xC4, 0x8D, 0xFE, 0x38, 0x2E, 0x86, 0x4B,
    0x3C, 0x45, 0x36, 0xC2, 0x39, 0x3C, 0x13, 0x3C, 0x72, 0xBF, 0x1E, 0xF8, 0xCB, 0x13, 0x70, 0x9F,
    0xB9, 0x22, 0xE2, 0x52, 0xE3, 0x3D, 0x09, 0xD4, 0x6B, 0x45, 0x9A, 0x88, 0xE8, 0x0C, 0x86, 0x0B,
    0xF4, 0x32, 0x7A, 0x38, 0x23, 0xC0, 0x78, 0x43, 0xC9, 0x39, 0xA6, 0xF9, 0x3D, 0xC2, 0x40, 0x90,
    0x5B, 0x73, 0x46, 0xA6, 0x8F, 0x91, 0x2C, 0xAD, 0xEC, 0x9B, 0x8E, 0x32, 0x50, 0x43, 0xAF, 0xEF,
    0xC3, 0x67, 0xF7, 0x00, 0x6E, 0x4D, 0x70, 0xDC, 0x97, 0xBF, 0x07, 0xB0, 0xBF, 0x24, 0xE0, 0xDD,
    0xAF, 0xB9, 0xCF, 0x8D, 0x84, 0x4E, 0xBE, 0x61, 0x76, 0xE4, 0x33, 0xE6, 0x68, 0xA7, 0xB9, 0x05,
    0x5B, 0x3D, 0xB9, 0x98, 0x0C, 0x5F, 0x9B, 0x5C, 0x51, 0xC7, 0x28, 0x21, 0x67, 0xEA, 0xA4, 0xBE,
    0xC1, 0xA8, 0x9E, 0x33, 0x44, 0x5F, 0x78, 0xFF, 0x01, 0x08, 0x27, 0x19, 0x1E, 0xD9, 0x32, 0x63,
    0x57, 0xCE, 0x44, 0xC6, 0x35, 0xB4, 0x18, 0x1F, 0xA3, 0x45, 0xB0, 0x71, 0xB0, 0xF0, 0xAE, 0x53,
    0xE8, 0xED, 0x2F, 0xF8, 0xEE, 0x17, 0xDC, 0xF7, 0xF7, 0x03, 0x23, 0x04, 0xA1, 0x06, 0xBC, 0x78,
    0x15, 0x31, 0x65, 0xE8, 0x2A, 0x28, 0x74, 0xC5, 0x84, 0x2B, 0x13, 0xAB, 0x09, 0xC2, 0x08, 0xBE,
    0x0F, 0x26, 0x89, 0x3A, 0x7C, 0x6E, 0xD2, 0x8A, 0xFF, 0x24, 0x40, 0xA6, 0x0D, 0xA8, 0xC8, 0x65,
    0xA9, 0xC9, 0x83, 0x6A, 0xCF, 0x33, 0x78, 0xA3, 0xD4, 0x6F, 0xF3, 0xBB, 0x3D, 0x5E, 0x78, 0xF3,
    0x4C, 0x5F, 0xD4, 0xC4, 0xCE, 0x34, 0x59, 0x84, 0x5F, 0xF5, 0xE6, 0x8D, 0xF1, 0xFE, 0xB4, 0x2F,
    0xAD, 0x83, 0x27, 0xB8, 0x59, 0xF0, 0x8D, 0xC0, 0xBD, 0x33, 0x04, 0x03, 0xD3, 0x41, 0x17, 0x8B,
    0xCE, 0x7B, 0x7F, 0x90, 0x2B, 0xD2, 0x4C, 0xC0, 0xB3, 0x18, 0x1F, 0xF3, 0x94, 0xBC, 0x92, 0x71,
    0x3A, 0x14, 0xC1, 0x1B, 0x36, 0x2B, 0x05, 0x97, 0x72, 0xF8, 0x5E, 0xD9, 0xCC, 0x86, 0xEE, 0x86,
    0xA8, 0x51, 0x21, 0xAF, 0x4C, 0x0C, 0xDD, 0xEB, 0x56, 0x06, 0x10, 0x86, 0xEE, 0x3A, 0xD8, 0x8E,
    0xA4, 0xCA, 0x4B, 0xF3, 0x01, 0x08, 0x9F, 0x7D, 0x2C, 0x09, 0x97, 0xDB, 0x18, 0xDB, 0xFE, 0x67,
    0x4C, 0x22, 0x76, 0x60, 0xC1, 0x70, 0x28, 0x49, 0x86, 0x69, 0x5E, 0x25, 0xD9, 0x9C, 0xC0, 0x3D,
    0xE7, 0x5F, 0x95, 0xBC, 0xD5, 0xD9, 0x2F, 0x06, 0xBC, 0xF0, 0x66, 0x9B, 0x1E, 0x79, 0xEA, 0x0B,
    0x1A, 0x1F, 0x17, 0x5C, 0x87, 0xC0, 0x2B, 0xDE, 0x26, 0x8A, 0x99, 0xE6, 0xB9, 0xE4, 0x2B, 0xAD,
    0x6E, 0x50, 0xF5, 0x32, 0x8B, 0xB6, 0x7E, 0xA9, 0x73, 0x65, 0x17, 0x87, 0x48, 0x11, 0x94, 0xC9,
    0x1B, 0xB8, 0xB2, 0xE1, 0xF5, 0xA4, 0x92, 0x7E, 0x17, 0x35, 0x18, 0xB0, 0x16, 0x74, 0xAE, 0x8E,
    0x80, 0x49, 0x9D, 0xD7, 0xDC, 0x9F, 0x93, 0x68, 0x66, 0x1F, 0xA2, 0x37, 0x48, 0xDC, 0x85, 0xE6,
    0x16, 0x71, 0x75, 0x10, 0x1D, 0xA3, 0x53, 0xE2, 0xA8, 0x49, 0xBC, 0x8C, 0xFB, 0xC1, 0x72, 0x88,
    0x7C, 0x2F, 0x54, 0x35, 0x96, 0xC4, 0x8D, 0x4C, 0x9A, 0x63, 0x2B, 0x8F, 0x0F, 0x05, 0xE5, 0x92,
    0x41, 0x7C, 0x76, 0x55, 0xE9, 0x2A, 0xF4, 0x23, 0x9C, 0xD7, 0xEF, 0x98, 0x35, 0xA0, 0x6B, 0x8B,
    0xB6, 0x89, 0xED, 0xAB, 0x50, 0xA0, 0xA8, 0x7A, 0xA8, 0x6E, 0x90, 0x2B, 0x24, 0x6A, 0x26, 0x8F,
    0xEA, 0x2A, 0xF7, 0xD8, 0x42, 0x75, 0xAE, 0x3C, 0x7A, 0x50, 0x4D, 0xC1, 0x4E, 0xA5, 0x39, 0xC4,
    0x62, 0x57, 0xAE, 0xA1, 0xEF, 0x7E, 0xB5, 0xB1, 0xCA, 0x1B, 0x28, 0x79, 0xFE, 0x0C, 0xC5, 0xF2,
    0xA8, 0x28, 0xD6, 0x64, 0x9F, 0x41, 0x6D, 0x46, 0x2E, 0x83, 0x91, 0xA1, 0x02, 0xE2, 0xCD, 0x3B,
    0xEC, 0x13, 0x57, 0x07, 0x43, 0x42, 0xA8, 0x0F, 0x87, 0xE3, 0x72, 0x21, 0x65, 0x7C, 0x25, 0x23,
    0xCA, 0x46, 0x83, 0xCC, 0x58, 0x03, 0x92, 0x26, 0x46, 0xF0, 0xC4, 0xC4, 0x43, 0xDC, 0x44, 0x6D,
    0xAC, 0xC1, 0x7D, 0x45, 0x8D, 0xDA, 0x49, 0x6E, 0x35, 0x51, 0xC7, 0xF4, 0x1F, 0xAC, 0xBA, 0x24,
    0xB7, 0xDC, 0xF2, 0x6F, 0x93, 0xDC, 0xF2, 0x0E, 0x26, 0xB7, 0x76, 0x98, 0x1C, 0x58, 0xF6, 0x29,
    0x34, 0xC1, 0x49, 0x62, 0x55, 0xE5, 0x54, 0x7C, 0xC3, 0x2E, 0x93, 0xC3, 0xF5, 0x42, 0xF8, 0x60,
    0x93, 0x30, 0xFC, 0xB4, 0x6B, 0xDC, 0xEC, 0x8A, 0x2A, 0xC8, 0xDC, 0xA1, 0x07, 0x3A, 0x0E, 0xAA,
    0xCA, 0xD4, 0x2F, 0x97, 0x0C, 0x64, 0xF1, 0x80, 0xEE, 0x70, 0xCD, 0xF9, 0xB2, 0x92, 0xA5, 0x85,
    0x94, 0x7C, 0x8C, 0x0E, 0x28, 0x75, 0x9B, 0x25, 0x08, 0x5A, 0xB8, 0x88, 0x7C, 0x9B, 0x41, 0x5F,
    0x26, 0x49, 0xD0, 0x81, 0xAC, 0x21, 0xAE, 0xEF, 0x40, 0x09, 0xA1, 0x1D, 0x2D, 0x35, 0x04, 0xDA,
    0xF1, 0xED, 0x42, 0x3B, 0xB8, 0xF4, 0x48, 0xAD, 0xBF, 0xEF, 0xDF, 0x9B, 0x26, 0xB9, 0xF8, 0x62,
    0xCB, 0xA1, 0x8A, 0x1E, 0x9F, 0xB7, 0x16, 0xE4, 0x3D, 0x43, 0x76, 0x38, 0x3F, 0x9C, 0x1D, 0x5E,
    0x33, 0x3B, 0xBC, 0x96, 0x7B, 0x37, 0xAA, 0x8D, 0x13, 0x83, 0x6A, 0x67, 0xE7, 0x2F, 0x01, 0xE2,
    0xCB, 0x86, 0xB1, 0x84, 0x09, 0xBE, 0x59, 0xD3, 0xBD, 0xF0, 0xAC, 0xBC, 0x5E, 0xCC, 0x26, 0xC3,
    0xE9, 0xC4, 0xA5, 0x13, 0x02, 0x1A, 0xCE, 0x19, 0x65, 0x38, 0xA5, 0x0C, 0xE7, 0x94, 0xE1, 0xA4,
    0x32, 0x9C, 0x55, 0xE4, 0xF5, 0x80, 0x26, 0x7A, 0x62, 0x18, 0x03, 0x33, 0xA8, 0x91, 0xAC, 0x06,
    0xBB, 0xD0, 0x6C, 0x1B, 0xD0, 0xCD, 0x0D, 0x80, 0x32, 0x5F, 0xBF, 0xA7, 0x49, 0x24, 0x0A, 0xFB,
    0x84, 0xC2, 0x9C, 0xC6, 0xBC, 0x6F, 0x23, 0x6E, 0xCC, 0xA6, 0xE8, 0xBE, 0x8F, 0x5A, 0x1F, 0x7E,
    0xD9, 0xC0, 0x73, 0x9B, 0x53, 0xDD, 0xFA, 0x83, 0xEC, 0x87, 0xB2, 0x30, 0x0B, 0x9F, 0x4C, 0xB9,
    0x77, 0xCE, 0x04, 0x27, 0xD9, 0x82, 0x4C, 0xF7, 0xB9, 0xFF, 0x62, 0xA2, 0x23, 0x4B, 0xC4, 0x75,
    0x27, 0x35, 0x93, 0xCC, 0xCC, 0x04, 0xCA, 0x67, 0x9C, 0x98, 0x30, 0x9B, 0x79, 0x5E, 0xE6, 0xF3,
    0xEE, 0xAD, 0xC6, 0x9E, 0xFC, 0xAE, 0xB6, 0x77, 0xDD, 0x22, 0xF3, 0x29, 0x54, 0x02, 0x92, 0x40,
    0x5E, 0xDA, 0xC9, 0x68, 0x5C, 0x18, 0x0E, 0x84, 0xD8, 0xC6, 0x30, 0x78, 0xBF, 0x74, 0x8B, 0x70,
    0x80, 0x46, 0x8E, 0xFF, 0x5E, 0x83, 0xBC, 0xB4, 0x13, 0x0E, 0x9C, 0xB5, 0x02, 0x49, 0x71, 0xBC,
    0xB5, 0xA2, 0x1F, 0x1B, 0x73, 0x47, 0x5F, 0xE0, 0xB0, 0xF2, 0x5A, 0x5F, 0xEC, 0xB4, 0xE7, 0x24,
    0x8B, 0xC8, 0xDE, 0x30, 0x91, 0x03, 0x52, 0x98, 0x50, 0x38, 0x33, 0x84, 0x7B, 0x12, 0xB3, 0x4E,
    0x42, 0x65, 0x93, 0xA7, 0x2D, 0x31, 0x63, 0x66, 0x1B, 0x73, 0x28, 0x8F, 0x7B, 0xE1, 0x6D, 0x7F,
    0xB2, 0x49, 0x22, 0x55, 0xB6, 0x4E, 0xF6, 0x96, 0x1C, 0x76, 0xA4, 0x53, 0x05, 0x0C, 0x35, 0xC3,
    0x1B, 0x4A, 0xF6, 0x16, 0x6F, 0xFB, 0xC5, 0x72, 0x54, 0xBF, 0xE9, 0x7E, 0x11, 0xCC, 0x62, 0xF5,
    0x83, 0x1C, 0x72, 0x27, 0x69, 0x0F, 0x15, 0x39, 0x3A, 0xE9, 0xF8, 0xA8, 0xC9, 0xD9, 0xB2, 0x93,
    0x85, 0xE5, 0x17, 0xB6, 0x5C, 0xD5, 0x1F, 0x5A, 0xAE, 0x72, 0x92, 0x4C, 0xC2, 0x46, 0x97, 0xAB,
    0xB4, 0xE4, 0xC4, 0x3F, 0xB4, 0xF1, 0xF6, 0x36, 0xCF, 0x9B, 0xEF, 0x70, 0xAD, 0xE4, 0x3B, 0x5A,
    0xF1, 0x96, 0xC2, 0x51, 0x83, 0x05, 0xFA, 0x3B, 0x78, 0xAC, 0x45, 0x34, 0xCE, 0x02, 0x2F, 0xAA,
    0xE0, 0xAF, 0x55, 0xD8, 0xF5, 0x88, 0x37, 0x73, 0x66, 0x5A, 0xBA, 0x1B, 0x01, 0x4D, 0xBB, 0x64,
    0x5A, 0x60, 0x85, 0x3A, 0x72, 0x56, 0x6F, 0x58, 0xFD, 0x2D, 0x33, 0x2D, 0x6F, 0x80, 0xAF, 0xDE,
    0x31, 0x2F, 0xA5, 0x50, 0x3A, 0xBC, 0xD8, 0x23, 0x5C, 0xD0, 0x9A, 0xA3, 0x82, 0x98, 0x6B, 0x90,
    0xF8, 0x51, 0xD2, 0x44, 0x23, 0xD9, 0x3D, 0x2E, 0x6B, 0x89, 0x42, 0xC8, 0xE8, 0x8B, 0x65, 0x90,
    0xA5, 0x2D, 0x9E, 0xC2, 0xF3, 0x68, 0x16, 0x0B, 0x8C, 0x0B, 0x75, 0x8D, 0x03, 0xCE, 0x05, 0x60,
    0x01, 0x5F, 0xF8, 0x9C, 0xAC, 0xF8, 0x47, 0xBB, 0x10, 0x2A, 0x3C, 0x03, 0xEB, 0xE9, 0xA1, 0x67,
    0x22, 0x3A, 0x84, 0x14, 0x6F, 0x23, 0xBA, 0x9C, 0x5D, 0x70, 0x25, 0x11, 0x3F, 0x6A, 0x44, 0xB9,
    0xED, 0xC9, 0x7B, 0xB8, 0xD0, 0xC9, 0x2D, 0x34, 0xEE, 0xA4, 0xAC, 0xA6, 0x56, 0x4F, 0x80, 0x8F,
    0x27, 0x4C, 0x3D, 0x9C, 0x60, 0x6C, 0xED, 0xC9, 0x3B, 0xF8, 0xA1, 0x93, 0xB7, 0x87, 0xB9, 0x17,
    0xF8, 0x7B, 0xE4, 0xF1, 0xB2, 0x28, 0x85, 0xB8, 0x1A, 0xB1, 0x75, 0xDC, 0xDA, 0x14, 0x91, 0x73,
    0x0A, 0xD3, 0x94, 0xAE, 0xA6, 0xB9, 0x81, 0xB3, 0x60, 0x53, 0x6D, 0x8A, 0x11, 0x4F, 0xC1, 0x59,
    0xAE, 0xC5, 0x75, 0x8E, 0x0E, 0xC7, 0xF9, 0x2D, 0x6E, 0x82, 0x15, 0x24, 0xA6, 0xAC, 0x9C, 0xFB,
    0x0D, 0xA9, 0xFC, 0x17, 0x83, 0xB9, 0x3D, 0xDE, 0x65, 0xF1, 0x0A, 0x7A, 0x29, 0x6C, 0x41, 0x9D,
    0x43, 0x9A, 0xE4, 0x90, 0x3E, 0x9D, 0x39, 0xD7, 0xF9, 0x80, 0x0C, 0x19, 0x06, 0x0A, 0xDF, 0x5D,
    0x13, 0x1C, 0xA1, 0x24, 0x80, 0xEC, 0xB5, 0x3A, 0x97, 0x16, 0x8C, 0xB4, 0x15, 0x79, 0x63, 0xFC,
    0x74, 0xDA, 0x47, 0x96, 0xC9, 0xB9, 0xC1, 0x64, 0x6A, 0xAC, 0x49, 0x53, 0xDC, 0x2F, 0x24, 0x93,
    0xB8, 0x4C, 0xE6, 0x06, 0x7F, 0x44, 0x26, 0x0E, 0x13, 0xAE, 0x03, 0x9D, 0x4C, 0x49, 0x57, 0xE3,
    0x33, 0x2D, 0x5C, 0x07, 0x52, 0x58, 0x22, 0x2B, 0x0E, 0xB5, 0x16, 0x22, 0x58, 0xC9, 0x2A, 0x97,
    0x92, 0x95, 0xD4, 0xE2, 0x03, 0x45, 0xFA, 0x6C, 0x1C, 0xAD, 0xB7, 0xE7, 0x8B, 0x31, 0x93, 0x72,
    0x12, 0xA9, 0xA7, 0xD2, 0x04, 0x3B, 0x3D, 0xE6, 0x5A, 0x70, 0x64, 0x30, 0x9D, 0x33, 0xAC, 0xC6,
    0x2F, 0x8D, 0x3E, 0x03, 0x67, 0x4E, 0x8D, 0x51, 0xF9, 0x54, 0x35, 0x71, 0x01, 0xC9, 0x58, 0x8F,
    0xBC, 0xC8, 0xC8, 0x6F, 0x8F, 0xFC, 0xF2, 0xA8, 0x91, 0xC7, 0xA5, 0x96, 0x10, 0x9F, 0x65, 0xE5,
    0x71, 0xBD, 0x85, 0xD9, 0x33, 0x1F, 0x84, 0x53, 0x59, 0x77, 0x3D, 0x08, 0xCE, 0xED, 0xC0, 0xF2,
    0x28, 0x69, 0xCA, 0x0C, 0xF3, 0xA2, 0x85, 0x40, 0xBA, 0x00, 0x59, 0xA1, 0xAE, 0xF6, 0x70, 0x2D,
    0x86, 0x7C, 0x1F, 0x85, 0x94, 0xEE, 0xE0, 0x79, 0x67, 0x9E, 0x87, 0x68, 0x49, 0xBD, 0x03, 0x5C,
    0x32, 0x8F, 0xAB, 0x69, 0x3A, 0x6C, 0x61, 0x7B, 0x00, 0x74, 0x6E, 0x01, 0x25, 0x83, 0x27, 0xB3,
    0xBF, 0x51, 0x22, 0x73, 0xDE, 0xE6, 0x1B, 0x12, 0x0F, 0x6A, 0x60, 0xA7, 0x9B, 0x81, 0x9B, 0xB5,
    0x37, 0xEA, 0x29, 0xA5, 0x6E, 0x72, 0xDD, 0xD8, 0xEC, 0xA2, 0xCD, 0x14, 0x24, 0xC9, 0xDF, 0x4A,
    0x6D, 0xF6, 0x5A, 0xF7, 0xA9, 0x05, 0x77, 0x1A, 0xFA, 0x4C, 0x79, 0x4B, 0xB3, 0x8B, 0x59, 0x7C,
    0x16, 0x19, 0x09, 0x66, 0x12, 0xEB, 0x89, 0xFF, 0x95, 0x4C, 0xA9, 0x30, 0x58, 0xE5, 0xB1, 0x1A,
    0xA5, 0xC8, 0x1A, 0x92, 0xB2, 0xC3, 0xA9, 0x40, 0x52, 0x6B, 0x98, 0x64, 0x4C, 0x53, 0x69, 0x00,
    0xDC, 0x12, 0x8C, 0x2E, 0xED, 0xF5, 0x68, 0xC4, 0x82, 0xCB, 0x8A, 0x1D, 0xCE, 0x23, 0xF7, 0x61,
    0x90, 0x5B, 0x92, 0x7E, 0x8D, 0xDE, 0x3A, 0xAD, 0x46, 0x7F, 0x48, 0x6A, 0x40, 0x5C, 0x3B, 0x42,
    0xE9, 0x81, 0x33, 0xE7, 0xC5, 0x9A, 0xA9, 0x91, 0x15, 0x7E, 0xAD, 0xB3, 0xE3, 0x8F, 0x42, 0x09,
    0x4E, 0x25, 0x0E, 0x78, 0x75, 0x2C, 0xBF, 0xA4, 0x07, 0xE5, 0x52, 0x0F, 0xA9, 0x37, 0x97, 0x20,
    0x4A, 0x78, 0xE8, 0x31, 0x76, 0xC5, 0x3A, 0x39, 0xA9, 0xC6, 0xE4, 0x56, 0x55, 0xC6, 0x27, 0x85,
    0x3D, 0x71, 0x7F, 0x93, 0xA2, 0x87, 0x49, 0xFE, 0xBC, 0xF2, 0x41, 0x73, 0x60, 0xB9, 0xD9, 0x5C,
    0x62, 0xB9, 0xF9, 0xA7, 0x69, 0xE7, 0xEF, 0x2C, 0x37, 0x1B, 0x84, 0x05, 0xE6, 0xC6, 0xA0, 0x4B,
    0xAB, 0xEC, 0x65, 0xCC, 0xE2, 0x0B, 0x73, 0xB2, 0xAF, 0xCF, 0x39, 0xD9, 0x02, 0x8E, 0x09, 0x7E,
    0x29, 0x60, 0x2E, 0x88, 0x81, 0xD5, 0xF3, 0x2D, 0x5C, 0xF3, 0x72, 0x93, 0x68, 0x0D, 0xE4, 0x42,
    0x94, 0x06, 0x5E, 0x3E, 0x05, 0x3C, 0x6E, 0x45, 0xB4, 0x88, 0x72, 0x67, 0x23, 0x5C, 0x28, 0x96,
    0x15, 0x67, 0x92, 0x09, 0xBA, 0x78, 0x8C, 0xA4, 0x2C, 0x3A, 0xEB, 0x9A, 0x5F, 0x2E, 0xE9, 0x4F,
    0x0E, 0x3A, 0x17, 0x9C, 0x75, 0x98, 0xA3, 0xCB, 0x01, 0xAB, 0x36, 0xA8, 0x4F, 0xCC, 0x87, 0x49,
    0x8C, 0xDB, 0xD0, 0x57, 0xAC, 0x24, 0x4E, 0xF2, 0x1F, 0xC3, 0x33, 0x4B, 0xC4, 0xCD, 0x13, 0x9B,
    0x29, 0x8A, 0xAE, 0xB6, 0xCE, 0x7F, 0x4F, 0x16, 0xAD, 0x6C, 0xA4, 0x95, 0xD1, 0x4E, 0x2B, 0xCB,
    0xB9, 0x95, 0xD7, 0x4B, 0x38, 0x06, 0xD2, 0x53, 0x85, 0xCB, 0xB6, 0xB2, 0x38, 0xD0, 0xCA, 0x8E,
    0xAD, 0xC4, 0x3D, 0xB3, 0x95, 0x65, 0x6B, 0xAE, 0xB9, 0x6F, 0x32, 0x0D, 0x15, 0xA8, 0x9A, 0x07,
    0x5A, 0x69, 0xAB, 0xB9, 0x1B, 0xC3, 0x9D, 0x6E, 0x94, 0xE5, 0xCF, 0xDC, 0xCD, 0xDD, 0x28, 0x61,
    0x24, 0x17, 0xF0, 0xB5, 0x43, 0x65, 0x1F, 0xD7, 0xF0, 0xB9, 0x88, 0x6F, 0xB8, 0x8A, 0x4F, 0xBF,
    0xD8, 0xA0, 0x51, 0xA1, 0x43, 0x9B, 0x02, 0x57, 0xE3, 0xD6, 0xCF, 0x5F, 0xE9, 0xAD, 0x25, 0x98,
    0xDB, 0x66, 0xC4, 0x69, 0x69, 0x06, 0x6D, 0xF3, 0x9C, 0x11, 0x2F, 0x5B, 0x09, 0xEC, 0x98, 0x11,
    0x8F, 0x1B, 0x92, 0x44, 0xCB, 0xC5, 0xCA, 0x33, 0x6C, 0x82, 0x52, 0x4A, 0xBE, 0x73, 0x89, 0x46,
    0x38, 0xD1, 0x31, 0x50, 0xA6, 0xF7, 0x12, 0xCD, 0x34, 0x15, 0x67, 0x0B, 0x77, 0x00, 0xA1, 0xDB,
    0xAC, 0xFE, 0x11, 0xFC, 0xCB, 0xF2, 0x11, 0xDD, 0xA6, 0xB8, 0x9A, 0xCB, 0xE1, 0xA3, 0x07, 0x4F,
    0x94, 0x4A, 0xCF, 0x68, 0xE6, 0x14, 0xEC, 0x12, 0xD3, 0x05, 0x5E, 0x33, 0x2C, 0x5B, 0xD8, 0x40,
    0x73, 0x10, 0xF2, 0x22, 0x99, 0x7C, 0x9F, 0x94, 0x2F, 0xF9, 0xEE, 0x93, 0x0D, 0xDF, 0xDB, 0x07,
    0xBA, 0xF8, 0x2D, 0xA8, 0x31, 0x4D, 0xAA, 0xD9, 0xB8, 0x2E, 0x81, 0x6B, 0x87, 0x3B, 0x52, 0x8C,
    0xC2, 0xB6, 0x12, 0x88, 0x2C, 0x2D, 0x6C, 0xAC, 0x97, 0xA4, 0x9E, 0x26, 0x09, 0x26, 0xF1, 0x37,
    0x02, 0xDE, 0xD4, 0x91, 0x3B, 0x6D, 0x24, 0xBE, 0x2B, 0x92, 0xDF, 0x82, 0xFC, 0xEE, 0x13, 0x58,
    0x31, 0x8D, 0xDE, 0xCC, 0x83, 0xDF, 0x22, 0xCC, 0xBA, 0x3B, 0xC9, 0xBB, 0x53, 0x44, 0xB4, 0x91,
    0xCE, 0x4E, 0xE1, 0xAD, 0x7D, 0x0D, 0x92, 0x42, 0x6E, 0x5B, 0x89, 0xBC, 0xA8, 0xFD, 0xBE, 0x83,
    0x4A, 0xA6, 0x56, 0xE5, 0xDA, 0x36, 0x0E, 0x2B, 0xA7, 0x01, 0xDD, 0x91, 0x54, 0x59, 0xBF, 0xD4,
    0x5C, 0x43, 0x95, 0x99, 0x59, 0x2B, 0x25, 0xA7, 0x76, 0xAE, 0xD4, 0x67, 0xD6, 0x00, 0x96, 0x82,
    0x10, 0x28, 0xCF, 0xC7, 0x39, 0xB8, 0xCE, 0x10, 0x5C, 0x17, 0x9B, 0x65, 0xE7, 0x73, 0x84, 0xAB,
    0x6A, 0x3A, 0x1C, 0x6B, 0x86, 0xD7, 0xF0, 0x7B, 0x29, 0x5C, 0x26, 0x1C, 0x10, 0x03, 0xA8, 0xC6,
    0x0A, 0xFF, 0x64, 0xD4, 0x13, 0xB4, 0x89, 0x14, 0x36, 0x46, 0x4E, 0x52, 0xA6, 0x0F, 0xA4, 0xD0,
    0x25, 0xD4, 0x80, 0x46, 0xB2, 0xC5, 0x81, 0xE4, 0xB8, 0xE1, 0xC8, 0xCD, 0x0D, 0xF4, 0x7F, 0xE1,
    0x69, 0x8D, 0xB3, 0xA4, 0x28, 0xA4, 0x24, 0xA6, 0x64, 0x3E, 0x87, 0x75, 0xB6, 0x5C, 0x96, 0xB5,
    0x0C, 0x68, 0xDE, 0x8C, 0x99, 0x8B, 0x94, 0xA5, 0x00, 0xE6, 0xE0, 0x42, 0x49, 0xC4, 0xD1, 0x86,
    0x1B, 0x2D, 0xD6, 0x6E, 0xAE, 0x4B, 0x50, 0x9D, 0x19, 0xC9, 0x74, 0x99, 0xDB, 0xB4, 0x08, 0x87,
    0x1A, 0x6B, 0x0F, 0x34, 0x36, 0x5D, 0x34, 0xD6, 0x2B, 0xA5, 0xC9, 0xE7, 0x37, 0xB6, 0xF6, 0x0F,
    0x36, 0x76, 0xF2, 0xEF, 0x4B, 0x8C, 0xF7, 0xF1, 0x79, 0x6E, 0x48, 0x78, 0x8A, 0x56, 0xA2, 0x17,
    0xFB, 0x70, 0xC5, 0x92, 0x79, 0xCD, 0xA4, 0x69, 0xCD, 0x2F, 0xA7, 0x44, 0x52, 0xEB, 0xAA, 0x83,
    0x64, 0x34, 0x76, 0x33, 0x6A, 0xD3, 0x62, 0xC0, 0xFF, 0x65, 0xE9, 0xA8, 0x61, 0x7A, 0x99, 0x41,
    0x9F, 0xA4, 0xBF, 0x84, 0x3D, 0x4A, 0x5A, 0x70, 0x4E, 0xF9, 0x1D, 0xB3, 0xDE, 0xE0, 0xE9, 0x05,
    0x9A, 0x6B, 0x2D, 0x56, 0x2E, 0xF2, 0x56, 0x0A, 0x90, 0xA5, 0x10, 0x99, 0xDF, 0x11, 0x27, 0x3A,
    0x4E, 0xDB, 0xF5, 0x94, 0xBB, 0xEE, 0xC5, 0x4D, 0x05, 0xB2, 0x8A, 0x0B, 0x42, 0xD6, 0x2F, 0xB2,
    0xF5, 0x4E, 0xE3, 0x56, 0x72, 0xD4, 0xAF, 0xE7, 0xD8, 0x15, 0xD7, 0xF7, 0x19, 0xB3, 0x96, 0x4C,
    0x65, 0x6D, 0x72, 0x24, 0xCA, 0xFF, 0x39, 0x73, 0xDD, 0x54, 0xAE, 0xA6, 0x19, 0x12, 0xB5, 0x9D,
    0xBB, 0x58, 0xC5, 0x1B, 0x4C, 0x16, 0x28, 0xB5, 0xA0, 0x5A, 0x0C, 0x3A, 0x59, 0xF6, 0x5C, 0x13,
    0xD2, 0x44, 0x29, 0x08, 0x35, 0x52, 0x11, 0x6A, 0xA4, 0x24, 0x94, 0xEE, 0x0E, 0xE1, 0x3D, 0x8B,
    0x42, 0xE5, 0x91, 0x85, 0xD8, 0x2D, 0x1C, 0x8A, 0x70, 0x57, 0x5D, 0xA9, 0xD2, 0x49, 0x22, 0x11,
    0xB9, 0x64, 0xD6, 0x65, 0x52, 0x6C, 0x41, 0xB4, 0x4B, 0xCB, 0xCA, 0x09, 0x54, 0x16, 0xD6, 0x36,
    0x68, 0x9C, 0xCB, 0xEA, 0x06, 0x93, 0xD7, 0xE8, 0x96, 0xBC, 0x00, 0x7C, 0xA8, 0x0F, 0x99, 0x28,
    0x5F, 0xDF, 0x26, 0x3C, 0x37, 0xC9, 0x56, 0xEF, 0x7D, 0xF3, 0x02, 0xEB, 0x47, 0x27, 0x27, 0xBA,
    0x9A, 0x7F, 0xB7, 0xE4, 0xED, 0x69, 0x98, 0x52, 0x5C, 0xA9, 0x6C, 0x62, 0xCB, 0x42, 0xD3, 0x4A,
    0x88, 0x68, 0x3C, 0x25, 0xC8, 0x8E, 0x7B, 0x0F, 0xFD, 0x16, 0xE6, 0xE1, 0x90, 0x19, 0x2D, 0x94,
    0x46, 0x4C, 0x91, 0xF4, 0xE7, 0xCB, 0xE6, 0x4A, 0x91, 0xE8, 0x13, 0xB3, 0x13, 0x89, 0x5E, 0x90,
    0x86, 0xBE, 0xB0, 0x58, 0x51, 0x0B, 0xD0, 0xA4, 0x58, 0x51, 0xFD, 0xFC, 0xDE, 0xAA, 0x08, 0x67,
    0x47, 0xC0, 0xE7, 0x78, 0xF4, 0x59, 0x9E, 0x8D, 0x43, 0x5E, 0xC8, 0x53, 0xAA, 0x05, 0xD2, 0xCD,
    0xAB, 0x60, 0x80, 0x3C, 0xBF, 0xA4, 0x94, 0xD9, 0x48, 0x2D, 0xB3, 0x91, 0x62, 0x66, 0x23, 0xD5,
    0xCC, 0x46, 0xCA, 0x99, 0x8D, 0xD4, 0x33, 0x1B, 0x29, 0x68, 0x36, 0x52, 0xD1, 0x6C, 0xA4, 0xA4,
    0xD9, 0x48, 0x4D, 0xB3, 0x91, 0xA2, 0x66, 0x23, 0x55, 0xCD, 0x46, 0xCA, 0x9A, 0x8D, 0xD4, 0x35,
    0x1B, 0x29, 0x6C, 0x66, 0x1A, 0xBF, 0x28, 0x7B, 0xCE, 0xE1, 0x72, 0x90, 0xDA, 0xE6, 0xE5, 0x74,
    0x10, 0x93, 0xAA, 0xF1, 0xDF, 0x14, 0xF9, 0x49, 0x0C, 0x8A, 0x41, 0x78, 0xB6, 0x02, 0x9E, 0x87,
    0x5A, 0xC0, 0x73, 0x9F, 0x05, 0x3C, 0x3D, 0x0B, 0x78, 0x0E, 0x8D, 0x71, 0x31, 0x73, 0xB0, 0x97,
    0x4D, 0x3E, 0xE6, 0xA3, 0x1D, 0xA3, 0xF6, 0xFC, 0x7F, 0x76, 0xE4, 0x39, 0xE6, 0xBE, 0xC7, 0x65,
    0x14, 0x76, 0xED, 0x2A, 0x69, 0x26, 0xB3, 0x1F, 0xAE, 0x77, 0x0C, 0xFE, 0x0B, 0x7B, 0x68, 0x24,
    0xAC, 0x3F, 0x12, 0x43, 0x1E, 0x30, 0x1F, 0x38, 0x15, 0x5D, 0x5D, 0xA9, 0x2C, 0xEF, 0x23, 0xD6,
    0x5B, 0x38, 0x86, 0x52, 0x02, 0x1F, 0x85, 0xF5, 0xF7, 0xD6, 0xFE, 0xB8, 0x75, 0x22, 0x7C, 0xBF,
    0xF9, 0xBB, 0x52, 0x69, 0x61, 0x2E, 0xE9, 0x30, 0x5D, 0x73, 0x14, 0x16, 0xE0, 0x7F, 0x27, 0xD5,
    0xBF, 0xDF, 0x4A, 0x60, 0xF5, 0x9F, 0x32, 0xCC, 0xBF, 0x25, 0xA6, 0x77, 0x99, 0x24, 0xB0, 0x21,
    0x71, 0x25, 0x28, 0xC6, 0xD5, 0x17, 0x3B, 0x1B, 0x2C, 0x28, 0x49, 0x5C, 0x6B, 0xF1, 0x33, 0x6B,
    0x2C, 0x2C, 0xA9, 0x05, 0xD8, 0x20, 0xF1, 0x3A, 0x7E, 0x1E, 0xC4, 0xF3, 0x3B, 0x27, 0xFC, 0x6C,
    0xF8, 0x73, 0x28, 0xED, 0x40, 0xC2, 0xB3, 0xE6, 0x47, 0x96, 0x99, 0xBA, 0x75, 0x99, 0xAD, 0x68,
    0x02, 0xB9, 0x8E, 0xE8, 0xBB, 0xE2, 0x47, 0x39, 0xF7, 0xA5, 0xEE, 0x3D, 0xB7, 0x8E, 0x7A, 0xD0,
    0xA9, 0x57, 0xCC, 0x8F, 0x31, 0xBD, 0x4E, 0x4D, 0xFC, 0x2F, 0xEC, 0xA2, 0xC9, 0x01, 0x1D, 0xF9,
    0xB1, 0x4C, 0x0B, 0x42, 0xF6, 0x6E, 0x1B, 0xBB, 0x3A, 0x10, 0x83, 0x73, 0xC9, 0x4A, 0x0D, 0x32,
    0xBE, 0x48, 0xD7, 0xA5, 0xEA, 0x24, 0x4B, 0xDA, 0x3F, 0x33, 0xFA, 0x68, 0x0E, 0x0D, 0x15, 0xEF,
    0x70, 0x16, 0x2E, 0x9A, 0xE6, 0x46, 0x9F, 0x1D, 0x92, 0x3A, 0xEF, 0x36, 0x61, 0xAA, 0xA3, 0xF2,
    0x48, 0x51, 0xD2, 0x2F, 0x4D, 0xC4, 0xBC, 0x7A, 0x55, 0xBA, 0xF6, 0x83, 0x70, 0x4A, 0x7A, 0xCB,
    0x2F, 0x0E, 0xA7, 0xDE, 0x70, 0x27, 0xE8, 0x2D, 0x7B, 0xAE, 0xBE, 0x8E, 0x48, 0xA2, 0x4D, 0x4D,
    0xD8, 0xC3, 0x69, 0x41, 0xF8, 0x7E, 0xAB, 0x01, 0xC7, 0x69, 0xC6, 0xD9, 0xE7, 0x22, 0x2F, 0xD9,
    0x30, 0x63, 0x4E, 0x23, 0xB1, 0x37, 0x32, 0x21, 0x36, 0x9B, 0x69, 0xE7, 0xFF, 0x3B, 0x3A, 0x97,
    0xFC, 0xD1, 0x6D, 0x50, 0xF7, 0xEC, 0xAC, 0xE3, 0x1E, 0x93, 0xD4, 0xB1, 0x50, 0xC5, 0x7E, 0x31,
    0x88, 0x24, 0x1F, 0x6F, 0x9F, 0xEA, 0x39, 0xD6, 0x72, 0xCA, 0xD9, 0x21, 0xBB, 0x6C, 0xD9, 0xEA,
    0x54, 0xAB, 0xC0, 0xA8, 0x50, 0x54, 0x45, 0x7A, 0x9E, 0xC4, 0xFF, 0xBE, 0x99, 0x32, 0xF0, 0x95,
    0x2E, 0x26, 0xC7, 0x9B, 0x95, 0xBF, 0x4F, 0x71, 0xD2, 0xA9, 0xC9, 0x59, 0x72, 0x9F, 0xB1, 0x70,
    0x98, 0x4F, 0xE0, 0x62, 0x5C, 0x26, 0x59, 0x2F, 0x9E, 0xC6, 0xAC, 0xD4, 0x67, 0x93, 0x87, 0x8A,
    0x8B, 0x5D, 0xCB, 0x35, 0x8D, 0x14, 0x7D, 0xCF, 0xF9, 0x30, 0x5B, 0xFC, 0xB5, 0x71, 0xBA, 0x26,
    0x21, 0x4F, 0xF3, 0x16, 0x5A, 0x73, 0xC8, 0x34, 0xA0, 0xC2, 0xF7, 0xF1, 0x9C, 0x25, 0x4B, 0x75,
    0xE6, 0xE5, 0xCC, 0xE7, 0x29, 0x43, 0x31, 0x0F, 0xA1, 0xEB, 0x9E, 0x4B, 0x5A, 0x05, 0xF9, 0xF8,
    0x7D, 0xB4, 0x3F, 0x6C, 0xEE, 0x6C, 0x9D, 0x42, 0x73, 0xE7, 0xB9, 0x4A, 0x69, 0xBC, 0x2E, 0xC9,
    0x82, 0x81, 0x05, 0x1C, 0xB6, 0xE2, 0xFB, 0x6D, 0x9D, 0xD4, 0x71, 0x9E, 0x71, 0xDA, 0x99, 0x0B,
    0x6F, 0x6D, 0xE7, 0xC2, 0x55, 0x0A, 0x7D, 0xCF, 0x2B, 0x4D, 0xA1, 0x1F, 0x59, 0x56, 0xA6, 0x6C,
    0xDA, 0xC4, 0x04, 0x5D, 0xE5, 0x0F, 0x3C, 0xF7, 0xE2, 0xD2, 0x14, 0xFB, 0xD4, 0xD2, 0x14, 0xAF,
    0x5F, 0xF4, 0x53, 0xBF, 0x78, 0xF2, 0xF8, 0x48, 0x6D, 0xBA, 0x54, 0x3F, 0x5D, 0xB2, 0xAD, 0x34,
    0x6F, 0xC9, 0xEF, 0x47, 0x91, 0xA5, 0xA9, 0x3B, 0xD6, 0xB3, 0x18, 0x67, 0x8B, 0x1C, 0xA3, 0x11,
    0x3A, 0x0D, 0xCA, 0xDD, 0xBD, 0xC4, 0x14, 0xC6, 0x80, 0xB9, 0xAF, 0x2F, 0xBC, 0xFF, 0x21, 0x0C,
    0x3B, 0xBD, 0x6A, 0x15, 0x8E, 0xE2, 0xAF, 0xF6, 0x27, 0xDE, 0xB1, 0x1E, 0xF2, 0x4A, 0x24, 0xF3,
    0xA6, 0x76, 0x69, 0x7B, 0xED, 0xE3, 0xD5, 0x84, 0xB1, 0xE4, 0x26, 0xEA, 0xCA, 0x8C, 0x22, 0xE5,
    0x37, 0x47, 0x6E, 0xBF, 0x0C, 0xDA, 0x1F, 0x47, 0x91, 0xE5, 0xA0, 0x1D, 0xB5, 0x04, 0xDC, 0x9E,
    0x34, 0x26, 0x87, 0xA1, 0x46, 0x14, 0xE1, 0x75, 0x1F, 0xE1, 0x9E, 0xFA, 0xA3, 0xDF, 0x87, 0x5C,
    0x9F, 0x0F, 0xB7, 0xF5, 0xBA, 0x6A, 0x80, 0xC0, 0xE6, 0x85, 0xDC, 0xCB, 0x79, 0xCC, 0xF8, 0x58,
    0x0F, 0xB2, 0x9D, 0x2D, 0x3B, 0xBD, 0x6C, 0x0D, 0xF9, 0xF3, 0xD4, 0xFA, 0xB8, 0xAD, 0x6C, 0xFE,
    0x3F, 0x8D, 0x3D, 0x79, 0x4A, 0xB1, 0xEE, 0x30, 0xBD, 0xCC, 0xDE, 0x4B, 0x6E, 0x83, 0xD6, 0x45,
    0x61, 0x69, 0x63, 0xCC, 0x0B, 0x7C, 0x8E, 0xCC, 0x08, 0x47, 0x01, 0x57, 0x99, 0x60, 0x43, 0x59,
    0xE6, 0x14, 0xCF, 0xF3, 0xD5, 0x9E, 0x5F, 0x54, 0xDD, 0x54, 0x4E, 0xD5, 0x4D, 0xEE, 0xBC, 0xEA,
    0x26, 0xA6, 0xC8, 0xA4, 0x98, 0x68, 0xF1, 0xDF, 0x17, 0xA4, 0xD5, 0xB4, 0x3F, 0x93, 0xA0, 0xEE,
    0x50, 0xD5, 0x53, 0x5C, 0x2F, 0x2B, 0x2B, 0x9B, 0x69, 0xF1, 0x6F, 0x2B, 0xCB, 0x27, 0x0F, 0x64,
    0x1F, 0xB4, 0x82, 0xA5, 0xE8, 0x87, 0x1F, 0x11, 0x75, 0x07, 0x1E, 0x11, 0x5D, 0xCF, 0x8F, 0x88,
    0x16, 0x8B, 0x47, 0x44, 0xBB, 0xE9, 0x11, 0xD1, 0xF5, 0x42, 0x35, 0x4A, 0xBD, 0x7A, 0x32, 0x70,
    0x79, 0xF7, 0x19, 0x9F, 0xB1, 0x80, 0x72, 0x92, 0xB2, 0x51, 0xE3, 0x23, 0x15, 0x8F, 0x25, 0xE2,
    0xE8, 0x0C, 0x7F, 0x5C, 0xB6, 0xB5, 0xD9, 0x6F, 0x2B, 0x1F, 0x84, 0xA5, 0xFC, 0xA0, 0x1C, 0xEF,
    0x9F, 0x79, 0x9C, 0xB5, 0xDD, 0x7D, 0x9C, 0x75, 0x6A, 0x53, 0x25, 0x6D, 0x1A, 0xB4, 0x4D, 0xAF,
    0xB8, 0x27, 0xFC, 0x4F, 0x4D, 0x2A, 0xF9, 0x1F, 0x4D, 0xD8, 0xA6, 0x27, 0xBB, 0xCF, 0x7D, 0xFC,
    0x2F, 0x8D, 0x5A, 0x3F, 0x8C, 0xDE, 0x46, 0x76, 0x7F, 0x24, 0x15, 0xF1, 0x10, 0x06, 0xA0, 0xEE,
    0xA2, 0x43, 0x8C, 0x6C, 0x1C, 0xAA, 0xB8, 0x22, 0x08, 0x9C, 0x9D, 0x14, 0x2E, 0x7C, 0xB8, 0xFD,
    0xBE, 0xA1, 0xAC, 0xC2, 0x85, 0x0B, 0x5F, 0x77, 0xC5, 0x15, 0x76, 0x1B, 0x24, 0x81, 0x1A, 0x23,
    0x51, 0x90, 0xDD, 0x25, 0x65, 0x15, 0x2E, 0x5C, 0x48, 0x7D, 0x10, 0xDC, 0x21, 0x49, 0x11, 0xE4,
    0x8A, 0x1C, 0x02, 0x25, 0xF9, 0x82, 0x7C, 0xBB, 0x1C, 0xC7, 0x85, 0x0B, 0x17, 0xE6, 0xC5, 0xA5,
    0x81, 0x88, 0xC9, 0xC9, 0x48, 0x90, 0x7F, 0xA2, 0x73, 0x94, 0x3D, 0x6B, 0x91, 0x9C, 0xFC, 0x7E,
    0x43, 0x7E, 0xBB, 0xDF, 0x4A, 0xB2, 0x7C, 0xCB, 0x79, 0xC3, 0x8F, 0xC3, 0xE1, 0x70, 0xE6, 0xBD,
    0x37, 0xEF, 0xFD, 0xDE, 0xE3, 0x8A, 0x6A, 0x45, 0x34, 0xA8, 0xB0, 0x22, 0x7D, 0x0F, 0x3A, 0x92,
    0xB0, 0xD3, 0x12, 0xB5, 0x5A, 0xE2, 0x87, 0xD7, 0xCB, 0xD4, 0x39, 0x03, 0xAA, 0x55, 0x1E, 0x37,
    0x6C, 0x2D, 0x24, 0xB4, 0x12, 0x3A, 0xD7, 0x48, 0xC4, 0x2A, 0x61, 0x95, 0xDD, 0x33, 0x18, 0xE3,
    0x75, 0x54, 0x87, 0x99, 0x33, 0xD2, 0xA3, 0x0A, 0xF0, 0x18, 0x7B, 0x18, 0xF6, 0x30, 0x92, 0x9A,
    0xCC, 0xB5, 0xBA, 0x44, 0x55, 0x08, 0xAA, 0x64, 0x14, 0x55, 0x17, 0xEE, 0x27, 0xCE, 0x16, 0xCE,
    0xB9, 0xFE, 0x4A, 0xE8, 0xF2, 0x41, 0x64, 0x08, 0x86, 0x8A, 0x97, 0xAC, 0x3A, 0x56, 0xE5, 0x81,
    0xA0, 0x59, 0x87, 0xA3, 0xBC, 0xA0, 0x79, 0x23, 0x75, 0x0F, 0x9C, 0x0D, 0xC7, 0x8B, 0xAE, 0x8C,
    0xDC, 0xC8, 0xD1, 0xEB, 0xA8, 0x4D, 0xDB, 0xA8, 0x4D, 0x40, 0x59, 0xCD, 0x2E, 0xA4, 0xE8, 0xE1,
    0xEB, 0xB8, 0x8E, 0xAC, 0xA7, 0x6E, 0xA7, 0xE3, 0x3C, 0xD1, 0x3F, 0x97, 0xEA, 0x7E, 0xEC, 0xC6,
    0xCC, 0x0D, 0xDA, 0xFC, 0x5A, 0x25, 0x32, 0x6E, 0x0A, 0x7E, 0x17, 0xE6, 0x79, 0xE5, 0xC6, 0x04,
    0x83, 0x56, 0xF7, 0x0B, 0x77, 0x47, 0xB4, 0x1B, 0x40, 0x2E, 0xD7, 0xB8, 0xA3, 0x05, 0x43, 0x4B,
    0x4A, 0x6A, 0xA6, 0x33, 0xAF, 0x2B, 0xE3, 0xEF, 0xA3, 0x1F, 0xFB, 0x73, 0x78, 0xBC, 0xA6, 0x05,
    0xF5, 0x51, 0x17, 0x0F, 0x51, 0x27, 0xA3, 0x76, 0x75, 0x35, 0x91, 0xA9, 0x78, 0xED, 0xDB, 0x9D,
    0xB3, 0xF3, 0x74, 0xF0, 0x5C, 0xA7, 0x59, 0xC0, 0x67, 0x61, 0x71, 0x8D, 0x2F, 0xF5, 0xE6, 0xD2,
    0x6A, 0x72, 0xC7, 0x26, 0x63, 0xAE, 0xC0, 0x7D, 0xD7, 0x5E, 0x8E, 0x5B, 0x49, 0xDA, 0x80, 0xAC,
    0xCD, 0xC5, 0xB5, 0x12, 0x75, 0xDF, 0x8A, 0xEC, 0x34, 0xC2, 0x45, 0xCC, 0xA4, 0xE4, 0xA1, 0xB6,
    0x0F, 0x33, 0x1D, 0xE2, 0xFF, 0xB2, 0x5C, 0x1B, 0x6D, 0xB2, 0x5C, 0x74, 0x29, 0xEA, 0xE9, 0xE5,
    0x92, 0xC6, 0x7A, 0xA4, 0x1A, 0x44, 0xDD, 0x97, 0x02, 0x8C, 0xD1, 0x91, 0x15, 0x9D, 0xB4, 0xA2,
    0x31, 0x86, 0x06, 0x93, 0x74, 0x3F, 0x13, 0x78, 0xA6, 0x8B, 0x52, 0x74, 0xDA, 0x88, 0x8E, 0xD1,
    0x27, 0xC0, 0x62, 0xA4, 0x2A, 0x31, 0x3F, 0x39, 0xA3, 0x52, 0xE2, 0x47, 0xB5, 0xC4, 0xAE, 0x96,
    0x14, 0xFD, 0x0B, 0xB4, 0x55, 0xA0, 0xEF, 0xF0, 0xDE, 0x17, 0x7F, 0x85, 0x76, 0xE7, 0x09, 0x43,
    0x43, 0x15, 0x1A, 0x48, 0x58, 0xB7, 0x11, 0xAA, 0x2E, 0x46, 0x65, 0x13, 0x27, 0x7A, 0x9D, 0x56,
    0xA2, 0x17, 0x99, 0x16, 0xBD, 0xD4, 0x5A, 0x96, 0x6A, 0x81, 0x2A, 0xED, 0x7D, 0xA5, 0x64, 0x19,
    0x77, 0x4A, 0x0E, 0xA3, 0x56, 0xE5, 0x85, 0x97, 0x08, 0xD6, 0x46, 0x89, 0x84, 0xCE, 0xE8, 0x18,
    0x94, 0x3E, 0x30, 0x5A, 0x7F, 0x68, 0x74, 0x95, 0x1A, 0x3D, 0x80, 0x2C, 0xA8, 0x01, 0x19, 0x10,
    0xFA, 0x4B, 0x55, 0x43, 0x2B, 0x7B, 0x51, 0x98, 0x80, 0x36, 0x45, 0x59, 0x61, 0x1A, 0xA3, 0x64,
    0xA0, 0xD4, 0x9F, 0x79, 0x5D, 0x94, 0x45, 0xC9, 0xFB, 0xEC, 0x17, 0x54, 0x77, 0x84, 0xF3, 0xA2,
    0x78, 0xEC, 0x8B, 0x51, 0xBF, 0xA5, 0x38, 0xC7, 0xD0, 0xDA, 0x97, 0x22, 0x68, 0x6C, 0x57, 0xB8,
    0x1A, 0x5A, 0xCD, 0xAE, 0xA9, 0x03, 0x4F, 0xBC, 0x80, 0x5D, 0x5E, 0xE5, 0x45, 0xD9, 0x63, 0xD8,
    0x0D, 0xE1, 0xDA, 0xB0, 0xFD, 0x6C, 0xE8, 0xDA, 0x3F, 0x93, 0xE0, 0x19, 0xB5, 0x79, 0x06, 0xAF,
    0x1E, 0x30, 0x8D, 0xE9, 0x99, 0xC4, 0xAC, 0x71, 0x3E, 0x90, 0xAC, 0x5C, 0xCA, 0x4E, 0xEE, 0x65,
    0x79, 0xFD, 0xBE, 0xFC, 0x39, 0x55, 0x15, 0x1B, 0x44, 0xD7, 0x50, 0xC6, 0x16, 0x3B, 0xF3, 0x18,
    0xFB, 0x35, 0xFB, 0xA8, 0xD5, 0xE1, 0x23, 0x30, 0x45, 0x37, 0x59, 0x9D, 0xB5, 0xD8, 0x78, 0x3D,
    0x36, 0xEA, 0x0B, 0xEC, 0xBF, 0x33, 0x06, 0xAE, 0x74, 0xEE, 0x9E, 0x6B, 0xFD, 0x0E, 0xFB, 0x61,
    0xE4, 0xAE, 0x62, 0x67, 0x39, 0x1C, 0xE2, 0x07, 0x82, 0x1A, 0x57, 0x1C, 0xF2, 0x08, 0x2D, 0x63,
    0x11, 0xE2, 0xAE, 0xDF, 0x70, 0x19, 0x36, 0x5C, 0x1B, 0x8E, 0xD8, 0x9E, 0x3A, 0xB0, 0x3A, 0xEC,
    0xB2, 0x8F, 0x31, 0xAA, 0x49, 0xA0, 0xA4, 0x7F, 0x62, 0xAB, 0xA0, 0x1F, 0x64, 0x18, 0x65, 0xA8,
    0xC2, 0xBE, 0x60, 0xD7, 0x16, 0xDD, 0x82, 0xAA, 0xC4, 0x5A, 0x5A, 0xAC, 0xA5, 0x17, 0x7D, 0x73,
    0x00, 0x8B, 0x30, 0x1E, 0xB4, 0xE3, 0x08, 0xF4, 0x3B, 0xF2, 0x9B, 0xFE, 0x37, 0xDB, 0x8A, 0x9B,
    0xDC, 0x60, 0x58, 0x21, 0xFA, 0x52, 0x9F, 0x8B, 0x31, 0xE7, 0x4E, 0x80, 0xD2, 0x47, 0xBD, 0x0E,
    0x7A, 0xD6, 0xD4, 0xEC, 0x46, 0xA3, 0x7D, 0xDA, 0x0F, 0xD0, 0x21, 0x01, 0xAB, 0x86, 0xC4, 0x0D,
    0xD8, 0xC2, 0xCA, 0x0C, 0xBA, 0x1C, 0x54, 0x3D, 0xA4, 0x6E, 0x88, 0xDD, 0x10, 0xB8, 0x21, 0x6A,
    0x87, 0xB4, 0x61, 0x3B, 0x54, 0x17, 0x05, 0x3F, 0xD2, 0x7A, 0x88, 0xDB, 0x21, 0xB4, 0xBC, 0xCB,
    0xA7, 0x3E, 0xE1, 0x23, 0x7C, 0xEA, 0x13, 0x3E, 0x85, 0xA1, 0x2A, 0x32, 0x7B, 0x26, 0x8E, 0xFE,
    0x95, 0x44, 0x4B, 0x81, 0x0D, 0x04, 0x7D, 0xCB, 0xBF, 0x94, 0x78, 0x50, 0x83, 0x20, 0xE0, 0x94,
    0x02, 0x86, 0x79, 0x14, 0xB9, 0x98, 0x83, 0x9B, 0x5B, 0x74, 0x82, 0x36, 0xA8, 0x91, 0x2C, 0x41,
    0x29, 0x84, 0x9A, 0x96, 0x02, 0x9D, 0xA3, 0xC5, 0x9B, 0xFB, 0x08, 0x2C, 0xA0, 0x6C, 0xFE, 0x9E,
    0xE3, 0x56, 0xE9, 0x7D, 0x75, 0xC8, 0xCA, 0xA1, 0xBA, 0x0F, 0xC9, 0xC5, 0xCD, 0x21, 0x58, 0xE2,
    0xFB, 0xAD, 0x7D, 0xC5, 0xCB, 0x81, 0x77, 0x7D, 0xE5, 0x3B, 0x5B, 0x3E, 0x76, 0x67, 0x1E, 0x28,
    0xE0, 0x52, 0xCD, 0x44, 0xB0, 0x87, 0x67, 0xAF, 0x87, 0x91, 0xC8, 0xE6, 0x76, 0x57, 0x56, 0xD0,
    0x86, 0xE9, 0x5E, 0x36, 0x4F, 0xED, 0xDC, 0xFD, 0x9C, 0xF7, 0x8F, 0x85, 0xDE, 0x20, 0x35, 0x2A,
    0x87, 0x65, 0x2F, 0x59, 0xC3, 0x5B, 0xD4, 0x87, 0xF0, 0x0F, 0x6B, 0x09, 0x5B, 0x2C, 0xFB, 0x04,
    0xD3, 0x72, 0xF4, 0x2A, 0x58, 0xBE, 0x36, 0x5C, 0x1D, 0x4C, 0x79, 0x01, 0x2B, 0x73, 0x28, 0x15,
    0x19, 0x25, 0x8E, 0x6C, 0x84, 0x35, 0x83, 0x66, 0xBF, 0xFC, 0xB3, 0x1A, 0x3A, 0x7E, 0xEB, 0xA7,
    0x0D, 0xF4, 0xE1, 0xBD, 0x7F, 0x6E, 0x31, 0xE5, 0x0F, 0xCC, 0x43, 0x18, 0xB8, 0x7B, 0xE5, 0x17,
    0xA8, 0xF1, 0xC2, 0x06, 0x0E, 0x47, 0x74, 0x4D, 0x5D, 0xE5, 0x58, 0x83, 0xB7, 0x57, 0x6E, 0x9C,
    0x8A, 0x60, 0x43, 0xA6, 0x2D, 0x5F, 0x50, 0x49, 0x08, 0x2E, 0x75, 0xB0, 0xCF, 0x34, 0xDE, 0xC5,
    0x5C, 0xEC, 0x54, 0x84, 0xD6, 0xAA, 0xC4, 0xC4, 0x43, 0xB2, 0xA4, 0x8C, 0x5D, 0x17, 0x53, 0x3C,
    0xC3, 0xB4, 0x99, 0x9B, 0x70, 0x00, 0xAF, 0x60, 0x99, 0x77, 0x46, 0x49, 0xB8, 0x0D, 0xE1, 0x9D,
    0xDA, 0x17, 0x31, 0x16, 0x2C, 0x37, 0x06, 0x2F, 0x68, 0xA6, 0x82, 0x9E, 0xE3, 0x27, 0x96, 0x33,
    0x99, 0xFC, 0x87, 0x93, 0x37, 0x31, 0xB2, 0x72, 0x16, 0x1E, 0x49, 0x12, 0xAC, 0xB4, 0x40, 0x2F,
    0x47, 0xEF, 0xE4, 0xCC, 0x86, 0xC4, 0x2B, 0x17, 0x3A, 0x67, 0x56, 0xAE, 0x28, 0xFB, 0x35, 0xCC,
    0x6C, 0x28, 0xAC, 0x1A, 0xD5, 0x9D, 0xD0, 0x7A, 0xB3, 0xE1, 0x8B, 0xD7, 0xAF, 0xA7, 0x14, 0x38,
    0xAD, 0xDC, 0x33, 0xCF, 0x2F, 0x9C, 0xCC, 0x24, 0x53, 0xC1, 0x5C, 0x32, 0x99, 0xCC, 0x26, 0xD3,
    0xBD, 0x55, 0x83, 0x10, 0x26, 0x31, 0xA4, 0x86, 0xC2, 0xC1, 0xD2, 0xE9, 0xA1, 0x26, 0x82, 0xF0,
    0xBE, 0x8A, 0x0A, 0xD2, 0xCF, 0xB7, 0x09, 0x75, 0xD2, 0x0C, 0xA0, 0xFE, 0x94, 0x5E, 0x05, 0xBD,
    0xF3, 0xAF, 0x7D, 0xF6, 0xF1, 0xE7, 0x96, 0x70, 0x20, 0xA8, 0xB0, 0x62, 0x30, 0xCD, 0x73, 0x24,
    0x69, 0x27, 0x02, 0x3B, 0x4F, 0xE9, 0x28, 0x9E, 0x08, 0xDB, 0x53, 0xFA, 0xB8, 0x0D, 0x40, 0xA1,
    0x8D, 0xE1, 0xC5, 0xE3, 0x56, 0x37, 0x20, 0x78, 0x92, 0x6F, 0xD3, 0x8B, 0x54, 0xE4, 0x70, 0xF0,
    0xA8, 0x0C, 0x3F, 0x32, 0xD1, 0x7B, 0x75, 0x72, 0xB3, 0x81, 0xB5, 0xC8, 0x5C, 0xB7, 0x2B, 0xFB,
    0x0B, 0x59, 0xEC, 0x43, 0x43, 0x63, 0x6F, 0x41, 0x7A, 0xD9, 0x05, 0x74, 0xD9, 0x03, 0xDD, 0xC5,
    0xA6, 0x69, 0x5D, 0x17, 0x7A, 0xAD, 0x87, 0xC4, 0x73, 0x2B, 0x99, 0xB8, 0x7E, 0x01, 0x82, 0x5B,
    0xAB, 0x5C, 0xB9, 0x86, 0x35, 0x4D, 0xCA, 0x6A, 0xF4, 0xBF, 0xA3, 0x7A, 0x1D, 0x36, 0xEB, 0xB8,
    0xAE, 0xA0, 0xD6, 0x03, 0xC6, 0xA1, 0xE5, 0x86, 0xB4, 0xCB, 0x15, 0xA8, 0x95, 0xCD, 0x66, 0x4C,
    0xCB, 0x7D, 0x5C, 0x2F, 0xC4, 0x9F, 0x39, 0x28, 0xFA, 0xF9, 0xC1, 0xCC, 0x9A, 0xFC, 0xEF, 0xD6,
    0x62, 0xD7, 0xB2, 0xF2, 0x75, 0xB7, 0x8E, 0x5B, 0x0E, 0x76, 0x82, 0xBB, 0x2C, 0x6B, 0xBF, 0x2F,
    0xF9, 0xB6, 0x61, 0xFE, 0xCD, 0x4B, 0x6E, 0x20, 0x6C, 0x71, 0x76, 0xC0, 0xEC, 0x50, 0xE0, 0x74,
    0xF5, 0xE6, 0x37, 0xE7, 0xCB, 0xCD, 0x2F, 0x1E, 0xAC, 0xF4, 0x59, 0x79, 0x01, 0x3C, 0x5F, 0xC4,
    0x03, 0x8B, 0xC0, 0x05, 0x2E, 0xB2, 0x72, 0x91, 0xD0, 0x78, 0x35, 0xFE, 0xD5, 0x73, 0xA9, 0x08,
    0x97, 0xBA, 0xED, 0x16, 0x14, 0x67, 0x2B, 0x9B, 0x96, 0xDB, 0x47, 0x65, 0x31, 0xFF, 0xC5, 0xF9,
    0xE3, 0xBB, 0xEB, 0xCA, 0xAA, 0x1A, 0x5C, 0x58, 0xA7, 0xF9, 0x7A, 0x21, 0xEB, 0x8E, 0xCE, 0xB1,
    0x32, 0x72, 0xDC, 0xCA, 0x7A, 0x2D, 0x6B, 0x2D, 0xEB, 0x74, 0x5A, 0xA8, 0x7C, 0x59, 0x99, 0x16,
    0xE4, 0xF5, 0x28, 0x57, 0x46, 0xFB, 0xE3, 0x8F, 0xCD, 0x41, 0xFD, 0xF7, 0x66, 0xBF, 0xF9, 0x99,
    0xD9, 0x6F, 0x7F, 0x6A, 0x6E, 0xFC, 0xC1, 0x47, 0xE6, 0xC6, 0x77, 0xDE, 0x33, 0x2B, 0x7D, 0xAB,
    0x5E, 0xA9, 0x6B, 0xD8, 0xEC, 0xAB, 0x0A, 0xA5, 0x5C, 0x55, 0xF5, 0xEA, 0x1F, 0xDA, 0xD5, 0x6A,
    0xBD, 0x5A, 0x2D, 0x57, 0xAB, 0xD4, 0xAE, 0x62, 0xBB, 0x0A, 0xED, 0x4A, 0x7C, 0x09, 0xFD, 0x25,
    0x1A, 0x97, 0xEC, 0x80, 0x6E, 0xE8, 0xCC, 0x47, 0xC8, 0xEB, 0x15, 0x8D, 0x59, 0xC5, 0x3D, 0x9C,
    0xE5, 0xFD, 0x52, 0x96, 0x0B, 0xD9, 0xDD, 0x13, 0x85, 0x7A, 0x09, 0x06, 0xE5, 0x3D, 0x1C, 0x10,
    0xFC, 0x10, 0x30, 0x05, 0x70, 0xA8, 0x8A, 0x59, 0x52, 0x97, 0x27, 0xAE, 0x5C, 0xC6, 0xF5, 0x22,
    0x6A, 0x96, 0x51, 0xA3, 0x9C, 0x89, 0x47, 0x39, 0x53, 0x09, 0x68, 0x42, 0x62, 0xB8, 0x8E, 0xFF,
    0x38, 0xBF, 0xB2, 0x33, 0x9D, 0xC1, 0xDD, 0x92, 0x52, 0x9C, 0x58, 0x92, 0xA1, 0xB1, 0x06, 0x57,
    0x2A, 0xF0, 0x18, 0x2C, 0xC5, 0x74, 0x9E, 0x2C, 0x44, 0xD3, 0xB2, 0x0E, 0xDA, 0x27, 0xCB, 0x7E,
    0xD0, 0x2E, 0x01, 0x5D, 0x5C, 0x8D, 0x39, 0xEC, 0x4B, 0x17, 0x35, 0x8B, 0xD0, 0x46, 0xF5, 0x32,
    0xEA, 0x63, 0x93, 0x45, 0xFF, 0x9D, 0x94, 0x69, 0xFC, 0xA7, 0x69, 0x9E, 0xBE, 0x9A, 0xA6, 0x92,
    0xDC, 0x4E, 0x7F, 0x5D, 0xA2, 0x7F, 0x49, 0x7E, 0x5F, 0xA2, 0xFF, 0x89, 0x60, 0x58, 0x7B, 0x20,
    0xB2, 0xA0, 0x0F, 0x3B, 0x18, 0x99, 0x3A, 0x05, 0x28, 0x8C, 0xEA, 0x05, 0x96, 0x94, 0xD6, 0x0B,
    0xD5, 0xE8, 0xCF, 0x9A, 0xF4, 0xDD, 0x76, 0x51, 0x78, 0xB0, 0x78, 0xAD, 0x56, 0xDF, 0x37, 0x0A,
    0xC0, 0x4A, 0xF2, 0x0C, 0xA6, 0x6E, 0xFC, 0xD2, 0xFE, 0x3B, 0x56, 0xD1, 0x42, 0xB4, 0x92, 0xDE,
    0x6C, 0x79, 0x06, 0x6C, 0xC9, 0xF7, 0xD2, 0xF2, 0x52, 0x86, 0xDF, 0x49, 0x57, 0x95, 0xD6, 0xAF,
    0x63, 0x2E, 0x03, 0xF5, 0x72, 0x48, 0x4B, 0x9B, 0xF8, 0x92, 0x51, 0x89, 0xAF, 0xE3, 0x46, 0xD4,
    0x9C, 0x96, 0xF0, 0x11, 0xF6, 0x68, 0xA3, 0xB0, 0x24, 0x5F, 0x96, 0x49, 0x03, 0x58, 0x10, 0x3F,
    0x6C, 0x63, 0xE0, 0x19, 0x6A, 0x79, 0x89, 0xB2, 0x07, 0xDF, 0x12, 0x70, 0x5E, 0x17, 0x47, 0xD9,
    0xE9, 0x88, 0x26, 0x2F, 0x01, 0x9C, 0x12, 0x4B, 0x97, 0x8B, 0x14, 0xED, 0x02, 0x48, 0x99, 0xF4,
    0xAA, 0xCF, 0x9A, 0xB4, 0x81, 0x3C, 0x03, 0x3D, 0x26, 0x56, 0x75, 0xBA, 0x8F, 0x2D, 0xCC, 0xF1,
    0xC1, 0xA5, 0xA5, 0xEE, 0x33, 0xEC, 0x70, 0xC4, 0x25, 0x14, 0xEC, 0xC2, 0x97, 0x25, 0x1C, 0x11,
    0x60, 0xC9, 0xBF, 0x1B, 0x89, 0xCD, 0xD7, 0x18, 0x6A, 0xE4, 0xB0, 0xD2, 0xFB, 0xF3, 0x9F, 0xBC,
    0x74, 0xB4, 0x77, 0x6E, 0x1D, 0x5A, 0xAC, 0x95, 0x47, 0x8D, 0xD0, 0x36, 0xD7, 0xB4, 0xA5, 0xF6,
    0x08, 0x8D, 0xF9, 0xC3, 0xBE, 0xF0, 0x90, 0xEA, 0x48, 0xBD, 0x6A, 0xD6, 0x2A, 0x79, 0x82, 0xC0,
    0x5B, 0x40, 0x79, 0x75, 0x8D, 0xCB, 0xDB, 0xDD, 0x2A, 0x7E, 0xE5, 0xD3, 0x9E, 0x91, 0x8B, 0x5C,
    0x67, 0xBE, 0x4C, 0xCC, 0x5E, 0xCC, 0x82, 0x1F, 0xB8, 0xC4, 0x7A, 0xB2, 0x46, 0xF7, 0x97, 0x96,
    0x90, 0xC7, 0xEE, 0xE5, 0x05, 0xE6, 0x0F, 0x6F, 0xE3, 0xFB, 0xA5, 0x9C, 0xFC, 0xE5, 0x20, 0xFF,
    0x8D, 0xB0, 0xF4, 0xAB, 0x28, 0xA7, 0xD5, 0x9F, 0xBD, 0x29, 0x6C, 0x77, 0xC3, 0x56, 0x79, 0x85,
    0x55, 0xC7, 0xB2, 0x2B, 0x73, 0x51, 0x70, 0xC9, 0xFE, 0x80, 0x5D, 0xB3, 0xD3, 0x2F, 0x68, 0x0C,
    0x38, 0x64, 0xD3, 0x7C, 0xB5, 0x55, 0xD6, 0xC0, 0xC7, 0xAE, 0x54, 0x6F, 0xC3, 0x75, 0xE4, 0x1E,
    0xBD, 0x02, 0x94, 0x97, 0x12, 0x02, 0x72, 0xC2, 0xA3, 0xFA, 0x58, 0xC3, 0x11, 0x51, 0x76, 0xE0,
    0xFB, 0xE3, 0x64, 0x0F, 0xB3, 0xD2, 0x03, 0xCC, 0xD7, 0x3E, 0x36, 0x6B, 0x30, 0x39, 0x29, 0x77,
    0xF1, 0x92, 0x4C, 0xD2, 0x03, 0x89, 0x7B, 0x7A, 0xC5, 0xA0, 0xA5, 0x23, 0x8E, 0xBD, 0x20, 0x12,
    0xBA, 0x3A, 0x5E, 0x16, 0x0F, 0xEC, 0x61, 0x68, 0xE9, 0x22, 0x9D, 0xEC, 0x67, 0xB2, 0x52, 0x62,
    0x7B, 0x39, 0x19, 0xC5, 0x2A, 0xA8, 0x8C, 0x41, 0xE9, 0xD3, 0x92, 0xF6, 0xCD, 0xCA, 0xB6, 0x44,
    0x30, 0xFE, 0x32, 0x32, 0x2A, 0x32, 0xE9, 0x2B, 0x26, 0xBD, 0x9D, 0xC7, 0xF7, 0x24, 0x1A, 0xE8,
    0x6A, 0xA5, 0x3B, 0x2B, 0xF0, 0xB0, 0xE0, 0x18, 0x0C, 0x64, 0x52, 0x4F, 0x1E, 0x5C, 0x28, 0x92,
    0xC8, 0xEC, 0x45, 0xE4, 0xB2, 0x02, 0x97, 0x07, 0xB9, 0x98, 0xDD, 0x97, 0xEC, 0xF5, 0x51, 0x96,
    0x59, 0x96, 0x2F, 0xB2, 0xD4, 0x93, 0xCE, 0x14, 0x4C, 0x36, 0x86, 0x23, 0x0E, 0xCB, 0xE4, 0x1C,
    0x2D, 0xC2, 0xB6, 0xB8, 0xD5, 0x24, 0x1F, 0x98, 0xF0, 0x41, 0x4E, 0x24, 0xCC, 0xE0, 0x97, 0xAF,
    0xC6, 0x04, 0xD2, 0xD7, 0x4A, 0x15, 0xB7, 0x07, 0xD8, 0xAC, 0x47, 0xFB, 0x72, 0xAA, 0x4A, 0xFB,
    0x8B, 0x43, 0xAE, 0x4C, 0xBD, 0x93, 0x2B, 0x39, 0x93, 0xC6, 0x54, 0x1E, 0x63, 0x3D, 0xB9, 0xAF,
    0xC9, 0xFD, 0xEC, 0xED, 0x99, 0x7F, 0x4B, 0x28, 0x37, 0xF8, 0xB7, 0x2B, 0xC9, 0x9A, 0x90, 0x65,
    0x62, 0x61, 0x82, 0x0D, 0x30, 0xC8, 0xBE, 0x92, 0x55, 0x26, 0x16, 0x65, 0x21, 0x27, 0x60, 0x98,
    0xC3, 0xEF, 0x2F, 0x65, 0x58, 0xBF, 0x61, 0x98, 0x8E, 0x4C, 0x06, 0xD3, 0xF6, 0x4E, 0x99, 0x7C,
    0x28, 0xD1, 0xFF, 0x72, 0xCC, 0xC0, 0x9E, 0xE3, 0x19, 0x54, 0x09, 0x46, 0xE0, 0x40, 0xC1, 0x86,
    0x97, 0x2B, 0xEC, 0xDB, 0x34, 0xEF, 0xE1, 0x5E, 0xC6, 0xC7, 0x47, 0x0B, 0xC9, 0xB6, 0x0C, 0x78,
    0x1C, 0xAC, 0xDA, 0xB0, 0x8D, 0xA4, 0xAE, 0x17, 0x67, 0x10, 0xF6, 0x71, 0xD6, 0x05, 0x6D, 0x71,
    0xAD, 0x49, 0xDE, 0x37, 0xD1, 0x83, 0x32, 0xF0, 0xA2, 0xC7, 0x48, 0x00, 0x48, 0x88, 0xE1, 0x92,
    0x89, 0x7B, 0x11, 0xB9, 0x57, 0xC8, 0xB2, 0xA8, 0x89, 0x99, 0xF1, 0xCA, 0x62, 0x8A, 0xAA, 0x19,
    0x71, 0xB1, 0x26, 0xFC, 0x23, 0x4C, 0x3B, 0xAB, 0xA1, 0x8A, 0x1A, 0xC1, 0x0F, 0xEA, 0xB7, 0x60,
    0x1B, 0xD1, 0xFA, 0x21, 0xDA, 0x33, 0x17, 0x39, 0xBF, 0x29, 0x8A, 0xFB, 0x5E, 0x25, 0x48, 0x59,
    0xBF, 0x07, 0xB3, 0xB1, 0xC6, 0x6E, 0xED, 0xE4, 0x6F, 0x31, 0x39, 0xBC, 0x17, 0xA4, 0x6A, 0x60,
    0xDF, 0x0E, 0xF0, 0xAB, 0x0F, 0xDC, 0xD5, 0x1E, 0x31, 0xE9, 0x80, 0xF6, 0x11, 0x74, 0x0C, 0x1A,
    0x26, 0x8A, 0x70, 0xCF, 0xF7, 0x69, 0x10, 0x11, 0xF1, 0x7D, 0x78, 0x9B, 0xAF, 0x22, 0x77, 0x1B,
    0x7B, 0xCA, 0x3D, 0xC0, 0xE0, 0x60, 0x90, 0xFC, 0x96, 0xB6, 0xF3, 0x8D, 0x0A, 0x81, 0x2E, 0x10,
    0x74, 0x89, 0x76, 0x54, 0x8C, 0x16, 0x7D, 0x08, 0x00, 0x6C, 0xE2, 0xC1, 0xE4, 0xE6, 0x57, 0x25,
    0xBC, 0x71, 0x13, 0x26, 0x45, 0xFB, 0x74, 0x87, 0xBB, 0x6D, 0x24, 0x44, 0x04, 0x22, 0x1E, 0x2F,
    0xC2, 0x8F, 0x60, 0x2A, 0x17, 0x26, 0x2E, 0x09, 0x03, 0xCF, 0x6E, 0x2A, 0xF8, 0x9D, 0xF4, 0x6F,
    0x6A, 0x62, 0xC0, 0xF6, 0x8F, 0x60, 0x8C, 0x7A, 0xCF, 0xC9, 0x4D, 0x81, 0x83, 0xB9, 0x8A, 0xC9,
    0x44, 0x8F, 0xDC, 0xC7, 0x78, 0x37, 0x42, 0x39, 0x0E, 0x1D, 0x3A, 0x04, 0xC0, 0x38, 0xF5, 0x49,
    0x9B, 0x19, 0xC8, 0xF7, 0x07, 0x6D, 0xF6, 0x7E, 0xCE, 0x2C, 0x8A, 0x87, 0x14, 0xFE, 0xF4, 0x67,
    0x7D, 0xF2, 0x85, 0x23, 0x58, 0x8D, 0xD9, 0xE5, 0xA9, 0xA7, 0xA8, 0x53, 0xB5, 0x44, 0x27, 0x98,
    0x41, 0xC8, 0xD0, 0x22, 0x74, 0x2F, 0xA3, 0x42, 0x38, 0x87, 0xE9, 0xC8, 0xF0, 0x2D, 0xED, 0xFE,
    0x73, 0x58, 0x71, 0xCC, 0xEE, 0xEF, 0x46, 0x78, 0x82, 0xBF, 0x01, 0xD7, 0x4A, 0x30, 0xDE, 0x6F,
    0xCA, 0xB9, 0x8A, 0x80, 0x1A, 0xC2, 0x13, 0x62, 0x2D, 0xF2, 0xFB, 0xAD, 0x01, 0xFC, 0x26, 0xAF,
    0xAB, 0x99, 0x46, 0xCF, 0xEF, 0xD1, 0xF3, 0xDB, 0x92, 0xDF, 0x41, 0x5F, 0xE5, 0x93, 0xDC, 0x56,
    0x5E, 0x6E, 0x9F, 0x62, 0xB5, 0x5E, 0x6E, 0x8C, 0x35, 0x7A, 0x20, 0xF6, 0xA1, 0x22, 0xE6, 0xB2,
    0x52, 0xFD, 0x04, 0x10, 0xA4, 0xF4, 0xB1, 0x56, 0xE2, 0x76, 0xC1, 0xAA, 0x41, 0x96, 0x68, 0xBE,
    0x5C, 0x7D, 0xD7, 0xB7, 0x9D, 0x12, 0xBC, 0x07, 0x6E, 0x82, 0xE9, 0x30, 0x61, 0x55, 0xE8, 0xE1,
    0x38, 0x29, 0x1D, 0xF7, 0x7C, 0x60, 0x09, 0x50, 0x2D, 0x97, 0x69, 0xDD, 0xE6, 0x76, 0x4F, 0xEA,
    0x64, 0x03, 0xCF, 0xF3, 0xA8, 0x0B, 0x24, 0x1D, 0x20, 0x68, 0x37, 0xAE, 0x97, 0x95, 0xEB, 0x6F,
    0x04, 0x4C, 0x4F, 0xA4, 0x26, 0xAA, 0xB3, 0x0D, 0x74, 0x17, 0xEF, 0xDD, 0xB6, 0xE4, 0x91, 0x31,
    0xCA, 0xED, 0xB9, 0x25, 0xC0, 0xA7, 0xE1, 0x25, 0xC5, 0x14, 0x4D, 0xB7, 0x0F, 0x5D, 0x62, 0x28,
    0x70, 0x41, 0x18, 0x44, 0xA3, 0x53, 0x97, 0x79, 0xB5, 0x75, 0xF2, 0xAB, 0x3F, 0xC2, 0x53, 0xF0,
    0xD8, 0xC4, 0xBF, 0xA9, 0xFB, 0xC0, 0xAB, 0x79, 0x01, 0xED, 0xFA, 0xC3, 0xD1, 0x7A, 0x48, 0x9C,
    0x7D, 0xF1, 0x23, 0x1F, 0x26, 0x2A, 0x0F, 0xF7, 0x98, 0x03, 0xE0, 0x2B, 0xB0, 0x45, 0xCC, 0x73,
    0x44, 0xDA, 0x52, 0x00, 0x3F, 0x17, 0x05, 0x97, 0x82, 0xE7, 0x6A, 0x6A, 0x18, 0x0C, 0x8A, 0x9C,
    0x92, 0x8F, 0xA4, 0x8B, 0x80, 0x09, 0xA8, 0xDE, 0xC3, 0x6A, 0x6A, 0x34, 0xA1, 0x8C, 0x2F, 0x95,
    0x63, 0x39, 0xBD, 0x54, 0x53, 0xCE, 0xC1, 0x13, 0xBC, 0x91, 0x87, 0xF2, 0x4C, 0x5E, 0x78, 0x56,
    0x42, 0x75, 0x99, 0xA0, 0x09, 0xF1, 0xEE, 0xF4, 0x33, 0xE7, 0x13, 0x45, 0x4C, 0x76, 0x15, 0x33,
    0x69, 0xA3, 0xF8, 0x7C, 0xC9, 0xF4, 0x18, 0x60, 0x29, 0xB1, 0xD7, 0x78, 0xE0, 0xE3, 0xC9, 0xD1,
    0x87, 0x9D, 0xC2, 0x50, 0x35, 0xFC, 0xA1, 0x8F, 0x4C, 0x80, 0xDA, 0x21, 0x58, 0x7F, 0x32, 0xD3,
    0x89, 0xA2, 0x74, 0xAD, 0x83, 0xA7, 0xE7, 0x09, 0xFB, 0xA0, 0x72, 0x8D, 0xC3, 0x48, 0xBE, 0x0B,
    0x76, 0x76, 0x0B, 0xF3, 0x51, 0xE0, 0x14, 0x8D, 0xFE, 0x14, 0x4F, 0xA7, 0x74, 0xFB, 0x64, 0x35,
    0x4F, 0x91, 0x1B, 0x78, 0x0A, 0x5D, 0xCF, 0x93, 0x54, 0x9D, 0x3F, 0x85, 0x2D, 0x67, 0xA0, 0x19,
    0xE8, 0xB0, 0x30, 0x37, 0x69, 0xA7, 0xF0, 0xAD, 0x9E, 0x7E, 0x87, 0xF6, 0xEC, 0x6E, 0xE4, 0xE3,
    0xB9, 0xA9, 0xFC, 0xEE, 0x78, 0xA7, 0x62, 0x36, 0xA4, 0xE5, 0xA5, 0x85, 0xF5, 0xFC, 0x25, 0x8C,
    0x2C, 0xCC, 0x0A, 0x35, 0xEA, 0x2D, 0x08, 0xE2, 0x1E, 0xBC, 0x0D, 0xF4, 0x20, 0xB3, 0x59, 0x93,
    0x21, 0x34, 0x71, 0xF3, 0xDF, 0xF5, 0x4F, 0xBE, 0xFF, 0x30, 0x35, 0x09, 0xB0, 0x89, 0xAA, 0xE7,
    0xD4, 0xA8, 0xA4, 0x1F, 0x5B, 0x1F, 0x22, 0x9F, 0xA3, 0x7A, 0xA2, 0xA8, 0xE3, 0xE0, 0xE7, 0xAB,
    0x5F, 0x19, 0xBE, 0x37, 0xE4, 0xCC, 0xAF, 0x94, 0xBE, 0x9A, 0x6E, 0x58, 0x3F, 0x89, 0x98, 0xD8,
    0x8E, 0x8C, 0xAC, 0xC8, 0xC6, 0x1D, 0x2A, 0x74, 0x9F, 0xF5, 0x53, 0x95, 0xF4, 0x29, 0x96, 0xD3,
    0xC1, 0x01, 0x72, 0x6B, 0x6E, 0x55, 0x09, 0xD7, 0x00, 0xD6, 0x61, 0x21, 0x7D, 0x4A, 0x39, 0xF2,
    0x59, 0x06, 0x61, 0xB2, 0x63, 0xBF, 0x22, 0xA9, 0x01, 0xFF, 0x53, 0x14, 0xC3, 0xA4, 0x62, 0x4D,
    0x91, 0x43, 0xC5, 0x4A, 0x06, 0xE9, 0x67, 0x04, 0x55, 0xCB, 0xDD, 0x74, 0x1F, 0x42, 0xBB, 0x48,
    0x15, 0xF0, 0xA9, 0x81, 0x99, 0x2E, 0x1C, 0x70, 0x86, 0x53, 0xA8, 0xE7, 0xED, 0xE5, 0xD3, 0x29,
    0x38, 0x2E, 0xA0, 0x3E, 0x74, 0xE1, 0x8E, 0x6F, 0xE0, 0xB8, 0x25, 0xED, 0xE6, 0xF1, 0x4C, 0x54,
    0xEE, 0xE2, 0xEA, 0x14, 0xAD, 0x66, 0xEE, 0x07, 0x16, 0xA6, 0x93, 0x06, 0x78, 0x43, 0xD0, 0xAF,
    0xAF, 0x77, 0x53, 0x96, 0x9A, 0x91, 0x3F, 0xA0, 0x1B, 0xEC, 0x4E, 0x1B, 0xD9, 0x4B, 0x94, 0x5D,
    0xCB, 0x32, 0xA9, 0x7B, 0xC5, 0x84, 0xB0, 0x9C, 0x2B, 0xA7, 0x12, 0x77, 0x2C, 0x44, 0x4E, 0xBE,
    0x04, 0x87, 0x02, 0xC0, 0x00, 0x8E, 0x79, 0x85, 0x66, 0x26, 0xD2, 0x6F, 0x59, 0x61, 0xEA, 0x06,
    0x9C, 0xA1, 0x7E, 0xB1, 0x3A, 0x66, 0x35, 0xA9, 0x1B, 0x01, 0x42, 0xF5, 0xB2, 0x63, 0x40, 0xEC,
    0x68, 0xBB, 0x2B, 0xE9, 0x62, 0xC4, 0xED, 0x1C, 0x81, 0xD5, 0xF8, 0xCD, 0xEE, 0xF9, 0x70, 0x50,
    0x80, 0xF5, 0x08, 0xDA, 0x34, 0x25, 0x18, 0x52, 0x00, 0xCF, 0x64, 0x7E, 0x08, 0xA6, 0x02, 0x4C,
    0x15, 0x4C, 0x30, 0x20, 0xBC, 0x2F, 0xF8, 0xEA, 0x7E, 0x26, 0xFE, 0x66, 0x5B, 0x0A, 0x1B, 0x40,
    0xEF, 0x17, 0x3A, 0xB8, 0x4D, 0xEE, 0xA9, 0xE4, 0x8C, 0x82, 0xD7, 0xE9, 0x15, 0xBC, 0x0D, 0x9D,
    0xD2, 0xBF, 0xCF, 0x3C, 0x8C, 0x6E, 0xC1, 0x40, 0x1C, 0x41, 0xFB, 0x0D, 0xC4, 0xD9, 0x10, 0x43,
    0xD2, 0xC2, 0x09, 0x40, 0xFC, 0x98, 0xAD, 0x5F, 0x94, 0xE8, 0xDA, 0xDD, 0xC2, 0x76, 0x29, 0x47,
    0x66, 0x7E, 0xF3, 0x31, 0x7C, 0x76, 0xDD, 0xFB, 0xDA, 0xCD, 0x35, 0xFF, 0xD2, 0xC7, 0xEB, 0x40,
    0xB1, 0x8E, 0x46, 0x5F, 0x5B, 0x39, 0x86, 0x33, 0xAC, 0xF4, 0xB8, 0x51, 0xB7, 0xB2, 0x30, 0x98,
    0x57, 0xEE, 0xA1, 0xC0, 0xD3, 0xA8, 0xD5, 0x5E, 0xE4, 0xC1, 0x16, 0x7D, 0x83, 0x1F, 0x2B, 0x68,
    0xBE, 0xCA, 0xE3, 0xF3, 0xAA, 0x0B, 0xA5, 0x82, 0x73, 0x66, 0x00, 0xEA, 0x13, 0x1A, 0x3C, 0x73,
    0xD5, 0x55, 0xEE, 0xC1, 0x05, 0xE9, 0x3A, 0x41, 0x86, 0x3A, 0xA3, 0x5F, 0x00, 0x96, 0x7B, 0x05,
    0x9C, 0x7B, 0xA5, 0xC3, 0xBC, 0xEA, 0xAA, 0x80, 0x0F, 0xEE, 0x8B, 0xA6, 0x2F, 0xCC, 0x5F, 0x00,
    0x89, 0x9C, 0xE6, 0x3B, 0x58, 0x72, 0xBE, 0x52, 0x13, 0x32, 0xB3, 0x00, 0xEE, 0x7F, 0xAF, 0x21,
    0xDC, 0x87, 0x0C, 0x81, 0x4A, 0x95, 0x6B, 0x61, 0x7C, 0x2B, 0x79, 0xA3, 0x42, 0xB7, 0x13, 0x18,
    0xF1, 0x46, 0xAE, 0xD3, 0xA2, 0xDC, 0x60, 0x56, 0x18, 0xC5, 0x26, 0x30, 0xF7, 0xA7, 0x31, 0xE1,
    0xD7, 0x2D, 0x97, 0x04, 0xFF, 0x0D, 0xCC, 0x45, 0x1C, 0x16, 0x3A, 0xF6, 0xBD, 0x44, 0x0D, 0x9D,
    0xC8, 0x4E, 0x14, 0x7A, 0x48, 0x23, 0xDE, 0xF1, 0x9C, 0xBA, 0xAF, 0x6A, 0x56, 0x1C, 0x8F, 0x94,
    0xE6, 0x65, 0x29, 0xA3, 0xB0, 0xE0, 0x99, 0xDE, 0x5D, 0x5E, 0x56, 0xEF, 0x0F, 0xDA, 0x5D, 0xEB,
    0x98, 0xA3, 0xDF, 0xF1, 0xBA, 0x09, 0x4E, 0x4C, 0x1F, 0x07, 0x72, 0x26, 0x79, 0xD2, 0x1A, 0xAE,
    0xAB, 0x01, 0x4E, 0xFB, 0x14, 0xD6, 0xE6, 0xFF, 0x60, 0x6C, 0x1E, 0x81, 0xA1, 0xC4, 0x77, 0x95,
    0x99, 0x14, 0x8F, 0x09, 0x7E, 0x44, 0xA5, 0xA7, 0x74, 0x01, 0xD7, 0xDC, 0x8B, 0xCC, 0x9E, 0x99,
    0xB4, 0x46, 0x20, 0x53, 0x26, 0x50, 0xFB, 0x68, 0x18, 0xFC, 0xFC, 0x7D, 0x62, 0x9F, 0x99, 0x39,
    0x9E, 0x71, 0x1D, 0x7D, 0x86, 0xF1, 0x5B, 0x47, 0x19, 0xF0, 0x73, 0xCF, 0x96, 0xE4, 0x68, 0xA8,
    0x7F, 0x99, 0x89, 0x20, 0x76, 0xCE, 0x37, 0x69, 0xB9, 0x96, 0x46, 0xD2, 0xE3, 0xA7, 0xC0, 0x43,
    0x62, 0xBC, 0x06, 0xCC, 0x81, 0x24, 0x9C, 0x2F, 0x67, 0xC1, 0xF8, 0x37, 0x81, 0x65, 0x3B, 0x01,
    0xE6, 0x60, 0x32, 0x33, 0xE3, 0x1D, 0x0F, 0xD4, 0x9E, 0x17, 0xAF, 0x79, 0x15, 0xB7, 0xDB, 0x66,
    0x0F, 0x17, 0xDE, 0x9F, 0xE6, 0x68, 0xAB, 0x08, 0x4D, 0x2B, 0xBF, 0xAF, 0x1D, 0x73, 0xFE, 0x96,
    0x33, 0x65, 0xB0, 0xB6, 0xA9, 0x68, 0xB5, 0x22, 0xBA, 0xA8, 0x80, 0x5B, 0x8B, 0xE9, 0xB6, 0xEB,
    0x04, 0x5C, 0x84, 0x7A, 0x29, 0x2B, 0x30, 0xAF, 0x64, 0x52, 0x77, 0x06, 0x78, 0xC7, 0x74, 0x67,
    0xCC, 0xA4, 0xCB, 0x31, 0x9F, 0xAA, 0x92, 0x07, 0xC4, 0x1F, 0xFC, 0x3C, 0xD2, 0x63, 0xA9, 0x70,
    0x0A, 0x74, 0x46, 0xC1, 0x69, 0x25, 0x3E, 0x35, 0x4B, 0x63, 0x2C, 0x15, 0xDF, 0xA4, 0xF8, 0x22,
    0xC2, 0xCE, 0x84, 0x6F, 0xCB, 0x5C, 0x39, 0x65, 0xF6, 0xCE, 0x50, 0x28, 0x2B, 0x9A, 0x4A, 0x7E,
    0x33, 0xDB, 0x20, 0xCE, 0xF2, 0x49, 0xC4, 0x79, 0x7C, 0x86, 0x38, 0xAF, 0xB2, 0xCB, 0xD4, 0xF9,
    0xAF, 0x61, 0x0C, 0x06, 0xBE, 0x42, 0xB6, 0x2A, 0x0E, 0x9F, 0xBA, 0xCD, 0x2B, 0x43, 0x66, 0x02,
    0x4A, 0x9F, 0x74, 0x57, 0x44, 0xE4, 0x57, 0x01, 0x8E, 0x81, 0x39, 0xC9, 0x68, 0x7E, 0x02, 0x18,
    0x67, 0x4C, 0x50, 0xE4, 0xCF, 0x7B, 0xAC, 0xCE, 0xB8, 0x29, 0x70, 0xDB, 0x0A, 0x41, 0xB7, 0xAF,
    0xB1, 0x2A, 0x45, 0x54, 0xD3, 0xF0, 0xE3, 0x45, 0xCC, 0x94, 0x19, 0xC6, 0xCB, 0xEA, 0x2B, 0x14,
    0x1E, 0x03, 0x33, 0x6F, 0x93, 0x52, 0xB7, 0xB1, 0xFD, 0xCF, 0xCD, 0x89, 0x7E, 0xA2, 0xCC, 0x6D,
    0xA3, 0xCE, 0x71, 0x89, 0xB9, 0xA8, 0x39, 0x59, 0xBD, 0xC3, 0x9D, 0x0C, 0xC3, 0x69, 0xAE, 0x40,
    0x21, 0x14, 0xE0, 0x57, 0x1E, 0xF1, 0x0B, 0x1F, 0xA0, 0x74, 0x93, 0xA7, 0x00, 0x0C, 0x35, 0x13,
    0xD3, 0x27, 0x9C, 0xC4, 0xBE, 0x9F, 0x46, 0xD1, 0x71, 0x22, 0x70, 0x3B, 0x09, 0x77, 0x48, 0xC1,
    0xD5, 0x55, 0xB4, 0xBA, 0x6F, 0xD0, 0xA6, 0xFB, 0xED, 0xE3, 0xF7, 0x8F, 0x23, 0xA4, 0xF4, 0xD5,
    0x51, 0xD8, 0x5B, 0x39, 0x8C, 0x2C, 0xE1, 0x40, 0x8B, 0x88, 0xDC, 0xD5, 0x96, 0x18, 0x92, 0x33,
    0xD9, 0xAA, 0x7A, 0x99, 0x67, 0xE5, 0x2D, 0x0F, 0xE6, 0xC5, 0x2F, 0x66, 0x86, 0x25, 0xCB, 0x4F,
    0xF3, 0xF1, 0x5C, 0xD8, 0xB3, 0x8A, 0xE1, 0xC3, 0x28, 0xC1, 0x54, 0x3A, 0xAF, 0x03, 0xD8, 0x64,
    0xAA, 0xDC, 0x21, 0x36, 0x81, 0xF2, 0x9B, 0x2B, 0xC0, 0x60, 0xC0, 0x80, 0xF1, 0xA6, 0x24, 0xED,
    0x6F, 0xF3, 0x03, 0xA6, 0x29, 0x1C, 0x97, 0xB5, 0x27, 0x2C, 0x70, 0xAF, 0x08, 0x43, 0xC0, 0x6A,
    0x3A, 0x57, 0x75, 0x1F, 0xDB, 0x0B, 0xD6, 0x62, 0x76, 0x7A, 0x53, 0xB1, 0x5C, 0x68, 0x30, 0x65,
    0xB1, 0x87, 0xD3, 0x6F, 0x99, 0x5E, 0x8F, 0xF5, 0xF4, 0xA5, 0x0F, 0xF3, 0x9E, 0xCB, 0x1B, 0x30,
    0x8F, 0x78, 0x35, 0xBF, 0xB1, 0xC9, 0xC2, 0x4B, 0x51, 0xFB, 0x91, 0xE9, 0xE2, 0xB7, 0x2A, 0xFD,
    0xA5, 0x55, 0x4E, 0x03, 0xF7, 0x16, 0x74, 0x69, 0xD6, 0xB7, 0xEB, 0x98, 0xB8, 0xCD, 0xCE, 0x6B,
    0xBC, 0xFF, 0x18, 0x11, 0x78, 0x8D, 0xF7, 0x95, 0x2A, 0x37, 0x60, 0x98, 0xC0, 0xD6, 0x5B, 0x38,
    0x82, 0x22, 0x1A, 0xB0, 0x23, 0xEA, 0x09, 0xBF, 0x9C, 0xF6, 0xE2, 0xB1, 0x36, 0xBF, 0x02, 0x9D,
    0x22, 0x06, 0x2A, 0xAF, 0xCE, 0xBF, 0x2D, 0x6E, 0xFE, 0x12, 0xDB, 0x31, 0x77, 0xE4, 0x31, 0x07,
    0x03, 0x33, 0xD5, 0xF3, 0xDB, 0x87, 0x30, 0x19, 0xBA, 0x2C, 0x1A, 0xF5, 0x6F, 0xAD, 0x7A, 0xB7,
    0x55, 0xCC, 0x93, 0x00, 0xA6, 0x96, 0x08, 0x64, 0xC3, 0x31, 0x1D, 0xB5, 0x4F, 0x6F, 0x2E, 0x83,
    0xCC, 0xC5, 0x03, 0xD4, 0x1E, 0x40, 0x92, 0x89, 0xD4, 0x03, 0xC4, 0x12, 0xA2, 0xDF, 0x9E, 0xB3,
    0x4C, 0x51, 0x2E, 0x81, 0x97, 0x67, 0xFC, 0x4F, 0x7C, 0x3D, 0xB8, 0x48, 0x88, 0x90, 0xE6, 0xF1,
    0x23, 0x4C, 0x9B, 0x69, 0x85, 0x39, 0xBB, 0x94, 0xCC, 0x79, 0x99, 0xAC, 0x53, 0x3D, 0x3F, 0x29,
    0xCB, 0xC1, 0xA5, 0x85, 0xEE, 0x55, 0x13, 0x0C, 0xF1, 0x30, 0xE5, 0x55, 0x8B, 0x73, 0x99, 0xD6,
    0xB0, 0x0D, 0xE1, 0x64, 0x95, 0xDB, 0x39, 0x09, 0x5A, 0x1E, 0x61, 0x1B, 0x35, 0x00, 0x27, 0xF9,
    0xCF, 0x93, 0xB5, 0x42, 0x90, 0xBE, 0x5D, 0x7A, 0xCD, 0xE4, 0xAA, 0xBA, 0x9D, 0xF3, 0x3B, 0xCD,
    0x5C, 0xCA, 0xC8, 0xC4, 0x75, 0x08, 0x0E, 0xC5, 0x26, 0x36, 0xCA, 0x16, 0x7D, 0x64, 0xFC, 0x51,
    0xAF, 0xE5, 0xF4, 0xB8, 0x52, 0xB4, 0x59, 0x0D, 0xB7, 0xD4, 0xA6, 0xF9, 0x74, 0x54, 0x2D, 0xAF,
    0x78, 0xED, 0x3A, 0xD6, 0xFC, 0x4D, 0xFB, 0x04, 0x76, 0xFE, 0x58, 0x66, 0x5B, 0x75, 0xBE, 0x40,
    0x96, 0xD0, 0xBD, 0x37, 0x7B, 0xF9, 0x31, 0x1C, 0xF6, 0xE7, 0x92, 0xDD, 0x82, 0x8C, 0xB0, 0xF9,
    0x78, 0xEC, 0x3D, 0xF5, 0xD0, 0x26, 0x2B, 0x9F, 0x76, 0x6F, 0x09, 0x51, 0xC6, 0x38, 0x0A, 0xEC,
    0xDB, 0xD5, 0xD6, 0x71, 0xFC, 0x97, 0x55, 0xFF, 0x55, 0x49, 0xB7, 0x09, 0xEB, 0xA4, 0x30, 0x8B,
    0x13, 0xCE, 0x79, 0x22, 0x4D, 0xE5, 0x53, 0x55, 0xCA, 0x7F, 0xC2, 0xD3, 0xAF, 0xDD, 0xCB, 0xCF,
    0x3E, 0xA7, 0x4D, 0x14, 0x7C, 0xEA, 0x8D, 0x00, 0x43, 0x4C, 0xAC, 0x29, 0x7D, 0x92, 0x66, 0xEF,
    0x34, 0x61, 0x0A, 0x91, 0x67, 0x26, 0xF9, 0x1A, 0x1A, 0x50, 0x39, 0x5A, 0x47, 0xE6, 0x38, 0x32,
    0xD5, 0x2D, 0xF3, 0x8F, 0x1F, 0x99, 0xBB, 0x9F, 0x9B, 0xBB, 0x85, 0xB9, 0x9B, 0x99, 0xBB, 0x89,
    0x99, 0x92, 0x7F, 0x10, 0xEC, 0x14, 0x6C, 0xE0, 0xC7, 0x94, 0xFC, 0x3B, 0xCD, 0x09, 0x87, 0x23,
    0x14, 0xAF, 0xD1, 0xC7, 0xED, 0xE2, 0x46, 0x87, 0xB2, 0x3C, 0x6E, 0x61, 0x85, 0xD0, 0x28, 0x37,
    0x64, 0x36, 0x6C, 0xFB, 0x70, 0x72, 0x95, 0x05, 0xB0, 0xB9, 0x73, 0xB1, 0x2F, 0xF7, 0xE0, 0x02,
    0x1B, 0x22, 0xB6, 0x0A, 0x2C, 0x44, 0x2C, 0x3D, 0x26, 0x26, 0x81, 0xC4, 0x29, 0xE9, 0xA8, 0xA1,
    0x86, 0x41, 0x48, 0x4C, 0x3E, 0x5B, 0x0D, 0x1C, 0xF7, 0x8B, 0xE2, 0xA5, 0xDC, 0x57, 0xFD, 0x46,
    0xE2, 0x69, 0x1F, 0xF5, 0xF2, 0x82, 0xBC, 0x10, 0xF5, 0x61, 0x9B, 0xDE, 0x6C, 0xD3, 0xB2, 0x55,
    0xFF, 0x35, 0x00, 0xC4, 0xF3, 0xF7, 0xAD, 0x2E, 0x01, 0x84, 0xB6, 0x2B, 0xFD, 0x5A, 0xAB, 0x5F,
    0x6D, 0xB2, 0xC8, 0xEC, 0x32, 0x01, 0xDD, 0xA8, 0x18, 0x31, 0x8D, 0x09, 0x07, 0x59, 0x31, 0x61,
    0xB4, 0x95, 0xC9, 0x4A, 0xF9, 0x9F, 0x01, 0x30, 0x5E, 0xF6, 0x48, 0x56, 0x85, 0x6C, 0x1A, 0x65,
    0xAD, 0x7C, 0xC4, 0xDB, 0x90, 0x85, 0x0C, 0x41, 0x7A, 0xA6, 0x07, 0xD3, 0x4C, 0x76, 0x53, 0x59,
    0x24, 0xE5, 0x9A, 0x9C, 0x40, 0xC4, 0xE9, 0x57, 0xD6, 0xD2, 0xE3, 0xA6, 0x34, 0x1E, 0x53, 0xAE,
    0xF7, 0xC9, 0x76, 0x1A, 0x7F, 0x89, 0x73, 0x66, 0x28, 0x99, 0xE6, 0xEE, 0xCE, 0xFA, 0x3C, 0x6A,
    0xA2, 0x07, 0x5D, 0xFA, 0x7B, 0x2F, 0xFA, 0x8F, 0x53, 0x35, 0xD6, 0x24, 0x17, 0xE4, 0xF4, 0x2E,
    0x10, 0x59, 0x62, 0xBD, 0xBB, 0xC9, 0x4A, 0x2A, 0x4B, 0x0C, 0xDB, 0x5A, 0xC2, 0x8C, 0x66, 0x1D,
    0x43, 0xBF, 0x94, 0x79, 0xC2, 0x72, 0x23, 0x93, 0x7A, 0x2F, 0xAA, 0x17, 0x11, 0x25, 0xA3, 0xB0,
    0x4F, 0x1D, 0x3B, 0xFC, 0x3F, 0xCD, 0x59, 0xB1, 0x8E, 0xDB, 0x46, 0x10, 0x1D, 0x92, 0x86, 0x55,
    0x10, 0x08, 0x81, 0xC0, 0x45, 0x00, 0xE3, 0x8E, 0x75, 0x00, 0xFB, 0xF8, 0x03, 0xE7, 0x90, 0x89,
    0x8B, 0x14, 0xEE, 0xF2, 0x21, 0xB9, 0x36, 0x06, 0x1C, 0x73, 0x9D, 0x14, 0x29, 0x52, 0xC4, 0x9F,
    0x90, 0x3A, 0x8D, 0x5D, 0xB8, 0xB0, 0x01, 0xDF, 0x91, 0x4E, 0x7E, 0x40, 0xFE, 0x03, 0x02, 0x71,
    0xE7, 0x22, 0x2C, 0x08, 0x84, 0x36, 0x48, 0x6D, 0xDE, 0xDB, 0xA5, 0x24, 0xEA, 0xEE, 0xE4, 0xBB,
    0x48, 0x14, 0xEF, 0x24, 0xED, 0x80, 0x14, 0x97, 0xCB, 0x79, 0x3B, 0xB3, 0x6F, 0x66, 0x87, 0x32,
    0x69, 0x44, 0x24, 0x98, 0x51, 0x68, 0x88, 0x30, 0x83, 0x88, 0x8F, 0x14, 0x44, 0x98, 0x8B, 0xA4,
    0x01, 0x44, 0xEB, 0x17, 0x22, 0xCD, 0xA4, 0x14, 0xA7, 0xF1, 0x4A, 0x71, 0x6B, 0xB7, 0x16, 0x4F,
    0xEB, 0x46, 0x26, 0x14, 0xFE, 0xC7, 0x3F, 0x66, 0x12, 0x4C, 0x25, 0x15, 0xF4, 0x8F, 0x25, 0x56,
    0xF8, 0xC5, 0x89, 0x44, 0xB8, 0x6F, 0xF1, 0x71, 0x2A, 0x08, 0xAF, 0x99, 0x0B, 0x73, 0x7A, 0x34,
    0xE3, 0x20, 0x2A, 0x40, 0x8B, 0x72, 0xDE, 0x12, 0xAB, 0x4C, 0x52, 0x75, 0x22, 0x5A, 0xCD, 0x1C,
    0xAD, 0x4E, 0x3C, 0xAD, 0x32, 0xFF, 0x1F, 0x95, 0xEA, 0x48, 0xC5, 0x6D, 0x98, 0xFB, 0x45, 0xB0,
    0x1C, 0x31, 0x4C, 0xA0, 0x5E, 0x6E, 0x1B, 0x8F, 0xDD, 0x77, 0xF8, 0xD3, 0x6F, 0x39, 0xF4, 0x01,
    0xAF, 0x1F, 0x52, 0xBC, 0xA0, 0x28, 0x17, 0x82, 0x9F, 0xDD, 0x61, 0x3D, 0x80, 0x16, 0xD9, 0x54,
    0xE4, 0x73, 0xDC, 0xED, 0x61, 0x18, 0x1F, 0xE7, 0x81, 0xD8, 0x26, 0x9B, 0xA2, 0x8D, 0x30, 0x20,
    0x3A, 0x41, 0x50, 0x65, 0xAF, 0x26, 0x82, 0x42, 0xFA, 0x1F, 0x0B, 0x88, 0x58, 0xA2, 0x67, 0x8A,
    0x08, 0x70, 0x07, 0xF5, 0x3E, 0xD3, 0x65, 0x17, 0x98, 0x5D, 0x4C, 0xF8, 0x04, 0xA6, 0x0C, 0x70,
    0x37, 0xFE, 0x96, 0x93, 0xDE, 0x53, 0x53, 0x0C, 0xAB, 0x31, 0xD6, 0xC7, 0x5A, 0x26, 0x65, 0x2B,
    0x41, 0x1E, 0x2F, 0xAF, 0x6D, 0x32, 0x17, 0x3A, 0x11, 0x6B, 0x6E, 0xF3, 0x34, 0xF1, 0xE8, 0x41,
    0xD2, 0x5C, 0x9B, 0xB9, 0x08, 0xAA, 0xCE, 0xB5, 0x39, 0x76, 0x4C, 0xDB, 0xE7, 0xBB, 0x9B, 0x0B,
    0xEB, 0xED, 0x7C, 0xDA, 0x8D, 0xBB, 0xE7, 0x78, 0x7B, 0x71, 0x2D, 0x9C, 0xC3, 0x2C, 0x08, 0xDC,
    0xFE, 0xCD, 0x74, 0x75, 0x41, 0x7C, 0xB6, 0xA3, 0x49, 0xD9, 0x4F, 0x00, 0x2C, 0xFD, 0x08, 0xA1,
    0x35, 0x1E, 0x59, 0x12, 0xC4, 0xF5, 0xF0, 0x0D, 0xE7, 0x5D, 0x80, 0x1E, 0xCF, 0x30, 0x2C, 0x60,
    0xDE, 0xAC, 0x77, 0xE7, 0x17, 0x57, 0x6A, 0xEF, 0x4F, 0x93, 0xFD, 0xD0, 0x50, 0xD7, 0x05, 0x02,
    0x89, 0x8A, 0x3E, 0x65, 0xBA, 0xE7, 0x50, 0xA6, 0xF9, 0x54, 0x2E, 0xA6, 0xE5, 0x35, 0xAF, 0xA4,
    0x9A, 0x44, 0x4B, 0x7A, 0x99, 0xD4, 0x23, 0x50, 0xE6, 0xCC, 0x3E, 0x87, 0x24, 0x16, 0x61, 0xC0,
    0xC7, 0xAB, 0x6A, 0x05, 0x49, 0x24, 0x7E, 0xFE, 0x18, 0xA3, 0x34, 0xE2, 0xEA, 0xAA, 0x43, 0xB2,
    0xE1, 0x1C, 0x65, 0x66, 0x3E, 0x38, 0x57, 0x7E, 0x39, 0x9F, 0x0B, 0x69, 0xAF, 0xCD, 0x5C, 0xF8,
    0x80, 0xE7, 0x72, 0x70, 0x8E, 0xC8, 0xB9, 0xA0, 0xBB, 0xEE, 0x6A, 0x2E, 0x2E, 0x9B, 0x20, 0x5C,
    0xA9, 0x73, 0x5C, 0x94, 0x43, 0x0C, 0x3D, 0x29, 0xFB, 0xC9, 0xF3, 0x05, 0x65, 0x16, 0x67, 0x28,
    0xF3, 0x2A, 0xA7, 0xC2, 0x79, 0xE7, 0x77, 0x94, 0x39, 0x5B, 0xA5, 0xCC, 0xA1, 0xA7, 0xE0, 0xAA,
    0x4C, 0xFD, 0x49, 0xB6, 0x1C, 0x14, 0xE1, 0x1A, 0xA6, 0x8C, 0xB5, 0x5E, 0x36, 0x25, 0xAB, 0x0D,
    0xCF, 0x5D, 0xB4, 0xD3, 0xD7, 0xCC, 0x75, 0x9D, 0xCC, 0xDB, 0x62, 0x7C, 0x2E, 0x2B, 0x32, 0x0E,
    0x1B, 0x8E, 0x1D, 0xAA, 0x59, 0x46, 0xBA, 0x4E, 0xBF, 0x6E, 0x32, 0x69, 0x30, 0x1B, 0x5A, 0xB7,
    0xAD, 0xC9, 0x11, 0xD3, 0xE4, 0x8B, 0x58, 0xB7, 0x88, 0x86, 0x8E, 0x9E, 0x33, 0xF3, 0x57, 0x70,
    0x41, 0xF3, 0xC3, 0xC1, 0xF7, 0x38, 0xA7, 0x2D, 0xEE, 0xA3, 0x4D, 0x94, 0xF5, 0xFE, 0x3D, 0xB4,
    0xBB, 0xB6, 0xEB, 0x60, 0x8A, 0x1F, 0x43, 0xC7, 0x44, 0xBE, 0x55, 0x5C, 0x66, 0xFB, 0x86, 0x11,
    0x0C, 0x29, 0x5C, 0x52, 0x71, 0xB7, 0xD8, 0x83, 0x53, 0x1C, 0x4B, 0x88, 0x47, 0xED, 0x4F, 0xAA,
    0xC5, 0x34, 0x0C, 0xA5, 0xDE, 0xCD, 0xA7, 0x77, 0x82, 0xD9, 0x6B, 0xA8, 0x71, 0xEF, 0x76, 0x37,
    0x49, 0x97, 0x9D, 0x51, 0xBA, 0x51, 0x50, 0x5A, 0xE6, 0x4F, 0x4F, 0x25, 0xC9, 0x99, 0xC2, 0x30,
    0x53, 0xF1, 0xFE, 0x2D, 0x25, 0x78, 0xDB, 0x48, 0x94, 0x1C, 0x0F, 0xAE, 0xB8, 0xF8, 0x35, 0xA3,
    0x1B, 0xFE, 0x3E, 0x11, 0x67, 0xB1, 0x92, 0x74, 0xE2, 0xE9, 0xDC, 0x7F, 0x5F, 0x04, 0x7F, 0x56,
    0xF1, 0x5C, 0xA3, 0x4B, 0x02, 0x0A, 0x4B, 0xBB, 0x24, 0x1D, 0xB2, 0x37, 0x01, 0x85, 0x6A, 0x54,
    0x40, 0xD8, 0x84, 0x21, 0x7E, 0x32, 0x52, 0x41, 0xB1, 0x28, 0xD9, 0x1E, 0x90, 0x09, 0xFA, 0x5A,
    0xAD, 0xF5, 0xF0, 0x51, 0xAC, 0xF4, 0xCA, 0x78, 0xFF, 0x03, 0xE3, 0xFD, 0x7B, 0x4B, 0xEF, 0xDF,
    0x06, 0x97, 0xFB, 0xFB, 0x72, 0x49, 0x1C, 0xF8, 0xE5, 0xA8, 0x46, 0x9A, 0x3C, 0xBD, 0x13, 0x9A,
    0xE5, 0x72, 0x38, 0x5F, 0x2E, 0x5B, 0x59, 0x68, 0x0C, 0x0B, 0xAC, 0x21, 0xCE, 0xAD, 0xF4, 0x3E,
    0xC3, 0xA6, 0x58, 0x81, 0xDE, 0x4C, 0x1C, 0x78, 0x98, 0xA5, 0x38, 0xA4, 0x3C, 0xCF, 0xCD, 0xD6,
    0x43, 0x97, 0xE6, 0x57, 0x38, 0x8D, 0x5C, 0xF8, 0x43, 0x37, 0xDB, 0xFF, 0x20, 0xC9, 0xA6, 0xDF,
    0x15, 0x5E, 0xEE, 0x27, 0x81, 0x71, 0x5A, 0x84, 0xA0, 0xF3, 0xBF, 0xF9, 0x66, 0xE3, 0x77, 0xFA,
    0xD7, 0xAC, 0x2C, 0xB0, 0xB8, 0x50, 0x23, 0x52, 0xC5, 0x79, 0x9C, 0x87, 0xDD, 0x6C, 0xAD, 0x7F,
    0x9E, 0x8D, 0x70, 0x5D, 0xDF, 0xB0, 0xC6, 0x84, 0x69, 0x85, 0x10, 0x0C, 0xF2, 0x08, 0xAA, 0x38,
    0xF7, 0x9A, 0x14, 0xF4, 0x81, 0xE8, 0x3D, 0x43, 0x2C, 0xCF, 0xFA, 0x8D, 0xFF, 0xA5, 0x89, 0xB4,
    0xEC, 0xC3, 0xBE, 0x3E, 0xEE, 0x71, 0x69, 0x9D, 0xA8, 0x97, 0x74, 0x4C, 0xA6, 0x96, 0x51, 0xD9,
    0x70, 0xEC, 0xC0, 0x3B, 0x60, 0x0D, 0x24, 0x0B, 0x50, 0xFD, 0xC9, 0x0C, 0xF9, 0x6B, 0x86, 0xCD,
    0x46, 0xBA, 0x68, 0x3C, 0x4F, 0x9F, 0xB4, 0xC6, 0x0B, 0xD8, 0xCF, 0xE9, 0x19, 0x5B, 0x7E, 0x14,
    0x63, 0x19, 0xD3, 0x78, 0xEC, 0x63, 0xEC, 0x10, 0xE1, 0xE3, 0xC6, 0x0F, 0x36, 0x21, 0x75, 0xBA,
    0xDC, 0xCF, 0xEB, 0x22, 0xF7, 0x50, 0x58, 0x8E, 0xC5, 0xEA, 0x81, 0x78, 0x67, 0xF2, 0xCA, 0xFD,
    0x2E, 0x09, 0x3E, 0xEC, 0x1C, 0x6C, 0x23, 0x4C, 0x5C, 0x26, 0x33, 0x5B, 0x98, 0x62, 0x1A, 0xD4,
    0x27, 0x66, 0xCE, 0x55, 0x4C, 0xCE, 0x44, 0x14, 0x68, 0xE2, 0xC4, 0x2B, 0xFB, 0xA9, 0xC8, 0x40,
    0x98, 0xFC, 0x7A, 0xA5, 0xF6, 0xE4, 0xF4, 0xF3, 0x44, 0x74, 0xC1, 0x32, 0x12, 0xAC, 0x23, 0xC1,
    0x42, 0x92, 0xB8, 0x17, 0x06, 0x37, 0xC1, 0x4A, 0x6F, 0xB4, 0x1B, 0x95, 0xDC, 0x62, 0xF5, 0xAA,
    0x51, 0xB1, 0xB2, 0x12, 0x48, 0x4A, 0x35, 0x1B, 0x26, 0xD6, 0xD9, 0xA2, 0x64, 0x67, 0x58, 0xC5,
    0x7F, 0x8A, 0xF1, 0xE9, 0x93, 0x2F, 0xED, 0xD6, 0xC8, 0x9D, 0xAE, 0xFA, 0xE4, 0x18, 0xB6, 0x7D,
    0xD5, 0xF9, 0xEB, 0x83, 0xCE, 0x5F, 0xF7, 0x56, 0xFD, 0x75, 0x70, 0xCC, 0x0F, 0xDD, 0xDC, 0xD1,
    0xEF, 0x73, 0xA6, 0xD7, 0xDE, 0x9B, 0x93, 0x51, 0x6D, 0x8B, 0xD8, 0x25, 0x08, 0x5E, 0xD0, 0xB7,
    0x96, 0x65, 0xF8, 0xDA, 0x01, 0xC6, 0x31, 0xEC, 0xB6, 0x86, 0x33, 0x07, 0xC7, 0xB2, 0x8E, 0x4F,
    0xFB, 0xE5, 0x72, 0xAF, 0xC0, 0x52, 0x05, 0x49, 0x84, 0x2A, 0x68, 0x6C, 0x5C, 0x31, 0x22, 0xAC,
    0xDD, 0x12, 0x58, 0x7F, 0x29, 0x00, 0x56, 0x2B, 0x20, 0xC0, 0xD0, 0x80, 0x22, 0xC4, 0xCB, 0x35,
    0x3E, 0xE3, 0xED, 0xD9, 0x69, 0x61, 0x2E, 0x10, 0xB6, 0xED, 0x4C, 0xE0, 0x42, 0xE4, 0x62, 0xA0,
    0x5B, 0xEC, 0x93, 0x3E, 0x21, 0x39, 0x15, 0xB6, 0x84, 0x78, 0xAE, 0xD7, 0xB2, 0x01, 0xE4, 0x21,
    0x94, 0x7F, 0x19, 0xE9, 0x59, 0x99, 0x3E, 0xD1, 0xF9, 0xA5, 0x49, 0xC7, 0xB0, 0x0E, 0x68, 0x67,
    0x0E, 0xC6, 0xAD, 0xC6, 0x01, 0xC3, 0x42, 0xDA, 0xA2, 0x44, 0x03, 0x30, 0x12, 0xDD, 0xDF, 0x0A,
    0x8C, 0x61, 0x15, 0x13, 0xEA, 0x2C, 0xAF, 0xC8, 0x0B, 0x20, 0x72, 0x88, 0xC8, 0xCB, 0x81, 0x08,
    0xDC, 0xB2, 0x73, 0xF3, 0x9C, 0x89, 0x81, 0x40, 0x75, 0x88, 0xCE, 0x87, 0x5B, 0xA0, 0x02, 0x6F,
    0xC0, 0xF9, 0xDE, 0xFF, 0xC5, 0x15, 0xF0, 0x6B, 0x0D, 0xEA, 0x18, 0xC7, 0x3A, 0xD8, 0x1E, 0x4A,
    0x60, 0x38, 0xE3, 0x43, 0x75, 0xEF, 0xF6, 0xDF, 0xDB, 0x59, 0x06, 0x37, 0x92, 0x75, 0x18, 0x4E,
    0x65, 0xA4, 0x95, 0xB2, 0x4A, 0x14, 0x86, 0x25, 0xAC, 0x30, 0xA7, 0xA6, 0x0A, 0xE2, 0x6D, 0x0B,
    0xEA, 0x5C, 0x82, 0x88, 0x95, 0xDB, 0xFC, 0xBF, 0xE6, 0x35, 0x58, 0x7C, 0x75, 0x58, 0x04, 0x55,
    0x00, 0x10, 0x0C, 0x10, 0x72, 0xF4, 0x61, 0x2D, 0xD1, 0xA5, 0x12, 0x27, 0xF3, 0x16, 0x9F, 0xD7,
    0x92, 0x2C, 0x89, 0x7F, 0x32, 0x5B, 0x00, 0x15, 0xEA, 0x28, 0x9F, 0xD4, 0x61, 0xBE, 0xBA, 0x15,
    0x50, 0xB6, 0xF1, 0xF8, 0x82, 0x40, 0x3C, 0x18, 0x96, 0x83, 0x5E, 0xC9, 0x85, 0x63, 0x33, 0xB7,
    0xDF, 0xEF, 0x36, 0xA5, 0x66, 0xD3, 0xBD, 0x09, 0xA6, 0x6C, 0x49, 0xC4, 0x30, 0xA7, 0x5F, 0xD0,
    0x15, 0x14, 0x0D, 0x6A, 0xAC, 0x2A, 0xF2, 0x88, 0x2A, 0xBD, 0xA6, 0xA8, 0x20, 0x74, 0x41, 0x81,
    0x5C, 0x1E, 0xA4, 0xC7, 0xFF, 0x2E, 0x14, 0x18, 0x8E, 0x58, 0x84, 0x60, 0x84, 0x68, 0x4C, 0x69,
    0x4C, 0xAC, 0x6D, 0x4C, 0x29, 0xCD, 0xF8, 0x93, 0xA9, 0xB5, 0xA5, 0x12, 0x28, 0x04, 0x1C, 0xF3,
    0x3A, 0x35, 0x2E, 0x8C, 0x00, 0x96, 0xFB, 0x53, 0x88, 0x6F, 0x73, 0x88, 0x23, 0x16, 0xE7, 0x1A,
    0x8A, 0x29, 0x45, 0xD2, 0x17, 0xC0, 0x26, 0x04, 0xC7, 0xCD, 0x9B, 0x12, 0xC2, 0x13, 0x83, 0x6F,
    0x85, 0x9C, 0xE7, 0x00, 0xDD, 0x6A, 0x1C, 0x80, 0x61, 0xD9, 0x45, 0x1B, 0x6E, 0x9F, 0xE6, 0x00,
    0x43, 0x35, 0x28, 0xC0, 0x33, 0x84, 0x5D, 0x01, 0xA5, 0x33, 0xF5, 0xC8, 0xD5, 0x00, 0x68, 0xC4,
    0x8E, 0xCD, 0x68, 0xDE, 0x8E, 0xF0, 0xCC, 0x78, 0xA6, 0xA9, 0x95, 0xC0, 0x37, 0x01, 0xF5, 0x2E,
    0x6D, 0x79, 0x67, 0x38, 0xA8, 0x64, 0x71, 0xA4, 0x7F, 0x6F, 0x2A, 0x50, 0xD4, 0xCF, 0x0D, 0x58,
    0x7C, 0x1C, 0x33, 0xB2, 0x62, 0x62, 0x4A, 0x26, 0xAC, 0x99, 0x04, 0xEA, 0xC0, 0x2F, 0x87, 0xB5,
    0xE0, 0x4A, 0x75, 0x79, 0x9C, 0x95, 0x77, 0x01, 0xB1, 0xD3, 0x78, 0x22, 0x43, 0xA3, 0xEC, 0x73,
    0xBD, 0x21, 0x7A, 0x2B, 0x78, 0xCA, 0xFD, 0x29, 0x8B, 0x24, 0x74, 0xE5, 0x53, 0xAF, 0xC2, 0x16,
    0xAF, 0x61, 0x15, 0x68, 0x2A, 0xCA, 0x81, 0x2D, 0x28, 0xB1, 0xAD, 0x9B, 0x54, 0x01, 0xCB, 0x7D,
    0xEC, 0xDD, 0x32, 0x91, 0x4B, 0x59, 0x73, 0x8C, 0x5B, 0x9B, 0x23, 0x77, 0x60, 0xFC, 0xCB, 0x89,
    0x95, 0x5D, 0x23, 0x13, 0xC3, 0xDE, 0xCB, 0xD8, 0x28, 0xF7, 0xCB, 0xA0, 0x08, 0x0A, 0xC8, 0xA9,
    0x57, 0x86, 0xB9, 0x57, 0x45, 0x0A, 0x59, 0xB9, 0x08, 0xF2, 0x6E, 0x39, 0xC6, 0x0E, 0xE4, 0x71,
    0x63, 0xB3, 0x75, 0x06, 0x80, 0xB0, 0x0B, 0x30, 0x7C, 0x45, 0x86, 0xA4, 0xFD, 0x16, 0xF4, 0x8A,
    0xB4, 0xD5, 0x2A, 0x2C, 0x76, 0x89, 0xA0, 0xF7, 0x31, 0x39, 0xC2, 0xD2, 0x9E, 0x3C, 0xDD, 0x0E,
    0xC3, 0x6F, 0x2A, 0xD2, 0xD1, 0x34, 0x6E, 0xA3, 0x29, 0x3C, 0x49, 0xD9, 0xD7, 0xB4, 0x01, 0x15,
    0xBC, 0xF1, 0x68, 0xFE, 0x76, 0x8E, 0xD5, 0x10, 0x61, 0x86, 0xB5, 0xD8, 0x7B, 0xEE, 0x12, 0xEB,
    0x3C, 0xDC, 0xDE, 0x3A, 0x3F, 0xDC, 0x0E, 0x69, 0x31, 0xF9, 0x92, 0x83, 0x63, 0xC3, 0xC9, 0xA4,
    0x08, 0xE2, 0x6D, 0x36, 0x8E, 0x47, 0xCA, 0x43, 0xEF, 0xDC, 0x7D, 0xEE, 0x90, 0xD8, 0xFE, 0x03,
    0xAD, 0x53, 0x3D, 0x6F, 0xD5, 0x30, 0x14, 0x3D, 0x2F, 0x19, 0x32, 0x64, 0xF0, 0x52, 0xA4, 0x6E,
    0xE9, 0xD0, 0x81, 0x85, 0xFA, 0x0F, 0xB4, 0xB1, 0x25, 0x46, 0x16, 0x7E, 0x0C, 0xE3, 0x6B, 0x63,
    0xA9, 0x63, 0x07, 0xFA, 0x53, 0x3A, 0x30, 0x74, 0x08, 0x8A, 0xDB, 0x0E, 0x1D, 0x58, 0x02, 0x1D,
    0x59, 0x9E, 0x04, 0x3F, 0xC0, 0x85, 0x08, 0x82, 0xE4, 0x3C, 0x73, 0x6E, 0x1E, 0x94, 0x22, 0x51,
    0x21, 0x24, 0x92, 0xFB, 0x61, 0xDF, 0x73, 0x7D, 0xE3, 0xF8, 0x1E, 0x9B, 0xB4, 0x32, 0x29, 0xFC,
    0x2E, 0x12, 0xDA, 0x68, 0x97, 0xE2, 0x4F, 0x49, 0x69, 0x12, 0xB3, 0x9E, 0x0D, 0x31, 0xCE, 0xEF,
    0xDB, 0xB1, 0xC2, 0xFF, 0x15, 0xA9, 0x3A, 0x3E, 0x68, 0x32, 0x28, 0x57, 0xE1, 0x00, 0x4B, 0x34,
    0x5E, 0x5E, 0x8D, 0x1A, 0xC9, 0x26, 0x97, 0x9C, 0xB2, 0x15, 0xC7, 0x2D, 0x76, 0xB0, 0x87, 0xCE,
    0x25, 0xCF, 0x88, 0x53, 0xD0, 0xCC, 0xDC, 0x45, 0x69, 0x8D, 0x37, 0x7D, 0x4D, 0x44, 0xA1, 0xF0,
    0x99, 0xCD, 0xB0, 0xAD, 0xDC, 0x41, 0x85, 0xF3, 0x03, 0x84, 0x65, 0x16, 0x9A, 0xCB, 0x34, 0xCB,
    0x5A, 0xE3, 0xBC, 0x5E, 0x0C, 0xE9, 0x69, 0x4C, 0xC7, 0x13, 0x45, 0xD9, 0x65, 0x85, 0xB6, 0xC6,
    0xD0, 0xE6, 0xAB, 0x9D, 0x85, 0x23, 0xCA, 0x9C, 0xE6, 0x2A, 0x75, 0x57, 0xEB, 0xD2, 0xD7, 0xCA,
    0xEE, 0x4B, 0x85, 0x45, 0xD8, 0xC2, 0x69, 0x69, 0x5F, 0x99, 0xCB, 0xC9, 0xDC, 0x4C, 0x75, 0xBE,
    0xDA, 0xCB, 0x82, 0xC2, 0x50, 0xF8, 0x65, 0x66, 0xB7, 0xD0, 0x00, 0xB3, 0xD6, 0xBF, 0x94, 0x07,
    0x79, 0xA7, 0xF7, 0xE3, 0x7F, 0xD5, 0xE6, 0x0F, 0xFA, 0x8F, 0x75, 0x1F, 0xCC, 0x91, 0x5A, 0x8F,
    0x80, 0xB2, 0x37, 0x43, 0x33, 0x36, 0xB1, 0x19, 0xCD, 0x50, 0xF6, 0x8C, 0x51, 0x27, 0x20, 0xF5,
    0x48, 0x13, 0x3B, 0xD3, 0x27, 0x9E, 0xF4, 0x88, 0xE4, 0x30, 0x02, 0x16, 0x38, 0x42, 0xE2, 0x7B,
    0xC4, 0x57, 0xD3, 0x37, 0x4E, 0x54, 0xC6, 0x7B, 0xD9, 0x50, 0xB9, 0xEE, 0x38, 0x1A, 0x3F, 0x9B,
    0x5A, 0xA6, 0x9A, 0x58, 0x43, 0x5B, 0x0E, 0x6C, 0x12, 0x60, 0x26, 0xA9, 0x81, 0xD6, 0x64, 0x81,
    0x2E, 0xEA, 0x62, 0x35, 0x3B, 0xE5, 0x67, 0x57, 0x59, 0xC1, 0x6A, 0x03, 0xC9, 0x8C, 0x87, 0xE2,
    0xCA, 0x21, 0x76, 0x56, 0x3B, 0x2C, 0xBE, 0x70, 0x1B, 0x01, 0xF9, 0xD7, 0x9B, 0xDB, 0x30, 0xA2,
    0x7C, 0x7F, 0xF9, 0x39, 0xB4, 0x50, 0x6F, 0x2E, 0xC4, 0xE9, 0x72, 0x76, 0x75, 0xC9, 0x60, 0x44,
    0x5B, 0xDC, 0x7C, 0x62, 0xCA, 0x98, 0xCB, 0x02, 0x7E, 0x46, 0x96, 0x17, 0x83, 0x0A, 0xCA, 0x6B,
    0x67, 0x70, 0x88, 0x88, 0x62, 0x48, 0x50, 0xB7, 0x11, 0xEA, 0x6A, 0x84, 0x3E, 0x0E, 0x30, 0xFC,
    0xE7, 0x43, 0x6E, 0x21, 0x56, 0x10, 0x4C, 0x7B, 0x82, 0xC6, 0x11, 0x6D, 0x04, 0x9E, 0x88, 0xBF,
    0x8D, 0x4C, 0xB8, 0x0C, 0xCC, 0xC8, 0x57, 0xE8, 0x60, 0x1C, 0x73, 0xFA, 0x62, 0xC5, 0xEA, 0x63,
    0x57, 0xF5, 0x30, 0x27, 0x01, 0xFA, 0x6A, 0x80, 0x7A, 0x37, 0xA2, 0x58, 0x45, 0x64, 0x81, 0x7B,
    0x1F, 0x0D, 0xBA, 0xEA, 0x26, 0x12, 0xBC, 0x9D, 0x04, 0x5D, 0x0B, 0x6C, 0x04, 0xD7, 0x96, 0x09,
    0xFC, 0xDE, 0x68, 0x8A, 0x9E, 0xBC, 0xF6, 0xFB, 0xE1, 0xEC, 0x05, 0x2A, 0x0F, 0x23, 0xA7, 0x9E,
    0xB1, 0x44, 0x80, 0x14, 0xF5, 0x62, 0xCB, 0x20, 0x11, 0xE9, 0x06, 0xD1, 0xCA, 0xCF, 0x06, 0xE5,
    0x0A, 0xF9, 0x80, 0x05, 0x83, 0x1D, 0xE3, 0x8E, 0x96, 0x63, 0x46, 0x18, 0xDF, 0x94, 0x91, 0x67,
    0x3B, 0xF7, 0xBB, 0x47, 0x65, 0x78, 0x6D, 0x4E, 0x3E, 0x45, 0xF5, 0xE1, 0x3A, 0xE4, 0x23, 0xCB,
    0x4D, 0x8D, 0x7D, 0x62, 0xA6, 0x65, 0x57, 0x0D, 0x6B, 0x51, 0x19, 0x4B, 0x4C, 0x30, 0xC9, 0x91,
    0x5C, 0x59, 0xC3, 0xB5, 0x8F, 0xE7, 0x26, 0x5C, 0xAC, 0x8D, 0x9F, 0xC5, 0x51, 0xA6, 0x8D, 0xE8,
    0x3B, 0xB1, 0x3F, 0x64, 0xF3, 0xC1, 0xCA, 0xB6, 0xE6, 0x22, 0x51, 0x38, 0x78, 0x9E, 0xE1, 0x5C,
    0xC1, 0xAC, 0xA5, 0xEF, 0x14, 0xB6, 0x9D, 0xD3, 0xB3, 0x82, 0xFD, 0x25, 0x0B, 0x06, 0x1E, 0x10,
    0xF2, 0x9E, 0x77, 0x92, 0xD7, 0x1A, 0x3C, 0xF4, 0x3D, 0xF0, 0x6E, 0x0B, 0x32, 0x62, 0x11, 0x91,
    0x4F, 0x28, 0x12, 0xCA, 0x97, 0x56, 0x3D, 0xF3, 0x3A, 0xEF, 0x0F, 0x32, 0xE1, 0x88, 0x90, 0x87,
    0xE7, 0x20, 0xB4, 0x61, 0x0B, 0x20, 0x84, 0x11, 0xB6, 0xC8, 0xBF, 0x0A, 0x4F, 0x22, 0xB0, 0x18,
    0x08, 0x11, 0x2E, 0x09, 0xB1, 0x2C, 0xF9, 0xB8, 0xE1, 0xF8, 0x3D, 0xA8, 0xE8, 0x37, 0x2B, 0xB5,
    0xDD, 0x40, 0xED, 0x66, 0xE3, 0xD0, 0x1F, 0x33, 0xCB, 0xBB, 0x31, 0xEB, 0x69, 0xF9, 0x6D, 0x8E,
    0x09, 0x11, 0xAE, 0x47, 0x61, 0xC2, 0x49, 0x10, 0x2A, 0xA8, 0x5E, 0xB8, 0x50, 0x39, 0x21, 0x83,
    0x99, 0xD9, 0x70, 0x34, 0xD3, 0xA1, 0xC5, 0x77, 0x9D, 0x53, 0x31, 0x6E, 0xDC, 0x30, 0x10, 0x1C,
    0x49, 0x8E, 0x05, 0x84, 0x05, 0x5D, 0xA4, 0x08, 0x60, 0x20, 0x32, 0x90, 0xD4, 0xC7, 0x26, 0xC5,
    0x15, 0x27, 0x89, 0x80, 0xCB, 0x14, 0x7E, 0x48, 0x8A, 0x7C, 0x40, 0xC0, 0x11, 0x70, 0x1E, 0x90,
    0xE7, 0xB8, 0x38, 0x5B, 0xCC, 0x0B, 0xA2, 0x27, 0xF0, 0x07, 0x11, 0x02, 0x27, 0x50, 0x1C, 0xDD,
    0x6D, 0x86, 0xD2, 0x19, 0xF6, 0xD9, 0xA9, 0x42, 0x8E, 0x24, 0x6A, 0xB5, 0x5C, 0xED, 0xCE, 0x2C,
    0xD3, 0x1D, 0x0A, 0x71, 0x95, 0xF2, 0xAB, 0x2C, 0x34, 0x0F, 0xE8, 0x68, 0xA1, 0x3D, 0xDF, 0xA2,
    0xD9, 0x2C, 0xD1, 0xEC, 0x07, 0x8C, 0xC3, 0xDA, 0x25, 0xE2, 0xB2, 0x6F, 0x4E, 0x6B, 0xB7, 0xD2,
    0x6E, 0x2D, 0xA1, 0x95, 0x1E, 0xDA, 0xCD, 0x30, 0xE2, 0x8D, 0xB8, 0x05, 0x60, 0xAE, 0x60, 0xC4,
    0xBE, 0xD2, 0x1E, 0x59, 0x87, 0xCC, 0x9F, 0x29, 0x5F, 0x8B, 0x35, 0x03, 0x92, 0xD6, 0x29, 0xF1,
    0x85, 0x45, 0x75, 0x83, 0x5A, 0x7C, 0x95, 0x85, 0x55, 0xD2, 0x97, 0x49, 0x6F, 0xB2, 0xA0, 0xC5,
    0xA7, 0x3B, 0x1A, 0x03, 0x01, 0xE5, 0x51, 0x00, 0x15, 0xB0, 0x01, 0x6E, 0x91, 0xF6, 0x31, 0x4C,
    0xEE, 0xA1, 0x1C, 0xF2, 0x1D, 0x23, 0xFB, 0x45, 0xEE, 0xB5, 0x58, 0xA2, 0xCA, 0x7D, 0x93, 0x06,
    0xA2, 0xCA, 0x3B, 0x33, 0x25, 0x4C, 0x70, 0xB1, 0xA2, 0x3D, 0x8B, 0xA1, 0xD4, 0x5D, 0x40, 0x1A,
    0xB8, 0xFF, 0x28, 0x56, 0x84, 0x53, 0xE6, 0xE0, 0x52, 0x9F, 0xFA, 0x8F, 0x77, 0xAD, 0xC4, 0x67,
    0xEA, 0xEB, 0x71, 0x3D, 0x8A, 0x58, 0x11, 0x70, 0xCC, 0x8B, 0x84, 0x7F, 0x2A, 0x50, 0xA2, 0xC1,
    0x15, 0x7F, 0x3F, 0xCF, 0x2B, 0xBE, 0xAD, 0xB0, 0x80, 0xB6, 0x99, 0x03, 0x4E, 0xB8, 0x36, 0x5C,
    0xE7, 0x3E, 0xF3, 0x59, 0xB7, 0x9F, 0x3E, 0xF7, 0xCA, 0x69, 0xEE, 0x5B, 0x32, 0xD2, 0xE6, 0x06,
    0x6B, 0x71, 0xB5, 0xF2, 0x65, 0xEE, 0x57, 0x8F, 0x90, 0x6E, 0xA1, 0xC5, 0x19, 0xDA, 0xB3, 0xAE,
    0x39, 0x20, 0x3D, 0xD0, 0x52, 0xC7, 0x2C, 0xED, 0xF1, 0x16, 0x2A, 0xA0, 0x0E, 0x58, 0x07, 0xBC,
    0x65, 0xF2, 0xFF, 0xC2, 0x5A, 0x22, 0xD4, 0x40, 0xCA, 0xB0, 0xD4, 0xEE, 0x84, 0x94, 0x11, 0x94,
    0x81, 0xC4, 0x95, 0xC0, 0x10, 0x7D, 0xF8, 0x56, 0x4B, 0x47, 0xCC, 0xA4, 0xBC, 0xA6, 0x43, 0x1E,
    0x7D, 0x98, 0x03, 0xB9, 0xC6, 0x24, 0xCF, 0x49, 0x16, 0x96, 0x8A, 0x3E, 0x4E, 0xFD, 0x06, 0x0A,
    0x6E, 0x70, 0x68, 0xEF, 0x35, 0xBE, 0x70, 0x6F, 0xF6, 0x32, 0xF7, 0xCF, 0x64, 0xF6, 0x94, 0x79,
    0x86, 0x99, 0x82, 0xE3, 0x5E, 0xEC, 0xF7, 0x3A, 0x8A, 0x5D, 0x0C, 0x60, 0x9C, 0x5C, 0xBC, 0x76,
    0xB1, 0x21, 0x98, 0x51, 0xF9, 0x48, 0xF2, 0x8A, 0x92, 0x9F, 0x1F, 0x4A, 0x3E, 0x25, 0x46, 0x4E,
    0xA3, 0xEB, 0xA4, 0x7A, 0xD2, 0x4F, 0x95, 0x76, 0xFB, 0x2F, 0x33, 0x6F, 0x8B, 0xC8, 0x9B, 0xE7,
    0x5D, 0x09, 0x9E, 0xCB, 0x4F, 0xDE, 0xE8, 0x46, 0x02, 0xD9, 0xBE, 0xCD, 0x44, 0x6F, 0x95, 0x87,
    0x42, 0xC2, 0xF1, 0xAF, 0x30, 0xE7, 0x76, 0xA4, 0x5D, 0x31, 0x91, 0x36, 0x37, 0xC1, 0x5A, 0x9E,
    0x35, 0x81, 0xBD, 0x6F, 0x02, 0x9B, 0xFE, 0x77, 0x13, 0xE8, 0x69, 0x5F, 0x6C, 0x82, 0x44, 0x3A,
    0x25, 0x5D, 0x71, 0xDE, 0x55, 0x59, 0x57, 0xAA, 0xAE, 0xD4, 0x5D, 0x55, 0x05, 0xF3, 0x23, 0xA8,
    0xAF, 0x7D, 0x3A, 0xB0, 0x00, 0x54, 0xCA, 0x92, 0x7A, 0x82, 0x55, 0xD7, 0x89, 0xE5, 0x99, 0x23,
    0x23, 0xF9, 0xC0, 0x1A, 0x50, 0x69, 0xD7, 0xB0, 0x8C, 0x09, 0x95, 0xB6, 0x46, 0xA2, 0x9D, 0x71,
    0x8A, 0x0B, 0xA7, 0xBE, 0x23, 0x1B, 0x91, 0x8C, 0xF1, 0xAE, 0x5A, 0x14, 0xDA, 0x95, 0x79, 0x77,
    0x7A, 0x8B, 0x7A, 0x87, 0x33, 0x32, 0xA8, 0xE7, 0x98, 0xB6, 0x2C, 0x50, 0x4C, 0xD1, 0x06, 0x1C,
    0xE2, 0x9A, 0x25, 0x62, 0xA7, 0xED, 0xA8, 0xDD, 0xF0, 0x04, 0x4F, 0x3C, 0x6B, 0x0C, 0x23, 0xEE,
    0x7A, 0x88, 0x8F, 0xF8, 0x13, 0x30, 0x0C, 0x71, 0xFB, 0x50, 0xDB, 0x4D, 0xF3, 0x78, 0xFC, 0x1C,
    0xD7, 0x68, 0x45, 0xDC, 0xB5, 0xF9, 0xE0, 0x37, 0x6C, 0xEE, 0x7F, 0x5D, 0xA5, 0x61, 0x5E, 0xDE,
    0x5C, 0x76, 0x3C, 0xED, 0x8B, 0x43, 0x94, 0x75, 0xFC, 0x54, 0x5F, 0x06, 0x93, 0x86, 0x45, 0xDA,
    0x2F, 0xD2, 0x60, 0xA2, 0xA0, 0xDE, 0xDC, 0xE0, 0xA1, 0xCD, 0x30, 0x9D, 0xED, 0x1D, 0xCA, 0x17,
    0xA8, 0xBF, 0x40, 0x6D, 0x81, 0x4F, 0x78, 0x57, 0xC4, 0xFE, 0xE7, 0xA9, 0x7E, 0xC9, 0xAA, 0xB5,
    0x6D, 0xC7, 0x76, 0x8C, 0xCF, 0x69, 0x7E, 0xD6, 0x63, 0x36, 0xFC, 0x05, 0x8D, 0x96, 0xBF, 0x6F,
    0xDE, 0x44, 0x18, 0xC7, 0x1F, 0xDB, 0x10, 0x83, 0xAC, 0xEA, 0xBA, 0x22, 0x2A, 0xCC, 0xC0, 0xC0,
    0xD0, 0xF6, 0x16, 0x06, 0x24, 0xF2, 0xE6, 0x2C, 0x24, 0xD4, 0x01, 0x89, 0x2C, 0x65, 0x42, 0x42,
    0xFD, 0x0F, 0xB2, 0x74, 0xA8, 0xC4, 0xCB, 0x6B, 0x8B, 0x25, 0x43, 0x87, 0xF6, 0x1F, 0x00, 0x26,
    0xC6, 0x8A, 0x0E, 0x95, 0x88, 0x50, 0xF2, 0xFA, 0xDA, 0x25, 0x43, 0x07, 0x2E, 0x30, 0x64, 0xC8,
    0x50, 0x03, 0x95, 0x90, 0x3A, 0xD0, 0x0B, 0xB5, 0x84, 0x83, 0x6C, 0x1F, 0xDF, 0xE7, 0x6C, 0xBF,
    0x49, 0x4B, 0x07, 0xDE, 0xE4, 0x73, 0xCF, 0xEB, 0xF3, 0xF9, 0xDE, 0xE7, 0x9E, 0x9F, 0xA6, 0xD2,
    0x50, 0xEC, 0x1A, 0x12, 0xE6, 0x1A, 0x49, 0x22, 0x9A, 0x81, 0xF5, 0xC4, 0x59, 0x66, 0x96, 0x68,
    0x52, 0x20, 0xBD, 0xA9, 0x29, 0x71, 0xAE, 0xA2, 0x12, 0xE0, 0xFA, 0x79, 0x5C, 0xED, 0x89, 0xF6,
    0x0B, 0x8A, 0x1E, 0x66, 0x24, 0x5D, 0x16, 0x3A, 0x67, 0xB0, 0xDE, 0xA4, 0x4F, 0x53, 0xAD, 0x36,
    0x2F, 0x65, 0xF9, 0x5B, 0xEB, 0xB4, 0x04, 0xDD, 0x25, 0xB0, 0x7E, 0x03, 0xDC, 0xA3, 0xEE, 0x86,
    0xA5, 0xE5, 0x3D, 0x4B, 0x79, 0x6D, 0x49, 0x1D, 0x57, 0x85, 0xFC, 0xEB, 0x50, 0x0B, 0x3C, 0x13,
    0x39, 0x57, 0x44, 0xD0, 0x87, 0xB7, 0x0B, 0x3E, 0x82, 0x32, 0xF2, 0x84, 0xB0, 0x9F, 0xC6, 0x7E,
    0x3A, 0xAD, 0xD6, 0xB4, 0x2A, 0x88, 0x72, 0x4C, 0x2F, 0x41, 0x27, 0x45, 0xD1, 0xA5, 0xB9, 0xEE,
    0x52, 0xA7, 0x3B, 0x81, 0xFD, 0x84, 0xA6, 0x5C, 0x14, 0xA4, 0x36, 0x33, 0x2D, 0x9F, 0x5E, 0x99,
    0xF6, 0xC3, 0xE4, 0x09, 0xCE, 0xE8, 0xAA, 0x68, 0xA2, 0x26, 0x62, 0x14, 0x7E, 0x6B, 0x24, 0x1B,
    0xAF, 0xB3, 0x69, 0x6E, 0x5A, 0x73, 0x96, 0xB8, 0x66, 0x7D, 0x1E, 0x53, 0xE0, 0x5A, 0x62, 0x1D,
    0x13, 0x4B, 0x24, 0x2A, 0xE8, 0xE3, 0xCC, 0x0A, 0x9E, 0x3B, 0x7B, 0x1D, 0xE3, 0x3A, 0xC1, 0x1A,
    0x61, 0xFC, 0xFE, 0x2B, 0x88, 0xDE, 0x18, 0xAD, 0x3D, 0xA7, 0xF9, 0xA2, 0xD4, 0x1B, 0xD0, 0x0B,
    0xF3, 0x56, 0x89, 0x63, 0xBB, 0x21, 0xEE, 0xDB, 0xD9, 0x44, 0x0A, 0x24, 0x50, 0x20, 0x07, 0xE5,
    0x7D, 0xBB, 0xE1, 0xEE, 0xDB, 0x00, 0x7B, 0x46, 0xD8, 0x33, 0xC8, 0x58, 0x07, 0xA1, 0x13, 0x0B,
    0x6A, 0xD0, 0x80, 0x16, 0xF4, 0x42, 0xE7, 0xCE, 0x35, 0x23, 0xF5, 0x88, 0xBF, 0x4E, 0x0E, 0x60,
    0x4F, 0xC3, 0x94, 0x40, 0x79, 0x84, 0x49, 0xB1, 0xFE, 0x36, 0xF1, 0x47, 0xE1, 0x7C, 0x83, 0xC4,
    0x26, 0x2C, 0xA9, 0x64, 0xF5, 0x21, 0xD5, 0xE6, 0x28, 0x9D, 0x0B, 0xDD, 0x6D, 0x2F, 0x05, 0x74,
    0x46, 0x60, 0x38, 0x05, 0xE9, 0x3A, 0x61, 0x54, 0x86, 0xD9, 0x1A, 0x12, 0x7E, 0x70, 0x85, 0x30,
    0xF0, 0x9F, 0xE2, 0xE3, 0xC7, 0xCE, 0x78, 0x49, 0x5B, 0x76, 0x90, 0x51, 0xCD, 0xB2, 0xBA, 0x3E,
    0x48, 0xC7, 0x67, 0x27, 0x76, 0x93, 0x33, 0xF0, 0x6F, 0x50, 0x7E, 0xD6, 0xC3, 0x7E, 0x85, 0xD7,
    0xA2, 0xF6, 0x63, 0xC7, 0x63, 0xD0, 0x0F, 0xFA, 0x8C, 0x63, 0xF9, 0x58, 0x91, 0x8B, 0x5D, 0xAB,
    0xC2, 0x5E, 0x60, 0x74, 0x38, 0xF8, 0xBB, 0x50, 0x04, 0x4E, 0x51, 0x08, 0xC1, 0x3E, 0x53, 0x89,
    0x0D, 0xB1, 0x6F, 0xD4, 0xD2, 0x9B, 0x2D, 0x56, 0x22, 0x64, 0x14, 0xE5, 0x5F, 0xF3, 0x28, 0x1D,
    0xD6, 0xF3, 0xCF, 0xD6, 0x39, 0x71, 0xCC, 0xCD, 0x85, 0x6E, 0x66, 0x42, 0xD7, 0x33, 0x71, 0x00,
    0xFB, 0x1F, 0xD8, 0xCB, 0xE9, 0x6F, 0x56, 0xCA, 0x67, 0x16, 0x27, 0x6B, 0x18, 0x31, 0xFF, 0x5B,
    0x8B, 0x5D, 0xA7, 0xA7, 0xEB, 0xB8, 0x56, 0x05, 0xC8, 0x22, 0xEB, 0xA1, 0xC8, 0x4A, 0x0A, 0xAB,
    0x14, 0x3A, 0x57, 0x3B, 0xB9, 0x6B, 0x76, 0xBE, 0xFC, 0xB4, 0xD9, 0x99, 0xD3, 0xCE, 0xCE, 0x7C,
    0xFE, 0x32, 0x68, 0x67, 0x8E, 0x05, 0xF3, 0xDC, 0xD5, 0x00, 0x9E, 0xE4, 0xF3, 0xE0, 0xD4, 0x12,
    0x01, 0xA3, 0x5C, 0xE5, 0xF1, 0x51, 0x9E, 0x53, 0xD0, 0xE7, 0x9C, 0x7B, 0xAC, 0x2F, 0xA9, 0x0C,
    0x27, 0xC6, 0x1C, 0x2C, 0x43, 0xDD, 0x48, 0x8F, 0x53, 0x95, 0xE1, 0x10, 0x53, 0xA9, 0x53, 0xD9,
    0x5A, 0x93, 0x16, 0x34, 0x7E, 0x24, 0x6C, 0x36, 0x81, 0xA0, 0x2D, 0xB0, 0x00, 0xC9, 0x06, 0x1C,
    0x5D, 0x0B, 0xDA, 0xC1, 0xA6, 0x39, 0x7C, 0x0D, 0x7D, 0x7D, 0x9C, 0xB2, 0xA5, 0xF9, 0x76, 0x0E,
    0xA2, 0x86, 0x28, 0x6C, 0xE9, 0x3C, 0xD6, 0xDE, 0x85, 0x7B, 0x6B, 0x6C, 0x62, 0x69, 0xAD, 0xCF,
    0xE0, 0x48, 0x38, 0x17, 0x11, 0xE7, 0x63, 0xA6, 0x24, 0x71, 0xD0, 0x92, 0xF8, 0xA5, 0x26, 0xF1,
    0x08, 0x9E, 0x75, 0x4F, 0x38, 0x12, 0x3C, 0xE2, 0xA9, 0x26, 0x71, 0x68, 0x49, 0xFC, 0x8C, 0xFB,
    0xA6, 0x27, 0x0E, 0x08, 0xC4, 0x98, 0x11, 0x06, 0x51, 0x6A, 0x22, 0xF8, 0xCA, 0xD5, 0x13, 0xC4,
    0x51, 0x26, 0x8E, 0x38, 0x0A, 0x00, 0x74, 0x55, 0x15, 0x72, 0x7E, 0x9F, 0xFD, 0x42, 0xE1, 0x26,
    0x3C, 0x2E, 0x6B, 0xA8, 0xAF, 0x71, 0xAD, 0x29, 0xBC, 0xC5, 0x6B, 0x27, 0x0C, 0x9D, 0x7E, 0xD2,
    0x41, 0x0C, 0xA1, 0x1B, 0x55, 0x3C, 0xC6, 0x8E, 0xC3, 0xD7, 0x9F, 0x0F, 0xA7, 0xA9, 0x15, 0x07,
    0x4F, 0x9C, 0xED, 0x2A, 0xBF, 0xA4, 0xF6, 0x86, 0x0A, 0xAC, 0x0F, 0xF1, 0xA8, 0x4A, 0xBC, 0x30,
    0x31, 0x8B, 0x58, 0x7B, 0x81, 0x2C, 0xF2, 0x22, 0xF3, 0x75, 0xEE, 0x11, 0x89, 0xAF, 0x1A, 0x5A,
    0x5F, 0x50, 0xFA, 0x49, 0x4A, 0xEF, 0x6D, 0x90, 0xBA, 0x18, 0x67, 0xD7, 0x55, 0xB1, 0x37, 0x13,
    0xF4, 0xFE, 0x33, 0x3E, 0x08, 0xA5, 0x45, 0x59, 0x7C, 0xD1, 0xF8, 0xCD, 0xEF, 0x0E, 0xCA, 0xD8,
    0x41, 0x78, 0x65, 0x28, 0x18, 0xB4, 0x8D, 0xF4, 0xA9, 0xD8, 0xA3, 0xE0, 0x90, 0x42, 0xFF, 0x1F,
    0x3C, 0x41, 0x74, 0x72, 0x35, 0x40, 0x51, 0x08, 0x10, 0x4F, 0x3F, 0x64, 0xC9, 0xEF, 0xFA, 0xDC,
    0x03, 0x73, 0xF1, 0x43, 0x18, 0xC3, 0xFF, 0xE3, 0x09, 0xC1, 0x4F, 0x0A, 0xB6, 0x18, 0x9B, 0x18,
    0xA5, 0x0D, 0xE9, 0xD2, 0x30, 0x82, 0x13, 0x7A, 0xFA, 0xCE, 0xAE, 0x41, 0x29, 0x13, 0x0E, 0x66,
    0x77, 0x8F, 0x4F, 0xAD, 0xF5, 0xA2, 0xE5, 0x92, 0xE2, 0x94, 0xAD, 0x13, 0x36, 0x37, 0x3F, 0xA7,
    0xE5, 0xD1, 0x76, 0xA6, 0x6E, 0x16, 0x94, 0x63, 0x7E, 0x09, 0x7A, 0xD0, 0x25, 0xDF, 0x1A, 0xA6,
    0x4F, 0x6E, 0x99, 0x65, 0xB2, 0x6D, 0x4A, 0x90, 0x7F, 0xBC, 0x6D, 0xD4, 0xD1, 0x4D, 0x93, 0x22,
    0x65, 0x91, 0xB7, 0x05, 0x95, 0xCD, 0xE9, 0x7E, 0xAF, 0xA2, 0x2E, 0x49, 0x8E, 0x29, 0xAE, 0x87,
    0x48, 0x60, 0xBE, 0xD7, 0xC1, 0x37, 0x6D, 0x4B, 0x41, 0xB3, 0x87, 0xF0, 0x42, 0x20, 0x8F, 0xE5,
    0x28, 0xB6, 0xB2, 0x98, 0xBE, 0xA7, 0x5A, 0x54, 0x52, 0x27, 0x15, 0x92, 0xCB, 0x27, 0x16, 0x92,
    0xB3, 0x09, 0xF0, 0x2C, 0xF6, 0x67, 0x74, 0x94, 0x49, 0x68, 0x9F, 0x02, 0xB9, 0x2A, 0x6F, 0xBC,
    0xF7, 0xEA, 0x79, 0x33, 0xDC, 0x85, 0xCC, 0x84, 0x8D, 0xB9, 0x6D, 0x18, 0x6E, 0x47, 0x7C, 0x3E,
    0x62, 0xA7, 0x4E, 0x9C, 0x6D, 0x2B, 0x7F, 0xEC, 0x6B, 0xB5, 0xAD, 0xB3, 0x1C, 0xF3, 0x4B, 0xD0,
    0xBD, 0x00, 0xCF, 0xF1, 0x3D, 0x75, 0x45, 0x17, 0xF2, 0x70, 0x7F, 0xD5, 0xA6, 0x28, 0x6F, 0x4E,
    0xF7, 0x43, 0x1D, 0x8E, 0x8E, 0x9B, 0xFF, 0x00, 0x7F, 0x54, 0x23, 0xE6, 0x65, 0xF7, 0x3D, 0xB6,
    0x3D, 0x1F, 0x59, 0x67, 0x23, 0x5B, 0x02, 0x09, 0x5D, 0xFB, 0x95, 0x6E, 0x02, 0x2D, 0x8F, 0xCF,
    0xC3, 0x6D, 0x46, 0xF4, 0x1C, 0xD1, 0x9C, 0x0A, 0x8E, 0xDB, 0x2E, 0x66, 0x73, 0x9E, 0xB5, 0x97,
    0x7F, 0x3C, 0xB2, 0x1F, 0xDC, 0x29, 0x2B, 0x75, 0xA1, 0xD4, 0x5C, 0x26, 0xB8, 0x1B, 0xC7, 0x17,
    0xEE, 0xD2, 0x73, 0x29, 0xE6, 0x4B, 0xE8, 0x8B, 0x29, 0xF7, 0x7F, 0x80, 0x3A, 0xDF, 0x5D, 0x75,
    0xAE, 0x77, 0x5C, 0x48, 0x8C, 0xFF, 0xD2, 0xB3, 0x3A, 0x12, 0xA5, 0xB0, 0xC0, 0x57, 0x04, 0x58,
    0x8E, 0xAE, 0x8F, 0xD8, 0x44, 0xD1, 0x80, 0x73, 0xA1, 0x64, 0x89, 0x16, 0xA0, 0xB9, 0xE9, 0x0D,
    0x5C, 0x83, 0x46, 0x16, 0xB5, 0xC7, 0x50, 0xC9, 0x81, 0xF0, 0xAB, 0xF5, 0xD7, 0x5B, 0x7D, 0x46,
    0xA5, 0xA5, 0xAB, 0xDF, 0x57, 0x61, 0x93, 0x78, 0xA2, 0x3A, 0xA9, 0x84, 0x4D, 0xAA, 0x9C, 0x5F,
    0x1E, 0x8A, 0x04, 0x7B, 0x27, 0xFC, 0xBE, 0xC1, 0xC9, 0x23, 0x39, 0xAB, 0x67, 0xBB, 0xFC, 0x6E,
    0xB2, 0x87, 0x61, 0xA3, 0xF3, 0xD5, 0xCD, 0xFD, 0xC3, 0xA5, 0x11, 0x6B, 0x30, 0xB4, 0x48, 0xFC,
    0xB0, 0xE3, 0xEC, 0x5F, 0x52, 0x5B, 0xD0, 0x82, 0x5C, 0xF5, 0x0E, 0x86, 0xE3, 0xB6, 0x0D, 0x7D,
    0x4E, 0xB4, 0xE8, 0x2F, 0xA2, 0x5D, 0x48, 0xFD, 0x7A, 0xFB, 0xF6, 0x39, 0x4E, 0xBC, 0xA1, 0xE2,
    0xC2, 0x2A, 0xC5, 0x6B, 0x08, 0x17, 0xAE, 0x90, 0x89, 0x6F, 0x31, 0x65, 0xBD, 0xAA, 0x28, 0x6B,
    0x3E, 0x53, 0x7D, 0x7D, 0xA0, 0x2D, 0xCE, 0x6B, 0xEF, 0x75, 0x2C, 0xF6, 0xE5, 0xF9, 0xD1, 0x43,
    0x4C, 0xF5, 0xE2, 0x41, 0x87, 0x3A, 0x29, 0xB4, 0x43, 0x3F, 0x13, 0x5A, 0x65, 0xDC, 0x87, 0x25,
    0x2A, 0x9D, 0x80, 0xDB, 0x04, 0xFF, 0x19, 0x96, 0x49, 0x85, 0x39, 0xF4, 0x68, 0x95, 0x09, 0x1D,
    0xFB, 0x31, 0x9A, 0x46, 0x94, 0x17, 0x1E, 0x5F, 0x19, 0xFA, 0x21, 0xC6, 0xC4, 0x9D, 0xD0, 0x60,
    0x00, 0x57, 0x61, 0x37, 0x9B, 0x58, 0xCC, 0xD9, 0xA8, 0x19, 0x64, 0x0C, 0x52, 0x9B, 0x73, 0x97,
    0x44, 0x8A, 0xE7, 0x6C, 0x7D, 0xD7, 0x8C, 0x55, 0xBC, 0xF5, 0x6F, 0x1F, 0x13, 0x84, 0x37, 0x2E,
    0x8F, 0x84, 0x4B, 0x86, 0x90, 0xAD, 0x44, 0xAF, 0x74, 0xFA, 0xE7, 0x7A, 0x26, 0xBF, 0x59, 0x27,
    0xF5, 0xF9, 0x19, 0x0A, 0x4E, 0xA8, 0xA1, 0x2C, 0xF0, 0xB3, 0xFC, 0xB6, 0x33, 0x74, 0x08, 0x74,
    0xED, 0x91, 0xF8, 0x16, 0xC2, 0x0F, 0x24, 0x3F, 0x4D, 0x6F, 0x38, 0x0D, 0x2D, 0xB0, 0x68, 0x01,
    0x63, 0x2E, 0x68, 0x97, 0x16, 0x21, 0xEB, 0x51, 0xD1, 0xA0, 0x53, 0x87, 0xB9, 0x12, 0xA8, 0x91,
    0xD2, 0xCF, 0xA1, 0xE1, 0xF9, 0xAE, 0x3E, 0xED, 0xC5, 0xFC, 0x0B, 0x95, 0x52, 0x4D, 0x6B, 0x13,
    0x51, 0x14, 0x3D, 0x6F, 0x06, 0x1C, 0xC8, 0xD8, 0xC6, 0xBD, 0xAD, 0xD9, 0x14, 0x51, 0x99, 0xA6,
    0x0A, 0x15, 0xAC, 0x22, 0x99, 0x7D, 0x7F, 0x82, 0x6E, 0xFC, 0x07, 0x56, 0x5D, 0x64, 0x63, 0xFA,
    0x7E, 0x80, 0x3F, 0x46, 0x21, 0xAB, 0x42, 0xE9, 0xA0, 0x0B, 0xA1, 0x14, 0xE9, 0x0F, 0x50, 0x99,
    0xA5, 0xB8, 0x0A, 0x38, 0xD0, 0x14, 0x02, 0xF1, 0x9E, 0x33, 0xD3, 0x97, 0xC4, 0x0F, 0x48, 0x2E,
    0x8F, 0xC3, 0x70, 0xDE, 0x9D, 0x7B, 0xCE, 0xBD, 0xEF, 0x02, 0x8A, 0x94, 0xE0, 0xC6, 0xC4, 0x4E,
    0x4E, 0x3C, 0x9C, 0x5A, 0x54, 0x3B, 0xFA, 0x8E, 0x2A, 0xE5, 0x74, 0x10, 0xC2, 0xE5, 0x88, 0xCF,
    0x91, 0x8C, 0xD0, 0xAE, 0xB0, 0xF9, 0x15, 0x7B, 0x67, 0x78, 0x70, 0x8A, 0x17, 0x9F, 0xE0, 0x8A,
    0x65, 0x4F, 0x08, 0xAB, 0xC3, 0x38, 0x16, 0x26, 0xE7, 0xB5, 0xAE, 0xBE, 0x4B, 0xE2, 0x60, 0x2E,
    0xC7, 0x22, 0x5F, 0x41, 0xE2, 0xC3, 0x67, 0x3C, 0xFC, 0x82, 0xBB, 0x67, 0x58, 0xFF, 0x81, 0x74,
    0x84, 0xB8, 0x44, 0x14, 0x74, 0x53, 0xD6, 0x64, 0xBF, 0xC7, 0xEA, 0xF7, 0x4A, 0x97, 0xFD, 0x26,
    0x25, 0xFB, 0x1D, 0xB0, 0xDF, 0xA0, 0xBB, 0x52, 0xBF, 0xFF, 0xD4, 0xBD, 0xC1, 0x32, 0x27, 0x1C,
    0xE7, 0xE0, 0xD2, 0xA0, 0xF7, 0xCC, 0x3E, 0xEF, 0xB1, 0xFC, 0xC6, 0xD0, 0x60, 0x6D, 0x9B, 0x9E,
    0x52, 0xE3, 0x5C, 0x24, 0x4D, 0x92, 0xD8, 0x96, 0x53, 0xFE, 0xF3, 0x17, 0xA9, 0x67, 0x91, 0x33,
    0x3D, 0x96, 0x07, 0x6E, 0x4E, 0x2D, 0xB1, 0x7F, 0x48, 0xEA, 0x27, 0xA7, 0xF7, 0xCE, 0xE0, 0x56,
    0x66, 0xD0, 0xDF, 0x35, 0xAA, 0x34, 0xFD, 0xC4, 0x93, 0x62, 0x7E, 0x9F, 0x59, 0x1C, 0xEF, 0x22,
    0x55, 0x9B, 0xC4, 0x32, 0xFA, 0x35, 0xC9, 0xFC, 0xE1, 0x7D, 0x92, 0x77, 0x48, 0x3E, 0x27, 0xF9,
    0xCD, 0xE0, 0xCD, 0x91, 0xC1, 0xCE, 0x09, 0x55, 0xD4, 0xF2, 0xB5, 0xE0, 0x34, 0x0D, 0x25, 0x86,
    0x57, 0x65, 0x55, 0x6B, 0x81, 0x6A, 0x91, 0xD2, 0x48, 0x34, 0x9C, 0xDB, 0xCC, 0x7A, 0xB2, 0xCF,
    0xD1, 0x71, 0x4B, 0xA6, 0xF4, 0xBC, 0x85, 0xF9, 0x68, 0xA9, 0xF2, 0xBA, 0x36, 0x38, 0xD3, 0x06,
    0xEF, 0xCE, 0x36, 0x98, 0x8D, 0x46, 0x55, 0xCC, 0xA7, 0xEF, 0x24, 0x79, 0x30, 0xB1, 0x10, 0x6B,
    0xC2, 0x4C, 0xEF, 0xFD, 0x48, 0xBB, 0xF8, 0x7E, 0xB6, 0x8B, 0x7C, 0xF9, 0x12, 0xB1, 0xE7, 0x4E,
    0x68, 0x6F, 0xA8, 0x14, 0xC2, 0x66, 0x50, 0xC1, 0x4D, 0x10, 0xDB, 0x39, 0x42, 0xEB, 0x35, 0xAE,
    0xBF, 0xF2, 0xD9, 0x41, 0x81, 0x97, 0xF8, 0xE3, 0x6C, 0x1C, 0x14, 0x76, 0x65, 0x09, 0x96, 0x16,
    0x4D, 0xF8, 0x0B, 0xAA, 0xA6, 0x46, 0xB3, 0xF1, 0x90, 0x3B, 0x39, 0x45, 0xB7, 0xB9, 0xB0, 0x48,
    0xD9, 0x30, 0x9E, 0x62, 0x86, 0x6D, 0x31, 0x4E, 0xB7, 0x4D, 0x66, 0x52, 0xCC, 0x2A, 0xD8, 0x08,
    0x7A, 0xC0, 0x45, 0xEE, 0x3E, 0x16, 0xB1, 0x2F, 0x53, 0x5F, 0x75, 0xFC, 0xE4, 0xB1, 0xFF, 0x1E,
    0xF9, 0x62, 0xF9, 0x13, 0x8A, 0x69, 0x4F, 0x80, 0xB7, 0xE8, 0x51, 0xAD, 0x16, 0xAE, 0xDD, 0x76,
    0xE7, 0x70, 0xAC, 0xDB, 0xA2, 0xCE, 0x64, 0xCA, 0xA8, 0xB1, 0xB3, 0x92, 0xA8, 0x99, 0x34, 0xAB,
    0x6D, 0x5F, 0x99, 0x6D, 0x33, 0x8F, 0x5F, 0x39, 0x1B, 0xC9, 0x54, 0x28, 0xE7, 0x64, 0x68, 0xA6,
    0x2B, 0x09, 0x99, 0xE1, 0x64, 0x5C, 0xA5, 0x99, 0x74, 0x6B, 0xD4, 0x64, 0xC6, 0xAE, 0x36, 0x53,
    0x67, 0x26, 0x85, 0xCC, 0xA8, 0xC2, 0x2A, 0x93, 0xF9, 0x9F, 0x99, 0xDF, 0xAD, 0x54, 0x4D, 0x6E,
    0xD3, 0x40, 0x14, 0xFE, 0x6C, 0xD3, 0xBA, 0x92, 0xA1, 0x83, 0x44, 0x25, 0x16, 0x50, 0xBC, 0x41,
    0x88, 0x45, 0xA9, 0xB7, 0x48, 0xD8, 0x71, 0xB8, 0x01, 0x47, 0xE0, 0x06, 0xD9, 0x74, 0x91, 0x45,
    0xDB, 0x19, 0x4E, 0x40, 0x8E, 0xD2, 0x45, 0x16, 0x08, 0x05, 0x6C, 0x6E, 0x60, 0x6E, 0x60, 0xA4,
    0xEE, 0xD8, 0x78, 0x91, 0x85, 0x4B, 0x93, 0x0E, 0xDF, 0x1B, 0x3B, 0xE9, 0x8F, 0x8A, 0x8A, 0x10,
    0xC9, 0x7C, 0x33, 0x9E, 0x37, 0xEF, 0x6F, 0xDE, 0xCF, 0xF8, 0xD6, 0x20, 0xB4, 0x2D, 0x02, 0x7B,
    0x01, 0x0F, 0x05, 0x80, 0xDC, 0x00, 0x71, 0x09, 0xA8, 0xD2, 0x2B, 0x3E, 0x96, 0x91, 0xB5, 0x65,
    0xFC, 0xBD, 0x28, 0x73, 0xC4, 0x26, 0x47, 0x32, 0x1C, 0x20, 0xE7, 0xFF, 0x18, 0xF9, 0x87, 0x05,
    0x12, 0x3B, 0x87, 0xB2, 0x35, 0xFC, 0x0B, 0x4A, 0xD9, 0x25, 0x07, 0x90, 0xDD, 0x18, 0xB7, 0xD2,
    0x57, 0xC4, 0xE7, 0xC0, 0x18, 0x38, 0xE9, 0xB7, 0x01, 0xC7, 0x17, 0x84, 0x47, 0x50, 0x19, 0xB6,
    0x33, 0xEC, 0xAD, 0xD8, 0x4E, 0x32, 0xD4, 0x99, 0x57, 0x65, 0x41, 0x99, 0x85, 0xA6, 0x27, 0xEE,
    0x02, 0x7B, 0xC0, 0x0E, 0xFA, 0xDF, 0xA6, 0x7D, 0x5B, 0x41, 0xDB, 0xF3, 0xCA, 0x6F, 0xA1, 0x87,
    0x51, 0x89, 0xBC, 0x8C, 0x81, 0xCF, 0x75, 0x06, 0xBF, 0x69, 0x52, 0x84, 0xE5, 0xC1, 0x01, 0x62,
    0xBC, 0x9E, 0xD2, 0x7A, 0x3A, 0xC5, 0x1C, 0xE9, 0x41, 0x50, 0xE3, 0x75, 0x1A, 0x19, 0x4C, 0xB3,
    0x04, 0x68, 0xD4, 0x0C, 0x7E, 0x1D, 0x36, 0x88, 0xCA, 0xE0, 0x0C, 0x1A, 0xAA, 0x60, 0x44, 0xF6,
    0x37, 0x19, 0x9A, 0x2D, 0xA7, 0x3E, 0x68, 0x39, 0x45, 0x0B, 0x4E, 0x8A, 0x5E, 0x23, 0x3E, 0x96,
    0x30, 0x51, 0x0E, 0x59, 0x3C, 0x04, 0x66, 0x8A, 0xD1, 0x6A, 0xC3, 0x12, 0xDE, 0x9C, 0x5A, 0xFD,
    0xC6, 0x6F, 0x10, 0xD4, 0xDE, 0x9C, 0xCA, 0xB0, 0x60, 0x14, 0x31, 0x03, 0xB9, 0x06, 0x20, 0x3F,
    0x43, 0x67, 0xAD, 0x1D, 0x6A, 0x4E, 0xC6, 0x4D, 0xDC, 0x2E, 0xD6, 0x30, 0xFE, 0xBF, 0xC3, 0xDA,
    0x4A, 0x90, 0x10, 0xAA, 0xA1, 0xC3, 0x73, 0xC0, 0x17, 0x7F, 0xAD, 0x78, 0x4A, 0x1F, 0x13, 0xBA,
    0x98, 0x13, 0x9A, 0xFB, 0x65, 0x77, 0x21, 0x5E, 0x17, 0xAA, 0x92, 0xCC, 0xD9, 0x66, 0x05, 0xB8,
    0x2D, 0x07, 0x3F, 0xB4, 0x5D, 0x6A, 0x49, 0xD2, 0xB5, 0xDC, 0x75, 0x44, 0xA1, 0x5F, 0x4D, 0xE8,
    0x0E, 0x2F, 0xA7, 0x8D, 0x36, 0x12, 0x12, 0x5E, 0x12, 0x9D, 0x1D, 0x4C, 0x65, 0x6A, 0x56, 0x93,
    0x5F, 0x4B, 0x24, 0xCB, 0x6E, 0xDA, 0x40, 0x68, 0x28, 0xA4, 0x86, 0xB0, 0x43, 0x05, 0x3C, 0x29,
    0x9F, 0x91, 0x5C, 0xBD, 0x22, 0x17, 0xD3, 0xC5, 0x68, 0xB2, 0x2C, 0x70, 0x28, 0xF2, 0x03, 0x11,
    0x8D, 0x65, 0x12, 0x5F, 0x3B, 0x79, 0x8F, 0x17, 0x8A, 0xEA, 0xC4, 0xE4, 0x4B, 0x5B, 0x8F, 0x93,
    0xAA, 0x99, 0x2A, 0x73, 0x22, 0x6B, 0x7E, 0x61, 0x6B, 0x55, 0x8F, 0x4C, 0x1B, 0xE3, 0xFF, 0x0E,
    0x6F, 0xF2, 0x92, 0x29, 0x3D, 0xBC, 0x03, 0x47, 0x93, 0xA0, 0xD6, 0x15, 0x51, 0x06, 0x3F, 0x2C,
    0x82, 0x9F, 0x0B, 0x36, 0x15, 0xB1, 0x3C, 0x84, 0x6A, 0x0E, 0x91, 0x93, 0xE7, 0x0D, 0xF1, 0xE8,
    0x0E, 0x3D, 0xC0, 0x43, 0x46, 0xC1, 0x0E, 0x11, 0x11, 0x31, 0x13, 0x91, 0x7C, 0xEB, 0x7A, 0x52,
    0xD2, 0xB8, 0x46, 0x1F, 0xE2, 0xDB, 0x50, 0x5C, 0xC1, 0xD7, 0x1E, 0x6C, 0xD0, 0x17, 0x4C, 0xA5,
    0x66, 0x49, 0x14, 0x2C, 0x0D, 0x6D, 0x5C, 0x76, 0x3C, 0x6E, 0x5B, 0x67, 0xCF, 0xFD, 0xB8, 0xCE,
    0xBC, 0xF9, 0xD2, 0x67, 0xF0, 0x1B, 0x0E, 0x7E, 0x70, 0xBB, 0x3A, 0x74, 0xC7, 0xAD, 0x13, 0x71,
    0x69, 0x45, 0x72, 0xEA, 0x0F, 0x0B, 0x16, 0xB3, 0x60, 0x12, 0x9D, 0xAD, 0xB8, 0x62, 0xB3, 0xA5,
    0xDB, 0xBD, 0xBA, 0x68, 0x4D, 0x24, 0xF9, 0x1A, 0x9D, 0x3E, 0x65, 0x69, 0x4F, 0x46, 0xA7, 0x72,
    0x36, 0x20, 0x1E, 0xD3, 0xFB, 0x90, 0xD8, 0xE6, 0xF7, 0x03, 0xE2, 0x1E, 0x71, 0xBF, 0x87, 0x38,
    0xCD, 0xD2, 0x2B, 0x5C, 0xF9, 0xDD, 0xDC, 0xBF, 0x24, 0x66, 0xCC, 0xFD, 0x7C, 0x4D, 0xD3, 0x42,
    0x1F, 0xC0, 0xAD, 0x2B, 0x5A, 0x24, 0x0F, 0x57, 0x1F, 0xA0, 0x9B, 0xFA, 0xFE, 0xAC, 0x5B, 0xDE,
    0x91, 0xB1, 0x2B, 0xD3, 0xB5, 0x5E, 0x85, 0xCB, 0xEF, 0xE6, 0xD2, 0x06, 0xC9, 0xD8, 0x5D, 0x6B,
    0x08, 0xBB, 0x30, 0x33, 0x4B, 0x3E, 0x9F, 0x42, 0xCD, 0x28, 0xDB, 0x09, 0xC1, 0x8B, 0x27, 0x4C,
    0x9E, 0x57, 0x30, 0x2A, 0xA1, 0xE8, 0x1F, 0x49, 0xD1, 0x3A, 0x09, 0x36, 0xBD, 0x83, 0xFC, 0xDE,
    0x8B, 0x34, 0x7D, 0xD5, 0xCC, 0x41, 0x24, 0x42, 0x23, 0x2A, 0xF0, 0x28, 0xB8, 0x49, 0x14, 0x4B,
    0xAA, 0x35, 0x28, 0x4E, 0xBB, 0x04, 0xBE, 0xBB, 0xF4, 0xD9, 0x45, 0x1C, 0x23, 0x56, 0x98, 0xF8,
    0x33, 0xE9, 0xC2, 0x9A, 0xF6, 0x37, 0xF8, 0xD4, 0xAF, 0x69, 0xD7, 0xB6, 0x4C, 0x87, 0xB8, 0x60,
    0x45, 0x10, 0xFA, 0x97, 0x2C, 0xEC, 0x42, 0x49, 0x62, 0x77, 0x0A, 0x77, 0xD1, 0x6B, 0xD8, 0x77,
    0x71, 0xD6, 0x7C, 0x0B, 0x8A, 0x0B, 0x3A, 0x07, 0xF6, 0xE4, 0xDA, 0x56, 0x83, 0x81, 0x57, 0x21,
    0x65, 0x13, 0x8E, 0xD9, 0xBE, 0x9F, 0xC8, 0x3E, 0x66, 0xDF, 0xA6, 0x34, 0x96, 0x8D, 0xBB, 0x2E,
    0x15, 0x5B, 0xC2, 0x1B, 0xD0, 0xEE, 0x06, 0xBA, 0xD6, 0xD7, 0xE7, 0x35, 0xED, 0xCA, 0x21, 0xED,
    0xAA, 0x23, 0xE6, 0x9E, 0x76, 0x5F, 0x51, 0x38, 0x25, 0xA6, 0x4A, 0x9E, 0x5F, 0xF8, 0xD5, 0x3E,
    0x7B, 0xFB, 0xD2, 0xEE, 0x6E, 0x9F, 0x95, 0xBF, 0xB9, 0xA7, 0xD0, 0xE5, 0x5C, 0xF8, 0x84, 0xDF,
    0xBD, 0x3F, 0xAB, 0x1A, 0xB9, 0xF3, 0xCE, 0x71, 0x47, 0xE7, 0xB9, 0xF0, 0x09, 0xFF, 0x55, 0xF9,
    0xDF, 0xA5, 0x90, 0xCB, 0x0D, 0x02, 0x31, 0x0C, 0x44, 0x1D, 0xFB, 0xB0, 0x05, 0x50, 0xC0, 0x96,
    0x40, 0x69, 0x94, 0x98, 0x1A, 0xA0, 0x82, 0x45, 0xA2, 0x80, 0x48, 0x18, 0x64, 0x24, 0x0B, 0x63,
    0x27, 0x6C, 0xF8, 0x0A, 0x90, 0x38, 0xCC, 0x3B, 0x8C, 0x93, 0x71, 0x32, 0x30, 0x9E, 0xC6, 0x1D,
    0x98, 0x99, 0x90, 0x83, 0x49, 0x48, 0x61, 0x28, 0x24, 0x77, 0x70, 0xDF, 0xA6, 0x8A, 0x1C, 0x78,
    0x9A, 0x7E, 0x01, 0x7B, 0x1E, 0x2C, 0x27, 0x00, 0x3B, 0x30, 0xDA, 0x5E, 0x49, 0x16, 0x4A, 0x9C,
    0x98, 0x0A, 0x40, 0xC8, 0x23, 0x65, 0x16, 0x15, 0x7C, 0x15, 0xA3, 0x3E, 0x48, 0x50, 0x61, 0xB4,
    0x78, 0x95, 0x60, 0xDC, 0x71, 0xC7, 0xFD, 0x7E, 0x3E, 0xDB, 0xA6, 0xEB, 0xF7, 0xBC, 0xE8, 0xA0,
    0x96, 0x50, 0x5B, 0x38, 0xBA, 0x3B, 0x28, 0x6A, 0xFD, 0x81, 0x38, 0x19, 0xA0, 0x31, 0x5A, 0x30,
    0x6D, 0xCC, 0x95, 0xE1, 0xA7, 0xF7, 0x94, 0x0F, 0xF4, 0x5A, 0x92, 0xEF, 0x3D, 0xAF, 0x4C, 0x6B,
    0xA8, 0x52, 0xA3, 0xFF, 0x07, 0x6F, 0x27, 0x7B, 0x5A, 0x0C, 0xB7, 0x57, 0xC6, 0xDE, 0xF5, 0x5F,
    0x7B, 0x2F, 0x25, 0x8D, 0xB1, 0x11, 0x82, 0x40, 0x10, 0x45, 0x17, 0x09, 0x08, 0x0C, 0xAE, 0x03,
    0x29, 0x81, 0x0A, 0x98, 0xA3, 0x03, 0x4B, 0xB0, 0x0D, 0x12, 0x07, 0x3B, 0x32, 0x21, 0x3F, 0x87,
    0xD4, 0xE4, 0xC6, 0x06, 0xB4, 0x04, 0x82, 0x0D, 0x18, 0x46, 0x78, 0xEE, 0x8E, 0x3F, 0x78, 0xC1,
    0x0B, 0xDE, 0x17, 0xF9, 0xAF, 0x7C, 0x38, 0x83, 0x3A, 0xE3, 0xE6, 0x5C, 0xEF, 0x9D, 0xE9, 0xF7,
    0x94, 0x4D, 0x37, 0xF3, 0x68, 0xBA, 0xD6, 0xAB, 0x08, 0x41, 0x87, 0xAE, 0xE4, 0xAC, 0x29, 0x07,
    0x98, 0xD1, 0x08, 0x2F, 0xB6, 0x04, 0x4F, 0xF6, 0x06, 0x2E, 0x2C, 0x47, 0x88, 0x7C, 0x0E, 0x90,
    0xB8, 0xC9, 0xB0, 0x63, 0xB9, 0x1A, 0x2C, 0x5D, 0x81, 0xD5, 0x8A, 0x6F, 0xB4, 0xB2, 0xF4, 0xAD,
    0xBF, 0x9C, 0x46, 0x67, 0x95, 0x9D, 0x85, 0xE9, 0x1F,
};

static const EpdGlyph andika_12_boldGlyphs[] = {
    { 0, 0, 107, 0, 0, 0, 0 }, // U+0020
    { 6, 19, 152, 2, 19, 29, 0 }, // !
    { 9, 7, 212, 2, 20, 16, 29 }, // "
    { 15, 16, 242, 0, 17, 60, 45 }, // #
    { 13, 23, 242, 1, 20, 75, 105 }, // $
    { 19, 18, 306, 0, 18, 86, 180 }, // %
    { 15, 18, 265, 1, 18, 68, 266 }, // &
    { 4, 7, 122, 2, 20, 7, 334 }, // '
    { 8, 26, 168, 1, 21, 52, 341 }, // (
    { 8, 26, 168, 2, 21, 52, 393 }, // )
    { 11, 10, 203, 1, 20, 28, 445 }, // *
    { 12, 12, 234, 1, 15, 36, 473 }, // +
    { 5, 8, 130, 2, 4, 10, 509 }, // ,
    { 10, 3, 175, 0, 10, 8, 519 }, // -
    { 5, 4, 139, 2, 4, 5, 527 }, // .
    { 14, 23, 211, 0, 20, 81, 532 }, // /
    { 14, 18, 242, 1, 18, 63, 613 }, // 0
    { 12, 18, 242, 2, 18, 54, 676 }, // 1
    { 13, 18, 242, 1, 18, 59, 730 }, // 2
    { 13, 18, 242, 1, 18, 59, 789 }, // 3
    { 15, 18, 242, 0, 18, 68, 848 }, // 4
    { 13, 18, 242, 1, 18, 59, 916 }, // 5
    { 14, 18, 242, 1, 18, 63, 975 }, // 6
    { 13, 18, 242, 1, 18, 59, 1038 }, // 7
    { 14, 18, 242, 1, 18, 63, 1097 }, // 8
    { 14, 18, 242, 0, 18, 63, 1160 }, // 9
    { 5, 12, 139, 2, 12, 15, 1223 }, // :
    { 5, 16, 139, 2, 12, 20, 1238 }, // ;
    { 13, 13, 234, 1, 15, 43, 1258 }, // <
    { 13, 7, 234, 1, 13, 23, 1301 }, // =
    { 13, 13, 234, 1, 15, 43, 1324 }, // >
    { 10, 20, 213, 1, 20, 50, 1367 }, // ?
    { 20, 22, 340, 1, 18, 110, 1417 }, // @
    { 18, 18, 290, 0, 18, 81, 1527 }, // A
    { 15, 18, 271, 1, 18, 68, 1608 }, // B
    { 15, 18, 271, 1, 18, 68, 1676 }, // C
    { 16, 18, 290, 1, 18, 72, 1744 }, // D
    { 13, 18, 237, 1, 18, 59, 1816 }, // E
    { 13, 18, 234, 1, 18, 59, 1875 }, // F
    { 16, 18, 288, 1, 18, 72, 1934 }, // G
    { 16, 18, 296, 1, 18, 72, 2006 }, // H
    { 10, 18, 204, 1, 18, 45, 2078 }, // I
    { 11, 18, 201, 0, 18, 50, 2123 }, // J
    { 16, 18, 279, 1, 18, 72, 2173 }, // K
    { 13, 18, 221, 1, 18, 59, 2245 }, // L
    { 20, 18, 362, 1, 18, 90, 2304 }, // M
    { 16, 18, 302, 1, 18, 72, 2394 }, // N
    { 16, 18, 293, 1, 18, 72, 2466 }, // O
    { 14, 18, 249, 1, 18, 63, 2538 }, // P
    { 18, 21, 302, 1, 18, 95, 2601 }, // Q
    { 16, 18, 270, 1, 18, 72, 2696 }, // R
    { 13, 18, 243, 1, 18, 59, 2768 }, // S
    { 15, 18, 247, 0, 18, 68, 2827 }, // T
    { 16, 18, 291, 1, 18, 72, 2895 }, // U
    { 18, 18, 286, 0, 18, 81, 2967 }, // V
    { 26, 18, 417, 0, 18, 117, 3048 }, // W
    { 16, 18, 267, 0, 18, 72, 3165 }, // X
    { 17, 18, 266, 0, 18, 77, 3237 }, // Y
    { 15, 18, 244, 0, 18, 68, 3314 }, // Z
    { 7, 25, 166, 2, 20, 44, 3382 }, // [
    { 14, 23, 211, 0, 20, 81, 3426 }, // <backslash>
    { 8, 25, 166, 1, 20, 50, 3507 }, // ]
    { 11, 5, 172, 0, 20, 14, 3557 }, // ^
    { 16, 3, 253, 0, -2, 12, 3571 }, // _
    { 8, 5, 125, 0, 20, 10, 3583 }, // `
    { 14, 13, 245, 1, 13, 46, 3593 }, // a
    { 13, 20, 237, 1, 20, 65, 3639 }, // b
    { 11, 13, 200, 1, 13, 36, 3704 }, // c
    { 14, 20, 247, 1, 20, 70, 3740 }, // d
    { 12, 13, 217, 1, 13, 39, 3810 }, // e
    { 11, 20, 156, 0, 20, 55, 3849 }, // f
    { 12, 19, 231, 1, 13, 57, 3904 }, // g
    { 13, 20, 241, 1, 20, 65, 3961 }, // h
    { 6, 20, 125, 1, 20, 30, 4026 }, // i
    { 10, 26, 131, -3, 20, 65, 4056 }, // j
    { 13, 20, 222, 1, 20, 65, 4121 }, // k
    { 5, 20, 125, 1, 20, 25, 4186 }, // l
    { 19, 13, 344, 1, 13, 62, 4211 }, // m
    { 13, 13, 243, 1, 13, 43, 4273 }, // n
    { 13, 13, 227, 1, 13, 43, 4316 }, // o
    { 13, 19, 241, 1, 13, 62, 4359 }, // p
    { 13, 19, 236, 1, 13, 62, 4421 }, // q
    { 12, 13, 194, 1, 13, 39, 4483 }, // r
    { 11, 13, 202, 1, 13, 36, 4522 }, // s
    { 11, 17, 173, 0, 17, 47, 4558 }, // t
    { 14, 13, 243, 1, 13, 46, 4605 }, // u
    { 14, 13, 216, 0, 13, 46, 4651 }, // v
    { 19, 13, 307, 0, 13, 62, 4697 }, // w
    { 14, 13, 231, 0, 13, 46, 4759 }, // x
    { 15, 19, 215, -1, 13, 72, 4805 }, // y
    { 11, 13, 207, 1, 13, 36, 4877 }, // z
    { 9, 26, 203, 2, 21, 59, 4913 }, // {
    { 4, 25, 135, 2, 20, 25, 4972 }, // |
    { 10, 26, 203, 1, 21, 65, 4997 }, // }
    { 14, 4, 218, 0, 8, 14, 5062 }, // ~
    { 0, 0, 107, 0, 0, 0, 0 }, // U+00A0
    { 5, 19, 152, 2, 14, 24, 0 }, // U+00A1
    { 11, 20, 213, 1, 17, 55, 24 }, // U+00A2
    { 13, 18, 242, 1, 18, 59, 79 }, // U+00A3
    { 15, 15, 242, 0, 18, 57, 138 }, // U+00A4
    { 16, 18, 242, 0, 18, 72, 195 }, // U+00A5
    { 3, 24, 208, 5, 20, 18, 267 }, // U+00A6
    { 11, 24, 214, 1, 18, 66, 285 }, // U+00A7
    { 11, 4, 164, 0, 19, 11, 351 }, // U+00A8
    { 19, 19, 300, 0, 19, 91, 362 }, // U+00A9
    { 10, 11, 158, 0, 17, 28, 453 }, // U+00AA
    { 16, 13, 255, 0, 13, 52, 481 }, // U+00AB
    { 13, 7, 234, 1, 11, 23, 533 }, // U+00AC
    { 10, 3, 175, 0, 10, 8, 556 }, // U+00AD
    { 19, 19, 302, 0, 19, 91, 564 }, // U+00AE
    { 11, 3, 162, 0, 18, 9, 655 }, // U+00AF
    { 8, 7, 140, 0, 18, 14, 664 }, // U+00B0
    { 12, 15, 234, 1, 17, 45, 678 }, // U+00B1
    { 10, 11, 164, 0, 20, 28, 723 }, // U+00B2
    { 10, 11, 164, 0, 20, 28, 751 }, // U+00B3
    { 8, 5, 125, 0, 20, 10, 779 }, // U+00B4
    { 14, 19, 243, 1, 13, 67, 789 }, // U+00B5
    { 13, 18, 216, 0, 18, 59, 856 }, // U+00B6
    { 5, 4, 146, 2, 11, 5, 915 }, // U+00B7
    { 6, 7, 82, 0, 1, 11, 920 }, // U+00B8
    { 8, 11, 164, 1, 20, 22, 931 }, // U+00B9
    { 10, 11, 156, 0, 17, 28, 953 }, // U+00BA
    { 16, 13, 255, 0, 13, 52, 981 }, // U+00BB
    { 21, 21, 337, 0, 20, 111, 1033 }, // U+00BC
    { 21, 21, 337, 0, 20, 111, 1144 }, // U+00BD
    { 21, 21, 337, 0, 20, 111, 1255 }, // U+00BE
    { 10, 19, 213, 1, 13, 48, 1366 }, // U+00BF
    { 18, 25, 290, 0, 25, 113, 1414 }, // U+00C0
    { 18, 25, 290, 0, 25, 113, 1527 }, // U+00C1
    { 18, 25, 290, 0, 25, 113, 1640 }, // U+00C2
    { 18, 24, 290, 0, 24, 108, 1753 }, // U+00C3
    { 18, 24, 290, 0, 24, 108, 1861 }, // U+00C4
    { 18, 25, 290, 0, 25, 113, 1969 }, // U+00C5
    { 21, 18, 358, 0, 18, 95, 2082 }, // U+00C6
    { 15, 24, 271, 1, 18, 90, 2177 }, // U+00C7
    { 13, 25, 237, 1, 25, 82, 2267 }, // U+00C8
    { 13, 25, 237, 1, 25, 82, 2349 }, // U+00C9
    { 13, 25, 237, 1, 25, 82, 2431 }, // U+00CA
    { 13, 24, 237, 1, 24, 78, 2513 }, // U+00CB
    { 10, 25, 204, 1, 25, 63, 2591 }, // U+00CC
    { 11, 25, 204, 1, 25, 69, 2654 }, // U+00CD
    { 12, 25, 204, 0, 25, 75, 2723 }, // U+00CE
    { 11, 24, 204, 1, 24, 66, 2798 }, // U+00CF
    { 17, 18, 293, 0, 18, 77, 2864 }, // U+00D0
    { 16, 24, 302, 1, 24, 96, 2941 }, // U+00D1
    { 16, 25, 293, 1, 25, 100, 3037 }, // U+00D2
    { 16, 25, 293, 1, 25, 100, 3137 }, // U+00D3
    { 16, 25, 293, 1, 25, 100, 3237 }, // U+00D4
    { 16, 24, 293, 1, 24, 96, 3337 }, // U+00D5
    { 16, 24, 293, 1, 24, 96, 3433 }, // U+00D6
    { 11, 10, 234, 2, 14, 28, 3529 }, // U+00D7
    { 16, 21, 293, 1, 20, 84, 3557 }, // U+00D8
    { 16, 25, 291, 1, 25, 100, 3641 }, // U+00D9
    { 16, 25, 291, 1, 25, 100, 3741 }, // U+00DA
    { 16, 25, 291, 1, 25, 100, 3841 }, // U+00DB
    { 16, 24, 291, 1, 24, 96, 3941 }, // U+00DC
    { 17, 25, 266, 0, 25, 107, 4037 }, // U+00DD
    { 14, 18, 249, 1, 18, 63, 4144 }, // U+00DE
    { 16, 21, 278, 1, 21, 84, 4207 }, // U+00DF
    { 14, 20, 245, 1, 20, 70, 4291 }, // U+00E0
    { 14, 20, 245, 1, 20, 70, 4361 }, // U+00E1
    { 14, 20, 245, 1, 20, 70, 4431 }, // U+00E2
    { 14, 19, 245, 1, 19, 67, 4501 }, // U+00E3
    { 14, 19, 245, 1, 19, 67, 4568 }, // U+00E4
    { 14, 20, 245, 1, 20, 70, 4635 }, // U+00E5
    { 20, 13, 347, 1, 13, 65, 4705 }, // U+00E6
    { 11, 19, 200, 1, 13, 53, 4770 }, // U+00E7
    { 12, 20, 217, 1, 20, 60, 4823 }, // U+00E8
    { 12, 20, 217, 1, 20, 60, 4883 }, // U+00E9
    { 12, 20, 217, 1, 20, 60, 4943 }, // U+00EA
    { 12, 19, 217, 1, 19, 57, 5003 }, // U+00EB
    { 9, 20, 126, -2, 20, 45, 5060 }, // U+00EC
    { 9, 20, 126, 1, 20, 45, 5105 }, // U+00ED
    { 12, 20, 126, -2, 20, 60, 5150 }, // U+00EE
    { 12, 19, 126, -2, 19, 57, 5210 }, // U+00EF
    { 13, 21, 227, 1, 21, 69, 5267 }, // U+00F0
    { 13, 19, 243, 1, 19, 62, 5336 }, // U+00F1
    { 13, 20, 227, 1, 20, 65, 5398 }, // U+00F2
    { 13, 20, 227, 1, 20, 65, 5463 }, // U+00F3
    { 13, 20, 227, 1, 20, 65, 5528 }, // U+00F4
    { 13, 19, 227, 1, 19, 62, 5593 }, // U+00F5
    { 13, 19, 227, 1, 19, 62, 5655 }, // U+00F6
    { 12, 14, 234, 1, 16, 42, 5717 }, // U+00F7
    { 13, 15, 227, 1, 14, 49, 5759 }, // U+00F8
    { 14, 20, 243, 1, 20, 70, 5808 }, // U+00F9
    { 14, 20, 243, 1, 20, 70, 5878 }, // U+00FA
    { 14, 20, 243, 1, 20, 70, 5948 }, // U+00FB
    { 14, 19, 243, 1, 19, 67, 6018 }, // U+00FC
    { 15, 26, 215, -1, 20, 98, 6085 }, // U+00FD
    { 13, 26, 239, 1, 20, 85, 6183 }, // U+00FE
    { 15, 25, 215, -1, 19, 94, 6268 }, // U+00FF
    { 18, 23, 290, 0, 23, 104, 0 }, // U+0100
    { 14, 18, 245, 1, 18, 63, 104 }, // U+0101
    { 18, 24, 290, 0, 24, 108, 167 }, // U+0102
    { 14, 19, 245, 1, 19, 67, 275 }, // U+0103
    { 19, 23, 290, 0, 18, 110, 342 }, // U+0104
    { 15, 18, 245, 1, 13, 68, 452 }, // U+0105
    { 15, 25, 271, 1, 25, 94, 520 }, // U+0106
    { 12, 20, 200, 1, 20, 60, 614 }, // U+0107
    { 15, 25, 271, 1, 25, 94, 674 }, // U+0108
    { 12, 20, 200, 1, 20, 60, 768 }, // U+0109
    { 15, 24, 271, 1, 24, 90, 828 }, // U+010A
    { 11, 19, 200, 1, 19, 53, 918 }, // U+010B
    { 15, 25, 271, 1, 25, 94, 971 }, // U+010C
    { 12, 20, 200, 1, 20, 60, 1065 }, // U+010D
    { 16, 25, 290, 1, 25, 100, 1125 }, // U+010E
    { 18, 20, 299, 1, 20, 90, 1225 }, // U+010F
    { 17, 18, 293, 0, 18, 77, 1315 }, // U+0110
    { 15, 20, 248, 1, 20, 75, 1392 }, // U+0111
    { 13, 23, 237, 1, 23, 75, 1467 }, // U+0112
    { 12, 18, 217, 1, 18, 54, 1542 }, // U+0113
    { 13, 24, 237, 1, 24, 78, 1596 }, // U+0114
    { 12, 19, 217, 1, 19, 57, 1674 }, // U+0115
    { 13, 24, 237, 1, 24, 78, 1731 }, // U+0116
    { 12, 19, 217, 1, 19, 57, 1809 }, // U+0117
    { 13, 23, 237, 1, 18, 75, 1866 }, // U+0118
    { 12, 18, 217, 1, 13, 54, 1941 }, // U+0119
    { 13, 25, 237, 1, 25, 82, 1995 }, // U+011A
    { 12, 20, 217, 1, 20, 60, 2077 }, // U+011B
    { 16, 25, 288, 1, 25, 100, 2137 }, // U+011C
    { 13, 26, 231, 1, 20, 85, 2237 }, // U+011D
    { 16, 24, 288, 1, 24, 96, 2322 }, // U+011E
    { 12, 25, 231, 1, 19, 75, 2418 }, // U+011F
    { 16, 24, 288, 1, 24, 96, 2493 }, // U+0120
    { 12, 25, 231, 1, 19, 75, 2589 }, // U+0121
    { 16, 26, 288, 1, 18, 104, 2664 }, // U+0122
    { 12, 27, 231, 1, 21, 81, 2768 }, // U+0123
    { 16, 25, 296, 1, 25, 100, 2849 }, // U+0124
    { 16, 27, 241, -2, 27, 108, 2949 }, // U+0125
    { 19, 18, 308, 0, 18, 86, 3057 }, // U+0126
    { 15, 20, 244, -1, 20, 75, 3143 }, // U+0127
    { 11, 24, 204, 1, 24, 66, 3218 }, // U+0128
    { 12, 19, 126, -2, 19, 57, 3284 }, // U+0129
    { 10, 23, 204, 1, 23, 58, 3341 }, // U+012A
    { 8, 18, 126, 0, 18, 36, 3399 }, // U+012B
    { 11, 24, 204, 1, 24, 66, 3435 }, // U+012C
    { 11, 19, 126, -2, 19, 53, 3501 }, // U+012D
    { 10, 23, 204, 1, 18, 58, 3554 }, // U+012E
    { 7, 25, 125, 1, 20, 44, 3612 }, // U+012F
    { 10, 24, 204, 1, 24, 60, 3656 }, // U+0130
    { 4, 13, 126, 2, 13, 13, 3716 }, // U+0131
    { 22, 18, 392, 1, 18, 99, 3729 }, // U+0132
    { 13, 26, 244, 1, 20, 85, 3828 }, // U+0133
    { 14, 25, 201, 0, 25, 88, 3913 }, // U+0134
    { 13, 26, 131, -3, 20, 85, 4001 }, // U+0135
    { 16, 26, 279, 1, 18, 104, 4086 }, // U+0136
    { 13, 28, 222, 1, 20, 91, 4190 }, // U+0137
    { 13, 13, 237, 1, 13, 43, 4281 }, // U+0138
    { 13, 25, 221, 1, 25, 82, 4324 }, // U+0139
    { 9, 27, 125, 1, 27, 61, 4406 }, // U+013A
    { 13, 26, 221, 1, 18, 85, 4467 }, // U+013B
    { 5, 28, 125, 1, 20, 35, 4552 }, // U+013C
    { 13, 19, 221, 1, 19, 62, 4587 }, // U+013D
    { 10, 20, 172, 1, 20, 50, 4649 }, // U+013E
    { 17, 18, 291, 1, 18, 77, 4699 }, // U+013F
    { 11, 20, 201, 1, 20, 55, 4776 }, // U+0140
    { 15, 18, 225, -1, 18, 68, 4831 }, // U+0141
    { 11, 20, 168, 0, 20, 55, 4899 }, // U+0142
    { 16, 25, 302, 1, 25, 100, 4954 }, // U+0143
    { 13, 20, 243, 1, 20, 65, 5054 }, // U+0144
    { 16, 26, 302, 1, 18, 104, 5119 }, // U+0145
    { 13, 21, 243, 1, 13, 69, 5223 }, // U+0146
    { 16, 25, 302, 1, 25, 100, 5292 }, // U+0147
    { 13, 20, 243, 1, 20, 65, 5392 }, // U+0148
    { 16, 24, 295, 1, 18, 96, 5457 }, // U+014A
    { 13, 19, 243, 1, 13, 62, 5553 }, // U+014B
    { 16, 23, 293, 1, 23, 92, 5615 }, // U+014C
    { 13, 18, 227, 1, 18, 59, 5707 }, // U+014D
    { 16, 24, 293, 1, 24, 96, 5766 }, // U+014E
    { 13, 19, 227, 1, 19, 62, 5862 }, // U+014F
    { 16, 25, 293, 1, 25, 100, 5924 }, // U+0150
    { 13, 20, 227, 1, 20, 65, 6024 }, // U+0151
    { 22, 18, 389, 1, 18, 99, 6089 }, // U+0152
    { 20, 13, 354, 1, 13, 65, 6188 }, // U+0153
    { 16, 25, 270, 1, 25, 100, 6253 }, // U+0154
    { 12, 20, 194, 1, 20, 60, 6353 }, // U+0155
    { 16, 26, 270, 1, 18, 104, 6413 }, // U+0156
    { 12, 21, 194, 1, 13, 63, 6517 }, // U+0157
    { 16, 25, 270, 1, 25, 100, 6580 }, // U+0158
    { 12, 20, 194, 1, 20, 60, 6680 }, // U+0159
    { 13, 25, 243, 1, 25, 82, 6740 }, // U+015A
    { 11, 20, 202, 1, 20, 55, 6822 }, // U+015B
    { 13, 25, 243, 1, 25, 82, 6877 }, // U+015C
    { 11, 20, 202, 1, 20, 55, 6959 }, // U+015D
    { 13, 24, 243, 1, 18, 78, 7014 }, // U+015E
    { 11, 19, 202, 1, 13, 53, 7092 }, // U+015F
    { 13, 25, 243, 1, 25, 82, 7145 }, // U+0160
    { 11, 20, 202, 1, 20, 55, 7227 }, // U+0161
    { 15, 24, 247, 0, 18, 90, 7282 }, // U+0162
    { 11, 23, 173, 0, 17, 64, 7372 }, // U+0163
    { 15, 25, 247, 0, 25, 94, 7436 }, // U+0164
    { 12, 20, 173, 0, 20, 60, 7530 }, // U+0165
    { 15, 18, 247, 0, 18, 68, 7590 }, // U+0166
    { 11, 17, 173, 0, 17, 47, 7658 }, // U+0167
    { 16, 24, 291, 1, 24, 96, 7705 }, // U+0168
    { 14, 19, 243, 1, 19, 67, 7801 }, // U+0169
    { 16, 23, 291, 1, 23, 92, 7868 }, // U+016A
    { 14, 18, 243, 1, 18, 63, 7960 }, // U+016B
    { 16, 24, 291, 1, 24, 96, 8023 }, // U+016C
    { 14, 19, 243, 1, 19, 67, 8119 }, // U+016D
    { 16, 25, 291, 1, 25, 100, 8186 }, // U+016E
    { 14, 20, 243, 1, 20, 70, 8286 }, // U+016F
    { 16, 25, 291, 1, 25, 100, 8356 }, // U+0170
    { 14, 20, 243, 1, 20, 70, 8456 }, // U+0171
    { 16, 23, 291, 1, 18, 92, 8526 }, // U+0172
    { 14, 18, 231, 1, 13, 63, 8618 }, // U+0173
    { 26, 25, 417, 0, 25, 163, 8681 }, // U+0174
    { 19, 20, 307, 0, 20, 95, 8844 }, // U+0175
    { 17, 25, 266, 0, 25, 107, 8939 }, // U+0176
    { 15, 26, 215, -1, 20, 98, 9046 }, // U+0177
    { 17, 24, 266, 0, 24, 102, 9144 }, // U+0178
    { 15, 25, 244, 0, 25, 94, 9246 }, // U+0179
    { 11, 20, 207, 1, 20, 55, 9340 }, // U+017A
    { 15, 24, 244, 0, 24, 90, 9395 }, // U+017B
    { 11, 19, 207, 1, 19, 53, 9485 }, // U+017C
    { 15, 25, 244, 0, 25, 94, 9538 }, // U+017D
    { 12, 20, 207, 1, 20, 60, 9632 }, // U+017E
    { 9, 20, 129, 1, 20, 45, 9692 }, // U+017F
    { 19, 23, 328, 1, 23, 110, 0 }, // U+01A0
    { 16, 17, 268, 1, 17, 68, 110 }, // U+01A1
    { 20, 23, 328, 1, 23, 115, 178 }, // U+01AF
    { 18, 17, 308, 1, 17, 77, 293 }, // U+01B0
    { 32, 25, 534, 1, 25, 200, 370 }, // U+01C4
    { 30, 20, 497, 1, 20, 150, 570 }, // U+01C5
    { 26, 20, 436, 1, 20, 130, 720 }, // U+01C6
    { 23, 18, 399, 1, 18, 104, 850 }, // U+01C7
    { 19, 26, 327, 1, 20, 124, 954 }, // U+01C8
    { 13, 26, 227, 1, 20, 85, 1078 }, // U+01C9
    { 29, 18, 503, 1, 18, 131, 1163 }, // U+01CA
    { 24, 26, 409, 1, 20, 156, 1294 }, // U+01CB
    { 21, 26, 348, 0, 20, 137, 1450 }, // U+01CC
    { 18, 25, 290, 0, 25, 113, 1587 }, // U+01CD
    { 14, 20, 245, 1, 20, 70, 1700 }, // U+01CE
    { 11, 25, 204, 1, 25, 69, 1770 }, // U+01CF
    { 12, 20, 126, -2, 20, 60, 1839 }, // U+01D0
    { 16, 25, 293, 1, 25, 100, 1899 }, // U+01D1
    { 13, 20, 227, 1, 20, 65, 1999 }, // U+01D2
    { 16, 25, 291, 1, 25, 100, 2064 }, // U+01D3
    { 14, 20, 243, 1, 20, 70, 2164 }, // U+01D4
    { 16, 29, 291, 1, 29, 116, 2234 }, // U+01D5
    { 14, 24, 243, 1, 24, 84, 2350 }, // U+01D6
    { 16, 31, 291, 1, 31, 124, 2434 }, // U+01D7
    { 14, 26, 243, 1, 26, 91, 2558 }, // U+01D8
    { 16, 31, 291, 1, 31, 124, 2649 }, // U+01D9
    { 14, 26, 243, 1, 26, 91, 2773 }, // U+01DA
    { 16, 31, 291, 1, 31, 124, 2864 }, // U+01DB
    { 14, 26, 243, 1, 26, 91, 2988 }, // U+01DC
    { 12, 13, 212, 1, 13, 39, 3079 }, // U+01DD
    { 18, 29, 290, 0, 29, 131, 3118 }, // U+01DE
    { 14, 24, 245, 1, 24, 84, 3249 }, // U+01DF
    { 18, 29, 290, 0, 29, 131, 3333 }, // U+01E0
    { 14, 24, 245, 1, 24, 84, 3464 }, // U+01E1
    { 21, 23, 358, 0, 23, 121, 3548 }, // U+01E2
    { 20, 18, 347, 1, 18, 90, 3669 }, // U+01E3
    { 18, 18, 288, 1, 18, 81, 3759 }, // U+01E4
    { 14, 19, 220, 1, 13, 67, 3840 }, // U+01E5
    { 16, 25, 288, 1, 25, 100, 3907 }, // U+01E6
    { 13, 26, 231, 1, 20, 85, 4007 }, // U+01E7
    { 16, 25, 279, 1, 25, 100, 4092 }, // U+01E8
    { 13, 27, 222, 1, 27, 88, 4192 }, // U+01E9
    { 16, 23, 293, 1, 18, 92, 4280 }, // U+01EA
    { 13, 18, 227, 1, 13, 59, 4372 }, // U+01EB
    { 16, 28, 293, 1, 23, 112, 4431 }, // U+01EC
    { 13, 23, 227, 1, 18, 75, 4543 }, // U+01ED
    { 14, 31, 255, 1, 25, 109, 4618 }, // U+01EE
    { 13, 26, 213, 0, 20, 85, 4727 }, // U+01EF
    { 13, 26, 131, -3, 20, 85, 4812 }, // U+01F0
    { 32, 18, 534, 1, 18, 144, 4897 }, // U+01F1
    { 30, 18, 497, 1, 18, 135, 5041 }, // U+01F2
    { 26, 20, 436, 1, 20, 130, 5176 }, // U+01F3
    { 16, 25, 288, 1, 25, 100, 5306 }, // U+01F4
    { 13, 26, 231, 1, 20, 85, 5406 }, // U+01F5
    { 24, 18, 413, 1, 18, 108, 5491 }, // U+01F6
    { 14, 24, 253, 1, 18, 84, 5599 }, // U+01F7
    { 16, 25, 302, 1, 25, 100, 5683 }, // U+01F8
    { 13, 20, 243, 1, 20, 65, 5783 }, // U+01F9
    { 18, 32, 290, 0, 32, 144, 5848 }, // U+01FA
    { 14, 27, 245, 1, 27, 95, 5992 }, // U+01FB
    { 21, 25, 358, 0, 25, 132, 6087 }, // U+01FC
    { 20, 20, 347, 1, 20, 100, 6219 }, // U+01FD
    { 16, 26, 293, 1, 25, 104, 6319 }, // U+01FE
    { 13, 21, 227, 1, 20, 69, 6423 }, // U+01FF
    { 18, 25, 290, 0, 25, 113, 6492 }, // U+0200
    { 14, 20, 245, 1, 20, 70, 6605 }, // U+0201
    { 18, 25, 290, 0, 25, 113, 6675 }, // U+0202
    { 14, 20, 245, 1, 20, 70, 6788 }, // U+0203
    { 13, 25, 237, 1, 25, 82, 6858 }, // U+0204
    { 13, 20, 217, 0, 20, 65, 6940 }, // U+0205
    { 13, 25, 237, 1, 25, 82, 7005 }, // U+0206
    { 12, 20, 217, 1, 20, 60, 7087 }, // U+0207
    { 12, 25, 204, 0, 25, 75, 7147 }, // U+0208
    { 13, 20, 126, -3, 20, 65, 7222 }, // U+0209
    { 11, 25, 204, 1, 25, 69, 7287 }, // U+020A
    { 11, 20, 126, -2, 20, 55, 7356 }, // U+020B
    { 16, 25, 293, 1, 25, 100, 7411 }, // U+020C
    { 14, 20, 227, 0, 20, 70, 7511 }, // U+020D
    { 16, 25, 293, 1, 25, 100, 7581 }, // U+020E
    { 13, 20, 227, 1, 20, 65, 7681 }, // U+020F
    { 16, 25, 270, 1, 25, 100, 7746 }, // U+0210
    { 13, 20, 194, 0, 20, 65, 7846 }, // U+0211
    { 16, 25, 270, 1, 25, 100, 7911 }, // U+0212
    { 12, 20, 194, 1, 20, 60, 8011 }, // U+0213
    { 16, 25, 291, 1, 25, 100, 8071 }, // U+0214
    { 14, 20, 243, 1, 20, 70, 8171 }, // U+0215
    { 16, 25, 291, 1, 25, 100, 8241 }, // U+0216
    { 14, 20, 243, 1, 20, 70, 8341 }, // U+0217
    { 13, 26, 243, 1, 18, 85, 8411 }, // U+0218
    { 11, 21, 202, 1, 13, 58, 8496 }, // U+0219
    { 15, 26, 247, 0, 18, 98, 8554 }, // U+021A
    { 11, 25, 173, 0, 17, 69, 8652 }, // U+021B
    { 13, 22, 234, 1, 18, 72, 8721 }, // U+021C
    { 11, 19, 186, 0, 13, 53, 8793 }, // U+021D
    { 16, 25, 296, 1, 25, 100, 8846 }, // U+021E
    { 13, 27, 241, 1, 27, 88, 8946 }, // U+021F
    { 13, 13, 233, 1, 13, 43, 0 }, // U+0250
    { 14, 13, 245, 1, 13, 46, 43 }, // U+0251
    { 14, 13, 245, 1, 13, 46, 89 }, // U+0252
    { 13, 21, 234, 1, 21, 69, 135 }, // U+0253
    { 11, 13, 195, 1, 13, 36, 204 }, // U+0254
    { 11, 16, 210, 1, 13, 44, 240 }, // U+0255
    { 17, 26, 250, 1, 20, 111, 284 }, // U+0256
    { 17, 21, 250, 1, 21, 90, 395 }, // U+0257
    { 12, 13, 215, 1, 13, 39, 485 }, // U+0258
    { 12, 13, 212, 1, 13, 39, 524 }, // U+0259
    { 18, 13, 295, 1, 13, 59, 563 }, // U+025A
    { 10, 13, 191, 1, 13, 33, 622 }, // U+025B
    { 10, 13, 188, 1, 13, 33, 655 }, // U+025C
    { 16, 13, 263, 1, 13, 52, 688 }, // U+025D
    { 12, 13, 224, 1, 13, 39, 740 }, // U+025E
    { 12, 19, 161, -2, 13, 57, 779 }, // U+025F
    { 17, 26, 253, 1, 20, 111, 836 }, // U+0260
    { 12, 19, 220, 1, 13, 57, 947 }, // U+0261
    { 13, 13, 235, 1, 13, 43, 1004 }, // U+0262
    { 16, 19, 247, 0, 13, 76, 1047 }, // U+0263
    { 16, 13, 262, 0, 13, 52, 1123 }, // U+0264
    { 13, 19, 240, 1, 13, 62, 1175 }, // U+0265
    { 13, 20, 241, 1, 20, 65, 1237 }, // U+0266
    { 13, 26, 241, 1, 20, 85, 1302 }, // U+0267
    { 11, 20, 173, 0, 20, 55, 1387 }, // U+0268
    { 10, 13, 170, 1, 13, 33, 1442 }, // U+0269
    { 9, 13, 184, 1, 13, 30, 1475 }, // U+026A
    { 12, 20, 192, 0, 20, 60, 1505 }, // U+026B
    { 12, 20, 186, 0, 20, 60, 1565 }, // U+026C
    { 8, 26, 125, 1, 20, 52, 1625 }, // U+026D
    { 17, 26, 290, 1, 20, 111, 1677 }, // U+026E
    { 19, 13, 340, 1, 13, 62, 1788 }, // U+026F
    { 19, 19, 344, 1, 13, 91, 1850 }, // U+0270
    { 19, 19, 344, 1, 13, 91, 1941 }, // U+0271
    { 18, 19, 257, -3, 13, 86, 2032 }, // U+0272
    { 16, 19, 243, 1, 13, 76, 2118 }, // U+0273
    { 14, 13, 254, 1, 13, 46, 2194 }, // U+0274
    { 13, 13, 227, 1, 13, 43, 2240 }, // U+0275
    { 19, 13, 330, 1, 13, 62, 2283 }, // U+0276
    { 18, 13, 309, 1, 13, 59, 2345 }, // U+0277
    { 14, 24, 254, 1, 18, 84, 2404 }, // U+0278
    { 11, 13, 192, 0, 13, 36, 2488 }, // U+0279
    { 12, 20, 194, -1, 20, 60, 2524 }, // U+027A
    { 17, 19, 196, -1, 13, 81, 2584 }, // U+027B
    { 12, 19, 192, 1, 13, 57, 2665 }, // U+027C
    { 12, 19, 192, 1, 13, 57, 2722 }, // U+027D
    { 10, 13, 173, 1, 13, 33, 2779 }, // U+027E
    { 10, 19, 174, 0, 13, 48, 2812 }, // U+027F
    { 12, 13, 207, 1, 13, 39, 2860 }, // U+0280
    { 12, 13, 207, 1, 13, 39, 2899 }, // U+0281
    { 11, 19, 202, 1, 13, 53, 2938 }, // U+0282
    { 11, 26, 154, -1, 20, 72, 2991 }, // U+0283
    { 14, 26, 161, -2, 20, 91, 3063 }, // U+0284
    { 14, 19, 191, 0, 13, 67, 3154 }, // U+0285
    { 11, 27, 175, 0, 20, 75, 3221 }, // U+0286
    { 11, 17, 172, 0, 13, 47, 3296 }, // U+0287
    { 10, 23, 173, 0, 17, 58, 3343 }, // U+0288
    { 17, 13, 275, 0, 13, 56, 3401 }, // U+0289
    { 13, 13, 242, 1, 13, 43, 3457 }, // U+028A
    { 13, 13, 231, 1, 13, 43, 3500 }, // U+028B
    { 14, 13, 216, 0, 13, 46, 3543 }, // U+028C
    { 19, 13, 297, 0, 13, 62, 3589 }, // U+028D
    { 14, 18, 215, 0, 18, 63, 3651 }, // U+028E
    { 14, 13, 215, 0, 13, 46, 3714 }, // U+028F
    { 15, 19, 207, 1, 13, 72, 3760 }, // U+0290
    { 14, 16, 238, 1, 13, 56, 3832 }, // U+0291
    { 13, 19, 213, 0, 13, 62, 3888 }, // U+0292
    { 13, 22, 210, 0, 13, 72, 3950 }, // U+0293
    { 11, 18, 199, 1, 18, 50, 4022 }, // U+0294
    { 10, 18, 199, 1, 18, 45, 4072 }, // U+0295
    { 11, 18, 199, 1, 18, 50, 4117 }, // U+0296
    { 12, 19, 205, 1, 13, 57, 4167 }, // U+0297
    { 20, 18, 340, 1, 18, 90, 4224 }, // U+0298
    { 13, 13, 235, 1, 13, 43, 4314 }, // U+0299
    { 13, 13, 224, 0, 13, 43, 4357 }, // U+029A
    { 15, 17, 236, 1, 17, 64, 4400 }, // U+029B
    { 14, 13, 249, 1, 13, 46, 4464 }, // U+029C
    { 12, 27, 182, 0, 20, 81, 4510 }, // U+029D
    { 13, 19, 222, 0, 13, 62, 4591 }, // U+029E
    { 11, 13, 187, 1, 13, 36, 4653 }, // U+029F
    { 17, 26, 241, 1, 20, 111, 4689 }, // U+02A0
    { 11, 18, 199, 1, 18, 50, 4800 }, // U+02A1
    { 10, 18, 199, 1, 18, 45, 4850 }, // U+02A2
    { 23, 20, 397, 1, 20, 115, 4895 }, // U+02A3
    { 24, 26, 400, 1, 20, 156, 5010 }, // U+02A4
    { 26, 22, 440, 1, 20, 143, 5166 }, // U+02A5
    { 20, 17, 328, 0, 17, 85, 5309 }, // U+02A6
    { 17, 26, 258, 0, 20, 111, 5394 }, // U+02A7
    { 21, 20, 343, 0, 17, 105, 5505 }, // U+02A8
    { 23, 26, 392, 0, 20, 150, 5610 }, // U+02A9
    { 16, 20, 283, 1, 20, 80, 5760 }, // U+02AA
    { 15, 20, 272, 1, 20, 75, 5840 }, // U+02AB
    { 12, 18, 216, 1, 18, 54, 5915 }, // U+02AC
    { 16, 18, 280, 1, 18, 72, 5969 }, // U+02AD
    { 17, 19, 272, -1, 13, 81, 6041 }, // U+02AE
    { 21, 19, 292, -1, 13, 100, 6122 }, // U+02AF
    { 9, 12, 169, 1, 21, 27, 6222 }, // U+02B0
    { 9, 12, 169, 1, 21, 27, 6249 }, // U+02B1
    { 7, 16, 93, -2, 21, 28, 6276 }, // U+02B2
    { 9, 8, 135, 0, 17, 18, 6304 }, // U+02B3
    { 9, 8, 125, -1, 17, 18, 6322 }, // U+02B4
    { 12, 12, 128, -1, 17, 36, 6340 }, // U+02B5
    { 9, 8, 145, 1, 17, 18, 6376 }, // U+02B6
    { 14, 8, 215, 0, 17, 28, 6394 }, // U+02B7
    { 11, 12, 148, -1, 17, 33, 6422 }, // U+02B8
    { 7, 7, 107, 0, 18, 13, 6455 }, // U+02B9
    { 12, 5, 180, 0, 20, 15, 6468 }, // U+02BA
    { 5, 8, 100, 1, 20, 10, 6483 }, // U+02BB
    { 6, 8, 100, 0, 20, 12, 6493 }, // U+02BC
    { 6, 8, 100, 0, 20, 12, 6505 }, // U+02BD
    { 5, 10, 109, 1, 20, 13, 6517 }, // U+02BE
    { 5, 10, 109, 1, 20, 13, 6530 }, // U+02BF
    { 8, 12, 121, 0, 20, 24, 6543 }, // U+02C0
    { 8, 12, 121, 0, 20, 24, 6567 }, // U+02C1
    { 11, 9, 208, 1, 20, 25, 6591 }, // U+02C2
    { 11, 9, 208, 1, 20, 25, 6616 }, // U+02C3
    { 10, 9, 188, 1, 20, 23, 6641 }, // U+02C4
    { 10, 9, 188, 1, 20, 23, 6664 }, // U+02C5
    { 11, 5, 172, 0, 20, 14, 6687 }, // U+02C6
    { 11, 5, 172, 0, 20, 14, 6701 }, // U+02C7
    { 3, 9, 92, 1, 21, 7, 6715 }, // U+02C8
    { 11, 3, 178, 0, 18, 9, 6722 }, // U+02C9
    { 8, 5, 125, 0, 20, 10, 6731 }, // U+02CA
    { 8, 5, 123, -1, 20, 10, 6741 }, // U+02CB
    { 3, 9, 92, 1, 2, 7, 6751 }, // U+02CC
    { 11, 3, 162, 0, -2, 9, 6758 }, // U+02CD
    { 8, 5, 125, 0, -2, 10, 6767 }, // U+02CE
    { 8, 5, 125, 0, -1, 10, 6777 }, // U+02CF
    { 5, 13, 91, 0, 13, 17, 6787 }, // U+02D0
    { 5, 4, 91, 0, 13, 5, 6804 }, // U+02D1
    { 5, 10, 109, 1, 10, 13, 6809 }, // U+02D2
    { 5, 10, 109, 1, 10, 13, 6822 }, // U+02D3
    { 8, 6, 162, 1, 9, 12, 6835 }, // U+02D4
    { 8, 6, 162, 1, 9, 12, 6847 }, // U+02D5
    { 7, 6, 122, 0, 9, 11, 6859 }, // U+02D6
    { 10, 3, 175, 0, 10, 8, 6870 }, // U+02D7
    { 10, 5, 158, 0, 19, 13, 6878 }, // U+02D8
    { 5, 4, 68, 0, 19, 5, 6891 }, // U+02D9
    { 6, 6, 96, 0, 20, 9, 6896 }, // U+02DA
    { 6, 6, 95, 0, 1, 9, 6905 }, // U+02DB
    { 11, 4, 162, 0, 19, 11, 6914 }, // U+02DC
    { 12, 5, 180, 0, 20, 15, 6925 }, // U+02DD
    { 10, 6, 80, -4, 14, 15, 6940 }, // U+02DE
    { 10, 11, 163, 0, 20, 28, 6955 }, // U+02DF
    { 11, 12, 173, 0, 17, 33, 6983 }, // U+02E0
    { 4, 12, 86, 1, 21, 12, 7016 }, // U+02E1
    { 9, 8, 141, 0, 17, 18, 7028 }, // U+02E2
    { 10, 8, 162, 0, 17, 20, 7046 }, // U+02E3
    { 7, 8, 113, 0, 17, 14, 7066 }, // U+02E4
    { 10, 20, 187, 0, 20, 50, 7080 }, // U+02E5
    { 10, 20, 187, 0, 20, 50, 7130 }, // U+02E6
    { 10, 20, 187, 0, 20, 50, 7180 }, // U+02E7
    { 10, 20, 187, 0, 20, 50, 7230 }, // U+02E8
    { 10, 20, 187, 0, 20, 50, 7280 }, // U+02E9
    { 7, 7, 174, 1, 10, 13, 7330 }, // U+02EA
    { 7, 8, 139, 1, 11, 14, 7343 }, // U+02EB
    { 11, 5, 172, 0, -2, 14, 7357 }, // U+02EC
    { 10, 6, 156, 0, 16, 15, 7371 }, // U+02ED
    { 12, 8, 217, 1, 20, 24, 7386 }, // U+02EE
    { 6, 5, 101, 0, -2, 8, 7410 }, // U+02EF
    { 6, 5, 101, 0, -2, 8, 7418 }, // U+02F0
    { 7, 6, 113, 0, -1, 11, 7426 }, // U+02F1
    { 7, 6, 113, 0, -1, 11, 7437 }, // U+02F2
    { 7, 6, 113, 0, -1, 11, 7448 }, // U+02F3
    { 8, 5, 125, 0, 13, 10, 7459 }, // U+02F4
    { 12, 5, 184, 0, 13, 15, 7469 }, // U+02F5
    { 12, 5, 180, 0, 13, 15, 7484 }, // U+02F6
    { 11, 4, 162, 0, 0, 11, 7499 }, // U+02F7
    { 5, 12, 113, 1, 20, 15, 7510 }, // U+02F8
    { 8, 9, 123, 0, 18, 18, 7525 }, // U+02F9
    { 8, 9, 123, 0, 18, 18, 7543 }, // U+02FA
    { 8, 9, 123, 0, 4, 18, 7561 }, // U+02FB
    { 8, 9, 123, 0, 4, 18, 7579 }, // U+02FC
    { 14, 5, 228, 0, 0, 18, 7597 }, // U+02FD
    { 14, 5, 228, 0, 0, 18, 7615 }, // U+02FE
    { 14, 9, 222, 0, 1, 32, 7633 }, // U+02FF
    { 8, 5, 0, -13, 20, 10, 0 }, // U+0300
    { 9, 5, 0, -10, 20, 12, 10 }, // U+0301
    { 12, 5, 0, -13, 20, 15, 22 }, // U+0302
    { 12, 4, 0, -13, 19, 12, 37 }, // U+0303
    { 12, 3, 0, -13, 18, 9, 49 }, // U+0304
    { 20, 3, 0, -17, 21, 15, 58 }, // U+0305
    { 11, 5, 0, -13, 19, 14, 73 }, // U+0306
    { 5, 4, 0, -9, 19, 5, 87 }, // U+0307
    { 12, 4, 0, -13, 19, 12, 92 }, // U+0308
    { 7, 7, 0, -10, 21, 13, 104 }, // U+0309
    { 7, 6, 0, -11, 20, 11, 117 }, // U+030A
    { 12, 5, 0, -12, 20, 15, 128 }, // U+030B
    { 12, 5, 0, -13, 20, 15, 143 }, // U+030C
    { 2, 5, 0, -8, 20, 3, 158 }, // U+030D
    { 6, 5, 0, -10, 20, 8, 161 }, // U+030E
    { 12, 5, 0, -14, 20, 15, 169 }, // U+030F
    { 11, 7, 0, -13, 21, 20, 184 }, // U+0310
    { 11, 6, 0, -13, 20, 17, 204 }, // U+0311
    { 4, 7, 0, -9, 21, 7, 221 }, // U+0312
    { 4, 7, 0, -9, 20, 7, 228 }, // U+0313
    { 5, 7, 0, -10, 21, 9, 235 }, // U+0314
    { 4, 5, 59, 0, 20, 5, 244 }, // U+0315
    { 9, 5, 0, -12, -2, 12, 249 }, // U+0316
    { 9, 5, 0, -11, -1, 12, 261 }, // U+0317
    { 4, 5, 0, -9, -2, 5, 273 }, // U+0318
    { 4, 5, 0, -9, -2, 5, 278 }, // U+0319
    { 6, 6, 111, 0, 19, 9, 283 }, // U+031A
    { 7, 9, 64, -2, 17, 16, 292 }, // U+031B
    { 4, 6, 0, -9, -1, 6, 308 }, // U+031C
    { 6, 5, 0, -10, -2, 8, 314 }, // U+031D
    { 6, 4, 0, -10, -2, 6, 322 }, // U+031E
    { 6, 6, 0, -10, -1, 9, 328 }, // U+031F
    { 8, 2, 0, -11, -2, 4, 337 }, // U+0320
    { 6, 4, 0, -10, -2, 6, 341 }, // U+0323
    { 12, 4, 0, -13, -2, 12, 347 }, // U+0324
    { 7, 6, 0, -11, -1, 11, 359 }, // U+0325
    { 4, 7, 0, -9, -1, 7, 370 }, // U+0326
    { 7, 7, 0, -8, 1, 13, 377 }, // U+0327
    { 7, 6, 0, -10, 1, 11, 390 }, // U+0328
    { 2, 5, 0, -8, -2, 3, 401 }, // U+0329
    { 8, 4, 0, -11, -1, 8, 404 }, // U+032A
    { 10, 4, 0, -12, -1, 10, 412 }, // U+032B
    { 12, 5, 0, -13, -2, 15, 422 }, // U+032C
    { 12, 5, 0, -13, -2, 15, 437 }, // U+032D
    { 11, 5, 0, -13, -2, 14, 452 }, // U+032E
    { 11, 6, 0, -13, -1, 17, 466 }, // U+032F
    { 12, 4, 0, -13, -2, 12, 483 }, // U+0330
    { 11, 3, 0, -13, -2, 9, 495 }, // U+0331
    { 16, 3, 0, -15, -2, 12, 504 }, // U+0332
    { 18, 6, 0, -9, -2, 27, 516 }, // U+0333
    { 12, 4, 0, -13, 9, 12, 543 }, // U+0334
    { 10, 3, 0, -12, 8, 8, 555 }, // U+0335
    { 15, 3, 0, -15, 8, 12, 563 }, // U+0336
    { 11, 15, 0, -13, 14, 42, 575 }, // U+0337
    { 14, 23, 0, -13, 20, 81, 617 }, // U+0338
    { 3, 6, 0, -8, -1, 5, 698 }, // U+0339
    { 8, 4, 0, -11, -1, 8, 703 }, // U+033A
    { 8, 6, 0, -11, -1, 12, 711 }, // U+033B
    { 10, 4, 0, -12, -2, 10, 723 }, // U+033C
    { 6, 5, 0, -10, 19, 8, 733 }, // U+033D
    { 4, 7, 0, -9, 21, 7, 741 }, // U+033E
    { 20, 6, 0, -10, 21, 30, 748 }, // U+033F
    { 8, 4, 0, -11, 18, 8, 778 }, // U+0346
    { 12, 6, 0, -13, -2, 18, 786 }, // U+0347
    { 6, 5, 0, -10, -2, 8, 804 }, // U+0348
    { 6, 6, 0, -10, -1, 9, 812 }, // U+0349
    { 12, 8, 0, -13, 21, 24, 821 }, // U+034A
    { 12, 8, 0, -13, 22, 24, 845 }, // U+034B
    { 12, 9, 0, -13, 23, 27, 869 }, // U+034C
    { 10, 5, 0, -12, -1, 13, 896 }, // U+034D
    { 4, 5, 0, -9, -2, 5, 909 }, // U+034E
    { 0, 0, 0, 0, 0, 0, 914 }, // U+034F
    { 11, 9, 0, -13, 22, 25, 914 }, // U+0350
    { 4, 6, 0, -9, 20, 6, 939 }, // U+0351
    { 11, 7, 0, -13, 21, 20, 945 }, // U+0352
    { 6, 6, 0, -10, -1, 9, 965 }, // U+0353
    { 12, 10, 0, -13, 0, 30, 974 }, // U+0354
    { 11, 9, 0, -13, -1, 25, 1004 }, // U+0355
    { 21, 10, 0, -18, -1, 53, 1029 }, // U+0356
    { 3, 6, 0, -8, 20, 5, 1082 }, // U+0357
    { 5, 4, 71, 0, 19, 5, 1087 }, // U+0358
    { 8, 7, 0, -11, -1, 14, 1092 }, // U+0359
    { 12, 6, 0, -13, -1, 18, 1106 }, // U+035A
    { 6, 5, 0, -10, 19, 8, 1124 }, // U+035B
    { 24, 6, 0, -12, -3, 36, 1132 }, // U+035C
    { 24, 6, 0, -12, 23, 36, 1168 }, // U+035D
    { 20, 3, 0, -10, 18, 15, 1204 }, // U+035E
    { 20, 3, 0, -10, -2, 15, 1219 }, // U+035F
    { 28, 5, 0, -14, 26, 35, 1234 }, // U+0360
    { 26, 6, 0, -13, 25, 39, 1269 }, // U+0361
    { 24, 9, 0, -12, -3, 54, 1308 }, // U+0362
    { 10, 9, 0, -12, 24, 23, 1362 }, // U+0363
    { 9, 9, 0, -12, 24, 21, 1385 }, // U+0364
    { 4, 13, 0, -9, 28, 13, 1406 }, // U+0365
    { 10, 9, 0, -12, 24, 23, 1419 }, // U+0366
    { 10, 8, 0, -12, 23, 20, 1442 }, // U+0367
    { 9, 9, 0, -12, 24, 21, 1462 }, // U+0368
    { 10, 13, 0, -12, 28, 33, 1483 }, // U+0369
    { 10, 13, 0, -12, 28, 33, 1516 }, // U+036A
    { 14, 8, 0, -14, 23, 28, 1549 }, // U+036B
    { 8, 8, 0, -10, 23, 16, 1577 }, // U+036C
    { 8, 11, 0, -11, 27, 22, 1593 }, // U+036D
    { 10, 9, 0, -12, 24, 23, 1615 }, // U+036E
    { 10, 8, 0, -12, 23, 20, 1638 }, // U+036F
    { 13, 25, 237, 1, 25, 82, 0 }, // U+0400
    { 13, 24, 237, 1, 24, 78, 82 }, // U+0401
    { 20, 18, 323, 0, 18, 90, 160 }, // U+0402
    { 13, 25, 226, 1, 25, 82, 250 }, // U+0403
    { 15, 18, 266, 1, 18, 68, 332 }, // U+0404
    { 13, 18, 243, 1, 18, 59, 400 }, // U+0405
    { 10, 18, 204, 1, 18, 45, 459 }, // U+0406
    { 11, 24, 204, 1, 24, 66, 504 }, // U+0407
    { 11, 18, 201, 0, 18, 50, 570 }, // U+0408
    { 26, 18, 439, 0, 18, 117, 620 }, // U+0409
    { 24, 18, 413, 1, 18, 108, 737 }, // U+040A
    { 19, 18, 326, 0, 18, 86, 845 }, // U+040B
    { 16, 25, 292, 1, 25, 100, 931 }, // U+040C
    { 17, 25, 316, 1, 25, 107, 1031 }, // U+040D
    { 15, 25, 236, 0, 25, 94, 1138 }, // U+040E
    { 15, 24, 310, 2, 18, 90, 1232 }, // U+040F
    { 18, 18, 290, 0, 18, 81, 1322 }, // U+0410
    { 15, 18, 276, 1, 18, 68, 1403 }, // U+0411
    { 16, 18, 284, 1, 18, 72, 1471 }, // U+0412
    { 13, 18, 226, 1, 18, 59, 1543 }, // U+0413
    { 22, 24, 358, 0, 18, 132, 1602 }, // U+0414
    { 13, 18, 237, 1, 18, 59, 1734 }, // U+0415
    { 25, 18, 444, 1, 18, 113, 1793 }, // U+0416
    { 14, 18, 248, 1, 18, 63, 1906 }, // U+0417
    { 17, 18, 316, 1, 18, 77, 1969 }, // U+0418
    { 16, 25, 305, 1, 25, 100, 2046 }, // U+0419
    { 16, 18, 292, 1, 18, 72, 2146 }, // U+041A
    { 18, 18, 310, 0, 18, 81, 2218 }, // U+041B
    { 20, 18, 377, 1, 18, 90, 2299 }, // U+041C
    { 17, 18, 310, 1, 18, 77, 2389 }, // U+041D
    { 16, 18, 293, 1, 18, 72, 2466 }, // U+041E
    { 15, 18, 313, 2, 18, 68, 2538 }, // U+041F
    { 14, 18, 249, 1, 18, 63, 2606 }, // U+0420
    { 15, 18, 271, 1, 18, 68, 2669 }, // U+0421
    { 15, 18, 247, 0, 18, 68, 2737 }, // U+0422
    { 15, 18, 236, 0, 18, 68, 2805 }, // U+0423
    { 17, 20, 304, 1, 20, 85, 2873 }, // U+0424
    { 16, 18, 267, 0, 18, 72, 2958 }, // U+0425
    { 18, 24, 334, 2, 18, 108, 3030 }, // U+0426
    { 14, 18, 273, 1, 18, 63, 3138 }, // U+0427
    { 22, 18, 411, 2, 18, 99, 3201 }, // U+0428
    { 25, 24, 436, 2, 18, 150, 3300 }, // U+0429
    { 19, 18, 324, 0, 18, 86, 3450 }, // U+042A
    { 20, 18, 364, 1, 18, 90, 3536 }, // U+042B
    { 15, 18, 269, 1, 18, 68, 3626 }, // U+042C
    { 14, 18, 263, 1, 18, 63, 3694 }, // U+042D
    { 24, 18, 416, 1, 18, 108, 3757 }, // U+042E
    { 15, 18, 286, 1, 18, 68, 3865 }, // U+042F
    { 14, 13, 245, 1, 13, 46, 3933 }, // U+0430
    { 13, 20, 229, 1, 20, 65, 3979 }, // U+0431
    { 13, 13, 237, 1, 13, 43, 4044 }, // U+0432
    { 12, 13, 209, 1, 13, 39, 4087 }, // U+0433
    { 18, 19, 285, 0, 13, 86, 4126 }, // U+0434
    { 12, 13, 217, 1, 13, 39, 4212 }, // U+0435
    { 21, 13, 345, 0, 13, 69, 4251 }, // U+0436
    { 12, 13, 213, 1, 13, 39, 4320 }, // U+0437
    { 14, 13, 262, 1, 13, 46, 4359 }, // U+0438
    { 14, 18, 262, 1, 18, 63, 4405 }, // U+0439
    { 13, 13, 237, 1, 13, 43, 4468 }, // U+043A
    { 15, 13, 251, 0, 13, 49, 4511 }, // U+043B
    { 17, 13, 300, 1, 13, 56, 4560 }, // U+043C
    { 14, 13, 266, 1, 13, 46, 4616 }, // U+043D
    { 13, 13, 227, 1, 13, 43, 4662 }, // U+043E
    { 14, 13, 263, 1, 13, 46, 4705 }, // U+043F
    { 13, 19, 241, 1, 13, 62, 4751 }, // U+0440
    { 11, 13, 200, 1, 13, 36, 4813 }, // U+0441
    { 14, 13, 228, 0, 13, 46, 4849 }, // U+0442
    { 14, 19, 211, 0, 13, 67, 4895 }, // U+0443
    { 17, 25, 279, 0, 19, 107, 4962 }, // U+0444
    { 14, 13, 231, 0, 13, 46, 5069 }, // U+0445
    { 16, 19, 276, 1, 13, 76, 5115 }, // U+0446
    { 12, 13, 216, 0, 13, 39, 5191 }, // U+0447
    { 19, 13, 349, 1, 13, 62, 5230 }, // U+0448
    { 22, 19, 367, 1, 13, 105, 5292 }, // U+0449
    { 17, 13, 273, 0, 13, 56, 5397 }, // U+044A
    { 19, 13, 334, 1, 13, 62, 5453 }, // U+044B
    { 13, 13, 233, 1, 13, 43, 5515 }, // U+044C
    { 11, 13, 201, 1, 13, 36, 5558 }, // U+044D
    { 19, 13, 331, 1, 13, 62, 5594 }, // U+044E
    { 13, 13, 236, 0, 13, 43, 5656 }, // U+044F
    { 12, 20, 217, 1, 20, 60, 5699 }, // U+0450
    { 12, 19, 217, 1, 19, 57, 5759 }, // U+0451
    { 16, 26, 250, -1, 20, 104, 5816 }, // U+0452
    { 12, 20, 209, 1, 20, 60, 5920 }, // U+0453
    { 11, 13, 204, 1, 13, 36, 5980 }, // U+0454
    { 11, 13, 202, 1, 13, 36, 6016 }, // U+0455
    { 6, 20, 125, 1, 20, 30, 6052 }, // U+0456
    { 12, 19, 126, -2, 19, 57, 6082 }, // U+0457
    { 10, 26, 131, -3, 20, 65, 6139 }, // U+0458
    { 22, 13, 358, 0, 13, 72, 6204 }, // U+0459
    { 21, 13, 360, 1, 13, 69, 6276 }, // U+045A
    { 16, 20, 250, -1, 20, 80, 6345 }, // U+045B
    { 13, 20, 237, 1, 20, 65, 6425 }, // U+045C
    { 14, 20, 262, 1, 20, 70, 6490 }, // U+045D
    { 14, 24, 211, 0, 18, 84, 6560 }, // U+045E
    { 14, 19, 260, 1, 13, 67, 6644 }, // U+045F
    { 18, 20, 297, 0, 20, 90, 6711 }, // U+0462
    { 15, 19, 245, 0, 19, 72, 6801 }, // U+0463
    { 16, 18, 293, 1, 18, 72, 6873 }, // U+0472
    { 13, 13, 227, 1, 13, 43, 6945 }, // U+0473
    { 20, 18, 302, 0, 18, 90, 6988 }, // U+0474
    { 16, 13, 244, 0, 13, 52, 7078 }, // U+0475
    { 20, 31, 330, 1, 25, 155, 7130 }, // U+048A
    { 17, 24, 262, 1, 18, 102, 7285 }, // U+048B
    { 16, 21, 275, 0, 21, 84, 7387 }, // U+048C
    { 14, 15, 233, 0, 15, 53, 7471 }, // U+048D
    { 14, 18, 249, 1, 18, 63, 7524 }, // U+048E
    { 13, 19, 241, 1, 13, 62, 7587 }, // U+048F
    { 13, 23, 228, 1, 23, 75, 7649 }, // U+0490
    { 12, 17, 207, 1, 17, 51, 7724 }, // U+0491
    { 15, 18, 233, 0, 18, 68, 7775 }, // U+0492
    { 13, 13, 209, 0, 13, 43, 7843 }, // U+0493
    { 15, 24, 269, 1, 18, 90, 7886 }, // U+0494
    { 13, 19, 232, 1, 13, 62, 7976 }, // U+0495
    { 27, 24, 459, 1, 18, 162, 8038 }, // U+0496
    { 23, 18, 364, 0, 13, 104, 8200 }, // U+0497
    { 14, 23, 248, 1, 18, 81, 8304 }, // U+0498
    { 12, 18, 212, 1, 13, 54, 8385 }, // U+0499
    { 18, 24, 314, 1, 18, 108, 8439 }, // U+049A
    { 15, 18, 256, 1, 13, 68, 8547 }, // U+049B
    { 17, 18, 312, 1, 18, 77, 8615 }, // U+049C
    { 15, 13, 263, 1, 13, 49, 8692 }, // U+049D
    { 18, 18, 304, 0, 18, 81, 8741 }, // U+049E
    { 16, 20, 237, -1, 20, 80, 8822 }, // U+049F
    { 21, 18, 353, 0, 18, 95, 8902 }, // U+04A0
    { 17, 13, 276, 0, 13, 56, 8997 }, // U+04A1
    { 20, 24, 342, 1, 18, 120, 9053 }, // U+04A2
    { 17, 18, 284, 1, 13, 77, 9173 }, // U+04A3
    { 22, 18, 354, 1, 18, 99, 9250 }, // U+04A4
    { 18, 13, 307, 1, 13, 59, 9349 }, // U+04A5
    { 25, 24, 439, 2, 18, 150, 9408 }, // U+04A6
    { 22, 19, 377, 1, 13, 105, 9558 }, // U+04A7
    { 20, 18, 338, 1, 18, 90, 9663 }, // U+04A8
    { 15, 13, 252, 1, 13, 49, 9753 }, // U+04A9
    { 15, 23, 271, 1, 18, 87, 9802 }, // U+04AA
    { 11, 18, 200, 1, 13, 50, 9889 }, // U+04AB
    { 15, 24, 247, 0, 18, 90, 9939 }, // U+04AC
    { 14, 18, 228, 0, 13, 63, 10029 }, // U+04AD
    { 17, 18, 266, 0, 18, 77, 10092 }, // U+04AE
    { 14, 19, 229, 0, 13, 67, 10169 }, // U+04AF
    { 17, 18, 263, 0, 18, 77, 10236 }, // U+04B0
    { 14, 19, 229, 0, 13, 67, 10313 }, // U+04B1
    { 18, 24, 294, 0, 18, 108, 10380 }, // U+04B2
    { 15, 18, 240, 0, 13, 68, 10488 }, // U+04B3
    { 24, 24, 397, 0, 18, 144, 10556 }, // U+04B4
    { 21, 19, 339, 0, 13, 100, 10700 }, // U+04B5
    { 18, 24, 305, 1, 18, 108, 10800 }, // U+04B6
    { 15, 18, 235, 0, 13, 68, 10908 }, // U+04B7
    { 15, 18, 280, 1, 18, 68, 10976 }, // U+04B8
    { 13, 13, 231, 0, 13, 43, 11044 }, // U+04B9
    { 14, 18, 275, 2, 18, 63, 11087 }, // U+04BA
    { 13, 20, 241, 1, 20, 65, 11150 }, // U+04BB
    { 23, 18, 364, -1, 18, 104, 11215 }, // U+04BC
    { 17, 13, 267, -1, 13, 56, 11319 }, // U+04BD
    { 23, 24, 364, -1, 18, 138, 11375 }, // U+04BE
    { 17, 18, 267, -1, 13, 77, 11513 }, // U+04BF
    { 10, 18, 204, 1, 18, 45, 11590 }, // U+04C0
    { 25, 25, 444, 1, 25, 157, 11635 }, // U+04C1
    { 21, 18, 345, 0, 18, 95, 11792 }, // U+04C2
    { 16, 24, 281, 1, 18, 96, 11887 }, // U+04C3
    { 13, 19, 243, 1, 13, 62, 11983 }, // U+04C4
    { 21, 24, 339, 0, 18, 126, 12045 }, // U+04C5
    { 17, 19, 274, 0, 13, 81, 12171 }, // U+04C6
    { 17, 24, 310, 1, 18, 102, 12252 }, // U+04C7
    { 14, 19, 266, 1, 13, 67, 12354 }, // U+04C8
    { 19, 24, 331, 1, 18, 114, 12421 }, // U+04C9
    { 17, 19, 284, 1, 13, 81, 12535 }, // U+04CA
    { 14, 24, 273, 1, 18, 84, 12616 }, // U+04CB
    { 12, 18, 216, 0, 13, 54, 12700 }, // U+04CC
    { 23, 24, 396, 1, 18, 138, 12754 }, // U+04CD
    { 19, 19, 318, 1, 13, 91, 12892 }, // U+04CE
    { 8, 20, 166, 1, 20, 40, 12983 }, // U+04CF
    { 18, 25, 290, 0, 25, 113, 13023 }, // U+04D0
    { 14, 18, 245, 1, 18, 63, 13136 }, // U+04D1
    { 18, 24, 290, 0, 24, 108, 13199 }, // U+04D2
    { 14, 19, 245, 1, 19, 67, 13307 }, // U+04D3
    { 21, 18, 358, 0, 18, 95, 13374 }, // U+04D4
    { 20, 13, 347, 1, 13, 65, 13469 }, // U+04D5
    { 13, 25, 237, 1, 25, 82, 13534 }, // U+04D6
    { 12, 18, 217, 1, 18, 54, 13616 }, // U+04D7
    { 16, 18, 286, 1, 18, 72, 13670 }, // U+04D8
    { 12, 13, 212, 1, 13, 39, 13742 }, // U+04D9
    { 16, 24, 286, 1, 24, 96, 13781 }, // U+04DA
    { 12, 19, 212, 1, 19, 57, 13877 }, // U+04DB
    { 25, 24, 444, 1, 24, 150, 13934 }, // U+04DC
    { 21, 19, 345, 0, 19, 100, 14084 }, // U+04DD
    { 14, 24, 248, 1, 24, 84, 14184 }, // U+04DE
    { 12, 19, 213, 1, 19, 57, 14268 }, // U+04DF
    { 14, 18, 264, 1, 18, 63, 14325 }, // U+04E0
    { 13, 19, 213, 0, 13, 62, 14388 }, // U+04E1
    { 17, 23, 316, 1, 23, 98, 14450 }, // U+04E2
    { 14, 18, 262, 1, 18, 63, 14548 }, // U+04E3
    { 17, 24, 316, 1, 24, 102, 14611 }, // U+04E4
    { 14, 19, 262, 1, 19, 67, 14713 }, // U+04E5
    { 16, 24, 293, 1, 24, 96, 14780 }, // U+04E6
    { 13, 19, 227, 1, 19, 62, 14876 }, // U+04E7
    { 16, 18, 293, 1, 18, 72, 14938 }, // U+04E8
    { 13, 13, 227, 1, 13, 43, 15010 }, // U+04E9
    { 16, 24, 293, 1, 24, 96, 15053 }, // U+04EA
    { 13, 19, 227, 1, 19, 62, 15149 }, // U+04EB
    { 14, 24, 263, 1, 24, 84, 15211 }, // U+04EC
    { 12, 19, 201, 0, 19, 57, 15295 }, // U+04ED
    { 15, 23, 236, 0, 23, 87, 15352 }, // U+04EE
    { 14, 24, 211, 0, 18, 84, 15439 }, // U+04EF
    { 15, 24, 236, 0, 24, 90, 15523 }, // U+04F0
    { 14, 25, 211, 0, 19, 88, 15613 }, // U+04F1
    { 15, 25, 236, 0, 25, 94, 15701 }, // U+04F2
    { 14, 26, 211, 0, 20, 91, 15795 }, // U+04F3
    { 14, 24, 273, 1, 24, 84, 15886 }, // U+04F4
    { 12, 19, 216, 0, 19, 57, 15970 }, // U+04F5
    { 13, 24, 226, 1, 18, 78, 16027 }, // U+04F6
    { 12, 18, 209, 1, 13, 54, 16105 }, // U+04F7
    { 20, 24, 364, 1, 24, 120, 16159 }, // U+04F8
    { 19, 19, 334, 1, 19, 91, 16279 }, // U+04F9
    { 15, 24, 233, 0, 18, 90, 16370 }, // U+04FA
    { 13, 19, 209, 0, 13, 62, 16460 }, // U+04FB
    { 16, 24, 267, 0, 18, 96, 16522 }, // U+04FC
    { 14, 19, 229, 0, 13, 67, 16618 }, // U+04FD
    { 16, 18, 267, 0, 18, 72, 16685 }, // U+04FE
    { 14, 13, 231, 0, 13, 46, 16757 }, // U+04FF
    { 15, 13, 241, 0, 13, 49, 0 }, // U+1D00
    { 18, 13, 313, 0, 13, 59, 49 }, // U+1D01
    { 20, 13, 345, 1, 13, 65, 108 }, // U+1D02
    { 16, 13, 242, -1, 13, 52, 173 }, // U+1D03
    { 12, 13, 224, 1, 13, 39, 225 }, // U+1D04
    { 14, 13, 251, 1, 13, 46, 264 }, // U+1D05
    { 16, 13, 256, -1, 13, 52, 310 }, // U+1D06
    { 11, 13, 210, 1, 13, 36, 362 }, // U+1D07
    { 11, 13, 188, 0, 13, 36, 398 }, // U+1D08
    { 6, 20, 125, 1, 13, 30, 434 }, // U+1D09
    { 9, 13, 162, 0, 13, 30, 464 }, // U+1D0A
    { 13, 13, 235, 1, 13, 43, 494 }, // U+1D0B
    { 13, 13, 200, 0, 13, 43, 537 }, // U+1D0C
    { 17, 13, 301, 1, 13, 56, 580 }, // U+1D0D
    { 14, 13, 254, 1, 13, 46, 636 }, // U+1D0E
    { 14, 13, 246, 1, 13, 46, 682 }, // U+1D0F
    { 12, 13, 223, 1, 13, 39, 728 }, // U+1D10
    { 14, 13, 242, 1, 13, 46, 767 }, // U+1D11
    { 14, 12, 243, 1, 13, 42, 813 }, // U+1D12
    { 15, 13, 245, 0, 13, 49, 855 }, // U+1D13
    { 20, 13, 354, 1, 13, 65, 904 }, // U+1D14
    { 12, 13, 216, 1, 13, 39, 969 }, // U+1D15
    { 13, 7, 227, 1, 13, 23, 1008 }, // U+1D16
    { 13, 7, 227, 1, 7, 23, 1031 }, // U+1D17
    { 11, 13, 208, 1, 13, 36, 1054 }, // U+1D18
    { 12, 13, 210, 0, 13, 39, 1090 }, // U+1D19
    { 12, 13, 207, 0, 13, 39, 1129 }, // U+1D1A
    { 13, 13, 200, 0, 13, 43, 1168 }, // U+1D1B
    { 13, 13, 242, 1, 13, 43, 1211 }, // U+1D1C
    { 13, 15, 237, 1, 14, 49, 1254 }, // U+1D1D
    { 20, 15, 343, 1, 14, 75, 1303 }, // U+1D1E
    { 14, 19, 247, 1, 19, 67, 1378 }, // U+1D1F
    { 14, 13, 229, 0, 13, 46, 1445 }, // U+1D20
    { 21, 13, 335, 0, 13, 69, 1491 }, // U+1D21
    { 12, 13, 232, 1, 13, 39, 1560 }, // U+1D22
    { 12, 17, 219, 1, 13, 51, 1599 }, // U+1D23
    { 11, 18, 207, 1, 18, 50, 1650 }, // U+1D24
    { 16, 13, 258, 0, 13, 52, 1700 }, // U+1D25
    { 11, 13, 203, 1, 13, 36, 1752 }, // U+1D26
    { 14, 13, 229, 0, 13, 46, 1788 }, // U+1D27
    { 14, 13, 249, 1, 13, 46, 1834 }, // U+1D28
    { 11, 13, 208, 1, 13, 36, 1880 }, // U+1D29
    { 16, 13, 290, 1, 13, 52, 1916 }, // U+1D2A
    { 14, 13, 248, 0, 13, 46, 1968 }, // U+1D2B
    { 12, 11, 196, 0, 20, 33, 2014 }, // U+1D2C
    { 16, 11, 257, 0, 20, 44, 2047 }, // U+1D2D
    { 10, 11, 187, 1, 20, 28, 2091 }, // U+1D2E
    { 13, 11, 205, 0, 20, 36, 2119 }, // U+1D2F
    { 11, 11, 202, 1, 20, 31, 2155 }, // U+1D30
    { 9, 11, 166, 1, 20, 25, 2186 }, // U+1D31
    { 9, 11, 166, 1, 20, 25, 2211 }, // U+1D32
    { 12, 11, 200, 0, 20, 33, 2236 }, // U+1D33
    { 11, 11, 207, 1, 20, 31, 2269 }, // U+1D34
    { 7, 11, 143, 1, 20, 20, 2300 }, // U+1D35
    { 8, 11, 140, 0, 20, 22, 2320 }, // U+1D36
    { 11, 11, 195, 1, 20, 31, 2342 }, // U+1D37
    { 9, 11, 154, 1, 20, 25, 2373 }, // U+1D38
    { 14, 11, 254, 1, 20, 39, 2398 }, // U+1D39
    { 11, 11, 211, 1, 20, 31, 2437 }, // U+1D3A
    { 11, 12, 211, 1, 20, 33, 2468 }, // U+1D3B
    { 12, 11, 203, 0, 20, 33, 2501 }, // U+1D3C
    { 10, 11, 166, 0, 20, 28, 2534 }, // U+1D3D
    { 10, 11, 174, 1, 20, 28, 2562 }, // U+1D3E
    { 11, 11, 189, 1, 20, 31, 2590 }, // U+1D3F
    { 11, 11, 173, 0, 20, 31, 2621 }, // U+1D40
    { 11, 11, 204, 1, 20, 31, 2652 }, // U+1D41
    { 18, 11, 294, 0, 20, 50, 2683 }, // U+1D42
    { 11, 8, 171, 0, 17, 22, 2733 }, // U+1D43
    { 10, 8, 167, 0, 17, 20, 2755 }, // U+1D44
    { 11, 8, 171, 0, 17, 22, 2775 }, // U+1D45
    { 15, 8, 240, 0, 17, 30, 2797 }, // U+1D46
    { 9, 12, 165, 1, 21, 27, 2827 }, // U+1D47
    { 11, 12, 173, 0, 21, 33, 2854 }, // U+1D48
    { 9, 8, 153, 0, 17, 18, 2887 }, // U+1D49
    { 9, 8, 150, 0, 17, 18, 2905 }, // U+1D4A
    { 8, 8, 133, 0, 17, 16, 2923 }, // U+1D4B
    { 8, 8, 130, 0, 17, 16, 2939 }, // U+1D4C
    { 10, 12, 161, 0, 17, 30, 2955 }, // U+1D4D
    { 4, 12, 88, 1, 17, 12, 2985 }, // U+1D4E
    { 9, 12, 156, 1, 21, 27, 2997 }, // U+1D4F
    { 13, 8, 240, 1, 17, 26, 3024 }, // U+1D50
    { 10, 12, 170, 0, 17, 30, 3050 }, // U+1D51
    { 10, 8, 157, 0, 17, 20, 3080 }, // U+1D52
    { 8, 8, 136, 0, 17, 16, 3100 }, // U+1D53
    { 10, 5, 157, 0, 17, 13, 3116 }, // U+1D54
    { 10, 5, 157, 0, 14, 13, 3129 }, // U+1D55
    { 10, 12, 168, 0, 17, 30, 3142 }, // U+1D56
    { 7, 11, 118, 0, 20, 20, 3172 }, // U+1D57
    { 9, 8, 170, 1, 17, 18, 3192 }, // U+1D58
    { 10, 10, 166, 0, 18, 25, 3210 }, // U+1D59
    { 13, 8, 239, 1, 17, 26, 3235 }, // U+1D5A
    { 10, 8, 151, 0, 17, 20, 3261 }, // U+1D5B
    { 12, 8, 179, 0, 17, 24, 3281 }, // U+1D5C
    { 9, 16, 169, 1, 21, 36, 3305 }, // U+1D5D
    { 10, 12, 153, 0, 17, 30, 3341 }, // U+1D5E
    { 10, 12, 159, 0, 21, 30, 3371 }, // U+1D5F
    { 13, 12, 211, 0, 17, 39, 3401 }, // U+1D60
    { 11, 12, 167, 0, 17, 33, 3440 }, // U+1D61
    { 4, 14, 87, 1, 10, 14, 3473 }, // U+1D62
    { 9, 9, 135, 0, 5, 21, 3487 }, // U+1D63
    { 9, 9, 170, 1, 5, 21, 3508 }, // U+1D64
    { 10, 9, 151, 0, 5, 23, 3529 }, // U+1D65
    { 9, 18, 169, 1, 10, 41, 3552 }, // U+1D66
    { 10, 13, 154, 0, 5, 33, 3593 }, // U+1D67
    { 9, 13, 163, 1, 5, 30, 3626 }, // U+1D68
    { 13, 13, 211, 0, 5, 43, 3656 }, // U+1D69
    { 11, 13, 167, 0, 5, 36, 3699 }, // U+1D6A
    { 21, 13, 359, 1, 13, 69, 3735 }, // U+1D6B
    { 16, 20, 268, 0, 20, 80, 3804 }, // U+1D6C
    { 17, 20, 281, 1, 20, 85, 3884 }, // U+1D6D
    { 12, 20, 172, 0, 20, 60, 3969 }, // U+1D6E
    { 25, 13, 396, 0, 13, 82, 4029 }, // U+1D6F
    { 19, 13, 301, 0, 13, 62, 4111 }, // U+1D70
    { 16, 19, 271, 0, 13, 76, 4173 }, // U+1D71
    { 15, 13, 229, -1, 13, 49, 4249 }, // U+1D72
    { 13, 13, 220, 0, 13, 43, 4298 }, // U+1D73
    { 16, 13, 256, 0, 13, 52, 4341 }, // U+1D74
    { 12, 17, 197, 0, 17, 51, 4393 }, // U+1D75
    { 13, 13, 207, 0, 13, 43, 4444 }, // U+1D76
    { 13, 18, 231, 1, 18, 59, 4487 }, // U+1D77
    { 10, 8, 186, 1, 17, 20, 4546 }, // U+1D78
    { 14, 19, 225, 0, 13, 67, 4566 }, // U+1D79
    { 25, 21, 409, 0, 20, 132, 4633 }, // U+1D7A
    { 10, 13, 190, 1, 13, 33, 4765 }, // U+1D7B
    { 12, 13, 188, 0, 13, 39, 4798 }, // U+1D7C
    { 16, 19, 257, 0, 13, 76, 4837 }, // U+1D7D
    { 17, 13, 280, 0, 13, 56, 4913 }, // U+1D7E
    { 17, 13, 269, 0, 13, 56, 4969 }, // U+1D7F
    { 13, 26, 237, 1, 20, 85, 5025 }, // U+1D80
    { 15, 26, 247, 1, 20, 98, 5110 }, // U+1D81
    { 11, 26, 156, 0, 20, 72, 5208 }, // U+1D82
    { 19, 19, 317, 1, 13, 91, 5280 }, // U+1D83
    { 13, 26, 222, 1, 20, 85, 5371 }, // U+1D84
    { 7, 26, 125, 1, 20, 46, 5456 }, // U+1D85
    { 21, 19, 344, 1, 13, 100, 5502 }, // U+1D86
    { 15, 19, 243, 1, 13, 72, 5602 }, // U+1D87
    { 13, 19, 241, 1, 13, 62, 5674 }, // U+1D88
    { 12, 19, 194, 1, 13, 57, 5736 }, // U+1D89
    { 11, 19, 202, 1, 13, 53, 5793 }, // U+1D8A
    { 16, 26, 244, -1, 20, 104, 5846 }, // U+1D8B
    { 14, 19, 216, 0, 13, 67, 5950 }, // U+1D8C
    { 14, 19, 231, 0, 13, 67, 6017 }, // U+1D8D
    { 11, 19, 207, 1, 13, 53, 6084 }, // U+1D8E
    { 18, 19, 235, 1, 13, 86, 6137 }, // U+1D8F
    { 18, 19, 245, 1, 13, 86, 6223 }, // U+1D90
    { 17, 26, 266, 1, 20, 111, 6309 }, // U+1D91
    { 15, 19, 217, 1, 13, 72, 6420 }, // U+1D92
    { 15, 19, 188, 0, 13, 72, 6492 }, // U+1D93
    { 10, 19, 188, 1, 13, 48, 6564 }, // U+1D94
    { 19, 19, 276, 1, 13, 91, 6612 }, // U+1D95
    { 10, 26, 125, 1, 20, 65, 6703 }, // U+1D96
    { 11, 19, 196, 1, 13, 53, 6768 }, // U+1D97
    { 11, 30, 154, -1, 20, 83, 6821 }, // U+1D98
    { 18, 19, 243, 1, 13, 86, 6904 }, // U+1D99
    { 13, 23, 213, 0, 13, 75, 6990 }, // U+1D9A
    { 11, 8, 171, 0, 17, 22, 7065 }, // U+1D9B
    { 8, 8, 139, 0, 17, 16, 7087 }, // U+1D9C
    { 9, 10, 146, 0, 17, 23, 7103 }, // U+1D9D
    { 10, 14, 158, 0, 23, 35, 7126 }, // U+1D9E
    { 8, 8, 130, 0, 17, 16, 7161 }, // U+1D9F
    { 8, 12, 110, 0, 21, 24, 7177 }, // U+1DA0
    { 8, 12, 113, -1, 17, 24, 7201 }, // U+1DA1
    { 10, 12, 161, 0, 17, 30, 7225 }, // U+1DA2
    { 9, 12, 168, 1, 17, 27, 7255 }, // U+1DA3
    { 8, 12, 124, 0, 21, 24, 7282 }, // U+1DA4
    { 7, 8, 119, 1, 17, 14, 7306 }, // U+1DA5
    { 7, 8, 129, 1, 17, 14, 7320 }, // U+1DA6
    { 7, 8, 137, 1, 17, 14, 7334 }, // U+1DA7
    { 9, 17, 126, 0, 21, 39, 7348 }, // U+1DA8
    { 6, 16, 90, 1, 21, 24, 7387 }, // U+1DA9
    { 5, 16, 90, 1, 21, 20, 7411 }, // U+1DAA
    { 7, 8, 130, 1, 17, 14, 7431 }, // U+1DAB
    { 13, 12, 240, 1, 17, 39, 7445 }, // U+1DAC
    { 13, 12, 235, 1, 17, 39, 7484 }, // U+1DAD
    { 13, 12, 180, -2, 17, 39, 7523 }, // U+1DAE
    { 12, 12, 172, 0, 17, 36, 7562 }, // U+1DAF
    { 10, 8, 178, 1, 17, 20, 7598 }, // U+1DB0
    { 10, 8, 157, 0, 17, 20, 7618 }, // U+1DB1
    { 11, 15, 178, 0, 20, 42, 7638 }, // U+1DB2
    { 8, 12, 141, 1, 17, 24, 7680 }, // U+1DB3
    { 8, 16, 108, -1, 21, 32, 7704 }, // U+1DB4
    { 8, 15, 121, 0, 20, 30, 7736 }, // U+1DB5
    { 12, 8, 193, 0, 17, 24, 7766 }, // U+1DB6
    { 10, 8, 172, 0, 17, 20, 7790 }, // U+1DB7
    { 9, 8, 169, 1, 17, 18, 7810 }, // U+1DB8
    { 9, 8, 162, 1, 17, 18, 7828 }, // U+1DB9
    { 10, 8, 151, 0, 17, 20, 7846 }, // U+1DBA
    { 9, 8, 145, 0, 17, 18, 7866 }, // U+1DBB
    { 11, 12, 150, 0, 17, 33, 7884 }, // U+1DBC
    { 11, 10, 165, 0, 17, 28, 7917 }, // U+1DBD
    { 9, 12, 149, 0, 17, 27, 7945 }, // U+1DBE
    { 10, 12, 160, 0, 21, 30, 7972 }, // U+1DBF
    { 18, 24, 290, 0, 18, 108, 0 }, // U+1EA0
    { 14, 19, 245, 1, 13, 67, 108 }, // U+1EA1
    { 18, 26, 290, 0, 26, 117, 175 }, // U+1EA2
    { 14, 21, 245, 1, 21, 74, 292 }, // U+1EA3
    { 18, 32, 290, 0, 32, 144, 366 }, // U+1EA4
    { 14, 27, 245, 1, 27, 95, 510 }, // U+1EA5
    { 18, 32, 290, 0, 32, 144, 605 }, // U+1EA6
    { 14, 27, 245, 1, 27, 95, 749 }, // U+1EA7
    { 18, 33, 290, 0, 33, 149, 844 }, // U+1EA8
    { 14, 28, 245, 1, 28, 98, 993 }, // U+1EA9
    { 18, 31, 290, 0, 31, 140, 1091 }, // U+1EAA
    { 14, 26, 245, 1, 26, 91, 1231 }, // U+1EAB
    { 18, 31, 290, 0, 25, 140, 1322 }, // U+1EAC
    { 14, 26, 245, 1, 20, 91, 1462 }, // U+1EAD
    { 18, 32, 290, 0, 32, 144, 1553 }, // U+1EAE
    { 14, 27, 245, 1, 27, 95, 1697 }, // U+1EAF
    { 18, 32, 290, 0, 32, 144, 1792 }, // U+1EB0
    { 14, 27, 245, 1, 27, 95, 1936 }, // U+1EB1
    { 18, 33, 290, 0, 33, 149, 2031 }, // U+1EB2
    { 14, 28, 245, 1, 28, 98, 2180 }, // U+1EB3
    { 18, 31, 290, 0, 31, 140, 2278 }, // U+1EB4
    { 14, 26, 245, 1, 26, 91, 2418 }, // U+1EB5
    { 18, 30, 290, 0, 24, 135, 2509 }, // U+1EB6
    { 14, 25, 245, 1, 19, 88, 2644 }, // U+1EB7
    { 13, 24, 237, 1, 18, 78, 2732 }, // U+1EB8
    { 12, 19, 217, 1, 13, 57, 2810 }, // U+1EB9
    { 13, 26, 237, 1, 26, 85, 2867 }, // U+1EBA
    { 12, 21, 217, 1, 21, 63, 2952 }, // U+1EBB
    { 13, 24, 237, 1, 24, 78, 3015 }, // U+1EBC
    { 12, 19, 217, 1, 19, 57, 3093 }, // U+1EBD
    { 13, 32, 237, 1, 32, 104, 3150 }, // U+1EBE
    { 12, 27, 217, 1, 27, 81, 3254 }, // U+1EBF
    { 13, 32, 237, 1, 32, 104, 3335 }, // U+1EC0
    { 12, 27, 217, 1, 27, 81, 3439 }, // U+1EC1
    { 13, 33, 237, 1, 33, 108, 3520 }, // U+1EC2
    { 12, 28, 217, 1, 28, 84, 3628 }, // U+1EC3
    { 13, 31, 237, 1, 31, 101, 3712 }, // U+1EC4
    { 12, 26, 217, 1, 26, 78, 3813 }, // U+1EC5
    { 13, 31, 237, 1, 25, 101, 3891 }, // U+1EC6
    { 12, 26, 217, 1, 20, 78, 3992 }, // U+1EC7
    { 10, 26, 204, 1, 26, 65, 4070 }, // U+1EC8
    { 6, 21, 126, 1, 21, 32, 4135 }, // U+1EC9
    { 10, 24, 204, 1, 18, 60, 4167 }, // U+1ECA
    { 6, 26, 125, 1, 20, 39, 4227 }, // U+1ECB
    { 16, 24, 293, 1, 18, 96, 4266 }, // U+1ECC
    { 13, 19, 227, 1, 13, 62, 4362 }, // U+1ECD
    { 16, 26, 293, 1, 26, 104, 4424 }, // U+1ECE
    { 13, 21, 227, 1, 21, 69, 4528 }, // U+1ECF
    { 16, 32, 293, 1, 32, 128, 4597 }, // U+1ED0
    { 13, 27, 227, 1, 27, 88, 4725 }, // U+1ED1
    { 16, 32, 293, 1, 32, 128, 4813 }, // U+1ED2
    { 13, 27, 227, 1, 27, 88, 4941 }, // U+1ED3
    { 16, 33, 293, 1, 33, 132, 5029 }, // U+1ED4
    { 13, 28, 227, 1, 28, 91, 5161 }, // U+1ED5
    { 16, 31, 293, 1, 31, 124, 5252 }, // U+1ED6
    { 13, 26, 227, 1, 26, 85, 5376 }, // U+1ED7
    { 16, 31, 293, 1, 25, 124, 5461 }, // U+1ED8
    { 13, 26, 227, 1, 20, 85, 5585 }, // U+1ED9
    { 19, 25, 328, 1, 25, 119, 5670 }, // U+1EDA
    { 16, 20, 268, 1, 20, 80, 5789 }, // U+1EDB
    { 19, 25, 328, 1, 25, 119, 5869 }, // U+1EDC
    { 16, 20, 268, 1, 20, 80, 5988 }, // U+1EDD
    { 19, 26, 328, 1, 26, 124, 6068 }, // U+1EDE
    { 16, 21, 268, 1, 21, 84, 6192 }, // U+1EDF
    { 19, 24, 328, 1, 24, 114, 6276 }, // U+1EE0
    { 16, 19, 268, 1, 19, 76, 6390 }, // U+1EE1
    { 19, 29, 328, 1, 23, 138, 6466 }, // U+1EE2
    { 16, 23, 268, 1, 17, 92, 6604 }, // U+1EE3
    { 16, 24, 291, 1, 18, 96, 6696 }, // U+1EE4
    { 14, 19, 243, 1, 13, 67, 6792 }, // U+1EE5
    { 16, 26, 291, 1, 26, 104, 6859 }, // U+1EE6
    { 14, 21, 243, 1, 21, 74, 6963 }, // U+1EE7
    { 20, 25, 328, 1, 25, 125, 7037 }, // U+1EE8
    { 18, 20, 308, 1, 20, 90, 7162 }, // U+1EE9
    { 20, 25, 328, 1, 25, 125, 7252 }, // U+1EEA
    { 18, 20, 308, 1, 20, 90, 7377 }, // U+1EEB
    { 20, 26, 328, 1, 26, 130, 7467 }, // U+1EEC
    { 18, 21, 308, 1, 21, 95, 7597 }, // U+1EED
    { 20, 24, 328, 1, 24, 120, 7692 }, // U+1EEE
    { 18, 19, 308, 1, 19, 86, 7812 }, // U+1EEF
    { 20, 29, 328, 1, 23, 145, 7898 }, // U+1EF0
    { 18, 23, 308, 1, 17, 104, 8043 }, // U+1EF1
    { 17, 25, 266, 0, 25, 107, 8147 }, // U+1EF2
    { 15, 26, 215, -1, 20, 98, 8254 }, // U+1EF3
    { 17, 24, 266, 0, 18, 102, 8352 }, // U+1EF4
    { 15, 19, 215, -1, 13, 72, 8454 }, // U+1EF5
    { 17, 26, 266, 0, 26, 111, 8526 }, // U+1EF6
    { 15, 27, 215, -1, 21, 102, 8637 }, // U+1EF7
    { 17, 24, 266, 0, 24, 102, 8739 }, // U+1EF8
    { 15, 25, 215, -1, 19, 94, 8841 }, // U+1EF9
    { 0, 0, 200, 0, 0, 0, 0 }, // U+2000
    { 0, 0, 400, 0, 0, 0, 0 }, // U+2001
    { 0, 0, 200, 0, 0, 0, 0 }, // U+2002
    { 0, 0, 400, 0, 0, 0, 0 }, // U+2003
    { 0, 0, 133, 0, 0, 0, 0 }, // U+2004
    { 0, 0, 100, 0, 0, 0, 0 }, // U+2005
    { 0, 0, 67, 0, 0, 0, 0 }, // U+2006
    { 0, 0, 242, 0, 0, 0, 0 }, // U+2007
    { 0, 0, 139, 0, 0, 0, 0 }, // U+2008
    { 0, 0, 80, 0, 0, 0, 0 }, // U+2009
    { 0, 0, 40, 0, 0, 0, 0 }, // U+200A
    { 0, 0, 0, 0, 0, 0, 0 }, // U+200B
    { 0, 0, 0, 0, 0, 0, 0 }, // U+200C
    { 0, 0, 0, 0, 0, 0, 0 }, // U+200D
    { 0, 0, 0, 0, 0, 0, 0 }, // U+200E
    { 0, 0, 0, 0, 0, 0, 0 }, // U+200F
    { 10, 3, 172, 0, 10, 8, 0 }, // U+2010
    { 10, 3, 175, 0, 10, 8, 8 }, // U+2011
    { 14, 3, 234, 0, 10, 11, 16 }, // U+2012
    { 12, 3, 216, 1, 10, 9, 27 }, // U+2013
    { 20, 3, 349, 1, 10, 15, 36 }, // U+2014
    { 24, 3, 391, 0, 10, 18, 51 }, // U+2015
    { 9, 27, 229, 3, 20, 61, 69 }, // U+2016
    { 19, 6, 299, 0, -2, 29, 130 }, // U+2017
    { 6, 9, 149, 2, 21, 14, 159 }, // U+2018
    { 5, 9, 151, 3, 21, 12, 173 }, // U+2019
    { 5, 9, 154, 3, 5, 12, 185 }, // U+201A
    { 6, 8, 119, 1, 20, 12, 197 }, // U+201B
    { 12, 9, 257, 2, 21, 27, 209 }, // U+201C
    { 12, 9, 248, 3, 21, 27, 236 }, // U+201D
    { 12, 9, 261, 2, 5, 27, 263 }, // U+201E
    { 12, 8, 217, 1, 20, 24, 290 }, // U+201F
    { 13, 22, 200, 0, 19, 72, 314 }, // U+2020
    { 13, 22, 200, 0, 19, 72, 386 }, // U+2021
    { 7, 7, 184, 2, 13, 13, 458 }, // U+2022
    { 10, 11, 192, 1, 12, 28, 471 }, // U+2023
    { 5, 4, 133, 2, 4, 5, 499 }, // U+2024
    { 13, 4, 267, 2, 4, 13, 504 }, // U+2025
    { 18, 4, 324, 1, 4, 18, 517 }, // U+2026
    { 5, 4, 146, 2, 11, 5, 535 }, // U+2027
    { 0, 0, 0, 0, 0, 0, 540 }, // U+2028
    { 0, 0, 0, 0, 0, 0, 540 }, // U+2029
    { 0, 0, 0, 0, 0, 0, 540 }, // U+202A
    { 0, 0, 0, 0, 0, 0, 540 }, // U+202B
    { 0, 0, 0, 0, 0, 0, 540 }, // U+202C
    { 0, 0, 0, 0, 0, 0, 540 }, // U+202D
    { 0, 0, 0, 0, 0, 0, 540 }, // U+202E
    { 0, 0, 80, 0, 0, 0, 540 }, // U+202F
    { 28, 18, 466, 1, 18, 126, 540 }, // U+2030
    { 7, 7, 107, 0, 18, 13, 666 }, // U+2032
    { 13, 7, 193, 0, 18, 23, 679 }, // U+2033
    { 18, 7, 279, 0, 18, 32, 702 }, // U+2034
    { 7, 7, 107, 0, 18, 13, 734 }, // U+2035
    { 13, 7, 193, 0, 18, 23, 747 }, // U+2036
    { 18, 7, 279, 0, 18, 32, 770 }, // U+2037
    { 7, 4, 107, 0, 1, 7, 802 }, // U+2038
    { 10, 13, 156, 0, 13, 33, 809 }, // U+2039
    { 9, 13, 156, 0, 13, 30, 842 }, // U+203A
    { 16, 18, 321, 2, 17, 72, 872 }, // U+203B
    { 12, 19, 267, 2, 19, 57, 944 }, // U+203C
    { 9, 4, 137, 0, -2, 9, 1001 }, // U+203F
    { 9, 4, 137, 0, 18, 9, 1010 }, // U+2040
    { 11, 18, 163, -1, 13, 50, 1019 }, // U+2041
    { 16, 23, 250, 0, 20, 92, 1069 }, // U+2044
    { 13, 6, 242, 1, 11, 20, 1161 }, // U+2053
    { 23, 7, 365, 0, 18, 41, 1181 }, // U+2057
    { 0, 0, 0, 0, 0, 0, 1222 }, // U+2060
    { 0, 0, 0, 0, 0, 0, 1222 }, // U+2061
    { 0, 0, 0, 0, 0, 0, 1222 }, // U+2062
    { 0, 0, 0, 0, 0, 0, 1222 }, // U+2063
    { 0, 0, 0, 0, 0, 0, 1222 }, // U+206A
    { 0, 0, 0, 0, 0, 0, 1222 }, // U+206B
    { 0, 0, 0, 0, 0, 0, 1222 }, // U+206C
    { 0, 0, 0, 0, 0, 0, 1222 }, // U+206D
    { 0, 0, 0, 0, 0, 0, 1222 }, // U+206E
    { 0, 0, 0, 0, 0, 0, 1222 }, // U+206F
    { 10, 11, 164, 0, 20, 28, 0 }, // U+2070
    { 4, 12, 87, 1, 21, 12, 28 }, // U+2071
    { 10, 11, 164, 0, 20, 28, 40 }, // U+2074
    { 10, 11, 164, 0, 20, 28, 68 }, // U+2075
    { 10, 11, 164, 0, 20, 28, 96 }, // U+2076
    { 10, 11, 164, 0, 20, 28, 124 }, // U+2077
    { 10, 11, 164, 0, 20, 28, 152 }, // U+2078
    { 10, 11, 164, 0, 20, 28, 180 }, // U+2079
    { 8, 8, 164, 1, 19, 16, 208 }, // U+207A
    { 8, 2, 118, 0, 16, 4, 224 }, // U+207B
    { 9, 5, 164, 1, 17, 12, 228 }, // U+207C
    { 5, 17, 109, 1, 22, 22, 240 }, // U+207D
    { 6, 17, 109, 1, 22, 26, 262 }, // U+207E
    { 10, 8, 170, 0, 17, 20, 288 }, // U+207F
    { 10, 13, 164, 0, 9, 33, 308 }, // U+2080
    { 9, 13, 164, 1, 9, 30, 341 }, // U+2081
    { 10, 13, 164, 0, 9, 33, 371 }, // U+2082
    { 10, 13, 164, 0, 9, 33, 404 }, // U+2083
    { 10, 13, 164, 0, 9, 33, 437 }, // U+2084
    { 10, 13, 164, 0, 9, 33, 470 }, // U+2085
    { 10, 13, 164, 0, 9, 33, 503 }, // U+2086
    { 10, 13, 164, 0, 9, 33, 536 }, // U+2087
    { 10, 13, 164, 0, 9, 33, 569 }, // U+2088
    { 10, 13, 164, 0, 9, 33, 602 }, // U+2089
    { 8, 8, 164, 1, 6, 16, 635 }, // U+208A
    { 8, 2, 118, 0, 3, 4, 651 }, // U+208B
    { 9, 5, 164, 1, 5, 12, 655 }, // U+208C
    { 5, 17, 109, 1, 10, 22, 667 }, // U+208D
    { 6, 17, 109, 1, 10, 26, 689 }, // U+208E
    { 11, 9, 171, 0, 5, 25, 715 }, // U+2090
    { 9, 9, 153, 0, 5, 21, 740 }, // U+2091
    { 9, 9, 158, 1, 5, 21, 761 }, // U+2092
    { 10, 9, 162, 0, 5, 23, 782 }, // U+2093
    { 9, 9, 150, 0, 5, 21, 805 }, // U+2094
    { 9, 14, 169, 1, 10, 32, 826 }, // U+2095
    { 9, 14, 155, 1, 10, 32, 858 }, // U+2096
    { 4, 14, 88, 1, 10, 14, 890 }, // U+2097
    { 13, 9, 241, 1, 5, 30, 904 }, // U+2098
    { 10, 9, 170, 0, 5, 23, 934 }, // U+2099
    { 10, 13, 169, 0, 5, 33, 957 }, // U+209A
    { 9, 9, 141, 0, 5, 21, 990 }, // U+209B
    { 8, 12, 121, 0, 8, 24, 1011 }, // U+209C
    { 15, 18, 242, 0, 18, 68, 0 }, // U+20A0
    { 14, 22, 242, 1, 20, 77, 68 }, // U+20A1
    { 14, 18, 242, 1, 18, 63, 145 }, // U+20A2
    { 14, 18, 242, 0, 18, 63, 208 }, // U+20A3
    { 13, 18, 242, 1, 18, 59, 271 }, // U+20A4
    { 15, 19, 242, 0, 16, 72, 330 }, // U+20A5
    { 15, 18, 242, 0, 18, 68, 402 }, // U+20A6
    { 31, 18, 517, 1, 18, 140, 470 }, // U+20A7
    { 24, 18, 405, 1, 18, 108, 610 }, // U+20A8
    { 15, 18, 242, 0, 18, 68, 718 }, // U+20A9
    { 15, 13, 242, 0, 13, 49, 786 }, // U+20AA
    { 14, 25, 242, 1, 20, 88, 835 }, // U+20AB
    { 15, 18, 242, 0, 18, 68, 923 }, // U+20AC
    { 16, 18, 242, 0, 18, 72, 991 }, // U+20AD
    { 15, 18, 242, 0, 18, 68, 1063 }, // U+20AE
    { 25, 27, 402, 0, 21, 169, 1131 }, // U+20AF
    { 10, 18, 185, 0, 18, 45, 1300 }, // U+20B0
    { 15, 18, 242, 0, 18, 68, 1345 }, // U+20B1
    { 14, 24, 242, 1, 21, 84, 1413 }, // U+20B2
    { 15, 18, 242, 0, 18, 68, 1497 }, // U+20B3
    { 15, 18, 242, 0, 18, 68, 1565 }, // U+20B4
    { 14, 24, 242, 1, 21, 84, 1633 }, // U+20B5
    { 14, 18, 234, 1, 18, 63, 1717 }, // U+20B6
    { 14, 18, 242, 0, 18, 63, 1780 }, // U+20B7
    { 15, 18, 242, 0, 18, 68, 1843 }, // U+20B8
    { 12, 18, 242, 2, 18, 54, 1911 }, // U+20B9
    { 15, 18, 242, 0, 18, 68, 1965 }, // U+20BA
    { 20, 23, 306, -1, 23, 115, 2033 }, // U+20BB
    { 23, 21, 370, 0, 21, 121, 2148 }, // U+20BC
    { 15, 18, 242, 0, 18, 68, 2269 }, // U+20BD
    { 14, 20, 242, 0, 20, 70, 2337 }, // U+20BE
    { 13, 22, 242, 1, 20, 72, 2407 }, // U+20BF
    { 23, 9, 400, 1, 13, 52, 0 }, // U+2190
    { 9, 22, 199, 2, 18, 50, 52 }, // U+2191
    { 23, 9, 400, 1, 13, 52, 102 }, // U+2192
    { 9, 22, 199, 2, 18, 50, 154 }, // U+2193
    { 23, 9, 400, 1, 13, 52, 204 }, // U+2194
    { 9, 22, 199, 2, 18, 50, 256 }, // U+2195
    { 17, 17, 394, 4, 16, 73, 306 }, // U+2196
    { 17, 17, 394, 4, 16, 73, 379 }, // U+2197
    { 17, 17, 394, 4, 16, 73, 452 }, // U+2198
    { 17, 17, 394, 4, 16, 73, 525 }, // U+2199
    { 23, 11, 400, 1, 14, 64, 598 }, // U+219A
    { 23, 11, 400, 1, 14, 64, 662 }, // U+219B
    { 11, 25, 200, 1, 19, 69, 726 }, // U+21A8
    { 24, 12, 395, 0, 15, 72, 795 }, // U+21D0
    { 12, 23, 201, 0, 18, 69, 867 }, // U+21D1
    { 24, 12, 395, 0, 15, 72, 936 }, // U+21D2
    { 12, 23, 201, 0, 18, 69, 1008 }, // U+21D3
    { 24, 12, 395, 0, 15, 72, 1077 }, // U+21D4
    { 12, 23, 201, 0, 18, 69, 1149 }, // U+21D5
    { 13, 18, 219, 0, 18, 59, 0 }, // U+2202
    { 12, 17, 225, 1, 17, 51, 59 }, // U+2203
    { 12, 23, 225, 1, 20, 69, 110 }, // U+2204
    { 19, 20, 341, 1, 19, 95, 179 }, // U+2205
    { 17, 18, 280, 0, 18, 77, 274 }, // U+2206
    { 15, 18, 290, 1, 18, 68, 351 }, // U+220F
    { 15, 18, 244, 0, 18, 68, 419 }, // U+2211
    { 12, 3, 234, 1, 11, 9, 487 }, // U+2212
    { 12, 16, 245, 2, 17, 48, 496 }, // U+2213
    { 5, 4, 146, 2, 11, 5, 544 }, // U+2219
    { 17, 21, 234, 0, 20, 90, 549 }, // U+221A
    { 15, 7, 234, 0, 12, 27, 639 }, // U+221E
    { 9, 27, 229, 3, 20, 61, 666 }, // U+2225
    { 14, 27, 229, 0, 20, 95, 727 }, // U+2226
    { 13, 26, 207, 0, 20, 85, 822 }, // U+222B
    { 11, 10, 234, 2, 13, 28, 907 }, // U+2234
    { 11, 10, 234, 2, 13, 28, 935 }, // U+2235
    { 13, 6, 242, 1, 11, 20, 963 }, // U+223C
    { 11, 10, 211, 1, 13, 28, 983 }, // U+2248
    { 13, 15, 234, 1, 21, 49, 1011 }, // U+225F
    { 13, 13, 234, 1, 15, 43, 1060 }, // U+2260
    { 13, 10, 233, 1, 14, 33, 1103 }, // U+2261
    { 13, 13, 233, 1, 15, 43, 1136 }, // U+2262
    { 13, 16, 234, 1, 16, 52, 1179 }, // U+2264
    { 13, 16, 234, 1, 16, 52, 1231 }, // U+2265
    { 13, 13, 233, 1, 15, 43, 1283 }, // U+2282
    { 13, 13, 233, 1, 15, 43, 1326 }, // U+2283
    { 13, 16, 233, 1, 16, 52, 1369 }, // U+2284
    { 13, 16, 233, 1, 16, 52, 1421 }, // U+2285
    { 13, 16, 233, 1, 16, 52, 1473 }, // U+2286
    { 13, 16, 233, 1, 16, 52, 1525 }, // U+2287
    { 19, 20, 291, 0, 20, 95, 0 }, // U+FB00
    { 16, 20, 271, 0, 20, 80, 95 }, // U+FB01
    { 15, 20, 271, 0, 20, 75, 175 }, // U+FB02
    { 24, 20, 401, 0, 20, 120, 250 }, // U+FB03
    { 24, 20, 403, 0, 20, 120, 370 }, // U+FB04
    { 24, 24, 385, 0, 21, 144, 0 }, // U+FFFD
};

static const EpdUnicodeInterval andika_12_boldIntervals[] = {
    { 0x20, 0x7E, 0x0 },
    { 0xA0, 0x148, 0x5F },
    { 0x14A, 0x17F, 0x108 },
    { 0x1A0, 0x1A1, 0x13E },
    { 0x1AF, 0x1B0, 0x140 },
    { 0x1C4, 0x21F, 0x142 },
    { 0x250, 0x320, 0x19E },
    { 0x323, 0x33F, 0x26F },
    { 0x346, 0x36F, 0x28C },
    { 0x400, 0x45F, 0x2B6 },
    { 0x462, 0x463, 0x316 },
    { 0x472, 0x475, 0x318 },
    { 0x48A, 0x4FF, 0x31C },
    { 0x1D00, 0x1DBF, 0x392 },
    { 0x1EA0, 0x1EF9, 0x452 },
    { 0x2000, 0x2030, 0x4AC },
    { 0x2032, 0x203C, 0x4DD },
    { 0x203F, 0x2041, 0x4E8 },
    { 0x2044, 0x2044, 0x4EB },
    { 0x2053, 0x2053, 0x4EC },
    { 0x2057, 0x2057, 0x4ED },
    { 0x2060, 0x2063, 0x4EE },
    { 0x206A, 0x2071, 0x4F2 },
    { 0x2074, 0x208E, 0x4FA },
    { 0x2090, 0x209C, 0x515 },
    { 0x20A0, 0x20BF, 0x522 },
    { 0x2190, 0x219B, 0x542 },
    { 0x21A8, 0x21A8, 0x54E },
    { 0x21D0, 0x21D5, 0x54F },
    { 0x2202, 0x2206, 0x555 },
    { 0x220F, 0x220F, 0x55A },
    { 0x2211, 0x2213, 0x55B },
    { 0x2219, 0x221A, 0x55E },
    { 0x221E, 0x221E, 0x560 },
    { 0x2225, 0x2226, 0x561 },
    { 0x222B, 0x222B, 0x563 },
    { 0x2234, 0x2235, 0x564 },
    { 0x223C, 0x223C, 0x566 },
    { 0x2248, 0x2248, 0x567 },
    { 0x225F, 0x2262, 0x568 },
    { 0x2264, 0x2265, 0x56C },
    { 0x2282, 0x2287, 0x56E },
    { 0xFB00, 0xFB04, 0x574 },
    { 0xFFFD, 0xFFFD, 0x579 },
};

static const EpdFontGroup andika_12_boldGroups[] = {
    { 0, 2583, 5671, 95, 0 },
    { 2583, 2304, 7030, 96, 95 },
    { 4887, 2949, 10616, 127, 191 },
    { 7836, 2885, 9825, 96, 318 },
    { 10721, 3696, 8531, 176, 414 },
    { 14417, 1034, 1809, 104, 590 },
    { 15451, 5526, 18418, 220, 694 },
    { 20977, 4500, 8959, 192, 914 },
    { 25477, 1675, 9810, 90, 1106 },
    { 27152, 680, 1364, 76, 1196 },
    { 27832, 644, 1249, 42, 1272 },
    { 28476, 1407, 2690, 32, 1314 },
    { 29883, 497, 1330, 19, 1346 },
    { 30380, 805, 1823, 31, 1365 },
    { 31185, 161, 500, 5, 1396 },
    { 31346, 119, 144, 1, 1401 },
};

static const EpdLigaturePair andika_12_boldLigaturePairs[] = {
    { 0x00660066, 0xFB00 }, // f f -> U+FB00
    { 0x00660069, 0xFB01 }, // f i -> U+FB01
    { 0x0066006C, 0xFB02 }, // f l -> U+FB02
    { 0xFB000069, 0xFB03 }, // U+FB00 i -> U+FB03
    { 0xFB00006C, 0xFB04 }, // U+FB00 l -> U+FB04
};

static const EpdFontData andika_12_bold = {
    andika_12_boldBitmaps,
    andika_12_boldGlyphs,
    andika_12_boldIntervals,
    44,
    40,
    31,
    -10,
    true,
    andika_12_boldGroups,
    16,
    nullptr,
    nullptr,
    nullptr,
    nullptr,
    nullptr,
    nullptr,
    nullptr,
    nullptr,
    nullptr,
    nullptr,
    nullptr,
    0,
    0,
    0,
    0,
    andika_12_boldLigaturePairs,
    5,
};
