/**
 * generated by fontconvert.py
 * name: andika_12_italic
 * size: 12
 * mode: 2-bit  compressed: true
 * Command used: fontconvert.py andika_12_italic 12 ../builtinFonts/source/Andika/Andika-Italic.ttf --2bit --compress --pnum --additional-intervals 0x0250,0x02FF --additional-intervals 0x0300,0x036F --additional-intervals 0x1D00,0x1DBF
 */
#pragma once
#include "EpdFontData.h"

static const uint8_t andika_12_italicBitmaps[37831] = {
    0x8D, 0x58, 0x3D, 0x8F, 0xDC, 0xD6, 0x15, 0xBD, 0x24, 0x65, 0xD1, 0x30, 0x01, 0x3D, 0x17, 0x2E,
    0x02, 0x6C, 0x76, 0x99, 0x22, 0x85, 0x0B, 0xED, 0xD0, 0x85, 0x8B, 0x45, 0xC0, 0x21, 0x29, 0xB7,
    0x29, 0xEC, 0x9F, 0xE0, 0x22, 0x6D, 0xA0, 0x00, 0x71, 0x31, 0x05, 0x77, 0x87, 0x4E, 0x0A, 0x17,
    0x01, 0x62, 0xFF, 0x02, 0xFB, 0x17, 0x04, 0x50, 0xB1, 0x01, 0x26, 0xC8, 0x68, 0xE7, 0x45, 0x2A,
    0x54, 0xB8, 0x08, 0x61, 0x97, 0x06, 0x62, 0x26, 0x12, 0xA0, 0xC2, 0x40, 0xC4, 0x24, 0x34, 0xC0,
    0x8D, 0x39, 0xCB, 0x9C, 0x73, 0xC9, 0x19, 0xCD, 0xAC, 0x6C, 0xC7, 0xCB, 0x7D, 0x9C, 0x19, 0xF2,
    0xBD, 0xFB, 0x7D, 0xCF, 0xBD, 0xEF, 0xC9, 0x99, 0xDC, 0x97, 0x4E, 0x5A, 0x69, 0x9C, 0xDA, 0xAD,
    0xBD, 0xCA, 0x2B, 0x3D, 0xEB, 0xDB, 0xA0, 0x30, 0xD9, 0x2B, 0xC2, 0xBF, 0xA9, 0x5C, 0x48, 0x2E,
    0xE6, 0xED, 0x2C, 0x34, 0x72, 0x74, 0x24, 0xC7, 0x87, 0x72, 0xFB, 0xB6, 0x9C, 0xC4, 0xF2, 0xE6,
    0x09, 0x5E, 0xC6, 0x06, 0xB7, 0x66, 0x22, 0xE2, 0xD4, 0xB1, 0x88, 0x57, 0x9E, 0x8B, 0xD7, 0xF7,
    0x7D, 0xA6, 0x37, 0x09, 0x3D, 0x8B, 0xE5, 0x41, 0x26, 0x92, 0x63, 0x5A, 0xD4, 0xF7, 0xAD, 0xA4,
    0x7D, 0xDF, 0x88, 0x67, 0xCF, 0x45, 0xFC, 0xA2, 0x16, 0x31, 0x6E, 0x29, 0x72, 0xC4, 0x69, 0xAF,
    0xBD, 0xA4, 0xCC, 0x0E, 0x31, 0x6E, 0x93, 0x2E, 0x26, 0xF4, 0x05, 0xA6, 0xD7, 0xB2, 0xFE, 0x63,
    0xE9, 0xD4, 0xB5, 0xB8, 0x55, 0x25, 0xEE, 0xBF, 0x30, 0xBD, 0xC7, 0xEC, 0x14, 0x23, 0x68, 0x30,
    0x67, 0x8D, 0xCF, 0x39, 0xE8, 0x98, 0x4C, 0x6E, 0x99, 0xEC, 0xC7, 0x87, 0x26, 0x4B, 0xFF, 0x30,
    0x97, 0xB0, 0xEF, 0xC4, 0x59, 0x7D, 0x24, 0xF2, 0x26, 0x48, 0xFD, 0x0A, 0xE3, 0x1D, 0x8C, 0x0B,
    0x09, 0x20, 0x97, 0x3D, 0x92, 0xE0, 0xB7, 0x36, 0x16, 0xE3, 0xD9, 0x1A, 0x9C, 0x1F, 0x96, 0x72,
    0x1C, 0xFC, 0xBC, 0x90, 0x49, 0x18, 0x8A, 0x84, 0x6B, 0xB0, 0x0D, 0x9E, 0x7C, 0xDD, 0x89, 0xB8,
    0x5F, 0xF4, 0xA0, 0xFE, 0x31, 0xC4, 0x0E, 0xA9, 0x62, 0xCC, 0x5B, 0x33, 0x33, 0x90, 0xE2, 0xFC,
    0x58, 0x7C, 0xBB, 0x80, 0x41, 0x64, 0xDE, 0x40, 0xCC, 0x10, 0x12, 0xF9, 0x2D, 0xA6, 0x61, 0x7E,
    0x02, 0x29, 0x72, 0xA8, 0x3B, 0xD3, 0x15, 0xF8, 0x0D, 0x09, 0x43, 0x48, 0x1A, 0x15, 0x22, 0xDF,
    0x58, 0xF1, 0x1E, 0x54, 0x58, 0x55, 0x67, 0xC7, 0xF2, 0xA7, 0x2A, 0x86, 0x0A, 0x18, 0x92, 0xBA,
    0x7D, 0x16, 0xF6, 0x5F, 0x94, 0xFE, 0xA5, 0x57, 0x44, 0xD3, 0x38, 0x3E, 0x79, 0xEF, 0x9E, 0xC8,
    0xAB, 0x22, 0xF7, 0xC4, 0xAD, 0x25, 0xB0, 0x12, 0xC1, 0x76, 0xE0, 0x0C, 0xBE, 0xB0, 0x1A, 0x1F,
    0x80, 0x05, 0x6D, 0x29, 0x32, 0xA1, 0x67, 0xF6, 0xFE, 0x13, 0x7D, 0x8E, 0xB7, 0xC6, 0x42, 0x44,
    0x71, 0xD5, 0xA0, 0x12, 0xE0, 0x77, 0xC1, 0xDF, 0x5E, 0x49, 0x2A, 0x4E, 0xBD, 0xF7, 0x4F, 0xBA,
    0x25, 0x49, 0x63, 0x02, 0xA6, 0x85, 0x4A, 0x45, 0x39, 0x7A, 0x95, 0x04, 0xC5, 0xC8, 0xFF, 0x27,
    0xA0, 0xF3, 0x9A, 0xC8, 0x89, 0xDC, 0x78, 0xE3, 0x9D, 0xE4, 0xD7, 0x65, 0x70, 0x25, 0x6E, 0x2B,
    0x93, 0x67, 0xD9, 0xF9, 0xC3, 0xCC, 0xB5, 0x5C, 0x2D, 0x2F, 0x29, 0xE3, 0x23, 0x91, 0x63, 0xFA,
    0x6E, 0xDE, 0xAF, 0x7B, 0xB8, 0x00, 0x5E, 0xAE, 0xF9, 0xEF, 0x54, 0x22, 0x19, 0x38, 0x18, 0x8B,
    0xC8, 0xCA, 0x6E, 0xC9, 0xEB, 0xF4, 0x6B, 0xDA, 0x57, 0x47, 0x30, 0xC0, 0x54, 0x85, 0xC4, 0x34,
    0x25, 0x43, 0x96, 0x4A, 0x49, 0x23, 0x40, 0x48, 0x81, 0x52, 0x6E, 0x5E, 0x22, 0x92, 0x28, 0xE2,
    0xEE, 0xCB, 0x6A, 0xEF, 0xE5, 0xD1, 0x0F, 0x7B, 0x29, 0x0E, 0xA3, 0xB3, 0xAF, 0xE4, 0x0C, 0x56,
    0x46, 0xE0, 0x7B, 0xB8, 0xC3, 0x00, 0x2D, 0xEC, 0xDB, 0xC0, 0xC0, 0x4D, 0x08, 0xA6, 0x11, 0x3C,
    0x90, 0xC0, 0x0A, 0x09, 0x04, 0x9F, 0xC2, 0xF2, 0x53, 0x09, 0xB3, 0x04, 0xD6, 0x89, 0xEE, 0x74,
    0x62, 0x10, 0x96, 0xEE, 0x15, 0x69, 0x9E, 0x8A, 0xDF, 0x49, 0xDA, 0xC9, 0x6C, 0x21, 0x59, 0xA3,
    0xBA, 0xEE, 0xDB, 0x14, 0xFA, 0x0C, 0x1E, 0x0B, 0xE9, 0x9C, 0xA8, 0x5F, 0xA7, 0x0C, 0xCD, 0x91,
    0xFB, 0xA9, 0xD7, 0xC8, 0xBB, 0xE0, 0x2F, 0x9B, 0x41, 0x55, 0x61, 0x77, 0x3A, 0x50, 0x22, 0x90,
    0xBF, 0x8F, 0x40, 0x04, 0x55, 0x83, 0x18, 0x43, 0x90, 0xC3, 0xE6, 0xFA, 0x15, 0x39, 0x64, 0x31,
    0x0A, 0xB9, 0x09, 0x11, 0xE6, 0xA0, 0x73, 0x0E, 0x2D, 0x20, 0xF5, 0x60, 0x47, 0xAE, 0xBF, 0x0B,
    0x4F, 0x62, 0x72, 0x84, 0x40, 0xE6, 0x42, 0x7A, 0x96, 0xB1, 0xA3, 0xC3, 0x14, 0x6F, 0x40, 0x92,
    0xFB, 0xCE, 0x1A, 0x4B, 0x1B, 0x09, 0x54, 0x0B, 0x8F, 0xA9, 0x88, 0x75, 0x69, 0x39, 0x04, 0xEA,
    0x53, 0x08, 0xFE, 0x3B, 0x24, 0x05, 0x44, 0x5F, 0x30, 0xE6, 0x43, 0xE8, 0x31, 0x41, 0xC4, 0x4D,
    0xB1, 0xA6, 0x2F, 0x57, 0x18, 0x22, 0x8B, 0x51, 0xEC, 0x66, 0x10, 0x1B, 0x22, 0x40, 0xB0, 0x56,
    0x89, 0x2E, 0x86, 0xC7, 0x94, 0x46, 0x5F, 0x41, 0x44, 0xAF, 0x5F, 0x8B, 0x9B, 0x6D, 0x65, 0x19,
    0x07, 0xBF, 0x87, 0x08, 0xF7, 0x44, 0x66, 0x6E, 0x27, 0x2B, 0xCC, 0x8B, 0xAE, 0xD4, 0x3B, 0x90,
    0x1F, 0x26, 0xBE, 0x70, 0x4A, 0xAA, 0xEF, 0xDB, 0x71, 0x66, 0x84, 0xF7, 0x30, 0x5F, 0xFA, 0xD1,
    0x1C, 0x92, 0x84, 0x04, 0xA5, 0xEC, 0xF9, 0x08, 0x45, 0xBD, 0x53, 0x74, 0x12, 0x60, 0x29, 0x4D,
    0xEC, 0x23, 0x06, 0x03, 0xC6, 0xA1, 0x0A, 0x17, 0x40, 0xE6, 0x10, 0xCA, 0x9E, 0x0D, 0x72, 0x53,
    0x65, 0x9A, 0x83, 0x8F, 0x10, 0xF2, 0xB2, 0x04, 0xDB, 0x66, 0xB0, 0xDE, 0x86, 0x5F, 0xA4, 0xE0,
    0x87, 0xBF, 0x9B, 0x20, 0x16, 0x41, 0xB8, 0xB5, 0x0B, 0x88, 0x94, 0x06, 0xFE, 0xC5, 0x70, 0x6A,
    0xA7, 0x01, 0x81, 0xD5, 0x15, 0x78, 0x5D, 0x49, 0x50, 0x45, 0x45, 0xA4, 0x51, 0xE2, 0xDB, 0x1C,
    0x63, 0x89, 0xEF, 0x90, 0x29, 0x4B, 0xEF, 0x5C, 0x40, 0x15, 0xE4, 0x2F, 0x48, 0xC0, 0x5F, 0xB4,
    0x91, 0x95, 0xB5, 0x5F, 0xB9, 0x84, 0xDA, 0x12, 0x91, 0x87, 0x88, 0xD3, 0xCF, 0x26, 0x68, 0x40,
    0xA7, 0x96, 0xBB, 0x7F, 0xA7, 0xC5, 0x2A, 0x62, 0xE9, 0x46, 0xC0, 0x1B, 0x90, 0x79, 0x72, 0x93,
    0xD8, 0x89, 0x94, 0xBC, 0xA2, 0x4D, 0xBD, 0x9A, 0x33, 0x9E, 0xFF, 0x8D, 0x89, 0x94, 0x03, 0xC6,
    0x17, 0xBB, 0xCF, 0x77, 0x53, 0x4E, 0x14, 0x57, 0x68, 0x89, 0x55, 0x29, 0xE1, 0xA5, 0x2A, 0x45,
    0x7F, 0xD3, 0x1E, 0x69, 0x25, 0x83, 0x84, 0x11, 0x83, 0xF0, 0x6A, 0xC4, 0x61, 0x82, 0x5A, 0x5F,
    0x02, 0xB6, 0xED, 0x86, 0x1E, 0x3C, 0xAF, 0xC3, 0x91, 0xC1, 0x52, 0x1E, 0xA7, 0xDE, 0x6D, 0xC6,
    0xC5, 0x07, 0xA0, 0xED, 0xD7, 0xEA, 0x3D, 0x3C, 0x3B, 0xA0, 0xB2, 0xB0, 0xE2, 0x2F, 0xC6, 0xB5,
    0xF0, 0x88, 0xE9, 0xAB, 0x5B, 0xB0, 0x3B, 0x64, 0x20, 0xB8, 0x58, 0x86, 0xF8, 0x7D, 0x5A, 0xDD,
    0x1B, 0xC0, 0x4D, 0x53, 0xE5, 0x95, 0x0D, 0xAF, 0x29, 0x11, 0x9B, 0xE0, 0x03, 0xC2, 0x0C, 0x52,
    0xB7, 0x87, 0xFA, 0x12, 0x3E, 0x41, 0xA0, 0xF0, 0xC5, 0x14, 0x0B, 0xC3, 0x36, 0xC4, 0xC2, 0xD5,
    0xDA, 0x48, 0xF0, 0x56, 0x15, 0x07, 0x62, 0xFC, 0x0C, 0xF7, 0x43, 0x23, 0x27, 0x46, 0xE2, 0x43,
    0xA4, 0xB2, 0xC4, 0xC7, 0x6E, 0x7D, 0x28, 0x27, 0xB7, 0x03, 0x54, 0xA7, 0x93, 0xC9, 0xF1, 0x39,
    0x10, 0x3B, 0x6C, 0xA0, 0x7F, 0x1C, 0xD8, 0x44, 0x21, 0x74, 0x0C, 0x48, 0x08, 0xDE, 0xDC, 0x2C,
    0x28, 0x64, 0xCF, 0x5F, 0x34, 0x83, 0x0C, 0xB9, 0x27, 0x1E, 0x6F, 0x86, 0x0F, 0xC2, 0x99, 0x0C,
    0xB8, 0x2E, 0x0B, 0xDE, 0x86, 0x82, 0xC7, 0x42, 0x05, 0xAF, 0x23, 0xC5, 0x8F, 0x49, 0x70, 0x42,
    0x0F, 0x43, 0xF3, 0x9E, 0x56, 0xAA, 0x11, 0x94, 0x70, 0xA3, 0x51, 0xDC, 0x26, 0x02, 0x18, 0x20,
    0x08, 0x95, 0x9C, 0xC3, 0x5C, 0xAB, 0x9E, 0xA1, 0xD4, 0x20, 0x49, 0x5A, 0x4C, 0x6C, 0x19, 0x50,
    0x5E, 0x19, 0x94, 0x1E, 0x56, 0xFB, 0x0C, 0xA8, 0x22, 0xB4, 0x26, 0xF3, 0x4A, 0x03, 0xEB, 0x84,
    0x08, 0x88, 0x08, 0x94, 0x12, 0x0D, 0xB0, 0xBB, 0x05, 0xE0, 0x15, 0xCB, 0x51, 0xDE, 0x9C, 0xD5,
    0x13, 0x3A, 0x09, 0xFC, 0x56, 0xC8, 0x2D, 0x10, 0x7B, 0x59, 0xC3, 0x7C, 0x50, 0x29, 0x92, 0x4D,
    0xFC, 0xAA, 0x11, 0x97, 0xDB, 0xDB, 0x62, 0xFB, 0x4D, 0x5F, 0xA4, 0x22, 0xC0, 0xF9, 0xF2, 0x00,
    0x1E, 0xA0, 0xF6, 0x4A, 0x13, 0x12, 0x16, 0x74, 0x37, 0x74, 0x6F, 0x80, 0x14, 0x10, 0x32, 0x55,
    0x75, 0x32, 0xF8, 0xCE, 0x14, 0xF0, 0x17, 0x6E, 0x50, 0xAC, 0xD0, 0xAA, 0xA1, 0x55, 0x49, 0x8B,
    0x07, 0x54, 0x9B, 0x50, 0xCF, 0x29, 0x99, 0x2F, 0x91, 0x57, 0x98, 0x0E, 0x81, 0x2D, 0xC8, 0x51,
    0x46, 0x8A, 0x8C, 0xAF, 0xCC, 0xF4, 0x76, 0x0F, 0x20, 0xC6, 0x70, 0x47, 0xD7, 0xC0, 0xA4, 0x1D,
    0xA0, 0x21, 0x1B, 0xEA, 0x40, 0x38, 0x6A, 0x92, 0x8C, 0xCA, 0x0C, 0xBA, 0x77, 0x1B, 0x3A, 0xDD,
    0x1E, 0x9D, 0x11, 0xFE, 0x48, 0x4B, 0xE9, 0x60, 0x98, 0x91, 0xD6, 0x75, 0x3A, 0xF9, 0xC6, 0x06,
    0xA3, 0x0D, 0xE9, 0x91, 0xEC, 0x6E, 0x06, 0x8C, 0xBD, 0x29, 0xFE, 0xBE, 0x0D, 0x93, 0x6D, 0xDD,
    0xC8, 0x65, 0xD5, 0x61, 0x55, 0xAF, 0x69, 0xD6, 0xF2, 0xD6, 0xE0, 0x27, 0x58, 0xAB, 0xA6, 0x51,
    0x71, 0x50, 0xED, 0xDA, 0x50, 0xDF, 0x2C, 0x78, 0xD3, 0xFA, 0x8D, 0xA8, 0x47, 0x23, 0x83, 0x80,
    0xC5, 0x54, 0xDF, 0x6A, 0x79, 0xA5, 0x0D, 0x33, 0xBF, 0x1F, 0x44, 0x55, 0x59, 0x27, 0x14, 0x96,
    0xE0, 0x06, 0x86, 0x5A, 0x7B, 0x13, 0xFA, 0x6B, 0x4A, 0x46, 0x39, 0xF5, 0x54, 0x9A, 0x08, 0xB1,
    0x52, 0x81, 0xE4, 0x05, 0xA5, 0xB7, 0x18, 0xFF, 0xBD, 0x4A, 0x13, 0xCB, 0x48, 0xE2, 0x87, 0x2D,
    0xC8, 0xC7, 0x90, 0x69, 0xB6, 0xCE, 0x7A, 0x15, 0xD9, 0x3A, 0x0B, 0x0B, 0x62, 0x1F, 0x12, 0x52,
    0xA7, 0x20, 0x95, 0x17, 0x2C, 0x57, 0x0D, 0xC5, 0xA9, 0x03, 0x8A, 0x96, 0x72, 0x2E, 0x1C, 0xE5,
    0x7D, 0x4E, 0xE9, 0xBE, 0x04, 0x07, 0x9F, 0x70, 0x41, 0x04, 0x13, 0xF3, 0x09, 0xDD, 0xFB, 0x36,
    0xE1, 0x8D, 0xB2, 0x47, 0xCC, 0xB4, 0x04, 0xE8, 0x05, 0xA6, 0x67, 0x23, 0xB9, 0xA5, 0x56, 0xC1,
    0x5C, 0x06, 0x2B, 0xEF, 0x55, 0xD6, 0x52, 0x2B, 0xAB, 0x36, 0x2C, 0x10, 0x5A, 0x2B, 0x2B, 0x25,
    0x9E, 0x6A, 0x50, 0x30, 0x26, 0x22, 0x85, 0xFB, 0x34, 0x23, 0x09, 0xDC, 0xD1, 0x2D, 0xCE, 0x0B,
    0x99, 0x5B, 0xF9, 0x73, 0x21, 0xDF, 0x14, 0xF2, 0x9F, 0xC2, 0x7D, 0x9A, 0x39, 0x8F, 0xAD, 0xF7,
    0xA9, 0xB8, 0x9F, 0x5B, 0xF3, 0xA1, 0x78, 0x0F, 0x2D, 0x7A, 0x5B, 0xDC, 0xA7, 0x47, 0xE2, 0xFF,
    0xA6, 0x5C, 0x1E, 0x03, 0x4F, 0x4A, 0xA4, 0xB7, 0x71, 0x3F, 0x43, 0xA3, 0x16, 0x3A, 0x4F, 0xD1,
    0xAA, 0x4D, 0x9C, 0x67, 0xD9, 0x0C, 0x2C, 0x7A, 0x74, 0x16, 0xB1, 0xAC, 0x21, 0xD2, 0x0C, 0x11,
    0x50, 0xAB, 0x3D, 0x17, 0xF8, 0x8D, 0x07, 0x3D, 0xA5, 0x64, 0xDA, 0x3B, 0x5F, 0x15, 0x6E, 0x05,
    0xD2, 0xE8, 0xA4, 0x1F, 0x56, 0x9E, 0xF5, 0xFE, 0x52, 0xFB, 0xD6, 0x2F, 0x9A, 0xA0, 0x08, 0xB2,
    0x25, 0x32, 0x85, 0x4D, 0xB3, 0x41, 0xC7, 0x09, 0xD8, 0x36, 0x44, 0x0C, 0x73, 0x0A, 0xBA, 0x68,
    0x23, 0x62, 0xF1, 0x3A, 0x28, 0xEC, 0x8E, 0x81, 0x85, 0x28, 0x62, 0xD1, 0x63, 0x0E, 0x5E, 0x38,
    0x1D, 0xFD, 0xCC, 0x56, 0x04, 0xBA, 0xA9, 0xCE, 0x11, 0x9D, 0x35, 0x15, 0x2D, 0x83, 0xB8, 0xD1,
    0xAB, 0xBC, 0x4D, 0xB9, 0x36, 0xE7, 0xB7, 0x16, 0xB7, 0xED, 0x9A, 0x02, 0x95, 0x37, 0xE8, 0xDB,
    0xA1, 0xB4, 0xCA, 0x0E, 0xFE, 0x50, 0x85, 0x25, 0x2C, 0x9B, 0xC3, 0xB4, 0x39, 0x0C, 0xBB, 0xF4,
    0xAC, 0xD3, 0xF8, 0xF6, 0xA0, 0x62, 0x1C, 0x1B, 0xF0, 0xFE, 0x3F, 0xB9, 0xB3, 0x95, 0x30, 0x5B,
    0x13, 0x7F, 0xD2, 0x7D, 0x09, 0xCD, 0x8E, 0x84, 0xF9, 0x28, 0x61, 0xB2, 0x27, 0xA1, 0x47, 0x80,
    0x40, 0x53, 0x13, 0x65, 0x73, 0x78, 0x0B, 0xB9, 0x4D, 0x08, 0xCE, 0x36, 0x10, 0x4C, 0x60, 0x98,
    0x5F, 0xED, 0xCA, 0xDA, 0x41, 0xD6, 0x25, 0x1E, 0x2F, 0x90, 0x4B, 0x28, 0x9E, 0x07, 0x15, 0xB2,
    0xA7, 0xA0, 0x66, 0xE6, 0x2D, 0x80, 0x92, 0x22, 0x6E, 0x0B, 0x3E, 0xB9, 0x36, 0x03, 0x53, 0xFD,
    0x16, 0x16, 0x1A, 0x4A, 0x0E, 0x82, 0x9E, 0xFB, 0x82, 0x33, 0x70, 0x6D, 0xE5, 0x86, 0xE2, 0x06,
    0x79, 0xAC, 0xC6, 0xFA, 0x17, 0x74, 0x43, 0x5B, 0x28, 0x91, 0x1D, 0x9A, 0x05, 0xAF, 0xBA, 0x81,
    0x50, 0x63, 0xB7, 0x9F, 0x96, 0x21, 0x78, 0xA0, 0xD0, 0xAF, 0x98, 0x37, 0x7D, 0xC7, 0xF1, 0x1C,
    0xA4, 0xBE, 0xC7, 0x40, 0xD7, 0xFA, 0xA3, 0x6D, 0x9A, 0x96, 0x32, 0xB4, 0xF7, 0x50, 0x84, 0x18,
    0x0F, 0x3B, 0x21, 0xA3, 0x42, 0xDA, 0x6E, 0x42, 0xBA, 0x53, 0x12, 0x8D, 0x09, 0x7F, 0x6C, 0x6B,
    0x60, 0xAF, 0x09, 0xC9, 0x4C, 0x19, 0x5E, 0x53, 0x12, 0x8B, 0x49, 0x29, 0xE6, 0xF4, 0x84, 0x39,
    0x10, 0xB1, 0xAF, 0x32, 0xF4, 0xAE, 0x4B, 0x84, 0xC5, 0xE7, 0x29, 0x46, 0x4B, 0xF7, 0xC3, 0xC0,
    0x65, 0x3E, 0xB4, 0x22, 0x58, 0x90, 0x60, 0xE4, 0x20, 0x01, 0x5A, 0x60, 0x3F, 0x01, 0xE3, 0x49,
    0xC0, 0x2E, 0x0F, 0x0A, 0xD0, 0x4F, 0x90, 0xDA, 0x34, 0x43, 0x23, 0xC8, 0xD4, 0x6B, 0xC9, 0x20,
    0x05, 0x77, 0xFC, 0x38, 0xC5, 0x07, 0x76, 0x3A, 0xC4, 0xBD, 0xB4, 0x54, 0x54, 0x3B, 0x2B, 0x21,
    0xC3, 0x42, 0xFE, 0x5D, 0x62, 0xD2, 0xC2, 0xF9, 0x47, 0x09, 0x42, 0x33, 0xEF, 0x01, 0xCA, 0x95,
    0xCC, 0x82, 0xF7, 0x2B, 0x08, 0x3C, 0x33, 0x0E, 0x92, 0x47, 0x66, 0x13, 0xA7, 0x82, 0xC3, 0x67,
    0xB1, 0x53, 0xC1, 0x02, 0x33, 0x4C, 0x05, 0xF9, 0x59, 0x2D, 0x8F, 0xC1, 0xE1, 0x67, 0xA5, 0x7C,
    0x55, 0xE8, 0x66, 0xAE, 0xA7, 0x13, 0x32, 0xB9, 0x1A, 0xCA, 0x51, 0x37, 0x96, 0x65, 0x18, 0xD9,
    0x7A, 0x84, 0x4D, 0xE4, 0xBA, 0x8B, 0x86, 0x1C, 0xBA, 0x9F, 0xE2, 0xCD, 0x25, 0x5D, 0xB7, 0x62,
    0x03, 0xC4, 0xFE, 0x82, 0x0B, 0x44, 0x09, 0x68, 0x13, 0x12, 0x7C, 0x4A, 0x50, 0x21, 0xAE, 0x9D,
    0xD2, 0xDC, 0xAC, 0xAD, 0xF8, 0x6C, 0xA8, 0xC4, 0x92, 0x53, 0x4F, 0x09, 0xA1, 0xED, 0x54, 0x1B,
    0x7B, 0x53, 0x84, 0x78, 0x64, 0x32, 0xC4, 0xC7, 0xFB, 0xC0, 0xE4, 0x47, 0x80, 0x96, 0x67, 0x19,
    0x1A, 0x7B, 0x30, 0xEA, 0x06, 0xAF, 0xED, 0x55, 0x27, 0xBB, 0x8F, 0x97, 0xDA, 0x87, 0xB3, 0x21,
    0xB6, 0x1B, 0x21, 0xE8, 0x72, 0xFA, 0x79, 0x28, 0xC2, 0xE1, 0xB0, 0x3F, 0x00, 0x11, 0x86, 0x81,
    0x5F, 0x6D, 0x6A, 0x8A, 0x96, 0x93, 0x6E, 0xEC, 0xBA, 0xD5, 0xD2, 0x43, 0x99, 0x41, 0x63, 0x55,
    0xB3, 0x6F, 0xA8, 0x14, 0x23, 0xCD, 0xD5, 0xB8, 0x6B, 0x18, 0xF6, 0x79, 0xF1, 0x0B, 0x50, 0xF8,
    0xDD, 0xFB, 0x8C, 0x61, 0x45, 0x5A, 0xCB, 0x9C, 0x0C, 0x4E, 0x70, 0xC5, 0x7A, 0xDD, 0x46, 0x8B,
    0x72, 0x88, 0xEB, 0x16, 0x2E, 0xA3, 0x57, 0x80, 0xCB, 0xCF, 0xFC, 0xCC, 0x2B, 0xBC, 0xC2, 0x61,
    0xCD, 0x1C, 0x86, 0x36, 0x46, 0xD3, 0xB1, 0xE8, 0xED, 0xC0, 0xFF, 0x5E, 0xBD, 0xBE, 0x6E, 0x95,
    0x6B, 0x35, 0xFB, 0x1A, 0x09, 0xA6, 0x73, 0x4A, 0x12, 0x3F, 0x62, 0xC6, 0xC1, 0x53, 0xC1, 0x43,
    0x8B, 0xC8, 0x78, 0x4F, 0xEA, 0x79, 0x3F, 0x34, 0x95, 0x3D, 0x3A, 0x45, 0x16, 0x3E, 0x54, 0x45,
    0x0B, 0x46, 0xDC, 0xFD, 0xCF, 0x7B, 0xCB, 0x1E, 0x7B, 0x38, 0x8C, 0x30, 0x59, 0xA8, 0x88, 0x97,
    0x82, 0xE4, 0x05, 0xF0, 0xEA, 0x9F, 0xD8, 0x6A, 0xFF, 0x52, 0x4E, 0x27, 0x78, 0xD2, 0x00, 0xA4,
    0x8B, 0x78, 0x68, 0x35, 0x37, 0xA2, 0x7E, 0x6B, 0x5B, 0x70, 0x21, 0xDE, 0xA3, 0xBE, 0xF0, 0xFF,
    0x66, 0x6C, 0x80, 0xFD, 0x9E, 0x01, 0x36, 0xB3, 0x3F, 0x66, 0xE2, 0x21, 0xEF, 0x32, 0xA4, 0x1D,
    0x68, 0xA3, 0x02, 0x39, 0xAD, 0x6E, 0xAB, 0xB4, 0x5C, 0x1D, 0x5C, 0xB2, 0x99, 0x43, 0x17, 0x78,
    0xB4, 0xB7, 0x27, 0xD8, 0x58, 0x26, 0x1E, 0x1D, 0x1A, 0x65, 0xF7, 0x86, 0x5D, 0xA1, 0x82, 0x97,
    0xB6, 0xDB, 0xD7, 0x0D, 0xD8, 0x6E, 0xA5, 0x3A, 0xF8, 0xBA, 0xE6, 0x66, 0xC7, 0x6D, 0x0E, 0x10,
    0xD9, 0x90, 0x01, 0xFC, 0xB1, 0x77, 0x28, 0x98, 0xF6, 0xB1, 0x42, 0xD6, 0x4A, 0x62, 0xF7, 0x99,
    0x24, 0xC1, 0x27, 0x12, 0xAD, 0x61, 0x11, 0x34, 0x80, 0x72, 0x80, 0xE5, 0x80, 0x20, 0x0F, 0x8D,
    0x20, 0xC3, 0x36, 0x02, 0x8E, 0x71, 0x2B, 0x99, 0x22, 0xE3, 0x37, 0x45, 0x7A, 0x0A, 0x54, 0x4B,
    0x51, 0xA4, 0x08, 0x05, 0x2E, 0x71, 0xDE, 0x6F, 0xB9, 0x05, 0x3C, 0xBD, 0x31, 0x04, 0xCD, 0x10,
    0x2E, 0x68, 0xEC, 0x56, 0x7D, 0x76, 0x2D, 0x62, 0x8E, 0x76, 0x8E, 0x13, 0xE2, 0x41, 0x72, 0x42,
    0x09, 0xF7, 0x60, 0xA7, 0x6E, 0xED, 0x60, 0xB7, 0x81, 0x52, 0x86, 0x4C, 0x47, 0x3B, 0x9A, 0x05,
    0x90, 0xD7, 0xC0, 0x66, 0x29, 0xA4, 0x40, 0x4B, 0xFF, 0xC1, 0x5F, 0xC1, 0x0F, 0x0D, 0x6A, 0xB3,
    0xEB, 0xF0, 0x56, 0x8E, 0xB1, 0x11, 0x60, 0x87, 0x12, 0x5C, 0xEE, 0xC0, 0xE1, 0x4E, 0x18, 0x3D,
    0x0F, 0xA5, 0x15, 0x1A, 0x84, 0xDE, 0x7A, 0x5F, 0xC2, 0xCF, 0x1D, 0x32, 0xBD, 0xA6, 0x4F, 0xE0,
    0x9B, 0x02, 0x0D, 0x30, 0x04, 0x9C, 0x68, 0x0D, 0xA1, 0x5F, 0x58, 0x41, 0x8E, 0x08, 0x43, 0xC4,
    0x83, 0xCA, 0xD7, 0x3D, 0x09, 0x8B, 0x29, 0x1B, 0x6B, 0xEE, 0x4C, 0x09, 0x6D, 0x0B, 0x6E, 0xE6,
    0xF5, 0x1A, 0x02, 0x30, 0xDD, 0x74, 0xC0, 0xE3, 0xDF, 0x46, 0x88, 0x6F, 0x09, 0x12, 0x9E, 0x15,
    0x5C, 0xCF, 0x74, 0x7F, 0x27, 0xA6, 0xE1, 0xE4, 0x57, 0xB1, 0x7C, 0x85, 0xA9, 0xF3, 0x62, 0xC7,
    0xAB, 0xDF, 0x16, 0x6F, 0x15, 0xBB, 0x63, 0x34, 0xEC, 0xF6, 0xBE, 0xF8, 0x0F, 0x80, 0xF3, 0x1F,
    0xC2, 0xD4, 0xA8, 0x6C, 0x06, 0xDB, 0x96, 0x10, 0xA8, 0x30, 0x01, 0x82, 0x4C, 0xC1, 0x27, 0x46,
    0x60, 0xE6, 0xDA, 0x46, 0x76, 0x6C, 0x1A, 0x60, 0x65, 0x77, 0xE7, 0xF0, 0xCD, 0x68, 0x09, 0x4D,
    0x46, 0xCD, 0x96, 0xB8, 0x16, 0xB8, 0xFC, 0xF7, 0x5B, 0xB7, 0xF1, 0x1F, 0x5D, 0x85, 0x9D, 0xFF,
    0xF1, 0x64, 0xB6, 0x0C, 0x16, 0x47, 0xD8, 0xF8, 0xD4, 0x91, 0xCD, 0x8D, 0x8D, 0xB2, 0x85, 0x29,
    0x12, 0x1E, 0x5E, 0xC4, 0x52, 0x4F, 0x24, 0x77, 0x6A, 0x34, 0x03, 0x2E, 0x30, 0xB8, 0xE1, 0x0D,
    0x9B, 0x8B, 0x9C, 0x3B, 0x0C, 0xDF, 0xAE, 0xC4, 0x7F, 0xD8, 0x5B, 0xFF, 0xC3, 0xC0, 0x06, 0xCB,
    0xD1, 0xE0, 0xA5, 0x1A, 0xDC, 0x0E, 0xDB, 0x7C, 0x93, 0x6D, 0x0C, 0x3E, 0x18, 0x7D, 0x13, 0x7C,
    0x4C, 0x82, 0x08, 0x7D, 0x3E, 0x9D, 0xCF, 0xED, 0x93, 0x8F, 0xAE, 0x28, 0x40, 0xDA, 0x31, 0x68,
    0x99, 0x98, 0x48, 0xC4, 0x3B, 0xA8, 0xC3, 0x48, 0x1C, 0x45, 0xD0, 0x3A, 0x2A, 0x9C, 0xBA, 0xAF,
    0xDD, 0xC7, 0x0F, 0x6A, 0xC4, 0x72, 0x83, 0x6D, 0x1B, 0x8F, 0x59, 0x1A, 0x24, 0x22, 0xBA, 0x21,
    0xB7, 0x66, 0xF3, 0x4B, 0x9E, 0x06, 0x01, 0xCD, 0xB2, 0x3C, 0x89, 0xCA, 0x6D, 0xF8, 0xC4, 0xD7,
    0xEC, 0xAB, 0xA7, 0x14, 0x00, 0x03, 0x77, 0x07, 0x0C, 0x86, 0xC0, 0x88, 0x30, 0xF7, 0x0C, 0xAA,
    0xAE, 0x25, 0x47, 0x03, 0x95, 0xA0, 0x84, 0xA5, 0xED, 0x02, 0xF0, 0xFB, 0x1D, 0x9B, 0x02, 0xED,
    0x1C, 0x17, 0xFE, 0x07, 0x6B, 0xFF, 0xF7, 0x49, 0xB0, 0x38, 0x0E, 0xEA, 0xD7, 0xCC, 0xE6, 0xD8,
    0x6B, 0x0B, 0xB3, 0x03, 0xD2, 0x4A, 0x74, 0xC9, 0x4E, 0x04, 0x2B, 0x0F, 0x35, 0x1C, 0xB8, 0x0B,
    0xD4, 0x8D, 0x31, 0xB7, 0xCC, 0x7E, 0xA3, 0x08, 0xFE, 0x3A, 0x2B, 0xCA, 0x9D, 0x46, 0xD3, 0x44,
    0xF3, 0x7E, 0xA7, 0x47, 0x5D, 0xF5, 0x16, 0xFF, 0x2F, 0xA2, 0xF2, 0xC0, 0x23, 0x79, 0x99, 0x67,
    0x46, 0xE6, 0x09, 0xDE, 0x42, 0x1B, 0x21, 0xB4, 0x51, 0xA3, 0x70, 0xD4, 0x28, 0x81, 0x04, 0xA7,
    0x1A, 0x16, 0x2D, 0x3A, 0xC2, 0xC6, 0x2C, 0xA5, 0x9B, 0xCE, 0x64, 0xD5, 0xCC, 0xD0, 0xC8, 0xCD,
    0xF0, 0x7C, 0x89, 0xA8, 0xC9, 0xA5, 0x89, 0x9D, 0x3A, 0xC6, 0x06, 0x14, 0x7E, 0x80, 0xBB, 0x26,
    0x12, 0xE7, 0x12, 0xD7, 0x94, 0x0F, 0x55, 0x31, 0x65, 0xAC, 0xA3, 0xF6, 0x61, 0xA2, 0x5B, 0xC7,
    0x6E, 0xEB, 0x55, 0xB1, 0xD7, 0x79, 0x36, 0x0E, 0x72, 0x78, 0xCC, 0x70, 0xFE, 0x6D, 0xAE, 0x98,
    0x61, 0x37, 0x1B, 0xD7, 0xF1, 0xB9, 0x24, 0xE5, 0x14, 0x4B, 0x2D, 0x17, 0x73, 0x79, 0x42, 0x02,
    0x3E, 0x82, 0xD1, 0xAD, 0x79, 0x2C, 0x06, 0x0B, 0xE5, 0x00, 0xBE, 0x29, 0x71, 0xBC, 0xD2, 0xF8,
    0x67, 0x1B, 0xE9, 0x3F, 0x82, 0xED, 0xA0, 0x6A, 0xC2, 0x30, 0x76, 0xB8, 0x11, 0xEA, 0x98, 0x26,
    0x11, 0xAE, 0x21, 0x88, 0x18, 0x1C, 0x3C, 0x0D, 0xF1, 0x2C, 0xB6, 0xF8, 0x25, 0x2C, 0xF3, 0x59,
    0x29, 0x2E, 0xEA, 0xBE, 0xF3, 0x55, 0x06, 0x02, 0x30, 0xE1, 0x7A, 0x44, 0xC5, 0x7A, 0x3C, 0xED,
    0x28, 0xE4, 0xA7, 0x60, 0x03, 0xCB, 0x60, 0x3B, 0xAA, 0xBB, 0x41, 0xEB, 0x69, 0x33, 0x38, 0x19,
    0xE2, 0x80, 0xE9, 0xE9, 0x17, 0x43, 0x79, 0xC9, 0xC7, 0xC3, 0x32, 0xD6, 0xE2, 0x4B, 0x51, 0x28,
    0x7C, 0xD7, 0xEF, 0xC6, 0x34, 0xBF, 0x21, 0x88, 0xB6, 0xA0, 0xDA, 0x3D, 0x91, 0xE4, 0x82, 0xF3,
    0xD1, 0x43, 0x81, 0xD5, 0xA3, 0xD2, 0x8C, 0x5F, 0x40, 0x2F, 0xC8, 0xF6, 0x80, 0xF0, 0x58, 0x5F,
    0xA1, 0xD9, 0x71, 0xEC, 0x70, 0x98, 0xAA, 0x4F, 0x0F, 0xF5, 0x58, 0x3A, 0x66, 0x39, 0x95, 0xF7,
    0x78, 0x3C, 0x4B, 0xA1, 0x2B, 0x71, 0xA0, 0x91, 0x1E, 0x80, 0x7A, 0xB0, 0x47, 0xA6, 0x67, 0xAD,
    0x7B, 0x07, 0xA1, 0xFC, 0x9F, 0x0D, 0x87, 0x91, 0x2F, 0xE9, 0xE1, 0x9D, 0x5F, 0x3F, 0x3F, 0x13,
    0xDD, 0xD6, 0xEF, 0xA1, 0x84, 0x6B, 0xBB, 0xC2, 0x3E, 0x21, 0xDC, 0x91, 0x79, 0xF1, 0x7C, 0x3A,
    0x0F, 0x9B, 0x32, 0xD6, 0xB8, 0xE0, 0xBF, 0xD9, 0xBD, 0xA8, 0xEF, 0xCB, 0x37, 0x6F, 0xF6, 0xD9,
    0xFF, 0x00, 0xBD, 0x59, 0xBF, 0x8F, 0x1B, 0xC7, 0x15, 0x7E, 0xBB, 0x6B, 0x69, 0x93, 0x0C, 0xEE,
    0xC6, 0x45, 0x82, 0xC4, 0x91, 0xA5, 0x75, 0xE1, 0x22, 0x01, 0x28, 0x6E, 0x0A, 0x16, 0x44, 0xB0,
    0x24, 0xD7, 0x11, 0x90, 0x14, 0x06, 0x62, 0x17, 0x49, 0x95, 0xC2, 0x29, 0x5C, 0x3A, 0xD0, 0x15,
    0x2A, 0x08, 0x83, 0x27, 0xAE, 0xEC, 0xC2, 0x85, 0x0B, 0xAB, 0x71, 0x95, 0x46, 0xFF, 0x41, 0x58,
    0x5C, 0xC1, 0xE2, 0x24, 0xAE, 0xA1, 0x22, 0x45, 0x9A, 0x85, 0x1D, 0x24, 0x85, 0x0B, 0x8F, 0xAD,
    0x20, 0x29, 0x0C, 0x38, 0x1B, 0x60, 0x9D, 0xD0, 0x00, 0xA9, 0xCD, 0xF7, 0xBD, 0x5D, 0xF2, 0x78,
    0xFE, 0x01, 0x44, 0x3A, 0xE5, 0x4E, 0xDC, 0xD1, 0x91, 0x37, 0xF3, 0x7E, 0xCD, 0xF7, 0xDE, 0xFB,
    0x66, 0x28, 0x91, 0xC8, 0x48, 0xA4, 0x2B, 0xED, 0xCF, 0xAB, 0x22, 0x47, 0x22, 0x25, 0x5F, 0x9E,
    0x93, 0xA0, 0xE0, 0x2B, 0xCC, 0xC5, 0xE4, 0x62, 0x33, 0xB1, 0xA9, 0xC4, 0x29, 0xA7, 0x7F, 0x0F,
    0x33, 0xFD, 0x5C, 0x02, 0xBC, 0x32, 0xB9, 0x5E, 0xF9, 0xF5, 0xCA, 0x7C, 0xF4, 0xA3, 0x68, 0x5F,
    0x06, 0x7B, 0x32, 0x79, 0x56, 0xE6, 0x1D, 0xA9, 0xFA, 0xB2, 0xEC, 0xC9, 0xF1, 0x81, 0x8C, 0xFE,
    0x95, 0xC7, 0x75, 0x1E, 0xAE, 0xC5, 0xCB, 0x75, 0x45, 0x86, 0x95, 0x8B, 0x4C, 0xC2, 0x3A, 0x97,
    0x28, 0x4D, 0x65, 0x80, 0xB7, 0x13, 0x3C, 0x73, 0x3C, 0x95, 0xE0, 0xE3, 0x52, 0x0C, 0x1E, 0x0F,
    0x06, 0xF0, 0xF1, 0x9D, 0xD0, 0x00, 0x2A, 0x12, 0x83, 0xA5, 0x30, 0x56, 0xA6, 0xF5, 0x4A, 0x6A,
    0x3C, 0x1E, 0xCD, 0xC5, 0x1F, 0x8C, 0xF8, 0x9F, 0x2C, 0x87, 0x82, 0xCF, 0x96, 0x90, 0x13, 0x3A,
    0xF1, 0x0A, 0xAF, 0xE0, 0x1F, 0x60, 0x7E, 0xAA, 0x83, 0xBE, 0xA5, 0xAD, 0x0E, 0xEB, 0x6D, 0x5D,
    0xA7, 0x72, 0x18, 0x3F, 0xC8, 0xE5, 0x80, 0x1E, 0xE2, 0x27, 0xA5, 0x5F, 0x43, 0xBA, 0xB8, 0xE2,
    0xBC, 0x12, 0xF3, 0xF0, 0xBB, 0x57, 0xC6, 0xB4, 0xE9, 0x10, 0xC3, 0xB2, 0xA2, 0xDA, 0x42, 0xD7,
    0xC2, 0x86, 0xFA, 0x21, 0xDE, 0xD2, 0xF0, 0x11, 0xAC, 0x68, 0x06, 0xB5, 0x5F, 0x96, 0xD2, 0x78,
    0xA1, 0xA6, 0x8B, 0xCF, 0x01, 0xD6, 0x89, 0x15, 0xD9, 0x17, 0xB9, 0x2C, 0xD2, 0x11, 0x49, 0x44,
    0xFA, 0x22, 0x37, 0x44, 0x66, 0x1A, 0xE4, 0x97, 0x65, 0xFB, 0xE3, 0xA7, 0x12, 0x66, 0x62, 0x52,
    0x4E, 0xFF, 0xDA, 0x15, 0xE2, 0x2D, 0x1C, 0x82, 0x53, 0x49, 0x94, 0x1D, 0xE8, 0x7E, 0xC1, 0x67,
    0x6E, 0x87, 0x58, 0x58, 0x66, 0xA0, 0x76, 0xB4, 0x16, 0x59, 0x8D, 0xA0, 0xDC, 0x66, 0xBE, 0x33,
    0x99, 0x5F, 0xC2, 0xAD, 0xE5, 0x14, 0xE1, 0xA6, 0x95, 0xF0, 0xD4, 0xE0, 0xF1, 0xAB, 0xD6, 0xCE,
    0xB9, 0x3C, 0x8D, 0xFF, 0x07, 0xF0, 0x76, 0x54, 0x17, 0x62, 0xE0, 0xD2, 0xC0, 0xA4, 0x37, 0xA3,
    0x3C, 0xB1, 0xDC, 0xA0, 0xBF, 0x61, 0x36, 0xDD, 0x9C, 0xA6, 0x51, 0xEE, 0x55, 0xD3, 0x37, 0x5D,
    0x70, 0xBF, 0x2E, 0x4B, 0x63, 0xB3, 0x3B, 0x37, 0xF6, 0x61, 0x56, 0xAF, 0x03, 0xAB, 0x7A, 0xFD,
    0x1E, 0x86, 0xDE, 0x81, 0xC8, 0xC1, 0x01, 0xBC, 0x99, 0x71, 0x70, 0x37, 0xC6, 0x08, 0x7F, 0x7F,
    0x60, 0x82, 0x2C, 0x89, 0xD7, 0x56, 0xE2, 0x10, 0x01, 0xB4, 0x45, 0x58, 0x89, 0x5F, 0xD7, 0xD8,
    0xBF, 0xEB, 0x54, 0x1D, 0x57, 0xDE, 0xE7, 0x47, 0x41, 0x36, 0x33, 0x52, 0xEE, 0x07, 0x6E, 0x6F,
    0xAF, 0xB0, 0xE3, 0x22, 0x2C, 0x0A, 0x0D, 0x28, 0x47, 0x09, 0x8B, 0x43, 0x89, 0x5E, 0xA8, 0xE4,
    0x30, 0x2C, 0xBC, 0x2A, 0x4A, 0x37, 0x6F, 0x87, 0x81, 0x93, 0x18, 0x51, 0xB5, 0x59, 0x05, 0x48,
    0x4E, 0xB0, 0x4D, 0x03, 0x38, 0x8B, 0x2D, 0x9D, 0x9B, 0x74, 0x04, 0xF1, 0x53, 0xEE, 0x2C, 0x63,
    0xA7, 0x0F, 0x02, 0x88, 0x08, 0x8E, 0xEA, 0x72, 0x54, 0xBB, 0xD3, 0x1E, 0x65, 0x5E, 0x05, 0x50,
    0xC1, 0xA3, 0xB4, 0x34, 0xC1, 0xCF, 0x8B, 0xD9, 0x7E, 0x28, 0xAE, 0xD7, 0x31, 0x52, 0xF4, 0xFA,
    0xFB, 0x41, 0xDE, 0xEB, 0xD9, 0x87, 0xF0, 0xE8, 0xF2, 0x0D, 0x78, 0xD4, 0xE9, 0x88, 0x3B, 0xE8,
    0xEF, 0xF9, 0xFC, 0x10, 0x1E, 0xFD, 0xF6, 0xE2, 0x4B, 0x02, 0x50, 0xB4, 0x1E, 0x05, 0x5B, 0x8F,
    0x62, 0x55, 0x12, 0xBA, 0x68, 0x99, 0x74, 0x7E, 0xD2, 0xE9, 0x8D, 0x47, 0xD8, 0x01, 0x91, 0xE7,
    0x45, 0x53, 0x89, 0xDB, 0xCC, 0x87, 0xD9, 0x54, 0xD7, 0x25, 0x1E, 0xA7, 0x70, 0x66, 0x26, 0x84,
    0xA9, 0x02, 0x44, 0x2E, 0x34, 0x10, 0x80, 0x13, 0x78, 0x68, 0x64, 0x16, 0xFC, 0xC5, 0x79, 0x4D,
    0x16, 0xFA, 0x05, 0x71, 0xD1, 0x25, 0xB0, 0x90, 0x87, 0xC3, 0x5F, 0xCB, 0x02, 0x6A, 0xA7, 0x85,
    0xFF, 0xEE, 0x11, 0x51, 0x81, 0x04, 0xB9, 0x27, 0x72, 0x09, 0x70, 0x2D, 0xF0, 0x7A, 0x2E, 0xC8,
    0x0F, 0x5F, 0x49, 0x23, 0x98, 0xF4, 0x8C, 0xC8, 0x31, 0x11, 0x08, 0x20, 0x63, 0xE9, 0x58, 0x01,
    0xDB, 0x05, 0x96, 0x06, 0xC8, 0xB6, 0x04, 0x9B, 0x3F, 0x81, 0xB8, 0x63, 0x48, 0x5F, 0x02, 0xAA,
    0x95, 0xEF, 0xBC, 0x32, 0x70, 0x41, 0x19, 0x94, 0xD6, 0x85, 0xD5, 0xD4, 0x99, 0xFA, 0xDF, 0xCE,
    0xFE, 0xE1, 0x0D, 0x67, 0xDB, 0x70, 0x32, 0xEB, 0xBA, 0x2D, 0xE6, 0xF9, 0x60, 0x2F, 0xD3, 0x88,
    0xB6, 0xAE, 0xFA, 0xB2, 0x58, 0xDE, 0x90, 0xBA, 0x9A, 0x09, 0xE0, 0x81, 0xC7, 0xC9, 0xF4, 0x63,
    0xA0, 0xE9, 0x7D, 0xD8, 0x73, 0x1F, 0xF9, 0x7E, 0x3F, 0x93, 0xE0, 0xAD, 0x54, 0x82, 0x17, 0xE1,
    0x2A, 0x04, 0x19, 0xEC, 0x09, 0xE1, 0xB3, 0x07, 0x58, 0x3F, 0x0B, 0x04, 0x5D, 0x41, 0x29, 0xE9,
    0x22, 0x00, 0xFB, 0x08, 0xA8, 0xE7, 0xFC, 0x7C, 0xC1, 0x20, 0x1C, 0x06, 0xAB, 0x0B, 0x89, 0xF4,
    0x90, 0x9D, 0x33, 0x71, 0x5E, 0xE1, 0xE7, 0xDF, 0xFF, 0x33, 0x32, 0x6C, 0x9A, 0xF9, 0x7F, 0x77,
    0x61, 0x0A, 0xCC, 0xCC, 0xF6, 0x65, 0x66, 0xBD, 0xC2, 0xFC, 0x3E, 0xF3, 0xD7, 0x4D, 0xD0, 0x72,
    0xFE, 0x57, 0x5A, 0xE2, 0x20, 0x03, 0xA2, 0x8B, 0x16, 0x24, 0x4B, 0x38, 0x7F, 0x0C, 0x90, 0x0C,
    0xF5, 0x77, 0x82, 0x67, 0x69, 0xB3, 0xDD, 0xB7, 0xAC, 0x20, 0x78, 0xC5, 0xEA, 0xE4, 0x67, 0x9A,
    0x6C, 0x7B, 0x9A, 0x98, 0xCF, 0x32, 0x9A, 0x78, 0xCB, 0xED, 0xE9, 0x2B, 0x90, 0x7A, 0xCC, 0x41,
    0x98, 0xC4, 0x7A, 0x31, 0x0B, 0xF2, 0x3B, 0xA8, 0x04, 0x06, 0x12, 0x2E, 0xFC, 0xAA, 0xB3, 0x4F,
    0xC4, 0xDE, 0xF8, 0x29, 0x6C, 0xF0, 0x8A, 0x4F, 0x30, 0x86, 0xD7, 0xE0, 0xB4, 0xEC, 0x1B, 0x6E,
    0x6F, 0xDF, 0xD6, 0xDC, 0xC2, 0x0B, 0xBF, 0x49, 0x59, 0xFA, 0xAC, 0xEE, 0xF5, 0x3E, 0xC5, 0xCB,
    0xB7, 0xB7, 0x69, 0x7F, 0x99, 0x1F, 0x79, 0x2B, 0xE6, 0xB9, 0xFF, 0x9A, 0x6A, 0x4F, 0x38, 0x19,
    0xFA, 0xA8, 0xBD, 0xC7, 0xBF, 0x43, 0x2F, 0xB5, 0xCF, 0x54, 0xBB, 0xD3, 0x0A, 0x5A, 0x58, 0x03,
    0x37, 0xD7, 0x9D, 0x11, 0xD3, 0x79, 0xF6, 0xF2, 0x98, 0xDA, 0x31, 0x99, 0x6B, 0x0E, 0xD4, 0x8B,
    0x82, 0x12, 0x38, 0xD5, 0x51, 0x23, 0xF0, 0x36, 0xA6, 0xF6, 0x40, 0xDD, 0x32, 0xC8, 0xB2, 0xE7,
    0x64, 0xE7, 0x67, 0xAA, 0xC6, 0xBD, 0x5B, 0x32, 0x02, 0x50, 0x33, 0x63, 0x6D, 0xA7, 0x0D, 0x37,
    0xD5, 0x86, 0x4B, 0xD9, 0x65, 0xAD, 0xF6, 0x7D, 0x1D, 0x61, 0xC3, 0x9E, 0x79, 0xF3, 0x3D, 0x87,
    0x32, 0x68, 0x43, 0x40, 0x73, 0xD9, 0x89, 0x18, 0xFF, 0xD9, 0xEB, 0x1A, 0x81, 0x07, 0x04, 0xF5,
    0xB5, 0x37, 0xB1, 0xEA, 0xB2, 0xD5, 0xE8, 0x45, 0x4C, 0x3E, 0x77, 0xE1, 0x95, 0x94, 0x36, 0xEC,
    0x6B, 0xA4, 0x9B, 0xB2, 0xF6, 0x83, 0xAD, 0x76, 0x20, 0x10, 0x55, 0xC8, 0x77, 0xED, 0xDB, 0x6D,
    0x11, 0x8C, 0x14, 0x6C, 0x1B, 0x14, 0xC7, 0xFA, 0x0E, 0xAD, 0xE2, 0xE6, 0x45, 0x24, 0x7B, 0x6A,
    0xBE, 0xC0, 0xD4, 0x8B, 0x5A, 0x60, 0xA9, 0x3E, 0xD0, 0xD5, 0x5A, 0x70, 0x89, 0x75, 0xB9, 0xBA,
    0xEB, 0x5E, 0x53, 0xF4, 0x02, 0x0E, 0x96, 0xF5, 0x27, 0xE2, 0x94, 0x24, 0x61, 0x11, 0xE4, 0x50,
    0x26, 0xEC, 0x31, 0x18, 0xC2, 0x7C, 0x40, 0x03, 0xAF, 0x12, 0xEC, 0x5D, 0x69, 0x32, 0xB1, 0x06,
    0xCC, 0x61, 0x60, 0xC4, 0xD0, 0x59, 0xED, 0x82, 0xB4, 0xCB, 0xA6, 0x43, 0x0E, 0x6D, 0xBF, 0x6C,
    0xE4, 0xAB, 0x1D, 0xCC, 0x14, 0xED, 0x67, 0x9E, 0x3B, 0x2F, 0x0B, 0x58, 0x66, 0x84, 0x1D, 0x29,
    0xF8, 0x27, 0xC5, 0xBF, 0x8D, 0x1D, 0x18, 0xB0, 0xBE, 0x94, 0x4D, 0x38, 0xFE, 0xFF, 0x16, 0x18,
    0x37, 0x63, 0x09, 0x04, 0xB4, 0x7A, 0xD7, 0xD3, 0x73, 0x52, 0xF9, 0x33, 0x84, 0x37, 0xBA, 0x0F,
    0x07, 0x6D, 0x50, 0x9C, 0x53, 0x9C, 0xEF, 0x52, 0xFC, 0x87, 0x14, 0x7F, 0x8D, 0xC3, 0xDB, 0xDC,
    0xE4, 0xD5, 0x79, 0x6D, 0xB2, 0x4E, 0xC2, 0xAC, 0x35, 0x8B, 0x2F, 0x0B, 0x40, 0xF8, 0x11, 0x3F,
    0xB6, 0xAF, 0x50, 0x6F, 0x57, 0xC9, 0xDB, 0x64, 0xA0, 0x29, 0xC0, 0x72, 0x18, 0x14, 0x53, 0x4C,
    0x32, 0xD9, 0x5C, 0x11, 0xB9, 0xD4, 0xF5, 0x95, 0xAE, 0x27, 0xA5, 0x2A, 0xC9, 0x4E, 0xC2, 0x9C,
    0x09, 0x67, 0x53, 0x86, 0x6F, 0xC8, 0xC6, 0x84, 0x44, 0x33, 0x64, 0x37, 0x1E, 0x3B, 0xA5, 0x52,
    0x9C, 0x45, 0x3A, 0xA5, 0x4B, 0xDF, 0x12, 0xC3, 0x10, 0xB3, 0xA3, 0x31, 0x09, 0x9B, 0x0E, 0xA0,
    0x18, 0xC7, 0x92, 0xCD, 0x30, 0xDF, 0xFE, 0xA6, 0x7F, 0x00, 0x43, 0xCC, 0x24, 0x2E, 0xD0, 0x96,
    0x0C, 0x9B, 0xA4, 0xCA, 0x64, 0xD9, 0xD3, 0xCC, 0xC7, 0x9F, 0xB3, 0x86, 0xB9, 0x09, 0x33, 0x5D,
    0xBC, 0xF5, 0x49, 0x29, 0xC8, 0x5A, 0xEE, 0x44, 0x79, 0x49, 0x9B, 0x4F, 0xE1, 0x09, 0xA8, 0x48,
    0xFD, 0x16, 0xA0, 0x79, 0x55, 0xDB, 0x52, 0x77, 0x19, 0x22, 0x8C, 0x0F, 0xF1, 0x90, 0x25, 0xEE,
    0xF6, 0xAD, 0xB8, 0x25, 0x4A, 0x03, 0x5D, 0xBE, 0xC6, 0x72, 0xDD, 0xB4, 0x67, 0xA4, 0xDD, 0x52,
    0x55, 0x17, 0x9E, 0xCA, 0x5D, 0x39, 0xA5, 0x4F, 0x15, 0xAA, 0x46, 0x4D, 0xA8, 0x86, 0xDA, 0x31,
    0xBB, 0x15, 0x79, 0x54, 0xAB, 0x7A, 0x55, 0x71, 0xB3, 0x59, 0x54, 0xDD, 0x48, 0xD3, 0x78, 0x0D,
    0xB7, 0x41, 0xA3, 0xFE, 0x8D, 0x01, 0xDF, 0x69, 0xE3, 0xC0, 0xED, 0xFA, 0xD8, 0x61, 0xE1, 0x11,
    0x10, 0x91, 0x3C, 0x71, 0x4F, 0x7D, 0x37, 0x97, 0xB0, 0x04, 0xAF, 0x2D, 0xAA, 0x27, 0x2E, 0xFB,
    0x62, 0xDA, 0x06, 0xA1, 0x6C, 0xCB, 0xEE, 0xD5, 0x8D, 0xF3, 0x1B, 0x3A, 0x53, 0x68, 0x77, 0x56,
    0x05, 0x65, 0x53, 0xA4, 0x39, 0x9F, 0xD1, 0x66, 0xB5, 0xB4, 0xAD, 0x92, 0x2F, 0x2B, 0x98, 0x34,
    0x58, 0x8A, 0xD1, 0x3A, 0x5A, 0x42, 0xF8, 0xE3, 0x86, 0xB4, 0x52, 0x00, 0x17, 0x0D, 0x5A, 0x9A,
    0xFD, 0xA4, 0xF5, 0x10, 0x14, 0xE0, 0xCB, 0x1E, 0x20, 0x1B, 0x82, 0xBE, 0x44, 0x10, 0x38, 0x56,
    0x0A, 0xF7, 0x64, 0xF5, 0x84, 0x39, 0xE8, 0xC9, 0xFB, 0x95, 0x98, 0x5B, 0xEE, 0x89, 0xCB, 0x66,
    0xE2, 0x63, 0x77, 0x10, 0x9D, 0x8A, 0x79, 0x05, 0x76, 0xAF, 0x75, 0x25, 0x55, 0x46, 0x04, 0xA1,
    0x16, 0x2C, 0xD9, 0xD9, 0x6C, 0xC1, 0x81, 0x65, 0x26, 0x85, 0xE0, 0x88, 0x92, 0xBB, 0x4D, 0xBF,
    0x8D, 0x29, 0x6E, 0x48, 0x13, 0x06, 0x72, 0x3D, 0x87, 0x38, 0x16, 0x82, 0xFA, 0xB6, 0x82, 0xF9,
    0x1A, 0xE1, 0xCA, 0x12, 0xF1, 0xDE, 0xA9, 0xBA, 0x77, 0xCC, 0x74, 0x5D, 0x73, 0x47, 0x6A, 0x2A,
    0x64, 0x21, 0xF3, 0x3E, 0xC5, 0x09, 0xC4, 0xFF, 0x20, 0x27, 0xCB, 0x76, 0x38, 0x52, 0xBD, 0x57,
    0x86, 0x79, 0x98, 0x55, 0x26, 0x33, 0xE9, 0x31, 0x54, 0x0A, 0x0E, 0x19, 0x56, 0xBA, 0x11, 0x08,
    0xA0, 0x65, 0x0D, 0xB4, 0x87, 0xD0, 0x16, 0xAE, 0x00, 0xFF, 0x60, 0x05, 0x8F, 0xFC, 0x25, 0xF3,
    0x1F, 0x2E, 0x78, 0xB7, 0x37, 0x07, 0xAA, 0x26, 0x2F, 0xB5, 0xCE, 0x59, 0xD9, 0x14, 0x8F, 0x93,
    0xB2, 0xB1, 0xE0, 0xD1, 0x90, 0x4E, 0xDF, 0x43, 0x49, 0x86, 0xED, 0x43, 0xC6, 0x2D, 0xA6, 0x5B,
    0x11, 0x3D, 0x8A, 0x18, 0xAA, 0x88, 0x32, 0x22, 0x0D, 0x16, 0x87, 0x01, 0x75, 0x4C, 0xF8, 0xDB,
    0xB2, 0xE1, 0x18, 0xCD, 0x9A, 0x6C, 0xCA, 0x73, 0xC2, 0xB2, 0x01, 0x81, 0xE6, 0x69, 0xBA, 0x49,
    0xE1, 0xE5, 0x26, 0xE7, 0x35, 0xC9, 0x07, 0x72, 0x4E, 0x16, 0x30, 0xCB, 0x24, 0xA6, 0xBF, 0x53,
    0x52, 0xD6, 0x92, 0xC5, 0x3B, 0x1B, 0x93, 0x3C, 0x5F, 0x3D, 0x27, 0x0B, 0xBE, 0xD8, 0x63, 0x61,
    0xC0, 0x9E, 0x1B, 0xE3, 0xCE, 0x47, 0xA5, 0x57, 0x62, 0x51, 0x50, 0xB2, 0xDB, 0xB9, 0xF1, 0x79,
    0xED, 0x34, 0x61, 0x79, 0x6B, 0x19, 0xFC, 0xB5, 0x20, 0x8E, 0xD7, 0xF0, 0x18, 0x64, 0x2A, 0x3F,
    0x0C, 0x5C, 0x4F, 0x5A, 0x8A, 0x81, 0x93, 0x98, 0x5C, 0xFF, 0x47, 0xD6, 0x94, 0x7B, 0x5D, 0x7F,
    0x2C, 0x8B, 0x0C, 0x68, 0xFF, 0x10, 0x40, 0x0F, 0xDF, 0xCA, 0x4D, 0x6E, 0xC3, 0xDC, 0xA6, 0x49,
    0x98, 0x47, 0x72, 0x14, 0xE6, 0xB1, 0xE7, 0x4C, 0x1E, 0x07, 0x99, 0x4D, 0x63, 0x76, 0xF3, 0xB8,
    0x03, 0xC5, 0xF1, 0x11, 0x2C, 0xB1, 0x38, 0x6E, 0x61, 0x40, 0x77, 0xB4, 0x4C, 0xAF, 0xAB, 0xDC,
    0xD7, 0xEF, 0x36, 0xEE, 0x7D, 0x09, 0xF0, 0x57, 0x4F, 0x00, 0x9F, 0xED, 0x12, 0x0D, 0x32, 0x62,
    0xDF, 0x35, 0xED, 0xDB, 0x32, 0x19, 0x22, 0xBA, 0xD4, 0x65, 0xD9, 0x1E, 0x30, 0x16, 0x09, 0x17,
    0x4D, 0x98, 0xD1, 0xF3, 0xE6, 0xE4, 0x38, 0x60, 0x66, 0xF2, 0xB4, 0xCC, 0x1C, 0x73, 0x18, 0x78,
    0x94, 0x64, 0x51, 0x89, 0xD1, 0xE4, 0x61, 0xC6, 0x92, 0xBC, 0x42, 0x95, 0xCB, 0x0F, 0x39, 0xDC,
    0xDC, 0xD8, 0x71, 0x02, 0xF8, 0x44, 0xCE, 0xC9, 0x02, 0x65, 0xF5, 0x0A, 0xF8, 0x45, 0x41, 0x4D,
    0x25, 0x7B, 0xAB, 0x02, 0xBE, 0x73, 0x3E, 0x16, 0xB4, 0xE8, 0x63, 0xF7, 0x2C, 0xE6, 0xE7, 0xE4,
    0xB4, 0x8F, 0xD1, 0xE6, 0x4D, 0xA5, 0x59, 0x36, 0xFD, 0xD8, 0xA4, 0x3B, 0x25, 0xD6, 0x5B, 0x0E,
    0xDA, 0xA3, 0x6C, 0x84, 0x92, 0x6E, 0xD3, 0x63, 0xB1, 0xB7, 0x4A, 0x09, 0xFF, 0x58, 0x80, 0xF6,
    0xE3, 0x74, 0xF9, 0xB0, 0x21, 0xA3, 0x5F, 0x77, 0x6D, 0xB6, 0xDB, 0x41, 0x76, 0xAF, 0xDA, 0x04,
    0xD8, 0xF3, 0xEA, 0x1A, 0x0E, 0x99, 0x32, 0x28, 0xFC, 0x12, 0x73, 0x51, 0xA5, 0xBD, 0xB2, 0xB9,
    0x38, 0x0A, 0x0A, 0x0B, 0x88, 0x93, 0x07, 0xB2, 0xB5, 0x0C, 0x4E, 0x77, 0x1B, 0xEE, 0x0F, 0xEF,
    0x92, 0x48, 0x67, 0x4C, 0x31, 0x65, 0xB2, 0x59, 0x4E, 0xB0, 0x44, 0x49, 0xCC, 0x69, 0x77, 0x79,
    0x13, 0xC7, 0x26, 0x14, 0xC1, 0x89, 0x72, 0x40, 0xAB, 0x12, 0x9A, 0x35, 0xA4, 0x5D, 0x51, 0x06,
    0xC3, 0x50, 0x4A, 0xC0, 0x41, 0x2B, 0xC6, 0x6E, 0x4E, 0xDB, 0x26, 0x0C, 0xE0, 0x5C, 0xA2, 0x8B,
    0x88, 0x72, 0xCC, 0x13, 0xEA, 0x90, 0x77, 0x52, 0x7A, 0x50, 0xA6, 0xE5, 0xF4, 0x44, 0xA9, 0xD7,
    0xD1, 0x69, 0x28, 0x86, 0xBC, 0x0C, 0xA9, 0x73, 0xAF, 0x32, 0x79, 0x98, 0x1B, 0xE4, 0x9A, 0x4D,
    0x23, 0xAD, 0x02, 0x23, 0xCC, 0xBA, 0x27, 0x13, 0xFF, 0x33, 0x99, 0x98, 0xDF, 0xC9, 0x61, 0x17,
    0x9F, 0x54, 0x89, 0x44, 0x59, 0xD2, 0x1E, 0xDA, 0x82, 0xB2, 0x11, 0x3C, 0x6C, 0x22, 0xE2, 0x17,
    0x67, 0x94, 0xF9, 0x6A, 0xB3, 0x03, 0x21, 0x0E, 0x61, 0xD1, 0x4B, 0x80, 0x02, 0xC3, 0xE9, 0x15,
    0x67, 0x92, 0x69, 0x0A, 0xA7, 0x9C, 0xE0, 0x60, 0x7A, 0x36, 0xDB, 0x78, 0x46, 0x8A, 0x5F, 0x74,
    0x72, 0x25, 0xCC, 0xCF, 0xE6, 0x23, 0xB6, 0x3E, 0x78, 0x07, 0x6B, 0x43, 0xFC, 0xFF, 0x4B, 0x61,
    0x9F, 0x3E, 0x9B, 0x7F, 0x0F, 0x5F, 0x5C, 0x92, 0xB1, 0xA0, 0x9C, 0xFA, 0x95, 0xA9, 0xA2, 0x0C,
    0xD5, 0x33, 0xE7, 0x4A, 0x2B, 0xD7, 0x91, 0x3F, 0x31, 0xE0, 0x35, 0xC0, 0x9F, 0x99, 0x37, 0x84,
    0xC2, 0x24, 0xD0, 0xD1, 0xF0, 0xCC, 0x33, 0x19, 0xDA, 0xEC, 0x35, 0x48, 0x32, 0x68, 0x4B, 0x51,
    0xE6, 0x31, 0x87, 0x2E, 0x7D, 0xA1, 0xEC, 0x24, 0xA8, 0xAE, 0xE8, 0xBE, 0xC6, 0x2D, 0x64, 0x93,
    0x16, 0xB6, 0xC9, 0xF6, 0xC2, 0x74, 0x26, 0xBC, 0x96, 0xF1, 0x79, 0x57, 0x38, 0x6B, 0xC9, 0xEB,
    0xC3, 0xF6, 0xBE, 0x10, 0xF5, 0x36, 0xDC, 0x10, 0xCB, 0x67, 0xDA, 0xC2, 0xC7, 0xA0, 0xF9, 0x1B,
    0x96, 0xDB, 0x3F, 0xF1, 0xF8, 0xD2, 0x52, 0x53, 0x28, 0x70, 0xB1, 0x26, 0x65, 0x8C, 0x9A, 0xC9,
    0xAB, 0xE0, 0x11, 0x6C, 0x99, 0xB4, 0x3A, 0x07, 0xF2, 0x94, 0x8C, 0xD2, 0xB1, 0x26, 0x7A, 0x73,
    0x6C, 0xF3, 0xEE, 0x40, 0xA0, 0x6B, 0x04, 0xB7, 0x2C, 0x76, 0x97, 0xCA, 0x3C, 0x96, 0x4C, 0x20,
    0xCF, 0x67, 0x73, 0x46, 0x32, 0xA2, 0xD1, 0xC8, 0x38, 0xCC, 0x78, 0x97, 0x76, 0x26, 0x99, 0x11,
    0x9C, 0x1E, 0xA1, 0x1C, 0x75, 0x4D, 0x76, 0x16, 0x39, 0xCF, 0xB3, 0xD8, 0x31, 0xCD, 0x8B, 0xE6,
    0x2E, 0x82, 0x3B, 0xCB, 0x56, 0xD8, 0xC5, 0xCC, 0x04, 0x2B, 0xE6, 0xC2, 0x43, 0x08, 0xFF, 0xB1,
    0xFE, 0x59, 0xD6, 0x46, 0x7C, 0x82, 0x42, 0xB9, 0x2D, 0x7D, 0x76, 0x73, 0x1D, 0x1E, 0x29, 0xFB,
    0x1B, 0xE8, 0x3E, 0x4E, 0x34, 0x63, 0x9B, 0x43, 0x59, 0xF3, 0xE2, 0x66, 0x4D, 0x51, 0xCD, 0xF2,
    0xF0, 0x03, 0xD4, 0xAD, 0xB2, 0xAF, 0xD7, 0xE5, 0x6D, 0x0B, 0x6B, 0xBE, 0xCA, 0xD0, 0x0B, 0xA6,
    0x40, 0xBF, 0x16, 0xE0, 0xB7, 0x19, 0x59, 0xFB, 0x6D, 0x46, 0xF3, 0x4A, 0x6C, 0x7A, 0x37, 0xCE,
    0xC6, 0xD1, 0x23, 0x2A, 0x15, 0x9E, 0x7F, 0x4A, 0x7C, 0xAA, 0x17, 0xCC, 0xCC, 0x01, 0xAC, 0x42,
    0xEE, 0x3F, 0x15, 0x36, 0x05, 0x2B, 0x7E, 0x90, 0xB3, 0xC0, 0x86, 0x6E, 0x44, 0x54, 0xE7, 0x88,
    0x1B, 0x4E, 0xFE, 0x06, 0xC8, 0x07, 0x47, 0x20, 0xDB, 0x40, 0x0C, 0x87, 0xA4, 0xDC, 0x2F, 0x2C,
    0x11, 0x31, 0x87, 0x22, 0x9E, 0xEE, 0xE6, 0xFC, 0xB6, 0xFA, 0x87, 0xF9, 0x02, 0xC7, 0x11, 0xC8,
    0x79, 0xC7, 0xE4, 0xE6, 0x38, 0x28, 0x50, 0xAE, 0x73, 0x5B, 0x20, 0x57, 0x40, 0xE0, 0x23, 0xC8,
    0x03, 0x7F, 0x4E, 0x07, 0x2A, 0x2F, 0xD2, 0x47, 0x1B, 0xD0, 0x29, 0xF4, 0xBA, 0x6F, 0x40, 0x2F,
    0xB3, 0x25, 0xC6, 0x09, 0xC0, 0x52, 0x4E, 0x4E, 0x5A, 0x94, 0x6C, 0xED, 0x63, 0xEE, 0x22, 0x57,
    0xB7, 0xB6, 0xC9, 0x2E, 0x7A, 0xB3, 0x6F, 0x46, 0xEF, 0xA3, 0xCA, 0xFC, 0x5F, 0xD0, 0xFB, 0x88,
    0x32, 0xED, 0xED, 0xE6, 0x2C, 0x75, 0xE7, 0xDE, 0xD9, 0x6C, 0x6B, 0xB2, 0xA0, 0xF8, 0x6A, 0x16,
    0x3C, 0xAA, 0x1C, 0x1C, 0xEF, 0xD2, 0xE6, 0xF0, 0xB2, 0xA8, 0xD7, 0x75, 0xBD, 0x3A, 0xB9, 0xF7,
    0xAC, 0xDA, 0xAB, 0x84, 0x5C, 0x2E, 0xD5, 0xAD, 0xE0, 0x29, 0x04, 0xD7, 0x79, 0xE4, 0xFF, 0x29,
    0x1F, 0x86, 0xBF, 0xC8, 0x93, 0x2B, 0x10, 0xDC, 0x87, 0xE0, 0x12, 0x7D, 0x1F, 0xF0, 0x19, 0xDD,
    0x5A, 0x0A, 0xEF, 0x54, 0x87, 0x10, 0xFC, 0xB4, 0xB4, 0xD7, 0x7F, 0xC3, 0x96, 0x25, 0x12, 0x77,
    0xDB, 0x52, 0xB5, 0xC1, 0x32, 0x8A, 0xB1, 0xB0, 0x18, 0xDB, 0xB4, 0xAB, 0xC6, 0xC5, 0x00, 0xC9,
    0x10, 0x20, 0x39, 0x04, 0x9E, 0x57, 0xB2, 0xC4, 0x89, 0xAB, 0xB2, 0xC7, 0xB2, 0x1A, 0x8C, 0x65,
    0x51, 0x8D, 0xD1, 0xF3, 0xC7, 0x5F, 0x65, 0x23, 0xA4, 0x12, 0x3B, 0x6C, 0xE4, 0xB1, 0x64, 0x92,
    0xDA, 0x86, 0xB0, 0x8B, 0x5F, 0x4E, 0x4C, 0x48, 0x89, 0x40, 0xA0, 0xB2, 0x93, 0xAB, 0x9D, 0xC7,
    0x92, 0x89, 0xBC, 0x95, 0x75, 0x9C, 0xCA, 0x36, 0x73, 0x1F, 0xD7, 0xDF, 0x2F, 0x9F, 0xF2, 0xDC,
    0xD7, 0x9F, 0xF2, 0x86, 0xEC, 0x2A, 0x31, 0x77, 0x92, 0x19, 0xA7, 0x5B, 0xAE, 0x5F, 0x44, 0x61,
    0xFF, 0x98, 0x0A, 0x05, 0x99, 0xD7, 0xFB, 0xE4, 0xAC, 0x0F, 0xC8, 0x56, 0x3E, 0xE5, 0xDD, 0x56,
    0xCD, 0x75, 0xEB, 0xED, 0x97, 0x83, 0xE5, 0x86, 0x52, 0x13, 0x52, 0xCF, 0xB3, 0x47, 0x8D, 0x88,
    0x86, 0xB8, 0x90, 0x9D, 0x8B, 0x96, 0xDD, 0xAF, 0x5A, 0x36, 0xED, 0x6B, 0x1E, 0x67, 0xF2, 0x39,
    0xDA, 0xD6, 0x7F, 0xDE, 0x28, 0xBD, 0x87, 0x52, 0xA1, 0xF5, 0x56, 0x60, 0x30, 0x55, 0x43, 0xDA,
    0x7C, 0x90, 0x36, 0x10, 0x36, 0xD4, 0x03, 0x8B, 0xEA, 0x1C, 0x01, 0x60, 0x5D, 0x48, 0xDC, 0x2C,
    0x4F, 0x76, 0x78, 0xDF, 0xBC, 0x01, 0x5E, 0xA2, 0x87, 0xAB, 0xDD, 0xB3, 0x15, 0x5D, 0xA3, 0x67,
    0x74, 0x8C, 0x7E, 0xE9, 0xF7, 0x6B, 0x79, 0xA5, 0x4E, 0xD1, 0x27, 0xBA, 0x44, 0x8F, 0xD4, 0xA1,
    0x75, 0xEB, 0x4E, 0xD9, 0x42, 0x23, 0x53, 0x57, 0xE8, 0x09, 0x1D, 0xF9, 0x2F, 0xBD, 0x5A, 0xCF,
    0x93, 0xDC, 0xD4, 0x11, 0x6E, 0x49, 0x06, 0x19, 0x54, 0x41, 0x1C, 0x38, 0x24, 0x65, 0xBC, 0xE2,
    0xC0, 0xC1, 0x95, 0x78, 0xA5, 0x1C, 0x48, 0xD5, 0x56, 0x4A, 0x33, 0x12, 0x70, 0x48, 0xE5, 0x04,
    0xFF, 0x41, 0x38, 0xE4, 0x9A, 0x82, 0x83, 0x0F, 0x73, 0x18, 0x7B, 0x45, 0x52, 0x15, 0x6E, 0xB1,
    0xFF, 0x03, 0x38, 0xF0, 0x07, 0x38, 0x55, 0x3E, 0x4C, 0x91, 0xB1, 0x47, 0x98, 0x03, 0x07, 0x0E,
    0x51, 0xF0, 0x1F, 0x80, 0x0C, 0xDC, 0xA8, 0x02, 0x85, 0x28, 0xC5, 0xB8, 0x98, 0x5D, 0xE5, 0xFB,
    0xFA, 0x3D, 0xCD, 0x6A, 0x9C, 0xB5, 0x8D, 0xF7, 0x87, 0x77, 0x67, 0x9E, 0xC7, 0xB3, 0x52, 0xBF,
    0xAF, 0xFB, 0xF5, 0xEB, 0xFE, 0xBA, 0x9F, 0x44, 0x76, 0xBB, 0x46, 0x30, 0xD4, 0x32, 0xF8, 0x71,
    0x5B, 0x0C, 0x1E, 0x87, 0x70, 0x89, 0x21, 0x9A, 0x60, 0x48, 0x53, 0x0C, 0x33, 0x0E, 0x0D, 0x06,
    0xAF, 0xC2, 0xE0, 0x97, 0x23, 0x5C, 0x21, 0xDB, 0x22, 0x31, 0x7E, 0x25, 0xEB, 0xF6, 0x45, 0xBA,
    0xAE, 0x13, 0xA7, 0x91, 0x08, 0x57, 0xE0, 0x4F, 0x41, 0x89, 0x21, 0xC2, 0x45, 0xF9, 0x98, 0x83,
    0x2C, 0x30, 0x4F, 0xD7, 0x55, 0xEB, 0x89, 0xFC, 0xAE, 0xC0, 0xDC, 0xA5, 0xD3, 0x06, 0xA5, 0x5F,
    0x06, 0x45, 0x98, 0x87, 0x79, 0x84, 0xEB, 0x47, 0x92, 0x49, 0x2A, 0xB7, 0x64, 0xEA, 0x7E, 0x2B,
    0xD3, 0xE0, 0x4F, 0x72, 0x39, 0xC6, 0x37, 0x6D, 0x2A, 0x51, 0xC1, 0xF9, 0x5F, 0x94, 0x1D, 0x91,
    0xF3, 0x72, 0x1D, 0xC0, 0x3C, 0xC0, 0x0E, 0x21, 0x43, 0xDC, 0xBD, 0x53, 0xC7, 0x7E, 0x51, 0x2E,
    0x01, 0x54, 0x23, 0xB1, 0x8F, 0xBF, 0x76, 0xB9, 0xB8, 0xCB, 0x63, 0xE8, 0x70, 0x4A, 0x28, 0x61,
    0x09, 0xD9, 0x22, 0xA8, 0x4B, 0x1C, 0x1A, 0x0E, 0x2D, 0xBF, 0xDB, 0xE5, 0x70, 0xE6, 0x88, 0x58,
    0x61, 0x68, 0xAF, 0xC4, 0xBD, 0x39, 0xDE, 0x7F, 0xC5, 0x67, 0x9A, 0xFA, 0x79, 0x8A, 0x7E, 0x1A,
    0xDF, 0x48, 0xC2, 0x4F, 0x73, 0xAA, 0xC4, 0xE9, 0x02, 0x4E, 0x14, 0x0F, 0x7D, 0x49, 0x9C, 0xC5,
    0xD7, 0x50, 0x90, 0xC8, 0x17, 0xF9, 0x2E, 0x15, 0x3F, 0x2B, 0x01, 0x3D, 0x40, 0xC1, 0xEA, 0xDD,
    0x23, 0x0E, 0xD3, 0x5E, 0x8E, 0x19, 0x66, 0xEB, 0x4F, 0xFA, 0x87, 0x4C, 0xA4, 0x90, 0xA4, 0x3A,
    0x57, 0x4A, 0xD0, 0x41, 0x07, 0x95, 0x09, 0xD1, 0x1F, 0x00, 0x52, 0x6D, 0x44, 0x51, 0x48, 0x6B,
    0x90, 0xF6, 0x3F, 0xE7, 0xEE, 0xD1, 0x5A, 0x30, 0xF3, 0x96, 0x5E, 0x91, 0xD8, 0xA9, 0x52, 0x2B,
    0x94, 0xFF, 0x8E, 0x89, 0x21, 0xBF, 0x8E, 0x05, 0x6D, 0xC4, 0xED, 0xA8, 0x8F, 0xCB, 0x21, 0x24,
    0xC0, 0x31, 0x15, 0x6A, 0x67, 0x76, 0x29, 0x42, 0x79, 0xEE, 0x09, 0x69, 0xF5, 0x47, 0x80, 0x58,
    0xC1, 0x94, 0xB0, 0x73, 0x12, 0x8A, 0x4C, 0xFC, 0xC2, 0xA9, 0xDD, 0xF2, 0x78, 0x5A, 0xF9, 0xBC,
    0x3F, 0x2C, 0xFB, 0x15, 0x7A, 0x12, 0x6A, 0x60, 0x31, 0xB8, 0x45, 0x9C, 0xE6, 0x78, 0x0B, 0xE2,
    0xE4, 0x0E, 0xF6, 0x5A, 0x15, 0xE0, 0x63, 0xC3, 0x8B, 0xA7, 0xDC, 0x34, 0x19, 0x31, 0x46, 0x4F,
    0x48, 0x93, 0x97, 0xE4, 0x65, 0x49, 0xA1, 0xC6, 0x16, 0x8C, 0x18, 0xBE, 0x0D, 0x5B, 0x62, 0x71,
    0xBC, 0x63, 0x6A, 0x85, 0x69, 0xAE, 0x41, 0x21, 0x7A, 0xEB, 0x24, 0xE2, 0x0D, 0xBC, 0x32, 0xD2,
    0x1D, 0x54, 0x0E, 0xB5, 0xDA, 0x65, 0x70, 0x5B, 0x74, 0xD0, 0xB9, 0x75, 0xF6, 0xB8, 0xA3, 0x33,
    0xDD, 0xFB, 0x39, 0x36, 0x5B, 0x58, 0x20, 0xFA, 0x61, 0x40, 0x14, 0x28, 0x88, 0xAC, 0x60, 0x28,
    0xC8, 0x81, 0x20, 0x62, 0xB4, 0x8A, 0x19, 0x14, 0x46, 0x04, 0x33, 0xC7, 0xEC, 0xB8, 0x7C, 0x24,
    0x6F, 0x97, 0x10, 0x47, 0xFB, 0x74, 0xD7, 0x54, 0xF6, 0x85, 0x67, 0x38, 0xF1, 0x76, 0x1F, 0x79,
    0xA6, 0x8C, 0x19, 0x33, 0x42, 0x58, 0x56, 0x66, 0xF9, 0x34, 0x82, 0x9C, 0xFB, 0x6F, 0x23, 0x1A,
    0xB7, 0xDD, 0xF6, 0x5C, 0x05, 0x74, 0x1E, 0x03, 0x0E, 0xE6, 0x4B, 0xE8, 0x49, 0x23, 0x4E, 0x95,
    0x72, 0x96, 0xA9, 0x2C, 0x20, 0xC7, 0xFD, 0x0E, 0xBA, 0x06, 0xEF, 0x43, 0xD9, 0x3D, 0x4C, 0x1F,
    0xD4, 0xD1, 0x4F, 0x52, 0x01, 0xD9, 0x27, 0x2C, 0x16, 0x1C, 0x1E, 0x5B, 0x05, 0xB1, 0x06, 0x36,
    0x03, 0x8D, 0xF8, 0xCB, 0xFD, 0x9C, 0x81, 0x32, 0xEF, 0xE3, 0xDF, 0x49, 0xA8, 0x10, 0x76, 0x2B,
    0xB8, 0xD6, 0x72, 0xB0, 0x2A, 0x2B, 0xC8, 0x5B, 0xAA, 0x8D, 0x1A, 0xE3, 0xE2, 0x6E, 0xCD, 0x38,
    0x81, 0x37, 0x3C, 0xC1, 0xC7, 0x9B, 0xDB, 0x0C, 0x82, 0x31, 0x91, 0x50, 0x0D, 0xF5, 0x8A, 0xB1,
    0xF5, 0x8C, 0xDD, 0x6E, 0x0F, 0xB7, 0xAF, 0x44, 0x53, 0x61, 0xD7, 0x0D, 0xB6, 0x36, 0xA6, 0x80,
    0x7A, 0x5E, 0x9D, 0xC0, 0x2A, 0x11, 0xEE, 0xB9, 0x02, 0x4D, 0x56, 0x78, 0x5F, 0x53, 0xD5, 0xA6,
    0x7A, 0xFF, 0x19, 0xC9, 0xF2, 0x09, 0x20, 0x2D, 0xE1, 0x49, 0x98, 0xC4, 0x47, 0x5C, 0xF2, 0xF3,
    0x6D, 0x04, 0x3E, 0x7E, 0x51, 0xD3, 0xFD, 0x4F, 0x14, 0xE3, 0x2B, 0x88, 0xFF, 0x3B, 0x4E, 0x2D,
    0x23, 0xAC, 0x4D, 0xD4, 0x61, 0xBE, 0xE5, 0xD1, 0xB1, 0xEA, 0x2C, 0x59, 0xBE, 0x91, 0x21, 0x4E,
    0x0A, 0xE7, 0xA1, 0xF1, 0xE6, 0x08, 0x18, 0x4F, 0x0A, 0xCF, 0x45, 0x7B, 0x3F, 0xEE, 0x73, 0xEE,
    0xE2, 0x06, 0x7A, 0xE4, 0x99, 0xA3, 0x60, 0xAA, 0x48, 0x76, 0xB8, 0x0E, 0x22, 0x37, 0xDE, 0xC4,
    0x04, 0x15, 0x43, 0x89, 0xC8, 0x53, 0xF8, 0x15, 0xBF, 0xD8, 0x26, 0x34, 0x44, 0x31, 0xE7, 0x3F,
    0x64, 0x70, 0x8B, 0xC2, 0x42, 0xD9, 0xB4, 0xAF, 0x2A, 0xB4, 0xDE, 0xD1, 0xC6, 0x44, 0x54, 0x4A,
    0xB5, 0x52, 0xB5, 0x54, 0x2F, 0x93, 0x1B, 0x42, 0x4D, 0x80, 0x62, 0x75, 0x33, 0xA1, 0x73, 0xBC,
    0x8E, 0x9F, 0xD4, 0xCF, 0x1A, 0xFC, 0x91, 0x71, 0xF1, 0x28, 0x1E, 0xF2, 0x78, 0xE9, 0x17, 0x46,
    0x5D, 0xE4, 0x6F, 0xE7, 0x58, 0xF7, 0xA7, 0xC5, 0xDF, 0x8C, 0xF6, 0xE3, 0x41, 0x54, 0x58, 0xAC,
    0x10, 0x42, 0x30, 0x35, 0x84, 0x2D, 0x39, 0xB4, 0xF8, 0x2F, 0x80, 0x6B, 0x50, 0x49, 0x8A, 0x73,
    0xF5, 0x46, 0xDE, 0xFA, 0x05, 0xB5, 0xC4, 0x0C, 0x3F, 0x96, 0xE2, 0xDF, 0x21, 0xC5, 0x6A, 0x20,
    0xE6, 0xD2, 0x01, 0x37, 0x06, 0xFC, 0x08, 0x61, 0xFC, 0xB2, 0xDB, 0x38, 0x8D, 0x5B, 0x7B, 0x95,
    0x57, 0xF9, 0xA5, 0x57, 0x85, 0x79, 0x50, 0x86, 0xC8, 0xB0, 0x91, 0x64, 0xD0, 0xB5, 0xCB, 0xC3,
    0xF7, 0xFE, 0x09, 0xAD, 0x22, 0x84, 0x9C, 0x78, 0x90, 0x0F, 0x96, 0xB2, 0xED, 0x23, 0x00, 0x62,
    0xCB, 0x07, 0xF7, 0x28, 0xAB, 0xF4, 0x90, 0xDB, 0x70, 0x1F, 0xD0, 0x5C, 0xC6, 0xFF, 0x35, 0xC4,
    0x24, 0xD7, 0x4E, 0x5D, 0xC7, 0x00, 0x1E, 0x15, 0xE2, 0xC6, 0xE0, 0xDD, 0x16, 0xAB, 0x0F, 0x99,
    0xB7, 0x4E, 0x5E, 0xB7, 0x47, 0x51, 0x8E, 0xD3, 0x58, 0xBA, 0xD8, 0x2C, 0x9D, 0xF1, 0xD4, 0x93,
    0x57, 0xE9, 0x14, 0x91, 0xF3, 0xE7, 0xFC, 0x5A, 0xC2, 0xCF, 0x38, 0x30, 0x80, 0xC8, 0x3B, 0x1B,
    0x7B, 0x19, 0xC1, 0xDE, 0xFC, 0xF1, 0x82, 0xBD, 0xF2, 0xE2, 0x29, 0xAC, 0x9B, 0x43, 0xFF, 0xF3,
    0xB9, 0xF9, 0x22, 0xBA, 0xE3, 0x74, 0x44, 0xEF, 0x0C, 0x19, 0x6B, 0x82, 0x7C, 0x00, 0x45, 0x95,
    0x99, 0x71, 0x68, 0x19, 0x4B, 0x1A, 0x6C, 0x53, 0x7C, 0xF6, 0x4A, 0x68, 0x87, 0xB9, 0xA1, 0x9D,
    0x32, 0x93, 0xDC, 0x67, 0xB9, 0x12, 0x70, 0x80, 0x95, 0x62, 0x06, 0x97, 0x11, 0xE3, 0x8A, 0x4D,
    0xB8, 0x63, 0x32, 0xB0, 0x11, 0x6D, 0x33, 0x65, 0x68, 0x52, 0x99, 0xB0, 0x2A, 0xAC, 0x09, 0xBF,
    0xF9, 0xA8, 0x46, 0xEC, 0x00, 0x49, 0xC8, 0x53, 0x79, 0x41, 0x7E, 0x6E, 0x66, 0x9D, 0x5A, 0xBA,
    0x36, 0xB3, 0x0C, 0xA5, 0x19, 0x46, 0xE9, 0x85, 0x78, 0x77, 0xBA, 0xD2, 0xFB, 0x02, 0xC5, 0xCD,
    0xCA, 0xAB, 0x02, 0xB0, 0xAB, 0x10, 0x65, 0x0E, 0x58, 0x45, 0x41, 0x3E, 0x81, 0xC9, 0x99, 0xEC,
    0x31, 0x75, 0x04, 0x31, 0x5B, 0x10, 0x11, 0xA9, 0x3C, 0xCE, 0xAD, 0xAA, 0xB8, 0x4D, 0x08, 0x9C,
    0xFB, 0x1C, 0xF6, 0xEE, 0x57, 0x05, 0xDF, 0x59, 0x55, 0x4A, 0x92, 0x93, 0x47, 0xA9, 0xD2, 0x1A,
    0x84, 0x16, 0xE5, 0xB3, 0xFB, 0x1F, 0x62, 0x79, 0xDA, 0x41, 0x2E, 0xB9, 0x25, 0xDE, 0xA7, 0x5D,
    0xE1, 0x03, 0x69, 0xB0, 0x04, 0xC2, 0xC6, 0x37, 0x48, 0xF3, 0x21, 0xD2, 0x08, 0x92, 0xB7, 0x20,
    0x2C, 0x86, 0x98, 0x98, 0xC5, 0xE2, 0x2B, 0x4A, 0x1F, 0x2F, 0x46, 0x07, 0x7C, 0x21, 0xC3, 0xDE,
    0xE5, 0xC2, 0xA9, 0x60, 0xBC, 0x3D, 0x9B, 0xA8, 0xB8, 0xF5, 0xC8, 0x23, 0x43, 0x9B, 0xA8, 0xEE,
    0x4F, 0x52, 0xD6, 0x8A, 0x09, 0xE8, 0x02, 0x45, 0x04, 0x55, 0x0D, 0x29, 0xEF, 0xEC, 0x5A, 0xA9,
    0x90, 0x00, 0x86, 0x84, 0x17, 0xC4, 0x60, 0xEB, 0x42, 0x40, 0xA8, 0x22, 0x62, 0x15, 0x30, 0xEA,
    0x5F, 0x88, 0x1C, 0xB8, 0xA4, 0x3B, 0x71, 0x34, 0xD9, 0xDE, 0x2E, 0xB3, 0x0B, 0x89, 0xA0, 0x96,
    0xB6, 0x31, 0x2E, 0x4A, 0x71, 0xD1, 0x4C, 0x98, 0x94, 0xF9, 0x8B, 0x54, 0xF0, 0xA2, 0x8D, 0x5F,
    0x8D, 0xC6, 0x2F, 0x67, 0xFF, 0x44, 0x11, 0x34, 0x4E, 0x05, 0xDF, 0x99, 0x45, 0x79, 0xB6, 0x27,
    0x61, 0x6D, 0xB0, 0xD0, 0x06, 0x6B, 0x33, 0x8C, 0x74, 0xE7, 0x4C, 0xC5, 0xEC, 0x6D, 0x22, 0x32,
    0xAF, 0x93, 0x02, 0xC0, 0x6A, 0x2F, 0xB4, 0x11, 0x61, 0x0B, 0x9E, 0x1F, 0x50, 0x76, 0x6E, 0x70,
    0x24, 0x85, 0xC9, 0xCB, 0x36, 0x23, 0xA7, 0x03, 0x28, 0x2D, 0xF7, 0x02, 0xA6, 0x76, 0xB9, 0x71,
    0x74, 0x19, 0xF5, 0x15, 0x68, 0x9C, 0xD8, 0xC1, 0x85, 0x6F, 0xA1, 0xB6, 0x11, 0xE7, 0x01, 0x91,
    0xF2, 0x84, 0xB0, 0x3F, 0x64, 0xD9, 0x16, 0x9D, 0x62, 0xB7, 0xFF, 0x50, 0x76, 0x6C, 0xC4, 0x8F,
    0xCC, 0x0C, 0xA9, 0x99, 0x64, 0x6A, 0xE6, 0x99, 0x99, 0xA9, 0x5A, 0x33, 0x5B, 0xA3, 0x13, 0x12,
    0xDB, 0xC8, 0x6C, 0xA2, 0xA9, 0x91, 0x30, 0x37, 0x25, 0xFF, 0xD2, 0x08, 0x6A, 0x25, 0xC7, 0xAD,
    0x4E, 0xE3, 0xD4, 0x57, 0x48, 0x55, 0x6E, 0x1B, 0xEE, 0x53, 0x90, 0x33, 0xB1, 0xD8, 0x72, 0xDB,
    0x00, 0x41, 0xCA, 0x5F, 0xA7, 0x23, 0x84, 0x48, 0xDC, 0xCD, 0x5A, 0x20, 0xD2, 0x77, 0x50, 0xC4,
    0x1B, 0xDB, 0x2F, 0xC6, 0x7B, 0x84, 0x99, 0x46, 0xBA, 0xB5, 0x5B, 0xBC, 0x07, 0x8C, 0x10, 0xF3,
    0x9D, 0x8D, 0xE0, 0x17, 0xFB, 0x76, 0x7D, 0x84, 0x15, 0x9D, 0x78, 0x8C, 0x99, 0x21, 0x43, 0xD4,
    0x88, 0x36, 0x6E, 0x43, 0xE2, 0xF3, 0x36, 0x6A, 0x3A, 0x4D, 0x8C, 0x5A, 0xE6, 0x85, 0x6B, 0xBE,
    0x75, 0x18, 0xD5, 0x9A, 0xAE, 0x87, 0x99, 0xAD, 0xA7, 0x0F, 0x98, 0xDB, 0xF3, 0xA6, 0x72, 0x64,
    0x65, 0x45, 0xDF, 0x8F, 0x4C, 0x12, 0xE9, 0x23, 0xE7, 0x02, 0x2E, 0x74, 0xB7, 0x81, 0x3A, 0x33,
    0xD9, 0x36, 0xE9, 0xE8, 0x20, 0x7A, 0x0E, 0xE2, 0xD2, 0x90, 0xE3, 0x82, 0xE1, 0x1F, 0xF0, 0xDC,
    0xD2, 0x76, 0x7C, 0x20, 0x3E, 0xB0, 0x3C, 0x17, 0xCA, 0x3C, 0x0F, 0xAD, 0x16, 0x8D, 0x6D, 0x26,
    0x4D, 0x49, 0x42, 0x67, 0x72, 0x13, 0x42, 0xE8, 0x2C, 0x4D, 0x40, 0xC7, 0xC9, 0x28, 0x83, 0x2C,
    0xF0, 0x0E, 0x25, 0x7D, 0xC1, 0xEA, 0x84, 0xE8, 0x02, 0x0E, 0xE1, 0xFB, 0x94, 0xF4, 0x46, 0x69,
    0xBB, 0x76, 0x09, 0x3B, 0x60, 0x63, 0x59, 0x51, 0xD7, 0x2B, 0x56, 0xDC, 0xDC, 0xD0, 0x85, 0x47,
    0xE7, 0xC2, 0x87, 0xE8, 0xE1, 0xD6, 0x2C, 0x89, 0x13, 0xE0, 0xBF, 0x29, 0xFE, 0x6D, 0xD8, 0xE0,
    0x2A, 0x22, 0x18, 0x28, 0x6B, 0x08, 0x8A, 0x13, 0x61, 0xB9, 0x62, 0x00, 0x1D, 0x41, 0xC9, 0x14,
    0xA8, 0xA7, 0x9A, 0x98, 0x57, 0x46, 0x26, 0x3B, 0x70, 0xFC, 0xB8, 0x63, 0x67, 0x2A, 0x7B, 0x17,
    0x61, 0xBD, 0x98, 0xA1, 0xC2, 0x9E, 0xC0, 0x9E, 0xC8, 0x46, 0xAF, 0x57, 0xDA, 0x71, 0x8C, 0xB0,
    0x53, 0x62, 0x1F, 0x65, 0x11, 0x26, 0x25, 0x09, 0x9E, 0x6A, 0xFA, 0x6A, 0x20, 0xB1, 0xE9, 0x49,
    0x24, 0x8D, 0x63, 0xBB, 0x62, 0x65, 0xBF, 0xC4, 0x93, 0x8D, 0x74, 0xBE, 0xB9, 0xB8, 0x87, 0x72,
    0xF3, 0xEA, 0x31, 0x1C, 0xC6, 0x52, 0xFD, 0x95, 0x69, 0x22, 0x39, 0x2D, 0xD9, 0x89, 0xE6, 0xB8,
    0x75, 0x4D, 0xE4, 0xF4, 0xF1, 0xC1, 0xAD, 0x6D, 0x98, 0xBF, 0x2F, 0xC6, 0x27, 0x7D, 0x8C, 0x37,
    0x41, 0x65, 0xAE, 0xAF, 0x99, 0x01, 0xF9, 0xFF, 0x41, 0x46, 0xC3, 0x0B, 0x25, 0xB0, 0xFD, 0x40,
    0x21, 0x43, 0x09, 0x40, 0x63, 0xB1, 0x5C, 0xD7, 0xBB, 0x7E, 0x2D, 0x82, 0x79, 0xCD, 0xDE, 0x8B,
    0x34, 0x40, 0x1C, 0x84, 0x88, 0x56, 0x48, 0x5C, 0x1A, 0x8F, 0xD4, 0x85, 0x9D, 0x49, 0xFE, 0x16,
    0xA4, 0x8D, 0x81, 0x44, 0x39, 0x2B, 0xDC, 0x0B, 0x6B, 0xFF, 0x06, 0xCE, 0x14, 0xCE, 0x38, 0x05,
    0xC0, 0x19, 0xD6, 0xAA, 0xBD, 0x7E, 0xB0, 0xF4, 0x0F, 0x09, 0x5A, 0x7D, 0xA9, 0x16, 0x6B, 0xA0,
    0xDB, 0x53, 0x53, 0x39, 0xCD, 0xCC, 0x69, 0x1A, 0xF7, 0x6E, 0xED, 0x7E, 0x59, 0x7A, 0x77, 0x0A,
    0xEF, 0xF6, 0xE3, 0x18, 0xE3, 0x3E, 0x12, 0xB2, 0x51, 0x26, 0x9A, 0xF9, 0x67, 0x98, 0x7F, 0x85,
    0xF9, 0xDB, 0xC3, 0x82, 0xA6, 0xA9, 0x32, 0x57, 0x8F, 0x5A, 0x10, 0xB7, 0x4E, 0xBC, 0x66, 0xEC,
    0x55, 0x87, 0x63, 0x30, 0xE0, 0xCC, 0xB7, 0x4C, 0x43, 0xEF, 0xC8, 0x0F, 0xAD, 0xD3, 0x15, 0x1E,
    0xB2, 0x16, 0x08, 0x5D, 0x29, 0xBF, 0xBA, 0x4F, 0x9D, 0x6E, 0x9F, 0x0D, 0xE4, 0x68, 0x33, 0x99,
    0x1B, 0xB9, 0x1F, 0x95, 0x02, 0x87, 0xDE, 0x27, 0xEF, 0xCB, 0x6A, 0xF9, 0xC7, 0x10, 0x8C, 0x11,
    0x52, 0x18, 0xDF, 0x33, 0xEC, 0x50, 0xB7, 0x69, 0xD6, 0x3B, 0xAF, 0x7A, 0xEB, 0x06, 0x37, 0x34,
    0x18, 0xF7, 0x68, 0x9D, 0x8E, 0xE6, 0x61, 0xC3, 0xDA, 0xF9, 0xA6, 0x70, 0x6B, 0xF7, 0x0E, 0x68,
    0xA9, 0xF7, 0x49, 0x8D, 0x90, 0xF8, 0x31, 0x48, 0x8F, 0x5F, 0xB4, 0x58, 0xE6, 0x7C, 0xCE, 0x9C,
    0x91, 0x32, 0x6D, 0xC4, 0x11, 0x28, 0x4F, 0x48, 0xCF, 0x08, 0x2F, 0x03, 0x1C, 0x2A, 0xCA, 0x54,
    0xBC, 0x15, 0x00, 0xBA, 0x96, 0x42, 0x9B, 0xF6, 0x28, 0xAB, 0x4C, 0x62, 0x88, 0x0D, 0x02, 0xB7,
    0x1E, 0xC4, 0xD6, 0x85, 0xF8, 0x9F, 0x74, 0xA5, 0x7F, 0x15, 0x1E, 0x34, 0xB7, 0x24, 0xB0, 0x52,
    0x12, 0xB8, 0x8E, 0xEF, 0x3D, 0x09, 0x34, 0x44, 0x30, 0x3A, 0x5D, 0xB4, 0x1B, 0xB5, 0xB4, 0xBF,
    0x0E, 0x68, 0xAF, 0x1C, 0x0B, 0x70, 0x5F, 0x65, 0xCC, 0x6D, 0x68, 0xA4, 0xB4, 0xF5, 0xA1, 0xCA,
    0x35, 0x79, 0x53, 0xE4, 0x06, 0xE3, 0x77, 0xAA, 0x81, 0x9B, 0x85, 0x65, 0x48, 0x2C, 0x7E, 0xF5,
    0x64, 0x96, 0xE8, 0x05, 0xFC, 0x6E, 0x43, 0x64, 0x48, 0xEE, 0x81, 0xA8, 0xCF, 0x03, 0x03, 0xA7,
    0x3D, 0xDE, 0x12, 0xB5, 0x4F, 0x13, 0x6A, 0x02, 0xA8, 0xED, 0x12, 0x59, 0xEF, 0x07, 0x44, 0x65,
    0xA7, 0x43, 0x79, 0xE3, 0xEC, 0x41, 0x1E, 0x66, 0x46, 0x90, 0x6E, 0x6C, 0x33, 0x34, 0x67, 0x7B,
    0x2F, 0xF7, 0xC9, 0xD3, 0xE1, 0xB8, 0x89, 0xE9, 0x24, 0x86, 0xD2, 0x93, 0x75, 0xC6, 0x0E, 0xFA,
    0xFD, 0xCC, 0xF2, 0x74, 0x13, 0x76, 0xD5, 0x85, 0x18, 0x34, 0xCE, 0x32, 0xA7, 0x26, 0x7D, 0x4E,
    0x3D, 0x1C, 0x2B, 0xDE, 0x85, 0x3F, 0xC4, 0x8A, 0x0A, 0xA5, 0xAF, 0x2B, 0xE2, 0x41, 0xE7, 0x17,
    0x8C, 0xFF, 0xF5, 0x46, 0x69, 0xB2, 0x1E, 0x4F, 0x85, 0x6C, 0x9D, 0x84, 0xDD, 0x6A, 0xB3, 0x18,
    0x2E, 0x44, 0x6B, 0x03, 0xB9, 0xE5, 0xAC, 0x18, 0xC1, 0xC6, 0xA6, 0x31, 0xA9, 0xB1, 0x34, 0x11,
    0x3D, 0x9B, 0x51, 0xB9, 0x18, 0x48, 0xB2, 0x38, 0x90, 0x8D, 0xE0, 0x1B, 0xDD, 0xF4, 0xF3, 0x83,
    0x7B, 0x0A, 0xF0, 0xB9, 0x80, 0x1D, 0x04, 0x47, 0x1B, 0x29, 0x87, 0xF6, 0x16, 0xD9, 0xA5, 0x4E,
    0xF2, 0xB0, 0x60, 0x4D, 0x18, 0x94, 0xBC, 0x0F, 0x24, 0xBA, 0x48, 0x55, 0x03, 0x4E, 0x35, 0x92,
    0xEC, 0xD5, 0x25, 0x30, 0x22, 0x1E, 0xD1, 0x04, 0x5E, 0xE1, 0x93, 0x09, 0x6C, 0x31, 0xA6, 0xCD,
    0x29, 0xB8, 0xE9, 0xCF, 0x92, 0x4E, 0x17, 0xFB, 0x43, 0x7B, 0x8E, 0x8F, 0xA9, 0x83, 0x84, 0x9F,
    0xC1, 0x08, 0x09, 0x77, 0x4D, 0x3A, 0xB2, 0x1D, 0x25, 0xE7, 0x2E, 0x43, 0xF5, 0x5F, 0xCA, 0x53,
    0x57, 0x44, 0x96, 0x90, 0xF7, 0x6F, 0x94, 0x91, 0x9F, 0xC0, 0x31, 0xDF, 0xC8, 0x65, 0x1B, 0xA6,
    0xDC, 0x49, 0x8F, 0xAE, 0x8C, 0xBB, 0xEF, 0x23, 0x82, 0x27, 0xDD, 0x67, 0x70, 0xA5, 0x3D, 0xBF,
    0xCB, 0x19, 0x09, 0x3B, 0xCD, 0x74, 0xB7, 0x34, 0xCF, 0x5D, 0xD6, 0x2C, 0x93, 0xDA, 0xFC, 0x5B,
    0x4E, 0xB5, 0xFB, 0x6E, 0x12, 0xC6, 0x5C, 0xBD, 0xDD, 0x54, 0xD8, 0x73, 0x8D, 0xA0, 0x53, 0x3D,
    0x3B, 0x1B, 0x4B, 0xC4, 0x8E, 0x62, 0xB1, 0x60, 0xC6, 0xEC, 0x7E, 0xE0, 0xE1, 0x62, 0xF7, 0x3B,
    0x36, 0x03, 0xA3, 0x96, 0x53, 0x76, 0xFB, 0x09, 0x4A, 0xEA, 0x26, 0xDB, 0xF3, 0x2B, 0xA0, 0x44,
    0x7E, 0x8E, 0xD8, 0x50, 0x00, 0x52, 0xD4, 0xF4, 0x74, 0x7B, 0xE8, 0x9A, 0x6A, 0x86, 0x4D, 0x59,
    0x99, 0x60, 0xDE, 0xDD, 0xD2, 0x91, 0xEC, 0xB5, 0x1F, 0x6B, 0x5C, 0xD7, 0x7D, 0x0E, 0x39, 0x10,
    0xB2, 0xBB, 0xEE, 0xAB, 0x11, 0xA0, 0x89, 0x05, 0xFE, 0x9A, 0x12, 0x4D, 0x37, 0xDB, 0x95, 0x6C,
    0xDF, 0x2F, 0xE8, 0x68, 0x2D, 0xBB, 0xB9, 0x8D, 0x68, 0x8E, 0x9C, 0x73, 0x83, 0xCE, 0xD8, 0x62,
    0x68, 0xE1, 0x8F, 0xE7, 0x6A, 0xB6, 0x2B, 0x0B, 0x63, 0xE8, 0xF0, 0x35, 0x1E, 0x00, 0x52, 0xAB,
    0x88, 0x49, 0x30, 0xA1, 0xBC, 0xB1, 0xC9, 0x6D, 0x5A, 0x97, 0x63, 0x3F, 0x5B, 0x5E, 0xC9, 0xE3,
    0x4A, 0x76, 0x4E, 0xE7, 0x86, 0x2A, 0x10, 0xC1, 0xD6, 0x90, 0x95, 0xCF, 0xC4, 0x7F, 0x0F, 0xE1,
    0xE4, 0x6F, 0xD0, 0x6D, 0xB6, 0x2D, 0x41, 0xF3, 0x82, 0xDE, 0xC6, 0xB4, 0xD7, 0x33, 0x87, 0xBE,
    0x65, 0xD2, 0x6F, 0x70, 0x45, 0x4B, 0xB0, 0xC4, 0x0A, 0xA8, 0x44, 0x4A, 0xA0, 0xC4, 0x49, 0x98,
    0x44, 0x49, 0x90, 0xC4, 0x18, 0xEA, 0x99, 0xED, 0x52, 0x01, 0x12, 0xDF, 0x48, 0x3F, 0x45, 0xC5,
    0x9A, 0xF4, 0x5E, 0xD2, 0x5E, 0x8C, 0x09, 0xE6, 0x20, 0x35, 0x4E, 0xD9, 0x53, 0xB6, 0x18, 0xFE,
    0xDA, 0xE5, 0xCE, 0x57, 0x57, 0x0B, 0xF7, 0xDB, 0x20, 0x77, 0x57, 0x4F, 0xE9, 0xEA, 0x79, 0xB5,
    0x65, 0x39, 0x03, 0x86, 0xD3, 0xB3, 0x1C, 0xFE, 0x3C, 0x67, 0x19, 0xC7, 0xB3, 0x7A, 0x62, 0x3E,
    0xC8, 0x38, 0x4F, 0x91, 0x46, 0xF9, 0x05, 0x54, 0x77, 0xD9, 0x38, 0x96, 0xEF, 0xD7, 0x8D, 0xE3,
    0xEC, 0xC9, 0xAC, 0x04, 0x4F, 0xF4, 0x9C, 0x1A, 0x84, 0x81, 0xE7, 0x79, 0x53, 0x5C, 0x99, 0xD9,
    0x23, 0xDC, 0xE3, 0xAC, 0x84, 0x3D, 0x8D, 0xCE, 0xD6, 0xA7, 0xD1, 0xF5, 0x03, 0x4E, 0xA3, 0x79,
    0x44, 0x12, 0x31, 0x08, 0x5F, 0x31, 0x9B, 0xF7, 0x8C, 0xCD, 0x02, 0x1A, 0x62, 0x16, 0x5A, 0x08,
    0xEB, 0xAD, 0x2B, 0xBD, 0x38, 0xB7, 0x15, 0x95, 0x39, 0x4B, 0x84, 0xCD, 0xCF, 0x90, 0x19, 0x6D,
    0xD3, 0xF2, 0x59, 0x15, 0x51, 0xF1, 0x7D, 0xC6, 0x0F, 0x43, 0x40, 0x3E, 0x34, 0xAB, 0x32, 0x3C,
    0x8D, 0x1E, 0xA4, 0xDC, 0xE4, 0x1E, 0xE4, 0x61, 0xBF, 0xD7, 0xE7, 0x4D, 0x81, 0x85, 0x3F, 0x6B,
    0xDF, 0x82, 0x67, 0x99, 0x7E, 0xAB, 0xD5, 0xC7, 0x05, 0x40, 0xCA, 0x5E, 0x6D, 0xB5, 0x97, 0x67,
    0x8E, 0x09, 0xA9, 0x14, 0xF7, 0x27, 0x9B, 0xE1, 0xED, 0x0D, 0xDC, 0xC8, 0x4C, 0xB3, 0xB5, 0xA1,
    0x0D, 0x95, 0xA1, 0x2E, 0x54, 0xA5, 0xB5, 0x8A, 0x2C, 0xAC, 0x1A, 0xD4, 0x42, 0x95, 0xA0, 0x0E,
    0x54, 0xC1, 0xAB, 0xA9, 0x00, 0xF1, 0x13, 0x3E, 0xD1, 0x1B, 0xF0, 0xFD, 0x99, 0x33, 0x00, 0x45,
    0xEB, 0x33, 0xE7, 0xEA, 0x58, 0xD8, 0x4F, 0x0A, 0xDB, 0x45, 0xBB, 0xCC, 0x59, 0xC1, 0x84, 0xA4,
    0x4C, 0xD3, 0xD9, 0x3B, 0x06, 0xAE, 0xEB, 0x36, 0xE5, 0xEF, 0xDB, 0x4D, 0xB2, 0x6D, 0x2F, 0x55,
    0x7B, 0x9A, 0xC3, 0x66, 0xEE, 0x23, 0x3D, 0x6C, 0x9E, 0x1D, 0x1C, 0x36, 0xE7, 0x4F, 0xC6, 0x8B,
    0xF4, 0x50, 0x45, 0xEC, 0xA1, 0xCA, 0x1F, 0xCC, 0xA1, 0x8A, 0xDB, 0x1C, 0xCB, 0x8B, 0xB2, 0xAE,
    0x5B, 0xF1, 0x7D, 0x10, 0x2A, 0x1E, 0xDC, 0xC5, 0x51, 0x05, 0xDA, 0x43, 0xEA, 0xA9, 0xCA, 0x18,
    0x5F, 0x1F, 0x02, 0x69, 0x6C, 0x84, 0x6A, 0xCC, 0xA2, 0x88, 0x21, 0x51, 0xEB, 0x9A, 0x70, 0xD1,
    0x95, 0x78, 0xDD, 0xD7, 0x39, 0x1C, 0xF5, 0xC5, 0xC6, 0xF8, 0xAC, 0x64, 0x2B, 0x09, 0xBF, 0x26,
    0x19, 0xC6, 0x52, 0xB2, 0xBF, 0xD6, 0xB0, 0xFB, 0x90, 0x19, 0x03, 0xBF, 0x05, 0x0B, 0xA4, 0xF8,
    0x6F, 0x7C, 0xF8, 0xA1, 0xD2, 0x49, 0xE9, 0x22, 0xF2, 0x8C, 0x0D, 0x0D, 0xA9, 0xA9, 0xCA, 0x9B,
    0xEB, 0xB8, 0xAE, 0x5E, 0xD7, 0x70, 0x50, 0x40, 0xDF, 0xC1, 0x21, 0xF5, 0xE3, 0x68, 0x10, 0x7F,
    0xA0, 0x0D, 0xD5, 0xA1, 0x3E, 0x0F, 0xC5, 0xC6, 0x3C, 0xA9, 0x0C, 0xE3, 0xA7, 0x60, 0x1B, 0x34,
    0xF4, 0x92, 0xAE, 0xC1, 0x6B, 0x5D, 0x1C, 0x02, 0x12, 0x38, 0x1D, 0xED, 0x6A, 0x1A, 0x92, 0x7F,
    0x86, 0x60, 0xF1, 0xEE, 0x41, 0xCE, 0xBD, 0xF3, 0x6C, 0xC8, 0x02, 0xC9, 0xB3, 0xC1, 0xF0, 0x51,
    0x2E, 0xC8, 0x0E, 0x4A, 0xDC, 0x0E, 0x56, 0xCC, 0xA3, 0x2C, 0x8F, 0xAC, 0x18, 0x96, 0x8D, 0x07,
    0x27, 0xDF, 0xA1, 0x18, 0x8A, 0xAD, 0x5D, 0x66, 0xF6, 0xB8, 0x84, 0x27, 0xED, 0x6C, 0x6B, 0x10,
    0x55, 0xCA, 0xCB, 0xC7, 0x8C, 0x69, 0x49, 0xBE, 0x6B, 0xF4, 0xD0, 0xE3, 0x06, 0xA8, 0xFB, 0x7A,
    0x41, 0xFE, 0xE2, 0x7C, 0x7C, 0x40, 0x68, 0xD9, 0xC0, 0x46, 0x8D, 0x90, 0x9B, 0x26, 0x76, 0xA4,
    0x81, 0x3F, 0xC5, 0xDD, 0x53, 0xE4, 0x7D, 0x36, 0x5A, 0x96, 0x28, 0x14, 0xDA, 0x70, 0x2E, 0xAB,
    0xD1, 0x44, 0x16, 0xED, 0x04, 0x8C, 0x61, 0x72, 0x28, 0x2D, 0x3E, 0x3D, 0xD4, 0x2E, 0xB2, 0x95,
    0xD7, 0x75, 0xF9, 0xB1, 0x10, 0x7B, 0x79, 0xC0, 0xDD, 0x70, 0x38, 0x2D, 0x3E, 0x45, 0x8B, 0xD7,
    0xE0, 0x04, 0x7C, 0x64, 0x64, 0x86, 0x7B, 0x33, 0x1A, 0xAD, 0x3E, 0xBA, 0x0E, 0xE6, 0xE9, 0x99,
    0xDF, 0xD0, 0xDD, 0x3E, 0xA0, 0x98, 0xBF, 0x57, 0xF6, 0x68, 0xFE, 0x49, 0xB8, 0x0E, 0x3D, 0xFE,
    0xB9, 0x1D, 0xF0, 0x12, 0xC4, 0xF6, 0x17, 0x77, 0xF8, 0x94, 0xC5, 0xF1, 0x5C, 0x48, 0xC2, 0xAB,
    0xE4, 0xF8, 0x89, 0x3D, 0xAE, 0x92, 0x96, 0xCF, 0x02, 0xFC, 0x8B, 0x04, 0xA9, 0xE7, 0xF8, 0xA7,
    0xA9, 0xCC, 0xF7, 0xE0, 0xF7, 0x9F, 0x1A, 0x7E, 0x1F, 0xE3, 0xD6, 0x09, 0xB6, 0x6F, 0xD3, 0x1C,
    0x59, 0x99, 0x9F, 0x0A, 0x2D, 0x15, 0xED, 0x3A, 0x5A, 0x36, 0x86, 0x78, 0x82, 0x1B, 0x5B, 0x56,
    0x02, 0x2D, 0xEF, 0x59, 0x31, 0xE8, 0x5C, 0x41, 0x35, 0x83, 0x08, 0xD2, 0xB2, 0x0D, 0x9B, 0x93,
    0xEE, 0xE9, 0xD1, 0xAF, 0x4D, 0x7B, 0x12, 0xF2, 0x48, 0xCD, 0x74, 0xAE, 0xF5, 0x68, 0xA1, 0x30,
    0x07, 0x50, 0xA1, 0x1E, 0xD6, 0xF7, 0x5D, 0xF0, 0x1E, 0xEF, 0x4D, 0x10, 0xDB, 0x95, 0xCC, 0x83,
    0xB9, 0xCC, 0xE3, 0x54, 0x76, 0x97, 0x7C, 0x36, 0x70, 0x6A, 0xBA, 0xC6, 0xDA, 0x25, 0xA6, 0xA8,
    0xDF, 0x0B, 0x1B, 0x01, 0x46, 0x1A, 0xE2, 0xB8, 0x9A, 0xDD, 0xEC, 0xEA, 0xC0, 0xE4, 0xEB, 0xD8,
    0x70, 0xD3, 0x99, 0xD2, 0x32, 0xB7, 0xDA, 0xEC, 0x8A, 0x9B, 0xEC, 0xC9, 0x8C, 0x08, 0x85, 0x40,
    0xF7, 0x68, 0x21, 0x30, 0x1F, 0x9E, 0x9F, 0x66, 0x95, 0x9E, 0xCF, 0x5D, 0xA9, 0x3C, 0x2A, 0xFB,
    0x7D, 0xC5, 0xE6, 0x9A, 0xF3, 0x65, 0x05, 0x31, 0x13, 0xEF, 0x36, 0x93, 0xF5, 0x24, 0x78, 0xB7,
    0xA6, 0xE5, 0x43, 0xA7, 0x86, 0xF1, 0x27, 0xB1, 0x53, 0xCF, 0xB8, 0x0E, 0x4E, 0x8D, 0x65, 0x98,
    0xE0, 0x52, 0xA0, 0x9C, 0x34, 0xF2, 0x15, 0xE6, 0xFB, 0x6D, 0x25, 0xDF, 0x60, 0xF6, 0xAC, 0x64,
    0xD9, 0x44, 0x7F, 0xDF, 0x37, 0xA4, 0xD1, 0xE0, 0x7C, 0x46, 0xFA, 0x4D, 0xF0, 0x23, 0x73, 0xEB,
    0xE7, 0x24, 0x73, 0x79, 0xC3, 0x80, 0xBC, 0xB3, 0xD1, 0x39, 0x59, 0x3A, 0xCD, 0x54, 0x96, 0x6E,
    0x93, 0xBA, 0x4B, 0xAF, 0x4E, 0xBD, 0x15, 0x68, 0x59, 0x30, 0x45, 0xD9, 0x16, 0xA6, 0xA1, 0xA4,
    0x17, 0xD3, 0x58, 0xD2, 0x49, 0x9A, 0x4A, 0xDA, 0xA4, 0x37, 0x64, 0x5C, 0x8D, 0xD8, 0x8B, 0x43,
    0x7A, 0xCE, 0x98, 0x2C, 0xC7, 0xCA, 0x50, 0xD9, 0x44, 0x63, 0x16, 0x8D, 0x30, 0xED, 0x65, 0xAE,
    0x66, 0xC8, 0x52, 0x3B, 0x1F, 0x1C, 0xAD, 0x2E, 0x47, 0x70, 0xBA, 0xB1, 0x2E, 0x45, 0x06, 0x0C,
    0xE0, 0xCD, 0xEF, 0x1A, 0x2F, 0xF3, 0xBE, 0xCB, 0xB5, 0x14, 0xE4, 0xD2, 0x3A, 0xF7, 0x37, 0x1E,
    0xCB, 0xCD, 0xC6, 0xA7, 0x2D, 0x79, 0xF0, 0xBF, 0xDD, 0x1A, 0x17, 0x42, 0x00, 0xFC, 0x6B, 0x8B,
    0x84, 0xC7, 0xFE, 0x8C, 0xB1, 0xBE, 0x89, 0x98, 0x26, 0x06, 0xAB, 0x4E, 0x1F, 0x15, 0xA3, 0x57,
    0x82, 0xD8, 0x57, 0xC8, 0xE5, 0x9F, 0x57, 0xE2, 0xC2, 0x64, 0xCE, 0x37, 0xE0, 0x5B, 0x34, 0xD6,
    0x9E, 0xCD, 0x5A, 0x8D, 0x99, 0x0C, 0xD6, 0x7F, 0x39, 0x31, 0xC9, 0x2F, 0xD1, 0xA4, 0x05, 0xAF,
    0xBB, 0x89, 0x12, 0x70, 0x12, 0xC9, 0xC9, 0xEB, 0x61, 0xC8, 0xBD, 0x72, 0xB0, 0xCB, 0x7D, 0x93,
    0xFC, 0xA0, 0x82, 0x1C, 0xB2, 0x03, 0x3E, 0x20, 0xD6, 0x95, 0x1B, 0x95, 0x40, 0xD3, 0x13, 0xAF,
    0x83, 0xFB, 0xA9, 0x07, 0x8B, 0x5F, 0x23, 0x5E, 0x3B, 0xE8, 0xF4, 0x00, 0x25, 0x1A, 0x5A, 0x8E,
    0x69, 0x67, 0x7D, 0xD1, 0x21, 0xB2, 0x77, 0x9D, 0x3E, 0x1B, 0xCD, 0x25, 0x23, 0x9E, 0xC4, 0x48,
    0x75, 0xAD, 0xE3, 0xF7, 0x07, 0x49, 0x98, 0xD3, 0xA4, 0x95, 0x41, 0x4B, 0xD2, 0xB7, 0xF5, 0xCA,
    0xD4, 0x00, 0xA6, 0x56, 0xE1, 0x3D, 0xD1, 0x67, 0x60, 0xDE, 0xF2, 0x57, 0xC3, 0xC3, 0x20, 0x7D,
    0xDE, 0x65, 0xF3, 0x29, 0x89, 0xD3, 0x53, 0x45, 0xB1, 0x34, 0x1B, 0x5D, 0xD3, 0x23, 0xC3, 0x07,
    0x5F, 0x2E, 0x10, 0x04, 0x08, 0x5D, 0x9F, 0x29, 0x48, 0xF5, 0x01, 0x96, 0x35, 0x9A, 0x27, 0xA0,
    0xCD, 0x9B, 0xF8, 0xBD, 0x81, 0xC8, 0x46, 0xF7, 0x8B, 0x46, 0xE6, 0x71, 0x6A, 0xFF, 0x04, 0x34,
    0x43, 0x60, 0xCC, 0x96, 0xB2, 0x7C, 0xC9, 0x79, 0xC0, 0x41, 0x49, 0xBC, 0x79, 0xFA, 0x3A, 0xE9,
    0xCF, 0x82, 0xF1, 0xFA, 0x1F, 0xD5, 0x5A, 0x3B, 0x8F, 0xDC, 0xD6, 0x15, 0x3E, 0x24, 0x65, 0xD1,
    0xCE, 0x85, 0x75, 0x55, 0xB8, 0x09, 0x14, 0x2D, 0x5D, 0xA4, 0x70, 0x00, 0xED, 0xD0, 0x85, 0x0B,
    0x07, 0x98, 0x07, 0x63, 0x17, 0x2E, 0x04, 0x24, 0xF9, 0x05, 0x4E, 0x0A, 0xA7, 0x73, 0xA0, 0x14,
    0x2A, 0x36, 0x00, 0xA5, 0xA5, 0xE2, 0x42, 0x85, 0x81, 0xC8, 0xFF, 0xC0, 0xFE, 0x09, 0x2E, 0x54,
    0x4C, 0x80, 0xF1, 0x0E, 0x6D, 0x95, 0x29, 0x3C, 0xB6, 0x8B, 0x14, 0x2E, 0xCC, 0x20, 0x06, 0x5C,
    0x04, 0x70, 0x08, 0x87, 0x89, 0x47, 0xC0, 0xCC, 0x32, 0xDF, 0x77, 0xEE, 0x25, 0x67, 0x1F, 0xB2,
    0x63, 0xAD, 0x77, 0xA5, 0x64, 0x25, 0xDE, 0x99, 0x9D, 0x25, 0xEF, 0x79, 0x9F, 0xF3, 0x9D, 0x73,
    0x47, 0x44, 0xE4, 0x0A, 0x2E, 0x69, 0xFB, 0x65, 0x4B, 0xF4, 0xB3, 0x60, 0x5E, 0xDC, 0x95, 0xA4,
    0xFD, 0xBA, 0x94, 0xBD, 0x60, 0x5F, 0xC2, 0x5A, 0xC6, 0x12, 0x97, 0x92, 0x8A, 0xCD, 0x24, 0xC1,
    0x0B, 0x96, 0x11, 0x97, 0x9C, 0xCB, 0x4C, 0xF0, 0x09, 0x96, 0x11, 0x97, 0x9C, 0xCB, 0x12, 0x4B,
    0xD0, 0x3D, 0x53, 0x5C, 0x13, 0x31, 0xED, 0x52, 0x24, 0x68, 0x0B, 0x6E, 0x2E, 0x86, 0x2F, 0x49,
    0x89, 0x25, 0x2A, 0xE5, 0xD2, 0xD2, 0x64, 0xD2, 0xB6, 0x5B, 0x12, 0x35, 0xE9, 0x52, 0x6C, 0x61,
    0x4B, 0xEC, 0x68, 0x4A, 0xF7, 0xEC, 0x90, 0xF7, 0x0E, 0x49, 0x74, 0x88, 0x4F, 0x41, 0x00, 0x44,
    0x27, 0x3F, 0xC3, 0x56, 0xB6, 0xAD, 0x44, 0xC2, 0x7D, 0x71, 0x3F, 0xB1, 0xEE, 0xAB, 0x3B, 0x4A,
    0xBA, 0x10, 0xB7, 0x31, 0xD7, 0x02, 0x8C, 0x9B, 0x3B, 0x12, 0x56, 0x62, 0x5F, 0x97, 0x68, 0x21,
    0xB6, 0xE1, 0x5F, 0x70, 0xA3, 0xCA, 0xC2, 0xCD, 0xB1, 0xA1, 0xEE, 0x2E, 0x56, 0x9C, 0x30, 0x32,
    0x15, 0x19, 0x88, 0x34, 0xA4, 0x26, 0x35, 0x57, 0x08, 0x82, 0x1B, 0xA2, 0x8A, 0x2B, 0x9E, 0x03,
    0x67, 0x16, 0xF4, 0xD2, 0x6C, 0x57, 0xC8, 0x07, 0x98, 0x91, 0xB0, 0x7D, 0x4B, 0x8E, 0x49, 0x66,
    0x33, 0xFB, 0x66, 0x66, 0xC5, 0xBE, 0x8A, 0x4D, 0xED, 0x12, 0x7B, 0x26, 0xA4, 0x96, 0x72, 0x97,
    0x31, 0x69, 0xDD, 0x20, 0xA9, 0x15, 0x74, 0x15, 0x61, 0x69, 0x2C, 0xB4, 0xB6, 0x1A, 0xED, 0x88,
    0xCC, 0x1B, 0x2C, 0x69, 0xB1, 0xE3, 0x45, 0x93, 0x42, 0xFC, 0xDE, 0xB5, 0x93, 0x49, 0x64, 0x27,
    0xF1, 0x7F, 0x1A, 0xE5, 0xFE, 0x4D, 0x52, 0xFB, 0x37, 0xA6, 0x94, 0x07, 0xFC, 0xEC, 0x42, 0xEF,
    0x93, 0xB6, 0x5D, 0xC8, 0xBC, 0x6D, 0xF8, 0xA6, 0x94, 0x26, 0x58, 0xF3, 0xB1, 0x0C, 0x02, 0x4E,
    0xF0, 0xE6, 0x06, 0x65, 0xC4, 0x6F, 0xC1, 0x92, 0x96, 0x86, 0x74, 0x71, 0x45, 0x79, 0xF1, 0x06,
    0xFF, 0xA9, 0xB6, 0x82, 0x2C, 0x43, 0x76, 0xBC, 0x59, 0x29, 0x15, 0x9B, 0x45, 0xA0, 0x89, 0x5F,
    0x21, 0x5B, 0xA9, 0x2A, 0x1C, 0x50, 0x34, 0x67, 0xA4, 0x19, 0xCD, 0x20, 0x32, 0x0B, 0xA1, 0x44,
    0x3C, 0x18, 0xD6, 0x31, 0x6D, 0x32, 0x92, 0x6B, 0x25, 0x68, 0x90, 0x9D, 0x7D, 0x72, 0x51, 0x83,
    0x9D, 0xB7, 0xF0, 0x4B, 0xEB, 0x99, 0xFF, 0xB5, 0x3C, 0xAB, 0xAF, 0xC3, 0xA0, 0xD2, 0xD7, 0x01,
    0x94, 0x49, 0xCE, 0x2D, 0xDC, 0x87, 0x8C, 0xC7, 0x54, 0x13, 0xF8, 0x26, 0x61, 0xC7, 0xB6, 0xE7,
    0x5A, 0x94, 0xE9, 0x5B, 0x10, 0x90, 0x3C, 0xFF, 0x01, 0xF2, 0x39, 0x96, 0x13, 0xCF, 0x71, 0xEE,
    0x18, 0x96, 0xDA, 0x7D, 0x18, 0x95, 0x8E, 0x5D, 0x2B, 0xBD, 0x4B, 0x91, 0x59, 0x5A, 0x9C, 0xBC,
    0xE2, 0x59, 0x65, 0xD5, 0xEE, 0x3B, 0x4E, 0x53, 0x5C, 0x64, 0xF4, 0xF9, 0xF3, 0xAB, 0x83, 0x3A,
    0xFD, 0x61, 0x90, 0x05, 0x24, 0x3D, 0x0E, 0x2A, 0x93, 0xA9, 0x74, 0xCD, 0x40, 0xB9, 0x97, 0x9C,
    0x1E, 0x01, 0xA2, 0xA9, 0x8A, 0x31, 0x53, 0x67, 0x51, 0xAF, 0xD2, 0x9F, 0xC6, 0xD9, 0xE9, 0x7E,
    0x9D, 0xB6, 0x2B, 0x12, 0xA8, 0x27, 0xF0, 0xA0, 0xA0, 0x31, 0x15, 0x9D, 0x34, 0x26, 0xE7, 0x10,
    0x1B, 0xDA, 0x65, 0x14, 0x38, 0x09, 0x72, 0xFA, 0xA3, 0x29, 0x02, 0xF5, 0xC5, 0xA4, 0xA0, 0x07,
    0x8E, 0x64, 0x17, 0x9E, 0x85, 0xD7, 0xE0, 0x1F, 0x74, 0x5D, 0x99, 0x98, 0x0F, 0x85, 0x2E, 0x98,
    0xEC, 0xDB, 0x88, 0x76, 0x8E, 0x1B, 0x7B, 0x1E, 0x22, 0x6C, 0xB8, 0xE5, 0x4D, 0xD8, 0x3A, 0x77,
    0x91, 0x41, 0x5E, 0xB0, 0x4D, 0xE3, 0x1C, 0x96, 0xEA, 0xB7, 0x59, 0xA0, 0x2F, 0xD4, 0x24, 0xC9,
    0xD2, 0xD9, 0x41, 0x35, 0x72, 0x76, 0x23, 0x49, 0xBC, 0xA8, 0x73, 0xE5, 0x4E, 0x9E, 0x29, 0x75,
    0x48, 0x69, 0xAC, 0xBA, 0x26, 0x99, 0xBD, 0x08, 0x01, 0xA0, 0x82, 0x11, 0x6E, 0x9B, 0xB4, 0xEB,
    0xDD, 0x96, 0xD2, 0xAD, 0xCC, 0xD2, 0x51, 0x77, 0xD1, 0x95, 0x66, 0xA4, 0xBD, 0xD5, 0x69, 0xA1,
    0xF6, 0x36, 0xC4, 0xDE, 0x61, 0x1F, 0x63, 0xB9, 0x52, 0xCD, 0x95, 0xE8, 0x54, 0x69, 0x4E, 0x95,
    0x64, 0xA3, 0x14, 0x6B, 0x25, 0xA8, 0xF4, 0xF0, 0x20, 0xC8, 0x81, 0x28, 0xA8, 0xE1, 0x11, 0x10,
    0x73, 0x01, 0xA2, 0xDC, 0xBA, 0x48, 0x14, 0x8D, 0x94, 0x67, 0x6F, 0x70, 0x9D, 0x2C, 0xFB, 0xEC,
    0x50, 0xBB, 0x2B, 0xA8, 0xE3, 0x32, 0xA8, 0x6D, 0x19, 0x56, 0xA6, 0x20, 0x4D, 0x3E, 0x1E, 0x97,
    0x48, 0x3E, 0x05, 0x9C, 0xBA, 0x80, 0x83, 0x64, 0x03, 0x4D, 0x73, 0xBC, 0x06, 0xE0, 0x6E, 0x04,
    0xAE, 0x86, 0xB2, 0x83, 0x75, 0x8A, 0xAB, 0xC1, 0x55, 0x4B, 0x4E, 0xF6, 0xC1, 0x83, 0x3E, 0x0C,
    0x66, 0x9F, 0x84, 0x2B, 0xA5, 0x88, 0xAD, 0xA4, 0x52, 0xDB, 0xE3, 0x4E, 0xDC, 0xB0, 0x26, 0xF7,
    0x90, 0xB0, 0x25, 0x59, 0xC8, 0xD8, 0xF2, 0xC3, 0x68, 0x11, 0xFC, 0xBD, 0xC0, 0x93, 0x51, 0x19,
    0x7E, 0x42, 0xB3, 0xC3, 0xF6, 0xF7, 0x2A, 0xEC, 0x02, 0x5E, 0xDE, 0xAF, 0xE9, 0xB8, 0x59, 0x5C,
    0x34, 0xF4, 0x05, 0x31, 0xD9, 0x4C, 0xB3, 0xAE, 0x95, 0xA1, 0x15, 0x75, 0xDC, 0x81, 0x3A, 0xEE,
    0x96, 0xD8, 0x01, 0xB5, 0x86, 0x4F, 0x34, 0x97, 0xC0, 0x50, 0xAB, 0x73, 0xA0, 0x00, 0x3D, 0xAE,
    0xB6, 0x10, 0xC1, 0xB9, 0x84, 0xCB, 0x14, 0x01, 0x04, 0x95, 0x37, 0xF1, 0x7D, 0xB5, 0x9D, 0xE4,
    0xA0, 0xB4, 0x87, 0x9B, 0xE1, 0x6F, 0x73, 0x7E, 0x5C, 0x4A, 0xEB, 0x3C, 0xE0, 0xEB, 0x92, 0x92,
    0x04, 0x7F, 0x5B, 0x84, 0x95, 0xCD, 0xC2, 0x8F, 0x11, 0x06, 0x74, 0x42, 0xE4, 0x1C, 0x0B, 0x0E,
    0xA7, 0x54, 0x4B, 0x5C, 0x0C, 0xA9, 0x19, 0x93, 0x8D, 0xA8, 0x18, 0x9B, 0x25, 0x56, 0x79, 0xB1,
    0xBF, 0x52, 0x15, 0x99, 0x2F, 0x95, 0x93, 0x68, 0x0D, 0x2A, 0x30, 0xE7, 0x4A, 0x75, 0x15, 0xAC,
    0x54, 0x55, 0x28, 0x07, 0x8D, 0x6C, 0x2C, 0xAE, 0xFA, 0xEA, 0x73, 0xF4, 0x53, 0x89, 0x5A, 0xCA,
    0xBA, 0x5C, 0x6E, 0xFC, 0x8D, 0xA1, 0x66, 0xF1, 0xB8, 0xDA, 0xDC, 0xD7, 0xFD, 0x98, 0x62, 0x0F,
    0xD6, 0x31, 0xB7, 0xDB, 0xC2, 0x66, 0xE6, 0x55, 0xCB, 0x34, 0x0B, 0xF6, 0xC0, 0x47, 0xAD, 0x6B,
    0x69, 0xC0, 0x6A, 0x92, 0xD1, 0x7E, 0x2C, 0x56, 0xDB, 0x60, 0xC6, 0xE2, 0x62, 0xF9, 0x40, 0x68,
    0x82, 0xC3, 0x5C, 0xD7, 0x29, 0xFE, 0x0D, 0x8E, 0xBA, 0xA1, 0x38, 0x87, 0x7F, 0x42, 0x3D, 0xDC,
    0xB6, 0x1B, 0x7E, 0x9E, 0xC1, 0x3F, 0xA8, 0xFB, 0x2E, 0x3E, 0x25, 0x63, 0xF1, 0x87, 0x45, 0x57,
    0x7C, 0x96, 0x87, 0x12, 0xAD, 0x26, 0xBC, 0x88, 0x8B, 0xE5, 0x1F, 0x12, 0x26, 0xF1, 0x21, 0x63,
    0x6F, 0xCA, 0xA5, 0x1E, 0x92, 0xC0, 0x90, 0x4E, 0xC6, 0xAA, 0x23, 0xDB, 0x34, 0x26, 0x2C, 0x38,
    0x41, 0x86, 0x41, 0x05, 0x54, 0xAF, 0x48, 0x34, 0xDD, 0x6A, 0xC2, 0xA2, 0xF3, 0xDA, 0x6C, 0xAC,
    0xC9, 0xF5, 0xC7, 0x60, 0xE0, 0x0A, 0x9D, 0x9F, 0x0E, 0xF2, 0x76, 0x46, 0x35, 0x23, 0x69, 0x6C,
    0x08, 0xC7, 0x2D, 0x73, 0x65, 0x89, 0x3C, 0x52, 0xC6, 0xA5, 0x81, 0x66, 0x60, 0x1E, 0xF5, 0xDB,
    0x09, 0xA4, 0xDE, 0x93, 0x3C, 0xFC, 0x52, 0x72, 0xF3, 0x5B, 0xB9, 0x31, 0xC0, 0x27, 0x0D, 0x74,
    0x51, 0x80, 0x8B, 0xA7, 0xE4, 0x09, 0xBA, 0x94, 0xC4, 0xEF, 0xC3, 0x19, 0xFF, 0x52, 0xBA, 0xF2,
    0x3F, 0xDB, 0xEC, 0x39, 0x41, 0x22, 0x99, 0xA0, 0x56, 0xA8, 0x87, 0xE3, 0x62, 0x70, 0x52, 0x3F,
    0xB1, 0xF3, 0x74, 0x0D, 0x4A, 0x86, 0x64, 0xE2, 0xB2, 0x3D, 0x2B, 0x04, 0x73, 0xA9, 0x26, 0x19,
    0x22, 0x82, 0xB6, 0xD2, 0x2D, 0xC0, 0xFA, 0x50, 0x6A, 0x30, 0x6E, 0xDE, 0x26, 0xDB, 0x61, 0xC7,
    0x35, 0xB6, 0x82, 0x30, 0x91, 0x96, 0x62, 0x4D, 0x79, 0x3E, 0x21, 0x0F, 0x74, 0xA7, 0x51, 0xF7,
    0x5F, 0x42, 0x41, 0x9E, 0xA5, 0x1B, 0x4A, 0x50, 0x71, 0xEB, 0x7F, 0xD1, 0x50, 0xBB, 0xA5, 0x27,
    0xBA, 0xF9, 0x01, 0x60, 0xC1, 0xF3, 0xA8, 0x13, 0x00, 0x2C, 0xAB, 0xEF, 0x0C, 0x58, 0xA6, 0x07,
    0x00, 0x4B, 0xFF, 0x4C, 0xB1, 0x7B, 0x08, 0xB0, 0x3C, 0x0B, 0x19, 0x86, 0xD0, 0xC2, 0x16, 0xA3,
    0x12, 0xC5, 0x88, 0x85, 0x28, 0xAA, 0x37, 0x94, 0x2F, 0x2D, 0x69, 0x3E, 0xE2, 0x97, 0x8C, 0xF0,
    0x85, 0xE8, 0x85, 0xFB, 0x10, 0xBB, 0x10, 0xBA, 0x0C, 0x95, 0xF4, 0x48, 0x71, 0x0B, 0x61, 0x8B,
    0x3A, 0xCE, 0x79, 0xC8, 0x05, 0xA9, 0x12, 0x06, 0x03, 0xA5, 0xFA, 0x77, 0x2F, 0xD5, 0xE4, 0x90,
    0x43, 0x01, 0xBE, 0x94, 0x44, 0x2F, 0x99, 0xBA, 0x85, 0x56, 0x05, 0x70, 0x31, 0x70, 0xC8, 0x45,
    0x81, 0x8B, 0x66, 0x56, 0x85, 0x2D, 0x8A, 0x5A, 0x14, 0xB4, 0x28, 0x66, 0xD1, 0x74, 0xAA, 0x88,
    0x45, 0x01, 0x8B, 0xE2, 0x15, 0x85, 0x2B, 0x0E, 0xAD, 0xBC, 0x25, 0xBF, 0x54, 0x48, 0x91, 0x33,
    0xA7, 0x80, 0x05, 0x0B, 0x0E, 0xCC, 0xA2, 0xA7, 0x8C, 0xE0, 0x2A, 0x2C, 0xA3, 0xBC, 0x4F, 0x83,
    0xA9, 0x02, 0x17, 0xE2, 0x16, 0xC2, 0x16, 0xA2, 0x16, 0x82, 0x16, 0x62, 0x16, 0x42, 0x16, 0x45,
    0x2C, 0x61, 0xDB, 0xC2, 0x56, 0x6D, 0x7B, 0xC8, 0x2E, 0x75, 0x4E, 0x75, 0xAD, 0x18, 0xD3, 0xD3,
    0x47, 0x23, 0xDA, 0x2E, 0xB4, 0x3C, 0x6F, 0x37, 0xB2, 0x0C, 0xB1, 0xDB, 0x1A, 0xB5, 0xA7, 0x07,
    0x4E, 0x27, 0x14, 0x0F, 0xFB, 0x73, 0x7B, 0x4D, 0x0F, 0xE3, 0x2E, 0xFA, 0x35, 0x65, 0x68, 0x31,
    0x7C, 0x9C, 0x22, 0x8B, 0xBC, 0xE6, 0x9C, 0x92, 0x91, 0x39, 0x70, 0x78, 0xC3, 0xA7, 0xD9, 0xD3,
    0x55, 0x01, 0xDD, 0xC6, 0x41, 0xD1, 0x3C, 0xE9, 0x20, 0x28, 0x5D, 0xE7, 0x08, 0xF4, 0x7C, 0x0C,
    0x2A, 0x60, 0x92, 0xDE, 0x26, 0x4C, 0x20, 0x86, 0xBA, 0x73, 0x3C, 0x47, 0x9E, 0x9A, 0x0A, 0x5E,
    0x13, 0x9F, 0xE9, 0x1C, 0xBC, 0x50, 0xA4, 0xE1, 0xEA, 0x55, 0xFD, 0x98, 0x55, 0xF0, 0x03, 0xCF,
    0x4E, 0xD4, 0xA1, 0x9C, 0x9D, 0xAE, 0xBF, 0x3B, 0x55, 0x15, 0x04, 0xF3, 0x05, 0x88, 0x5E, 0xC8,
    0xDE, 0xD3, 0x1C, 0x9C, 0x04, 0xF3, 0xD6, 0xB4, 0x6D, 0x9A, 0x0D, 0x86, 0x74, 0x87, 0xE9, 0xCD,
    0x18, 0x98, 0xB6, 0x34, 0xF7, 0xB5, 0x86, 0xAE, 0x98, 0x93, 0x0F, 0x01, 0x67, 0xF3, 0x12, 0xDC,
    0x32, 0xB9, 0xC7, 0xEE, 0x21, 0x5A, 0x3C, 0x92, 0xE2, 0x49, 0x06, 0xD2, 0x76, 0x53, 0xA9, 0x49,
    0x37, 0xBD, 0x5A, 0x69, 0x3E, 0xFF, 0x3E, 0x05, 0xD4, 0x89, 0x67, 0x0F, 0x8B, 0xA7, 0xE5, 0x8F,
    0x88, 0x6F, 0x03, 0xF9, 0x1F, 0xB1, 0x78, 0xA4, 0x1B, 0xAC, 0xFA, 0x56, 0xE3, 0xE4, 0xE2, 0x09,
    0x3B, 0x45, 0xD4, 0xC0, 0xF6, 0x68, 0x53, 0xA9, 0x4C, 0xE1, 0xAF, 0x6B, 0xFA, 0x1D, 0xBD, 0x3F,
    0xFE, 0x8C, 0xF9, 0x0F, 0x48, 0x90, 0x5D, 0x83, 0xB6, 0x41, 0xB9, 0xC6, 0x07, 0x1D, 0x01, 0x4C,
    0xB3, 0x8B, 0x33, 0xC5, 0x54, 0x03, 0x66, 0xA9, 0xCF, 0x37, 0xFA, 0xBC, 0x02, 0x0B, 0xC2, 0x8B,
    0x98, 0xF1, 0xE0, 0x02, 0x02, 0xAE, 0xC7, 0x02, 0x32, 0x43, 0x01, 0x6E, 0xBF, 0x99, 0x05, 0xB3,
    0x7F, 0x75, 0xC9, 0x3C, 0x8F, 0x7B, 0xC2, 0xC6, 0x34, 0xEC, 0x8A, 0x14, 0x09, 0xA2, 0x2B, 0xBA,
    0xC6, 0x4E, 0x14, 0xAC, 0x8D, 0xB4, 0x0C, 0x0C, 0x85, 0xAC, 0xE6, 0x91, 0xAE, 0x86, 0x0C, 0xE6,
    0x63, 0x5B, 0xBC, 0x0E, 0x29, 0x0D, 0xD4, 0x96, 0x14, 0x01, 0xE3, 0x26, 0x98, 0x7F, 0x4E, 0x37,
    0x45, 0xED, 0x9A, 0x67, 0xD7, 0xB2, 0x70, 0x89, 0xEA, 0xAC, 0x1D, 0xAB, 0x26, 0x7A, 0x45, 0x19,
    0xE3, 0xAE, 0x89, 0x82, 0x79, 0xE7, 0x2B, 0x70, 0xD7, 0x12, 0xD9, 0x42, 0x98, 0x69, 0x48, 0x66,
    0xB9, 0xB0, 0x77, 0x44, 0x74, 0x5C, 0xAA, 0xC8, 0x79, 0xE1, 0xF6, 0xD4, 0xB0, 0x4C, 0x20, 0xE7,
    0x0D, 0xCA, 0x19, 0x56, 0xD1, 0x22, 0x5A, 0xB0, 0xC7, 0x43, 0xD0, 0x29, 0x56, 0x4D, 0x64, 0x02,
    0x44, 0xDD, 0x66, 0xF6, 0xF6, 0x87, 0xF0, 0xA3, 0x04, 0xB2, 0x0C, 0x5C, 0x6A, 0x99, 0xE0, 0x19,
    0x5C, 0x97, 0xE3, 0x5A, 0x21, 0x98, 0x06, 0x93, 0x36, 0x9C, 0xE1, 0x82, 0xDD, 0x66, 0xAD, 0x38,
    0x8B, 0x4A, 0x9C, 0x90, 0x4F, 0x87, 0xA0, 0x37, 0x40, 0xE8, 0xE4, 0xD2, 0xD0, 0x69, 0xFC, 0xE4,
    0xE6, 0x01, 0xD2, 0x10, 0x31, 0x8A, 0xE1, 0x93, 0xE8, 0x0C, 0x20, 0xDC, 0x17, 0xDC, 0xB6, 0xCD,
    0x74, 0x80, 0x70, 0xC8, 0xD5, 0xB5, 0x17, 0xA5, 0x79, 0x21, 0xB7, 0x50, 0x70, 0xA1, 0xE4, 0xAE,
    0xBD, 0xA5, 0xEC, 0x6C, 0x1B, 0x98, 0xF6, 0x26, 0xEC, 0xC7, 0xB1, 0x01, 0xE5, 0x57, 0x05, 0x78,
    0x0D, 0xB8, 0xEC, 0x3A, 0xF4, 0x25, 0x76, 0x1B, 0x5A, 0x50, 0x35, 0x38, 0x3D, 0x48, 0x98, 0x75,
    0x88, 0x50, 0xC3, 0x46, 0xFE, 0x54, 0x77, 0x8A, 0x48, 0xB3, 0xC3, 0x91, 0xA8, 0xFD, 0x26, 0xB2,
    0x54, 0x43, 0xFC, 0x5A, 0x1B, 0x62, 0xD9, 0x09, 0xEB, 0x22, 0x01, 0xDC, 0x27, 0x84, 0xB3, 0x9F,
    0x41, 0x27, 0xF1, 0xBE, 0x3A, 0x14, 0x35, 0x04, 0x64, 0x2D, 0xF6, 0x17, 0x20, 0x94, 0x10, 0xEC,
    0xA6, 0xA1, 0x8E, 0x04, 0x56, 0x64, 0xE7, 0xA6, 0xDF, 0x6E, 0xA6, 0xE3, 0x8E, 0x27, 0xA8, 0x88,
    0xB8, 0xD8, 0x66, 0xCC, 0x32, 0xDA, 0xFE, 0xC9, 0x4A, 0x3B, 0xEF, 0x61, 0xC1, 0xE1, 0x5C, 0x30,
    0xED, 0x97, 0xA6, 0x5F, 0xEA, 0xAE, 0xE3, 0x40, 0xB7, 0xC5, 0x09, 0x4B, 0x4A, 0x95, 0x82, 0xD1,
    0xF8, 0x03, 0x96, 0xF0, 0x3B, 0x44, 0xD6, 0x4C, 0x21, 0x76, 0x8F, 0xD6, 0xE5, 0x88, 0x63, 0xC0,
    0xF2, 0x3A, 0x62, 0x7C, 0x0C, 0x29, 0x4B, 0x4E, 0xBD, 0xE8, 0xF4, 0xE8, 0x0C, 0x71, 0xEF, 0x75,
    0xEE, 0xBE, 0xE8, 0x1A, 0xB0, 0xE8, 0x63, 0xFE, 0xAA, 0x4D, 0xCF, 0xC5, 0xEF, 0x8C, 0x7A, 0x87,
    0x40, 0xBD, 0xA8, 0xC8, 0xB0, 0x5D, 0x48, 0x79, 0x9E, 0xC7, 0xB5, 0x20, 0x90, 0xCF, 0x40, 0x02,
    0x52, 0xBD, 0xA7, 0x49, 0x74, 0x7D, 0x2C, 0x89, 0x3E, 0x2E, 0x99, 0x38, 0x3B, 0x39, 0x98, 0x6B,
    0x4E, 0x4B, 0x46, 0xED, 0xDF, 0x70, 0xA3, 0x16, 0x3D, 0xFA, 0xF1, 0xDB, 0x24, 0xBE, 0xEE, 0xAA,
    0xC2, 0xA6, 0x32, 0xB5, 0x2D, 0x77, 0xD2, 0x89, 0x98, 0xC6, 0x6C, 0x2A, 0xBE, 0x27, 0xD3, 0x7E,
    0xA3, 0x07, 0x9E, 0x0A, 0x6B, 0xE2, 0xFD, 0x8C, 0xA2, 0xD1, 0xF5, 0x62, 0xCD, 0xFE, 0xAA, 0xC2,
    0x1B, 0x7D, 0xF8, 0x8C, 0x0E, 0x44, 0xB9, 0x06, 0xD2, 0x45, 0x6A, 0xE5, 0x3A, 0x41, 0xFE, 0x6E,
    0xB6, 0x9B, 0x21, 0xA2, 0x56, 0x1D, 0x6E, 0x78, 0x12, 0xA1, 0x6D, 0x39, 0x73, 0xB9, 0x85, 0x56,
    0xF0, 0x53, 0x84, 0x49, 0xDB, 0x6D, 0xE7, 0x7E, 0x38, 0x7E, 0x9B, 0xB7, 0xB5, 0xEB, 0xFD, 0x12,
    0xB7, 0x63, 0x70, 0x00, 0x6C, 0xCE, 0xC1, 0x84, 0x5A, 0x70, 0xCF, 0xF3, 0x6C, 0xFD, 0x35, 0x00,
    0xD1, 0x91, 0xBC, 0x87, 0x24, 0x44, 0x3C, 0x6E, 0x0E, 0x74, 0x3E, 0x5B, 0xF4, 0xFD, 0xE9, 0x37,
    0x77, 0x3E, 0xDF, 0x25, 0x78, 0x74, 0x50, 0xA8, 0x28, 0x37, 0xDA, 0x98, 0xB4, 0xEC, 0xE6, 0xC1,
    0x3A, 0x96, 0xD3, 0xF1, 0x14, 0x59, 0xBC, 0x48, 0x2D, 0xCE, 0x95, 0x56, 0xF1, 0xFF, 0x31, 0x13,
    0xDD, 0xF5, 0xD3, 0xF2, 0x79, 0xEB, 0x7C, 0xC4, 0xF1, 0xF7, 0x3F, 0x31, 0xFB, 0x74, 0x2F, 0x3E,
    0xD7, 0x8D, 0x36, 0x23, 0xC6, 0xCE, 0x6A, 0xFD, 0x1C, 0x61, 0x7A, 0x60, 0xE8, 0xE9, 0x67, 0x9E,
    0x6E, 0xE4, 0xE9, 0x27, 0x9E, 0x7E, 0xE0, 0xE9, 0xE7, 0x9D, 0x7E, 0xDC, 0xE9, 0xA7, 0x9D, 0x7E,
    0xD8, 0xE9, 0x67, 0x9D, 0x7E, 0xD4, 0xE9, 0x27, 0x9D, 0x7E, 0xD0, 0x79, 0x6C, 0xCE, 0x79, 0x3E,
    0x3B, 0x18, 0x34, 0x3A, 0xCC, 0x54, 0x78, 0x3E, 0x90, 0x47, 0x53, 0x21, 0xBD, 0x6E, 0xA8, 0x2D,
    0x1D, 0xA1, 0xDA, 0x9E, 0xF8, 0xDD, 0x47, 0x59, 0x21, 0x67, 0x2E, 0x3E, 0xA6, 0x4E, 0x03, 0x8D,
    0xE3, 0xA5, 0xD6, 0x28, 0xC1, 0x1F, 0x18, 0xC4, 0x20, 0x68, 0xCA, 0xB5, 0xF3, 0xE3, 0x96, 0x88,
    0x0B, 0x20, 0xA4, 0x88, 0x89, 0xA7, 0x6C, 0x01, 0x8D, 0x31, 0xD5, 0xC2, 0x51, 0xC6, 0x7C, 0xD1,
    0xB1, 0x33, 0xDD, 0x25, 0xC7, 0xEF, 0x03, 0xD1, 0x01, 0x1A, 0xA8, 0xCF, 0x02, 0x6D, 0x4C, 0x6E,
    0x1A, 0x0E, 0x1A, 0x41, 0x9C, 0xB5, 0x51, 0x74, 0xDC, 0x6B, 0x3E, 0x58, 0x33, 0xC5, 0x91, 0xEB,
    0x35, 0x84, 0xB0, 0xB0, 0xB2, 0x33, 0x65, 0xEA, 0x1A, 0x17, 0xD7, 0xE7, 0xB8, 0xFD, 0xF0, 0x10,
    0x1E, 0x59, 0x92, 0xCF, 0xC6, 0xB2, 0x3E, 0xA3, 0xD0, 0x86, 0x5F, 0xC1, 0x5F, 0x22, 0x4A, 0xA3,
    0x29, 0x52, 0x99, 0x57, 0xA8, 0xAE, 0xA6, 0xB4, 0x7D, 0x58, 0x27, 0xBD, 0xA5, 0xBC, 0x0B, 0x3E,
    0xD7, 0x7F, 0x60, 0xFB, 0x41, 0xF0, 0x03, 0x1A, 0x33, 0x1D, 0xCB, 0xEA, 0x4C, 0x56, 0x07, 0xB2,
    0xC4, 0xD6, 0x3A, 0x8A, 0xD5, 0x39, 0xAC, 0x0E, 0x61, 0x75, 0x02, 0xAB, 0xE3, 0x57, 0x9D, 0xBD,
    0xEA, 0xE0, 0x55, 0xA7, 0xAE, 0x3A, 0x72, 0xD5, 0x79, 0x2B, 0x87, 0xAD, 0x3A, 0x69, 0xD5, 0x31,
    0xAB, 0xF3, 0x0B, 0xED, 0xBF, 0xAC, 0xEF, 0xBF, 0xD4, 0x02, 0x77, 0x37, 0x81, 0xA1, 0x0C, 0xCD,
    0x25, 0xBE, 0xD7, 0x96, 0xF1, 0x1D, 0x53, 0x9A, 0x59, 0xB4, 0x30, 0x1C, 0xAF, 0x02, 0x10, 0x42,
    0xE5, 0x3A, 0x76, 0xE6, 0x54, 0x75, 0xA4, 0x33, 0xB9, 0x44, 0xAF, 0xDC, 0x89, 0xE8, 0xBC, 0xDA,
    0x83, 0x9B, 0xD9, 0x66, 0x58, 0xE9, 0xDA, 0x97, 0xAD, 0x63, 0xC7, 0x3D, 0x5A, 0x71, 0xC2, 0x4F,
    0x75, 0xC8, 0xF6, 0xB2, 0xAE, 0x6F, 0xEA, 0x43, 0xAB, 0xA3, 0x37, 0xBA, 0xE2, 0xA3, 0x3D, 0x89,
    0x6B, 0x4A, 0x5C, 0x57, 0xE2, 0xDA, 0x12, 0xD7, 0x97, 0x38, 0x84, 0xA5, 0x9D, 0x89, 0x6B, 0x4D,
    0x5C, 0x6F, 0xE2, 0x9A, 0x93, 0xBE, 0x11, 0x68, 0x5D, 0x3A, 0x12, 0xD7, 0xA0, 0xB8, 0x0E, 0xC5,
    0xB5, 0x28, 0x32, 0xEE, 0x86, 0x23, 0x2A, 0xC4, 0xA4, 0x9F, 0x9A, 0x54, 0x9D, 0x3D, 0xB7, 0x0F,
    0xF3, 0xA4, 0xC5, 0xEE, 0x0E, 0xA9, 0xC5, 0x7C, 0xF7, 0x73, 0xB2, 0x79, 0x78, 0xC8, 0xCA, 0x5E,
    0x86, 0xCD, 0x0C, 0x4F, 0x4D, 0x38, 0x3D, 0xD4, 0xE1, 0xA1, 0x22, 0x03, 0x4D, 0x69, 0x13, 0xD1,
    0x96, 0x46, 0x7B, 0x1A, 0x6D, 0x6A, 0xB4, 0xAB, 0xD1, 0xB6, 0xA6, 0xEB, 0x6B, 0xC0, 0xAD, 0xCE,
    0x4C, 0x34, 0xE8, 0x5D, 0x16, 0x75, 0x79, 0xEB, 0xA0, 0x5E, 0x1F, 0x53, 0xC3, 0xF3, 0xED, 0xAC,
    0x45, 0x47, 0x59, 0x3B, 0xDD, 0x46, 0xE8, 0xD8, 0x80, 0xAB, 0x79, 0xC0, 0x80, 0x8B, 0x11, 0x75,
    0xED, 0x0B, 0xD4, 0x43, 0xF2, 0xAB, 0xF8, 0x6A, 0x06, 0xEC, 0x8B, 0x18, 0xFA, 0x14, 0xE1, 0x13,
    0xDF, 0x2E, 0xD1, 0xDA, 0x80, 0x89, 0x6C, 0xC8, 0x33, 0x83, 0xBB, 0x71, 0x99, 0x06, 0x95, 0x29,
    0xD3, 0x08, 0x39, 0x3E, 0x65, 0xDB, 0x9A, 0x5E, 0xC1, 0xCE, 0xE9, 0x5D, 0x9E, 0x23, 0x55, 0x90,
    0xC9, 0x56, 0x97, 0xE0, 0x2C, 0x54, 0xEF, 0xF6, 0x6E, 0xC5, 0x19, 0x8E, 0x33, 0xCF, 0x3B, 0x6E,
    0xF6, 0x4F, 0x46, 0x46, 0x8E, 0x8D, 0x5E, 0x72, 0x1E, 0x19, 0xB7, 0x1E, 0x96, 0xA1, 0x32, 0x14,
    0x6D, 0x99, 0x84, 0x7F, 0x2E, 0xC7, 0xF1, 0x2B, 0xE5, 0x70, 0x0B, 0xB0, 0xEC, 0x45, 0x50, 0xAE,
    0x91, 0x37, 0xE1, 0xAB, 0x93, 0x5B, 0x4B, 0xE4, 0xD8, 0x4A, 0xC6, 0xFB, 0x1E, 0xDE, 0xC9, 0x74,
    0xD6, 0x79, 0xF7, 0x88, 0x6E, 0xB7, 0xA5, 0x30, 0xC5, 0xA8, 0xB3, 0x65, 0x67, 0xDD, 0xA6, 0x37,
    0x44, 0xEC, 0xB9, 0xDB, 0x6C, 0x1B, 0xCF, 0x5D, 0xB8, 0xE0, 0x69, 0x9F, 0xB8, 0x3D, 0x9F, 0x67,
    0x7C, 0x92, 0x88, 0xEC, 0xA5, 0xCA, 0xA3, 0xCB, 0x17, 0xE4, 0xDD, 0xB3, 0x96, 0x83, 0x70, 0xD9,
    0x80, 0x6A, 0x8A, 0xBF, 0xBE, 0x28, 0x95, 0xFC, 0x4E, 0xAA, 0x13, 0xCB, 0xC0, 0x73, 0x2C, 0xCB,
    0x84, 0x71, 0x35, 0x93, 0xF8, 0x0D, 0x44, 0xCE, 0x07, 0x88, 0xEA, 0xC5, 0xC2, 0x1F, 0x5A, 0xAF,
    0x80, 0x3D, 0xDC, 0xC9, 0x51, 0xED, 0xFC, 0x3F, 0xF4, 0x27, 0x10, 0x8C, 0x17, 0x7A, 0x9F, 0xF1,
    0x27, 0x10, 0x56, 0x8E, 0x9F, 0x42, 0xEC, 0xC2, 0xF3, 0xE7, 0xD8, 0x22, 0xA8, 0x59, 0x5A, 0x10,
    0x8A, 0x3B, 0x9D, 0xEE, 0x2F, 0x3B, 0xDD, 0xF7, 0xF8, 0x7E, 0x1F, 0xC9, 0x08, 0xF5, 0xAE, 0x60,
    0x67, 0x71, 0x53, 0x51, 0xF1, 0x04, 0xB1, 0x90, 0xFB, 0xC0, 0x1B, 0xC9, 0x39, 0x99, 0x64, 0x3B,
    0x3A, 0x65, 0x73, 0xB1, 0x9F, 0x2E, 0x80, 0x8F, 0x51, 0x53, 0x17, 0x33, 0x4D, 0xD5, 0x4F, 0xFB,
    0x01, 0xDB, 0x29, 0xF1, 0xAB, 0x4D, 0x84, 0x05, 0xA1, 0x31, 0xD2, 0xD0, 0x75, 0xC4, 0x5A, 0x1D,
    0x2C, 0x4E, 0xCC, 0xEB, 0x70, 0xE4, 0xD2, 0x13, 0x75, 0x6C, 0x81, 0x87, 0xE3, 0x97, 0x0B, 0xD5,
    0xF1, 0x29, 0x1E, 0xEF, 0x8C, 0x46, 0xB4, 0x22, 0x08, 0xC0, 0x86, 0xF1, 0x1B, 0x85, 0xDF, 0xBD,
    0x51, 0x1D, 0x10, 0xD9, 0x88, 0x42, 0x9B, 0x03, 0xE7, 0x3C, 0xEE, 0xA8, 0x27, 0x73, 0x19, 0x05,
    0x58, 0x3C, 0x42, 0x56, 0x34, 0xB7, 0x1A, 0xD4, 0xB1, 0xEB, 0xD0, 0xE4, 0x0B, 0xA7, 0xC9, 0x1B,
    0x5C, 0x15, 0x9E, 0x3A, 0x88, 0x16, 0xF0, 0xD3, 0x77, 0xA5, 0x7A, 0x88, 0x43, 0x27, 0xAB, 0x66,
    0xBA, 0xCA, 0xE9, 0xC0, 0x3D, 0xE2, 0x10, 0x4A, 0x15, 0x7C, 0xC4, 0x1D, 0xAA, 0xFA, 0xAC, 0x7B,
    0xD4, 0xFF, 0xEE, 0xB1, 0x0F, 0x79, 0xD6, 0xE4, 0x0E, 0xA3, 0xB9, 0x7F, 0xC4, 0xB3, 0xA6, 0xB8,
    0xB8, 0xCC, 0x29, 0xCE, 0xD3, 0x67, 0xDE, 0x6B, 0x7F, 0xAB, 0x27, 0x3F, 0xA4, 0x0C, 0x69, 0xE2,
    0x8C, 0x62, 0x5E, 0x81, 0xC7, 0xDC, 0xEB, 0x32, 0x85, 0xCB, 0x3C, 0xBB, 0x68, 0x84, 0xD9, 0x9D,
    0x36, 0x00, 0x0A, 0xB5, 0xAC, 0xE0, 0x34, 0x33, 0x38, 0xDD, 0x34, 0x5A, 0x04, 0x4D, 0x54, 0x5E,
    0xAA, 0x10, 0x79, 0x05, 0xB9, 0xB2, 0xC8, 0x92, 0x56, 0xF3, 0xDA, 0x12, 0x52, 0x10, 0x7C, 0x8E,
    0x75, 0xDA, 0x0D, 0x94, 0x55, 0x70, 0xAC, 0x63, 0xDE, 0x2C, 0x61, 0xEC, 0xE8, 0xE3, 0x45, 0x50,
    0x55, 0x02, 0x1B, 0xFC, 0xEE, 0xBA, 0x62, 0x81, 0x69, 0x7C, 0x7B, 0x1D, 0xFF, 0x71, 0x6C, 0xA6,
    0xDB, 0xA6, 0x7E, 0xC6, 0x96, 0xAE, 0x8F, 0xD2, 0x2F, 0x3A, 0x28, 0xB4, 0x1B, 0xFA, 0xFA, 0x7C,
    0x20, 0x2B, 0x98, 0xEC, 0x8A, 0x5C, 0x90, 0x1F, 0x9D, 0x26, 0x6F, 0x62, 0x6A, 0xD9, 0x5D, 0x05,
    0xCD, 0x00, 0x80, 0x31, 0xCA, 0xCC, 0x43, 0x30, 0x96, 0x68, 0x8D, 0xBB, 0xCA, 0x52, 0x71, 0x9B,
    0x9E, 0x4C, 0x77, 0x0E, 0x3F, 0xA2, 0x21, 0xAA, 0xEA, 0xAC, 0xCF, 0x23, 0xA2, 0x4F, 0x16, 0x12,
    0xFE, 0x95, 0x89, 0x00, 0xD7, 0xBB, 0xC0, 0xC2, 0x3B, 0x2F, 0x82, 0xAF, 0x2B, 0xDF, 0xE3, 0xE8,
    0x45, 0xBF, 0xBE, 0xB1, 0xF1, 0xE4, 0x6C, 0x9B, 0xC9, 0xF4, 0xF2, 0x99, 0x9F, 0xAB, 0x70, 0xBE,
    0x92, 0x02, 0x74, 0x4C, 0x01, 0xC8, 0xAA, 0xB8, 0x08, 0xCB, 0x28, 0x3B, 0xB1, 0x0C, 0x01, 0x5C,
    0x9A, 0x23, 0xFB, 0x9B, 0xDA, 0xFA, 0x9C, 0xD3, 0x7A, 0xC1, 0x0A, 0x3D, 0x67, 0xDE, 0x83, 0x49,
    0xCC, 0x4A, 0xDC, 0xE0, 0x28, 0x2D, 0xDD, 0x81, 0x6C, 0x54, 0x9D, 0x83, 0x5B, 0x6D, 0x83, 0xB9,
    0xC9, 0x22, 0x81, 0xB7, 0xEC, 0x23, 0x64, 0xBD, 0xE9, 0xAE, 0xF8, 0x81, 0x0F, 0x7D, 0x8D, 0x99,
    0xF3, 0x1D, 0x1F, 0xD3, 0xE9, 0x7D, 0xCE, 0xCC, 0xF1, 0xE4, 0x65, 0xC5, 0x4D, 0x84, 0x01, 0x3A,
    0xE5, 0xE2, 0x90, 0x34, 0x6E, 0xB4, 0x41, 0x7D, 0x0E, 0xE4, 0x39, 0xB7, 0x62, 0x13, 0x1A, 0xB6,
    0x1E, 0xFD, 0x5C, 0xF7, 0xBC, 0x70, 0x2F, 0x00, 0x89, 0xA0, 0xEC, 0xE0, 0x6F, 0xBB, 0xE2, 0xB5,
    0x29, 0x60, 0xDF, 0x9C, 0x7B, 0xF5, 0xF9, 0x46, 0x8E, 0xA7, 0xEE, 0x45, 0x0F, 0xDF, 0x34, 0x85,
    0x87, 0xE4, 0x0B, 0xDB, 0x74, 0x69, 0xE8, 0x60, 0xB1, 0x98, 0xB7, 0x25, 0xFE, 0x1F, 0xC9, 0xCF,
    0xA3, 0xCE, 0xB1, 0xC7, 0x4F, 0xCA, 0x64, 0x25, 0xF6, 0x73, 0xDF, 0xE7, 0xC1, 0x24, 0xB1, 0x6E,
    0xF3, 0x9C, 0x1F, 0x01, 0xB4, 0x1C, 0x6D, 0x55, 0xF2, 0xD3, 0xA8, 0xF6, 0x00, 0xD6, 0x57, 0x64,
    0x72, 0x43, 0x2E, 0xD2, 0x42, 0xCE, 0xAF, 0x59, 0x70, 0x45, 0x7E, 0x9F, 0x94, 0xAE, 0xA8, 0x44,
    0xFE, 0x95, 0x02, 0xA6, 0xEE, 0xFC, 0xE6, 0x52, 0x03, 0x9C, 0x59, 0xC0, 0x6E, 0x22, 0xBF, 0x51,
    0x7C, 0xB3, 0x76, 0x5D, 0xEE, 0x0B, 0xD6, 0xDF, 0xDB, 0xDD, 0x9F, 0xB8, 0xD6, 0xEA, 0x1A, 0x04,
    0xDF, 0xDB, 0xF3, 0x95, 0xBD, 0xAB, 0xF0, 0x63, 0x37, 0x0C, 0x40, 0xF4, 0x9E, 0xE7, 0xBC, 0x09,
    0x7B, 0xFD, 0x44, 0x99, 0x3C, 0x72, 0x8A, 0x3A, 0xD8, 0x9C, 0xA2, 0x2E, 0x0E, 0x37, 0x43, 0xD0,
    0x89, 0x7E, 0x85, 0xA8, 0xA1, 0x6A, 0xF4, 0x4B, 0x43, 0x35, 0xBF, 0x31, 0xC4, 0x26, 0x1E, 0x9A,
    0xD5, 0xEF, 0x2D, 0xD9, 0x4C, 0xFB, 0x76, 0xE3, 0x9A, 0x77, 0x76, 0xA7, 0x99, 0x76, 0xEC, 0xD0,
    0x55, 0xEA, 0x9B, 0x6C, 0x7E, 0x37, 0x48, 0xBF, 0xB0, 0x84, 0x2D, 0xDC, 0x6C, 0xE0, 0x3C, 0xFE,
    0x49, 0x54, 0x6C, 0x75, 0x87, 0x93, 0x5F, 0xE9, 0x04, 0xFB, 0xF8, 0x14, 0x2E, 0xEF, 0x7B, 0xCE,
    0xE9, 0xA1, 0xF9, 0xDB, 0xC1, 0x09, 0xF6, 0x9C, 0x91, 0xCE, 0xBE, 0xE7, 0x33, 0xF6, 0x63, 0x2B,
    0x4E, 0x74, 0x28, 0x9A, 0x2D, 0x75, 0x04, 0x65, 0x74, 0x1E, 0xE6, 0x87, 0x4E, 0xDA, 0xF7, 0x0F,
    0xDD, 0x30, 0x61, 0x8B, 0x7B, 0xE2, 0xDD, 0x7F, 0x00, 0x9D, 0x5A, 0x4F, 0x6C, 0x1C, 0xE7, 0x75,
    0x7F, 0x33, 0x23, 0x71, 0x24, 0x8F, 0xC4, 0x8F, 0x07, 0x15, 0x70, 0x20, 0x8A, 0xC3, 0x43, 0x0F,
    0x32, 0x40, 0xEE, 0xE8, 0xC0, 0x36, 0x6C, 0x3A, 0xBB, 0xFB, 0x29, 0x3E, 0x08, 0xA8, 0x7B, 0x30,
    0x72, 0x2C, 0xD0, 0x42, 0x87, 0x02, 0x3D, 0x25, 0xDA, 0x36, 0x4C, 0x4B, 0xA7, 0x43, 0xEE, 0xC8,
    0x06, 0xAA, 0x83, 0x0F, 0x66, 0xEF, 0x41, 0xCB, 0x43, 0x0E, 0x45, 0x50, 0x14, 0x3C, 0xA8, 0xC0,
    0xA6, 0x59, 0x69, 0xBE, 0x48, 0x07, 0x1F, 0x72, 0xE8, 0xA8, 0x3E, 0x04, 0x68, 0xD0, 0xEA, 0xB3,
    0xAD, 0xC2, 0x87, 0xB4, 0xF6, 0xD8, 0x99, 0xB4, 0xAB, 0x76, 0x97, 0x5F, 0x7F, 0xEF, 0xCD, 0x2E,
    0xB9, 0xA4, 0xD8, 0xC6, 0x36, 0x77, 0xBF, 0xB1, 0x76, 0x76, 0xBE, 0xF7, 0xDE, 0xF7, 0xFE, 0xFE,
    0xDE, 0x5B, 0x87, 0x79, 0x9F, 0xC2, 0x37, 0x9D, 0x09, 0xDF, 0xBE, 0x67, 0xA2, 0xDF, 0x0F, 0x4A,
    0xB5, 0x8D, 0x55, 0x05, 0x46, 0x99, 0xD0, 0xC4, 0x3A, 0xCA, 0x13, 0x8A, 0xA9, 0xCD, 0x2F, 0x7F,
    0x44, 0x7D, 0x67, 0xE9, 0xCE, 0x21, 0x11, 0x85, 0x2E, 0xC7, 0x07, 0xE3, 0xD5, 0x11, 0x9E, 0x8A,
    0x72, 0xA5, 0x95, 0x8E, 0xE5, 0xB9, 0x2E, 0xA5, 0xF4, 0x90, 0x32, 0xFF, 0x63, 0xCA, 0xA2, 0x6F,
    0xD2, 0x4E, 0x0B, 0x77, 0xEA, 0x94, 0xE2, 0x3C, 0xA5, 0xF0, 0xCB, 0xF0, 0xF1, 0x8A, 0x9C, 0x94,
    0x33, 0xD4, 0xBD, 0xA9, 0x69, 0x88, 0xCF, 0x15, 0x6E, 0x61, 0xF9, 0x96, 0x28, 0x28, 0x1F, 0x52,
    0xF0, 0xAE, 0xCB, 0xC3, 0x7F, 0x55, 0x26, 0x1A, 0x85, 0x46, 0x59, 0xA6, 0x15, 0x98, 0x98, 0x42,
    0xD3, 0xA2, 0x48, 0xB7, 0x41, 0x2F, 0x05, 0xBD, 0x5D, 0xAF, 0xA1, 0x17, 0x32, 0xBD, 0x3B, 0xD6,
    0x77, 0xE3, 0x20, 0x7F, 0x40, 0x10, 0x94, 0x12, 0xC2, 0x23, 0xD4, 0x22, 0x3C, 0x44, 0xD9, 0x05,
    0x1A, 0x75, 0xC2, 0x2A, 0x86, 0x7C, 0x13, 0xA2, 0xAB, 0xCF, 0x89, 0x9C, 0xA3, 0xA0, 0xBE, 0x48,
    0x2A, 0x97, 0x07, 0xF9, 0x19, 0x4A, 0x23, 0x4B, 0x59, 0xBF, 0xA6, 0xAC, 0xDE, 0xA6, 0xAE, 0xD9,
    0xC4, 0xBA, 0x0F, 0xE9, 0x98, 0xB4, 0xA6, 0x90, 0xB5, 0x42, 0x47, 0x7F, 0xE9, 0x74, 0x65, 0x58,
    0x2C, 0xF8, 0x00, 0xAB, 0x96, 0x03, 0x5C, 0xFD, 0x65, 0x45, 0x85, 0xB3, 0x7E, 0x7D, 0xB5, 0x8C,
    0x20, 0xAE, 0x82, 0xB8, 0x09, 0x45, 0xA6, 0x0D, 0x4E, 0x29, 0x25, 0x3A, 0xA3, 0x82, 0x52, 0xFF,
    0x13, 0xEA, 0xA8, 0x3F, 0xA0, 0x64, 0x82, 0x83, 0xD8, 0xF6, 0x1C, 0x39, 0x5E, 0x9D, 0x97, 0x21,
    0xF7, 0x88, 0xF0, 0x0D, 0x3E, 0xF8, 0x13, 0xE6, 0xA6, 0x1C, 0x5F, 0xBB, 0xE7, 0x69, 0xCA, 0xB1,
    0xE1, 0xD7, 0x70, 0x14, 0xA5, 0x09, 0x57, 0x62, 0xBE, 0xD8, 0x02, 0xCE, 0xD8, 0x0D, 0xDE, 0xD8,
    0x08, 0xEE, 0x7C, 0xBE, 0x28, 0xE7, 0x13, 0x2A, 0xCD, 0x1C, 0x12, 0xCD, 0x44, 0x0A, 0xE6, 0x06,
    0x39, 0xC0, 0x2F, 0xFA, 0x6B, 0x5C, 0x93, 0x09, 0x74, 0x05, 0x9E, 0x7C, 0xA5, 0xA2, 0x0C, 0xDC,
    0x48, 0xE5, 0x13, 0x05, 0x31, 0xF3, 0x6E, 0xE4, 0x0E, 0x3D, 0x77, 0xD8, 0xA8, 0x11, 0x3C, 0x07,
    0xA1, 0x2D, 0x5C, 0x0E, 0x15, 0x7A, 0x45, 0xA9, 0xDC, 0x68, 0x51, 0x3F, 0x68, 0x54, 0xED, 0x15,
    0x2E, 0x72, 0x2E, 0xD1, 0x2D, 0x58, 0x25, 0xA3, 0xC1, 0x6E, 0x58, 0x75, 0x9D, 0x89, 0xE4, 0x31,
    0x3E, 0x01, 0x4E, 0xA4, 0xF4, 0x83, 0x1D, 0x3A, 0x47, 0x5D, 0x3E, 0x53, 0xF1, 0x2F, 0xAB, 0x14,
    0x3B, 0x55, 0x79, 0x87, 0x71, 0x64, 0x54, 0x09, 0x2B, 0x75, 0x1A, 0x06, 0x38, 0xD9, 0x4E, 0x88,
    0xC3, 0x60, 0x33, 0xE4, 0x79, 0xCE, 0xE2, 0xDC, 0x79, 0x06, 0xAB, 0x86, 0xE5, 0xCB, 0x38, 0x45,
    0x58, 0x92, 0xE7, 0x28, 0x72, 0x94, 0xE4, 0xAC, 0x2C, 0xC8, 0xD3, 0xF1, 0x0E, 0x12, 0x67, 0xD9,
    0x44, 0x77, 0xAC, 0xE7, 0xC6, 0x5E, 0xBE, 0x4B, 0xB4, 0xC2, 0xDF, 0x74, 0x2B, 0xEA, 0x1B, 0x0A,
    0x2D, 0x7B, 0x94, 0x57, 0xAD, 0x87, 0x16, 0x14, 0xAF, 0x4E, 0xD8, 0x47, 0xE0, 0x64, 0x6E, 0xBC,
    0x44, 0x9E, 0xEE, 0x43, 0x28, 0x8A, 0x37, 0x58, 0x21, 0xDD, 0x12, 0x1B, 0x62, 0xCD, 0x5B, 0x88,
    0x37, 0x35, 0x8E, 0x28, 0x97, 0x75, 0xFE, 0x28, 0xE2, 0x5C, 0x15, 0x6B, 0xB0, 0x71, 0xD8, 0x7B,
    0x9E, 0x25, 0xB0, 0xA9, 0x82, 0x8F, 0xED, 0x52, 0x1B, 0xF7, 0xD2, 0xA4, 0xA2, 0xD4, 0x1B, 0x8A,
    0x53, 0xF2, 0x2B, 0xD1, 0x43, 0x1C, 0xBB, 0x26, 0xDF, 0x81, 0x3E, 0xBB, 0xA1, 0xAC, 0xF6, 0xCC,
    0xD7, 0x40, 0x07, 0x24, 0x13, 0x26, 0x7B, 0xEC, 0x3C, 0xA7, 0x22, 0x80, 0xC4, 0x7C, 0x30, 0xDB,
    0x15, 0xB8, 0x73, 0x77, 0x0C, 0x3D, 0x5B, 0xB1, 0xB8, 0x78, 0x85, 0x62, 0x87, 0x8F, 0x2F, 0x4C,
    0xE9, 0x89, 0xEB, 0x34, 0xCE, 0x01, 0x72, 0x3E, 0xF8, 0x82, 0x3E, 0x08, 0xED, 0xF8, 0x7C, 0x7A,
    0x5C, 0x82, 0x32, 0x80, 0x27, 0x1B, 0x10, 0x55, 0x3A, 0x32, 0xF0, 0x0C, 0x65, 0x20, 0x7A, 0x37,
    0xC7, 0x05, 0x02, 0xAA, 0x7B, 0xFF, 0xC8, 0x46, 0x8A, 0xD9, 0x7D, 0x38, 0x1C, 0xE6, 0x68, 0x8E,
    0x58, 0x03, 0x27, 0x0D, 0xE2, 0xBB, 0x3D, 0xA1, 0x0E, 0xE2, 0xA0, 0x6D, 0x41, 0xBA, 0x64, 0xCA,
    0x4C, 0x98, 0xE9, 0x32, 0x59, 0xA6, 0xCA, 0x44, 0x99, 0xA6, 0x5F, 0xB7, 0x8E, 0x4F, 0x0D, 0x7A,
    0x4C, 0x8E, 0xA9, 0x09, 0xB1, 0x08, 0x96, 0x2B, 0x5C, 0x19, 0xD4, 0x0B, 0x08, 0x6F, 0x89, 0xD8,
    0xE6, 0x49, 0xDF, 0xE5, 0x69, 0xE0, 0x34, 0x7B, 0x6D, 0x07, 0xD2, 0x26, 0x48, 0x2F, 0xCA, 0x4D,
    0x60, 0xB9, 0x3D, 0x9C, 0x32, 0x40, 0xD4, 0x44, 0x48, 0x03, 0x4D, 0x52, 0x52, 0x7A, 0x44, 0xEA,
    0xCD, 0x8A, 0xC2, 0x9F, 0x18, 0x0A, 0x9E, 0x6A, 0x0A, 0xA0, 0x1E, 0x64, 0x19, 0x0A, 0x20, 0x75,
    0xC4, 0x8A, 0x40, 0x84, 0xA6, 0x60, 0x3D, 0x58, 0x87, 0x9E, 0x41, 0xBC, 0x86, 0x9A, 0x0A, 0xBE,
    0x0F, 0x05, 0x27, 0xDA, 0x1B, 0xF5, 0x4B, 0x35, 0xFE, 0x46, 0xB5, 0x7B, 0x8E, 0x1E, 0xE2, 0x66,
    0xD7, 0x48, 0xF2, 0xA0, 0x42, 0x93, 0xF7, 0x3F, 0x39, 0x05, 0xEF, 0xC1, 0x87, 0xDE, 0x82, 0xAC,
    0xF7, 0xF0, 0x5F, 0x28, 0xCA, 0xE3, 0xC8, 0xCC, 0xBD, 0x2A, 0xCA, 0x7D, 0x1B, 0xE5, 0x41, 0x19,
    0xE9, 0x26, 0xC6, 0x63, 0xF8, 0x02, 0xA4, 0xD1, 0x2D, 0x6C, 0x6E, 0x23, 0xBA, 0xDA, 0xFE, 0x21,
    0x75, 0xE3, 0x1D, 0xC4, 0x55, 0x8A, 0xA8, 0xCA, 0xA6, 0x21, 0x3B, 0x7A, 0xD1, 0xD2, 0x84, 0x14,
    0x18, 0xB9, 0x92, 0x92, 0x9B, 0xB9, 0x98, 0xAF, 0x9E, 0x77, 0x82, 0x02, 0xFC, 0x9D, 0x09, 0x9E,
    0x22, 0x0D, 0x8F, 0xC1, 0x6B, 0x9A, 0x4E, 0x55, 0x1E, 0x81, 0x97, 0x02, 0x2F, 0xC5, 0xA7, 0x87,
    0x56, 0x63, 0x6C, 0x5D, 0x01, 0x87, 0xB8, 0x49, 0xA9, 0x5F, 0x94, 0x9E, 0x66, 0xF9, 0xA3, 0x1C,
    0xF4, 0xF4, 0x49, 0x7A, 0xEB, 0x73, 0x69, 0xAE, 0x26, 0xEF, 0x55, 0x4B, 0x01, 0xEC, 0x26, 0xEE,
    0x17, 0x8B, 0x9A, 0x5A, 0xB3, 0x84, 0x98, 0xC9, 0x7B, 0x20, 0xFC, 0xD8, 0xBA, 0x79, 0xD7, 0x69,
    0x38, 0x1C, 0xDC, 0x0D, 0x79, 0x28, 0x9C, 0xBD, 0xE1, 0x1D, 0xD8, 0xD8, 0x82, 0xD4, 0x29, 0x1E,
    0x1F, 0x42, 0x1F, 0x35, 0x8D, 0xAE, 0x14, 0x75, 0x82, 0x84, 0x53, 0x05, 0xC8, 0x5E, 0xE9, 0x09,
    0x32, 0x10, 0xDA, 0x9F, 0xD1, 0x28, 0xC6, 0xE4, 0xC6, 0xAC, 0x7B, 0x7E, 0x23, 0x24, 0xF8, 0x3D,
    0x97, 0xE0, 0xA1, 0xE5, 0xF1, 0x66, 0xD7, 0x55, 0x3D, 0x54, 0xAE, 0x66, 0x63, 0xB3, 0xB7, 0xD9,
    0x5E, 0xCE, 0x82, 0x09, 0x6F, 0xDE, 0xDE, 0x50, 0x80, 0x41, 0xE9, 0xDA, 0x2E, 0x6D, 0xB4, 0xE9,
    0x46, 0x4A, 0x1B, 0x59, 0x6F, 0xFD, 0x61, 0x19, 0x1D, 0xCA, 0x41, 0x4F, 0x51, 0xB0, 0x2C, 0x15,
    0xCB, 0x3B, 0xC0, 0x97, 0x15, 0xCD, 0x9C, 0x7E, 0x56, 0x1B, 0xE7, 0x8E, 0x34, 0xC0, 0x6B, 0x44,
    0xC3, 0xA5, 0xBE, 0x4D, 0x72, 0x6F, 0xA6, 0xF6, 0xB9, 0x78, 0xE6, 0xA4, 0xCC, 0x31, 0x1D, 0x3A,
    0x57, 0x23, 0x5B, 0x56, 0xAC, 0x7A, 0x25, 0x6E, 0x9C, 0x51, 0x0B, 0x0F, 0xB7, 0xF1, 0x65, 0x8A,
    0x43, 0x65, 0x7D, 0x4B, 0xC3, 0x62, 0x02, 0x96, 0x7D, 0xAC, 0x98, 0x53, 0x89, 0xE6, 0x74, 0xCE,
    0x27, 0x5E, 0x05, 0xAF, 0x9D, 0xB9, 0xAA, 0xA7, 0xC0, 0x7D, 0xC0, 0x9E, 0x50, 0x73, 0x45, 0xAC,
    0x99, 0x54, 0x85, 0x3B, 0x5E, 0x85, 0x3B, 0x81, 0x4D, 0xBD, 0x2A, 0x2C, 0xB3, 0xA0, 0x52, 0x66,
    0x10, 0x55, 0x89, 0xA9, 0x57, 0xEC, 0x9F, 0x9B, 0xF1, 0x0F, 0x3F, 0xFD, 0x28, 0x2F, 0xDE, 0x77,
    0x6F, 0xE7, 0x5D, 0xFD, 0x60, 0x41, 0x7F, 0x51, 0x02, 0xFD, 0x7C, 0xFC, 0xC3, 0xCF, 0x9E, 0x6A,
    0x10, 0x78, 0x87, 0x40, 0x40, 0x4A, 0x46, 0xEB, 0x28, 0x69, 0x9C, 0xCA, 0x46, 0x19, 0x85, 0x77,
    0x47, 0x61, 0x15, 0xBE, 0x7B, 0x18, 0x8F, 0xC2, 0xBF, 0x6A, 0x6D, 0x0D, 0xA3, 0xC1, 0x8A, 0xCD,
    0x98, 0xD2, 0x50, 0xA1, 0x32, 0x0E, 0x54, 0xDE, 0xA1, 0x91, 0xF0, 0x6D, 0x31, 0xDF, 0x36, 0xF3,
    0xC5, 0x07, 0xDF, 0xA6, 0x54, 0x05, 0x65, 0xE6, 0x55, 0x81, 0x64, 0x64, 0xBE, 0x70, 0x15, 0x93,
    0x04, 0xB1, 0xBA, 0x83, 0x8B, 0x24, 0xEF, 0x64, 0x8F, 0x59, 0x84, 0xF0, 0x96, 0x2C, 0x81, 0x77,
    0x64, 0x35, 0xB2, 0xFF, 0xAE, 0xE9, 0x70, 0xF8, 0xE2, 0xF2, 0x90, 0x85, 0x19, 0xB3, 0x30, 0x35,
    0x0B, 0x53, 0xC1, 0x38, 0xD0, 0x71, 0xCD, 0xD6, 0xE0, 0x84, 0xC8, 0x17, 0x83, 0x8B, 0x10, 0x67,
    0xFD, 0x0A, 0xF1, 0x2B, 0x1D, 0xAE, 0xB5, 0x42, 0xBC, 0x14, 0xCE, 0x05, 0x85, 0x8F, 0x81, 0x1B,
    0xDE, 0x89, 0x4C, 0x34, 0x94, 0xA0, 0x29, 0x15, 0x6C, 0xAF, 0xF2, 0x17, 0x83, 0x26, 0x25, 0x3E,
    0x43, 0xFB, 0x14, 0x3E, 0x68, 0x2F, 0x11, 0x17, 0x23, 0xA4, 0x01, 0x38, 0xD2, 0x00, 0x49, 0xA9,
    0x0E, 0x47, 0x54, 0x45, 0x63, 0xAA, 0x54, 0xC7, 0xB3, 0x2A, 0xF6, 0xCB, 0x15, 0xF5, 0x96, 0x69,
    0x85, 0x8F, 0x4D, 0x3B, 0xF8, 0x28, 0x4F, 0x3D, 0xA7, 0x53, 0x72, 0x10, 0xB5, 0x0B, 0x49, 0x21,
    0xCB, 0xD5, 0x69, 0xB9, 0xB1, 0x89, 0x46, 0xE0, 0x0B, 0xFE, 0xE9, 0x3A, 0xC7, 0x0B, 0x80, 0x42,
    0xE9, 0x74, 0x8A, 0xAB, 0xBA, 0x37, 0x47, 0x02, 0x56, 0x7C, 0x29, 0x0B, 0x96, 0x6B, 0xF6, 0xC4,
    0x4D, 0xC2, 0x1A, 0x25, 0x03, 0x55, 0xAA, 0xC4, 0x53, 0xC8, 0xFA, 0x1D, 0x38, 0x1E, 0xA7, 0x4E,
    0x57, 0xF2, 0x56, 0x49, 0x1E, 0xB8, 0xC7, 0x58, 0xE9, 0x26, 0x3B, 0x92, 0xFB, 0xC4, 0x95, 0xFE,
    0x21, 0xD7, 0xA4, 0x05, 0x84, 0x11, 0xA2, 0x78, 0x44, 0xDE, 0x73, 0x68, 0x31, 0xE4, 0xED, 0x4A,
    0xDF, 0x57, 0x38, 0x6D, 0x1D, 0xE5, 0xEC, 0x11, 0x26, 0xF3, 0x91, 0x03, 0xD9, 0x2D, 0x34, 0x8C,
    0x19, 0xD3, 0x4E, 0x3C, 0xD8, 0x45, 0x89, 0x82, 0x51, 0x80, 0x21, 0xCA, 0x39, 0x54, 0x34, 0x57,
    0xDC, 0x16, 0x6A, 0x86, 0x28, 0x14, 0xFC, 0x97, 0x33, 0xEA, 0xAD, 0x9F, 0xDA, 0x38, 0x78, 0x54,
    0xB5, 0xC3, 0x1F, 0x57, 0x69, 0x74, 0xB7, 0x4A, 0xD5, 0xD7, 0x6D, 0xAA, 0x82, 0xB2, 0x03, 0x34,
    0x90, 0x7C, 0x0B, 0x85, 0x15, 0xB1, 0xEE, 0x3B, 0x7B, 0x12, 0x60, 0x8D, 0xE6, 0xD6, 0x89, 0x4C,
    0x21, 0x11, 0x0B, 0xC5, 0x86, 0x76, 0x49, 0x95, 0xF7, 0x7F, 0xDB, 0x8C, 0x7E, 0x61, 0x8A, 0xC7,
    0xA6, 0xC3, 0x9E, 0xE3, 0x9D, 0x11, 0x7C, 0xEC, 0x47, 0xC7, 0xE1, 0x74, 0x5C, 0x97, 0x67, 0x06,
    0x1B, 0x71, 0x15, 0xA4, 0x73, 0xA8, 0x52, 0xE9, 0x22, 0x42, 0x32, 0x45, 0x3E, 0xAB, 0x2A, 0x80,
    0x5C, 0xCE, 0xD6, 0x9F, 0x63, 0xCF, 0x4A, 0x45, 0x9D, 0x7F, 0xB0, 0xD4, 0xFD, 0x10, 0x5A, 0x7B,
    0xD5, 0xCC, 0xC5, 0x3C, 0xFF, 0xFB, 0x89, 0xC6, 0xB9, 0xC0, 0xFF, 0xA1, 0x06, 0x82, 0xCE, 0x69,
    0xBB, 0x5F, 0xD2, 0xF6, 0x87, 0x96, 0x7E, 0xF4, 0x66, 0x49, 0x85, 0xA7, 0xE1, 0xAC, 0x42, 0xEA,
    0xF3, 0x48, 0xCD, 0x65, 0xBA, 0x33, 0x95, 0xC2, 0xB7, 0xBB, 0xE4, 0x7F, 0xE0, 0xC8, 0xFF, 0xE8,
    0x1D, 0xED, 0x7F, 0xAC, 0x28, 0x18, 0x5D, 0x94, 0xEA, 0x17, 0x0A, 0x12, 0x9C, 0xEE, 0xD3, 0xCD,
    0xBE, 0xD3, 0xD2, 0x0B, 0xE6, 0xBC, 0xC8, 0x08, 0x10, 0xCF, 0xB2, 0x6A, 0xFB, 0x7B, 0x1E, 0x92,
    0x71, 0xB9, 0xC7, 0x28, 0xE1, 0x64, 0x92, 0x6D, 0xCF, 0xA9, 0x3D, 0x29, 0xFB, 0xF5, 0xED, 0xE1,
    0x34, 0x2F, 0x72, 0x1E, 0x3F, 0x23, 0x2B, 0x42, 0x44, 0x76, 0x21, 0x78, 0xAF, 0x0F, 0xEF, 0x45,
    0xDC, 0xE4, 0x81, 0x14, 0x9B, 0x3E, 0x3C, 0x70, 0x0C, 0x1B, 0x03, 0x8B, 0x40, 0x41, 0x31, 0x4E,
    0x9A, 0xE0, 0xC4, 0xC8, 0x03, 0xE0, 0x90, 0x09, 0x5C, 0x41, 0x81, 0x35, 0x3E, 0xC0, 0x68, 0x50,
    0xEE, 0x40, 0x01, 0x35, 0x85, 0x3F, 0xB7, 0xD8, 0x53, 0x43, 0xA0, 0xE1, 0x71, 0xAC, 0x79, 0x63,
    0xB8, 0x28, 0x8C, 0x03, 0x04, 0x41, 0xC9, 0x73, 0xE1, 0x13, 0xD8, 0x6B, 0xA2, 0xB0, 0x00, 0x5E,
    0xE1, 0x71, 0x24, 0x74, 0x39, 0xEF, 0xB3, 0xFF, 0x8D, 0xE9, 0x65, 0x08, 0xDA, 0xBD, 0x59, 0xCB,
    0x9E, 0xAF, 0xA1, 0x94, 0x6F, 0xE0, 0x6E, 0x0F, 0xEB, 0x60, 0xBA, 0x50, 0x38, 0xA7, 0xF5, 0x2C,
    0x7A, 0x06, 0x2D, 0x60, 0xD3, 0x68, 0xB5, 0xB1, 0xC2, 0x9C, 0x01, 0x67, 0x96, 0x38, 0x6B, 0xCD,
    0xB4, 0x7C, 0x62, 0xCD, 0xF9, 0x0C, 0xD4, 0xB7, 0x0A, 0x5F, 0x2E, 0x60, 0x98, 0x7E, 0x2E, 0x8C,
    0xEE, 0xB0, 0x87, 0x3A, 0x36, 0xB2, 0x9D, 0xD2, 0x68, 0xF2, 0x90, 0xA2, 0xE9, 0x96, 0x46, 0xA0,
    0xF5, 0x93, 0x79, 0x95, 0x2F, 0x31, 0x07, 0x47, 0xC2, 0x5B, 0x9B, 0x2E, 0xA0, 0x9A, 0x5D, 0x04,
    0x53, 0xB0, 0xD4, 0xE2, 0x3C, 0x22, 0xFB, 0x94, 0x30, 0xD6, 0xAF, 0xEF, 0x9E, 0xC8, 0x6D, 0x89,
    0x29, 0xAA, 0xBF, 0xAC, 0xC5, 0x7A, 0x35, 0x6B, 0xFD, 0xA4, 0xFD, 0xF0, 0xFA, 0x8B, 0xC8, 0xF9,
    0x00, 0x69, 0xC8, 0x57, 0xC4, 0xE9, 0x75, 0x78, 0x45, 0x78, 0x1C, 0x79, 0x66, 0x79, 0xEC, 0xA1,
    0x67, 0xAD, 0xF0, 0xC5, 0xC5, 0xBE, 0xCF, 0x0D, 0xDF, 0x3A, 0x32, 0xD2, 0xA6, 0x42, 0xB0, 0x74,
    0x0E, 0x90, 0x35, 0x7A, 0x48, 0x1A, 0x37, 0x44, 0x21, 0xB0, 0x19, 0x50, 0xD6, 0x79, 0x14, 0xE8,
    0xC8, 0xCC, 0x0A, 0xBD, 0x68, 0x22, 0x16, 0x67, 0x6F, 0xA3, 0xE8, 0x95, 0x68, 0x4C, 0xE7, 0x11,
    0x02, 0x5D, 0x3F, 0xF6, 0xCA, 0xC4, 0x55, 0x78, 0xCF, 0xC3, 0x86, 0xF0, 0x24, 0x99, 0x19, 0x58,
    0x98, 0xEE, 0xD8, 0x59, 0xE2, 0xCC, 0x0C, 0x59, 0x40, 0x6D, 0x00, 0x72, 0x23, 0x2E, 0x0F, 0xA8,
    0xD7, 0x55, 0x60, 0x3D, 0xB4, 0x2F, 0x6E, 0x82, 0x35, 0x46, 0x85, 0x86, 0x46, 0xBA, 0xC8, 0xF8,
    0x3F, 0x32, 0xD1, 0xE3, 0x9F, 0x9A, 0xD0, 0xDD, 0x32, 0x3E, 0x3A, 0xD2, 0x2E, 0xFA, 0xDB, 0xAE,
    0x89, 0x6D, 0x98, 0x2F, 0x0A, 0xB0, 0x41, 0x4A, 0x05, 0x4D, 0x05, 0x42, 0x8A, 0xEE, 0x83, 0xD9,
    0x08, 0xDC, 0x38, 0x40, 0x76, 0x91, 0x18, 0xD8, 0x52, 0xDC, 0x79, 0x2A, 0x7F, 0x14, 0x07, 0x68,
    0xB5, 0x5A, 0x2D, 0x42, 0xEF, 0xDC, 0xB4, 0x4A, 0x19, 0x40, 0x03, 0xD4, 0x8F, 0x52, 0x3B, 0x8E,
    0xF3, 0xFE, 0x21, 0x92, 0x37, 0xF4, 0x50, 0xB3, 0xD7, 0xAA, 0x9A, 0xDA, 0x28, 0x5A, 0x90, 0x07,
    0xF1, 0x88, 0x88, 0xA8, 0x15, 0x01, 0x9D, 0x03, 0xC2, 0x8E, 0x10, 0x74, 0x4C, 0x3A, 0xB4, 0x88,
    0x72, 0x65, 0x91, 0x75, 0x12, 0xAB, 0x2C, 0xB5, 0xED, 0xBA, 0xA5, 0x5F, 0xDA, 0x37, 0xAC, 0xF7,
    0xA9, 0xFD, 0xD4, 0x06, 0x4F, 0x3E, 0x78, 0x62, 0x23, 0xF3, 0xE1, 0x23, 0xAB, 0xF4, 0xCF, 0xBF,
    0x8E, 0x60, 0x72, 0xBE, 0xED, 0xD0, 0x84, 0xCB, 0xFA, 0xD8, 0xAB, 0x32, 0x81, 0x32, 0xD3, 0x56,
    0x82, 0xFB, 0xCB, 0xCE, 0xF9, 0x69, 0x6A, 0x15, 0xE7, 0x69, 0x6A, 0xA2, 0x11, 0x27, 0xE1, 0x9C,
    0xC0, 0x97, 0xFF, 0x84, 0x9E, 0xBC, 0xCF, 0xD8, 0xE0, 0x4F, 0xF0, 0x08, 0x32, 0x37, 0x7B, 0x2B,
    0x5F, 0x78, 0x1B, 0x9F, 0x55, 0x0A, 0x11, 0xB7, 0x3E, 0xD0, 0x2C, 0x36, 0x33, 0x16, 0x56, 0xB8,
    0xAD, 0xEE, 0x22, 0x35, 0xBF, 0x0B, 0x6C, 0xFE, 0x89, 0x6E, 0xF8, 0x8D, 0x5F, 0x6C, 0x74, 0xC4,
    0x67, 0x50, 0xD6, 0xB0, 0x74, 0xE3, 0xF5, 0x83, 0xE6, 0xCB, 0x30, 0x6F, 0x22, 0x21, 0x6B, 0x9E,
    0x97, 0xAE, 0xF6, 0x39, 0xD7, 0xA6, 0x31, 0xDD, 0x0E, 0x99, 0xD0, 0x26, 0x16, 0x87, 0xF2, 0x16,
    0xD6, 0xB6, 0x6E, 0x00, 0x3C, 0x92, 0xCD, 0x59, 0xB4, 0xA2, 0x69, 0x84, 0x67, 0x0C, 0xCE, 0xDE,
    0x2F, 0xC3, 0x47, 0xA6, 0x8C, 0xDD, 0xAB, 0x66, 0xB7, 0x70, 0xFA, 0xB6, 0x82, 0x60, 0x97, 0xA9,
    0x59, 0xD2, 0x03, 0x23, 0xDB, 0x14, 0xDC, 0x41, 0x85, 0xE6, 0x84, 0x00, 0x9C, 0x4E, 0x99, 0x46,
    0x01, 0x7A, 0x0C, 0x48, 0x51, 0x1E, 0x9B, 0x5C, 0x3C, 0x8B, 0xF4, 0x16, 0x2D, 0x41, 0x05, 0x0F,
    0xD0, 0x80, 0xA0, 0xAD, 0x21, 0x06, 0x94, 0x5F, 0x94, 0x56, 0x04, 0x3B, 0xAF, 0xAD, 0x29, 0xDA,
    0xB8, 0xBC, 0x42, 0x5B, 0x8B, 0xD0, 0xA9, 0x1A, 0x49, 0xBC, 0x2F, 0xB0, 0x99, 0xD6, 0x9A, 0xE3,
    0xA2, 0xAB, 0x44, 0xB5, 0x5F, 0x09, 0xAA, 0xA5, 0x69, 0xF5, 0xB3, 0x6C, 0xAD, 0x2E, 0x17, 0x4B,
    0x4F, 0xB0, 0x0D, 0x3B, 0xBE, 0x78, 0xFD, 0xBC, 0xE3, 0xA3, 0x39, 0x40, 0x16, 0x8D, 0x35, 0x5C,
    0x68, 0xB5, 0x2D, 0x11, 0x95, 0x48, 0xC6, 0x89, 0x24, 0x50, 0x82, 0xD9, 0xFB, 0x54, 0xD0, 0x90,
    0x9F, 0x9F, 0xBE, 0x7B, 0xFC, 0x96, 0x48, 0x05, 0x77, 0xE9, 0x33, 0x97, 0xFC, 0x6A, 0x3B, 0x42,
    0x80, 0xE6, 0x5C, 0x48, 0x16, 0x90, 0x97, 0xB9, 0xCD, 0x9B, 0x84, 0x39, 0x43, 0xE0, 0x60, 0xBE,
    0x16, 0xCD, 0xD5, 0xA1, 0xCE, 0x5C, 0x57, 0x3C, 0x5B, 0xDC, 0x80, 0xC5, 0xF9, 0x81, 0x00, 0x1A,
    0x4F, 0xFA, 0xE7, 0x3B, 0xDC, 0x77, 0x01, 0xF2, 0x50, 0x77, 0x0F, 0xF1, 0x31, 0x42, 0xB1, 0x65,
    0x54, 0x3E, 0x66, 0x8B, 0xEE, 0x48, 0x6E, 0x5D, 0xC7, 0xC6, 0x4E, 0xCA, 0x9D, 0x57, 0x46, 0x87,
    0x12, 0x56, 0x94, 0x0A, 0x78, 0x90, 0xDE, 0xA5, 0xCD, 0x0E, 0xD0, 0x65, 0x01, 0x62, 0x90, 0x80,
    0x86, 0x17, 0x18, 0x5F, 0x70, 0xFA, 0x44, 0xE1, 0x80, 0xE3, 0x8D, 0xD8, 0xF9, 0x9A, 0x51, 0x8D,
    0xB4, 0x56, 0x3B, 0xC2, 0x3A, 0x86, 0xDD, 0x56, 0xA0, 0xD1, 0x75, 0x41, 0xF7, 0x58, 0xA8, 0x38,
    0x7D, 0xD8, 0x51, 0xFC, 0x2A, 0x81, 0xDE, 0xDD, 0xA1, 0xE0, 0x32, 0x46, 0x83, 0x01, 0xDA, 0x41,
    0x72, 0xAF, 0xE5, 0xA1, 0x8B, 0x72, 0x20, 0x35, 0xDD, 0x34, 0x51, 0x90, 0x09, 0x48, 0x3D, 0x99,
    0xCD, 0xA7, 0xF8, 0x54, 0xB3, 0x68, 0xAA, 0x40, 0xC3, 0x63, 0xA7, 0x64, 0x29, 0x0A, 0xE8, 0x89,
    0x5B, 0xE0, 0x26, 0xE4, 0xE2, 0xE3, 0x7C, 0xCF, 0x09, 0x93, 0xFB, 0xE0, 0x66, 0x7C, 0xC3, 0x9D,
    0xB0, 0xB4, 0xC2, 0xD2, 0x0B, 0x4B, 0x33, 0xCC, 0x7A, 0xAD, 0x03, 0xC3, 0x90, 0x8C, 0x11, 0x59,
    0x80, 0x60, 0x47, 0xA1, 0x85, 0xF7, 0xC7, 0x58, 0x2D, 0x1C, 0xA7, 0x3D, 0x07, 0x50, 0x87, 0xD0,
    0xF8, 0x48, 0x34, 0xCE, 0x16, 0x48, 0xA6, 0x88, 0x60, 0xAE, 0x87, 0xA3, 0x33, 0x3A, 0x55, 0x6F,
    0x3E, 0x54, 0x8F, 0xE7, 0x12, 0x21, 0xCF, 0xED, 0x20, 0xDD, 0x36, 0x8E, 0x74, 0x80, 0x24, 0x71,
    0xF0, 0xA0, 0x44, 0xD1, 0x44, 0x29, 0xCF, 0xCB, 0xA6, 0x88, 0xA2, 0x94, 0x04, 0x36, 0x34, 0xDC,
    0x2B, 0xD3, 0x08, 0xC2, 0x67, 0x0C, 0x36, 0xC1, 0x4F, 0x7D, 0x8C, 0x2F, 0x21, 0xFD, 0x6E, 0x0A,
    0x2B, 0x66, 0x30, 0x09, 0xF2, 0xB6, 0x40, 0xDD, 0xD3, 0xBC, 0x8E, 0x4B, 0xCC, 0x99, 0xB9, 0x3C,
    0x99, 0x96, 0x04, 0xCE, 0xE5, 0xD0, 0x9F, 0xE3, 0xF9, 0x04, 0x2D, 0xC8, 0x48, 0x87, 0x63, 0x69,
    0xE7, 0xC2, 0x7C, 0x6D, 0xF4, 0x64, 0x9A, 0x56, 0x4E, 0xD5, 0xCD, 0x25, 0xC4, 0xAF, 0xC5, 0xEB,
    0x85, 0x22, 0x68, 0x72, 0x33, 0xDD, 0xA4, 0xAE, 0x94, 0x50, 0x25, 0x33, 0x6F, 0xC2, 0x8D, 0xC5,
    0x98, 0x45, 0xCE, 0xB8, 0x66, 0x0E, 0xF8, 0x44, 0xF5, 0x19, 0x55, 0xF6, 0xB8, 0xD4, 0x96, 0xB3,
    0xD1, 0x59, 0xA8, 0xC7, 0xE7, 0xA6, 0xE3, 0xB2, 0x11, 0xE3, 0x30, 0x18, 0x35, 0x69, 0x86, 0x67,
    0x5C, 0xBF, 0x20, 0xEB, 0xA9, 0x30, 0x93, 0xB9, 0xE5, 0x24, 0x2C, 0xD7, 0x95, 0xBE, 0xC0, 0xC7,
    0x6B, 0x62, 0xAA, 0x6C, 0x62, 0x8A, 0x19, 0x36, 0xBB, 0x4E, 0xD5, 0x35, 0x92, 0xD2, 0x37, 0xF3,
    0x94, 0x06, 0x1A, 0x9C, 0x18, 0x0F, 0x8E, 0x4E, 0x0F, 0x09, 0xFF, 0xDB, 0xC1, 0x61, 0x0B, 0x87,
    0x9A, 0x86, 0xC3, 0xA3, 0x07, 0xE2, 0x21, 0x61, 0x33, 0xBE, 0x50, 0x3A, 0x11, 0x57, 0x61, 0x67,
    0xB9, 0xCF, 0x43, 0x42, 0xA8, 0x2A, 0xA3, 0x02, 0x19, 0x24, 0xF5, 0x3F, 0x69, 0xC9, 0x90, 0xB0,
    0xFF, 0x8C, 0x87, 0x84, 0xE8, 0x59, 0x01, 0xF0, 0xF3, 0x3B, 0xE5, 0x99, 0x7C, 0x87, 0x67, 0x0F,
    0x27, 0x8F, 0xF8, 0x4E, 0xFC, 0xFA, 0xAA, 0x45, 0x0B, 0xC1, 0x7C, 0xCB, 0x53, 0x7C, 0x6F, 0x56,
    0xCC, 0xF7, 0x96, 0x61, 0xBE, 0xC8, 0xF0, 0xF0, 0xFC, 0xC4, 0xE9, 0x4E, 0xF4, 0x94, 0x62, 0x93,
    0x1C, 0x32, 0x12, 0x8C, 0x04, 0x0F, 0xD2, 0x4C, 0xD3, 0x52, 0x0A, 0x2E, 0xC9, 0x00, 0x57, 0x71,
    0x44, 0x34, 0x33, 0x46, 0xA4, 0xB8, 0xBD, 0x2F, 0xA7, 0x99, 0xC9, 0x4C, 0x33, 0x57, 0xAD, 0x37,
    0xAF, 0x19, 0x3A, 0xD6, 0x4C, 0xCD, 0x12, 0x06, 0x4F, 0xC6, 0xAC, 0x99, 0x5B, 0xAF, 0xB1, 0x66,
    0x2E, 0x45, 0xD0, 0x4C, 0x31, 0x5E, 0x11, 0xCD, 0x8C, 0x21, 0xA1, 0x2E, 0x64, 0x44, 0xD7, 0xA3,
    0xE3, 0xEB, 0xD9, 0xC0, 0xAC, 0x98, 0x71, 0x24, 0xB4, 0x3F, 0x0B, 0x84, 0xFE, 0x47, 0xD0, 0x01,
    0x35, 0xF3, 0xB8, 0x16, 0x8F, 0xFA, 0xDA, 0xE4, 0x8F, 0x1B, 0x37, 0x12, 0xC0, 0xD2, 0x89, 0x00,
    0x7E, 0x01, 0x48, 0x2A, 0x8A, 0xFE, 0xAD, 0x10, 0xFC, 0xC8, 0x28, 0xD2, 0x97, 0xB1, 0xDC, 0x8F,
    0x35, 0xED, 0x2B, 0xE6, 0xD1, 0x62, 0x1E, 0x1D, 0xE6, 0xD1, 0x66, 0x1E, 0x93, 0xE9, 0x05, 0x4D,
    0x1B, 0x49, 0xB3, 0x28, 0x89, 0x40, 0xE0, 0x33, 0x78, 0xA4, 0x0C, 0x2D, 0x33, 0x12, 0xD4, 0x2D,
    0xE3, 0x0B, 0xEA, 0xF8, 0x3C, 0x65, 0x94, 0x41, 0xCB, 0xF3, 0xC1, 0x91, 0xBE, 0xEA, 0xA9, 0xF8,
    0xDE, 0x2D, 0x0E, 0x47, 0x6E, 0x5F, 0x9A, 0xB9, 0xF4, 0x99, 0xC7, 0xCA, 0x0B, 0x5B, 0xB8, 0xD7,
    0xE0, 0x26, 0x79, 0x17, 0x55, 0x15, 0x22, 0x83, 0x25, 0x0F, 0xDB, 0xB8, 0x06, 0xB4, 0x02, 0xDB,
    0xA7, 0x76, 0xF0, 0x4F, 0x0E, 0xAD, 0xEE, 0xCF, 0x5E, 0x35, 0x69, 0x30, 0xF1, 0x4D, 0x27, 0x42,
    0x16, 0xEF, 0x1E, 0xA2, 0x31, 0x8C, 0x6C, 0xB7, 0x9E, 0x16, 0xF3, 0xE6, 0x22, 0xB3, 0x46, 0xC9,
    0x9B, 0x31, 0x33, 0x85, 0x74, 0xC7, 0xC6, 0x13, 0xC0, 0x2B, 0x7C, 0xA7, 0xEE, 0xD0, 0x47, 0x56,
    0x7E, 0xC8, 0x1A, 0xBD, 0xE5, 0xD0, 0x9A, 0xAB, 0x6F, 0x31, 0x68, 0x53, 0x83, 0x08, 0x2E, 0x06,
    0x80, 0x24, 0x73, 0xC9, 0x48, 0x26, 0x74, 0x2A, 0x5F, 0x81, 0x49, 0x79, 0x7A, 0xD6, 0x96, 0xF9,
    0x59, 0xD3, 0x40, 0x67, 0xA2, 0x8E, 0x81, 0x20, 0x98, 0xFA, 0x45, 0x8F, 0x69, 0x4E, 0x19, 0x96,
    0xD3, 0xDF, 0x46, 0xF0, 0x6F, 0x9E, 0x5D, 0xEE, 0x9F, 0x4C, 0x58, 0x2F, 0x76, 0x6C, 0xC5, 0x9E,
    0xBA, 0xE5, 0x2A, 0xA5, 0xEE, 0x96, 0x31, 0x27, 0x2C, 0xF8, 0x6A, 0x2B, 0x02, 0xA6, 0xF3, 0x1C,
    0x3B, 0x92, 0x01, 0x7E, 0xE3, 0x1F, 0x39, 0xCA, 0xE2, 0x59, 0x64, 0x20, 0xB7, 0x1E, 0x72, 0x91,
    0xFB, 0x55, 0x34, 0x9D, 0xAB, 0x95, 0x0C, 0x8E, 0xF8, 0xA7, 0x10, 0x76, 0x4E, 0xC0, 0x48, 0x48,
    0xDC, 0x46, 0xC0, 0xA6, 0xC8, 0x26, 0x19, 0x1C, 0x60, 0x08, 0x91, 0x1F, 0xA0, 0x34, 0x80, 0xA6,
    0x79, 0xE8, 0x15, 0x3A, 0xF4, 0x8D, 0x0D, 0x02, 0x53, 0x06, 0xBF, 0xF3, 0xC8, 0x04, 0xBF, 0xFB,
    0x5E, 0x1E, 0x5C, 0xFF, 0x19, 0x05, 0xBD, 0xFF, 0x00, 0x5D, 0x64, 0x27, 0xE9, 0x6A, 0x9B, 0x3F,
    0xBB, 0x79, 0x99, 0x0E, 0xB6, 0xD7, 0xE8, 0xE0, 0xDF, 0x37, 0xE9, 0x4F, 0xBE, 0xD7, 0xA3, 0x6F,
    0x2F, 0x5B, 0xFA, 0xE6, 0x8A, 0xA1, 0x21, 0x72, 0xD2, 0xC1, 0x22, 0x97, 0x65, 0x76, 0x3E, 0xB9,
    0x6C, 0x73, 0x42, 0xBD, 0xCF, 0x09, 0x75, 0x3A, 0x43, 0x41, 0x05, 0xB2, 0x82, 0xD5, 0x4E, 0xFC,
    0x85, 0x1C, 0xF8, 0x11, 0x7B, 0xBA, 0x22, 0xC1, 0xC7, 0xB8, 0xC8, 0x70, 0x7E, 0x9D, 0xF5, 0x0A,
    0x2D, 0x73, 0xAE, 0xC1, 0xEE, 0x02, 0xE7, 0xE5, 0xFC, 0x06, 0x60, 0x6D, 0x39, 0x35, 0x70, 0xF0,
    0x21, 0x35, 0xB3, 0x05, 0xD1, 0x8A, 0x70, 0x39, 0xED, 0xC3, 0x62, 0x8E, 0xD4, 0xBD, 0xBF, 0x23,
    0x75, 0x88, 0xB8, 0xA8, 0xD3, 0xB9, 0x5A, 0x35, 0x1B, 0x31, 0x34, 0xF5, 0xEA, 0xCB, 0xD3, 0x9A,
    0xD1, 0x1B, 0xF2, 0xC0, 0xC6, 0xF2, 0x7C, 0xD8, 0x43, 0x99, 0x90, 0x77, 0x00, 0x04, 0xA4, 0x29,
    0x04, 0x95, 0x3F, 0xB5, 0xCA, 0x58, 0x45, 0xE5, 0x35, 0xCF, 0xAC, 0xF9, 0x66, 0x33, 0xC8, 0x37,
    0x02, 0x39, 0x35, 0x50, 0xC9, 0xDF, 0xEF, 0x79, 0xBF, 0xF2, 0x49, 0xDF, 0x34, 0x2D, 0x99, 0x3C,
    0x24, 0x3F, 0x2B, 0x45, 0x52, 0x8C, 0x17, 0x05, 0x79, 0x2E, 0x4B, 0xB2, 0xDA, 0xA2, 0x5F, 0xB3,
    0x5C, 0x9C, 0x17, 0x63, 0x5A, 0xFC, 0x33, 0xAD, 0x1E, 0xF1, 0xF7, 0xD7, 0x04, 0xF9, 0x6D, 0x36,
    0x81, 0x11, 0xCC, 0x36, 0x2E, 0x72, 0x00, 0xA3, 0xA7, 0xFC, 0xDA, 0xF7, 0xA8, 0xB3, 0x7C, 0xC6,
    0xFD, 0xEF, 0xFE, 0x2D, 0xB5, 0x9B, 0x3D, 0x48, 0x45, 0xBF, 0x95, 0x03, 0x7D, 0x44, 0x7E, 0xB9,
    0x18, 0xD1, 0xE5, 0x35, 0xFE, 0x15, 0x63, 0x6D, 0x9D, 0x36, 0x17, 0xE9, 0x3B, 0x19, 0xE3, 0xCF,
    0xDE, 0xE5, 0x20, 0xDF, 0xEA, 0x84, 0x7A, 0xE3, 0xBB, 0x11, 0x6D, 0xFC, 0xF3, 0x65, 0xFA, 0xCD,
    0x9F, 0x6C, 0xD2, 0x57, 0xC3, 0x1E, 0xED, 0xC0, 0xE7, 0xB7, 0x43, 0xC6, 0x7F, 0x9B, 0x5E, 0xB9,
    0x41, 0xB6, 0x47, 0x07, 0x96, 0xFE, 0xD8, 0xD0, 0x57, 0x19, 0x46, 0x71, 0x72, 0xDA, 0xE4, 0xE6,
    0xF9, 0x8F, 0x8C, 0x40, 0xD7, 0x06, 0x7E, 0xD6, 0x5C, 0x13, 0xB1, 0x45, 0x35, 0x60, 0x15, 0x00,
    0x0C, 0xBD, 0xCD, 0x7B, 0x36, 0xBA, 0x97, 0xC7, 0x8A, 0xE7, 0xF0, 0x21, 0x0E, 0xB3, 0x89, 0x4D,
    0x87, 0xF0, 0xA2, 0x98, 0xBA, 0x3A, 0xD2, 0x8B, 0x38, 0xF5, 0x6D, 0x6A, 0xED, 0x1E, 0x1C, 0xF4,
    0x36, 0x22, 0x0D, 0x15, 0x41, 0x1E, 0xBC, 0xF6, 0xC9, 0x84, 0x7A, 0x20, 0x61, 0xBE, 0xA8, 0x37,
    0xE4, 0xC6, 0x3E, 0xF6, 0x6D, 0x52, 0xF3, 0x53, 0x55, 0x77, 0x7C, 0x23, 0x65, 0x42, 0xBE, 0x09,
    0xA1, 0xBB, 0x35, 0xFC, 0x93, 0x9F, 0x89, 0xEA, 0xEE, 0x78, 0xFB, 0xE5, 0x03, 0xFC, 0x7B, 0x0D,
    0x7C, 0x2E, 0xE3, 0xB5, 0x2C, 0xDF, 0x35, 0x7F, 0x77, 0x90, 0xEB, 0x9F, 0xD1, 0xC2, 0xF3, 0x06,
    0x6A, 0xF3, 0x92, 0xE1, 0x40, 0xBC, 0x37, 0x9D, 0x01, 0x34, 0x7F, 0x5C, 0x53, 0xBC, 0xA3, 0x2F,
    0x93, 0xE6, 0x43, 0x7F, 0x4F, 0x9A, 0xE6, 0xEF, 0x1F, 0x3D, 0x24, 0xDF, 0x7C, 0x5B, 0xD3, 0x7B,
    0xDA, 0x7F, 0x33, 0x0F, 0x3D, 0x73, 0x99, 0xCC, 0x26, 0x95, 0x07, 0xB4, 0xBF, 0x4F, 0x65, 0xCF,
    0x37, 0x37, 0x42, 0x00, 0x78, 0xBA, 0x7E, 0x9D, 0xAE, 0xF7, 0x68, 0xB9, 0x94, 0x99, 0x33, 0xE3,
    0x13, 0xE2, 0xDF, 0x5C, 0x5C, 0xE9, 0xBF, 0x5F, 0x45, 0xFA, 0xFE, 0x3A, 0xA5, 0xAF, 0xD3, 0xEB,
    0xDB, 0x7E, 0xD9, 0x46, 0x6E, 0xEA, 0xF0, 0xF8, 0x05, 0xAA, 0x3B, 0x77, 0x69, 0xF9, 0xFA, 0xC6,
    0x8D, 0xDE, 0x7E, 0xD9, 0x75, 0x35, 0xCF, 0x2A, 0xBE, 0xC2, 0x5A, 0x45, 0xF6, 0x04, 0x26, 0x40,
    0x70, 0x6F, 0x13, 0xFD, 0x21, 0xF1, 0x8F, 0x9F, 0xC0, 0x7A, 0x08, 0x3C, 0xEF, 0xA5, 0xCB, 0xCD,
    0xE3, 0xCD, 0xC3, 0x5F, 0x91, 0x39, 0x9F, 0x8C, 0x36, 0xB7, 0xE9, 0x25, 0x06, 0x8C, 0x24, 0x34,
    0x65, 0xD8, 0x07, 0x57, 0x47, 0x8F, 0x5F, 0xFA, 0xE6, 0x38, 0x40, 0x17, 0x11, 0x8E, 0x1D, 0xE0,
    0x9D, 0x07, 0xC3, 0xFB, 0x07, 0xA1, 0x46, 0x38, 0x1F, 0x88, 0xE6, 0x6F, 0x53, 0x19, 0xE6, 0x3B,
    0x92, 0xF7, 0x94, 0xBE, 0x4E, 0x37, 0xE4, 0x66, 0x0F, 0x5A, 0x94, 0xC1, 0xC4, 0x2A, 0xCC, 0xB0,
    0x47, 0x25, 0x19, 0x34, 0xAB, 0x48, 0x07, 0x7E, 0x1E, 0xE8, 0x00, 0x56, 0x3D, 0x2F, 0x9E, 0x19,
    0xE8, 0x7E, 0x15, 0xD1, 0x45, 0xC9, 0x16, 0x68, 0xA1, 0xAD, 0xF5, 0x4C, 0x15, 0xE4, 0x83, 0x98,
    0xFA, 0x13, 0x8E, 0x91, 0xF6, 0xC3, 0x2C, 0xCE, 0x7F, 0xA3, 0xDC, 0xDF, 0xEF, 0x95, 0x5D, 0x2D,
    0x30, 0x51, 0xB3, 0x75, 0xD2, 0xDB, 0x89, 0xF5, 0x28, 0x7C, 0xD6, 0x43, 0x9F, 0xB3, 0x79, 0x27,
    0x47, 0x77, 0xEB, 0x35, 0x4E, 0xF3, 0x76, 0xBE, 0x22, 0x4E, 0xD3, 0xA0, 0x37, 0x18, 0x60, 0xE3,
    0x03, 0xF4, 0x4A, 0xD3, 0xDC, 0x7C, 0x11, 0x45, 0x0F, 0x10, 0xF3, 0x69, 0x8E, 0x72, 0x84, 0xD2,
    0xA9, 0x86, 0xB4, 0x1B, 0xD3, 0x16, 0x40, 0x8B, 0x47, 0x5B, 0x9E, 0x45, 0xC4, 0xA1, 0x89, 0xBA,
    0x96, 0xD2, 0xE2, 0x01, 0xA0, 0x1B, 0x1B, 0x00, 0x48, 0xF5, 0x3B, 0xD0, 0x59, 0x49, 0x9F, 0x49,
    0xAB, 0x14, 0xEA, 0x10, 0xC1, 0xB2, 0x78, 0xE4, 0x22, 0x1B, 0x88, 0xBC, 0x03, 0x79, 0xA1, 0xE8,
    0x2C, 0xFE, 0x1E, 0x47, 0x11, 0xF6, 0x41, 0xF9, 0x4B, 0xD7, 0xE8, 0x8D, 0x8C, 0xA5, 0x0F, 0x0D,
    0xF4, 0x57, 0xD2, 0x2F, 0x72, 0x7A, 0xC0, 0x0C, 0xA3, 0x35, 0x5A, 0x86, 0xEF, 0x46, 0x3A, 0x2E,
    0xDF, 0xD8, 0xDF, 0x82, 0x13, 0x2F, 0x0B, 0xA5, 0x14, 0x47, 0xE7, 0xF7, 0x71, 0x30, 0x36, 0xA1,
    0x7D, 0x14, 0xC0, 0x3D, 0x71, 0x36, 0x64, 0x98, 0x92, 0xBC, 0xF9, 0xF4, 0x32, 0x7B, 0x5C, 0xFE,
    0xF4, 0xD1, 0x77, 0x5D, 0xA7, 0x99, 0xDA, 0xE7, 0x26, 0x25, 0x7F, 0x4B, 0xFF, 0x17, 0x9B, 0xA9,
    0x6C, 0xFF, 0x0F, 0x29, 0xFE, 0x3B, 0xF7, 0x39, 0x25, 0xEE, 0x3B, 0x7E, 0x9F, 0x20, 0x25, 0xF5,
    0x72, 0xFA, 0x73, 0x79, 0x44, 0xCD, 0x81, 0xB8, 0xAB, 0x5E, 0x9E, 0x76, 0xAF, 0xB3, 0x86, 0x7D,
    0x36, 0x7B, 0x63, 0x8E, 0x3C, 0x59, 0x80, 0x5B, 0xB2, 0x6B, 0xF2, 0x01, 0x40, 0x9A, 0xB7, 0x33,
    0xE5, 0xBE, 0x6B, 0x28, 0x5E, 0xC2, 0x6B, 0x19, 0xB0, 0x6E, 0x03, 0xDE, 0xC8, 0xB3, 0xB9, 0xE6,
    0x73, 0x32, 0xDE, 0x10, 0xEF, 0x24, 0xBA, 0x42, 0x57, 0xD6, 0xE9, 0xBE, 0x0A, 0xCA, 0xF0, 0x1D,
    0x1D, 0x4C, 0x38, 0x0B, 0x25, 0xEC, 0x7F, 0x95, 0x20, 0x03, 0x46, 0xCF, 0xD1, 0x5D, 0x1B, 0x3F,
    0xAE, 0x02, 0x53, 0x45, 0x37, 0xCB, 0x6B, 0x48, 0xC6, 0x2F, 0x51, 0x9E, 0xDF, 0xD5, 0xDF, 0x10,
    0x92, 0x64, 0xFC, 0xD7, 0xCF, 0xAF, 0x5E, 0x58, 0x5D, 0x5D, 0xA5, 0x73, 0xDE, 0xF7, 0x5F, 0xA1,
    0x57, 0xC8, 0xDB, 0x67, 0x1D, 0x2C, 0xE4, 0xC8, 0xA3, 0x7F, 0xF3, 0x0A, 0x1F, 0xC4, 0x6C, 0xDA,
    0x5E, 0xAF, 0x67, 0x93, 0x7C, 0x2E, 0xFE, 0x10, 0x66, 0x19, 0xFA, 0xC2, 0x16, 0xAD, 0xA0, 0x14,
    0x2B, 0x8A, 0x6E, 0xE9, 0xE0, 0x2D, 0xF4, 0x3A, 0xA3, 0xE0, 0x83, 0x2A, 0x7C, 0xD7, 0x28, 0xF4,
    0x5D, 0xEB, 0xB4, 0xB5, 0x0D, 0x27, 0xE2, 0xDF, 0x9E, 0x7B, 0x7D, 0xC1, 0xB0, 0xA1, 0x99, 0x2F,
    0x90, 0x6D, 0xFE, 0xBF, 0x29, 0xA8, 0x3F, 0xEE, 0xD1, 0xFC, 0x0B, 0x22, 0x8F, 0x71, 0xB8, 0x4B,
    0x73, 0x2F, 0xD1, 0xD7, 0xFC, 0xAB, 0x3F, 0x16, 0x2B, 0xCD, 0x3F, 0x73, 0x89, 0xEF, 0x41, 0xCB,
    0x9B, 0xD0, 0xF2, 0x46, 0xE7, 0x07, 0x3F, 0x38, 0xE0, 0x52, 0x3D, 0xD3, 0x3A, 0x3E, 0xEF, 0x4B,
    0xE9, 0x6E, 0x82, 0x8E, 0x07, 0xFB, 0xD2, 0x00, 0x02, 0x24, 0xF0, 0x8F, 0x26, 0x32, 0x2A, 0x9E,
    0x22, 0x1E, 0xFA, 0x5F, 0x75, 0x54, 0x31, 0x8C, 0x1B, 0x45, 0x14, 0x7D, 0xB3, 0x73, 0xBA, 0x4D,
    0xBC, 0xB6, 0x27, 0x48, 0x27, 0x14, 0xC8, 0x26, 0x9B, 0x48, 0x27, 0x71, 0x85, 0x7D, 0x6B, 0xA4,
    0x15, 0x5A, 0x24, 0x5F, 0x76, 0x20, 0x45, 0x3A, 0x64, 0x89, 0x92, 0x26, 0x65, 0xBA, 0x6C, 0xA4,
    0x43, 0x5C, 0x71, 0x97, 0x9D, 0x8E, 0x82, 0xE6, 0x2A, 0x5A, 0x4E, 0x22, 0x05, 0xE5, 0x22, 0x1D,
    0x22, 0x45, 0x72, 0x1E, 0x68, 0xD2, 0xC1, 0x28, 0x14, 0x29, 0x90, 0x60, 0x13, 0x85, 0x02, 0xD1,
    0x6C, 0x24, 0x17, 0x0E, 0xD8, 0x37, 0xFC, 0x59, 0xFB, 0x92, 0x03, 0xC4, 0xDA, 0x1A, 0xCD, 0xFC,
    0x99, 0xF9, 0xFF, 0xFD, 0xF7, 0xDF, 0x9F, 0x0D, 0x5C, 0x85, 0x80, 0xAF, 0x3D, 0x83, 0x1A, 0x2D,
    0x49, 0x2B, 0x4C, 0xC1, 0x0D, 0x84, 0xC4, 0x16, 0x80, 0xB3, 0x40, 0x26, 0xF1, 0x97, 0xE6, 0x8F,
    0x2A, 0x21, 0xEB, 0x21, 0x52, 0xFF, 0x59, 0x1E, 0x59, 0x93, 0xDE, 0x92, 0x99, 0xAD, 0x0B, 0x5B,
    0x65, 0xD6, 0xDA, 0x99, 0x1B, 0xA6, 0x25, 0x4C, 0xC9, 0xF5, 0xBD, 0x48, 0x66, 0x73, 0x04, 0x15,
    0x22, 0x64, 0xD8, 0xC4, 0xAE, 0xC0, 0x3C, 0x96, 0xF7, 0x2E, 0x21, 0x56, 0x57, 0x2A, 0x54, 0x5C,
    0x75, 0xD1, 0xC3, 0x3A, 0x22, 0xF9, 0xB1, 0x36, 0xE6, 0x89, 0x2E, 0x28, 0x02, 0xF6, 0xF6, 0x30,
    0x99, 0x7A, 0x4F, 0x6B, 0xFF, 0xA1, 0x16, 0x02, 0xBD, 0x3E, 0xD6, 0xB0, 0xD6, 0xC7, 0xA1, 0xE0,
    0xC6, 0xFF, 0x51, 0xF2, 0x39, 0xD8, 0x14, 0x6B, 0xC9, 0x60, 0x90, 0x1F, 0x9C, 0xB9, 0x1C, 0x0E,
    0x36, 0xF2, 0xF5, 0x83, 0x81, 0x19, 0xE8, 0xFB, 0xBB, 0x18, 0x6E, 0xA1, 0xBF, 0x89, 0xAE, 0x80,
    0x08, 0xE0, 0x5F, 0x93, 0xAC, 0xC6, 0x87, 0x13, 0xF5, 0xFC, 0x89, 0x2E, 0xB9, 0xDA, 0xA1, 0xE8,
    0x0D, 0x0A, 0x76, 0x0C, 0x61, 0xD5, 0x55, 0x5F, 0xEF, 0x30, 0x43, 0x00, 0x01, 0x1F, 0x21, 0x12,
    0xEC, 0x61, 0x48, 0x49, 0xC7, 0x08, 0xD0, 0xA1, 0x15, 0x1A, 0xB0, 0x09, 0x52, 0xB2, 0x9E, 0x87,
    0x27, 0x03, 0x25, 0x70, 0x89, 0x70, 0xA6, 0x84, 0xB4, 0x21, 0x47, 0x35, 0xE4, 0xBC, 0x41, 0x50,
    0xC1, 0x26, 0xC4, 0x15, 0x9D, 0xC7, 0x2E, 0xC0, 0x94, 0xA7, 0xC6, 0x92, 0x93, 0x4F, 0xA0, 0x4D,
    0x7E, 0x63, 0xB3, 0x8E, 0x01, 0xCD, 0xB3, 0x8A, 0x22, 0x69, 0xA6, 0x99, 0xE4, 0x46, 0x54, 0xCC,
    0x70, 0x75, 0x09, 0x87, 0x90, 0x08, 0xD2, 0x41, 0x12, 0x7A, 0x70, 0x17, 0x0A, 0x82, 0x32, 0xD6,
    0x6D, 0x0A, 0xB7, 0x46, 0x01, 0x39, 0xB2, 0xBA, 0x45, 0x50, 0xE8, 0xEA, 0x14, 0xC4, 0x5A, 0x46,
    0xD4, 0x0F, 0x85, 0x7C, 0x10, 0xBB, 0x44, 0x02, 0x9D, 0x96, 0x83, 0x3C, 0xA9, 0x62, 0x05, 0x74,
    0x09, 0x73, 0x8B, 0x22, 0xB9, 0x28, 0x5D, 0xFA, 0x45, 0x9A, 0xBC, 0xEB, 0x63, 0xC7, 0x22, 0x21,
    0xDE, 0x46, 0x89, 0x89, 0x2A, 0xD4, 0x0A, 0x56, 0x3A, 0xED, 0x70, 0x23, 0x29, 0x66, 0x07, 0xA9,
    0xA1, 0xF4, 0x46, 0x52, 0xDD, 0x7E, 0xAA, 0xB2, 0x23, 0x77, 0x6A, 0x1D, 0x6B, 0x3D, 0xD4, 0x82,
    0xEB, 0xE0, 0x8B, 0x86, 0xDB, 0x09, 0x5C, 0x5E, 0x05, 0x98, 0xD5, 0xFE, 0x4F, 0x46, 0x80, 0x4A,
    0xBC, 0x5D, 0x33, 0x53, 0xBB, 0x4A, 0x3A, 0x0E, 0x45, 0x05, 0x6F, 0xBE, 0xE4, 0x70, 0x9B, 0xEC,
    0xCC, 0xF8, 0x55, 0x49, 0x02, 0x48, 0x96, 0x02, 0xA8, 0x5D, 0xED, 0x65, 0x41, 0x03, 0x1D, 0xB2,
    0x76, 0x1E, 0xB9, 0xA1, 0xC1, 0xD3, 0x88, 0xA2, 0x19, 0xC4, 0xBE, 0xC9, 0xAC, 0x2E, 0x8F, 0x50,
    0x58, 0x33, 0xB6, 0x3A, 0x5B, 0x28, 0x86, 0x32, 0x65, 0x92, 0x0A, 0x22, 0x5D, 0x2A, 0x20, 0xEA,
    0x41, 0x1C, 0xC3, 0x73, 0x35, 0xA2, 0x4C, 0xC5, 0xD2, 0x54, 0xD2, 0xA9, 0x7F, 0x99, 0x0E, 0x1B,
    0xF7, 0x54, 0x9D, 0x97, 0x17, 0xF8, 0x72, 0xB7, 0xFF, 0x4F, 0xB3, 0x7F, 0xCA, 0xBC, 0xF3, 0xFF,
    0xE6, 0xD0, 0xE7, 0xAD, 0xF4, 0xDC, 0x4A, 0x7E, 0xFE, 0x60, 0xC3, 0x12, 0x1D, 0xB1, 0xC5, 0x80,
    0x63, 0xE0, 0xE1, 0xC6, 0x2A, 0xC6, 0x24, 0xA2, 0x9F, 0xF5, 0xC6, 0x37, 0xE6, 0x32, 0x46, 0xED,
    0x1B, 0x67, 0x49, 0x17, 0x6F, 0xE1, 0x8A, 0xEA, 0xA6, 0x49, 0x92, 0x26, 0xA7, 0xA4, 0xDF, 0xE0,
    0x19, 0xD3, 0xAC, 0xB6, 0x6E, 0x88, 0xE7, 0x49, 0x7B, 0x10, 0x3A, 0x4F, 0xD6, 0xB1, 0xD0, 0xEC,
    0x16, 0xC4, 0xCA, 0xD8, 0xCE, 0xB0, 0x72, 0xCE, 0x29, 0x38, 0x21, 0x05, 0xDF, 0xD6, 0x56, 0x7B,
    0xDA, 0x53, 0x5C, 0x7A, 0xCD, 0x89, 0x00, 0x62, 0x9E, 0x67, 0xB6, 0xFA, 0xD2, 0xAA, 0x60, 0x91,
    0xA1, 0xA7, 0xFD, 0x47, 0x5F, 0x45, 0xD3, 0xED, 0xB4, 0xA8, 0x3E, 0x11, 0xCA, 0x5F, 0x1A, 0x5F,
    0x70, 0x49, 0x24, 0x63, 0xCD, 0x9F, 0x22, 0x98, 0xB4, 0x28, 0xC0, 0x0C, 0x37, 0x2E, 0x54, 0x58,
    0x7E, 0xEB, 0x1E, 0x85, 0x51, 0x83, 0x55, 0x37, 0x3F, 0x43, 0x6A, 0x09, 0x49, 0x62, 0xEB, 0xCD,
    0x8E, 0xA0, 0xB4, 0x99, 0xD3, 0x80, 0x4F, 0x49, 0xD2, 0x4E, 0xB3, 0xB8, 0xB5, 0x8F, 0x88, 0x28,
    0xB9, 0xBB, 0xBC, 0x1D, 0x96, 0xA6, 0x4A, 0x70, 0x04, 0xDF, 0x6A, 0x71, 0xAD, 0x1A, 0xA2, 0x4E,
    0x0E, 0xEB, 0xD7, 0x66, 0x23, 0xB8, 0x1B, 0x6F, 0xAB, 0x4C, 0x5E, 0xC5, 0xB7, 0x27, 0x81, 0x5C,
    0xE1, 0xBC, 0x17, 0xE4, 0x44, 0xC2, 0x29, 0x73, 0xCF, 0x65, 0xE0, 0x8E, 0x91, 0x47, 0xB0, 0x7B,
    0x2F, 0x4F, 0x71, 0x87, 0xAC, 0x90, 0x0E, 0x37, 0x4D, 0x2E, 0xE8, 0x66, 0x11, 0x1B, 0x04, 0xCF,
    0x80, 0x77, 0xF1, 0xEA, 0x2B, 0x09, 0x1E, 0x9B, 0xB0, 0x39, 0xF8, 0x4D, 0xDA, 0x6B, 0x39, 0xF6,
    0xC2, 0x10, 0xEC, 0x41, 0xD2, 0x46, 0xA1, 0xAA, 0x4E, 0xBC, 0xEF, 0xE9, 0xD6, 0x33, 0x2C, 0x7A,
    0x0D, 0x48, 0xDA, 0xED, 0xF0, 0x60, 0xEB, 0x68, 0x17, 0x92, 0xA9, 0x77, 0x6E, 0x06, 0x3A, 0xAE,
    0x3E, 0xBF, 0x7C, 0x16, 0xC1, 0xAF, 0x2A, 0x9D, 0x56, 0x79, 0x79, 0x90, 0xD7, 0x26, 0x1E, 0x13,
    0x28, 0xAC, 0x52, 0x5F, 0xC6, 0xC6, 0xD3, 0x5C, 0x9E, 0xC4, 0x71, 0xF2, 0x40, 0x2F, 0xFB, 0x0D,
    0xF8, 0x68, 0xEA, 0xBB, 0x6A, 0x29, 0x5C, 0xB0, 0x76, 0xFF, 0xF4, 0xEE, 0xC5, 0xF8, 0xF4, 0xEE,
    0x9B, 0xD6, 0xDE, 0x6D, 0xB4, 0x3C, 0x6F, 0xEA, 0x3D, 0x3E, 0x19, 0xA6, 0x6C, 0xFC, 0x27, 0x79,
    0x5D, 0xA1, 0x5A, 0x1C, 0x8F, 0xD8, 0xFD, 0x2D, 0xAC, 0x92, 0xB5, 0x1A, 0x51, 0xF2, 0x63, 0xEA,
    0x47, 0x5A, 0xFC, 0x4E, 0x39, 0x3B, 0x17, 0x13, 0x38, 0x7F, 0xAF, 0xDB, 0x85, 0xF3, 0x00, 0xFF,
    0xF9, 0x16, 0xB5, 0xDB, 0x5C, 0x54, 0xB7, 0x72, 0x57, 0x16, 0x8A, 0xF2, 0x9B, 0x8D, 0x3B, 0xCD,
    0xF4, 0x04, 0x20, 0x23, 0x71, 0x5C, 0x53, 0x3D, 0x2E, 0xB7, 0x03, 0x94, 0x11, 0xAA, 0x3B, 0x78,
    0xFE, 0x03, 0xEE, 0x74, 0xDD, 0x3B, 0xD7, 0xF5, 0x65, 0x2F, 0x90, 0xD9, 0x0B, 0xE4, 0x70, 0xFF,
    0x61, 0x0B, 0x51, 0xD3, 0x88, 0x5C, 0xB9, 0xF6, 0x68, 0xF4, 0x45, 0x8D, 0x76, 0x91, 0xDE, 0x35,
    0x7A, 0xC5, 0x1D, 0x18, 0x2A, 0xF3, 0xA7, 0xFA, 0x22, 0x33, 0x3D, 0x66, 0x52, 0xA6, 0x53, 0xAE,
    0x86, 0xF4, 0x94, 0x36, 0x91, 0x57, 0x20, 0x7B, 0x9E, 0x1E, 0x72, 0x95, 0x72, 0x99, 0xF8, 0xC8,
    0x05, 0xCA, 0x0C, 0x5F, 0xFF, 0x82, 0xE2, 0x83, 0x06, 0x03, 0xBD, 0xA9, 0xD7, 0x5D, 0x27, 0x6E,
    0x37, 0xED, 0x49, 0xFF, 0x9D, 0xF3, 0x88, 0x27, 0x0B, 0x80, 0xF9, 0x89, 0x8D, 0xC0, 0x1B, 0xEF,
    0x58, 0x77, 0xAF, 0x3B, 0xCF, 0x39, 0x97, 0xB5, 0x40, 0x15, 0xA3, 0xFE, 0x03, 0x19, 0x51, 0x60,
    0x5C, 0x53, 0x33, 0x4D, 0x0A, 0x07, 0xFF, 0xCC, 0xF0, 0x5B, 0xB5, 0x5F, 0xD6, 0x81, 0x2E, 0xE9,
    0x48, 0x07, 0x26, 0x64, 0x9A, 0xA2, 0xA7, 0x9E, 0xEE, 0x6C, 0x06, 0xBA, 0xF3, 0xF0, 0xB6, 0x89,
    0xFC, 0xEF, 0x4C, 0x3F, 0x78, 0x5F, 0x0F, 0x05, 0x57, 0x49, 0x87, 0xCB, 0x3C, 0xF4, 0x51, 0xF6,
    0x7C, 0x74, 0x62, 0x74, 0x1E, 0x23, 0x7A, 0x8F, 0x92, 0x72, 0x70, 0xD2, 0x13, 0x44, 0x54, 0x6F,
    0xEA, 0xAA, 0x6C, 0x16, 0x8D, 0x16, 0xF9, 0xF6, 0xD0, 0x1F, 0x09, 0x33, 0x74, 0xFC, 0xA0, 0xD7,
    0x45, 0xD8, 0x43, 0x98, 0x23, 0x34, 0x88, 0x14, 0x3D, 0x9A, 0x08, 0x64, 0xC5, 0xBF, 0xD7, 0xEC,
    0xB1, 0xC4, 0x0C, 0x7C, 0x82, 0xEE, 0x10, 0xC3, 0x3E, 0x12, 0x81, 0xBF, 0x01, 0xC5, 0x5C, 0x4B,
    0x8F, 0xDC, 0x56, 0x76, 0xBE, 0x24, 0x6D, 0xD1, 0x09, 0x01, 0x53, 0x01, 0xBC, 0x88, 0xA1, 0xA4,
    0x99, 0x85, 0x11, 0x0C, 0x30, 0xA3, 0xE2, 0x66, 0x02, 0x4C, 0x10, 0xB2, 0x49, 0x59, 0x0B, 0x2F,
    0xBC, 0x70, 0x7E, 0xC1, 0xCC, 0xAC, 0x83, 0x04, 0xCE, 0xC2, 0x40, 0x34, 0x00, 0xBB, 0x8B, 0x8A,
    0x17, 0x5E, 0x18, 0x81, 0xF5, 0x0B, 0x82, 0x2C, 0xB2, 0x0C, 0x26, 0x5A, 0x08, 0x08, 0x83, 0x94,
    0x54, 0x77, 0x2C, 0x24, 0x5A, 0x78, 0x31, 0x1C, 0x6B, 0x31, 0x0B, 0x2F, 0x86, 0x63, 0x0B, 0x31,
    0x90, 0x00, 0x11, 0x8D, 0x61, 0x60, 0x2A, 0x53, 0xDD, 0xCC, 0xF7, 0x9D, 0x7B, 0x59, 0xC5, 0x52,
    0xB7, 0x5E, 0xFD, 0xB0, 0x65, 0x17, 0x5B, 0xEA, 0x26, 0xEF, 0x3D, 0xE7, 0xDC, 0xF3, 0xF8, 0xCE,
    0x83, 0xAD, 0x9C, 0x52, 0x29, 0xA7, 0x55, 0x4A, 0x55, 0xF8, 0x24, 0xF8, 0x44, 0xF8, 0xF8, 0xB9,
    0x1A, 0xFF, 0x2C, 0x87, 0x15, 0x3E, 0xBD, 0xEA, 0xF0, 0xF7, 0xD6, 0xDC, 0xEA, 0x36, 0x4A, 0x79,
    0x35, 0x3E, 0xC3, 0xA0, 0x7C, 0x7C, 0x02, 0x2C, 0x11, 0xE2, 0x89, 0xD0, 0x3E, 0x1D, 0xE3, 0xB3,
    0x8B, 0x4F, 0x8A, 0xCF, 0x7C, 0x38, 0x90, 0x25, 0xF0, 0x50, 0xA5, 0xFC, 0x76, 0x85, 0x07, 0xBB,
    0xB3, 0x5E, 0x3B, 0x1B, 0x70, 0x23, 0x2E, 0x87, 0x4A, 0x6E, 0x97, 0xFB, 0xCD, 0x85, 0x4F, 0xC8,
    0x23, 0x6A, 0xF7, 0x5D, 0x2C, 0x9C, 0x91, 0x90, 0x79, 0x3E, 0x57, 0x6A, 0xC1, 0x1F, 0xF5, 0x5C,
    0xB5, 0xC3, 0x05, 0x1B, 0x47, 0xCA, 0x6D, 0xB1, 0xB0, 0xD7, 0xE0, 0x47, 0x5E, 0x1D, 0x75, 0xCA,
    0xD7, 0x19, 0xD7, 0x52, 0xAF, 0xF3, 0x72, 0x1B, 0x1F, 0x97, 0x42, 0x0A, 0xF4, 0xB8, 0xEA, 0x35,
    0x35, 0xFD, 0x23, 0x2C, 0xCA, 0x45, 0xB8, 0xE3, 0xAD, 0x22, 0x54, 0xB2, 0x23, 0xFC, 0x98, 0x8B,
    0xAF, 0xC7, 0x35, 0xC2, 0xF2, 0x18, 0x1A, 0x95, 0x65, 0x4C, 0x15, 0xBC, 0x2C, 0x64, 0x65, 0x67,
    0xF9, 0x40, 0x45, 0x60, 0xED, 0x30, 0x2F, 0xBC, 0xD6, 0x3C, 0x1C, 0xD9, 0x7B, 0xC1, 0x32, 0x64,
    0x70, 0x28, 0x27, 0x37, 0x7E, 0x16, 0xF6, 0xE9, 0x4C, 0x39, 0x65, 0x54, 0x47, 0x1A, 0x32, 0x2C,
    0x15, 0x96, 0x50, 0xCE, 0xD0, 0x60, 0x9D, 0x95, 0xDA, 0xC7, 0x2D, 0xBD, 0x7A, 0x49, 0xE8, 0xEC,
    0x49, 0x39, 0x6F, 0x06, 0x95, 0xC1, 0x8A, 0xF7, 0x80, 0xA0, 0x18, 0x3B, 0x04, 0x3C, 0x81, 0xE6,
    0x25, 0x10, 0x7D, 0x99, 0x82, 0xA8, 0xA3, 0x32, 0xC0, 0x3E, 0xCE, 0x52, 0x64, 0x58, 0xE3, 0xA3,
    0xCD, 0x61, 0xB5, 0xBC, 0xCD, 0xF0, 0x46, 0xD6, 0x48, 0x5C, 0x68, 0x0F, 0xEC, 0xF1, 0xC3, 0x2A,
    0x0C, 0x71, 0x31, 0xC8, 0xE0, 0x12, 0xB8, 0xBF, 0x55, 0xE1, 0xA7, 0x9D, 0x0A, 0xAE, 0x37, 0x6B,
    0x29, 0x9E, 0xD5, 0xDA, 0xCF, 0xF5, 0x40, 0x61, 0x25, 0xD6, 0xAD, 0x15, 0xEF, 0xA2, 0xA7, 0xD5,
    0xB5, 0x08, 0xE2, 0x82, 0x22, 0x45, 0x0F, 0x48, 0x90, 0x07, 0x0D, 0xE3, 0x72, 0x3C, 0x58, 0x2A,
    0x97, 0x9C, 0x4B, 0x98, 0x57, 0xF2, 0xC5, 0x1C, 0x75, 0x2C, 0x87, 0xAD, 0x52, 0x39, 0x6E, 0x55,
    0xB8, 0x03, 0x85, 0x5A, 0xB9, 0x38, 0x1A, 0x2C, 0xED, 0xD5, 0x90, 0xA6, 0xDB, 0x7A, 0x1A, 0xC4,
    0x78, 0xB5, 0xAF, 0xB1, 0x41, 0xA0, 0x83, 0x12, 0xE4, 0x45, 0x58, 0x06, 0xDF, 0x4C, 0xB1, 0x4C,
    0x58, 0xBA, 0x3D, 0xFE, 0x7D, 0x47, 0x65, 0x35, 0x58, 0xE8, 0x49, 0x60, 0x86, 0x43, 0x03, 0x47,
    0x64, 0xA1, 0x12, 0x26, 0x3A, 0x61, 0x83, 0x6A, 0x4A, 0x62, 0x63, 0x65, 0xB4, 0x95, 0x02, 0x4A,
    0x45, 0x44, 0x05, 0x89, 0xA4, 0x05, 0x04, 0xB8, 0x0E, 0x1A, 0x8F, 0x74, 0x7E, 0x8B, 0x47, 0x5A,
    0xA7, 0x8D, 0xF8, 0x44, 0x1B, 0x93, 0xC1, 0x16, 0x0A, 0x5E, 0xBB, 0x6D, 0xAA, 0x3C, 0x1D, 0xE9,
    0x82, 0xF7, 0x62, 0x93, 0x70, 0x78, 0xF0, 0x7C, 0x16, 0x34, 0xDF, 0x58, 0xD0, 0x1D, 0x52, 0x97,
    0x51, 0x81, 0x62, 0xD2, 0x16, 0x73, 0x8B, 0x19, 0x69, 0x4A, 0x49, 0x52, 0x62, 0x28, 0x02, 0x97,
    0xA2, 0xC2, 0xBF, 0x9B, 0x8B, 0x3E, 0x5A, 0x7D, 0xE3, 0x99, 0x9A, 0x4D, 0x2E, 0x6F, 0x59, 0x90,
    0x70, 0x5B, 0xA9, 0x4C, 0x63, 0x3D, 0xDC, 0x07, 0xC2, 0xB1, 0x28, 0xD6, 0x71, 0x1B, 0x91, 0x5D,
    0x44, 0x36, 0xF7, 0xC9, 0x25, 0x7E, 0x18, 0x90, 0x8A, 0xB0, 0x9C, 0x93, 0xC6, 0x48, 0x89, 0x2C,
    0x41, 0x03, 0x2E, 0xBB, 0xBC, 0xA4, 0x94, 0x58, 0xC1, 0x3D, 0x16, 0x66, 0xA3, 0xEF, 0xAC, 0x8D,
    0x2B, 0x54, 0xA3, 0x11, 0xBA, 0xF5, 0x68, 0xA7, 0x13, 0x0A, 0xB0, 0x75, 0x45, 0x2E, 0xA0, 0x95,
    0x2D, 0x85, 0xDD, 0x80, 0x88, 0x79, 0xED, 0x36, 0xCE, 0xD7, 0x1A, 0xA7, 0x77, 0x1F, 0xC7, 0x17,
    0xBD, 0x85, 0xC3, 0xDB, 0x0B, 0xF2, 0xE0, 0x7A, 0x87, 0x83, 0x7B, 0xAB, 0xC6, 0x25, 0xCA, 0x77,
    0x54, 0x94, 0x82, 0x9B, 0xB8, 0x03, 0xE7, 0x38, 0x43, 0x5C, 0x4A, 0xB8, 0x87, 0x5D, 0x9E, 0x5D,
    0x61, 0xF4, 0x2B, 0x7F, 0x85, 0xFA, 0xF8, 0x3D, 0xEC, 0x5D, 0x57, 0xD4, 0x2A, 0xCA, 0x60, 0x69,
    0x7D, 0x2C, 0xF6, 0x8B, 0x72, 0x47, 0x8E, 0xB3, 0x13, 0x1A, 0x1C, 0x3C, 0x51, 0x51, 0x4C, 0x05,
    0x29, 0x4D, 0x78, 0x0C, 0x29, 0x4F, 0x20, 0xA5, 0xF6, 0xCD, 0x28, 0xC3, 0x88, 0x74, 0x87, 0xF5,
    0xE8, 0x46, 0xE4, 0x8C, 0xF6, 0xF0, 0xF9, 0x63, 0xFE, 0x70, 0xBE, 0x59, 0x3C, 0xA5, 0xC8, 0x13,
    0xB2, 0x59, 0xF0, 0x84, 0x2A, 0xEA, 0x40, 0xC7, 0xC3, 0x69, 0xA1, 0x01, 0xF8, 0x86, 0xAF, 0xB1,
    0x79, 0x50, 0x62, 0xAF, 0x30, 0xC7, 0x77, 0x43, 0x25, 0x8A, 0x09, 0x79, 0xC7, 0x5C, 0xD8, 0x0A,
    0x33, 0xA2, 0xA9, 0xC4, 0x72, 0xE0, 0x03, 0x84, 0x8F, 0x0B, 0xE8, 0x0B, 0xF5, 0x5A, 0x4B, 0xD4,
    0x48, 0xC1, 0x8E, 0x5A, 0x1F, 0xAA, 0x4B, 0xD3, 0xF0, 0x78, 0x09, 0x85, 0x5E, 0x3A, 0xCB, 0x84,
    0xC1, 0xA5, 0xE2, 0xA5, 0x4D, 0x78, 0x98, 0x09, 0x4F, 0x22, 0xE5, 0x02, 0x78, 0x66, 0x86, 0xFF,
    0xB0, 0x34, 0xF4, 0x8F, 0x9A, 0x28, 0xFE, 0x58, 0x08, 0x02, 0x2D, 0x21, 0x57, 0x0F, 0xF3, 0x5D,
    0xD9, 0x6F, 0x69, 0x5D, 0xFE, 0xB1, 0x11, 0xE3, 0x11, 0x6D, 0xA0, 0x0C, 0xCA, 0x48, 0x83, 0x9D,
    0x26, 0x84, 0xAA, 0x61, 0x95, 0x26, 0xC6, 0x4F, 0x77, 0xB1, 0x50, 0x4A, 0xCF, 0x2F, 0x8F, 0xDF,
    0x60, 0xE8, 0x80, 0x99, 0x83, 0x91, 0xCE, 0x59, 0x51, 0x3A, 0x58, 0xA7, 0xC0, 0x3A, 0x3D, 0x4E,
    0xB9, 0x45, 0xE4, 0xC9, 0xB1, 0x4E, 0x1E, 0x94, 0x41, 0x1D, 0xE6, 0x6E, 0xCB, 0xF0, 0x00, 0x0A,
    0x5A, 0x2A, 0x39, 0x03, 0x44, 0x0A, 0x0F, 0x39, 0x07, 0x91, 0x4B, 0xD8, 0x8D, 0x8D, 0x60, 0xC7,
    0xD3, 0xF3, 0xFC, 0x8E, 0xCB, 0xF8, 0xBE, 0x46, 0x42, 0x1A, 0x4F, 0x75, 0xE1, 0x51, 0xBC, 0x1D,
    0x9F, 0x76, 0x5A, 0xAA, 0x30, 0xB8, 0xC9, 0xB9, 0x5A, 0x28, 0x47, 0x1E, 0x89, 0xC4, 0x67, 0xB2,
    0x4E, 0x2A, 0x2B, 0x24, 0xE2, 0xC7, 0xB0, 0x9A, 0xC7, 0x53, 0xE6, 0xB6, 0x9D, 0x6C, 0xD8, 0xF2,
    0x16, 0x1E, 0x34, 0xBD, 0x82, 0xF1, 0x0D, 0x42, 0xCB, 0xAE, 0x1C, 0x9B, 0x9C, 0x2D, 0x9E, 0xDD,
    0x91, 0xEB, 0x65, 0x09, 0x6A, 0x5C, 0xE9, 0xD6, 0xD9, 0x45, 0xFD, 0x3D, 0xFC, 0x08, 0x1E, 0x75,
    0x0E, 0x6A, 0x97, 0xBC, 0x3D, 0xE5, 0x8A, 0x7E, 0x99, 0x70, 0x31, 0xBF, 0x2C, 0xC8, 0xA7, 0x5F,
    0x56, 0x5C, 0xCA, 0xD7, 0x5D, 0x24, 0xEE, 0xA1, 0xA3, 0x26, 0xBB, 0x83, 0xF8, 0xD1, 0x70, 0x10,
    0xCF, 0x9B, 0x5D, 0x6D, 0xE6, 0x22, 0x96, 0x1A, 0x9B, 0x38, 0x90, 0x0B, 0xF6, 0xF5, 0xE0, 0x17,
    0xF0, 0x05, 0x97, 0x12, 0x1C, 0x45, 0x79, 0x98, 0xE3, 0x4B, 0x46, 0x5F, 0x50, 0x62, 0x57, 0x51,
    0x60, 0xF5, 0xDD, 0xC3, 0xDC, 0x19, 0x86, 0xC6, 0xAD, 0xDD, 0xDE, 0x0A, 0x7A, 0x61, 0x1C, 0xFE,
    0xA5, 0x46, 0x89, 0xAE, 0xE1, 0xA3, 0xDE, 0x25, 0x0D, 0xF5, 0xE6, 0xCC, 0x3C, 0x7D, 0x11, 0xEA,
    0xBD, 0x07, 0x7A, 0x49, 0xC3, 0x25, 0xE3, 0x89, 0xCF, 0xCB, 0x33, 0xA8, 0xD7, 0x14, 0xD7, 0x77,
    0x41, 0xC3, 0x1E, 0xA5, 0x90, 0x91, 0xA2, 0xA0, 0x3B, 0x77, 0x8F, 0x74, 0x8E, 0xDE, 0xD6, 0x23,
    0xE2, 0xA0, 0x86, 0xE4, 0xF4, 0xF3, 0x91, 0xF8, 0x89, 0x58, 0x1C, 0xC5, 0xAE, 0x68, 0x49, 0x2A,
    0x3A, 0x62, 0x22, 0xF0, 0x42, 0x62, 0x70, 0x2F, 0x87, 0xD2, 0xD1, 0x15, 0x52, 0xD1, 0xBC, 0xDA,
    0x11, 0xA0, 0x43, 0x1D, 0x11, 0x37, 0xC0, 0xA8, 0x82, 0x30, 0xDA, 0x53, 0xAF, 0xC1, 0x0D, 0x76,
    0x49, 0x8D, 0xEA, 0x65, 0xB9, 0x0A, 0x1B, 0x98, 0xB5, 0x8A, 0x6B, 0xB5, 0x2C, 0xC9, 0xCD, 0x6F,
    0x4B, 0xF5, 0x6F, 0x5A, 0x7D, 0x5D, 0x3A, 0xBF, 0xD1, 0xCE, 0x17, 0xDA, 0xFB, 0x65, 0xE9, 0xDE,
    0xD7, 0xFE, 0x27, 0xB9, 0x77, 0x57, 0x87, 0xEF, 0x28, 0x5C, 0x67, 0xF0, 0x71, 0xEF, 0xEB, 0x64,
    0x47, 0x05, 0x57, 0x75, 0x35, 0x53, 0xA1, 0xFB, 0x8B, 0xF6, 0xB2, 0x8A, 0xDC, 0xFB, 0xF0, 0x46,
    0x33, 0xF7, 0x97, 0x3A, 0x41, 0x1C, 0x7F, 0x98, 0xC3, 0x0A, 0x9C, 0x43, 0x11, 0xD5, 0x4A, 0xE4,
    0xDF, 0xD3, 0x04, 0xEC, 0x59, 0x38, 0x3C, 0x0B, 0x86, 0x52, 0x43, 0xA6, 0x47, 0x0F, 0x8A, 0xB8,
    0xDE, 0xD0, 0x8D, 0xC2, 0x61, 0xD1, 0x73, 0x18, 0x43, 0xA3, 0x58, 0x44, 0x54, 0x33, 0x5A, 0x47,
    0x4A, 0xF3, 0x48, 0x28, 0x81, 0x82, 0xC4, 0xDB, 0x63, 0x58, 0x18, 0xE3, 0x02, 0xE9, 0x80, 0x66,
    0xE0, 0xFF, 0x0E, 0xBC, 0x91, 0x04, 0x76, 0x5F, 0x1B, 0x09, 0x47, 0x7C, 0x2C, 0xE2, 0x13, 0x11,
    0x9F, 0x88, 0x04, 0xE5, 0xF0, 0x92, 0xD2, 0xCC, 0x45, 0x7E, 0x3D, 0x2E, 0xEB, 0x67, 0x78, 0x48,
    0x01, 0xCF, 0xCC, 0xE1, 0x19, 0xAC, 0x1D, 0xF6, 0x53, 0xFC, 0xFF, 0x9A, 0xF0, 0xE7, 0xF0, 0xFF,
    0xBB, 0xDC, 0x2D, 0x15, 0xFD, 0x99, 0x0F, 0xF4, 0xC5, 0x90, 0x85, 0x4B, 0xE1, 0x2C, 0xAC, 0xFF,
    0x2C, 0xB0, 0x08, 0x7C, 0x17, 0x2D, 0xF4, 0x52, 0x03, 0x21, 0x94, 0xE1, 0xD0, 0x3D, 0xDD, 0xEF,
    0x11, 0xDD, 0x0A, 0xBC, 0x45, 0xC4, 0x9A, 0x33, 0x6C, 0xBC, 0x22, 0xD8, 0xD3, 0xC4, 0xB5, 0xF8,
    0x18, 0x3C, 0x2C, 0x97, 0x6A, 0xFD, 0x37, 0xF9, 0x01, 0xB0, 0x45, 0x09, 0x15, 0xB8, 0xA4, 0x29,
    0xF8, 0xD2, 0xAC, 0x09, 0xAE, 0x57, 0xFC, 0x6C, 0xDC, 0xD4, 0x53, 0xC8, 0xE8, 0x27, 0x30, 0x70,
    0x0A, 0x3B, 0xEB, 0x73, 0x8D, 0xCE, 0xEA, 0xC2, 0x08, 0x49, 0x7C, 0xFA, 0xFE, 0x39, 0x88, 0x75,
    0x0F, 0x32, 0x68, 0x4F, 0x9D, 0xCC, 0x61, 0x37, 0x45, 0xA8, 0x67, 0xAA, 0x0A, 0xA0, 0x93, 0x10,
    0x67, 0xA2, 0x5A, 0x5F, 0x23, 0x4C, 0xC1, 0xD4, 0x61, 0xA2, 0x65, 0x46, 0x13, 0xCD, 0xEE, 0xEB,
    0x7D, 0x78, 0xC8, 0xFF, 0xE8, 0x69, 0x6C, 0xD8, 0x8E, 0xB0, 0xD5, 0x84, 0xE3, 0x4D, 0x4C, 0x06,
    0x05, 0x10, 0x81, 0xF6, 0xA8, 0xAE, 0x01, 0xA1, 0x28, 0x1D, 0x68, 0x4B, 0x6A, 0x1E, 0xD1, 0xC9,
    0x10, 0xD0, 0x2B, 0xC9, 0x73, 0x04, 0x9F, 0x0D, 0xE2, 0x79, 0x69, 0xB7, 0x9F, 0x30, 0xCD, 0x20,
    0x83, 0x7B, 0x64, 0xB5, 0xA7, 0xA6, 0x53, 0x75, 0x42, 0x6D, 0x70, 0xDF, 0xDE, 0x73, 0x61, 0x8B,
    0xE6, 0xC5, 0xB0, 0xC5, 0xA0, 0x79, 0x29, 0xB7, 0x80, 0x45, 0xB8, 0x0D, 0x2C, 0x12, 0xFE, 0xA8,
    0x8B, 0x24, 0x22, 0xBB, 0xED, 0x4C, 0xA2, 0x31, 0x91, 0x84, 0x4F, 0x34, 0x0B, 0x9F, 0x0D, 0xC9,
    0xE4, 0xEF, 0xE6, 0x11, 0xAC, 0xEF, 0xC2, 0xF0, 0x2E, 0xCF, 0xC3, 0x1E, 0x74, 0xB2, 0x8D, 0xF7,
    0x69, 0x75, 0xA9, 0xB1, 0xCE, 0xC4, 0xD8, 0x67, 0x61, 0x2C, 0xB4, 0x32, 0x36, 0xDA, 0x19, 0x2B,
    0x6D, 0xC5, 0x4E, 0xC5, 0xE2, 0x0B, 0x63, 0xF3, 0x15, 0x76, 0x94, 0x7F, 0x03, 0x46, 0xF3, 0xDF,
    0xB0, 0x7C, 0x7A, 0x01, 0x08, 0x98, 0xDC, 0x86, 0x25, 0xFF, 0x4D, 0x60, 0x5F, 0x7A, 0x06, 0xE1,
    0x5B, 0x3B, 0x86, 0x0E, 0x92, 0x35, 0x48, 0xD6, 0x7E, 0xF9, 0x56, 0x76, 0xEF, 0xCD, 0x17, 0x1B,
    0x5C, 0xDA, 0xE9, 0x17, 0xC7, 0xE4, 0x60, 0xAE, 0xFD, 0x22, 0xD8, 0x98, 0x3E, 0x17, 0xDA, 0x08,
    0xBD, 0x7C, 0x82, 0x20, 0x0D, 0x5A, 0xC3, 0x81, 0xFB, 0x70, 0xDB, 0x4E, 0x67, 0xF0, 0x13, 0x72,
    0x1E, 0x4D, 0x5D, 0x75, 0x5B, 0xC1, 0x61, 0x38, 0x89, 0x88, 0x38, 0xA9, 0x90, 0xA3, 0xAC, 0x44,
    0x2B, 0x3B, 0x59, 0x4E, 0x8E, 0x80, 0x16, 0x97, 0xC8, 0xB6, 0x85, 0x58, 0x1C, 0x38, 0x04, 0x99,
    0xA2, 0xD0, 0x0C, 0x79, 0x65, 0xCC, 0x24, 0x31, 0x0F, 0x7E, 0x86, 0xAB, 0xF2, 0x3E, 0x6D, 0x18,
    0x0E, 0xEE, 0x22, 0x49, 0x52, 0xFE, 0x5D, 0x4D, 0x15, 0xFA, 0x80, 0x09, 0xD4, 0x1C, 0xFC, 0xCD,
    0x87, 0x5E, 0xC0, 0x61, 0x19, 0x1E, 0x3D, 0xE8, 0x6D, 0xEC, 0xD2, 0x5B, 0xEC, 0x12, 0x6B, 0xE6,
    0x5F, 0xA1, 0xC4, 0x3A, 0x4F, 0x63, 0x45, 0x8D, 0xF5, 0x4A, 0xAC, 0xC6, 0xB5, 0xB8, 0x12, 0x80,
    0xC1, 0x01, 0x61, 0x08, 0x64, 0x1A, 0x70, 0x95, 0x6E, 0x92, 0x5C, 0xA7, 0xE0, 0xFB, 0xC0, 0x31,
    0xD8, 0x64, 0xB2, 0x1B, 0x7D, 0x87, 0x5F, 0x5F, 0x04, 0xE0, 0xF9, 0x09, 0xE2, 0x07, 0x25, 0x7D,
    0xE9, 0x30, 0xE7, 0x53, 0xFE, 0x01, 0xEF, 0x99, 0x23, 0xB3, 0x85, 0xBF, 0x0C, 0x70, 0x74, 0x08,
    0x6E, 0x92, 0x99, 0xE1, 0xDF, 0x0D, 0xBD, 0xAA, 0x57, 0x17, 0xBC, 0xD2, 0x73, 0xF7, 0x3E, 0x4F,
    0xA8, 0x0B, 0xAE, 0x63, 0xB1, 0x2E, 0xBC, 0xC2, 0xB8, 0x1C, 0xBA, 0x34, 0xBF, 0x48, 0x8C, 0x6A,
    0xE6, 0x74, 0x02, 0xA3, 0x56, 0x82, 0xFD, 0xEE, 0x38, 0x3D, 0x0D, 0x08, 0x87, 0x80, 0x4D, 0x0E,
    0x25, 0x55, 0x83, 0x2B, 0x71, 0x79, 0x2A, 0x61, 0x43, 0x83, 0xCB, 0x47, 0x83, 0x8B, 0x4D, 0xD4,
    0x26, 0x94, 0x26, 0x88, 0xF2, 0x79, 0x78, 0x21, 0xB3, 0xDB, 0x2C, 0x2F, 0x48, 0xE2, 0x82, 0x1C,
    0x56, 0xC6, 0xCA, 0xF1, 0x0C, 0xC5, 0x2E, 0x89, 0xA6, 0xDB, 0x98, 0x9C, 0x0E, 0x4F, 0x50, 0xCC,
    0xF0, 0xED, 0x81, 0xF6, 0x91, 0xC2, 0x02, 0x6E, 0x01, 0x0C, 0x30, 0x34, 0x65, 0x38, 0xC1, 0x3B,
    0x70, 0xFF, 0xFF, 0xA3, 0x8A, 0xE0, 0xAF, 0xD4, 0xDE, 0x0C, 0xDF, 0xE9, 0x12, 0xC8, 0x20, 0x51,
    0xB6, 0x7E, 0x01, 0x82, 0x41, 0xD4, 0xBE, 0x91, 0x91, 0x2C, 0x75, 0xAF, 0x57, 0x21, 0xBC, 0x55,
    0xD8, 0xC5, 0x79, 0x04, 0xF4, 0x16, 0xE3, 0x3C, 0x52, 0x7C, 0x12, 0xF9, 0x90, 0xBB, 0x48, 0xB8,
    0x8B, 0xAE, 0xF4, 0xF2, 0xA8, 0x4B, 0x29, 0xC6, 0x0F, 0x9C, 0xE1, 0xD0, 0xAF, 0x63, 0xA4, 0x03,
    0x33, 0x75, 0x3B, 0x1B, 0xBA, 0xEC, 0x61, 0x87, 0x00, 0x08, 0x53, 0x49, 0x55, 0x9A, 0xE5, 0xAB,
    0x70, 0x68, 0x71, 0x9F, 0xCB, 0x98, 0xD3, 0xBE, 0xCA, 0xD3, 0xEA, 0x08, 0x86, 0xE7, 0x1A, 0xB2,
    0x8F, 0x09, 0x50, 0xC0, 0x5C, 0xBE, 0xB8, 0x00, 0x17, 0xA3, 0x83, 0x47, 0x50, 0x6A, 0xFA, 0x4B,
    0xFA, 0xE3, 0x3B, 0x36, 0x24, 0x50, 0x3A, 0x0F, 0x4B, 0x9C, 0x69, 0xE9, 0x37, 0x19, 0xB9, 0x2B,
    0x67, 0xA2, 0x0F, 0x61, 0x0E, 0x8A, 0xC0, 0x61, 0x24, 0xB6, 0x99, 0x42, 0x4E, 0xF1, 0x9B, 0x64,
    0x08, 0x50, 0x89, 0xF2, 0xBE, 0xD4, 0x8B, 0x1D, 0x30, 0xCB, 0x20, 0x2E, 0x8F, 0xC1, 0x66, 0x26,
    0x15, 0xA9, 0x1B, 0xEB, 0x1A, 0x43, 0xAA, 0x5E, 0x82, 0x90, 0xAF, 0xE1, 0x99, 0x1E, 0x27, 0x83,
    0xF0, 0x04, 0xEB, 0x40, 0x2E, 0xD1, 0x07, 0xE5, 0x21, 0xE3, 0xC7, 0x15, 0x9A, 0x40, 0x48, 0x20,
    0x7C, 0x39, 0x8A, 0x72, 0x1B, 0x0C, 0x15, 0x13, 0x0C, 0xDC, 0x93, 0x00, 0x3B, 0x7B, 0x0D, 0x23,
    0x4D, 0xA0, 0x09, 0x96, 0x43, 0x84, 0x1E, 0x0D, 0xEB, 0xA1, 0x91, 0xA5, 0xAA, 0xC5, 0xD5, 0x59,
    0x22, 0xD0, 0xAE, 0x5E, 0xA6, 0x78, 0x61, 0x54, 0x05, 0x52, 0x4B, 0x8F, 0xB4, 0x75, 0xA2, 0x94,
    0xD5, 0x7B, 0x6E, 0xBB, 0x1C, 0xEA, 0x18, 0xA2, 0x06, 0x43, 0xA1, 0xE0, 0xB7, 0x30, 0x9F, 0xC9,
    0xB1, 0xC5, 0xC2, 0x50, 0x01, 0x57, 0x5E, 0x41, 0x99, 0x7A, 0x0F, 0x50, 0x27, 0x5C, 0xA8, 0x55,
    0x7A, 0x4D, 0x2D, 0xBB, 0x6B, 0x10, 0x19, 0x52, 0xB6, 0x8B, 0x2E, 0x32, 0x08, 0x3F, 0x57, 0x2B,
    0x08, 0x68, 0x0E, 0x5D, 0x8F, 0x8C, 0x7B, 0x38, 0xC9, 0x5A, 0x8C, 0x3E, 0x9E, 0xCE, 0xE0, 0xA2,
    0xAE, 0xE1, 0x90, 0xA1, 0x5D, 0x57, 0xA1, 0xA1, 0x10, 0x46, 0x04, 0x9B, 0x98, 0xF9, 0x8D, 0x94,
    0x4F, 0x12, 0xA2, 0x08, 0xA2, 0x09, 0x7C, 0x04, 0x72, 0x29, 0xA6, 0x82, 0xD0, 0x51, 0x17, 0x1E,
    0xDE, 0xD3, 0xD6, 0xCB, 0xE7, 0x95, 0x54, 0x5E, 0x66, 0xCA, 0x3C, 0xD0, 0xBB, 0x8D, 0xD7, 0x20,
    0x2F, 0x80, 0xCF, 0x4B, 0x19, 0x62, 0xEE, 0x10, 0x11, 0xC2, 0xE9, 0xD4, 0xB8, 0xEC, 0x6A, 0xE7,
    0xA1, 0xFA, 0x1B, 0xED, 0x7E, 0xA6, 0x7E, 0xA3, 0xBD, 0x4F, 0xDC, 0xFB, 0xA5, 0xF7, 0xE1, 0xD5,
    0x7B, 0xB9, 0xFF, 0xD6, 0xDB, 0x81, 0x0A, 0xFC, 0x1F, 0x82, 0x05, 0x7F, 0x11, 0xAA, 0x1D, 0xAF,
    0x7F, 0x55, 0x5D, 0xF6, 0xDA, 0x1D, 0x95, 0xB0, 0xDA, 0x45, 0x0F, 0x4B, 0xF7, 0xEA, 0x69, 0x53,
    0xAF, 0xA1, 0x33, 0x0D, 0x59, 0x51, 0x81, 0x66, 0x18, 0x86, 0x43, 0x71, 0xDE, 0xF4, 0xDC, 0x89,
    0xE0, 0xD8, 0xD4, 0x6A, 0xC1, 0x80, 0x84, 0x37, 0xA6, 0x68, 0x34, 0xC3, 0x1C, 0xF1, 0xD8, 0xA8,
    0xCF, 0x89, 0x08, 0x09, 0x76, 0xB1, 0xD6, 0x67, 0xA6, 0x3B, 0x4B, 0x78, 0xB1, 0x41, 0xFB, 0x1F,
    0x05, 0x3A, 0x58, 0xD0, 0xC7, 0x60, 0x1F, 0xEC, 0x18, 0x96, 0x01, 0x9F, 0xA7, 0xF6, 0xE5, 0xE9,
    0x5A, 0xF3, 0x88, 0xFE, 0x18, 0xF5, 0xE2, 0xD2, 0x69, 0xA1, 0xE7, 0x5F, 0x7C, 0xDC, 0xBA, 0x0F,
    0xE1, 0x3B, 0x20, 0x67, 0xE8, 0x78, 0x07, 0x9B, 0xB2, 0x1E, 0xD7, 0xAB, 0xF9, 0x7C, 0x08, 0x6D,
    0x64, 0xA9, 0x6F, 0x06, 0x58, 0x3C, 0x3A, 0xED, 0xA9, 0xE3, 0x16, 0xF8, 0x74, 0xE9, 0x91, 0xA5,
    0x79, 0x47, 0x60, 0x4A, 0xFC, 0x98, 0x83, 0x4F, 0x2C, 0x4C, 0x8A, 0xF3, 0x9B, 0xA0, 0xB9, 0x15,
    0x58, 0xE0, 0x5F, 0xEF, 0xDD, 0xCE, 0xBF, 0x77, 0x18, 0xAD, 0xFC, 0xBF, 0x9F, 0x5D, 0x5B, 0x04,
    0xD5, 0x4E, 0x93, 0x04, 0x6D, 0xAC, 0x81, 0x54, 0xE2, 0xBC, 0x0A, 0xCB, 0x5D, 0x86, 0x66, 0x20,
    0x95, 0x19, 0x13, 0x6A, 0x20, 0x54, 0xB7, 0x49, 0xE8, 0xE0, 0xF0, 0x1D, 0xF8, 0x37, 0x49, 0x2F,
    0x76, 0xB1, 0x4F, 0xAC, 0x0C, 0x6F, 0x94, 0x0D, 0x4F, 0xD4, 0xD3, 0x0C, 0x68, 0xD8, 0xE1, 0x53,
    0xE8, 0xED, 0x17, 0xD0, 0xE8, 0xFF, 0xCE, 0x71, 0xEA, 0xD8, 0xFA, 0xC0, 0x22, 0xB3, 0xD6, 0xF8,
    0x6E, 0xB8, 0xF9, 0x37, 0x40, 0x65, 0x06, 0x45, 0x8C, 0x25, 0x40, 0x39, 0xBC, 0x81, 0x65, 0x4B,
    0x83, 0x17, 0x66, 0xCA, 0x92, 0x2D, 0x29, 0x1B, 0xC3, 0x9D, 0xFF, 0xE8, 0x5F, 0x0F, 0x00, 0x59,
    0xBA, 0x8C, 0x45, 0xBA, 0x88, 0x3A, 0x16, 0x12, 0xA6, 0x86, 0xC4, 0xA9, 0x90, 0xA8, 0x07, 0x7C,
    0xB5, 0xEB, 0x81, 0x82, 0xEC, 0x83, 0x8F, 0x5B, 0xA6, 0x9A, 0xC0, 0x47, 0xC3, 0xA3, 0x11, 0x39,
    0x45, 0x6B, 0xF0, 0x49, 0xAF, 0x1F, 0xD2, 0xFD, 0x47, 0x52, 0x5A, 0x6C, 0x58, 0x42, 0x83, 0xA6,
    0xF5, 0xCC, 0x7B, 0x62, 0x03, 0xFC, 0x62, 0xE2, 0xB7, 0x52, 0x50, 0xB7, 0x7F, 0x0F, 0x66, 0x4A,
    0x56, 0x5D, 0xD6, 0x15, 0x88, 0x19, 0x57, 0x53, 0x8B, 0x51, 0xC6, 0x62, 0x66, 0x47, 0x2D, 0x26,
    0xC0, 0xDF, 0xD2, 0x05, 0x2C, 0x66, 0xA9, 0x81, 0xE3, 0x4B, 0x83, 0x7D, 0x42, 0x8B, 0x7C, 0x12,
    0x49, 0xCE, 0x53, 0xD6, 0x4F, 0x6E, 0xC1, 0x46, 0xF0, 0x7F, 0xE5, 0xB4, 0x0B, 0xB8, 0xAA, 0xA1,
    0x0E, 0xBF, 0xD4, 0x54, 0x7C, 0x88, 0x07, 0x62, 0x08, 0xF9, 0x48, 0x20, 0xE8, 0x11, 0x2A, 0xB4,
    0xA0, 0x9C, 0x2B, 0x9E, 0x49, 0x17, 0xD3, 0xB4, 0x76, 0x91, 0x69, 0xE2, 0x60, 0x7A, 0xAF, 0x49,
    0xDC, 0x2E, 0xA8, 0x0B, 0xBF, 0x8D, 0xEA, 0xC5, 0xAB, 0xED, 0x9F, 0xE9, 0xDB, 0xC5, 0xFF, 0xFE,
    0x46, 0xCF, 0xDB, 0xE1, 0x2E, 0xB6, 0xDE, 0xA7, 0xD2, 0x3F, 0xFF, 0x02, 0x7A, 0xBD, 0x40, 0x8D,
    0x05, 0xEE, 0x1D, 0x70, 0x81, 0xD5, 0xBA, 0x40, 0x2E, 0xF0, 0xA2, 0x19, 0x31, 0x85, 0x94, 0x35,
    0x04, 0x54, 0x48, 0x9E, 0x3B, 0x42, 0x70, 0x1C, 0x15, 0x1C, 0x2F, 0xC2, 0x67, 0x54, 0xB2, 0x52,
    0xEA, 0x69, 0x6B, 0x78, 0x2C, 0xB9, 0x48, 0xBD, 0xB1, 0x26, 0x83, 0x02, 0x64, 0x42, 0xC3, 0x64,
    0xC8, 0xF3, 0x89, 0x06, 0x50, 0x18, 0x0F, 0xA0, 0x27, 0x76, 0x11, 0x71, 0x12, 0xD5, 0x17, 0xB8,
    0x54, 0x44, 0x51, 0x5D, 0x4F, 0xF9, 0x77, 0xF8, 0x29, 0x94, 0x0B, 0x11, 0xA0, 0xDB, 0x92, 0x10,
    0x1E, 0xC4, 0x63, 0xF2, 0x50, 0x9F, 0x50, 0xA4, 0x1D, 0x6E, 0xC6, 0xAD, 0xB8, 0xD1, 0x91, 0xF8,
    0xF1, 0x3B, 0x8E, 0xA4, 0xC8, 0xF0, 0x08, 0xC3, 0x4A, 0x6A, 0xBF, 0x15, 0xC3, 0x89, 0xDB, 0xBE,
    0x17, 0xEA, 0xE5, 0xC0, 0xAC, 0xDA, 0x6D, 0x60, 0xC3, 0x50, 0x22, 0xA0, 0x03, 0xBD, 0xEF, 0x23,
    0xD2, 0x76, 0xB0, 0xBE, 0x8F, 0x1B, 0xB7, 0x45, 0x60, 0x80, 0x96, 0x0D, 0xC0, 0x63, 0x21, 0xD1,
    0x58, 0xC4, 0x60, 0x39, 0xA3, 0x55, 0xA7, 0x5E, 0x33, 0x57, 0xA9, 0x8B, 0xC5, 0x0A, 0x09, 0x3E,
    0x97, 0xE0, 0xA5, 0x97, 0x0C, 0xA7, 0x70, 0x34, 0x0D, 0x6F, 0x0D, 0x4A, 0xB7, 0x03, 0x79, 0xF4,
    0xFB, 0x34, 0xCB, 0xC6, 0x84, 0x9F, 0xC8, 0x3A, 0x99, 0x05, 0x49, 0x78, 0xDD, 0xAA, 0xA5, 0x54,
    0x84, 0x6A, 0x2B, 0xDD, 0xF7, 0x36, 0x05, 0xCC, 0x13, 0x04, 0x23, 0x35, 0x23, 0x3A, 0x04, 0xAC,
    0x4F, 0xC3, 0xFC, 0x54, 0xEB, 0x4C, 0x7C, 0x0B, 0x13, 0x50, 0x26, 0x7E, 0x1B, 0xF0, 0xB5, 0x54,
    0xDE, 0x7D, 0x88, 0xEA, 0x57, 0x90, 0xC6, 0xCA, 0xBA, 0x3A, 0x4D, 0xA1, 0xF8, 0x47, 0x5C, 0x5D,
    0x01, 0xB0, 0x5F, 0xAD, 0x35, 0xBE, 0x10, 0xCC, 0xE0, 0x5C, 0x6D, 0x00, 0xDC, 0x60, 0x9C, 0x52,
    0x8B, 0xBF, 0x90, 0x9B, 0x64, 0x65, 0x65, 0x50, 0x1D, 0x65, 0x31, 0x29, 0x24, 0x93, 0x16, 0xBA,
    0x2B, 0x41, 0x00, 0x82, 0x37, 0x40, 0xC0, 0x5C, 0x0B, 0x02, 0x8B, 0xD7, 0x64, 0xE6, 0x0A, 0x48,
    0x40, 0x3A, 0x0D, 0xC4, 0x02, 0xE0, 0x97, 0xD0, 0xA2, 0xF9, 0x03, 0x49, 0xB8, 0xF9, 0x6D, 0xFC,
    0x9F, 0x08, 0x05, 0xA9, 0x38, 0x40, 0x03, 0x2D, 0x54, 0xFC, 0x48, 0xD4, 0xD4, 0x6B, 0xFE, 0x50,
    0x14, 0x99, 0xE5, 0x4D, 0x87, 0x6A, 0x9C, 0x31, 0x55, 0xEC, 0x84, 0xA4, 0xEF, 0x30, 0x93, 0xB9,
    0xD2, 0x41, 0xC3, 0x8C, 0xC7, 0x04, 0xB3, 0x8D, 0x94, 0x9B, 0xE9, 0x02, 0xA4, 0x92, 0x39, 0xC3,
    0x9A, 0x09, 0xC8, 0x60, 0x55, 0xA1, 0x93, 0xFF, 0x90, 0x42, 0xDE, 0x46, 0x88, 0x8C, 0x2C, 0x07,
    0xA3, 0x11, 0x93, 0x94, 0x99, 0x50, 0x90, 0x28, 0x03, 0x5F, 0xE8, 0x0C, 0xBB, 0xF1, 0x7F, 0xE3,
    0xEF, 0xB2, 0xD1, 0x47, 0x6D, 0x0A, 0x46, 0x6B, 0x0F, 0xDF, 0x6D, 0x43, 0x60, 0x42, 0xFC, 0x35,
    0x0C, 0xD6, 0xA6, 0x34, 0xE9, 0x4F, 0x4A, 0x78, 0x70, 0xF6, 0x17, 0xF1, 0xF8, 0xB2, 0x15, 0x4F,
    0x46, 0xAB, 0xA4, 0x15, 0x8B, 0xFD, 0xC1, 0x78, 0x2B, 0xB1, 0xDE, 0x4E, 0xAA, 0xE7, 0x52, 0x13,
    0xBA, 0x42, 0x45, 0x05, 0x30, 0x85, 0x50, 0x67, 0x92, 0x5A, 0x26, 0x30, 0xDB, 0x92, 0x48, 0x96,
    0xB5, 0x57, 0x9A, 0x2E, 0x62, 0x15, 0x1E, 0x4E, 0xC5, 0x7C, 0xBD, 0x06, 0x5B, 0x7B, 0x35, 0xF6,
    0xF6, 0xD8, 0x03, 0xF1, 0xB5, 0x98, 0x63, 0x00, 0xE7, 0xC5, 0xBC, 0x04, 0x97, 0xEB, 0x2B, 0x82,
    0xC9, 0x84, 0x65, 0xE0, 0x84, 0xDE, 0xB1, 0x20, 0xFA, 0x83, 0x7D, 0x22, 0x5C, 0x16, 0x12, 0x2F,
    0x8B, 0x0D, 0x77, 0xC1, 0xD0, 0x99, 0x72, 0xC9, 0x33, 0xF5, 0x2B, 0x98, 0x84, 0xEC, 0xA9, 0x7E,
    0x51, 0xD6, 0xCE, 0x0D, 0xD3, 0xE6, 0x22, 0xE6, 0x2A, 0xCC, 0x42, 0xE6, 0xA4, 0x4C, 0xEE, 0x73,
    0x12, 0xBC, 0xF2, 0x86, 0x8D, 0x99, 0x92, 0xD2, 0x97, 0xD6, 0xE7, 0x6D, 0x5A, 0x0C, 0x27, 0xC2,
    0x60, 0x6C, 0x1D, 0x78, 0xFA, 0x7B, 0x90, 0x20, 0x32, 0x6C, 0x68, 0x15, 0xEB, 0x5C, 0xA6, 0x9D,
    0x71, 0x66, 0x91, 0xF4, 0x44, 0x74, 0x5D, 0xB3, 0xAC, 0x8D, 0xC9, 0x95, 0xB6, 0x7D, 0x96, 0x09,
    0xCE, 0x18, 0x8B, 0xC0, 0xC7, 0x24, 0x60, 0x48, 0x4B, 0x62, 0xF6, 0xC1, 0xA8, 0x2C, 0x75, 0xC8,
    0x76, 0x14, 0x53, 0x1B, 0x9B, 0x80, 0x65, 0x92, 0x80, 0xDD, 0xC0, 0x77, 0xEE, 0x30, 0x57, 0x20,
    0xF0, 0xF8, 0x29, 0x62, 0x6D, 0xD0, 0x43, 0xCB, 0x82, 0x36, 0x18, 0x6E, 0x84, 0x40, 0x63, 0x1D,
    0x68, 0xBE, 0x22, 0x4A, 0x53, 0x6C, 0x94, 0x26, 0x51, 0xB1, 0x51, 0x9A, 0xDA, 0x28, 0xCD, 0xA6,
    0xB2, 0x76, 0x9B, 0x95, 0xB5, 0x86, 0x55, 0x32, 0xA9, 0xCA, 0xD1, 0xBA, 0x2E, 0xF3, 0x22, 0x8D,
    0xAF, 0xF9, 0x20, 0x8D, 0x30, 0x58, 0x53, 0xA5, 0x04, 0xE2, 0x4B, 0x3E, 0x24, 0x95, 0x35, 0xB8,
    0x8F, 0x4C, 0x8A, 0x16, 0x7A, 0xBB, 0xB2, 0x36, 0x22, 0xBE, 0x86, 0x88, 0x2F, 0x10, 0xF2, 0x33,
    0x53, 0xC0, 0xB0, 0x88, 0x8F, 0x75, 0xCE, 0xBD, 0x2D, 0xC4, 0x07, 0x4B, 0xF0, 0x7B, 0xA8, 0x47,
    0xD6, 0xE1, 0xB2, 0xB8, 0x38, 0x33, 0x8D, 0x3C, 0x08, 0x85, 0x3E, 0xD0, 0x10, 0x15, 0x4A, 0x61,
    0xD3, 0x24, 0xCB, 0x2C, 0xE0, 0x33, 0x37, 0x08, 0xAE, 0xF2, 0xC4, 0x3E, 0xC4, 0xA6, 0xC1, 0x47,
    0xD4, 0xAB, 0x9F, 0xF2, 0x42, 0xA3, 0xF4, 0xA4, 0x9B, 0xD6, 0x8A, 0xBC, 0xBD, 0x16, 0xCA, 0xDD,
    0xA6, 0x82, 0x32, 0x81, 0x8D, 0xB1, 0xF2, 0x0E, 0x6B, 0x00, 0x8C, 0x78, 0x5C, 0x16, 0xAC, 0x86,
    0x85, 0xA9, 0x2B, 0x07, 0x6B, 0x3D, 0xFF, 0x07, 0x2F, 0x67, 0x77, 0x01, 0xEA, 0xDF, 0xD3, 0x95,
    0x2C, 0xB9, 0x66, 0xD4, 0x1C, 0x53, 0x79, 0xF6, 0x4F, 0x5C, 0x79, 0x6E, 0x26, 0x95, 0xE7, 0x25,
    0x9B, 0xA7, 0x2C, 0x7D, 0x98, 0xB2, 0x1E, 0x4B, 0x50, 0xE2, 0x9E, 0xA4, 0xE6, 0x20, 0x14, 0xD1,
    0x6C, 0x9E, 0x9D, 0x72, 0x3C, 0x11, 0x40, 0xF5, 0x21, 0xFE, 0xB6, 0x37, 0x05, 0x50, 0x91, 0xD5,
    0xC7, 0xCE, 0xEC, 0x42, 0x93, 0x7C, 0x7D, 0x03, 0x73, 0x3D, 0xE8, 0x85, 0x4F, 0x8B, 0x3A, 0xB6,
    0x4E, 0xD0, 0x3D, 0x77, 0x9D, 0x40, 0x9C, 0x1A, 0x41, 0xCD, 0xFC, 0x70, 0x83, 0x2F, 0xA2, 0xC7,
    0xF0, 0x85, 0x67, 0xF1, 0xC5, 0x93, 0x0B, 0xA7, 0x3F, 0x5E, 0x78, 0xFA, 0xAB, 0x0E, 0x69, 0x81,
    0x2D, 0x9C, 0x02, 0xB9, 0x52, 0x98, 0x58, 0xEF, 0xB8, 0x8A, 0xE5, 0xB3, 0x53, 0x81, 0xF7, 0xEB,
    0xF0, 0xFD, 0x4F, 0x74, 0xF8, 0xF9, 0x60, 0x53, 0x81, 0x0E, 0xCF, 0xB3, 0xBD, 0xF3, 0x83, 0xA3,
    0xA9, 0xC0, 0x93, 0x6A, 0x6D, 0xE7, 0x38, 0xD5, 0xC0, 0x8A, 0xAD, 0x62, 0xD7, 0x43, 0x22, 0xA9,
    0x66, 0xCF, 0x40, 0xFA, 0x6E, 0x5A, 0x1D, 0xE9, 0x2B, 0x45, 0x4F, 0x28, 0x3F, 0x3D, 0xAD, 0xF7,
    0x96, 0xD9, 0x49, 0x80, 0xE7, 0xEA, 0xBD, 0x2D, 0x91, 0x32, 0xAF, 0xDC, 0x7C, 0x8F, 0xCB, 0x5F,
    0xE8, 0x32, 0xD6, 0x8D, 0x57, 0x52, 0x31, 0xC1, 0xB6, 0x17, 0xE3, 0x2B, 0xAD, 0x0D, 0xFF, 0x4F,
    0x6B, 0xF5, 0x7D, 0x66, 0xCB, 0x4A, 0x0F, 0x22, 0x49, 0xE0, 0xE8, 0xD5, 0x6C, 0xEB, 0xB1, 0x61,
    0xCB, 0x9D, 0xFD, 0x0B, 0xF6, 0xC3, 0x4D, 0x87, 0x24, 0xB4, 0x84, 0x30, 0xEA, 0xF4, 0xA6, 0x06,
    0x7B, 0x68, 0xDA, 0x6A, 0x1E, 0x50, 0xD7, 0x96, 0x08, 0x96, 0xA5, 0x40, 0x89, 0x18, 0x6E, 0x04,
    0x60, 0x5C, 0x90, 0x20, 0xC1, 0x43, 0x21, 0x00, 0x62, 0x32, 0xBC, 0xC0, 0xAA, 0x0A, 0x40, 0x9C,
    0x07, 0x67, 0x1F, 0xF4, 0xCA, 0xB4, 0xDD, 0xC0, 0x3B, 0xDB, 0x6E, 0x59, 0x29, 0x31, 0xA2, 0x97,
    0xB6, 0x9B, 0x44, 0xB9, 0xB2, 0x90, 0xE2, 0xF6, 0x13, 0xDA, 0x6E, 0xDD, 0x56, 0xDB, 0x6D, 0x7F,
    0xBB, 0xED, 0xA6, 0xB6, 0xDA, 0x6E, 0xF9, 0x56, 0xDB, 0xAD, 0x33, 0x6D, 0xB7, 0x76, 0x6C, 0x6A,
    0x4F, 0x0A, 0x8A, 0xDE, 0xBA, 0xA0, 0x38, 0xF9, 0xE2, 0x97, 0xD2, 0xDC, 0x34, 0xA5, 0x90, 0x03,
    0x16, 0x41, 0xDE, 0x6C, 0x78, 0xF5, 0x27, 0xA5, 0x90, 0x83, 0x69, 0x29, 0x84, 0x3D, 0xBF, 0x02,
    0x34, 0x07, 0xBA, 0x62, 0x3A, 0x20, 0x45, 0x90, 0x19, 0x72, 0xCB, 0x9E, 0xD1, 0xD8, 0xEB, 0x36,
    0xE5, 0x4C, 0xB3, 0xAB, 0xD9, 0xC6, 0x93, 0x70, 0x19, 0x08, 0xB8, 0x7D, 0x59, 0xB1, 0x25, 0xA8,
    0xA4, 0x25, 0xF8, 0xE0, 0xC2, 0xB4, 0xA0, 0x57, 0x19, 0x31, 0x5E, 0xAA, 0x8F, 0x69, 0x0B, 0xDA,
    0x33, 0x0E, 0xF4, 0x4F, 0xD4, 0x3C, 0xA7, 0x60, 0x2E, 0xB1, 0x81, 0x9C, 0x58, 0x33, 0x81, 0xBD,
    0xBC, 0xC2, 0xF6, 0x0C, 0xE4, 0x15, 0x34, 0xEA, 0x19, 0xE5, 0x98, 0xEF, 0x8F, 0xE5, 0x18, 0x9E,
    0xDB, 0x35, 0x75, 0xF1, 0x96, 0xCA, 0x5A, 0x81, 0xA5, 0x67, 0xD5, 0x8E, 0x2B, 0xD7, 0xED, 0x38,
    0x26, 0x9E, 0xC1, 0xB6, 0xC1, 0x6E, 0x52, 0x30, 0xB9, 0xF8, 0x7A, 0x82, 0x72, 0x2A, 0x83, 0x72,
    0xDE, 0x7A, 0x1A, 0xCA, 0x39, 0x04, 0x69, 0x07, 0xEB, 0x5C, 0x74, 0x13, 0xFE, 0x6B, 0xA2, 0x14,
    0x65, 0x82, 0x65, 0xC5, 0xF2, 0x4B, 0x47, 0x1B, 0xE3, 0x13, 0xCE, 0x57, 0x39, 0xD0, 0xC8, 0xE7,
    0x77, 0x81, 0xFD, 0xEE, 0x23, 0x2D, 0xF6, 0xEE, 0x3F, 0x44, 0x2C, 0xE7, 0xA1, 0x06, 0x82, 0x1E,
    0x3F, 0x8A, 0xA0, 0x9B, 0xEF, 0x80, 0xC3, 0x88, 0xD1, 0x2A, 0xFE, 0x7D, 0x29, 0x10, 0x78, 0xAC,
    0x59, 0xC8, 0xFC, 0x08, 0x9B, 0x49, 0x14, 0x3F, 0x70, 0x63, 0x23, 0xC5, 0x91, 0x7F, 0x07, 0xD4,
    0xF9, 0xBB, 0x42, 0x85, 0x3F, 0x6C, 0xA5, 0x00, 0x47, 0xCB, 0x98, 0xFD, 0x09, 0xFC, 0xDA, 0x5F,
    0xF7, 0x2A, 0xB9, 0xC9, 0x62, 0xF9, 0x35, 0x3C, 0x50, 0x28, 0x96, 0x44, 0xD7, 0x12, 0x05, 0xC8,
    0xD4, 0x8C, 0xC1, 0x3F, 0x3B, 0xB5, 0x44, 0xC7, 0x06, 0xE7, 0xC4, 0x07, 0x05, 0x42, 0x45, 0xBD,
    0x6E, 0x1C, 0x71, 0x71, 0x53, 0x8B, 0x2A, 0x64, 0xBE, 0x29, 0xF8, 0xA0, 0x11, 0x79, 0x22, 0x21,
    0x54, 0x11, 0x38, 0x61, 0x60, 0x4E, 0x59, 0xB8, 0x52, 0x46, 0xA6, 0x15, 0x3E, 0x08, 0x1C, 0x6E,
    0x3F, 0x1F, 0x78, 0x58, 0x52, 0x9E, 0xDD, 0x35, 0x79, 0x07, 0xDB, 0x7B, 0x5C, 0x76, 0x21, 0xFD,
    0x97, 0x48, 0x0B, 0xDC, 0xE0, 0x85, 0x41, 0x1B, 0xA6, 0xEE, 0x36, 0x8C, 0x3B, 0x35, 0xC5, 0xC3,
    0xE2, 0xBF, 0x9D, 0xE4, 0x70, 0x6C, 0xDD, 0x56, 0x66, 0x7E, 0xE6, 0x07, 0x6A, 0xB1, 0x5C, 0x21,
    0xCE, 0x24, 0x38, 0xEA, 0x82, 0xE5, 0xF7, 0x7D, 0xC9, 0xB5, 0x95, 0x60, 0xB2, 0x5D, 0x2C, 0xC1,
    0xEE, 0x2A, 0xD1, 0x57, 0x28, 0xA3, 0x05, 0x01, 0xAB, 0xE7, 0x67, 0xDF, 0xE6, 0x1C, 0xCA, 0x85,
    0x0D, 0xFC, 0xD1, 0x31, 0xA3, 0x22, 0x89, 0xB9, 0xBC, 0x58, 0xD9, 0x2D, 0x63, 0xD1, 0x46, 0x1B,
    0xB3, 0x0E, 0xED, 0x72, 0x63, 0xCE, 0xF8, 0x9A, 0xF0, 0x40, 0x61, 0x81, 0x8B, 0x41, 0x4C, 0x4D,
    0xB4, 0xBF, 0x15, 0x2B, 0x16, 0x5E, 0xE4, 0xB0, 0xE8, 0x66, 0x84, 0x1F, 0x31, 0x6F, 0x19, 0xAF,
    0x18, 0x44, 0xC4, 0x81, 0xF9, 0x22, 0x7C, 0x29, 0xC3, 0x99, 0x32, 0xBC, 0x29, 0xC3, 0x9D, 0x32,
    0xFC, 0x29, 0xC3, 0xA1, 0x1A, 0x3B, 0xF9, 0xA6, 0x99, 0x4B, 0x4E, 0x06, 0x64, 0x41, 0xEE, 0xC0,
    0xCC, 0x9E, 0x85, 0x0B, 0xCE, 0x7C, 0xB1, 0x23, 0x23, 0x05, 0x26, 0xF2, 0x33, 0xCA, 0x2B, 0xB4,
    0x13, 0x18, 0xE4, 0x49, 0xD2, 0x7C, 0x23, 0x34, 0x62, 0xD2, 0xDA, 0x7C, 0xD1, 0xB2, 0xBA, 0x84,
    0xD7, 0xCA, 0x34, 0xD7, 0x4D, 0x3B, 0x95, 0xE5, 0x79, 0x63, 0xDA, 0x91, 0x31, 0xEE, 0x98, 0x39,
    0x56, 0x2D, 0xC8, 0x99, 0x5F, 0xF2, 0x03, 0x3E, 0x54, 0x28, 0x8E, 0xBD, 0xB0, 0x62, 0x4D, 0x66,
    0x7A, 0xB3, 0x6D, 0xC7, 0xC2, 0x89, 0x81, 0x9E, 0x76, 0x6A, 0x6B, 0xD7, 0xD4, 0xF8, 0xC5, 0xE8,
    0x6C, 0xCD, 0xDE, 0xA2, 0x02, 0xE3, 0x52, 0x3D, 0x0B, 0xC1, 0x8C, 0x3B, 0x1D, 0xE4, 0x1F, 0x44,
    0x92, 0x3E, 0x21, 0x31, 0x4B, 0x98, 0xCA, 0xFF, 0xF9, 0xDB, 0x60, 0xF4, 0x9F, 0xF0, 0x7C, 0x40,
    0x13, 0x0B, 0x6B, 0xF8, 0x3C, 0x24, 0xF7, 0x43, 0xCB, 0x20, 0xB4, 0xE2, 0xB6, 0x85, 0x9C, 0x1F,
    0xB9, 0x4D, 0xE5, 0x04, 0x0B, 0xC9, 0x82, 0xC7, 0x00, 0xDC, 0xAD, 0xA7, 0x2B, 0x05, 0x7A, 0xF1,
    0x28, 0x04, 0x68, 0xD7, 0x6C, 0x67, 0x68, 0x89, 0x8E, 0x06, 0xE8, 0x06, 0xFA, 0x02, 0x67, 0x36,
    0xA3, 0x01, 0x6B, 0xEC, 0x87, 0x40, 0xDA, 0x48, 0x09, 0xA4, 0x29, 0xBA, 0x00, 0xE2, 0xD1, 0x15,
    0x3B, 0xA3, 0x0B, 0xB7, 0x09, 0x73, 0xFC, 0x33, 0x42, 0x34, 0x6A, 0xD9, 0x9C, 0x78, 0x04, 0x8E,
    0xEB, 0xF9, 0x2F, 0x6E, 0xF2, 0x74, 0x5B, 0xB5, 0xFC, 0x4F, 0x26, 0xF2, 0xAD, 0x4C, 0x43, 0xFA,
    0x0C, 0x9A, 0xF9, 0x1D, 0x15, 0x7B, 0x43, 0x99, 0xFA, 0x9F, 0xE8, 0x24, 0xBC, 0xAA, 0x19, 0x7E,
    0x92, 0x30, 0xC8, 0x77, 0x83, 0x1F, 0xA9, 0xF8, 0x83, 0xD5, 0x8F, 0x71, 0x5E, 0x08, 0xFE, 0xCB,
    0xF2, 0xCC, 0x1A, 0xD5, 0x7A, 0xDD, 0xA8, 0xCE, 0xCD, 0x9A, 0xB6, 0x4F, 0x6B, 0x53, 0x7F, 0x75,
    0x41, 0x0A, 0x3C, 0x87, 0x23, 0xBE, 0x3F, 0x49, 0x99, 0x76, 0x8C, 0x4D, 0xD3, 0xB8, 0x74, 0xEA,
    0x76, 0x38, 0x4B, 0xD6, 0x07, 0x93, 0x8D, 0xAF, 0x99, 0x39, 0xA1, 0x31, 0x08, 0x48, 0x69, 0x58,
    0x49, 0x6D, 0x58, 0x49, 0x71, 0x58, 0x49, 0x75, 0x58, 0x49, 0x79, 0x58, 0x49, 0x7D, 0x58, 0x49,
    0x81, 0x58, 0x6C, 0x98, 0x6A, 0x57, 0x88, 0x2F, 0xAC, 0x5C, 0x7A, 0x43, 0xF6, 0x0E, 0x59, 0x25,
    0xFE, 0x3F, 0x7E, 0x57, 0xFA, 0x2A, 0xD6, 0x31, 0xD8, 0x29, 0xDB, 0x5B, 0x93, 0xD8, 0xCE, 0xA0,
    0xE0, 0xF4, 0x7B, 0x82, 0xAC, 0x58, 0x9D, 0xCA, 0xC0, 0x0A, 0x76, 0xBB, 0x0E, 0x8B, 0xBE, 0x07,
    0x23, 0x40, 0x84, 0x91, 0xCC, 0x6F, 0x65, 0xAB, 0x1E, 0xED, 0xD1, 0xAA, 0xC7, 0x08, 0x0A, 0xE9,
    0xD8, 0xE9, 0xE6, 0xE9, 0xF4, 0x59, 0x85, 0x62, 0xC1, 0xDE, 0xAB, 0x2B, 0x93, 0x42, 0x7F, 0xD1,
    0x28, 0xE7, 0x4B, 0x6D, 0x1C, 0xD7, 0x60, 0xCA, 0x4D, 0x63, 0x0A, 0x7D, 0xDC, 0x90, 0x17, 0xC4,
    0xB8, 0xCF, 0x52, 0x02, 0xD4, 0xB3, 0xF4, 0xE8, 0x5C, 0x88, 0xC6, 0x08, 0x9B, 0xDC, 0x06, 0xB8,
    0xCA, 0xF9, 0x8A, 0x2A, 0xFE, 0x5B, 0x69, 0xFD, 0x6B, 0x25, 0x33, 0xBB, 0xEC, 0x20, 0x8E, 0x6A,
    0x51, 0xAD, 0x8D, 0x6D, 0x13, 0xB0, 0xDB, 0xD1, 0xF2, 0x8E, 0xA5, 0x52, 0x5B, 0x2A, 0x3F, 0xDF,
    0xA6, 0xF2, 0x2F, 0x86, 0x7F, 0x94, 0xA9, 0xB6, 0x27, 0x51, 0x79, 0xBA, 0x71, 0x80, 0xB7, 0x8E,
    0x1B, 0x07, 0x58, 0xEA, 0x4C, 0x0A, 0x6C, 0x53, 0xEC, 0x7F, 0x24, 0x9B, 0x78, 0xA1, 0x9A, 0x39,
    0xCC, 0x7D, 0x21, 0x53, 0xC9, 0xA3, 0x47, 0xB7, 0x6A, 0xE6, 0x10, 0xD2, 0x0F, 0x8D, 0xE4, 0xEC,
    0xF5, 0x4C, 0x99, 0x01, 0x02, 0x6E, 0x93, 0x28, 0xD3, 0x43, 0xA7, 0x1B, 0x95, 0x04, 0x9E, 0xB2,
    0x94, 0xC9, 0x04, 0xD3, 0x3F, 0x37, 0xB3, 0x09, 0x66, 0x38, 0x41, 0xA6, 0x13, 0x64, 0x22, 0x8E,
    0x21, 0x94, 0xD6, 0x60, 0x9C, 0xBF, 0xF4, 0xD6, 0x94, 0xF1, 0x11, 0x81, 0x5C, 0xD7, 0x20, 0xD6,
    0xA2, 0xC9, 0x7A, 0x82, 0x29, 0xF5, 0x88, 0x5F, 0xE1, 0xA2, 0x5D, 0x33, 0xB2, 0x70, 0x5C, 0x95,
    0xE7, 0x54, 0xB5, 0xFE, 0xD3, 0x0F, 0x3A, 0x48, 0x1B, 0x64, 0x92, 0x48, 0x4D, 0xA3, 0x24, 0xC3,
    0xCD, 0x02, 0xB9, 0x69, 0xA1, 0xBA, 0x69, 0x2F, 0x21, 0xDA, 0xEA, 0x25, 0x30, 0xEB, 0xB7, 0xE9,
    0x6D, 0x20, 0x89, 0xED, 0x0E, 0xC3, 0xEB, 0xB1, 0x84, 0xC1, 0x6D, 0x16, 0x3B, 0x20, 0xEC, 0x32,
    0x08, 0x2B, 0x26, 0x84, 0xDD, 0x62, 0xA7, 0x3F, 0x35, 0x23, 0x9F, 0xCD, 0x76, 0x63, 0x7E, 0xDD,
    0xCC, 0xA8, 0x6E, 0xB6, 0xD5, 0x57, 0xED, 0xE2, 0xCB, 0x66, 0x0E, 0x02, 0xBE, 0xD6, 0xDE, 0x3D,
    0xED, 0x7D, 0x58, 0xBA, 0xEF, 0x8C, 0x75, 0xD0, 0xE3, 0xE6, 0x37, 0xBE, 0x1A, 0x4A, 0x41, 0xF1,
    0x07, 0x5E, 0x4B, 0x45, 0x04, 0x81, 0x1C, 0x96, 0xEC, 0x40, 0x77, 0x1B, 0x02, 0x04, 0x85, 0xB9,
    0xC1, 0x36, 0xC8, 0xBF, 0xA4, 0x11, 0x97, 0xD2, 0xE6, 0x27, 0x15, 0xC4, 0x31, 0x87, 0x3B, 0x5D,
    0x05, 0xD1, 0x95, 0x30, 0x1D, 0xCB, 0xA0, 0xE2, 0xA1, 0xBA, 0xA3, 0x12, 0x8F, 0x51, 0xB5, 0xE2,
    0xC8, 0x6A, 0xCE, 0x52, 0x3E, 0xFC, 0x52, 0x4C, 0x7D, 0xC8, 0x26, 0xC3, 0x97, 0xC6, 0xE0, 0x6D,
    0x12, 0x6C, 0xAE, 0x7B, 0x4A, 0x8D, 0x06, 0xC7, 0x5C, 0xE0, 0x0D, 0x36, 0x9B, 0x98, 0x9C, 0x78,
    0x46, 0x0B, 0xDF, 0x65, 0x85, 0x9A, 0x63, 0x43, 0xDE, 0xD0, 0xA7, 0x51, 0xB9, 0xB8, 0x85, 0x83,
    0xBB, 0xDD, 0xFB, 0x1D, 0xAD, 0xC0, 0x1F, 0x1E, 0xAD, 0xBD, 0x1C, 0x78, 0xBA, 0xA8, 0x0E, 0x5C,
    0x9B, 0xF7, 0x1E, 0x0A, 0x7D, 0x37, 0x36, 0xF4, 0x39, 0x07, 0x2A, 0x95, 0x62, 0xD6, 0x35, 0xE2,
    0x6D, 0x75, 0x4B, 0xE8, 0xEB, 0x84, 0xBE, 0xC5, 0xEE, 0x11, 0x2A, 0x9F, 0x42, 0x1F, 0xF0, 0x55,
    0xF8, 0xC0, 0xDD, 0xD0, 0x37, 0x17, 0xFA, 0x22, 0xB1, 0x81, 0x28, 0x5F, 0x67, 0xFD, 0xA6, 0x1D,
    0x67, 0x8B, 0xD3, 0xC6, 0x97, 0x9F, 0x80, 0x07, 0x77, 0x74, 0xDB, 0x93, 0x9A, 0xC0, 0x99, 0xBD,
    0x24, 0xA0, 0xFE, 0xDC, 0x35, 0xF6, 0x1D, 0x48, 0x37, 0xB1, 0x33, 0x14, 0x8B, 0xB8, 0xC6, 0x16,
    0xA3, 0xB2, 0x12, 0xF8, 0x36, 0x87, 0x58, 0xD5, 0x45, 0x66, 0x57, 0xAA, 0x92, 0x4C, 0x76, 0x21,
    0x68, 0x21, 0x93, 0x4E, 0x48, 0xB0, 0x7E, 0x71, 0xE2, 0x6C, 0x47, 0x0A, 0x9E, 0x3F, 0x1B, 0x65,
    0x3D, 0x51, 0x06, 0x49, 0xE8, 0xC3, 0xC2, 0x3C, 0x60, 0x2D, 0x13, 0xC7, 0x11, 0x9B, 0x81, 0x44,
    0x79, 0x1D, 0x40, 0x3C, 0xBA, 0x6B, 0xDE, 0xAA, 0x51, 0x9B, 0x28, 0x64, 0xB5, 0x84, 0xEF, 0xD5,
    0x64, 0x34, 0xC6, 0x79, 0xA9, 0x9E, 0x92, 0x8D, 0xD6, 0xC8, 0x46, 0xB9, 0x18, 0x07, 0xCE, 0x16,
    0x52, 0xFD, 0x58, 0xE7, 0x79, 0x62, 0xCE, 0x36, 0xD4, 0x05, 0xA6, 0x02, 0xE2, 0xF7, 0xEA, 0x99,
    0x63, 0xA8, 0xB3, 0x33, 0x18, 0x43, 0x95, 0xE6, 0x86, 0xCC, 0xB7, 0xDB, 0x48, 0x61, 0x62, 0x84,
    0x70, 0x67, 0x8D, 0x20, 0xD9, 0xE0, 0xE8, 0x17, 0x9A, 0x65, 0x58, 0xFD, 0xA9, 0xA9, 0xF1, 0x8E,
    0x95, 0x4B, 0xAD, 0xEC, 0xC0, 0xF6, 0x98, 0xDF, 0x3C, 0x6F, 0x8E, 0x96, 0xBF, 0xD8, 0x28, 0xEA,
    0xA4, 0xB2, 0x47, 0x53, 0x7A, 0x45, 0x6C, 0xE8, 0xC0, 0x16, 0x86, 0x5F, 0x7C, 0x34, 0x62, 0x74,
    0xDB, 0xB7, 0xC4, 0xBC, 0x5D, 0xBF, 0x96, 0x29, 0x22, 0xF7, 0x91, 0x3A, 0xDF, 0x3C, 0x33, 0x5B,
    0x03, 0xEE, 0x6E, 0x44, 0x51, 0x7E, 0x69, 0x02, 0xEC, 0x51, 0x1E, 0xFC, 0xA7, 0xE5, 0x99, 0xB5,
    0xCD, 0x33, 0x8F, 0x16, 0x93, 0x9D, 0xFC, 0xF4, 0x11, 0x9A, 0x43, 0x05, 0xAC, 0x97, 0x3D, 0x5E,
    0xE1, 0xB4, 0xD8, 0xFA, 0xD9, 0x11, 0x7A, 0x49, 0x8C, 0x46, 0xC9, 0xD6, 0xAC, 0xA5, 0x42, 0x39,
    0xE1, 0x23, 0x1C, 0x75, 0xDA, 0xB9, 0xE8, 0xFE, 0xF1, 0xB9, 0xE8, 0xCF, 0x8E, 0x99, 0x8B, 0x1E,
    0x4A, 0x1A, 0x8C, 0x88, 0xDB, 0xC6, 0x86, 0x62, 0xA3, 0xEB, 0x06, 0x32, 0xD9, 0xC6, 0xA7, 0x0C,
    0x59, 0x3D, 0x36, 0x94, 0xF3, 0x2F, 0x5B, 0x43, 0x39, 0xDE, 0x13, 0x87, 0x72, 0xA2, 0x3A, 0x81,
    0x3D, 0xD4, 0x5B, 0x2F, 0xDE, 0xA5, 0x63, 0x46, 0x20, 0x43, 0x8B, 0xF4, 0x8D, 0xF3, 0x96, 0xFF,
    0x1F, 0xDB, 0x32, 0x15, 0x2C, 0x4C, 0x09, 0x8D, 0x40, 0x66, 0x23, 0xBB, 0x56, 0xC9, 0x1B, 0x17,
    0x2F, 0xAB, 0x3F, 0xA2, 0xB5, 0xDE, 0xC4, 0xD3, 0xAC, 0x3F, 0xD2, 0xE1, 0xD8, 0x4E, 0xF3, 0xB9,
    0xBE, 0xC8, 0xF2, 0x92, 0xBA, 0x01, 0x99, 0x22, 0x92, 0x71, 0x4A, 0x6F, 0xED, 0xB4, 0x4E, 0x38,
    0x66, 0x17, 0x90, 0xF2, 0xE8, 0x2E, 0x54, 0x29, 0xF4, 0xEA, 0x29, 0x18, 0x3D, 0x37, 0xF2, 0xB9,
    0x4F, 0xFC, 0x76, 0xA3, 0x76, 0x26, 0x3D, 0xD3, 0x93, 0x4D, 0x08, 0xCA, 0x66, 0x26, 0x1B, 0x92,
    0x41, 0x02, 0xE5, 0xFF, 0x4A, 0x72, 0x88, 0x1F, 0x09, 0x88, 0x90, 0x98, 0x5C, 0xC8, 0x91, 0xB7,
    0x0C, 0xFA, 0x5E, 0xCD, 0x37, 0x77, 0x82, 0xB2, 0x12, 0x6D, 0xE8, 0xE5, 0xF9, 0x4E, 0x9E, 0x6F,
    0x47, 0xBF, 0x2D, 0x83, 0xC7, 0x66, 0xE8, 0x98, 0xE5, 0x44, 0x69, 0xED, 0x49, 0xBD, 0x31, 0x38,
    0x7C, 0xBB, 0x57, 0xA6, 0xD9, 0xE7, 0x76, 0x41, 0x17, 0xD1, 0xF4, 0x35, 0xA9, 0x0C, 0xD5, 0xBB,
    0x8A, 0x93, 0x24, 0x07, 0x9C, 0x26, 0x1D, 0x98, 0x8A, 0x92, 0xA4, 0xC2, 0x93, 0x6B, 0x40, 0x42,
    0x8A, 0xDD, 0xB0, 0xFC, 0x4B, 0x50, 0xCD, 0x4A, 0x61, 0x04, 0xE8, 0x79, 0xC3, 0x34, 0x66, 0xF9,
    0x4A, 0x17, 0xDF, 0xE8, 0x92, 0x17, 0xBA, 0xEC, 0x50, 0xF7, 0x59, 0xBD, 0x39, 0xF3, 0x9A, 0x53,
    0x4A, 0x64, 0xDE, 0xC3, 0x9D, 0x9C, 0x96, 0x19, 0x5F, 0x0A, 0x39, 0xC9, 0x70, 0xC6, 0x25, 0xD8,
    0xA9, 0x4B, 0x11, 0xF9, 0x6C, 0x14, 0xF9, 0xB9, 0x0C, 0x63, 0x1A, 0xB3, 0x8D, 0xD4, 0xE4, 0x75,
    0xBF, 0x4B, 0xC3, 0x3F, 0xF3, 0x85, 0x99, 0x81, 0x63, 0x11, 0x19, 0x21, 0xCF, 0x2E, 0xE9, 0x62,
    0xDF, 0xC1, 0x61, 0x4D, 0x17, 0x80, 0x23, 0xCB, 0x19, 0xE9, 0xCD, 0x61, 0x51, 0x08, 0xCB, 0x1A,
    0x9B, 0xBC, 0x9A, 0xDF, 0x16, 0x26, 0x22, 0x67, 0x39, 0x40, 0xD2, 0x71, 0x3E, 0x4B, 0x98, 0xE1,
    0x55, 0xFB, 0x7E, 0x6B, 0xC7, 0x2D, 0x55, 0x07, 0xDE, 0xDC, 0x7E, 0x9F, 0xF2, 0x48, 0xA6, 0x0A,
    0x7A, 0x6E, 0x94, 0xC9, 0x64, 0xFE, 0x6D, 0xE0, 0xD5, 0xF5, 0x60, 0x85, 0x50, 0x2B, 0x32, 0x11,
    0x7A, 0x45, 0xEA, 0x70, 0xDF, 0x4B, 0x89, 0x2F, 0x0A, 0x44, 0xDB, 0xA0, 0x55, 0x29, 0xD0, 0xBD,
    0x19, 0x0E, 0x31, 0x39, 0x0C, 0x91, 0xD3, 0xDC, 0x54, 0x21, 0x52, 0xF5, 0xF8, 0x9F, 0x6F, 0x19,
    0x1F, 0x5E, 0x96, 0xCA, 0xE0, 0x3E, 0x6B, 0xC4, 0xE6, 0x7D, 0x84, 0xC9, 0x9F, 0x33, 0x46, 0x86,
    0xC1, 0xDF, 0x36, 0xE2, 0x67, 0x38, 0x0E, 0x31, 0xFE, 0x39, 0xAB, 0x97, 0xAC, 0x58, 0xA1, 0x3E,
    0x88, 0x73, 0x55, 0xED, 0x4C, 0x0E, 0xAC, 0x91, 0xE2, 0xBC, 0xF4, 0x53, 0x24, 0x44, 0x16, 0x62,
    0x6B, 0xEC, 0xA9, 0x18, 0xDF, 0x66, 0x7A, 0x98, 0xEF, 0x01, 0x35, 0x2C, 0xF1, 0xBD, 0xF8, 0x70,
    0xAC, 0x9B, 0xDA, 0xE2, 0x69, 0xA6, 0x4C, 0x8F, 0xCD, 0xD4, 0xEA, 0xF6, 0x47, 0x8F, 0x18, 0xCA,
    0x9B, 0x12, 0x92, 0x04, 0x18, 0xB3, 0xEA, 0xB7, 0xCB, 0x76, 0xBD, 0xFA, 0x3E, 0x21, 0x5D, 0x96,
    0xC7, 0xB5, 0xBC, 0x64, 0x8D, 0x10, 0x2E, 0xB5, 0x1B, 0xB8, 0x1A, 0xF6, 0x6E, 0x25, 0xB2, 0x45,
    0x6A, 0x3D, 0x37, 0xC2, 0xD8, 0x34, 0xB3, 0xE5, 0x13, 0x39, 0xCA, 0xF5, 0x50, 0xB1, 0xFD, 0xCC,
    0x90, 0xD6, 0xA4, 0xEA, 0xB6, 0xDB, 0x0B, 0x95, 0x36, 0x39, 0x23, 0x12, 0x1A, 0x86, 0xFC, 0x9B,
    0x78, 0x01, 0xD5, 0xB5, 0xED, 0xD5, 0x53, 0x4D, 0xA2, 0x18, 0xDD, 0xBA, 0x2D, 0x53, 0x54, 0xD1,
    0x37, 0xF3, 0xDE, 0x2C, 0x77, 0xA4, 0x4A, 0x4C, 0x6C, 0xF8, 0x64, 0x43, 0x34, 0xAD, 0xBC, 0x1A,
    0x49, 0xDF, 0xD0, 0x6C, 0xBD, 0xB7, 0x7F, 0x7E, 0xAF, 0x5E, 0xF1, 0xE5, 0x99, 0x2C, 0xAC, 0x65,
    0xBE, 0x6E, 0x6B, 0xAE, 0xEE, 0xC5, 0xC6, 0x84, 0x4F, 0x3D, 0xC2, 0x72, 0x5B, 0x14, 0xF9, 0x44,
    0x23, 0x2C, 0xC7, 0x51, 0xF3, 0x6C, 0x41, 0x9E, 0x35, 0x99, 0x4F, 0x13, 0xE4, 0x8B, 0x90, 0xCE,
    0xDF, 0x33, 0x10, 0xD2, 0x75, 0xBD, 0xB9, 0x71, 0x5D, 0x67, 0xF4, 0x86, 0x07, 0xA4, 0xE2, 0xB5,
    0x2B, 0xFE, 0x82, 0x0B, 0x23, 0x8B, 0xE7, 0x9B, 0x21, 0x05, 0x69, 0x1C, 0x70, 0xB1, 0xF5, 0x86,
    0x73, 0x7F, 0x17, 0x5C, 0x26, 0x4A, 0xCC, 0xEF, 0x31, 0x38, 0xEB, 0x01, 0x32, 0xF9, 0xDD, 0x1E,
    0xF2, 0xCB, 0x3D, 0xB6, 0x7E, 0xBB, 0xC7, 0xB9, 0xB2, 0x43, 0x4D, 0xA4, 0x22, 0xAE, 0xA5, 0x7E,
    0xC6, 0x2C, 0xA9, 0xE8, 0x1D, 0xBE, 0x27, 0x4D, 0x58, 0xB6, 0x10, 0x37, 0xCF, 0xFB, 0xEE, 0xF2,
    0xC6, 0xB7, 0xCE, 0xFF, 0xBD, 0x7D, 0x15, 0xFE, 0x9C, 0x3D, 0x05, 0x49, 0x39, 0x09, 0x37, 0x3A,
    0xA4, 0x3B, 0xEE, 0xAF, 0x89, 0x22, 0xDF, 0xD7, 0x13, 0x5E, 0x85, 0x59, 0xE1, 0x56, 0xD8, 0x15,
    0x7E, 0xCD, 0x94, 0x26, 0x39, 0x16, 0x96, 0x85, 0x67, 0x61, 0xDA, 0x70, 0x2D, 0x6C, 0x9B, 0x70,
    0xD7, 0xAE, 0x33, 0x7D, 0xD0, 0x42, 0xDE, 0x85, 0xF9, 0x91, 0x7B, 0xB1, 0x3A, 0x6D, 0xB1, 0xC5,
    0x38, 0x98, 0x7A, 0x26, 0x6F, 0xDE, 0xC1, 0x73, 0xC0, 0x5A, 0xBC, 0xDA, 0x34, 0x75, 0x9E, 0x77,
    0xA6, 0xFD, 0xB4, 0x6F, 0xDA, 0xCB, 0x0B, 0x3F, 0x63, 0x03, 0xA8, 0xDC, 0xB4, 0x8E, 0xC7, 0xF6,
    0xF1, 0xD6, 0x8B, 0x43, 0x38, 0xDA, 0xB8, 0xE6, 0x8B, 0x43, 0xF9, 0xE3, 0x2F, 0x0E, 0xB9, 0x26,
    0x89, 0x2C, 0x4D, 0x84, 0x50, 0x63, 0xC2, 0xC5, 0x54, 0x48, 0x6D, 0x25, 0x43, 0x63, 0x4A, 0xFC,
    0x8D, 0xBD, 0xF5, 0x26, 0x02, 0xF5, 0x7F, 0x4D, 0x1B, 0xD4, 0xD3, 0x5F, 0x6B, 0x71, 0xEA, 0xC9,
    0x79, 0xC2, 0x63, 0x6D, 0x2E, 0x8F, 0xFD, 0xC2, 0x87, 0xD9, 0x98, 0x8E, 0x73, 0x6E, 0xC9, 0xFE,
    0xAE, 0x94, 0xC5, 0x5A, 0xBF, 0xBA, 0xA3, 0xBD, 0x2C, 0x53, 0x02, 0x5C, 0xBF, 0xB6, 0x31, 0x36,
    0xFF, 0x6D, 0xC9, 0xE3, 0x62, 0x6B, 0x7F, 0x15, 0x8D, 0x8C, 0xC4, 0xD8, 0xB9, 0x2C, 0xAF, 0x34,
    0xEF, 0x9A, 0x2E, 0x94, 0xBF, 0x19, 0xCD, 0xC2, 0xC6, 0xB1, 0x73, 0x33, 0x1A, 0x5A, 0x1F, 0x98,
    0xE6, 0x07, 0x32, 0x03, 0x7F, 0x53, 0xFD, 0x5E, 0xCB, 0x42, 0x47, 0x96, 0x9F, 0xD9, 0x4B, 0xAF,
    0xEE, 0xA6, 0xCB, 0xD5, 0xF3, 0xD6, 0x62, 0x5D, 0x7D, 0x48, 0x8F, 0xBE, 0x1B, 0x12, 0x43, 0x44,
    0xF5, 0xA4, 0xCB, 0xB5, 0x47, 0x67, 0x52, 0x98, 0xC2, 0xD9, 0x1C, 0x6E, 0xE7, 0xEB, 0x5A, 0xF9,
    0x7C, 0xCB, 0x44, 0xD1, 0x61, 0xF4, 0xB6, 0x86, 0x99, 0xD8, 0x65, 0xC6, 0x0F, 0x56, 0x8B, 0x3A,
    0xC3, 0xFE, 0x94, 0x87, 0xD0, 0xF2, 0xA0, 0x5A, 0x6E, 0xF7, 0xA8, 0xB5, 0xEA, 0x1C, 0x13, 0x99,
    0x4A, 0xFA, 0x2C, 0xA6, 0xED, 0x3D, 0xE4, 0x63, 0xE4, 0x21, 0xA6, 0x9C, 0x39, 0x38, 0xE2, 0x74,
    0x47, 0x5F, 0xDC, 0xDD, 0xEA, 0xC5, 0xB1, 0x9C, 0xCC, 0x7A, 0xC0, 0x6E, 0x2B, 0x88, 0xF9, 0xBB,
    0xC3, 0x7F, 0xE5, 0xDE, 0x67, 0x38, 0xE7, 0xAB, 0xC0, 0xFD, 0xFC, 0x45, 0x2E, 0xF6, 0xFD, 0x95,
    0xFF, 0x07, 0x9D, 0x59, 0x4F, 0x8C, 0x24, 0xD7, 0x59, 0xFF, 0xAA, 0x9E, 0xBD, 0x2F, 0x4E, 0x69,
    0xFA, 0x2D, 0x92, 0x11, 0x96, 0x76, 0xBA, 0xCB, 0x07, 0x20, 0x0B, 0xF4, 0x76, 0xFB, 0xD0, 0xC6,
    0x6D, 0xBB, 0xBA, 0xFB, 0x2D, 0x06, 0x7C, 0x58, 0x09, 0xAF, 0xA2, 0xD8, 0x01, 0xAD, 0xF0, 0x5A,
    0x08, 0x4E, 0xB1, 0x3D, 0x0D, 0x1A, 0x87, 0xB1, 0xD4, 0x33, 0xFD, 0xCC, 0x06, 0x7C, 0xB0, 0x84,
    0xF7, 0x64, 0x23, 0x45, 0x04, 0x73, 0x32, 0x51, 0x82, 0xD2, 0x87, 0xB1, 0xD2, 0x81, 0x99, 0xED,
    0xB7, 0xE6, 0xE0, 0x43, 0x44, 0x5C, 0x04, 0x6D, 0x72, 0x88, 0xE2, 0x14, 0xD9, 0xB5, 0x82, 0x64,
    0xC0, 0x65, 0x53, 0x4E, 0x6A, 0xE3, 0x9E, 0x2E, 0x7E, 0xDF, 0xAB, 0xEA, 0x9E, 0x99, 0x95, 0xAD,
    0x00, 0xDB, 0x5D, 0xBD, 0x3D, 0xD5, 0xEF, 0xBD, 0xEF, 0xDF, 0xEF, 0xFB, 0x5B, 0x44, 0x03, 0x22,
    0x2A, 0x34, 0x79, 0x1F, 0x1A, 0x12, 0x6F, 0x18, 0x52, 0xCF, 0x5B, 0x0A, 0x85, 0xA5, 0x1E, 0xAE,
    0xA9, 0x88, 0xBD, 0xC5, 0x57, 0x12, 0x51, 0x14, 0x49, 0x60, 0xBD, 0x34, 0x24, 0x4A, 0x7B, 0x44,
    0x19, 0x91, 0x2C, 0x16, 0x44, 0xAA, 0x38, 0x20, 0xEA, 0xA7, 0xD8, 0xFE, 0x0F, 0x09, 0x91, 0x7F,
    0x3D, 0xC6, 0xFD, 0x7F, 0x2A, 0x12, 0x52, 0xB2, 0x88, 0xA9, 0x17, 0x58, 0xA2, 0x59, 0x61, 0xC8,
    0x2B, 0x70, 0xB8, 0xB4, 0x0A, 0xEB, 0x75, 0x58, 0xC4, 0x3D, 0x1A, 0x14, 0xD6, 0x9B, 0x99, 0x20,
    0xC3, 0xFE, 0x74, 0x76, 0x40, 0x8D, 0xB3, 0x8B, 0x8C, 0x59, 0x18, 0x1B, 0x1C, 0x0F, 0x66, 0xDA,
    0xF8, 0xEC, 0xDF, 0x3E, 0x27, 0xBF, 0x28, 0x8A, 0x8C, 0xC2, 0xA2, 0x58, 0x68, 0xDA, 0xA1, 0x3D,
    0xDC, 0x9D, 0x7A, 0x73, 0x7C, 0xEE, 0x05, 0x0B, 0xCF, 0xD2, 0xB8, 0xD8, 0x28, 0xC0, 0x67, 0x2E,
    0x6F, 0x32, 0xF7, 0xE0, 0xA3, 0x28, 0x8C, 0x97, 0x2A, 0xEB, 0x27, 0xD2, 0x8A, 0x38, 0x04, 0x91,
    0x22, 0xE5, 0x2B, 0x30, 0x2D, 0xD0, 0xC5, 0x8B, 0xA9, 0xD3, 0x98, 0xDA, 0x58, 0x3B, 0x00, 0x8F,
    0x74, 0xAA, 0xDC, 0x23, 0xB2, 0x80, 0x94, 0x21, 0x62, 0xDA, 0x7D, 0x5C, 0xBD, 0x23, 0xD7, 0x80,
    0x6E, 0xA3, 0xD0, 0x8E, 0x28, 0x28, 0x72, 0xF2, 0x66, 0x97, 0x49, 0x14, 0x37, 0x70, 0x15, 0x10,
    0x66, 0x6C, 0x02, 0x13, 0x58, 0xA5, 0x45, 0xCC, 0x57, 0x48, 0x22, 0x6E, 0xE3, 0x6E, 0x1F, 0x27,
    0xF5, 0xC0, 0xFF, 0xC8, 0x3B, 0x80, 0xE4, 0x29, 0x31, 0xE7, 0x54, 0xDC, 0x64, 0x0D, 0x18, 0x3F,
    0x0D, 0x13, 0x91, 0x88, 0x14, 0x0A, 0x05, 0x5F, 0xCF, 0xA5, 0xE3, 0xE2, 0x2C, 0x78, 0xF3, 0x53,
    0xEC, 0x4F, 0xC0, 0x9B, 0x0D, 0x69, 0x06, 0xDE, 0x72, 0xF0, 0x66, 0x1C, 0x0D, 0x01, 0x05, 0x4B,
    0x68, 0x30, 0x30, 0xAC, 0x37, 0xD6, 0x75, 0x0A, 0x5D, 0xA4, 0xD4, 0x3A, 0xC2, 0x5F, 0x44, 0xAC,
    0xE1, 0x04, 0x62, 0x40, 0xF3, 0xE3, 0xC4, 0x2F, 0xE6, 0xBE, 0xDE, 0x76, 0xB7, 0xF7, 0xF0, 0x27,
    0xCD, 0x0C, 0xC9, 0x84, 0xBC, 0x14, 0xEF, 0x5F, 0x91, 0x09, 0xB4, 0xCE, 0x22, 0x67, 0xEE, 0x95,
    0x7A, 0xA9, 0xCF, 0xEC, 0xC4, 0xC2, 0x4A, 0x1B, 0x18, 0x56, 0x10, 0xB9, 0x7F, 0x2D, 0x08, 0x5D,
    0x1D, 0x3D, 0x82, 0xC2, 0x89, 0x72, 0xDE, 0x82, 0x33, 0x7C, 0xBC, 0x13, 0xC8, 0x09, 0xA6, 0x9A,
    0xA1, 0x1E, 0x2C, 0x08, 0xF6, 0x83, 0xF4, 0x46, 0xD8, 0x6D, 0x92, 0xAF, 0xA7, 0x14, 0xBC, 0x08,
    0xE4, 0xEC, 0x83, 0x4F, 0x80, 0x23, 0x04, 0x24, 0x5A, 0xD8, 0xD8, 0xC3, 0x49, 0x11, 0x14, 0x1B,
    0x29, 0x4B, 0x5B, 0x22, 0xA1, 0xCC, 0xCB, 0x98, 0x35, 0x3E, 0x16, 0x5F, 0xC0, 0xD7, 0xFB, 0xE0,
    0xD9, 0x08, 0x08, 0x1D, 0xD3, 0xD8, 0xB2, 0xA8, 0x60, 0x43, 0x15, 0x79, 0x58, 0xF0, 0x4A, 0xD8,
    0x32, 0xA7, 0xB6, 0xC5, 0xCF, 0x63, 0x23, 0xE6, 0x40, 0xA8, 0xDC, 0xF3, 0xDF, 0x25, 0x35, 0x92,
    0x6F, 0x92, 0x3A, 0xA3, 0x1E, 0xA1, 0x46, 0xA3, 0xDD, 0xA0, 0x33, 0x8D, 0xD1, 0x19, 0x9C, 0x9F,
    0xF7, 0xF0, 0x91, 0x46, 0xB4, 0xA5, 0xE2, 0x88, 0xB2, 0xC0, 0x8C, 0x08, 0xE0, 0xCD, 0x85, 0x15,
    0x99, 0x34, 0x2A, 0x0D, 0xF4, 0x20, 0x55, 0x74, 0x33, 0x51, 0xE2, 0x87, 0x71, 0x43, 0x5D, 0xB2,
    0xAD, 0xBE, 0xB0, 0xBD, 0x5C, 0x9A, 0x41, 0x82, 0x5F, 0x8C, 0xA2, 0x2B, 0xA4, 0x68, 0x4E, 0x0D,
    0x60, 0x22, 0x67, 0x85, 0x6A, 0x91, 0x85, 0x16, 0x92, 0xB1, 0x5D, 0x93, 0x3E, 0xC4, 0xEE, 0xE1,
    0xFF, 0x08, 0xD2, 0xF6, 0x28, 0x80, 0x8D, 0x43, 0xDD, 0x36, 0x57, 0x80, 0x09, 0xA8, 0x05, 0xB6,
    0xA2, 0x0D, 0x68, 0x05, 0x98, 0x12, 0x97, 0xC7, 0xE4, 0x39, 0x24, 0x31, 0xEE, 0x83, 0x23, 0x96,
    0x0B, 0x81, 0xA2, 0x3E, 0xB5, 0xCF, 0x42, 0x18, 0xD8, 0xEA, 0x04, 0xFC, 0xC6, 0x77, 0xBE, 0x93,
    0xD0, 0x00, 0x78, 0x8E, 0x80, 0x97, 0x2D, 0x0A, 0xF4, 0x16, 0x38, 0xDE, 0x22, 0xDF, 0x46, 0xE4,
    0xC7, 0x2D, 0x5C, 0xAC, 0x59, 0x91, 0x41, 0x71, 0xC0, 0x02, 0xF3, 0xE5, 0x03, 0x4B, 0x6C, 0xFF,
    0xC1, 0xD9, 0x3D, 0x58, 0x26, 0xE4, 0x3D, 0x86, 0xF7, 0x44, 0xD5, 0x9E, 0x06, 0xDB, 0x86, 0xA5,
    0x76, 0xA8, 0x29, 0xFF, 0xFD, 0x2D, 0xF6, 0x0C, 0xC0, 0x67, 0x5B, 0xEF, 0x43, 0x91, 0x4A, 0x47,
    0x13, 0xAC, 0x3F, 0xE3, 0xC7, 0x91, 0xD4, 0xC9, 0x19, 0x2F, 0x81, 0x4E, 0xBA, 0x29, 0x1C, 0x33,
    0xF1, 0x73, 0x09, 0x03, 0xE0, 0x70, 0x79, 0x70, 0x9A, 0xF7, 0x79, 0xB3, 0x38, 0xC8, 0xD9, 0x10,
    0xB3, 0x02, 0x12, 0xCC, 0xB2, 0xD0, 0xDC, 0x06, 0x13, 0xB1, 0x4C, 0x6D, 0xC3, 0x14, 0xDA, 0xA0,
    0xE3, 0x3B, 0x3F, 0x80, 0x77, 0x82, 0x8F, 0x81, 0xDE, 0xC1, 0xBA, 0x11, 0x15, 0x90, 0x73, 0x5B,
    0x16, 0xCF, 0xCD, 0x41, 0xF5, 0x05, 0x1C, 0x17, 0xE4, 0x1E, 0x38, 0x00, 0x4A, 0x88, 0x75, 0xE9,
    0xA7, 0x40, 0x14, 0xEE, 0x7A, 0x90, 0x3C, 0xF8, 0x36, 0xB4, 0x01, 0x28, 0x44, 0x90, 0xA5, 0x7C,
    0xE5, 0xD4, 0x07, 0xC4, 0xDA, 0xF0, 0x69, 0x09, 0x94, 0x3A, 0x4B, 0xB0, 0x17, 0x64, 0x6D, 0xAD,
    0x2C, 0x7B, 0x47, 0x60, 0x5B, 0xA0, 0x77, 0x27, 0xDD, 0xAE, 0x4F, 0xD3, 0x09, 0x1D, 0x81, 0x5E,
    0x04, 0x2D, 0xF4, 0xF0, 0x1A, 0x9C, 0xCD, 0x9D, 0x36, 0x59, 0x43, 0xA2, 0x40, 0xAC, 0x9A, 0x4B,
    0xBB, 0x13, 0x98, 0xB6, 0xD2, 0x2D, 0xE5, 0xED, 0x01, 0x4B, 0xED, 0xC2, 0xF4, 0x9D, 0xC3, 0x38,
    0xC7, 0x60, 0x44, 0xD3, 0x09, 0xD6, 0x24, 0xAE, 0x03, 0x60, 0x1A, 0x2E, 0x89, 0xCB, 0x12, 0xB6,
    0x41, 0x09, 0x06, 0x3C, 0x68, 0xEA, 0x21, 0x5A, 0x65, 0x6C, 0xFE, 0x96, 0x73, 0xE9, 0x3E, 0x76,
    0x73, 0xF8, 0x08, 0x2C, 0x44, 0x8F, 0x4B, 0x48, 0x10, 0xC4, 0xF1, 0x8A, 0x39, 0xAB, 0x89, 0x06,
    0x3A, 0x83, 0x08, 0x29, 0xED, 0xC1, 0x51, 0xB6, 0x71, 0xE4, 0xE0, 0x1D, 0xF8, 0x49, 0xC1, 0xC7,
    0x15, 0x7A, 0xC6, 0x06, 0x64, 0x4F, 0x1D, 0x91, 0x43, 0x3E, 0x43, 0x1F, 0x4B, 0xD9, 0xA7, 0xD8,
    0xA3, 0x4A, 0xB3, 0xC5, 0xA5, 0xD9, 0x58, 0xC5, 0x4A, 0x73, 0xAC, 0x0C, 0x10, 0x0C, 0x21, 0x00,
    0x80, 0xD9, 0x83, 0x98, 0x11, 0xFC, 0x72, 0x84, 0x6F, 0x53, 0x7C, 0x9B, 0x3A, 0x65, 0x4D, 0x69,
    0xCF, 0x67, 0x11, 0x62, 0x0A, 0x16, 0xA5, 0xB1, 0x5D, 0x1C, 0xC4, 0xC7, 0x05, 0x0E, 0xB7, 0x2C,
    0x03, 0x1F, 0xEA, 0x88, 0x31, 0x71, 0x0E, 0x6F, 0x81, 0xBE, 0x49, 0xD2, 0x14, 0x99, 0x32, 0x9F,
    0x73, 0xA0, 0x3A, 0x28, 0x37, 0x6E, 0xA9, 0xCB, 0x44, 0xFB, 0xAA, 0xB8, 0x4C, 0xD1, 0xED, 0x1C,
    0xB5, 0x9C, 0x72, 0x4A, 0x76, 0x1D, 0xCE, 0xC0, 0xD9, 0x3E, 0xB3, 0x1A, 0x39, 0xBE, 0xB1, 0x78,
    0x42, 0x6A, 0xA1, 0x53, 0x2C, 0xE3, 0x75, 0xDE, 0xCC, 0x1E, 0xA5, 0x7E, 0x6A, 0x45, 0x3D, 0xA9,
    0xC4, 0x6D, 0xD0, 0x0D, 0x0A, 0xA8, 0xB8, 0xA1, 0xF4, 0x06, 0xFF, 0x36, 0x06, 0x65, 0x79, 0xA3,
    0xE2, 0xEC, 0x0C, 0x2E, 0x45, 0x0B, 0x1D, 0xE8, 0x62, 0xF1, 0x35, 0xED, 0xC1, 0xF5, 0xD8, 0x37,
    0x22, 0x50, 0xEC, 0x55, 0xA1, 0xB4, 0x05, 0xA9, 0x5B, 0x90, 0x37, 0x84, 0xBA, 0x14, 0x24, 0x52,
    0x1C, 0x24, 0x1E, 0x81, 0x2C, 0x88, 0x73, 0x12, 0xD9, 0x40, 0x82, 0x05, 0x26, 0x35, 0x42, 0xDC,
    0x0A, 0x01, 0x89, 0x19, 0x6C, 0x15, 0x01, 0x88, 0xD0, 0x16, 0x82, 0x45, 0x8E, 0x24, 0xF6, 0x4D,
    0xEC, 0x3C, 0x13, 0x9C, 0x7B, 0x28, 0xA1, 0x33, 0x61, 0xF0, 0xB0, 0xA5, 0x33, 0x3D, 0xF9, 0x88,
    0xA6, 0xFA, 0x96, 0xFC, 0x1B, 0xF0, 0x96, 0x0A, 0x88, 0x86, 0xC0, 0x8C, 0x93, 0x94, 0x15, 0x29,
    0x6B, 0x9F, 0x4F, 0x43, 0x00, 0xB6, 0x12, 0x17, 0xB9, 0x64, 0x04, 0xCC, 0x40, 0xD7, 0xCE, 0x38,
    0x47, 0xFF, 0x34, 0xE4, 0x82, 0xF1, 0x0C, 0xCE, 0x5F, 0x14, 0x2E, 0x5D, 0x71, 0x9E, 0x8C, 0x4B,
    0xA7, 0xDF, 0x2E, 0x0D, 0xBC, 0x5C, 0xC4, 0xB7, 0x0B, 0x4E, 0x5E, 0xFB, 0x2E, 0xAD, 0x94, 0xF6,
    0x68, 0x91, 0x06, 0x9F, 0x53, 0x44, 0x39, 0xDE, 0x76, 0x8A, 0xED, 0xD8, 0xE6, 0xA0, 0xB2, 0x20,
    0x2F, 0x6E, 0xEB, 0x2A, 0x78, 0xE0, 0xBA, 0x02, 0x31, 0x33, 0x66, 0xB0, 0xA4, 0xBF, 0x03, 0xFA,
    0xCC, 0x6F, 0x52, 0x9E, 0xB4, 0xE7, 0xAE, 0x93, 0xB4, 0xE3, 0xA5, 0x2E, 0xC0, 0x48, 0x87, 0x07,
    0xEC, 0xF7, 0xD9, 0xCF, 0x5C, 0x06, 0x9D, 0xE3, 0x07, 0xBE, 0x32, 0xE7, 0x27, 0x01, 0x67, 0x98,
    0x03, 0xA7, 0xBE, 0xBB, 0xC6, 0xB3, 0xDF, 0x1A, 0xCC, 0xD5, 0x22, 0x8C, 0xFD, 0xBC, 0x4C, 0x3A,
    0xC5, 0xF1, 0xA4, 0x53, 0x71, 0xDA, 0x3E, 0x92, 0x1C, 0xA3, 0x8A, 0x66, 0xEE, 0xC0, 0xC3, 0x77,
    0x40, 0xD0, 0x83, 0x55, 0xC5, 0x0F, 0xB0, 0xF1, 0x45, 0x6C, 0xC0, 0xCE, 0x5E, 0xA0, 0x91, 0xA7,
    0x91, 0x90, 0x91, 0x8C, 0x91, 0x90, 0x03, 0x2B, 0x5C, 0xB2, 0xEC, 0xC3, 0x56, 0xA0, 0x91, 0x72,
    0x3D, 0xC1, 0x69, 0x3A, 0x30, 0x7C, 0xFF, 0x10, 0xEF, 0x6D, 0x50, 0xEC, 0x3B, 0xB7, 0x6E, 0x81,
    0x4E, 0xCF, 0x05, 0x88, 0x1C, 0x3A, 0xFA, 0x5F, 0xBA, 0x75, 0x14, 0x4A, 0x1B, 0xB5, 0x11, 0x4B,
    0xFB, 0x8A, 0x76, 0xE1, 0xC2, 0x59, 0xD4, 0x80, 0x97, 0xF6, 0x28, 0x9B, 0x8E, 0x68, 0xFB, 0x26,
    0xE7, 0x4F, 0xE3, 0x4C, 0xB7, 0x74, 0x3B, 0x17, 0x29, 0x3D, 0xD8, 0x0F, 0x99, 0x13, 0x21, 0x6D,
    0x84, 0x1B, 0x53, 0x78, 0x09, 0xD4, 0x04, 0xA0, 0x37, 0xA0, 0xCF, 0x1E, 0x56, 0x8E, 0xCA, 0x10,
    0x21, 0x91, 0x2A, 0x07, 0x60, 0x75, 0xCB, 0x29, 0x27, 0x25, 0x80, 0x25, 0xE8, 0xD0, 0x5A, 0x87,
    0xBA, 0x5D, 0x9A, 0x34, 0xBD, 0xB8, 0x09, 0x06, 0x03, 0xDD, 0xAC, 0x53, 0xBD, 0x4B, 0x6B, 0x50,
    0x82, 0x4B, 0xC9, 0x8F, 0x42, 0x87, 0xEF, 0x80, 0x86, 0xF8, 0x16, 0xBB, 0x9F, 0x82, 0xD2, 0xB1,
    0x80, 0x68, 0xB3, 0xC9, 0x90, 0xC8, 0x39, 0x5C, 0x6F, 0xB2, 0x92, 0x5F, 0xFB, 0x0C, 0x63, 0x16,
    0x35, 0x46, 0x11, 0xFB, 0xD7, 0x76, 0x85, 0xE9, 0x0A, 0xD4, 0x06, 0x85, 0x51, 0x27, 0xE2, 0x35,
    0x4A, 0xD7, 0x71, 0x3C, 0x25, 0xBD, 0x0B, 0x16, 0x39, 0xD7, 0x5F, 0x2E, 0x90, 0x67, 0x91, 0xCF,
    0x0F, 0xD4, 0x85, 0xB8, 0x46, 0x49, 0x9D, 0xD2, 0xD5, 0x02, 0x8E, 0xAD, 0xFE, 0xB5, 0x3D, 0x12,
    0x06, 0xF9, 0x00, 0x35, 0x4F, 0x80, 0x17, 0xAA, 0x0B, 0xAA, 0xE1, 0x55, 0xA7, 0x26, 0x5E, 0x5B,
    0xD4, 0xBB, 0x80, 0x00, 0xE5, 0x6C, 0x96, 0xFB, 0xD7, 0xCE, 0x0B, 0x80, 0x41, 0x03, 0x13, 0xB6,
    0x46, 0xCC, 0xF7, 0x3A, 0x58, 0x84, 0x52, 0x1F, 0x45, 0x68, 0x01, 0xB5, 0x9C, 0x1E, 0xDD, 0x25,
    0xF8, 0x3B, 0x25, 0x5C, 0xD1, 0x21, 0x46, 0xF2, 0x1B, 0x55, 0x85, 0xFE, 0xF9, 0x0B, 0xC0, 0x3D,
    0x72, 0x5F, 0xE6, 0xBF, 0xFD, 0x34, 0xCC, 0x0D, 0x3F, 0xEE, 0x42, 0x2C, 0x95, 0x4F, 0x68, 0x77,
    0x42, 0x93, 0x4D, 0x4A, 0xFB, 0x8F, 0xC5, 0x00, 0xA2, 0x67, 0x7D, 0xBC, 0x84, 0x11, 0x46, 0x6A,
    0xA1, 0xC1, 0x0C, 0xF0, 0x55, 0x43, 0x44, 0x58, 0x03, 0x33, 0xEB, 0x8E, 0x9D, 0x08, 0x1B, 0xBB,
    0xD4, 0xA1, 0x4D, 0x50, 0xB3, 0xB4, 0xAD, 0xF1, 0x95, 0x86, 0x2E, 0x3E, 0xA2, 0x72, 0x89, 0x91,
    0xDB, 0x98, 0xDE, 0x2F, 0x5C, 0xA6, 0x71, 0x15, 0x35, 0x63, 0x9C, 0x59, 0xDD, 0x95, 0x60, 0x9B,
    0x70, 0x1C, 0xCE, 0xBA, 0x7F, 0x8B, 0xDA, 0xFC, 0x4B, 0x03, 0x3F, 0xED, 0x92, 0xF8, 0x33, 0xF0,
    0x7A, 0x0E, 0xBF, 0x02, 0x18, 0x0A, 0x7B, 0x6A, 0xB8, 0xEA, 0xF8, 0xDE, 0x44, 0x86, 0xEF, 0x02,
    0x98, 0x1D, 0x71, 0xE4, 0x14, 0xE1, 0x4E, 0x51, 0xD5, 0x41, 0x87, 0xC2, 0x83, 0x18, 0x80, 0x03,
    0xEB, 0x67, 0x34, 0x17, 0x53, 0xFF, 0xEF, 0xC4, 0x69, 0xD9, 0x91, 0xA7, 0xD7, 0xEE, 0xA9, 0xAD,
    0x9F, 0x1E, 0xAE, 0xAD, 0x0F, 0x5F, 0x59, 0x5F, 0x8F, 0x93, 0xAE, 0x32, 0x71, 0x47, 0x41, 0xC8,
    0x98, 0x62, 0x91, 0x7A, 0x56, 0xEC, 0xA2, 0x9C, 0x8A, 0x20, 0x68, 0x5D, 0x52, 0x4D, 0x05, 0xB4,
    0x26, 0x7F, 0x87, 0xD6, 0xC5, 0x3F, 0x53, 0xD3, 0xFB, 0x0F, 0x08, 0x39, 0x87, 0x60, 0x9C, 0xE1,
    0x51, 0x74, 0xA1, 0x76, 0x14, 0xBA, 0x6D, 0x25, 0xFD, 0x44, 0x07, 0xE2, 0xBB, 0xE5, 0xDA, 0x08,
    0x16, 0x4A, 0xD7, 0x90, 0xA7, 0xD7, 0xE1, 0x02, 0x4D, 0x80, 0xBE, 0x5B, 0x86, 0xE7, 0x8D, 0xD8,
    0x7F, 0x7B, 0xAA, 0xA8, 0xD9, 0x64, 0x64, 0xD5, 0x87, 0xB4, 0x3E, 0xA1, 0x68, 0x42, 0x9B, 0x9B,
    0x94, 0xF4, 0x2F, 0x18, 0xA4, 0x69, 0xB7, 0x20, 0x15, 0xA6, 0x23, 0xEC, 0xD0, 0xFB, 0x10, 0x79,
    0x59, 0xD7, 0x45, 0xDC, 0xA5, 0xA4, 0xEB, 0xC5, 0xBC, 0x80, 0xAB, 0xCF, 0xC4, 0xBF, 0x36, 0x15,
    0x06, 0x8C, 0x45, 0x81, 0x97, 0xA9, 0xC2, 0xD4, 0x96, 0x76, 0xEE, 0xBA, 0xB7, 0x83, 0x5D, 0xEE,
    0x16, 0x74, 0x03, 0xD4, 0xD0, 0x58, 0x00, 0x62, 0x20, 0x19, 0xE8, 0xAE, 0xB0, 0x5D, 0x3F, 0x99,
    0x15, 0xD9, 0xA3, 0x1F, 0x9C, 0x87, 0x45, 0xA8, 0xB4, 0xC8, 0x11, 0xF5, 0x2B, 0x0E, 0xF0, 0x24,
    0x89, 0x25, 0xA8, 0x31, 0xBA, 0xA3, 0x26, 0x75, 0x23, 0xDA, 0xEC, 0x32, 0x0A, 0x92, 0x8E, 0x6F,
    0x7B, 0x17, 0x35, 0x98, 0xDC, 0xE4, 0x0C, 0xBB, 0x29, 0x52, 0xA9, 0x3B, 0x12, 0x65, 0x47, 0xA7,
    0x36, 0xA9, 0x53, 0xA7, 0x39, 0x84, 0xE5, 0x3B, 0xC3, 0x09, 0x75, 0x26, 0xC3, 0x98, 0xEE, 0xB5,
    0x7F, 0x62, 0xE9, 0x3E, 0x73, 0x1F, 0x4A, 0x16, 0x72, 0x7E, 0xED, 0xAA, 0xDB, 0x58, 0x5C, 0x8B,
    0x6B, 0x9E, 0x6D, 0x82, 0x0F, 0x65, 0x3A, 0xBF, 0xA6, 0x7B, 0xD7, 0x75, 0xFB, 0x21, 0xFD, 0xC9,
    0xC0, 0xD6, 0xEE, 0x4F, 0xD6, 0xE2, 0x44, 0xE9, 0xA4, 0xC1, 0xBF, 0x9A, 0xDE, 0xD3, 0x34, 0xC8,
    0x8E, 0xAF, 0x0F, 0x56, 0xEB, 0x49, 0xE6, 0xA7, 0x92, 0xFA, 0xC5, 0xD7, 0x76, 0x49, 0x5E, 0x9D,
    0x00, 0x83, 0x06, 0x4C, 0x01, 0xAD, 0x44, 0xCF, 0x8E, 0x5F, 0xD6, 0xE1, 0xB7, 0x0F, 0x58, 0xA8,
    0x0A, 0x0D, 0xA5, 0x5C, 0xA1, 0x51, 0x9F, 0x47, 0x05, 0x96, 0x34, 0x28, 0x69, 0x7A, 0xB6, 0x8B,
    0xE3, 0x2F, 0x52, 0xC8, 0x08, 0x6C, 0x2E, 0xD5, 0xE6, 0x60, 0x7A, 0x65, 0x22, 0x5F, 0x4A, 0x6A,
    0x14, 0xBB, 0x35, 0x60, 0xD0, 0xF6, 0xFE, 0xD4, 0x84, 0x97, 0x8C, 0x37, 0xA3, 0xE0, 0x65, 0x5B,
    0x47, 0x7D, 0xB9, 0xA8, 0x34, 0xDC, 0xBA, 0x40, 0x30, 0xC4, 0x89, 0x03, 0xAA, 0x5D, 0x40, 0x66,
    0x34, 0x28, 0x0D, 0x5A, 0x0F, 0x9B, 0x6E, 0x40, 0xBD, 0xA7, 0x90, 0x7C, 0x38, 0xE5, 0x05, 0x8F,
    0x71, 0xBC, 0x45, 0x32, 0x6B, 0x69, 0x5E, 0xDF, 0xFB, 0x5D, 0xAE, 0xA3, 0x83, 0xFC, 0x8E, 0xC7,
    0xA9, 0x2E, 0x32, 0x6F, 0x97, 0xBA, 0x7F, 0xB4, 0x3B, 0x46, 0x89, 0x76, 0x59, 0x7C, 0xC7, 0x49,
    0xE7, 0xDB, 0xAE, 0xB4, 0xDD, 0xD0, 0xF4, 0xBE, 0xAE, 0xC3, 0x17, 0x2A, 0xE8, 0x3E, 0x33, 0x65,
    0x1F, 0x08, 0xDC, 0xAB, 0x06, 0x0F, 0x5B, 0x77, 0xDE, 0xC5, 0xFF, 0x76, 0xE1, 0xC1, 0x25, 0xDE,
    0x57, 0x90, 0x97, 0xC2, 0x06, 0x81, 0xAE, 0x45, 0x9C, 0x45, 0x00, 0xA8, 0x26, 0xDC, 0x10, 0x06,
    0x41, 0xA4, 0x08, 0x65, 0x5C, 0x7B, 0xF5, 0xCB, 0xA9, 0xBA, 0x94, 0xA0, 0x5A, 0xB6, 0x71, 0x5D,
    0x9E, 0xB5, 0xCD, 0x00, 0xE4, 0x6A, 0x00, 0xD8, 0x9A, 0x30, 0x0A, 0x8A, 0xFF, 0x7C, 0xA2, 0x2C,
    0x5A, 0x96, 0xA4, 0xEE, 0x39, 0xC1, 0x7D, 0xDB, 0x29, 0xB5, 0xA6, 0xC8, 0x1F, 0x71, 0xC3, 0x81,
    0x1C, 0x2C, 0x21, 0x3E, 0x7E, 0xA5, 0x18, 0xBF, 0x42, 0x7B, 0xAD, 0x8B, 0xDC, 0x2D, 0xC8, 0x9C,
    0xD6, 0x9E, 0x26, 0x06, 0xCD, 0xD2, 0x6D, 0x9F, 0x75, 0x2C, 0x23, 0xFF, 0x35, 0x2E, 0x52, 0x57,
    0xEA, 0x09, 0x18, 0xF3, 0xE8, 0x4E, 0x32, 0xBC, 0x4B, 0xEA, 0xD6, 0xD3, 0xBC, 0xCB, 0xBF, 0x94,
    0x8A, 0xBF, 0x9E, 0x8A, 0x34, 0x82, 0x82, 0x25, 0x75, 0x02, 0x4A, 0xD5, 0xCB, 0xB6, 0x76, 0xE5,
    0x18, 0x80, 0x85, 0x06, 0x00, 0x69, 0x96, 0xB5, 0xCE, 0x97, 0x01, 0xA5, 0x43, 0xF7, 0x9B, 0xB6,
    0x81, 0x96, 0x22, 0x8E, 0xA5, 0x7A, 0x53, 0xD2, 0x04, 0x11, 0xBD, 0x4F, 0xEF, 0xBD, 0x45, 0x3B,
    0x35, 0x24, 0x5D, 0x5A, 0x9C, 0x47, 0xA1, 0x62, 0xB8, 0xB6, 0xA9, 0xF1, 0xEE, 0xCB, 0xBE, 0x2D,
    0x5E, 0xB6, 0xB7, 0xCF, 0x74, 0x53, 0x7A, 0x87, 0xE2, 0xD6, 0xA5, 0x1E, 0x46, 0x8A, 0x26, 0xF3,
    0x01, 0xFD, 0xE4, 0xEF, 0xDF, 0xA1, 0x6D, 0x94, 0x1D, 0x93, 0xDA, 0xB0, 0xBE, 0x19, 0x75, 0x86,
    0x9D, 0xF8, 0x3E, 0x33, 0x60, 0xED, 0x86, 0x86, 0xE0, 0x5D, 0x45, 0xCA, 0x71, 0x17, 0x07, 0xEE,
    0xD3, 0xA7, 0xDE, 0xFD, 0xCC, 0x8E, 0xCF, 0x48, 0xA1, 0x20, 0xA1, 0xDE, 0x16, 0x4D, 0x22, 0x07,
    0x8F, 0x8E, 0x7F, 0x35, 0x11, 0x2F, 0x5A, 0xF1, 0xDB, 0x29, 0x78, 0x09, 0x70, 0x0E, 0x25, 0xEA,
    0xB3, 0xB6, 0xB1, 0x38, 0x44, 0x13, 0x12, 0xC1, 0x26, 0x5C, 0x50, 0xEA, 0x66, 0x40, 0xF5, 0x35,
    0x84, 0x03, 0x5A, 0x1B, 0x92, 0x8A, 0x5D, 0x47, 0xB4, 0x8C, 0x4C, 0xA5, 0x39, 0xB9, 0x48, 0x78,
    0xFB, 0x09, 0x04, 0x47, 0x8E, 0x87, 0xDB, 0x4E, 0xDD, 0x97, 0x6C, 0x1D, 0xC2, 0x3A, 0x63, 0xAC,
    0x14, 0xC7, 0x2C, 0x3C, 0x92, 0xF4, 0xEA, 0xA3, 0x49, 0xB3, 0x91, 0x74, 0x6B, 0x49, 0xA7, 0x9E,
    0x0E, 0xA3, 0x9D, 0x1F, 0xA7, 0x01, 0xCA, 0xE4, 0x55, 0xFC, 0x43, 0xD3, 0xA5, 0xBB, 0x27, 0xE2,
    0x4D, 0x9A, 0x24, 0x04, 0xF7, 0x7B, 0x50, 0x73, 0x3E, 0x45, 0x2E, 0xFC, 0x2A, 0x29, 0xE0, 0x67,
    0x0D, 0x4E, 0x02, 0xAB, 0x98, 0xC0, 0x15, 0x02, 0x54, 0x05, 0x6D, 0x0E, 0xD8, 0xD8, 0xE0, 0x5E,
    0x81, 0xD2, 0xC1, 0x83, 0x26, 0xF8, 0x57, 0x73, 0x0B, 0x9B, 0x90, 0x09, 0x1C, 0xAD, 0x2C, 0x00,
    0xB3, 0x0D, 0x43, 0x9A, 0x0C, 0xE8, 0xB5, 0xEF, 0x51, 0x3F, 0xC0, 0xA9, 0x9D, 0x5A, 0x67, 0xBD,
    0xDB, 0xED, 0x4E, 0xBA, 0xF1, 0x83, 0xA5, 0x22, 0x99, 0x5B, 0xD4, 0x69, 0x23, 0x1A, 0x36, 0x39,
    0xE5, 0xC5, 0x5D, 0xEF, 0x6A, 0xE2, 0x7F, 0xD3, 0x8A, 0xBF, 0x48, 0x85, 0xDE, 0x95, 0xB4, 0x89,
    0x03, 0x00, 0x39, 0xF5, 0xC5, 0x4A, 0x67, 0xD1, 0xD2, 0xF4, 0x80, 0x45, 0x5D, 0x58, 0x98, 0xAB,
    0x06, 0x26, 0xD7, 0x28, 0x68, 0x52, 0x30, 0x24, 0x74, 0x33, 0xD2, 0x54, 0x28, 0x5B, 0x73, 0x5C,
    0xA1, 0xF1, 0xF7, 0x7F, 0x64, 0xE5, 0xD9, 0x38, 0x20, 0x38, 0x50, 0xCC, 0xBC, 0x09, 0x33, 0xD8,
    0xA0, 0x07, 0x38, 0x34, 0x71, 0x82, 0x9B, 0x38, 0x6D, 0x3A, 0x98, 0xBE, 0xB9, 0x4F, 0x8D, 0x35,
    0xB4, 0x46, 0xEB, 0xA0, 0x09, 0x63, 0x4C, 0xBA, 0x35, 0xDA, 0xEA, 0x34, 0x69, 0xF0, 0x53, 0xFC,
    0x56, 0x98, 0x72, 0x1D, 0x50, 0xCE, 0x06, 0x80, 0x16, 0xE1, 0x50, 0x4D, 0x3F, 0xED, 0xD2, 0x70,
    0x93, 0x3A, 0x09, 0x3D, 0x60, 0xB9, 0x56, 0xEA, 0x71, 0x41, 0xE2, 0x7F, 0x9F, 0x10, 0xFE, 0xD7,
    0x02, 0x8A, 0xA4, 0xE9, 0x78, 0x28, 0x73, 0xD4, 0xB9, 0x9C, 0x73, 0x31, 0xF2, 0x26, 0x4A, 0x9D,
    0x2C, 0x44, 0x71, 0x8F, 0x30, 0xA3, 0xB9, 0xC8, 0xDD, 0x80, 0x3C, 0x48, 0xE7, 0x88, 0xF9, 0x63,
    0xE0, 0x68, 0x4A, 0x5C, 0x98, 0xE7, 0x5C, 0xA2, 0x51, 0xA6, 0xC6, 0xE8, 0x1E, 0xE7, 0xFD, 0xD0,
    0x3C, 0x09, 0x7C, 0x07, 0x5C, 0xC5, 0x19, 0x0F, 0x95, 0x3A, 0xFD, 0xE1, 0x61, 0x33, 0x11, 0x64,
    0x43, 0x6A, 0xE7, 0xAF, 0xD0, 0xBD, 0x48, 0xA0, 0x7F, 0xF0, 0xD3, 0xB2, 0x1C, 0x16, 0xF1, 0x15,
    0x12, 0x6F, 0x14, 0x46, 0xBE, 0xA5, 0x6C, 0x90, 0x73, 0x8F, 0x87, 0x42, 0x0B, 0x45, 0x58, 0x88,
    0x12, 0xA7, 0x05, 0x9B, 0x97, 0x4D, 0x45, 0x0F, 0x45, 0x63, 0xEE, 0x68, 0x96, 0x45, 0x23, 0x9D,
    0x5E, 0x96, 0x74, 0xCE, 0x24, 0xC1, 0x1C, 0x22, 0xB6, 0x17, 0x90, 0xB1, 0x83, 0xC2, 0x9C, 0x9E,
    0x70, 0xFD, 0x02, 0xA4, 0x3F, 0xF5, 0x41, 0x5A, 0xCE, 0x1D, 0xFC, 0xEC, 0x14, 0x22, 0x0E, 0x8E,
    0x85, 0x5C, 0x92, 0x25, 0x47, 0x69, 0xC4, 0x8D, 0x92, 0x6B, 0x6A, 0x21, 0xCD, 0x0C, 0xE7, 0xA0,
    0x0A, 0x87, 0xC9, 0x51, 0x6B, 0xB7, 0x0F, 0x42, 0x76, 0x0A, 0x2E, 0x27, 0xD1, 0xD0, 0xBB, 0x74,
    0x2F, 0x63, 0xBD, 0x2A, 0x33, 0xAB, 0xB9, 0x86, 0x44, 0xCD, 0xC1, 0x45, 0xEB, 0xD1, 0x6E, 0x29,
    0x78, 0x2F, 0x46, 0xF1, 0x6A, 0xE8, 0xD7, 0x17, 0xC7, 0x3B, 0x26, 0x6E, 0x45, 0xF9, 0x7F, 0x2F,
    0xD9, 0xF1, 0x0E, 0xC8, 0x7B, 0xBF, 0x78, 0xBE, 0x20, 0xEF, 0x47, 0x2F, 0x7C, 0xA9, 0x8D, 0x88,
    0x2A, 0x73, 0x84, 0xA3, 0x79, 0x90, 0x42, 0xD5, 0x8B, 0x47, 0xE2, 0xD6, 0xF9, 0x41, 0x51, 0xBC,
    0xDD, 0x8F, 0xBF, 0xFE, 0x1D, 0x74, 0x63, 0xF6, 0x9C, 0x09, 0x2F, 0x2C, 0x5C, 0x77, 0x35, 0x75,
    0xFD, 0x15, 0x7F, 0x46, 0x20, 0x14, 0x82, 0x28, 0xCF, 0x3A, 0xDA, 0x16, 0x1F, 0xDC, 0xA8, 0x5E,
    0x7F, 0x3D, 0x25, 0xF0, 0x9F, 0x71, 0xBD, 0x8D, 0x8A, 0x2F, 0xF3, 0xDE, 0xA3, 0x70, 0xF1, 0xE9,
    0x0F, 0x79, 0xB6, 0x74, 0x40, 0x5F, 0xF9, 0xF3, 0xAF, 0x65, 0xDC, 0x2E, 0x54, 0xC2, 0xBB, 0x8F,
    0xD0, 0x95, 0x94, 0xA8, 0x53, 0xDD, 0x20, 0x0C, 0xCE, 0xF5, 0xE2, 0x39, 0x7C, 0xEC, 0x81, 0xC9,
    0x80, 0xBB, 0x4C, 0x15, 0xF3, 0x07, 0xB7, 0xD0, 0x61, 0xA9, 0x2F, 0x65, 0xCA, 0x79, 0xD7, 0xC0,
    0xA2, 0x80, 0xE5, 0x06, 0x9C, 0xF6, 0x66, 0x08, 0xCE, 0xF9, 0xB0, 0x2A, 0x20, 0xEF, 0x65, 0xBD,
    0x73, 0x1F, 0xE1, 0xE4, 0x2E, 0x3F, 0x68, 0x84, 0x46, 0x64, 0x0B, 0xD9, 0xE0, 0xD9, 0xEB, 0x09,
    0xFD, 0x23, 0x4A, 0x9D, 0x19, 0x5B, 0x6A, 0x02, 0x0D, 0xC5, 0xF4, 0xC7, 0xDC, 0x40, 0x25, 0x47,
    0xB4, 0xB3, 0x1C, 0x07, 0x20, 0xF6, 0xB6, 0x17, 0xD4, 0xBB, 0xA3, 0x1C, 0xBD, 0x84, 0x69, 0x3C,
    0x28, 0xEC, 0xF5, 0x05, 0xAF, 0xC3, 0x12, 0x59, 0x8E, 0x5E, 0x00, 0xED, 0xB6, 0x9B, 0x55, 0x01,
    0x41, 0xF5, 0x72, 0x7B, 0xC6, 0xC5, 0x41, 0x0D, 0xE5, 0xF7, 0x9C, 0xA4, 0xE4, 0x82, 0x7F, 0x0E,
    0x88, 0xEC, 0xA1, 0xE3, 0xCE, 0xDC, 0x2C, 0xC2, 0x2F, 0x4A, 0xE3, 0x85, 0xCE, 0x7C, 0x3D, 0x18,
    0x6E, 0xCE, 0x10, 0x75, 0x34, 0x64, 0x3A, 0x54, 0x59, 0xF2, 0xAB, 0x85, 0xBD, 0xAF, 0xD0, 0x25,
    0x19, 0x91, 0x18, 0x01, 0x9D, 0x2C, 0x34, 0x77, 0x57, 0x82, 0x7B, 0x41, 0x67, 0xF4, 0xA9, 0x93,
    0xCB, 0x2B, 0xBE, 0x05, 0xDB, 0xCF, 0xA9, 0x36, 0x4E, 0x9D, 0xC0, 0x4C, 0x5E, 0xA1, 0x9F, 0x1C,
    0xE0, 0xDE, 0x13, 0xDC, 0xE8, 0x95, 0x73, 0x09, 0x78, 0x35, 0x77, 0xEE, 0xFA, 0x15, 0xD7, 0x82,
    0xB8, 0x2E, 0x1A, 0x9E, 0xFD, 0x43, 0x9C, 0xF7, 0xBD, 0xE7, 0x63, 0xF1, 0x9F, 0xE8, 0x35, 0x32,
    0x91, 0x04, 0x71, 0x39, 0x98, 0x42, 0x6C, 0x32, 0x5C, 0xFC, 0x86, 0x3C, 0x7E, 0xF1, 0x72, 0x37,
    0xF6, 0xE3, 0x2E, 0x0B, 0x71, 0xBD, 0x0A, 0xC1, 0x45, 0x19, 0x09, 0x38, 0x47, 0x75, 0x24, 0xCF,
    0x4A, 0xD8, 0x1B, 0x20, 0xF4, 0x8E, 0x5E, 0x31, 0x81, 0x40, 0x52, 0x1A, 0x35, 0x2E, 0xBB, 0xB0,
    0xF1, 0x01, 0x04, 0x19, 0xB0, 0x23, 0x1B, 0x1E, 0x07, 0x45, 0xE5, 0x85, 0xEF, 0x0A, 0x3D, 0xD7,
    0x36, 0x1A, 0xAC, 0x6A, 0x2C, 0x44, 0x74, 0xD7, 0xED, 0xCE, 0x9B, 0xEA, 0xCE, 0x9D, 0x5C, 0x88,
    0x1B, 0xA5, 0xCC, 0xF3, 0x76, 0xCC, 0x87, 0x43, 0x14, 0x88, 0x5D, 0x38, 0x5B, 0x1D, 0xB0, 0x3B,
    0x5D, 0xCD, 0xC7, 0x7A, 0x56, 0xBC, 0xFE, 0x7E, 0xC1, 0x5D, 0xD1, 0x87, 0x0F, 0xA1, 0xB4, 0x91,
    0x07, 0x6E, 0x34, 0x98, 0xF9, 0x70, 0x9A, 0x76, 0x22, 0xE2, 0x16, 0x8D, 0xE1, 0x6B, 0x3D, 0x9E,
    0x84, 0xD9, 0x9E, 0xFF, 0x03, 0x50, 0x8D, 0xE4, 0x45, 0x40, 0xB0, 0x1F, 0xF2, 0x88, 0x73, 0x30,
    0x67, 0x1E, 0x54, 0xCE, 0xA3, 0x11, 0x4A, 0x68, 0xF5, 0x4F, 0x70, 0xBB, 0x95, 0x56, 0x7D, 0x92,
    0x9B, 0xE9, 0x85, 0x85, 0xF5, 0xCA, 0x99, 0x9E, 0x1B, 0xE8, 0x41, 0xA2, 0xD9, 0x7C, 0x39, 0x91,
    0x4B, 0xAB, 0xFB, 0x68, 0xD3, 0x67, 0xC5, 0x21, 0x32, 0xD4, 0x55, 0x2D, 0x0B, 0xED, 0x2D, 0xD8,
    0x3B, 0x4C, 0xE9, 0x1D, 0xFE, 0x51, 0xEF, 0xC8, 0x00, 0x3F, 0x00, 0x07, 0x8E, 0xC1, 0x53, 0x4B,
    0xF4, 0x58, 0x90, 0x81, 0xA1, 0x0E, 0xA8, 0xAA, 0xA4, 0x4D, 0xAE, 0x07, 0xA5, 0x16, 0x92, 0xFD,
    0x61, 0x74, 0x29, 0x3F, 0xDC, 0x94, 0x61, 0xBA, 0xFA, 0xC0, 0x41, 0x7B, 0x60, 0x63, 0x0A, 0x26,
    0xB2, 0xB2, 0xEF, 0xE2, 0x69, 0x69, 0x71, 0x80, 0x6B, 0xEE, 0x9A, 0x45, 0x9E, 0xBA, 0x22, 0x6A,
    0x06, 0xF1, 0xD8, 0xA1, 0x92, 0x66, 0x10, 0x61, 0xEE, 0x2D, 0xE4, 0xDC, 0x3F, 0xA0, 0x09, 0x9A,
    0x8D, 0xD8, 0x43, 0xA4, 0xA3, 0x74, 0x8C, 0x3D, 0x7C, 0x21, 0x08, 0x40, 0x85, 0x0C, 0x05, 0xEC,
    0x5C, 0xED, 0xB9, 0x5C, 0x52, 0xCB, 0x0F, 0x87, 0x31, 0xC7, 0x07, 0x32, 0x3F, 0x2B, 0x76, 0xAA,
    0x2A, 0x76, 0xCE, 0xA1, 0xA6, 0x1C, 0xB1, 0x13, 0x3D, 0x12, 0x27, 0x90, 0x65, 0x66, 0xF8, 0x34,
    0xC4, 0xE4, 0xA9, 0x48, 0x7F, 0xD5, 0x21, 0x2F, 0xC7, 0x3F, 0x7B, 0xC7, 0x46, 0x40, 0x1C, 0x47,
    0x11, 0x46, 0x39, 0x8A, 0xBA, 0x06, 0x19, 0xE7, 0xB7, 0x4B, 0x28, 0x69, 0x04, 0x50, 0xCD, 0xF1,
    0x93, 0xC3, 0x27, 0x47, 0x4F, 0x04, 0xCF, 0x18, 0xB1, 0x13, 0x07, 0xFB, 0x95, 0x5B, 0xA3, 0xE6,
    0xF2, 0xCE, 0x71, 0x93, 0x5F, 0x09, 0xF2, 0x7F, 0x0B, 0xA9, 0x4B, 0x79, 0xBD, 0xE4, 0x96, 0x90,
    0x0A, 0xF5, 0x08, 0x3E, 0x8E, 0x9B, 0x8F, 0xCD, 0x52, 0xAC, 0x93, 0x29, 0x07, 0x28, 0x37, 0x52,
    0xC0, 0x62, 0x4E, 0x3E, 0xEC, 0xFB, 0xB4, 0xED, 0x33, 0x56, 0x1C, 0x84, 0xDC, 0x54, 0x98, 0xED,
    0xAD, 0xD9, 0xDE, 0x14, 0x72, 0x7C, 0x1B, 0x18, 0x7C, 0xBC, 0x5B, 0xA4, 0xEA, 0xF9, 0x37, 0x8B,
    0x44, 0x2D, 0x42, 0x8A, 0xFD, 0xAC, 0xC5, 0x39, 0xB3, 0xC7, 0x12, 0x44, 0x0F, 0xC3, 0x45, 0xF2,
    0x82, 0xCE, 0xC8, 0x74, 0x9F, 0x9F, 0x07, 0x10, 0xD7, 0xC7, 0x47, 0x66, 0x64, 0x4B, 0x36, 0x8F,
    0xCD, 0xCA, 0x78, 0x24, 0xCB, 0xA3, 0xC7, 0xFD, 0xC3, 0x81, 0x33, 0x3C, 0x47, 0x5D, 0x29, 0x47,
    0x0E, 0xAD, 0x80, 0x1F, 0x59, 0xC4, 0x50, 0x59, 0x8A, 0x63, 0x16, 0x38, 0xA2, 0xA0, 0x52, 0x0F,
    0x35, 0x57, 0xBA, 0xD0, 0x6D, 0xDC, 0x0E, 0x42, 0x36, 0x2E, 0x51, 0x43, 0xBC, 0x5A, 0x6E, 0xB8,
    0xC4, 0x13, 0xC8, 0x69, 0x35, 0x11, 0x4F, 0x57, 0x13, 0x71, 0x7E, 0x65, 0xE8, 0x1D, 0x27, 0xA0,
    0x9E, 0xFC, 0x86, 0x9D, 0x99, 0x3E, 0xC9, 0xE7, 0x72, 0x91, 0xC9, 0x37, 0x16, 0xE1, 0x5C, 0x7E,
    0xA9, 0xB5, 0xB5, 0x17, 0x4C, 0x1B, 0x49, 0x14, 0x20, 0x57, 0x8C, 0x94, 0x6D, 0xEB, 0xA9, 0xC2,
    0x8A, 0x8C, 0x73, 0x6A, 0xDA, 0xA2, 0x91, 0x97, 0x22, 0xA9, 0xF0, 0xC0, 0x2C, 0xE3, 0x8F, 0x54,
    0xCC, 0x71, 0x47, 0xCC, 0x57, 0x98, 0x77, 0x8D, 0x1D, 0x2B, 0x97, 0x35, 0xCB, 0xB3, 0x6F, 0xAE,
    0x23, 0xA5, 0x9D, 0xB9, 0x9C, 0x21, 0x5F, 0x04, 0x69, 0x64, 0x0C, 0x24, 0x0C, 0xAB, 0x62, 0xE9,
    0x10, 0x1F, 0x52, 0xF9, 0x14, 0xA3, 0x44, 0x1E, 0x53, 0x09, 0x93, 0x11, 0x85, 0x55, 0x01, 0xE2,
    0x97, 0x68, 0xA0, 0x43, 0x34, 0xB0, 0x93, 0xB2, 0x8F, 0xB2, 0x8B, 0xB2, 0x87, 0xB2, 0x83, 0x0A,
    0x78, 0x14, 0x2A, 0x83, 0x94, 0xBD, 0x93, 0x9D, 0xD3, 0x79, 0x52, 0xD2, 0xD6, 0x3C, 0xC1, 0x6D,
    0xB5, 0xDF, 0x82, 0x26, 0x6A, 0x38, 0x17, 0xFD, 0x1B, 0xF7, 0x9E, 0x9F, 0xD8, 0xA2, 0x69, 0x08,
    0x37, 0x0C, 0x40, 0x22, 0x82, 0x5E, 0xA3, 0x41, 0x42, 0xD1, 0xFB, 0x29, 0xED, 0x5C, 0x45, 0x64,
    0x40, 0x01, 0xBD, 0xEF, 0x52, 0x81, 0x33, 0xCF, 0xCA, 0x6B, 0x92, 0x23, 0xE8, 0x41, 0x3D, 0xCB,
    0x5D, 0x3C, 0xA3, 0xE7, 0xE7, 0x70, 0x7F, 0x5C, 0x4D, 0xAE, 0x3E, 0x32, 0xBF, 0x2C, 0x2A, 0x1D,
    0x70, 0x70, 0x5D, 0xE5, 0x97, 0x39, 0x30, 0x86, 0xC0, 0x52, 0xA4, 0x74, 0xAC, 0xDE, 0x7A, 0x08,
    0x9B, 0x38, 0xB8, 0xEE, 0xB8, 0x7A, 0xF1, 0x06, 0xB9, 0xB1, 0x40, 0x7E, 0x77, 0xC9, 0x40, 0x95,
    0xEB, 0x96, 0x17, 0x8F, 0x69, 0x3E, 0xEA, 0x52, 0x7A, 0xF9, 0x40, 0xA5, 0x9C, 0xDD, 0x2A, 0xDD,
    0x81, 0x5A, 0x51, 0x6B, 0x83, 0xDB, 0x10, 0xDC, 0xF6, 0x06, 0xF6, 0xEE, 0xBD, 0x36, 0xCD, 0x52,
    0xE7, 0x53, 0x3C, 0x68, 0x1D, 0x51, 0x8E, 0xC2, 0x20, 0xF2, 0xD0, 0x83, 0xC4, 0x91, 0xB4, 0xE8,
    0x09, 0xA2, 0x16, 0x45, 0x23, 0x8A, 0x52, 0x66, 0x7C, 0xF0, 0xEF, 0x34, 0x98, 0x2F, 0x2B, 0xD2,
    0x4D, 0xB6, 0x29, 0x94, 0x15, 0xF2, 0xA3, 0x17, 0x11, 0xFB, 0x50, 0x37, 0xE5, 0x88, 0x9F, 0x23,
    0xAE, 0x0A, 0x01, 0xEE, 0x76, 0x79, 0x2A, 0x67, 0x08, 0xF9, 0x86, 0x75, 0x13, 0x4D, 0x1E, 0x7B,
    0x8F, 0xA0, 0x85, 0x3D, 0x87, 0xD7, 0xDA, 0x2D, 0x78, 0xCD, 0x5C, 0xE6, 0xF9, 0xA8, 0x8C, 0xE9,
    0x32, 0x53, 0x58, 0xFA, 0xCC, 0xF1, 0x8C, 0x79, 0x50, 0x65, 0xCC, 0xEE, 0xA1, 0x1F, 0x3B, 0x1F,
    0x8E, 0xCB, 0x71, 0x62, 0x35, 0x63, 0xF4, 0x11, 0x0E, 0xCB, 0x03, 0x70, 0x7D, 0x0E, 0x2D, 0x68,
    0x01, 0x4F, 0xD4, 0xE5, 0x40, 0x7E, 0x0A, 0x43, 0xEC, 0xA1, 0x6D, 0x1F, 0x2C, 0xC6, 0x46, 0x25,
    0x63, 0xCD, 0x1D, 0xBE, 0x6B, 0xDB, 0x1C, 0x6F, 0xAA, 0x2C, 0x94, 0xD9, 0xE4, 0x5C, 0x10, 0x8F,
    0x39, 0x9D, 0x04, 0xAB, 0xE7, 0x48, 0xA1, 0x9B, 0xDF, 0x71, 0x51, 0x7F, 0x85, 0x46, 0xFE, 0x7F,
    0xA1, 0x5C, 0x79, 0x8A, 0xB6, 0x5B, 0xB8, 0x93, 0x0D, 0x6C, 0x68, 0x06, 0x15, 0x58, 0xC5, 0xF2,
    0xCC, 0xDF, 0x74, 0xC5, 0x09, 0xB9, 0x9E, 0xC9, 0xE7, 0x0A, 0x53, 0x31, 0x20, 0xFA, 0xB7, 0x1D,
    0xCB, 0x0D, 0xD9, 0xFF, 0xAB, 0xF2, 0x5C, 0x70, 0xE5, 0x79, 0x85, 0x4B, 0xD8, 0x1E, 0xA3, 0xC5,
    0x1D, 0xB7, 0xB7, 0x3A, 0xD3, 0xCD, 0x2F, 0xF7, 0x4E, 0x72, 0xE8, 0xE4, 0x6C, 0xC9, 0xDE, 0x74,
    0x0A, 0x74, 0xA0, 0x19, 0x97, 0xDF, 0x0D, 0x07, 0x08, 0x96, 0xE4, 0x4A, 0x55, 0x16, 0x5C, 0x76,
    0xFC, 0xF4, 0x50, 0x8E, 0x0F, 0xF4, 0x96, 0xCB, 0xF3, 0xC7, 0xE0, 0x49, 0xEC, 0x8D, 0xFF, 0xC6,
    0x73, 0x3D, 0x72, 0x5D, 0xD9, 0xC6, 0x0D, 0xBF, 0x98, 0xCB, 0xF8, 0x2E, 0x30, 0x06, 0x03, 0x7A,
    0x05, 0xF4, 0x8B, 0xDA, 0xBD, 0xCA, 0xC1, 0x7D, 0x78, 0x68, 0x91, 0xF0, 0x13, 0x82, 0xD5, 0xD8,
    0x41, 0x7C, 0x81, 0xDD, 0x07, 0x79, 0x79, 0x23, 0xF1, 0x8A, 0xB9, 0x67, 0xB6, 0x9D, 0xAD, 0xCF,
    0x90, 0x07, 0x77, 0x48, 0xD9, 0x83, 0x24, 0x87, 0xDB, 0x8E, 0x8F, 0x74, 0xC8, 0x83, 0xBE, 0xE1,
    0xB2, 0x65, 0x49, 0xDD, 0xB3, 0xDB, 0xBE, 0x7B, 0x68, 0x53, 0xE1, 0x79, 0x1F, 0x3C, 0xB6, 0x2B,
    0xDB, 0x2A, 0xDC, 0x2F, 0x70, 0xBF, 0x48, 0x07, 0xBA, 0x9F, 0xC2, 0xB2, 0xE9, 0xB6, 0x4C, 0x93,
    0x41, 0x71, 0x35, 0x0E, 0x6E, 0x1E, 0x49, 0x25, 0xA5, 0x3D, 0xBE, 0x50, 0xBA, 0xB0, 0x97, 0x21,
    0xFC, 0x24, 0xE5, 0x63, 0x24, 0xF7, 0xE0, 0xD4, 0x05, 0xCB, 0x65, 0xA8, 0xE4, 0x60, 0xB9, 0x80,
    0x94, 0xCA, 0x8D, 0x14, 0x1B, 0x27, 0x55, 0x0A, 0xF9, 0x36, 0xF8, 0xE1, 0xA3, 0x30, 0xFB, 0x6E,
    0x24, 0xDD, 0x3E, 0xAC, 0x08, 0x59, 0xD8, 0x1C, 0x41, 0x1E, 0x4C, 0xF7, 0x0F, 0xAA, 0xD9, 0x1E,
    0xF3, 0xAD, 0xB9, 0xFE, 0x71, 0x21, 0xC1, 0x07, 0x64, 0x43, 0x7E, 0x8C, 0xFC, 0x89, 0xD2, 0x2E,
    0xCB, 0xC4, 0x74, 0x24, 0x21, 0x7F, 0xD4, 0xB5, 0x4A, 0x58, 0xF1, 0x2D, 0xFD, 0x40, 0xE5, 0xFD,
    0x80, 0xC2, 0x9D, 0x5C, 0x58, 0x43, 0x1C, 0xB8, 0xA3, 0x0B, 0x48, 0x5B, 0x54, 0xE6, 0xB1, 0xD0,
    0x05, 0x01, 0x65, 0xCA, 0x27, 0xC2, 0xDC, 0x06, 0xB0, 0x99, 0xDB, 0x10, 0xAF, 0x0F, 0x76, 0xB7,
    0x1D, 0xF8, 0x73, 0xE8, 0x21, 0x53, 0x7B, 0x34, 0x47, 0x0B, 0x3F, 0xCB, 0xC6, 0xBA, 0x6D, 0xC6,
    0x95, 0x03, 0x2C, 0x13, 0x8A, 0x3A, 0x59, 0x0E, 0x17, 0xE1, 0x04, 0xFC, 0x48, 0x99, 0x07, 0xEC,
    0x8E, 0x61, 0x26, 0x5E, 0x79, 0xE5, 0xF2, 0x29, 0x41, 0x3B, 0x27, 0x37, 0x51, 0x64, 0xFB, 0xBB,
    0xA7, 0x08, 0x4B, 0x46, 0x03, 0x73, 0x27, 0x17, 0x6E, 0xFA, 0x8A, 0x7B, 0x4A, 0xD7, 0x87, 0x2F,
    0x39, 0x3E, 0xF5, 0x61, 0xBE, 0xFD, 0xF8, 0x41, 0x97, 0x0E, 0x5E, 0x32, 0xF5, 0x23, 0x8D, 0x70,
    0xEB, 0xF7, 0x88, 0x87, 0x81, 0x7C, 0x5F, 0x57, 0xF7, 0xF7, 0xE9, 0x81, 0x2F, 0x52, 0xFB, 0x71,
    0x4E, 0x7A, 0x50, 0x2E, 0x7B, 0xD4, 0xFA, 0x9D, 0x3C, 0xF0, 0x41, 0x7E, 0x7E, 0x06, 0xE7, 0xC7,
    0xDE, 0x41, 0x12, 0xBC, 0x9C, 0xD4, 0xFD, 0x38, 0xF2, 0xCA, 0x41, 0x8D, 0x5E, 0x0E, 0x6A, 0xEE,
    0x78, 0x9C, 0x1A, 0xE5, 0xDC, 0xE9, 0x19, 0x9E, 0x3B, 0x95, 0xFD, 0xF3, 0x35, 0x37, 0x38, 0x72,
    0x5A, 0x40, 0x70, 0x6C, 0xE8, 0x63, 0x23, 0x98, 0x72, 0x82, 0x71, 0x38, 0xDC, 0x01, 0xB4, 0x1B,
    0x47, 0xA6, 0x8C, 0x1D, 0x36, 0xFB, 0x2F, 0xA3, 0xD6, 0xE4, 0xA3, 0x7E, 0xF6, 0x14, 0xAB, 0x1C,
    0x1B, 0x75, 0x84, 0x2B, 0xD4, 0x15, 0xA5, 0x3B, 0xF4, 0xE3, 0xEF, 0xD3, 0xCE, 0x2D, 0xF4, 0x26,
    0x0E, 0x2B, 0x3C, 0x5F, 0xB6, 0x83, 0x4C, 0xEA, 0x72, 0xD4, 0xDD, 0x74, 0x03, 0x8A, 0x4D, 0xF7,
    0xE3, 0x07, 0x50, 0x6D, 0x30, 0xF7, 0x6E, 0x78, 0x58, 0x21, 0x8C, 0xA4, 0x53, 0x7A, 0x1C, 0xCB,
    0x03, 0xFC, 0x1D, 0x87, 0xFC, 0x68, 0x58, 0xE3, 0xEF, 0xC4, 0x4D, 0xFC, 0x5C, 0xB9, 0xBE, 0x9A,
    0x15, 0x34, 0x0F, 0x83, 0x39, 0xC2, 0xF5, 0x24, 0xA5, 0x7F, 0xC9, 0xE8, 0xD5, 0xBF, 0xA2, 0xFE,
    0x5D, 0xAE, 0x9C, 0x33, 0x5E, 0x5C, 0xCD, 0xB4, 0xB5, 0xAC, 0x26, 0x6D, 0xE5, 0xD0, 0x69, 0x13,
    0xD8, 0x7E, 0x96, 0x31, 0x7D, 0x37, 0xBE, 0xB8, 0xBA, 0x81, 0x57, 0x3A, 0xCA, 0xCC, 0x9B, 0x56,
    0x96, 0xAC, 0x6F, 0x3E, 0xA5, 0xFB, 0x8E, 0xCF, 0x72, 0x1C, 0xCF, 0xFB, 0xC6, 0xB9, 0x0A, 0xA5,
    0xAD, 0xBD, 0xFA, 0xE5, 0xE4, 0xC8, 0xD0, 0x2D, 0x2E, 0xA7, 0x50, 0xBE, 0xE5, 0xA1, 0x5B, 0x19,
    0x29, 0x01, 0x3C, 0xFF, 0x49, 0x57, 0xBD, 0x7C, 0xFC, 0x94, 0xEA, 0x2D, 0xDA, 0x56, 0xBF, 0x5F,
    0x8E, 0x29, 0xDD, 0x55, 0x65, 0x80, 0x00, 0x79, 0x3C, 0xB8, 0x37, 0x25, 0x65, 0x71, 0xE9, 0x04,
    0xC4, 0x63, 0x5A, 0x47, 0xE9, 0x00, 0x0B, 0xB0, 0xAA, 0xA1, 0x4C, 0xCD, 0x5E, 0x09, 0xFB, 0x20,
    0xB6, 0x81, 0xD2, 0x2D, 0x43, 0x3E, 0x36, 0xC6, 0x72, 0xC8, 0x07, 0x4E, 0xE4, 0x65, 0x20, 0x3B,
    0xD0, 0x5D, 0x65, 0xEF, 0xA9, 0x25, 0xC3, 0xF5, 0xC9, 0x2B, 0xCD, 0x6E, 0xDC, 0x6D, 0xD8, 0x8E,
    0xB2, 0x43, 0xAC, 0x59, 0x0E, 0xFF, 0xD0, 0x8E, 0x56, 0xC3, 0xBF, 0x0D, 0x97, 0x2C, 0x56, 0x43,
    0xF6, 0x0D, 0x24, 0x8D, 0xB8, 0xD6, 0x4C, 0x9B, 0xDD, 0x49, 0x77, 0x73, 0xD2, 0x9D, 0x24, 0xCD,
    0xFF, 0xB6, 0x8A, 0xD3, 0x51, 0x35, 0xA0, 0xE4, 0xA8, 0x34, 0x33, 0xE2, 0x25, 0x83, 0xC3, 0x38,
    0x2B, 0xB4, 0xE9, 0x36, 0xA9, 0x1B, 0x17, 0xD9, 0x8B, 0x60, 0xF4, 0x7B, 0xD0, 0x14, 0x97, 0x59,
    0x90, 0x5C, 0xFD, 0x50, 0x7B, 0xE2, 0x10, 0x61, 0x9D, 0xD5, 0x20, 0xCD, 0xC5, 0x99, 0xD5, 0x9B,
    0x9F, 0x5F, 0xD0, 0xA7, 0xAC, 0x7B, 0x70, 0x46, 0x6C, 0xB4, 0x59, 0xD6, 0x38, 0xBF, 0xBE, 0x9C,
    0x14, 0xDA, 0x36, 0xCC, 0x02, 0x30, 0xC0, 0xF3, 0x21, 0x2F, 0x54, 0x53, 0xF7, 0x2C, 0xC2, 0x25,
    0xCA, 0x9E, 0x6E, 0xA8, 0x19, 0x9A, 0x97, 0xF4, 0x40, 0xA4, 0x75, 0xA1, 0x21, 0x0B, 0x04, 0x9C,
    0xE0, 0x1D, 0xD0, 0xF6, 0x36, 0x0F, 0x6E, 0xDD, 0x7C, 0x8B, 0x65, 0xDC, 0x94, 0xBA, 0x9C, 0xEA,
    0x4D, 0x9F, 0x44, 0xA7, 0x46, 0xCD, 0x3E, 0x45, 0xA7, 0x74, 0xD7, 0x8D, 0xAD, 0x70, 0x33, 0x6D,
    0x12, 0xF2, 0x16, 0x0A, 0x62, 0x90, 0x9C, 0x8B, 0xAF, 0x06, 0xCD, 0xF5, 0x66, 0xB7, 0x39, 0x69,
    0xE2, 0xCC, 0x22, 0xF1, 0x3E, 0x6B, 0xE9, 0x93, 0x4E, 0x00, 0x07, 0x45, 0xF5, 0xB6, 0xFE, 0xA5,
    0x0D, 0xFD, 0x31, 0xF7, 0x91, 0x24, 0x88, 0xDF, 0xF2, 0x3C, 0xD7, 0xDC, 0xBC, 0xC6, 0x54, 0x6B,
    0xAE, 0x27, 0xE2, 0x2F, 0x87, 0xEA, 0xE0, 0x95, 0x5F, 0x44, 0x6D, 0x01, 0x0D, 0x9D, 0xE4, 0xA6,
    0xCF, 0x7B, 0x8C, 0xA7, 0xC1, 0x3C, 0xD2, 0x49, 0xDC, 0xE3, 0xBE, 0x8B, 0x2E, 0xC8, 0xBB, 0xC7,
    0x1D, 0xDF, 0x78, 0x8A, 0xB9, 0x44, 0x66, 0x13, 0xDF, 0x35, 0xC0, 0x18, 0x4F, 0x71, 0x3D, 0x8B,
    0x34, 0xBE, 0xCB, 0xE2, 0x39, 0x49, 0xDC, 0x6C, 0x16, 0x29, 0xF1, 0x7F, 0x00, 0xCD, 0x5A, 0x3D,
    0x6F, 0xDB, 0x56, 0x14, 0xBD, 0x24, 0x0B, 0x2B, 0x0D, 0xE1, 0x70, 0xE9, 0x90, 0x34, 0x71, 0xD8,
    0xC1, 0x19, 0x0A, 0xC8, 0xE2, 0xD2, 0x21, 0x03, 0x29, 0xB1, 0xE8, 0xD0, 0xA1, 0x43, 0xFF, 0x41,
    0x51, 0x14, 0x19, 0x5B, 0x34, 0x83, 0x07, 0x0D, 0x4A, 0xCC, 0x76, 0xE9, 0x90, 0xA1, 0xEE, 0xD4,
    0x35, 0x3F, 0x21, 0x43, 0x86, 0x0C, 0xAE, 0xC3, 0x4E, 0x5D, 0x89, 0xFE, 0x02, 0x15, 0x1D, 0x0B,
    0x34, 0x1C, 0x04, 0x54, 0x06, 0x14, 0xB3, 0xF7, 0xDC, 0xFB, 0x48, 0x7D, 0xDA, 0xAD, 0x6D, 0xD2,
    0x92, 0x04, 0x5E, 0x5B, 0xD6, 0xE3, 0x7B, 0xF7, 0x9C, 0x77, 0xDF, 0xFD, 0xA2, 0x89, 0xEC, 0x11,
    0x11, 0x39, 0x10, 0xDE, 0x98, 0x85, 0xDF, 0x67, 0x11, 0x86, 0x2C, 0x5E, 0x41, 0xE4, 0x2C, 0x9C,
    0x8C, 0x45, 0x2B, 0x8D, 0x78, 0x04, 0xED, 0x11, 0x75, 0xF8, 0x4D, 0xBD, 0xE2, 0x94, 0xA8, 0x28,
    0x0A, 0xB2, 0x72, 0xF2, 0x79, 0x04, 0x7F, 0xE5, 0xA6, 0x2C, 0x7C, 0x1E, 0x14, 0x77, 0x21, 0x68,
    0xE1, 0xD5, 0x4A, 0xB1, 0x44, 0xC6, 0xC2, 0x4D, 0xF0, 0xB1, 0x48, 0xE8, 0xA0, 0x48, 0xAD, 0x91,
    0x9B, 0xB6, 0x52, 0x37, 0xF1, 0x62, 0x2F, 0xF6, 0xF9, 0xEE, 0x88, 0x7A, 0x14, 0xD2, 0x31, 0x0D,
    0xEC, 0xBF, 0x69, 0xE0, 0x7E, 0x43, 0x4F, 0x3A, 0xFC, 0x97, 0x51, 0x48, 0x7E, 0x12, 0xCE, 0xCD,
    0xC6, 0xCB, 0x92, 0xC3, 0x97, 0x3D, 0x94, 0x8F, 0x07, 0x10, 0x3F, 0x63, 0x5E, 0x07, 0xC2, 0xC3,
    0xC7, 0x87, 0x10, 0x8F, 0x21, 0xBE, 0x2C, 0xEF, 0x6A, 0x0E, 0xEB, 0x31, 0xAB, 0xF4, 0x03, 0xFF,
    0x6C, 0xF1, 0x75, 0x9F, 0xE7, 0xFA, 0x88, 0xAF, 0x17, 0x7C, 0x1D, 0x1A, 0xF0, 0x97, 0x43, 0xFB,
    0xBE, 0xC8, 0x27, 0x02, 0x78, 0x24, 0xF3, 0x80, 0x3F, 0x2C, 0x0C, 0xC5, 0x67, 0xE8, 0xD8, 0x15,
    0x79, 0x0A, 0xE1, 0xBC, 0x81, 0xF4, 0x9E, 0x81, 0x87, 0xC8, 0x01, 0xE9, 0x39, 0xBF, 0xE7, 0x5F,
    0xC2, 0x83, 0x12, 0xA1, 0x4C, 0x28, 0x15, 0xCA, 0x85, 0x92, 0x21, 0x6C, 0x28, 0x1D, 0xCA, 0x87,
    0x12, 0xA2, 0x8C, 0x28, 0x25, 0xC2, 0x89, 0x92, 0xA2, 0xAC, 0x28, 0x2D, 0xCA, 0x0B, 0x55, 0x46,
    0x70, 0x07, 0xE2, 0x08, 0xAB, 0x42, 0x0D, 0x37, 0x95, 0x49, 0xF8, 0xD5, 0xAF, 0xD4, 0x79, 0x04,
    0x7C, 0x13, 0x2C, 0x04, 0xDD, 0xFD, 0xCF, 0xF9, 0xB6, 0x10, 0x9A, 0xE7, 0x56, 0x36, 0x67, 0x41,
    0x4C, 0x22, 0x58, 0x24, 0xD0, 0x48, 0xE0, 0x91, 0x40, 0x24, 0x81, 0x49, 0xA1, 0x52, 0xB8, 0x14,
    0x32, 0x85, 0x4D, 0xA1, 0x53, 0xF8, 0x2C, 0x09, 0xB5, 0x0E, 0x8D, 0xE9, 0x30, 0x48, 0x88, 0x88,
    0x4A, 0x63, 0x69, 0x25, 0x73, 0x54, 0x9E, 0x96, 0x44, 0x0A, 0x8F, 0x42, 0xE3, 0x02, 0x8B, 0x8D,
    0x99, 0x92, 0x9D, 0x18, 0xA6, 0x46, 0x66, 0x8F, 0x61, 0x4E, 0xEE, 0x94, 0x29, 0x10, 0x05, 0x9E,
    0x40, 0x13, 0x58, 0x9A, 0x25, 0xE9, 0x72, 0x66, 0xE6, 0x63, 0x82, 0x5D, 0x41, 0x07, 0x93, 0xB5,
    0xD3, 0x72, 0xC1, 0x6D, 0x88, 0xDB, 0x9B, 0x40, 0x0A, 0xAB, 0x4A, 0xF4, 0x00, 0x67, 0x7D, 0xA8,
    0x47, 0xFC, 0x16, 0xFF, 0x7A, 0x8F, 0xAF, 0xF7, 0x1A, 0x22, 0xC5, 0x3A, 0xB9, 0x87, 0x3B, 0x19,
    0xC5, 0x2D, 0x77, 0xB8, 0x31, 0xA6, 0x31, 0x6E, 0x93, 0x5B, 0x8C, 0x68, 0xFB, 0x6E, 0xD6, 0xA0,
    0x39, 0xAC, 0x7D, 0xAF, 0xCF, 0x8D, 0x1B, 0xCD, 0x60, 0x3E, 0x2B, 0xAE, 0x18, 0x0F, 0xDC, 0x15,
    0x29, 0x8E, 0xD2, 0x91, 0xA5, 0x54, 0xCD, 0x90, 0x56, 0xBE, 0xEE, 0x49, 0xE8, 0xD9, 0x91, 0xC3,
    0xE4, 0x3B, 0x98, 0xC8, 0x83, 0xE7, 0x22, 0xFB, 0xED, 0x3A, 0x3D, 0xF0, 0x2F, 0x65, 0x10, 0x11,
    0x42, 0x25, 0x84, 0x0C, 0x96, 0x75, 0x6F, 0xD3, 0x3E, 0x70, 0x31, 0x03, 0x1D, 0xC4, 0x1A, 0xAF,
    0xE0, 0x09, 0xEC, 0x71, 0xCD, 0x1E, 0x58, 0x5C, 0x9B, 0xAE, 0xDE, 0xA9, 0x3C, 0xB0, 0x93, 0xAC,
    0x26, 0x52, 0x78, 0x14, 0x1A, 0x85, 0xC5, 0x29, 0x89, 0x8D, 0x19, 0x20, 0x74, 0x94, 0x20, 0xF1,
    0xCA, 0xEC, 0x31, 0xF4, 0x6B, 0xC5, 0x4B, 0x3C, 0x81, 0x26, 0xB0, 0x04, 0x92, 0x4A, 0x8E, 0x2E,
    0x67, 0x7E, 0xAE, 0x78, 0xE0, 0x17, 0x95, 0x07, 0xC6, 0xC7, 0x56, 0xE5, 0x81, 0x6F, 0x6C, 0x02,
    0x29, 0xE4, 0xB3, 0xD9, 0x3C, 0xC8, 0x25, 0x9D, 0x20, 0xB8, 0x83, 0xD2, 0x03, 0xDF, 0x6E, 0x8A,
    0x94, 0x13, 0x06, 0xEF, 0x14, 0x7C, 0xD4, 0xDD, 0xA9, 0x07, 0x5E, 0xBB, 0x69, 0x9C, 0xB4, 0x19,
    0xCD, 0x8C, 0x07, 0x6E, 0x02, 0xF9, 0xBA, 0x76, 0xF8, 0x5C, 0xBF, 0x5B, 0xEF, 0xDE, 0xAE, 0xF6,
    0xB7, 0x07, 0xBC, 0xDB, 0xAF, 0x39, 0xE6, 0x8E, 0xD4, 0xCA, 0x2C, 0xF3, 0x77, 0xB8, 0x5C, 0x87,
    0x55, 0x6F, 0xF1, 0x05, 0x5D, 0xA0, 0xAB, 0x67, 0x7C, 0x58, 0x60, 0xBC, 0x73, 0x24, 0xB7, 0xBF,
    0xE5, 0xDB, 0x27, 0x67, 0xCF, 0x7F, 0x97, 0x75, 0x66, 0x1E, 0x9C, 0x61, 0x40, 0x5E, 0xE2, 0xF3,
    0xBD, 0x4F, 0x99, 0x97, 0x09, 0x5F, 0x87, 0xE2, 0x8C, 0x06, 0x32, 0xCF, 0x3B, 0xD4, 0x8B, 0xFB,
    0x0C, 0x71, 0x4C, 0x76, 0x31, 0xEF, 0x92, 0x30, 0x47, 0x2B, 0x2F, 0x43, 0xC0, 0x7F, 0x9C, 0x87,
    0xDA, 0xB0, 0xB0, 0xDF, 0xB6, 0x3F, 0x33, 0x19, 0xD9, 0x9E, 0x71, 0x10, 0x50, 0xC0, 0xE8, 0x76,
    0x19, 0x4C, 0xD6, 0x78, 0xD9, 0x8A, 0xEB, 0xD2, 0xD7, 0xFF, 0x29, 0xE3, 0xC5, 0x53, 0x7A, 0x7E,
    0x3C, 0x25, 0xEE, 0x72, 0xBC, 0x6F, 0x41, 0x22, 0xEF, 0x93, 0x02, 0x48, 0x42, 0x97, 0x94, 0x33,
    0x5E, 0x35, 0xEF, 0x4D, 0x88, 0x1E, 0x46, 0xF0, 0x82, 0xE4, 0xFC, 0x81, 0xC3, 0x12, 0xBF, 0x04,
    0x4D, 0x73, 0x46, 0x06, 0x68, 0x82, 0x4D, 0xE3, 0x4E, 0x5E, 0xD6, 0x00, 0x62, 0x13, 0xB2, 0x99,
    0x40, 0x28, 0x10, 0xD5, 0xD6, 0xE5, 0x30, 0x78, 0x55, 0xA5, 0x15, 0x54, 0x29, 0x40, 0x44, 0x06,
    0x6A, 0x65, 0x67, 0x1F, 0xF2, 0xC5, 0xBF, 0xC9, 0x39, 0x4D, 0x74, 0xC0, 0x68, 0x9A, 0xAB, 0xDB,
    0xF0, 0x5E, 0x3C, 0x3A, 0xE0, 0xC9, 0xFA, 0xAD, 0xC4, 0x1A, 0x4A, 0x6E, 0x7D, 0x05, 0x52, 0x1E,
    0x99, 0x6F, 0x02, 0xA3, 0x25, 0x08, 0xB1, 0x86, 0x53, 0x36, 0x40, 0x06, 0x73, 0x01, 0x2A, 0xC0,
    0xC4, 0x2C, 0x11, 0x75, 0x6D, 0xF0, 0x56, 0x6C, 0x48, 0xCB, 0x4D, 0x0D, 0xB7, 0x37, 0xB3, 0x27,
    0x4D, 0x60, 0xDE, 0x62, 0x8D, 0xDF, 0x6D, 0x8B, 0x0B, 0x12, 0xEB, 0xC7, 0x7C, 0x0E, 0xD2, 0x92,
    0xEB, 0xC3, 0x4C, 0x01, 0x8F, 0xFA, 0x8A, 0xEF, 0x42, 0xA2, 0x89, 0x4C, 0x60, 0xC7, 0xF4, 0x17,
    0x76, 0x1B, 0xC2, 0xFC, 0xF4, 0x53, 0x5E, 0x0B, 0x2E, 0xDB, 0xF9, 0x7E, 0xBC, 0x31, 0xD6, 0xEE,
    0x8C, 0x1E, 0xB2, 0x8A, 0x39, 0xB5, 0xFD, 0xB4, 0xB9, 0xDD, 0xBE, 0xAE, 0x1D, 0x3D, 0x2B, 0xE5,
    0x6F, 0x02, 0xD3, 0x59, 0x21, 0x24, 0x88, 0x57, 0x5B, 0xD5, 0x07, 0x3A, 0xB8, 0x57, 0xA8, 0x2B,
    0x15, 0x90, 0xB9, 0x3A, 0x19, 0xDC, 0x88, 0xC8, 0x8C, 0x36, 0x8A, 0x67, 0x80, 0x2E, 0x82, 0x1C,
    0x68, 0xBF, 0x25, 0x28, 0x86, 0x32, 0x85, 0x3D, 0xDE, 0xDA, 0xE1, 0xA9, 0xF7, 0x29, 0xB3, 0x13,
    0x1B, 0xBC, 0xC4, 0x9E, 0x04, 0xFE, 0x0E, 0x0F, 0x0E, 0x79, 0xF0, 0x2B, 0x02, 0x9D, 0x78, 0xD7,
    0xB5, 0xE2, 0x1C, 0x62, 0xDC, 0x3E, 0x34, 0xAE, 0x3B, 0x42, 0x46, 0x40, 0x5A, 0x01, 0x70, 0x39,
    0x69, 0xE5, 0xF6, 0xD0, 0xC9, 0x1C, 0x4D, 0x1C, 0x24, 0x75, 0x28, 0xD3, 0x90, 0x0E, 0xA7, 0x0F,
    0x3C, 0xB1, 0xF5, 0x9A, 0x17, 0xF4, 0x39, 0x52, 0xD1, 0x31, 0xD7, 0x7C, 0xAC, 0x51, 0x17, 0xAA,
    0x04, 0x24, 0x25, 0x47, 0x40, 0x92, 0x67, 0xB0, 0x18, 0x40, 0x60, 0x7D, 0x88, 0x08, 0x69, 0xFB,
    0x00, 0xBF, 0x8D, 0x59, 0x54, 0xF7, 0x24, 0x07, 0x0C, 0x01, 0xA7, 0xC2, 0x2A, 0x96, 0x0B, 0x0D,
    0x31, 0x27, 0x6B, 0x5C, 0x9E, 0x17, 0xDD, 0xE5, 0x82, 0x0D, 0x3E, 0x88, 0x59, 0xAF, 0xD4, 0x67,
    0xF0, 0x98, 0x25, 0x64, 0xDB, 0x0A, 0x79, 0xF1, 0x50, 0x16, 0xE6, 0x84, 0xE6, 0xE3, 0x31, 0xEF,
    0xF2, 0x90, 0xEC, 0x53, 0x5A, 0x6D, 0x51, 0x59, 0x95, 0xDC, 0xBF, 0xF7, 0xA2, 0xEC, 0x46, 0x5A,
    0x55, 0x72, 0x7F, 0x6B, 0x2E, 0xB9, 0x6F, 0x10, 0xEB, 0x62, 0x0A, 0xF1, 0x78, 0x45, 0x0A, 0x71,
    0x61, 0xB4, 0x52, 0xC9, 0x79, 0x69, 0xE9, 0x2C, 0xC6, 0xA5, 0x8B, 0x71, 0xAB, 0x4C, 0x12, 0x91,
    0x82, 0x02, 0x8C, 0x38, 0x18, 0x82, 0x94, 0x1C, 0x6D, 0xB6, 0x3E, 0x1A, 0x5A, 0x7B, 0x73, 0x6C,
    0x35, 0xB8, 0xC9, 0x57, 0x0C, 0xCF, 0x17, 0x25, 0x65, 0xB7, 0xF2, 0x9D, 0x5E, 0x95, 0x42, 0xAB,
    0x11, 0xE4, 0x1B, 0x43, 0xCA, 0x95, 0xE3, 0xF7, 0x45, 0x49, 0x91, 0x4A, 0x61, 0x0B, 0xBE, 0x4D,
    0x1C, 0x9C, 0xF6, 0x7D, 0xB3, 0xB2, 0xD1, 0x08, 0x8F, 0xB4, 0x01, 0x96, 0x72, 0xD5, 0x00, 0x7F,
    0x51, 0x52, 0x82, 0x4F, 0x12, 0xB9, 0x8B, 0xAC, 0x5F, 0x27, 0x1B, 0x63, 0x1A, 0x97, 0x0A, 0xF0,
    0x17, 0x45, 0xBE, 0x01, 0x5E, 0xE1, 0x3C, 0xD7, 0xDF, 0x08, 0xE6, 0xB3, 0x42, 0x03, 0xDD, 0x8C,
    0x67, 0xFD, 0xA7, 0x93, 0xB5, 0x11, 0x5F, 0x0B, 0x20, 0x29, 0xC8, 0xB4, 0xFE, 0x39, 0xED, 0x65,
    0x2E, 0x5E, 0x32, 0x17, 0xFF, 0xA4, 0xCC, 0xC5, 0xE9, 0xFF, 0xE6, 0xE2, 0x68, 0x86, 0x0B, 0xAB,
    0xE2, 0xE2, 0xDB, 0x79, 0x2E, 0xAC, 0xE7, 0xA4, 0xF1, 0x59, 0xFC, 0xA3, 0xA6, 0x7C, 0x5A, 0x69,
    0x49, 0x6E, 0x28, 0x86, 0xC0, 0xA1, 0xFB, 0xEE, 0x98, 0xDD, 0x7A, 0x51, 0xDC, 0x07, 0x6E, 0x06,
    0xC6, 0xC0, 0x09, 0xC8, 0x75, 0x52, 0x60, 0x27, 0x80, 0xA7, 0x50, 0xFB, 0x80, 0xE8, 0xF9, 0x31,
    0x7E, 0x21, 0xC0, 0x30, 0xB0, 0xDC, 0xF7, 0x03, 0x54, 0xA0, 0x74, 0xD2, 0xEB, 0x81, 0x7A, 0xA7,
    0xEA, 0xDB, 0xAA, 0x5B, 0x1E, 0x56, 0x5B, 0xFE, 0xB0, 0x5E, 0xA8, 0xCB, 0x01, 0xBF, 0x8D, 0x80,
    0x5F, 0x20, 0xE0, 0x17, 0x08, 0xF8, 0xCD, 0xEF, 0x2A, 0x7A, 0xBD, 0x12, 0xF1, 0xF5, 0x39, 0xCE,
    0x5E, 0xF5, 0x24, 0x34, 0x03, 0xD4, 0xA4, 0x3E, 0xA8, 0x27, 0xDB, 0x6D, 0xF4, 0xE8, 0x0A, 0xF4,
    0xE8, 0xAE, 0x67, 0x1B, 0xBD, 0xC3, 0x8C, 0x24, 0x47, 0xA5, 0xE7, 0xC7, 0x35, 0xEF, 0x9B, 0x56,
    0x98, 0x7A, 0xF2, 0xAE, 0xE9, 0xF8, 0x9D, 0xEF, 0x8A, 0xA8, 0x76, 0x80, 0x0B, 0xA5, 0x88, 0xB8,
    0x22, 0xCD, 0x06, 0x18, 0x96, 0x9B, 0xDA, 0x28, 0xB8, 0xA4, 0x39, 0xE8, 0x60, 0x72, 0x9E, 0xB7,
    0x83, 0x79, 0x23, 0x9D, 0xD7, 0x03, 0x22, 0x1F, 0x6D, 0xF1, 0x0E, 0x74, 0x8D, 0xA0, 0x66, 0x04,
    0x6C, 0x21, 0x12, 0xAC, 0x10, 0xC3, 0xBB, 0x70, 0x23, 0x41, 0x7C, 0x40, 0x52, 0xFD, 0x70, 0xF9,
    0x73, 0xB8, 0x1A, 0xA5, 0xE4, 0x04, 0x52, 0x96, 0x7A, 0x31, 0xE7, 0xFE, 0x84, 0xA6, 0xA1, 0x17,
    0x77, 0x84, 0xCA, 0x80, 0xA7, 0xEA, 0xF2, 0x4A, 0x4F, 0x78, 0xA1, 0x09, 0x8D, 0x9D, 0x09, 0x8D,
    0xBC, 0x23, 0x9A, 0x44, 0x7D, 0x7A, 0x3D, 0xEA, 0x33, 0x85, 0xFD, 0xA5, 0x36, 0x25, 0xB2, 0x50,
    0x4D, 0x3B, 0x57, 0x35, 0xD2, 0xDD, 0xA5, 0x46, 0x7A, 0x83, 0x58, 0x01, 0x4C, 0x72, 0x1D, 0x5C,
    0xFB, 0x9A, 0x4F, 0xE0, 0xC9, 0x86, 0xAD, 0x59, 0xF1, 0x25, 0xD1, 0xEA, 0x53, 0xA8, 0xA7, 0x15,
    0x7D, 0xBC, 0x65, 0x2D, 0x29, 0xC5, 0x60, 0x1B, 0x21, 0x05, 0x12, 0x4C, 0xA4, 0xC2, 0xE2, 0xC5,
    0x80, 0xEE, 0x47, 0x6C, 0xAF, 0xF7, 0xB5, 0x34, 0x7A, 0x47, 0x02, 0x30, 0x55, 0x9B, 0x55, 0x88,
    0x8A, 0x51, 0x41, 0x2A, 0x4A, 0x85, 0xA9, 0x38, 0x15, 0xA8, 0x22, 0x55, 0xA8, 0x8A, 0x55, 0xC1,
    0x2A, 0xDA, 0x6A, 0x6B, 0xED, 0xE5, 0x32, 0x40, 0xEC, 0xC9, 0x8D, 0x67, 0x8D, 0x97, 0x2B, 0xBB,
    0x67, 0x28, 0x3B, 0xBF, 0xE0, 0xD5, 0xBC, 0x31, 0x2F, 0xE6, 0x27, 0x82, 0x5D, 0xC0, 0x0B, 0x7A,
    0x81, 0x2F, 0xF8, 0x85, 0x00, 0x61, 0x40, 0x28, 0x30, 0x1C, 0x68, 0x00, 0x31, 0xD9, 0xBB, 0xD6,
    0x90, 0x7B, 0xF2, 0xD4, 0xDE, 0x93, 0x35, 0x9C, 0x64, 0x8D, 0x24, 0x2C, 0xA6, 0xFD, 0xC9, 0x34,
    0xED, 0xAF, 0x97, 0x04, 0xB5, 0x6F, 0x63, 0xE0, 0x62, 0xE1, 0xBC, 0x0E, 0x96, 0x73, 0x65, 0x8D,
    0x6D, 0xB1, 0x84, 0x1B, 0xEB, 0x21, 0x61, 0x31, 0xCD, 0xDF, 0x2F, 0x6B, 0x5D, 0x27, 0xE1, 0x95,
    0xEC, 0xB8, 0x3E, 0x4B, 0x38, 0xD9, 0x61, 0xC8, 0x1C, 0x75, 0x78, 0xC6, 0x9B, 0xEE, 0x70, 0x8D,
    0xFB, 0xDE, 0x9B, 0x49, 0xE2, 0x6B, 0xDE, 0xE8, 0xF2, 0x3F, 0x52, 0x34, 0x13, 0x5F, 0xE7, 0x01,
    0x5F, 0xE9, 0xBF, 0xCD, 0xE3, 0x1F, 0xAB, 0x2C, 0x6B, 0x6B, 0x47, 0xBF, 0xF4, 0x20, 0x2A, 0xAD,
    0x5A, 0x0B, 0xBB, 0xE6, 0xB0, 0x79, 0xE6, 0x3B, 0x3B, 0x9B, 0xAD, 0xAF, 0x11, 0x6D, 0xC7, 0x11,
    0x23, 0xEB, 0x4A, 0x83, 0xAE, 0xC7, 0x4C, 0x1C, 0x91, 0xF7, 0x5D, 0x4E, 0xAD, 0xDF, 0x32, 0x72,
    0xDE, 0xC4, 0x12, 0x0B, 0xF1, 0x0F, 0x04, 0xD6, 0x62, 0xFB, 0x30, 0x9D, 0xEF, 0x73, 0xA9, 0xC7,
    0x19, 0x19, 0x6F, 0xD3, 0x31, 0x0B, 0x3A, 0xD3, 0x4A, 0xA0, 0xCB, 0x98, 0x02, 0xFE, 0xC2, 0x8B,
    0x23, 0x49, 0xFE, 0x5B, 0xE9, 0x80, 0xBF, 0xE6, 0xCD, 0xC8, 0x72, 0xB2, 0x7F, 0xCF, 0xC8, 0xFE,
    0x33, 0x25, 0xEB, 0xAF, 0x98, 0x43, 0x3D, 0x0F, 0x7E, 0x6B, 0x7C, 0xA3, 0xE9, 0xFD, 0x31, 0x5F,
    0xBB, 0xCC, 0x48, 0x6F, 0xA2, 0x7B, 0x5B, 0x9B, 0xCE, 0x33, 0xAF, 0x8E, 0xF9, 0xB7, 0xB8, 0xA8,
    0x16, 0x5D, 0xDD, 0xB8, 0x37, 0xF1, 0xD9, 0xC7, 0x7A, 0x0B, 0x21, 0xAE, 0xAF, 0xB5, 0x3C, 0x0A,
    0x24, 0x13, 0xE2, 0xEA, 0xC3, 0x02, 0x67, 0x27, 0x69, 0xF4, 0x63, 0x53, 0x97, 0x9B, 0x9E, 0xD9,
    0x8D, 0xDA, 0xF9, 0x97, 0x72, 0x1C, 0x0F, 0x47, 0xA7, 0xC5, 0x78, 0x8D, 0x38, 0x4E, 0xB6, 0xE5,
    0x39, 0xF6, 0xEC, 0x63, 0xEC, 0x1A, 0x75, 0xFF, 0x17, 0x75, 0x53, 0xBB, 0x6E, 0xDC, 0x46, 0x14,
    0x3D, 0xCB, 0x41, 0x34, 0x40, 0x26, 0xDE, 0x49, 0xE9, 0x66, 0x77, 0x5A, 0x17, 0xAB, 0xA5, 0x0B,
    0x17, 0x5B, 0x90, 0xE6, 0x74, 0x2A, 0x52, 0xC4, 0x9F, 0xA0, 0x4F, 0x50, 0xB1, 0x85, 0x0A, 0x26,
    0x64, 0xA0, 0xD2, 0x45, 0xFE, 0xC0, 0xF0, 0x27, 0x6C, 0xA1, 0x42, 0x85, 0x2C, 0x0D, 0xE4, 0x1F,
    0x20, 0xE2, 0xC2, 0x85, 0x1B, 0x06, 0xC9, 0x07, 0x4C, 0x00, 0x06, 0x58, 0x20, 0x2B, 0x31, 0xE7,
    0x92, 0x14, 0xA2, 0x22, 0x26, 0x70, 0x87, 0x8F, 0xCB, 0x7B, 0xE6, 0x9C, 0x7B, 0xCF, 0x14, 0x7D,
    0x2C, 0xFA, 0xB6, 0x98, 0x56, 0xB9, 0x0D, 0x77, 0x4C, 0xD1, 0xF7, 0x7E, 0x58, 0xC7, 0xE7, 0x87,
    0x61, 0xBD, 0xC7, 0x11, 0xDE, 0xC0, 0xA0, 0x85, 0x9D, 0xB5, 0x98, 0x27, 0x0D, 0x16, 0x2A, 0x60,
    0xC5, 0xC8, 0x74, 0x8D, 0x8D, 0xF1, 0xD8, 0x5A, 0x60, 0xC7, 0x88, 0x73, 0xC6, 0x02, 0xB3, 0x76,
    0x85, 0xA4, 0xC9, 0xA0, 0xC2, 0x86, 0xB1, 0x85, 0xAE, 0x77, 0x30, 0x3E, 0x4E, 0x10, 0x0D, 0x21,
    0xC2, 0xD7, 0x21, 0x96, 0x80, 0x93, 0x4D, 0x53, 0x2E, 0x07, 0xC8, 0x25, 0x24, 0xF6, 0x15, 0x97,
    0x2E, 0xA9, 0x0D, 0x16, 0xC8, 0x50, 0x20, 0x87, 0x43, 0xE1, 0x8D, 0x9F, 0xF3, 0xED, 0x14, 0xA6,
    0xB6, 0x41, 0x05, 0xCD, 0xB7, 0x17, 0x48, 0x51, 0x61, 0x87, 0x33, 0xBC, 0xE2, 0xB3, 0xF2, 0xEF,
    0xE7, 0x2A, 0x64, 0x06, 0xDB, 0x39, 0x6E, 0x5D, 0x28, 0xAD, 0xD7, 0xBF, 0x44, 0xFB, 0xB1, 0x53,
    0xE1, 0x52, 0xD7, 0x2D, 0x53, 0x2F, 0x8E, 0x60, 0x93, 0xA6, 0x78, 0x1B, 0xB5, 0x6F, 0x6D, 0x12,
    0x56, 0xC6, 0x9F, 0x7D, 0x87, 0x54, 0x87, 0xCA, 0x86, 0xDD, 0x02, 0x67, 0xCF, 0xF0, 0x8A, 0x90,
    0x47, 0x80, 0x0E, 0x63, 0x90, 0x28, 0x48, 0x72, 0x08, 0x12, 0x25, 0x29, 0x7F, 0xCB, 0x66, 0x91,
    0x04, 0xB0, 0x61, 0x6C, 0x19, 0x3B, 0x46, 0x64, 0xB4, 0x00, 0xB5, 0x42, 0x49, 0x3C, 0x96, 0xD7,
    0x2C, 0x9D, 0x20, 0xBE, 0x19, 0xB4, 0x49, 0xE1, 0x39, 0xE3, 0x72, 0x2A, 0x62, 0xB0, 0xC7, 0x9A,
    0x5A, 0x0D, 0x87, 0x33, 0x14, 0x2A, 0x16, 0x69, 0x16, 0x99, 0x69, 0x5F, 0xF6, 0x98, 0x4D, 0xC0,
    0xED, 0xD3, 0xBD, 0x05, 0xA2, 0x9B, 0x20, 0xDE, 0xF0, 0xD7, 0x50, 0xB4, 0x55, 0xBC, 0x8D, 0x55,
    0x93, 0xFA, 0x84, 0x08, 0x44, 0x7C, 0x80, 0xE9, 0x1B, 0xDB, 0x1F, 0x6C, 0xDF, 0xB9, 0xDE, 0xA7,
    0x2D, 0x5E, 0x03, 0xDF, 0x03, 0xF9, 0x4D, 0x99, 0x63, 0x8D, 0x1B, 0xB6, 0xB4, 0x64, 0x53, 0x97,
    0xE8, 0x74, 0x28, 0x92, 0xBD, 0x6D, 0xF2, 0x59, 0x34, 0xF5, 0x92, 0x9F, 0xD7, 0x60, 0x56, 0x74,
    0xAB, 0x3E, 0x50, 0x32, 0xCC, 0x45, 0x90, 0x1D, 0xAD, 0x0A, 0xB2, 0xD9, 0x52, 0x7D, 0xA4, 0x3E,
    0x1C, 0x9B, 0x1F, 0xC8, 0x12, 0x6B, 0xE7, 0x44, 0x94, 0xBB, 0x97, 0x3F, 0x60, 0xFE, 0xFC, 0xFB,
    0x30, 0xBB, 0x07, 0x92, 0x2F, 0xBD, 0x21, 0x4F, 0xFD, 0xCE, 0x5A, 0x8A, 0x77, 0x99, 0x3D, 0x26,
    0x5C, 0x96, 0xD9, 0x8C, 0x6A, 0xBA, 0x73, 0xB9, 0x25, 0xED, 0xE5, 0xF1, 0xF9, 0x92, 0x2D, 0xBA,
    0x2A, 0x49, 0xC7, 0xA2, 0xEA, 0x8A, 0x3D, 0x75, 0xB9, 0xC6, 0x11, 0xBC, 0x00, 0xAE, 0x31, 0xEB,
    0x06, 0x15, 0xB5, 0x74, 0x60, 0x25, 0x9E, 0x48, 0x3D, 0xAE, 0x73, 0xD6, 0xEF, 0xA1, 0x7E, 0x8F,
    0xD0, 0x17, 0x01, 0x96, 0xA8, 0xAB, 0xE5, 0x90, 0xFB, 0xB1, 0x66, 0xB2, 0x90, 0x6C, 0x29, 0xE9,
    0x8E, 0xF9, 0x3B, 0x5A, 0xCF, 0x9C, 0xD4, 0xFC, 0xC3, 0x0A, 0x9E, 0x88, 0x76, 0x9C, 0x85, 0xAE,
    0x55, 0x20, 0x4E, 0x9E, 0x92, 0x3B, 0x9C, 0xF5, 0xF6, 0xA4, 0x26, 0x96, 0xBA, 0x6B, 0xA4, 0x3E,
    0x4F, 0x1D, 0x3F, 0x5B, 0xEF, 0xEC, 0x49, 0xB0, 0x27, 0x17, 0x81, 0x28, 0x0D, 0x53, 0xED, 0xAC,
    0xD6, 0xED, 0x7C, 0xB7, 0xD9, 0xC8, 0x4C, 0x29, 0xF8, 0x27, 0x61, 0xA7, 0x1B, 0x38, 0x2F, 0x4D,
    0x4D, 0x87, 0x11, 0x9B, 0x20, 0x83, 0x9F, 0x45, 0x99, 0x2C, 0x0F, 0x8C, 0x0C, 0xE6, 0x6A, 0x18,
    0x15, 0xD3, 0xFC, 0xCF, 0x06, 0x79, 0xB8, 0x46, 0x12, 0x27, 0x8C, 0x12, 0xD3, 0x75, 0xBA, 0xE6,
    0xE1, 0xE8, 0x2A, 0xD6, 0x67, 0x39, 0xD1, 0x1C, 0xA1, 0x61, 0xDE, 0x06, 0x24, 0x7F, 0x3C, 0xAC,
    0xA1, 0xFF, 0xDA, 0x57, 0x50, 0x9F, 0x0F, 0x14, 0xEE, 0x38, 0x17, 0x94, 0xD4, 0x92, 0x44, 0x22,
    0x98, 0xBB, 0xDF, 0x5A, 0xAC, 0x75, 0x8C, 0x78, 0xAE, 0xC2, 0xE9, 0x04, 0xF5, 0xB3, 0x6E, 0xF1,
    0xC1, 0x34, 0x38, 0x10, 0x6C, 0xCF, 0x1D, 0x3B, 0x5B, 0xCF, 0x22, 0x9B, 0x1D, 0x1D, 0x7B, 0xB9,
    0x26, 0xBF, 0x9C, 0xFE, 0xCA, 0x48, 0xA0, 0xA4, 0x31, 0xAF, 0xC8, 0xFA, 0x12, 0xDF, 0xE2, 0xB1,
    0x98, 0xD6, 0xA0, 0x80, 0x1B, 0xD3, 0xA2, 0x24, 0xFE, 0x4B, 0x85, 0xCD, 0x33, 0x98, 0x0E, 0xC9,
    0x3D, 0x16, 0x1A, 0x2F, 0x13, 0x8F, 0x91, 0x33, 0x75, 0x89, 0x3C, 0x31, 0xB7, 0x78, 0xF3, 0xF8,
    0xBF, 0xCF, 0xEA, 0xC9, 0x67, 0x8E, 0x02, 0x15, 0x4B, 0xFE, 0xA9, 0xA1, 0x3E, 0x85, 0x71, 0x5A,
    0xB4, 0x76, 0x2E, 0xA5, 0x18, 0x8F, 0xC4, 0x58, 0x3B, 0x3A, 0x79, 0xF4, 0xF1, 0x60, 0xFE, 0xF1,
    0xC8, 0x0D, 0x87, 0x0D, 0x8F, 0x5D, 0xFA, 0x4A, 0x32, 0x7B, 0x92, 0x1C, 0x70, 0xE5, 0xB4, 0xFD,
    0x4F, 0x72, 0xDC, 0x54, 0x0F, 0x49, 0xF7, 0x24, 0x49, 0xA9, 0xBE, 0x78, 0x48, 0xEA, 0x6D, 0xDA,
    0xFB, 0x3A, 0xD9, 0x8F, 0x4D, 0xA0, 0x97, 0x7E, 0x0D, 0x62, 0x26, 0x0E, 0x8D, 0x6E, 0xCA, 0x07,
    0x3B, 0x5D, 0x89, 0x9F, 0xE8, 0x3A, 0x1A, 0x8A, 0x4A, 0xE8, 0x28, 0xD2, 0xF8, 0x17, 0x4D, 0x54,
    0xBF, 0x8F, 0x1B, 0x45, 0x14, 0xFE, 0x76, 0x86, 0xBB, 0x29, 0x46, 0xDE, 0x49, 0xC1, 0x49, 0x48,
    0x9C, 0xCF, 0xF4, 0x6C, 0xE2, 0x14, 0x2E, 0x96, 0xB0, 0xF6, 0x4D, 0xB8, 0x22, 0xED, 0x15, 0x58,
    0x29, 0x5C, 0xDC, 0x3F, 0x80, 0xF0, 0x15, 0xCB, 0x0F, 0xA1, 0x5C, 0x3C, 0xD0, 0xD2, 0xA4, 0xA3,
    0x0C, 0x7F, 0x00, 0xC5, 0x16, 0x47, 0x11, 0xE9, 0x24, 0x3F, 0xA5, 0xA5, 0x99, 0x14, 0x88, 0x02,
    0x21, 0x0D, 0x22, 0x07, 0x42, 0xA2, 0x98, 0xC2, 0x85, 0x23, 0xC5, 0x5E, 0xDE, 0xAC, 0x8F, 0x1F,
    0x3B, 0xBB, 0xC5, 0xEC, 0x7B, 0xFB, 0xBD, 0xF7, 0x7D, 0xDF, 0x9B, 0xC5, 0xD2, 0xAA, 0x9F, 0x28,
    0x47, 0x28, 0x10, 0xCA, 0xCC, 0x37, 0x82, 0xA2, 0xA4, 0xA8, 0x6C, 0x34, 0x78, 0x76, 0x85, 0x61,
    0x80, 0xE1, 0x05, 0x1C, 0xA2, 0x40, 0x89, 0x11, 0xCE, 0xD1, 0x20, 0xF2, 0x02, 0x3F, 0x32, 0xA2,
    0x1F, 0xF0, 0x89, 0xCF, 0x9E, 0x93, 0x92, 0xEE, 0x50, 0xDA, 0xE3, 0x36, 0xA6, 0xE4, 0x1C, 0xE8,
    0x23, 0x6B, 0xD7, 0xE2, 0xC7, 0x53, 0xE9, 0xA0, 0xB6, 0xD8, 0x9B, 0x11, 0x84, 0x47, 0xE6, 0x21,
    0x08, 0xD2, 0xBD, 0xF7, 0x31, 0x86, 0x2F, 0x81, 0xB9, 0x17, 0xD7, 0xDF, 0x9A, 0x04, 0x8D, 0xC9,
    0x06, 0x8F, 0x67, 0xB6, 0x96, 0x74, 0x2E, 0x5D, 0xAD, 0xEC, 0x64, 0x0E, 0xBD, 0x86, 0x69, 0xD7,
    0x7B, 0x53, 0xAE, 0x42, 0x09, 0xB3, 0x00, 0x2E, 0x13, 0x00, 0x03, 0xF2, 0xEE, 0x36, 0xB8, 0x99,
    0x1D, 0xC2, 0xA5, 0xB4, 0x23, 0xF9, 0x65, 0x14, 0xAD, 0x33, 0x0F, 0xA9, 0x62, 0x0E, 0x08, 0x9F,
    0x0B, 0x9A, 0x9C, 0x59, 0x46, 0xC8, 0xB6, 0xD0, 0xDF, 0x50, 0x3F, 0xF3, 0x05, 0xFC, 0x1D, 0xE5,
    0xF5, 0xB6, 0x6B, 0x40, 0x59, 0x0C, 0xF0, 0xFD, 0x15, 0x16, 0x1E, 0x4C, 0x08, 0x77, 0xC1, 0x94,
    0x8E, 0x5B, 0xC7, 0xE0, 0x19, 0xB7, 0xE9, 0xD0, 0x5D, 0xCC, 0x84, 0x5F, 0xFA, 0x83, 0xA9, 0xE5,
    0xCD, 0xB2, 0xBD, 0x79, 0xFB, 0x26, 0x2E, 0x05, 0x29, 0xF4, 0x3A, 0x31, 0x76, 0x52, 0x04, 0x7E,
    0x1A, 0xD4, 0xA8, 0x38, 0xC8, 0x97, 0xE3, 0x6D, 0xCD, 0xC1, 0xDD, 0x1A, 0x71, 0x28, 0x64, 0x5E,
    0x3A, 0xCD, 0x5F, 0x34, 0xB0, 0x30, 0x9A, 0xF2, 0x4F, 0x83, 0xA1, 0x60, 0xE0, 0xFB, 0x19, 0x15,
    0x82, 0x4A, 0xE9, 0x46, 0x4C, 0x6A, 0x61, 0xE5, 0x1F, 0x5E, 0x23, 0xF4, 0x11, 0x8B, 0x8E, 0x44,
    0xDD, 0x79, 0xD1, 0x48, 0x6A, 0x94, 0x6D, 0x0C, 0xC6, 0x57, 0x18, 0x04, 0xE0, 0x4E, 0xB6, 0x91,
    0xDF, 0x71, 0xAD, 0x92, 0x8B, 0xA4, 0xFA, 0x01, 0x3E, 0xA3, 0x77, 0xFF, 0x5C, 0x6E, 0x30, 0x77,
    0xE2, 0xF7, 0x20, 0xF8, 0x55, 0xBA, 0x63, 0x92, 0x4A, 0x75, 0xC2, 0x3D, 0x42, 0x16, 0xA1, 0x1D,
    0x26, 0x53, 0xBB, 0x60, 0x1A, 0x43, 0x9F, 0x5D, 0xAF, 0x3A, 0xF5, 0x6A, 0xEC, 0x7B, 0x2C, 0x80,
    0xB7, 0x09, 0x19, 0x23, 0x07, 0xFE, 0xE4, 0xAE, 0xA4, 0x9D, 0xF4, 0xC0, 0x0A, 0x82, 0x3F, 0x8B,
    0xB8, 0x1D, 0x70, 0xE9, 0xC5, 0x0B, 0x52, 0x1F, 0x50, 0x5F, 0x3A, 0x36, 0xF8, 0x60, 0x66, 0xA1,
    0x3B, 0x8F, 0x7B, 0xAC, 0xD2, 0xEB, 0xEC, 0xFA, 0xC3, 0xA4, 0x5A, 0xB2, 0x15, 0xB2, 0xC5, 0x3E,
    0x3B, 0xCD, 0xA5, 0x91, 0xCC, 0xBE, 0x25, 0x69, 0x3C, 0xC7, 0x90, 0xAB, 0x0D, 0x43, 0xF6, 0x2A,
    0xAA, 0xCE, 0x39, 0x36, 0x7B, 0xBC, 0xC5, 0x64, 0xE6, 0x2A, 0x49, 0xB5, 0xA0, 0x91, 0xA4, 0x4A,
    0xB9, 0xC1, 0x1C, 0x2A, 0xF9, 0xFD, 0x7A, 0x6F, 0xBA, 0x4A, 0xCD, 0xEC, 0x4C, 0x2E, 0x52, 0x8F,
    0xDC, 0x97, 0xEC, 0x2C, 0x33, 0x69, 0xA8, 0x98, 0x39, 0x12, 0x85, 0x57, 0x2B, 0x99, 0x84, 0x2B,
    0xE5, 0x8B, 0x98, 0xB5, 0x4E, 0xB1, 0xC7, 0x08, 0x15, 0x22, 0xCB, 0x56, 0x09, 0x1A, 0xCE, 0x2D,
    0xA3, 0x61, 0x09, 0xF5, 0x33, 0xE5, 0x99, 0xE7, 0xD0, 0x21, 0x82, 0x51, 0x41, 0x6F, 0x3C, 0xEE,
    0xD3, 0x0E, 0xEE, 0xD6, 0x11, 0x9E, 0xAD, 0x19, 0x29, 0x59, 0xE6, 0x41, 0x19, 0x2D, 0x5B, 0xE9,
    0xA4, 0x55, 0xD8, 0x4F, 0x76, 0xAF, 0x0E, 0x4E, 0x87, 0x6D, 0xD8, 0x79, 0xBF, 0x68, 0xE9, 0x60,
    0x9A, 0xD2, 0xDE, 0xEA, 0xBC, 0xB7, 0x79, 0xE7, 0x7D, 0xCD, 0x2A, 0xEF, 0xD6, 0x39, 0xEF, 0x2A,
    0xBC, 0x91, 0x32, 0x9E, 0xB0, 0xEE, 0xA3, 0x6E, 0x5B, 0xDD, 0x58, 0xD4, 0xC0, 0x0B, 0xD2, 0xDC,
    0x78, 0xCD, 0xDE, 0x63, 0x11, 0xC4, 0x75, 0xD0, 0xF0, 0x3D, 0x41, 0x05, 0xF7, 0x6F, 0x5C, 0xF9,
    0xBE, 0x1B, 0xFF, 0x66, 0x07, 0x27, 0x56, 0x6C, 0x60, 0xCE, 0x50, 0x6A, 0x34, 0x47, 0x68, 0xD7,
    0xF8, 0xD5, 0xA6, 0x13, 0x76, 0xF1, 0x11, 0x06, 0x2F, 0x91, 0x42, 0x4F, 0x51, 0x49, 0xC7, 0x47,
    0xA3, 0x91, 0x36, 0x2A, 0xC4, 0x1C, 0x17, 0x3C, 0x0D, 0x1E, 0x86, 0xFB, 0x39, 0x21, 0xF9, 0x03,
    0xB2, 0xBF, 0x92, 0x5B, 0x79, 0x83, 0xA2, 0x46, 0x5D, 0x25, 0x10, 0xB1, 0x45, 0x7E, 0x66, 0x13,
    0x57, 0xCE, 0x69, 0xE9, 0xE8, 0xA1, 0x63, 0xF0, 0xC9, 0x05, 0x4C, 0xE8, 0xBC, 0xE9, 0x1C, 0x4B,
    0xA6, 0x7D, 0x4D, 0xF2, 0x8B, 0xA8, 0x7C, 0xD4, 0xF6, 0xBF, 0x89, 0x64, 0x09, 0x4B, 0x8E, 0xFD,
    0x3F, 0xED, 0x2B, 0x2F, 0x1F, 0x38, 0x75, 0x04, 0x13, 0xD3, 0xDD, 0x2F, 0x51, 0x14, 0xA8, 0x72,
    0x6E, 0xD8, 0x4A, 0x9B, 0x54, 0xD3, 0x6C, 0x4F, 0xCE, 0x34, 0x8B, 0x8E, 0xF7, 0xA8, 0x1B, 0xCE,
    0x73, 0x56, 0x44, 0x9B, 0x07, 0x5E, 0x7F, 0xF6, 0x4B, 0xD4, 0xCF, 0x63, 0x63, 0x4E, 0x7C, 0x34,
    0x92, 0x42, 0x5F, 0xDD, 0xA7, 0x42, 0x73, 0x19, 0x6E, 0xBF, 0xCC, 0x19, 0x3D, 0xE5, 0x69, 0xAF,
    0xEF, 0x45, 0xCD, 0x09, 0x8E, 0xFF, 0x3B, 0x21, 0x9D, 0xD8, 0x7F, 0xFB, 0x00, 0x94, 0xA6, 0x9B,
    0xA8, 0x6D, 0x72, 0xC4, 0x3E, 0x3C, 0xCB, 0x77, 0xFC, 0x14, 0xF7, 0xD6, 0x69, 0x40, 0xFE, 0x99,
    0xF8, 0xC4, 0xD9, 0xCC, 0xD2, 0x60, 0x1A, 0x07, 0xC1, 0x53, 0x37, 0xC6, 0x3B, 0x3D, 0x3C, 0x7E,
    0x04, 0x9D, 0x06, 0x4A, 0x59, 0x8D, 0xC5, 0x7A, 0x70, 0xDA, 0xBB, 0xF9, 0x93, 0x95, 0x18, 0x3F,
    0x19, 0xB8, 0xBF, 0x01, 0x6D, 0x56, 0x3D, 0x6F, 0x1C, 0x55, 0x14, 0x3D, 0x33, 0x0F, 0x32, 0x88,
    0x51, 0xF6, 0x59, 0x82, 0x82, 0x8F, 0x78, 0x27, 0x25, 0x85, 0xD7, 0x1B, 0xA4, 0x14, 0x46, 0xCC,
    0x7A, 0xC7, 0x80, 0x44, 0x81, 0x04, 0x29, 0xA0, 0x42, 0x88, 0x14, 0x74, 0x14, 0x01, 0xC9, 0x91,
    0x8C, 0x34, 0x61, 0x87, 0xA4, 0x08, 0x12, 0x12, 0xF0, 0x0B, 0x68, 0x68, 0x29, 0x2C, 0x64, 0x09,
    0x17, 0x6B, 0xEF, 0x23, 0x2E, 0x22, 0xE1, 0xC2, 0x13, 0x52, 0x50, 0x20, 0x91, 0xC1, 0x7C, 0x08,
    0x29, 0x45, 0x9E, 0x93, 0x15, 0x1A, 0x94, 0xDD, 0x7D, 0x9C, 0xFB, 0x66, 0x71, 0x52, 0x30, 0xAB,
    0xF7, 0x66, 0x77, 0x76, 0xE6, 0x7E, 0x9C, 0x7B, 0xEE, 0xB9, 0x83, 0x41, 0x05, 0xE5, 0x6A, 0xE8,
    0xE2, 0x34, 0x7A, 0x00, 0x36, 0xB8, 0x36, 0x13, 0x57, 0xD8, 0xAE, 0xCB, 0x6C, 0x0A, 0x8C, 0xB9,
    0x76, 0xD6, 0x81, 0xBE, 0x9B, 0x20, 0xE6, 0x7D, 0xB0, 0xBC, 0xA1, 0x02, 0x82, 0x12, 0x08, 0x0D,
    0xF8, 0xEC, 0x18, 0x91, 0x93, 0x8B, 0x8F, 0x9D, 0x06, 0x96, 0x36, 0x81, 0x95, 0x0A, 0xA1, 0xAB,
    0xD0, 0xE5, 0xCD, 0xEE, 0xA7, 0x5A, 0xDD, 0x3B, 0x38, 0x1D, 0xEF, 0x7D, 0x0E, 0xFD, 0xDA, 0x12,
    0x96, 0x5B, 0x29, 0x7A, 0x8B, 0xEB, 0xC8, 0x53, 0x8B, 0xFC, 0x62, 0x85, 0xE1, 0xB7, 0x06, 0xC3,
    0xDF, 0x0A, 0xEC, 0xEE, 0x67, 0x18, 0x1C, 0xD0, 0xC7, 0x3B, 0x21, 0xBA, 0xC3, 0x0B, 0x48, 0xDC,
    0x14, 0xCB, 0xEE, 0x4B, 0xB1, 0x84, 0x85, 0x8C, 0xA6, 0x43, 0xFE, 0x10, 0x7B, 0xD3, 0x60, 0x4B,
    0x59, 0x2C, 0xC4, 0xF4, 0xAB, 0x79, 0x79, 0x99, 0xAB, 0xA7, 0x63, 0x93, 0xEB, 0x6E, 0x99, 0xEB,
    0x8B, 0xE5, 0x50, 0x97, 0x18, 0xEA, 0x02, 0xC3, 0x04, 0xC8, 0x3B, 0xC0, 0x6A, 0x1A, 0xA1, 0x3B,
    0x1D, 0x40, 0xD3, 0x5E, 0x40, 0x13, 0xB4, 0xE1, 0x98, 0xC8, 0xCC, 0x27, 0x9A, 0x73, 0x0D, 0xB9,
    0x98, 0x92, 0x76, 0xAE, 0xE4, 0x32, 0xA1, 0xF5, 0xB7, 0x14, 0x7D, 0xE7, 0xB2, 0x88, 0x3E, 0xBC,
    0x9F, 0x82, 0x8B, 0x31, 0xD0, 0x24, 0xBA, 0x5C, 0x7D, 0xC8, 0x31, 0x2A, 0x98, 0xB4, 0x41, 0xB2,
    0x96, 0x79, 0x5B, 0x69, 0x03, 0xDC, 0x31, 0x16, 0x56, 0x6C, 0x56, 0x5C, 0x25, 0x42, 0xE6, 0xA0,
    0x88, 0x95, 0x12, 0x7B, 0x45, 0x63, 0x67, 0x40, 0x2C, 0x1D, 0x17, 0x8F, 0xF3, 0xF0, 0x77, 0x87,
    0x26, 0xDC, 0xBB, 0x6E, 0xD5, 0xC1, 0x9D, 0x5A, 0xFD, 0x35, 0xDB, 0x50, 0xD5, 0x64, 0x45, 0x7D,
    0x6F, 0xD7, 0xA3, 0x2B, 0x76, 0x33, 0x56, 0xC6, 0x32, 0xC5, 0x4A, 0xEB, 0x4F, 0xCA, 0x76, 0xFF,
    0x25, 0xD3, 0x19, 0x28, 0x93, 0x3A, 0x65, 0x56, 0x7F, 0x51, 0x46, 0x15, 0x0D, 0x0E, 0x8F, 0xC2,
    0xE7, 0x93, 0x32, 0x9F, 0x0D, 0x4C, 0xB1, 0x85, 0x19, 0x6C, 0xC0, 0x15, 0xDE, 0x42, 0xC5, 0xBC,
    0xEA, 0x84, 0x4B, 0x5D, 0xBD, 0x62, 0x98, 0x97, 0x95, 0xA5, 0xC3, 0xFD, 0x4C, 0x07, 0xB7, 0xD0,
    0x86, 0x43, 0x87, 0x37, 0xA7, 0x7C, 0x48, 0x1E, 0xDE, 0x16, 0x50, 0x46, 0x53, 0x9F, 0x21, 0x61,
    0x90, 0x93, 0x8D, 0x4B, 0x86, 0x17, 0x58, 0xF5, 0x2B, 0xF3, 0x08, 0xAB, 0xF0, 0x50, 0x52, 0x29,
    0x43, 0xE7, 0x18, 0xA9, 0x51, 0xCE, 0xB9, 0x69, 0x64, 0xA2, 0xEB, 0x57, 0xCA, 0xA7, 0xE2, 0xA2,
    0x1B, 0xBF, 0x6A, 0x04, 0x6A, 0xAD, 0x7C, 0xE6, 0x9A, 0x11, 0x30, 0xB8, 0x36, 0x06, 0x65, 0x1B,
    0x74, 0x13, 0xD9, 0x8E, 0x07, 0xAA, 0x4E, 0xFD, 0x69, 0x9B, 0xAB, 0xD7, 0x0E, 0xC6, 0x1B, 0x42,
    0x2D, 0x57, 0x49, 0x15, 0xFE, 0x9C, 0x65, 0x18, 0xFD, 0xF3, 0xC0, 0x39, 0x7D, 0x7B, 0xD7, 0x8D,
    0x67, 0xEF, 0x58, 0xDD, 0x70, 0x5F, 0x2A, 0x13, 0xED, 0xBB, 0x2A, 0x32, 0xDD, 0x64, 0xAD, 0x88,
    0xDD, 0xB4, 0xEB, 0xB1, 0x4E, 0x32, 0xE8, 0xC8, 0xC4, 0xF4, 0xAC, 0xAA, 0x70, 0x82, 0x76, 0x60,
    0x31, 0xA0, 0x53, 0xE1, 0x75, 0x8A, 0x4B, 0x59, 0x6C, 0x52, 0xF4, 0xC7, 0x49, 0xB1, 0x41, 0x6E,
    0x39, 0xB9, 0xCA, 0x4A, 0x11, 0xC7, 0xA8, 0x50, 0x45, 0x1E, 0x43, 0x15, 0x75, 0x0B, 0x6A, 0xAD,
    0x5E, 0x84, 0x7A, 0x89, 0x7C, 0x8F, 0x5E, 0xDE, 0x5A, 0x91, 0xFB, 0x26, 0x42, 0x86, 0x1A, 0xF1,
    0xE2, 0x87, 0xA5, 0xC4, 0x48, 0x8B, 0xB2, 0xB5, 0x36, 0xBF, 0x03, 0x5A, 0xD5, 0x88, 0x6E, 0xCD,
    0x54, 0xB6, 0x89, 0x10, 0xA4, 0x96, 0xCA, 0x5A, 0x49, 0xD7, 0x0A, 0x0F, 0x66, 0x9A, 0x9B, 0x6B,
    0x21, 0xCA, 0xF4, 0x22, 0xE2, 0xC7, 0xDB, 0x4B, 0xD0, 0xAD, 0x4E, 0x0A, 0xBD, 0x98, 0xA6, 0x68,
    0x2F, 0xA5, 0x1B, 0xE8, 0xA4, 0x2B, 0x5B, 0x48, 0x57, 0xD6, 0x2D, 0xD2, 0xF5, 0xF3, 0x16, 0x2B,
    0x5B, 0x41, 0x85, 0x75, 0x52, 0x10, 0x9B, 0xE4, 0x9E, 0x40, 0xF0, 0x34, 0xE6, 0x04, 0x6F, 0x36,
    0x61, 0x59, 0xC2, 0xBF, 0x19, 0x92, 0x99, 0x77, 0x29, 0xCB, 0x85, 0x13, 0xF5, 0x58, 0x2E, 0xD1,
    0xE7, 0x4E, 0x64, 0x11, 0x5A, 0xB2, 0x8D, 0x65, 0x29, 0xC9, 0x5C, 0xF2, 0x4D, 0x0B, 0x89, 0xB5,
    0x30, 0x38, 0x41, 0xBF, 0xE0, 0xB7, 0xFB, 0x04, 0xE9, 0x2A, 0x7B, 0x2D, 0x76, 0x64, 0x74, 0x58,
    0x6B, 0xEF, 0xA8, 0x69, 0x6D, 0xCF, 0x49, 0x1E, 0x17, 0xC6, 0x12, 0x3D, 0x74, 0xD9, 0xC1, 0x2A,
    0x1E, 0xF1, 0x0D, 0x32, 0x86, 0x6F, 0x48, 0xB9, 0x4B, 0x88, 0xDC, 0x27, 0xB1, 0x47, 0x0C, 0x42,
    0x1A, 0x44, 0x96, 0x27, 0xB7, 0x45, 0x11, 0xD6, 0xA4, 0xF7, 0x88, 0xC1, 0x27, 0xB5, 0x90, 0x31,
    0xC7, 0x36, 0x6B, 0x30, 0x66, 0x0B, 0x59, 0x56, 0xC8, 0x0E, 0x11, 0x1C, 0x32, 0xC0, 0x9F, 0x0B,
    0xC1, 0x54, 0x88, 0x58, 0x44, 0xBB, 0x6C, 0x88, 0x77, 0x89, 0x1D, 0xE3, 0x63, 0xE9, 0xD0, 0x66,
    0x9D, 0x3B, 0x7C, 0x24, 0xC5, 0x84, 0xEB, 0x12, 0x53, 0xEC, 0xCB, 0xBD, 0x9E, 0xB0, 0x88, 0xB3,
    0x86, 0xE9, 0x7A, 0x09, 0xDE, 0x7E, 0xDF, 0x20, 0x24, 0xF8, 0xC9, 0x64, 0x13, 0x9D, 0x01, 0xB3,
    0xA7, 0xDB, 0x88, 0x97, 0xE5, 0xEB, 0x45, 0xA1, 0x4B, 0xF9, 0xA0, 0xE9, 0x24, 0xC6, 0x87, 0x8E,
    0x76, 0x73, 0x1A, 0xFB, 0xBD, 0xF9, 0xEF, 0x59, 0x27, 0x7B, 0xF8, 0xC7, 0xA8, 0xF4, 0xFF, 0xDF,
    0x15, 0x31, 0x5B, 0x50, 0xA6, 0x96, 0xAB, 0x71, 0x26, 0x10, 0x10, 0xC0, 0xBC, 0xA9, 0xC2, 0xB0,
    0x01, 0xDE, 0x9F, 0xAC, 0x68, 0x87, 0x34, 0xB8, 0x18, 0x53, 0x86, 0xB1, 0x23, 0xBA, 0x9D, 0xA9,
    0x1F, 0xA7, 0x78, 0xAE, 0x8F, 0xF8, 0x87, 0x18, 0x67, 0x58, 0xF6, 0x53, 0x2A, 0xFB, 0x60, 0x15,
    0x3D, 0x2A, 0xD1, 0x99, 0xDB, 0x97, 0xED, 0x4E, 0x1B, 0xDD, 0xB5, 0x59, 0x76, 0xDB, 0xBB, 0x0F,
    0x9B, 0xC8, 0x54, 0xD1, 0xC4, 0xD2, 0x04, 0xD6, 0x6A, 0x4E, 0x4B, 0xCD, 0x69, 0x65, 0x1E, 0xE5,
    0x62, 0x81, 0xA5, 0x02, 0x69, 0x81, 0x4E, 0x26, 0x7C, 0x58, 0x04, 0x4E, 0x4A, 0xA8, 0xEA, 0x7D,
    0xC4, 0x7B, 0x78, 0xFA, 0x4A, 0xF6, 0xBC, 0xCA, 0xC4, 0x40, 0xEC, 0xAF, 0xBF, 0xE7, 0x1F, 0x1D,
    0xCC, 0xA4, 0xA8, 0x06, 0x5B, 0x51, 0x15, 0x39, 0x37, 0x8B, 0xD9, 0xAA, 0x8C, 0xD0, 0x52, 0x0F,
    0x26, 0x5E, 0x0F, 0x0C, 0x1B, 0xD7, 0x74, 0x33, 0x76, 0x90, 0xD7, 0x29, 0x8D, 0x46, 0x9B, 0x96,
    0xE7, 0x64, 0x4B, 0xE7, 0x12, 0xD9, 0xC4, 0x20, 0x8B, 0x43, 0xE0, 0x04, 0x71, 0x16, 0xB6, 0x4D,
    0x0F, 0x2B, 0x75, 0x54, 0x66, 0xF1, 0x35, 0xF2, 0xEB, 0x65, 0x83, 0x2E, 0x53, 0xE8, 0x31, 0x82,
    0x34, 0xEA, 0xB3, 0x9D, 0x06, 0x59, 0xDE, 0xD2, 0x18, 0x9E, 0x24, 0x66, 0xA7, 0x96, 0x91, 0x2F,
    0xF5, 0xD0, 0x5B, 0x49, 0xD1, 0xFD, 0x68, 0xE2, 0x35, 0x31, 0x64, 0x93, 0xFF, 0x37, 0x43, 0xE0,
    0x09, 0x28, 0x2A, 0xCB, 0x36, 0x12, 0x7D, 0x95, 0x6D, 0x55, 0xB6, 0xBF, 0xB9, 0x05, 0x77, 0xA5,
    0x82, 0xD7, 0xB8, 0x45, 0x97, 0x4B, 0xEA, 0x37, 0x1B, 0x37, 0x94, 0x0D, 0x29, 0x7B, 0x85, 0x29,
    0x4D, 0x65, 0x9B, 0x10, 0xFF, 0x40, 0x48, 0x4F, 0x9B, 0x24, 0x92, 0x95, 0x1C, 0x2C, 0xA9, 0x2B,
    0x2E, 0xA2, 0x99, 0xB0, 0xB5, 0xC4, 0x0B, 0x91, 0x97, 0xB0, 0xB9, 0xD2, 0x1E, 0x23, 0x80, 0x67,
    0x6B, 0xCC, 0x15, 0xB1, 0xD2, 0xC5, 0x03, 0x85, 0x4F, 0xA0, 0x18, 0xCE, 0x05, 0xB1, 0x8E, 0x60,
    0xF4, 0x3B, 0x3C, 0xDC, 0xBE, 0x20, 0xE9, 0x43, 0x93, 0xE8, 0xA8, 0x56, 0xD6, 0x9E, 0xA6, 0x30,
    0x43, 0xAF, 0x95, 0x58, 0x66, 0x2D, 0x7B, 0x0C, 0x22, 0x27, 0x12, 0x79, 0x94, 0x61, 0xC8, 0x4A,
    0x0C, 0x09, 0xE9, 0x90, 0xE5, 0xCC, 0x59, 0x92, 0xD5, 0x53, 0xCD, 0x64, 0x3B, 0x9E, 0x44, 0xEB,
    0x32, 0x66, 0xB9, 0xCE, 0x71, 0x75, 0x88, 0x79, 0x8F, 0x98, 0x53, 0x1B, 0x90, 0x13, 0xF3, 0xED,
    0x6D, 0x89, 0xCB, 0x37, 0x49, 0x70, 0x44, 0xC4, 0xA8, 0xB9, 0xEA, 0xA6, 0x81, 0xDA, 0x63, 0xD3,
    0x5D, 0x37, 0x88, 0x3F, 0x63, 0xC3, 0xBC, 0xC1, 0x56, 0xD6, 0xD2, 0x3C, 0xAF, 0x20, 0x89, 0x27,
    0x48, 0x42, 0x52, 0x31, 0xA6, 0x6A, 0x0E, 0x9C, 0x0D, 0x6A, 0x6A, 0x66, 0x79, 0xDC, 0x98, 0x44,
    0x5C, 0x06, 0x16, 0x01, 0x4D, 0xC8, 0x3A, 0xE9, 0x1A, 0x2A, 0x23, 0x7F, 0x64, 0xBD, 0xDB, 0x5F,
    0x14, 0x5F, 0x5D, 0x3C, 0xC8, 0xBE, 0xF9, 0xF0, 0x16, 0xF2, 0xAF, 0x27, 0x1E, 0xAA, 0xB3, 0x37,
    0xFD, 0x04, 0x1C, 0xFB, 0xA6, 0xF3, 0x93, 0xCA, 0x95, 0x23, 0x91, 0xA5, 0x87, 0x69, 0x31, 0x9F,
    0x76, 0x9C, 0x33, 0x4D, 0x25, 0x05, 0xDD, 0xFF, 0x69, 0xBA, 0x70, 0xF7, 0xAD, 0x73, 0xC4, 0xB0,
    0x0A, 0xDE, 0xA6, 0x86, 0xD2, 0x86, 0xF6, 0xAA, 0xBE, 0xDD, 0x3C, 0x40, 0xA5, 0xEE, 0x93, 0x4C,
    0x83, 0xBA, 0x31, 0x2B, 0xB8, 0x4B, 0x0D, 0x84, 0x0B, 0x3E, 0x66, 0x69, 0x10, 0x11, 0xA4, 0x37,
    0x1F, 0xA6, 0x63, 0x98, 0xE1, 0xD2, 0x88, 0xF8, 0xFD, 0x0E, 0x5D, 0x07, 0x78, 0xE6, 0x68, 0xC7,
    0x4F, 0xDC, 0x3E, 0x47, 0xC6, 0x8B, 0x06, 0xE7, 0xA4, 0x03, 0xA3, 0x22, 0xAC, 0xE2, 0x4C, 0x19,
    0x51, 0x3D, 0x4D, 0xAB, 0xED, 0x40, 0x44, 0x9C, 0xBE, 0x04, 0x83, 0x1D, 0xFF, 0x26, 0x21, 0x1D,
    0x77, 0x40, 0xE2, 0xA9, 0x7D, 0xD9, 0xEE, 0x70, 0x23, 0xB5, 0x48, 0x4A, 0xA6, 0x3C, 0xA6, 0xAB,
    0x13, 0xA2, 0x3E, 0x94, 0x9F, 0x5C, 0xFC, 0x8E, 0x65, 0xBC, 0xDF, 0x37, 0x0B, 0x79, 0xE0, 0x6E,
    0xD8, 0xB1, 0xBA, 0xEF, 0xEE, 0x57, 0xDD, 0xC3, 0x19, 0x5F, 0x10, 0xBE, 0xAF, 0x76, 0xF0, 0x84,
    0xC9, 0x16, 0x7C, 0xB2, 0x3E, 0x6B, 0xC8, 0x98, 0x42, 0x50, 0x4B, 0x53, 0x8F, 0x24, 0xD1, 0xA4,
    0x99, 0xA3, 0x81, 0xDF, 0xB5, 0xFF, 0xEA, 0x05, 0x26, 0xF1, 0x42, 0xBB, 0xFB, 0xF1, 0x48, 0xB2,
    0x4C, 0x93, 0x82, 0x39, 0xA7, 0x4C, 0x3B, 0xC9, 0x36, 0x68, 0xA6, 0x87, 0x2D, 0xDA, 0x19, 0x72,
    0x74, 0xB3, 0x55, 0x65, 0x17, 0x76, 0x87, 0x56, 0x99, 0xB0, 0x0C, 0x6D, 0x5C, 0xF0, 0x6C, 0x75,
    0x26, 0x7B, 0x02, 0x49, 0x75, 0x95, 0xFA, 0xA4, 0xAA, 0x1E, 0x45, 0x43, 0x95, 0xB9, 0x17, 0xA1,
    0x61, 0xA3, 0x17, 0x09, 0x6B, 0xC9, 0xC4, 0x27, 0x92, 0xC4, 0xAE, 0xA0, 0xD7, 0x95, 0x6E, 0x4E,
    0xE4, 0x8D, 0x27, 0x91, 0x57, 0x9E, 0xAE, 0x28, 0xE0, 0x25, 0x36, 0xC5, 0x09, 0x99, 0x85, 0x04,
    0x48, 0x14, 0xBE, 0xC9, 0xC3, 0x6B, 0xA2, 0x1F, 0x09, 0x7D, 0x79, 0xDD, 0xF3, 0x43, 0x42, 0x5A,
    0xC3, 0xD7, 0x88, 0xC7, 0x93, 0xE7, 0xFC, 0x2B, 0x1E, 0x46, 0xCD, 0xA4, 0x48, 0xEE, 0x4D, 0xD1,
    0xFB, 0xED, 0x53, 0xD4, 0x37, 0xB3, 0xE0, 0xE8, 0x7A, 0xA6, 0x0E, 0xF7, 0x49, 0xD4, 0x2F, 0x10,
    0xED, 0xBD, 0x8E, 0xE8, 0xDA, 0x63, 0xC7, 0x53, 0xC2, 0x4F, 0x8A, 0xF9, 0xB4, 0x90, 0x57, 0x22,
    0x69, 0x47, 0x92, 0x8B, 0x50, 0xB1, 0x20, 0x31, 0x9B, 0xAB, 0x45, 0x89, 0x39, 0xC9, 0x25, 0x8E,
    0xA5, 0xF1, 0x38, 0xD1, 0xC3, 0x52, 0xFB, 0x52, 0xCA, 0x8A, 0x8A, 0x9C, 0x24, 0x92, 0x17, 0x0B,
    0xF6, 0x39, 0xB3, 0x68, 0x33, 0xB1, 0x0E, 0x3F, 0xA9, 0x7C, 0x82, 0x9A, 0xB6, 0x38, 0x95, 0x58,
    0xC5, 0xC5, 0xB3, 0x6C, 0xD5, 0x0F, 0x98, 0x71, 0xF3, 0x22, 0x8A, 0x7F, 0x01, 0x8D, 0x54, 0xC1,
    0x6A, 0x13, 0x51, 0x14, 0x3D, 0x33, 0x13, 0x32, 0x9A, 0x69, 0x1A, 0x17, 0x2E, 0x84, 0xA6, 0x4D,
    0x17, 0x2E, 0x14, 0x6A, 0x32, 0x98, 0xA0, 0x42, 0x23, 0x19, 0x70, 0x5B, 0xC4, 0x3F, 0xB0, 0xEE,
    0xA5, 0x46, 0xDA, 0x85, 0x88, 0x4D, 0x02, 0x2E, 0xDC, 0xB8, 0xC8, 0x0F, 0x08, 0xC1, 0x95, 0x20,
    0x42, 0xC0, 0x2C, 0x54, 0xAC, 0x79, 0xD0, 0x45, 0x56, 0x85, 0xA8, 0xBB, 0xAE, 0xE6, 0x03, 0x84,
    0x66, 0x91, 0x45, 0x85, 0x68, 0x3C, 0xF7, 0xCE, 0x38, 0x49, 0x70, 0x61, 0x1F, 0xBC, 0xCB, 0xE4,
    0xCD, 0x9B, 0x7B, 0xCF, 0x3D, 0xE7, 0xDC, 0x00, 0xBA, 0xD2, 0x46, 0x62, 0x43, 0xC2, 0x4A, 0x5B,
    0x62, 0x6D, 0xCA, 0x35, 0x29, 0xB4, 0xE4, 0xD9, 0x1A, 0xEB, 0x9D, 0x35, 0xCC, 0xD6, 0x45, 0xE0,
    0x33, 0xAC, 0x09, 0x9C, 0x09, 0xBC, 0x77, 0xC8, 0x1F, 0xA3, 0x32, 0xC0, 0x83, 0x01, 0xEC, 0x16,
    0x9C, 0x00, 0x0E, 0xE0, 0x02, 0x19, 0x20, 0x0B, 0x2C, 0x01, 0x79, 0xE0, 0x0A, 0x50, 0x01, 0x7C,
    0xA0, 0x0E, 0x74, 0x80, 0xE1, 0x5C, 0x26, 0x74, 0x35, 0xEE, 0x68, 0xB4, 0xC3, 0xA8, 0xAE, 0x3C,
    0xBB, 0xE3, 0x04, 0x92, 0x93, 0x7C, 0x60, 0xE1, 0x4C, 0xD9, 0x0D, 0x2C, 0x83, 0xD7, 0x2F, 0xB0,
    0xBB, 0x85, 0x72, 0x05, 0x9B, 0x5D, 0x94, 0x0C, 0x4A, 0xC1, 0x5C, 0x07, 0xB6, 0x41, 0x4F, 0x93,
    0x97, 0x02, 0x8F, 0xF7, 0xED, 0x71, 0x54, 0x97, 0x77, 0x58, 0xD7, 0x1E, 0xEB, 0xAB, 0x22, 0x9C,
    0x76, 0x52, 0x37, 0x80, 0x67, 0x50, 0x30, 0xA8, 0x19, 0x7C, 0x1A, 0x5A, 0x47, 0x1D, 0x67, 0xAB,
    0x9E, 0xCE, 0xD7, 0x17, 0x4A, 0x87, 0x52, 0x5A, 0xEA, 0x0E, 0xB0, 0xFB, 0x12, 0xE5, 0xBD, 0x7F,
    0xEA, 0x7E, 0xE4, 0x9E, 0xF2, 0xD6, 0xC1, 0x3E, 0xF0, 0x36, 0x05, 0xEC, 0x92, 0xF4, 0x3A, 0x7F,
    0xFB, 0x7B, 0xC0, 0xFA, 0x06, 0x5F, 0xE6, 0xA4, 0x57, 0x52, 0x6E, 0x0D, 0x63, 0x5E, 0xE4, 0x70,
    0x59, 0x0E, 0x03, 0x6D, 0x3D, 0x59, 0x8F, 0x02, 0x11, 0x6A, 0x2A, 0x8F, 0x3F, 0x7F, 0x49, 0xBC,
    0xF3, 0x43, 0x15, 0xF2, 0x25, 0xF6, 0x42, 0xF9, 0xE2, 0xAB, 0x28, 0x5A, 0xB0, 0xE5, 0xE2, 0x13,
    0xED, 0x58, 0x39, 0xCC, 0xE9, 0xE7, 0xCF, 0x22, 0xAE, 0xF5, 0x40, 0x2E, 0xA0, 0xAA, 0xC7, 0xEB,
    0x49, 0x7E, 0xB2, 0x28, 0x7D, 0x09, 0xB9, 0xF0, 0x24, 0x9B, 0x24, 0x93, 0xFB, 0x7B, 0x31, 0xA8,
    0x1C, 0x25, 0x70, 0x9E, 0x13, 0xD4, 0x77, 0xFE, 0x78, 0x1F, 0xE0, 0x6A, 0x31, 0xC0, 0xCA, 0x09,
    0xA1, 0x37, 0xB9, 0xD3, 0x73, 0x48, 0x3D, 0x8D, 0xB7, 0x35, 0x8E, 0x54, 0x56, 0xB5, 0x54, 0x51,
    0x0F, 0x54, 0x61, 0xD7, 0x24, 0xE6, 0xEA, 0xF4, 0x84, 0xEA, 0x43, 0x39, 0x70, 0xEE, 0xCB, 0x41,
    0xE6, 0x83, 0xC4, 0xC2, 0x37, 0x39, 0xA9, 0x7D, 0x11, 0xA8, 0x4D, 0x95, 0xE4, 0x32, 0x16, 0x16,
    0x49, 0xA7, 0x83, 0x85, 0xB9, 0x86, 0x74, 0x48, 0x07, 0x6F, 0xCC, 0x1C, 0x6C, 0x85, 0xE2, 0x60,
    0xED, 0x60, 0x2D, 0x42, 0x93, 0x9D, 0xFF, 0x54, 0xE1, 0xB8, 0x41, 0x57, 0x99, 0xDE, 0x51, 0x2E,
    0x12, 0x17, 0x92, 0x33, 0xBA, 0x90, 0x79, 0x1B, 0xF2, 0x52, 0x5C, 0xB8, 0x31, 0x5F, 0x56, 0x94,
    0xA9, 0x71, 0xF7, 0x99, 0xE6, 0x84, 0xB6, 0x7F, 0xDA, 0x42, 0xE6, 0x46, 0x0B, 0xF9, 0xC7, 0x26,
    0x52, 0x4F, 0x18, 0x37, 0x11, 0x3A, 0x0E, 0x86, 0x8A, 0x78, 0x48, 0xC7, 0x0E, 0x68, 0x9A, 0x63,
    0xFA, 0xE5, 0x15, 0xCF, 0xFB, 0x3C, 0x6B, 0x26, 0x02, 0xE8, 0xEA, 0x4F, 0xC7, 0xF1, 0xD3, 0x85,
    0x99, 0x4C, 0x05, 0xE9, 0xDD, 0x12, 0x54, 0xD3, 0x48, 0x31, 0x95, 0x10, 0x4A, 0x4F, 0x4C, 0xA6,
    0x2B, 0x2F, 0x4F, 0x23, 0x4E, 0x71, 0x4D, 0x63, 0x2A, 0xCA, 0x73, 0x8F, 0x59, 0xC8, 0xBD, 0x4B,
    0x4C, 0xAB, 0xB7, 0xA8, 0x21, 0x55, 0x1D, 0xAD, 0xC2, 0x19, 0x95, 0xB0, 0xDC, 0xB9, 0x89, 0x73,
    0xC3, 0xEB, 0x84, 0xB9, 0x4D, 0x98, 0x6D, 0xC2, 0x34, 0x84, 0xC9, 0x4D, 0x5A, 0x5C, 0x7A, 0x27,
    0xC3, 0x61, 0xCB, 0x72, 0x2F, 0x51, 0xD2, 0xFC, 0x79, 0x4E, 0x1A, 0xE1, 0x57, 0xB8, 0xFD, 0x4B,
    0x74, 0xEE, 0xA2, 0x08, 0x71, 0x07, 0x44, 0x97, 0x13, 0x20, 0x21, 0x66, 0x4E, 0xFB, 0x6B, 0x3B,
    0x14, 0x10, 0xA3, 0x6E, 0xCA, 0x15, 0xD5, 0x1D, 0x07, 0x98, 0x9B, 0x70, 0x5B, 0x25, 0xE1, 0xB0,
    0x9D, 0xA5, 0x78, 0x87, 0x6E, 0x1F, 0xFA, 0x0B, 0xD8, 0xCB, 0xC1, 0x11, 0x36, 0xAD, 0x53, 0xFA,
    0x7E, 0x84, 0x65, 0x4A, 0xEE, 0x51, 0x70, 0xE7, 0x21, 0xF7, 0x28, 0x1E, 0xAA, 0x58, 0xF4, 0x50,
    0x68, 0x22, 0xA7, 0xA4, 0x49, 0x90, 0xB4, 0x3C, 0x19, 0xBA, 0xD1, 0xBE, 0xF6, 0xD1, 0x53, 0xDC,
    0x42, 0xA0, 0x13, 0x0A, 0xA7, 0xBF, 0xC5, 0xA7, 0xC2, 0x5F, 0x55, 0x87, 0x25, 0x15, 0xB1, 0xCA,
    0x3F, 0x40, 0xFE, 0x03, 0xC2, 0xE2, 0xDC, 0xB9, 0x77, 0xC9, 0x2B, 0xE7, 0xA1, 0xEA, 0x06, 0x98,
    0x78, 0xC6, 0x79, 0x93, 0x35, 0xB6, 0x9F, 0x6F, 0xC1, 0xA7, 0xCE, 0xDB, 0x9C, 0xA2, 0xB6, 0x60,
    0xAC, 0x13, 0x63, 0x87, 0x18, 0x87, 0xFF, 0xC5, 0xF8, 0x07, 0x75, 0x55, 0xCD, 0x8A, 0xDB, 0x56,
    0x18, 0x3D, 0x92, 0x83, 0x45, 0x10, 0xF5, 0xED, 0xA2, 0x9B, 0x32, 0x71, 0xD4, 0x45, 0x96, 0x33,
    0x71, 0x97, 0xA6, 0x78, 0x2C, 0xED, 0xBB, 0xE9, 0x7B, 0x14, 0x9A, 0x2E, 0xBC, 0x30, 0xD4, 0x89,
    0xF5, 0x08, 0xF3, 0x28, 0x53, 0x30, 0xD4, 0xD0, 0x81, 0x5C, 0xFA, 0x04, 0x7A, 0x81, 0x82, 0x9A,
    0x66, 0xD1, 0xDD, 0xDC, 0x85, 0x0B, 0x13, 0xB0, 0x75, 0x7B, 0xCE, 0xBD, 0xB2, 0xDD, 0x49, 0x88,
    0xE0, 0x13, 0x1A, 0xDF, 0xEF, 0x3B, 0xDF, 0xCF, 0x39, 0xF7, 0x1B, 0x0C, 0x1F, 0x80, 0xD2, 0x57,
    0x78, 0x61, 0x2C, 0x30, 0x68, 0x80, 0xB4, 0xED, 0xAD, 0xC1, 0xAB, 0xBF, 0x9B, 0x81, 0xF7, 0xD6,
    0xD8, 0x49, 0xFD, 0x12, 0xA6, 0x9A, 0xA1, 0xC0, 0x12, 0xD7, 0xD8, 0x62, 0x85, 0x6D, 0xE2, 0xF0,
    0x3A, 0x6B, 0x30, 0x61, 0x68, 0x4E, 0x08, 0x78, 0xBF, 0xA3, 0x39, 0x7E, 0xD1, 0x92, 0x18, 0x8F,
    0x81, 0x30, 0x6D, 0xEE, 0x7D, 0x4D, 0xAB, 0x00, 0x83, 0x68, 0xCF, 0x69, 0x57, 0xB4, 0x19, 0xD6,
    0x7E, 0xCF, 0x30, 0x01, 0xE0, 0x29, 0x6D, 0x4C, 0x9B, 0xB2, 0x9E, 0x03, 0x6D, 0xCF, 0x58, 0x5A,
    0xB6, 0x04, 0xBE, 0xD8, 0xF0, 0x67, 0xE2, 0xDE, 0xBA, 0xD4, 0xFB, 0x96, 0xD6, 0x20, 0x23, 0xF6,
    0x88, 0x76, 0x99, 0xD5, 0xF8, 0x39, 0xAF, 0xD0, 0x18, 0x14, 0xDE, 0x33, 0xAC, 0xC3, 0x88, 0x20,
    0x97, 0xB4, 0xAF, 0x70, 0x7E, 0x2E, 0xBA, 0xD4, 0x22, 0xF1, 0xFE, 0xBE, 0x46, 0xDE, 0x26, 0x1D,
    0x30, 0x07, 0xF8, 0xDE, 0x61, 0x70, 0xAF, 0x6E, 0x8B, 0xEF, 0x2B, 0x62, 0xBD, 0xCE, 0xEA, 0xBC,
    0x4A, 0x5C, 0x56, 0x1B, 0xE4, 0x56, 0xEF, 0x09, 0xF2, 0x6A, 0x84, 0x3B, 0xD6, 0x6C, 0x06, 0x2D,
    0xAB, 0x36, 0xA6, 0x66, 0xCD, 0x79, 0x0C, 0xDC, 0x81, 0xFD, 0x67, 0x1F, 0xB0, 0xAE, 0x50, 0xBC,
    0x55, 0x0B, 0xAB, 0xAC, 0x63, 0x8F, 0xDF, 0xF4, 0x19, 0xD3, 0x9A, 0xBD, 0x72, 0x06, 0x13, 0xCE,
    0x62, 0xCE, 0xDA, 0xFF, 0x75, 0x48, 0x9D, 0xE3, 0x38, 0x1C, 0x4C, 0xBD, 0xE3, 0x28, 0x77, 0x61,
    0x94, 0x5B, 0xDC, 0x71, 0x94, 0x2B, 0x4E, 0x7E, 0x95, 0x5B, 0xCC, 0x0A, 0xE0, 0x9A, 0xA5, 0xCD,
    0xD7, 0xDE, 0x77, 0xDE, 0x73, 0x0E, 0x6B, 0x35, 0xFB, 0x96, 0x2C, 0xE0, 0x81, 0x45, 0x71, 0xB8,
    0x79, 0x4D, 0x7F, 0x53, 0xB1, 0x68, 0x03, 0x16, 0x55, 0x88, 0xB4, 0x97, 0xC8, 0x2C, 0xD1, 0x04,
    0x40, 0x70, 0xD2, 0x63, 0x2A, 0x02, 0x17, 0x2A, 0x73, 0x22, 0x42, 0xE6, 0x60, 0xCC, 0xB5, 0x1A,
    0x5D, 0xC9, 0xFD, 0x2E, 0x10, 0x5D, 0x92, 0x16, 0xC1, 0x57, 0x3C, 0xE1, 0x33, 0xD1, 0x8B, 0x71,
    0x10, 0x02, 0x04, 0x08, 0xE1, 0xB3, 0x11, 0x91, 0xAA, 0x80, 0x78, 0x30, 0x97, 0x9F, 0x08, 0x93,
    0x48, 0x94, 0xB2, 0x0F, 0x25, 0x52, 0xAB, 0x42, 0x1B, 0x7E, 0x1D, 0xBC, 0xDF, 0x53, 0x39, 0x6D,
    0xA6, 0x3F, 0xF5, 0x24, 0x72, 0xC5, 0x23, 0x01, 0x88, 0xA9, 0x35, 0x8D, 0x25, 0x83, 0xB2, 0x02,
    0x36, 0x51, 0x3B, 0xF8, 0x41, 0xC7, 0x25, 0x7B, 0x52, 0xDC, 0x1E, 0x51, 0x45, 0xC8, 0xAA, 0x3E,
    0x34, 0x50, 0x4B, 0x91, 0xF0, 0xB9, 0x45, 0x90, 0x5A, 0x2E, 0x8F, 0xB2, 0xA6, 0xC7, 0xC0, 0xD2,
    0x23, 0xB5, 0xF4, 0x48, 0x1A, 0x79, 0x38, 0xE1, 0xFD, 0xAA, 0x3A, 0x7F, 0x11, 0x46, 0x59, 0x1D,
    0x8B, 0x7D, 0x76, 0xD4, 0x45, 0xFA, 0x3E, 0xBB, 0x31, 0x5D, 0xE9, 0xAE, 0x0B, 0xB7, 0x9D, 0x66,
    0x76, 0x3A, 0x2B, 0x9A, 0x4D, 0x79, 0xF0, 0x6D, 0xDE, 0xAC, 0x6B, 0x0C, 0x59, 0x4B, 0x0E, 0x0E,
    0x9A, 0x49, 0x46, 0xD4, 0xF3, 0x58, 0x7A, 0xA3, 0xCD, 0xA8, 0xB9, 0x29, 0x35, 0xB7, 0x60, 0xB6,
    0x5B, 0x9A, 0xA3, 0xE2, 0xDC, 0x98, 0xA5, 0x5C, 0x52, 0xF5, 0x33, 0x56, 0x31, 0xA5, 0x2D, 0x90,
    0xD5, 0xB7, 0xD4, 0x8F, 0xEB, 0x21, 0x1A, 0x42, 0xD8, 0xCF, 0x43, 0xE8, 0x4A, 0x24, 0x0D, 0x01,
    0x6C, 0x0F, 0x50, 0x13, 0xA0, 0x22, 0x00, 0x67, 0x62, 0x08, 0x30, 0x22, 0xC0, 0x38, 0x55, 0xF0,
    0x9F, 0x98, 0xF1, 0x5E, 0x4C, 0xA9, 0xAD, 0xC5, 0x1A, 0xF8, 0xFD, 0x9E, 0x42, 0x1E, 0x21, 0xDD,
    0x8D, 0x31, 0x61, 0xEE, 0xEF, 0x42, 0xF8, 0x92, 0xE1, 0x1B, 0x86, 0xBB, 0x18, 0xFE, 0x51, 0xF9,
    0x1A, 0x02, 0x99, 0x4C, 0xBC, 0x6E, 0xE7, 0x5F, 0x47, 0x12, 0x03, 0xF5, 0x85, 0x0E, 0xC3, 0xE4,
    0x83, 0x26, 0x44, 0x0D, 0x85, 0x04, 0x09, 0xA9, 0x67, 0x27, 0x71, 0x47, 0xEA, 0x83, 0x24, 0x22,
    0x37, 0x7A, 0xE5, 0x27, 0x82, 0xCE, 0x20, 0xB3, 0xA3, 0x56, 0x4A, 0x45, 0x95, 0x92, 0x0F, 0x69,
    0x16, 0xA9, 0x1B, 0xFC, 0xFF, 0x59, 0xC2, 0x1D, 0xD2, 0x07, 0xBE, 0x4F, 0x1F, 0x8F, 0x8E, 0x8F,
    0x21, 0x79, 0x8B, 0xAA, 0xEC, 0xD2, 0x7A, 0xC1, 0xAD, 0x53, 0xA7, 0x0F, 0xF1, 0xF0, 0x0D, 0x9E,
    0x64, 0xBE, 0x5D, 0x8C, 0x32, 0xEF, 0x9E, 0xE0, 0x27, 0x15, 0x81, 0xE1, 0x01, 0xCD, 0x84, 0x57,
    0xE6, 0x05, 0x3F, 0xE2, 0xB3, 0xED, 0x39, 0xFF, 0x96, 0xA6, 0x62, 0xE9, 0x96, 0x04, 0x57, 0x2D,
    0x8D, 0xE0, 0x7B, 0xCC, 0x45, 0x19, 0x4B, 0xC5, 0x7D, 0xA7, 0xEA, 0xCC, 0x80, 0x32, 0xDE, 0xE5,
    0x5A, 0x6E, 0x6A, 0x99, 0x7D, 0x32, 0xC6, 0x2A, 0xE6, 0xEC, 0x11, 0x97, 0x8D, 0xFC, 0xB2, 0xB8,
    0x04, 0x61, 0x28, 0xFF, 0xA2, 0x97, 0x3F, 0x7D, 0xEB, 0x70, 0xDB, 0x82, 0xD7, 0x32, 0x4C, 0x52,
    0x39, 0x94, 0x4B, 0xC1, 0xA7, 0x6F, 0x77, 0xCE, 0x6F, 0xFA, 0x6D, 0xD8, 0x5F, 0x1E, 0xBC, 0xD2,
    0x88, 0x0F, 0x62, 0xED, 0x86, 0x7F, 0xBC, 0xE7, 0xE4, 0xD5, 0x5B, 0x16, 0x2E, 0x68, 0x17, 0x92,
    0x88, 0xA2, 0x44, 0x49, 0x50, 0xE8, 0xD7, 0xE4, 0x26, 0x46, 0x1F, 0xAF, 0x79, 0x1D, 0xBA, 0x0E,
    0x6C, 0x08, 0xE2, 0x42, 0xE1, 0x6B, 0x3A, 0x0E, 0x39, 0xDA, 0x74, 0x1F, 0xBE, 0x2F, 0x3E, 0x60,
    0xC8, 0x75, 0x60, 0xF8, 0xEB, 0xD7, 0x38, 0x45, 0x5B, 0x19, 0x0F, 0x74, 0xBB, 0x5B, 0x6E, 0xBD,
    0xB0, 0x06, 0x9E, 0xF7, 0xEC, 0xAE, 0xFA, 0x86, 0x96, 0xFD, 0xF7, 0x3C, 0x8C, 0x74, 0x8F, 0x34,
    0xD8, 0x3F, 0x18, 0x84, 0xBD, 0x5F, 0x7C, 0xFA, 0xBF, 0x25, 0x28, 0x87, 0x97, 0x20, 0xA8, 0xE5,
    0x8E, 0x05, 0x72, 0x24, 0x5A, 0x9F, 0x3A, 0x3B, 0xE5, 0xBA, 0x64, 0xAE, 0x05, 0x73, 0x39, 0x4A,
    0xDE, 0x72, 0x41, 0x56, 0x58, 0x32, 0xF1, 0x92, 0x89, 0x57, 0x1C, 0x55, 0xD9, 0xC4, 0x5C, 0x86,
    0x76, 0x75, 0xDA, 0xF7, 0x03, 0x9B, 0xFA, 0xFB, 0x2A, 0xE6, 0x2D, 0x99, 0xE3, 0xB7, 0x06, 0xC9,
    0xBB, 0x16, 0x83, 0x3F, 0x78, 0x09, 0x89, 0x7D, 0x45, 0xA0, 0x25, 0xF3, 0x3A, 0x2E, 0x4E, 0x7B,
    0xCE, 0xAB, 0x5E, 0xBE, 0x0C, 0xF1, 0x3F, 0xFA, 0x40, 0x64, 0xBC, 0x23, 0xA1, 0x27, 0x9C, 0x25,
    0x6F, 0x1F, 0xBF, 0xC4, 0x6E, 0xD4, 0x21, 0xCB, 0xE5, 0x4C, 0xFB, 0x6D, 0x17, 0x67, 0x1E, 0x19,
    0x5F, 0x13, 0x3C, 0x1C, 0xA6, 0xBB, 0xD0, 0x68, 0x1C, 0xDB, 0x71, 0x74, 0xFD, 0xCE, 0x13, 0xD0,
    0xA4, 0x32, 0x5C, 0xF7, 0x45, 0x77, 0x73, 0x42, 0x90, 0xFD, 0x07, 0x3D, 0x90, 0xB1, 0x6D, 0x04,
    0x21, 0x14, 0x44, 0x67, 0x21, 0x20, 0x20, 0xE0, 0x72, 0x4B, 0x47, 0x07, 0xBB, 0x0D, 0xC0, 0x89,
    0xCC, 0x65, 0xB8, 0x91, 0xB5, 0x4C, 0x59, 0x0E, 0x2C, 0x1D, 0x25, 0x6C, 0x09, 0x94, 0x40, 0xB0,
    0xC1, 0x06, 0xE7, 0xC5, 0xF3, 0xF1, 0xD9, 0xFA, 0xFA, 0x03, 0xD1, 0xBC, 0xF9, 0x03, 0x75, 0xBE,
    0x54, 0xF8, 0xDE, 0x1B, 0x6E, 0x6A, 0xBF, 0xE0, 0xD0, 0x1B, 0xD0, 0x74, 0x81, 0xAA, 0xA6, 0x40,
    0x6F, 0x36, 0xE3, 0xDE, 0xFB, 0x89, 0xDE, 0xFB, 0x37, 0x4C, 0xF1, 0x80, 0xCD, 0x33, 0xE0, 0x52,
    0xA4, 0x20, 0x00, 0x5E, 0xE4, 0x8A, 0x15, 0x98, 0xF1, 0x09, 0x44, 0xEC, 0x4F, 0x09, 0xFF, 0x3F,
    0x98, 0x03, 0x58, 0x1E, 0xC0, 0xFB, 0xA5, 0x61, 0x57, 0x3B, 0xDA, 0x54, 0x55, 0x05, 0x04, 0xF5,
    0xD1, 0xFB, 0x46, 0x40, 0x31, 0x1C, 0x9B, 0x6D, 0x76, 0x89, 0x43, 0x67, 0xCF, 0xB9, 0x62, 0xA1,
    0xE9, 0x4C, 0x93, 0xDF, 0x09, 0xCF, 0x17, 0x8A, 0x69, 0xFD, 0x48, 0x5C, 0x71, 0x70, 0x9B, 0xDE,
    0x54, 0xD5, 0x45, 0x6F, 0xA6, 0xDC, 0x4F, 0x9B, 0xFB, 0xE9, 0x92, 0x29, 0x8E, 0x49, 0x3D, 0x83,
    0x2E, 0x74, 0xBB, 0xD1, 0x2D, 0xD2, 0x2F, 0xD0, 0x6D, 0xE5, 0xEF, 0x6B, 0x6C, 0x60, 0xE0, 0x28,
    0xA1, 0xD5, 0xF9, 0xC6, 0x38, 0xA3, 0x04, 0xDC, 0xF4, 0xFE, 0x9A, 0xA5, 0x06, 0x57, 0xD0, 0x98,
    0x29, 0xA9, 0xCA, 0x0E, 0x98, 0xD5, 0x25, 0x48, 0x15, 0xBD, 0x4B, 0x17, 0x54, 0x53, 0x16, 0xFA,
    0x4A, 0x1B, 0x71, 0xD4, 0x11, 0x46, 0x1F, 0x2B, 0x49, 0x2B, 0x3D, 0xAF, 0xDC, 0x7D, 0x54, 0xD2,
    0xA4, 0x84, 0xE9, 0x4F, 0x03, 0x8F, 0xE7, 0x7F, 0x12, 0x25, 0xD7, 0xF6, 0x22, 0xDC, 0x9E, 0x79,
    0xCB, 0xE1, 0x06, 0xD7, 0x26, 0xE1, 0x3A, 0x08, 0xD7, 0x0D, 0xAE, 0x17, 0xEE, 0x31, 0x0B, 0x77,
    0x8F, 0xE4, 0xCE, 0x74, 0xB1, 0x39, 0x92, 0xE3, 0x92, 0xDC, 0xE0, 0x46, 0xD7, 0xC2, 0x6D, 0xC2,
    0xA5, 0xF3, 0xCC, 0x9A, 0x07, 0x91, 0xE5, 0x44, 0xD6, 0x53, 0x11, 0x26, 0xD1, 0x38, 0xF4, 0x07,
    0x25, 0x8D, 0xB1, 0x11, 0x82, 0x40, 0x10, 0x45, 0x17, 0x09, 0x08, 0x0C, 0xAE, 0x03, 0x29, 0x81,
    0x0A, 0x98, 0xA3, 0x03, 0x4B, 0xB0, 0x0D, 0x12, 0x07, 0x3B, 0x32, 0x21, 0x3F, 0x87, 0xD4, 0xE4,
    0xC6, 0x06, 0xB4, 0x04, 0x82, 0x0D, 0x18, 0x46, 0x78, 0xEE, 0x8E, 0x3F, 0x78, 0xC1, 0x0B, 0xDE,
    0x17, 0xF9, 0xAF, 0x7C, 0x38, 0x83, 0x3A, 0xE3, 0xE6, 0x5C, 0xEF, 0x9D, 0xE9, 0xF7, 0x94, 0x4D,
    0x37, 0xF3, 0x68, 0xBA, 0xD6, 0xAB, 0x08, 0x41, 0x87, 0xAE, 0xE4, 0xAC, 0x29, 0x07, 0x98, 0xD1,
    0x08, 0x2F, 0xB6, 0x04, 0x4F, 0xF6, 0x06, 0x2E, 0x2C, 0x47, 0x88, 0x7C, 0x0E, 0x90, 0xB8, 0xC9,
    0xB0, 0x63, 0xB9, 0x1A, 0x2C, 0x5D, 0x81, 0xD5, 0x8A, 0x6F, 0xB4, 0xB2, 0xF4, 0xAD, 0xBF, 0x9C,
    0x46, 0x67, 0x95, 0x9D, 0x85, 0xE9, 0x1F,
};

static const EpdGlyph andika_12_italicGlyphs[] = {
    { 0, 0, 104, 0, 0, 0, 0 }, // U+0020
    { 8, 19, 145, 2, 19, 38, 0 }, // !
    { 9, 7, 196, 5, 20, 16, 38 }, // "
    { 17, 16, 230, 0, 17, 68, 54 }, // #
    { 14, 23, 230, 1, 20, 81, 122 }, // $
    { 17, 18, 294, 2, 18, 77, 203 }, // %
    { 14, 18, 235, 0, 18, 63, 280 }, // &
    { 4, 7, 114, 5, 20, 7, 343 }, // '
    { 11, 25, 151, 1, 20, 69, 350 }, // (
    { 10, 25, 151, 0, 20, 63, 419 }, // )
    { 10, 10, 197, 4, 20, 25, 482 }, // *
    { 12, 12, 230, 3, 15, 36, 507 }, // +
    { 6, 6, 123, 0, 3, 9, 543 }, // ,
    { 10, 2, 164, 1, 9, 5, 552 }, // -
    { 5, 3, 121, 1, 3, 4, 557 }, // .
    { 19, 23, 191, -2, 20, 110, 561 }, // /
    { 15, 18, 230, 1, 18, 68, 671 }, // 0
    { 12, 18, 230, 1, 18, 54, 739 }, // 1
    { 15, 18, 230, 0, 18, 68, 793 }, // 2
    { 15, 18, 230, 1, 18, 68, 861 }, // 3
    { 15, 18, 230, 1, 18, 68, 929 }, // 4
    { 15, 18, 230, 1, 18, 68, 997 }, // 5
    { 15, 18, 230, 2, 18, 68, 1065 }, // 6
    { 16, 18, 230, 2, 18, 72, 1133 }, // 7
    { 15, 18, 230, 1, 18, 68, 1205 }, // 8
    { 15, 18, 230, 1, 18, 68, 1273 }, // 9
    { 7, 12, 121, 1, 12, 21, 1341 }, // :
    { 8, 15, 123, 0, 12, 30, 1362 }, // ;
    { 15, 13, 230, 2, 15, 49, 1392 }, // <
    { 14, 6, 230, 2, 12, 21, 1441 }, // =
    { 15, 13, 230, 1, 15, 49, 1462 }, // >
    { 11, 19, 201, 3, 19, 53, 1511 }, // ?
    { 21, 20, 329, 1, 17, 105, 1564 }, // @
    { 17, 18, 272, -1, 18, 77, 1669 }, // A
    { 15, 18, 248, 1, 18, 68, 1746 }, // B
    { 17, 18, 262, 2, 18, 77, 1814 }, // C
    { 17, 18, 278, 1, 18, 77, 1891 }, // D
    { 15, 18, 223, 1, 18, 68, 1968 }, // E
    { 16, 18, 221, 1, 18, 72, 2036 }, // F
    { 17, 18, 275, 2, 18, 77, 2108 }, // G
    { 19, 18, 284, 1, 18, 86, 2185 }, // H
    { 14, 18, 187, 0, 18, 63, 2271 }, // I
    { 14, 18, 195, 0, 18, 63, 2334 }, // J
    { 17, 18, 246, 1, 18, 77, 2397 }, // K
    { 12, 18, 207, 1, 18, 54, 2474 }, // L
    { 22, 18, 349, 1, 18, 99, 2528 }, // M
    { 19, 18, 289, 1, 18, 86, 2627 }, // N
    { 17, 18, 283, 2, 18, 77, 2713 }, // O
    { 16, 18, 232, 1, 18, 72, 2790 }, // P
    { 17, 20, 285, 2, 18, 85, 2862 }, // Q
    { 15, 18, 253, 1, 18, 68, 2947 }, // R
    { 16, 18, 226, 0, 18, 72, 3015 }, // S
    { 16, 18, 243, 3, 18, 72, 3087 }, // T
    { 17, 18, 277, 2, 18, 77, 3159 }, // U
    { 16, 18, 263, 4, 18, 72, 3236 }, // V
    { 25, 18, 402, 4, 18, 113, 3308 }, // W
    { 20, 18, 255, -1, 18, 90, 3421 }, // X
    { 16, 18, 254, 4, 18, 72, 3511 }, // Y
    { 18, 18, 236, 0, 18, 81, 3583 }, // Z
    { 12, 25, 150, 0, 20, 75, 3664 }, // [
    { 5, 22, 196, 5, 20, 28, 3739 }, // <backslash>
    { 13, 25, 150, -1, 20, 82, 3767 }, // ]
    { 11, 6, 162, 2, 21, 17, 3849 }, // ^
    { 17, 2, 245, -2, -2, 9, 3866 }, // _
    { 7, 6, 109, 3, 21, 11, 3875 }, // `
    { 14, 13, 221, 1, 13, 46, 3886 }, // a
    { 14, 21, 223, 1, 21, 74, 3932 }, // b
    { 13, 13, 193, 1, 13, 43, 4006 }, // c
    { 16, 21, 258, 1, 21, 84, 4049 }, // d
    { 13, 13, 204, 1, 13, 43, 4133 }, // e
    { 12, 20, 148, 2, 20, 60, 4176 }, // f
    { 15, 19, 217, 0, 13, 72, 4236 }, // g
    { 14, 20, 231, 1, 20, 70, 4308 }, // h
    { 6, 18, 108, 2, 18, 27, 4378 }, // i
    { 13, 24, 118, -4, 18, 78, 4405 }, // j
    { 13, 20, 207, 1, 20, 65, 4483 }, // k
    { 6, 20, 112, 2, 20, 30, 4548 }, // l
    { 20, 13, 328, 1, 13, 65, 4578 }, // m
    { 14, 13, 233, 1, 13, 46, 4643 }, // n
    { 13, 13, 221, 1, 13, 43, 4689 }, // o
    { 15, 19, 231, 0, 13, 72, 4732 }, // p
    { 14, 19, 218, 1, 13, 67, 4804 }, // q
    { 12, 13, 178, 1, 13, 39, 4871 }, // r
    { 13, 13, 185, 0, 13, 43, 4910 }, // s
    { 10, 17, 159, 2, 17, 43, 4953 }, // t
    { 13, 13, 229, 2, 13, 43, 4996 }, // u
    { 11, 13, 184, 2, 13, 36, 5039 }, // v
    { 19, 13, 304, 2, 13, 62, 5075 }, // w
    { 14, 13, 197, 0, 13, 46, 5137 }, // x
    { 16, 19, 191, -3, 13, 76, 5183 }, // y
    { 14, 14, 189, 0, 13, 49, 5259 }, // z
    { 11, 25, 191, 3, 20, 69, 5308 }, // {
    { 9, 25, 131, 1, 20, 57, 5377 }, // |
    { 11, 25, 191, 0, 20, 69, 5434 }, // }
    { 15, 3, 214, 0, 8, 12, 5503 }, // ~
    { 0, 0, 104, 0, 0, 0, 0 }, // U+00A0
    { 9, 19, 145, 0, 14, 43, 0 }, // U+00A1
    { 12, 19, 230, 3, 16, 57, 43 }, // U+00A2
    { 14, 18, 230, 1, 18, 63, 100 }, // U+00A3
    { 17, 15, 230, 1, 18, 64, 163 }, // U+00A4
    { 17, 18, 230, 2, 18, 77, 227 }, // U+00A5
    { 9, 25, 196, 3, 20, 57, 304 }, // U+00A6
    { 15, 24, 196, -1, 18, 90, 361 }, // U+00A7
    { 9, 3, 129, 2, 18, 7, 451 }, // U+00A8
    { 19, 19, 326, 2, 19, 91, 458 }, // U+00A9
    { 11, 11, 154, 1, 17, 31, 549 }, // U+00AA
    { 16, 13, 250, 1, 13, 52, 580 }, // U+00AB
    { 13, 6, 230, 2, 10, 20, 632 }, // U+00AC
    { 10, 2, 164, 1, 9, 5, 652 }, // U+00AD
    { 19, 19, 319, 2, 19, 91, 657 }, // U+00AE
    { 11, 2, 135, 2, 17, 6, 748 }, // U+00AF
    { 7, 7, 121, 3, 19, 13, 754 }, // U+00B0
    { 14, 15, 230, 1, 18, 53, 767 }, // U+00B1
    { 11, 11, 161, 2, 20, 31, 820 }, // U+00B2
    { 11, 11, 161, 2, 20, 31, 851 }, // U+00B3
    { 9, 6, 109, 2, 21, 14, 882 }, // U+00B4
    { 16, 19, 228, -1, 13, 76, 896 }, // U+00B5
    { 13, 18, 196, 3, 18, 59, 972 }, // U+00B6
    { 5, 3, 129, 3, 10, 4, 1031 }, // U+00B7
    { 6, 7, 72, -3, 0, 11, 1035 }, // U+00B8
    { 8, 11, 161, 3, 20, 22, 1046 }, // U+00B9
    { 11, 11, 152, 1, 17, 31, 1068 }, // U+00BA
    { 16, 13, 250, 0, 13, 52, 1099 }, // U+00BB
    { 21, 22, 311, 1, 20, 116, 1151 }, // U+00BC
    { 21, 21, 311, 1, 20, 111, 1267 }, // U+00BD
    { 21, 22, 311, 1, 20, 116, 1378 }, // U+00BE
    { 11, 19, 201, 0, 14, 53, 1494 }, // U+00BF
    { 17, 26, 272, -1, 26, 111, 1547 }, // U+00C0
    { 20, 26, 272, -1, 26, 130, 1658 }, // U+00C1
    { 19, 26, 272, -1, 26, 124, 1788 }, // U+00C2
    { 19, 23, 272, -1, 23, 110, 1912 }, // U+00C3
    { 18, 23, 272, -1, 23, 104, 2022 }, // U+00C4
    { 17, 25, 272, -1, 25, 107, 2126 }, // U+00C5
    { 24, 18, 349, 0, 18, 108, 2233 }, // U+00C6
    { 17, 25, 262, 2, 18, 107, 2341 }, // U+00C7
    { 15, 26, 223, 1, 26, 98, 2448 }, // U+00C8
    { 17, 26, 223, 1, 26, 111, 2546 }, // U+00C9
    { 16, 26, 223, 1, 26, 104, 2657 }, // U+00CA
    { 15, 23, 223, 1, 23, 87, 2761 }, // U+00CB
    { 14, 26, 187, 0, 26, 91, 2848 }, // U+00CC
    { 16, 26, 187, 0, 26, 104, 2939 }, // U+00CD
    { 15, 26, 187, 0, 26, 98, 3043 }, // U+00CE
    { 15, 23, 187, 0, 23, 87, 3141 }, // U+00CF
    { 17, 18, 278, 1, 18, 77, 3228 }, // U+00D0
    { 19, 23, 289, 1, 23, 110, 3305 }, // U+00D1
    { 17, 26, 283, 2, 26, 111, 3415 }, // U+00D2
    { 17, 26, 283, 2, 26, 111, 3526 }, // U+00D3
    { 17, 26, 283, 2, 26, 111, 3637 }, // U+00D4
    { 17, 23, 283, 2, 23, 98, 3748 }, // U+00D5
    { 17, 23, 283, 2, 23, 98, 3846 }, // U+00D6
    { 12, 11, 230, 3, 14, 33, 3944 }, // U+00D7
    { 18, 20, 282, 1, 19, 90, 3977 }, // U+00D8
    { 17, 26, 277, 2, 26, 111, 4067 }, // U+00D9
    { 17, 26, 277, 2, 26, 111, 4178 }, // U+00DA
    { 17, 26, 277, 2, 26, 111, 4289 }, // U+00DB
    { 17, 23, 277, 2, 23, 98, 4400 }, // U+00DC
    { 16, 26, 254, 4, 26, 104, 4498 }, // U+00DD
    { 15, 18, 230, 1, 18, 68, 4602 }, // U+00DE
    { 17, 21, 238, 0, 21, 90, 4670 }, // U+00DF
    { 14, 21, 221, 1, 21, 74, 4760 }, // U+00E0
    { 16, 21, 221, 1, 21, 84, 4834 }, // U+00E1
    { 14, 21, 221, 1, 21, 74, 4918 }, // U+00E2
    { 14, 18, 221, 1, 18, 63, 4992 }, // U+00E3
    { 14, 18, 221, 1, 18, 63, 5055 }, // U+00E4
    { 14, 20, 221, 1, 20, 70, 5118 }, // U+00E5
    { 21, 13, 338, 1, 13, 69, 5188 }, // U+00E6
    { 13, 20, 193, 1, 13, 65, 5257 }, // U+00E7
    { 13, 21, 204, 1, 21, 69, 5322 }, // U+00E8
    { 15, 21, 204, 1, 21, 79, 5391 }, // U+00E9
    { 14, 21, 204, 1, 21, 74, 5470 }, // U+00EA
    { 14, 18, 204, 1, 18, 63, 5544 }, // U+00EB
    { 7, 21, 108, 2, 21, 37, 5607 }, // U+00EC
    { 11, 21, 108, 2, 21, 58, 5644 }, // U+00ED
    { 11, 21, 108, 0, 21, 58, 5702 }, // U+00EE
    { 9, 18, 108, 2, 18, 41, 5760 }, // U+00EF
    { 15, 21, 225, 1, 21, 79, 5801 }, // U+00F0
    { 14, 18, 233, 1, 18, 63, 5880 }, // U+00F1
    { 13, 21, 221, 1, 21, 69, 5943 }, // U+00F2
    { 15, 21, 221, 1, 21, 79, 6012 }, // U+00F3
    { 14, 21, 221, 1, 21, 74, 6091 }, // U+00F4
    { 14, 18, 221, 1, 18, 63, 6165 }, // U+00F5
    { 14, 18, 221, 1, 18, 63, 6228 }, // U+00F6
    { 12, 11, 230, 3, 14, 33, 6291 }, // U+00F7
    { 14, 15, 221, 1, 14, 53, 6324 }, // U+00F8
    { 13, 21, 229, 2, 21, 69, 6377 }, // U+00F9
    { 14, 21, 229, 2, 21, 74, 6446 }, // U+00FA
    { 13, 21, 229, 2, 21, 69, 6520 }, // U+00FB
    { 13, 18, 229, 2, 18, 59, 6589 }, // U+00FC
    { 17, 27, 191, -3, 21, 115, 6648 }, // U+00FD
    { 15, 26, 231, 0, 20, 98, 6763 }, // U+00FE
    { 16, 24, 191, -3, 18, 96, 6861 }, // U+00FF
    { 19, 22, 272, -1, 22, 105, 0 }, // U+0100
    { 14, 17, 221, 1, 17, 60, 105 }, // U+0101
    { 19, 24, 272, -1, 24, 114, 165 }, // U+0102
    { 15, 19, 221, 1, 19, 72, 279 }, // U+0103
    { 18, 24, 272, -1, 18, 108, 351 }, // U+0104
    { 14, 19, 221, 1, 13, 67, 459 }, // U+0105
    { 18, 26, 262, 2, 26, 117, 526 }, // U+0106
    { 15, 21, 193, 1, 21, 79, 643 }, // U+0107
    { 17, 26, 262, 2, 26, 111, 722 }, // U+0108
    { 14, 21, 193, 1, 21, 74, 833 }, // U+0109
    { 17, 23, 262, 2, 23, 98, 907 }, // U+010A
    { 13, 18, 193, 1, 18, 59, 1005 }, // U+010B
    { 18, 26, 262, 2, 26, 117, 1064 }, // U+010C
    { 15, 21, 193, 1, 21, 79, 1181 }, // U+010D
    { 18, 26, 278, 1, 26, 117, 1260 }, // U+010E
    { 20, 21, 268, 1, 21, 105, 1377 }, // U+010F
    { 17, 18, 278, 1, 18, 77, 1482 }, // U+0110
    { 17, 21, 233, 1, 21, 90, 1559 }, // U+0111
    { 16, 22, 223, 1, 22, 88, 1649 }, // U+0112
    { 14, 17, 204, 1, 17, 60, 1737 }, // U+0113
    { 16, 24, 223, 1, 24, 96, 1797 }, // U+0114
    { 15, 19, 204, 1, 19, 72, 1893 }, // U+0115
    { 15, 23, 223, 1, 23, 87, 1965 }, // U+0116
    { 13, 18, 204, 1, 18, 59, 2052 }, // U+0117
    { 15, 24, 223, 1, 18, 90, 2111 }, // U+0118
    { 13, 18, 204, 1, 13, 59, 2201 }, // U+0119
    { 17, 26, 223, 1, 26, 111, 2260 }, // U+011A
    { 15, 21, 204, 1, 21, 79, 2371 }, // U+011B
    { 17, 26, 275, 2, 26, 111, 2450 }, // U+011C
    { 15, 27, 217, 0, 21, 102, 2561 }, // U+011D
    { 17, 24, 275, 2, 24, 102, 2663 }, // U+011E
    { 16, 25, 217, 0, 19, 100, 2765 }, // U+011F
    { 17, 23, 275, 2, 23, 98, 2865 }, // U+0120
    { 15, 24, 217, 0, 18, 90, 2963 }, // U+0121
    { 17, 25, 275, 2, 18, 107, 3053 }, // U+0122
    { 15, 26, 217, 0, 20, 98, 3160 }, // U+0123
    { 19, 26, 284, 1, 26, 124, 3258 }, // U+0124
    { 14, 27, 231, 1, 27, 95, 3382 }, // U+0125
    { 20, 18, 318, 2, 18, 90, 3477 }, // U+0126
    { 14, 20, 229, 1, 20, 70, 3567 }, // U+0127
    { 15, 23, 187, 0, 23, 87, 3637 }, // U+0128
    { 10, 18, 108, 1, 18, 45, 3724 }, // U+0129
    { 14, 22, 187, 0, 22, 77, 3769 }, // U+012A
    { 8, 17, 108, 2, 17, 34, 3846 }, // U+012B
    { 16, 24, 187, 0, 24, 96, 3880 }, // U+012C
    { 10, 19, 108, 2, 19, 48, 3976 }, // U+012D
    { 14, 24, 187, 0, 18, 84, 4024 }, // U+012E
    { 9, 24, 108, -1, 18, 54, 4108 }, // U+012F
    { 14, 23, 187, 0, 23, 81, 4162 }, // U+0130
    { 5, 13, 108, 2, 13, 17, 4243 }, // U+0131
    { 25, 18, 375, 0, 18, 113, 4260 }, // U+0132
    { 14, 24, 221, 1, 18, 84, 4373 }, // U+0133
    { 18, 26, 195, 0, 26, 117, 4457 }, // U+0134
    { 16, 27, 118, -4, 21, 108, 4574 }, // U+0135
    { 17, 25, 246, 1, 18, 107, 4682 }, // U+0136
    { 13, 27, 207, 1, 20, 88, 4789 }, // U+0137
    { 14, 13, 201, 1, 13, 46, 4877 }, // U+0138
    { 17, 26, 207, 1, 26, 111, 4923 }, // U+0139
    { 12, 28, 112, 2, 28, 84, 5034 }, // U+013A
    { 12, 25, 207, 1, 18, 75, 5118 }, // U+013B
    { 8, 27, 112, 0, 20, 54, 5193 }, // U+013C
    { 13, 20, 207, 0, 20, 65, 5247 }, // U+013D
    { 11, 20, 138, 2, 20, 55, 5312 }, // U+013E
    { 15, 18, 241, 1, 18, 68, 5367 }, // U+013F
    { 10, 20, 177, 2, 20, 50, 5435 }, // U+0140
    { 12, 18, 217, 1, 18, 54, 5485 }, // U+0141
    { 10, 20, 164, 2, 20, 50, 5539 }, // U+0142
    { 19, 26, 289, 1, 26, 124, 5589 }, // U+0143
    { 16, 21, 233, 1, 21, 84, 5713 }, // U+0144
    { 19, 25, 289, 1, 18, 119, 5797 }, // U+0145
    { 14, 20, 233, 1, 13, 70, 5916 }, // U+0146
    { 19, 26, 289, 1, 26, 124, 5986 }, // U+0147
    { 16, 21, 233, 1, 21, 84, 6110 }, // U+0148
    { 17, 24, 288, 1, 18, 102, 6194 }, // U+014A
    { 14, 19, 233, 1, 13, 67, 6296 }, // U+014B
    { 17, 22, 283, 2, 22, 94, 6363 }, // U+014C
    { 14, 17, 221, 1, 17, 60, 6457 }, // U+014D
    { 17, 24, 283, 2, 24, 102, 6517 }, // U+014E
    { 15, 19, 221, 1, 19, 72, 6619 }, // U+014F
    { 18, 25, 283, 2, 25, 113, 6691 }, // U+0150
    { 16, 20, 221, 1, 20, 80, 6804 }, // U+0151
    { 24, 18, 379, 2, 18, 108, 6884 }, // U+0152
    { 22, 13, 351, 1, 13, 72, 6992 }, // U+0153
    { 17, 26, 253, 1, 26, 111, 7064 }, // U+0154
    { 14, 21, 178, 1, 21, 74, 7175 }, // U+0155
    { 15, 25, 253, 1, 18, 94, 7249 }, // U+0156
    { 13, 20, 178, 0, 13, 65, 7343 }, // U+0157
    { 17, 26, 253, 1, 26, 111, 7408 }, // U+0158
    { 14, 21, 178, 1, 21, 74, 7519 }, // U+0159
    { 18, 26, 226, 0, 26, 117, 7593 }, // U+015A
    { 15, 21, 185, 0, 21, 79, 7710 }, // U+015B
    { 16, 26, 226, 0, 26, 104, 7789 }, // U+015C
    { 14, 21, 185, 0, 21, 74, 7893 }, // U+015D
    { 16, 25, 226, 0, 18, 100, 7967 }, // U+015E
    { 13, 20, 185, 0, 13, 65, 8067 }, // U+015F
    { 18, 26, 226, 0, 26, 117, 8132 }, // U+0160
    { 15, 21, 185, 0, 21, 79, 8249 }, // U+0161
    { 16, 25, 243, 3, 18, 100, 8328 }, // U+0162
    { 10, 24, 159, 2, 17, 60, 8428 }, // U+0163
    { 16, 26, 243, 3, 26, 104, 8488 }, // U+0164
    { 13, 21, 159, 2, 21, 69, 8592 }, // U+0165
    { 16, 18, 243, 3, 18, 72, 8661 }, // U+0166
    { 11, 17, 159, 1, 17, 47, 8733 }, // U+0167
    { 17, 23, 277, 2, 23, 98, 8780 }, // U+0168
    { 13, 18, 229, 2, 18, 59, 8878 }, // U+0169
    { 17, 22, 277, 2, 22, 94, 8937 }, // U+016A
    { 13, 17, 229, 2, 17, 56, 9031 }, // U+016B
    { 17, 24, 277, 2, 24, 102, 9087 }, // U+016C
    { 14, 19, 229, 2, 19, 67, 9189 }, // U+016D
    { 17, 25, 277, 2, 25, 107, 9256 }, // U+016E
    { 13, 20, 229, 2, 20, 65, 9363 }, // U+016F
    { 18, 25, 277, 2, 25, 113, 9428 }, // U+0170
    { 15, 20, 229, 2, 20, 75, 9541 }, // U+0171
    { 17, 24, 277, 2, 18, 102, 9616 }, // U+0172
    { 13, 19, 228, 1, 13, 62, 9718 }, // U+0173
    { 25, 26, 402, 4, 26, 163, 9780 }, // U+0174
    { 19, 21, 304, 2, 21, 100, 9943 }, // U+0175
    { 16, 26, 254, 4, 26, 104, 10043 }, // U+0176
    { 16, 27, 191, -3, 21, 108, 10147 }, // U+0177
    { 16, 23, 254, 4, 23, 92, 10255 }, // U+0178
    { 18, 26, 236, 0, 26, 117, 10347 }, // U+0179
    { 15, 22, 189, 0, 21, 83, 10464 }, // U+017A
    { 18, 23, 236, 0, 23, 104, 10547 }, // U+017B
    { 14, 19, 189, 0, 18, 67, 10651 }, // U+017C
    { 18, 26, 236, 0, 26, 117, 10718 }, // U+017D
    { 15, 22, 189, 0, 21, 83, 10835 }, // U+017E
    { 11, 20, 115, 2, 20, 55, 10918 }, // U+017F
    { 20, 23, 293, 2, 23, 115, 0 }, // U+01A0
    { 18, 16, 250, 1, 16, 72, 115 }, // U+01A1
    { 22, 23, 317, 2, 23, 127, 187 }, // U+01AF
    { 18, 16, 272, 2, 16, 72, 314 }, // U+01B0
    { 34, 26, 514, 1, 26, 221, 386 }, // U+01C4
    { 31, 22, 466, 1, 21, 171, 607 }, // U+01C5
    { 30, 22, 432, 0, 21, 165, 778 }, // U+01C6
    { 26, 18, 396, 0, 18, 117, 943 }, // U+01C7
    { 21, 24, 323, 0, 18, 126, 1060 }, // U+01C8
    { 14, 26, 223, 1, 20, 91, 1186 }, // U+01C9
    { 31, 18, 484, 1, 18, 140, 1277 }, // U+01CA
    { 26, 24, 405, 0, 18, 156, 1417 }, // U+01CB
    { 22, 24, 344, 0, 18, 132, 1573 }, // U+01CC
    { 20, 26, 272, -1, 26, 130, 1705 }, // U+01CD
    { 16, 21, 221, 1, 21, 84, 1835 }, // U+01CE
    { 16, 26, 187, 0, 26, 104, 1919 }, // U+01CF
    { 12, 21, 108, 1, 21, 63, 2023 }, // U+01D0
    { 17, 26, 283, 2, 26, 111, 2086 }, // U+01D1
    { 15, 21, 221, 1, 21, 79, 2197 }, // U+01D2
    { 17, 26, 277, 2, 26, 111, 2276 }, // U+01D3
    { 14, 21, 229, 2, 21, 74, 2387 }, // U+01D4
    { 17, 27, 277, 2, 27, 115, 2461 }, // U+01D5
    { 14, 22, 229, 2, 22, 77, 2576 }, // U+01D6
    { 18, 31, 277, 2, 31, 140, 2653 }, // U+01D7
    { 16, 26, 229, 2, 26, 104, 2793 }, // U+01D8
    { 18, 31, 277, 2, 31, 140, 2897 }, // U+01D9
    { 16, 26, 229, 2, 26, 104, 3037 }, // U+01DA
    { 17, 31, 277, 2, 31, 132, 3141 }, // U+01DB
    { 13, 26, 229, 2, 26, 85, 3273 }, // U+01DC
    { 12, 13, 211, 1, 13, 39, 3358 }, // U+01DD
    { 20, 27, 272, -1, 27, 135, 3397 }, // U+01DE
    { 15, 22, 221, 1, 22, 83, 3532 }, // U+01DF
    { 20, 27, 272, -1, 27, 135, 3615 }, // U+01E0
    { 15, 22, 221, 1, 22, 83, 3750 }, // U+01E1
    { 24, 22, 349, 0, 22, 132, 3833 }, // U+01E2
    { 21, 17, 338, 1, 17, 90, 3965 }, // U+01E3
    { 17, 18, 275, 2, 18, 77, 4055 }, // U+01E4
    { 15, 19, 217, 0, 13, 72, 4132 }, // U+01E5
    { 18, 26, 275, 2, 26, 117, 4204 }, // U+01E6
    { 17, 27, 217, 0, 21, 115, 4321 }, // U+01E7
    { 18, 26, 246, 1, 26, 117, 4436 }, // U+01E8
    { 17, 28, 207, 1, 28, 119, 4553 }, // U+01E9
    { 17, 24, 283, 2, 18, 102, 4672 }, // U+01EA
    { 13, 18, 221, 1, 13, 59, 4774 }, // U+01EB
    { 17, 28, 283, 2, 22, 119, 4833 }, // U+01EC
    { 14, 22, 221, 1, 17, 77, 4952 }, // U+01ED
    { 20, 32, 264, -1, 26, 160, 5029 }, // U+01EE
    { 16, 27, 202, -1, 21, 108, 5189 }, // U+01EF
    { 17, 27, 118, -4, 21, 115, 5297 }, // U+01F0
    { 34, 18, 514, 1, 18, 153, 5412 }, // U+01F1
    { 30, 19, 466, 1, 18, 143, 5565 }, // U+01F2
    { 28, 22, 432, 0, 21, 154, 5708 }, // U+01F3
    { 18, 26, 275, 2, 26, 117, 5862 }, // U+01F4
    { 17, 27, 217, 0, 21, 115, 5979 }, // U+01F5
    { 25, 18, 403, 1, 18, 113, 6094 }, // U+01F6
    { 18, 24, 230, -1, 18, 108, 6207 }, // U+01F7
    { 19, 26, 289, 1, 26, 124, 6315 }, // U+01F8
    { 14, 21, 233, 1, 21, 74, 6439 }, // U+01F9
    { 22, 33, 272, -1, 33, 182, 6513 }, // U+01FA
    { 18, 28, 221, 1, 28, 126, 6695 }, // U+01FB
    { 24, 26, 349, 0, 26, 156, 6821 }, // U+01FC
    { 21, 21, 338, 1, 21, 111, 6977 }, // U+01FD
    { 18, 27, 282, 1, 26, 122, 7088 }, // U+01FE
    { 15, 22, 221, 1, 21, 83, 7210 }, // U+01FF
    { 17, 25, 272, -1, 25, 107, 7293 }, // U+0200
    { 14, 20, 221, 1, 20, 70, 7400 }, // U+0201
    { 18, 24, 272, -1, 24, 108, 7470 }, // U+0202
    { 14, 19, 221, 1, 19, 67, 7578 }, // U+0203
    { 15, 25, 223, 1, 25, 94, 7645 }, // U+0204
    { 13, 20, 204, 1, 20, 65, 7739 }, // U+0205
    { 16, 24, 223, 1, 24, 96, 7804 }, // U+0206
    { 14, 19, 204, 1, 19, 67, 7900 }, // U+0207
    { 14, 25, 187, 0, 25, 88, 7967 }, // U+0208
    { 10, 20, 108, 0, 20, 50, 8055 }, // U+0209
    { 15, 24, 187, 0, 24, 90, 8105 }, // U+020A
    { 10, 19, 108, 1, 19, 48, 8195 }, // U+020B
    { 17, 25, 283, 2, 25, 107, 8243 }, // U+020C
    { 13, 20, 221, 1, 20, 65, 8350 }, // U+020D
    { 17, 24, 283, 2, 24, 102, 8415 }, // U+020E
    { 14, 19, 221, 1, 19, 67, 8517 }, // U+020F
    { 15, 25, 253, 1, 25, 94, 8584 }, // U+0210
    { 12, 20, 178, 1, 20, 60, 8678 }, // U+0211
    { 16, 24, 253, 1, 24, 96, 8738 }, // U+0212
    { 12, 19, 178, 1, 19, 57, 8834 }, // U+0213
    { 17, 25, 277, 2, 25, 107, 8891 }, // U+0214
    { 13, 20, 229, 2, 20, 65, 8998 }, // U+0215
    { 17, 24, 277, 2, 24, 102, 9063 }, // U+0216
    { 13, 19, 229, 2, 19, 62, 9165 }, // U+0217
    { 16, 25, 226, 0, 18, 100, 9227 }, // U+0218
    { 13, 20, 185, 0, 13, 65, 9327 }, // U+0219
    { 16, 25, 243, 3, 18, 100, 9392 }, // U+021A
    { 10, 24, 159, 2, 17, 60, 9492 }, // U+021B
    { 15, 22, 228, 0, 18, 83, 9552 }, // U+021C
    { 14, 19, 178, -2, 13, 67, 9635 }, // U+021D
    { 19, 26, 284, 1, 26, 124, 9702 }, // U+021E
    { 17, 28, 231, 1, 28, 119, 9826 }, // U+021F
    { 14, 13, 226, 1, 13, 46, 0 }, // U+0250
    { 14, 13, 221, 1, 13, 46, 46 }, // U+0251
    { 14, 13, 226, 1, 13, 46, 92 }, // U+0252
    { 14, 20, 223, 1, 20, 70, 138 }, // U+0253
    { 12, 13, 189, 0, 13, 39, 208 }, // U+0254
    { 13, 16, 201, 1, 13, 52, 247 }, // U+0255
    { 16, 26, 241, 1, 20, 104, 299 }, // U+0256
    { 21, 20, 235, 1, 20, 105, 403 }, // U+0257
    { 12, 13, 204, 1, 13, 39, 508 }, // U+0258
    { 12, 13, 207, 1, 13, 39, 547 }, // U+0259
    { 19, 13, 291, 1, 13, 62, 586 }, // U+025A
    { 12, 13, 182, 1, 13, 39, 648 }, // U+025B
    { 12, 13, 180, 0, 13, 39, 687 }, // U+025C
    { 18, 13, 261, 0, 13, 59, 726 }, // U+025D
    { 13, 13, 206, 1, 13, 43, 785 }, // U+025E
    { 14, 19, 138, -4, 13, 67, 828 }, // U+025F
    { 20, 26, 232, 0, 20, 130, 895 }, // U+0260
    { 15, 19, 220, 0, 13, 72, 1025 }, // U+0261
    { 14, 13, 229, 1, 13, 46, 1097 }, // U+0262
    { 15, 19, 228, 2, 13, 72, 1143 }, // U+0263
    { 16, 13, 246, 2, 13, 52, 1215 }, // U+0264
    { 14, 19, 225, 1, 13, 67, 1267 }, // U+0265
    { 14, 20, 231, 1, 20, 70, 1334 }, // U+0266
    { 14, 26, 231, 1, 20, 91, 1404 }, // U+0267
    { 9, 18, 149, 1, 18, 41, 1495 }, // U+0268
    { 7, 13, 140, 2, 13, 23, 1536 }, // U+0269
    { 10, 13, 160, 1, 13, 33, 1559 }, // U+026A
    { 11, 20, 188, 2, 20, 55, 1592 }, // U+026B
    { 11, 20, 158, 1, 20, 55, 1647 }, // U+026C
    { 8, 26, 105, 1, 20, 52, 1702 }, // U+026D
    { 15, 26, 247, 2, 20, 98, 1754 }, // U+026E
    { 19, 13, 325, 2, 13, 62, 1852 }, // U+026F
    { 19, 19, 325, 2, 13, 91, 1914 }, // U+0270
    { 19, 19, 325, 1, 13, 91, 2005 }, // U+0271
    { 20, 19, 238, -5, 13, 95, 2096 }, // U+0272
    { 15, 19, 233, 1, 13, 72, 2191 }, // U+0273
    { 15, 13, 238, 1, 13, 49, 2263 }, // U+0274
    { 13, 13, 221, 1, 13, 43, 2312 }, // U+0275
    { 20, 13, 322, 1, 13, 65, 2355 }, // U+0276
    { 17, 13, 289, 1, 13, 56, 2420 }, // U+0277
    { 14, 24, 238, 1, 18, 84, 2476 }, // U+0278
    { 12, 13, 174, 0, 13, 39, 2560 }, // U+0279
    { 14, 20, 182, -1, 20, 70, 2599 }, // U+027A
    { 13, 19, 168, -1, 13, 62, 2669 }, // U+027B
    { 14, 19, 174, -1, 13, 67, 2731 }, // U+027C
    { 13, 19, 170, 0, 13, 62, 2798 }, // U+027D
    { 11, 13, 148, 1, 13, 36, 2860 }, // U+027E
    { 8, 19, 148, 2, 13, 38, 2896 }, // U+027F
    { 13, 13, 195, 0, 13, 43, 2934 }, // U+0280
    { 15, 13, 195, 0, 13, 49, 2977 }, // U+0281
    { 13, 19, 185, 0, 13, 62, 3026 }, // U+0282
    { 15, 26, 138, -2, 20, 98, 3088 }, // U+0283
    { 18, 26, 151, -4, 20, 117, 3186 }, // U+0284
    { 8, 19, 153, 2, 13, 38, 3303 }, // U+0285
    { 16, 27, 161, -2, 20, 108, 3341 }, // U+0286
    { 10, 17, 159, 0, 13, 43, 3449 }, // U+0287
    { 11, 23, 146, 1, 17, 64, 3492 }, // U+0288
    { 16, 13, 262, 1, 13, 52, 3556 }, // U+0289
    { 15, 13, 237, 2, 13, 49, 3608 }, // U+028A
    { 12, 13, 218, 2, 13, 39, 3657 }, // U+028B
    { 12, 13, 184, 0, 13, 39, 3696 }, // U+028C
    { 19, 13, 301, 0, 13, 62, 3735 }, // U+028D
    { 17, 18, 208, 0, 18, 77, 3797 }, // U+028E
    { 14, 13, 207, 2, 13, 46, 3874 }, // U+028F
    { 14, 19, 199, 0, 13, 67, 3920 }, // U+0290
    { 14, 16, 211, 0, 13, 56, 3987 }, // U+0291
    { 15, 19, 202, -1, 13, 72, 4043 }, // U+0292
    { 15, 21, 202, -1, 13, 79, 4115 }, // U+0293
    { 11, 18, 190, 3, 18, 50, 4194 }, // U+0294
    { 11, 18, 192, 3, 18, 50, 4244 }, // U+0295
    { 11, 18, 192, 1, 18, 50, 4294 }, // U+0296
    { 14, 19, 193, 0, 13, 67, 4344 }, // U+0297
    { 20, 19, 332, 2, 19, 95, 4411 }, // U+0298
    { 13, 13, 211, 1, 13, 43, 4506 }, // U+0299
    { 13, 13, 219, 1, 13, 43, 4549 }, // U+029A
    { 18, 17, 235, 1, 17, 77, 4592 }, // U+029B
    { 15, 13, 234, 1, 13, 49, 4669 }, // U+029C
    { 13, 25, 159, -1, 18, 82, 4718 }, // U+029D
    { 14, 19, 198, 0, 13, 67, 4800 }, // U+029E
    { 10, 13, 174, 1, 13, 33, 4867 }, // U+029F
    { 20, 26, 223, 1, 20, 130, 4900 }, // U+02A0
    { 12, 18, 192, 2, 18, 54, 5030 }, // U+02A1
    { 12, 18, 192, 2, 18, 54, 5084 }, // U+02A2
    { 24, 21, 374, 1, 21, 126, 5138 }, // U+02A3
    { 24, 26, 383, 1, 20, 156, 5264 }, // U+02A4
    { 24, 24, 394, 1, 21, 144, 5420 }, // U+02A5
    { 17, 17, 287, 2, 17, 73, 5564 }, // U+02A6
    { 18, 26, 242, 2, 20, 117, 5637 }, // U+02A7
    { 19, 20, 318, 2, 17, 95, 5754 }, // U+02A8
    { 22, 26, 372, 2, 20, 143, 5849 }, // U+02A9
    { 15, 21, 248, 2, 21, 79, 5992 }, // U+02AA
    { 15, 21, 246, 2, 21, 79, 6071 }, // U+02AB
    { 14, 18, 232, 2, 18, 63, 6150 }, // U+02AC
    { 19, 18, 257, 0, 18, 86, 6213 }, // U+02AD
    { 15, 19, 244, 2, 13, 72, 6299 }, // U+02AE
    { 15, 19, 258, 2, 13, 72, 6371 }, // U+02AF
    { 10, 13, 162, 2, 22, 33, 6443 }, // U+02B0
    { 11, 14, 162, 2, 23, 39, 6476 }, // U+02B1
    { 10, 15, 82, -2, 20, 38, 6515 }, // U+02B2
    { 9, 8, 124, 2, 17, 18, 6553 }, // U+02B3
    { 9, 8, 122, 1, 17, 18, 6571 }, // U+02B4
    { 9, 12, 118, 1, 17, 27, 6589 }, // U+02B5
    { 10, 8, 137, 2, 17, 20, 6616 }, // U+02B6
    { 13, 8, 213, 3, 17, 26, 6636 }, // U+02B7
    { 11, 12, 133, 0, 17, 33, 6662 }, // U+02B8
    { 9, 7, 90, 1, 18, 16, 6695 }, // U+02B9
    { 12, 6, 150, 2, 20, 18, 6711 }, // U+02BA
    { 5, 6, 83, 4, 19, 8, 6729 }, // U+02BB
    { 5, 6, 83, 3, 19, 8, 6737 }, // U+02BC
    { 4, 6, 83, 4, 19, 6, 6745 }, // U+02BD
    { 6, 10, 105, 2, 19, 15, 6751 }, // U+02BE
    { 6, 10, 105, 3, 19, 15, 6766 }, // U+02BF
    { 8, 12, 133, 4, 21, 24, 6781 }, // U+02C0
    { 8, 12, 135, 4, 21, 24, 6805 }, // U+02C1
    { 13, 10, 208, 4, 20, 33, 6829 }, // U+02C2
    { 13, 10, 208, 3, 20, 33, 6862 }, // U+02C3
    { 10, 9, 187, 3, 20, 23, 6895 }, // U+02C4
    { 10, 9, 188, 5, 20, 23, 6918 }, // U+02C5
    { 12, 6, 166, 2, 21, 18, 6941 }, // U+02C6
    { 11, 6, 162, 4, 21, 17, 6959 }, // U+02C7
    { 4, 9, 82, 4, 21, 9, 6976 }, // U+02C8
    { 11, 2, 162, 2, 17, 6, 6985 }, // U+02C9
    { 9, 6, 109, 2, 21, 14, 6991 }, // U+02CA
    { 7, 6, 109, 3, 21, 11, 7005 }, // U+02CB
    { 4, 9, 82, -1, 2, 9, 7016 }, // U+02CC
    { 11, 2, 143, -2, -2, 6, 7025 }, // U+02CD
    { 7, 6, 109, -3, -1, 11, 7031 }, // U+02CE
    { 9, 6, 109, -3, -1, 14, 7042 }, // U+02CF
    { 7, 13, 83, 0, 13, 23, 7056 }, // U+02D0
    { 4, 4, 83, 3, 13, 4, 7079 }, // U+02D1
    { 7, 10, 105, 0, 9, 18, 7083 }, // U+02D2
    { 7, 10, 105, 1, 9, 18, 7101 }, // U+02D3
    { 8, 7, 154, 1, 10, 14, 7119 }, // U+02D4
    { 8, 6, 154, 2, 9, 12, 7133 }, // U+02D5
    { 7, 7, 111, 1, 10, 13, 7145 }, // U+02D6
    { 10, 2, 164, 1, 9, 5, 7158 }, // U+02D7
    { 10, 5, 143, 3, 19, 13, 7163 }, // U+02D8
    { 4, 3, 49, 3, 18, 3, 7176 }, // U+02D9
    { 6, 6, 80, 3, 20, 9, 7179 }, // U+02DA
    { 6, 7, 83, -3, 1, 11, 7188 }, // U+02DB
    { 11, 3, 135, 2, 18, 9, 7199 }, // U+02DC
    { 12, 6, 150, 2, 20, 18, 7208 }, // U+02DD
    { 9, 6, 76, -2, 14, 14, 7226 }, // U+02DE
    { 11, 10, 144, 2, 20, 28, 7240 }, // U+02DF
    { 10, 12, 160, 3, 17, 30, 7268 }, // U+02E0
    { 5, 13, 79, 3, 22, 17, 7298 }, // U+02E1
    { 9, 8, 129, 2, 17, 18, 7315 }, // U+02E2
    { 11, 8, 138, 1, 17, 22, 7333 }, // U+02E3
    { 6, 8, 112, 3, 17, 12, 7355 }, // U+02E4
    { 9, 22, 168, 5, 21, 50, 7367 }, // U+02E5
    { 10, 21, 168, 4, 20, 53, 7417 }, // U+02E6
    { 11, 21, 168, 3, 20, 58, 7470 }, // U+02E7
    { 12, 21, 168, 2, 20, 63, 7528 }, // U+02E8
    { 13, 21, 168, 1, 20, 69, 7591 }, // U+02E9
    { 7, 8, 174, 1, 10, 14, 7660 }, // U+02EA
    { 8, 8, 135, 1, 10, 16, 7674 }, // U+02EB
    { 12, 6, 162, -2, -1, 18, 7690 }, // U+02EC
    { 11, 5, 156, 2, 15, 14, 7708 }, // U+02ED
    { 11, 6, 187, 4, 19, 17, 7722 }, // U+02EE
    { 6, 5, 101, -1, -2, 8, 7739 }, // U+02EF
    { 7, 5, 101, -3, -2, 9, 7747 }, // U+02F0
    { 8, 6, 113, -2, -1, 12, 7756 }, // U+02F1
    { 8, 6, 113, -3, -1, 12, 7768 }, // U+02F2
    { 6, 6, 91, -2, -1, 9, 7780 }, // U+02F3
    { 7, 6, 109, 1, 14, 11, 7789 }, // U+02F4
    { 9, 6, 150, 1, 13, 14, 7800 }, // U+02F5
    { 12, 6, 150, 0, 13, 18, 7814 }, // U+02F6
    { 10, 3, 135, -2, -1, 8, 7832 }, // U+02F7
    { 6, 12, 96, 2, 20, 18, 7840 }, // U+02F8
    { 8, 9, 123, 0, 19, 18, 7858 }, // U+02F9
    { 8, 9, 123, 0, 19, 18, 7876 }, // U+02FA
    { 8, 10, 123, 0, 5, 20, 7894 }, // U+02FB
    { 8, 10, 123, 0, 5, 20, 7914 }, // U+02FC
    { 15, 4, 224, -2, 0, 15, 7934 }, // U+02FD
    { 15, 4, 224, -2, 0, 15, 7949 }, // U+02FE
    { 15, 9, 218, -2, 1, 34, 7964 }, // U+02FF
    { 7, 6, 0, -8, 21, 11, 0 }, // U+0300
    { 9, 6, 0, -7, 21, 14, 11 }, // U+0301
    { 11, 6, 0, -10, 21, 17, 25 }, // U+0302
    { 11, 3, 0, -10, 18, 9, 42 }, // U+0303
    { 11, 2, 0, -9, 17, 6, 51 }, // U+0304
    { 20, 2, 0, -13, 21, 10, 57 }, // U+0305
    { 10, 5, 0, -8, 19, 13, 67 }, // U+0306
    { 5, 3, 0, -7, 18, 4, 80 }, // U+0307
    { 9, 3, 0, -8, 18, 7, 84 }, // U+0308
    { 6, 7, 0, -6, 21, 11, 91 }, // U+0309
    { 6, 6, 0, -7, 20, 9, 102 }, // U+030A
    { 12, 6, 0, -10, 20, 18, 111 }, // U+030B
    { 12, 6, 0, -9, 21, 18, 129 }, // U+030C
    { 3, 6, 0, -5, 21, 5, 147 }, // U+030D
    { 7, 6, 0, -7, 21, 11, 152 }, // U+030E
    { 9, 6, 0, -9, 20, 14, 163 }, // U+030F
    { 10, 7, 0, -8, 21, 18, 177 }, // U+0310
    { 10, 5, 0, -9, 19, 13, 195 }, // U+0311
    { 5, 6, 0, -6, 20, 8, 208 }, // U+0312
    { 5, 6, 0, -6, 20, 8, 216 }, // U+0313
    { 5, 6, 0, -6, 20, 8, 224 }, // U+0314
    { 6, 6, 45, 2, 21, 9, 232 }, // U+0315
    { 7, 6, 0, -13, -1, 11, 241 }, // U+0316
    { 9, 6, 0, -14, -1, 14, 252 }, // U+0317
    { 5, 6, 0, -11, -1, 8, 266 }, // U+0318
    { 6, 6, 0, -12, -1, 9, 274 }, // U+0319
    { 6, 5, 111, 3, 19, 8, 283 }, // U+031A
    { 6, 7, 44, 0, 16, 11, 291 }, // U+031B
    { 4, 5, 0, -11, -2, 5, 302 }, // U+031C
    { 6, 5, 0, -12, -2, 8, 307 }, // U+031D
    { 6, 4, 0, -11, -2, 6, 315 }, // U+031E
    { 6, 6, 0, -12, -2, 9, 321 }, // U+031F
    { 7, 2, 0, -12, -2, 4, 330 }, // U+0320
    { 5, 3, 0, -11, -3, 4, 334 }, // U+0323
    { 9, 3, 0, -13, -3, 7, 338 }, // U+0324
    { 6, 6, 0, -12, -1, 9, 345 }, // U+0325
    { 5, 6, 0, -11, -1, 8, 354 }, // U+0326
    { 6, 7, 0, -9, 0, 11, 362 }, // U+0327
    { 6, 7, 0, -11, 1, 11, 373 }, // U+0328
    { 4, 6, 0, -11, -1, 6, 384 }, // U+0329
    { 7, 4, 0, -12, -2, 7, 390 }, // U+032A
    { 10, 4, 0, -13, -2, 10, 397 }, // U+032B
    { 12, 6, 0, -14, -1, 18, 407 }, // U+032C
    { 11, 6, 0, -15, -1, 17, 425 }, // U+032D
    { 10, 5, 0, -13, -2, 13, 442 }, // U+032E
    { 10, 5, 0, -14, -2, 13, 455 }, // U+032F
    { 11, 3, 0, -14, -2, 9, 468 }, // U+0330
    { 11, 2, 0, -14, -2, 6, 477 }, // U+0331
    { 17, 2, 0, -17, -2, 9, 483 }, // U+0332
    { 20, 5, 0, -12, -2, 25, 492 }, // U+0333
    { 10, 3, 0, -11, 8, 8, 517 }, // U+0334
    { 10, 2, 0, -11, 7, 5, 525 }, // U+0335
    { 15, 2, 0, -14, 7, 8, 530 }, // U+0336
    { 14, 15, 0, -13, 14, 53, 538 }, // U+0337
    { 16, 19, 0, -14, 16, 76, 591 }, // U+0338
    { 4, 5, 0, -11, -2, 5, 667 }, // U+0339
    { 7, 5, 0, -12, -1, 9, 672 }, // U+033A
    { 9, 5, 0, -13, -2, 12, 681 }, // U+033B
    { 10, 3, 0, -14, -2, 8, 693 }, // U+033C
    { 6, 5, 0, -7, 19, 8, 701 }, // U+033D
    { 4, 7, 0, -5, 21, 7, 709 }, // U+033E
    { 19, 5, 0, -6, 20, 24, 716 }, // U+033F
    { 8, 4, 0, -8, 17, 8, 740 }, // U+0346
    { 13, 5, 0, -15, -2, 17, 748 }, // U+0347
    { 6, 6, 0, -12, -1, 9, 765 }, // U+0348
    { 6, 5, 0, -11, -2, 8, 774 }, // U+0349
    { 11, 7, 0, -9, 20, 20, 782 }, // U+034A
    { 11, 6, 0, -9, 21, 17, 802 }, // U+034B
    { 13, 8, 0, -10, 22, 26, 819 }, // U+034C
    { 9, 5, 0, -13, -1, 12, 845 }, // U+034D
    { 5, 5, 0, -11, -2, 7, 857 }, // U+034E
    { 0, 0, 0, 0, 0, 0, 864 }, // U+034F
    { 13, 10, 0, -11, 24, 33, 864 }, // U+0350
    { 4, 5, 0, -6, 18, 5, 897 }, // U+0351
    { 10, 7, 0, -9, 21, 18, 902 }, // U+0352
    { 5, 6, 0, -11, -1, 8, 920 }, // U+0353
    { 13, 10, 0, -15, 0, 33, 928 }, // U+0354
    { 13, 10, 0, -12, -1, 33, 961 }, // U+0355
    { 20, 10, 0, -15, -1, 50, 994 }, // U+0356
    { 4, 5, 0, -6, 18, 5, 1044 }, // U+0357
    { 4, 3, 53, 3, 18, 3, 1049 }, // U+0358
    { 7, 7, 0, -12, -1, 13, 1052 }, // U+0359
    { 10, 6, 0, -14, -1, 15, 1065 }, // U+035A
    { 6, 6, 0, -7, 19, 9, 1080 }, // U+035B
    { 24, 5, 0, -14, -4, 30, 1089 }, // U+035C
    { 24, 5, 0, -8, 22, 30, 1119 }, // U+035D
    { 20, 2, 0, -7, 17, 10, 1149 }, // U+035E
    { 19, 2, 0, -11, -2, 10, 1159 }, // U+035F
    { 28, 4, 0, -9, 25, 28, 1169 }, // U+0360
    { 25, 5, 0, -8, 25, 32, 1197 }, // U+0361
    { 23, 9, 0, -14, -3, 52, 1229 }, // U+0362
    { 10, 8, 0, -8, 24, 20, 1281 }, // U+0363
    { 9, 9, 0, -8, 24, 21, 1301 }, // U+0364
    { 5, 12, 0, -6, 27, 15, 1322 }, // U+0365
    { 10, 9, 0, -8, 24, 23, 1337 }, // U+0366
    { 10, 10, 0, -8, 25, 25, 1360 }, // U+0367
    { 9, 9, 0, -7, 24, 21, 1385 }, // U+0368
    { 11, 13, 0, -8, 29, 36, 1406 }, // U+0369
    { 10, 13, 0, -9, 29, 33, 1442 }, // U+036A
    { 14, 8, 0, -10, 24, 28, 1475 }, // U+036B
    { 9, 8, 0, -7, 24, 18, 1503 }, // U+036C
    { 8, 11, 0, -7, 27, 22, 1521 }, // U+036D
    { 9, 8, 0, -8, 23, 18, 1543 }, // U+036E
    { 10, 8, 0, -9, 23, 20, 1561 }, // U+036F
    { 15, 26, 223, 1, 26, 98, 0 }, // U+0400
    { 15, 23, 223, 1, 23, 87, 98 }, // U+0401
    { 17, 18, 313, 3, 18, 77, 185 }, // U+0402
    { 17, 26, 207, 1, 26, 111, 262 }, // U+0403
    { 16, 18, 251, 2, 18, 72, 373 }, // U+0404
    { 16, 18, 226, 0, 18, 72, 445 }, // U+0405
    { 14, 18, 187, 0, 18, 63, 517 }, // U+0406
    { 15, 23, 187, 0, 23, 87, 580 }, // U+0407
    { 14, 18, 195, 0, 18, 63, 667 }, // U+0408
    { 26, 18, 403, -1, 18, 117, 730 }, // U+0409
    { 23, 18, 387, 1, 18, 104, 847 }, // U+040A
    { 17, 18, 320, 3, 18, 77, 951 }, // U+040B
    { 18, 26, 262, 1, 26, 117, 1028 }, // U+040C
    { 19, 26, 289, 1, 26, 124, 1145 }, // U+040D
    { 17, 24, 232, 1, 24, 102, 1269 }, // U+040E
    { 19, 24, 298, 1, 18, 114, 1371 }, // U+040F
    { 17, 18, 272, -1, 18, 77, 1485 }, // U+0410
    { 16, 18, 249, 1, 18, 72, 1562 }, // U+0411
    { 16, 18, 261, 1, 18, 72, 1634 }, // U+0412
    { 16, 18, 207, 1, 18, 72, 1706 }, // U+0413
    { 22, 24, 300, -2, 18, 132, 1778 }, // U+0414
    { 15, 18, 223, 1, 18, 68, 1910 }, // U+0415
    { 25, 18, 381, 1, 18, 113, 1978 }, // U+0416
    { 15, 18, 240, 1, 18, 68, 2091 }, // U+0417
    { 19, 18, 289, 1, 18, 86, 2159 }, // U+0418
    { 19, 24, 289, 1, 24, 114, 2245 }, // U+0419
    { 18, 18, 262, 1, 18, 81, 2359 }, // U+041A
    { 21, 18, 287, -1, 18, 95, 2440 }, // U+041B
    { 22, 18, 359, 1, 18, 99, 2535 }, // U+041C
    { 19, 18, 286, 1, 18, 86, 2634 }, // U+041D
    { 17, 18, 283, 2, 18, 77, 2720 }, // U+041E
    { 19, 18, 298, 1, 18, 86, 2797 }, // U+041F
    { 16, 18, 232, 1, 18, 72, 2883 }, // U+0420
    { 17, 18, 262, 2, 18, 77, 2955 }, // U+0421
    { 16, 18, 243, 3, 18, 72, 3032 }, // U+0422
    { 17, 18, 232, 1, 18, 77, 3104 }, // U+0423
    { 18, 20, 298, 2, 20, 90, 3181 }, // U+0424
    { 20, 18, 255, -1, 18, 90, 3271 }, // U+0425
    { 19, 24, 305, 1, 18, 114, 3361 }, // U+0426
    { 15, 18, 255, 3, 18, 68, 3475 }, // U+0427
    { 25, 18, 392, 1, 18, 113, 3543 }, // U+0428
    { 25, 24, 398, 1, 18, 150, 3656 }, // U+0429
    { 15, 18, 296, 3, 18, 68, 3806 }, // U+042A
    { 21, 18, 318, 1, 18, 95, 3874 }, // U+042B
    { 14, 18, 243, 1, 18, 63, 3969 }, // U+042C
    { 16, 18, 253, 1, 18, 72, 4032 }, // U+042D
    { 23, 18, 370, 1, 18, 104, 4104 }, // U+042E
    { 18, 18, 260, 0, 18, 81, 4208 }, // U+042F
    { 14, 13, 221, 1, 13, 46, 4289 }, // U+0430
    { 15, 19, 221, 1, 19, 72, 4335 }, // U+0431
    { 12, 13, 205, 1, 13, 39, 4407 }, // U+0432
    { 11, 13, 177, 1, 13, 36, 4446 }, // U+0433
    { 13, 18, 215, 1, 18, 59, 4482 }, // U+0434
    { 13, 13, 204, 1, 13, 43, 4541 }, // U+0435
    { 21, 13, 298, 0, 13, 69, 4584 }, // U+0436
    { 12, 13, 198, 1, 13, 39, 4653 }, // U+0437
    { 13, 13, 229, 2, 13, 43, 4692 }, // U+0438
    { 13, 19, 229, 2, 19, 62, 4735 }, // U+0439
    { 14, 13, 201, 1, 13, 46, 4797 }, // U+043A
    { 16, 13, 227, -1, 13, 52, 4843 }, // U+043B
    { 18, 13, 280, 0, 13, 59, 4895 }, // U+043C
    { 15, 13, 234, 1, 13, 49, 4954 }, // U+043D
    { 13, 13, 221, 1, 13, 43, 5003 }, // U+043E
    { 14, 13, 233, 1, 13, 46, 5046 }, // U+043F
    { 15, 19, 231, 0, 13, 72, 5092 }, // U+0440
    { 13, 13, 193, 1, 13, 43, 5164 }, // U+0441
    { 20, 13, 328, 1, 13, 65, 5207 }, // U+0442
    { 16, 19, 191, -3, 13, 76, 5272 }, // U+0443
    { 17, 24, 273, 1, 18, 102, 5348 }, // U+0444
    { 14, 13, 197, 0, 13, 46, 5450 }, // U+0445
    { 14, 18, 250, 2, 13, 63, 5496 }, // U+0446
    { 11, 13, 198, 2, 13, 36, 5559 }, // U+0447
    { 20, 13, 328, 1, 13, 65, 5595 }, // U+0448
    { 20, 18, 336, 1, 13, 90, 5660 }, // U+0449
    { 13, 14, 229, 1, 14, 46, 5750 }, // U+044A
    { 17, 13, 284, 1, 13, 56, 5796 }, // U+044B
    { 11, 13, 193, 1, 13, 36, 5852 }, // U+044C
    { 12, 13, 192, 1, 13, 39, 5888 }, // U+044D
    { 18, 13, 301, 1, 13, 59, 5927 }, // U+044E
    { 14, 13, 210, 0, 13, 46, 5986 }, // U+044F
    { 13, 21, 204, 1, 21, 69, 6032 }, // U+0450
    { 14, 18, 204, 1, 18, 63, 6101 }, // U+0451
    { 14, 26, 231, 1, 20, 91, 6164 }, // U+0452
    { 14, 21, 177, 1, 21, 74, 6255 }, // U+0453
    { 12, 13, 197, 1, 13, 39, 6329 }, // U+0454
    { 13, 13, 185, 0, 13, 43, 6368 }, // U+0455
    { 6, 18, 108, 2, 18, 27, 6411 }, // U+0456
    { 9, 18, 108, 2, 18, 41, 6438 }, // U+0457
    { 13, 24, 118, -4, 18, 78, 6479 }, // U+0458
    { 21, 13, 324, -1, 13, 69, 6557 }, // U+0459
    { 20, 13, 331, 1, 13, 65, 6626 }, // U+045A
    { 14, 20, 231, 1, 20, 70, 6691 }, // U+045B
    { 15, 21, 201, 1, 21, 79, 6761 }, // U+045C
    { 13, 21, 229, 2, 21, 69, 6840 }, // U+045D
    { 16, 25, 191, -3, 19, 100, 6909 }, // U+045E
    { 13, 18, 229, 2, 13, 59, 7009 }, // U+045F
    { 14, 20, 276, 3, 20, 70, 7068 }, // U+0462
    { 20, 13, 329, 1, 13, 65, 7138 }, // U+0463
    { 17, 18, 283, 2, 18, 77, 7203 }, // U+0472
    { 13, 13, 221, 1, 13, 43, 7280 }, // U+0473
    { 19, 18, 279, 3, 18, 86, 7323 }, // U+0474
    { 15, 13, 226, 2, 13, 49, 7409 }, // U+0475
    { 19, 30, 303, 1, 24, 143, 7458 }, // U+048A
    { 14, 24, 247, 2, 19, 84, 7601 }, // U+048B
    { 14, 21, 243, 1, 21, 74, 7685 }, // U+048C
    { 11, 15, 193, 1, 15, 42, 7759 }, // U+048D
    { 16, 18, 232, 1, 18, 72, 7801 }, // U+048E
    { 15, 19, 231, 0, 13, 72, 7873 }, // U+048F
    { 17, 23, 207, 1, 23, 98, 7945 }, // U+0490
    { 14, 17, 186, 1, 17, 60, 8043 }, // U+0491
    { 16, 18, 207, 1, 18, 72, 8103 }, // U+0492
    { 12, 13, 177, 0, 13, 39, 8175 }, // U+0493
    { 16, 24, 245, 1, 18, 96, 8214 }, // U+0494
    { 13, 19, 214, 1, 13, 62, 8310 }, // U+0495
    { 26, 24, 393, 1, 18, 156, 8372 }, // U+0496
    { 21, 19, 304, 0, 13, 100, 8528 }, // U+0497
    { 15, 24, 240, 1, 18, 90, 8628 }, // U+0498
    { 12, 18, 198, 1, 13, 54, 8718 }, // U+0499
    { 18, 24, 266, 1, 18, 108, 8772 }, // U+049A
    { 14, 19, 209, 1, 13, 67, 8880 }, // U+049B
    { 19, 18, 275, 1, 18, 86, 8947 }, // U+049C
    { 14, 13, 215, 1, 13, 46, 9033 }, // U+049D
    { 18, 18, 262, 1, 18, 81, 9079 }, // U+049E
    { 14, 20, 203, 1, 20, 70, 9160 }, // U+049F
    { 19, 18, 314, 3, 18, 86, 9230 }, // U+04A0
    { 16, 13, 251, 2, 13, 52, 9316 }, // U+04A1
    { 19, 24, 301, 1, 18, 114, 9368 }, // U+04A2
    { 15, 19, 241, 1, 13, 72, 9482 }, // U+04A3
    { 25, 18, 351, 1, 18, 113, 9554 }, // U+04A4
    { 19, 13, 288, 1, 13, 62, 9667 }, // U+04A5
    { 25, 24, 411, 1, 18, 150, 9729 }, // U+04A6
    { 20, 19, 347, 1, 13, 95, 9879 }, // U+04A7
    { 19, 18, 325, 2, 18, 86, 9974 }, // U+04A8
    { 14, 13, 242, 1, 13, 46, 10060 }, // U+04A9
    { 17, 24, 262, 2, 18, 102, 10106 }, // U+04AA
    { 13, 18, 193, 1, 13, 59, 10208 }, // U+04AB
    { 16, 24, 243, 3, 18, 96, 10267 }, // U+04AC
    { 21, 18, 344, 1, 13, 95, 10363 }, // U+04AD
    { 16, 18, 254, 4, 18, 72, 10458 }, // U+04AE
    { 13, 19, 213, 1, 13, 62, 10530 }, // U+04AF
    { 17, 18, 254, 3, 18, 77, 10592 }, // U+04B0
    { 13, 19, 213, 1, 13, 62, 10669 }, // U+04B1
    { 20, 24, 260, -1, 18, 120, 10731 }, // U+04B2
    { 14, 18, 200, 0, 13, 63, 10851 }, // U+04B3
    { 21, 24, 359, 3, 18, 126, 10914 }, // U+04B4
    { 14, 23, 247, 2, 18, 81, 11040 }, // U+04B5
    { 15, 24, 270, 3, 18, 90, 11121 }, // U+04B6
    { 11, 19, 206, 2, 13, 53, 11211 }, // U+04B7
    { 15, 18, 255, 3, 18, 68, 11264 }, // U+04B8
    { 11, 13, 198, 2, 13, 36, 11332 }, // U+04B9
    { 15, 18, 261, 1, 18, 68, 11368 }, // U+04BA
    { 14, 20, 231, 1, 20, 70, 11436 }, // U+04BB
    { 21, 18, 350, 2, 18, 95, 11506 }, // U+04BC
    { 16, 13, 250, 1, 13, 52, 11601 }, // U+04BD
    { 21, 24, 350, 2, 18, 126, 11653 }, // U+04BE
    { 16, 18, 250, 1, 13, 72, 11779 }, // U+04BF
    { 14, 18, 187, 0, 18, 63, 11851 }, // U+04C0
    { 25, 24, 381, 1, 24, 150, 11914 }, // U+04C1
    { 21, 19, 298, 0, 19, 100, 12064 }, // U+04C2
    { 18, 24, 253, 1, 18, 108, 12164 }, // U+04C3
    { 14, 19, 211, 1, 13, 67, 12272 }, // U+04C4
    { 21, 24, 305, -1, 18, 126, 12339 }, // U+04C5
    { 16, 19, 238, -1, 13, 76, 12465 }, // U+04C6
    { 19, 24, 286, 1, 18, 114, 12541 }, // U+04C7
    { 15, 19, 234, 1, 13, 72, 12655 }, // U+04C8
    { 19, 24, 300, 1, 18, 114, 12727 }, // U+04C9
    { 15, 19, 243, 1, 13, 72, 12841 }, // U+04CA
    { 15, 24, 255, 3, 18, 90, 12913 }, // U+04CB
    { 11, 19, 198, 2, 13, 53, 13003 }, // U+04CC
    { 22, 24, 364, 1, 18, 132, 13056 }, // U+04CD
    { 18, 19, 289, 0, 13, 86, 13188 }, // U+04CE
    { 11, 20, 142, 1, 20, 55, 13274 }, // U+04CF
    { 19, 24, 272, -1, 24, 114, 13329 }, // U+04D0
    { 14, 19, 221, 1, 19, 67, 13443 }, // U+04D1
    { 18, 23, 272, -1, 23, 104, 13510 }, // U+04D2
    { 14, 18, 221, 1, 18, 63, 13614 }, // U+04D3
    { 24, 18, 349, 0, 18, 108, 13677 }, // U+04D4
    { 21, 13, 338, 1, 13, 69, 13785 }, // U+04D5
    { 16, 24, 223, 1, 24, 96, 13854 }, // U+04D6
    { 14, 19, 204, 1, 19, 67, 13950 }, // U+04D7
    { 17, 18, 272, 1, 18, 77, 14017 }, // U+04D8
    { 12, 13, 207, 1, 13, 39, 14094 }, // U+04D9
    { 17, 23, 272, 1, 23, 98, 14133 }, // U+04DA
    { 13, 18, 207, 1, 18, 59, 14231 }, // U+04DB
    { 25, 23, 381, 1, 23, 144, 14290 }, // U+04DC
    { 21, 18, 298, 0, 18, 95, 14434 }, // U+04DD
    { 15, 23, 240, 1, 23, 87, 14529 }, // U+04DE
    { 13, 18, 198, 1, 18, 59, 14616 }, // U+04DF
    { 18, 18, 250, 0, 18, 81, 14675 }, // U+04E0
    { 15, 19, 202, -1, 13, 72, 14756 }, // U+04E1
    { 19, 22, 289, 1, 22, 105, 14828 }, // U+04E2
    { 13, 17, 229, 2, 17, 56, 14933 }, // U+04E3
    { 19, 23, 289, 1, 23, 110, 14989 }, // U+04E4
    { 13, 18, 229, 2, 18, 59, 15099 }, // U+04E5
    { 17, 23, 283, 2, 23, 98, 15158 }, // U+04E6
    { 14, 18, 221, 1, 18, 63, 15256 }, // U+04E7
    { 17, 18, 283, 2, 18, 77, 15319 }, // U+04E8
    { 13, 13, 221, 1, 13, 43, 15396 }, // U+04E9
    { 17, 23, 283, 2, 23, 98, 15439 }, // U+04EA
    { 14, 18, 221, 1, 18, 63, 15537 }, // U+04EB
    { 16, 23, 253, 1, 23, 92, 15600 }, // U+04EC
    { 12, 18, 192, 1, 18, 54, 15692 }, // U+04ED
    { 17, 22, 232, 1, 22, 94, 15746 }, // U+04EE
    { 16, 23, 191, -3, 17, 92, 15840 }, // U+04EF
    { 17, 23, 232, 1, 23, 98, 15932 }, // U+04F0
    { 16, 24, 191, -3, 18, 96, 16030 }, // U+04F1
    { 17, 25, 232, 1, 25, 107, 16126 }, // U+04F2
    { 18, 26, 191, -3, 20, 117, 16233 }, // U+04F3
    { 15, 23, 255, 3, 23, 87, 16350 }, // U+04F4
    { 12, 18, 198, 2, 18, 54, 16437 }, // U+04F5
    { 16, 24, 207, 1, 18, 96, 16491 }, // U+04F6
    { 11, 18, 177, 1, 13, 50, 16587 }, // U+04F7
    { 21, 23, 318, 1, 23, 121, 16637 }, // U+04F8
    { 17, 18, 284, 1, 18, 77, 16758 }, // U+04F9
    { 18, 24, 207, -1, 18, 108, 16835 }, // U+04FA
    { 12, 19, 177, 0, 13, 57, 16943 }, // U+04FB
    { 20, 24, 259, -1, 18, 120, 17000 }, // U+04FC
    { 14, 19, 197, 0, 13, 67, 17120 }, // U+04FD
    { 20, 18, 255, -1, 18, 90, 17187 }, // U+04FE
    { 14, 13, 197, 0, 13, 46, 17277 }, // U+04FF
    { 15, 13, 231, -1, 13, 49, 0 }, // U+1D00
    { 20, 13, 289, -1, 13, 65, 49 }, // U+1D01
    { 21, 13, 336, 1, 13, 69, 114 }, // U+1D02
    { 15, 13, 211, 0, 13, 49, 183 }, // U+1D03
    { 13, 13, 218, 1, 13, 43, 232 }, // U+1D04
    { 14, 13, 230, 1, 13, 46, 275 }, // U+1D05
    { 15, 13, 228, 0, 13, 49, 321 }, // U+1D06
    { 13, 13, 199, 1, 13, 43, 370 }, // U+1D07
    { 12, 13, 175, 0, 13, 39, 413 }, // U+1D08
    { 7, 19, 106, 0, 13, 34, 452 }, // U+1D09
    { 12, 13, 152, -1, 13, 39, 486 }, // U+1D0A
    { 14, 13, 211, 1, 13, 46, 525 }, // U+1D0B
    { 11, 13, 181, 0, 13, 36, 571 }, // U+1D0C
    { 18, 13, 286, 1, 13, 59, 607 }, // U+1D0D
    { 15, 13, 238, 1, 13, 49, 666 }, // U+1D0E
    { 14, 13, 235, 1, 13, 46, 715 }, // U+1D0F
    { 13, 13, 205, 0, 13, 43, 761 }, // U+1D10
    { 14, 13, 237, 1, 13, 46, 804 }, // U+1D11
    { 14, 12, 246, 1, 13, 42, 850 }, // U+1D12
    { 15, 15, 254, 1, 14, 57, 892 }, // U+1D13
    { 22, 13, 355, 1, 13, 72, 949 }, // U+1D14
    { 13, 13, 198, 1, 13, 43, 1021 }, // U+1D15
    { 13, 7, 219, 1, 13, 23, 1064 }, // U+1D16
    { 13, 7, 221, 1, 7, 23, 1087 }, // U+1D17
    { 12, 13, 198, 1, 13, 39, 1110 }, // U+1D18
    { 15, 13, 198, -1, 13, 49, 1149 }, // U+1D19
    { 13, 13, 195, 1, 13, 43, 1198 }, // U+1D1A
    { 13, 13, 196, 2, 13, 43, 1241 }, // U+1D1B
    { 14, 13, 228, 2, 13, 46, 1284 }, // U+1D1C
    { 13, 14, 243, 2, 14, 46, 1330 }, // U+1D1D
    { 19, 14, 322, 1, 14, 67, 1376 }, // U+1D1E
    { 13, 20, 242, 2, 20, 65, 1443 }, // U+1D1F
    { 14, 13, 217, 2, 13, 46, 1508 }, // U+1D20
    { 21, 13, 331, 2, 13, 69, 1554 }, // U+1D21
    { 14, 13, 223, 1, 13, 46, 1623 }, // U+1D22
    { 14, 17, 210, 0, 13, 60, 1669 }, // U+1D23
    { 13, 18, 191, 1, 18, 59, 1729 }, // U+1D24
    { 16, 13, 246, -1, 13, 52, 1788 }, // U+1D25
    { 13, 13, 198, 1, 13, 43, 1840 }, // U+1D26
    { 14, 13, 217, -1, 13, 46, 1883 }, // U+1D27
    { 15, 13, 226, 1, 13, 49, 1929 }, // U+1D28
    { 12, 13, 198, 1, 13, 39, 1978 }, // U+1D29
    { 14, 13, 241, 3, 13, 46, 2017 }, // U+1D2A
    { 16, 13, 219, -1, 13, 52, 2063 }, // U+1D2B
    { 12, 11, 191, 1, 20, 33, 2115 }, // U+1D2C
    { 18, 11, 244, 1, 20, 50, 2148 }, // U+1D2D
    { 11, 11, 174, 2, 20, 31, 2198 }, // U+1D2E
    { 12, 11, 172, 2, 20, 33, 2229 }, // U+1D2F
    { 13, 11, 194, 2, 20, 36, 2262 }, // U+1D30
    { 11, 11, 156, 2, 20, 31, 2298 }, // U+1D31
    { 11, 11, 159, 2, 20, 31, 2329 }, // U+1D32
    { 12, 11, 192, 3, 20, 33, 2360 }, // U+1D33
    { 14, 11, 199, 2, 20, 39, 2393 }, // U+1D34
    { 10, 11, 130, 2, 20, 28, 2432 }, // U+1D35
    { 10, 11, 136, 1, 20, 28, 2460 }, // U+1D36
    { 13, 11, 172, 2, 20, 36, 2488 }, // U+1D37
    { 9, 11, 145, 2, 20, 25, 2524 }, // U+1D38
    { 16, 11, 244, 2, 20, 44, 2549 }, // U+1D39
    { 14, 11, 202, 2, 20, 39, 2593 }, // U+1D3A
    { 14, 12, 202, 2, 20, 42, 2632 }, // U+1D3B
    { 12, 11, 198, 3, 20, 33, 2674 }, // U+1D3C
    { 11, 11, 161, 2, 20, 31, 2707 }, // U+1D3D
    { 11, 11, 163, 2, 20, 31, 2738 }, // U+1D3E
    { 11, 11, 177, 2, 20, 31, 2769 }, // U+1D3F
    { 11, 11, 170, 4, 20, 31, 2800 }, // U+1D40
    { 12, 11, 194, 3, 20, 33, 2831 }, // U+1D41
    { 18, 11, 282, 4, 20, 50, 2864 }, // U+1D42
    { 10, 8, 155, 2, 17, 20, 2914 }, // U+1D43
    { 10, 8, 158, 2, 17, 20, 2934 }, // U+1D44
    { 10, 8, 155, 2, 17, 20, 2954 }, // U+1D45
    { 15, 8, 235, 2, 17, 30, 2974 }, // U+1D46
    { 10, 13, 156, 2, 22, 33, 3004 }, // U+1D47
    { 12, 13, 180, 2, 22, 39, 3037 }, // U+1D48
    { 9, 8, 142, 2, 17, 18, 3076 }, // U+1D49
    { 9, 8, 145, 2, 17, 18, 3094 }, // U+1D4A
    { 9, 8, 127, 2, 17, 18, 3112 }, // U+1D4B
    { 8, 8, 122, 2, 17, 16, 3130 }, // U+1D4C
    { 10, 12, 152, 2, 17, 30, 3146 }, // U+1D4D
    { 5, 12, 74, 2, 17, 15, 3176 }, // U+1D4E
    { 10, 13, 145, 2, 22, 33, 3191 }, // U+1D4F
    { 14, 8, 230, 2, 17, 28, 3224 }, // U+1D50
    { 10, 12, 163, 2, 17, 30, 3252 }, // U+1D51
    { 10, 8, 155, 2, 17, 20, 3282 }, // U+1D52
    { 9, 8, 133, 2, 17, 18, 3302 }, // U+1D53
    { 9, 5, 153, 3, 17, 12, 3320 }, // U+1D54
    { 10, 5, 155, 2, 14, 13, 3332 }, // U+1D55
    { 11, 12, 162, 1, 17, 33, 3345 }, // U+1D56
    { 7, 11, 111, 3, 20, 20, 3378 }, // U+1D57
    { 10, 8, 161, 3, 17, 20, 3398 }, // U+1D58
    { 9, 9, 170, 3, 18, 21, 3418 }, // U+1D59
    { 14, 8, 228, 3, 17, 28, 3439 }, // U+1D5A
    { 8, 8, 129, 3, 17, 16, 3467 }, // U+1D5B
    { 11, 8, 171, 1, 17, 22, 3483 }, // U+1D5C
    { 11, 18, 154, 1, 23, 50, 3505 }, // U+1D5D
    { 9, 12, 140, 3, 17, 27, 3555 }, // U+1D5E
    { 11, 14, 152, 2, 23, 39, 3582 }, // U+1D5F
    { 12, 13, 206, 3, 18, 39, 3621 }, // U+1D60
    { 11, 12, 149, 1, 17, 33, 3660 }, // U+1D61
    { 5, 13, 76, 0, 9, 17, 3693 }, // U+1D62
    { 9, 9, 124, -1, 5, 21, 3710 }, // U+1D63
    { 10, 9, 161, 0, 5, 23, 3731 }, // U+1D64
    { 8, 9, 129, 0, 5, 18, 3754 }, // U+1D65
    { 12, 19, 154, -2, 11, 57, 3772 }, // U+1D66
    { 10, 13, 140, 0, 5, 33, 3829 }, // U+1D67
    { 10, 13, 148, -1, 5, 33, 3862 }, // U+1D68
    { 13, 13, 206, 0, 5, 43, 3895 }, // U+1D69
    { 12, 13, 149, -2, 5, 39, 3938 }, // U+1D6A
    { 21, 13, 354, 2, 13, 69, 3977 }, // U+1D6B
    { 14, 21, 223, 1, 21, 74, 4046 }, // U+1D6C
    { 18, 21, 258, 1, 21, 95, 4120 }, // U+1D6D
    { 14, 20, 148, 0, 20, 70, 4215 }, // U+1D6E
    { 22, 13, 328, 0, 13, 72, 4285 }, // U+1D6F
    { 17, 13, 233, 0, 13, 56, 4357 }, // U+1D70
    { 18, 19, 231, -3, 13, 86, 4413 }, // U+1D71
    { 14, 13, 178, -1, 13, 46, 4499 }, // U+1D72
    { 12, 13, 187, 1, 13, 39, 4545 }, // U+1D73
    { 13, 13, 185, 0, 13, 43, 4584 }, // U+1D74
    { 12, 17, 159, 0, 17, 51, 4627 }, // U+1D75
    { 14, 14, 189, 0, 13, 49, 4678 }, // U+1D76
    { 15, 18, 214, 0, 18, 68, 4727 }, // U+1D77
    { 11, 8, 164, 2, 17, 22, 4795 }, // U+1D78
    { 15, 19, 207, -1, 13, 72, 4817 }, // U+1D79
    { 22, 23, 382, 2, 21, 127, 4889 }, // U+1D7A
    { 11, 13, 167, 1, 13, 36, 5016 }, // U+1D7B
    { 9, 13, 166, 1, 13, 30, 5052 }, // U+1D7C
    { 17, 19, 241, 0, 13, 81, 5082 }, // U+1D7D
    { 16, 13, 257, 1, 13, 52, 5163 }, // U+1D7E
    { 16, 13, 255, 1, 13, 52, 5215 }, // U+1D7F
    { 14, 26, 222, 1, 20, 91, 5267 }, // U+1D80
    { 16, 26, 258, 1, 20, 104, 5358 }, // U+1D81
    { 14, 26, 148, 0, 20, 91, 5462 }, // U+1D82
    { 19, 19, 291, 0, 13, 91, 5553 }, // U+1D83
    { 13, 26, 213, 1, 20, 85, 5644 }, // U+1D84
    { 8, 26, 116, 0, 20, 52, 5729 }, // U+1D85
    { 20, 19, 327, 1, 13, 95, 5781 }, // U+1D86
    { 14, 19, 236, 1, 13, 67, 5876 }, // U+1D87
    { 15, 19, 231, 0, 13, 72, 5943 }, // U+1D88
    { 14, 19, 174, -1, 13, 67, 6015 }, // U+1D89
    { 13, 19, 185, 0, 13, 62, 6082 }, // U+1D8A
    { 15, 26, 210, -2, 20, 98, 6144 }, // U+1D8B
    { 11, 19, 184, 2, 13, 53, 6242 }, // U+1D8C
    { 14, 19, 197, 0, 13, 67, 6295 }, // U+1D8D
    { 14, 19, 189, 0, 13, 67, 6362 }, // U+1D8E
    { 15, 19, 216, 1, 13, 72, 6429 }, // U+1D8F
    { 15, 19, 221, 1, 13, 72, 6501 }, // U+1D90
    { 20, 26, 233, 1, 20, 130, 6573 }, // U+1D91
    { 13, 19, 210, 1, 13, 62, 6703 }, // U+1D92
    { 12, 19, 183, 1, 13, 57, 6765 }, // U+1D93
    { 12, 19, 180, 0, 13, 57, 6822 }, // U+1D94
    { 15, 19, 248, 1, 13, 72, 6879 }, // U+1D95
    { 6, 24, 108, 2, 18, 36, 6951 }, // U+1D96
    { 12, 19, 189, 0, 13, 57, 6987 }, // U+1D97
    { 16, 30, 138, -3, 20, 120, 7044 }, // U+1D98
    { 15, 19, 229, 2, 13, 72, 7164 }, // U+1D99
    { 16, 23, 202, -2, 13, 92, 7236 }, // U+1D9A
    { 10, 8, 158, 2, 17, 20, 7328 }, // U+1D9B
    { 9, 8, 135, 2, 17, 18, 7348 }, // U+1D9C
    { 9, 10, 141, 2, 17, 23, 7366 }, // U+1D9D
    { 11, 13, 157, 2, 22, 36, 7389 }, // U+1D9E
    { 8, 8, 126, 2, 17, 16, 7425 }, // U+1D9F
    { 9, 14, 103, 3, 23, 32, 7441 }, // U+1DA0
    { 10, 12, 96, -1, 17, 30, 7473 }, // U+1DA1
    { 10, 12, 154, 2, 17, 30, 7503 }, // U+1DA2
    { 10, 12, 157, 3, 17, 30, 7533 }, // U+1DA3
    { 7, 11, 104, 2, 20, 20, 7563 }, // U+1DA4
    { 5, 8, 98, 3, 17, 10, 7583 }, // U+1DA5
    { 8, 8, 112, 2, 17, 16, 7593 }, // U+1DA6
    { 8, 8, 117, 2, 17, 16, 7609 }, // U+1DA7
    { 9, 16, 111, 1, 20, 36, 7625 }, // U+1DA8
    { 6, 17, 74, 2, 22, 26, 7661 }, // U+1DA9
    { 7, 17, 81, 1, 22, 30, 7687 }, // U+1DAA
    { 7, 8, 122, 2, 17, 14, 7717 }, // U+1DAB
    { 14, 12, 228, 2, 17, 42, 7731 }, // U+1DAC
    { 14, 12, 228, 3, 17, 42, 7773 }, // U+1DAD
    { 14, 12, 166, -2, 17, 42, 7815 }, // U+1DAE
    { 11, 12, 163, 2, 17, 33, 7857 }, // U+1DAF
    { 11, 8, 166, 2, 17, 22, 7890 }, // U+1DB0
    { 10, 8, 155, 2, 17, 20, 7912 }, // U+1DB1
    { 11, 15, 167, 2, 20, 42, 7932 }, // U+1DB2
    { 10, 12, 129, 1, 17, 30, 7974 }, // U+1DB3
    { 11, 18, 96, 0, 23, 50, 8004 }, // U+1DB4
    { 7, 15, 111, 3, 20, 27, 8054 }, // U+1DB5
    { 11, 8, 183, 3, 17, 22, 8081 }, // U+1DB6
    { 10, 8, 166, 3, 17, 20, 8103 }, // U+1DB7
    { 10, 8, 160, 3, 17, 20, 8123 }, // U+1DB8
    { 9, 8, 153, 3, 17, 18, 8143 }, // U+1DB9
    { 8, 8, 129, 2, 17, 16, 8161 }, // U+1DBA
    { 10, 8, 132, 1, 17, 20, 8177 }, // U+1DBB
    { 10, 12, 139, 1, 17, 30, 8197 }, // U+1DBC
    { 11, 10, 147, 1, 17, 28, 8227 }, // U+1DBD
    { 11, 12, 141, 1, 17, 33, 8255 }, // U+1DBE
    { 10, 12, 156, 3, 21, 30, 8288 }, // U+1DBF
    { 17, 24, 272, -1, 18, 102, 0 }, // U+1EA0
    { 14, 19, 221, 1, 13, 67, 102 }, // U+1EA1
    { 17, 26, 272, -1, 26, 111, 169 }, // U+1EA2
    { 14, 21, 221, 1, 21, 74, 280 }, // U+1EA3
    { 21, 33, 272, -1, 33, 174, 354 }, // U+1EA4
    { 17, 28, 221, 1, 28, 119, 528 }, // U+1EA5
    { 19, 33, 272, -1, 33, 157, 647 }, // U+1EA6
    { 14, 28, 221, 1, 28, 98, 804 }, // U+1EA7
    { 19, 33, 272, -1, 33, 157, 902 }, // U+1EA8
    { 14, 28, 221, 1, 28, 98, 1059 }, // U+1EA9
    { 20, 30, 272, -1, 30, 150, 1157 }, // U+1EAA
    { 15, 25, 221, 1, 25, 94, 1307 }, // U+1EAB
    { 19, 32, 272, -1, 26, 152, 1401 }, // U+1EAC
    { 14, 27, 221, 1, 21, 95, 1553 }, // U+1EAD
    { 21, 33, 272, -1, 33, 174, 1648 }, // U+1EAE
    { 17, 28, 221, 1, 28, 119, 1822 }, // U+1EAF
    { 19, 33, 272, -1, 33, 157, 1941 }, // U+1EB0
    { 15, 28, 221, 1, 28, 105, 2098 }, // U+1EB1
    { 19, 33, 272, -1, 33, 157, 2203 }, // U+1EB2
    { 15, 28, 221, 1, 28, 105, 2360 }, // U+1EB3
    { 20, 30, 272, -1, 30, 150, 2465 }, // U+1EB4
    { 16, 25, 221, 1, 25, 100, 2615 }, // U+1EB5
    { 19, 30, 272, -1, 24, 143, 2715 }, // U+1EB6
    { 15, 25, 221, 1, 19, 94, 2858 }, // U+1EB7
    { 15, 24, 223, 1, 18, 90, 2952 }, // U+1EB8
    { 13, 19, 204, 1, 13, 62, 3042 }, // U+1EB9
    { 15, 26, 223, 1, 26, 98, 3104 }, // U+1EBA
    { 13, 21, 204, 1, 21, 69, 3202 }, // U+1EBB
    { 16, 23, 223, 1, 23, 92, 3271 }, // U+1EBC
    { 14, 18, 204, 1, 18, 63, 3363 }, // U+1EBD
    { 18, 33, 223, 1, 33, 149, 3426 }, // U+1EBE
    { 16, 28, 204, 1, 28, 112, 3575 }, // U+1EBF
    { 16, 33, 223, 1, 33, 132, 3687 }, // U+1EC0
    { 14, 28, 204, 1, 28, 98, 3819 }, // U+1EC1
    { 16, 33, 223, 1, 33, 132, 3917 }, // U+1EC2
    { 14, 28, 204, 1, 28, 98, 4049 }, // U+1EC3
    { 17, 30, 223, 1, 30, 128, 4147 }, // U+1EC4
    { 15, 25, 204, 1, 25, 94, 4275 }, // U+1EC5
    { 16, 32, 223, 1, 26, 128, 4369 }, // U+1EC6
    { 14, 27, 204, 1, 21, 95, 4497 }, // U+1EC7
    { 14, 26, 187, 0, 26, 91, 4592 }, // U+1EC8
    { 8, 21, 108, 2, 21, 42, 4683 }, // U+1EC9
    { 14, 24, 187, 0, 18, 84, 4725 }, // U+1ECA
    { 8, 24, 108, 0, 18, 48, 4809 }, // U+1ECB
    { 17, 24, 283, 2, 18, 102, 4857 }, // U+1ECC
    { 13, 19, 221, 1, 13, 62, 4959 }, // U+1ECD
    { 17, 26, 283, 2, 26, 111, 5021 }, // U+1ECE
    { 13, 21, 221, 1, 21, 69, 5132 }, // U+1ECF
    { 19, 33, 283, 2, 33, 157, 5201 }, // U+1ED0
    { 16, 28, 221, 1, 28, 112, 5358 }, // U+1ED1
    { 17, 33, 283, 2, 33, 141, 5470 }, // U+1ED2
    { 14, 28, 221, 1, 28, 98, 5611 }, // U+1ED3
    { 17, 33, 283, 2, 33, 141, 5709 }, // U+1ED4
    { 14, 28, 221, 1, 28, 98, 5850 }, // U+1ED5
    { 17, 30, 283, 2, 30, 128, 5948 }, // U+1ED6
    { 15, 25, 221, 1, 25, 94, 6076 }, // U+1ED7
    { 17, 32, 283, 2, 26, 136, 6170 }, // U+1ED8
    { 14, 27, 221, 1, 21, 95, 6306 }, // U+1ED9
    { 20, 26, 293, 2, 26, 130, 6401 }, // U+1EDA
    { 18, 21, 250, 1, 21, 95, 6531 }, // U+1EDB
    { 20, 26, 293, 2, 26, 130, 6626 }, // U+1EDC
    { 18, 21, 250, 1, 21, 95, 6756 }, // U+1EDD
    { 20, 26, 293, 2, 26, 130, 6851 }, // U+1EDE
    { 18, 21, 250, 1, 21, 95, 6981 }, // U+1EDF
    { 20, 23, 293, 2, 23, 115, 7076 }, // U+1EE0
    { 18, 18, 250, 1, 18, 81, 7191 }, // U+1EE1
    { 20, 29, 293, 2, 23, 145, 7272 }, // U+1EE2
    { 18, 22, 250, 1, 16, 99, 7417 }, // U+1EE3
    { 17, 24, 277, 2, 18, 102, 7516 }, // U+1EE4
    { 13, 19, 229, 2, 13, 62, 7618 }, // U+1EE5
    { 17, 26, 277, 2, 26, 111, 7680 }, // U+1EE6
    { 13, 21, 229, 2, 21, 69, 7791 }, // U+1EE7
    { 22, 26, 317, 2, 26, 143, 7860 }, // U+1EE8
    { 18, 21, 272, 2, 21, 95, 8003 }, // U+1EE9
    { 22, 26, 317, 2, 26, 143, 8098 }, // U+1EEA
    { 18, 21, 272, 2, 21, 95, 8241 }, // U+1EEB
    { 22, 26, 317, 2, 26, 143, 8336 }, // U+1EEC
    { 18, 21, 272, 2, 21, 95, 8479 }, // U+1EED
    { 22, 23, 317, 2, 23, 127, 8574 }, // U+1EEE
    { 18, 18, 272, 2, 18, 81, 8701 }, // U+1EEF
    { 22, 29, 317, 2, 23, 160, 8782 }, // U+1EF0
    { 18, 22, 272, 2, 16, 99, 8942 }, // U+1EF1
    { 16, 26, 254, 4, 26, 104, 9041 }, // U+1EF2
    { 16, 27, 191, -3, 21, 108, 9145 }, // U+1EF3
    { 16, 24, 254, 4, 18, 96, 9253 }, // U+1EF4
    { 16, 19, 191, -3, 13, 76, 9349 }, // U+1EF5
    { 16, 26, 254, 4, 26, 104, 9425 }, // U+1EF6
    { 16, 27, 191, -3, 21, 108, 9529 }, // U+1EF7
    { 16, 23, 254, 4, 23, 92, 9637 }, // U+1EF8
    { 16, 24, 191, -3, 18, 96, 9729 }, // U+1EF9
    { 0, 0, 196, 0, 0, 0, 0 }, // U+2000
    { 0, 0, 396, 0, 0, 0, 0 }, // U+2001
    { 0, 0, 196, 0, 0, 0, 0 }, // U+2002
    { 0, 0, 396, 0, 0, 0, 0 }, // U+2003
    { 0, 0, 129, 0, 0, 0, 0 }, // U+2004
    { 0, 0, 96, 0, 0, 0, 0 }, // U+2005
    { 0, 0, 63, 0, 0, 0, 0 }, // U+2006
    { 0, 0, 230, 0, 0, 0, 0 }, // U+2007
    { 0, 0, 121, 0, 0, 0, 0 }, // U+2008
    { 0, 0, 76, 0, 0, 0, 0 }, // U+2009
    { 0, 0, 36, 0, 0, 0, 0 }, // U+200A
    { 0, 0, 0, 0, 0, 0, 0 }, // U+200B
    { 0, 0, 0, 0, 0, 0, 0 }, // U+200C
    { 0, 0, 0, 0, 0, 0, 0 }, // U+200D
    { 0, 0, 0, 0, 0, 0, 0 }, // U+200E
    { 0, 0, 0, 0, 0, 0, 0 }, // U+200F
    { 10, 2, 164, 1, 9, 5, 0 }, // U+2010
    { 10, 2, 164, 1, 9, 5, 5 }, // U+2011
    { 15, 2, 230, 1, 9, 8, 10 }, // U+2012
    { 13, 2, 202, 1, 9, 7, 18 }, // U+2013
    { 21, 2, 335, 1, 9, 11, 25 }, // U+2014
    { 24, 2, 387, 1, 9, 12, 36 }, // U+2015
    { 14, 28, 229, 1, 21, 98, 48 }, // U+2016
    { 20, 5, 279, -3, -2, 25, 146 }, // U+2017
    { 6, 6, 104, 4, 19, 9, 171 }, // U+2018
    { 5, 6, 99, 3, 19, 8, 180 }, // U+2019
    { 6, 6, 145, 1, 3, 9, 188 }, // U+201A
    { 5, 6, 103, 5, 19, 8, 197 }, // U+201B
    { 10, 6, 205, 5, 19, 15, 205 }, // U+201C
    { 11, 6, 189, 4, 19, 17, 220 }, // U+201D
    { 10, 6, 218, 1, 3, 15, 237 }, // U+201E
    { 10, 6, 187, 5, 19, 15, 252 }, // U+201F
    { 13, 22, 196, 2, 19, 72, 267 }, // U+2020
    { 15, 22, 196, 0, 19, 83, 339 }, // U+2021
    { 6, 6, 180, 4, 12, 9, 422 }, // U+2022
    { 12, 10, 188, 0, 11, 30, 431 }, // U+2023
    { 4, 3, 107, 1, 3, 3, 461 }, // U+2024
    { 13, 3, 242, 1, 3, 10, 464 }, // U+2025
    { 18, 3, 333, 1, 3, 14, 474 }, // U+2026
    { 5, 3, 129, 3, 10, 4, 488 }, // U+2027
    { 0, 0, 0, 0, 0, 0, 492 }, // U+2028
    { 0, 0, 0, 0, 0, 0, 492 }, // U+2029
    { 0, 0, 0, 0, 0, 0, 492 }, // U+202A
    { 0, 0, 0, 0, 0, 0, 492 }, // U+202B
    { 0, 0, 0, 0, 0, 0, 492 }, // U+202C
    { 0, 0, 0, 0, 0, 0, 492 }, // U+202D
    { 0, 0, 0, 0, 0, 0, 492 }, // U+202E
    { 0, 0, 76, 0, 0, 0, 492 }, // U+202F
    { 25, 18, 426, 2, 18, 113, 492 }, // U+2030
    { 9, 7, 90, 1, 18, 16, 605 }, // U+2032
    { 13, 7, 160, 1, 18, 23, 621 }, // U+2033
    { 18, 7, 230, 1, 18, 32, 644 }, // U+2034
    { 6, 7, 90, 3, 18, 11, 676 }, // U+2035
    { 10, 7, 160, 3, 18, 18, 687 }, // U+2036
    { 14, 7, 230, 3, 18, 25, 705 }, // U+2037
    { 7, 4, 100, -2, 1, 7, 730 }, // U+2038
    { 10, 13, 150, 1, 13, 33, 737 }, // U+2039
    { 10, 13, 150, 0, 13, 33, 770 }, // U+203A
    { 18, 16, 272, 0, 15, 72, 803 }, // U+203B
    { 14, 19, 234, 2, 19, 67, 875 }, // U+203C
    { 9, 3, 121, -2, -3, 7, 942 }, // U+203F
    { 9, 3, 121, 2, 18, 7, 949 }, // U+2040
    { 16, 18, 155, -3, 13, 72, 956 }, // U+2041
    { 21, 23, 230, -2, 20, 121, 1028 }, // U+2044
    { 14, 5, 238, 2, 11, 18, 1149 }, // U+2053
    { 22, 7, 301, 1, 18, 39, 1167 }, // U+2057
    { 0, 0, 0, 0, 0, 0, 1206 }, // U+2060
    { 0, 0, 0, 0, 0, 0, 1206 }, // U+2061
    { 0, 0, 0, 0, 0, 0, 1206 }, // U+2062
    { 0, 0, 0, 0, 0, 0, 1206 }, // U+2063
    { 0, 0, 0, 0, 0, 0, 1206 }, // U+206A
    { 0, 0, 0, 0, 0, 0, 1206 }, // U+206B
    { 0, 0, 0, 0, 0, 0, 1206 }, // U+206C
    { 0, 0, 0, 0, 0, 0, 1206 }, // U+206D
    { 0, 0, 0, 0, 0, 0, 1206 }, // U+206E
    { 0, 0, 0, 0, 0, 0, 1206 }, // U+206F
    { 10, 11, 161, 3, 20, 28, 0 }, // U+2070
    { 5, 11, 76, 3, 20, 14, 28 }, // U+2071
    { 11, 11, 161, 2, 20, 31, 42 }, // U+2074
    { 11, 11, 161, 2, 20, 31, 73 }, // U+2075
    { 10, 11, 161, 3, 20, 28, 104 }, // U+2076
    { 11, 11, 161, 3, 20, 31, 132 }, // U+2077
    { 11, 11, 161, 2, 20, 31, 163 }, // U+2078
    { 10, 11, 161, 3, 20, 28, 194 }, // U+2079
    { 9, 8, 161, 3, 18, 18, 222 }, // U+207A
    { 7, 3, 115, 3, 15, 6, 240 }, // U+207B
    { 10, 5, 161, 3, 17, 13, 246 }, // U+207C
    { 7, 17, 106, 3, 22, 30, 259 }, // U+207D
    { 7, 17, 106, 2, 22, 30, 289 }, // U+207E
    { 10, 8, 163, 2, 17, 20, 319 }, // U+207F
    { 10, 13, 161, 0, 9, 33, 339 }, // U+2080
    { 8, 13, 161, 0, 9, 26, 372 }, // U+2081
    { 11, 13, 161, -1, 9, 36, 398 }, // U+2082
    { 11, 13, 161, -1, 9, 36, 434 }, // U+2083
    { 11, 13, 161, -1, 9, 36, 470 }, // U+2084
    { 11, 13, 161, -1, 9, 36, 506 }, // U+2085
    { 11, 13, 161, 0, 9, 36, 542 }, // U+2086
    { 11, 13, 161, 0, 9, 36, 578 }, // U+2087
    { 11, 13, 161, -1, 9, 36, 614 }, // U+2088
    { 10, 13, 161, 0, 9, 33, 650 }, // U+2089
    { 8, 9, 161, 1, 7, 18, 683 }, // U+208A
    { 7, 3, 115, 0, 3, 6, 701 }, // U+208B
    { 10, 5, 161, 0, 5, 13, 707 }, // U+208C
    { 7, 17, 106, 0, 10, 30, 720 }, // U+208D
    { 7, 17, 106, -1, 10, 30, 750 }, // U+208E
    { 10, 9, 155, -1, 5, 23, 780 }, // U+2090
    { 9, 9, 142, 0, 5, 21, 803 }, // U+2091
    { 9, 9, 155, 0, 5, 21, 824 }, // U+2092
    { 10, 9, 138, -1, 5, 23, 845 }, // U+2093
    { 10, 9, 145, -1, 5, 23, 868 }, // U+2094
    { 10, 13, 162, -1, 9, 33, 891 }, // U+2095
    { 10, 13, 145, -1, 9, 33, 924 }, // U+2096
    { 5, 15, 79, 0, 9, 19, 957 }, // U+2097
    { 15, 10, 230, -1, 5, 38, 976 }, // U+2098
    { 10, 10, 163, -1, 5, 25, 1014 }, // U+2099
    { 11, 13, 162, -1, 5, 36, 1039 }, // U+209A
    { 9, 9, 129, -1, 5, 21, 1075 }, // U+209B
    { 7, 12, 111, 0, 8, 21, 1096 }, // U+209C
    { 13, 18, 230, 3, 18, 59, 0 }, // U+20A0
    { 15, 23, 230, 2, 21, 87, 59 }, // U+20A1
    { 15, 18, 230, 2, 18, 68, 146 }, // U+20A2
    { 16, 18, 230, 1, 18, 72, 214 }, // U+20A3
    { 14, 18, 230, 1, 18, 63, 286 }, // U+20A4
    { 15, 19, 230, 0, 16, 72, 349 }, // U+20A5
    { 16, 18, 230, 1, 18, 72, 421 }, // U+20A6
    { 28, 18, 445, 1, 18, 126, 493 }, // U+20A7
    { 22, 18, 356, 1, 18, 99, 619 }, // U+20A8
    { 17, 18, 230, 1, 18, 77, 718 }, // U+20A9
    { 17, 13, 230, 0, 13, 56, 795 }, // U+20AA
    { 18, 24, 230, 0, 21, 108, 851 }, // U+20AB
    { 16, 18, 230, 1, 18, 72, 959 }, // U+20AC
    { 16, 18, 230, 1, 18, 72, 1031 }, // U+20AD
    { 15, 18, 230, 3, 18, 68, 1103 }, // U+20AE
    { 25, 27, 398, 0, 21, 169, 1171 }, // U+20AF
    { 10, 18, 174, 1, 18, 45, 1340 }, // U+20B0
    { 16, 18, 230, 1, 18, 72, 1385 }, // U+20B1
    { 15, 24, 230, 2, 21, 90, 1457 }, // U+20B2
    { 17, 18, 230, -1, 18, 77, 1547 }, // U+20B3
    { 15, 18, 230, 1, 18, 68, 1624 }, // U+20B4
    { 15, 24, 230, 2, 21, 90, 1692 }, // U+20B5
    { 13, 18, 230, 2, 18, 59, 1782 }, // U+20B6
    { 15, 18, 230, 1, 18, 68, 1841 }, // U+20B7
    { 15, 18, 230, 3, 18, 68, 1909 }, // U+20B8
    { 14, 18, 230, 3, 18, 63, 1977 }, // U+20B9
    { 15, 18, 230, 1, 18, 68, 2040 }, // U+20BA
    { 20, 23, 292, 1, 23, 115, 2108 }, // U+20BB
    { 22, 20, 356, 0, 20, 110, 2223 }, // U+20BC
    { 17, 18, 230, 0, 18, 77, 2333 }, // U+20BD
    { 16, 21, 230, 1, 21, 84, 2410 }, // U+20BE
    { 13, 23, 230, 1, 20, 75, 2494 }, // U+20BF
    { 23, 9, 396, 2, 13, 52, 0 }, // U+2190
    { 9, 22, 195, 4, 18, 50, 52 }, // U+2191
    { 23, 9, 396, 2, 13, 52, 102 }, // U+2192
    { 9, 22, 195, 2, 18, 50, 154 }, // U+2193
    { 23, 9, 396, 2, 13, 52, 204 }, // U+2194
    { 11, 22, 195, 2, 18, 61, 256 }, // U+2195
    { 13, 17, 386, 7, 16, 56, 317 }, // U+2196
    { 21, 17, 386, 3, 16, 90, 373 }, // U+2197
    { 13, 17, 386, 7, 16, 56, 463 }, // U+2198
    { 21, 17, 386, 3, 16, 90, 519 }, // U+2199
    { 23, 11, 396, 2, 14, 64, 609 }, // U+219A
    { 23, 10, 396, 2, 13, 58, 673 }, // U+219B
    { 14, 24, 196, -1, 18, 84, 731 }, // U+21A8
    { 24, 12, 391, 2, 15, 72, 815 }, // U+21D0
    { 13, 23, 197, 1, 18, 75, 887 }, // U+21D1
    { 25, 12, 391, 1, 15, 75, 962 }, // U+21D2
    { 13, 23, 197, 0, 18, 75, 1037 }, // U+21D3
    { 24, 12, 391, 2, 15, 72, 1112 }, // U+21D4
    { 14, 23, 197, 0, 18, 81, 1184 }, // U+21D5
    { 14, 18, 213, 1, 18, 63, 0 }, // U+2202
    { 15, 16, 221, 1, 16, 60, 63 }, // U+2203
    { 16, 22, 221, 0, 19, 88, 123 }, // U+2204
    { 22, 20, 342, 1, 19, 110, 211 }, // U+2205
    { 16, 18, 269, 0, 18, 72, 321 }, // U+2206
    { 18, 18, 272, 1, 18, 81, 393 }, // U+220F
    { 17, 18, 236, 0, 18, 77, 474 }, // U+2211
    { 12, 2, 230, 3, 10, 6, 551 }, // U+2212
    { 14, 15, 230, 2, 16, 53, 557 }, // U+2213
    { 5, 3, 129, 3, 10, 4, 610 }, // U+2219
    { 20, 20, 230, 1, 19, 100, 614 }, // U+221A
    { 15, 7, 230, 1, 13, 27, 714 }, // U+221E
    { 14, 28, 229, 1, 21, 98, 741 }, // U+2225
    { 16, 26, 229, 0, 20, 104, 839 }, // U+2226
    { 18, 25, 188, -2, 19, 113, 943 }, // U+222B
    { 11, 10, 234, 2, 13, 28, 1056 }, // U+2234
    { 11, 10, 234, 2, 13, 28, 1084 }, // U+2235
    { 14, 5, 238, 2, 11, 18, 1112 }, // U+223C
    { 15, 9, 230, 1, 13, 34, 1130 }, // U+2248
    { 14, 13, 230, 2, 19, 46, 1164 }, // U+225F
    { 15, 13, 230, 1, 15, 49, 1210 }, // U+2260
    { 15, 8, 229, 1, 12, 30, 1259 }, // U+2261
    { 13, 13, 233, 1, 15, 43, 1289 }, // U+2262
    { 17, 15, 230, 0, 15, 64, 1332 }, // U+2264
    { 16, 15, 230, 0, 15, 60, 1396 }, // U+2265
    { 14, 13, 233, 2, 15, 46, 1456 }, // U+2282
    { 14, 13, 233, 1, 15, 46, 1502 }, // U+2283
    { 14, 16, 233, 2, 16, 56, 1548 }, // U+2284
    { 14, 16, 233, 1, 16, 56, 1604 }, // U+2285
    { 17, 16, 233, 0, 16, 68, 1660 }, // U+2286
    { 16, 16, 233, 0, 16, 64, 1728 }, // U+2287
    { 19, 20, 261, 2, 20, 95, 0 }, // U+FB00
    { 15, 20, 250, 2, 20, 75, 95 }, // U+FB01
    { 14, 20, 240, 2, 20, 70, 170 }, // U+FB02
    { 22, 20, 356, 2, 20, 110, 240 }, // U+FB03
    { 21, 20, 350, 2, 20, 105, 350 }, // U+FB04
    { 24, 24, 385, 0, 21, 144, 0 }, // U+FFFD
};

static const EpdUnicodeInterval andika_12_italicIntervals[] = {
    { 0x20, 0x7E, 0x0 },
    { 0xA0, 0x148, 0x5F },
    { 0x14A, 0x17F, 0x108 },
    { 0x1A0, 0x1A1, 0x13E },
    { 0x1AF, 0x1B0, 0x140 },
    { 0x1C4, 0x21F, 0x142 },
    { 0x250, 0x320, 0x19E },
    { 0x323, 0x33F, 0x26F },
    { 0x346, 0x36F, 0x28C },
    { 0x400, 0x45F, 0x2B6 },
    { 0x462, 0x463, 0x316 },
    { 0x472, 0x475, 0x318 },
    { 0x48A, 0x4FF, 0x31C },
    { 0x1D00, 0x1DBF, 0x392 },
    { 0x1EA0, 0x1EF9, 0x452 },
    { 0x2000, 0x2030, 0x4AC },
    { 0x2032, 0x203C, 0x4DD },
    { 0x203F, 0x2041, 0x4E8 },
    { 0x2044, 0x2044, 0x4EB },
    { 0x2053, 0x2053, 0x4EC },
    { 0x2057, 0x2057, 0x4ED },
    { 0x2060, 0x2063, 0x4EE },
    { 0x206A, 0x2071, 0x4F2 },
    { 0x2074, 0x208E, 0x4FA },
    { 0x2090, 0x209C, 0x515 },
    { 0x20A0, 0x20BF, 0x522 },
    { 0x2190, 0x219B, 0x542 },
    { 0x21A8, 0x21A8, 0x54E },
    { 0x21D0, 0x21D5, 0x54F },
    { 0x2202, 0x2206, 0x555 },
    { 0x220F, 0x220F, 0x55A },
    { 0x2211, 0x2213, 0x55B },
    { 0x2219, 0x221A, 0x55E },
    { 0x221E, 0x221E, 0x560 },
    { 0x2225, 0x2226, 0x561 },
    { 0x222B, 0x222B, 0x563 },
    { 0x2234, 0x2235, 0x564 },
    { 0x223C, 0x223C, 0x566 },
    { 0x2248, 0x2248, 0x567 },
    { 0x225F, 0x2262, 0x568 },
    { 0x2264, 0x2265, 0x56C },
    { 0x2282, 0x2287, 0x56E },
    { 0xFB00, 0xFB04, 0x574 },
    { 0xFFFD, 0xFFFD, 0x579 },
};

static const EpdFontGroup andika_12_italicGroups[] = {
    { 0, 3074, 6077, 95, 0 },
    { 3074, 2843, 7762, 96, 95 },
    { 5917, 3656, 12116, 127, 191 },
    { 9573, 3620, 10884, 96, 318 },
    { 13193, 4411, 8756, 176, 414 },
    { 17604, 1161, 1817, 104, 590 },
    { 18765, 6453, 18981, 220, 694 },
    { 25218, 5227, 9245, 192, 914 },
    { 30445, 1932, 10690, 90, 1106 },
    { 32377, 789, 1368, 76, 1196 },
    { 33166, 854, 1277, 42, 1272 },
    { 34020, 1689, 2783, 32, 1314 },
    { 35709, 717, 1426, 19, 1346 },
    { 36426, 993, 1952, 31, 1365 },
    { 37419, 293, 500, 5, 1396 },
    { 37712, 119, 144, 1, 1401 },
};

static const EpdLigaturePair andika_12_italicLigaturePairs[] = {
    { 0x00660066, 0xFB00 }, // f f -> U+FB00
    { 0x00660069, 0xFB01 }, // f i -> U+FB01
    { 0x0066006C, 0xFB02 }, // f l -> U+FB02
    { 0xFB000069, 0xFB03 }, // U+FB00 i -> U+FB03
    { 0xFB00006C, 0xFB04 }, // U+FB00 l -> U+FB04
};

static const EpdFontData andika_12_italic = {
    andika_12_italicBitmaps,
    andika_12_italicGlyphs,
    andika_12_italicIntervals,
    44,
    40,
    31,
    -10,
    true,
    andika_12_italicGroups,
    16,
    nullptr,
    nullptr,
    nullptr,
    nullptr,
    nullptr,
    nullptr,
    nullptr,
    nullptr,
    nullptr,
    nullptr,
    nullptr,
    0,
    0,
    0,
    0,
    andika_12_italicLigaturePairs,
    5,
};
