/**
 * generated by fontconvert.py
 * name: dmsans_12_bold
 * size: 12
 * mode: 2-bit  compressed: true
 * Command used: fontconvert.py dmsans_12_bold 12 ../builtinFonts/source/DMSans/DMSans-Bold.ttf --2bit --compress --pnum --zopfli
 */
#pragma once
#include "EpdFontData.h"

static const uint8_t dmsans_12_boldBitmaps[9782] = {
    0x9D, 0x98, 0x01, 0xC4, 0x27, 0x49, 0x76, 0xC0, 0x7F, 0xDD, 0xBD, 0x33, 0xCD, 0xB6, 0xA8, 0x60,
    0xFF, 0x6C, 0x66, 0x4C, 0x1A, 0xC0, 0xFC, 0x97, 0x34, 0x00, 0x91, 0x9B, 0xAA, 0x0D, 0x04, 0x87,
    0x8C, 0x98, 0xEF, 0xE0, 0x44, 0xE0, 0x42, 0x76, 0x90, 0x81, 0x48, 0x60, 0x73, 0xAF, 0x77, 0x83,
    0x00, 0x7C, 0x40, 0x80, 0x58, 0x4C, 0xD8, 0xFD, 0xC2, 0x06, 0x82, 0xC5, 0xE6, 0xAB, 0x4A, 0x16,
    0x87, 0x40, 0x13, 0x49, 0x70, 0xE2, 0x3A, 0x31, 0x77, 0xC7, 0x05, 0xD7, 0x92, 0x3E, 0x7A, 0x66,
    0xAA, 0xFB, 0x5D, 0x75, 0xFF, 0xDB, 0xCE, 0x37, 0xB7, 0x33, 0xB3, 0xBB, 0xAB, 0xDE, 0xAF, 0xD4,
    0xFF, 0xD5, 0xFB, 0x97, 0x57, 0xDD, 0xEF, 0x75, 0x55, 0xD5, 0x0D, 0x67, 0xDB, 0xCF, 0x8B, 0x6B,
    0x3E, 0x2F, 0xD7, 0x80, 0x1B, 0xD8, 0x60, 0x43, 0xE3, 0x20, 0x7E, 0xBA, 0x96, 0xE9, 0xD3, 0x4F,
    0xDE, 0xFD, 0xDE, 0x9F, 0x00, 0x00, 0xC5, 0x58, 0x0C, 0x50, 0x0C, 0xE5, 0x00, 0xE5, 0x50, 0xF5,
    0x50, 0xF5, 0xA6, 0xC3, 0xA8, 0xAA, 0xBA, 0xAB, 0x35, 0x75, 0x68, 0x5A, 0x68, 0xD2, 0xF0, 0x60,
    0x9D, 0x85, 0x83, 0x9C, 0xC9, 0x3D, 0xAC, 0xAA, 0xC6, 0xBD, 0x3E, 0xEA, 0x85, 0x7E, 0x08, 0x33,
    0x11, 0x88, 0xD9, 0x56, 0xE7, 0x13, 0x64, 0x53, 0x3E, 0x02, 0xBF, 0x06, 0xDC, 0x02, 0x7C, 0x4B,
    0xA5, 0x13, 0x8D, 0x2E, 0xD8, 0xBF, 0x55, 0xE4, 0x96, 0x38, 0xB9, 0x75, 0x40, 0xFE, 0x0B, 0xEC,
    0x02, 0x46, 0x7B, 0x32, 0x9D, 0xA1, 0x56, 0xC7, 0x2D, 0xDF, 0xBE, 0x71, 0xCB, 0x06, 0xBD, 0xD5,
    0x04, 0xFF, 0x87, 0x69, 0x6E, 0xAA, 0xAE, 0xD6, 0x85, 0x5C, 0x47, 0xF8, 0xCD, 0x7D, 0x3C, 0xE0,
    0xFA, 0x23, 0x6E, 0x38, 0x9A, 0x05, 0x0B, 0xE2, 0xDD, 0x25, 0x44, 0xD3, 0x46, 0x98, 0xCC, 0xFB,
    0xD3, 0xDA, 0xFE, 0xEB, 0x01, 0x2E, 0x9B, 0xDF, 0xEF, 0xC0, 0x6A, 0x1D, 0xC0, 0x4C, 0xD6, 0x01,
    0x5C, 0x5E, 0x3F, 0x07, 0xA2, 0x8D, 0x90, 0x4F, 0xDE, 0x43, 0x31, 0xC4, 0xDA, 0x61, 0xBA, 0xD1,
    0xAC, 0x33, 0x9E, 0x52, 0xDB, 0xBA, 0xD8, 0x80, 0x20, 0x0B, 0x44, 0xEA, 0x09, 0x00, 0x07, 0x6F,
    0x9D, 0x43, 0xA6, 0x11, 0x0A, 0x55, 0xA8, 0x06, 0xEB, 0xA8, 0xFA, 0x1B, 0xA9, 0x1A, 0x80, 0x62,
    0x04, 0xF2, 0x19, 0xA8, 0xD4, 0x41, 0xA3, 0x9D, 0x75, 0xF2, 0xED, 0x51, 0x58, 0xF2, 0x79, 0x66,
    0xC6, 0x47, 0x66, 0x9A, 0x11, 0xA5, 0x1E, 0x91, 0x9F, 0xE8, 0x4C, 0xA3, 0x8B, 0x77, 0xA5, 0x3E,
    0x6A, 0x3A, 0x5E, 0x03, 0x62, 0x8C, 0xD3, 0x27, 0xDF, 0xE3, 0x00, 0x9E, 0x3C, 0x52, 0x8C, 0x98,
    0x81, 0x3A, 0xD0, 0x04, 0xAC, 0x43, 0xC0, 0xC3, 0x25, 0x2C, 0x30, 0x6F, 0x72, 0xB9, 0x89, 0x80,
    0x4D, 0xD2, 0xAE, 0x96, 0xA6, 0xA7, 0x1C, 0x28, 0x22, 0x2C, 0x70, 0xE4, 0x00, 0xF6, 0xA4, 0x1C,
    0xC9, 0x23, 0xCC, 0xE0, 0x4F, 0xD6, 0x8E, 0xA6, 0xA5, 0x09, 0xD4, 0x57, 0x24, 0x69, 0x6C, 0x12,
    0x87, 0xC0, 0x42, 0x16, 0x29, 0x26, 0xAA, 0x61, 0xB5, 0x3A, 0x3A, 0xB8, 0x07, 0x9F, 0xF0, 0xE6,
    0x9F, 0x9D, 0xDB, 0xBF, 0x18, 0x6E, 0xEA, 0x79, 0xBE, 0x60, 0xB5, 0xFF, 0xAD, 0x3F, 0xEF, 0x5F,
    0xFB, 0x47, 0x97, 0xF4, 0xDC, 0xE1, 0x39, 0x2E, 0xFC, 0x05, 0xAA, 0xEA, 0x56, 0xF8, 0x3E, 0xCF,
    0xF7, 0x1F, 0xE0, 0x9A, 0x33, 0xA1, 0x6E, 0x1B, 0x2C, 0xDF, 0xE2, 0x5D, 0xC0, 0xEA, 0x7C, 0x12,
    0xE0, 0x36, 0x8A, 0x6E, 0x7F, 0x22, 0xBB, 0x4B, 0x39, 0x50, 0xF5, 0x98, 0x8E, 0xDD, 0x41, 0x87,
    0x05, 0x81, 0x4B, 0x98, 0x21, 0x92, 0x4F, 0x14, 0x23, 0xC5, 0xF0, 0xCC, 0xD0, 0x6C, 0x93, 0xB1,
    0xED, 0x6E, 0xC8, 0xCD, 0x47, 0x64, 0xAA, 0x54, 0xAA, 0xA1, 0x7E, 0xFC, 0x60, 0xB0, 0xA1, 0x9C,
    0xC4, 0x15, 0xD1, 0x93, 0xC5, 0x75, 0x90, 0xE5, 0x0A, 0x3E, 0x21, 0xE4, 0xD1, 0xB6, 0xC5, 0xD4,
    0xF4, 0x66, 0x34, 0x8B, 0xF6, 0x85, 0x6A, 0x8B, 0x9F, 0x21, 0x73, 0xF0, 0xE6, 0xF5, 0xD9, 0xA6,
    0xF2, 0xDB, 0x33, 0x2F, 0x2F, 0x1F, 0x3B, 0x2A, 0x1D, 0x69, 0x34, 0x62, 0xDF, 0x5B, 0xF0, 0x78,
    0x2E, 0x11, 0xD8, 0x58, 0x20, 0x9B, 0xA1, 0x98, 0xC0, 0x0C, 0x60, 0x03, 0x28, 0x94, 0x11, 0xEA,
    0x01, 0xBC, 0xAA, 0xD3, 0x1D, 0x3E, 0x3E, 0x65, 0x4C, 0xAD, 0x33, 0x36, 0x28, 0x82, 0x70, 0xC0,
    0x02, 0x1E, 0xDE, 0x8A, 0x20, 0x43, 0x22, 0xC2, 0x35, 0x05, 0xAC, 0xBB, 0x87, 0x6D, 0x2F, 0x13,
    0x82, 0x38, 0xFB, 0x33, 0xA5, 0xD6, 0x48, 0xAE, 0x3D, 0xBC, 0x06, 0x70, 0x1F, 0x32, 0x85, 0x22,
    0x61, 0x12, 0x4D, 0xC2, 0x5A, 0x98, 0x2D, 0xF9, 0x64, 0x29, 0x07, 0x8B, 0xE9, 0xEC, 0x9A, 0xE8,
    0x08, 0x16, 0x55, 0x1D, 0x57, 0x7C, 0x02, 0x04, 0x76, 0xAE, 0x5F, 0x5C, 0x60, 0x54, 0x4F, 0xFC,
    0xFB, 0x19, 0x75, 0x0B, 0xB5, 0x83, 0xE6, 0x41, 0x4F, 0xB3, 0xFA, 0xA9, 0xEA, 0x6C, 0xB0, 0xE1,
    0xC8, 0x96, 0x6F, 0x1B, 0x92, 0xDA, 0xB6, 0xB5, 0xA1, 0x79, 0xA2, 0xCE, 0xE8, 0x7C, 0xCA, 0xE2,
    0x6B, 0x40, 0x73, 0x9E, 0xDA, 0x91, 0x4A, 0x95, 0xBA, 0x97, 0xD6, 0xB6, 0xC9, 0x8E, 0x6B, 0x4E,
    0x32, 0xC7, 0x65, 0x33, 0x71, 0xA9, 0x8A, 0x7F, 0xA2, 0xAD, 0x6F, 0x9B, 0xE0, 0x31, 0x9D, 0x24,
    0xEC, 0x4A, 0x68, 0x42, 0x9D, 0xF4, 0xA5, 0x2E, 0x64, 0xFB, 0x58, 0xC7, 0x8B, 0x0B, 0x27, 0xAA,
    0xED, 0xCA, 0xE1, 0x4C, 0x1C, 0x08, 0x70, 0x09, 0x6C, 0x39, 0x7E, 0x4A, 0xCD, 0x72, 0x00, 0xD3,
    0xB1, 0xB9, 0x66, 0xDB, 0x04, 0xE0, 0x81, 0x19, 0xF2, 0x78, 0x32, 0xE1, 0xC1, 0x39, 0xA5, 0xCE,
    0xD4, 0xAA, 0xD8, 0x90, 0x7C, 0x72, 0x4D, 0xB0, 0xAE, 0x0E, 0x4D, 0x6A, 0x99, 0x1F, 0x2B, 0x85,
    0x46, 0x8C, 0x2E, 0xD8, 0x4E, 0xDA, 0x75, 0x5E, 0xAB, 0x4F, 0x1B, 0xAB, 0x5D, 0xF2, 0xC9, 0xA8,
    0x3E, 0x9B, 0xDF, 0x9F, 0xB6, 0x94, 0x3A, 0x9D, 0xC6, 0xEA, 0xBC, 0x13, 0xB6, 0x79, 0xEC, 0x73,
    0x69, 0xFA, 0xA4, 0xEB, 0x1B, 0xD5, 0xBE, 0xD2, 0x1F, 0x76, 0x5C, 0x9A, 0x8E, 0xD4, 0x77, 0x87,
    0x3A, 0x58, 0x67, 0x5D, 0xF3, 0x13, 0xC5, 0x3C, 0x7B, 0x7F, 0x57, 0x53, 0x02, 0x80, 0xAB, 0x9A,
    0xEB, 0xAD, 0xE9, 0xEB, 0xA1, 0xEA, 0x9E, 0xF5, 0x65, 0xCE, 0x04, 0xD3, 0xD6, 0xAE, 0xE1, 0x0E,
    0xBF, 0x03, 0xF0, 0xFA, 0x39, 0x36, 0xA0, 0x14, 0x11, 0x33, 0xAC, 0xCD, 0x24, 0xA9, 0x51, 0x46,
    0x32, 0x05, 0x09, 0xDC, 0xF8, 0xE0, 0x78, 0xF1, 0x91, 0xD5, 0x25, 0xC9, 0xE1, 0xEC, 0x0C, 0x00,
    0x52, 0xFB, 0x24, 0xC0, 0xB1, 0xA5, 0xE9, 0xA9, 0x26, 0xF2, 0x05, 0xFC, 0xF6, 0x23, 0x89, 0x6F,
    0xF3, 0x25, 0x29, 0x53, 0x33, 0x19, 0x5C, 0x99, 0xEF, 0x82, 0x0D, 0x1E, 0x8B, 0x75, 0x87, 0x04,
    0x1B, 0x9E, 0xEC, 0x1F, 0x16, 0x72, 0x9D, 0xC8, 0x66, 0x47, 0x36, 0x01, 0x77, 0x01, 0x80, 0x87,
    0x50, 0xC4, 0x13, 0x9B, 0x1E, 0x00, 0xCE, 0x00, 0x1E, 0xE8, 0x08, 0xA5, 0xAA, 0x42, 0xF3, 0x08,
    0x09, 0x78, 0x28, 0x87, 0x7C, 0x82, 0x7C, 0x2C, 0x86, 0xFA, 0x7F, 0xFA, 0x58, 0x05, 0xAF, 0xFD,
    0xA7, 0xE6, 0xFD, 0x45, 0xFA, 0x77, 0x9B, 0x62, 0x30, 0xDD, 0x5F, 0xDA, 0xB2, 0xAF, 0xC2, 0xBB,
    0x77, 0xAA, 0x50, 0x85, 0x4F, 0xEF, 0x98, 0x60, 0x42, 0xFC, 0x96, 0xE9, 0x9A, 0x30, 0xDE, 0xA9,
    0x7E, 0xE1, 0x3F, 0x1B, 0x6C, 0xA1, 0x4F, 0x35, 0x34, 0x99, 0xBE, 0xBF, 0x50, 0xB7, 0x00, 0x55,
    0x0F, 0x50, 0xCC, 0xBC, 0x09, 0xA8, 0x46, 0xA0, 0xD6, 0x09, 0xE0, 0x00, 0x90, 0x3F, 0xE4, 0x94,
    0x9F, 0x98, 0x05, 0x30, 0x0A, 0x34, 0x0A, 0x58, 0x69, 0xC1, 0xD6, 0x81, 0xD3, 0xCB, 0x9B, 0xAB,
    0x9E, 0x2C, 0x96, 0x03, 0xF9, 0x54, 0x8C, 0x14, 0xCB, 0xDF, 0x47, 0x4A, 0xDD, 0xC2, 0x45, 0x17,
    0x92, 0x81, 0xA7, 0x09, 0x08, 0xB6, 0x4D, 0x22, 0x8E, 0x26, 0x1C, 0x2F, 0xEE, 0x22, 0xBA, 0x24,
    0x34, 0x29, 0x64, 0x8F, 0xA5, 0x1D, 0x27, 0xED, 0xA9, 0x2F, 0x71, 0xB6, 0xF5, 0xF5, 0x42, 0x35,
    0x9C, 0xA8, 0x7B, 0x51, 0xED, 0x4E, 0xF1, 0xFE, 0x18, 0x6E, 0x24, 0xB2, 0xA4, 0xA0, 0x54, 0x9D,
    0x30, 0x8F, 0xBF, 0x3B, 0x63, 0xBB, 0x4C, 0xB1, 0x0E, 0x8F, 0x07, 0x4E, 0xD5, 0x72, 0xB5, 0xDA,
    0x75, 0x02, 0xF7, 0x4F, 0xA1, 0xD1, 0xF4, 0xF9, 0x82, 0x51, 0x1F, 0x29, 0x54, 0x07, 0x10, 0x6D,
    0x81, 0xBB, 0x70, 0xFC, 0xC8, 0x21, 0x3A, 0x27, 0x34, 0xC8, 0x99, 0x5F, 0x5D, 0x18, 0x85, 0x22,
    0x0A, 0x59, 0x82, 0x79, 0x67, 0x79, 0xD6, 0xCE, 0xA3, 0x50, 0x4C, 0x42, 0x3D, 0xEC, 0x6E, 0x3A,
    0xD1, 0x47, 0x6B, 0x8A, 0x92, 0xDA, 0x27, 0x1C, 0x08, 0x57, 0x70, 0x09, 0x9D, 0x4F, 0x9C, 0xDD,
    0x43, 0xE0, 0x79, 0x9E, 0xFD, 0xF7, 0x95, 0xE3, 0x6C, 0xE8, 0x74, 0xE2, 0xE2, 0x21, 0x02, 0x2F,
    0x85, 0xD7, 0x1F, 0x03, 0xAA, 0xFD, 0xFE, 0x9A, 0xE6, 0xEF, 0x2A, 0x4D, 0x87, 0xBA, 0x6D, 0x09,
    0x94, 0x2B, 0x8F, 0xED, 0xC6, 0x45, 0xBB, 0xD0, 0x68, 0xD8, 0x2A, 0xCF, 0x96, 0xF6, 0xDB, 0xEE,
    0x0A, 0x09, 0x4D, 0x9F, 0x69, 0x30, 0xEA, 0x35, 0x14, 0xAA, 0x3F, 0x0A, 0xC8, 0x62, 0x02, 0x99,
    0x83, 0x23, 0x7C, 0x28, 0x64, 0xF1, 0x85, 0x9C, 0x9D, 0x45, 0x51, 0x3D, 0x71, 0xF6, 0x9D, 0x4D,
    0xF7, 0x32, 0x8E, 0xC8, 0x97, 0x16, 0x78, 0x07, 0xFC, 0xAB, 0xE5, 0x80, 0xB7, 0x49, 0xDA, 0xA5,
    0x79, 0x3A, 0x1B, 0x9D, 0x72, 0xED, 0x79, 0x8D, 0x23, 0xD7, 0x3F, 0xD8, 0xC2, 0x09, 0x69, 0x25,
    0x53, 0xA4, 0x8C, 0x88, 0x19, 0x10, 0x1B, 0x10, 0x75, 0x89, 0x90, 0xE8, 0x90, 0x1F, 0x25, 0xDD,
    0xEF, 0x4D, 0x48, 0x31, 0x23, 0x68, 0xC2, 0xB7, 0x82, 0x0D, 0x42, 0xBD, 0xC5, 0xC3, 0x11, 0xE4,
    0xAB, 0xCB, 0xC5, 0x47, 0xA2, 0x9A, 0xE4, 0xE8, 0xC8, 0x3E, 0x94, 0x40, 0x31, 0x4B, 0x4F, 0x35,
    0xCB, 0x80, 0x99, 0x65, 0xA2, 0x99, 0x25, 0x62, 0x67, 0x59, 0xF0, 0xB3, 0x08, 0xF3, 0x2C, 0xF6,
    0xBD, 0x38, 0x4B, 0xFD, 0xD9, 0x38, 0x8B, 0xF9, 0xE9, 0x30, 0x4B, 0xA9, 0xDD, 0x2C, 0x85, 0x86,
    0x59, 0x32, 0x75, 0xB3, 0xA0, 0xA4, 0xEA, 0xF6, 0x5A, 0xB1, 0x57, 0x47, 0x78, 0x47, 0x02, 0x8B,
    0x74, 0x89, 0x21, 0x11, 0x13, 0x73, 0xC2, 0x27, 0x6C, 0x58, 0xC4, 0x74, 0x8B, 0x54, 0xC3, 0x22,
    0x45, 0x5C, 0x84, 0x39, 0xE1, 0x13, 0x36, 0x61, 0x12, 0x55, 0xA2, 0x48, 0xB0, 0x3C, 0x8B, 0x91,
    0x62, 0x8F, 0x91, 0x85, 0xA6, 0xC3, 0x6F, 0x31, 0x72, 0x0A, 0x05, 0x0F, 0x69, 0xB0, 0xE7, 0xAB,
    0xAD, 0x63, 0xCB, 0x71, 0x1B, 0x90, 0xB6, 0x1E, 0x32, 0xA5, 0x52, 0x3F, 0x93, 0xAB, 0x8E, 0xF0,
    0xE0, 0x05, 0xA9, 0xE5, 0xF6, 0x2C, 0xEF, 0x12, 0xFD, 0x89, 0xBA, 0x4B, 0xE9, 0x16, 0xB6, 0x3E,
    0x8D, 0xC8, 0x99, 0x7B, 0x69, 0x28, 0x7F, 0x03, 0x37, 0xB3, 0xBB, 0xC9, 0xCD, 0x22, 0x26, 0x37,
    0xDF, 0x5E, 0x56, 0x37, 0xBD, 0x4F, 0x6E, 0xDA, 0x5F, 0x71, 0x33, 0x02, 0x7F, 0x30, 0x03, 0x28,
    0x80, 0x6D, 0x9F, 0x77, 0xD8, 0x87, 0xCD, 0x49, 0xCC, 0x4E, 0x1D, 0x76, 0x87, 0x4F, 0xF9, 0x57,
    0x8E, 0x48, 0x11, 0x91, 0x6C, 0x8F, 0x19, 0xC4, 0xED, 0x31, 0xD3, 0xF1, 0xF1, 0x95, 0xC3, 0xC0,
    0x7B, 0x7B, 0x1F, 0x07, 0x24, 0x80, 0x7D, 0x7C, 0xE5, 0x30, 0x70, 0x53, 0x1D, 0xA4, 0xC3, 0x00,
    0x36, 0x28, 0x4D, 0x58, 0x67, 0x64, 0x9F, 0xEC, 0x87, 0x81, 0x67, 0x4B, 0xFF, 0x07, 0xA2, 0x3A,
    0xAE, 0x50, 0x6F, 0xAB, 0xE8, 0x37, 0xE2, 0x36, 0xD9, 0x43, 0xA1, 0x98, 0xBE, 0x06, 0xA3, 0x75,
    0xE5, 0x68, 0xBB, 0x7A, 0xA8, 0x55, 0xBB, 0x72, 0xDB, 0x26, 0x3E, 0x86, 0x0C, 0xEE, 0xC3, 0xEB,
    0xA7, 0x8F, 0xFC, 0xF6, 0xB9, 0x6F, 0x02, 0x72, 0x5A, 0x02, 0x4C, 0xCF, 0x4C, 0x39, 0x64, 0x91,
    0x62, 0xCC, 0xA7, 0x6D, 0xA9, 0x38, 0x2D, 0x1A, 0xCC, 0xA9, 0x0B, 0x9F, 0x8C, 0x90, 0x3A, 0xEC,
    0x8B, 0x4B, 0xA3, 0x80, 0xD9, 0xAA, 0x79, 0x5F, 0x84, 0x8E, 0xE4, 0x0F, 0xB9, 0xE1, 0xAC, 0x2B,
    0x23, 0xEB, 0xB1, 0xAF, 0x8A, 0xAC, 0x7B, 0x94, 0xD4, 0x2F, 0xD4, 0xC1, 0x2C, 0x5C, 0x62, 0xBA,
    0x5A, 0x99, 0x31, 0x7D, 0x23, 0x44, 0xAA, 0xC1, 0x36, 0x6F, 0x47, 0x8A, 0xC1, 0xD6, 0xEF, 0x4F,
    0x14, 0xE3, 0xF7, 0xCD, 0x67, 0x23, 0xF9, 0xF8, 0x4F, 0xE6, 0xB3, 0x81, 0x6C, 0x8A, 0xD5, 0x7F,
    0x0E, 0x30, 0x4F, 0xE5, 0xFF, 0xF6, 0xB0, 0x8C, 0xC5, 0xD3, 0x0E, 0xFC, 0x50, 0x68, 0x00, 0x19,
    0x72, 0x0D, 0x60, 0xFB, 0x4C, 0x1D, 0xD8, 0x0E, 0x85, 0x1B, 0x8E, 0x8F, 0x9A, 0x2E, 0x8F, 0x66,
    0x28, 0xA6, 0x72, 0xAA, 0x86, 0x3C, 0xD6, 0x49, 0x6F, 0x5B, 0x44, 0xA1, 0x99, 0xC1, 0xC4, 0xC4,
    0x04, 0x4D, 0x04, 0xAB, 0xE0, 0xC5, 0x65, 0xB3, 0x0D, 0xC5, 0x64, 0xFA, 0x6A, 0xA8, 0x46, 0xD3,
    0x17, 0xD1, 0x06, 0x96, 0xFB, 0xF0, 0xA1, 0x6D, 0x8B, 0xD8, 0x84, 0x62, 0xDC, 0x7A, 0x06, 0xD3,
    0x15, 0x53, 0x13, 0xF2, 0x68, 0x1D, 0x8B, 0x07, 0x99, 0xC1, 0x46, 0xA8, 0x47, 0x30, 0x43, 0xA2,
    0x7F, 0x21, 0xF7, 0x2F, 0x2E, 0xF0, 0xAA, 0x1B, 0x87, 0x33, 0x85, 0x3C, 0x3E, 0xDB, 0x5A, 0x37,
    0xFB, 0x36, 0xEF, 0x25, 0x6A, 0xAF, 0x8A, 0xEE, 0x1C, 0xEE, 0x49, 0x4C, 0xE5, 0x9E, 0xF0, 0x15,
    0xCA, 0x66, 0x7B, 0xB8, 0x77, 0xB8, 0x72, 0x8E, 0xAA, 0x03, 0xE6, 0xF3, 0xB3, 0x57, 0x92, 0x91,
    0x7C, 0x22, 0x8B, 0xB0, 0x1F, 0xB9, 0xBE, 0x68, 0xDA, 0x51, 0xF5, 0xC9, 0xF4, 0x70, 0xD7, 0x4F,
    0x7E, 0xFA, 0xCE, 0x94, 0x7D, 0x79, 0x49, 0x56, 0xAB, 0xED, 0xE1, 0x2E, 0xF9, 0x07, 0x40, 0x35,
    0x01, 0x26, 0x02, 0xCD, 0x02, 0x58, 0x05, 0xBC, 0x75, 0x30, 0xD7, 0x81, 0x3C, 0x9A, 0x8E, 0x62,
    0xAC, 0x06, 0xCA, 0xA1, 0x18, 0x31, 0xE9, 0x95, 0x91, 0xD4, 0x33, 0xB6, 0xC5, 0xC3, 0x66, 0xAF,
    0xD1, 0xEE, 0x00, 0xC0, 0x39, 0x33, 0xBA, 0x7E, 0xAB, 0x7A, 0xC8, 0xFC, 0xF9, 0x9E, 0x9F, 0xEB,
    0x5F, 0x94, 0x23, 0x02, 0x67, 0x1E, 0xA3, 0xCA, 0x7A, 0xB4, 0xF0, 0x5B, 0x51, 0xFC, 0xDF, 0x28,
    0x56, 0x3D, 0xF5, 0x62, 0xE1, 0x2E, 0x08, 0x2F, 0xA0, 0x7A, 0x84, 0x88, 0x9E, 0xF6, 0x0F, 0xBD,
    0x74, 0xD2, 0x9A, 0x7D, 0x1B, 0x53, 0x9E, 0x70, 0xA9, 0x1D, 0xEA, 0x5E, 0x16, 0x3D, 0x7D, 0xEC,
    0x9A, 0x08, 0x99, 0x83, 0xE4, 0x43, 0xA9, 0xF1, 0xEA, 0xF6, 0xB9, 0xF5, 0xC0, 0x25, 0xE0, 0x37,
    0x0E, 0xDB, 0xF5, 0x47, 0xF3, 0x44, 0x31, 0x3A, 0x93, 0xE9, 0x00, 0xD7, 0x00, 0xAA, 0xFE, 0x0B,
    0xF8, 0x6F, 0xF7, 0xA5, 0x3E, 0xED, 0x6B, 0xD5, 0xDE, 0x76, 0xC9, 0x0B, 0x67, 0xFA, 0x35, 0x19,
    0x2F, 0x53, 0x9F, 0xDF, 0x30, 0xBD, 0x0D, 0x4D, 0x9F, 0xC6, 0xEA, 0x4D, 0xB2, 0xC9, 0xF5, 0x07,
    0x3D, 0xAF, 0xB1, 0xFB, 0xB0, 0x6F, 0x69, 0x5B, 0x39, 0xF9, 0x70, 0xE1, 0x83, 0x57, 0x0D, 0x3E,
    0x1D, 0x39, 0x3C, 0x20, 0x2F, 0xD8, 0xAE, 0xE3, 0x29, 0x94, 0x2A, 0xC9, 0x80, 0xE9, 0x79, 0xF0,
    0x04, 0xAF, 0x2E, 0x49, 0x6A, 0xBF, 0x42, 0x32, 0x7F, 0xE1, 0xB6, 0x43, 0xAA, 0x2E, 0x69, 0xCC,
    0x88, 0xE5, 0x44, 0xF3, 0x1F, 0x11, 0xA3, 0x43, 0x22, 0x60, 0xEF, 0x81, 0xFF, 0x3B, 0xB0, 0x3A,
    0x26, 0x66, 0x2E, 0x53, 0x89, 0x08, 0x0B, 0x97, 0x88, 0x46, 0x9A, 0xA4, 0xCF, 0x2F, 0xDD, 0x2B,
    0xDE, 0xC4, 0xC2, 0xF6, 0x94, 0xD7, 0x03, 0x8C, 0x6B, 0x82, 0x50, 0xBF, 0x12, 0xB0, 0x78, 0x27,
    0xEE, 0x37, 0x80, 0x97, 0x6F, 0x45, 0xA0, 0x18, 0xAA, 0xA9, 0x1C, 0xB3, 0x73, 0x52, 0x74, 0x16,
    0xC3, 0xCB, 0x4A, 0x39, 0xFC, 0xD1, 0xE0, 0x7B, 0x1F, 0xFE, 0xF8, 0xC5, 0xFE, 0x71, 0x81, 0xE4,
    0x33, 0x52, 0x4E, 0x48, 0xDD, 0x23, 0xFB, 0x87, 0x45, 0x96, 0x84, 0x38, 0xA4, 0xE9, 0x10, 0x33,
    0xEC, 0xAB, 0x8A, 0xB2, 0xED, 0x5A, 0xF8, 0xF2, 0x72, 0xFB, 0x66, 0x7F, 0xF3, 0x11, 0xE2, 0xA3,
    0xDF, 0xE6, 0xBE, 0xCD, 0xDE, 0xF7, 0xEB, 0xFC, 0xD7, 0xA3, 0xA4, 0x60, 0xDB, 0xFA, 0x6B, 0xD4,
    0xB7, 0xBF, 0xC9, 0x53, 0x7C, 0x16, 0x47, 0x7B, 0x2C, 0xDB, 0xD6, 0xD3, 0x84, 0xCB, 0xD4, 0xE7,
    0x69, 0x12, 0x36, 0xD8, 0x75, 0xA4, 0xA7, 0xBF, 0x72, 0xEC, 0xFB, 0x06, 0xB9, 0x23, 0xD9, 0x17,
    0xDF, 0xFE, 0x11, 0xC0, 0xFF, 0xEE, 0xF9, 0xD7, 0xCB, 0x81, 0x7F, 0x4D, 0x39, 0xF0, 0x82, 0x5C,
    0xE2, 0xFA, 0xF9, 0xED, 0xB2, 0x95, 0xE4, 0xAF, 0xB6, 0xB2, 0x38, 0x09, 0x88, 0x43, 0x78, 0x81,
    0x64, 0xDB, 0x9D, 0xDF, 0x48, 0xFD, 0x34, 0xD2, 0xB4, 0x97, 0x34, 0x01, 0xEA, 0xC5, 0x6D, 0x8F,
    0x82, 0x07, 0x0B, 0xE0, 0x49, 0xC3, 0xD0, 0xFC, 0x58, 0x79, 0xEE, 0x66, 0x00, 0x8A, 0x71, 0x97,
    0xB7, 0x9E, 0x9C, 0x5B, 0xED, 0x93, 0x94, 0xBB, 0xE6, 0x8A, 0x4C, 0x14, 0xDA, 0x67, 0xDA, 0xF3,
    0xA0, 0xBF, 0xCF, 0x0D, 0xE7, 0x69, 0xC2, 0xCB, 0xD8, 0x76, 0x1E, 0xC9, 0x57, 0xFB, 0xB3, 0x35,
    0xBF, 0x7E, 0x1E, 0x4A, 0xAD, 0x03, 0xBF, 0x0E, 0xF7, 0xD3, 0xD9, 0xD8, 0x3A, 0xD3, 0xAD, 0x6F,
    0xB6, 0x0E, 0xB6, 0x4D, 0x2D, 0xAA, 0x5E, 0x28, 0x87, 0x99, 0x62, 0x8C, 0xE4, 0x8F, 0x23, 0x99,
    0x8E, 0xA0, 0x03, 0xF8, 0x1E, 0x6C, 0xC7, 0x3B, 0xDC, 0xE7, 0x88, 0xA0, 0xCE, 0x63, 0x9D, 0xB6,
    0x33, 0xCD, 0xDB, 0x1A, 0x22, 0xF5, 0x5F, 0x3D, 0xED, 0x22, 0xE6, 0xB3, 0x9F, 0xFE, 0xF7, 0x84,
    0xF9, 0xC1, 0xBF, 0xFD, 0xDF, 0x48, 0xF9, 0xC3, 0x7F, 0xF9, 0xFF, 0x81, 0xE2, 0xE7, 0xFF, 0xFC,
    0xB4, 0xA7, 0xD0, 0x56, 0x3B, 0x72, 0x75, 0x1A, 0xC8, 0x14, 0x1F, 0x40, 0x91, 0x96, 0x63, 0xF2,
    0xA0, 0x09, 0x4D, 0x30, 0xBD, 0xB8, 0x72, 0x5C, 0xC8, 0x97, 0x08, 0x3A, 0x80, 0xDD, 0xD6, 0x62,
    0x32, 0x9D, 0x28, 0x1E, 0xCF, 0x54, 0x83, 0x67, 0xF5, 0x70, 0xF5, 0x76, 0xDD, 0x05, 0xD8, 0xB6,
    0x1C, 0xD6, 0x7F, 0xA5, 0xD2, 0x55, 0xA9, 0xB5, 0xEE, 0x46, 0xB6, 0x53, 0xD9, 0xBC, 0x80, 0x46,
    0x90, 0x09, 0xEC, 0x08, 0xF5, 0x7E, 0xED, 0xB1, 0x2F, 0x7C, 0x57, 0x6F, 0xA1, 0xB2, 0x87, 0x70,
    0xBC, 0xF8, 0xD0, 0x6A, 0x4C, 0x42, 0x39, 0xED, 0xB7, 0x03, 0x9E, 0x3C, 0x52, 0x0D, 0xD4, 0x1D,
    0x49, 0x7F, 0x12, 0xAE, 0x91, 0x29, 0x85, 0x52, 0x3D, 0xC1, 0xF4, 0xFB, 0x02, 0x96, 0xA4, 0x1C,
    0x92, 0xAC, 0xC6, 0x0F, 0x3A, 0xD4, 0xAD, 0x22, 0xA9, 0x2B, 0x29, 0x4F, 0xD2, 0xB3, 0xDF, 0xC9,
    0xA5, 0xC6, 0x2F, 0x28, 0x95, 0x4C, 0xE1, 0x80, 0x7C, 0xC5, 0x72, 0xE4, 0x0D, 0x90, 0x80, 0x0C,
    0xBC, 0xB5, 0xBD, 0xF0, 0xFD, 0xB6, 0x2F, 0xC9, 0xBE, 0xD2, 0xEE, 0x37, 0x12, 0x49, 0xF2, 0xC5,
    0xED, 0xFA, 0xBD, 0x6B, 0x33, 0x9E, 0xB8, 0x39, 0x22, 0x03, 0xD2, 0x71, 0x00, 0xEE, 0xE2, 0xCA,
    0xB9, 0xE8, 0x53, 0x08, 0x74, 0x56, 0x35, 0xDC, 0x29, 0x95, 0x37, 0xB8, 0xC7, 0x2F, 0x01, 0xBD,
    0x98, 0x31, 0x8C, 0x1D, 0x45, 0x9E, 0xC6, 0x7F, 0xDD, 0xED, 0x71, 0xDF, 0xB9, 0x05, 0xE5, 0x60,
    0x7C, 0xBA, 0xF3, 0x1D, 0x6E, 0x87, 0xF6, 0x1C, 0x5C, 0x13, 0x38, 0x98, 0x00, 0x4F, 0x15, 0xBA,
    0x90, 0x80, 0x09, 0xF0, 0x05, 0x67, 0x69, 0x21, 0xDC, 0xF5, 0x4A, 0x3B, 0x0E, 0x08, 0x08, 0xF0,
    0x54, 0xB1, 0x04, 0x84, 0x3B, 0xD9, 0x06, 0x24, 0xB3, 0xD2, 0x04, 0xEB, 0x87, 0xB4, 0x46, 0x82,
    0x04, 0x69, 0x3C, 0x5D, 0xE0, 0x70, 0x25, 0xB6, 0x17, 0x82, 0x4D, 0x1B, 0x80, 0x45, 0xB2, 0x56,
    0x72, 0x1B, 0xB5, 0x76, 0xDF, 0x0C, 0xDD, 0xFD, 0xDF, 0xEA, 0xF7, 0x34, 0x23, 0xCF, 0x2E, 0x18,
    0xCC, 0x18, 0xAB, 0xEA, 0xF7, 0xD5, 0xF8, 0x55, 0xD7, 0xF7, 0xB5, 0xBA, 0xEA, 0x75, 0x95, 0x5F,
    0x8E, 0xF6, 0xDA, 0x17, 0x06, 0xA0, 0x30, 0xFB, 0x45, 0x1B, 0xED, 0xF6, 0xCB, 0x92, 0x01, 0x40,
    0x9B, 0x39, 0x65, 0x45, 0x2A, 0x1D, 0xB9, 0x08, 0xBA, 0x2A, 0x8D, 0xA5, 0x70, 0x25, 0xB0, 0x03,
    0x94, 0x33, 0x4E, 0xCD, 0xC6, 0x16, 0x7B, 0x82, 0x92, 0x9E, 0x48, 0x1A, 0x0E, 0xC6, 0x9E, 0x06,
    0xFE, 0x7B, 0x83, 0x58, 0x7A, 0x32, 0x11, 0x54, 0xAD, 0x5D, 0xEE, 0x95, 0xCF, 0xFD, 0x89, 0xD0,
    0x82, 0x0A, 0xDC, 0xD8, 0xDB, 0x44, 0xA4, 0xE1, 0xAD, 0xD0, 0x26, 0x0D, 0x33, 0xD2, 0x7A, 0xDE,
    0x57, 0xDC, 0x9E, 0x38, 0x2D, 0x52, 0x8D, 0x2C, 0xF2, 0xEF, 0x2B, 0x3B, 0xDB, 0xB9, 0xB4, 0xF9,
    0x9F, 0xDA, 0x82, 0x4E, 0xD3, 0x05, 0xCD, 0x7F, 0xD9, 0x86, 0x4F, 0x56, 0x64, 0xFB, 0x1C, 0xE7,
    0x80, 0x25, 0xB8, 0xAE, 0x7D, 0xDC, 0xE5, 0x55, 0x32, 0x55, 0x4D, 0xDA, 0xA4, 0xAD, 0xAA, 0x93,
    0x2E, 0xF7, 0x51, 0xA7, 0xDD, 0xC2, 0x60, 0x57, 0x0B, 0x91, 0x6E, 0x84, 0x7C, 0x0A, 0xAA, 0xE1,
    0xE0, 0xDF, 0x59, 0xC3, 0xBD, 0x58, 0x0E, 0x17, 0x00, 0x66, 0xFE, 0x87, 0x3F, 0x5F, 0x82, 0xB5,
    0x8D, 0x43, 0x4F, 0x67, 0xF6, 0x1C, 0xCD, 0x02, 0xBA, 0x82, 0x62, 0x00, 0x2D, 0x2D, 0x65, 0x39,
    0x30, 0xA4, 0xE2, 0x04, 0xEB, 0x4B, 0x97, 0x57, 0x7A, 0x9A, 0xFB, 0x5C, 0xC4, 0xC7, 0x22, 0x8E,
    0x5C, 0x00, 0x31, 0xA7, 0xD0, 0xCE, 0x8E, 0xA3, 0xAB, 0x92, 0x42, 0x06, 0x32, 0x99, 0xC2, 0xEF,
    0x36, 0xE0, 0x18, 0xD7, 0x34, 0x3B, 0x9A, 0x67, 0xCE, 0xC0, 0xF1, 0xEB, 0xC0, 0xCE, 0xCF, 0x2B,
    0x12, 0xC7, 0xAB, 0x3C, 0x16, 0xBD, 0xF0, 0x38, 0xCB, 0xB9, 0x24, 0xE6, 0x69, 0x2B, 0xEF, 0xFB,
    0xCD, 0x2E, 0xAB, 0xFD, 0x27, 0x6D, 0xB4, 0x5A, 0x7D, 0xD4, 0x40, 0x3D, 0xCA, 0xE6, 0x47, 0x2D,
    0x54, 0xBF, 0x99, 0x26, 0x4D, 0x75, 0x55, 0xD6, 0xFE, 0xE8, 0x2F, 0x68, 0x79, 0xDD, 0xFD, 0x57,
    0xBA, 0x9B, 0x91, 0x19, 0x9E, 0x22, 0xFA, 0x3C, 0x6A, 0xA0, 0x10, 0x03, 0x00, 0xC7, 0x37, 0x37,
    0x8B, 0xA1, 0xD1, 0x97, 0x9B, 0x9B, 0x71, 0xB3, 0x1D, 0x35, 0xDB, 0x71, 0xB3, 0x9E, 0x34, 0x5A,
    0x1A, 0xD5, 0x37, 0x18, 0xB2, 0x0F, 0xDA, 0xFC, 0x56, 0xA3, 0x9F, 0xAB, 0xD6, 0x73, 0xDF, 0x17,
    0x66, 0x27, 0x77, 0x5A, 0x55, 0xF9, 0x1B, 0x8D, 0xBA, 0xD5, 0x6A, 0x91, 0x61, 0x64, 0x69, 0x32,
    0x19, 0x80, 0x9D, 0x7B, 0x20, 0x7A, 0x8F, 0xFC, 0x4D, 0xBF, 0xBC, 0xFA, 0xF6, 0x3B, 0xFD, 0x85,
    0xCF, 0x3E, 0x5C, 0xFE, 0xB8, 0x3F, 0xF7, 0xD9, 0x5F, 0x96, 0xDF, 0xF9, 0xF0, 0xC2, 0x32, 0xB5,
    0x7A, 0xD3, 0x45, 0xD7, 0x29, 0xA5, 0x2E, 0xA5, 0xB9, 0x32, 0xD9, 0x88, 0x3F, 0x27, 0xEF, 0xD1,
    0x6B, 0x3C, 0xA3, 0xB8, 0x98, 0x53, 0xEC, 0xA0, 0x3A, 0xA2, 0x55, 0x58, 0x04, 0x56, 0xE6, 0xB0,
    0x0E, 0x22, 0x62, 0x46, 0x26, 0xE5, 0xC4, 0xB0, 0x02, 0x07, 0x00, 0x93, 0xC9, 0xE4, 0xA0, 0xFF,
    0x78, 0xF0, 0x1B, 0x58, 0xD1, 0x50, 0xC0, 0x3A, 0x51, 0x8B, 0x72, 0x68, 0x19, 0x2B, 0x10, 0x7A,
    0xF5, 0xC0, 0x35, 0x0D, 0x9A, 0x24, 0xE4, 0xAC, 0xF3, 0xD3, 0x02, 0x5D, 0x92, 0xF7, 0x60, 0x00,
    0x5E, 0x4A, 0x6B, 0x5D, 0x0F, 0xD4, 0xC0, 0x29, 0x16, 0x8C, 0x25, 0xF7, 0xDF, 0x4E, 0xE1, 0xAD,
    0xB3, 0xDE, 0xEE, 0x89, 0xB7, 0x72, 0x27, 0xF0, 0xBC, 0xB7, 0x27, 0xC1, 0x72, 0x98, 0x25, 0x80,
    0x7F, 0x9B, 0x6C, 0x25, 0x22, 0x53, 0x15, 0x28, 0xE4, 0xEE, 0x54, 0xFF, 0x03, 0x79, 0x20, 0x0B,
    0x44, 0xE5, 0xDD, 0x29, 0xC9, 0xF7, 0x20, 0xDA, 0xDC, 0x82, 0x75, 0x04, 0xE1, 0x29, 0x08, 0x14,
    0x1B, 0x45, 0xCB, 0xF4, 0xD2, 0x54, 0x9A, 0x89, 0x89, 0x9D, 0xF6, 0xD6, 0x67, 0xF7, 0x14, 0x88,
    0x77, 0xC9, 0xC5, 0xE9, 0x17, 0xAB, 0xED, 0xA4, 0xDE, 0x4E, 0x9A, 0x50, 0xAF, 0xA5, 0xB5, 0x16,
    0x9F, 0x0D, 0x70, 0x92, 0x6B, 0xE3, 0xBC, 0xFA, 0xE2, 0x8D, 0x5A, 0xDD, 0x6A, 0xB2, 0x4F, 0xA6,
    0x61, 0x76, 0xC3, 0x1C, 0x6B, 0x35, 0xCE, 0x7A, 0xEC, 0x38, 0x0D, 0xDA, 0x63, 0xC1, 0x7A, 0x7A,
    0xC8, 0x7C, 0xDC, 0x8D, 0x9A, 0x34, 0xA3, 0x66, 0xF5, 0xA8, 0xCA, 0x8F, 0xAA, 0xDD, 0xA8, 0x16,
    0x80, 0x9E, 0x73, 0x10, 0x75, 0xF4, 0x90, 0xB4, 0xF1, 0x38, 0xAC, 0x4E, 0x83, 0x2A, 0xAF, 0xAE,
    0x41, 0xE1, 0x56, 0x56, 0xC0, 0xA2, 0xC5, 0xD0, 0xB3, 0x54, 0x9A, 0xA8, 0x83, 0x8B, 0x00, 0xC0,
    0x0F, 0x4E, 0x8C, 0xDE, 0x1B, 0x13, 0x33, 0x31, 0x21, 0x51, 0xFD, 0xCA, 0x87, 0x44, 0x94, 0x1F,
    0x6B, 0x6E, 0x28, 0x1C, 0x37, 0xC1, 0x92, 0xD6, 0xD0, 0xA3, 0xC4, 0x85, 0xC4, 0x5C, 0x3C, 0x30,
    0x5F, 0x16, 0xD1, 0x26, 0x7A, 0x20, 0x04, 0x5C, 0xD3, 0xA8, 0x0A, 0x34, 0xB9, 0x27, 0xE9, 0xD0,
    0x86, 0x68, 0x1D, 0xCB, 0xB8, 0x50, 0x3A, 0xD0, 0x65, 0x3C, 0x85, 0xBC, 0x4F, 0x1A, 0xC0, 0x64,
    0x75, 0xBC, 0x01, 0xB9, 0x57, 0x35, 0x68, 0x53, 0x04, 0xB5, 0xE8, 0x59, 0xC0, 0x5E, 0x4D, 0x3C,
    0x8D, 0xBF, 0xAA, 0x83, 0x63, 0x22, 0x53, 0xC2, 0x85, 0x6F, 0xB5, 0xA8, 0xE0, 0x58, 0x03, 0x00,
    0x99, 0xA3, 0xA8, 0xC6, 0xAA, 0x1C, 0x00, 0xCC, 0xEE, 0xD3, 0x67, 0xE2, 0xB5, 0xF8, 0xD2, 0x31,
    0x40, 0x3F, 0xD6, 0x9D, 0x92, 0xDE, 0x4A, 0x97, 0x4B, 0x13, 0x8B, 0x03, 0xF8, 0x57, 0x60, 0x3E,
    0x48, 0x4D, 0x81, 0x68, 0x00, 0x38, 0x03, 0x00, 0x10, 0x6F, 0x01, 0x69, 0x07, 0xA8, 0x61, 0x14,
    0x01, 0x8A, 0x51, 0xB4, 0x75, 0xA0, 0x73, 0x0F, 0x3B, 0xAA, 0x82, 0x3E, 0xAB, 0x89, 0xBA, 0xB4,
    0x21, 0x9E, 0x26, 0x2D, 0xC9, 0xF0, 0x56, 0x47, 0x2A, 0xD2, 0xA1, 0x44, 0x06, 0x54, 0x45, 0x49,
    0xE1, 0xB1, 0x68, 0x17, 0xAA, 0x35, 0x14, 0x1E, 0x16, 0x00, 0xD6, 0x81, 0x78, 0xE6, 0xDC, 0x8E,
    0x62, 0x1E, 0x41, 0x2E, 0x40, 0x54, 0xEF, 0x3B, 0xEB, 0x1B, 0x0E, 0x96, 0x13, 0xF7, 0xA3, 0xE7,
    0xAA, 0xF7, 0x2B, 0xD0, 0xE2, 0xE1, 0x95, 0xD2, 0xFC, 0xE8, 0x69, 0xC7, 0x22, 0x46, 0x03, 0xC7,
    0x5C, 0x9E, 0xC8, 0x1E, 0xC1, 0x83, 0x5D, 0x3D, 0x70, 0x3E, 0x03, 0x3C, 0xAE, 0x00, 0xF5, 0x13,
    0x20, 0xE9, 0x1E, 0x41, 0xF8, 0x89, 0xC9, 0x64, 0x13, 0x0A, 0x91, 0x16, 0xF4, 0x4C, 0xCB, 0x01,
    0xA0, 0x1F, 0x35, 0xEE, 0x46, 0x4D, 0xDB, 0x51, 0x55, 0x33, 0x6A, 0x5E, 0x89, 0xD4, 0x68, 0x3F,
    0xAA, 0x45, 0x2E, 0x19, 0x06, 0x06, 0x88, 0xC7, 0x00, 0x92, 0x99, 0x66, 0x7B, 0x93, 0xA0, 0xAA,
    0x46, 0x26, 0x9B, 0x85, 0x27, 0x78, 0x6A, 0x33, 0x2A, 0xA7, 0x77, 0x21, 0x12, 0xA9, 0x48, 0x45,
    0xA6, 0xA8, 0xDD, 0xCB, 0x3D, 0xBA, 0x8A, 0x04, 0x6D, 0x28, 0x29, 0x81, 0xB9, 0x0C, 0x87, 0xA5,
    0x04, 0xB0, 0x70, 0x05, 0xED, 0x11, 0x8A, 0x3A, 0x1E, 0x50, 0x52, 0x76, 0x63, 0x5A, 0x03, 0x56,
    0x1C, 0xC4, 0x35, 0x41, 0x76, 0x47, 0x11, 0x03, 0x28, 0x07, 0x0B, 0x2F, 0x06, 0x51, 0x02, 0x9C,
    0xD8, 0x02, 0x1C, 0x44, 0x6D, 0x40, 0x0C, 0x14, 0x15, 0xC4, 0x1E, 0x80, 0xB0, 0x69, 0x62, 0x45,
    0xE6, 0x18, 0xB0, 0xDC, 0x83, 0x09, 0x48, 0x3F, 0xE7, 0xD2, 0x0B, 0x58, 0x38, 0xCC, 0x3D, 0x63,
    0xC1, 0x41, 0xE6, 0xC1, 0x56, 0x44, 0x03, 0x44, 0x35, 0x0F, 0xD9, 0x1F, 0x78, 0x02, 0x22, 0xA9,
    0x48, 0xFE, 0xD6, 0x90, 0x98, 0xAB, 0x0F, 0xD7, 0xDF, 0x18, 0x92, 0x4F, 0x1B, 0xD2, 0xCF, 0x5A,
    0x62, 0x5F, 0x3F, 0x54, 0xEF, 0xB3, 0x5C, 0xC3, 0x56, 0x59, 0xCB, 0xDB, 0x30, 0x1E, 0x3C, 0xBF,
    0xAB, 0x70, 0x36, 0x6E, 0xF2, 0xC6, 0xBA, 0x57, 0xF8, 0x9E, 0xD7, 0x43, 0x5C, 0x91, 0xF7, 0x58,
    0xCB, 0xCB, 0x29, 0x40, 0xBC, 0x49, 0xDA, 0x3C, 0x70, 0x3D, 0x76, 0x8C, 0xF5, 0x82, 0x75, 0x6D,
    0x9E, 0x3C, 0xF3, 0xC3, 0x4D, 0x4E, 0x4C, 0x5E, 0x00, 0x25, 0xE2, 0x46, 0x69, 0x51, 0x5F, 0xAC,
    0x75, 0xA8, 0x2A, 0x92, 0x20, 0xD8, 0x51, 0xB4, 0x53, 0x75, 0x10, 0x91, 0xBA, 0xF0, 0x33, 0xB9,
    0xB1, 0xB7, 0x51, 0xF8, 0x79, 0x47, 0x10, 0x13, 0x64, 0xBC, 0x38, 0x1D, 0x46, 0x83, 0xE9, 0x28,
    0x75, 0x90, 0x01, 0x28, 0xFE, 0xD7, 0x51, 0x8A, 0xE1, 0xEE, 0x00, 0xC0, 0x12, 0xFC, 0xCC, 0x7A,
    0x06, 0x5B, 0x05, 0x9A, 0x40, 0x17, 0xE8, 0x03, 0x65, 0x40, 0xFB, 0xC1, 0xAA, 0x6A, 0xB0, 0x59,
    0x33, 0xD8, 0xA4, 0x1B, 0x2C, 0x7D, 0xA0, 0x0C, 0xE8, 0x80, 0x0A, 0x64, 0x81, 0x24, 0xC0, 0xC0,
    0xBF, 0xDC, 0x77, 0x27, 0x3B, 0xB1, 0x0B, 0x88, 0xD4, 0x24, 0xB3, 0x37, 0x49, 0x7F, 0x79, 0xA0,
    0xA8, 0x28, 0x8D, 0x76, 0x68, 0x5F, 0x42, 0x3E, 0x4A, 0x88, 0x3A, 0x2C, 0xB3, 0x8E, 0xD9, 0x2B,
    0x46, 0x7B, 0xAC, 0xCB, 0x9B, 0x48, 0xC8, 0xA4, 0xEC, 0x89, 0x45, 0x5A, 0x58, 0x13, 0x07, 0xAC,
    0xC2, 0x7D, 0xB6, 0xB3, 0x47, 0x11, 0x7E, 0xB0, 0xA7, 0xE5, 0x03, 0xA0, 0xD7, 0xE6, 0x7B, 0xDA,
    0xA3, 0x09, 0xCF, 0x3F, 0x38, 0xB4, 0xB1, 0x3D, 0x82, 0xC8, 0xFD, 0xDD, 0xCD, 0xEC, 0xEF, 0x6E,
    0x27, 0x1E, 0xD9, 0x73, 0x7E, 0x32, 0xF2, 0x36, 0x6D, 0xF4, 0x9D, 0x4A, 0x89, 0x49, 0x06, 0x32,
    0xA1, 0x10, 0x6F, 0x9F, 0x6F, 0x2E, 0x26, 0xF5, 0x31, 0x0C, 0xF1, 0xCE, 0xB3, 0x5B, 0x68, 0xF9,
    0x3A, 0x38, 0x88, 0xF8, 0x64, 0xF8, 0x3F, 0x71, 0x59, 0x8B, 0x54, 0xAA, 0x8E, 0xA5, 0x29, 0x7C,
    0xF6, 0x65, 0x90, 0xFC, 0x56, 0xAB, 0x9D, 0x4E, 0x82, 0x74, 0x41, 0x5E, 0x6F, 0x93, 0xB6, 0xF8,
    0x43, 0x95, 0x36, 0x79, 0xB8, 0xB4, 0x51, 0x03, 0x79, 0x9D, 0xF6, 0x58, 0x9F, 0xC8, 0x1D, 0x31,
    0x4A, 0xA4, 0x47, 0x5F, 0x96, 0x1A, 0x58, 0x04, 0xCE, 0x02, 0x2B, 0x80, 0xAE, 0x20, 0xF8, 0xC2,
    0xBB, 0x00, 0x9C, 0x27, 0xDA, 0xB2, 0x24, 0xD3, 0x07, 0xA0, 0xD5, 0x26, 0x6D, 0x75, 0x95, 0x87,
    0x58, 0xA9, 0x52, 0x11, 0x47, 0xB9, 0x0B, 0x11, 0xF3, 0x90, 0xA8, 0x85, 0x3C, 0x60, 0x1D, 0x2C,
    0xF3, 0x23, 0x64, 0x00, 0xA9, 0x03, 0xDB, 0x42, 0xDF, 0x43, 0xF5, 0xC4, 0xC3, 0xCF, 0x38, 0x79,
    0x12, 0xA6, 0xDB, 0x44, 0xDD, 0x4D, 0x78, 0x77, 0xF9, 0xE1, 0xFB, 0xB3, 0x08, 0x4C, 0x21, 0x0B,
    0xE8, 0x0A, 0x2E, 0x02, 0xC0, 0x15, 0xF8, 0xAD, 0x76, 0x49, 0x57, 0xF8, 0xA4, 0x55, 0x75, 0xD6,
    0x84, 0x39, 0xAD, 0x92, 0x69, 0xE1, 0xE3, 0x4E, 0x1B, 0x86, 0x12, 0x6C, 0x0F, 0xBA, 0x83, 0xBC,
    0x05, 0xD5, 0x04, 0xEA, 0x6F, 0x64, 0x09, 0xB0, 0xF7, 0x22, 0xD3, 0x80, 0x60, 0x27, 0xE2, 0x2D,
    0x79, 0x65, 0x51, 0x23, 0xF5, 0xBC, 0xB5, 0xDE, 0x8A, 0xB8, 0xD9, 0x26, 0x36, 0xD9, 0x38, 0x34,
    0x8E, 0x05, 0x88, 0xE6, 0xEF, 0x5F, 0x8A, 0x3D, 0x71, 0xDA, 0x15, 0xFB, 0xFF, 0xDB, 0x74, 0x96,
    0x01, 0x9B, 0xB4, 0xD8, 0xB4, 0x09, 0x6D, 0x8F, 0x8D, 0xA5, 0xB6, 0xAC, 0x75, 0x96, 0x78, 0xB0,
    0x0B, 0xC6, 0xDA, 0x70, 0x99, 0x55, 0x5F, 0x0C, 0x36, 0x95, 0xCE, 0x46, 0x52, 0x03, 0x00, 0x44,
    0x0E, 0xE2, 0x83, 0x43, 0x88, 0x87, 0x38, 0x00, 0x44, 0xE5, 0x06, 0x99, 0x4C, 0x29, 0xA4, 0x47,
    0x3B, 0x61, 0x09, 0x0B, 0x97, 0xCA, 0x59, 0xB6, 0xBE, 0x2D, 0x94, 0xB3, 0x12, 0xDA, 0x5F, 0x0B,
    0x5A, 0x4A, 0xF2, 0x41, 0xC3, 0xEA, 0x3D, 0xA6, 0x99, 0x87, 0xD2, 0x13, 0xF7, 0x10, 0x57, 0x1C,
    0xDD, 0xF3, 0x22, 0xC4, 0x52, 0x91, 0x7E, 0xD9, 0x70, 0x9C, 0xAB, 0x47, 0xF1, 0x0B, 0x2C, 0x92,
    0xF6, 0xEF, 0xA2, 0xCA, 0x86, 0xC7, 0x8E, 0xBB, 0x23, 0x79, 0x45, 0xC6, 0x90, 0x7E, 0xDC, 0x90,
    0x05, 0xE2, 0xD7, 0x36, 0x8E, 0xE4, 0xC5, 0x3A, 0x44, 0x5F, 0x7B, 0xE2, 0x0F, 0xE6, 0x20, 0x0E,
    0xCE, 0x73, 0x34, 0xCF, 0x72, 0x63, 0xAD, 0x26, 0x93, 0x3D, 0xE9, 0xC9, 0x45, 0x44, 0x4C, 0x18,
    0x5D, 0x69, 0x7F, 0x0A, 0xEB, 0x54, 0x15, 0x1C, 0x26, 0x37, 0xAA, 0xD9, 0xE7, 0x95, 0xBE, 0x5D,
    0x4E, 0x26, 0x2E, 0xB8, 0x18, 0x46, 0x27, 0x5F, 0xF8, 0xE0, 0xB5, 0x5B, 0x3A, 0x2D, 0x5F, 0xCA,
    0x80, 0x12, 0x53, 0xB6, 0xA3, 0x63, 0x34, 0xF3, 0x7C, 0xF0, 0xDF, 0xFF, 0x72, 0x02, 0x55, 0x60,
    0x0A, 0x6C, 0xC3, 0xA9, 0x0E, 0x46, 0xC7, 0x2B, 0x0E, 0x00, 0x3C, 0x30, 0x05, 0xC4, 0x41, 0x5E,
    0x43, 0x54, 0x01, 0xFB, 0x59, 0x53, 0x72, 0x19, 0xD0, 0xCE, 0xCE, 0xB3, 0x26, 0xA5, 0x2F, 0x45,
    0x7C, 0xB8, 0x5F, 0x53, 0x02, 0xD6, 0x68, 0x53, 0xFC, 0x79, 0xCC, 0xEA, 0x88, 0xA5, 0x86, 0x63,
    0x00, 0x00, 0x1B, 0x90, 0x55, 0x60, 0x03, 0x03, 0x50, 0x73, 0x74, 0xCF, 0xFF, 0x81, 0x48, 0x6A,
    0x92, 0xBF, 0xB6, 0x24, 0xE6, 0xC2, 0xD1, 0xFC, 0xCC, 0x2A, 0xC9, 0xDD, 0xE0, 0xF3, 0x55, 0x4B,
    0xB4, 0xB1, 0x79, 0x34, 0x2F, 0x5E, 0x9A, 0x1F, 0x69, 0x9B, 0xFB, 0x1F, 0x69, 0x81, 0xA7, 0xE3,
    0xA6, 0x68, 0x4A, 0xF3, 0x32, 0xDF, 0x71, 0x5D, 0x5C, 0x53, 0xF4, 0xAC, 0x5B, 0xAE, 0x3E, 0xC8,
    0x01, 0x76, 0x71, 0xF6, 0xF3, 0xE4, 0xBA, 0xE6, 0xDC, 0x7F, 0x3C, 0xC0, 0x28, 0x8E, 0x3F, 0x6B,
    0x48, 0xC5, 0xF1, 0x9F, 0x83, 0xA1, 0x18, 0x60, 0x51, 0xC3, 0xFF, 0xBF, 0xE8, 0x12, 0x11, 0xAF,
    0x44, 0x2A, 0xFD, 0x45, 0x59, 0x5B, 0x93, 0xD7, 0x25, 0xAA, 0xDE, 0x21, 0x1B, 0xDB, 0x91, 0x6A,
    0x7C, 0x05, 0x86, 0x65, 0x66, 0x32, 0x19, 0x88, 0xA4, 0x85, 0x05, 0x60, 0x71, 0x81, 0x48, 0x7E,
    0x41, 0x72, 0xA7, 0x23, 0x79, 0x6D, 0x13, 0x80, 0xF3, 0xD9, 0xE7, 0x58, 0x3B, 0x60, 0x45, 0x8C,
    0xAD, 0xAC, 0xB3, 0x66, 0xF6, 0xEA, 0xBC, 0x2F, 0xDF, 0x7B, 0x59, 0xCE, 0xBE, 0x02, 0xDA, 0x95,
    0x14, 0x7E, 0x87, 0xDC, 0x87, 0x36, 0xA0, 0xBD, 0x1E, 0x53, 0xBE, 0x7E, 0x90, 0x65, 0x79, 0x04,
    0xCF, 0xC3, 0xCB, 0xF2, 0x68, 0x7E, 0xAB, 0x8B, 0x24, 0xC3, 0xAB, 0x64, 0x77, 0x5A, 0x4E, 0x1C,
    0xDF, 0x38, 0x9A, 0xD7, 0xE1, 0x25, 0x7E, 0x34, 0xAF, 0xA7, 0xA0, 0x04, 0x31, 0xAC, 0x03, 0x2C,
    0x4D, 0xAE, 0x6B, 0x19, 0x42, 0x05, 0x38, 0xBF, 0xDF, 0x65, 0x01, 0x28, 0x3E, 0xD9, 0x8C, 0x45,
    0x7C, 0x26, 0xE2, 0x54, 0x63, 0x7D, 0xE1, 0xA5, 0xD2, 0xAF, 0x4B, 0xAD, 0x9F, 0xFB, 0x7D, 0xA3,
    0x6F, 0x64, 0x75, 0xD1, 0xA9, 0x3A, 0x6F, 0x8B, 0x4A, 0x0D, 0xA1, 0x5F, 0x04, 0x5D, 0x4E, 0x21,
    0x82, 0xC3, 0x33, 0x6E, 0x20, 0xAF, 0x0E, 0x66, 0xFC, 0x0A, 0xA7, 0xCD, 0x78, 0x77, 0xDF, 0x86,
    0x45, 0x7B, 0x6B, 0xAC, 0xD7, 0xB7, 0xC5, 0xE7, 0x72, 0xC7, 0xA7, 0x92, 0x7B, 0x4E, 0x02, 0x00,
    0xB8, 0x83, 0x19, 0x8F, 0xE6, 0x33, 0x7E, 0x64, 0xCF, 0xC3, 0x33, 0xFE, 0xF2, 0xD1, 0xFC, 0xC6,
    0x59, 0xFA, 0xF4, 0x60, 0x96, 0x8E, 0x7E, 0x6F, 0x9C, 0x85, 0xF8, 0x9F, 0x0F, 0x9E, 0x4B, 0xC4,
    0x5B, 0xDA, 0xA5, 0x4D, 0xE1, 0x55, 0x1D, 0x4A, 0x95, 0x85, 0xBF, 0xC6, 0x63, 0x59, 0xD2, 0x59,
    0xA2, 0x7E, 0x00, 0xE9, 0xC0, 0x4E, 0x41, 0x8F, 0x63, 0x1B, 0x50, 0x15, 0x14, 0x1E, 0xB4, 0x03,
    0x0B, 0x0C, 0x10, 0xF5, 0x81, 0x2D, 0xB0, 0x7C, 0x03, 0xB3, 0x6F, 0xB9, 0x60, 0x45, 0xBC, 0xAD,
    0x6D, 0x65, 0xC7, 0xD9, 0x27, 0x0B, 0xA4, 0x73, 0x4C, 0xF8, 0xDB, 0xE7, 0xB5, 0x1D, 0xC4, 0xCF,
    0xDE, 0x04, 0x45, 0x87, 0x8D, 0xCC, 0x37, 0xFF, 0x2C, 0x7F, 0x72, 0x11, 0xA6, 0x37, 0xE7, 0x87,
    0xCE, 0xCD, 0x73, 0x0F, 0xFD, 0xFE, 0xFF, 0x0E, 0xCD, 0x9A, 0x31, 0x8C, 0xDD, 0x46, 0x7A, 0xC7,
    0x7F, 0x24, 0x77, 0x97, 0x17, 0x11, 0x08, 0x55, 0x48, 0x40, 0x4E, 0x82, 0x43, 0x17, 0x29, 0xCE,
    0x1B, 0x2B, 0x4C, 0x91, 0x42, 0x01, 0xBC, 0x3B, 0x73, 0xD5, 0x15, 0x2E, 0xB2, 0x01, 0x6E, 0xAB,
    0x2B, 0x92, 0x26, 0xC5, 0xA9, 0x51, 0x0A, 0x15, 0x2E, 0xA4, 0x1D, 0x26, 0xD7, 0x03, 0xDB, 0xA5,
    0x8C, 0x0A, 0x05, 0xF0, 0xBD, 0x03, 0x72, 0x2E, 0x5C, 0xB8, 0x90, 0x97, 0x93, 0xA8, 0xB8, 0x32,
    0xB4, 0x03, 0x24, 0x45, 0x8A, 0xA3, 0x13, 0x39, 0x0E, 0xE4, 0xC2, 0x93, 0x84, 0x71, 0x28, 0x2D,
    0x1F, 0xBF, 0x0C, 0xF9, 0xF8, 0xE0, 0x5D, 0xE8, 0x41, 0xD2, 0x3E, 0x3F, 0x19, 0x19, 0x7E, 0xBF,
    0x6F, 0x1E, 0x39, 0x7C, 0x33, 0xFF, 0x6F, 0xF8, 0x96, 0xFC, 0x38, 0x12, 0x22, 0x35, 0x0B, 0x77,
    0x78, 0x78, 0x00, 0x00, 0x84, 0x0F, 0x80, 0xB8, 0x03, 0xD2, 0x7E, 0x70, 0x02, 0xE4, 0x02, 0x28,
    0x53, 0x80, 0xCA, 0x2C, 0x9C, 0xA4, 0x15, 0xCC, 0x93, 0x9A, 0xA0, 0x8B, 0x1D, 0x61, 0x1B, 0x35,
    0x44, 0xFD, 0x2F, 0x3A, 0x62, 0x91, 0x8E, 0x54, 0xA4, 0x27, 0xAD, 0x28, 0xC9, 0x2D, 0x06, 0x55,
    0x78, 0x33, 0x7A, 0xD8, 0x01, 0x72, 0xE9, 0x46, 0x96, 0x25, 0x28, 0x8F, 0x49, 0xA4, 0x25, 0x97,
    0x39, 0xAA, 0x10, 0x76, 0x31, 0x70, 0x58, 0x0E, 0x9D, 0xA0, 0x9E, 0x08, 0xE5, 0xB8, 0xF9, 0xFA,
    0xAF, 0x04, 0x25, 0x25, 0x59, 0xAF, 0xE0, 0x00, 0x78, 0x27, 0xB2, 0xB0, 0x7F, 0xBD, 0x80, 0x5C,
    0x34, 0x24, 0x73, 0x00, 0xFD, 0x3A, 0xE5, 0x6F, 0x73, 0x99, 0x44, 0x3B, 0xE2, 0x2F, 0x1D, 0x91,
    0x54, 0x50, 0x6A, 0xD6, 0x0F, 0xE1, 0x35, 0x4F, 0xB4, 0xAF, 0xA1, 0x05, 0x82, 0x06, 0xA0, 0xAF,
    0x00, 0x33, 0xB8, 0x60, 0x3D, 0xBD, 0x7F, 0x3C, 0x87, 0xA8, 0x86, 0xB8, 0x82, 0xE8, 0x54, 0x13,
    0x88, 0x86, 0x2D, 0xE0, 0x7B, 0x00, 0x0F, 0x81, 0xA4, 0x03, 0xF2, 0x0A, 0xB8, 0xC1, 0xB2, 0x5C,
    0x7B, 0x0A, 0x81, 0x48, 0x35, 0xE8, 0x6D, 0x49, 0x9F, 0xFE, 0x64, 0x8E, 0xAA, 0x02, 0x41, 0xE9,
    0x71, 0x0C, 0x58, 0xB8, 0xFE, 0xBC, 0x2B, 0x01, 0x0C, 0xDC, 0x42, 0x59, 0x84, 0xBC, 0x0E, 0x7B,
    0x52, 0x29, 0x3B, 0x22, 0x11, 0x07, 0x46, 0x0A, 0xE0, 0x80, 0xA9, 0x14, 0x90, 0x54, 0x63, 0x70,
    0x41, 0x0F, 0xD4, 0x00, 0x80, 0x0F, 0x32, 0x96, 0x8E, 0x6C, 0x08, 0xAA, 0x2A, 0xB5, 0x21, 0x2F,
    0x4A, 0xE0, 0x04, 0x28, 0x47, 0xAE, 0x6A, 0x55, 0xA8, 0x22, 0x7F, 0x26, 0xA4, 0x32, 0x27, 0x10,
    0x07, 0xDB, 0x00, 0xB0, 0x88, 0x94, 0xD8, 0x01, 0x61, 0xF5, 0x1D, 0xC5, 0xB2, 0x05, 0xA8, 0x89,
    0xEF, 0x6F, 0x22, 0x86, 0x83, 0x10, 0xB8, 0x97, 0x03, 0xAA, 0x07, 0xE2, 0xFA, 0xBB, 0xBB, 0x28,
    0x51, 0x71, 0x87, 0xE8, 0x7F, 0x1B, 0x90, 0x0A, 0xDE, 0xF8, 0xD6, 0xC1, 0xF8, 0xEA, 0x4D, 0xE2,
    0x4F, 0x1D, 0x91, 0xD4, 0x70, 0x04, 0x00, 0xBB, 0x3F, 0xD7, 0x18, 0x99, 0x7B, 0xC4, 0x9A, 0xC3,
    0xD2, 0x19, 0x92, 0xC6, 0x10, 0x75, 0x86, 0xC0, 0xC3, 0x7C, 0xA2, 0x9F, 0x6A, 0x4F, 0xD8, 0x19,
    0xA2, 0xD6, 0x90, 0x39, 0xE3, 0xA3, 0xF7, 0x68, 0x23, 0x8F, 0x99, 0x4A, 0xF2, 0x6F, 0xF5, 0xD2,
    0xFD, 0xEB, 0xE0, 0x3E, 0x1B, 0x77, 0x2D, 0xE5, 0xBB, 0x35, 0xB1, 0x9C, 0xD6, 0x83, 0xEE, 0xDA,
    0x0B, 0x37, 0x35, 0x46, 0xA7, 0x35, 0x25, 0xDE, 0x9D, 0x90, 0x0C, 0x9F, 0x92, 0x69, 0x57, 0xD9,
    0xBC, 0xC6, 0xEB, 0xAF, 0x49, 0xC5, 0xBB, 0x50, 0x7E, 0x55, 0xC3, 0x16, 0x70, 0x69, 0xF6, 0x63,
    0x86, 0x63, 0xC5, 0xE0, 0x1A, 0xD2, 0xCF, 0x6F, 0x77, 0xA4, 0x55, 0x20, 0xDE, 0x61, 0x06, 0xA7,
    0x8A, 0xB4, 0xF6, 0x4E, 0xA4, 0xCE, 0xED, 0xE8, 0x7E, 0xF9, 0xEC, 0x38, 0xB7, 0x8B, 0x06, 0xEF,
    0xB4, 0x77, 0xC3, 0xC9, 0x71, 0x3F, 0x74, 0xD0, 0x8E, 0xDD, 0x7B, 0xD7, 0x03, 0x24, 0xB5, 0x67,
    0x98, 0x9A, 0xDE, 0x33, 0x1F, 0xF7, 0xBD, 0xE6, 0x41, 0xF2, 0xA0, 0x78, 0x10, 0x3C, 0xE8, 0x1D,
    0xF4, 0x0D, 0x6A, 0xCB, 0x91, 0xB4, 0x1E, 0xA4, 0x0E, 0x4A, 0x87, 0x9E, 0x46, 0x9D, 0x5B, 0x90,
    0x0E, 0x57, 0xC7, 0xB3, 0x7D, 0xE8, 0xD5, 0x02, 0xBB, 0xB3, 0x19, 0x46, 0x64, 0x81, 0x06, 0xC3,
    0x19, 0x34, 0xD3, 0xEC, 0x7B, 0xFC, 0xF9, 0x06, 0xCE, 0x73, 0xE6, 0xBB, 0xC0, 0x70, 0x45, 0x47,
    0xE0, 0xEC, 0xAF, 0xA1, 0x25, 0x93, 0x1E, 0x55, 0x98, 0xC5, 0xAF, 0x61, 0x56, 0xDA, 0x52, 0xC4,
    0x96, 0xB3, 0x99, 0x2E, 0x01, 0xA3, 0x95, 0xCE, 0xFF, 0x5D, 0x46, 0x5D, 0xA1, 0x2C, 0xA6, 0x32,
    0xD6, 0x77, 0x88, 0x3F, 0x69, 0x88, 0xC4, 0x81, 0x58, 0xD8, 0xDA, 0x9C, 0xCE, 0x80, 0xCB, 0xC4,
    0xC5, 0x7B, 0x44, 0xCF, 0x1A, 0x42, 0x71, 0x60, 0x8A, 0x6F, 0xA5, 0x15, 0x00, 0x35, 0x71, 0x83,
    0xCD, 0xCE, 0xE9, 0xEA, 0xDB, 0xC5, 0x1A, 0x3A, 0x37, 0xA8, 0x29, 0x98, 0x9E, 0x11, 0xD1, 0xF9,
    0x67, 0xC4, 0x5A, 0xBA, 0x8C, 0x86, 0x16, 0x68, 0x80, 0xBE, 0x02, 0xE3, 0x09, 0x00, 0x20, 0xE4,
    0x4D, 0xA2, 0x4F, 0x1C, 0xD1, 0x74, 0xDE, 0x46, 0xE7, 0x75, 0xE5, 0xDD, 0x6B, 0xFD, 0xB9, 0xE5,
    0x66, 0x54, 0xC0, 0x5E, 0xE6, 0x5D, 0x2E, 0x9C, 0x4D, 0x53, 0x2E, 0x3D, 0x05, 0x44, 0xEA, 0xE9,
    0x51, 0x3E, 0xFF, 0x89, 0x90, 0x57, 0x88, 0x56, 0x05, 0x4A, 0x9B, 0x33, 0x77, 0xE1, 0x6B, 0xB3,
    0xA2, 0x27, 0x17, 0x3B, 0xBA, 0x12, 0x32, 0x6B, 0x40, 0x59, 0x65, 0x31, 0x36, 0xAF, 0x03, 0xB1,
    0xA9, 0x94, 0x62, 0x23, 0x91, 0x5F, 0x5B, 0x4C, 0x9F, 0x5A, 0x02, 0x0D, 0xDB, 0x1C, 0x90, 0xE2,
    0x48, 0x96, 0xB9, 0xCA, 0xC9, 0x32, 0x57, 0x99, 0xE9, 0xC4, 0x6B, 0xF6, 0x71, 0x78, 0xB5, 0x1D,
    0x8A, 0x05, 0xF9, 0x3F, 0x79, 0x0D, 0xE2, 0x3C, 0x16, 0xF5, 0x63, 0x28, 0xFF, 0x06, 0x94, 0x34,
    0x9E, 0x39, 0x27, 0x7E, 0xEB, 0x30, 0xF4, 0xBE, 0x36, 0x63, 0xFA, 0xD6, 0x10, 0x4E, 0xFD, 0x41,
    0xE8, 0x80, 0xA8, 0x01, 0x82, 0x1A, 0x80, 0xD7, 0x1E, 0x1B, 0x57, 0x80, 0xA3, 0x89, 0x1F, 0xB0,
    0xF9, 0xB8, 0x5E, 0xB3, 0xFC, 0xC8, 0x2D, 0x5D, 0xD8, 0x00, 0x7C, 0x00, 0x04, 0xE3, 0xAE, 0x05,
    0xB6, 0x81, 0x3D, 0xE0, 0x0E, 0x70, 0x6F, 0x0A, 0x72, 0x6F, 0xF3, 0x41, 0xEE, 0x1C, 0x73, 0x4D,
    0x27, 0x8E, 0xDC, 0x8E, 0xCE, 0x88, 0x48, 0x3B, 0xBA, 0xFC, 0xD9, 0xAC, 0x7C, 0xBC, 0x68, 0xF8,
    0x9F, 0xC3, 0xDB, 0xD6, 0x8F, 0x27, 0x93, 0x1B, 0x77, 0x7D, 0xC3, 0xCB, 0x1D, 0x03, 0x46, 0xEC,
    0xC8, 0xB8, 0xFF, 0x9F, 0x27, 0x24, 0xA7, 0x52, 0xF9, 0x8E, 0x5C, 0xD2, 0x25, 0x4D, 0xE2, 0xA2,
    0x36, 0x71, 0xE1, 0x0B, 0xC9, 0x7F, 0xE6, 0x55, 0x15, 0x4E, 0x00, 0xC2, 0xFB, 0xC4, 0xEE, 0xC2,
    0x16, 0xE8, 0x83, 0xEC, 0xEB, 0x7A, 0x5F, 0xEC, 0xCD, 0x6B, 0x00, 0xBC, 0x4F, 0xD0, 0xBD, 0xDC,
    0x8C, 0x38, 0x6F, 0x57, 0x0F, 0x0F, 0x96, 0x5F, 0xB9, 0xB0, 0xC1, 0xD4, 0x09, 0x5C, 0x60, 0xDC,
    0x0F, 0x63, 0x7D, 0x2F, 0xD3, 0x4A, 0x48, 0x3B, 0xD0, 0x6B, 0x86, 0x7C, 0x39, 0xE0, 0xC3, 0x44,
    0x1F, 0x95, 0xA8, 0x9E, 0xA4, 0x79, 0xF5, 0xA9, 0xF3, 0xA7, 0xC5, 0xEE, 0x65, 0x5B, 0x56, 0xED,
    0x73, 0x17, 0xF5, 0x41, 0xEE, 0xD0, 0xE8, 0xC8, 0x45, 0x2E, 0x38, 0x1E, 0x06, 0x78, 0xF1, 0xF9,
    0xC6, 0x9F, 0x1F, 0xE8, 0x2D, 0xF6, 0x51, 0xDC, 0x00, 0x76, 0x31, 0x2F, 0xDD, 0x76, 0x5F, 0xD0,
    0xC2, 0x35, 0x6D, 0x20, 0x2F, 0xD6, 0x70, 0xDB, 0xDA, 0xBB, 0xCC, 0x7A, 0x97, 0xD6, 0xCA, 0xBB,
    0x5E, 0x30, 0x91, 0xF4, 0x18, 0xCA, 0x06, 0x08, 0x00, 0x50, 0x91, 0x2B, 0xDF, 0x6D, 0xCD, 0x8F,
    0x9A, 0xEF, 0x0F, 0xD1, 0xB1, 0x1B, 0xDE, 0x37, 0x91, 0x7B, 0xA9, 0xB1, 0xB0, 0x3F, 0x71, 0x94,
    0xDE, 0x2C, 0x7F, 0xC6, 0x2E, 0x3B, 0xF7, 0x0D, 0x59, 0x6D, 0x30, 0x85, 0x09, 0x04, 0x13, 0x77,
    0x98, 0xD4, 0x61, 0x94, 0xC5, 0x88, 0xF6, 0x0C, 0x75, 0x85, 0xF9, 0xB5, 0xC3, 0xFC, 0xA8, 0xC5,
    0x44, 0x73, 0x0C, 0xE2, 0x29, 0x0B, 0x83, 0xB2, 0x63, 0xA2, 0x3A, 0x5D, 0x44, 0x32, 0xED, 0x29,
    0xE0, 0xBA, 0x27, 0xF2, 0x24, 0x1A, 0xDE, 0x00, 0xC3, 0x2A, 0x66, 0x98, 0x70, 0x8E, 0x89, 0x5B,
    0x4C, 0x56, 0x63, 0x54, 0x81, 0x11, 0x30, 0xBD, 0xC7, 0x68, 0x4C, 0x5E, 0x2D, 0x74, 0x44, 0x1D,
    0xA3, 0x2E, 0x4C, 0x01, 0xC0, 0xD1, 0xC4, 0x6D, 0xE0, 0x37, 0x81, 0x1B, 0xC0, 0x4D, 0xE0, 0x4D,
    0x08, 0x1A, 0xC8, 0x3C, 0xA6, 0x58, 0x1C, 0x02, 0xB8, 0x54, 0x40, 0x66, 0xD7, 0xE4, 0xC9, 0x4C,
    0x67, 0x22, 0x76, 0x00, 0xF8, 0xFD, 0xD0, 0xE5, 0xAE, 0xD4, 0x77, 0x18, 0x5A, 0x5F, 0xBE, 0xED,
    0x82, 0x79, 0x75, 0x9B, 0xFD, 0xDC, 0x88, 0x78, 0x03, 0xC8, 0xBD, 0x69, 0x32, 0x4D, 0xAC, 0x49,
    0xE1, 0x06, 0xE6, 0x15, 0x36, 0x38, 0xC2, 0x90, 0x93, 0xF2, 0x7B, 0x8B, 0xE0, 0x77, 0xA3, 0x7A,
    0xB8, 0xE8, 0xA1, 0x33, 0xF8, 0x0F, 0xF6, 0xD5, 0xC7, 0x37, 0x6A, 0xB4, 0x0C, 0x93, 0x62, 0xF6,
    0x5E, 0x35, 0x82, 0xD5, 0xE1, 0x7A, 0x01, 0x71, 0x6B, 0xE2, 0xC6, 0x84, 0xF5, 0xCA, 0xE1, 0x0C,
    0xAC, 0xB6, 0xD4, 0x9A, 0xAC, 0x1E, 0x2C, 0x2E, 0x9E, 0x6F, 0xDD, 0x39, 0x86, 0xA4, 0x5E, 0xC1,
    0xD7, 0x1E, 0x01, 0xE5, 0x31, 0x8D, 0x67, 0xD5, 0x39, 0xCF, 0x66, 0x45, 0x22, 0x52, 0x0D, 0xA4,
    0x67, 0xB7, 0x2E, 0xEB, 0xCA, 0xB6, 0xAC, 0xFE, 0xFA, 0xFC, 0xD1, 0x0A, 0x7E, 0x0B, 0x78, 0x08,
    0x49, 0x07, 0x79, 0xF5, 0x4D, 0x8E, 0x0C, 0x3F, 0x35, 0x96, 0xDE, 0x54, 0x1E, 0xE7, 0xE9, 0x3C,
    0x73, 0x4F, 0xE9, 0x51, 0xB6, 0x37, 0x69, 0xD5, 0x9B, 0xC4, 0xF5, 0x26, 0xEA, 0x7A, 0xC3, 0xDC,
    0x53, 0x7A, 0x94, 0x27, 0xF5, 0x24, 0x9E, 0xC8, 0x43, 0x0F, 0x00, 0x7F, 0x0A, 0xA1, 0x83, 0xDC,
    0x53, 0x6A, 0xB8, 0x03, 0x00, 0x6F, 0x25, 0x8F, 0x31, 0xA6, 0x67, 0x7C, 0x0B, 0xAC, 0x4C, 0x61,
    0x74, 0x6E, 0x0D, 0xD9, 0x0B, 0xD9, 0xA8, 0xAE, 0xB8, 0xF2, 0xD4, 0xB0, 0xE3, 0xC1, 0x13, 0x0E,
    0xFB, 0x7A, 0x2D, 0x5D, 0x00, 0xA8, 0x01, 0x0D, 0xB9, 0x27, 0xF6, 0x64, 0xC0, 0xDB, 0x00, 0xC0,
    0xC1, 0x0E, 0x3C, 0xCC, 0xC1, 0x8B, 0x25, 0xA9, 0x37, 0x3E, 0xC7, 0x41, 0xF5, 0x36, 0xC1, 0xBC,
    0x03, 0x53, 0x43, 0xAC, 0xFF, 0x3F, 0xCC, 0xEF, 0xC4, 0xCE, 0x1C, 0xB2, 0xCE, 0xD3, 0xC0, 0x6F,
    0xE8, 0x75, 0x34, 0xB1, 0x24, 0x30, 0x96, 0x48, 0x34, 0x51, 0x0F, 0xC1, 0x01, 0x88, 0x54, 0x67,
    0x17, 0x4E, 0xCF, 0xA7, 0xBD, 0xD1, 0x94, 0x37, 0xF6, 0xE4, 0x15, 0xE5, 0x98, 0x37, 0x2E, 0xD2,
    0x43, 0xEF, 0x7C, 0x10, 0xE7, 0xDD, 0xD8, 0x60, 0x34, 0xF9, 0x98, 0x37, 0x16, 0x99, 0x0B, 0x84,
    0x44, 0xCA, 0x39, 0xA1, 0x48, 0x03, 0xB7, 0xA7, 0x85, 0x95, 0x97, 0xBF, 0x46, 0x8F, 0x8B, 0x2A,
    0xAA, 0x28, 0xC9, 0xED, 0xC9, 0x38, 0x56, 0xEE, 0x51, 0x56, 0x0D, 0x81, 0x9E, 0x3E, 0xF7, 0x5A,
    0x62, 0x61, 0x6F, 0xC5, 0xEA, 0xE9, 0xEB, 0x8D, 0x61, 0xF5, 0x2B, 0xF6, 0xFA, 0x71, 0x0C, 0x29,
    0x1E, 0x44, 0x9F, 0x3A, 0x48, 0x1E, 0x55, 0x90, 0xBE, 0x6B, 0x21, 0x4B, 0xF1, 0x8D, 0xDB, 0xDF,
    0xC9, 0x05, 0xE1, 0x9E, 0x82, 0x87, 0x7B, 0xD0, 0x7C, 0x44, 0x58, 0xBB, 0x41, 0xCF, 0xFA, 0xC1,
    0x5C, 0xFA, 0x8F, 0x9D, 0xD9, 0xAC, 0x40, 0xE4, 0x1F, 0x44, 0x6C, 0x2C, 0x43, 0xB1, 0x5E, 0xB4,
    0xD4, 0x8C, 0xB2, 0x6B, 0x18, 0x84, 0xD7, 0x60, 0x20, 0xAB, 0x61, 0x10, 0x5F, 0xC3, 0x20, 0x5A,
    0x44, 0x9F, 0xA9, 0x3E, 0x3F, 0x5C, 0xB6, 0x0D, 0x61, 0xD4, 0x30, 0x04, 0x52, 0x43, 0xD6, 0x04,
    0x52, 0x33, 0x04, 0x23, 0xFE, 0x5E, 0xED, 0xC3, 0xF9, 0x4A, 0xC4, 0x92, 0xCB, 0x1F, 0x0D, 0x15,
    0x1A, 0x80, 0xB2, 0xB8, 0xDE, 0x10, 0x4B, 0x23, 0x42, 0x36, 0x2A, 0xF0, 0x21, 0xB8, 0xB4, 0x36,
    0xA8, 0x2A, 0x76, 0x5E, 0xFE, 0x93, 0x5F, 0xB8, 0x93, 0xA1, 0xA5, 0x19, 0x3E, 0xCF, 0xEE, 0x0F,
    0xC1, 0x80, 0x0F, 0xA7, 0x4E, 0x9D, 0x0F, 0xA8, 0x2F, 0xAB, 0x54, 0x7A, 0x2F, 0xC3, 0x07, 0x65,
    0xE6, 0xB0, 0x45, 0xA0, 0x81, 0x02, 0xE2, 0x0A, 0x8C, 0xA7, 0x07, 0xEA, 0xE7, 0x96, 0xF0, 0xB4,
    0x39, 0x2C, 0xAD, 0x21, 0xAB, 0x0C, 0xE9, 0x44, 0x66, 0xC7, 0x63, 0x22, 0x18, 0x69, 0x31, 0x71,
    0x33, 0x65, 0x2C, 0xCB, 0x2C, 0xC9, 0xE8, 0x29, 0x4B, 0xAA, 0x00, 0x76, 0x40, 0x11, 0x0A, 0x69,
    0x43, 0xA2, 0x01, 0xDE, 0x8A, 0x0B, 0xE3, 0x65, 0x49, 0x61, 0x7A, 0x6D, 0x2C, 0x46, 0x63, 0x58,
    0x61, 0x9B, 0xD4, 0x80, 0x9A, 0xC8, 0x81, 0x04, 0xC8, 0x80, 0x77, 0x5E, 0x59, 0x0A, 0x70, 0x04,
    0x06, 0x72, 0x16, 0xC9, 0xC9, 0x32, 0xD5, 0x0A, 0xF9, 0x1D, 0xA2, 0xCF, 0xA6, 0xBF, 0x18, 0xA5,
    0x37, 0x3D, 0x77, 0x37, 0x42, 0x9B, 0xFF, 0xD2, 0x26, 0x3D, 0xDC, 0x87, 0x0B, 0xA8, 0x2D, 0x20,
    0xB1, 0xD3, 0xC2, 0xFB, 0x99, 0xB7, 0xFF, 0xBF, 0x2D, 0xA6, 0x7F, 0x5D, 0xE8, 0x51, 0x7F, 0xB1,
    0x1C, 0xEC, 0x2A, 0xC6, 0x82, 0x7A, 0x0A, 0xA9, 0xD4, 0x04, 0x32, 0x87, 0xEB, 0xA2, 0xA1, 0x2C,
    0xAE, 0xA0, 0xAC, 0x90, 0xDB, 0xE1, 0xAF, 0x52, 0x3D, 0x13, 0x9D, 0x49, 0x4F, 0x28, 0x0D, 0x6C,
    0x33, 0x95, 0x63, 0x48, 0x9E, 0xFF, 0xF1, 0x04, 0xE5, 0x30, 0x4E, 0x43, 0x76, 0xDA, 0x91, 0x17,
    0x27, 0xE4, 0x16, 0xB2, 0x5E, 0x13, 0x4B, 0x0B, 0xB7, 0x7B, 0xA0, 0xC4, 0x87, 0x41, 0xFE, 0xF9,
    0xB8, 0x9E, 0x3C, 0xF5, 0xB9, 0x41, 0x7D, 0x19, 0x90, 0xD6, 0x9E, 0x16, 0x78, 0x08, 0x57, 0x3B,
    0x28, 0x5B, 0xB8, 0x75, 0xBC, 0x9E, 0xB6, 0x0C, 0x4F, 0xC5, 0xF9, 0xFE, 0x1A, 0xB8, 0x55, 0xAC,
    0x5A, 0xF5, 0xDA, 0xF8, 0x5C, 0xAF, 0x5E, 0xF9, 0x5A, 0x7F, 0x9E, 0xFD, 0x8A, 0xDC, 0x7D, 0x23,
    0xD2, 0x0C, 0x2C, 0xE2, 0xB2, 0xEB, 0x11, 0x17, 0x9E, 0xC7, 0x9E, 0x39, 0x90, 0xC3, 0x55, 0x03,
    0x6A, 0x0E, 0xD7, 0x8E, 0x01, 0xA2, 0x66, 0xB2, 0xDF, 0x7D, 0x76, 0xAC, 0xA4, 0xF6, 0x16, 0x0F,
    0xBB, 0xE7, 0xAD, 0x1D, 0x66, 0x2D, 0x90, 0x9A, 0xDB, 0x35, 0xA9, 0x26, 0xF5, 0xBE, 0x83, 0x3D,
    0xAE, 0x7E, 0x8C, 0xEA, 0xD8, 0x3D, 0xA6, 0xF8, 0x1E, 0x34, 0x77, 0x41, 0x3A, 0x46, 0xAD, 0xC1,
    0x06, 0xF5, 0x03, 0xB4, 0xA3, 0x7D, 0x14, 0x35, 0xEF, 0x45, 0x8D, 0xBB, 0x80, 0xD8, 0xA3, 0x94,
    0x60, 0xB8, 0x46, 0x9F, 0x76, 0x00, 0xBC, 0x45, 0xF0, 0xC0, 0xF8, 0x33, 0x2E, 0x40, 0xA3, 0x74,
    0xDC, 0xA8, 0x2A, 0x73, 0x99, 0x48, 0x15, 0x8B, 0x14, 0x94, 0x4F, 0x21, 0x00, 0x0E, 0xAE, 0x10,
    0xF5, 0x77, 0xC7, 0x6B, 0x7B, 0x69, 0x48, 0xFB, 0x81, 0x5B, 0x5C, 0xD3, 0x8B, 0x27, 0xD4, 0x6A,
    0xC6, 0x9B, 0x86, 0x36, 0x56, 0x3D, 0x11, 0x9B, 0xC9, 0x57, 0x36, 0x96, 0xCC, 0x72, 0x19, 0x22,
    0x11, 0x3D, 0x10, 0x1C, 0x1E, 0x6E, 0x58, 0xE7, 0xAA, 0xB4, 0x67, 0x7D, 0x9D, 0x41, 0xF5, 0xDB,
    0x04, 0xCD, 0x3D, 0x90, 0x0E, 0x94, 0x83, 0x60, 0xB3, 0x5A, 0x57, 0xA7, 0x37, 0xEB, 0xEB, 0x25,
    0x00, 0xF2, 0x1A, 0x6E, 0x7E, 0x08, 0x77, 0xFE, 0x00, 0xFE, 0xD0, 0xD7, 0x59, 0xBD, 0x71, 0xDD,
    0xE4, 0x1A, 0x4E, 0x2D, 0x54, 0x15, 0x7C, 0xE2, 0x11, 0x0B, 0xBB, 0x7C, 0x3B, 0xED, 0xDB, 0x81,
    0x26, 0x4B, 0x0B, 0xF6, 0x33, 0xB8, 0xBB, 0x0F, 0x1F, 0xBD, 0x03, 0x07, 0x97, 0x37, 0xAB, 0x7B,
    0x99, 0x81, 0xB5, 0xF7, 0xC0, 0x7D, 0x93, 0x81, 0xAD, 0xAB, 0x79, 0x63, 0xDA, 0x54, 0x01, 0x0F,
    0x81, 0x16, 0xE8, 0xEF, 0x83, 0xAA, 0x21, 0x60, 0x0D, 0x5D, 0xB9, 0xD7, 0x75, 0x02, 0x41, 0x03,
    0xA1, 0xF3, 0xF4, 0x16, 0x4A, 0xCF, 0x16, 0xCB, 0xB2, 0x7C, 0xF0, 0x66, 0x3D, 0x00, 0xEA, 0xB6,
    0x06, 0xB8, 0x19, 0x6B, 0x96, 0x65, 0x97, 0xF0, 0x81, 0x1F, 0xD8, 0x0B, 0xED, 0x50, 0x85, 0x2A,
    0x12, 0x5F, 0xE9, 0xDC, 0xA6, 0x73, 0x0C, 0x99, 0x4D, 0x7B, 0x4E, 0x48, 0xAB, 0x4C, 0x98, 0x93,
    0xD6, 0xB9, 0xA1, 0x23, 0x71, 0x2A, 0xFF, 0x61, 0x47, 0xE4, 0x54, 0xF6, 0x97, 0x2D, 0x51, 0x73,
    0x94, 0x3E, 0x6A, 0x08, 0x9B, 0x8F, 0xD3, 0x47, 0x8E, 0xA0, 0xED, 0x92, 0x7F, 0x76, 0x30, 0x6F,
    0xE3, 0x2F, 0x6B, 0xE8, 0x9B, 0xE8, 0xB4, 0x82, 0xD2, 0x45, 0x62, 0xC1, 0xB8, 0x70, 0xA8, 0x54,
    0x1D, 0x88, 0x06, 0x55, 0x21, 0x2C, 0x0B, 0x7B, 0x00, 0xA1, 0x54, 0x40, 0xFC, 0x85, 0x03, 0x76,
    0xF8, 0x73, 0xA6, 0xF2, 0x53, 0x6E, 0xB1, 0x8B, 0x41, 0x74, 0x89, 0xD2, 0x52, 0xCC, 0xC9, 0x7F,
    0x28, 0xB6, 0x23, 0xFB, 0xD9, 0x69, 0xD5, 0x91, 0x3E, 0xFA, 0xE2, 0xB3, 0x96, 0xF4, 0x57, 0xFF,
    0xF8, 0x5F, 0x0D, 0xF1, 0xBF, 0xFC, 0xFD, 0x7F, 0x3B, 0xA2, 0xAF, 0xFE, 0xEE, 0xB4, 0x26, 0x92,
    0x42, 0x2A, 0x42, 0xD1, 0x62, 0x09, 0x84, 0xD2, 0x82, 0x60, 0x0A, 0x00, 0x88, 0x0B, 0xC8, 0x5B,
    0xE8, 0x4F, 0xA0, 0xBE, 0x04, 0xC0, 0x2D, 0x78, 0x5F, 0x15, 0x51, 0x97, 0xDB, 0xA8, 0x49, 0xEB,
    0xC4, 0x25, 0x2E, 0xAD, 0xA2, 0x36, 0xB7, 0x61, 0xA7, 0x34, 0x7D, 0x09, 0x66, 0x0E, 0x6A, 0x7A,
    0x5D, 0x4C, 0x9D, 0xA7, 0x5E, 0x0D, 0x40, 0x52, 0x80, 0x69, 0x61, 0xFE, 0x31, 0x54, 0x6F, 0xB0,
    0x9C, 0x67, 0x55, 0xC4, 0xCE, 0x4F, 0x6D, 0xED, 0xB7, 0x2A, 0x71, 0xC3, 0x48, 0x4A, 0x47, 0x9D,
    0x21, 0x98, 0xF7, 0x20, 0xDD, 0xE2, 0x3B, 0xAA, 0x81, 0xCC, 0x41, 0x5A, 0x41, 0x6E, 0x41, 0x15,
    0x60, 0x80, 0x1E, 0x7F, 0x9E, 0xE7, 0x01, 0x70, 0x79, 0x0B, 0xBA, 0x7D, 0x8F, 0x81, 0xF7, 0xDE,
    0xDE, 0xB0, 0xFE, 0x29, 0x73, 0x2B, 0x2D, 0xE1, 0x1C, 0xC2, 0x8A, 0x45, 0xFF, 0xB3, 0x19, 0xA5,
    0xC8, 0xC8, 0xD5, 0x43, 0x81, 0xB0, 0x83, 0xA8, 0x5D, 0xF4, 0xB5, 0xD4, 0xB9, 0xFA, 0xF0, 0xF8,
    0x1D, 0x99, 0x00, 0x08, 0x0A, 0x52, 0x4B, 0x69, 0xA3, 0xF9, 0xD4, 0xFD, 0xEE, 0xEC, 0x7D, 0x25,
    0x9D, 0x37, 0xE2, 0x96, 0xD4, 0xA1, 0x7C, 0xEB, 0xD0, 0x53, 0xE2, 0xC8, 0x2A, 0x16, 0x4D, 0xDE,
    0x00, 0xD8, 0x07, 0x0C, 0x70, 0x63, 0xC3, 0xBA, 0xAE, 0xC0, 0xD1, 0x68, 0x3F, 0xB8, 0x80, 0xA2,
    0x15, 0xFF, 0xFF, 0x60, 0xD3, 0xB3, 0x95, 0xE8, 0x0F, 0x92, 0x2F, 0x5D, 0x28, 0xC5, 0x85, 0x84,
    0xFD, 0x1F, 0x9D, 0xD1, 0x01, 0xA6, 0xDD, 0x40, 0x14, 0xC6, 0xF1, 0xFF, 0xBD, 0x51, 0xA1, 0xA1,
    0x81, 0x16, 0x3C, 0x15, 0x00, 0xDA, 0x92, 0x0D, 0x94, 0x99, 0x25, 0x14, 0xDE, 0x3A, 0xDE, 0x12,
    0x66, 0xBA, 0x83, 0x0B, 0x14, 0xE0, 0x01, 0x08, 0xDA, 0x1D, 0x74, 0x66, 0x09, 0x59, 0xC2, 0x40,
    0x95, 0x82, 0x22, 0xB8, 0xEF, 0xF6, 0x65, 0xBE, 0xCE, 0xE1, 0xF5, 0x52, 0x0A, 0x7A, 0x9C, 0xEF,
    0x27, 0x19, 0x7C, 0x23, 0x02, 0x10, 0x8D, 0x21, 0x9B, 0xC1, 0x3C, 0xEE, 0x98, 0x2B, 0xD7, 0x79,
    0xBE, 0x2C, 0xF7, 0x30, 0x4B, 0x1B, 0x38, 0x93, 0x54, 0x01, 0x76, 0xF3, 0xF8, 0x68, 0xF6, 0x9B,
    0x39, 0xFE, 0x34, 0xA7, 0x55, 0x2A, 0xB8, 0x6C, 0x06, 0x74, 0xEB, 0xA9, 0x54, 0x38, 0x4A, 0xCD,
    0xCE, 0x64, 0xB8, 0x2C, 0xCD, 0xB1, 0xA0, 0xE5, 0x7E, 0xCE, 0x48, 0x9B, 0xF3, 0x26, 0x7F, 0xE6,
    0x64, 0xF4, 0xC5, 0x0C, 0x26, 0xD5, 0xA0, 0x70, 0x9D, 0x74, 0xBA, 0x2B, 0x0C, 0xBA, 0x68, 0x67,
    0x52, 0x1B, 0xEF, 0xA2, 0x56, 0x97, 0x5F, 0x11, 0xE2, 0xB8, 0x72, 0x9B, 0x96, 0x2F, 0xAB, 0x9D,
    0xB7, 0xB3, 0x1F, 0x69, 0x59, 0x62, 0x22, 0x79, 0x48, 0x28, 0xCF, 0x39, 0x7D, 0xD2, 0x43, 0x8A,
    0x4E, 0xDF, 0x55, 0x19, 0xE5, 0xD3, 0x06, 0x1F, 0x38, 0x00, 0x9F, 0x23, 0x83, 0xCE, 0xCC, 0xAA,
    0xB8, 0x8F, 0x22, 0x10, 0x7C, 0xA0, 0x35, 0x66, 0x70, 0x0F, 0x30, 0xAA, 0x70, 0xD0, 0x0E, 0x37,
    0xB2, 0xAE, 0xF8, 0xD2, 0x3E, 0x92, 0xD6, 0xD7, 0xEE, 0x76, 0x17, 0xF9, 0x49, 0x95, 0xA3, 0x36,
    0x78, 0x06, 0xB8, 0xA7, 0xCC, 0x1E, 0x06, 0x60, 0x02, 0xDE, 0xC1, 0x21, 0xD9, 0x1D, 0x1B, 0xD3,
    0xAF, 0x47, 0xE6, 0xF8, 0x95, 0x39, 0xC3, 0x54, 0x3D, 0xBD, 0xCE, 0x70, 0x57, 0x81, 0x84, 0x8B,
    0x81, 0xF9, 0x9B, 0x18, 0xB5, 0xFF, 0xA3, 0x0F, 0xAE, 0x7D, 0xEF, 0xE1, 0x4D, 0xFB, 0x37, 0x41,
    0xDA, 0x2C, 0x4C, 0x2B, 0x8C, 0xF9, 0xFF, 0x02, 0x30, 0x46, 0xB0, 0xE7, 0xA1, 0xA5, 0x6B, 0xE9,
    0x23, 0xBC, 0x00, 0xA0, 0xDB, 0x9E, 0xF6, 0xED, 0xE5, 0xE4, 0x54, 0xDA, 0xF6, 0xF6, 0xFA, 0xF7,
    0x9E, 0xE9, 0x54, 0x0E, 0x2A, 0xDC, 0x15, 0x80, 0xC9, 0x33, 0x47, 0x6E, 0x22, 0x5D, 0x64, 0xF0,
    0xBC, 0xE6, 0x37, 0x25, 0x87, 0xB5, 0x41, 0x44, 0x41, 0x14, 0x45, 0x0F, 0xEE, 0x4E, 0x82, 0x87,
    0x38, 0x53, 0xC0, 0xDA, 0xEB, 0x00, 0x8F, 0x71, 0xAB, 0x61, 0xED, 0x97, 0xF0, 0x4B, 0x20, 0xA6,
    0x01, 0x5C, 0x4A, 0x98, 0x8C, 0xF4, 0x75, 0x80, 0xFB, 0x08, 0x76, 0xFD, 0x42, 0x8A, 0x27, 0x26,
    0x63, 0xF7, 0x35, 0xCA, 0x2F, 0xD6, 0x9B, 0xB4, 0xA0, 0x81, 0xFF, 0xD3, 0x96, 0x54, 0xDF, 0xFD,
    0xA5, 0xED, 0x80, 0x86, 0x1A, 0x29, 0xDC, 0x26, 0xE7, 0x51, 0x0E, 0x0F, 0x00, 0x62, 0xB4, 0x3F,
    0x02, 0x16, 0x1A, 0xEE, 0xBB, 0xC2, 0x55, 0xD5, 0xB5, 0x69, 0xB7, 0x73, 0xDB, 0xDD, 0xF5, 0x2E,
    0xEF, 0x2A, 0xDB, 0x13, 0x46, 0xCE, 0xAD, 0xFE, 0xE0, 0xDA, 0x0E, 0x0A, 0x30, 0xD6, 0x75, 0x93,
    0x1F, 0xA3, 0x94, 0xE7, 0x24, 0xCB, 0x42, 0x37, 0xA0, 0x23, 0xDE, 0x9B, 0xE7, 0x26, 0xE9, 0x2F,
    0xDD, 0x3B, 0x77, 0xF1, 0xA3, 0x99, 0x92, 0xC2, 0x2C, 0x26, 0x35, 0xCF, 0xBC, 0xAF, 0xBE, 0xC7,
    0xFB, 0x23, 0x41, 0xDA, 0x6E, 0x0A, 0x72, 0xC1, 0x3B, 0x41, 0x0B, 0x5A, 0xC3, 0x37, 0xAD, 0xCE,
    0x21, 0x4C, 0xC4, 0x30, 0x14, 0x87, 0xF1, 0x6F, 0x1B, 0xB0, 0x84, 0x89, 0x99, 0xF3, 0x43, 0xA0,
    0xCE, 0xD4, 0x27, 0x84, 0xD6, 0x21, 0x30, 0x08, 0xF0, 0x1E, 0x8D, 0x40, 0x90, 0x74, 0x78, 0x73,
    0xDE, 0x60, 0x26, 0xC8, 0xBC, 0x6F, 0xBD, 0x9A, 0x57, 0xC3, 0x60, 0xA9, 0x98, 0x98, 0xE8, 0xF6,
    0xD8, 0xDD, 0x85, 0xE4, 0x48, 0x4E, 0x5E, 0x9A, 0x9F, 0xEB, 0xCB, 0xF7, 0x4F, 0xC6, 0x1B, 0x72,
    0x19, 0x29, 0xEE, 0x03, 0x00, 0xEB, 0xB6, 0xC5, 0x8A, 0xEC, 0x19, 0xB0, 0x1C, 0x30, 0x0B, 0x99,
    0xF6, 0x9E, 0x1E, 0xB1, 0xF0, 0xDF, 0xC1, 0x2D, 0x0F, 0x2B, 0xB2, 0xF9, 0x8D, 0xE2, 0x67, 0xE0,
    0xF2, 0x62, 0x03, 0x00, 0x6E, 0xB3, 0x6B, 0x55, 0x32, 0xA3, 0x6B, 0x6B, 0x2C, 0xAA, 0x76, 0xAD,
    0xF3, 0x4E, 0xC4, 0xBB, 0xB6, 0x35, 0x6E, 0xD7, 0xD0, 0x46, 0x7D, 0x0B, 0xA5, 0x44, 0x52, 0xE9,
    0xE1, 0x0C, 0xB8, 0x06, 0x6E, 0x01, 0xDD, 0x43, 0x1E, 0x81, 0x57, 0x00, 0x9E, 0xE1, 0x53, 0xD7,
    0x59, 0x54, 0x3E, 0x1B, 0xCA, 0xBE, 0x08, 0x45, 0x28, 0xBB, 0x6C, 0x54, 0x3E, 0x8D, 0xDA, 0x30,
    0x3B, 0xB0, 0x13, 0xE8, 0x08, 0xD5, 0x00, 0x65, 0x58, 0xF4, 0xC7, 0x01, 0x5C, 0xFD, 0x35, 0x3A,
    0xC8, 0x07, 0xE0, 0x05, 0x80, 0x35, 0x69, 0xA3, 0xEB, 0x3C, 0x28, 0x5F, 0xF6, 0xCB, 0xEB, 0x8A,
    0xB0, 0xAD, 0x69, 0x93, 0x45, 0x4B, 0x32, 0xCD, 0x20, 0x11, 0xEC, 0x08, 0x7A, 0x80, 0x6A, 0xDB,
    0xE8, 0x40, 0x79, 0xD0, 0x35, 0x58, 0x60, 0x66, 0xF9, 0xB7, 0x68, 0x00, 0x7D, 0x67, 0x10, 0x21,
    0xF9, 0x9A, 0x4E, 0xBB, 0x7F, 0x75, 0x0E, 0xF2, 0x41, 0x2A, 0x13, 0xE9, 0x7B, 0x73, 0xF2, 0xDD,
    0xBF, 0xA4, 0x8D, 0x2F, 0x68, 0x1C, 0x41, 0x14, 0xC6, 0x7F, 0xBD, 0x85, 0x5D, 0xC8, 0x8A, 0x57,
    0x5D, 0x33, 0xBA, 0x67, 0xC6, 0x43, 0x92, 0x37, 0xBE, 0x22, 0xDE, 0xD7, 0xC7, 0x43, 0x9A, 0x1D,
    0x62, 0x22, 0x6A, 0xB6, 0xDE, 0x9C, 0x6D, 0xEA, 0x4D, 0x44, 0x76, 0xDA, 0x8A, 0xDA, 0x81, 0x7A,
    0x58, 0x68, 0x7D, 0x57, 0x9C, 0x18, 0x31, 0x97, 0xE9, 0x74, 0xA1, 0x94, 0x52, 0x38, 0x28, 0x11,
    0xDF, 0xBC, 0xF9, 0xFE, 0xC0, 0x4F, 0x4B, 0xD9, 0xFF, 0x16, 0x40, 0xBD, 0xA5, 0xFC, 0xF5, 0x02,
    0xC0, 0xB3, 0xB1, 0x89, 0x5D, 0x90, 0x60, 0x82, 0xF5, 0xEA, 0xDA, 0x71, 0xFD, 0x39, 0xCB, 0x39,
    0xA7, 0x9C, 0xF8, 0x35, 0x45, 0x39, 0xE3, 0xAA, 0x2E, 0x5F, 0x37, 0x71, 0xDF, 0x7D, 0x5A, 0xE4,
    0xF3, 0x62, 0xBE, 0xCC, 0xF6, 0xED, 0xAC, 0x17, 0xB1, 0x7D, 0xB7, 0x5B, 0xED, 0x62, 0x5F, 0x45,
    0x2B, 0xE1, 0x5C, 0xFC, 0xA9, 0x70, 0x72, 0xB3, 0xFB, 0x95, 0xD4, 0x41, 0x1F, 0x54, 0xC2, 0x99,
    0xB8, 0x2B, 0x03, 0x5B, 0x40, 0xFF, 0xD5, 0xFD, 0xF4, 0xC1, 0x97, 0x52, 0xC2, 0xDD, 0x74, 0xE7,
    0x51, 0x78, 0xB2, 0xB6, 0x1C, 0x63, 0x85, 0xFF, 0x61, 0xDD, 0xD7, 0xDD, 0xD1, 0xFD, 0x16, 0xFA,
    0x51, 0xD3, 0x90, 0xA7, 0xC3, 0x90, 0x35, 0xCB, 0x0C, 0x2F, 0x3B, 0xBF, 0x2B, 0xE6, 0x6B, 0x2E,
    0xE6, 0x5B, 0xBE, 0x96, 0x8F, 0x09, 0xA0, 0xFD, 0xCE, 0x0B, 0x07, 0xD8, 0x47, 0x14, 0x60, 0x98,
    0xDC, 0x03, 0x40, 0x16, 0x9F, 0x01, 0x92, 0xDC, 0x24, 0x56, 0x7F, 0xBB, 0x00, 0x3C, 0xD8, 0x8B,
    0x08, 0xA0, 0xC5, 0x04, 0x00, 0x49, 0xEA, 0x60, 0x6D, 0xDA, 0x91, 0xF7, 0x40, 0x85, 0x75, 0xC5,
    0xB3, 0x49, 0xD3, 0x24, 0x3F, 0x22, 0xCD, 0x92, 0xCD, 0x65, 0xB3, 0x20, 0x71, 0x2F, 0x97, 0x9B,
    0x05, 0x13, 0xD2, 0xEA, 0xD5, 0x65, 0x6B, 0x6E, 0x67, 0x06, 0x86, 0x47, 0x29, 0x81, 0x8C, 0x49,
    0x4D, 0x71, 0x00, 0x8E, 0xE7, 0xF4, 0xC1, 0x04, 0x75, 0x03, 0x07, 0xAE, 0x51, 0x8C, 0x97, 0xF0,
    0x06, 0xC5, 0xD6, 0xDB, 0xCF, 0x12, 0x8D, 0xD7, 0x9A, 0xC3, 0x66, 0x04, 0x89, 0x60, 0x02, 0xA8,
    0x83, 0x09, 0xC8, 0x54, 0x36, 0x95, 0x0B, 0x32, 0xFF, 0xA9, 0x06, 0xE0, 0xF0, 0x73, 0x08, 0x29,
    0x6E, 0x24, 0x29, 0x00, 0x63, 0xC8, 0x60, 0x60, 0xF8, 0xCB, 0xC0, 0xFC, 0x97, 0x81, 0xFB, 0x2F,
    0x83, 0xBC, 0x2D, 0x83, 0x9D, 0x2D, 0x43, 0xFD, 0x7F, 0x06, 0xAD, 0xFD, 0x0C, 0x0C, 0xB6, 0x0C,
    0x40, 0x00, 0x00, 0x5D, 0x8E, 0x21, 0x8C, 0x14, 0x31, 0x18, 0x85, 0xBF, 0x6D, 0x03, 0x2B, 0x56,
    0x8C, 0xC1, 0x90, 0x13, 0xEB, 0x59, 0xB1, 0x5E, 0x4D, 0x13, 0x7C, 0x72, 0xE2, 0xD0, 0x68, 0xC0,
    0xEB, 0x8E, 0x57, 0x08, 0xF0, 0xE6, 0x04, 0xAC, 0x39, 0x2F, 0x48, 0x87, 0xE0, 0x93, 0x1A, 0xD0,
    0x2B, 0xCE, 0x67, 0x44, 0x49, 0x1A, 0xE8, 0xF4, 0xD1, 0x66, 0x02, 0x02, 0xF1, 0xBD, 0x2F, 0x7D,
    0x99, 0x7F, 0xF2, 0x5E, 0x7C, 0x76, 0x00, 0x5E, 0xEB, 0x26, 0xB9, 0xAE, 0x57, 0x61, 0xEE, 0xE2,
    0x18, 0xE9, 0x1A, 0xE2, 0x4D, 0xA6, 0x2B, 0xC8, 0xB5, 0xF2, 0xAB, 0xC2, 0xDC, 0x3E, 0xF9, 0x96,
    0x87, 0xE8, 0x25, 0x5B, 0xC0, 0x2B, 0xEF, 0xF4, 0x88, 0xDF, 0x27, 0xBC, 0x26, 0xDF, 0xAA, 0xA7,
    0xBA, 0xFA, 0xDD, 0x0A, 0xC3, 0xE2, 0x91, 0x4D, 0x87, 0x26, 0xFF, 0x72, 0x7D, 0x7D, 0xF5, 0x8C,
    0xB3, 0x34, 0xF7, 0x5F, 0x9F, 0x2B, 0x00, 0x38, 0xE0, 0xE1, 0x3D, 0x1C, 0x54, 0x61, 0x94, 0x66,
    0xF4, 0x3D, 0x5C, 0x4D, 0x6D, 0xB7, 0xB6, 0xB0, 0x4F, 0xEF, 0xEA, 0x27, 0xB6, 0x81, 0x37, 0x3F,
    0xEF, 0xE0, 0xB0, 0xB0, 0x3D, 0xB7, 0xB0, 0x19, 0x73, 0x6F, 0x0B, 0x87, 0xB4, 0x93, 0x3B, 0x2E,
    0x84, 0xDF, 0x8A, 0x9C, 0x25, 0x87, 0x51, 0x06, 0x9E, 0xC0, 0xDB, 0xCB, 0x65, 0x92, 0x14, 0x3B,
    0xEC, 0x0A, 0x9D, 0x7F, 0x6F, 0x93, 0xA1, 0xCD, 0x3E, 0x69, 0x61, 0xD4, 0xC4, 0xF8, 0x01, 0x46,
    0x3A, 0x5F, 0x18, 0xDD, 0xCA, 0xF9, 0x47, 0x61, 0x50, 0xC6, 0x28, 0xC2, 0x33, 0xE0, 0x0D, 0x40,
    0xFD, 0x2F, 0x7A, 0xB9, 0x2D, 0x7A, 0x84, 0x50, 0x31, 0xE5, 0xB6, 0x3E, 0x37, 0xA5, 0x75, 0x36,
    0x7B, 0xE5, 0x16, 0x15, 0x9B, 0x6E, 0x6B, 0x1F, 0x5F, 0x39, 0xF6, 0x08, 0x11, 0x49, 0x13, 0x52,
    0x85, 0xD0, 0xEF, 0xB8, 0x03, 0x73, 0xF9, 0x88, 0x95, 0x62, 0x23, 0xD9, 0xB4, 0x2F, 0x36, 0xB1,
    0x36, 0xEA, 0x66, 0x53, 0x4E, 0xF5, 0xA1, 0x78, 0x69, 0xF1, 0xAA, 0xAE, 0x75, 0x74, 0xBC, 0x0A,
    0x9D, 0xD3, 0xAF, 0x7B, 0xFE, 0x76, 0x7F, 0x00, 0x8D, 0x92, 0x01, 0xA6, 0x1C, 0x41, 0x10, 0x86,
    0xFF, 0x9E, 0x79, 0x0C, 0x59, 0x74, 0xE0, 0x11, 0x81, 0x81, 0x20, 0x21, 0xD1, 0x27, 0x58, 0xDD,
    0x72, 0x82, 0x07, 0x7B, 0x9B, 0xD8, 0x69, 0x72, 0x80, 0x5C, 0x61, 0x11, 0xC4, 0x9C, 0x21, 0x31,
    0x9D, 0x1B, 0x8C, 0x9C, 0x60, 0x72, 0x83, 0x41, 0xBF, 0x68, 0xD1, 0xB3, 0x95, 0xFA, 0xED, 0x7B,
    0x1B, 0x0F, 0x24, 0xBD, 0x5B, 0xDF, 0xCC, 0xD4, 0x54, 0x55, 0xFD, 0x3F, 0x03, 0xBC, 0x02, 0x80,
    0x6F, 0x1A, 0xCD, 0x59, 0x61, 0x8B, 0xC2, 0xCF, 0x0A, 0x09, 0x40, 0x5B, 0x99, 0xCA, 0x4C, 0x89,
    0x48, 0xFE, 0x8B, 0x5D, 0x7E, 0x6C, 0xC0, 0x14, 0x15, 0x6E, 0x51, 0x74, 0xAC, 0x36, 0x4C, 0xE2,
    0x03, 0xF1, 0x9C, 0x78, 0x46, 0xC0, 0x27, 0x52, 0x56, 0x45, 0x2B, 0x2C, 0xB3, 0x22, 0x97, 0xA9,
    0x09, 0x46, 0xDC, 0xA7, 0x55, 0x9B, 0xDD, 0xC7, 0x8A, 0x7E, 0x75, 0x51, 0x82, 0x4F, 0x2E, 0xFA,
    0x64, 0xE1, 0xA2, 0x05, 0x94, 0xF8, 0x4F, 0x12, 0x4D, 0xE6, 0x8E, 0x0D, 0xA0, 0x83, 0x47, 0x2F,
    0x4F, 0xE4, 0x8A, 0x9E, 0x99, 0x58, 0x88, 0xA7, 0x56, 0x29, 0x70, 0x48, 0x80, 0x11, 0x3C, 0xA4,
    0x0C, 0x53, 0x08, 0xC4, 0x1B, 0x02, 0xC7, 0x7F, 0xF2, 0x85, 0x92, 0xC1, 0xDF, 0x14, 0x8F, 0x46,
    0xE0, 0x96, 0x63, 0x57, 0xB1, 0x2B, 0xC7, 0x7E, 0x55, 0x19, 0x47, 0x6E, 0x98, 0x84, 0x72, 0x7A,
    0x29, 0xCA, 0x4E, 0x16, 0x70, 0x67, 0xBC, 0xCE, 0x31, 0xB8, 0xA1, 0xEC, 0xB8, 0x57, 0xBA, 0x34,
    0x04, 0x60, 0x0A, 0xFD, 0x0C, 0xB3, 0xA1, 0xCB, 0xFC, 0x37, 0x15, 0xFA, 0x88, 0x09, 0x43, 0x04,
    0x7C, 0x92, 0xAB, 0x1D, 0x59, 0x2F, 0xF7, 0x9E, 0xF9, 0x68, 0x17, 0x40, 0xD0, 0x16, 0x5A, 0xC1,
    0x19, 0xBB, 0x15, 0xDA, 0xE0, 0x12, 0xD0, 0xA7, 0x81, 0x7B, 0xC3, 0x5B, 0x5C, 0xCF, 0x67, 0x26,
    0xA8, 0xC9, 0x8B, 0x2E, 0x12, 0x29, 0xB0, 0xE7, 0xB3, 0x84, 0xE1, 0x67, 0x19, 0x96, 0xC1, 0x94,
    0xDD, 0xFA, 0xDA, 0x14, 0x93, 0x60, 0x0A, 0x70, 0x45, 0xD8, 0x9B, 0xD2, 0xCE, 0xD3, 0xF7, 0xE2,
    0x56, 0x77, 0x5F, 0x24, 0xB5, 0x22, 0x1B, 0xAD, 0xAD, 0x80, 0x95, 0x00, 0xCA, 0xC4, 0xED, 0xE1,
    0x70, 0x37, 0x88, 0x64, 0x61, 0xFC, 0x1E, 0x4F, 0x92, 0x01, 0x56, 0x6D, 0x12, 0x50, 0xFD, 0x8C,
    0xDA, 0x67, 0xD4, 0x6E, 0x43, 0x35, 0x12, 0x2A, 0x86, 0x99, 0x1F, 0x41, 0x45, 0xB7, 0x7C, 0x85,
    0x89, 0xE3, 0x38, 0xC6, 0x07, 0x4F, 0xF9, 0xF6, 0x30, 0xB0, 0x33, 0xA3, 0xD5, 0xB0, 0xBF, 0x32,
    0xFC, 0x8F, 0x0C, 0x79, 0x9F, 0xDB, 0xAD, 0xC9, 0x36, 0x37, 0xD9, 0xCF, 0x4D, 0x9E, 0x42, 0x93,
    0xDF, 0xA1, 0xC9, 0x37, 0x30, 0x27, 0xC6, 0x1E, 0xCC, 0xF1, 0xDD, 0xA5, 0x86, 0xB5, 0xEC, 0x61,
    0x2F, 0x67, 0x70, 0x16, 0x67, 0x1E, 0x74, 0x36, 0x77, 0x70, 0x17, 0x77, 0x7E, 0x01, 0x54, 0x4B,
    0xAB, 0x5A, 0xAC, 0x6A, 0xF1, 0x7A, 0x55, 0x6D, 0xAD, 0x6A, 0xB4, 0xF9, 0xA2, 0x59, 0x02, 0x3D,
    0x40, 0xD8, 0x7D, 0x7F, 0xB8, 0x63, 0xEF, 0xA4, 0xF1, 0x72, 0x1C, 0x4F, 0x7F, 0x00, 0x62, 0x60,
    0x05, 0x94, 0x4A, 0x86, 0xC0, 0x59, 0x03, 0x41, 0x18, 0x7D, 0xC9, 0x89, 0x88, 0x13, 0x87, 0xA0,
    0xA6, 0x82, 0x38, 0xC4, 0x3F, 0xC3, 0x44, 0xE1, 0xA0, 0x17, 0x6F, 0xF8, 0x45, 0xEB, 0x7D, 0x0D,
    0x16, 0x01, 0x93, 0x78, 0x43, 0xBD, 0x69, 0x05, 0x2A, 0x08, 0x2C, 0xAA, 0x39, 0xAF, 0xCE, 0xAB,
    0x78, 0x04, 0x27, 0x22, 0xD2, 0x21, 0xC9, 0x92, 0x6D, 0x44, 0x14, 0x8A, 0x9B, 0xB7, 0x6F, 0x92,
    0x9D, 0x6F, 0x6E, 0x26, 0x9B, 0x3D, 0x83, 0x9F, 0xE1, 0xB5, 0x00, 0x55, 0x00, 0x17, 0xA9, 0x7E,
    0x0D, 0x99, 0x48, 0x2A, 0xB6, 0x72, 0xA9, 0x4A, 0x65, 0x70, 0xC9, 0x07, 0x9B, 0x7C, 0xAD, 0xE5,
    0x86, 0xAD, 0xA2, 0x6F, 0xAB, 0xE0, 0x43, 0x53, 0x97, 0x7F, 0x04, 0x2B, 0x33, 0x99, 0x44, 0x00,
    0xC8, 0x1E, 0x00, 0x33, 0x03, 0xC5, 0x02, 0xB8, 0x15, 0x28, 0x05, 0xF0, 0x1F, 0x5B, 0x68, 0x5C,
    0x80, 0x47, 0x3B, 0xC0, 0x6C, 0x12, 0xF9, 0x64, 0x26, 0x4C, 0xCA, 0x66, 0x6C, 0x62, 0xC1, 0x45,
    0x1A, 0xAA, 0x80, 0xAF, 0x7D, 0x4D, 0x15, 0x9A, 0xAE, 0xFB, 0x11, 0x1B, 0x11, 0xD9, 0x75, 0xEA,
    0xBA, 0xEE, 0x4E, 0x9F, 0xD2, 0xB3, 0x6C, 0xA2, 0xA7, 0x48, 0x34, 0xFF, 0xAF, 0xDB, 0xEE, 0x9B,
    0xC8, 0xBC, 0xB1, 0x42, 0xDF, 0x52, 0x25, 0x0A, 0xFD, 0xA0, 0x1A, 0x1F, 0xD1, 0x69, 0x44, 0xFA,
    0x90, 0xAF, 0xB8, 0x49, 0x1B, 0x52, 0xB3, 0xDE, 0x5C, 0xEF, 0xF9, 0x8B, 0x9B, 0xB3, 0x97, 0xC5,
    0xCB, 0xBA, 0x01, 0x90, 0x9D, 0xF5, 0x42, 0x3B, 0xE0, 0x22, 0x65, 0xA0, 0x6A, 0xF1, 0x35, 0x1E,
    0x1A, 0x78, 0x84, 0x05, 0x66, 0xF2, 0x09, 0x33, 0x62, 0xD2, 0x11, 0x74, 0x41, 0xB3, 0xBE, 0x65,
    0x0F, 0x1E, 0xA7, 0x08, 0x6A, 0xA7, 0xE2, 0x95, 0x8A, 0x77, 0x2A, 0x7E, 0xAA, 0x48, 0xAA, 0x3C,
    0xAA, 0x4D, 0x50, 0xDB, 0x5A, 0x5D, 0xAA, 0x78, 0xAF, 0xE2, 0xD3, 0x11, 0xCC, 0x86, 0xAD, 0x92,
    0x06, 0xDD, 0x68, 0x5B, 0x68, 0x66, 0x07, 0xBC, 0x5D, 0xDE, 0x00, 0xC8, 0x67, 0xB5, 0x1F, 0xD5,
    0x55, 0x52, 0xBB, 0xA8, 0xD6, 0x20, 0x1C, 0xC7, 0xAE, 0x46, 0xA8, 0xE4, 0xAB, 0x04, 0x6F, 0xC5,
    0xC6, 0xAB, 0x7C, 0x36, 0xC3, 0xB3, 0xFC, 0xBD, 0xDC, 0xC7, 0x52, 0x3E, 0x48, 0x9B, 0x4F, 0xD9,
    0x13, 0xF0, 0x82, 0x22, 0x51, 0x26, 0xFC, 0x80, 0xAF, 0x8F, 0x21, 0x6C, 0xF4, 0xF0, 0x08, 0x2B,
    0xCA, 0x82, 0x32, 0x93, 0x29, 0xE4, 0x3B, 0x13, 0x66, 0x63, 0xE4, 0x98, 0xD2, 0x7E, 0x4D, 0xE0,
    0x0A, 0x38, 0x53, 0x17, 0x8B, 0x19, 0x4A, 0xF9, 0x1D, 0xBD, 0x48, 0xB8, 0x2A, 0x84, 0x97, 0x5C,
    0xFF, 0xBB, 0x0F, 0xE4, 0xE9, 0xF4, 0xFD, 0x69, 0xFF, 0x47, 0x17, 0xCD, 0x0D, 0x5F, 0x60, 0x66,
    0x7F, 0xDD, 0x70, 0x2D, 0x97, 0xC0, 0xE5, 0x1D, 0x4D, 0x9B, 0xAF, 0xD8, 0x11, 0x1F, 0xF1, 0x01,
    0x37, 0x92, 0x2F, 0xD0, 0xB7, 0x94, 0x03, 0x70, 0xEA, 0x1E, 0x1A, 0x49, 0x1B, 0xA7, 0xAD, 0xA1,
    0xEB, 0x01, 0xFB, 0x7A, 0x54, 0x03, 0x52, 0x9B, 0x05, 0x97, 0xF0, 0x2D, 0xC0, 0x6D, 0x77, 0xD7,
    0x4B, 0xDA, 0xF8, 0x0B, 0x63, 0x00, 0x81, 0xFD, 0xDC, 0x17, 0x98, 0xFF, 0xF3, 0x7F, 0xE0, 0x06,
    0xE1, 0x0F, 0x4C, 0x0D, 0xFC, 0x0F, 0x18, 0x18, 0xF2, 0x7F, 0xAD, 0x9A, 0xB0, 0xFF, 0xFF, 0xFF,
    0x07, 0x20, 0xCC, 0x4F, 0x24, 0x64, 0xD8, 0xCF, 0xFC, 0x85, 0xF9, 0x3F, 0xF3, 0x17, 0x6E, 0x10,
    0xFE, 0xC0, 0xFC, 0x85, 0xFF, 0x01, 0xF3, 0x97, 0xFC, 0x5F, 0xCC, 0x5F, 0xF6, 0xFF, 0x77, 0x06,
    0x61, 0x10, 0x9F, 0x28, 0x0C, 0x00,
};

static const EpdGlyph dmsans_12_boldGlyphs[] = {
    { 0, 0, 240, 0, 0, 0, 0 }, // U+000D
    { 0, 0, 94, 0, 0, 0, 0 }, // U+0020
    { 5, 19, 124, 1, 18, 24, 0 }, // !
    { 8, 6, 147, 1, 19, 12, 24 }, // "
    { 21, 19, 343, 0, 19, 100, 36 }, // #
    { 13, 23, 242, 1, 20, 75, 136 }, // $
    { 21, 19, 361, 1, 18, 100, 211 }, // %
    { 18, 19, 312, 1, 18, 86, 311 }, // &
    { 3, 6, 79, 1, 19, 5, 397 }, // '
    { 9, 25, 162, 1, 21, 57, 402 }, // (
    { 9, 25, 162, 0, 21, 57, 459 }, // )
    { 11, 10, 205, 1, 19, 28, 516 }, // *
    { 13, 12, 232, 1, 13, 39, 544 }, // +
    { 6, 8, 98, 0, 4, 12, 583 }, // ,
    { 12, 4, 230, 1, 9, 12, 595 }, // -
    { 5, 5, 101, 1, 4, 7, 607 }, // .
    { 11, 23, 171, 0, 20, 64, 614 }, // /
    { 16, 19, 282, 1, 18, 76, 678 }, // 0
    { 8, 18, 146, 0, 18, 36, 754 }, // 1
    { 13, 18, 231, 1, 18, 59, 790 }, // 2
    { 13, 19, 241, 1, 18, 62, 849 }, // 3
    { 15, 18, 260, 1, 18, 68, 911 }, // 4
    { 14, 19, 249, 1, 18, 67, 979 }, // 5
    { 14, 19, 254, 1, 18, 67, 1046 }, // 6
    { 13, 18, 215, 0, 18, 59, 1113 }, // 7
    { 14, 19, 253, 1, 18, 67, 1172 }, // 8
    { 14, 19, 254, 1, 18, 67, 1239 }, // 9
    { 5, 14, 102, 1, 13, 18, 1306 }, // :
    { 6, 17, 111, 0, 13, 26, 1324 }, // ;
    { 11, 12, 232, 2, 13, 33, 1350 }, // <
    { 12, 10, 232, 1, 12, 30, 1383 }, // =
    { 11, 12, 232, 2, 13, 33, 1413 }, // >
    { 13, 19, 215, 0, 18, 62, 1446 }, // ?
    { 24, 23, 418, 1, 17, 138, 1508 }, // @
    { 18, 18, 284, 0, 18, 81, 1646 }, // A
    { 14, 18, 255, 1, 18, 63, 1727 }, // B
    { 17, 19, 295, 1, 18, 81, 1790 }, // C
    { 16, 18, 283, 1, 18, 72, 1871 }, // D
    { 13, 18, 233, 1, 18, 59, 1943 }, // E
    { 13, 18, 222, 1, 18, 59, 2002 }, // F
    { 18, 19, 311, 1, 18, 86, 2061 }, // G
    { 16, 18, 286, 1, 18, 72, 2147 }, // H
    { 5, 18, 109, 1, 18, 23, 2219 }, // I
    { 12, 19, 216, 0, 18, 57, 2242 }, // J
    { 15, 18, 261, 1, 18, 68, 2299 }, // K
    { 12, 18, 223, 1, 18, 54, 2367 }, // L
    { 20, 18, 354, 1, 18, 90, 2421 }, // M
    { 16, 18, 292, 1, 18, 72, 2511 }, // N
    { 18, 19, 314, 1, 18, 86, 2583 }, // O
    { 14, 18, 246, 1, 18, 63, 2669 }, // P
    { 18, 21, 314, 1, 18, 95, 2732 }, // Q
    { 14, 18, 252, 1, 18, 63, 2827 }, // R
    { 13, 19, 242, 1, 18, 62, 2890 }, // S
    { 15, 18, 239, 0, 18, 68, 2952 }, // T
    { 15, 19, 274, 1, 18, 72, 3020 }, // U
    { 18, 18, 282, 0, 18, 81, 3092 }, // V
    { 25, 18, 407, 0, 18, 113, 3173 }, // W
    { 16, 18, 268, 0, 18, 72, 3286 }, // X
    { 16, 18, 254, 0, 18, 72, 3358 }, // Y
    { 13, 18, 231, 1, 18, 59, 3430 }, // Z
    { 8, 26, 151, 1, 21, 52, 3489 }, // [
    { 11, 23, 171, 0, 20, 64, 3541 }, // <backslash>
    { 7, 26, 151, 1, 21, 46, 3605 }, // ]
    { 17, 13, 271, 0, 18, 56, 3651 }, // ^
    { 16, 5, 290, 1, 0, 20, 3707 }, // _
    { 6, 7, 94, 0, 20, 11, 3727 }, // `
    { 13, 14, 234, 1, 13, 46, 3738 }, // a
    { 15, 19, 262, 1, 18, 72, 3784 }, // b
    { 13, 14, 243, 1, 13, 46, 3856 }, // c
    { 14, 19, 262, 1, 18, 67, 3902 }, // d
    { 13, 14, 241, 1, 13, 46, 3969 }, // e
    { 9, 18, 148, 0, 18, 41, 4015 }, // f
    { 13, 19, 238, 1, 13, 62, 4056 }, // g
    { 13, 18, 247, 1, 18, 59, 4118 }, // h
    { 5, 19, 110, 1, 19, 24, 4177 }, // i
    { 7, 25, 110, -1, 19, 44, 4201 }, // j
    { 14, 18, 231, 1, 18, 63, 4245 }, // k
    { 5, 18, 107, 1, 18, 23, 4308 }, // l
    { 21, 13, 376, 1, 13, 69, 4331 }, // m
    { 13, 13, 247, 1, 13, 43, 4400 }, // n
    { 13, 14, 244, 1, 13, 46, 4443 }, // o
    { 15, 19, 262, 1, 13, 72, 4489 }, // p
    { 14, 19, 262, 1, 13, 67, 4561 }, // q
    { 9, 13, 164, 1, 13, 30, 4628 }, // r
    { 13, 14, 213, 0, 13, 46, 4658 }, // s
    { 10, 17, 173, 0, 17, 43, 4704 }, // t
    { 13, 14, 246, 1, 13, 46, 4747 }, // u
    { 14, 13, 226, 0, 13, 46, 4793 }, // v
    { 21, 13, 328, 0, 13, 69, 4839 }, // w
    { 14, 13, 228, 0, 13, 46, 4908 }, // x
    { 15, 19, 242, 0, 13, 72, 4954 }, // y
    { 12, 13, 196, 0, 13, 39, 5026 }, // z
    { 9, 26, 188, 2, 21, 59, 5065 }, // {
    { 5, 21, 109, 1, 18, 27, 5124 }, // |
    { 9, 26, 188, 1, 21, 59, 5151 }, // }
    { 14, 6, 232, 0, 11, 21, 5210 }, // ~
    { 0, 0, 94, 0, 0, 0, 0 }, // U+00A0
    { 5, 18, 124, 1, 13, 23, 0 }, // U+00A1
    { 13, 19, 243, 1, 16, 62, 23 }, // U+00A2
    { 14, 18, 251, 1, 18, 63, 85 }, // U+00A3
    { 12, 12, 224, 1, 13, 36, 148 }, // U+00A4
    { 16, 18, 260, 0, 18, 72, 184 }, // U+00A5
    { 5, 21, 109, 1, 18, 27, 256 }, // U+00A6
    { 14, 24, 247, 1, 18, 84, 283 }, // U+00A7
    { 9, 4, 136, 0, 18, 9, 367 }, // U+00A8
    { 18, 19, 314, 1, 18, 86, 376 }, // U+00A9
    { 11, 10, 202, 1, 18, 28, 462 }, // U+00AA
    { 11, 9, 206, 1, 12, 25, 490 }, // U+00AB
    { 16, 7, 232, -1, 11, 28, 515 }, // U+00AC
    { 11, 11, 204, 1, 18, 31, 543 }, // U+00AE
    { 10, 3, 160, 0, 17, 8, 574 }, // U+00AF
    { 9, 8, 145, 0, 18, 18, 582 }, // U+00B0
    { 13, 14, 232, 1, 14, 46, 600 }, // U+00B1
    { 9, 10, 144, 0, 18, 23, 646 }, // U+00B2
    { 9, 10, 142, 0, 18, 23, 669 }, // U+00B3
    { 6, 7, 94, 0, 20, 11, 692 }, // U+00B4
    { 13, 19, 250, 1, 13, 62, 703 }, // U+00B5
    { 15, 21, 261, 0, 18, 79, 765 }, // U+00B6
    { 5, 5, 101, 1, 11, 7, 844 }, // U+00B7
    { 7, 8, 106, 0, 1, 14, 851 }, // U+00B8
    { 5, 10, 95, 0, 18, 13, 865 }, // U+00B9
    { 10, 10, 194, 1, 18, 25, 878 }, // U+00BA
    { 11, 9, 206, 1, 12, 25, 903 }, // U+00BB
    { 21, 19, 335, 0, 18, 100, 928 }, // U+00BC
    { 21, 19, 349, 0, 18, 100, 1028 }, // U+00BD
    { 23, 19, 370, 0, 18, 110, 1128 }, // U+00BE
    { 12, 19, 215, 1, 13, 57, 1238 }, // U+00BF
    { 18, 24, 284, 0, 24, 108, 1295 }, // U+00C0
    { 18, 24, 284, 0, 24, 108, 1403 }, // U+00C1
    { 18, 24, 284, 0, 24, 108, 1511 }, // U+00C2
    { 18, 22, 284, 0, 22, 99, 1619 }, // U+00C3
    { 18, 23, 284, 0, 23, 104, 1718 }, // U+00C4
    { 18, 25, 284, 0, 25, 113, 1822 }, // U+00C5
    { 23, 18, 378, 0, 18, 104, 1935 }, // U+00C6
    { 17, 25, 295, 1, 18, 107, 2039 }, // U+00C7
    { 13, 24, 233, 1, 24, 78, 2146 }, // U+00C8
    { 13, 24, 233, 1, 24, 78, 2224 }, // U+00C9
    { 13, 24, 233, 1, 24, 78, 2302 }, // U+00CA
    { 13, 23, 233, 1, 23, 75, 2380 }, // U+00CB
    { 7, 24, 109, 0, 24, 42, 2455 }, // U+00CC
    { 7, 24, 109, 0, 24, 42, 2497 }, // U+00CD
    { 9, 24, 109, -1, 24, 54, 2539 }, // U+00CE
    { 9, 23, 109, -1, 23, 52, 2593 }, // U+00CF
    { 17, 18, 288, 0, 18, 77, 2645 }, // U+00D0
    { 16, 22, 292, 1, 22, 88, 2722 }, // U+00D1
    { 18, 25, 314, 1, 24, 113, 2810 }, // U+00D2
    { 18, 25, 314, 1, 24, 113, 2923 }, // U+00D3
    { 18, 25, 314, 1, 24, 113, 3036 }, // U+00D4
    { 18, 23, 314, 1, 22, 104, 3149 }, // U+00D5
    { 18, 24, 314, 1, 23, 108, 3253 }, // U+00D6
    { 11, 11, 232, 2, 13, 31, 3361 }, // U+00D7
    { 19, 19, 311, 0, 18, 91, 3392 }, // U+00D8
    { 15, 25, 274, 1, 24, 94, 3483 }, // U+00D9
    { 15, 25, 274, 1, 24, 94, 3577 }, // U+00DA
    { 15, 25, 274, 1, 24, 94, 3671 }, // U+00DB
    { 15, 24, 274, 1, 23, 90, 3765 }, // U+00DC
    { 16, 24, 254, 0, 24, 96, 3855 }, // U+00DD
    { 14, 18, 246, 1, 18, 63, 3951 }, // U+00DE
    { 16, 20, 284, 1, 19, 80, 4014 }, // U+00DF
    { 13, 21, 234, 1, 20, 69, 4094 }, // U+00E0
    { 13, 21, 234, 1, 20, 69, 4163 }, // U+00E1
    { 13, 20, 234, 1, 19, 65, 4232 }, // U+00E2
    { 13, 19, 234, 1, 18, 62, 4297 }, // U+00E3
    { 13, 19, 234, 1, 18, 62, 4359 }, // U+00E4
    { 13, 21, 234, 1, 20, 69, 4421 }, // U+00E5
    { 22, 14, 378, 1, 13, 77, 4490 }, // U+00E6
    { 13, 20, 243, 1, 13, 65, 4567 }, // U+00E7
    { 13, 21, 241, 1, 20, 69, 4632 }, // U+00E8
    { 13, 21, 241, 1, 20, 69, 4701 }, // U+00E9
    { 13, 20, 241, 1, 19, 65, 4770 }, // U+00EA
    { 13, 19, 241, 1, 18, 62, 4835 }, // U+00EB
    { 7, 20, 107, 0, 20, 35, 4897 }, // U+00EC
    { 7, 20, 107, 0, 20, 35, 4932 }, // U+00ED
    { 9, 19, 107, -1, 19, 43, 4967 }, // U+00EE
    { 9, 18, 107, -1, 18, 41, 5010 }, // U+00EF
    { 14, 19, 256, 1, 18, 67, 5051 }, // U+00F0
    { 13, 18, 247, 1, 18, 59, 5118 }, // U+00F1
    { 13, 21, 244, 1, 20, 69, 5177 }, // U+00F2
    { 13, 21, 244, 1, 20, 69, 5246 }, // U+00F3
    { 13, 20, 244, 1, 19, 65, 5315 }, // U+00F4
    { 13, 19, 244, 1, 18, 62, 5380 }, // U+00F5
    { 13, 19, 244, 1, 18, 62, 5442 }, // U+00F6
    { 12, 14, 232, 1, 14, 42, 5504 }, // U+00F7
    { 15, 14, 238, 0, 13, 53, 5546 }, // U+00F8
    { 13, 21, 246, 1, 20, 69, 5599 }, // U+00F9
    { 13, 21, 246, 1, 20, 69, 5668 }, // U+00FA
    { 13, 20, 246, 1, 19, 65, 5737 }, // U+00FB
    { 13, 19, 246, 1, 18, 62, 5802 }, // U+00FC
    { 15, 26, 242, 0, 20, 98, 5864 }, // U+00FD
    { 15, 24, 262, 1, 18, 90, 5962 }, // U+00FE
    { 15, 24, 242, 0, 18, 90, 6052 }, // U+00FF
    { 18, 22, 284, 0, 22, 99, 0 }, // U+0100
    { 13, 19, 234, 1, 18, 62, 99 }, // U+0101
    { 18, 23, 284, 0, 23, 104, 161 }, // U+0102
    { 13, 20, 234, 1, 19, 65, 265 }, // U+0103
    { 18, 24, 284, 0, 18, 108, 330 }, // U+0104
    { 13, 19, 234, 1, 13, 62, 438 }, // U+0105
    { 17, 25, 295, 1, 24, 107, 500 }, // U+0106
    { 13, 21, 243, 1, 20, 69, 607 }, // U+0107
    { 17, 24, 295, 1, 23, 102, 676 }, // U+010A
    { 13, 19, 243, 1, 18, 62, 778 }, // U+010B
    { 17, 25, 295, 1, 24, 107, 840 }, // U+010C
    { 13, 20, 243, 1, 19, 65, 947 }, // U+010D
    { 16, 24, 283, 1, 24, 96, 1012 }, // U+010E
    { 18, 20, 304, 1, 19, 90, 1108 }, // U+010F
    { 17, 18, 288, 0, 18, 77, 1198 }, // U+0110
    { 16, 19, 274, 1, 18, 76, 1275 }, // U+0111
    { 13, 22, 233, 1, 22, 72, 1351 }, // U+0112
    { 13, 19, 241, 1, 18, 62, 1423 }, // U+0113
    { 13, 23, 233, 1, 23, 75, 1485 }, // U+0114
    { 13, 20, 241, 1, 19, 65, 1560 }, // U+0115
    { 13, 23, 233, 1, 23, 75, 1625 }, // U+0116
    { 13, 19, 241, 1, 18, 62, 1700 }, // U+0117
    { 13, 24, 233, 1, 18, 78, 1762 }, // U+0118
    { 13, 19, 241, 1, 13, 62, 1840 }, // U+0119
    { 13, 24, 233, 1, 24, 78, 1902 }, // U+011A
    { 13, 20, 241, 1, 19, 65, 1980 }, // U+011B
    { 18, 24, 311, 1, 23, 108, 2045 }, // U+011E
    { 13, 25, 238, 1, 19, 82, 2153 }, // U+011F
    { 18, 24, 311, 1, 23, 108, 2235 }, // U+0120
    { 13, 24, 238, 1, 18, 78, 2343 }, // U+0121
    { 18, 25, 311, 1, 18, 113, 2421 }, // U+0122
    { 13, 26, 238, 1, 20, 85, 2534 }, // U+0123
    { 19, 18, 309, 0, 18, 86, 2619 }, // U+0126
    { 15, 18, 259, 0, 18, 68, 2705 }, // U+0127
    { 9, 22, 109, -1, 22, 50, 2773 }, // U+0128
    { 10, 18, 107, -2, 18, 45, 2823 }, // U+0129
    { 11, 22, 109, -2, 22, 61, 2868 }, // U+012A
    { 11, 18, 107, -2, 18, 50, 2929 }, // U+012B
    { 9, 23, 109, -1, 23, 52, 2979 }, // U+012C
    { 9, 19, 107, -1, 19, 43, 3031 }, // U+012D
    { 7, 24, 109, -1, 18, 42, 3074 }, // U+012E
    { 7, 24, 107, -1, 18, 42, 3116 }, // U+012F
    { 5, 23, 109, 1, 23, 29, 3158 }, // U+0130
    { 5, 13, 107, 1, 13, 17, 3187 }, // U+0131
    { 17, 19, 311, 1, 18, 81, 3204 }, // U+0132
    { 11, 25, 206, 1, 19, 69, 3285 }, // U+0133
    { 15, 25, 261, 1, 18, 94, 3354 }, // U+0136
    { 14, 25, 231, 1, 18, 88, 3448 }, // U+0137
    { 13, 24, 223, 0, 24, 78, 3536 }, // U+0139
    { 7, 25, 107, 0, 25, 44, 3614 }, // U+013A
    { 12, 25, 223, 1, 18, 75, 3658 }, // U+013B
    { 5, 25, 107, 1, 18, 32, 3733 }, // U+013C
    { 12, 19, 223, 1, 19, 57, 3765 }, // U+013D
    { 9, 19, 149, 1, 19, 43, 3822 }, // U+013E
    { 12, 18, 223, 1, 18, 54, 3865 }, // U+013F
    { 10, 18, 183, 1, 18, 45, 3919 }, // U+0140
    { 14, 18, 233, 0, 18, 63, 3964 }, // U+0141
    { 8, 18, 118, 0, 18, 36, 4027 }, // U+0142
    { 16, 24, 292, 1, 24, 96, 4063 }, // U+0143
    { 13, 20, 247, 1, 20, 65, 4159 }, // U+0144
    { 16, 25, 292, 1, 18, 100, 4224 }, // U+0145
    { 13, 20, 247, 1, 13, 65, 4324 }, // U+0146
    { 16, 24, 292, 1, 24, 96, 4389 }, // U+0147
    { 13, 19, 247, 1, 19, 62, 4485 }, // U+0148
    { 16, 24, 292, 1, 18, 96, 4547 }, // U+014A
    { 13, 19, 243, 1, 13, 62, 4643 }, // U+014B
    { 18, 23, 314, 1, 22, 104, 4705 }, // U+014C
    { 13, 19, 244, 1, 18, 62, 4809 }, // U+014D
    { 18, 24, 314, 1, 23, 108, 4871 }, // U+014E
    { 13, 20, 244, 1, 19, 65, 4979 }, // U+014F
    { 18, 25, 314, 1, 24, 113, 5044 }, // U+0150
    { 13, 20, 244, 1, 19, 65, 5157 }, // U+0151
    { 26, 19, 439, 1, 18, 124, 5222 }, // U+0152
    { 23, 14, 390, 1, 13, 81, 5346 }, // U+0153
    { 14, 24, 252, 1, 24, 84, 5427 }, // U+0154
    { 9, 20, 164, 1, 20, 45, 5511 }, // U+0155
    { 14, 25, 252, 1, 18, 88, 5556 }, // U+0156
    { 9, 20, 164, 1, 13, 45, 5644 }, // U+0157
    { 14, 24, 252, 1, 24, 84, 5689 }, // U+0158
    { 9, 19, 164, 1, 19, 43, 5773 }, // U+0159
    { 13, 25, 242, 1, 24, 82, 5816 }, // U+015A
    { 13, 21, 213, 0, 20, 69, 5898 }, // U+015B
    { 13, 25, 242, 1, 18, 82, 5967 }, // U+015E
    { 13, 20, 213, 0, 13, 65, 6049 }, // U+015F
    { 13, 25, 242, 1, 24, 82, 6114 }, // U+0160
    { 13, 20, 213, 0, 19, 65, 6196 }, // U+0161
    { 15, 25, 239, 0, 18, 94, 6261 }, // U+0162
    { 12, 24, 173, 0, 17, 72, 6355 }, // U+0163
    { 15, 23, 239, 0, 23, 87, 6427 }, // U+0164
    { 11, 20, 173, 0, 20, 55, 6514 }, // U+0165
    { 15, 23, 274, 1, 22, 87, 6569 }, // U+0168
    { 13, 19, 246, 1, 18, 62, 6656 }, // U+0169
    { 15, 23, 274, 1, 22, 87, 6718 }, // U+016A
    { 13, 19, 246, 1, 18, 62, 6805 }, // U+016B
    { 15, 24, 274, 1, 23, 90, 6867 }, // U+016C
    { 13, 20, 246, 1, 19, 65, 6957 }, // U+016D
    { 15, 26, 274, 1, 25, 98, 7022 }, // U+016E
    { 13, 21, 246, 1, 20, 69, 7120 }, // U+016F
    { 15, 25, 274, 1, 24, 94, 7189 }, // U+0170
    { 13, 20, 246, 1, 19, 65, 7283 }, // U+0171
    { 15, 24, 274, 1, 18, 90, 7348 }, // U+0172
    { 13, 19, 246, 1, 13, 62, 7438 }, // U+0173
    { 25, 24, 407, 0, 24, 150, 7500 }, // U+0174
    { 21, 19, 328, 0, 19, 100, 7650 }, // U+0175
    { 16, 24, 254, 0, 24, 96, 7750 }, // U+0176
    { 15, 25, 242, 0, 19, 94, 7846 }, // U+0177
    { 16, 23, 254, 0, 23, 92, 7940 }, // U+0178
    { 13, 24, 231, 1, 24, 78, 8032 }, // U+0179
    { 12, 20, 196, 0, 20, 60, 8110 }, // U+017A
    { 13, 23, 231, 1, 23, 75, 8170 }, // U+017B
    { 12, 18, 196, 0, 18, 54, 8245 }, // U+017C
    { 13, 24, 231, 1, 24, 78, 8299 }, // U+017D
    { 12, 19, 196, 0, 19, 57, 8377 }, // U+017E
    { 23, 24, 378, 0, 24, 138, 0 }, // U+01FC
    { 22, 21, 378, 1, 20, 116, 138 }, // U+01FD
    { 13, 25, 242, 1, 18, 82, 254 }, // U+0218
    { 13, 20, 213, 0, 13, 65, 336 }, // U+0219
    { 15, 25, 239, 0, 18, 94, 401 }, // U+021A
    { 10, 24, 173, 0, 17, 60, 495 }, // U+021B
    { 6, 7, 0, 0, 20, 11, 0 }, // U+0300
    { 6, 7, 0, 0, 20, 11, 11 }, // U+0301
    { 8, 6, 0, 0, 19, 12, 22 }, // U+0302
    { 9, 4, 0, 0, 18, 9, 34 }, // U+0303
    { 10, 4, 0, 0, 18, 10, 43 }, // U+0304
    { 8, 5, 0, 0, 19, 10, 53 }, // U+0306
    { 4, 4, 0, 0, 18, 4, 63 }, // U+0307
    { 8, 4, 0, 0, 18, 8, 67 }, // U+0308
    { 6, 6, 0, 0, 20, 9, 75 }, // U+030A
    { 10, 6, 0, 0, 19, 15, 84 }, // U+030B
    { 8, 5, 0, 0, 19, 10, 99 }, // U+030C
    { 3, 6, 0, 0, 20, 5, 109 }, // U+0312
    { 4, 6, 0, 0, -1, 6, 114 }, // U+0326
    { 7, 8, 0, 0, 1, 14, 120 }, // U+0327
    { 6, 8, 0, 0, 2, 12, 134 }, // U+0328
    { 13, 22, 233, 1, 22, 72, 0 }, // U+1EBC
    { 13, 19, 241, 1, 18, 62, 72 }, // U+1EBD
    { 16, 24, 254, 0, 24, 96, 134 }, // U+1EF2
    { 15, 26, 242, 0, 20, 98, 230 }, // U+1EF3
    { 16, 22, 254, 0, 22, 88, 328 }, // U+1EF8
    { 15, 24, 242, 0, 18, 90, 416 }, // U+1EF9
    { 15, 4, 278, 1, 9, 15, 0 }, // U+2013
    { 21, 4, 367, 1, 9, 21, 15 }, // U+2014
    { 6, 7, 102, 0, 18, 11, 36 }, // U+2018
    { 6, 7, 102, 0, 18, 11, 47 }, // U+2019
    { 6, 7, 102, 0, 4, 11, 58 }, // U+201A
    { 11, 7, 181, 0, 18, 20, 69 }, // U+201C
    { 11, 7, 181, 0, 18, 20, 89 }, // U+201D
    { 11, 7, 182, 0, 4, 20, 109 }, // U+201E
    { 13, 27, 241, 1, 20, 88, 129 }, // U+2020
    { 13, 27, 242, 1, 20, 88, 217 }, // U+2021
    { 8, 8, 155, 1, 12, 16, 305 }, // U+2022
    { 16, 5, 275, 1, 4, 20, 321 }, // U+2026
    { 30, 19, 512, 1, 18, 143, 341 }, // U+2030
    { 6, 9, 124, 1, 12, 14, 484 }, // U+2039
    { 6, 9, 124, 1, 12, 14, 498 }, // U+203A
    { 15, 18, 205, -1, 18, 68, 512 }, // U+2044
    { 9, 10, 140, 0, 18, 23, 0 }, // U+2074
    { 26, 19, 450, 1, 18, 124, 0 }, // U+20A8
    { 19, 19, 316, 0, 18, 91, 124 }, // U+20AC
    { 14, 19, 246, 1, 18, 67, 215 }, // U+20B9
    { 19, 19, 330, 0, 18, 91, 282 }, // U+20BA
    { 16, 18, 262, 0, 18, 72, 373 }, // U+20BD
    { 19, 19, 312, 0, 18, 91, 0 }, // U+2190
    { 22, 18, 351, 0, 18, 99, 91 }, // U+2191
    { 18, 19, 312, 1, 18, 86, 190 }, // U+2192
    { 21, 18, 356, 1, 18, 95, 276 }, // U+2193
    { 22, 19, 381, 1, 18, 105, 371 }, // U+2194
    { 19, 18, 326, 1, 18, 86, 476 }, // U+2195
    { 15, 15, 263, 1, 16, 57, 562 }, // U+2196
    { 15, 15, 261, 1, 16, 57, 619 }, // U+2197
    { 15, 15, 263, 1, 16, 57, 676 }, // U+2198
    { 15, 15, 263, 1, 16, 57, 733 }, // U+2199
    { 14, 20, 238, 0, 19, 70, 0 }, // U+2202
    { 18, 18, 286, 0, 18, 81, 70 }, // U+2206
    { 18, 18, 295, 0, 18, 81, 151 }, // U+220F
    { 11, 20, 200, 1, 18, 55, 232 }, // U+2211
    { 12, 4, 232, 1, 9, 12, 287 }, // U+2212
    { 11, 23, 170, 0, 20, 64, 299 }, // U+2215
    { 22, 25, 317, 0, 23, 138, 363 }, // U+221A
    { 18, 9, 296, 0, 12, 41, 501 }, // U+221E
    { 11, 30, 111, -2, 24, 83, 542 }, // U+222B
    { 14, 12, 232, 0, 13, 42, 625 }, // U+2248
    { 12, 13, 232, 1, 14, 39, 667 }, // U+2260
    { 11, 14, 232, 2, 14, 39, 706 }, // U+2264
    { 11, 14, 232, 2, 14, 39, 745 }, // U+2265
    { 14, 19, 244, 0, 19, 67, 0 }, // U+FB01
    { 15, 18, 255, 0, 18, 68, 67 }, // U+FB02
};

static const EpdUnicodeInterval dmsans_12_boldIntervals[] = {
    { 0xD, 0xD, 0x0 },
    { 0x20, 0x7E, 0x1 },
    { 0xA0, 0xAC, 0x60 },
    { 0xAE, 0x107, 0x6D },
    { 0x10A, 0x11B, 0xC7 },
    { 0x11E, 0x123, 0xD9 },
    { 0x126, 0x133, 0xDF },
    { 0x136, 0x137, 0xED },
    { 0x139, 0x148, 0xEF },
    { 0x14A, 0x15B, 0xFF },
    { 0x15E, 0x165, 0x111 },
    { 0x168, 0x17E, 0x119 },
    { 0x1FC, 0x1FD, 0x130 },
    { 0x218, 0x21B, 0x132 },
    { 0x300, 0x304, 0x136 },
    { 0x306, 0x308, 0x13B },
    { 0x30A, 0x30C, 0x13E },
    { 0x312, 0x312, 0x141 },
    { 0x326, 0x328, 0x142 },
    { 0x1EBC, 0x1EBD, 0x145 },
    { 0x1EF2, 0x1EF3, 0x147 },
    { 0x1EF8, 0x1EF9, 0x149 },
    { 0x2013, 0x2014, 0x14B },
    { 0x2018, 0x201A, 0x14D },
    { 0x201C, 0x201E, 0x150 },
    { 0x2020, 0x2022, 0x153 },
    { 0x2026, 0x2026, 0x156 },
    { 0x2030, 0x2030, 0x157 },
    { 0x2039, 0x203A, 0x158 },
    { 0x2044, 0x2044, 0x15A },
    { 0x2074, 0x2074, 0x15B },
    { 0x20A8, 0x20A8, 0x15C },
    { 0x20AC, 0x20AC, 0x15D },
    { 0x20B9, 0x20BA, 0x15E },
    { 0x20BD, 0x20BD, 0x160 },
    { 0x2190, 0x2199, 0x161 },
    { 0x2202, 0x2202, 0x16B },
    { 0x2206, 0x2206, 0x16C },
    { 0x220F, 0x220F, 0x16D },
    { 0x2211, 0x2212, 0x16E },
    { 0x2215, 0x2215, 0x170 },
    { 0x221A, 0x221A, 0x171 },
    { 0x221E, 0x221E, 0x172 },
    { 0x222B, 0x222B, 0x173 },
    { 0x2248, 0x2248, 0x174 },
    { 0x2260, 0x2260, 0x175 },
    { 0x2264, 0x2265, 0x176 },
    { 0xFB01, 0xFB02, 0x178 },
};

static const EpdFontGroup dmsans_12_boldGroups[] = {
    { 0, 2639, 5962, 96, 0 },
    { 2639, 2265, 7029, 95, 96 },
    { 4904, 2570, 9660, 113, 191 },
    { 7474, 321, 622, 6, 304 },
    { 7795, 155, 170, 15, 310 },
    { 7950, 243, 548, 6, 325 },
    { 8193, 323, 657, 16, 331 },
    { 8516, 31, 30, 1, 347 },
    { 8547, 293, 471, 5, 348 },
    { 8840, 438, 850, 10, 353 },
    { 9278, 438, 857, 13, 363 },
    { 9716, 66, 148, 2, 376 },
};

static const uint16_t dmsans_12_boldKernLeftCodepoints[] = {
    0x0021, 0x0022, 0x0024, 0x0026, 0x0027, 0x0028, 0x002A, 0x002B, 0x002C, 0x002D, 0x002E, 0x002F,
    0x0030, 0x0032, 0x0033, 0x0034, 0x0035, 0x0036, 0x0037, 0x0038, 0x0039, 0x003A, 0x003B, 0x003C,
    0x003E, 0x003F, 0x0040, 0x0041, 0x0042, 0x0043, 0x0044, 0x0046, 0x0047, 0x004A, 0x004B, 0x004C,
    0x004F, 0x0050, 0x0052, 0x0053, 0x0054, 0x0055, 0x0056, 0x0057, 0x0058, 0x0059, 0x005A, 0x005C,
    0x005F, 0x0061, 0x0062, 0x0063, 0x0065, 0x0066, 0x0067, 0x0068, 0x006B, 0x006D, 0x006E, 0x006F,
    0x0070, 0x0071, 0x0072, 0x0073, 0x0074, 0x0076, 0x0077, 0x0078, 0x0079, 0x007A, 0x007B, 0x007D,
    0x00A1, 0x00A5, 0x00AB, 0x00BF, 0x00C0, 0x00C1, 0x00C2, 0x00C3, 0x00C4, 0x00C5, 0x00C7, 0x00D0,
    0x00D2, 0x00D3, 0x00D4, 0x00D5, 0x00D6, 0x00D7, 0x00D8, 0x00D9, 0x00DA, 0x00DB, 0x00DC, 0x00DD,
    0x00DE, 0x00DF, 0x00E0, 0x00E1, 0x00E2, 0x00E3, 0x00E4, 0x00E5, 0x00E6, 0x00E7, 0x00E8, 0x00E9,
    0x00EA, 0x00EB, 0x00F1, 0x00F2, 0x00F3, 0x00F4, 0x00F5, 0x00F6, 0x00F7, 0x00F8, 0x00FD, 0x00FE,
    0x00FF, 0x0100, 0x0101, 0x0102, 0x0103, 0x0104, 0x0105, 0x0106, 0x0107, 0x010A, 0x010B, 0x010C,
    0x010D, 0x010E, 0x0110, 0x0111, 0x0113, 0x0115, 0x0117, 0x0119, 0x011B, 0x011E, 0x011F, 0x0120,
    0x0121, 0x0123, 0x0136, 0x0137, 0x0139, 0x013B, 0x013D, 0x013F, 0x0141, 0x0144, 0x0146, 0x0148,
    0x014C, 0x014D, 0x014E, 0x014F, 0x0150, 0x0151, 0x0153, 0x0154, 0x0155, 0x0157, 0x0158, 0x0159,
    0x015A, 0x015B, 0x015E, 0x015F, 0x0160, 0x0161, 0x0162, 0x0163, 0x0164, 0x0165, 0x0168, 0x016A,
    0x016C, 0x016E, 0x0170, 0x0172, 0x0174, 0x0175, 0x0176, 0x0177, 0x0178, 0x0179, 0x017A, 0x017B,
    0x017C, 0x017D, 0x017E, 0x01FD, 0x0219, 0x021A, 0x021B, 0x1EBD, 0x1EF2, 0x1EF3, 0x1EF8, 0x1EF9,
    0x2013, 0x2014, 0x2018, 0x2019, 0x201A, 0x201C, 0x201D, 0x201E, 0x2026, 0x2039, 0x20AC, 0x20BD,
    0x2212, 0x221A,
};

static const uint8_t dmsans_12_boldKernLeftClassIds[] = {
      1,   2,   3,   4,   2,   5,   6,   7,   8,   9,  10,  11,  12,  13,  14,  15,
     16,  17,  18,  19,  20,  21,  22,  23,  24,  25,  26,  27,  28,  29,  30,  31,
     32,  33,  34,  35,  30,  36,  37,   3,  38,  39,  40,  41,  42,  43,  44,  45,
     46,  47,  48,  49,  50,  51,  52,  53,  54,  53,  53,  48,  48,  55,  56,  57,
     58,  59,  60,  61,  62,  63,  64,  65,  66,  67,  68,  69,  27,  27,  27,  27,
     27,  27,  29,  30,  30,  30,  30,  30,  30,  70,  71,  39,  39,  39,  39,  43,
     72,  73,  47,  47,  47,  47,  47,  47,  50,  49,  50,  50,  50,  50,  53,  48,
     48,  48,  48,  48,  74,  75,  62,  48,  62,  27,  47,  27,  47,  27,  47,  29,
     49,  29,  49,  29,  49,  30,  30,  48,  50,  50,  50,  50,  50,  32,  52,  32,
     52,  52,  34,  54,  35,  35,  35,  35,  35,  53,  53,  53,  30,  48,  30,  48,
     30,  48,  50,  37,  56,  56,  37,  56,   3,  76,   3,  76,   3,  76,  38,  58,
     38,  58,  39,  39,  39,  39,  39,  39,  41,  60,  43,  62,  43,  44,  63,  44,
     63,  44,  63,  50,  76,  38,  58,  50,  43,  62,  43,  62,   9,   9,  77,  78,
     79,  77,  78,  79,  10,  68,  29,  80,   9,  81,
};

static const uint16_t dmsans_12_boldKernRightCodepoints[] = {
    0x0021, 0x0022, 0x0023, 0x0024, 0x0025, 0x0026, 0x0027, 0x0029, 0x002A, 0x002B, 0x002C, 0x002D,
    0x002E, 0x002F, 0x0030, 0x0031, 0x0032, 0x0033, 0x0034, 0x0035, 0x0036, 0x0037, 0x0038, 0x0039,
    0x003A, 0x003B, 0x003C, 0x003E, 0x003F, 0x0040, 0x0041, 0x0042, 0x0043, 0x0044, 0x0045, 0x0046,
    0x0047, 0x0048, 0x0049, 0x004A, 0x004B, 0x004C, 0x004D, 0x004E, 0x004F, 0x0050, 0x0051, 0x0052,
    0x0053, 0x0054, 0x0055, 0x0056, 0x0057, 0x0058, 0x0059, 0x005A, 0x005C, 0x005F, 0x0061, 0x0063,
    0x0064, 0x0065, 0x0066, 0x0067, 0x006A, 0x006D, 0x006E, 0x006F, 0x0070, 0x0071, 0x0072, 0x0073,
    0x0074, 0x0075, 0x0076, 0x0077, 0x0078, 0x0079, 0x007A, 0x007B, 0x007C, 0x007D, 0x00A1, 0x00A2,
    0x00A6, 0x00AB, 0x00BF, 0x00C0, 0x00C1, 0x00C2, 0x00C3, 0x00C4, 0x00C5, 0x00C6, 0x00C7, 0x00C8,
    0x00C9, 0x00CA, 0x00CB, 0x00CC, 0x00CD, 0x00CE, 0x00CF, 0x00D1, 0x00D2, 0x00D3, 0x00D4, 0x00D5,
    0x00D6, 0x00D7, 0x00D8, 0x00D9, 0x00DA, 0x00DB, 0x00DC, 0x00DD, 0x00DE, 0x00E0, 0x00E1, 0x00E2,
    0x00E3, 0x00E4, 0x00E5, 0x00E6, 0x00E7, 0x00E8, 0x00E9, 0x00EA, 0x00EB, 0x00F0, 0x00F1, 0x00F2,
    0x00F3, 0x00F4, 0x00F5, 0x00F6, 0x00F7, 0x00F8, 0x00F9, 0x00FA, 0x00FB, 0x00FC, 0x00FD, 0x00FF,
    0x0100, 0x0101, 0x0102, 0x0103, 0x0104, 0x0105, 0x0106, 0x0107, 0x010A, 0x010B, 0x010C, 0x010D,
    0x010E, 0x010F, 0x0111, 0x0112, 0x0113, 0x0114, 0x0115, 0x0116, 0x0117, 0x0118, 0x0119, 0x011A,
    0x011B, 0x011E, 0x011F, 0x0120, 0x0121, 0x0123, 0x0128, 0x012A, 0x012C, 0x0130, 0x0131, 0x0136,
    0x0139, 0x013B, 0x013D, 0x013F, 0x0141, 0x0143, 0x0144, 0x0146, 0x0147, 0x0148, 0x014C, 0x014D,
    0x014E, 0x014F, 0x0150, 0x0151, 0x0152, 0x0153, 0x0154, 0x0155, 0x0157, 0x0158, 0x0159, 0x015A,
    0x015B, 0x015E, 0x015F, 0x0160, 0x0161, 0x0162, 0x0163, 0x0164, 0x0165, 0x0168, 0x0169, 0x016A,
    0x016B, 0x016C, 0x016D, 0x016E, 0x016F, 0x0170, 0x0171, 0x0172, 0x0173, 0x0174, 0x0175, 0x0176,
    0x0177, 0x0178, 0x0179, 0x017A, 0x017B, 0x017C, 0x017D, 0x017E, 0x01FC, 0x01FD, 0x0219, 0x021A,
    0x021B, 0x1EBC, 0x1EBD, 0x1EF2, 0x1EF3, 0x1EF8, 0x1EF9, 0x2013, 0x2014, 0x2018, 0x2019, 0x201A,
    0x201C, 0x201D, 0x201E, 0x2026, 0x2030, 0x2039, 0x2212, 0x221A,
};

static const uint8_t dmsans_12_boldKernRightClassIds[] = {
      1,   2,   3,   4,   5,   6,   2,   7,   8,   9,  10,  11,  12,  13,  14,  15,
     16,  17,  18,  19,  20,  21,  22,  23,  24,  25,  26,  27,  28,  29,  30,  31,
     32,  31,  31,  31,  32,  31,  31,  33,  31,  31,  31,  31,  32,  31,  32,  31,
      4,  34,  35,  36,  37,  38,  39,  40,  41,  42,  43,  44,  44,  44,  45,  46,
     47,  48,  48,  44,  49,  44,  48,  50,  51,  52,  53,  54,  55,  56,  57,  58,
     31,  59,  60,  61,  31,  62,  63,  30,  30,  30,  30,  30,  30,  64,  32,  31,
     31,  31,  31,  31,  31,  65,  66,  31,  32,  32,  32,  32,  32,  67,  68,  35,
     35,  35,  35,  39,  31,  43,  43,  43,  43,  43,  43,  43,  44,  44,  44,  44,
     44,  44,  48,  44,  44,  44,  44,  44,  69,  70,  52,  52,  52,  52,  56,  56,
     30,  43,  30,  43,  30,  43,  32,  44,  32,  44,  32,  44,  31,  44,  44,  31,
     44,  31,  44,  31,  44,  31,  44,  31,  44,  32,  46,  32,  46,  46,  31,  71,
     31,  31,  48,  31,  31,  31,  31,  31,  72,  31,  48,  48,  31,  48,  32,  44,
     32,  44,  32,  44,  32,  44,  31,  48,  48,  31,  48,   4,  73,   4,  73,   4,
     73,  34,  51,  34,  51,  35,  52,  35,  52,  35,  52,  35,  52,  35,  52,  35,
     52,  37,  54,  39,  56,  39,  40,  57,  40,  57,  40,  57,  64,  43,  73,  34,
     51,  31,  44,  39,  56,  39,  56,  11,  11,  74,  75,  76,  74,  75,  76,  12,
      5,  62,  11,  77,
};

static const uint16_t dmsans_12_boldKernRowOffsets[] = {
        0,     1,    10,    14,    31,    45,    62,    69,    80,    88,   107,   142,   157,   175,   190,   199,
      219,   239,   279,   298,   316,   318,   320,   322,   326,   338,   365,   398,   406,   413,   429,   443,
      444,   446,   467,   493,   513,   524,   565,   570,   605,   640,   659,   700,   702,   722,   741,   748,
      764,   771,   782,   790,   793,   798,   802,   804,   812,   823,   826,   841,   850,   852,   867,   868,
      870,   877,   881,   882,   883,   895,   904,   907,   915,   920,   922,   923,   934,   941,   950,   952,
      953,   954,
};

static const uint8_t dmsans_12_boldKernSparseCols[] = {
      7,  17,  18,  20,  28,  29,  32,  43,  45,  63,  33,  35,  36,  38,   1,   4,
      7,  17,  20,  22,  27,  31,  33,  35,  36,  38,  40,  52,  53,  55,  74,   5,
     13,  17,  19,  21,  22,  28,  29,  31,  42,  43,  49,  50,  72,   0,   5,  12,
     17,  18,  19,  21,  28,  29,  32,  41,  42,  43,  49,  62,  63,  72,  12,  20,
     29,  33,  35,  36,  38,   4,  31,  33,  35,  36,  38,  40,  50,  52,  53,  55,
     12,  20,  29,  33,  35,  36,  38,  40,   4,  13,  14,  19,  20,  22,  25,  27,
     31,  33,  34,  35,  36,  38,  40,  52,  53,  55,  57,   5,   7,   8,   9,  10,
     11,  12,  13,  16,  17,  18,  19,  21,  22,  28,  30,  31,  32,  33,  35,  36,
     38,  41,  42,  43,  45,  47,  49,  62,  64,  65,  67,  70,  72,  75,   6,   9,
     11,  12,  15,  20,  29,  33,  35,  36,  37,  38,  40,  41,  63,   2,   8,  13,
     17,  20,  21,  22,  31,  33,  35,  36,  38,  43,  44,  52,  54,  66,  68,   4,
      7,  12,  14,  20,  22,  28,  29,  33,  35,  36,  37,  38,  40,  63,   4,   5,
      7,  33,  35,  36,  38,  55,  76,   1,   2,   7,  12,  15,  20,  22,  28,  29,
     33,  35,  36,  37,  38,  41,  45,  53,  55,  63,  74,   4,   6,   7,  11,  12,
     15,  18,  20,  22,  28,  29,  33,  35,  36,  37,  38,  40,  41,  45,  63,   1,
      5,   8,   9,  10,  11,  12,  13,  14,  15,  16,  17,  18,  19,  21,  22,  24,
     25,  28,  29,  31,  32,  35,  36,  41,  42,  43,  44,  45,  47,  48,  49,  60,
     61,  62,  66,  67,  68,  72,  75,   6,   7,  12,  14,  15,  20,  22,  28,  29,
     33,  35,  36,  37,  38,  40,  41,  53,  63,  74,   6,  11,  12,  14,  15,  16,
     20,  21,  29,  33,  35,  36,  37,  38,  40,  41,  63,  71,  35,  38,  33,  38,
      6,  28,   6,  11,  20,  28,   6,   9,  11,  12,  28,  29,  32,  37,  41,  62,
     63,  75,   1,   4,   6,   7,   9,  11,  12,  14,  15,  16,  17,  20,  21,  25,
     26,  27,  29,  33,  35,  36,  37,  38,  40,  41,  53,  55,  63,   1,   6,   7,
      8,  10,  13,  14,  16,  17,  18,  19,  20,  21,  22,  27,  28,  31,  33,  34,
     35,  36,  38,  40,  42,  43,  44,  50,  51,  52,  53,  55,  57,  66,  22,  29,
     33,  35,  36,  37,  38,  63,   6,  29,  33,  36,  37,  38,  63,   6,   9,  11,
     12,  15,  20,  29,  33,  35,  36,  37,  38,  40,  41,  58,  63,   5,   9,  11,
     21,  28,  29,  32,  41,  42,  43,  49,  63,  66,  72,  38,  11,  29,   5,   8,
     10,  13,  16,  17,  19,  21,  22,  27,  31,  42,  43,  49,  50,  51,  52,  53,
     55,  61,  72,   1,   3,   4,   7,   8,  10,  13,  14,  17,  18,  19,  20,  22,
     27,  31,  33,  34,  35,  36,  38,  40,  43,  50,  52,  53,  55,   5,   6,   8,
      9,  11,  12,  17,  18,  21,  28,  29,  32,  37,  38,  39,  41,  42,  43,  45,
     63,   8,  17,  18,  21,  35,  36,  38,  42,  43,  49,  72,   3,   5,   8,   9,
     10,  11,  12,  13,  15,  16,  17,  21,  22,  24,  27,  28,  29,  31,  32,  40,
     41,  42,  43,  45,  47,  48,  49,  50,  51,  52,  53,  54,  55,  56,  57,  59,
     62,  63,  66,  69,  72,  11,  12,  29,  41,  63,   3,   5,   8,   9,  10,  11,
     12,  13,  15,  16,  17,  18,  19,  20,  21,  22,  23,  28,  29,  31,  32,  40,
     41,  42,  43,  45,  47,  49,  50,  51,  52,  59,  63,  66,  72,   3,   5,   8,
      9,  10,  11,  12,  13,  15,  16,  17,  18,  19,  21,  22,  24,  28,  29,  31,
     32,  41,  42,  43,  45,  47,  49,  51,  52,  57,  59,  63,  66,  67,  69,  72,
     13,  16,  17,  18,  19,  21,  22,  27,  28,  31,  42,  43,  49,  51,  52,  53,
     55,  66,  72,   1,   3,   5,   8,   9,  10,  11,  12,  13,  15,  16,  17,  18,
     19,  21,  22,  23,  24,  28,  29,  31,  32,  41,  42,  43,  45,  47,  49,  50,
     51,  52,  53,  55,  56,  57,  59,  62,  63,  66,  67,  72,  17,  31,   1,   9,
     10,  13,  19,  20,  21,  22,  27,  31,  33,  35,  36,  38,  40,  41,  43,  73,
     74,  75,   5,   7,  13,  14,  17,  18,  19,  20,  21,  22,  27,  31,  33,  34,
     35,  36,  38,  40,  46,   7,  20,  40,  50,  52,  53,  55,   1,   6,   7,  12,
     14,  20,  22,  27,  40,  45,  50,  52,  53,  54,  55,  58,   6,   7,  20,  27,
     40,  50,  52,   1,   7,  20,  27,  40,  45,  50,  52,  53,  54,  55,  11,  17,
     28,  42,  43,  45,  49,  72,  43,  46,  52,   1,   7,  40,  52,  55,  42,  43,
     49,  72,  40,  46,   9,  11,  15,  16,  23,  43,  45,  69,   6,   7,  14,  20,
     22,  27,  40,  50,  52,  53,  55,   9,  15,  43,   5,   9,  11,  15,  17,  28,
     42,  43,  44,  45,  49,  50,  62,  69,  72,   9,  11,  17,  21,  28,  42,  43,
     45,  62,  42,  43,   5,   9,  11,  12,  17,  20,  28,  42,  43,  45,  49,  62,
     66,  69,  72,  17,  31,  43,   9,  11,  29,  33,  36,  38,  63,  33,  35,  36,
     38,  20,  20,   4,  19,  20,  22,  27,  33,  38,  40,  43,  52,  56,  75,  20,
     29,  33,  35,  36,  37,  38,  55,  63,  11,  12,  41,   6,  11,  29,  33,  35,
     36,  37,  38,   7,  20,  43,  52,  55,  14,  20,  52,   6,   7,  14,  20,  22,
     27,  40,  50,  52,  53,  55,  12,  17,  18,  21,  28,  32,  62,   5,  12,  17,
     18,  21,  28,  32,  49,  72,  27,  40,  17,  17,
};

static const int8_t dmsans_12_boldKernSparseValues[] = {
     -10,  -25,  -12,   12,  -32,  -26,  -28,  -21,  -16,  -41,   -3,   -8,   -3,  -12,  -26,  -13,
     -27,   -8,   -4,   -8,  -16,   -5,  -21,  -22,  -14,  -26,  -21,   -5,   -5,   -5,  -15,  -16,
     -14,  -14,  -12,  -18,  -14,  -14,   -6,  -23,  -18,  -18,   -8,   -3,   -8,  -10,  -18,  -48,
     -40,  -17,  -14,  -12,  -22,  -38,  -26,  -32,  -12,  -13,  -10,  -36,  -49,  -10,  -15,   -9,
     -11,  -22,  -19,  -19,  -30,  -24,   -8,  -32,  -30,  -22,  -36,  -25,  -12,  -18,  -12,  -22,
     -18,  -22,  -12,  -20,  -14,  -14,  -22,  -18,  -33,  -16,  -13,  -12,  -12,  -12,  -24,  -14,
     -12,  -32,   -8,  -32,  -28,  -37,  -24,  -16,   -6,  -16,  -20,  -20,  -10,  -19,  -24,  -22,
     -48,  -48,   -8,  -14,  -26,  -12,  -10,   -6,  -14,  -32,   19,  -12,  -16,    8,   12,    5,
      10,  -58,  -22,  -20,  -17,   -8,  -12,  -26,   24,   21,  -12,   29,  -12,  -34,  -14,  -12,
     -16,  -16,   -2,   -2,  -16,  -11,  -14,  -16,  -18,  -16,  -14,  -24,  -12,    8,   -4,   -2,
      -3,   -3,   -3,   -2,   -2,   -4,   -6,   -4,   -7,   -3,    5,    5,    5,   -3,   -4,   -3,
      -8,  -15,   -3,   -3,  -10,  -10,  -14,   -6,  -11,  -14,  -16,  -18,  -14,  -10,   -8,   14,
     -21,  -16,  -11,  -10,  -12,  -10,   12,   -3,    8,  -14,  -12,   -3,   -3,  -10,   -4,  -16,
      -3,   -6,   -6,  -16,  -12,  -18,   -5,   -3,   -3,   -6,  -10,   -3,  -12,  -14,  -14,  -14,
      -4,   -8,   -4,   -8,   -4,  -14,   -6,   -6,  -16,  -17,  -22,   -7,  -16,   -3,  -15,   12,
     -15,   -4,  -20,   -6,  -24,  -31,   -2,    8,   -4,   -4,  -22,  -10,   -4,   -3,   -4,  -11,
     -11,  -31,  -31,   -4,  -16,    8,    5,  -19,   -6,  -19,    5,  -24,   -4,   -6,  -15,  -14,
     -18,  -20,   -4,   -7,   -6,  -15,  -24,  -18,  -12,   -6,   -8,   -3,   -4,  -10,   -4,  -10,
      -6,  -13,  -16,  -16,  -18,  -14,  -21,   -3,  -10,   -8,  -17,  -12,  -20,   -3,   -3,   -3,
      -4,   -3,  -19,   -6,  -12,  -14,  -22,  -20,  -12,  -20,  -18,   13,  -12,  -14,  -18,   -5,
     -16,  -16,  -22,  -24,  -16,  -23,  -28,  -28,  -38,  -30,  -19,  -28,  -18,   -8,  -36,  -44,
     -38,  -16,  -18,  -16,  -26,  -17,  -17,  -12,  -20,   -2,  -11,   -8,   -3,  -18,   -4,  -12,
     -18,  -12,  -17,  -19,  -24,  -18,  -19,  -34,  -20,  -24,   -3,   -8,  -24,  -26,   -6,  -38,
     -11,  -12,  -16,  -12,   -8,   -6,  -14,  -12,   -4,  -10,  -14,  -14,   -3,  -16,  -30,  -12,
     -35,  -28,  -33,  -24,   -8,   -9,   -3,  -20,   -4,  -22,  -14,  -24,  -19,  -10,   -4,   -2,
      -3,   -8,   -8,   -8,  -12,  -11,  -12,   -3,   -3,   -5,   -8,  -14,   -8,  -23,  -16,  -12,
     -18,   -3,  -12,  -18,   -9,   -9,  -12,  -20,  -18,   -4,   -7,  -14,  -18,   -8,  -24,  -24,
      -3,  -16,  -30,  -19,  -16,  -17,  -10,   -8,  -48,   -8,   -8,  -16,   -8,  -12,   -6,  -20,
     -24,  -11,   -8,  -10,  -14,  -12,  -10,   -6,  -21,  -14,  -17,   -2,  -10,   -3,  -12,  -12,
     -20,  -16,   -2,  -24,  -12,  -26,  -41,  -19,  -26,  -14,  -14,   -6,  -10,  -10,  -18,  -19,
     -10,  -25,  -46,  -12,  -48,  -28,  -40,  -16,   -9,  -20,  -23,  -12,  -26,  -14,  -12,   -3,
     -37,  -28,  -30,  -19,   -3,   -2,  -15,  -29,  -27,  -12,   -2,   -8,  -27,  -13,  -10,  -16,
     -46,   -3,  -10,   -8,   -3,  -10,   -3,  -10,   -8,  -12,   -3,   -3,   -3,  -20,  -22,  -32,
     -20,  -32,  -26,  -11,   -3,   -4,  -24,   -6,   -3,  -22,    8,  -35,  -30,   -9,  -37,    8,
     -24,  -35,  -36,  -36,  -19,  -18,  -26,   -6,  -20,  -24,  -23,  -15,  -20,  -14,  -12,  -15,
     -35,  -38,  -24,  -36,  -26,   -8,  -12,  -12,  -16,  -18,  -12,  -24,  -19,  -30,  -14,  -32,
     -30,  -14,   -4,   -3,  -28,   -4,   -6,    8,  -13,   -8,  -12,  -38,  -35,   -9,  -24,   10,
     -38,  -26,  -24,  -26,  -10,  -19,   -8,   -2,   -3,  -14,  -44,  -26,  -19,   -3,  -20,  -19,
     -24,  -14,  -28,  -24,  -16,   -4,   -8,  -20,   -6,  -16,  -16,  -10,  -14,  -32,  -28,  -12,
     -16,  -28,  -24,  -22,  -18,   -3,  -14,   -2,   -3,  -12,  -12,  -35,   -7,   -8,  -22,  -14,
     -18,   -8,  -20,  -18,  -14,  -16,  -16,  -10,   -4,  -20,  -10,  -14,   -8,  -13,  -12,  -12,
     -10,  -14,   -8,   14,  -16,  -28,  -30,  -32,  -22,  -37,  -26,  -16,   -4,  -15,  -36,  -15,
     -18,  -18,  -14,  -14,  -22,  -44,  -33,  -18,  -34,  -28,  -33,  -36,  -34,  -14,  -28,  -12,
     -12,  -14,   -3,   -8,   -8,  -20,  -14,  -34,  -50,  -24,  -18,  -28,   -4,   -8,  -38,   19,
     -12,  -10,  -14,   -4,  -14,  -12,  -12,   -3,  -13,  -24,  -19,  -28,  -51,   18,  -12,  -27,
     -28,   15,  -16,  -32,  -24,  -22,  -22,  -21,  -30,   -6,  -21,  -28,  -18,   -7,  -24,  -16,
     -38,  -28,  -28,  -60,   15,  -17,   -4,  -18,   -2,   -6,   -2,   -7,  -21,  -18,  -20,   -6,
     -16,  -26,   -3,  -12,  -30,  -13,   -8,   -9,   -7,  -10,  -18,  -20,   -8,  -13,   -3,  -12,
     -21,   -2,   -7,  -21,  -13,  -14,   -8,  -22,   -5,   -3,   -8,   -8,  -14,  -10,  -12,   -8,
     -11,   -8,   -8,  -16,   -6,   -6,   -8,    8,    5,  -20,  -13,  -16,   -2,   -7,   -8,  -17,
     -19,  -10,  -14,   13,  -14,  -16,   13,    5,    3,   -3,   -5,   -3,   -5,  -16,   -3,  -15,
      -8,  -10,  -20,   -6,   -9,   -6,  -21,    9,   12,   -5,   -6,  -20,  -16,    5,   -8,  -18,
     -12,   -9,    8,  -10,   -7,    5,  -15,   -4,   -7,  -12,   -6,   -3,   -3,  -16,  -10,   -7,
      -8,   -4,   -5,  -10,   -5,  -26,  -30,  -16,  -12,    8,  -22,  -16,  -17,  -14,  -10,  -22,
      -3,   -7,  -10,   -4,  -14,  -20,  -14,  -20,  -19,  -12,  -12,  -20,  -23,  -15,  -14,  -12,
     -14,   10,  -14,  -10,  -14,   -4,   -4,  -14,  -22,  -22,  -14,   -8,   -4,    8,   14,   -6,
     -10,  -24,  -26,   -7,  -14,  -24,   -3,   -9,   -6,  -18,  -16,  -14,  -19,  -18,  -22,  -18,
     -16,  -28,  -26,  -24,  -14,   -2,  -18,  -12,   -4,   -6,   -4,   -5,  -16,   -3,  -15,   -8,
     -10,  -20,   -6,   -9,   -6,  -10,  -40,  -28,  -14,   -3,  -34,  -32,  -34,  -22,  -46,  -22,
     -18,  -16,  -40,  -34,  -21,  -21,   -5,  -34,  -18,  -69,
};

static const EpdLigaturePair dmsans_12_boldLigaturePairs[] = {
    { 0x00660069, 0xFB01 }, // f i -> U+FB01
    { 0x0066006C, 0xFB02 }, // f l -> U+FB02
};

static const EpdFontData dmsans_12_bold = {
    dmsans_12_boldBitmaps,
    dmsans_12_boldGlyphs,
    dmsans_12_boldIntervals,
    48,
    33,
    25,
    -8,
    true,
    dmsans_12_boldGroups,
    12,
    nullptr,
    nullptr,  // kernLeftClasses: built-in fonts use the split arrays below
    nullptr,  // kernRightClasses
    dmsans_12_boldKernLeftCodepoints,
    dmsans_12_boldKernLeftClassIds,
    dmsans_12_boldKernRightCodepoints,
    dmsans_12_boldKernRightClassIds,
    nullptr,  // kernMatrix: built-in fonts use the sparse form below
    dmsans_12_boldKernRowOffsets,
    dmsans_12_boldKernSparseCols,
    dmsans_12_boldKernSparseValues,
    218,
    260,
    81,
    77,
    dmsans_12_boldLigaturePairs,
    2,
};
