/**
 * generated by fontconvert.py
 * name: dmsans_14_bolditalic
 * size: 14
 * mode: 2-bit  compressed: true
 * Command used: fontconvert.py dmsans_14_bolditalic 14 ../builtinFonts/source/DMSans/DMSans-BoldItalic.ttf --2bit --compress --pnum --zopfli
 */
#pragma once
#include "EpdFontData.h"

static const uint8_t dmsans_14_bolditalicBitmaps[13957] = {
    0xAD, 0x99, 0x3F, 0xD0, 0xE6, 0xC6, 0x5D, 0xC7, 0x57, 0xCF, 0x93, 0xB3, 0x82, 0x55, 0xA8, 0xF1,
    0x35, 0xBE, 0x42, 0xA9, 0xCF, 0x85, 0xE8, 0x27, 0xA0, 0x0D, 0x33, 0x4C, 0x8A, 0x6B, 0x5C, 0xDC,
    0x1B, 0x0A, 0x0F, 0xE3, 0xFE, 0x3C, 0x83, 0x29, 0xA1, 0xC0, 0x92, 0x49, 0x41, 0xEB, 0x8A, 0xB4,
    0x57, 0x5C, 0x61, 0xBF, 0x99, 0xE1, 0x5A, 0xA0, 0xB0, 0x64, 0xA7, 0xA0, 0x70, 0x81, 0x6C, 0x0F,
    0x34, 0x29, 0x2C, 0x12, 0x02, 0x13, 0xBB, 0xB0, 0x18, 0x74, 0x58, 0x77, 0x91, 0xF4, 0xE3, 0xFB,
    0x59, 0x49, 0x6F, 0xE4, 0xF7, 0xCE, 0x87, 0x99, 0x89, 0x4E, 0xFB, 0xDD, 0x7B, 0xF5, 0xEC, 0xFE,
    0xFE, 0xED, 0xEF, 0xCF, 0x6A, 0xE5, 0x2E, 0x4E, 0xF3, 0x79, 0x3E, 0x4F, 0xFA, 0x37, 0xC6, 0x43,
    0x32, 0x24, 0x7D, 0xDA, 0xA7, 0x5D, 0xDA, 0xA6, 0x4D, 0xD6, 0xDC, 0xF0, 0xCE, 0x7D, 0xC7, 0x95,
    0xDE, 0x9A, 0xBA, 0x29, 0xBC, 0xE3, 0x4A, 0x7E, 0x31, 0xA6, 0x9F, 0xF6, 0xE9, 0x3F, 0xF5, 0xF9,
    0x9D, 0xB6, 0x48, 0x9B, 0x3F, 0x4C, 0xAB, 0x97, 0x6E, 0xB8, 0xAB, 0x2B, 0x1E, 0xA2, 0x59, 0x5D,
    0xDA, 0x9F, 0x27, 0xBA, 0xEE, 0x3C, 0xAA, 0xCB, 0x9B, 0xA4, 0x77, 0xEE, 0xA2, 0xFC, 0x97, 0xD7,
    0x1F, 0x79, 0x67, 0x5C, 0x6D, 0x04, 0x5A, 0xB3, 0x75, 0xEE, 0x47, 0xF3, 0x45, 0x7D, 0xE1, 0x9C,
    0x26, 0x99, 0x53, 0x37, 0xB8, 0x19, 0x4E, 0xFD, 0x49, 0x44, 0x5E, 0x7E, 0xF8, 0xE4, 0xA7, 0xCB,
    0x7D, 0x57, 0x30, 0x70, 0x58, 0xBB, 0xDE, 0x95, 0x6B, 0xE7, 0x6A, 0xD1, 0xD6, 0x48, 0x73, 0x85,
    0x3A, 0x71, 0x2E, 0x25, 0xA3, 0x26, 0xD5, 0x10, 0x19, 0xDD, 0xE2, 0xAE, 0xAE, 0x04, 0x48, 0x81,
    0x37, 0xDF, 0xD1, 0x5F, 0x36, 0x3B, 0x48, 0x05, 0x69, 0x9A, 0x93, 0x7D, 0xBF, 0x6E, 0xCE, 0xF3,
    0xF7, 0x0B, 0x40, 0x13, 0xED, 0x2F, 0x44, 0xC4, 0x06, 0xE8, 0x9A, 0xE8, 0x95, 0x30, 0x8A, 0x0D,
    0x7D, 0x6C, 0x11, 0x97, 0x5F, 0x9A, 0x7E, 0xFE, 0x58, 0x2C, 0x3F, 0x69, 0x04, 0x9F, 0x7E, 0x28,
    0xF8, 0xEA, 0xA3, 0xD9, 0x65, 0x66, 0xA3, 0x08, 0x5B, 0xE7, 0x22, 0x5B, 0xBC, 0x98, 0xF9, 0x9D,
    0xE3, 0xEF, 0x01, 0x7F, 0xE6, 0xDD, 0x4D, 0x7F, 0xB6, 0x4E, 0x22, 0xA6, 0x36, 0x48, 0xB4, 0xFC,
    0xAF, 0x27, 0xA9, 0x5B, 0xB8, 0x49, 0xB6, 0x79, 0x2B, 0x9A, 0xB2, 0xD6, 0xBD, 0x75, 0x1A, 0x8B,
    0xCA, 0x95, 0x71, 0x6F, 0x08, 0xF7, 0x89, 0x18, 0x66, 0xF6, 0xC3, 0x41, 0x1C, 0x1F, 0xA4, 0x3D,
    0x24, 0x8A, 0x0F, 0xAC, 0x92, 0xCA, 0x77, 0x24, 0x4F, 0xB4, 0x64, 0x5F, 0x0C, 0x32, 0x57, 0xF1,
    0x47, 0xA3, 0x6C, 0x5D, 0x46, 0xA3, 0xCB, 0xDB, 0xF7, 0x4F, 0xA3, 0x2B, 0xAB, 0xF7, 0x65, 0x3C,
    0x73, 0xE5, 0xEB, 0xD8, 0xAE, 0xB0, 0x26, 0x1E, 0x5C, 0xBA, 0x9A, 0xE1, 0x55, 0xB5, 0x97, 0xFF,
    0x5D, 0x20, 0x9B, 0x0B, 0x63, 0xCC, 0xEE, 0xD2, 0xA1, 0x6C, 0xC5, 0xA6, 0xCD, 0x84, 0x58, 0x52,
    0xD8, 0x82, 0x59, 0x0F, 0xA6, 0x23, 0x98, 0xCF, 0xDB, 0xA4, 0xDB, 0x55, 0xBC, 0xD4, 0x4D, 0x59,
    0xA5, 0x43, 0xD1, 0x9B, 0x06, 0xA6, 0xBF, 0x11, 0x8B, 0xE6, 0x6C, 0xA3, 0x30, 0xB2, 0x4E, 0xE8,
    0xAC, 0x75, 0x45, 0x1F, 0x4B, 0xC0, 0xDC, 0x4C, 0x16, 0x4B, 0xCD, 0x3E, 0x5D, 0x64, 0xCB, 0xC5,
    0xC9, 0x90, 0xF8, 0x92, 0x2E, 0xDC, 0x2A, 0xAB, 0x72, 0x5F, 0x48, 0xF7, 0x97, 0xF4, 0xF7, 0x3D,
    0x2F, 0xE2, 0x92, 0x47, 0xEA, 0xA2, 0x26, 0x0B, 0x59, 0xAF, 0x8F, 0x70, 0xA1, 0x78, 0xE4, 0xB1,
    0x5A, 0x87, 0x68, 0xFC, 0xBC, 0x35, 0x59, 0xA2, 0xA4, 0xF9, 0x43, 0xDB, 0x9E, 0xED, 0x63, 0xF2,
    0x6E, 0x9B, 0x3B, 0xAC, 0xB4, 0x4E, 0xBB, 0x3F, 0xBC, 0x78, 0x5F, 0x2E, 0x30, 0x1E, 0x1E, 0x9A,
    0x83, 0xE9, 0x71, 0xF6, 0x81, 0x0A, 0xFD, 0xB1, 0x6D, 0x5C, 0x99, 0xB3, 0x68, 0xFE, 0xBC, 0xD2,
    0x49, 0xC4, 0x24, 0xEB, 0xD6, 0x21, 0xE6, 0x21, 0x0B, 0x0B, 0x64, 0xD8, 0x78, 0xEA, 0x67, 0xF7,
    0xDD, 0xEC, 0xBB, 0xD9, 0x9F, 0xFE, 0x55, 0x61, 0xF3, 0xC9, 0xDE, 0x79, 0xC1, 0xDE, 0x29, 0x6D,
    0xFA, 0x83, 0xBF, 0x1C, 0xBE, 0xF7, 0xF7, 0xDF, 0x73, 0x1A, 0xF9, 0x80, 0x51, 0xF8, 0xBE, 0x1A,
    0x0E, 0xB7, 0xB5, 0xA4, 0xC3, 0xD9, 0x27, 0x5A, 0x8D, 0x87, 0x21, 0x4E, 0x68, 0x88, 0xEA, 0x43,
    0xE3, 0x8A, 0x08, 0xDE, 0x3E, 0xE9, 0x64, 0x5D, 0xBF, 0xDA, 0xD5, 0x31, 0xAF, 0xD1, 0x9C, 0xCA,
    0xD4, 0xF8, 0xFB, 0x86, 0x64, 0xAF, 0xB7, 0x40, 0xC6, 0xF0, 0x80, 0xA9, 0x11, 0xB1, 0xE8, 0x80,
    0xB5, 0x05, 0xC4, 0x2A, 0xF6, 0x5E, 0xF9, 0xA0, 0x2F, 0xC6, 0x79, 0x7A, 0xEC, 0xC0, 0x30, 0xC6,
    0x66, 0xD7, 0xC6, 0x42, 0x17, 0xAB, 0x9E, 0x9E, 0x35, 0xB6, 0x65, 0x18, 0x63, 0x6F, 0xAE, 0xFA,
    0xBE, 0xF1, 0x20, 0xF8, 0xA2, 0x08, 0xE0, 0x90, 0xB5, 0x59, 0x7F, 0xB2, 0x2A, 0x1F, 0xCE, 0xB3,
    0xBC, 0x2F, 0x1D, 0xE5, 0x16, 0x69, 0x2F, 0x1A, 0x79, 0x2B, 0x28, 0x9A, 0x15, 0xE2, 0x00, 0x63,
    0x59, 0xC9, 0xE8, 0x02, 0xF9, 0x7F, 0x23, 0x3B, 0xEB, 0x59, 0xD1, 0x14, 0x7D, 0xA4, 0xD9, 0xF3,
    0x2D, 0x73, 0x29, 0xFE, 0x77, 0x26, 0x1C, 0x5D, 0x4D, 0x38, 0x46, 0x6A, 0xB8, 0x60, 0x5D, 0x65,
    0x56, 0x95, 0xE6, 0x4B, 0x73, 0xFF, 0x60, 0xE8, 0x14, 0xC9, 0x41, 0x75, 0xCF, 0xA2, 0xCD, 0x1D,
    0xEB, 0x1E, 0x59, 0xCD, 0x54, 0x77, 0xCF, 0x2D, 0xF5, 0x72, 0xDD, 0x2D, 0x41, 0x1C, 0x72, 0xC7,
    0x48, 0x78, 0x4A, 0x41, 0xFB, 0xC2, 0xBC, 0xA6, 0x5A, 0xA5, 0x69, 0x65, 0x15, 0x8F, 0x07, 0x2B,
    0x01, 0x52, 0x01, 0x1F, 0x10, 0xE4, 0x68, 0x5E, 0x37, 0xA4, 0x96, 0x3D, 0xAA, 0xCA, 0x8E, 0x1C,
    0xA3, 0xF1, 0x19, 0xA3, 0x0A, 0x84, 0x2D, 0x77, 0x60, 0x6D, 0x0E, 0x49, 0x4A, 0x53, 0x3F, 0xB7,
    0x8A, 0xA0, 0x6E, 0x24, 0x65, 0x51, 0x45, 0x77, 0xC5, 0x6D, 0x63, 0xF4, 0xDA, 0x0C, 0xD1, 0x01,
    0x68, 0x01, 0x48, 0xC7, 0x7A, 0x86, 0x56, 0x37, 0xBD, 0x40, 0x91, 0xA9, 0x39, 0xAD, 0x24, 0xCC,
    0x7B, 0x31, 0xCE, 0xC8, 0x9A, 0x09, 0x96, 0x8E, 0xA0, 0xBE, 0xC7, 0xE4, 0x4D, 0xBA, 0xBA, 0x45,
    0x24, 0x41, 0x4C, 0x66, 0xC8, 0x80, 0xA2, 0x16, 0x23, 0x2B, 0x2A, 0x19, 0xA6, 0xF4, 0x18, 0x9A,
    0x20, 0xAC, 0x71, 0x07, 0x83, 0xC3, 0x82, 0xA9, 0x66, 0x3D, 0x87, 0x07, 0x09, 0x19, 0xE8, 0x80,
    0xF6, 0xE6, 0xC5, 0x6B, 0x8F, 0xFD, 0xB6, 0xF0, 0xC9, 0xBE, 0xFA, 0x37, 0x2F, 0x2E, 0xFC, 0x9A,
    0x76, 0x4B, 0xC0, 0xD0, 0x2D, 0x08, 0x8B, 0xCA, 0xA7, 0x11, 0x9B, 0x3D, 0x12, 0xC7, 0x78, 0x15,
    0x92, 0xFC, 0x31, 0x4B, 0xC1, 0xAC, 0x97, 0x91, 0x6F, 0xA0, 0x8C, 0x2E, 0x01, 0x9C, 0xEF, 0x79,
    0x99, 0xA2, 0x6C, 0xB4, 0x58, 0x45, 0x97, 0x0D, 0xD0, 0x6C, 0x59, 0x71, 0x2F, 0x05, 0x46, 0xD4,
    0x52, 0xDB, 0x8D, 0x38, 0x6D, 0x46, 0xB4, 0xFF, 0x08, 0xAB, 0x55, 0xB2, 0x5A, 0x45, 0xF5, 0x5B,
    0x27, 0xCF, 0x3E, 0x91, 0x71, 0xF3, 0xCF, 0x2C, 0x50, 0xD1, 0x4F, 0x73, 0x32, 0x8B, 0x28, 0x23,
    0x1B, 0xC7, 0x70, 0x41, 0x51, 0xA1, 0x60, 0x83, 0x11, 0x87, 0x6C, 0x80, 0x51, 0x87, 0x90, 0xD5,
    0x95, 0x11, 0xD5, 0x2E, 0x2E, 0x2E, 0xF8, 0xC1, 0x80, 0x05, 0x3B, 0xEF, 0xCE, 0xBF, 0xA9, 0xDF,
    0xED, 0x7E, 0x7F, 0xB5, 0x76, 0x84, 0x07, 0x06, 0xDC, 0x22, 0x23, 0xBF, 0x1A, 0x51, 0x7B, 0x74,
    0xBC, 0x9A, 0x7E, 0x35, 0xA2, 0x68, 0x43, 0xA4, 0xFF, 0x9D, 0xD4, 0xCA, 0x50, 0xAB, 0x36, 0x93,
    0xBE, 0x3F, 0x31, 0x2F, 0x4F, 0x33, 0x2F, 0x4A, 0xA5, 0x97, 0xBD, 0x6B, 0x68, 0x9A, 0x3B, 0x2F,
    0x64, 0xD4, 0x50, 0x8E, 0x80, 0x84, 0xDC, 0x91, 0xF5, 0x18, 0xAC, 0xC1, 0x74, 0x5E, 0x1A, 0xD5,
    0x18, 0xB1, 0x0E, 0xDE, 0xDB, 0x66, 0x23, 0xEA, 0xF7, 0x08, 0x5E, 0x89, 0xE8, 0xE3, 0xDD, 0x88,
    0xD1, 0xA5, 0x87, 0xDB, 0x00, 0xB7, 0xD9, 0x9D, 0xE4, 0xF2, 0x44, 0x88, 0xF9, 0xA4, 0x97, 0x22,
    0x92, 0xAA, 0xA8, 0xD2, 0x6E, 0xFD, 0x9F, 0xA9, 0x2E, 0x9C, 0x04, 0xCB, 0x43, 0x05, 0x84, 0x99,
    0x79, 0x19, 0x47, 0x6A, 0xBE, 0xF2, 0xCE, 0x96, 0x36, 0x6E, 0xBB, 0xD5, 0xF0, 0x83, 0xF4, 0x20,
    0x9E, 0x70, 0xC2, 0xD4, 0x96, 0xBD, 0xD4, 0x86, 0x74, 0xE0, 0xCF, 0x63, 0x32, 0x25, 0x13, 0x39,
    0x70, 0xBB, 0xAE, 0xA7, 0xAD, 0xEF, 0x84, 0xE4, 0x6B, 0x0D, 0xE1, 0xC4, 0x83, 0xA7, 0x2F, 0x78,
    0x9D, 0x14, 0xCA, 0x03, 0xE9, 0x33, 0x6D, 0x5C, 0xA6, 0xD5, 0x85, 0xFC, 0x1A, 0x6F, 0x09, 0x31,
    0x35, 0x38, 0x28, 0x10, 0x8C, 0xD9, 0xB8, 0x86, 0x22, 0x4D, 0x2B, 0xCB, 0xCF, 0x3C, 0xE7, 0xF7,
    0xF5, 0xE1, 0xCD, 0x57, 0x59, 0xDA, 0xBB, 0xA9, 0xD9, 0xA8, 0x36, 0x64, 0x6A, 0x47, 0x5E, 0x38,
    0x1E, 0x8D, 0x54, 0x7B, 0xFB, 0xF2, 0xB2, 0x3A, 0x2F, 0x04, 0xBF, 0x5F, 0x83, 0xA9, 0xA0, 0xF6,
    0x50, 0xC3, 0xB6, 0x87, 0x07, 0x86, 0x57, 0xA2, 0xB0, 0x2F, 0xF2, 0xA1, 0x32, 0xB3, 0x4E, 0x9E,
    0xD0, 0xCC, 0x1F, 0xD7, 0x4A, 0x66, 0x59, 0x5F, 0x6B, 0xD5, 0x6F, 0xAA, 0xED, 0x75, 0x25, 0xFA,
    0x91, 0x55, 0xB1, 0x0C, 0x96, 0xB0, 0x9C, 0x03, 0x2E, 0xB5, 0xC7, 0xAF, 0xFA, 0xCD, 0x77, 0x4A,
    0xD8, 0xAA, 0x51, 0x1D, 0x8E, 0x17, 0x35, 0x98, 0xA1, 0xA5, 0xAD, 0xC9, 0xE2, 0xF3, 0x87, 0xCB,
    0x9A, 0x88, 0x30, 0x63, 0x13, 0x38, 0x2C, 0x78, 0xA3, 0x76, 0x0D, 0xD1, 0xFB, 0x2F, 0xFF, 0x78,
    0x88, 0xFB, 0xD4, 0xBE, 0x7C, 0x7B, 0x4C, 0x51, 0xAE, 0x9A, 0xD2, 0xA6, 0x7E, 0xDB, 0xFC, 0x94,
    0x57, 0x72, 0x17, 0xA7, 0x3D, 0x87, 0x1C, 0x46, 0xDD, 0x59, 0x0E, 0x17, 0x85, 0xEE, 0xFD, 0x68,
    0xA4, 0x9B, 0xCF, 0x7D, 0xA1, 0x4D, 0xE4, 0x1C, 0x77, 0xC5, 0xC9, 0x6A, 0x7B, 0x53, 0x2B, 0x66,
    0x56, 0x98, 0xCF, 0xAB, 0x7C, 0x94, 0xDE, 0x69, 0x70, 0x5F, 0xCA, 0x0B, 0x17, 0x96, 0xE2, 0xB2,
    0xC7, 0x6F, 0xF0, 0x3C, 0xC7, 0x49, 0x11, 0xD3, 0x8E, 0x92, 0x47, 0x17, 0x8C, 0x34, 0x66, 0x61,
    0xD4, 0x14, 0xC8, 0x19, 0x51, 0x90, 0x4D, 0x4D, 0x92, 0x47, 0x4B, 0xDE, 0xAC, 0xF5, 0x21, 0x1E,
    0xA5, 0x44, 0xDA, 0x93, 0xB0, 0x5B, 0x41, 0xD1, 0x08, 0xEA, 0xCF, 0x1F, 0x0E, 0xA4, 0x99, 0xF1,
    0x04, 0x9C, 0xE7, 0x8B, 0x3F, 0x99, 0x12, 0xB6, 0x4D, 0x59, 0xAF, 0xEC, 0x5C, 0xB4, 0x0A, 0xC1,
    0xB2, 0x21, 0xFB, 0x6B, 0x85, 0x1D, 0xE3, 0x2A, 0xA0, 0x73, 0x76, 0x69, 0xBD, 0x02, 0x30, 0x1B,
    0x14, 0x1F, 0x72, 0xEA, 0x69, 0xDD, 0xCE, 0x02, 0xE4, 0x1C, 0x82, 0x3C, 0xDE, 0x36, 0x7B, 0xE6,
    0xE0, 0x52, 0xAD, 0xFC, 0x80, 0xAC, 0x03, 0x5A, 0xD9, 0x35, 0x6F, 0x5F, 0x30, 0x5F, 0x90, 0x0C,
    0x04, 0x23, 0x50, 0xB1, 0xCE, 0xBF, 0x5E, 0xB5, 0xC4, 0xDF, 0x78, 0xCC, 0x8A, 0xCC, 0x5A, 0xFA,
    0x36, 0x26, 0x64, 0x29, 0x1C, 0xC4, 0xBB, 0xF9, 0x14, 0xC7, 0x58, 0x73, 0x82, 0x08, 0x5E, 0xC7,
    0xF2, 0x80, 0x18, 0xE1, 0x2E, 0x8B, 0x9E, 0x8E, 0xB8, 0x53, 0x2E, 0xFD, 0x97, 0x3F, 0xB6, 0x16,
    0xE9, 0x08, 0x65, 0xC8, 0xC3, 0xA5, 0xC5, 0x9C, 0xAF, 0x0A, 0xA4, 0xAC, 0x17, 0x1A, 0x0E, 0xB1,
    0xAA, 0x0B, 0x8E, 0x64, 0x9C, 0x7C, 0x0A, 0x75, 0x70, 0x21, 0x7E, 0x4E, 0x16, 0xD2, 0xCF, 0x8E,
    0xF1, 0x78, 0x85, 0x38, 0x5F, 0x84, 0xE2, 0x58, 0x4E, 0x18, 0x4C, 0x43, 0x56, 0xC8, 0x3A, 0x62,
    0x08, 0xE5, 0x15, 0xDE, 0xBF, 0x7A, 0x43, 0xDC, 0x83, 0xFA, 0xE0, 0x00, 0x3E, 0x09, 0xDC, 0x61,
    0xCF, 0xAE, 0x7B, 0x03, 0x05, 0x4D, 0xB4, 0x6F, 0x16, 0xE0, 0x4B, 0xD6, 0xDB, 0x01, 0x2B, 0x5F,
    0x99, 0x9A, 0x8A, 0xBC, 0x67, 0x42, 0x00, 0x76, 0x82, 0xE0, 0x3C, 0x00, 0xE9, 0xEB, 0x0A, 0xBA,
    0xFF, 0x37, 0xA3, 0x2E, 0x00, 0x8C, 0x64, 0xC9, 0x47, 0x9A, 0xFA, 0xCD, 0x8C, 0x9A, 0x23, 0xB0,
    0xA6, 0xFF, 0x08, 0x45, 0x38, 0x6F, 0x79, 0xBF, 0x34, 0x33, 0xD6, 0xF4, 0x6C, 0x21, 0x21, 0x58,
    0x43, 0xA4, 0xDD, 0xAB, 0x02, 0xB1, 0xAB, 0x35, 0x95, 0x80, 0xC2, 0xC8, 0xAC, 0x5A, 0xB1, 0x6C,
    0xA2, 0x4B, 0xF3, 0xAC, 0xA9, 0x85, 0x35, 0x15, 0xB6, 0xF2, 0x7D, 0x16, 0x34, 0x5D, 0x74, 0xFF,
    0xA0, 0x9E, 0x91, 0xCE, 0x66, 0x58, 0xFD, 0xCF, 0x04, 0x97, 0x1F, 0x0B, 0xB7, 0x35, 0x0D, 0x35,
    0xDC, 0xA0, 0xBB, 0xE1, 0x42, 0xA5, 0x89, 0x40, 0x8F, 0xC6, 0xB5, 0x47, 0xE5, 0x6B, 0x6B, 0x6A,
    0x2C, 0x0F, 0x18, 0x28, 0x53, 0x6F, 0x09, 0x8E, 0xC3, 0x9A, 0x8E, 0xE8, 0x0E, 0xB6, 0x2C, 0xBA,
    0xB4, 0x0F, 0x3E, 0x7E, 0x44, 0x06, 0xC0, 0xDD, 0xC2, 0xBD, 0x84, 0xDD, 0xD4, 0x9A, 0x7F, 0xB9,
    0x99, 0xBB, 0xED, 0xA6, 0xFA, 0xED, 0xC6, 0x49, 0x5A, 0x48, 0x15, 0xCD, 0x7A, 0x6F, 0xE2, 0x33,
    0x1D, 0x71, 0x11, 0x16, 0x51, 0xCF, 0x7B, 0x1B, 0x1D, 0x24, 0xA0, 0x41, 0xEA, 0x80, 0xC4, 0x96,
    0x13, 0x69, 0x65, 0x95, 0xB7, 0xA5, 0x0C, 0x58, 0x7E, 0x2C, 0x33, 0x9A, 0x85, 0xBA, 0x18, 0xB3,
    0xFA, 0x2F, 0x41, 0x95, 0x1B, 0x3D, 0x17, 0x30, 0x1B, 0x90, 0xAF, 0x6E, 0xC5, 0xE5, 0x64, 0xF0,
    0x49, 0x26, 0x38, 0xE5, 0x3D, 0x7C, 0xAC, 0x11, 0x6E, 0xEF, 0x45, 0x1B, 0x7A, 0x92, 0x0E, 0xCF,
    0xD3, 0xB9, 0x6C, 0x85, 0x43, 0x11, 0x38, 0x67, 0x81, 0x77, 0x3A, 0x0A, 0x5B, 0x28, 0xE4, 0x2D,
    0x4B, 0xAC, 0xA2, 0xBA, 0x19, 0xDF, 0x07, 0x6C, 0x36, 0x9D, 0xB6, 0xB6, 0x3C, 0x5B, 0xB7, 0xF8,
    0xA0, 0x5B, 0x7A, 0x5D, 0xB7, 0x16, 0xDA, 0xAB, 0x5B, 0x6F, 0xAD, 0xA3, 0x54, 0x50, 0x91, 0x6C,
    0x2D, 0x2E, 0xE8, 0x69, 0x3D, 0x77, 0x64, 0x5D, 0x64, 0x03, 0x9B, 0x40, 0xF6, 0x3F, 0x29, 0xDD,
    0xC4, 0x0E, 0xEE, 0xAC, 0xAE, 0x50, 0xB7, 0x2C, 0xCE, 0xCA, 0xE6, 0x3C, 0x5A, 0xB4, 0xB0, 0x51,
    0xB5, 0xF3, 0x54, 0xFB, 0x64, 0xA8, 0xEF, 0x84, 0x1A, 0x53, 0x7C, 0xD6, 0x19, 0x9D, 0x35, 0x74,
    0xB9, 0xB9, 0x05, 0x05, 0x17, 0x12, 0x60, 0x9B, 0x4E, 0x92, 0x39, 0x6F, 0x13, 0x52, 0x1F, 0x4B,
    0x75, 0xEC, 0x90, 0x1D, 0x35, 0x29, 0x42, 0x56, 0x69, 0x14, 0x6A, 0x83, 0x5D, 0xF0, 0xEB, 0x5E,
    0x88, 0x34, 0x45, 0x85, 0x30, 0x65, 0x85, 0x10, 0xB5, 0x97, 0xA9, 0xC3, 0x0E, 0xA5, 0xAE, 0x4C,
    0x58, 0x34, 0x64, 0x93, 0xFC, 0xDF, 0xC8, 0x23, 0xE9, 0x7F, 0xCD, 0xC2, 0xE4, 0x09, 0x88, 0xDC,
    0x59, 0x77, 0x02, 0x45, 0x6F, 0x82, 0x6A, 0x3D, 0x06, 0x77, 0x19, 0xC0, 0x7C, 0xF3, 0xBF, 0xA7,
    0xF2, 0x69, 0x88, 0x0A, 0x5B, 0xD6, 0xD8, 0xF3, 0x2C, 0x4C, 0xDD, 0x90, 0x4F, 0x43, 0x72, 0x5E,
    0xF7, 0x1D, 0xA2, 0x85, 0xE8, 0x47, 0x94, 0xFB, 0x04, 0xE4, 0xFF, 0x75, 0x05, 0x9A, 0x2B, 0x3A,
    0xF2, 0x60, 0x3E, 0x50, 0xC0, 0x89, 0xBD, 0x1E, 0x97, 0x60, 0xDB, 0x0C, 0x79, 0x8A, 0x50, 0x88,
    0xE2, 0xBB, 0x6B, 0x46, 0x53, 0x08, 0xF2, 0xF8, 0x2A, 0xDB, 0x74, 0xE4, 0xD2, 0x7E, 0x2B, 0x1E,
    0x82, 0xBD, 0x78, 0x64, 0x3D, 0x9B, 0xB4, 0x16, 0x4A, 0x55, 0xC2, 0x8C, 0x14, 0xC1, 0xD3, 0x47,
    0x77, 0xBF, 0x4D, 0xA2, 0xF9, 0x1D, 0x2A, 0x7B, 0xBB, 0x42, 0xD9, 0xA2, 0x45, 0xD9, 0xBC, 0x43,
    0xD9, 0xF4, 0xBF, 0x51, 0x36, 0x31, 0x94, 0xBD, 0x63, 0x07, 0x65, 0x0D, 0x61, 0x40, 0x29, 0x6B,
    0xFE, 0x50, 0x75, 0x5A, 0xF0, 0xFF, 0x52, 0xBF, 0x3F, 0xD6, 0x4E, 0xA9, 0x87, 0xFA, 0x0D, 0xB4,
    0xD9, 0xE8, 0xCC, 0xA8, 0xDF, 0xE2, 0x72, 0x40, 0x46, 0x6A, 0x58, 0x8B, 0x37, 0x99, 0x46, 0x8A,
    0xB0, 0xE1, 0x06, 0x66, 0xC1, 0x69, 0xB9, 0xF6, 0x52, 0xE4, 0x79, 0xFB, 0x22, 0xE8, 0xEA, 0x30,
    0x00, 0x20, 0x82, 0x83, 0x7D, 0xBA, 0x67, 0x9C, 0xDC, 0xE4, 0xCB, 0xF6, 0xFB, 0x96, 0x58, 0x81,
    0x93, 0x60, 0x48, 0x9E, 0x3E, 0xB9, 0xB9, 0x41, 0x94, 0x51, 0x3E, 0x0A, 0x34, 0x2A, 0x05, 0xD5,
    0xBD, 0x87, 0xCB, 0xA5, 0xDF, 0x5F, 0x64, 0x9E, 0xAE, 0x42, 0x79, 0x0B, 0x1C, 0x96, 0x0B, 0xA8,
    0x04, 0xE5, 0xF1, 0xE5, 0xF9, 0x00, 0xD1, 0x02, 0xCC, 0xC0, 0x5D, 0x59, 0xF6, 0x4C, 0xE1, 0x3D,
    0x8F, 0x8A, 0xAB, 0x18, 0x48, 0x06, 0x80, 0xFC, 0x9B, 0x0A, 0x06, 0x41, 0x32, 0xA4, 0x1D, 0x46,
    0x02, 0x30, 0x57, 0x47, 0xE6, 0x05, 0x58, 0x54, 0xF1, 0xDB, 0x00, 0xF7, 0x6D, 0x51, 0xF0, 0xF1,
    0x6B, 0xCB, 0xD7, 0xD5, 0x72, 0x9B, 0x5A, 0x6A, 0x17, 0x41, 0xBE, 0x60, 0x85, 0x10, 0xDC, 0x94,
    0xEE, 0xBC, 0x23, 0xF7, 0x67, 0x3D, 0x37, 0x79, 0xBD, 0x05, 0xCB, 0x8A, 0x87, 0x46, 0x7E, 0x42,
    0xDE, 0x78, 0x24, 0x67, 0x21, 0x22, 0x98, 0xF6, 0x60, 0xD6, 0x92, 0xD5, 0xD6, 0xC3, 0xB7, 0xF5,
    0xB5, 0x65, 0x55, 0x71, 0x0E, 0x38, 0x81, 0x75, 0x1F, 0xB0, 0xC3, 0x55, 0xB6, 0xDB, 0x7C, 0xC4,
    0xAD, 0x9E, 0x0A, 0xC9, 0x8B, 0x48, 0xAC, 0x7E, 0x52, 0x9F, 0x28, 0x30, 0x46, 0xF5, 0xA9, 0x35,
    0x41, 0x80, 0xDC, 0x9A, 0xAC, 0x53, 0x5F, 0xD4, 0xD2, 0x4E, 0x7D, 0x99, 0x37, 0xB2, 0x6B, 0x51,
    0x2D, 0x79, 0x23, 0x76, 0xC5, 0xDB, 0x53, 0xD6, 0x90, 0x77, 0x7F, 0x36, 0x66, 0x1F, 0xCC, 0xF4,
    0x43, 0xF6, 0xE9, 0xA4, 0xFE, 0xA3, 0x3E, 0xFD, 0x74, 0x50, 0xFF, 0xCF, 0x6D, 0xFA, 0x73, 0xB1,
    0xCF, 0xBF, 0x6C, 0xD2, 0x2F, 0x89, 0x06, 0x83, 0x30, 0xBD, 0x4B, 0xD9, 0x8D, 0x65, 0x44, 0xA0,
    0x57, 0x3F, 0xC9, 0x4E, 0xAC, 0xE5, 0xC8, 0xA6, 0x1C, 0x41, 0x3D, 0x69, 0xB6, 0x6C, 0xB8, 0x8B,
    0x0E, 0x13, 0x64, 0x3D, 0x1E, 0x96, 0x8E, 0x04, 0x58, 0x3C, 0x65, 0x28, 0xBF, 0xA0, 0xF6, 0xC9,
    0x0E, 0x0A, 0xD7, 0x23, 0x58, 0xAC, 0x0A, 0x83, 0xBC, 0xDA, 0xEC, 0x1E, 0x98, 0x7E, 0xC5, 0x98,
    0xE2, 0x13, 0x13, 0xB2, 0x9D, 0x66, 0x87, 0x65, 0x95, 0x88, 0xC1, 0x24, 0x1D, 0xC4, 0x87, 0x3B,
    0xEB, 0x59, 0xA3, 0x1B, 0xAF, 0x6A, 0x05, 0xF2, 0x3E, 0xE4, 0x39, 0x3D, 0x91, 0xD8, 0x83, 0x22,
    0x20, 0x19, 0x43, 0x51, 0xA5, 0x48, 0xCF, 0x5A, 0xB0, 0x13, 0x02, 0xE0, 0xE8, 0x82, 0x05, 0xA2,
    0x53, 0x60, 0x0E, 0x3C, 0x9D, 0x3D, 0x76, 0x4F, 0x04, 0xAE, 0x3C, 0xF1, 0x42, 0xB1, 0x4B, 0x8C,
    0x77, 0x27, 0x41, 0x0B, 0x30, 0xD2, 0x3C, 0xCA, 0x1D, 0xCE, 0x2E, 0xB6, 0x98, 0xDF, 0xCF, 0x34,
    0x10, 0x76, 0xDB, 0xC6, 0xD4, 0x4D, 0x88, 0x27, 0x4C, 0xB2, 0x3F, 0x2F, 0x7E, 0xA5, 0x7C, 0x50,
    0xE2, 0x7A, 0xB5, 0x49, 0xFB, 0xF5, 0x98, 0xF6, 0xC5, 0xCB, 0x8A, 0x72, 0x14, 0x5A, 0xFE, 0xB9,
    0xBF, 0x3A, 0x47, 0x2B, 0xB6, 0x93, 0x3B, 0x44, 0xA2, 0x41, 0x0A, 0xCE, 0xB3, 0xC8, 0x1E, 0x6B,
    0xE5, 0xB8, 0xB6, 0x78, 0x50, 0xEB, 0x0F, 0xFB, 0x80, 0x4E, 0xAD, 0xDD, 0x6A, 0x25, 0x2D, 0x6C,
    0x39, 0x7D, 0x68, 0x5C, 0xF7, 0xFC, 0xAE, 0x7D, 0x0E, 0x30, 0x9C, 0xB9, 0x10, 0x03, 0xA6, 0x3D,
    0x10, 0x9D, 0x01, 0xE5, 0x3E, 0x1A, 0x7A, 0x30, 0x38, 0x8E, 0x46, 0x16, 0x5D, 0x87, 0xD1, 0xD5,
    0xD3, 0xA3, 0x91, 0x0F, 0xB2, 0xC4, 0xC4, 0x3E, 0x1A, 0x8F, 0x7F, 0x59, 0xEA, 0xEF, 0xB2, 0xDD,
    0xAE, 0x9F, 0xD6, 0x37, 0x7A, 0x8E, 0xBE, 0xC9, 0x35, 0x7D, 0x69, 0xDB, 0x69, 0x2D, 0xED, 0x78,
    0x24, 0x09, 0xF9, 0xD2, 0x1C, 0x6D, 0xBD, 0xE4, 0x47, 0xC8, 0x17, 0x96, 0x65, 0xDC, 0x3C, 0x24,
    0xB2, 0x99, 0xE5, 0x5D, 0x88, 0x6A, 0x83, 0xAC, 0xA0, 0x20, 0x98, 0x6A, 0x2F, 0x52, 0xB6, 0x1D,
    0x73, 0xB4, 0x62, 0x4D, 0x3A, 0x66, 0x5F, 0xD0, 0x90, 0xF7, 0xB8, 0x4A, 0xBC, 0x04, 0x68, 0x6A,
    0xC0, 0x00, 0xE7, 0x7E, 0xDF, 0xBD, 0xE5, 0xAC, 0xCD, 0xC7, 0xD3, 0xE8, 0xFE, 0x7C, 0x63, 0xAB,
    0xA3, 0x4D, 0x09, 0x33, 0x3A, 0xB3, 0xF9, 0xBC, 0xFC, 0x70, 0x89, 0xC7, 0xC8, 0x82, 0xA5, 0x5F,
    0xFE, 0xE9, 0xC2, 0xFB, 0x08, 0x47, 0x73, 0x79, 0xC7, 0x51, 0x5E, 0x32, 0x15, 0x9A, 0x59, 0x3C,
    0xB1, 0x21, 0xB7, 0xAF, 0x86, 0xC4, 0xFE, 0xA6, 0x77, 0x77, 0x9F, 0x93, 0x2B, 0xB7, 0x03, 0xC5,
    0x9C, 0x00, 0xB0, 0x85, 0x0D, 0x1B, 0x6F, 0xC4, 0xFF, 0x6A, 0x8D, 0xA2, 0xB6, 0xA4, 0x64, 0xE4,
    0x88, 0x8C, 0xDC, 0xFC, 0x8F, 0x33, 0xBB, 0x8C, 0x08, 0xD2, 0x78, 0xAB, 0x8A, 0x39, 0x96, 0x72,
    0xE2, 0x0E, 0x0C, 0xAE, 0xBC, 0x63, 0xD5, 0x76, 0x28, 0xCE, 0xC5, 0xEB, 0x65, 0x6D, 0xBD, 0x28,
    0x4E, 0xE9, 0xF2, 0xFA, 0xAC, 0x68, 0x5F, 0x94, 0x48, 0xDF, 0xC3, 0xEF, 0x59, 0xE8, 0xB0, 0x66,
    0x3A, 0x78, 0xA3, 0xC0, 0x16, 0x5D, 0xCE, 0x66, 0xAC, 0x91, 0x16, 0x9C, 0x36, 0x6D, 0xE7, 0x24,
    0xDF, 0x58, 0x1B, 0x58, 0xAC, 0x5B, 0x33, 0xDB, 0x22, 0x53, 0xA9, 0x32, 0x26, 0x2E, 0xAF, 0x59,
    0x93, 0x73, 0x50, 0x49, 0x1D, 0x62, 0xC7, 0x5F, 0xC3, 0xC4, 0xE0, 0x62, 0xB0, 0xE1, 0xE8, 0x49,
    0x01, 0x58, 0x0C, 0x39, 0xC2, 0x52, 0x93, 0xED, 0x37, 0x9C, 0x65, 0x92, 0xDA, 0xD8, 0xD7, 0x1E,
    0x24, 0xEE, 0x44, 0x71, 0x4C, 0xB5, 0x95, 0xCD, 0x3A, 0xD2, 0x70, 0x34, 0x97, 0x66, 0xA1, 0xD5,
    0x97, 0x97, 0xEF, 0xAE, 0x52, 0xBF, 0x70, 0xBF, 0x6C, 0x8F, 0x12, 0x0F, 0xEB, 0x61, 0x48, 0x32,
    0xE1, 0x13, 0x36, 0x44, 0xF6, 0xEA, 0xBA, 0x55, 0x7F, 0x65, 0xB9, 0x5F, 0x5A, 0x2F, 0x92, 0x6F,
    0x3E, 0x79, 0xE7, 0xB8, 0x5B, 0xCF, 0x5B, 0xFC, 0xAC, 0x58, 0xEF, 0x0A, 0x49, 0xA1, 0xCB, 0x25,
    0x62, 0x97, 0xF7, 0x29, 0x33, 0x1C, 0x51, 0x6B, 0xC9, 0x17, 0xF9, 0xAF, 0x6E, 0xC1, 0x18, 0x89,
    0xE4, 0xC8, 0x9F, 0xCB, 0xEB, 0xE2, 0xC7, 0x88, 0x90, 0xA8, 0xE2, 0x27, 0x0F, 0xF6, 0x8A, 0x69,
    0xBF, 0xDE, 0xF6, 0xD7, 0xD9, 0x17, 0x6C, 0x18, 0xBD, 0x98, 0xD5, 0x38, 0xBA, 0xE1, 0xE1, 0xF6,
    0x71, 0xD9, 0x42, 0x93, 0xB0, 0x99, 0xC3, 0x91, 0xD7, 0xB7, 0xF0, 0x8A, 0xF1, 0xB7, 0x5E, 0xE1,
    0x63, 0xFB, 0x5B, 0xAB, 0xE4, 0x15, 0x35, 0xE5, 0x24, 0x1C, 0x4F, 0x95, 0x81, 0x83, 0x87, 0xB8,
    0xCB, 0x80, 0xBC, 0x05, 0x9A, 0xED, 0x8C, 0x74, 0x3B, 0x16, 0xA3, 0x0A, 0x71, 0xBD, 0xCF, 0x81,
    0x8D, 0x6E, 0x67, 0x9B, 0xC9, 0xA3, 0x77, 0xB1, 0x11, 0xF7, 0xFE, 0x46, 0x93, 0x3C, 0xF7, 0x8D,
    0x26, 0xD0, 0x80, 0x08, 0x0D, 0x89, 0x37, 0x3A, 0x50, 0xFA, 0x96, 0x2F, 0x37, 0xED, 0xB5, 0x2F,
    0x1E, 0x07, 0x5F, 0x34, 0x0C, 0xA8, 0x47, 0x93, 0x5A, 0xBF, 0x9D, 0x9D, 0xD5, 0xCF, 0x37, 0x8F,
    0xBB, 0xF4, 0x3A, 0x9B, 0x59, 0xA8, 0x1F, 0x68, 0x50, 0x70, 0x86, 0xC4, 0x21, 0x14, 0x55, 0x29,
    0xB5, 0x01, 0x80, 0xF9, 0x7F, 0x8A, 0x64, 0xF6, 0xCB, 0x05, 0xD6, 0xE6, 0x65, 0x9E, 0x1A, 0x85,
    0x8A, 0x4E, 0x90, 0x0D, 0x62, 0x2F, 0xAF, 0x81, 0xD1, 0x76, 0x70, 0x0E, 0x83, 0xFD, 0xE0, 0x9C,
    0x3B, 0x18, 0xE6, 0xF0, 0xB6, 0xD7, 0x5D, 0xF7, 0x1F, 0xE4, 0xDF, 0x5C, 0xE7, 0xC1, 0x9B, 0x5D,
    0x22, 0x69, 0x9E, 0xD8, 0x54, 0xF2, 0x9E, 0xC2, 0xD5, 0xC6, 0xF6, 0x13, 0x7B, 0x54, 0x76, 0x62,
    0x62, 0x2A, 0x7B, 0x5A, 0x39, 0xF3, 0xE1, 0x40, 0xC7, 0xD6, 0x98, 0x5E, 0xE8, 0xC2, 0xE6, 0xB2,
    0xC5, 0xDD, 0x89, 0xEC, 0xF6, 0x34, 0xA9, 0x23, 0x67, 0xED, 0x1D, 0x6F, 0x83, 0xE1, 0x28, 0xB4,
    0xAC, 0x38, 0x0C, 0xF5, 0x1B, 0x37, 0x72, 0xC6, 0xE3, 0xCD, 0x3B, 0x1C, 0xDE, 0xE1, 0xBF, 0xE6,
    0x1D, 0xF5, 0x33, 0xBC, 0x23, 0x38, 0x06, 0x70, 0x9A, 0x81, 0x69, 0xF3, 0x0E, 0xAE, 0x84, 0xCD,
    0x36, 0xDB, 0x6E, 0x1B, 0x94, 0x2E, 0x26, 0x36, 0x07, 0x45, 0xCB, 0x61, 0xD2, 0x69, 0x29, 0xAB,
    0xD3, 0x5C, 0xFB, 0xF3, 0xCC, 0xB9, 0x6A, 0xD9, 0xA4, 0x32, 0x74, 0xD9, 0xE7, 0x4F, 0xA5, 0x0B,
    0xAE, 0x4B, 0xF6, 0x1A, 0x56, 0x6E, 0x87, 0x4E, 0x91, 0x3D, 0xAA, 0xFB, 0x93, 0xF9, 0xEC, 0xAA,
    0xD2, 0xC7, 0x02, 0xFE, 0x87, 0x51, 0x63, 0xB6, 0xD0, 0xE1, 0x60, 0x3A, 0xB1, 0x1F, 0x04, 0x62,
    0xE6, 0x05, 0xB3, 0xCB, 0x7E, 0x61, 0xB8, 0x9F, 0x7C, 0x2B, 0xFF, 0xA6, 0xA2, 0x8F, 0x77, 0x6C,
    0xD7, 0xAD, 0xF9, 0x45, 0xB8, 0x3D, 0xFC, 0xC6, 0x44, 0xE4, 0xBF, 0x45, 0x22, 0x3A, 0xAD, 0x89,
    0x08, 0xBF, 0x75, 0xC0, 0x33, 0x53, 0x1F, 0x95, 0x07, 0xC3, 0xBF, 0x7B, 0xAB, 0x3A, 0x8F, 0xEC,
    0xF3, 0xB0, 0xBA, 0x85, 0xAC, 0x85, 0x0F, 0xA5, 0xC3, 0x5E, 0xD1, 0x70, 0xF6, 0x67, 0x3B, 0x3A,
    0x17, 0x5B, 0x34, 0x67, 0xC1, 0xD2, 0xF2, 0x87, 0x74, 0x48, 0xFB, 0xD3, 0xFD, 0x74, 0x16, 0x5F,
    0xE3, 0x0C, 0x4A, 0xA6, 0xBB, 0x65, 0xCC, 0xEC, 0x8A, 0x2A, 0xEB, 0x70, 0x07, 0x95, 0x92, 0x26,
    0x33, 0xF8, 0x8D, 0xAB, 0xE2, 0xB7, 0x77, 0x7F, 0x5D, 0xDC, 0x2B, 0xF6, 0x5E, 0x61, 0x93, 0xEE,
    0x57, 0x96, 0x77, 0xB7, 0xA3, 0x89, 0x83, 0xB3, 0x72, 0x3F, 0x96, 0x4D, 0xDB, 0xC4, 0x9A, 0xC8,
    0x1A, 0x7D, 0x22, 0xBC, 0xE7, 0x36, 0xD7, 0x03, 0xDA, 0xE0, 0x13, 0x87, 0x64, 0x21, 0xC0, 0x1D,
    0x4A, 0xA0, 0xF6, 0xB1, 0xA0, 0x52, 0x60, 0xD5, 0x6D, 0xA9, 0x30, 0x59, 0x0F, 0xA1, 0xBE, 0x10,
    0x45, 0xBB, 0xD3, 0xAF, 0x45, 0xE6, 0x76, 0xE5, 0x2E, 0x99, 0xCB, 0xB6, 0xFB, 0x3C, 0x53, 0x60,
    0xC7, 0xAD, 0xC0, 0x76, 0x62, 0x40, 0x95, 0x15, 0x48, 0xEB, 0x84, 0x7A, 0x1C, 0x3F, 0x42, 0x45,
    0x99, 0x7A, 0xFF, 0xB6, 0xD3, 0x93, 0x6B, 0xC3, 0x5E, 0xAB, 0x12, 0x29, 0xFF, 0xE2, 0x03, 0xF7,
    0x9E, 0x02, 0x52, 0x09, 0x56, 0x4E, 0x2F, 0x07, 0x29, 0x9A, 0x72, 0x8A, 0xFB, 0xBC, 0xB1, 0x29,
    0xED, 0xF3, 0x0F, 0xE6, 0x29, 0x6B, 0xB3, 0x0F, 0xC7, 0x29, 0x6F, 0xB2, 0x9F, 0xF5, 0x93, 0x32,
    0xEB, 0x47, 0xDD, 0x5C, 0xBB, 0xF4, 0xB3, 0x66, 0x9E, 0xD9, 0xF6, 0xD6, 0x93, 0xD0, 0xD5, 0x43,
    0xC0, 0xDE, 0x51, 0x3A, 0x3B, 0xD6, 0xA4, 0x6C, 0xB4, 0x5A, 0xFA, 0x34, 0x8A, 0x8E, 0xB8, 0x83,
    0x9C, 0xA0, 0xFC, 0x90, 0xA3, 0x8D, 0x9F, 0x73, 0xD6, 0x41, 0x06, 0x97, 0x65, 0xB0, 0xBC, 0xDB,
    0x0E, 0x62, 0x0B, 0xFE, 0xAC, 0xCB, 0x56, 0x49, 0x3E, 0x9C, 0x15, 0xC9, 0x94, 0x19, 0xAF, 0x79,
    0x44, 0x81, 0xF4, 0xD5, 0x2D, 0x3A, 0x75, 0x95, 0x07, 0xFB, 0xAD, 0xAF, 0x83, 0xB8, 0x71, 0x78,
    0x9D, 0x19, 0x39, 0x57, 0x5A, 0x3F, 0xE8, 0xD5, 0x9E, 0xBC, 0x8D, 0x82, 0x13, 0x0A, 0xE2, 0x50,
    0xD6, 0x03, 0xED, 0xD7, 0x3E, 0x96, 0x5C, 0x7D, 0x0F, 0xC1, 0x75, 0x58, 0x94, 0xFD, 0x33, 0xA2,
    0x17, 0x44, 0xAA, 0x76, 0x27, 0xB3, 0xE9, 0xAC, 0x76, 0xBA, 0x7C, 0xB8, 0x7D, 0x77, 0xB5, 0x4A,
    0x94, 0xC3, 0x04, 0x34, 0xDA, 0x3F, 0x32, 0x67, 0x3A, 0xDC, 0xA3, 0x1A, 0xEE, 0x0D, 0x83, 0xCA,
    0xC4, 0x55, 0x50, 0x2A, 0x7F, 0xB2, 0xEF, 0xA8, 0x8E, 0x1B, 0xD4, 0xAD, 0x21, 0xCA, 0x2A, 0x49,
    0x31, 0x42, 0x52, 0x8F, 0xC8, 0xD5, 0xE3, 0x31, 0x9F, 0xAB, 0xED, 0xB9, 0xFC, 0x90, 0xC3, 0x73,
    0xC6, 0x99, 0x9E, 0x31, 0x5F, 0x8D, 0x6B, 0x8D, 0xB2, 0x70, 0x5F, 0x3F, 0x35, 0x3B, 0x3F, 0xF7,
    0xD4, 0xEC, 0x58, 0x87, 0x49, 0xFA, 0x2F, 0xF2, 0x3D, 0x68, 0x5A, 0x5F, 0x71, 0x6F, 0xD9, 0xB5,
    0x53, 0xA7, 0x63, 0xA1, 0x19, 0xB6, 0xC6, 0xDF, 0x46, 0x25, 0xA9, 0xC2, 0x77, 0x08, 0xE2, 0x49,
    0xF4, 0x8F, 0xBB, 0xC9, 0x63, 0x43, 0x77, 0x6C, 0x57, 0xA0, 0xF7, 0x14, 0xF4, 0x3E, 0x5C, 0x75,
    0x95, 0x55, 0x72, 0xD2, 0x82, 0x6C, 0x64, 0xD4, 0x72, 0x25, 0x62, 0x4E, 0x80, 0x6E, 0x92, 0xE7,
    0xFE, 0x17, 0xCD, 0x99, 0x01, 0xA4, 0x26, 0x59, 0x7A, 0xF7, 0x7F, 0x55, 0x35, 0xF7, 0xD6, 0x7E,
    0xB7, 0xF8, 0x4E, 0x63, 0x3A, 0x76, 0x7B, 0xB3, 0xA9, 0xC1, 0x20, 0xDB, 0x59, 0x5D, 0xC1, 0x60,
    0x30, 0xE9, 0x3A, 0x9D, 0xB5, 0x19, 0x2C, 0x72, 0x71, 0xAF, 0x60, 0xC8, 0x04, 0x09, 0x76, 0x86,
    0x74, 0x23, 0x08, 0x76, 0xA6, 0x2A, 0x69, 0x2C, 0x02, 0x17, 0x36, 0x00, 0x69, 0x34, 0x66, 0xEE,
    0xB0, 0xBD, 0x48, 0x88, 0x48, 0x6F, 0x9D, 0x4C, 0x63, 0x11, 0xA4, 0x26, 0x4B, 0x16, 0x0B, 0x35,
    0x93, 0x91, 0xC8, 0x0C, 0xFA, 0x44, 0x6A, 0x92, 0xEA, 0x9E, 0xAA, 0xFA, 0xA7, 0x4E, 0xBD, 0xEF,
    0xDB, 0x73, 0x67, 0x4C, 0xAC, 0x4D, 0xEE, 0x4C, 0xCF, 0x73, 0xAB, 0x7E, 0xE7, 0x74, 0x51, 0xCF,
    0xF3, 0x7F, 0x9F, 0x7E, 0xCE, 0x39, 0x55, 0xA7, 0x80, 0x31, 0x99, 0x13, 0xC5, 0x13, 0x47, 0xC0,
    0x61, 0xD2, 0x27, 0x7D, 0xEA, 0x33, 0x6F, 0xBC, 0xE9, 0x4C, 0x97, 0xB7, 0x45, 0x5B, 0xBA, 0xF0,
    0x57, 0xD5, 0x2F, 0x59, 0x78, 0x1D, 0xA2, 0x09, 0xA2, 0x11, 0x32, 0x59, 0x1A, 0xF9, 0x44, 0x1A,
    0xCD, 0xFC, 0xE2, 0x94, 0xFB, 0x64, 0x2E, 0xDB, 0xE8, 0xF5, 0xCA, 0x41, 0x55, 0x43, 0x63, 0xA1,
    0xA9, 0xA3, 0xA3, 0xC6, 0x65, 0x43, 0xD9, 0x15, 0xBE, 0x94, 0x9C, 0x91, 0x88, 0x35, 0x40, 0x65,
    0xA1, 0x62, 0x73, 0x72, 0xE9, 0x36, 0x44, 0x12, 0x64, 0x92, 0xA3, 0x78, 0xD0, 0x74, 0x94, 0xCE,
    0x78, 0x2A, 0xBB, 0xA0, 0x61, 0xFF, 0xD6, 0x02, 0x58, 0xB1, 0xA7, 0x63, 0x4B, 0x2E, 0xB5, 0x1B,
    0xEC, 0x35, 0xDF, 0xB7, 0x1B, 0x67, 0x34, 0x00, 0x33, 0x10, 0x8F, 0x40, 0xEA, 0x81, 0x5C, 0x9A,
    0x29, 0x02, 0x4A, 0x69, 0x02, 0x20, 0xB1, 0xDC, 0x30, 0x3F, 0x7B, 0xD8, 0xA7, 0x52, 0x9B, 0xCC,
    0x8B, 0x34, 0x9F, 0x3B, 0xD3, 0x1A, 0x17, 0xFE, 0x72, 0x57, 0x38, 0xD3, 0x2D, 0x41, 0xA5, 0x70,
    0x83, 0xFD, 0xEE, 0x57, 0x7E, 0xDB, 0x5E, 0x20, 0x62, 0xEF, 0x90, 0xE8, 0x28, 0x1B, 0x48, 0xC7,
    0x74, 0xC4, 0xF4, 0xC9, 0x44, 0xD1, 0xC5, 0x33, 0x95, 0x8B, 0x84, 0x2C, 0x5A, 0xFA, 0x34, 0xCF,
    0x8F, 0x50, 0xFD, 0x83, 0xA7, 0xD0, 0x7D, 0xB9, 0x52, 0x52, 0x7D, 0xB9, 0xD1, 0xA9, 0xC5, 0x4C,
    0x40, 0x36, 0x42, 0x23, 0x09, 0x05, 0x9C, 0xDE, 0x79, 0xF8, 0x3A, 0x98, 0x55, 0x61, 0x17, 0xD0,
    0x02, 0x45, 0x40, 0x63, 0x11, 0x9B, 0x23, 0x9A, 0x89, 0x27, 0xE2, 0x91, 0x64, 0x3D, 0xA2, 0x23,
    0xCE, 0xDA, 0xC1, 0x49, 0xB8, 0x35, 0x6F, 0xC3, 0x6D, 0xA5, 0xDB, 0x1E, 0x55, 0x1D, 0x1C, 0x34,
    0x00, 0x2F, 0xDF, 0x82, 0x54, 0x33, 0x14, 0x52, 0x4D, 0xF5, 0x50, 0x2D, 0xB2, 0x65, 0x17, 0x69,
    0x23, 0x1D, 0x62, 0x59, 0x88, 0xD4, 0x43, 0x22, 0x9D, 0x90, 0x49, 0x03, 0xE6, 0x03, 0xCD, 0xE4,
    0xFE, 0xAB, 0xA2, 0xF0, 0x91, 0x6C, 0xD1, 0xA3, 0x3A, 0x9F, 0x91, 0xCD, 0xF4, 0x81, 0x88, 0xA5,
    0x19, 0xAE, 0x6B, 0xD8, 0xDE, 0x47, 0x1E, 0x60, 0x7A, 0x9A, 0x3A, 0xC0, 0xE5, 0x7E, 0x13, 0xA7,
    0x0C, 0x11, 0x33, 0x4D, 0xC0, 0x0F, 0x4E, 0xE0, 0x42, 0xC4, 0xDD, 0xBC, 0x9E, 0x0B, 0x77, 0x37,
    0x77, 0x4B, 0x1F, 0xF6, 0x5F, 0x07, 0x22, 0xDD, 0xE9, 0xC0, 0x58, 0xFE, 0x16, 0xFE, 0x18, 0x0C,
    0x51, 0xFB, 0xD5, 0x21, 0xB5, 0xC9, 0x9F, 0x48, 0x89, 0x33, 0xA9, 0xF4, 0x77, 0xEE, 0x6B, 0xA6,
    0x2B, 0xDA, 0xF6, 0x1B, 0x85, 0x3B, 0x38, 0x69, 0x9F, 0x2D, 0x2D, 0xB4, 0xCF, 0x54, 0x2C, 0xFC,
    0xA3, 0x85, 0x91, 0xBB, 0x51, 0xB1, 0x17, 0xBB, 0xA5, 0x5F, 0x7E, 0xB3, 0x7E, 0xA6, 0xFC, 0xA7,
    0x39, 0xE5, 0xD9, 0x5C, 0xC3, 0xFF, 0xE7, 0x1B, 0xA9, 0xDA, 0xE7, 0x30, 0x3C, 0x89, 0x27, 0x75,
    0xE1, 0xE0, 0xC1, 0xB7, 0xEE, 0x02, 0xB9, 0x5A, 0x76, 0xF6, 0xD2, 0x6F, 0xD5, 0xB1, 0xDE, 0x77,
    0xD9, 0x2C, 0x97, 0x87, 0xD2, 0xB6, 0x45, 0x5D, 0x52, 0xD8, 0x92, 0xD2, 0x96, 0xB6, 0xA1, 0x7C,
    0x5F, 0x18, 0x55, 0xC4, 0xC3, 0xD7, 0xE1, 0xF5, 0x83, 0x93, 0x64, 0x2C, 0x5D, 0xE6, 0x1B, 0xF2,
    0xB7, 0x26, 0xCA, 0x9B, 0x03, 0x55, 0xEA, 0x97, 0xB0, 0x3D, 0xE5, 0xBD, 0x91, 0xE2, 0xCD, 0x11,
    0xD3, 0x4D, 0xEC, 0x9F, 0x7C, 0x87, 0x4A, 0x92, 0x6F, 0x76, 0xE8, 0x2E, 0x1E, 0x1F, 0x5F, 0xEF,
    0x80, 0xA2, 0x0D, 0x70, 0x40, 0x19, 0x00, 0x5C, 0xBA, 0x45, 0xF4, 0xF0, 0x2E, 0x69, 0x9D, 0xD9,
    0xAF, 0x95, 0x37, 0xEB, 0x67, 0xAB, 0x77, 0xDC, 0x33, 0x7F, 0xF5, 0x8E, 0xBB, 0xA1, 0x37, 0xDD,
    0x0F, 0x3F, 0xFC, 0x66, 0x7D, 0xE3, 0x5F, 0x7F, 0xCC, 0xB3, 0xD7, 0x7E, 0x97, 0x2B, 0xFC, 0x35,
    0x99, 0x5A, 0xF8, 0x03, 0x28, 0xA5, 0xED, 0x39, 0x13, 0xBD, 0x86, 0x09, 0xBD, 0xFA, 0x6A, 0xE6,
    0x7E, 0x23, 0x75, 0x0B, 0x0B, 0xD5, 0x46, 0x44, 0xB7, 0x77, 0x03, 0xEA, 0x47, 0x01, 0xF3, 0x16,
    0x99, 0x36, 0x03, 0x4F, 0x75, 0x80, 0x25, 0x1E, 0x80, 0xA4, 0xDF, 0x21, 0xBE, 0xC5, 0xC6, 0xD6,
    0x31, 0x52, 0x49, 0xE3, 0x06, 0x8B, 0xFC, 0x23, 0x78, 0xA9, 0x4E, 0xE4, 0xB3, 0xF7, 0xFB, 0x83,
    0x9B, 0x3D, 0xA9, 0x27, 0x77, 0x8B, 0xEF, 0xB4, 0xA3, 0x7C, 0xAF, 0x2E, 0xE5, 0x2E, 0x9F, 0xD6,
    0xFC, 0xA1, 0x4D, 0xE5, 0xCD, 0xCF, 0xFC, 0x41, 0xE2, 0xC9, 0x3A, 0x64, 0xC9, 0xDD, 0xD7, 0xB3,
    0xAE, 0x7A, 0xB1, 0x2D, 0x55, 0x67, 0x0F, 0x00, 0x0E, 0xA8, 0x52, 0x95, 0x7D, 0x69, 0x9F, 0x01,
    0x38, 0x26, 0x3A, 0x44, 0x64, 0x7D, 0x80, 0x8F, 0x66, 0x8C, 0x8F, 0xA7, 0x2D, 0xBA, 0x64, 0x24,
    0x0F, 0x28, 0xDA, 0x05, 0xA5, 0x4B, 0x87, 0x05, 0xD9, 0x88, 0x9C, 0x99, 0x92, 0xAD, 0xFE, 0x05,
    0x95, 0xCD, 0x35, 0x54, 0xE4, 0x6F, 0xED, 0xB2, 0x5B, 0xBA, 0x8F, 0xA1, 0xAA, 0x81, 0x8B, 0x00,
    0xEC, 0x1D, 0x1F, 0xDB, 0x48, 0x52, 0xBB, 0x66, 0xA1, 0x90, 0x1A, 0x57, 0x6A, 0x2A, 0xEA, 0x46,
    0x63, 0x51, 0x4B, 0x63, 0x69, 0x03, 0x68, 0x82, 0xBF, 0x2A, 0xA0, 0x54, 0xFF, 0x23, 0x8C, 0xFC,
    0x4C, 0xD4, 0xF8, 0x09, 0x52, 0x3F, 0x42, 0xF6, 0xF6, 0x02, 0xF3, 0x56, 0xC0, 0x3F, 0x0E, 0x0B,
    0xEE, 0xF5, 0x90, 0x07, 0x14, 0xF7, 0xFC, 0x82, 0xEF, 0x2D, 0x28, 0xBF, 0xDD, 0x2D, 0xC8, 0x02,
    0x4C, 0xCB, 0x81, 0x2D, 0xDB, 0xAA, 0x2B, 0xDB, 0x03, 0x0B, 0x24, 0x1D, 0xC9, 0x40, 0x22, 0x1B,
    0x5D, 0xAF, 0xC9, 0x97, 0x79, 0xC1, 0x56, 0x33, 0x2F, 0xDD, 0x86, 0x5B, 0xB9, 0xAF, 0xBA, 0x97,
    0xBB, 0x6C, 0x37, 0xFF, 0xD4, 0x85, 0xBD, 0x0C, 0xBF, 0x76, 0x42, 0xAC, 0x91, 0xEC, 0xA1, 0xC8,
    0xDD, 0x5A, 0x93, 0x7C, 0xF4, 0x37, 0x51, 0xBC, 0x3F, 0x60, 0xD4, 0x11, 0xFD, 0x0D, 0xC4, 0xB7,
    0x2F, 0xDB, 0x64, 0x28, 0xEB, 0x78, 0x2C, 0x5C, 0x34, 0xE5, 0x2D, 0xB3, 0xE9, 0x90, 0xF1, 0xD1,
    0x98, 0xBB, 0x70, 0xDD, 0x78, 0xAD, 0x15, 0x7A, 0xE9, 0x5A, 0x88, 0x06, 0xC7, 0xE4, 0x9E, 0x78,
    0xA2, 0xEA, 0x48, 0x07, 0x5E, 0xEE, 0x30, 0x9E, 0x6C, 0x9D, 0x41, 0x8C, 0xA3, 0xB1, 0x0B, 0xA3,
    0x99, 0x85, 0xC9, 0x08, 0x79, 0x9D, 0x79, 0x28, 0x6C, 0xDE, 0xC2, 0x65, 0xCA, 0x3A, 0x3A, 0x04,
    0x85, 0x1B, 0xE2, 0x91, 0xB2, 0x23, 0xED, 0x69, 0x3A, 0x4C, 0x17, 0x7F, 0x18, 0xEE, 0x4F, 0x7F,
    0xEA, 0x68, 0xC8, 0xFF, 0x6C, 0x51, 0x41, 0x29, 0x9F, 0x0C, 0x0B, 0x3B, 0xE3, 0x21, 0xB7, 0x85,
    0x83, 0x4B, 0x76, 0x13, 0x7D, 0x1B, 0x7E, 0x1B, 0x7F, 0x2B, 0x60, 0xAB, 0x60, 0x2B, 0x61, 0xA3,
    0x61, 0x27, 0x62, 0xA3, 0x62, 0x27, 0x63, 0xD5, 0xB1, 0xFF, 0x2E, 0x20, 0xAA, 0x89, 0xA0, 0x64,
    0x6A, 0x20, 0xED, 0xA3, 0xDB, 0x15, 0x98, 0x0E, 0xEE, 0x12, 0x5C, 0xC5, 0x03, 0x34, 0x90, 0xB7,
    0x44, 0xD3, 0x7A, 0x2D, 0x19, 0x48, 0x1F, 0xBE, 0xB6, 0xFE, 0x5A, 0x8D, 0x14, 0x8E, 0x83, 0xD3,
    0xDB, 0x2C, 0xA5, 0x4B, 0x74, 0x44, 0x2A, 0x4F, 0xDA, 0xB3, 0x94, 0x70, 0xF0, 0x10, 0xCA, 0x38,
    0x88, 0xC9, 0xBA, 0x55, 0x8C, 0xEC, 0x2A, 0x26, 0x5F, 0xC5, 0x2C, 0x65, 0x1D, 0xE4, 0x2E, 0xA5,
    0x5D, 0xB4, 0x50, 0xAA, 0xAE, 0x6A, 0xC8, 0x1E, 0x20, 0xF6, 0x2C, 0xC4, 0xAB, 0xE3, 0x35, 0x2F,
    0x8E, 0x90, 0x18, 0x39, 0x42, 0x66, 0xEE, 0xD7, 0xD0, 0x90, 0xFF, 0x85, 0x0D, 0x62, 0xAE, 0x16,
    0x36, 0x88, 0x69, 0xE4, 0x82, 0x18, 0xC9, 0xAD, 0xF7, 0x5C, 0x85, 0xCA, 0xC2, 0x77, 0x00, 0x58,
    0xF3, 0x41, 0xE1, 0x37, 0x67, 0xDE, 0x41, 0x6C, 0x59, 0x6D, 0x0F, 0x28, 0x6B, 0x28, 0x2D, 0x85,
    0x6C, 0x2C, 0x91, 0xE9, 0xFB, 0xE4, 0x3E, 0x84, 0xD9, 0x9D, 0x69, 0x1F, 0x56, 0xCE, 0xF2, 0x83,
    0xA6, 0xCD, 0xA5, 0x3A, 0xD3, 0x04, 0xCD, 0x09, 0x3B, 0x73, 0xB0, 0x1D, 0xFE, 0xB2, 0x40, 0xD3,
    0x02, 0x26, 0x20, 0x72, 0x6C, 0x2C, 0x3A, 0x06, 0x12, 0x01, 0x99, 0x2C, 0x98, 0x80, 0x42, 0x21,
    0x68, 0xE3, 0x40, 0xA5, 0x23, 0x9A, 0x0B, 0x47, 0x32, 0x16, 0x2D, 0xE9, 0x90, 0x77, 0x18, 0x6F,
    0x3C, 0x79, 0xBB, 0x20, 0x04, 0xA6, 0x79, 0xEF, 0x4E, 0x8F, 0xA4, 0x21, 0x0E, 0x48, 0xA6, 0xE3,
    0xDF, 0x19, 0xB3, 0x9E, 0x64, 0xCC, 0x3D, 0xC9, 0x54, 0xB6, 0xC4, 0x53, 0xE5, 0x88, 0x67, 0x76,
    0xF6, 0x7B, 0xBB, 0xB5, 0xBA, 0x5A, 0x90, 0xA8, 0xDE, 0xCD, 0x4C, 0x96, 0xC7, 0x23, 0xA8, 0x00,
    0x62, 0x75, 0x60, 0x3E, 0x1C, 0x16, 0x5C, 0xEB, 0xE1, 0xCB, 0x3C, 0xFD, 0x58, 0xB4, 0x24, 0xC3,
    0x15, 0x30, 0x1A, 0xE1, 0x6A, 0xD5, 0xC3, 0xAF, 0xEE, 0xD7, 0x9F, 0xB7, 0x8C, 0x88, 0x43, 0x30,
    0x6F, 0x0E, 0x0B, 0x7E, 0x32, 0x6E, 0x7B, 0x11, 0x17, 0x3E, 0xF7, 0x6C, 0x5C, 0xB1, 0x80, 0x5A,
    0x88, 0x5B, 0x0F, 0x89, 0x5B, 0x10, 0xBF, 0xED, 0xB7, 0xD7, 0xB8, 0xCC, 0xE7, 0x2C, 0x28, 0x44,
    0x5A, 0x96, 0x15, 0xB6, 0x4B, 0x2B, 0x90, 0x6F, 0xDB, 0x52, 0xEF, 0x9D, 0xD6, 0x80, 0x42, 0x40,
    0x88, 0xE7, 0xAA, 0x06, 0x48, 0xC7, 0xCA, 0x02, 0x18, 0xDF, 0xAC, 0x6D, 0xD1, 0x09, 0x80, 0xCA,
    0x49, 0x23, 0x20, 0xA4, 0x01, 0x92, 0x29, 0x5A, 0xDB, 0x6C, 0x88, 0x27, 0x80, 0xDC, 0xC7, 0x23,
    0xAB, 0x57, 0xAD, 0x6D, 0xB3, 0x69, 0xA3, 0xA0, 0x0E, 0x48, 0x46, 0xD2, 0xD0, 0x9A, 0x3E, 0xE8,
    0xF0, 0x14, 0x1D, 0x26, 0xB4, 0x95, 0xDB, 0xB4, 0x70, 0xE9, 0xDF, 0x80, 0x58, 0xEA, 0x56, 0x85,
    0x03, 0x54, 0xD2, 0x44, 0xA4, 0x36, 0x15, 0xC9, 0x4C, 0x24, 0xB2, 0x01, 0x64, 0x8D, 0x87, 0xE3,
    0x70, 0x3F, 0x50, 0xBA, 0x4F, 0xB2, 0x3A, 0xC3, 0x90, 0xC3, 0x23, 0xCA, 0x16, 0x33, 0x50, 0x7A,
    0x0A, 0x4F, 0x3E, 0x7F, 0x4B, 0xED, 0x9A, 0x88, 0x9A, 0x38, 0xB8, 0x87, 0x4A, 0x2D, 0x10, 0x7B,
    0x02, 0x1F, 0xC0, 0x76, 0x60, 0x13, 0x5D, 0x77, 0x00, 0x26, 0xF0, 0xD2, 0x9D, 0xC0, 0x52, 0x00,
    0x97, 0x6F, 0xF3, 0xC8, 0x7E, 0x3D, 0xE0, 0xD5, 0x80, 0xD5, 0x49, 0x31, 0x00, 0x71, 0x00, 0x37,
    0xD8, 0xD8, 0x9A, 0xFA, 0x90, 0xEF, 0x2D, 0x4E, 0x4F, 0xEB, 0x68, 0x06, 0xE2, 0x29, 0x60, 0x04,
    0x92, 0x47, 0x48, 0xA5, 0x61, 0x45, 0x10, 0xD8, 0x63, 0x7A, 0xC0, 0x78, 0x3E, 0xFD, 0xE1, 0xBB,
    0x94, 0xFC, 0x23, 0x74, 0xEC, 0xEC, 0xCB, 0x40, 0x34, 0x02, 0x79, 0x40, 0xD3, 0x01, 0x33, 0x40,
    0xCB, 0xE3, 0x11, 0x94, 0x3A, 0xA0, 0x1A, 0x20, 0x99, 0xE7, 0x05, 0xED, 0x55, 0x88, 0xD9, 0xFB,
    0xDC, 0xB5, 0xD8, 0x27, 0x20, 0xE9, 0x5F, 0x5D, 0x30, 0x68, 0xED, 0xAD, 0xD7, 0x1E, 0x43, 0x4A,
    0x6E, 0xC1, 0x04, 0xAA, 0xA9, 0x3C, 0xA9, 0x87, 0x1F, 0xAE, 0x02, 0x40, 0xEB, 0x31, 0x7F, 0xF2,
    0x45, 0x2A, 0x1D, 0xC2, 0x91, 0xF5, 0xC1, 0xFD, 0x7A, 0x7C, 0xCA, 0x8B, 0xD4, 0x6A, 0x4F, 0x13,
    0xF7, 0xE4, 0x3D, 0x6A, 0xA3, 0x89, 0xA8, 0xE5, 0x7C, 0xDC, 0x66, 0x35, 0x4D, 0x9F, 0x6A, 0x4A,
    0xDB, 0xEF, 0xFE, 0x3F, 0xBE, 0x74, 0x0E, 0x3E, 0xED, 0x85, 0xC4, 0x8F, 0xA9, 0x9F, 0x17, 0x2E,
    0xFD, 0x73, 0x70, 0x78, 0xF1, 0xF8, 0x10, 0xA8, 0x24, 0x0B, 0x8D, 0xE4, 0x57, 0x8E, 0x20, 0xF2,
    0x39, 0x30, 0x56, 0x70, 0x8B, 0x6C, 0x60, 0x63, 0xE3, 0x29, 0xB0, 0x94, 0x16, 0x56, 0x5B, 0xCE,
    0x88, 0x17, 0xA6, 0x23, 0x44, 0xDA, 0x13, 0xCD, 0xAC, 0xB3, 0xE8, 0x1A, 0x71, 0x08, 0xAC, 0x3C,
    0xE6, 0x83, 0x17, 0xE4, 0xC8, 0x25, 0x41, 0x21, 0x0D, 0x81, 0xB3, 0xE5, 0x91, 0x65, 0xFE, 0x39,
    0xA0, 0xD4, 0x00, 0xBC, 0xD2, 0x74, 0xC0, 0xAD, 0x03, 0xCB, 0xAE, 0xBA, 0x60, 0xCF, 0xA2, 0x3A,
    0xE8, 0x96, 0x5B, 0xD9, 0x51, 0xBA, 0x48, 0x7E, 0x61, 0xAC, 0x81, 0xB2, 0x8E, 0x35, 0x52, 0xD5,
    0x61, 0x84, 0x34, 0x36, 0x19, 0x45, 0x43, 0x3A, 0x34, 0xB5, 0x16, 0x96, 0x4E, 0x64, 0x7D, 0xF1,
    0xF6, 0x8C, 0xF1, 0xE6, 0xDF, 0xA7, 0x85, 0xD9, 0xC3, 0xC0, 0x44, 0x23, 0x79, 0x17, 0x07, 0xB6,
    0x2C, 0x2C, 0x5A, 0x9A, 0x61, 0xCD, 0x49, 0x1F, 0x58, 0xF8, 0x40, 0xE3, 0xD9, 0x59, 0x62, 0x03,
    0xD3, 0x2E, 0x30, 0x9B, 0x02, 0x63, 0x39, 0x80, 0xA2, 0x0E, 0x8C, 0x77, 0x6A, 0x3F, 0x39, 0x0B,
    0x8F, 0x6B, 0x6E, 0x67, 0x22, 0xB5, 0x89, 0x6C, 0x32, 0x43, 0xD8, 0x1F, 0x61, 0x5D, 0x81, 0x16,
    0xB6, 0x45, 0x07, 0x61, 0xC7, 0xE5, 0xE3, 0x2C, 0x5D, 0xB5, 0x32, 0xF4, 0x9B, 0x3A, 0x50, 0x94,
    0x1D, 0xC9, 0x4C, 0xD1, 0x63, 0x46, 0xCC, 0x7C, 0xAD, 0xF1, 0xA4, 0xEB, 0x68, 0x8B, 0x82, 0x7B,
    0x28, 0xD4, 0x01, 0x1C, 0x71, 0xC6, 0x22, 0x17, 0x68, 0x56, 0x36, 0x81, 0xE9, 0x0C, 0x90, 0x75,
    0x81, 0x07, 0xF0, 0x45, 0xD4, 0xFC, 0x4A, 0x40, 0xAA, 0x1A, 0x28, 0xEE, 0x7B, 0xE0, 0x6A, 0x1C,
    0xF8, 0x14, 0x87, 0x5F, 0x40, 0xB5, 0xBB, 0xBA, 0xED, 0x81, 0xBB, 0xBB, 0xBA, 0xFD, 0x42, 0xE9,
    0xDC, 0xC3, 0x02, 0xC5, 0x4D, 0x0F, 0x94, 0x7F, 0xEF, 0x1F, 0xF5, 0x9F, 0xE0, 0x8B, 0x56, 0xB1,
    0xB1, 0xCB, 0x30, 0xDD, 0x12, 0xA5, 0x57, 0x9D, 0x6A, 0x22, 0x56, 0x0F, 0x72, 0xC4, 0xEA, 0x30,
    0x1A, 0x28, 0x7F, 0x3A, 0xD1, 0x5C, 0x9B, 0x78, 0x8E, 0xBF, 0x64, 0x63, 0xD1, 0x0F, 0x4E, 0x2E,
    0x5A, 0x28, 0x34, 0x55, 0x36, 0x38, 0xD5, 0xC4, 0x1A, 0xC1, 0x43, 0x3E, 0x51, 0xF6, 0x04, 0x05,
    0xCD, 0x08, 0x5A, 0x27, 0x88, 0x48, 0x64, 0xFF, 0x31, 0x12, 0x4F, 0x14, 0xF7, 0x26, 0x92, 0x91,
    0x26, 0x0E, 0x4D, 0x3C, 0x86, 0xA9, 0x72, 0xCC, 0x7C, 0x68, 0x86, 0xC2, 0xA5, 0xE1, 0x5F, 0x0D,
    0x59, 0xCF, 0x3A, 0x47, 0x78, 0x12, 0xF9, 0xE0, 0x28, 0x96, 0x8B, 0xE4, 0x40, 0xEF, 0xE6, 0x82,
    0x44, 0x6B, 0xA6, 0xCC, 0xFD, 0x35, 0x6D, 0xE5, 0x9F, 0x6A, 0xDE, 0xA4, 0xDB, 0xF2, 0xB1, 0x27,
    0x09, 0x0A, 0x0B, 0x94, 0x1E, 0x30, 0x13, 0x10, 0x05, 0xF0, 0xCB, 0x5B, 0xFD, 0x47, 0x70, 0x94,
    0x04, 0x45, 0xC9, 0x40, 0x32, 0xA6, 0x01, 0x59, 0x1F, 0xE0, 0x49, 0x07, 0xB3, 0xA0, 0x5F, 0x90,
    0xF5, 0xA6, 0xC3, 0xF8, 0x3C, 0xA0, 0x68, 0xD7, 0x14, 0x91, 0x07, 0xAC, 0x89, 0x2F, 0xDD, 0x16,
    0x21, 0xEB, 0x6D, 0x24, 0xCA, 0x07, 0x2F, 0xCC, 0xE4, 0xDB, 0xF5, 0xB5, 0x23, 0xD2, 0xFC, 0x09,
    0x59, 0x07, 0x01, 0xAF, 0xEE, 0x26, 0x83, 0xB2, 0x0F, 0xB0, 0xC0, 0x33, 0x3C, 0x46, 0x55, 0x71,
    0x07, 0x14, 0x13, 0xA0, 0xC6, 0x12, 0xF5, 0xF9, 0x02, 0x1B, 0x3F, 0x1E, 0x41, 0x17, 0x9E, 0x00,
    0xC6, 0xC2, 0x12, 0x4D, 0x65, 0xBD, 0xF6, 0xC2, 0xB5, 0xC7, 0x98, 0x1C, 0x6E, 0xEC, 0xDE, 0x9A,
    0xCB, 0x05, 0xB1, 0x6A, 0x48, 0x06, 0x20, 0xAE, 0xD9, 0xD8, 0x45, 0xCB, 0xDE, 0x61, 0xD9, 0x52,
    0xF8, 0x75, 0xDD, 0xCA, 0x3D, 0xB2, 0xA6, 0x8F, 0x67, 0xB2, 0x61, 0x7D, 0x12, 0x30, 0x3D, 0xC9,
    0x54, 0x74, 0xC4, 0xF3, 0x3A, 0x30, 0x65, 0x61, 0x8D, 0xD1, 0x8C, 0xAB, 0xCF, 0x80, 0xFF, 0x69,
    0x5B, 0xAD, 0xB1, 0x01, 0x00, 0x0A, 0x38, 0x0E, 0xD0, 0x23, 0xCC, 0x40, 0xA4, 0xD3, 0x43, 0x62,
    0x69, 0x0A, 0x50, 0x9D, 0xCC, 0x6F, 0xC8, 0x25, 0x23, 0x65, 0x9B, 0x0E, 0x14, 0xDD, 0x82, 0xBC,
    0xCB, 0x7A, 0x8A, 0xDD, 0x6B, 0x57, 0xBC, 0xD9, 0xD7, 0x5B, 0x7F, 0x6F, 0x40, 0xFD, 0x29, 0x5B,
    0x7A, 0xBB, 0x91, 0xB4, 0x66, 0xC2, 0x48, 0x8E, 0x52, 0xEA, 0x68, 0xDA, 0xC2, 0xA3, 0xDD, 0x06,
    0x62, 0x88, 0xB1, 0x04, 0x8A, 0xB4, 0xF9, 0x7F, 0x58, 0xDF, 0xF0, 0xD2, 0x3E, 0xF7, 0x64, 0x3E,
    0x9F, 0xAD, 0xF1, 0x99, 0x3A, 0xE3, 0x23, 0x8D, 0xA6, 0x23, 0x9B, 0xF2, 0x8E, 0x78, 0x2A, 0x7E,
    0x32, 0x2E, 0xB8, 0x37, 0x26, 0x63, 0xF9, 0xA6, 0xEE, 0x0C, 0xA5, 0x93, 0xBA, 0xAA, 0x2E, 0x64,
    0xE1, 0xD1, 0xEA, 0xE2, 0x20, 0x1A, 0x20, 0x91, 0x85, 0xA6, 0x83, 0xAC, 0xDB, 0x2D, 0xA3, 0xEC,
    0xEB, 0x84, 0x52, 0x03, 0xD2, 0x94, 0xCC, 0xCF, 0xCF, 0xE9, 0x10, 0x09, 0xA2, 0x99, 0x4B, 0x6F,
    0xCC, 0xE1, 0xE7, 0x1B, 0x69, 0x2C, 0xBA, 0x75, 0xF3, 0x78, 0x2C, 0xDB, 0x62, 0x28, 0x1F, 0xAA,
    0x2F, 0xF4, 0x5F, 0x7D, 0xA6, 0xEF, 0x79, 0x8E, 0xCE, 0xEE, 0x80, 0xA4, 0x1E, 0x2A, 0x4F, 0xAC,
    0x9A, 0xA4, 0x87, 0xC4, 0x72, 0x7E, 0xFE, 0x73, 0x88, 0xD4, 0xAD, 0xDB, 0x19, 0xC6, 0x0E, 0x7C,
    0x89, 0x27, 0xCF, 0xCD, 0x77, 0x32, 0xFC, 0x0A, 0x46, 0x23, 0x57, 0xAE, 0xF7, 0x61, 0x77, 0xE2,
    0x5C, 0xFC, 0x46, 0x1C, 0x62, 0xDE, 0x1A, 0x30, 0xFF, 0x3C, 0xAE, 0x6D, 0xC4, 0x85, 0xF3, 0xD1,
    0x7B, 0xC5, 0x82, 0x5A, 0xE2, 0xD6, 0x13, 0x3B, 0xBF, 0xD9, 0x3F, 0x50, 0x0B, 0x97, 0xCF, 0x31,
    0xD7, 0xAB, 0x9B, 0x7C, 0x82, 0x42, 0x0F, 0x24, 0x87, 0x82, 0x75, 0xB1, 0x9E, 0x57, 0x5F, 0xF8,
    0x64, 0x40, 0xEB, 0xBA, 0x89, 0x48, 0x07, 0x2E, 0x9D, 0xEE, 0x76, 0x1A, 0xA4, 0xDE, 0x2C, 0x38,
    0x3D, 0xBD, 0xB5, 0x44, 0x98, 0x80, 0x25, 0xC8, 0x4C, 0xDE, 0x2E, 0x71, 0x64, 0x1B, 0x57, 0xCE,
    0x5A, 0x8C, 0x42, 0x53, 0xA9, 0x91, 0x4C, 0x5D, 0xA6, 0x16, 0x9E, 0x5C, 0x0F, 0xE0, 0xFF, 0xF6,
    0x19, 0xAE, 0xDC, 0x6D, 0x29, 0xF6, 0xF0, 0x4B, 0x03, 0x30, 0x10, 0xBF, 0xD1, 0x93, 0xAA, 0x63,
    0xFF, 0xD4, 0xB2, 0x5A, 0x5C, 0xB3, 0x29, 0xCB, 0x19, 0x22, 0x39, 0xC8, 0x5D, 0xB8, 0x78, 0x26,
    0x76, 0x97, 0x48, 0x83, 0x99, 0xB2, 0x31, 0xEF, 0xE2, 0xA9, 0x74, 0xD1, 0x54, 0x49, 0xEB, 0xD9,
    0x9C, 0x9E, 0xBE, 0xB6, 0x89, 0xBF, 0x7F, 0xAB, 0x6A, 0xCF, 0xC6, 0xEE, 0xE1, 0x22, 0x3B, 0x3B,
    0x81, 0xAC, 0x85, 0xA6, 0x25, 0x95, 0x25, 0x7D, 0x17, 0xF6, 0xE1, 0xFC, 0xFC, 0x5F, 0x81, 0x58,
    0x2D, 0xF9, 0x7D, 0x4F, 0xF1, 0x9B, 0x9E, 0xA7, 0x79, 0xEA, 0x5C, 0x7C, 0x47, 0x58, 0xF2, 0x7B,
    0x9E, 0xE2, 0xC7, 0xFD, 0xDA, 0x46, 0xD8, 0x73, 0xD2, 0x1C, 0xD7, 0x24, 0x9E, 0x74, 0x5E, 0xD3,
    0x5D, 0xB8, 0x4D, 0xB2, 0xE3, 0xD7, 0x3E, 0x7A, 0x8B, 0xCB, 0x7A, 0x32, 0x8F, 0xD9, 0x1C, 0x1D,
    0x79, 0xF7, 0xC9, 0xEF, 0x80, 0xAB, 0xB9, 0x90, 0xD5, 0xA6, 0x4D, 0x65, 0xD3, 0x8E, 0x7D, 0xF8,
    0xDF, 0x38, 0x79, 0x85, 0x54, 0xED, 0x92, 0xB9, 0x2B, 0xB1, 0x7F, 0x8A, 0xA7, 0x7E, 0x51, 0x0F,
    0x11, 0x36, 0xBF, 0xE9, 0x97, 0x04, 0x2D, 0x8C, 0xB0, 0xBF, 0xB8, 0x80, 0x8B, 0xD6, 0x82, 0xB9,
    0xEF, 0x20, 0x57, 0x0D, 0x1A, 0x81, 0x07, 0x13, 0xC0, 0x1C, 0xBE, 0x24, 0x36, 0x50, 0xAD, 0xA9,
    0x93, 0x6C, 0xA6, 0x3B, 0xB2, 0x79, 0x9F, 0xC8, 0x96, 0x2D, 0xB2, 0x95, 0x0B, 0xA8, 0x11, 0x8D,
    0x0D, 0xA8, 0xA3, 0x99, 0x6A, 0x5D, 0x87, 0x7C, 0xDE, 0x93, 0x4B, 0x1D, 0x99, 0x54, 0x13, 0x69,
    0x00, 0xF6, 0xD8, 0x59, 0x34, 0x19, 0x4B, 0x26, 0x81, 0x79, 0x71, 0x84, 0xAF, 0xC4, 0x27, 0xAC,
    0x16, 0xDF, 0x2E, 0x7A, 0x92, 0x07, 0x9A, 0x49, 0x24, 0x91, 0xEA, 0xCF, 0x65, 0xB3, 0x89, 0xA6,
    0xCE, 0x06, 0xAA, 0xDA, 0x78, 0x1A, 0xBB, 0x41, 0x87, 0xC8, 0x03, 0x8A, 0x96, 0x99, 0xD2, 0x45,
    0x01, 0xF1, 0x14, 0xB0, 0xBE, 0x93, 0x8E, 0x1F, 0x1F, 0x55, 0xE9, 0xA7, 0x8D, 0xAA, 0x19, 0x1A,
    0xB5, 0x89, 0xD4, 0x2F, 0x23, 0x7A, 0xCC, 0x7D, 0xD8, 0x7E, 0x0C, 0xBB, 0x8F, 0x61, 0x43, 0x31,
    0x9E, 0x1A, 0x9B, 0x4C, 0xCD, 0xE2, 0xA8, 0x72, 0x66, 0x28, 0xBB, 0xCA, 0x17, 0x67, 0x47, 0xF4,
    0xDE, 0xCF, 0x19, 0x55, 0xE7, 0xE6, 0xFF, 0xEC, 0xA8, 0x8A, 0xD7, 0x51, 0x75, 0x6E, 0xBE, 0xB3,
    0xFE, 0x39, 0x0A, 0x0D, 0xBC, 0x52, 0x79, 0x7E, 0xFF, 0xC0, 0x9E, 0x8B, 0xDF, 0x75, 0xB4, 0xDE,
    0x5C, 0x47, 0xEB, 0xDA, 0x46, 0xD8, 0x73, 0xD3, 0x6B, 0x1C, 0x14, 0x1E, 0x4A, 0x0F, 0x79, 0xF7,
    0xE8, 0x51, 0xAD, 0x91, 0x5C, 0x38, 0xB5, 0x9C, 0x00, 0x3C, 0x09, 0xCC, 0x10, 0x6B, 0x73, 0x32,
    0x71, 0xC6, 0xA2, 0xE6, 0xED, 0xDB, 0x18, 0xA9, 0xA3, 0x92, 0x6A, 0xF4, 0x2F, 0xAA, 0x63, 0xC5,
    0x72, 0xC9, 0x98, 0xC9, 0xA5, 0x43, 0x51, 0xB5, 0x59, 0x7F, 0xB7, 0x74, 0xE6, 0x3F, 0xFB, 0x05,
    0x6A, 0x2B, 0x97, 0xC9, 0xCA, 0xA6, 0x73, 0x2A, 0x12, 0x69, 0x0C, 0xB7, 0x7A, 0xCA, 0xEB, 0xB2,
    0x10, 0x1D, 0xC2, 0x47, 0x55, 0x46, 0xD2, 0x07, 0xCC, 0x6C, 0x0B, 0x8D, 0x3C, 0x60, 0x5B, 0x6A,
    0x1C, 0xDC, 0xE2, 0x25, 0x8C, 0xDF, 0x15, 0x6D, 0xDE, 0xAE, 0x95, 0x1B, 0xAD, 0x95, 0x3B, 0x6D,
    0x2B, 0x37, 0x14, 0x6D, 0x15, 0xD0, 0xD8, 0x74, 0x41, 0x6D, 0x06, 0x9A, 0xB6, 0xEA, 0xA9, 0xD6,
    0x90, 0x7A, 0xDF, 0x63, 0xF4, 0x6D, 0x0F, 0x87, 0x70, 0xB6, 0xFA, 0xC8, 0x5A, 0xA0, 0x59, 0x90,
    0xC8, 0x42, 0xDA, 0x03, 0xFB, 0x96, 0xCF, 0x34, 0xEE, 0x15, 0x36, 0x65, 0x49, 0x7E, 0xBF, 0x5F,
    0x70, 0xCD, 0x13, 0x2A, 0xF3, 0x33, 0x0A, 0x19, 0x61, 0xC1, 0xAC, 0x9F, 0x80, 0x37, 0x5F, 0x84,
    0xFD, 0x7A, 0xED, 0xB3, 0x4D, 0xAC, 0x03, 0xB2, 0x80, 0xA6, 0x85, 0x74, 0xDE, 0x6D, 0xDF, 0xEC,
    0xC6, 0x36, 0x97, 0xEB, 0xE5, 0x28, 0x5B, 0x9A, 0xBA, 0x58, 0xE3, 0x6E, 0x1E, 0x8E, 0xD3, 0x11,
    0xB3, 0xBE, 0x89, 0xAC, 0x4F, 0xC5, 0x63, 0xE9, 0x48, 0xC6, 0xC6, 0x92, 0x4C, 0x82, 0x58, 0x23,
    0xDB, 0x79, 0x50, 0x3E, 0xA0, 0xDD, 0x3D, 0xEC, 0x0B, 0x88, 0xE7, 0xDD, 0x4E, 0xAD, 0xE9, 0x77,
    0x1B, 0xB2, 0xA5, 0x5B, 0xE7, 0x66, 0x3E, 0xED, 0x1D, 0x21, 0xC0, 0x02, 0x4D, 0x80, 0xB2, 0x09,
    0x54, 0xA9, 0x46, 0x52, 0x17, 0xE9, 0x83, 0xC6, 0xC7, 0xB2, 0xF9, 0xA3, 0x57, 0x91, 0x74, 0x41,
    0xE8, 0x85, 0xC5, 0x20, 0x48, 0xF4, 0xD9, 0x44, 0xD9, 0x19, 0x5D, 0x93, 0xDB, 0x7D, 0xEC, 0x9F,
    0xC8, 0xDF, 0x51, 0x47, 0xDE, 0x3E, 0xF9, 0x73, 0x3F, 0xF6, 0x47, 0x58, 0xD6, 0xC1, 0xBD, 0x8E,
    0xF2, 0xB5, 0x17, 0xAE, 0x3D, 0x8E, 0xBC, 0xFC, 0x37, 0xCD, 0x9A, 0x31, 0x90, 0xDE, 0xC6, 0x75,
    0xC7, 0x1F, 0x00, 0x92, 0x9F, 0x73, 0x18, 0xCD, 0xAA, 0xE0, 0x65, 0x12, 0xD2, 0xC9, 0xA6, 0x48,
    0xE1, 0xA1, 0x66, 0xB8, 0x4D, 0x4A, 0xCB, 0x80, 0xC7, 0x49, 0x5C, 0xB8, 0x08, 0x0B, 0xDE, 0xB8,
    0x50, 0xA1, 0x14, 0x29, 0x64, 0xA6, 0x48, 0x93, 0xC2, 0x85, 0x24, 0xAC, 0xA9, 0xC9, 0xB8, 0x48,
    0xC3, 0x14, 0x49, 0x7D, 0x85, 0x0A, 0xF2, 0x3C, 0x13, 0xA6, 0x48, 0x91, 0xC9, 0xD0, 0x06, 0x24,
    0x97, 0x2E, 0xB2, 0xB2, 0xCA, 0x14, 0x41, 0x14, 0x7B, 0x1C, 0x47, 0x85, 0x36, 0x99, 0x95, 0x0D,
    0x52, 0x00, 0x5E, 0xDE, 0x7F, 0x0F, 0x7B, 0x1F, 0x78, 0xF3, 0x8D, 0x6C, 0x4B, 0xC7, 0x3B, 0xAE,
    0xBE, 0xFD, 0xE1, 0x13, 0x3E, 0xE2, 0xBD, 0xF7, 0x7F, 0x58, 0x2C, 0x76, 0x77, 0x8F, 0xA8, 0x62,
    0xA6, 0x2D, 0x67, 0xDA, 0x55, 0xB2, 0x03, 0xB0, 0x60, 0xB0, 0xE4, 0x5A, 0xA8, 0x22, 0x0D, 0x5B,
    0x5C, 0xD5, 0x76, 0x42, 0xAE, 0x84, 0xD9, 0x6C, 0x84, 0xC5, 0x68, 0x1C, 0xD1, 0x66, 0xD0, 0x3D,
    0x91, 0xF2, 0xCA, 0x13, 0x69, 0x07, 0x56, 0x1D, 0xD8, 0xFE, 0xCF, 0xC3, 0x40, 0xC4, 0xCC, 0x03,
    0xE5, 0x91, 0xC5, 0x74, 0xF0, 0xCD, 0x91, 0xCA, 0x20, 0xD7, 0x91, 0xF6, 0xF2, 0xBF, 0x54, 0x39,
    0xCA, 0x27, 0x6A, 0x3A, 0xCA, 0xE7, 0x25, 0x34, 0xE0, 0x74, 0x78, 0x57, 0xF8, 0x1E, 0xCE, 0x0D,
    0x30, 0x36, 0x51, 0x31, 0x7F, 0x7D, 0x16, 0x9F, 0x19, 0x13, 0xC2, 0x20, 0xBA, 0xF6, 0xBD, 0x19,
    0xF6, 0x27, 0x52, 0xCC, 0x23, 0x99, 0xBE, 0x18, 0xC5, 0x7F, 0x29, 0x70, 0x66, 0xA0, 0xEA, 0x09,
    0x07, 0x32, 0xFC, 0xCB, 0x20, 0x72, 0xBE, 0xEB, 0x89, 0x6E, 0x1F, 0xCB, 0xA4, 0x4B, 0x44, 0xAA,
    0x7E, 0x59, 0xF0, 0xDE, 0x08, 0xA5, 0x01, 0xA2, 0x45, 0x04, 0x1D, 0xAD, 0x32, 0x81, 0x73, 0x29,
    0x0F, 0x0A, 0x90, 0x2C, 0x2C, 0x49, 0x40, 0x0E, 0x90, 0x82, 0x98, 0x81, 0x98, 0x80, 0xA8, 0x3F,
    0xCA, 0x8F, 0xEA, 0xA3, 0xF8, 0xA8, 0x3D, 0x07, 0xA2, 0xF2, 0x28, 0x3C, 0xEA, 0x8E, 0xB2, 0xA3,
    0x6A, 0x84, 0x82, 0x48, 0x24, 0x90, 0x47, 0x88, 0x03, 0x61, 0x20, 0x8A, 0xA4, 0x1B, 0xB2, 0xA1,
    0x1A, 0xA2, 0xA1, 0x19, 0x92, 0xA1, 0x18, 0x82, 0xA1, 0x17, 0x72, 0xA1, 0x16, 0x62, 0xA1, 0x15,
    0x52, 0xA3, 0xD2, 0xDB, 0xE7, 0x29, 0x02, 0x6D, 0x40, 0xA0, 0x63, 0x23, 0x21, 0xE0, 0x8F, 0x81,
    0x11, 0xE7, 0x00, 0xFA, 0x9C, 0x7A, 0xFE, 0x56, 0xF4, 0x34, 0x62, 0x5C, 0x6C, 0xE5, 0xB8, 0x55,
    0xE1, 0x96, 0xA8, 0x72, 0x44, 0xDC, 0xD1, 0xBA, 0xE4, 0x16, 0xD4, 0x60, 0xC6, 0xA0, 0x9A, 0x08,
    0x74, 0xE0, 0x0B, 0xB4, 0x2D, 0xD7, 0x7E, 0x2E, 0xC8, 0x19, 0xA9, 0xD6, 0x68, 0x98, 0xD4, 0xA0,
    0xFD, 0x64, 0xEC, 0x36, 0x4C, 0xC5, 0x2C, 0x5F, 0xA8, 0x44, 0x63, 0xAB, 0xD1, 0x8A, 0x0F, 0xC8,
    0xF4, 0x51, 0x52, 0x77, 0x9A, 0xCD, 0x8A, 0x48, 0xE5, 0x6D, 0x34, 0x67, 0x35, 0x50, 0xE5, 0xC9,
    0x48, 0x16, 0xE7, 0x3F, 0x61, 0x47, 0x25, 0x33, 0x5B, 0x82, 0x3A, 0x82, 0x17, 0x87, 0xD0, 0x6E,
    0xD1, 0x49, 0xB9, 0x47, 0x54, 0xCA, 0xB9, 0x56, 0xD2, 0xCF, 0x35, 0x6D, 0x7A, 0xC9, 0x11, 0x4E,
    0x2F, 0x37, 0xAC, 0x65, 0x5F, 0x30, 0x8F, 0x6A, 0x7E, 0x75, 0xD2, 0xBE, 0x98, 0x2B, 0x97, 0x3D,
    0x80, 0x37, 0x64, 0xA2, 0xAD, 0xA5, 0xDA, 0xEC, 0x76, 0xDB, 0x95, 0x43, 0xD5, 0x1B, 0x5F, 0x31,
    0x77, 0x8A, 0x99, 0x72, 0xA8, 0xB9, 0xBC, 0x7A, 0xA0, 0x07, 0x30, 0x1F, 0xC1, 0x2C, 0x92, 0x6E,
    0x3D, 0x7F, 0x79, 0xF8, 0xBE, 0xD4, 0x79, 0x39, 0x5E, 0x3D, 0x53, 0xFD, 0x5F, 0xA2, 0x7F, 0x42,
    0x54, 0xDF, 0xE8, 0xC1, 0xE8, 0x76, 0x33, 0xA5, 0xCC, 0x3F, 0x67, 0x59, 0x78, 0x41, 0x82, 0xD5,
    0x77, 0x03, 0x69, 0xF6, 0x94, 0xE3, 0x49, 0xFD, 0xEB, 0x33, 0xCD, 0xC4, 0x61, 0x8E, 0xD0, 0x26,
    0x63, 0x85, 0x0C, 0xF3, 0xA4, 0x03, 0x41, 0x78, 0x4D, 0xA9, 0x1C, 0x1C, 0xE0, 0x3B, 0xF3, 0x5C,
    0x83, 0xDC, 0x47, 0x0E, 0x78, 0x42, 0xCD, 0x48, 0xF9, 0x84, 0x64, 0xE4, 0xF2, 0x85, 0xD1, 0x7F,
    0x53, 0xE2, 0x66, 0xD8, 0xB2, 0x0C, 0xC8, 0x96, 0x92, 0xF8, 0x67, 0xB0, 0x18, 0xC1, 0xCD, 0x48,
    0xBA, 0x87, 0x33, 0xED, 0xA8, 0xED, 0xC9, 0xFC, 0xF4, 0x2F, 0xD9, 0xA2, 0x9B, 0x9F, 0x09, 0x0C,
    0xE0, 0x13, 0x5A, 0x95, 0xF2, 0xE3, 0x51, 0xA8, 0xFE, 0x6F, 0x45, 0xFF, 0x6D, 0xA1, 0xFE, 0xC0,
    0x83, 0xEF, 0x77, 0x74, 0x7D, 0x32, 0x0E, 0xB1, 0xB5, 0x1D, 0x15, 0x2C, 0x72, 0x49, 0xCD, 0xAF,
    0x08, 0x8D, 0xCF, 0x60, 0xD9, 0x11, 0xD7, 0xB8, 0x0F, 0x6D, 0xCC, 0x0F, 0xC7, 0x0C, 0x81, 0x56,
    0x74, 0xC8, 0xF9, 0x02, 0x7E, 0x83, 0x99, 0xA2, 0xF7, 0x11, 0x9D, 0xE2, 0x27, 0xC2, 0x82, 0xDF,
    0x17, 0x2E, 0x8D, 0x6F, 0xFF, 0x00, 0x37, 0xA5, 0x89, 0x59, 0x6A, 0x99, 0x7D, 0x64, 0x14, 0xAB,
    0x67, 0x30, 0x67, 0x82, 0x2D, 0xAE, 0xC1, 0xB6, 0xCE, 0x27, 0x50, 0xAC, 0x09, 0x9B, 0x85, 0x33,
    0x31, 0xBD, 0x32, 0xDD, 0x46, 0x66, 0x02, 0xFE, 0x71, 0x19, 0x96, 0x6C, 0xA8, 0x01, 0x6C, 0xE4,
    0xCB, 0xC7, 0x88, 0x59, 0x33, 0x33, 0xFA, 0x64, 0x1E, 0x40, 0x24, 0x1E, 0x19, 0x08, 0xA0, 0xF2,
    0x00, 0xF3, 0x09, 0xF7, 0x1E, 0x3E, 0x16, 0x22, 0x8D, 0xCF, 0x3C, 0x03, 0x65, 0xB4, 0x79, 0x82,
    0x53, 0xE5, 0x00, 0x0D, 0x05, 0x6E, 0x17, 0x1C, 0x1D, 0x45, 0xCB, 0x94, 0x4F, 0x00, 0xAC, 0x14,
    0x27, 0xD8, 0x40, 0x1A, 0x00, 0x9B, 0x81, 0x54, 0x48, 0xCA, 0x22, 0x74, 0x0F, 0x38, 0x81, 0x01,
    0x2A, 0x24, 0x3B, 0x41, 0x7E, 0x42, 0x1E, 0x5B, 0x9E, 0x62, 0xA5, 0xA7, 0x3A, 0xC6, 0xBE, 0x10,
    0x93, 0x6A, 0x2A, 0x47, 0xDD, 0xE7, 0x53, 0xD5, 0x65, 0x13, 0x9E, 0x59, 0xD4, 0xF6, 0xE8, 0xE8,
    0xFE, 0xF1, 0x23, 0x71, 0xE5, 0xB0, 0x71, 0xEB, 0xC7, 0x41, 0x3C, 0xEF, 0xC3, 0x40, 0x9D, 0x11,
    0x15, 0x4E, 0xD5, 0x54, 0x84, 0xBF, 0xC2, 0x73, 0x8F, 0xC8, 0x91, 0x7E, 0xBA, 0x61, 0xCF, 0x5B,
    0xDF, 0x65, 0x49, 0xB7, 0xA6, 0xD7, 0x49, 0xFF, 0xDD, 0x40, 0x4A, 0xCE, 0x96, 0xE2, 0x2D, 0x7B,
    0x70, 0x46, 0x3A, 0x33, 0x40, 0x75, 0x02, 0x0D, 0x28, 0x20, 0x3B, 0xEF, 0x5B, 0xB8, 0xA3, 0x7F,
    0x3F, 0x03, 0x79, 0xE7, 0x2A, 0xA0, 0xB5, 0x62, 0x70, 0x80, 0x2D, 0x0F, 0x5B, 0xBE, 0xC6, 0xB3,
    0xD2, 0xA5, 0x21, 0xC6, 0x59, 0x34, 0xCB, 0xC6, 0x52, 0x36, 0xC2, 0xBE, 0xD4, 0x50, 0xEF, 0x18,
    0xDA, 0xE4, 0xDD, 0x06, 0x31, 0x34, 0x02, 0x86, 0xBE, 0x06, 0x71, 0xED, 0x5D, 0xC8, 0xBD, 0xC4,
    0x5B, 0x4A, 0xDD, 0x95, 0x2B, 0xB7, 0x6F, 0xA9, 0xB3, 0x69, 0xAE, 0x97, 0xE8, 0x45, 0xE1, 0x4D,
    0xFA, 0x17, 0x78, 0xFF, 0x53, 0x0F, 0x46, 0x9F, 0x2A, 0xA6, 0x39, 0x3D, 0x15, 0x28, 0xD7, 0xFE,
    0x15, 0xBA, 0x10, 0x16, 0x69, 0x46, 0x3E, 0xC4, 0x01, 0xE3, 0x7D, 0x5D, 0xB0, 0x45, 0xDF, 0x26,
    0x96, 0x07, 0xA2, 0x3B, 0x36, 0x4A, 0x3A, 0x79, 0x5F, 0x4B, 0x9A, 0x84, 0x19, 0xB3, 0x3D, 0x66,
    0xD3, 0x65, 0x47, 0x5C, 0xE3, 0x2D, 0xCA, 0xF8, 0x35, 0x13, 0x3A, 0x2A, 0x18, 0x2F, 0x6B, 0x35,
    0xCB, 0xE7, 0xAB, 0xED, 0x84, 0x1C, 0xF1, 0x04, 0x57, 0xBF, 0x18, 0xE1, 0xE5, 0x2D, 0x21, 0xDE,
    0xD7, 0xBF, 0x56, 0x27, 0x92, 0xF3, 0xD1, 0x21, 0xE2, 0xEB, 0x11, 0xDE, 0x3D, 0x9A, 0xF3, 0x91,
    0xE4, 0x23, 0x18, 0xB2, 0x91, 0x8A, 0x01, 0xFF, 0x3B, 0xBF, 0x1A, 0xE7, 0x47, 0x3D, 0x50, 0xD3,
    0xE6, 0xC9, 0xDB, 0xCB, 0x1D, 0x30, 0xFC, 0xF3, 0xA5, 0x0B, 0xD6, 0x1F, 0xCA, 0xAF, 0x55, 0x8D,
    0xA1, 0x38, 0x95, 0x9E, 0x98, 0x54, 0x4F, 0xFC, 0x5E, 0xE3, 0x60, 0xD3, 0x92, 0x81, 0xF8, 0xEC,
    0x1F, 0xEF, 0x11, 0xCA, 0x8B, 0x91, 0x23, 0x90, 0x4D, 0xE9, 0x3B, 0xCE, 0x3F, 0x57, 0x89, 0x5B,
    0xF7, 0x4A, 0x6E, 0xDB, 0x2B, 0x5D, 0x4C, 0xCE, 0x9E, 0x83, 0x7C, 0xE4, 0x6F, 0x83, 0xC5, 0x10,
    0x19, 0xC0, 0x2C, 0x92, 0x3C, 0xB0, 0x71, 0xA0, 0xAA, 0x69, 0x55, 0x0E, 0xA5, 0x16, 0x3D, 0x4E,
    0x13, 0x60, 0x9F, 0xEA, 0xE4, 0x2F, 0xD7, 0x17, 0x92, 0xC9, 0x03, 0xA2, 0xFD, 0x9A, 0x18, 0xD9,
    0x01, 0x1B, 0xBB, 0x27, 0x9D, 0x50, 0xDB, 0x1B, 0x96, 0x12, 0x22, 0xFD, 0x4B, 0xF3, 0xD1, 0x11,
    0x1F, 0x2E, 0x03, 0xC7, 0x38, 0xA6, 0xDC, 0xC4, 0x9C, 0x94, 0xC2, 0x71, 0xE1, 0x32, 0x64, 0x14,
    0x0E, 0x08, 0x65, 0x23, 0x74, 0x18, 0x0C, 0x19, 0x27, 0x27, 0x61, 0x7B, 0x4D, 0x2D, 0xD2, 0x2C,
    0xFE, 0x01, 0x3C, 0x1E, 0x43, 0xE3, 0x31, 0x34, 0xC0, 0xF5, 0xF9, 0xFE, 0x49, 0xD7, 0x67, 0x02,
    0x15, 0x13, 0x1F, 0xFB, 0x13, 0xFC, 0x03, 0xD7, 0xE5, 0x48, 0x6C, 0x55, 0xA0, 0xD6, 0x42, 0x5A,
    0x0D, 0xC0, 0x1C, 0xC3, 0x1A, 0x8B, 0x37, 0x09, 0x0E, 0x7D, 0x97, 0x20, 0x07, 0x8A, 0x51, 0x3C,
    0x09, 0x50, 0xB2, 0x49, 0xD5, 0x12, 0x2C, 0xA9, 0x57, 0x47, 0xFA, 0xDD, 0x1C, 0xDA, 0x21, 0x1F,
    0xFE, 0x97, 0x3A, 0x13, 0xB4, 0xA1, 0xEF, 0x85, 0x7F, 0xE8, 0x41, 0x85, 0x16, 0x54, 0xA8, 0x41,
    0xFC, 0xA9, 0xC2, 0x2D, 0xBC, 0x42, 0x22, 0x44, 0xA5, 0x8A, 0x52, 0x86, 0x2F, 0x1B, 0x1E, 0xDE,
    0x68, 0xFD, 0x5F, 0xEC, 0xD5, 0xB8, 0xA3, 0xF7, 0xC5, 0x10, 0x3E, 0x9B, 0x01, 0x56, 0x4A, 0x8F,
    0xEB, 0xF1, 0xE9, 0x61, 0xC4, 0x38, 0x5C, 0x16, 0x3F, 0x48, 0x8B, 0x62, 0xB6, 0xFA, 0xB8, 0xA6,
    0x16, 0xF1, 0xCC, 0x42, 0x6D, 0x78, 0x6A, 0x79, 0x62, 0x46, 0x82, 0x7E, 0xD3, 0x38, 0xB3, 0xFA,
    0x32, 0x15, 0x9D, 0xA2, 0xE2, 0x27, 0x6F, 0x52, 0x21, 0x16, 0x32, 0x16, 0xA7, 0x77, 0xEA, 0x67,
    0x16, 0xEB, 0x25, 0xBA, 0x2A, 0xE3, 0x2D, 0xFD, 0x37, 0x41, 0xB1, 0x2F, 0xB9, 0xCB, 0x1E, 0xFC,
    0xC6, 0x11, 0x63, 0x62, 0x57, 0x8C, 0xF1, 0x33, 0x9C, 0xBE, 0x40, 0xEF, 0xBA, 0xA0, 0xA9, 0x97,
    0xE1, 0x37, 0x2F, 0x33, 0x49, 0x63, 0xA9, 0x22, 0x6A, 0x2E, 0x61, 0x7D, 0x44, 0x0F, 0xB4, 0x94,
    0x3C, 0xC0, 0x60, 0x11, 0x96, 0xF9, 0xF9, 0xDE, 0x61, 0xB2, 0x19, 0x0D, 0x9A, 0x2E, 0xD9, 0xB4,
    0xB0, 0x99, 0x0C, 0x12, 0x2F, 0x73, 0x8B, 0xDD, 0x36, 0x75, 0x8D, 0x4B, 0xE4, 0xB7, 0xCB, 0x29,
    0x9F, 0x1C, 0x3F, 0x33, 0xAE, 0xCA, 0x27, 0x64, 0x32, 0x09, 0x5F, 0xA4, 0xA8, 0xB5, 0x14, 0xB7,
    0x96, 0x22, 0x59, 0x2A, 0xC6, 0x62, 0xDC, 0x0C, 0x65, 0x28, 0xBD, 0xC2, 0x7F, 0xBD, 0xEE, 0x8D,
    0xAB, 0x3A, 0xFC, 0xD7, 0x58, 0x18, 0x97, 0xCC, 0x30, 0xFA, 0x32, 0x50, 0xCC, 0xCD, 0xB8, 0x2D,
    0x99, 0x50, 0x79, 0xF1, 0x05, 0x8E, 0x60, 0x21, 0xD4, 0x7D, 0xA4, 0xC3, 0xAD, 0x33, 0x20, 0x56,
    0xEC, 0x02, 0xA8, 0x7C, 0x62, 0x63, 0xC1, 0xB6, 0xD6, 0x1F, 0x4C, 0xE0, 0x8F, 0x67, 0x3C, 0x9A,
    0xEF, 0xF1, 0xD7, 0xF1, 0x6C, 0x32, 0x8F, 0xC2, 0x96, 0xBD, 0x50, 0xB3, 0x5D, 0xAF, 0x6A, 0xFC,
    0x20, 0x1F, 0x33, 0xFE, 0xDA, 0x24, 0x75, 0x26, 0x16, 0x2F, 0x57, 0x8F, 0x7F, 0xC9, 0xEE, 0x5F,
    0x91, 0xCE, 0x07, 0xDE, 0xA5, 0x0E, 0xCA, 0x63, 0xB5, 0xAB, 0x0C, 0xC6, 0x95, 0xDE, 0x38, 0xE5,
    0xE1, 0x51, 0x2C, 0xF5, 0x95, 0xD5, 0xAE, 0xB1, 0xC6, 0xB5, 0xB5, 0x58, 0x87, 0x9F, 0x58, 0x91,
    0xAD, 0xF8, 0x4E, 0x45, 0xD0, 0xAD, 0x54, 0xF6, 0xC7, 0xE3, 0xB3, 0xDB, 0x48, 0xEA, 0x92, 0xD7,
    0xCD, 0x0C, 0xEA, 0x80, 0xEC, 0xB6, 0x4E, 0x2E, 0xC9, 0x19, 0xCD, 0xB5, 0x1C, 0x85, 0xA3, 0xF1,
    0xB8, 0x98, 0x3B, 0x21, 0x33, 0xFA, 0xF5, 0xC4, 0x7A, 0xE9, 0x69, 0x49, 0x4D, 0x8D, 0x13, 0x86,
    0x2A, 0x36, 0x60, 0x1D, 0x9B, 0xB0, 0x1A, 0x84, 0x0E, 0x16, 0x8C, 0x2B, 0x66, 0xE4, 0x25, 0x67,
    0x90, 0xB8, 0x06, 0xB7, 0x23, 0xC4, 0xBD, 0x7B, 0xA0, 0xEA, 0xB7, 0xDC, 0x38, 0xB0, 0xE8, 0x40,
    0x6D, 0xC1, 0x9B, 0xB4, 0x2D, 0x2D, 0xC0, 0x09, 0x50, 0x07, 0x79, 0x08, 0x97, 0xA2, 0xC8, 0xA3,
    0xBA, 0x18, 0xC5, 0xA1, 0xE4, 0x0A, 0xED, 0xA2, 0xEA, 0xA9, 0x0C, 0xE2, 0xB2, 0xFC, 0x25, 0xEE,
    0x22, 0x07, 0xC0, 0x0B, 0x7E, 0x86, 0x5B, 0xF8, 0x5F, 0x33, 0xA2, 0x93, 0x5F, 0x4D, 0xD7, 0xA2,
    0x99, 0x54, 0xBD, 0x40, 0xB2, 0xD0, 0x58, 0xC4, 0x1D, 0xCB, 0x8D, 0x5A, 0x50, 0x59, 0x00, 0xDF,
    0x34, 0xA0, 0xF0, 0xC3, 0x1B, 0xC0, 0x3F, 0x03, 0xDB, 0xF2, 0x87, 0xF1, 0x49, 0x88, 0x79, 0x64,
    0x17, 0xA3, 0xCA, 0xDC, 0x19, 0x77, 0x5D, 0xCC, 0x7E, 0xA9, 0xFD, 0xE2, 0x52, 0x3C, 0x9A, 0x20,
    0xFE, 0xC4, 0x5D, 0x76, 0x2F, 0x65, 0x28, 0x3D, 0x5D, 0xD9, 0x04, 0x37, 0xC5, 0xF8, 0x74, 0x1F,
    0x11, 0x4E, 0xF7, 0x11, 0x66, 0xFB, 0xC8, 0x3F, 0xBB, 0x50, 0x6F, 0x2C, 0x49, 0x6C, 0xA4, 0xEA,
    0x25, 0x8D, 0xC8, 0x62, 0x90, 0x8A, 0x62, 0x76, 0xF5, 0x3B, 0x49, 0x48, 0x0E, 0x21, 0x9F, 0xD6,
    0x77, 0x61, 0x44, 0x64, 0x17, 0x1B, 0xD7, 0x2D, 0x95, 0x35, 0x19, 0xA2, 0x6F, 0xAF, 0xDE, 0x1D,
    0xCA, 0x11, 0x2F, 0x75, 0x2E, 0xBA, 0x6C, 0xBE, 0x6E, 0xF3, 0xE9, 0xE6, 0xE7, 0x57, 0xD5, 0x6A,
    0x4B, 0x6C, 0xA4, 0x56, 0x36, 0x9B, 0xCB, 0x3A, 0x9B, 0x8C, 0x04, 0xFA, 0xFA, 0x62, 0x13, 0x35,
    0xD9, 0x3C, 0x65, 0x17, 0x36, 0xA5, 0xC2, 0xA6, 0x59, 0xBF, 0x8F, 0xEC, 0xAF, 0xD3, 0x58, 0x4A,
    0xBB, 0x19, 0x8C, 0x97, 0xD6, 0xED, 0xCB, 0x60, 0xBC, 0xF2, 0x57, 0xEC, 0xAF, 0x8C, 0xB5, 0x4D,
    0x36, 0xB7, 0x3D, 0x02, 0x6C, 0x6E, 0xE3, 0xFC, 0x16, 0x6D, 0x1E, 0x33, 0x95, 0xBF, 0xE0, 0xBA,
    0xFC, 0x98, 0xC5, 0xD6, 0x6B, 0xBF, 0x3A, 0xCE, 0xFD, 0xFA, 0xE9, 0x13, 0x6D, 0x8D, 0xBA, 0xF8,
    0x79, 0x4D, 0xEA, 0x10, 0x77, 0x05, 0x2A, 0x0C, 0xC4, 0xB0, 0x60, 0xB3, 0xCE, 0xF3, 0x3A, 0x1F,
    0xCC, 0x23, 0x2A, 0xD6, 0x2F, 0x77, 0xDF, 0x7C, 0x4C, 0xCD, 0x5C, 0xC5, 0x5D, 0x35, 0x53, 0x33,
    0xD0, 0x37, 0x97, 0x9B, 0xBF, 0xA3, 0xB7, 0x3F, 0x29, 0x59, 0x07, 0xAA, 0xC8, 0x16, 0x44, 0x17,
    0x27, 0x2E, 0x7B, 0x70, 0x6F, 0x3D, 0xA4, 0xC0, 0xB0, 0x93, 0x2D, 0xAE, 0xE7, 0x2E, 0xB2, 0x8F,
    0x03, 0x64, 0x2F, 0xC4, 0x2A, 0x64, 0x65, 0x73, 0x8E, 0x43, 0xA8, 0x79, 0x96, 0xA8, 0x8A, 0x91,
    0xA9, 0x15, 0x01, 0xAD, 0x65, 0x21, 0xFA, 0x57, 0xB9, 0x01, 0xFF, 0x89, 0xF5, 0x42, 0xF5, 0xBF,
    0x93, 0xB0, 0x7C, 0x02, 0x16, 0x8C, 0x55, 0xC3, 0x1C, 0x74, 0x24, 0x14, 0xAB, 0xED, 0x10, 0x1B,
    0x77, 0x00, 0x4D, 0x1A, 0x08, 0xAE, 0xFA, 0x8D, 0xD8, 0x71, 0x90, 0x01, 0xD8, 0x2D, 0x3D, 0xDA,
    0xF2, 0x38, 0x63, 0x9C, 0x8D, 0x61, 0xE0, 0x63, 0x9E, 0xA9, 0xD8, 0x0E, 0x03, 0x27, 0x6A, 0x6D,
    0x89, 0x7C, 0x2D, 0xC3, 0x40, 0x20, 0x0E, 0x03, 0x01, 0xF1, 0x38, 0x43, 0x06, 0x90, 0x4F, 0x40,
    0x1A, 0x06, 0x5E, 0xBC, 0xE0, 0xF5, 0xBC, 0x01, 0x3C, 0x3D, 0x6F, 0xC8, 0x7B, 0xB0, 0xB4, 0x20,
    0xCA, 0xD9, 0xE7, 0x80, 0x96, 0xDE, 0x02, 0x4D, 0x5A, 0x50, 0x01, 0xD7, 0x81, 0xB2, 0xC6, 0x39,
    0xFC, 0xFA, 0x3A, 0x9D, 0x2A, 0xBF, 0x17, 0xD7, 0x0A, 0xF4, 0x77, 0x3D, 0xC8, 0x3D, 0x22, 0x9A,
    0x09, 0xE5, 0xCF, 0x2F, 0xB6, 0x2D, 0x81, 0xDB, 0xD4, 0x16, 0xF5, 0x9E, 0xC0, 0x7F, 0x5F, 0xC0,
    0x10, 0xDA, 0x3A, 0x84, 0x7E, 0xE6, 0x29, 0xBC, 0x70, 0xAD, 0x89, 0x3D, 0x68, 0x20, 0x72, 0xC3,
    0xDD, 0x76, 0xDB, 0x77, 0x12, 0x20, 0xBE, 0x5D, 0xBA, 0x6B, 0xE8, 0xB6, 0x3B, 0x74, 0xD3, 0x29,
    0xDD, 0x66, 0x97, 0x6E, 0x02, 0x44, 0xC2, 0xB2, 0xD0, 0x0D, 0xBD, 0x94, 0xB3, 0x43, 0xBE, 0xEB,
    0x34, 0x2D, 0xC6, 0x82, 0x6F, 0x22, 0x8B, 0x8C, 0x75, 0xD9, 0xBD, 0x6D, 0x13, 0xE7, 0xD5, 0x3C,
    0x1F, 0xCF, 0xDE, 0x6B, 0x0C, 0x97, 0xB0, 0x21, 0x72, 0x32, 0xA4, 0x74, 0x98, 0xBD, 0x63, 0xB8,
    0xBA, 0x26, 0x7E, 0x6D, 0x22, 0xF1, 0xBD, 0xB5, 0x20, 0x53, 0xD5, 0x53, 0x31, 0x23, 0x53, 0x6A,
    0x8C, 0xB3, 0x77, 0x8F, 0x81, 0x1A, 0x16, 0x66, 0x61, 0x3E, 0xAD, 0x4A, 0x61, 0xEC, 0xB7, 0x5E,
    0x9F, 0xDE, 0x86, 0x58, 0xC2, 0x35, 0x82, 0xE0, 0x20, 0xDB, 0x35, 0xA3, 0xF6, 0xD8, 0x29, 0xC5,
    0x46, 0x69, 0x3E, 0x37, 0x36, 0x9F, 0xE4, 0x46, 0x4E, 0xAD, 0xE4, 0xA1, 0xE9, 0xD4, 0x50, 0xF5,
    0x8D, 0x37, 0xA7, 0xB6, 0x6B, 0x4E, 0x2F, 0x84, 0x05, 0x82, 0x3C, 0x2F, 0x54, 0xDC, 0xC5, 0x85,
    0xB0, 0xE7, 0x2A, 0x03, 0x97, 0xD2, 0x0A, 0xF6, 0xDF, 0xAF, 0x57, 0xB0, 0xCF, 0x28, 0x13, 0xD9,
    0x2D, 0xF8, 0x28, 0xB1, 0x45, 0x4F, 0xFA, 0x2D, 0x2F, 0xAC, 0xCA, 0x0E, 0x43, 0x1E, 0x55, 0x0B,
    0x87, 0xAF, 0x3C, 0x47, 0x99, 0x40, 0xB0, 0x07, 0xB4, 0xE9, 0x47, 0x52, 0xEF, 0x06, 0x32, 0x1B,
    0x47, 0x5F, 0x51, 0x96, 0x1E, 0x99, 0x33, 0xCA, 0xC4, 0xB5, 0xFF, 0xCE, 0x64, 0x95, 0x17, 0x0A,
    0xDF, 0x12, 0xCF, 0xD0, 0xF8, 0x09, 0xC7, 0x76, 0x87, 0x32, 0xC6, 0xAD, 0x4A, 0x51, 0x06, 0xA5,
    0x38, 0x2A, 0x24, 0x40, 0x8E, 0x1A, 0x6A, 0xA1, 0x55, 0x2A, 0x8E, 0x51, 0x25, 0xB3, 0x5B, 0x8E,
    0xDD, 0xFA, 0x18, 0xB5, 0x47, 0xE5, 0xF1, 0x98, 0x71, 0x4D, 0x51, 0x3D, 0x13, 0x41, 0xBF, 0x96,
    0x23, 0x32, 0x90, 0x26, 0x2E, 0x28, 0x36, 0x63, 0x7E, 0xCC, 0x8C, 0xC1, 0x3F, 0xDF, 0x95, 0xE3,
    0x7A, 0x6F, 0x39, 0xC9, 0x36, 0x13, 0x94, 0xFF, 0x98, 0xD9, 0x16, 0x8C, 0xD2, 0x8B, 0x7E, 0x0E,
    0xC6, 0x4B, 0x0A, 0xB8, 0x2B, 0x83, 0x64, 0x01, 0xBD, 0x99, 0x24, 0x82, 0x99, 0x43, 0x63, 0xE3,
    0x41, 0xD2, 0x21, 0x8B, 0x45, 0x87, 0x92, 0x91, 0x89, 0x10, 0x98, 0x9A, 0xE9, 0x9A, 0x95, 0xBC,
    0x70, 0xDD, 0x76, 0x86, 0x51, 0x30, 0xDE, 0xA9, 0x78, 0xC4, 0xEA, 0x71, 0xC9, 0x2E, 0xE6, 0xE8,
    0xEA, 0xD6, 0xED, 0xEF, 0xA4, 0xBD, 0x6E, 0x0D, 0x70, 0x2F, 0x80, 0x21, 0x72, 0xDB, 0x05, 0x73,
    0x89, 0x93, 0x79, 0x06, 0xB8, 0x03, 0x7A, 0xEC, 0x71, 0x62, 0x9A, 0x8A, 0x59, 0xAA, 0xA0, 0x58,
    0xA0, 0xFB, 0xCD, 0x20, 0x11, 0x40, 0x30, 0x96, 0x7D, 0x26, 0x38, 0xC6, 0x62, 0x94, 0x01, 0x34,
    0x06, 0x4E, 0x4A, 0xE0, 0x14, 0xD6, 0xA8, 0xCA, 0x21, 0xAE, 0x15, 0x01, 0x93, 0x20, 0xBE, 0xDB,
    0xD2, 0x06, 0xAB, 0xB1, 0xD8, 0x2E, 0x40, 0xAF, 0x1A, 0x87, 0x96, 0x2F, 0xA4, 0xA5, 0x92, 0xEB,
    0xB6, 0x18, 0xB8, 0x2E, 0x98, 0x91, 0xD3, 0xD8, 0xF5, 0x62, 0xDA, 0xA4, 0xC2, 0x7A, 0x84, 0xBB,
    0x63, 0xC5, 0xC5, 0x9E, 0xB7, 0x88, 0xED, 0xAB, 0x1E, 0x48, 0xAF, 0x7A, 0x9B, 0x5E, 0xF5, 0x5F,
    0xA6, 0x75, 0x39, 0xBA, 0xD2, 0xD3, 0x8C, 0x4D, 0x48, 0xEE, 0x32, 0xA9, 0xE8, 0xDB, 0x31, 0x71,
    0x2D, 0xD2, 0x58, 0xF9, 0x53, 0xE6, 0x08, 0xC9, 0x55, 0x1A, 0x27, 0x5F, 0xB7, 0x18, 0x51, 0xC0,
    0xCB, 0x7A, 0x26, 0x82, 0x92, 0x77, 0x25, 0x56, 0x4C, 0x77, 0x6F, 0x89, 0x9C, 0x6F, 0x72, 0xFE,
    0x88, 0x0E, 0xA9, 0xDA, 0xF4, 0x54, 0x61, 0x87, 0x1F, 0xB1, 0xB8, 0xCF, 0x7D, 0x77, 0x53, 0xF9,
    0xAD, 0xB4, 0x7B, 0x56, 0x46, 0x8D, 0x41, 0xF0, 0x66, 0xFD, 0xD4, 0x88, 0xE9, 0x0E, 0xFE, 0x84,
    0x04, 0x19, 0xA8, 0xF0, 0x20, 0xF2, 0x87, 0xC8, 0x37, 0xB5, 0x31, 0x40, 0x80, 0xF0, 0x04, 0x23,
    0x47, 0x7D, 0xDA, 0xF6, 0x6F, 0xD8, 0xE3, 0x09, 0x1E, 0x71, 0xEF, 0xE6, 0xE5, 0xF7, 0x65, 0xD1,
    0x1A, 0xC8, 0x05, 0x41, 0xBC, 0xE9, 0x65, 0x8F, 0xA8, 0x97, 0xDF, 0xE6, 0x1A, 0x43, 0x81, 0xF5,
    0xBC, 0x40, 0x49, 0x6D, 0xBB, 0x38, 0x23, 0x28, 0xFB, 0x6D, 0xDE, 0x35, 0x12, 0x1E, 0xFB, 0x39,
    0x5F, 0x0E, 0x2A, 0x48, 0xAA, 0x0F, 0xD5, 0x04, 0x6F, 0x01, 0x3D, 0xA6, 0xA5, 0xEB, 0x0C, 0xAD,
    0x58, 0x66, 0xE9, 0xAB, 0xCE, 0xB8, 0xEA, 0x09, 0x77, 0x9A, 0x91, 0xA1, 0x81, 0x68, 0xFF, 0x3C,
    0xD5, 0xC4, 0xD7, 0x88, 0xFA, 0x09, 0x00, 0xAB, 0x97, 0x5B, 0x01, 0x55, 0x68, 0xBB, 0x30, 0x02,
    0x73, 0xD9, 0xD1, 0xBD, 0x33, 0x10, 0x55, 0xC1, 0xAC, 0x95, 0x1A, 0x88, 0x7E, 0x1B, 0x41, 0x8E,
    0x94, 0x7F, 0x0F, 0x1B, 0x70, 0x3D, 0x5D, 0x39, 0x3A, 0xC9, 0xA8, 0x2B, 0xAC, 0xFC, 0x62, 0x6A,
    0xF8, 0x49, 0x53, 0x98, 0xBC, 0xBE, 0xB0, 0x3B, 0xFC, 0x45, 0x69, 0xD1, 0xFA, 0xAE, 0x8F, 0x63,
    0xF4, 0x4D, 0xDC, 0xE2, 0x3B, 0x93, 0xBB, 0xBB, 0x8F, 0x7D, 0xCA, 0x0A, 0xCF, 0x63, 0x23, 0xB0,
    0x77, 0x1E, 0xCE, 0x92, 0x81, 0x32, 0x6D, 0x40, 0x9E, 0xDE, 0x85, 0x34, 0x6E, 0x35, 0xB7, 0x48,
    0xB0, 0x82, 0x06, 0x68, 0x11, 0x2B, 0xEF, 0x5E, 0xC6, 0x22, 0x1A, 0x80, 0x09, 0x60, 0x5C, 0xF6,
    0x2A, 0xEC, 0x6D, 0x04, 0x7B, 0x0F, 0xC5, 0x68, 0x5C, 0x2F, 0xBC, 0x76, 0x7F, 0x59, 0x4E, 0x69,
    0x97, 0x05, 0xD1, 0x97, 0xF8, 0x41, 0xC5, 0xA3, 0x7C, 0x5E, 0x9A, 0xEF, 0x2F, 0x0B, 0xA2, 0xAB,
    0x55, 0x1E, 0x7C, 0x1E, 0xD7, 0x8A, 0x1D, 0xD6, 0x8C, 0xC5, 0xE6, 0x23, 0x5C, 0x42, 0x22, 0xF7,
    0x15, 0x4F, 0x85, 0xDF, 0x7B, 0xD8, 0x8B, 0xD1, 0x6B, 0x69, 0x60, 0xF6, 0x05, 0xBC, 0x8B, 0xF4,
    0x57, 0x83, 0x20, 0xDE, 0x08, 0xF8, 0xC3, 0x60, 0x0E, 0xE5, 0x33, 0x25, 0xC1, 0x7D, 0xA6, 0x24,
    0x50, 0x9A, 0xAC, 0x2B, 0x54, 0x47, 0x37, 0x8A, 0x8E, 0xDA, 0xD2, 0x12, 0xDF, 0x44, 0xF0, 0x10,
    0x4C, 0x22, 0x37, 0x56, 0xD1, 0xBC, 0x6B, 0x55, 0x21, 0x55, 0x68, 0x27, 0x11, 0x1F, 0x07, 0x77,
    0x90, 0xBF, 0x94, 0xE6, 0x2E, 0x9A, 0x0E, 0x77, 0x54, 0xFC, 0x8C, 0x6B, 0xCA, 0xED, 0x6B, 0x84,
    0x82, 0x65, 0x60, 0xBA, 0x2D, 0xE6, 0xF2, 0x09, 0x0B, 0xDA, 0xE3, 0x06, 0x28, 0x03, 0xE0, 0xC5,
    0x83, 0x12, 0x04, 0x41, 0x19, 0x54, 0x8F, 0x1E, 0x16, 0x40, 0x5F, 0xDB, 0x8B, 0x38, 0x0D, 0x60,
    0x30, 0x26, 0x4A, 0x13, 0x5A, 0x5B, 0x39, 0xB4, 0xDD, 0xC7, 0xAF, 0xCC, 0x4F, 0xB7, 0xD8, 0xD5,
    0xF4, 0x04, 0x51, 0xBF, 0x4C, 0x64, 0xD0, 0xE4, 0x5F, 0xC6, 0xC0, 0x27, 0xEE, 0x98, 0x2C, 0xCB,
    0xE8, 0x77, 0x20, 0x81, 0x3F, 0x65, 0x7F, 0xC7, 0xA6, 0xFD, 0x9D, 0xB6, 0xDE, 0x08, 0xAC, 0x1A,
    0xA8, 0x75, 0x4D, 0xA0, 0xE6, 0x78, 0xE3, 0xFB, 0x43, 0x2F, 0xDA, 0xBF, 0xE1, 0x97, 0xB1, 0x4D,
    0x81, 0x93, 0x11, 0x1B, 0xC4, 0x91, 0xCA, 0x85, 0x28, 0x6F, 0xF0, 0xB5, 0xE5, 0x69, 0x01, 0xCA,
    0x33, 0x11, 0x0D, 0x8A, 0x3F, 0x8F, 0xE5, 0xE4, 0x49, 0x77, 0xA9, 0x97, 0x99, 0xE2, 0xCA, 0xF3,
    0xF9, 0x2B, 0x07, 0xF0, 0x88, 0x61, 0xDA, 0x81, 0xBF, 0x9C, 0x59, 0xD6, 0xA3, 0xD1, 0x38, 0x31,
    0xF5, 0x78, 0x56, 0x39, 0xB8, 0xD2, 0xA7, 0x11, 0xE5, 0xCB, 0xBF, 0x8F, 0x21, 0x8F, 0xC2, 0xB7,
    0x9B, 0xE9, 0x5C, 0x7E, 0x78, 0x31, 0x8D, 0xFF, 0x4D, 0xF8, 0x86, 0xF2, 0xE2, 0x5D, 0x27, 0xF8,
    0x4E, 0xBF, 0x7C, 0x8B, 0xE7, 0xE8, 0x5B, 0xCF, 0x2C, 0x1B, 0xFB, 0x99, 0x1C, 0xAB, 0x52, 0x3C,
    0x3D, 0xD2, 0x96, 0xB2, 0xA1, 0xC2, 0x9A, 0xC9, 0x23, 0xA2, 0xCD, 0x3B, 0xFE, 0x42, 0x12, 0x91,
    0xDD, 0xDA, 0xA7, 0x38, 0xFD, 0x8A, 0xF3, 0x2F, 0xD2, 0x5F, 0xEB, 0x49, 0x66, 0x60, 0x1D, 0xC2,
    0x7B, 0x46, 0x39, 0x38, 0x3F, 0x81, 0x3A, 0xA4, 0xBD, 0x13, 0x8C, 0x04, 0x69, 0xBE, 0x24, 0x68,
    0x07, 0x81, 0x09, 0x67, 0xAC, 0xED, 0xCF, 0xA0, 0xAD, 0xB1, 0xCB, 0xF4, 0xA9, 0xF0, 0x40, 0x38,
    0xF9, 0x7B, 0x27, 0xE0, 0x54, 0x49, 0x4B, 0x8C, 0x6D, 0x00, 0xA9, 0x58, 0xFA, 0xA1, 0x8D, 0x7B,
    0x5D, 0x88, 0xE7, 0xF4, 0x0B, 0xEB, 0xBD, 0xE7, 0xE5, 0xC3, 0x75, 0x86, 0x8F, 0x1C, 0x0B, 0xB6,
    0xC5, 0x84, 0x80, 0xF8, 0x38, 0xB0, 0x92, 0x6D, 0x39, 0xC8, 0x51, 0x31, 0x66, 0xEA, 0x8D, 0x35,
    0xDC, 0xC5, 0x6D, 0xFE, 0xAA, 0x45, 0x8E, 0x1A, 0xDB, 0x98, 0xAE, 0xB2, 0x22, 0x65, 0x36, 0x5D,
    0x5B, 0x53, 0xF5, 0x9D, 0x51, 0x77, 0x4C, 0x54, 0xFD, 0x70, 0xD0, 0xEF, 0x4C, 0x38, 0x06, 0xFD,
    0xFE, 0x28, 0xC7, 0x1F, 0x79, 0xF5, 0x7E, 0x90, 0xE3, 0xBF, 0x39, 0xF5, 0xEF, 0xA2, 0xC1, 0x7C,
    0xD4, 0xA9, 0x8F, 0x7A, 0x39, 0x32, 0x0C, 0xE3, 0x28, 0x52, 0x2D, 0xC6, 0x33, 0x72, 0xAC, 0xE3,
    0x03, 0x5C, 0x32, 0xF2, 0x3C, 0x60, 0x98, 0xBD, 0x2D, 0x78, 0x69, 0xA7, 0xF5, 0xB0, 0xA6, 0x85,
    0xF8, 0x47, 0x25, 0x78, 0x8F, 0xEC, 0xC9, 0xD6, 0xD6, 0xDE, 0xDB, 0xF4, 0xA0, 0xEA, 0xF4, 0x90,
    0x8F, 0x72, 0x1B, 0x87, 0x62, 0xA8, 0xBA, 0x66, 0xDC, 0x78, 0xD3, 0xF1, 0x28, 0xF7, 0xFB, 0x9D,
    0x69, 0xD4, 0x4E, 0xBF, 0x3B, 0x8C, 0xA6, 0xD3, 0x3F, 0xF4, 0x63, 0x55, 0xAB, 0x1F, 0xF5, 0x53,
    0x4B, 0xEA, 0x3F, 0xBA, 0x69, 0x42, 0x08, 0xED, 0x28, 0x44, 0xEE, 0x40, 0x0F, 0xE7, 0x4D, 0x8F,
    0x29, 0x42, 0xD3, 0x6D, 0x77, 0x70, 0x91, 0x77, 0xBC, 0xC0, 0x3F, 0x19, 0x05, 0x76, 0x58, 0x86,
    0x17, 0x28, 0xFB, 0x35, 0x5D, 0xBE, 0x55, 0x39, 0x32, 0x3E, 0x2E, 0x0E, 0x6B, 0x4F, 0xA2, 0x2F,
    0xE4, 0x33, 0x95, 0x43, 0xDC, 0xE4, 0x51, 0x81, 0x8A, 0xC9, 0xF4, 0x94, 0xCF, 0x55, 0xEA, 0xB3,
    0x63, 0x73, 0x6A, 0x47, 0x41, 0xE5, 0x01, 0x07, 0x74, 0x6B, 0xAC, 0x46, 0x16, 0x69, 0x97, 0x30,
    0x95, 0x37, 0xD2, 0x12, 0xA1, 0xFE, 0xC8, 0x13, 0xDD, 0xCC, 0x05, 0x7F, 0x90, 0x26, 0x22, 0x37,
    0xAC, 0x7C, 0xC4, 0x5C, 0x6B, 0x4D, 0x6C, 0x80, 0xC7, 0x13, 0xAD, 0x8D, 0xE8, 0x8B, 0x0F, 0xC1,
    0x80, 0xBF, 0xE6, 0x90, 0x0C, 0x49, 0x54, 0x62, 0xBA, 0x98, 0x18, 0x1D, 0xD4, 0x08, 0x69, 0x03,
    0x7C, 0x78, 0xC0, 0x25, 0xE7, 0x9C, 0x16, 0x86, 0x0B, 0x04, 0xAA, 0x42, 0x1A, 0x0C, 0x21, 0x3C,
    0x88, 0x96, 0x92, 0xD1, 0x8B, 0x58, 0x17, 0x42, 0xD7, 0xFF, 0xC1, 0xB8, 0x7C, 0xC3, 0xB9, 0x0B,
    0xC9, 0x0B, 0x7D, 0x11, 0xC0, 0xC5, 0x25, 0xD0, 0x22, 0xD6, 0x1F, 0xE0, 0xD4, 0xE1, 0xEA, 0x0F,
    0xF4, 0x6E, 0x65, 0x98, 0x83, 0xE6, 0x02, 0x07, 0xC0, 0x22, 0x1C, 0x17, 0x70, 0x5C, 0xC6, 0x67,
    0xD9, 0xC3, 0x49, 0x3C, 0x0F, 0xE9, 0x53, 0x92, 0x6E, 0x60, 0xAE, 0x8D, 0x8F, 0x1F, 0xF2, 0x7F,
    0x92, 0x92, 0xEA, 0xA7, 0x32, 0xC5, 0x6D, 0xD0, 0x53, 0xB4, 0xCC, 0x81, 0x98, 0x91, 0x45, 0x14,
    0xF8, 0xC5, 0x68, 0x17, 0x6D, 0x09, 0x2B, 0xAA, 0x45, 0xC0, 0x9A, 0x36, 0xA1, 0x64, 0xF2, 0x47,
    0x78, 0xE2, 0x7D, 0x2C, 0xA4, 0xE6, 0x47, 0x0F, 0x87, 0x63, 0xEB, 0x6C, 0xE1, 0x0E, 0x56, 0x21,
    0x1C, 0x6E, 0xE0, 0x45, 0x7F, 0x1C, 0xC7, 0xA9, 0x5D, 0xAA, 0xEB, 0xBF, 0xDC, 0x52, 0x2E, 0x7D,
    0xCB, 0x2E, 0x46, 0xE2, 0x9B, 0xB8, 0x60, 0x39, 0x5E, 0x3D, 0x03, 0x69, 0x28, 0x99, 0xDB, 0xD4,
    0xF1, 0x6F, 0x2C, 0x97, 0x5E, 0xB7, 0x42, 0x54, 0x57, 0x2E, 0x44, 0xDF, 0x9E, 0x34, 0x29, 0x25,
    0x6D, 0x5A, 0xC9, 0xD9, 0x1C, 0x3D, 0xD5, 0x97, 0x3E, 0xB7, 0xC6, 0xFF, 0x07, 0x55, 0x92, 0x2F,
    0x8C, 0xD4, 0x40, 0x18, 0xC5, 0x5F, 0xA7, 0x81, 0x26, 0x0C, 0x49, 0x0D, 0x67, 0xEE, 0x44, 0x3D,
    0x17, 0x52, 0x83, 0x9F, 0x3A, 0xBC, 0x58, 0x8F, 0x3E, 0x81, 0x46, 0xD1, 0x7A, 0x75, 0x5E, 0x9D,
    0x3C, 0xD6, 0x60, 0x10, 0x08, 0xC8, 0x8E, 0x57, 0xF5, 0xAA, 0x1A, 0x4C, 0xC5, 0x88, 0x1E, 0x69,
    0xE7, 0x31, 0x2F, 0xB3, 0x17, 0xBA, 0x2F, 0xD3, 0xF7, 0xCB, 0x64, 0x3A, 0xDF, 0x9F, 0xCC, 0x87,
    0xBD, 0x5E, 0x9D, 0xF9, 0x25, 0xA3, 0x8A, 0x99, 0x2E, 0x9C, 0xD9, 0x65, 0xBE, 0xC7, 0x85, 0x8A,
    0xC3, 0xE1, 0xA0, 0x13, 0x4B, 0xD2, 0x27, 0x36, 0x67, 0x3A, 0xFE, 0x3E, 0x0E, 0x89, 0x3C, 0x69,
    0x07, 0x13, 0xFB, 0x41, 0xAC, 0xD6, 0xBE, 0x13, 0xEB, 0xF9, 0x24, 0xA2, 0x9D, 0x08, 0xA9, 0xF7,
    0xE4, 0x9A, 0x48, 0x90, 0x0B, 0x50, 0x6E, 0x85, 0x08, 0xBB, 0x98, 0x0D, 0x8A, 0x3A, 0x9B, 0x55,
    0x74, 0xA4, 0x88, 0x53, 0x66, 0x41, 0xFD, 0x05, 0x94, 0x2B, 0x2A, 0xB1, 0x0E, 0xAA, 0x63, 0x4E,
    0x51, 0x51, 0x8B, 0xBD, 0xCF, 0xDC, 0xE9, 0x75, 0xC6, 0x2F, 0x48, 0x76, 0xCB, 0xC9, 0xC3, 0xBE,
    0xF1, 0x8F, 0xF8, 0xAF, 0x97, 0xBC, 0x6F, 0x36, 0xA0, 0xE5, 0x93, 0xBA, 0xA2, 0x34, 0x19, 0x7E,
    0x60, 0x68, 0xE7, 0x72, 0x01, 0xBD, 0x55, 0x56, 0x2A, 0xF9, 0xF5, 0x51, 0xB5, 0x18, 0x4A, 0xA1,
    0x4E, 0x76, 0x3C, 0x3E, 0xB4, 0x53, 0xA9, 0x04, 0xCE, 0xDB, 0x88, 0x66, 0x74, 0x63, 0xCB, 0xEE,
    0xE4, 0x5D, 0x64, 0x12, 0x5A, 0x6E, 0x8E, 0x2B, 0x2C, 0x27, 0xCB, 0x11, 0x78, 0xA3, 0x95, 0x74,
    0x77, 0x0F, 0x58, 0x6E, 0x50, 0xA7, 0x1D, 0xF8, 0x87, 0xDE, 0x10, 0x27, 0x9F, 0xE2, 0x38, 0x19,
    0x50, 0x32, 0x99, 0xE1, 0x94, 0x5C, 0x7F, 0xA0, 0x57, 0x7B, 0x15, 0x57, 0x00, 0x6D, 0x7C, 0x3E,
    0x2F, 0x08, 0x37, 0x42, 0x66, 0x92, 0x05, 0xBB, 0xE9, 0x59, 0x16, 0x58, 0x72, 0x42, 0xC1, 0xD8,
    0x01, 0x2F, 0xD2, 0x87, 0xEB, 0x41, 0xB7, 0x7C, 0x32, 0x27, 0xBB, 0xD1, 0xD6, 0xEA, 0xA0, 0x45,
    0xD2, 0x67, 0xEC, 0xD5, 0x44, 0x25, 0x1C, 0x4B, 0x72, 0xB6, 0x4B, 0x1D, 0xEA, 0xD9, 0x3C, 0xD4,
    0x9B, 0x32, 0x07, 0xBD, 0xC2, 0x80, 0x1B, 0x75, 0xE1, 0x26, 0x37, 0x34, 0x93, 0xF3, 0xED, 0xE8,
    0xFE, 0xD2, 0x37, 0x64, 0x57, 0xEA, 0x7D, 0xAE, 0xD4, 0x98, 0x5E, 0x0D, 0x00, 0x01, 0x7C, 0x02,
    0xF0, 0x0E, 0xC0, 0x4F, 0xA0, 0x98, 0x20, 0xE1, 0x4A, 0x63, 0xE4, 0x48, 0xFA, 0x3E, 0xD9, 0x70,
    0xF7, 0x2D, 0x1E, 0x3B, 0xD8, 0x00, 0x4D, 0xCA, 0x85, 0x35, 0xBA, 0xD0, 0x8E, 0x17, 0x85, 0x67,
    0x53, 0xF5, 0xBD, 0x4C, 0x93, 0x05, 0x62, 0x6F, 0x45, 0x94, 0x6D, 0x38, 0xAB, 0x78, 0x84, 0x86,
    0x46, 0xB6, 0x68, 0xFB, 0x03, 0x49, 0x4A, 0x66, 0x14, 0xDD, 0x0E, 0x78, 0xD6, 0x5B, 0x15, 0x0D,
    0x02, 0x11, 0xB7, 0xFC, 0xEA, 0xB8, 0xA6, 0x75, 0x1B, 0x1F, 0xF3, 0xBC, 0x55, 0x01, 0x36, 0xA8,
    0xAA, 0xF3, 0x7A, 0xEA, 0x6A, 0x8E, 0x96, 0xBE, 0xA0, 0xCF, 0x39, 0xCC, 0xAA, 0x24, 0x8A, 0xFE,
    0x1D, 0x66, 0x46, 0xA5, 0xB8, 0xF8, 0x07, 0x25, 0x8A, 0x01, 0x66, 0xC3, 0x60, 0x18, 0x40, 0x5F,
    0x13, 0x6D, 0x68, 0x90, 0x42, 0x61, 0x45, 0x00, 0x6A, 0x6C, 0xFF, 0x30, 0x40, 0xDB, 0xEF, 0x03,
    0x06, 0x30, 0xEC, 0x14, 0x83, 0x15, 0x30, 0xCC, 0xF2, 0x31, 0x03, 0x60, 0x47, 0x18, 0x7A, 0x84,
    0x21, 0x90, 0xE5, 0x3F, 0x42, 0x8E, 0x90, 0x1B, 0x2C, 0x08, 0x32, 0xBA, 0xFC, 0x2B, 0x7D, 0x3C,
    0x1E, 0x1E, 0xDC, 0xF0, 0x4A, 0x68, 0xDC, 0x10, 0x0D, 0xEC, 0x01, 0x98, 0x53, 0x24, 0x41, 0x7A,
    0xD1, 0x5B, 0xCE, 0x94, 0xA4, 0xC1, 0xE4, 0xA7, 0xDD, 0x26, 0xCD, 0x3D, 0x06, 0x24, 0xC3, 0x75,
    0x1E, 0x8E, 0xBB, 0xA2, 0x5F, 0xCF, 0x4C, 0x42, 0xE0, 0xEC, 0xC8, 0x02, 0x2D, 0xA3, 0xB6, 0x5A,
    0xF9, 0xFA, 0xF4, 0x8F, 0xCC, 0x0E, 0x80, 0x53, 0x31, 0xA7, 0x53, 0x16, 0x13, 0xAA, 0xDC, 0x46,
    0xE7, 0xAB, 0xDC, 0x9F, 0x3A, 0xFD, 0x90, 0xFE, 0x6B, 0xD3, 0x6D, 0xCA, 0x17, 0xE9, 0xE7, 0x36,
    0x79, 0x58, 0x12, 0x77, 0xDF, 0xA4, 0xCD, 0x40, 0xF6, 0xD6, 0xE1, 0x12, 0xCF, 0x36, 0x53, 0x80,
    0x35, 0x7B, 0xB9, 0xEB, 0x24, 0x34, 0xC9, 0x08, 0x9F, 0x44, 0x3E, 0xF3, 0x57, 0xEC, 0x54, 0x54,
    0x58, 0x72, 0x61, 0xCE, 0x8B, 0x5F, 0x59, 0xAA, 0x8E, 0x67, 0x00, 0x88, 0x5B, 0xE2, 0x81, 0x38,
    0xE8, 0xE4, 0xC9, 0xC8, 0xED, 0xB2, 0xD6, 0x62, 0xE4, 0xF1, 0x00, 0x53, 0xA8, 0x89, 0x7F, 0xC9,
    0x3C, 0x4E, 0x91, 0x77, 0xDC, 0x1F, 0xD9, 0x11, 0xE0, 0x1F, 0x54, 0xD1, 0x21, 0x6C, 0xC3, 0x30,
    0x14, 0x04, 0xD0, 0x8B, 0xA3, 0x2D, 0x52, 0x03, 0x8C, 0x8A, 0xC3, 0x47, 0xCC, 0xA5, 0x4D, 0x36,
    0x47, 0x23, 0xE5, 0x64, 0x7C, 0x1C, 0x25, 0x9C, 0xB3, 0x91, 0xC2, 0x29, 0x9C, 0xC7, 0x1C, 0x85,
    0x23, 0x73, 0x64, 0x10, 0x10, 0x60, 0xE7, 0xEF, 0xBC, 0xCC, 0x95, 0x76, 0x6A, 0x1F, 0xF0, 0x57,
    0xED, 0xFB, 0x2A, 0xCE, 0x1C, 0x9D, 0x47, 0x2B, 0xE2, 0xD0, 0x7F, 0x65, 0xE0, 0xD2, 0xDC, 0x71,
    0xE6, 0x76, 0xBB, 0x39, 0x88, 0x88, 0xFF, 0x63, 0x9E, 0xA7, 0xE6, 0xE0, 0xB9, 0xCA, 0x85, 0x44,
    0xDA, 0x07, 0x9D, 0xC8, 0x7E, 0xD2, 0x8B, 0x6C, 0xD0, 0x1B, 0xCF, 0x74, 0xAC, 0x0C, 0xA1, 0xB0,
    0x12, 0x53, 0xB0, 0x22, 0xF1, 0x01, 0x47, 0x25, 0xFD, 0xF6, 0x0A, 0xC3, 0x9F, 0xBF, 0x8D, 0x11,
    0x1F, 0x17, 0x77, 0x9E, 0xB1, 0xD3, 0x22, 0x81, 0xDD, 0x76, 0x9D, 0xFB, 0x34, 0x04, 0x95, 0xAD,
    0x6F, 0xF2, 0x28, 0xF2, 0xFB, 0x5D, 0xE6, 0xF9, 0x7B, 0x71, 0xC0, 0x32, 0x3D, 0xDF, 0xC7, 0xD5,
    0x44, 0xCB, 0x96, 0x5A, 0x04, 0x8A, 0x05, 0x70, 0x45, 0x4D, 0x79, 0xB1, 0xD9, 0x89, 0x12, 0x47,
    0x97, 0x40, 0xFA, 0x50, 0x27, 0xCC, 0xD5, 0xE1, 0xE9, 0xDD, 0xAE, 0x30, 0xD1, 0xB0, 0x91, 0x1F,
    0x22, 0xC4, 0xE9, 0x4D, 0x1D, 0xE8, 0x77, 0xEE, 0xD6, 0x26, 0x2E, 0xD3, 0x66, 0x13, 0xA0, 0x0E,
    0xEB, 0x01, 0x11, 0x47, 0x8E, 0x72, 0x53, 0x22, 0x36, 0x16, 0xD6, 0x82, 0xFF, 0xC7, 0x38, 0x11,
    0xD6, 0x23, 0x60, 0x04, 0x35, 0xCA, 0x91, 0x36, 0x92, 0xEE, 0x20, 0x8D, 0x78, 0x6A, 0x0A, 0x6A,
    0x22, 0xCC, 0xCB, 0xC4, 0x8F, 0x5D, 0xB9, 0x18, 0x5F, 0x15, 0x0C, 0x51, 0x65, 0xE8, 0xD8, 0x25,
    0xE8, 0x4D, 0x47, 0xB6, 0x1A, 0x02, 0xBA, 0x64, 0x3D, 0xAB, 0x2D, 0x8E, 0xD5, 0xA4, 0xAC, 0x96,
    0xCA, 0x4D, 0x65, 0x4B, 0x89, 0x85, 0xB5, 0x36, 0xE0, 0x90, 0xC5, 0xEB, 0xDF, 0xA4, 0x37, 0x32,
    0x84, 0xDA, 0x91, 0x9B, 0xD7, 0xB4, 0xFB, 0xC0, 0xB1, 0x64, 0x56, 0xF9, 0xDC, 0x81, 0x9F, 0x69,
    0xB0, 0x4D, 0xA0, 0x73, 0xE0, 0x20, 0x92, 0x01, 0x38, 0x1D, 0x30, 0xD4, 0xEE, 0x07, 0x6A, 0x06,
    0xA7, 0x04, 0xFA, 0x07, 0x09, 0x00, 0x5D, 0x91, 0x81, 0x86, 0xDD, 0x4E, 0x14, 0x87, 0xBF, 0xC9,
    0xD8, 0x0D, 0xFF, 0x60, 0xE0, 0xBF, 0x50, 0x08, 0x00, 0x85, 0x79, 0x84, 0x19, 0x5B, 0x14, 0x85,
    0xC5, 0x02, 0xD0, 0x37, 0x68, 0xDF, 0xE0, 0x4E, 0xB4, 0x80, 0x42, 0x1F, 0x61, 0xB1, 0x50, 0xC5,
    0xBE, 0xC0, 0xEE, 0xCD, 0xB4, 0xFB, 0x02, 0xD9, 0x3E, 0x41, 0x00, 0xB4, 0x30, 0x48, 0x19, 0x6B,
    0x92, 0x53, 0xB9, 0xF7, 0x46, 0x29, 0xF9, 0x3E, 0x27, 0xC6, 0xF9, 0x1D, 0xCE, 0x01, 0x20, 0x88,
    0x88, 0xEF, 0x37, 0x01, 0x00, 0x6C, 0x2F, 0x52, 0xFA, 0xBF, 0xCE, 0x00, 0xC0, 0xFF, 0x94, 0x2A,
    0xEB, 0xD4, 0x8C, 0xED, 0xE0, 0x62, 0xE8, 0x40, 0x5D, 0xD7, 0xD9, 0x24, 0x33, 0xD8, 0xE8, 0xFC,
    0x8E, 0x7B, 0x00, 0xAA, 0x59, 0x97, 0x3A, 0x99, 0xD1, 0x44, 0xEB, 0x1D, 0x6B, 0xD7, 0x99, 0xA7,
    0x98, 0x58, 0x65, 0xEB, 0x75, 0x72, 0x34, 0xE3, 0x42, 0xFB, 0x54, 0x70, 0x8F, 0x85, 0xF0, 0x69,
    0x02, 0xD6, 0x9C, 0x0B, 0x5F, 0xE7, 0xE0, 0x4D, 0x12, 0xCC, 0xD3, 0x8C, 0xFD, 0x9E, 0x71, 0xAF,
    0x12, 0xBB, 0x7A, 0xE4, 0xDE, 0x44, 0x80, 0x53, 0xB6, 0x1D, 0x74, 0x71, 0xB1, 0x4E, 0x01, 0x33,
    0x2E, 0x98, 0x58, 0xB0, 0x97, 0x13, 0x4E, 0x27, 0x00, 0x50, 0x33, 0x54, 0xE5, 0x88, 0xCE, 0xA0,
    0xA7, 0x13, 0x09, 0x27, 0xB2, 0x04, 0x91, 0x79, 0x77, 0xF7, 0xFC, 0x80, 0x19, 0xC0, 0x44, 0x68,
    0x4F, 0xD8, 0x0E, 0xDC, 0x8A, 0x87, 0xC0, 0x91, 0x1E, 0x58, 0x4E, 0xCC, 0xA0, 0xB6, 0xD8, 0x8D,
    0x0C, 0xF5, 0x04, 0xCD, 0x04, 0xFF, 0xDD, 0xC0, 0xF1, 0x8F, 0x26, 0x6D, 0x32, 0xE3, 0xAA, 0x81,
    0x4D, 0x11, 0xD6, 0x5D, 0xAA, 0x83, 0x9E, 0xFB, 0x9F, 0xD3, 0x71, 0x1C, 0x8E, 0x4D, 0x01, 0x60,
    0x0F, 0xF0, 0x00, 0x50, 0x36, 0xA9, 0x83, 0x32, 0x50, 0x65, 0xB0, 0x22, 0x82, 0x3B, 0xE8, 0xEB,
    0x73, 0x0F, 0xF5, 0x3F, 0x13, 0x57, 0xB5, 0x03, 0x60, 0x57, 0xBD, 0xEC, 0xE0, 0xFC, 0x06, 0x5B,
    0x08, 0x82, 0xAC, 0x1F, 0xBD, 0xE0, 0x66, 0xDA, 0x8C, 0xF2, 0x9C, 0x71, 0xA5, 0x70, 0x1F, 0x4B,
    0x3B, 0xF4, 0x8F, 0xB3, 0x4B, 0xAB, 0x46, 0x77, 0x99, 0xDB, 0x08, 0x00, 0xEF, 0x3C, 0x17, 0x1E,
    0xD0, 0x32, 0x12, 0x3C, 0x60, 0x64, 0x62, 0x01, 0xB0, 0x1F, 0x8A, 0x2E, 0x00, 0x8E, 0xB2, 0x0E,
    0x87, 0x9D, 0x2A, 0xED, 0xC0, 0x5A, 0x54, 0xD9, 0x75, 0x00, 0xA1, 0x4E, 0x02, 0x80, 0x93, 0x1F,
    0x05, 0x80, 0x56, 0x5E, 0x9F, 0x2E, 0x7E, 0x6B, 0x12, 0x00, 0xE0, 0xBE, 0x49, 0x57, 0x09, 0xD0,
    0xBF, 0x91, 0xD4, 0x4A, 0x44, 0x2D, 0xED, 0xAF, 0xC9, 0xDD, 0x25, 0x74, 0x71, 0x97, 0x79, 0xAF,
    0x13, 0x26, 0x05, 0x95, 0x8B, 0x4E, 0xD8, 0x61, 0x5F, 0xAD, 0x05, 0xA1, 0xDB, 0xEB, 0xDF, 0xA5,
    0x19, 0x11, 0xC2, 0xDB, 0xB4, 0xBC, 0x8F, 0x55, 0xC1, 0x49, 0xEC, 0xC5, 0xD7, 0x13, 0x66, 0xC1,
    0x16, 0x00, 0xAE, 0x50, 0x1E, 0xBE, 0xE8, 0xD2, 0xA4, 0x76, 0x70, 0x5D, 0xC0, 0x79, 0x17, 0x6D,
    0x34, 0xE3, 0xF9, 0xE7, 0xEA, 0x56, 0xE7, 0xAA, 0xA8, 0x99, 0x05, 0x51, 0xB3, 0xCE, 0x26, 0xD9,
    0xF8, 0xC2, 0x03, 0x5C, 0x03, 0xBA, 0x00, 0x26, 0x6D, 0x5B, 0x0C, 0x1D, 0x20, 0x40, 0x55, 0xB6,
    0x43, 0x9B, 0x11, 0x70, 0x11, 0xE8, 0x01, 0x35, 0x03, 0x3A, 0xB3, 0x35, 0x45, 0x38, 0x2E, 0x6C,
    0xD9, 0xC2, 0x9A, 0x09, 0x68, 0xB7, 0x26, 0xFE, 0x00, 0x63, 0x60, 0x0D, 0x60, 0x90, 0x7F, 0xC0,
    0x60, 0x7F, 0x81, 0xE1, 0xFF, 0x05, 0xE6, 0xDF, 0x07, 0xB8, 0xCF, 0x1F, 0xD0, 0xF7, 0x3F, 0x60,
    0xFF, 0xFF, 0x41, 0xFD, 0xFF, 0x0B, 0x0C, 0xFA, 0x0C, 0x0C, 0x5A, 0x0C, 0x00, 0x45, 0x92, 0x21,
    0x8C, 0xDC, 0x30, 0x10, 0x45, 0xC7, 0x1B, 0xAD, 0x22, 0xD5, 0x20, 0x05, 0x6D, 0x49, 0x81, 0x71,
    0x91, 0x39, 0x4A, 0xA4, 0x72, 0xE9, 0xC0, 0x45, 0x05, 0xA5, 0x65, 0x05, 0xC7, 0x51, 0xC2, 0x51,
    0x49, 0x79, 0xC1, 0x81, 0x63, 0xE5, 0xC8, 0x96, 0xCA, 0x25, 0x93, 0xF2, 0x2B, 0xBD, 0x12, 0x03,
    0x83, 0xEC, 0xD5, 0xC9, 0xEF, 0x1F, 0x6B, 0xA5, 0x8B, 0xB4, 0xEF, 0x67, 0xBC, 0x33, 0xF3, 0x3D,
    0x8E, 0x65, 0x9E, 0x6F, 0x44, 0x1F, 0xE0, 0xB8, 0x2A, 0xE2, 0x55, 0x1F, 0x29, 0xE6, 0x10, 0x9F,
    0xA9, 0xA7, 0x5D, 0x86, 0xA6, 0x95, 0x6A, 0xB1, 0x76, 0xAA, 0x0B, 0x32, 0xD5, 0xFD, 0x01, 0xB6,
    0x7E, 0x93, 0xE5, 0xD7, 0xDE, 0xD7, 0x1E, 0xC0, 0xC7, 0x6A, 0x1E, 0x2C, 0xB0, 0x77, 0xEC, 0x38,
    0x00, 0xE9, 0x84, 0x0B, 0x93, 0x7D, 0x92, 0x80, 0x34, 0x64, 0x97, 0xC5, 0x22, 0xBB, 0x47, 0x6D,
    0xE7, 0x8A, 0x4B, 0x03, 0x7F, 0xB6, 0xF8, 0x64, 0x37, 0xCF, 0xB5, 0x31, 0x76, 0x75, 0x38, 0x82,
    0xEA, 0x6E, 0x81, 0x38, 0xC6, 0xD3, 0x61, 0xB0, 0x4B, 0x7B, 0xCE, 0x93, 0xF2, 0xEB, 0x3D, 0xE1,
    0x00, 0x06, 0x01, 0x48, 0xD2, 0x01, 0xC8, 0x32, 0x70, 0xA3, 0x9B, 0x38, 0xBE, 0x54, 0x19, 0x93,
    0xF4, 0xF5, 0x15, 0x9E, 0x7E, 0x98, 0x5B, 0xE6, 0xA9, 0x8F, 0x52, 0x67, 0xD1, 0x09, 0x1A, 0x47,
    0xAD, 0x94, 0x45, 0xD9, 0x56, 0xDE, 0xDE, 0x18, 0x88, 0x16, 0x62, 0x15, 0x44, 0x09, 0xE5, 0x3D,
    0x5A, 0x52, 0x6D, 0x23, 0x64, 0x26, 0xE1, 0x98, 0xAE, 0x5B, 0x30, 0x33, 0x0F, 0xCD, 0xAA, 0x6B,
    0x83, 0x99, 0x3F, 0x5D, 0xB8, 0xDA, 0x15, 0x39, 0xCF, 0x9F, 0x2F, 0x93, 0x03, 0x10, 0xBD, 0x82,
    0xBE, 0x7A, 0x84, 0x9E, 0x2F, 0xEF, 0xD8, 0xD6, 0xE1, 0x60, 0x80, 0xC2, 0xBE, 0xBF, 0x85, 0x58,
    0x1B, 0x5C, 0x22, 0x98, 0x32, 0xC6, 0x65, 0x95, 0xF1, 0x1F, 0x58, 0xA4, 0xE3, 0xF6, 0xD0, 0xD2,
    0x37, 0x6D, 0xC3, 0x0F, 0xCA, 0xAE, 0x2A, 0xFB, 0xED, 0x85, 0xB6, 0x28, 0x87, 0x67, 0x0D, 0x1C,
    0x18, 0x58, 0xE0, 0x1B, 0x1D, 0x58, 0xD9, 0x6D, 0x1F, 0xEE, 0xD2, 0x6B, 0xA6, 0xF9, 0xBF, 0xD9,
    0x16, 0x13, 0xA0, 0x27, 0x8B, 0xE7, 0xC9, 0xE5, 0x05, 0xB4, 0x4A, 0x5F, 0xE8, 0xB5, 0x70, 0xCA,
    0xA9, 0x8D, 0x4B, 0x33, 0x11, 0x7C, 0x0F, 0x95, 0x04, 0x1B, 0x19, 0x32, 0x2A, 0x2F, 0x6A, 0x30,
    0x2B, 0xCE, 0xF3, 0xAD, 0x9A, 0x20, 0x89, 0xD7, 0x0C, 0xFF, 0xF4, 0xB3, 0x8A, 0x7E, 0x22, 0x82,
    0x37, 0x63, 0x59, 0x15, 0x13, 0xC3, 0x30, 0xF5, 0xF5, 0x8C, 0xF9, 0xAE, 0x30, 0x0D, 0x69, 0x24,
    0x26, 0xE2, 0x5E, 0xF8, 0xBF, 0xDE, 0x1D, 0x22, 0x70, 0x49, 0xD1, 0xBC, 0xDA, 0x28, 0xD7, 0x49,
    0x86, 0x4C, 0xFC, 0x07, 0x95, 0xD2, 0x21, 0xAC, 0xD4, 0x40, 0x10, 0x06, 0xE0, 0xB9, 0x96, 0x4B,
    0x5F, 0xD2, 0x90, 0x51, 0xC8, 0x97, 0xC5, 0x0B, 0xD6, 0x0B, 0xD2, 0x7A, 0x85, 0xE0, 0xBC, 0xC7,
    0xFB, 0xAD, 0x37, 0x78, 0x85, 0xE6, 0x30, 0x78, 0xD3, 0xF5, 0x86, 0x25, 0x48, 0x04, 0x9B, 0xE0,
    0x30, 0xB7, 0x09, 0x15, 0x85, 0xB4, 0x1D, 0xFE, 0x99, 0x40, 0x53, 0xC1, 0x4B, 0x60, 0xEF, 0xEE,
    0xBB, 0x66, 0xEE, 0x66, 0x3B, 0x33, 0x5B, 0xA2, 0x3B, 0xD2, 0xD5, 0x99, 0x12, 0x41, 0x2D, 0x80,
    0x78, 0x51, 0x43, 0x01, 0x27, 0x19, 0x60, 0xB3, 0x01, 0x72, 0x93, 0x1A, 0x04, 0x6B, 0x18, 0x0F,
    0x86, 0x9F, 0xD7, 0xEB, 0xB5, 0xE7, 0x99, 0xF6, 0x0D, 0xB0, 0x99, 0xDA, 0x15, 0x95, 0x57, 0xB5,
    0x92, 0x1E, 0xD2, 0x38, 0xA8, 0xCF, 0x14, 0x7A, 0x64, 0x9E, 0x2C, 0xEE, 0x8A, 0x1A, 0x16, 0x0D,
    0x88, 0xC0, 0x46, 0x74, 0x0F, 0x27, 0x52, 0x10, 0xBE, 0xC9, 0x82, 0xF0, 0xEB, 0xAF, 0x82, 0x4A,
    0x38, 0x8F, 0xC9, 0xCD, 0x9C, 0xFD, 0x14, 0x12, 0xE7, 0x76, 0x0D, 0x3D, 0xE7, 0x6A, 0xB9, 0x27,
    0xCE, 0xF4, 0x9E, 0x54, 0xFA, 0x1F, 0x8F, 0x13, 0x18, 0x1F, 0x2C, 0x3A, 0xA9, 0x7E, 0x02, 0x3A,
    0x8A, 0x43, 0xEF, 0x11, 0xC2, 0x57, 0xD7, 0xEB, 0x3B, 0xFB, 0x6B, 0x6B, 0x69, 0xBE, 0x3C, 0x3C,
    0xD0, 0xBF, 0x4C, 0xE0, 0xFC, 0x42, 0xE5, 0xF2, 0x6F, 0xDE, 0xA9, 0x4F, 0xBD, 0x3A, 0x8F, 0x91,
    0x4B, 0xBD, 0x76, 0x85, 0x0B, 0x2F, 0x78, 0x95, 0xAE, 0xD4, 0xC2, 0x45, 0x22, 0xC9, 0x87, 0xEF,
    0x1B, 0x5A, 0x11, 0x99, 0x91, 0x24, 0x92, 0xB5, 0x10, 0x3B, 0x49, 0xD9, 0xAC, 0xC0, 0x59, 0x6D,
    0x11, 0xDE, 0x57, 0xA1, 0x02, 0xEB, 0xA5, 0xD6, 0x52, 0x79, 0x3A, 0x89, 0x8E, 0x22, 0xDB, 0x4C,
    0x64, 0xD0, 0x8E, 0xAA, 0x0D, 0x19, 0xB3, 0xBE, 0xF5, 0xD2, 0x67, 0x6B, 0x25, 0x88, 0xAE, 0x34,
    0xAA, 0x92, 0x7F, 0x7F, 0x85, 0x6F, 0x78, 0x1E, 0xC6, 0x64, 0x47, 0x2A, 0x7D, 0xB3, 0x60, 0xDB,
    0x15, 0xA3, 0x24, 0xE2, 0x59, 0x73, 0x2C, 0x17, 0x1F, 0x5C, 0x21, 0xA2, 0x71, 0xBB, 0xED, 0x5E,
    0xC4, 0xBE, 0xCE, 0xFD, 0x3E, 0xB5, 0xCA, 0xEA, 0x76, 0xF6, 0x4C, 0x8C, 0xDA, 0x55, 0x23, 0x6F,
    0x3E, 0x0B, 0xF9, 0xD5, 0x7D, 0x94, 0xEC, 0xB3, 0x4B, 0x3E, 0x33, 0xB9, 0xD4, 0x0C, 0x04, 0x89,
    0x8E, 0x9E, 0xE1, 0xA9, 0xE7, 0xC1, 0xA5, 0x36, 0x76, 0x93, 0x4B, 0xA1, 0xF0, 0xE6, 0x3E, 0x49,
    0xAC, 0xE4, 0x76, 0x5B, 0x6D, 0x46, 0xC5, 0x9E, 0x36, 0xBD, 0x99, 0x2C, 0x7F, 0xB2, 0xBC, 0x1D,
    0xB1, 0x22, 0xC6, 0x8F, 0xCB, 0xA5, 0xB7, 0x5F, 0x45, 0xC0, 0x26, 0x09, 0x74, 0x13, 0xE0, 0x15,
    0xD4, 0xC8, 0xDE, 0x48, 0x12, 0xE8, 0x26, 0xC0, 0x2B, 0x40, 0x10, 0x45, 0x1B, 0xCF, 0xE9, 0xAD,
    0x1E, 0xF6, 0x93, 0xCB, 0xE5, 0x25, 0xE9, 0xC8, 0x8C, 0x68, 0xE8, 0xBD, 0x81, 0x53, 0x02, 0x38,
    0xC9, 0x97, 0x88, 0x90, 0x8B, 0xE4, 0x16, 0x10, 0x8A, 0x8B, 0x27, 0x89, 0x2E, 0x36, 0x42, 0x2E,
    0xBA, 0x05, 0x84, 0x02, 0xBA, 0x08, 0x98, 0xC0, 0x3E, 0x28, 0x7A, 0x8C, 0x6E, 0x86, 0xAE, 0x07,
    0x63, 0x02, 0x7E, 0x02, 0xED, 0x0A, 0x2A, 0xE9, 0xBB, 0x81, 0xC6, 0x04, 0xFC, 0x04, 0xDA, 0x15,
    0x54, 0x12, 0x06, 0x1D, 0x26, 0xF0, 0x0A, 0x5B, 0xAB, 0x07, 0xE8, 0xA2, 0xE5, 0xDA, 0x0A, 0x44,
    0xF7, 0x4A, 0xE8, 0x03, 0xA1, 0x9A, 0x80, 0x02, 0x29, 0xA0, 0x40, 0x80, 0x6A, 0x02, 0x42, 0x14,
    0x10, 0xA2, 0xE0, 0x16, 0x80, 0x90, 0xB5, 0x02, 0x08, 0x20, 0x74, 0xE8, 0xD7, 0x2B, 0x67, 0x6C,
    0xDD, 0xFF, 0x02, 0x85, 0x93, 0x21, 0x70, 0xD4, 0x40, 0x14, 0x86, 0xFF, 0xE4, 0xB8, 0x39, 0x86,
    0x88, 0x35, 0xD4, 0x14, 0xB1, 0x1A, 0x04, 0xD1, 0x08, 0xC8, 0xA2, 0xB0, 0x15, 0x8D, 0xC6, 0xD7,
    0xFB, 0xC4, 0x9B, 0x9E, 0xC0, 0x7B, 0x82, 0x17, 0xCC, 0x30, 0x4D, 0xBC, 0x5A, 0x0C, 0x96, 0xD5,
    0x54, 0x10, 0xB1, 0xE2, 0xA6, 0x64, 0xF3, 0x78, 0xFF, 0xE4, 0x26, 0xD3, 0x6B, 0x99, 0xE1, 0xCD,
    0xEE, 0x37, 0x3B, 0x9B, 0xFF, 0xBD, 0xB7, 0xFD, 0xDF, 0x15, 0x38, 0xDF, 0x03, 0x90, 0xA4, 0xB8,
    0x15, 0x05, 0x9A, 0x56, 0x51, 0x0E, 0xC0, 0x13, 0xEB, 0x91, 0xCB, 0x4F, 0x8F, 0x52, 0xC4, 0xA3,
    0x57, 0xE4, 0xF2, 0x5E, 0x86, 0xDD, 0x84, 0x7E, 0x30, 0x51, 0x61, 0x47, 0xF4, 0x6D, 0xE9, 0x21,
    0xA8, 0x06, 0x10, 0x79, 0x52, 0x6C, 0x26, 0x85, 0x7E, 0xAF, 0xC6, 0x86, 0xA9, 0xD2, 0xC2, 0xB0,
    0x7A, 0x2E, 0x01, 0x6B, 0x5C, 0x12, 0xD9, 0x4C, 0x6E, 0x84, 0x2C, 0x48, 0x58, 0x61, 0xEF, 0xAA,
    0x1F, 0x94, 0x7D, 0xA9, 0xCC, 0x92, 0xF5, 0x2A, 0x99, 0x4C, 0x50, 0xC9, 0x68, 0x46, 0x95, 0x84,
    0x22, 0x42, 0x1B, 0xEC, 0x0E, 0x2A, 0x71, 0xDA, 0x0B, 0x33, 0x94, 0xBA, 0xB4, 0xF9, 0x2E, 0xB2,
    0x28, 0x65, 0x82, 0xCA, 0x53, 0x50, 0x89, 0x86, 0x6B, 0x48, 0xF4, 0x24, 0xB6, 0xB5, 0xC6, 0x85,
    0xE1, 0x79, 0x24, 0x25, 0x3C, 0x93, 0xEE, 0xCB, 0xBC, 0xD7, 0xC4, 0x9C, 0x45, 0x58, 0x6A, 0x5D,
    0xDA, 0x85, 0x8C, 0x3C, 0x14, 0xCA, 0xC8, 0xE2, 0x05, 0x89, 0x75, 0xD9, 0x00, 0x13, 0x60, 0x3D,
    0x0F, 0xA5, 0xE7, 0x52, 0x37, 0xCA, 0x81, 0xE4, 0x6A, 0xC9, 0xA6, 0xE5, 0xEA, 0x1D, 0x70, 0x56,
    0xD7, 0x8E, 0x2F, 0x19, 0x16, 0x48, 0xD7, 0x39, 0x88, 0x03, 0x20, 0x5E, 0x51, 0x45, 0x85, 0x49,
    0xB4, 0xE5, 0xDE, 0x65, 0x50, 0x58, 0xA2, 0xF7, 0xC7, 0x0F, 0x76, 0xE2, 0xA0, 0x02, 0x5D, 0x6D,
    0x8F, 0x09, 0xE5, 0x48, 0xFC, 0xEA, 0xF6, 0xA8, 0x44, 0x02, 0xE1, 0x97, 0x66, 0x8C, 0x46, 0x7B,
    0xF5, 0xCB, 0x6E, 0xB1, 0xC4, 0x15, 0x21, 0xA0, 0xC7, 0x0A, 0x1A, 0xC9, 0x3F, 0x92, 0x36, 0x2B,
    0xE8, 0x37, 0x38, 0x00, 0xBE, 0x9F, 0x3E, 0x3E, 0xD6, 0x46, 0xCA, 0xA8, 0xB5, 0x0F, 0xB4, 0xD0,
    0xE0, 0x64, 0xF3, 0x7F, 0x69, 0x3D, 0x65, 0xD4, 0x9E, 0x61, 0x8D, 0xD7, 0x04, 0xF0, 0x8D, 0x40,
    0x36, 0x92, 0xD8, 0x04, 0x12, 0xC5, 0x40, 0xC2, 0x12, 0xC0, 0x5B, 0x02, 0x38, 0x10, 0xC8, 0x17,
    0xE1, 0x6E, 0x51, 0x18, 0x47, 0xE2, 0xDD, 0xFD, 0x52, 0x88, 0x8F, 0x4A, 0x3D, 0x85, 0x5D, 0xBE,
    0xB3, 0x54, 0x31, 0xB3, 0x14, 0x1A, 0x61, 0x29, 0xBC, 0x91, 0x0F, 0x54, 0x40, 0xAE, 0x1D, 0x78,
    0x3B, 0x93, 0xA8, 0x26, 0x12, 0x65, 0x24, 0x61, 0x03, 0x09, 0x33, 0xE0, 0x41, 0xE4, 0xE2, 0xCA,
    0x68, 0xE5, 0xBB, 0xA4, 0xEA, 0xF7, 0x9F, 0xBB, 0xF9, 0x46, 0xC7, 0xD2, 0x24, 0x08, 0x9A, 0x94,
    0x09, 0x6E, 0xE4, 0xA3, 0xFC, 0x98, 0x1A, 0xB9, 0x96, 0x58, 0xA6, 0x5C, 0x7C, 0xE6, 0xF0, 0x7C,
    0xCD, 0xA4, 0x71, 0x99, 0xB4, 0xC7, 0xB9, 0x16, 0x87, 0xC5, 0xA9, 0xD5, 0xAE, 0xD5, 0x5A, 0xA2,
    0x39, 0x99, 0x05, 0x81, 0x6C, 0x66, 0xF7, 0xE9, 0x74, 0x82, 0x8B, 0xDD, 0xA7, 0xF3, 0xF1, 0xFF,
    0x2D, 0xB2, 0x8E, 0xCB, 0x1E, 0xA8, 0x1D, 0xA9, 0x65, 0xC2, 0x57, 0xAC, 0xF1, 0x22, 0x6E, 0x46,
    0xF4, 0x73, 0x31, 0x66, 0x22, 0x32, 0x6C, 0xEE, 0x44, 0xDC, 0x2E, 0xD8, 0x84, 0xAD, 0xCB, 0x2E,
    0xC0, 0x60, 0x79, 0x33, 0xE4, 0x72, 0x28, 0xDB, 0x42, 0x25, 0x30, 0xB7, 0x92, 0x50, 0xBA, 0x3E,
    0xE2, 0x4C, 0x45, 0x6C, 0xA5, 0x30, 0xC3, 0xB6, 0x6E, 0x3E, 0x19, 0x91, 0x83, 0xEE, 0xC8, 0x8D,
    0xC2, 0x03, 0xB6, 0x05, 0x2A, 0x5D, 0x22, 0x41, 0xB7, 0xE7, 0x4F, 0x56, 0x7F, 0xCE, 0x6D, 0xD9,
    0x02, 0x2F, 0xC1, 0x38, 0xDF, 0xD3, 0x29, 0x14, 0x89, 0xAF, 0x5B, 0x8F, 0x26, 0x1D, 0xBD, 0x93,
    0x81, 0xF7, 0x80, 0x99, 0x80, 0xAC, 0x06, 0xE3, 0x55, 0xF7, 0x19, 0x8D, 0xCC, 0xE8, 0x25, 0xA1,
    0xAE, 0x2F, 0x81, 0x2B, 0xB7, 0x6A, 0x34, 0x09, 0x4B, 0x52, 0x33, 0xEA, 0x0E, 0x9C, 0xA1, 0xDE,
    0xAF, 0xC7, 0xAD, 0xCA, 0xC1, 0xAE, 0x5D, 0xC7, 0x37, 0x71, 0xF3, 0xFF, 0x09, 0x7F, 0x01, 0x2D,
    0xCE, 0x11, 0x14, 0xC3, 0x30, 0x10, 0x06, 0xE0, 0x6B, 0x0B, 0x85, 0x42, 0x9C, 0xEA, 0xAF, 0x50,
    0xA7, 0xAB, 0xD3, 0xDC, 0xBD, 0x4E, 0x77, 0x4E, 0x73, 0x1A, 0x77, 0xCE, 0x3D, 0xA7, 0x39, 0xC5,
    0xA9, 0x50, 0xC8, 0xEB, 0xEB, 0x72, 0xFB, 0x93, 0xB7, 0xC0, 0x07, 0x97, 0x3F, 0xF9, 0x8F, 0xEA,
    0x19, 0x12, 0x2B, 0xF1, 0x29, 0x46, 0x0E, 0x1A, 0x7F, 0xB0, 0x76, 0x37, 0xE6, 0x95, 0x29, 0x6F,
    0x1B, 0x89, 0xBB, 0x17, 0x32, 0xAD, 0xD7, 0x3B, 0x53, 0x38, 0xDA, 0x2F, 0xC0, 0x7D, 0x65, 0x8C,
    0x60, 0xFE, 0xF4, 0x89, 0x66, 0xEB, 0x4F, 0x62, 0x1B, 0x0A, 0xE1, 0x20, 0x56, 0x20, 0x1A, 0x22,
    0xED, 0xCB, 0x18, 0x51, 0x74, 0x97, 0x61, 0x02, 0x7E, 0x86, 0x88, 0xA2, 0xFF, 0x4B, 0xC0, 0x36,
    0xE5, 0x17, 0x9B, 0xF8, 0xC1, 0xB6, 0x7B, 0x14, 0x5D, 0xAF, 0xA7, 0x2C, 0x48, 0xEE, 0x05, 0xA7,
    0x0A, 0xFE, 0x70, 0xC4, 0x9B, 0x8C, 0x22, 0x6C, 0xC0, 0xD6, 0xDE, 0xA0, 0x03, 0x0A, 0x44, 0xBB,
    0x84, 0x38, 0xD6, 0xF8, 0x01,
};

static const EpdGlyph dmsans_14_bolditalicGlyphs[] = {
    { 0, 0, 280, 0, 0, 0, 0 }, // U+000D
    { 0, 0, 117, 0, 0, 0, 0 }, // U+0020
    { 8, 22, 145, 1, 21, 44, 0 }, // !
    { 11, 8, 183, 2, 23, 22, 44 }, // "
    { 26, 22, 400, 0, 22, 143, 66 }, // #
    { 18, 27, 283, 0, 24, 122, 209 }, // $
    { 23, 22, 421, 2, 21, 127, 331 }, // %
    { 22, 22, 366, 0, 21, 121, 458 }, // &
    { 6, 8, 95, 2, 23, 12, 579 }, // '
    { 13, 29, 190, 1, 24, 95, 591 }, // (
    { 14, 29, 190, -2, 24, 102, 686 }, // )
    { 12, 12, 239, 3, 22, 36, 788 }, // *
    { 16, 15, 270, 1, 16, 60, 824 }, // +
    { 8, 8, 114, -2, 4, 16, 884 }, // ,
    { 14, 5, 248, 2, 11, 18, 900 }, // -
    { 6, 6, 119, 0, 5, 9, 918 }, // .
    { 17, 27, 199, -2, 23, 115, 927 }, // /
    { 20, 22, 330, 1, 21, 110, 1042 }, // 0
    { 9, 21, 170, 2, 21, 48, 1152 }, // 1
    { 17, 21, 274, 0, 21, 90, 1200 }, // 2
    { 17, 22, 281, 0, 21, 94, 1290 }, // 3
    { 18, 21, 304, 0, 21, 95, 1384 }, // 4
    { 17, 22, 291, 1, 21, 94, 1479 }, // 5
    { 17, 22, 295, 1, 21, 94, 1573 }, // 6
    { 17, 21, 251, 1, 21, 90, 1667 }, // 7
    { 17, 22, 294, 1, 21, 94, 1757 }, // 8
    { 17, 22, 295, 1, 21, 94, 1851 }, // 9
    { 8, 17, 120, 0, 16, 34, 1945 }, // :
    { 9, 20, 123, -2, 16, 45, 1979 }, // ;
    { 13, 14, 270, 3, 17, 46, 2024 }, // <
    { 15, 11, 270, 1, 14, 42, 2070 }, // =
    { 13, 14, 270, 2, 17, 46, 2112 }, // >
    { 15, 22, 253, 2, 21, 83, 2158 }, // ?
    { 27, 27, 483, 1, 20, 183, 2241 }, // @
    { 20, 21, 331, -1, 21, 105, 2424 }, // A
    { 19, 21, 298, 0, 21, 100, 2529 }, // B
    { 21, 22, 345, 1, 21, 116, 2629 }, // C
    { 21, 21, 332, 0, 21, 111, 2745 }, // D
    { 18, 21, 264, 0, 21, 95, 2856 }, // E
    { 18, 21, 254, 0, 21, 95, 2951 }, // F
    { 21, 22, 365, 1, 21, 116, 3046 }, // G
    { 22, 21, 333, 0, 21, 116, 3162 }, // H
    { 9, 21, 127, 0, 21, 48, 3278 }, // I
    { 16, 22, 250, 0, 21, 88, 3326 }, // J
    { 21, 21, 305, 0, 21, 111, 3414 }, // K
    { 15, 21, 261, 0, 21, 79, 3525 }, // L
    { 27, 21, 414, 0, 21, 142, 3604 }, // M
    { 22, 21, 341, 0, 21, 116, 3746 }, // N
    { 22, 22, 370, 1, 21, 121, 3862 }, // O
    { 19, 21, 288, 0, 21, 100, 3983 }, // P
    { 22, 25, 370, 1, 21, 138, 4083 }, // Q
    { 19, 21, 295, 0, 21, 100, 4221 }, // R
    { 18, 22, 283, 0, 21, 99, 4321 }, // S
    { 17, 21, 279, 2, 21, 90, 4420 }, // T
    { 20, 22, 320, 1, 21, 110, 4510 }, // U
    { 21, 21, 330, 2, 21, 111, 4620 }, // V
    { 29, 21, 475, 3, 21, 153, 4731 }, // W
    { 22, 21, 313, -1, 21, 116, 4884 }, // X
    { 19, 21, 296, 2, 21, 100, 5000 }, // Y
    { 18, 21, 270, 0, 21, 95, 5100 }, // Z
    { 14, 30, 176, -1, 24, 105, 5195 }, // [
    { 17, 27, 346, 3, 23, 115, 5300 }, // <backslash>
    { 13, 30, 176, -1, 24, 98, 5415 }, // ]
    { 19, 16, 316, 0, 21, 76, 5513 }, // ^
    { 18, 4, 318, 0, -1, 18, 5589 }, // _
    { 7, 8, 110, 2, 23, 14, 5607 }, // `
    { 16, 17, 276, 0, 16, 68, 5621 }, // a
    { 18, 22, 304, 0, 21, 99, 5689 }, // b
    { 16, 17, 284, 1, 16, 68, 5788 }, // c
    { 19, 22, 303, 1, 21, 105, 5856 }, // d
    { 16, 17, 282, 1, 16, 68, 5961 }, // e
    { 11, 21, 174, 1, 21, 58, 6029 }, // f
    { 18, 23, 265, -1, 16, 104, 6087 }, // g
    { 17, 21, 289, 0, 21, 90, 6191 }, // h
    { 9, 22, 129, 0, 22, 50, 6281 }, // i
    { 13, 29, 135, -4, 22, 95, 6331 }, // j
    { 18, 21, 274, 0, 21, 95, 6426 }, // k
    { 9, 21, 125, 0, 21, 48, 6521 }, // l
    { 27, 16, 436, 0, 16, 108, 6569 }, // m
    { 17, 16, 288, 0, 16, 68, 6677 }, // n
    { 16, 17, 287, 1, 16, 68, 6745 }, // o
    { 19, 23, 304, -1, 16, 110, 6813 }, // p
    { 18, 23, 304, 1, 16, 104, 6923 }, // q
    { 13, 16, 191, 0, 16, 52, 7027 }, // r
    { 15, 17, 251, 0, 16, 64, 7079 }, // s
    { 12, 19, 201, 1, 19, 57, 7143 }, // t
    { 17, 16, 288, 1, 15, 68, 7200 }, // u
    { 17, 15, 266, 1, 15, 64, 7268 }, // v
    { 24, 15, 383, 1, 15, 90, 7332 }, // w
    { 19, 15, 267, -1, 15, 72, 7422 }, // x
    { 18, 22, 282, 1, 15, 99, 7494 }, // y
    { 16, 15, 231, -1, 15, 60, 7593 }, // z
    { 13, 30, 220, 2, 24, 98, 7653 }, // {
    { 9, 24, 127, 0, 21, 54, 7751 }, // |
    { 13, 30, 220, -1, 24, 98, 7805 }, // }
    { 17, 7, 270, 0, 13, 30, 7903 }, // ~
    { 0, 0, 117, 0, 0, 0, 0 }, // U+00A0
    { 8, 22, 145, 0, 16, 44, 0 }, // U+00A1
    { 16, 21, 284, 1, 18, 84, 44 }, // U+00A2
    { 19, 21, 293, 0, 21, 100, 128 }, // U+00A3
    { 15, 14, 262, 1, 16, 53, 228 }, // U+00A4
    { 20, 21, 303, 1, 21, 105, 281 }, // U+00A5
    { 9, 24, 127, 0, 21, 54, 386 }, // U+00A6
    { 18, 28, 289, 0, 21, 126, 440 }, // U+00A7
    { 10, 5, 146, 2, 21, 13, 566 }, // U+00A8
    { 22, 22, 369, 1, 21, 121, 579 }, // U+00A9
    { 14, 11, 237, 2, 21, 39, 700 }, // U+00AA
    { 14, 11, 240, 1, 14, 39, 739 }, // U+00AB
    { 19, 8, 270, 0, 13, 38, 778 }, // U+00AC
    { 14, 13, 238, 2, 21, 46, 816 }, // U+00AE
    { 13, 3, 177, 1, 20, 10, 862 }, // U+00AF
    { 10, 9, 172, 2, 21, 23, 872 }, // U+00B0
    { 17, 16, 270, 0, 18, 68, 895 }, // U+00B1
    { 11, 11, 168, 1, 21, 31, 963 }, // U+00B2
    { 11, 11, 166, 1, 21, 31, 994 }, // U+00B3
    { 8, 8, 108, 1, 23, 16, 1025 }, // U+00B4
    { 19, 22, 292, -1, 15, 105, 1041 }, // U+00B5
    { 18, 24, 306, 2, 21, 108, 1146 }, // U+00B6
    { 6, 5, 120, 1, 12, 8, 1254 }, // U+00B7
    { 9, 9, 124, -3, 1, 21, 1262 }, // U+00B8
    { 7, 11, 111, 2, 21, 20, 1283 }, // U+00B9
    { 13, 11, 227, 2, 21, 36, 1303 }, // U+00BA
    { 14, 11, 240, 0, 14, 39, 1339 }, // U+00BB
    { 23, 21, 405, 2, 21, 121, 1378 }, // U+00BC
    { 25, 21, 431, 2, 21, 132, 1499 }, // U+00BD
    { 26, 21, 440, 1, 21, 137, 1631 }, // U+00BE
    { 15, 22, 252, -1, 16, 83, 1768 }, // U+00BF
    { 20, 29, 331, -1, 29, 145, 1851 }, // U+00C0
    { 20, 29, 331, -1, 29, 145, 1996 }, // U+00C1
    { 20, 28, 331, -1, 28, 140, 2141 }, // U+00C2
    { 20, 27, 331, -1, 27, 135, 2281 }, // U+00C3
    { 20, 27, 331, -1, 27, 135, 2416 }, // U+00C4
    { 20, 29, 331, -1, 29, 145, 2551 }, // U+00C5
    { 30, 21, 441, -1, 21, 158, 2696 }, // U+00C6
    { 21, 29, 345, 1, 21, 153, 2854 }, // U+00C7
    { 18, 29, 264, 0, 29, 131, 3007 }, // U+00C8
    { 18, 29, 264, 0, 29, 131, 3138 }, // U+00C9
    { 18, 28, 264, 0, 28, 126, 3269 }, // U+00CA
    { 18, 27, 264, 0, 27, 122, 3395 }, // U+00CB
    { 11, 29, 127, 0, 29, 80, 3517 }, // U+00CC
    { 11, 29, 127, 0, 29, 80, 3597 }, // U+00CD
    { 12, 28, 127, 0, 28, 84, 3677 }, // U+00CE
    { 12, 27, 127, 0, 27, 81, 3761 }, // U+00CF
    { 21, 21, 339, 0, 21, 111, 3842 }, // U+00D0
    { 22, 27, 341, 0, 27, 149, 3953 }, // U+00D1
    { 22, 30, 370, 1, 29, 165, 4102 }, // U+00D2
    { 22, 30, 370, 1, 29, 165, 4267 }, // U+00D3
    { 22, 29, 370, 1, 28, 160, 4432 }, // U+00D4
    { 22, 28, 370, 1, 27, 154, 4592 }, // U+00D5
    { 22, 28, 370, 1, 27, 154, 4746 }, // U+00D6
    { 14, 13, 270, 2, 15, 46, 4900 }, // U+00D7
    { 26, 22, 363, -1, 21, 143, 4946 }, // U+00D8
    { 20, 30, 320, 1, 29, 150, 5089 }, // U+00D9
    { 20, 30, 320, 1, 29, 150, 5239 }, // U+00DA
    { 20, 29, 320, 1, 28, 145, 5389 }, // U+00DB
    { 20, 28, 320, 1, 27, 140, 5534 }, // U+00DC
    { 19, 29, 296, 2, 29, 138, 5674 }, // U+00DD
    { 18, 21, 288, 0, 21, 95, 5812 }, // U+00DE
    { 20, 23, 332, 0, 22, 115, 5907 }, // U+00DF
    { 16, 24, 276, 0, 23, 96, 6022 }, // U+00E0
    { 16, 24, 276, 0, 23, 96, 6118 }, // U+00E1
    { 16, 23, 276, 0, 22, 92, 6214 }, // U+00E2
    { 16, 22, 276, 0, 21, 88, 6306 }, // U+00E3
    { 16, 22, 276, 0, 21, 88, 6394 }, // U+00E4
    { 16, 24, 276, 0, 23, 96, 6482 }, // U+00E5
    { 27, 17, 444, 0, 16, 115, 6578 }, // U+00E6
    { 16, 24, 284, 1, 16, 96, 6693 }, // U+00E7
    { 16, 24, 282, 1, 23, 96, 6789 }, // U+00E8
    { 16, 24, 282, 1, 23, 96, 6885 }, // U+00E9
    { 16, 23, 282, 1, 22, 92, 6981 }, // U+00EA
    { 16, 22, 282, 1, 21, 88, 7073 }, // U+00EB
    { 10, 23, 125, 0, 23, 58, 7161 }, // U+00EC
    { 10, 23, 125, 0, 23, 58, 7219 }, // U+00ED
    { 11, 22, 125, 0, 22, 61, 7277 }, // U+00EE
    { 11, 21, 125, 0, 21, 58, 7338 }, // U+00EF
    { 18, 22, 298, 1, 21, 99, 7396 }, // U+00F0
    { 17, 21, 288, 0, 21, 90, 7495 }, // U+00F1
    { 16, 24, 287, 1, 23, 96, 7585 }, // U+00F2
    { 16, 24, 287, 1, 23, 96, 7681 }, // U+00F3
    { 16, 23, 287, 1, 22, 92, 7777 }, // U+00F4
    { 16, 22, 287, 1, 21, 88, 7869 }, // U+00F5
    { 16, 22, 287, 1, 21, 88, 7957 }, // U+00F6
    { 14, 17, 270, 2, 17, 60, 8045 }, // U+00F7
    { 19, 17, 277, -1, 16, 81, 8105 }, // U+00F8
    { 17, 24, 288, 1, 23, 102, 8186 }, // U+00F9
    { 17, 24, 288, 1, 23, 102, 8288 }, // U+00FA
    { 17, 23, 288, 1, 22, 98, 8390 }, // U+00FB
    { 17, 22, 288, 1, 21, 94, 8488 }, // U+00FC
    { 18, 30, 282, 1, 23, 135, 8582 }, // U+00FD
    { 19, 28, 304, -1, 21, 133, 8717 }, // U+00FE
    { 18, 28, 282, 1, 21, 126, 8850 }, // U+00FF
    { 21, 27, 331, -1, 27, 142, 0 }, // U+0100
    { 17, 21, 276, 0, 20, 90, 142 }, // U+0101
    { 20, 28, 331, -1, 28, 140, 232 }, // U+0102
    { 16, 23, 276, 0, 22, 92, 372 }, // U+0103
    { 20, 28, 331, -1, 21, 140, 464 }, // U+0104
    { 16, 23, 276, 0, 16, 92, 604 }, // U+0105
    { 21, 30, 345, 1, 29, 158, 696 }, // U+0106
    { 16, 24, 284, 1, 23, 96, 854 }, // U+0107
    { 21, 28, 345, 1, 27, 147, 950 }, // U+010A
    { 16, 22, 284, 1, 21, 88, 1097 }, // U+010B
    { 21, 29, 345, 1, 28, 153, 1185 }, // U+010C
    { 16, 23, 284, 1, 22, 92, 1338 }, // U+010D
    { 21, 28, 332, 0, 28, 147, 1430 }, // U+010E
    { 23, 23, 353, 1, 22, 133, 1577 }, // U+010F
    { 21, 21, 339, 0, 21, 111, 1710 }, // U+0110
    { 21, 22, 317, 1, 21, 116, 1821 }, // U+0111
    { 18, 27, 264, 0, 27, 122, 1937 }, // U+0112
    { 16, 21, 282, 1, 20, 84, 2059 }, // U+0113
    { 18, 28, 264, 0, 28, 126, 2143 }, // U+0114
    { 16, 23, 282, 1, 22, 92, 2269 }, // U+0115
    { 18, 27, 264, 0, 27, 122, 2361 }, // U+0116
    { 16, 22, 282, 1, 21, 88, 2483 }, // U+0117
    { 18, 28, 264, 0, 21, 126, 2571 }, // U+0118
    { 16, 23, 282, 1, 16, 92, 2697 }, // U+0119
    { 18, 28, 264, 0, 28, 126, 2789 }, // U+011A
    { 16, 23, 282, 1, 22, 92, 2915 }, // U+011B
    { 21, 29, 365, 1, 28, 153, 3007 }, // U+011E
    { 18, 29, 265, -1, 22, 131, 3160 }, // U+011F
    { 21, 28, 365, 1, 27, 147, 3291 }, // U+0120
    { 18, 28, 265, -1, 21, 126, 3438 }, // U+0121
    { 21, 30, 365, 1, 21, 158, 3564 }, // U+0122
    { 18, 30, 265, -1, 23, 135, 3722 }, // U+0123
    { 23, 21, 361, 1, 21, 121, 3857 }, // U+0126
    { 17, 21, 303, 1, 21, 90, 3978 }, // U+0127
    { 13, 27, 127, 0, 27, 88, 4068 }, // U+0128
    { 12, 21, 125, 0, 21, 63, 4156 }, // U+0129
    { 13, 27, 127, 0, 27, 88, 4219 }, // U+012A
    { 12, 20, 125, 0, 20, 60, 4307 }, // U+012B
    { 13, 28, 127, 0, 28, 91, 4367 }, // U+012C
    { 11, 22, 125, 0, 22, 61, 4458 }, // U+012D
    { 12, 28, 127, -3, 21, 84, 4519 }, // U+012E
    { 11, 28, 125, -3, 21, 77, 4603 }, // U+012F
    { 9, 27, 127, 0, 27, 61, 4680 }, // U+0130
    { 8, 15, 125, 0, 15, 30, 4741 }, // U+0131
    { 23, 22, 361, 0, 21, 127, 4771 }, // U+0132
    { 16, 29, 248, 0, 22, 116, 4898 }, // U+0133
    { 21, 30, 305, 0, 21, 158, 5014 }, // U+0136
    { 18, 30, 274, 0, 21, 135, 5172 }, // U+0137
    { 15, 29, 261, 0, 29, 109, 5307 }, // U+0139
    { 11, 29, 125, 0, 29, 80, 5416 }, // U+013A
    { 15, 30, 261, 0, 21, 113, 5496 }, // U+013B
    { 10, 30, 125, -1, 21, 75, 5609 }, // U+013C
    { 15, 22, 261, 0, 22, 83, 5684 }, // U+013D
    { 13, 22, 174, 0, 22, 72, 5767 }, // U+013E
    { 15, 21, 261, 0, 21, 79, 5839 }, // U+013F
    { 13, 21, 174, 0, 21, 69, 5918 }, // U+0140
    { 16, 21, 275, 0, 21, 84, 5987 }, // U+0141
    { 10, 21, 140, 0, 21, 53, 6071 }, // U+0142
    { 22, 29, 341, 0, 29, 160, 6124 }, // U+0143
    { 17, 23, 288, 0, 23, 98, 6284 }, // U+0144
    { 22, 30, 341, 0, 21, 165, 6382 }, // U+0145
    { 17, 25, 288, 0, 16, 107, 6547 }, // U+0146
    { 22, 28, 341, 0, 28, 154, 6654 }, // U+0147
    { 17, 22, 288, 0, 22, 94, 6808 }, // U+0148
    { 22, 28, 340, 0, 21, 154, 6902 }, // U+014A
    { 17, 23, 290, 0, 16, 98, 7056 }, // U+014B
    { 22, 28, 370, 1, 27, 154, 7154 }, // U+014C
    { 16, 21, 287, 1, 20, 84, 7308 }, // U+014D
    { 22, 29, 370, 1, 28, 160, 7392 }, // U+014E
    { 16, 23, 287, 1, 22, 92, 7552 }, // U+014F
    { 22, 29, 370, 1, 28, 160, 7644 }, // U+0150
    { 16, 23, 287, 1, 22, 92, 7804 }, // U+0151
    { 32, 22, 512, 1, 21, 176, 7896 }, // U+0152
    { 27, 17, 458, 1, 16, 115, 8072 }, // U+0153
    { 19, 29, 295, 0, 29, 138, 8187 }, // U+0154
    { 13, 23, 191, 0, 23, 75, 8325 }, // U+0155
    { 19, 30, 295, 0, 21, 143, 8400 }, // U+0156
    { 14, 25, 191, -1, 16, 88, 8543 }, // U+0157
    { 19, 28, 295, 0, 28, 133, 8631 }, // U+0158
    { 14, 22, 191, 0, 22, 77, 8764 }, // U+0159
    { 18, 30, 283, 0, 29, 135, 8841 }, // U+015A
    { 15, 24, 251, 0, 23, 90, 8976 }, // U+015B
    { 18, 29, 283, 0, 21, 131, 9066 }, // U+015E
    { 15, 24, 251, 0, 16, 90, 9197 }, // U+015F
    { 18, 29, 283, 0, 28, 131, 9287 }, // U+0160
    { 15, 23, 251, 0, 22, 87, 9418 }, // U+0161
    { 17, 29, 279, 2, 21, 124, 9505 }, // U+0162
    { 12, 27, 201, 1, 19, 81, 9629 }, // U+0163
    { 17, 28, 279, 2, 28, 119, 9710 }, // U+0164
    { 14, 23, 201, 1, 23, 81, 9829 }, // U+0165
    { 20, 28, 320, 1, 27, 140, 9910 }, // U+0168
    { 17, 22, 288, 1, 21, 94, 10050 }, // U+0169
    { 20, 28, 320, 1, 27, 140, 10144 }, // U+016A
    { 17, 21, 288, 1, 20, 90, 10284 }, // U+016B
    { 20, 29, 320, 1, 28, 145, 10374 }, // U+016C
    { 17, 23, 288, 1, 22, 98, 10519 }, // U+016D
    { 20, 30, 320, 1, 29, 150, 10617 }, // U+016E
    { 17, 24, 288, 1, 23, 102, 10767 }, // U+016F
    { 20, 29, 320, 1, 28, 145, 10869 }, // U+0170
    { 17, 23, 288, 1, 22, 98, 11014 }, // U+0171
    { 20, 28, 320, 1, 21, 140, 11112 }, // U+0172
    { 17, 22, 288, 1, 15, 94, 11252 }, // U+0173
    { 29, 28, 475, 3, 28, 203, 11346 }, // U+0174
    { 24, 22, 383, 1, 22, 132, 11549 }, // U+0175
    { 19, 28, 296, 2, 28, 133, 11681 }, // U+0176
    { 18, 29, 282, 1, 22, 131, 11814 }, // U+0177
    { 19, 27, 296, 2, 27, 129, 11945 }, // U+0178
    { 18, 29, 270, 0, 29, 131, 12074 }, // U+0179
    { 16, 23, 231, -1, 23, 92, 12205 }, // U+017A
    { 18, 27, 270, 0, 27, 122, 12297 }, // U+017B
    { 16, 21, 231, -1, 21, 84, 12419 }, // U+017C
    { 18, 28, 270, 0, 28, 126, 12503 }, // U+017D
    { 16, 22, 231, -1, 22, 88, 12629 }, // U+017E
    { 30, 29, 441, -1, 29, 218, 0 }, // U+01FC
    { 27, 24, 444, 0, 23, 162, 218 }, // U+01FD
    { 18, 30, 283, 0, 21, 135, 380 }, // U+0218
    { 15, 25, 251, 0, 16, 94, 515 }, // U+0219
    { 17, 30, 279, 2, 21, 128, 609 }, // U+021A
    { 12, 28, 201, 1, 19, 84, 737 }, // U+021B
    { 7, 8, 0, 2, 23, 14, 0 }, // U+0300
    { 8, 8, 0, 1, 23, 16, 14 }, // U+0301
    { 10, 6, 0, 1, 22, 15, 30 }, // U+0302
    { 12, 5, 0, 1, 21, 15, 45 }, // U+0303
    { 13, 3, 0, 1, 20, 10, 60 }, // U+0304
    { 10, 6, 0, 2, 22, 15, 70 }, // U+0306
    { 5, 5, 0, 1, 21, 7, 85 }, // U+0307
    { 10, 5, 0, 2, 21, 13, 92 }, // U+0308
    { 7, 7, 0, 2, 23, 13, 105 }, // U+030A
    { 13, 6, 0, 1, 22, 20, 118 }, // U+030B
    { 11, 6, 0, 1, 22, 17, 138 }, // U+030C
    { 6, 7, 0, 1, 23, 11, 155 }, // U+0312
    { 5, 8, 0, -3, -1, 10, 166 }, // U+0326
    { 9, 9, 0, -3, 1, 21, 176 }, // U+0327
    { 9, 9, 0, -3, 2, 21, 197 }, // U+0328
    { 18, 27, 264, 0, 27, 122, 0 }, // U+1EBC
    { 16, 22, 282, 1, 21, 88, 122 }, // U+1EBD
    { 19, 29, 296, 2, 29, 138, 210 }, // U+1EF2
    { 18, 30, 282, 1, 23, 135, 348 }, // U+1EF3
    { 19, 27, 296, 2, 27, 129, 483 }, // U+1EF8
    { 18, 28, 282, 1, 21, 126, 612 }, // U+1EF9
    { 17, 5, 304, 2, 11, 22, 0 }, // U+2013
    { 24, 5, 408, 2, 11, 30, 22 }, // U+2014
    { 8, 9, 129, 2, 21, 18, 52 }, // U+2018
    { 8, 9, 129, 2, 21, 18, 70 }, // U+2019
    { 8, 9, 119, -2, 5, 18, 88 }, // U+201A
    { 14, 9, 223, 2, 21, 32, 106 }, // U+201C
    { 13, 9, 223, 2, 21, 30, 138 }, // U+201D
    { 14, 9, 215, -2, 5, 32, 168 }, // U+201E
    { 16, 31, 281, 2, 23, 124, 200 }, // U+2020
    { 19, 31, 282, -1, 23, 148, 324 }, // U+2021
    { 9, 9, 182, 2, 14, 21, 472 }, // U+2022
    { 18, 6, 322, 0, 5, 27, 493 }, // U+2026
    { 35, 22, 602, 2, 21, 193, 520 }, // U+2030
    { 8, 11, 144, 1, 14, 22, 713 }, // U+2039
    { 8, 11, 144, 0, 14, 22, 735 }, // U+203A
    { 20, 21, 239, -2, 21, 105, 757 }, // U+2044
    { 10, 11, 163, 1, 21, 28, 0 }, // U+2074
    { 32, 22, 518, 0, 21, 176, 0 }, // U+20A8
    { 23, 22, 371, 0, 21, 127, 176 }, // U+20AC
    { 19, 22, 288, 1, 21, 105, 303 }, // U+20B9
    { 23, 22, 386, 0, 21, 127, 408 }, // U+20BA
    { 20, 21, 307, 0, 21, 105, 535 }, // U+20BD
    { 21, 22, 354, 1, 21, 116, 0 }, // U+2190
    { 24, 21, 397, 1, 21, 126, 116 }, // U+2191
    { 21, 22, 353, 1, 21, 116, 242 }, // U+2192
    { 24, 21, 397, 1, 21, 126, 358 }, // U+2193
    { 26, 22, 432, 1, 21, 143, 484 }, // U+2194
    { 23, 21, 383, 1, 21, 121, 627 }, // U+2195
    { 17, 17, 320, 2, 18, 73, 748 }, // U+2196
    { 18, 18, 330, 2, 19, 81, 821 }, // U+2197
    { 17, 18, 320, 2, 19, 77, 902 }, // U+2198
    { 18, 18, 330, 2, 19, 81, 979 }, // U+2199
    { 18, 23, 278, 0, 22, 104, 0 }, // U+2202
    { 21, 21, 334, -1, 21, 111, 104 }, // U+2206
    { 23, 21, 345, 1, 21, 121, 215 }, // U+220F
    { 18, 23, 233, -1, 21, 104, 336 }, // U+2211
    { 14, 5, 270, 2, 11, 18, 440 }, // U+2212
    { 17, 27, 199, -2, 23, 115, 458 }, // U+2215
    { 28, 28, 370, 0, 26, 196, 573 }, // U+221A
    { 20, 11, 346, 1, 14, 55, 769 }, // U+221E
    { 18, 35, 130, -4, 28, 158, 824 }, // U+222B
    { 19, 14, 270, -1, 16, 67, 982 }, // U+2248
    { 15, 15, 270, 1, 16, 57, 1049 }, // U+2260
    { 15, 17, 270, 2, 19, 64, 1106 }, // U+2264
    { 15, 17, 270, 1, 19, 64, 1170 }, // U+2265
    { 18, 22, 286, 1, 22, 99, 0 }, // U+FB01
    { 19, 21, 298, 1, 21, 100, 99 }, // U+FB02
};

static const EpdUnicodeInterval dmsans_14_bolditalicIntervals[] = {
    { 0xD, 0xD, 0x0 },
    { 0x20, 0x7E, 0x1 },
    { 0xA0, 0xAC, 0x60 },
    { 0xAE, 0x107, 0x6D },
    { 0x10A, 0x11B, 0xC7 },
    { 0x11E, 0x123, 0xD9 },
    { 0x126, 0x133, 0xDF },
    { 0x136, 0x137, 0xED },
    { 0x139, 0x148, 0xEF },
    { 0x14A, 0x15B, 0xFF },
    { 0x15E, 0x165, 0x111 },
    { 0x168, 0x17E, 0x119 },
    { 0x1FC, 0x1FD, 0x130 },
    { 0x218, 0x21B, 0x132 },
    { 0x300, 0x304, 0x136 },
    { 0x306, 0x308, 0x13B },
    { 0x30A, 0x30C, 0x13E },
    { 0x312, 0x312, 0x141 },
    { 0x326, 0x328, 0x142 },
    { 0x1EBC, 0x1EBD, 0x145 },
    { 0x1EF2, 0x1EF3, 0x147 },
    { 0x1EF8, 0x1EF9, 0x149 },
    { 0x2013, 0x2014, 0x14B },
    { 0x2018, 0x201A, 0x14D },
    { 0x201C, 0x201E, 0x150 },
    { 0x2020, 0x2022, 0x153 },
    { 0x2026, 0x2026, 0x156 },
    { 0x2030, 0x2030, 0x157 },
    { 0x2039, 0x203A, 0x158 },
    { 0x2044, 0x2044, 0x15A },
    { 0x2074, 0x2074, 0x15B },
    { 0x20A8, 0x20A8, 0x15C },
    { 0x20AC, 0x20AC, 0x15D },
    { 0x20B9, 0x20BA, 0x15E },
    { 0x20BD, 0x20BD, 0x160 },
    { 0x2190, 0x2199, 0x161 },
    { 0x2202, 0x2202, 0x16B },
    { 0x2206, 0x2206, 0x16C },
    { 0x220F, 0x220F, 0x16D },
    { 0x2211, 0x2212, 0x16E },
    { 0x2215, 0x2215, 0x170 },
    { 0x221A, 0x221A, 0x171 },
    { 0x221E, 0x221E, 0x172 },
    { 0x222B, 0x222B, 0x173 },
    { 0x2248, 0x2248, 0x174 },
    { 0x2260, 0x2260, 0x175 },
    { 0x2264, 0x2265, 0x176 },
    { 0xFB01, 0xFB02, 0x178 },
};

static const EpdFontGroup dmsans_14_bolditalicGroups[] = {
    { 0, 3842, 8794, 96, 0 },
    { 3842, 3191, 9557, 95, 96 },
    { 7033, 3780, 13823, 113, 191 },
    { 10813, 442, 884, 6, 304 },
    { 11255, 211, 260, 15, 310 },
    { 11466, 316, 793, 6, 325 },
    { 11782, 483, 900, 16, 331 },
    { 12265, 36, 33, 1, 347 },
    { 12301, 391, 655, 5, 348 },
    { 12692, 511, 1151, 10, 353 },
    { 13203, 604, 1329, 13, 363 },
    { 13807, 150, 215, 2, 376 },
};

static const uint16_t dmsans_14_bolditalicKernLeftCodepoints[] = {
    0x0021, 0x0022, 0x0024, 0x0026, 0x0027, 0x0028, 0x002A, 0x002B, 0x002C, 0x002D, 0x002E, 0x002F,
    0x0030, 0x0031, 0x0032, 0x0033, 0x0034, 0x0035, 0x0036, 0x0037, 0x0038, 0x0039, 0x003A, 0x003B,
    0x003C, 0x003E, 0x003F, 0x0040, 0x0041, 0x0042, 0x0043, 0x0044, 0x0045, 0x0046, 0x0047, 0x0048,
    0x0049, 0x004A, 0x004B, 0x004C, 0x004D, 0x004E, 0x004F, 0x0050, 0x0051, 0x0052, 0x0053, 0x0054,
    0x0055, 0x0056, 0x0057, 0x0058, 0x0059, 0x005A, 0x005B, 0x005C, 0x005D, 0x005F, 0x0061, 0x0062,
    0x0063, 0x0064, 0x0065, 0x0066, 0x0067, 0x0068, 0x006A, 0x006B, 0x006C, 0x006D, 0x006E, 0x006F,
    0x0070, 0x0071, 0x0072, 0x0073, 0x0074, 0x0076, 0x0077, 0x0078, 0x0079, 0x007A, 0x007B, 0x007C,
    0x007D, 0x00A1, 0x00A5, 0x00A6, 0x00AB, 0x00B3, 0x00BF, 0x00C0, 0x00C1, 0x00C2, 0x00C3, 0x00C4,
    0x00C5, 0x00C6, 0x00C7, 0x00C8, 0x00C9, 0x00CA, 0x00CB, 0x00CC, 0x00CD, 0x00CE, 0x00CF, 0x00D0,
    0x00D1, 0x00D2, 0x00D3, 0x00D4, 0x00D5, 0x00D6, 0x00D7, 0x00D8, 0x00D9, 0x00DA, 0x00DB, 0x00DC,
    0x00DD, 0x00DE, 0x00DF, 0x00E0, 0x00E1, 0x00E2, 0x00E3, 0x00E4, 0x00E5, 0x00E6, 0x00E7, 0x00E8,
    0x00E9, 0x00EA, 0x00EB, 0x00ED, 0x00F0, 0x00F1, 0x00F2, 0x00F3, 0x00F4, 0x00F5, 0x00F6, 0x00F7,
    0x00FD, 0x00FE, 0x00FF, 0x0100, 0x0101, 0x0102, 0x0103, 0x0104, 0x0105, 0x0106, 0x0107, 0x010A,
    0x010B, 0x010C, 0x010D, 0x010E, 0x010F, 0x0110, 0x0111, 0x0112, 0x0113, 0x0114, 0x0115, 0x0116,
    0x0117, 0x0118, 0x0119, 0x011A, 0x011B, 0x011E, 0x011F, 0x0120, 0x0121, 0x0122, 0x0123, 0x0128,
    0x0129, 0x012A, 0x012B, 0x012C, 0x012D, 0x012E, 0x0130, 0x0136, 0x0137, 0x0139, 0x013A, 0x013B,
    0x013C, 0x013D, 0x013E, 0x013F, 0x0141, 0x0142, 0x0143, 0x0144, 0x0145, 0x0146, 0x0147, 0x0148,
    0x014C, 0x014D, 0x014E, 0x014F, 0x0150, 0x0151, 0x0152, 0x0153, 0x0154, 0x0155, 0x0156, 0x0157,
    0x0158, 0x0159, 0x015A, 0x015B, 0x015E, 0x015F, 0x0160, 0x0161, 0x0162, 0x0163, 0x0164, 0x0165,
    0x0168, 0x016A, 0x016C, 0x016E, 0x0170, 0x0172, 0x0174, 0x0175, 0x0176, 0x0177, 0x0178, 0x0179,
    0x017A, 0x017B, 0x017C, 0x017D, 0x017E, 0x01FC, 0x01FD, 0x0218, 0x0219, 0x021A, 0x021B, 0x1EBC,
    0x1EBD, 0x1EF2, 0x1EF3, 0x1EF8, 0x1EF9, 0x2013, 0x2014, 0x2018, 0x2019, 0x201A, 0x201C, 0x201D,
    0x201E, 0x2026, 0x2039, 0x20A8, 0x20AC, 0x20BD, 0x2212, 0x221A, 0xFB02,
};

static const uint8_t dmsans_14_bolditalicKernLeftClassIds[] = {
      1,   2,   3,   4,   2,   5,   6,   7,   8,   9,  10,  11,  12,  13,  14,  15,
     16,  17,  18,  19,  20,  21,  22,  23,  24,  25,  26,  27,  28,  29,  30,  31,
     32,  33,  34,  13,  13,  35,  36,  37,  13,  13,  31,  38,  39,  40,   3,  41,
     42,  43,  44,  45,  46,  47,  48,  49,  50,  51,  52,  53,  54,  48,  55,  56,
     57,  58,  59,  60,  48,  58,  58,  53,  53,  61,  62,  63,  64,  65,  66,  67,
     68,  48,  69,  13,  70,  71,  72,  13,  73,  74,  75,  28,  28,  28,  28,  28,
     28,  32,  30,  32,  32,  32,  32,  13,  13,  13,  13,  31,  13,  31,  31,  31,
     31,  31,  76,  77,  42,  42,  42,  42,  46,  78,  79,  52,  52,  52,  52,  52,
     52,  55,  54,  55,  55,  55,  55,  80,  81,  58,  53,  53,  53,  53,  53,  82,
     68,  53,  68,  28,  52,  28,  52,  28,  52,  30,  54,  30,  54,  30,  54,  31,
     83,  31,  84,  32,  55,  32,  55,  32,  55,  32,  55,  32,  55,  34,  57,  34,
     57,  34,  57,  13,  85,  13,  86,  13,  87,  13,  13,  36,  60,  37,  48,  37,
     48,  88,  83,  37,  37,  89,  13,  58,  13,  58,  13,  58,  31,  53,  31,  53,
     31,  53,  32,  55,  40,  62,  40,  62,  40,  62,   3,  63,   3,  63,   3,  63,
     41,  64,  41,  64,  42,  42,  42,  42,  42,  42,  44,  66,  46,  68,  46,  47,
     48,  47,  48,  47,  48,  32,  55,   3,  63,  41,  64,  32,  55,  46,  68,  46,
     68,   9,   9,  90,  91,  92,  90,  91,  92,  10,  73,  63,  30,  93,   9,  94,
     48,
};

static const uint16_t dmsans_14_bolditalicKernRightCodepoints[] = {
    0x0021, 0x0022, 0x0023, 0x0024, 0x0025, 0x0026, 0x0027, 0x0029, 0x002A, 0x002B, 0x002C, 0x002D,
    0x002E, 0x002F, 0x0030, 0x0031, 0x0032, 0x0033, 0x0034, 0x0035, 0x0036, 0x0037, 0x0038, 0x0039,
    0x003A, 0x003B, 0x003C, 0x003E, 0x003F, 0x0040, 0x0041, 0x0042, 0x0043, 0x0044, 0x0045, 0x0046,
    0x0047, 0x0048, 0x0049, 0x004A, 0x004B, 0x004C, 0x004D, 0x004E, 0x004F, 0x0050, 0x0051, 0x0052,
    0x0053, 0x0054, 0x0055, 0x0056, 0x0057, 0x0058, 0x0059, 0x005A, 0x005B, 0x005C, 0x005D, 0x005F,
    0x0061, 0x0062, 0x0063, 0x0064, 0x0065, 0x0066, 0x0067, 0x0068, 0x0069, 0x006A, 0x006B, 0x006C,
    0x006D, 0x006E, 0x006F, 0x0070, 0x0071, 0x0072, 0x0073, 0x0074, 0x0075, 0x0076, 0x0077, 0x0078,
    0x0079, 0x007A, 0x007B, 0x007C, 0x007D, 0x00A1, 0x00A2, 0x00A6, 0x00AB, 0x00BF, 0x00C0, 0x00C1,
    0x00C2, 0x00C3, 0x00C4, 0x00C5, 0x00C6, 0x00C7, 0x00C8, 0x00C9, 0x00CA, 0x00CB, 0x00CC, 0x00CD,
    0x00CE, 0x00CF, 0x00D1, 0x00D2, 0x00D3, 0x00D4, 0x00D5, 0x00D6, 0x00D7, 0x00D8, 0x00D9, 0x00DA,
    0x00DB, 0x00DC, 0x00DD, 0x00DE, 0x00DF, 0x00E0, 0x00E1, 0x00E2, 0x00E3, 0x00E4, 0x00E5, 0x00E6,
    0x00E7, 0x00E8, 0x00E9, 0x00EA, 0x00EB, 0x00EC, 0x00ED, 0x00EE, 0x00EF, 0x00F0, 0x00F1, 0x00F2,
    0x00F3, 0x00F4, 0x00F5, 0x00F6, 0x00F7, 0x00F8, 0x00F9, 0x00FA, 0x00FB, 0x00FC, 0x00FD, 0x00FE,
    0x00FF, 0x0100, 0x0101, 0x0102, 0x0103, 0x0104, 0x0105, 0x0106, 0x0107, 0x010A, 0x010B, 0x010C,
    0x010D, 0x010E, 0x010F, 0x0111, 0x0112, 0x0113, 0x0114, 0x0115, 0x0116, 0x0117, 0x0118, 0x0119,
    0x011A, 0x011B, 0x011E, 0x011F, 0x0120, 0x0121, 0x0122, 0x0123, 0x0128, 0x0129, 0x012A, 0x012B,
    0x012C, 0x012D, 0x012F, 0x0130, 0x0131, 0x0136, 0x0137, 0x0139, 0x013A, 0x013B, 0x013C, 0x013D,
    0x013E, 0x013F, 0x0140, 0x0141, 0x0142, 0x0143, 0x0144, 0x0145, 0x0146, 0x0147, 0x0148, 0x014C,
    0x014D, 0x014E, 0x014F, 0x0150, 0x0151, 0x0152, 0x0153, 0x0154, 0x0155, 0x0156, 0x0157, 0x0158,
    0x0159, 0x015A, 0x015B, 0x015E, 0x015F, 0x0160, 0x0161, 0x0162, 0x0163, 0x0164, 0x0165, 0x0168,
    0x0169, 0x016A, 0x016B, 0x016C, 0x016D, 0x016E, 0x016F, 0x0170, 0x0171, 0x0172, 0x0173, 0x0174,
    0x0175, 0x0176, 0x0177, 0x0178, 0x0179, 0x017A, 0x017B, 0x017C, 0x017D, 0x017E, 0x01FC, 0x01FD,
    0x0218, 0x0219, 0x021A, 0x021B, 0x1EBC, 0x1EBD, 0x1EF2, 0x1EF3, 0x1EF8, 0x1EF9, 0x2013, 0x2014,
    0x2018, 0x2019, 0x201A, 0x201C, 0x201D, 0x201E, 0x2026, 0x2030, 0x2039, 0x2044, 0x20A8, 0x20BD,
    0x2212, 0x221A,
};

static const uint8_t dmsans_14_bolditalicKernRightClassIds[] = {
      1,   2,   3,   4,   5,   6,   7,   8,   9,  10,  11,  12,  13,  14,  15,  16,
     17,  18,  19,  20,  21,  22,  23,  24,  25,  26,  27,  28,  29,  30,  31,  32,
     33,  32,  32,  32,  34,  32,  32,  35,  32,  32,  32,  32,  36,  32,  34,  32,
      4,  37,  38,  39,  40,  41,  42,  43,  44,  45,  46,  47,  48,  49,  50,  51,
     52,  53,  54,  49,  55,  56,  49,  49,  57,  58,  59,  60,  61,  62,  63,  64,
     65,  66,  67,  68,  69,  70,  71,  32,  72,  73,  74,  32,  75,  76,  77,  77,
     77,  77,  77,  77,  78,  34,  32,  32,  32,  32,  79,  32,  80,  81,  32,  34,
     34,  34,  34,  34,  82,  83,  84,  84,  84,  84,  85,  32,  86,  87,  87,  87,
     87,  87,  87,  87,  88,  88,  88,  88,  88,  89,  57,  90,  91,  88,  57,  88,
     88,  88,  88,  88,  92,  93,  94,  94,  94,  94,  69,  86,  69,  77,  87,  77,
     87,  77,  87,  34,  88,  34,  88,  34,  88,  32,  88,  88,  32,  88,  32,  88,
     32,  88,  32,  88,  32,  88,  34,  54,  34,  54,  34,  54,  32,  95,  96,  97,
     32,  98,  57,  32,  57,  32,  49,  32,  49,  32,  49,  32,  49,  32,  49,  99,
    100,  32,  57,  32,  57,  32,  57,  34,  88,  34,  88,  34,  88,  34,  88,  32,
     57,  32,  57,  32,  57,   4, 101,   4, 101,   4, 101, 102,  64, 102,  64,  84,
     94,  84,  94,  84,  94,  84,  94,  84,  94,  84,  94, 103,  67,  85,  69,  85,
     43,  70,  43,  70,  43,  70,  78,  87,   4, 101, 102,  64,  32,  88,  85,  69,
     85,  69, 104, 104, 105, 106, 107, 105, 106, 107, 108,   5,  75, 109,  32, 110,
    104, 111,
};

static const uint16_t dmsans_14_bolditalicKernRowOffsets[] = {
        0,     4,    24,    34,    58,    80,   108,   119,   136,   148,   174,   229,   252,   254,   290,   311,
      327,   348,   374,   430,   457,   484,   487,   491,   494,   499,   517,   556,   606,   619,   631,   653,
      658,   681,   684,   688,   725,   765,   793,   802,   822,   877,   886,   933,   985,  1016,  1076,  1089,
     1090,  1125,  1127,  1153,  1159,  1180,  1186,  1198,  1210,  1218,  1228,  1229,  1242,  1244,  1258,  1278,
     1286,  1305,  1320,  1328,  1349,  1359,  1370,  1377,  1378,  1379,  1380,  1401,  1413,  1417,  1430,  1434,
     1450,  1451,  1453,  1454,  1476,  1487,  1514,  1518,  1558,  1560,  1570,  1581,  1583,  1585,  1586,
};

static const uint8_t dmsans_14_bolditalicKernSparseCols[] = {
      8,  88,  94,  96,  16,  18,  19,  21,  29,  30,  34,  44,  49,  50,  51,  58,
     60,  62,  63,  76,  77,  87,  94,  96,  23,  36,  38,  39,  41,  84,  94,  96,
    101, 102,   1,   4,   6,   8,  18,  23,  28,  32,  33,  35,  36,  37,  38,  39,
     41,  44,  65,  66,  68,  83,  84, 101, 102, 105,   5,  14,  18,  20,  22,  23,
     29,  30,  32,  33,  35,  47,  49,  50,  51,  58,  60,  62,  76,  86,  87, 100,
      0,   5,  13,  18,  19,  20,  22,  29,  30,  32,  33,  34,  35,  47,  49,  50,
     51,  58,  60,  62,  75,  76,  77,  86,  87,  94,  96, 100,  13,  21,  30,  36,
     38,  39,  41,  76,  84, 101, 102,   4,  28,  32,  33,  35,  36,  38,  39,  41,
     44,  63,  65,  66,  68,  84, 101, 102,  13,  21,  30,  36,  38,  39,  41,  44,
     76,  84, 101, 102,   4,  14,  15,  20,  21,  23,  26,  28,  29,  32,  33,  35,
     36,  37,  38,  39,  41,  44,  65,  66,  68,  70,  83,  84, 101, 102,   5,   9,
     10,  11,  12,  13,  14,  17,  18,  19,  20,  22,  23,  29,  31,  32,  33,  34,
     35,  36,  38,  39,  41,  46,  47,  49,  50,  51,  53,  56,  57,  58,  60,  61,
     62,  75,  78,  79,  80,  82,  84,  86,  87,  88,  89,  90,  95,  96,  97, 100,
    101, 102, 103, 106, 107,   1,   6,   7,  12,  13,  15,  16,  21,  30,  36,  38,
     39,  40,  41,  44,  46,  76,  77,  84,  96, 101, 102, 107,  94,  96,   1,   2,
      6,   9,  14,  18,  19,  21,  22,  23,  29,  32,  33,  35,  36,  38,  39,  41,
     49,  50,  51,  52,  58,  60,  62,  65,  67,  81,  84,  87,  91,  96, 100, 101,
    102, 109,   1,   6,   8,  13,  15,  21,  23,  29,  30,  36,  38,  39,  40,  41,
     44,  76,  77,  84,  96, 101, 102,   1,   4,   5,   6,   8,  21,  36,  38,  39,
     41,  42,  65,  84, 101, 102, 110,   1,   2,   6,   8,  13,  16,  21,  23,  30,
     36,  39,  40,  41,  46,  66,  76,  84,  96, 101, 102, 105,   1,   4,   6,   7,
      8,  12,  13,  19,  21,  23,  29,  30,  36,  38,  39,  40,  41,  44,  46,  76,
     77,  84,  96, 101, 102, 107,   1,   3,   5,   6,   9,  10,  11,  12,  13,  14,
     15,  16,  17,  18,  19,  20,  26,  29,  30,  32,  33,  34,  35,  38,  39,  41,
     46,  47,  49,  50,  51,  52,  53,  58,  59,  60,  62,  66,  73,  74,  75,  76,
     81,  82,  84,  86,  87,  91,  94,  96,  97, 100, 102, 103, 106, 107,   1,   6,
      7,   8,  13,  15,  16,  19,  21,  23,  29,  30,  36,  38,  39,  40,  41,  44,
     46,  66,  76,  77,  84,  96, 101, 102, 105,   1,   6,   7,  12,  13,  15,  16,
     17,  19,  21,  29,  30,  36,  38,  39,  40,  41,  44,  46,  76,  77,  84,  96,
     98, 101, 102, 107,  38,  41,  84,  36,  41,  84, 101,   7,  21,  29,   7,  12,
     21,  29, 107,   7,  10,  12,  13,  29,  30,  34,  40,  46,  75,  76,  77,  88,
     94,  96,  97, 106, 107,   1,   4,   6,   7,   8,  10,  12,  13,  15,  16,  17,
     19,  20,  21,  22,  23,  25,  26,  27,  28,  30,  36,  38,  39,  40,  41,  44,
     46,  66,  68,  71,  76,  77,  84, 101, 102, 104, 105, 107,   1,   3,   6,   7,
      8,   9,  11,  14,  15,  17,  18,  19,  20,  21,  22,  23,  28,  29,  32,  33,
     35,  36,  37,  38,  39,  41,  44,  49,  50,  51,  52,  58,  60,  62,  63,  64,
     65,  66,  68,  69,  70,  81,  83,  84,  87,  93, 100, 101, 102, 103,  23,  30,
     36,  38,  39,  40,  41,  76,  77,  84,  96, 101, 102,   7,  36,  38,  39,  40,
     41,  77,  84,  94,  96, 101, 102,   7,   8,  10,  12,  13,  16,  21,  30,  36,
     38,  39,  40,  41,  44,  46,  71,  76,  77,  84, 101, 102, 107,   5,  65,  94,
     96,  97,  10,  12,  22,  29,  30,  34,  46,  47,  49,  50,  51,  57,  58,  60,
     62,  76,  81,  86,  87,  96,  97, 100, 107,  41,  84,  96,  30,  76,  88,  96,
      5,   8,   9,  11,  14,  17,  18,  20,  22,  23,  28,  29,  32,  33,  34,  35,
     47,  49,  50,  51,  58,  60,  62,  63,  64,  65,  66,  68,  74,  86,  87,  88,
     93,  96,  97, 100, 103,   1,   3,   4,   6,   8,   9,  11,  14,  15,  18,  19,
     20,  21,  23,  28,  29,  32,  33,  35,  36,  37,  38,  39,  41,  44,  49,  50,
     51,  58,  60,  63,  65,  66,  68,  83,  84,  87, 101, 102, 103,   3,   5,   7,
     10,  12,  13,  18,  19,  22,  29,  30,  34,  40,  41,  42,  46,  49,  50,  51,
     53,  58,  60,  76,  77,  84,  87,  94, 107,  37,  38,  40,  41,  64,  66,  83,
     84,  93,   9,  18,  19,  22,  36,  38,  39,  41,  49,  50,  51,  58,  60,  62,
     84,  87,  94,  96, 100, 102,   5,   9,  10,  11,  12,  13,  14,  18,  23,  24,
     25,  28,  29,  30,  32,  33,  34,  35,  44,  46,  47,  49,  50,  51,  53,  54,
     56,  57,  58,  59,  60,  61,  62,  63,  64,  65,  66,  67,  68,  69,  70,  72,
     75,  76,  77,  81,  86,  87,  89,  92,  93,  96, 100, 103, 107,  12,  13,  30,
     46,  76,  77,  94,  96, 107,   5,   9,  10,  11,  12,  13,  14,  16,  18,  19,
     20,  21,  22,  23,  24,  29,  30,  32,  33,  34,  35,  44,  46,  47,  49,  50,
     51,  53,  56,  57,  58,  60,  61,  62,  64,  72,  76,  77,  81,  86,  87,  89,
     96,  97, 100, 103, 107,   5,   9,  10,  11,  12,  13,  14,  16,  17,  18,  19,
     20,  22,  23,  25,  29,  30,  32,  33,  34,  35,  46,  47,  49,  50,  51,  53,
     56,  57,  58,  60,  61,  62,  64,  65,  70,  72,  76,  77,  81,  82,  86,  87,
     89,  92,  93,  94,  96,  97, 100, 103, 107,  14,  17,  18,  19,  20,  22,  23,
     28,  29,  32,  33,  35,  47,  49,  50,  51,  58,  60,  62,  64,  65,  66,  68,
     81,  86,  87,  93,  94,  96,  97, 100,   1,   5,   6,   9,  10,  11,  12,  13,
     14,  16,  17,  18,  19,  20,  21,  22,  23,  24,  25,  29,  30,  32,  33,  34,
     35,  46,  47,  49,  50,  51,  53,  56,  57,  58,  60,  61,  62,  63,  64,  65,
     66,  68,  69,  70,  72,  75,  76,  77,  81,  82,  86,  87,  89,  93,  94,  96,
     97, 100, 103, 107,  18,  32,  33,  35,  49,  50,  51,  58,  60,  87,  94,  96,
     97,  96,   1,   6,  10,  11,  14,  20,  21,  22,  23,  28,  29,  32,  33,  35,
     36,  37,  38,  39,  41,  44,  46,  49,  50,  51,  58,  60,  83,  84,  87, 101,
    102, 103, 104, 105, 106,  94,  96,   5,   8,  14,  15,  18,  19,  20,  21,  22,
     23,  28,  29,  32,  33,  35,  36,  37,  38,  39,  41,  44,  55,  83,  84, 101,
    102,   8,  21,  44,  65,  66,  68,   1,   6,   7,   8,  13,  15,  21,  23,  28,
     36,  38,  39,  41,  44,  53,  63,  65,  66,  67,  68,  71,   7,   8,  21,  28,
     44,  65,   1,   6,   8,  21,  23,  28,  44,  53,  65,  66,  67,  68,  12,  18,
     47,  53,  62,  86,  88,  94,  96,  97, 100, 107,  49,  50,  51,  55,  58,  60,
     65,  87,   1,   6,   8,  15,  21,  38,  44,  65,  66,  68,  94,  22,  23,  29,
     47,  49,  50,  51,  58,  60,  62,  86,  87, 100,  44,  55,  10,  11,  12,  16,
     17,  24,  49,  50,  51,  58,  60,  87,  92, 107,   7,   8,  15,  16,  19,  21,
     23,  28,  44,  49,  50,  51,  52,  58,  60,  63,  65,  66,  68,  87,  10,  16,
     49,  50,  51,  58,  60,  87,  10,  12,  16,  29,  47,  49,  50,  51,  52,  53,
     58,  60,  62,  63,  75,  86,  87, 100, 107,  10,  12,  22,  29,  47,  49,  50,
     51,  53,  58,  60,  75,  86,  87, 107,  47,  49,  50,  51,  58,  60,  86,  87,
      5,  10,  12,  13,  18,  21,  29,  47,  49,  50,  51,  53,  58,  60,  62,  75,
     81,  86,  87, 100, 107,  29,  32,  33,  35,  49,  50,  51,  58,  60,  87,  12,
     30,  36,  39,  41,  76,  77,  84, 101, 102, 107,  36,  38,  39,  41,  84, 101,
    102,  21,  21, 108,   4,   8,  19,  20,  21,  23,  28,  36,  41,  44,  49,  50,
     51,  58,  60,  65,  69,  84,  87, 101, 106,  21,  30,  36,  38,  39,  40,  41,
     76,  77,  84, 101, 102,  13,  46,  88,  96,   7,  12,  30,  36,  38,  39,  40,
     41,  76,  84, 101, 102, 107,   8,  21,  65,  68,   0,   7,   8,  28,  43,  44,
     45,  48,  52,  71,  90,  94,  96,  99, 104, 105,  96,  15,  21,  75,   1,   6,
      7,   8,  13,  15,  21,  23,  28,  36,  38,  39,  41,  44,  53,  63,  65,  66,
     67,  68,  71,  96,   0,   1,   6,   8,  28,  43,  48,  52,  55, 104, 105,   0,
      1,   6,   8,  14,  15,  16,  17,  19,  22,  23,  28,  31,  43,  44,  45,  48,
     52,  69,  78,  79,  80,  85,  95,  99, 104, 105,  15,  21,  28,  44,   1,   3,
      4,   6,   8,   9,  11,  14,  15,  18,  19,  20,  21,  23,  28,  29,  32,  33,
     35,  36,  37,  38,  39,  41,  44,  49,  50,  51,  58,  60,  63,  65,  66,  68,
     83,  84,  87, 101, 102, 103,  75,  96,  13,  18,  19,  22,  29,  34,  75,  94,
     96,  97,   5,  13,  19,  22,  29,  34,  62,  94,  96,  97, 100,  28,  44,  18,
     22,  18,
};

static const int8_t dmsans_14_bolditalicKernSparseValues[] = {
      -9,   15,    5,   18,    2,  -19,   -7,   11,  -17,  -21,  -17,    7,  -17,  -17,  -17,  -17,
     -17,   -6,   -2,  -21,  -28,  -17,   21,   35,   -7,  -12,  -17,  -14,  -38,  -17,    7,   13,
     -12,  -14,  -27,  -17,  -27,  -27,   -7,  -13,  -13,   -7,   -7,   -7,  -28,   -7,  -27,  -23,
     -37,  -22,   -7,   -7,   -9,   -7,  -37,  -28,  -23,  -18,  -14,  -14,  -12,   -4,  -14,  -14,
     -27,   -5,  -19,  -19,  -19,  -17,  -13,  -13,  -13,  -13,  -13,   -7,   -5,  -17,  -13,   -7,
      -7,  -16,  -44,  -33,  -14,   -7,  -14,  -21,  -30,   -4,   -4,  -22,   -4,   -5,  -10,  -10,
     -10,  -10,  -10,   -7,  -30,  -30,  -41,   -5,  -10,   14,   22,   -7,  -12,   -7,   -5,  -19,
     -23,  -16,  -28,   -5,  -28,  -19,  -16,  -34,   -7,  -12,  -12,  -12,  -28,  -28,  -16,  -29,
     -29,  -12,  -20,  -10,  -17,  -29,  -28,  -16,  -13,  -23,  -12,  -20,  -15,  -12,  -20,  -21,
     -12,  -20,  -20,  -12,  -25,  -15,  -21,  -14,  -10,  -15,  -21,  -13,   -7,  -17,  -17,  -17,
     -28,   -7,  -21,  -24,  -31,  -32,  -19,  -14,  -21,  -17,   -7,  -31,  -28,  -24,  -14,  -15,
     -16,  -13,  -35,  -41,   -7,   -2,  -15,   -8,   -4,   -7,   -8,  -22,   16,   -9,   -9,  -12,
      -9,    7,   13,    7,   14,  -44,  -10,  -16,  -16,  -16,  -13,   -5,   -5,  -16,  -16,   -5,
      -9,  -19,   14,   21,   20,   -9,   14,  -10,  -16,   29,   14,   13,   32,   28,   14,   -9,
       7,    7,  -13,  -11,  -35,  -16,  -16,  -17,  -12,  -10,   -2,   -2,  -15,  -13,  -16,  -19,
     -15,  -14,  -19,  -15,  -21,  -13,   -9,  -19,    7,  -16,  -15,  -12,    7,   14,   -6,    7,
      -6,   -4,   -2,   -4,   -2,  -10,   -4,   -4,   -4,   -1,   -1,   -1,   -6,  -13,   -6,  -14,
      -2,   -2,   -2,    5,   -2,   -2,   -2,    5,   12,   -2,  -14,   -2,   -4,    7,   -2,   -6,
      -6,    9,   -5,   -5,   -9,   -5,   -2,   -6,   -4,   -4,  -10,   -7,  -12,  -14,  -10,  -13,
     -12,  -10,   -2,  -13,    9,   -7,  -14,  -10,   -5,   12,  -10,  -21,   -5,  -14,   -9,  -14,
     -14,    9,   -2,  -14,  -14,  -14,   14,   -2,    9,   -2,  -12,   -8,   -2,   -5,   -8,   -5,
      -8,   -8,  -10,   -5,   -8,   -2,   -5,   -5,    9,   -8,   -8,  -13,   -8,   -2,   -8,   -4,
     -13,   -9,   -2,   -7,   -7,   -8,   -2,   -7,  -10,  -13,  -15,   -7,  -19,  -12,   -7,   -7,
     -10,  -19,    5,  -10,  -15,   -9,    9,   12,   -4,    9,   -4,   -7,   -4,  -14,  -20,   -1,
       8,   -2,    2,  -21,   -7,   -2,   -8,  -20,  -21,   -3,   -3,  -15,   -3,    7,    7,    9,
     -10,  -12,   -9,   -9,   -9,    7,  -17,   -9,   -5,   -9,  -12,    5,  -10,   -9,  -12,  -21,
      -4,   -2,    9,  -12,   -9,   -5,   20,   29,   16,  -12,    7,   -4,  -15,  -14,  -10,  -10,
     -13,  -15,  -10,   -5,   -2,   -5,  -10,   -2,  -12,   -7,   -6,  -16,  -15,  -10,  -19,  -16,
      -9,   -2,   -7,   -7,  -19,   11,   -6,  -15,   -7,   -7,   -7,  -16,   -2,  -12,   -4,   -2,
      -1,   -2,  -16,   -2,  -11,  -13,  -16,  -14,  -16,  -22,  -12,  -16,  -11,  -13,  -22,    7,
      13,  -13,  -14,   -2,  -10,  -14,  -14,  -14,   -9,   -9,  -14,  -16,   -4,  -17,  -21,  -21,
     -30,  -14,  -21,  -31,  -27,  -31,  -24,   -9,  -22,   -9,  -10,  -23,  -30,  -22,  -25,   14,
      15,   20,   11,  -15,  -31,  -33,  -23,  -33,  -30,  -37,   -9,   -9,  -12,  -15,  -12,   -2,
      -2,   -2,  -27,   -8,  -10,   -9,  -13,  -14,  -23,  -10,  -33,  -36,  -33,   -7,  -37,  -30,
     -14,  -12,  -15,  -19,  -10,  -10,  -37,  -33,  -33,   -4,   -9,   -9,  -33,   -4,  -75,   -4,
     -37,  -16,  -14,  -17,  -16,   -7,   -7,   -9,  -16,   -5,  -11,  -15,  -14,   -9,  -45,  -21,
     -21,  -66,  -13,  -89,  -59,  -70,  -23,  -10,  -10,  -10,   -2,  -10,  -10,   -1,  -16,   -8,
     -24,  -23,  -26,    5,  -24,  -15,  -13,  -34,  -10,   -8,   -1,  -28,  -27,  -14,   -3,   -2,
      -6,  -10,   -7,   -6,  -12,   -2,   -4,  -12,   11,   -6,   -7,   -7,   -7,  -11,   -7,   -7,
     -28,   -2,  -14,   11,   11,   -7,   -7,  -22,   -9,   -9,  -10,  -13,   -1,  -12,   -8,  -17,
     -15,  -11,  -10,  -45,  -13,  -17,  -14,   -8,  -12,  -21,  -17,  -11,  -10,    5,   -5,   15,
      20,    8,  -19,  -24,   -1,  -10,  -28,  -14,  -14,  -16,  -10,  -10,  -10,   -2,  -13,  -10,
      -7,  -21,   -7,  -16,  -10,   23,   12,   -7,  -24,  -17,  -17,   11,   -7,   -7,   18,   22,
      -6,   -7,  -14,  -21,  -15,   -7,  -16,  -14,   -9,  -12,   -7,   -7,  -21,  -21,   -5,  -48,
      -9,  -21,  -21,  -21,  -47,  -21,   -7,  -12,  -15,  -16,  -13,  -14,  -16,   -9,  -21,   22,
     -15,   18,   15,   -7,  -21,  -38,   -8,  -29,  -88,  -40,  -21,  -21,  -16,  -14,   -5,   -9,
     -12,  -16,  -18,  -10,  -10,  -26,  -26,  -51,  -93,  -34, -104,  -65, -105,  -23,  -10,  -10,
     -10,  -10,  -10,  -14,  -23,  -16,  -24,  -14,  -45,  -10,  -42,  -28,  -21,    2,   -8,  -14,
     -38,  -22,  -23,  -12,   -2,   -3,   -8,  -32,  -22,  -10,   -6,   -7,  -16,   -6,   -6,   -6,
      -9,   -6,   -6,  -25,  -36,   -6,   -6,   13,  -17,    4,   -4,   -4,   -8,    5,    4,    4,
      -8,    5,   -2,  -10,   -2,   -2,   -1,  -19,  -15,  -23,   -9,   -9,   -9,   -9,   -9,   -2,
     -10,   -9,    7,   11,   -2,   -7,  -14,  -16,  -31,  -42,  -62,  -16,   -2,  -21,   -2,   -2,
     -22,    7,  -19,  -62,   -9,   -9,  -21,   -9,    9,  -21,  -56,  -64,  -28,  -64,  -30,   -2,
     -14,  -14,  -62,  -12,  -28,  -30,  -53,   -8,  -39,  -17,  -16,  -12,  -17,  -10,  -17,   -7,
     -22,  -27,  -31,  -27,  -24,  -28,  -14,  -28,  -17,   23,  -24,  -17,  -28,   -7,  -10,  -12,
     -12,  -12,  -14,    5,   16,   -7,  -17,  -18,  -29,  -35,  -24,  -20,   -8,    3,  -22,   -3,
      -7,    7,   -9,   -4,  -10,  -22,  -70,   -8,   -8,  -21,   -8,    5,  -24,  -36,  -17,  -17,
     -38,  -19,   -2,   -6,  -38,  -17,   -6,  -12,   -2,  -13,  -30,  -34,  -16,  -15,  -17,   -2,
      25,   18,  -12,  -15,  -24,  -17,  -16,  -21,  -34,  -51,  -19,  -13,   -1,   -7,  -20,  -12,
     -11,  -14,   -8,  -12,  -24,  -64,  -13,  -13,  -14,  -13,  -13,  -29,  -21,  -21,  -45,  -21,
      -2,   -6,  -45,  -21,   -2,  -13,   -1,   -2,  -13,  -12,  -29,  -28,  -15,   -7,  -14,  -21,
      -2,  -21,   -1,    7,   22,   16,  -13,  -15,  -24,  -14,   -9,  -21,  -16,  -15,  -14,  -14,
      -9,  -15,  -21,  -21,  -21,   -8,  -19,  -19,  -19,  -21,  -19,   -7,  -13,  -14,  -13,  -13,
     -22,   -8,  -19,  -13,    4,   18,    8,   -7,   11,  -23,   11,  -29,  -28,  -38,  -34,  -22,
     -14,   -6,   -9,  -26,  -14,  -14,    7,  -13,   -8,  -16,  -20,  -28,  -64,  -37,  -17,  -21,
     -17,  -27,  -56,  -28,  -28,  -64,  -29,  -10,  -10,  -60,  -63,  -10,  -24,   -7,  -21,  -10,
      -5,   -7,   -7,  -17,  -16,  -27,  -29,  -30,  -27,  -13,  -26,  -28,  -10,   -9,    9,   26,
      14,  -24,  -16,  -34,   -5,   -7,   -7,   -7,   -5,   -5,   -5,   -5,   -5,   -5,   13,   21,
      12,   14,  -37,  -37,   18,  -13,  -10,  -19,   -4,  -16,  -13,  -10,  -13,  -14,  -14,  -14,
     -25,   -7,  -35,  -22,  -24,  -43,   12,   -7,   -7,   -7,   -7,   -7,   -7,  -24,   -7,  -25,
     -22,  -13,  -22,  -34,   19,   12,   21,  -17,  -33,  -21,  -21,  -16,  -22,  -30,   -6,  -21,
     -30,  -21,  -23,  -26,  -26,  -26,  -27,  -19,  -31,  -26,  -27,  -54,   14,  -19,  -27,  -27,
     -26,  -13,   -5,  -21,   -8,   -5,   -7,  -29,  -29,  -19,  -22,   -1,  -14,  -16,   -4,  -14,
      -3,   -3,   -3,   -3,  -30,  -10,   -7,  -14,  -11,  -11,  -15,  -17,  -10,  -16,   -5,  -13,
     -27,   -8,  -26,  -26,  -17,  -14,   -2,   -7,  -23,   -5,  -10,   -7,   -7,  -10,   -7,   -7,
      -6,   -7,   -2,   -6,   14,   15,   21,    8,   -2,   -7,   -8,   -8,   -8,    9,   -8,   -8,
       7,   -8,  -23,  -23,  -13,   -9,   -4,   -2,  -14,   -9,   -7,  -10,   14,   -2,   -7,   -7,
     -23,  -25,  -25,  -25,  -25,  -13,   -8,  -12,  -13,   -8,  -14,   11,   -3,   -2,  -16,    9,
       5,    2,   -3,   -3,   -6,   -9,   -3,   -3,   -3,  -16,   -9,  -21,  -12,   -4,   -2,  -13,
      -6,   -8,  -22,   -8,   -8,   -8,   -5,   -8,   -8,   -7,  -13,   -7,  -11,   -8,    7,   11,
      -6,   -6,   -6,   -6,   -6,   -6,  -16,  -16,    5,  -10,   -5,   -8,   -8,   -8,    7,   -9,
      -8,   -8,   -5,    7,   -4,   -5,   -8,   -5,  -16,  -13,  -16,   -2,   -4,   -7,   -4,   -4,
      -4,   -9,   -4,   -4,   -2,   -3,   -4,  -16,   -5,  -12,  -12,  -12,  -12,  -12,   -5,  -12,
      -1,  -24,  -24,  -10,   -5,    5,   -4,  -13,   -9,   -9,   -9,  -12,  -18,   -9,   -2,  -12,
      -2,   -7,   -9,   -2,  -24,  -15,  -12,  -12,  -12,  -17,  -17,  -17,  -17,  -17,  -17,  -17,
     -15,  -16,   -9,  -17,  -15,  -17,  -17,  -16,   -9,  -17,  -12,  -13,   -7,  -16,  -16,  -12,
      -7,   11,  -10,   -2,  -13,  -19,   -7,  -12,  -12,  -10,  -19,  -23,  -24,  -17,  -13,  -13,
     -13,  -13,  -13,   -2,    7,  -24,  -13,  -23,   14,   -5,   -2,  -27,  -20,  -14,   -9,  -27,
      -2,   -4,  -27,  -27,  -14,  -13,   -9,   18,   21,  -17,   -4,   -6,  -30,  -21,  -14,  -24,
     -26,   -6,  -26,  -30,  -14,   -4,  -21,  -12,  -21,  -14,   15,    9,    5,   19,   21,   27,
      14,   21,   14,    7,   28,   23,   21,   14,   16,   14,   11,   -4,   -5,  -11,  -29,  -29,
     -19,  -22,   -1,  -14,  -16,   -4,  -14,   -3,   -3,   -3,   -3,  -30,  -10,   -7,  -14,  -11,
     -11,  -15,  -17,   28,    7,   21,   21,   14,   14,   12,    9,   11,   13,   11,   11,   25,
      35,   35,   25,   11,   33,   20,   16,    7,   12,   13,   23,   14,   21,   30,   14,   21,
      14,   14,   14,   14,   14,   21,   14,   22,   23,   25,   12,   15,   14,   20,  -38,   -8,
     -29,  -88,  -40,  -21,  -21,  -16,  -14,   -5,   -9,  -12,  -16,  -18,  -10,  -10,  -26,  -26,
     -51,  -93,  -34,  -75,  -65, -105,  -23,  -10,  -10,  -10,  -10,  -10,  -14,  -23,  -16,  -24,
     -14,  -45,  -10,  -42,  -28,  -21,    9,   21,  -32,  -24,  -14,   -8,  -15,  -27,  -26,    9,
      20,    2,   -9,  -37,  -12,   -7,  -14,  -27,  -19,   11,   25,    8,  -19,  -10,  -42,   -9,
      -4,  -59,
};

static const EpdLigaturePair dmsans_14_bolditalicLigaturePairs[] = {
    { 0x00660069, 0xFB01 }, // f i -> U+FB01
    { 0x0066006C, 0xFB02 }, // f l -> U+FB02
};

static const EpdFontData dmsans_14_bolditalic = {
    dmsans_14_bolditalicBitmaps,
    dmsans_14_bolditalicGlyphs,
    dmsans_14_bolditalicIntervals,
    48,
    38,
    29,
    -10,
    true,
    dmsans_14_bolditalicGroups,
    12,
    nullptr,
    nullptr,  // kernLeftClasses: built-in fonts use the split arrays below
    nullptr,  // kernRightClasses
    dmsans_14_bolditalicKernLeftCodepoints,
    dmsans_14_bolditalicKernLeftClassIds,
    dmsans_14_bolditalicKernRightCodepoints,
    dmsans_14_bolditalicKernRightClassIds,
    nullptr,  // kernMatrix: built-in fonts use the sparse form below
    dmsans_14_bolditalicKernRowOffsets,
    dmsans_14_bolditalicKernSparseCols,
    dmsans_14_bolditalicKernSparseValues,
    273,
    290,
    94,
    111,
    dmsans_14_bolditalicLigaturePairs,
    2,
};
