/**
 * generated by fontconvert.py
 * name: dmsans_14_bold
 * size: 14
 * mode: 2-bit  compressed: true
 * Command used: fontconvert.py dmsans_14_bold 14 ../builtinFonts/source/DMSans/DMSans-Bold.ttf --2bit --compress --pnum --zopfli
 */
#pragma once
#include "EpdFontData.h"

static const uint8_t dmsans_14_boldBitmaps[11836] = {
    0xAD, 0x58, 0x31, 0x90, 0xE6, 0x46, 0x56, 0xFE, 0x24, 0xE1, 0x53, 0xD5, 0x29, 0x50, 0xE2, 0x49,
    0xEC, 0x40, 0x17, 0x1E, 0xE3, 0x40, 0x31, 0x09, 0x2D, 0x93, 0x38, 0x20, 0x38, 0x53, 0x35, 0xFF,
    0x5D, 0x40, 0xB0, 0x09, 0xD1, 0x12, 0x4C, 0x4C, 0x00, 0xAD, 0x2A, 0x07, 0x17, 0x10, 0x9C, 0x23,
    0x52, 0x6F, 0xE0, 0x60, 0x3D, 0x54, 0xB1, 0x29, 0x50, 0xB7, 0xEE, 0xC6, 0x1B, 0x38, 0x70, 0x60,
    0x55, 0x19, 0x8A, 0xF0, 0x04, 0x50, 0x05, 0x67, 0x02, 0x37, 0xA0, 0x2D, 0x6B, 0xD7, 0x2D, 0x7D,
    0xF4, 0x27, 0xFD, 0xFF, 0xEE, 0xCC, 0xAE, 0x3D, 0xB5, 0x77, 0xB8, 0xD5, 0xEF, 0x93, 0xD4, 0xFD,
    0xD4, 0x7A, 0x4F, 0xFD, 0xBD, 0xA7, 0x96, 0x0E, 0x9D, 0xEB, 0xB5, 0xD9, 0xDE, 0x76, 0xD7, 0x37,
    0x03, 0x83, 0x33, 0x00, 0xBF, 0x03, 0xDB, 0xD1, 0xD3, 0x9B, 0x0E, 0x2A, 0xAB, 0xE9, 0x1F, 0x9A,
    0xEE, 0x61, 0x7B, 0xAC, 0xBF, 0x6C, 0xF1, 0xFA, 0x6B, 0x38, 0x15, 0x87, 0xD6, 0x03, 0x84, 0x49,
    0xB8, 0xC2, 0xF4, 0xC8, 0x16, 0xD8, 0x2E, 0xFB, 0xE9, 0x72, 0x70, 0x17, 0x15, 0x55, 0xAE, 0x63,
    0xF6, 0xC7, 0x8F, 0x7F, 0xBA, 0x5C, 0xA0, 0x0A, 0x79, 0x04, 0xEA, 0x50, 0x08, 0xC7, 0x62, 0xC6,
    0xF9, 0x83, 0xA7, 0x7F, 0xBD, 0xDE, 0x33, 0x52, 0x99, 0xAE, 0x23, 0x4C, 0x5F, 0x8F, 0x80, 0xE9,
    0xEA, 0x01, 0xB0, 0x5D, 0x33, 0xDC, 0xBC, 0xA1, 0x4A, 0xE1, 0x77, 0x79, 0xEB, 0xDF, 0x91, 0x93,
    0x5D, 0x4D, 0x0E, 0x2D, 0x19, 0xCC, 0x17, 0x9F, 0x4F, 0xE6, 0xD1, 0x67, 0xB3, 0x79, 0xE4, 0x61,
    0xFE, 0xCD, 0xA3, 0xA5, 0x47, 0xCD, 0x49, 0x3A, 0x3D, 0x5A, 0x06, 0x14, 0x9C, 0x51, 0x7C, 0x1E,
    0x51, 0x3C, 0x8A, 0xEE, 0xBD, 0x47, 0x8B, 0x7D, 0xF4, 0x28, 0x9A, 0xAF, 0x3F, 0x8F, 0x2D, 0x39,
    0x55, 0xE4, 0x90, 0xB9, 0x15, 0x28, 0x8F, 0x63, 0xE7, 0x1D, 0xB2, 0xBF, 0x03, 0x0E, 0x40, 0xCD,
    0x5E, 0xA6, 0x1B, 0xCA, 0x6A, 0xD8, 0x32, 0x54, 0x01, 0x78, 0x58, 0x4C, 0xCD, 0x08, 0x2C, 0xF9,
    0x64, 0xFC, 0x76, 0x66, 0x3B, 0xC0, 0x56, 0x81, 0x90, 0xE6, 0xBF, 0x2E, 0xD0, 0x75, 0xEF, 0xCD,
    0x00, 0xB2, 0xFB, 0xD2, 0x87, 0xBC, 0xB6, 0xA3, 0x7A, 0x3F, 0x61, 0x04, 0x60, 0xDF, 0x79, 0x2A,
    0x25, 0xD6, 0x83, 0x05, 0xB2, 0xA5, 0xF6, 0x06, 0x28, 0xE2, 0xB6, 0xAB, 0x82, 0x1A, 0x93, 0x7E,
    0xF5, 0x78, 0x05, 0x5A, 0x5F, 0xE8, 0x02, 0xDB, 0xC3, 0xED, 0xE3, 0x68, 0x22, 0x7E, 0xF0, 0x6B,
    0x68, 0x0C, 0x7A, 0x20, 0x23, 0x03, 0x50, 0xAC, 0x77, 0x26, 0x0D, 0x20, 0x13, 0x8B, 0x39, 0x7B,
    0x57, 0xC7, 0x00, 0x90, 0xAF, 0x42, 0xB0, 0x87, 0x34, 0xC7, 0xCD, 0xAC, 0x39, 0xFB, 0x08, 0xED,
    0xD7, 0x6B, 0x52, 0xB0, 0x9E, 0x3F, 0x9F, 0xE1, 0x3A, 0xF3, 0x55, 0x00, 0x51, 0x73, 0x4C, 0x58,
    0xD0, 0xA7, 0x96, 0x8C, 0x3D, 0xEC, 0x50, 0x71, 0x84, 0x21, 0x39, 0xA3, 0x26, 0xBF, 0x58, 0x91,
    0x71, 0xD5, 0x50, 0xAF, 0x75, 0x00, 0xB0, 0x3E, 0x54, 0x79, 0x1D, 0x3F, 0xBC, 0xA7, 0x89, 0x61,
    0x97, 0xAF, 0xBA, 0x67, 0x35, 0xA1, 0x0E, 0x68, 0x47, 0xB5, 0xA5, 0x6A, 0x7B, 0xD8, 0x0E, 0x2E,
    0x55, 0x9C, 0x6A, 0xA7, 0x16, 0xD3, 0xAB, 0xB7, 0x1D, 0xD0, 0x8C, 0xD2, 0x2F, 0x67, 0x14, 0x0B,
    0x32, 0x02, 0xAE, 0xD7, 0xC5, 0xC0, 0x79, 0x8F, 0x26, 0xA0, 0xDA, 0xDA, 0x41, 0x5D, 0x76, 0xFD,
    0x02, 0xD5, 0x6A, 0x52, 0x2D, 0x4F, 0x55, 0xA7, 0x6A, 0x57, 0x6D, 0x87, 0xE3, 0xBD, 0x89, 0xDD,
    0xAA, 0x7A, 0x82, 0x19, 0xA1, 0xF2, 0x27, 0xC0, 0x2F, 0xF1, 0xA3, 0xBF, 0xFD, 0xD1, 0x9F, 0xFF,
    0xD9, 0xE4, 0x38, 0x97, 0xEC, 0x2A, 0xF6, 0xE9, 0x20, 0x9D, 0xA6, 0xC6, 0xD4, 0x25, 0x05, 0x95,
    0xDA, 0xDF, 0x94, 0xC6, 0xC3, 0x91, 0xF3, 0x49, 0xD0, 0x0C, 0x2F, 0xEB, 0x60, 0x9B, 0xBB, 0xB1,
    0xF6, 0x8D, 0x6F, 0x3B, 0x83, 0xDF, 0xC7, 0x8F, 0xA1, 0x42, 0xB2, 0x3F, 0xC9, 0x3E, 0x81, 0xB6,
    0x77, 0xDE, 0x1D, 0x63, 0xED, 0x23, 0x85, 0x4F, 0x1E, 0x51, 0xA4, 0x3A, 0xCB, 0x91, 0xCD, 0x05,
    0x8D, 0xDF, 0x7A, 0x98, 0x54, 0xF7, 0x27, 0x08, 0x10, 0xD9, 0x8A, 0x7C, 0x79, 0xAE, 0x58, 0xED,
    0x8A, 0xE3, 0xEE, 0xAE, 0x14, 0xCF, 0x44, 0x8D, 0xBF, 0xDF, 0x98, 0x11, 0x44, 0xFB, 0x05, 0x8A,
    0x41, 0xD4, 0x31, 0x63, 0xDF, 0x06, 0x58, 0xAF, 0x47, 0x38, 0x5A, 0x8F, 0x26, 0xD8, 0x1E, 0x75,
    0x70, 0xDD, 0xCB, 0xB0, 0x75, 0x98, 0xA4, 0x32, 0x9A, 0x01, 0x66, 0x68, 0x26, 0x38, 0x5F, 0xAF,
    0xEF, 0xB0, 0x2B, 0x48, 0x31, 0x80, 0x33, 0xD0, 0x72, 0x00, 0x70, 0x01, 0x88, 0x0A, 0xAE, 0x6F,
    0xD8, 0x9B, 0xAD, 0xFE, 0x9E, 0xEB, 0x61, 0x7F, 0x93, 0xFA, 0xD6, 0x87, 0x32, 0x53, 0xEC, 0xF2,
    0xED, 0x53, 0x37, 0x1A, 0x2F, 0xC3, 0x92, 0x0D, 0x9D, 0x62, 0xA6, 0x3E, 0x8A, 0xF8, 0x60, 0x3D,
    0xC0, 0x0E, 0xC5, 0x0A, 0xD4, 0x33, 0x34, 0x99, 0x62, 0x68, 0xA5, 0xF8, 0x98, 0x71, 0x73, 0x66,
    0xDE, 0xDC, 0xC6, 0xEC, 0x34, 0x66, 0xB3, 0xBA, 0x60, 0x06, 0xB9, 0x53, 0x4D, 0x67, 0xA7, 0x31,
    0x5F, 0x73, 0x03, 0x1A, 0x76, 0x68, 0x56, 0xA4, 0xFD, 0x90, 0x20, 0x00, 0xE5, 0x7C, 0x86, 0x22,
    0xBA, 0xAE, 0x88, 0xD6, 0x97, 0xB3, 0x19, 0x9B, 0xA9, 0x21, 0x43, 0x45, 0x7A, 0x71, 0x5E, 0x6E,
    0x26, 0x78, 0x17, 0x80, 0x99, 0x00, 0x38, 0x01, 0x13, 0x14, 0x82, 0xEA, 0x9B, 0x04, 0xCD, 0x7F,
    0x24, 0x30, 0x9F, 0x26, 0x70, 0xE5, 0x84, 0x6C, 0x49, 0x50, 0xC4, 0x6D, 0x36, 0x13, 0xB4, 0x43,
    0x02, 0xE3, 0x13, 0x38, 0x92, 0xFE, 0x39, 0x9C, 0x1D, 0xEE, 0x3C, 0xEE, 0x20, 0xEE, 0x3E, 0x87,
    0xEC, 0x70, 0x78, 0xB7, 0x24, 0x27, 0x49, 0x25, 0x19, 0x81, 0x7A, 0x38, 0xCA, 0xA7, 0x2B, 0x1A,
    0x72, 0x48, 0x32, 0xB5, 0x4F, 0xEE, 0xC4, 0x76, 0x2C, 0xE2, 0x6B, 0x5D, 0xB6, 0x00, 0x58, 0x25,
    0xE7, 0x7D, 0xB6, 0x98, 0xA1, 0x88, 0xED, 0x54, 0xC7, 0x9A, 0x0C, 0x05, 0x39, 0xC0, 0xAD, 0x80,
    0x32, 0x82, 0x92, 0x86, 0xA3, 0xCF, 0xE5, 0xD8, 0x7A, 0x39, 0x2B, 0x17, 0xB7, 0x43, 0xD2, 0xF7,
    0x10, 0x77, 0x60, 0xFF, 0x90, 0x9D, 0xB5, 0x1C, 0xB7, 0x07, 0x39, 0xBF, 0x19, 0xDD, 0x90, 0xAF,
    0xD6, 0x63, 0x55, 0x70, 0x27, 0x59, 0xDB, 0x21, 0x5F, 0xEA, 0xB9, 0x8A, 0xB2, 0x29, 0x27, 0x47,
    0x58, 0x76, 0x1A, 0xF7, 0xEC, 0x70, 0xB8, 0x30, 0x64, 0x3C, 0xCA, 0x2C, 0x27, 0xF6, 0x89, 0x53,
    0x8C, 0x68, 0x74, 0xDB, 0x03, 0x0E, 0x00, 0x21, 0xFE, 0x8A, 0xC0, 0x28, 0x4F, 0x2A, 0xA3, 0x54,
    0x76, 0x71, 0xDD, 0xAE, 0x22, 0x4F, 0xDE, 0xF8, 0x4F, 0x51, 0xCD, 0x57, 0x64, 0xA8, 0x93, 0xAD,
    0xF2, 0xB3, 0xF5, 0x92, 0x3C, 0x36, 0xE9, 0xB8, 0x9A, 0x9B, 0x90, 0x73, 0xF3, 0x65, 0xA8, 0xF5,
    0x2C, 0xC6, 0x32, 0x1A, 0x9F, 0x2F, 0xA6, 0xC7, 0x2A, 0x49, 0xC7, 0xAB, 0x99, 0xAA, 0xA5, 0xA6,
    0x62, 0x9C, 0x23, 0xDC, 0x6E, 0x2B, 0xDE, 0xF8, 0x10, 0x1A, 0xB8, 0x43, 0xA5, 0xD6, 0xC4, 0x8F,
    0x09, 0x26, 0x5D, 0x0B, 0x5D, 0x0C, 0xDB, 0x67, 0xAB, 0x80, 0x3A, 0xA5, 0x3A, 0x28, 0x95, 0x8D,
    0x9F, 0x44, 0xCE, 0x48, 0xA0, 0x7D, 0x3F, 0x01, 0xB0, 0xE2, 0x8D, 0x2E, 0x5F, 0x20, 0x9B, 0xD0,
    0x84, 0x7A, 0x92, 0x4A, 0x40, 0x41, 0xCA, 0x8F, 0x05, 0x40, 0xD6, 0xBD, 0x18, 0xE8, 0xC7, 0x72,
    0xB3, 0xB5, 0xAB, 0xA6, 0x7A, 0xAE, 0xE7, 0x32, 0xE0, 0x46, 0x29, 0x43, 0x1D, 0xEA, 0xA1, 0xF6,
    0x4D, 0xAF, 0x44, 0xF2, 0xBB, 0x40, 0x7E, 0x05, 0xD4, 0x11, 0x30, 0x01, 0xA0, 0x47, 0xC1, 0xE7,
    0xA7, 0xAD, 0x28, 0xB8, 0x00, 0x39, 0x3B, 0xC0, 0x0D, 0xCF, 0x1B, 0xB2, 0x03, 0x0E, 0x87, 0x43,
    0xF7, 0x62, 0xFA, 0x39, 0x15, 0x77, 0xAD, 0xFD, 0xEE, 0xD5, 0x55, 0x77, 0x7E, 0x6F, 0x1F, 0x53,
    0x63, 0x83, 0x5E, 0x83, 0x1F, 0x1B, 0x56, 0xA0, 0x4C, 0xD2, 0xCC, 0x80, 0xDD, 0x03, 0xEF, 0x74,
    0x7A, 0xA6, 0x90, 0x38, 0x06, 0x5C, 0x25, 0x5E, 0x3E, 0xD9, 0x02, 0x6E, 0x12, 0xD7, 0xCF, 0x94,
    0xD5, 0x4F, 0x13, 0x7D, 0x70, 0x01, 0xA4, 0x07, 0x57, 0x80, 0xDD, 0xCE, 0xD6, 0x03, 0xF6, 0xF2,
    0x3A, 0x00, 0x02, 0x19, 0xBB, 0x24, 0x00, 0x3E, 0xC6, 0xCD, 0xF2, 0x03, 0xAE, 0x47, 0x7B, 0x47,
    0xA0, 0xE2, 0x97, 0x4E, 0x8E, 0x4F, 0xC8, 0xB9, 0x0D, 0xA5, 0xB9, 0x8A, 0x50, 0x78, 0x94, 0x21,
    0x9F, 0xCF, 0xF5, 0xF2, 0x6C, 0xE9, 0x8A, 0xD0, 0xF4, 0x8E, 0x2C, 0x82, 0x79, 0x7B, 0x2D, 0xD6,
    0x62, 0x32, 0x45, 0xCC, 0x96, 0x62, 0xFA, 0x8B, 0x22, 0x60, 0x29, 0xC2, 0xC3, 0x32, 0x20, 0xA6,
    0x5D, 0x15, 0xB2, 0xB4, 0x8B, 0x55, 0x48, 0x8C, 0x1A, 0x96, 0x6A, 0xAA, 0x62, 0xED, 0x1F, 0x16,
    0x74, 0xAB, 0xED, 0x3E, 0xD6, 0x74, 0xAF, 0xB0, 0x70, 0x63, 0x3B, 0x29, 0x3E, 0x54, 0x9A, 0x41,
    0x88, 0x6A, 0x16, 0x22, 0xE7, 0xAF, 0x1F, 0xA8, 0xDD, 0xCA, 0x31, 0x59, 0xB6, 0x5E, 0x9F, 0xE7,
    0x43, 0x27, 0xA4, 0xDF, 0x14, 0x75, 0x5D, 0x21, 0xF3, 0x51, 0x32, 0xE0, 0x98, 0x32, 0x50, 0xFF,
    0xEF, 0xAC, 0x41, 0xBF, 0x90, 0xF9, 0xE6, 0x1F, 0x16, 0xA1, 0x27, 0x14, 0x08, 0x42, 0x2A, 0x6E,
    0xB2, 0x55, 0xA1, 0x91, 0xF3, 0xCA, 0x0D, 0x62, 0x17, 0x47, 0x94, 0x09, 0x03, 0xAA, 0x27, 0x87,
    0x3B, 0xD3, 0xF1, 0xCD, 0xD9, 0x8C, 0x0A, 0x29, 0x33, 0x20, 0x5F, 0xA4, 0x9C, 0x11, 0x29, 0x83,
    0x80, 0x64, 0xA7, 0x0B, 0x78, 0xC5, 0x89, 0xA8, 0x23, 0x51, 0x26, 0x29, 0xB4, 0x9F, 0x89, 0x26,
    0x90, 0x1C, 0x92, 0x60, 0xD3, 0x41, 0x33, 0xED, 0x7D, 0xF9, 0xB2, 0x4B, 0x91, 0xA4, 0x89, 0x24,
    0xA7, 0xAD, 0x9F, 0x4A, 0x21, 0x7F, 0xF3, 0x3E, 0xD0, 0x72, 0x41, 0x26, 0xC6, 0x94, 0x6A, 0xAF,
    0x17, 0xD8, 0xA9, 0x0D, 0xA8, 0x67, 0x33, 0xA4, 0xE1, 0xAD, 0x47, 0x76, 0x61, 0xFB, 0xCD, 0x83,
    0x97, 0x61, 0xEB, 0x30, 0x52, 0x31, 0x23, 0xAA, 0xD8, 0x4C, 0x68, 0xE6, 0x9A, 0x6F, 0xBB, 0x50,
    0xC8, 0x14, 0x38, 0x2A, 0x27, 0x73, 0x06, 0x70, 0x06, 0x24, 0xDE, 0x02, 0xE4, 0x2A, 0xE0, 0x28,
    0x88, 0x20, 0xDE, 0x5C, 0x41, 0xF9, 0x47, 0xC0, 0xF5, 0xD4, 0x68, 0x37, 0x61, 0xD8, 0xE0, 0x46,
    0x9B, 0x15, 0xB0, 0x23, 0x0A, 0x82, 0x07, 0xB7, 0x40, 0x3E, 0x09, 0x86, 0x04, 0x4F, 0x70, 0x8A,
    0x90, 0xE1, 0x99, 0x00, 0x78, 0x49, 0xAE, 0x45, 0x8A, 0xCE, 0xBF, 0x4D, 0xAE, 0x8F, 0xF1, 0xC2,
    0x98, 0xFE, 0xDB, 0xF5, 0x97, 0xE7, 0x72, 0xB8, 0x50, 0xDB, 0xAD, 0xB2, 0x3F, 0x7E, 0xB4, 0x5C,
    0x8F, 0x37, 0x43, 0x91, 0x30, 0xA0, 0x5E, 0xD1, 0x46, 0x34, 0x13, 0xCA, 0x65, 0xA3, 0xC0, 0x47,
    0x30, 0x1E, 0xA7, 0xA7, 0xAD, 0x85, 0xDC, 0xE1, 0x90, 0xB0, 0x20, 0x9F, 0x61, 0x7E, 0xC5, 0xAD,
    0x97, 0x47, 0xB2, 0x98, 0x11, 0x05, 0x35, 0x42, 0x45, 0xD4, 0xEC, 0x2C, 0xB7, 0x91, 0x09, 0x90,
    0x31, 0x61, 0xC3, 0xD1, 0x1D, 0x5F, 0xF6, 0x07, 0xE0, 0xAC, 0xDB, 0x1E, 0xEC, 0xAB, 0x40, 0x2A,
    0xD7, 0x41, 0x53, 0xF1, 0xAA, 0xD7, 0x1E, 0xF8, 0x2D, 0x65, 0x7F, 0x01, 0xD7, 0xE1, 0xB7, 0x11,
    0xE3, 0x6B, 0x2D, 0x2E, 0x52, 0x28, 0xDB, 0xA1, 0x26, 0x7D, 0x49, 0x76, 0x19, 0xE7, 0xED, 0xC5,
    0x7E, 0x50, 0xA2, 0xA4, 0x32, 0xA6, 0x9E, 0x42, 0x02, 0x3B, 0x80, 0x4A, 0x72, 0x54, 0xE2, 0x63,
    0x3D, 0x27, 0x30, 0x63, 0x02, 0xFA, 0x67, 0x10, 0x04, 0x53, 0x82, 0xCF, 0x22, 0x8E, 0x7A, 0x4A,
    0x5F, 0x04, 0x7D, 0x02, 0x33, 0x26, 0x68, 0x03, 0x14, 0x76, 0x09, 0x4A, 0x8D, 0x9C, 0x13, 0x07,
    0x00, 0xFC, 0x3E, 0x84, 0xF4, 0x27, 0x39, 0x74, 0x4A, 0xC2, 0x32, 0xCA, 0x06, 0xCA, 0xC8, 0xC0,
    0x80, 0x2C, 0xE1, 0x8C, 0x22, 0x61, 0x44, 0x99, 0x70, 0x45, 0x95, 0x90, 0xA8, 0x13, 0xDA, 0xBE,
    0xFD, 0x55, 0xA0, 0xF1, 0xE6, 0xF3, 0xC0, 0x66, 0x74, 0x3F, 0x09, 0xAC, 0xB7, 0x5A, 0x3E, 0x5D,
    0x12, 0x16, 0x8C, 0x09, 0x33, 0x4E, 0x09, 0xC1, 0x20, 0xB4, 0x83, 0xD0, 0x78, 0x21, 0x70, 0x13,
    0x77, 0x42, 0xF4, 0x68, 0x07, 0x7A, 0x41, 0x10, 0xCC, 0x82, 0x28, 0xA0, 0xC0, 0xF5, 0x09, 0x8C,
    0x4F, 0xD0, 0x84, 0x04, 0xD5, 0x9C, 0xA0, 0x88, 0x09, 0x32, 0x26, 0x80, 0x7B, 0x90, 0xC0, 0x30,
    0x41, 0x23, 0xA8, 0x04, 0x85, 0x20, 0x13, 0xC0, 0x09, 0xCC, 0xF0, 0x22, 0xFB, 0xFD, 0x89, 0xFD,
    0xCB, 0xC6, 0xFE, 0x70, 0x62, 0xBF, 0x0C, 0x3D, 0x66, 0x4E, 0xB8, 0xCE, 0x75, 0x27, 0xB4, 0xBD,
    0xD0, 0xED, 0xD8, 0xA9, 0x97, 0xDD, 0xAE, 0xD9, 0x8E, 0x28, 0x56, 0x34, 0x33, 0xAA, 0x88, 0x8A,
    0x7F, 0xE4, 0x26, 0xE4, 0x5B, 0xC6, 0xD9, 0xF3, 0x11, 0x2A, 0xCE, 0xD8, 0x33, 0xD2, 0x31, 0xA9,
    0xAE, 0xA7, 0x48, 0x0F, 0x44, 0x3D, 0x3F, 0x4F, 0xAA, 0x12, 0x1D, 0x37, 0x93, 0xFA, 0x64, 0xE2,
    0xA6, 0x7B, 0xE8, 0x6E, 0x8F, 0xEA, 0xEF, 0xCD, 0x2F, 0x45, 0x79, 0x3A, 0xF3, 0xF2, 0xCB, 0x8C,
    0xF2, 0xAB, 0xF9, 0x5A, 0x7E, 0x55, 0x94, 0x5F, 0x3F, 0xE3, 0x75, 0xBF, 0x3C, 0x50, 0x6D, 0xC7,
    0x38, 0x6B, 0x02, 0x00, 0xD4, 0x51, 0x58, 0x2C, 0xC2, 0x9B, 0x9E, 0x7A, 0x99, 0x23, 0xAF, 0x5E,
    0xF0, 0x74, 0x3E, 0x7A, 0x3A, 0xEE, 0x79, 0x71, 0x01, 0x8B, 0x24, 0x19, 0x41, 0xB0, 0xE3, 0x16,
    0xEA, 0x66, 0x50, 0x10, 0x10, 0xF5, 0x44, 0x54, 0x51, 0x4B, 0xFD, 0x67, 0x1F, 0xEB, 0x4F, 0x4F,
    0xAB, 0x84, 0x6A, 0x96, 0x5F, 0x8A, 0xAE, 0x76, 0xC5, 0xCD, 0x8F, 0xF5, 0xCC, 0xCD, 0xBB, 0x61,
    0x45, 0x74, 0x7D, 0xB1, 0x58, 0x5F, 0x44, 0x13, 0xEA, 0x9B, 0x1F, 0xEB, 0x59, 0x87, 0x33, 0x25,
    0x5B, 0x23, 0x2B, 0x9E, 0x41, 0x87, 0x62, 0x06, 0xBE, 0x6F, 0x38, 0xEB, 0x52, 0xDD, 0x3E, 0x6A,
    0xBF, 0x1F, 0x50, 0x7E, 0xE8, 0xEB, 0xE5, 0x67, 0xE2, 0x3C, 0x17, 0xF9, 0x3D, 0x01, 0x2D, 0x7B,
    0x00, 0xEF, 0x6E, 0x77, 0xC3, 0xE1, 0x94, 0xA0, 0xF5, 0x66, 0xDF, 0x88, 0x1A, 0x8F, 0x6F, 0xFC,
    0x7A, 0xFB, 0xDC, 0xD5, 0x41, 0x50, 0x63, 0x33, 0x4A, 0x41, 0x51, 0xB2, 0xDE, 0xE0, 0x09, 0x81,
    0x74, 0xBE, 0xE1, 0x27, 0xCB, 0x69, 0xA5, 0xA1, 0x55, 0x87, 0x50, 0x2B, 0x10, 0x65, 0x87, 0xD3,
    0xCA, 0xE4, 0xB8, 0x4A, 0xC9, 0xE8, 0x8F, 0xBE, 0xEE, 0xEE, 0xBA, 0x01, 0x36, 0x45, 0x30, 0x38,
    0xC2, 0x75, 0xCD, 0x08, 0x6E, 0x69, 0x2D, 0x64, 0xC7, 0x7D, 0xCE, 0x29, 0x5B, 0x51, 0x4D, 0x05,
    0xE7, 0x7C, 0x49, 0x16, 0x15, 0x5F, 0xC7, 0xED, 0xFB, 0xB4, 0xFC, 0x9F, 0x6D, 0x1F, 0xAB, 0xFF,
    0x5E, 0x92, 0x99, 0x79, 0xAC, 0xC7, 0x75, 0xFB, 0x2C, 0xAA, 0x07, 0x57, 0x05, 0x60, 0x6D, 0xBC,
    0xAD, 0x47, 0x80, 0xAD, 0x37, 0x3F, 0x19, 0x00, 0x67, 0x7A, 0xF3, 0x81, 0x07, 0xAC, 0xEB, 0xDA,
    0xAF, 0xC4, 0x08, 0xA2, 0x61, 0x0F, 0x98, 0x15, 0x35, 0x3B, 0xA0, 0x5D, 0x50, 0x53, 0x1E, 0x88,
    0xCC, 0x3B, 0x61, 0xCB, 0x55, 0x76, 0xA6, 0x77, 0x42, 0x1B, 0xD0, 0x86, 0x7A, 0x86, 0x19, 0x8A,
    0x05, 0xAE, 0xCF, 0xC5, 0x42, 0xF0, 0xBD, 0x05, 0xB0, 0xFF, 0x1C, 0xB1, 0x71, 0x09, 0x35, 0x47,
    0x39, 0xEB, 0xE5, 0x6B, 0x27, 0xE8, 0x81, 0x4A, 0xA7, 0x8D, 0x7A, 0xCD, 0xAF, 0x26, 0xC0, 0xFD,
    0xFC, 0x98, 0xCA, 0x45, 0xE4, 0xAE, 0x8C, 0x70, 0x7E, 0xFB, 0x6B, 0xD0, 0x8E, 0xA8, 0xA7, 0xED,
    0x46, 0x66, 0xD0, 0x69, 0x80, 0x51, 0x87, 0xEB, 0xAB, 0x19, 0x0A, 0x86, 0x7C, 0x45, 0xBE, 0x16,
    0xBA, 0x36, 0x35, 0xC0, 0xFE, 0x42, 0xE3, 0x7D, 0x35, 0x68, 0x64, 0x8F, 0xDD, 0xF8, 0x92, 0xA7,
    0xE0, 0xCA, 0xE3, 0xED, 0x00, 0xD1, 0xF9, 0x5D, 0x47, 0x4E, 0x12, 0xBB, 0x53, 0x22, 0x3C, 0xFB,
    0xFA, 0xCD, 0x09, 0x24, 0xC3, 0x50, 0xDF, 0xD2, 0x3C, 0x02, 0xF6, 0x9F, 0x9E, 0x8F, 0x21, 0xB9,
    0xFA, 0x88, 0x4B, 0xDA, 0xEE, 0xAF, 0x78, 0xF5, 0x8D, 0x8B, 0x36, 0xE0, 0x7C, 0xFF, 0xED, 0xE2,
    0xD1, 0x0C, 0xA8, 0x47, 0xF1, 0xAD, 0xDA, 0x18, 0x58, 0x44, 0x99, 0x9B, 0x2D, 0xC0, 0x0A, 0x10,
    0x70, 0x80, 0x95, 0xAA, 0x6A, 0x7B, 0x5D, 0x75, 0x42, 0xB1, 0x6B, 0x2F, 0x62, 0x27, 0x2E, 0xEE,
    0x5E, 0x59, 0x5A, 0x9E, 0x13, 0xEE, 0xD5, 0x37, 0x4B, 0x6D, 0x00, 0xB2, 0x0B, 0xEC, 0xAE, 0xA2,
    0x5E, 0x01, 0x34, 0x6A, 0x33, 0xEC, 0xC5, 0x1B, 0x0F, 0xB0, 0x19, 0x91, 0xAD, 0x5B, 0x48, 0x94,
    0xB3, 0xB8, 0x18, 0x51, 0x85, 0x6C, 0x91, 0x25, 0x94, 0x51, 0x6E, 0x0F, 0x5F, 0xD7, 0xE9, 0x44,
    0xC5, 0xDD, 0x5C, 0xA2, 0x38, 0x01, 0x70, 0x0F, 0x0B, 0x38, 0xB4, 0x73, 0x3E, 0xE3, 0xC7, 0xD8,
    0x8B, 0x9D, 0x51, 0x9C, 0x72, 0xD7, 0x74, 0xA9, 0xD5, 0x44, 0x80, 0x22, 0xF0, 0xEE, 0x83, 0xED,
    0x0B, 0xBD, 0x4D, 0x22, 0x52, 0xD8, 0xBE, 0x99, 0xAC, 0x37, 0x93, 0xF9, 0x46, 0x6D, 0x5F, 0xA7,
    0xBE, 0x47, 0x13, 0x5E, 0x57, 0x0C, 0xE2, 0x36, 0xF8, 0x84, 0x5D, 0xA2, 0x20, 0x03, 0x0C, 0x19,
    0x61, 0xD6, 0x3B, 0x2B, 0x4C, 0xD8, 0x53, 0x3E, 0xB7, 0x10, 0xEC, 0x13, 0xD8, 0x13, 0xC8, 0x8D,
    0x51, 0x59, 0xE1, 0x49, 0xC5, 0xED, 0x0A, 0xC1, 0x04, 0xF3, 0x97, 0xEC, 0x8F, 0xCB, 0x34, 0x95,
    0xF6, 0x09, 0xF2, 0xE3, 0xF7, 0x73, 0xF3, 0xE4, 0x72, 0x36, 0x83, 0x56, 0xE7, 0xF9, 0xFD, 0x3D,
    0x2F, 0x24, 0xE9, 0x77, 0xF6, 0xEC, 0xFF, 0x0A, 0x9A, 0xF9, 0xF8, 0xAF, 0xC0, 0xE3, 0x98, 0x55,
    0x01, 0xF0, 0x16, 0xB8, 0x9C, 0x88, 0x9C, 0xEB, 0xF1, 0xC3, 0xB8, 0x59, 0x2F, 0x09, 0x33, 0x16,
    0xD4, 0x90, 0x09, 0x7A, 0x50, 0x37, 0x71, 0xBA, 0xCB, 0xB1, 0xCD, 0x0C, 0x39, 0xD1, 0xCE, 0x6F,
    0x1E, 0xAF, 0x28, 0x49, 0x07, 0xB8, 0xD9, 0x1E, 0xFF, 0xAC, 0xA8, 0x5C, 0xCE, 0x5B, 0xEE, 0xAF,
    0x48, 0xFD, 0x7C, 0xD1, 0x17, 0x64, 0xB4, 0x7D, 0x11, 0x2D, 0x19, 0x1D, 0xB9, 0xB8, 0x2F, 0xAF,
    0x36, 0xEB, 0x8D, 0xCF, 0x3F, 0x4C, 0xE1, 0x3E, 0x3D, 0xB7, 0x78, 0xD9, 0x2D, 0x6E, 0x87, 0x8C,
    0x43, 0xC1, 0xA1, 0x5C, 0xBA, 0x6D, 0xF6, 0x71, 0xB9, 0xDE, 0xB3, 0x1C, 0x53, 0xBD, 0x5C, 0xDF,
    0x57, 0xCB, 0xAD, 0x75, 0x2B, 0xEE, 0xE9, 0xFD, 0x82, 0x8C, 0x35, 0x39, 0x37, 0xA3, 0xF5, 0xAD,
    0xFE, 0xE3, 0xF5, 0xF5, 0xB6, 0xAF, 0x1F, 0x3B, 0x99, 0x86, 0x92, 0x11, 0xCD, 0x97, 0xEF, 0xEF,
    0x3F, 0x4C, 0xF8, 0x21, 0x1A, 0x32, 0x65, 0x2C, 0x0E, 0xB6, 0x6B, 0x82, 0x43, 0x95, 0xA4, 0x0E,
    0xF6, 0x1F, 0xED, 0x68, 0x48, 0x5F, 0x93, 0xC0, 0x9F, 0x7E, 0xA8, 0x79, 0xFC, 0x56, 0xD1, 0xC4,
    0xA7, 0x79, 0x97, 0xEE, 0x64, 0x96, 0x3B, 0xD1, 0x8C, 0x45, 0x34, 0x5E, 0x92, 0x4B, 0x96, 0xDB,
    0x04, 0x68, 0x7B, 0x3B, 0xD8, 0x41, 0xE3, 0x00, 0xE7, 0xBD, 0xF1, 0xDF, 0xBD, 0x01, 0xF9, 0x5C,
    0x2E, 0xE5, 0x72, 0xFC, 0x23, 0x7C, 0xBF, 0x88, 0xB7, 0x6F, 0x65, 0xE4, 0xCC, 0x89, 0xC3, 0xE1,
    0xBB, 0x2D, 0xF7, 0x6F, 0xDC, 0xD3, 0x32, 0xC3, 0x78, 0xF6, 0xE6, 0xD1, 0x0A, 0xF3, 0x59, 0x4C,
    0x0C, 0x16, 0x81, 0xFD, 0x2E, 0x5F, 0x85, 0xD4, 0x36, 0x63, 0xEB, 0xF3, 0x22, 0xB1, 0x2C, 0x6D,
    0x15, 0x38, 0xC9, 0xB3, 0x57, 0xDD, 0xB0, 0x97, 0xF3, 0x77, 0x56, 0xB8, 0x11, 0xE6, 0x01, 0x3F,
    0xDD, 0xC9, 0x4E, 0x8A, 0xFD, 0x97, 0xFC, 0x2B, 0xB1, 0xAE, 0x5A, 0xC1, 0x4E, 0x64, 0xD9, 0x82,
    0xA3, 0x78, 0xB6, 0x33, 0xBF, 0xF9, 0x6E, 0xBB, 0xD9, 0x1F, 0xB0, 0x33, 0x1F, 0x5C, 0x9F, 0x93,
    0xF2, 0xDA, 0x9C, 0xDC, 0x2E, 0x2F, 0xD1, 0xF8, 0x89, 0x9D, 0xCC, 0x50, 0x45, 0xEB, 0x0B, 0x51,
    0x79, 0x71, 0x5D, 0xBE, 0xB8, 0x3E, 0x5F, 0x74, 0x9E, 0x2C, 0x56, 0xE0, 0xBD, 0x4C, 0xE3, 0x93,
    0x11, 0x48, 0x56, 0xFC, 0x3F, 0x33, 0xC2, 0x67, 0xEC, 0x61, 0xFC, 0xC5, 0x2D, 0xA9, 0xE7, 0xEC,
    0x14, 0x7C, 0x0A, 0xE9, 0xBB, 0x0A, 0x69, 0xF7, 0xDB, 0x86, 0x74, 0x21, 0x80, 0x9B, 0xA9, 0x90,
    0xE6, 0xAD, 0x09, 0xE4, 0x20, 0x38, 0x7F, 0x7B, 0x32, 0xBF, 0x98, 0x0C, 0xB7, 0xFA, 0x04, 0x66,
    0x84, 0xF1, 0xDF, 0x59, 0x55, 0x72, 0x8E, 0xA8, 0x37, 0xDF, 0x64, 0x80, 0xEB, 0x6C, 0x77, 0x06,
    0x3B, 0x00, 0x86, 0xEF, 0xA3, 0xE2, 0x0A, 0x5C, 0x52, 0xC9, 0xCD, 0x5F, 0x29, 0xC5, 0x2B, 0x1E,
    0x9E, 0xB2, 0x6F, 0x48, 0xE4, 0xDB, 0x67, 0x1E, 0x80, 0xFB, 0xC8, 0x16, 0xD5, 0x7C, 0xC1, 0x5B,
    0xBC, 0x6F, 0x18, 0x53, 0x7D, 0x6B, 0xBD, 0x9F, 0x4E, 0x5F, 0xAE, 0x19, 0x2F, 0xC0, 0x08, 0x17,
    0xF1, 0x66, 0x3C, 0xEF, 0x94, 0x37, 0x8B, 0x78, 0x9B, 0x98, 0xE3, 0x94, 0x9A, 0xD0, 0xC4, 0x76,
    0x4B, 0x21, 0x4F, 0x63, 0xCE, 0x7F, 0x89, 0x38, 0x03, 0xEE, 0xF6, 0x90, 0x4D, 0xD9, 0x8A, 0x76,
    0xD8, 0x16, 0x6B, 0x09, 0xB6, 0xBF, 0xC2, 0xD5, 0xB4, 0xAD, 0xE6, 0x12, 0x14, 0xB1, 0x19, 0xA0,
    0xC0, 0x06, 0x56, 0xF1, 0x90, 0xDB, 0xDA, 0x9E, 0x00, 0xCC, 0x0A, 0xA0, 0x8D, 0x00, 0x9A, 0x04,
    0x77, 0xBB, 0x1F, 0xDE, 0xCB, 0xEE, 0x9B, 0xBE, 0x9D, 0x74, 0x3B, 0x33, 0xEB, 0x87, 0xA8, 0x89,
    0xC5, 0xD4, 0x0C, 0x76, 0x29, 0x43, 0x3D, 0x7E, 0xFC, 0x71, 0x15, 0xAA, 0xB0, 0xD8, 0x7A, 0x2C,
    0x43, 0x34, 0xF5, 0x50, 0x3C, 0x9E, 0xCD, 0x1D, 0x5F, 0x7C, 0x33, 0xB5, 0x0F, 0xFA, 0x9C, 0xA1,
    0x61, 0x07, 0x86, 0x9A, 0x00, 0xC7, 0x2A, 0xA1, 0x1B, 0xCA, 0x15, 0x48, 0x74, 0x5C, 0x70, 0xDE,
    0x67, 0x57, 0x68, 0xC7, 0x74, 0x54, 0x4F, 0xD5, 0x2C, 0x83, 0x02, 0xB2, 0x55, 0x06, 0x39, 0x76,
    0x47, 0x33, 0x64, 0x01, 0xCC, 0x02, 0xB5, 0x01, 0xA0, 0xF5, 0x28, 0x96, 0x76, 0x44, 0x35, 0xD7,
    0x13, 0x9A, 0x50, 0xC4, 0xCD, 0xCB, 0x34, 0x54, 0xAA, 0x66, 0x80, 0xEB, 0x9B, 0x00, 0xA2, 0xDE,
    0x16, 0x88, 0xF3, 0xB6, 0x1A, 0x4C, 0x90, 0xAF, 0xD5, 0x04, 0xB0, 0x0E, 0x80, 0xFB, 0x60, 0x94,
    0x97, 0xFE, 0xF8, 0x0E, 0x6F, 0x08, 0xA0, 0x16, 0x14, 0x8B, 0x20, 0x9E, 0xFE, 0xB4, 0x49, 0x17,
    0xCD, 0x78, 0x22, 0xAD, 0x15, 0xB0, 0x3B, 0x12, 0xE9, 0xFC, 0xEA, 0xAA, 0x57, 0xB2, 0x95, 0x9C,
    0x5F, 0xD1, 0x23, 0x3B, 0xAE, 0x86, 0x9A, 0x00, 0x98, 0x61, 0xD3, 0xD4, 0x78, 0xF5, 0x0C, 0xB4,
    0x8F, 0x0F, 0xDD, 0x49, 0x57, 0x82, 0x1F, 0xDC, 0x83, 0x0B, 0x99, 0x22, 0xF0, 0x9E, 0xEC, 0x9B,
    0x55, 0x65, 0xE3, 0xB5, 0xAA, 0xC4, 0x32, 0x29, 0x00, 0xEC, 0x88, 0xE6, 0x66, 0x6F, 0xB1, 0xD7,
    0x79, 0xC3, 0x05, 0x39, 0x03, 0x52, 0x6D, 0x65, 0x2D, 0xBF, 0xA3, 0x68, 0x39, 0x35, 0xC1, 0x44,
    0xBC, 0xB5, 0x02, 0x3C, 0xD5, 0x55, 0xB4, 0x54, 0x8D, 0x42, 0x59, 0x6C, 0x83, 0xEC, 0x37, 0x01,
    0x1C, 0xB2, 0xF5, 0x5A, 0xD7, 0xBA, 0x55, 0xAA, 0xE6, 0x2B, 0xCC, 0xA2, 0xA1, 0xCC, 0x88, 0x53,
    0x49, 0xBA, 0x06, 0x15, 0xC7, 0x8F, 0x51, 0x93, 0x0B, 0xDA, 0xFF, 0x52, 0xBC, 0xC0, 0x05, 0x9C,
    0x29, 0x02, 0xFE, 0x0F, 0xCD, 0x99, 0x57, 0x70, 0xE4, 0x46, 0x7A, 0xC7, 0x7F, 0x00, 0xC4, 0x85,
    0x6E, 0x61, 0xA9, 0x1D, 0x96, 0xAE, 0x53, 0xC4, 0x3D, 0xEA, 0x94, 0xE0, 0x1C, 0xB7, 0xD4, 0xED,
    0x9C, 0x6D, 0x05, 0xF2, 0x9C, 0x7D, 0xF1, 0xC5, 0x91, 0xEB, 0xF0, 0x68, 0x11, 0x70, 0x7E, 0x34,
    0x9F, 0x1D, 0xE9, 0xBC, 0x9A, 0xAB, 0x32, 0xF7, 0xD1, 0x71, 0xD1, 0x5A, 0x39, 0x47, 0x38, 0x67,
    0x1B, 0x97, 0xF3, 0x1D, 0x5C, 0x87, 0x2A, 0x83, 0xDA, 0x06, 0x3E, 0x77, 0x77, 0x0D, 0x37, 0xF1,
    0xB2, 0xA8, 0x12, 0x67, 0xE6, 0xFF, 0xEB, 0xC1, 0xD7, 0xDD, 0xDF, 0xF7, 0x0D, 0xE6, 0x43, 0xA3,
    0x87, 0x04, 0x8D, 0x58, 0xB1, 0x6D, 0x73, 0x17, 0xB0, 0x89, 0x46, 0x53, 0x9B, 0x9B, 0x9E, 0x4D,
    0x1B, 0x9F, 0xDF, 0x63, 0x38, 0xBB, 0x0F, 0x6A, 0x20, 0xAA, 0x3A, 0x24, 0x15, 0xB1, 0x85, 0xC8,
    0x50, 0x1E, 0xEE, 0x4C, 0xBA, 0xCB, 0x5D, 0x6D, 0xD3, 0x8B, 0x75, 0x03, 0xAD, 0xF1, 0x6A, 0xA0,
    0xB6, 0xA0, 0xBB, 0xCC, 0x55, 0x63, 0x39, 0x29, 0x91, 0x21, 0x13, 0xB1, 0xB4, 0xCB, 0xDA, 0xC7,
    0x5A, 0x00, 0x67, 0xDE, 0x05, 0xAD, 0xD8, 0x54, 0x64, 0xC8, 0x97, 0x9D, 0xA9, 0x18, 0x33, 0xA7,
    0x86, 0x64, 0x56, 0x03, 0xCF, 0x78, 0x51, 0x78, 0x7D, 0xFB, 0xE1, 0x36, 0x22, 0x12, 0xF5, 0xAA,
    0x79, 0x9B, 0x64, 0x86, 0xD4, 0x11, 0x95, 0x8D, 0x50, 0xF4, 0x50, 0x89, 0x2C, 0x7A, 0x2D, 0x80,
    0x4F, 0x22, 0x6D, 0xF4, 0xCE, 0x7F, 0x74, 0x4A, 0xA4, 0x29, 0x9E, 0x17, 0x54, 0xA7, 0x9B, 0xD2,
    0x56, 0xB6, 0x8C, 0xCF, 0xAA, 0x51, 0x7D, 0x6D, 0x0A, 0x91, 0x30, 0xCF, 0x3E, 0x7A, 0xF7, 0x57,
    0xD9, 0xDB, 0x48, 0xD8, 0x34, 0x6C, 0x3C, 0xAE, 0x7B, 0xAA, 0xA1, 0x1C, 0xD0, 0x9D, 0x9A, 0xA8,
    0x6D, 0xEE, 0x10, 0x93, 0xCD, 0x89, 0x90, 0x48, 0x36, 0x83, 0x7C, 0x95, 0x03, 0xFD, 0xB7, 0x03,
    0xA5, 0x7C, 0x40, 0xBA, 0x52, 0x44, 0xBA, 0xB3, 0x07, 0xF2, 0xEE, 0x86, 0x4C, 0x80, 0x74, 0x81,
    0x60, 0x5B, 0x77, 0xBC, 0x51, 0x56, 0x4D, 0xCC, 0xF6, 0x16, 0xC8, 0xD1, 0x63, 0x1B, 0x60, 0x75,
    0xED, 0x90, 0xBB, 0x7F, 0x9D, 0x54, 0xA4, 0x89, 0x27, 0x76, 0x69, 0xC7, 0xAA, 0x2F, 0x9C, 0xEE,
    0x32, 0x2F, 0xA8, 0x46, 0x28, 0xC5, 0x50, 0xC9, 0x8C, 0x16, 0xE9, 0xDA, 0xBF, 0x94, 0xB1, 0x6D,
    0x6A, 0xD7, 0x36, 0xF9, 0x5C, 0x77, 0xE9, 0xA2, 0xE7, 0x74, 0x29, 0xE5, 0x2D, 0x73, 0x2E, 0xE2,
    0xA8, 0x65, 0x22, 0x91, 0x30, 0x63, 0x82, 0xDC, 0x69, 0xEB, 0xD5, 0xAB, 0xA9, 0x5A, 0xDA, 0x41,
    0x89, 0xF4, 0xA9, 0x88, 0xE1, 0x9E, 0x5F, 0x07, 0x78, 0xAC, 0xB0, 0xAD, 0xEA, 0x6A, 0xD5, 0xBD,
    0x3C, 0x35, 0x24, 0xAB, 0x3D, 0xA0, 0xBA, 0xBA, 0x00, 0x13, 0x85, 0x25, 0xB3, 0x30, 0xA0, 0x68,
    0x9B, 0xF3, 0x3C, 0x5C, 0xC8, 0x74, 0x07, 0x5F, 0x50, 0xC9, 0x52, 0x70, 0x41, 0x37, 0x6D, 0xCE,
    0xA5, 0x96, 0x07, 0xBF, 0xCC, 0x5C, 0x9A, 0x21, 0x6B, 0x6E, 0xE2, 0x65, 0x36, 0xB2, 0xE6, 0x42,
    0x4D, 0xFD, 0x65, 0xE6, 0x73, 0xF4, 0x3F, 0x4B, 0xCE, 0x79, 0x25, 0xEE, 0x4E, 0xEE, 0x48, 0xA5,
    0x7F, 0x98, 0xC2, 0x6C, 0xF2, 0x23, 0xA4, 0x7D, 0x78, 0xB1, 0xFB, 0xC4, 0x8E, 0x81, 0x5C, 0x46,
    0xD6, 0x8F, 0xE4, 0x99, 0xBB, 0x51, 0xD2, 0xFA, 0x24, 0x04, 0x6D, 0x5A, 0x6A, 0x34, 0xBB, 0x6B,
    0x85, 0xE3, 0xEA, 0x3D, 0x12, 0xFB, 0x93, 0xC3, 0x07, 0x49, 0xF7, 0x1F, 0x44, 0x0D, 0x42, 0xF9,
    0x77, 0x33, 0xFA, 0x39, 0x47, 0xFD, 0x55, 0x23, 0x6D, 0x31, 0xA0, 0xBF, 0x6C, 0xA4, 0xBA, 0xE2,
    0x50, 0xDD, 0x4C, 0x31, 0xB4, 0x71, 0x9C, 0x16, 0x91, 0xE1, 0x3A, 0x36, 0xB7, 0xB7, 0x5F, 0x3D,
    0x00, 0xEA, 0x66, 0x00, 0x3F, 0x60, 0xC8, 0xDF, 0x3D, 0x72, 0x3F, 0x8F, 0xF0, 0x05, 0xCB, 0xD7,
    0x71, 0xE1, 0xEA, 0x73, 0xE6, 0xD2, 0x07, 0xBD, 0xE4, 0x27, 0x9A, 0x4B, 0x57, 0x33, 0x73, 0xE1,
    0x2D, 0x7F, 0xCA, 0xF9, 0x27, 0xBE, 0x09, 0x65, 0x7E, 0x94, 0x4C, 0x06, 0xB8, 0x0B, 0xBE, 0x67,
    0x75, 0xB1, 0x95, 0xD9, 0xBF, 0x80, 0x33, 0x3D, 0xD5, 0x4C, 0xDD, 0xE2, 0x4A, 0x33, 0x29, 0xE3,
    0x59, 0x4B, 0xB0, 0x9C, 0xD9, 0x83, 0xB3, 0x0D, 0x28, 0x7B, 0x4D, 0xAD, 0xC8, 0x24, 0x6B, 0x6D,
    0xEF, 0xBC, 0x6D, 0xEB, 0xC6, 0xBE, 0xA3, 0x87, 0xDC, 0x30, 0x26, 0xF9, 0x5D, 0x94, 0x34, 0xD5,
    0x41, 0xF7, 0x60, 0xD1, 0x85, 0x31, 0x55, 0xC3, 0x4C, 0xDE, 0x53, 0xBD, 0x7B, 0x4F, 0x4B, 0xF7,
    0xE0, 0x6A, 0x2F, 0x7D, 0x86, 0x52, 0x1A, 0x7D, 0xD0, 0xBD, 0x52, 0x75, 0x94, 0x36, 0x11, 0x3C,
    0x5F, 0x59, 0x74, 0xFA, 0xD5, 0x5D, 0x25, 0xF6, 0xCC, 0x21, 0xC0, 0x03, 0xE9, 0x54, 0x3A, 0xE9,
    0x66, 0xF6, 0x80, 0x4D, 0x93, 0x6C, 0x69, 0x9B, 0xCE, 0x1F, 0x59, 0xD9, 0xAC, 0xBB, 0x7C, 0xD6,
    0x63, 0x39, 0x6B, 0x11, 0xAF, 0xD9, 0xAB, 0x9F, 0xF5, 0x1F, 0x83, 0xB6, 0xC7, 0xB5, 0x69, 0x80,
    0x8D, 0xED, 0x6D, 0x93, 0x88, 0x88, 0xCD, 0x03, 0x94, 0xC8, 0x81, 0xAD, 0x64, 0x29, 0xAD, 0x96,
    0xE3, 0x28, 0x03, 0x54, 0x40, 0x1A, 0xC0, 0x43, 0x01, 0x5C, 0xFE, 0x44, 0x70, 0x3F, 0xB5, 0x6D,
    0x6D, 0x6D, 0xEF, 0x06, 0x4A, 0xCA, 0xBD, 0xD2, 0x6D, 0x5C, 0xE6, 0xB1, 0xD5, 0x22, 0x6E, 0xB5,
    0x97, 0xEC, 0x95, 0x43, 0x3D, 0x3C, 0x34, 0xE4, 0x37, 0x3C, 0xD3, 0xFD, 0x64, 0x65, 0x0A, 0x19,
    0xAA, 0xF7, 0x38, 0xCD, 0xBC, 0xCB, 0xE5, 0xCB, 0xEC, 0x7A, 0x6A, 0x66, 0x6F, 0xF1, 0xF6, 0xE4,
    0xB2, 0xF9, 0x9E, 0x74, 0x3F, 0xD4, 0x56, 0xAC, 0x31, 0x35, 0x08, 0xF9, 0x58, 0x9B, 0x6C, 0xD2,
    0x4D, 0x3E, 0xD4, 0xA8, 0x7E, 0xA1, 0x7C, 0xD6, 0xA1, 0x7F, 0x62, 0xE2, 0x41, 0x3F, 0x2E, 0xD9,
    0x23, 0xD9, 0xA2, 0x1C, 0xC8, 0x26, 0xEA, 0x81, 0x62, 0xE0, 0xA1, 0x81, 0xB2, 0x27, 0x1F, 0xD0,
    0x36, 0xB0, 0x36, 0x81, 0x82, 0x67, 0x3A, 0x07, 0x66, 0x53, 0x60, 0x31, 0x40, 0xBA, 0xAF, 0x7A,
    0x3F, 0x19, 0x6D, 0x83, 0xAD, 0x36, 0xCA, 0x53, 0xA8, 0x26, 0x92, 0x99, 0xDD, 0x89, 0xCC, 0xE1,
    0x26, 0x8A, 0x21, 0x1D, 0x27, 0x54, 0x9F, 0x89, 0x50, 0xD9, 0xC0, 0xBA, 0x81, 0x09, 0x01, 0x2E,
    0xC6, 0xE8, 0xAC, 0xC3, 0xAF, 0xE3, 0xAF, 0x13, 0x58, 0x67, 0xB0, 0x4E, 0x61, 0x9D, 0xC3, 0x3A,
    0x89, 0x75, 0x16, 0xEB, 0x34, 0x62, 0x1E, 0x67, 0xDE, 0x0A, 0x68, 0xAB, 0x17, 0x42, 0x26, 0x4B,
    0x6B, 0x40, 0xB8, 0xA8, 0x4D, 0xC8, 0x05, 0x4D, 0x48, 0x86, 0x3F, 0x24, 0xF8, 0xCF, 0x46, 0x50,
    0x3D, 0x55, 0x03, 0x95, 0x45, 0x56, 0x84, 0x84, 0x44, 0x0C, 0x02, 0xAB, 0x95, 0xF1, 0x05, 0xE9,
    0x57, 0xD4, 0x50, 0x94, 0xA1, 0xDB, 0x17, 0x26, 0xBA, 0x21, 0x14, 0xA7, 0x40, 0x28, 0xD0, 0x05,
    0x12, 0x21, 0x73, 0xF1, 0x28, 0x1F, 0xC1, 0x17, 0xAB, 0x1A, 0x20, 0x14, 0x6C, 0x07, 0x95, 0x58,
    0xDD, 0x80, 0x2F, 0xDC, 0x96, 0x0D, 0x03, 0x7E, 0x7C, 0x30, 0x67, 0x8E, 0xBA, 0x03, 0x3F, 0x5E,
    0x3A, 0x50, 0x43, 0x7A, 0xB5, 0x83, 0xB2, 0xCB, 0xFF, 0xA5, 0x03, 0x6D, 0xD5, 0x9F, 0x76, 0xD0,
    0x52, 0xCA, 0x08, 0x4B, 0x6C, 0x52, 0x07, 0x45, 0x47, 0x3E, 0xC1, 0x99, 0x06, 0x80, 0x74, 0x84,
    0x3C, 0x58, 0xBD, 0x62, 0xF4, 0xC7, 0x01, 0x20, 0xF1, 0x6D, 0x36, 0x45, 0xA5, 0x32, 0xA1, 0xBC,
    0xF4, 0xF3, 0x5B, 0xD4, 0x16, 0x5A, 0x40, 0xA2, 0x54, 0xDF, 0x36, 0x55, 0xAF, 0xDF, 0xD6, 0xDA,
    0x2A, 0x2E, 0xD5, 0x0B, 0x1C, 0xEC, 0x43, 0x6A, 0x00, 0xB2, 0x3E, 0x72, 0x09, 0x4C, 0xA4, 0x03,
    0x28, 0xA3, 0x29, 0x89, 0x04, 0x80, 0x6D, 0x13, 0x28, 0x16, 0x48, 0xE3, 0x98, 0x4C, 0x7A, 0x20,
    0x97, 0x01, 0x28, 0xAE, 0x8E, 0x80, 0xFA, 0xE0, 0x04, 0x94, 0xFF, 0xE0, 0x00, 0xFD, 0xEC, 0x1C,
    0x68, 0x05, 0x68, 0x4D, 0xA0, 0x50, 0x37, 0x24, 0x0B, 0xDA, 0x92, 0xCA, 0xAA, 0xED, 0xC8, 0x44,
    0xA4, 0x27, 0xF7, 0x1C, 0x28, 0x0E, 0xB7, 0x5F, 0x3D, 0xA2, 0x06, 0xF2, 0x29, 0xC4, 0xCE, 0x1C,
    0xBA, 0x23, 0x9D, 0xC3, 0xE0, 0x44, 0x38, 0xFA, 0xB0, 0x79, 0x1F, 0xA8, 0x03, 0x53, 0x69, 0x80,
    0x6C, 0x22, 0xB0, 0xE1, 0xB4, 0xE4, 0x79, 0x17, 0x40, 0x12, 0x73, 0x53, 0x32, 0x06, 0xFE, 0xDD,
    0x04, 0xDC, 0xC1, 0x03, 0xA7, 0x24, 0xC3, 0x64, 0x3F, 0xA4, 0x58, 0x2C, 0x4F, 0x03, 0xA5, 0x38,
    0xE0, 0x91, 0x62, 0x38, 0x25, 0xB9, 0x01, 0x40, 0xF1, 0x6C, 0x8C, 0xF2, 0x16, 0x17, 0xF8, 0xF7,
    0x13, 0x90, 0x9A, 0xFD, 0xD3, 0x92, 0xE1, 0x26, 0x00, 0xD2, 0x00, 0xE9, 0x3B, 0x62, 0x74, 0xDB,
    0x07, 0x3E, 0x1B, 0x18, 0xAF, 0xE9, 0x10, 0xE6, 0xB4, 0x64, 0xCB, 0xF6, 0xF6, 0x76, 0x58, 0x1D,
    0xE2, 0xE0, 0xF5, 0x1C, 0x94, 0x2C, 0xAB, 0x7D, 0xA8, 0x3E, 0x30, 0x00, 0x71, 0x57, 0x08, 0xB4,
    0x3F, 0x1B, 0x1B, 0x51, 0xA1, 0x49, 0x97, 0xD8, 0x64, 0x4E, 0x89, 0x58, 0x8A, 0x29, 0x36, 0xE5,
    0x10, 0x1B, 0xDD, 0xA9, 0x11, 0xA8, 0x6D, 0x1C, 0x12, 0x3D, 0x92, 0x84, 0xE6, 0x7A, 0x18, 0x87,
    0x1A, 0x09, 0x52, 0x22, 0x43, 0xD5, 0xC7, 0x46, 0xDB, 0xD8, 0x90, 0xFC, 0xF6, 0x1E, 0x54, 0x32,
    0xC7, 0x39, 0x4D, 0xC8, 0xA8, 0x57, 0x33, 0xF5, 0x58, 0x0D, 0xA8, 0x49, 0x77, 0x84, 0x3D, 0x39,
    0xC9, 0x56, 0xDD, 0x00, 0xAD, 0x39, 0x8E, 0xD8, 0xA1, 0xC3, 0x10, 0xDD, 0x53, 0xB8, 0x72, 0x24,
    0xEC, 0xD4, 0xBF, 0xA4, 0x1D, 0x42, 0xF0, 0x8E, 0x56, 0xC4, 0x50, 0xCA, 0x04, 0x3C, 0x0D, 0xB0,
    0x1B, 0xE7, 0x0C, 0xC0, 0xA7, 0x3B, 0x00, 0x8F, 0xE4, 0x8D, 0x1E, 0x99, 0x0C, 0x90, 0x86, 0x7D,
    0x6E, 0x03, 0xC9, 0x08, 0xA9, 0x00, 0x6D, 0x0F, 0xC5, 0x00, 0x5C, 0x62, 0x7D, 0xF2, 0x4C, 0xF0,
    0x7A, 0x4D, 0xC0, 0x31, 0x89, 0x34, 0xD7, 0x04, 0x1C, 0x17, 0xDC, 0xE8, 0x03, 0x5E, 0x03, 0xE9,
    0x00, 0xD5, 0x40, 0x22, 0xF1, 0xCB, 0x22, 0xE9, 0x78, 0xF1, 0xE2, 0xBD, 0x0C, 0x68, 0x3B, 0x72,
    0x71, 0x14, 0x6F, 0x72, 0x9C, 0xE5, 0xDE, 0x17, 0x2F, 0x16, 0x90, 0x77, 0x13, 0xEA, 0x7F, 0x1D,
    0x85, 0x57, 0xDA, 0xBC, 0xE1, 0x45, 0x8B, 0xF5, 0x0A, 0x1E, 0xA3, 0xEE, 0x2A, 0x97, 0xCE, 0x3C,
    0x1C, 0x6E, 0xD7, 0x6A, 0xF8, 0xD8, 0x9E, 0xDC, 0xCE, 0x1F, 0xE4, 0xB3, 0x9E, 0xEA, 0xE6, 0x0B,
    0xF8, 0xB8, 0xE6, 0xED, 0x53, 0x2C, 0x68, 0xB1, 0xBB, 0x45, 0x77, 0x21, 0xE9, 0x80, 0x64, 0x8B,
    0xCC, 0x7D, 0xC2, 0xAF, 0x63, 0xBF, 0x62, 0x5E, 0xA8, 0xC3, 0xB0, 0x7B, 0x85, 0x42, 0x64, 0x0C,
    0x90, 0x08, 0x5B, 0x8C, 0xB4, 0x83, 0x87, 0x9A, 0x3C, 0x72, 0xE7, 0x91, 0xCD, 0x1E, 0xE9, 0x2C,
    0x32, 0x27, 0xCB, 0x75, 0xBC, 0xFA, 0x70, 0x2B, 0x5D, 0x62, 0x47, 0x18, 0x12, 0xC6, 0x15, 0x01,
    0xD5, 0x58, 0x1C, 0xBE, 0x4A, 0xFA, 0xE0, 0xAA, 0xF1, 0x98, 0xF1, 0xD8, 0x83, 0xBB, 0xCD, 0x3E,
    0xD4, 0x6F, 0xEF, 0x41, 0xA4, 0x23, 0x19, 0x6A, 0xB3, 0xAE, 0x5F, 0xD8, 0x34, 0xD2, 0x50, 0x75,
    0x62, 0x03, 0x86, 0x80, 0x29, 0xC0, 0x05, 0x48, 0x40, 0xDB, 0x78, 0x68, 0xEB, 0x51, 0x0E, 0x1E,
    0xC5, 0xE4, 0x91, 0x39, 0x8F, 0x44, 0x3C, 0x68, 0x0F, 0x3C, 0xB4, 0x78, 0x94, 0x01, 0x45, 0x40,
    0x16, 0x90, 0x04, 0xD0, 0x06, 0xE8, 0xEE, 0x68, 0xDB, 0x32, 0x1C, 0xDF, 0xB6, 0x0C, 0xB7, 0x6C,
    0x5B, 0xE2, 0x7A, 0x43, 0x25, 0x0B, 0x20, 0x22, 0x76, 0xBD, 0x48, 0xA9, 0x99, 0xCA, 0x85, 0xD1,
    0xF9, 0x1C, 0xFD, 0x09, 0xDA, 0xAE, 0xD7, 0x5A, 0x5A, 0xD3, 0x9A, 0x23, 0xD6, 0x4D, 0x60, 0xDB,
    0x44, 0x9A, 0xD0, 0x2B, 0x26, 0x8E, 0xA4, 0xEA, 0x43, 0xE4, 0x72, 0xA2, 0x70, 0x14, 0xF2, 0x44,
    0x3B, 0x92, 0x8A, 0x48, 0x0F, 0x71, 0x09, 0xA2, 0x90, 0x09, 0x60, 0x13, 0x6E, 0xD9, 0xBC, 0x54,
    0x03, 0x90, 0x8A, 0x05, 0xB2, 0x99, 0xC0, 0x8E, 0xD3, 0x95, 0xED, 0x7A, 0x0B, 0x63, 0x39, 0xB2,
    0xAB, 0xBF, 0x73, 0xC0, 0x9D, 0x3C, 0x70, 0xAA, 0xF2, 0x4C, 0xF6, 0x5F, 0x06, 0x14, 0xCB, 0x2E,
    0xA0, 0xC4, 0x01, 0x8F, 0x16, 0xE3, 0x29, 0xCA, 0xF0, 0x96, 0xED, 0xCC, 0x9B, 0x5D, 0xE0, 0xDF,
    0x07, 0xA6, 0xE6, 0x35, 0xA7, 0x2D, 0xCF, 0x3B, 0x39, 0x8F, 0x6E, 0x04, 0xFD, 0x96, 0x25, 0x9E,
    0xCC, 0x4C, 0x06, 0x88, 0xD9, 0xF4, 0x28, 0x99, 0xA2, 0x5D, 0x5B, 0x41, 0x71, 0x1E, 0x00, 0xF8,
    0xDE, 0x5F, 0xDF, 0x78, 0x9C, 0x42, 0xE4, 0xC0, 0xA2, 0x25, 0xB8, 0xF4, 0x58, 0xC8, 0xC4, 0x14,
    0x12, 0x42, 0x2A, 0x31, 0x6A, 0x44, 0x8B, 0x2D, 0x07, 0x5A, 0x6D, 0xCB, 0x3E, 0x75, 0xBA, 0xAB,
    0xBA, 0x7C, 0xAC, 0x3C, 0xCB, 0xAE, 0xEA, 0xAB, 0x4E, 0x37, 0x81, 0x0B, 0xFE, 0xF8, 0x2D, 0x0E,
    0xDD, 0xA9, 0xAB, 0x03, 0xB5, 0x55, 0x62, 0x91, 0x26, 0x17, 0x93, 0x0A, 0xA9, 0xFC, 0xE3, 0xCE,
    0x1C, 0xCF, 0xC8, 0x84, 0xF2, 0xEC, 0xD0, 0x57, 0x64, 0x01, 0xD8, 0x30, 0xC0, 0xED, 0x00, 0xAA,
    0x01, 0xCA, 0x11, 0x28, 0xE4, 0xDA, 0xE6, 0xAB, 0x00, 0x00, 0x36, 0x8D, 0x7F, 0x69, 0x8B, 0xB6,
    0x27, 0x83, 0x6A, 0x40, 0x1A, 0x35, 0x7F, 0xB3, 0x10, 0x97, 0xC3, 0x54, 0x64, 0x84, 0x4A, 0x9A,
    0xA3, 0x4B, 0x3C, 0x0D, 0xA8, 0x80, 0x44, 0x0C, 0xA8, 0x05, 0x28, 0x7B, 0xE0, 0x4E, 0x5E, 0xA2,
    0x84, 0xF6, 0x81, 0x62, 0x01, 0xB4, 0x58, 0xD8, 0x2D, 0x3A, 0x08, 0x77, 0xAF, 0x97, 0x24, 0x97,
    0xF5, 0x2D, 0x0F, 0x5A, 0xD5, 0x41, 0x1D, 0x10, 0x6E, 0x7C, 0x2F, 0x49, 0x2E, 0x31, 0x6E, 0x19,
    0x20, 0xCD, 0xFA, 0x0C, 0xA9, 0x5B, 0xBF, 0xA8, 0x8D, 0xC7, 0x75, 0x87, 0xEE, 0xAB, 0x01, 0x6D,
    0xD5, 0x48, 0xDB, 0x14, 0x13, 0x42, 0xE6, 0xD2, 0x85, 0x74, 0xC9, 0x1C, 0x88, 0x37, 0x50, 0x87,
    0x8D, 0xB3, 0xFE, 0x40, 0x07, 0xA5, 0x58, 0x50, 0x62, 0x20, 0x97, 0xA3, 0xD5, 0x3D, 0x75, 0x1F,
    0x0D, 0xDB, 0x80, 0xDC, 0xA8, 0xD5, 0xE3, 0x88, 0x88, 0xF1, 0xEA, 0x64, 0x25, 0x83, 0xA0, 0x26,
    0x21, 0x77, 0x42, 0xB6, 0x56, 0x78, 0x5F, 0x8D, 0x22, 0x32, 0x78, 0x59, 0x91, 0xC3, 0x63, 0x1B,
    0x25, 0x92, 0xC7, 0x81, 0x56, 0x1A, 0xB2, 0xB8, 0x98, 0x88, 0x38, 0xAA, 0x31, 0x77, 0xE8, 0x2E,
    0xFE, 0x38, 0x88, 0xC8, 0x9C, 0x47, 0x39, 0x78, 0xD4, 0x8D, 0x87, 0x10, 0x60, 0x02, 0x26, 0x0F,
    0x2D, 0x8D, 0xB6, 0x79, 0xDC, 0xB7, 0x57, 0xA3, 0x47, 0xEE, 0xF4, 0x9F, 0x8E, 0x99, 0xD3, 0xCF,
    0xB9, 0x7C, 0xD2, 0x57, 0xE4, 0xC0, 0xDB, 0x44, 0x7A, 0x6D, 0x2B, 0x31, 0xD7, 0xBF, 0xDF, 0x7D,
    0x60, 0x06, 0xA4, 0x83, 0x6A, 0x82, 0xD4, 0xEB, 0xE8, 0xAE, 0x51, 0x4F, 0x21, 0x19, 0xA3, 0x44,
    0xBA, 0x6A, 0xDC, 0xF1, 0x7E, 0xD5, 0x00, 0xC5, 0xC8, 0xF7, 0x1C, 0x8C, 0x85, 0xC8, 0x58, 0x79,
    0x85, 0xD3, 0x5C, 0x37, 0xE5, 0x58, 0x5B, 0x3D, 0xEA, 0xAB, 0xC1, 0xF6, 0x7F, 0xBE, 0xEF, 0xB9,
    0x91, 0x73, 0x00, 0x44, 0x5F, 0xD1, 0x67, 0xE9, 0x40, 0x7A, 0x98, 0x81, 0x3D, 0x4E, 0xCE, 0x7F,
    0xD1, 0x40, 0x3B, 0x91, 0x2D, 0x0B, 0x59, 0x5F, 0x91, 0x72, 0xE6, 0x64, 0x7C, 0x9F, 0x4B, 0x48,
    0xE5, 0x9B, 0x4C, 0x26, 0x42, 0xF1, 0x33, 0x33, 0x1B, 0x3C, 0x7E, 0x32, 0x7E, 0xCD, 0x6D, 0xA4,
    0xE3, 0x2E, 0xD9, 0xD4, 0x92, 0xF9, 0x16, 0x73, 0xEE, 0xE4, 0xCE, 0x45, 0xD5, 0xC3, 0xE5, 0x11,
    0x86, 0xF3, 0x44, 0xFD, 0xEE, 0x04, 0xBA, 0x87, 0x84, 0x93, 0x8B, 0x01, 0xEC, 0x4C, 0x69, 0x2C,
    0x53, 0xD9, 0x59, 0xAF, 0xF1, 0xB2, 0x50, 0xFA, 0x91, 0x3F, 0x26, 0xC6, 0x4F, 0x9F, 0xA9, 0x2D,
    0x14, 0xA1, 0x52, 0x59, 0x1D, 0xAC, 0xFF, 0x2A, 0x1B, 0x1A, 0xBD, 0x1C, 0x2C, 0xAB, 0x55, 0x53,
    0x5B, 0x35, 0x01, 0x3E, 0x88, 0x43, 0xFB, 0x23, 0x2D, 0x88, 0xF1, 0xA1, 0x44, 0x84, 0x4A, 0x9C,
    0x16, 0x47, 0x2E, 0x7D, 0x21, 0x3D, 0x9C, 0x63, 0x1D, 0xF6, 0x85, 0xFD, 0x23, 0x28, 0xEF, 0x20,
    0x7B, 0xAB, 0x97, 0x18, 0x92, 0x1D, 0x0B, 0xCA, 0x72, 0xF7, 0x81, 0xA5, 0x12, 0xC3, 0x83, 0x17,
    0x01, 0xE0, 0x73, 0x80, 0x5D, 0xA0, 0xEE, 0xA1, 0x74, 0x90, 0x78, 0x71, 0xEF, 0xD1, 0xE7, 0x3D,
    0xFA, 0x5F, 0x49, 0x5F, 0x8E, 0xE5, 0xA8, 0xAD, 0x8F, 0xDD, 0x64, 0xAE, 0x16, 0x71, 0xAD, 0xC8,
    0xDC, 0xBE, 0x7B, 0x15, 0xF3, 0xD0, 0x36, 0xFD, 0xF5, 0x6A, 0x50, 0xE3, 0xF5, 0xD8, 0x33, 0x24,
    0x06, 0x20, 0xFA, 0x8A, 0x3E, 0x8B, 0x39, 0xC6, 0x88, 0xB1, 0x5E, 0xC1, 0xC9, 0xF9, 0xCF, 0x3B,
    0xA8, 0x1D, 0x89, 0x08, 0xC9, 0x58, 0x7A, 0x73, 0x7A, 0x32, 0xBE, 0x3F, 0xF9, 0x36, 0x12, 0xA7,
    0x49, 0x5D, 0x6D, 0x42, 0x1B, 0x8E, 0x4F, 0x26, 0xE7, 0xCF, 0x61, 0x97, 0xBA, 0x2F, 0x5D, 0xE2,
    0xB8, 0x17, 0xCE, 0xEE, 0x7F, 0xC4, 0x1F, 0x72, 0x70, 0x6F, 0xE2, 0x0A, 0x57, 0xF7, 0xBB, 0xBC,
    0x86, 0x8F, 0x61, 0x74, 0x32, 0x52, 0x0A, 0xB5, 0xD8, 0xA7, 0x73, 0xFB, 0x38, 0x0D, 0x90, 0x5E,
    0xFC, 0x38, 0x7E, 0x96, 0xDD, 0x96, 0xB0, 0xAB, 0x6C, 0x5B, 0x76, 0xB5, 0xB2, 0xFE, 0xFD, 0xC7,
    0x3B, 0x9D, 0x64, 0xEB, 0x76, 0x60, 0x09, 0xEF, 0xC4, 0xA3, 0x90, 0xCE, 0xE3, 0xE7, 0x07, 0x20,
    0x1B, 0xE1, 0xEE, 0xDF, 0x8C, 0xDF, 0xD3, 0x4C, 0x1E, 0x2F, 0x9C, 0xA5, 0x15, 0xF4, 0x90, 0x7B,
    0xD8, 0x44, 0xA8, 0x1B, 0x84, 0xF6, 0x1A, 0x6A, 0x8B, 0xA0, 0xBB, 0x74, 0xA1, 0x1A, 0xE3, 0x0E,
    0x4D, 0x46, 0x32, 0x91, 0x0E, 0xEA, 0x65, 0x7D, 0xCF, 0x88, 0x4B, 0x53, 0xFD, 0xF7, 0x3D, 0xDE,
    0x9C, 0x0C, 0xD2, 0x84, 0x15, 0x06, 0xE0, 0xC1, 0x2F, 0x15, 0xA3, 0x7F, 0x59, 0x7A, 0x2D, 0x32,
    0xEA, 0xF9, 0xD5, 0x4E, 0xF7, 0xB9, 0xD3, 0x36, 0xF3, 0x4A, 0x3F, 0xAA, 0x3E, 0xAE, 0x4B, 0xE2,
    0xB0, 0x1E, 0x75, 0x57, 0xB8, 0xDA, 0x66, 0xA1, 0x04, 0xE6, 0xD6, 0xA4, 0x73, 0xDB, 0xA4, 0x73,
    0x1D, 0x63, 0xE5, 0xE1, 0x72, 0xFC, 0x78, 0x2E, 0x89, 0x93, 0xF3, 0x7F, 0xFC, 0x92, 0x38, 0x19,
    0xDF, 0xE7, 0x3C, 0xE4, 0x67, 0xAC, 0xB7, 0x35, 0xD9, 0x15, 0xF1, 0xA6, 0x73, 0x27, 0xE3, 0xF7,
    0xF8, 0xA5, 0x76, 0x72, 0xE7, 0xA2, 0x06, 0xC4, 0x46, 0xD1, 0x1A, 0x58, 0xA7, 0x2C, 0x22, 0xF6,
    0x48, 0x40, 0xB0, 0x87, 0xFE, 0xEB, 0x63, 0x35, 0x37, 0x3C, 0xEE, 0x59, 0x1E, 0x04, 0x91, 0xB8,
    0xBB, 0x9F, 0x28, 0x96, 0x57, 0x3B, 0xD4, 0xA0, 0x16, 0xAA, 0x5E, 0x0B, 0x55, 0xE7, 0x04, 0x7D,
    0x65, 0x14, 0xAA, 0xFF, 0xE8, 0x3C, 0xA4, 0x11, 0xCA, 0x25, 0x5D, 0x50, 0x73, 0xE1, 0xC8, 0xD7,
    0x3F, 0x07, 0x7A, 0xAA, 0x1D, 0x31, 0xEB, 0xC2, 0xBD, 0xB1, 0xC8, 0xDA, 0xE3, 0x45, 0xF6, 0xA0,
    0x09, 0xEB, 0x7B, 0xE6, 0x3E, 0x92, 0xF4, 0xFA, 0x83, 0xEB, 0xA1, 0x74, 0x95, 0x88, 0x53, 0xF2,
    0xBC, 0x4B, 0xE5, 0x4D, 0x8E, 0x4D, 0x6E, 0x29, 0x32, 0x77, 0xBD, 0xC8, 0x5E, 0xC3, 0xC9, 0xF9,
    0x8F, 0x45, 0x36, 0xDD, 0x58, 0x64, 0x27, 0xE3, 0x3B, 0x14, 0xC3, 0x74, 0xBC, 0x18, 0x4E, 0x24,
    0x67, 0xC8, 0x03, 0x6A, 0x20, 0x13, 0xA0, 0x9C, 0x02, 0x1A, 0xE0, 0xE5, 0x00, 0x31, 0x4E, 0xE3,
    0x5F, 0xBA, 0xA3, 0x6D, 0xCA, 0x01, 0x41, 0x8D, 0xC9, 0x42, 0x31, 0xC5, 0xE5, 0xCD, 0x23, 0xFE,
    0xDD, 0x09, 0x51, 0x03, 0xB4, 0xBF, 0xDC, 0x43, 0x1D, 0x4B, 0x45, 0x1A, 0x28, 0x05, 0x50, 0x01,
    0xD9, 0x1C, 0xE0, 0x80, 0x62, 0x02, 0xC2, 0x58, 0xCA, 0x1E, 0xD0, 0x16, 0xA8, 0x03, 0xC4, 0x00,
    0xDB, 0xD1, 0xF4, 0x11, 0x71, 0x45, 0x0C, 0xFA, 0x7F, 0x64, 0x40, 0x8B, 0x38, 0xF4, 0xF2, 0xEA,
    0x05, 0x3D, 0xA4, 0x12, 0x7A, 0xC5, 0x78, 0xB4, 0x8D, 0x47, 0x7D, 0x0D, 0xAD, 0xD1, 0x7D, 0x22,
    0xE8, 0xC3, 0x42, 0xE2, 0x8C, 0x80, 0x11, 0xFD, 0x97, 0xD2, 0xA0, 0xED, 0xD6, 0x47, 0x08, 0xB4,
    0x69, 0x80, 0xB0, 0xF8, 0x13, 0x96, 0x7F, 0x68, 0xCB, 0x2E, 0xBE, 0x0B, 0xB6, 0x97, 0xE4, 0xBC,
    0xFC, 0x3F, 0xD5, 0x99, 0x31, 0x90, 0xDD, 0xC6, 0x7D, 0xC6, 0x7F, 0x00, 0x74, 0x84, 0x87, 0x98,
    0x31, 0x5C, 0x90, 0x33, 0x36, 0xA9, 0x08, 0x2E, 0x35, 0x94, 0x2D, 0x34, 0x29, 0x52, 0x58, 0x5C,
    0x38, 0x93, 0x19, 0x17, 0x2A, 0xCC, 0xCC, 0xF0, 0x92, 0xC2, 0x05, 0x55, 0x33, 0x05, 0x53, 0xA8,
    0x48, 0x41, 0x09, 0x3B, 0x93, 0x7E, 0x74, 0x69, 0xD2, 0x8A, 0x05, 0x0B, 0xEA, 0x8A, 0x30, 0x85,
    0x0A, 0x17, 0x0C, 0x01, 0x59, 0x85, 0x0B, 0x17, 0x46, 0x26, 0xC9, 0xA4, 0x0C, 0x92, 0x49, 0xE5,
    0x46, 0x70, 0x02, 0x8E, 0x71, 0x22, 0x80, 0x2F, 0xBB, 0xC0, 0x7B, 0x8F, 0xE2, 0x50, 0x27, 0x51,
    0xBA, 0x3B, 0x51, 0xD9, 0x87, 0xEF, 0xB7, 0x24, 0xB0, 0x6F, 0x77, 0xBF, 0xFF, 0xBE, 0xC3, 0xFB,
    0x63, 0x1F, 0x57, 0x0E, 0x3F, 0x00, 0x8C, 0xB4, 0xE5, 0xD3, 0x65, 0xBF, 0x00, 0x50, 0x0D, 0x84,
    0x6A, 0x80, 0x48, 0x2D, 0x10, 0xAB, 0x03, 0x92, 0xC7, 0x3D, 0x90, 0xFE, 0xEF, 0x00, 0x64, 0xFF,
    0x32, 0x02, 0xE6, 0xA3, 0xC9, 0xB3, 0x16, 0x50, 0x15, 0x9E, 0xA2, 0xB4, 0x04, 0x33, 0xA6, 0x26,
    0xD4, 0x61, 0xD5, 0x10, 0x49, 0x6A, 0x89, 0x1D, 0x3B, 0x92, 0xA3, 0xFD, 0x1B, 0x3D, 0x69, 0x47,
    0x3C, 0x90, 0xB5, 0x44, 0x23, 0xA6, 0x21, 0x9C, 0x7C, 0xE3, 0x40, 0x00, 0xA4, 0x52, 0xED, 0x75,
    0xFE, 0xF0, 0xD0, 0xB2, 0x2D, 0xE5, 0x40, 0x24, 0x15, 0xA9, 0xD4, 0xE4, 0xFD, 0xAD, 0xCE, 0xD4,
    0x69, 0x07, 0x49, 0xCF, 0xCD, 0xFB, 0x7D, 0x22, 0xF5, 0xB9, 0x93, 0x3B, 0xD7, 0x97, 0x36, 0xEB,
    0xCB, 0xDA, 0xF4, 0xE6, 0xB1, 0x3F, 0xF7, 0x07, 0x77, 0xED, 0xE3, 0x9E, 0x0B, 0xC0, 0x77, 0xF9,
    0x09, 0x90, 0x16, 0x0F, 0x3C, 0x35, 0xEC, 0xFC, 0x04, 0xAA, 0xBF, 0x1D, 0xCE, 0x83, 0x62, 0x8F,
    0xA8, 0x4E, 0x89, 0x1E, 0x95, 0x84, 0x9A, 0xA0, 0x1A, 0xE0, 0x52, 0x71, 0x1A, 0xEE, 0x5F, 0xFC,
    0x9A, 0x46, 0x13, 0x40, 0xDA, 0x00, 0x64, 0x76, 0xE1, 0x47, 0x00, 0xE9, 0x7A, 0xD5, 0xF3, 0xE4,
    0x2B, 0xFD, 0x1B, 0xE7, 0xD5, 0x34, 0xF0, 0x10, 0x18, 0x81, 0xE9, 0x7B, 0x50, 0xF5, 0x90, 0x3B,
    0x01, 0x04, 0x16, 0x48, 0x6A, 0xA0, 0x72, 0x88, 0x55, 0x2C, 0xDD, 0x42, 0x5C, 0xB0, 0x29, 0xC1,
    0x3F, 0x1C, 0x40, 0xAE, 0x89, 0x40, 0x92, 0xF5, 0xDE, 0xDA, 0x74, 0xA2, 0xEC, 0xF3, 0x8E, 0x74,
    0x30, 0x0D, 0xF1, 0x58, 0xD6, 0x04, 0xD7, 0x4B, 0xBB, 0x84, 0xE5, 0x59, 0x2C, 0x17, 0x8C, 0x6F,
    0x62, 0x5A, 0x92, 0x31, 0xEB, 0xC9, 0x86, 0x54, 0x3F, 0xAD, 0x3A, 0x1F, 0xAC, 0x86, 0x4A, 0x2A,
    0xC8, 0x34, 0x00, 0x17, 0xD9, 0x94, 0x97, 0x21, 0x18, 0x21, 0x71, 0x2A, 0x5B, 0x78, 0x17, 0x78,
    0x8B, 0xB5, 0xE4, 0x47, 0x84, 0x52, 0x9D, 0x48, 0x5D, 0x76, 0x74, 0xCB, 0x8D, 0xEF, 0x87, 0x0F,
    0xEF, 0x95, 0x76, 0x1D, 0xAD, 0xB2, 0x50, 0xD6, 0x60, 0x9A, 0x68, 0xCC, 0x7B, 0x3F, 0x90, 0xFC,
    0x38, 0x35, 0xD5, 0x0C, 0x41, 0x01, 0xDC, 0x06, 0x98, 0x01, 0x26, 0x80, 0x57, 0x5F, 0x8C, 0xCD,
    0x00, 0x48, 0x1A, 0x48, 0xDB, 0xB5, 0x0E, 0x4E, 0xC9, 0xDE, 0x05, 0x7E, 0x08, 0xAF, 0x07, 0x1D,
    0xE4, 0x9F, 0x38, 0x24, 0xAA, 0x81, 0x7F, 0x7A, 0x61, 0x4B, 0x19, 0x34, 0x09, 0xC1, 0x54, 0x82,
    0x66, 0xC8, 0xDA, 0x53, 0xF3, 0xF9, 0x1D, 0x5E, 0x82, 0xD4, 0x3E, 0x70, 0x78, 0x3C, 0x40, 0xA8,
    0x16, 0xB8, 0xCA, 0xA6, 0xEC, 0xEF, 0x17, 0x20, 0xCD, 0x1E, 0x6A, 0x3D, 0x46, 0xC4, 0xE5, 0x19,
    0x11, 0x08, 0xF9, 0xEE, 0xE5, 0x7D, 0x3C, 0x8D, 0x66, 0x87, 0xDD, 0xB9, 0xD2, 0x43, 0x85, 0x88,
    0x84, 0xF6, 0xAB, 0x09, 0x49, 0xBD, 0x47, 0xE3, 0x70, 0xC4, 0x93, 0xA2, 0xDC, 0x2E, 0xAC, 0x9F,
    0x30, 0x5A, 0x98, 0x59, 0xCF, 0xD7, 0xE1, 0x56, 0x2F, 0x08, 0x35, 0x0B, 0x52, 0x49, 0x90, 0xCD,
    0xB7, 0x04, 0xA6, 0x8D, 0x96, 0x71, 0xF0, 0xB4, 0x68, 0xB1, 0x5F, 0x39, 0x5A, 0x76, 0xE7, 0x4D,
    0x13, 0x0A, 0xF2, 0xE1, 0xF2, 0xEE, 0xBD, 0xB1, 0x54, 0x01, 0xD5, 0x50, 0x02, 0x7B, 0x85, 0xC7,
    0xFE, 0x3E, 0x24, 0x52, 0xEF, 0xA1, 0x05, 0x75, 0xD2, 0x53, 0x75, 0x0E, 0xE9, 0xE0, 0x10, 0x8F,
    0x0E, 0xD1, 0xE4, 0x10, 0x4E, 0xD2, 0x14, 0xCC, 0x4F, 0x70, 0xE3, 0xE8, 0x7A, 0x38, 0x2F, 0x17,
    0x7C, 0x13, 0xDF, 0x2E, 0xF1, 0xC8, 0xFB, 0xE4, 0xE8, 0x2F, 0xD4, 0xFA, 0xAE, 0xAC, 0xC3, 0x84,
    0xC3, 0x01, 0x80, 0xB6, 0xA8, 0xD4, 0x81, 0x1F, 0x93, 0x9B, 0xBA, 0x03, 0x68, 0xB5, 0xE9, 0x5D,
    0xAE, 0x13, 0xF5, 0x1E, 0x57, 0x8B, 0xDE, 0xC9, 0x62, 0x70, 0xF5, 0x57, 0x59, 0x36, 0xE7, 0xBC,
    0x39, 0xEF, 0x6D, 0xF3, 0x0E, 0xEF, 0x6C, 0x63, 0xCC, 0xFB, 0xBA, 0x74, 0x78, 0x88, 0x91, 0x16,
    0x3D, 0x59, 0xDD, 0xFD, 0x42, 0x52, 0xB3, 0x13, 0xF0, 0x8C, 0x24, 0xBB, 0x13, 0x70, 0x4C, 0x9B,
    0x66, 0x2B, 0x80, 0xC4, 0xD5, 0x5E, 0xE7, 0x0E, 0x0F, 0x0F, 0xD8, 0x96, 0x5B, 0x03, 0xE1, 0xEA,
    0xBF, 0xCD, 0xFA, 0xAC, 0x37, 0x75, 0x3C, 0x96, 0x36, 0x1A, 0x4B, 0x69, 0xAC, 0xA4, 0xA9, 0xFA,
    0xDD, 0xE1, 0xF2, 0x99, 0x35, 0x75, 0x78, 0x37, 0xEF, 0xD2, 0xFE, 0xC9, 0xE7, 0x74, 0x82, 0xA0,
    0x20, 0xE1, 0xC7, 0xA4, 0xF6, 0x0D, 0x92, 0xC7, 0x23, 0x91, 0x7A, 0xA8, 0x9A, 0x33, 0xF3, 0xE0,
    0xBF, 0x2B, 0xC3, 0x36, 0xB1, 0xE1, 0xD1, 0xAD, 0x02, 0x09, 0xCA, 0x11, 0xCE, 0x1D, 0x9C, 0x8A,
    0x0F, 0x32, 0xC0, 0x58, 0x27, 0xBF, 0x28, 0x9C, 0x99, 0x87, 0x63, 0xEF, 0x8B, 0x27, 0x9C, 0xFF,
    0x99, 0xCC, 0x95, 0xAA, 0x20, 0x18, 0x20, 0xEA, 0x9C, 0xFA, 0xEF, 0x11, 0xAA, 0x85, 0xCA, 0xE9,
    0x14, 0xE6, 0x9C, 0xB5, 0x6B, 0xAC, 0xDF, 0x05, 0xCA, 0x97, 0xC0, 0x8C, 0x90, 0x3A, 0x01, 0x7B,
    0x7C, 0x87, 0xC4, 0xDE, 0x5E, 0x3E, 0x53, 0xA1, 0x3A, 0xC8, 0x8B, 0x33, 0x5B, 0x8F, 0xA7, 0xEE,
    0xE1, 0xD5, 0xF6, 0x1E, 0x5E, 0x9C, 0xCA, 0x9A, 0x3C, 0x57, 0xF6, 0xB9, 0x7C, 0x63, 0x91, 0x6B,
    0xDE, 0x4C, 0x8C, 0xC8, 0xB1, 0x23, 0x9D, 0xC9, 0x47, 0xB2, 0x9E, 0x78, 0x5A, 0xB2, 0xAA, 0x0F,
    0x30, 0x35, 0x80, 0x1F, 0x0F, 0xAA, 0x22, 0xD8, 0xDF, 0x77, 0x8C, 0xA4, 0x1D, 0xC3, 0x43, 0x2D,
    0x57, 0xB5, 0xC9, 0xBF, 0x4C, 0x4B, 0x24, 0xDF, 0x43, 0x22, 0x52, 0x15, 0xA5, 0x96, 0x9E, 0x05,
    0xD2, 0x28, 0xC8, 0xD4, 0x56, 0xC0, 0x75, 0x58, 0x72, 0xD0, 0xB8, 0xCE, 0x88, 0x1E, 0x3D, 0x5C,
    0x73, 0x50, 0xF5, 0x4F, 0x72, 0xD0, 0xEA, 0xD3, 0x7B, 0x91, 0x34, 0xA6, 0xD2, 0x90, 0xB5, 0x65,
    0x9D, 0xD7, 0x59, 0x9D, 0xDB, 0x74, 0xA9, 0xD3, 0x47, 0x95, 0x8F, 0x0D, 0xB1, 0x46, 0xB2, 0xDF,
    0x1D, 0x60, 0x2C, 0x94, 0xBA, 0x4B, 0x26, 0x15, 0xF9, 0x27, 0x6A, 0xCA, 0x22, 0xEB, 0x2A, 0x12,
    0xA7, 0xB4, 0x2B, 0xFF, 0xB5, 0x6C, 0xCD, 0x9A, 0xE1, 0xC3, 0x5F, 0xDD, 0xDD, 0x7D, 0x99, 0x95,
    0x9F, 0xE1, 0x0F, 0xF8, 0x36, 0x45, 0x85, 0x00, 0xC8, 0x6A, 0xC8, 0xEB, 0xB5, 0x0E, 0x38, 0xCB,
    0x88, 0x7C, 0x3B, 0x3C, 0x73, 0x73, 0x61, 0xF5, 0x19, 0x66, 0x0B, 0xD3, 0x85, 0xAF, 0x2F, 0xBC,
    0xCD, 0xAE, 0x84, 0x35, 0xA4, 0x4E, 0xAF, 0x00, 0x99, 0x75, 0xAA, 0x57, 0xED, 0x9D, 0xED, 0xA7,
    0x27, 0xB8, 0x0E, 0xFB, 0x44, 0x23, 0xC1, 0xBC, 0xE1, 0x6B, 0xF3, 0xE1, 0xA1, 0x0E, 0x8C, 0x5C,
    0x69, 0x57, 0xAE, 0x67, 0x3E, 0xDB, 0xC6, 0xBB, 0x7E, 0x9A, 0xFE, 0xFC, 0xD7, 0xE0, 0x00, 0x2B,
    0x4A, 0x0D, 0x1E, 0x23, 0x6E, 0xFC, 0xBB, 0x6C, 0x2F, 0xDC, 0xFA, 0x6F, 0xA2, 0xA3, 0xCD, 0x18,
    0x0E, 0x7F, 0x2F, 0x1B, 0xCD, 0x94, 0x75, 0x34, 0x62, 0x36, 0x18, 0x9E, 0x0F, 0xE1, 0xC1, 0xAB,
    0xE9, 0x74, 0x3B, 0xD7, 0xF0, 0x93, 0xB4, 0x05, 0xD8, 0x07, 0x7D, 0xFD, 0x23, 0x28, 0x2E, 0xA4,
    0xC3, 0x6D, 0xE3, 0x7A, 0xCB, 0xBB, 0x0B, 0x41, 0x01, 0x70, 0xF8, 0x15, 0xDE, 0x7E, 0xF3, 0xF0,
    0x83, 0x4A, 0x93, 0x3B, 0x80, 0x93, 0x4F, 0x06, 0x58, 0x7B, 0x73, 0xDD, 0x02, 0x5F, 0x75, 0x32,
    0x1F, 0x06, 0xED, 0x83, 0xA8, 0x2D, 0xD5, 0xE4, 0xB2, 0xC9, 0x0C, 0x10, 0x5C, 0x27, 0x1A, 0xBF,
    0xFE, 0x71, 0x2D, 0x28, 0x7E, 0x19, 0x35, 0x0F, 0x7F, 0xD1, 0x18, 0xD5, 0x99, 0x08, 0xEE, 0x02,
    0x84, 0xF7, 0x9E, 0xBF, 0x07, 0x37, 0x81, 0x68, 0x7C, 0xBE, 0x57, 0xD6, 0x9A, 0xE2, 0x5D, 0xCA,
    0x97, 0xCC, 0x98, 0x8E, 0x40, 0x11, 0xF6, 0xD1, 0x18, 0xF6, 0x14, 0x7E, 0xC0, 0x2F, 0x79, 0x1F,
    0xEF, 0x2C, 0xEF, 0xCB, 0x46, 0xB8, 0xAD, 0xF9, 0x55, 0xF6, 0xF5, 0x39, 0xE5, 0x8A, 0x35, 0xF5,
    0xF1, 0xAF, 0x7D, 0x1F, 0x2B, 0x41, 0x3C, 0x9C, 0x1C, 0x69, 0xEB, 0xD1, 0x25, 0x0E, 0x53, 0xD6,
    0x2B, 0x96, 0x3A, 0x85, 0x52, 0x2D, 0xCA, 0x19, 0x08, 0xAE, 0x01, 0x90, 0xDB, 0x8A, 0xB2, 0x51,
    0xE1, 0x65, 0xEA, 0x8A, 0x6D, 0xB9, 0x62, 0x0F, 0x31, 0xB5, 0xBE, 0x96, 0xE0, 0x33, 0xCA, 0x05,
    0x66, 0x72, 0xEA, 0xE1, 0x62, 0xC1, 0x3E, 0xC1, 0x3E, 0x22, 0x99, 0x10, 0x59, 0x8F, 0x28, 0x1B,
    0x14, 0xC8, 0xA2, 0x68, 0x06, 0xA5, 0x03, 0xC8, 0xB4, 0x20, 0xD5, 0x5B, 0xEC, 0xF2, 0x7C, 0xFD,
    0x66, 0x64, 0xD3, 0x2E, 0x50, 0x81, 0x50, 0x8D, 0x30, 0x2D, 0x22, 0xEF, 0x10, 0xE9, 0x88, 0x88,
    0x27, 0x44, 0x28, 0xD6, 0x72, 0xC9, 0x02, 0x59, 0xED, 0xD1, 0x00, 0xB1, 0x47, 0x54, 0x03, 0x89,
    0x47, 0xCA, 0xA6, 0x98, 0xFA, 0x38, 0x5D, 0xBA, 0x63, 0x6A, 0xD3, 0x9A, 0x5A, 0xD6, 0x7C, 0x3C,
    0x63, 0xDC, 0x0C, 0xCC, 0x7F, 0x74, 0x18, 0xD5, 0xAB, 0x3E, 0xE9, 0xDC, 0xB9, 0x81, 0xE5, 0x5A,
    0xED, 0x23, 0x58, 0x36, 0xA6, 0xCE, 0xFD, 0x0E, 0xC9, 0xB8, 0x1B, 0x3F, 0xAB, 0x9D, 0x9A, 0x75,
    0xF0, 0xA8, 0x5E, 0x87, 0xCE, 0x58, 0xCB, 0x77, 0x80, 0x77, 0x20, 0x9E, 0x21, 0x1F, 0xC0, 0x58,
    0xF8, 0x13, 0xD6, 0xB2, 0x77, 0x0D, 0xD2, 0xEE, 0x14, 0x24, 0x8D, 0x5B, 0x01, 0x2F, 0x07, 0x63,
    0x32, 0x96, 0xED, 0xBB, 0xBC, 0x85, 0xBF, 0xFE, 0xBC, 0xAF, 0x7D, 0x40, 0xA7, 0x21, 0xA9, 0xDE,
    0x6A, 0x17, 0xA1, 0xBC, 0x5E, 0x15, 0x3B, 0x45, 0x4E, 0xA9, 0x85, 0x57, 0xB6, 0x2B, 0xF3, 0xBC,
    0x2F, 0xB8, 0x52, 0x18, 0x6B, 0xEC, 0x65, 0x1B, 0xDB, 0x8C, 0x37, 0x58, 0xCB, 0x7E, 0xD4, 0xA3,
    0x68, 0x40, 0xA1, 0x13, 0x7F, 0x83, 0x02, 0xFF, 0xFF, 0xE6, 0xA4, 0xF3, 0x36, 0xBF, 0x6D, 0x96,
    0xA3, 0x35, 0xBF, 0x6A, 0xCC, 0xAF, 0x6B, 0xF3, 0xDB, 0xC2, 0xD4, 0x3C, 0xFF, 0xF1, 0xE5, 0xD1,
    0xBC, 0x8B, 0xA2, 0x09, 0xC5, 0xF3, 0x5A, 0x73, 0xF7, 0x4B, 0x67, 0xF5, 0x45, 0x23, 0x7E, 0x74,
    0xD7, 0x7C, 0x3C, 0x9A, 0x5F, 0x4F, 0x9E, 0xEE, 0xDF, 0x9F, 0xD7, 0x26, 0xB8, 0x0E, 0xF1, 0x70,
    0x8C, 0x8E, 0x0E, 0x88, 0xD5, 0x72, 0xD9, 0xA9, 0x94, 0xA5, 0x1C, 0xA0, 0x3C, 0xAE, 0xAD, 0x34,
    0x6F, 0x95, 0xF4, 0x7C, 0xCE, 0xA1, 0x22, 0x55, 0x51, 0xB9, 0x63, 0xA0, 0xEA, 0x79, 0xB3, 0x27,
    0x39, 0xE6, 0x80, 0x73, 0x00, 0x39, 0x10, 0x0A, 0xC8, 0x26, 0x20, 0x6F, 0x80, 0x1F, 0xB3, 0x29,
    0xFB, 0x70, 0xB1, 0x90, 0x75, 0x67, 0x55, 0x7B, 0x74, 0x1E, 0x83, 0xC7, 0xE8, 0x21, 0x8F, 0xCA,
    0x3A, 0x98, 0xDA, 0x21, 0xEB, 0x1C, 0x92, 0xC1, 0x21, 0x1A, 0x1D, 0x02, 0x39, 0x50, 0xDD, 0x77,
    0x30, 0x72, 0xC8, 0x3C, 0x12, 0x8F, 0xC8, 0x23, 0xF0, 0xA0, 0xF2, 0x30, 0x0D, 0x00, 0x9C, 0x07,
    0x4A, 0x88, 0x05, 0xF9, 0xE0, 0x64, 0xE1, 0xFB, 0x00, 0x70, 0xE5, 0x4F, 0x55, 0x98, 0xF7, 0x97,
    0xFC, 0xA6, 0x37, 0xD3, 0x8D, 0xD1, 0xB4, 0xF1, 0x68, 0xEA, 0xC8, 0x29, 0xFC, 0x52, 0x7D, 0xC3,
    0x26, 0xC2, 0x3B, 0x40, 0xD4, 0x6F, 0x11, 0x7C, 0x08, 0xE0, 0x11, 0x76, 0x40, 0xB4, 0xB6, 0x3A,
    0xB9, 0xAB, 0x35, 0x60, 0x07, 0x4F, 0x6E, 0x44, 0x7B, 0x4E, 0x81, 0x53, 0xDC, 0x40, 0x62, 0x01,
    0xA0, 0xC0, 0xC2, 0x2F, 0xE3, 0x1A, 0xAA, 0xCA, 0x21, 0x9F, 0x81, 0xB0, 0x7F, 0x01, 0x8B, 0x5B,
    0xF0, 0x61, 0x58, 0xF3, 0x30, 0xAF, 0x29, 0x65, 0x89, 0x07, 0xA0, 0xF8, 0x7F, 0xB5, 0xB0, 0xF9,
    0x0E, 0xA6, 0x86, 0x44, 0x0B, 0xAC, 0xC3, 0xE6, 0xCB, 0xFE, 0xE4, 0xCB, 0xB9, 0x55, 0xE4, 0x54,
    0x79, 0xF5, 0x4E, 0x2D, 0xEC, 0xC3, 0x95, 0xC3, 0xC3, 0x63, 0x7F, 0xBE, 0x7A, 0xE6, 0xE1, 0xA9,
    0xDE, 0x3E, 0x3C, 0x4D, 0xE4, 0x23, 0x59, 0xB7, 0x7D, 0x78, 0xD2, 0x32, 0x73, 0xB1, 0x6E, 0xC3,
    0x56, 0xC5, 0x96, 0xA5, 0xF5, 0xAC, 0x56, 0x16, 0xFE, 0xAA, 0x8A, 0xB5, 0x65, 0xDE, 0x12, 0xCD,
    0x64, 0x03, 0xC9, 0x48, 0xA2, 0x3F, 0xAF, 0x7A, 0x42, 0x49, 0x2D, 0x54, 0x52, 0x01, 0x89, 0x06,
    0x80, 0x8B, 0xC0, 0x73, 0x6D, 0xB1, 0x1D, 0x95, 0xBD, 0x69, 0x92, 0xD1, 0x3F, 0x0D, 0x94, 0x36,
    0x9A, 0xAA, 0x22, 0x9C, 0x2A, 0x1B, 0x4E, 0xE5, 0x12, 0xA1, 0xD8, 0x6F, 0x05, 0x3F, 0xBB, 0x8D,
    0x90, 0x6E, 0xB6, 0x11, 0x6E, 0x7B, 0x3E, 0x1E, 0x8F, 0xDF, 0x46, 0x78, 0xB1, 0xFE, 0x8F, 0xDF,
    0x9E, 0x3B, 0x79, 0x0C, 0xB6, 0x65, 0xCA, 0x2C, 0x30, 0x1A, 0x20, 0xEC, 0xDE, 0x01, 0xA2, 0x76,
    0x89, 0xC7, 0x47, 0xFD, 0xB7, 0xED, 0x93, 0x40, 0xF6, 0xB7, 0x1D, 0x26, 0x6E, 0xB8, 0x9A, 0xD6,
    0x3C, 0xC8, 0x0A, 0x86, 0xAB, 0xA7, 0x11, 0x09, 0xEF, 0xAF, 0xB8, 0xE8, 0xF7, 0xFF, 0x73, 0x0D,
    0xA5, 0xD4, 0x20, 0xC9, 0xD7, 0x91, 0x96, 0xD2, 0xA4, 0x33, 0xB9, 0x2C, 0x64, 0x3D, 0xB1, 0xAF,
    0x4D, 0x43, 0xB0, 0xD4, 0x35, 0xF8, 0x7A, 0xF1, 0xEB, 0xE5, 0xBD, 0x4A, 0xF6, 0x99, 0x7A, 0xD3,
    0xA6, 0xAC, 0xA1, 0xFA, 0xCC, 0xFB, 0xF2, 0x8E, 0xC8, 0xD7, 0xE9, 0xB0, 0xF9, 0x9B, 0xD7, 0xDF,
    0x55, 0xBE, 0x0E, 0x37, 0xE3, 0x52, 0x69, 0x5E, 0xE6, 0x93, 0xA8, 0x5F, 0xEA, 0x5D, 0x24, 0xB6,
    0xB6, 0x83, 0xAA, 0xF5, 0xAD, 0xDF, 0xD4, 0x4C, 0x22, 0x5F, 0xAC, 0xF3, 0xAF, 0xA6, 0xAA, 0x5D,
    0x08, 0x44, 0xD6, 0x3A, 0xD7, 0x33, 0x69, 0x57, 0xDA, 0x65, 0xC1, 0x5C, 0x2C, 0x96, 0xCA, 0x86,
    0xEE, 0x39, 0xFE, 0x8E, 0xBB, 0x36, 0x01, 0x2E, 0x28, 0xBE, 0xA5, 0x8B, 0x8B, 0x6C, 0xD9, 0xA4,
    0xF2, 0xC5, 0x37, 0x7F, 0x4F, 0x82, 0x6A, 0x0A, 0xD5, 0x2F, 0x31, 0xDA, 0x03, 0xF8, 0x21, 0x84,
    0xDD, 0x12, 0x07, 0xD4, 0x10, 0x4C, 0x10, 0x34, 0xDB, 0x7D, 0xDD, 0x6B, 0x48, 0xF3, 0x36, 0xB3,
    0xE9, 0x44, 0xD6, 0x8B, 0x78, 0x14, 0xD1, 0x46, 0xF1, 0xB0, 0x9C, 0x93, 0x5A, 0x27, 0x2B, 0x4D,
    0x28, 0x72, 0x0A, 0x84, 0x50, 0x21, 0xCA, 0x5A, 0x98, 0x46, 0xE4, 0x9D, 0x48, 0x7B, 0x91, 0x8C,
    0x00, 0x41, 0x4D, 0xD2, 0x50, 0x35, 0x91, 0x8A, 0xA8, 0x27, 0x2A, 0x00, 0xAE, 0xFC, 0xB4, 0x37,
    0xEF, 0xF5, 0x46, 0xCB, 0x71, 0x84, 0x69, 0xBF, 0x20, 0x65, 0x3B, 0xB3, 0x89, 0x71, 0xA5, 0x00,
    0xB3, 0x59, 0xCC, 0xCB, 0x4E, 0xB1, 0x85, 0xAC, 0x60, 0x93, 0xC1, 0x7E, 0xE5, 0x79, 0xAE, 0x3D,
    0x1A, 0xEB, 0x8F, 0xCB, 0x96, 0xC4, 0x92, 0x6D, 0xFB, 0xDA, 0xE3, 0x25, 0xE2, 0xFA, 0x36, 0xF1,
    0xA7, 0x23, 0x81, 0x7A, 0xC8, 0x8B, 0xB3, 0x8C, 0xF9, 0x77, 0x79, 0x3B, 0xFD, 0xF7, 0x3E, 0x51,
    0x4B, 0x55, 0x70, 0xE1, 0x6B, 0x18, 0xF9, 0x3E, 0xF0, 0x80, 0xA5, 0xB3, 0xB2, 0xC7, 0xF7, 0xC2,
    0xDB, 0xAC, 0xE5, 0xB5, 0xBB, 0x84, 0xDB, 0x5F, 0xA4, 0x3F, 0xAD, 0x3A, 0xD3, 0xA4, 0xBD, 0xA9,
    0x93, 0xC1, 0xD4, 0xF8, 0x5E, 0xC9, 0x67, 0x48, 0xD5, 0xFB, 0x36, 0x96, 0x5C, 0x1D, 0x41, 0x35,
    0x40, 0x3A, 0x42, 0x34, 0x56, 0x36, 0x5A, 0xFF, 0x88, 0xBB, 0x74, 0xCC, 0xA5, 0x3E, 0x91, 0x9A,
    0x60, 0xF7, 0x03, 0x2D, 0xC0, 0x3F, 0x42, 0xDC, 0x81, 0xE9, 0x08, 0x64, 0x09, 0x07, 0x08, 0x2C,
    0x00, 0x84, 0x6A, 0x49, 0x35, 0x62, 0xE4, 0x3D, 0x57, 0x45, 0x59, 0x5C, 0xA4, 0x6C, 0xC0, 0xE8,
    0x80, 0x44, 0x33, 0xDC, 0x92, 0x85, 0xAA, 0x3E, 0xC4, 0xD4, 0x95, 0x7F, 0xD2, 0xFF, 0x54, 0x36,
    0x93, 0x08, 0x35, 0xC0, 0xDE, 0x19, 0xCD, 0x3B, 0x6E, 0x21, 0xEA, 0x9D, 0x54, 0x10, 0xDC, 0x5A,
    0x37, 0xFD, 0x2E, 0xDD, 0xAF, 0xC9, 0x55, 0x70, 0xE9, 0xDE, 0xC9, 0xE7, 0x9D, 0x15, 0x4E, 0x07,
    0x4E, 0x23, 0xEC, 0x55, 0x80, 0x81, 0x9B, 0x02, 0x8D, 0x70, 0x78, 0x87, 0xA0, 0x08, 0x09, 0xDB,
    0x8C, 0x70, 0x16, 0x54, 0x23, 0x24, 0xCD, 0x99, 0xAF, 0x51, 0x52, 0xFC, 0x88, 0xE4, 0xF7, 0x23,
    0x91, 0x06, 0x28, 0x2D, 0xBC, 0x74, 0x3A, 0xEB, 0x73, 0xD1, 0xFF, 0x8C, 0x61, 0x24, 0xD9, 0x1D,
    0x0A, 0xA2, 0x01, 0x4E, 0x1D, 0x41, 0xE7, 0x71, 0xB4, 0xCB, 0x14, 0x7E, 0xD1, 0x02, 0x51, 0x07,
    0xE7, 0xEE, 0xB7, 0x90, 0xAA, 0x86, 0xF3, 0x1F, 0x00, 0xF7, 0x20, 0x98, 0x56, 0x85, 0x4E, 0xAF,
    0xE9, 0x1E, 0x46, 0xE3, 0xA2, 0xD7, 0xE6, 0x7B, 0xFE, 0xDC, 0xB1, 0x0A, 0x74, 0x1D, 0xB4, 0x49,
    0xD6, 0x2E, 0x3B, 0x45, 0xAD, 0xD3, 0x91, 0x93, 0x2C, 0xC1, 0x8D, 0x06, 0x92, 0x86, 0xF3, 0xF7,
    0x1B, 0x32, 0xD9, 0x65, 0xB0, 0x6B, 0x4F, 0x27, 0xE3, 0xD9, 0x53, 0xC9, 0xF8, 0x37, 0x17, 0x1A,
    0x00, 0x4C, 0xB1, 0x91, 0xE5, 0x5E, 0x52, 0x04, 0x53, 0x46, 0x30, 0xBD, 0x71, 0xF2, 0x10, 0x9C,
    0x2F, 0xEE, 0x80, 0x79, 0xD4, 0x41, 0xA5, 0x16, 0x3A, 0x63, 0x37, 0xEE, 0x0A, 0x77, 0x2C, 0xF7,
    0x9D, 0xD3, 0x41, 0xDE, 0x21, 0x9B, 0x4E, 0x7F, 0x29, 0x12, 0x69, 0x22, 0x94, 0x7A, 0xC8, 0x65,
    0x81, 0x6B, 0x80, 0xDF, 0xE2, 0xD5, 0xCF, 0xEA, 0x48, 0xB2, 0xD1, 0xAF, 0x44, 0x50, 0x7C, 0x6F,
    0xF3, 0x55, 0x10, 0xDE, 0x2B, 0x6D, 0x34, 0x7E, 0x91, 0xCC, 0x26, 0xFF, 0x30, 0x5D, 0x36, 0xE6,
    0xCB, 0xB6, 0xCE, 0xA7, 0x63, 0xA8, 0xFF, 0x1C, 0xB9, 0x08, 0xC1, 0xE1, 0xE1, 0xF2, 0x37, 0x37,
    0xAC, 0x00, 0x78, 0x01, 0xF6, 0x8E, 0x49, 0xB6, 0x4F, 0x6E, 0xCF, 0xEF, 0x2C, 0xC3, 0x83, 0xC8,
    0xA1, 0x54, 0xB3, 0x19, 0x30, 0x99, 0x5F, 0x88, 0xC7, 0x35, 0xA1, 0x4E, 0x8B, 0x67, 0x13, 0xEA,
    0x93, 0xFB, 0x5C, 0x83, 0x18, 0x4F, 0x40, 0x7A, 0x03, 0x78, 0x25, 0x29, 0x36, 0x48, 0xEF, 0x03,
    0xD1, 0xF8, 0xC2, 0x56, 0x95, 0xAC, 0x83, 0xAB, 0x0F, 0xE0, 0xED, 0x1F, 0xAD, 0x7A, 0xE3, 0x01,
    0x64, 0x4B, 0x62, 0x77, 0x4A, 0xCE, 0x01, 0xE2, 0x6E, 0x84, 0xE4, 0x9F, 0x07, 0x48, 0x3F, 0xEE,
    0x20, 0xFB, 0x59, 0x03, 0x57, 0x93, 0xFA, 0xC5, 0x99, 0xF6, 0x4F, 0x0B, 0xC9, 0x53, 0x4F, 0x0B,
    0x27, 0x37, 0xFB, 0x4D, 0x3A, 0x49, 0x7B, 0x20, 0xB7, 0x80, 0xC1, 0xE3, 0xCF, 0x80, 0x7C, 0x02,
    0x12, 0x8F, 0x93, 0x79, 0xF9, 0x2F, 0xE7, 0xC5, 0xF7, 0x6F, 0x0A, 0xB8, 0x0A, 0x94, 0xAE, 0x73,
    0x33, 0xB2, 0xCD, 0x6E, 0xE1, 0x3C, 0x6B, 0xA9, 0x1A, 0x00, 0x62, 0x8D, 0x6B, 0xDD, 0xAE, 0xF5,
    0x39, 0x5E, 0x7E, 0xFA, 0x46, 0xB5, 0x0D, 0x4B, 0xD5, 0x50, 0xDA, 0xBC, 0x61, 0xC9, 0x1F, 0xB3,
    0x16, 0x75, 0x88, 0xB4, 0x0B, 0x36, 0x75, 0xA8, 0x3E, 0x98, 0x49, 0xFA, 0x48, 0x43, 0x38, 0x11,
    0x0F, 0xD1, 0x1F, 0xC6, 0x68, 0x24, 0x1A, 0xE2, 0xFF, 0x59, 0xEA, 0x31, 0xF9, 0xFD, 0x14, 0x0F,
    0x84, 0x63, 0xDA, 0xCE, 0x71, 0x4F, 0x30, 0xA5, 0x4D, 0x95, 0x74, 0x30, 0x67, 0x75, 0x99, 0xB6,
    0xA0, 0xBC, 0x36, 0x3F, 0x6F, 0xA0, 0x32, 0xD6, 0xBC, 0x5F, 0x43, 0x59, 0x15, 0xF9, 0x27, 0x35,
    0x18, 0x91, 0xC9, 0x82, 0x99, 0x49, 0x55, 0x2C, 0x61, 0x4A, 0x05, 0x64, 0x23, 0x89, 0x80, 0x74,
    0x24, 0x9E, 0xD9, 0x95, 0xB8, 0x01, 0x28, 0x27, 0x20, 0x90, 0x3C, 0xFB, 0xAC, 0x60, 0xC9, 0x89,
    0x36, 0xE5, 0x66, 0x71, 0xFE, 0x4E, 0x70, 0xCF, 0xD8, 0xBC, 0xF7, 0xD1, 0x33, 0x43, 0x34, 0xBA,
    0x91, 0xC7, 0xA8, 0xCF, 0x9A, 0x72, 0x8A, 0xBB, 0xB4, 0x7D, 0xF8, 0x30, 0xE9, 0x92, 0x6E, 0x72,
    0x93, 0x8A, 0xBB, 0xD1, 0xA4, 0x4D, 0xF4, 0x68, 0x30, 0x37, 0xEA, 0xE8, 0x71, 0x9F, 0xDF, 0xB7,
    0xA1, 0xBA, 0x4C, 0x05, 0xEA, 0x52, 0x81, 0xDA, 0x44, 0x50, 0x35, 0x7E, 0xF8, 0xCD, 0x23, 0xD7,
    0x5B, 0xB0, 0xCE, 0xC6, 0xA8, 0x71, 0x78, 0xB3, 0x85, 0x3F, 0xE6, 0xCE, 0x2E, 0x92, 0x7B, 0xD7,
    0x4C, 0x83, 0x69, 0xF3, 0x0E, 0x53, 0xA7, 0x3D, 0x95, 0x4D, 0x06, 0x44, 0x34, 0x86, 0x33, 0xE1,
    0x1C, 0x8D, 0x20, 0x77, 0x82, 0xF2, 0xBD, 0x0E, 0xCC, 0x27, 0x0D, 0x64, 0xAA, 0x59, 0x5D, 0xC7,
    0x02, 0x96, 0x21, 0xC2, 0xF1, 0x4B, 0x01, 0x8B, 0x6F, 0x36, 0x19, 0x43, 0xA9, 0x1A, 0xDE, 0x89,
    0xEB, 0x4D, 0x3E, 0x01, 0x70, 0xC5, 0xBA, 0xC3, 0x34, 0x54, 0x36, 0x5B, 0x16, 0x6F, 0x59, 0xB9,
    0x61, 0x59, 0x26, 0x87, 0x70, 0x4E, 0x7A, 0x50, 0xDA, 0x41, 0xF5, 0x7E, 0xBB, 0xE9, 0xC0, 0xC8,
    0x42, 0x26, 0x20, 0xDD, 0xCD, 0x25, 0x1A, 0x01, 0x3F, 0x65, 0x7C, 0x5B, 0xB2, 0x16, 0x30, 0x35,
    0x50, 0x7A, 0xA8, 0x00, 0xF6, 0xD9, 0x96, 0x3C, 0x6E, 0xC0, 0xFC, 0xBC, 0xF3, 0x68, 0xE1, 0x07,
    0xA1, 0xFD, 0xC6, 0xE3, 0x72, 0x01, 0x82, 0x01, 0x92, 0x11, 0xAA, 0x16, 0x66, 0xA0, 0xDD, 0x25,
    0x53, 0xD7, 0x2A, 0xA9, 0xF7, 0x2A, 0x9D, 0x20, 0xEF, 0x56, 0x1B, 0x2A, 0x08, 0x05, 0xF1, 0x08,
    0xE9, 0x17, 0x9C, 0x6E, 0xA1, 0xFC, 0xB7, 0x5D, 0x1F, 0x8B, 0x00, 0xE0, 0xAF, 0x21, 0xF4, 0x0D,
    0x9C, 0xD4, 0xC0, 0x04, 0x34, 0x00, 0xCB, 0x1E, 0x9D, 0x35, 0x52, 0xED, 0x75, 0xE5, 0x50, 0x35,
    0xC1, 0xA6, 0xC3, 0xCC, 0xFB, 0x6C, 0x40, 0xC5, 0x62, 0x2D, 0x1D, 0x20, 0x7F, 0xB4, 0xE4, 0x7A,
    0xF5, 0x56, 0x24, 0x16, 0xB2, 0x7A, 0xD5, 0xB9, 0xE2, 0xEC, 0x3C, 0x04, 0x40, 0x66, 0x21, 0xAF,
    0xD7, 0x3A, 0x38, 0xF9, 0xDC, 0x43, 0x02, 0xA2, 0xE6, 0x75, 0xA2, 0x79, 0x86, 0x6A, 0x80, 0xD4,
    0x9E, 0xE9, 0x1A, 0x44, 0xF6, 0x8F, 0x88, 0x1E, 0x4D, 0x84, 0xF2, 0x93, 0x69, 0x60, 0xEF, 0xE4,
    0x1E, 0xFE, 0x0F, 0xAD, 0x92, 0x01, 0x86, 0xDD, 0x5C, 0x18, 0x86, 0x9F, 0x24, 0x66, 0x2E, 0x7F,
    0x70, 0xE0, 0x1F, 0xCA, 0x20, 0x00, 0x74, 0x54, 0x56, 0x50, 0x27, 0x4B, 0x28, 0x3A, 0xEB, 0xB8,
    0x4B, 0xC8, 0xE9, 0x0A, 0x3A, 0x4B, 0xB8, 0x28, 0xAE, 0x0B, 0x03, 0x45, 0x81, 0x9C, 0x1D, 0x34,
    0x4B, 0xC8, 0x0E, 0x7A, 0x70, 0x11, 0xD3, 0x73, 0xF3, 0x36, 0xF9, 0x98, 0x6B, 0x28, 0x40, 0x1F,
    0x5F, 0xDE, 0xC7, 0x89, 0xD7, 0x17, 0x91, 0x00, 0xDC, 0x62, 0xB4, 0x96, 0xA5, 0x4C, 0xCD, 0xC5,
    0xD4, 0x8E, 0xA6, 0x0F, 0xBC, 0xE5, 0xF1, 0xF1, 0xF1, 0x13, 0x54, 0x92, 0x12, 0xEC, 0x4C, 0x38,
    0x2D, 0xA7, 0x03, 0xB4, 0xBF, 0x12, 0x80, 0xFF, 0x69, 0x1A, 0xBE, 0x9A, 0xE4, 0x36, 0x95, 0x8B,
    0xA9, 0xCA, 0x4E, 0x8A, 0xD4, 0xB3, 0xA9, 0x49, 0x26, 0x3F, 0xBA, 0x33, 0xD0, 0x47, 0xAB, 0xD8,
    0x46, 0x0A, 0xD3, 0xF5, 0x31, 0x99, 0xAD, 0xB2, 0x5E, 0x4E, 0x4A, 0xED, 0x64, 0xF2, 0xD1, 0xC4,
    0x95, 0x1D, 0x46, 0x6F, 0x59, 0xC9, 0xD4, 0xCC, 0xA6, 0x36, 0x98, 0xDE, 0xF1, 0x86, 0xFD, 0x5C,
    0x2A, 0x50, 0x49, 0x7B, 0xCD, 0x38, 0xAD, 0x2C, 0x34, 0xE7, 0x56, 0x5F, 0xD4, 0xF9, 0xE8, 0x2E,
    0xF4, 0x11, 0xEA, 0x8C, 0x8F, 0x9C, 0x9E, 0x25, 0x45, 0xAB, 0x28, 0xFA, 0xE5, 0x79, 0x39, 0x9D,
    0x42, 0x1F, 0xDD, 0x0C, 0xF4, 0xA1, 0xC9, 0xF8, 0xF5, 0xE4, 0x85, 0x3A, 0xFF, 0x5B, 0x2B, 0xB4,
    0xCA, 0x5E, 0x99, 0x9D, 0xA6, 0x5A, 0x13, 0xFC, 0x6F, 0xC3, 0xC3, 0x37, 0x4A, 0xA9, 0x73, 0xD2,
    0xD8, 0xBE, 0x0C, 0x69, 0x7B, 0x6B, 0x1F, 0xEB, 0xD9, 0x47, 0xF0, 0x13, 0xB4, 0x0B, 0x38, 0x9D,
    0xB7, 0x4E, 0xA0, 0x55, 0xA2, 0x18, 0x66, 0x70, 0x19, 0xAA, 0x3C, 0x84, 0xEA, 0xD2, 0xC7, 0x2A,
    0xFB, 0xE4, 0x72, 0x2B, 0x9D, 0x6B, 0x69, 0x2C, 0x86, 0x05, 0x8A, 0x0E, 0xFE, 0x7B, 0x02, 0x37,
    0x81, 0x4B, 0x70, 0x93, 0xA0, 0x98, 0x60, 0x37, 0x42, 0xDD, 0xF1, 0x4A, 0xA9, 0x09, 0xA7, 0x8C,
    0x97, 0xE8, 0xE3, 0xD0, 0xF5, 0xDD, 0x1D, 0xFD, 0x08, 0x5E, 0x4F, 0xD4, 0x5A, 0x60, 0xAF, 0x00,
    0x43, 0x3C, 0xE1, 0xE3, 0x10, 0x7C, 0xF4, 0x2F, 0x0A, 0x8D, 0x44, 0xA9, 0x19, 0x6E, 0x80, 0xF7,
    0x80, 0xEF, 0xC0, 0x07, 0xB8, 0x0F, 0xB6, 0x9B, 0x06, 0xF8, 0x88, 0x71, 0xB7, 0xFE, 0x14, 0x9D,
    0x97, 0x14, 0xAE, 0xD1, 0x51, 0xCD, 0xF0, 0xCF, 0xC3, 0x28, 0x0F, 0x40, 0x75, 0x7E, 0xBD, 0x57,
    0xFC, 0x00, 0xF8, 0x0E, 0x94, 0x09, 0xA8, 0x46, 0x0C, 0x38, 0x52, 0x5C, 0xB6, 0x29, 0x2F, 0x3C,
    0xE8, 0xE8, 0xED, 0xAB, 0x3C, 0x2C, 0xC7, 0xF5, 0xF8, 0xF7, 0x14, 0xFA, 0x8C, 0x32, 0x43, 0xE6,
    0x3E, 0x03, 0xDC, 0x1E, 0xA8, 0xD3, 0x36, 0x45, 0x82, 0x44, 0x39, 0xB1, 0x0B, 0xC0, 0x1F, 0x1D,
    0x8D, 0x2B, 0x4C, 0x04, 0x31, 0x10, 0x86, 0xFF, 0x2E, 0xB9, 0x9C, 0x38, 0xB1, 0x15, 0x18, 0x0C,
    0xB5, 0xE7, 0xC6, 0x9E, 0xE2, 0xEA, 0xB0, 0x27, 0xF0, 0xE0, 0x05, 0x5E, 0x70, 0xD9, 0x7A, 0xB5,
    0x5E, 0x21, 0x10, 0xB0, 0xDE, 0x90, 0xD0, 0xDD, 0x26, 0xF8, 0xA4, 0x5E, 0xD5, 0xAB, 0x8A, 0x8A,
    0x92, 0xF4, 0x41, 0x77, 0xBF, 0x8C, 0x98, 0x99, 0xFC, 0x0F, 0xE0, 0x1D, 0x19, 0xD5, 0x52, 0xEC,
    0x22, 0x8E, 0x58, 0x39, 0x76, 0x51, 0xA4, 0x6A, 0x33, 0x46, 0x6C, 0x74, 0x0E, 0xD4, 0x24, 0x8B,
    0x8A, 0xBD, 0x52, 0x4C, 0x32, 0x70, 0x72, 0x61, 0xA8, 0x3E, 0x0E, 0xF6, 0xB2, 0x03, 0x80, 0x5A,
    0x53, 0x9B, 0x69, 0xFA, 0xBC, 0x30, 0x19, 0x6E, 0x4C, 0x7E, 0x36, 0x43, 0x55, 0x54, 0xC0, 0x3E,
    0xC0, 0x75, 0xD1, 0x9C, 0x33, 0x68, 0xA1, 0x0A, 0x19, 0x2D, 0x4C, 0xDB, 0x01, 0x72, 0x73, 0xF0,
    0x27, 0x7F, 0xFA, 0x0E, 0x67, 0xB7, 0x25, 0xF4, 0xBF, 0x81, 0x1E, 0xDD, 0xF9, 0x60, 0xAE, 0xBD,
    0xFA, 0x21, 0x00, 0x90, 0x80, 0xDB, 0x37, 0x8F, 0x5A, 0xAA, 0x3C, 0x84, 0xF5, 0xBE, 0xBB, 0xFA,
    0xBF, 0x9C, 0x9F, 0xBE, 0x4A, 0x79, 0xBD, 0x7F, 0x6B, 0x1F, 0x08, 0x88, 0x51, 0xA4, 0xDD, 0x8C,
    0x87, 0xA9, 0xB4, 0xFA, 0x11, 0x2F, 0x7B, 0x4F, 0x76, 0x46, 0x42, 0xBE, 0x5D, 0x22, 0x05, 0xE0,
    0x1F, 0xC5, 0xD0, 0x21, 0x8C, 0xD4, 0x5C, 0x14, 0x05, 0xE0, 0x6F, 0xDA, 0x7F, 0xFF, 0x12, 0x2A,
    0x9E, 0x59, 0x24, 0xA9, 0xC7, 0x8C, 0x57, 0xAF, 0x5E, 0x8D, 0x19, 0x6F, 0xF0, 0xEB, 0x55, 0x9F,
    0x43, 0xE2, 0x15, 0x66, 0x05, 0x41, 0xE3, 0xDB, 0xE0, 0xC5, 0xE0, 0xCD, 0x68, 0x0C, 0x15, 0x15,
    0x25, 0xE9, 0xCC, 0x65, 0x13, 0x92, 0x09, 0x09, 0x24, 0x38, 0x48, 0xEE, 0x77, 0xE4, 0xCD, 0xC9,
    0xF1, 0xF8, 0x5C, 0x13, 0x0F, 0x52, 0x5C, 0x74, 0xCD, 0x02, 0x8E, 0xC7, 0x63, 0x1F, 0x11, 0xA7,
    0x1B, 0xFC, 0x22, 0xA2, 0xDC, 0xE0, 0xB7, 0x7E, 0xFA, 0xE1, 0x7E, 0xD7, 0x8B, 0x37, 0x53, 0x1D,
    0x51, 0xEA, 0x4F, 0x61, 0xD7, 0xDF, 0x03, 0x0F, 0xAB, 0x2A, 0xA2, 0xB4, 0x11, 0xE7, 0x6E, 0xE9,
    0x96, 0x3C, 0x35, 0xDB, 0x50, 0xEA, 0x6D, 0x88, 0xD8, 0xC6, 0x88, 0xCB, 0xF8, 0xE5, 0xC3, 0xFB,
    0xA1, 0x90, 0xA7, 0xEA, 0x71, 0x3F, 0xA7, 0x25, 0x45, 0xCC, 0x75, 0xC4, 0x64, 0xBC, 0xB0, 0xEB,
    0x79, 0x06, 0xA9, 0x20, 0xAD, 0x68, 0xA2, 0xC7, 0x50, 0xD0, 0xF4, 0xC0, 0x8B, 0xDE, 0xDD, 0x21,
    0x9F, 0xE4, 0xF3, 0x7E, 0x96, 0xA7, 0xB4, 0x18, 0x4B, 0xBB, 0x0A, 0xF5, 0x56, 0x5D, 0x55, 0xD7,
    0x7A, 0x23, 0xDA, 0x95, 0xE1, 0xED, 0x4C, 0xFE, 0x7A, 0xA2, 0x8B, 0x89, 0x14, 0x3D, 0x4D, 0xA0,
    0xBE, 0xA0, 0xDA, 0xFE, 0x18, 0xE0, 0x25, 0x74, 0x05, 0xFB, 0x1F, 0x85, 0x60, 0x80, 0x06, 0xF0,
    0xAA, 0x3C, 0x5D, 0x3E, 0x19, 0x4B, 0x37, 0x0B, 0x69, 0xD9, 0x5D, 0xB5, 0x6B, 0xBD, 0xA9, 0xB7,
    0xA7, 0xA8, 0xAE, 0xED, 0x42, 0xA4, 0x99, 0xF1, 0xDD, 0x99, 0x21, 0x26, 0x72, 0x14, 0xBA, 0x40,
    0xBA, 0x15, 0xAA, 0x37, 0xB4, 0x2B, 0xD2, 0x8C, 0xEE, 0x8C, 0x3C, 0x61, 0x98, 0x10, 0x3D, 0x8E,
    0xF0, 0x7F, 0x79, 0x4D, 0xFE, 0xB6, 0x30, 0xC4, 0xCC, 0xC7, 0xFD, 0xF4, 0xB7, 0x77, 0xB9, 0x73,
    0x20, 0x7F, 0x9E, 0x89, 0x38, 0x33, 0x8F, 0x85, 0xC3, 0x7F, 0xFF, 0x64, 0x8D, 0xEF, 0x95, 0x51,
    0x81, 0x86, 0x1D, 0x31, 0x14, 0x3D, 0x33, 0xF1, 0x0C, 0x0D, 0x02, 0x05, 0x20, 0x00, 0x2C, 0xE4,
    0x0F, 0xF6, 0xA6, 0x2D, 0x0A, 0xB0, 0xB0, 0xDF, 0x93, 0xE1, 0xFD, 0xC8, 0xA2, 0x28, 0x50, 0x00,
    0xA5, 0xDD, 0x89, 0x57, 0x14, 0x20, 0x2D, 0x14, 0x20, 0x5B, 0x05, 0x2D, 0x04, 0x53, 0x62, 0x65,
    0x26, 0x4D, 0x32, 0x1E, 0x83, 0x57, 0x6B, 0x8F, 0x39, 0xD7, 0x99, 0xE4, 0x9C, 0x5C, 0xD7, 0x45,
    0x45, 0x2E, 0xD8, 0x95, 0x1D, 0x72, 0x45, 0xDC, 0x57, 0x6C, 0xB8, 0xE9, 0x66, 0x16, 0x86, 0xC0,
    0xBD, 0xF0, 0xCA, 0x91, 0x05, 0x0E, 0x37, 0x3C, 0x88, 0x20, 0x9C, 0xB4, 0x6A, 0x24, 0x10, 0x2A,
    0xCA, 0xBF, 0x97, 0x4E, 0x59, 0xD2, 0x84, 0xEB, 0x96, 0x3A, 0xA0, 0x9B, 0x15, 0x58, 0x20, 0x0C,
    0xE1, 0x1E, 0xDC, 0xAF, 0x10, 0x0F, 0x0B, 0xD4, 0xF7, 0x04, 0xFA, 0x92, 0x00, 0xD4, 0x77, 0x6E,
    0xC1, 0x43, 0x2E, 0xD9, 0x72, 0xF7, 0x2D, 0x41, 0x9E, 0x12, 0xD4, 0x71, 0x06, 0xB1, 0x50, 0xE8,
    0x71, 0x86, 0xA8, 0x9E, 0x87, 0x15, 0xB2, 0x78, 0xD4, 0x29, 0x82, 0xDE, 0x6C, 0x9E, 0xEB, 0xC1,
    0xA1, 0x41, 0xF8, 0x0B, 0x74, 0x8D, 0x53, 0xCE, 0xA9, 0xF2, 0xFE, 0xC3, 0xEF, 0x4F, 0xF5, 0xFF,
    0xFF, 0xF4, 0xCF, 0xE7, 0x8B, 0xBB, 0xA7, 0x7A, 0x2F, 0x95, 0xFB, 0xDE, 0x4F, 0x73, 0x9F, 0x7B,
    0x4C, 0xE7, 0xB3, 0x4B, 0xBD, 0xFB, 0x5F, 0x90, 0x2B, 0x28, 0x6B, 0x93, 0xC7, 0xF2, 0x15, 0xA1,
    0x32, 0x78, 0x02, 0x34, 0x0E, 0x65, 0x6B, 0x30, 0xC7, 0xA4, 0xDC, 0xF4, 0x75, 0x21, 0xDF, 0x0A,
    0xBD, 0x8E, 0xD2, 0xA2, 0xA2, 0xFB, 0x08, 0xDC, 0x56, 0x21, 0xF2, 0xD8, 0xA7, 0x2A, 0x28, 0x7B,
    0x16, 0xAB, 0x30, 0x65, 0xD1, 0xA1, 0x8A, 0xCF, 0x6C, 0x96, 0xBE, 0x8A, 0xA5, 0x9F, 0xC9, 0x62,
    0x3B, 0x31, 0xBA, 0x79, 0xEA, 0xD2, 0xB6, 0xD4, 0xCF, 0x05, 0xDB, 0x3B, 0xC7, 0x88, 0x8A, 0xEE,
    0x7D, 0x49, 0x9F, 0x97, 0x62, 0x7C, 0x97, 0x47, 0x80, 0x4E, 0x39, 0xF1, 0x1C, 0x00, 0xF3, 0xF6,
    0x71, 0x91, 0x7F, 0x22, 0x90, 0x85, 0x33, 0xF4, 0x2A, 0xA1, 0x5B, 0x84, 0x25, 0x42, 0x02, 0x4B,
    0x9B, 0x00, 0x0F, 0xF5, 0x4A, 0xA7, 0x92, 0xE6, 0x7F, 0x57, 0xF5, 0x23, 0x42, 0x59, 0x96, 0x93,
    0x28, 0x71, 0x33, 0x62, 0x0A, 0x7D, 0xB6, 0x28, 0x38, 0x00, 0x2F, 0xD1, 0xBF, 0xE3, 0x41, 0x3A,
    0xB2, 0x46, 0x4F, 0x20, 0xAD, 0x6C, 0x89, 0x84, 0xFE, 0xEE, 0x4A, 0x93, 0x95, 0x4E, 0x84, 0x61,
    0x66, 0x71, 0x98, 0x85, 0x97, 0x96, 0xC6, 0x2B, 0x00, 0xDB, 0xC0, 0x2B, 0x80, 0x36, 0xF1, 0x10,
    0x01, 0x88, 0x00, 0x40, 0x3A, 0x00, 0x6D, 0xC2, 0x49, 0xEF, 0x1D, 0xEC, 0x82, 0xA3, 0xCD, 0x9F,
    0xB1, 0x77, 0xF0, 0xE6, 0xF0, 0x67, 0xC7, 0x3F, 0x63, 0x10, 0x65, 0x60, 0xA8, 0x77, 0x60, 0xF8,
    0xEF, 0xC0, 0xFC, 0xDF, 0x81, 0xFB, 0xBD, 0x03, 0x7F, 0xBF, 0x83, 0xBD, 0x7C, 0x83, 0xFD, 0xFF,
    0x07, 0x40, 0xC4, 0x20, 0xEF, 0xC0, 0x20, 0xE5, 0x00, 0x00, 0x75, 0x8F, 0x01, 0x86, 0x1C, 0x41,
    0x14, 0x86, 0xFF, 0xEE, 0xB1, 0x86, 0x2C, 0x1A, 0x4C, 0x96, 0x40, 0x1F, 0x20, 0xE8, 0x23, 0x54,
    0x1D, 0x61, 0xA0, 0x6F, 0x10, 0x48, 0x60, 0x8E, 0x50, 0x7D, 0x84, 0x39, 0xC7, 0x5E, 0xA2, 0xEB,
    0x08, 0x05, 0x0B, 0x02, 0x85, 0x40, 0x40, 0x1A, 0x8B, 0xDD, 0xE8, 0xEE, 0x2F, 0xAF, 0xA6, 0x1B,
    0x13, 0xEC, 0xE3, 0x7D, 0x1F, 0xFF, 0xAB, 0xA7, 0xBC, 0xBE, 0x3F, 0xAB, 0x14, 0xAC, 0xBB, 0x89,
    0xBB, 0xA7, 0x62, 0xD4, 0xBE, 0x6E, 0x3E, 0xCE, 0x9B, 0x0F, 0x73, 0x35, 0x66, 0x15, 0x3F, 0xB2,
    0x94, 0xFC, 0xAD, 0x03, 0x5F, 0xDE, 0xB9, 0x14, 0x06, 0x20, 0xBB, 0x78, 0xF2, 0xC0, 0xE0, 0x7E,
    0x49, 0xB0, 0xA8, 0x23, 0x8B, 0xC3, 0xA2, 0x23, 0x88, 0x0A, 0xE9, 0x42, 0x44, 0x78, 0x29, 0x24,
    0x14, 0xE2, 0x0F, 0xDF, 0x99, 0x6D, 0x3B, 0x3A, 0x73, 0x37, 0xB9, 0xBF, 0x65, 0xDE, 0xBC, 0x36,
    0xE0, 0xD1, 0xE3, 0x5C, 0xF3, 0x26, 0x95, 0x7A, 0xF0, 0x86, 0x2F, 0xBF, 0x0D, 0x15, 0x64, 0xA9,
    0x81, 0x45, 0x72, 0x80, 0x34, 0xE6, 0x9A, 0x28, 0x06, 0x85, 0x58, 0x61, 0x61, 0xFE, 0xBA, 0x3E,
    0x0F, 0x0F, 0x3E, 0x40, 0x94, 0x36, 0x1E, 0x66, 0x49, 0xFB, 0x1D, 0xF7, 0x79, 0xBD, 0x4A, 0xA7,
    0xF3, 0x6D, 0x2B, 0x89, 0xA8, 0x31, 0x2A, 0xBC, 0x3F, 0x31, 0xA8, 0x05, 0x6C, 0x01, 0xCA, 0xFF,
    0x23, 0x57, 0x63, 0x75, 0x96, 0x7A, 0xAB, 0x11, 0x28, 0x7D, 0xEA, 0xC3, 0x8B, 0xE4, 0x62, 0xF1,
    0x9E, 0x21, 0x85, 0x41, 0x1A, 0xBD, 0x9E, 0x90, 0x63, 0xB6, 0xCE, 0x72, 0xB7, 0x57, 0xA5, 0x3F,
    0x5D, 0xBB, 0xD8, 0xE4, 0x36, 0x75, 0xA9, 0x59, 0x89, 0x47, 0xF0, 0x15, 0xF3, 0x76, 0xDB, 0xC9,
    0x5A, 0x0A, 0xF1, 0x03, 0xFE, 0x4C, 0xC6, 0x11, 0xE3, 0x85, 0xD5, 0x5B, 0x40, 0x54, 0x93, 0xBF,
    0x87, 0xE8, 0x9B, 0x49, 0xE1, 0x4F, 0x6A, 0xA6, 0xCA, 0xA6, 0xED, 0x14, 0x78, 0xF7, 0x5D, 0x2E,
    0x53, 0x97, 0xBE, 0x05, 0x63, 0x94, 0x91, 0xC2, 0x03, 0x5E, 0xE1, 0xE5, 0x82, 0x14, 0x60, 0x2E,
    0x64, 0x92, 0x1C, 0xAB, 0xD7, 0xFE, 0x7D, 0xDF, 0x7B, 0xD5, 0xB0, 0x14, 0xE0, 0x6B, 0x9E, 0x49,
    0xF5, 0xA2, 0x6E, 0x32, 0x34, 0xFF, 0xA3, 0x9D, 0x3E, 0xAF, 0xFD, 0x98, 0x1C, 0x10, 0x0D, 0xAB,
    0x0C, 0x57, 0xD9, 0x40, 0x1B, 0x1C, 0x0C, 0x77, 0x28, 0xD9, 0x1D, 0xFE, 0x01, 0x95, 0xD0, 0x31,
    0x88, 0xD5, 0x40, 0x10, 0x06, 0xE0, 0xFF, 0x25, 0x77, 0xBC, 0x83, 0x80, 0xA9, 0xAE, 0x53, 0x62,
    0x8F, 0xB8, 0x7D, 0x73, 0x1B, 0xB0, 0x07, 0x0B, 0x5F, 0x5F, 0xDB, 0xF7, 0x24, 0xD8, 0xDA, 0xD7,
    0xF6, 0x67, 0x61, 0x5F, 0xED, 0xF6, 0x8D, 0x01, 0x7B, 0xD8, 0xDA, 0x6A, 0xC1, 0x14, 0x8B, 0x97,
    0x64, 0xFC, 0x67, 0xA2, 0x06, 0x51, 0x44, 0xF7, 0xEE, 0xBE, 0x70, 0x9B, 0x9D, 0x99, 0xCD, 0x0F,
    0xDC, 0x40, 0x97, 0x37, 0x65, 0x24, 0x67, 0x21, 0xE8, 0x8A, 0x3A, 0x24, 0x72, 0xDA, 0xB7, 0x57,
    0x02, 0x37, 0xAB, 0x41, 0xB8, 0x7A, 0x45, 0xC6, 0xDD, 0xE1, 0xEB, 0xFD, 0xFD, 0x7D, 0xBF, 0x17,
    0x9D, 0x37, 0x15, 0x12, 0x55, 0x9F, 0xD5, 0x76, 0x51, 0x6B, 0x39, 0xA6, 0xE0, 0xB9, 0x82, 0x2B,
    0x13, 0x2F, 0xCD, 0xF3, 0xA2, 0xA2, 0x13, 0x15, 0x83, 0x44, 0x1B, 0x2E, 0xD9, 0x2E, 0x25, 0x8B,
    0xBE, 0x7A, 0x78, 0x10, 0x9D, 0xFF, 0xA9, 0xF0, 0x65, 0x25, 0x2F, 0x0A, 0xDB, 0x37, 0x6B, 0x5D,
    0xD8, 0xDF, 0xCD, 0x75, 0xE1, 0x80, 0x6E, 0xAA, 0x0B, 0x02, 0xCE, 0x3D, 0x1F, 0xCF, 0x00, 0xF0,
    0x81, 0xFF, 0x7F, 0x1C, 0xB1, 0xFC, 0xFD, 0x4B, 0xE2, 0x91, 0x49, 0xB3, 0xFE, 0x21, 0x16, 0x86,
    0xF2, 0x5E, 0xF6, 0xB2, 0xA3, 0x85, 0xC4, 0xDF, 0x52, 0x3E, 0x62, 0xB9, 0x3B, 0x62, 0xC1, 0xB5,
    0xC5, 0xD2, 0xE6, 0x7F, 0xF3, 0x46, 0x7D, 0xEA, 0xD4, 0x12, 0x62, 0x9B, 0xEB, 0xCD, 0xE7, 0x36,
    0xB7, 0x0B, 0x7F, 0xB2, 0xCF, 0xB5, 0xB4, 0x59, 0x22, 0xE4, 0xE3, 0x17, 0x01, 0xBC, 0xA5, 0xD9,
    0x8A, 0x24, 0xA0, 0x12, 0x1B, 0x1C, 0x36, 0x02, 0x57, 0xD4, 0x26, 0xE1, 0x58, 0xF9, 0x94, 0x69,
    0xBD, 0xD4, 0x8B, 0xCE, 0x99, 0x2B, 0x01, 0xE0, 0x27, 0x04, 0x16, 0x49, 0x0F, 0x97, 0x50, 0xAF,
    0xAC, 0x28, 0xFA, 0x8B, 0x6A, 0xD3, 0x0D, 0x7D, 0x11, 0x44, 0xD7, 0x64, 0x4A, 0xFA, 0xFE, 0x18,
    0x3E, 0x33, 0x8F, 0x30, 0xB9, 0x6C, 0x47, 0xB4, 0x80, 0xB5, 0xAC, 0x61, 0x5B, 0x68, 0x43, 0x9F,
    0xA0, 0x7F, 0x61, 0xB4, 0x41, 0xDB, 0x3E, 0xD6, 0x6E, 0x94, 0x90, 0x71, 0xAC, 0x5B, 0x33, 0x24,
    0x8B, 0x71, 0xA1, 0x4E, 0xBF, 0xE1, 0x24, 0x22, 0x19, 0x8D, 0x0C, 0xEF, 0x36, 0x0C, 0xC5, 0xBF,
    0x91, 0x38, 0x44, 0x3F, 0x0E, 0xF1, 0x09, 0xFC, 0xD8, 0x00, 0x14, 0xBF, 0x78, 0x43, 0x2B, 0xF8,
    0xDE, 0x8F, 0xDD, 0x18, 0x92, 0x1F, 0x65, 0x72, 0xAB, 0x7F, 0x2B, 0x7D, 0x2D, 0x41, 0x0A, 0x10,
    0x44, 0x26, 0xCD, 0x68, 0x83, 0x66, 0x34, 0xFF, 0xA8, 0xEA, 0x44, 0xD8, 0x58, 0x09, 0xC6, 0x7A,
    0xB9, 0xF4, 0x61, 0x85, 0x9E, 0xEF, 0x95, 0x89, 0xF8, 0x99, 0xB4, 0x2B, 0xA9, 0xB9, 0x19, 0x20,
    0x13, 0xF1, 0x33, 0x69, 0x57, 0xC2, 0xCD, 0x00, 0xC8, 0x48, 0xEE, 0xF0, 0x1A, 0xB8, 0xC2, 0xED,
    0xE5, 0xF2, 0x0A, 0xDA, 0xCF, 0x88, 0x06, 0xD0, 0x28, 0x4E, 0x09, 0xA4, 0x92, 0x0F, 0x11, 0xCD,
    0xE6, 0x22, 0x5C, 0x21, 0x21, 0xB9, 0x58, 0xC9, 0xE8, 0x62, 0xC3, 0xCC, 0xA3, 0x2B, 0x64, 0x48,
    0xC4, 0x8F, 0xE4, 0x11, 0x08, 0x80, 0x6B, 0xD8, 0xB2, 0x7F, 0xED, 0x85, 0x1D, 0xB1, 0xC3, 0x56,
    0x66, 0x0D, 0xAC, 0x95, 0x35, 0xB5, 0xF6, 0xFB, 0x20, 0x84, 0x9F, 0xC3, 0x9B, 0xFD, 0x42, 0x07,
    0xFB, 0x75, 0x6D, 0x05, 0xE0, 0xB1, 0x32, 0x90, 0x93, 0x7E, 0xD1, 0x79, 0x43, 0x40, 0x57, 0x08,
    0x47, 0x05, 0x6E, 0x21, 0x70, 0x0B, 0xA1, 0x2B, 0x64, 0x48, 0x44, 0x46, 0xB2, 0x81, 0x2C, 0xE4,
    0xE8, 0xEC, 0x95, 0xEB, 0x0B, 0xE3, 0xFC, 0x06, 0x62, 0x10, 0x9B, 0x00, 0xA8, 0x95, 0x0C, 0x34,
    0xEC, 0x06, 0xA2, 0x30, 0xFC, 0x25, 0x51, 0x41, 0x10, 0xD8, 0x0B, 0x20, 0x00, 0xAA, 0x18, 0x00,
    0xCA, 0x76, 0x86, 0xBE, 0x42, 0x57, 0x1F, 0xA3, 0x2F, 0x50, 0x12, 0xFA, 0x34, 0xBD, 0xD0, 0x17,
    0xA8, 0x9D, 0x00, 0x50, 0x48, 0x41, 0x01, 0x02, 0xA0, 0x0B, 0xD1, 0x46, 0x65, 0xED, 0x4C, 0x4E,
    0xEF, 0x99, 0x74, 0x68, 0x6B, 0x51, 0xE8, 0xE7, 0x3F, 0xE3, 0x3A, 0xF9, 0xCF, 0xB9, 0xFC, 0x0E,
    0xD8, 0x1D, 0x9E, 0xCB, 0x08, 0xDD, 0x02, 0xF5, 0x4A, 0xF1, 0x72, 0xA3, 0xFF, 0x11, 0x4A, 0x91,
    0xD0, 0x5C, 0xAA, 0x5B, 0xBB, 0x68, 0xA7, 0x3A, 0xF6, 0x63, 0x15, 0xBD, 0xAB, 0x82, 0x90, 0xAB,
    0xDE, 0x84, 0x76, 0xF1, 0x83, 0x99, 0xFB, 0xD9, 0x8F, 0x56, 0xC4, 0xB5, 0x12, 0x29, 0x65, 0xE6,
    0xE0, 0x84, 0xE2, 0x1D, 0x80, 0xEE, 0xA7, 0x94, 0x09, 0xA8, 0x64, 0x01, 0x9A, 0x87, 0x15, 0x68,
    0xBF, 0x07, 0xA0, 0xFB, 0x1C, 0x01, 0x3B, 0x0A, 0xD0, 0x3B, 0x0F, 0x08, 0x76, 0xA0, 0xD8, 0x31,
    0x23, 0x55, 0xA0, 0x9B, 0xA9, 0x37, 0xDA, 0x85, 0x66, 0x3D, 0x7E, 0x68, 0xD3, 0x4C, 0x94, 0x3B,
    0x76, 0x04, 0xA1, 0x17, 0x91, 0x3F, 0xDF, 0xD3, 0xCD, 0x05, 0x67, 0xE5, 0xC2, 0x70, 0xBC, 0xCF,
    0xF6, 0xF3, 0x87, 0xDD, 0x55, 0x41, 0x37, 0xFC, 0xEF, 0x57, 0xFF, 0xDB, 0x8B, 0x8C, 0xA9, 0xCE,
    0x67, 0xE7, 0x07, 0xE8, 0x17, 0x68, 0x03, 0x54, 0xE2, 0xC0, 0x4F, 0x60, 0x36, 0x68, 0xB4, 0x11,
    0x8E, 0x0F, 0x76, 0x05, 0x99, 0xA8, 0x04, 0xBA, 0x70, 0xF8, 0x75, 0x4E, 0xE7, 0xF3, 0x2E, 0xDD,
    0x0B, 0xE0, 0x45, 0x86, 0x5C, 0x24, 0xDE, 0x53, 0x44, 0xCA, 0x40, 0x75, 0xD1, 0x46, 0xBD, 0xD2,
    0x2E, 0xAA, 0x6E, 0xD2, 0x08, 0xED, 0x45, 0x03, 0xBD, 0xC3, 0x83, 0x68, 0xAC, 0x65, 0x24, 0x1B,
    0x69, 0x0E, 0xE3, 0xAC, 0x81, 0x1E, 0xC6, 0x13, 0x07, 0xAD, 0x43, 0x31, 0x24, 0xAE, 0x49, 0x7C,
    0x24, 0xB1, 0xA2, 0x54, 0x33, 0x4A, 0x3D, 0x1E, 0xFE, 0x01, 0xA5, 0x23, 0xF1, 0xE2, 0x11, 0x7F,
    0xB9, 0x1C, 0x63, 0x13, 0x4A, 0xF3, 0x6B, 0x0C, 0xE0, 0x2A, 0xF9, 0x8B, 0xC0, 0x5B, 0xA0, 0x89,
    0x6C, 0x80, 0x95, 0x42, 0xFD, 0xD7, 0xF2, 0x2E, 0xF9, 0xFB, 0x4F, 0xC9, 0x6F, 0xC5, 0x01, 0xB4,
    0x02, 0x87, 0x55, 0xA9, 0xB6, 0xBC, 0xFF, 0x6F, 0x4A, 0x71, 0x66, 0xA5, 0x95, 0x59, 0x76, 0xCC,
    0xDD, 0xC3, 0x2E, 0x58, 0x27, 0x93, 0x75, 0x16, 0x3B, 0x98, 0xC1, 0x3A, 0x3F, 0x9A, 0xC1, 0x7C,
    0x91, 0x7B, 0x4F, 0x2B, 0xDF, 0x64, 0xA7, 0x96, 0xA1, 0xDF, 0xE0, 0x8A, 0xC2, 0xA1, 0x14, 0x91,
    0x3A, 0xD2, 0x46, 0xBA, 0x05, 0x33, 0xE5, 0x90, 0x54, 0x39, 0xD6, 0x24, 0xEF, 0x92, 0x40, 0xB2,
    0x34, 0xE8, 0xA4, 0x48, 0x19, 0x73, 0xE2, 0x59, 0xF5, 0x46, 0xB7, 0x62, 0x17, 0xEC, 0x94, 0x83,
    0x52, 0xAF, 0xA5, 0x91, 0xF9, 0x96, 0x56, 0x24, 0x62, 0xEE, 0x24, 0x60, 0xF1, 0x0B, 0x27, 0x9E,
    0xFC, 0xA3, 0xE5, 0x15, 0x14, 0x1B, 0x37, 0xAF, 0xEF, 0x9D, 0x5E, 0x7C, 0x2E, 0x2C, 0x70, 0x0B,
    0x04, 0xF0, 0xBF, 0xF5, 0xDF, 0x7C, 0x3D, 0x3B, 0xE3, 0xE0, 0x29, 0x40, 0xBD, 0x43, 0xB7, 0x81,
    0xD7, 0x0B, 0x74, 0xC7, 0x41, 0x2E, 0xD0, 0xA5, 0x8B, 0x05, 0x64, 0x04, 0xB3, 0xA2, 0x61, 0x64,
    0xAC, 0x48, 0xAE, 0xF4, 0xA9, 0x89, 0x50, 0xC8, 0x00, 0xFD, 0x9C, 0x4F, 0x9D, 0xBC, 0x48, 0xFB,
    0xF5, 0x8E, 0xFA, 0x1E, 0x9D, 0xFF, 0x09, 0x9C, 0x4D, 0x47, 0x01, 0x80, 0x30, 0x10, 0x0B, 0xFB,
    0x8B, 0x13, 0x2C, 0xE0, 0xA8, 0x12, 0xAE, 0x52, 0x78, 0xD7, 0x0C, 0xC3, 0x0C, 0x9B, 0x74, 0x9D,
    0x02, 0x6E, 0xCF, 0x04, 0x49, 0x86, 0xE5, 0x43, 0xC1, 0x95, 0xA8, 0xB8, 0x11, 0xDD, 0x3B, 0x7E,
    0xE8, 0x0E, 0xF4, 0x31, 0x00, 0xE6, 0x73, 0x0E, 0x42, 0x32, 0x87, 0xD0, 0x32, 0x2E, 0xFE, 0x84,
    0x40, 0x24, 0xB6, 0x60, 0x08, 0x55, 0x0C, 0x81, 0x28, 0x84, 0x03, 0x1A, 0xCC, 0x37, 0x89, 0x15,
    0xFA, 0x3D, 0x00, 0x13, 0x20, 0xEE, 0x04, 0xB0, 0x04, 0x39, 0x04, 0x00,
};

static const EpdGlyph dmsans_14_boldGlyphs[] = {
    { 0, 0, 280, 0, 0, 0, 0 }, // U+000D
    { 0, 0, 110, 0, 0, 0, 0 }, // U+0020
    { 5, 22, 144, 2, 21, 28, 0 }, // !
    { 9, 8, 171, 1, 23, 18, 28 }, // "
    { 24, 22, 400, 0, 22, 132, 46 }, // #
    { 16, 27, 282, 1, 24, 108, 178 }, // $
    { 25, 22, 421, 1, 21, 138, 286 }, // %
    { 22, 22, 365, 1, 21, 121, 424 }, // &
    { 4, 8, 92, 1, 23, 8, 545 }, // '
    { 10, 29, 189, 1, 24, 73, 553 }, // (
    { 11, 29, 189, 0, 24, 80, 626 }, // )
    { 12, 12, 239, 2, 22, 36, 706 }, // *
    { 15, 15, 270, 1, 16, 57, 742 }, // +
    { 7, 8, 115, 0, 4, 14, 799 }, // ,
    { 13, 5, 269, 2, 11, 17, 813 }, // -
    { 6, 6, 118, 1, 5, 9, 830 }, // .
    { 12, 27, 199, 0, 23, 81, 839 }, // /
    { 19, 22, 329, 1, 21, 105, 920 }, // 0
    { 9, 21, 170, 0, 21, 48, 1025 }, // 1
    { 15, 21, 269, 1, 21, 79, 1073 }, // 2
    { 15, 22, 281, 1, 21, 83, 1152 }, // 3
    { 17, 21, 303, 1, 21, 90, 1235 }, // 4
    { 16, 22, 290, 1, 21, 88, 1325 }, // 5
    { 16, 22, 296, 1, 21, 88, 1413 }, // 6
    { 15, 21, 251, 0, 21, 79, 1501 }, // 7
    { 16, 22, 295, 1, 21, 88, 1580 }, // 8
    { 17, 22, 296, 1, 21, 94, 1668 }, // 9
    { 6, 17, 119, 1, 16, 26, 1762 }, // :
    { 7, 20, 130, 0, 16, 35, 1788 }, // ;
    { 13, 14, 270, 2, 15, 46, 1823 }, // <
    { 13, 11, 270, 2, 14, 36, 1869 }, // =
    { 13, 14, 270, 2, 15, 46, 1905 }, // >
    { 15, 22, 251, 0, 21, 83, 1951 }, // ?
    { 27, 27, 488, 2, 20, 183, 2034 }, // @
    { 21, 21, 331, 0, 21, 111, 2217 }, // A
    { 16, 21, 298, 2, 21, 84, 2328 }, // B
    { 20, 22, 344, 1, 21, 110, 2412 }, // C
    { 18, 21, 330, 2, 21, 95, 2522 }, // D
    { 14, 21, 272, 2, 21, 74, 2617 }, // E
    { 14, 21, 260, 2, 21, 74, 2691 }, // F
    { 21, 22, 363, 1, 21, 116, 2765 }, // G
    { 17, 21, 333, 2, 21, 90, 2881 }, // H
    { 4, 21, 127, 2, 21, 21, 2971 }, // I
    { 14, 22, 253, 0, 21, 77, 2992 }, // J
    { 17, 21, 305, 2, 21, 90, 3069 }, // K
    { 13, 21, 260, 2, 21, 69, 3159 }, // L
    { 22, 21, 414, 2, 21, 116, 3228 }, // M
    { 18, 21, 340, 2, 21, 95, 3344 }, // N
    { 21, 22, 366, 1, 21, 116, 3439 }, // O
    { 15, 21, 287, 2, 21, 79, 3555 }, // P
    { 21, 25, 366, 1, 21, 132, 3634 }, // Q
    { 16, 21, 295, 2, 21, 84, 3766 }, // R
    { 16, 22, 282, 1, 21, 88, 3850 }, // S
    { 17, 21, 279, 0, 21, 90, 3938 }, // T
    { 18, 22, 320, 1, 21, 99, 4028 }, // U
    { 21, 21, 330, 0, 21, 111, 4127 }, // V
    { 29, 21, 475, 0, 21, 153, 4238 }, // W
    { 19, 21, 313, 0, 21, 100, 4391 }, // X
    { 19, 21, 296, 0, 21, 100, 4491 }, // Y
    { 15, 21, 269, 1, 21, 79, 4591 }, // Z
    { 8, 30, 176, 2, 24, 60, 4670 }, // [
    { 12, 27, 199, 0, 23, 81, 4730 }, // <backslash>
    { 8, 30, 176, 1, 24, 60, 4811 }, // ]
    { 18, 16, 316, 1, 21, 72, 4871 }, // ^
    { 17, 4, 338, 2, -1, 17, 4943 }, // _
    { 7, 8, 110, 0, 23, 14, 4960 }, // `
    { 15, 17, 274, 1, 16, 64, 4974 }, // a
    { 17, 22, 306, 1, 21, 94, 5038 }, // b
    { 16, 17, 283, 1, 16, 68, 5132 }, // c
    { 17, 22, 306, 1, 21, 94, 5200 }, // d
    { 16, 17, 281, 1, 16, 68, 5294 }, // e
    { 10, 21, 173, 0, 21, 53, 5362 }, // f
    { 16, 23, 278, 1, 16, 92, 5415 }, // g
    { 16, 21, 288, 1, 21, 84, 5507 }, // h
    { 6, 22, 128, 1, 22, 33, 5591 }, // i
    { 8, 29, 128, -1, 22, 58, 5624 }, // j
    { 16, 21, 270, 1, 21, 84, 5682 }, // k
    { 5, 21, 125, 1, 21, 27, 5766 }, // l
    { 25, 16, 439, 1, 16, 100, 5793 }, // m
    { 16, 16, 288, 1, 16, 64, 5893 }, // n
    { 16, 17, 285, 1, 16, 68, 5957 }, // o
    { 17, 23, 306, 1, 16, 98, 6025 }, // p
    { 17, 23, 306, 1, 16, 98, 6123 }, // q
    { 11, 16, 191, 1, 16, 44, 6221 }, // r
    { 14, 17, 248, 1, 16, 60, 6265 }, // s
    { 12, 19, 202, 0, 19, 57, 6325 }, // t
    { 16, 16, 288, 1, 15, 64, 6382 }, // u
    { 17, 15, 264, 0, 15, 64, 6446 }, // v
    { 24, 15, 383, 0, 15, 90, 6510 }, // w
    { 17, 15, 267, 0, 15, 64, 6600 }, // x
    { 18, 22, 282, 0, 15, 99, 6664 }, // y
    { 14, 15, 229, 0, 15, 53, 6763 }, // z
    { 10, 30, 219, 2, 24, 75, 6816 }, // {
    { 4, 24, 127, 2, 21, 24, 6891 }, // |
    { 11, 30, 219, 1, 24, 83, 6915 }, // }
    { 17, 7, 270, 0, 13, 30, 6998 }, // ~
    { 0, 0, 110, 0, 0, 0, 0 }, // U+00A0
    { 5, 22, 144, 2, 16, 28, 0 }, // U+00A1
    { 16, 22, 283, 1, 18, 88, 28 }, // U+00A2
    { 16, 21, 293, 1, 21, 84, 116 }, // U+00A3
    { 14, 14, 261, 1, 16, 49, 200 }, // U+00A4
    { 19, 21, 303, 0, 21, 100, 249 }, // U+00A5
    { 4, 24, 127, 2, 21, 24, 349 }, // U+00A6
    { 16, 28, 288, 1, 21, 112, 373 }, // U+00A7
    { 10, 5, 158, 0, 21, 13, 485 }, // U+00A8
    { 21, 22, 366, 1, 21, 116, 498 }, // U+00A9
    { 13, 11, 236, 1, 21, 36, 614 }, // U+00AA
    { 13, 11, 240, 1, 14, 36, 650 }, // U+00AB
    { 19, 8, 270, -1, 13, 38, 686 }, // U+00AC
    { 13, 13, 238, 1, 21, 43, 724 }, // U+00AE
    { 12, 4, 187, 0, 20, 12, 767 }, // U+00AF
    { 9, 9, 169, 1, 21, 21, 779 }, // U+00B0
    { 15, 16, 270, 1, 16, 60, 800 }, // U+00B1
    { 10, 11, 168, 0, 21, 28, 860 }, // U+00B2
    { 10, 11, 166, 0, 21, 28, 888 }, // U+00B3
    { 7, 8, 110, 0, 23, 14, 916 }, // U+00B4
    { 16, 22, 291, 1, 15, 88, 930 }, // U+00B5
    { 18, 24, 304, 0, 21, 108, 1018 }, // U+00B6
    { 6, 5, 118, 1, 12, 8, 1126 }, // U+00B7
    { 8, 9, 124, 0, 1, 18, 1134 }, // U+00B8
    { 6, 11, 111, 0, 21, 17, 1152 }, // U+00B9
    { 12, 11, 227, 1, 21, 33, 1169 }, // U+00BA
    { 13, 11, 240, 1, 14, 36, 1202 }, // U+00BB
    { 24, 21, 391, 0, 21, 126, 1238 }, // U+00BC
    { 25, 21, 407, 0, 21, 132, 1364 }, // U+00BD
    { 27, 21, 432, 0, 21, 142, 1496 }, // U+00BE
    { 14, 22, 251, 1, 16, 77, 1638 }, // U+00BF
    { 21, 28, 331, 0, 28, 147, 1715 }, // U+00C0
    { 21, 28, 331, 0, 28, 147, 1862 }, // U+00C1
    { 21, 27, 331, 0, 27, 142, 2009 }, // U+00C2
    { 21, 26, 331, 0, 26, 137, 2151 }, // U+00C3
    { 21, 27, 331, 0, 27, 142, 2288 }, // U+00C4
    { 21, 29, 331, 0, 29, 153, 2430 }, // U+00C5
    { 26, 21, 441, 0, 21, 137, 2583 }, // U+00C6
    { 20, 29, 344, 1, 21, 145, 2720 }, // U+00C7
    { 14, 28, 272, 2, 28, 98, 2865 }, // U+00C8
    { 14, 28, 272, 2, 28, 98, 2963 }, // U+00C9
    { 14, 27, 272, 2, 27, 95, 3061 }, // U+00CA
    { 14, 27, 272, 2, 27, 95, 3156 }, // U+00CB
    { 8, 28, 127, 0, 28, 56, 3251 }, // U+00CC
    { 8, 28, 127, 0, 28, 56, 3307 }, // U+00CD
    { 10, 27, 127, -1, 27, 68, 3363 }, // U+00CE
    { 10, 27, 127, -1, 27, 68, 3431 }, // U+00CF
    { 20, 21, 336, 0, 21, 105, 3499 }, // U+00D0
    { 18, 26, 340, 2, 26, 117, 3604 }, // U+00D1
    { 21, 29, 366, 1, 28, 153, 3721 }, // U+00D2
    { 21, 29, 366, 1, 28, 153, 3874 }, // U+00D3
    { 21, 28, 366, 1, 27, 147, 4027 }, // U+00D4
    { 21, 27, 366, 1, 26, 142, 4174 }, // U+00D5
    { 21, 28, 366, 1, 27, 147, 4316 }, // U+00D6
    { 13, 13, 270, 2, 15, 43, 4463 }, // U+00D7
    { 22, 22, 363, 0, 21, 121, 4506 }, // U+00D8
    { 18, 29, 320, 1, 28, 131, 4627 }, // U+00D9
    { 18, 29, 320, 1, 28, 131, 4758 }, // U+00DA
    { 18, 28, 320, 1, 27, 126, 4889 }, // U+00DB
    { 18, 28, 320, 1, 27, 126, 5015 }, // U+00DC
    { 19, 28, 296, 0, 28, 133, 5141 }, // U+00DD
    { 15, 21, 287, 2, 21, 79, 5274 }, // U+00DE
    { 19, 23, 332, 1, 22, 110, 5353 }, // U+00DF
    { 15, 24, 274, 1, 23, 90, 5463 }, // U+00E0
    { 15, 24, 274, 1, 23, 90, 5553 }, // U+00E1
    { 15, 23, 274, 1, 22, 87, 5643 }, // U+00E2
    { 15, 22, 274, 1, 21, 83, 5730 }, // U+00E3
    { 15, 22, 274, 1, 21, 83, 5813 }, // U+00E4
    { 15, 25, 274, 1, 24, 94, 5896 }, // U+00E5
    { 26, 17, 441, 1, 16, 111, 5990 }, // U+00E6
    { 16, 24, 283, 1, 16, 96, 6101 }, // U+00E7
    { 16, 24, 281, 1, 23, 96, 6197 }, // U+00E8
    { 16, 24, 281, 1, 23, 96, 6293 }, // U+00E9
    { 16, 23, 281, 1, 22, 92, 6389 }, // U+00EA
    { 16, 22, 281, 1, 21, 88, 6481 }, // U+00EB
    { 8, 23, 125, 0, 23, 46, 6569 }, // U+00EC
    { 8, 23, 125, 0, 23, 46, 6615 }, // U+00ED
    { 10, 22, 125, -1, 22, 55, 6661 }, // U+00EE
    { 10, 21, 125, -1, 21, 53, 6716 }, // U+00EF
    { 17, 22, 299, 1, 21, 94, 6769 }, // U+00F0
    { 16, 21, 288, 1, 21, 84, 6863 }, // U+00F1
    { 16, 24, 285, 1, 23, 96, 6947 }, // U+00F2
    { 16, 24, 285, 1, 23, 96, 7043 }, // U+00F3
    { 16, 23, 285, 1, 22, 92, 7139 }, // U+00F4
    { 16, 22, 285, 1, 21, 88, 7231 }, // U+00F5
    { 16, 22, 285, 1, 21, 88, 7319 }, // U+00F6
    { 13, 17, 270, 2, 17, 56, 7407 }, // U+00F7
    { 17, 17, 277, 0, 16, 73, 7463 }, // U+00F8
    { 16, 24, 288, 1, 23, 96, 7536 }, // U+00F9
    { 16, 24, 288, 1, 23, 96, 7632 }, // U+00FA
    { 16, 23, 288, 1, 22, 92, 7728 }, // U+00FB
    { 16, 22, 288, 1, 21, 88, 7820 }, // U+00FC
    { 18, 30, 282, 0, 23, 135, 7908 }, // U+00FD
    { 17, 28, 306, 1, 21, 119, 8043 }, // U+00FE
    { 18, 28, 282, 0, 21, 126, 8162 }, // U+00FF
    { 21, 26, 331, 0, 26, 137, 0 }, // U+0100
    { 15, 22, 274, 1, 21, 83, 137 }, // U+0101
    { 21, 27, 331, 0, 27, 142, 220 }, // U+0102
    { 15, 23, 274, 1, 22, 87, 362 }, // U+0103
    { 21, 28, 331, 0, 21, 147, 449 }, // U+0104
    { 15, 23, 274, 1, 16, 87, 596 }, // U+0105
    { 20, 29, 344, 1, 28, 145, 683 }, // U+0106
    { 16, 24, 283, 1, 23, 96, 828 }, // U+0107
    { 20, 27, 344, 1, 26, 135, 924 }, // U+010A
    { 16, 22, 283, 1, 21, 88, 1059 }, // U+010B
    { 20, 28, 344, 1, 27, 140, 1147 }, // U+010C
    { 16, 23, 283, 1, 22, 92, 1287 }, // U+010D
    { 18, 27, 330, 2, 27, 122, 1379 }, // U+010E
    { 21, 23, 354, 1, 22, 121, 1501 }, // U+010F
    { 20, 21, 336, 0, 21, 105, 1622 }, // U+0110
    { 19, 22, 320, 1, 21, 105, 1727 }, // U+0111
    { 14, 26, 272, 2, 26, 91, 1832 }, // U+0112
    { 16, 22, 281, 1, 21, 88, 1923 }, // U+0113
    { 14, 27, 272, 2, 27, 95, 2011 }, // U+0114
    { 16, 23, 281, 1, 22, 92, 2106 }, // U+0115
    { 14, 26, 272, 2, 26, 91, 2198 }, // U+0116
    { 16, 22, 281, 1, 21, 88, 2289 }, // U+0117
    { 14, 28, 272, 2, 21, 98, 2377 }, // U+0118
    { 16, 23, 281, 1, 16, 92, 2475 }, // U+0119
    { 14, 27, 272, 2, 27, 95, 2567 }, // U+011A
    { 16, 23, 281, 1, 22, 92, 2662 }, // U+011B
    { 21, 28, 363, 1, 27, 147, 2754 }, // U+011E
    { 16, 29, 278, 1, 22, 116, 2901 }, // U+011F
    { 21, 27, 363, 1, 26, 142, 3017 }, // U+0120
    { 16, 28, 278, 1, 21, 112, 3159 }, // U+0121
    { 21, 30, 363, 1, 21, 158, 3271 }, // U+0122
    { 16, 30, 278, 1, 23, 120, 3429 }, // U+0123
    { 22, 21, 360, 0, 21, 116, 3549 }, // U+0126
    { 18, 21, 302, 0, 21, 95, 3665 }, // U+0127
    { 12, 26, 127, -2, 26, 78, 3760 }, // U+0128
    { 12, 21, 125, -2, 21, 63, 3838 }, // U+0129
    { 12, 26, 127, -2, 26, 78, 3901 }, // U+012A
    { 12, 21, 125, -2, 21, 63, 3979 }, // U+012B
    { 10, 27, 127, -1, 27, 68, 4042 }, // U+012C
    { 10, 22, 125, -1, 22, 55, 4110 }, // U+012D
    { 8, 28, 127, -1, 21, 56, 4165 }, // U+012E
    { 7, 28, 125, -1, 21, 49, 4221 }, // U+012F
    { 4, 26, 127, 2, 26, 26, 4270 }, // U+0130
    { 5, 15, 125, 1, 15, 19, 4296 }, // U+0131
    { 19, 22, 363, 2, 21, 105, 4315 }, // U+0132
    { 13, 29, 241, 1, 22, 95, 4420 }, // U+0133
    { 17, 30, 305, 2, 21, 128, 4515 }, // U+0136
    { 16, 30, 270, 1, 21, 120, 4643 }, // U+0137
    { 15, 28, 260, 0, 28, 105, 4763 }, // U+0139
    { 8, 29, 125, 0, 29, 58, 4868 }, // U+013A
    { 13, 30, 260, 2, 21, 98, 4926 }, // U+013B
    { 5, 30, 125, 1, 21, 38, 5024 }, // U+013C
    { 13, 22, 260, 2, 22, 72, 5062 }, // U+013D
    { 10, 22, 174, 1, 22, 55, 5134 }, // U+013E
    { 13, 21, 260, 2, 21, 69, 5189 }, // U+013F
    { 12, 21, 213, 1, 21, 63, 5258 }, // U+0140
    { 16, 21, 272, 0, 21, 84, 5321 }, // U+0141
    { 9, 21, 138, 0, 21, 48, 5405 }, // U+0142
    { 18, 28, 340, 2, 28, 126, 5453 }, // U+0143
    { 16, 23, 288, 1, 23, 92, 5579 }, // U+0144
    { 18, 30, 340, 2, 21, 135, 5671 }, // U+0145
    { 16, 25, 288, 1, 16, 100, 5806 }, // U+0146
    { 18, 27, 340, 2, 27, 122, 5906 }, // U+0147
    { 16, 22, 288, 1, 22, 88, 6028 }, // U+0148
    { 18, 28, 340, 2, 21, 126, 6116 }, // U+014A
    { 16, 23, 284, 1, 16, 92, 6242 }, // U+014B
    { 21, 27, 366, 1, 26, 142, 6334 }, // U+014C
    { 16, 22, 285, 1, 21, 88, 6476 }, // U+014D
    { 21, 28, 366, 1, 27, 147, 6564 }, // U+014E
    { 16, 23, 285, 1, 22, 92, 6711 }, // U+014F
    { 21, 29, 366, 1, 28, 153, 6803 }, // U+0150
    { 16, 23, 285, 1, 22, 92, 6956 }, // U+0151
    { 30, 22, 512, 1, 21, 165, 7048 }, // U+0152
    { 27, 17, 456, 1, 16, 115, 7213 }, // U+0153
    { 16, 28, 295, 2, 28, 112, 7328 }, // U+0154
    { 11, 23, 191, 1, 23, 64, 7440 }, // U+0155
    { 16, 30, 295, 2, 21, 120, 7504 }, // U+0156
    { 11, 25, 191, 1, 16, 69, 7624 }, // U+0157
    { 16, 27, 295, 2, 27, 108, 7693 }, // U+0158
    { 11, 22, 191, 1, 22, 61, 7801 }, // U+0159
    { 16, 29, 282, 1, 28, 116, 7862 }, // U+015A
    { 14, 24, 248, 1, 23, 84, 7978 }, // U+015B
    { 16, 29, 282, 1, 21, 116, 8062 }, // U+015E
    { 14, 24, 248, 1, 16, 84, 8178 }, // U+015F
    { 16, 28, 282, 1, 27, 112, 8262 }, // U+0160
    { 14, 23, 248, 1, 22, 81, 8374 }, // U+0161
    { 17, 29, 279, 0, 21, 124, 8455 }, // U+0162
    { 14, 27, 202, 0, 19, 95, 8579 }, // U+0163
    { 17, 27, 279, 0, 27, 115, 8674 }, // U+0164
    { 13, 23, 202, 0, 23, 75, 8789 }, // U+0165
    { 18, 27, 320, 1, 26, 122, 8864 }, // U+0168
    { 16, 22, 288, 1, 21, 88, 8986 }, // U+0169
    { 18, 27, 320, 1, 26, 122, 9074 }, // U+016A
    { 16, 22, 288, 1, 21, 88, 9196 }, // U+016B
    { 18, 28, 320, 1, 27, 126, 9284 }, // U+016C
    { 16, 23, 288, 1, 22, 92, 9410 }, // U+016D
    { 18, 30, 320, 1, 29, 135, 9502 }, // U+016E
    { 16, 25, 288, 1, 24, 100, 9637 }, // U+016F
    { 18, 29, 320, 1, 28, 131, 9737 }, // U+0170
    { 16, 23, 288, 1, 22, 92, 9868 }, // U+0171
    { 18, 28, 320, 1, 21, 126, 9960 }, // U+0172
    { 16, 22, 288, 1, 15, 88, 10086 }, // U+0173
    { 29, 27, 475, 0, 27, 196, 10174 }, // U+0174
    { 24, 22, 383, 0, 22, 132, 10370 }, // U+0175
    { 19, 27, 296, 0, 27, 129, 10502 }, // U+0176
    { 18, 29, 282, 0, 22, 131, 10631 }, // U+0177
    { 19, 27, 296, 0, 27, 129, 10762 }, // U+0178
    { 15, 28, 269, 1, 28, 105, 10891 }, // U+0179
    { 14, 23, 229, 0, 23, 81, 10996 }, // U+017A
    { 15, 26, 269, 1, 26, 98, 11077 }, // U+017B
    { 14, 21, 229, 0, 21, 74, 11175 }, // U+017C
    { 15, 27, 269, 1, 27, 102, 11249 }, // U+017D
    { 14, 22, 229, 0, 22, 77, 11351 }, // U+017E
    { 26, 28, 441, 0, 28, 182, 0 }, // U+01FC
    { 26, 24, 441, 1, 23, 156, 182 }, // U+01FD
    { 16, 30, 282, 1, 21, 120, 338 }, // U+0218
    { 14, 25, 248, 1, 16, 88, 458 }, // U+0219
    { 17, 30, 279, 0, 21, 128, 546 }, // U+021A
    { 12, 28, 202, 0, 19, 84, 674 }, // U+021B
    { 7, 8, 0, 0, 23, 14, 0 }, // U+0300
    { 7, 8, 0, 0, 23, 14, 14 }, // U+0301
    { 9, 6, 0, 0, 22, 14, 28 }, // U+0302
    { 11, 5, 0, 0, 21, 14, 42 }, // U+0303
    { 12, 4, 0, 0, 21, 12, 56 }, // U+0304
    { 10, 6, 0, 0, 22, 15, 68 }, // U+0306
    { 4, 5, 0, 0, 21, 5, 83 }, // U+0307
    { 10, 5, 0, 0, 21, 13, 88 }, // U+0308
    { 7, 8, 0, 0, 24, 14, 101 }, // U+030A
    { 11, 7, 0, 0, 22, 20, 115 }, // U+030B
    { 9, 6, 0, 0, 22, 14, 135 }, // U+030C
    { 4, 7, 0, 0, 23, 7, 149 }, // U+0312
    { 4, 8, 0, 0, -1, 8, 156 }, // U+0326
    { 8, 9, 0, 0, 1, 18, 164 }, // U+0327
    { 7, 9, 0, 0, 2, 16, 182 }, // U+0328
    { 14, 26, 272, 2, 26, 91, 0 }, // U+1EBC
    { 16, 22, 281, 1, 21, 88, 91 }, // U+1EBD
    { 19, 28, 296, 0, 28, 133, 179 }, // U+1EF2
    { 18, 30, 282, 0, 23, 135, 312 }, // U+1EF3
    { 19, 26, 296, 0, 26, 124, 447 }, // U+1EF8
    { 18, 28, 282, 0, 21, 126, 571 }, // U+1EF9
    { 17, 5, 325, 2, 11, 22, 0 }, // U+2013
    { 23, 5, 428, 2, 11, 29, 22 }, // U+2014
    { 7, 9, 119, 0, 21, 16, 51 }, // U+2018
    { 7, 9, 119, 0, 21, 16, 67 }, // U+2019
    { 7, 9, 119, 0, 5, 16, 83 }, // U+201A
    { 13, 9, 211, 0, 21, 30, 99 }, // U+201C
    { 13, 9, 211, 0, 21, 30, 129 }, // U+201D
    { 13, 9, 212, 0, 5, 30, 159 }, // U+201E
    { 16, 31, 281, 1, 23, 124, 189 }, // U+2020
    { 16, 31, 282, 1, 23, 124, 313 }, // U+2021
    { 9, 9, 181, 1, 14, 21, 437 }, // U+2022
    { 18, 6, 321, 1, 5, 27, 458 }, // U+2026
    { 36, 22, 597, 1, 21, 198, 485 }, // U+2030
    { 7, 11, 145, 1, 14, 20, 683 }, // U+2039
    { 7, 11, 145, 1, 14, 20, 703 }, // U+203A
    { 17, 21, 239, -1, 21, 90, 723 }, // U+2044
    { 10, 11, 163, 0, 21, 28, 0 }, // U+2074
    { 30, 22, 525, 2, 21, 165, 0 }, // U+20A8
    { 22, 22, 369, 0, 21, 121, 165 }, // U+20AC
    { 16, 22, 287, 1, 21, 88, 286 }, // U+20B9
    { 22, 22, 386, 0, 21, 121, 374 }, // U+20BA
    { 19, 21, 305, 0, 21, 100, 495 }, // U+20BD
    { 21, 22, 364, 1, 21, 116, 0 }, // U+2190
    { 25, 21, 410, 0, 21, 132, 116 }, // U+2191
    { 21, 22, 364, 1, 21, 116, 248 }, // U+2192
    { 24, 21, 415, 1, 21, 126, 364 }, // U+2193
    { 26, 22, 444, 1, 21, 143, 490 }, // U+2194
    { 22, 21, 380, 1, 21, 116, 633 }, // U+2195
    { 17, 17, 307, 1, 18, 73, 749 }, // U+2196
    { 17, 18, 304, 1, 19, 77, 822 }, // U+2197
    { 17, 18, 307, 1, 19, 77, 899 }, // U+2198
    { 17, 18, 307, 1, 19, 77, 976 }, // U+2199
    { 16, 23, 278, 1, 22, 92, 0 }, // U+2202
    { 21, 21, 334, 0, 21, 111, 92 }, // U+2206
    { 21, 21, 344, 0, 21, 111, 203 }, // U+220F
    { 13, 23, 233, 1, 21, 75, 314 }, // U+2211
    { 13, 5, 270, 2, 11, 17, 389 }, // U+2212
    { 12, 27, 199, 0, 23, 81, 406 }, // U+2215
    { 25, 28, 370, 0, 26, 175, 487 }, // U+221A
    { 21, 11, 345, 0, 14, 58, 662 }, // U+221E
    { 12, 35, 130, -2, 28, 105, 720 }, // U+222B
    { 17, 14, 270, 0, 16, 60, 825 }, // U+2248
    { 13, 15, 270, 2, 16, 49, 885 }, // U+2260
    { 13, 16, 270, 2, 16, 52, 934 }, // U+2264
    { 13, 16, 270, 2, 16, 52, 986 }, // U+2265
    { 17, 22, 285, 0, 22, 94, 0 }, // U+FB01
    { 17, 21, 298, 0, 21, 90, 94 }, // U+FB02
};

static const EpdUnicodeInterval dmsans_14_boldIntervals[] = {
    { 0xD, 0xD, 0x0 },
    { 0x20, 0x7E, 0x1 },
    { 0xA0, 0xAC, 0x60 },
    { 0xAE, 0x107, 0x6D },
    { 0x10A, 0x11B, 0xC7 },
    { 0x11E, 0x123, 0xD9 },
    { 0x126, 0x133, 0xDF },
    { 0x136, 0x137, 0xED },
    { 0x139, 0x148, 0xEF },
    { 0x14A, 0x15B, 0xFF },
    { 0x15E, 0x165, 0x111 },
    { 0x168, 0x17E, 0x119 },
    { 0x1FC, 0x1FD, 0x130 },
    { 0x218, 0x21B, 0x132 },
    { 0x300, 0x304, 0x136 },
    { 0x306, 0x308, 0x13B },
    { 0x30A, 0x30C, 0x13E },
    { 0x312, 0x312, 0x141 },
    { 0x326, 0x328, 0x142 },
    { 0x1EBC, 0x1EBD, 0x145 },
    { 0x1EF2, 0x1EF3, 0x147 },
    { 0x1EF8, 0x1EF9, 0x149 },
    { 0x2013, 0x2014, 0x14B },
    { 0x2018, 0x201A, 0x14D },
    { 0x201C, 0x201E, 0x150 },
    { 0x2020, 0x2022, 0x153 },
    { 0x2026, 0x2026, 0x156 },
    { 0x2030, 0x2030, 0x157 },
    { 0x2039, 0x203A, 0x158 },
    { 0x2044, 0x2044, 0x15A },
    { 0x2074, 0x2074, 0x15B },
    { 0x20A8, 0x20A8, 0x15C },
    { 0x20AC, 0x20AC, 0x15D },
    { 0x20B9, 0x20BA, 0x15E },
    { 0x20BD, 0x20BD, 0x160 },
    { 0x2190, 0x2199, 0x161 },
    { 0x2202, 0x2202, 0x16B },
    { 0x2206, 0x2206, 0x16C },
    { 0x220F, 0x220F, 0x16D },
    { 0x2211, 0x2212, 0x16E },
    { 0x2215, 0x2215, 0x170 },
    { 0x221A, 0x221A, 0x171 },
    { 0x221E, 0x221E, 0x172 },
    { 0x222B, 0x222B, 0x173 },
    { 0x2248, 0x2248, 0x174 },
    { 0x2260, 0x2260, 0x175 },
    { 0x2264, 0x2265, 0x176 },
    { 0xFB01, 0xFB02, 0x178 },
};

static const EpdFontGroup dmsans_14_boldGroups[] = {
    { 0, 3220, 7684, 96, 0 },
    { 3220, 2798, 9015, 95, 96 },
    { 6018, 3089, 12320, 113, 191 },
    { 9107, 396, 818, 6, 304 },
    { 9503, 194, 221, 15, 310 },
    { 9697, 285, 752, 6, 325 },
    { 9982, 394, 869, 16, 331 },
    { 10376, 34, 33, 1, 347 },
    { 10410, 339, 633, 5, 348 },
    { 10749, 507, 1172, 10, 353 },
    { 11256, 495, 1162, 13, 363 },
    { 11751, 85, 215, 2, 376 },
};

static const uint16_t dmsans_14_boldKernLeftCodepoints[] = {
    0x0021, 0x0022, 0x0024, 0x0026, 0x0027, 0x0028, 0x002A, 0x002B, 0x002C, 0x002D, 0x002E, 0x002F,
    0x0030, 0x0032, 0x0033, 0x0034, 0x0035, 0x0036, 0x0037, 0x0038, 0x0039, 0x003A, 0x003B, 0x003C,
    0x003E, 0x003F, 0x0040, 0x0041, 0x0042, 0x0043, 0x0044, 0x0046, 0x0047, 0x004A, 0x004B, 0x004C,
    0x004F, 0x0050, 0x0052, 0x0053, 0x0054, 0x0055, 0x0056, 0x0057, 0x0058, 0x0059, 0x005A, 0x005C,
    0x005F, 0x0061, 0x0062, 0x0063, 0x0065, 0x0066, 0x0067, 0x0068, 0x006B, 0x006D, 0x006E, 0x006F,
    0x0070, 0x0071, 0x0072, 0x0073, 0x0074, 0x0076, 0x0077, 0x0078, 0x0079, 0x007A, 0x007B, 0x007D,
    0x00A1, 0x00A5, 0x00AB, 0x00BF, 0x00C0, 0x00C1, 0x00C2, 0x00C3, 0x00C4, 0x00C5, 0x00C7, 0x00D0,
    0x00D2, 0x00D3, 0x00D4, 0x00D5, 0x00D6, 0x00D7, 0x00D8, 0x00D9, 0x00DA, 0x00DB, 0x00DC, 0x00DD,
    0x00DE, 0x00DF, 0x00E0, 0x00E1, 0x00E2, 0x00E3, 0x00E4, 0x00E5, 0x00E6, 0x00E7, 0x00E8, 0x00E9,
    0x00EA, 0x00EB, 0x00F1, 0x00F2, 0x00F3, 0x00F4, 0x00F5, 0x00F6, 0x00F7, 0x00F8, 0x00FD, 0x00FE,
    0x00FF, 0x0100, 0x0101, 0x0102, 0x0103, 0x0104, 0x0105, 0x0106, 0x0107, 0x010A, 0x010B, 0x010C,
    0x010D, 0x010E, 0x0110, 0x0111, 0x0113, 0x0115, 0x0117, 0x0119, 0x011B, 0x011E, 0x011F, 0x0120,
    0x0121, 0x0123, 0x0136, 0x0137, 0x0139, 0x013B, 0x013D, 0x013F, 0x0141, 0x0144, 0x0146, 0x0148,
    0x014C, 0x014D, 0x014E, 0x014F, 0x0150, 0x0151, 0x0153, 0x0154, 0x0155, 0x0157, 0x0158, 0x0159,
    0x015A, 0x015B, 0x015E, 0x015F, 0x0160, 0x0161, 0x0162, 0x0163, 0x0164, 0x0165, 0x0168, 0x016A,
    0x016C, 0x016E, 0x0170, 0x0172, 0x0174, 0x0175, 0x0176, 0x0177, 0x0178, 0x0179, 0x017A, 0x017B,
    0x017C, 0x017D, 0x017E, 0x01FD, 0x0219, 0x021A, 0x021B, 0x1EBD, 0x1EF2, 0x1EF3, 0x1EF8, 0x1EF9,
    0x2013, 0x2014, 0x2018, 0x2019, 0x201A, 0x201C, 0x201D, 0x201E, 0x2026, 0x2039, 0x20AC, 0x20BD,
    0x2212, 0x221A,
};

static const uint8_t dmsans_14_boldKernLeftClassIds[] = {
      1,   2,   3,   4,   2,   5,   6,   7,   8,   9,  10,  11,  12,  13,  14,  15,
     16,  17,  18,  19,  20,  21,  22,  23,  24,  25,  26,  27,  28,  29,  30,  31,
     32,  33,  34,  35,  30,  36,  37,   3,  38,  39,  40,  41,  42,  43,  44,  45,
     46,  47,  48,  49,  50,  51,  52,  53,  54,  53,  53,  48,  48,  55,  56,  57,
     58,  59,  60,  61,  62,  63,  64,  65,  66,  67,  68,  69,  27,  27,  27,  27,
     27,  27,  29,  30,  30,  30,  30,  30,  30,  70,  71,  39,  39,  39,  39,  43,
     72,  73,  47,  47,  47,  47,  47,  47,  50,  49,  50,  50,  50,  50,  53,  48,
     48,  48,  48,  48,  74,  75,  62,  48,  62,  27,  47,  27,  47,  27,  47,  29,
     49,  29,  49,  29,  49,  30,  30,  48,  50,  50,  50,  50,  50,  32,  52,  32,
     52,  52,  34,  54,  35,  35,  35,  35,  35,  53,  53,  53,  30,  48,  30,  48,
     30,  48,  50,  37,  56,  56,  37,  56,   3,  76,   3,  76,   3,  76,  38,  58,
     38,  58,  39,  39,  39,  39,  39,  39,  41,  60,  43,  62,  43,  44,  63,  44,
     63,  44,  63,  50,  76,  38,  58,  50,  43,  62,  43,  62,   9,   9,  77,  78,
     79,  77,  78,  79,  10,  68,  29,  80,   9,  81,
};

static const uint16_t dmsans_14_boldKernRightCodepoints[] = {
    0x0021, 0x0022, 0x0023, 0x0024, 0x0025, 0x0026, 0x0027, 0x0029, 0x002A, 0x002B, 0x002C, 0x002D,
    0x002E, 0x002F, 0x0030, 0x0031, 0x0032, 0x0033, 0x0034, 0x0035, 0x0036, 0x0037, 0x0038, 0x0039,
    0x003A, 0x003B, 0x003C, 0x003E, 0x003F, 0x0040, 0x0041, 0x0042, 0x0043, 0x0044, 0x0045, 0x0046,
    0x0047, 0x0048, 0x0049, 0x004A, 0x004B, 0x004C, 0x004D, 0x004E, 0x004F, 0x0050, 0x0051, 0x0052,
    0x0053, 0x0054, 0x0055, 0x0056, 0x0057, 0x0058, 0x0059, 0x005A, 0x005C, 0x005F, 0x0061, 0x0063,
    0x0064, 0x0065, 0x0066, 0x0067, 0x006A, 0x006D, 0x006E, 0x006F, 0x0070, 0x0071, 0x0072, 0x0073,
    0x0074, 0x0075, 0x0076, 0x0077, 0x0078, 0x0079, 0x007A, 0x007B, 0x007C, 0x007D, 0x00A1, 0x00A2,
    0x00A6, 0x00AB, 0x00BF, 0x00C0, 0x00C1, 0x00C2, 0x00C3, 0x00C4, 0x00C5, 0x00C6, 0x00C7, 0x00C8,
    0x00C9, 0x00CA, 0x00CB, 0x00CC, 0x00CD, 0x00CE, 0x00CF, 0x00D1, 0x00D2, 0x00D3, 0x00D4, 0x00D5,
    0x00D6, 0x00D7, 0x00D8, 0x00D9, 0x00DA, 0x00DB, 0x00DC, 0x00DD, 0x00DE, 0x00E0, 0x00E1, 0x00E2,
    0x00E3, 0x00E4, 0x00E5, 0x00E6, 0x00E7, 0x00E8, 0x00E9, 0x00EA, 0x00EB, 0x00F0, 0x00F1, 0x00F2,
    0x00F3, 0x00F4, 0x00F5, 0x00F6, 0x00F7, 0x00F8, 0x00F9, 0x00FA, 0x00FB, 0x00FC, 0x00FD, 0x00FF,
    0x0100, 0x0101, 0x0102, 0x0103, 0x0104, 0x0105, 0x0106, 0x0107, 0x010A, 0x010B, 0x010C, 0x010D,
    0x010E, 0x010F, 0x0111, 0x0112, 0x0113, 0x0114, 0x0115, 0x0116, 0x0117, 0x0118, 0x0119, 0x011A,
    0x011B, 0x011E, 0x011F, 0x0120, 0x0121, 0x0123, 0x0128, 0x012A, 0x012C, 0x0130, 0x0131, 0x0136,
    0x0139, 0x013B, 0x013D, 0x013F, 0x0141, 0x0143, 0x0144, 0x0146, 0x0147, 0x0148, 0x014C, 0x014D,
    0x014E, 0x014F, 0x0150, 0x0151, 0x0152, 0x0153, 0x0154, 0x0155, 0x0157, 0x0158, 0x0159, 0x015A,
    0x015B, 0x015E, 0x015F, 0x0160, 0x0161, 0x0162, 0x0163, 0x0164, 0x0165, 0x0168, 0x0169, 0x016A,
    0x016B, 0x016C, 0x016D, 0x016E, 0x016F, 0x0170, 0x0171, 0x0172, 0x0173, 0x0174, 0x0175, 0x0176,
    0x0177, 0x0178, 0x0179, 0x017A, 0x017B, 0x017C, 0x017D, 0x017E, 0x01FC, 0x01FD, 0x0219, 0x021A,
    0x021B, 0x1EBC, 0x1EBD, 0x1EF2, 0x1EF3, 0x1EF8, 0x1EF9, 0x2013, 0x2014, 0x2018, 0x2019, 0x201A,
    0x201C, 0x201D, 0x201E, 0x2026, 0x2030, 0x2039, 0x2212, 0x221A,
};

static const uint8_t dmsans_14_boldKernRightClassIds[] = {
      1,   2,   3,   4,   5,   6,   2,   7,   8,   9,  10,  11,  12,  13,  14,  15,
     16,  17,  18,  19,  20,  21,  22,  23,  24,  25,  26,  27,  28,  29,  30,  31,
     32,  31,  31,  31,  32,  31,  31,  33,  31,  31,  31,  31,  32,  31,  32,  31,
      4,  34,  35,  36,  37,  38,  39,  40,  41,  42,  43,  44,  44,  44,  45,  46,
     47,  48,  48,  44,  49,  44,  48,  50,  51,  52,  53,  54,  55,  56,  57,  58,
     31,  59,  60,  61,  31,  62,  63,  30,  30,  30,  30,  30,  30,  64,  32,  31,
     31,  31,  31,  31,  31,  65,  66,  31,  32,  32,  32,  32,  32,  67,  68,  35,
     35,  35,  35,  39,  31,  43,  43,  43,  43,  43,  43,  43,  44,  44,  44,  44,
     44,  44,  48,  44,  44,  44,  44,  44,  69,  70,  52,  52,  52,  52,  56,  56,
     30,  43,  30,  43,  30,  43,  32,  44,  32,  44,  32,  44,  31,  44,  44,  31,
     44,  31,  44,  31,  44,  31,  44,  31,  44,  32,  46,  32,  46,  46,  31,  71,
     31,  31,  48,  31,  31,  31,  31,  31,  72,  31,  48,  48,  31,  48,  32,  44,
     32,  44,  32,  44,  32,  44,  31,  48,  48,  31,  48,   4,  73,   4,  73,   4,
     73,  34,  51,  34,  51,  35,  52,  35,  52,  35,  52,  35,  52,  35,  52,  35,
     52,  37,  54,  39,  56,  39,  40,  57,  40,  57,  40,  57,  64,  43,  73,  34,
     51,  31,  44,  39,  56,  39,  56,  11,  11,  74,  75,  76,  74,  75,  76,  12,
      5,  62,  11,  77,
};

static const uint16_t dmsans_14_boldKernRowOffsets[] = {
        0,     1,    10,    14,    31,    45,    62,    69,    80,    88,   107,   142,   157,   175,   190,   199,
      219,   239,   279,   298,   316,   318,   320,   322,   326,   338,   365,   398,   406,   413,   429,   443,
      444,   446,   467,   493,   513,   524,   565,   570,   605,   640,   659,   700,   702,   722,   741,   748,
      764,   771,   782,   790,   793,   798,   802,   804,   812,   823,   826,   841,   850,   852,   867,   868,
      870,   877,   881,   882,   883,   895,   904,   907,   915,   920,   922,   923,   934,   941,   950,   952,
      953,   954,
};

static const uint8_t dmsans_14_boldKernSparseCols[] = {
      7,  17,  18,  20,  28,  29,  32,  43,  45,  63,  33,  35,  36,  38,   1,   4,
      7,  17,  20,  22,  27,  31,  33,  35,  36,  38,  40,  52,  53,  55,  74,   5,
     13,  17,  19,  21,  22,  28,  29,  31,  42,  43,  49,  50,  72,   0,   5,  12,
     17,  18,  19,  21,  28,  29,  32,  41,  42,  43,  49,  62,  63,  72,  12,  20,
     29,  33,  35,  36,  38,   4,  31,  33,  35,  36,  38,  40,  50,  52,  53,  55,
     12,  20,  29,  33,  35,  36,  38,  40,   4,  13,  14,  19,  20,  22,  25,  27,
     31,  33,  34,  35,  36,  38,  40,  52,  53,  55,  57,   5,   7,   8,   9,  10,
     11,  12,  13,  16,  17,  18,  19,  21,  22,  28,  30,  31,  32,  33,  35,  36,
     38,  41,  42,  43,  45,  47,  49,  62,  64,  65,  67,  70,  72,  75,   6,   9,
     11,  12,  15,  20,  29,  33,  35,  36,  37,  38,  40,  41,  63,   2,   8,  13,
     17,  20,  21,  22,  31,  33,  35,  36,  38,  43,  44,  52,  54,  66,  68,   4,
      7,  12,  14,  20,  22,  28,  29,  33,  35,  36,  37,  38,  40,  63,   4,   5,
      7,  33,  35,  36,  38,  55,  76,   1,   2,   7,  12,  15,  20,  22,  28,  29,
     33,  35,  36,  37,  38,  41,  45,  53,  55,  63,  74,   4,   6,   7,  11,  12,
     15,  18,  20,  22,  28,  29,  33,  35,  36,  37,  38,  40,  41,  45,  63,   1,
      5,   8,   9,  10,  11,  12,  13,  14,  15,  16,  17,  18,  19,  21,  22,  24,
     25,  28,  29,  31,  32,  35,  36,  41,  42,  43,  44,  45,  47,  48,  49,  60,
     61,  62,  66,  67,  68,  72,  75,   6,   7,  12,  14,  15,  20,  22,  28,  29,
     33,  35,  36,  37,  38,  40,  41,  53,  63,  74,   6,  11,  12,  14,  15,  16,
     20,  21,  29,  33,  35,  36,  37,  38,  40,  41,  63,  71,  35,  38,  33,  38,
      6,  28,   6,  11,  20,  28,   6,   9,  11,  12,  28,  29,  32,  37,  41,  62,
     63,  75,   1,   4,   6,   7,   9,  11,  12,  14,  15,  16,  17,  20,  21,  25,
     26,  27,  29,  33,  35,  36,  37,  38,  40,  41,  53,  55,  63,   1,   6,   7,
      8,  10,  13,  14,  16,  17,  18,  19,  20,  21,  22,  27,  28,  31,  33,  34,
     35,  36,  38,  40,  42,  43,  44,  50,  51,  52,  53,  55,  57,  66,  22,  29,
     33,  35,  36,  37,  38,  63,   6,  29,  33,  36,  37,  38,  63,   6,   9,  11,
     12,  15,  20,  29,  33,  35,  36,  37,  38,  40,  41,  58,  63,   5,   9,  11,
     21,  28,  29,  32,  41,  42,  43,  49,  63,  66,  72,  38,  11,  29,   5,   8,
     10,  13,  16,  17,  19,  21,  22,  27,  31,  42,  43,  49,  50,  51,  52,  53,
     55,  61,  72,   1,   3,   4,   7,   8,  10,  13,  14,  17,  18,  19,  20,  22,
     27,  31,  33,  34,  35,  36,  38,  40,  43,  50,  52,  53,  55,   5,   6,   8,
      9,  11,  12,  17,  18,  21,  28,  29,  32,  37,  38,  39,  41,  42,  43,  45,
     63,   8,  17,  18,  21,  35,  36,  38,  42,  43,  49,  72,   3,   5,   8,   9,
     10,  11,  12,  13,  15,  16,  17,  21,  22,  24,  27,  28,  29,  31,  32,  40,
     41,  42,  43,  45,  47,  48,  49,  50,  51,  52,  53,  54,  55,  56,  57,  59,
     62,  63,  66,  69,  72,  11,  12,  29,  41,  63,   3,   5,   8,   9,  10,  11,
     12,  13,  15,  16,  17,  18,  19,  20,  21,  22,  23,  28,  29,  31,  32,  40,
     41,  42,  43,  45,  47,  49,  50,  51,  52,  59,  63,  66,  72,   3,   5,   8,
      9,  10,  11,  12,  13,  15,  16,  17,  18,  19,  21,  22,  24,  28,  29,  31,
     32,  41,  42,  43,  45,  47,  49,  51,  52,  57,  59,  63,  66,  67,  69,  72,
     13,  16,  17,  18,  19,  21,  22,  27,  28,  31,  42,  43,  49,  51,  52,  53,
     55,  66,  72,   1,   3,   5,   8,   9,  10,  11,  12,  13,  15,  16,  17,  18,
     19,  21,  22,  23,  24,  28,  29,  31,  32,  41,  42,  43,  45,  47,  49,  50,
     51,  52,  53,  55,  56,  57,  59,  62,  63,  66,  67,  72,  17,  31,   1,   9,
     10,  13,  19,  20,  21,  22,  27,  31,  33,  35,  36,  38,  40,  41,  43,  73,
     74,  75,   5,   7,  13,  14,  17,  18,  19,  20,  21,  22,  27,  31,  33,  34,
     35,  36,  38,  40,  46,   7,  20,  40,  50,  52,  53,  55,   1,   6,   7,  12,
     14,  20,  22,  27,  40,  45,  50,  52,  53,  54,  55,  58,   6,   7,  20,  27,
     40,  50,  52,   1,   7,  20,  27,  40,  45,  50,  52,  53,  54,  55,  11,  17,
     28,  42,  43,  45,  49,  72,  43,  46,  52,   1,   7,  40,  52,  55,  42,  43,
     49,  72,  40,  46,   9,  11,  15,  16,  23,  43,  45,  69,   6,   7,  14,  20,
     22,  27,  40,  50,  52,  53,  55,   9,  15,  43,   5,   9,  11,  15,  17,  28,
     42,  43,  44,  45,  49,  50,  62,  69,  72,   9,  11,  17,  21,  28,  42,  43,
     45,  62,  42,  43,   5,   9,  11,  12,  17,  20,  28,  42,  43,  45,  49,  62,
     66,  69,  72,  17,  31,  43,   9,  11,  29,  33,  36,  38,  63,  33,  35,  36,
     38,  20,  20,   4,  19,  20,  22,  27,  33,  38,  40,  43,  52,  56,  75,  20,
     29,  33,  35,  36,  37,  38,  55,  63,  11,  12,  41,   6,  11,  29,  33,  35,
     36,  37,  38,   7,  20,  43,  52,  55,  14,  20,  52,   6,   7,  14,  20,  22,
     27,  40,  50,  52,  53,  55,  12,  17,  18,  21,  28,  32,  62,   5,  12,  17,
     18,  21,  28,  32,  49,  72,  27,  40,  17,  17,
};

static const int8_t dmsans_14_boldKernSparseValues[] = {
     -12,  -29,  -14,   14,  -37,  -31,  -33,  -25,  -19,  -48,   -3,   -9,   -3,  -14,  -31,  -15,
     -32,   -9,   -5,   -9,  -19,   -6,  -25,  -26,  -17,  -31,  -25,   -6,   -6,   -6,  -18,  -19,
     -16,  -16,  -14,  -21,  -17,  -16,   -7,  -27,  -21,  -21,   -9,   -3,   -9,  -12,  -21,  -56,
     -47,  -20,  -17,  -14,  -26,  -45,  -30,  -38,  -14,  -15,  -11,  -42,  -57,  -11,  -17,  -10,
     -13,  -25,  -22,  -22,  -35,  -28,   -9,  -37,  -35,  -26,  -42,  -29,  -14,  -21,  -14,  -26,
     -21,  -25,  -14,  -23,  -16,  -16,  -25,  -21,  -39,  -19,  -15,  -14,  -14,  -14,  -28,  -16,
     -14,  -37,   -9,  -37,  -33,  -43,  -28,  -19,   -7,  -19,  -23,  -23,  -12,  -22,  -28,  -26,
     -56,  -56,   -9,  -16,  -30,  -14,  -11,   -7,  -16,  -38,   22,  -14,  -19,    9,   14,    6,
      12,  -67,  -26,  -23,  -20,   -9,  -14,  -31,   28,   25,  -14,   34,  -14,  -39,  -16,  -14,
     -19,  -19,   -2,   -3,  -19,  -13,  -16,  -19,  -21,  -19,  -16,  -28,  -14,    9,   -5,   -2,
      -3,   -3,   -3,   -2,   -2,   -4,   -7,   -5,   -8,   -3,    6,    6,    6,   -3,   -5,   -3,
      -9,  -17,   -3,   -3,  -11,  -11,  -16,   -7,  -13,  -17,  -19,  -21,  -16,  -11,   -9,   16,
     -25,  -19,  -13,  -12,  -14,  -12,   14,   -3,    9,  -17,  -14,   -3,   -3,  -11,   -5,  -19,
      -3,   -7,   -7,  -19,  -14,  -21,   -6,   -3,   -3,   -7,  -12,   -3,  -14,  -17,  -16,  -16,
      -5,   -9,   -5,   -9,   -5,  -16,   -7,   -7,  -19,  -20,  -25,   -8,  -19,   -3,  -17,   14,
     -17,   -5,  -23,   -7,  -28,  -36,   -3,    9,   -5,   -5,  -25,  -11,   -5,   -3,   -5,  -13,
     -13,  -36,  -36,   -5,  -19,    9,    6,  -22,   -7,  -22,    6,  -28,   -5,   -7,  -18,  -16,
     -21,  -24,   -5,   -8,   -7,  -18,  -28,  -21,  -14,   -7,   -9,   -3,   -5,  -11,   -5,  -11,
      -7,  -15,  -19,  -19,  -21,  -16,  -25,   -3,  -11,   -9,  -20,  -14,  -23,   -3,   -3,   -3,
      -5,   -3,  -22,   -7,  -14,  -17,  -26,  -23,  -14,  -23,  -21,   15,  -14,  -17,  -21,   -6,
     -19,  -19,  -25,  -28,  -19,  -27,  -32,  -33,  -45,  -35,  -22,  -33,  -21,   -9,  -42,  -51,
     -44,  -19,  -21,  -19,  -30,  -20,  -20,  -14,  -23,   -3,  -13,   -9,   -3,  -21,   -5,  -14,
     -21,  -14,  -20,  -22,  -28,  -21,  -22,  -39,  -23,  -28,   -3,   -9,  -28,  -31,   -7,  -45,
     -13,  -14,  -19,  -14,   -9,   -7,  -16,  -14,   -5,  -11,  -16,  -16,   -3,  -19,  -35,  -14,
     -41,  -33,  -39,  -28,   -9,  -11,   -3,  -23,   -4,  -26,  -16,  -28,  -22,  -12,   -4,   -2,
      -3,  -10,   -9,  -10,  -14,  -13,  -14,   -3,   -3,   -6,   -9,  -17,   -9,  -27,  -19,  -14,
     -21,   -3,  -14,  -21,  -11,  -11,  -14,  -24,  -21,   -5,   -8,  -17,  -21,   -9,  -28,  -28,
      -3,  -19,  -35,  -22,  -19,  -20,  -12,   -9,  -56,   -9,   -9,  -19,   -9,  -14,   -7,  -23,
     -28,  -13,   -9,  -12,  -16,  -14,  -11,   -7,  -24,  -17,  -20,   -2,  -12,   -3,  -14,  -14,
     -23,  -19,   -2,  -28,  -14,  -31,  -48,  -22,  -30,  -16,  -17,   -7,  -11,  -12,  -21,  -22,
     -11,  -29,  -54,  -14,  -56,  -33,  -47,  -19,  -11,  -23,  -27,  -14,  -31,  -16,  -14,   -3,
     -43,  -33,  -35,  -22,   -3,   -2,  -17,  -34,  -31,  -14,   -2,   -9,  -31,  -15,  -12,  -19,
     -53,   -3,  -11,   -9,   -3,  -11,   -3,  -11,   -9,  -14,   -3,   -3,   -3,  -23,  -25,  -37,
     -23,  -37,  -31,  -13,   -4,   -4,  -28,   -7,   -3,  -26,    9,  -41,  -35,  -11,  -43,    9,
     -28,  -41,  -42,  -42,  -22,  -21,  -30,   -7,  -23,  -28,  -27,  -17,  -23,  -16,  -14,  -17,
     -41,  -44,  -28,  -42,  -30,   -9,  -14,  -14,  -19,  -21,  -14,  -28,  -22,  -35,  -16,  -37,
     -35,  -16,   -5,   -3,  -33,   -5,   -7,    9,  -15,  -10,  -14,  -45,  -41,  -11,  -28,   12,
     -44,  -30,  -28,  -31,  -12,  -22,   -9,   -2,   -3,  -17,  -52,  -30,  -22,   -3,  -23,  -22,
     -28,  -16,  -33,  -28,  -19,   -5,  -10,  -23,   -7,  -19,  -19,  -12,  -17,  -37,  -33,  -14,
     -19,  -33,  -28,  -25,  -21,   -3,  -16,   -3,   -3,  -14,  -14,  -41,   -8,   -9,  -25,  -16,
     -21,   -9,  -23,  -21,  -16,  -19,  -19,  -12,   -5,  -24,  -12,  -17,   -9,  -15,  -14,  -14,
     -12,  -16,   -9,   16,  -19,  -33,  -35,  -37,  -25,  -43,  -31,  -19,   -5,  -17,  -42,  -17,
     -21,  -21,  -16,  -17,  -26,  -51,  -39,  -21,  -40,  -33,  -39,  -42,  -40,  -16,  -33,  -14,
     -14,  -16,   -3,   -9,   -9,  -23,  -17,  -39,  -58,  -28,  -21,  -33,   -5,   -9,  -45,   22,
     -14,  -11,  -17,   -5,  -16,  -14,  -14,   -3,  -15,  -28,  -22,  -33,  -59,   21,  -14,  -31,
     -33,   17,  -19,  -38,  -28,  -26,  -26,  -25,  -35,   -7,  -25,  -33,  -21,   -8,  -28,  -19,
     -44,  -33,  -33,  -70,   18,  -20,   -5,  -21,   -3,   -7,   -2,   -8,  -25,  -21,  -23,   -7,
     -19,  -30,   -3,  -14,  -35,  -15,   -9,  -11,   -8,  -12,  -21,  -23,   -9,  -15,   -3,  -14,
     -25,   -3,   -8,  -25,  -15,  -16,   -9,  -26,   -6,   -3,   -9,   -9,  -16,  -12,  -14,   -9,
     -13,   -9,   -9,  -19,   -7,   -7,   -9,    9,    6,  -23,  -15,  -19,   -2,   -8,   -9,  -20,
     -22,  -11,  -16,   15,  -17,  -19,   15,    6,    3,   -4,   -6,   -4,   -6,  -18,   -3,  -17,
      -9,  -11,  -23,   -7,  -11,   -7,  -24,   10,   14,   -6,   -7,  -23,  -19,    6,   -9,  -21,
     -14,  -11,    9,  -12,   -8,    6,  -17,   -4,   -8,  -14,   -7,   -3,   -3,  -19,  -12,   -8,
      -9,   -5,   -6,  -12,   -6,  -31,  -35,  -19,  -14,    9,  -25,  -19,  -20,  -17,  -11,  -25,
      -3,   -8,  -11,   -5,  -17,  -23,  -17,  -23,  -22,  -14,  -14,  -23,  -27,  -17,  -17,  -14,
     -17,   12,  -16,  -12,  -16,   -5,   -5,  -16,  -25,  -25,  -17,   -9,   -5,    9,   16,   -7,
     -12,  -28,  -30,   -8,  -16,  -28,   -3,  -10,   -7,  -21,  -19,  -16,  -22,  -21,  -25,  -21,
     -19,  -33,  -30,  -28,  -16,   -2,  -21,  -14,   -5,   -7,   -4,   -6,  -18,   -3,  -17,   -9,
     -11,  -23,   -7,  -11,   -7,  -12,  -47,  -33,  -17,   -3,  -39,  -37,  -40,  -26,  -53,  -26,
     -21,  -19,  -47,  -40,  -25,  -25,   -6,  -40,  -21,  -80,
};

static const EpdLigaturePair dmsans_14_boldLigaturePairs[] = {
    { 0x00660069, 0xFB01 }, // f i -> U+FB01
    { 0x0066006C, 0xFB02 }, // f l -> U+FB02
};

static const EpdFontData dmsans_14_bold = {
    dmsans_14_boldBitmaps,
    dmsans_14_boldGlyphs,
    dmsans_14_boldIntervals,
    48,
    38,
    29,
    -10,
    true,
    dmsans_14_boldGroups,
    12,
    nullptr,
    nullptr,  // kernLeftClasses: built-in fonts use the split arrays below
    nullptr,  // kernRightClasses
    dmsans_14_boldKernLeftCodepoints,
    dmsans_14_boldKernLeftClassIds,
    dmsans_14_boldKernRightCodepoints,
    dmsans_14_boldKernRightClassIds,
    nullptr,  // kernMatrix: built-in fonts use the sparse form below
    dmsans_14_boldKernRowOffsets,
    dmsans_14_boldKernSparseCols,
    dmsans_14_boldKernSparseValues,
    218,
    260,
    81,
    77,
    dmsans_14_boldLigaturePairs,
    2,
};
