/**
 * generated by fontconvert.py
 * name: dmsans_18_italic
 * size: 18
 * mode: 2-bit  compressed: true
 * Command used: fontconvert.py dmsans_18_italic 18 ../builtinFonts/source/DMSans/DMSans-Italic.ttf --2bit --compress --pnum --zopfli
 */
#pragma once
#include "EpdFontData.h"

static const uint8_t dmsans_18_italicBitmaps[17553] = {
    0xC5, 0x9A, 0x3D, 0xAC, 0xE4, 0xD6, 0x75, 0xC7, 0x2F, 0x67, 0x20, 0x13, 0x10, 0x0B, 0xBA, 0xD0,
    0x3A, 0x81, 0x55, 0xB0, 0x71, 0x13, 0x21, 0x00, 0x7B, 0xC0, 0x5A, 0x52, 0x31, 0x10, 0x95, 0xDA,
    0x00, 0x7A, 0x12, 0x90, 0x2D, 0xB6, 0x49, 0x13, 0xA5, 0x78, 0x3D, 0xB0, 0x7A, 0x64, 0xE2, 0x1E,
    0x51, 0xA3, 0xD4, 0x2A, 0xB6, 0x90, 0x9E, 0x0B, 0xF5, 0x80, 0xDE, 0x90, 0x81, 0x8A, 0x14, 0x2E,
    0x3C, 0x4A, 0x22, 0xA8, 0x70, 0x21, 0x02, 0xB1, 0x12, 0x40, 0x29, 0x44, 0xDB, 0x14, 0xCC, 0x27,
    0x91, 0xBC, 0x39, 0xFF, 0xDF, 0x7D, 0xDC, 0x99, 0xE7, 0x59, 0x2D, 0x64, 0x19, 0x81, 0x07, 0x73,
    0xCF, 0xE1, 0xF0, 0xE3, 0x9E, 0x73, 0xFF, 0xF7, 0x7C, 0xDD, 0xCB, 0x71, 0x77, 0x9C, 0xAB, 0x9C,
    0x6B, 0x9C, 0xDB, 0x39, 0x37, 0x3B, 0x37, 0xE9, 0x1B, 0x4D, 0x6E, 0x33, 0xBA, 0xCD, 0xE0, 0xB6,
    0xFD, 0xCD, 0x37, 0xEE, 0x5C, 0xBC, 0x77, 0x49, 0xEB, 0xD2, 0xF0, 0xAD, 0xDD, 0xB3, 0xA5, 0x7B,
    0xFC, 0x29, 0xAC, 0x83, 0x52, 0xDF, 0x82, 0x9F, 0x51, 0x79, 0x2F, 0xF9, 0xF7, 0x21, 0xFD, 0xB0,
    0x4F, 0x7F, 0xDA, 0x65, 0x71, 0x7B, 0x37, 0x69, 0x5F, 0x4C, 0xCB, 0x87, 0x99, 0xFB, 0xFE, 0x33,
    0x76, 0x51, 0x02, 0x5F, 0x15, 0xBF, 0x30, 0x01, 0xE2, 0x93, 0xFA, 0x17, 0x97, 0x10, 0xA7, 0x93,
    0xC9, 0xDE, 0xF8, 0xB6, 0x97, 0x20, 0xA7, 0x93, 0x59, 0x6D, 0x3C, 0xDD, 0xD3, 0xBB, 0xE7, 0xD3,
    0x46, 0x2B, 0xBF, 0x6C, 0x2E, 0x2F, 0x97, 0xCB, 0x52, 0xDD, 0x45, 0xA3, 0xBA, 0xB9, 0x5A, 0xBB,
    0x83, 0xEB, 0xE4, 0xED, 0xEE, 0x7A, 0x97, 0x19, 0xAF, 0x78, 0xBC, 0xBF, 0xE1, 0x9D, 0x7B, 0xA3,
    0xF9, 0xFC, 0xD2, 0x5F, 0xBE, 0xC5, 0x50, 0x26, 0x86, 0xB4, 0x76, 0x77, 0xAC, 0x25, 0xDD, 0xAD,
    0x5A, 0xD2, 0x5D, 0xE8, 0x96, 0xCF, 0x3B, 0x0C, 0x1D, 0xD9, 0x1B, 0xE8, 0xF3, 0xD7, 0x3A, 0xF4,
    0xDE, 0xC4, 0xA7, 0xDE, 0x5B, 0x6F, 0xC5, 0x27, 0x9F, 0x18, 0xC2, 0x3E, 0x6E, 0xBD, 0xF5, 0x97,
    0xB4, 0x8D, 0xDB, 0x4C, 0x69, 0x5B, 0x19, 0xD4, 0x69, 0xFD, 0x82, 0x68, 0xE9, 0xEC, 0x4C, 0xA6,
    0x5E, 0xFC, 0xB9, 0x3A, 0x68, 0xBC, 0x68, 0xEE, 0xDF, 0x92, 0xDE, 0xDE, 0x1E, 0x95, 0xDE, 0xC2,
    0xE2, 0xCD, 0x46, 0x3A, 0x7C, 0x90, 0x4A, 0xCC, 0xB4, 0x95, 0x9E, 0xA3, 0xCD, 0xD7, 0xCE, 0x0D,
    0xA2, 0x91, 0x68, 0x13, 0xF5, 0xDB, 0xC1, 0x55, 0x7F, 0xD5, 0x27, 0xBD, 0x2B, 0x3E, 0xEC, 0xF3,
    0xBD, 0xCB, 0xBE, 0xFE, 0x6F, 0x7B, 0x36, 0xF1, 0x7E, 0xA6, 0x67, 0x75, 0x90, 0xFC, 0xA7, 0x13,
    0x45, 0xFF, 0xB4, 0x16, 0x65, 0x82, 0xDC, 0x0F, 0x4D, 0xE0, 0x73, 0xA6, 0xC4, 0x24, 0x8B, 0x88,
    0xBF, 0xF2, 0x1A, 0x6D, 0xD6, 0x16, 0xA5, 0x8D, 0xBC, 0xB0, 0x1B, 0x6D, 0xC0, 0x6F, 0x1A, 0x33,
    0xA4, 0x1E, 0xBA, 0xB4, 0xBC, 0x32, 0x45, 0x5C, 0xF6, 0xD2, 0x28, 0x56, 0x08, 0xA3, 0x0B, 0x77,
    0x25, 0x48, 0x8A, 0xFF, 0x1D, 0x73, 0x1B, 0x50, 0xE6, 0xBB, 0x0B, 0xC1, 0xB0, 0x00, 0x2B, 0x80,
    0x21, 0x74, 0x0F, 0xCB, 0xEA, 0x46, 0xBF, 0xAB, 0x2D, 0x5A, 0x4D, 0xE9, 0x67, 0x8D, 0xDD, 0x31,
    0x14, 0x65, 0x6E, 0x77, 0x74, 0x77, 0x5D, 0x56, 0x9A, 0xDC, 0x0F, 0x4C, 0x88, 0x2B, 0x24, 0xA4,
    0x74, 0xB3, 0xB1, 0xDC, 0xA0, 0x32, 0x76, 0xA1, 0xA9, 0xAC, 0xA2, 0x49, 0xF8, 0x17, 0xDE, 0x46,
    0x59, 0xBA, 0x04, 0x70, 0x6E, 0xCC, 0x2B, 0x92, 0x51, 0x08, 0x3D, 0x04, 0x7A, 0x3F, 0x49, 0xF8,
    0x1C, 0x2D, 0xC1, 0x06, 0x9A, 0xA0, 0x43, 0x65, 0x8C, 0xF9, 0xC3, 0xBE, 0x60, 0x1D, 0x2C, 0xE9,
    0x61, 0xC2, 0x56, 0xDA, 0xCF, 0xB0, 0xCC, 0xC3, 0xBC, 0x6F, 0xDD, 0xB3, 0xF5, 0x76, 0x32, 0xF8,
    0xF3, 0x3A, 0xED, 0xE2, 0xD1, 0x55, 0x76, 0x10, 0xCD, 0x6E, 0xC6, 0x11, 0x7E, 0xA2, 0x99, 0x70,
    0xC5, 0xCF, 0x7B, 0x77, 0xA5, 0x89, 0x6F, 0xE5, 0x55, 0x5B, 0x5F, 0xBA, 0x05, 0x14, 0x24, 0x39,
    0xB1, 0x5F, 0x55, 0xED, 0x2A, 0xBB, 0x56, 0x5C, 0xDF, 0xF7, 0xAF, 0xF4, 0xD8, 0xC7, 0x76, 0x94,
    0xB1, 0xD4, 0xD2, 0xF0, 0x99, 0x7B, 0x4C, 0x46, 0x99, 0xB6, 0x59, 0x9D, 0xD9, 0x80, 0xEF, 0xBA,
    0x17, 0xDD, 0x8F, 0xDD, 0x73, 0x8C, 0x0D, 0xA5, 0xA4, 0xAD, 0x46, 0x4C, 0xA7, 0x63, 0x50, 0x17,
    0xD0, 0x4B, 0xBC, 0x59, 0x22, 0xA3, 0x49, 0x50, 0x6A, 0xB0, 0xC2, 0x52, 0x97, 0x69, 0x38, 0x53,
    0x5E, 0x73, 0x6B, 0x68, 0xEE, 0x56, 0x5B, 0xCF, 0x73, 0x4F, 0xD6, 0x22, 0x09, 0x50, 0xE2, 0x1E,
    0xC9, 0xF4, 0xEB, 0x1A, 0x6E, 0x94, 0x8A, 0x76, 0xE2, 0xDE, 0xEF, 0x9D, 0xCC, 0xC3, 0x53, 0x28,
    0xB5, 0x55, 0x1B, 0x50, 0x92, 0x9B, 0xB8, 0xF1, 0x09, 0x8D, 0x6B, 0x23, 0xF7, 0x71, 0xBF, 0x9E,
    0x8B, 0x3B, 0xFA, 0x41, 0x6B, 0x34, 0x3E, 0x1E, 0x18, 0x4A, 0x21, 0xAA, 0x0A, 0xA7, 0xE2, 0x21,
    0xE8, 0x7B, 0x87, 0x39, 0x12, 0x80, 0xF2, 0x5B, 0x0B, 0x5E, 0x51, 0xF7, 0xA3, 0xF4, 0xA3, 0x8F,
    0xA6, 0xE4, 0xFA, 0x97, 0x83, 0x6B, 0x0C, 0x2F, 0x9B, 0xB6, 0xC8, 0x78, 0xFE, 0x3F, 0xE7, 0x5D,
    0xF1, 0xF2, 0xCB, 0xDD, 0x9F, 0x27, 0x65, 0xED, 0x52, 0xE7, 0x68, 0xCF, 0xBA, 0xF5, 0x93, 0x97,
    0x22, 0x0E, 0x50, 0x56, 0x72, 0x57, 0xE4, 0xCD, 0x10, 0x15, 0x5C, 0xA1, 0xF8, 0x01, 0xB9, 0xF3,
    0xDA, 0x7C, 0x76, 0x0F, 0xED, 0x5D, 0x34, 0xAC, 0xDE, 0xBF, 0x3D, 0x90, 0x8E, 0x90, 0xC8, 0x53,
    0xD3, 0x66, 0xD8, 0x76, 0x49, 0x9B, 0xD6, 0x99, 0xCD, 0xE8, 0x8F, 0x10, 0xA4, 0x2E, 0xAC, 0x2D,
    0x77, 0xCE, 0xCE, 0xCE, 0x24, 0xA7, 0x29, 0x1B, 0xB9, 0x16, 0x9F, 0x77, 0x43, 0xA4, 0xA1, 0x23,
    0x66, 0x11, 0x30, 0x40, 0x03, 0x95, 0xE4, 0x6C, 0xE0, 0x07, 0x78, 0xDC, 0xC6, 0x44, 0x81, 0x1B,
    0x70, 0x68, 0x46, 0x44, 0x50, 0x9A, 0x7B, 0xFF, 0xD0, 0x2E, 0x87, 0xD3, 0x2E, 0xC1, 0xE6, 0x05,
    0xE7, 0x0E, 0x6E, 0x56, 0x79, 0xCD, 0x9B, 0x8D, 0xC4, 0xEE, 0xB8, 0x8E, 0x7C, 0xEB, 0xAA, 0xBD,
    0xB3, 0x98, 0xE3, 0x85, 0xF6, 0x96, 0xC9, 0x09, 0xE6, 0x93, 0x76, 0x9A, 0x62, 0x75, 0xB2, 0x99,
    0x24, 0x31, 0x9A, 0x8A, 0x52, 0xB4, 0x72, 0x3A, 0x1F, 0xE8, 0x0E, 0xA9, 0xD0, 0x1E, 0x6F, 0x85,
    0x26, 0xDD, 0x0E, 0x1D, 0x44, 0xF3, 0xB6, 0x92, 0xCC, 0x32, 0x38, 0x40, 0xD1, 0x3A, 0x13, 0x91,
    0xF5, 0xFA, 0x26, 0xCB, 0x6B, 0xBE, 0x95, 0x1B, 0x2D, 0x28, 0x05, 0xF2, 0x21, 0x1A, 0xD8, 0xCF,
    0xD6, 0xE2, 0x43, 0xE5, 0xCB, 0x5D, 0xE5, 0xCA, 0x02, 0xB3, 0xD9, 0x7D, 0x43, 0xD2, 0x1B, 0xC8,
    0x78, 0x24, 0xBD, 0xA4, 0xD3, 0xB8, 0x49, 0x7A, 0x1A, 0x7B, 0x5E, 0xEB, 0x0B, 0xA4, 0xDF, 0xB3,
    0xC9, 0x89, 0x14, 0x0A, 0x12, 0xE5, 0x91, 0xBC, 0x4B, 0x26, 0xD3, 0x28, 0x9A, 0xD4, 0xDD, 0x6C,
    0xCC, 0xED, 0x36, 0x83, 0xC8, 0x3B, 0x12, 0xB0, 0x02, 0x2A, 0x02, 0xA0, 0x49, 0x7F, 0x6B, 0x7A,
    0x96, 0x35, 0xD4, 0x10, 0x7D, 0x2A, 0x01, 0xC3, 0x98, 0x75, 0x6B, 0xD1, 0xDE, 0xFA, 0xF5, 0xD5,
    0xE5, 0xE5, 0x3B, 0x8D, 0xAC, 0x8E, 0xBC, 0x65, 0x6A, 0xBC, 0x47, 0x44, 0xDA, 0xBB, 0x58, 0x29,
    0x26, 0x1B, 0xE2, 0xC9, 0x15, 0xB5, 0x75, 0xB8, 0x68, 0x6C, 0x52, 0x23, 0x7A, 0x64, 0x04, 0x0D,
    0x40, 0xF7, 0x46, 0xF8, 0x6B, 0x8D, 0x75, 0xEB, 0x67, 0x9E, 0x35, 0x72, 0xA6, 0x9F, 0x02, 0x50,
    0x70, 0xA3, 0x24, 0x66, 0x72, 0xA1, 0xA3, 0x4A, 0x13, 0x51, 0xE9, 0x42, 0x51, 0x1A, 0x18, 0xA6,
    0x4F, 0xD5, 0x66, 0xD7, 0xAF, 0x7B, 0x0D, 0x7C, 0x34, 0x08, 0x94, 0x9E, 0x9E, 0x01, 0x64, 0xE3,
    0xD0, 0xA6, 0x26, 0x87, 0x89, 0xC6, 0xBE, 0xD4, 0xB0, 0x3C, 0x96, 0x5E, 0x88, 0xCE, 0x05, 0xFD,
    0x5F, 0x30, 0xA7, 0x57, 0x58, 0x9E, 0x68, 0x15, 0xA2, 0x80, 0xA8, 0x81, 0x3F, 0xCA, 0x2A, 0xA3,
    0x51, 0xF0, 0x08, 0xC6, 0x59, 0xE7, 0x36, 0xA3, 0x68, 0xD2, 0x89, 0x66, 0x1F, 0x9F, 0xDD, 0xFF,
    0xB2, 0x2C, 0x84, 0xC1, 0x1E, 0xDA, 0x9A, 0xFB, 0x3C, 0xF8, 0x18, 0x59, 0xAD, 0x03, 0x5B, 0x68,
    0x1D, 0x5C, 0x59, 0x14, 0xE1, 0xF2, 0x31, 0xEC, 0x94, 0x69, 0x33, 0x0D, 0xD3, 0x8F, 0x75, 0x26,
    0xBD, 0x75, 0x1F, 0xAE, 0x0E, 0x7D, 0x08, 0x9D, 0x48, 0xE4, 0x5F, 0xE9, 0xA1, 0x48, 0xC8, 0x2B,
    0x9A, 0xC7, 0x93, 0x8C, 0x2E, 0x9A, 0x81, 0x6B, 0xE1, 0xB6, 0xEA, 0x88, 0x5E, 0x1C, 0xD1, 0x2B,
    0xBA, 0x9C, 0x6C, 0x28, 0x1A, 0x42, 0xDE, 0x52, 0x82, 0x74, 0x72, 0x0F, 0x59, 0x6B, 0x29, 0x6B,
    0x9D, 0x6F, 0x5B, 0x2B, 0xB3, 0x4A, 0x96, 0xDE, 0xA3, 0xED, 0xE0, 0xC2, 0xC4, 0x32, 0xB3, 0x88,
    0xAB, 0x98, 0xC9, 0x02, 0x27, 0xBE, 0x23, 0x4C, 0x0E, 0x03, 0xAF, 0xFF, 0xC1, 0x4C, 0x2E, 0x7F,
    0x59, 0x1E, 0x50, 0xE4, 0xD2, 0xB9, 0xD8, 0x95, 0xE7, 0x9D, 0xAB, 0x06, 0x19, 0x50, 0xD5, 0xCA,
    0xCE, 0x9A, 0x5A, 0x8F, 0x37, 0xC2, 0x1B, 0xAA, 0x84, 0xA5, 0x33, 0x15, 0x13, 0xCF, 0x54, 0x4B,
    0x54, 0x8A, 0x0F, 0x57, 0x76, 0x30, 0xDF, 0x5F, 0x50, 0x64, 0x44, 0x29, 0x81, 0xC5, 0x84, 0x2B,
    0x64, 0xDD, 0x13, 0xFC, 0x43, 0x25, 0x62, 0x3F, 0xEF, 0x1F, 0x02, 0x45, 0xBD, 0x62, 0xB9, 0x3B,
    0x58, 0xFE, 0x69, 0xC4, 0x01, 0xAE, 0x79, 0xB5, 0xCC, 0x2D, 0x8F, 0x77, 0xB7, 0x7C, 0x63, 0xB5,
    0x5D, 0x29, 0x7E, 0x1C, 0x89, 0xD6, 0xC7, 0x8F, 0xE1, 0x52, 0xD2, 0x20, 0xD3, 0x67, 0xC3, 0xC6,
    0x03, 0x17, 0xA5, 0xAD, 0x3A, 0x9A, 0xA1, 0xD3, 0x63, 0x8A, 0xD4, 0x9D, 0xAE, 0x46, 0xFA, 0xB9,
    0xCF, 0x3A, 0xE5, 0x65, 0x59, 0xEB, 0xF3, 0xD0, 0xE6, 0xF3, 0x66, 0xEF, 0xB6, 0xB3, 0x4B, 0x64,
    0x72, 0xD2, 0x2E, 0x6D, 0x75, 0x67, 0x5E, 0x32, 0x95, 0x81, 0x32, 0xAE, 0xA2, 0xD4, 0xC0, 0x8A,
    0x5A, 0x77, 0xE6, 0x20, 0x96, 0xDA, 0xB4, 0xD6, 0x82, 0x8B, 0x4A, 0xEB, 0x78, 0x5A, 0x7F, 0x68,
    0xBE, 0x48, 0x92, 0x57, 0x2D, 0x21, 0x6D, 0xAB, 0xFD, 0xF3, 0x93, 0xBC, 0x3B, 0x9A, 0x19, 0xDE,
    0x8E, 0xF1, 0x55, 0x21, 0xBB, 0x83, 0x52, 0xA0, 0x55, 0x29, 0xDA, 0x70, 0xDE, 0x0B, 0xA0, 0xAD,
    0xD7, 0x6C, 0xA6, 0xDE, 0x6D, 0x97, 0x97, 0x9A, 0x0B, 0xCA, 0x9B, 0x9D, 0x6A, 0x9D, 0xBD, 0x9C,
    0xE8, 0x11, 0x70, 0x81, 0x28, 0x90, 0xFE, 0x05, 0xA8, 0x5F, 0x00, 0x6A, 0x01, 0x00, 0x05, 0x55,
    0x46, 0xF6, 0xE5, 0x83, 0x91, 0x41, 0x5B, 0xAF, 0x11, 0x11, 0x93, 0xC2, 0x83, 0xC8, 0xBF, 0x9D,
    0xB6, 0x93, 0xFC, 0xEF, 0xF4, 0x43, 0x8E, 0xAA, 0x0F, 0x39, 0x2A, 0xB3, 0xEE, 0x5A, 0x7D, 0x99,
    0x90, 0xA7, 0x7E, 0x88, 0xB2, 0x78, 0x71, 0x1C, 0x62, 0x6A, 0xA9, 0x0C, 0xFB, 0x63, 0x17, 0x32,
    0x61, 0x6C, 0xE2, 0x72, 0x03, 0xCB, 0xD0, 0x8F, 0x27, 0x82, 0x91, 0xC9, 0xD1, 0x14, 0x70, 0x58,
    0xD5, 0xA1, 0x31, 0x4F, 0x2A, 0x28, 0x00, 0xB7, 0x0C, 0xF1, 0x31, 0x55, 0x72, 0xD1, 0xA0, 0xB1,
    0x03, 0xCA, 0x6D, 0xDF, 0x66, 0x46, 0xEA, 0x67, 0x2F, 0x2F, 0x95, 0xA0, 0x4E, 0x3E, 0xB2, 0xDD,
    0x57, 0x5D, 0xA3, 0x39, 0x32, 0x32, 0xB9, 0x33, 0xFB, 0x29, 0x9C, 0x9D, 0x26, 0xF0, 0xD0, 0x9F,
    0xD7, 0x70, 0x91, 0x8A, 0x7E, 0x48, 0x8D, 0x27, 0xF4, 0x94, 0xF0, 0x55, 0x39, 0xE9, 0xA9, 0xCA,
    0x62, 0xB0, 0x29, 0xAE, 0xD7, 0xA4, 0x58, 0xF9, 0x1E, 0xDF, 0xB6, 0xD3, 0x91, 0x97, 0xDF, 0x17,
    0x65, 0x11, 0xA2, 0x1D, 0x45, 0x2D, 0x1E, 0x12, 0x48, 0xBE, 0xA6, 0x68, 0xB9, 0x36, 0x72, 0x5E,
    0xF3, 0x9D, 0x9E, 0x35, 0x09, 0xCB, 0x5B, 0xC7, 0x65, 0x04, 0x24, 0x3A, 0x1D, 0x10, 0xFD, 0x00,
    0x05, 0x84, 0x9F, 0x7C, 0xB0, 0x3A, 0x7F, 0x0D, 0xDF, 0x90, 0x31, 0x24, 0xEF, 0xFA, 0x6F, 0xE4,
    0xD0, 0x2E, 0x32, 0x01, 0x80, 0x1A, 0xAF, 0x9E, 0x89, 0xDB, 0x29, 0xE2, 0x12, 0xBA, 0xC8, 0x8B,
    0x96, 0xE8, 0xA2, 0xF2, 0x42, 0x3A, 0x54, 0xFE, 0x9F, 0xDB, 0xC2, 0xA6, 0xCE, 0xFA, 0xF9, 0xB4,
    0xCE, 0x6D, 0x02, 0x13, 0xF3, 0xB2, 0x32, 0x2B, 0x53, 0x59, 0x67, 0x63, 0x2C, 0xC7, 0xB6, 0x6C,
    0x5A, 0xEF, 0x2A, 0x7E, 0xEA, 0xE0, 0x45, 0x15, 0x1D, 0x77, 0xED, 0xE0, 0x4D, 0x37, 0xE9, 0x20,
    0x73, 0x0F, 0x75, 0xF0, 0xA2, 0xCB, 0x75, 0xC0, 0x92, 0xC1, 0x1A, 0x62, 0x5E, 0xB4, 0x83, 0xD9,
    0x6D, 0x26, 0x63, 0x0F, 0x5D, 0xE3, 0x92, 0x29, 0x1A, 0xAC, 0xD6, 0x2A, 0xF6, 0xD5, 0x45, 0xDC,
    0xE9, 0x49, 0x3F, 0x15, 0x5E, 0xF6, 0x1B, 0xFB, 0x7D, 0x3A, 0x1F, 0x8D, 0x70, 0x5D, 0x7E, 0x81,
    0x12, 0x9F, 0x68, 0x5E, 0x47, 0x5E, 0x75, 0xEE, 0x7B, 0xDC, 0x97, 0x10, 0xF2, 0x43, 0x90, 0x58,
    0xCA, 0x70, 0xD7, 0x59, 0xE0, 0x14, 0xB0, 0xA4, 0x57, 0x7A, 0x83, 0xE6, 0x23, 0x4F, 0x4F, 0xA2,
    0x73, 0x28, 0x85, 0x26, 0x24, 0x5C, 0xB1, 0x20, 0xDD, 0x21, 0xB6, 0x22, 0x08, 0x85, 0xB2, 0x59,
    0x74, 0x17, 0xC2, 0x82, 0x9D, 0x63, 0xBD, 0xA4, 0x38, 0x2F, 0xE5, 0x28, 0x1F, 0x94, 0xB0, 0x1E,
    0xEC, 0x5D, 0xC1, 0x0C, 0x54, 0xD0, 0xF9, 0xEC, 0xEC, 0xF5, 0x9E, 0x72, 0xB7, 0x0F, 0x45, 0x72,
    0xD2, 0x89, 0xA6, 0xAD, 0x3C, 0x37, 0xD4, 0x46, 0x95, 0x13, 0x35, 0x53, 0x35, 0x05, 0xF5, 0xD4,
    0xAF, 0xA4, 0xBE, 0x57, 0x66, 0x3F, 0x53, 0xE2, 0x98, 0x99, 0x6C, 0xB9, 0x8A, 0xA8, 0x12, 0x26,
    0x54, 0x7D, 0x66, 0xAD, 0x82, 0x6D, 0x51, 0xAA, 0xE7, 0x86, 0xE4, 0x39, 0xD9, 0x42, 0xEE, 0xD2,
    0xC4, 0xC6, 0x5E, 0x66, 0x95, 0xE8, 0x58, 0xAA, 0xC5, 0x6B, 0x60, 0x93, 0xDC, 0x99, 0xF9, 0xDF,
    0xE1, 0xC9, 0x57, 0x58, 0xE5, 0x6C, 0x7D, 0x10, 0xE4, 0x08, 0xBF, 0x05, 0xD6, 0x5E, 0x5D, 0xFE,
    0xCC, 0xB7, 0xC1, 0x75, 0x9C, 0x57, 0xF6, 0xD7, 0xE7, 0x8D, 0x47, 0xE0, 0x46, 0x68, 0x8B, 0x3C,
    0x29, 0x2B, 0x59, 0xCA, 0x4C, 0xA1, 0x55, 0x96, 0x8C, 0x57, 0x3B, 0x2D, 0x78, 0x71, 0xA8, 0xED,
    0x00, 0x23, 0xD2, 0xDF, 0x21, 0xB6, 0x81, 0xA5, 0xA8, 0x04, 0xC2, 0xA0, 0x6B, 0x80, 0xDF, 0xDD,
    0x62, 0xCB, 0xCA, 0x8E, 0x4F, 0x36, 0xB2, 0xDC, 0x47, 0x3C, 0x40, 0x3C, 0xC6, 0x8B, 0xF3, 0x3D,
    0x18, 0xA5, 0x23, 0xB6, 0xBE, 0xF5, 0x6F, 0x9F, 0xCF, 0x0E, 0xAD, 0xA9, 0xBF, 0x6E, 0x4C, 0x01,
    0x43, 0x30, 0x94, 0x83, 0xC0, 0xE0, 0x23, 0xE0, 0x2C, 0xA0, 0xEF, 0x7B, 0x80, 0x71, 0x79, 0x8F,
    0x3B, 0xC4, 0x23, 0x2C, 0x22, 0x90, 0xE9, 0xC2, 0x66, 0x44, 0x05, 0x46, 0x54, 0x09, 0xE9, 0x23,
    0x16, 0xDF, 0xB0, 0x0E, 0x96, 0x88, 0xED, 0x04, 0xBA, 0x9E, 0x63, 0xD0, 0xC0, 0xAE, 0xCE, 0xB2,
    0x16, 0xAD, 0x05, 0x41, 0xDC, 0x0B, 0x79, 0xDD, 0x56, 0x04, 0xEF, 0x2C, 0xA8, 0xFF, 0x00, 0x7F,
    0x74, 0x86, 0xFE, 0xFB, 0x7E, 0x8F, 0x7E, 0x61, 0x24, 0x0B, 0xA8, 0xB1, 0x78, 0xC0, 0xB0, 0x74,
    0x49, 0x74, 0x47, 0x40, 0x9B, 0x57, 0x37, 0x5E, 0x29, 0x5A, 0xA3, 0xB4, 0x04, 0x42, 0xFB, 0x03,
    0x8D, 0xBF, 0x3C, 0x33, 0x30, 0xE2, 0xE3, 0xFA, 0x68, 0xBF, 0xFA, 0xD8, 0x4A, 0x33, 0x68, 0x7E,
    0x5C, 0x31, 0x05, 0xEA, 0x0E, 0xB4, 0xB2, 0xA8, 0xBB, 0x2A, 0x62, 0x64, 0xB9, 0xA5, 0x61, 0x79,
    0xD0, 0xF0, 0xEC, 0x3B, 0x69, 0xE8, 0x56, 0x23, 0xA6, 0x9B, 0xEF, 0xA8, 0xE1, 0x91, 0xE9, 0xCC,
    0xD0, 0x63, 0x23, 0x26, 0x21, 0x52, 0xEE, 0xA4, 0xCB, 0xBD, 0x07, 0x02, 0xBF, 0xC3, 0x80, 0x3C,
    0xF9, 0x06, 0x23, 0xCE, 0x5B, 0x82, 0x66, 0xB6, 0x4F, 0x3B, 0x96, 0xEA, 0xD9, 0xA9, 0x11, 0x23,
    0x05, 0x46, 0x46, 0x6A, 0x77, 0x8F, 0xD9, 0x33, 0x67, 0x55, 0xBD, 0x0B, 0xF7, 0x1D, 0xB3, 0x26,
    0x3C, 0xE0, 0x79, 0x7C, 0x6B, 0xAC, 0x95, 0x17, 0x91, 0x7C, 0xF2, 0xD9, 0x25, 0xAA, 0x14, 0x66,
    0x8C, 0x78, 0x9C, 0x40, 0x77, 0x3F, 0x61, 0xC4, 0x6E, 0x7C, 0x6C, 0xC4, 0xCF, 0x49, 0x17, 0x04,
    0x4A, 0x93, 0x1D, 0x00, 0x28, 0x04, 0x53, 0xEF, 0xC0, 0x00, 0xB9, 0x82, 0xB1, 0x65, 0x06, 0x0A,
    0xA0, 0x3D, 0x07, 0xB8, 0x27, 0x21, 0xBD, 0xB2, 0x88, 0xB0, 0x71, 0xF9, 0xB3, 0x51, 0x90, 0xCB,
    0xAB, 0x13, 0x18, 0xA0, 0xB3, 0xF5, 0xB5, 0xB2, 0x75, 0x5F, 0x2D, 0xE9, 0x80, 0x20, 0xD9, 0x4B,
    0xB0, 0x2E, 0x14, 0x37, 0x8C, 0x79, 0x09, 0xAC, 0x3E, 0xE8, 0x07, 0x52, 0x28, 0x86, 0xF2, 0x95,
    0xDB, 0x99, 0xB6, 0xB3, 0x09, 0x9F, 0xA2, 0x71, 0x33, 0x6E, 0x07, 0xC5, 0xC6, 0xB8, 0x8F, 0xBB,
    0xA4, 0x4B, 0xF7, 0x69, 0x9B, 0xB6, 0x59, 0x9B, 0xD7, 0x79, 0xA9, 0x44, 0x5A, 0x70, 0xF3, 0xBC,
    0x2E, 0xF6, 0xD1, 0x3D, 0x68, 0x0E, 0x89, 0x21, 0xDD, 0xBA, 0xD3, 0x94, 0x42, 0xDA, 0x95, 0x64,
    0x22, 0xF9, 0x71, 0xEA, 0x3D, 0x26, 0x17, 0xAB, 0x69, 0xAC, 0x2B, 0x37, 0xE0, 0xDA, 0x09, 0x8C,
    0x8A, 0x02, 0xB9, 0xD4, 0xA6, 0xDA, 0x67, 0xCD, 0xDE, 0xC0, 0x27, 0xAA, 0x8C, 0x84, 0x31, 0x46,
    0xA0, 0x64, 0x52, 0x11, 0x7A, 0x76, 0x32, 0x15, 0x61, 0xEF, 0xD5, 0x0F, 0x71, 0x83, 0x99, 0x9C,
    0xE4, 0xD3, 0xD1, 0xB4, 0x99, 0x65, 0xE4, 0xC9, 0x20, 0xCD, 0x73, 0xD0, 0x6C, 0xA4, 0xFB, 0x6F,
    0x67, 0x87, 0x79, 0x07, 0x5A, 0x6A, 0xFE, 0x29, 0x70, 0xC6, 0x4C, 0x14, 0x63, 0x4B, 0xDB, 0xB8,
    0x27, 0xC2, 0x8F, 0x1A, 0x83, 0x8C, 0x31, 0x5F, 0xCB, 0xDB, 0xC6, 0xAD, 0x05, 0x1E, 0xC2, 0x2B,
    0xD9, 0xA7, 0x14, 0xB1, 0xC7, 0x66, 0x30, 0xC1, 0x40, 0xAA, 0x30, 0x3C, 0xE9, 0xA6, 0xD3, 0x98,
    0xC2, 0xC9, 0xF6, 0x0B, 0x4D, 0x8F, 0x80, 0x62, 0x72, 0xD8, 0x8A, 0xA1, 0x49, 0x1B, 0xE1, 0x97,
    0xDF, 0xDA, 0x44, 0xC2, 0xF1, 0xDF, 0x6B, 0x3C, 0x9F, 0x85, 0x9D, 0x18, 0xF0, 0xA8, 0x43, 0x55,
    0x53, 0x81, 0xFF, 0xE0, 0x9A, 0xBD, 0xEE, 0xEE, 0x5D, 0x08, 0xB4, 0xC6, 0x4D, 0x88, 0x88, 0x97,
    0x60, 0xDF, 0x45, 0x8B, 0xAA, 0xD2, 0xAF, 0xBB, 0xCD, 0xB5, 0xCC, 0xFB, 0x17, 0xFB, 0xCD, 0xA0,
    0xC1, 0xBD, 0xD2, 0x6E, 0x7B, 0x95, 0xEB, 0xA9, 0xF1, 0xCA, 0xF0, 0xCB, 0x5A, 0xAD, 0x47, 0xB7,
    0x43, 0x56, 0xC7, 0x5D, 0x5E, 0x27, 0x5D, 0x5E, 0x26, 0x5D, 0xD6, 0x6A, 0x97, 0xD2, 0x50, 0xDA,
    0xCB, 0x42, 0xD2, 0x56, 0x7B, 0x06, 0xE2, 0xF1, 0xAF, 0x0D, 0x74, 0x21, 0xF6, 0xBB, 0x81, 0xEC,
    0xB6, 0xF1, 0x1D, 0xF9, 0x4D, 0x1B, 0x15, 0x64, 0x38, 0x4F, 0x39, 0x0F, 0x2A, 0xF0, 0xE7, 0x04,
    0x46, 0x15, 0xE2, 0x90, 0x4E, 0x02, 0xCA, 0x0C, 0x07, 0x43, 0x36, 0xBE, 0xAA, 0x60, 0xD9, 0x0D,
    0x70, 0x30, 0xA8, 0xBC, 0x66, 0x4C, 0xEA, 0xB0, 0x07, 0x8F, 0x65, 0x14, 0x8B, 0xA6, 0x49, 0xA0,
    0xB3, 0xB3, 0x71, 0x61, 0x3D, 0x21, 0x68, 0xDB, 0xDB, 0xDD, 0xB3, 0x31, 0xEB, 0x62, 0x32, 0x9C,
    0x93, 0x4E, 0xAC, 0xDB, 0xF6, 0xD1, 0x64, 0x68, 0x6F, 0xC6, 0x68, 0x34, 0xC0, 0xA3, 0x29, 0xEC,
    0x33, 0x2F, 0x5B, 0x58, 0xB5, 0xC5, 0xC9, 0x8A, 0x9F, 0xF6, 0x12, 0x95, 0xFD, 0x1B, 0x99, 0x22,
    0xFD, 0x65, 0x27, 0x89, 0xB1, 0xDF, 0x93, 0xA5, 0x7D, 0x2B, 0xA6, 0x91, 0x49, 0x7F, 0x63, 0x52,
    0xBF, 0x92, 0x28, 0x2A, 0xD9, 0x35, 0xCA, 0xC9, 0x74, 0xF5, 0xEB, 0x26, 0x55, 0xFB, 0x7B, 0xCF,
    0x2F, 0x6B, 0xF5, 0x7D, 0x53, 0x55, 0x47, 0x33, 0x7E, 0x73, 0xB3, 0x5D, 0x91, 0x76, 0x38, 0x15,
    0x8E, 0x83, 0xEA, 0x61, 0x9F, 0x16, 0x56, 0xB9, 0x23, 0xD6, 0xEF, 0x8E, 0x58, 0x1C, 0x58, 0xDA,
    0x05, 0xD6, 0xC2, 0xF2, 0x9A, 0x3B, 0xAB, 0x75, 0xEB, 0x23, 0x6F, 0x29, 0xB6, 0x31, 0xED, 0x5E,
    0x51, 0x4E, 0x90, 0x6E, 0xFC, 0x67, 0xE7, 0xEC, 0xE1, 0xA0, 0x5F, 0x58, 0x99, 0xE1, 0x65, 0x50,
    0x82, 0x1D, 0x99, 0x9A, 0xEA, 0x9D, 0x3C, 0x8D, 0x9B, 0x69, 0xA4, 0x72, 0x88, 0xB5, 0x20, 0x1A,
    0x45, 0x37, 0xD0, 0xED, 0x80, 0xD3, 0xF4, 0x82, 0x41, 0x94, 0xF4, 0xBC, 0x99, 0x95, 0x51, 0xDE,
    0x1F, 0x89, 0x6B, 0x7B, 0x85, 0xE7, 0x6B, 0x0D, 0xFA, 0x8F, 0xCC, 0x25, 0x7F, 0x42, 0x94, 0x97,
    0x80, 0x72, 0x23, 0x94, 0x35, 0x52, 0x50, 0xCE, 0x5B, 0x50, 0x4E, 0xFF, 0x03, 0x94, 0x53, 0x0F,
    0xCA, 0xB1, 0xBF, 0x85, 0xF2, 0x14, 0x50, 0x9E, 0x03, 0xCA, 0x8D, 0x98, 0xC3, 0xC4, 0x57, 0xBB,
    0x61, 0x69, 0x73, 0x80, 0x7E, 0x7F, 0x02, 0x7D, 0x13, 0x16, 0xD6, 0x61, 0x02, 0xA8, 0x45, 0xB3,
    0xA3, 0x5A, 0x34, 0x17, 0xE8, 0x6B, 0x45, 0x0A, 0xF4, 0x93, 0xA0, 0x3F, 0x1F, 0xD6, 0x42, 0x83,
    0x74, 0x0B, 0x12, 0x6B, 0x0D, 0x4B, 0x1F, 0xF2, 0x12, 0xA0, 0x5F, 0x80, 0xBE, 0x3A, 0x8E, 0x70,
    0x24, 0x12, 0x03, 0x6B, 0xC7, 0x9C, 0xCD, 0x82, 0x40, 0x6A, 0xBE, 0xF7, 0xFB, 0xAF, 0x5D, 0xF6,
    0xB1, 0x4A, 0x55, 0xBE, 0xD3, 0x5A, 0x85, 0x56, 0xC4, 0xBA, 0x17, 0xA0, 0x8E, 0x33, 0xAC, 0x87,
    0xC4, 0x9A, 0xE1, 0xE4, 0xB5, 0x4B, 0xCE, 0x34, 0x46, 0x4D, 0x07, 0xD0, 0x3D, 0xE0, 0x8F, 0x6B,
    0x7C, 0x38, 0xA2, 0xBC, 0xBE, 0x10, 0x6C, 0xCA, 0x10, 0xAD, 0xCA, 0xCF, 0xEC, 0xFA, 0xAF, 0x6F,
    0xBD, 0x76, 0x61, 0xEF, 0x44, 0x44, 0x2B, 0xCE, 0x42, 0x71, 0x12, 0x72, 0xE7, 0x6C, 0xF7, 0xB8,
    0x5E, 0x9B, 0x56, 0x12, 0x41, 0x46, 0x96, 0x64, 0xDF, 0x90, 0xE2, 0x92, 0x6F, 0x4C, 0x71, 0x64,
    0x37, 0x91, 0xE2, 0x76, 0x8A, 0xAB, 0x1E, 0xA7, 0xB8, 0x2B, 0x72, 0xA7, 0x5A, 0xD8, 0x9D, 0xDF,
    0x0E, 0x92, 0xA6, 0xBE, 0x37, 0xD0, 0xED, 0x10, 0x8B, 0x5A, 0xFA, 0x15, 0x95, 0x90, 0xB8, 0x97,
    0x14, 0x4B, 0xC6, 0xAD, 0x84, 0x8A, 0xA6, 0xFB, 0x4C, 0xD4, 0xD2, 0x32, 0xB4, 0xD4, 0x7C, 0x14,
    0x87, 0x85, 0x51, 0x59, 0x21, 0xF6, 0x02, 0x4A, 0x24, 0x82, 0xEE, 0xA0, 0x93, 0x6B, 0x24, 0x6A,
    0x85, 0x6B, 0x0F, 0x5C, 0xCB, 0xDF, 0x6A, 0xFD, 0xBF, 0xC2, 0xB5, 0x5F, 0xE1, 0xBA, 0xE3, 0x20,
    0x8C, 0xA5, 0x09, 0x06, 0x39, 0x9B, 0x10, 0x9E, 0xA7, 0x78, 0x5E, 0xCB, 0x0F, 0x70, 0xC8, 0x5A,
    0x58, 0x51, 0x82, 0x4F, 0x15, 0xB0, 0x9A, 0x61, 0xD1, 0xC4, 0xCD, 0x24, 0xB9, 0x81, 0xCB, 0xEC,
    0xED, 0x00, 0x76, 0x5E, 0xC3, 0x80, 0x69, 0x92, 0x8A, 0x6C, 0xE5, 0x02, 0x15, 0xD8, 0xBB, 0x0B,
    0x30, 0x77, 0x15, 0x58, 0xBB, 0x22, 0x6B, 0x61, 0x20, 0xEA, 0xF2, 0x05, 0x96, 0x4D, 0x81, 0x8D,
    0xA2, 0x98, 0x0A, 0xCA, 0x93, 0x34, 0x5E, 0x95, 0xFA, 0xFE, 0x66, 0xD7, 0x3B, 0xF2, 0xB2, 0xA1,
    0x42, 0x1B, 0x45, 0x52, 0xCC, 0x64, 0xC7, 0x5E, 0xFA, 0xDA, 0x41, 0x6A, 0x07, 0xAA, 0x75, 0x5C,
    0xF6, 0xBE, 0xF6, 0x9B, 0xED, 0x20, 0x7F, 0x50, 0xBB, 0x82, 0xD8, 0xAF, 0xEA, 0x49, 0xFA, 0x5E,
    0xD9, 0x8F, 0x59, 0x07, 0x93, 0xD6, 0x7D, 0x72, 0x99, 0x41, 0xCD, 0x29, 0x3F, 0xAA, 0x19, 0x00,
    0xB1, 0x25, 0xC2, 0xA4, 0x63, 0xA2, 0xD4, 0xEC, 0x20, 0x2B, 0xAD, 0x99, 0xA0, 0xAE, 0xA0, 0x19,
    0xB9, 0xA0, 0x19, 0x51, 0xBD, 0x27, 0x68, 0x7E, 0x3D, 0xDE, 0x1C, 0xFC, 0xA6, 0xB7, 0x36, 0xA8,
    0x24, 0xE9, 0xAC, 0xC9, 0x10, 0xBE, 0x6E, 0xAD, 0xB1, 0x23, 0x59, 0x9B, 0x7F, 0xB5, 0xCE, 0x88,
    0x5A, 0xC9, 0x01, 0xE3, 0x51, 0x3C, 0x65, 0xB1, 0xB2, 0x7E, 0xC8, 0x94, 0x34, 0xE6, 0xA3, 0x06,
    0x90, 0xC6, 0x05, 0xFF, 0xC7, 0x87, 0xE2, 0x01, 0xCC, 0x41, 0x74, 0xD1, 0x1D, 0xBA, 0xDE, 0x80,
    0xEB, 0x4B, 0x13, 0xB8, 0x7E, 0x08, 0xF4, 0xD9, 0xA7, 0xC1, 0xF7, 0x4C, 0x36, 0x6E, 0x29, 0xAA,
    0xB4, 0xC1, 0xAF, 0xC0, 0xD2, 0x05, 0x56, 0x78, 0xD8, 0xAE, 0x28, 0x71, 0xEC, 0xBC, 0x0D, 0x31,
    0x55, 0x02, 0x28, 0xA0, 0xA4, 0x07, 0xF3, 0xD8, 0xAC, 0xEF, 0xB3, 0x50, 0x65, 0x70, 0x6B, 0x04,
    0x69, 0xD0, 0x54, 0x66, 0x79, 0x47, 0xFA, 0xF3, 0xA3, 0x28, 0xD5, 0xCF, 0xA2, 0x29, 0x40, 0x5B,
    0x8C, 0xA7, 0xD7, 0xED, 0x14, 0xBE, 0xFA, 0x19, 0xF6, 0x77, 0xA5, 0xC3, 0x84, 0xD1, 0xCC, 0x78,
    0xE9, 0x8E, 0x91, 0x15, 0xC1, 0x13, 0x19, 0x57, 0x36, 0xA3, 0xEC, 0x78, 0xB0, 0x0F, 0xFC, 0xF7,
    0x5B, 0x2D, 0x64, 0x4E, 0xD2, 0x0E, 0xEB, 0xAA, 0x92, 0x75, 0xD5, 0x1E, 0xDA, 0x3A, 0x3B, 0xD1,
    0xF0, 0x20, 0xD2, 0x50, 0x85, 0xD1, 0x31, 0x38, 0x3D, 0xFD, 0xB4, 0x8B, 0xF9, 0x1F, 0x79, 0xB1,
    0xFA, 0xFC, 0xD2, 0xDE, 0xA2, 0x37, 0x28, 0xE2, 0xA1, 0x6C, 0xB4, 0x24, 0x76, 0x90, 0xAA, 0x1D,
    0xBF, 0x84, 0x2C, 0xAD, 0x85, 0xD1, 0xD0, 0xEE, 0x86, 0xB8, 0x44, 0x58, 0x9A, 0x6E, 0x97, 0xA5,
    0xD1, 0x40, 0x08, 0x24, 0xEE, 0xAD, 0x8D, 0xB2, 0x54, 0xD1, 0x48, 0x5D, 0xAE, 0xAD, 0x5E, 0xBB,
    0x5E, 0xBB, 0xA5, 0xD1, 0x6D, 0xA5, 0xD0, 0x6F, 0xED, 0xF2, 0x5D, 0xE7, 0xFE, 0x1E, 0x1C, 0x56,
    0x70, 0x79, 0x94, 0x50, 0x40, 0xC7, 0x48, 0x42, 0x34, 0xBA, 0xAC, 0xB1, 0xB3, 0x64, 0x42, 0xD6,
    0x79, 0x8A, 0xD7, 0x30, 0x2C, 0xFD, 0xD6, 0xBB, 0x2F, 0xFE, 0xA0, 0x6E, 0xAB, 0x27, 0x75, 0xCB,
    0xDD, 0x74, 0xFB, 0xC8, 0x80, 0xBB, 0xA7, 0x7A, 0x98, 0xD2, 0x8E, 0xCE, 0x8E, 0xD1, 0xCB, 0x84,
    0x5E, 0xF9, 0x64, 0xF4, 0x3E, 0x38, 0x46, 0x8F, 0xF6, 0x44, 0xF4, 0xE2, 0x3D, 0x08, 0xDE, 0x46,
    0xEF, 0x74, 0x62, 0x8A, 0x25, 0xB4, 0x17, 0x0C, 0x38, 0x05, 0xB2, 0xC3, 0x16, 0xDB, 0x76, 0x11,
    0x4D, 0xBC, 0x68, 0xE6, 0x49, 0x33, 0xE7, 0x1A, 0xF8, 0x8E, 0x01, 0x4D, 0xAC, 0x0E, 0x07, 0xE6,
    0xA8, 0x13, 0x5E, 0x84, 0x25, 0xA7, 0xA2, 0x9D, 0x24, 0x3C, 0xA2, 0xE0, 0x14, 0x3C, 0x0F, 0x40,
    0x77, 0xA8, 0x51, 0x01, 0x4A, 0x61, 0x7C, 0xB5, 0x7A, 0x93, 0x7D, 0x69, 0x1F, 0xEC, 0xDB, 0x63,
    0x5C, 0x0B, 0x76, 0xCF, 0xA6, 0xFA, 0x5F, 0x02, 0x62, 0x6E, 0x30, 0xCD, 0xD8, 0x66, 0x6A, 0xDA,
    0xC9, 0x6D, 0x85, 0x26, 0xD9, 0x5F, 0xA5, 0xA3, 0x7F, 0xBB, 0x69, 0xF5, 0x92, 0x70, 0x8F, 0xCF,
    0xA6, 0x7B, 0xA6, 0x45, 0x24, 0xB2, 0x6D, 0x39, 0xF5, 0xD8, 0xB2, 0xE9, 0x91, 0xF3, 0x3F, 0x87,
    0xDA, 0x50, 0x20, 0x06, 0xCC, 0x0A, 0x02, 0x94, 0x0E, 0x5E, 0x11, 0xA7, 0xFA, 0xA8, 0x32, 0xDD,
    0xFC, 0x7C, 0xD7, 0x86, 0xAC, 0xA0, 0x79, 0xF6, 0x6D, 0x7D, 0xF4, 0x02, 0xBA, 0x03, 0xBA, 0xD9,
    0x9E, 0xB5, 0x51, 0x57, 0x2A, 0x9D, 0x96, 0xC5, 0x4A, 0xA7, 0xC8, 0x7E, 0x37, 0xB5, 0xC2, 0x68,
    0xDE, 0x6E, 0x66, 0x4A, 0xA0, 0x09, 0x3A, 0x48, 0x41, 0x43, 0x6C, 0x45, 0x4F, 0xBA, 0x43, 0x25,
    0x34, 0xED, 0x25, 0x54, 0xB4, 0x52, 0xAE, 0x51, 0x64, 0x9A, 0x15, 0x07, 0xF3, 0xE6, 0xE3, 0xAA,
    0x77, 0x45, 0xAA, 0x92, 0xAA, 0xD8, 0xAC, 0xE5, 0x9C, 0x68, 0x64, 0x94, 0x5D, 0xFE, 0x8C, 0x50,
    0xF1, 0xD9, 0x79, 0x1F, 0x2D, 0x16, 0x00, 0x4D, 0x4C, 0x34, 0xA5, 0x52, 0x29, 0x6B, 0x9F, 0x56,
    0x31, 0xAC, 0x4E, 0x10, 0xF7, 0x45, 0xAB, 0xAC, 0xDF, 0xB9, 0xAA, 0x4E, 0xE7, 0x1F, 0x2C, 0xBC,
    0x16, 0xE2, 0xAD, 0x50, 0xC8, 0xD4, 0xDF, 0x62, 0x0B, 0x27, 0xD0, 0x4E, 0x69, 0xC1, 0x8C, 0xC3,
    0x94, 0x4C, 0x59, 0x49, 0xBF, 0xD2, 0xBA, 0xE6, 0xB3, 0xEA, 0xD3, 0x76, 0xB3, 0xA8, 0x36, 0x8D,
    0x4D, 0x2F, 0x5F, 0xA7, 0xD4, 0xCA, 0xD2, 0xAC, 0x29, 0xA5, 0x9A, 0x6C, 0x03, 0x2A, 0x3C, 0xA1,
    0x0B, 0xEA, 0xCD, 0x3A, 0xDE, 0x4C, 0xBA, 0x6A, 0xE8, 0x49, 0x43, 0x16, 0xDB, 0xC5, 0xA8, 0x77,
    0x6C, 0xCB, 0x20, 0x25, 0x95, 0xCB, 0x1A, 0xFF, 0x93, 0xFE, 0xE6, 0x25, 0x87, 0xB1, 0x23, 0x40,
    0x10, 0xDD, 0x47, 0x06, 0xE1, 0xB0, 0x1D, 0x4C, 0x73, 0x39, 0x23, 0x80, 0x4C, 0x92, 0x3A, 0xA9,
    0x44, 0xBB, 0x21, 0x7A, 0xE5, 0x75, 0x04, 0x88, 0xBA, 0x31, 0xA1, 0x59, 0x9B, 0x19, 0xA6, 0x65,
    0x7A, 0xFD, 0x67, 0xB3, 0x64, 0x21, 0xAA, 0x46, 0x92, 0x92, 0xA3, 0x44, 0xE8, 0xD5, 0x2D, 0xF6,
    0x79, 0xFC, 0x8F, 0x87, 0x0D, 0xC8, 0x4D, 0xCE, 0x3A, 0x36, 0x3E, 0x3E, 0x75, 0xB9, 0x9D, 0x9D,
    0x2C, 0xB7, 0x4F, 0x56, 0xF2, 0xFA, 0x30, 0x05, 0x19, 0x95, 0xB9, 0x17, 0x8D, 0xE7, 0xD7, 0x97,
    0x47, 0xEA, 0x6C, 0x61, 0x72, 0x2F, 0x78, 0x90, 0x2F, 0xC7, 0x7A, 0x56, 0x94, 0xCA, 0x9D, 0xBF,
    0x50, 0x7C, 0xD5, 0x48, 0x38, 0xEB, 0xAD, 0xCA, 0x93, 0x9C, 0x99, 0xAE, 0x11, 0xEA, 0xBF, 0xD2,
    0x88, 0xBC, 0x50, 0xDB, 0x2C, 0xEC, 0x12, 0x76, 0x72, 0x3D, 0x36, 0xBB, 0x01, 0xDF, 0xA8, 0x83,
    0x1E, 0xBF, 0x44, 0x94, 0x81, 0xAB, 0x4B, 0x3D, 0x05, 0x38, 0xD4, 0xE8, 0xDF, 0xC9, 0x77, 0xF6,
    0xF8, 0xCE, 0x68, 0xC7, 0xF3, 0xFD, 0x49, 0xCB, 0xDC, 0x68, 0x31, 0x7A, 0x28, 0xEA, 0xB7, 0x23,
    0x74, 0x08, 0x4B, 0x6C, 0x8D, 0x8E, 0xD2, 0x0F, 0x44, 0x27, 0xA2, 0x1D, 0xD9, 0x9B, 0x8A, 0x49,
    0xF0, 0x8B, 0x0E, 0xC2, 0xD6, 0x6E, 0xCE, 0xA1, 0xEB, 0x28, 0x98, 0x88, 0xA0, 0x06, 0x3B, 0x7F,
    0x68, 0x72, 0xF8, 0x44, 0xA3, 0x1E, 0xDF, 0xAE, 0x7F, 0x91, 0x33, 0x29, 0x94, 0x5A, 0x47, 0xFF,
    0x16, 0x58, 0xFF, 0x2A, 0x10, 0xC0, 0xAE, 0x18, 0xCA, 0x6E, 0x7D, 0x1C, 0xBF, 0x1E, 0xAD, 0x0D,
    0x1C, 0x9F, 0x7C, 0x98, 0xED, 0x93, 0x19, 0xA7, 0x0F, 0x3A, 0x99, 0x9F, 0xF0, 0xD7, 0x99, 0xE1,
    0x74, 0xEF, 0x26, 0x21, 0x49, 0xAE, 0xC6, 0x04, 0xE2, 0x9A, 0x94, 0x1F, 0x78, 0x63, 0xB3, 0xB5,
    0x81, 0x78, 0x7E, 0xBA, 0x21, 0x06, 0x79, 0xD2, 0x86, 0x98, 0x0C, 0x41, 0xAE, 0x65, 0xA4, 0x29,
    0xD9, 0xC5, 0x8A, 0xC6, 0xB4, 0x37, 0xD9, 0x85, 0x6A, 0xA0, 0xC5, 0x24, 0xFF, 0x6E, 0x34, 0xA2,
    0x79, 0x8A, 0xBD, 0x14, 0xF8, 0x2F, 0x0D, 0xF2, 0xA3, 0x59, 0xE2, 0x1B, 0x91, 0xA2, 0x95, 0xB3,
    0x74, 0x36, 0xC0, 0x64, 0xD0, 0xA2, 0x10, 0x9F, 0x5D, 0x40, 0xA8, 0x5E, 0xFF, 0x61, 0x51, 0xAE,
    0xB0, 0x21, 0xFA, 0xD6, 0x5F, 0x34, 0xC0, 0x7D, 0x38, 0xC5, 0x7D, 0x05, 0xFD, 0x16, 0xEE, 0xAC,
    0x6F, 0x70, 0x89, 0x0F, 0x32, 0x5F, 0x66, 0xBE, 0x76, 0x53, 0xE3, 0xBB, 0xC6, 0xF4, 0x5A, 0xAE,
    0xCF, 0x7F, 0x33, 0x3F, 0x18, 0x23, 0xC5, 0xFD, 0xFD, 0x66, 0x8A, 0x3C, 0x75, 0xEC, 0xBC, 0x99,
    0xA8, 0x5E, 0xE7, 0xED, 0x68, 0xA2, 0xC4, 0x43, 0x99, 0x3A, 0x89, 0x8F, 0xC6, 0x4D, 0x1A, 0xF1,
    0x92, 0x3F, 0x21, 0x98, 0x2A, 0x26, 0x57, 0x97, 0x06, 0x83, 0x97, 0x4B, 0xA6, 0x01, 0x97, 0xC4,
    0x75, 0x29, 0xC3, 0xFE, 0x29, 0xEE, 0xB9, 0x64, 0x5A, 0x71, 0xC9, 0x54, 0x0B, 0x97, 0x02, 0xFC,
    0x1F, 0xAC, 0x76, 0x3D, 0x38, 0xD3, 0xEC, 0xC6, 0xAE, 0x67, 0xEC, 0x7A, 0x41, 0x81, 0x50, 0xA9,
    0x5E, 0x3C, 0xC5, 0xAE, 0xB1, 0x68, 0xA3, 0xC1, 0xA2, 0xA1, 0xDB, 0x13, 0xBB, 0x8E, 0x0F, 0x76,
    0x7D, 0x1A, 0xFC, 0x14, 0x76, 0xC7, 0xD8, 0xD0, 0x25, 0x1B, 0xCC, 0xBC, 0x09, 0xCA, 0x6B, 0xEA,
    0x68, 0x11, 0x67, 0x84, 0x48, 0x2B, 0x32, 0x15, 0x8A, 0x5D, 0x78, 0x8A, 0x62, 0x6D, 0xA7, 0x50,
    0xDB, 0x26, 0xF3, 0x6B, 0x82, 0xD1, 0xCB, 0x03, 0x7D, 0xBD, 0xBE, 0xF3, 0x26, 0x11, 0xE7, 0x1B,
    0x32, 0xB1, 0xC9, 0x32, 0x5A, 0xFD, 0x8B, 0x49, 0xAC, 0x46, 0xC2, 0xC2, 0x5E, 0x45, 0x74, 0x53,
    0x4A, 0x57, 0x96, 0x43, 0x6E, 0x26, 0x28, 0x4E, 0xA2, 0x11, 0x55, 0xF9, 0xE6, 0x40, 0xFB, 0xED,
    0x44, 0x4A, 0x9C, 0xD8, 0x03, 0x5D, 0x88, 0x58, 0xBE, 0x36, 0x94, 0x92, 0x2F, 0xBE, 0x7C, 0x30,
    0xD9, 0xF6, 0x86, 0xF7, 0xBD, 0xCC, 0x8C, 0xD5, 0x93, 0x42, 0xEF, 0xB7, 0xDF, 0xBC, 0xC1, 0x09,
    0x80, 0x85, 0x80, 0x3D, 0x27, 0xFF, 0xBF, 0x19, 0xC9, 0x93, 0x91, 0x7E, 0x7B, 0x94, 0x91, 0x8E,
    0x53, 0x63, 0xD2, 0x3D, 0x79, 0x51, 0x90, 0x05, 0x7A, 0xF4, 0x47, 0xCD, 0xEF, 0x9B, 0xE9, 0x18,
    0x5A, 0xD5, 0xE0, 0x66, 0xDF, 0x47, 0xFE, 0x57, 0xEC, 0x60, 0x6C, 0x66, 0x90, 0x7C, 0x5A, 0x1C,
    0x38, 0xFD, 0x23, 0x60, 0x58, 0x4B, 0xAC, 0x35, 0x53, 0xCE, 0x7B, 0xA4, 0xB7, 0x9B, 0x5A, 0x8B,
    0xE2, 0x16, 0x73, 0xDA, 0x0E, 0x06, 0x8E, 0xA0, 0x77, 0x11, 0x1B, 0x23, 0xE4, 0xB7, 0x4C, 0x37,
    0xBB, 0xF3, 0x85, 0xB3, 0x01, 0x5F, 0xDC, 0x16, 0xEF, 0xCB, 0x5B, 0x55, 0x25, 0xD7, 0xCF, 0x4F,
    0xFC, 0x43, 0xCA, 0x6E, 0x58, 0x33, 0x22, 0x72, 0x08, 0x66, 0x87, 0xD4, 0x55, 0xD8, 0xD5, 0xCA,
    0xFB, 0xD2, 0x1A, 0xAE, 0xF6, 0x94, 0x40, 0x76, 0x92, 0x15, 0xE1, 0xCB, 0x3B, 0x2E, 0xF5, 0x9D,
    0x49, 0xD9, 0x07, 0xFF, 0xC0, 0x3D, 0x64, 0xEA, 0x53, 0x22, 0x42, 0xCC, 0xC7, 0x35, 0x44, 0x06,
    0x56, 0x6C, 0xF8, 0x45, 0x8E, 0x11, 0x53, 0xD7, 0x48, 0x4A, 0x21, 0x11, 0x46, 0xF2, 0xD6, 0x48,
    0xD5, 0x16, 0x66, 0x5E, 0x6D, 0xFE, 0xE5, 0x83, 0x2F, 0xEA, 0xD4, 0xFB, 0x07, 0xB5, 0x99, 0x71,
    0x5E, 0x52, 0x4F, 0x55, 0x8A, 0xB9, 0xA4, 0xBA, 0x62, 0x5D, 0xB4, 0xB7, 0x44, 0x1E, 0xAD, 0xD1,
    0xA5, 0xDD, 0xCC, 0xF6, 0xAD, 0xCC, 0x75, 0x30, 0x8F, 0x8B, 0x43, 0x54, 0x30, 0x22, 0xA1, 0x03,
    0xEE, 0x73, 0xB5, 0xBE, 0x56, 0x5E, 0x06, 0x23, 0x61, 0x33, 0xBC, 0x75, 0xC4, 0x41, 0x92, 0x0E,
    0x6E, 0x16, 0x79, 0xE4, 0x6C, 0xBD, 0x24, 0xD9, 0xE4, 0xA0, 0x67, 0xFA, 0x69, 0xA9, 0x2D, 0xEE,
    0xEC, 0x41, 0xA9, 0x2D, 0x97, 0x22, 0xAD, 0xF3, 0x32, 0x2F, 0xDF, 0x4C, 0xEB, 0xC2, 0xE0, 0xB0,
    0x41, 0x5E, 0xB9, 0xEC, 0x1F, 0x6D, 0x98, 0xE6, 0x11, 0xFF, 0xD4, 0x27, 0xFF, 0x3A, 0xB8, 0xF4,
    0xC3, 0x2E, 0xF9, 0xD0, 0x3C, 0xE3, 0xE7, 0x6D, 0xFC, 0x49, 0xE7, 0xD2, 0x5F, 0xD4, 0xF1, 0xA7,
    0xAD, 0xF9, 0x8C, 0x8B, 0xBF, 0xA8, 0x5D, 0xA2, 0x02, 0x8E, 0x15, 0xF4, 0x76, 0x21, 0xCB, 0x6F,
    0xF1, 0x37, 0x98, 0x9B, 0x98, 0x26, 0x05, 0xC4, 0x35, 0xA9, 0x16, 0xB5, 0xD0, 0xD4, 0x5B, 0x18,
    0xE1, 0x24, 0x3B, 0xD7, 0xDE, 0xBA, 0xF6, 0x06, 0x0C, 0x6E, 0xC0, 0xD7, 0x50, 0x6A, 0x9C, 0x48,
    0x63, 0x21, 0xB0, 0xB1, 0x53, 0x6D, 0xCF, 0x52, 0x0A, 0xCE, 0x51, 0x10, 0x30, 0x33, 0xA7, 0x95,
    0x90, 0x66, 0x5F, 0x8F, 0x69, 0x0C, 0x35, 0x0E, 0x8B, 0x00, 0x66, 0x9A, 0xF8, 0xB6, 0x19, 0x09,
    0xAE, 0x7C, 0xC3, 0xC2, 0x3B, 0x23, 0xC4, 0x15, 0xA4, 0xBE, 0xDD, 0x61, 0xBD, 0x4D, 0xFF, 0x3B,
    0xBC, 0xA7, 0xC2, 0x63, 0x8A, 0x90, 0xC7, 0x1A, 0xFC, 0x7F, 0x3A, 0x6C, 0xCB, 0xE0, 0x66, 0x08,
    0x08, 0x1E, 0xB0, 0xDA, 0xFF, 0x7C, 0xB4, 0xB2, 0x3D, 0x78, 0xA2, 0xC4, 0x61, 0xDA, 0x47, 0x81,
    0xA2, 0x51, 0x19, 0xC3, 0x6B, 0xE4, 0xCB, 0xCB, 0xF7, 0xFB, 0xF5, 0x9E, 0x6A, 0x7D, 0xFC, 0xE6,
    0xD5, 0xA0, 0x4E, 0x95, 0x2C, 0x96, 0x18, 0x32, 0x22, 0x9F, 0xF8, 0x8F, 0xBF, 0xE2, 0xF3, 0xCB,
    0x77, 0xE5, 0x02, 0x53, 0x20, 0xC4, 0x4E, 0xFE, 0x84, 0xA0, 0x40, 0x31, 0xDF, 0x0B, 0x1E, 0x80,
    0xE5, 0x3F, 0xB1, 0x09, 0x37, 0x5A, 0x08, 0x45, 0xA4, 0x8C, 0xA2, 0x0F, 0xC2, 0x2B, 0x2D, 0xBF,
    0x8E, 0xFE, 0x80, 0xEB, 0xA6, 0x93, 0x05, 0xE1, 0x71, 0xD7, 0x07, 0x87, 0xA2, 0x0A, 0x6C, 0x5D,
    0xAC, 0xD9, 0x7C, 0xA3, 0xE4, 0xE2, 0x69, 0x7A, 0xAE, 0x4E, 0xD2, 0xF3, 0x77, 0x2A, 0x8B, 0xF8,
    0x0B, 0x46, 0xE2, 0xD5, 0x5A, 0x17, 0x55, 0xF8, 0x39, 0x6A, 0xD1, 0x56, 0x5F, 0xCF, 0xCB, 0x93,
    0xB0, 0x41, 0xDB, 0xDD, 0xE0, 0x9C, 0x0F, 0x20, 0xCF, 0xAB, 0x7A, 0xC5, 0xC1, 0xF1, 0x78, 0xA3,
    0xE0, 0xE9, 0x00, 0xE6, 0x35, 0xB5, 0x79, 0x25, 0x43, 0x1F, 0x18, 0xAF, 0x36, 0x09, 0x36, 0x96,
    0x5F, 0xF6, 0x49, 0x9B, 0xC9, 0xEB, 0x0B, 0xFD, 0xA3, 0xEE, 0xA1, 0x6B, 0x46, 0xF7, 0x77, 0xDA,
    0x08, 0xFF, 0x3F, 0xB4, 0x94, 0x2D, 0x6C, 0xDD, 0x56, 0x1C, 0xC5, 0xCF, 0xB5, 0x9B, 0x5A, 0x8A,
    0xB7, 0x98, 0x2C, 0x05, 0xAD, 0x5A, 0xF3, 0x2A, 0x9A, 0x49, 0x40, 0x40, 0xF2, 0x7C, 0xDB, 0x72,
    0xA9, 0x52, 0x93, 0x0D, 0x0C, 0x94, 0x4E, 0x25, 0x79, 0x20, 0x30, 0x79, 0xF6, 0x38, 0x09, 0x68,
    0x79, 0x40, 0x41, 0xFB, 0x26, 0x6D, 0x05, 0x05, 0x03, 0x49, 0xEC, 0x71, 0x62, 0x8E, 0xAC, 0x49,
    0x21, 0x1D, 0xA8, 0xA5, 0x79, 0x92, 0xA3, 0xD9, 0xEF, 0xEE, 0x1C, 0x79, 0x8D, 0xF7, 0x81, 0x77,
    0x73, 0xFD, 0xBB, 0xCE, 0x7B, 0xF7, 0xFE, 0xBF, 0xCE, 0xFD, 0x3F, 0x7C, 0x01, 0x14, 0x80, 0x83,
    0xE6, 0x09, 0xA6, 0xD1, 0x69, 0x9A, 0x16, 0x5E, 0xA3, 0xE9, 0x6B, 0x22, 0xA8, 0x11, 0x56, 0x9A,
    0x51, 0xA9, 0x19, 0x97, 0x48, 0x72, 0xCD, 0xD4, 0x22, 0x05, 0x32, 0x59, 0x1A, 0x87, 0x5F, 0x13,
    0x81, 0x10, 0x0A, 0x51, 0x05, 0x18, 0xB7, 0x02, 0x62, 0xE7, 0x2A, 0x64, 0x57, 0x87, 0x8D, 0x59,
    0xC1, 0xEF, 0xFC, 0x16, 0xA6, 0x8F, 0xB8, 0xA1, 0xA7, 0x25, 0xC8, 0x10, 0x68, 0x4A, 0xC0, 0x27,
    0x64, 0x37, 0x6F, 0xFC, 0x22, 0x68, 0x52, 0xFA, 0xAD, 0xE2, 0x1A, 0x59, 0x1E, 0x0D, 0x77, 0x68,
    0xC2, 0xB9, 0x8E, 0x4E, 0x1D, 0x0F, 0x06, 0xED, 0x8D, 0xC7, 0xEA, 0x13, 0x60, 0x96, 0x56, 0x76,
    0xB5, 0x09, 0x4E, 0xFE, 0xFD, 0x01, 0x85, 0x05, 0x5D, 0xD2, 0x57, 0xAC, 0x1C, 0x68, 0x7B, 0xE2,
    0x0C, 0x1A, 0x0B, 0x4C, 0x4C, 0x27, 0x32, 0xF4, 0x5E, 0xB6, 0xC4, 0xCD, 0xC3, 0x57, 0xFB, 0x32,
    0x6C, 0x31, 0x71, 0xDC, 0x39, 0x9D, 0x45, 0x2F, 0x78, 0xAD, 0x18, 0x54, 0x62, 0xFC, 0x61, 0xB9,
    0x3C, 0x43, 0xEA, 0x9C, 0x6B, 0x20, 0xD6, 0x40, 0xCE, 0xE9, 0xD7, 0xCB, 0x27, 0xB5, 0xE1, 0xFF,
    0x25, 0x8A, 0x5F, 0x57, 0xC0, 0x8A, 0x7F, 0x5E, 0x87, 0x4C, 0x05, 0x4F, 0x47, 0x30, 0xAF, 0x85,
    0x70, 0xC1, 0x7F, 0x4D, 0xCF, 0xCA, 0x31, 0xDB, 0xD0, 0xB9, 0x16, 0x49, 0xB6, 0xBA, 0xC0, 0xEE,
    0xDA, 0xD3, 0x3D, 0x8C, 0xE3, 0x29, 0x9F, 0x7D, 0xAF, 0xA7, 0xDF, 0xDE, 0x90, 0x41, 0x43, 0x5B,
    0xAA, 0x7E, 0x01, 0x65, 0x3C, 0x6A, 0x94, 0xE6, 0x18, 0xF8, 0x6F, 0x49, 0x1F, 0x4C, 0x9A, 0x5B,
    0xB8, 0x81, 0x5B, 0xB8, 0x99, 0x5B, 0xE8, 0x80, 0x5B, 0xD6, 0xBE, 0x6E, 0x57, 0x07, 0xCC, 0xF8,
    0x0F, 0xE7, 0x48, 0x55, 0x0E, 0x28, 0x4A, 0x02, 0x99, 0x85, 0xC8, 0xE7, 0xE1, 0xD2, 0x2D, 0xDF,
    0x20, 0x73, 0x2A, 0xC8, 0x0B, 0xBE, 0xBF, 0xFE, 0x94, 0xF2, 0x48, 0x33, 0xB2, 0x9B, 0x8A, 0xE0,
    0x8B, 0x98, 0xAE, 0x8D, 0x1D, 0xAF, 0x8D, 0xE6, 0x02, 0xB8, 0x04, 0x06, 0x1D, 0xD5, 0xDC, 0xC7,
    0xBF, 0xC6, 0xED, 0x33, 0xDD, 0x23, 0xDD, 0xBB, 0x9B, 0xAB, 0x37, 0xDD, 0x3B, 0xCD, 0x8C, 0x36,
    0x26, 0xC1, 0x33, 0x09, 0xEE, 0x29, 0x6C, 0x84, 0xD7, 0xC6, 0x51, 0xEA, 0x0A, 0x29, 0x45, 0xE6,
    0x0B, 0xA9, 0x7C, 0x75, 0x60, 0x3D, 0x27, 0xA7, 0x9C, 0xD2, 0x4A, 0x2C, 0x56, 0x84, 0x61, 0x69,
    0x15, 0xAF, 0x2E, 0x56, 0xD8, 0x84, 0xAE, 0xD1, 0x89, 0xA4, 0x17, 0xBD, 0x95, 0x08, 0x87, 0xA8,
    0x91, 0xD7, 0xB0, 0x13, 0x7D, 0xEE, 0x2B, 0x78, 0x6A, 0x80, 0x0A, 0xEB, 0x7E, 0x51, 0xFD, 0x65,
    0x02, 0x14, 0xA9, 0xC2, 0x4D, 0xED, 0x62, 0xBD, 0xEB, 0xF8, 0x43, 0xB2, 0x44, 0x36, 0x72, 0x54,
    0x46, 0x06, 0x90, 0xB4, 0x01, 0x0D, 0x44, 0x3A, 0x2A, 0x03, 0x3A, 0x74, 0x57, 0x65, 0xBD, 0x05,
    0x9B, 0x52, 0x97, 0xA0, 0x21, 0xF9, 0x0E, 0x0A, 0x24, 0xA1, 0x11, 0x38, 0x3A, 0x66, 0xE9, 0xAC,
    0xCA, 0xEC, 0x57, 0xF4, 0x00, 0x3C, 0xD0, 0xE7, 0x39, 0x8E, 0x70, 0x58, 0x9B, 0xCA, 0x54, 0x21,
    0x8B, 0xD0, 0xF8, 0x79, 0x7A, 0x55, 0xE4, 0x47, 0x21, 0x06, 0xC6, 0xB0, 0xF3, 0x39, 0x85, 0x08,
    0xEA, 0xDD, 0xAD, 0xA0, 0x86, 0x5F, 0x6F, 0xED, 0x44, 0x72, 0xB3, 0xB5, 0x1D, 0xE5, 0x5A, 0xE6,
    0xB1, 0xD5, 0xF2, 0x2E, 0x21, 0xB1, 0x33, 0x2E, 0xDB, 0xE3, 0x32, 0x7F, 0xC7, 0xEF, 0x62, 0x5B,
    0xCF, 0x15, 0x34, 0xAA, 0xED, 0x90, 0x37, 0xD1, 0xCF, 0x77, 0x7D, 0x57, 0x34, 0x01, 0xEE, 0xA3,
    0x70, 0xF6, 0x3E, 0x22, 0xAC, 0x9D, 0xD2, 0xB5, 0x4F, 0x93, 0x5E, 0x05, 0xB4, 0x50, 0x44, 0x48,
    0x5E, 0xDE, 0x69, 0xA1, 0x8C, 0x56, 0xF6, 0xEF, 0x92, 0x6E, 0xB2, 0xD8, 0x33, 0x7F, 0x78, 0x7E,
    0x12, 0x56, 0x5E, 0x4F, 0xDB, 0x7D, 0x0A, 0xF4, 0x33, 0xA0, 0x3B, 0xE1, 0xC9, 0x13, 0x18, 0x3E,
    0x7E, 0x93, 0x52, 0x80, 0xA4, 0xCA, 0xEA, 0xC8, 0xFD, 0x56, 0x9B, 0xD5, 0xE3, 0x53, 0xDC, 0xB5,
    0x6F, 0x90, 0x32, 0xDF, 0xDE, 0x6F, 0xBC, 0x96, 0xD7, 0xB7, 0x4E, 0x6C, 0x54, 0x2E, 0x90, 0xA2,
    0xD7, 0xC3, 0x5A, 0xF6, 0xD0, 0xFF, 0x51, 0x95, 0x42, 0xDF, 0xF9, 0x4D, 0x5C, 0x9A, 0xB3, 0xDB,
    0x39, 0x46, 0xA5, 0x1D, 0x47, 0x33, 0x72, 0xF3, 0xE0, 0xE0, 0xE0, 0x9B, 0x1A, 0x1C, 0xA1, 0x28,
    0x5D, 0xC4, 0x72, 0x22, 0x2F, 0x88, 0x79, 0xAB, 0xF8, 0x7F, 0xAC, 0x60, 0x6A, 0xBC, 0x57, 0x5D,
    0xB7, 0xB0, 0x11, 0x0D, 0x1B, 0xD8, 0x7A, 0x70, 0xB8, 0x81, 0xED, 0xAD, 0x8D, 0x10, 0xF3, 0xD9,
    0xC5, 0x3A, 0xE6, 0x69, 0xB3, 0x81, 0xF9, 0x4E, 0xF3, 0x19, 0xE6, 0x47, 0xEF, 0xB7, 0xB0, 0x7D,
    0xB4, 0x33, 0xE7, 0x4E, 0x53, 0x21, 0xB2, 0xF7, 0x2C, 0x3C, 0x5D, 0x47, 0x6C, 0x5A, 0xC8, 0x7F,
    0x5D, 0xF0, 0x79, 0xB1, 0x5C, 0xE6, 0x78, 0x8B, 0xD0, 0x95, 0xC9, 0xC7, 0x26, 0xF5, 0x98, 0x69,
    0x77, 0x8C, 0x6E, 0x0F, 0x6D, 0xFA, 0xA4, 0x89, 0x5D, 0x1D, 0x38, 0xAB, 0x9F, 0x65, 0x18, 0x4B,
    0x50, 0xA4, 0xE9, 0x27, 0x24, 0x1C, 0x79, 0x13, 0x64, 0xE8, 0x38, 0xAC, 0xE8, 0xB0, 0xBE, 0x2C,
    0x3E, 0x2C, 0xA7, 0x5F, 0xA2, 0x89, 0xD3, 0xEF, 0xDA, 0x3F, 0x06, 0x83, 0x60, 0xD3, 0x32, 0x1C,
    0xD7, 0x42, 0xEF, 0x67, 0x14, 0xE5, 0x14, 0xC8, 0x06, 0x98, 0xEB, 0x8C, 0x5E, 0x13, 0x78, 0x79,
    0x82, 0xF1, 0xF4, 0x39, 0xE0, 0x35, 0x72, 0x29, 0x33, 0xE3, 0x6B, 0x4E, 0xEB, 0xAE, 0xE7, 0xD3,
    0x82, 0xA2, 0x78, 0xAE, 0x0D, 0xAF, 0xFA, 0x18, 0xD4, 0xEE, 0x18, 0xE8, 0xF1, 0x7D, 0x0D, 0x57,
    0x6A, 0xA3, 0x69, 0xCF, 0x4D, 0x7B, 0xC1, 0xAB, 0xEB, 0xCA, 0x70, 0x80, 0x46, 0x60, 0x91, 0x72,
    0x3F, 0xE2, 0x16, 0x85, 0x65, 0x55, 0x39, 0x68, 0x81, 0x56, 0xCF, 0x90, 0x82, 0xA2, 0x91, 0x92,
    0x24, 0x93, 0x24, 0xF4, 0x26, 0xA7, 0x17, 0x10, 0x07, 0xA8, 0x7F, 0x7B, 0x32, 0x17, 0x93, 0xDC,
    0x90, 0x34, 0xD5, 0x91, 0xF0, 0x5A, 0xA8, 0x13, 0xC9, 0x02, 0xE2, 0x0A, 0x41, 0x07, 0x7F, 0x40,
    0xD0, 0x23, 0x1A, 0x58, 0xA7, 0x57, 0x97, 0x7C, 0x61, 0xAA, 0xE4, 0x47, 0x97, 0x77, 0x88, 0x7E,
    0xDE, 0x07, 0x64, 0x0F, 0xB2, 0x34, 0xFD, 0x8E, 0xA7, 0x23, 0x31, 0x31, 0x13, 0xA8, 0xC7, 0x38,
    0xCC, 0xC1, 0xBE, 0x7E, 0x12, 0x7B, 0xCF, 0x11, 0x2C, 0x7C, 0xD9, 0x27, 0x44, 0x97, 0x3A, 0x1A,
    0x65, 0x2D, 0x1F, 0xB5, 0xFC, 0xFC, 0x71, 0x43, 0xF8, 0x13, 0xA8, 0xF9, 0x2A, 0xA8, 0x52, 0x37,
    0x04, 0x55, 0xCC, 0x43, 0x65, 0xE0, 0x7A, 0xA6, 0x73, 0xD8, 0xAB, 0x86, 0x5D, 0x24, 0xC4, 0x96,
    0x85, 0x4A, 0x54, 0x59, 0xA1, 0xA1, 0x63, 0xBF, 0x99, 0x11, 0xF5, 0x42, 0xCA, 0x9F, 0x08, 0xE7,
    0xD2, 0xBD, 0x07, 0xA2, 0x11, 0x1D, 0xF1, 0x9D, 0x1A, 0xEC, 0x91, 0x60, 0x1A, 0xCC, 0x58, 0xCD,
    0xC2, 0x66, 0xB8, 0x05, 0x3C, 0x05, 0x1A, 0xF0, 0x23, 0xEF, 0x1A, 0x1E, 0x55, 0xB8, 0x57, 0xD3,
    0x1A, 0x6D, 0x6D, 0x3E, 0x67, 0x0C, 0xF6, 0xE1, 0x6B, 0x6E, 0x08, 0x9B, 0xAC, 0x7E, 0x56, 0xFB,
    0x55, 0x50, 0x86, 0xFC, 0x8B, 0xF2, 0xC8, 0x46, 0x36, 0x46, 0x82, 0x2F, 0x81, 0xDB, 0xFC, 0x9E,
    0xCD, 0xEC, 0x5F, 0x3F, 0xAF, 0xA2, 0x92, 0xED, 0x63, 0x0D, 0x23, 0x31, 0xED, 0x1E, 0x9F, 0x63,
    0x1A, 0x3D, 0xA6, 0xAD, 0x13, 0x86, 0x33, 0x63, 0x0C, 0x49, 0x9E, 0xB1, 0xA6, 0x1D, 0x4C, 0x71,
    0x0A, 0xF3, 0x7A, 0x9D, 0x7A, 0x84, 0xB5, 0x1A, 0x13, 0x0B, 0x2A, 0xA0, 0x26, 0x4D, 0x6C, 0x4F,
    0xB1, 0x2E, 0xB4, 0x62, 0x41, 0x85, 0xFA, 0xA0, 0xF6, 0xD9, 0xB4, 0x61, 0x9D, 0xB2, 0xF2, 0x97,
    0x14, 0x5D, 0xB1, 0xA8, 0xB8, 0x08, 0x1B, 0x80, 0x07, 0xB2, 0x1A, 0x8A, 0xF5, 0x19, 0x17, 0x56,
    0xC8, 0xAF, 0xA4, 0x0A, 0x82, 0x12, 0xB8, 0x54, 0xF6, 0xA0, 0xE0, 0x5A, 0xFC, 0xF1, 0xFE, 0x45,
    0x15, 0x17, 0x2B, 0xF5, 0xB4, 0x64, 0x92, 0x13, 0xE8, 0xA5, 0x24, 0xE8, 0x1F, 0x4C, 0x86, 0xE1,
    0xAC, 0x8D, 0x2A, 0xA7, 0x80, 0x1E, 0xC7, 0x65, 0x80, 0xCF, 0x85, 0xB7, 0x26, 0xFC, 0x01, 0x08,
    0x1A, 0x24, 0x33, 0x39, 0xC3, 0xF1, 0x1E, 0x77, 0x30, 0xD9, 0x5D, 0x3A, 0xA3, 0xCB, 0x63, 0x85,
    0x13, 0x7D, 0x58, 0x59, 0x3A, 0xA3, 0xDE, 0x96, 0x3B, 0xD6, 0x0E, 0xAE, 0xC7, 0x4B, 0xD2, 0x62,
    0x41, 0x9A, 0xE6, 0x7F, 0x0F, 0xFE, 0x6E, 0xAE, 0xE0, 0x8D, 0xD3, 0x0D, 0x87, 0xFF, 0x7B, 0x0F,
    0x0C, 0x34, 0x7D, 0xA2, 0xE0, 0xD7, 0x41, 0x15, 0x1A, 0xB5, 0xA6, 0x9C, 0x51, 0x1C, 0x06, 0xAF,
    0x6B, 0x42, 0x67, 0xF2, 0xCB, 0x70, 0x80, 0x5E, 0xCE, 0xF4, 0x99, 0x76, 0x24, 0x56, 0x93, 0xD2,
    0x36, 0x0B, 0x68, 0xA1, 0x75, 0x0B, 0x66, 0xC0, 0xCE, 0x55, 0xD8, 0xEC, 0x5E, 0x35, 0x9C, 0x3A,
    0x58, 0x41, 0xA9, 0x8B, 0x33, 0x99, 0xD0, 0x54, 0x37, 0x2B, 0x28, 0x57, 0x2A, 0x28, 0x75, 0x75,
    0xFC, 0x97, 0x4B, 0xBA, 0xE7, 0x32, 0x00, 0xEC, 0x70, 0xF5, 0x21, 0xBB, 0x5C, 0x41, 0x85, 0x0A,
    0x93, 0x85, 0x51, 0x45, 0x15, 0x10, 0x1F, 0x6F, 0x50, 0x8D, 0x10, 0x70, 0x51, 0x45, 0x8F, 0xA1,
    0x1D, 0x7B, 0x5C, 0x18, 0x54, 0x7B, 0x0E, 0x2C, 0xE0, 0xD7, 0x3F, 0xC9, 0x59, 0x94, 0xB7, 0xDA,
    0x91, 0x2C, 0x57, 0x08, 0x2B, 0x1A, 0x74, 0x6A, 0xF7, 0xCD, 0xAF, 0xE4, 0x8C, 0xAE, 0x6B, 0xF4,
    0x5A, 0x2A, 0xE2, 0xD6, 0x4D, 0xBB, 0x66, 0xF9, 0x08, 0x55, 0xED, 0xBF, 0xE3, 0x5B, 0xA1, 0xBF,
    0x41, 0x07, 0x98, 0x82, 0x48, 0x9C, 0x32, 0xBA, 0x02, 0x7C, 0x95, 0x2A, 0xAA, 0x09, 0x65, 0x35,
    0x2A, 0x9C, 0x62, 0x44, 0x50, 0x13, 0x61, 0x95, 0x5A, 0x7E, 0x97, 0x94, 0xC8, 0x6C, 0xD4, 0x31,
    0x83, 0xC0, 0xF1, 0xAC, 0x61, 0xC7, 0xB3, 0x5B, 0x5E, 0x62, 0x1A, 0x1B, 0x7F, 0x76, 0x6B, 0x1D,
    0x41, 0x92, 0xF3, 0x64, 0xF4, 0x93, 0xCD, 0xFC, 0xDE, 0x2A, 0x53, 0x65, 0x72, 0x06, 0xEF, 0x9D,
    0xE0, 0x23, 0x19, 0x8B, 0x9C, 0xE1, 0x4F, 0xBD, 0x64, 0xE6, 0x7E, 0x22, 0x67, 0x18, 0x9B, 0x7C,
    0x24, 0xC3, 0xBD, 0xC8, 0x99, 0x1B, 0x71, 0xDA, 0x3E, 0x91, 0x83, 0xC9, 0x19, 0x44, 0xCE, 0xE0,
    0x83, 0xB7, 0xF0, 0x50, 0xB2, 0xC5, 0xBC, 0x27, 0x0F, 0xEA, 0xCD, 0x4B, 0xEA, 0xAA, 0x5E, 0x55,
    0xF5, 0x93, 0xD7, 0x3B, 0x96, 0x9F, 0x3E, 0x5B, 0x5F, 0x78, 0xB2, 0x6C, 0x84, 0x79, 0x9F, 0xF9,
    0x38, 0x20, 0x92, 0x0F, 0x1F, 0x96, 0xCF, 0x6D, 0xEA, 0x7A, 0x60, 0xEA, 0xF3, 0x22, 0x62, 0xC1,
    0xAB, 0x2A, 0x12, 0x9D, 0x80, 0x6A, 0x04, 0xC6, 0xFD, 0x21, 0xB3, 0xDB, 0x35, 0xDD, 0x7E, 0x45,
    0x97, 0x55, 0x92, 0x21, 0x70, 0x4D, 0x2B, 0x20, 0xF6, 0x49, 0x34, 0x60, 0x12, 0x49, 0xCF, 0x2C,
    0xA9, 0x03, 0xE6, 0xDF, 0x5D, 0xED, 0x77, 0x4B, 0xBA, 0x59, 0x11, 0xA7, 0xD5, 0xEA, 0x29, 0x7C,
    0x58, 0x71, 0x1F, 0xF7, 0x48, 0x73, 0x52, 0x03, 0xCC, 0x5A, 0x2C, 0x0A, 0x3C, 0x7A, 0x65, 0x2B,
    0x01, 0x6E, 0x10, 0xED, 0xC2, 0xC4, 0x9A, 0x1A, 0x54, 0x26, 0xB2, 0xE5, 0x89, 0x7B, 0x03, 0xE4,
    0x56, 0xBB, 0x35, 0x2F, 0x4F, 0x77, 0x22, 0x4F, 0x26, 0x51, 0xCD, 0xE3, 0x7B, 0xAC, 0x6C, 0x05,
    0xAC, 0xE5, 0xF4, 0xCE, 0x3D, 0xA9, 0xBC, 0x7D, 0x10, 0x66, 0x31, 0x7C, 0xEA, 0x18, 0x7B, 0xD7,
    0x8B, 0x44, 0x6D, 0xB1, 0x7B, 0xEF, 0x9B, 0xCF, 0x6E, 0x2B, 0xFC, 0x9D, 0x34, 0x29, 0xB0, 0x4A,
    0x80, 0x3C, 0xBF, 0x33, 0xB3, 0x50, 0x13, 0x19, 0xFE, 0xAD, 0xC6, 0x8D, 0xE9, 0xAB, 0xEE, 0xAE,
    0x80, 0xF7, 0x20, 0x66, 0x71, 0xCB, 0xDC, 0x9D, 0x4F, 0xE7, 0xD3, 0xB2, 0x83, 0x3E, 0x01, 0xA9,
    0xB3, 0x27, 0xCB, 0xC4, 0x13, 0x2D, 0x66, 0x95, 0x48, 0xD2, 0xEE, 0xBB, 0x2B, 0xA4, 0x56, 0xC8,
    0x9B, 0x39, 0x45, 0x90, 0x07, 0x19, 0x36, 0x5B, 0xB2, 0xC3, 0xE0, 0x3C, 0x62, 0xFA, 0x5D, 0x09,
    0x1B, 0x73, 0x02, 0xDF, 0x4A, 0x8D, 0xC9, 0xA1, 0xCD, 0x42, 0x63, 0x32, 0x60, 0xCF, 0xAB, 0x95,
    0x16, 0xC6, 0x6C, 0xE7, 0x1C, 0x8D, 0xDB, 0x81, 0x01, 0x1D, 0x76, 0x0D, 0xF6, 0x68, 0x0D, 0x26,
    0x4C, 0x72, 0x0C, 0x7F, 0xBC, 0xD7, 0xD1, 0xEA, 0x19, 0xFE, 0x28, 0x63, 0xF1, 0x4D, 0x72, 0x9C,
    0x37, 0xC9, 0x81, 0x02, 0x8F, 0x26, 0x8C, 0xC8, 0x0B, 0x58, 0x1A, 0x93, 0x1C, 0xA2, 0xF5, 0x1F,
    0x3F, 0xF4, 0x41, 0x90, 0xA3, 0x06, 0x30, 0x83, 0x1C, 0x2F, 0x9F, 0x7C, 0x16, 0xFD, 0x9E, 0x65,
    0x34, 0x18, 0x89, 0xB9, 0xB4, 0xA4, 0xB3, 0xCE, 0x91, 0x99, 0x1A, 0xBA, 0x7F, 0xA7, 0xC9, 0xC9,
    0x92, 0x64, 0x3C, 0xB0, 0xCB, 0x0C, 0x0B, 0x02, 0xDE, 0x62, 0x49, 0x3F, 0x39, 0x2C, 0x3B, 0x22,
    0x58, 0xA1, 0xAD, 0xCF, 0xE9, 0xE6, 0xD0, 0x85, 0x93, 0x0D, 0x8C, 0xF3, 0x1E, 0x5E, 0x80, 0xB4,
    0x0B, 0x09, 0x45, 0x4F, 0xD7, 0x5C, 0xB6, 0x88, 0x42, 0xCA, 0x69, 0x89, 0xDD, 0x3B, 0x9E, 0x03,
    0xBA, 0xCB, 0xEC, 0xF3, 0xA5, 0x12, 0x3B, 0x20, 0x0A, 0x1C, 0x07, 0xF2, 0xFC, 0x37, 0xB3, 0x2B,
    0x61, 0xC7, 0xE0, 0xFE, 0x17, 0x49, 0xE8, 0x95, 0x3C, 0x77, 0x86, 0x27, 0x53, 0x0E, 0x72, 0x5C,
    0x6F, 0xE8, 0x0B, 0x63, 0x5F, 0x7B, 0x95, 0xB1, 0xCF, 0xBF, 0x42, 0x15, 0x5F, 0x9F, 0x86, 0xB8,
    0x5E, 0xE1, 0xB5, 0x01, 0xCB, 0x73, 0x75, 0x04, 0x3F, 0x16, 0x31, 0x1E, 0x88, 0x7D, 0xC0, 0xE4,
    0x2C, 0x5E, 0x89, 0x84, 0xE2, 0x09, 0xAA, 0xA0, 0xFA, 0xC2, 0x32, 0xEE, 0xEA, 0x72, 0xFC, 0xE3,
    0xFA, 0xE7, 0x84, 0x08, 0xDF, 0xE4, 0xCB, 0xC5, 0x3E, 0x7B, 0x61, 0xEC, 0xDB, 0xA9, 0x79, 0x5D,
    0x7D, 0xEC, 0xDB, 0x85, 0x19, 0x85, 0xA8, 0x91, 0x5C, 0x26, 0x6A, 0xEC, 0xC4, 0xFB, 0x66, 0xB8,
    0xEA, 0x9C, 0x96, 0xA2, 0x97, 0xD8, 0x8A, 0xBC, 0x94, 0x67, 0x59, 0x7B, 0x56, 0x5C, 0xEE, 0x87,
    0x41, 0x24, 0x53, 0x23, 0x48, 0xC6, 0xC3, 0x89, 0x32, 0xEB, 0xC5, 0x59, 0x13, 0x14, 0xB2, 0x0B,
    0x54, 0x36, 0x8E, 0xC1, 0x01, 0xD8, 0xEE, 0x26, 0x6A, 0x82, 0x7E, 0xD5, 0xB4, 0xD1, 0x84, 0x62,
    0x45, 0xFD, 0x9F, 0xEE, 0xA5, 0x96, 0xD5, 0xD3, 0x8C, 0x92, 0x0E, 0x8D, 0xA0, 0xCE, 0xBC, 0x93,
    0x44, 0xB2, 0x34, 0xDE, 0x50, 0x2A, 0x7A, 0x33, 0xDE, 0x93, 0xD7, 0x58, 0xFE, 0xF8, 0x2C, 0x18,
    0x94, 0x58, 0xA1, 0xF8, 0x5F, 0x82, 0x9F, 0xF1, 0x2E, 0x9B, 0x35, 0x54, 0xCB, 0x1F, 0x28, 0x80,
    0x03, 0x2D, 0x5E, 0xE2, 0x27, 0xF8, 0x85, 0xA1, 0x39, 0x6D, 0x7D, 0x0B, 0x49, 0xCC, 0x81, 0xA4,
    0x7D, 0x23, 0x49, 0x5F, 0xF1, 0xDF, 0x5B, 0xE7, 0xA0, 0x56, 0x5E, 0xBB, 0xE3, 0x53, 0xE7, 0x4B,
    0x84, 0x51, 0x7E, 0xB3, 0x6A, 0x2C, 0x07, 0x89, 0x1C, 0x3B, 0x94, 0x33, 0x1C, 0x8E, 0x52, 0x27,
    0xF5, 0xC7, 0x9A, 0x37, 0xC4, 0xB8, 0x69, 0xCF, 0x61, 0x93, 0x93, 0xEE, 0x2E, 0xCD, 0xB1, 0x12,
    0x0B, 0x89, 0xC5, 0x59, 0x49, 0xCD, 0xD2, 0xDD, 0x7E, 0x5E, 0x5D, 0x8F, 0xEB, 0xAC, 0x70, 0x40,
    0x9F, 0x23, 0x62, 0x36, 0x8B, 0x64, 0x42, 0x9D, 0x84, 0xB9, 0x0A, 0xA7, 0x34, 0xB2, 0x2B, 0x0C,
    0x46, 0x8D, 0x5C, 0x2D, 0xC9, 0x3F, 0x3E, 0xE4, 0x26, 0xCF, 0xAF, 0x63, 0xDC, 0xFC, 0xF5, 0x49,
    0xD0, 0x31, 0x0C, 0xF7, 0xDF, 0x6F, 0xC1, 0xFE, 0x8D, 0xAE, 0xA6, 0xEF, 0x3F, 0x94, 0xD0, 0x82,
    0x49, 0xF7, 0xB4, 0x54, 0x9A, 0x77, 0x6F, 0xBC, 0x75, 0x9A, 0x8E, 0x06, 0x72, 0x86, 0xF6, 0x71,
    0x3D, 0xCD, 0x33, 0x8F, 0xE8, 0x94, 0xB5, 0x30, 0x54, 0x34, 0xAE, 0x59, 0x0B, 0x0E, 0x25, 0x6E,
    0x15, 0x43, 0x92, 0x06, 0x41, 0x4E, 0x20, 0xE9, 0x53, 0x83, 0xCE, 0x50, 0x04, 0x4F, 0x4D, 0x34,
    0xA2, 0x44, 0xEF, 0x94, 0x8D, 0x06, 0xDC, 0x63, 0x8E, 0xD9, 0x21, 0x79, 0x44, 0xC1, 0xFF, 0xDA,
    0x9E, 0x22, 0xFF, 0x17, 0x7A, 0x3C, 0x8E, 0xEC, 0xC7, 0xB4, 0x5C, 0xE2, 0x3A, 0x29, 0xC1, 0xBE,
    0x45, 0xA7, 0x1C, 0xE5, 0x57, 0x71, 0x2D, 0x9F, 0x4E, 0x85, 0x5B, 0x51, 0x1E, 0x0F, 0xED, 0x5E,
    0xB2, 0x19, 0x9A, 0x8B, 0x9E, 0x1D, 0x8B, 0x1F, 0x1A, 0x90, 0x2D, 0x23, 0xF2, 0x3D, 0x67, 0x0B,
    0x59, 0x41, 0xEE, 0x68, 0x9E, 0x25, 0x2B, 0x70, 0xD7, 0xDF, 0x75, 0xA6, 0x85, 0xB1, 0xC2, 0x1B,
    0x8D, 0xC8, 0xA8, 0x26, 0x26, 0x31, 0xF4, 0x33, 0x69, 0x9F, 0x19, 0x3E, 0x4D, 0xFA, 0x0F, 0xCE,
    0x9C, 0x59, 0x92, 0x66, 0x57, 0xC9, 0x46, 0xD7, 0xAF, 0x37, 0xBA, 0xC4, 0x77, 0x99, 0xF1, 0x5D,
    0xCB, 0x0E, 0xCA, 0x0C, 0xA6, 0xE4, 0x99, 0xCF, 0x78, 0x8D, 0xE0, 0x51, 0x32, 0xC3, 0xE4, 0x20,
    0xB5, 0x94, 0xA4, 0x23, 0xF7, 0x9B, 0xE7, 0xCC, 0x5E, 0x15, 0x25, 0x01, 0x66, 0x52, 0x14, 0x2A,
    0x43, 0x0B, 0xA1, 0x9B, 0x7C, 0x98, 0x4D, 0x60, 0x66, 0x03, 0xD0, 0xD7, 0xDC, 0xC1, 0x4F, 0xC9,
    0x35, 0x6A, 0x82, 0x25, 0xB5, 0x2C, 0x1C, 0x50, 0xCD, 0xCC, 0x05, 0x22, 0x13, 0x1B, 0x74, 0x22,
    0xD7, 0x5F, 0x9B, 0x73, 0x2F, 0xF4, 0x0B, 0xF9, 0xBC, 0x7F, 0xD3, 0xE3, 0x66, 0xDF, 0x72, 0x1D,
    0xA5, 0xDB, 0x83, 0x6B, 0xF4, 0x49, 0xDF, 0x4A, 0xB1, 0xB3, 0x3E, 0x84, 0x4F, 0x59, 0x17, 0xFE,
    0xC5, 0xFF, 0xBB, 0xB6, 0x66, 0x7B, 0x0A, 0xE2, 0x65, 0x81, 0x32, 0xC7, 0x89, 0x9A, 0x50, 0xED,
    0x54, 0xFB, 0x70, 0xCD, 0xF8, 0xAB, 0x8C, 0x01, 0x83, 0x71, 0x02, 0x23, 0xCC, 0x95, 0x96, 0x64,
    0x40, 0x80, 0xEF, 0x18, 0x76, 0x62, 0x23, 0xB7, 0x94, 0xCD, 0x6A, 0xFC, 0x43, 0x6F, 0xF6, 0xE1,
    0xD3, 0xCD, 0xCA, 0xFA, 0x3A, 0xF0, 0x77, 0xBD, 0x48, 0x3E, 0xE9, 0xE7, 0xB8, 0x96, 0x5C, 0xA8,
    0xB6, 0x4E, 0xBE, 0x1E, 0x48, 0x68, 0x2D, 0xCD, 0xA8, 0x59, 0x7C, 0xBC, 0x25, 0xF9, 0xB5, 0xDF,
    0x7F, 0x8D, 0xC7, 0x8C, 0xE2, 0x25, 0x37, 0x23, 0x27, 0xF8, 0x5C, 0x1F, 0xBC, 0x26, 0xBA, 0x78,
    0xA1, 0x73, 0x8F, 0xE0, 0xEF, 0xD9, 0xE3, 0x8A, 0xFC, 0xB8, 0x57, 0xDC, 0x08, 0x88, 0xC6, 0x84,
    0xB1, 0x24, 0xE2, 0x46, 0x72, 0xE3, 0xAB, 0x55, 0x0C, 0xE2, 0xAC, 0x2F, 0xE6, 0x9A, 0x9E, 0xD6,
    0x61, 0x31, 0x82, 0x5F, 0x33, 0x90, 0x4E, 0xE4, 0xDC, 0x3B, 0x10, 0x77, 0xD3, 0x5F, 0xF8, 0x30,
    0x57, 0xD6, 0x85, 0x9B, 0x84, 0x6D, 0xA5, 0x25, 0xB4, 0xB8, 0x25, 0x0E, 0xC4, 0x19, 0x28, 0xD5,
    0x52, 0x1E, 0x02, 0x15, 0x31, 0xB4, 0xEB, 0xF1, 0x83, 0xD3, 0x50, 0x96, 0x21, 0x76, 0x44, 0x68,
    0x8D, 0x88, 0xF1, 0x90, 0x00, 0xFB, 0xC4, 0x00, 0x53, 0x6E, 0xBB, 0xC2, 0x18, 0xA9, 0xE1, 0x76,
    0x4E, 0x07, 0xCC, 0x3A, 0xCC, 0x02, 0xF2, 0x3A, 0x51, 0x63, 0xA6, 0x65, 0xA8, 0xEF, 0x75, 0x05,
    0x94, 0x03, 0x22, 0x03, 0x17, 0x71, 0x4D, 0xB4, 0xD2, 0xD0, 0x5F, 0x55, 0x9A, 0x59, 0x42, 0x87,
    0x3A, 0x25, 0x9F, 0x9F, 0xEE, 0x10, 0xFB, 0x38, 0xB5, 0x86, 0x0B, 0x79, 0xEF, 0xDC, 0x2D, 0xD6,
    0x17, 0x86, 0xE9, 0x15, 0xFD, 0xE2, 0xE5, 0x29, 0x42, 0x00, 0xB5, 0xEC, 0xF6, 0xEC, 0x98, 0x83,
    0x47, 0xBE, 0xF0, 0xFD, 0xD6, 0x84, 0x42, 0x97, 0x45, 0xED, 0x69, 0x39, 0xB5, 0xA3, 0xF3, 0x52,
    0xAC, 0xE0, 0xB2, 0x96, 0x29, 0xDD, 0x37, 0xA7, 0xE5, 0x98, 0xE7, 0x77, 0xF5, 0x19, 0xA5, 0xC4,
    0x2A, 0xAC, 0xAF, 0xC2, 0x04, 0xA1, 0x63, 0x20, 0xEA, 0x50, 0x91, 0xE2, 0x72, 0xE6, 0x69, 0xA5,
    0x86, 0x03, 0x99, 0x91, 0xEF, 0x29, 0x6E, 0xCF, 0xC7, 0x03, 0x6E, 0x9A, 0x31, 0x8B, 0xCD, 0x5B,
    0xEA, 0x21, 0x9A, 0xCA, 0x11, 0x88, 0x51, 0xD2, 0x98, 0x58, 0xC8, 0xAD, 0xE9, 0xE0, 0xCB, 0xA2,
    0x06, 0x36, 0x74, 0xE8, 0x53, 0x50, 0x2E, 0xB2, 0x3E, 0xEC, 0xB5, 0x5E, 0xA1, 0xBE, 0xBB, 0xEC,
    0x6E, 0x61, 0x45, 0x5C, 0x13, 0x0F, 0x89, 0x9B, 0xE5, 0xA6, 0x73, 0x7F, 0xF0, 0x92, 0x91, 0x11,
    0x6E, 0x26, 0x82, 0x6D, 0xE4, 0xB3, 0xF1, 0x86, 0x58, 0x4A, 0xE2, 0xD1, 0x00, 0x51, 0x6C, 0x54,
    0xA4, 0xB3, 0x26, 0x91, 0x09, 0x98, 0x8C, 0xA0, 0xF3, 0x9C, 0x9E, 0x72, 0x56, 0x0D, 0x44, 0x32,
    0xFD, 0x8E, 0xD5, 0x45, 0x49, 0xAD, 0x03, 0x05, 0xD6, 0x21, 0xC0, 0xCA, 0x19, 0x3A, 0x6D, 0x14,
    0x1F, 0x47, 0xD7, 0x39, 0x7A, 0xC7, 0x4A, 0x4B, 0xC5, 0x9C, 0x77, 0x02, 0x72, 0x93, 0x95, 0x29,
    0xD0, 0x1A, 0xCA, 0x5A, 0x44, 0x55, 0x2D, 0x37, 0x40, 0x47, 0xBD, 0x70, 0x44, 0x31, 0x04, 0xA6,
    0x29, 0x31, 0xEB, 0x92, 0x09, 0xA6, 0x8A, 0x9C, 0x61, 0xE6, 0xCF, 0xA7, 0x93, 0xB8, 0x1A, 0x65,
    0x4C, 0xD5, 0xC1, 0x60, 0x99, 0x29, 0x1F, 0x7A, 0x3D, 0x0A, 0x95, 0x78, 0x00, 0xD2, 0xA9, 0x1F,
    0x28, 0x4B, 0xF9, 0xCF, 0x3D, 0xB4, 0xD1, 0x87, 0x52, 0xB9, 0x09, 0x3B, 0x41, 0xE0, 0xB6, 0xF9,
    0x35, 0xC8, 0x27, 0x00, 0x33, 0xA0, 0x69, 0x97, 0x24, 0x94, 0x91, 0x85, 0x12, 0x16, 0x37, 0x84,
    0xB8, 0xDD, 0x97, 0xD0, 0x08, 0x08, 0x79, 0xEE, 0x1D, 0x4D, 0x1B, 0x5B, 0xC9, 0x3B, 0xBE, 0x14,
    0x59, 0x47, 0x23, 0x02, 0x14, 0x04, 0xD0, 0xC6, 0xB9, 0x96, 0xA5, 0x7C, 0x01, 0x85, 0x14, 0x5F,
    0x87, 0xD4, 0x0D, 0x62, 0xC0, 0x24, 0x52, 0x69, 0x04, 0x0F, 0x71, 0x92, 0x38, 0xA9, 0xBE, 0x59,
    0x55, 0x52, 0xBA, 0xE9, 0x21, 0x92, 0x3A, 0xEC, 0xC7, 0xAE, 0x24, 0xB4, 0x7B, 0x78, 0xBB, 0x72,
    0xC7, 0x0B, 0xD3, 0x5B, 0xB4, 0x5F, 0x65, 0x84, 0x6D, 0xEB, 0x84, 0x38, 0x5C, 0x63, 0x51, 0xCF,
    0x61, 0xFD, 0xD5, 0x59, 0x2D, 0xA7, 0x24, 0xD2, 0xDB, 0xE6, 0x72, 0x18, 0x75, 0x92, 0xB8, 0x77,
    0xB5, 0x92, 0x3D, 0xDE, 0x41, 0xFC, 0x1E, 0xB7, 0x6D, 0x0D, 0x56, 0xF6, 0x71, 0x5F, 0x22, 0xE3,
    0xA8, 0x34, 0x8F, 0x78, 0x6E, 0xDB, 0x34, 0x38, 0x12, 0xA5, 0xFB, 0xFE, 0x1E, 0x80, 0x0C, 0x00,
    0xA9, 0x74, 0xC0, 0x4E, 0x65, 0x69, 0xF1, 0x27, 0x6F, 0xDE, 0x3A, 0xAB, 0x3D, 0xED, 0x57, 0x55,
    0xE4, 0x26, 0x79, 0x8E, 0xAB, 0x29, 0x5F, 0x3F, 0x0C, 0x99, 0x22, 0x6E, 0xFA, 0xF3, 0xA3, 0x67,
    0x58, 0x89, 0xB0, 0xFA, 0x6A, 0x99, 0xE1, 0x81, 0xD2, 0x79, 0x71, 0x3F, 0x09, 0xA8, 0x79, 0x01,
    0x9E, 0x9E, 0x4F, 0x41, 0x55, 0xC7, 0x41, 0xE3, 0xD8, 0x34, 0x08, 0xA1, 0x61, 0x65, 0x66, 0xDF,
    0x85, 0xE2, 0xC6, 0x8D, 0xD3, 0x65, 0x8D, 0x94, 0x3C, 0x98, 0xFC, 0x32, 0xB1, 0x38, 0x70, 0xBD,
    0xC4, 0x03, 0x88, 0xFE, 0x7D, 0x84, 0xCF, 0x6E, 0xBE, 0x59, 0x7D, 0xCB, 0xDD, 0xD0, 0xB4, 0x98,
    0xBF, 0x34, 0xFC, 0x7A, 0xCB, 0x0D, 0x92, 0xD3, 0x0B, 0xAC, 0xF8, 0x43, 0x53, 0xFA, 0xFF, 0xFF,
    0x2D, 0xE1, 0x77, 0x4E, 0x72, 0xBE, 0x04, 0xAA, 0x47, 0xCA, 0x6C, 0x68, 0xBF, 0xC5, 0x21, 0x00,
    0xDE, 0x77, 0xF5, 0x1C, 0x2D, 0x02, 0x16, 0x82, 0xEF, 0x66, 0xD8, 0xE8, 0x85, 0x4E, 0x6E, 0x6A,
    0xFE, 0xA5, 0x13, 0xF8, 0xE8, 0x42, 0xE6, 0x34, 0x7D, 0x60, 0xDF, 0x4A, 0xF3, 0x9B, 0xAA, 0x57,
    0x93, 0x24, 0x03, 0x5C, 0x3F, 0xF2, 0x5F, 0xCF, 0xDE, 0x82, 0xBD, 0xC5, 0xFE, 0xCC, 0x02, 0xC7,
    0xA6, 0xBC, 0x7E, 0x83, 0x3D, 0x86, 0xA1, 0x65, 0xF3, 0x0E, 0x5B, 0xD2, 0x47, 0x77, 0x9C, 0xC0,
    0x7E, 0x58, 0xD8, 0xEF, 0x6D, 0x14, 0xA4, 0x89, 0x5E, 0x18, 0x45, 0xF3, 0xE2, 0x30, 0x59, 0x9E,
    0x9C, 0x7C, 0x75, 0xB3, 0x75, 0x42, 0x11, 0x18, 0x14, 0x33, 0xDC, 0x76, 0xD1, 0x49, 0x6C, 0x92,
    0x0E, 0x15, 0x74, 0xBD, 0x65, 0x2E, 0xAC, 0xE8, 0x58, 0xDD, 0x29, 0x0C, 0xC9, 0x23, 0x9E, 0xDB,
    0xB6, 0x49, 0xA2, 0x0E, 0xD5, 0x49, 0x84, 0xB0, 0xDB, 0x31, 0xDD, 0xEE, 0x17, 0x75, 0xFE, 0xF0,
    0x44, 0x79, 0xF5, 0xE2, 0xEB, 0xB0, 0x29, 0xBE, 0x5E, 0xEE, 0x53, 0x48, 0xB6, 0xFB, 0x21, 0x5A,
    0xE7, 0x83, 0x72, 0x3A, 0x19, 0x17, 0xF5, 0xE6, 0xBF, 0x1A, 0x53, 0xF1, 0x5B, 0x2B, 0x37, 0xE4,
    0xBF, 0x98, 0xEF, 0x23, 0x0F, 0x39, 0x2D, 0x7B, 0xFF, 0xD5, 0x80, 0xCC, 0x53, 0xB3, 0xD6, 0x66,
    0xDD, 0x74, 0x8C, 0x8A, 0xF3, 0xFD, 0x2F, 0xA7, 0x7C, 0x3B, 0x0E, 0x52, 0x26, 0x86, 0x85, 0x79,
    0x27, 0x14, 0x9B, 0x4F, 0xF6, 0xA9, 0x32, 0x8D, 0x63, 0x7E, 0xC2, 0xC6, 0xDC, 0x5F, 0x54, 0x33,
    0x95, 0x54, 0x34, 0xFF, 0x26, 0x52, 0x1D, 0x7D, 0xDC, 0x69, 0xE5, 0x24, 0x76, 0x1A, 0x79, 0x8C,
    0xE3, 0xCE, 0x5C, 0x55, 0xE7, 0x2D, 0x6B, 0x41, 0x66, 0x98, 0xA5, 0x26, 0xF2, 0x99, 0x06, 0x5C,
    0x13, 0x27, 0xA6, 0x97, 0x56, 0x0A, 0xBF, 0xBF, 0x6A, 0x90, 0xEB, 0x26, 0xF3, 0xA3, 0x9C, 0x46,
    0x46, 0xC7, 0x8C, 0x80, 0x6C, 0x14, 0x9C, 0xED, 0x15, 0xB7, 0xE8, 0x6F, 0x07, 0x92, 0x29, 0x2E,
    0xB0, 0x15, 0x5E, 0x94, 0x19, 0x8E, 0x58, 0x39, 0x28, 0x09, 0xCA, 0x21, 0xEF, 0x89, 0x2C, 0x33,
    0xC3, 0xD1, 0x0B, 0xA4, 0x5E, 0x1F, 0x85, 0xDD, 0xE0, 0x8E, 0x27, 0x86, 0x07, 0x0B, 0x2B, 0x31,
    0x13, 0x86, 0x0D, 0xA1, 0x26, 0x03, 0xF1, 0xC7, 0x79, 0x8D, 0x3F, 0x2E, 0x88, 0xF4, 0x7E, 0xCB,
    0xB7, 0x76, 0x41, 0xE7, 0xC4, 0x8C, 0x59, 0xFF, 0x05, 0xCF, 0xA5, 0x61, 0xBE, 0x4B, 0x7B, 0xAE,
    0x08, 0xDF, 0xD8, 0x25, 0xA3, 0x44, 0xF4, 0xBB, 0x13, 0x8C, 0xB6, 0xC6, 0x84, 0xD6, 0xA5, 0x06,
    0xC0, 0x4A, 0x2C, 0xC3, 0x01, 0xB6, 0x44, 0x51, 0x50, 0x6A, 0x89, 0xE9, 0x77, 0x4D, 0x6E, 0xA4,
    0x6C, 0xD3, 0xE9, 0x8C, 0x83, 0xA5, 0x46, 0x18, 0xAA, 0xA6, 0x9D, 0xCE, 0x55, 0x1D, 0x31, 0x1A,
    0x6B, 0x51, 0x7A, 0xAE, 0x4A, 0x07, 0xAD, 0x71, 0xEB, 0x84, 0xA8, 0x01, 0x16, 0x6E, 0xD1, 0xFF,
    0xA8, 0xFE, 0x45, 0x22, 0x6F, 0xDE, 0x2E, 0x17, 0xAA, 0x72, 0xD4, 0xE4, 0xA0, 0xC8, 0xB5, 0xD4,
    0xE3, 0xB6, 0xCD, 0x20, 0xF8, 0x4E, 0xAA, 0x64, 0xC1, 0x77, 0x6E, 0x99, 0x06, 0x60, 0x92, 0x25,
    0xB2, 0x29, 0x80, 0x7C, 0x4A, 0x36, 0x1A, 0xBC, 0x32, 0x61, 0xD9, 0xFB, 0x63, 0xBB, 0x8E, 0xAF,
    0x34, 0xFD, 0x44, 0xCF, 0x23, 0x9E, 0x0B, 0x25, 0x5B, 0xEE, 0xCC, 0xE7, 0x96, 0x6D, 0xF2, 0x64,
    0x3E, 0xE3, 0x5A, 0x41, 0x7E, 0xC0, 0x2F, 0xC7, 0x5D, 0x87, 0xB5, 0xE7, 0x0C, 0xEA, 0x92, 0xAF,
    0x98, 0xC8, 0x4A, 0x99, 0xF4, 0xF1, 0xA0, 0x46, 0x60, 0x62, 0x52, 0x13, 0xF7, 0x79, 0x9D, 0x75,
    0x71, 0x7F, 0x20, 0x59, 0x1B, 0x9F, 0x45, 0x59, 0x86, 0x3F, 0x2E, 0x35, 0xF6, 0x52, 0x1C, 0xF2,
    0xB1, 0xD8, 0x52, 0x95, 0xEB, 0xB9, 0xA5, 0xD2, 0x4A, 0xF1, 0x68, 0x37, 0x9D, 0x27, 0x35, 0xDF,
    0xEF, 0xBC, 0xF4, 0xC1, 0x72, 0x11, 0xFA, 0x32, 0x23, 0x34, 0xAE, 0x79, 0x2E, 0xF9, 0x04, 0x2B,
    0x3E, 0x05, 0x60, 0xBD, 0x5B, 0x2E, 0x77, 0xC0, 0xC0, 0xCA, 0x97, 0x6B, 0xBD, 0xA0, 0x29, 0x99,
    0xED, 0x20, 0x77, 0xE4, 0xB7, 0xEF, 0xC7, 0x50, 0xA0, 0x9A, 0xAF, 0xDA, 0xB2, 0x56, 0xAE, 0x2D,
    0xCE, 0xEE, 0xFF, 0xAD, 0xCE, 0x9C, 0xDB, 0xAF, 0x23, 0x37, 0x16, 0x9A, 0x84, 0xCE, 0x49, 0x1F,
    0xAA, 0x4B, 0xA4, 0x0F, 0x7A, 0xBB, 0x84, 0x80, 0xF1, 0x46, 0xFA, 0xD0, 0x0A, 0x3E, 0x5F, 0x65,
    0xFA, 0xB0, 0x65, 0xE3, 0xF0, 0x75, 0xF7, 0x43, 0xDA, 0xC2, 0xE7, 0x10, 0x3C, 0xB7, 0x6D, 0x1A,
    0x17, 0x6A, 0x27, 0xC9, 0x05, 0xDA, 0x49, 0x4F, 0x0C, 0x7F, 0x9E, 0x73, 0x7B, 0x32, 0x6B, 0x17,
    0x2D, 0x81, 0x71, 0x03, 0xBE, 0x2D, 0xE9, 0x7D, 0xB0, 0x5D, 0x44, 0x94, 0x1C, 0x3C, 0x19, 0xAB,
    0xAD, 0xAC, 0x83, 0x76, 0x42, 0xFB, 0xAF, 0x7D, 0x51, 0x43, 0x31, 0xA4, 0x2C, 0x35, 0xB0, 0xE1,
    0x6D, 0x2D, 0x6F, 0x30, 0x02, 0x31, 0x77, 0xCC, 0x23, 0x28, 0x25, 0x65, 0x10, 0x1F, 0x38, 0x16,
    0x6D, 0x84, 0xF9, 0x06, 0x49, 0x05, 0x63, 0x71, 0x1D, 0x86, 0x11, 0x52, 0x43, 0xBC, 0x84, 0x06,
    0x83, 0xC9, 0x60, 0xFC, 0x3D, 0x5C, 0xFC, 0x30, 0x56, 0x4E, 0xB9, 0x73, 0xE0, 0xF3, 0x4E, 0x6C,
    0xED, 0x8D, 0xB0, 0x44, 0xD3, 0x41, 0x11, 0x6A, 0x34, 0x2B, 0x0D, 0x8A, 0xC1, 0x13, 0x9D, 0xB9,
    0x05, 0x52, 0xB1, 0x1E, 0xA2, 0x80, 0x7D, 0x6C, 0x71, 0x53, 0x60, 0xD6, 0xC2, 0x9A, 0x65, 0x9D,
    0xB8, 0x5A, 0x39, 0x49, 0xFF, 0x76, 0x76, 0xDF, 0x4A, 0xF6, 0x6D, 0x78, 0x86, 0xAC, 0x6D, 0x9C,
    0x3E, 0xC6, 0xBD, 0xEB, 0xFF, 0x93, 0x0F, 0xC8, 0x59, 0x85, 0x46, 0x03, 0xFE, 0x38, 0xB6, 0x65,
    0x0B, 0x1A, 0xBC, 0xFC, 0x7A, 0x9F, 0x56, 0xED, 0xDC, 0x93, 0xFA, 0x27, 0xDD, 0x5C, 0x01, 0xA4,
    0x26, 0x59, 0x76, 0x3E, 0x55, 0xB5, 0xAF, 0x6B, 0x33, 0x45, 0xAA, 0x31, 0x3D, 0x3B, 0x99, 0x91,
    0xA9, 0x84, 0x20, 0x99, 0x4C, 0xA6, 0x20, 0x58, 0xF4, 0x74, 0x55, 0xB2, 0x04, 0x06, 0xFB, 0x30,
    0xFF, 0x4C, 0x36, 0x83, 0x5E, 0x2C, 0x22, 0x48, 0xC3, 0x60, 0x91, 0xED, 0xAA, 0x24, 0x80, 0xC0,
    0x60, 0x26, 0x00, 0x06, 0x8D, 0xC9, 0x43, 0x66, 0x31, 0x58, 0x74, 0xFF, 0x55, 0x31, 0x08, 0x16,
    0xA9, 0x59, 0x22, 0x08, 0xA6, 0x56, 0x7A, 0x48, 0x36, 0x98, 0xDA, 0x4D, 0x8D, 0xDC, 0xEE, 0xA9,
    0xAA, 0x9B, 0xF3, 0x7D, 0xF7, 0xD5, 0xBB, 0xFF, 0xCB, 0x3F, 0xDD, 0xBA, 0xED, 0xF6, 0xEB, 0x79,
    0x7D, 0xA7, 0xEB, 0x3B, 0xF5, 0xAA, 0xEE, 0xBD, 0xE7, 0x9C, 0xEF, 0xDC, 0xBA, 0x75, 0xEB, 0xDE,
    0xFB, 0x8F, 0x48, 0x64, 0xAD, 0x95, 0x13, 0x11, 0x1E, 0x1D, 0xFD, 0x83, 0xDC, 0x2B, 0x05, 0x87,
    0x14, 0xC9, 0x48, 0x91, 0x3A, 0x91, 0x1B, 0x8A, 0x6A, 0xA2, 0x98, 0x29, 0x02, 0x43, 0x11, 0x0D,
    0xB7, 0x20, 0xE2, 0x7E, 0xCB, 0xFC, 0x6D, 0xC5, 0xFC, 0x75, 0x01, 0x51, 0x08, 0xC5, 0x56, 0x8A,
    0x52, 0xC5, 0xA4, 0x97, 0x55, 0xF9, 0x28, 0x59, 0xAB, 0xF9, 0x07, 0x49, 0x55, 0xA4, 0x1D, 0x45,
    0xF6, 0xAF, 0x9B, 0xAB, 0x9D, 0xE6, 0x57, 0xFB, 0x7A, 0x55, 0xE3, 0xC4, 0xBC, 0xD9, 0xBC, 0x31,
    0x48, 0x68, 0xA0, 0x03, 0xFF, 0x24, 0x1A, 0x25, 0xE9, 0x21, 0x58, 0x26, 0x34, 0xAC, 0x2F, 0x98,
    0xA4, 0x12, 0x0A, 0xC9, 0xAD, 0x1D, 0xA4, 0x00, 0xBC, 0x78, 0x74, 0xF4, 0x9E, 0xEC, 0xA4, 0x03,
    0x58, 0x68, 0x0D, 0x35, 0x94, 0x62, 0xDF, 0x6D, 0xDA, 0x68, 0x92, 0xAC, 0x4B, 0xD4, 0x88, 0x3E,
    0xED, 0x58, 0x2B, 0x20, 0x80, 0x15, 0x8D, 0xB5, 0x6D, 0x6C, 0x15, 0x72, 0x58, 0x5A, 0xD4, 0x92,
    0xD5, 0x8D, 0x16, 0xAC, 0x67, 0x35, 0xAC, 0x54, 0xB0, 0x62, 0xB5, 0x2E, 0xA9, 0x3E, 0xAE, 0x2A,
    0xAD, 0x6E, 0xBE, 0x22, 0x89, 0xED, 0xAF, 0x8B, 0x6C, 0x84, 0xE9, 0x7B, 0xF2, 0xBB, 0x8A, 0x1F,
    0xCA, 0x65, 0xC5, 0x9B, 0x02, 0xF6, 0x8A, 0xCF, 0x06, 0x81, 0x6D, 0xB5, 0xE2, 0x85, 0xFF, 0xDA,
    0xA7, 0xDB, 0xB3, 0x9D, 0x12, 0x73, 0xE3, 0xA9, 0x26, 0xD3, 0x24, 0x9A, 0x3C, 0x93, 0xE6, 0x95,
    0x65, 0x92, 0x4C, 0x8E, 0x4F, 0x28, 0x26, 0xC3, 0x8E, 0x60, 0xC7, 0xAF, 0xA3, 0xD7, 0xB1, 0xEB,
    0xC8, 0xAD, 0x88, 0xA4, 0xD6, 0x31, 0xEB, 0x88, 0x75, 0xBC, 0x3A, 0x5A, 0x1D, 0xAB, 0xC7, 0xA4,
    0x86, 0x65, 0x50, 0x4B, 0x5C, 0x47, 0x5A, 0x63, 0x9B, 0xD4, 0x12, 0x2D, 0x56, 0x2F, 0x5B, 0x18,
    0xF4, 0xFB, 0x6F, 0x9F, 0x31, 0xBB, 0xE7, 0x80, 0x2D, 0x68, 0xBB, 0x0D, 0xBC, 0x0E, 0x10, 0xDA,
    0x16, 0x0E, 0xC0, 0x88, 0x18, 0xCE, 0xDF, 0x85, 0xB0, 0x03, 0xF0, 0xB9, 0xC3, 0x47, 0x4E, 0x1D,
    0xFC, 0xDF, 0x90, 0x2E, 0x3E, 0x81, 0xE4, 0x67, 0x04, 0x0C, 0x80, 0xF9, 0x7B, 0xB0, 0x65, 0x84,
    0x29, 0x8C, 0xE5, 0x9A, 0x12, 0x27, 0x2A, 0x62, 0xB4, 0x50, 0xE4, 0x3D, 0x85, 0x25, 0xCA, 0xE8,
    0x44, 0x29, 0xBB, 0xE9, 0x2F, 0x6E, 0x30, 0xA3, 0xB5, 0x60, 0xC4, 0x5A, 0x54, 0x9C, 0x2C, 0x65,
    0x36, 0xA9, 0xF2, 0x5E, 0x42, 0x2B, 0xA2, 0x1E, 0x4A, 0x23, 0xE1, 0x24, 0xB0, 0x3A, 0x1A, 0x29,
    0x52, 0xD4, 0x7B, 0xA9, 0x04, 0x97, 0x0C, 0x12, 0x10, 0xC6, 0x52, 0x78, 0x3B, 0x18, 0xB4, 0x5D,
    0xB1, 0x78, 0xE1, 0x2F, 0x36, 0xA0, 0xF8, 0x06, 0x0B, 0x68, 0xF5, 0xCA, 0x90, 0xA4, 0x83, 0xE4,
    0xE8, 0x58, 0x34, 0xB8, 0x46, 0x02, 0x35, 0x20, 0xB2, 0xEF, 0x5E, 0x9B, 0xE1, 0x88, 0x65, 0x10,
    0x32, 0xBB, 0x50, 0xD7, 0x66, 0xD7, 0x95, 0xB8, 0x84, 0x56, 0x85, 0x70, 0x41, 0x16, 0x18, 0xDA,
    0x94, 0x7C, 0xAA, 0x57, 0x9F, 0x83, 0x12, 0x2E, 0x2E, 0x28, 0x6F, 0x3B, 0xA9, 0x3E, 0xBD, 0x36,
    0x04, 0x8B, 0x44, 0x46, 0x95, 0x06, 0x13, 0x3C, 0x9A, 0xB2, 0x96, 0xDE, 0xD0, 0x17, 0x80, 0xAC,
    0x50, 0xAD, 0x67, 0xB8, 0x11, 0x0F, 0x30, 0xAC, 0xCB, 0x7A, 0xA9, 0xEA, 0x74, 0x7E, 0x46, 0xAB,
    0xB0, 0x68, 0x0B, 0x0D, 0x18, 0x3C, 0x78, 0x4D, 0x76, 0x4D, 0xEA, 0x28, 0xD2, 0x81, 0x22, 0xE9,
    0x29, 0xC2, 0x9A, 0x42, 0x9E, 0xC8, 0x28, 0x44, 0x6C, 0xFA, 0xB8, 0x1B, 0x03, 0x02, 0xDA, 0xF4,
    0x38, 0xB8, 0x0F, 0x4B, 0x39, 0xA4, 0x3D, 0x51, 0x87, 0xBF, 0xA6, 0x9C, 0x24, 0x55, 0x33, 0x50,
    0x2B, 0xA0, 0x08, 0x9E, 0xBC, 0x10, 0x5C, 0x94, 0xB0, 0x13, 0x35, 0xD7, 0xA0, 0xB1, 0x35, 0x68,
    0xFF, 0x7C, 0x10, 0xC2, 0xC7, 0x16, 0x87, 0x67, 0x25, 0x84, 0xC8, 0x24, 0xA7, 0xF8, 0x98, 0x01,
    0x88, 0x6C, 0xEF, 0xFD, 0x3E, 0x9D, 0x2E, 0x6D, 0x28, 0x2A, 0xCB, 0x2C, 0x8D, 0xB5, 0x0B, 0xF2,
    0x6D, 0xDE, 0xB4, 0x6A, 0xD6, 0xAC, 0x86, 0x0D, 0xEC, 0x0F, 0x63, 0x43, 0x11, 0x4C, 0x12, 0x18,
    0xC1, 0x8D, 0x10, 0x62, 0x0B, 0xDA, 0x60, 0x68, 0x34, 0xEC, 0x8A, 0xF8, 0x58, 0xF4, 0x14, 0x09,
    0xC4, 0x56, 0x6D, 0x67, 0x39, 0x06, 0x6E, 0x82, 0x40, 0x65, 0xF0, 0x3D, 0x1A, 0xE1, 0x3D, 0x0A,
    0xE5, 0x25, 0x5A, 0x0A, 0x69, 0xA8, 0x6A, 0x78, 0xAE, 0x4C, 0x41, 0x64, 0x46, 0x2F, 0x1C, 0x7D,
    0x60, 0x3B, 0xDA, 0xE7, 0xA2, 0xB1, 0x90, 0x60, 0x9F, 0x02, 0xD3, 0x40, 0x84, 0xC6, 0x0A, 0xA3,
    0xE9, 0xC4, 0xF0, 0x82, 0x13, 0x2F, 0x41, 0xC4, 0x3F, 0x1F, 0x29, 0x7E, 0x0A, 0xCA, 0xCA, 0xA4,
    0xD3, 0xDC, 0x76, 0x4E, 0x3B, 0x46, 0xE6, 0xDB, 0x6A, 0x48, 0xF3, 0x69, 0xF5, 0x49, 0x8B, 0xCE,
    0x2C, 0x56, 0xDF, 0x63, 0x8D, 0x8F, 0x72, 0x8B, 0x08, 0xD9, 0x92, 0x76, 0x36, 0x25, 0xED, 0xAC,
    0x18, 0x0E, 0x0A, 0xFA, 0x45, 0xB1, 0xB8, 0x68, 0xCD, 0xFC, 0x2B, 0x9C, 0x98, 0x25, 0x82, 0xD0,
    0x98, 0xA9, 0xD0, 0xA8, 0x15, 0x06, 0xAD, 0xFB, 0xF5, 0x65, 0xE4, 0xF0, 0xF2, 0x17, 0x23, 0xB9,
    0xFE, 0x16, 0x88, 0x3A, 0x38, 0x74, 0x0E, 0x6C, 0x28, 0x63, 0x17, 0x80, 0xC4, 0x32, 0x1E, 0xE9,
    0xA7, 0x9B, 0x66, 0x52, 0xA1, 0x66, 0x59, 0x0A, 0x10, 0x03, 0x63, 0xF2, 0x56, 0xB2, 0x9A, 0x6C,
    0xC1, 0xA6, 0xA4, 0xA7, 0x4D, 0xC9, 0x40, 0x63, 0xE2, 0x55, 0x3C, 0xD7, 0x1C, 0xBD, 0xAF, 0xA2,
    0xB0, 0x76, 0xD2, 0x2C, 0xC7, 0xE2, 0xD2, 0xA2, 0x8A, 0xB4, 0xDC, 0x24, 0xA8, 0x90, 0x22, 0x6B,
    0x19, 0xD4, 0xA2, 0x0C, 0x21, 0x1A, 0x06, 0x35, 0x98, 0x19, 0xCD, 0xD8, 0x50, 0xE4, 0x3D, 0x6A,
    0x0D, 0x95, 0x90, 0xF8, 0xEE, 0x91, 0x9D, 0x69, 0x1F, 0xC2, 0x91, 0x5A, 0x7B, 0xFB, 0x24, 0x00,
    0x14, 0x21, 0x05, 0xAB, 0x20, 0xB1, 0xAD, 0x17, 0xCF, 0x7D, 0x70, 0xB7, 0xA4, 0x8B, 0xBD, 0x7C,
    0x15, 0x03, 0xC0, 0x51, 0x3F, 0xF1, 0xDE, 0x43, 0xFF, 0x4B, 0x9B, 0xCD, 0x46, 0x35, 0x31, 0x4F,
    0x43, 0xDC, 0x6E, 0x36, 0xAF, 0x41, 0x2F, 0xD2, 0xE4, 0x31, 0x30, 0x9E, 0x8C, 0x68, 0x24, 0x0E,
    0x1E, 0xE3, 0xCF, 0x37, 0x9B, 0x52, 0x38, 0x48, 0x21, 0x93, 0x35, 0x02, 0xC2, 0x78, 0x78, 0xCC,
    0x88, 0x79, 0x4D, 0x24, 0x6F, 0x85, 0x43, 0xF1, 0x58, 0x1D, 0x1D, 0x1D, 0xAD, 0x86, 0x28, 0x2C,
    0xC2, 0x88, 0x4C, 0x0E, 0x9E, 0x3A, 0x3A, 0xBA, 0x71, 0x6A, 0x70, 0xBF, 0xD3, 0x11, 0xB5, 0xE0,
    0x7A, 0x08, 0x66, 0x65, 0x59, 0xAD, 0x0B, 0x0D, 0xD4, 0xB3, 0x23, 0x9A, 0xA0, 0x70, 0xC2, 0xA8,
    0xEE, 0x18, 0xD4, 0xE1, 0xC3, 0x9D, 0x8E, 0x08, 0xD5, 0x14, 0x08, 0x47, 0xD6, 0x49, 0x55, 0xA6,
    0x77, 0xBE, 0x31, 0x83, 0xB1, 0x71, 0xED, 0x88, 0x0E, 0xBF, 0x7C, 0x6C, 0x5F, 0xED, 0x8D, 0xED,
    0xCF, 0x15, 0xA7, 0xF2, 0xB6, 0xBC, 0x27, 0x41, 0x2F, 0x83, 0x04, 0x43, 0x84, 0xF6, 0xD8, 0xB4,
    0xC8, 0x21, 0x22, 0xCF, 0xDF, 0x3E, 0x5B, 0x76, 0x7D, 0x72, 0x5C, 0x38, 0x5E, 0x88, 0xF2, 0xDD,
    0xF3, 0xC7, 0xAB, 0x1F, 0xC1, 0xC4, 0x3B, 0x23, 0x98, 0x33, 0xA5, 0xF4, 0x7C, 0x10, 0x95, 0x8C,
    0x3E, 0xEF, 0x4D, 0xFF, 0x69, 0x11, 0x10, 0x65, 0xF9, 0x73, 0x60, 0x63, 0x84, 0x9F, 0x28, 0x67,
    0x44, 0x5D, 0x0C, 0x7A, 0xE8, 0xE1, 0x15, 0xE4, 0xFE, 0xAB, 0x13, 0xD3, 0x9A, 0xEF, 0xA0, 0x30,
    0xEE, 0x5E, 0xD8, 0xE9, 0x7F, 0x0E, 0xE5, 0xEB, 0x8A, 0x3F, 0xD2, 0xFF, 0x34, 0xC7, 0xAB, 0xA3,
    0xC0, 0xB4, 0xD2, 0xBF, 0x2F, 0xCA, 0xF3, 0xD5, 0x6C, 0x2F, 0x4A, 0xD0, 0xC9, 0x0F, 0x4F, 0x8D,
    0xFA, 0x0C, 0x47, 0x7D, 0x67, 0xDF, 0x1D, 0xBC, 0xCD, 0x07, 0x1F, 0xBD, 0x13, 0xC4, 0x10, 0xF6,
    0x2A, 0x5C, 0x0F, 0x05, 0x16, 0x81, 0x92, 0xDC, 0xBE, 0xDF, 0x07, 0x50, 0x07, 0x4B, 0x39, 0x98,
    0x4C, 0x97, 0xC3, 0xAB, 0x18, 0x71, 0xF5, 0x1C, 0xF9, 0x22, 0x3C, 0x45, 0xCB, 0x2E, 0x26, 0x6F,
    0x63, 0x46, 0xAC, 0x4B, 0x7B, 0xFA, 0x96, 0x7D, 0xD9, 0xE8, 0x9B, 0x86, 0x53, 0xA4, 0xEA, 0xF3,
    0xF6, 0x44, 0x1C, 0x6C, 0xAA, 0x5A, 0x05, 0xF2, 0xED, 0x8A, 0xC6, 0x15, 0xB0, 0x2C, 0x1E, 0xA9,
    0x68, 0xF1, 0x7E, 0xC6, 0x9B, 0x5A, 0xF2, 0x59, 0x92, 0x49, 0x82, 0x65, 0xE6, 0xE8, 0xDB, 0x4C,
    0xE4, 0xBF, 0x9B, 0x38, 0xFA, 0x16, 0xE3, 0x47, 0xDF, 0x17, 0x48, 0x78, 0x52, 0xC6, 0x28, 0xDA,
    0xA6, 0x7A, 0x31, 0x5E, 0x10, 0xA0, 0xD0, 0xB2, 0x51, 0xFC, 0xE5, 0xCE, 0xD7, 0xBA, 0x36, 0x20,
    0xC6, 0x62, 0x52, 0x8D, 0xC0, 0x78, 0x7E, 0x63, 0xB9, 0x81, 0x26, 0xB1, 0xD0, 0x8D, 0xEB, 0x64,
    0xDB, 0xFD, 0x73, 0xE7, 0xB7, 0x88, 0x93, 0x62, 0x0D, 0xDF, 0xB3, 0xBB, 0x4D, 0x4F, 0x8F, 0x4A,
    0xB0, 0x3A, 0xAE, 0x9D, 0x6E, 0x6C, 0x88, 0xF6, 0x2E, 0x62, 0xC1, 0xD6, 0x11, 0x2E, 0x6C, 0x71,
    0x3D, 0x86, 0x4C, 0x9C, 0x31, 0xE1, 0x48, 0x44, 0x51, 0x1C, 0xF2, 0x0A, 0x1A, 0x23, 0x32, 0x34,
    0x7A, 0xE2, 0x4A, 0x59, 0x37, 0xBF, 0x70, 0x7A, 0xD0, 0x11, 0x0D, 0x14, 0xD0, 0xEF, 0xFF, 0x0A,
    0xDE, 0x7E, 0x02, 0x83, 0xE9, 0x53, 0x5A, 0xD2, 0x98, 0xF5, 0xF9, 0x64, 0x94, 0xCF, 0x6B, 0x18,
    0x9F, 0x9C, 0xA8, 0x14, 0xAB, 0xE2, 0x5D, 0x91, 0x3A, 0xF1, 0x9B, 0x44, 0xF6, 0xFD, 0xEC, 0x87,
    0x76, 0x53, 0x38, 0x00, 0x13, 0x36, 0xD9, 0x5F, 0x07, 0xC8, 0x0B, 0x3E, 0xBE, 0x2B, 0xD6, 0xE7,
    0x33, 0xBE, 0x07, 0x38, 0xA8, 0x1E, 0x35, 0x54, 0x10, 0xB0, 0x90, 0x86, 0x6E, 0x19, 0x84, 0x83,
    0x45, 0x3B, 0xF4, 0xEA, 0x9D, 0xDC, 0x22, 0x19, 0x27, 0xC6, 0x67, 0x66, 0xBD, 0x68, 0x0F, 0x03,
    0x23, 0xB0, 0x3E, 0x44, 0x7D, 0x1A, 0x04, 0x88, 0x49, 0xA2, 0xBB, 0xFA, 0xB6, 0x51, 0xC1, 0xFC,
    0x12, 0x53, 0xAC, 0x73, 0xF9, 0x49, 0x47, 0xD3, 0xD2, 0x63, 0xD1, 0xD2, 0x44, 0x8A, 0x1E, 0x8A,
    0x71, 0x1F, 0x4C, 0xBA, 0xEF, 0x67, 0xDC, 0x28, 0x84, 0xC2, 0xDB, 0x47, 0x06, 0x21, 0xCA, 0xD3,
    0xF3, 0x0D, 0x24, 0xAC, 0x03, 0xB4, 0xF2, 0x94, 0x3D, 0xAA, 0x85, 0xE6, 0xCB, 0x8C, 0x68, 0x4C,
    0x89, 0xDE, 0x99, 0x1A, 0x3B, 0x06, 0xCB, 0x9D, 0xAB, 0x53, 0x68, 0xDB, 0x70, 0xC6, 0x6C, 0xDF,
    0x12, 0x4D, 0x9A, 0x2B, 0x1A, 0x01, 0x83, 0xFA, 0x11, 0x2B, 0xCC, 0x30, 0x74, 0x82, 0x99, 0x93,
    0xAA, 0x0D, 0x00, 0xA1, 0xC9, 0x14, 0x46, 0x35, 0x2F, 0x1A, 0x72, 0x80, 0x9B, 0xC8, 0x80, 0xCD,
    0x0A, 0x49, 0x1F, 0x4C, 0x51, 0x9B, 0xD8, 0x57, 0xEB, 0x2C, 0xB5, 0xF2, 0x52, 0x68, 0xE4, 0x24,
    0x3D, 0xCD, 0x56, 0xE6, 0x0C, 0xB9, 0x05, 0x5B, 0x48, 0x0F, 0x0F, 0x10, 0x87, 0xAC, 0x50, 0x0E,
    0xDD, 0x38, 0x62, 0x1C, 0x3D, 0x6A, 0x04, 0x01, 0x70, 0x9B, 0x07, 0xFC, 0xA6, 0xA7, 0xF0, 0xB8,
    0xC0, 0x01, 0x7F, 0x7D, 0xD5, 0xAC, 0x36, 0x1C, 0xE3, 0x32, 0x5D, 0xAE, 0xCA, 0x2B, 0xF9, 0x2C,
    0x7F, 0x88, 0x4A, 0x98, 0xA8, 0xD7, 0xEB, 0x5C, 0xF5, 0x8E, 0xFB, 0x7A, 0x93, 0x9E, 0xDC, 0x9F,
    0xD6, 0x5B, 0x53, 0xAF, 0xD7, 0x69, 0xED, 0x80, 0x43, 0xD7, 0x5B, 0xF0, 0x28, 0x3C, 0x16, 0x3F,
    0x73, 0x6F, 0xC3, 0xEE, 0x9A, 0x0F, 0x0A, 0x9D, 0x2E, 0x70, 0x7D, 0xDF, 0x16, 0xF8, 0x1F, 0xEE,
    0xFB, 0xBF, 0x67, 0x0B, 0x5E, 0xC8, 0x49, 0x19, 0xB5, 0x78, 0x19, 0xC7, 0x8B, 0xC5, 0x8B, 0x18,
    0xAF, 0xE1, 0xC7, 0xE2, 0xEF, 0xAF, 0xC9, 0x85, 0x32, 0x15, 0xFD, 0xAF, 0xCC, 0x25, 0xFD, 0x62,
    0x92, 0x18, 0x8F, 0xEE, 0x3F, 0x96, 0x8F, 0x24, 0xBE, 0xE8, 0x08, 0xEE, 0x6D, 0xD5, 0x75, 0x6F,
    0xD5, 0x9E, 0x42, 0xF3, 0x80, 0x0A, 0xDB, 0x13, 0x85, 0xE1, 0xEC, 0x6E, 0x15, 0x1C, 0x74, 0xBB,
    0x7E, 0xB7, 0xFA, 0x8E, 0x1B, 0x71, 0xFB, 0x01, 0x77, 0x0E, 0xDD, 0xB4, 0x03, 0x4C, 0xFC, 0xAA,
    0x9D, 0x06, 0xD1, 0xD1, 0x1D, 0x77, 0xE9, 0x8A, 0xB3, 0x81, 0xB5, 0x36, 0x7F, 0xAA, 0xB7, 0x27,
    0xB5, 0xE3, 0x1D, 0x61, 0x4A, 0x6B, 0x4E, 0x54, 0xB5, 0xFE, 0x1D, 0xFE, 0x34, 0xCB, 0x6E, 0x69,
    0xC8, 0xCC, 0x42, 0x13, 0x8C, 0x08, 0x0D, 0x4C, 0xE0, 0xFA, 0x25, 0xF4, 0xC7, 0x3D, 0x2C, 0x70,
    0xEB, 0x4C, 0x29, 0x2A, 0x80, 0xE2, 0xBC, 0x84, 0x6A, 0x74, 0xFE, 0x6B, 0x1D, 0x33, 0x1D, 0x9A,
    0x64, 0x0A, 0xA6, 0xC0, 0x84, 0x63, 0x34, 0x62, 0xE1, 0x29, 0x1E, 0x92, 0x3E, 0xE9, 0xD2, 0x2E,
    0x6D, 0xD3, 0x36, 0xAB, 0xF3, 0xBA, 0x28, 0x0B, 0xAA, 0x45, 0x88, 0x5C, 0x27, 0x8D, 0xA2, 0xA8,
    0xF0, 0x96, 0xE3, 0x68, 0x76, 0x61, 0x9A, 0xBC, 0xA8, 0x60, 0x12, 0xE2, 0x16, 0x1A, 0x6A, 0x88,
    0x8E, 0x3B, 0xE9, 0x81, 0x6E, 0x3A, 0x41, 0x9A, 0x02, 0x15, 0x3D, 0xA3, 0x98, 0x40, 0x8C, 0xBE,
    0x77, 0xDE, 0xED, 0xA4, 0x33, 0x88, 0x9E, 0xDC, 0x25, 0x2A, 0xBE, 0x35, 0xB0, 0x93, 0x86, 0x68,
    0xA5, 0xD0, 0x6C, 0x39, 0x84, 0xC1, 0x4A, 0x4A, 0x15, 0xDA, 0xD7, 0x17, 0xB8, 0x66, 0xAD, 0x81,
    0xC6, 0xDC, 0x76, 0x7C, 0xA9, 0xFA, 0xF9, 0xDD, 0x0A, 0xAD, 0xC9, 0x96, 0x96, 0x00, 0x13, 0xD1,
    0xB8, 0xF6, 0x13, 0xE8, 0x50, 0xB3, 0xC0, 0xE9, 0x48, 0x56, 0x09, 0x6A, 0x0B, 0xD8, 0x11, 0x10,
    0x24, 0xE0, 0x48, 0x0D, 0x21, 0xC3, 0x04, 0x25, 0x06, 0x7C, 0x89, 0x52, 0x06, 0xA6, 0x49, 0x34,
    0xA1, 0xA2, 0x5A, 0x28, 0xDB, 0xC2, 0x36, 0xF0, 0x45, 0x9A, 0x08, 0x01, 0x00, 0x3C, 0x91, 0xA5,
    0xE0, 0x1A, 0x1A, 0x91, 0x85, 0xC3, 0x0B, 0x6E, 0xAE, 0x31, 0x0F, 0x0E, 0x39, 0x68, 0x19, 0x50,
    0x43, 0xD1, 0x82, 0x79, 0x0B, 0xFF, 0xDC, 0xAC, 0x72, 0xD6, 0x03, 0xAB, 0x5A, 0xEB, 0x0A, 0x67,
    0x54, 0x96, 0xB0, 0x45, 0xE6, 0xE4, 0xB2, 0x11, 0xC5, 0xFF, 0x99, 0xDD, 0xCC, 0xA8, 0xC3, 0x12,
    0xA3, 0x98, 0x02, 0xAD, 0xD2, 0x64, 0x40, 0x0E, 0x99, 0xD2, 0x16, 0x01, 0xC9, 0xDA, 0xC8, 0x20,
    0xB6, 0xE1, 0xA4, 0x88, 0xD0, 0x22, 0xC0, 0x8D, 0x22, 0x4E, 0x88, 0x7C, 0x13, 0x66, 0x1D, 0x0C,
    0xD1, 0x62, 0x33, 0x03, 0xB4, 0x9B, 0x18, 0x49, 0xDC, 0xF3, 0x18, 0x76, 0xC0, 0xA8, 0x05, 0x66,
    0x25, 0xF0, 0xF7, 0x00, 0xE2, 0x27, 0xEE, 0xF3, 0x72, 0x7F, 0xF6, 0x1E, 0x81, 0x81, 0x16, 0xE7,
    0x27, 0xDD, 0x54, 0x68, 0x4A, 0x3A, 0x19, 0x18, 0xE5, 0x22, 0x1C, 0xD5, 0x9A, 0x68, 0x54, 0xA2,
    0xA2, 0xFF, 0x35, 0xA0, 0xAD, 0x83, 0x7B, 0x78, 0xFA, 0xFE, 0xC3, 0x28, 0x7C, 0x3C, 0xC3, 0xAB,
    0x06, 0x50, 0xE0, 0x19, 0xC8, 0xF0, 0x9E, 0x4F, 0x30, 0x59, 0x1E, 0x4D, 0x50, 0xB6, 0xA8, 0x1E,
    0xB0, 0xE6, 0x13, 0x0D, 0xF2, 0x10, 0xE1, 0x5E, 0x02, 0xAB, 0x5E, 0xC6, 0xDD, 0xB7, 0x00, 0x4C,
    0x2F, 0xB9, 0xB0, 0x25, 0x46, 0x30, 0xB4, 0x89, 0x54, 0x4F, 0x84, 0x11, 0xEA, 0x59, 0x75, 0xD2,
    0x3A, 0xB7, 0xDA, 0x58, 0xA6, 0xE5, 0x98, 0x72, 0xA7, 0x30, 0x5A, 0xDC, 0xFA, 0x29, 0xC2, 0x3C,
    0xFA, 0x39, 0x81, 0x87, 0xEF, 0x57, 0xEF, 0xDF, 0xA7, 0x79, 0xFB, 0xF6, 0x3B, 0xF2, 0xB3, 0xF7,
    0x1D, 0x37, 0x6A, 0x1E, 0xCC, 0x98, 0x1C, 0x8F, 0xAB, 0x7F, 0xA0, 0x47, 0x2F, 0x54, 0x90, 0xF4,
    0x30, 0xDB, 0x77, 0x86, 0x78, 0x42, 0x4F, 0xF5, 0x84, 0xD7, 0x4F, 0xF7, 0xA6, 0x13, 0xAC, 0x0C,
    0xEF, 0xD1, 0x9B, 0x32, 0xB1, 0x02, 0xFC, 0x43, 0xEB, 0x48, 0xA9, 0xEC, 0xC6, 0x1A, 0xFB, 0x64,
    0x90, 0x0A, 0xCF, 0xA9, 0x1E, 0xB7, 0x82, 0x5E, 0xE6, 0xB0, 0x95, 0x49, 0x55, 0x4E, 0xCF, 0x3E,
    0x1A, 0xFF, 0xB3, 0x1F, 0x0F, 0x92, 0xFF, 0x9D, 0x1E, 0xDF, 0xC6, 0x08, 0xBC, 0x97, 0x22, 0xEC,
    0xA4, 0xC0, 0x38, 0xFA, 0xD9, 0xAF, 0x40, 0x6C, 0x83, 0x31, 0xEE, 0xA3, 0x29, 0xD1, 0x23, 0xED,
    0x42, 0x8C, 0x67, 0x2F, 0x3E, 0xB0, 0x6F, 0xFB, 0xAF, 0xAC, 0xEB, 0x54, 0xEC, 0xA3, 0x74, 0x33,
    0x30, 0x36, 0xFC, 0xDC, 0x46, 0xE3, 0x1C, 0x0D, 0x17, 0x55, 0x9F, 0x8F, 0xB4, 0x0B, 0xF3, 0xE9,
    0x48, 0xA3, 0x07, 0xA5, 0x59, 0xE4, 0x9B, 0x0E, 0x93, 0x71, 0xBA, 0x4B, 0xA0, 0x61, 0xF4, 0x7A,
    0x1D, 0xDD, 0xBF, 0x0A, 0xE7, 0xAD, 0x42, 0xC3, 0x79, 0xA8, 0x4E, 0xAF, 0x83, 0xF4, 0x2B, 0xF0,
    0xFB, 0xE2, 0xFD, 0x7A, 0x71, 0xA7, 0x87, 0x10, 0xDF, 0xD5, 0xE1, 0x62, 0x8C, 0xC5, 0xCF, 0x44,
    0x61, 0x6D, 0x45, 0xD9, 0x7E, 0x33, 0xFC, 0x9A, 0x54, 0x1F, 0x4A, 0x33, 0xC6, 0xB6, 0x2B, 0x66,
    0x8C, 0x01, 0x7E, 0xFB, 0xA4, 0x19, 0x8E, 0x7B, 0xCD, 0xD0, 0x3B, 0x78, 0xCF, 0xED, 0x14, 0xF1,
    0xA9, 0xED, 0x14, 0x0B, 0x51, 0x86, 0xFD, 0xED, 0x14, 0x7C, 0xB1, 0x97, 0x52, 0x95, 0xE4, 0xA0,
    0x71, 0xE1, 0x69, 0x3A, 0x52, 0x60, 0x7B, 0x06, 0xC8, 0x0E, 0xB4, 0x70, 0x31, 0x10, 0xC1, 0x34,
    0x41, 0x45, 0x68, 0xB6, 0x88, 0x48, 0x34, 0x16, 0x88, 0x0A, 0x3F, 0x4E, 0x66, 0x15, 0x5C, 0x0F,
    0xC3, 0x2B, 0x12, 0xA2, 0x8F, 0x86, 0x00, 0x0B, 0x66, 0xA1, 0x09, 0x8C, 0x9A, 0x1D, 0x4C, 0xE1,
    0x08, 0x1D, 0x4B, 0x44, 0x51, 0x45, 0x03, 0x54, 0x15, 0x7F, 0x3B, 0x40, 0x55, 0xF6, 0xCF, 0x2A,
    0x4A, 0x49, 0xFF, 0xBD, 0x87, 0x46, 0x25, 0x41, 0x0A, 0xBE, 0x07, 0x21, 0x02, 0x15, 0x70, 0x4A,
    0xC5, 0x16, 0xFE, 0x41, 0x15, 0x1F, 0xF8, 0x93, 0x14, 0x74, 0xC0, 0x8C, 0xD8, 0xE0, 0x7A, 0x3C,
    0xD3, 0x79, 0x5E, 0xF8, 0x03, 0x80, 0x5C, 0xF4, 0xEE, 0xDE, 0x4C, 0x10, 0xCA, 0x89, 0x9F, 0xB7,
    0xCB, 0x9D, 0x37, 0x27, 0x28, 0x08, 0x66, 0x45, 0xF0, 0x14, 0x4E, 0x5C, 0xC0, 0x33, 0xCE, 0x3B,
    0xE7, 0x1C, 0x5A, 0x3B, 0x3F, 0xD0, 0xD8, 0x6A, 0xD4, 0xA5, 0x0E, 0xF1, 0x4E, 0x15, 0x0D, 0x3C,
    0x09, 0x81, 0xC8, 0xCC, 0xCF, 0x34, 0xC9, 0x89, 0xF0, 0x42, 0x11, 0xAD, 0xED, 0x09, 0x21, 0x59,
    0xEE, 0xB3, 0x1D, 0xC0, 0x71, 0x2C, 0x97, 0x89, 0xC1, 0xE8, 0x77, 0x8D, 0x3C, 0x3E, 0xCE, 0x77,
    0x53, 0x34, 0x7A, 0xD4, 0x1C, 0x48, 0xC4, 0x80, 0xF9, 0x92, 0xD6, 0xCF, 0xAE, 0xAC, 0x29, 0x14,
    0x61, 0x7F, 0xD1, 0xC5, 0x1D, 0xC4, 0x54, 0x30, 0x4F, 0x73, 0x8F, 0xCD, 0x18, 0xE7, 0x3F, 0xC2,
    0x5F, 0xE3, 0x82, 0xE3, 0x37, 0x11, 0x5F, 0xF6, 0x62, 0xF9, 0x67, 0xDD, 0xC9, 0x63, 0x24, 0xEF,
    0x11, 0xBF, 0xB2, 0x0F, 0xD0, 0xF0, 0xC0, 0xF4, 0x16, 0x8E, 0xDE, 0xCC, 0xD1, 0x9B, 0x3A, 0x7A,
    0x63, 0x47, 0x6F, 0x64, 0xC2, 0x07, 0xA6, 0xF7, 0xBF, 0x1F, 0x96, 0x5E, 0xBF, 0xBF, 0x66, 0x7F,
    0x32, 0x70, 0x21, 0x2A, 0x8B, 0x48, 0xA0, 0x14, 0xA2, 0xA3, 0x38, 0xDC, 0xE3, 0xBC, 0xB1, 0x66,
    0x87, 0xF3, 0xE5, 0xCB, 0x38, 0x1F, 0x7E, 0x65, 0x0F, 0x50, 0x42, 0x2B, 0xF6, 0x97, 0x7D, 0xF8,
    0x76, 0x7C, 0xC6, 0xD2, 0x95, 0x99, 0x38, 0xAE, 0x66, 0xF2, 0xFB, 0x62, 0x46, 0x4E, 0x0A, 0xAC,
    0xA1, 0xBF, 0x2F, 0x4C, 0xF7, 0x9C, 0x74, 0xCF, 0xAC, 0x45, 0x7D, 0xC7, 0xFB, 0x97, 0xEC, 0xE1,
    0xF3, 0xEB, 0x28, 0xB6, 0xE4, 0x6E, 0xB8, 0x02, 0x4D, 0x0B, 0x56, 0xF0, 0xF1, 0x4D, 0x10, 0x35,
    0x55, 0x82, 0x18, 0x0A, 0x1F, 0x18, 0x88, 0xB1, 0x28, 0x29, 0x2A, 0xD9, 0x11, 0xC3, 0x76, 0x47,
    0xC4, 0x4E, 0xA4, 0xBD, 0x13, 0x2D, 0x45, 0x5E, 0x33, 0x67, 0xE5, 0xC2, 0xB3, 0x70, 0x3A, 0x35,
    0x9A, 0x04, 0x1A, 0xD2, 0x41, 0x12, 0x90, 0xAA, 0x44, 0xD9, 0x4F, 0xAF, 0x2D, 0xC8, 0x05, 0xFB,
    0x60, 0xA0, 0x65, 0x2C, 0x2F, 0x11, 0x93, 0xDD, 0xCD, 0x02, 0xEF, 0xDF, 0x7F, 0xB3, 0x00, 0xB6,
    0x65, 0x98, 0xD8, 0x68, 0xB0, 0xA0, 0x60, 0x86, 0x03, 0x5B, 0x98, 0xBF, 0x2D, 0x4A, 0x80, 0x28,
    0xC0, 0x9C, 0x19, 0x30, 0x15, 0x18, 0x4D, 0x70, 0x46, 0x15, 0x1B, 0x30, 0x7A, 0x6C, 0xBF, 0x68,
    0x93, 0xF9, 0x75, 0xAB, 0xE6, 0x58, 0x03, 0x63, 0x6A, 0x7E, 0xD5, 0xFA, 0xF5, 0x2B, 0x19, 0x64,
    0xA0, 0x08, 0x87, 0xFD, 0xF5, 0xAB, 0xA7, 0x6E, 0x3F, 0x91, 0xEC, 0x3B, 0xD7, 0x7B, 0x19, 0xE8,
    0x36, 0x9D, 0x46, 0x4E, 0x3A, 0x7C, 0xD6, 0x71, 0x80, 0xA6, 0x43, 0xBA, 0xE5, 0x02, 0xF0, 0x4A,
    0xCC, 0x00, 0x98, 0x14, 0x96, 0x06, 0xC3, 0x15, 0xB2, 0xD1, 0x7E, 0xFF, 0xC9, 0x8C, 0x03, 0x5D,
    0xA7, 0xE3, 0x74, 0x1B, 0x4E, 0x07, 0xC3, 0x2B, 0x70, 0xF8, 0x47, 0x67, 0x1E, 0x07, 0xF0, 0xC9,
    0x25, 0x70, 0xAA, 0x2A, 0x0B, 0x2E, 0x3C, 0x07, 0x8A, 0x43, 0xC5, 0x53, 0xEE, 0x90, 0xDC, 0x32,
    0x03, 0x17, 0x91, 0x6E, 0x09, 0x12, 0x38, 0xAE, 0x26, 0xB7, 0x75, 0x1A, 0x9C, 0xF0, 0x94, 0x5C,
    0xA7, 0x3C, 0x25, 0xDF, 0x89, 0xC1, 0x29, 0x39, 0x8F, 0x79, 0x4A, 0xDE, 0x63, 0xBF, 0xB5, 0x20,
    0x1A, 0x1C, 0x93, 0xC7, 0xE3, 0xFE, 0xFA, 0xF8, 0xD4, 0xC2, 0x65, 0x72, 0x9D, 0xF8, 0x53, 0x76,
    0xAB, 0x7B, 0xA7, 0x79, 0xEB, 0x37, 0x2E, 0xFA, 0xD3, 0x86, 0xA7, 0x05, 0x7C, 0xB4, 0xF5, 0x9A,
    0x2D, 0x46, 0x08, 0x10, 0x23, 0x38, 0x8A, 0x33, 0xBE, 0xAE, 0x2D, 0x0B, 0x30, 0x5E, 0x13, 0x97,
    0xDE, 0x19, 0xB3, 0x9E, 0xBE, 0x43, 0xFF, 0x22, 0x0D, 0x4F, 0xB9, 0x40, 0xE5, 0x83, 0xE3, 0x03,
    0x14, 0xDA, 0xD9, 0x05, 0x09, 0xFB, 0x4A, 0x19, 0x28, 0xDD, 0x2D, 0xDE, 0x21, 0x58, 0x77, 0x27,
    0x49, 0x06, 0x04, 0xCC, 0xF6, 0x4A, 0x0D, 0x18, 0xB1, 0x6E, 0x85, 0x82, 0xF4, 0x05, 0x06, 0x6C,
    0x34, 0xC7, 0x71, 0xA2, 0x16, 0x53, 0x88, 0x3B, 0x61, 0x5B, 0x5C, 0xD6, 0xC5, 0xF9, 0x99, 0xCE,
    0x90, 0x69, 0x47, 0x5C, 0xB4, 0xA0, 0x31, 0x22, 0xB0, 0x16, 0x9C, 0x22, 0xB8, 0x68, 0x23, 0x82,
    0x00, 0x67, 0x77, 0x9E, 0x9F, 0x18, 0x64, 0x65, 0x71, 0x70, 0x81, 0x46, 0xDB, 0x63, 0xB0, 0xB9,
    0x80, 0xFF, 0xF0, 0xDF, 0x00, 0x6C, 0xB8, 0xF0, 0x1E, 0xCC, 0x74, 0xB4, 0x70, 0x72, 0x3B, 0x36,
    0x61, 0x1B, 0x7C, 0x99, 0x48, 0xF6, 0x04, 0x9E, 0x83, 0x09, 0x11, 0x0F, 0x0D, 0x30, 0x1A, 0x61,
    0x5E, 0xC4, 0xF1, 0x06, 0xB0, 0xE1, 0x9E, 0xBE, 0x09, 0x5B, 0x25, 0xAE, 0x8D, 0xEB, 0x26, 0x09,
    0x35, 0x75, 0x7D, 0x4E, 0x53, 0x57, 0x8E, 0x75, 0x70, 0x64, 0x87, 0xC1, 0xC3, 0x42, 0x97, 0xAB,
    0xDD, 0x29, 0x35, 0xB6, 0x13, 0xA5, 0x71, 0x8B, 0x82, 0xC8, 0x06, 0x6E, 0x99, 0x30, 0x22, 0x0B,
    0x61, 0xC1, 0x88, 0x9E, 0x80, 0xAD, 0x2E, 0x86, 0x6F, 0xC7, 0xEE, 0xDC, 0x4C, 0x8C, 0x4C, 0xD5,
    0x28, 0xB3, 0x1D, 0x02, 0x7B, 0x1B, 0x2B, 0xA2, 0x24, 0x35, 0x32, 0x0F, 0x39, 0x03, 0x7F, 0x9E,
    0x18, 0x41, 0x82, 0x5B, 0x1E, 0x13, 0xA2, 0xEC, 0x4C, 0x35, 0x26, 0xB5, 0x5F, 0x57, 0xC5, 0xD8,
    0x36, 0x0F, 0x17, 0x29, 0xB2, 0x59, 0x8A, 0x6A, 0x92, 0xEA, 0x8E, 0x7A, 0xD9, 0xD1, 0x29, 0x59,
    0x1E, 0x7E, 0x85, 0x66, 0x4D, 0xE4, 0xAE, 0x76, 0x32, 0x2E, 0xFD, 0x9C, 0x13, 0x3A, 0xF3, 0xD3,
    0x5B, 0x76, 0x6E, 0x9E, 0xDA, 0xB2, 0x53, 0xEF, 0x6D, 0xD9, 0x39, 0x17, 0xDC, 0x7F, 0xCD, 0x7D,
    0x22, 0x25, 0xB8, 0xA6, 0xB7, 0xE3, 0x2F, 0x0C, 0x1F, 0x33, 0xC7, 0xB2, 0x6F, 0x90, 0x6C, 0x91,
    0x6C, 0x92, 0x68, 0x93, 0x82, 0x46, 0xC9, 0x56, 0xE9, 0x9E, 0xF5, 0xC8, 0x9C, 0x9E, 0x1A, 0x01,
    0x80, 0x5B, 0x34, 0xCE, 0xFD, 0xC9, 0x98, 0x7A, 0x7F, 0x57, 0xB7, 0x4F, 0x3F, 0xF4, 0xE1, 0xAF,
    0x7A, 0x50, 0x8A, 0x50, 0xC2, 0x52, 0x9A, 0xE9, 0xA2, 0xEE, 0x13, 0xD7, 0x9B, 0x43, 0xD2, 0xEB,
    0x18, 0x29, 0x3A, 0xF6, 0x95, 0xFC, 0x37, 0xAD, 0x7B, 0xE4, 0x2B, 0x06, 0xE6, 0x45, 0xA2, 0xF0,
    0x0A, 0x8D, 0x87, 0x68, 0x46, 0x60, 0x6E, 0xDF, 0x66, 0x77, 0xEE, 0x3A, 0x16, 0x86, 0x32, 0x68,
    0xFA, 0xB5, 0x13, 0xA6, 0x7F, 0x2E, 0xBA, 0xDB, 0x1D, 0x6C, 0xD8, 0x9E, 0xAA, 0x92, 0x9B, 0x8B,
    0x5B, 0xF4, 0x47, 0xD9, 0x9D, 0x3F, 0xB1, 0x35, 0x02, 0x34, 0xB3, 0x7B, 0x44, 0x05, 0xA7, 0x36,
    0xA0, 0x27, 0xD4, 0xB8, 0xF6, 0x60, 0x05, 0xEE, 0xD3, 0xBB, 0xDE, 0xB7, 0x17, 0x9A, 0x61, 0x60,
    0x84, 0xD5, 0xAC, 0xEF, 0x36, 0xB5, 0x06, 0x35, 0x47, 0x7C, 0x53, 0x34, 0x8B, 0x83, 0x32, 0x9A,
    0x60, 0x1B, 0xCD, 0x6D, 0x60, 0x67, 0x86, 0xCC, 0x72, 0x6D, 0xE1, 0x55, 0x85, 0x75, 0x79, 0x82,
    0x21, 0xCF, 0x5B, 0xAD, 0x9F, 0xFD, 0x6C, 0x62, 0x19, 0x34, 0xB7, 0x39, 0xEA, 0x5C, 0x10, 0x17,
    0xDF, 0x66, 0xF9, 0x96, 0xF8, 0x9F, 0x42, 0x2D, 0xB5, 0xDF, 0xFA, 0x12, 0x77, 0x24, 0xB4, 0x05,
    0x67, 0xD7, 0x70, 0xDD, 0x92, 0xC9, 0xA3, 0x1B, 0x67, 0x45, 0x23, 0x0D, 0x88, 0x5B, 0xEE, 0x21,
    0x03, 0xB0, 0xD4, 0xD5, 0xFA, 0xA4, 0xA5, 0xEB, 0xD9, 0x46, 0x5D, 0x14, 0xBA, 0xB4, 0xBB, 0xB6,
    0xFD, 0x5B, 0x5C, 0x11, 0x7D, 0x85, 0x7D, 0x4A, 0xF1, 0x91, 0x61, 0x59, 0x3A, 0x33, 0xBB, 0x47,
    0xED, 0xDC, 0x35, 0xEE, 0x00, 0x10, 0xD5, 0x41, 0xA7, 0x25, 0x34, 0x38, 0xC1, 0xB2, 0x40, 0x0F,
    0x54, 0xC7, 0xE5, 0x19, 0xB7, 0xEB, 0x83, 0x8D, 0x6E, 0x88, 0xC4, 0xC0, 0x70, 0x21, 0x5C, 0xDA,
    0x6C, 0xB9, 0x3F, 0x72, 0x7F, 0x42, 0x37, 0x30, 0xC2, 0x37, 0x02, 0xBC, 0xFC, 0x25, 0xBB, 0x2E,
    0x42, 0x05, 0xB8, 0x0E, 0xB8, 0x05, 0xB8, 0x7C, 0xB2, 0xEF, 0x73, 0x8B, 0x7C, 0x0D, 0x2A, 0xBD,
    0x60, 0x4E, 0xCC, 0x30, 0x6A, 0xE9, 0x1B, 0xE8, 0xB8, 0x11, 0xDA, 0xA7, 0x10, 0x65, 0x12, 0x54,
    0x9C, 0xDE, 0x62, 0x50, 0xA8, 0x5B, 0x95, 0xB5, 0xA5, 0x1E, 0x0F, 0xB5, 0x1A, 0x0E, 0x23, 0x29,
    0x97, 0xF7, 0x54, 0x43, 0x2F, 0x01, 0xB4, 0x0C, 0xC2, 0x23, 0xB8, 0xA3, 0x6E, 0xE3, 0xEF, 0x6F,
    0x0C, 0x7A, 0xE2, 0x2A, 0xBB, 0xF4, 0x66, 0xC7, 0xC9, 0xF0, 0x17, 0xDF, 0x77, 0xC1, 0xAC, 0x25,
    0x6E, 0x63, 0xFC, 0xCA, 0x80, 0xCD, 0xD7, 0xAC, 0x63, 0xD7, 0x03, 0x41, 0x7A, 0x68, 0x8E, 0xCD,
    0x23, 0xE0, 0x78, 0x0B, 0x60, 0x22, 0x0F, 0x7A, 0xB0, 0x25, 0xF7, 0x72, 0x69, 0x5D, 0x23, 0xF9,
    0x8D, 0x47, 0xC3, 0xA2, 0x92, 0x92, 0x08, 0xAE, 0xBD, 0x8C, 0x47, 0x38, 0x87, 0x97, 0x6F, 0xFD,
    0xFF, 0x29, 0xC9, 0x43, 0x1C, 0xD0, 0x14, 0x4C, 0xD0, 0x15, 0x18, 0x68, 0x0A, 0x89, 0xD1, 0x18,
    0x53, 0x73, 0xDC, 0x03, 0xA1, 0x35, 0x1E, 0xA0, 0x37, 0xE9, 0xA1, 0x35, 0xE9, 0xA8, 0xBF, 0xCB,
    0x68, 0x45, 0x5E, 0x13, 0x4B, 0x58, 0x51, 0xF8, 0x5F, 0x9F, 0x96, 0x15, 0x90, 0x34, 0x14, 0xE4,
    0xA1, 0x22, 0x6E, 0x89, 0x93, 0x1B, 0xA5, 0xAF, 0x8F, 0x6D, 0xC7, 0xC7, 0x76, 0xF9, 0x33, 0x8C,
    0x2F, 0xD7, 0xC7, 0xB6, 0xF3, 0xEF, 0xA4, 0x4A, 0x06, 0x09, 0xED, 0x4F, 0x7A, 0x89, 0x3E, 0xC2,
    0x86, 0xAF, 0x95, 0x55, 0x26, 0xBF, 0x75, 0x09, 0xB6, 0x4E, 0x09, 0x20, 0xED, 0xD6, 0xAD, 0x4B,
    0x00, 0x3C, 0xEA, 0xD1, 0xC8, 0xD9, 0x25, 0x35, 0xD2, 0xEF, 0x5F, 0x4A, 0xFA, 0x02, 0x4E, 0x28,
    0xE4, 0xB0, 0xBB, 0x6A, 0x8B, 0x3A, 0xB0, 0x6D, 0xFE, 0xF9, 0xD5, 0xCF, 0xEA, 0xD4, 0xDA, 0xAB,
    0x75, 0x68, 0x4D, 0x5E, 0xE2, 0xF3, 0x92, 0xE6, 0xA8, 0x62, 0xB1, 0xC4, 0x23, 0x7C, 0x55, 0x21,
    0x9D, 0x4F, 0x36, 0xF7, 0x7F, 0x5C, 0x72, 0xD6, 0x6C, 0x62, 0x5B, 0x8F, 0xE2, 0x0B, 0x1C, 0xB0,
    0x66, 0xDC, 0x7C, 0x82, 0xCD, 0x3D, 0x5C, 0x38, 0x77, 0x3D, 0xD1, 0xF9, 0x64, 0x36, 0xC0, 0x4F,
    0x4C, 0xC2, 0x0E, 0x8D, 0x75, 0x88, 0xBA, 0xF5, 0x27, 0x26, 0x0B, 0x7E, 0x62, 0x72, 0xE3, 0xCC,
    0x39, 0x76, 0xBB, 0x0A, 0x82, 0x2F, 0xD8, 0x97, 0xB5, 0x1F, 0x02, 0xEB, 0x6F, 0x7A, 0xEC, 0x70,
    0x25, 0xB0, 0xEC, 0x11, 0x5E, 0x3E, 0xA7, 0x7C, 0xBB, 0x69, 0x8F, 0x1C, 0xE5, 0x2E, 0x27, 0x25,
    0x3A, 0x38, 0x85, 0xEF, 0x03, 0x2E, 0xB3, 0x65, 0x81, 0xF9, 0xF0, 0xF6, 0xD9, 0x33, 0x7F, 0x78,
    0x00, 0xC5, 0x9C, 0x6F, 0x8B, 0xDB, 0x9B, 0x8A, 0xE9, 0x1F, 0x0D, 0xA0, 0x39, 0xEA, 0x68, 0x69,
    0x7D, 0x1E, 0xD9, 0x86, 0x80, 0xA9, 0x45, 0xD4, 0xEB, 0x78, 0x01, 0xA3, 0xD9, 0x31, 0xD3, 0xB2,
    0xFD, 0x65, 0xF8, 0x38, 0x9E, 0x29, 0xC7, 0xE7, 0x82, 0xB3, 0x0B, 0x0B, 0x1B, 0x68, 0xBF, 0xB3,
    0x1D, 0x1E, 0x20, 0x85, 0xC3, 0xBF, 0x07, 0x66, 0x16, 0x18, 0xDC, 0x78, 0xD4, 0xAC, 0x55, 0xCA,
    0xDA, 0x1F, 0xDF, 0xFF, 0x97, 0x3E, 0x13, 0x4C, 0x7E, 0xE7, 0xF4, 0x92, 0x22, 0xB8, 0x63, 0x6A,
    0x8C, 0x93, 0xC9, 0xD8, 0xAC, 0x5B, 0x02, 0xB3, 0x92, 0x27, 0x5F, 0x97, 0x10, 0x62, 0x2F, 0x5D,
    0x3A, 0x5E, 0x8A, 0x79, 0x0D, 0x03, 0x23, 0x8B, 0x30, 0xE9, 0x49, 0x60, 0x31, 0x82, 0x2F, 0xD4,
    0x03, 0x8B, 0xA0, 0xE4, 0x35, 0xA7, 0x0F, 0x93, 0x5E, 0x4F, 0x52, 0x3D, 0x49, 0x5B, 0xEC, 0x26,
    0xF8, 0x00, 0x5B, 0x12, 0xF4, 0x24, 0xBF, 0x5A, 0x4B, 0xA1, 0x61, 0xE1, 0x20, 0xA9, 0xC2, 0x58,
    0xE7, 0x96, 0xFE, 0x31, 0xE3, 0x44, 0x39, 0x09, 0x26, 0x3D, 0x09, 0x47, 0x1C, 0x18, 0x96, 0x0F,
    0x38, 0xD4, 0xBB, 0xB8, 0x4B, 0xBB, 0xA4, 0x67, 0x90, 0x71, 0xE8, 0x49, 0x56, 0xEA, 0xA1, 0x8A,
    0xFA, 0x82, 0x87, 0xC2, 0x75, 0x1E, 0x0A, 0x93, 0x92, 0x38, 0xA9, 0x45, 0x3F, 0x37, 0xC7, 0x27,
    0xBF, 0x18, 0xF4, 0x18, 0xB1, 0x53, 0xAD, 0xD7, 0x03, 0x8D, 0xE8, 0x8B, 0x56, 0x8F, 0x4E, 0x4F,
    0x6C, 0x2D, 0xA1, 0x6D, 0x45, 0x01, 0x47, 0xC9, 0x13, 0xFA, 0xC3, 0x49, 0x85, 0x60, 0x11, 0x9F,
    0x3C, 0x85, 0x1C, 0x98, 0x21, 0xDB, 0x48, 0xCE, 0x7E, 0xCA, 0x5C, 0xB9, 0xDB, 0xC7, 0xF5, 0x3B,
    0x78, 0x03, 0x9E, 0x4E, 0x15, 0x99, 0x9A, 0x0A, 0xD4, 0x1B, 0x98, 0x42, 0x95, 0x22, 0xCA, 0xCA,
    0x11, 0xE3, 0x9C, 0x7E, 0x52, 0x6A, 0x90, 0xCB, 0xEC, 0x6A, 0x89, 0x06, 0x5B, 0xA4, 0x75, 0x5E,
    0xE6, 0xE5, 0x0F, 0xD2, 0xBA, 0x50, 0x2D, 0x4A, 0xC8, 0x2D, 0xC9, 0xFE, 0x5A, 0x9B, 0x89, 0xD2,
    0xF2, 0x37, 0x43, 0xF2, 0x4F, 0x4A, 0xCA, 0x47, 0x7D, 0xF2, 0x91, 0x52, 0xF2, 0xE3, 0x36, 0xFE,
    0xB7, 0x5E, 0xD2, 0x7F, 0xA9, 0xE3, 0x4F, 0x94, 0x8E, 0xCF, 0x24, 0xFE, 0xAC, 0x96, 0x64, 0x71,
    0x11, 0x50, 0x02, 0x16, 0x15, 0xEA, 0x3E, 0xBC, 0x1F, 0x21, 0x90, 0xCA, 0x9D, 0x69, 0x0D, 0xF6,
    0xA0, 0x5C, 0x78, 0x8E, 0xBB, 0xA4, 0xE5, 0xC8, 0xBA, 0xDE, 0x0B, 0xF4, 0xC1, 0xF1, 0xC6, 0x27,
    0x8C, 0xBD, 0x17, 0x84, 0x8C, 0x6B, 0x7C, 0xA8, 0x91, 0xFF, 0x6B, 0x0F, 0xD4, 0xC5, 0xB6, 0xCB,
    0x8D, 0xAF, 0xC6, 0x4D, 0x78, 0x05, 0xD0, 0x35, 0x73, 0x8C, 0xBD, 0x65, 0xAB, 0x2C, 0xF2, 0x1A,
    0xD8, 0x90, 0xB7, 0x99, 0x84, 0x19, 0xE2, 0xE0, 0x9B, 0xE2, 0x03, 0xFD, 0xF8, 0x0B, 0x40, 0x24,
    0xA3, 0x7B, 0x1E, 0xB9, 0x39, 0xA0, 0x5D, 0x8F, 0x82, 0xD3, 0x1E, 0x71, 0x52, 0xB2, 0x44, 0xF5,
    0x15, 0x15, 0x72, 0xED, 0x32, 0x34, 0x28, 0x1F, 0xF1, 0x1F, 0x5D, 0x83, 0x66, 0xBD, 0x58, 0x08,
    0x9C, 0xDD, 0xEE, 0x78, 0x34, 0xC2, 0xA3, 0xA4, 0x87, 0x2A, 0x9A, 0x58, 0x14, 0xE5, 0x89, 0x5F,
    0xF9, 0x44, 0x05, 0xC6, 0x9B, 0x03, 0x05, 0xB0, 0xDF, 0xDB, 0x3C, 0xFB, 0x1F, 0x83, 0x92, 0x1D,
    0xD5, 0xEE, 0x1D, 0x45, 0x5D, 0x7C, 0xB0, 0x98, 0x2E, 0x06, 0xC8, 0x6A, 0x60, 0x70, 0xC4, 0x18,
    0x85, 0x86, 0x35, 0x1D, 0x1E, 0x9C, 0x9F, 0xE8, 0xF8, 0xF4, 0x96, 0xFF, 0x95, 0x54, 0xDE, 0x9F,
    0x4C, 0x0C, 0x24, 0xA3, 0x00, 0xCB, 0xD3, 0xB3, 0x69, 0x5C, 0x5C, 0x29, 0xF9, 0xFB, 0xC2, 0x8E,
    0xD8, 0x8A, 0x5E, 0x68, 0xA8, 0xAE, 0xD9, 0x21, 0x70, 0xF4, 0x13, 0x72, 0xC5, 0xFD, 0x6E, 0xE6,
    0xBF, 0xE4, 0xCD, 0xEA, 0x67, 0xF8, 0x4D, 0x40, 0x43, 0x43, 0x2C, 0xF0, 0xC1, 0xFF, 0xF7, 0x2A,
    0x48, 0x28, 0x39, 0xA2, 0xE0, 0x20, 0x47, 0x47, 0x1F, 0x0C, 0x2B, 0x73, 0x15, 0x35, 0xAE, 0xAC,
    0x64, 0xDD, 0x71, 0x4D, 0xC1, 0x4C, 0x1B, 0x56, 0xC6, 0xDD, 0x8A, 0x19, 0x5B, 0xF5, 0x6A, 0x55,
    0xF1, 0x33, 0x5D, 0x07, 0x2E, 0x30, 0xC2, 0x27, 0x9C, 0xA4, 0x2B, 0xC4, 0x66, 0x87, 0xFD, 0x67,
    0x89, 0xE7, 0x8A, 0xD7, 0x7B, 0xFF, 0x0F, 0x53, 0xCE, 0x96, 0xCD, 0xA7, 0x25, 0x74, 0xDD, 0x39,
    0xF0, 0x27, 0x6E, 0x6F, 0x73, 0xEF, 0x3F, 0xF9, 0x2F, 0x9E, 0x2F, 0x4E, 0xF9, 0x5B, 0xD8, 0x61,
    0xFF, 0xB7, 0xB0, 0x67, 0x48, 0xEC, 0xFF, 0x01, 0x7D, 0x53, 0x21, 0x8C, 0xD4, 0x50, 0x10, 0x9D,
    0xDE, 0x66, 0x53, 0xB1, 0x09, 0x55, 0x67, 0x40, 0xD4, 0x13, 0x92, 0x5A, 0x04, 0x49, 0x1B, 0x04,
    0x1A, 0x92, 0xAD, 0x3A, 0xAF, 0xCF, 0x20, 0x50, 0xF4, 0x7B, 0x85, 0x39, 0x8F, 0x3D, 0x0C, 0x16,
    0x73, 0xFB, 0xBF, 0x57, 0x85, 0xE4, 0x34, 0xAB, 0x51, 0x15, 0x97, 0xB0, 0x9B, 0x74, 0xFB, 0x99,
    0xF7, 0xFE, 0x9F, 0x83, 0xAC, 0x60, 0xC2, 0xBC, 0xBE, 0xB0, 0x9D, 0x37, 0x6F, 0x66, 0xAE, 0x72,
    0x16, 0x65, 0x67, 0xAC, 0x71, 0x99, 0x5C, 0x44, 0xC9, 0x51, 0x3F, 0x18, 0x1B, 0x3A, 0x63, 0xDF,
    0xE4, 0x7F, 0x71, 0xD9, 0xF7, 0x3D, 0x49, 0x11, 0x35, 0xC8, 0x56, 0x4A, 0x16, 0xB2, 0x2A, 0xDE,
    0xF7, 0xDB, 0xD4, 0xEB, 0xAB, 0x33, 0xE1, 0xD6, 0x94, 0xE7, 0x36, 0x93, 0xD5, 0x83, 0xB1, 0xCD,
    0x7E, 0x30, 0x27, 0x61, 0x97, 0x59, 0xDB, 0xDD, 0x65, 0xB6, 0xC8, 0x29, 0x1B, 0x3E, 0xC8, 0xD2,
    0xF7, 0xD0, 0x29, 0x27, 0xD1, 0x6E, 0xD0, 0xAE, 0x46, 0x38, 0xE8, 0x50, 0xE0, 0xF4, 0x77, 0x86,
    0x97, 0x8B, 0x34, 0x50, 0x31, 0xCB, 0x6A, 0x4A, 0xBD, 0x8E, 0xFD, 0x55, 0x62, 0x95, 0xBE, 0x9E,
    0x58, 0xA3, 0x6C, 0x9F, 0xCC, 0xC1, 0x02, 0xD9, 0x09, 0x8A, 0x2C, 0x38, 0x28, 0x0B, 0x34, 0x37,
    0x29, 0xFB, 0xF5, 0xE5, 0x16, 0xE6, 0x34, 0x31, 0xA4, 0x9A, 0x63, 0xF9, 0x49, 0xCE, 0xE2, 0x85,
    0xAD, 0x76, 0x3E, 0xDF, 0xAC, 0x77, 0x40, 0xEA, 0x66, 0x62, 0x9B, 0x29, 0xF2, 0x73, 0xAD, 0x9A,
    0x5B, 0xD4, 0xAA, 0xEC, 0x75, 0x74, 0x6C, 0xF0, 0x3A, 0x46, 0x15, 0x88, 0x37, 0xFE, 0xE7, 0xF1,
    0x6A, 0x86, 0x6A, 0xA5, 0x3F, 0x2C, 0x18, 0x7F, 0x03, 0x17, 0x70, 0x5D, 0x1E, 0x94, 0xE4, 0x9D,
    0x48, 0xD3, 0x49, 0x81, 0x41, 0x41, 0x7C, 0x64, 0x74, 0x65, 0x4C, 0x01, 0x2F, 0xD5, 0x3D, 0xEE,
    0xD6, 0x76, 0x18, 0x45, 0x63, 0xA7, 0xA5, 0x21, 0x8F, 0x3D, 0xE8, 0xD8, 0x33, 0x48, 0x9C, 0xF4,
    0x32, 0x12, 0xA5, 0xFC, 0x7D, 0x90, 0x6A, 0x2F, 0xFE, 0xFB, 0xF0, 0x23, 0xBE, 0xF3, 0x41, 0x5A,
    0x95, 0xF0, 0x18, 0x7E, 0xA3, 0x9E, 0x6A, 0x6E, 0xAE, 0x67, 0x22, 0x9E, 0xDE, 0xD2, 0x79, 0x1C,
    0xB9, 0x60, 0x58, 0x1A, 0x4B, 0x68, 0xF1, 0xDF, 0xCC, 0x93, 0x28, 0x0E, 0x82, 0x13, 0x3D, 0x27,
    0xDA, 0x92, 0x0A, 0x1E, 0x4F, 0xFC, 0x43, 0x3A, 0xC9, 0x27, 0x4C, 0x92, 0x16, 0xDB, 0xF0, 0xC0,
    0x85, 0xE7, 0x65, 0xAA, 0xE9, 0x71, 0x7B, 0x28, 0xDF, 0xFD, 0x83, 0x5E, 0x60, 0x78, 0xE8, 0x70,
    0x29, 0x1D, 0xA7, 0x19, 0xA5, 0x3E, 0xBE, 0x89, 0x4E, 0x7D, 0x52, 0xC7, 0xD3, 0xEA, 0x7A, 0x2B,
    0x16, 0x98, 0xEA, 0x2F, 0x8E, 0x54, 0x0C, 0x54, 0x27, 0xD6, 0xF4, 0xF3, 0x52, 0x18, 0x97, 0xB4,
    0x73, 0xE0, 0x31, 0x54, 0xEA, 0xC6, 0xBB, 0x62, 0x96, 0x26, 0x68, 0xD7, 0x2A, 0x68, 0xD3, 0x75,
    0xB7, 0x9A, 0xE1, 0x91, 0xB6, 0x3D, 0xFC, 0xD6, 0x78, 0x59, 0xAE, 0x17, 0xFE, 0x6F, 0xFA, 0x3B,
    0x6E, 0x15, 0xF4, 0xA1, 0xD0, 0x04, 0x59, 0xD4, 0xDC, 0xB3, 0x19, 0xDE, 0x26, 0x7D, 0x01, 0x15,
    0xEB, 0xB7, 0x8F, 0xBE, 0x02, 0xDA, 0x1B, 0xA8, 0x1D, 0xFB, 0x6E, 0x1B, 0xD1, 0xF8, 0x80, 0x29,
    0xF4, 0x7C, 0xDB, 0x16, 0x1F, 0x1A, 0xE1, 0xB2, 0xDF, 0xE1, 0x43, 0xE3, 0xB6, 0x66, 0x83, 0x82,
    0x00, 0x17, 0xFC, 0x0A, 0x56, 0x84, 0xC9, 0xA0, 0x04, 0x6C, 0xF6, 0x80, 0x11, 0x2D, 0x09, 0xC1,
    0xA0, 0x76, 0xE8, 0xE6, 0x68, 0x1B, 0x20, 0x06, 0x03, 0xE0, 0x23, 0xE0, 0x0E, 0x60, 0x61, 0x1D,
    0x0D, 0xE4, 0x15, 0xE0, 0x3D, 0x7A, 0xB3, 0x99, 0xB3, 0x1D, 0xB6, 0x2C, 0x67, 0x35, 0xEC, 0xAA,
    0x7B, 0x37, 0xC4, 0xD8, 0x69, 0xE2, 0x82, 0x30, 0x09, 0x7B, 0x4C, 0x38, 0x84, 0x41, 0xF8, 0xAB,
    0x90, 0x21, 0x65, 0x8D, 0x74, 0xF9, 0xB9, 0x7C, 0x96, 0x4A, 0xEF, 0x5A, 0xC4, 0x51, 0x2C, 0xA0,
    0x81, 0xE4, 0x84, 0x9A, 0x05, 0x34, 0xF4, 0xDD, 0x27, 0x22, 0xF2, 0x07, 0x0D, 0x8B, 0x21, 0x4C,
    0xC4, 0x30, 0x00, 0x45, 0xDF, 0x5A, 0x42, 0xC5, 0x44, 0x11, 0x5C, 0x02, 0x41, 0xCC, 0x12, 0x72,
    0x30, 0x3B, 0xB1, 0xD1, 0x7A, 0x75, 0x1A, 0x03, 0x9A, 0x04, 0x8F, 0x19, 0x9D, 0xC3, 0x7B, 0x7B,
    0xEA, 0x14, 0x02, 0x71, 0x24, 0x84, 0xD5, 0xAB, 0x79, 0x55, 0x81, 0xBF, 0x89, 0x89, 0x91, 0x30,
    0x4A, 0x93, 0xFF, 0x7F, 0x7E, 0xF2, 0xFF, 0x03, 0xD6, 0x60, 0x2C, 0x65, 0x40, 0x2D, 0xD0, 0x83,
    0x86, 0x0C, 0x00, 0x65, 0xD3, 0x20, 0x22, 0xC5, 0x44, 0x6F, 0x79, 0x07, 0x00, 0xE0, 0x0B, 0x15,
    0xBD, 0x7B, 0x9D, 0xF6, 0xCC, 0x1D, 0xA7, 0x80, 0x0A, 0x9A, 0x72, 0x79, 0xE2, 0xD9, 0xCD, 0xBC,
    0xE5, 0x03, 0x2E, 0xC6, 0xD0, 0x27, 0x3F, 0xEE, 0x76, 0xDD, 0x25, 0xE7, 0x35, 0xD7, 0x0D, 0x9F,
    0xE6, 0x30, 0xE9, 0x38, 0x88, 0x0F, 0xE0, 0x16, 0x87, 0xE3, 0x8C, 0x23, 0xAC, 0x91, 0xA3, 0x53,
    0x63, 0xCA, 0xD4, 0xD5, 0x4C, 0xD1, 0x53, 0xE7, 0xB6, 0x92, 0x5D, 0x52, 0x93, 0xDB, 0x22, 0x22,
    0xBE, 0xC9, 0x36, 0x2B, 0x64, 0x68, 0xC9, 0x7D, 0x3A, 0x88, 0x40, 0xA3, 0x3C, 0x7B, 0x0D, 0x00,
    0x27, 0x50, 0xB1, 0x76, 0xD9, 0x6F, 0x71, 0x08, 0xF2, 0x0F, 0x1E, 0x00, 0xE5, 0x6F, 0x6C, 0x4D,
    0x8B, 0xA3, 0xE7, 0x05, 0xD0, 0x83, 0x1E, 0x0A, 0x2F, 0xBD, 0xEA, 0x4A, 0x2A, 0xD8, 0xC0, 0x48,
    0x36, 0x22, 0x7E, 0x10, 0xD1, 0x73, 0x11, 0x90, 0x23, 0x32, 0xAC, 0xEE, 0x07, 0x13, 0xED, 0xD5,
    0x16, 0x32, 0x28, 0xAD, 0x58, 0x12, 0x87, 0x81, 0x06, 0x5A, 0x70, 0x77, 0x98, 0x85, 0xE3, 0x2D,
    0xFF, 0x9C, 0x90, 0x81, 0x66, 0xEC, 0x40, 0x14, 0x86, 0xBF, 0xD9, 0x58, 0x41, 0x10, 0xB8, 0xD7,
    0x05, 0xCC, 0x13, 0x5C, 0x81, 0x0B, 0xB8, 0x4C, 0x1E, 0x61, 0xD1, 0xBC, 0x4E, 0x27, 0xCF, 0xB3,
    0xA0, 0x80, 0x82, 0xCD, 0xE8, 0x13, 0x44, 0xA1, 0x00, 0x81, 0x02, 0x10, 0xA4, 0x6C, 0x99, 0xEC,
    0x34, 0xBF, 0x6E, 0x13, 0x2D, 0xA8, 0x1E, 0xEB, 0x63, 0x47, 0xFC, 0xFF, 0xF9, 0x0E, 0xD8, 0xF0,
    0x1F, 0xE8, 0xA6, 0x7B, 0x30, 0x63, 0x1A, 0x61, 0x17, 0xAA, 0x96, 0x4F, 0xF3, 0xBB, 0x69, 0x1A,
    0xF0, 0x29, 0x25, 0xE8, 0x44, 0x4E, 0x4D, 0x73, 0x03, 0x33, 0x9A, 0xB8, 0xD1, 0x9C, 0xC5, 0x9D,
    0x48, 0x36, 0x21, 0x8E, 0x1B, 0xF3, 0x97, 0xA6, 0xA9, 0xC9, 0x97, 0x80, 0x40, 0xB1, 0xB0, 0xA5,
    0xEC, 0x01, 0xCA, 0xB0, 0xD1, 0x8A, 0x54, 0x2D, 0x62, 0x2D, 0xBA, 0x77, 0xB2, 0xD1, 0x1F, 0x8F,
    0xC7, 0x8F, 0x45, 0x16, 0x5C, 0xD0, 0x1B, 0x77, 0x98, 0xF4, 0x38, 0x90, 0x3D, 0xA4, 0x40, 0xCE,
    0x2D, 0xD7, 0xD9, 0xD7, 0x60, 0xF4, 0x8D, 0x55, 0x6D, 0xF7, 0xEC, 0x47, 0x33, 0x93, 0x4F, 0xD9,
    0xB4, 0xAC, 0xA9, 0xFA, 0xA8, 0xC6, 0xA8, 0xC2, 0xE8, 0x96, 0xB0, 0x2B, 0x16, 0xE1, 0x83, 0x5F,
    0x1B, 0x9D, 0x62, 0x5C, 0x8D, 0x0D, 0xB6, 0xC7, 0xD7, 0xE5, 0xEB, 0x9F, 0x99, 0x2C, 0xA5, 0x49,
    0x4B, 0xB4, 0xB0, 0x3F, 0xB0, 0xCE, 0x3F, 0x81, 0x4E, 0xC0, 0xF7, 0x62, 0x71, 0x16, 0xCD, 0x45,
    0xE4, 0xEF, 0x97, 0xC3, 0x6A, 0x41, 0x5C, 0x2B, 0xCB, 0x2A, 0xC0, 0x45, 0xFE, 0x26, 0xEA, 0x2E,
    0xD9, 0x44, 0x31, 0x52, 0x0E, 0xE4, 0x23, 0x36, 0xE8, 0xAF, 0xAB, 0x75, 0x59, 0xE5, 0x44, 0x13,
    0x81, 0x59, 0x57, 0xE5, 0x24, 0x09, 0x5C, 0xD5, 0x8A, 0xEA, 0xC5, 0xCE, 0x62, 0x79, 0x46, 0x1C,
    0xC5, 0xA2, 0x17, 0xBF, 0x75, 0x6C, 0x36, 0x7A, 0xF8, 0xA9, 0x97, 0x6D, 0x15, 0xA8, 0x12, 0xAF,
    0x5A, 0x66, 0x8A, 0x41, 0xCB, 0x2F, 0x2E, 0x99, 0x7E, 0x57, 0x41, 0x1B, 0xF4, 0xE8, 0x90, 0xF2,
    0x89, 0xCD, 0x6B, 0x92, 0x57, 0x31, 0xA8, 0x4A, 0x19, 0x38, 0x57, 0xAF, 0x76, 0x55, 0x14, 0xAD,
    0xCA, 0x15, 0x87, 0xBC, 0x36, 0x0B, 0x27, 0x30, 0x0B, 0xCA, 0x42, 0x5D, 0xA0, 0xF6, 0x55, 0x57,
    0x59, 0xF0, 0x4B, 0x50, 0x0D, 0x03, 0x64, 0xE9, 0xA9, 0x87, 0xB7, 0xB1, 0xB7, 0x83, 0x22, 0x93,
    0x9B, 0x61, 0xEF, 0x50, 0x8A, 0x23, 0x0C, 0x5F, 0x70, 0x83, 0x7D, 0xC1, 0xC7, 0xB0, 0x77, 0x68,
    0xC6, 0x08, 0x00, 0x75, 0x93, 0x21, 0x8C, 0xDC, 0x3A, 0x10, 0x86, 0xFF, 0xD8, 0xBA, 0x17, 0xE9,
    0x05, 0x98, 0x74, 0x49, 0x89, 0xE9, 0xB1, 0x70, 0xD0, 0xB5, 0xDB, 0xC2, 0x82, 0x3B, 0xD0, 0x2D,
    0x2E, 0xA9, 0x54, 0x8E, 0xAF, 0x17, 0x4B, 0xE5, 0xD2, 0x71, 0x54, 0xCE, 0xE1, 0xED, 0x6D, 0xCA,
    0x49, 0x38, 0x0A, 0x29, 0x2A, 0x31, 0x70, 0xA5, 0xA8, 0xE7, 0x5D, 0x77, 0xC6, 0xA3, 0xCD, 0xA2,
    0x1B, 0xAD, 0x3E, 0x59, 0x93, 0xF1, 0xC4, 0xDF, 0xAC, 0xB3, 0xD9, 0x51, 0x78, 0x57, 0x28, 0x82,
    0xB0, 0x66, 0x40, 0xE4, 0x00, 0xE5, 0x38, 0xB8, 0x82, 0x63, 0xCD, 0xE3, 0x15, 0xEE, 0x90, 0x54,
    0xD4, 0x73, 0x37, 0xDA, 0xD1, 0xF9, 0x01, 0x94, 0x43, 0x93, 0x75, 0x6A, 0x63, 0x37, 0x99, 0xD0,
    0x63, 0x4B, 0x05, 0xB7, 0xC0, 0xA9, 0xC9, 0x2A, 0xE9, 0x9A, 0xB3, 0x94, 0xBB, 0xA6, 0x9D, 0x8D,
    0xC7, 0x5D, 0x3B, 0x22, 0x19, 0xAF, 0x62, 0x0F, 0x3D, 0x6F, 0xD1, 0x8D, 0x19, 0xF6, 0x67, 0x86,
    0x7B, 0x9F, 0x30, 0xB4, 0x11, 0xBB, 0x2B, 0x0F, 0xD4, 0x7E, 0x76, 0xD4, 0xC9, 0xF9, 0x36, 0x0E,
    0xE8, 0xA6, 0x0C, 0x13, 0x16, 0xF4, 0x2A, 0x62, 0xAB, 0xE7, 0xDA, 0xE2, 0xF6, 0x0A, 0xC0, 0xA9,
    0x8B, 0x4D, 0x36, 0x93, 0x4A, 0x54, 0x1B, 0x1D, 0xD5, 0x6D, 0xA9, 0xEE, 0x11, 0x16, 0x09, 0x5B,
    0xAA, 0xBD, 0x6E, 0x1E, 0xC0, 0xC7, 0xA5, 0x18, 0x18, 0xF7, 0x8C, 0x3D, 0xE3, 0x91, 0x91, 0x57,
    0x2C, 0x8C, 0x04, 0x7C, 0xF9, 0xF4, 0x67, 0x17, 0x0E, 0x24, 0x3B, 0x96, 0xE7, 0xE7, 0x32, 0x82,
    0xDE, 0x05, 0xE8, 0x89, 0xD0, 0x56, 0x8C, 0x84, 0x8E, 0x61, 0x2A, 0x02, 0xC3, 0x13, 0x2C, 0xA3,
    0x07, 0x85, 0x5B, 0xB1, 0x65, 0x7C, 0x7B, 0xE1, 0x8D, 0xCD, 0xC2, 0x48, 0x04, 0xC5, 0xD0, 0xF1,
    0x8C, 0xB6, 0x62, 0x06, 0x48, 0x86, 0x60, 0x18, 0xFF, 0x07, 0xD4, 0xD8, 0x40, 0x9A, 0x8B, 0x8A,
    0xB4, 0x97, 0xFE, 0xF2, 0x02, 0x69, 0x2E, 0x3E, 0x22, 0x44, 0x46, 0x3B, 0x32, 0x42, 0x55, 0x82,
    0x38, 0x89, 0x94, 0x50, 0xDC, 0xC4, 0x0B, 0xDD, 0x85, 0xA2, 0x26, 0x6E, 0xB0, 0x42, 0x86, 0x38,
    0xC2, 0x61, 0x15, 0xC4, 0x9B, 0xCA, 0xBB, 0x95, 0x9B, 0xDD, 0x7E, 0xF7, 0xB9, 0xDE, 0x9D, 0x58,
    0x39, 0xCB, 0x41, 0x80, 0x26, 0x32, 0x55, 0xA5, 0x5E, 0x29, 0xB2, 0x32, 0x5F, 0x71, 0xBE, 0xF8,
    0xAA, 0x13, 0x4C, 0x09, 0x7D, 0x99, 0x5C, 0x89, 0xF2, 0xA3, 0x35, 0x65, 0xD4, 0x11, 0xE7, 0x70,
    0x58, 0xDA, 0xF9, 0xF0, 0xEE, 0x68, 0xD2, 0xE1, 0x3B, 0xC1, 0x35, 0x59, 0xDA, 0x01, 0xAF, 0x1F,
    0xE4, 0x9F, 0x47, 0x53, 0x32, 0x50, 0x77, 0xB4, 0x7F, 0x8B, 0x8C, 0x1B, 0x7C, 0x6D, 0xA5, 0xD0,
    0x91, 0xAA, 0x19, 0x65, 0x96, 0x26, 0x38, 0xD1, 0x20, 0xF1, 0xF3, 0x4C, 0xED, 0xDB, 0x45, 0x56,
    0x70, 0x3A, 0xCA, 0xE4, 0xB1, 0x97, 0x0D, 0x70, 0xBF, 0x97, 0x5E, 0x2E, 0xAB, 0x2D, 0xF3, 0xFD,
    0x7A, 0xE6, 0x0C, 0x8E, 0xD5, 0x6F, 0xF5, 0x92, 0xCA, 0x70, 0x88, 0xE8, 0x4E, 0x00, 0x06, 0x5D,
    0x8E, 0x38, 0x94, 0x11, 0xC8, 0xE6, 0xD7, 0x41, 0x1D, 0xED, 0x04, 0xBE, 0xEF, 0xBD, 0x9E, 0x35,
    0x55, 0xCC, 0x5B, 0xD8, 0x0F, 0xA3, 0x8A, 0xB0, 0xE3, 0x23, 0xCC, 0x4D, 0xA0, 0x95, 0xE3, 0xE3,
    0xDC, 0x78, 0x7A, 0x7A, 0xA4, 0x55, 0x6F, 0xBC, 0x9E, 0xD5, 0x42, 0xAB, 0x7B, 0x13, 0xBA, 0xB1,
    0x8D, 0x18, 0xF8, 0x53, 0xE8, 0xD9, 0x86, 0x26, 0xD5, 0x96, 0x13, 0x9C, 0x47, 0x57, 0x42, 0x53,
    0xAA, 0x32, 0x3E, 0x02, 0x1B, 0x4F, 0x73, 0xF1, 0x70, 0x40, 0x86, 0x4A, 0x3C, 0x79, 0x2E, 0x06,
    0xFF, 0xFA, 0xC0, 0x6B, 0x33, 0x71, 0x52, 0x47, 0x34, 0x3F, 0xF0, 0xDF, 0x43, 0x1B, 0x75, 0x6A,
    0x16, 0x64, 0xEC, 0x31, 0xE0, 0xA9, 0xC9, 0xFC, 0x29, 0xDB, 0xE0, 0xF0, 0x15, 0x35, 0x64, 0xBA,
    0x79, 0x35, 0x95, 0xCB, 0x4A, 0x9D, 0xD6, 0xEF, 0x0D, 0xF2, 0x30, 0x11, 0xC8, 0x48, 0x06, 0x7F,
    0xB9, 0x3F, 0x47, 0x86, 0x5A, 0x98, 0xAD, 0xEC, 0x97, 0x87, 0x9E, 0xF9, 0xF4, 0x42, 0x73, 0x7F,
    0xB9, 0xFC, 0xE7, 0x87, 0xEB, 0x7C, 0x6D, 0xB8, 0x34, 0xFF, 0x07, 0x63, 0x60, 0x10, 0x61, 0x60,
    0xD8, 0xC7, 0xC0, 0xF4, 0x97, 0x81, 0xFB, 0x0F, 0x83, 0x7C, 0x0D, 0x43, 0x4D, 0x0D, 0xC3, 0x87,
    0x1D, 0xCC, 0x17, 0xBE, 0xF0, 0x3B, 0x7C, 0xD1, 0x5F, 0xF5, 0xCF, 0xFE, 0xFF, 0x3F, 0xD1, 0xF0,
    0x2F, 0x0C, 0xCC, 0x0F, 0x18, 0x98, 0x2F, 0x00, 0x00, 0x45, 0x52, 0x2B, 0x8C, 0xD5, 0x40, 0x14,
    0x3D, 0xD3, 0x66, 0xD3, 0x64, 0x9B, 0x50, 0x55, 0xC3, 0x13, 0xF5, 0x98, 0x7A, 0x43, 0x4B, 0xF0,
    0xC9, 0x8A, 0x2D, 0x62, 0x11, 0x78, 0xCC, 0x7A, 0x43, 0xC7, 0xAB, 0x67, 0xF0, 0x08, 0x48, 0xC8,
    0x43, 0x80, 0x0F, 0xFB, 0x5A, 0xAF, 0x6A, 0xF0, 0x23, 0x50, 0x4F, 0x55, 0xBC, 0x4D, 0x2A, 0xDA,
    0x5E, 0xEE, 0x87, 0xA6, 0x93, 0xE6, 0x9E, 0xDB, 0xF9, 0x9C, 0x73, 0xE7, 0xCC, 0x45, 0xDE, 0xD4,
    0xB0, 0xD1, 0x12, 0x0D, 0x96, 0x75, 0x44, 0xB3, 0x65, 0xE7, 0xE6, 0x3D, 0x59, 0xB6, 0xF0, 0xB4,
    0xED, 0xE4, 0xA5, 0xCA, 0x6F, 0x59, 0xD9, 0x4B, 0xE2, 0x38, 0x2B, 0x7A, 0xE4, 0x40, 0x34, 0x49,
    0x96, 0xD2, 0x15, 0xF1, 0x95, 0x57, 0x7D, 0x4B, 0x0B, 0xE2, 0x91, 0x4F, 0xBC, 0xA1, 0x77, 0xA4,
    0x59, 0x17, 0x4F, 0xA8, 0xEA, 0x64, 0x44, 0x34, 0xF3, 0x6F, 0xE9, 0x93, 0xE7, 0xE6, 0xF1, 0xCA,
    0xBF, 0x37, 0x48, 0x89, 0xC8, 0x27, 0x7C, 0x0C, 0x19, 0xD1, 0x84, 0x98, 0x6A, 0xCE, 0x06, 0xE6,
    0x71, 0xB4, 0xD6, 0xC8, 0x7A, 0xE1, 0x2E, 0x69, 0x64, 0x7E, 0xD1, 0x73, 0xDD, 0xCC, 0xA7, 0xA5,
    0x2E, 0x44, 0x2B, 0xCA, 0x1A, 0xAB, 0x16, 0xCC, 0xDC, 0x68, 0x19, 0x24, 0x03, 0xFF, 0xB4, 0xC0,
    0xAA, 0x99, 0xAF, 0x3C, 0x1F, 0x6B, 0xA5, 0xBC, 0xEA, 0xEF, 0x61, 0xC2, 0x59, 0xC8, 0x59, 0x28,
    0x08, 0x45, 0x16, 0x22, 0xD1, 0xB0, 0x91, 0xDF, 0x19, 0x7E, 0xFC, 0xAA, 0x50, 0x10, 0xF5, 0x0C,
    0x8E, 0x88, 0xA4, 0xB6, 0x74, 0xAD, 0x0F, 0x22, 0x5A, 0x06, 0x9E, 0x82, 0xB9, 0xD2, 0xD6, 0x70,
    0x0B, 0xD4, 0x17, 0xBE, 0x9D, 0xBA, 0x92, 0x8E, 0xC2, 0xC4, 0x65, 0x9B, 0xA7, 0x99, 0x9D, 0x56,
    0x94, 0x95, 0x9B, 0xB6, 0x69, 0x54, 0xA6, 0xDA, 0xDC, 0x37, 0xC8, 0xBB, 0x46, 0x1F, 0xA4, 0x22,
    0x53, 0x35, 0xDC, 0xD7, 0x15, 0xDD, 0x77, 0xB9, 0x19, 0x54, 0xAB, 0xEA, 0xA1, 0x5A, 0x45, 0x60,
    0xD9, 0x81, 0xF3, 0x19, 0x20, 0xCF, 0x6B, 0xF4, 0xF9, 0x71, 0xB1, 0xC7, 0x54, 0x61, 0x14, 0xDB,
    0x05, 0x95, 0xDF, 0x35, 0x3C, 0xEE, 0x63, 0xE2, 0x31, 0x27, 0x1A, 0x01, 0x7D, 0x1E, 0x20, 0x09,
    0x1A, 0xB5, 0xEE, 0x74, 0xC0, 0xED, 0xE9, 0xF4, 0xF3, 0xF2, 0xA5, 0x20, 0x29, 0xFC, 0xE5, 0xE9,
    0xD4, 0x5D, 0x8E, 0x72, 0xC1, 0x7A, 0xAF, 0x5D, 0x55, 0xD8, 0x50, 0xA4, 0xDA, 0x40, 0x19, 0xAD,
    0xE0, 0xF8, 0x47, 0x35, 0x3D, 0xB6, 0xCD, 0xFB, 0x91, 0xFD, 0xAB, 0xF1, 0x24, 0x3D, 0xA2, 0xDD,
    0x13, 0x0E, 0xE3, 0xC6, 0xE0, 0x94, 0x01, 0x37, 0x56, 0xAE, 0x33, 0xD8, 0x8C, 0xDC, 0xB1, 0x37,
    0x2C, 0x36, 0xF4, 0x86, 0xA5, 0xA2, 0x74, 0xDC, 0x6F, 0xC3, 0x6E, 0x56, 0x9A, 0x8E, 0x8E, 0x3B,
    0x20, 0x55, 0x8D, 0x57, 0x78, 0x71, 0xF7, 0x64, 0x55, 0x61, 0x71, 0xBF, 0xD0, 0x0A, 0x76, 0xA3,
    0xF4, 0x46, 0x44, 0xBC, 0x71, 0xB6, 0xFD, 0x5C, 0x60, 0x49, 0x93, 0xFA, 0xFD, 0xFA, 0x2D, 0x9B,
    0x99, 0x8C, 0x9C, 0x33, 0x66, 0xC1, 0x3C, 0x2B, 0x7B, 0x9B, 0x6B, 0xBD, 0xBA, 0x17, 0xAD, 0x22,
    0x10, 0x50, 0x88, 0x70, 0xF6, 0xFC, 0x40, 0xE1, 0xFF, 0xC3, 0xD7, 0x8A, 0xF6, 0x1C, 0x78, 0xF8,
    0xA6, 0x80, 0xA6, 0x91, 0xB2, 0x74, 0x35, 0xE2, 0x18, 0x84, 0xF9, 0xC3, 0x24, 0xBC, 0xD1, 0xAC,
    0xEC, 0xAB, 0x72, 0x9F, 0x99, 0x59, 0x62, 0x3A, 0x70, 0x54, 0x13, 0x16, 0xB1, 0xC0, 0xCD, 0x12,
    0xE3, 0x49, 0x6C, 0x28, 0xC6, 0xDB, 0xEE, 0xF2, 0x83, 0x7A, 0x91, 0x5A, 0x54, 0xF0, 0xB8, 0xBD,
    0x51, 0xAB, 0xF1, 0x93, 0x84, 0xFC, 0xDC, 0xDC, 0x6B, 0x5F, 0xAD, 0x5B, 0xCC, 0x17, 0x99, 0x71,
    0x66, 0xD3, 0x24, 0x31, 0xD2, 0x12, 0x63, 0x8D, 0xFF, 0x00, 0x62, 0x80, 0x83, 0x1A, 0x40, 0x2B,
    0x65, 0x08, 0x63, 0xB5, 0x13, 0x84, 0xF1, 0x7D, 0xD7, 0xFF, 0x3F, 0xEF, 0xE0, 0x89, 0x45, 0x1C,
    0x09, 0x21, 0x5C, 0x8A, 0xC4, 0x90, 0x7A, 0xC1, 0x4D, 0x51, 0x48, 0x30, 0xA7, 0x0F, 0x8D, 0xD7,
    0x6C, 0x83, 0xC5, 0xE0, 0x0D, 0x96, 0x9C, 0x39, 0x2F, 0xC8, 0x5B, 0xAF, 0x6A, 0xD0, 0xD4, 0x60,
    0x50, 0x15, 0x15, 0x0D, 0xE9, 0x7B, 0xC3, 0x7C, 0xDF, 0x4E, 0x48, 0x13, 0x0E, 0x77, 0x4D, 0xEE,
    0xF7, 0xBD, 0xEB, 0xCE, 0xEE, 0xEC, 0x7E, 0x33, 0x5B, 0x72, 0x73, 0xA4, 0x6C, 0x67, 0x4A, 0x3D,
    0x50, 0x52, 0x77, 0xCB, 0x50, 0x4F, 0xD9, 0xB7, 0xE0, 0xC9, 0x01, 0x0C, 0xBB, 0x89, 0xD2, 0xFC,
    0xB8, 0xB4, 0xE7, 0x4D, 0x52, 0x3C, 0xCB, 0xBE, 0x88, 0xFC, 0xBA, 0xB6, 0xE7, 0x4B, 0x1C, 0x19,
    0x52, 0x2D, 0x94, 0xA0, 0x45, 0x9A, 0x7E, 0x3D, 0xDF, 0x57, 0xE3, 0xDA, 0xAB, 0xC1, 0xB9, 0x0C,
    0x1E, 0x29, 0xE1, 0x6B, 0x91, 0xB3, 0x22, 0xFF, 0x01, 0x88, 0x6D, 0x7D, 0xEA, 0x50, 0x82, 0x75,
    0xA6, 0xEE, 0xF4, 0x48, 0x15, 0xD5, 0x0E, 0xAA, 0xCD, 0xD5, 0xC0, 0x5D, 0x34, 0xAF, 0x10, 0x10,
    0xC7, 0xE6, 0x25, 0x02, 0x24, 0x37, 0x2D, 0xCE, 0xAA, 0xB6, 0x4E, 0x3D, 0xD8, 0xB0, 0xE9, 0x76,
    0xB6, 0x61, 0x53, 0x3B, 0xBD, 0x64, 0x53, 0x33, 0x23, 0x05, 0x68, 0x9D, 0x9F, 0x50, 0xB7, 0xAB,
    0xBC, 0x77, 0xAE, 0x0F, 0x8A, 0xCC, 0xAB, 0xDA, 0xB0, 0x1C, 0xAB, 0xE2, 0x6C, 0x6F, 0x1D, 0xBC,
    0xDD, 0x67, 0xC9, 0x0F, 0x51, 0x9A, 0xAB, 0xD1, 0x6B, 0xE3, 0xF2, 0x0E, 0xA5, 0xB9, 0xF1, 0xE2,
    0xAD, 0xEB, 0xEA, 0xD3, 0x7D, 0x31, 0xC9, 0xBE, 0xD6, 0xDF, 0x43, 0x29, 0x83, 0x1B, 0x4F, 0xE3,
    0x49, 0x9F, 0x16, 0xF9, 0xBF, 0x48, 0xA8, 0xBB, 0x3B, 0xD7, 0x4D, 0x78, 0x4E, 0xDD, 0x76, 0xA9,
    0x85, 0xD6, 0x7D, 0xD3, 0x43, 0x53, 0xB7, 0x9B, 0x4D, 0x37, 0x47, 0xB3, 0xC5, 0x14, 0x16, 0xA5,
    0xAE, 0xEE, 0xEA, 0x01, 0xAE, 0xD5, 0x5D, 0xEA, 0x60, 0x5B, 0xFD, 0xE1, 0x40, 0xDF, 0xEA, 0x8F,
    0x3C, 0x79, 0xFA, 0x7C, 0xD3, 0x43, 0x6B, 0xD5, 0x96, 0xBE, 0x2A, 0x86, 0x71, 0xA8, 0xC9, 0x9D,
    0xED, 0x3D, 0xEF, 0x9F, 0xDA, 0x78, 0xD7, 0x4D, 0xE1, 0x45, 0x70, 0x4B, 0x52, 0xEB, 0xA6, 0x14,
    0x1B, 0x25, 0x7B, 0x4F, 0x2B, 0xBB, 0x9A, 0x21, 0xF4, 0x96, 0xBE, 0x31, 0x88, 0xA6, 0x22, 0x68,
    0xEF, 0xAD, 0x7F, 0xB2, 0x78, 0x01, 0x76, 0xC5, 0xDA, 0x26, 0x37, 0xDF, 0x2E, 0xD7, 0x55, 0xE3,
    0x9D, 0xF2, 0x1F, 0xF2, 0xF3, 0xBA, 0xD4, 0xCE, 0xEB, 0x50, 0xF7, 0xCC, 0xC0, 0x36, 0x50, 0x6F,
    0x0B, 0xA6, 0x60, 0x9B, 0xC4, 0xC1, 0xDB, 0xA6, 0x9A, 0x19, 0x62, 0x38, 0x32, 0x84, 0xFF, 0x31,
    0x84, 0xE3, 0x08, 0xE1, 0x0C, 0xBF, 0xF8, 0x4B, 0x78, 0x1F, 0xF8, 0xBC, 0x0D, 0x8F, 0x56, 0xF7,
    0xCD, 0x8F, 0x42, 0xAF, 0x06, 0x6A, 0xE3, 0x9E, 0x69, 0xB9, 0x67, 0xBB, 0xA3, 0xC8, 0x64, 0x2A,
    0xA3, 0x6C, 0x8F, 0xB8, 0x8D, 0xAD, 0x84, 0x7D, 0x1F, 0xE2, 0x12, 0x24, 0xD4, 0x33, 0x0C, 0x15,
    0x7B, 0x19, 0x52, 0x30, 0x35, 0x9E, 0x51, 0x4F, 0x69, 0x1C, 0xF0, 0x2F, 0x7D, 0x46, 0x3D, 0x47,
    0x72, 0x81, 0x6F, 0x69, 0x30, 0xB5, 0x04, 0xBB, 0x83, 0x69, 0x33, 0x59, 0xC5, 0x3A, 0xB1, 0xBF,
    0x60, 0xBF, 0x65, 0x77, 0xE0, 0xF6, 0x52, 0x1A, 0xB8, 0x5D, 0xAF, 0x6D, 0xAD, 0xFE, 0x31, 0x51,
    0xAF, 0x69, 0x02, 0xEE, 0xC3, 0xCA, 0x4F, 0x02, 0x63, 0x7B, 0x27, 0x8B, 0x27, 0x0B, 0xA9, 0xE0,
    0x85, 0x64, 0x30, 0x8E, 0x60, 0xB5, 0x80, 0x41, 0x49, 0xC9, 0x60, 0x1C, 0xC1, 0x6A, 0x01, 0x83,
    0x92, 0x92, 0xC1, 0x38, 0x82, 0xD5, 0x02, 0x06, 0x25, 0x25, 0x83, 0xB1, 0x05, 0x37, 0x7E, 0x40,
    0xC5, 0xD3, 0x92, 0x1D, 0xB6, 0x43, 0x1F, 0x2B, 0x32, 0x92, 0xF2, 0x1D, 0xD4, 0xD7, 0xC6, 0xEA,
    0x10, 0x8D, 0x71, 0x02, 0xA5, 0x07, 0xB5, 0x35, 0x56, 0x87, 0x60, 0x8C, 0x13, 0x28, 0x3D, 0xA8,
    0xAD, 0xD1, 0x5E, 0x1B, 0xE3, 0x04, 0x4A, 0x0F, 0xA6, 0x16, 0x3C, 0x0F, 0x20, 0x2F, 0xAA, 0x37,
    0xF6, 0x3D, 0xBC, 0xC9, 0x4D, 0x0B, 0x32, 0x32, 0x73, 0x56, 0xE6, 0x0A, 0x99, 0xAB, 0x65, 0xAE,
    0x9C, 0x99, 0x25, 0x33, 0x63, 0x66, 0xF6, 0xCC, 0x9D, 0x64, 0xEE, 0x2A, 0x73, 0x87, 0x99, 0xBB,
    0xCD, 0xDC, 0x39, 0x18, 0x15, 0xAC, 0x94, 0x5F, 0x22, 0xCD, 0xEC, 0x64, 0x27, 0x3F, 0x43, 0xEE,
    0x03, 0x9C, 0x3D, 0x25, 0x2F, 0x48, 0x05, 0xAB, 0x05, 0x8C, 0x23, 0x28, 0x19, 0x54, 0x44, 0x56,
    0x0B, 0x18, 0x47, 0x50, 0x32, 0xA8, 0xC1, 0x58, 0x2D, 0x60, 0x1C, 0x41, 0xC9, 0xA0, 0xD2, 0xE1,
    0x85, 0x1C, 0x49, 0xDC, 0xAC, 0x50, 0xDC, 0xDE, 0x93, 0x8F, 0xB1, 0x87, 0xF6, 0x37, 0x95, 0x54,
    0x21, 0x6C, 0xEC, 0x46, 0x10, 0x7D, 0xB6, 0xF5, 0xBF, 0xA5, 0x18, 0x6C, 0xC9, 0x91, 0x16, 0x98,
    0x7F, 0x50, 0x73, 0xA9, 0xA9, 0xCD, 0x42, 0x03, 0x7A, 0xA8, 0xA4, 0x20, 0xA8, 0x24, 0x5C, 0x4A,
    0xCE, 0xE6, 0x28, 0xA4, 0xBC, 0xA0, 0xA0, 0xB9, 0x72, 0xA9, 0x20, 0x89, 0x97, 0x93, 0x1E, 0x47,
    0x26, 0x45, 0x05, 0x35, 0x58, 0xE0, 0x48, 0xDE, 0x9B, 0xFA, 0x8D, 0x3C, 0x97, 0x36, 0x55, 0xD5,
    0x64, 0x64, 0xBD, 0x37, 0x1E, 0xCF, 0xCE, 0xBE, 0x99, 0xBB, 0x5D, 0x20, 0xD9, 0x37, 0x00, 0x72,
    0x99, 0x00, 0x7C, 0x48, 0x8F, 0xA0, 0xD5, 0x8A, 0x65, 0x47, 0x74, 0xDE, 0xF0, 0xE3, 0x91, 0xD8,
    0xCA, 0x6F, 0x1E, 0x99, 0xC8, 0x9F, 0x1E, 0x2E, 0xA4, 0xE2, 0x51, 0x77, 0xE8, 0x3D, 0x7A, 0xA0,
    0xF5, 0xC9, 0x8C, 0xE5, 0x35, 0x0B, 0x0B, 0x36, 0xF9, 0x08, 0xB4, 0x70, 0x07, 0xA0, 0xD7, 0xD5,
    0x51, 0xEB, 0xCD, 0xA8, 0x1A, 0xA4, 0xD3, 0xF2, 0x1D, 0xD9, 0x48, 0x2C, 0x06, 0x62, 0xA9, 0x65,
    0x5A, 0xA0, 0xF2, 0x69, 0x04, 0xDC, 0xF3, 0x75, 0x00, 0x0A, 0x11, 0x0F, 0x24, 0xF2, 0x0C, 0x4A,
    0xA3, 0x4A, 0xDA, 0xA5, 0x22, 0xF7, 0xA0, 0xEC, 0x59, 0xC9, 0x29, 0xA1, 0x8A, 0x4A, 0xBB, 0x9D,
    0xD2, 0x5C, 0x13, 0xD3, 0xA0, 0x94, 0x8D, 0x55, 0xA3, 0x6D, 0x68, 0x53, 0x65, 0xA7, 0x5D, 0xD5,
    0x50, 0x7A, 0x44, 0x71, 0x60, 0x3E, 0xF2, 0x81, 0x89, 0x7C, 0xE8, 0x66, 0x81, 0xF9, 0x14, 0x4B,
    0xCD, 0x6C, 0xAD, 0xD5, 0x2C, 0x3E, 0x88, 0x1A, 0xC7, 0x13, 0x93, 0xAD, 0x4F, 0xD4, 0x6C, 0x91,
    0xD9, 0xF5, 0x0F, 0xDB, 0xED, 0xF6, 0xBA, 0x6B, 0x85, 0xB6, 0x52, 0x93, 0x6C, 0x69, 0x97, 0x4E,
    0xDF, 0x26, 0x25, 0x09, 0x5A, 0x33, 0x9E, 0x4A, 0xEF, 0x48, 0x54, 0xC4, 0xFD, 0x18, 0xE7, 0x2E,
    0x33, 0xBB, 0x20, 0x71, 0xB3, 0x44, 0x49, 0xE3, 0xA4, 0x70, 0x92, 0x5A, 0x0C, 0x0C, 0x50, 0x48,
    0x4E, 0xF2, 0x8C, 0x2F, 0xC4, 0x38, 0x4A, 0xCF, 0x38, 0xD5, 0x39, 0x4F, 0x7D, 0x24, 0x1D, 0x3B,
    0x49, 0xE3, 0xA4, 0x6A, 0xA1, 0x56, 0xE3, 0x78, 0xD2, 0x00, 0x75, 0x90, 0x22, 0xE7, 0xBF, 0x68,
    0x07, 0x2A, 0x11, 0x01, 0x6A, 0x45, 0xE6, 0x2D, 0xD8, 0x11, 0xDD, 0x40, 0xCC, 0x03, 0x31, 0x9D,
    0x89, 0x10, 0xBC, 0xE5, 0xB3, 0xE2, 0x91, 0x90, 0x69, 0xBC, 0xD4, 0xCC, 0x96, 0xAB, 0x92, 0x48,
    0xB7, 0x08, 0xC4, 0xEA, 0x40, 0xEC, 0x5F, 0xF2, 0xDC, 0xB8, 0x56, 0x27, 0xEE, 0xF7, 0xF7, 0x2A,
    0x8A, 0x73, 0x14, 0xD1, 0xEF, 0x58, 0x55, 0x2A, 0x6C, 0xA8, 0x9D, 0xF6, 0x33, 0x74, 0x94, 0x3A,
    0x3A, 0x9D, 0x98, 0x4E, 0x88, 0x9D, 0x9B, 0x96, 0x1D, 0x81, 0x15, 0x92, 0xC9, 0xD2, 0x72, 0x02,
    0xC7, 0xC7, 0x71, 0xB1, 0x6D, 0xCB, 0x7D, 0xD4, 0xDC, 0xF7, 0x96, 0x0C, 0xFF, 0x2E, 0x59, 0xB1,
    0xE4, 0x27, 0xBC, 0xD8, 0x07, 0x73, 0x4A, 0x73, 0xBE, 0x32, 0x27, 0xAC, 0x9C, 0x0E, 0xAB, 0x93,
    0xFB, 0xD5, 0x71, 0x76, 0x42, 0xBE, 0xB4, 0xDC, 0x1B, 0x73, 0xC6, 0x95, 0xB3, 0xC3, 0xEA, 0x14,
    0xDD, 0xEB, 0x0D, 0xCE, 0xCD, 0xF9, 0x75, 0xE5, 0xE4, 0xB4, 0xE8, 0x0D, 0x1B, 0xFC, 0x97, 0xAA,
    0xCF, 0xE0, 0x94, 0x93, 0xB0, 0x6E, 0x50, 0x4E, 0xEB, 0x06, 0xFD, 0xBC, 0xAA, 0xFA, 0x2E, 0x9A,
    0x2A, 0x31, 0x55, 0xAD, 0xA9, 0xAA, 0x1F, 0x56, 0xA7, 0x0A, 0xA6, 0x61, 0x30, 0xC7, 0x54, 0x7D,
    0x34, 0x55, 0x89, 0x3E, 0x90, 0x01, 0x7D, 0x40, 0x2E, 0x73, 0x2E, 0x11, 0xA5, 0x6F, 0xCB, 0xAE,
    0xE7, 0xC1, 0x8C, 0x0B, 0x9C, 0xA3, 0x08, 0xA8, 0x70, 0xC3, 0xF9, 0x57, 0xB8, 0x85, 0x0B, 0xF8,
    0x1A, 0x2D, 0x6E, 0x23, 0x1E, 0x50, 0xFF, 0x11, 0xEA, 0x5F, 0x02, 0x9C, 0x1C, 0x96, 0x07, 0xC9,
    0x3D, 0x1F, 0x2B, 0x6B, 0xFF, 0xC8, 0x54, 0xF4, 0xAA, 0x7C, 0x86, 0xFD, 0x7A, 0xFC, 0xF9, 0xEC,
    0xB7, 0xB6, 0xF3, 0x40, 0xC0, 0x4E, 0xF1, 0x51, 0x71, 0x26, 0x24, 0x8A, 0xE9, 0x44, 0xCC, 0x82,
    0xE2, 0x48, 0xCC, 0x07, 0x62, 0x71, 0xB0, 0x96, 0xFE, 0xAF, 0x64, 0x7C, 0x6B, 0x49, 0xF7, 0xBE,
    0x92, 0x5F, 0xCC, 0x1A, 0x7E, 0x39, 0x55, 0x66, 0x9F, 0xDF, 0xE1, 0x0A, 0xFD, 0x84, 0x90, 0x89,
    0x5C, 0x8C, 0xF9, 0xD0, 0x8B, 0x77, 0x5D, 0x29, 0xCD, 0x19, 0x92, 0x9F, 0xF0, 0x37, 0xFB, 0x1E,
    0x69, 0x97, 0xC9, 0xA1, 0xF0, 0x4E, 0xA6, 0xAA, 0xAB, 0x2F, 0x44, 0x70, 0xC3, 0x75, 0x57, 0x38,
    0xBB, 0x3B, 0x1D, 0xBD, 0x51, 0xE5, 0x81, 0x77, 0x9F, 0x27, 0x74, 0x67, 0xFB, 0xE3, 0xBE, 0x01,
    0x26, 0x13, 0x5F, 0x78, 0xCA, 0x6D, 0x80, 0x4D, 0xBB, 0xFD, 0x86, 0x87, 0x39, 0xA2, 0x27, 0x7C,
    0xFB, 0xFB, 0xF2, 0xEA, 0xEC, 0x23, 0x6D, 0xB3, 0x70, 0x72, 0xB4, 0x0B, 0xA2, 0xF5, 0x40, 0x7A,
    0xB4, 0x7B, 0xA1, 0xEF, 0x80, 0x2C, 0x42, 0x43, 0xFA, 0x6A, 0x17, 0x4B, 0xAE, 0xC7, 0x50, 0xB4,
    0x49, 0x6F, 0xD9, 0x66, 0x9F, 0xF6, 0xFB, 0x1F, 0x79, 0x5F, 0x8C, 0xEA, 0x01, 0x9B, 0xD3, 0xC5,
    0xA3, 0x5B, 0xA4, 0xF1, 0x55, 0xAD, 0xC9, 0x6A, 0x65, 0xD1, 0x62, 0x7D, 0xC3, 0xF8, 0xBA, 0x4C,
    0xBF, 0x15, 0x13, 0xFE, 0x31, 0x25, 0x56, 0xEE, 0x45, 0x06, 0x7A, 0x77, 0xF8, 0x0B, 0x35, 0xCD,
    0x81, 0x89, 0xC4, 0x20, 0x14, 0x84, 0xE1, 0x89, 0x01, 0x04, 0x0E, 0x48, 0x09, 0x96, 0x60, 0x09,
    0xDA, 0x59, 0x6C, 0xEC, 0x4E, 0x4B, 0x48, 0x09, 0x29, 0x41, 0x20, 0x80, 0x1C, 0xE6, 0xDE, 0xCD,
    0xEC, 0x6E, 0x42, 0xF8, 0x87, 0x27, 0xC0, 0x87, 0xCF, 0x57, 0xDB, 0x0E, 0x78, 0x2B, 0xB5, 0x60,
    0xFB, 0xCB, 0x35, 0x23, 0x16, 0x24, 0xE8, 0xC7, 0xD3, 0x5D, 0xC1, 0x8F, 0x12, 0xCD, 0x6C, 0x20,
    0xA9, 0x88, 0xEC, 0x85, 0x65, 0x62, 0xED, 0x58, 0x86, 0xEA, 0x06, 0x7C, 0xC7, 0x7A, 0xC1, 0x9F,
    0x3A, 0xBF, 0x54, 0x6C, 0x07, 0x3C, 0xDB, 0x74, 0xAA, 0x07, 0x42, 0xD3, 0x23, 0x1D, 0x9E, 0x31,
    0xAB, 0x29, 0x23, 0xB0, 0x78, 0xF0, 0x2C, 0x33, 0xBD, 0x4D, 0x67, 0x9C, 0x60, 0xB8, 0x91, 0x7E,
    0x31, 0x51, 0xC1, 0x4C, 0xB1, 0xCC, 0xE0, 0xB8, 0xCB, 0x0D, 0x9A, 0xD5, 0xE6, 0xDA, 0x4D, 0xA9,
    0x36, 0x7C, 0xF7, 0xE2, 0xFD, 0x49, 0xEE, 0xC5, 0xD2, 0x63, 0x1A, 0x15, 0xA5, 0x10, 0x8B, 0x25,
    0xD0, 0xCA, 0xF4, 0x13, 0x47, 0x01, 0x51, 0x99, 0xB2, 0xBF, 0x45, 0xDF, 0x1C, 0x4C, 0x0E, 0xF3,
    0x0F,
};

static const EpdGlyph dmsans_18_italicGlyphs[] = {
    { 0, 0, 360, 0, 0, 0, 0 }, // U+000D
    { 0, 0, 169, 0, 0, 0, 0 }, // U+0020
    { 9, 28, 151, 1, 27, 63, 0 }, // !
    { 11, 9, 190, 3, 29, 25, 63 }, // "
    { 30, 27, 483, 1, 27, 203, 88 }, // #
    { 21, 34, 350, 1, 30, 179, 291 }, // $
    { 25, 28, 472, 3, 27, 175, 470 }, // %
    { 26, 28, 441, 1, 27, 182, 645 }, // &
    { 6, 9, 98, 3, 29, 14, 827 }, // '
    { 16, 37, 224, 1, 31, 148, 841 }, // (
    { 16, 37, 224, -2, 31, 148, 989 }, // )
    { 16, 15, 287, 3, 28, 60, 1137 }, // *
    { 19, 18, 330, 1, 20, 86, 1197 }, // +
    { 8, 9, 109, -3, 4, 18, 1283 }, // ,
    { 16, 4, 309, 2, 13, 16, 1301 }, // -
    { 5, 6, 120, 0, 5, 8, 1317 }, // .
    { 19, 33, 235, -2, 29, 157, 1325 }, // /
    { 23, 28, 412, 2, 27, 161, 1482 }, // 0
    { 9, 27, 188, 3, 27, 61, 1643 }, // 1
    { 20, 27, 352, 1, 27, 135, 1704 }, // 2
    { 20, 28, 354, 1, 27, 140, 1839 }, // 3
    { 22, 27, 365, 0, 27, 149, 1979 }, // 4
    { 21, 28, 368, 1, 27, 147, 2128 }, // 5
    { 21, 28, 373, 2, 27, 147, 2275 }, // 6
    { 19, 27, 320, 3, 27, 129, 2422 }, // 7
    { 21, 28, 363, 1, 27, 147, 2551 }, // 8
    { 21, 28, 373, 2, 27, 147, 2698 }, // 9
    { 8, 21, 123, 0, 20, 42, 2845 }, // :
    { 10, 25, 129, -2, 20, 63, 2887 }, // ;
    { 16, 18, 330, 4, 22, 72, 2950 }, // <
    { 17, 12, 330, 2, 17, 51, 3022 }, // =
    { 16, 18, 330, 2, 22, 72, 3073 }, // >
    { 17, 28, 316, 3, 27, 119, 3145 }, // ?
    { 33, 32, 597, 2, 24, 264, 3264 }, // @
    { 24, 27, 398, -1, 27, 162, 3528 }, // A
    { 22, 27, 362, 1, 27, 149, 3690 }, // B
    { 25, 28, 431, 2, 27, 175, 3839 }, // C
    { 25, 27, 415, 1, 27, 169, 4014 }, // D
    { 21, 27, 327, 1, 27, 142, 4183 }, // E
    { 21, 27, 317, 1, 27, 142, 4325 }, // F
    { 26, 28, 457, 2, 27, 182, 4467 }, // G
    { 25, 27, 409, 1, 27, 169, 4649 }, // H
    { 8, 27, 141, 1, 27, 54, 4818 }, // I
    { 19, 28, 293, 0, 27, 133, 4872 }, // J
    { 23, 27, 351, 1, 27, 156, 5005 }, // K
    { 16, 27, 317, 1, 27, 108, 5161 }, // L
    { 31, 27, 505, 1, 27, 210, 5269 }, // M
    { 26, 27, 415, 1, 27, 176, 5479 }, // N
    { 27, 28, 469, 2, 27, 189, 5655 }, // O
    { 22, 27, 350, 1, 27, 149, 5844 }, // P
    { 27, 31, 469, 2, 27, 210, 5993 }, // Q
    { 21, 27, 357, 1, 27, 142, 6203 }, // R
    { 21, 28, 350, 1, 27, 147, 6345 }, // S
    { 20, 27, 336, 3, 27, 135, 6492 }, // T
    { 24, 28, 393, 2, 27, 168, 6627 }, // U
    { 25, 27, 401, 3, 27, 169, 6795 }, // V
    { 36, 28, 581, 3, 27, 252, 6964 }, // W
    { 26, 27, 362, -1, 27, 176, 7216 }, // X
    { 21, 27, 348, 3, 27, 142, 7392 }, // Y
    { 22, 27, 325, 0, 27, 149, 7534 }, // Z
    { 14, 37, 189, 0, 31, 130, 7683 }, // [
    { 19, 33, 416, 4, 29, 157, 7813 }, // <backslash>
    { 14, 37, 188, -1, 31, 130, 7970 }, // ]
    { 21, 20, 373, 1, 27, 105, 8100 }, // ^
    { 21, 4, 380, 0, -1, 21, 8205 }, // _
    { 9, 8, 128, 2, 28, 18, 8226 }, // `
    { 18, 21, 331, 1, 20, 95, 8244 }, // a
    { 22, 28, 373, 0, 27, 154, 8339 }, // b
    { 20, 21, 344, 1, 20, 105, 8493 }, // c
    { 23, 28, 373, 1, 27, 161, 8598 }, // d
    { 20, 21, 342, 1, 20, 105, 8759 }, // e
    { 13, 27, 204, 2, 27, 88, 8864 }, // f
    { 24, 29, 332, -2, 20, 174, 8952 }, // g
    { 21, 27, 346, 0, 27, 142, 9126 }, // h
    { 9, 28, 145, 1, 28, 63, 9268 }, // i
    { 15, 37, 151, -5, 28, 139, 9331 }, // j
    { 20, 27, 307, 0, 27, 135, 9470 }, // k
    { 9, 27, 134, 0, 27, 61, 9605 }, // l
    { 32, 20, 530, 0, 20, 160, 9666 }, // m
    { 21, 20, 344, 0, 20, 105, 9826 }, // n
    { 20, 21, 358, 1, 20, 105, 9931 }, // o
    { 23, 29, 373, -1, 20, 167, 10036 }, // p
    { 22, 29, 374, 1, 20, 160, 10203 }, // q
    { 15, 20, 223, 0, 20, 75, 10363 }, // r
    { 18, 21, 303, 0, 20, 95, 10438 }, // s
    { 13, 24, 232, 2, 24, 78, 10533 }, // t
    { 20, 20, 345, 1, 19, 100, 10611 }, // u
    { 20, 19, 324, 2, 19, 95, 10711 }, // v
    { 28, 19, 458, 2, 19, 133, 10806 }, // w
    { 21, 19, 297, -1, 19, 100, 10939 }, // x
    { 21, 28, 334, 1, 19, 147, 11039 }, // y
    { 19, 19, 278, -1, 19, 91, 11186 }, // z
    { 15, 37, 257, 3, 31, 139, 11277 }, // {
    { 10, 31, 141, 0, 27, 78, 11416 }, // |
    { 15, 37, 257, -1, 31, 139, 11494 }, // }
    { 18, 6, 330, 2, 15, 27, 11633 }, // ~
    { 0, 0, 169, 0, 0, 0, 0 }, // U+00A0
    { 9, 28, 151, 0, 20, 63, 0 }, // U+00A1
    { 20, 27, 344, 1, 23, 135, 63 }, // U+00A2
    { 22, 27, 361, 1, 27, 149, 198 }, // U+00A3
    { 18, 16, 320, 1, 19, 72, 347 }, // U+00A4
    { 24, 27, 361, 1, 27, 162, 419 }, // U+00A5
    { 10, 31, 141, 0, 27, 78, 581 }, // U+00A6
    { 22, 36, 353, 0, 27, 198, 659 }, // U+00A7
    { 11, 5, 157, 2, 26, 14, 857 }, // U+00A8
    { 27, 28, 480, 2, 27, 189, 871 }, // U+00A9
    { 16, 14, 287, 3, 27, 56, 1060 }, // U+00AA
    { 16, 14, 271, 1, 18, 56, 1116 }, // U+00AB
    { 23, 9, 330, 0, 17, 52, 1172 }, // U+00AC
    { 17, 16, 302, 3, 27, 68, 1224 }, // U+00AE
    { 14, 3, 209, 2, 25, 11, 1292 }, // U+00AF
    { 11, 11, 208, 3, 27, 31, 1303 }, // U+00B0
    { 21, 19, 330, 0, 22, 100, 1334 }, // U+00B1
    { 13, 14, 198, 1, 27, 46, 1434 }, // U+00B2
    { 12, 14, 197, 2, 27, 42, 1480 }, // U+00B3
    { 9, 8, 125, 2, 28, 18, 1522 }, // U+00B4
    { 22, 28, 351, -1, 19, 154, 1540 }, // U+00B5
    { 20, 31, 355, 3, 27, 155, 1694 }, // U+00B6
    { 5, 5, 120, 2, 15, 7, 1849 }, // U+00B7
    { 10, 11, 137, -4, 1, 28, 1856 }, // U+00B8
    { 7, 14, 122, 3, 27, 25, 1884 }, // U+00B9
    { 15, 14, 275, 3, 27, 53, 1909 }, // U+00BA
    { 16, 14, 271, 0, 18, 56, 1962 }, // U+00BB
    { 25, 27, 465, 3, 27, 169, 2018 }, // U+00BC
    { 28, 27, 512, 3, 27, 189, 2187 }, // U+00BD
    { 28, 27, 504, 2, 27, 189, 2376 }, // U+00BE
    { 18, 28, 315, -1, 20, 126, 2565 }, // U+00BF
    { 24, 36, 398, -1, 36, 216, 2691 }, // U+00C0
    { 24, 36, 398, -1, 36, 216, 2907 }, // U+00C1
    { 24, 35, 398, -1, 35, 210, 3123 }, // U+00C2
    { 24, 33, 398, -1, 33, 198, 3333 }, // U+00C3
    { 24, 33, 398, -1, 33, 198, 3531 }, // U+00C4
    { 24, 37, 398, -1, 37, 222, 3729 }, // U+00C5
    { 37, 27, 547, -1, 27, 250, 3951 }, // U+00C6
    { 25, 37, 431, 2, 27, 232, 4201 }, // U+00C7
    { 21, 36, 327, 1, 36, 189, 4433 }, // U+00C8
    { 21, 36, 327, 1, 36, 189, 4622 }, // U+00C9
    { 21, 35, 327, 1, 35, 184, 4811 }, // U+00CA
    { 21, 33, 327, 1, 33, 174, 4995 }, // U+00CB
    { 11, 36, 141, 1, 36, 99, 5169 }, // U+00CC
    { 12, 36, 141, 1, 36, 108, 5268 }, // U+00CD
    { 13, 35, 141, 1, 35, 114, 5376 }, // U+00CE
    { 13, 33, 141, 1, 33, 108, 5490 }, // U+00CF
    { 27, 27, 430, 0, 27, 183, 5598 }, // U+00D0
    { 26, 33, 415, 1, 33, 215, 5781 }, // U+00D1
    { 27, 37, 469, 2, 36, 250, 5996 }, // U+00D2
    { 27, 37, 469, 2, 36, 250, 6246 }, // U+00D3
    { 27, 36, 469, 2, 35, 243, 6496 }, // U+00D4
    { 27, 34, 469, 2, 33, 230, 6739 }, // U+00D5
    { 27, 34, 469, 2, 33, 230, 6969 }, // U+00D6
    { 17, 15, 330, 2, 18, 64, 7199 }, // U+00D7
    { 32, 28, 466, -1, 27, 224, 7263 }, // U+00D8
    { 24, 37, 393, 2, 36, 222, 7487 }, // U+00D9
    { 24, 37, 393, 2, 36, 222, 7709 }, // U+00DA
    { 24, 36, 393, 2, 35, 216, 7931 }, // U+00DB
    { 24, 34, 393, 2, 33, 204, 8147 }, // U+00DC
    { 21, 36, 348, 3, 36, 189, 8351 }, // U+00DD
    { 21, 27, 350, 1, 27, 142, 8540 }, // U+00DE
    { 22, 29, 396, 1, 28, 160, 8682 }, // U+00DF
    { 18, 29, 331, 1, 28, 131, 8842 }, // U+00E0
    { 18, 29, 331, 1, 28, 131, 8973 }, // U+00E1
    { 18, 28, 331, 1, 27, 126, 9104 }, // U+00E2
    { 18, 26, 331, 1, 25, 117, 9230 }, // U+00E3
    { 18, 27, 331, 1, 26, 122, 9347 }, // U+00E4
    { 18, 30, 331, 1, 29, 135, 9469 }, // U+00E5
    { 33, 21, 555, 1, 20, 174, 9604 }, // U+00E6
    { 20, 30, 344, 1, 20, 150, 9778 }, // U+00E7
    { 20, 29, 342, 1, 28, 145, 9928 }, // U+00E8
    { 20, 29, 342, 1, 28, 145, 10073 }, // U+00E9
    { 20, 28, 342, 1, 27, 140, 10218 }, // U+00EA
    { 20, 27, 342, 1, 26, 135, 10358 }, // U+00EB
    { 11, 28, 134, 0, 28, 77, 10493 }, // U+00EC
    { 11, 28, 134, 0, 28, 77, 10570 }, // U+00ED
    { 12, 27, 134, 0, 27, 81, 10647 }, // U+00EE
    { 12, 26, 134, 0, 26, 78, 10728 }, // U+00EF
    { 22, 28, 369, 1, 27, 154, 10806 }, // U+00F0
    { 21, 25, 344, 0, 25, 132, 10960 }, // U+00F1
    { 20, 29, 358, 1, 28, 145, 11092 }, // U+00F2
    { 20, 29, 358, 1, 28, 145, 11237 }, // U+00F3
    { 20, 28, 358, 1, 27, 140, 11382 }, // U+00F4
    { 20, 26, 358, 1, 25, 130, 11522 }, // U+00F5
    { 20, 27, 358, 1, 26, 135, 11652 }, // U+00F6
    { 17, 16, 330, 2, 19, 68, 11787 }, // U+00F7
    { 24, 21, 358, -1, 20, 126, 11855 }, // U+00F8
    { 20, 29, 345, 1, 28, 145, 11981 }, // U+00F9
    { 20, 29, 345, 1, 28, 145, 12126 }, // U+00FA
    { 20, 28, 345, 1, 27, 140, 12271 }, // U+00FB
    { 20, 27, 345, 1, 26, 135, 12411 }, // U+00FC
    { 21, 37, 334, 1, 28, 195, 12546 }, // U+00FD
    { 23, 36, 373, -1, 27, 207, 12741 }, // U+00FE
    { 21, 35, 334, 1, 26, 184, 12948 }, // U+00FF
    { 25, 33, 398, -1, 33, 207, 0 }, // U+0100
    { 19, 26, 331, 1, 25, 124, 207 }, // U+0101
    { 24, 35, 398, -1, 35, 210, 331 }, // U+0102
    { 18, 28, 331, 1, 27, 126, 541 }, // U+0103
    { 24, 35, 398, -1, 27, 210, 667 }, // U+0104
    { 18, 28, 331, 1, 20, 126, 877 }, // U+0105
    { 25, 37, 431, 2, 36, 232, 1003 }, // U+0106
    { 20, 29, 344, 1, 28, 145, 1235 }, // U+0107
    { 25, 35, 431, 2, 34, 219, 1380 }, // U+010A
    { 20, 27, 344, 1, 26, 135, 1599 }, // U+010B
    { 25, 36, 431, 2, 35, 225, 1734 }, // U+010C
    { 20, 28, 344, 1, 27, 140, 1959 }, // U+010D
    { 25, 35, 415, 1, 35, 219, 2099 }, // U+010E
    { 28, 29, 423, 1, 28, 203, 2318 }, // U+010F
    { 27, 27, 430, 0, 27, 183, 2521 }, // U+0110
    { 26, 28, 402, 1, 27, 182, 2704 }, // U+0111
    { 21, 33, 327, 1, 33, 174, 2886 }, // U+0112
    { 20, 26, 342, 1, 25, 130, 3060 }, // U+0113
    { 21, 35, 327, 1, 35, 184, 3190 }, // U+0114
    { 20, 28, 342, 1, 27, 140, 3374 }, // U+0115
    { 21, 34, 327, 1, 34, 179, 3514 }, // U+0116
    { 20, 27, 342, 1, 26, 135, 3693 }, // U+0117
    { 21, 35, 327, 1, 27, 184, 3828 }, // U+0118
    { 20, 28, 342, 1, 20, 140, 4012 }, // U+0119
    { 21, 35, 327, 1, 35, 184, 4152 }, // U+011A
    { 20, 28, 342, 1, 27, 140, 4336 }, // U+011B
    { 26, 36, 457, 2, 35, 234, 4476 }, // U+011E
    { 24, 36, 332, -2, 27, 216, 4710 }, // U+011F
    { 26, 35, 457, 2, 34, 228, 4926 }, // U+0120
    { 24, 35, 332, -2, 26, 210, 5154 }, // U+0121
    { 26, 36, 457, 2, 27, 234, 5364 }, // U+0122
    { 24, 38, 332, -2, 29, 228, 5598 }, // U+0123
    { 27, 27, 450, 2, 27, 183, 5826 }, // U+0126
    { 20, 27, 374, 2, 27, 135, 6009 }, // U+0127
    { 14, 33, 141, 1, 33, 116, 6144 }, // U+0128
    { 13, 25, 134, 0, 25, 82, 6260 }, // U+0129
    { 15, 33, 141, 1, 33, 124, 6342 }, // U+012A
    { 15, 25, 134, -1, 25, 94, 6466 }, // U+012B
    { 14, 35, 141, 1, 35, 123, 6560 }, // U+012C
    { 13, 27, 134, 0, 27, 88, 6683 }, // U+012D
    { 13, 35, 141, -4, 27, 114, 6771 }, // U+012E
    { 13, 34, 134, -4, 26, 111, 6885 }, // U+012F
    { 10, 34, 141, 1, 34, 85, 6996 }, // U+0130
    { 8, 19, 134, 0, 19, 38, 7081 }, // U+0131
    { 25, 28, 411, 1, 27, 175, 7119 }, // U+0132
    { 17, 37, 275, 1, 28, 158, 7294 }, // U+0133
    { 23, 36, 351, 1, 27, 207, 7452 }, // U+0136
    { 20, 36, 307, 0, 27, 180, 7659 }, // U+0137
    { 16, 36, 317, 1, 36, 144, 7839 }, // U+0139
    { 13, 36, 134, 0, 36, 117, 7983 }, // U+013A
    { 16, 36, 317, 1, 27, 144, 8100 }, // U+013B
    { 10, 36, 134, -1, 27, 90, 8244 }, // U+013C
    { 16, 28, 317, 1, 28, 112, 8334 }, // U+013D
    { 14, 28, 184, 0, 28, 98, 8446 }, // U+013E
    { 16, 27, 317, 1, 27, 108, 8544 }, // U+013F
    { 12, 27, 155, 0, 27, 81, 8652 }, // U+0140
    { 19, 27, 335, 0, 27, 129, 8733 }, // U+0141
    { 11, 27, 149, 0, 27, 75, 8862 }, // U+0142
    { 26, 36, 415, 1, 36, 234, 8937 }, // U+0143
    { 21, 28, 344, 0, 28, 147, 9171 }, // U+0144
    { 26, 36, 415, 1, 27, 234, 9318 }, // U+0145
    { 21, 29, 344, 0, 20, 153, 9552 }, // U+0146
    { 26, 35, 415, 1, 35, 228, 9705 }, // U+0147
    { 21, 27, 344, 0, 27, 142, 9933 }, // U+0148
    { 26, 36, 415, 1, 27, 234, 10075 }, // U+014A
    { 21, 29, 350, 0, 20, 153, 10309 }, // U+014B
    { 27, 34, 469, 2, 33, 230, 10462 }, // U+014C
    { 20, 26, 358, 1, 25, 130, 10692 }, // U+014D
    { 27, 36, 469, 2, 35, 243, 10822 }, // U+014E
    { 20, 28, 358, 1, 27, 140, 11065 }, // U+014F
    { 27, 36, 469, 2, 35, 243, 11205 }, // U+0150
    { 20, 28, 358, 1, 27, 140, 11448 }, // U+0151
    { 41, 28, 664, 2, 27, 287, 11588 }, // U+0152
    { 35, 21, 591, 1, 20, 184, 11875 }, // U+0153
    { 21, 36, 357, 1, 36, 189, 12059 }, // U+0154
    { 15, 28, 223, 0, 28, 105, 12248 }, // U+0155
    { 21, 36, 357, 1, 27, 189, 12353 }, // U+0156
    { 16, 29, 223, -1, 20, 116, 12542 }, // U+0157
    { 21, 35, 357, 1, 35, 184, 12658 }, // U+0158
    { 17, 27, 223, 0, 27, 115, 12842 }, // U+0159
    { 21, 37, 350, 1, 36, 195, 12957 }, // U+015A
    { 18, 29, 303, 0, 28, 131, 13152 }, // U+015B
    { 21, 37, 350, 1, 27, 195, 13283 }, // U+015E
    { 18, 30, 303, 0, 20, 135, 13478 }, // U+015F
    { 21, 36, 350, 1, 35, 189, 13613 }, // U+0160
    { 18, 28, 303, 0, 27, 126, 13802 }, // U+0161
    { 20, 37, 336, 3, 27, 185, 13928 }, // U+0162
    { 13, 34, 232, 2, 24, 111, 14113 }, // U+0163
    { 20, 34, 336, 3, 34, 170, 14224 }, // U+0164
    { 15, 29, 232, 2, 29, 109, 14394 }, // U+0165
    { 24, 34, 393, 2, 33, 204, 14503 }, // U+0168
    { 20, 26, 345, 1, 25, 130, 14707 }, // U+0169
    { 24, 34, 393, 2, 33, 204, 14837 }, // U+016A
    { 20, 26, 345, 1, 25, 130, 15041 }, // U+016B
    { 24, 36, 393, 2, 35, 216, 15171 }, // U+016C
    { 20, 28, 345, 1, 27, 140, 15387 }, // U+016D
    { 24, 38, 393, 2, 37, 228, 15527 }, // U+016E
    { 20, 30, 345, 1, 29, 150, 15755 }, // U+016F
    { 24, 36, 393, 2, 35, 216, 15905 }, // U+0170
    { 20, 28, 345, 1, 27, 140, 16121 }, // U+0171
    { 24, 35, 393, 2, 27, 210, 16261 }, // U+0172
    { 20, 27, 345, 1, 19, 135, 16471 }, // U+0173
    { 36, 36, 581, 3, 35, 324, 16606 }, // U+0174
    { 28, 27, 458, 2, 27, 189, 16930 }, // U+0175
    { 21, 35, 348, 3, 35, 184, 17119 }, // U+0176
    { 21, 36, 334, 1, 27, 189, 17303 }, // U+0177
    { 21, 33, 348, 3, 33, 174, 17492 }, // U+0178
    { 22, 36, 325, 0, 36, 198, 17666 }, // U+0179
    { 19, 28, 278, -1, 28, 133, 17864 }, // U+017A
    { 22, 34, 325, 0, 34, 187, 17997 }, // U+017B
    { 19, 26, 278, -1, 26, 124, 18184 }, // U+017C
    { 22, 35, 325, 0, 35, 193, 18308 }, // U+017D
    { 19, 27, 278, -1, 27, 129, 18501 }, // U+017E
    { 37, 36, 547, -1, 36, 333, 0 }, // U+01FC
    { 33, 29, 555, 1, 28, 240, 333 }, // U+01FD
    { 21, 36, 350, 1, 27, 189, 573 }, // U+0218
    { 18, 29, 303, 0, 20, 131, 762 }, // U+0219
    { 20, 36, 336, 3, 27, 180, 893 }, // U+021A
    { 13, 33, 232, 2, 24, 108, 1073 }, // U+021B
    { 9, 8, 0, 2, 28, 18, 0 }, // U+0300
    { 9, 8, 0, 2, 28, 18, 18 }, // U+0301
    { 11, 7, 0, 2, 27, 20, 36 }, // U+0302
    { 13, 4, 0, 2, 25, 13, 56 }, // U+0303
    { 14, 3, 0, 2, 25, 11, 69 }, // U+0304
    { 12, 6, 0, 2, 27, 18, 80 }, // U+0306
    { 5, 5, 0, 2, 26, 7, 98 }, // U+0307
    { 11, 5, 0, 2, 26, 14, 105 }, // U+0308
    { 9, 8, 0, 2, 29, 18, 119 }, // U+030A
    { 13, 7, 0, 2, 27, 23, 137 }, // U+030B
    { 12, 6, 0, 2, 27, 18, 160 }, // U+030C
    { 6, 8, 0, 2, 29, 12, 178 }, // U+0312
    { 6, 8, 0, -4, -1, 12, 190 }, // U+0326
    { 10, 11, 0, -4, 1, 28, 202 }, // U+0327
    { 9, 10, 0, -3, 2, 23, 230 }, // U+0328
    { 21, 33, 327, 1, 33, 174, 0 }, // U+1EBC
    { 20, 26, 342, 1, 25, 130, 174 }, // U+1EBD
    { 21, 36, 348, 3, 36, 189, 304 }, // U+1EF2
    { 21, 37, 334, 1, 28, 195, 493 }, // U+1EF3
    { 21, 33, 348, 3, 33, 174, 688 }, // U+1EF8
    { 21, 34, 334, 1, 25, 179, 862 }, // U+1EF9
    { 21, 4, 386, 2, 13, 21, 0 }, // U+2013
    { 29, 4, 508, 2, 13, 29, 21 }, // U+2014
    { 8, 10, 130, 3, 27, 20, 50 }, // U+2018
    { 8, 10, 130, 2, 27, 20, 70 }, // U+2019
    { 8, 9, 113, -3, 4, 18, 90 }, // U+201A
    { 14, 10, 225, 3, 27, 35, 108 }, // U+201C
    { 14, 10, 225, 2, 27, 35, 143 }, // U+201D
    { 15, 9, 214, -3, 4, 34, 178 }, // U+201E
    { 18, 40, 319, 3, 30, 180, 212 }, // U+2020
    { 22, 40, 320, -1, 30, 220, 392 }, // U+2021
    { 10, 11, 219, 2, 18, 28, 612 }, // U+2022
    { 19, 6, 341, 0, 5, 29, 640 }, // U+2026
    { 39, 28, 689, 3, 27, 273, 669 }, // U+2030
    { 9, 14, 165, 1, 18, 32, 942 }, // U+2039
    { 8, 14, 165, 1, 18, 28, 974 }, // U+203A
    { 24, 27, 258, -3, 27, 162, 1002 }, // U+2044
    { 12, 14, 193, 1, 27, 42, 0 }, // U+2074
    { 37, 28, 630, 1, 27, 259, 0 }, // U+20A8
    { 29, 28, 467, 0, 27, 203, 259 }, // U+20AC
    { 24, 28, 383, 2, 27, 168, 462 }, // U+20B9
    { 29, 28, 489, 0, 27, 203, 630 }, // U+20BA
    { 24, 27, 375, 0, 27, 162, 833 }, // U+20BD
    { 27, 28, 451, 1, 27, 189, 0 }, // U+2190
    { 30, 27, 490, 1, 27, 203, 189 }, // U+2191
    { 27, 28, 450, 1, 27, 189, 392 }, // U+2192
    { 30, 27, 490, 1, 27, 203, 581 }, // U+2193
    { 35, 28, 580, 1, 27, 245, 784 }, // U+2194
    { 29, 27, 502, 2, 27, 196, 1029 }, // U+2195
    { 22, 21, 398, 2, 23, 116, 1225 }, // U+2196
    { 21, 22, 412, 3, 24, 116, 1341 }, // U+2197
    { 22, 22, 398, 2, 24, 121, 1457 }, // U+2198
    { 21, 22, 412, 3, 24, 116, 1578 }, // U+2199
    { 22, 29, 340, 0, 28, 160, 0 }, // U+2202
    { 25, 27, 418, -1, 27, 169, 160 }, // U+2206
    { 27, 27, 436, 2, 27, 183, 329 }, // U+220F
    { 21, 29, 270, -1, 27, 153, 512 }, // U+2211
    { 17, 4, 330, 2, 13, 17, 665 }, // U+2212
    { 19, 33, 235, -2, 29, 157, 682 }, // U+2215
    { 33, 35, 428, 0, 33, 289, 839 }, // U+221A
    { 25, 12, 419, 1, 17, 75, 1128 }, // U+221E
    { 21, 43, 155, -5, 35, 226, 1203 }, // U+222B
    { 19, 14, 330, 1, 18, 67, 1429 }, // U+2248
    { 17, 16, 330, 2, 19, 68, 1496 }, // U+2260
    { 18, 20, 330, 2, 23, 90, 1564 }, // U+2264
    { 17, 20, 330, 2, 23, 85, 1654 }, // U+2265
    { 21, 28, 338, 1, 28, 147, 0 }, // U+FB01
    { 20, 27, 338, 2, 27, 135, 147 }, // U+FB02
};

static const EpdUnicodeInterval dmsans_18_italicIntervals[] = {
    { 0xD, 0xD, 0x0 },
    { 0x20, 0x7E, 0x1 },
    { 0xA0, 0xAC, 0x60 },
    { 0xAE, 0x107, 0x6D },
    { 0x10A, 0x11B, 0xC7 },
    { 0x11E, 0x123, 0xD9 },
    { 0x126, 0x133, 0xDF },
    { 0x136, 0x137, 0xED },
    { 0x139, 0x148, 0xEF },
    { 0x14A, 0x15B, 0xFF },
    { 0x15E, 0x165, 0x111 },
    { 0x168, 0x17E, 0x119 },
    { 0x1FC, 0x1FD, 0x130 },
    { 0x218, 0x21B, 0x132 },
    { 0x300, 0x304, 0x136 },
    { 0x306, 0x308, 0x13B },
    { 0x30A, 0x30C, 0x13E },
    { 0x312, 0x312, 0x141 },
    { 0x326, 0x328, 0x142 },
    { 0x1EBC, 0x1EBD, 0x145 },
    { 0x1EF2, 0x1EF3, 0x147 },
    { 0x1EF8, 0x1EF9, 0x149 },
    { 0x2013, 0x2014, 0x14B },
    { 0x2018, 0x201A, 0x14D },
    { 0x201C, 0x201E, 0x150 },
    { 0x2020, 0x2022, 0x153 },
    { 0x2026, 0x2026, 0x156 },
    { 0x2030, 0x2030, 0x157 },
    { 0x2039, 0x203A, 0x158 },
    { 0x2044, 0x2044, 0x15A },
    { 0x2074, 0x2074, 0x15B },
    { 0x20A8, 0x20A8, 0x15C },
    { 0x20AC, 0x20AC, 0x15D },
    { 0x20B9, 0x20BA, 0x15E },
    { 0x20BD, 0x20BD, 0x160 },
    { 0x2190, 0x2199, 0x161 },
    { 0x2202, 0x2202, 0x16B },
    { 0x2206, 0x2206, 0x16C },
    { 0x220F, 0x220F, 0x16D },
    { 0x2211, 0x2212, 0x16E },
    { 0x2215, 0x2215, 0x170 },
    { 0x221A, 0x221A, 0x171 },
    { 0x221E, 0x221E, 0x172 },
    { 0x222B, 0x222B, 0x173 },
    { 0x2248, 0x2248, 0x174 },
    { 0x2260, 0x2260, 0x175 },
    { 0x2264, 0x2265, 0x176 },
    { 0xFB01, 0xFB02, 0x178 },
};

static const EpdFontGroup dmsans_18_italicGroups[] = {
    { 0, 4979, 12599, 96, 0 },
    { 4979, 4057, 13889, 95, 96 },
    { 9036, 4636, 19898, 113, 191 },
    { 13672, 564, 1294, 6, 304 },
    { 14236, 229, 305, 15, 310 },
    { 14465, 354, 1168, 6, 325 },
    { 14819, 584, 1245, 16, 331 },
    { 15403, 46, 42, 1, 347 },
    { 15449, 529, 1058, 5, 348 },
    { 15978, 676, 1814, 10, 353 },
    { 16654, 736, 1918, 13, 363 },
    { 17390, 163, 303, 2, 376 },
};

static const uint16_t dmsans_18_italicKernLeftCodepoints[] = {
    0x0021, 0x0022, 0x0024, 0x0026, 0x0027, 0x0028, 0x002A, 0x002B, 0x002C, 0x002D, 0x002E, 0x002F,
    0x0030, 0x0031, 0x0032, 0x0033, 0x0034, 0x0035, 0x0036, 0x0037, 0x0038, 0x0039, 0x003A, 0x003B,
    0x003C, 0x003E, 0x003F, 0x0040, 0x0041, 0x0042, 0x0043, 0x0044, 0x0045, 0x0046, 0x0047, 0x0048,
    0x0049, 0x004A, 0x004B, 0x004C, 0x004D, 0x004E, 0x004F, 0x0050, 0x0052, 0x0053, 0x0054, 0x0055,
    0x0056, 0x0057, 0x0058, 0x0059, 0x005A, 0x005B, 0x005C, 0x005D, 0x005F, 0x0061, 0x0062, 0x0063,
    0x0064, 0x0065, 0x0066, 0x0067, 0x0068, 0x006A, 0x006B, 0x006C, 0x006D, 0x006E, 0x006F, 0x0070,
    0x0071, 0x0072, 0x0073, 0x0074, 0x0076, 0x0077, 0x0078, 0x0079, 0x007A, 0x007B, 0x007C, 0x007D,
    0x00A1, 0x00A5, 0x00A6, 0x00AB, 0x00B3, 0x00B9, 0x00BF, 0x00C0, 0x00C1, 0x00C2, 0x00C3, 0x00C4,
    0x00C5, 0x00C6, 0x00C7, 0x00C8, 0x00C9, 0x00CA, 0x00CB, 0x00CC, 0x00CD, 0x00CE, 0x00CF, 0x00D0,
    0x00D1, 0x00D2, 0x00D3, 0x00D4, 0x00D5, 0x00D6, 0x00D7, 0x00D8, 0x00D9, 0x00DA, 0x00DB, 0x00DC,
    0x00DD, 0x00DE, 0x00DF, 0x00E0, 0x00E1, 0x00E2, 0x00E3, 0x00E4, 0x00E5, 0x00E6, 0x00E7, 0x00E8,
    0x00E9, 0x00EA, 0x00EB, 0x00ED, 0x00F0, 0x00F1, 0x00F2, 0x00F3, 0x00F4, 0x00F5, 0x00F6, 0x00F7,
    0x00FD, 0x00FE, 0x00FF, 0x0100, 0x0101, 0x0102, 0x0103, 0x0104, 0x0105, 0x0106, 0x0107, 0x010A,
    0x010B, 0x010C, 0x010D, 0x010E, 0x010F, 0x0110, 0x0111, 0x0112, 0x0113, 0x0114, 0x0115, 0x0116,
    0x0117, 0x0118, 0x0119, 0x011A, 0x011B, 0x011E, 0x011F, 0x0120, 0x0121, 0x0122, 0x0123, 0x0128,
    0x0129, 0x012A, 0x012B, 0x012C, 0x012D, 0x012E, 0x0130, 0x0136, 0x0137, 0x0139, 0x013A, 0x013B,
    0x013C, 0x013D, 0x013E, 0x013F, 0x0141, 0x0142, 0x0143, 0x0144, 0x0145, 0x0146, 0x0147, 0x0148,
    0x014C, 0x014D, 0x014E, 0x014F, 0x0150, 0x0151, 0x0152, 0x0153, 0x0154, 0x0155, 0x0156, 0x0157,
    0x0158, 0x0159, 0x015A, 0x015B, 0x015E, 0x015F, 0x0160, 0x0161, 0x0162, 0x0163, 0x0164, 0x0165,
    0x0168, 0x016A, 0x016C, 0x016E, 0x0170, 0x0172, 0x0174, 0x0175, 0x0176, 0x0177, 0x0178, 0x0179,
    0x017A, 0x017B, 0x017C, 0x017D, 0x017E, 0x01FC, 0x01FD, 0x0218, 0x0219, 0x021A, 0x021B, 0x1EBC,
    0x1EBD, 0x1EF2, 0x1EF3, 0x1EF8, 0x1EF9, 0x2013, 0x2014, 0x2018, 0x2019, 0x201A, 0x201C, 0x201D,
    0x201E, 0x2026, 0x2039, 0x20A8, 0x20AC, 0x20BD, 0x2212, 0x221A, 0xFB02,
};

static const uint8_t dmsans_18_italicKernLeftClassIds[] = {
      1,   2,   3,   4,   2,   5,   6,   7,   8,   9,  10,  11,  12,  13,  14,  15,
     16,  17,  18,  19,  20,  21,  22,  23,  24,  25,  26,  27,  28,  29,  30,  31,
     32,  33,  34,  13,  13,  35,  36,  37,  13,  13,  31,  38,  39,   3,  40,  41,
     42,  43,  44,  45,  46,  47,  48,  49,  50,  51,  52,  53,  54,  55,  56,  57,
     58,  59,  60,  54,  58,  58,  52,  52,  61,  62,  63,  64,  65,  66,  67,  68,
     54,  69,  13,  70,  71,  72,  13,  73,  74,  75,  76,  28,  28,  28,  28,  28,
     28,  32,  30,  32,  32,  32,  32,  13,  13,  13,  13,  31,  13,  31,  31,  31,
     31,  31,  77,  78,  41,  41,  41,  41,  45,  79,  80,  51,  51,  51,  51,  51,
     51,  55,  53,  55,  55,  55,  55,  81,  82,  58,  52,  52,  52,  52,  52,  83,
     68,  52,  68,  28,  51,  28,  51,  28,  51,  30,  53,  30,  53,  30,  53,  31,
     84,  31,  85,  32,  55,  32,  55,  32,  55,  32,  55,  32,  55,  34,  57,  34,
     57,  34,  57,  13,  86,  13,  87,  13,  88,  13,  13,  36,  60,  37,  54,  37,
     54,  89,  84,  37,  37,  90,  13,  58,  13,  58,  13,  58,  31,  52,  31,  52,
     31,  52,  32,  55,  39,  62,  39,  62,  39,  62,   3,  63,   3,  63,   3,  63,
     40,  64,  40,  64,  41,  41,  41,  41,  41,  41,  43,  66,  45,  68,  45,  46,
     54,  46,  54,  46,  54,  32,  55,   3,  63,  40,  64,  32,  55,  45,  68,  45,
     68,   9,   9,  91,  92,  93,  91,  92,  93,  10,  73,  63,  30,  94,   9,  95,
     54,
};

static const uint16_t dmsans_18_italicKernRightCodepoints[] = {
    0x0021, 0x0022, 0x0023, 0x0024, 0x0025, 0x0026, 0x0027, 0x0029, 0x002A, 0x002B, 0x002C, 0x002D,
    0x002E, 0x002F, 0x0030, 0x0031, 0x0032, 0x0033, 0x0034, 0x0035, 0x0036, 0x0037, 0x0038, 0x0039,
    0x003A, 0x003B, 0x003C, 0x003E, 0x003F, 0x0040, 0x0041, 0x0042, 0x0043, 0x0044, 0x0045, 0x0046,
    0x0047, 0x0048, 0x0049, 0x004A, 0x004B, 0x004C, 0x004D, 0x004E, 0x004F, 0x0050, 0x0051, 0x0052,
    0x0053, 0x0054, 0x0055, 0x0056, 0x0057, 0x0058, 0x0059, 0x005A, 0x005B, 0x005C, 0x005D, 0x005F,
    0x0061, 0x0062, 0x0063, 0x0064, 0x0065, 0x0066, 0x0067, 0x0068, 0x0069, 0x006A, 0x006B, 0x006C,
    0x006D, 0x006E, 0x006F, 0x0070, 0x0071, 0x0072, 0x0073, 0x0074, 0x0075, 0x0076, 0x0077, 0x0078,
    0x0079, 0x007A, 0x007B, 0x007C, 0x007D, 0x00A1, 0x00A2, 0x00A6, 0x00AB, 0x00BF, 0x00C0, 0x00C1,
    0x00C2, 0x00C3, 0x00C4, 0x00C5, 0x00C6, 0x00C7, 0x00C8, 0x00C9, 0x00CA, 0x00CB, 0x00CC, 0x00CD,
    0x00CE, 0x00CF, 0x00D1, 0x00D2, 0x00D3, 0x00D4, 0x00D5, 0x00D6, 0x00D7, 0x00D8, 0x00D9, 0x00DA,
    0x00DB, 0x00DC, 0x00DD, 0x00DE, 0x00DF, 0x00E0, 0x00E1, 0x00E2, 0x00E3, 0x00E4, 0x00E5, 0x00E6,
    0x00E7, 0x00E8, 0x00E9, 0x00EA, 0x00EB, 0x00EC, 0x00ED, 0x00EE, 0x00EF, 0x00F0, 0x00F1, 0x00F2,
    0x00F3, 0x00F4, 0x00F5, 0x00F6, 0x00F7, 0x00F8, 0x00F9, 0x00FA, 0x00FB, 0x00FC, 0x00FD, 0x00FE,
    0x00FF, 0x0100, 0x0101, 0x0102, 0x0103, 0x0104, 0x0105, 0x0106, 0x0107, 0x010A, 0x010B, 0x010C,
    0x010D, 0x010E, 0x010F, 0x0111, 0x0112, 0x0113, 0x0114, 0x0115, 0x0116, 0x0117, 0x0118, 0x0119,
    0x011A, 0x011B, 0x011E, 0x011F, 0x0120, 0x0121, 0x0122, 0x0123, 0x0128, 0x0129, 0x012A, 0x012B,
    0x012C, 0x012D, 0x012F, 0x0130, 0x0131, 0x0136, 0x0137, 0x0139, 0x013A, 0x013B, 0x013C, 0x013D,
    0x013E, 0x013F, 0x0140, 0x0141, 0x0142, 0x0143, 0x0144, 0x0145, 0x0146, 0x0147, 0x0148, 0x014C,
    0x014D, 0x014E, 0x014F, 0x0150, 0x0151, 0x0152, 0x0153, 0x0154, 0x0155, 0x0156, 0x0157, 0x0158,
    0x0159, 0x015A, 0x015B, 0x015E, 0x015F, 0x0160, 0x0161, 0x0162, 0x0163, 0x0164, 0x0165, 0x0168,
    0x0169, 0x016A, 0x016B, 0x016C, 0x016D, 0x016E, 0x016F, 0x0170, 0x0171, 0x0172, 0x0173, 0x0174,
    0x0175, 0x0176, 0x0177, 0x0178, 0x0179, 0x017A, 0x017B, 0x017C, 0x017D, 0x017E, 0x01FC, 0x01FD,
    0x0218, 0x0219, 0x021A, 0x021B, 0x1EBC, 0x1EBD, 0x1EF2, 0x1EF3, 0x1EF8, 0x1EF9, 0x2013, 0x2014,
    0x2018, 0x2019, 0x201A, 0x201C, 0x201D, 0x201E, 0x2026, 0x2030, 0x2039, 0x2044, 0x20A8, 0x20BD,
    0x2212, 0x221A,
};

static const uint8_t dmsans_18_italicKernRightClassIds[] = {
      1,   2,   3,   4,   5,   6,   7,   8,   9,  10,  11,  12,  13,  14,  15,  16,
     17,  18,  19,  20,  21,  22,  23,  24,  25,  26,  27,  28,  29,  30,  31,  32,
     33,  32,  32,  32,  34,  32,  32,  35,  32,  32,  32,  32,  36,  32,  34,  32,
      4,  37,  38,  39,  40,  41,  42,  43,  44,  45,  46,  47,  48,  49,  50,  51,
     52,  53,  54,  49,  55,  56,  49,  49,  57,  58,  59,  60,  61,  62,  63,  64,
     65,  66,  67,  68,  69,  70,  71,  32,  72,  73,  74,  32,  75,  76,  77,  77,
     77,  77,  77,  77,  78,  34,  32,  32,  32,  32,  79,  32,  80,  81,  32,  34,
     34,  34,  34,  34,  82,  83,  84,  84,  84,  84,  85,  32,  86,  87,  87,  87,
     87,  87,  87,  87,  88,  88,  88,  88,  88,  89,  57,  90,  91,  88,  57,  88,
     88,  88,  88,  88,  92,  93,  94,  94,  94,  94,  69,  86,  69,  77,  87,  77,
     87,  77,  87,  34,  88,  34,  88,  34,  88,  32,  88,  88,  32,  88,  32,  88,
     32,  88,  32,  88,  32,  88,  34,  54,  34,  54,  34,  54,  32,  95,  96,  97,
     32,  98,  57,  32,  57,  32,  49,  32,  49,  32,  49,  32,  49,  32,  49,  99,
    100,  32,  57,  32,  57,  32,  57,  34,  88,  34,  88,  34,  88,  34,  88,  32,
     57,  32,  57,  32,  57,   4, 101,   4, 101,   4, 101, 102,  64, 102,  64,  84,
     94,  84,  94,  84,  94,  84,  94,  84,  94,  84,  94, 103,  67,  85,  69,  85,
     43,  70,  43,  70,  43,  70,  78,  87,   4, 101, 102,  64,  32,  88,  85,  69,
     85,  69, 104, 104, 105, 106, 107, 105, 106, 107, 108,   5,  75, 109,  32, 110,
    104, 111,
};

static const uint16_t dmsans_18_italicKernRowOffsets[] = {
        0,     4,    24,    34,    58,    80,   108,   119,   136,   148,   174,   229,   252,   254,   290,   311,
      327,   348,   374,   430,   457,   484,   487,   491,   494,   499,   517,   556,   606,   619,   631,   653,
      658,   681,   684,   688,   725,   765,   793,   813,   868,   877,   924,   976,  1007,  1067,  1080,  1081,
     1116,  1118,  1144,  1150,  1171,  1177,  1178,  1190,  1202,  1210,  1220,  1221,  1234,  1236,  1250,  1270,
     1278,  1297,  1312,  1320,  1341,  1351,  1362,  1369,  1370,  1371,  1372,  1373,  1394,  1406,  1410,  1423,
     1427,  1443,  1444,  1446,  1447,  1469,  1480,  1507,  1511,  1551,  1553,  1563,  1574,  1576,  1578,  1579,
};

static const uint8_t dmsans_18_italicKernSparseCols[] = {
      8,  88,  94,  96,  16,  18,  19,  21,  29,  30,  34,  44,  49,  50,  51,  58,
     60,  62,  63,  76,  77,  87,  94,  96,  23,  36,  38,  39,  41,  84,  94,  96,
    101, 102,   1,   4,   6,   8,  18,  23,  28,  32,  33,  35,  36,  37,  38,  39,
     41,  44,  65,  66,  68,  83,  84, 101, 102, 105,   5,  14,  18,  20,  22,  23,
     29,  30,  32,  33,  35,  47,  49,  50,  51,  58,  60,  62,  76,  86,  87, 100,
      0,   5,  13,  18,  19,  20,  22,  29,  30,  32,  33,  34,  35,  47,  49,  50,
     51,  58,  60,  62,  75,  76,  77,  86,  87,  94,  96, 100,  13,  21,  30,  36,
     38,  39,  41,  76,  84, 101, 102,   4,  28,  32,  33,  35,  36,  38,  39,  41,
     44,  63,  65,  66,  68,  84, 101, 102,  13,  21,  30,  36,  38,  39,  41,  44,
     76,  84, 101, 102,   4,  14,  15,  20,  21,  23,  26,  28,  29,  32,  33,  35,
     36,  37,  38,  39,  41,  44,  65,  66,  68,  70,  83,  84, 101, 102,   5,   9,
     10,  11,  12,  13,  14,  17,  18,  19,  20,  22,  23,  29,  31,  32,  33,  34,
     35,  36,  38,  39,  41,  46,  47,  49,  50,  51,  53,  56,  57,  58,  60,  61,
     62,  75,  78,  79,  80,  82,  84,  86,  87,  88,  89,  90,  95,  96,  97, 100,
    101, 102, 103, 106, 107,   1,   6,   7,  12,  13,  15,  16,  21,  30,  36,  38,
     39,  40,  41,  44,  46,  76,  77,  84,  96, 101, 102, 107,  94,  96,   1,   2,
      6,   9,  14,  18,  19,  21,  22,  23,  29,  32,  33,  35,  36,  38,  39,  41,
     49,  50,  51,  52,  58,  60,  62,  65,  67,  81,  84,  87,  91,  96, 100, 101,
    102, 109,   1,   6,   8,  13,  15,  21,  23,  29,  30,  36,  38,  39,  40,  41,
     44,  76,  77,  84,  96, 101, 102,   1,   4,   5,   6,   8,  21,  36,  38,  39,
     41,  42,  65,  84, 101, 102, 110,   1,   2,   6,   8,  13,  16,  21,  23,  30,
     36,  39,  40,  41,  46,  66,  76,  84,  96, 101, 102, 105,   1,   4,   6,   7,
      8,  12,  13,  19,  21,  23,  29,  30,  36,  38,  39,  40,  41,  44,  46,  76,
     77,  84,  96, 101, 102, 107,   1,   3,   5,   6,   9,  10,  11,  12,  13,  14,
     15,  16,  17,  18,  19,  20,  26,  29,  30,  32,  33,  34,  35,  38,  39,  41,
     46,  47,  49,  50,  51,  52,  53,  58,  59,  60,  62,  66,  73,  74,  75,  76,
     81,  82,  84,  86,  87,  91,  94,  96,  97, 100, 102, 103, 106, 107,   1,   6,
      7,   8,  13,  15,  16,  19,  21,  23,  29,  30,  36,  38,  39,  40,  41,  44,
     46,  66,  76,  77,  84,  96, 101, 102, 105,   1,   6,   7,  12,  13,  15,  16,
     17,  19,  21,  29,  30,  36,  38,  39,  40,  41,  44,  46,  76,  77,  84,  96,
     98, 101, 102, 107,  38,  41,  84,  36,  41,  84, 101,   7,  21,  29,   7,  12,
     21,  29, 107,   7,  10,  12,  13,  29,  30,  34,  40,  46,  75,  76,  77,  88,
     94,  96,  97, 106, 107,   1,   4,   6,   7,   8,  10,  12,  13,  15,  16,  17,
     19,  20,  21,  22,  23,  25,  26,  27,  28,  30,  36,  38,  39,  40,  41,  44,
     46,  66,  68,  71,  76,  77,  84, 101, 102, 104, 105, 107,   1,   3,   6,   7,
      8,   9,  11,  14,  15,  17,  18,  19,  20,  21,  22,  23,  28,  29,  32,  33,
     35,  36,  37,  38,  39,  41,  44,  49,  50,  51,  52,  58,  60,  62,  63,  64,
     65,  66,  68,  69,  70,  81,  83,  84,  87,  93, 100, 101, 102, 103,  23,  30,
     36,  38,  39,  40,  41,  76,  77,  84,  96, 101, 102,   7,  36,  38,  39,  40,
     41,  77,  84,  94,  96, 101, 102,   7,   8,  10,  12,  13,  16,  21,  30,  36,
     38,  39,  40,  41,  44,  46,  71,  76,  77,  84, 101, 102, 107,   5,  65,  94,
     96,  97,  10,  12,  22,  29,  30,  34,  46,  47,  49,  50,  51,  57,  58,  60,
     62,  76,  81,  86,  87,  96,  97, 100, 107,  41,  84,  96,  30,  76,  88,  96,
      5,   8,   9,  11,  14,  17,  18,  20,  22,  23,  28,  29,  32,  33,  34,  35,
     47,  49,  50,  51,  58,  60,  62,  63,  64,  65,  66,  68,  74,  86,  87,  88,
     93,  96,  97, 100, 103,   1,   3,   4,   6,   8,   9,  11,  14,  15,  18,  19,
     20,  21,  23,  28,  29,  32,  33,  35,  36,  37,  38,  39,  41,  44,  49,  50,
     51,  58,  60,  63,  65,  66,  68,  83,  84,  87, 101, 102, 103,   3,   5,   7,
     10,  12,  13,  18,  19,  22,  29,  30,  34,  40,  41,  42,  46,  49,  50,  51,
     53,  58,  60,  76,  77,  84,  87,  94, 107,   9,  18,  19,  22,  36,  38,  39,
     41,  49,  50,  51,  58,  60,  62,  84,  87,  94,  96, 100, 102,   5,   9,  10,
     11,  12,  13,  14,  18,  23,  24,  25,  28,  29,  30,  32,  33,  34,  35,  44,
     46,  47,  49,  50,  51,  53,  54,  56,  57,  58,  59,  60,  61,  62,  63,  64,
     65,  66,  67,  68,  69,  70,  72,  75,  76,  77,  81,  86,  87,  89,  92,  93,
     96, 100, 103, 107,  12,  13,  30,  46,  76,  77,  94,  96, 107,   5,   9,  10,
     11,  12,  13,  14,  16,  18,  19,  20,  21,  22,  23,  24,  29,  30,  32,  33,
     34,  35,  44,  46,  47,  49,  50,  51,  53,  56,  57,  58,  60,  61,  62,  64,
     72,  76,  77,  81,  86,  87,  89,  96,  97, 100, 103, 107,   5,   9,  10,  11,
     12,  13,  14,  16,  17,  18,  19,  20,  22,  23,  25,  29,  30,  32,  33,  34,
     35,  46,  47,  49,  50,  51,  53,  56,  57,  58,  60,  61,  62,  64,  65,  70,
     72,  76,  77,  81,  82,  86,  87,  89,  92,  93,  94,  96,  97, 100, 103, 107,
     14,  17,  18,  19,  20,  22,  23,  28,  29,  32,  33,  35,  47,  49,  50,  51,
     58,  60,  62,  64,  65,  66,  68,  81,  86,  87,  93,  94,  96,  97, 100,   1,
      5,   6,   9,  10,  11,  12,  13,  14,  16,  17,  18,  19,  20,  21,  22,  23,
     24,  25,  29,  30,  32,  33,  34,  35,  46,  47,  49,  50,  51,  53,  56,  57,
     58,  60,  61,  62,  63,  64,  65,  66,  68,  69,  70,  72,  75,  76,  77,  81,
     82,  86,  87,  89,  93,  94,  96,  97, 100, 103, 107,  18,  32,  33,  35,  49,
     50,  51,  58,  60,  87,  94,  96,  97,  96,   1,   6,  10,  11,  14,  20,  21,
     22,  23,  28,  29,  32,  33,  35,  36,  37,  38,  39,  41,  44,  46,  49,  50,
     51,  58,  60,  83,  84,  87, 101, 102, 103, 104, 105, 106,  94,  96,   5,   8,
     14,  15,  18,  19,  20,  21,  22,  23,  28,  29,  32,  33,  35,  36,  37,  38,
     39,  41,  44,  55,  83,  84, 101, 102,   8,  21,  44,  65,  66,  68,   1,   6,
      7,   8,  13,  15,  21,  23,  28,  36,  38,  39,  41,  44,  53,  63,  65,  66,
     67,  68,  71,   7,   8,  21,  28,  44,  65,  96,   1,   6,   8,  21,  23,  28,
     44,  53,  65,  66,  67,  68,  12,  18,  47,  53,  62,  86,  88,  94,  96,  97,
    100, 107,  49,  50,  51,  55,  58,  60,  65,  87,   1,   6,   8,  15,  21,  38,
     44,  65,  66,  68,  94,  22,  23,  29,  47,  49,  50,  51,  58,  60,  62,  86,
     87, 100,  44,  55,  10,  11,  12,  16,  17,  24,  49,  50,  51,  58,  60,  87,
     92, 107,   7,   8,  15,  16,  19,  21,  23,  28,  44,  49,  50,  51,  52,  58,
     60,  63,  65,  66,  68,  87,  10,  16,  49,  50,  51,  58,  60,  87,  10,  12,
     16,  29,  47,  49,  50,  51,  52,  53,  58,  60,  62,  63,  75,  86,  87, 100,
    107,  10,  12,  22,  29,  47,  49,  50,  51,  53,  58,  60,  75,  86,  87, 107,
     47,  49,  50,  51,  58,  60,  86,  87,   5,  10,  12,  13,  18,  21,  29,  47,
     49,  50,  51,  53,  58,  60,  62,  75,  81,  86,  87, 100, 107,  29,  32,  33,
     35,  49,  50,  51,  58,  60,  87,  12,  30,  36,  39,  41,  76,  77,  84, 101,
    102, 107,  36,  38,  39,  41,  84, 101, 102,  21,  21, 108, 108,   4,   8,  19,
     20,  21,  23,  28,  36,  41,  44,  49,  50,  51,  58,  60,  65,  69,  84,  87,
    101, 106,  21,  30,  36,  38,  39,  40,  41,  76,  77,  84, 101, 102,  13,  46,
     88,  96,   7,  12,  30,  36,  38,  39,  40,  41,  76,  84, 101, 102, 107,   8,
     21,  65,  68,   0,   7,   8,  28,  43,  44,  45,  48,  52,  71,  90,  94,  96,
     99, 104, 105,  96,  15,  21,  75,   1,   6,   7,   8,  13,  15,  21,  23,  28,
     36,  38,  39,  41,  44,  53,  63,  65,  66,  67,  68,  71,  96,   0,   1,   6,
      8,  28,  43,  48,  52,  55, 104, 105,   0,   1,   6,   8,  14,  15,  16,  17,
     19,  22,  23,  28,  31,  43,  44,  45,  48,  52,  69,  78,  79,  80,  85,  95,
     99, 104, 105,  15,  21,  28,  44,   1,   3,   4,   6,   8,   9,  11,  14,  15,
     18,  19,  20,  21,  23,  28,  29,  32,  33,  35,  36,  37,  38,  39,  41,  44,
     49,  50,  51,  58,  60,  63,  65,  66,  68,  83,  84,  87, 101, 102, 103,  75,
     96,  13,  18,  19,  22,  29,  34,  75,  94,  96,  97,   5,  13,  19,  22,  29,
     34,  62,  94,  96,  97, 100,  28,  44,  18,  22,  18,
};

static const int8_t dmsans_18_italicKernSparseValues[] = {
      -2,   22,    1,   23,    8,  -19,   -9,   14,  -22,  -27,  -15,    9,  -22,  -22,  -22,  -22,
     -22,   -7,   -3,  -27,  -29,  -22,   27,   45,  -13,  -17,  -22,  -18,  -47,  -22,    9,   14,
     -17,  -18,  -32,  -15,  -32,  -25,   -2,  -14,  -14,   -2,   -2,   -2,  -29,   -2,  -32,  -20,
     -38,  -24,   -2,   -2,   -2,   -2,  -38,  -29,  -20,   -5,  -18,  -18,  -17,  -11,  -18,  -18,
     -39,  -15,  -26,  -26,  -26,  -22,  -14,  -14,  -14,  -14,  -14,   -9,  -15,  -22,  -14,   -9,
      -2,  -19,  -55,  -37,  -18,   -9,  -18,  -27,  -29,   -5,   -5,  -31,   -5,   -1,   -6,   -6,
      -6,   -6,   -6,   -8,  -37,  -29,  -50,   -1,   -6,   18,   31,   -8,  -17,  -23,  -15,  -26,
     -35,  -26,  -36,  -15,  -36,  -26,  -26,  -23,   -2,  -17,  -17,  -17,  -36,  -36,  -26,  -33,
     -40,  -10,  -23,  -13,  -22,  -33,  -36,  -26,  -21,  -35,  -17,  -23,  -22,  -17,  -23,  -34,
     -17,  -23,  -23,  -17,  -14,  -22,  -23,  -18,  -13,  -22,  -27,  -21,   -9,  -22,  -22,  -22,
     -36,   -9,  -27,  -31,  -33,  -47,  -19,  -18,  -27,  -22,   -9,  -33,  -36,  -31,  -18,  -29,
     -19,  -21,  -52,  -57,   -9,   -8,  -22,  -13,  -11,   -9,  -13,  -31,   19,  -17,  -17,  -17,
     -17,    2,   14,    2,   18,  -55,  -13,  -20,  -20,  -20,  -14,   -6,   -6,  -20,  -20,   -6,
     -15,  -26,   18,   27,   23,  -17,   18,  -13,  -20,   40,   20,   16,   41,   36,   18,  -15,
       2,    2,  -21,  -35,  -52,  -19,  -19,  -22,  -17,  -13,   -8,   -5,  -22,  -17,  -26,  -26,
     -22,  -18,  -26,  -22,  -27,  -17,  -10,  -26,    9,  -26,  -22,  -17,    2,   18,  -19,    2,
     -19,  -11,   -8,  -11,   -8,  -21,  -11,  -11,  -11,   -4,   -4,   -4,  -18,  -28,  -19,  -24,
      -8,   -8,   -8,    1,   -8,   -8,   -8,    1,   10,   -8,  -24,   -8,  -11,    2,   -8,  -18,
     -19,    3,  -15,  -15,  -10,  -15,   -8,  -14,  -11,  -11,  -13,  -23,  -17,  -18,  -13,  -21,
     -17,  -13,   -8,  -21,   10,  -23,  -18,  -13,   -1,   17,  -13,  -20,  -11,  -18,  -17,  -18,
     -18,   10,   -8,  -18,  -18,  -18,   18,   -8,    3,   -8,  -17,  -13,   -8,  -11,  -13,   -1,
     -13,  -13,  -13,  -15,  -13,   -8,   -1,  -15,   10,  -13,  -13,  -14,  -13,   -8,  -13,  -11,
     -14,  -17,   -8,   -9,  -14,  -13,   -8,  -16,  -19,  -21,  -22,   -2,  -26,  -17,   -9,  -16,
     -13,  -26,    1,  -19,  -22,  -17,   10,   10,  -11,   10,  -11,   -9,  -11,  -18,  -30,   -4,
       7,   -8,   -6,  -29,   -9,   -6,  -13,  -30,  -32,   -8,   -8,  -22,   -8,    2,    2,    3,
     -13,  -17,  -17,  -17,  -17,    2,  -22,  -17,  -15,  -17,  -17,    1,  -13,  -17,  -17,  -32,
     -11,   -8,    3,  -17,  -17,  -15,   16,   33,   19,  -17,    2,  -11,  -22,  -18,  -13,  -13,
     -14,  -15,  -13,   -8,   -8,   -1,  -17,   -8,  -17,  -11,  -19,  -24,  -20,  -13,  -26,  -26,
     -10,   -8,  -11,   -9,  -26,   14,  -19,  -20,   -9,   -2,   -2,  -19,   -8,  -17,  -11,   -8,
      -4,   -8,  -23,   -8,  -17,  -21,  -26,  -18,  -19,  -31,  -17,  -26,  -17,  -21,  -31,    9,
      14,  -21,  -18,   -8,  -13,  -18,  -18,  -18,   -2,   -2,  -18,  -19,  -11,  -22,  -27,  -27,
     -44,  -25,  -27,  -33,  -25,  -40,  -31,  -17,  -31,  -17,  -13,  -28,  -44,  -31,  -38,   18,
      15,   23,   14,  -15,  -40,  -37,  -28,  -37,  -37,  -46,  -10,  -10,  -17,  -22,  -24,   -8,
      -8,   -8,  -39,  -13,  -13,   -2,  -21,  -18,  -28,  -13,  -44,  -49,  -37,   -9,  -53,  -44,
     -18,  -17,  -22,  -19,  -13,  -13,  -53,  -44,  -37,  -11,   -2,  -10,  -37,   -5,  -86,  -11,
     -38,  -26,  -18,  -22,  -19,  -10,   -9,   -2,  -25,  -15,  -17,  -22,  -18,  -17,  -58,  -27,
     -27,  -85,  -14, -119,  -71,  -84,  -28,  -10,  -10,  -10,   -8,  -10,  -10,   -4,  -19,  -11,
     -31,  -29,  -35,    1,  -31,  -22,  -14,  -48,  -10,  -11,   -4,  -36,  -32,  -18,  -10,   -8,
     -17,  -13,   -9,   -7,  -17,   -8,  -11,  -17,   14,  -17,   -9,   -9,   -9,  -28,   -9,   -9,
     -36,   -8,  -18,   14,   14,   -9,   -9,  -31,  -10,  -10,  -13,  -21,   -4,  -17,  -11,  -26,
     -22,  -15,  -13,  -54,  -14,  -22,  -18,  -11,  -17,  -27,  -26,  -15,  -13,    1,   -8,   15,
      23,   13,  -24,  -31,   -5,  -13,  -36,  -25,  -18,  -19,  -13,  -13,  -13,   -3,  -16,  -13,
      -9,  -27,   -9,  -19,  -13,   28,   17,   -9,  -31,  -22,  -22,   14,  -10,  -10,   23,   31,
      -7,   -2,  -18,  -27,  -15,   -9,  -19,  -17,  -10,  -10,   -6,   -9,  -23,  -23,   -1,  -54,
     -11,  -23,  -23,  -23,  -53,  -23,   -9,  -10,  -15,  -19,  -14,  -18,  -19,  -11,  -23,   31,
     -15,   23,   22,   -9,  -27,  -42,  -13,  -26,  -99,  -46,  -27,  -27,  -26,  -18,  -15,  -13,
     -17,  -26,  -29,  -13,  -13,  -35,  -35,  -71, -120,  -43, -128,  -84, -120,  -28,  -11,  -11,
     -11,  -11,  -11,   -4,  -31,  -19,  -31,  -18,  -51,  -11,  -54,  -36,  -27,    1,  -13,  -18,
     -45,  -28,  -35,  -17,   -8,   -8,  -13,  -41,  -38,  -13,   -8,   -9,  -19,  -11,  -11,  -11,
     -10,  -11,  -11,  -32,  -49,   -8,  -11,   14,  -22,   -8,  -13,   -8,   -8,   -1,  -32,  -19,
     -29,  -10,  -10,  -10,  -10,  -10,   -8,  -13,  -10,    9,   14,   -8,   -9,  -18,  -26,  -40,
     -53,  -79,  -19,   -8,  -27,   -6,   -3,  -26,    9,  -33,  -74,  -16,  -16,  -27,  -16,   10,
     -27,  -71,  -82,  -36,  -82,  -37,   -3,  -18,  -18,  -79,  -20,  -36,  -39,  -68,  -13,  -50,
     -22,  -26,  -17,  -22,  -13,  -22,  -23,  -31,  -32,  -40,  -39,  -31,  -36,  -18,  -36,  -22,
      28,  -31,  -22,  -36,   -9,  -13,  -17,  -17,  -17,  -25,    1,   19,   -9,  -26,  -29,  -40,
     -50,  -31,  -30,  -13,    1,  -31,   -1,  -13,    9,  -13,  -11,  -13,  -31, -100,  -11,  -11,
     -27,  -11,    1,  -31,  -47,  -23,  -23,  -50,  -19,   -8,  -17,  -50,  -23,  -17,  -17,   -3,
     -14,  -44,  -48,  -26,  -20,  -23,   -8,   32,   23,  -17,  -22,  -31,  -22,  -26,  -29,  -49,
     -65,  -26,  -17,   -4,   -9,  -23,  -10,  -17,  -18,  -13,  -10,  -31,  -88,  -16,  -16,  -18,
     -16,  -21,  -37,  -23,  -23,  -51,  -20,   -8,  -17,  -51,  -23,   -8,  -14,   -3,   -8,  -14,
     -10,  -40,  -43,  -22,   -9,  -17,  -23,   -8,  -23,   -3,    9,   31,   19,  -14,  -22,  -31,
     -18,  -10,  -27,  -19,  -15,  -18,  -18,  -10,  -22,  -23,  -23,  -23,  -13,  -20,  -20,  -20,
     -23,  -20,   -8,  -14,  -18,  -11,  -16,  -31,  -13,  -20,  -14,    5,   23,   13,   -8,   14,
     -35,   14,  -40,  -31,  -44,  -39,  -24,  -18,   -6,  -10,  -28,  -18,  -18,    2,  -21,  -13,
     -21,  -18,  -36,  -88,  -55,  -26,  -27,  -26,  -32,  -60,  -36,  -36,  -81,  -29,  -14,  -14,
     -76,  -79,  -14,  -31,   -9,  -22,  -13,   -1,   -9,   -9,  -22,  -19,  -32,  -40,  -37,  -39,
     -14,  -27,  -36,  -14,  -10,   10,   28,   18,  -31,  -19,  -39,  -15,   -9,   -9,   -9,   -1,
      -1,   -1,   -1,   -1,   -1,   14,   27,   17,    4,  -46,  -46,   23,  -21,  -13,  -26,  -11,
     -26,  -21,  -13,  -21,  -18,  -18,  -18,  -38,   -2,  -38,  -31,  -31,  -58,   10,   -9,   -9,
      -9,   -9,   -9,   -2,  -31,   -9,  -38,  -31,  -21,  -31,  -48,   26,   10,   27,  -22,  -44,
     -27,  -27,  -26,  -31,  -37,  -19,  -27,  -44,  -27,  -28,  -28,  -28,  -28,  -32,  -19,  -40,
     -28,  -32,  -71,    4,  -19,  -32,  -32,  -28,  -14,   -1,  -27,  -13,   -1,  -12,  -40,  -40,
     -26,  -24,   -4,  -18,  -26,  -11,  -18,   -4,   -4,   -4,   -4,  -37,  -10,   -9,  -17,  -13,
     -10,  -22,  -22,  -13,  -11,  -15,  -14,  -32,   -7,   18,  -28,  -28,  -15,  -18,   -7,   -9,
     -28,   -1,  -11,   -9,   -4,  -14,   -2,   -9,   -7,   -9,   -6,   -7,   18,   15,   27,   13,
      -6,   -2,  -11,  -11,  -11,   10,  -11,  -11,    9,  -11,  -28,  -28,  -14,  -10,  -11,   -3,
     -18,  -10,   -6,  -13,   18,   -8,   -9,   -9,  -28,  -28,  -28,  -28,  -28,  -14,  -10,  -14,
     -14,  -10,  -18,   14,   -4,   -3,  -21,   10,    1,    8,   -8,   -8,  -17,  -22,   -8,   -8,
      -8,  -21,  -10,  -27,  -17,  -11,   -8,  -21,  -19,  -13,  -31,  -13,  -13,  -13,   -8,  -13,
     -13,   -9,  -20,  -10,  -17,  -13,   23,   14,   -8,   -8,   -8,   -8,   -8,   -8,  -21,  -21,
       1,  -13,   -2,  -10,  -10,  -10,    9,  -10,  -10,  -10,   -7,    9,  -11,   -2,  -10,   -7,
     -21,  -16,  -21,   -8,  -11,   -5,   -6,   -6,   -6,   -8,   -6,   -6,   -8,   -2,   -6,  -21,
      -1,  -11,  -11,  -11,  -11,  -11,   -1,  -11,   -3,  -31,  -31,  -13,   -1,    1,  -11,  -18,
     -10,  -10,  -10,  -10,  -19,  -10,   -8,  -17,   -8,   -9,  -10,   -8,  -31,  -22,  -17,  -17,
     -17,  -22,  -22,  -22,  -22,  -22,  -22,  -22,  -22,  -22,  -10,  -22,  -22,  -22,  -22,  -22,
     -10,  -22,  -17,  -14,   -2,  -19,  -19,  -17,   -2,   14,  -13,   -6,   -1,  -14,  -19,   -9,
     -17,  -17,  -13,  -19,  -35,  -31,  -22,  -14,  -14,  -14,  -14,  -14,   -8,    9,  -31,  -14,
     -35,   18,  -15,   -8,  -39,  -23,  -18,  -17,  -32,   -8,  -11,  -32,  -39,  -18,  -21,  -17,
      23,   20,  -22,  -11,  -11,  -44,  -27,  -18,  -31,  -35,  -11,  -35,  -44,  -18,  -11,  -27,
     -17,  -27,  -18,   22,    3,   16,   26,   27,   32,    4,   27,   18,    2,   36,   21,   27,
      18,   26,   18,   14,  -11,  -15,   -3,  -40,  -40,  -26,  -24,   -4,  -18,  -26,  -11,  -18,
      -4,   -4,   -4,   -4,  -37,  -10,   -9,  -17,  -13,  -10,  -22,  -22,   29,    2,   27,   27,
      18,   18,   10,    3,   14,   14,   14,   14,   32,   45,   45,   32,   14,   44,   23,   19,
       9,   17,   14,   35,   18,   27,   44,    4,   27,   18,   18,   18,   18,   18,   27,   18,
      31,   35,   32,   17,   22,   18,   23,  -42,  -13,  -26,  -99,  -46,  -27,  -27,  -26,  -18,
     -15,  -13,  -17,  -26,  -29,  -13,  -13,  -35,  -35,  -71, -120,  -43, -106,  -84, -120,  -28,
     -11,  -11,  -11,  -11,  -11,   -4,  -31,  -19,  -31,  -18,  -51,  -11,  -54,  -36,  -27,   10,
      27,  -47,  -31,  -18,  -13,  -22,  -32,  -28,   10,   30,    8,   -2,  -46,  -10,   -9,   -4,
     -32,  -19,   14,   39,   13,  -19,  -13,  -54,  -17,  -11,  -62,
};

static const EpdLigaturePair dmsans_18_italicLigaturePairs[] = {
    { 0x00660069, 0xFB01 }, // f i -> U+FB01
    { 0x0066006C, 0xFB02 }, // f l -> U+FB02
};

static const EpdFontData dmsans_18_italic = {
    dmsans_18_italicBitmaps,
    dmsans_18_italicGlyphs,
    dmsans_18_italicIntervals,
    48,
    49,
    38,
    -12,
    true,
    dmsans_18_italicGroups,
    12,
    nullptr,
    nullptr,  // kernLeftClasses: built-in fonts use the split arrays below
    nullptr,  // kernRightClasses
    dmsans_18_italicKernLeftCodepoints,
    dmsans_18_italicKernLeftClassIds,
    dmsans_18_italicKernRightCodepoints,
    dmsans_18_italicKernRightClassIds,
    nullptr,  // kernMatrix: built-in fonts use the sparse form below
    dmsans_18_italicKernRowOffsets,
    dmsans_18_italicKernSparseCols,
    dmsans_18_italicKernSparseValues,
    273,
    290,
    95,
    111,
    dmsans_18_italicLigaturePairs,
    2,
};
