/**
 * generated by fontconvert.py
 * name: dmsans_16_italic
 * size: 16
 * mode: 2-bit  compressed: true
 * Command used: fontconvert.py dmsans_16_italic 16 ../builtinFonts/source/DMSans/DMSans-Italic.ttf --2bit --compress --pnum --zopfli
 */
#pragma once
#include "EpdFontData.h"

static const uint8_t dmsans_16_italicBitmaps[14999] = {
    0xBD, 0x5A, 0x3D, 0x90, 0xE4, 0xC6, 0x75, 0xFE, 0x00, 0x88, 0x44, 0x95, 0x50, 0x65, 0x38, 0x10,
    0x5D, 0x96, 0x14, 0xB4, 0x03, 0x07, 0xB2, 0x6C, 0xB3, 0x53, 0x05, 0xB7, 0xD3, 0x38, 0xB9, 0xEC,
    0x44, 0x81, 0x37, 0xD8, 0x4D, 0xAC, 0xC0, 0x0E, 0x1C, 0xD1, 0xC1, 0xE6, 0x55, 0x3B, 0x83, 0x96,
    0x1D, 0x32, 0xB9, 0xC0, 0xB2, 0x53, 0x06, 0x67, 0x57, 0xE9, 0x14, 0x5C, 0xE2, 0xE0, 0x82, 0xD9,
    0x1D, 0x48, 0x0A, 0x1C, 0x38, 0x10, 0x28, 0x93, 0x11, 0xCB, 0x65, 0x94, 0x79, 0x2C, 0x97, 0xC5,
    0x40, 0xB0, 0x08, 0x9A, 0xE0, 0x1D, 0x66, 0xE0, 0xFE, 0xBE, 0xDD, 0xDE, 0xD9, 0xA9, 0xDB, 0x3A,
    0x1E, 0x1D, 0x18, 0x37, 0xF8, 0xB0, 0x8B, 0x69, 0xBC, 0x7E, 0xEF, 0xE1, 0xEB, 0xF7, 0xD3, 0xB7,
    0x38, 0xC1, 0x84, 0x31, 0x19, 0xD3, 0x21, 0xED, 0xB3, 0x3E, 0xEB, 0xB2, 0x2E, 0x6F, 0xF3, 0xA6,
    0x68, 0xCA, 0xA6, 0xF4, 0x65, 0x65, 0x60, 0xF0, 0x75, 0xF0, 0xF8, 0x16, 0x36, 0x98, 0xB1, 0x84,
    0x8E, 0xF2, 0x7B, 0x8D, 0x29, 0xFD, 0xC2, 0xE0, 0xDE, 0x9B, 0x38, 0x3F, 0xC2, 0x3F, 0xDD, 0xC3,
    0x3B, 0xBF, 0x0B, 0x20, 0x79, 0x80, 0xDF, 0x03, 0x90, 0x75, 0x1A, 0x97, 0xB7, 0x58, 0x73, 0x6C,
    0x83, 0x91, 0x97, 0x2A, 0xE9, 0x01, 0x58, 0x64, 0xBC, 0x2C, 0xF8, 0x6D, 0x3A, 0xF3, 0xE8, 0x32,
    0x5D, 0xDA, 0xE4, 0xD1, 0xB3, 0x47, 0x9B, 0x47, 0x1E, 0x61, 0x98, 0x03, 0x38, 0xEC, 0x68, 0x2F,
    0xA4, 0xB8, 0x16, 0xE2, 0x93, 0x01, 0xA8, 0x39, 0x7E, 0xC2, 0x86, 0x97, 0x11, 0xA7, 0x97, 0xA7,
    0x7F, 0xFE, 0xFE, 0x31, 0xB0, 0xE6, 0x4C, 0xC0, 0x08, 0x53, 0x01, 0x61, 0x98, 0x05, 0x90, 0xF6,
    0x58, 0x48, 0x21, 0x9C, 0x4B, 0x08, 0x26, 0xE8, 0xA8, 0x74, 0x93, 0xD0, 0x06, 0xF8, 0xE6, 0x53,
    0x50, 0x17, 0x8F, 0x32, 0x68, 0x03, 0xF7, 0xF6, 0xDB, 0x3D, 0x2E, 0xCB, 0xEF, 0x8E, 0x98, 0xCA,
    0xFB, 0x04, 0x3C, 0xC4, 0x64, 0x00, 0x6C, 0x29, 0x71, 0xB3, 0x0A, 0xE0, 0x76, 0x94, 0x36, 0xB7,
    0x40, 0xB2, 0xD9, 0x02, 0x58, 0xCD, 0x15, 0xF0, 0xC4, 0x35, 0xC0, 0x58, 0xB6, 0xC0, 0x50, 0x74,
    0x0E, 0x7D, 0xDE, 0xBA, 0xA4, 0x2F, 0x5A, 0x7B, 0xBF, 0x2F, 0x1B, 0xF3, 0xD3, 0xCE, 0xFA, 0xF2,
    0xB3, 0x77, 0x67, 0x64, 0x54, 0x19, 0x1B, 0x3E, 0x9B, 0xBF, 0x27, 0x9D, 0x08, 0x3E, 0xC0, 0x37,
    0x1E, 0x20, 0xA9, 0x92, 0x79, 0x0C, 0xB7, 0xF2, 0x4F, 0xB7, 0x30, 0x55, 0x70, 0x30, 0x16, 0xB0,
    0xB0, 0x98, 0x78, 0x4D, 0xE9, 0x90, 0x37, 0xF3, 0x36, 0xE0, 0x51, 0xE9, 0xE1, 0x30, 0x39, 0xC0,
    0x7C, 0xDC, 0xAF, 0x81, 0x7C, 0xFE, 0xC1, 0x00, 0xE0, 0x44, 0x26, 0x41, 0x6E, 0x80, 0x4D, 0x2E,
    0x03, 0x2E, 0xCB, 0x99, 0x5A, 0xB9, 0xBF, 0xEF, 0x91, 0xF5, 0xEB, 0xA4, 0x0F, 0xC2, 0x07, 0x0C,
    0x30, 0xF7, 0xFB, 0x80, 0x8B, 0xF0, 0x7B, 0x8F, 0x29, 0xE9, 0xD3, 0xF0, 0x0F, 0x63, 0xD1, 0x16,
    0x6D, 0xD0, 0xAC, 0x32, 0x1E, 0x96, 0x56, 0x21, 0xA1, 0x9B, 0x5E, 0xFF, 0x11, 0x68, 0x31, 0xC5,
    0x60, 0x7E, 0xDC, 0x03, 0xD9, 0x90, 0x0E, 0x7C, 0x2F, 0xC9, 0x28, 0xED, 0x8F, 0x85, 0x08, 0xD8,
    0x12, 0xF3, 0x1E, 0xE0, 0x18, 0xA1, 0xA4, 0xD8, 0x99, 0xB8, 0xB3, 0x0D, 0xA6, 0x6C, 0x28, 0xBB,
    0x74, 0x28, 0x9B, 0x6C, 0xCC, 0x3B, 0xE3, 0xB1, 0x2D, 0x1B, 0x0B, 0xD4, 0x0E, 0x0E, 0x9C, 0x31,
    0x60, 0x31, 0x5E, 0xA3, 0xF5, 0x70, 0x5B, 0x94, 0xC3, 0xEB, 0xBB, 0x3A, 0x58, 0x37, 0x0F, 0xB6,
    0x49, 0xE6, 0xB9, 0x2A, 0x7A, 0xBC, 0x76, 0x0C, 0x09, 0xC5, 0x02, 0x47, 0xB8, 0x87, 0x73, 0x3C,
    0xC1, 0x5F, 0x00, 0x88, 0x76, 0x3B, 0x00, 0x93, 0xC8, 0xA3, 0x5F, 0x6D, 0x75, 0x73, 0x8B, 0xEA,
    0xF2, 0x76, 0xDE, 0x49, 0x61, 0x7D, 0x4D, 0xA6, 0x58, 0x68, 0x88, 0xCE, 0xC5, 0x1D, 0x67, 0xFC,
    0x8E, 0xE3, 0x8C, 0xE7, 0x73, 0x32, 0x55, 0x86, 0xD2, 0x11, 0xA2, 0xD4, 0x0A, 0xD0, 0xA1, 0x9B,
    0x24, 0x2A, 0x2D, 0xAF, 0xF9, 0x64, 0x15, 0x9F, 0xDA, 0x3F, 0x49, 0x0D, 0xB2, 0xC3, 0x93, 0x34,
    0xD7, 0x19, 0x35, 0x2B, 0xBD, 0xB4, 0x8B, 0x5A, 0x69, 0x0D, 0x44, 0x03, 0xDA, 0xBD, 0xA9, 0x5B,
    0xE9, 0x40, 0xA9, 0x32, 0x55, 0x6F, 0x2C, 0x6F, 0xC2, 0xE9, 0xF1, 0x1B, 0x79, 0xEA, 0xED, 0xDB,
    0xA6, 0xC9, 0xE7, 0x2D, 0x50, 0x7B, 0x24, 0x73, 0x07, 0xFB, 0x6F, 0x3B, 0x1C, 0xFD, 0x81, 0xC5,
    0xEF, 0xDC, 0xFB, 0x0A, 0x70, 0x0F, 0xC0, 0x39, 0x24, 0x5B, 0xC2, 0x23, 0xD0, 0x26, 0x2D, 0xD5,
    0x34, 0x80, 0x0B, 0x4B, 0x0C, 0x35, 0xE1, 0xDB, 0x3F, 0xFE, 0xE5, 0x8F, 0x34, 0x39, 0x67, 0x88,
    0xC4, 0x2D, 0x05, 0x64, 0xEF, 0x57, 0x2B, 0x12, 0x10, 0x63, 0x08, 0x22, 0x6D, 0xD1, 0x30, 0x70,
    0xDC, 0xE3, 0xC3, 0x7D, 0x1D, 0xCE, 0xB7, 0x1E, 0x3D, 0x7A, 0xF0, 0xDB, 0xD8, 0x60, 0x13, 0xFD,
    0xF4, 0x5A, 0x15, 0x1F, 0xB3, 0x90, 0x81, 0x51, 0x8B, 0x09, 0x5A, 0xBA, 0x32, 0x94, 0x93, 0xC5,
    0x29, 0xE8, 0x0A, 0x19, 0x8C, 0x65, 0x1C, 0x86, 0x51, 0x2A, 0x6A, 0x21, 0x4B, 0x9D, 0x17, 0x45,
    0x5E, 0xBC, 0x9A, 0x48, 0x1D, 0x91, 0xE8, 0x9B, 0x99, 0x6F, 0x43, 0x8B, 0xD4, 0x74, 0xE9, 0x0E,
    0xA8, 0x2B, 0xD4, 0x92, 0x62, 0x3D, 0x59, 0x1D, 0x1C, 0x2A, 0x6E, 0x95, 0xAD, 0xB0, 0x21, 0x1A,
    0x4F, 0xB4, 0x15, 0xD1, 0x21, 0xA2, 0xF1, 0x44, 0x5B, 0x11, 0x1D, 0x88, 0x2B, 0xE1, 0x14, 0xEE,
    0x91, 0x24, 0xA6, 0x21, 0x5D, 0xCA, 0x0E, 0x36, 0xFC, 0xB0, 0x4D, 0xE6, 0x0A, 0x09, 0xA3, 0x1A,
    0x17, 0x0C, 0x95, 0x4C, 0x4E, 0x40, 0xA4, 0x02, 0xC5, 0x0C, 0x37, 0xE3, 0x3B, 0x4E, 0x66, 0xAD,
    0xE4, 0x83, 0x35, 0x30, 0xE9, 0x33, 0xD2, 0xB8, 0x74, 0xA0, 0x27, 0x32, 0x7E, 0xC8, 0xAE, 0xBC,
    0xA5, 0x3B, 0x4A, 0x7E, 0xE8, 0x12, 0xA3, 0xE8, 0xF2, 0x10, 0x94, 0x5F, 0xA1, 0xD8, 0x6D, 0x1A,
    0x58, 0x5F, 0xF4, 0x58, 0x71, 0xF8, 0xC4, 0x87, 0x47, 0xC2, 0x3B, 0x94, 0x11, 0xDD, 0xD4, 0x45,
    0x37, 0x89, 0x56, 0x75, 0x74, 0x24, 0xBF, 0xA4, 0xE2, 0xD0, 0xAD, 0x94, 0xB7, 0x8A, 0xEE, 0x9A,
    0xE6, 0xFA, 0xAD, 0xFC, 0xF4, 0xF4, 0xB4, 0x22, 0x69, 0xBC, 0x00, 0x78, 0xEB, 0x01, 0xDD, 0xB9,
    0x03, 0xEC, 0xB3, 0xF0, 0xEB, 0xA6, 0x32, 0x8C, 0xC1, 0x45, 0x1B, 0xE6, 0xCB, 0xDB, 0xF4, 0x1D,
    0x14, 0x87, 0xEF, 0xE3, 0x12, 0x48, 0x1F, 0x93, 0xE7, 0x74, 0x81, 0x7E, 0x42, 0xB2, 0x83, 0x1C,
    0x28, 0x5D, 0x04, 0x17, 0x01, 0x10, 0xC0, 0x71, 0xF8, 0x0A, 0x35, 0x92, 0x09, 0xAE, 0xFD, 0xE6,
    0xC0, 0xF0, 0xCD, 0xA4, 0xC2, 0x07, 0xDE, 0xA8, 0x20, 0xF7, 0x1D, 0xD3, 0x98, 0x81, 0xE2, 0x7B,
    0x2A, 0x4D, 0x78, 0x1E, 0x20, 0xFB, 0xA4, 0x03, 0xCA, 0x9F, 0x71, 0xD9, 0x90, 0x11, 0xEB, 0xE0,
    0xAE, 0x74, 0x08, 0x90, 0xB7, 0x41, 0x17, 0xE3, 0x4B, 0x8F, 0x05, 0xCA, 0x0A, 0x13, 0x0C, 0x4D,
    0xB6, 0xD4, 0xD0, 0xC1, 0xFE, 0xF0, 0xB4, 0x3E, 0xA1, 0x59, 0x93, 0x40, 0x9C, 0x25, 0x1C, 0x30,
    0x92, 0x54, 0x7B, 0xED, 0xF4, 0xF4, 0x98, 0xCA, 0x0C, 0x30, 0x81, 0xFD, 0x90, 0xEE, 0x47, 0x84,
    0x73, 0x1C, 0x2E, 0xB2, 0x4D, 0x87, 0xF4, 0xE3, 0x79, 0x1B, 0xCC, 0xFD, 0xC7, 0x19, 0xF9, 0x08,
    0xDB, 0x14, 0x6D, 0x98, 0x2B, 0x2C, 0x0F, 0x6A, 0x75, 0x08, 0xA4, 0xF8, 0x82, 0x14, 0x77, 0x22,
    0x95, 0xC7, 0x25, 0xCC, 0xD3, 0x7C, 0x24, 0x57, 0x3B, 0x60, 0xDE, 0x55, 0xB8, 0x8E, 0x8D, 0xDF,
    0x7E, 0x40, 0xFF, 0x6D, 0x01, 0xF3, 0x6C, 0xAE, 0x50, 0x07, 0x8F, 0x27, 0xF4, 0x38, 0xD9, 0xC1,
    0x00, 0x9F, 0x3E, 0x28, 0xFD, 0x0D, 0xFD, 0xD3, 0x39, 0x58, 0x6A, 0x83, 0xA2, 0xCB, 0xDD, 0x8F,
    0x27, 0x04, 0x75, 0x66, 0x6C, 0x98, 0x5A, 0x66, 0xCE, 0x41, 0x11, 0xD5, 0x74, 0x0D, 0x96, 0x76,
    0xCA, 0xE3, 0x17, 0x70, 0xF4, 0xB8, 0x6D, 0x4D, 0x4F, 0x23, 0x83, 0xE7, 0x38, 0x99, 0xD6, 0xF4,
    0x1B, 0xA7, 0xA7, 0xA7, 0x4A, 0xCB, 0x98, 0x09, 0xB7, 0x97, 0x6B, 0x7A, 0x07, 0xAD, 0x5C, 0x74,
    0x5F, 0x32, 0x46, 0x6E, 0xED, 0xF9, 0xA0, 0x2F, 0x57, 0x37, 0x8F, 0x5F, 0xAF, 0xE0, 0x48, 0x16,
    0x1F, 0x47, 0x5C, 0x10, 0x44, 0x6F, 0x7A, 0x42, 0x34, 0x6B, 0x82, 0xD1, 0x65, 0x87, 0x29, 0x8C,
    0x4F, 0xC6, 0x00, 0xE9, 0x40, 0xE8, 0x91, 0x75, 0xC9, 0xC0, 0x09, 0x26, 0x1A, 0x5F, 0xFF, 0xDD,
    0x16, 0x41, 0xFD, 0x9E, 0x2B, 0x3E, 0x8C, 0x1C, 0xB1, 0xA1, 0x64, 0x5B, 0xD9, 0x4A, 0x2E, 0x0E,
    0xB0, 0x10, 0xD0, 0x7C, 0xA7, 0x05, 0x5C, 0xD1, 0xE3, 0x5D, 0x3E, 0xA1, 0xA0, 0xC7, 0x93, 0x5B,
    0x1E, 0x7F, 0xF4, 0x00, 0x30, 0x41, 0x0A, 0x4D, 0x47, 0xBA, 0x85, 0xF3, 0x79, 0xAF, 0xE0, 0x40,
    0x3E, 0xF9, 0x60, 0xB5, 0xA9, 0x82, 0x06, 0xB6, 0x42, 0x4E, 0x28, 0x98, 0xFA, 0x4C, 0x47, 0x4A,
    0x75, 0xE5, 0x90, 0x3E, 0x6F, 0xB3, 0x79, 0xFE, 0xA0, 0xC1, 0x66, 0x17, 0xEE, 0xBC, 0xFE, 0x60,
    0x1F, 0xC2, 0x1C, 0xD6, 0x34, 0x6F, 0x4D, 0xEF, 0xAC, 0x18, 0x2A, 0x9C, 0x3F, 0x6B, 0xC8, 0x28,
    0xBE, 0xDE, 0x81, 0x1C, 0x57, 0xC5, 0x95, 0x0D, 0xF9, 0x40, 0xC7, 0xBC, 0x78, 0xEC, 0x43, 0x2E,
    0x4B, 0xB8, 0x5A, 0xA1, 0xCC, 0xE1, 0x0B, 0x8E, 0x63, 0xC8, 0x53, 0xC8, 0xAF, 0x42, 0x07, 0xF0,
    0x87, 0xCA, 0x14, 0x32, 0x15, 0xAC, 0x70, 0x76, 0x20, 0x53, 0x61, 0x5B, 0x60, 0x03, 0x3A, 0x0E,
    0xA6, 0x05, 0x9C, 0xD7, 0x95, 0x6A, 0x92, 0x1C, 0xFA, 0x0E, 0x96, 0xD1, 0xB1, 0xD3, 0xA0, 0x24,
    0x30, 0x23, 0xF8, 0x6D, 0xC7, 0x13, 0x87, 0x07, 0x59, 0xC3, 0x65, 0x35, 0xF0, 0xC4, 0x09, 0x34,
    0x85, 0x04, 0xEA, 0xD9, 0x01, 0x48, 0x62, 0x36, 0x35, 0x8D, 0x66, 0xA1, 0x21, 0x8C, 0x36, 0x65,
    0xCF, 0xCC, 0x46, 0x8F, 0xA3, 0xE8, 0xA5, 0x9D, 0xA2, 0x38, 0xEA, 0x39, 0xF8, 0xF4, 0xF1, 0x50,
    0x74, 0xC9, 0x64, 0x3C, 0x2E, 0x1C, 0xB0, 0x3A, 0x52, 0xEC, 0x14, 0x1D, 0xD7, 0xA2, 0x94, 0x04,
    0x9F, 0xB5, 0x08, 0x21, 0x31, 0x99, 0x9F, 0xD2, 0x68, 0x9E, 0xB4, 0x9C, 0x49, 0x74, 0x9F, 0x14,
    0xAA, 0x38, 0x6B, 0xAC, 0xAB, 0x62, 0x5C, 0xD1, 0xB7, 0x64, 0x02, 0x75, 0x7B, 0xF6, 0x78, 0x77,
    0x5D, 0xEF, 0x9C, 0x35, 0xD1, 0x11, 0x7B, 0xF6, 0x8E, 0x0A, 0x00, 0x94, 0x7D, 0xE6, 0x8F, 0x2D,
    0xEB, 0xBB, 0xF9, 0x7F, 0xFA, 0x12, 0x65, 0x65, 0x3E, 0xDA, 0x74, 0x01, 0xB1, 0x82, 0x69, 0x0B,
    0x7F, 0x84, 0x29, 0xCC, 0x51, 0xF8, 0x7B, 0xA4, 0x69, 0xB8, 0x9E, 0xA7, 0xBD, 0xAE, 0x4F, 0xC2,
    0x83, 0x85, 0x2F, 0xAB, 0x27, 0x59, 0x8B, 0xD2, 0x97, 0x18, 0x78, 0xAD, 0x4C, 0xB8, 0x76, 0xAA,
    0x83, 0x9E, 0x64, 0x3D, 0x6A, 0x56, 0x42, 0xC9, 0x94, 0xFE, 0xCA, 0x0F, 0xE1, 0xA7, 0x79, 0x7E,
    0x3B, 0x28, 0x76, 0x04, 0xBB, 0x4D, 0xE7, 0x4A, 0x6C, 0x42, 0xCC, 0x8E, 0x71, 0x15, 0x02, 0xF2,
    0xDB, 0x6F, 0x4A, 0xFD, 0xFF, 0xFA, 0x33, 0xF2, 0x89, 0xC4, 0xEE, 0xA1, 0xD5, 0xF4, 0x0F, 0xF1,
    0xD5, 0x08, 0x5D, 0x45, 0xDC, 0xF0, 0xF1, 0x44, 0x75, 0x60, 0x26, 0xCC, 0x3F, 0x20, 0x96, 0xFF,
    0xDC, 0x06, 0x34, 0x7F, 0xA4, 0x34, 0x90, 0x11, 0xD7, 0xA2, 0xE3, 0x28, 0x97, 0x72, 0xF1, 0x69,
    0xE1, 0xC5, 0x12, 0xDE, 0x78, 0x4C, 0x94, 0x48, 0xAC, 0x19, 0x45, 0x19, 0x2A, 0xB6, 0xE0, 0x00,
    0xE5, 0x23, 0x38, 0x14, 0x2D, 0x51, 0xE5, 0x9B, 0xE2, 0x84, 0x52, 0x28, 0x1F, 0x64, 0x58, 0xE5,
    0xF0, 0x8A, 0xA0, 0xC5, 0x4C, 0xF1, 0x29, 0x67, 0x4A, 0xC6, 0x2C, 0xC2, 0x90, 0x77, 0x41, 0x50,
    0xDE, 0x82, 0xF5, 0x2C, 0x43, 0x01, 0x93, 0xF9, 0x15, 0xF8, 0x64, 0xC3, 0xB5, 0x6F, 0x9A, 0x00,
    0x45, 0x63, 0x11, 0xC0, 0x09, 0xF8, 0x72, 0x17, 0x9C, 0x63, 0x49, 0xA2, 0x5D, 0x9E, 0x7E, 0x5F,
    0xDD, 0x45, 0x8F, 0x6B, 0xB6, 0x26, 0x5C, 0xE1, 0xA8, 0xF9, 0x0B, 0x7B, 0x96, 0x06, 0xE5, 0x00,
    0xDB, 0x91, 0xA3, 0x79, 0x8F, 0x2D, 0x09, 0xCE, 0xA2, 0x2F, 0xE5, 0xF4, 0xC0, 0x43, 0xEA, 0x0F,
    0xE9, 0x2F, 0xAD, 0x63, 0xB4, 0x83, 0xC3, 0x4B, 0xB1, 0xE2, 0x1B, 0xB2, 0x9E, 0xA3, 0xF9, 0x6C,
    0x8D, 0x62, 0x20, 0xCB, 0xB3, 0x5D, 0x65, 0x06, 0x40, 0xD3, 0xC2, 0xCC, 0x9F, 0x03, 0xC0, 0xA9,
    0xE0, 0xB4, 0x02, 0xA8, 0x61, 0x45, 0x9C, 0x69, 0x39, 0xBE, 0xA9, 0x74, 0x8E, 0x19, 0xAA, 0xDD,
    0x2A, 0xEA, 0x63, 0x7C, 0xD6, 0x51, 0x9B, 0xFC, 0x0A, 0x5B, 0x90, 0x53, 0x0D, 0x51, 0xC5, 0x4B,
    0x44, 0x4F, 0x34, 0x9E, 0xE3, 0x4D, 0x25, 0xCF, 0xC7, 0xB2, 0x85, 0x01, 0x9F, 0xC6, 0x61, 0xA1,
    0x65, 0x46, 0x0F, 0x35, 0x74, 0xD1, 0x4E, 0xF1, 0x8E, 0xB9, 0xE7, 0x5A, 0x29, 0xBE, 0x1E, 0xBE,
    0x98, 0xF8, 0x76, 0x20, 0x5D, 0x6E, 0x55, 0x15, 0x62, 0x47, 0x2E, 0x68, 0x6F, 0x4A, 0x36, 0x72,
    0xE0, 0x0A, 0xDE, 0x0F, 0xCF, 0x73, 0x6E, 0x41, 0x8C, 0x81, 0x11, 0x16, 0x84, 0x25, 0xE1, 0x82,
    0xF3, 0x5C, 0xBD, 0x1D, 0xC2, 0xCD, 0xBC, 0xFD, 0x97, 0x9D, 0x77, 0x10, 0x5C, 0xCF, 0xEB, 0xBF,
    0x78, 0xDE, 0x83, 0x64, 0x7F, 0xC8, 0x0A, 0xB6, 0xB0, 0x2D, 0xCC, 0xC8, 0x32, 0xA3, 0xF6, 0x0C,
    0x78, 0x5B, 0xC6, 0xC1, 0xAB, 0x56, 0x40, 0x2D, 0xD1, 0x49, 0x79, 0x17, 0x2B, 0xDE, 0x08, 0x91,
    0x8F, 0x05, 0xDF, 0xE4, 0x10, 0x0A, 0xEC, 0x31, 0x20, 0x12, 0x61, 0x3A, 0x10, 0x99, 0x34, 0xE8,
    0x74, 0x45, 0xA0, 0x9E, 0x12, 0xEA, 0x2E, 0x1F, 0x58, 0xCA, 0x87, 0x75, 0x7D, 0xF6, 0x9F, 0x2D,
    0xDD, 0xF0, 0x3D, 0xE6, 0x84, 0x91, 0x36, 0x89, 0x15, 0x27, 0x0A, 0x4E, 0x93, 0x8C, 0x1E, 0x81,
    0x9C, 0x0E, 0x61, 0xA9, 0xA5, 0x05, 0x98, 0xAA, 0x74, 0xCD, 0x84, 0x62, 0x85, 0xA7, 0x57, 0x4C,
    0x95, 0xAB, 0x7F, 0xA0, 0x0C, 0x8B, 0x92, 0xA9, 0x3B, 0xA2, 0x07, 0x56, 0xD2, 0x76, 0x29, 0xE7,
    0xAC, 0x61, 0x41, 0x54, 0x19, 0x2B, 0x14, 0x2B, 0x92, 0x11, 0x4B, 0x55, 0x3E, 0x17, 0xF2, 0xFA,
    0x5A, 0x6E, 0x9F, 0x84, 0xD7, 0xBB, 0x0B, 0x43, 0xDC, 0x5D, 0xC8, 0xBB, 0xBC, 0x25, 0xF3, 0xC8,
    0x38, 0x32, 0xCD, 0x8A, 0x63, 0x0B, 0x2C, 0x95, 0xE9, 0x26, 0x25, 0x1A, 0x82, 0x7D, 0xC9, 0xAB,
    0xB8, 0xBB, 0xEE, 0x12, 0xDC, 0x7A, 0xEF, 0x87, 0x2F, 0xBF, 0xC5, 0x05, 0x0A, 0x42, 0xD9, 0xC8,
    0x22, 0x38, 0xBF, 0x91, 0xE3, 0x59, 0x36, 0x74, 0x88, 0xCE, 0x53, 0xC4, 0x9B, 0x94, 0x70, 0x46,
    0xE4, 0x5A, 0x52, 0x86, 0xA5, 0x21, 0x36, 0x8A, 0x65, 0xB2, 0xA9, 0x50, 0xCB, 0xE6, 0x3C, 0x9D,
    0xBB, 0x43, 0xC0, 0x7F, 0xE5, 0xAC, 0xC5, 0xBF, 0xF7, 0x62, 0xD5, 0x48, 0xDC, 0x4E, 0xC4, 0xFE,
    0x52, 0x29, 0xCB, 0x11, 0x2B, 0x2E, 0x6F, 0x4B, 0x61, 0x0C, 0x6D, 0x2D, 0x91, 0xB4, 0x58, 0x48,
    0xC7, 0x25, 0x57, 0x17, 0x9D, 0x37, 0xC9, 0xAA, 0x4B, 0xFD, 0xE0, 0xA4, 0x8F, 0x7E, 0xC4, 0x28,
    0xD3, 0x44, 0x6B, 0x25, 0x29, 0x9E, 0x1D, 0xE7, 0x3F, 0x6C, 0x1A, 0x75, 0x6A, 0x09, 0xDF, 0xDD,
    0xDA, 0x2E, 0xA1, 0x59, 0xB4, 0x78, 0xB8, 0x60, 0x24, 0x3F, 0xC0, 0x4E, 0xB5, 0x3C, 0x66, 0x1A,
    0x33, 0xB1, 0x11, 0x41, 0x39, 0xB2, 0x32, 0x84, 0x0D, 0x17, 0x86, 0xA2, 0x21, 0x7B, 0xDE, 0x02,
    0xBB, 0x3E, 0xFB, 0xAC, 0x43, 0xF6, 0x59, 0x9F, 0x7D, 0xD8, 0x23, 0xFF, 0xB0, 0xCF, 0x7F, 0x31,
    0x84, 0x1A, 0xBA, 0x2B, 0x7E, 0x32, 0xC2, 0xB1, 0x70, 0x9E, 0xB0, 0xE2, 0xE5, 0x02, 0x53, 0x78,
    0xC3, 0x7E, 0x95, 0xF5, 0x0C, 0x28, 0xAE, 0x68, 0xC3, 0xA5, 0xB2, 0x7F, 0x1A, 0x6E, 0x59, 0x98,
    0x0D, 0x5D, 0x11, 0x1C, 0x04, 0x0B, 0xA7, 0x3E, 0x1F, 0x0B, 0x95, 0x36, 0xF4, 0xC1, 0x03, 0x2C,
    0xA4, 0x1E, 0x56, 0x58, 0x83, 0xEA, 0xCA, 0x76, 0xFE, 0x4C, 0x3D, 0x8F, 0xB1, 0x95, 0xE5, 0x33,
    0x91, 0x4A, 0x66, 0x5D, 0x50, 0x8E, 0xD4, 0x9E, 0xDB, 0x80, 0xD9, 0x27, 0x4C, 0x96, 0xD9, 0xAF,
    0x7B, 0x85, 0xBA, 0x91, 0xD8, 0xAE, 0x51, 0x7A, 0x16, 0xCD, 0xA6, 0x62, 0x47, 0x66, 0x2B, 0xEA,
    0x63, 0xC3, 0x3D, 0xFE, 0x66, 0x02, 0xF5, 0xF9, 0x4D, 0xD6, 0x2F, 0x60, 0x91, 0x8C, 0x4B, 0x7A,
    0x69, 0x5A, 0x13, 0x57, 0x13, 0xBD, 0xE5, 0x26, 0xFA, 0xCB, 0x8C, 0x54, 0xA9, 0x1C, 0xA9, 0x45,
    0x3E, 0x44, 0x52, 0x6B, 0xE9, 0x83, 0xFC, 0xD9, 0x21, 0xA6, 0x04, 0x0E, 0x32, 0x8C, 0xBA, 0x5A,
    0xFE, 0xF2, 0xE9, 0x96, 0xEF, 0x35, 0xE6, 0x35, 0x25, 0x36, 0x5E, 0x62, 0x79, 0x6B, 0x44, 0xF1,
    0x48, 0x72, 0xF7, 0xE2, 0x65, 0xA5, 0x8B, 0x16, 0x9A, 0xF8, 0x6D, 0x2B, 0xCE, 0x2E, 0x0E, 0x15,
    0x9D, 0x48, 0x64, 0x1B, 0x28, 0x1C, 0x50, 0x87, 0xCA, 0x8C, 0x50, 0x4A, 0x55, 0x88, 0x53, 0x49,
    0x1E, 0xDB, 0x20, 0x65, 0x0A, 0xA5, 0x32, 0x6A, 0x4A, 0x4E, 0xAB, 0x26, 0x1E, 0x62, 0xDE, 0xC4,
    0x98, 0x75, 0xE1, 0xA7, 0x3C, 0xC0, 0x90, 0xB7, 0xA4, 0x78, 0x83, 0x82, 0x05, 0x6A, 0xDD, 0x94,
    0x7C, 0x2C, 0xC0, 0x53, 0x98, 0x1F, 0x9E, 0x7C, 0xF9, 0x08, 0xF9, 0xFF, 0xE4, 0x26, 0x0A, 0x90,
    0x9B, 0x26, 0xB9, 0x09, 0x97, 0x72, 0x13, 0x9C, 0xDC, 0x04, 0x77, 0x26, 0x37, 0x99, 0x43, 0x37,
    0xF5, 0xB1, 0xE0, 0xA1, 0x9B, 0xBE, 0x3B, 0x40, 0xFA, 0x4E, 0x44, 0x6A, 0xA4, 0xE3, 0x6E, 0xDF,
    0x75, 0xB1, 0x9F, 0x48, 0x07, 0x96, 0x1B, 0x84, 0x94, 0x35, 0x47, 0xDA, 0x47, 0xDF, 0x95, 0x2D,
    0x7D, 0xE7, 0x4B, 0x16, 0x36, 0x01, 0xBA, 0xE0, 0xBB, 0x33, 0x2F, 0x16, 0xC6, 0x56, 0x32, 0x0C,
    0x77, 0x34, 0x77, 0x41, 0xD0, 0xF2, 0xD7, 0xEA, 0x5F, 0x13, 0x26, 0x3A, 0x92, 0x1D, 0x4D, 0xDC,
    0x94, 0xDC, 0x6D, 0xC2, 0x68, 0x36, 0xEC, 0x97, 0xB2, 0x13, 0x09, 0x01, 0x0F, 0x03, 0x44, 0x55,
    0x37, 0xEA, 0xA6, 0xC6, 0xC3, 0x4D, 0xC9, 0xD7, 0x67, 0xDD, 0x55, 0xB2, 0x13, 0x27, 0x3A, 0xC7,
    0x70, 0x11, 0xA0, 0x68, 0x6D, 0xC5, 0x6C, 0xCF, 0x7D, 0x80, 0x72, 0x48, 0x0E, 0x36, 0x25, 0x93,
    0x13, 0xA8, 0x8D, 0xAB, 0x36, 0xB4, 0x57, 0xF0, 0x92, 0x24, 0xBA, 0x87, 0x7D, 0xFE, 0x14, 0x1C,
    0xB2, 0xE3, 0x15, 0x23, 0x37, 0x8E, 0x55, 0x7C, 0x8F, 0x94, 0xCE, 0x1B, 0xE5, 0x55, 0xC2, 0xF2,
    0xD7, 0x65, 0x0C, 0xB1, 0xA2, 0x1A, 0x56, 0x7A, 0x38, 0x29, 0xE2, 0xA4, 0xC9, 0x42, 0x5A, 0x2C,
    0x85, 0x17, 0x52, 0x66, 0x2D, 0x6D, 0x26, 0xAA, 0x43, 0xD4, 0x5C, 0x8E, 0xF3, 0x10, 0xB3, 0x5E,
    0xD8, 0x41, 0x7E, 0x10, 0x55, 0x3C, 0xCA, 0xCF, 0x5F, 0xDF, 0x41, 0xAE, 0x50, 0x88, 0xA4, 0x41,
    0x6A, 0xEF, 0xBE, 0xC6, 0x1F, 0xAA, 0x95, 0x8C, 0x5C, 0xDD, 0xB1, 0x97, 0x43, 0x03, 0xD4, 0xE0,
    0x31, 0xEE, 0xAA, 0x7F, 0xBF, 0xFE, 0xD8, 0x8A, 0xBA, 0xC9, 0xE9, 0x58, 0xCB, 0x77, 0x23, 0xA7,
    0xCE, 0x7A, 0x22, 0x2D, 0x48, 0x7B, 0xEA, 0x9B, 0x0C, 0xA6, 0x8A, 0x69, 0x1F, 0xA3, 0xBC, 0x34,
    0x4D, 0xC4, 0xCB, 0x9E, 0x58, 0x77, 0xC2, 0x86, 0xE8, 0xBC, 0xF4, 0x51, 0xAF, 0x7D, 0xB2, 0xD2,
    0x7B, 0x4D, 0xC6, 0x70, 0xB5, 0xAC, 0x78, 0x19, 0xB3, 0x78, 0x75, 0xC0, 0xA6, 0x0F, 0x8A, 0x38,
    0x6D, 0x75, 0x30, 0xD6, 0x25, 0x9F, 0xF4, 0x0A, 0xBB, 0xD9, 0x7F, 0xD0, 0x6E, 0x8B, 0xFC, 0x17,
    0x24, 0x9D, 0x45, 0xF9, 0x93, 0x41, 0x16, 0x98, 0xFB, 0x03, 0x46, 0x8D, 0x18, 0x53, 0x8E, 0x3C,
    0x52, 0x40, 0x28, 0xAB, 0x35, 0x46, 0xB2, 0xD9, 0x87, 0x51, 0xA5, 0x47, 0xF9, 0xD7, 0x3D, 0x26,
    0x53, 0xA1, 0xFC, 0x9B, 0x60, 0x0E, 0x2B, 0xE6, 0x7F, 0x69, 0xB0, 0x3E, 0x02, 0x8A, 0x9F, 0x7B,
    0x9C, 0xAF, 0x99, 0x01, 0x81, 0x25, 0xCB, 0x8C, 0x1D, 0xE0, 0x7A, 0xA6, 0x12, 0x2A, 0xA4, 0x6E,
    0x51, 0x2C, 0xCC, 0xB5, 0xEA, 0x6F, 0xF7, 0x7D, 0x2A, 0x55, 0xD4, 0x16, 0xC3, 0xC8, 0x63, 0x5C,
    0xAC, 0xFA, 0xF5, 0x42, 0x41, 0x7E, 0x5F, 0x53, 0x4F, 0x22, 0xD9, 0xA5, 0x15, 0xA3, 0x57, 0x8A,
    0x29, 0x13, 0xD1, 0xF4, 0x88, 0xF4, 0xD6, 0x9C, 0x32, 0x1D, 0x48, 0x3E, 0x1F, 0x45, 0xD6, 0x49,
    0xF4, 0xBC, 0xBC, 0x5D, 0xC9, 0x5E, 0xBD, 0x2E, 0x71, 0xBA, 0xD4, 0xBB, 0xCA, 0xC9, 0x02, 0xFE,
    0xFA, 0x35, 0xAA, 0xB3, 0xE2, 0x63, 0xEE, 0x7A, 0x3B, 0xCF, 0x71, 0x2B, 0x7C, 0xC5, 0x41, 0xD7,
    0x1B, 0x28, 0x79, 0xA7, 0xDE, 0xA2, 0x6C, 0x54, 0x9F, 0x29, 0x6B, 0x00, 0xD3, 0x18, 0xA7, 0x75,
    0x2D, 0xC1, 0x7F, 0x61, 0xE5, 0x32, 0x1D, 0xF0, 0x5F, 0xFD, 0x2F, 0xA3, 0xCB, 0x44, 0x18, 0x41,
    0xD3, 0xA3, 0x51, 0xD6, 0x23, 0xB6, 0x91, 0xFF, 0xD7, 0xFB, 0xC5, 0xCD, 0xFD, 0x9A, 0xF3, 0x6C,
    0x18, 0x94, 0x34, 0x99, 0xFC, 0xB7, 0x83, 0xD9, 0xC2, 0x9E, 0xC0, 0x49, 0xC9, 0x23, 0x69, 0xB9,
    0xD6, 0x67, 0xD4, 0x67, 0x40, 0xD2, 0xC7, 0xBD, 0xC5, 0x60, 0x3A, 0x33, 0x2D, 0xF2, 0x26, 0x6E,
    0x2F, 0x7A, 0x94, 0x15, 0xB9, 0x6F, 0xC1, 0xCF, 0xE2, 0x46, 0xC6, 0x31, 0x36, 0x03, 0xAE, 0x43,
    0x2B, 0xC1, 0xC6, 0xF6, 0x93, 0x0F, 0x82, 0x92, 0x40, 0xA1, 0xD1, 0x01, 0x93, 0xDC, 0x13, 0xBD,
    0x45, 0x81, 0xA0, 0x78, 0x70, 0xB2, 0x98, 0x70, 0x87, 0x9B, 0x81, 0x6B, 0xC2, 0xE2, 0xA5, 0x62,
    0x93, 0x97, 0x8A, 0x8D, 0x47, 0x39, 0xEB, 0xC4, 0x6B, 0xB5, 0x04, 0x4A, 0x75, 0x8D, 0x5F, 0xF3,
    0xDC, 0x97, 0x5E, 0x18, 0x40, 0x2F, 0x50, 0x34, 0xCF, 0xC3, 0x3D, 0xFB, 0xE6, 0x60, 0xCF, 0x9E,
    0xFE, 0x80, 0xE1, 0x89, 0x58, 0x7E, 0xED, 0x45, 0x9F, 0x07, 0x6F, 0xAC, 0x55, 0x58, 0xA0, 0x1E,
    0xA3, 0x12, 0x89, 0xB4, 0xEA, 0x22, 0x97, 0x1D, 0x61, 0xC7, 0x09, 0x07, 0xD5, 0x1A, 0x6B, 0x8A,
    0x67, 0x1D, 0xE2, 0x17, 0x22, 0xB1, 0x6A, 0xF0, 0x2A, 0x19, 0x15, 0x0F, 0xB9, 0x5B, 0xC0, 0x77,
    0x61, 0x3C, 0x49, 0xAB, 0xE1, 0x84, 0x9A, 0x7D, 0xD0, 0x26, 0x42, 0x0B, 0x7C, 0x07, 0x35, 0x6C,
    0x9B, 0xB3, 0x88, 0xF9, 0x0A, 0x74, 0xA4, 0x33, 0xC3, 0x28, 0x8B, 0x84, 0xF9, 0xFE, 0xCC, 0xAC,
    0xE2, 0x2A, 0xC5, 0xAF, 0xA4, 0xBA, 0xE9, 0x84, 0x2C, 0xF7, 0xB2, 0xD4, 0x04, 0x0C, 0x70, 0xBC,
    0xBB, 0xE0, 0xEC, 0x97, 0x84, 0x6D, 0x80, 0x6C, 0x82, 0x6B, 0xEC, 0xC4, 0x7D, 0xAF, 0x89, 0x25,
    0xF4, 0x18, 0x8C, 0x7B, 0xD5, 0x4A, 0xDD, 0xEE, 0x90, 0x7C, 0x1A, 0x12, 0x4B, 0xFA, 0xFC, 0xA3,
    0xB3, 0x3E, 0x9B, 0x91, 0x0D, 0x41, 0x5A, 0x32, 0x65, 0x03, 0x30, 0xE5, 0x7D, 0x80, 0xB8, 0x27,
    0xAB, 0x75, 0x2F, 0x48, 0xC6, 0xB2, 0x45, 0xDA, 0x9B, 0x8E, 0x7B, 0x68, 0x2C, 0xCA, 0xED, 0x2E,
    0xD9, 0x54, 0xCE, 0x05, 0x13, 0x8E, 0x0A, 0x1A, 0x83, 0x93, 0x9B, 0x2D, 0x1B, 0xFE, 0xCA, 0x2F,
    0x12, 0xDA, 0x16, 0x84, 0x5A, 0xCF, 0x95, 0x4E, 0x2F, 0x7D, 0xD5, 0x3B, 0x1C, 0x6C, 0x2D, 0x2E,
    0x6F, 0x60, 0x45, 0xFD, 0x1D, 0xAF, 0xAE, 0x4A, 0x26, 0x98, 0xAE, 0xE8, 0x59, 0x1E, 0x84, 0x99,
    0xE3, 0xEE, 0xA6, 0x0E, 0x2B, 0x74, 0xC2, 0x05, 0xA2, 0x1C, 0xC9, 0x88, 0x86, 0x42, 0x3D, 0x45,
    0xAB, 0xFD, 0x8D, 0x71, 0x0C, 0xCF, 0x9F, 0xEE, 0x06, 0xD6, 0x1F, 0x76, 0x00, 0xF5, 0xB8, 0x4A,
    0x13, 0xBD, 0xF2, 0xC2, 0x15, 0x76, 0x58, 0x69, 0x99, 0x2E, 0x23, 0xAA, 0x47, 0x51, 0x56, 0x62,
    0x38, 0xE1, 0x67, 0xF6, 0x30, 0x4F, 0x8B, 0xB9, 0xE2, 0x1E, 0xE7, 0x19, 0x82, 0xCC, 0xD1, 0xDE,
    0x52, 0x0A, 0x9C, 0x50, 0x46, 0x4F, 0x48, 0x76, 0x34, 0xBA, 0x87, 0xAB, 0xB4, 0x40, 0x4D, 0xA5,
    0x0C, 0x40, 0xE0, 0x7E, 0x7C, 0x4D, 0x90, 0xAE, 0x7B, 0x58, 0x90, 0x99, 0x4E, 0x61, 0xB1, 0xBD,
    0x32, 0xDA, 0xDF, 0x36, 0x3A, 0x55, 0x88, 0x70, 0x7F, 0xAB, 0x0A, 0x45, 0x9F, 0x11, 0x76, 0x1E,
    0xDD, 0x3C, 0xFE, 0xFE, 0xB3, 0x77, 0xB2, 0x18, 0x19, 0xB4, 0xDD, 0x72, 0x2B, 0x2C, 0x78, 0x51,
    0x08, 0xB2, 0x40, 0x53, 0xC4, 0xA3, 0xA6, 0xF8, 0x6C, 0x26, 0x96, 0x4F, 0xCD, 0x47, 0x80, 0x55,
    0x4A, 0x8F, 0x8D, 0x10, 0x7F, 0x5E, 0x0B, 0x97, 0x94, 0x86, 0x5A, 0xA1, 0xCB, 0xFD, 0x72, 0x07,
    0x70, 0x56, 0x2E, 0x8E, 0x47, 0x15, 0x34, 0x98, 0x99, 0xE6, 0x58, 0x5C, 0xA6, 0xED, 0x09, 0xE3,
    0x5A, 0xD0, 0x21, 0xD9, 0x40, 0xED, 0x1D, 0x67, 0xA7, 0x0E, 0x0E, 0x7B, 0x35, 0x9C, 0x67, 0x63,
    0x57, 0x3E, 0x7B, 0x3C, 0x80, 0x2A, 0x34, 0x00, 0xDE, 0x7A, 0xF8, 0xCA, 0xA4, 0xDD, 0x8A, 0xB4,
    0x3E, 0x7D, 0xFE, 0xB4, 0x6E, 0xB2, 0x1D, 0xCA, 0x36, 0x9B, 0x90, 0x77, 0x31, 0x2B, 0x04, 0x60,
    0x70, 0xD4, 0x7A, 0x54, 0xFA, 0x17, 0xC8, 0x15, 0x86, 0x31, 0xD2, 0x0A, 0x00, 0x2B, 0x45, 0x04,
    0x9A, 0x20, 0xD9, 0x26, 0x13, 0xFE, 0x12, 0x3A, 0xB2, 0xEE, 0xB0, 0x41, 0xE6, 0x53, 0x1C, 0xBF,
    0x50, 0x83, 0xBC, 0x96, 0x36, 0x51, 0xDD, 0xBA, 0x02, 0x8D, 0xC4, 0xD7, 0x71, 0x78, 0x3C, 0xC1,
    0x61, 0xCB, 0xD8, 0xBF, 0x62, 0xCB, 0x58, 0x01, 0xF6, 0x8E, 0x96, 0xF1, 0x02, 0x48, 0xC8, 0xE4,
    0x01, 0xD8, 0xB4, 0xAC, 0x3D, 0xBE, 0xB0, 0xEA, 0x1F, 0x05, 0x0C, 0x52, 0x03, 0x76, 0x61, 0xEE,
    0x8C, 0xD5, 0xB2, 0x69, 0x03, 0xD4, 0x08, 0x15, 0x08, 0x17, 0xC7, 0xC7, 0x54, 0x82, 0x05, 0x56,
    0xF1, 0xAB, 0x00, 0xE5, 0xCF, 0xDB, 0x00, 0x3F, 0xEB, 0x03, 0xFC, 0x60, 0xA2, 0x26, 0x97, 0x54,
    0x45, 0x2F, 0x50, 0x4B, 0xA0, 0x50, 0x99, 0x3C, 0xE2, 0x60, 0x9F, 0x60, 0xD4, 0xA6, 0x42, 0x9F,
    0xF1, 0x5F, 0xF0, 0xD8, 0x5D, 0x3E, 0xBB, 0x39, 0xFA, 0x7A, 0x48, 0xB8, 0x63, 0xFF, 0xEB, 0x79,
    0xC7, 0xFE, 0x3C, 0x7D, 0xFE, 0xEE, 0xA6, 0xFE, 0x93, 0x2D, 0xB2, 0x1D, 0xEC, 0x88, 0x4B, 0x8A,
    0x36, 0xBD, 0xCA, 0xF1, 0x58, 0x9B, 0x5F, 0x5F, 0x5B, 0x7A, 0x65, 0x81, 0x42, 0x95, 0x9C, 0x6A,
    0x4B, 0x4B, 0x6B, 0xF5, 0x25, 0xD8, 0x5B, 0xF2, 0x3A, 0x69, 0x10, 0x30, 0x6A, 0x90, 0xAE, 0xFC,
    0x32, 0x19, 0x34, 0x88, 0xBE, 0xD7, 0xA0, 0xAC, 0x8F, 0xCA, 0xD8, 0x2D, 0x35, 0x99, 0xAB, 0xF4,
    0xF9, 0x7B, 0x91, 0x47, 0xE3, 0x6D, 0x1E, 0xB5, 0x5C, 0x4A, 0x2F, 0xE5, 0x91, 0xC5, 0x01, 0x8F,
    0x16, 0x2F, 0x84, 0x80, 0xF9, 0x8F, 0x15, 0xF7, 0x5C, 0x8C, 0x7B, 0xD7, 0xDB, 0x9C, 0xAD, 0x80,
    0xB1, 0xA6, 0x51, 0x90, 0x11, 0xAC, 0xE4, 0x6C, 0x89, 0xF2, 0x50, 0xDC, 0x1B, 0x18, 0x64, 0xDA,
    0x20, 0x65, 0x77, 0x10, 0x62, 0x18, 0x67, 0x3D, 0xB0, 0xAC, 0x99, 0xD7, 0x2F, 0x3F, 0xFF, 0xFE,
    0x04, 0xCC, 0x0D, 0xB6, 0x01, 0x81, 0x1A, 0xFC, 0xC1, 0x89, 0x2A, 0x56, 0xBC, 0xB3, 0xB4, 0x5C,
    0x4E, 0x8D, 0xB8, 0xA2, 0x4A, 0xB8, 0x40, 0x3E, 0x72, 0x58, 0xB1, 0x65, 0xF4, 0x0B, 0x12, 0xCF,
    0xDA, 0x40, 0x80, 0xE0, 0x0E, 0x94, 0x3F, 0x9D, 0xB5, 0x3D, 0xFC, 0x86, 0xD2, 0xCF, 0x61, 0xAC,
    0x3D, 0x8C, 0xB8, 0x4B, 0xA1, 0xA8, 0x78, 0x63, 0x7A, 0xFB, 0x44, 0xD1, 0x56, 0xC1, 0x56, 0xB1,
    0x56, 0xA1, 0x56, 0x91, 0x96, 0x21, 0x56, 0xD0, 0x29, 0xCC, 0x2E, 0x6F, 0xEC, 0x57, 0x8C, 0x55,
    0x58, 0x50, 0x84, 0x35, 0x43, 0x08, 0xB0, 0x8C, 0xAF, 0x0C, 0xAF, 0x8E, 0xA6, 0xBF, 0x9C, 0xE8,
    0x82, 0x63, 0xE8, 0xE0, 0xDF, 0x27, 0xFC, 0x77, 0x48, 0x68, 0x9F, 0xED, 0xAA, 0x8C, 0x5B, 0x13,
    0xCA, 0xDD, 0x5F, 0x6E, 0xB5, 0xE9, 0xA0, 0x8B, 0x83, 0x83, 0x93, 0x6D, 0x3E, 0x71, 0x0B, 0x8D,
    0x7F, 0xB7, 0xA2, 0x95, 0xBB, 0x05, 0x95, 0x02, 0x6A, 0x26, 0xA4, 0x0D, 0x25, 0x0F, 0x6F, 0xB0,
    0x06, 0xD5, 0x99, 0xF5, 0xB6, 0x35, 0x5D, 0xC9, 0xD8, 0xC4, 0x18, 0xC8, 0x9E, 0xFF, 0x49, 0x2C,
    0xDE, 0x86, 0xF0, 0xC8, 0xB4, 0x99, 0xA7, 0xBF, 0x7A, 0xF6, 0xF0, 0x8E, 0xFF, 0x18, 0xAE, 0xA8,
    0xC5, 0x3E, 0x3C, 0xBE, 0x0F, 0x43, 0x0F, 0x20, 0x6F, 0xC2, 0x67, 0xCF, 0x40, 0x91, 0x8F, 0xC3,
    0xBD, 0xB9, 0x23, 0x88, 0xA9, 0xEA, 0x5B, 0xD1, 0x45, 0x4B, 0xB2, 0x60, 0xC5, 0xB7, 0x5B, 0xB3,
    0xF8, 0x77, 0xFE, 0x4C, 0xE5, 0xC1, 0xC8, 0xD7, 0x33, 0x28, 0x41, 0xE3, 0x9C, 0xB6, 0x2F, 0xF5,
    0x18, 0x9F, 0xD0, 0xD2, 0xA0, 0x11, 0xCA, 0x02, 0x30, 0x15, 0xB5, 0xE3, 0x54, 0xCA, 0x59, 0x7A,
    0x4D, 0x79, 0x33, 0x05, 0x78, 0x97, 0x11, 0xFB, 0xC3, 0x2E, 0xC0, 0xF3, 0x86, 0x11, 0xDF, 0xD3,
    0x1F, 0xB1, 0xFD, 0x5D, 0xD3, 0xCF, 0x6F, 0x72, 0x45, 0xF6, 0xD2, 0xC2, 0xF4, 0x58, 0x53, 0x78,
    0xAF, 0xDD, 0xC9, 0xF3, 0x21, 0x65, 0x00, 0x19, 0x87, 0x30, 0xC1, 0x22, 0xE9, 0xD9, 0xD1, 0xB8,
    0xAC, 0x1B, 0x4B, 0x0F, 0x9B, 0x37, 0x6B, 0x03, 0xD8, 0xD2, 0xAF, 0x17, 0x80, 0x31, 0x38, 0x67,
    0xA1, 0xF5, 0x26, 0xCE, 0x27, 0xA0, 0x5C, 0xE2, 0x68, 0x08, 0x97, 0x89, 0x62, 0x54, 0x02, 0xB5,
    0xA0, 0x7C, 0xC7, 0x37, 0xD8, 0xD2, 0x6D, 0xF4, 0x6D, 0xDA, 0x61, 0xA2, 0x47, 0x2F, 0x78, 0xC3,
    0x81, 0x6B, 0xE9, 0xFE, 0xA8, 0x60, 0xC6, 0x76, 0xA8, 0x01, 0x32, 0x2A, 0x99, 0x52, 0xC9, 0x9C,
    0xAB, 0xC9, 0x6C, 0x02, 0x38, 0xE3, 0x55, 0xD3, 0xA8, 0x09, 0x54, 0x5F, 0xA1, 0x8A, 0x8E, 0x4F,
    0x4F, 0xB0, 0x60, 0x95, 0x53, 0x05, 0x8B, 0xE4, 0x05, 0xC6, 0x1C, 0x3A, 0x65, 0xC1, 0x57, 0x37,
    0xE9, 0x3F, 0x52, 0xD4, 0x41, 0x86, 0x41, 0xE1, 0x6E, 0x32, 0x50, 0x14, 0xB9, 0x8A, 0xE9, 0x82,
    0x04, 0xD5, 0xD6, 0x46, 0xEC, 0x44, 0x18, 0x3D, 0x01, 0x7B, 0xC7, 0x7F, 0xA3, 0x76, 0x2F, 0xFE,
    0x0D, 0x04, 0x57, 0xD3, 0xFE, 0xFF, 0x56, 0x80, 0x47, 0x8F, 0x36, 0x87, 0xDD, 0x05, 0x87, 0xBB,
    0xE8, 0xF1, 0x6C, 0x88, 0x0D, 0x87, 0xAB, 0x74, 0x4B, 0x92, 0x63, 0xAF, 0xC1, 0xFD, 0x74, 0x37,
    0xCF, 0x1D, 0x81, 0x37, 0x78, 0x6C, 0x98, 0xF4, 0x3D, 0xCA, 0x8F, 0x0E, 0xFE, 0xAC, 0xE5, 0x85,
    0x73, 0xA9, 0x93, 0xF3, 0x4A, 0xA0, 0xE9, 0xB4, 0xB7, 0x01, 0x65, 0xFF, 0x86, 0xEB, 0x29, 0x66,
    0x32, 0x9D, 0xFB, 0xB5, 0x75, 0xC7, 0x86, 0xA7, 0x7B, 0x0F, 0x2C, 0x5C, 0xC8, 0x44, 0x1D, 0xFB,
    0x52, 0x64, 0xA9, 0xA5, 0xBC, 0xD6, 0x2C, 0x23, 0x3F, 0xC9, 0xFE, 0xCF, 0x27, 0x28, 0xF6, 0xE5,
    0x0B, 0x65, 0x11, 0x65, 0xC8, 0x65, 0x10, 0x39, 0x34, 0xD1, 0x6B, 0xB3, 0x26, 0x39, 0xAC, 0xFB,
    0x97, 0x77, 0xA7, 0xE3, 0x64, 0xC4, 0xDE, 0xAA, 0xB3, 0x06, 0x09, 0x15, 0xED, 0xEE, 0x68, 0x23,
    0x0E, 0xDB, 0x09, 0x9D, 0x2B, 0xE0, 0xB7, 0x62, 0x4A, 0xF6, 0xB8, 0x39, 0xE8, 0xA9, 0x92, 0x49,
    0x60, 0x81, 0xF2, 0x83, 0x79, 0xC2, 0x9B, 0x6C, 0xC0, 0xBE, 0x85, 0x6F, 0x54, 0xF8, 0x5F, 0xD5,
    0xDA, 0x01, 0xA4, 0x26, 0xE9, 0x9E, 0xDF, 0xF1, 0x4F, 0x55, 0x4D, 0x4F, 0xAD, 0x2E, 0x33, 0x75,
    0x31, 0xBD, 0xB8, 0xDB, 0xD9, 0xBA, 0x80, 0xDE, 0xC9, 0xEC, 0xD4, 0xA2, 0x31, 0x61, 0xE6, 0x54,
    0xE5, 0xAE, 0x40, 0x40, 0xA3, 0x3B, 0xC1, 0x62, 0x13, 0x82, 0x64, 0x91, 0xB9, 0xB8, 0x08, 0xE9,
    0x73, 0x4E, 0xDD, 0x04, 0x0B, 0xD0, 0x41, 0x2C, 0x40, 0xE3, 0x62, 0x6F, 0x5F, 0xB2, 0x83, 0x60,
    0x2E, 0xE7, 0xF4, 0x5B, 0xB9, 0x97, 0x2C, 0x82, 0xD4, 0xDA, 0xAC, 0x60, 0x91, 0x4A, 0x72, 0x63,
    0x49, 0x30, 0xE5, 0xA6, 0x86, 0x9A, 0x4C, 0xBD, 0xEF, 0x93, 0x79, 0xAA, 0x5F, 0xE7, 0xEC, 0xB1,
    0x3B, 0x09, 0xD7, 0x9D, 0xBE, 0x3D, 0x8F, 0x7A, 0xBF, 0x75, 0xBA, 0x4E, 0x7B, 0xFE, 0xBF, 0xFF,
    0xFB, 0xD6, 0xF3, 0xFF, 0xFF, 0x9E, 0xB7, 0x0E, 0xD6, 0x64, 0x9F, 0xAC, 0xFE, 0x11, 0x78, 0x9A,
    0x4E, 0xE9, 0x98, 0x8D, 0xD9, 0x90, 0xF7, 0x45, 0x5F, 0xF4, 0x65, 0x5F, 0x76, 0x55, 0x5B, 0xB7,
    0xB5, 0x46, 0xE3, 0xCC, 0xA5, 0xB7, 0x70, 0x0B, 0x6A, 0x68, 0x8E, 0xF0, 0x7A, 0x18, 0x69, 0xC2,
    0x5E, 0x12, 0xFE, 0x76, 0x90, 0xCD, 0xEA, 0xAE, 0x1C, 0x94, 0x7D, 0xD5, 0xB9, 0xDD, 0x35, 0xB0,
    0xE1, 0x0C, 0x4E, 0xAF, 0x70, 0xC6, 0x1D, 0x4D, 0x3C, 0x37, 0x6D, 0xB2, 0xAA, 0xC6, 0x62, 0x52,
    0x84, 0xD0, 0x4B, 0xC2, 0x1E, 0x55, 0x17, 0xD1, 0x3A, 0xE2, 0x16, 0xF8, 0xE6, 0xF7, 0x49, 0x42,
    0xE8, 0xE4, 0x87, 0xDD, 0xA8, 0xEA, 0xB3, 0x49, 0x23, 0x99, 0x9D, 0xB2, 0xB8, 0x88, 0x58, 0x61,
    0xB9, 0xC2, 0x8A, 0x5B, 0xFB, 0x47, 0xAD, 0x26, 0x84, 0xC1, 0xDB, 0xE1, 0x59, 0xC7, 0xB5, 0x84,
    0xC7, 0x70, 0x01, 0x33, 0xD2, 0x09, 0x79, 0x8F, 0xEA, 0xD1, 0xA3, 0x47, 0x9A, 0x10, 0x82, 0xF3,
    0x10, 0x0E, 0x92, 0xD6, 0xAF, 0xE4, 0xFF, 0xFE, 0x07, 0xEF, 0xA6, 0x21, 0x2C, 0x0E, 0xBF, 0x3B,
    0x66, 0x53, 0x36, 0xE5, 0x43, 0x3A, 0x15, 0x7D, 0x7C, 0x65, 0xF1, 0x35, 0xC6, 0x37, 0x2C, 0x9F,
    0xCF, 0xBB, 0x2A, 0x84, 0xFE, 0xF4, 0xC3, 0xFF, 0x3E, 0x7E, 0x8B, 0x2E, 0x79, 0xC0, 0x2D, 0xD9,
    0x44, 0x23, 0x9D, 0xB9, 0x94, 0x2C, 0xF1, 0xB0, 0x6E, 0x17, 0x2F, 0x15, 0x03, 0x67, 0x5B, 0xA6,
    0x8D, 0x06, 0x75, 0xBB, 0xA2, 0xFC, 0xDE, 0x1C, 0xF9, 0x93, 0x89, 0x2A, 0xFC, 0x97, 0x30, 0xAA,
    0x43, 0x14, 0x2F, 0x3B, 0x40, 0xB2, 0x6E, 0x9C, 0xF1, 0x7B, 0x3F, 0x3C, 0x3C, 0xEB, 0xEC, 0x42,
    0x08, 0x9D, 0x3B, 0x7F, 0xFF, 0xD3, 0x47, 0xC4, 0x79, 0x23, 0x47, 0xC8, 0x07, 0x28, 0xFA, 0x6B,
    0x36, 0xDB, 0x71, 0xC2, 0x29, 0x97, 0x5C, 0xB0, 0xB2, 0xB0, 0x48, 0xE6, 0x2D, 0xFD, 0x9B, 0xA3,
    0xE8, 0x95, 0x2F, 0x8E, 0x4E, 0xD5, 0xAA, 0x5B, 0xF5, 0x71, 0x82, 0xE3, 0x1C, 0x6F, 0xDD, 0xF8,
    0x4C, 0x8A, 0xC3, 0x6E, 0x52, 0xF7, 0xF9, 0xAC, 0x89, 0x2A, 0x2F, 0x59, 0xAD, 0xFC, 0x61, 0x04,
    0x7B, 0xD8, 0x75, 0x24, 0xE1, 0x33, 0xB2, 0xCF, 0xC3, 0xA8, 0x18, 0x76, 0x07, 0x65, 0xFF, 0x7A,
    0xE8, 0xCA, 0x4E, 0x3D, 0x54, 0xBD, 0x62, 0x2C, 0x7B, 0xF9, 0x54, 0xCE, 0xF2, 0x31, 0x0F, 0x6D,
    0x3E, 0x0A, 0x9F, 0x95, 0xBD, 0x2A, 0x7C, 0xD2, 0xB1, 0x0B, 0xC8, 0xAF, 0x27, 0xBB, 0xF4, 0x4F,
    0x22, 0xCE, 0x58, 0x9D, 0x4B, 0x16, 0x4D, 0x57, 0x4C, 0xAA, 0x43, 0xE8, 0xE5, 0xE1, 0x80, 0xDF,
    0x7B, 0xC2, 0x5B, 0xB7, 0x5C, 0x96, 0xDD, 0x65, 0xD5, 0xDF, 0x2B, 0x90, 0x3C, 0x82, 0xF3, 0xFF,
    0xB5, 0x90, 0x0F, 0xAA, 0xD6, 0x6F, 0x92, 0x0E, 0x3E, 0xF2, 0xD0, 0x47, 0x69, 0x5F, 0x87, 0xEE,
    0xBD, 0x5C, 0xF8, 0xA3, 0xE9, 0xEE, 0x1B, 0xD9, 0x94, 0x2C, 0x6F, 0xBC, 0x53, 0xF6, 0x2E, 0xDE,
    0xBC, 0x5F, 0xF1, 0x8F, 0x6F, 0x7F, 0xE7, 0x04, 0xB7, 0x3F, 0xFA, 0x20, 0xF2, 0xE9, 0x63, 0xBC,
    0x39, 0x46, 0xBE, 0x31, 0x44, 0xDE, 0x1D, 0x4F, 0xA5, 0xD3, 0xBD, 0xA7, 0x27, 0xF2, 0xE1, 0xB7,
    0xBE, 0x53, 0x77, 0x75, 0xF7, 0xF4, 0x7E, 0x11, 0xF6, 0x49, 0xFF, 0x4E, 0xB2, 0x1B, 0x72, 0x6F,
    0xE2, 0x6F, 0xC8, 0x7A, 0xC9, 0xC4, 0x8F, 0x7C, 0xD8, 0xF2, 0x6B, 0xE1, 0xA7, 0x00, 0xDE, 0x6E,
    0x9F, 0xA4, 0xE1, 0x67, 0x43, 0x39, 0x9C, 0xF7, 0xB5, 0xB2, 0xFF, 0x40, 0xD1, 0x3F, 0x56, 0x74,
    0x1F, 0x6F, 0xAF, 0xB2, 0xBD, 0x50, 0x3B, 0x75, 0xAE, 0xF9, 0x83, 0x4F, 0x94, 0xE1, 0xD7, 0x79,
    0x80, 0xDF, 0x48, 0x9F, 0x58, 0xCB, 0x3E, 0x9D, 0x6A, 0xF9, 0x70, 0xAA, 0xEC, 0x16, 0x4D, 0x36,
    0x39, 0xC9, 0x86, 0xED, 0x5C, 0x7D, 0x7B, 0xDA, 0xAE, 0x15, 0xFD, 0x85, 0x7C, 0x3C, 0x75, 0xE7,
    0xD1, 0x17, 0xE3, 0x3C, 0x84, 0x70, 0x88, 0xD8, 0xC3, 0x05, 0xAC, 0x57, 0x58, 0xE0, 0xFB, 0x5E,
    0xFF, 0x01, 0x27, 0x3F, 0xEC, 0x93, 0xC1, 0x98, 0xFF, 0xDD, 0xA7, 0xF7, 0xDF, 0xAC, 0xD6, 0xF7,
    0xEE, 0xDE, 0x7D, 0xE7, 0xDE, 0xBD, 0x77, 0x2F, 0xEE, 0xDD, 0x6F, 0xC6, 0xFB, 0xF7, 0xFF, 0xD6,
    0xF0, 0x5B, 0xEF, 0xDD, 0x9F, 0x9E, 0xDE, 0xFD, 0xD6, 0x3F, 0xEC, 0xDF, 0x54, 0xB4, 0xD9, 0xFF,
    0xB8, 0xE0, 0x9F, 0x3E, 0x81, 0x5D, 0x88, 0x03, 0xE9, 0xF7, 0x55, 0x07, 0x27, 0x1F, 0x76, 0x17,
    0x79, 0xFF, 0x71, 0x16, 0x8F, 0xC7, 0x65, 0xD7, 0x04, 0xC5, 0x0A, 0x54, 0x50, 0x5F, 0xE1, 0xE4,
    0x88, 0x32, 0x84, 0x30, 0x6D, 0xE0, 0x82, 0x23, 0x16, 0x98, 0x61, 0xE2, 0x7A, 0xC4, 0x2C, 0xDA,
    0x18, 0x11, 0xF0, 0xCD, 0x36, 0x09, 0x53, 0x36, 0x2C, 0x45, 0xB7, 0x30, 0x4B, 0x26, 0x79, 0xAF,
    0x66, 0xD9, 0xCE, 0xCF, 0x9E, 0x34, 0x61, 0xB8, 0xF3, 0xA8, 0xB5, 0xFD, 0xB7, 0x7C, 0x58, 0x6F,
    0xBB, 0x60, 0xF1, 0xAB, 0x93, 0x5D, 0x27, 0x1B, 0x25, 0xD3, 0x07, 0xE9, 0xD4, 0xFC, 0xCE, 0x50,
    0x86, 0x36, 0x79, 0x08, 0x77, 0xED, 0x8B, 0xF9, 0xBC, 0x5B, 0x74, 0xFC, 0x46, 0x3C, 0x4E, 0x39,
    0x75, 0xC1, 0x85, 0xF5, 0x88, 0xD5, 0xC2, 0xB2, 0x2D, 0xE8, 0x64, 0x96, 0xCC, 0xE9, 0x24, 0x9D,
    0xB2, 0x49, 0x76, 0x85, 0x62, 0xCC, 0x27, 0xE5, 0x50, 0x4C, 0x9A, 0xA1, 0xD8, 0x27, 0x9F, 0xF7,
    0x65, 0x08, 0x7F, 0xFE, 0x05, 0x0E, 0x65, 0x5F, 0x7D, 0xEF, 0x01, 0x55, 0xFB, 0x57, 0x2A, 0xA9,
    0x13, 0x38, 0x85, 0xB7, 0x80, 0x47, 0x8F, 0x1E, 0xA8, 0x43, 0x18, 0xD3, 0xF0, 0x05, 0x8A, 0x10,
    0xB2, 0xA1, 0x0A, 0x21, 0xEF, 0x9B, 0x17, 0x38, 0x14, 0xFD, 0x79, 0xD8, 0x97, 0x5D, 0x44, 0xDB,
    0x84, 0x75, 0x43, 0xA5, 0x8A, 0xC8, 0xC3, 0x52, 0xB3, 0x9B, 0x4F, 0xC4, 0xFC, 0x8E, 0x48, 0xA7,
    0xC7, 0x64, 0xE3, 0x45, 0xC4, 0xC7, 0x64, 0xC3, 0x42, 0xDE, 0xCF, 0xE4, 0xFF, 0x6E, 0xA2, 0x88,
    0x28, 0xFF, 0x45, 0xC4, 0x6F, 0x8F, 0x11, 0x03, 0x55, 0x36, 0x70, 0x2B, 0xD9, 0xB4, 0xB6, 0x4D,
    0xDF, 0x74, 0xB7, 0x20, 0xEB, 0xE4, 0x9D, 0x62, 0x51, 0x04, 0x2A, 0x4A, 0xCE, 0x85, 0xD5, 0xB3,
    0x27, 0x92, 0xB6, 0xEE, 0x43, 0x57, 0x74, 0x65, 0x5B, 0x2A, 0x55, 0xDE, 0xF5, 0x81, 0x0F, 0xBC,
    0xEF, 0x2D, 0xDE, 0x7E, 0x22, 0x0D, 0xAB, 0x72, 0x38, 0x53, 0xAB, 0xBC, 0xBF, 0xDD, 0xDD, 0x65,
    0xFB, 0xB1, 0xD2, 0xAC, 0xF2, 0xB1, 0x13, 0x8F, 0x5D, 0x68, 0xFE, 0x60, 0x52, 0x86, 0x8E, 0x87,
    0xA4, 0x4F, 0xDF, 0x16, 0xEF, 0x72, 0x4B, 0xD5, 0x5A, 0xCB, 0xDE, 0x69, 0xDE, 0x3B, 0xC9, 0xC6,
    0xF8, 0xFA, 0xEB, 0x56, 0x80, 0x07, 0x24, 0x6D, 0x31, 0x51, 0x76, 0xCD, 0x48, 0x23, 0x1D, 0xB9,
    0x90, 0x0D, 0x92, 0x59, 0xD6, 0xCB, 0xC6, 0xC8, 0xB2, 0x3F, 0xDE, 0x21, 0x45, 0xE7, 0x94, 0xB2,
    0xB5, 0x44, 0xC6, 0x09, 0x4A, 0x45, 0xCF, 0x2D, 0x55, 0xEB, 0x01, 0x27, 0xE2, 0xB5, 0x55, 0x11,
    0x3F, 0x5E, 0xEF, 0x4E, 0xF2, 0xC1, 0x8F, 0x46, 0x55, 0x97, 0xFC, 0xB7, 0x41, 0x23, 0xFF, 0xC9,
    0x60, 0x55, 0x66, 0x7D, 0x3A, 0x6B, 0x7E, 0xF8, 0xD3, 0x7C, 0xD4, 0x84, 0xB9, 0xEC, 0x29, 0xBA,
    0xC6, 0x36, 0x2F, 0x92, 0xA3, 0x2A, 0x2F, 0x64, 0xD9, 0x74, 0x39, 0x0A, 0x3B, 0x2A, 0x3B, 0x4A,
    0x3B, 0x6A, 0x3B, 0x8A, 0x3B, 0xAA, 0x3B, 0xCA, 0x3B, 0xEA, 0x3B, 0x0A, 0xDC, 0x14, 0x26, 0x7F,
    0x88, 0x13, 0x65, 0x68, 0x59, 0x9D, 0x14, 0x7D, 0x14, 0xF9, 0x38, 0xEF, 0xA3, 0x4A, 0x45, 0xAF,
    0xEA, 0x28, 0x5B, 0x0D, 0x3E, 0x60, 0xB5, 0xD5, 0xF9, 0x79, 0xFB, 0x55, 0x3E, 0x6E, 0xD7, 0xCA,
    0x5E, 0xF2, 0x7F, 0x7E, 0xA0, 0x21, 0x0B, 0x01, 0x3C, 0x7A, 0x18, 0xD7, 0x13, 0xB7, 0x24, 0x61,
    0xA2, 0x91, 0x0F, 0x2B, 0x17, 0xE2, 0xA2, 0x89, 0x42, 0x2D, 0x51, 0x68, 0x5C, 0x3C, 0x51, 0xE8,
    0xAE, 0x53, 0x13, 0xAF, 0x9C, 0x22, 0x99, 0x92, 0x85, 0x0F, 0xB6, 0x85, 0x20, 0x2E, 0xA8, 0x5E,
    0x14, 0x57, 0xB7, 0x24, 0x0F, 0x9D, 0x49, 0x5A, 0xAC, 0x8A, 0x81, 0x2C, 0xF6, 0x0A, 0xF1, 0xC7,
    0x7F, 0xDE, 0x8B, 0xA9, 0xFC, 0x45, 0xCF, 0x89, 0xFC, 0x8F, 0x3B, 0x56, 0x65, 0xD1, 0x4A, 0x27,
    0xEF, 0x97, 0xAD, 0x7C, 0x70, 0xF8, 0xA3, 0x41, 0xD9, 0x09, 0x61, 0xD0, 0xA0, 0xE2, 0x02, 0xEF,
    0x02, 0xAF, 0x01, 0x62, 0xE4, 0x6C, 0x25, 0x5D, 0xF1, 0x0F, 0x5C, 0x8D, 0x18, 0x33, 0x1B, 0x6C,
    0xAF, 0xBC, 0xF7, 0x7A, 0xE8, 0xED, 0x42, 0x97, 0xED, 0x29, 0x46, 0xAA, 0x8E, 0x1A, 0x0D, 0x5B,
    0x5F, 0x6B, 0x38, 0x6D, 0x58, 0xAB, 0x3E, 0x9F, 0xCB, 0xC3, 0x6E, 0x48, 0x43, 0xD8, 0xEE, 0xDB,
    0xAB, 0xF1, 0x5D, 0x70, 0x00, 0xE7, 0x3D, 0x14, 0x33, 0x58, 0xC0, 0x37, 0x5C, 0x8D, 0x3B, 0xA0,
    0x69, 0x1D, 0x1B, 0x9F, 0x24, 0xF4, 0xC8, 0x36, 0xE6, 0x7F, 0x1E, 0x59, 0xFE, 0xF1, 0x80, 0x2A,
    0x2E, 0x36, 0x4D, 0x16, 0x79, 0x91, 0x4D, 0x58, 0xD2, 0x89, 0x74, 0x4A, 0x67, 0xB2, 0x31, 0xD9,
    0x3E, 0x30, 0xCB, 0x26, 0x76, 0xA5, 0x69, 0x23, 0xCF, 0x43, 0x58, 0xD9, 0xAA, 0x79, 0x32, 0x73,
    0x76, 0xF4, 0x19, 0xC5, 0x10, 0x59, 0xF6, 0xD4, 0xEA, 0x76, 0x5B, 0xB3, 0xA8, 0x3A, 0x57, 0xE3,
    0x9D, 0x6B, 0x17, 0x51, 0xCE, 0xB0, 0x6B, 0x61, 0x06, 0x9D, 0x57, 0x57, 0x7F, 0x02, 0x8A, 0x11,
    0x9E, 0xAF, 0xE2, 0xD4, 0x0D, 0xF2, 0xB6, 0x00, 0x5E, 0xF1, 0x77, 0x3E, 0x39, 0x64, 0x2D, 0xD9,
    0x27, 0x9F, 0xA0, 0xC8, 0xD6, 0x57, 0x5D, 0xF3, 0x83, 0xB7, 0x90, 0xCE, 0x67, 0xC8, 0x36, 0x7A,
    0x7A, 0xEF, 0x55, 0xD7, 0x7C, 0xFB, 0x09, 0x34, 0x33, 0x7C, 0xF4, 0x0E, 0x4C, 0x77, 0xAF, 0x7F,
    0x3E, 0x7D, 0x0C, 0xD5, 0xF8, 0xAA, 0x67, 0xE1, 0x56, 0xDC, 0x7E, 0x60, 0x33, 0xFE, 0xD8, 0x26,
    0x39, 0x80, 0x30, 0x01, 0xD9, 0xFF, 0x9E, 0x80, 0xE2, 0x4F, 0x47, 0xA0, 0xFA, 0xFD, 0x01, 0x68,
    0xE2, 0xD4, 0xB0, 0x16, 0x3D, 0x48, 0xB7, 0x86, 0x84, 0x7C, 0x2C, 0x3B, 0x50, 0x46, 0x2B, 0xD2,
    0xA3, 0x51, 0x6D, 0x3F, 0xB8, 0x54, 0x3F, 0x7A, 0xD4, 0xDA, 0x5C, 0x34, 0x44, 0x95, 0x0D, 0x28,
    0xFF, 0xE7, 0xB3, 0xE7, 0x8E, 0x62, 0x8E, 0x55, 0xEF, 0xD9, 0xB3, 0x3D, 0x58, 0xB9, 0xC0, 0xB1,
    0x43, 0xB2, 0x25, 0xB5, 0x3A, 0xE6, 0x11, 0x2D, 0x9A, 0x86, 0xE4, 0x98, 0x44, 0xF2, 0xEC, 0xC9,
    0x96, 0xC9, 0x81, 0x34, 0xC4, 0xA8, 0xE5, 0xAC, 0x1E, 0x35, 0x9D, 0x7C, 0xB2, 0x27, 0x5B, 0xD2,
    0x85, 0x74, 0x89, 0xB3, 0xF9, 0x7E, 0x31, 0xD8, 0x84, 0x3A, 0xCE, 0x46, 0xDD, 0x42, 0xE3, 0xFF,
    0xC9, 0x96, 0xB2, 0xAB, 0x3B, 0xEA, 0xB6, 0xEC, 0x39, 0x57, 0xCC, 0xD2, 0x55, 0x76, 0x68, 0xAB,
    0x99, 0x2D, 0xAC, 0x2A, 0x7C, 0x06, 0xA7, 0xE0, 0x3D, 0x70, 0xDE, 0x6D, 0x9C, 0xC0, 0x7C, 0xCD,
    0x74, 0x42, 0x11, 0x7A, 0xA2, 0x33, 0xBE, 0x1A, 0xF7, 0xE1, 0x39, 0xD4, 0x03, 0xF2, 0x05, 0x2E,
    0x5C, 0xBB, 0x36, 0x8F, 0xA2, 0x6F, 0x8B, 0x96, 0x6D, 0x43, 0x32, 0x23, 0xDD, 0x30, 0x21, 0xDB,
    0x30, 0x22, 0xDF, 0x30, 0xA0, 0xE8, 0x51, 0x86, 0xB0, 0x1E, 0xF1, 0x67, 0x8F, 0x1E, 0xA8, 0x5A,
    0xFF, 0x3F, 0x97, 0x78, 0x19, 0xE3, 0xEC, 0x42, 0x98, 0x84, 0x08, 0x80, 0xBB, 0xB0, 0x27, 0xA6,
    0x7F, 0xCC, 0x6E, 0x81, 0xCE, 0x2F, 0x5D, 0x5F, 0x8B, 0x62, 0xC4, 0xF3, 0x3D, 0xD9, 0xDC, 0x90,
    0xB5, 0x39, 0xFC, 0xD2, 0xA5, 0xC5, 0x8A, 0x97, 0x46, 0x41, 0xE9, 0x72, 0x8E, 0xA7, 0xBF, 0xF9,
    0x4A, 0xA8, 0x92, 0xF6, 0xB2, 0x59, 0x72, 0xA0, 0x1E, 0xB6, 0xA9, 0x3B, 0x78, 0xC8, 0xCA, 0x72,
    0x34, 0x74, 0xE9, 0x14, 0x35, 0x64, 0x63, 0x8C, 0x9F, 0x0F, 0x37, 0x37, 0xEE, 0x2F, 0xF6, 0xEE,
    0x5F, 0xB2, 0xF9, 0x07, 0x1F, 0xC9, 0x27, 0xE7, 0x7D, 0xBA, 0xDF, 0xBC, 0x28, 0xBF, 0xC8, 0xF9,
    0x5F, 0xE3, 0xBC, 0xCD, 0x3E, 0x1F, 0xAB, 0xEF, 0xAD, 0xF7, 0xDC, 0xF3, 0x0B, 0x9D, 0x3C, 0x6D,
    0x1F, 0x94, 0x3F, 0x9E, 0xCB, 0x1F, 0x2F, 0x79, 0xF7, 0xD4, 0x2F, 0x56, 0xF6, 0xAD, 0xE8, 0x82,
    0x95, 0x21, 0xFC, 0x94, 0x6A, 0x2B, 0x7C, 0x75, 0x9B, 0xEC, 0x7A, 0x35, 0xE5, 0xA8, 0x21, 0x6E,
    0xB6, 0x49, 0x97, 0x48, 0xAB, 0xD3, 0x8D, 0x17, 0x1B, 0xD7, 0xC8, 0x26, 0x84, 0x61, 0x63, 0x6F,
    0xFD, 0x9B, 0xF1, 0x6B, 0x9A, 0x25, 0x99, 0xD9, 0xB6, 0x89, 0xB6, 0xDD, 0xA1, 0x7C, 0x8C, 0x2C,
    0xFB, 0x6C, 0x8C, 0x93, 0xE7, 0x03, 0xCF, 0x15, 0x83, 0x7C, 0x51, 0xFC, 0xD9, 0xDF, 0xDB, 0x0D,
    0xCA, 0x18, 0x36, 0xF2, 0x89, 0xAB, 0x51, 0xCC, 0xEF, 0xA0, 0x3E, 0x2C, 0x78, 0xEF, 0x66, 0x27,
    0xE3, 0x21, 0x1E, 0xD8, 0x6F, 0xDA, 0x42, 0x64, 0x12, 0x5A, 0xD9, 0x98, 0x86, 0x5E, 0x3E, 0xA4,
    0x21, 0xDE, 0x3C, 0xB1, 0x6D, 0x14, 0x7D, 0xF6, 0xB3, 0x49, 0xD9, 0xE7, 0xE3, 0x12, 0x39, 0x5C,
    0x28, 0xBB, 0xA2, 0x3F, 0x51, 0xB5, 0x65, 0xDF, 0x6C, 0x75, 0xB3, 0xEA, 0x6A, 0x65, 0x17, 0xFF,
    0x55, 0x75, 0xF9, 0x18, 0x7F, 0x93, 0x4D, 0x27, 0x6A, 0xC9, 0x72, 0xAA, 0x61, 0xBD, 0x88, 0x3C,
    0x5B, 0x9D, 0xD0, 0x6C, 0xA9, 0x57, 0x8B, 0x4B, 0xCA, 0xC5, 0x05, 0xF9, 0x6C, 0xDD, 0x24, 0x70,
    0xD3, 0x32, 0x7B, 0x0E, 0x34, 0x3D, 0xC8, 0x67, 0xE0, 0x63, 0xB8, 0x2E, 0x9C, 0xD7, 0x9D, 0x42,
    0x1D, 0x0E, 0x8E, 0xBD, 0x62, 0x9B, 0xBC, 0x9A, 0x68, 0x3A, 0xD9, 0xC2, 0x01, 0x7B, 0xE9, 0xC2,
    0xB1, 0xA1, 0x1E, 0x3B, 0xEA, 0xB1, 0xA5, 0x6A, 0x1C, 0x57, 0x59, 0x0D, 0x8D, 0xE6, 0xAF, 0x9E,
    0xCE, 0x34, 0xB0, 0x6A, 0x90, 0x2C, 0xEA, 0x76, 0x53, 0x5D, 0xF5, 0x14, 0xA3, 0x72, 0xA0, 0xEE,
    0xA3, 0xC8, 0x24, 0x44, 0x0D, 0x6D, 0xB5, 0xD8, 0xDA, 0xF0, 0x80, 0x22, 0xEC, 0xC1, 0x9D, 0xD6,
    0x8D, 0xF1, 0x8E, 0x6B, 0x6B, 0xAD, 0x98, 0x5D, 0x9B, 0x6B, 0x0B, 0xD0, 0xF9, 0xFA, 0xA7, 0x59,
    0x8C, 0xAE, 0x1C, 0xF8, 0x66, 0xC1, 0x6F, 0x7A, 0xF0, 0xAF, 0x7D, 0x7E, 0x87, 0xAC, 0x73, 0xF4,
    0xE9, 0x9B, 0x51, 0xFF, 0xFA, 0x27, 0x16, 0x1B, 0xDB, 0xD1, 0xCB, 0xC7, 0xD3, 0xB9, 0xA3, 0x9B,
    0xFF, 0xFA, 0x27, 0x96, 0xF7, 0xE9, 0x94, 0x4F, 0xC5, 0x98, 0x2E, 0x4D, 0xEB, 0xF9, 0x4A, 0x33,
    0x51, 0x0F, 0xEC, 0x26, 0xD9, 0xA7, 0xAB, 0x72, 0x78, 0x1E, 0xC3, 0xB6, 0xEF, 0x7B, 0x13, 0xE0,
    0x9B, 0x3F, 0x70, 0xCB, 0x96, 0xDD, 0x78, 0x76, 0x74, 0xB5, 0x33, 0x42, 0x97, 0x84, 0xC1, 0x96,
    0x63, 0xD3, 0x53, 0x8E, 0xEC, 0xA2, 0x94, 0x4E, 0xFA, 0xF9, 0x48, 0x73, 0xFC, 0x42, 0xFE, 0x92,
    0xE6, 0x68, 0x77, 0xD7, 0x74, 0x8A, 0xF2, 0xB3, 0x29, 0x9D, 0xA4, 0xB3, 0xB2, 0xDF, 0xBA, 0x8D,
    0x46, 0xB6, 0x9D, 0x17, 0xDB, 0x39, 0xDF, 0x9A, 0x4F, 0x36, 0x55, 0x9D, 0xA2, 0x97, 0x4D, 0x67,
    0x94, 0xBD, 0xF4, 0xD3, 0x18, 0xA7, 0x95, 0x84, 0x91, 0xE7, 0x08, 0xAD, 0x74, 0xC5, 0xAE, 0x53,
    0x4E, 0x51, 0xDD, 0x9C, 0xEC, 0x3A, 0x8A, 0xFF, 0x1C, 0xB6, 0x94, 0xEB, 0x76, 0x17, 0x06, 0x90,
    0x3C, 0x74, 0x3D, 0xE4, 0xED, 0xF5, 0x8A, 0xCC, 0xF6, 0xD7, 0x56, 0x56, 0xB1, 0x31, 0x69, 0x81,
    0xE3, 0xF7, 0x4F, 0x16, 0x8A, 0x3E, 0x99, 0x6D, 0x62, 0x29, 0xBB, 0x6C, 0xA2, 0x7A, 0xC1, 0x76,
    0xEB, 0x43, 0x51, 0xAC, 0x46, 0x3E, 0x44, 0x16, 0x3D, 0x27, 0x51, 0xAE, 0xD3, 0x8D, 0x97, 0xCA,
    0x8E, 0x0B, 0x55, 0xCB, 0xAA, 0x7E, 0x41, 0x2C, 0x1A, 0x92, 0xF9, 0xD8, 0x16, 0x23, 0x47, 0x75,
    0xAB, 0xEC, 0x55, 0xBD, 0xA6, 0x53, 0x7E, 0xF6, 0xFA, 0x81, 0x2C, 0x84, 0x05, 0xBB, 0xD0, 0xE1,
    0xD6, 0x03, 0xD7, 0x43, 0xD2, 0x43, 0xB5, 0x71, 0xD7, 0x5E, 0x35, 0x87, 0x18, 0x8D, 0x5F, 0xE1,
    0x55, 0xCF, 0xE2, 0xB5, 0xEB, 0xFE, 0x56, 0x7C, 0xD2, 0x3B, 0xDE, 0x23, 0xEE, 0xFB, 0x08, 0x5E,
    0x79, 0xFD, 0xC7, 0x6F, 0x77, 0x7F, 0x7B, 0x8A, 0xFC, 0xFD, 0xC8, 0xDB, 0xE9, 0xF0, 0xB5, 0x50,
    0x0E, 0x7C, 0x84, 0x7C, 0x42, 0x33, 0x90, 0xEE, 0x91, 0x0D, 0x48, 0xB9, 0xF2, 0x16, 0xC9, 0x83,
    0x33, 0xF2, 0xB1, 0x89, 0xD2, 0xEB, 0x56, 0xD3, 0x56, 0x9D, 0xB3, 0x18, 0x61, 0x55, 0x0C, 0xD9,
    0x24, 0x1F, 0xB7, 0x55, 0x1A, 0x97, 0xE6, 0xDC, 0xD8, 0x9C, 0x0E, 0xEB, 0x16, 0xEF, 0x38, 0x31,
    0x4D, 0xF7, 0xA5, 0xC6, 0xFD, 0x4B, 0x9E, 0xA7, 0x3C, 0xBC, 0xF1, 0xCF, 0xBF, 0xB4, 0x69, 0xF8,
    0xEC, 0x51, 0x1B, 0xF3, 0xD9, 0x47, 0x84, 0x2E, 0x1F, 0x55, 0x7D, 0x3E, 0xC8, 0xC7, 0xA2, 0xDF,
    0x44, 0x1C, 0x31, 0x96, 0x9D, 0x7C, 0xAC, 0x3A, 0x65, 0x5F, 0xB5, 0x9A, 0xAE, 0x6E, 0x7F, 0xF5,
    0xA0, 0x09, 0x61, 0x89, 0x68, 0xFF, 0xF2, 0xA6, 0xE1, 0x86, 0x80, 0xAB, 0x2A, 0x71, 0x1E, 0x3A,
    0x31, 0xC2, 0x44, 0x39, 0xE6, 0x5B, 0xC5, 0xB1, 0x72, 0x26, 0xF2, 0x62, 0xE3, 0x2A, 0x59, 0x58,
    0x14, 0x63, 0x94, 0x77, 0xDE, 0x4A, 0xE7, 0x6D, 0x17, 0x1E, 0xEB, 0x96, 0xF8, 0x64, 0x93, 0x6C,
    0x2C, 0xA6, 0xC8, 0xFC, 0x40, 0x3E, 0x24, 0x61, 0x52, 0xF4, 0xAA, 0xBD, 0xB2, 0x27, 0x6C, 0x6C,
    0x94, 0xDF, 0x7B, 0xAA, 0xDE, 0x9E, 0x3A, 0x35, 0x5F, 0x70, 0x76, 0xA6, 0xB6, 0x4F, 0x56, 0x8D,
    0x5D, 0x98, 0xE3, 0xB5, 0xD0, 0xC1, 0x83, 0x1B, 0x1F, 0x99, 0xFD, 0x55, 0xBD, 0x2A, 0x66, 0x24,
    0x11, 0xBE, 0x05, 0x48, 0xC3, 0x48, 0x1D, 0xF6, 0xC4, 0x87, 0xCA, 0xE9, 0xA2, 0x69, 0x63, 0x97,
    0xE8, 0x92, 0xF6, 0xEA, 0xD1, 0x70, 0x1D, 0xC2, 0xD6, 0xA5, 0x94, 0x5B, 0x8C, 0xCE, 0x89, 0x86,
    0xE7, 0x11, 0x7B, 0x8D, 0x6C, 0xD5, 0xF4, 0xF5, 0xAA, 0x0A, 0xEB, 0x2A, 0x0F, 0xE3, 0xC2, 0x1D,
    0xD7, 0xE3, 0x1E, 0xD2, 0x15, 0xD5, 0x88, 0xB0, 0x09, 0x88, 0x68, 0x7D, 0xF5, 0x0A, 0x12, 0xA8,
    0x06, 0x92, 0xB0, 0x90, 0x8F, 0x67, 0xDC, 0xF6, 0x26, 0x78, 0x39, 0xE9, 0x27, 0xFB, 0x82, 0xFC,
    0x93, 0x7F, 0xC3, 0x9B, 0xF9, 0xF2, 0x92, 0xE2, 0x76, 0x6F, 0x91, 0x4D, 0x97, 0x11, 0x7B, 0x92,
    0xE1, 0xDE, 0x4B, 0x8A, 0x7B, 0xBB, 0xC3, 0xF9, 0x84, 0xE9, 0x3D, 0x8C, 0xEF, 0x44, 0xBC, 0x8F,
    0x1F, 0xFD, 0x5B, 0xD4, 0xE3, 0x4B, 0x7C, 0xDB, 0xD9, 0x5A, 0x7B, 0x98, 0xA9, 0xC2, 0xA1, 0x0C,
    0x81, 0xDD, 0xBF, 0xDA, 0xED, 0x9E, 0x9C, 0x77, 0xC9, 0xAA, 0x5E, 0x95, 0x7D, 0x36, 0x29, 0xA7,
    0xB8, 0xCE, 0x1E, 0xD8, 0x4A, 0x00, 0xAA, 0xED, 0x5C, 0x87, 0x38, 0xC6, 0x34, 0x6C, 0x63, 0x88,
    0xC1, 0x5B, 0x62, 0xFC, 0x06, 0x11, 0x3B, 0x6E, 0x69, 0x08, 0xAD, 0x3A, 0x0A, 0x09, 0xBD, 0xB3,
    0xA8, 0xE5, 0x3F, 0xCC, 0xAF, 0xAF, 0x31, 0x5C, 0x16, 0xC2, 0x28, 0x0F, 0xB3, 0x5D, 0x68, 0xB9,
    0x73, 0x55, 0x44, 0xBF, 0xAA, 0xBF, 0xE0, 0x28, 0xDB, 0x08, 0xA8, 0xC6, 0x88, 0x15, 0x3E, 0xB8,
    0xC2, 0xC5, 0xF6, 0x5E, 0x90, 0x3C, 0x6B, 0x01, 0x8C, 0x48, 0xD6, 0x2B, 0x1B, 0x50, 0x4E, 0x48,
    0x22, 0xAE, 0xCA, 0x42, 0xFE, 0x42, 0xE9, 0x2A, 0x39, 0x44, 0xA5, 0x93, 0xA6, 0xDD, 0x36, 0xF4,
    0x55, 0xEC, 0x17, 0x8D, 0x88, 0x58, 0x52, 0xCF, 0x23, 0x4E, 0xE1, 0x1A, 0x27, 0x3C, 0xD6, 0x48,
    0x16, 0xD5, 0xF0, 0x42, 0x69, 0x77, 0x54, 0x7A, 0xAB, 0xBD, 0xB9, 0x59, 0x4D, 0x67, 0xD4, 0x23,
    0xC9, 0x01, 0xE9, 0xA6, 0xAA, 0xF5, 0xD5, 0x2B, 0x48, 0xA0, 0xEE, 0xD9, 0xEE, 0x90, 0x62, 0xB8,
    0xE4, 0x0D, 0x77, 0xE1, 0xAB, 0x0F, 0x9E, 0xB4, 0xDF, 0x22, 0x1F, 0x57, 0xF2, 0x69, 0x25, 0xED,
    0xBE, 0xFB, 0x72, 0xE2, 0x92, 0x75, 0xF2, 0x49, 0x7A, 0xA0, 0xE9, 0xE5, 0x3D, 0x1D, 0xCC, 0x92,
    0xE3, 0x17, 0x38, 0xDB, 0x31, 0xCA, 0x87, 0x78, 0x7C, 0xD9, 0xDF, 0xA4, 0x34, 0x40, 0x32, 0x28,
    0x46, 0xBB, 0x2E, 0x5F, 0x14, 0x9D, 0x5B, 0xFC, 0x9C, 0x53, 0xBD, 0xC6, 0x4E, 0x1E, 0x86, 0xFA,
    0xDB, 0xF3, 0x7B, 0xBE, 0xE3, 0xE7, 0x9D, 0xE7, 0x96, 0xAE, 0xFA, 0x97, 0x53, 0xF5, 0x93, 0xE9,
    0x76, 0x32, 0xF8, 0xB9, 0xC5, 0x48, 0xDA, 0xD7, 0x48, 0x3F, 0xBD, 0x40, 0xF8, 0x29, 0xBF, 0x16,
    0x70, 0xF2, 0xBB, 0x2D, 0xDF, 0x28, 0x7A, 0xE4, 0xBD, 0x34, 0xFC, 0xE9, 0xA8, 0x0E, 0x87, 0x49,
    0xF8, 0xD7, 0x61, 0xCA, 0x16, 0xD5, 0x54, 0x0E, 0x8A, 0xA9, 0xEA, 0x64, 0x53, 0xC3, 0x11, 0x67,
    0x11, 0xA7, 0x64, 0xE3, 0x29, 0xC5, 0xB0, 0x6D, 0x46, 0x1A, 0xEA, 0xB6, 0xEE, 0x3C, 0x57, 0xCE,
    0xF9, 0x2A, 0x0F, 0x61, 0x64, 0x77, 0xB8, 0x69, 0xB2, 0x76, 0x59, 0x1F, 0xB7, 0xC4, 0xAD, 0xFC,
    0xDB, 0x7B, 0xD7, 0xC3, 0x54, 0xEF, 0x25, 0x3F, 0x0B, 0xA1, 0x4D, 0x3F, 0xFF, 0x4F, 0xE7, 0x7D,
    0x76, 0x50, 0x0E, 0xD9, 0x22, 0x1F, 0x8F, 0x96, 0x4A, 0x3E, 0xC4, 0xDC, 0x86, 0xA2, 0x57, 0xF4,
    0x31, 0xB9, 0x23, 0xBA, 0xED, 0xD6, 0x51, 0xB5, 0x5B, 0x9E, 0x35, 0xF5, 0x96, 0x6B, 0xC4, 0x09,
    0xC0, 0xE8, 0xA6, 0x45, 0x98, 0x90, 0xCC, 0x7F, 0x7D, 0x2D, 0x08, 0x7F, 0x67, 0xAB, 0x5A, 0xCD,
    0x55, 0xD5, 0x2A, 0xFA, 0x86, 0x62, 0xD8, 0x70, 0x46, 0xD1, 0x9F, 0x52, 0xBE, 0xC0, 0x19, 0x75,
    0xFB, 0x22, 0x5A, 0x67, 0xAB, 0x5A, 0x73, 0x4C, 0x7A, 0x90, 0x84, 0xC3, 0xCD, 0x5A, 0xE0, 0x3D,
    0xA4, 0x0B, 0xAA, 0x11, 0x87, 0x9B, 0x16, 0xE1, 0x2B, 0x56, 0x90, 0x40, 0xD5, 0x6F, 0x16, 0xE1,
    0x38, 0xC7, 0x6D, 0x6F, 0x80, 0x97, 0x93, 0x7E, 0xBA, 0x2F, 0x28, 0xC2, 0xF3, 0xCD, 0x22, 0xBC,
    0x9C, 0xB8, 0x47, 0x8B, 0x70, 0x71, 0x65, 0x11, 0xFE, 0xD9, 0x4B, 0x8A, 0xDB, 0x92, 0x4F, 0x14,
    0xD3, 0x76, 0xA6, 0x05, 0x4D, 0x08, 0xD3, 0x79, 0x08, 0xD3, 0xDB, 0xCF, 0x9E, 0x3D, 0x01, 0xBF,
    0x8E, 0xA6, 0xE5, 0xBC, 0xA5, 0x76, 0x35, 0x3E, 0x3C, 0x14, 0x9B, 0x9D, 0x3F, 0x50, 0x7E, 0x5A,
    0x6D, 0x3E, 0x3B, 0x5B, 0xD9, 0x2B, 0x57, 0xC9, 0xEA, 0xE4, 0x52, 0x3A, 0x9B, 0x4F, 0x65, 0x53,
    0x3E, 0x7C, 0xC1, 0xB1, 0x6A, 0x4F, 0xE5, 0xE3, 0xA9, 0x0B, 0xF9, 0x7F, 0x9D, 0xAD, 0xB2, 0xBF,
    0x18, 0x92, 0x45, 0x16, 0xA2, 0xD5, 0x48, 0x57, 0xE5, 0x20, 0x0D, 0xED, 0xAE, 0x55, 0x84, 0xB0,
    0xA7, 0x2E, 0xC2, 0x08, 0x0F, 0x7D, 0x59, 0x9B, 0xAC, 0x46, 0xA4, 0x13, 0x7C, 0x03, 0xC8, 0x7B,
    0x79, 0x7F, 0xBD, 0xE8, 0xB6, 0xF5, 0x16, 0x0B, 0xCB, 0x71, 0xD1, 0x5D, 0xAF, 0xB7, 0x88, 0x13,
    0x4E, 0x9C, 0x71, 0xEA, 0x94, 0xBD, 0xB3, 0x38, 0xF5, 0xB9, 0x7C, 0xD5, 0x74, 0x1F, 0x6E, 0x3E,
    0x66, 0x91, 0x87, 0x61, 0xBE, 0xA1, 0xC0, 0x77, 0x91, 0xCD, 0xA8, 0x87, 0x63, 0x9B, 0xCC, 0x36,
    0x55, 0x7C, 0xF5, 0x0A, 0x12, 0xA8, 0xBB, 0x63, 0x9B, 0x2C, 0xAF, 0xDB, 0xE4, 0x4B, 0x08, 0x7E,
    0xDD, 0x26, 0x23, 0x62, 0x9B, 0x7C, 0x39, 0x71, 0xBF, 0x7C, 0xAB, 0x3B, 0x22, 0x05, 0xA8, 0x49,
    0xA7, 0xAA, 0x95, 0x8F, 0x31, 0x78, 0x94, 0x51, 0xB7, 0x45, 0xEF, 0x44, 0x3E, 0x58, 0xB7, 0x67,
    0xD4, 0xDB, 0xD3, 0x07, 0xE9, 0x54, 0xF4, 0x92, 0xB9, 0xEA, 0x58, 0x1A, 0xAC, 0x97, 0xB8, 0x5C,
    0x70, 0x7E, 0x9C, 0x9D, 0xAA, 0x47, 0x0D, 0x67, 0xB0, 0x22, 0x9D, 0x8F, 0x11, 0x95, 0x3D, 0xAA,
    0x16, 0x0D, 0xBC, 0xC5, 0x76, 0x71, 0x63, 0xE7, 0xF8, 0x3B, 0xEA, 0x17, 0x04, 0x0D, 0x38, 0x01,
    0x67, 0x45, 0xE8, 0x38, 0x3D, 0x0F, 0x13, 0xCF, 0x3F, 0xFB, 0x9D, 0x95, 0xD0, 0xDB, 0x13, 0x38,
    0x67, 0x4F, 0x23, 0x59, 0xA9, 0x25, 0x73, 0x64, 0x3A, 0xD1, 0xC8, 0xAE, 0x78, 0x26, 0x9B, 0xB9,
    0x94, 0x2F, 0x92, 0x55, 0xB1, 0x97, 0x4F, 0x8A, 0xD0, 0x7D, 0x38, 0x28, 0xFF, 0x63, 0x08, 0xAD,
    0xF2, 0xC7, 0x61, 0xA1, 0xEA, 0xEE, 0xA0, 0xBA, 0x29, 0xE1, 0xA6, 0x10, 0xA7, 0xAE, 0xE5, 0x4B,
    0xDA, 0x07, 0x14, 0x7F, 0xB2, 0x50, 0xFE, 0xC9, 0xF6, 0xE1, 0x3E, 0xC5, 0x2B, 0xF1, 0xD6, 0xFE,
    0x5F, 0xD5, 0x9B, 0x3F, 0x90, 0xDC, 0xD6, 0x7D, 0xC7, 0xBF, 0x0F, 0x50, 0x0E, 0x36, 0x91, 0x31,
    0x94, 0x19, 0x71, 0x46, 0xB1, 0xCC, 0x20, 0x85, 0x0B, 0x8D, 0xCD, 0x1C, 0x1A, 0x15, 0x9C, 0x09,
    0xB9, 0x80, 0xEC, 0x49, 0x95, 0xE6, 0x0A, 0x5E, 0x9A, 0xB4, 0x6A, 0xE2, 0x8C, 0x87, 0x29, 0x54,
    0xA8, 0xB8, 0xDD, 0x45, 0xE2, 0xC2, 0x2D, 0x9B, 0xF4, 0x2E, 0xAE, 0x09, 0x53, 0x38, 0x45, 0x0A,
    0x17, 0x7B, 0x5C, 0x68, 0x52, 0xA4, 0x48, 0x61, 0x44, 0xB1, 0x26, 0x45, 0x8A, 0xC0, 0x0E, 0x33,
    0xF1, 0xC4, 0x85, 0x11, 0x09, 0x8E, 0x1E, 0x25, 0xEC, 0x22, 0xEF, 0x33, 0x02, 0x1E, 0xB9, 0x3C,
    0x92, 0xA1, 0x34, 0xBC, 0xE3, 0xF1, 0xF1, 0xF0, 0xC5, 0x0E, 0xF6, 0xED, 0xEF, 0xCF, 0xF7, 0xFD,
    0xDE, 0x9F, 0xDF, 0xC3, 0xA3, 0xC6, 0x92, 0x0C, 0x43, 0x2D, 0xA5, 0xE0, 0xE3, 0xCA, 0x65, 0x40,
    0x79, 0x01, 0xAE, 0x4B, 0x07, 0x66, 0xA8, 0x1C, 0x86, 0xA0, 0xA2, 0x7F, 0x03, 0x93, 0x7F, 0xE4,
    0xA7, 0xE9, 0x77, 0x1B, 0x2A, 0x86, 0xE0, 0x2A, 0x6C, 0x1D, 0xDA, 0xC0, 0x61, 0xD0, 0x06, 0x9D,
    0x14, 0x36, 0xC6, 0x61, 0x5C, 0xC9, 0x4A, 0x69, 0xA9, 0x1E, 0x89, 0xE0, 0x72, 0x18, 0x1C, 0x0E,
    0xC3, 0xB0, 0x11, 0x15, 0x16, 0xE2, 0x87, 0xB9, 0xE2, 0x1A, 0x4C, 0x2A, 0x29, 0x53, 0x56, 0x38,
    0x2C, 0x72, 0x89, 0x1F, 0x8A, 0x92, 0x0D, 0x4E, 0x39, 0xA0, 0x47, 0x4A, 0x30, 0x34, 0x7C, 0xBB,
    0x91, 0x86, 0xB7, 0x07, 0x05, 0xD6, 0x29, 0x71, 0xF2, 0xD2, 0xD2, 0x14, 0x0E, 0x10, 0x50, 0xF0,
    0x33, 0x57, 0xCD, 0x41, 0xD2, 0x29, 0xE7, 0xE9, 0x4C, 0xB9, 0x74, 0x17, 0xD8, 0x38, 0x08, 0x7B,
    0xE5, 0x55, 0xD6, 0x3B, 0x3A, 0xFA, 0x5E, 0xD1, 0xD0, 0xD8, 0x89, 0x00, 0x53, 0x06, 0x85, 0x14,
    0x56, 0xB1, 0xC3, 0xA0, 0xC9, 0x78, 0x82, 0xE5, 0xD2, 0xB2, 0xB9, 0xD8, 0x8C, 0x05, 0xC5, 0x9E,
    0x14, 0x96, 0x89, 0x83, 0x7A, 0x1F, 0x8A, 0x7A, 0xCC, 0x6A, 0xCE, 0x9E, 0xB6, 0x0B, 0x47, 0x46,
    0x86, 0x7A, 0x6D, 0x81, 0xA8, 0x06, 0x93, 0x02, 0x4C, 0x25, 0xF0, 0x6D, 0x30, 0x19, 0xC0, 0xE0,
    0x6F, 0xCE, 0x8A, 0x98, 0x9F, 0x43, 0x4C, 0x82, 0xF2, 0x39, 0xF2, 0x3B, 0xF8, 0x68, 0x81, 0xEE,
    0x55, 0x87, 0x68, 0xD3, 0xB7, 0x4A, 0x3D, 0x28, 0xD7, 0x80, 0xC0, 0x82, 0x69, 0x33, 0x59, 0x8F,
    0xAB, 0x60, 0x21, 0x5F, 0xCC, 0x9D, 0xDB, 0x82, 0x8D, 0xAD, 0x84, 0x31, 0x15, 0xD6, 0x64, 0x8D,
    0xF2, 0x52, 0x51, 0xAB, 0x8D, 0x14, 0xDA, 0xC0, 0x22, 0x08, 0x7A, 0x74, 0x0C, 0x3D, 0x82, 0x1E,
    0xDF, 0xA7, 0x20, 0x09, 0xCA, 0x9E, 0x8A, 0x85, 0x94, 0x94, 0x59, 0x49, 0x6D, 0x7E, 0xBB, 0x54,
    0xDC, 0x29, 0xE8, 0x15, 0x6E, 0x8B, 0xB4, 0x93, 0x50, 0xCB, 0x30, 0x72, 0x9F, 0xBA, 0x87, 0x7A,
    0x50, 0xDE, 0xA5, 0xB9, 0x3B, 0x94, 0xD4, 0x92, 0xC1, 0x01, 0xDA, 0x58, 0x46, 0x53, 0xD9, 0xC3,
    0xEF, 0x9C, 0x26, 0x84, 0x65, 0x57, 0x35, 0x2B, 0x1D, 0x45, 0x49, 0x95, 0x96, 0xBA, 0x54, 0xE6,
    0xDE, 0x80, 0x05, 0x30, 0xF7, 0xB0, 0x20, 0xB6, 0x72, 0xEE, 0x79, 0x61, 0x7A, 0x47, 0x4F, 0xDC,
    0x2A, 0xC6, 0x06, 0x43, 0x7B, 0xE9, 0xB7, 0x0A, 0xF9, 0x42, 0x3B, 0xF9, 0xF6, 0x4F, 0x00, 0xE9,
    0xA2, 0x73, 0xF7, 0x0A, 0x90, 0xF9, 0xBE, 0x93, 0x8A, 0x72, 0x6E, 0x8C, 0x85, 0x8A, 0x44, 0x2F,
    0x41, 0x4C, 0xB0, 0xB5, 0x42, 0x62, 0x09, 0x7E, 0xE5, 0xC2, 0xC7, 0x9C, 0x91, 0xE2, 0xE2, 0xF7,
    0x1C, 0x34, 0x1B, 0xC9, 0x40, 0x94, 0xF6, 0xCF, 0x97, 0xBC, 0x1F, 0xB9, 0x7F, 0xD2, 0x49, 0x54,
    0x23, 0x6A, 0x5D, 0x40, 0x64, 0x27, 0x4A, 0xA9, 0xA9, 0x1C, 0x1E, 0x16, 0xC2, 0xFC, 0x6D, 0x01,
    0x0E, 0x2D, 0x5D, 0xFA, 0x8D, 0x5E, 0x01, 0x3E, 0x89, 0x61, 0x8F, 0x81, 0x06, 0xA2, 0xC2, 0x06,
    0xD2, 0x22, 0xB0, 0x42, 0x60, 0x5C, 0xC5, 0x15, 0x08, 0x19, 0xC9, 0x84, 0x25, 0x98, 0x96, 0xD4,
    0x27, 0xD2, 0x33, 0x65, 0x68, 0x56, 0x8E, 0x15, 0x60, 0x60, 0x35, 0x93, 0xE2, 0x16, 0x4F, 0x96,
    0x95, 0xEE, 0x1E, 0xFE, 0xE9, 0x56, 0x5A, 0x0F, 0xF0, 0x30, 0xC0, 0xDD, 0xC3, 0x25, 0x43, 0x8E,
    0x94, 0xC3, 0xB9, 0x34, 0x7B, 0x83, 0x9B, 0x16, 0x51, 0x21, 0x88, 0xC8, 0x40, 0xAD, 0xDE, 0x03,
    0xD5, 0xE3, 0xD8, 0x50, 0x73, 0x5B, 0x0E, 0xD6, 0x42, 0xF6, 0xE1, 0xB6, 0xC3, 0x59, 0x65, 0xEE,
    0x06, 0xA7, 0x2D, 0x26, 0xA1, 0x18, 0x2B, 0xA2, 0xF1, 0xD6, 0x08, 0x32, 0x89, 0x87, 0xB9, 0xBF,
    0xE1, 0xC8, 0x42, 0x4A, 0x2B, 0xAA, 0x10, 0x42, 0x5C, 0x03, 0x1E, 0xDD, 0x8B, 0x87, 0x02, 0x3D,
    0xC3, 0x2D, 0xA1, 0xC1, 0x66, 0x1A, 0xD9, 0xE6, 0x76, 0x78, 0x53, 0x62, 0xFD, 0x72, 0x8F, 0x20,
    0x20, 0x10, 0xB3, 0xC2, 0xAC, 0x2B, 0xDC, 0x4F, 0x1A, 0x04, 0x39, 0x0E, 0x67, 0x93, 0xFB, 0xEA,
    0x35, 0x17, 0xB8, 0x12, 0xD8, 0x83, 0x39, 0x8B, 0x1E, 0xB0, 0x52, 0xFF, 0xED, 0xED, 0x9D, 0x52,
    0x96, 0xA1, 0xD5, 0x74, 0x41, 0xCB, 0x6F, 0xC3, 0x16, 0x6B, 0xC1, 0xA4, 0x0A, 0x1B, 0x84, 0xD3,
    0x02, 0x77, 0xB1, 0x39, 0xB2, 0x8A, 0x3F, 0xFC, 0x93, 0x75, 0xAD, 0x04, 0xB5, 0xE0, 0xED, 0x91,
    0xBE, 0x47, 0x43, 0x98, 0xC6, 0x9D, 0x10, 0xD5, 0xA8, 0x9D, 0x78, 0x83, 0xB6, 0x91, 0x35, 0x48,
    0xEB, 0x46, 0xCE, 0xA0, 0xAC, 0x1D, 0x19, 0x03, 0x9B, 0x91, 0xAF, 0xF9, 0x84, 0x49, 0x35, 0x92,
    0x05, 0x57, 0xE5, 0x48, 0x15, 0x4C, 0x15, 0x23, 0x51, 0xF0, 0xB4, 0x1B, 0x94, 0x09, 0xAD, 0x0D,
    0x68, 0xA7, 0x10, 0x89, 0x87, 0x07, 0x1A, 0xF8, 0x02, 0xC0, 0x7D, 0x05, 0x00, 0x14, 0x28, 0x04,
    0x70, 0x5D, 0x11, 0x80, 0xFB, 0x22, 0xFE, 0x90, 0xD4, 0x8F, 0xF0, 0xA1, 0xFB, 0x3D, 0x51, 0x07,
    0x4C, 0x23, 0x96, 0x87, 0x99, 0xEF, 0x3F, 0x27, 0xE8, 0x59, 0xC3, 0xC3, 0x00, 0x48, 0x14, 0x98,
    0x07, 0x4A, 0xED, 0x16, 0x96, 0x10, 0x7C, 0xDB, 0xCB, 0x6C, 0xE9, 0xA3, 0x8E, 0x07, 0xBA, 0x7F,
    0x42, 0x78, 0x27, 0x55, 0x2E, 0xC0, 0x89, 0x29, 0x97, 0x00, 0xE2, 0xE5, 0x01, 0x95, 0x47, 0xCA,
    0x65, 0xAC, 0xD2, 0x9A, 0x3E, 0x8A, 0xF4, 0x07, 0x7D, 0x94, 0x75, 0x5C, 0xA9, 0xA0, 0x8A, 0x1C,
    0xB4, 0xA9, 0x24, 0xBE, 0xD1, 0xB2, 0xBD, 0x08, 0x94, 0x04, 0xDA, 0x93, 0xA2, 0x22, 0x41, 0xEA,
    0x9C, 0x25, 0x92, 0xC5, 0xBE, 0xFA, 0x7C, 0x78, 0x91, 0x91, 0xF7, 0xA4, 0x46, 0x53, 0x79, 0x11,
    0x28, 0x39, 0x3D, 0x0D, 0x9E, 0x0F, 0x1B, 0x2F, 0xCC, 0xDF, 0x1C, 0xDA, 0x2D, 0xF2, 0x6B, 0xA0,
    0x12, 0xF2, 0x8B, 0x69, 0xBD, 0x7C, 0xA7, 0x38, 0x4B, 0xCF, 0xD3, 0x66, 0xB2, 0xCD, 0x02, 0x2D,
    0x60, 0x59, 0x97, 0x62, 0x99, 0xDE, 0xB8, 0xAD, 0xB1, 0x04, 0x25, 0x5D, 0xA8, 0xC5, 0xB3, 0x2D,
    0xBF, 0x4B, 0x6B, 0x1E, 0xBE, 0xF8, 0x01, 0xC5, 0x48, 0x11, 0x33, 0x7F, 0xD4, 0x9E, 0xF8, 0x99,
    0xFF, 0x9C, 0xE2, 0x45, 0xC1, 0x94, 0x1E, 0x82, 0x4F, 0x4D, 0x0F, 0xFD, 0xB2, 0x89, 0x46, 0x65,
    0xFE, 0x49, 0x9D, 0xCC, 0x56, 0xCB, 0x52, 0xA1, 0x15, 0x4B, 0x96, 0x3E, 0x80, 0xFE, 0x4D, 0x84,
    0x4F, 0x37, 0x93, 0xC7, 0x2D, 0x9B, 0x2E, 0x1F, 0xDE, 0xCC, 0xC9, 0x4B, 0x7A, 0x87, 0xDF, 0xFA,
    0x5B, 0xEB, 0x50, 0x06, 0x74, 0x44, 0x83, 0x61, 0x9B, 0x15, 0x4C, 0xF7, 0xCC, 0xA6, 0x69, 0x9B,
    0xD4, 0x18, 0x11, 0x75, 0x30, 0x12, 0x0C, 0xC5, 0xAD, 0xFF, 0xAA, 0x61, 0xED, 0x8F, 0x2B, 0xA5,
    0x83, 0x85, 0xFA, 0x43, 0x51, 0x5E, 0xD7, 0x9B, 0x0E, 0xAF, 0xEA, 0x1A, 0x7A, 0x4C, 0x2B, 0x5A,
    0xA4, 0x16, 0x26, 0x16, 0xDA, 0x2D, 0x4B, 0x5C, 0x0F, 0x07, 0x30, 0xB9, 0x97, 0xFE, 0x27, 0x06,
    0xD1, 0xA0, 0x33, 0xF8, 0xD4, 0x5C, 0x7C, 0x5E, 0x09, 0x9C, 0x0B, 0xF1, 0x4B, 0x65, 0xCC, 0xE6,
    0xFF, 0xBD, 0x15, 0x16, 0xE3, 0xD9, 0x96, 0x28, 0xA6, 0xB2, 0x14, 0x6F, 0x0F, 0x24, 0x56, 0x8F,
    0x0D, 0x7C, 0x41, 0x67, 0x5C, 0x9B, 0x35, 0x9E, 0xD2, 0xDD, 0x33, 0x11, 0x02, 0x78, 0x2A, 0x90,
    0xBF, 0xD2, 0x6C, 0xA4, 0xE4, 0xD3, 0x1F, 0x77, 0xC2, 0x04, 0x58, 0xF9, 0xDE, 0xF1, 0x48, 0x2B,
    0x00, 0x51, 0x1E, 0xE3, 0xF2, 0xA5, 0x60, 0x5E, 0xF4, 0x30, 0x38, 0xA3, 0x6C, 0x00, 0xBD, 0xA7,
    0x8B, 0xCF, 0xF9, 0x85, 0xE5, 0xF3, 0x35, 0x40, 0x0B, 0x40, 0x77, 0x01, 0x5D, 0x01, 0x74, 0x15,
    0xD0, 0x4F, 0x00, 0x53, 0x83, 0x52, 0x0C, 0xE8, 0x06, 0xA0, 0xBF, 0x03, 0x74, 0xFF, 0xA1, 0x56,
    0xE8, 0x5F, 0x8A, 0x56, 0xB8, 0x29, 0x99, 0x03, 0xF5, 0x42, 0xAE, 0x75, 0xD8, 0x80, 0x51, 0x6D,
    0x3A, 0x30, 0x1F, 0x5C, 0xD9, 0xE4, 0x60, 0xFF, 0xED, 0x4F, 0xEF, 0xDC, 0xF9, 0xF1, 0x2F, 0x31,
    0x2F, 0x29, 0xA3, 0x06, 0x05, 0x51, 0x8D, 0x0B, 0x31, 0xDF, 0x2A, 0x01, 0xC7, 0x65, 0x78, 0x52,
    0x82, 0x69, 0x81, 0x23, 0xF0, 0xBF, 0xC2, 0x0C, 0xF5, 0xCA, 0x3D, 0xB2, 0xA0, 0x26, 0x65, 0x99,
    0x0B, 0x5C, 0x31, 0xB8, 0x83, 0x21, 0x3C, 0xF8, 0x60, 0xEE, 0x85, 0xDF, 0x5B, 0x80, 0x60, 0xB0,
    0x12, 0x95, 0xA9, 0xBB, 0xB4, 0x0A, 0x3F, 0x72, 0xEA, 0xC2, 0xE1, 0x9F, 0xD7, 0x55, 0xB8, 0x51,
    0x5A, 0x45, 0x9D, 0xD3, 0x1D, 0x37, 0xA4, 0x37, 0xB5, 0x03, 0x46, 0xE5, 0x11, 0x4A, 0x31, 0x3E,
    0x2B, 0x2D, 0x32, 0x8C, 0x05, 0x04, 0x1D, 0x9A, 0x41, 0xFC, 0x02, 0x98, 0x8F, 0x4A, 0xA3, 0xEE,
    0x4A, 0xBA, 0x5E, 0x5D, 0x4F, 0x1A, 0x51, 0x60, 0x06, 0x13, 0x2C, 0x4A, 0x83, 0x0E, 0x0B, 0xC3,
    0x16, 0x7A, 0x22, 0xF7, 0x87, 0x0E, 0x9C, 0xE5, 0xAF, 0x84, 0xF3, 0xB4, 0x98, 0xA8, 0x46, 0x22,
    0xF2, 0x4E, 0xF0, 0x02, 0x01, 0x22, 0x00, 0xAF, 0xEF, 0x6F, 0xBB, 0xB7, 0x98, 0xE7, 0x44, 0xE9,
    0x90, 0x89, 0x40, 0x2F, 0xB3, 0x7E, 0x54, 0x26, 0x02, 0xBD, 0x4C, 0x1F, 0x3E, 0x85, 0x8B, 0x57,
    0xED, 0x94, 0x9B, 0x23, 0x51, 0x56, 0xC8, 0xC4, 0x50, 0x04, 0x23, 0x16, 0xB9, 0x18, 0x8B, 0x64,
    0x44, 0x2B, 0x99, 0xAE, 0x52, 0x98, 0x8C, 0x0A, 0x14, 0x20, 0x9E, 0x0B, 0xBB, 0x31, 0x1C, 0xCB,
    0x31, 0x1D, 0xB1, 0x7E, 0x91, 0x7D, 0x6A, 0x8D, 0x7D, 0x83, 0xCA, 0xBE, 0xE2, 0x8E, 0x0D, 0x5C,
    0xDE, 0x06, 0xAE, 0xC9, 0x86, 0x47, 0xEC, 0xB8, 0xA4, 0xAF, 0x26, 0xBA, 0x9A, 0x94, 0xAB, 0x78,
    0x68, 0x03, 0xC4, 0x3F, 0x4F, 0xD6, 0xBF, 0xA2, 0xD7, 0xAF, 0xE8, 0x7A, 0xFA, 0x76, 0x97, 0x0C,
    0x0D, 0x73, 0xD0, 0x97, 0x27, 0xFE, 0xF2, 0x63, 0xC4, 0x63, 0x9F, 0x3D, 0x25, 0xAB, 0x79, 0x8A,
    0xAC, 0xC0, 0xF2, 0x60, 0x5F, 0xBA, 0x2E, 0xCD, 0x5E, 0x51, 0xDE, 0x6B, 0xEF, 0x1E, 0x63, 0xF7,
    0x24, 0xF6, 0x48, 0x5F, 0xCE, 0xC4, 0xA5, 0x42, 0xCB, 0x83, 0x1B, 0x42, 0xC4, 0x1C, 0xC9, 0xBA,
    0x74, 0xCC, 0xBA, 0x77, 0xA6, 0x25, 0x4F, 0x05, 0xA5, 0x3D, 0x89, 0x69, 0xD0, 0x05, 0x6D, 0xD8,
    0x86, 0x4D, 0xD4, 0x44, 0x35, 0x5D, 0x84, 0xCE, 0x41, 0xC2, 0x4F, 0x87, 0xC8, 0x45, 0x3F, 0x38,
    0xD1, 0x0A, 0xE7, 0x3A, 0x43, 0x4D, 0xFE, 0xB9, 0x9A, 0xBE, 0x2E, 0x35, 0xC7, 0xBA, 0xA7, 0x07,
    0x8D, 0xCF, 0x87, 0x8B, 0xA0, 0xA3, 0x95, 0x83, 0x96, 0x76, 0x9E, 0xD2, 0x5E, 0x30, 0x02, 0x4B,
    0x62, 0x20, 0x2D, 0x88, 0x80, 0x4C, 0x89, 0xC7, 0x1C, 0x8F, 0x34, 0x53, 0xFA, 0xF0, 0xA0, 0x21,
    0x78, 0x1E, 0x87, 0x8B, 0xA4, 0x72, 0x38, 0x4B, 0x2A, 0x63, 0x35, 0x4F, 0x10, 0x7B, 0x12, 0x77,
    0x69, 0xA3, 0x55, 0x48, 0x48, 0xF6, 0xE4, 0x5F, 0x0F, 0x67, 0xAA, 0x7D, 0xD8, 0x9A, 0x4D, 0xD4,
    0x99, 0x3E, 0x6A, 0xF5, 0x8E, 0xB9, 0x2D, 0x5F, 0xB0, 0x32, 0x29, 0xB9, 0xA2, 0x86, 0xA1, 0x2B,
    0x73, 0x96, 0x60, 0x41, 0xEE, 0xAE, 0x99, 0x92, 0xD2, 0x59, 0x50, 0x30, 0x5C, 0xAD, 0x94, 0xA1,
    0x15, 0x9D, 0x0C, 0x53, 0x0C, 0x52, 0x0C, 0x51, 0x41, 0xAB, 0xFE, 0x54, 0x40, 0x33, 0xAB, 0x54,
    0x22, 0x6D, 0x8E, 0x37, 0xC2, 0x06, 0x98, 0x21, 0x60, 0x7A, 0x31, 0xDA, 0x5A, 0x45, 0x6C, 0xCC,
    0x50, 0xC7, 0x31, 0xB3, 0x16, 0x7B, 0xD1, 0x3D, 0x22, 0xE2, 0x06, 0x21, 0x79, 0x49, 0xFF, 0xDC,
    0xCA, 0xE1, 0xBF, 0x74, 0x0E, 0xE3, 0x7F, 0xFF, 0x7C, 0xD9, 0x64, 0xC1, 0x4D, 0x0F, 0xB6, 0x77,
    0x85, 0x8A, 0x1C, 0x2C, 0x72, 0xFA, 0x2B, 0xC2, 0xE0, 0xAC, 0x06, 0xA3, 0xD6, 0xCF, 0x1E, 0x04,
    0x18, 0x71, 0xD4, 0xC3, 0x1C, 0xF3, 0x56, 0xEF, 0xC7, 0x0D, 0xE8, 0x01, 0x08, 0x1A, 0x8F, 0xF1,
    0xE7, 0x08, 0xE8, 0x0F, 0xFC, 0x36, 0xEB, 0xE9, 0x45, 0xF2, 0xCE, 0x68, 0x2C, 0x2B, 0x80, 0x5D,
    0x92, 0x4E, 0x5B, 0xB9, 0x20, 0xE9, 0x9C, 0xF6, 0xB4, 0x76, 0xB0, 0x94, 0xC2, 0x5F, 0xF4, 0x52,
    0xF4, 0x2B, 0xC8, 0xA1, 0x37, 0xC7, 0xBF, 0x76, 0x90, 0xFC, 0xB4, 0x76, 0xF0, 0x0F, 0xAD, 0x83,
    0xBF, 0xEC, 0x71, 0xE2, 0xAE, 0x94, 0xE1, 0x09, 0x8E, 0x28, 0x57, 0xDC, 0xE2, 0x00, 0x62, 0xFD,
    0x5E, 0x7F, 0xEE, 0x21, 0x01, 0xBE, 0x06, 0x1C, 0x01, 0x0D, 0x30, 0xCD, 0xB5, 0xB8, 0xBE, 0x2C,
    0x15, 0x6C, 0x24, 0x9A, 0xC2, 0x9C, 0xF1, 0x78, 0x48, 0x9E, 0xE0, 0xF7, 0x1D, 0xAE, 0x2A, 0x60,
    0x03, 0x4F, 0x6B, 0x68, 0x10, 0x44, 0x3E, 0x7E, 0x88, 0x90, 0xFD, 0x62, 0x7D, 0x79, 0x76, 0x4E,
    0xF6, 0xBF, 0xC6, 0x43, 0xAE, 0xB1, 0xED, 0x59, 0xD9, 0xFC, 0xFD, 0xB8, 0xAA, 0x79, 0xAC, 0x55,
    0x78, 0x36, 0xBA, 0xE5, 0x07, 0xE7, 0xD3, 0x9E, 0xC5, 0xDE, 0xB3, 0x72, 0x8C, 0xB9, 0xAC, 0x40,
    0x40, 0x4C, 0x4B, 0xA2, 0xE8, 0x78, 0x6A, 0xA3, 0x5C, 0x62, 0xC1, 0x66, 0x33, 0x27, 0x25, 0x51,
    0xD0, 0x7D, 0xDF, 0x89, 0x3A, 0x7E, 0xBE, 0x3E, 0xE6, 0x4E, 0xF7, 0x2C, 0x2F, 0x34, 0x77, 0xF7,
    0x93, 0x58, 0x5A, 0xED, 0x4B, 0xFD, 0xBB, 0xD8, 0xCE, 0xF5, 0xC4, 0x39, 0xEA, 0xB1, 0x7A, 0xD1,
    0xC9, 0xE5, 0x75, 0x7E, 0x91, 0x76, 0x32, 0x4E, 0x0E, 0xFF, 0xD2, 0x3A, 0x29, 0x1D, 0x96, 0xA6,
    0x78, 0x26, 0x1F, 0x9E, 0x16, 0x4F, 0x45, 0xF8, 0x71, 0x17, 0x7E, 0x6C, 0xC3, 0xFF, 0xE8, 0xA2,
    0xFA, 0xE0, 0xE9, 0xF1, 0xC4, 0xA0, 0x84, 0x27, 0x40, 0xE9, 0x53, 0xE2, 0x02, 0xD8, 0xED, 0xED,
    0x0B, 0x60, 0x8E, 0x19, 0xEB, 0x7E, 0xDA, 0xE2, 0xDE, 0xC8, 0x01, 0x84, 0xFD, 0x0E, 0x60, 0x76,
    0x92, 0xF0, 0x11, 0x1E, 0x24, 0xE1, 0x35, 0x30, 0xAD, 0x04, 0xB5, 0x33, 0x2F, 0x2F, 0x1E, 0x0A,
    0x9F, 0xA1, 0x36, 0x43, 0x95, 0x6E, 0x95, 0x77, 0xFA, 0xC3, 0x29, 0x76, 0xC2, 0x27, 0xCF, 0xED,
    0x0F, 0x4A, 0x03, 0xC4, 0xA0, 0x96, 0x25, 0xAA, 0xB1, 0x89, 0x1F, 0xE1, 0xE4, 0xEE, 0x7A, 0xE8,
    0x40, 0x1B, 0x21, 0x7A, 0x00, 0xCD, 0x50, 0x38, 0x05, 0xC1, 0x50, 0x31, 0x3F, 0x0D, 0xB5, 0xC3,
    0xF0, 0xE3, 0x96, 0xF9, 0xE9, 0xA3, 0x56, 0xCC, 0x4C, 0x16, 0xAC, 0x57, 0x4E, 0x6B, 0x5C, 0x31,
    0x07, 0x30, 0x23, 0x64, 0x05, 0x2D, 0x95, 0x89, 0x16, 0xE3, 0x9D, 0x5C, 0xD4, 0xF0, 0x4D, 0xD8,
    0xCE, 0x94, 0xC9, 0xD8, 0xB9, 0x88, 0xDF, 0x15, 0xB8, 0xE8, 0xF1, 0x2F, 0xEF, 0xF1, 0x2F, 0xB5,
    0xB4, 0x55, 0x62, 0x71, 0x34, 0xEA, 0xC6, 0xC9, 0x71, 0x2A, 0x57, 0x00, 0xF8, 0x8C, 0xBB, 0xC9,
    0x01, 0xEC, 0x57, 0x01, 0x50, 0xDA, 0x6C, 0x23, 0xE3, 0xD6, 0xB4, 0x45, 0xF0, 0xD9, 0xCF, 0x96,
    0x55, 0xB8, 0x55, 0x52, 0x87, 0x56, 0xEC, 0x1E, 0x3B, 0x88, 0x20, 0x08, 0x8A, 0xEA, 0xB8, 0x7A,
    0xD2, 0xEA, 0x16, 0xBA, 0xFC, 0xEA, 0x16, 0x98, 0x5D, 0x58, 0x32, 0x0E, 0x80, 0xB0, 0x9D, 0xD0,
    0x27, 0x4F, 0x0D, 0xB0, 0x57, 0x81, 0x97, 0x80, 0x33, 0x64, 0x46, 0xDA, 0xED, 0x1B, 0x40, 0x58,
    0x01, 0xE5, 0xB4, 0x4B, 0xF8, 0xA6, 0x1E, 0x94, 0xDF, 0xD6, 0x37, 0xC4, 0x2B, 0x5E, 0x4B, 0x0B,
    0x7E, 0x86, 0x9D, 0x66, 0x2B, 0xCA, 0xEF, 0x5F, 0xE4, 0xC0, 0x2B, 0x14, 0xD4, 0xEC, 0x53, 0x5B,
    0x56, 0x0E, 0x4B, 0xEB, 0xB7, 0x34, 0x5E, 0x78, 0xCC, 0x7D, 0x02, 0x0F, 0x6E, 0xF8, 0x82, 0x81,
    0x9F, 0xF7, 0x60, 0xDD, 0x0B, 0x1E, 0x16, 0x13, 0x0F, 0x7A, 0x3C, 0x0F, 0x8B, 0x67, 0xE0, 0xA1,
    0x7B, 0x94, 0x87, 0x1D, 0x6C, 0xC0, 0xA8, 0x06, 0xD3, 0x8A, 0x8F, 0x43, 0x01, 0x2F, 0x1B, 0xD1,
    0xA6, 0xA7, 0x7A, 0x63, 0xF9, 0x7C, 0x63, 0x6E, 0x01, 0xEC, 0x26, 0xB8, 0x01, 0xCD, 0x32, 0xB4,
    0x40, 0x29, 0xC1, 0xDE, 0xEE, 0x2B, 0x17, 0x71, 0xAB, 0xF5, 0x84, 0xC2, 0x0E, 0xCA, 0x98, 0x25,
    0x4F, 0x2F, 0x51, 0x09, 0x84, 0xB4, 0x95, 0x72, 0x76, 0x51, 0x24, 0xBE, 0xD8, 0xA0, 0x65, 0x3A,
    0xDC, 0x30, 0x9E, 0x6E, 0x10, 0xEB, 0x5E, 0x6E, 0xE3, 0x94, 0x30, 0xCD, 0x07, 0xF9, 0xE9, 0xDB,
    0x82, 0xDB, 0x94, 0xB9, 0x1B, 0x56, 0x7F, 0xB0, 0x09, 0x7D, 0x8C, 0xC7, 0xAC, 0x44, 0xB3, 0x0A,
    0xC2, 0xCD, 0x80, 0x0D, 0x45, 0x8A, 0xAE, 0x25, 0x46, 0x33, 0x21, 0x6C, 0x44, 0xB9, 0xEC, 0x99,
    0x55, 0x86, 0x91, 0x39, 0xF0, 0xC4, 0x57, 0x36, 0xC3, 0x1F, 0xF1, 0x5A, 0x55, 0xB9, 0x7F, 0xAD,
    0x1A, 0x57, 0x39, 0x33, 0x4C, 0x0E, 0x2C, 0x1C, 0x54, 0xBC, 0xC3, 0xFA, 0x1C, 0x16, 0x4C, 0x67,
    0x90, 0x8C, 0xC3, 0xAC, 0xCA, 0xE2, 0x4E, 0x11, 0xCA, 0x0D, 0x9C, 0xD0, 0xC5, 0xFD, 0xD9, 0x1B,
    0xDE, 0xDA, 0x14, 0xDC, 0x9A, 0x54, 0x3C, 0x1C, 0x6D, 0x5B, 0x36, 0x2F, 0x39, 0xAF, 0x3B, 0x27,
    0x74, 0x16, 0xD4, 0xA5, 0xE6, 0xBA, 0x3E, 0x27, 0x72, 0xF5, 0xBB, 0x7B, 0xDC, 0x75, 0x94, 0x80,
    0xEA, 0x6E, 0x48, 0x70, 0xFC, 0x13, 0x6E, 0xE1, 0xFB, 0x8D, 0xA8, 0x68, 0x8A, 0x97, 0x37, 0x68,
    0xBF, 0xC9, 0x5C, 0x64, 0xF7, 0x25, 0xD3, 0x1E, 0x31, 0x49, 0x90, 0xDD, 0x7E, 0xA7, 0x16, 0x4E,
    0x9D, 0x39, 0xB9, 0x70, 0x65, 0xDC, 0x0B, 0x11, 0x49, 0xB7, 0x86, 0x0D, 0x5B, 0x87, 0x85, 0x60,
    0xEC, 0x87, 0x7C, 0x82, 0xB4, 0xEC, 0x57, 0xF0, 0x81, 0x84, 0x08, 0x1A, 0x05, 0x75, 0x86, 0x4F,
    0x82, 0x3D, 0xAD, 0x4B, 0xE1, 0xF6, 0xB8, 0xE4, 0x18, 0x39, 0xF4, 0xB3, 0x1E, 0xD4, 0xC0, 0x24,
    0x9F, 0xFC, 0x8A, 0x90, 0x41, 0x27, 0xDF, 0xFD, 0xB4, 0xE0, 0xB4, 0x41, 0xEE, 0xD3, 0xC1, 0x91,
    0xD8, 0xF1, 0x53, 0xD0, 0x4F, 0x47, 0x63, 0x42, 0x3E, 0x21, 0x19, 0xC3, 0xF8, 0x04, 0x2B, 0x9D,
    0x24, 0xDA, 0xD4, 0x8C, 0xAF, 0x58, 0x1C, 0xD5, 0x1F, 0xFD, 0x06, 0x79, 0xB0, 0xFD, 0x03, 0x1A,
    0x1F, 0xC2, 0x2D, 0xAE, 0x61, 0xE1, 0xE1, 0xE3, 0x46, 0x85, 0xE5, 0x46, 0xD0, 0xCB, 0xB6, 0x25,
    0x0C, 0xA7, 0xF7, 0xD2, 0x06, 0x92, 0x79, 0x03, 0x03, 0xCF, 0xBD, 0x4C, 0x37, 0x9E, 0x12, 0xB0,
    0xB9, 0x1E, 0xDC, 0x9D, 0x48, 0xBB, 0x90, 0xB8, 0x77, 0x30, 0x8E, 0xF3, 0xDC, 0x71, 0x1D, 0xF2,
    0x2B, 0x99, 0x02, 0xFE, 0x6B, 0x5A, 0xA9, 0x64, 0x10, 0xCE, 0x4A, 0xD7, 0x0A, 0xFF, 0xBB, 0x31,
    0x5B, 0xD1, 0x10, 0xEB, 0x01, 0xB3, 0xB7, 0x4A, 0x89, 0x0A, 0x9A, 0xE3, 0xA6, 0xFE, 0xDF, 0xF5,
    0x5C, 0xB9, 0x73, 0x40, 0x63, 0xA0, 0x25, 0xF1, 0x91, 0x4D, 0x80, 0x26, 0x20, 0x59, 0x0E, 0x5A,
    0x05, 0x5D, 0xD8, 0xCA, 0x00, 0x41, 0x17, 0x35, 0x0A, 0xDA, 0x88, 0x04, 0x9A, 0xE5, 0x6F, 0x9D,
    0x54, 0x4E, 0x56, 0xC2, 0x76, 0xAE, 0x83, 0x46, 0xE9, 0x5F, 0xDF, 0x2A, 0xC5, 0x8C, 0xA8, 0x4C,
    0x0E, 0x72, 0x45, 0xB4, 0x08, 0x87, 0x12, 0x00, 0x72, 0x7E, 0x5A, 0xA4, 0xD7, 0x0A, 0xE8, 0xC7,
    0xE6, 0x11, 0x03, 0x9D, 0x44, 0xA4, 0xAF, 0x0B, 0xEC, 0x63, 0x41, 0xED, 0xCF, 0xDD, 0x74, 0x59,
    0x65, 0xFE, 0x67, 0xA8, 0x82, 0x4F, 0xB6, 0x45, 0xC8, 0xC4, 0xDC, 0x0B, 0x51, 0x08, 0x7E, 0xA6,
    0xDC, 0x27, 0x7F, 0xC1, 0xBE, 0xF9, 0x45, 0x9B, 0x9F, 0xBF, 0x4B, 0xC0, 0xBF, 0xDA, 0xBD, 0xE6,
    0xF7, 0x27, 0xE3, 0x56, 0x47, 0xCB, 0x56, 0x27, 0xC3, 0x6D, 0xD1, 0x7E, 0x83, 0x84, 0x14, 0x63,
    0x9F, 0x7D, 0x7F, 0x72, 0xCA, 0x2C, 0xF0, 0x9F, 0x4E, 0x13, 0xA3, 0x78, 0x4C, 0x99, 0x8F, 0xF5,
    0xAC, 0x2F, 0x33, 0x5F, 0x0C, 0x55, 0xAF, 0x8A, 0xB4, 0xFE, 0x5D, 0xE5, 0x3F, 0x6C, 0xD9, 0x9F,
    0x1A, 0xA3, 0xF3, 0xF9, 0x85, 0x80, 0x0F, 0x34, 0xF8, 0x71, 0x60, 0xB6, 0x53, 0x5F, 0xA0, 0xBA,
    0x5E, 0xD1, 0x54, 0xBE, 0x7E, 0x2C, 0x05, 0xF4, 0xED, 0x64, 0xBB, 0xE6, 0x6C, 0x57, 0xDC, 0xEA,
    0x2E, 0x06, 0xF7, 0x32, 0x80, 0x8E, 0x01, 0x69, 0x03, 0xAC, 0x8B, 0x29, 0xE1, 0x8C, 0x69, 0x32,
    0xB3, 0xE6, 0xE9, 0x1E, 0xD6, 0x2B, 0xF7, 0xE7, 0x0A, 0xE2, 0x26, 0xC7, 0xCE, 0x9C, 0xF6, 0xCA,
    0x0A, 0x46, 0xD9, 0x8A, 0x03, 0x58, 0x9D, 0x19, 0x78, 0xAF, 0x61, 0x49, 0xA1, 0xF9, 0xED, 0xCD,
    0x47, 0x37, 0x8B, 0xF2, 0x5A, 0xC1, 0x86, 0xC6, 0x9E, 0x5A, 0x07, 0x2D, 0xA5, 0x96, 0x03, 0xFB,
    0x85, 0x6C, 0xED, 0xF5, 0xEE, 0xAB, 0x23, 0x88, 0x08, 0x37, 0x92, 0x41, 0xD2, 0x92, 0xD3, 0x59,
    0x6B, 0xA8, 0xE9, 0x2E, 0xF3, 0x42, 0x89, 0x8B, 0x57, 0x4A, 0x75, 0xDA, 0x24, 0xAC, 0x0D, 0x87,
    0x0D, 0x93, 0xC4, 0x8B, 0x73, 0x32, 0xFC, 0x99, 0xCF, 0x5A, 0xEE, 0x03, 0x08, 0x11, 0x4D, 0xA6,
    0x18, 0xA0, 0x25, 0x96, 0x48, 0xFF, 0xDE, 0xED, 0xE7, 0xE8, 0x30, 0x52, 0x93, 0xF1, 0x65, 0x7F,
    0xDA, 0xD3, 0xD3, 0xC6, 0x6B, 0xE5, 0x28, 0xE8, 0x64, 0xFC, 0x11, 0x03, 0xBD, 0xA5, 0xBF, 0x90,
    0x66, 0xF4, 0xB4, 0xF4, 0xD7, 0x7E, 0x7A, 0x38, 0xB8, 0x08, 0x81, 0x41, 0x78, 0x26, 0xBA, 0xA2,
    0xC4, 0x25, 0x1F, 0x01, 0x4F, 0x67, 0x92, 0x9E, 0x6F, 0x50, 0x5C, 0x76, 0xB3, 0x76, 0xB1, 0xA6,
    0xD3, 0x03, 0xD5, 0x53, 0x0E, 0x2E, 0x54, 0xCF, 0xB4, 0x41, 0x03, 0xF8, 0xDC, 0xE1, 0xD4, 0x9E,
    0xEC, 0x83, 0x97, 0x63, 0x6A, 0x01, 0x9F, 0xA1, 0x8E, 0x87, 0xA5, 0xEB, 0x09, 0xDE, 0xA8, 0x58,
    0x78, 0x71, 0x4A, 0xF8, 0x78, 0x7C, 0x9B, 0x69, 0xC7, 0x57, 0x0E, 0xCB, 0xA1, 0x5F, 0x0F, 0xFD,
    0x9F, 0x7F, 0x7A, 0xFC, 0xD4, 0xD7, 0x18, 0xE2, 0xEF, 0x43, 0xA5, 0x43, 0x11, 0x0D, 0xF4, 0xFE,
    0xD0, 0xFD, 0xDD, 0x27, 0xF2, 0xA8, 0x17, 0x53, 0x75, 0xB9, 0x79, 0x10, 0x6F, 0xAF, 0xBB, 0x7F,
    0xCA, 0xC8, 0x9A, 0x13, 0xB6, 0x85, 0xB1, 0xC8, 0xA7, 0xCC, 0xCF, 0x95, 0x21, 0xE0, 0x99, 0x19,
    0xA2, 0xF8, 0x91, 0x0C, 0x19, 0x89, 0x23, 0xE2, 0xFB, 0x92, 0x3D, 0x86, 0x0A, 0x2A, 0x41, 0x86,
    0x1C, 0x1B, 0x72, 0x74, 0x7C, 0x91, 0x71, 0x11, 0x6A, 0xE0, 0x46, 0x8E, 0x1C, 0x5F, 0x92, 0xE6,
    0x1A, 0xC6, 0x6D, 0x5B, 0xC6, 0xA2, 0xAC, 0xD2, 0x4E, 0x39, 0x10, 0x59, 0xA7, 0x45, 0xBA, 0xE9,
    0x90, 0x1D, 0xB4, 0x48, 0x1F, 0xCF, 0x6E, 0x82, 0x05, 0x94, 0x64, 0x58, 0xC1, 0xC0, 0x5F, 0x83,
    0x58, 0x32, 0x13, 0x76, 0xCC, 0x05, 0x9E, 0x08, 0x7B, 0x56, 0xC2, 0xA2, 0x1E, 0x9B, 0x40, 0xE1,
    0x77, 0x8E, 0x3B, 0xA0, 0x13, 0x05, 0x36, 0x7C, 0x9B, 0x54, 0x62, 0xEF, 0xBD, 0x54, 0x72, 0x7F,
    0x6F, 0xAB, 0xB1, 0x73, 0x38, 0x77, 0x4B, 0xE6, 0x3B, 0xDF, 0x3F, 0x15, 0xF4, 0x89, 0x94, 0xAC,
    0x4F, 0xA4, 0x2B, 0x0C, 0xEC, 0xBE, 0x44, 0x95, 0xFB, 0x9B, 0x32, 0xDF, 0x31, 0xE9, 0x25, 0x48,
    0xC6, 0xCC, 0xD7, 0x27, 0xBD, 0x3B, 0x6F, 0x59, 0xE7, 0x34, 0xCC, 0x46, 0x0B, 0x99, 0x5E, 0x4B,
    0x45, 0xBD, 0x53, 0x7F, 0x8B, 0x43, 0xED, 0xBD, 0xE5, 0x28, 0x63, 0xB7, 0x9B, 0xF8, 0x32, 0x5F,
    0x82, 0x1B, 0x89, 0xF2, 0xD2, 0x30, 0xC6, 0x4B, 0x52, 0x01, 0xA2, 0x9C, 0x0F, 0x63, 0xAF, 0xEB,
    0x9B, 0x62, 0xAA, 0x7F, 0xCF, 0xE1, 0xFE, 0x43, 0xE7, 0x6E, 0xA2, 0xED, 0x4B, 0xC1, 0xDB, 0x9E,
    0x2E, 0xB1, 0x7C, 0xFB, 0xDA, 0xA9, 0x23, 0x8B, 0xE7, 0x13, 0x6E, 0x7F, 0x06, 0x84, 0xD8, 0xA3,
    0xE8, 0x3B, 0x95, 0xC3, 0xD8, 0xD4, 0x1E, 0xC3, 0x7F, 0xE5, 0x89, 0x19, 0x5E, 0x8E, 0x00, 0xFC,
    0x7A, 0xC1, 0x93, 0xD6, 0x41, 0xF3, 0xAE, 0x64, 0xAA, 0x6B, 0x0E, 0xEA, 0xB7, 0x24, 0xFD, 0x86,
    0x67, 0xF9, 0x79, 0x51, 0x6A, 0x6E, 0xBF, 0x23, 0x34, 0xA0, 0x34, 0xF9, 0x2E, 0x5A, 0xF7, 0x63,
    0xAC, 0xBC, 0x9E, 0x08, 0xEE, 0x5E, 0xBB, 0xE8, 0x34, 0xBE, 0xF3, 0x55, 0xB1, 0x87, 0x31, 0xEE,
    0x60, 0x44, 0xEF, 0x63, 0x14, 0x4B, 0xAC, 0x57, 0xCC, 0xD9, 0x93, 0x77, 0xD1, 0x28, 0xD9, 0xDB,
    0x68, 0xDA, 0x34, 0x50, 0x02, 0x68, 0x1F, 0x50, 0x66, 0xC0, 0x74, 0x03, 0x06, 0xBF, 0x3C, 0x13,
    0x4E, 0x3E, 0x80, 0x93, 0xB4, 0x9E, 0xB6, 0x1C, 0x5A, 0xD1, 0x20, 0x40, 0xFB, 0x2A, 0x5D, 0xB2,
    0xC6, 0x96, 0xD2, 0x9F, 0x7E, 0x1B, 0xB7, 0x3B, 0x28, 0xCC, 0xBE, 0x94, 0x0D, 0x66, 0x4B, 0xAA,
    0x4D, 0xA5, 0x53, 0xE5, 0xB5, 0x31, 0x9F, 0x5F, 0x88, 0xA5, 0xA3, 0xB1, 0xEE, 0x9E, 0x35, 0x62,
    0x9B, 0x5D, 0x39, 0xF7, 0x5C, 0xF4, 0x24, 0xB6, 0x6D, 0xF4, 0x59, 0x2B, 0xB6, 0xA0, 0xCD, 0xC7,
    0x2D, 0x6F, 0xE0, 0x15, 0xFE, 0x02, 0xEE, 0x32, 0x45, 0x1F, 0x90, 0x78, 0x65, 0x4A, 0xDE, 0xEF,
    0x04, 0xCB, 0xEE, 0xA0, 0x89, 0xAC, 0xA8, 0x61, 0x03, 0x6A, 0xDE, 0x90, 0x75, 0xFC, 0x26, 0xC5,
    0x4A, 0x96, 0x95, 0x54, 0xE9, 0x6A, 0xC1, 0xCA, 0x5F, 0xB5, 0xEA, 0x39, 0x2C, 0xFA, 0x83, 0x5A,
    0xAB, 0x5C, 0x4A, 0xFE, 0xA9, 0xD2, 0xEA, 0x86, 0x14, 0xFF, 0xB4, 0xD4, 0xD1, 0x8A, 0x13, 0x00,
    0xD2, 0xBC, 0x73, 0xF7, 0xAD, 0x94, 0xB7, 0x82, 0x14, 0x0C, 0x52, 0x64, 0x59, 0xE8, 0x8E, 0x79,
    0x4C, 0x29, 0x5F, 0xBC, 0xFB, 0x41, 0xEF, 0x9D, 0x87, 0x32, 0x7C, 0x97, 0x9A, 0xD3, 0xAE, 0xAF,
    0x08, 0x9D, 0x7D, 0x77, 0x4B, 0x5A, 0xC1, 0x7F, 0xDA, 0x6A, 0xA5, 0x39, 0xBA, 0xAC, 0x66, 0x3A,
    0xEA, 0x02, 0x72, 0x4A, 0xDB, 0x39, 0xD3, 0x67, 0xA6, 0xC5, 0xF2, 0x3C, 0x6C, 0x6C, 0x52, 0x2A,
    0x8B, 0xAA, 0x55, 0x2A, 0x65, 0x49, 0xB9, 0x9A, 0x49, 0x69, 0xAA, 0x23, 0xF6, 0xDB, 0xF7, 0x75,
    0xD4, 0x4B, 0xC9, 0x5C, 0x37, 0x88, 0xD6, 0x1E, 0x31, 0x4A, 0x3A, 0xC6, 0x1A, 0xE4, 0xE7, 0x15,
    0xEC, 0x12, 0x63, 0x53, 0x42, 0xB8, 0x2C, 0xA4, 0xE0, 0xB3, 0xE9, 0x2C, 0xC0, 0x37, 0xF4, 0xE6,
    0x6E, 0x93, 0x98, 0x83, 0x05, 0x6B, 0x3F, 0x78, 0xA9, 0x78, 0x73, 0x5C, 0xA4, 0xA5, 0x16, 0x04,
    0x68, 0xAF, 0xB8, 0x9E, 0x76, 0xDE, 0xC3, 0xD6, 0x3D, 0x60, 0xC9, 0x2D, 0xDE, 0x03, 0x48, 0xBD,
    0x1D, 0x87, 0x3D, 0xD4, 0x8E, 0xEC, 0x3C, 0x7D, 0x5D, 0xD8, 0x7B, 0xB0, 0xF2, 0xA6, 0x65, 0xE5,
    0x64, 0x5A, 0xD9, 0x4B, 0x57, 0x74, 0x55, 0xBE, 0x20, 0x8E, 0xFC, 0xDE, 0xE9, 0xA7, 0x09, 0x09,
    0x71, 0xCE, 0x8E, 0x68, 0x46, 0x07, 0xEC, 0x39, 0xFB, 0x42, 0x42, 0x4F, 0x1A, 0x4F, 0xF2, 0xCE,
    0x56, 0x94, 0x64, 0x51, 0xDC, 0x9F, 0xD0, 0x16, 0x16, 0xC7, 0xBD, 0x7D, 0x69, 0x35, 0xD9, 0xB7,
    0xF0, 0x6F, 0x00, 0xBA, 0x71, 0xDD, 0x8B, 0xAB, 0x7E, 0x3F, 0x0E, 0x4A, 0x00, 0x99, 0xE2, 0x40,
    0x2E, 0xCC, 0xAC, 0x83, 0x0F, 0x1C, 0x44, 0xE5, 0x8F, 0x5E, 0x3C, 0x6B, 0xBE, 0x44, 0x05, 0xD5,
    0x69, 0xD6, 0x9D, 0xF3, 0xDF, 0x7E, 0x8D, 0xCF, 0x22, 0xFF, 0xA6, 0x38, 0x3D, 0x08, 0xD8, 0x71,
    0x33, 0x92, 0xB0, 0x80, 0x72, 0xCF, 0xC2, 0x97, 0x7D, 0x1E, 0xFB, 0xE7, 0x4B, 0xF4, 0xAC, 0x59,
    0x32, 0xA2, 0x6C, 0xE7, 0xBF, 0x3F, 0x06, 0x76, 0x32, 0x6D, 0x2B, 0x5A, 0x72, 0xE7, 0x45, 0x0F,
    0xFB, 0xA8, 0x80, 0x74, 0xE7, 0xCE, 0x7A, 0x57, 0xA7, 0xDF, 0x21, 0xDD, 0xF0, 0xA8, 0x1B, 0xCD,
    0xC0, 0x5B, 0x1E, 0xD1, 0x6E, 0xDE, 0x02, 0x4E, 0x9C, 0xB3, 0x5D, 0x0A, 0xF0, 0x40, 0xC5, 0xA4,
    0x89, 0xDF, 0xC9, 0xA0, 0x5C, 0x17, 0x83, 0x92, 0xB4, 0x98, 0xBE, 0x4F, 0x44, 0x39, 0x63, 0x22,
    0xFC, 0x7F, 0x67, 0x5B, 0x31, 0x5B, 0xE5, 0x24, 0xF2, 0x11, 0xD5, 0x55, 0xBE, 0x60, 0x36, 0x8C,
    0x8C, 0x14, 0x96, 0x31, 0x83, 0xEA, 0x5D, 0xFC, 0x6F, 0xA8, 0x59, 0x9C, 0x35, 0x25, 0xFF, 0x07,
    0x5D, 0x52, 0x21, 0x8C, 0xDC, 0x30, 0x10, 0x5C, 0x27, 0xFA, 0x4F, 0x25, 0x4B, 0x35, 0x7A, 0x52,
    0x12, 0x0E, 0x2A, 0x73, 0x52, 0x9B, 0xA3, 0x03, 0x0D, 0xE7, 0x2A, 0x67, 0xDF, 0x5E, 0x58, 0x69,
    0xCB, 0x49, 0xC1, 0xA1, 0xE3, 0xA0, 0xE0, 0xFB, 0x36, 0x2F, 0x89, 0x54, 0x95, 0x07, 0x17, 0x45,
    0x6A, 0x40, 0x54, 0xF9, 0x6E, 0x3B, 0x5E, 0xFB, 0xEF, 0xF5, 0xB7, 0xCA, 0x8E, 0x47, 0x97, 0xAC,
    0x77, 0x66, 0x74, 0xF4, 0xA2, 0xD4, 0x54, 0x89, 0x7E, 0x22, 0x61, 0x2C, 0x67, 0xB7, 0x3D, 0xBD,
    0x19, 0x2B, 0xB9, 0xA1, 0xEB, 0xBA, 0x19, 0x86, 0x41, 0x88, 0x65, 0x66, 0x21, 0x7B, 0xE6, 0xB3,
    0x10, 0x5E, 0x48, 0xAA, 0xFD, 0x5B, 0x89, 0xFE, 0x35, 0x17, 0xD2, 0x7F, 0xAE, 0xAB, 0x9C, 0xAE,
    0x24, 0xE9, 0x28, 0x67, 0xB3, 0x9A, 0x42, 0xBA, 0xD9, 0x94, 0xA5, 0x26, 0x1A, 0xE6, 0x08, 0xE2,
    0xA8, 0x2F, 0xE4, 0x07, 0xD9, 0x61, 0xF0, 0x10, 0xBE, 0x91, 0x2B, 0x0B, 0x96, 0x4A, 0xCC, 0x9F,
    0xE3, 0x63, 0x15, 0x53, 0x35, 0xEC, 0x8F, 0xC7, 0x53, 0x59, 0x40, 0xF4, 0x50, 0xBF, 0x05, 0x17,
    0xB7, 0x95, 0xF4, 0xD8, 0x03, 0xED, 0x3E, 0xDF, 0xA1, 0x40, 0xAE, 0xD2, 0x89, 0x55, 0x72, 0x15,
    0x1A, 0x7C, 0x91, 0xB7, 0x92, 0x54, 0x15, 0x49, 0xAF, 0x5E, 0x0C, 0x35, 0xBC, 0x2A, 0x5E, 0x31,
    0xC4, 0x67, 0x88, 0xC7, 0xD0, 0xD7, 0x10, 0xBE, 0xEC, 0x47, 0x95, 0xC8, 0x26, 0x18, 0x82, 0x06,
    0xB3, 0x50, 0x37, 0xA9, 0x1D, 0xC1, 0x6D, 0x9B, 0x43, 0xE9, 0xE5, 0x84, 0x6C, 0xD4, 0xDC, 0xB0,
    0xD4, 0x64, 0x56, 0x72, 0x5E, 0x14, 0x16, 0x7F, 0x80, 0x80, 0xC4, 0xF3, 0x09, 0xB9, 0x16, 0x67,
    0x8B, 0x40, 0x3E, 0x91, 0x8B, 0xF6, 0xE7, 0x7A, 0x9B, 0xF2, 0xBA, 0x16, 0xE3, 0xD4, 0x61, 0x77,
    0x60, 0x4C, 0xDE, 0xE1, 0xEB, 0x1D, 0xA1, 0xDE, 0x1C, 0xB2, 0x28, 0x1E, 0xC9, 0x9C, 0xC3, 0x4C,
    0x6E, 0xD4, 0x0B, 0x3D, 0x52, 0xB3, 0x51, 0x22, 0x95, 0x81, 0x0E, 0x00, 0xD4, 0xE9, 0xE2, 0xD0,
    0x6D, 0x00, 0xCD, 0x30, 0xAD, 0x42, 0xFE, 0xF5, 0x96, 0xE5, 0xD7, 0x08, 0x30, 0x13, 0x40, 0xCF,
    0x8E, 0xE0, 0x00, 0xA0, 0x27, 0xEB, 0x61, 0x03, 0x06, 0xEC, 0x68, 0x60, 0x9B, 0x20, 0x01, 0xC3,
    0x41, 0x66, 0xDF, 0x13, 0xC0, 0xD7, 0xB4, 0xCB, 0x64, 0x13, 0x01, 0x6D, 0x06, 0xED, 0x01, 0x6F,
    0xA9, 0x96, 0x86, 0xBA, 0x3D, 0x2F, 0xEA, 0xD4, 0x25, 0xE4, 0x93, 0x90, 0xC6, 0x3D, 0x4E, 0x6A,
    0xB1, 0x5D, 0xE1, 0x42, 0xBC, 0x8B, 0xD0, 0xB2, 0xE4, 0xE8, 0xEF, 0xA8, 0x59, 0x9D, 0x74, 0xBB,
    0xD8, 0xA9, 0x9F, 0x0D, 0x9C, 0x35, 0x7C, 0x82, 0xDF, 0xE2, 0x99, 0x5C, 0x6D, 0x83, 0x7E, 0x8D,
    0xBE, 0x47, 0x7F, 0xC3, 0x2B, 0xFC, 0x57, 0x7D, 0x60, 0xE6, 0x28, 0x80, 0x69, 0xA2, 0x12, 0x7F,
    0x27, 0x20, 0xC6, 0xC4, 0xE2, 0x33, 0x8C, 0x80, 0xDE, 0x03, 0xAC, 0x00, 0xD5, 0x9B, 0xE9, 0xDD,
    0x05, 0x3E, 0x66, 0x78, 0xB8, 0x40, 0xCA, 0xB0, 0xA1, 0x95, 0xC0, 0x4A, 0xB5, 0xD4, 0x0E, 0x80,
    0x8D, 0x15, 0x48, 0x60, 0x42, 0x77, 0xB1, 0xA8, 0x44, 0x7D, 0x97, 0xC9, 0x15, 0x53, 0xB0, 0x9B,
    0x02, 0xA7, 0x0F, 0xFF, 0x0E, 0x90, 0x06, 0x61, 0x90, 0x65, 0xCA, 0x33, 0x66, 0x39, 0x16, 0x0F,
    0x84, 0x94, 0xE7, 0x37, 0xF5, 0xEC, 0x3B, 0xA6, 0x92, 0x35, 0x92, 0x46, 0xCE, 0x0D, 0xDC, 0x45,
    0x24, 0x9C, 0xF3, 0xFD, 0x0F, 0x14, 0xCA, 0x21, 0x50, 0xC2, 0x60, 0x00, 0x40, 0xE1, 0x4F, 0x40,
    0x16, 0x76, 0xF2, 0x13, 0xF4, 0xCE, 0x20, 0x37, 0xA3, 0x45, 0x28, 0x06, 0x03, 0x38, 0xCF, 0xDE,
    0xB3, 0x3D, 0x11, 0x08, 0x06, 0x3C, 0xD6, 0x13, 0x3D, 0x99, 0xCD, 0x06, 0xBC, 0x03, 0xC0, 0x5E,
    0xD6, 0xD3, 0x7A, 0x5A, 0x20, 0x2C, 0x30, 0x27, 0xBE, 0xAF, 0x3E, 0x1E, 0x2D, 0x8C, 0xF2, 0xA8,
    0xB2, 0xD6, 0xC1, 0x8D, 0x3A, 0x3E, 0x2C, 0xB2, 0x4A, 0x46, 0x87, 0xAD, 0xB8, 0xC9, 0xD3, 0x97,
    0xF2, 0xC1, 0x14, 0x88, 0x0E, 0x83, 0x64, 0xB7, 0x1A, 0x27, 0x05, 0xB0, 0x6B, 0xFE, 0xC3, 0xAD,
    0xD7, 0x99, 0xF2, 0x3D, 0xCA, 0xD3, 0x26, 0x0B, 0x35, 0xF4, 0xD7, 0xF5, 0xFC, 0xF2, 0xDC, 0x26,
    0x64, 0x9B, 0x64, 0x7F, 0x17, 0xEB, 0x2E, 0x47, 0xC7, 0xB7, 0xC1, 0xB4, 0x37, 0xBB, 0x98, 0xCC,
    0x43, 0x89, 0xE5, 0x75, 0xBB, 0x58, 0x45, 0x3F, 0x65, 0x68, 0xEF, 0xEF, 0xE3, 0xE7, 0xD3, 0x4A,
    0xFF, 0xEB, 0xAC, 0xD8, 0x86, 0x3C, 0xF9, 0xD5, 0x2A, 0x20, 0x36, 0x31, 0xF5, 0xAD, 0x3E, 0xE1,
    0x4A, 0x7A, 0x12, 0xF4, 0xCC, 0x7D, 0x40, 0x3B, 0x13, 0x65, 0xE2, 0x4A, 0xDC, 0x90, 0x10, 0x58,
    0x68, 0x8E, 0x3E, 0x97, 0x30, 0x6C, 0x55, 0x21, 0x1B, 0x1A, 0x7B, 0xEA, 0xA4, 0xC7, 0xEE, 0xDF,
    0x9E, 0x00, 0x00, 0x7C, 0x91, 0x31, 0x72, 0x83, 0x30, 0x10, 0x45, 0xBF, 0xA4, 0xC9, 0x50, 0x50,
    0xA8, 0x49, 0xEB, 0xE1, 0x08, 0xDC, 0xC0, 0x22, 0x37, 0x70, 0xE3, 0xDB, 0x24, 0x36, 0x07, 0x0B,
    0x03, 0x47, 0xA0, 0x49, 0xCF, 0x0D, 0xAC, 0x82, 0x82, 0x42, 0xC9, 0xE6, 0xAF, 0xB0, 0x98, 0x54,
    0xF9, 0xC5, 0x1B, 0x24, 0x89, 0xFD, 0x7F, 0xB5, 0xD8, 0x25, 0xAE, 0x87, 0x7B, 0x3C, 0x80, 0xCA,
    0x7E, 0xE3, 0x8F, 0xAE, 0xD7, 0xEB, 0x05, 0x22, 0xB2, 0x64, 0x98, 0x15, 0x80, 0xCD, 0x88, 0x84,
    0xCB, 0x58, 0x88, 0x2A, 0x63, 0x26, 0xEA, 0x89, 0xF0, 0x22, 0xE9, 0x89, 0x2F, 0xFE, 0xDF, 0x74,
    0xC0, 0x8E, 0x16, 0x54, 0x38, 0x70, 0x56, 0x7C, 0x28, 0x06, 0xF5, 0x19, 0x45, 0x22, 0x44, 0xB1,
    0xCB, 0x26, 0xCF, 0x82, 0xE3, 0x00, 0x9C, 0x6A, 0x35, 0x3D, 0x54, 0x31, 0x0F, 0x02, 0xCB, 0x9B,
    0x9F, 0x37, 0xD1, 0x18, 0xA1, 0xF3, 0x13, 0x7C, 0x4F, 0x0F, 0x3F, 0x05, 0x28, 0x58, 0xA6, 0xBF,
    0x2B, 0x72, 0xF9, 0x03, 0x6A, 0xF9, 0x4E, 0x73, 0xB3, 0xA1, 0x99, 0xEB, 0x88, 0x9A, 0x37, 0x60,
    0x44, 0x7B, 0x7E, 0xE9, 0x50, 0x7C, 0x27, 0xC2, 0xAD, 0x84, 0x11, 0x02, 0xED, 0x5C, 0xFA, 0xC4,
    0xF3, 0xCE, 0x2B, 0x8F, 0x2E, 0x37, 0xED, 0x3B, 0xBB, 0xB5, 0x1D, 0x13, 0x34, 0x3D, 0x6E, 0xFC,
    0x46, 0x42, 0x3D, 0xBB, 0xC8, 0xA3, 0x6A, 0x61, 0x34, 0x6E, 0xD8, 0x35, 0x80, 0x86, 0x6A, 0x9F,
    0x36, 0x62, 0x8C, 0x44, 0x98, 0x15, 0xFD, 0x7F, 0x6F, 0xF2, 0xA9, 0x48, 0x07, 0x36, 0x14, 0x99,
    0x99, 0xB0, 0x79, 0x2D, 0x8A, 0x26, 0xAF, 0x73, 0xBE, 0x8B, 0x22, 0xD7, 0xB4, 0xB1, 0xE9, 0x18,
    0xC2, 0xF7, 0xCC, 0xC4, 0x10, 0x6D, 0xC7, 0xC9, 0x9C, 0x75, 0x46, 0x09, 0x4E, 0x07, 0xE9, 0x22,
    0x43, 0xDA, 0xC8, 0x5D, 0xB3, 0x32, 0x3A, 0x36, 0x75, 0x4F, 0x03, 0x31, 0x6C, 0xC4, 0xFD, 0x08,
    0xD9, 0x4C, 0x25, 0xE4, 0xAD, 0x64, 0xB1, 0x6B, 0x79, 0x10, 0x3F, 0x95, 0xD1, 0x86, 0xFD, 0x5D,
    0x0E, 0x55, 0xDB, 0x89, 0x27, 0x23, 0x9B, 0xF8, 0x9D, 0x0D, 0x3F, 0x2C, 0x42, 0x07, 0x3E, 0xE8,
    0x98, 0x7F, 0xF0, 0x01, 0x6D, 0x05, 0xB9, 0x4A, 0x07, 0xE6, 0xAA, 0x81, 0x0F, 0x30, 0x00, 0x65,
    0x92, 0x21, 0x6C, 0xDC, 0x40, 0x10, 0x45, 0x9F, 0x6D, 0xA5, 0x2B, 0xD5, 0x60, 0x49, 0x4F, 0x6A,
    0x43, 0x8C, 0x0B, 0x72, 0xE6, 0x52, 0xEE, 0xEC, 0x70, 0x52, 0x90, 0xA8, 0x9C, 0x85, 0xA3, 0x80,
    0x24, 0xE7, 0xB6, 0x5C, 0x2A, 0x2B, 0x2D, 0x2F, 0x97, 0x0A, 0xAE, 0x3D, 0x97, 0x13, 0x73, 0x64,
    0x5E, 0x32, 0x91, 0x36, 0x92, 0x55, 0x39, 0xD9, 0xEE, 0x68, 0x14, 0x83, 0xE4, 0x67, 0xF4, 0x72,
    0xF6, 0xCC, 0xCE, 0xEC, 0x7C, 0x19, 0x55, 0x13, 0x63, 0x94, 0x9D, 0x62, 0x75, 0x71, 0x71, 0xF1,
    0x01, 0xB0, 0xB7, 0xAA, 0x7E, 0x67, 0xFF, 0x52, 0x26, 0xA9, 0xE5, 0x0D, 0x57, 0x84, 0x5C, 0x8A,
    0xA1, 0xEC, 0x7D, 0xD7, 0xB0, 0x22, 0xBD, 0x99, 0xF3, 0x50, 0x88, 0x4B, 0xCF, 0x9E, 0x93, 0xF4,
    0xC8, 0x25, 0x53, 0xAA, 0x18, 0x53, 0x45, 0x5B, 0xB1, 0x81, 0x54, 0x93, 0xC1, 0x95, 0x87, 0xB0,
    0x26, 0x97, 0x53, 0x8A, 0x61, 0xA6, 0xFC, 0x13, 0xF0, 0x5F, 0x84, 0xA6, 0x1C, 0x59, 0x1D, 0xB5,
    0x70, 0x7E, 0x04, 0x73, 0x43, 0x1E, 0x6E, 0x29, 0x64, 0x8F, 0xEB, 0x53, 0xFE, 0xB3, 0xE0, 0x8B,
    0x81, 0x13, 0xD7, 0xA3, 0x2D, 0xB8, 0x7C, 0xDD, 0x32, 0xD5, 0x6D, 0x2E, 0x0D, 0xC5, 0x78, 0x4D,
    0xD9, 0x4F, 0xF8, 0x33, 0xA1, 0x4A, 0x35, 0x9B, 0xA2, 0xC7, 0xB4, 0x5F, 0x30, 0x2B, 0x26, 0x45,
    0x50, 0x08, 0x90, 0x29, 0xF2, 0xD1, 0xD6, 0x53, 0x3C, 0x82, 0x9E, 0x34, 0x38, 0x45, 0xD9, 0x01,
    0x5E, 0xE1, 0x5B, 0x05, 0x40, 0xA5, 0xA8, 0x15, 0x6B, 0xC5, 0x56, 0xB1, 0x51, 0x5C, 0x2F, 0xD8,
    0x2F, 0xC3, 0x14, 0x59, 0x58, 0x86, 0x29, 0x0A, 0x51, 0x8C, 0x4F, 0x70, 0x03, 0xF0, 0xAA, 0x03,
    0xAB, 0x7C, 0x59, 0x34, 0x2C, 0x37, 0x7A, 0x42, 0x8C, 0x71, 0x36, 0x3C, 0xBF, 0xD6, 0x7A, 0xC1,
    0x46, 0x71, 0xBA, 0xE0, 0x5A, 0xF1, 0xD3, 0xF0, 0xDC, 0x83, 0x55, 0x2E, 0x2B, 0xCC, 0x83, 0x1F,
    0xFF, 0x1E, 0x5F, 0x4C, 0x2C, 0x15, 0xEA, 0x81, 0xA1, 0x6A, 0x81, 0x63, 0x54, 0x94, 0x13, 0xB5,
    0x3A, 0xD7, 0xEE, 0x62, 0x97, 0xA2, 0x89, 0x54, 0x8F, 0xB8, 0xC0, 0xDB, 0xAC, 0x7B, 0xC7, 0xC1,
    0xC9, 0x8E, 0x43, 0x29, 0xBB, 0xF6, 0xB6, 0x18, 0x1B, 0x4C, 0xC7, 0x5F, 0xC9, 0x5A, 0x20, 0x8B,
    0x93, 0x35, 0x76, 0xF7, 0x0F, 0xD6, 0xD2, 0x77, 0x5B, 0xF3, 0xB2, 0xA6, 0x66, 0x36, 0x67, 0xEB,
    0x5C, 0x6C, 0x97, 0xB5, 0x1B, 0xEC, 0xC7, 0x46, 0xEF, 0x00, 0x0D, 0xB3, 0x75, 0xAC, 0xFE, 0xCA,
    0x1E, 0x95, 0x8B, 0x9F, 0x02, 0xA8, 0xCE, 0x8B, 0x11, 0x93, 0xEF, 0x31, 0xD5, 0xD9, 0x6F, 0x52,
    0xC0, 0x8D, 0x8F, 0x7D, 0x19, 0x07, 0x98, 0x9A, 0x6F, 0xD2, 0x7C, 0x14, 0xFD, 0xBC, 0xB2, 0x14,
    0x81, 0xB2, 0x0F, 0x84, 0x14, 0x54, 0x67, 0xC2, 0xBD, 0x10, 0xD8, 0x66, 0xC2, 0x9D, 0x20, 0xCC,
    0x99, 0xE4, 0x77, 0x92, 0xA7, 0x3F, 0xA6, 0x72, 0x98, 0xDC, 0x50, 0x0E, 0x1C, 0x62, 0x7B, 0x38,
    0x74, 0x55, 0x47, 0xFD, 0xA0, 0x01, 0x64, 0xAD, 0x06, 0xEF, 0x99, 0x73, 0x71, 0x83, 0xEF, 0x1A,
    0xB6, 0x34, 0x54, 0xAD, 0xEF, 0xCA, 0xDE, 0x8D, 0xF9, 0x77, 0x3D, 0xCD, 0xCC, 0x0D, 0xBA, 0x66,
    0x1A, 0x5A, 0x8C, 0xBE, 0xAF, 0xB1, 0x93, 0xCA, 0xA7, 0xC5, 0x96, 0xEF, 0x27, 0x0F, 0x4A, 0x37,
    0x62, 0x9B, 0x2C, 0xC9, 0x5F, 0x8A, 0x6C, 0x52, 0x16, 0x4B, 0x12, 0xAC, 0xD7, 0x8D, 0x02, 0x4B,
    0x0A, 0x60, 0x26, 0x9B, 0xC3, 0x66, 0x2F, 0xB3, 0xC2, 0x8C, 0x75, 0xC3, 0xF3, 0xC9, 0xFF, 0x01,
    0x63, 0x60, 0x08, 0x60, 0x60, 0xFE, 0xC0, 0xC0, 0xFF, 0x81, 0x41, 0xEF, 0x01, 0xC3, 0xCE, 0x07,
    0x8C, 0x8F, 0x2E, 0xB0, 0x1F, 0x3E, 0x20, 0xCF, 0x7C, 0xC0, 0x7E, 0xFD, 0x13, 0xFB, 0xFF, 0x1F,
    0x18, 0xB8, 0x1B, 0x18, 0xF8, 0x1D, 0x18, 0x58, 0x19, 0x00, 0x5D, 0x91, 0x21, 0x8C, 0xD4, 0x40,
    0x14, 0x86, 0xBF, 0xB6, 0xDC, 0x36, 0xA1, 0xA2, 0xEA, 0x30, 0x88, 0x7A, 0x4C, 0xBD, 0x60, 0x67,
    0x3C, 0x66, 0xC5, 0xD5, 0xE0, 0x15, 0xE6, 0x7C, 0xC2, 0x6D, 0xEB, 0x15, 0x08, 0xBC, 0x22, 0x21,
    0xF5, 0xF2, 0x96, 0xD6, 0xAB, 0x7A, 0x55, 0x81, 0x42, 0x95, 0xA4, 0x62, 0x8F, 0xCC, 0xCE, 0x63,
    0x5E, 0x26, 0xC7, 0x36, 0xD7, 0xEC, 0xFE, 0xFF, 0x3F, 0x7D, 0xF3, 0xFE, 0xBF, 0x33, 0x8F, 0xA6,
    0xB1, 0x00, 0x20, 0xE2, 0x9F, 0x85, 0x8C, 0x00, 0xC9, 0x4A, 0x35, 0x03, 0xA4, 0x2B, 0xD9, 0x82,
    0x8A, 0x45, 0x35, 0xE8, 0x32, 0x89, 0x42, 0xDF, 0xA4, 0xB2, 0x92, 0xCF, 0xA1, 0x5A, 0xC9, 0x85,
    0x7C, 0x0A, 0x2F, 0xCD, 0xD7, 0x81, 0x62, 0xA4, 0x9C, 0x4E, 0xD4, 0xB6, 0x1C, 0x69, 0x3B, 0x47,
    0x65, 0x4B, 0x09, 0x75, 0x07, 0x04, 0x31, 0x23, 0x16, 0xAA, 0x6F, 0xF7, 0x1D, 0xC6, 0x5B, 0x2D,
    0x8E, 0x14, 0xB2, 0x50, 0x13, 0x04, 0xF7, 0x0E, 0xA3, 0x96, 0xE0, 0x31, 0xC1, 0xEF, 0xC6, 0x72,
    0x64, 0x1F, 0x44, 0x28, 0x1E, 0x79, 0x20, 0x3D, 0x97, 0x13, 0x27, 0x4E, 0xE0, 0xF2, 0x35, 0x75,
    0x3C, 0x82, 0x4B, 0x45, 0x16, 0x1C, 0x9C, 0x18, 0xA4, 0x03, 0x80, 0xE4, 0xA0, 0xC8, 0xAE, 0xB7,
    0xBA, 0x10, 0x39, 0xC7, 0x6C, 0x01, 0xCC, 0xC4, 0xD0, 0x81, 0x87, 0x6A, 0x24, 0x5B, 0x21, 0x18,
    0x16, 0x33, 0xFA, 0x0F, 0x19, 0xA4, 0x5F, 0xA8, 0x2D, 0xD7, 0xED, 0x55, 0x24, 0x4D, 0x04, 0x70,
    0x5B, 0x32, 0x7A, 0x2C, 0x94, 0xDC, 0x8B, 0xDA, 0x1E, 0x7E, 0xC6, 0x26, 0x03, 0xA9, 0x83, 0x7A,
    0xA4, 0x58, 0xA0, 0x7C, 0x4A, 0x86, 0x09, 0xB2, 0x68, 0x4A, 0x2B, 0xBF, 0x00, 0x92, 0x3B, 0x85,
    0x26, 0x3C, 0x14, 0x12, 0x1E, 0xFB, 0xBA, 0xEF, 0x87, 0x9E, 0xE8, 0x03, 0x3C, 0x28, 0xF0, 0x19,
    0x6E, 0x9B, 0xE6, 0x72, 0x87, 0x11, 0xCD, 0x7D, 0xD7, 0xF7, 0x7F, 0x7F, 0x00, 0xC9, 0x02, 0x90,
    0xCD, 0xA0, 0x27, 0x82, 0x9B, 0x8F, 0x62, 0xA1, 0xD2, 0x23, 0x53, 0x7F, 0x47, 0x91, 0xAB, 0x55,
    0xC0, 0x03, 0xBC, 0x27, 0x5D, 0x14, 0xB5, 0x6B, 0xAF, 0xF3, 0xC2, 0xD8, 0xBA, 0xD3, 0x2E, 0x0F,
    0xE4, 0xB2, 0x02, 0xDC, 0xC2, 0x86, 0x0C, 0x1B, 0x17, 0x8E, 0x6C, 0x3E, 0x8C, 0xC7, 0x48, 0x6E,
    0x37, 0x02, 0x78, 0x51, 0xDA, 0xC9, 0xD3, 0x7F, 0xA4, 0xFC, 0xBD, 0x12, 0x62, 0x5E, 0x69, 0x6A,
    0x39, 0x92, 0xFD, 0x19, 0xA8, 0x3A, 0x32, 0xF1, 0xD4, 0x36, 0x19, 0xBC, 0xC5, 0x60, 0x64, 0x42,
    0x47, 0xFD, 0x21, 0x90, 0x43, 0x77, 0x25, 0xE7, 0xB8, 0x59, 0x7B, 0x3A, 0x9D, 0x92, 0xF6, 0xB4,
    0x9D, 0xD2, 0x5B, 0x0F, 0xD4, 0x22, 0x6B, 0xBC, 0x7D, 0x0B, 0x24, 0x9F, 0x0E, 0xC4, 0x5B, 0x04,
    0x72, 0x2D, 0x29, 0x7A, 0x8D, 0xA5, 0xB5, 0x6A, 0x54, 0x8D, 0x8A, 0xFA, 0xEB, 0xD0, 0xA5, 0x55,
    0xAC, 0x23, 0xA2, 0xC2, 0x40, 0x4B, 0xC0, 0xDC, 0xA1, 0xC3, 0x9F, 0x75, 0xF6, 0xDE, 0x3E, 0x8F,
    0xDE, 0x5D, 0xF1, 0xCD, 0xA5, 0x39, 0xA0, 0xC1, 0x0B, 0xB4, 0xBA, 0x91, 0x34, 0x0E, 0x61, 0x8B,
    0xB3, 0xE2, 0x3F, 0xA5, 0x92, 0x21, 0x8C, 0xDC, 0x3C, 0x10, 0x85, 0x67, 0x93, 0x93, 0xF6, 0x97,
    0x0C, 0xFC, 0x73, 0xB2, 0xB4, 0xAA, 0x2A, 0x99, 0x4B, 0x3D, 0x65, 0x39, 0x2A, 0xE8, 0x71, 0x5A,
    0x95, 0xC3, 0xAA, 0x09, 0x47, 0xE5, 0xA8, 0xA0, 0xA0, 0xDD, 0x82, 0x72, 0xA9, 0x3A, 0x9B, 0xA3,
    0x25, 0xE5, 0xC1, 0x45, 0x06, 0x01, 0xA3, 0xAB, 0x37, 0xEE, 0x7B, 0x93, 0xB3, 0x74, 0xD7, 0x83,
    0x67, 0x69, 0xBF, 0xB7, 0xF2, 0xD8, 0xF3, 0x26, 0x2F, 0x11, 0x91, 0xA3, 0x60, 0xF5, 0x33, 0xE9,
    0x8D, 0xC3, 0x44, 0xAE, 0x44, 0xAF, 0xA4, 0x3F, 0x93, 0x03, 0x0F, 0xEE, 0x2E, 0x80, 0xEC, 0x17,
    0xF2, 0x60, 0xDB, 0xE3, 0xEF, 0xD3, 0xE9, 0xF4, 0x2D, 0x56, 0xAC, 0x75, 0x34, 0x1E, 0x92, 0x9D,
    0xC9, 0xE4, 0xAE, 0x90, 0x32, 0x1E, 0xDB, 0x85, 0x76, 0x19, 0x8D, 0x5A, 0xD3, 0xE6, 0xDB, 0x1B,
    0x65, 0x32, 0xBE, 0x31, 0xEE, 0xD4, 0x64, 0xBF, 0x9A, 0x84, 0x6A, 0xB5, 0x58, 0x79, 0xB0, 0xBB,
    0xDC, 0xB1, 0xE8, 0xB2, 0xDE, 0xB2, 0x94, 0x34, 0x24, 0x94, 0x44, 0x5D, 0x96, 0xAE, 0x88, 0xE2,
    0x87, 0x7F, 0x8A, 0x1D, 0xEC, 0x2B, 0x10, 0x05, 0xE2, 0xF2, 0x6B, 0x4A, 0xC7, 0x41, 0x78, 0xFB,
    0xD9, 0xB2, 0x33, 0xEE, 0x13, 0xE9, 0x32, 0x40, 0x73, 0xAE, 0x68, 0x7C, 0x14, 0xC5, 0xE5, 0x49,
    0x14, 0xFD, 0xF2, 0x1E, 0xE1, 0x7D, 0xBF, 0x6C, 0xE9, 0x19, 0x2F, 0xDB, 0xFE, 0x3F, 0xB1, 0xCB,
    0xD3, 0xD8, 0x1F, 0xBC, 0x8D, 0x4C, 0xBA, 0x44, 0x76, 0x04, 0xD3, 0x7B, 0xF6, 0xB3, 0x5D, 0x99,
    0x4C, 0xD7, 0x94, 0x7E, 0x1E, 0x8E, 0x10, 0x3F, 0xFB, 0x33, 0x64, 0x98, 0xFA, 0x05, 0xB2, 0x72,
    0x2A, 0xED, 0x95, 0x23, 0xAA, 0x9F, 0x39, 0xAF, 0x0E, 0x13, 0x87, 0x57, 0x7B, 0x5D, 0xEB, 0x1F,
    0xA5, 0x0C, 0x75, 0xA6, 0xF8, 0x3A, 0x51, 0xFA, 0xF5, 0x71, 0x7A, 0x3B, 0x53, 0x97, 0xB6, 0xE9,
    0x43, 0xDA, 0x32, 0x8C, 0x96, 0xA2, 0x21, 0x5A, 0xB0, 0x2C, 0x6D, 0x69, 0x3A, 0x74, 0x1B, 0x59,
    0xD3, 0xFB, 0x6F, 0xEB, 0xF6, 0xFE, 0xF9, 0xC3, 0xC4, 0x32, 0x0F, 0xE0, 0x8B, 0x64, 0xAA, 0x1A,
    0xAB, 0xAD, 0x32, 0x6E, 0xAA, 0x61, 0xAB, 0x67, 0xB6, 0x63, 0x43, 0xF3, 0xA0, 0x41, 0x34, 0x2F,
    0x6E, 0x99, 0x57, 0xF3, 0x6B, 0xFE, 0x04, 0xBD, 0xE8, 0xD1, 0xB2, 0xF6, 0x5B, 0xDA, 0x2D, 0xEF,
    0xFF, 0x89, 0xF6, 0x86, 0x7D, 0xB5, 0xE2, 0x58, 0x17, 0x7B, 0xE0, 0xB5, 0x42, 0x0E, 0xB9, 0x0C,
    0x67, 0x91, 0x3A, 0x15, 0xA7, 0xB2, 0x2F, 0x52, 0xA4, 0x1E, 0xC3, 0x0C, 0x09, 0xF3, 0x41, 0x20,
    0xFD, 0xF9, 0x8A, 0x22, 0x47, 0x31, 0x91, 0xC7, 0xF2, 0x9F, 0xC9, 0x14, 0x26, 0x88, 0x9B, 0x0F,
    0x19, 0x32, 0x9C, 0x11, 0x65, 0xE9, 0x56, 0xF8, 0xA4, 0xE2, 0xE1, 0xE4, 0xB5, 0x44, 0xF8, 0xEE,
    0xF8, 0x09, 0x59, 0xEC, 0x99, 0xB2, 0xAF, 0xC7, 0x87, 0xCD, 0xB8, 0xCF, 0x44, 0x0C, 0xBF, 0x6E,
    0x6E, 0xDE, 0x8E, 0x3C, 0xF5, 0x91, 0xD5, 0x0F, 0x91, 0x08, 0x09, 0x70, 0x19, 0xE8, 0x0A, 0x20,
    0x91, 0x08, 0x09, 0x70, 0x19, 0xE8, 0x0A, 0x20, 0x91, 0x08, 0x09, 0x70, 0x19, 0xE8, 0x16, 0x40,
    0x3E, 0x09, 0xD7, 0x4B, 0x24, 0xFF, 0xD9, 0x3C, 0x0C, 0xCC, 0x8A, 0x08, 0x44, 0xFC, 0xC9, 0x48,
    0xED, 0x56, 0xBB, 0x1F, 0x5B, 0x4F, 0x97, 0x9B, 0x4F, 0x6C, 0xDE, 0x2E, 0xB7, 0x79, 0xBC, 0x00,
    0xEC, 0xFE, 0x8E, 0xF8, 0xF2, 0x0A, 0xD0, 0x91, 0x60, 0x55, 0x79, 0x4E, 0x79, 0x43, 0x25, 0x12,
    0xD8, 0x54, 0xF6, 0x53, 0x76, 0x56, 0x7A, 0x28, 0xDD, 0x94, 0xBE, 0x40, 0x57, 0x00, 0x89, 0x44,
    0x50, 0x4C, 0xFB, 0x43, 0x2B, 0xD6, 0x12, 0x81, 0xF9, 0x05, 0xFB, 0x5F, 0xE3, 0x97, 0x81, 0x5E,
    0x01, 0x9F, 0x81, 0x21, 0x01, 0x15, 0x85, 0xBE, 0x00, 0x3E, 0x03, 0x43, 0x02, 0x2A, 0x0E, 0xF7,
    0x05, 0xF0, 0x19, 0x18, 0x12, 0x50, 0x19, 0x71, 0x21, 0x32, 0x71, 0x77, 0x3A, 0x7D, 0xB5, 0x20,
    0x0E, 0xC4, 0x5F, 0x8D, 0x91, 0x2D, 0x6C, 0xFC, 0x46, 0x10, 0xC5, 0x7F, 0xF6, 0x36, 0x35, 0x30,
    0xD8, 0x82, 0x06, 0xB4, 0x95, 0x6A, 0x5E, 0xA9, 0x32, 0x97, 0xA2, 0x5B, 0x97, 0x93, 0x80, 0x1C,
    0x2E, 0x2F, 0x29, 0x2D, 0x88, 0x65, 0x73, 0x14, 0x8E, 0x02, 0x82, 0x8E, 0x84, 0x94, 0xF5, 0x9A,
    0x5B, 0x85, 0x03, 0x93, 0x72, 0x4B, 0x85, 0x21, 0x0B, 0x2C, 0xC5, 0xC0, 0xE7, 0xED, 0x8E, 0x76,
    0x75, 0xB2, 0xD4, 0xFF, 0xD7, 0xE8, 0xF6, 0x8D, 0x7D, 0xF3, 0xDE, 0x9B, 0x1D, 0x0F, 0x7C, 0xFD,
    0x04, 0xD4, 0xBE, 0x87, 0x6F, 0x7E, 0x18, 0x01, 0xE5, 0x80, 0x6C, 0x02, 0x98, 0x43, 0xF5, 0x61,
    0x21, 0xF3, 0xCB, 0x42, 0xE9, 0xD7, 0x85, 0x7A, 0xA8, 0x66, 0x5E, 0x28, 0xE6, 0x6C, 0x46, 0x4D,
    0xCA, 0x05, 0x72, 0x39, 0x04, 0xD0, 0x96, 0x62, 0xAC, 0x7A, 0xCA, 0xA1, 0x06, 0x6D, 0x0D, 0x54,
    0x7D, 0x00, 0x43, 0x80, 0x36, 0x40, 0xA0, 0x9B, 0xA6, 0x70, 0x41, 0xFF, 0xBB, 0x45, 0xFB, 0x15,
    0x72, 0x3F, 0x02, 0xDF, 0x82, 0xC4, 0x15, 0x20, 0x12, 0x41, 0x63, 0x05, 0x4F, 0x82, 0xD9, 0xFB,
    0x00, 0xA8, 0x7F, 0x85, 0x59, 0xBE, 0x3A, 0x40, 0xFF, 0x22, 0x68, 0x98, 0x80, 0x7B, 0x16, 0x60,
    0xE6, 0x08, 0xB9, 0xA3, 0x85, 0x62, 0x60, 0x27, 0xDD, 0x31, 0x50, 0xCB, 0x4F, 0x5E, 0xAB, 0x46,
    0x68, 0xBA, 0xCF, 0x26, 0x29, 0xC9, 0x6C, 0xA5, 0x2D, 0xAD, 0x90, 0x75, 0x0F, 0x6A, 0x34, 0xC8,
    0xC4, 0xC6, 0x87, 0x70, 0x9D, 0x17, 0xBC, 0xDA, 0x87, 0xB8, 0xAB, 0xE4, 0xF9, 0x2C, 0xE8, 0x17,
    0x16, 0xC4, 0x67, 0x86, 0x9A, 0x6C, 0x12, 0xCC, 0x03, 0x1A, 0x69, 0xCB, 0x0E, 0x75, 0xC1, 0x36,
    0xF8, 0xC1, 0x51, 0x2E, 0xC2, 0x42, 0x19, 0xD1, 0xC2, 0x8C, 0xB6, 0x22, 0xD4, 0xBD, 0x60, 0xD5,
    0x8B, 0xB0, 0x6A, 0x44, 0x52, 0x23, 0x68, 0x10, 0xA1, 0x49, 0x13, 0x88, 0xB0, 0x45, 0x84, 0x2D,
    0x22, 0xE4, 0x7A, 0xBF, 0xBF, 0xC5, 0x78, 0xEF, 0xE8, 0xBC, 0x1F, 0x69, 0x01, 0x4C, 0x03, 0x54,
    0x16, 0x28, 0x1C, 0x90, 0xCF, 0x00, 0xE7, 0x0F, 0x55, 0x04, 0x94, 0x80, 0x1E, 0x53, 0x35, 0x3B,
    0xC7, 0x62, 0xA2, 0x9D, 0x48, 0xFA, 0x52, 0x08, 0xB5, 0xC8, 0xCD, 0xE1, 0xF0, 0x18, 0x3B, 0xFE,
    0x74, 0x38, 0x3C, 0x20, 0x4F, 0x5D, 0x38, 0xF2, 0x22, 0xDB, 0x12, 0x8A, 0xEE, 0x85, 0x0C, 0xB0,
    0x13, 0x38, 0x0A, 0x2C, 0x40, 0x36, 0xA5, 0x7E, 0x32, 0x4C, 0xBC, 0xBF, 0xCC, 0x0A, 0x06, 0xA0,
    0x25, 0xD1, 0x98, 0x2F, 0x77, 0x1B, 0x91, 0x61, 0xFF, 0x6F, 0xF9, 0xF7, 0x17, 0x59, 0x6E, 0xA3,
    0x68, 0x62, 0xD6, 0xC4, 0xB8, 0x49, 0xF9, 0xCF, 0x94, 0x5D, 0x4C, 0xCA, 0xC6, 0x5C, 0x26, 0xFA,
    0x8F, 0x1B, 0xFA, 0x86, 0x96, 0x8D, 0x1B, 0xFA, 0xC6, 0xF5, 0xE7, 0x94, 0xFF, 0x80, 0x2D, 0x3D,
    0x4F, 0xB4, 0xA2, 0xFF, 0xC4, 0x25, 0xF2, 0x31, 0xBA, 0xD6, 0x2E, 0xBA, 0xFE, 0x35, 0x95, 0xB1,
    0xD7, 0x92, 0x2E, 0xB1, 0x24, 0xFA, 0x4B, 0x72, 0x35, 0x43, 0xCA, 0xC9, 0xB5, 0x22, 0xC6, 0x57,
    0x29, 0x5F, 0x93, 0xDD, 0xA1, 0xBC, 0xAD, 0x3C, 0xFA, 0xCD, 0xBD, 0x3C, 0xDB, 0x1D, 0x67, 0x57,
    0xD8, 0x7B, 0x8C, 0x55, 0xC3, 0x91, 0x1A, 0x65, 0x8F, 0x74, 0x7D, 0x61, 0xDB, 0xFC, 0x7D, 0xAC,
    0x1A, 0xE3, 0x5F, 0xD7, 0x15, 0xBD, 0xD2, 0x4D, 0xD0, 0x90, 0xC5, 0xE6, 0xB7, 0x40, 0xE5, 0x52,
    0xB7, 0xF8, 0xDD, 0x67, 0xD2, 0x77, 0xCF, 0xDD, 0xF6, 0xE3, 0xA7, 0x45, 0xA5, 0x6D, 0x6D, 0xD6,
    0xB0, 0x59, 0xEF, 0x71, 0xBB, 0xE3, 0xCD, 0xF2, 0xD4, 0xF8, 0x59, 0x93, 0xDD, 0x47, 0x4C, 0xF2,
    0x8B, 0x49, 0x67, 0x81, 0x93, 0x08, 0x6E, 0xB9, 0xC4, 0xA9, 0x2F, 0x1B, 0xE5, 0x5D, 0x45, 0xF9,
    0xE6, 0xCF, 0x68, 0x4E, 0x13, 0xDF, 0xF1, 0x7D, 0x0F, 0x97, 0xC8, 0xCF, 0xDC, 0xA0, 0xBD, 0x3D,
    0x62, 0x9E, 0xBD, 0xE3, 0x5E, 0xF9, 0x81, 0x27, 0x7E, 0x03, 0xC8, 0x1E, 0x41, 0x0D, 0xD9, 0xFE,
    0xD7, 0x7F, 0x4A, 0xEF, 0x57, 0x39, 0x30, 0xC7, 0xB9, 0x0B, 0x0B, 0xBA, 0xE1, 0xBA, 0xDB, 0xDF,
    0x19, 0xEF, 0xE7, 0x70, 0x26, 0x19, 0xA2, 0xB4, 0xA4, 0x28, 0x26, 0xA8, 0x2D, 0xD9, 0x0A, 0xA5,
    0x43, 0x96, 0x94, 0x9D, 0xE3, 0xA3, 0x5A, 0x80, 0x13, 0x52, 0x8E, 0x7F, 0x48, 0x81, 0xAE, 0x21,
    0x45, 0xF0, 0x6A, 0xBA, 0x70, 0x90, 0x58, 0xD3, 0x82, 0xF5, 0x08, 0xF9, 0x56, 0xA8, 0x37, 0xA6,
    0x23, 0x22, 0x97, 0xB2, 0x1E, 0x36, 0xA3, 0x7B, 0x8F, 0x0F, 0x47, 0xE2, 0x3F, 0x2D, 0x8D, 0x81,
    0x05, 0xC4, 0x30, 0x18, 0x46, 0x5F, 0x53, 0x14, 0x45, 0x47, 0xC8, 0x00, 0x45, 0x36, 0x68, 0xB2,
    0xD8, 0x9D, 0x0C, 0x71, 0x03, 0x1C, 0x80, 0x9B, 0xA1, 0x75, 0x1D, 0xA1, 0x23, 0x74, 0x84, 0x43,
    0x11, 0x95, 0x5E, 0xEE, 0xFF, 0x5D, 0x82, 0x47, 0x78, 0xFF, 0xF7, 0x40, 0x9F, 0xB9, 0xBA, 0x1D,
    0x9B, 0xFB, 0x0F, 0xFE, 0x21, 0x58, 0x68, 0x22, 0x19, 0xF8, 0x23, 0x01, 0xAE, 0x94, 0x12, 0xBC,
    0x62, 0x3C, 0x5F, 0x6F, 0x5A, 0x31, 0x2B, 0x76, 0x26, 0xBA, 0x8D, 0x3B, 0xFD, 0xCA, 0x4D, 0x31,
    0x33, 0xAC, 0x64, 0x86, 0x28, 0xB0, 0x91, 0x84, 0x0D, 0xCD, 0x81, 0xC3, 0x1C, 0xA2, 0x9B, 0x7A,
    0x38, 0x29, 0x30, 0x5F, 0xF9, 0xDB, 0xAB, 0xD5, 0xAE, 0x60, 0xD1, 0xB5, 0x2C, 0x6B, 0x82, 0x7E,
    0x23, 0xC9, 0x9A, 0x2B, 0x69, 0x58, 0xBD, 0x20, 0x8E, 0xE7, 0xD3, 0x46, 0x91, 0x6C, 0x10, 0x38,
    0x35, 0xBD, 0x9A, 0x5E, 0xCD, 0x09, 0x8D, 0x6B, 0x77, 0xD1, 0xEE, 0x5C, 0xE3, 0x41, 0xE0, 0x20,
    0x89, 0xD4, 0xD4, 0xB8, 0x76, 0xF9, 0x01,
};

static const EpdGlyph dmsans_16_italicGlyphs[] = {
    { 0, 0, 320, 0, 0, 0, 0 }, // U+000D
    { 0, 0, 150, 0, 0, 0, 0 }, // U+0020
    { 8, 25, 134, 1, 24, 50, 0 }, // !
    { 10, 8, 169, 3, 26, 20, 50 }, // "
    { 26, 24, 429, 1, 24, 156, 70 }, // #
    { 19, 30, 311, 0, 27, 143, 226 }, // $
    { 23, 25, 420, 2, 24, 144, 369 }, // %
    { 24, 25, 392, 0, 24, 150, 513 }, // &
    { 5, 8, 87, 3, 26, 10, 663 }, // '
    { 14, 33, 199, 1, 28, 116, 673 }, // (
    { 14, 33, 199, -2, 28, 116, 789 }, // )
    { 14, 13, 255, 3, 25, 46, 905 }, // *
    { 17, 15, 293, 1, 17, 64, 951 }, // +
    { 8, 8, 97, -3, 4, 16, 1015 }, // ,
    { 14, 3, 275, 2, 11, 11, 1031 }, // -
    { 5, 5, 107, 0, 4, 7, 1042 }, // .
    { 18, 30, 209, -2, 26, 135, 1049 }, // /
    { 22, 25, 366, 1, 24, 138, 1184 }, // 0
    { 9, 24, 167, 2, 24, 54, 1322 }, // 1
    { 19, 24, 313, 0, 24, 114, 1376 }, // 2
    { 18, 25, 315, 1, 24, 113, 1490 }, // 3
    { 20, 24, 324, 0, 24, 120, 1603 }, // 4
    { 19, 25, 327, 1, 24, 119, 1723 }, // 5
    { 18, 25, 331, 2, 24, 113, 1842 }, // 6
    { 17, 24, 285, 3, 24, 102, 1955 }, // 7
    { 19, 25, 323, 1, 24, 119, 2057 }, // 8
    { 18, 25, 332, 2, 24, 113, 2176 }, // 9
    { 7, 19, 109, 0, 18, 34, 2289 }, // :
    { 9, 22, 115, -2, 18, 50, 2323 }, // ;
    { 15, 16, 293, 3, 20, 60, 2373 }, // <
    { 16, 10, 293, 1, 15, 40, 2433 }, // =
    { 14, 16, 293, 2, 20, 56, 2473 }, // >
    { 16, 25, 280, 2, 24, 100, 2529 }, // ?
    { 29, 29, 531, 2, 22, 211, 2629 }, // @
    { 21, 24, 354, -1, 24, 126, 2840 }, // A
    { 19, 24, 322, 1, 24, 114, 2966 }, // B
    { 23, 25, 383, 1, 24, 144, 3080 }, // C
    { 22, 24, 369, 1, 24, 132, 3224 }, // D
    { 18, 24, 291, 1, 24, 108, 3356 }, // E
    { 19, 24, 282, 1, 24, 114, 3464 }, // F
    { 24, 25, 406, 1, 24, 150, 3578 }, // G
    { 22, 24, 364, 1, 24, 132, 3728 }, // H
    { 7, 24, 125, 1, 24, 42, 3860 }, // I
    { 17, 25, 261, 0, 24, 107, 3902 }, // J
    { 21, 24, 312, 1, 24, 126, 4009 }, // K
    { 15, 24, 282, 1, 24, 90, 4135 }, // L
    { 28, 24, 449, 1, 24, 168, 4225 }, // M
    { 23, 24, 369, 1, 24, 138, 4393 }, // N
    { 25, 25, 416, 1, 24, 157, 4531 }, // O
    { 19, 24, 311, 1, 24, 114, 4688 }, // P
    { 25, 28, 416, 1, 24, 175, 4802 }, // Q
    { 19, 24, 317, 1, 24, 114, 4977 }, // R
    { 19, 25, 311, 0, 24, 119, 5091 }, // S
    { 18, 24, 299, 3, 24, 108, 5210 }, // T
    { 22, 25, 349, 1, 24, 138, 5318 }, // U
    { 22, 24, 357, 3, 24, 132, 5456 }, // V
    { 32, 25, 516, 3, 24, 200, 5588 }, // W
    { 23, 24, 322, -1, 24, 138, 5788 }, // X
    { 19, 24, 309, 3, 24, 114, 5926 }, // Y
    { 20, 24, 288, 0, 24, 120, 6040 }, // Z
    { 12, 34, 168, 0, 28, 102, 6160 }, // [
    { 18, 30, 370, 3, 26, 135, 6262 }, // <backslash>
    { 13, 34, 167, -1, 28, 111, 6397 }, // ]
    { 19, 17, 332, 1, 24, 81, 6508 }, // ^
    { 18, 3, 338, 0, -1, 14, 6589 }, // _
    { 8, 7, 114, 2, 25, 14, 6603 }, // `
    { 17, 19, 294, 0, 18, 81, 6617 }, // a
    { 20, 25, 331, 0, 24, 125, 6698 }, // b
    { 18, 19, 306, 1, 18, 86, 6823 }, // c
    { 21, 25, 332, 1, 24, 132, 6909 }, // d
    { 17, 19, 304, 1, 18, 81, 7041 }, // e
    { 12, 24, 181, 1, 24, 72, 7122 }, // f
    { 21, 26, 295, -2, 18, 137, 7194 }, // g
    { 18, 24, 307, 0, 24, 108, 7331 }, // h
    { 8, 25, 129, 1, 25, 50, 7439 }, // i
    { 13, 33, 134, -4, 25, 108, 7489 }, // j
    { 18, 24, 273, 0, 24, 108, 7597 }, // k
    { 8, 24, 119, 0, 24, 48, 7705 }, // l
    { 29, 18, 471, 0, 18, 131, 7753 }, // m
    { 18, 18, 306, 0, 18, 81, 7884 }, // n
    { 18, 19, 318, 1, 18, 86, 7965 }, // o
    { 21, 26, 332, -1, 18, 137, 8051 }, // p
    { 19, 26, 332, 1, 18, 124, 8188 }, // q
    { 14, 18, 198, 0, 18, 63, 8312 }, // r
    { 16, 19, 269, 0, 18, 76, 8375 }, // s
    { 12, 21, 206, 2, 21, 63, 8451 }, // t
    { 18, 18, 307, 1, 17, 81, 8514 }, // u
    { 17, 17, 288, 2, 17, 73, 8595 }, // v
    { 25, 17, 407, 2, 17, 107, 8668 }, // w
    { 19, 17, 264, -1, 17, 81, 8775 }, // x
    { 19, 25, 297, 1, 17, 119, 8856 }, // y
    { 17, 17, 247, -1, 17, 73, 8975 }, // z
    { 13, 34, 228, 3, 28, 111, 9048 }, // {
    { 9, 28, 125, 0, 24, 63, 9159 }, // |
    { 14, 34, 228, -1, 28, 119, 9222 }, // }
    { 17, 6, 293, 1, 14, 26, 9341 }, // ~
    { 0, 0, 150, 0, 0, 0, 0 }, // U+00A0
    { 8, 25, 134, 0, 18, 50, 0 }, // U+00A1
    { 18, 25, 306, 1, 21, 113, 50 }, // U+00A2
    { 19, 24, 320, 1, 24, 114, 163 }, // U+00A3
    { 16, 14, 284, 1, 17, 56, 277 }, // U+00A4
    { 21, 24, 321, 1, 24, 126, 333 }, // U+00A5
    { 9, 28, 125, 0, 24, 63, 459 }, // U+00A6
    { 20, 32, 314, 0, 24, 160, 522 }, // U+00A7
    { 9, 4, 140, 2, 23, 9, 682 }, // U+00A8
    { 24, 25, 427, 2, 24, 150, 691 }, // U+00A9
    { 14, 13, 255, 3, 24, 46, 841 }, // U+00AA
    { 14, 12, 241, 1, 16, 42, 887 }, // U+00AB
    { 20, 8, 293, 0, 15, 40, 929 }, // U+00AC
    { 15, 14, 269, 2, 24, 53, 969 }, // U+00AE
    { 12, 4, 186, 2, 23, 12, 1022 }, // U+00AF
    { 10, 10, 185, 3, 24, 25, 1034 }, // U+00B0
    { 19, 17, 293, 0, 19, 81, 1059 }, // U+00B1
    { 11, 13, 176, 1, 24, 36, 1140 }, // U+00B2
    { 12, 13, 175, 1, 24, 39, 1176 }, // U+00B3
    { 8, 7, 111, 2, 25, 14, 1215 }, // U+00B4
    { 20, 25, 312, -1, 17, 125, 1229 }, // U+00B5
    { 18, 28, 316, 2, 24, 126, 1354 }, // U+00B6
    { 5, 5, 107, 1, 14, 7, 1480 }, // U+00B7
    { 9, 10, 122, -3, 1, 23, 1487 }, // U+00B8
    { 6, 13, 109, 3, 24, 20, 1510 }, // U+00B9
    { 13, 13, 244, 3, 24, 43, 1530 }, // U+00BA
    { 14, 12, 241, 0, 16, 42, 1573 }, // U+00BB
    { 23, 25, 413, 2, 24, 144, 1615 }, // U+00BC
    { 26, 25, 455, 2, 24, 163, 1759 }, // U+00BD
    { 26, 25, 448, 1, 24, 163, 1922 }, // U+00BE
    { 16, 25, 280, -1, 18, 100, 2085 }, // U+00BF
    { 21, 32, 354, -1, 32, 168, 2185 }, // U+00C0
    { 21, 32, 354, -1, 32, 168, 2353 }, // U+00C1
    { 21, 31, 354, -1, 31, 163, 2521 }, // U+00C2
    { 21, 30, 354, -1, 30, 158, 2684 }, // U+00C3
    { 21, 30, 354, -1, 30, 158, 2842 }, // U+00C4
    { 21, 33, 354, -1, 33, 174, 3000 }, // U+00C5
    { 33, 24, 486, -1, 24, 198, 3174 }, // U+00C6
    { 23, 33, 383, 1, 24, 190, 3372 }, // U+00C7
    { 18, 32, 291, 1, 32, 144, 3562 }, // U+00C8
    { 18, 32, 291, 1, 32, 144, 3706 }, // U+00C9
    { 18, 31, 291, 1, 31, 140, 3850 }, // U+00CA
    { 18, 30, 291, 1, 30, 135, 3990 }, // U+00CB
    { 10, 32, 125, 1, 32, 80, 4125 }, // U+00CC
    { 10, 32, 125, 1, 32, 80, 4205 }, // U+00CD
    { 11, 31, 125, 1, 31, 86, 4285 }, // U+00CE
    { 11, 30, 125, 1, 30, 83, 4371 }, // U+00CF
    { 24, 24, 382, 0, 24, 144, 4454 }, // U+00D0
    { 23, 30, 369, 1, 30, 173, 4598 }, // U+00D1
    { 25, 33, 416, 1, 32, 207, 4771 }, // U+00D2
    { 25, 33, 416, 1, 32, 207, 4978 }, // U+00D3
    { 25, 32, 416, 1, 31, 200, 5185 }, // U+00D4
    { 25, 31, 416, 1, 30, 194, 5385 }, // U+00D5
    { 25, 31, 416, 1, 30, 194, 5579 }, // U+00D6
    { 15, 13, 293, 2, 16, 49, 5773 }, // U+00D7
    { 29, 25, 414, -1, 24, 182, 5822 }, // U+00D8
    { 22, 33, 349, 1, 32, 182, 6004 }, // U+00D9
    { 22, 33, 349, 1, 32, 182, 6186 }, // U+00DA
    { 22, 32, 349, 1, 31, 176, 6368 }, // U+00DB
    { 22, 31, 349, 1, 30, 171, 6544 }, // U+00DC
    { 19, 32, 309, 3, 32, 152, 6715 }, // U+00DD
    { 18, 24, 311, 1, 24, 108, 6867 }, // U+00DE
    { 21, 26, 352, 0, 25, 137, 6975 }, // U+00DF
    { 17, 26, 294, 0, 25, 111, 7112 }, // U+00E0
    { 17, 26, 294, 0, 25, 111, 7223 }, // U+00E1
    { 17, 25, 294, 0, 24, 107, 7334 }, // U+00E2
    { 17, 24, 294, 0, 23, 102, 7441 }, // U+00E3
    { 17, 24, 294, 0, 23, 102, 7543 }, // U+00E4
    { 17, 27, 294, 0, 26, 115, 7645 }, // U+00E5
    { 30, 19, 493, 0, 18, 143, 7760 }, // U+00E6
    { 18, 27, 306, 1, 18, 122, 7903 }, // U+00E7
    { 17, 26, 304, 1, 25, 111, 8025 }, // U+00E8
    { 17, 26, 304, 1, 25, 111, 8136 }, // U+00E9
    { 17, 25, 304, 1, 24, 107, 8247 }, // U+00EA
    { 17, 24, 304, 1, 23, 102, 8354 }, // U+00EB
    { 10, 25, 119, 0, 25, 63, 8456 }, // U+00EC
    { 10, 25, 119, 0, 25, 63, 8519 }, // U+00ED
    { 11, 24, 119, 0, 24, 66, 8582 }, // U+00EE
    { 11, 23, 119, 0, 23, 64, 8648 }, // U+00EF
    { 20, 25, 328, 1, 24, 125, 8712 }, // U+00F0
    { 18, 23, 306, 0, 23, 104, 8837 }, // U+00F1
    { 18, 26, 318, 1, 25, 117, 8941 }, // U+00F2
    { 18, 26, 318, 1, 25, 117, 9058 }, // U+00F3
    { 18, 25, 318, 1, 24, 113, 9175 }, // U+00F4
    { 18, 24, 318, 1, 23, 108, 9288 }, // U+00F5
    { 18, 24, 318, 1, 23, 108, 9396 }, // U+00F6
    { 15, 14, 293, 2, 17, 53, 9504 }, // U+00F7
    { 22, 19, 318, -1, 18, 105, 9557 }, // U+00F8
    { 18, 26, 307, 1, 25, 117, 9662 }, // U+00F9
    { 18, 26, 307, 1, 25, 117, 9779 }, // U+00FA
    { 18, 25, 307, 1, 24, 113, 9896 }, // U+00FB
    { 18, 24, 307, 1, 23, 108, 10009 }, // U+00FC
    { 19, 33, 297, 1, 25, 157, 10117 }, // U+00FD
    { 21, 32, 332, -1, 24, 168, 10274 }, // U+00FE
    { 19, 31, 297, 1, 23, 148, 10442 }, // U+00FF
    { 22, 30, 354, -1, 30, 165, 0 }, // U+0100
    { 18, 24, 294, 0, 23, 108, 165 }, // U+0101
    { 21, 31, 354, -1, 31, 163, 273 }, // U+0102
    { 17, 25, 294, 0, 24, 107, 436 }, // U+0103
    { 21, 31, 354, -1, 24, 163, 543 }, // U+0104
    { 17, 25, 294, 0, 18, 107, 706 }, // U+0105
    { 23, 33, 383, 1, 32, 190, 813 }, // U+0106
    { 18, 26, 306, 1, 25, 117, 1003 }, // U+0107
    { 23, 31, 383, 1, 30, 179, 1120 }, // U+010A
    { 18, 24, 306, 1, 23, 108, 1299 }, // U+010B
    { 23, 32, 383, 1, 31, 184, 1407 }, // U+010C
    { 18, 25, 306, 1, 24, 113, 1591 }, // U+010D
    { 22, 31, 369, 1, 31, 171, 1704 }, // U+010E
    { 25, 26, 376, 1, 25, 163, 1875 }, // U+010F
    { 24, 24, 382, 0, 24, 144, 2038 }, // U+0110
    { 23, 25, 357, 1, 24, 144, 2182 }, // U+0111
    { 18, 30, 291, 1, 30, 135, 2326 }, // U+0112
    { 17, 24, 304, 1, 23, 102, 2461 }, // U+0113
    { 18, 31, 291, 1, 31, 140, 2563 }, // U+0114
    { 17, 25, 304, 1, 24, 107, 2703 }, // U+0115
    { 18, 30, 291, 1, 30, 135, 2810 }, // U+0116
    { 17, 24, 304, 1, 23, 102, 2945 }, // U+0117
    { 18, 31, 291, 1, 24, 140, 3047 }, // U+0118
    { 17, 25, 304, 1, 18, 107, 3187 }, // U+0119
    { 18, 31, 291, 1, 31, 140, 3294 }, // U+011A
    { 17, 25, 304, 1, 24, 107, 3434 }, // U+011B
    { 24, 32, 406, 1, 31, 192, 3541 }, // U+011E
    { 21, 32, 295, -2, 24, 168, 3733 }, // U+011F
    { 24, 31, 406, 1, 30, 186, 3901 }, // U+0120
    { 21, 31, 295, -2, 23, 163, 4087 }, // U+0121
    { 24, 32, 406, 1, 24, 192, 4250 }, // U+0122
    { 21, 33, 295, -2, 25, 174, 4442 }, // U+0123
    { 24, 24, 400, 2, 24, 144, 4616 }, // U+0126
    { 18, 24, 333, 2, 24, 108, 4760 }, // U+0127
    { 12, 30, 125, 1, 30, 90, 4868 }, // U+0128
    { 12, 23, 119, 0, 23, 69, 4958 }, // U+0129
    { 13, 30, 125, 1, 30, 98, 5027 }, // U+012A
    { 13, 23, 119, -1, 23, 75, 5125 }, // U+012B
    { 12, 31, 125, 1, 31, 93, 5200 }, // U+012C
    { 12, 24, 119, 0, 24, 72, 5293 }, // U+012D
    { 12, 31, 125, -4, 24, 93, 5365 }, // U+012E
    { 12, 30, 119, -4, 23, 90, 5458 }, // U+012F
    { 8, 30, 125, 1, 30, 60, 5548 }, // U+0130
    { 7, 17, 119, 0, 17, 30, 5608 }, // U+0131
    { 22, 25, 365, 1, 24, 138, 5638 }, // U+0132
    { 15, 33, 244, 1, 25, 124, 5776 }, // U+0133
    { 21, 32, 312, 1, 24, 168, 5900 }, // U+0136
    { 18, 32, 273, 0, 24, 144, 6068 }, // U+0137
    { 15, 32, 282, 1, 32, 120, 6212 }, // U+0139
    { 11, 32, 119, 0, 32, 88, 6332 }, // U+013A
    { 15, 32, 282, 1, 24, 120, 6420 }, // U+013B
    { 9, 32, 119, -1, 24, 72, 6540 }, // U+013C
    { 15, 25, 282, 1, 25, 94, 6612 }, // U+013D
    { 13, 25, 164, 0, 25, 82, 6706 }, // U+013E
    { 15, 24, 282, 1, 24, 90, 6788 }, // U+013F
    { 11, 24, 138, 0, 24, 66, 6878 }, // U+0140
    { 17, 24, 298, 0, 24, 102, 6944 }, // U+0141
    { 10, 24, 133, 0, 24, 60, 7046 }, // U+0142
    { 23, 32, 369, 1, 32, 184, 7106 }, // U+0143
    { 18, 25, 306, 0, 25, 113, 7290 }, // U+0144
    { 23, 32, 369, 1, 24, 184, 7403 }, // U+0145
    { 18, 26, 306, 0, 18, 117, 7587 }, // U+0146
    { 23, 31, 369, 1, 31, 179, 7704 }, // U+0147
    { 18, 24, 306, 0, 24, 108, 7883 }, // U+0148
    { 23, 32, 368, 1, 24, 184, 7991 }, // U+014A
    { 18, 26, 311, 0, 18, 117, 8175 }, // U+014B
    { 25, 31, 416, 1, 30, 194, 8292 }, // U+014C
    { 18, 24, 318, 1, 23, 108, 8486 }, // U+014D
    { 25, 32, 416, 1, 31, 200, 8594 }, // U+014E
    { 18, 25, 318, 1, 24, 113, 8794 }, // U+014F
    { 25, 32, 416, 1, 31, 200, 8907 }, // U+0150
    { 18, 25, 318, 1, 24, 113, 9107 }, // U+0151
    { 37, 25, 590, 1, 24, 232, 9220 }, // U+0152
    { 31, 19, 525, 1, 18, 148, 9452 }, // U+0153
    { 19, 32, 317, 1, 32, 152, 9600 }, // U+0154
    { 14, 25, 198, 0, 25, 88, 9752 }, // U+0155
    { 19, 32, 317, 1, 24, 152, 9840 }, // U+0156
    { 15, 26, 198, -1, 18, 98, 9992 }, // U+0157
    { 19, 31, 317, 1, 31, 148, 10090 }, // U+0158
    { 15, 24, 198, 0, 24, 90, 10238 }, // U+0159
    { 19, 33, 311, 0, 32, 157, 10328 }, // U+015A
    { 16, 26, 269, 0, 25, 104, 10485 }, // U+015B
    { 19, 33, 311, 0, 24, 157, 10589 }, // U+015E
    { 16, 27, 269, 0, 18, 108, 10746 }, // U+015F
    { 19, 32, 311, 0, 31, 152, 10854 }, // U+0160
    { 16, 25, 269, 0, 24, 100, 11006 }, // U+0161
    { 18, 33, 299, 3, 24, 149, 11106 }, // U+0162
    { 12, 30, 206, 2, 21, 90, 11255 }, // U+0163
    { 18, 31, 299, 3, 31, 140, 11345 }, // U+0164
    { 13, 26, 206, 2, 26, 85, 11485 }, // U+0165
    { 22, 31, 349, 1, 30, 171, 11570 }, // U+0168
    { 18, 24, 307, 1, 23, 108, 11741 }, // U+0169
    { 22, 31, 349, 1, 30, 171, 11849 }, // U+016A
    { 18, 24, 307, 1, 23, 108, 12020 }, // U+016B
    { 22, 32, 349, 1, 31, 176, 12128 }, // U+016C
    { 18, 25, 307, 1, 24, 113, 12304 }, // U+016D
    { 22, 34, 349, 1, 33, 187, 12417 }, // U+016E
    { 18, 27, 307, 1, 26, 122, 12604 }, // U+016F
    { 22, 32, 349, 1, 31, 176, 12726 }, // U+0170
    { 18, 25, 307, 1, 24, 113, 12902 }, // U+0171
    { 22, 31, 349, 1, 24, 171, 13015 }, // U+0172
    { 18, 24, 307, 1, 17, 108, 13186 }, // U+0173
    { 32, 32, 516, 3, 31, 256, 13294 }, // U+0174
    { 25, 24, 407, 2, 24, 150, 13550 }, // U+0175
    { 19, 31, 309, 3, 31, 148, 13700 }, // U+0176
    { 19, 32, 297, 1, 24, 152, 13848 }, // U+0177
    { 19, 30, 309, 3, 30, 143, 14000 }, // U+0178
    { 20, 32, 288, 0, 32, 160, 14143 }, // U+0179
    { 17, 25, 247, -1, 25, 107, 14303 }, // U+017A
    { 20, 30, 288, 0, 30, 150, 14410 }, // U+017B
    { 17, 23, 247, -1, 23, 98, 14560 }, // U+017C
    { 20, 31, 288, 0, 31, 155, 14658 }, // U+017D
    { 17, 24, 247, -1, 24, 102, 14813 }, // U+017E
    { 33, 32, 486, -1, 32, 264, 0 }, // U+01FC
    { 30, 26, 493, 0, 25, 195, 264 }, // U+01FD
    { 19, 32, 311, 0, 24, 152, 459 }, // U+0218
    { 16, 26, 269, 0, 18, 104, 611 }, // U+0219
    { 18, 32, 299, 3, 24, 144, 715 }, // U+021A
    { 12, 29, 206, 2, 21, 87, 859 }, // U+021B
    { 8, 7, 0, 2, 25, 14, 0 }, // U+0300
    { 8, 7, 0, 2, 25, 14, 14 }, // U+0301
    { 11, 6, 0, 1, 24, 17, 28 }, // U+0302
    { 12, 5, 0, 1, 23, 15, 45 }, // U+0303
    { 12, 4, 0, 2, 23, 12, 60 }, // U+0304
    { 11, 6, 0, 2, 24, 17, 72 }, // U+0306
    { 4, 4, 0, 2, 23, 4, 89 }, // U+0307
    { 9, 4, 0, 2, 23, 9, 93 }, // U+0308
    { 8, 8, 0, 2, 26, 16, 102 }, // U+030A
    { 12, 6, 0, 1, 24, 18, 118 }, // U+030B
    { 10, 6, 0, 2, 24, 15, 136 }, // U+030C
    { 5, 7, 0, 2, 25, 9, 151 }, // U+0312
    { 5, 7, 0, -3, -1, 9, 160 }, // U+0326
    { 9, 10, 0, -3, 1, 23, 169 }, // U+0327
    { 8, 9, 0, -3, 2, 18, 192 }, // U+0328
    { 18, 30, 291, 1, 30, 135, 0 }, // U+1EBC
    { 17, 24, 304, 1, 23, 102, 135 }, // U+1EBD
    { 19, 32, 309, 3, 32, 152, 237 }, // U+1EF2
    { 19, 33, 297, 1, 25, 157, 389 }, // U+1EF3
    { 19, 30, 309, 3, 30, 143, 546 }, // U+1EF8
    { 19, 31, 297, 1, 23, 148, 689 }, // U+1EF9
    { 19, 4, 343, 2, 12, 19, 0 }, // U+2013
    { 26, 4, 452, 2, 12, 26, 19 }, // U+2014
    { 8, 9, 116, 2, 24, 18, 45 }, // U+2018
    { 8, 9, 116, 1, 24, 18, 63 }, // U+2019
    { 8, 9, 101, -3, 4, 18, 81 }, // U+201A
    { 13, 9, 200, 2, 24, 30, 99 }, // U+201C
    { 13, 9, 200, 1, 24, 30, 129 }, // U+201D
    { 13, 9, 190, -3, 4, 30, 159 }, // U+201E
    { 17, 35, 283, 2, 26, 149, 189 }, // U+2020
    { 20, 35, 284, -1, 26, 175, 338 }, // U+2021
    { 9, 9, 195, 2, 16, 21, 513 }, // U+2022
    { 17, 5, 303, 0, 4, 22, 534 }, // U+2026
    { 35, 25, 613, 2, 24, 219, 556 }, // U+2030
    { 8, 12, 147, 1, 16, 24, 775 }, // U+2039
    { 8, 12, 147, 0, 16, 24, 799 }, // U+203A
    { 22, 24, 229, -3, 24, 132, 823 }, // U+2044
    { 11, 13, 171, 1, 24, 36, 0 }, // U+2074
    { 33, 25, 560, 1, 24, 207, 0 }, // U+20A8
    { 26, 25, 415, 0, 24, 163, 207 }, // U+20AC
    { 21, 25, 341, 2, 24, 132, 370 }, // U+20B9
    { 26, 25, 435, 0, 24, 163, 502 }, // U+20BA
    { 22, 24, 333, 0, 24, 132, 665 }, // U+20BD
    { 24, 25, 400, 1, 24, 150, 0 }, // U+2190
    { 27, 24, 436, 1, 24, 162, 150 }, // U+2191
    { 24, 25, 400, 1, 24, 150, 312 }, // U+2192
    { 27, 24, 436, 1, 24, 162, 462 }, // U+2193
    { 31, 25, 516, 1, 24, 194, 624 }, // U+2194
    { 27, 24, 446, 1, 24, 162, 818 }, // U+2195
    { 19, 20, 354, 2, 21, 95, 980 }, // U+2196
    { 20, 19, 366, 2, 21, 95, 1075 }, // U+2197
    { 19, 19, 354, 2, 21, 91, 1170 }, // U+2198
    { 20, 19, 366, 2, 21, 95, 1261 }, // U+2199
    { 20, 26, 302, 0, 25, 130, 0 }, // U+2202
    { 23, 24, 371, -1, 24, 138, 130 }, // U+2206
    { 24, 24, 387, 2, 24, 144, 268 }, // U+220F
    { 19, 26, 240, -1, 24, 124, 412 }, // U+2211
    { 15, 3, 293, 2, 11, 12, 536 }, // U+2212
    { 18, 30, 209, -2, 26, 135, 548 }, // U+2215
    { 29, 31, 380, 0, 29, 225, 683 }, // U+221A
    { 22, 11, 372, 1, 15, 61, 908 }, // U+221E
    { 19, 38, 138, -4, 31, 181, 969 }, // U+222B
    { 17, 13, 293, 1, 16, 56, 1150 }, // U+2248
    { 16, 15, 293, 1, 17, 60, 1206 }, // U+2260
    { 16, 18, 293, 2, 20, 72, 1266 }, // U+2264
    { 15, 18, 293, 2, 20, 68, 1338 }, // U+2265
    { 19, 25, 301, 1, 25, 119, 0 }, // U+FB01
    { 19, 24, 301, 1, 24, 114, 119 }, // U+FB02
};

static const EpdUnicodeInterval dmsans_16_italicIntervals[] = {
    { 0xD, 0xD, 0x0 },
    { 0x20, 0x7E, 0x1 },
    { 0xA0, 0xAC, 0x60 },
    { 0xAE, 0x107, 0x6D },
    { 0x10A, 0x11B, 0xC7 },
    { 0x11E, 0x123, 0xD9 },
    { 0x126, 0x133, 0xDF },
    { 0x136, 0x137, 0xED },
    { 0x139, 0x148, 0xEF },
    { 0x14A, 0x15B, 0xFF },
    { 0x15E, 0x165, 0x111 },
    { 0x168, 0x17E, 0x119 },
    { 0x1FC, 0x1FD, 0x130 },
    { 0x218, 0x21B, 0x132 },
    { 0x300, 0x304, 0x136 },
    { 0x306, 0x308, 0x13B },
    { 0x30A, 0x30C, 0x13E },
    { 0x312, 0x312, 0x141 },
    { 0x326, 0x328, 0x142 },
    { 0x1EBC, 0x1EBD, 0x145 },
    { 0x1EF2, 0x1EF3, 0x147 },
    { 0x1EF8, 0x1EF9, 0x149 },
    { 0x2013, 0x2014, 0x14B },
    { 0x2018, 0x201A, 0x14D },
    { 0x201C, 0x201E, 0x150 },
    { 0x2020, 0x2022, 0x153 },
    { 0x2026, 0x2026, 0x156 },
    { 0x2030, 0x2030, 0x157 },
    { 0x2039, 0x203A, 0x158 },
    { 0x2044, 0x2044, 0x15A },
    { 0x2074, 0x2074, 0x15B },
    { 0x20A8, 0x20A8, 0x15C },
    { 0x20AC, 0x20AC, 0x15D },
    { 0x20B9, 0x20BA, 0x15E },
    { 0x20BD, 0x20BD, 0x160 },
    { 0x2190, 0x2199, 0x161 },
    { 0x2202, 0x2202, 0x16B },
    { 0x2206, 0x2206, 0x16C },
    { 0x220F, 0x220F, 0x16D },
    { 0x2211, 0x2212, 0x16E },
    { 0x2215, 0x2215, 0x170 },
    { 0x221A, 0x221A, 0x171 },
    { 0x221E, 0x221E, 0x172 },
    { 0x222B, 0x222B, 0x173 },
    { 0x2248, 0x2248, 0x174 },
    { 0x2260, 0x2260, 0x175 },
    { 0x2264, 0x2265, 0x176 },
    { 0xFB01, 0xFB02, 0x178 },
};

static const EpdFontGroup dmsans_16_italicGroups[] = {
    { 0, 4287, 10210, 96, 0 },
    { 4287, 3458, 11690, 95, 96 },
    { 7745, 3935, 16180, 113, 191 },
    { 11680, 485, 1007, 6, 304 },
    { 12165, 190, 235, 15, 310 },
    { 12355, 316, 900, 6, 325 },
    { 12671, 497, 1029, 16, 331 },
    { 13168, 42, 39, 1, 347 },
    { 13210, 441, 869, 5, 348 },
    { 13651, 560, 1389, 10, 353 },
    { 14211, 634, 1483, 13, 363 },
    { 14845, 154, 245, 2, 376 },
};

static const uint16_t dmsans_16_italicKernLeftCodepoints[] = {
    0x0021, 0x0022, 0x0024, 0x0026, 0x0027, 0x0028, 0x002A, 0x002B, 0x002C, 0x002D, 0x002E, 0x002F,
    0x0030, 0x0031, 0x0032, 0x0033, 0x0034, 0x0035, 0x0036, 0x0037, 0x0038, 0x0039, 0x003A, 0x003B,
    0x003C, 0x003E, 0x003F, 0x0040, 0x0041, 0x0042, 0x0043, 0x0044, 0x0045, 0x0046, 0x0047, 0x0048,
    0x0049, 0x004A, 0x004B, 0x004C, 0x004D, 0x004E, 0x004F, 0x0050, 0x0052, 0x0053, 0x0054, 0x0055,
    0x0056, 0x0057, 0x0058, 0x0059, 0x005A, 0x005B, 0x005C, 0x005D, 0x005F, 0x0061, 0x0062, 0x0063,
    0x0064, 0x0065, 0x0066, 0x0067, 0x0068, 0x006A, 0x006B, 0x006C, 0x006D, 0x006E, 0x006F, 0x0070,
    0x0071, 0x0072, 0x0073, 0x0074, 0x0076, 0x0077, 0x0078, 0x0079, 0x007A, 0x007B, 0x007C, 0x007D,
    0x00A1, 0x00A5, 0x00A6, 0x00AB, 0x00B3, 0x00B9, 0x00BF, 0x00C0, 0x00C1, 0x00C2, 0x00C3, 0x00C4,
    0x00C5, 0x00C6, 0x00C7, 0x00C8, 0x00C9, 0x00CA, 0x00CB, 0x00CC, 0x00CD, 0x00CE, 0x00CF, 0x00D0,
    0x00D1, 0x00D2, 0x00D3, 0x00D4, 0x00D5, 0x00D6, 0x00D7, 0x00D8, 0x00D9, 0x00DA, 0x00DB, 0x00DC,
    0x00DD, 0x00DE, 0x00DF, 0x00E0, 0x00E1, 0x00E2, 0x00E3, 0x00E4, 0x00E5, 0x00E6, 0x00E7, 0x00E8,
    0x00E9, 0x00EA, 0x00EB, 0x00ED, 0x00F0, 0x00F1, 0x00F2, 0x00F3, 0x00F4, 0x00F5, 0x00F6, 0x00F7,
    0x00FD, 0x00FE, 0x00FF, 0x0100, 0x0101, 0x0102, 0x0103, 0x0104, 0x0105, 0x0106, 0x0107, 0x010A,
    0x010B, 0x010C, 0x010D, 0x010E, 0x010F, 0x0110, 0x0111, 0x0112, 0x0113, 0x0114, 0x0115, 0x0116,
    0x0117, 0x0118, 0x0119, 0x011A, 0x011B, 0x011E, 0x011F, 0x0120, 0x0121, 0x0122, 0x0123, 0x0128,
    0x0129, 0x012A, 0x012B, 0x012C, 0x012D, 0x012E, 0x0130, 0x0136, 0x0137, 0x0139, 0x013A, 0x013B,
    0x013C, 0x013D, 0x013E, 0x013F, 0x0141, 0x0142, 0x0143, 0x0144, 0x0145, 0x0146, 0x0147, 0x0148,
    0x014C, 0x014D, 0x014E, 0x014F, 0x0150, 0x0151, 0x0152, 0x0153, 0x0154, 0x0155, 0x0156, 0x0157,
    0x0158, 0x0159, 0x015A, 0x015B, 0x015E, 0x015F, 0x0160, 0x0161, 0x0162, 0x0163, 0x0164, 0x0165,
    0x0168, 0x016A, 0x016C, 0x016E, 0x0170, 0x0172, 0x0174, 0x0175, 0x0176, 0x0177, 0x0178, 0x0179,
    0x017A, 0x017B, 0x017C, 0x017D, 0x017E, 0x01FC, 0x01FD, 0x0218, 0x0219, 0x021A, 0x021B, 0x1EBC,
    0x1EBD, 0x1EF2, 0x1EF3, 0x1EF8, 0x1EF9, 0x2013, 0x2014, 0x2018, 0x2019, 0x201A, 0x201C, 0x201D,
    0x201E, 0x2026, 0x2039, 0x20A8, 0x20AC, 0x20BD, 0x2212, 0x221A, 0xFB02,
};

static const uint8_t dmsans_16_italicKernLeftClassIds[] = {
      1,   2,   3,   4,   2,   5,   6,   7,   8,   9,  10,  11,  12,  13,  14,  15,
     16,  17,  18,  19,  20,  21,  22,  23,  24,  25,  26,  27,  28,  29,  30,  31,
     32,  33,  34,  13,  13,  35,  36,  37,  13,  13,  31,  38,  39,   3,  40,  41,
     42,  43,  44,  45,  46,  47,  48,  49,  50,  51,  52,  53,  54,  55,  56,  57,
     58,  59,  60,  54,  58,  58,  52,  52,  61,  62,  63,  64,  65,  66,  67,  68,
     54,  69,  13,  70,  71,  72,  13,  73,  74,  75,  76,  28,  28,  28,  28,  28,
     28,  32,  30,  32,  32,  32,  32,  13,  13,  13,  13,  31,  13,  31,  31,  31,
     31,  31,  77,  78,  41,  41,  41,  41,  45,  79,  80,  51,  51,  51,  51,  51,
     51,  55,  53,  55,  55,  55,  55,  81,  82,  58,  52,  52,  52,  52,  52,  83,
     68,  52,  68,  28,  51,  28,  51,  28,  51,  30,  53,  30,  53,  30,  53,  31,
     84,  31,  85,  32,  55,  32,  55,  32,  55,  32,  55,  32,  55,  34,  57,  34,
     57,  34,  57,  13,  86,  13,  87,  13,  88,  13,  13,  36,  60,  37,  54,  37,
     54,  89,  84,  37,  37,  90,  13,  58,  13,  58,  13,  58,  31,  52,  31,  52,
     31,  52,  32,  55,  39,  62,  39,  62,  39,  62,   3,  63,   3,  63,   3,  63,
     40,  64,  40,  64,  41,  41,  41,  41,  41,  41,  43,  66,  45,  68,  45,  46,
     54,  46,  54,  46,  54,  32,  55,   3,  63,  40,  64,  32,  55,  45,  68,  45,
     68,   9,   9,  91,  92,  93,  91,  92,  93,  10,  73,  63,  30,  94,   9,  95,
     54,
};

static const uint16_t dmsans_16_italicKernRightCodepoints[] = {
    0x0021, 0x0022, 0x0023, 0x0024, 0x0025, 0x0026, 0x0027, 0x0029, 0x002A, 0x002B, 0x002C, 0x002D,
    0x002E, 0x002F, 0x0030, 0x0031, 0x0032, 0x0033, 0x0034, 0x0035, 0x0036, 0x0037, 0x0038, 0x0039,
    0x003A, 0x003B, 0x003C, 0x003E, 0x003F, 0x0040, 0x0041, 0x0042, 0x0043, 0x0044, 0x0045, 0x0046,
    0x0047, 0x0048, 0x0049, 0x004A, 0x004B, 0x004C, 0x004D, 0x004E, 0x004F, 0x0050, 0x0051, 0x0052,
    0x0053, 0x0054, 0x0055, 0x0056, 0x0057, 0x0058, 0x0059, 0x005A, 0x005B, 0x005C, 0x005D, 0x005F,
    0x0061, 0x0062, 0x0063, 0x0064, 0x0065, 0x0066, 0x0067, 0x0068, 0x0069, 0x006A, 0x006B, 0x006C,
    0x006D, 0x006E, 0x006F, 0x0070, 0x0071, 0x0072, 0x0073, 0x0074, 0x0075, 0x0076, 0x0077, 0x0078,
    0x0079, 0x007A, 0x007B, 0x007C, 0x007D, 0x00A1, 0x00A2, 0x00A6, 0x00AB, 0x00BF, 0x00C0, 0x00C1,
    0x00C2, 0x00C3, 0x00C4, 0x00C5, 0x00C6, 0x00C7, 0x00C8, 0x00C9, 0x00CA, 0x00CB, 0x00CC, 0x00CD,
    0x00CE, 0x00CF, 0x00D1, 0x00D2, 0x00D3, 0x00D4, 0x00D5, 0x00D6, 0x00D7, 0x00D8, 0x00D9, 0x00DA,
    0x00DB, 0x00DC, 0x00DD, 0x00DE, 0x00DF, 0x00E0, 0x00E1, 0x00E2, 0x00E3, 0x00E4, 0x00E5, 0x00E6,
    0x00E7, 0x00E8, 0x00E9, 0x00EA, 0x00EB, 0x00EC, 0x00ED, 0x00EE, 0x00EF, 0x00F0, 0x00F1, 0x00F2,
    0x00F3, 0x00F4, 0x00F5, 0x00F6, 0x00F7, 0x00F8, 0x00F9, 0x00FA, 0x00FB, 0x00FC, 0x00FD, 0x00FE,
    0x00FF, 0x0100, 0x0101, 0x0102, 0x0103, 0x0104, 0x0105, 0x0106, 0x0107, 0x010A, 0x010B, 0x010C,
    0x010D, 0x010E, 0x010F, 0x0111, 0x0112, 0x0113, 0x0114, 0x0115, 0x0116, 0x0117, 0x0118, 0x0119,
    0x011A, 0x011B, 0x011E, 0x011F, 0x0120, 0x0121, 0x0122, 0x0123, 0x0128, 0x0129, 0x012A, 0x012B,
    0x012C, 0x012D, 0x012F, 0x0130, 0x0131, 0x0136, 0x0137, 0x0139, 0x013A, 0x013B, 0x013C, 0x013D,
    0x013E, 0x013F, 0x0140, 0x0141, 0x0142, 0x0143, 0x0144, 0x0145, 0x0146, 0x0147, 0x0148, 0x014C,
    0x014D, 0x014E, 0x014F, 0x0150, 0x0151, 0x0152, 0x0153, 0x0154, 0x0155, 0x0156, 0x0157, 0x0158,
    0x0159, 0x015A, 0x015B, 0x015E, 0x015F, 0x0160, 0x0161, 0x0162, 0x0163, 0x0164, 0x0165, 0x0168,
    0x0169, 0x016A, 0x016B, 0x016C, 0x016D, 0x016E, 0x016F, 0x0170, 0x0171, 0x0172, 0x0173, 0x0174,
    0x0175, 0x0176, 0x0177, 0x0178, 0x0179, 0x017A, 0x017B, 0x017C, 0x017D, 0x017E, 0x01FC, 0x01FD,
    0x0218, 0x0219, 0x021A, 0x021B, 0x1EBC, 0x1EBD, 0x1EF2, 0x1EF3, 0x1EF8, 0x1EF9, 0x2013, 0x2014,
    0x2018, 0x2019, 0x201A, 0x201C, 0x201D, 0x201E, 0x2026, 0x2030, 0x2039, 0x2044, 0x20A8, 0x20BD,
    0x2212, 0x221A,
};

static const uint8_t dmsans_16_italicKernRightClassIds[] = {
      1,   2,   3,   4,   5,   6,   7,   8,   9,  10,  11,  12,  13,  14,  15,  16,
     17,  18,  19,  20,  21,  22,  23,  24,  25,  26,  27,  28,  29,  30,  31,  32,
     33,  32,  32,  32,  34,  32,  32,  35,  32,  32,  32,  32,  36,  32,  34,  32,
      4,  37,  38,  39,  40,  41,  42,  43,  44,  45,  46,  47,  48,  49,  50,  51,
     52,  53,  54,  49,  55,  56,  49,  49,  57,  58,  59,  60,  61,  62,  63,  64,
     65,  66,  67,  68,  69,  70,  71,  32,  72,  73,  74,  32,  75,  76,  77,  77,
     77,  77,  77,  77,  78,  34,  32,  32,  32,  32,  79,  32,  80,  81,  32,  34,
     34,  34,  34,  34,  82,  83,  84,  84,  84,  84,  85,  32,  86,  87,  87,  87,
     87,  87,  87,  87,  88,  88,  88,  88,  88,  89,  57,  90,  91,  88,  57,  88,
     88,  88,  88,  88,  92,  93,  94,  94,  94,  94,  69,  86,  69,  77,  87,  77,
     87,  77,  87,  34,  88,  34,  88,  34,  88,  32,  88,  88,  32,  88,  32,  88,
     32,  88,  32,  88,  32,  88,  34,  54,  34,  54,  34,  54,  32,  95,  96,  97,
     32,  98,  57,  32,  57,  32,  49,  32,  49,  32,  49,  32,  49,  32,  49,  99,
    100,  32,  57,  32,  57,  32,  57,  34,  88,  34,  88,  34,  88,  34,  88,  32,
     57,  32,  57,  32,  57,   4, 101,   4, 101,   4, 101, 102,  64, 102,  64,  84,
     94,  84,  94,  84,  94,  84,  94,  84,  94,  84,  94, 103,  67,  85,  69,  85,
     43,  70,  43,  70,  43,  70,  78,  87,   4, 101, 102,  64,  32,  88,  85,  69,
     85,  69, 104, 104, 105, 106, 107, 105, 106, 107, 108,   5,  75, 109,  32, 110,
    104, 111,
};

static const uint16_t dmsans_16_italicKernRowOffsets[] = {
        0,     4,    24,    34,    58,    80,   108,   119,   136,   148,   174,   229,   252,   254,   290,   311,
      327,   348,   374,   430,   457,   484,   487,   491,   494,   499,   517,   556,   606,   619,   631,   653,
      658,   681,   684,   688,   725,   765,   793,   813,   868,   877,   924,   976,  1007,  1067,  1080,  1081,
     1116,  1118,  1144,  1150,  1171,  1177,  1178,  1190,  1202,  1210,  1220,  1221,  1234,  1236,  1250,  1270,
     1278,  1297,  1312,  1320,  1341,  1351,  1362,  1369,  1370,  1371,  1372,  1373,  1394,  1406,  1410,  1423,
     1427,  1443,  1444,  1446,  1447,  1469,  1480,  1507,  1511,  1551,  1553,  1563,  1574,  1576,  1578,  1579,
};

static const uint8_t dmsans_16_italicKernSparseCols[] = {
      8,  88,  94,  96,  16,  18,  19,  21,  29,  30,  34,  44,  49,  50,  51,  58,
     60,  62,  63,  76,  77,  87,  94,  96,  23,  36,  38,  39,  41,  84,  94,  96,
    101, 102,   1,   4,   6,   8,  18,  23,  28,  32,  33,  35,  36,  37,  38,  39,
     41,  44,  65,  66,  68,  83,  84, 101, 102, 105,   5,  14,  18,  20,  22,  23,
     29,  30,  32,  33,  35,  47,  49,  50,  51,  58,  60,  62,  76,  86,  87, 100,
      0,   5,  13,  18,  19,  20,  22,  29,  30,  32,  33,  34,  35,  47,  49,  50,
     51,  58,  60,  62,  75,  76,  77,  86,  87,  94,  96, 100,  13,  21,  30,  36,
     38,  39,  41,  76,  84, 101, 102,   4,  28,  32,  33,  35,  36,  38,  39,  41,
     44,  63,  65,  66,  68,  84, 101, 102,  13,  21,  30,  36,  38,  39,  41,  44,
     76,  84, 101, 102,   4,  14,  15,  20,  21,  23,  26,  28,  29,  32,  33,  35,
     36,  37,  38,  39,  41,  44,  65,  66,  68,  70,  83,  84, 101, 102,   5,   9,
     10,  11,  12,  13,  14,  17,  18,  19,  20,  22,  23,  29,  31,  32,  33,  34,
     35,  36,  38,  39,  41,  46,  47,  49,  50,  51,  53,  56,  57,  58,  60,  61,
     62,  75,  78,  79,  80,  82,  84,  86,  87,  88,  89,  90,  95,  96,  97, 100,
    101, 102, 103, 106, 107,   1,   6,   7,  12,  13,  15,  16,  21,  30,  36,  38,
     39,  40,  41,  44,  46,  76,  77,  84,  96, 101, 102, 107,  94,  96,   1,   2,
      6,   9,  14,  18,  19,  21,  22,  23,  29,  32,  33,  35,  36,  38,  39,  41,
     49,  50,  51,  52,  58,  60,  62,  65,  67,  81,  84,  87,  91,  96, 100, 101,
    102, 109,   1,   6,   8,  13,  15,  21,  23,  29,  30,  36,  38,  39,  40,  41,
     44,  76,  77,  84,  96, 101, 102,   1,   4,   5,   6,   8,  21,  36,  38,  39,
     41,  42,  65,  84, 101, 102, 110,   1,   2,   6,   8,  13,  16,  21,  23,  30,
     36,  39,  40,  41,  46,  66,  76,  84,  96, 101, 102, 105,   1,   4,   6,   7,
      8,  12,  13,  19,  21,  23,  29,  30,  36,  38,  39,  40,  41,  44,  46,  76,
     77,  84,  96, 101, 102, 107,   1,   3,   5,   6,   9,  10,  11,  12,  13,  14,
     15,  16,  17,  18,  19,  20,  26,  29,  30,  32,  33,  34,  35,  38,  39,  41,
     46,  47,  49,  50,  51,  52,  53,  58,  59,  60,  62,  66,  73,  74,  75,  76,
     81,  82,  84,  86,  87,  91,  94,  96,  97, 100, 102, 103, 106, 107,   1,   6,
      7,   8,  13,  15,  16,  19,  21,  23,  29,  30,  36,  38,  39,  40,  41,  44,
     46,  66,  76,  77,  84,  96, 101, 102, 105,   1,   6,   7,  12,  13,  15,  16,
     17,  19,  21,  29,  30,  36,  38,  39,  40,  41,  44,  46,  76,  77,  84,  96,
     98, 101, 102, 107,  38,  41,  84,  36,  41,  84, 101,   7,  21,  29,   7,  12,
     21,  29, 107,   7,  10,  12,  13,  29,  30,  34,  40,  46,  75,  76,  77,  88,
     94,  96,  97, 106, 107,   1,   4,   6,   7,   8,  10,  12,  13,  15,  16,  17,
     19,  20,  21,  22,  23,  25,  26,  27,  28,  30,  36,  38,  39,  40,  41,  44,
     46,  66,  68,  71,  76,  77,  84, 101, 102, 104, 105, 107,   1,   3,   6,   7,
      8,   9,  11,  14,  15,  17,  18,  19,  20,  21,  22,  23,  28,  29,  32,  33,
     35,  36,  37,  38,  39,  41,  44,  49,  50,  51,  52,  58,  60,  62,  63,  64,
     65,  66,  68,  69,  70,  81,  83,  84,  87,  93, 100, 101, 102, 103,  23,  30,
     36,  38,  39,  40,  41,  76,  77,  84,  96, 101, 102,   7,  36,  38,  39,  40,
     41,  77,  84,  94,  96, 101, 102,   7,   8,  10,  12,  13,  16,  21,  30,  36,
     38,  39,  40,  41,  44,  46,  71,  76,  77,  84, 101, 102, 107,   5,  65,  94,
     96,  97,  10,  12,  22,  29,  30,  34,  46,  47,  49,  50,  51,  57,  58,  60,
     62,  76,  81,  86,  87,  96,  97, 100, 107,  41,  84,  96,  30,  76,  88,  96,
      5,   8,   9,  11,  14,  17,  18,  20,  22,  23,  28,  29,  32,  33,  34,  35,
     47,  49,  50,  51,  58,  60,  62,  63,  64,  65,  66,  68,  74,  86,  87,  88,
     93,  96,  97, 100, 103,   1,   3,   4,   6,   8,   9,  11,  14,  15,  18,  19,
     20,  21,  23,  28,  29,  32,  33,  35,  36,  37,  38,  39,  41,  44,  49,  50,
     51,  58,  60,  63,  65,  66,  68,  83,  84,  87, 101, 102, 103,   3,   5,   7,
     10,  12,  13,  18,  19,  22,  29,  30,  34,  40,  41,  42,  46,  49,  50,  51,
     53,  58,  60,  76,  77,  84,  87,  94, 107,   9,  18,  19,  22,  36,  38,  39,
     41,  49,  50,  51,  58,  60,  62,  84,  87,  94,  96, 100, 102,   5,   9,  10,
     11,  12,  13,  14,  18,  23,  24,  25,  28,  29,  30,  32,  33,  34,  35,  44,
     46,  47,  49,  50,  51,  53,  54,  56,  57,  58,  59,  60,  61,  62,  63,  64,
     65,  66,  67,  68,  69,  70,  72,  75,  76,  77,  81,  86,  87,  89,  92,  93,
     96, 100, 103, 107,  12,  13,  30,  46,  76,  77,  94,  96, 107,   5,   9,  10,
     11,  12,  13,  14,  16,  18,  19,  20,  21,  22,  23,  24,  29,  30,  32,  33,
     34,  35,  44,  46,  47,  49,  50,  51,  53,  56,  57,  58,  60,  61,  62,  64,
     72,  76,  77,  81,  86,  87,  89,  96,  97, 100, 103, 107,   5,   9,  10,  11,
     12,  13,  14,  16,  17,  18,  19,  20,  22,  23,  25,  29,  30,  32,  33,  34,
     35,  46,  47,  49,  50,  51,  53,  56,  57,  58,  60,  61,  62,  64,  65,  70,
     72,  76,  77,  81,  82,  86,  87,  89,  92,  93,  94,  96,  97, 100, 103, 107,
     14,  17,  18,  19,  20,  22,  23,  28,  29,  32,  33,  35,  47,  49,  50,  51,
     58,  60,  62,  64,  65,  66,  68,  81,  86,  87,  93,  94,  96,  97, 100,   1,
      5,   6,   9,  10,  11,  12,  13,  14,  16,  17,  18,  19,  20,  21,  22,  23,
     24,  25,  29,  30,  32,  33,  34,  35,  46,  47,  49,  50,  51,  53,  56,  57,
     58,  60,  61,  62,  63,  64,  65,  66,  68,  69,  70,  72,  75,  76,  77,  81,
     82,  86,  87,  89,  93,  94,  96,  97, 100, 103, 107,  18,  32,  33,  35,  49,
     50,  51,  58,  60,  87,  94,  96,  97,  96,   1,   6,  10,  11,  14,  20,  21,
     22,  23,  28,  29,  32,  33,  35,  36,  37,  38,  39,  41,  44,  46,  49,  50,
     51,  58,  60,  83,  84,  87, 101, 102, 103, 104, 105, 106,  94,  96,   5,   8,
     14,  15,  18,  19,  20,  21,  22,  23,  28,  29,  32,  33,  35,  36,  37,  38,
     39,  41,  44,  55,  83,  84, 101, 102,   8,  21,  44,  65,  66,  68,   1,   6,
      7,   8,  13,  15,  21,  23,  28,  36,  38,  39,  41,  44,  53,  63,  65,  66,
     67,  68,  71,   7,   8,  21,  28,  44,  65,  96,   1,   6,   8,  21,  23,  28,
     44,  53,  65,  66,  67,  68,  12,  18,  47,  53,  62,  86,  88,  94,  96,  97,
    100, 107,  49,  50,  51,  55,  58,  60,  65,  87,   1,   6,   8,  15,  21,  38,
     44,  65,  66,  68,  94,  22,  23,  29,  47,  49,  50,  51,  58,  60,  62,  86,
     87, 100,  44,  55,  10,  11,  12,  16,  17,  24,  49,  50,  51,  58,  60,  87,
     92, 107,   7,   8,  15,  16,  19,  21,  23,  28,  44,  49,  50,  51,  52,  58,
     60,  63,  65,  66,  68,  87,  10,  16,  49,  50,  51,  58,  60,  87,  10,  12,
     16,  29,  47,  49,  50,  51,  52,  53,  58,  60,  62,  63,  75,  86,  87, 100,
    107,  10,  12,  22,  29,  47,  49,  50,  51,  53,  58,  60,  75,  86,  87, 107,
     47,  49,  50,  51,  58,  60,  86,  87,   5,  10,  12,  13,  18,  21,  29,  47,
     49,  50,  51,  53,  58,  60,  62,  75,  81,  86,  87, 100, 107,  29,  32,  33,
     35,  49,  50,  51,  58,  60,  87,  12,  30,  36,  39,  41,  76,  77,  84, 101,
    102, 107,  36,  38,  39,  41,  84, 101, 102,  21,  21, 108, 108,   4,   8,  19,
     20,  21,  23,  28,  36,  41,  44,  49,  50,  51,  58,  60,  65,  69,  84,  87,
    101, 106,  21,  30,  36,  38,  39,  40,  41,  76,  77,  84, 101, 102,  13,  46,
     88,  96,   7,  12,  30,  36,  38,  39,  40,  41,  76,  84, 101, 102, 107,   8,
     21,  65,  68,   0,   7,   8,  28,  43,  44,  45,  48,  52,  71,  90,  94,  96,
     99, 104, 105,  96,  15,  21,  75,   1,   6,   7,   8,  13,  15,  21,  23,  28,
     36,  38,  39,  41,  44,  53,  63,  65,  66,  67,  68,  71,  96,   0,   1,   6,
      8,  28,  43,  48,  52,  55, 104, 105,   0,   1,   6,   8,  14,  15,  16,  17,
     19,  22,  23,  28,  31,  43,  44,  45,  48,  52,  69,  78,  79,  80,  85,  95,
     99, 104, 105,  15,  21,  28,  44,   1,   3,   4,   6,   8,   9,  11,  14,  15,
     18,  19,  20,  21,  23,  28,  29,  32,  33,  35,  36,  37,  38,  39,  41,  44,
     49,  50,  51,  58,  60,  63,  65,  66,  68,  83,  84,  87, 101, 102, 103,  75,
     96,  13,  18,  19,  22,  29,  34,  75,  94,  96,  97,   5,  13,  19,  22,  29,
     34,  62,  94,  96,  97, 100,  28,  44,  18,  22,  18,
};

static const int8_t dmsans_16_italicKernSparseValues[] = {
      -2,   20,    1,   20,    7,  -17,   -8,   12,  -20,  -24,  -13,    8,  -20,  -20,  -20,  -20,
     -20,   -6,   -3,  -24,  -26,  -20,   24,   40,  -11,  -15,  -20,  -16,  -42,  -20,    8,   12,
     -15,  -16,  -28,  -13,  -28,  -22,   -2,  -12,  -12,   -2,   -2,   -2,  -26,   -2,  -28,  -18,
     -34,  -21,   -2,   -2,   -2,   -2,  -34,  -26,  -18,   -4,  -16,  -16,  -15,  -10,  -16,  -16,
     -35,  -13,  -23,  -23,  -23,  -20,  -12,  -12,  -12,  -12,  -12,   -8,  -13,  -20,  -12,   -8,
      -2,  -17,  -49,  -33,  -16,   -8,  -16,  -24,  -26,   -5,   -5,  -28,   -5,   -1,   -5,   -5,
      -5,   -5,   -5,   -7,  -33,  -26,  -44,   -1,   -5,   16,   28,   -7,  -15,  -21,  -13,  -23,
     -31,  -23,  -32,  -13,  -32,  -23,  -23,  -21,   -2,  -15,  -15,  -15,  -32,  -32,  -23,  -29,
     -36,   -9,  -20,  -12,  -20,  -29,  -32,  -23,  -19,  -31,  -15,  -20,  -20,  -15,  -20,  -30,
     -15,  -20,  -20,  -15,  -12,  -20,  -21,  -16,  -12,  -19,  -24,  -19,   -8,  -20,  -20,  -20,
     -32,   -8,  -24,  -28,  -29,  -42,  -17,  -16,  -24,  -20,   -8,  -29,  -32,  -28,  -16,  -26,
     -17,  -19,  -46,  -51,   -8,   -7,  -20,  -12,  -10,   -8,  -12,  -28,   17,  -15,  -15,  -15,
     -15,    2,   12,    2,   16,  -49,  -12,  -18,  -18,  -18,  -12,   -5,   -5,  -18,  -18,   -5,
     -13,  -23,   16,   24,   20,  -15,   16,  -12,  -18,   36,   18,   14,   36,   32,   16,  -13,
       2,    2,  -19,  -31,  -46,  -17,  -17,  -20,  -15,  -12,   -7,   -5,  -20,  -15,  -23,  -23,
     -20,  -16,  -23,  -20,  -24,  -15,   -9,  -23,    8,  -23,  -20,  -15,    2,   16,  -17,    2,
     -17,  -10,   -7,  -10,   -7,  -19,  -10,  -10,  -10,   -4,   -4,   -4,  -16,  -25,  -17,  -21,
      -7,   -7,   -7,    1,   -7,   -7,   -7,    1,    9,   -7,  -21,   -7,  -10,    2,   -7,  -16,
     -17,    3,  -13,  -13,   -9,  -13,   -7,  -13,  -10,  -10,  -12,  -21,  -15,  -16,  -12,  -19,
     -15,  -12,   -7,  -19,    9,  -21,  -16,  -12,   -1,   15,  -12,  -18,  -10,  -16,  -15,  -16,
     -16,    9,   -7,  -16,  -16,  -16,   16,   -7,    3,   -7,  -15,  -12,   -7,  -10,  -12,   -1,
     -12,  -12,  -12,  -13,  -12,   -7,   -1,  -13,    9,  -12,  -12,  -12,  -12,   -7,  -12,  -10,
     -12,  -15,   -7,   -8,  -13,  -12,   -7,  -14,  -17,  -19,  -20,   -2,  -23,  -15,   -8,  -14,
     -12,  -23,    1,  -17,  -20,  -15,    9,    9,  -10,    9,  -10,   -8,  -10,  -16,  -27,   -4,
       6,   -7,   -5,  -26,   -8,   -5,  -12,  -27,  -29,   -7,   -7,  -20,   -7,    2,    2,    3,
     -12,  -15,  -15,  -15,  -15,    2,  -20,  -15,  -13,  -15,  -15,    1,  -12,  -15,  -15,  -29,
     -10,   -7,    3,  -15,  -15,  -13,   14,   29,   17,  -15,    2,  -10,  -20,  -16,  -12,  -12,
     -12,  -13,  -12,   -7,   -7,   -1,  -15,   -7,  -15,  -10,  -17,  -21,  -18,  -12,  -23,  -23,
      -9,   -7,  -10,   -8,  -23,   12,  -17,  -18,   -8,   -2,   -2,  -17,   -7,  -15,  -10,   -7,
      -4,   -7,  -21,   -7,  -15,  -19,  -23,  -16,  -17,  -28,  -15,  -23,  -15,  -19,  -28,    8,
      12,  -19,  -16,   -7,  -12,  -16,  -16,  -16,   -2,   -2,  -16,  -17,  -10,  -20,  -24,  -24,
     -39,  -22,  -24,  -29,  -22,  -36,  -28,  -15,  -28,  -15,  -12,  -25,  -39,  -28,  -34,   16,
      13,   20,   12,  -13,  -36,  -33,  -25,  -33,  -33,  -41,   -9,   -9,  -15,  -20,  -21,   -7,
      -7,   -7,  -35,  -12,  -12,   -2,  -19,  -16,  -25,  -12,  -39,  -44,  -33,   -8,  -47,  -39,
     -16,  -15,  -20,  -17,  -12,  -12,  -47,  -39,  -33,  -10,   -2,   -9,  -33,   -5,  -77,  -10,
     -34,  -23,  -16,  -20,  -17,   -9,   -8,   -2,  -22,  -13,  -15,  -20,  -16,  -15,  -52,  -24,
     -24,  -76,  -12, -106,  -63,  -75,  -25,   -9,   -9,   -9,   -7,   -9,   -9,   -4,  -17,  -10,
     -28,  -26,  -31,    1,  -28,  -20,  -12,  -43,   -9,  -10,   -4,  -32,  -28,  -16,   -9,   -7,
     -15,  -11,   -8,   -6,  -15,   -7,  -10,  -15,   12,  -15,   -8,   -8,   -8,  -25,   -8,   -8,
     -32,   -7,  -16,   12,   12,   -8,   -8,  -28,   -9,   -9,  -12,  -19,   -4,  -15,  -10,  -23,
     -20,  -13,  -12,  -48,  -12,  -20,  -16,  -10,  -15,  -24,  -23,  -13,  -12,    1,   -7,   13,
      20,   12,  -21,  -28,   -4,  -12,  -32,  -22,  -16,  -17,  -12,  -12,  -12,   -3,  -14,  -12,
      -8,  -24,   -8,  -17,  -12,   25,   15,   -8,  -28,  -20,  -20,   12,   -9,   -9,   20,   28,
      -6,   -2,  -16,  -24,  -13,   -8,  -17,  -15,   -9,   -9,   -5,   -8,  -21,  -21,   -1,  -48,
     -10,  -21,  -21,  -21,  -47,  -21,   -8,   -9,  -13,  -17,  -13,  -16,  -17,  -10,  -21,   28,
     -13,   20,   20,   -8,  -24,  -37,  -12,  -23,  -88,  -41,  -24,  -24,  -23,  -16,  -13,  -12,
     -15,  -23,  -26,  -12,  -12,  -31,  -31,  -63, -107,  -38, -123,  -75, -107,  -25,  -10,  -10,
     -10,  -10,  -10,   -3,  -28,  -17,  -28,  -16,  -45,  -10,  -48,  -32,  -24,    1,  -12,  -16,
     -40,  -25,  -31,  -15,   -7,   -7,  -12,  -37,  -34,  -12,   -7,   -8,  -17,  -10,  -10,  -10,
      -9,  -10,  -10,  -29,  -44,   -7,  -10,   12,  -20,   -7,  -12,   -7,   -7,   -1,  -28,  -17,
     -26,   -9,   -9,   -9,   -9,   -9,   -7,  -12,   -9,    8,   12,   -7,   -8,  -16,  -23,  -36,
     -47,  -70,  -17,   -7,  -24,   -5,   -3,  -23,    8,  -29,  -66,  -14,  -14,  -24,  -14,    9,
     -24,  -63,  -73,  -32,  -73,  -33,   -3,  -16,  -16,  -70,  -18,  -32,  -35,  -61,  -12,  -45,
     -20,  -23,  -15,  -20,  -12,  -20,  -21,  -28,  -28,  -36,  -35,  -28,  -32,  -16,  -32,  -20,
      25,  -28,  -20,  -32,   -8,  -12,  -15,  -15,  -15,  -22,    1,   17,   -8,  -23,  -26,  -36,
     -45,  -28,  -27,  -12,    1,  -28,   -1,  -12,    8,  -12,  -10,  -12,  -28,  -89,  -10,  -10,
     -24,  -10,    1,  -28,  -42,  -20,  -20,  -45,  -17,   -7,  -15,  -45,  -20,  -15,  -15,   -3,
     -12,  -39,  -43,  -23,  -18,  -20,   -7,   28,   20,  -15,  -20,  -28,  -20,  -23,  -26,  -43,
     -58,  -23,  -15,   -4,   -8,  -20,   -9,  -15,  -16,  -12,   -9,  -28,  -78,  -14,  -14,  -16,
     -14,  -19,  -33,  -21,  -21,  -45,  -18,   -7,  -15,  -45,  -21,   -7,  -12,   -3,   -7,  -12,
      -9,  -36,  -38,  -20,   -8,  -15,  -21,   -7,  -21,   -3,    8,   28,   17,  -12,  -20,  -28,
     -16,   -9,  -24,  -17,  -13,  -16,  -16,   -9,  -20,  -21,  -21,  -21,  -12,  -18,  -18,  -18,
     -21,  -18,   -7,  -12,  -16,  -10,  -14,  -28,  -12,  -18,  -12,    4,   20,   12,   -7,   12,
     -31,   12,  -36,  -28,  -39,  -35,  -21,  -16,   -5,   -9,  -25,  -16,  -16,    2,  -19,  -12,
     -19,  -16,  -32,  -78,  -49,  -23,  -24,  -23,  -28,  -53,  -32,  -32,  -72,  -26,  -12,  -12,
     -68,  -70,  -12,  -28,   -8,  -20,  -12,   -1,   -8,   -8,  -20,  -17,  -28,  -36,  -33,  -35,
     -13,  -24,  -32,  -12,   -9,    9,   25,   16,  -28,  -17,  -35,  -13,   -8,   -8,   -8,   -1,
      -1,   -1,   -1,   -1,   -1,   12,   24,   15,    3,  -41,  -41,   20,  -19,  -12,  -23,  -10,
     -23,  -19,  -12,  -19,  -16,  -16,  -16,  -34,   -2,  -34,  -28,  -28,  -52,    9,   -8,   -8,
      -8,   -8,   -8,   -2,  -28,   -8,  -34,  -28,  -19,  -28,  -43,   23,    9,   24,  -20,  -39,
     -24,  -24,  -23,  -28,  -33,  -17,  -24,  -39,  -24,  -25,  -25,  -25,  -25,  -28,  -17,  -36,
     -25,  -28,  -63,    3,  -17,  -28,  -28,  -25,  -12,   -1,  -24,  -12,   -1,  -11,  -36,  -36,
     -23,  -21,   -4,  -16,  -23,  -10,  -16,   -4,   -4,   -4,   -4,  -33,   -9,   -8,  -15,  -12,
      -9,  -20,  -20,  -12,  -10,  -13,  -12,  -28,   -6,   16,  -25,  -25,  -13,  -16,   -6,   -8,
     -25,   -1,  -10,   -8,   -4,  -12,   -2,   -8,   -6,   -8,   -5,   -6,   16,   13,   24,   12,
      -5,   -2,  -10,  -10,  -10,    9,  -10,  -10,    8,  -10,  -25,  -25,  -12,   -9,  -10,   -3,
     -16,   -9,   -5,  -11,   16,   -7,   -8,   -8,  -25,  -25,  -25,  -25,  -25,  -12,   -9,  -12,
     -12,   -9,  -16,   12,   -4,   -3,  -19,    9,    1,    7,   -7,   -7,  -15,  -19,   -7,   -7,
      -7,  -19,   -9,  -24,  -15,  -10,   -7,  -19,  -17,  -12,  -28,  -11,  -11,  -11,   -7,  -11,
     -11,   -8,  -18,   -9,  -15,  -11,   21,   12,   -7,   -7,   -7,   -7,   -7,   -7,  -19,  -19,
       1,  -12,   -2,   -9,   -9,   -9,    8,   -9,   -9,   -9,   -6,    8,  -10,   -2,   -9,   -6,
     -19,  -14,  -19,   -7,  -10,   -4,   -5,   -5,   -5,   -7,   -5,   -5,   -7,   -2,   -5,  -19,
      -1,  -10,  -10,  -10,  -10,  -10,   -1,  -10,   -3,  -28,  -28,  -12,   -1,    1,  -10,  -16,
      -9,   -9,   -9,   -9,  -17,   -9,   -7,  -15,   -7,   -8,   -9,   -7,  -28,  -20,  -15,  -15,
     -15,  -20,  -20,  -20,  -20,  -20,  -20,  -20,  -20,  -20,   -9,  -20,  -20,  -20,  -20,  -20,
      -9,  -20,  -15,  -12,   -2,  -17,  -17,  -15,   -2,   12,  -12,   -5,   -1,  -12,  -17,   -8,
     -15,  -15,  -12,  -17,  -31,  -28,  -20,  -12,  -12,  -12,  -12,  -12,   -7,    8,  -28,  -12,
     -31,   16,  -13,   -7,  -35,  -20,  -16,  -15,  -28,   -7,  -10,  -28,  -35,  -16,  -19,  -15,
      20,   18,  -20,  -10,  -10,  -39,  -24,  -16,  -28,  -31,  -10,  -31,  -39,  -16,  -10,  -24,
     -15,  -24,  -16,   20,    3,   14,   23,   24,   28,    3,   24,   16,    2,   32,   19,   24,
      16,   23,   16,   12,  -10,  -13,   -3,  -36,  -36,  -23,  -21,   -4,  -16,  -23,  -10,  -16,
      -4,   -4,   -4,   -4,  -33,   -9,   -8,  -15,  -12,   -9,  -20,  -20,   26,    2,   24,   24,
      16,   16,    9,    3,   12,   12,   12,   12,   28,   40,   40,   28,   12,   39,   20,   17,
       8,   15,   12,   31,   16,   24,   39,    3,   24,   16,   16,   16,   16,   16,   24,   16,
      28,   31,   28,   15,   20,   16,   20,  -37,  -12,  -23,  -88,  -41,  -24,  -24,  -23,  -16,
     -13,  -12,  -15,  -23,  -26,  -12,  -12,  -31,  -31,  -63, -107,  -38,  -94,  -75, -107,  -25,
     -10,  -10,  -10,  -10,  -10,   -3,  -28,  -17,  -28,  -16,  -45,  -10,  -48,  -32,  -24,    9,
      24,  -42,  -28,  -16,  -12,  -20,  -28,  -25,    9,   27,    7,   -2,  -41,   -9,   -8,   -3,
     -28,  -17,   12,   35,   12,  -17,  -12,  -48,  -15,  -10,  -55,
};

static const EpdLigaturePair dmsans_16_italicLigaturePairs[] = {
    { 0x00660069, 0xFB01 }, // f i -> U+FB01
    { 0x0066006C, 0xFB02 }, // f l -> U+FB02
};

static const EpdFontData dmsans_16_italic = {
    dmsans_16_italicBitmaps,
    dmsans_16_italicGlyphs,
    dmsans_16_italicIntervals,
    48,
    43,
    34,
    -11,
    true,
    dmsans_16_italicGroups,
    12,
    nullptr,
    nullptr,  // kernLeftClasses: built-in fonts use the split arrays below
    nullptr,  // kernRightClasses
    dmsans_16_italicKernLeftCodepoints,
    dmsans_16_italicKernLeftClassIds,
    dmsans_16_italicKernRightCodepoints,
    dmsans_16_italicKernRightClassIds,
    nullptr,  // kernMatrix: built-in fonts use the sparse form below
    dmsans_16_italicKernRowOffsets,
    dmsans_16_italicKernSparseCols,
    dmsans_16_italicKernSparseValues,
    273,
    290,
    95,
    111,
    dmsans_16_italicLigaturePairs,
    2,
};
