/**
 * generated by fontconvert.py
 * name: dmsans_16_regular
 * size: 16
 * mode: 2-bit  compressed: true
 * Command used: fontconvert.py dmsans_16_regular 16 ../builtinFonts/source/DMSans/DMSans-Regular.ttf --2bit --compress --pnum --zopfli
 */
#pragma once
#include "EpdFontData.h"

static const uint8_t dmsans_16_regularBitmaps[12821] = {
    0xBD, 0x99, 0x31, 0xB0, 0xE5, 0xC8, 0x55, 0xF7, 0x7F, 0x92, 0xBC, 0x4F, 0x55, 0x56, 0xA0, 0x2F,
    0x98, 0xF1, 0xE7, 0x5A, 0x17, 0x25, 0x02, 0x07, 0xCB, 0x40, 0xB9, 0x13, 0xC2, 0x79, 0x6A, 0x81,
    0xF3, 0xE2, 0x05, 0xF3, 0xEC, 0xC0, 0x81, 0x13, 0x02, 0x30, 0x55, 0x6C, 0xBA, 0xC1, 0xBB, 0x57,
    0x02, 0x02, 0x87, 0x4C, 0x4E, 0x80, 0x83, 0x25, 0xD8, 0xDD, 0xA2, 0x9C, 0x10, 0x38, 0xD0, 0xBD,
    0x92, 0xED, 0x90, 0x00, 0x55, 0x51, 0xC4, 0x08, 0x58, 0xE3, 0xAA, 0x4D, 0x56, 0x4B, 0x69, 0x29,
    0xCD, 0x6E, 0xDF, 0xDB, 0xF4, 0xBF, 0x74, 0xEF, 0x7B, 0xF3, 0x98, 0xF1, 0xD4, 0x2C, 0x5E, 0xE8,
    0xA7, 0xFE, 0x5D, 0x49, 0xDD, 0xE7, 0x74, 0xF7, 0x39, 0x7D, 0x5A, 0x3D, 0x3D, 0x0F, 0xD8, 0x9E,
    0xFE, 0xCA, 0xE7, 0xFE, 0x2E, 0x9F, 0xFB, 0x7B, 0x80, 0xD2, 0xD7, 0xE9, 0xE8, 0xD8, 0xA2, 0xD4,
    0x5E, 0xEA, 0xEF, 0x27, 0x97, 0xEF, 0x3C, 0x7E, 0xE7, 0xF1, 0x37, 0xDF, 0x82, 0xB7, 0xB8, 0x68,
    0x80, 0x1B, 0xF2, 0x5E, 0xA5, 0xE4, 0x7A, 0x72, 0xE4, 0x15, 0xB0, 0x50, 0x00, 0xD1, 0x8C, 0x01,
    0xE2, 0x09, 0x0B, 0xB9, 0x57, 0x3A, 0xFF, 0x7C, 0xF5, 0x83, 0x8F, 0xDE, 0x3F, 0xBE, 0x0F, 0xE9,
    0x40, 0x0B, 0x64, 0x3D, 0x0B, 0x90, 0x9F, 0x7E, 0x9A, 0x20, 0x09, 0x45, 0x13, 0x24, 0xA9, 0x55,
    0xDF, 0x9D, 0x7F, 0x1E, 0xD6, 0xD7, 0xDF, 0xFB, 0xC5, 0x13, 0x28, 0x25, 0x09, 0x1B, 0x49, 0xBE,
    0xB2, 0x0F, 0x70, 0x85, 0xBA, 0x70, 0x46, 0xF6, 0x0C, 0xF0, 0x7E, 0x20, 0xF1, 0x7E, 0x26, 0xFF,
    0xD7, 0xFF, 0x70, 0x14, 0x7F, 0x3E, 0xED, 0x31, 0xBF, 0x3F, 0x59, 0x4C, 0x3C, 0x3D, 0xD2, 0x1D,
    0x14, 0x3F, 0x0B, 0xC8, 0xFF, 0x33, 0x20, 0xF1, 0x01, 0x74, 0x47, 0xC9, 0xFA, 0x11, 0x62, 0xEF,
    0x02, 0x3E, 0xF1, 0xD2, 0x67, 0xAB, 0x80, 0xA2, 0xD9, 0xC4, 0x53, 0xDE, 0x6F, 0x05, 0xAB, 0x47,
    0xF3, 0xB3, 0xC9, 0x06, 0xD9, 0x4F, 0x8E, 0x6A, 0x63, 0xD1, 0x08, 0x06, 0x88, 0xE7, 0x73, 0x0F,
    0xA2, 0x11, 0x78, 0x0F, 0xDE, 0x08, 0xFA, 0x7A, 0x4A, 0xCC, 0x5F, 0x4D, 0xB4, 0x5C, 0xB2, 0x44,
    0x0B, 0x37, 0xB4, 0x89, 0x9E, 0x6E, 0xD2, 0x41, 0xCC, 0x7B, 0xBD, 0x31, 0x50, 0x46, 0x73, 0x09,
    0xC5, 0xC7, 0x53, 0x0B, 0xA9, 0xFF, 0xA9, 0x74, 0x3D, 0x09, 0x15, 0x91, 0x01, 0xC5, 0xBC, 0xF9,
    0xD3, 0x0A, 0x8C, 0xFA, 0x4A, 0x99, 0xFF, 0xBB, 0x03, 0x57, 0x70, 0x49, 0x34, 0x7F, 0x8B, 0x6F,
    0x91, 0x4C, 0x25, 0x86, 0xAC, 0x17, 0xF3, 0xC6, 0xB0, 0xFE, 0xB6, 0x6C, 0xC9, 0xFC, 0x82, 0x23,
    0xD2, 0xB0, 0xE0, 0x21, 0x44, 0xEF, 0x03, 0x18, 0x3D, 0xD3, 0x7D, 0xB0, 0x00, 0x0E, 0x27, 0x3F,
    0xB2, 0x11, 0xF9, 0x2D, 0x11, 0x25, 0x27, 0xB0, 0x17, 0xB0, 0x15, 0xE2, 0x80, 0x8C, 0xA3, 0xE2,
    0x6C, 0x3E, 0x90, 0x8E, 0xA6, 0xB7, 0x55, 0xB0, 0x08, 0xC5, 0x60, 0xAA, 0x0D, 0xE9, 0x6C, 0xD9,
    0x11, 0x1D, 0x76, 0xB4, 0x50, 0x2F, 0x52, 0x58, 0x4C, 0xD4, 0x90, 0x4F, 0xD8, 0x86, 0xDA, 0x51,
    0x7C, 0x78, 0x71, 0xAC, 0x49, 0x83, 0x5B, 0x8A, 0x9E, 0xCE, 0x37, 0xE9, 0xC4, 0x1B, 0xF2, 0x1D,
    0x6D, 0xDB, 0xDE, 0xDC, 0xBC, 0xF3, 0x4D, 0x80, 0x74, 0x92, 0xA7, 0x2D, 0x52, 0xB5, 0x90, 0x4C,
    0xA4, 0xA3, 0x5E, 0x84, 0xAB, 0xA8, 0xB0, 0xE8, 0x2A, 0x61, 0x0B, 0x9B, 0xBB, 0x4B, 0x8F, 0xA5,
    0x8A, 0x30, 0xA8, 0x5A, 0xA8, 0x9C, 0x0D, 0x12, 0x94, 0x4B, 0x9C, 0x8A, 0xB1, 0x7A, 0x2B, 0x75,
    0x7A, 0xC2, 0x34, 0xAA, 0x90, 0x4C, 0x6A, 0x82, 0xDD, 0xAD, 0x64, 0x83, 0x24, 0x7B, 0x52, 0x09,
    0x93, 0x8C, 0xAA, 0x71, 0x77, 0x8D, 0x7A, 0x19, 0x8A, 0x32, 0xF5, 0x46, 0x95, 0xAD, 0x74, 0xE1,
    0xD6, 0x7E, 0xEA, 0x9D, 0xA9, 0xD4, 0x19, 0x05, 0xD6, 0x63, 0x5D, 0xBF, 0xFB, 0xF8, 0x37, 0xF6,
    0xBF, 0xB3, 0x2F, 0xFC, 0x8C, 0xE7, 0xC2, 0x3F, 0xAD, 0xFF, 0xF6, 0xD0, 0x3E, 0x2E, 0x7F, 0xF3,
    0xF1, 0x57, 0xD6, 0x52, 0x92, 0xE1, 0x65, 0x59, 0x61, 0x70, 0x54, 0x28, 0x3C, 0xFA, 0xE0, 0xA3,
    0xF7, 0x5E, 0x5A, 0x27, 0x6E, 0x78, 0x83, 0xBC, 0x29, 0x2A, 0xC3, 0x25, 0x8F, 0x79, 0x87, 0xBF,
    0x63, 0x4D, 0x9D, 0xF7, 0xA3, 0xF2, 0xC3, 0xEB, 0xEB, 0xEA, 0xEB, 0xD4, 0x74, 0x94, 0x9C, 0xDC,
    0x8E, 0x05, 0xF5, 0x8D, 0xF6, 0xE4, 0xD9, 0x65, 0xF5, 0x73, 0x3C, 0xA1, 0x81, 0x69, 0x58, 0x1A,
    0x17, 0xB9, 0x72, 0x23, 0x23, 0xAE, 0x22, 0xE5, 0x0B, 0x62, 0xAB, 0xC8, 0x4B, 0xC4, 0x24, 0x62,
    0x40, 0x62, 0x4A, 0x9A, 0x6A, 0x4F, 0x81, 0xC2, 0x1F, 0xD6, 0xAE, 0x35, 0xC4, 0x07, 0xCC, 0x48,
    0x3A, 0xE9, 0xCA, 0x07, 0x22, 0x27, 0x23, 0xE2, 0x90, 0xC4, 0x56, 0x0C, 0xB9, 0x44, 0xDC, 0xDE,
    0xD2, 0xB0, 0x41, 0xDC, 0xDE, 0xD2, 0x62, 0x6F, 0x59, 0xCA, 0xE4, 0xEC, 0x28, 0x7A, 0xE9, 0xC9,
    0x47, 0xE2, 0x85, 0x64, 0x26, 0x9B, 0x88, 0x7C, 0x55, 0x0F, 0xC8, 0x98, 0x15, 0x0A, 0x82, 0xB3,
    0x1D, 0x78, 0x70, 0xE1, 0x6A, 0xE7, 0xDD, 0x53, 0xC7, 0xEB, 0xFD, 0xBD, 0xF9, 0x2E, 0xB1, 0x16,
    0xB5, 0x63, 0x37, 0x98, 0x3E, 0x9B, 0x2C, 0xF1, 0xBC, 0x21, 0x5A, 0x5A, 0x70, 0x7F, 0x74, 0xCF,
    0x94, 0xB2, 0x49, 0x3A, 0xAE, 0xB6, 0x50, 0xAF, 0xF6, 0x68, 0x84, 0x1A, 0x2B, 0xA6, 0x87, 0x0E,
    0x62, 0x87, 0xFA, 0x48, 0xFD, 0x4F, 0xD7, 0x4F, 0x7C, 0xF0, 0xB2, 0x32, 0x17, 0xEF, 0x21, 0xF3,
    0x68, 0xB5, 0xEA, 0xD4, 0xF3, 0xC8, 0x49, 0xC3, 0x4E, 0xA6, 0x29, 0x79, 0xB3, 0x0A, 0x90, 0x75,
    0x04, 0x07, 0x1A, 0x1F, 0x5F, 0xED, 0xD4, 0x8A, 0x6F, 0x74, 0x37, 0x03, 0xD1, 0x81, 0xB3, 0xD9,
    0xD5, 0x6E, 0x90, 0x2C, 0x05, 0x1B, 0x50, 0x05, 0x58, 0x35, 0x5F, 0x93, 0xCF, 0x17, 0x6E, 0x5D,
    0x11, 0xA9, 0x25, 0x1B, 0x3D, 0x41, 0x49, 0x4C, 0xA4, 0x39, 0x13, 0x0A, 0xA1, 0x14, 0x5C, 0x40,
    0x3C, 0x3B, 0xB9, 0xD9, 0x69, 0x4C, 0x01, 0x06, 0x85, 0x92, 0x20, 0xBB, 0xC4, 0x53, 0x40, 0x3A,
    0xC8, 0xEC, 0x4D, 0x80, 0x25, 0x60, 0x7F, 0x7D, 0x7D, 0xB8, 0xF2, 0x21, 0xCD, 0x5E, 0x40, 0xEF,
    0x5E, 0x86, 0xE8, 0xFA, 0xFA, 0x09, 0x99, 0x16, 0xFB, 0x5C, 0xD0, 0x84, 0x23, 0xAF, 0x04, 0x80,
    0x42, 0x30, 0xC2, 0xB7, 0xBE, 0x71, 0x80, 0x52, 0xC6, 0xB1, 0x9F, 0xBD, 0x3D, 0x63, 0xFB, 0xC8,
    0x51, 0xC3, 0x56, 0x11, 0x66, 0x41, 0x03, 0xE4, 0x3E, 0xDA, 0xD3, 0x2C, 0xB1, 0x0A, 0xF8, 0x43,
    0x58, 0x70, 0xD2, 0x45, 0xEB, 0xCD, 0x28, 0x13, 0x57, 0x10, 0x5D, 0xA1, 0x79, 0x59, 0x81, 0xA2,
    0x92, 0xEE, 0xE3, 0x83, 0x26, 0x65, 0x8D, 0xC2, 0xB7, 0xC9, 0x14, 0xFB, 0x79, 0xC3, 0x45, 0x08,
    0xAD, 0x73, 0x0F, 0x6C, 0xE4, 0x1B, 0xCA, 0xC2, 0x2F, 0x94, 0xF5, 0x07, 0x9E, 0x72, 0xC6, 0x36,
    0x76, 0x20, 0xEF, 0x6D, 0x43, 0x3A, 0xDA, 0x2A, 0x48, 0x5A, 0xC1, 0x08, 0x85, 0xDE, 0x69, 0xAD,
    0x1A, 0xD2, 0x09, 0xD3, 0xC7, 0x87, 0xC8, 0xAB, 0x5D, 0xA7, 0xD6, 0x46, 0xE0, 0x1A, 0x42, 0x68,
    0x5E, 0x63, 0x83, 0x71, 0x1A, 0x2B, 0x9C, 0x5D, 0x66, 0x01, 0x36, 0x82, 0x13, 0x96, 0xF3, 0x87,
    0x44, 0x31, 0xA6, 0x95, 0x6A, 0x9D, 0x55, 0x14, 0xB7, 0x75, 0xB7, 0x42, 0x7B, 0x5B, 0x77, 0x56,
    0x5D, 0x09, 0xA4, 0x77, 0x75, 0x9B, 0x73, 0x5D, 0x41, 0xD3, 0x98, 0x48, 0x2D, 0x66, 0xC7, 0x6E,
    0xA2, 0x18, 0xE2, 0x65, 0x75, 0x59, 0xA9, 0x76, 0xB7, 0x52, 0xA8, 0xBB, 0xF5, 0x5D, 0xD1, 0x07,
    0x85, 0xE9, 0xB3, 0xB7, 0x47, 0x50, 0xF8, 0xC8, 0x7E, 0x41, 0x22, 0x95, 0x04, 0x3B, 0x75, 0xD3,
    0xD2, 0x0A, 0xE7, 0x39, 0x61, 0xD9, 0x09, 0x2A, 0xC5, 0x8C, 0xA9, 0x93, 0x6B, 0xA7, 0x93, 0xC5,
    0xB5, 0xBE, 0xDF, 0x35, 0xAE, 0x02, 0x35, 0xEE, 0xE4, 0x9E, 0x3D, 0xDB, 0x93, 0xAA, 0xA2, 0x72,
    0xEA, 0xB0, 0xD0, 0x4B, 0x69, 0xBF, 0x07, 0xDB, 0x87, 0x2A, 0x5D, 0x5F, 0x8C, 0xE9, 0xE7, 0x7D,
    0x10, 0xFB, 0xFB, 0x3E, 0xF2, 0xC7, 0xBC, 0xE7, 0x6B, 0x4F, 0x35, 0x5B, 0x10, 0x82, 0xD8, 0xE5,
    0xA9, 0xDD, 0x0D, 0xA6, 0x51, 0xE0, 0x7C, 0x98, 0x4D, 0x9A, 0xE3, 0xC3, 0xE9, 0x6B, 0xAE, 0xC6,
    0xEF, 0x16, 0xC2, 0x17, 0xD3, 0x5D, 0x59, 0xD4, 0x64, 0x53, 0x36, 0x29, 0x7C, 0x5F, 0x4C, 0x51,
    0x95, 0x0E, 0x9A, 0x18, 0x05, 0xEB, 0x82, 0xAB, 0xB4, 0x83, 0x64, 0x59, 0xA3, 0xD9, 0x36, 0x70,
    0x40, 0xCB, 0x0E, 0xB9, 0x56, 0x9C, 0x0A, 0x0D, 0x4E, 0x45, 0xAA, 0x02, 0xEA, 0x88, 0x69, 0x20,
    0x9B, 0xD6, 0x15, 0x80, 0x3F, 0xD6, 0x2C, 0xB8, 0xEA, 0x82, 0x29, 0x94, 0xB9, 0x9F, 0x6E, 0xCB,
    0xEA, 0x90, 0x15, 0xC2, 0x03, 0xE9, 0xAC, 0x10, 0x97, 0xD2, 0x7C, 0x90, 0x4A, 0x69, 0x3C, 0xE8,
    0x6D, 0x28, 0xAB, 0x89, 0x9C, 0x34, 0x9B, 0x9E, 0x47, 0xC0, 0xA3, 0x77, 0x35, 0x7C, 0xF2, 0xCF,
    0xBA, 0xC1, 0x36, 0xE9, 0xB4, 0x3D, 0x2D, 0x54, 0x0A, 0x59, 0xEE, 0xF2, 0xB2, 0xF6, 0xD6, 0x8C,
    0xC8, 0x27, 0x7E, 0xB9, 0x57, 0xC2, 0xFF, 0xE3, 0x2E, 0xFD, 0x21, 0xD2, 0xAF, 0xE6, 0x55, 0x7E,
    0x4E, 0x8A, 0x22, 0xD0, 0xB2, 0xF8, 0x21, 0x80, 0x39, 0xFE, 0xD8, 0xEB, 0xF1, 0x08, 0x66, 0x58,
    0x07, 0xAE, 0x09, 0x69, 0x01, 0xDA, 0x93, 0x5C, 0xA9, 0xF9, 0xFC, 0xF6, 0xD3, 0xAB, 0x82, 0x64,
    0x48, 0xFC, 0xB3, 0x29, 0x44, 0x5B, 0x93, 0xFF, 0xA2, 0x9B, 0x82, 0x5D, 0xB1, 0x41, 0x24, 0xED,
    0x0D, 0x2D, 0x69, 0xF8, 0xBD, 0x64, 0x09, 0x75, 0xD2, 0xFE, 0x71, 0x34, 0x91, 0xF4, 0x69, 0x7F,
    0x13, 0x04, 0xD3, 0x3E, 0x3B, 0xFF, 0x36, 0x37, 0x8A, 0xD5, 0x26, 0xAF, 0xF4, 0x5C, 0x34, 0x05,
    0x37, 0xB1, 0x62, 0xF2, 0x92, 0x1B, 0x0E, 0xD1, 0xE7, 0xBD, 0x76, 0x59, 0xB5, 0xFF, 0xB9, 0x9F,
    0x28, 0x29, 0x8E, 0x0A, 0xDE, 0x02, 0xE0, 0x1C, 0x14, 0xE7, 0x30, 0xE1, 0x34, 0x26, 0x25, 0xFB,
    0xEC, 0x3B, 0x0B, 0x80, 0xB6, 0x25, 0x28, 0xBD, 0xF9, 0x9E, 0x08, 0x0F, 0x04, 0x3A, 0x01, 0x2F,
    0x48, 0x1D, 0x24, 0xBE, 0x17, 0x7F, 0x39, 0x00, 0xD9, 0xCF, 0x47, 0xA9, 0xD6, 0x4E, 0x92, 0xE2,
    0xCF, 0x24, 0xAE, 0x80, 0x38, 0xCD, 0x6A, 0x05, 0x16, 0xE7, 0xEF, 0xDB, 0x82, 0xA9, 0x64, 0x96,
    0xBC, 0x21, 0xF9, 0xF4, 0xFA, 0xFB, 0xBD, 0xFC, 0xE4, 0x07, 0xB2, 0xC0, 0x51, 0x7D, 0x4B, 0x34,
    0x1A, 0xB4, 0x9D, 0xBE, 0x15, 0x69, 0xD9, 0x00, 0xDB, 0x55, 0x61, 0x98, 0x17, 0x57, 0xEB, 0x67,
    0x54, 0x98, 0xD9, 0x91, 0xBA, 0x00, 0xF6, 0x82, 0xBD, 0x8F, 0x52, 0x38, 0xA8, 0xCA, 0x7C, 0x2B,
    0x31, 0xB0, 0xE3, 0x42, 0x12, 0x6C, 0x6F, 0xEB, 0x15, 0x95, 0xD0, 0x08, 0xD5, 0xF9, 0x5D, 0xC7,
    0xFE, 0xFA, 0x7B, 0x4E, 0x12, 0x53, 0xC0, 0xB1, 0x02, 0x7E, 0xF0, 0x2E, 0xA8, 0xA3, 0x9A, 0xDC,
    0x47, 0xBF, 0xE8, 0xD3, 0x1A, 0x1F, 0x34, 0x83, 0xA8, 0xE5, 0x6C, 0x4C, 0x53, 0xF4, 0xB2, 0xAF,
    0xA9, 0xE0, 0xA2, 0xB1, 0x28, 0x95, 0x02, 0xDB, 0xE7, 0xB8, 0x79, 0xE1, 0x8D, 0x7D, 0x8E, 0x92,
    0x0D, 0x73, 0x41, 0x7A, 0x7A, 0x05, 0x8A, 0x6D, 0x12, 0xA7, 0xCE, 0xE0, 0x9F, 0x66, 0x0E, 0x8C,
    0xBA, 0xC3, 0x85, 0x56, 0x23, 0x45, 0xB5, 0xA2, 0xA4, 0xBA, 0xB3, 0xC6, 0xA2, 0xB1, 0xF9, 0x00,
    0x4C, 0x1F, 0x90, 0x8D, 0x8A, 0xCE, 0x29, 0x20, 0x5A, 0x02, 0x70, 0xB7, 0x68, 0x85, 0xDD, 0x7D,
    0xB4, 0xF7, 0xAA, 0xC4, 0xCB, 0x59, 0x36, 0x97, 0x96, 0xBA, 0x0F, 0xD6, 0x38, 0xAE, 0x16, 0x97,
    0x35, 0x14, 0x9D, 0x4F, 0xC2, 0x93, 0x53, 0x96, 0xCC, 0xAB, 0xF2, 0x39, 0xC2, 0xF7, 0x21, 0xA2,
    0x5F, 0x55, 0x6F, 0xFF, 0x9C, 0xCE, 0x53, 0xF4, 0x2F, 0xCA, 0xAF, 0xA1, 0xBF, 0x57, 0x0E, 0xF2,
    0x72, 0x1F, 0xAF, 0x91, 0xE5, 0xCD, 0xBF, 0xB9, 0xF5, 0xA6, 0x0D, 0x0D, 0x42, 0xF0, 0xA6, 0x27,
    0x59, 0x64, 0xF3, 0x6C, 0x94, 0xFD, 0xF3, 0x5E, 0x36, 0x34, 0x95, 0x02, 0xFD, 0xCE, 0x47, 0x77,
    0x7E, 0xD4, 0x54, 0x0C, 0xAC, 0xFD, 0xBC, 0x85, 0x47, 0x1F, 0x88, 0xC4, 0xB3, 0xEA, 0x24, 0x27,
    0x9A, 0x06, 0xD2, 0x59, 0x7A, 0xF2, 0x59, 0xDE, 0x34, 0xB3, 0xBC, 0xB9, 0x9F, 0x83, 0x37, 0xBF,
    0xF1, 0x6C, 0x96, 0x37, 0xFF, 0x65, 0xE6, 0xC2, 0x1F, 0xA3, 0x59, 0xDE, 0x5C, 0x23, 0x4D, 0x26,
    0x8A, 0xA7, 0x2F, 0x02, 0x19, 0xD7, 0xAF, 0xD8, 0x5D, 0x5F, 0x7F, 0x67, 0xFA, 0xE2, 0x0A, 0x1E,
    0xEC, 0x5E, 0x9E, 0xD4, 0x1D, 0x95, 0xFF, 0x3A, 0xF9, 0x41, 0xC8, 0x56, 0x59, 0xBB, 0x83, 0x26,
    0x9D, 0xF2, 0xB1, 0x18, 0x52, 0x4D, 0x58, 0x7F, 0x80, 0x37, 0x2A, 0x8D, 0xF9, 0x21, 0x0A, 0xB8,
    0x80, 0xD8, 0x05, 0x64, 0x53, 0x40, 0xD1, 0x07, 0xD4, 0xB0, 0x8B, 0x5C, 0x40, 0x3A, 0x05, 0xE4,
    0x43, 0x80, 0xAD, 0x02, 0x3C, 0x72, 0x7A, 0x1F, 0xF0, 0xF1, 0x10, 0xF0, 0xC3, 0x09, 0xF6, 0xF1,
    0x02, 0x3B, 0x0E, 0x42, 0x2D, 0x98, 0x26, 0x20, 0x1F, 0xCE, 0xFA, 0x92, 0x25, 0x20, 0x72, 0xE7,
    0x86, 0xB0, 0x95, 0x6C, 0xBD, 0xFB, 0xD2, 0xF3, 0xDD, 0x6C, 0x7F, 0x08, 0xF0, 0xA4, 0x13, 0x8F,
    0x5D, 0x03, 0xF1, 0xB1, 0xEB, 0x21, 0x39, 0x76, 0x23, 0xEB, 0xDE, 0x83, 0xFC, 0xB8, 0x5F, 0xC0,
    0xEC, 0x77, 0x0E, 0x6C, 0xB9, 0xDB, 0xC2, 0xAE, 0xDC, 0x59, 0x70, 0xE5, 0xAE, 0x68, 0xE2, 0xB9,
    0xDC, 0xE5, 0x7D, 0x32, 0x95, 0xBB, 0x64, 0xCC, 0x86, 0x72, 0x17, 0x87, 0x69, 0x54, 0xEE, 0x70,
    0xB6, 0x0A, 0x0C, 0x75, 0x03, 0xAD, 0x13, 0xCD, 0x22, 0xE6, 0x93, 0x98, 0x8D, 0x62, 0xDC, 0x88,
    0x70, 0x9F, 0x1A, 0xEF, 0x55, 0xA7, 0xB5, 0xA0, 0x6B, 0x84, 0x5E, 0x98, 0x84, 0x25, 0x60, 0xE7,
    0x04, 0x2B, 0x98, 0x26, 0x20, 0xEF, 0x03, 0x92, 0x29, 0x20, 0x5E, 0x02, 0x70, 0x42, 0x2D, 0x98,
    0xDF, 0x0B, 0xC8, 0x7F, 0x1A, 0x90, 0x7E, 0x12, 0x10, 0x7F, 0x1A, 0xC0, 0x41, 0xA8, 0x05, 0x23,
    0xE4, 0x42, 0x2A, 0xC4, 0xCB, 0x69, 0xDD, 0x4C, 0xEF, 0x45, 0x5A, 0xB4, 0x46, 0x9A, 0xE9, 0x15,
    0x69, 0xF9, 0xA0, 0x08, 0xD1, 0xDE, 0xF1, 0x14, 0x3F, 0x32, 0x01, 0xE2, 0x16, 0x71, 0x23, 0xB6,
    0x2B, 0xB7, 0x77, 0x74, 0xF6, 0x96, 0xD1, 0x52, 0x34, 0x92, 0x95, 0x9E, 0x74, 0x4A, 0x27, 0xE9,
    0x8C, 0x1D, 0xD4, 0x0D, 0xFE, 0x69, 0x7A, 0x44, 0x91, 0x36, 0x43, 0xAC, 0x69, 0x77, 0x7F, 0xDD,
    0xAC, 0x84, 0xE9, 0xF6, 0x2B, 0xB2, 0x13, 0xEC, 0x2D, 0xCC, 0xFD, 0xC7, 0xFD, 0x5A, 0x4F, 0x12,
    0x42, 0xC3, 0xFE, 0xFA, 0x4A, 0x32, 0xBC, 0x3E, 0xFE, 0x37, 0xAD, 0x91, 0x4E, 0x62, 0xBC, 0xC8,
    0x1A, 0x38, 0x59, 0x83, 0x5A, 0xD6, 0xC0, 0xFE, 0x81, 0xAC, 0x91, 0x7B, 0x59, 0x23, 0x5F, 0xAD,
    0xB1, 0x40, 0xAC, 0xD6, 0x65, 0x8D, 0xE7, 0x8F, 0x36, 0x8A, 0x5E, 0xE4, 0xBE, 0x7D, 0x46, 0x8D,
    0x7B, 0x41, 0x7E, 0xBE, 0xFF, 0xE1, 0xBC, 0xC3, 0xF6, 0x54, 0xAA, 0x7A, 0x92, 0x10, 0xAA, 0x60,
    0x9F, 0xDB, 0x80, 0x94, 0x7E, 0x85, 0xF5, 0x39, 0x2A, 0xD3, 0x49, 0x51, 0x39, 0xDF, 0x46, 0xA5,
    0x64, 0x55, 0xF1, 0xAB, 0xEF, 0x9D, 0x0F, 0xAD, 0x8E, 0xDD, 0x4C, 0x3E, 0xC6, 0x8E, 0xA2, 0x61,
    0x8F, 0xA9, 0xB0, 0x18, 0x78, 0xA4, 0xBB, 0x53, 0x3F, 0xF3, 0x19, 0x48, 0xFC, 0xD3, 0x7B, 0x87,
    0x56, 0x18, 0x07, 0x44, 0xFE, 0x3C, 0xA6, 0x20, 0xBE, 0x81, 0xBC, 0xDF, 0x0A, 0x56, 0x8F, 0xA6,
    0xC7, 0x06, 0xD9, 0xE8, 0xDE, 0xA1, 0x55, 0xF4, 0x04, 0xAE, 0x43, 0xC2, 0x87, 0xD4, 0x78, 0x81,
    0x64, 0x82, 0xFF, 0x0B, 0x3C, 0x80, 0xA8, 0x6A, 0x21, 0x19, 0xBF, 0x34, 0xA4, 0xA3, 0x22, 0x70,
    0xD8, 0x42, 0xD6, 0x5B, 0x8D, 0x5C, 0x83, 0xAE, 0xF2, 0xE5, 0xE2, 0x85, 0x41, 0x3F, 0x44, 0xAD,
    0x5B, 0x54, 0xD3, 0x54, 0xE7, 0xEF, 0x5E, 0x51, 0x89, 0x36, 0xE8, 0x81, 0x52, 0x9D, 0xD4, 0xEA,
    0x1C, 0xA8, 0x65, 0x42, 0x17, 0x4E, 0x8F, 0x72, 0xE1, 0x74, 0x3E, 0xA1, 0xB4, 0x9C, 0x04, 0x1B,
    0x29, 0x29, 0xAA, 0xB5, 0x69, 0xF5, 0xA2, 0x44, 0xE3, 0x6C, 0x21, 0xC8, 0x38, 0x80, 0x67, 0xB3,
    0x78, 0x9C, 0xC4, 0x7A, 0x14, 0xED, 0x20, 0x9A, 0x5E, 0xFD, 0x21, 0xD2, 0xA7, 0xD0, 0x42, 0xA6,
    0x06, 0x4D, 0x25, 0x3F, 0xE3, 0x74, 0x28, 0xA5, 0xA6, 0x75, 0xE4, 0xE4, 0xD6, 0x58, 0xB7, 0x6D,
    0x50, 0x9B, 0x0E, 0x94, 0x9B, 0xF0, 0x9B, 0x8C, 0x6C, 0x4A, 0xD2, 0x51, 0x87, 0x8A, 0x96, 0xAC,
    0x8F, 0x27, 0x96, 0x82, 0xBC, 0x8F, 0x66, 0xE6, 0x5C, 0x9D, 0x5A, 0xA2, 0x49, 0xDD, 0xC2, 0xC5,
    0x53, 0x18, 0x29, 0xB4, 0xC9, 0x98, 0x0E, 0x16, 0x36, 0x69, 0x9F, 0x8C, 0x25, 0x94, 0x59, 0x9F,
    0x4C, 0x1B, 0xB0, 0x79, 0x13, 0xA9, 0xB3, 0x45, 0x5E, 0x31, 0x2F, 0x90, 0x7F, 0x1F, 0x96, 0x19,
    0xF2, 0x1F, 0xC3, 0x6E, 0x82, 0xEC, 0x00, 0xF5, 0x04, 0xA9, 0x03, 0x3B, 0x42, 0xE2, 0xC0, 0x0C,
    0x28, 0x84, 0x29, 0xFA, 0xD5, 0x99, 0x32, 0xF9, 0x60, 0x1A, 0x8A, 0x46, 0xDD, 0x5C, 0x27, 0x7B,
    0x3C, 0xE3, 0xC0, 0xC9, 0x60, 0xFB, 0x74, 0x24, 0x44, 0xA5, 0xCC, 0xF5, 0xB1, 0xEC, 0x74, 0x44,
    0x6A, 0xCE, 0x48, 0x0F, 0x40, 0xEE, 0x01, 0xF3, 0x76, 0xA3, 0xFE, 0xF4, 0xE0, 0x52, 0x2D, 0xD5,
    0xF1, 0x2C, 0x7B, 0x3B, 0xB2, 0x81, 0x3D, 0xD2, 0x5C, 0xD9, 0x8A, 0xA2, 0x97, 0x97, 0x07, 0xF9,
    0xF1, 0xCA, 0xF2, 0xFC, 0x3F, 0xBF, 0xFB, 0x74, 0xA4, 0x68, 0x82, 0x84, 0xD6, 0x75, 0xB6, 0xD0,
    0xE2, 0xA0, 0x94, 0xFB, 0x8C, 0xBA, 0x91, 0xFF, 0x70, 0x80, 0xEC, 0x1F, 0x7A, 0x05, 0x91, 0x56,
    0x1B, 0x0F, 0x70, 0x10, 0xDA, 0xD7, 0x87, 0x76, 0x82, 0xB5, 0xF7, 0x07, 0x65, 0x14, 0xCC, 0x1A,
    0xE8, 0xDD, 0x01, 0x90, 0x06, 0x00, 0xA8, 0x68, 0x51, 0xE7, 0xD4, 0x55, 0xD9, 0x69, 0x7D, 0xBD,
    0x07, 0x1C, 0x24, 0xCF, 0x4B, 0x54, 0x50, 0xAF, 0x3B, 0xC1, 0xA3, 0x32, 0x74, 0x73, 0x37, 0xEF,
    0xAE, 0x5A, 0xBE, 0xF8, 0xDF, 0xEE, 0x4A, 0xB2, 0x77, 0x07, 0x7F, 0x9A, 0x94, 0xEB, 0xF4, 0xD4,
    0xE4, 0xD4, 0xD4, 0x54, 0xB8, 0x68, 0x5A, 0x9E, 0x4E, 0x7B, 0x17, 0xC0, 0x9D, 0x06, 0xB7, 0x39,
    0x09, 0x99, 0x17, 0x05, 0x25, 0xA4, 0xB1, 0xBC, 0x28, 0x28, 0xA1, 0xF2, 0x24, 0xA8, 0xE4, 0x27,
    0x3F, 0x7D, 0x77, 0x8A, 0xBF, 0xF8, 0x5F, 0x90, 0x92, 0xEC, 0xF9, 0x68, 0x4A, 0x76, 0x25, 0x39,
    0x02, 0xA9, 0x07, 0xB2, 0x8F, 0xD5, 0x99, 0xBF, 0x94, 0xB9, 0x34, 0x86, 0x52, 0x7D, 0x69, 0xD5,
    0x91, 0x05, 0xC5, 0x06, 0x0A, 0x08, 0xAC, 0x4C, 0x6D, 0x14, 0xC8, 0xB9, 0x22, 0x3B, 0xD3, 0x64,
    0xD7, 0x0C, 0x0F, 0x15, 0x74, 0xAE, 0x3A, 0x74, 0x01, 0xA3, 0xEE, 0x06, 0x98, 0x38, 0x62, 0x75,
    0xB4, 0x71, 0xC3, 0x57, 0x50, 0xAA, 0x8F, 0xC4, 0xA1, 0x24, 0x9F, 0x8B, 0xA9, 0xE8, 0xE3, 0xC5,
    0x80, 0x7B, 0x78, 0xB6, 0x4D, 0xE7, 0x9D, 0x0E, 0xAD, 0xCC, 0xA0, 0x48, 0xC3, 0x95, 0x21, 0x6F,
    0x89, 0xF5, 0x05, 0x72, 0x76, 0x30, 0x6D, 0xEE, 0x0F, 0x37, 0xB1, 0x9F, 0x6F, 0x78, 0xF8, 0x7A,
    0x73, 0xA8, 0xF0, 0x0D, 0x6D, 0xE7, 0x27, 0xF6, 0xCF, 0xF4, 0x2F, 0xAE, 0x81, 0x8E, 0xAE, 0xC2,
    0x56, 0x9D, 0xEC, 0xBD, 0x43, 0x90, 0xD5, 0xDB, 0x80, 0x41, 0x77, 0xEB, 0xBB, 0xBD, 0xD0, 0x69,
    0x86, 0x75, 0x3D, 0x35, 0xDD, 0x72, 0x71, 0xA0, 0xD5, 0x67, 0x5E, 0xFA, 0x4E, 0x56, 0x53, 0xC2,
    0xF8, 0x8A, 0x48, 0x9F, 0xEC, 0xF4, 0xF0, 0xFF, 0x1D, 0xB9, 0x42, 0xC7, 0x34, 0x58, 0x2C, 0xBC,
    0x79, 0x3A, 0x55, 0xBC, 0x8F, 0x52, 0xB0, 0xF0, 0x86, 0xE6, 0xA2, 0x91, 0x44, 0x4D, 0xBA, 0xC4,
    0x4E, 0x5A, 0x66, 0x30, 0x77, 0xA7, 0x86, 0x9A, 0x07, 0xAF, 0x86, 0x39, 0x7E, 0x7B, 0x0C, 0x62,
    0xFF, 0x36, 0xA6, 0x87, 0xEF, 0x7E, 0x3E, 0xE6, 0x23, 0xF5, 0x68, 0x1A, 0xCC, 0x68, 0x21, 0x17,
    0xB2, 0x71, 0x0B, 0xE9, 0x73, 0x28, 0xF5, 0x4E, 0xA5, 0xAA, 0x57, 0x8C, 0xF9, 0x80, 0x1D, 0xD3,
    0x67, 0xB1, 0x1F, 0x63, 0x69, 0xA1, 0xF6, 0xDF, 0x1E, 0xB5, 0x3E, 0xDE, 0x1F, 0xDB, 0x48, 0xFA,
    0x2C, 0x5D, 0xD0, 0x79, 0xA9, 0xFA, 0xAC, 0xB1, 0x61, 0xB8, 0xD4, 0xBC, 0x95, 0x7F, 0x57, 0xDC,
    0x1B, 0x1B, 0xA8, 0xDE, 0x2A, 0x91, 0xCE, 0xB1, 0x93, 0xB3, 0xA7, 0xF3, 0x89, 0xA8, 0xD4, 0x9B,
    0x09, 0x3F, 0x45, 0xC7, 0xAB, 0x78, 0x26, 0x9E, 0x4E, 0x97, 0xD5, 0x69, 0xCC, 0xFC, 0xDB, 0x9F,
    0xFD, 0x48, 0x8F, 0xAF, 0x77, 0x29, 0x49, 0xAD, 0x6F, 0x12, 0x1F, 0x90, 0xCD, 0xC5, 0xA7, 0xE4,
    0x5A, 0x92, 0x8C, 0xE2, 0xC6, 0x40, 0x80, 0xEE, 0x8A, 0x2A, 0x9E, 0xB5, 0x60, 0x4D, 0xA4, 0xDA,
    0x27, 0x87, 0xCA, 0x15, 0xF9, 0x47, 0xEF, 0x9E, 0xFA, 0xDA, 0x3D, 0x45, 0x63, 0x3D, 0x86, 0x77,
    0x1A, 0xAC, 0xA9, 0xBE, 0xB7, 0xB0, 0x01, 0x47, 0x0B, 0x3B, 0x61, 0xC3, 0x0E, 0x5A, 0xEA, 0x2A,
    0x5E, 0x30, 0x9F, 0xFD, 0x78, 0x22, 0x0D, 0x8D, 0x69, 0xAF, 0xA5, 0xB7, 0xAF, 0xC8, 0xC5, 0x51,
    0x33, 0x6F, 0xD8, 0x3F, 0x2B, 0xA6, 0x2E, 0xCC, 0xF2, 0x0E, 0xDC, 0x3E, 0x64, 0x29, 0x6B, 0x5F,
    0x33, 0xB3, 0xF1, 0xFB, 0xB7, 0x80, 0xCD, 0x7F, 0x4F, 0x68, 0xC1, 0x76, 0xB1, 0xE3, 0x47, 0xAC,
    0x69, 0x8E, 0x96, 0xD7, 0xFA, 0x9B, 0x93, 0xD9, 0x4F, 0xBE, 0x7F, 0xF2, 0xEA, 0xAE, 0x53, 0x34,
    0x2D, 0x35, 0x6D, 0xE4, 0x68, 0xF5, 0xCD, 0xCB, 0x15, 0x8D, 0x15, 0xBB, 0x83, 0x16, 0xCC, 0x90,
    0x17, 0x68, 0x0F, 0xE8, 0xDD, 0x5A, 0x96, 0x4E, 0x6B, 0x5D, 0xBA, 0x90, 0x4D, 0xDF, 0x92, 0x4D,
    0xED, 0xAF, 0x48, 0xAC, 0xE9, 0x27, 0xE6, 0x10, 0x54, 0x29, 0xA8, 0xFE, 0xC2, 0xFB, 0x70, 0xF7,
    0xF6, 0x3F, 0x0F, 0x75, 0xD3, 0x35, 0xA9, 0x57, 0xE0, 0x91, 0xE8, 0x33, 0xB4, 0x27, 0x76, 0xDA,
    0x6B, 0x10, 0x2D, 0xDA, 0x77, 0xC8, 0x93, 0xBF, 0xF6, 0x0F, 0x6A, 0xFA, 0xEC, 0x98, 0x4F, 0x83,
    0x63, 0x9A, 0xE4, 0x7F, 0xE6, 0x98, 0x97, 0x47, 0x7F, 0x87, 0xA2, 0xBF, 0xB2, 0x50, 0x34, 0xE5,
    0x79, 0x63, 0x28, 0x64, 0xEB, 0x5D, 0x29, 0x58, 0x41, 0xD1, 0x5F, 0x9D, 0xA2, 0xFF, 0xE2, 0x1C,
    0xFD, 0xF6, 0x2E, 0xFA, 0xD5, 0xCF, 0x2F, 0x7B, 0xED, 0x32, 0xD2, 0xC7, 0x13, 0x02, 0x78, 0x05,
    0x1E, 0x70, 0x4E, 0x5A, 0x61, 0x86, 0x2F, 0x6D, 0x85, 0xF9, 0xE5, 0xED, 0x0A, 0x23, 0x3F, 0xF0,
    0x6A, 0x44, 0x95, 0x2C, 0x90, 0x8D, 0x6D, 0x3D, 0xEE, 0xFC, 0x53, 0x8D, 0x1D, 0xF6, 0x20, 0x1F,
    0xBD, 0xF2, 0x42, 0xB2, 0x7E, 0xD1, 0xE1, 0x0B, 0xC5, 0x50, 0xF7, 0x46, 0x06, 0x27, 0x1D, 0x6C,
    0x05, 0xC5, 0x48, 0x78, 0xFF, 0x23, 0x19, 0x1B, 0x2E, 0x7C, 0x0F, 0xD9, 0x04, 0xC9, 0xB4, 0x0D,
    0xD9, 0x86, 0x6C, 0x86, 0x62, 0x08, 0x72, 0x4D, 0x74, 0x3A, 0x3D, 0x88, 0x47, 0xE2, 0x89, 0x44,
    0x17, 0x9D, 0x5F, 0xBC, 0x5F, 0xFE, 0xE4, 0xB3, 0x77, 0xF5, 0xF8, 0xCA, 0x2B, 0x3E, 0x5E, 0xE1,
    0x17, 0xCC, 0xB2, 0xC0, 0xE2, 0xC0, 0xBD, 0x5E, 0x8E, 0x42, 0x4E, 0x5C, 0xAD, 0xCF, 0x5C, 0x6F,
    0x5C, 0xE1, 0x9D, 0x4B, 0xFD, 0xE8, 0x78, 0x08, 0x9A, 0x34, 0x95, 0x01, 0x53, 0x15, 0xCD, 0xBA,
    0xAC, 0x6E, 0xC9, 0x06, 0x5A, 0x19, 0x2A, 0xC8, 0x4C, 0xD1, 0x4C, 0x08, 0xEB, 0x09, 0x16, 0x59,
    0xAE, 0x4D, 0x7B, 0xD8, 0xE4, 0x01, 0x36, 0xAF, 0xC0, 0x18, 0x20, 0xDF, 0x0B, 0x07, 0x20, 0x75,
    0x40, 0xB2, 0x48, 0x69, 0xA2, 0x85, 0xD1, 0x92, 0x2E, 0x18, 0x0C, 0x99, 0x93, 0xEA, 0x2A, 0x54,
    0x2A, 0xB5, 0x4B, 0xDF, 0xB2, 0x21, 0xEB, 0x0B, 0x43, 0xAB, 0x2D, 0x76, 0xA1, 0x76, 0xC6, 0xCB,
    0xBC, 0xD2, 0x16, 0xF1, 0x26, 0xFB, 0xE9, 0x44, 0x34, 0xB5, 0xA9, 0x0E, 0x64, 0xE7, 0x25, 0xF9,
    0xC7, 0x11, 0x96, 0x49, 0x47, 0xB5, 0xEC, 0xA7, 0xF8, 0xF3, 0x1E, 0xEA, 0x11, 0x4D, 0x64, 0x3B,
    0xE0, 0xD5, 0x83, 0x9E, 0x0E, 0x05, 0x04, 0xB5, 0x9A, 0x65, 0x13, 0xEE, 0x5C, 0x3E, 0xC4, 0xA1,
    0xCB, 0xE9, 0xA8, 0x2D, 0x37, 0xAD, 0x3E, 0x17, 0x5B, 0x28, 0x1C, 0xE4, 0xF3, 0xFA, 0x6B, 0x77,
    0xB0, 0xB3, 0xA8, 0x5C, 0xDB, 0xF0, 0x6C, 0x48, 0x26, 0xC9, 0x59, 0xD8, 0x96, 0x9A, 0x22, 0x46,
    0x7B, 0x8E, 0xA2, 0x51, 0x5F, 0x7B, 0x4C, 0x95, 0x8E, 0xC8, 0x83, 0x6C, 0xCE, 0x3B, 0xE1, 0x68,
    0x81, 0x9D, 0x8C, 0x52, 0xCA, 0x28, 0x36, 0xEB, 0xA1, 0xD0, 0x96, 0x26, 0xD7, 0x9E, 0x38, 0xF5,
    0x40, 0x22, 0x7B, 0xA8, 0x2E, 0xAA, 0x2B, 0x61, 0x50, 0x5D, 0x54, 0x57, 0x56, 0x7E, 0xE1, 0xBF,
    0x8D, 0x9E, 0xB0, 0x1E, 0x87, 0x2A, 0xFF, 0xE0, 0xFD, 0x4E, 0x43, 0xBC, 0xDB, 0x62, 0x66, 0xE3,
    0xDD, 0xCE, 0xF3, 0x00, 0xF1, 0x02, 0xE9, 0xB4, 0xEA, 0xD1, 0xDC, 0xD3, 0xF9, 0xA1, 0xF7, 0xBE,
    0x57, 0x46, 0x8D, 0x2C, 0xD4, 0x0B, 0xFE, 0x0A, 0x47, 0x34, 0x9F, 0x2E, 0x16, 0x70, 0x77, 0x73,
    0x59, 0x45, 0x0B, 0xDF, 0x98, 0xB0, 0x4D, 0xB8, 0x74, 0x13, 0xBD, 0x50, 0x81, 0xE5, 0xBE, 0xF8,
    0xF1, 0x4A, 0x6A, 0x83, 0x72, 0xD8, 0xFD, 0xEA, 0xA4, 0x08, 0xAF, 0x9F, 0x52, 0xCF, 0x7C, 0xCD,
    0xC1, 0x0E, 0x4A, 0x5D, 0x5C, 0xC2, 0xE6, 0x4E, 0xF5, 0xA9, 0xA5, 0x2D, 0x98, 0x81, 0x74, 0x0E,
    0x97, 0x6E, 0xB6, 0xF7, 0x4A, 0x75, 0x6D, 0x24, 0x78, 0xD2, 0xB0, 0x93, 0xC2, 0xA0, 0xB6, 0x1E,
    0x38, 0xA5, 0xF8, 0xC8, 0x65, 0xEE, 0x87, 0x9B, 0xE2, 0xAF, 0xFD, 0x52, 0x46, 0x7E, 0x7A, 0x8B,
    0x37, 0xAB, 0xFF, 0x02, 0xD5, 0x99, 0x31, 0x8C, 0xE5, 0xC6, 0x79, 0xC7, 0x7F, 0x43, 0xDE, 0x1D,
    0x0F, 0xA2, 0x95, 0x51, 0xB1, 0x17, 0x3B, 0xD2, 0x59, 0x74, 0x80, 0x14, 0xF2, 0xC5, 0xD1, 0x5C,
    0x71, 0x08, 0x84, 0x40, 0xFB, 0x38, 0xB6, 0x8B, 0x14, 0x29, 0xB2, 0xC5, 0xAE, 0x1B, 0x15, 0x56,
    0x29, 0x2B, 0x08, 0xA4, 0x42, 0x85, 0x80, 0xEC, 0xBE, 0x47, 0xC1, 0x45, 0x4A, 0x6F, 0xDF, 0x44,
    0x85, 0x1A, 0x9D, 0x0A, 0xAB, 0x10, 0x82, 0x43, 0xCC, 0xF7, 0x38, 0x91, 0xCA, 0x14, 0x19, 0x40,
    0x08, 0x5C, 0x86, 0x89, 0x65, 0x0B, 0x81, 0x8B, 0x30, 0x31, 0x05, 0xF0, 0x24, 0xBE, 0x37, 0xE1,
    0x37, 0xB7, 0xB7, 0x2F, 0x0B, 0x9D, 0x2D, 0xD9, 0xD9, 0x3B, 0x6C, 0x86, 0x6F, 0x7E, 0xC3, 0x47,
    0xCE, 0x7C, 0xDF, 0xFF, 0xCF, 0x37, 0x3B, 0x6F, 0xEE, 0x1E, 0xCC, 0x69, 0x68, 0xF8, 0x1A, 0x00,
    0x3B, 0xEC, 0xB2, 0x3D, 0x66, 0x6C, 0x8F, 0xF9, 0xC9, 0xB1, 0x03, 0xEC, 0x01, 0xAA, 0x3F, 0x03,
    0x13, 0x2C, 0x2A, 0x84, 0x8E, 0x6C, 0xFD, 0xD5, 0x11, 0xED, 0x59, 0x61, 0x2A, 0x4A, 0x4A, 0x78,
    0x92, 0x19, 0xC0, 0xFC, 0x2C, 0xE2, 0xB5, 0x12, 0x2E, 0x63, 0x2C, 0x46, 0x46, 0x2C, 0xC8, 0x86,
    0x64, 0x94, 0x28, 0xBD, 0xC4, 0xAB, 0x20, 0x39, 0x9B, 0x83, 0x98, 0xF7, 0xB6, 0x95, 0xBB, 0x1D,
    0x34, 0xBF, 0x1C, 0x51, 0x23, 0x0B, 0xD2, 0x8E, 0xC2, 0xA6, 0x2D, 0xBA, 0xCA, 0x3C, 0xB9, 0x9B,
    0x00, 0x69, 0x44, 0x2B, 0xE8, 0x80, 0xDF, 0xFF, 0xE4, 0x00, 0x16, 0x21, 0x38, 0x5E, 0xDE, 0xDC,
    0xAE, 0xE0, 0x10, 0xE0, 0xE8, 0x14, 0xF1, 0x6D, 0x2D, 0x18, 0x80, 0xA4, 0x03, 0xB2, 0x7F, 0x39,
    0x38, 0xB0, 0x3A, 0x4C, 0x43, 0x22, 0xBE, 0x01, 0x55, 0xFD, 0xF2, 0x0F, 0x7D, 0x19, 0x42, 0xA5,
    0x7F, 0x1E, 0x28, 0xAC, 0xA1, 0x44, 0x57, 0xB3, 0x93, 0x2A, 0xE7, 0xC6, 0x1A, 0xAB, 0xFF, 0xAD,
    0xC1, 0x84, 0x60, 0xEB, 0xE6, 0x43, 0x2F, 0x63, 0xF6, 0x41, 0xED, 0xAD, 0x20, 0x6F, 0x4B, 0xD0,
    0xAE, 0xA8, 0x30, 0x95, 0x76, 0x94, 0x64, 0x2D, 0x4B, 0xD1, 0x36, 0xA2, 0x06, 0xF1, 0x39, 0x8A,
    0xCE, 0x79, 0xEE, 0xA1, 0x94, 0xFB, 0xE1, 0xEF, 0x82, 0x2B, 0x25, 0x31, 0xD9, 0x1A, 0x48, 0x46,
    0x40, 0xF5, 0x70, 0xE3, 0x9D, 0x49, 0x7F, 0xBC, 0x71, 0xED, 0x7B, 0x77, 0x0F, 0x6C, 0xBC, 0xF6,
    0x20, 0x2C, 0xB7, 0x85, 0xE8, 0x70, 0xFB, 0x7E, 0x87, 0x2B, 0x6F, 0x03, 0x4D, 0xF0, 0xA4, 0xE1,
    0xC7, 0x03, 0x79, 0xAB, 0xD6, 0x68, 0xC7, 0x82, 0xA2, 0xA2, 0xC4, 0x58, 0x6E, 0xC8, 0x99, 0xC8,
    0x15, 0xF4, 0x40, 0x11, 0x8E, 0xA1, 0x6C, 0x36, 0x96, 0x79, 0x16, 0x3A, 0x8E, 0x28, 0xD6, 0x13,
    0x08, 0xCC, 0xC1, 0x54, 0xA5, 0x45, 0x3B, 0xD3, 0x4E, 0xD0, 0x1B, 0xAB, 0x5D, 0x12, 0x06, 0xED,
    0xE2, 0x43, 0x90, 0x24, 0x10, 0x1D, 0xC0, 0x4A, 0x50, 0x72, 0x83, 0x98, 0x63, 0x42, 0xE1, 0x98,
    0xA3, 0x3B, 0x35, 0x8A, 0x8C, 0x3E, 0x0A, 0x22, 0x4A, 0xBB, 0xA4, 0x28, 0x73, 0x57, 0x6A, 0xFF,
    0x6C, 0xE6, 0xE0, 0xF2, 0x3E, 0x90, 0x84, 0xC6, 0xC3, 0xB3, 0x96, 0x1A, 0xDE, 0x83, 0xDC, 0x26,
    0x4E, 0xED, 0x29, 0x97, 0xB1, 0xD8, 0xF0, 0xEE, 0xE3, 0xC9, 0xA6, 0xF1, 0xB7, 0xAE, 0xE7, 0x6D,
    0xDA, 0x5D, 0x7F, 0x4E, 0x57, 0x0C, 0x5F, 0xB9, 0x65, 0xE0, 0xA5, 0xC7, 0x6F, 0xCE, 0x80, 0xC7,
    0x5E, 0xBD, 0xC7, 0x5D, 0x20, 0xBF, 0x77, 0x7E, 0xB3, 0x14, 0xDE, 0x2A, 0xA0, 0x7E, 0xFC, 0x19,
    0xED, 0x54, 0xFF, 0x95, 0xEB, 0x59, 0x9F, 0x77, 0xCF, 0xFC, 0x9E, 0x0A, 0xA1, 0xBA, 0x95, 0x5A,
    0x73, 0x97, 0x56, 0x79, 0x48, 0x1D, 0xAF, 0xC3, 0xD3, 0xA0, 0x8F, 0xAF, 0xF4, 0xA0, 0xC4, 0x3F,
    0x00, 0xF0, 0x03, 0x65, 0xD3, 0xF0, 0x33, 0xA7, 0xFD, 0x4F, 0x9C, 0xA1, 0x70, 0xBB, 0xE4, 0xEE,
    0x79, 0x32, 0x77, 0x48, 0x16, 0xDB, 0x5D, 0x74, 0xBC, 0xAE, 0x7F, 0xFE, 0x13, 0x97, 0x84, 0x0F,
    0x1D, 0xD7, 0x40, 0xBD, 0xF9, 0x24, 0x69, 0x37, 0x23, 0x77, 0x35, 0xBA, 0x1A, 0x30, 0x49, 0xC7,
    0x2C, 0xF5, 0x1C, 0x65, 0x9E, 0x32, 0xED, 0xD0, 0xDF, 0xEE, 0xC9, 0xDD, 0x48, 0xDA, 0xCE, 0x48,
    0x3A, 0xC3, 0xB5, 0x83, 0xA9, 0x2C, 0x42, 0x08, 0x9B, 0x08, 0x80, 0xD9, 0x03, 0xF0, 0x4D, 0x9E,
    0x3C, 0x26, 0xF9, 0x74, 0x49, 0x6E, 0x33, 0x7B, 0xFD, 0xC6, 0x1B, 0xEE, 0xB9, 0xB2, 0x6B, 0x6F,
    0xDE, 0x7A, 0xED, 0xD5, 0x9B, 0x7F, 0xF6, 0xEE, 0xAB, 0x37, 0x4B, 0xFF, 0xEA, 0xCD, 0x3F, 0x75,
    0xAF, 0x3E, 0x77, 0xAB, 0x7B, 0xF3, 0xFA, 0x37, 0xFE, 0xD0, 0xE5, 0x64, 0x55, 0xF2, 0x1F, 0x4B,
    0xF8, 0xE3, 0x63, 0xA6, 0xA8, 0x52, 0x25, 0x0F, 0xC9, 0x5B, 0x14, 0x1B, 0x66, 0xAF, 0x54, 0x75,
    0xE6, 0xEE, 0xA4, 0xF2, 0x3A, 0xCA, 0x5D, 0x19, 0xC8, 0xD7, 0x00, 0xA4, 0xFE, 0xF3, 0xC8, 0x5A,
    0x08, 0x53, 0x89, 0x78, 0x70, 0x17, 0xC1, 0xB6, 0x6C, 0x3B, 0x5F, 0x79, 0x13, 0xB3, 0xE1, 0xB0,
    0xA0, 0xD7, 0x16, 0x79, 0xC1, 0x0C, 0x06, 0x32, 0x4F, 0x01, 0xAB, 0xDB, 0x36, 0x84, 0xEA, 0xDA,
    0x01, 0xEA, 0x6D, 0x74, 0xA8, 0x4C, 0xE6, 0x9F, 0x49, 0x5A, 0xA6, 0xD7, 0x0B, 0x4E, 0x05, 0xA4,
    0x53, 0xD2, 0xED, 0x26, 0x9D, 0x79, 0xC1, 0xE7, 0xA1, 0x62, 0x1F, 0xE0, 0x5B, 0x6A, 0xD4, 0x5D,
    0x63, 0x07, 0x2C, 0x2F, 0xC1, 0x4B, 0x35, 0xD4, 0x5F, 0xA2, 0x8E, 0x4B, 0x18, 0x57, 0xA8, 0xB1,
    0x21, 0x1D, 0x1B, 0x5F, 0xD4, 0x4D, 0x58, 0x1F, 0xAE, 0x42, 0x7F, 0x58, 0x5F, 0x83, 0x9A, 0x07,
    0xD7, 0x1D, 0x00, 0x75, 0x30, 0xA9, 0x13, 0x27, 0xB9, 0xC0, 0x84, 0xB1, 0xA0, 0x14, 0x34, 0xA7,
    0x08, 0xA7, 0x67, 0x8B, 0xD3, 0xBB, 0x85, 0x20, 0x17, 0xD0, 0x08, 0xA8, 0xFF, 0xAF, 0xD8, 0xB9,
    0xCC, 0x25, 0x4A, 0x1A, 0x16, 0x51, 0xD7, 0x9F, 0x4C, 0x87, 0x69, 0x8B, 0x91, 0x5D, 0x9E, 0xE5,
    0x28, 0x0C, 0xB7, 0x8F, 0x95, 0x2D, 0x7C, 0xE9, 0xD3, 0xCF, 0x1D, 0x58, 0x5E, 0xB6, 0x64, 0xA1,
    0x47, 0x57, 0x4B, 0x66, 0x14, 0x3C, 0x8F, 0xB6, 0x87, 0xE4, 0x55, 0xAC, 0xE8, 0x6A, 0x17, 0x7D,
    0x6F, 0x85, 0xFB, 0xC5, 0x48, 0x12, 0x5A, 0xB8, 0x06, 0xDF, 0x4C, 0x8E, 0x65, 0xD6, 0xCA, 0xEC,
    0x95, 0x59, 0x1C, 0x67, 0xAA, 0xEA, 0x0B, 0xE8, 0x0B, 0x9B, 0x76, 0x25, 0x99, 0x3F, 0x42, 0xBB,
    0x81, 0xE2, 0x3B, 0x32, 0xB3, 0x5B, 0x94, 0x85, 0x7D, 0x0A, 0x0F, 0x03, 0xA5, 0x27, 0xED, 0x48,
    0x3D, 0x99, 0x17, 0x6A, 0x27, 0x34, 0x56, 0x38, 0x43, 0x58, 0x0B, 0xD5, 0x20, 0x4C, 0x3B, 0x61,
    0xE6, 0x85, 0xDA, 0x01, 0xD6, 0xC4, 0x58, 0x33, 0x72, 0x0F, 0xA3, 0x44, 0x54, 0x3D, 0xB3, 0x18,
    0xF1, 0xEF, 0x3D, 0xB9, 0x57, 0xFF, 0xED, 0xD1, 0x55, 0xFA, 0xBE, 0xC7, 0xA0, 0xBF, 0xE3, 0x99,
    0x53, 0xBC, 0x33, 0x48, 0xC7, 0x30, 0xAA, 0xFE, 0x7E, 0xC4, 0xC4, 0x03, 0x60, 0xCF, 0x53, 0xD5,
    0x93, 0x15, 0xCC, 0x08, 0x3D, 0x8C, 0x49, 0x57, 0xA3, 0xFA, 0xD4, 0xEF, 0x22, 0x1D, 0x77, 0xA3,
    0x54, 0x79, 0x90, 0xD0, 0x63, 0x20, 0x15, 0x55, 0x14, 0x30, 0xC2, 0x1D, 0x91, 0x9F, 0x7C, 0xFA,
    0xB6, 0xA4, 0x0E, 0x9B, 0x38, 0x9F, 0xF6, 0xD5, 0xDB, 0xC0, 0x9E, 0x4C, 0x78, 0x92, 0x0E, 0x93,
    0x79, 0xB2, 0x16, 0x99, 0xF8, 0x92, 0x6A, 0x6A, 0x0A, 0x0B, 0x2F, 0x38, 0x4A, 0x50, 0x01, 0x6A,
    0x20, 0xF3, 0x27, 0x5F, 0x56, 0x31, 0x5F, 0xD2, 0x89, 0x32, 0xF3, 0x42, 0x94, 0x96, 0x87, 0xCA,
    0x58, 0xC4, 0xE6, 0x0C, 0xB1, 0x4B, 0x1D, 0xC3, 0xA8, 0x01, 0xE3, 0x10, 0x7D, 0x7F, 0xE3, 0xE2,
    0xF8, 0x5F, 0x39, 0xD0, 0x2E, 0xFD, 0xD0, 0x81, 0x21, 0xFF, 0xA1, 0x83, 0x19, 0x45, 0xEA, 0x60,
    0xA4, 0x7C, 0xE7, 0x23, 0x51, 0x59, 0x86, 0x21, 0xFA, 0xC9, 0x5C, 0x34, 0x24, 0xF7, 0x20, 0xC6,
    0x04, 0x38, 0x02, 0x02, 0xB0, 0x02, 0x9E, 0x61, 0x5B, 0x76, 0x80, 0xC3, 0x58, 0x63, 0x9F, 0x57,
    0xD6, 0xA4, 0x61, 0x8D, 0xFE, 0x08, 0x4A, 0x0B, 0x33, 0xB9, 0xBA, 0xBD, 0x7B, 0x34, 0xD5, 0xBA,
    0x84, 0xD1, 0xB8, 0xAC, 0xCF, 0x37, 0x4D, 0x9B, 0x84, 0x60, 0x79, 0xF2, 0x2D, 0x00, 0x80, 0x24,
    0x52, 0xDC, 0x41, 0x3A, 0x0A, 0x59, 0x54, 0xC2, 0xBC, 0x15, 0xE2, 0xCF, 0xE6, 0x85, 0x26, 0x32,
    0x08, 0x54, 0xA8, 0x80, 0x34, 0x38, 0xE1, 0xC7, 0x1E, 0xC8, 0x3F, 0x68, 0x01, 0xFD, 0x7E, 0x07,
    0x14, 0x6F, 0xF4, 0x80, 0x61, 0x04, 0x4A, 0xEA, 0x28, 0x67, 0x4E, 0x74, 0x0F, 0x0C, 0x18, 0x4B,
    0xD2, 0xA3, 0x2B, 0xD2, 0x4F, 0x0E, 0xBE, 0xEF, 0x48, 0x43, 0x08, 0x9E, 0x7C, 0xA2, 0x7C, 0x2A,
    0x71, 0xD7, 0x51, 0xA1, 0x7A, 0xCC, 0xE9, 0x90, 0x3A, 0xFA, 0x9A, 0x9F, 0x04, 0x3C, 0x2D, 0xC7,
    0x5B, 0x03, 0x46, 0xA8, 0x36, 0x00, 0x59, 0x1B, 0x69, 0xB9, 0xE8, 0xFA, 0xBF, 0x25, 0x48, 0xA2,
    0x12, 0xFD, 0xD3, 0x1E, 0x78, 0x9A, 0x3B, 0x51, 0xEC, 0xA5, 0x0B, 0xAB, 0x5C, 0x1D, 0x5F, 0x05,
    0xF2, 0xB5, 0x48, 0x7F, 0xFA, 0x95, 0x01, 0xF8, 0x5A, 0xD2, 0x5E, 0xF0, 0xE7, 0xAC, 0xDF, 0xE8,
    0x84, 0x1F, 0xF4, 0xA7, 0xE7, 0x70, 0xE1, 0xE7, 0x46, 0xB0, 0x40, 0xFA, 0x53, 0x07, 0x64, 0xB6,
    0x15, 0x22, 0x4C, 0xDF, 0xF0, 0xA7, 0x73, 0x86, 0x1F, 0x5C, 0x60, 0x17, 0xB2, 0xFB, 0xD9, 0x07,
    0xCA, 0x10, 0xD6, 0x40, 0x13, 0x1B, 0xF5, 0x59, 0x07, 0x90, 0xFE, 0x2A, 0x36, 0xD9, 0xCF, 0x3A,
    0xE2, 0x07, 0x13, 0x1B, 0xF3, 0xDD, 0xD8, 0x94, 0x69, 0x6C, 0x96, 0xB1, 0x51, 0x43, 0x6C, 0xD2,
    0x6E, 0xCA, 0xDF, 0x93, 0xB5, 0xB1, 0xD1, 0x6E, 0xD2, 0xB4, 0x87, 0xB1, 0xF1, 0x5E, 0x49, 0x6C,
    0x9A, 0xDB, 0xEF, 0x74, 0xC4, 0xAD, 0x43, 0x07, 0xE9, 0xA7, 0xF1, 0x5D, 0xD6, 0xC6, 0x7B, 0x51,
    0x2F, 0x18, 0x1B, 0x9B, 0x12, 0x31, 0xB3, 0x5E, 0x12, 0x1B, 0x78, 0xF9, 0x2D, 0x10, 0x63, 0x1E,
    0x16, 0x9B, 0x30, 0xA0, 0x82, 0x4D, 0xD6, 0xA4, 0x3D, 0x2C, 0xD0, 0x2D, 0x98, 0xAA, 0x88, 0x6B,
    0xB9, 0xB1, 0x70, 0xA5, 0x2A, 0x01, 0x98, 0x45, 0xCE, 0xB7, 0xE4, 0xE8, 0x73, 0x57, 0xCA, 0x2D,
    0x25, 0x35, 0xB9, 0xD3, 0x31, 0x4E, 0x2E, 0x1A, 0xAA, 0x74, 0x84, 0x06, 0xC2, 0x71, 0x3E, 0x82,
    0x89, 0xA2, 0xAF, 0x84, 0x60, 0x01, 0xBD, 0x87, 0x90, 0xC8, 0x5E, 0x98, 0x6F, 0x60, 0x7B, 0xC9,
    0x0A, 0x8D, 0x60, 0xB1, 0x16, 0xDE, 0x38, 0x16, 0x02, 0x32, 0xAE, 0x06, 0x9A, 0x0A, 0xF2, 0x1E,
    0xD4, 0x08, 0x5C, 0xE7, 0xFE, 0x47, 0xD1, 0x84, 0x30, 0x4A, 0x5D, 0x02, 0xBF, 0xA9, 0x4E, 0x7D,
    0x3A, 0xA9, 0xAB, 0x83, 0x83, 0xBD, 0xDF, 0xD4, 0x6F, 0xF5, 0xBF, 0x62, 0x02, 0xC0, 0x55, 0xA0,
    0x86, 0x4C, 0x1C, 0x79, 0x58, 0x01, 0x6F, 0xF2, 0xE8, 0xF2, 0x67, 0x15, 0x98, 0x9E, 0x44, 0x36,
    0x9D, 0x3E, 0xB7, 0x0A, 0xF5, 0xE8, 0x72, 0xF7, 0x33, 0x92, 0xA1, 0x8C, 0x2D, 0x3C, 0x2A, 0xCF,
    0x2F, 0xB2, 0x64, 0x51, 0xE5, 0x3D, 0x4B, 0xAE, 0x83, 0xB2, 0xB9, 0xFF, 0x6D, 0x0E, 0xE0, 0x2A,
    0x47, 0xE9, 0x68, 0xFC, 0x8A, 0x17, 0xF9, 0x9D, 0xC6, 0xD3, 0x92, 0x6F, 0x58, 0x7C, 0xDF, 0xDD,
    0x49, 0xBC, 0x65, 0x0F, 0x98, 0x90, 0xF4, 0xE7, 0xF0, 0x02, 0x66, 0xB9, 0x5B, 0x68, 0x37, 0x11,
    0x38, 0xC7, 0xC8, 0xF2, 0x0F, 0x0C, 0xE2, 0x9F, 0x7E, 0x64, 0x88, 0x4B, 0xC4, 0x53, 0x83, 0x90,
    0x4D, 0x64, 0x69, 0x85, 0xDA, 0x09, 0x73, 0x2F, 0xCC, 0x5A, 0x61, 0xDA, 0x45, 0xCA, 0x07, 0x55,
    0xDD, 0xE7, 0x5F, 0x7D, 0x7A, 0xDB, 0xC6, 0xEB, 0x6C, 0x29, 0xFD, 0xB7, 0x11, 0x8A, 0xC8, 0x05,
    0x13, 0x93, 0xB5, 0x2C, 0xA6, 0x3F, 0xEE, 0x63, 0x5E, 0x27, 0xFC, 0x08, 0x48, 0xAA, 0x1D, 0x28,
    0x86, 0xD7, 0x61, 0x77, 0xD1, 0xC1, 0x1F, 0xE5, 0xD5, 0x76, 0x3D, 0xDF, 0x6B, 0x40, 0x0D, 0x4D,
    0x25, 0x70, 0x82, 0x4E, 0x30, 0x4C, 0x58, 0x8E, 0x82, 0x52, 0x60, 0xAA, 0x09, 0xDA, 0x4D, 0x48,
    0xBB, 0x09, 0xC9, 0x30, 0x81, 0x51, 0xB0, 0x10, 0x98, 0x6F, 0x4F, 0xD0, 0xFF, 0x38, 0x21, 0xFB,
    0xAF, 0x09, 0xC9, 0x27, 0x13, 0x58, 0x0B, 0x16, 0x02, 0x23, 0xD0, 0x82, 0x4C, 0x90, 0x0C, 0x00,
    0x00, 0x2F, 0x46, 0x2E, 0x61, 0xBB, 0x2B, 0xEC, 0xB7, 0x97, 0xB8, 0xCE, 0x69, 0x89, 0x2B, 0x68,
    0x16, 0x57, 0xD0, 0x32, 0x4E, 0xCC, 0x60, 0x55, 0x20, 0x1D, 0xC0, 0xB8, 0xBC, 0x05, 0xED, 0x75,
    0xDC, 0x1B, 0x1B, 0x0B, 0x49, 0x5F, 0x02, 0x8C, 0xB3, 0xC8, 0x79, 0xE4, 0x91, 0xB0, 0xBE, 0xC7,
    0xF9, 0x96, 0x63, 0x79, 0x4A, 0x35, 0x14, 0x95, 0x8C, 0x95, 0x38, 0x59, 0x97, 0x75, 0x12, 0x33,
    0x19, 0xA3, 0xAE, 0x70, 0x9C, 0x6D, 0xE2, 0x0A, 0xDA, 0x43, 0x12, 0x42, 0x05, 0x5C, 0xDE, 0x63,
    0x5B, 0xAE, 0x46, 0x1E, 0x6D, 0xB7, 0xB8, 0xC6, 0x0B, 0x57, 0x5B, 0x8F, 0x17, 0xDF, 0x05, 0x69,
    0x25, 0x34, 0x03, 0xA0, 0xD6, 0x0B, 0x20, 0x69, 0x73, 0x0B, 0x0A, 0x65, 0x2F, 0xB8, 0xFE, 0x3F,
    0xA0, 0x02, 0xC2, 0x07, 0x0E, 0xD4, 0x2F, 0x82, 0x0C, 0xAF, 0xFE, 0xFA, 0xFF, 0xC7, 0x33, 0x1F,
    0x0C, 0xA0, 0xC6, 0xF2, 0xF4, 0x1C, 0xB8, 0xD8, 0xCA, 0x9F, 0xE0, 0x2A, 0x87, 0x18, 0x16, 0xAC,
    0x28, 0xDE, 0x1F, 0xC8, 0x3E, 0x6B, 0x51, 0x72, 0x37, 0x48, 0x37, 0x47, 0xFE, 0x71, 0x87, 0x79,
    0x63, 0x64, 0xC5, 0x82, 0xD7, 0xB9, 0xBE, 0x75, 0xB2, 0x13, 0x9D, 0x8C, 0xE2, 0x24, 0x74, 0xD1,
    0x89, 0x17, 0x27, 0x65, 0x74, 0xD2, 0x88, 0x13, 0xF5, 0x99, 0x38, 0xC9, 0xFE, 0x5D, 0x9C, 0x68,
    0x27, 0x4E, 0xCA, 0xE8, 0x64, 0x14, 0x27, 0x69, 0x27, 0x4E, 0x72, 0x2F, 0x1E, 0x8C, 0x15, 0xCA,
    0x9D, 0x52, 0x0D, 0xC2, 0xAC, 0x15, 0x27, 0x3F, 0x72, 0xE2, 0x24, 0x44, 0x27, 0xA3, 0x38, 0x49,
    0xA3, 0x93, 0x3C, 0x3A, 0x31, 0xAF, 0x88, 0x93, 0xF9, 0xE7, 0x3E, 0x83, 0xAF, 0x01, 0x12, 0x10,
    0x8A, 0x16, 0x48, 0xD6, 0xA7, 0xEF, 0xB3, 0xED, 0x9E, 0x57, 0xD9, 0x1A, 0xD2, 0xF6, 0xDC, 0x90,
    0xB5, 0xCB, 0x09, 0x7E, 0x0E, 0xB9, 0x8B, 0x66, 0x8D, 0xA3, 0xB4, 0x7A, 0xB8, 0xB2, 0x21, 0x0D,
    0x61, 0x80, 0x45, 0xF0, 0xA0, 0xF6, 0xB9, 0x5F, 0x12, 0x41, 0x61, 0x81, 0x70, 0x7F, 0x8D, 0x34,
    0x55, 0x54, 0x7F, 0x81, 0x44, 0xB6, 0x40, 0xBE, 0x01, 0xF9, 0xB2, 0x86, 0x3B, 0x89, 0x07, 0xCB,
    0xDE, 0x85, 0xD1, 0x17, 0xBF, 0xE5, 0x17, 0xDA, 0x9D, 0x9C, 0x71, 0x91, 0x1E, 0x1D, 0x15, 0x10,
    0x55, 0x2D, 0xDC, 0xC9, 0x24, 0xD4, 0x1E, 0x78, 0xEC, 0x74, 0xA3, 0x07, 0xEC, 0x95, 0x90, 0x76,
    0x45, 0x45, 0xD6, 0x6A, 0x87, 0x76, 0x59, 0x4B, 0x51, 0xA5, 0x1D, 0x25, 0x6A, 0x60, 0x0E, 0x35,
    0x23, 0xCC, 0xD4, 0x00, 0x26, 0x6E, 0x0D, 0xFE, 0xD6, 0x43, 0xFE, 0xCF, 0x0E, 0xD2, 0x60, 0x21,
    0x09, 0x00, 0x6B, 0x41, 0xFD, 0xE5, 0xB1, 0x03, 0xB0, 0x7C, 0x00, 0x56, 0x07, 0xFB, 0x20, 0xFB,
    0x13, 0x41, 0xCF, 0x92, 0x64, 0x9C, 0xC0, 0x4A, 0x50, 0xFE, 0x3A, 0xAC, 0x27, 0x3C, 0x35, 0xCA,
    0x88, 0x76, 0xC2, 0xC6, 0xC6, 0x50, 0x0F, 0x44, 0xFC, 0x0B, 0x55, 0x21, 0x58, 0x72, 0xE9, 0x5C,
    0xF8, 0xAC, 0xA7, 0x84, 0x91, 0x39, 0xC4, 0x44, 0x35, 0x35, 0x8C, 0x13, 0xD2, 0x7E, 0x42, 0xE1,
    0x27, 0xAC, 0x98, 0x30, 0x4C, 0x50, 0x02, 0xD6, 0x82, 0xC6, 0xCB, 0xDD, 0xCD, 0x04, 0x15, 0x7C,
    0x0D, 0x79, 0x37, 0x21, 0x19, 0xEA, 0xC7, 0x2C, 0x43, 0xAD, 0xDD, 0x84, 0xDC, 0xAB, 0xBE, 0x4E,
    0xFB, 0xAC, 0xAB, 0x55, 0x90, 0x2E, 0x26, 0x58, 0x50, 0x7B, 0x00, 0xF0, 0x1A, 0xD0, 0x00, 0xA6,
    0x45, 0x0C, 0xC2, 0x2E, 0x70, 0x09, 0x00, 0x16, 0x1B, 0x92, 0x69, 0x84, 0xEE, 0x8B, 0xAE, 0x70,
    0xC9, 0x60, 0x60, 0xBC, 0x06, 0x23, 0x31, 0x6D, 0x18, 0x27, 0xDD, 0xA3, 0xF1, 0xD4, 0xA2, 0x7A,
    0x16, 0x97, 0xE4, 0x64, 0x2C, 0xC9, 0xC6, 0xD2, 0x9B, 0x5A, 0x87, 0xF5, 0x61, 0x12, 0xFA, 0x43,
    0xAE, 0x01, 0x00, 0x7C, 0x1D, 0x58, 0x43, 0xDE, 0xC3, 0xA2, 0x82, 0xD7, 0x81, 0x27, 0x38, 0xFF,
    0x3C, 0x99, 0x87, 0x72, 0x40, 0x8D, 0xA5, 0x4D, 0x7C, 0x56, 0x29, 0xB0, 0xE7, 0x9A, 0x63, 0x07,
    0x4B, 0xF8, 0xAE, 0x4B, 0x7E, 0x19, 0x6C, 0x5A, 0x2D, 0x81, 0x73, 0xF6, 0xF0, 0xC4, 0x25, 0x18,
    0x4C, 0xD4, 0xCF, 0x7B, 0x4F, 0x9F, 0x7F, 0xFC, 0xBC, 0x85, 0x59, 0x0D, 0xAF, 0x7D, 0x1D, 0xDE,
    0x7D, 0x5C, 0x5A, 0x79, 0x2F, 0xD7, 0xCF, 0x3B, 0xD7, 0xB6, 0xBC, 0xB2, 0xC1, 0x6C, 0x90, 0x98,
    0xEF, 0x4F, 0x61, 0xC9, 0x87, 0xE2, 0xB3, 0xBB, 0x4F, 0xF5, 0x68, 0x97, 0x04, 0xC7, 0x88, 0xB1,
    0x04, 0x38, 0xE2, 0x32, 0x6C, 0xA0, 0x04, 0x58, 0xC6, 0xB6, 0x09, 0x52, 0xC8, 0x43, 0x2C, 0x98,
    0x8F, 0x58, 0x03, 0x94, 0xC4, 0x96, 0x59, 0xEC, 0xBF, 0xC3, 0x94, 0x3F, 0x8E, 0x2F, 0xC9, 0x42,
    0xC5, 0xC8, 0xA4, 0xE3, 0x9F, 0xFA, 0xAC, 0x47, 0x87, 0x30, 0xA5, 0x6C, 0x49, 0xC2, 0xC0, 0x22,
    0x58, 0xB8, 0xB6, 0x9D, 0xF6, 0x0F, 0xE9, 0xF7, 0x60, 0xD5, 0x33, 0xA1, 0x15, 0x6C, 0x00, 0x82,
    0x07, 0x92, 0x0E, 0x50, 0x82, 0xAC, 0x85, 0x3C, 0x38, 0xB8, 0xF2, 0xF6, 0x99, 0xFF, 0xBB, 0x2C,
    0x2B, 0x20, 0xEF, 0x4F, 0x87, 0x15, 0x02, 0xC5, 0x59, 0xA5, 0x2D, 0xD9, 0xDD, 0x6C, 0x40, 0x3B,
    0x96, 0xA2, 0x20, 0x2A, 0x35, 0xEC, 0x42, 0x61, 0x17, 0x21, 0x84, 0x7B, 0x38, 0xA3, 0x94, 0xD8,
    0x2F, 0x8E, 0x20, 0xEB, 0x93, 0x91, 0x44, 0xFC, 0xB2, 0x10, 0xA5, 0xDB, 0x07, 0x41, 0x2E, 0x58,
    0x00, 0xE9, 0x1A, 0x28, 0xFC, 0xFD, 0x08, 0x4F, 0xF0, 0x88, 0x14, 0x24, 0x2D, 0x50, 0x6C, 0x80,
    0x55, 0xE1, 0xA0, 0x4B, 0x26, 0x58, 0xEC, 0xC3, 0x4F, 0xAE, 0x80, 0x23, 0x5D, 0x9D, 0xE4, 0x7D,
    0x3E, 0xB7, 0xC0, 0xA3, 0x30, 0xFD, 0x1E, 0x1B, 0x8C, 0x6C, 0x0E, 0x0F, 0xB9, 0x0A, 0xB9, 0xFB,
    0xA2, 0x83, 0xF8, 0x0B, 0x62, 0xDE, 0x2F, 0xEC, 0x1D, 0x2C, 0x5F, 0x72, 0x44, 0xD2, 0x51, 0x6C,
    0xC4, 0x59, 0x9F, 0x78, 0x0B, 0xF1, 0xCA, 0x6F, 0xFD, 0x42, 0x71, 0xA4, 0xDD, 0x4A, 0xBB, 0xDD,
    0xBC, 0xE2, 0x77, 0x0E, 0x12, 0x57, 0x4D, 0xCA, 0xA2, 0x02, 0xBD, 0xB1, 0xA8, 0xA6, 0x83, 0xF4,
    0x93, 0x21, 0x46, 0x07, 0x30, 0xF0, 0xD4, 0xE6, 0x2F, 0x2D, 0x21, 0x04, 0x97, 0x6E, 0xBE, 0x17,
    0x9C, 0x6E, 0x59, 0xF8, 0xC2, 0xA1, 0xDB, 0x12, 0xF2, 0x2E, 0x6E, 0x0B, 0xE6, 0x67, 0x31, 0x9B,
    0x20, 0x77, 0x33, 0x6F, 0x2A, 0xB4, 0xD3, 0x9E, 0xD2, 0x66, 0x77, 0xD5, 0x06, 0x15, 0xF7, 0x1F,
    0xE6, 0x64, 0xFF, 0xB1, 0x5D, 0xB1, 0x3F, 0x0E, 0x55, 0xEA, 0x56, 0xDC, 0x2F, 0x77, 0xE4, 0x3B,
    0xB3, 0x09, 0x7E, 0xF5, 0x49, 0xD1, 0x35, 0x55, 0x3A, 0x34, 0x30, 0xAE, 0x60, 0x5C, 0x42, 0x5D,
    0x7F, 0xC9, 0xBA, 0xFD, 0x66, 0xC3, 0x38, 0x20, 0xEF, 0x01, 0x9A, 0xD3, 0xAD, 0xAC, 0xFA, 0xB5,
    0x8B, 0x4D, 0x13, 0x17, 0x1B, 0x5B, 0x42, 0x51, 0xCD, 0x40, 0xBB, 0xF9, 0x09, 0xF2, 0x7B, 0x67,
    0xF1, 0x5A, 0x29, 0x90, 0xC5, 0xC6, 0x9E, 0x2C, 0x36, 0x57, 0xEE, 0x2F, 0x36, 0x65, 0xA8, 0xCE,
    0xEC, 0xAE, 0x72, 0x41, 0x69, 0x21, 0x59, 0x03, 0x45, 0x0B, 0x3C, 0x4B, 0xF4, 0xFE, 0x88, 0x14,
    0xA8, 0x1E, 0xD0, 0x1B, 0x60, 0xAE, 0x3D, 0xBC, 0xA7, 0x26, 0x58, 0x9E, 0x78, 0xE8, 0xC9, 0x2F,
    0xB3, 0x07, 0xA5, 0xEF, 0xE0, 0x1F, 0x82, 0x87, 0xD6, 0x58, 0xE0, 0x11, 0x98, 0xBE, 0xA4, 0x80,
    0x99, 0x76, 0xB0, 0x10, 0x9C, 0xFE, 0x75, 0x3C, 0x7C, 0xBF, 0x50, 0x38, 0x30, 0x2E, 0xB6, 0x28,
    0x00, 0x58, 0x84, 0xD0, 0x4E, 0xB5, 0xBB, 0x71, 0xFB, 0xF6, 0x31, 0x00, 0x8F, 0xD9, 0xD8, 0x27,
    0x56, 0x6D, 0xCF, 0x48, 0xFB, 0x73, 0xA7, 0x64, 0xC9, 0x4A, 0xD7, 0x5F, 0xDD, 0xA0, 0x5B, 0x02,
    0xA6, 0x4A, 0x83, 0x2D, 0xC9, 0xFF, 0xD5, 0x95, 0x18, 0x51, 0x75, 0x38, 0xA9, 0x52, 0xFD, 0x84,
    0xD4, 0xE7, 0x6E, 0xA6, 0xAB, 0x49, 0xDA, 0x4C, 0xA4, 0x8D, 0x22, 0xAD, 0x63, 0x41, 0x3E, 0x5C,
    0x59, 0x53, 0x88, 0xB4, 0x23, 0x73, 0x66, 0x1E, 0xB4, 0xC0, 0x1A, 0x58, 0x54, 0x90, 0xF5, 0x40,
    0x7D, 0xBA, 0x9B, 0x1C, 0x60, 0x18, 0x61, 0xFC, 0x72, 0x55, 0x4D, 0x35, 0x1D, 0x17, 0xB2, 0xAB,
    0x98, 0xF2, 0x16, 0x61, 0x1C, 0xB3, 0xD0, 0x8E, 0xDB, 0x5D, 0xC5, 0xEB, 0x90, 0x8C, 0x50, 0xB4,
    0xD0, 0x00, 0x3D, 0x50, 0x71, 0xFE, 0x79, 0xF2, 0x0A, 0x9A, 0x9E, 0xB4, 0x5F, 0x91, 0x56, 0x1A,
    0x50, 0xE7, 0x9B, 0xC3, 0x42, 0xD2, 0x1D, 0xC5, 0xF8, 0xAA, 0x7D, 0x1E, 0x78, 0x08, 0x1E, 0x20,
    0xAB, 0x00, 0x33, 0x41, 0x6D, 0x80, 0xBC, 0x03, 0xB4, 0xDD, 0x6E, 0xF3, 0x21, 0xAE, 0xA5, 0xC6,
    0x92, 0xFB, 0x22, 0xAE, 0xA5, 0x0E, 0x63, 0xB3, 0x96, 0x92, 0xB4, 0xE3, 0x88, 0xA4, 0x47, 0x12,
    0xA9, 0xE1, 0xE4, 0xE7, 0xA4, 0x59, 0xDA, 0x42, 0x99, 0x3B, 0x28, 0x7E, 0x34, 0x41, 0xFF, 0xA7,
    0x85, 0x2C, 0xDC, 0xDF, 0x3F, 0x30, 0x02, 0xD2, 0x17, 0xE9, 0x8B, 0xF4, 0x45, 0xFA, 0xA2, 0x05,
    0xC6, 0x02, 0x25, 0xC0, 0x91, 0x60, 0x1F, 0xA8, 0xF9, 0x62, 0x14, 0xA1, 0x92, 0xC5, 0xBA, 0x63,
    0x75, 0xF7, 0x85, 0x91, 0xC6, 0xD3, 0xD0, 0x58, 0x4A, 0xDB, 0x48, 0xD8, 0x65, 0x84, 0x64, 0xA9,
    0x27, 0xF8, 0x78, 0x16, 0xAF, 0xAD, 0x04, 0x8D, 0x58, 0x6F, 0x1C, 0x0B, 0x1A, 0x99, 0xB5, 0xB5,
    0xCC, 0xDA, 0xDA, 0x48, 0x3C, 0xF6, 0xBF, 0x28, 0xEF, 0x8E, 0x80, 0x4B, 0x82, 0x32, 0xF3, 0x13,
    0xFE, 0xA2, 0x85, 0xA7, 0x53, 0x07, 0x5C, 0x88, 0x47, 0xF7, 0x3F, 0xDD, 0xDA, 0x31, 0xAC, 0xEC,
    0xD6, 0x9D, 0xDF, 0xF1, 0x0F, 0x49, 0xBD, 0xC7, 0x58, 0x04, 0x44, 0x15, 0x4F, 0x08, 0x62, 0xAD,
    0x4D, 0x17, 0x29, 0x02, 0x43, 0x6B, 0x36, 0x29, 0x54, 0xE8, 0x5D, 0x32, 0x71, 0x99, 0xE6, 0x05,
    0xD0, 0x43, 0x0A, 0x17, 0x9B, 0x22, 0x95, 0x5D, 0x78, 0x0B, 0x17, 0x0E, 0xF0, 0xEE, 0x1D, 0x2E,
    0x52, 0xB8, 0x48, 0x91, 0x57, 0x25, 0xAD, 0x0A, 0x05, 0xB0, 0x5F, 0x0A, 0xBB, 0xD8, 0x42, 0x09,
    0x66, 0xEE, 0xD0, 0x9B, 0x1E, 0x61, 0x90, 0x1E, 0x4B, 0xC7, 0x1B, 0xEC, 0x62, 0x9B, 0xE5, 0x02,
    0x63, 0x60, 0xE4, 0xE5, 0xCC, 0x09, 0x8F, 0xE6, 0xDE, 0x81, 0x9E, 0xEC, 0x48, 0x92, 0x73, 0xFD,
    0xF4, 0xB0, 0x87, 0xE7, 0xFF, 0x1D, 0xCE, 0x99, 0xFF, 0x39, 0xE4, 0xFF, 0x47, 0x0E, 0x79, 0x0E,
    0x0F, 0x7D, 0xF7, 0xD9, 0x33, 0x6C, 0x43, 0xC0, 0xE3, 0xC7, 0x8F, 0x7D, 0x22, 0x3D, 0x00, 0x5B,
    0x10, 0x20, 0x09, 0x1D, 0xB2, 0xD0, 0x47, 0xFE, 0xE5, 0x80, 0xE2, 0xBF, 0x8F, 0x28, 0xFF, 0x6C,
    0x42, 0xF5, 0x27, 0x3B, 0xD4, 0x66, 0x34, 0xD6, 0xB8, 0x74, 0x85, 0x59, 0x83, 0xBD, 0xBA, 0x95,
    0xEE, 0x94, 0x9D, 0xEC, 0x57, 0x8F, 0xFF, 0xA8, 0x97, 0x85, 0x10, 0x06, 0xC5, 0xC2, 0x51, 0xD9,
    0xCB, 0x26, 0x55, 0x27, 0xD9, 0xA9, 0xCF, 0x55, 0xD6, 0x2E, 0x71, 0x75, 0x6A, 0x30, 0x7A, 0x8E,
    0xE5, 0x62, 0x3E, 0x9E, 0x56, 0x47, 0xE9, 0xD2, 0x4C, 0xB9, 0xAB, 0xA6, 0xAA, 0x4F, 0xF7, 0x35,
    0xF3, 0x1B, 0xCC, 0x58, 0xDB, 0x86, 0x79, 0xA9, 0x33, 0xD7, 0x83, 0x75, 0xC3, 0x7C, 0xC1, 0x7C,
    0x25, 0x9D, 0x1B, 0xF9, 0xDC, 0x0C, 0xF5, 0xBA, 0x0C, 0x87, 0x27, 0x69, 0xD8, 0x3D, 0xF1, 0x06,
    0x80, 0xB7, 0xBC, 0x83, 0xAF, 0xFB, 0x21, 0xCA, 0xFF, 0xB8, 0x43, 0x1E, 0x46, 0x78, 0xD6, 0xBE,
    0xAC, 0xAA, 0x24, 0x5D, 0xDA, 0xA6, 0x7D, 0xD6, 0x25, 0x53, 0xD9, 0x0A, 0x81, 0x7A, 0x7F, 0xF7,
    0xEA, 0xBC, 0x64, 0x31, 0x23, 0x39, 0x40, 0x3E, 0x40, 0xD9, 0x8A, 0x24, 0xF2, 0x4F, 0xA0, 0x08,
    0x90, 0xFC, 0xB7, 0xBB, 0x52, 0x61, 0xED, 0x8D, 0x7C, 0x47, 0xD5, 0xF2, 0x10, 0xEF, 0xE0, 0xE2,
    0x15, 0xEA, 0x99, 0xFB, 0x7F, 0x05, 0xE0, 0x1B, 0x90, 0xEC, 0xA0, 0x98, 0x60, 0xD5, 0x21, 0xDD,
    0x43, 0xD2, 0x73, 0x4E, 0xDF, 0x7D, 0x1F, 0x45, 0x8C, 0xD9, 0xEA, 0x18, 0xF6, 0x92, 0xD0, 0xA6,
    0x07, 0xD9, 0x8E, 0x95, 0x72, 0xA4, 0xEE, 0xAA, 0x9E, 0xB2, 0xAF, 0x5B, 0xEE, 0x77, 0x0D, 0xB8,
    0x00, 0x57, 0x9C, 0x79, 0xF9, 0x1B, 0x25, 0x0D, 0x67, 0xD6, 0x2D, 0x45, 0x5F, 0x7E, 0xD4, 0x4E,
    0x31, 0xD1, 0x74, 0xD9, 0xCC, 0x96, 0xF0, 0xB4, 0x98, 0xA9, 0x43, 0x98, 0xB8, 0x1F, 0x42, 0x8B,
    0x7B, 0x8F, 0x00, 0x14, 0xB0, 0x42, 0xF4, 0x56, 0x0F, 0x78, 0x08, 0xAF, 0x03, 0xA8, 0x43, 0x2B,
    0x89, 0xB5, 0xF3, 0xC3, 0x3F, 0x9C, 0x95, 0x83, 0x6B, 0x75, 0xA7, 0xD1, 0xF0, 0x55, 0x17, 0x70,
    0xF5, 0x3C, 0x2E, 0xA0, 0xE1, 0x9E, 0xBA, 0x55, 0xC7, 0x1A, 0x2B, 0xF9, 0x3E, 0x9D, 0x63, 0x2B,
    0x3B, 0xEA, 0xD0, 0x91, 0xBC, 0x0B, 0xAF, 0x81, 0xBA, 0x13, 0xD9, 0xC2, 0xBD, 0x97, 0x5E, 0xB5,
    0x16, 0xD9, 0x74, 0x8B, 0x74, 0x84, 0x17, 0xA1, 0x15, 0xF8, 0x8A, 0x7B, 0x28, 0xBA, 0x0B, 0x64,
    0xBF, 0x9E, 0x61, 0x35, 0xC0, 0xAB, 0x2F, 0xBB, 0x6E, 0xAD, 0x96, 0x31, 0xED, 0x39, 0x54, 0x3D,
    0xD5, 0xE1, 0x45, 0x8B, 0x77, 0x5F, 0x4A, 0x3E, 0xD4, 0xA4, 0x1F, 0x1E, 0xD0, 0x8C, 0xB8, 0x0F,
    0xF0, 0xC6, 0xE3, 0x96, 0x6D, 0x08, 0x5D, 0xC4, 0xDE, 0xC6, 0xFD, 0xB0, 0x40, 0xDD, 0x2F, 0x28,
    0xC6, 0x05, 0xD9, 0xB4, 0x20, 0xD9, 0x2F, 0x30, 0x9F, 0xB1, 0x8E, 0xD8, 0x3C, 0x8F, 0xF5, 0x73,
    0x2E, 0xE9, 0xFE, 0xB6, 0x6E, 0x39, 0x2E, 0x58, 0xF5, 0xD7, 0x8F, 0xBF, 0x73, 0x8C, 0xDB, 0xD8,
    0x2D, 0x38, 0xB6, 0xCE, 0x29, 0xFB, 0xE5, 0xE4, 0xCC, 0xFF, 0xBD, 0x8B, 0x1C, 0xFF, 0x38, 0xF2,
    0x17, 0xA7, 0xF2, 0x2E, 0x72, 0xA4, 0x3E, 0x7E, 0x7B, 0x8C, 0xF1, 0xFD, 0x72, 0x94, 0x1F, 0xFE,
    0xD5, 0xDF, 0x8D, 0xCA, 0xD1, 0x6A, 0x54, 0x77, 0xEA, 0x51, 0x43, 0x19, 0xA9, 0x18, 0x5D, 0x91,
    0x3F, 0xCF, 0x0B, 0x8A, 0x5B, 0x9F, 0xBA, 0x53, 0x8D, 0xCA, 0x41, 0x33, 0xCA, 0x3F, 0x4C, 0xC3,
    0x28, 0x8D, 0x6D, 0xB2, 0x0A, 0x4B, 0xFB, 0x92, 0x47, 0x48, 0x1E, 0x3F, 0x46, 0x16, 0xC2, 0x41,
    0x64, 0x18, 0x65, 0x93, 0x37, 0xF7, 0x91, 0x8E, 0x22, 0x9B, 0x36, 0xB2, 0xEC, 0x23, 0x8B, 0x21,
    0x32, 0x1F, 0x23, 0xB3, 0xE9, 0xC4, 0x28, 0xE8, 0x2D, 0xBF, 0xF7, 0xEB, 0x67, 0xED, 0x6D, 0xF9,
    0x99, 0xD1, 0xFF, 0xDC, 0x42, 0x15, 0x69, 0x65, 0x61, 0x7A, 0x88, 0x77, 0x8A, 0x9F, 0xEE, 0xC4,
    0xED, 0xF6, 0x91, 0x7F, 0xC1, 0x49, 0x81, 0x33, 0xF3, 0xC8, 0x32, 0x84, 0x33, 0x63, 0xF9, 0x8B,
    0x57, 0xE9, 0xD5, 0x67, 0xCF, 0x9E, 0xC6, 0x5E, 0xCA, 0xBD, 0xC7, 0x8F, 0x5B, 0xE7, 0xB3, 0xE9,
    0xF1, 0xBB, 0x4B, 0xD4, 0x73, 0xB4, 0x0D, 0x3E, 0xCD, 0x16, 0x9F, 0x29, 0xDA, 0xF5, 0xE3, 0xC7,
    0x8F, 0x3E, 0xCD, 0xEF, 0xFA, 0x63, 0x6D, 0x66, 0x21, 0xEC, 0x44, 0xC0, 0x6F, 0xFB, 0x0F, 0xC5,
    0xDD, 0xCD, 0xF7, 0xCA, 0xDE, 0x46, 0xDD, 0x6A, 0x34, 0xD4, 0x1E, 0x52, 0xB5, 0xAB, 0x10, 0xC2,
    0x09, 0xCF, 0xFD, 0x87, 0x88, 0x7E, 0xA7, 0x1A, 0xF9, 0x2E, 0x9D, 0x63, 0xA4, 0x13, 0xAB, 0xD0,
    0xDD, 0xC4, 0x89, 0xAC, 0xCF, 0xDB, 0xAC, 0x2F, 0xDA, 0xE4, 0xC3, 0x15, 0xDB, 0x99, 0x37, 0xDF,
    0x7B, 0x21, 0xE1, 0x7A, 0xAA, 0x63, 0x4A, 0x07, 0x3E, 0xC8, 0x7B, 0x9A, 0xD0, 0x52, 0x1D, 0x5E,
    0x50, 0xE0, 0x79, 0x47, 0x39, 0x50, 0xF4, 0x24, 0x5E, 0x4C, 0xC0, 0x1F, 0xBB, 0xCB, 0xEC, 0x90,
    0x8C, 0x2F, 0x24, 0xD6, 0x17, 0x10, 0x57, 0x31, 0x52, 0xE3, 0x1D, 0x3C, 0xC1, 0xE5, 0x6D, 0xAF,
    0xEA, 0x2F, 0x7E, 0x8F, 0xA1, 0xA5, 0x07, 0xE4, 0x03, 0xCA, 0x36, 0xE2, 0xDC, 0x6F, 0x2C, 0x42,
    0xEB, 0xDC, 0x6B, 0x4C, 0xA5, 0x6D, 0x36, 0x56, 0x6D, 0x72, 0xB8, 0xA6, 0x9E, 0x48, 0xDB, 0x17,
    0x73, 0xB0, 0x5B, 0x98, 0xD2, 0x9E, 0xEB, 0xAA, 0xA7, 0x3A, 0x22, 0x7D, 0x41, 0x47, 0x1C, 0x90,
    0x75, 0x79, 0x4B, 0xD6, 0x17, 0x48, 0x3F, 0xDC, 0xC2, 0x76, 0x86, 0x37, 0x9F, 0x3A, 0xA7, 0xEF,
    0xFE, 0xE7, 0x73, 0xBF, 0xA2, 0x89, 0xFB, 0x2D, 0xB4, 0x69, 0x90, 0xED, 0x69, 0xBA, 0x62, 0xA4,
    0xEC, 0xCB, 0x9E, 0x62, 0xAC, 0xDB, 0xD8, 0x76, 0x03, 0x22, 0xCF, 0x3D, 0x8A, 0xA8, 0xE5, 0xA3,
    0x85, 0xAB, 0xB0, 0xBB, 0xE2, 0x9B, 0xFF, 0x25, 0x52, 0xBA, 0x6B, 0x90, 0xDD, 0xB0, 0xEE, 0xC8,
    0x77, 0x65, 0x4F, 0xB9, 0x2B, 0x26, 0xEA, 0x5D, 0x36, 0x73, 0xBD, 0x13, 0x9E, 0xBE, 0xF9, 0xE1,
    0x4E, 0x1D, 0xC2, 0x2F, 0x76, 0xEE, 0x87, 0x63, 0xB2, 0x3B, 0xF5, 0x2B, 0xE2, 0x68, 0x48, 0xDA,
    0xE7, 0x9D, 0x38, 0x1E, 0x22, 0x04, 0xCF, 0x8F, 0x88, 0xB0, 0x8A, 0xF7, 0x9F, 0xB0, 0xA0, 0xD8,
    0x55, 0xBF, 0x52, 0x76, 0xD9, 0xA4, 0xBE, 0x19, 0x6D, 0xEC, 0x4E, 0x6B, 0x55, 0x9B, 0xEE, 0x94,
    0x7D, 0x3E, 0xC9, 0x8F, 0xDB, 0xDE, 0xE2, 0xDC, 0x2A, 0xFF, 0xFA, 0x7D, 0x1A, 0xD8, 0x3E, 0x45,
    0x1D, 0x8E, 0xAD, 0x78, 0x9D, 0x57, 0xB7, 0xDF, 0xD9, 0xBB, 0x64, 0xB6, 0x66, 0x13, 0x71, 0x69,
    0xC3, 0xDA, 0xAA, 0x4D, 0xF7, 0xEA, 0x5F, 0xFF, 0x74, 0x92, 0x87, 0xD0, 0xDD, 0xF4, 0xC3, 0xE4,
    0x1D, 0x94, 0x83, 0xC8, 0x1E, 0x12, 0x2F, 0xB7, 0xA6, 0x92, 0xF3, 0x50, 0xAB, 0x18, 0x91, 0xF5,
    0x2F, 0x91, 0x9C, 0x2F, 0xA3, 0x60, 0x0B, 0x5B, 0x28, 0x7B, 0x67, 0xA6, 0x83, 0xC8, 0x1E, 0xF2,
    0x48, 0xAF, 0x41, 0x32, 0x22, 0x7F, 0x8A, 0x42, 0xC4, 0xD3, 0x88, 0x11, 0xF9, 0xF8, 0xD2, 0x88,
    0x9C, 0xB4, 0xDC, 0x93, 0x0F, 0x54, 0xED, 0x6F, 0x72, 0x1B, 0x96, 0xB4, 0x3F, 0xF1, 0x7B, 0x7F,
    0xFD, 0xEC, 0xD9, 0x4F, 0xDF, 0xFF, 0x2D, 0x9E, 0xF1, 0xD7, 0x5B, 0xFE, 0x9F, 0xC7, 0x8F, 0xBF,
    0x7F, 0x2A, 0xFF, 0x1D, 0x99, 0x8D, 0x88, 0x90, 0x4F, 0xD8, 0x86, 0xDD, 0x09, 0xB1, 0xEC, 0x8C,
    0xED, 0x5E, 0xF6, 0xCB, 0x10, 0x64, 0xE1, 0x7F, 0x6E, 0xBB, 0xEC, 0xA0, 0xEC, 0xB3, 0xFD, 0xA9,
    0x4F, 0x9A, 0x8D, 0x27, 0x8C, 0x5F, 0x14, 0xF7, 0xDB, 0x6F, 0x34, 0xD3, 0xF4, 0x6F, 0xB7, 0xE3,
    0x7B, 0x6F, 0xB6, 0xF0, 0x48, 0xBA, 0xBB, 0x83, 0x9C, 0xB4, 0x0F, 0xAA, 0xDD, 0xDB, 0x0F, 0xB7,
    0xD3, 0x3F, 0x2D, 0x07, 0xC0, 0xFA, 0x0B, 0xE7, 0x67, 0xCF, 0x7E, 0x12, 0xC2, 0xF1, 0xFC, 0x08,
    0xCF, 0x03, 0x36, 0x77, 0x90, 0x9B, 0x10, 0xDA, 0xC5, 0x3A, 0x1F, 0x4F, 0xF5, 0x1D, 0x18, 0x93,
    0xF1, 0x4F, 0xD3, 0xE1, 0xEA, 0x3B, 0x7D, 0x1D, 0xDA, 0xFB, 0x3F, 0x76, 0x87, 0x82, 0x3E, 0xD5,
    0x4D, 0xC9, 0xF0, 0x41, 0xDE, 0x37, 0xA1, 0x2B, 0x8F, 0x80, 0x74, 0xFA, 0xC2, 0xD9, 0x03, 0x9B,
    0x2F, 0xB2, 0xE4, 0xBB, 0xAA, 0x7D, 0xE8, 0xA1, 0x0B, 0xD5, 0x21, 0xFD, 0xB1, 0xD7, 0xAD, 0x1D,
    0xFC, 0x10, 0xAC, 0x3F, 0x63, 0x99, 0x4F, 0x75, 0xDF, 0x71, 0xF1, 0x4A, 0x3D, 0xDF, 0xFF, 0xAB,
    0xB7, 0xAF, 0x37, 0x0F, 0x3C, 0xD8, 0xFC, 0xF6, 0xB4, 0xFE, 0x64, 0x7A, 0x80, 0x47, 0x1B, 0xEC,
    0xEF, 0x12, 0xF7, 0x22, 0xEA, 0x76, 0x41, 0xD5, 0x25, 0xFB, 0x4D, 0xD9, 0x67, 0xBB, 0x4D, 0xB1,
    0xAB, 0xA6, 0x4D, 0x16, 0x42, 0xBF, 0xB1, 0x3D, 0x9E, 0x9F, 0x80, 0x5C, 0x26, 0xBB, 0x90, 0xCD,
    0xD7, 0xD9, 0xFE, 0x9F, 0x78, 0x0F, 0xDC, 0x14, 0x7E, 0xD1, 0xEC, 0x9C, 0xD3, 0x9D, 0x7C, 0x12,
    0x46, 0xA1, 0xF3, 0xAE, 0x07, 0xBC, 0x61, 0xC3, 0x76, 0x41, 0x3A, 0x2F, 0x28, 0xA6, 0x05, 0x55,
    0xBF, 0x60, 0xC5, 0x26, 0x99, 0x17, 0xE4, 0xD3, 0x82, 0x72, 0x58, 0xD0, 0xB4, 0x0B, 0x02, 0xB6,
    0xA1, 0x5F, 0xF0, 0x37, 0xC3, 0x82, 0x1F, 0x4D, 0x5C, 0xA7, 0x7B, 0x36, 0x0E, 0x6E, 0xAA, 0xA9,
    0xBB, 0x05, 0xE5, 0x70, 0xDB, 0x5E, 0xB6, 0x5F, 0x90, 0xCC, 0xB7, 0x1B, 0xD2, 0xB4, 0x9C, 0x2F,
    0xE5, 0xE5, 0x70, 0x8B, 0xE4, 0x8C, 0xBC, 0xC7, 0xAB, 0x58, 0x7F, 0xAA, 0x55, 0xDD, 0xDA, 0xCA,
    0x3A, 0x99, 0xAD, 0xB3, 0xC9, 0xBA, 0x1C, 0xAC, 0x9B, 0xD6, 0xE6, 0xC0, 0x76, 0xC7, 0x76, 0xCF,
    0xFA, 0x20, 0x96, 0x9D, 0x7E, 0xCB, 0xA7, 0x93, 0xAF, 0xAD, 0xB5, 0xBA, 0x5F, 0x2B, 0x26, 0xF0,
    0x00, 0xCD, 0x8D, 0x95, 0x37, 0xF6, 0x2D, 0xBC, 0x0D, 0xF0, 0x15, 0xB8, 0x44, 0x7A, 0x40, 0x35,
    0xE2, 0x0A, 0x7E, 0x00, 0x20, 0x69, 0x51, 0x0C, 0x2F, 0x0A, 0x21, 0x84, 0x13, 0xF0, 0x56, 0x32,
    0x17, 0xBB, 0x55, 0xFB, 0x81, 0x16, 0x45, 0xFF, 0xC5, 0x96, 0x07, 0xD8, 0xDC, 0xBD, 0x9D, 0x3B,
    0xE7, 0x67, 0x71, 0x8A, 0xE1, 0x64, 0xC9, 0x8D, 0xE5, 0x3D, 0xAF, 0xB2, 0xFE, 0x7F, 0x24, 0xEF,
    0xCE, 0x87, 0xAF, 0xFD, 0xC1, 0x93, 0x11, 0x1E, 0x64, 0x93, 0x4D, 0xB4, 0x74, 0x67, 0xE3, 0x8F,
    0x6D, 0x92, 0xF8, 0xBD, 0xBB, 0xC3, 0x7D, 0x5C, 0x5F, 0xAD, 0x57, 0xEB, 0xEF, 0xAF, 0xCB, 0xF5,
    0x1F, 0xAE, 0x7F, 0xB0, 0xF6, 0xD9, 0xCB, 0x17, 0x53, 0x2D, 0x2E, 0xC1, 0xC6, 0xB5, 0x8D, 0x07,
    0x9F, 0x6B, 0x8F, 0xD6, 0x7C, 0x46, 0xAE, 0xBA, 0x75, 0xD3, 0xAF, 0xEB, 0x6E, 0x7D, 0xEF, 0xD3,
    0xDC, 0x3C, 0x42, 0x3A, 0x7D, 0x4E, 0xFC, 0xED, 0xCF, 0x48, 0xC3, 0x44, 0x1E, 0x3A, 0x56, 0x3B,
    0x0B, 0x3E, 0x6F, 0xDD, 0x5D, 0x44, 0x08, 0xA1, 0xFF, 0x08, 0xD9, 0xE8, 0xB7, 0xE7, 0x20, 0x0F,
    0xB1, 0xE5, 0xED, 0xE8, 0x3F, 0x8D, 0xB2, 0xCF, 0xCA, 0x80, 0xA4, 0x43, 0xD1, 0x63, 0xD5, 0x91,
    0x1D, 0x50, 0x0E, 0x78, 0x0D, 0xE0, 0x01, 0x1E, 0x6D, 0x49, 0xF6, 0xDB, 0x2E, 0xA2, 0x8F, 0x98,
    0x22, 0xF6, 0x0B, 0x36, 0x73, 0x44, 0x13, 0x51, 0x9F, 0x2E, 0xB7, 0x0B, 0xB2, 0x69, 0x41, 0xBA,
    0x5F, 0x60, 0x8E, 0x58, 0x45, 0xD4, 0xFF, 0x6C, 0x41, 0xF9, 0xF3, 0x05, 0xF9, 0xDF, 0x2E, 0x48,
    0x7F, 0xB5, 0xC0, 0x21, 0x62, 0x15, 0x51, 0x47, 0x94, 0x11, 0x79, 0x44, 0xBA, 0x07, 0xBE, 0x86,
    0x63, 0x2C, 0xA3, 0xE9, 0x78, 0x82, 0xD7, 0x81, 0x0F, 0xAA, 0xA3, 0xF5, 0x36, 0x0C, 0xD7, 0xBF,
    0xAA, 0xA6, 0x6D, 0x97, 0xED, 0xB7, 0xCC, 0xD7, 0xCC, 0x1B, 0xD6, 0xEB, 0xCF, 0x69, 0x5F, 0x6E,
    0x6C, 0xDE, 0x85, 0xF9, 0x8C, 0xB7, 0xCE, 0xF8, 0x00, 0xC6, 0xBB, 0x8B, 0xF3, 0x7C, 0x43, 0x28,
    0xFB, 0x93, 0xA5, 0x37, 0x56, 0x74, 0x9C, 0x8F, 0xF4, 0x37, 0x96, 0xC5, 0xC3, 0x64, 0xA2, 0xFA,
    0xF3, 0x81, 0xF4, 0x08, 0xFF, 0xE6, 0xCB, 0x3F, 0x0D, 0xDA, 0x64, 0xC8, 0xBB, 0x64, 0xAE, 0x5B,
    0xF5, 0x4C, 0x3E, 0xE0, 0xEF, 0xC5, 0x29, 0x90, 0x7C, 0x02, 0x3B, 0x64, 0x11, 0x61, 0x8A, 0xE8,
    0xF1, 0xEE, 0x9D, 0xC5, 0xE9, 0x79, 0x9B, 0x49, 0x66, 0x56, 0x3B, 0x56, 0x23, 0x0F, 0x4E, 0xCF,
    0x7F, 0x9D, 0x46, 0x59, 0x96, 0x67, 0xC0, 0x8F, 0xE0, 0x93, 0x93, 0x31, 0xF9, 0x73, 0xE3, 0xD5,
    0x24, 0xC8, 0xF6, 0xD4, 0x7D, 0x31, 0x52, 0x0E, 0x65, 0x4F, 0x36, 0xD5, 0xED, 0xED, 0x28, 0xD4,
    0x7C, 0x21, 0xF2, 0x4A, 0xE4, 0x25, 0xAC, 0x4F, 0xBC, 0x72, 0xE6, 0xDC, 0x9C, 0x99, 0xEC, 0xAB,
    0x2E, 0xD6, 0x2D, 0x7B, 0xF2, 0x29, 0x9F, 0x28, 0x87, 0x74, 0x66, 0xD5, 0x09, 0x4F, 0xF3, 0x23,
    0x75, 0x08, 0x3B, 0xD2, 0x10, 0xBA, 0x9B, 0x2E, 0x5C, 0x16, 0xC2, 0xFE, 0x04, 0x7C, 0xFA, 0x14,
    0xCC, 0x56, 0xDD, 0x69, 0xDA, 0x86, 0xAA, 0xBB, 0xA0, 0xEC, 0xAF, 0x6E, 0x50, 0x9C, 0xD6, 0x2E,
    0x22, 0x9A, 0x88, 0xBA, 0x55, 0xB7, 0x37, 0x53, 0x30, 0xF7, 0x6F, 0xA7, 0x60, 0x9A, 0x4F, 0xCC,
    0x5F, 0x65, 0x7D, 0xD6, 0x91, 0x0E, 0x45, 0x4B, 0xF2, 0xE1, 0xF7, 0x61, 0x7B, 0x80, 0xAF, 0xBE,
    0xF7, 0x72, 0x4B, 0xE6, 0x5F, 0x7B, 0xCA, 0xCF, 0x92, 0x91, 0x27, 0xD9, 0x40, 0x13, 0x7A, 0x8A,
    0xE3, 0x0B, 0x15, 0x4F, 0xF9, 0xEF, 0x46, 0x54, 0x79, 0x8F, 0x3F, 0x2C, 0x5A, 0xBC, 0x53, 0xC2,
    0x9F, 0xBE, 0xF5, 0x92, 0x8B, 0xA7, 0x7D, 0x9D, 0x6C, 0xD8, 0x93, 0xFF, 0x3C, 0xFA, 0x7F, 0x7B,
    0xA0, 0xCC, 0x3B, 0xFE, 0xD1, 0xFD, 0x17, 0x20, 0xDE, 0x57, 0xDF, 0xF7, 0x46, 0xFC, 0x63, 0x46,
    0x55, 0x56, 0x21, 0x4C, 0x51, 0x98, 0x7D, 0x5C, 0x89, 0xDA, 0x1C, 0x2F, 0x39, 0xC9, 0x73, 0xC0,
    0x47, 0x0A, 0x1D, 0xF0, 0x91, 0x48, 0x07, 0xD4, 0x2D, 0xC9, 0x01, 0x0D, 0x3C, 0xB7, 0x72, 0x05,
    0x1B, 0x5C, 0xC2, 0x36, 0x84, 0xFE, 0xBC, 0x72, 0xE5, 0xF4, 0x90, 0xB7, 0x3D, 0xFB, 0xFC, 0x66,
    0xF5, 0x8F, 0x54, 0xBC, 0xED, 0x37, 0xE4, 0x07, 0x7C, 0xA4, 0xE5, 0xC1, 0xA9, 0x78, 0xB5, 0x81,
    0xED, 0x90, 0x1F, 0xAE, 0xE2, 0xCE, 0x57, 0x4B, 0x54, 0x71, 0x9F, 0xA3, 0xAE, 0x6D, 0x5C, 0xB9,
    0x95, 0x16, 0xCE, 0x12, 0xA6, 0x61, 0x14, 0x55, 0xAC, 0xC3, 0x41, 0x14, 0x72, 0xFB, 0x2F, 0xB7,
    0x6D, 0xD4, 0x72, 0xAF, 0xEC, 0xA3, 0x9C, 0x93, 0x7C, 0x6C, 0xA8, 0x06, 0xD9, 0xF4, 0x91, 0x80,
    0xD2, 0x29, 0xAA, 0x19, 0x42, 0x88, 0x9F, 0xC5, 0xCD, 0x67, 0x39, 0xE0, 0xF4, 0x3B, 0xCD, 0xE9,
    0x7B, 0x1B, 0x65, 0x9E, 0x64, 0x63, 0x54, 0x3A, 0xB6, 0x17, 0xC5, 0x0E, 0xED, 0xAA, 0x8B, 0xDB,
    0x6B, 0xC2, 0x51, 0x94, 0x3C, 0x0F, 0xBB, 0x9B, 0x99, 0x04, 0x00, 0xFF, 0x00, 0xD6, 0xC8, 0xCF,
    0x2F, 0x18, 0x1C, 0xE0, 0xBD, 0x4F, 0x4E, 0xBD, 0xB6, 0x11, 0xA3, 0x8D, 0x7C, 0xBF, 0xC0, 0x21,
    0xE2, 0x2A, 0xA2, 0x71, 0xC6, 0xB9, 0xEC, 0x70, 0xF2, 0x8B, 0x35, 0x22, 0xDA, 0x45, 0xEC, 0xF3,
    0x48, 0x4F, 0xD3, 0xDE, 0x8E, 0x17, 0xCB, 0x21, 0xFA, 0x4D, 0x0B, 0xB2, 0xDD, 0x79, 0xB8, 0x77,
    0x88, 0x58, 0x81, 0xBC, 0x53, 0xF7, 0xC9, 0x51, 0x31, 0x29, 0xDB, 0xD3, 0xAE, 0xFA, 0xA0, 0x18,
    0xD7, 0xAB, 0x71, 0x13, 0x9E, 0x6E, 0x07, 0x5B, 0xAE, 0xD9, 0xB0, 0xFE, 0x94, 0xFC, 0xA5, 0x86,
    0x70, 0x1E, 0xB1, 0xF6, 0xB7, 0x48, 0x87, 0x88, 0x1E, 0x79, 0xC4, 0x6B, 0x7E, 0xD7, 0xA8, 0xF0,
    0x2E, 0x33, 0x07, 0xBE, 0xC6, 0x1F, 0xF0, 0x84, 0x11, 0x90, 0x4A, 0xC9, 0xC6, 0x8A, 0x38, 0x5F,
    0x42, 0x3D, 0x21, 0x6D, 0xBF, 0xF4, 0x63, 0xFA, 0xFA, 0xDB, 0xA6, 0xE6, 0x5F, 0x8C, 0x45, 0x68,
    0x7D, 0xE0, 0xFF, 0x27, 0x74, 0xB8, 0x0F, 0x35, 0x92, 0x23, 0x8A, 0x1D, 0x9A, 0x16, 0x6F, 0x03,
    0x78, 0xF5, 0x27, 0x08, 0x61, 0x90, 0x1D, 0xB7, 0x3B, 0xE5, 0x98, 0xCE, 0xAA, 0xCE, 0xB5, 0xBA,
    0xD5, 0xA8, 0xF9, 0x66, 0x5C, 0xA3, 0xEA, 0x51, 0xEE, 0x90, 0x85, 0xA7, 0xD8, 0x1E, 0x51, 0x84,
    0x11, 0xF5, 0x8C, 0x24, 0xB8, 0x6D, 0xBB, 0xEA, 0x2E, 0xCF, 0x57, 0xBB, 0x26, 0x7E, 0xAD, 0x7B,
    0x8D, 0x72, 0x97, 0x1C, 0x6F, 0x6E, 0xD9, 0xAB, 0x30, 0x7C, 0xFC, 0xB6, 0xF0, 0x43, 0xD2, 0x99,
    0x6A, 0x64, 0x8B, 0x1D, 0x3A, 0x20, 0x09, 0x7B, 0x45, 0x08, 0xAA, 0x61, 0xD5, 0xD7, 0x62, 0x6B,
    0xF9, 0xD0, 0xB4, 0x27, 0xD7, 0x22, 0xBC, 0x27, 0x09, 0x81, 0xFB, 0xA1, 0xA7, 0x98, 0xC8, 0xA6,
    0xAB, 0xC5, 0x9A, 0xC5, 0xEA, 0xA1, 0x1A, 0x96, 0x7A, 0x5D, 0x12, 0x0E, 0xDC, 0x6B, 0xBF, 0xC4,
    0x20, 0x77, 0x30, 0x41, 0x68, 0xB1, 0x1D, 0x91, 0x4C, 0x10, 0x91, 0x4E, 0xE4, 0xD1, 0x2F, 0xFD,
    0xC9, 0x1D, 0x06, 0x5C, 0x74, 0xE4, 0x2D, 0xF9, 0x9E, 0x3C, 0xA0, 0xEC, 0x4E, 0x85, 0x55, 0xAB,
    0x39, 0xF2, 0xCD, 0xF7, 0x01, 0x9D, 0x8E, 0x7D, 0xDE, 0xB3, 0x5A, 0x45, 0x97, 0x3D, 0x3C, 0x7D,
    0x39, 0x4E, 0x8C, 0x44, 0xDE, 0x95, 0xB2, 0xDD, 0x35, 0xDB, 0xDD, 0x29, 0x04, 0x77, 0x7B, 0x52,
    0x3C, 0x5E, 0x92, 0xB0, 0xA4, 0xEE, 0x23, 0xC8, 0x26, 0x5E, 0x08, 0xD2, 0xE1, 0x8C, 0x23, 0x92,
    0xD0, 0x23, 0x1B, 0x91, 0x46, 0xE4, 0x03, 0x65, 0xE8, 0x4E, 0x07, 0x20, 0x96, 0xA4, 0x13, 0xD9,
    0x8D, 0x6D, 0xC3, 0x5E, 0x58, 0xEC, 0x7B, 0xBF, 0x7E, 0x5F, 0x36, 0xF9, 0xDC, 0x96, 0x1E, 0x1F,
    0x11, 0xF6, 0xD4, 0x7B, 0x0A, 0x37, 0x76, 0x3E, 0x41, 0x5A, 0xCA, 0x8F, 0x9D, 0x20, 0xEF, 0x01,
    0xFA, 0xA4, 0x67, 0x5F, 0xF6, 0xAC, 0xB6, 0x28, 0x76, 0xD0, 0x01, 0x5F, 0x9E, 0x7E, 0x30, 0x33,
    0xB3, 0x4E, 0xC7, 0xB7, 0xD2, 0xE9, 0x83, 0x6C, 0x1A, 0xB3, 0x29, 0x4A, 0xB3, 0x28, 0xB3, 0x08,
    0x93, 0x4D, 0x3E, 0x3D, 0x47, 0x31, 0xC2, 0x5E, 0xBD, 0xB7, 0x4C, 0x90, 0xD0, 0x4C, 0x13, 0xCB,
    0x24, 0x09, 0x37, 0xD3, 0x24, 0x3C, 0x20, 0x69, 0xD7, 0x64, 0xE3, 0x9D, 0x21, 0x1F, 0x37, 0xE4,
    0xC3, 0x15, 0xC5, 0x4D, 0xA7, 0xAF, 0xD7, 0xB4, 0xE5, 0xFE, 0xFE, 0x6F, 0x9E, 0xFC, 0x8F, 0x12,
    0xE9, 0xB1, 0x90, 0xFF, 0xF9, 0x51, 0x91, 0xEC, 0x01, 0xEC, 0xD9, 0xCF, 0xCC, 0x9F, 0xCF, 0x92,
    0xC5, 0xB2, 0x79, 0x25, 0x9F, 0x9B, 0xBE, 0x9E, 0xAB, 0x30, 0xCF, 0x79, 0x18, 0x67, 0x6F, 0x90,
    0x3E, 0x7B, 0xF6, 0xFE, 0x69, 0x9B, 0xC9, 0x32, 0x89, 0x0F, 0x5E, 0x82, 0xA8, 0xAB, 0x10, 0xFA,
    0x68, 0xB8, 0xF3, 0x88, 0x81, 0xC9, 0xC8, 0x32, 0x83, 0xC3, 0x32, 0x87, 0x43, 0x1D, 0x5A, 0xEE,
    0xFF, 0xF8, 0x65, 0x88, 0x3D, 0x75, 0xFF, 0x74, 0xB9, 0x1B, 0xBE, 0x25, 0x0D, 0x33, 0xAB, 0xE9,
    0xF7, 0xA4, 0x41, 0x3E, 0xA3, 0xFC, 0x23, 0xBC, 0x95, 0xB7, 0x0B, 0xB2, 0x96, 0xAF, 0x15, 0x28,
    0x8E, 0x48, 0xDE, 0x7F, 0x19, 0xD4, 0x50, 0x75, 0x5C, 0x4F, 0x8C, 0x6F, 0x33, 0xBC, 0x73, 0xFA,
    0xFC, 0xAF, 0x3B, 0xEA, 0xE1, 0xF7, 0xA4, 0x4A, 0x36, 0xDE, 0x0E, 0xEC, 0x8A, 0x7F, 0x3E, 0x50,
    0x66, 0x7D, 0x1C, 0x9E, 0xBE, 0x14, 0x5A, 0xDC, 0x4B, 0x5A, 0x55, 0xDE, 0x7B, 0x58, 0xB6, 0x9E,
    0x7C, 0x9D, 0xE9, 0x1D, 0xDE, 0xFB, 0xC7, 0x77, 0xA8, 0xC1, 0x97, 0x18, 0x60, 0xBE, 0x43, 0xD5,
    0xE2, 0xA1, 0x5B, 0x5C, 0x40, 0x75, 0x40, 0xFA, 0xE3, 0xBB, 0x08, 0xF1, 0x17, 0x4B, 0x88, 0xC5,
    0x48, 0x83, 0x27, 0x58, 0xE3, 0xF2, 0x15, 0x9A, 0xF3, 0x2B, 0x5B, 0x80, 0x74, 0x00, 0xAA, 0x3D,
    0x70, 0x68, 0x5A, 0x48, 0xC6, 0xBC, 0x87, 0xA4, 0xD5, 0x3A, 0xA7, 0x37, 0x48, 0x1E, 0xF1, 0xA0,
    0xA1, 0x98, 0x98, 0xEB, 0x56, 0xB9, 0x63, 0xAE, 0x3A, 0xE5, 0x5E, 0xB2, 0x2F, 0x7B, 0xD5, 0x7C,
    0x7A, 0xC2, 0xD0, 0xAC, 0x65, 0x53, 0x3E, 0xB8, 0xB8, 0x94, 0x4D, 0xD9, 0xE8, 0xF2, 0xE2, 0xF4,
    0xCA, 0xE8, 0xBA, 0x51, 0xF4, 0xE9, 0x64, 0x5F, 0x29, 0xFB, 0x64, 0x67, 0x57, 0xB6, 0x65, 0x67,
    0x9F, 0x4C, 0x65, 0x5F, 0xB5, 0xE6, 0x74, 0x2A, 0xFA, 0x9A, 0x75, 0x36, 0xE6, 0x43, 0xC3, 0x65,
    0xDE, 0x67, 0xE3, 0x05, 0x17, 0x45, 0x9F, 0x4D, 0x97, 0x34, 0x65, 0x97, 0x4C, 0x6B, 0xAA, 0xB2,
    0xB5, 0xDB, 0x9F, 0xFE, 0xD2, 0xFB, 0x1D, 0xE5, 0x4F, 0xD9, 0x4C, 0x14, 0x07, 0x56, 0x13, 0xF9,
    0x4C, 0x33, 0x92, 0xCD, 0xD4, 0x03, 0xD9, 0x9E, 0xAA, 0x77, 0x4E, 0xE9, 0x04, 0xAA, 0x23, 0xB8,
    0x3E, 0xFD, 0x34, 0x9D, 0xB4, 0x68, 0x39, 0xA7, 0x0B, 0xD9, 0x4E, 0xD5, 0x36, 0xF2, 0xBD, 0x5A,
    0xAD, 0x98, 0x35, 0xCA, 0xB6, 0x3C, 0xB8, 0x50, 0xF6, 0xE5, 0x95, 0x4B, 0x45, 0x5F, 0xD5, 0xD6,
    0xF2, 0xE1, 0xA2, 0x32, 0xCB, 0xC6, 0xE5, 0x8C, 0xDD, 0xC9, 0xA6, 0x27, 0xC5, 0xCF, 0x27, 0xCB,
    0xBE, 0xE6, 0x7F, 0x36, 0xB1, 0xDB, 0x67, 0xFF, 0x6B, 0x64, 0x3F, 0x65, 0x7F, 0x39, 0x70, 0x3D,
    0xA5, 0x7F, 0xD7, 0xB3, 0x1A, 0x85, 0x8E, 0x66, 0x10, 0x5A, 0xEA, 0xDE, 0x16, 0x55, 0x67, 0x85,
    0xF3, 0x08, 0x41, 0x16, 0x5A, 0xEA, 0x7F, 0x3F, 0xF1, 0xD0, 0xC4, 0x37, 0xBC, 0x7E, 0x3E, 0x14,
    0x1E, 0x35, 0x64, 0x53, 0xD5, 0xC9, 0xC7, 0xB2, 0x57, 0xF6, 0xF9, 0xA8, 0xEA, 0xB2, 0x49, 0x23,
    0xD9, 0xBB, 0x62, 0x6D, 0xE6, 0x22, 0xD9, 0x53, 0x67, 0x13, 0xE5, 0x8F, 0x06, 0x8A, 0xFF, 0xD1,
    0xDF, 0x34, 0x9A, 0x06, 0x38, 0xC0, 0xFA, 0x8B, 0x00, 0xEC, 0x51, 0x84, 0x96, 0x65, 0xC8, 0xC6,
    0x0F, 0x93, 0x09, 0x5E, 0x07, 0x2E, 0xC8, 0xC6, 0xBA, 0x55, 0x0C, 0x55, 0x17, 0x55, 0xEA, 0xD5,
    0x6D, 0x3E, 0x6A, 0x64, 0x93, 0x4B, 0xE9, 0xCE, 0xCC, 0x9C, 0xEC, 0xD9, 0x64, 0x13, 0x17, 0xD9,
    0x48, 0x53, 0xF4, 0x54, 0xFF, 0xA1, 0xA7, 0xFC, 0x9B, 0x96, 0x3C, 0x20, 0x3B, 0xC0, 0x8C, 0x64,
    0x7F, 0xEE, 0x08, 0x8D, 0x28, 0xCE, 0x23, 0xE6, 0xBA, 0x45, 0x03, 0x97, 0xF0, 0x2E, 0x80, 0xEA,
    0xDB, 0x23, 0xF5, 0x8F, 0xA6, 0x9B, 0x35, 0xBC, 0x0C, 0xAA, 0x7D, 0x05, 0x97, 0xA4, 0x07, 0xAA,
    0x91, 0x2B, 0xFC, 0xC0, 0xF9, 0x55, 0xC5, 0x55, 0x08, 0x87, 0x68, 0x24, 0x33, 0xE9, 0x8E, 0x7C,
    0x3C, 0xC5, 0x59, 0x77, 0x34, 0x38, 0x9C, 0xA4, 0x38, 0xBD, 0xB4, 0x4D, 0xD5, 0xD3, 0xE0, 0x1A,
    0x33, 0xD9, 0xC7, 0x6B, 0xB4, 0xAC, 0x4E, 0xAF, 0x2A, 0x1E, 0xA3, 0x01, 0x3F, 0x23, 0x9F, 0x68,
    0x06, 0xE9, 0xE1, 0xA4, 0x65, 0x02, 0x58, 0x7C, 0xBA, 0x68, 0xDF, 0x7D, 0xB6, 0xED, 0x68, 0x9C,
    0x1B, 0x2C, 0x46, 0xE7, 0xED, 0x1C, 0x48, 0xF7, 0xA7, 0x26, 0xCA, 0x58, 0xD4, 0x9E, 0x9E, 0x94,
    0x85, 0x10, 0xFA, 0x68, 0xD2, 0xFE, 0xE4, 0x9F, 0x0F, 0x24, 0xED, 0x8B, 0x89, 0xEB, 0x15, 0x34,
    0x37, 0xF6, 0x75, 0xDC, 0x65, 0x3C, 0x48, 0xDA, 0xA4, 0x4B, 0xA7, 0xA2, 0x73, 0xDC, 0x52, 0xED,
    0x48, 0xBB, 0x17, 0x12, 0xD7, 0x2B, 0x5E, 0xF1, 0x9A, 0xB7, 0x94, 0xBF, 0x98, 0x25, 0x61, 0xE0,
    0x5B, 0x77, 0x1B, 0xDB, 0xFF, 0x05, 0xBD, 0xD1, 0x21, 0x8C, 0xD4, 0x40, 0x18, 0xC5, 0xF1, 0xFF,
    0xCC, 0xE4, 0x68, 0x72, 0x0D, 0xA9, 0xE1, 0x14, 0x21, 0xF5, 0x98, 0xF1, 0x86, 0x99, 0x04, 0x9F,
    0xAC, 0xB8, 0xF5, 0x3E, 0x08, 0x0C, 0xF6, 0x6E, 0xEB, 0x15, 0x5E, 0x21, 0x30, 0x80, 0x97, 0x47,
    0x1B, 0x90, 0x98, 0x7A, 0xD5, 0x04, 0x7C, 0x9A, 0x50, 0x92, 0x72, 0xB7, 0xDB, 0x47, 0xF7, 0x4B,
    0x16, 0x0E, 0x83, 0xE4, 0x65, 0xBE, 0xF7, 0xCB, 0x64, 0xBA, 0x9B, 0x36, 0xC3, 0xBD, 0x34, 0xD6,
    0x65, 0x67, 0xEC, 0x0C, 0x7F, 0x00, 0xA0, 0xEA, 0x8D, 0x73, 0xEE, 0xE7, 0x62, 0xBB, 0xBD, 0x04,
    0x92, 0x74, 0x00, 0x5A, 0xC3, 0xDD, 0x8D, 0x00, 0xE1, 0xBB, 0x51, 0x7C, 0x35, 0xAA, 0xCF, 0x46,
    0x7C, 0x6E, 0xA4, 0x60, 0xDC, 0x18, 0x6E, 0x36, 0xC2, 0x18, 0xA4, 0x89, 0x62, 0x30, 0xAA, 0x2E,
    0xFC, 0xD8, 0x6E, 0x88, 0xD9, 0xCE, 0x12, 0x46, 0xFB, 0xFE, 0xC3, 0x8A, 0x93, 0xB4, 0x12, 0x6E,
    0x6D, 0x57, 0x0C, 0x76, 0x56, 0x75, 0x46, 0xCC, 0x46, 0x82, 0x20, 0x1D, 0x6E, 0x30, 0xF8, 0x13,
    0x37, 0x18, 0x94, 0x26, 0xEC, 0x1A, 0xC3, 0xEF, 0x0D, 0x42, 0x6F, 0xE0, 0xF8, 0x2B, 0x2F, 0x17,
    0xE2, 0x02, 0x5E, 0xFA, 0x24, 0xF5, 0x94, 0x73, 0x7D, 0xF7, 0xF3, 0xF1, 0xF1, 0x1D, 0xBD, 0x3A,
    0xF6, 0xC4, 0x8C, 0xE0, 0x8A, 0x33, 0x58, 0x20, 0xD9, 0x97, 0x99, 0xAD, 0x8E, 0xA1, 0x34, 0x44,
    0xFC, 0xC6, 0x01, 0xEC, 0xC4, 0x7C, 0x66, 0xCF, 0x3F, 0xE2, 0x1A, 0x6F, 0xBF, 0x4F, 0x14, 0x6A,
    0xD8, 0x93, 0xFA, 0xF8, 0x65, 0x2A, 0x26, 0x2A, 0xC9, 0x4B, 0x03, 0x5E, 0x33, 0x3B, 0x65, 0xB8,
    0x00, 0xB7, 0x01, 0xCE, 0xDF, 0x01, 0x52, 0x4F, 0x58, 0xDA, 0x89, 0x6A, 0xF0, 0x7B, 0xEA, 0x86,
    0x8F, 0xC4, 0x4C, 0x22, 0xC2, 0x53, 0x62, 0x06, 0xEA, 0x0E, 0xA8, 0x26, 0x20, 0xE8, 0x35, 0xD0,
    0x2E, 0x40, 0xA9, 0x01, 0x88, 0x7B, 0xC0, 0x09, 0x20, 0xD9, 0xA3, 0xCD, 0x15, 0x54, 0xDD, 0xF5,
    0xB1, 0xD2, 0x71, 0x1B, 0x3B, 0x12, 0xD5, 0xE4, 0x16, 0x82, 0x34, 0xC3, 0x4E, 0x3D, 0xB8, 0x4B,
    0x80, 0x0D, 0xE0, 0xA7, 0x53, 0xF1, 0xEA, 0x54, 0x6E, 0x04, 0x7C, 0x83, 0xC5, 0x69, 0xA6, 0x94,
    0xA8, 0xFB, 0x5D, 0x17, 0xED, 0x4F, 0x8B, 0x3E, 0x65, 0xA8, 0x07, 0x28, 0xF5, 0x06, 0x27, 0xC1,
    0x03, 0x75, 0x50, 0x8E, 0x10, 0xC6, 0xEB, 0x75, 0xD2, 0x3A, 0xB1, 0xAF, 0xFB, 0x52, 0x6A, 0x9C,
    0x0E, 0x70, 0x96, 0xD7, 0xC1, 0x2E, 0xD7, 0x26, 0xD8, 0x40, 0x99, 0xE1, 0x21, 0x6C, 0xD7, 0xA0,
    0x35, 0x8D, 0x95, 0xDD, 0xFC, 0x7F, 0x29, 0x8B, 0xCB, 0x40, 0x31, 0x9E, 0x8A, 0xDF, 0xE5, 0x7B,
    0xA0, 0xC8, 0xE0, 0x07, 0xFC, 0x48, 0xB0, 0xD5, 0x6A, 0x96, 0xE6, 0x17, 0xB7, 0x6F, 0x6D, 0xFB,
    0xAF, 0xE5, 0x97, 0x0D, 0x9A, 0x89, 0x33, 0xD8, 0xD7, 0xD7, 0xCD, 0x71, 0x85, 0x8E, 0xD0, 0x50,
    0x66, 0x9E, 0xF0, 0x0B, 0x0D, 0xCD, 0x21, 0x4C, 0xC4, 0x30, 0x00, 0x85, 0xE1, 0x7F, 0x03, 0x72,
    0x09, 0x88, 0xCE, 0x23, 0x6A, 0x11, 0xDD, 0xCD, 0x27, 0x23, 0xAB, 0xD7, 0x78, 0xEF, 0xD5, 0x04,
    0x83, 0x7A, 0x35, 0xAF, 0x4E, 0xA3, 0x11, 0x0B, 0x59, 0x42, 0xBD, 0xAA, 0x57, 0xF5, 0xAA, 0x62,
    0xA2, 0xA2, 0x5D, 0xAF, 0x79, 0x4F, 0xFF, 0x1F, 0x04, 0x4E, 0x26, 0x77, 0x89, 0x7C, 0xF2, 0x08,
    0xA8, 0x26, 0x89, 0xF0, 0xAF, 0x23, 0x1A, 0xA0, 0xF5, 0xC8, 0xCC, 0x29, 0xAD, 0x6F, 0xAD, 0x46,
    0x3F, 0xD1, 0x4D, 0x2E, 0xFC, 0x15, 0xE7, 0x07, 0x53, 0xCA, 0x59, 0x0F, 0xAC, 0x98, 0xD0, 0xBA,
    0xED, 0x62, 0xA7, 0x62, 0x44, 0x06, 0xE8, 0xF6, 0x3C, 0x77, 0xB0, 0x4B, 0x9D, 0x07, 0x33, 0x0B,
    0x5E, 0xD7, 0xAF, 0x23, 0x8C, 0x5E, 0x85, 0x71, 0xF9, 0x95, 0xAE, 0x41, 0x8B, 0x07, 0x7B, 0x7D,
    0x31, 0xA3, 0x60, 0xEE, 0xB9, 0xBD, 0x51, 0xCB, 0xB5, 0x5F, 0x95, 0x6A, 0x55, 0x11, 0xE8, 0x37,
    0x1F, 0x73, 0xE6, 0x23, 0x25, 0xA5, 0x36, 0x0F, 0x7D, 0xDD, 0xE0, 0x65, 0xE2, 0x9D, 0x2B, 0x4B,
    0x89, 0x3F, 0x2B, 0x34, 0x41, 0xBA, 0x85, 0xC8, 0x41, 0xE2, 0xFB, 0x78, 0xBE, 0xDD, 0x01, 0xC4,
    0xD0, 0x01, 0x86, 0xDD, 0x5C, 0x18, 0xC7, 0xE1, 0x27, 0x89, 0x11, 0x9F, 0xCB, 0x97, 0xC2, 0x50,
    0x20, 0x00, 0x2D, 0x2A, 0x1B, 0x68, 0x6F, 0xCE, 0x12, 0x2E, 0xE6, 0x2E, 0x66, 0x30, 0x93, 0x50,
    0x14, 0xD0, 0x59, 0xCA, 0x2C, 0xA0, 0x77, 0xE6, 0x74, 0x05, 0x0D, 0x50, 0x80, 0xEC, 0xA0, 0xC1,
    0x55, 0x29, 0x19, 0xA7, 0x3D, 0x0A, 0x05, 0x43, 0x41, 0xF1, 0xFB, 0x83, 0xE7, 0x1C, 0xBC, 0x5E,
    0x17, 0xA3, 0xF4, 0x3E, 0x96, 0x5F, 0x53, 0x28, 0xC7, 0x6B, 0x70, 0x79, 0x3C, 0x5E, 0x3D, 0xA6,
    0xB4, 0xE5, 0x4E, 0x78, 0xAE, 0x5F, 0x66, 0xC9, 0x3D, 0x1C, 0x8F, 0x87, 0xE7, 0xDC, 0xC3, 0x1F,
    0x7F, 0xBA, 0x10, 0x18, 0x3E, 0x4F, 0x7C, 0x4F, 0x51, 0x31, 0x0D, 0x00, 0xA0, 0x4B, 0x41, 0x91,
    0xD2, 0xAC, 0xFE, 0x51, 0xAF, 0x9A, 0xE8, 0xA4, 0x0B, 0x7A, 0x3D, 0x9D, 0x77, 0xB4, 0x61, 0x48,
    0x29, 0xFD, 0x9E, 0x5B, 0xD8, 0x43, 0x0F, 0xD9, 0xC9, 0x2F, 0xD4, 0xE7, 0x72, 0x53, 0xA6, 0xB4,
    0x30, 0xA4, 0x91, 0xE2, 0x00, 0xF0, 0x1F, 0xB2, 0x61, 0xB7, 0xC2, 0x23, 0xB4, 0x11, 0x45, 0x04,
    0x2E, 0x71, 0xE8, 0xA9, 0x96, 0x76, 0x54, 0xCF, 0x4D, 0xD4, 0xC4, 0x7A, 0xD6, 0x8E, 0xD5, 0xA2,
    0x57, 0xAC, 0x6E, 0xF9, 0x64, 0x63, 0x5F, 0xAC, 0x74, 0xD5, 0x42, 0xF3, 0x61, 0x62, 0xF7, 0x25,
    0x52, 0xA5, 0x40, 0x99, 0xE0, 0x89, 0x0C, 0xFF, 0x62, 0xE0, 0x7F, 0x68, 0x26, 0xD4, 0x2B, 0x0C,
    0x01, 0xBB, 0x11, 0x02, 0xB0, 0xA7, 0x9A, 0xBB, 0x60, 0x37, 0xB5, 0xA3, 0x26, 0x36, 0x51, 0x17,
    0xEA, 0x59, 0xAF, 0x5A, 0xDC, 0x28, 0xCF, 0x36, 0xB6, 0x62, 0xE5, 0x54, 0x2D, 0xEC, 0xAB, 0x99,
    0x7E, 0x17, 0x69, 0x3F, 0x46, 0x9A, 0x6F, 0x81, 0x3A, 0xA1, 0x7A, 0x82, 0x0D, 0xD9, 0xCA, 0x56,
    0xB6, 0xB2, 0xD5, 0x44, 0x74, 0x01, 0x3D, 0xDC, 0xC0, 0x15, 0x94, 0x77, 0x2F, 0x69, 0xD6, 0xB7,
    0xBC, 0x19, 0xCE, 0xBC, 0xAA, 0xEF, 0xFE, 0xF1, 0xD5, 0x2E, 0xBC, 0xA0, 0x9B, 0xEF, 0xB9, 0x4E,
    0x33, 0xF7, 0xDD, 0xF8, 0x73, 0x10, 0x07, 0x0D, 0x7C, 0x58, 0x01, 0x00, 0xAD, 0x8F, 0x81, 0x86,
    0x1B, 0x41, 0x1C, 0xC6, 0x7F, 0x9B, 0x6D, 0x3A, 0xDC, 0x60, 0x20, 0x47, 0x0B, 0x1D, 0x00, 0x85,
    0xCC, 0x0B, 0x24, 0x33, 0x53, 0x45, 0x01, 0x82, 0xE4, 0x35, 0xFA, 0x04, 0x7B, 0xB9, 0x39, 0x7D,
    0x81, 0x02, 0x50, 0x38, 0x80, 0x2A, 0x05, 0x87, 0x43, 0x22, 0x53, 0x7D, 0x81, 0x80, 0x02, 0x58,
    0x50, 0x14, 0x3A, 0x58, 0x84, 0x6E, 0x3B, 0xDD, 0x8C, 0x0B, 0x45, 0x5B, 0x55, 0xF7, 0xF1, 0xED,
    0xFE, 0xCD, 0xFF, 0xF7, 0x8D, 0x6F, 0x00, 0xD8, 0xE5, 0x9C, 0x53, 0xF9, 0x9C, 0xAF, 0x56, 0xAB,
    0x05, 0x9C, 0x4E, 0x07, 0x85, 0xBB, 0xDF, 0xB0, 0x19, 0x44, 0xE5, 0x45, 0x94, 0x41, 0x79, 0x83,
    0x63, 0xCD, 0x96, 0x25, 0x63, 0xAF, 0x83, 0xF1, 0x0E, 0x4B, 0xC3, 0x2D, 0x1D, 0x0B, 0xCE, 0x82,
    0x8A, 0x7A, 0x20, 0x2C, 0x33, 0x1A, 0x6E, 0x60, 0x48, 0x2D, 0x44, 0x4C, 0xF2, 0x2A, 0xA9, 0xE7,
    0xAD, 0x11, 0x7B, 0x27, 0xE3, 0x5A, 0xC5, 0xAD, 0x0E, 0xCB, 0x31, 0xE3, 0x67, 0x0B, 0xFD, 0x2A,
    0x99, 0x17, 0xED, 0x70, 0x68, 0x55, 0x68, 0x94, 0xBF, 0xD5, 0x74, 0x53, 0x16, 0x0F, 0x38, 0xBB,
    0xBA, 0x56, 0x1F, 0x93, 0x2E, 0x11, 0x2B, 0xE3, 0xEC, 0xB8, 0xE5, 0xE6, 0x09, 0x00, 0x32, 0x82,
    0xF8, 0xB3, 0x87, 0xD2, 0xDF, 0x8F, 0x3E, 0xCE, 0xF7, 0x6E, 0xF9, 0x8B, 0x1F, 0x86, 0x7F, 0xEF,
    0x52, 0x47, 0xFE, 0xC7, 0x13, 0x11, 0x27, 0xE5, 0x8E, 0x77, 0x5F, 0xFE, 0xFA, 0x9E, 0xD2, 0x05,
    0xDD, 0xB9, 0x3E, 0x17, 0xED, 0x7E, 0xB8, 0x5E, 0xB6, 0x8F, 0xAA, 0xD7, 0x8F, 0xB9, 0x14, 0xC9,
    0xF9, 0x9D, 0xE8, 0x2E, 0xBD, 0xAD, 0x93, 0x83, 0xA2, 0xB7, 0x30, 0x06, 0x90, 0x39, 0x62, 0x01,
    0xCC, 0x9B, 0xC4, 0x06, 0x60, 0xCE, 0xA1, 0x3A, 0x00, 0x34, 0x6C, 0xEA, 0x04, 0xB0, 0xA1, 0x11,
    0x7B, 0x28, 0x83, 0x8A, 0x50, 0x56, 0x06, 0x00, 0x5B, 0x75, 0x25, 0x8D, 0xFE, 0x9A, 0x4A, 0x1A,
    0x91, 0x3F, 0x74, 0x14, 0x2D, 0x4B, 0x1A, 0xA0, 0xA4, 0x01, 0x54, 0x78, 0xE9, 0x79, 0xEF, 0xC1,
    0xD4, 0x39, 0x89, 0xDC, 0x82, 0x55, 0x9F, 0x7B, 0xF5, 0xE9, 0x00, 0xBD, 0x66, 0xEE, 0x68, 0xA8,
    0xBA, 0x29, 0xD3, 0x39, 0x73, 0xEA, 0x64, 0x31, 0x33, 0xE6, 0xC8, 0x78, 0x37, 0xA8, 0x60, 0xB0,
    0xC7, 0x95, 0x19, 0xC6, 0x8D, 0xF1, 0x3D, 0x6B, 0x64, 0x3E, 0xA8, 0x6F, 0x1D, 0x3D, 0x55, 0x6E,
    0x47, 0x79, 0x0F, 0x70, 0x0E, 0x13, 0xAA, 0xEB, 0x3A, 0x89, 0x7D, 0x49, 0x70, 0x81, 0x43, 0x05,
    0x19, 0xEB, 0x76, 0x94, 0x9E, 0x96, 0xB0, 0x88, 0x75, 0xAA, 0x3A, 0x0E, 0xA3, 0x23, 0x13, 0xB5,
    0xB7, 0x00, 0x63, 0x00, 0x03, 0xB0, 0x06, 0xE8, 0x81, 0x81, 0x81, 0xF2, 0x0C, 0x19, 0x4B, 0x7D,
    0xC0, 0x01, 0x5C, 0x9C, 0x88, 0x51, 0x21, 0xDA, 0x13, 0xA1, 0x7F, 0x43, 0xA4, 0x13, 0xA1, 0x0A,
    0xE1, 0x4F, 0xC4, 0x16, 0xE0, 0x27, 0x63, 0x60, 0x65, 0x60, 0x90, 0x6F, 0x60, 0xB0, 0x6F, 0x60,
    0xF8, 0xDD, 0xC0, 0xF4, 0xBC, 0x81, 0xFD, 0x78, 0x03, 0xBF, 0x7B, 0x83, 0x1E, 0x7B, 0x83, 0xFD,
    0xFA, 0x07, 0xF5, 0xFF, 0x3F, 0x30, 0x70, 0x37, 0x80, 0x10, 0x23, 0x03, 0x00, 0x7D, 0xD0, 0x2F,
    0x8C, 0xD4, 0x40, 0x14, 0xC7, 0xF1, 0x6F, 0xA7, 0x39, 0x2A, 0x2A, 0xD6, 0xB0, 0x0A, 0x51, 0x7F,
    0x66, 0xBD, 0x20, 0x1D, 0x85, 0x3E, 0x71, 0x03, 0x09, 0xF8, 0x04, 0xB7, 0x5E, 0x70, 0xBB, 0x5E,
    0xAD, 0xD7, 0x08, 0xB2, 0x88, 0xF5, 0xC9, 0x2E, 0x5B, 0xAF, 0xC6, 0xAB, 0x5A, 0x5C, 0xC5, 0x90,
    0x4C, 0x61, 0xDA, 0xC7, 0xBC, 0x64, 0x8F, 0x86, 0x90, 0x20, 0xFA, 0xF9, 0xB5, 0x79, 0xFF, 0x92,
    0xAE, 0x9D, 0x05, 0xE0, 0x2A, 0x62, 0x6F, 0xD9, 0x03, 0x5C, 0xA8, 0x22, 0x9A, 0x30, 0xDD, 0xF2,
    0xE9, 0x96, 0xED, 0x9F, 0xDC, 0xCC, 0x68, 0x16, 0x22, 0x5E, 0xEB, 0xE5, 0xF8, 0x6A, 0xD0, 0xFE,
    0xCA, 0x9B, 0xA0, 0xF3, 0x75, 0x47, 0xD4, 0x7D, 0x75, 0x0F, 0xBA, 0xBF, 0x1C, 0xE1, 0x9B, 0x9B,
    0x28, 0x64, 0xE4, 0xC2, 0x0E, 0x36, 0x3A, 0xD7, 0x5A, 0x8A, 0x53, 0xEE, 0x6F, 0x3A, 0x30, 0xE9,
    0xC2, 0xCA, 0x03, 0x39, 0xAB, 0x61, 0xD5, 0x71, 0xBE, 0x50, 0x86, 0x95, 0xD7, 0xEF, 0x22, 0x55,
    0xD1, 0x44, 0xDD, 0x6F, 0x44, 0xF4, 0xCE, 0x8E, 0x9D, 0xEC, 0x01, 0x28, 0x1E, 0x95, 0xE3, 0x01,
    0x74, 0xE7, 0x0C, 0x14, 0xF2, 0x4B, 0x3C, 0xD4, 0x91, 0x26, 0x40, 0xE3, 0x31, 0x09, 0xBD, 0xC4,
    0x04, 0x4F, 0xE8, 0x2C, 0x09, 0xB8, 0x67, 0x3D, 0x39, 0x1D, 0x6E, 0x45, 0xD2, 0x12, 0x26, 0xC0,
    0xDF, 0xF1, 0x4F, 0x0B, 0x0A, 0x70, 0x01, 0x5A, 0xD8, 0xA1, 0x0F, 0xED, 0x1E, 0x26, 0x58, 0xF5,
    0x94, 0x09, 0xAA, 0xD9, 0x6E, 0x07, 0x40, 0x44, 0x3A, 0xA0, 0x91, 0x09, 0x00, 0x67, 0x61, 0xED,
    0x9C, 0x7B, 0x6C, 0x45, 0x24, 0xDD, 0x1F, 0xBF, 0xCE, 0x5F, 0x80, 0xC0, 0xC2, 0xDA, 0xBD, 0x1D,
    0x9F, 0xAB, 0xC7, 0x9F, 0x9F, 0xC1, 0x0C, 0x40, 0xA9, 0xD4, 0x9E, 0xBB, 0xF7, 0xB2, 0x67, 0x25,
    0x7A, 0xE7, 0xBB, 0xCD, 0x74, 0x2C, 0xBC, 0xA4, 0xEE, 0x78, 0xAD, 0x7C, 0xA2, 0xEA, 0x39, 0x53,
    0x06, 0x13, 0x41, 0x64, 0x80, 0x8D, 0xEC, 0x6F, 0xBF, 0xEA, 0x0E, 0x80, 0xC6, 0xFE, 0xDF, 0x8F,
    0xEA, 0x29, 0x02, 0x3B, 0x39, 0xC0, 0x56, 0x41, 0x4E, 0x16, 0xCE, 0x0F, 0xDA, 0x93, 0x68, 0xDE,
    0x44, 0x55, 0x02, 0xE9, 0x85, 0x8C, 0x90, 0x44, 0x2C, 0x45, 0x1C, 0x73, 0xD5, 0x04, 0xB2, 0xE5,
    0xA0, 0xD6, 0xBD, 0xBA, 0xE9, 0xD4, 0xAB, 0xA5, 0x39, 0x7C, 0x98, 0xA1, 0x11, 0x09, 0xA8, 0x7B,
    0x60, 0xFD, 0x00, 0x85, 0x73, 0x50, 0x8A, 0x44, 0x45, 0xAC, 0x8E, 0xFA, 0x4C, 0x39, 0x64, 0x4C,
    0xC8, 0x14, 0x41, 0x89, 0xCF, 0x6F, 0x46, 0x0B, 0x95, 0xB2, 0xF5, 0x57, 0x9D, 0xC8, 0x44, 0xBD,
    0x08, 0x0B, 0xEF, 0x7E, 0x38, 0x4B, 0x2E, 0x78, 0x14, 0x96, 0xC2, 0xC2, 0x6F, 0xA5, 0x92, 0x21,
    0x8C, 0xD4, 0x40, 0x14, 0x86, 0x5F, 0xDB, 0x4B, 0x2A, 0x56, 0x0C, 0x12, 0x43, 0xD6, 0x1B, 0xEA,
    0x13, 0xA0, 0xC5, 0x9B, 0x33, 0xE7, 0xCD, 0x29, 0xBC, 0x6F, 0xF1, 0xDE, 0x23, 0xCE, 0xB0, 0x08,
    0x7C, 0x32, 0x30, 0xF5, 0xAA, 0x06, 0x3F, 0x58, 0x54, 0xC5, 0x90, 0xBC, 0xC0, 0x6E, 0x87, 0xFF,
    0x7F, 0xB3, 0x64, 0xD9, 0x84, 0x53, 0x57, 0xF1, 0xFD, 0xC9, 0x3F, 0x33, 0xFF, 0x7B, 0xF3, 0x3A,
    0x22, 0x32, 0x08, 0xBE, 0x66, 0x21, 0x5D, 0x24, 0xFB, 0x89, 0x3C, 0x99, 0x9D, 0xC8, 0xFD, 0x42,
    0x8E, 0xDC, 0x58, 0x99, 0xDD, 0xAE, 0x66, 0xCF, 0x66, 0xFF, 0x38, 0x1C, 0x0E, 0x1F, 0x33, 0xBF,
    0x2D, 0x18, 0xBB, 0xF9, 0xB2, 0xA7, 0x3A, 0x92, 0x32, 0xCA, 0x25, 0xA7, 0x4D, 0x24, 0x83, 0x2C,
    0xF4, 0xB2, 0xD0, 0x44, 0x52, 0x26, 0xE3, 0x33, 0xF9, 0xE7, 0x78, 0x9B, 0xCB, 0xF9, 0x5C, 0x2A,
    0xE6, 0xD5, 0x02, 0x7E, 0x1D, 0xAD, 0x8C, 0x06, 0xEB, 0x45, 0x59, 0x76, 0x14, 0xDD, 0xAD, 0x3C,
    0xA5, 0xF5, 0x91, 0x1D, 0xA8, 0x04, 0x2C, 0x41, 0xBA, 0x79, 0x14, 0xC8, 0x6E, 0x7D, 0x45, 0xA9,
    0x17, 0xA1, 0x88, 0x3C, 0x59, 0x2A, 0x63, 0x3B, 0x03, 0x08, 0x27, 0xEB, 0xAB, 0x1B, 0xCF, 0x8F,
    0xDC, 0xD8, 0x95, 0x1B, 0xA7, 0x77, 0x18, 0xDE, 0xA7, 0x53, 0xC8, 0xFC, 0x8C, 0x9B, 0xF9, 0x7A,
    0xD9, 0xD3, 0x0F, 0x64, 0x19, 0xFB, 0x23, 0x7F, 0x23, 0x91, 0xBB, 0x99, 0xAC, 0x09, 0x91, 0xDB,
    0xA7, 0xDF, 0xED, 0xC6, 0x64, 0x7A, 0x4D, 0x69, 0x62, 0x3F, 0x40, 0x5C, 0x74, 0x0B, 0xA4, 0x9F,
    0x9A, 0x04, 0xD9, 0xD8, 0x95, 0x36, 0xCA, 0x16, 0xD5, 0x45, 0xF6, 0xAB, 0xFD, 0xC4, 0x4B, 0xA9,
    0x5D, 0x62, 0xCB, 0x4A, 0xE9, 0x73, 0xA4, 0xB8, 0x3C, 0x51, 0x9A, 0xED, 0x7A, 0x7A, 0x95, 0x94,
    0xDE, 0x4B, 0xF7, 0xDD, 0x5C, 0x66, 0x18, 0xCA, 0x14, 0x89, 0x60, 0x83, 0xE5, 0x52, 0x99, 0xE6,
    0x2E, 0x96, 0xD9, 0xD6, 0x7A, 0x7E, 0x1C, 0x5F, 0xCF, 0x2F, 0xAD, 0x9B, 0xB8, 0xCC, 0x0D, 0x7C,
    0x91, 0x98, 0xAA, 0x86, 0x6C, 0xDF, 0x71, 0x2C, 0xAA, 0x8C, 0x60, 0x18, 0xE3, 0x18, 0xC8, 0x78,
    0x2B, 0x10, 0xAC, 0x16, 0x2D, 0x2E, 0x5F, 0xEA, 0x9D, 0xEB, 0x13, 0xAC, 0xC5, 0x1A, 0xAC, 0xC5,
    0x7E, 0x5D, 0x99, 0xF6, 0xF5, 0xBC, 0x9B, 0xA3, 0xC9, 0xBE, 0x5C, 0x35, 0x67, 0xEE, 0x6D, 0xB7,
    0xDF, 0x27, 0x9E, 0xFC, 0x9E, 0xC2, 0x2C, 0x55, 0x7E, 0x9B, 0x5C, 0x92, 0x9D, 0x56, 0xA9, 0xCE,
    0xD2, 0xCF, 0x55, 0x92, 0x7E, 0x79, 0x23, 0x90, 0x76, 0x16, 0x8A, 0xC8, 0x7F, 0xE5, 0x39, 0xA5,
    0x1A, 0x7A, 0x8A, 0x5B, 0xBA, 0x08, 0x19, 0xE7, 0xF6, 0x54, 0xA5, 0x06, 0xD9, 0xE1, 0x7D, 0xEA,
    0x56, 0x54, 0xFD, 0x99, 0xF2, 0x80, 0x1E, 0x72, 0xB6, 0x2E, 0xC6, 0xBF, 0x63, 0x2F, 0x29, 0x4A,
    0x9A, 0xCF, 0x49, 0x04, 0xC3, 0xB7, 0xBB, 0xBB, 0xDB, 0xC0, 0x5D, 0x41, 0x01, 0xBF, 0x11, 0xFD,
    0x04, 0xB8, 0x08, 0x34, 0x0A, 0xC8, 0x46, 0xF4, 0x13, 0xE0, 0x22, 0xD0, 0x28, 0x20, 0x1B, 0x00,
    0x13, 0x70, 0x2B, 0xD0, 0x10, 0x32, 0x09, 0x3F, 0xBE, 0xE7, 0x0F, 0x25, 0x9E, 0x60, 0x07, 0xC4,
    0x08, 0x54, 0x1B, 0xD0, 0x2A, 0xB0, 0x8F, 0xC0, 0x38, 0x29, 0x2C, 0x51, 0x58, 0xA2, 0xB0, 0x44,
    0x61, 0x89, 0xC2, 0x12, 0x6D, 0x15, 0x80, 0x25, 0xCA, 0x7E, 0xF4, 0xA5, 0x00, 0x37, 0xC0, 0x03,
    0x4B, 0xDC, 0xBF, 0x10, 0x2E, 0x0C, 0xDC, 0xB2, 0x70, 0x73, 0x02, 0xAA, 0x93, 0x30, 0x60, 0x00,
    0x60, 0x22, 0x34, 0x01, 0x30, 0x59, 0x68, 0x60, 0xC9, 0x85, 0xC5, 0x93, 0x0A, 0xCC, 0x73, 0x43,
    0x30, 0x15, 0xED, 0x7E, 0x2E, 0x9D, 0x12, 0xF1, 0x9E, 0xF9, 0x1E, 0x7B, 0x16, 0xA0, 0x5D, 0x3D,
    0xCF, 0x79, 0x26, 0x78, 0x66, 0x79, 0xA6, 0x7A, 0xE6, 0x7B, 0x56, 0xF2, 0xAC, 0xE9, 0x59, 0xDD,
    0xB3, 0x0F, 0x0F, 0x4B, 0xBE, 0xC0, 0x92, 0x90, 0x88, 0x85, 0xC0, 0x4B, 0x7C, 0xB0, 0xF8, 0x8E,
    0xF8, 0x03, 0xC5, 0xD2, 0x2F, 0x8C, 0xE3, 0x46, 0x14, 0xC7, 0xF1, 0x8F, 0x93, 0x6E, 0x03, 0x02,
    0x5C, 0xD0, 0x90, 0x82, 0x86, 0xB6, 0xA0, 0x32, 0x97, 0x7A, 0x19, 0x73, 0xB4, 0xA0, 0xC1, 0xE5,
    0x25, 0xA5, 0x05, 0x9B, 0x8D, 0x39, 0xE7, 0x25, 0x87, 0x8E, 0x94, 0x14, 0x14, 0x6C, 0xBA, 0xE6,
    0xC8, 0xC7, 0x41, 0xC3, 0x51, 0x54, 0x45, 0xBA, 0x00, 0x67, 0xA7, 0x7E, 0x72, 0xB3, 0xB2, 0x74,
    0x52, 0xA5, 0xA2, 0x1B, 0xE5, 0xFB, 0x8B, 0xE7, 0xFD, 0xF1, 0x68, 0x7E, 0xCF, 0x3E, 0x7F, 0x8B,
    0x75, 0x6E, 0xF8, 0x6C, 0x71, 0x82, 0x1E, 0x76, 0x90, 0x28, 0xDE, 0x56, 0x54, 0xF9, 0xC7, 0x5A,
    0xCE, 0x7F, 0xD5, 0xF3, 0x4B, 0x91, 0x9B, 0xE5, 0xD1, 0xBE, 0x59, 0xB7, 0x52, 0x53, 0x19, 0x24,
    0x51, 0xD5, 0x8F, 0x21, 0x07, 0x2A, 0x4F, 0xA4, 0x90, 0x4D, 0xC8, 0xCE, 0x81, 0xDE, 0xA3, 0xD9,
    0x59, 0xB2, 0x38, 0xA9, 0xBA, 0x9F, 0x5B, 0xCB, 0x9C, 0x29, 0xF2, 0x19, 0x77, 0xBC, 0x6A, 0x02,
    0xFB, 0x06, 0x72, 0x8B, 0xE2, 0x43, 0x87, 0xF9, 0xDF, 0xA7, 0xD0, 0xF7, 0x67, 0x2C, 0xDB, 0x1E,
    0x65, 0xF3, 0x80, 0xCA, 0x86, 0x81, 0x0A, 0xBB, 0x21, 0x46, 0x3F, 0xE4, 0x15, 0x67, 0x8B, 0xCE,
    0xEC, 0x64, 0x3E, 0xFC, 0x8E, 0xB1, 0x1D, 0x82, 0xFA, 0x28, 0xF0, 0xA4, 0xAA, 0xD9, 0x48, 0xA8,
    0xEC, 0x18, 0xA2, 0x7D, 0x68, 0x9B, 0x63, 0xFD, 0xAB, 0xDB, 0x58, 0xF7, 0x39, 0xD6, 0xE9, 0x39,
    0x87, 0xCE, 0x8F, 0x1C, 0x7C, 0x2A, 0x5D, 0x6D, 0xB7, 0xF5, 0x73, 0xCE, 0x5D, 0x70, 0x40, 0xAA,
    0x29, 0x3B, 0xE6, 0x67, 0x8A, 0x1E, 0x7B, 0xAC, 0x5B, 0xE1, 0xEF, 0x18, 0xF8, 0x13, 0x8F, 0xB8,
    0x8E, 0x45, 0x51, 0x1C, 0x4D, 0xB7, 0xED, 0x91, 0xAA, 0x89, 0xAA, 0x81, 0x77, 0xEF, 0x9A, 0x78,
    0xEF, 0x4F, 0xC3, 0x3F, 0xEC, 0x73, 0x3E, 0x05, 0xAB, 0xC1, 0x01, 0x56, 0x48, 0xD8, 0xE1, 0x09,
    0x3D, 0x2E, 0xC2, 0xD3, 0x30, 0xD8, 0xFC, 0x28, 0xBC, 0x16, 0x06, 0x97, 0x41, 0xC3, 0xBA, 0x26,
    0x61, 0xF3, 0x51, 0xDB, 0xD8, 0xF2, 0x71, 0x9B, 0x68, 0xA9, 0x90, 0x4C, 0xD6, 0xBC, 0x05, 0x8B,
    0x06, 0x94, 0xC0, 0x77, 0xC0, 0xF7, 0xC0, 0xEF, 0xC0, 0x09, 0xCC, 0xBA, 0x69, 0xDB, 0xB2, 0x06,
    0x5F, 0x9B, 0xD6, 0xFF, 0x32, 0xAD, 0x2F, 0x8E, 0xFF, 0xE7, 0x98, 0xD9, 0xD1, 0x09, 0xEB, 0x73,
    0x1C, 0x63, 0xD3, 0x47, 0x9B, 0x2F, 0x0E, 0x4B, 0x90, 0xC6, 0x63, 0xAA, 0x27, 0x50, 0x5E, 0x30,
    0xCE, 0xC2, 0x78, 0x57, 0xA8, 0xC1, 0x0F, 0xEE, 0xEE, 0x95, 0xB9, 0xDE, 0x5F, 0xA5, 0xDF, 0xDE,
    0xBF, 0x3C, 0x7B, 0x18, 0x3E, 0xF1, 0xB2, 0xF9, 0xC3, 0xBE, 0x5E, 0xB4, 0x17, 0xC9, 0xA2, 0x1D,
    0x9E, 0x9B, 0x65, 0xBB, 0x2B, 0x3E, 0x1C, 0xCB, 0x26, 0xE5, 0xEE, 0x25, 0x5B, 0x66, 0xD5, 0x85,
    0x7B, 0x45, 0x8D, 0x3B, 0x64, 0x66, 0x79, 0xF4, 0x32, 0x7C, 0x1C, 0xBD, 0x1C, 0x29, 0xA7, 0x34,
    0xB7, 0x91, 0x8C, 0x54, 0x46, 0xD2, 0x84, 0x8D, 0x91, 0xDD, 0x64, 0x5C, 0x41, 0x3F, 0xE1, 0x72,
    0x9B, 0xFA, 0xC8, 0x6D, 0x8C, 0xA9, 0x23, 0x35, 0x7C, 0x09, 0x98, 0xBD, 0x78, 0x53, 0xE6, 0xEE,
    0x61, 0xFD, 0x6B, 0xBE, 0x6C, 0x8A, 0x7C, 0xFA, 0xC6, 0x57, 0xB5, 0xFF, 0xCC, 0x7D, 0x8B, 0x07,
    0xAB, 0xED, 0xF5, 0xFE, 0xF6, 0xD9, 0x8D, 0x77, 0xA8, 0xA9, 0xF0, 0x86, 0xD5, 0x61, 0xFB, 0x9A,
    0x9B, 0x77, 0xE3, 0x75, 0x40, 0x71, 0x65, 0x71, 0xA6, 0x6A, 0x79, 0xF1, 0xFA, 0xB8, 0x8F, 0xAB,
    0x86, 0x25, 0x17, 0x11, 0x8F, 0xE0, 0x98, 0x74, 0x05, 0xF0, 0x9C, 0xB3, 0x20, 0x35, 0x94, 0x47,
    0x66, 0xBD, 0x68, 0x9C, 0x6C, 0x32, 0xF3, 0x8B, 0x78, 0x51, 0xC4, 0x23, 0x14, 0xA9, 0x54, 0x03,
    0x90, 0x73, 0x16, 0xFC, 0x03, 0x63, 0xD0, 0x7F, 0x20, 0xC7, 0xC0, 0xF0, 0xFF, 0x81, 0x7D, 0x03,
    0xE3, 0xBF, 0x00, 0xFB, 0x06, 0xA6, 0x2F, 0x0C, 0xF2, 0x0C, 0x4C, 0x1F, 0x18, 0x18, 0x90, 0x08,
    0xFB, 0xFF, 0xFF, 0xFF, 0x33, 0xD4, 0x83, 0x08, 0xED, 0x5F, 0xAB, 0xF6, 0x83, 0xC4, 0xF4, 0x29,
    0x27, 0x18, 0xF4, 0x3F, 0xC8, 0x3B, 0x30, 0xFC, 0x07, 0x12, 0x40, 0x7B, 0xE5, 0x1D, 0x80, 0xF6,
    0x02, 0x89, 0x0F, 0x28, 0x84, 0x3D, 0x48, 0xB6, 0xFE, 0xFF, 0x17, 0x79, 0x07, 0xED, 0x5F, 0x0B,
    0x20, 0x62, 0x94, 0x13, 0x00,
};

static const EpdGlyph dmsans_16_regularGlyphs[] = {
    { 0, 0, 320, 0, 0, 0, 0 }, // U+000D
    { 0, 0, 142, 0, 0, 0, 0 }, // U+0020
    { 5, 25, 133, 2, 24, 32, 0 }, // !
    { 8, 8, 155, 1, 26, 16, 32 }, // "
    { 25, 24, 429, 1, 24, 150, 48 }, // #
    { 17, 30, 309, 1, 27, 128, 198 }, // $
    { 24, 25, 419, 1, 24, 150, 326 }, // %
    { 23, 25, 391, 1, 24, 144, 476 }, // &
    { 4, 8, 85, 1, 26, 8, 620 }, // '
    { 11, 33, 199, 1, 28, 91, 628 }, // (
    { 10, 33, 199, 1, 28, 83, 719 }, // )
    { 12, 13, 256, 2, 25, 39, 802 }, // *
    { 16, 15, 293, 1, 17, 60, 841 }, // +
    { 5, 9, 97, 0, 4, 12, 901 }, // ,
    { 14, 4, 288, 2, 12, 14, 913 }, // -
    { 5, 5, 106, 1, 4, 7, 927 }, // .
    { 13, 30, 209, 0, 26, 98, 934 }, // /
    { 21, 25, 365, 1, 24, 132, 1032 }, // 0
    { 7, 24, 166, 1, 24, 42, 1164 }, // 1
    { 16, 24, 307, 2, 24, 96, 1206 }, // 2
    { 17, 25, 315, 1, 24, 107, 1302 }, // 3
    { 19, 24, 324, 1, 24, 114, 1409 }, // 4
    { 17, 25, 325, 2, 24, 107, 1523 }, // 5
    { 18, 25, 335, 1, 24, 113, 1630 }, // 6
    { 17, 24, 285, 0, 24, 102, 1743 }, // 7
    { 17, 25, 324, 2, 24, 107, 1845 }, // 8
    { 18, 25, 335, 2, 24, 113, 1952 }, // 9
    { 5, 19, 108, 1, 18, 24, 2065 }, // :
    { 7, 23, 121, 0, 18, 41, 2089 }, // ;
    { 13, 16, 293, 3, 17, 52, 2130 }, // <
    { 14, 10, 293, 2, 15, 35, 2182 }, // =
    { 12, 16, 293, 3, 17, 48, 2217 }, // >
    { 15, 25, 279, 1, 24, 94, 2265 }, // ?
    { 29, 29, 536, 2, 22, 211, 2359 }, // @
    { 21, 24, 354, 1, 24, 126, 2570 }, // A
    { 17, 24, 322, 2, 24, 102, 2696 }, // B
    { 22, 25, 382, 1, 24, 138, 2798 }, // C
    { 20, 24, 367, 2, 24, 120, 2936 }, // D
    { 15, 24, 301, 2, 24, 90, 3056 }, // E
    { 15, 24, 285, 2, 24, 90, 3146 }, // F
    { 23, 25, 404, 1, 24, 144, 3236 }, // G
    { 19, 24, 363, 2, 24, 114, 3380 }, // H
    { 4, 24, 125, 2, 24, 24, 3494 }, // I
    { 15, 25, 267, 0, 24, 94, 3518 }, // J
    { 17, 24, 311, 2, 24, 102, 3612 }, // K
    { 15, 24, 281, 2, 24, 90, 3714 }, // L
    { 24, 24, 448, 2, 24, 144, 3804 }, // M
    { 19, 24, 368, 2, 24, 114, 3948 }, // N
    { 24, 25, 413, 1, 24, 150, 4062 }, // O
    { 17, 24, 309, 2, 24, 102, 4212 }, // P
    { 24, 28, 413, 1, 24, 168, 4314 }, // Q
    { 17, 24, 317, 2, 24, 102, 4482 }, // R
    { 17, 25, 309, 1, 24, 107, 4584 }, // S
    { 17, 24, 299, 1, 24, 102, 4691 }, // T
    { 18, 25, 349, 2, 24, 113, 4793 }, // U
    { 22, 24, 357, 0, 24, 132, 4906 }, // V
    { 32, 24, 516, 0, 24, 192, 5038 }, // W
    { 18, 24, 322, 1, 24, 108, 5230 }, // X
    { 19, 24, 309, 0, 24, 114, 5338 }, // Y
    { 16, 24, 288, 1, 24, 96, 5452 }, // Z
    { 7, 34, 167, 2, 28, 60, 5548 }, // [
    { 13, 30, 209, 0, 26, 98, 5608 }, // <backslash>
    { 6, 34, 167, 2, 28, 51, 5706 }, // ]
    { 19, 17, 332, 1, 24, 81, 5757 }, // ^
    { 18, 3, 352, 2, -1, 14, 5838 }, // _
    { 8, 7, 114, 0, 25, 14, 5852 }, // `
    { 16, 19, 290, 1, 18, 76, 5866 }, // a
    { 18, 25, 334, 2, 24, 113, 5942 }, // b
    { 17, 19, 305, 1, 18, 81, 6055 }, // c
    { 18, 25, 334, 1, 24, 113, 6136 }, // d
    { 17, 19, 303, 1, 18, 81, 6249 }, // e
    { 11, 24, 181, 0, 24, 66, 6330 }, // f
    { 17, 26, 298, 1, 18, 111, 6396 }, // g
    { 16, 24, 307, 2, 24, 96, 6507 }, // h
    { 4, 25, 128, 2, 25, 25, 6603 }, // i
    { 8, 33, 130, -1, 25, 66, 6628 }, // j
    { 15, 24, 269, 2, 24, 90, 6694 }, // k
    { 4, 24, 119, 2, 24, 24, 6784 }, // l
    { 26, 18, 475, 2, 18, 117, 6808 }, // m
    { 16, 18, 306, 2, 18, 72, 6925 }, // n
    { 18, 19, 316, 1, 18, 86, 6997 }, // o
    { 18, 26, 334, 2, 18, 117, 7083 }, // p
    { 18, 26, 334, 1, 18, 117, 7200 }, // q
    { 10, 18, 197, 2, 18, 45, 7317 }, // r
    { 15, 19, 268, 1, 18, 72, 7362 }, // s
    { 11, 21, 209, 1, 21, 58, 7434 }, // t
    { 15, 18, 306, 2, 17, 68, 7492 }, // u
    { 17, 17, 281, 0, 17, 73, 7560 }, // v
    { 25, 17, 407, 0, 17, 107, 7633 }, // w
    { 16, 17, 264, 0, 17, 68, 7740 }, // x
    { 18, 25, 296, 0, 17, 113, 7808 }, // y
    { 13, 17, 244, 1, 17, 56, 7921 }, // z
    { 11, 34, 228, 2, 28, 94, 7977 }, // {
    { 4, 28, 125, 2, 24, 28, 8071 }, // |
    { 11, 34, 228, 1, 28, 94, 8099 }, // }
    { 16, 6, 293, 1, 14, 24, 8193 }, // ~
    { 0, 0, 142, 0, 0, 0, 0 }, // U+00A0
    { 5, 25, 133, 2, 18, 32, 0 }, // U+00A1
    { 17, 25, 305, 1, 21, 107, 32 }, // U+00A2
    { 18, 24, 320, 1, 24, 108, 139 }, // U+00A3
    { 14, 14, 284, 2, 17, 49, 247 }, // U+00A4
    { 18, 24, 321, 1, 24, 108, 296 }, // U+00A5
    { 4, 28, 125, 2, 24, 28, 404 }, // U+00A6
    { 17, 32, 312, 1, 24, 136, 432 }, // U+00A7
    { 10, 4, 163, 0, 23, 10, 568 }, // U+00A8
    { 24, 25, 423, 1, 24, 150, 578 }, // U+00A9
    { 13, 13, 255, 1, 24, 43, 728 }, // U+00AA
    { 13, 12, 241, 1, 16, 39, 771 }, // U+00AB
    { 20, 8, 293, -1, 15, 40, 810 }, // U+00AC
    { 15, 14, 269, 1, 24, 53, 850 }, // U+00AE
    { 13, 3, 203, 0, 22, 10, 903 }, // U+00AF
    { 10, 10, 183, 1, 24, 25, 913 }, // U+00B0
    { 17, 16, 293, 1, 16, 68, 938 }, // U+00B1
    { 9, 13, 176, 1, 24, 30, 1006 }, // U+00B2
    { 10, 13, 176, 0, 24, 33, 1036 }, // U+00B3
    { 8, 7, 114, 0, 25, 14, 1069 }, // U+00B4
    { 16, 25, 311, 2, 17, 100, 1083 }, // U+00B5
    { 17, 28, 313, 1, 24, 119, 1183 }, // U+00B6
    { 5, 5, 106, 1, 14, 7, 1302 }, // U+00B7
    { 8, 10, 122, 0, 1, 20, 1309 }, // U+00B8
    { 6, 13, 109, 0, 24, 20, 1329 }, // U+00B9
    { 13, 13, 244, 1, 24, 43, 1349 }, // U+00BA
    { 13, 12, 241, 1, 16, 39, 1392 }, // U+00BB
    { 23, 25, 376, 0, 24, 144, 1431 }, // U+00BC
    { 24, 25, 397, 0, 24, 150, 1575 }, // U+00BD
    { 27, 25, 433, 0, 24, 169, 1725 }, // U+00BE
    { 16, 25, 279, 1, 18, 100, 1894 }, // U+00BF
    { 21, 32, 354, 1, 32, 168, 1994 }, // U+00C0
    { 21, 32, 354, 1, 32, 168, 2162 }, // U+00C1
    { 21, 31, 354, 1, 31, 163, 2330 }, // U+00C2
    { 21, 29, 354, 1, 29, 153, 2493 }, // U+00C3
    { 21, 30, 354, 1, 30, 158, 2646 }, // U+00C4
    { 21, 33, 354, 1, 33, 174, 2804 }, // U+00C5
    { 28, 24, 486, 1, 24, 168, 2978 }, // U+00C6
    { 22, 33, 382, 1, 24, 182, 3146 }, // U+00C7
    { 15, 32, 301, 2, 32, 120, 3328 }, // U+00C8
    { 15, 32, 301, 2, 32, 120, 3448 }, // U+00C9
    { 15, 31, 301, 2, 31, 117, 3568 }, // U+00CA
    { 15, 30, 301, 2, 30, 113, 3685 }, // U+00CB
    { 8, 32, 125, 0, 32, 64, 3798 }, // U+00CC
    { 8, 32, 125, 0, 32, 64, 3862 }, // U+00CD
    { 10, 31, 125, -1, 31, 78, 3926 }, // U+00CE
    { 10, 30, 125, -1, 30, 75, 4004 }, // U+00CF
    { 23, 24, 378, 0, 24, 138, 4079 }, // U+00D0
    { 19, 29, 368, 2, 29, 138, 4217 }, // U+00D1
    { 24, 33, 413, 1, 32, 198, 4355 }, // U+00D2
    { 24, 33, 413, 1, 32, 198, 4553 }, // U+00D3
    { 24, 32, 413, 1, 31, 192, 4751 }, // U+00D4
    { 24, 30, 413, 1, 29, 180, 4943 }, // U+00D5
    { 24, 31, 413, 1, 30, 186, 5123 }, // U+00D6
    { 13, 13, 293, 3, 16, 43, 5309 }, // U+00D7
    { 24, 25, 414, 1, 24, 150, 5352 }, // U+00D8
    { 18, 33, 349, 2, 32, 149, 5502 }, // U+00D9
    { 18, 33, 349, 2, 32, 149, 5651 }, // U+00DA
    { 18, 32, 349, 2, 31, 144, 5800 }, // U+00DB
    { 18, 31, 349, 2, 30, 140, 5944 }, // U+00DC
    { 19, 32, 309, 0, 32, 152, 6084 }, // U+00DD
    { 17, 24, 309, 2, 24, 102, 6236 }, // U+00DE
    { 19, 26, 351, 2, 25, 124, 6338 }, // U+00DF
    { 16, 26, 290, 1, 25, 104, 6462 }, // U+00E0
    { 16, 26, 290, 1, 25, 104, 6566 }, // U+00E1
    { 16, 25, 290, 1, 24, 100, 6670 }, // U+00E2
    { 16, 24, 290, 1, 23, 96, 6770 }, // U+00E3
    { 16, 24, 290, 1, 23, 96, 6866 }, // U+00E4
    { 16, 27, 290, 1, 26, 108, 6962 }, // U+00E5
    { 29, 19, 487, 1, 18, 138, 7070 }, // U+00E6
    { 17, 27, 305, 1, 18, 115, 7208 }, // U+00E7
    { 17, 26, 303, 1, 25, 111, 7323 }, // U+00E8
    { 17, 26, 303, 1, 25, 111, 7434 }, // U+00E9
    { 17, 25, 303, 1, 24, 107, 7545 }, // U+00EA
    { 17, 24, 303, 1, 23, 102, 7652 }, // U+00EB
    { 8, 25, 119, 0, 25, 50, 7754 }, // U+00EC
    { 8, 25, 119, 0, 25, 50, 7804 }, // U+00ED
    { 10, 24, 119, -1, 24, 60, 7854 }, // U+00EE
    { 10, 23, 119, -1, 23, 58, 7914 }, // U+00EF
    { 18, 25, 330, 1, 24, 113, 7972 }, // U+00F0
    { 16, 23, 306, 2, 23, 92, 8085 }, // U+00F1
    { 18, 26, 316, 1, 25, 117, 8177 }, // U+00F2
    { 18, 26, 316, 1, 25, 117, 8294 }, // U+00F3
    { 18, 25, 316, 1, 24, 113, 8411 }, // U+00F4
    { 18, 24, 316, 1, 23, 108, 8524 }, // U+00F5
    { 18, 24, 316, 1, 23, 108, 8632 }, // U+00F6
    { 14, 15, 293, 2, 17, 53, 8740 }, // U+00F7
    { 18, 19, 318, 1, 18, 86, 8793 }, // U+00F8
    { 15, 26, 306, 2, 25, 98, 8879 }, // U+00F9
    { 15, 26, 306, 2, 25, 98, 8977 }, // U+00FA
    { 15, 25, 306, 2, 24, 94, 9075 }, // U+00FB
    { 15, 24, 306, 2, 23, 90, 9169 }, // U+00FC
    { 18, 33, 296, 0, 25, 149, 9259 }, // U+00FD
    { 18, 32, 334, 2, 24, 144, 9408 }, // U+00FE
    { 18, 31, 296, 0, 23, 140, 9552 }, // U+00FF
    { 21, 29, 354, 1, 29, 153, 0 }, // U+0100
    { 16, 23, 290, 1, 22, 92, 153 }, // U+0101
    { 21, 31, 354, 1, 31, 163, 245 }, // U+0102
    { 16, 25, 290, 1, 24, 100, 408 }, // U+0103
    { 21, 31, 354, 1, 24, 163, 508 }, // U+0104
    { 16, 25, 290, 1, 18, 100, 671 }, // U+0105
    { 22, 33, 382, 1, 32, 182, 771 }, // U+0106
    { 17, 26, 305, 1, 25, 111, 953 }, // U+0107
    { 22, 30, 382, 1, 29, 165, 1064 }, // U+010A
    { 17, 24, 305, 1, 23, 102, 1229 }, // U+010B
    { 22, 32, 382, 1, 31, 176, 1331 }, // U+010C
    { 17, 25, 305, 1, 24, 107, 1507 }, // U+010D
    { 20, 31, 367, 2, 31, 155, 1614 }, // U+010E
    { 23, 26, 378, 1, 25, 150, 1769 }, // U+010F
    { 23, 24, 378, 0, 24, 138, 1919 }, // U+0110
    { 21, 25, 360, 1, 24, 132, 2057 }, // U+0111
    { 15, 29, 301, 2, 29, 109, 2189 }, // U+0112
    { 17, 23, 303, 1, 22, 98, 2298 }, // U+0113
    { 15, 31, 301, 2, 31, 117, 2396 }, // U+0114
    { 17, 25, 303, 1, 24, 107, 2513 }, // U+0115
    { 15, 29, 301, 2, 29, 109, 2620 }, // U+0116
    { 17, 24, 303, 1, 23, 102, 2729 }, // U+0117
    { 16, 31, 301, 2, 24, 124, 2831 }, // U+0118
    { 17, 25, 303, 1, 18, 107, 2955 }, // U+0119
    { 15, 31, 301, 2, 31, 117, 3062 }, // U+011A
    { 17, 25, 303, 1, 24, 107, 3179 }, // U+011B
    { 23, 32, 404, 1, 31, 184, 3286 }, // U+011E
    { 17, 32, 298, 1, 24, 136, 3470 }, // U+011F
    { 23, 30, 404, 1, 29, 173, 3606 }, // U+0120
    { 17, 31, 298, 1, 23, 132, 3779 }, // U+0121
    { 23, 32, 404, 1, 24, 184, 3911 }, // U+0122
    { 17, 33, 298, 1, 25, 141, 4095 }, // U+0123
    { 23, 24, 399, 1, 24, 138, 4236 }, // U+0126
    { 18, 24, 332, 1, 24, 108, 4374 }, // U+0127
    { 11, 29, 125, -1, 29, 80, 4482 }, // U+0128
    { 11, 23, 119, -2, 23, 64, 4562 }, // U+0129
    { 12, 29, 125, -2, 29, 87, 4626 }, // U+012A
    { 13, 22, 119, -3, 22, 72, 4713 }, // U+012B
    { 10, 31, 125, -1, 31, 78, 4785 }, // U+012C
    { 10, 24, 119, -1, 24, 60, 4863 }, // U+012D
    { 8, 31, 125, -2, 24, 62, 4923 }, // U+012E
    { 8, 30, 119, -2, 23, 60, 4985 }, // U+012F
    { 4, 29, 125, 2, 29, 29, 5045 }, // U+0130
    { 4, 17, 119, 2, 17, 17, 5074 }, // U+0131
    { 19, 25, 371, 2, 24, 119, 5091 }, // U+0132
    { 11, 33, 238, 2, 25, 91, 5210 }, // U+0133
    { 17, 32, 311, 2, 24, 136, 5301 }, // U+0136
    { 15, 32, 269, 2, 24, 120, 5437 }, // U+0137
    { 17, 32, 281, 0, 32, 136, 5557 }, // U+0139
    { 8, 32, 119, 0, 32, 64, 5693 }, // U+013A
    { 15, 32, 281, 2, 24, 120, 5757 }, // U+013B
    { 4, 32, 119, 2, 24, 32, 5877 }, // U+013C
    { 15, 25, 281, 2, 25, 94, 5909 }, // U+013D
    { 8, 25, 163, 2, 25, 50, 6003 }, // U+013E
    { 15, 24, 281, 2, 24, 90, 6053 }, // U+013F
    { 9, 24, 191, 2, 24, 54, 6143 }, // U+0140
    { 18, 24, 295, 0, 24, 108, 6197 }, // U+0141
    { 9, 24, 134, 0, 24, 54, 6305 }, // U+0142
    { 19, 32, 368, 2, 32, 152, 6359 }, // U+0143
    { 16, 25, 306, 2, 25, 100, 6511 }, // U+0144
    { 19, 32, 368, 2, 24, 152, 6611 }, // U+0145
    { 16, 26, 306, 2, 18, 104, 6763 }, // U+0146
    { 19, 31, 368, 2, 31, 148, 6867 }, // U+0147
    { 16, 24, 306, 2, 24, 96, 7015 }, // U+0148
    { 19, 32, 368, 2, 24, 152, 7111 }, // U+014A
    { 16, 26, 306, 2, 18, 104, 7263 }, // U+014B
    { 24, 30, 413, 1, 29, 180, 7367 }, // U+014C
    { 18, 23, 316, 1, 22, 104, 7547 }, // U+014D
    { 24, 32, 413, 1, 31, 192, 7651 }, // U+014E
    { 18, 25, 316, 1, 24, 113, 7843 }, // U+014F
    { 24, 32, 413, 1, 31, 192, 7956 }, // U+0150
    { 18, 25, 316, 1, 24, 113, 8148 }, // U+0151
    { 35, 25, 594, 1, 24, 219, 8261 }, // U+0152
    { 31, 19, 522, 1, 18, 148, 8480 }, // U+0153
    { 17, 32, 317, 2, 32, 136, 8628 }, // U+0154
    { 10, 25, 197, 2, 25, 63, 8764 }, // U+0155
    { 17, 32, 317, 2, 24, 136, 8827 }, // U+0156
    { 10, 26, 197, 2, 18, 65, 8963 }, // U+0157
    { 17, 31, 317, 2, 31, 132, 9028 }, // U+0158
    { 10, 24, 197, 2, 24, 60, 9160 }, // U+0159
    { 17, 33, 309, 1, 32, 141, 9220 }, // U+015A
    { 15, 26, 268, 1, 25, 98, 9361 }, // U+015B
    { 17, 33, 309, 1, 24, 141, 9459 }, // U+015E
    { 15, 27, 268, 1, 18, 102, 9600 }, // U+015F
    { 17, 32, 309, 1, 31, 136, 9702 }, // U+0160
    { 15, 25, 268, 1, 24, 94, 9838 }, // U+0161
    { 17, 33, 299, 1, 24, 141, 9932 }, // U+0162
    { 13, 30, 209, 1, 21, 98, 10073 }, // U+0163
    { 17, 31, 299, 1, 31, 132, 10171 }, // U+0164
    { 12, 25, 209, 1, 25, 75, 10303 }, // U+0165
    { 18, 30, 349, 2, 29, 135, 10378 }, // U+0168
    { 15, 24, 306, 2, 23, 90, 10513 }, // U+0169
    { 18, 30, 349, 2, 29, 135, 10603 }, // U+016A
    { 15, 23, 306, 2, 22, 87, 10738 }, // U+016B
    { 18, 32, 349, 2, 31, 144, 10825 }, // U+016C
    { 15, 25, 306, 2, 24, 94, 10969 }, // U+016D
    { 18, 34, 349, 2, 33, 153, 11063 }, // U+016E
    { 15, 27, 306, 2, 26, 102, 11216 }, // U+016F
    { 18, 32, 349, 2, 31, 144, 11318 }, // U+0170
    { 15, 25, 306, 2, 24, 94, 11462 }, // U+0171
    { 18, 31, 349, 2, 24, 140, 11556 }, // U+0172
    { 15, 24, 306, 2, 17, 90, 11696 }, // U+0173
    { 32, 31, 516, 0, 31, 248, 11786 }, // U+0174
    { 25, 24, 407, 0, 24, 150, 12034 }, // U+0175
    { 19, 31, 309, 0, 31, 148, 12184 }, // U+0176
    { 18, 32, 296, 0, 24, 144, 12332 }, // U+0177
    { 19, 30, 309, 0, 30, 143, 12476 }, // U+0178
    { 16, 32, 288, 1, 32, 128, 12619 }, // U+0179
    { 13, 25, 244, 1, 25, 82, 12747 }, // U+017A
    { 16, 29, 288, 1, 29, 116, 12829 }, // U+017B
    { 13, 23, 244, 1, 23, 75, 12945 }, // U+017C
    { 16, 31, 288, 1, 31, 124, 13020 }, // U+017D
    { 13, 24, 244, 1, 24, 78, 13144 }, // U+017E
    { 28, 32, 486, 1, 32, 224, 0 }, // U+01FC
    { 29, 26, 487, 1, 25, 189, 224 }, // U+01FD
    { 17, 32, 309, 1, 24, 136, 413 }, // U+0218
    { 15, 26, 268, 1, 18, 98, 549 }, // U+0219
    { 17, 32, 299, 1, 24, 136, 647 }, // U+021A
    { 11, 29, 209, 1, 21, 80, 783 }, // U+021B
    { 8, 7, 0, 0, 25, 14, 0 }, // U+0300
    { 8, 7, 0, 0, 25, 14, 14 }, // U+0301
    { 10, 6, 0, 0, 24, 15, 28 }, // U+0302
    { 11, 4, 0, 0, 23, 11, 43 }, // U+0303
    { 12, 3, 0, 0, 22, 9, 54 }, // U+0304
    { 10, 6, 0, 0, 24, 15, 63 }, // U+0306
    { 4, 4, 0, 0, 23, 4, 78 }, // U+0307
    { 9, 4, 0, 0, 23, 9, 82 }, // U+0308
    { 7, 7, 0, 0, 26, 13, 91 }, // U+030A
    { 10, 6, 0, 0, 24, 15, 104 }, // U+030B
    { 10, 6, 0, 0, 24, 15, 119 }, // U+030C
    { 4, 7, 0, 0, 25, 7, 134 }, // U+0312
    { 4, 7, 0, 0, -1, 7, 141 }, // U+0326
    { 8, 10, 0, 0, 1, 20, 148 }, // U+0327
    { 7, 9, 0, 0, 2, 16, 168 }, // U+0328
    { 15, 29, 301, 2, 29, 109, 0 }, // U+1EBC
    { 17, 24, 303, 1, 23, 102, 109 }, // U+1EBD
    { 19, 32, 309, 0, 32, 152, 211 }, // U+1EF2
    { 18, 33, 296, 0, 25, 149, 363 }, // U+1EF3
    { 19, 29, 309, 0, 29, 138, 512 }, // U+1EF8
    { 18, 31, 296, 0, 23, 140, 650 }, // U+1EF9
    { 18, 4, 357, 2, 12, 18, 0 }, // U+2013
    { 25, 4, 466, 2, 12, 25, 18 }, // U+2014
    { 5, 9, 112, 1, 24, 12, 43 }, // U+2018
    { 5, 9, 112, 1, 24, 12, 55 }, // U+2019
    { 6, 9, 100, 0, 4, 14, 67 }, // U+201A
    { 11, 9, 196, 1, 24, 25, 81 }, // U+201C
    { 11, 9, 196, 1, 24, 25, 106 }, // U+201D
    { 11, 9, 186, 0, 4, 25, 131 }, // U+201E
    { 16, 35, 283, 1, 26, 140, 156 }, // U+2020
    { 16, 35, 284, 1, 26, 140, 296 }, // U+2021
    { 8, 9, 192, 2, 16, 18, 436 }, // U+2022
    { 17, 5, 302, 1, 4, 22, 454 }, // U+2026
    { 36, 25, 606, 1, 24, 225, 476 }, // U+2030
    { 7, 12, 147, 1, 16, 21, 701 }, // U+2039
    { 7, 12, 147, 1, 16, 21, 722 }, // U+203A
    { 17, 24, 230, -1, 24, 102, 743 }, // U+2044
    { 11, 13, 171, 0, 24, 36, 0 }, // U+2074
    { 32, 25, 560, 2, 24, 200, 0 }, // U+20A8
    { 25, 25, 411, 0, 24, 157, 200 }, // U+20AC
    { 19, 25, 341, 1, 24, 119, 357 }, // U+20B9
    { 24, 25, 435, 1, 24, 150, 476 }, // U+20BA
    { 19, 24, 332, 1, 24, 114, 626 }, // U+20BD
    { 24, 25, 416, 1, 24, 150, 0 }, // U+2190
    { 27, 24, 457, 1, 24, 162, 150 }, // U+2191
    { 24, 25, 416, 1, 24, 150, 312 }, // U+2192
    { 27, 24, 457, 1, 24, 162, 462 }, // U+2193
    { 31, 25, 533, 1, 24, 194, 624 }, // U+2194
    { 26, 24, 450, 1, 24, 156, 818 }, // U+2195
    { 19, 20, 335, 1, 21, 95, 974 }, // U+2196
    { 19, 19, 335, 1, 21, 91, 1069 }, // U+2197
    { 19, 19, 335, 1, 21, 91, 1160 }, // U+2198
    { 19, 19, 335, 1, 21, 91, 1251 }, // U+2199
    { 17, 26, 302, 1, 25, 111, 0 }, // U+2202
    { 22, 24, 371, 1, 24, 132, 111 }, // U+2206
    { 22, 24, 387, 1, 24, 132, 243 }, // U+220F
    { 14, 26, 240, 1, 24, 91, 375 }, // U+2211
    { 14, 4, 293, 2, 12, 14, 466 }, // U+2212
    { 13, 30, 209, 0, 26, 98, 480 }, // U+2215
    { 26, 31, 380, 0, 29, 202, 578 }, // U+221A
    { 21, 11, 371, 1, 15, 58, 780 }, // U+221E
    { 13, 38, 138, -2, 31, 124, 838 }, // U+222B
    { 16, 13, 293, 1, 16, 52, 962 }, // U+2248
    { 14, 15, 293, 2, 17, 53, 1014 }, // U+2260
    { 13, 17, 293, 3, 17, 56, 1067 }, // U+2264
    { 13, 17, 293, 3, 17, 56, 1123 }, // U+2265
    { 17, 24, 300, 0, 24, 102, 0 }, // U+FB01
    { 17, 24, 300, 0, 24, 102, 102 }, // U+FB02
};

static const EpdUnicodeInterval dmsans_16_regularIntervals[] = {
    { 0xD, 0xD, 0x0 },
    { 0x20, 0x7E, 0x1 },
    { 0xA0, 0xAC, 0x60 },
    { 0xAE, 0x107, 0x6D },
    { 0x10A, 0x11B, 0xC7 },
    { 0x11E, 0x123, 0xD9 },
    { 0x126, 0x133, 0xDF },
    { 0x136, 0x137, 0xED },
    { 0x139, 0x148, 0xEF },
    { 0x14A, 0x15B, 0xFF },
    { 0x15E, 0x165, 0x111 },
    { 0x168, 0x17E, 0x119 },
    { 0x1FC, 0x1FD, 0x130 },
    { 0x218, 0x21B, 0x132 },
    { 0x300, 0x304, 0x136 },
    { 0x306, 0x308, 0x13B },
    { 0x30A, 0x30C, 0x13E },
    { 0x312, 0x312, 0x141 },
    { 0x326, 0x328, 0x142 },
    { 0x1EBC, 0x1EBD, 0x145 },
    { 0x1EF2, 0x1EF3, 0x147 },
    { 0x1EF8, 0x1EF9, 0x149 },
    { 0x2013, 0x2014, 0x14B },
    { 0x2018, 0x201A, 0x14D },
    { 0x201C, 0x201E, 0x150 },
    { 0x2020, 0x2022, 0x153 },
    { 0x2026, 0x2026, 0x156 },
    { 0x2030, 0x2030, 0x157 },
    { 0x2039, 0x203A, 0x158 },
    { 0x2044, 0x2044, 0x15A },
    { 0x2074, 0x2074, 0x15B },
    { 0x20A8, 0x20A8, 0x15C },
    { 0x20AC, 0x20AC, 0x15D },
    { 0x20B9, 0x20BA, 0x15E },
    { 0x20BD, 0x20BD, 0x160 },
    { 0x2190, 0x2199, 0x161 },
    { 0x2202, 0x2202, 0x16B },
    { 0x2206, 0x2206, 0x16C },
    { 0x220F, 0x220F, 0x16D },
    { 0x2211, 0x2212, 0x16E },
    { 0x2215, 0x2215, 0x170 },
    { 0x221A, 0x221A, 0x171 },
    { 0x221E, 0x221E, 0x172 },
    { 0x222B, 0x222B, 0x173 },
    { 0x2248, 0x2248, 0x174 },
    { 0x2260, 0x2260, 0x175 },
    { 0x2264, 0x2265, 0x176 },
    { 0xFB01, 0xFB02, 0x178 },
};

static const EpdFontGroup dmsans_16_regularGroups[] = {
    { 0, 3572, 9014, 96, 0 },
    { 3572, 3031, 10523, 95, 96 },
    { 6603, 3323, 14416, 113, 191 },
    { 9926, 414, 943, 6, 304 },
    { 10340, 171, 203, 15, 310 },
    { 10511, 301, 861, 6, 325 },
    { 10812, 410, 899, 16, 331 },
    { 11222, 39, 39, 1, 347 },
    { 11261, 384, 770, 5, 348 },
    { 11645, 565, 1389, 10, 353 },
    { 12210, 531, 1341, 13, 363 },
    { 12741, 80, 240, 2, 376 },
};

static const uint16_t dmsans_16_regularKernLeftCodepoints[] = {
    0x0021, 0x0022, 0x0024, 0x0026, 0x0027, 0x0028, 0x002A, 0x002B, 0x002C, 0x002D, 0x002E, 0x002F,
    0x0030, 0x0032, 0x0033, 0x0034, 0x0035, 0x0036, 0x0037, 0x0038, 0x0039, 0x003A, 0x003B, 0x003C,
    0x003E, 0x003F, 0x0040, 0x0041, 0x0042, 0x0043, 0x0044, 0x0046, 0x0047, 0x004A, 0x004B, 0x004C,
    0x004F, 0x0050, 0x0052, 0x0053, 0x0054, 0x0055, 0x0056, 0x0057, 0x0058, 0x0059, 0x005A, 0x005C,
    0x005F, 0x0061, 0x0062, 0x0063, 0x0065, 0x0066, 0x0067, 0x0068, 0x006B, 0x006D, 0x006E, 0x006F,
    0x0070, 0x0071, 0x0072, 0x0073, 0x0074, 0x0076, 0x0077, 0x0078, 0x0079, 0x007A, 0x007B, 0x007D,
    0x00A1, 0x00A5, 0x00AB, 0x00BF, 0x00C0, 0x00C1, 0x00C2, 0x00C3, 0x00C4, 0x00C5, 0x00C7, 0x00D0,
    0x00D2, 0x00D3, 0x00D4, 0x00D5, 0x00D6, 0x00D7, 0x00D8, 0x00D9, 0x00DA, 0x00DB, 0x00DC, 0x00DD,
    0x00DE, 0x00DF, 0x00E0, 0x00E1, 0x00E2, 0x00E3, 0x00E4, 0x00E5, 0x00E6, 0x00E7, 0x00E8, 0x00E9,
    0x00EA, 0x00EB, 0x00F1, 0x00F2, 0x00F3, 0x00F4, 0x00F5, 0x00F6, 0x00F7, 0x00F8, 0x00FD, 0x00FE,
    0x00FF, 0x0100, 0x0101, 0x0102, 0x0103, 0x0104, 0x0105, 0x0106, 0x0107, 0x010A, 0x010B, 0x010C,
    0x010D, 0x010E, 0x0110, 0x0111, 0x0113, 0x0115, 0x0117, 0x0119, 0x011B, 0x011E, 0x011F, 0x0120,
    0x0121, 0x0123, 0x0136, 0x0137, 0x0139, 0x013B, 0x013D, 0x013F, 0x0141, 0x0144, 0x0146, 0x0148,
    0x014C, 0x014D, 0x014E, 0x014F, 0x0150, 0x0151, 0x0153, 0x0154, 0x0155, 0x0157, 0x0158, 0x0159,
    0x015A, 0x015B, 0x015E, 0x015F, 0x0160, 0x0161, 0x0162, 0x0163, 0x0164, 0x0165, 0x0168, 0x016A,
    0x016C, 0x016E, 0x0170, 0x0172, 0x0174, 0x0175, 0x0176, 0x0177, 0x0178, 0x0179, 0x017A, 0x017B,
    0x017C, 0x017D, 0x017E, 0x01FD, 0x0219, 0x021A, 0x021B, 0x1EBD, 0x1EF2, 0x1EF3, 0x1EF8, 0x1EF9,
    0x2013, 0x2014, 0x2018, 0x2019, 0x201A, 0x201C, 0x201D, 0x201E, 0x2026, 0x2039, 0x20AC, 0x20BD,
    0x2212, 0x221A,
};

static const uint8_t dmsans_16_regularKernLeftClassIds[] = {
      1,   2,   3,   4,   2,   5,   6,   7,   8,   9,  10,  11,  12,  13,  14,  15,
     16,  17,  18,  19,  20,  21,  22,  23,  24,  25,  26,  27,  28,  29,  30,  31,
     32,  33,  34,  35,  30,  36,  37,   3,  38,  39,  40,  41,  42,  43,  44,  45,
     46,  47,  48,  49,  50,  51,  52,  53,  54,  53,  53,  48,  48,  55,  56,  57,
     58,  59,  60,  61,  62,  63,  64,  65,  66,  67,  68,  69,  27,  27,  27,  27,
     27,  27,  29,  30,  30,  30,  30,  30,  30,  70,  71,  39,  39,  39,  39,  43,
     72,  73,  47,  47,  47,  47,  47,  47,  50,  49,  50,  50,  50,  50,  53,  48,
     48,  48,  48,  48,  74,  75,  62,  48,  62,  27,  47,  27,  47,  27,  47,  29,
     49,  29,  49,  29,  49,  30,  30,  48,  50,  50,  50,  50,  50,  32,  52,  32,
     52,  52,  34,  54,  35,  35,  35,  35,  35,  53,  53,  53,  30,  48,  30,  48,
     30,  48,  50,  37,  56,  56,  37,  56,   3,  76,   3,  76,   3,  76,  38,  58,
     38,  58,  39,  39,  39,  39,  39,  39,  41,  60,  43,  62,  43,  44,  63,  44,
     63,  44,  63,  50,  76,  38,  58,  50,  43,  62,  43,  62,   9,   9,  77,  78,
     79,  77,  78,  79,  10,  68,  29,  80,   9,  81,
};

static const uint16_t dmsans_16_regularKernRightCodepoints[] = {
    0x0021, 0x0022, 0x0023, 0x0024, 0x0025, 0x0026, 0x0027, 0x0029, 0x002A, 0x002B, 0x002C, 0x002D,
    0x002E, 0x002F, 0x0030, 0x0031, 0x0032, 0x0033, 0x0034, 0x0035, 0x0036, 0x0037, 0x0038, 0x0039,
    0x003A, 0x003B, 0x003C, 0x003E, 0x003F, 0x0040, 0x0041, 0x0042, 0x0043, 0x0044, 0x0045, 0x0046,
    0x0047, 0x0048, 0x0049, 0x004A, 0x004B, 0x004C, 0x004D, 0x004E, 0x004F, 0x0050, 0x0051, 0x0052,
    0x0053, 0x0054, 0x0055, 0x0056, 0x0057, 0x0058, 0x0059, 0x005A, 0x005C, 0x005F, 0x0061, 0x0063,
    0x0064, 0x0065, 0x0066, 0x0067, 0x006A, 0x006D, 0x006E, 0x006F, 0x0070, 0x0071, 0x0072, 0x0073,
    0x0074, 0x0075, 0x0076, 0x0077, 0x0078, 0x0079, 0x007A, 0x007B, 0x007C, 0x007D, 0x00A1, 0x00A2,
    0x00A6, 0x00AB, 0x00BF, 0x00C0, 0x00C1, 0x00C2, 0x00C3, 0x00C4, 0x00C5, 0x00C6, 0x00C7, 0x00C8,
    0x00C9, 0x00CA, 0x00CB, 0x00CC, 0x00CD, 0x00CE, 0x00CF, 0x00D1, 0x00D2, 0x00D3, 0x00D4, 0x00D5,
    0x00D6, 0x00D7, 0x00D8, 0x00D9, 0x00DA, 0x00DB, 0x00DC, 0x00DD, 0x00DE, 0x00E0, 0x00E1, 0x00E2,
    0x00E3, 0x00E4, 0x00E5, 0x00E6, 0x00E7, 0x00E8, 0x00E9, 0x00EA, 0x00EB, 0x00F0, 0x00F1, 0x00F2,
    0x00F3, 0x00F4, 0x00F5, 0x00F6, 0x00F7, 0x00F8, 0x00F9, 0x00FA, 0x00FB, 0x00FC, 0x00FD, 0x00FF,
    0x0100, 0x0101, 0x0102, 0x0103, 0x0104, 0x0105, 0x0106, 0x0107, 0x010A, 0x010B, 0x010C, 0x010D,
    0x010E, 0x010F, 0x0111, 0x0112, 0x0113, 0x0114, 0x0115, 0x0116, 0x0117, 0x0118, 0x0119, 0x011A,
    0x011B, 0x011E, 0x011F, 0x0120, 0x0121, 0x0123, 0x0128, 0x012A, 0x012C, 0x0130, 0x0131, 0x0136,
    0x0139, 0x013B, 0x013D, 0x013F, 0x0141, 0x0143, 0x0144, 0x0146, 0x0147, 0x0148, 0x014C, 0x014D,
    0x014E, 0x014F, 0x0150, 0x0151, 0x0152, 0x0153, 0x0154, 0x0155, 0x0157, 0x0158, 0x0159, 0x015A,
    0x015B, 0x015E, 0x015F, 0x0160, 0x0161, 0x0162, 0x0163, 0x0164, 0x0165, 0x0168, 0x0169, 0x016A,
    0x016B, 0x016C, 0x016D, 0x016E, 0x016F, 0x0170, 0x0171, 0x0172, 0x0173, 0x0174, 0x0175, 0x0176,
    0x0177, 0x0178, 0x0179, 0x017A, 0x017B, 0x017C, 0x017D, 0x017E, 0x01FC, 0x01FD, 0x0219, 0x021A,
    0x021B, 0x1EBC, 0x1EBD, 0x1EF2, 0x1EF3, 0x1EF8, 0x1EF9, 0x2013, 0x2014, 0x2018, 0x2019, 0x201A,
    0x201C, 0x201D, 0x201E, 0x2026, 0x2030, 0x2039, 0x2212, 0x221A,
};

static const uint8_t dmsans_16_regularKernRightClassIds[] = {
      1,   2,   3,   4,   5,   6,   2,   7,   8,   9,  10,  11,  12,  13,  14,  15,
     16,  17,  18,  19,  20,  21,  22,  23,  24,  25,  26,  27,  28,  29,  30,  31,
     32,  31,  31,  31,  32,  31,  31,  33,  31,  31,  31,  31,  32,  31,  32,  31,
      4,  34,  35,  36,  37,  38,  39,  40,  41,  42,  43,  44,  44,  44,  45,  46,
     47,  48,  48,  44,  49,  44,  48,  50,  51,  52,  53,  54,  55,  56,  57,  58,
     31,  59,  60,  61,  31,  62,  63,  30,  30,  30,  30,  30,  30,  64,  32,  31,
     31,  31,  31,  31,  31,  65,  66,  31,  32,  32,  32,  32,  32,  67,  68,  35,
     35,  35,  35,  39,  31,  43,  43,  43,  43,  43,  43,  43,  44,  44,  44,  44,
     44,  44,  48,  44,  44,  44,  44,  44,  69,  70,  52,  52,  52,  52,  56,  56,
     30,  43,  30,  43,  30,  43,  32,  44,  32,  44,  32,  44,  31,  44,  44,  31,
     44,  31,  44,  31,  44,  31,  44,  31,  44,  32,  46,  32,  46,  46,  31,  71,
     31,  31,  48,  31,  31,  31,  31,  31,  72,  31,  48,  48,  31,  48,  32,  44,
     32,  44,  32,  44,  32,  44,  31,  48,  48,  31,  48,   4,  73,   4,  73,   4,
     73,  34,  51,  34,  51,  35,  52,  35,  52,  35,  52,  35,  52,  35,  52,  35,
     52,  37,  54,  39,  56,  39,  40,  57,  40,  57,  40,  57,  64,  43,  73,  34,
     51,  31,  44,  39,  56,  39,  56,  11,  11,  74,  75,  76,  74,  75,  76,  12,
      5,  62,  11,  77,
};

static const uint16_t dmsans_16_regularKernRowOffsets[] = {
        0,     1,    10,    14,    31,    45,    62,    69,    80,    88,   107,   142,   157,   175,   190,   199,
      219,   239,   279,   298,   316,   318,   320,   322,   326,   338,   365,   398,   406,   413,   429,   443,
      444,   446,   467,   493,   513,   524,   565,   570,   605,   640,   659,   700,   702,   722,   741,   748,
      764,   771,   782,   790,   793,   798,   802,   804,   812,   823,   826,   841,   850,   852,   867,   868,
      870,   877,   881,   882,   883,   895,   904,   907,   915,   920,   922,   923,   934,   941,   950,   952,
      953,   954,
};

static const uint8_t dmsans_16_regularKernSparseCols[] = {
      7,  17,  18,  20,  28,  29,  32,  43,  45,  63,  33,  35,  36,  38,   1,   4,
      7,  17,  20,  22,  27,  31,  33,  35,  36,  38,  40,  52,  53,  55,  74,   5,
     13,  17,  19,  21,  22,  28,  29,  31,  42,  43,  49,  50,  72,   0,   5,  12,
     17,  18,  19,  21,  28,  29,  32,  41,  42,  43,  49,  62,  63,  72,  12,  20,
     29,  33,  35,  36,  38,   4,  31,  33,  35,  36,  38,  40,  50,  52,  53,  55,
     12,  20,  29,  33,  35,  36,  38,  40,   4,  13,  14,  19,  20,  22,  25,  27,
     31,  33,  34,  35,  36,  38,  40,  52,  53,  55,  57,   5,   7,   8,   9,  10,
     11,  12,  13,  16,  17,  18,  19,  21,  22,  28,  30,  31,  32,  33,  35,  36,
     38,  41,  42,  43,  45,  47,  49,  62,  64,  65,  67,  70,  72,  75,   6,   9,
     11,  12,  15,  20,  29,  33,  35,  36,  37,  38,  40,  41,  63,   2,   8,  13,
     17,  20,  21,  22,  31,  33,  35,  36,  38,  43,  44,  52,  54,  66,  68,   4,
      7,  12,  14,  20,  22,  28,  29,  33,  35,  36,  37,  38,  40,  63,   4,   5,
      7,  33,  35,  36,  38,  55,  76,   1,   2,   7,  12,  15,  20,  22,  28,  29,
     33,  35,  36,  37,  38,  41,  45,  53,  55,  63,  74,   4,   6,   7,  11,  12,
     15,  18,  20,  22,  28,  29,  33,  35,  36,  37,  38,  40,  41,  45,  63,   1,
      5,   8,   9,  10,  11,  12,  13,  14,  15,  16,  17,  18,  19,  21,  22,  24,
     25,  28,  29,  31,  32,  35,  36,  41,  42,  43,  44,  45,  47,  48,  49,  60,
     61,  62,  66,  67,  68,  72,  75,   6,   7,  12,  14,  15,  20,  22,  28,  29,
     33,  35,  36,  37,  38,  40,  41,  53,  63,  74,   6,  11,  12,  14,  15,  16,
     20,  21,  29,  33,  35,  36,  37,  38,  40,  41,  63,  71,  35,  38,  33,  38,
      6,  28,   6,  11,  20,  28,   6,   9,  11,  12,  28,  29,  32,  37,  41,  62,
     63,  75,   1,   4,   6,   7,   9,  11,  12,  14,  15,  16,  17,  20,  21,  25,
     26,  27,  29,  33,  35,  36,  37,  38,  40,  41,  53,  55,  63,   1,   6,   7,
      8,  10,  13,  14,  16,  17,  18,  19,  20,  21,  22,  27,  28,  31,  33,  34,
     35,  36,  38,  40,  42,  43,  44,  50,  51,  52,  53,  55,  57,  66,  22,  29,
     33,  35,  36,  37,  38,  63,   6,  29,  33,  36,  37,  38,  63,   6,   9,  11,
     12,  15,  20,  29,  33,  35,  36,  37,  38,  40,  41,  58,  63,   5,   9,  11,
     21,  28,  29,  32,  41,  42,  43,  49,  63,  66,  72,  38,  11,  29,   5,   8,
     10,  13,  16,  17,  19,  21,  22,  27,  31,  42,  43,  49,  50,  51,  52,  53,
     55,  61,  72,   1,   3,   4,   7,   8,  10,  13,  14,  17,  18,  19,  20,  22,
     27,  31,  33,  34,  35,  36,  38,  40,  43,  50,  52,  53,  55,   5,   6,   8,
      9,  11,  12,  17,  18,  21,  28,  29,  32,  37,  38,  39,  41,  42,  43,  45,
     63,   8,  17,  18,  21,  35,  36,  38,  42,  43,  49,  72,   3,   5,   8,   9,
     10,  11,  12,  13,  15,  16,  17,  21,  22,  24,  27,  28,  29,  31,  32,  40,
     41,  42,  43,  45,  47,  48,  49,  50,  51,  52,  53,  54,  55,  56,  57,  59,
     62,  63,  66,  69,  72,  11,  12,  29,  41,  63,   3,   5,   8,   9,  10,  11,
     12,  13,  15,  16,  17,  18,  19,  20,  21,  22,  23,  28,  29,  31,  32,  40,
     41,  42,  43,  45,  47,  49,  50,  51,  52,  59,  63,  66,  72,   3,   5,   8,
      9,  10,  11,  12,  13,  15,  16,  17,  18,  19,  21,  22,  24,  28,  29,  31,
     32,  41,  42,  43,  45,  47,  49,  51,  52,  57,  59,  63,  66,  67,  69,  72,
     13,  16,  17,  18,  19,  21,  22,  27,  28,  31,  42,  43,  49,  51,  52,  53,
     55,  66,  72,   1,   3,   5,   8,   9,  10,  11,  12,  13,  15,  16,  17,  18,
     19,  21,  22,  23,  24,  28,  29,  31,  32,  41,  42,  43,  45,  47,  49,  50,
     51,  52,  53,  55,  56,  57,  59,  62,  63,  66,  67,  72,  17,  31,   1,   9,
     10,  13,  19,  20,  21,  22,  27,  31,  33,  35,  36,  38,  40,  41,  43,  73,
     74,  75,   5,   7,  13,  14,  17,  18,  19,  20,  21,  22,  27,  31,  33,  34,
     35,  36,  38,  40,  46,   7,  20,  40,  50,  52,  53,  55,   1,   6,   7,  12,
     14,  20,  22,  27,  40,  45,  50,  52,  53,  54,  55,  58,   6,   7,  20,  27,
     40,  50,  52,   1,   7,  20,  27,  40,  45,  50,  52,  53,  54,  55,  11,  17,
     28,  42,  43,  45,  49,  72,  43,  46,  52,   1,   7,  40,  52,  55,  42,  43,
     49,  72,  40,  46,   9,  11,  15,  16,  23,  43,  45,  69,   6,   7,  14,  20,
     22,  27,  40,  50,  52,  53,  55,   9,  15,  43,   5,   9,  11,  15,  17,  28,
     42,  43,  44,  45,  49,  50,  62,  69,  72,   9,  11,  17,  21,  28,  42,  43,
     45,  62,  42,  43,   5,   9,  11,  12,  17,  20,  28,  42,  43,  45,  49,  62,
     66,  69,  72,  17,  31,  43,   9,  11,  29,  33,  36,  38,  63,  33,  35,  36,
     38,  20,  20,   4,  19,  20,  22,  27,  33,  38,  40,  43,  52,  56,  75,  20,
     29,  33,  35,  36,  37,  38,  55,  63,  11,  12,  41,   6,  11,  29,  33,  35,
     36,  37,  38,   7,  20,  43,  52,  55,  14,  20,  52,   6,   7,  14,  20,  22,
     27,  40,  50,  52,  53,  55,  12,  17,  18,  21,  28,  32,  62,   5,  12,  17,
     18,  21,  28,  32,  49,  72,  27,  40,  17,  17,
};

static const int8_t dmsans_16_regularKernSparseValues[] = {
      -3,  -28,  -16,   16,  -43,  -33,  -37,  -23,  -21,  -50,   -9,  -11,   -9,  -16,  -25,  -12,
     -20,   -2,  -14,  -11,  -21,   -2,  -23,  -27,  -17,  -33,  -23,   -2,   -2,   -2,   -4,  -21,
     -21,  -21,  -16,  -22,  -17,  -21,  -18,  -36,  -22,  -22,  -11,   -9,  -11,   -3,  -22,  -55,
     -53,  -18,  -17,  -16,  -27,  -49,  -37,  -51,   -7,  -12,  -15,  -48,  -60,  -15,  -25,  -28,
     -20,  -31,  -30,  -30,  -38,  -23,  -11,  -43,  -38,  -27,  -39,  -28,  -16,  -26,  -16,  -27,
     -26,  -31,  -16,  -27,  -21,  -21,  -31,  -26,  -39,  -21,  -12,  -16,  -16,  -16,  -32,  -21,
     -16,  -43,  -11,  -43,  -37,  -44,  -32,  -21,  -18,  -21,  -27,  -27,   -3,  -30,  -32,  -34,
     -63,  -64,  -11,  -21,  -37,  -16,  -15,  -18,  -21,  -51,   30,  -16,  -21,   11,   16,    2,
      11,  -79,  -27,  -25,  -18,  -10,  -16,  -33,   32,   23,  -16,   34,  -16,  -47,  -21,  -16,
     -21,  -21,   -5,   -7,  -21,  -20,  -21,  -21,  -22,  -21,  -21,  -32,  -25,    2,  -14,   -5,
      -9,   -9,   -9,   -5,   -5,  -12,  -18,  -14,  -23,   -9,    2,    2,    2,   -9,  -14,   -9,
     -11,  -25,   -9,   -9,  -15,  -15,  -21,  -18,  -20,  -16,  -21,  -26,  -21,  -15,   -2,   21,
     -23,  -21,  -20,  -11,  -16,  -11,   16,   -9,    2,  -17,  -16,   -9,   -9,  -15,  -14,  -23,
      -9,  -18,  -18,  -21,  -25,  -26,   -2,   -9,   -9,  -18,  -11,   -9,  -16,  -17,  -21,  -21,
     -14,  -11,  -14,  -11,  -14,  -21,  -18,  -18,  -21,  -26,  -31,  -14,  -21,   -9,  -25,   16,
     -25,  -14,  -27,  -18,  -32,  -46,   -7,    2,  -14,  -14,  -31,  -15,  -14,   -9,  -14,  -20,
     -20,  -55,  -46,  -14,  -21,   11,    2,  -30,  -18,  -31,    2,  -23,  -14,  -18,  -34,  -21,
     -26,  -35,  -14,  -14,  -18,  -34,  -32,  -22,  -16,  -18,  -11,   -9,  -14,  -15,  -14,  -16,
     -18,  -19,  -21,  -21,  -26,  -21,  -23,   -9,  -15,  -11,  -18,  -16,  -27,   -9,   -9,   -9,
     -14,   -9,  -26,  -18,  -16,  -21,  -27,  -27,  -16,  -27,  -26,   12,  -16,  -17,  -26,   -2,
     -21,  -21,  -31,  -32,  -21,  -36,  -29,  -37,  -49,  -38,  -30,  -37,  -26,  -11,  -48,  -59,
     -53,  -21,  -26,  -21,  -37,  -18,  -18,  -16,  -27,   -1,  -20,  -11,   -9,  -34,  -14,  -16,
     -26,  -16,  -24,  -30,  -32,  -22,  -30,  -47,  -27,  -32,   -9,  -11,  -32,  -33,  -18,  -49,
     -20,  -16,  -21,  -16,  -11,  -10,  -21,  -19,  -14,  -16,  -21,  -21,   -9,  -21,  -42,  -16,
     -52,  -37,  -39,  -32,  -11,  -14,   -9,  -22,   -6,  -27,  -21,  -32,  -30,  -11,  -11,   -6,
      -9,  -11,  -11,  -12,  -16,  -20,  -16,   -9,   -9,   -2,  -11,  -17,  -11,  -36,  -21,  -16,
     -22,   -9,  -16,  -27,  -19,  -14,  -13,  -25,  -26,  -14,  -23,  -17,  -26,  -11,  -32,  -32,
      -9,  -21,  -38,  -30,  -21,  -18,  -11,  -11,  -64,  -11,  -11,  -21,  -11,  -16,   -7,  -27,
     -32,  -12,  -11,  -11,  -15,  -16,  -15,   -7,  -22,  -12,  -18,   -5,  -11,   -9,  -16,  -16,
     -27,  -21,   -5,  -32,  -16,  -25,  -50,  -30,  -37,  -21,  -17,  -18,  -11,  -15,  -26,  -30,
     -15,  -35,  -59,  -16,  -64,  -37,  -53,  -21,  -11,  -27,  -36,  -16,  -33,  -21,  -16,   -9,
     -44,  -37,  -42,  -30,   -9,   -6,  -25,  -47,  -41,  -16,   -6,  -11,  -41,  -12,  -15,  -20,
     -71,   -9,  -15,  -11,   -9,  -15,   -9,  -15,   -7,  -16,   -9,   -9,   -9,  -27,  -31,  -43,
     -27,  -43,  -33,  -20,  -10,  -12,  -32,  -18,   -9,  -27,   11,  -52,  -42,  -19,  -44,    2,
     -32,  -39,  -48,  -48,  -30,  -27,  -37,  -18,  -27,  -32,  -28,  -25,  -27,  -21,  -16,  -25,
     -52,  -53,  -32,  -48,  -37,  -11,  -16,  -16,  -21,  -26,  -16,  -32,  -30,  -38,  -21,  -43,
     -42,  -21,  -14,   -9,  -46,  -14,  -18,   11,  -19,  -15,  -16,  -49,  -52,  -14,  -32,    3,
     -53,  -30,  -35,  -33,  -15,  -30,  -11,   -6,   -9,  -17,  -67,  -37,  -30,   -9,  -27,  -30,
     -32,  -21,  -37,  -32,  -21,  -14,  -12,  -27,  -18,  -21,  -21,  -15,  -17,  -43,  -37,  -13,
     -21,  -37,  -26,  -27,  -22,   -9,  -21,   -7,   -9,  -16,  -16,  -52,  -23,  -11,  -27,  -21,
     -22,  -11,  -27,  -22,  -21,  -21,  -21,  -11,  -14,  -25,  -11,  -17,   -9,  -12,  -16,  -16,
     -11,  -21,   -9,   21,  -21,  -37,  -38,  -34,  -31,  -44,  -33,  -21,  -14,  -25,  -39,  -25,
     -26,  -26,  -21,  -17,  -19,  -59,  -39,  -26,  -43,  -37,  -39,  -46,  -43,  -21,  -37,  -16,
     -14,  -22,   -9,  -11,  -11,  -27,  -17,  -47,  -69,  -32,  -26,  -37,  -14,  -11,  -49,   30,
     -16,  -15,  -17,  -14,  -21,  -16,  -16,   -9,   -4,  -32,  -30,  -37,  -73,   22,   -7,  -41,
     -37,   25,  -21,  -51,  -32,  -27,  -27,  -23,  -42,  -18,  -23,  -37,  -26,  -23,  -32,  -21,
     -53,  -37,  -37,  -89,    4,  -18,  -14,  -22,   -7,  -10,   -5,   -8,  -23,  -22,  -18,   -6,
     -21,  -37,   -9,  -16,  -42,  -11,  -11,  -13,  -10,  -11,  -21,  -27,   -2,  -12,   -9,  -16,
     -23,   -7,   -9,  -23,  -12,  -21,  -11,  -27,   -2,   -9,  -11,  -11,  -12,  -11,  -16,  -11,
     -20,  -11,  -11,  -21,  -10,  -10,  -11,   11,    2,  -27,  -12,  -21,   -5,   -8,   -2,  -19,
     -31,  -15,  -21,   14,  -17,  -21,    4,    2,    9,  -10,   -6,  -10,   -2,  -20,   -9,  -25,
     -11,  -15,  -27,  -12,  -14,  -10,  -22,   28,   16,   -7,  -10,  -27,  -21,    2,  -11,  -26,
     -13,  -13,   11,  -11,  -14,    2,  -25,  -12,  -14,  -16,  -18,   -9,   -9,  -21,  -10,  -10,
     -11,  -14,   -2,  -11,   -2,  -33,  -38,  -21,  -16,    2,  -31,  -17,  -25,  -17,  -15,  -31,
      -9,  -22,  -15,  -14,  -17,  -27,  -17,  -27,  -30,  -16,  -16,  -27,  -36,  -25,  -17,  -16,
     -17,   11,  -21,  -13,  -21,  -14,  -14,  -21,  -31,  -31,  -17,  -11,  -14,   11,   21,  -18,
     -11,  -32,  -37,  -23,  -21,  -32,   -9,  -28,  -18,  -22,  -21,  -21,  -30,  -26,  -39,  -26,
     -21,  -37,  -37,  -32,  -21,   -6,  -26,  -25,  -14,  -18,  -12,   -2,  -20,   -9,  -25,  -11,
     -15,  -27,  -12,  -14,  -10,  -11,  -53,  -37,  -17,   -9,  -47,  -43,  -43,  -27,  -63,  -19,
     -22,  -21,  -53,  -35,  -23,  -23,   -2,  -43,  -22,  -78,
};

static const EpdLigaturePair dmsans_16_regularLigaturePairs[] = {
    { 0x00660069, 0xFB01 }, // f i -> U+FB01
    { 0x0066006C, 0xFB02 }, // f l -> U+FB02
};

static const EpdFontData dmsans_16_regular = {
    dmsans_16_regularBitmaps,
    dmsans_16_regularGlyphs,
    dmsans_16_regularIntervals,
    48,
    43,
    34,
    -11,
    true,
    dmsans_16_regularGroups,
    12,
    nullptr,
    nullptr,  // kernLeftClasses: built-in fonts use the split arrays below
    nullptr,  // kernRightClasses
    dmsans_16_regularKernLeftCodepoints,
    dmsans_16_regularKernLeftClassIds,
    dmsans_16_regularKernRightCodepoints,
    dmsans_16_regularKernRightClassIds,
    nullptr,  // kernMatrix: built-in fonts use the sparse form below
    dmsans_16_regularKernRowOffsets,
    dmsans_16_regularKernSparseCols,
    dmsans_16_regularKernSparseValues,
    218,
    260,
    81,
    77,
    dmsans_16_regularLigaturePairs,
    2,
};
