/**
 * generated by fontconvert.py
 * name: dmsans_16_bolditalic
 * size: 16
 * mode: 2-bit  compressed: true
 * Command used: fontconvert.py dmsans_16_bolditalic 16 ../builtinFonts/source/DMSans/DMSans-BoldItalic.ttf --2bit --compress --pnum --zopfli
 */
#pragma once
#include "EpdFontData.h"

static const uint8_t dmsans_16_bolditalicBitmaps[16050] = {
    0xBD, 0x9A, 0x01, 0xA4, 0x26, 0x59, 0x76, 0xC7, 0xEF, 0xF7, 0x95, 0xD9, 0x8A, 0x2E, 0x14, 0x68,
    0x98, 0x09, 0x17, 0x80, 0x86, 0x02, 0x08, 0xD8, 0xAA, 0xB5, 0x08, 0x16, 0x33, 0xE8, 0xB7, 0x83,
    0x41, 0x43, 0xC0, 0x0A, 0x0D, 0x41, 0x10, 0xB9, 0xB5, 0x19, 0x2C, 0x16, 0xDB, 0x48, 0x16, 0x60,
    0x16, 0x8D, 0xDE, 0xB7, 0x68, 0x80, 0x80, 0xA9, 0x32, 0x8D, 0xC5, 0x62, 0x2B, 0xCB, 0x0A, 0x60,
    0x2A, 0x92, 0x89, 0xE8, 0x41, 0xDF, 0xCD, 0xD6, 0xA6, 0xAB, 0x7B, 0xAA, 0xEE, 0xC9, 0xF9, 0x39,
    0xB5, 0x55, 0xEF, 0xBD, 0xEE, 0xDE, 0x1E, 0x23, 0xF2, 0xA9, 0xFA, 0xDF, 0x7E, 0x5F, 0xDD, 0xBA,
    0xE7, 0x9C, 0xFF, 0x3D, 0xE7, 0xDC, 0x7B, 0xEE, 0xD7, 0xEE, 0xA2, 0x71, 0xD2, 0x3B, 0x69, 0x4F,
    0xD2, 0x9C, 0xC4, 0x9D, 0xF5, 0x4A, 0x2E, 0xD3, 0x6B, 0x75, 0xD9, 0xE2, 0x72, 0xBD, 0x66, 0x57,
    0x4C, 0x5C, 0x65, 0xE4, 0x7A, 0xE7, 0x03, 0x67, 0x9F, 0xAA, 0x75, 0x61, 0x74, 0x5D, 0x04, 0xAB,
    0xDE, 0xD9, 0xA7, 0xFC, 0xB7, 0xD5, 0xFF, 0x66, 0xA9, 0x9E, 0xCC, 0xF5, 0x8F, 0x62, 0x5D, 0xC4,
    0x4F, 0xCB, 0x61, 0x2D, 0xED, 0xD9, 0xFE, 0x91, 0xA6, 0x98, 0x69, 0xC5, 0x95, 0x93, 0x73, 0x48,
    0xF3, 0xD1, 0x39, 0x84, 0x55, 0xA3, 0x73, 0x48, 0xAC, 0xF5, 0x8D, 0x1F, 0x3C, 0x4E, 0x97, 0xF2,
    0xB4, 0x75, 0x9D, 0xF0, 0xE9, 0xB7, 0xB6, 0x75, 0xA0, 0x48, 0xE3, 0x2E, 0xBA, 0xDF, 0x7E, 0x98,
    0x2E, 0xB4, 0x7F, 0xD7, 0xEA, 0x1B, 0xC7, 0x70, 0x27, 0x41, 0x49, 0x87, 0xFA, 0x0C, 0x57, 0x09,
    0x9F, 0xC1, 0xD5, 0x7B, 0x6B, 0xC3, 0x85, 0xAD, 0xBD, 0x1D, 0xBE, 0xF8, 0xBE, 0x28, 0x03, 0x2A,
    0x53, 0xDF, 0x38, 0x86, 0x33, 0x2D, 0xB7, 0xE1, 0x0E, 0x2D, 0xF9, 0x60, 0xFF, 0x29, 0x02, 0xA8,
    0xFB, 0xDE, 0x0B, 0x7D, 0xC8, 0xC8, 0xA5, 0xC8, 0xC4, 0xF0, 0x8B, 0xEB, 0xBE, 0xFC, 0x7C, 0x75,
    0xF2, 0xE3, 0x1F, 0xA7, 0x93, 0x7C, 0xEF, 0x2F, 0xD3, 0x59, 0xDE, 0x6F, 0xB4, 0xC7, 0xAF, 0x19,
    0x4B, 0x18, 0x58, 0x1E, 0xA8, 0x34, 0x51, 0x61, 0x05, 0xF6, 0xB8, 0xA0, 0xEF, 0xBA, 0x6F, 0x8B,
    0x0E, 0xF8, 0x77, 0x41, 0x0D, 0xF8, 0xDB, 0x6A, 0xAA, 0xE3, 0x3F, 0x03, 0x7A, 0x55, 0x73, 0x0C,
    0xD1, 0xCB, 0x73, 0xE9, 0x4B, 0x8C, 0xCE, 0x84, 0xD7, 0x82, 0xA8, 0xDC, 0xEC, 0x3F, 0xB0, 0xB1,
    0x07, 0x80, 0x77, 0x75, 0x4C, 0x25, 0x43, 0x1F, 0x33, 0x79, 0x22, 0xB0, 0x58, 0xFE, 0xA1, 0x6B,
    0x95, 0x12, 0x3F, 0xD4, 0x6D, 0x3D, 0x3A, 0x85, 0xB6, 0xEB, 0x69, 0x7E, 0x28, 0x4E, 0x9B, 0xF0,
    0xDD, 0x15, 0xA3, 0xA5, 0x9C, 0x21, 0x69, 0xAD, 0x54, 0x7E, 0x29, 0x53, 0xE8, 0xB1, 0xA6, 0x15,
    0x25, 0x04, 0x9B, 0x4F, 0x7F, 0xE5, 0x98, 0x10, 0x8F, 0x9E, 0x65, 0x44, 0xB0, 0xAB, 0xFF, 0x45,
    0x1E, 0x6B, 0xDF, 0xEE, 0xE3, 0x25, 0x8F, 0x6A, 0x51, 0x36, 0xE5, 0x93, 0xCB, 0xF4, 0xDF, 0xFA,
    0x57, 0x39, 0xE5, 0xB1, 0x88, 0x4A, 0x7B, 0x3E, 0xF9, 0xD1, 0x85, 0x3E, 0x4B, 0xF8, 0x55, 0xA3,
    0xEC, 0xE0, 0x4F, 0xAE, 0x9B, 0x1D, 0x9F, 0x77, 0x1A, 0xA8, 0xBB, 0x04, 0x55, 0xF0, 0x44, 0xA3,
    0xA4, 0x61, 0x88, 0x3C, 0x4B, 0x88, 0x5B, 0x33, 0x68, 0x2A, 0xE6, 0x13, 0x7F, 0x31, 0xA7, 0x34,
    0xF6, 0x6E, 0xB1, 0x80, 0x8E, 0x0E, 0xF4, 0x94, 0x96, 0xA6, 0x46, 0x2D, 0xC8, 0x9D, 0xCE, 0xA2,
    0x8F, 0xDE, 0x5F, 0xF2, 0xD5, 0x95, 0x4B, 0x8E, 0x65, 0x3E, 0x9E, 0xE5, 0x59, 0x74, 0x6A, 0x7E,
    0x27, 0x3D, 0x4D, 0x2D, 0x0D, 0x4D, 0x99, 0xF4, 0x35, 0xD5, 0x54, 0x54, 0x85, 0xF4, 0x7D, 0xFC,
    0x00, 0x7E, 0x25, 0xEA, 0x90, 0xB2, 0x54, 0x2A, 0xAB, 0x93, 0x07, 0xE5, 0xAA, 0x83, 0x6E, 0xBE,
    0x5E, 0xF5, 0x55, 0xAF, 0xCC, 0x35, 0xB5, 0x0B, 0xEE, 0xD3, 0xDD, 0x91, 0xFD, 0xE4, 0xF0, 0xFD,
    0x93, 0xB4, 0xD8, 0xA7, 0x32, 0x9D, 0x83, 0xC6, 0xA0, 0xF3, 0x29, 0x2D, 0x9E, 0xC3, 0xD7, 0x4A,
    0x1F, 0xEA, 0x9B, 0x25, 0x3E, 0x5A, 0x97, 0x1A, 0x22, 0x07, 0xBB, 0xA1, 0xDC, 0xEE, 0xFD, 0x3B,
    0x7B, 0x6E, 0x7D, 0x79, 0x8F, 0xA1, 0x95, 0x17, 0x33, 0x1C, 0x71, 0x4E, 0x67, 0x72, 0x27, 0x64,
    0xFF, 0x52, 0x7A, 0x84, 0x1F, 0x6F, 0xA2, 0x1F, 0x92, 0xED, 0xA6, 0xF3, 0x76, 0xCF, 0x87, 0x46,
    0x37, 0xB5, 0x42, 0x0B, 0x06, 0x97, 0x86, 0x71, 0x55, 0x28, 0x5D, 0x77, 0xBB, 0x10, 0x93, 0x27,
    0x7D, 0x63, 0xA6, 0x37, 0x2E, 0xF2, 0x33, 0x95, 0xAF, 0x14, 0x64, 0x43, 0x93, 0x3F, 0x79, 0x32,
    0x94, 0xCF, 0x3F, 0x1F, 0x73, 0xBC, 0x5A, 0x3D, 0xF9, 0x5B, 0xB2, 0x12, 0x0E, 0x7D, 0x75, 0xAF,
    0x6A, 0xFE, 0xBC, 0xBA, 0xA5, 0x2F, 0x38, 0xBB, 0xED, 0x23, 0x3B, 0x24, 0x66, 0x6F, 0x65, 0x30,
    0x85, 0x3B, 0xBF, 0x48, 0x97, 0x6D, 0x4D, 0x68, 0x86, 0x1D, 0x50, 0xD8, 0x91, 0x80, 0x70, 0xC2,
    0x1D, 0x10, 0xEF, 0x81, 0x4B, 0xA7, 0x9E, 0x92, 0x59, 0x9E, 0x52, 0x27, 0x1C, 0x9C, 0xD7, 0xA9,
    0x6E, 0xDC, 0xB7, 0x75, 0xB0, 0xCB, 0xCB, 0x47, 0x44, 0x64, 0xB0, 0x9B, 0x51, 0x9C, 0x6F, 0xC3,
    0xD8, 0xC5, 0x30, 0x5A, 0xC6, 0xC2, 0x7E, 0x23, 0x00, 0xDE, 0xCD, 0x7C, 0x26, 0x8F, 0xD9, 0x23,
    0x00, 0x2C, 0x2F, 0x19, 0x65, 0x26, 0xB7, 0xBA, 0xD1, 0xB7, 0xB1, 0xBE, 0x4C, 0x35, 0x73, 0x4D,
    0xB7, 0xA3, 0xEF, 0x48, 0x5F, 0xBA, 0x75, 0xD7, 0xFB, 0xAE, 0x7B, 0xDF, 0x43, 0xFC, 0xD6, 0x97,
    0xCF, 0xB7, 0x2E, 0x1B, 0xDE, 0x91, 0x88, 0x8F, 0x13, 0xF2, 0x5E, 0x48, 0x1D, 0x21, 0x7D, 0x44,
    0x40, 0x0D, 0x27, 0xE9, 0x33, 0x1D, 0xAB, 0x1B, 0xF2, 0xC4, 0x7B, 0x38, 0x47, 0x1D, 0xCB, 0x09,
    0xF4, 0x91, 0x6F, 0x6C, 0x32, 0x19, 0x11, 0x64, 0xE6, 0xC0, 0xAE, 0x07, 0x05, 0xD4, 0x54, 0x5F,
    0x47, 0x26, 0xB8, 0x9A, 0x9C, 0xFA, 0xB9, 0x5F, 0x5D, 0x98, 0x5D, 0x29, 0x5F, 0x5A, 0x04, 0x08,
    0xCE, 0x2B, 0x09, 0x03, 0x2C, 0xB4, 0xEE, 0x6E, 0x79, 0xCF, 0x6B, 0x84, 0xC5, 0x4A, 0x62, 0xCD,
    0x35, 0xFE, 0x4D, 0x3D, 0xE0, 0x13, 0x5D, 0xCF, 0x25, 0xED, 0xD5, 0x15, 0x24, 0x13, 0x5B, 0x41,
    0xF0, 0x9F, 0x62, 0xE1, 0x2A, 0xF5, 0x9A, 0xCD, 0xDC, 0x77, 0x1F, 0x92, 0x63, 0xA4, 0x25, 0xE6,
    0x88, 0x48, 0x99, 0x5C, 0x37, 0x56, 0xB3, 0xBE, 0x5F, 0x2E, 0x67, 0xD1, 0xCE, 0x19, 0x2F, 0x19,
    0x91, 0x57, 0xC9, 0x11, 0x72, 0x13, 0x1C, 0x16, 0x09, 0xD5, 0x78, 0x88, 0x7A, 0x39, 0x5F, 0x55,
    0x30, 0x6A, 0x7C, 0xB5, 0xA8, 0x7D, 0x79, 0xF9, 0xA0, 0xC6, 0x75, 0x76, 0x4F, 0x62, 0x45, 0x79,
    0xC8, 0x63, 0xE1, 0xB1, 0xAD, 0x27, 0xF1, 0x24, 0x43, 0x88, 0xB0, 0x10, 0xB3, 0x45, 0x05, 0xA9,
    0x9D, 0xFB, 0xEC, 0x6A, 0x12, 0xD4, 0x3B, 0x11, 0x5D, 0x13, 0xB0, 0xEA, 0x57, 0x8F, 0xC5, 0xD9,
    0x03, 0x74, 0xB9, 0x0D, 0xA1, 0xD8, 0xDE, 0x62, 0x7D, 0xD3, 0x0D, 0x3A, 0x4E, 0x78, 0x71, 0x3F,
    0x61, 0xD0, 0x6C, 0xA6, 0xF1, 0xBE, 0xE5, 0x3B, 0x48, 0xBC, 0x00, 0x0B, 0x01, 0x2B, 0x01, 0x43,
    0xE2, 0x6B, 0x46, 0x66, 0x7C, 0xEC, 0x7D, 0xBE, 0x20, 0xFD, 0x5F, 0x41, 0xF9, 0xD1, 0x8C, 0xFF,
    0xE1, 0x77, 0xC5, 0x62, 0x41, 0x8A, 0x4B, 0x85, 0x5E, 0x51, 0x69, 0xF6, 0xD1, 0x16, 0x38, 0x38,
    0xAA, 0x47, 0x5B, 0xE5, 0x9A, 0x1A, 0x74, 0x07, 0x32, 0x3E, 0x13, 0x03, 0x36, 0x1B, 0x22, 0x11,
    0xA5, 0x2E, 0x2E, 0xEE, 0xA2, 0xE4, 0xC2, 0xAB, 0x8B, 0xE9, 0x5C, 0x3F, 0xBD, 0x7C, 0xE8, 0xBA,
    0xE6, 0x7A, 0x58, 0xDE, 0x9F, 0x74, 0x26, 0x49, 0xE0, 0x70, 0x98, 0xCB, 0x57, 0x32, 0x28, 0xFB,
    0x21, 0x96, 0xB3, 0x51, 0xE5, 0xAF, 0xC0, 0x9D, 0x16, 0x77, 0xC3, 0x27, 0x6A, 0x65, 0xB6, 0xAF,
    0xD3, 0x7D, 0xC1, 0x71, 0x57, 0x48, 0xD7, 0x1E, 0x82, 0x74, 0xDB, 0x3C, 0xDC, 0x7A, 0x84, 0x1A,
    0x04, 0x36, 0x4F, 0x2A, 0x84, 0x87, 0xC9, 0x2F, 0x4E, 0x74, 0xED, 0xCD, 0x84, 0xE5, 0xE4, 0x88,
    0xB9, 0x49, 0x3D, 0xD3, 0xFF, 0x5E, 0x84, 0x6E, 0xD2, 0x57, 0x68, 0x50, 0xA3, 0x41, 0x3D, 0xA9,
    0x06, 0x75, 0x54, 0xB9, 0x6A, 0x3F, 0x60, 0x7F, 0xD6, 0x83, 0xBA, 0x34, 0xCB, 0xE5, 0x2F, 0xA4,
    0xD1, 0xD1, 0x13, 0x9E, 0x46, 0x9A, 0x86, 0x06, 0xB2, 0xB9, 0x1A, 0x7E, 0xD1, 0x30, 0xD4, 0x00,
    0x98, 0x7F, 0x68, 0x9A, 0xE0, 0xF1, 0x11, 0x9A, 0x78, 0xDF, 0xE1, 0x78, 0x47, 0xF0, 0x66, 0x72,
    0x2D, 0xC6, 0x61, 0x80, 0x08, 0x30, 0xD7, 0x3C, 0xB2, 0x80, 0xBD, 0x3E, 0xF1, 0x7A, 0xDC, 0x5E,
    0xC7, 0xED, 0xD5, 0xE8, 0x0C, 0xA3, 0x2B, 0x8C, 0x0E, 0x18, 0xAD, 0x4A, 0x6C, 0x1E, 0x9F, 0x36,
    0x98, 0x35, 0xE5, 0x94, 0xCA, 0x5E, 0x43, 0x60, 0xC1, 0x58, 0x25, 0x0B, 0x54, 0x49, 0x93, 0xCB,
    0x4F, 0xD5, 0xAC, 0x59, 0xE5, 0x55, 0xA3, 0xF1, 0x5C, 0x8D, 0x41, 0x13, 0x1D, 0x10, 0xD4, 0x8D,
    0x09, 0xEC, 0xF5, 0x23, 0xC1, 0xB6, 0x04, 0xAF, 0x13, 0xAF, 0xB5, 0x7F, 0x64, 0xFC, 0x8E, 0xF9,
    0x3E, 0xE3, 0xC9, 0xB0, 0xFB, 0xFE, 0x9C, 0x09, 0x2B, 0x25, 0xBB, 0xBC, 0x02, 0x50, 0xC6, 0xF3,
    0x95, 0x30, 0x5D, 0xF5, 0xCF, 0x6A, 0xC9, 0xE5, 0x3B, 0xDD, 0xC2, 0xC4, 0x2F, 0x3A, 0xD4, 0x57,
    0x2A, 0x5A, 0x7E, 0xA2, 0x69, 0xFD, 0xBF, 0xB6, 0x34, 0x78, 0xBB, 0x51, 0xB2, 0x55, 0x0D, 0x12,
    0x8A, 0x1A, 0x51, 0xBD, 0xB8, 0xB7, 0xE2, 0x51, 0x3A, 0x04, 0x22, 0x4E, 0xBB, 0xEF, 0x9F, 0x16,
    0x78, 0xCB, 0x05, 0x24, 0xC3, 0xBF, 0xEE, 0xE3, 0x5F, 0xDD, 0x4A, 0x1E, 0x5F, 0x45, 0xBE, 0x7A,
    0xED, 0xE7, 0x07, 0xB8, 0xEA, 0xD9, 0xF6, 0xA9, 0x13, 0x2B, 0x42, 0xA9, 0xEC, 0xB6, 0xFB, 0x22,
    0xC3, 0x2A, 0x74, 0x56, 0x5D, 0x08, 0xBA, 0x7A, 0x21, 0x5B, 0x90, 0x1E, 0xC8, 0x76, 0xAE, 0x9E,
    0x55, 0x02, 0x4B, 0xA1, 0x30, 0x29, 0xBD, 0x65, 0x12, 0x75, 0x29, 0x1E, 0xF2, 0xE5, 0x09, 0x37,
    0xC9, 0x71, 0x8E, 0x42, 0xA1, 0x2D, 0x81, 0x5B, 0x97, 0x97, 0x97, 0x37, 0x35, 0x80, 0x6D, 0xA2,
    0x67, 0xDD, 0x61, 0x39, 0x1E, 0x2A, 0xC5, 0x0E, 0x0B, 0x5C, 0xC5, 0x16, 0x20, 0x21, 0xA9, 0xB5,
    0x2F, 0x43, 0x44, 0x1A, 0xFF, 0x26, 0x7D, 0xF1, 0x9C, 0x7E, 0x28, 0x42, 0x37, 0x94, 0xB3, 0x35,
    0x20, 0x48, 0x74, 0x67, 0xC6, 0x2C, 0x90, 0xE3, 0xE7, 0x5C, 0x74, 0xC2, 0x4F, 0xC2, 0xD2, 0x23,
    0x08, 0x00, 0xCE, 0x40, 0x0E, 0xDB, 0xF7, 0x17, 0x3A, 0x33, 0x8E, 0xB4, 0x0A, 0xB3, 0x83, 0x18,
    0x03, 0xCB, 0xE1, 0xC7, 0xA7, 0x50, 0x25, 0x48, 0xFE, 0x9B, 0x30, 0x2C, 0x87, 0xBF, 0xE3, 0xF3,
    0x51, 0x7A, 0x40, 0x83, 0x5C, 0xDA, 0x4E, 0xC4, 0x72, 0xED, 0x17, 0xEF, 0x74, 0xB3, 0xB1, 0x84,
    0x48, 0x73, 0x7E, 0x92, 0x3E, 0x83, 0xF4, 0x2A, 0xE9, 0xCE, 0x0F, 0xEF, 0xFA, 0xA1, 0x98, 0xCE,
    0xF2, 0x7C, 0x29, 0xC7, 0x72, 0xC4, 0x21, 0x8A, 0x58, 0xF5, 0xF5, 0x4B, 0x99, 0x8A, 0xC8, 0x0E,
    0xB4, 0xD2, 0x4D, 0x62, 0xDD, 0xB0, 0xAB, 0xCE, 0x63, 0x38, 0xE1, 0xED, 0x45, 0xEC, 0xCE, 0x2B,
    0xED, 0xF8, 0xE9, 0x79, 0x71, 0xBC, 0x95, 0xA8, 0x05, 0x06, 0xDF, 0xA7, 0x73, 0x22, 0xA0, 0xB5,
    0x95, 0xEF, 0xC8, 0x18, 0x9A, 0xCE, 0x89, 0xA0, 0x50, 0x50, 0x7D, 0x7E, 0x49, 0xC6, 0x6A, 0x7D,
    0x82, 0xC3, 0x6D, 0xD9, 0xDC, 0x77, 0xE8, 0xC5, 0x6A, 0x6D, 0xA6, 0xCF, 0xFE, 0x7A, 0x53, 0x1F,
    0x12, 0x2C, 0x1D, 0xC1, 0x46, 0x27, 0x98, 0x77, 0xE5, 0x73, 0xFB, 0x03, 0xB0, 0x8B, 0xA0, 0x4C,
    0xD0, 0x0A, 0x7F, 0xB0, 0xC8, 0x78, 0xC2, 0xDB, 0xDE, 0xD2, 0xF3, 0xBF, 0x33, 0x42, 0x78, 0x02,
    0xCA, 0xC7, 0x89, 0x49, 0x60, 0x06, 0x32, 0x55, 0x84, 0xC8, 0x07, 0x35, 0x5D, 0x33, 0xA9, 0x91,
    0xDC, 0x5B, 0x6F, 0xC5, 0x0B, 0x28, 0x60, 0x26, 0x9A, 0x6D, 0x86, 0x7C, 0xB5, 0x95, 0x1B, 0xF4,
    0x93, 0x62, 0xB4, 0x4D, 0x1B, 0x84, 0xEA, 0xDF, 0xB7, 0x2F, 0x2E, 0x10, 0x25, 0x48, 0x67, 0xF5,
    0xC2, 0x02, 0x26, 0xB5, 0xD3, 0x14, 0xDC, 0x33, 0x2C, 0xD8, 0x28, 0x22, 0x4E, 0x5A, 0x90, 0x7D,
    0x36, 0xE9, 0x47, 0xC7, 0xEF, 0x66, 0x45, 0x82, 0xD0, 0x30, 0x97, 0x4B, 0x99, 0x55, 0x35, 0xBB,
    0xC8, 0x70, 0xA5, 0x76, 0x48, 0xA8, 0x69, 0x98, 0xAF, 0x30, 0xE7, 0x95, 0xF3, 0x97, 0x97, 0x32,
    0xE1, 0xD3, 0xB6, 0x2E, 0x4B, 0x03, 0x6A, 0xA1, 0xC1, 0x7E, 0x1D, 0xBE, 0x82, 0x24, 0x88, 0xB1,
    0xFD, 0x32, 0x9E, 0x56, 0xEB, 0xE6, 0x79, 0x26, 0x76, 0xC8, 0x63, 0x2D, 0xB9, 0x24, 0xC1, 0x7E,
    0xB1, 0xE0, 0x70, 0xE5, 0x7C, 0xCC, 0x49, 0x05, 0xAA, 0xAD, 0x6F, 0xC0, 0xC8, 0x04, 0x80, 0x81,
    0x8D, 0xC0, 0x49, 0x13, 0x5D, 0x22, 0x30, 0x0A, 0x79, 0x29, 0x58, 0x24, 0xF0, 0xA0, 0x08, 0x39,
    0x36, 0x81, 0xD0, 0xA3, 0x2C, 0x31, 0x69, 0x35, 0xDA, 0xC2, 0x52, 0xDA, 0x59, 0x7A, 0xFA, 0x58,
    0xBB, 0xC2, 0x52, 0x74, 0xD8, 0x30, 0xC1, 0x8F, 0x9F, 0x41, 0x76, 0x18, 0xA0, 0x1A, 0x7E, 0xE0,
    0xAA, 0x38, 0xDB, 0x36, 0x1D, 0xCD, 0x7D, 0x04, 0x6B, 0x5D, 0xE3, 0xD0, 0x87, 0xB5, 0x57, 0x7A,
    0x58, 0x12, 0x56, 0x5D, 0x5D, 0xE0, 0x2B, 0xF4, 0x01, 0xF1, 0x3C, 0xC4, 0x82, 0xD0, 0x73, 0x9B,
    0x45, 0x95, 0x6F, 0xD0, 0x66, 0x35, 0xA7, 0xB3, 0xB5, 0xA3, 0xBD, 0xBA, 0xFB, 0x3B, 0xA2, 0x16,
    0x5F, 0x68, 0x31, 0xAF, 0x07, 0xDA, 0x1C, 0xCA, 0x91, 0x7D, 0x65, 0xFB, 0x83, 0xF8, 0x63, 0x97,
    0xC8, 0x0C, 0x5D, 0x22, 0x9A, 0x05, 0xDE, 0x20, 0x7D, 0x23, 0xB9, 0xEA, 0x5F, 0x19, 0x2F, 0x00,
    0xB6, 0xC7, 0x7C, 0x8B, 0xDC, 0x1D, 0xEA, 0x11, 0x18, 0x9C, 0x79, 0xC5, 0x43, 0x9A, 0xFB, 0x82,
    0x8C, 0xB3, 0xA5, 0x88, 0x12, 0x76, 0xA0, 0xE4, 0xA7, 0xDD, 0x4A, 0x28, 0x91, 0xD1, 0xC8, 0x7B,
    0xB9, 0x70, 0xB9, 0xF3, 0xA5, 0x32, 0x7E, 0x94, 0x74, 0x36, 0xBC, 0x8D, 0xED, 0x45, 0xAC, 0x28,
    0x4B, 0x56, 0xA9, 0xAD, 0x34, 0xB7, 0x3F, 0xA2, 0x41, 0x33, 0x9E, 0xF1, 0x6E, 0x65, 0x09, 0xD5,
    0x93, 0x33, 0xD9, 0x68, 0x39, 0x76, 0x68, 0xEA, 0x29, 0x9D, 0x65, 0x3E, 0xEA, 0x3D, 0x28, 0xB8,
    0xA7, 0x8D, 0x97, 0xD9, 0x8F, 0xE6, 0x2D, 0x4C, 0x4F, 0xC3, 0xBF, 0xD0, 0x1D, 0x26, 0x42, 0x0F,
    0x17, 0xF0, 0x84, 0x17, 0xD0, 0xA0, 0x6E, 0x6B, 0x4D, 0xC3, 0x2A, 0x6F, 0x01, 0xBD, 0x35, 0x74,
    0x46, 0x65, 0xA6, 0xEC, 0xF1, 0x84, 0x20, 0x31, 0x79, 0x56, 0x35, 0xD2, 0xD0, 0x0B, 0x5D, 0xAD,
    0xA1, 0x33, 0xB2, 0x94, 0x43, 0x64, 0x59, 0x83, 0xB5, 0xC8, 0xC2, 0x06, 0x69, 0xAD, 0xA1, 0x20,
    0xB5, 0x06, 0xC5, 0xD0, 0x93, 0x7F, 0xD2, 0xF9, 0xD8, 0x59, 0x93, 0x61, 0xF5, 0xDA, 0x22, 0xDC,
    0x76, 0xD6, 0x5B, 0x3C, 0xDB, 0xB6, 0x5A, 0x2F, 0xC6, 0xAE, 0xB8, 0x18, 0x8F, 0x09, 0xDA, 0xD6,
    0x7E, 0x7F, 0x63, 0xEA, 0x80, 0xA3, 0x7E, 0x01, 0x6E, 0x38, 0x0B, 0x70, 0x38, 0x8B, 0x01, 0x1C,
    0x21, 0x35, 0xF4, 0x39, 0xA0, 0x62, 0xC3, 0xE8, 0x35, 0x01, 0x27, 0x92, 0xC0, 0x76, 0xFA, 0xD1,
    0x6C, 0x39, 0x13, 0x9E, 0x81, 0x77, 0xEE, 0x22, 0xA7, 0x9E, 0x91, 0xA1, 0x3D, 0xC8, 0x5D, 0x8D,
    0xA2, 0x5F, 0x91, 0xC5, 0x0A, 0xA8, 0x49, 0xBD, 0x57, 0x41, 0x85, 0x20, 0xAE, 0x9A, 0x11, 0xD5,
    0x8D, 0x0E, 0x52, 0x0D, 0x23, 0x48, 0x32, 0xCE, 0xE5, 0x19, 0x6B, 0xB5, 0x94, 0x2B, 0x53, 0x51,
    0x24, 0x66, 0x22, 0x13, 0xFC, 0x93, 0xAC, 0x43, 0xBA, 0x85, 0x59, 0x27, 0x23, 0x76, 0x06, 0xE3,
    0x60, 0xC2, 0x52, 0xBF, 0xA0, 0x02, 0xAF, 0xA1, 0x94, 0x99, 0x7D, 0x58, 0xFC, 0xA7, 0x63, 0x24,
    0x19, 0x5C, 0xAD, 0xD6, 0xBE, 0x41, 0x6C, 0xB2, 0xAE, 0x00, 0xF5, 0x56, 0xAE, 0x84, 0x45, 0xC7,
    0xD7, 0xB6, 0xA3, 0xA2, 0x87, 0x15, 0x8C, 0x51, 0xF5, 0xAD, 0x2E, 0xB1, 0x36, 0xD0, 0x92, 0xDE,
    0xC9, 0xEC, 0xD2, 0x9F, 0xB5, 0x55, 0x66, 0x94, 0x79, 0x69, 0xB2, 0x54, 0x0F, 0xE5, 0x0B, 0x71,
    0xDA, 0x8E, 0xD5, 0x7F, 0x6B, 0xBB, 0x56, 0x31, 0x7C, 0xC6, 0x71, 0x4F, 0x39, 0xE9, 0x6A, 0x44,
    0xFB, 0x52, 0xB2, 0x15, 0x96, 0x84, 0xC4, 0xA6, 0x79, 0x4D, 0x48, 0x6D, 0xE5, 0x94, 0x49, 0x2C,
    0x68, 0xCF, 0xEC, 0x22, 0x29, 0x76, 0xA4, 0xB5, 0x4D, 0xFC, 0x25, 0x26, 0x6C, 0x9B, 0x79, 0x38,
    0xB3, 0x76, 0x30, 0xA7, 0xD9, 0x83, 0xC6, 0x1C, 0x96, 0x03, 0x2A, 0x26, 0xD1, 0xA2, 0x42, 0x03,
    0x1C, 0xAA, 0x44, 0xAC, 0x41, 0x3B, 0x87, 0xC2, 0xD9, 0xAA, 0x4D, 0x47, 0x73, 0x96, 0x7A, 0x54,
    0xE9, 0x59, 0x22, 0xA7, 0x6A, 0x53, 0xCE, 0x84, 0x90, 0xAE, 0x0F, 0xDA, 0xE4, 0x8B, 0xFE, 0x3D,
    0xA9, 0xA6, 0x67, 0xF1, 0x11, 0x56, 0xE5, 0x93, 0x08, 0xAF, 0x9D, 0x68, 0x33, 0x71, 0xAA, 0x43,
    0x53, 0x69, 0xE3, 0xF5, 0x0B, 0x19, 0x50, 0xA7, 0x90, 0x9E, 0x26, 0xB3, 0xC3, 0x9C, 0x33, 0xCD,
    0x80, 0x62, 0xFB, 0x0A, 0x45, 0xF6, 0x70, 0x96, 0x8B, 0x06, 0xCB, 0x45, 0x2C, 0xAE, 0xF2, 0x4F,
    0xD0, 0x6D, 0xB9, 0x08, 0x8F, 0xB1, 0xFD, 0x28, 0xC5, 0x24, 0xB9, 0xE8, 0xA4, 0xCD, 0xEC, 0x18,
    0x06, 0x83, 0x8F, 0xC6, 0x8A, 0xCE, 0x86, 0x46, 0xAD, 0xA5, 0x39, 0xD3, 0xE0, 0x15, 0xF0, 0x81,
    0xCA, 0xD5, 0xC4, 0xC2, 0x62, 0xB9, 0x08, 0x25, 0x1B, 0xA6, 0x34, 0x23, 0x17, 0x35, 0x30, 0xC1,
    0x5A, 0x45, 0x4E, 0x66, 0xA0, 0x02, 0xC5, 0x2C, 0x30, 0x40, 0xCD, 0xD8, 0x57, 0x96, 0x2E, 0xDE,
    0xB7, 0x65, 0xFE, 0xB7, 0xBA, 0x85, 0x67, 0x45, 0xBF, 0xBA, 0xC0, 0x1B, 0xE2, 0x04, 0xE8, 0x4A,
    0xF8, 0x0B, 0x29, 0xFC, 0xF1, 0xAA, 0x68, 0x1B, 0x6E, 0xAC, 0x2D, 0x10, 0x87, 0x52, 0xE6, 0x9E,
    0xE0, 0x74, 0xE0, 0xB1, 0x0C, 0xDF, 0x58, 0x8C, 0x07, 0xF0, 0xFF, 0x83, 0xBE, 0x5B, 0x8F, 0xCE,
    0x34, 0xF9, 0x0A, 0x7D, 0x31, 0x13, 0xE8, 0x53, 0x6F, 0x84, 0x3E, 0xEA, 0x8B, 0x08, 0x7D, 0x62,
    0xF4, 0xC9, 0x75, 0xFA, 0x26, 0xE8, 0xC3, 0x50, 0x88, 0x7B, 0x7F, 0x39, 0xB6, 0x78, 0x5B, 0x80,
    0xB2, 0xAA, 0x7C, 0x2D, 0x4E, 0xDB, 0x8D, 0x53, 0xF0, 0x26, 0xA7, 0x39, 0x41, 0x75, 0x71, 0x9F,
    0x62, 0x05, 0x89, 0x70, 0xDA, 0x22, 0x75, 0x81, 0x53, 0x3B, 0x06, 0x43, 0x18, 0x81, 0x04, 0x32,
    0x86, 0x8F, 0x5B, 0x12, 0x37, 0xAF, 0xEC, 0x06, 0x38, 0x0D, 0x24, 0x5F, 0x2B, 0xFC, 0xDE, 0xFD,
    0xF9, 0xAB, 0x47, 0xC3, 0xA3, 0x5F, 0xF5, 0xA5, 0x22, 0xE9, 0xFB, 0x79, 0x3A, 0xDB, 0xBA, 0xD9,
    0xC3, 0xD0, 0xF4, 0xA6, 0xA3, 0xE1, 0xB3, 0x30, 0x56, 0xE0, 0x39, 0xA7, 0xC2, 0x06, 0x1C, 0x0D,
    0x3B, 0x8E, 0x86, 0x3F, 0x7C, 0xF5, 0x68, 0x98, 0xAD, 0x3E, 0x65, 0xEE, 0x5D, 0x72, 0x51, 0xAA,
    0xE1, 0x11, 0x58, 0x30, 0xF4, 0xD5, 0x0C, 0xB7, 0xBE, 0x35, 0xC3, 0xF9, 0xF8, 0xD6, 0x55, 0xA4,
    0xDB, 0xE1, 0x82, 0x55, 0x07, 0x19, 0x1C, 0xBD, 0x82, 0x48, 0xA9, 0x40, 0x7D, 0x07, 0x39, 0x24,
    0x04, 0x5E, 0x05, 0x59, 0x48, 0x40, 0x64, 0x75, 0xA0, 0x52, 0x83, 0x48, 0x76, 0x5A, 0x60, 0x15,
    0x51, 0x57, 0xD1, 0x02, 0xCF, 0x30, 0x4B, 0x60, 0xBE, 0xC0, 0x71, 0x49, 0x99, 0x4A, 0xC6, 0xF7,
    0xF2, 0xCC, 0x78, 0xC6, 0x3D, 0xCD, 0x71, 0x3A, 0xFD, 0x02, 0x32, 0x50, 0xAA, 0x41, 0x2B, 0xF4,
    0xAB, 0x62, 0x37, 0xA0, 0x43, 0x18, 0xF6, 0xF3, 0xB0, 0xB6, 0xB6, 0xF1, 0x23, 0x23, 0x57, 0x11,
    0xEB, 0x3D, 0xEB, 0x29, 0x17, 0x22, 0x28, 0xB9, 0x11, 0x24, 0xBD, 0x3E, 0x82, 0x42, 0x12, 0x17,
    0x27, 0xA3, 0xF9, 0x02, 0x73, 0x68, 0x4D, 0x7E, 0x83, 0x54, 0xCB, 0x11, 0x81, 0xF9, 0x14, 0xB8,
    0x26, 0x35, 0x82, 0x2B, 0x28, 0x0B, 0xD8, 0x4D, 0xFB, 0xE2, 0xA8, 0x5C, 0xD9, 0xC8, 0x56, 0xEE,
    0x57, 0x84, 0x33, 0xDF, 0xD4, 0x1C, 0x9B, 0x41, 0x6E, 0x47, 0x1E, 0xC7, 0x58, 0x49, 0xA8, 0x41,
    0xE5, 0x97, 0x2C, 0x49, 0x67, 0xB6, 0x47, 0x22, 0x9A, 0xF4, 0x15, 0x92, 0x61, 0xF1, 0x07, 0x61,
    0x02, 0xAA, 0xB1, 0xFC, 0x9D, 0x58, 0xF5, 0x51, 0x0D, 0x72, 0x12, 0x2C, 0xAE, 0x7B, 0x81, 0x78,
    0x1F, 0xBB, 0x56, 0xD0, 0xD9, 0x47, 0xED, 0x51, 0x50, 0xC5, 0xFD, 0x2E, 0x39, 0x79, 0x9F, 0x5D,
    0xD5, 0xEF, 0xD5, 0x33, 0xEF, 0x8F, 0x9C, 0x40, 0x69, 0xFE, 0x45, 0xFF, 0x92, 0x43, 0x39, 0x5C,
    0xB0, 0xE4, 0xAC, 0x02, 0x5B, 0xC8, 0xC0, 0x01, 0x73, 0xC8, 0xC1, 0x01, 0x8B, 0x0A, 0x7D, 0x4E,
    0x59, 0x6D, 0xF5, 0xF5, 0x6C, 0x55, 0x94, 0xAD, 0x16, 0x13, 0xA6, 0x90, 0x19, 0x4B, 0x02, 0xC7,
    0xF2, 0x64, 0x91, 0x88, 0x0D, 0x1E, 0xD8, 0x41, 0xDE, 0xC7, 0xC6, 0xCD, 0xAF, 0x56, 0x9A, 0x4E,
    0xA6, 0xE3, 0x28, 0x9F, 0x85, 0x90, 0xC6, 0x0B, 0x48, 0xD6, 0xB1, 0x67, 0x20, 0xCB, 0x8C, 0x65,
    0x28, 0xBA, 0xA8, 0xF9, 0x03, 0x3D, 0x66, 0xB6, 0x13, 0x56, 0x44, 0x91, 0x2E, 0xFD, 0xBC, 0x67,
    0xA7, 0x3C, 0x21, 0x18, 0x1D, 0xD0, 0x88, 0xA9, 0x96, 0x16, 0x7F, 0x38, 0x5D, 0x10, 0xAF, 0xB9,
    0xB2, 0x17, 0x79, 0x58, 0x13, 0x57, 0x5C, 0xB6, 0x71, 0xA3, 0xC0, 0x59, 0x88, 0xCE, 0x82, 0x6C,
    0xC5, 0xC2, 0xC5, 0x5C, 0x8B, 0xCD, 0x32, 0x56, 0x38, 0xE4, 0x83, 0x0A, 0xC6, 0x06, 0x0C, 0x80,
    0xAF, 0x16, 0x3A, 0x03, 0x18, 0x7A, 0xB0, 0x3B, 0xF0, 0x38, 0x98, 0xB3, 0xCA, 0xE1, 0x82, 0xD1,
    0x44, 0x0E, 0x24, 0x13, 0x5F, 0x5C, 0xDC, 0x63, 0x6C, 0xAB, 0xD4, 0xA1, 0x0F, 0xCF, 0xE2, 0x3D,
    0x8C, 0xC1, 0xAA, 0x5D, 0x24, 0xD6, 0xD8, 0x43, 0x6C, 0xBE, 0xF9, 0x10, 0x65, 0x61, 0x64, 0x4F,
    0x9C, 0xDE, 0x94, 0x4D, 0x5A, 0x7F, 0xB8, 0x60, 0x45, 0x93, 0x62, 0x63, 0xC2, 0xED, 0x43, 0xD1,
    0xCB, 0x5D, 0x72, 0x9C, 0xF9, 0xF2, 0x21, 0x27, 0xDA, 0x38, 0x9F, 0xFD, 0xAA, 0x46, 0x10, 0x71,
    0x5F, 0xF9, 0xED, 0xA2, 0x6B, 0xB1, 0x66, 0xBB, 0x2D, 0xCF, 0x9C, 0x93, 0xDD, 0xB8, 0x5F, 0xB6,
    0xD8, 0x8D, 0x07, 0xE2, 0x7C, 0x85, 0xFD, 0xF8, 0xB0, 0x0F, 0xCB, 0x5D, 0x49, 0xC4, 0x05, 0xF4,
    0x1E, 0xF4, 0xB6, 0xC5, 0x9D, 0x07, 0xD6, 0x93, 0x60, 0xB0, 0xB1, 0x18, 0x14, 0xAB, 0x00, 0xC4,
    0x22, 0x1F, 0xBA, 0xAF, 0xF5, 0xCE, 0x8F, 0xDE, 0x62, 0x4C, 0x1B, 0xF5, 0xA6, 0x35, 0x66, 0x20,
    0x1C, 0x98, 0xAF, 0xF5, 0x3E, 0x1D, 0xBD, 0x19, 0xF6, 0xD8, 0x0A, 0xD1, 0xDB, 0x74, 0x77, 0x16,
    0x20, 0xDC, 0x5E, 0x55, 0x7E, 0xB7, 0xDB, 0xA9, 0x39, 0x68, 0xA9, 0x0F, 0x5A, 0x0E, 0x6A, 0xDC,
    0x75, 0x6A, 0xD6, 0x83, 0x9A, 0xFC, 0xA0, 0x06, 0xF5, 0xB9, 0xAF, 0x33, 0x7E, 0xB0, 0x12, 0xB8,
    0xCD, 0x7B, 0x2E, 0x80, 0x8C, 0xA1, 0xED, 0xE0, 0x9B, 0xAD, 0xE4, 0x1E, 0x3F, 0x41, 0x30, 0x51,
    0xF8, 0xB5, 0x8E, 0x2D, 0x16, 0xE3, 0x33, 0x2A, 0x7B, 0x30, 0x0C, 0x82, 0xCD, 0x30, 0x58, 0xD5,
    0x93, 0xB1, 0xB0, 0x73, 0xE5, 0x2B, 0xDA, 0xD1, 0x81, 0x75, 0x1C, 0xBE, 0x6E, 0x37, 0xE4, 0xAB,
    0x3B, 0x97, 0xFA, 0x09, 0x38, 0x65, 0x07, 0x00, 0x2B, 0x5F, 0x3D, 0x52, 0x09, 0x7F, 0xA1, 0xC6,
    0x36, 0x38, 0x27, 0x89, 0x4B, 0x4D, 0xFB, 0x7B, 0xE7, 0xFE, 0x6C, 0x3F, 0x01, 0x7B, 0x41, 0x18,
    0x0B, 0x4E, 0xC6, 0xEF, 0x16, 0xFF, 0x29, 0x31, 0x23, 0xD5, 0x9E, 0x1F, 0xED, 0x15, 0xE5, 0x7B,
    0x22, 0x9A, 0xD7, 0x14, 0x0A, 0x85, 0xC1, 0x2F, 0xA4, 0xE5, 0xE8, 0x44, 0x21, 0x53, 0x98, 0xBD,
    0xB4, 0x35, 0x9E, 0xE9, 0x65, 0x65, 0x77, 0x35, 0x8A, 0x6A, 0xF3, 0x35, 0xA3, 0xCA, 0x90, 0xFA,
    0x82, 0xA3, 0xFC, 0xED, 0x28, 0x4D, 0x6C, 0x81, 0x27, 0xD7, 0x0E, 0xA5, 0x1D, 0x4B, 0x62, 0x35,
    0xB6, 0x53, 0xE4, 0x61, 0xFB, 0x86, 0x99, 0x61, 0x62, 0x77, 0x47, 0x0A, 0x4B, 0xAE, 0xA2, 0xEA,
    0x7F, 0x6A, 0x15, 0x0F, 0xDE, 0xF9, 0xB9, 0x90, 0x52, 0x3E, 0x23, 0x75, 0x99, 0x56, 0xF6, 0x39,
    0xF3, 0x45, 0xC5, 0x33, 0xBA, 0x65, 0x9C, 0x58, 0x6B, 0x0A, 0xEB, 0xA2, 0x9F, 0x2D, 0x43, 0xE9,
    0x49, 0xC7, 0x88, 0xEE, 0x47, 0x0D, 0x36, 0x18, 0x60, 0xB4, 0x06, 0x29, 0x07, 0xE7, 0x76, 0x36,
    0x9F, 0x0B, 0x53, 0xD8, 0xA5, 0xED, 0xE0, 0xFC, 0xAD, 0x16, 0xE3, 0x58, 0x86, 0xB9, 0xFC, 0x46,
    0x31, 0xC8, 0x73, 0x76, 0xE4, 0x56, 0xE3, 0x63, 0xB4, 0xEA, 0x11, 0x16, 0xDB, 0xB1, 0xDA, 0xF2,
    0x49, 0xD0, 0x6C, 0x2B, 0xDC, 0x74, 0x20, 0x55, 0xD4, 0x48, 0x07, 0x8E, 0x4E, 0x30, 0xF7, 0x31,
    0xBB, 0x70, 0xD9, 0x76, 0x99, 0x81, 0x3A, 0x75, 0xC6, 0xBF, 0x39, 0xDE, 0xDD, 0x3E, 0xDF, 0x32,
    0xA3, 0x13, 0x46, 0xAB, 0x3F, 0xE9, 0x4C, 0xF7, 0xE5, 0x4A, 0x91, 0x68, 0xC7, 0xF4, 0x00, 0x35,
    0x72, 0x60, 0xA6, 0xC3, 0x53, 0xFD, 0x79, 0x26, 0xF4, 0x47, 0xDC, 0xB2, 0xFC, 0xBE, 0xB8, 0x97,
    0x10, 0x31, 0x9B, 0xD1, 0xFB, 0xF1, 0xB1, 0xE5, 0xB4, 0x92, 0xF2, 0x58, 0x58, 0x26, 0x2C, 0x97,
    0x09, 0xFB, 0x43, 0xE4, 0x71, 0xE4, 0xAA, 0x62, 0x64, 0xE1, 0x3E, 0x82, 0x68, 0xC1, 0xCD, 0x6F,
    0xFC, 0xEC, 0xFA, 0x86, 0x9F, 0x5E, 0xAF, 0x9C, 0xE4, 0x72, 0x22, 0x00, 0x16, 0x02, 0xFA, 0x17,
    0xF7, 0xE9, 0xDE, 0x13, 0x85, 0xA1, 0x2D, 0xC0, 0xC6, 0xFE, 0xED, 0x47, 0xC5, 0x2F, 0x60, 0xBF,
    0x16, 0x78, 0xAF, 0x8E, 0xFD, 0x06, 0x21, 0x4D, 0xEA, 0xFC, 0x47, 0x22, 0x52, 0xE0, 0x84, 0x21,
    0x49, 0xC9, 0x94, 0x04, 0xA5, 0x6D, 0x15, 0x29, 0xEE, 0x75, 0x60, 0xD2, 0x02, 0x6B, 0x7A, 0x03,
    0xC1, 0xC9, 0x61, 0x3D, 0xFA, 0x2B, 0xCB, 0x1C, 0x6D, 0xFF, 0xDC, 0xBD, 0xA5, 0x60, 0x05, 0x60,
    0x27, 0x67, 0x13, 0x5B, 0x4B, 0x44, 0xD0, 0x4C, 0xED, 0xB1, 0x68, 0xE0, 0xF0, 0xFB, 0xB7, 0xED,
    0x5B, 0x0B, 0x8E, 0xF6, 0x29, 0xB8, 0x94, 0x0D, 0x60, 0x2A, 0x27, 0x05, 0xCE, 0xFB, 0xA2, 0x67,
    0x5A, 0x2A, 0x85, 0xB1, 0xB6, 0x9F, 0x14, 0x54, 0x1E, 0x80, 0x14, 0x57, 0xEB, 0x92, 0x30, 0x3A,
    0x2A, 0xD5, 0x81, 0x33, 0x75, 0xFB, 0xBC, 0xEE, 0x14, 0x22, 0xDF, 0x4F, 0x21, 0xE6, 0xD7, 0x9F,
    0x42, 0xD8, 0x60, 0x8C, 0xC6, 0x70, 0x8C, 0x77, 0x0C, 0x78, 0x24, 0x44, 0x3B, 0x44, 0xB5, 0x5B,
    0x07, 0xFE, 0x26, 0x73, 0x09, 0x3F, 0x77, 0xD8, 0x94, 0x08, 0x6B, 0x32, 0x12, 0x09, 0xCB, 0xAF,
    0x7B, 0xDC, 0xE1, 0x67, 0x55, 0x21, 0x28, 0x8D, 0xFC, 0xBC, 0x9A, 0x48, 0x0C, 0xAB, 0x9F, 0x15,
    0xC2, 0xA8, 0xB3, 0x27, 0xAD, 0x15, 0x70, 0xA5, 0x00, 0x2F, 0x99, 0xCB, 0x09, 0x1F, 0x89, 0x01,
    0x22, 0x2B, 0x9C, 0xBC, 0x24, 0x98, 0x72, 0x51, 0x61, 0x67, 0x69, 0x6B, 0xA2, 0x79, 0x3B, 0xC6,
    0x09, 0xC7, 0x31, 0x8E, 0x5E, 0x10, 0xC8, 0x65, 0x04, 0x72, 0xBD, 0x4A, 0xA0, 0x3F, 0x08, 0x3C,
    0x38, 0xE4, 0xD7, 0xB8, 0x82, 0xF8, 0xD5, 0xB5, 0x23, 0xC8, 0x67, 0xC2, 0x81, 0x2F, 0x1F, 0xD5,
    0x96, 0x8A, 0xE9, 0x4B, 0x19, 0x32, 0x72, 0xA5, 0xEB, 0x50, 0xC2, 0xA3, 0x0C, 0xE7, 0xBA, 0x93,
    0x0E, 0x50, 0x2C, 0x56, 0xD2, 0x5B, 0xBD, 0x1F, 0x7A, 0x6B, 0x75, 0xC3, 0xCD, 0x76, 0x47, 0x5B,
    0x1E, 0x72, 0x5E, 0x4A, 0x4B, 0xD9, 0x49, 0x27, 0xDA, 0x9A, 0x87, 0x27, 0xB1, 0x87, 0xE7, 0xAD,
    0xCD, 0xD2, 0xAE, 0x8C, 0x7E, 0x99, 0x70, 0xBC, 0x24, 0x32, 0xFD, 0xD1, 0xF1, 0x3C, 0x8E, 0x57,
    0xBE, 0xC9, 0xF1, 0x7C, 0xBC, 0xE6, 0x78, 0xF5, 0x35, 0xC7, 0x43, 0xE8, 0x96, 0x4B, 0x46, 0x2B,
    0x83, 0x48, 0x5D, 0x0D, 0x09, 0x94, 0xF3, 0x60, 0x19, 0xFC, 0x4C, 0x67, 0x8A, 0x1F, 0x5E, 0x8B,
    0x61, 0x00, 0x7A, 0xDB, 0xCD, 0x87, 0x21, 0x8C, 0xB6, 0x6A, 0xA8, 0xFE, 0xE9, 0x71, 0x7A, 0x53,
    0x02, 0xE5, 0x13, 0xFE, 0x41, 0xF8, 0xF6, 0x93, 0xA3, 0x44, 0x14, 0x04, 0x39, 0xAC, 0x50, 0xBB,
    0xB9, 0x88, 0xCA, 0xAE, 0xB7, 0x03, 0x42, 0x2C, 0x36, 0x14, 0xC3, 0x76, 0x5B, 0x35, 0xA8, 0xE3,
    0x5C, 0x81, 0xE1, 0x48, 0xA3, 0x82, 0xFD, 0x4A, 0x84, 0xA3, 0xBE, 0x6E, 0xC5, 0x4F, 0xC9, 0x5E,
    0x6F, 0x2A, 0xB8, 0xAF, 0x2E, 0x5F, 0xB7, 0x8F, 0x2C, 0xCA, 0x91, 0x10, 0xA7, 0xB8, 0xFF, 0x93,
    0x30, 0x3D, 0x65, 0x24, 0xED, 0x92, 0x39, 0xF7, 0xA4, 0xEC, 0x9A, 0x8C, 0x5D, 0x93, 0xB0, 0xD5,
    0x60, 0x83, 0x49, 0xA1, 0x8A, 0x01, 0x3A, 0xC8, 0xD5, 0xB1, 0x26, 0x55, 0xA3, 0xCC, 0x90, 0x93,
    0xA8, 0x35, 0x4F, 0x87, 0x5E, 0xD3, 0xA8, 0x79, 0xFC, 0x9F, 0x3A, 0xEE, 0x62, 0x2B, 0xC1, 0x17,
    0xE9, 0x3C, 0x9D, 0x53, 0xA5, 0x73, 0xDA, 0x29, 0x93, 0xA2, 0xF7, 0xCB, 0x07, 0x6A, 0x27, 0x5B,
    0x4A, 0x8B, 0x44, 0xEE, 0x23, 0x12, 0xB9, 0x5F, 0x89, 0x44, 0xFB, 0x14, 0x56, 0x86, 0x2F, 0x4C,
    0x22, 0x74, 0x7D, 0x28, 0x8D, 0x3A, 0xFA, 0x76, 0xBE, 0x9D, 0x53, 0xE8, 0xEA, 0xF8, 0xA4, 0x05,
    0x99, 0xE8, 0x4C, 0xDE, 0xF4, 0x49, 0xB9, 0xA0, 0xBC, 0x1B, 0x80, 0x89, 0x03, 0x82, 0xE3, 0xB7,
    0xF4, 0xE3, 0xE7, 0x63, 0x78, 0x3D, 0x36, 0xA0, 0xCC, 0x0D, 0xA9, 0xB3, 0x27, 0x81, 0xD7, 0x76,
    0xB7, 0x6F, 0x4A, 0x28, 0x08, 0xDF, 0xCD, 0xD8, 0xF6, 0xB7, 0xFC, 0xC4, 0x43, 0x59, 0xC6, 0x7F,
    0x1F, 0xE1, 0xFC, 0xFF, 0x8D, 0x69, 0x12, 0x6F, 0xDD, 0xC0, 0xBC, 0x35, 0x10, 0xD8, 0x81, 0x48,
    0x0F, 0x23, 0xB1, 0xF7, 0xE2, 0xFE, 0xBE, 0x59, 0x59, 0xC4, 0xD9, 0x66, 0xE5, 0xC2, 0xB6, 0xA8,
    0xD5, 0xD8, 0xF1, 0x33, 0xAD, 0x82, 0xB4, 0x4C, 0xCB, 0x66, 0x23, 0xB5, 0x30, 0x3F, 0x34, 0x20,
    0x00, 0x51, 0x1C, 0x56, 0xC6, 0x0E, 0x17, 0x92, 0x86, 0x34, 0xE3, 0xD0, 0x10, 0xBA, 0x66, 0xE8,
    0x8A, 0xC0, 0x08, 0x60, 0x75, 0x93, 0x53, 0x0C, 0xF2, 0xDB, 0x24, 0xA3, 0xB7, 0x5E, 0x94, 0x8C,
    0x4E, 0xE5, 0xAB, 0x38, 0x55, 0x4D, 0x1C, 0x85, 0x61, 0xD7, 0x21, 0xAA, 0x4F, 0xFC, 0x67, 0xAF,
    0xFA, 0xB3, 0x25, 0x7C, 0x57, 0xC5, 0x3D, 0x99, 0xEB, 0xEF, 0x69, 0xE0, 0xFF, 0x2A, 0xD6, 0x3F,
    0x51, 0xC3, 0x7E, 0x3D, 0xD6, 0x9F, 0xA8, 0x0B, 0x3D, 0xEB, 0x6B, 0x56, 0x26, 0xD8, 0x6B, 0x94,
    0xCD, 0xA6, 0x12, 0xA7, 0x0D, 0x9B, 0x1E, 0x4A, 0x38, 0x6F, 0x94, 0xF9, 0x19, 0x8F, 0xD1, 0x8B,
    0xD3, 0x14, 0x8B, 0x0A, 0x88, 0x24, 0x26, 0xF1, 0x04, 0x9C, 0xAC, 0x4C, 0xC2, 0xF4, 0x32, 0x9D,
    0x9C, 0xCB, 0xE3, 0x51, 0x68, 0x8C, 0xF2, 0xDB, 0xA6, 0x99, 0xC8, 0xC6, 0x05, 0xE4, 0x97, 0x2B,
    0x73, 0x74, 0xB6, 0xD3, 0x75, 0x69, 0x49, 0x55, 0x1D, 0x1C, 0xE1, 0x4B, 0x15, 0xC5, 0x78, 0xC5,
    0xE1, 0xA0, 0xB7, 0xF4, 0x61, 0xF9, 0x35, 0x0C, 0x74, 0x6D, 0xF3, 0xF5, 0x44, 0xFA, 0x24, 0x81,
    0x0A, 0x9B, 0x36, 0x29, 0x27, 0x15, 0x43, 0xFD, 0x2A, 0x30, 0xB3, 0xB9, 0x95, 0x15, 0x66, 0xD4,
    0x65, 0xFB, 0xC9, 0xC5, 0xF1, 0x53, 0x7D, 0xF3, 0xFA, 0x9F, 0xEA, 0x2D, 0x14, 0x09, 0x1F, 0xBC,
    0xB6, 0x07, 0xFA, 0x33, 0x80, 0x05, 0x18, 0x40, 0xF7, 0x10, 0xB7, 0x42, 0x8B, 0xA0, 0x80, 0x14,
    0x5B, 0xD3, 0x28, 0xAF, 0xAC, 0xBA, 0xAA, 0x92, 0xEE, 0x8B, 0xEB, 0xFD, 0xFF, 0x55, 0x04, 0xC0,
    0x3E, 0xEF, 0xE9, 0xFB, 0x32, 0xC3, 0x8C, 0x72, 0xF4, 0x33, 0x86, 0xBB, 0x59, 0x03, 0xD9, 0x7D,
    0xD4, 0x12, 0x70, 0xC2, 0x06, 0xB6, 0x5A, 0xB7, 0x40, 0xD3, 0xF6, 0x3D, 0x5B, 0x32, 0xAF, 0xD6,
    0x13, 0x47, 0x1D, 0x71, 0xB5, 0x7E, 0xE0, 0xDF, 0x32, 0xEA, 0xFB, 0x9C, 0xAA, 0xD9, 0x1A, 0xC9,
    0x98, 0xFF, 0x07, 0xBF, 0x2E, 0x1C, 0xEB, 0x9A, 0x51, 0x66, 0x96, 0x97, 0x3A, 0x1A, 0x15, 0xC8,
    0x2D, 0x19, 0x8E, 0x74, 0x70, 0x14, 0x42, 0xAF, 0xD4, 0x85, 0x67, 0x31, 0xFF, 0x20, 0xFC, 0x18,
    0x9A, 0xCD, 0x66, 0x26, 0x1F, 0x18, 0x2F, 0x37, 0xF9, 0xD8, 0x0B, 0xA1, 0x7D, 0xBD, 0xAF, 0x58,
    0x62, 0xB7, 0xDF, 0xF6, 0xC3, 0x03, 0xFB, 0x5F, 0x90, 0x8F, 0x9C, 0x2C, 0xE7, 0x25, 0x13, 0xF9,
    0x64, 0x22, 0x0D, 0x46, 0xFF, 0x05, 0x29, 0xA1, 0x55, 0x47, 0xBE, 0xE3, 0x4E, 0x0F, 0xDC, 0xFF,
    0x02, 0xD5, 0x9A, 0x01, 0xC4, 0x2E, 0x57, 0x7E, 0xFF, 0xBF, 0x33, 0xB3, 0x37, 0xF3, 0xFF, 0xEF,
    0xE8, 0xCE, 0x22, 0x17, 0x92, 0xDD, 0x1D, 0x28, 0x2A, 0xBD, 0xCD, 0x40, 0x71, 0xCB, 0x95, 0x33,
    0x29, 0x2C, 0x0A, 0x2F, 0xEE, 0xDB, 0xA2, 0x48, 0x01, 0x6C, 0x71, 0x8B, 0xC5, 0x22, 0xBB, 0x33,
    0xDB, 0x28, 0x28, 0x7A, 0x21, 0x00, 0x12, 0x04, 0xB9, 0xEF, 0xD2, 0x2E, 0x16, 0x41, 0x72, 0x67,
    0xB2, 0x41, 0x01, 0x66, 0xB1, 0x81, 0x62, 0x67, 0x6D, 0xB6, 0x25, 0x8B, 0x9E, 0xEA, 0x68, 0xE6,
    0x26, 0x33, 0xF3, 0xED, 0xF9, 0xFE, 0x66, 0x9E, 0xE7, 0x79, 0xFB, 0xBA, 0xD1, 0x88, 0xE6, 0x75,
    0xEF, 0x31, 0xCF, 0xE7, 0x3C, 0xC9, 0x3B, 0x73, 0x7E, 0xDF, 0xDF, 0x39, 0xE7, 0xF7, 0x3B, 0xE7,
    0xCC, 0x73, 0x11, 0x4A, 0x8B, 0x88, 0x5D, 0xCC, 0x2E, 0x62, 0x83, 0x1F, 0x61, 0x2F, 0x77, 0x11,
    0x2F, 0x88, 0x67, 0x24, 0x76, 0xA5, 0x33, 0xB2, 0x09, 0xF9, 0x68, 0x97, 0x47, 0xE1, 0x51, 0x7A,
    0xB8, 0x70, 0x0D, 0xA8, 0x7B, 0x5D, 0x37, 0x2B, 0xEC, 0xC5, 0x75, 0x97, 0x11, 0x73, 0x04, 0x4A,
    0x12, 0x20, 0xD9, 0x25, 0xFC, 0x8C, 0x7D, 0xBE, 0xA2, 0xF5, 0xC5, 0x04, 0xE7, 0x9D, 0xC7, 0xCD,
    0x33, 0x37, 0x00, 0xA8, 0x7B, 0xA1, 0xDB, 0xBF, 0x09, 0xEC, 0x9C, 0x8F, 0x59, 0xB9, 0xF5, 0x1E,
    0x91, 0x93, 0x41, 0x02, 0x39, 0x00, 0xED, 0x5A, 0x41, 0xE6, 0x81, 0x72, 0x90, 0x89, 0x1E, 0x87,
    0xF2, 0xF5, 0x07, 0x01, 0x64, 0xAF, 0x1B, 0x47, 0x14, 0x7A, 0xC4, 0x8D, 0xF9, 0x82, 0xB6, 0x4B,
    0x16, 0xB0, 0x8A, 0x03, 0x10, 0xBD, 0x1D, 0x00, 0xEC, 0xA8, 0x00, 0xA7, 0x7B, 0x0D, 0x35, 0xE9,
    0x81, 0xB6, 0xB1, 0x3F, 0x08, 0x00, 0x22, 0x21, 0x99, 0x03, 0xD2, 0x31, 0xA0, 0xF8, 0xF4, 0xE2,
    0xA2, 0xA9, 0xE5, 0x47, 0x2B, 0x30, 0x94, 0x06, 0x2A, 0x51, 0x87, 0x0C, 0xE9, 0x7F, 0xAD, 0xF7,
    0x9A, 0x84, 0x5C, 0x11, 0xC9, 0x76, 0xB2, 0xA4, 0x41, 0xF3, 0x18, 0xCF, 0xC8, 0x7C, 0x40, 0xBE,
    0x21, 0x99, 0x91, 0x8D, 0xF9, 0xB8, 0x39, 0x53, 0xC8, 0x64, 0x5D, 0x7F, 0x36, 0xE1, 0x0E, 0x30,
    0xC0, 0x4A, 0x74, 0x17, 0xB8, 0x71, 0x96, 0xAE, 0x80, 0xF3, 0x09, 0x81, 0xB6, 0x8F, 0x59, 0x45,
    0x6C, 0xC2, 0xA5, 0xFF, 0x64, 0x97, 0x2D, 0x08, 0x2E, 0x15, 0x13, 0x50, 0x0F, 0xCE, 0xEB, 0xB6,
    0xB6, 0x03, 0x4A, 0xCF, 0x0A, 0xCF, 0xB5, 0x9F, 0xF0, 0x81, 0x3A, 0x9B, 0x8B, 0x71, 0xC6, 0xCD,
    0xBF, 0xE0, 0x6F, 0x43, 0x83, 0x09, 0xD5, 0xB3, 0xB1, 0xFC, 0x92, 0xFC, 0x11, 0xED, 0x91, 0x1E,
    0x41, 0x29, 0xE4, 0xE1, 0xC6, 0x59, 0xCC, 0x8C, 0xF9, 0x24, 0xBA, 0x5E, 0x57, 0xDD, 0xA1, 0xB5,
    0x8B, 0x0D, 0xA4, 0x07, 0xE1, 0x8A, 0xC3, 0xB5, 0xE2, 0x4A, 0x79, 0xE6, 0xAD, 0x7D, 0x96, 0xD8,
    0x14, 0xD1, 0xE5, 0x86, 0xBD, 0x01, 0x6B, 0x63, 0x9B, 0x28, 0xCF, 0x68, 0xAC, 0x22, 0x1B, 0xD0,
    0x4C, 0x3A, 0x51, 0x48, 0xB3, 0xC6, 0xCB, 0x5C, 0xDE, 0x3C, 0xDD, 0x08, 0x04, 0xF6, 0xC6, 0xC5,
    0xC8, 0x8F, 0xE4, 0x10, 0x69, 0x8F, 0xB2, 0x47, 0x3E, 0x17, 0xF4, 0x28, 0xA6, 0x88, 0x53, 0x20,
    0xCA, 0x19, 0xC5, 0x8C, 0x3C, 0x5C, 0x6C, 0x02, 0x33, 0x3E, 0x2A, 0x46, 0xBB, 0x5F, 0xA3, 0xAB,
    0xFB, 0xF5, 0x98, 0x86, 0xAD, 0xB4, 0x61, 0x4E, 0xEC, 0x7B, 0x14, 0xD8, 0xF6, 0x11, 0x2B, 0xB4,
    0x83, 0xCC, 0xD6, 0x63, 0xA1, 0x11, 0xD8, 0xA5, 0xE9, 0xD1, 0x74, 0x7B, 0xE8, 0x7B, 0x6F, 0xC1,
    0x8A, 0x4B, 0x7C, 0xFB, 0x67, 0x53, 0xFB, 0xDD, 0xE9, 0xA5, 0x78, 0xD0, 0xFF, 0xBE, 0x0F, 0x6B,
    0x71, 0x0D, 0x8C, 0x1F, 0xE1, 0xF9, 0x1E, 0xC8, 0x1B, 0x60, 0x04, 0xEE, 0xE0, 0x59, 0x8D, 0xAE,
    0xCF, 0x38, 0x7C, 0x07, 0x71, 0x57, 0x73, 0xCE, 0x91, 0xBE, 0x4C, 0xAE, 0x69, 0x95, 0x27, 0x4B,
    0xCC, 0xA4, 0xF9, 0x76, 0x36, 0x22, 0x54, 0xB7, 0xF2, 0x01, 0x48, 0x9A, 0x3B, 0x45, 0x6F, 0x55,
    0xD9, 0x01, 0x69, 0x73, 0xDB, 0xAA, 0x2A, 0x54, 0xD1, 0xDD, 0x0C, 0x77, 0x8A, 0x21, 0x9D, 0xBF,
    0x81, 0x3B, 0xF9, 0xA3, 0x7B, 0xFE, 0x16, 0x6E, 0x65, 0x64, 0x7F, 0x1B, 0xDF, 0x89, 0x49, 0x78,
    0xE4, 0x28, 0x3F, 0x4A, 0x3A, 0x84, 0x0B, 0x79, 0x85, 0x68, 0x04, 0xDE, 0x55, 0x1C, 0xBD, 0x7E,
    0xAF, 0x87, 0xC4, 0x3F, 0xC2, 0xA9, 0xBC, 0xF0, 0xF2, 0x5B, 0x31, 0xFF, 0x73, 0xCC, 0x49, 0x5F,
    0x0E, 0xCE, 0xBB, 0x26, 0xF7, 0x35, 0xF2, 0xA1, 0x45, 0xDE, 0xB7, 0x28, 0xC2, 0xC7, 0x75, 0xF5,
    0x87, 0xEC, 0x1C, 0xD9, 0xE5, 0x2C, 0x1B, 0x9C, 0xC9, 0xC1, 0x97, 0x1F, 0x80, 0xE9, 0x9C, 0x2C,
    0xB9, 0xCF, 0xA6, 0x72, 0x08, 0x4F, 0x74, 0xAE, 0x23, 0xDC, 0xFB, 0x84, 0xEA, 0x72, 0x68, 0x2B,
    0xFD, 0xBF, 0x7C, 0x74, 0x5D, 0xF8, 0x7B, 0xFF, 0xC2, 0x45, 0x28, 0x55, 0x6D, 0x11, 0xD2, 0x8A,
    0x95, 0x51, 0xD6, 0xE3, 0x4B, 0x4C, 0x56, 0xE3, 0x72, 0x98, 0xF8, 0x9A, 0x16, 0x35, 0xBB, 0x68,
    0x8C, 0x7D, 0xFA, 0x77, 0x67, 0x3F, 0xC8, 0x8B, 0xF9, 0xCE, 0xAD, 0x17, 0x7F, 0x78, 0xEB, 0xCE,
    0x4B, 0xAF, 0xDE, 0xBA, 0xED, 0xC6, 0x3B, 0xB7, 0x5F, 0xF2, 0xB7, 0x6F, 0xBF, 0xEA, 0x7F, 0x7A,
    0xE7, 0xFB, 0x3F, 0x0B, 0x9D, 0x99, 0x76, 0xD9, 0x2F, 0xEB, 0x2D, 0xBF, 0xDC, 0x00, 0x9E, 0xBB,
    0xB8, 0x78, 0xB3, 0x24, 0xBD, 0x0B, 0x9F, 0x9B, 0xE7, 0xE7, 0x67, 0xF1, 0xDB, 0x28, 0x58, 0x39,
    0x76, 0x6D, 0x3E, 0xCC, 0xE9, 0x30, 0x27, 0xC3, 0xC3, 0x6C, 0x70, 0xEC, 0x0A, 0x56, 0xCF, 0x4C,
    0x50, 0x8C, 0x05, 0x14, 0x83, 0xD0, 0x07, 0x94, 0x1D, 0xA2, 0xF3, 0xFA, 0x97, 0x77, 0x53, 0x85,
    0x4D, 0x76, 0xC4, 0x8D, 0x73, 0xBE, 0x1E, 0x74, 0xB5, 0xC7, 0x9C, 0xB1, 0x0A, 0x41, 0xA5, 0x15,
    0x79, 0x79, 0xDF, 0x69, 0x12, 0x5A, 0x52, 0x30, 0xC0, 0xCA, 0x73, 0x6F, 0xDA, 0x74, 0x4D, 0x48,
    0x64, 0x9E, 0x88, 0xAA, 0x15, 0x88, 0x66, 0x20, 0x1B, 0x81, 0xBA, 0x41, 0x3C, 0x01, 0x45, 0x08,
    0x4C, 0xC7, 0xC9, 0x3E, 0x37, 0xCF, 0xCF, 0xC2, 0x33, 0xF7, 0x11, 0x59, 0x9A, 0x5B, 0x91, 0xF7,
    0xDC, 0x6C, 0xFD, 0xE1, 0x04, 0xC5, 0x0F, 0x92, 0x70, 0x4F, 0x3C, 0xC3, 0xBD, 0x16, 0x3E, 0x1C,
    0x91, 0xB3, 0x57, 0x82, 0xB6, 0x92, 0x01, 0x35, 0x52, 0xC2, 0x2D, 0x0A, 0x93, 0xF7, 0x80, 0x33,
    0x29, 0x6B, 0xF0, 0xBD, 0x06, 0xED, 0x29, 0x68, 0x0F, 0x57, 0xA5, 0xE8, 0xD5, 0x85, 0x53, 0x0C,
    0x53, 0xE3, 0xB0, 0x5F, 0x8B, 0xAE, 0x34, 0x5C, 0x2B, 0x2C, 0x78, 0x50, 0x8A, 0x1F, 0x52, 0xE1,
    0x44, 0x4E, 0xE2, 0xAF, 0x64, 0x7F, 0xD5, 0x22, 0xF0, 0x1F, 0x32, 0x55, 0x7A, 0x1C, 0xE9, 0x06,
    0x63, 0x2F, 0xD6, 0xDD, 0x91, 0xC7, 0xC5, 0xE1, 0xFC, 0xFC, 0xDC, 0x16, 0x03, 0x19, 0x15, 0xB3,
    0x80, 0x55, 0xFF, 0xE3, 0x17, 0xAB, 0x82, 0xED, 0xFD, 0x05, 0x35, 0xF9, 0xF3, 0x59, 0xFC, 0x60,
    0x56, 0xB4, 0x06, 0x7F, 0xEB, 0x40, 0xF5, 0x12, 0xBF, 0x3B, 0x8A, 0xA9, 0xAC, 0x33, 0xF3, 0xEA,
    0xDB, 0xA0, 0x01, 0xCF, 0xAD, 0x62, 0xB4, 0xE4, 0x83, 0xA8, 0xB1, 0x8C, 0x67, 0x05, 0x4D, 0xB2,
    0xD3, 0x89, 0x93, 0x6B, 0x94, 0xC2, 0xC5, 0xCC, 0xD7, 0x95, 0xA8, 0x21, 0xCD, 0x3D, 0xC5, 0x61,
    0xE3, 0xAA, 0x59, 0x51, 0xDD, 0x05, 0xA2, 0xAA, 0xF0, 0x6E, 0x74, 0x63, 0xE9, 0x9F, 0xB1, 0xF4,
    0x3E, 0x03, 0x0B, 0xC0, 0x21, 0xE2, 0xA8, 0x81, 0x48, 0xC6, 0x42, 0xD3, 0xAC, 0x77, 0x8F, 0x80,
    0x67, 0xD3, 0xD9, 0xCD, 0x6E, 0x4A, 0xA6, 0x64, 0x4C, 0x7D, 0xEA, 0x33, 0x9F, 0x0F, 0x79, 0x9F,
    0xF7, 0x37, 0x2A, 0xCD, 0x80, 0x98, 0xAB, 0xE5, 0x9A, 0xB2, 0x77, 0x9D, 0x6B, 0x8A, 0xAE, 0xC5,
    0xF6, 0x21, 0xCA, 0x50, 0xD7, 0x55, 0xFD, 0xE1, 0x6A, 0xA3, 0x9F, 0xED, 0xA3, 0x19, 0xBF, 0xFD,
    0xF5, 0x37, 0xE3, 0x35, 0x1F, 0x23, 0xA6, 0x33, 0x98, 0xCC, 0x68, 0x5F, 0x5B, 0x42, 0x84, 0xAD,
    0xA8, 0xC3, 0x87, 0xC9, 0xAC, 0xBF, 0xA5, 0xB3, 0x82, 0x2F, 0xB4, 0xD7, 0xB3, 0xC2, 0xB3, 0x8A,
    0x1A, 0x4B, 0xD9, 0xF9, 0x08, 0x37, 0xDB, 0x92, 0xE8, 0x26, 0x75, 0xBA, 0x74, 0x82, 0x08, 0x5A,
    0x2D, 0xBA, 0x52, 0x8F, 0x6C, 0xB2, 0xAA, 0xF0, 0x72, 0xDE, 0x86, 0x28, 0x1F, 0xC0, 0x26, 0x54,
    0x7D, 0x4C, 0xA8, 0x4A, 0x67, 0xEB, 0x80, 0x7C, 0x0C, 0xC0, 0x9E, 0xB5, 0xF7, 0xF9, 0x63, 0x13,
    0xA5, 0x53, 0x53, 0x59, 0xA8, 0xF2, 0x09, 0xC5, 0x1B, 0x8D, 0x86, 0xBC, 0x2E, 0x2B, 0x19, 0x9B,
    0x9D, 0xA6, 0x55, 0x4C, 0xF6, 0xF1, 0xAA, 0x71, 0xE9, 0xAC, 0xA9, 0x16, 0x1A, 0x19, 0x3C, 0x84,
    0x8A, 0xB4, 0x7E, 0x45, 0x72, 0x15, 0x38, 0x41, 0x6E, 0xC4, 0x59, 0x72, 0x53, 0x5B, 0x7F, 0x35,
    0x9C, 0x6A, 0xEA, 0x46, 0xB5, 0x48, 0x2E, 0x92, 0x59, 0x72, 0x25, 0x48, 0x13, 0xB2, 0x96, 0x5C,
    0xD9, 0xD4, 0xF2, 0x55, 0xFE, 0xF6, 0x4C, 0x4D, 0x39, 0x8E, 0x92, 0x5B, 0x33, 0x00, 0x0A, 0x48,
    0x35, 0xAB, 0x2C, 0xA1, 0x76, 0xA5, 0x43, 0x0D, 0x4B, 0x88, 0x62, 0xD3, 0x94, 0x60, 0x55, 0xE8,
    0x28, 0x46, 0xE5, 0x93, 0x24, 0xC8, 0x2F, 0xCD, 0x36, 0x7D, 0x55, 0xBC, 0xAA, 0xEB, 0x14, 0xB3,
    0x11, 0x61, 0x06, 0xE4, 0x9B, 0x62, 0x57, 0x8A, 0x34, 0xE2, 0xA5, 0xB7, 0xC8, 0xD8, 0xD7, 0x46,
    0xC0, 0x16, 0x7A, 0x58, 0x1C, 0x52, 0x93, 0x54, 0x41, 0x57, 0x99, 0x71, 0x57, 0xC3, 0x8C, 0x2F,
    0x0E, 0xDA, 0xA3, 0xC4, 0x53, 0x0D, 0x79, 0xA9, 0xBE, 0x96, 0x6F, 0x5A, 0x9C, 0xCC, 0x78, 0xB4,
    0xEC, 0xFB, 0xA2, 0xF9, 0xB8, 0x8B, 0xDB, 0x4B, 0x6C, 0xBB, 0x18, 0x1E, 0xB1, 0x06, 0x44, 0x13,
    0x4E, 0xC5, 0x9C, 0xD5, 0xD0, 0x08, 0xEA, 0xF6, 0x6D, 0xC1, 0xB4, 0x40, 0x1B, 0x90, 0xAF, 0x12,
    0x32, 0x9A, 0x9B, 0x42, 0xBF, 0x81, 0x95, 0xD3, 0x78, 0xB8, 0x31, 0xB3, 0x1D, 0x87, 0x04, 0xDB,
    0x13, 0x92, 0xFD, 0xD7, 0x6F, 0xE1, 0x54, 0xFE, 0xC0, 0xE8, 0x2A, 0xB1, 0xF6, 0x62, 0xB9, 0x88,
    0x29, 0xC5, 0x7D, 0xD7, 0x79, 0x03, 0xC7, 0x72, 0xF3, 0x4C, 0x6C, 0xBD, 0x48, 0x99, 0x8D, 0x29,
    0xB1, 0x89, 0x31, 0xA3, 0x9C, 0x29, 0x3E, 0x11, 0xDD, 0x6F, 0xD4, 0x4E, 0xFD, 0x81, 0xC8, 0xD7,
    0x94, 0x66, 0x19, 0x53, 0x7D, 0x18, 0x51, 0x3D, 0x28, 0xE6, 0xA3, 0x86, 0xBB, 0xF4, 0x1A, 0x35,
    0x67, 0x39, 0xBA, 0x35, 0x52, 0x4C, 0x78, 0x71, 0xC1, 0x3E, 0x5D, 0xE4, 0x58, 0x3E, 0x8B, 0xF2,
    0xD2, 0xB6, 0xA6, 0xE1, 0x91, 0xBA, 0x37, 0xAF, 0x8F, 0x25, 0x35, 0xD6, 0x42, 0xC2, 0x93, 0x17,
    0x6D, 0x2F, 0xBE, 0x27, 0xE0, 0x0C, 0x4F, 0xBA, 0x17, 0xB1, 0x17, 0x4B, 0x9B, 0x01, 0x6A, 0x01,
    0xC9, 0x52, 0x8A, 0x7D, 0x1A, 0x18, 0x01, 0xD5, 0x13, 0xAB, 0xBF, 0xAE, 0x02, 0x63, 0xFE, 0xDB,
    0xB6, 0x1F, 0x53, 0x52, 0xF8, 0x31, 0x2B, 0xCD, 0x9B, 0x6F, 0x3E, 0xE1, 0x7D, 0x1E, 0xCD, 0xC5,
    0xB6, 0x1A, 0xF5, 0x62, 0x19, 0x88, 0x31, 0x6F, 0xA0, 0xF2, 0x84, 0x2B, 0x47, 0x36, 0x1D, 0x67,
    0x0B, 0xEE, 0xE4, 0xE2, 0xAB, 0x79, 0x75, 0xA4, 0x6B, 0x03, 0x90, 0xCF, 0x62, 0x74, 0xF6, 0x04,
    0xFB, 0x12, 0xF6, 0x84, 0xE7, 0x12, 0xBC, 0x3F, 0x2B, 0x3B, 0xFB, 0x97, 0xE4, 0xF0, 0x25, 0x27,
    0x61, 0xA5, 0xFC, 0x44, 0xDE, 0x1E, 0xC4, 0xA9, 0xF0, 0x9F, 0xA5, 0x55, 0x5E, 0xA4, 0xDB, 0x97,
    0x74, 0xC9, 0xB6, 0x2F, 0xF9, 0x94, 0xAF, 0x17, 0x6F, 0x41, 0x26, 0x73, 0x9A, 0xA7, 0x6D, 0xBF,
    0x7F, 0x61, 0xA3, 0xA3, 0x83, 0x0C, 0x48, 0x3C, 0xE4, 0xCE, 0xFE, 0xA5, 0x20, 0x39, 0x98, 0x01,
    0x72, 0x3F, 0xDB, 0xEC, 0x5F, 0xE2, 0xE0, 0x4E, 0x6B, 0xAA, 0x56, 0xA0, 0xFD, 0xF8, 0xE2, 0x3E,
    0xE4, 0x94, 0xDD, 0x5E, 0x8E, 0x80, 0xDD, 0x55, 0x0F, 0xFB, 0x17, 0x20, 0x0A, 0x37, 0x00, 0x35,
    0x57, 0x3D, 0x29, 0x2F, 0x72, 0xCA, 0xA4, 0x5B, 0xFF, 0x9C, 0x13, 0xF4, 0xCC, 0x1C, 0x6B, 0x65,
    0x98, 0x95, 0xEE, 0x33, 0x93, 0x1C, 0xDD, 0xCD, 0x27, 0x93, 0x70, 0x65, 0xDB, 0xF6, 0x58, 0x7A,
    0x0D, 0xA4, 0x58, 0x0F, 0xE5, 0x84, 0x88, 0x5D, 0xBE, 0x22, 0x65, 0x95, 0xF1, 0x53, 0xDA, 0x42,
    0xCF, 0xE9, 0xA0, 0xA4, 0xE0, 0xB2, 0xE7, 0x71, 0xB1, 0x12, 0xDB, 0xD1, 0x38, 0x8B, 0xD1, 0x89,
    0x39, 0x27, 0xA3, 0x2C, 0x14, 0xEB, 0x29, 0xD7, 0x7C, 0x43, 0xC8, 0xE5, 0x54, 0x30, 0xA5, 0x06,
    0x2B, 0x3B, 0x96, 0xE9, 0xAB, 0x6E, 0x8A, 0x61, 0x45, 0xE3, 0xA8, 0x7D, 0x33, 0x57, 0xD4, 0xE4,
    0xA2, 0xD1, 0xD4, 0x32, 0x6B, 0xBD, 0x2D, 0xD8, 0x43, 0xD8, 0x11, 0x0B, 0x9A, 0x20, 0x8D, 0xB4,
    0x76, 0x42, 0x93, 0x06, 0x54, 0x36, 0x76, 0x86, 0x7C, 0x12, 0xC6, 0x03, 0xAC, 0x57, 0xCA, 0x70,
    0xCC, 0xDF, 0x76, 0xA9, 0x6E, 0xC7, 0x7A, 0xCA, 0x9D, 0x32, 0x55, 0x04, 0x44, 0x0C, 0xC8, 0x65,
    0xCF, 0x8D, 0x87, 0x95, 0xED, 0xF7, 0xF1, 0x64, 0x88, 0x7C, 0x47, 0x0F, 0xCA, 0x8A, 0x96, 0x6F,
    0xD8, 0x06, 0x79, 0x88, 0x6C, 0x44, 0xBF, 0xF9, 0x24, 0xE8, 0x0B, 0x07, 0x31, 0x80, 0x52, 0x65,
    0xF8, 0x61, 0xAA, 0x41, 0x7F, 0x02, 0xBA, 0xEE, 0xB6, 0x0D, 0x63, 0x3B, 0xA0, 0xD6, 0xF9, 0xC7,
    0xD6, 0xF3, 0xFF, 0x67, 0x92, 0xAA, 0xCF, 0x7F, 0x03, 0x72, 0x3A, 0x37, 0xE9, 0x0D, 0x99, 0x2E,
    0x99, 0x7C, 0xEC, 0x1B, 0x90, 0xCB, 0xA7, 0x35, 0x99, 0x60, 0x8F, 0x05, 0xB8, 0x8F, 0xFF, 0x6B,
    0x13, 0xF1, 0x60, 0xDB, 0x92, 0x58, 0x3D, 0x32, 0xB9, 0x2E, 0x69, 0x52, 0xF5, 0x5C, 0x75, 0xB0,
    0xA3, 0xFB, 0x64, 0x49, 0x76, 0xF4, 0x91, 0x31, 0xB0, 0x92, 0x2D, 0xFB, 0x6C, 0xD9, 0x77, 0xFF,
    0x2C, 0x90, 0x51, 0x99, 0xD4, 0x47, 0x76, 0x65, 0x55, 0x1F, 0x99, 0x96, 0x61, 0x7D, 0x64, 0xFD,
    0x64, 0x7E, 0x2A, 0x1B, 0x1D, 0xBB, 0xF4, 0x89, 0xC6, 0xC2, 0xEC, 0x5E, 0x8B, 0xED, 0x1B, 0x61,
    0xE2, 0x40, 0xE3, 0x3A, 0x62, 0x1B, 0x58, 0x63, 0x0F, 0xF7, 0xF1, 0x4F, 0xE8, 0x65, 0xB5, 0x9E,
    0x64, 0xB3, 0x98, 0xC5, 0x6C, 0x96, 0xED, 0x74, 0x01, 0xAB, 0xC0, 0x17, 0x78, 0x71, 0x3F, 0x5D,
    0x1C, 0x39, 0x18, 0xFB, 0x74, 0xAE, 0x03, 0xB3, 0x59, 0x3A, 0xF2, 0x59, 0x4A, 0x8A, 0x51, 0x5A,
    0x9C, 0x17, 0xDB, 0xF0, 0x17, 0x9D, 0x87, 0x82, 0xA2, 0x92, 0x96, 0x71, 0x67, 0xE3, 0x80, 0x22,
    0xB0, 0x92, 0x84, 0x6D, 0x54, 0x1F, 0xDA, 0x4E, 0x2B, 0xE5, 0xEF, 0x24, 0x2F, 0xE7, 0x96, 0xCC,
    0xD4, 0x26, 0xF0, 0x35, 0x85, 0xE2, 0xE5, 0x9E, 0x39, 0x57, 0xEB, 0x90, 0xA8, 0x7A, 0x84, 0x54,
    0xB5, 0xB3, 0x75, 0x49, 0xAB, 0x91, 0x04, 0xC8, 0xBD, 0xAA, 0xC2, 0xF3, 0x91, 0x86, 0x76, 0x09,
    0x55, 0xAB, 0x2A, 0xA6, 0x1B, 0x82, 0xAC, 0x64, 0x2D, 0x7C, 0xA6, 0x2A, 0x9F, 0x82, 0xB0, 0x64,
    0xC9, 0xE6, 0x50, 0xA5, 0xC1, 0x85, 0x7C, 0x0C, 0xDE, 0xC6, 0x2C, 0xBC, 0x39, 0xFD, 0x86, 0x57,
    0x4F, 0xB6, 0xF4, 0x76, 0x08, 0xE3, 0xA0, 0xAA, 0x94, 0x74, 0xAF, 0x93, 0x89, 0x7A, 0x34, 0x63,
    0xA7, 0x2A, 0x61, 0xA7, 0xBE, 0x8D, 0x55, 0xF5, 0x26, 0xEC, 0x54, 0xFE, 0x58, 0x38, 0x1E, 0xED,
    0xD8, 0x8B, 0xA8, 0x67, 0x11, 0xD9, 0x02, 0x2B, 0xEF, 0x0A, 0x8A, 0xA0, 0x53, 0x89, 0x2E, 0x2E,
    0xBF, 0x26, 0xE3, 0xB6, 0x83, 0xE3, 0x3E, 0x60, 0xAF, 0x6B, 0xA5, 0xE0, 0x88, 0x7C, 0x85, 0xD6,
    0xAC, 0x84, 0x48, 0xA9, 0xBB, 0xAA, 0x5C, 0xAB, 0x56, 0xA8, 0x26, 0x48, 0x45, 0xE9, 0x2F, 0x57,
    0x6E, 0x50, 0x55, 0xA9, 0x8A, 0x08, 0x55, 0xF1, 0x56, 0x25, 0xAB, 0x75, 0xA7, 0x56, 0x5C, 0xCD,
    0x97, 0x09, 0x85, 0x06, 0x4E, 0x3E, 0x56, 0x29, 0x7B, 0x24, 0xFC, 0xB4, 0xB5, 0x79, 0x47, 0x4A,
    0x6E, 0x4D, 0x0E, 0x92, 0xCE, 0xF5, 0x38, 0x1E, 0x97, 0xCB, 0xD7, 0x2F, 0xBB, 0x9B, 0xAD, 0x22,
    0x6A, 0xC9, 0x39, 0x76, 0xCB, 0x64, 0x44, 0x83, 0xA7, 0xDF, 0xDB, 0x74, 0x1F, 0xCD, 0x45, 0x4C,
    0x68, 0x0E, 0xA6, 0x53, 0x6D, 0x55, 0x93, 0x55, 0x36, 0x77, 0xA3, 0xA7, 0xD8, 0xCD, 0x2D, 0x28,
    0x93, 0x63, 0x50, 0x76, 0x57, 0x82, 0xF2, 0x29, 0x1F, 0xBF, 0x64, 0x74, 0xD5, 0x36, 0x62, 0x9D,
    0x55, 0x4E, 0x55, 0xEC, 0x4B, 0x6C, 0xE5, 0xA9, 0xF6, 0x6F, 0x80, 0x4F, 0xA6, 0x64, 0xCE, 0x97,
    0x62, 0x4E, 0xD8, 0xFA, 0x88, 0xCA, 0x96, 0x2B, 0xEC, 0x25, 0x12, 0x17, 0xA4, 0x64, 0x55, 0x3E,
    0x62, 0x57, 0x0F, 0xF5, 0xE0, 0xAA, 0xB2, 0xF9, 0x3D, 0xFC, 0x7F, 0xEC, 0xE5, 0xB9, 0x07, 0xB8,
    0xB9, 0x79, 0xF9, 0xEB, 0xD5, 0x7C, 0x26, 0xCD, 0x81, 0x50, 0x24, 0x8F, 0x8F, 0x5E, 0xD9, 0xB6,
    0x73, 0x88, 0x39, 0x58, 0x7B, 0x19, 0x6D, 0xD7, 0x8B, 0x52, 0xB5, 0x4E, 0x1C, 0x6F, 0x8C, 0x72,
    0x5B, 0xAF, 0xE0, 0xE4, 0x54, 0x36, 0x2A, 0xC7, 0x12, 0x65, 0x9F, 0x8F, 0xF2, 0xAE, 0xAD, 0x0A,
    0xD5, 0xF1, 0x82, 0xC2, 0x87, 0x3A, 0x1B, 0xE1, 0x54, 0xBB, 0x5E, 0xEE, 0x27, 0x64, 0xA5, 0x36,
    0x62, 0x2E, 0xD6, 0x99, 0x11, 0x47, 0x64, 0x94, 0x79, 0xBF, 0x25, 0x4D, 0xF2, 0x27, 0x1C, 0x4F,
    0x07, 0x91, 0xFC, 0x13, 0x9A, 0xEB, 0xAE, 0x6B, 0x39, 0x1C, 0x7F, 0x14, 0x3A, 0x95, 0xA4, 0x31,
    0x8E, 0x62, 0xBA, 0x8A, 0x09, 0x7B, 0x55, 0xB5, 0x3F, 0x05, 0xF0, 0x29, 0x17, 0x9D, 0xEB, 0xCD,
    0x4E, 0x44, 0xAD, 0x9A, 0xB1, 0x51, 0x93, 0xBD, 0x34, 0xBA, 0x21, 0x59, 0x44, 0x5B, 0xDB, 0x7A,
    0xB1, 0xEE, 0x32, 0xA3, 0xC6, 0xB7, 0x35, 0xB2, 0xC9, 0x6D, 0x41, 0x2A, 0xBC, 0x58, 0x7A, 0x0D,
    0x6D, 0xA0, 0x8D, 0xEC, 0xCE, 0x64, 0x15, 0xD3, 0x59, 0x4E, 0xE7, 0x33, 0xCA, 0x59, 0x4A, 0x0A,
    0xFE, 0x3B, 0x7B, 0xE4, 0xA4, 0x4D, 0x1F, 0x1B, 0xD8, 0x56, 0x32, 0xAF, 0x38, 0x83, 0x9F, 0x0A,
    0xA9, 0x3F, 0xEA, 0xDF, 0x7C, 0xC9, 0x75, 0x3F, 0xB2, 0x5E, 0xBC, 0x21, 0x3C, 0x0D, 0xBE, 0xBC,
    0x28, 0xC4, 0xF6, 0x87, 0x92, 0x76, 0xB8, 0x7D, 0x4D, 0xBC, 0x8D, 0x1F, 0xD8, 0xD6, 0xFB, 0x6B,
    0x4F, 0x85, 0x17, 0xE5, 0x8F, 0x27, 0x29, 0xFF, 0x60, 0x3E, 0xB2, 0x78, 0x79, 0x84, 0xCA, 0x53,
    0x32, 0x0A, 0xDF, 0x3A, 0x1D, 0x38, 0x73, 0x63, 0x3B, 0xC1, 0x52, 0x97, 0x68, 0x9E, 0x44, 0xD5,
    0xC9, 0x95, 0x0A, 0xD1, 0x39, 0xDA, 0xDE, 0xF6, 0xE4, 0xB2, 0x25, 0x8B, 0xE5, 0x18, 0x2E, 0x09,
    0x08, 0x6A, 0x75, 0xA6, 0x9E, 0xF5, 0x70, 0xB6, 0x6C, 0x3B, 0x53, 0xB5, 0x99, 0x50, 0xDA, 0x63,
    0xD6, 0x96, 0xF0, 0xD8, 0x19, 0x4F, 0xAB, 0xA6, 0x9B, 0x8C, 0xDE, 0x38, 0x3C, 0xFE, 0x87, 0x91,
    0xF6, 0x12, 0xD9, 0x18, 0xAB, 0x63, 0xB6, 0xFB, 0xFC, 0x3B, 0xB9, 0x56, 0x22, 0xD5, 0x69, 0xE4,
    0x6C, 0x54, 0x8A, 0x96, 0xFE, 0x44, 0x5F, 0x0E, 0x5C, 0x44, 0x6D, 0x0B, 0x69, 0x67, 0x86, 0x45,
    0xBC, 0xB7, 0xED, 0x53, 0xBD, 0xB1, 0x13, 0x17, 0xFD, 0xA8, 0xFD, 0xA0, 0xFA, 0xDC, 0x5F, 0x71,
    0x54, 0xEE, 0x0A, 0xF7, 0xA8, 0x6C, 0xAE, 0x07, 0xEC, 0x61, 0xC0, 0xAD, 0x7F, 0xC9, 0x0A, 0xF5,
    0xA0, 0x23, 0x3A, 0xBB, 0xD3, 0x6F, 0x4B, 0x07, 0x01, 0xC5, 0x28, 0xB6, 0x9D, 0xB2, 0xA2, 0xED,
    0xE6, 0x13, 0x71, 0x4E, 0xB4, 0xEB, 0x0E, 0x7C, 0x24, 0x3D, 0x64, 0xA3, 0xDF, 0x12, 0x38, 0x04,
    0x46, 0xAD, 0xCF, 0x47, 0x29, 0x28, 0x3C, 0xAB, 0x42, 0x6C, 0x4A, 0x5F, 0xFA, 0xB6, 0xAF, 0x07,
    0x37, 0xD4, 0x64, 0xE7, 0xFA, 0x92, 0xD4, 0x9C, 0xE2, 0x68, 0xFD, 0xF4, 0x3F, 0x37, 0xA3, 0xB5,
    0xD0, 0x0E, 0x36, 0x04, 0xC7, 0xB4, 0xF8, 0xDE, 0xE5, 0x0D, 0x68, 0x14, 0x6C, 0xA2, 0xB0, 0x25,
    0x83, 0xEC, 0x23, 0xFE, 0x2B, 0x7D, 0x42, 0x38, 0x1F, 0xBF, 0x6D, 0x6E, 0x0B, 0xCF, 0x93, 0xC1,
    0x9F, 0x80, 0x2C, 0xA0, 0xB7, 0x83, 0x82, 0xF3, 0x60, 0x40, 0x12, 0x30, 0x15, 0x6C, 0x1C, 0x19,
    0xD4, 0x71, 0xD1, 0xBA, 0x35, 0x50, 0x2A, 0xAE, 0xEC, 0x12, 0x5B, 0x19, 0xE7, 0x41, 0x06, 0xFB,
    0xC3, 0xDE, 0xB0, 0xC1, 0x35, 0xC9, 0x48, 0x86, 0xFD, 0xAD, 0x74, 0x6C, 0x61, 0x32, 0xD5, 0x8D,
    0xB6, 0x6D, 0x0D, 0xBE, 0x86, 0x6B, 0x50, 0xF0, 0x30, 0xF2, 0xDA, 0x59, 0x0D, 0xC8, 0x6C, 0x7E,
    0xFD, 0x29, 0xED, 0xDD, 0xEC, 0xF5, 0x78, 0x9E, 0x8C, 0x65, 0x03, 0x1D, 0x3A, 0x37, 0x44, 0xDE,
    0x8E, 0x9E, 0xD7, 0xD5, 0xED, 0xF9, 0x18, 0xE0, 0x16, 0x9D, 0x7B, 0xCA, 0x80, 0x9F, 0xE5, 0x01,
    0xEF, 0x14, 0x01, 0x3F, 0x7A, 0x18, 0x50, 0x4C, 0x96, 0x75, 0xAE, 0x47, 0x8B, 0x2C, 0xB4, 0x4B,
    0xD4, 0x4E, 0x16, 0xAA, 0xFF, 0x40, 0x85, 0x29, 0x55, 0x7A, 0xF0, 0x63, 0xCA, 0x5A, 0x4C, 0x94,
    0xE1, 0xF2, 0xF1, 0x03, 0x14, 0xF3, 0x26, 0xBD, 0x18, 0x55, 0x3F, 0x4F, 0x95, 0x31, 0xA2, 0x15,
    0x2F, 0xE3, 0xE1, 0x5D, 0xC9, 0x9B, 0x41, 0xBE, 0x65, 0x3A, 0x49, 0xF0, 0x78, 0xA1, 0x09, 0x52,
    0x39, 0x62, 0x13, 0x12, 0xD2, 0x00, 0x1C, 0xF9, 0x3B, 0x72, 0x91, 0x4F, 0x7F, 0x4B, 0x7A, 0xA4,
    0x0C, 0x0F, 0xB0, 0x92, 0xA8, 0xE3, 0x4B, 0xE1, 0xAF, 0xE8, 0x5F, 0x02, 0xE5, 0x3D, 0x0E, 0x58,
    0x0F, 0x6F, 0x0D, 0xE1, 0x76, 0xC4, 0x32, 0x96, 0x70, 0x16, 0xEE, 0xE3, 0x50, 0xFE, 0x46, 0x78,
    0x28, 0xB0, 0x3F, 0xAC, 0x0E, 0xD9, 0x1C, 0x00, 0xC3, 0xB3, 0xD8, 0xCA, 0x33, 0x9B, 0xDC, 0xD5,
    0xE4, 0x36, 0x49, 0xE8, 0xB7, 0x2E, 0x5F, 0x50, 0xEB, 0xF5, 0x72, 0x19, 0xE4, 0x0A, 0xEA, 0xA3,
    0x3A, 0x60, 0xA8, 0x3F, 0x0E, 0xFF, 0x10, 0xC0, 0x34, 0x1B, 0xDC, 0xA0, 0x55, 0xEC, 0xD1, 0x2B,
    0xAB, 0x7A, 0x64, 0xDA, 0xE4, 0x46, 0xDC, 0x7E, 0x5F, 0xC6, 0xB1, 0x7C, 0x5B, 0x58, 0x64, 0x5C,
    0x90, 0x8C, 0x88, 0x4D, 0xC0, 0x9E, 0x2F, 0xAE, 0x49, 0x46, 0xDA, 0xEF, 0x87, 0x59, 0xDB, 0xA5,
    0x66, 0x63, 0x1B, 0x50, 0xE5, 0x76, 0xC8, 0xBB, 0x1E, 0x05, 0x89, 0x77, 0x90, 0xDD, 0x26, 0xA0,
    0x6E, 0x90, 0x0C, 0xB6, 0x8B, 0xBA, 0x0E, 0xF7, 0xA3, 0x1E, 0xF1, 0x84, 0x44, 0x8B, 0x96, 0xAD,
    0xF9, 0x3A, 0x18, 0xFE, 0x95, 0xC5, 0x27, 0x62, 0x5D, 0xA7, 0xB7, 0x6E, 0xE9, 0xF1, 0xAD, 0xDB,
    0xB4, 0xBF, 0x75, 0x2B, 0x4E, 0x6F, 0xDD, 0x74, 0x59, 0xB9, 0xAD, 0xE6, 0xCA, 0x29, 0xE2, 0xA0,
    0x07, 0x07, 0xC4, 0xC0, 0x97, 0x6F, 0xAD, 0x90, 0xAA, 0x9C, 0x4B, 0xF1, 0x8B, 0xE5, 0x45, 0xFC,
    0x91, 0x36, 0x8F, 0x5F, 0xB6, 0xA9, 0xBC, 0x5B, 0x8A, 0x5F, 0x33, 0x5C, 0x59, 0xF7, 0x2E, 0xBE,
    0xBC, 0xA4, 0xE8, 0x6E, 0x04, 0xC4, 0xAB, 0x02, 0xC7, 0xB6, 0x0D, 0xFC, 0x48, 0x03, 0xD3, 0x03,
    0x7F, 0x52, 0x78, 0x59, 0xF1, 0x88, 0xFE, 0xF1, 0xEF, 0x47, 0x94, 0xEA, 0x6B, 0x92, 0x73, 0x22,
    0xE4, 0xAC, 0xDA, 0xB9, 0xD0, 0x06, 0xCE, 0x36, 0x72, 0xB6, 0xA5, 0xAA, 0xFB, 0x1D, 0x63, 0x40,
    0xE9, 0x65, 0x62, 0x70, 0x63, 0xC4, 0xAE, 0xD4, 0x96, 0xC2, 0x36, 0x25, 0x09, 0x35, 0xEC, 0x2D,
    0x9B, 0x43, 0xFE, 0xA8, 0x9B, 0x77, 0x10, 0xF1, 0xD3, 0xFD, 0xC7, 0xE8, 0xEC, 0x7D, 0x9D, 0xA2,
    0x0E, 0x4B, 0x5A, 0xB4, 0x64, 0x6C, 0xE2, 0xD5, 0xD1, 0xC7, 0x2B, 0x39, 0xEA, 0x30, 0x19, 0x8C,
    0x77, 0xC5, 0x9C, 0x32, 0x98, 0x4C, 0xB5, 0xF3, 0xC9, 0xE4, 0x9E, 0x79, 0x27, 0x8C, 0xE6, 0xA1,
    0xF9, 0x68, 0x5E, 0x9A, 0x9F, 0x26, 0xC3, 0x7C, 0x0D, 0xA8, 0xBB, 0xCB, 0xB9, 0x62, 0x7D, 0x4C,
    0xAE, 0x88, 0xAE, 0xE4, 0x0A, 0x9D, 0x1A, 0xB9, 0xD8, 0x76, 0xAC, 0x52, 0x6A, 0xD3, 0x2F, 0x25,
    0xEC, 0x8B, 0x49, 0x8D, 0x7A, 0x38, 0xF3, 0xD2, 0xD7, 0xBD, 0xA0, 0xD7, 0x6A, 0xE1, 0x5B, 0xDD,
    0xD7, 0xC3, 0x9E, 0xD1, 0xAB, 0x72, 0xFD, 0xA7, 0xF5, 0x4A, 0x6A, 0xD3, 0x16, 0xFB, 0x8B, 0xE5,
    0x8A, 0xA8, 0xC2, 0x35, 0xC8, 0xF8, 0x02, 0xB9, 0xE2, 0x2B, 0x55, 0x10, 0xAD, 0xC9, 0x80, 0x94,
    0xFF, 0xD2, 0x21, 0x97, 0xF1, 0x32, 0x5D, 0xD4, 0xFD, 0x67, 0xD7, 0xE3, 0xF9, 0x31, 0x47, 0x09,
    0xA7, 0x1C, 0xF5, 0xD5, 0x1B, 0x0F, 0x48, 0x66, 0x20, 0x5B, 0xB7, 0xF5, 0x4D, 0x4E, 0x47, 0xE3,
    0xE1, 0xDF, 0x9E, 0xBD, 0xED, 0xC8, 0xA5, 0x26, 0xE7, 0x56, 0xCF, 0x1E, 0x8A, 0x6B, 0xB6, 0xC9,
    0x6A, 0x2D, 0x85, 0xBA, 0x3C, 0xE5, 0xFA, 0x7A, 0x2D, 0x1A, 0xD9, 0x20, 0x50, 0xD8, 0x23, 0xF5,
    0x2A, 0xB2, 0x2F, 0x67, 0x9D, 0x8F, 0xDA, 0x45, 0x9B, 0x75, 0xAE, 0xC1, 0x4C, 0xF6, 0x9B, 0x15,
    0xD9, 0x5C, 0xBE, 0x26, 0x3E, 0x54, 0x08, 0x71, 0x52, 0x0C, 0xD9, 0x4E, 0x3D, 0x65, 0xE3, 0x14,
    0x88, 0x1F, 0x73, 0x08, 0x24, 0x9B, 0xFD, 0x20, 0xE1, 0x5E, 0x91, 0x49, 0x9D, 0x17, 0x8E, 0xE5,
    0xFB, 0x5F, 0x68, 0xA9, 0x4D, 0x27, 0x64, 0x6A, 0xFE, 0x18, 0x9D, 0x01, 0x8F, 0x8B, 0x4E, 0x61,
    0x8B, 0x4E, 0xFB, 0xA1, 0xC4, 0x76, 0x06, 0xF5, 0x90, 0x04, 0x39, 0x8F, 0xEE, 0x1D, 0x37, 0x44,
    0x33, 0xB1, 0x6D, 0x88, 0xCE, 0x71, 0x25, 0x7C, 0xDE, 0x93, 0xF1, 0xF5, 0x71, 0x4B, 0xED, 0xB5,
    0xC8, 0xB8, 0x1A, 0x3E, 0xE9, 0xE5, 0xF0, 0xB9, 0x1E, 0x05, 0xDB, 0x34, 0x9E, 0xEA, 0x7D, 0xA9,
    0x8D, 0x87, 0x12, 0x2A, 0xD7, 0x35, 0x0A, 0xDF, 0xDA, 0xF3, 0xE6, 0xD5, 0x24, 0x36, 0x5E, 0x4E,
    0x62, 0xC1, 0x50, 0xB2, 0x96, 0xFA, 0xC9, 0xA2, 0xD8, 0xF3, 0x75, 0xE9, 0xF3, 0x19, 0x75, 0x6F,
    0xBF, 0xD8, 0xA4, 0x8B, 0x1D, 0x30, 0xB5, 0x6E, 0xD1, 0x7E, 0x84, 0x09, 0x32, 0x23, 0xDE, 0x1B,
    0xF6, 0x53, 0x38, 0xD5, 0x5E, 0x7B, 0x3C, 0x7E, 0xB9, 0xC9, 0x1A, 0x3C, 0x1C, 0x66, 0xD9, 0xC9,
    0x62, 0xA5, 0x43, 0xFC, 0x61, 0x1E, 0x16, 0xB2, 0xED, 0xFC, 0xF1, 0xDC, 0x9D, 0x8F, 0xA2, 0x16,
    0xB4, 0xCF, 0x3F, 0x12, 0x6F, 0xAC, 0x7F, 0x6E, 0x01, 0xF6, 0x2B, 0xCE, 0x81, 0x16, 0x52, 0x94,
    0xEB, 0xD0, 0x02, 0xD4, 0x45, 0xEC, 0x20, 0x56, 0x68, 0xBB, 0x98, 0x08, 0x94, 0xC9, 0x8D, 0x14,
    0xE5, 0x0A, 0x91, 0x50, 0xC1, 0x94, 0xAD, 0xC8, 0xB4, 0x66, 0x1D, 0xCE, 0xE6, 0x9F, 0xC9, 0x95,
    0x7C, 0x6C, 0x17, 0x09, 0xB9, 0x51, 0xFD, 0xAF, 0x42, 0xBA, 0xAB, 0x2F, 0x81, 0x53, 0x0D, 0x73,
    0x6E, 0xD3, 0x4B, 0x48, 0x86, 0x97, 0xA0, 0xF2, 0x04, 0xF4, 0xEF, 0x7F, 0x03, 0xD5, 0x9B, 0x3F,
    0xB0, 0xE5, 0xF6, 0x55, 0xC7, 0x8F, 0x24, 0x3F, 0xC4, 0xAC, 0x26, 0x23, 0x17, 0xDE, 0x66, 0x21,
    0x88, 0x82, 0x22, 0x63, 0x18, 0xD4, 0xB8, 0x25, 0x52, 0xEC, 0x22, 0x05, 0x45, 0xB6, 0xD8, 0x85,
    0xC2, 0x85, 0x6B, 0x4C, 0xB1, 0x14, 0x14, 0x14, 0x76, 0xA4, 0x0C, 0x0C, 0x14, 0x14, 0x79, 0x05,
    0xA1, 0xCD, 0x16, 0x5B, 0x38, 0x0F, 0x98, 0xA5, 0xA0, 0x48, 0x61, 0x5B, 0x4A, 0x52, 0x50, 0xA4,
    0x40, 0x93, 0x0C, 0x15, 0x8D, 0x02, 0x24, 0x93, 0x59, 0x17, 0xAB, 0x0C, 0x62, 0x2C, 0xAF, 0x75,
    0x75, 0x38, 0x9F, 0x39, 0xF7, 0x6A, 0x74, 0xB3, 0x2F, 0x7E, 0x63, 0xC6, 0xD7, 0xFB, 0xF6, 0xF7,
    0xAE, 0xBE, 0xE7, 0xF7, 0xAE, 0x7E, 0xFA, 0x9D, 0x73, 0xBE, 0x47, 0xFA, 0xFD, 0xD5, 0x15, 0xB9,
    0x71, 0x71, 0xF1, 0x8E, 0x48, 0xAA, 0x3A, 0x1D, 0xF0, 0xEC, 0xEE, 0xDD, 0xDB, 0x72, 0x59, 0xBA,
    0x79, 0x1B, 0x6C, 0x06, 0x50, 0x47, 0x83, 0x90, 0xE2, 0x12, 0x29, 0x98, 0xE8, 0x6C, 0x98, 0x7D,
    0x08, 0x16, 0xFF, 0xB5, 0x33, 0xAC, 0x7E, 0x00, 0xEA, 0x5F, 0x2E, 0x22, 0x81, 0x86, 0x6A, 0x05,
    0x97, 0xC0, 0x30, 0x99, 0xC1, 0x74, 0x14, 0x2D, 0x25, 0x1F, 0x44, 0x6B, 0x29, 0x54, 0xB5, 0x95,
    0x46, 0x41, 0x05, 0x23, 0xBD, 0xB8, 0xD0, 0x2E, 0xB6, 0xCB, 0x8B, 0x3E, 0x9D, 0xC1, 0x6C, 0x34,
    0x1C, 0x8A, 0x41, 0xEC, 0x92, 0xAA, 0x33, 0x3D, 0x23, 0x86, 0x3F, 0x90, 0x4C, 0x75, 0x90, 0x1C,
    0xB8, 0x79, 0x6C, 0x75, 0xA0, 0x1F, 0x09, 0x67, 0x6B, 0xA9, 0x54, 0xBB, 0x40, 0x7F, 0xA6, 0x43,
    0xA4, 0x56, 0x45, 0xF8, 0x0E, 0x4A, 0x05, 0xF8, 0x0D, 0xD5, 0x3E, 0x50, 0x83, 0xC4, 0xA0, 0xCB,
    0x66, 0x69, 0x5A, 0x53, 0xA0, 0x06, 0x91, 0xC1, 0x94, 0x69, 0x8D, 0x61, 0x65, 0xA6, 0x3B, 0x2D,
    0x63, 0xED, 0xD5, 0x08, 0xF0, 0xBA, 0x6F, 0xDB, 0x9F, 0x84, 0x43, 0x38, 0x18, 0x8E, 0x71, 0x8F,
    0x32, 0x6D, 0x71, 0x55, 0x4B, 0xDC, 0xC6, 0x6B, 0x39, 0x2B, 0xAF, 0x2B, 0x6F, 0x41, 0x29, 0xA5,
    0x44, 0x7D, 0xD4, 0x4B, 0x34, 0x24, 0x9D, 0x44, 0x5C, 0x1D, 0xAA, 0x62, 0xE1, 0xE4, 0x86, 0x9F,
    0x9E, 0xC1, 0x6B, 0xC4, 0x48, 0x8E, 0x7A, 0x21, 0x27, 0x21, 0x5A, 0x24, 0x1A, 0xC1, 0x78, 0x00,
    0x93, 0xE5, 0x3E, 0xDF, 0x68, 0x0F, 0x1F, 0xDA, 0xC9, 0x29, 0x6F, 0xB0, 0x9F, 0x40, 0x4F, 0x02,
    0x01, 0x45, 0x0B, 0x39, 0x28, 0x59, 0x00, 0xFD, 0x27, 0xFE, 0xC5, 0xB6, 0x8C, 0xB3, 0x47, 0xE9,
    0x37, 0x81, 0x60, 0x06, 0x53, 0x50, 0x1A, 0x67, 0xB3, 0x04, 0xC9, 0x12, 0xEE, 0x35, 0x05, 0x17,
    0xE7, 0xF8, 0xAA, 0x0B, 0x45, 0xE0, 0x28, 0x35, 0x1C, 0xA4, 0x58, 0xFE, 0x48, 0x27, 0xD1, 0x5E,
    0xF2, 0x39, 0xD4, 0xDA, 0x2A, 0x8A, 0xAD, 0x40, 0xB2, 0x4B, 0x66, 0xBB, 0xE2, 0x4E, 0x8A, 0x4E,
    0xC9, 0x06, 0x10, 0xC7, 0xE0, 0xF0, 0x57, 0xE0, 0x40, 0x60, 0xC1, 0xAA, 0xCF, 0x27, 0x09, 0xB4,
    0x4D, 0x17, 0x89, 0xB5, 0x4C, 0xF4, 0x89, 0x2E, 0xDC, 0x67, 0x44, 0x17, 0x26, 0xE0, 0x0D, 0x77,
    0xE4, 0xEE, 0xC6, 0x93, 0x2F, 0x62, 0x1F, 0xDF, 0x26, 0x40, 0x33, 0xC1, 0x70, 0x6D, 0x30, 0x1D,
    0xF9, 0x10, 0x72, 0xB7, 0xE4, 0xAA, 0x22, 0x1E, 0xDD, 0x8F, 0xB5, 0x33, 0x25, 0xCD, 0x60, 0xCC,
    0x10, 0x54, 0xF4, 0xF7, 0x1E, 0x4E, 0x83, 0x76, 0x9F, 0x03, 0x60, 0xDD, 0x68, 0x29, 0x96, 0x7B,
    0x8A, 0xD7, 0xB3, 0x19, 0x46, 0x54, 0x9B, 0xC5, 0xAA, 0x3E, 0xDB, 0x36, 0x1C, 0x59, 0x0D, 0x16,
    0x9D, 0x80, 0xED, 0xFA, 0x0D, 0xE9, 0x39, 0xA0, 0x31, 0xC5, 0xE2, 0xBC, 0x3B, 0x40, 0xBA, 0x35,
    0xFD, 0xF4, 0xE4, 0xC5, 0x65, 0x58, 0x1B, 0xF6, 0x79, 0xC9, 0xA3, 0xA3, 0xA8, 0xC4, 0x42, 0xEA,
    0x00, 0xCF, 0x9E, 0x07, 0x0A, 0x23, 0xF3, 0x01, 0x17, 0x0C, 0x16, 0x2D, 0x71, 0xE0, 0x70, 0x3B,
    0x9C, 0x7D, 0x6E, 0x3C, 0x7E, 0x49, 0x78, 0x1A, 0xF2, 0xF2, 0x5D, 0x54, 0x7F, 0x3C, 0x13, 0x48,
    0x6F, 0x82, 0x16, 0x21, 0xFD, 0x36, 0x40, 0xB2, 0x4E, 0x8F, 0xAB, 0x0A, 0xE5, 0x6C, 0xA5, 0xB0,
    0xD9, 0x28, 0x4D, 0x52, 0xF3, 0xE8, 0xA1, 0x76, 0x62, 0x19, 0x1D, 0x68, 0x1C, 0x8B, 0x31, 0x50,
    0x5A, 0x0F, 0x30, 0x35, 0x66, 0xC1, 0x68, 0xD9, 0xE0, 0xCE, 0x70, 0x8A, 0x67, 0x10, 0xAE, 0xB3,
    0x01, 0x2C, 0x06, 0x18, 0xAF, 0xFA, 0xD4, 0xBC, 0xD5, 0xD6, 0xD0, 0x18, 0x34, 0xF6, 0xEF, 0x2D,
    0x92, 0xC3, 0x20, 0x68, 0x4A, 0x0A, 0xD4, 0x82, 0xE7, 0xB2, 0x4D, 0xD5, 0xBF, 0x8E, 0x88, 0xE6,
    0x87, 0x7B, 0x31, 0x20, 0xF4, 0xAF, 0x5D, 0xBC, 0xEA, 0xED, 0x69, 0xDA, 0x22, 0xF4, 0xB7, 0x44,
    0x62, 0xFD, 0x91, 0x72, 0x91, 0x7E, 0xB8, 0xF0, 0x0D, 0x55, 0xC2, 0x8D, 0x62, 0xD7, 0x22, 0xD5,
    0x8C, 0xF1, 0x92, 0x61, 0xD3, 0x20, 0xDE, 0x8C, 0x9B, 0xA5, 0x50, 0x4A, 0xEB, 0xBF, 0x11, 0xF9,
    0x80, 0xC1, 0x94, 0xC2, 0x67, 0x45, 0xE8, 0x43, 0xC8, 0xC9, 0x3C, 0xDA, 0x89, 0x2A, 0xB1, 0x08,
    0x74, 0x2A, 0xDA, 0x7D, 0x5F, 0x87, 0xB8, 0x7B, 0x07, 0xBA, 0x55, 0x47, 0xCA, 0xAB, 0x82, 0x8A,
    0x6B, 0x8F, 0xFE, 0x41, 0x07, 0x22, 0x58, 0x4D, 0xD2, 0xB4, 0xE8, 0x37, 0x4C, 0x66, 0x78, 0x8D,
    0x77, 0xA2, 0xA5, 0xE1, 0xCB, 0x7A, 0x71, 0x1E, 0xEF, 0x08, 0x00, 0xA8, 0x5D, 0x3C, 0x57, 0x86,
    0xC9, 0x86, 0xD7, 0x6C, 0x84, 0xD7, 0x62, 0x00, 0x1B, 0x3B, 0x23, 0xA1, 0x71, 0x09, 0x79, 0xDC,
    0x01, 0x3A, 0x83, 0xDA, 0x63, 0x1F, 0x9D, 0xD8, 0xCA, 0x62, 0xD5, 0x82, 0x0D, 0x78, 0xA1, 0x3F,
    0xC7, 0x62, 0x3A, 0xC5, 0x10, 0xE4, 0x9F, 0x12, 0xD4, 0x03, 0x6F, 0xD0, 0xE6, 0xAC, 0x39, 0x69,
    0xCE, 0x99, 0x53, 0xE6, 0x8C, 0x39, 0x61, 0x4E, 0xD4, 0x8A, 0xB0, 0xE5, 0x64, 0x39, 0x57, 0x4E,
    0x95, 0x33, 0xE5, 0x44, 0xED, 0x79, 0x72, 0x9A, 0xC2, 0x8B, 0x8B, 0x0B, 0x9E, 0x9D, 0x05, 0xD8,
    0x49, 0x70, 0x17, 0xD6, 0x8E, 0xD3, 0x4D, 0xBE, 0x2B, 0x28, 0x52, 0x51, 0xA4, 0x51, 0x9D, 0xDD,
    0x07, 0xAD, 0x81, 0xD2, 0x8D, 0x76, 0x08, 0x01, 0xBA, 0xE7, 0x9A, 0xE7, 0xB1, 0x05, 0x6A, 0xAC,
    0x2F, 0x13, 0x5C, 0x04, 0xCC, 0x62, 0x60, 0x3C, 0x40, 0x36, 0x10, 0xA5, 0x27, 0x66, 0x45, 0x4E,
    0x90, 0x0A, 0xC0, 0xEF, 0xBE, 0x5B, 0x17, 0x17, 0xF7, 0xC9, 0x0E, 0x40, 0x8F, 0x19, 0xE5, 0xC6,
    0xAA, 0x5F, 0x23, 0xAE, 0x39, 0xE5, 0xD0, 0x11, 0xE9, 0xCF, 0x2C, 0x00, 0x3B, 0xA9, 0x18, 0x09,
    0xE4, 0x43, 0x31, 0x00, 0xAA, 0x3A, 0x54, 0x04, 0xA2, 0x7A, 0x74, 0x71, 0x71, 0x0E, 0xF9, 0x02,
    0x18, 0x6D, 0xA1, 0xE9, 0xF8, 0xE8, 0x8D, 0x05, 0x5A, 0x26, 0x7F, 0x5C, 0x03, 0x6A, 0xDA, 0x73,
    0xF2, 0xA2, 0xBC, 0x24, 0x32, 0xD9, 0x9F, 0xEC, 0xE8, 0x6D, 0x1B, 0xE5, 0xFE, 0xF3, 0x66, 0x05,
    0x3F, 0x6F, 0x3F, 0x63, 0x5E, 0x82, 0x32, 0x28, 0x25, 0x6E, 0xE3, 0x56, 0xE2, 0x3E, 0x33, 0xE0,
    0x1E, 0x8B, 0x14, 0xF3, 0x75, 0xC4, 0x87, 0xD3, 0x33, 0xE4, 0x29, 0xC4, 0xE0, 0x68, 0x3E, 0x40,
    0x30, 0x5E, 0x87, 0x9B, 0xE6, 0xF2, 0x0E, 0xB3, 0x95, 0xD3, 0xDF, 0x39, 0xCF, 0xD2, 0xE9, 0x8C,
    0xF3, 0x15, 0x4A, 0x76, 0xD4, 0x3F, 0x03, 0xFA, 0x8F, 0x86, 0x4A, 0x36, 0x1F, 0x4F, 0xED, 0xBE,
    0xAB, 0xA8, 0xCA, 0x63, 0x03, 0xDE, 0x31, 0x54, 0x7C, 0xB8, 0x37, 0xCA, 0x51, 0xFA, 0x33, 0x79,
    0x45, 0xE4, 0x3D, 0x66, 0x5A, 0xFA, 0xD8, 0xA0, 0x80, 0x9E, 0x98, 0x82, 0x52, 0x5F, 0x83, 0xDB,
    0x87, 0xC1, 0x42, 0x2B, 0xD1, 0x90, 0xED, 0x07, 0x0B, 0x81, 0xE2, 0x53, 0xDE, 0x7D, 0x4E, 0xCF,
    0x16, 0x8F, 0x37, 0x46, 0x74, 0x11, 0x1A, 0x79, 0xC4, 0xF9, 0x4F, 0x71, 0xDC, 0x67, 0x74, 0x07,
    0x56, 0xB9, 0xE0, 0x68, 0xFC, 0xFA, 0x00, 0x71, 0x4F, 0xB5, 0xA4, 0x20, 0xD5, 0xD2, 0x0D, 0x51,
    0xB4, 0xD0, 0xBF, 0x67, 0xA6, 0xA1, 0x23, 0x7D, 0x48, 0x44, 0x47, 0xA7, 0xF6, 0xA1, 0xF1, 0xF7,
    0xF9, 0x85, 0x13, 0xE4, 0xC4, 0x90, 0xF2, 0x01, 0xDB, 0x04, 0x3F, 0x74, 0xA1, 0x97, 0x29, 0x74,
    0x87, 0xB8, 0xF9, 0x3A, 0x02, 0x4E, 0x39, 0xC7, 0xB5, 0xB9, 0x89, 0x7C, 0xA6, 0x47, 0x62, 0x70,
    0x9F, 0xAA, 0x44, 0xA6, 0x24, 0xD1, 0x27, 0x8D, 0x0E, 0xD8, 0x4C, 0x78, 0x09, 0xDE, 0x1B, 0x26,
    0x32, 0x9D, 0xB2, 0x7E, 0x1D, 0x94, 0x59, 0x13, 0xFB, 0x82, 0xE1, 0x97, 0xED, 0xCF, 0xEC, 0x93,
    0xF7, 0x40, 0x9F, 0x21, 0x2A, 0x36, 0x24, 0x8A, 0xBB, 0xB2, 0xE9, 0x8B, 0x72, 0x9F, 0xD1, 0x82,
    0x89, 0x82, 0xD9, 0x47, 0xF7, 0xB8, 0x77, 0xDA, 0xD4, 0xB0, 0xAA, 0x13, 0xB0, 0xF4, 0x3C, 0x6A,
    0xAA, 0x9F, 0x36, 0x2D, 0x55, 0x6A, 0xC9, 0xA5, 0x04, 0xB0, 0xD1, 0xEE, 0x30, 0x19, 0x4C, 0xF4,
    0xEF, 0xA0, 0x56, 0x75, 0x74, 0xA6, 0x2C, 0xBF, 0x34, 0x5A, 0x8A, 0x5D, 0xAE, 0x2D, 0x91, 0xAE,
    0x5A, 0x66, 0x09, 0x4D, 0x6D, 0xDE, 0x06, 0x5A, 0xD2, 0x87, 0x2E, 0x58, 0xA6, 0x33, 0x57, 0x51,
    0x8F, 0xBC, 0xF9, 0x1D, 0xD9, 0xA4, 0x43, 0x0B, 0x93, 0xF5, 0x5B, 0x91, 0xB4, 0x20, 0xE9, 0xB9,
    0x8D, 0x92, 0x27, 0xC2, 0x63, 0x49, 0x37, 0xF8, 0x36, 0x40, 0xBA, 0xB6, 0xF1, 0x79, 0x1E, 0xE9,
    0x7E, 0xD3, 0x85, 0x5E, 0x26, 0x72, 0x17, 0x7F, 0x00, 0xD0, 0xC2, 0x92, 0xC2, 0xC1, 0xFF, 0x93,
    0xA3, 0x94, 0xD4, 0x60, 0x51, 0x82, 0x6F, 0x01, 0xB2, 0x7B, 0x2A, 0x7E, 0xCB, 0x73, 0x11, 0xBF,
    0x9B, 0x25, 0xD4, 0x30, 0x51, 0x0B, 0x55, 0xB8, 0x0A, 0x61, 0x8A, 0xA3, 0xC5, 0x68, 0x25, 0x0D,
    0x19, 0xA8, 0xBD, 0x8B, 0xEE, 0x96, 0xF5, 0x02, 0x0F, 0x97, 0x3A, 0x50, 0x82, 0x47, 0x61, 0x44,
    0xC4, 0x97, 0xA3, 0x09, 0xCA, 0x1F, 0x44, 0xEC, 0x22, 0xF1, 0x69, 0x87, 0x0B, 0x0A, 0xA3, 0x2B,
    0x1D, 0xD1, 0x85, 0x30, 0x5D, 0x84, 0x1F, 0x41, 0x50, 0x15, 0x83, 0x4D, 0x94, 0xAB, 0xE8, 0x04,
    0x5D, 0x48, 0x6F, 0xDD, 0x6F, 0x34, 0x8F, 0xCE, 0x31, 0xAD, 0x03, 0xDA, 0xA3, 0xEE, 0x2A, 0xD6,
    0x3A, 0xD4, 0x42, 0x07, 0x08, 0x99, 0x22, 0xBB, 0x1B, 0xE6, 0x48, 0xDB, 0xD4, 0xC0, 0xB4, 0xC7,
    0x3B, 0x83, 0x64, 0x76, 0x48, 0xA7, 0x74, 0x32, 0xE5, 0xE9, 0x68, 0x60, 0xCA, 0xB3, 0xC1, 0x20,
    0x1F, 0x72, 0x83, 0x9E, 0xBB, 0x0E, 0x28, 0x3A, 0xD3, 0x08, 0x83, 0xC1, 0x10, 0xE9, 0x07, 0x7D,
    0xA2, 0x56, 0xD3, 0xAB, 0x2A, 0x67, 0xF2, 0xA2, 0xC8, 0x81, 0x37, 0x6C, 0xC2, 0xA4, 0xC6, 0x0F,
    0x4C, 0xC1, 0x12, 0xEC, 0xE5, 0xF0, 0x05, 0x37, 0x3F, 0x98, 0xD1, 0x30, 0x93, 0x49, 0xF6, 0x07,
    0x3C, 0xE0, 0x3D, 0x07, 0xEE, 0xE7, 0xFB, 0x03, 0xAF, 0xA9, 0x36, 0x9C, 0x92, 0x36, 0xD3, 0x87,
    0x65, 0xA1, 0x8B, 0xBC, 0x95, 0x4E, 0xA6, 0xB5, 0x14, 0x92, 0xD7, 0xCB, 0x71, 0x5C, 0x6F, 0xBC,
    0xAD, 0x77, 0x5A, 0xEB, 0xE5, 0x38, 0xAA, 0x97, 0x83, 0x05, 0x60, 0x56, 0xAC, 0x33, 0xD5, 0xF1,
    0x78, 0xCD, 0xFA, 0xF4, 0x7E, 0xBD, 0x69, 0x63, 0x88, 0x46, 0xB5, 0x55, 0x3B, 0xEE, 0xFA, 0x74,
    0xE3, 0x33, 0xF3, 0xCB, 0x28, 0xBA, 0xCD, 0xFA, 0x6C, 0x34, 0x26, 0x5D, 0xA8, 0xDA, 0x06, 0xCA,
    0x1D, 0x3D, 0xD3, 0x89, 0x7F, 0x2E, 0xBE, 0x9D, 0xD9, 0x5F, 0x5A, 0xDA, 0x5F, 0x5B, 0x48, 0xAA,
    0x8B, 0x24, 0xCA, 0xA4, 0xB5, 0x37, 0xBD, 0x9F, 0x9D, 0x8F, 0xDE, 0x8E, 0x69, 0xF9, 0xA9, 0x2B,
    0x3B, 0x36, 0xF6, 0x52, 0x1E, 0x68, 0x27, 0x58, 0x44, 0xCC, 0x39, 0x45, 0x73, 0xC3, 0xF1, 0xC8,
    0xF2, 0x56, 0x3D, 0x2D, 0xED, 0x9A, 0x66, 0x09, 0x16, 0x3E, 0xF2, 0xAE, 0xFF, 0x8F, 0xD2, 0x84,
    0x0F, 0x1A, 0x4D, 0x61, 0x36, 0xF0, 0xC9, 0x07, 0x94, 0xF1, 0xA1, 0x35, 0xE2, 0xD3, 0xB4, 0xA8,
    0xD1, 0xD2, 0x14, 0x99, 0x1E, 0x1A, 0x29, 0x41, 0x49, 0x73, 0x21, 0xD5, 0x6E, 0xA3, 0x21, 0xE9,
    0x25, 0x1D, 0xF8, 0xC4, 0x9D, 0xAC, 0x81, 0xF3, 0x4A, 0x9A, 0x6D, 0x25, 0x70, 0x10, 0x2A, 0xDE,
    0xF3, 0xD9, 0xFD, 0xB2, 0x15, 0x6E, 0x48, 0xBE, 0x1A, 0xD2, 0x79, 0x79, 0x3E, 0x6B, 0xF9, 0x78,
    0x2D, 0xFF, 0xB4, 0xE1, 0x1D, 0x1F, 0x54, 0xB3, 0xC4, 0x44, 0x36, 0x1F, 0x30, 0x01, 0xD1, 0xB4,
    0x10, 0xE9, 0x82, 0xE5, 0x22, 0x17, 0x25, 0x8C, 0x06, 0x0A, 0x6B, 0x07, 0x11, 0x22, 0xB4, 0x8E,
    0x16, 0x44, 0x89, 0x08, 0x14, 0xD5, 0x08, 0x22, 0x15, 0x2A, 0xFA, 0xB1, 0xC7, 0x05, 0x76, 0x70,
    0x3E, 0x1D, 0xAB, 0xD6, 0xCE, 0x23, 0xEC, 0x44, 0x36, 0x54, 0x5D, 0x36, 0xB1, 0xEE, 0xBE, 0xE8,
    0x7E, 0xE0, 0xDB, 0xB1, 0x2E, 0xAF, 0x0A, 0x2F, 0xA1, 0x4E, 0x07, 0x92, 0xF6, 0xA9, 0xA8, 0x69,
    0xB8, 0xFA, 0xA6, 0x17, 0xED, 0x1B, 0xB3, 0xB6, 0xB3, 0x5C, 0x5E, 0xE7, 0xDB, 0x35, 0x4D, 0x85,
    0x41, 0x85, 0x10, 0x85, 0x8F, 0x05, 0x58, 0x22, 0x68, 0x81, 0x98, 0x19, 0x98, 0xE3, 0x4D, 0x6B,
    0xB9, 0x69, 0x32, 0xBD, 0xB5, 0x74, 0xC8, 0x87, 0xB5, 0xB5, 0xEC, 0xB7, 0x8D, 0xB4, 0x40, 0xCD,
    0xCB, 0x0A, 0x31, 0x7A, 0xD8, 0xDA, 0x69, 0x06, 0x8C, 0xDC, 0x5B, 0x7A, 0x76, 0x47, 0x20, 0x78,
    0xA2, 0xB4, 0x76, 0x56, 0x3C, 0xD6, 0xD2, 0x30, 0xDB, 0x41, 0x57, 0x35, 0x18, 0x7E, 0x45, 0x5B,
    0x09, 0x34, 0x51, 0x31, 0xCC, 0x27, 0xA8, 0x32, 0x2F, 0xE8, 0x5B, 0x1C, 0x07, 0x50, 0x47, 0x7A,
    0xB3, 0xC7, 0xDC, 0xF2, 0x9A, 0xEE, 0x04, 0x73, 0x17, 0x6E, 0xFB, 0x48, 0x0D, 0xC7, 0x50, 0x6B,
    0x43, 0xD1, 0x96, 0xA0, 0xDA, 0x65, 0xC4, 0xCF, 0xA3, 0x3B, 0x12, 0xBD, 0x6C, 0xC6, 0x04, 0x2E,
    0xF3, 0x14, 0x3E, 0x00, 0xA3, 0x19, 0x8C, 0x37, 0x28, 0x4E, 0xEF, 0x00, 0xC4, 0x3D, 0x98, 0xD6,
    0xE0, 0x0B, 0xC0, 0xC6, 0x65, 0xE0, 0x68, 0x06, 0xE5, 0x40, 0xA8, 0xB3, 0x29, 0x54, 0xD3, 0x1D,
    0x6A, 0xA0, 0x6D, 0xB4, 0xC4, 0xDC, 0x02, 0xD9, 0x64, 0x50, 0xF5, 0xCC, 0x7F, 0x6A, 0x49, 0x14,
    0xB3, 0x15, 0x78, 0x42, 0x27, 0x3E, 0x2A, 0x36, 0x57, 0x83, 0x41, 0xCE, 0x74, 0x87, 0x85, 0xA8,
    0x3E, 0x56, 0x82, 0xAD, 0x75, 0xD1, 0xE1, 0x92, 0x90, 0x6E, 0x9C, 0x1B, 0x64, 0xFD, 0x01, 0x72,
    0xC0, 0xE7, 0x34, 0x14, 0xC8, 0xCB, 0xC3, 0x60, 0xE6, 0x45, 0xC0, 0x53, 0x02, 0x54, 0x14, 0x59,
    0x03, 0xA3, 0x5C, 0x41, 0x46, 0xCE, 0x37, 0xDD, 0xC0, 0x53, 0xE1, 0xBC, 0x62, 0x76, 0xB8, 0xAC,
    0xB0, 0x3B, 0x50, 0xF7, 0xFF, 0x9C, 0x1D, 0x26, 0x18, 0x18, 0x2B, 0xC6, 0x69, 0x87, 0x61, 0x6E,
    0xD6, 0x53, 0xCD, 0x88, 0x7D, 0x8E, 0x9F, 0x68, 0x3E, 0x57, 0x3F, 0xD1, 0xCF, 0xD0, 0xB5, 0x6D,
    0xC4, 0xF2, 0xF5, 0x81, 0x89, 0x50, 0x9E, 0x78, 0xC4, 0xB6, 0xE3, 0xFE, 0xCB, 0xED, 0x87, 0x80,
    0x4B, 0x38, 0xD8, 0xB6, 0x82, 0xF1, 0x71, 0x2B, 0x88, 0xDA, 0x9A, 0xE6, 0x36, 0xA7, 0x02, 0x89,
    0x5B, 0x94, 0xE5, 0x1B, 0x45, 0xC4, 0xFB, 0x2B, 0x6C, 0xF5, 0xFD, 0xC8, 0xA0, 0xFA, 0x3E, 0x83,
    0xEA, 0xEF, 0xBD, 0x0B, 0x29, 0xDF, 0x65, 0xF3, 0x70, 0x30, 0xF8, 0x6A, 0x7D, 0x42, 0x52, 0x8A,
    0x1F, 0x4F, 0xB6, 0xEC, 0xCD, 0x31, 0x9A, 0xE2, 0x51, 0xF4, 0x1B, 0x83, 0xE8, 0xD7, 0x3A, 0x3B,
    0xCA, 0xA7, 0x7B, 0x39, 0x8E, 0x4F, 0xD5, 0x65, 0x7E, 0xEA, 0x80, 0xDF, 0x36, 0x4D, 0xDC, 0x4B,
    0xFE, 0x9C, 0x1A, 0xC4, 0xB3, 0xB7, 0xCF, 0x0F, 0x3E, 0x9D, 0x6F, 0x6B, 0x17, 0x5B, 0x1D, 0x0F,
    0x35, 0x8E, 0x7B, 0xEF, 0x33, 0x53, 0x54, 0x74, 0xD6, 0x14, 0x0C, 0x1C, 0xF1, 0x5C, 0xF4, 0xC9,
    0x7C, 0xA3, 0xBC, 0xDA, 0x2F, 0xA1, 0x5B, 0x3A, 0xB6, 0x61, 0x85, 0x6D, 0x5B, 0x0C, 0xFC, 0x07,
    0x0E, 0x2B, 0x1E, 0x1A, 0x64, 0x98, 0x96, 0xEB, 0x7F, 0x7B, 0xD3, 0x0C, 0x1C, 0x45, 0x74, 0x77,
    0x1C, 0xD1, 0xC5, 0xC6, 0x6B, 0xA9, 0xAA, 0xB6, 0x2B, 0xD4, 0xBF, 0xA2, 0x63, 0xFF, 0x2B, 0x56,
    0xC2, 0x18, 0x54, 0x4E, 0x85, 0xF6, 0x85, 0x4A, 0x75, 0xD5, 0x13, 0xB9, 0x49, 0x5F, 0x70, 0xF1,
    0x3E, 0x60, 0x3A, 0x41, 0xA9, 0x26, 0x10, 0xD2, 0x48, 0xFC, 0xB3, 0x59, 0xBC, 0xDA, 0xCE, 0x5C,
    0x7C, 0xD6, 0x50, 0x8D, 0x02, 0xB1, 0xCD, 0x0C, 0xB7, 0xEC, 0xFA, 0xE2, 0x93, 0xAA, 0x0B, 0xBA,
    0x5E, 0xBC, 0x6F, 0xA3, 0x9D, 0x89, 0x06, 0x11, 0xAA, 0xB5, 0xA8, 0xB3, 0x39, 0x9D, 0x0D, 0x09,
    0x82, 0xFE, 0xCD, 0xAC, 0x4D, 0x66, 0x13, 0x04, 0xDC, 0x2C, 0x4D, 0xE6, 0x50, 0xB3, 0x01, 0xE3,
    0xF5, 0xDB, 0x03, 0xD6, 0x37, 0x3A, 0xE0, 0x81, 0xF9, 0x87, 0xC8, 0xB5, 0xC7, 0x93, 0x54, 0x3B,
    0xBC, 0x49, 0xB4, 0x45, 0x44, 0xDA, 0xC2, 0x4C, 0x88, 0xE8, 0x56, 0xEB, 0x49, 0x71, 0x49, 0x78,
    0x0C, 0x42, 0xBE, 0xCC, 0x17, 0x5C, 0x24, 0x4E, 0x5F, 0xDF, 0xEE, 0x4C, 0x05, 0xBB, 0x44, 0xEB,
    0x70, 0x61, 0x0E, 0xB3, 0xA8, 0x8E, 0x87, 0x39, 0x4C, 0x36, 0xC7, 0x2A, 0xE9, 0x66, 0x0E, 0xF3,
    0x54, 0x87, 0x0C, 0x6C, 0x3A, 0x64, 0x80, 0x87, 0xDD, 0x23, 0xF4, 0x5C, 0x31, 0x75, 0xC5, 0x1C,
    0x3D, 0x73, 0xF1, 0x65, 0xA7, 0xEB, 0xDD, 0xED, 0x1C, 0x9D, 0x74, 0x52, 0x1E, 0x7D, 0x5D, 0xF2,
    0xBE, 0x41, 0xE2, 0x8F, 0x3F, 0x30, 0xA0, 0x0E, 0x08, 0xFB, 0xB5, 0x19, 0x97, 0x5F, 0x4E, 0x51,
    0x1D, 0xB4, 0x88, 0x21, 0x6B, 0x11, 0x0B, 0xDE, 0xFA, 0xAA, 0xA7, 0xAF, 0x7B, 0x92, 0xCE, 0x4E,
    0x79, 0x6F, 0xCF, 0xA7, 0x8C, 0x58, 0x27, 0xFF, 0x2C, 0x32, 0xC7, 0x3D, 0xFA, 0x59, 0xB8, 0xD0,
    0x72, 0xCF, 0x50, 0x50, 0x5E, 0xCF, 0xDB, 0xBA, 0x73, 0x92, 0x06, 0x48, 0x5A, 0xF2, 0xD1, 0x49,
    0x9A, 0x93, 0xD3, 0x91, 0xA4, 0xE5, 0x46, 0x84, 0x0A, 0xCA, 0x9F, 0x2E, 0xA0, 0xE8, 0x0C, 0x06,
    0x3A, 0xBA, 0xE8, 0xE4, 0x68, 0x55, 0x36, 0x58, 0x2E, 0x67, 0xCE, 0x60, 0xCB, 0xDC, 0x74, 0x35,
    0x73, 0x90, 0x06, 0x5C, 0x36, 0x58, 0xFD, 0x5D, 0x0C, 0x6B, 0x54, 0x0C, 0xB0, 0x46, 0xFB, 0x83,
    0x09, 0x2C, 0x15, 0x98, 0xC8, 0x54, 0x07, 0x13, 0xB9, 0x8B, 0xA3, 0x37, 0xC6, 0x2E, 0x7B, 0xC5,
    0xC3, 0xD7, 0xED, 0x71, 0x54, 0xF1, 0x27, 0xD5, 0xFD, 0x0E, 0xF1, 0xB7, 0xA8, 0xDD, 0x57, 0x03,
    0x69, 0x04, 0xA3, 0xFD, 0x6A, 0xA0, 0x96, 0xE9, 0x8C, 0xEB, 0xF4, 0x7A, 0xD8, 0x93, 0x0F, 0x5B,
    0x51, 0xF4, 0x88, 0x12, 0x11, 0xA8, 0x20, 0x42, 0x17, 0xD1, 0x42, 0xE8, 0x89, 0x4E, 0x3E, 0xAE,
    0xFB, 0xDC, 0x0D, 0xF1, 0x28, 0x63, 0x53, 0x0B, 0x55, 0x5A, 0x12, 0x74, 0xDD, 0xE1, 0xB0, 0xE2,
    0x15, 0x23, 0xED, 0xF5, 0x01, 0xBB, 0x7A, 0xFF, 0xB3, 0xC7, 0xEA, 0x1D, 0x75, 0x68, 0xC9, 0xEB,
    0x0A, 0xAD, 0x59, 0xAE, 0x5D, 0x36, 0x41, 0xE9, 0x60, 0xDA, 0xE1, 0x75, 0xA8, 0x3A, 0x80, 0xA8,
    0x5B, 0xAE, 0xEA, 0xAA, 0x7E, 0xFF, 0xA6, 0x52, 0x99, 0x2F, 0x0F, 0x97, 0xCB, 0x5F, 0x57, 0xD8,
    0xEE, 0x40, 0x20, 0x86, 0xF4, 0x92, 0x1D, 0x88, 0x66, 0xDD, 0x81, 0x78, 0x4E, 0xE9, 0xBD, 0x7A,
    0x1B, 0xF5, 0xF4, 0x44, 0xCB, 0x9B, 0xE1, 0x7D, 0xC4, 0x2E, 0xC5, 0xBC, 0x70, 0xCA, 0xBD, 0x19,
    0x2E, 0x04, 0x63, 0xBB, 0x1D, 0x22, 0xFB, 0xC6, 0x84, 0xB8, 0x45, 0xC1, 0xE7, 0x94, 0x68, 0xF9,
    0x13, 0xEB, 0x95, 0x82, 0x39, 0xB5, 0xD2, 0x63, 0x51, 0x4B, 0x3C, 0x54, 0xEC, 0x97, 0x58, 0x35,
    0xF9, 0xAB, 0x56, 0xE5, 0xCB, 0xE1, 0xF9, 0xA9, 0x89, 0x86, 0xB0, 0xF2, 0xCC, 0x16, 0xF4, 0xB0,
    0x50, 0x77, 0x19, 0xD5, 0x43, 0x9B, 0xDE, 0x53, 0x1F, 0x73, 0x7A, 0xE2, 0xE4, 0xB7, 0x54, 0x7F,
    0xCA, 0x1B, 0x10, 0x3A, 0x48, 0x06, 0xAB, 0xBE, 0x31, 0x40, 0x6E, 0xCF, 0x22, 0x11, 0x72, 0x22,
    0xC9, 0x39, 0x97, 0xE4, 0x9C, 0xC7, 0x47, 0x16, 0x18, 0xCF, 0xA9, 0x62, 0x26, 0xE5, 0xC8, 0x39,
    0xA1, 0xAA, 0xAD, 0x73, 0xAA, 0xD8, 0xC4, 0xD9, 0x78, 0x39, 0xE4, 0x7C, 0xA6, 0x0F, 0xC7, 0x39,
    0x39, 0xA7, 0xD9, 0x0E, 0x71, 0xA6, 0x7D, 0xC6, 0x0F, 0xD9, 0x8C, 0x79, 0xA9, 0x4B, 0x49, 0x35,
    0x36, 0xEB, 0x37, 0x3D, 0x97, 0xE8, 0xE4, 0xAE, 0x1D, 0xED, 0xDE, 0xAC, 0xDC, 0x06, 0x3A, 0x09,
    0xF4, 0xB2, 0x30, 0x83, 0x55, 0x8D, 0x6A, 0x07, 0xC9, 0xBC, 0xE3, 0x08, 0xCF, 0x6A, 0x96, 0x43,
    0x35, 0x0B, 0x3B, 0xB0, 0x3D, 0x9A, 0x84, 0x70, 0xEE, 0x2B, 0x38, 0x37, 0x39, 0x40, 0xFB, 0x13,
    0x6B, 0x96, 0x60, 0xDE, 0x1C, 0x01, 0x74, 0xB0, 0x30, 0xC3, 0x3F, 0x6B, 0x19, 0x16, 0x02, 0x5D,
    0x5E, 0x57, 0xB3, 0x99, 0xB4, 0x23, 0x10, 0xFF, 0xA9, 0x3A, 0x10, 0x0B, 0xA9, 0xD4, 0xC3, 0x11,
    0x6C, 0x9B, 0xE7, 0xB0, 0x05, 0x33, 0xD0, 0x19, 0xCD, 0x28, 0x85, 0x72, 0xB0, 0x04, 0x7F, 0x67,
    0xFB, 0x52, 0xC1, 0x9D, 0xED, 0x8B, 0x51, 0x50, 0xA4, 0xAA, 0x86, 0xFF, 0xFE, 0xBA, 0x96, 0xA2,
    0x75, 0xB0, 0x9F, 0x75, 0xB6, 0xC1, 0x1E, 0xB9, 0xB5, 0x43, 0x95, 0x80, 0x1E, 0x96, 0x00, 0x46,
    0xCB, 0xDD, 0x7B, 0xB3, 0x44, 0xB8, 0x84, 0x6D, 0x2C, 0x6E, 0x50, 0x8D, 0xAF, 0xC0, 0xB3, 0x34,
    0xB3, 0x18, 0x8E, 0x91, 0x82, 0xD4, 0x91, 0x0D, 0xE2, 0x53, 0x0A, 0x6D, 0xC1, 0x86, 0x48, 0xE2,
    0x74, 0xE1, 0xC1, 0x3D, 0xEC, 0x66, 0x4B, 0x3C, 0x0A, 0xB1, 0x63, 0x3D, 0x95, 0x90, 0xC6, 0xDD,
    0xDA, 0x7E, 0x04, 0x4B, 0x38, 0x86, 0x4B, 0x3E, 0x84, 0x4B, 0x63, 0x1C, 0xA9, 0x1D, 0x4F, 0xCE,
    0x63, 0xAD, 0x29, 0xE6, 0x73, 0xC4, 0xF9, 0xEA, 0xB9, 0xD4, 0x35, 0xF5, 0x9B, 0xB1, 0x26, 0x43,
    0x29, 0x30, 0x75, 0x1C, 0xC0, 0x00, 0xF4, 0x01, 0x27, 0x23, 0xCE, 0x4B, 0x86, 0x9C, 0x55, 0xFD,
    0x9E, 0x34, 0x7F, 0x3B, 0x4B, 0xF3, 0x70, 0x16, 0xEC, 0xD0, 0xE5, 0x41, 0xA0, 0x0C, 0xD0, 0x6A,
    0x9F, 0x4B, 0x7F, 0xD2, 0xAA, 0xF1, 0xE8, 0x07, 0xE9, 0x16, 0x53, 0x95, 0xEE, 0xC0, 0x93, 0xAF,
    0x2B, 0x25, 0x7C, 0xE7, 0xFB, 0x5E, 0x47, 0xE9, 0xBE, 0xFC, 0xB9, 0xF8, 0x3B, 0x07, 0xFE, 0xD2,
    0x01, 0x74, 0xD6, 0x86, 0xF1, 0x24, 0xA4, 0xFA, 0x5A, 0xDF, 0x63, 0x5F, 0x90, 0x1B, 0x92, 0xD5,
    0xEF, 0x4B, 0xF6, 0xF1, 0x4E, 0x12, 0xF5, 0xA1, 0xA4, 0xBC, 0xF4, 0x99, 0xDD, 0x5F, 0x6B, 0x22,
    0x9F, 0x10, 0xB7, 0xC6, 0x80, 0x5A, 0xB8, 0xD4, 0x00, 0x76, 0x7E, 0x5D, 0x0E, 0xE9, 0xD6, 0x77,
    0x68, 0xCC, 0x7C, 0x8B, 0x6B, 0x84, 0xA9, 0xD9, 0xCA, 0x67, 0x3B, 0xD1, 0x3A, 0x59, 0xCC, 0xA1,
    0x78, 0x09, 0xB5, 0xA4, 0x44, 0x7B, 0x18, 0x38, 0xAA, 0x9E, 0x7B, 0xC3, 0x0E, 0x13, 0x35, 0xB4,
    0x76, 0x9C, 0xC7, 0xB9, 0x8A, 0xF3, 0x39, 0xED, 0x0D, 0x60, 0x0E, 0xE7, 0x93, 0x54, 0x43, 0xA6,
    0x7F, 0xAC, 0x6D, 0xEA, 0xBD, 0x00, 0x97, 0x55, 0x04, 0x23, 0xD8, 0xBC, 0x0C, 0xF0, 0x7B, 0x87,
    0x2D, 0xD0, 0x0C, 0x40, 0x49, 0xA4, 0xA5, 0x01, 0xB5, 0x85, 0x96, 0xF1, 0x94, 0x78, 0x0C, 0x19,
    0x73, 0xAB, 0x4A, 0x64, 0x95, 0x96, 0xF1, 0x2C, 0xFB, 0xF7, 0x42, 0x62, 0x8C, 0xF2, 0x41, 0x4D,
    0x43, 0x05, 0x09, 0x8A, 0x24, 0x5B, 0xE4, 0x26, 0x71, 0x2C, 0x3A, 0x60, 0xA4, 0xDB, 0x53, 0x9D,
    0xF0, 0x94, 0x51, 0xB3, 0xB7, 0x60, 0xCF, 0x8E, 0x03, 0x1C, 0x3C, 0x80, 0xD6, 0x40, 0x47, 0x78,
    0xFA, 0x3D, 0x54, 0xA8, 0x6B, 0xB4, 0x34, 0xF8, 0xF9, 0x49, 0x39, 0x48, 0x51, 0x0B, 0x58, 0x59,
    0x40, 0xF7, 0xAD, 0x35, 0x40, 0x11, 0x2A, 0x9D, 0x81, 0x73, 0x39, 0xA4, 0x57, 0x78, 0xA9, 0xBD,
    0x20, 0x66, 0xC5, 0xE3, 0x89, 0x4B, 0xD6, 0xCD, 0xE2, 0xDB, 0xD7, 0xE6, 0xBE, 0x8A, 0x59, 0x06,
    0x49, 0xBA, 0x9C, 0xD7, 0x53, 0x15, 0xF3, 0x27, 0x6A, 0xF2, 0x9B, 0xFF, 0xD4, 0xB7, 0x14, 0xC3,
    0x93, 0x3B, 0xB9, 0xAA, 0x2E, 0x85, 0xC1, 0x0E, 0x40, 0x49, 0xF9, 0xF4, 0xAA, 0xE6, 0xEE, 0xCA,
    0x55, 0xCD, 0x6C, 0x00, 0x8E, 0x16, 0xDC, 0x80, 0xCB, 0x97, 0x19, 0x8B, 0x35, 0x76, 0xD5, 0x08,
    0x50, 0x95, 0xEC, 0x80, 0x19, 0x0F, 0x0C, 0x52, 0x1D, 0x60, 0x84, 0x22, 0x67, 0xE5, 0xA6, 0xC5,
    0xF5, 0x85, 0xC3, 0x4C, 0xB5, 0xCD, 0xED, 0x28, 0xFC, 0xA8, 0xAF, 0xDC, 0xA7, 0xE4, 0xD0, 0x99,
    0xAA, 0x9D, 0xE1, 0x66, 0x74, 0x23, 0xB0, 0xA1, 0x98, 0xF6, 0x16, 0xEC, 0x38, 0x28, 0x83, 0x76,
    0x57, 0x1E, 0xD2, 0x4A, 0x47, 0x5D, 0x52, 0x4B, 0x3C, 0x35, 0x96, 0x53, 0x15, 0x2E, 0xC6, 0x69,
    0x4C, 0x93, 0x67, 0xC8, 0xA1, 0xA7, 0xC5, 0x8F, 0x00, 0xF9, 0xB6, 0x51, 0xF5, 0x96, 0xE4, 0x3F,
    0x1E, 0x6D, 0xFD, 0xB8, 0xFB, 0x4C, 0xA9, 0x92, 0x64, 0x4C, 0x31, 0x63, 0x69, 0xD0, 0xAE, 0x58,
    0x3D, 0x61, 0xA2, 0xDC, 0x0E, 0xE4, 0x90, 0xEE, 0x72, 0x4F, 0x05, 0x8A, 0x03, 0xA1, 0x82, 0xD4,
    0x9E, 0x83, 0xE6, 0x03, 0x5A, 0x58, 0x81, 0xC1, 0x15, 0x90, 0x4D, 0x3C, 0x30, 0x45, 0x01, 0x28,
    0x5A, 0x43, 0x01, 0xAF, 0x85, 0x83, 0xF9, 0x00, 0x7D, 0x86, 0x3E, 0x23, 0x70, 0x8C, 0x16, 0x30,
    0x3E, 0xBC, 0x88, 0x9C, 0xCF, 0xC2, 0x7E, 0x90, 0x3E, 0xF6, 0xA7, 0x57, 0x09, 0xCF, 0xFA, 0x52,
    0x88, 0x3F, 0x62, 0x10, 0x13, 0xDA, 0x25, 0xFA, 0x41, 0x4B, 0x91, 0x5A, 0x72, 0xBA, 0xA8, 0x17,
    0x0E, 0xBB, 0x3F, 0xF1, 0x24, 0xC9, 0xF4, 0x49, 0x2F, 0x3F, 0x14, 0xC7, 0x2F, 0x3F, 0x54, 0x2D,
    0x2B, 0xBB, 0x6D, 0xC5, 0x76, 0x53, 0xD5, 0x47, 0x5A, 0x17, 0x1F, 0xDD, 0x5B, 0x7F, 0x79, 0x33,
    0xAB, 0xE9, 0xE9, 0x15, 0x22, 0x48, 0x17, 0x0C, 0x99, 0x45, 0x55, 0x1D, 0x4B, 0x11, 0xE6, 0x02,
    0x9B, 0x74, 0xAD, 0x79, 0xF3, 0x75, 0x80, 0x7C, 0xBB, 0x0E, 0xE0, 0x4D, 0xE6, 0x89, 0x79, 0x23,
    0x38, 0x67, 0x86, 0xB9, 0xFD, 0xF1, 0x74, 0xBE, 0x47, 0x7E, 0xFF, 0x8A, 0xDE, 0x88, 0x66, 0x6D,
    0x7D, 0x31, 0xE8, 0x7A, 0xB3, 0x77, 0x3C, 0xCD, 0xA7, 0xC4, 0xF1, 0x34, 0xBF, 0x3C, 0x35, 0x8F,
    0x6B, 0x6A, 0xEA, 0xF5, 0x57, 0x67, 0xF1, 0xF7, 0x06, 0xB0, 0x1E, 0xC0, 0x16, 0x8C, 0x3E, 0x06,
    0x03, 0xE7, 0xF4, 0xE6, 0x35, 0xE7, 0xD4, 0x53, 0xD6, 0x1F, 0xFA, 0x8B, 0x91, 0x7D, 0xDC, 0xE1,
    0xF7, 0xC9, 0xB1, 0xF4, 0xFD, 0x3E, 0xDF, 0x15, 0x9F, 0x17, 0xBB, 0xE1, 0xFD, 0x97, 0x59, 0xD1,
    0x1D, 0x2A, 0x9A, 0xEE, 0x16, 0x53, 0x8B, 0xD7, 0xD0, 0xFD, 0xF5, 0x18, 0xFB, 0xE6, 0x14, 0x46,
    0x1F, 0xDC, 0xBA, 0xEE, 0x8C, 0xB2, 0x46, 0x22, 0x3B, 0xD6, 0x48, 0xA6, 0x7C, 0xBB, 0x46, 0x92,
    0xAD, 0x6B, 0x24, 0x27, 0xE4, 0xF1, 0x3A, 0xF2, 0xE2, 0x4B, 0x23, 0x69, 0x0F, 0xE6, 0x87, 0x17,
    0x1A, 0xC1, 0x0F, 0x10, 0xB9, 0xAE, 0x9B, 0x71, 0xA7, 0x62, 0xE6, 0x27, 0x30, 0x83, 0x6B, 0x52,
    0xD4, 0x87, 0xED, 0xBF, 0x1D, 0xE0, 0xBF, 0xDC, 0x9C, 0xB1, 0x62, 0x92, 0xA7, 0xD3, 0xDB, 0xC0,
    0xDA, 0x3E, 0x72, 0xB9, 0x8E, 0x9E, 0xA9, 0xBE, 0xBA, 0xCF, 0xFC, 0x0B, 0x5B, 0x12, 0xA4, 0x72,
    0xF3, 0xF2, 0xC3, 0xE1, 0xD5, 0x13, 0x42, 0x51, 0x75, 0x30, 0x14, 0x68, 0x69, 0x99, 0x7C, 0x67,
    0xC4, 0xF0, 0x4D, 0xB1, 0x93, 0x78, 0xC7, 0xF8, 0xA3, 0x61, 0x61, 0x1D, 0x2E, 0x95, 0x57, 0x72,
    0x2C, 0x13, 0x58, 0x26, 0x1B, 0x88, 0x93, 0xC2, 0x31, 0xA1, 0xDA, 0xA9, 0xB9, 0x68, 0x99, 0xE4,
    0x7F, 0x95, 0xA1, 0x47, 0xDE, 0xA7, 0xBF, 0x50, 0xD1, 0x12, 0x2E, 0x3A, 0x0D, 0x94, 0xD0, 0x16,
    0xAD, 0x12, 0xD7, 0x6C, 0x68, 0x6A, 0x8D, 0x67, 0x32, 0x2A, 0x9A, 0x4C, 0x96, 0xF9, 0xC5, 0x22,
    0xFA, 0x35, 0x06, 0x7D, 0xFF, 0x33, 0x4B, 0x73, 0xAF, 0xB7, 0xCC, 0x87, 0x93, 0x34, 0x55, 0x6B,
    0x19, 0x1D, 0xA5, 0xD1, 0x9A, 0xCC, 0xC0, 0x8A, 0x0E, 0x99, 0xCE, 0x32, 0x04, 0x43, 0x5B, 0x5E,
    0x8A, 0x20, 0x53, 0xB3, 0x8A, 0x44, 0xC6, 0x47, 0x74, 0x9B, 0xE4, 0x3B, 0x63, 0xA1, 0x76, 0x88,
    0x5C, 0x27, 0x44, 0xF1, 0x37, 0x08, 0xF9, 0x0B, 0xF9, 0x2E, 0xA2, 0xDC, 0xB6, 0x98, 0x65, 0x8C,
    0x63, 0x5A, 0xA7, 0x6A, 0x1E, 0x34, 0x75, 0xA6, 0x52, 0xB4, 0x8D, 0x45, 0x49, 0x9A, 0xDA, 0x02,
    0xA8, 0x82, 0x93, 0x4D, 0x13, 0xF0, 0xF5, 0x52, 0xBD, 0x66, 0xE4, 0x7C, 0x7F, 0xAE, 0x5E, 0x33,
    0x6A, 0x7E, 0x30, 0x15, 0x7F, 0x38, 0x4A, 0xF1, 0xC3, 0xA1, 0xF8, 0xA6, 0x85, 0xFF, 0xDF, 0xFA,
    0xE2, 0xDB, 0xC6, 0xE3, 0xE3, 0xB6, 0x60, 0x8A, 0xAD, 0x26, 0x4A, 0xD6, 0x99, 0x72, 0x15, 0x13,
    0x6C, 0x76, 0xB2, 0xFA, 0x96, 0xF9, 0x80, 0x2B, 0xDB, 0xD8, 0x9B, 0xB4, 0xEB, 0x4A, 0x77, 0xAC,
    0x6A, 0x98, 0x8E, 0x0D, 0x58, 0x66, 0x42, 0xE7, 0x18, 0xAC, 0x4D, 0x4A, 0x29, 0xC1, 0x5D, 0x26,
    0xEE, 0xBC, 0x16, 0x32, 0x50, 0x4B, 0xC1, 0xBC, 0x83, 0x8F, 0xBF, 0x54, 0xAA, 0xAD, 0x7D, 0x19,
    0x2A, 0x2F, 0xB0, 0xF9, 0x58, 0x2F, 0x9D, 0x0D, 0x35, 0x1B, 0xA0, 0xA2, 0xE2, 0x16, 0x57, 0x6D,
    0x41, 0x35, 0x70, 0x12, 0x21, 0x0E, 0x7C, 0xFA, 0x17, 0x91, 0x1D, 0x58, 0xB9, 0x69, 0x1B, 0xD4,
    0x1A, 0xD4, 0x72, 0x63, 0x7E, 0xE7, 0xD6, 0xBB, 0xF1, 0x89, 0xD9, 0x8E, 0xE9, 0x1B, 0xCB, 0xF3,
    0x81, 0x0D, 0x26, 0x76, 0x92, 0x32, 0xDF, 0xA0, 0xF1, 0x97, 0x79, 0xAA, 0x8E, 0x3D, 0xA5, 0x3A,
    0xDE, 0x05, 0x87, 0xD7, 0xAE, 0xD4, 0xBE, 0x08, 0x35, 0x1D, 0x25, 0x50, 0xEE, 0x06, 0xC5, 0xD8,
    0xFD, 0x34, 0x67, 0x6F, 0x2F, 0xE6, 0x52, 0xE1, 0xC1, 0x40, 0x9F, 0xA4, 0x95, 0xF8, 0x7A, 0x18,
    0x5B, 0x67, 0xA3, 0xFB, 0xB3, 0x2E, 0x0B, 0x93, 0x68, 0xE9, 0x9C, 0xD8, 0xD2, 0x70, 0x00, 0xA3,
    0xDE, 0x6F, 0x12, 0xB9, 0xD6, 0xF4, 0x92, 0x82, 0x16, 0xCC, 0x40, 0x51, 0x30, 0xA1, 0x14, 0x76,
    0x81, 0x25, 0xF8, 0xD2, 0x76, 0xF1, 0x92, 0x41, 0xA7, 0x5A, 0xDA, 0xE0, 0xC2, 0x58, 0xF4, 0x8D,
    0x9D, 0xAC, 0x97, 0x61, 0xAE, 0x04, 0xEA, 0x43, 0x05, 0x03, 0xDC, 0x5D, 0x0D, 0x6D, 0xBA, 0xF5,
    0x64, 0xBC, 0x6C, 0x4F, 0xAE, 0x16, 0x18, 0x0B, 0xD8, 0xE1, 0x4B, 0xC8, 0xEE, 0x22, 0x0B, 0xC6,
    0x52, 0x29, 0xF1, 0x6A, 0x0C, 0x4B, 0x57, 0xBE, 0xA6, 0x2F, 0x02, 0x97, 0xFE, 0x42, 0x7B, 0xBB,
    0x2C, 0xA6, 0xAA, 0x5D, 0x60, 0xD0, 0x02, 0x6D, 0x08, 0x60, 0xE0, 0xDE, 0x04, 0xC2, 0xC2, 0x65,
    0x98, 0x75, 0x50, 0x8C, 0xAD, 0x58, 0xE3, 0xF5, 0xE6, 0xCB, 0xC5, 0x3B, 0x3E, 0xA5, 0x37, 0x98,
    0xA4, 0x02, 0x56, 0x1A, 0x67, 0x90, 0xA6, 0xE8, 0x80, 0xE2, 0x27, 0xAF, 0x2B, 0x77, 0x57, 0xFC,
    0xCA, 0xEC, 0xF4, 0x8C, 0xBD, 0x22, 0x5F, 0x62, 0x80, 0x13, 0x8E, 0x5C, 0xF5, 0x18, 0xCC, 0xBD,
    0xCF, 0x74, 0xF6, 0x6E, 0x5F, 0x5F, 0xDE, 0xAE, 0xF8, 0x79, 0xD5, 0x29, 0xC9, 0xFB, 0x3F, 0x55,
    0x52, 0x21, 0x8C, 0xDC, 0x30, 0x10, 0x74, 0x62, 0xB5, 0x01, 0x06, 0x2E, 0x39, 0xF2, 0x05, 0xE6,
    0x55, 0xD5, 0x70, 0x50, 0xD9, 0x1C, 0x15, 0xFC, 0xA9, 0xA0, 0x9C, 0x94, 0xF3, 0x44, 0xE5, 0x52,
    0x9F, 0xA3, 0x07, 0x25, 0x1F, 0x54, 0x4E, 0x12, 0x56, 0x7A, 0x1C, 0x9D, 0xD4, 0xAA, 0xE0, 0x4B,
    0x0C, 0x22, 0x35, 0xAA, 0x92, 0x4C, 0x77, 0x64, 0xFB, 0x5F, 0x59, 0x69, 0xC7, 0x73, 0xBA, 0xF5,
    0x66, 0x66, 0xD7, 0xEA, 0x18, 0x6F, 0xF3, 0x59, 0xAF, 0x99, 0xB8, 0x4C, 0x2A, 0xCC, 0x89, 0x68,
    0x84, 0x4C, 0x7E, 0x95, 0x5A, 0xC2, 0x21, 0x4E, 0xE7, 0xF3, 0x39, 0x90, 0x8C, 0x00, 0x26, 0xDE,
    0x46, 0x26, 0xBA, 0x10, 0x0B, 0xA4, 0xDA, 0xF6, 0xEF, 0x9E, 0x88, 0xFF, 0xB9, 0x25, 0x82, 0x1F,
    0x6B, 0xEA, 0x8B, 0x26, 0x91, 0x66, 0x33, 0x89, 0xD8, 0xC5, 0xEE, 0xC3, 0x37, 0xD6, 0x46, 0x0B,
    0x50, 0xD0, 0x78, 0xC9, 0x04, 0xBD, 0x03, 0x22, 0x3F, 0xA0, 0xDA, 0xC8, 0x5A, 0xB3, 0x66, 0xE2,
    0x00, 0x5C, 0x49, 0x3C, 0x80, 0x0B, 0x09, 0x32, 0xA9, 0x31, 0x0C, 0x23, 0xC5, 0xE8, 0x5D, 0x3A,
    0x3D, 0x0E, 0x77, 0xCA, 0xCA, 0x77, 0xC0, 0xF2, 0x76, 0x26, 0x91, 0xAA, 0xEE, 0x9A, 0xC9, 0x21,
    0xBE, 0xA7, 0xA3, 0x89, 0xE9, 0xEC, 0xD2, 0xA9, 0x73, 0x99, 0xC9, 0x46, 0x4C, 0xBE, 0xF5, 0xE2,
    0x70, 0xB7, 0x1A, 0xB7, 0x6A, 0x5C, 0x38, 0x01, 0x7C, 0x05, 0x82, 0xEA, 0x90, 0xF4, 0xE0, 0x11,
    0xF8, 0x8D, 0x58, 0x8B, 0x01, 0x7A, 0xA8, 0x1F, 0x38, 0x7B, 0x4B, 0x6F, 0x6E, 0xE6, 0xF9, 0x1A,
    0x8C, 0xB9, 0x22, 0x02, 0xD1, 0x08, 0xFC, 0x1B, 0x86, 0x7B, 0xB7, 0x50, 0x23, 0x47, 0xA2, 0xC4,
    0xFF, 0x9B, 0xDE, 0x4B, 0x87, 0x59, 0x61, 0xF2, 0x8B, 0xC3, 0xFE, 0x09, 0x74, 0xFD, 0x07, 0xD8,
    0x38, 0x86, 0x2F, 0x9C, 0x50, 0x03, 0xB9, 0xC0, 0x1D, 0x9E, 0x44, 0xCA, 0x07, 0x0A, 0xBA, 0x79,
    0x90, 0x51, 0x50, 0x01, 0x47, 0xC9, 0xFA, 0x55, 0x8D, 0x57, 0xB7, 0x29, 0xF4, 0x66, 0xAF, 0x10,
    0x9A, 0xBD, 0x46, 0x60, 0xC5, 0x54, 0x5E, 0x01, 0x70, 0xC7, 0x69, 0x8A, 0x4B, 0x03, 0xF4, 0x62,
    0x9F, 0xBE, 0x6B, 0xE9, 0x2D, 0x94, 0xFF, 0xB7, 0xB3, 0x8F, 0x09, 0x7C, 0x6C, 0xE5, 0x6B, 0xD1,
    0xE1, 0x23, 0x26, 0x0B, 0x20, 0x68, 0xF0, 0x5A, 0xC7, 0x85, 0x54, 0xB7, 0x52, 0xFA, 0xF2, 0x5E,
    0xC0, 0xC6, 0x03, 0xD4, 0x04, 0x4D, 0x4F, 0x6E, 0x62, 0x37, 0x6A, 0x7C, 0xA5, 0x4A, 0x18, 0xDE,
    0xED, 0x44, 0x23, 0x07, 0xA1, 0xB4, 0x74, 0x0E, 0xF2, 0x4C, 0x10, 0xCC, 0xCA, 0x85, 0x50, 0x99,
    0x06, 0x45, 0x8D, 0x98, 0x59, 0xBC, 0xB1, 0xCD, 0xAE, 0x4E, 0x41, 0x76, 0xEC, 0x2F, 0x84, 0x99,
    0x2F, 0x03, 0x58, 0x68, 0xF7, 0x4A, 0xE3, 0x41, 0x36, 0xC4, 0x41, 0xDC, 0xF4, 0x02, 0x7E, 0x2A,
    0xD0, 0x11, 0x4C, 0x4F, 0x55, 0x81, 0x3F, 0x95, 0xC4, 0x42, 0x08, 0x5C, 0xA9, 0xBC, 0xF0, 0xDB,
    0x16, 0xC0, 0xEE, 0x05, 0x36, 0x02, 0x15, 0x05, 0x25, 0x40, 0x0B, 0x04, 0xBD, 0x13, 0xB6, 0x02,
    0x0D, 0x05, 0x9A, 0x27, 0xB0, 0xEC, 0x95, 0xD6, 0x1B, 0x0B, 0xB4, 0x04, 0x7F, 0x7D, 0x82, 0x4B,
    0x91, 0x31, 0x66, 0xC8, 0xF1, 0x99, 0x80, 0x02, 0x15, 0xC8, 0xDE, 0x11, 0xDE, 0xF3, 0xE7, 0x5A,
    0xC6, 0x57, 0xA5, 0xD7, 0x17, 0xA4, 0xF1, 0x85, 0xDD, 0x92, 0x31, 0x69, 0xE3, 0x80, 0xA9, 0x95,
    0xF4, 0x29, 0x7B, 0x76, 0xA8, 0x41, 0xC5, 0x39, 0xB7, 0x24, 0xD7, 0xE4, 0xB4, 0x4C, 0x31, 0x68,
    0x24, 0x35, 0x16, 0xE9, 0x31, 0x3F, 0x0B, 0x01, 0x33, 0xAB, 0x68, 0x93, 0x06, 0x4A, 0xA0, 0x02,
    0x0A, 0xF8, 0x0F, 0x15, 0xCE, 0x21, 0x4C, 0xC3, 0x40, 0x18, 0x86, 0xE1, 0xB7, 0x2D, 0xE1, 0x48,
    0x2A, 0x0E, 0x31, 0xCC, 0x4C, 0x2D, 0xC1, 0xD4, 0x22, 0x60, 0xFF, 0x05, 0x83, 0xC0, 0x4C, 0x30,
    0xAF, 0x71, 0x48, 0x44, 0x59, 0x1B, 0xBC, 0x98, 0x37, 0xA0, 0xE7, 0x05, 0x86, 0x5C, 0xBD, 0xAA,
    0x57, 0xE7, 0x11, 0x4C, 0x9C, 0x28, 0xC9, 0x75, 0x3F, 0x34, 0x4F, 0x3E, 0xF3, 0xA9, 0x17, 0xB8,
    0x06, 0x71, 0xB4, 0x01, 0x99, 0x30, 0x0A, 0x5B, 0x38, 0x03, 0xA0, 0x84, 0x16, 0xA3, 0xF3, 0xAF,
    0x03, 0x5F, 0xB0, 0x06, 0x80, 0x9A, 0x5C, 0x43, 0xA5, 0x49, 0xDE, 0xD2, 0x2D, 0xCD, 0x39, 0x27,
    0xD9, 0x54, 0x0C, 0xA5, 0xBE, 0xF7, 0x95, 0xAA, 0x5B, 0x99, 0x89, 0x05, 0x8E, 0xE5, 0x7E, 0xFF,
    0x51, 0xAB, 0x1E, 0xE4, 0x7F, 0x17, 0x9B, 0xCD, 0x7A, 0xC1, 0xA2, 0xA1, 0xD9, 0x66, 0xA9, 0xD5,
    0x28, 0x1A, 0xAC, 0x3A, 0x1E, 0x01, 0xC1, 0x3B, 0xEF, 0x56, 0x00, 0x20, 0xC5, 0xC1, 0x3F, 0x8C,
    0xFE, 0x7E, 0x5C, 0xE5, 0x01, 0x28, 0x47, 0xE4, 0x48, 0x53, 0xF1, 0x62, 0x69, 0x2C, 0xE2, 0xA9,
    0x12, 0xD9, 0x1A, 0x9E, 0x4E, 0x77, 0x59, 0xB2, 0x43, 0x11, 0xA5, 0x33, 0xA1, 0xC5, 0xF6, 0x89,
    0xFA, 0x2E, 0x72, 0x95, 0xEF, 0x00, 0x9E, 0xB9, 0xDC, 0xE6, 0xD1, 0xFF, 0x1C, 0x6A, 0xED, 0xCC,
    0x08, 0x0E, 0x30, 0x7D, 0xDD, 0xDD, 0xF0, 0x8A, 0x67, 0x06, 0xCB, 0x4E, 0xFA, 0x59, 0xD9, 0x5B,
    0xD7, 0xF2, 0x89, 0x03, 0x20, 0xC1, 0x04, 0x1A, 0x32, 0x8D, 0x14, 0x23, 0x45, 0xAC, 0xE6, 0xFE,
    0x41, 0x7E, 0x01, 0x30, 0x0E, 0xDF, 0x15, 0x47, 0x6C, 0x40, 0x3A, 0xC4, 0x21, 0xDF, 0x88, 0x52,
    0x1E, 0x01, 0xFE, 0x00, 0xCC, 0x92, 0x21, 0xAC, 0x96, 0x60, 0x18, 0x85, 0x9F, 0x0F, 0xD4, 0x3F,
    0x10, 0x28, 0xDE, 0x4C, 0x4F, 0xF4, 0xCD, 0x09, 0x3D, 0x19, 0xFC, 0xB3, 0x3D, 0xD9, 0x13, 0xF4,
    0x64, 0x4F, 0x66, 0x92, 0xBD, 0x40, 0x4F, 0xF4, 0x22, 0xC9, 0xA0, 0x41, 0x02, 0xE1, 0xF7, 0x0E,
    0x38, 0x7E, 0x67, 0xFB, 0x76, 0x47, 0x4F, 0xF7, 0x1D, 0x7B, 0xC6, 0x5E, 0xCE, 0xE0, 0x39, 0x00,
    0xD4, 0xF3, 0x07, 0xD0, 0xF3, 0x4E, 0x26, 0xAD, 0xE4, 0xF3, 0x38, 0x11, 0xDA, 0x37, 0x80, 0xE7,
    0xE9, 0x7E, 0xFF, 0x4C, 0x23, 0x9D, 0x74, 0xD2, 0xC1, 0x28, 0xED, 0xC4, 0x00, 0xA8, 0x37, 0x5A,
    0x08, 0x22, 0x21, 0x33, 0x72, 0x0D, 0x43, 0x9F, 0x4B, 0x9A, 0x8C, 0xFE, 0x16, 0xD1, 0x16, 0x3B,
    0x60, 0x50, 0x3E, 0x8C, 0x2D, 0x81, 0x6A, 0x05, 0xEA, 0xE7, 0x61, 0xA0, 0x96, 0x44, 0x93, 0x70,
    0x42, 0x38, 0xF3, 0x85, 0x9B, 0xFE, 0x4C, 0x94, 0x52, 0x4F, 0x7D, 0x3B, 0xE0, 0x3D, 0x9F, 0x92,
    0xD5, 0x3B, 0x6D, 0x50, 0x3B, 0xE7, 0x67, 0xE4, 0xFA, 0xA5, 0xA9, 0x3C, 0xE8, 0x96, 0x6A, 0xA3,
    0x5E, 0x9B, 0xD5, 0x90, 0xB4, 0x76, 0x11, 0x4B, 0xF7, 0x7B, 0x18, 0xBE, 0x75, 0x56, 0x36, 0x68,
    0x96, 0x4C, 0x34, 0xFF, 0xBE, 0x9C, 0x54, 0xD2, 0x83, 0xE8, 0xB7, 0x10, 0x74, 0x02, 0x6F, 0x5B,
    0x5E, 0xE6, 0xBB, 0xC1, 0x61, 0x04, 0x4D, 0x00, 0xE3, 0xC3, 0xAC, 0x76, 0x33, 0xF8, 0xDC, 0x3E,
    0x69, 0xEE, 0x2D, 0xE1, 0xCE, 0x38, 0x73, 0x13, 0xDD, 0x4A, 0xB9, 0x63, 0x87, 0xCD, 0x47, 0xB3,
    0xB8, 0xB3, 0xA6, 0xB8, 0xCC, 0xD4, 0x52, 0x1C, 0xF9, 0x09, 0xF9, 0x59, 0xEE, 0x91, 0x72, 0xFD,
    0x4C, 0xDD, 0x02, 0x48, 0x13, 0x26, 0xF6, 0x3C, 0xCC, 0xE6, 0x81, 0xB9, 0x62, 0x2E, 0x17, 0xCE,
    0x90, 0xBA, 0x30, 0x5E, 0xA8, 0x1E, 0xF3, 0x52, 0xE2, 0xC7, 0x4B, 0x07, 0x4D, 0xA9, 0x81, 0xDD,
    0xEC, 0x7F, 0xD1, 0xAF, 0xD7, 0xE8, 0x13, 0x4D, 0x8B, 0xBD, 0x7A, 0x44, 0xD7, 0x68, 0x5B, 0xAF,
    0x31, 0xD5, 0xCD, 0xC5, 0x4E, 0xFC, 0x7E, 0x47, 0x50, 0xBC, 0x1E, 0xAD, 0x73, 0xC5, 0x45, 0xA6,
    0x72, 0x23, 0xE8, 0xEB, 0x92, 0x8C, 0xA5, 0x1E, 0x46, 0x61, 0xE9, 0xE4, 0xEC, 0x1B, 0x26, 0x4B,
    0x27, 0x82, 0x5A, 0x17, 0x26, 0xFD, 0x00, 0xD5, 0x46, 0x2A, 0xF5, 0x64, 0x53, 0xC2, 0x91, 0xCF,
    0x50, 0xE8, 0xEF, 0x04, 0x95, 0x9C, 0xFD, 0x78, 0x3B, 0xB0, 0x5C, 0xFB, 0x4A, 0xDF, 0x6E, 0x72,
    0x2E, 0xF4, 0x73, 0xC2, 0xC6, 0x16, 0xBE, 0xF8, 0xFE, 0xDF, 0x80, 0x06, 0x27, 0x00, 0x55, 0x93,
    0x21, 0x8C, 0x1C, 0x21, 0x14, 0x86, 0xFF, 0x99, 0xC9, 0x05, 0xB1, 0x02, 0x75, 0xA6, 0x66, 0xFC,
    0x19, 0xBC, 0x82, 0xA6, 0x49, 0xF5, 0x89, 0x3B, 0x51, 0x5F, 0x55, 0xEF, 0x99, 0xA6, 0x3E, 0xA9,
    0xD7, 0x27, 0x2E, 0x6B, 0xEA, 0x15, 0x34, 0xF5, 0xC9, 0xD4, 0x9B, 0x69, 0x6D, 0x45, 0xE9, 0x85,
    0x4B, 0x48, 0x0B, 0xFB, 0x0A, 0x30, 0x73, 0x3B, 0xFB, 0x67, 0xF2, 0xF1, 0x06, 0x1E, 0x3C, 0xF2,
    0x03, 0x37, 0xC7, 0xE3, 0xF1, 0x51, 0x12, 0x51, 0xAC, 0xD0, 0x19, 0x01, 0x45, 0x79, 0x20, 0xEB,
    0x41, 0x52, 0x91, 0x6F, 0x8D, 0xD3, 0xAD, 0xC1, 0xAA, 0x2B, 0x40, 0x02, 0x06, 0x48, 0xE8, 0x23,
    0x58, 0x00, 0xF7, 0x18, 0x1D, 0xE4, 0x82, 0xA2, 0x7B, 0xF4, 0x84, 0x21, 0x81, 0x45, 0x70, 0x07,
    0xBE, 0x40, 0x58, 0x48, 0x05, 0x8D, 0xAA, 0xA3, 0x5A, 0x47, 0xC3, 0xC5, 0xE8, 0x4D, 0x5D, 0xF6,
    0x0E, 0x12, 0x11, 0x66, 0x08, 0x48, 0xCC, 0xF5, 0x91, 0x3B, 0x16, 0xC4, 0xCC, 0xBD, 0xB4, 0xA3,
    0x33, 0x93, 0xFC, 0x41, 0xAA, 0x15, 0xE8, 0xEE, 0x7A, 0xE2, 0x61, 0x48, 0xA3, 0x63, 0x51, 0x2C,
    0xDC, 0x49, 0xCB, 0x17, 0xAD, 0x84, 0x25, 0x48, 0x15, 0xA1, 0xFB, 0xB0, 0x96, 0x7A, 0xFB, 0xD8,
    0xF2, 0xEA, 0x3A, 0xBB, 0x3C, 0x53, 0xF3, 0x6E, 0xBA, 0x07, 0xAC, 0x92, 0x73, 0x86, 0xB6, 0x1B,
    0xCC, 0x54, 0xA0, 0x0A, 0x90, 0x45, 0xC0, 0xB5, 0x3A, 0x5D, 0xDD, 0x16, 0x33, 0x5C, 0xC3, 0xBF,
    0x93, 0x71, 0xE8, 0x23, 0x80, 0xA1, 0x22, 0x64, 0x30, 0xBF, 0xE1, 0xE0, 0x32, 0xF8, 0x0B, 0xC6,
    0x65, 0x83, 0x98, 0x33, 0xA4, 0xBD, 0x80, 0x9E, 0xB6, 0x8A, 0xA4, 0x5E, 0x00, 0xA0, 0x2B, 0xE8,
    0x0B, 0x86, 0x53, 0x41, 0x6A, 0xC5, 0x76, 0x22, 0xB5, 0xA5, 0xAD, 0xEC, 0x4F, 0x95, 0xA9, 0x32,
    0x62, 0x9B, 0x70, 0x3F, 0x84, 0x6B, 0x05, 0xCA, 0xB2, 0x1B, 0x7F, 0xFF, 0xCD, 0x6C, 0xFB, 0x04,
    0x6F, 0x5C, 0x2A, 0xE7, 0xC2, 0xD1, 0x16, 0x8A, 0x1D, 0xE5, 0x74, 0xA6, 0x56, 0x95, 0xC0, 0xEA,
    0xCF, 0x95, 0xA2, 0xEE, 0x16, 0x82, 0x88, 0x3C, 0xAA, 0x3B, 0x8D, 0xFB, 0x2D, 0x5C, 0x92, 0x85,
    0xC2, 0x43, 0x25, 0xF7, 0x2F, 0x5B, 0xC8, 0xC7, 0xC1, 0x09, 0x92, 0xAC, 0xA6, 0xD9, 0xD0, 0x92,
    0xBF, 0x1C, 0xE4, 0xDF, 0x03, 0x01, 0x77, 0x18, 0x27, 0x8D, 0x04, 0xBD, 0xD0, 0x37, 0x82, 0xF9,
    0x93, 0xA9, 0x5A, 0x2C, 0xAC, 0x7E, 0x7D, 0xC2, 0xAA, 0x57, 0x9F, 0x81, 0x7B, 0x14, 0x51, 0x5A,
    0xDD, 0x18, 0x88, 0xC0, 0x62, 0x2D, 0xF2, 0x6C, 0xA6, 0x56, 0x6E, 0x9C, 0xE5, 0xD4, 0x2E, 0x6B,
    0x6E, 0x27, 0x63, 0xD7, 0xE8, 0x23, 0xA1, 0x45, 0xFA, 0x4D, 0x6A, 0x91, 0x25, 0x1E, 0x50, 0x24,
    0x28, 0x09, 0x87, 0x22, 0x4E, 0x5E, 0xD7, 0x09, 0xE8, 0x69, 0xAA, 0x27, 0xD0, 0x9C, 0xEF, 0xDE,
    0x03, 0xEF, 0x00, 0xB0, 0x38, 0xD2, 0xC4, 0x68, 0x06, 0xB8, 0xD3, 0xB4, 0x08, 0xF2, 0x80, 0xFC,
    0x4E, 0x5F, 0x9C, 0xFE, 0x15, 0x01, 0xF3, 0x29, 0x32, 0x47, 0x7D, 0x44, 0x47, 0x83, 0x67, 0xCF,
    0xA9, 0x8B, 0x18, 0x72, 0x0F, 0x7B, 0x8A, 0x39, 0xE2, 0x9E, 0xB9, 0xC3, 0x53, 0x1C, 0x22, 0xC4,
    0xC2, 0xFC, 0xF8, 0x33, 0x31, 0x0F, 0x6D, 0x87, 0x13, 0x7D, 0x25, 0xE3, 0x40, 0xAA, 0x27, 0x82,
    0xA1, 0xDC, 0x01, 0x98, 0x00, 0x91, 0x9B, 0xEA, 0x3E, 0xB2, 0xFB, 0xF8, 0xA0, 0x50, 0x9F, 0xD5,
    0xA1, 0x3E, 0x2B, 0x69, 0xD7, 0x4F, 0x2C, 0xF5, 0x95, 0xF9, 0xD2, 0xDF, 0x3F, 0x16, 0x4B, 0x3A,
    0x02, 0xA8, 0x5E, 0xB8, 0x96, 0x41, 0xA5, 0xB3, 0x3D, 0x55, 0x31, 0xB7, 0x15, 0x6F, 0xB7, 0x27,
    0x51, 0xD3, 0xB6, 0xCB, 0x35, 0xC4, 0xF3, 0x79, 0x89, 0xA5, 0xB0, 0xF9, 0xD0, 0x06, 0xD3, 0xF9,
    0x48, 0x47, 0x77, 0x9E, 0x4F, 0xD3, 0x76, 0x89, 0xC1, 0x76, 0xF3, 0x9B, 0xF9, 0xD5, 0xF8, 0x6E,
    0x37, 0xBF, 0x99, 0x2D, 0xDC, 0x79, 0xF1, 0xFF, 0x63, 0x60, 0x08, 0x61, 0x60, 0xFE, 0xC3, 0xC0,
    0xFF, 0x87, 0xC1, 0xFE, 0x0F, 0xC3, 0xFE, 0x1F, 0x4C, 0xBF, 0xBE, 0xB0, 0x3F, 0xFE, 0x22, 0x7F,
    0xF8, 0x83, 0xFD, 0xFF, 0x3F, 0x40, 0xC4, 0xC0, 0xFF, 0x80, 0x81, 0xFF, 0x02, 0x03, 0xAB, 0x03,
    0x00, 0x45, 0x51, 0x21, 0x70, 0xDC, 0x3A, 0x10, 0x7D, 0x3E, 0xCD, 0xE5, 0x66, 0x72, 0xC0, 0x28,
    0x24, 0x44, 0xFC, 0x13, 0x71, 0x64, 0xB3, 0x4F, 0x03, 0xE2, 0x92, 0xD0, 0xF2, 0xE3, 0xC8, 0x2A,
    0x27, 0xE1, 0xA8, 0xA4, 0x33, 0xE9, 0x05, 0x94, 0x23, 0x9B, 0x23, 0x93, 0x72, 0x83, 0xA2, 0x94,
    0x18, 0x28, 0x33, 0xCE, 0x8C, 0xED, 0xD7, 0xDD, 0xD5, 0x5D, 0xAB, 0xF1, 0xBC, 0xB7, 0x5E, 0x69,
    0xF7, 0xAD, 0x9E, 0x70, 0xD7, 0x3C, 0xC2, 0x56, 0x45, 0x8E, 0x16, 0xB4, 0xE4, 0x62, 0x41, 0x47,
    0x32, 0x07, 0x3F, 0x9F, 0x58, 0x6B, 0xC0, 0x58, 0x30, 0x5A, 0x50, 0x83, 0xBD, 0x70, 0x61, 0x41,
    0xD0, 0x3C, 0xC0, 0x2F, 0x64, 0xDA, 0x51, 0x92, 0xFF, 0x93, 0x8B, 0xDB, 0x70, 0x60, 0xB9, 0x3E,
    0xAD, 0x6E, 0x6B, 0x4E, 0x8B, 0x9F, 0xDC, 0xE6, 0x48, 0x26, 0x3F, 0x41, 0xF2, 0x64, 0xF4, 0x5B,
    0x8D, 0xA3, 0x4A, 0x95, 0xDC, 0x70, 0x5C, 0x0E, 0x2B, 0x76, 0xE4, 0x58, 0xCE, 0x52, 0x87, 0xC0,
    0x54, 0x26, 0xA7, 0xE2, 0xA7, 0xB9, 0x4C, 0x22, 0xD2, 0xA0, 0x94, 0x16, 0x60, 0x64, 0x2C, 0xE7,
    0x20, 0x41, 0xCF, 0x21, 0x24, 0x09, 0xBA, 0xA1, 0x23, 0xC7, 0x6A, 0x44, 0x3B, 0x06, 0x32, 0x56,
    0x03, 0xAA, 0xE9, 0xC0, 0x15, 0x79, 0xDD, 0xD9, 0xD4, 0x37, 0x67, 0xA5, 0x82, 0x9C, 0x85, 0x4A,
    0x92, 0xF9, 0x92, 0xEC, 0x25, 0xF7, 0xF1, 0xC4, 0x01, 0x8E, 0x11, 0x9C, 0x50, 0xAE, 0x90, 0x6A,
    0xF8, 0x59, 0x69, 0xDF, 0xBE, 0x37, 0xD8, 0x3F, 0x5C, 0x8E, 0xFB, 0x4C, 0x76, 0x69, 0xF3, 0x41,
    0xF1, 0x9E, 0xE7, 0x97, 0x6C, 0xDC, 0xFA, 0xCF, 0x36, 0xDB, 0x6B, 0xCC, 0x9E, 0x1D, 0x85, 0x46,
    0x1C, 0x28, 0x9B, 0x33, 0x82, 0x76, 0xE7, 0x6F, 0xA6, 0x3C, 0xC3, 0x00, 0x38, 0xA1, 0xDA, 0x2A,
    0x7F, 0x09, 0xA2, 0x78, 0x54, 0x68, 0x64, 0xD5, 0xBA, 0xC3, 0xDE, 0x30, 0xDE, 0x9C, 0xCF, 0x7C,
    0xB3, 0x63, 0xA6, 0xDD, 0x45, 0xDC, 0x4A, 0xE6, 0xBB, 0x35, 0xD9, 0xE0, 0x0D, 0xF7, 0xCD, 0x27,
    0x6A, 0xB5, 0xB3, 0x8B, 0xFB, 0x05, 0xB8, 0x7D, 0xE5, 0x64, 0x42, 0x52, 0xE4, 0x6D, 0xBE, 0xF0,
    0x0E, 0xC5, 0x51, 0xB1, 0x1A, 0x8A, 0x17, 0x45, 0xB7, 0x28, 0x1E, 0x14, 0x53, 0x48, 0x76, 0xCD,
    0xD1, 0xAA, 0x22, 0xB0, 0xB3, 0x2A, 0xEC, 0xCD, 0x42, 0x34, 0x99, 0x68, 0x54, 0x5C, 0xC9, 0x72,
    0xBB, 0x4C, 0x8E, 0x45, 0x6D, 0x24, 0x13, 0xDA, 0x13, 0x0B, 0x1D, 0xC9, 0x0F, 0x5C, 0x06, 0xB8,
    0xFF, 0xEA, 0x7F, 0x88, 0x50, 0x10, 0x9F, 0xE7, 0x13, 0xAA, 0xD1, 0xDE, 0xBD, 0x1A, 0x6E, 0xD4,
    0xBD, 0xAE, 0xAF, 0xB8, 0xA9, 0x67, 0x2D, 0x27, 0xED, 0xFE, 0xB9, 0x9A, 0xE0, 0x08, 0x3D, 0x75,
    0xDC, 0x84, 0x06, 0x04, 0x29, 0x6D, 0x87, 0x82, 0x49, 0x28, 0xBB, 0xD7, 0x65, 0xF7, 0xA8, 0xB6,
    0xDB, 0xDF, 0xB3, 0xCD, 0xF9, 0x80, 0xEC, 0x22, 0x4C, 0x7D, 0x35, 0x64, 0xBC, 0x58, 0x5E, 0xA6,
    0xA2, 0x9B, 0xE0, 0x27, 0x54, 0x86, 0x3E, 0x21, 0x58, 0x20, 0x3A, 0x41, 0xD1, 0x3E, 0x51, 0xE9,
    0x3D, 0xB5, 0x7B, 0xA0, 0x76, 0x50, 0x1C, 0xF1, 0x1F, 0xDF, 0xBE, 0xFD, 0x35, 0xC0, 0xB0, 0xA5,
    0x5A, 0xDC, 0x19, 0xD2, 0xF0, 0x95, 0xE7, 0xE7, 0xEB, 0x23, 0xA8, 0xA9, 0x57, 0xFC, 0x03, 0x9D,
    0x90, 0x41, 0x8E, 0xD3, 0x4C, 0x14, 0x84, 0x9F, 0x9D, 0x5F, 0xBF, 0x17, 0xD6, 0x2F, 0xFF, 0x9B,
    0x59, 0x7B, 0x8B, 0x90, 0x50, 0x1F, 0xA1, 0x0D, 0x5B, 0x36, 0x2C, 0x26, 0x5C, 0x83, 0x23, 0x74,
    0xC4, 0x05, 0xE0, 0x18, 0x90, 0x33, 0x20, 0xB5, 0x61, 0xCB, 0xC6, 0x9C, 0x00, 0x8B, 0x0B, 0x60,
    0xA4, 0x1E, 0x14, 0x46, 0x6E, 0x17, 0xF5, 0x9E, 0x95, 0x60, 0xB2, 0x9C, 0xA7, 0xE8, 0xAB, 0xA4,
    0xDB, 0xAE, 0x57, 0x29, 0x11, 0x39, 0x08, 0xA7, 0x1A, 0x95, 0xED, 0x49, 0x19, 0x12, 0x51, 0x60,
    0x20, 0x6B, 0x74, 0xA4, 0x9B, 0x09, 0x89, 0x13, 0x51, 0xA2, 0x27, 0x9B, 0x85, 0x10, 0xBF, 0x1C,
    0x8F, 0xC7, 0xF7, 0x11, 0x3A, 0x2B, 0x83, 0xD1, 0x2D, 0x7B, 0x4E, 0x0D, 0xB9, 0x3C, 0x2F, 0x31,
    0x99, 0x7D, 0x56, 0x56, 0xE8, 0xCC, 0xDF, 0x36, 0x06, 0xDB, 0xD8, 0x18, 0x77, 0x76, 0x22, 0x9D,
    0xF1, 0xD6, 0x58, 0xC0, 0xA4, 0x5E, 0x5D, 0x1C, 0x26, 0x33, 0xC3, 0x6C, 0xCE, 0x80, 0x5D, 0x41,
    0x2F, 0xDD, 0x02, 0xCD, 0x17, 0x7F, 0x80, 0x61, 0x4B, 0x7C, 0x44, 0x0D, 0x5E, 0x15, 0xE0, 0x7E,
    0x37, 0xD3, 0x25, 0xA6, 0x38, 0x51, 0xDA, 0xD9, 0xF5, 0x94, 0x6A, 0xAA, 0x85, 0x52, 0xF4, 0xE7,
    0x0D, 0x0F, 0x97, 0xAB, 0xF6, 0xCE, 0xDD, 0xEC, 0x60, 0x17, 0x0C, 0x7C, 0xE9, 0xEF, 0xAF, 0x42,
    0xC2, 0xF4, 0x98, 0xE5, 0xC5, 0xBC, 0x36, 0xB6, 0xE5, 0x0D, 0xBB, 0x0B, 0xD7, 0x85, 0xAF, 0xEF,
    0x7A, 0x5B, 0x80, 0xF1, 0xE2, 0xDF, 0x2E, 0x9B, 0xF6, 0x86, 0x4D, 0x7B, 0xFB, 0x07, 0xFF, 0x29,
    0xC2, 0xA4, 0x6B, 0x3A, 0x4A, 0x39, 0xFA, 0x81, 0x52, 0x9F, 0x42, 0xA2, 0xB8, 0xB9, 0xCD, 0x94,
    0x38, 0x55, 0x78, 0x8A, 0x1D, 0xD8, 0xE4, 0x17, 0x34, 0x10, 0x09, 0x77, 0xF0, 0xB3, 0xA6, 0x01,
    0x18, 0xB9, 0x02, 0x70, 0x50, 0x2F, 0x58, 0x3A, 0x8F, 0xB5, 0x16, 0x8C, 0x9B, 0x5E, 0x64, 0x91,
    0xED, 0x3C, 0x91, 0xCA, 0x8E, 0xE3, 0xC1, 0x8D, 0x16, 0xE3, 0xE0, 0x12, 0xB5, 0x5A, 0xA4, 0xCE,
    0x6B, 0xB1, 0x25, 0x3A, 0xEE, 0xE1, 0x65, 0x1C, 0x44, 0xD4, 0xC3, 0x4F, 0xF4, 0x52, 0xDF, 0x99,
    0x1F, 0x33, 0x16, 0x7F, 0x7F, 0xE4, 0xA0, 0x8F, 0xB0, 0x19, 0xAF, 0xD5, 0xFF, 0x62, 0xB5, 0x2F,
    0xD1, 0x9F, 0x9F, 0x3F, 0xBF, 0x2F, 0xE8, 0xCD, 0x4F, 0xFC, 0x68, 0xDF, 0x2F, 0xFB, 0x6C, 0xFF,
    0x26, 0x8F, 0xE5, 0xDB, 0xE6, 0x3D, 0x4F, 0xF1, 0xC2, 0xA4, 0x9D, 0x4D, 0x80, 0x8E, 0xAC, 0xAC,
    0x0C, 0xF1, 0x40, 0xB6, 0x32, 0x40, 0xE7, 0x06, 0x6F, 0xEE, 0x90, 0x24, 0xE4, 0x26, 0x39, 0x48,
    0x18, 0x9B, 0x54, 0x41, 0x5C, 0xD7, 0x24, 0xF9, 0x20, 0xFF, 0x08, 0xE5, 0x7F, 0x11, 0x15, 0xB9,
    0x92, 0xFF, 0x54, 0x1E, 0x89, 0x3F, 0x34, 0xA9, 0xC8, 0x12, 0x53, 0x93, 0x6A, 0x88, 0x5F, 0x9A,
    0x14, 0x32, 0xF7, 0x7C, 0xFD, 0xA9, 0x9B, 0x00, 0xDB, 0xDB, 0xC2, 0xFA, 0x2E, 0x81, 0x41, 0x38,
    0x61, 0x2D, 0xBA, 0x4E, 0xC4, 0xBF, 0x6C, 0xE7, 0x9D, 0x03, 0x90, 0x83, 0x22, 0xAE, 0xD8, 0xEF,
    0x6F, 0xA3, 0xBE, 0x18, 0x31, 0x28, 0x12, 0xF1, 0x2A, 0x13, 0xCF, 0x79, 0x18, 0x9F, 0xF1, 0x30,
    0x76, 0x31, 0x11, 0x2E, 0x13, 0x35, 0xBA, 0xD8, 0x95, 0x18, 0x22, 0xEF, 0x12, 0xE1, 0x66, 0xA2,
    0x4E, 0x44, 0x39, 0xDC, 0x88, 0x48, 0xE7, 0x01, 0x24, 0x45, 0x56, 0xC0, 0xA0, 0xC5, 0x11, 0x25,
    0x88, 0x5A, 0xE1, 0x16, 0x22, 0x26, 0x08, 0x9D, 0x20, 0xF4, 0x84, 0xD0, 0x1D, 0x3C, 0x12, 0xF0,
    0x48, 0xC0, 0x23, 0x01, 0x8F, 0x04, 0x3E, 0x11, 0xCD, 0x40, 0xEC, 0x3A, 0x42, 0x74, 0x4A, 0xF6,
    0x99, 0x9B, 0x83, 0x94, 0xD9, 0x8F, 0x44, 0x38, 0x11, 0xED, 0x42, 0x54, 0x38, 0x94, 0xB9, 0xC0,
    0x58, 0x66, 0x09, 0x27, 0xA2, 0x5D, 0x88, 0x0A, 0xAF, 0xB3, 0x14, 0xF8, 0x46, 0xB7, 0x70, 0x4F,
    0xB4, 0x20, 0x2A, 0x45, 0xB1, 0x29, 0xC2, 0x30, 0x2B, 0x26, 0xE1, 0xB0, 0x6A, 0x91, 0xB7, 0xBE,
    0x97, 0x32, 0x11, 0x75, 0x26, 0x9C, 0x22, 0xF2, 0x27, 0x13, 0xFA, 0x9E, 0x09, 0x7D, 0xCF, 0x84,
    0xBE, 0x67, 0x68, 0xFF, 0x89, 0xA1, 0xFD, 0x67, 0x74, 0xE2, 0xBF, 0xD3, 0xD7, 0x23, 0x29, 0x06,
    0x45, 0xA7, 0x00, 0x96, 0x3F, 0x68, 0x14, 0xA2, 0xF3, 0x1B, 0xA5, 0x54, 0x21, 0x8C, 0xD4, 0x40,
    0x14, 0xFD, 0xED, 0xE6, 0xAE, 0xC9, 0x55, 0x14, 0x73, 0xE6, 0x4C, 0x35, 0x67, 0xEA, 0xCD, 0xCD,
    0xE0, 0x0D, 0xE2, 0x1A, 0x04, 0x02, 0x85, 0xC6, 0x1B, 0x5A, 0xAF, 0x16, 0x83, 0xC1, 0x27, 0xC7,
    0x7A, 0x49, 0x68, 0x83, 0x17, 0xC5, 0x9B, 0x4D, 0x00, 0x3F, 0x24, 0xBD, 0x5C, 0x8F, 0x4C, 0xFB,
    0x98, 0x37, 0x33, 0x29, 0x57, 0x30, 0x97, 0x30, 0xE9, 0xBE, 0xDF, 0xCE, 0xBE, 0x79, 0xEF, 0xCD,
    0xFC, 0xDD, 0x8A, 0x9C, 0x7E, 0x14, 0x37, 0x2A, 0x0C, 0x0E, 0x15, 0x46, 0x3E, 0x94, 0x96, 0xB8,
    0x9B, 0x89, 0xE9, 0x22, 0x8E, 0xF3, 0x0E, 0x22, 0x09, 0x66, 0x87, 0x39, 0x00, 0x12, 0x89, 0x18,
    0x9B, 0x45, 0x52, 0xE8, 0x62, 0x91, 0x6C, 0x91, 0x62, 0x96, 0xC2, 0xFA, 0x6B, 0x24, 0x56, 0x86,
    0x37, 0xCA, 0x48, 0x69, 0x44, 0x1D, 0xE3, 0xD5, 0xF4, 0x0E, 0x13, 0xB4, 0x6E, 0x3E, 0x83, 0x73,
    0x5D, 0x3A, 0xEB, 0xEC, 0x00, 0xE3, 0x85, 0x5B, 0x9A, 0x4C, 0xF2, 0x60, 0x9C, 0x68, 0xA2, 0x3A,
    0x12, 0x1B, 0x43, 0x04, 0x31, 0xF5, 0xAC, 0x0C, 0xCC, 0x59, 0xDC, 0x11, 0xAB, 0x6F, 0x33, 0x29,
    0x5F, 0x98, 0x16, 0xCF, 0xE0, 0x73, 0x43, 0x4B, 0x66, 0xC5, 0xA9, 0x16, 0x93, 0x74, 0x3D, 0x03,
    0xD1, 0x7E, 0xE0, 0xC5, 0x04, 0xC7, 0x14, 0xE2, 0xC2, 0x71, 0x9B, 0xC5, 0xE8, 0x02, 0x3B, 0x5A,
    0xC9, 0x1C, 0x56, 0xDD, 0xD6, 0xF5, 0x4B, 0xDB, 0xC0, 0x8D, 0x88, 0x1D, 0x71, 0x4A, 0x6A, 0x0E,
    0x9D, 0x83, 0xA3, 0x2F, 0x36, 0x85, 0x06, 0xE5, 0x28, 0x14, 0xA6, 0x08, 0xB4, 0x54, 0xBE, 0x30,
    0x7B, 0x02, 0xA1, 0x67, 0xBA, 0x16, 0xE6, 0xD8, 0x2D, 0xC2, 0x35, 0x74, 0x67, 0xB1, 0x5C, 0xCA,
    0xB8, 0x5C, 0x93, 0x87, 0x52, 0x4C, 0x5C, 0xCA, 0x92, 0xB2, 0x8C, 0x5C, 0x43, 0xF5, 0x58, 0xB8,
    0xB4, 0x32, 0x5C, 0x43, 0x13, 0x5F, 0x06, 0xBF, 0x54, 0xCE, 0xEB, 0xFA, 0x9A, 0x2D, 0x9A, 0x09,
    0x56, 0x1A, 0x07, 0x34, 0x71, 0x4E, 0x3C, 0x48, 0xC5, 0xB3, 0x2B, 0x16, 0x76, 0xD8, 0x59, 0xC6,
    0x13, 0x55, 0x76, 0x9D, 0x9C, 0x1D, 0xE4, 0x84, 0xCA, 0xC6, 0x6F, 0x33, 0xF2, 0xAA, 0xF9, 0xE1,
    0x53, 0xE9, 0x09, 0x23, 0x21, 0xFA, 0x44, 0xB3, 0xCB, 0xC3, 0xE1, 0x46, 0x2E, 0x1C, 0xF0, 0x89,
    0x9F, 0x06, 0xB1, 0xA5, 0x7E, 0x0B, 0x3E, 0xB9, 0x4F, 0xCA, 0x53, 0x70, 0x10, 0x9A, 0xCE, 0x9E,
    0x7A, 0x73, 0x4B, 0x73, 0x1F, 0x90, 0xB4, 0xEA, 0x2F, 0xAE, 0x8E, 0xDC, 0x1D, 0xB9, 0x99, 0x8F,
    0xFC, 0x87, 0xEB, 0xF7, 0xE6, 0x77, 0xB9, 0xE5, 0xCE, 0x9E, 0xBB, 0xB5, 0x8F, 0xDC, 0x75, 0x3C,
    0x8D, 0xF5, 0x53, 0x28, 0x09, 0x99, 0x5C, 0x7B, 0x8C, 0xC1, 0x23, 0xB5, 0xD2, 0xA1, 0xBE, 0x8D,
    0x74, 0x1B, 0x4A, 0x6A, 0x42, 0xCD, 0x86, 0x48, 0x6F, 0x43, 0x55, 0xFF, 0xA1, 0x9A, 0x47, 0xD5,
    0x2E, 0xA8, 0xE6, 0x68, 0xBD, 0x6A, 0x83, 0xDE, 0xAB, 0x5E, 0x61, 0xF0, 0xAA, 0x4F, 0x9A, 0x9F,
    0x41, 0x55, 0xDD, 0x05, 0xD5, 0x0A, 0x41, 0xB5, 0x80, 0x0E, 0x75, 0x89, 0xD9, 0x6C, 0x34, 0x37,
    0x31, 0xCC, 0xF3, 0x50, 0xBB, 0x7D, 0x02, 0x9D, 0x61, 0x2A, 0x61, 0x4A, 0xCC, 0x0D, 0x46, 0xF5,
    0x15, 0x4B, 0x66, 0x1B, 0x51, 0xE3, 0xCE, 0x76, 0xEE, 0x54, 0x89, 0x8D, 0xD9, 0x4D, 0xDD, 0x7B,
    0xCC, 0xAF, 0x4C, 0x83, 0x5B, 0x60, 0x70, 0x26, 0x1D, 0xF4, 0xE9, 0xBD, 0x9C, 0x7D, 0x97, 0x38,
    0x24, 0xF9, 0xBC, 0xF9, 0xDD, 0x34, 0xD3, 0x3F, 0x9D, 0x48, 0x63, 0xEB, 0x36, 0x3D, 0x99, 0x36,
    0x8D, 0xA9, 0x62, 0x77, 0xD6, 0xAE, 0x3F, 0x4A, 0x24, 0xB7, 0x8F, 0x14, 0x69, 0xE3, 0xFA, 0x72,
    0x89, 0x31, 0x45, 0x91, 0x7B, 0xA5, 0xFD, 0x06, 0x6E, 0xE4, 0x52, 0x4B, 0x89, 0x56, 0x69, 0xE9,
    0xF0, 0x0B, 0xCE, 0x0F, 0x98, 0x9D, 0xCD, 0x1B, 0x8C, 0x92, 0x99, 0x0C, 0x83, 0x9C, 0xEE, 0xE5,
    0xF5, 0xBA, 0xE1, 0x8B, 0xBD, 0xDC, 0x38, 0xE1, 0x39, 0xB5, 0xB2, 0x03, 0x3E, 0x4C, 0xFE, 0xD5,
    0x68, 0xA4, 0xF8, 0x01, 0xF4, 0x52, 0xF5, 0x25, 0x1C, 0x45, 0x92, 0xBD, 0xE7, 0xF2, 0x1D, 0xEB,
    0x78, 0x49, 0xFD, 0xE2, 0x5E, 0x67, 0x70, 0x04, 0x72, 0x5B, 0x0F, 0x67, 0x87, 0xE5, 0xA0, 0x65,
    0xE7, 0x5F, 0x68, 0x0C, 0x53, 0x0C, 0x6C, 0x22, 0x16, 0x51, 0xDB, 0x3F, 0x56, 0x6E, 0x18, 0x9C,
    0xDB, 0x38, 0x5F, 0x23, 0xC4, 0x9D, 0x74, 0x63, 0xFC, 0x2F, 0x6F, 0x9F, 0xB2, 0x70, 0x68, 0xFE,
    0x0C, 0x46, 0x72, 0x67, 0xD9, 0x4C, 0xD6, 0xF1, 0x27, 0x70, 0x5E, 0xBB, 0x3B, 0x05, 0x1C, 0x03,
    0x34, 0xE0, 0xB7, 0xEB, 0x80, 0x09, 0x6F, 0x87, 0x02, 0x94, 0xED, 0xD7, 0x09, 0x7F, 0x7E, 0x38,
    0x52, 0xF0, 0xE1, 0xED, 0xC9, 0xF5, 0x2A, 0xAA, 0x3B, 0xA0, 0xE7, 0x87, 0xDB, 0xE4, 0xDC, 0x6F,
    0x35, 0x8D, 0x81, 0x09, 0x83, 0x30, 0x14, 0x05, 0xBF, 0x2D, 0x20, 0x20, 0x60, 0x37, 0xE8, 0x08,
    0x19, 0x21, 0x81, 0x0E, 0x66, 0x36, 0x4B, 0x46, 0x70, 0x04, 0x47, 0x10, 0x10, 0x10, 0x50, 0x5F,
    0xEF, 0x1B, 0x94, 0xCF, 0x71, 0xE0, 0x23, 0x67, 0x7C, 0x1F, 0xEB, 0xF4, 0x3B, 0x6C, 0x54, 0x2F,
    0x8B, 0x1A, 0x64, 0xE5, 0xEA, 0x2F, 0x53, 0xED, 0x76, 0x53, 0x32, 0x7E, 0xB2, 0x09, 0x92, 0xB6,
    0xF8, 0x60, 0x9D, 0x1C, 0xFD, 0x61, 0xC1, 0x11, 0x97, 0x01, 0xCC, 0xE3, 0x6E, 0x53, 0x1D, 0xB7,
    0x86, 0x52, 0xBF, 0xAB, 0x29, 0x87, 0x07, 0x29, 0x2E, 0x9D, 0x18, 0xBD, 0x1A, 0x18, 0xBD, 0x2F,
    0x7F, 0x3A, 0x97, 0x4A, 0x38, 0x29, 0x53, 0xF6, 0x5A, 0x91, 0xE7, 0x54, 0x6F, 0x26, 0x86, 0x08,
    0xCB, 0xA0, 0x13, 0x46, 0x78, 0xDA, 0xA4, 0x83, 0x68, 0x23, 0x37, 0xDC, 0x24, 0x8E, 0x10, 0x46,
    0x1A, 0xE9, 0x23, 0xB4, 0x11, 0xC8, 0xC5, 0xE5, 0xE6, 0x8C, 0xD0, 0x77, 0x69, 0x2C, 0xD5, 0x45,
    0xD9, 0xFE,
};

static const EpdGlyph dmsans_16_bolditalicGlyphs[] = {
    { 0, 0, 320, 0, 0, 0, 0 }, // U+000D
    { 0, 0, 133, 0, 0, 0, 0 }, // U+0020
    { 9, 25, 166, 1, 24, 57, 0 }, // !
    { 12, 9, 210, 3, 26, 27, 57 }, // "
    { 30, 25, 457, 0, 25, 188, 84 }, // #
    { 20, 30, 323, 0, 27, 150, 272 }, // $
    { 27, 25, 482, 2, 24, 169, 422 }, // %
    { 25, 25, 418, 0, 24, 157, 591 }, // &
    { 6, 9, 108, 3, 26, 14, 748 }, // '
    { 15, 33, 216, 1, 28, 124, 762 }, // (
    { 15, 33, 216, -2, 28, 124, 886 }, // )
    { 14, 13, 274, 3, 25, 46, 1010 }, // *
    { 18, 16, 309, 1, 18, 72, 1056 }, // +
    { 9, 9, 131, -2, 5, 21, 1128 }, // ,
    { 16, 5, 284, 2, 12, 20, 1149 }, // -
    { 6, 6, 136, 0, 5, 9, 1169 }, // .
    { 19, 30, 228, -2, 26, 143, 1178 }, // /
    { 22, 25, 376, 1, 24, 138, 1321 }, // 0
    { 11, 24, 194, 2, 24, 66, 1459 }, // 1
    { 20, 24, 312, 0, 24, 120, 1525 }, // 2
    { 19, 25, 322, 1, 24, 119, 1645 }, // 3
    { 21, 24, 347, 0, 24, 126, 1764 }, // 4
    { 20, 25, 332, 1, 24, 125, 1890 }, // 5
    { 20, 25, 338, 1, 24, 125, 2015 }, // 6
    { 18, 24, 286, 2, 24, 108, 2140 }, // 7
    { 20, 25, 335, 1, 24, 125, 2248 }, // 8
    { 20, 25, 338, 1, 24, 125, 2373 }, // 9
    { 9, 18, 137, 0, 17, 41, 2498 }, // :
    { 10, 21, 141, -2, 17, 53, 2539 }, // ;
    { 16, 16, 309, 3, 20, 64, 2592 }, // <
    { 18, 13, 309, 1, 16, 59, 2656 }, // =
    { 15, 16, 309, 2, 20, 60, 2715 }, // >
    { 17, 25, 288, 2, 24, 107, 2775 }, // ?
    { 30, 30, 552, 2, 22, 225, 2882 }, // @
    { 23, 24, 378, -1, 24, 138, 3107 }, // A
    { 22, 24, 341, 0, 24, 132, 3245 }, // B
    { 24, 25, 394, 1, 24, 150, 3377 }, // C
    { 23, 24, 379, 0, 24, 138, 3527 }, // D
    { 20, 24, 302, 0, 24, 120, 3665 }, // E
    { 20, 24, 291, 0, 24, 120, 3785 }, // F
    { 25, 25, 416, 1, 24, 157, 3905 }, // G
    { 25, 24, 381, 0, 24, 150, 4062 }, // H
    { 10, 24, 146, 0, 24, 60, 4212 }, // I
    { 19, 25, 286, 0, 24, 119, 4272 }, // J
    { 24, 24, 349, 0, 24, 144, 4391 }, // K
    { 17, 24, 298, 0, 24, 102, 4535 }, // L
    { 30, 24, 473, 0, 24, 180, 4637 }, // M
    { 25, 24, 389, 0, 24, 150, 4817 }, // N
    { 25, 25, 423, 1, 24, 157, 4967 }, // O
    { 21, 24, 329, 0, 24, 126, 5124 }, // P
    { 25, 28, 423, 1, 24, 175, 5250 }, // Q
    { 21, 24, 336, 0, 24, 126, 5425 }, // R
    { 20, 25, 323, 0, 24, 125, 5551 }, // S
    { 20, 24, 319, 2, 24, 120, 5676 }, // T
    { 23, 25, 365, 1, 24, 144, 5796 }, // U
    { 23, 24, 376, 3, 24, 138, 5940 }, // V
    { 33, 24, 542, 3, 24, 198, 6078 }, // W
    { 25, 24, 357, -1, 24, 150, 6276 }, // X
    { 21, 24, 339, 3, 24, 126, 6426 }, // Y
    { 21, 24, 308, 0, 24, 126, 6552 }, // Z
    { 16, 34, 202, -1, 28, 136, 6678 }, // [
    { 19, 30, 396, 3, 26, 143, 6814 }, // <backslash>
    { 15, 34, 202, -1, 28, 128, 6957 }, // ]
    { 22, 18, 361, 0, 24, 99, 7085 }, // ^
    { 20, 5, 364, 0, -1, 25, 7184 }, // _
    { 9, 8, 125, 2, 26, 18, 7209 }, // `
    { 19, 19, 316, 0, 18, 91, 7227 }, // a
    { 21, 25, 347, 0, 24, 132, 7318 }, // b
    { 18, 19, 325, 1, 18, 86, 7450 }, // c
    { 22, 25, 347, 1, 24, 138, 7536 }, // d
    { 18, 19, 322, 1, 18, 86, 7674 }, // e
    { 13, 24, 198, 1, 24, 78, 7760 }, // f
    { 22, 26, 302, -2, 18, 143, 7838 }, // g
    { 20, 24, 330, 0, 24, 120, 7981 }, // h
    { 10, 25, 147, 0, 25, 63, 8101 }, // i
    { 14, 33, 154, -4, 25, 116, 8164 }, // j
    { 20, 24, 312, 0, 24, 120, 8280 }, // k
    { 10, 24, 143, 0, 24, 60, 8400 }, // l
    { 30, 18, 498, 0, 18, 135, 8460 }, // m
    { 20, 18, 329, 0, 18, 90, 8595 }, // n
    { 18, 19, 327, 1, 18, 86, 8685 }, // o
    { 22, 26, 348, -1, 18, 143, 8771 }, // p
    { 20, 26, 348, 1, 18, 130, 8914 }, // q
    { 15, 18, 219, 0, 18, 68, 9044 }, // r
    { 17, 19, 286, 0, 18, 81, 9112 }, // s
    { 14, 22, 229, 1, 22, 77, 9193 }, // t
    { 19, 18, 330, 1, 17, 86, 9270 }, // u
    { 18, 17, 304, 2, 17, 77, 9356 }, // v
    { 27, 17, 437, 2, 17, 115, 9433 }, // w
    { 21, 17, 304, -1, 17, 90, 9548 }, // x
    { 20, 25, 323, 1, 17, 125, 9638 }, // y
    { 18, 17, 263, -1, 17, 77, 9763 }, // z
    { 15, 34, 251, 2, 28, 128, 9840 }, // {
    { 10, 28, 146, 0, 24, 70, 9968 }, // |
    { 15, 34, 251, -1, 28, 128, 10038 }, // }
    { 20, 7, 309, 0, 14, 35, 10166 }, // ~
    { 0, 0, 133, 0, 0, 0, 0 }, // U+00A0
    { 9, 25, 166, 0, 18, 57, 0 }, // U+00A1
    { 18, 25, 325, 1, 21, 113, 57 }, // U+00A2
    { 20, 24, 335, 1, 24, 120, 170 }, // U+00A3
    { 17, 16, 299, 1, 18, 68, 290 }, // U+00A4
    { 23, 24, 347, 1, 24, 138, 358 }, // U+00A5
    { 10, 28, 146, 0, 24, 70, 496 }, // U+00A6
    { 21, 32, 330, 0, 24, 168, 566 }, // U+00A7
    { 11, 5, 167, 2, 24, 14, 734 }, // U+00A8
    { 25, 25, 422, 1, 24, 157, 748 }, // U+00A9
    { 15, 13, 270, 3, 24, 49, 905 }, // U+00AA
    { 16, 12, 274, 1, 16, 48, 954 }, // U+00AB
    { 21, 9, 309, 0, 15, 48, 1002 }, // U+00AC
    { 16, 15, 272, 2, 24, 60, 1050 }, // U+00AE
    { 15, 4, 202, 1, 23, 15, 1110 }, // U+00AF
    { 10, 10, 196, 3, 24, 25, 1125 }, // U+00B0
    { 20, 19, 309, 0, 21, 95, 1150 }, // U+00B1
    { 13, 13, 193, 1, 24, 43, 1245 }, // U+00B2
    { 13, 13, 189, 1, 24, 43, 1288 }, // U+00B3
    { 9, 8, 123, 2, 26, 18, 1331 }, // U+00B4
    { 22, 25, 334, -1, 17, 138, 1349 }, // U+00B5
    { 21, 28, 350, 2, 24, 147, 1487 }, // U+00B6
    { 7, 6, 137, 1, 14, 11, 1634 }, // U+00B7
    { 11, 10, 142, -4, 1, 28, 1645 }, // U+00B8
    { 8, 13, 126, 2, 24, 26, 1673 }, // U+00B9
    { 14, 13, 259, 3, 24, 46, 1699 }, // U+00BA
    { 16, 12, 274, 0, 16, 48, 1745 }, // U+00BB
    { 26, 25, 462, 2, 24, 163, 1793 }, // U+00BC
    { 28, 25, 493, 2, 24, 175, 1956 }, // U+00BD
    { 29, 25, 503, 1, 24, 182, 2131 }, // U+00BE
    { 17, 25, 288, -1, 18, 107, 2313 }, // U+00BF
    { 23, 33, 378, -1, 33, 190, 2420 }, // U+00C0
    { 23, 33, 378, -1, 33, 190, 2610 }, // U+00C1
    { 23, 32, 378, -1, 32, 184, 2800 }, // U+00C2
    { 23, 30, 378, -1, 30, 173, 2984 }, // U+00C3
    { 23, 31, 378, -1, 31, 179, 3157 }, // U+00C4
    { 23, 34, 378, -1, 34, 196, 3336 }, // U+00C5
    { 34, 24, 504, -1, 24, 204, 3532 }, // U+00C6
    { 24, 33, 394, 1, 24, 198, 3736 }, // U+00C7
    { 20, 33, 302, 0, 33, 165, 3934 }, // U+00C8
    { 20, 33, 302, 0, 33, 165, 4099 }, // U+00C9
    { 20, 32, 302, 0, 32, 160, 4264 }, // U+00CA
    { 20, 31, 302, 0, 31, 155, 4424 }, // U+00CB
    { 12, 33, 146, 0, 33, 99, 4579 }, // U+00CC
    { 12, 33, 146, 0, 33, 99, 4678 }, // U+00CD
    { 13, 32, 146, 0, 32, 104, 4777 }, // U+00CE
    { 14, 31, 146, 0, 31, 109, 4881 }, // U+00CF
    { 24, 24, 387, 0, 24, 144, 4990 }, // U+00D0
    { 25, 30, 389, 0, 30, 188, 5134 }, // U+00D1
    { 25, 34, 423, 1, 33, 213, 5322 }, // U+00D2
    { 25, 34, 423, 1, 33, 213, 5535 }, // U+00D3
    { 25, 33, 423, 1, 32, 207, 5748 }, // U+00D4
    { 25, 31, 423, 1, 30, 194, 5955 }, // U+00D5
    { 25, 32, 423, 1, 31, 200, 6149 }, // U+00D6
    { 16, 15, 309, 2, 17, 60, 6349 }, // U+00D7
    { 29, 25, 415, -1, 24, 182, 6409 }, // U+00D8
    { 23, 34, 365, 1, 33, 196, 6591 }, // U+00D9
    { 23, 34, 365, 1, 33, 196, 6787 }, // U+00DA
    { 23, 33, 365, 1, 32, 190, 6983 }, // U+00DB
    { 23, 32, 365, 1, 31, 184, 7173 }, // U+00DC
    { 21, 33, 339, 3, 33, 174, 7357 }, // U+00DD
    { 21, 24, 329, 0, 24, 126, 7531 }, // U+00DE
    { 23, 26, 380, 0, 25, 150, 7657 }, // U+00DF
    { 19, 27, 316, 0, 26, 129, 7807 }, // U+00E0
    { 19, 27, 316, 0, 26, 129, 7936 }, // U+00E1
    { 19, 26, 316, 0, 25, 124, 8065 }, // U+00E2
    { 19, 24, 316, 0, 23, 114, 8189 }, // U+00E3
    { 19, 25, 316, 0, 24, 119, 8303 }, // U+00E4
    { 19, 28, 316, 0, 27, 133, 8422 }, // U+00E5
    { 31, 19, 507, 0, 18, 148, 8555 }, // U+00E6
    { 18, 27, 325, 1, 18, 122, 8703 }, // U+00E7
    { 18, 27, 322, 1, 26, 122, 8825 }, // U+00E8
    { 18, 27, 322, 1, 26, 122, 8947 }, // U+00E9
    { 18, 26, 322, 1, 25, 117, 9069 }, // U+00EA
    { 18, 25, 322, 1, 24, 113, 9186 }, // U+00EB
    { 11, 26, 142, 0, 26, 72, 9299 }, // U+00EC
    { 11, 26, 142, 0, 26, 72, 9371 }, // U+00ED
    { 12, 25, 142, 0, 25, 75, 9443 }, // U+00EE
    { 12, 24, 142, 0, 24, 72, 9518 }, // U+00EF
    { 20, 25, 340, 1, 24, 125, 9590 }, // U+00F0
    { 20, 23, 329, 0, 23, 115, 9715 }, // U+00F1
    { 18, 27, 327, 1, 26, 122, 9830 }, // U+00F2
    { 18, 27, 327, 1, 26, 122, 9952 }, // U+00F3
    { 18, 26, 327, 1, 25, 117, 10074 }, // U+00F4
    { 18, 24, 327, 1, 23, 108, 10191 }, // U+00F5
    { 18, 25, 327, 1, 24, 113, 10299 }, // U+00F6
    { 16, 18, 309, 2, 19, 72, 10412 }, // U+00F7
    { 22, 19, 317, -1, 18, 105, 10484 }, // U+00F8
    { 19, 27, 330, 1, 26, 129, 10589 }, // U+00F9
    { 19, 27, 330, 1, 26, 129, 10718 }, // U+00FA
    { 19, 26, 330, 1, 25, 124, 10847 }, // U+00FB
    { 19, 25, 330, 1, 24, 119, 10971 }, // U+00FC
    { 20, 34, 323, 1, 26, 170, 11090 }, // U+00FD
    { 22, 32, 348, -1, 24, 176, 11260 }, // U+00FE
    { 20, 32, 323, 1, 24, 160, 11436 }, // U+00FF
    { 23, 31, 378, -1, 31, 179, 0 }, // U+0100
    { 19, 24, 316, 0, 23, 114, 179 }, // U+0101
    { 23, 32, 378, -1, 32, 184, 293 }, // U+0102
    { 19, 26, 316, 0, 25, 124, 477 }, // U+0103
    { 23, 32, 378, -1, 24, 184, 601 }, // U+0104
    { 19, 26, 316, 0, 18, 124, 785 }, // U+0105
    { 24, 34, 394, 1, 33, 204, 909 }, // U+0106
    { 18, 27, 325, 1, 26, 122, 1113 }, // U+0107
    { 24, 32, 394, 1, 31, 192, 1235 }, // U+010A
    { 18, 25, 325, 1, 24, 113, 1427 }, // U+010B
    { 24, 33, 394, 1, 32, 198, 1540 }, // U+010C
    { 18, 26, 325, 1, 25, 117, 1738 }, // U+010D
    { 23, 32, 379, 0, 32, 184, 1855 }, // U+010E
    { 27, 26, 403, 1, 25, 176, 2039 }, // U+010F
    { 24, 24, 387, 0, 24, 144, 2215 }, // U+0110
    { 24, 25, 363, 1, 24, 150, 2359 }, // U+0111
    { 20, 31, 302, 0, 31, 155, 2509 }, // U+0112
    { 19, 24, 322, 1, 23, 114, 2664 }, // U+0113
    { 20, 32, 302, 0, 32, 160, 2778 }, // U+0114
    { 18, 26, 322, 1, 25, 117, 2938 }, // U+0115
    { 20, 31, 302, 0, 31, 155, 3055 }, // U+0116
    { 18, 25, 322, 1, 24, 113, 3210 }, // U+0117
    { 20, 32, 302, 0, 24, 160, 3323 }, // U+0118
    { 18, 26, 322, 1, 18, 117, 3483 }, // U+0119
    { 20, 32, 302, 0, 32, 160, 3600 }, // U+011A
    { 18, 26, 322, 1, 25, 117, 3760 }, // U+011B
    { 25, 33, 416, 1, 32, 207, 3877 }, // U+011E
    { 22, 33, 302, -2, 25, 182, 4084 }, // U+011F
    { 25, 32, 416, 1, 31, 200, 4266 }, // U+0120
    { 22, 32, 302, -2, 24, 176, 4466 }, // U+0121
    { 25, 34, 416, 1, 24, 213, 4642 }, // U+0122
    { 22, 35, 302, -2, 27, 193, 4855 }, // U+0123
    { 26, 24, 412, 1, 24, 156, 5048 }, // U+0126
    { 20, 24, 346, 1, 24, 120, 5204 }, // U+0127
    { 15, 30, 146, 0, 30, 113, 5324 }, // U+0128
    { 13, 23, 142, 0, 23, 75, 5437 }, // U+0129
    { 15, 31, 146, 0, 31, 117, 5512 }, // U+012A
    { 14, 23, 142, 0, 23, 81, 5629 }, // U+012B
    { 14, 32, 146, 0, 32, 112, 5710 }, // U+012C
    { 13, 25, 142, 0, 25, 82, 5822 }, // U+012D
    { 13, 32, 146, -3, 24, 104, 5904 }, // U+012E
    { 12, 32, 142, -3, 24, 96, 6008 }, // U+012F
    { 11, 31, 146, 0, 31, 86, 6104 }, // U+0130
    { 9, 17, 142, 0, 17, 39, 6190 }, // U+0131
    { 27, 25, 413, 0, 24, 169, 6229 }, // U+0132
    { 18, 33, 283, 0, 25, 149, 6398 }, // U+0133
    { 24, 34, 349, 0, 24, 204, 6547 }, // U+0136
    { 20, 34, 312, 0, 24, 170, 6751 }, // U+0137
    { 17, 33, 298, 0, 33, 141, 6921 }, // U+0139
    { 12, 33, 143, 0, 33, 99, 7062 }, // U+013A
    { 17, 34, 298, 0, 24, 145, 7161 }, // U+013B
    { 11, 34, 143, -1, 24, 94, 7306 }, // U+013C
    { 17, 25, 298, 0, 25, 107, 7400 }, // U+013D
    { 15, 25, 199, 0, 25, 94, 7507 }, // U+013E
    { 17, 24, 298, 0, 24, 102, 7601 }, // U+013F
    { 15, 24, 199, 0, 24, 90, 7703 }, // U+0140
    { 18, 24, 314, 0, 24, 108, 7793 }, // U+0141
    { 12, 24, 160, 0, 24, 72, 7901 }, // U+0142
    { 25, 33, 389, 0, 33, 207, 7973 }, // U+0143
    { 20, 26, 329, 0, 26, 130, 8180 }, // U+0144
    { 25, 34, 389, 0, 24, 213, 8310 }, // U+0145
    { 20, 28, 329, 0, 18, 140, 8523 }, // U+0146
    { 25, 32, 389, 0, 32, 200, 8663 }, // U+0147
    { 20, 25, 329, 0, 25, 125, 8863 }, // U+0148
    { 25, 32, 389, 0, 24, 200, 8988 }, // U+014A
    { 20, 26, 332, 0, 18, 130, 9188 }, // U+014B
    { 25, 32, 423, 1, 31, 200, 9318 }, // U+014C
    { 18, 24, 327, 1, 23, 108, 9518 }, // U+014D
    { 25, 33, 423, 1, 32, 207, 9626 }, // U+014E
    { 18, 26, 327, 1, 25, 117, 9833 }, // U+014F
    { 25, 33, 423, 1, 32, 207, 9950 }, // U+0150
    { 19, 26, 327, 1, 25, 124, 10157 }, // U+0151
    { 37, 25, 585, 1, 24, 232, 10281 }, // U+0152
    { 31, 19, 524, 1, 18, 148, 10513 }, // U+0153
    { 21, 33, 336, 0, 33, 174, 10661 }, // U+0154
    { 15, 26, 219, 0, 26, 98, 10835 }, // U+0155
    { 21, 34, 336, 0, 24, 179, 10933 }, // U+0156
    { 16, 28, 219, -1, 18, 112, 11112 }, // U+0157
    { 21, 32, 336, 0, 32, 168, 11224 }, // U+0158
    { 16, 25, 219, 0, 25, 100, 11392 }, // U+0159
    { 20, 34, 323, 0, 33, 170, 11492 }, // U+015A
    { 17, 27, 286, 0, 26, 115, 11662 }, // U+015B
    { 20, 33, 323, 0, 24, 165, 11777 }, // U+015E
    { 17, 27, 286, 0, 18, 115, 11942 }, // U+015F
    { 20, 33, 323, 0, 32, 165, 12057 }, // U+0160
    { 17, 26, 286, 0, 25, 111, 12222 }, // U+0161
    { 20, 33, 319, 2, 24, 165, 12333 }, // U+0162
    { 14, 31, 229, 1, 22, 109, 12498 }, // U+0163
    { 20, 31, 319, 2, 31, 155, 12607 }, // U+0164
    { 16, 27, 229, 1, 27, 108, 12762 }, // U+0165
    { 23, 31, 365, 1, 30, 179, 12870 }, // U+0168
    { 19, 24, 330, 1, 23, 114, 13049 }, // U+0169
    { 23, 32, 365, 1, 31, 184, 13163 }, // U+016A
    { 19, 24, 330, 1, 23, 114, 13347 }, // U+016B
    { 23, 33, 365, 1, 32, 190, 13461 }, // U+016C
    { 19, 26, 330, 1, 25, 124, 13651 }, // U+016D
    { 23, 35, 365, 1, 34, 202, 13775 }, // U+016E
    { 19, 28, 330, 1, 27, 133, 13977 }, // U+016F
    { 23, 33, 365, 1, 32, 190, 14110 }, // U+0170
    { 19, 26, 330, 1, 25, 124, 14300 }, // U+0171
    { 23, 32, 365, 1, 24, 184, 14424 }, // U+0172
    { 19, 25, 330, 1, 17, 119, 14608 }, // U+0173
    { 33, 32, 542, 3, 32, 264, 14727 }, // U+0174
    { 27, 25, 437, 2, 25, 169, 14991 }, // U+0175
    { 21, 32, 339, 3, 32, 168, 15160 }, // U+0176
    { 20, 33, 323, 1, 25, 165, 15328 }, // U+0177
    { 21, 31, 339, 3, 31, 163, 15493 }, // U+0178
    { 21, 33, 308, 0, 33, 174, 15656 }, // U+0179
    { 18, 26, 263, -1, 26, 117, 15830 }, // U+017A
    { 21, 31, 308, 0, 31, 163, 15947 }, // U+017B
    { 18, 24, 263, -1, 24, 108, 16110 }, // U+017C
    { 21, 32, 308, 0, 32, 168, 16218 }, // U+017D
    { 18, 25, 263, -1, 25, 113, 16386 }, // U+017E
    { 34, 33, 504, -1, 33, 281, 0 }, // U+01FC
    { 31, 27, 507, 0, 26, 210, 281 }, // U+01FD
    { 20, 34, 323, 0, 24, 170, 491 }, // U+0218
    { 17, 28, 286, 0, 18, 119, 661 }, // U+0219
    { 20, 34, 319, 2, 24, 170, 780 }, // U+021A
    { 14, 32, 229, 1, 22, 112, 950 }, // U+021B
    { 9, 8, 0, 2, 26, 18, 0 }, // U+0300
    { 9, 8, 0, 2, 26, 18, 18 }, // U+0301
    { 12, 7, 0, 1, 25, 21, 36 }, // U+0302
    { 14, 5, 0, 1, 23, 18, 57 }, // U+0303
    { 15, 4, 0, 1, 23, 15, 75 }, // U+0304
    { 12, 7, 0, 2, 25, 21, 90 }, // U+0306
    { 5, 6, 0, 2, 24, 8, 111 }, // U+0307
    { 11, 5, 0, 2, 24, 14, 119 }, // U+0308
    { 9, 9, 0, 2, 27, 21, 133 }, // U+030A
    { 15, 7, 0, 1, 25, 27, 154 }, // U+030B
    { 11, 7, 0, 2, 25, 20, 181 }, // U+030C
    { 6, 9, 0, 2, 27, 14, 201 }, // U+0312
    { 6, 9, 0, -3, -1, 14, 215 }, // U+0326
    { 11, 10, 0, -4, 1, 28, 229 }, // U+0327
    { 9, 11, 0, -3, 3, 25, 257 }, // U+0328
    { 20, 30, 302, 0, 30, 150, 0 }, // U+1EBC
    { 18, 24, 322, 1, 23, 108, 150 }, // U+1EBD
    { 21, 33, 339, 3, 33, 174, 258 }, // U+1EF2
    { 20, 34, 323, 1, 26, 170, 432 }, // U+1EF3
    { 21, 30, 339, 3, 30, 158, 602 }, // U+1EF8
    { 20, 31, 323, 1, 23, 155, 760 }, // U+1EF9
    { 20, 5, 348, 2, 12, 25, 0 }, // U+2013
    { 27, 5, 466, 2, 12, 34, 25 }, // U+2014
    { 9, 10, 148, 2, 24, 23, 59 }, // U+2018
    { 9, 10, 148, 2, 24, 23, 82 }, // U+2019
    { 9, 9, 136, -2, 5, 21, 105 }, // U+201A
    { 16, 10, 255, 2, 24, 40, 126 }, // U+201C
    { 16, 10, 255, 2, 24, 40, 166 }, // U+201D
    { 16, 9, 245, -2, 5, 36, 206 }, // U+201E
    { 19, 36, 322, 2, 27, 171, 242 }, // U+2020
    { 22, 36, 323, -1, 27, 198, 413 }, // U+2021
    { 10, 10, 209, 2, 16, 25, 611 }, // U+2022
    { 21, 6, 368, 0, 5, 32, 636 }, // U+2026
    { 40, 25, 688, 2, 24, 250, 668 }, // U+2030
    { 9, 12, 165, 1, 16, 27, 918 }, // U+2039
    { 10, 12, 164, 0, 16, 30, 945 }, // U+203A
    { 22, 24, 273, -2, 24, 132, 975 }, // U+2044
    { 12, 13, 187, 1, 24, 39, 0 }, // U+2074
    { 36, 25, 591, 0, 24, 225, 0 }, // U+20A8
    { 27, 25, 424, 0, 24, 169, 225 }, // U+20AC
    { 21, 25, 328, 1, 24, 132, 394 }, // U+20B9
    { 27, 25, 440, 0, 24, 169, 526 }, // U+20BA
    { 23, 24, 350, 0, 24, 138, 695 }, // U+20BD
    { 24, 25, 404, 1, 24, 150, 0 }, // U+2190
    { 28, 24, 453, 1, 24, 168, 150 }, // U+2191
    { 24, 25, 404, 1, 24, 150, 318 }, // U+2192
    { 28, 24, 453, 1, 24, 168, 468 }, // U+2193
    { 30, 25, 494, 1, 24, 188, 636 }, // U+2194
    { 25, 24, 437, 2, 24, 150, 824 }, // U+2195
    { 20, 20, 365, 2, 21, 100, 974 }, // U+2196
    { 20, 20, 377, 2, 21, 100, 1074 }, // U+2197
    { 20, 20, 365, 2, 21, 100, 1174 }, // U+2198
    { 20, 20, 377, 2, 21, 100, 1274 }, // U+2199
    { 21, 26, 317, 0, 25, 137, 0 }, // U+2202
    { 24, 24, 382, -1, 24, 144, 137 }, // U+2206
    { 26, 24, 394, 1, 24, 156, 281 }, // U+220F
    { 20, 26, 267, -1, 24, 130, 437 }, // U+2211
    { 16, 5, 309, 2, 12, 20, 567 }, // U+2212
    { 19, 30, 227, -2, 26, 143, 587 }, // U+2215
    { 32, 32, 423, 0, 30, 256, 730 }, // U+221A
    { 23, 11, 395, 1, 15, 64, 986 }, // U+221E
    { 20, 40, 148, -5, 32, 200, 1050 }, // U+222B
    { 21, 15, 309, -1, 17, 79, 1250 }, // U+2248
    { 18, 17, 309, 1, 18, 77, 1329 }, // U+2260
    { 17, 20, 309, 2, 22, 85, 1406 }, // U+2264
    { 16, 20, 309, 2, 22, 80, 1491 }, // U+2265
    { 20, 25, 326, 1, 25, 125, 0 }, // U+FB01
    { 21, 24, 341, 1, 24, 126, 125 }, // U+FB02
};

static const EpdUnicodeInterval dmsans_16_bolditalicIntervals[] = {
    { 0xD, 0xD, 0x0 },
    { 0x20, 0x7E, 0x1 },
    { 0xA0, 0xAC, 0x60 },
    { 0xAE, 0x107, 0x6D },
    { 0x10A, 0x11B, 0xC7 },
    { 0x11E, 0x123, 0xD9 },
    { 0x126, 0x133, 0xDF },
    { 0x136, 0x137, 0xED },
    { 0x139, 0x148, 0xEF },
    { 0x14A, 0x15B, 0xFF },
    { 0x15E, 0x165, 0x111 },
    { 0x168, 0x17E, 0x119 },
    { 0x1FC, 0x1FD, 0x130 },
    { 0x218, 0x21B, 0x132 },
    { 0x300, 0x304, 0x136 },
    { 0x306, 0x308, 0x13B },
    { 0x30A, 0x30C, 0x13E },
    { 0x312, 0x312, 0x141 },
    { 0x326, 0x328, 0x142 },
    { 0x1EBC, 0x1EBD, 0x145 },
    { 0x1EF2, 0x1EF3, 0x147 },
    { 0x1EF8, 0x1EF9, 0x149 },
    { 0x2013, 0x2014, 0x14B },
    { 0x2018, 0x201A, 0x14D },
    { 0x201C, 0x201E, 0x150 },
    { 0x2020, 0x2022, 0x153 },
    { 0x2026, 0x2026, 0x156 },
    { 0x2030, 0x2030, 0x157 },
    { 0x2039, 0x203A, 0x158 },
    { 0x2044, 0x2044, 0x15A },
    { 0x2074, 0x2074, 0x15B },
    { 0x20A8, 0x20A8, 0x15C },
    { 0x20AC, 0x20AC, 0x15D },
    { 0x20B9, 0x20BA, 0x15E },
    { 0x20BD, 0x20BD, 0x160 },
    { 0x2190, 0x2199, 0x161 },
    { 0x2202, 0x2202, 0x16B },
    { 0x2206, 0x2206, 0x16C },
    { 0x220F, 0x220F, 0x16D },
    { 0x2211, 0x2212, 0x16E },
    { 0x2215, 0x2215, 0x170 },
    { 0x221A, 0x221A, 0x171 },
    { 0x221E, 0x221E, 0x172 },
    { 0x222B, 0x222B, 0x173 },
    { 0x2248, 0x2248, 0x174 },
    { 0x2260, 0x2260, 0x175 },
    { 0x2264, 0x2265, 0x176 },
    { 0xFB01, 0xFB02, 0x178 },
};

static const EpdFontGroup dmsans_16_bolditalicGroups[] = {
    { 0, 4481, 10989, 96, 0 },
    { 4481, 3676, 12397, 95, 96 },
    { 8157, 4290, 17685, 113, 191 },
    { 12447, 516, 1121, 6, 304 },
    { 12963, 241, 328, 15, 310 },
    { 13204, 362, 973, 6, 325 },
    { 13566, 554, 1191, 16, 331 },
    { 14120, 41, 39, 1, 347 },
    { 14161, 462, 869, 5, 348 },
    { 14623, 603, 1404, 10, 353 },
    { 15226, 678, 1645, 13, 363 },
    { 15904, 146, 269, 2, 376 },
};

static const uint16_t dmsans_16_bolditalicKernLeftCodepoints[] = {
    0x0021, 0x0022, 0x0024, 0x0026, 0x0027, 0x0028, 0x002A, 0x002B, 0x002C, 0x002D, 0x002E, 0x002F,
    0x0030, 0x0031, 0x0032, 0x0033, 0x0034, 0x0035, 0x0036, 0x0037, 0x0038, 0x0039, 0x003A, 0x003B,
    0x003C, 0x003E, 0x003F, 0x0040, 0x0041, 0x0042, 0x0043, 0x0044, 0x0045, 0x0046, 0x0047, 0x0048,
    0x0049, 0x004A, 0x004B, 0x004C, 0x004D, 0x004E, 0x004F, 0x0050, 0x0051, 0x0052, 0x0053, 0x0054,
    0x0055, 0x0056, 0x0057, 0x0058, 0x0059, 0x005A, 0x005B, 0x005C, 0x005D, 0x005F, 0x0061, 0x0062,
    0x0063, 0x0064, 0x0065, 0x0066, 0x0067, 0x0068, 0x006A, 0x006B, 0x006C, 0x006D, 0x006E, 0x006F,
    0x0070, 0x0071, 0x0072, 0x0073, 0x0074, 0x0076, 0x0077, 0x0078, 0x0079, 0x007A, 0x007B, 0x007C,
    0x007D, 0x00A1, 0x00A5, 0x00A6, 0x00AB, 0x00B3, 0x00B9, 0x00BF, 0x00C0, 0x00C1, 0x00C2, 0x00C3,
    0x00C4, 0x00C5, 0x00C6, 0x00C7, 0x00C8, 0x00C9, 0x00CA, 0x00CB, 0x00CC, 0x00CD, 0x00CE, 0x00CF,
    0x00D0, 0x00D1, 0x00D2, 0x00D3, 0x00D4, 0x00D5, 0x00D6, 0x00D7, 0x00D8, 0x00D9, 0x00DA, 0x00DB,
    0x00DC, 0x00DD, 0x00DE, 0x00DF, 0x00E0, 0x00E1, 0x00E2, 0x00E3, 0x00E4, 0x00E5, 0x00E6, 0x00E7,
    0x00E8, 0x00E9, 0x00EA, 0x00EB, 0x00ED, 0x00F0, 0x00F1, 0x00F2, 0x00F3, 0x00F4, 0x00F5, 0x00F6,
    0x00F7, 0x00FD, 0x00FE, 0x00FF, 0x0100, 0x0101, 0x0102, 0x0103, 0x0104, 0x0105, 0x0106, 0x0107,
    0x010A, 0x010B, 0x010C, 0x010D, 0x010E, 0x010F, 0x0110, 0x0111, 0x0112, 0x0113, 0x0114, 0x0115,
    0x0116, 0x0117, 0x0118, 0x0119, 0x011A, 0x011B, 0x011E, 0x011F, 0x0120, 0x0121, 0x0122, 0x0123,
    0x0128, 0x0129, 0x012A, 0x012B, 0x012C, 0x012D, 0x012E, 0x0130, 0x0136, 0x0137, 0x0139, 0x013A,
    0x013B, 0x013C, 0x013D, 0x013E, 0x013F, 0x0141, 0x0142, 0x0143, 0x0144, 0x0145, 0x0146, 0x0147,
    0x0148, 0x014C, 0x014D, 0x014E, 0x014F, 0x0150, 0x0151, 0x0152, 0x0153, 0x0154, 0x0155, 0x0156,
    0x0157, 0x0158, 0x0159, 0x015A, 0x015B, 0x015E, 0x015F, 0x0160, 0x0161, 0x0162, 0x0163, 0x0164,
    0x0165, 0x0168, 0x016A, 0x016C, 0x016E, 0x0170, 0x0172, 0x0174, 0x0175, 0x0176, 0x0177, 0x0178,
    0x0179, 0x017A, 0x017B, 0x017C, 0x017D, 0x017E, 0x01FC, 0x01FD, 0x0218, 0x0219, 0x021A, 0x021B,
    0x1EBC, 0x1EBD, 0x1EF2, 0x1EF3, 0x1EF8, 0x1EF9, 0x2013, 0x2014, 0x2018, 0x2019, 0x201A, 0x201C,
    0x201D, 0x201E, 0x2026, 0x2039, 0x20A8, 0x20AC, 0x20BD, 0x2212, 0x221A, 0xFB02,
};

static const uint8_t dmsans_16_bolditalicKernLeftClassIds[] = {
      1,   2,   3,   4,   2,   5,   6,   7,   8,   9,  10,  11,  12,  13,  14,  15,
     16,  17,  18,  19,  20,  21,  22,  23,  24,  25,  26,  27,  28,  29,  30,  31,
     32,  33,  34,  13,  13,  35,  36,  37,  13,  13,  31,  38,  39,  40,   3,  41,
     42,  43,  44,  45,  46,  47,  48,  49,  50,  51,  52,  53,  54,  55,  56,  57,
     58,  59,  60,  61,  55,  59,  59,  53,  53,  62,  63,  64,  65,  66,  67,  68,
     69,  55,  70,  13,  71,  72,  73,  13,  74,  75,  76,  77,  28,  28,  28,  28,
     28,  28,  32,  30,  32,  32,  32,  32,  13,  13,  13,  13,  31,  13,  31,  31,
     31,  31,  31,  78,  79,  42,  42,  42,  42,  46,  80,  81,  52,  52,  52,  52,
     52,  52,  56,  54,  56,  56,  56,  56,  82,  83,  59,  53,  53,  53,  53,  53,
     84,  69,  53,  69,  28,  52,  28,  52,  28,  52,  30,  54,  30,  54,  30,  54,
     31,  85,  31,  86,  32,  56,  32,  56,  32,  56,  32,  56,  32,  56,  34,  58,
     34,  58,  34,  58,  13,  87,  13,  88,  13,  89,  13,  13,  36,  61,  37,  55,
     37,  55,  90,  85,  37,  37,  91,  13,  59,  13,  59,  13,  59,  31,  53,  31,
     53,  31,  53,  32,  56,  40,  63,  40,  63,  40,  63,   3,  64,   3,  64,   3,
     64,  41,  65,  41,  65,  42,  42,  42,  42,  42,  42,  44,  67,  46,  69,  46,
     47,  55,  47,  55,  47,  55,  32,  56,   3,  64,  41,  65,  32,  56,  46,  69,
     46,  69,   9,   9,  92,  93,  94,  92,  93,  94,  10,  74,  64,  30,  95,   9,
     96,  55,
};

static const uint16_t dmsans_16_bolditalicKernRightCodepoints[] = {
    0x0021, 0x0022, 0x0023, 0x0024, 0x0025, 0x0026, 0x0027, 0x0029, 0x002A, 0x002B, 0x002C, 0x002D,
    0x002E, 0x002F, 0x0030, 0x0031, 0x0032, 0x0033, 0x0034, 0x0035, 0x0036, 0x0037, 0x0038, 0x0039,
    0x003A, 0x003B, 0x003C, 0x003E, 0x003F, 0x0040, 0x0041, 0x0042, 0x0043, 0x0044, 0x0045, 0x0046,
    0x0047, 0x0048, 0x0049, 0x004A, 0x004B, 0x004C, 0x004D, 0x004E, 0x004F, 0x0050, 0x0051, 0x0052,
    0x0053, 0x0054, 0x0055, 0x0056, 0x0057, 0x0058, 0x0059, 0x005A, 0x005B, 0x005C, 0x005D, 0x005F,
    0x0061, 0x0062, 0x0063, 0x0064, 0x0065, 0x0066, 0x0067, 0x0068, 0x0069, 0x006A, 0x006B, 0x006C,
    0x006D, 0x006E, 0x006F, 0x0070, 0x0071, 0x0072, 0x0073, 0x0074, 0x0075, 0x0076, 0x0077, 0x0078,
    0x0079, 0x007A, 0x007B, 0x007C, 0x007D, 0x00A1, 0x00A2, 0x00A6, 0x00AB, 0x00BF, 0x00C0, 0x00C1,
    0x00C2, 0x00C3, 0x00C4, 0x00C5, 0x00C6, 0x00C7, 0x00C8, 0x00C9, 0x00CA, 0x00CB, 0x00CC, 0x00CD,
    0x00CE, 0x00CF, 0x00D1, 0x00D2, 0x00D3, 0x00D4, 0x00D5, 0x00D6, 0x00D7, 0x00D8, 0x00D9, 0x00DA,
    0x00DB, 0x00DC, 0x00DD, 0x00DE, 0x00DF, 0x00E0, 0x00E1, 0x00E2, 0x00E3, 0x00E4, 0x00E5, 0x00E6,
    0x00E7, 0x00E8, 0x00E9, 0x00EA, 0x00EB, 0x00EC, 0x00ED, 0x00EE, 0x00EF, 0x00F0, 0x00F1, 0x00F2,
    0x00F3, 0x00F4, 0x00F5, 0x00F6, 0x00F7, 0x00F8, 0x00F9, 0x00FA, 0x00FB, 0x00FC, 0x00FD, 0x00FE,
    0x00FF, 0x0100, 0x0101, 0x0102, 0x0103, 0x0104, 0x0105, 0x0106, 0x0107, 0x010A, 0x010B, 0x010C,
    0x010D, 0x010E, 0x010F, 0x0111, 0x0112, 0x0113, 0x0114, 0x0115, 0x0116, 0x0117, 0x0118, 0x0119,
    0x011A, 0x011B, 0x011E, 0x011F, 0x0120, 0x0121, 0x0122, 0x0123, 0x0128, 0x0129, 0x012A, 0x012B,
    0x012C, 0x012D, 0x012F, 0x0130, 0x0131, 0x0136, 0x0137, 0x0139, 0x013A, 0x013B, 0x013C, 0x013D,
    0x013E, 0x013F, 0x0140, 0x0141, 0x0142, 0x0143, 0x0144, 0x0145, 0x0146, 0x0147, 0x0148, 0x014C,
    0x014D, 0x014E, 0x014F, 0x0150, 0x0151, 0x0152, 0x0153, 0x0154, 0x0155, 0x0156, 0x0157, 0x0158,
    0x0159, 0x015A, 0x015B, 0x015E, 0x015F, 0x0160, 0x0161, 0x0162, 0x0163, 0x0164, 0x0165, 0x0168,
    0x0169, 0x016A, 0x016B, 0x016C, 0x016D, 0x016E, 0x016F, 0x0170, 0x0171, 0x0172, 0x0173, 0x0174,
    0x0175, 0x0176, 0x0177, 0x0178, 0x0179, 0x017A, 0x017B, 0x017C, 0x017D, 0x017E, 0x01FC, 0x01FD,
    0x0218, 0x0219, 0x021A, 0x021B, 0x1EBC, 0x1EBD, 0x1EF2, 0x1EF3, 0x1EF8, 0x1EF9, 0x2013, 0x2014,
    0x2018, 0x2019, 0x201A, 0x201C, 0x201D, 0x201E, 0x2026, 0x2030, 0x2039, 0x2044, 0x20A8, 0x20BD,
    0x2212, 0x221A,
};

static const uint8_t dmsans_16_bolditalicKernRightClassIds[] = {
      1,   2,   3,   4,   5,   6,   7,   8,   9,  10,  11,  12,  13,  14,  15,  16,
     17,  18,  19,  20,  21,  22,  23,  24,  25,  26,  27,  28,  29,  30,  31,  32,
     33,  32,  32,  32,  34,  32,  32,  35,  32,  32,  32,  32,  36,  32,  34,  32,
      4,  37,  38,  39,  40,  41,  42,  43,  44,  45,  46,  47,  48,  49,  50,  51,
     52,  53,  54,  49,  55,  56,  49,  49,  57,  58,  59,  60,  61,  62,  63,  64,
     65,  66,  67,  68,  69,  70,  71,  32,  72,  73,  74,  32,  75,  76,  77,  77,
     77,  77,  77,  77,  78,  34,  32,  32,  32,  32,  79,  32,  80,  81,  32,  34,
     34,  34,  34,  34,  82,  83,  84,  84,  84,  84,  85,  32,  86,  87,  87,  87,
     87,  87,  87,  87,  88,  88,  88,  88,  88,  89,  57,  90,  91,  88,  57,  88,
     88,  88,  88,  88,  92,  93,  94,  94,  94,  94,  69,  86,  69,  77,  87,  77,
     87,  77,  87,  34,  88,  34,  88,  34,  88,  32,  88,  88,  32,  88,  32,  88,
     32,  88,  32,  88,  32,  88,  34,  54,  34,  54,  34,  54,  32,  95,  96,  97,
     32,  98,  57,  32,  57,  32,  49,  32,  49,  32,  49,  32,  49,  32,  49,  99,
    100,  32,  57,  32,  57,  32,  57,  34,  88,  34,  88,  34,  88,  34,  88,  32,
     57,  32,  57,  32,  57,   4, 101,   4, 101,   4, 101, 102,  64, 102,  64,  84,
     94,  84,  94,  84,  94,  84,  94,  84,  94,  84,  94, 103,  67,  85,  69,  85,
     43,  70,  43,  70,  43,  70,  78,  87,   4, 101, 102,  64,  32,  88,  85,  69,
     85,  69, 104, 104, 105, 106, 107, 105, 106, 107, 108,   5,  75, 109,  32, 110,
    104, 111,
};

static const uint16_t dmsans_16_bolditalicKernRowOffsets[] = {
        0,     4,    24,    34,    58,    80,   108,   119,   136,   148,   174,   229,   252,   254,   290,   311,
      327,   348,   374,   430,   457,   484,   487,   491,   494,   499,   517,   556,   606,   619,   631,   653,
      658,   681,   684,   688,   725,   765,   793,   802,   822,   877,   886,   933,   985,  1016,  1076,  1089,
     1090,  1125,  1127,  1153,  1159,  1180,  1186,  1187,  1199,  1211,  1219,  1229,  1230,  1243,  1245,  1259,
     1279,  1287,  1306,  1321,  1329,  1350,  1360,  1371,  1378,  1379,  1380,  1381,  1382,  1403,  1415,  1419,
     1432,  1436,  1452,  1453,  1455,  1456,  1478,  1489,  1516,  1520,  1560,  1562,  1572,  1583,  1585,  1587,
     1588,
};

static const uint8_t dmsans_16_bolditalicKernSparseCols[] = {
      8,  88,  94,  96,  16,  18,  19,  21,  29,  30,  34,  44,  49,  50,  51,  58,
     60,  62,  63,  76,  77,  87,  94,  96,  23,  36,  38,  39,  41,  84,  94,  96,
    101, 102,   1,   4,   6,   8,  18,  23,  28,  32,  33,  35,  36,  37,  38,  39,
     41,  44,  65,  66,  68,  83,  84, 101, 102, 105,   5,  14,  18,  20,  22,  23,
     29,  30,  32,  33,  35,  47,  49,  50,  51,  58,  60,  62,  76,  86,  87, 100,
      0,   5,  13,  18,  19,  20,  22,  29,  30,  32,  33,  34,  35,  47,  49,  50,
     51,  58,  60,  62,  75,  76,  77,  86,  87,  94,  96, 100,  13,  21,  30,  36,
     38,  39,  41,  76,  84, 101, 102,   4,  28,  32,  33,  35,  36,  38,  39,  41,
     44,  63,  65,  66,  68,  84, 101, 102,  13,  21,  30,  36,  38,  39,  41,  44,
     76,  84, 101, 102,   4,  14,  15,  20,  21,  23,  26,  28,  29,  32,  33,  35,
     36,  37,  38,  39,  41,  44,  65,  66,  68,  70,  83,  84, 101, 102,   5,   9,
     10,  11,  12,  13,  14,  17,  18,  19,  20,  22,  23,  29,  31,  32,  33,  34,
     35,  36,  38,  39,  41,  46,  47,  49,  50,  51,  53,  56,  57,  58,  60,  61,
     62,  75,  78,  79,  80,  82,  84,  86,  87,  88,  89,  90,  95,  96,  97, 100,
    101, 102, 103, 106, 107,   1,   6,   7,  12,  13,  15,  16,  21,  30,  36,  38,
     39,  40,  41,  44,  46,  76,  77,  84,  96, 101, 102, 107,  94,  96,   1,   2,
      6,   9,  14,  18,  19,  21,  22,  23,  29,  32,  33,  35,  36,  38,  39,  41,
     49,  50,  51,  52,  58,  60,  62,  65,  67,  81,  84,  87,  91,  96, 100, 101,
    102, 109,   1,   6,   8,  13,  15,  21,  23,  29,  30,  36,  38,  39,  40,  41,
     44,  76,  77,  84,  96, 101, 102,   1,   4,   5,   6,   8,  21,  36,  38,  39,
     41,  42,  65,  84, 101, 102, 110,   1,   2,   6,   8,  13,  16,  21,  23,  30,
     36,  39,  40,  41,  46,  66,  76,  84,  96, 101, 102, 105,   1,   4,   6,   7,
      8,  12,  13,  19,  21,  23,  29,  30,  36,  38,  39,  40,  41,  44,  46,  76,
     77,  84,  96, 101, 102, 107,   1,   3,   5,   6,   9,  10,  11,  12,  13,  14,
     15,  16,  17,  18,  19,  20,  26,  29,  30,  32,  33,  34,  35,  38,  39,  41,
     46,  47,  49,  50,  51,  52,  53,  58,  59,  60,  62,  66,  73,  74,  75,  76,
     81,  82,  84,  86,  87,  91,  94,  96,  97, 100, 102, 103, 106, 107,   1,   6,
      7,   8,  13,  15,  16,  19,  21,  23,  29,  30,  36,  38,  39,  40,  41,  44,
     46,  66,  76,  77,  84,  96, 101, 102, 105,   1,   6,   7,  12,  13,  15,  16,
     17,  19,  21,  29,  30,  36,  38,  39,  40,  41,  44,  46,  76,  77,  84,  96,
     98, 101, 102, 107,  38,  41,  84,  36,  41,  84, 101,   7,  21,  29,   7,  12,
     21,  29, 107,   7,  10,  12,  13,  29,  30,  34,  40,  46,  75,  76,  77,  88,
     94,  96,  97, 106, 107,   1,   4,   6,   7,   8,  10,  12,  13,  15,  16,  17,
     19,  20,  21,  22,  23,  25,  26,  27,  28,  30,  36,  38,  39,  40,  41,  44,
     46,  66,  68,  71,  76,  77,  84, 101, 102, 104, 105, 107,   1,   3,   6,   7,
      8,   9,  11,  14,  15,  17,  18,  19,  20,  21,  22,  23,  28,  29,  32,  33,
     35,  36,  37,  38,  39,  41,  44,  49,  50,  51,  52,  58,  60,  62,  63,  64,
     65,  66,  68,  69,  70,  81,  83,  84,  87,  93, 100, 101, 102, 103,  23,  30,
     36,  38,  39,  40,  41,  76,  77,  84,  96, 101, 102,   7,  36,  38,  39,  40,
     41,  77,  84,  94,  96, 101, 102,   7,   8,  10,  12,  13,  16,  21,  30,  36,
     38,  39,  40,  41,  44,  46,  71,  76,  77,  84, 101, 102, 107,   5,  65,  94,
     96,  97,  10,  12,  22,  29,  30,  34,  46,  47,  49,  50,  51,  57,  58,  60,
     62,  76,  81,  86,  87,  96,  97, 100, 107,  41,  84,  96,  30,  76,  88,  96,
      5,   8,   9,  11,  14,  17,  18,  20,  22,  23,  28,  29,  32,  33,  34,  35,
     47,  49,  50,  51,  58,  60,  62,  63,  64,  65,  66,  68,  74,  86,  87,  88,
     93,  96,  97, 100, 103,   1,   3,   4,   6,   8,   9,  11,  14,  15,  18,  19,
     20,  21,  23,  28,  29,  32,  33,  35,  36,  37,  38,  39,  41,  44,  49,  50,
     51,  58,  60,  63,  65,  66,  68,  83,  84,  87, 101, 102, 103,   3,   5,   7,
     10,  12,  13,  18,  19,  22,  29,  30,  34,  40,  41,  42,  46,  49,  50,  51,
     53,  58,  60,  76,  77,  84,  87,  94, 107,  37,  38,  40,  41,  64,  66,  83,
     84,  93,   9,  18,  19,  22,  36,  38,  39,  41,  49,  50,  51,  58,  60,  62,
     84,  87,  94,  96, 100, 102,   5,   9,  10,  11,  12,  13,  14,  18,  23,  24,
     25,  28,  29,  30,  32,  33,  34,  35,  44,  46,  47,  49,  50,  51,  53,  54,
     56,  57,  58,  59,  60,  61,  62,  63,  64,  65,  66,  67,  68,  69,  70,  72,
     75,  76,  77,  81,  86,  87,  89,  92,  93,  96, 100, 103, 107,  12,  13,  30,
     46,  76,  77,  94,  96, 107,   5,   9,  10,  11,  12,  13,  14,  16,  18,  19,
     20,  21,  22,  23,  24,  29,  30,  32,  33,  34,  35,  44,  46,  47,  49,  50,
     51,  53,  56,  57,  58,  60,  61,  62,  64,  72,  76,  77,  81,  86,  87,  89,
     96,  97, 100, 103, 107,   5,   9,  10,  11,  12,  13,  14,  16,  17,  18,  19,
     20,  22,  23,  25,  29,  30,  32,  33,  34,  35,  46,  47,  49,  50,  51,  53,
     56,  57,  58,  60,  61,  62,  64,  65,  70,  72,  76,  77,  81,  82,  86,  87,
     89,  92,  93,  94,  96,  97, 100, 103, 107,  14,  17,  18,  19,  20,  22,  23,
     28,  29,  32,  33,  35,  47,  49,  50,  51,  58,  60,  62,  64,  65,  66,  68,
     81,  86,  87,  93,  94,  96,  97, 100,   1,   5,   6,   9,  10,  11,  12,  13,
     14,  16,  17,  18,  19,  20,  21,  22,  23,  24,  25,  29,  30,  32,  33,  34,
     35,  46,  47,  49,  50,  51,  53,  56,  57,  58,  60,  61,  62,  63,  64,  65,
     66,  68,  69,  70,  72,  75,  76,  77,  81,  82,  86,  87,  89,  93,  94,  96,
     97, 100, 103, 107,  18,  32,  33,  35,  49,  50,  51,  58,  60,  87,  94,  96,
     97,  96,   1,   6,  10,  11,  14,  20,  21,  22,  23,  28,  29,  32,  33,  35,
     36,  37,  38,  39,  41,  44,  46,  49,  50,  51,  58,  60,  83,  84,  87, 101,
    102, 103, 104, 105, 106,  94,  96,   5,   8,  14,  15,  18,  19,  20,  21,  22,
     23,  28,  29,  32,  33,  35,  36,  37,  38,  39,  41,  44,  55,  83,  84, 101,
    102,   8,  21,  44,  65,  66,  68,   1,   6,   7,   8,  13,  15,  21,  23,  28,
     36,  38,  39,  41,  44,  53,  63,  65,  66,  67,  68,  71,   7,   8,  21,  28,
     44,  65,  96,   1,   6,   8,  21,  23,  28,  44,  53,  65,  66,  67,  68,  12,
     18,  47,  53,  62,  86,  88,  94,  96,  97, 100, 107,  49,  50,  51,  55,  58,
     60,  65,  87,   1,   6,   8,  15,  21,  38,  44,  65,  66,  68,  94,  22,  23,
     29,  47,  49,  50,  51,  58,  60,  62,  86,  87, 100,  44,  55,  10,  11,  12,
     16,  17,  24,  49,  50,  51,  58,  60,  87,  92, 107,   7,   8,  15,  16,  19,
     21,  23,  28,  44,  49,  50,  51,  52,  58,  60,  63,  65,  66,  68,  87,  10,
     16,  49,  50,  51,  58,  60,  87,  10,  12,  16,  29,  47,  49,  50,  51,  52,
     53,  58,  60,  62,  63,  75,  86,  87, 100, 107,  10,  12,  22,  29,  47,  49,
     50,  51,  53,  58,  60,  75,  86,  87, 107,  47,  49,  50,  51,  58,  60,  86,
     87,   5,  10,  12,  13,  18,  21,  29,  47,  49,  50,  51,  53,  58,  60,  62,
     75,  81,  86,  87, 100, 107,  29,  32,  33,  35,  49,  50,  51,  58,  60,  87,
     12,  30,  36,  39,  41,  76,  77,  84, 101, 102, 107,  36,  38,  39,  41,  84,
    101, 102,  21,  21, 108, 108,   4,   8,  19,  20,  21,  23,  28,  36,  41,  44,
     49,  50,  51,  58,  60,  65,  69,  84,  87, 101, 106,  21,  30,  36,  38,  39,
     40,  41,  76,  77,  84, 101, 102,  13,  46,  88,  96,   7,  12,  30,  36,  38,
     39,  40,  41,  76,  84, 101, 102, 107,   8,  21,  65,  68,   0,   7,   8,  28,
     43,  44,  45,  48,  52,  71,  90,  94,  96,  99, 104, 105,  96,  15,  21,  75,
      1,   6,   7,   8,  13,  15,  21,  23,  28,  36,  38,  39,  41,  44,  53,  63,
     65,  66,  67,  68,  71,  96,   0,   1,   6,   8,  28,  43,  48,  52,  55, 104,
    105,   0,   1,   6,   8,  14,  15,  16,  17,  19,  22,  23,  28,  31,  43,  44,
     45,  48,  52,  69,  78,  79,  80,  85,  95,  99, 104, 105,  15,  21,  28,  44,
      1,   3,   4,   6,   8,   9,  11,  14,  15,  18,  19,  20,  21,  23,  28,  29,
     32,  33,  35,  36,  37,  38,  39,  41,  44,  49,  50,  51,  58,  60,  63,  65,
     66,  68,  83,  84,  87, 101, 102, 103,  75,  96,  13,  18,  19,  22,  29,  34,
     75,  94,  96,  97,   5,  13,  19,  22,  29,  34,  62,  94,  96,  97, 100,  28,
     44,  18,  22,  18,
};

static const int8_t dmsans_16_bolditalicKernSparseValues[] = {
     -10,   18,    5,   20,    3,  -21,   -8,   12,  -20,  -24,  -20,    8,  -20,  -20,  -20,  -20,
     -20,   -6,   -3,  -24,  -31,  -20,   24,   40,   -8,  -13,  -20,  -16,  -43,  -20,    8,   14,
     -13,  -16,  -30,  -20,  -30,  -30,   -7,  -14,  -14,   -7,   -7,   -7,  -31,   -7,  -30,  -26,
     -42,  -25,   -7,   -8,  -10,   -7,  -42,  -31,  -26,  -21,  -16,  -16,  -13,   -4,  -16,  -16,
     -31,   -6,  -21,  -21,  -21,  -20,  -14,  -14,  -14,  -14,  -14,   -8,   -6,  -20,  -14,   -8,
      -7,  -19,  -51,  -37,  -16,   -8,  -16,  -24,  -34,   -5,   -5,  -26,   -5,   -5,  -12,  -12,
     -12,  -12,  -12,   -7,  -35,  -34,  -46,   -5,  -12,   16,   26,   -7,  -13,   -9,   -6,  -21,
     -27,  -19,  -32,   -6,  -32,  -21,  -19,  -39,   -7,  -13,  -13,  -13,  -32,  -32,  -19,  -33,
     -34,  -13,  -22,  -12,  -20,  -33,  -32,  -19,  -15,  -27,  -13,  -22,  -18,  -13,  -22,  -25,
     -13,  -22,  -22,  -13,  -29,  -18,  -24,  -16,  -12,  -17,  -24,  -15,   -8,  -20,  -20,  -20,
     -32,   -8,  -24,  -28,  -36,  -36,  -21,  -16,  -24,  -20,   -8,  -36,  -32,  -28,  -16,  -18,
     -19,  -15,  -41,  -47,   -8,   -3,  -18,  -10,   -4,   -8,  -10,  -26,   19,  -11,  -11,  -13,
     -11,    7,   14,    7,   16,  -51,  -12,  -18,  -18,  -18,  -14,   -5,   -5,  -18,  -18,   -5,
     -10,  -21,   16,   24,   22,  -11,   16,  -12,  -18,   34,   17,   15,   36,   32,   16,  -10,
       7,    7,  -15,  -13,  -41,  -19,  -19,  -20,  -13,  -12,   -3,   -2,  -18,  -15,  -19,  -21,
     -18,  -16,  -21,  -18,  -24,  -15,  -11,  -21,    8,  -19,  -18,  -13,    7,   16,   -7,    7,
      -7,   -4,   -3,   -4,   -3,  -11,   -4,   -4,   -4,   -2,   -2,   -2,   -6,  -15,   -7,  -16,
      -3,   -3,   -3,    5,   -3,   -3,   -3,    5,   13,   -3,  -16,   -3,   -4,    7,   -3,   -6,
      -7,   10,   -6,   -6,  -11,   -6,   -3,   -7,   -4,   -4,  -12,   -9,  -13,  -16,  -12,  -15,
     -13,  -12,   -3,  -15,   11,   -9,  -16,  -12,   -5,   13,  -12,  -23,   -5,  -16,  -11,  -16,
     -16,   11,   -3,  -16,  -16,  -16,   16,   -3,   10,   -3,  -13,  -10,   -3,   -5,  -10,   -5,
     -10,  -10,  -12,   -6,  -10,   -3,   -5,   -6,   11,  -10,  -10,  -14,  -10,   -3,  -10,   -4,
     -14,  -11,   -3,   -8,   -7,  -10,   -3,   -9,  -12,  -15,  -18,   -7,  -21,  -13,   -8,   -9,
     -12,  -21,    5,  -12,  -18,  -11,   11,   13,   -4,   11,   -4,   -8,   -4,  -16,  -23,   -2,
      10,   -3,    2,  -24,   -8,   -2,  -10,  -23,  -23,   -3,   -3,  -18,   -3,    7,    7,   10,
     -12,  -13,  -11,  -11,  -11,    7,  -20,  -11,   -6,  -11,  -13,    5,  -12,  -11,  -13,  -23,
      -4,   -3,   10,  -13,  -11,   -6,   22,   33,   19,  -13,    7,   -4,  -18,  -16,  -12,  -12,
     -14,  -17,  -12,   -5,   -3,   -5,  -12,   -3,  -13,   -8,   -7,  -18,  -17,  -12,  -21,  -19,
     -11,   -3,   -8,   -8,  -21,   12,   -7,  -17,   -8,   -7,   -7,  -19,   -3,  -13,   -4,   -3,
      -2,   -3,  -19,   -3,  -13,  -15,  -19,  -15,  -19,  -26,  -13,  -19,  -13,  -15,  -26,    8,
      14,  -15,  -15,   -3,  -12,  -16,  -16,  -16,  -10,  -10,  -16,  -19,   -4,  -20,  -24,  -24,
     -35,  -17,  -24,  -36,  -30,  -36,  -28,  -11,  -26,  -11,  -12,  -27,  -35,  -26,  -28,   16,
      17,   22,   12,  -17,  -36,  -37,  -27,  -37,  -35,  -43,  -11,  -11,  -13,  -18,  -14,   -3,
      -3,   -3,  -31,  -10,  -12,  -10,  -15,  -16,  -27,  -12,  -37,  -42,  -37,   -8,  -43,  -35,
     -16,  -13,  -18,  -21,  -12,  -12,  -43,  -37,  -37,   -4,  -10,  -11,  -37,   -5,  -85,   -4,
     -42,  -19,  -16,  -20,  -19,   -8,   -7,  -10,  -18,   -6,  -13,  -18,  -16,  -11,  -52,  -24,
     -24,  -76,  -14, -102,  -68,  -81,  -27,  -11,  -11,  -11,   -3,  -11,  -11,   -2,  -18,   -9,
     -28,  -26,  -29,    5,  -28,  -18,  -14,  -39,  -11,   -9,   -2,  -32,  -30,  -16,   -4,   -3,
      -6,  -12,   -8,   -7,  -13,   -3,   -4,  -13,   12,   -6,   -8,   -8,   -8,  -13,   -8,   -8,
     -32,   -3,  -16,   12,   12,   -8,   -8,  -26,  -11,  -11,  -12,  -15,   -2,  -13,   -9,  -19,
     -18,  -12,  -12,  -51,  -14,  -20,  -16,   -9,  -13,  -24,  -19,  -12,  -12,    5,   -6,   17,
      22,   10,  -21,  -28,   -2,  -12,  -32,  -17,  -16,  -19,  -12,  -12,  -12,   -3,  -14,  -12,
      -8,  -24,   -8,  -19,  -12,   27,   13,   -8,  -28,  -20,  -20,   12,   -8,   -8,   20,   26,
      -6,   -7,  -16,  -24,  -18,   -8,  -19,  -15,  -11,  -13,   -7,   -8,  -24,  -24,   -5,  -55,
     -10,  -24,  -24,  -24,  -53,  -24,   -8,  -13,  -17,  -19,  -15,  -16,  -19,  -10,  -24,   26,
     -17,   20,   18,   -8,  -24,  -44,  -10,  -33, -101,  -45,  -24,  -24,  -19,  -16,   -6,  -11,
     -13,  -19,  -20,  -12,  -12,  -29,  -29,  -59, -107,  -38, -119,  -75, -119,  -27,  -12,  -12,
     -12,  -12,  -12,  -15,  -26,  -18,  -28,  -16,  -52,  -12,  -48,  -32,  -24,    3,  -10,  -16,
     -44,  -25,  -27,  -13,   -3,   -3,  -10,  -36,  -26,  -12,   -7,   -8,  -19,   -7,   -7,   -7,
     -11,   -7,   -7,  -28,  -42,   -7,   -7,   14,  -20,    5,   -5,   -5,  -10,    6,    5,    5,
     -10,    6,   -3,  -12,   -3,   -3,   -1,  -22,  -17,  -26,  -11,  -11,  -11,  -11,  -11,   -3,
     -12,  -11,    8,   12,   -3,   -8,  -16,  -19,  -36,  -47,  -70,  -19,   -3,  -24,   -2,   -3,
     -25,    8,  -22,  -70,  -11,  -11,  -24,  -11,   11,  -24,  -63,  -73,  -32,  -73,  -35,   -3,
     -16,  -16,  -70,  -14,  -32,  -35,  -61,  -10,  -45,  -20,  -19,  -13,  -20,  -12,  -20,   -9,
     -26,  -30,  -36,  -31,  -28,  -32,  -16,  -32,  -20,   27,  -28,  -20,  -32,   -8,  -12,  -13,
     -13,  -13,  -17,    5,   19,   -8,  -19,  -20,  -34,  -41,  -28,  -23,  -10,    3,  -26,   -3,
      -9,    8,  -10,   -4,  -12,  -26,  -80,   -9,   -9,  -24,   -9,    5,  -28,  -41,  -20,  -20,
     -43,  -21,   -3,   -7,  -43,  -20,   -7,  -13,   -3,  -14,  -35,  -39,  -19,  -17,  -20,   -3,
      28,   20,  -13,  -18,  -28,  -20,  -19,  -24,  -39,  -58,  -21,  -15,   -2,   -8,  -22,  -13,
     -13,  -16,  -10,  -13,  -28,  -74,  -15,  -15,  -16,  -15,  -15,  -34,  -23,  -23,  -51,  -23,
      -3,   -7,  -51,  -23,   -3,  -14,   -1,   -3,  -14,  -13,  -34,  -33,  -18,   -8,  -15,  -23,
      -3,  -23,   -1,    8,   26,   19,  -14,  -18,  -28,  -16,  -11,  -24,  -19,  -17,  -16,  -16,
     -11,  -18,  -25,  -25,  -25,  -10,  -22,  -22,  -22,  -25,  -22,   -7,  -14,  -16,  -14,  -14,
     -26,  -10,  -22,  -14,    4,   20,   10,   -7,   12,  -27,   12,  -34,  -32,  -44,  -38,  -25,
     -16,   -7,  -11,  -29,  -16,  -16,    7,  -15,  -10,  -19,  -22,  -32,  -74,  -42,  -19,  -24,
     -19,  -30,  -64,  -33,  -33,  -73,  -34,  -11,  -11,  -69,  -71,  -11,  -28,   -8,  -24,  -12,
      -5,   -8,   -8,  -20,  -19,  -30,  -34,  -35,  -31,  -15,  -29,  -33,  -11,  -11,   11,   29,
      16,  -28,  -19,  -38,   -6,   -8,   -8,   -8,   -5,   -5,   -5,   -5,   -5,   -5,   14,   24,
      13,   15,  -43,  -43,   20,  -15,  -12,  -21,   -4,  -19,  -15,  -12,  -15,  -16,  -16,  -16,
     -28,   -7,  -39,  -26,  -28,  -50,   13,   -8,   -8,   -8,   -8,   -8,   -7,  -28,   -8,  -28,
     -26,  -15,  -26,  -39,   21,   13,   24,  -20,  -37,  -24,  -24,  -19,  -26,  -35,   -7,  -24,
     -35,  -24,  -27,  -29,  -29,  -29,  -30,  -21,  -36,  -29,  -30,  -61,   15,  -21,  -30,  -30,
     -29,  -14,   -5,  -24,  -10,   -5,   -9,  -34,  -34,  -21,  -25,   -2,  -16,  -19,   -4,  -16,
      -4,   -4,   -4,   -4,  -35,  -11,   -8,  -17,  -13,  -13,  -18,  -20,  -12,  -18,   -6,  -14,
     -30,   -9,   16,  -29,  -29,  -20,  -16,   -3,   -8,  -27,   -5,  -11,   -8,   -9,  -11,   -7,
      -8,   -7,   -8,   -2,   -7,   16,   17,   24,   10,   -2,   -7,   -9,   -9,   -9,   11,   -9,
      -9,    8,   -9,  -27,  -27,  -14,  -11,   -4,   -3,  -16,  -11,   -7,  -11,   16,   -3,   -8,
      -8,  -27,  -29,  -29,  -29,  -29,  -14,  -10,  -13,  -14,  -10,  -16,   12,   -4,   -3,  -19,
      11,    5,    3,   -3,   -3,   -6,  -10,   -3,   -3,   -3,  -19,  -11,  -25,  -13,   -4,   -3,
     -15,   -7,  -10,  -26,   -9,   -9,   -9,   -6,   -9,   -9,   -7,  -15,   -7,  -12,   -9,    9,
      12,   -6,   -6,   -6,   -6,   -6,   -6,  -19,  -19,    5,  -12,   -6,   -9,   -9,   -9,    8,
     -11,   -9,   -9,   -5,    8,   -4,   -6,   -9,   -5,  -19,  -14,  -19,   -3,   -4,   -7,   -4,
      -4,   -4,  -11,   -4,   -4,   -3,   -4,   -4,  -19,   -5,  -14,  -14,  -14,  -14,  -14,   -5,
     -14,   -1,  -28,  -28,  -12,   -5,    5,   -4,  -15,  -10,  -10,  -10,  -13,  -20,  -10,   -3,
     -13,   -3,   -7,  -10,   -3,  -28,  -18,  -13,  -13,  -13,  -20,  -20,  -20,  -20,  -20,  -20,
     -20,  -18,  -19,  -11,  -20,  -18,  -20,  -20,  -19,  -11,  -20,  -13,  -14,   -7,  -19,  -19,
     -13,   -7,   12,  -12,   -2,   -1,  -14,  -21,   -8,  -13,  -13,  -12,  -21,  -27,  -28,  -20,
     -14,  -14,  -14,  -14,  -14,   -3,    8,  -28,  -14,  -27,   16,   -6,   -3,  -31,  -22,  -16,
     -11,  -30,   -3,   -4,  -30,  -31,  -16,  -15,  -11,   20,   23,  -20,   -4,   -7,  -35,  -24,
     -16,  -28,  -29,   -7,  -29,  -35,  -16,   -4,  -24,  -13,  -24,  -16,   18,   10,    6,   21,
      24,   30,   15,   24,   16,    7,   32,   26,   24,   16,   19,   16,   12,   -4,   -6,  -13,
     -34,  -34,  -21,  -25,   -2,  -16,  -19,   -4,  -16,   -4,   -4,   -4,   -4,  -35,  -11,   -8,
     -17,  -13,  -13,  -18,  -20,   31,    7,   24,   24,   16,   16,   13,   10,   12,   14,   12,
      12,   28,   40,   40,   28,   12,   37,   22,   19,    8,   13,   14,   27,   16,   24,   35,
      15,   24,   16,   16,   16,   16,   16,   24,   16,   26,   27,   28,   13,   18,   16,   22,
     -44,  -10,  -33, -101,  -45,  -24,  -24,  -19,  -16,   -6,  -11,  -13,  -19,  -20,  -12,  -12,
     -29,  -29,  -59, -107,  -38,  -86,  -75, -119,  -27,  -12,  -12,  -12,  -12,  -12,  -15,  -26,
     -18,  -28,  -16,  -52,  -12,  -48,  -32,  -24,   11,   24,  -36,  -28,  -16,  -10,  -18,  -30,
     -29,   11,   23,    3,  -10,  -43,  -13,   -8,  -15,  -30,  -21,   12,   28,   10,  -21,  -12,
     -48,  -11,   -4,  -67,
};

static const EpdLigaturePair dmsans_16_bolditalicLigaturePairs[] = {
    { 0x00660069, 0xFB01 }, // f i -> U+FB01
    { 0x0066006C, 0xFB02 }, // f l -> U+FB02
};

static const EpdFontData dmsans_16_bolditalic = {
    dmsans_16_bolditalicBitmaps,
    dmsans_16_bolditalicGlyphs,
    dmsans_16_bolditalicIntervals,
    48,
    43,
    34,
    -11,
    true,
    dmsans_16_bolditalicGroups,
    12,
    nullptr,
    nullptr,  // kernLeftClasses: built-in fonts use the split arrays below
    nullptr,  // kernRightClasses
    dmsans_16_bolditalicKernLeftCodepoints,
    dmsans_16_bolditalicKernLeftClassIds,
    dmsans_16_bolditalicKernRightCodepoints,
    dmsans_16_bolditalicKernRightClassIds,
    nullptr,  // kernMatrix: built-in fonts use the sparse form below
    dmsans_16_bolditalicKernRowOffsets,
    dmsans_16_bolditalicKernSparseCols,
    dmsans_16_bolditalicKernSparseValues,
    274,
    290,
    96,
    111,
    dmsans_16_bolditalicLigaturePairs,
    2,
};
