/**
 * generated by fontconvert.py
 * name: steinem_21_bolditalic
 * size: 21
 * mode: 1-bit mono
 * Command used: fontconvert.py steinem_21_bolditalic 21 ../builtinFonts/source/Steinem/Steinem-BoldItalic.ttf --mono
 */
#pragma once
#include "EpdFontData.h"

static const uint8_t steinem_21_bolditalicBitmaps[18709] = {
    0x00, 0x03, 0xE0, 0x7C, 0x1F, 0x83, 0xE0, 0x7C, 0x0F, 0x81, 0xF0, 0x3E, 0x0F, 0x81, 0xF0, 0x3E,
    0x07, 0xC0, 0xF8, 0x1F, 0x07, 0xC0, 0xF8, 0x1F, 0x03, 0xE0, 0x7C, 0x0F, 0x03, 0xE0, 0x7C, 0x07,
    0x00, 0x00, 0x00, 0x07, 0x01, 0xF0, 0x7F, 0x0F, 0xE1, 0xF8, 0x3F, 0x03, 0x80, 0x7E, 0xFD, 0xFB,
    0xF7, 0xEF, 0xDF, 0x3F, 0xFC, 0xFB, 0xF3, 0xEF, 0xDF, 0xBE, 0x7E, 0xF9, 0xF3, 0xE7, 0xCF, 0x1F,
    0x00, 0x00, 0x1E, 0x1E, 0x00, 0x1F, 0x1F, 0x80, 0x0F, 0x8F, 0x80, 0x07, 0xC7, 0xC0, 0x07, 0xC7,
    0xC0, 0x03, 0xE3, 0xE0, 0x01, 0xF1, 0xF0, 0x01, 0xF0, 0xF8, 0x00, 0xF8, 0xF8, 0x0F, 0xFF, 0xFF,
    0xC7, 0xFF, 0xFF, 0xE3, 0xFF, 0xFF, 0xF1, 0xFF, 0xFF, 0xF0, 0xFF, 0xFF, 0xF8, 0x0F, 0x8F, 0x80,
    0x07, 0xC7, 0xC0, 0x07, 0xC3, 0xE0, 0x03, 0xE3, 0xE0, 0x3F, 0xFF, 0xFF, 0x1F, 0xFF, 0xFF, 0x8F,
    0xFF, 0xFF, 0xC7, 0xFF, 0xFF, 0xE3, 0xFF, 0xFF, 0xE0, 0x3E, 0x3E, 0x00, 0x1F, 0x1F, 0x00, 0x0F,
    0x8F, 0x80, 0x0F, 0x8F, 0x80, 0x07, 0xC7, 0xC0, 0x03, 0xE3, 0xE0, 0x03, 0xE3, 0xE0, 0x01, 0xF1,
    0xF0, 0x00, 0xF8, 0xF8, 0x00, 0x00, 0x03, 0xC0, 0x00, 0x07, 0xC0, 0x00, 0x07, 0xC0, 0x00, 0x07,
    0x80, 0x00, 0x3F, 0xFC, 0x00, 0xFF, 0xFF, 0x01, 0xFF, 0xFF, 0x03, 0xFF, 0xFF, 0x07, 0xFF, 0xBE,
    0x0F, 0xCF, 0x04, 0x0F, 0x8F, 0x00, 0x0F, 0x8F, 0x00, 0x1F, 0x8F, 0x00, 0x1F, 0x9F, 0x00, 0x1F,
    0x9F, 0x00, 0x1F, 0xFE, 0x00, 0x0F, 0xFE, 0x00, 0x0F, 0xFF, 0x00, 0x07, 0xFF, 0xC0, 0x03, 0xFF,
    0xE0, 0x00, 0xFF, 0xF0, 0x00, 0x3F, 0xF8, 0x00, 0x3F, 0xFC, 0x00, 0x3D, 0xFC, 0x00, 0x7C, 0xFC,
    0x00, 0x7C, 0xFC, 0x00, 0x78, 0xFC, 0x00, 0x78, 0xF8, 0x00, 0x79, 0xF8, 0x60, 0x7B, 0xF8, 0xF8,
    0xFF, 0xF0, 0xFF, 0xFF, 0xE0, 0xFF, 0xFF, 0xE0, 0xFF, 0xFF, 0x80, 0x7F, 0xFF, 0x00, 0x0F, 0xF8,
    0x00, 0x01, 0xF0, 0x00, 0x01, 0xE0, 0x00, 0x01, 0xE0, 0x00, 0x01, 0xC0, 0x00, 0x00, 0x00, 0x00,
    0x00, 0x60, 0x00, 0xFC, 0x00, 0x00, 0xF0, 0x07, 0xFF, 0x00, 0x01, 0xF8, 0x0F, 0xFF, 0x80, 0x03,
    0xF0, 0x1F, 0xFF, 0x80, 0x07, 0xF0, 0x3F, 0xFF, 0xC0, 0x0F, 0xE0, 0x7F, 0x0F, 0xC0, 0x1F, 0xC0,
    0x7C, 0x07, 0xE0, 0x3F, 0x80, 0xFC, 0x07, 0xE0, 0x7F, 0x00, 0xF8, 0x07, 0xE0, 0xFE, 0x00, 0xF8,
    0x07, 0xC1, 0xFC, 0x00, 0xF8, 0x07, 0xC3, 0xF8, 0x00, 0xF8, 0x0F, 0xC3, 0xF0, 0x00, 0xFC, 0x0F,
    0x87, 0xE0, 0x00, 0xFE, 0x3F, 0x8F, 0xC0, 0x00, 0xFF, 0xFF, 0x1F, 0x80, 0x00, 0x7F, 0xFE, 0x3F,
    0x07, 0xE0, 0x7F, 0xFC, 0x7E, 0x3F, 0xF8, 0x1F, 0xF8, 0xFC, 0x7F, 0xFC, 0x0F, 0xE1, 0xF8, 0xFF,
    0xFE, 0x00, 0x03, 0xF1, 0xFF, 0xFE, 0x00, 0x07, 0xE3, 0xF8, 0x7F, 0x00, 0x0F, 0xC3, 0xF0, 0x3F,
    0x00, 0x1F, 0xC7, 0xE0, 0x3F, 0x00, 0x3F, 0x87, 0xC0, 0x1F, 0x00, 0x7F, 0x07, 0xC0, 0x3F, 0x00,
    0xFE, 0x07, 0xC0, 0x3E, 0x01, 0xFC, 0x07, 0xE0, 0x7E, 0x01, 0xF8, 0x07, 0xF0, 0xFC, 0x03, 0xF0,
    0x07, 0xFF, 0xFC, 0x07, 0xE0, 0x03, 0xFF, 0xF8, 0x0F, 0xC0, 0x01, 0xFF, 0xF0, 0x1F, 0x80, 0x00,
    0xFF, 0xC0, 0x1F, 0x00, 0x00, 0x3F, 0x00, 0x0E, 0x00, 0x00, 0x00, 0x00, 0x00, 0x0F, 0xE0, 0x00,
    0x00, 0xFF, 0xE0, 0x00, 0x07, 0xFF, 0xC0, 0x00, 0x7F, 0xFF, 0x80, 0x01, 0xFF, 0xFE, 0x00, 0x0F,
    0xE1, 0xF8, 0x00, 0x3E, 0x03, 0xE0, 0x00, 0xF8, 0x0F, 0x80, 0x03, 0xE0, 0x7E, 0x00, 0x0F, 0x81,
    0xF0, 0x00, 0x3F, 0x1F, 0xC0, 0x00, 0xFE, 0xFE, 0x00, 0x03, 0xFF, 0xF0, 0x00, 0x07, 0xFF, 0x80,
    0x00, 0x1F, 0xF8, 0x0F, 0xC1, 0xFF, 0xC0, 0x3F, 0x0F, 0xFF, 0x81, 0xFC, 0x7F, 0x7E, 0x0F, 0xF3,
    0xF1, 0xFC, 0x7F, 0x9F, 0x83, 0xFB, 0xF0, 0x7C, 0x07, 0xFF, 0x83, 0xF0, 0x0F, 0xFE, 0x0F, 0x80,
    0x3F, 0xF0, 0x3E, 0x00, 0x7F, 0x80, 0xF8, 0x01, 0xFE, 0x03, 0xF0, 0x0F, 0xFC, 0x0F, 0xE0, 0xFF,
    0xF8, 0x3F, 0xFF, 0xFF, 0xFE, 0x7F, 0xFF, 0xDF, 0xF8, 0xFF, 0xFE, 0x3F, 0xE1, 0xFF, 0xE0, 0x7F,
    0x01, 0xFE, 0x00, 0xF0, 0x3E, 0xFD, 0xFB, 0xE7, 0xCF, 0x9E, 0x7C, 0xF9, 0xF3, 0xC0, 0x00, 0x38,
    0x00, 0xF8, 0x01, 0xF8, 0x07, 0xE0, 0x1F, 0x80, 0x3E, 0x00, 0xFC, 0x03, 0xF0, 0x07, 0xC0, 0x1F,
    0x80, 0x3E, 0x00, 0xFC, 0x01, 0xF8, 0x03, 0xE0, 0x0F, 0xC0, 0x1F, 0x00, 0x3E, 0x00, 0xFC, 0x01,
    0xF8, 0x03, 0xE0, 0x07, 0xC0, 0x0F, 0x80, 0x1F, 0x00, 0x7E, 0x00, 0xFC, 0x01, 0xF8, 0x03, 0xF0,
    0x07, 0xE0, 0x07, 0xC0, 0x0F, 0x80, 0x1F, 0x00, 0x3F, 0x00, 0x7E, 0x00, 0xFC, 0x00, 0xFC, 0x01,
    0xF8, 0x03, 0xF0, 0x03, 0xE0, 0x07, 0x80, 0x04, 0x00, 0x00, 0x60, 0x07, 0xC0, 0x3F, 0x00, 0x7E,
    0x01, 0xF8, 0x07, 0xE0, 0x0F, 0x80, 0x3F, 0x00, 0xFC, 0x03, 0xF0, 0x07, 0xC0, 0x1F, 0x00, 0x7C,
    0x01, 0xF0, 0x07, 0xC0, 0x1F, 0x00, 0x7C, 0x01, 0xF0, 0x07, 0xC0, 0x3F, 0x00, 0xFC, 0x03, 0xF0,
    0x0F, 0x80, 0x3E, 0x01, 0xF8, 0x07, 0xC0, 0x1F, 0x00, 0xFC, 0x03, 0xE0, 0x1F, 0x80, 0x7C, 0x03,
    0xF0, 0x1F, 0x80, 0x7E, 0x03, 0xF0, 0x1F, 0x80, 0x7E, 0x03, 0xF0, 0x07, 0x80, 0x04, 0x00, 0x00,
    0xF8, 0x00, 0x3E, 0x00, 0x0F, 0x80, 0x07, 0xC0, 0x39, 0xF3, 0xDF, 0xFF, 0xF7, 0xFF, 0xFF, 0xFF,
    0xFF, 0x7F, 0xFF, 0xC7, 0xFF, 0x80, 0xFF, 0x80, 0x7F, 0xF0, 0x3F, 0xFC, 0x1F, 0xDF, 0x87, 0xE7,
    0xE0, 0xF0, 0xF0, 0x18, 0x30, 0x00, 0x00, 0x0F, 0x80, 0x00, 0x07, 0xC0, 0x00, 0x03, 0xE0, 0x00,
    0x01, 0xF0, 0x00, 0x01, 0xF8, 0x00, 0x00, 0xFC, 0x00, 0x00, 0x7C, 0x00, 0x00, 0x3E, 0x00, 0x00,
    0x1F, 0x00, 0x3F, 0xFF, 0xFF, 0xDF, 0xFF, 0xFF, 0xEF, 0xFF, 0xFF, 0xF7, 0xFF, 0xFF, 0xFF, 0xFF,
    0xFF, 0xF8, 0x00, 0xF8, 0x00, 0x00, 0xFC, 0x00, 0x00, 0x7E, 0x00, 0x00, 0x3E, 0x00, 0x00, 0x1F,
    0x00, 0x00, 0x0F, 0x80, 0x00, 0x07, 0xC0, 0x00, 0x07, 0xE0, 0x00, 0x03, 0xF0, 0x00, 0x00, 0xE0,
    0x00, 0x0E, 0x03, 0xF0, 0xFC, 0x7E, 0x1F, 0x8F, 0xC3, 0xE1, 0xF8, 0x7C, 0x3E, 0x0F, 0x01, 0x80,
    0xFF, 0xFF, 0xFF, 0xFF, 0xFF, 0xFF, 0xFF, 0xE0, 0x38, 0xFB, 0xF7, 0xFF, 0xDF, 0x9C, 0x00, 0x00,
    0x00, 0x30, 0x00, 0x01, 0xF0, 0x00, 0x07, 0xC0, 0x00, 0x3F, 0x00, 0x00, 0xF8, 0x00, 0x07, 0xE0,
    0x00, 0x1F, 0x00, 0x00, 0xF8, 0x00, 0x07, 0xE0, 0x00, 0x1F, 0x00, 0x00, 0xFC, 0x00, 0x03, 0xE0,
    0x00, 0x1F, 0x00, 0x00, 0xFC, 0x00, 0x03, 0xE0, 0x00, 0x1F, 0x80, 0x00, 0x7C, 0x00, 0x03, 0xE0,
    0x00, 0x0F, 0x80, 0x00, 0x7C, 0x00, 0x03, 0xF0, 0x00, 0x0F, 0x80, 0x00, 0x7E, 0x00, 0x01, 0xF0,
    0x00, 0x0F, 0x80, 0x00, 0x7E, 0x00, 0x01, 0xF0, 0x00, 0x0F, 0xC0, 0x00, 0x3E, 0x00, 0x01, 0xF0,
    0x00, 0x0F, 0xC0, 0x00, 0x3E, 0x00, 0x00, 0xF8, 0x00, 0x00, 0xC0, 0x00, 0x00, 0x00, 0x0F, 0xC0,
    0x00, 0x7F, 0xF0, 0x00, 0xFF, 0xFC, 0x01, 0xFF, 0xFC, 0x03, 0xFF, 0xFE, 0x07, 0xF0, 0xFE, 0x0F,
    0xE0, 0x7F, 0x0F, 0xC0, 0x3F, 0x1F, 0x80, 0x3F, 0x1F, 0x80, 0x3F, 0x1F, 0x00, 0x3F, 0x3F, 0x00,
    0x3F, 0x3F, 0x00, 0x3F, 0x3E, 0x00, 0x3F, 0x7E, 0x00, 0x3F, 0x7E, 0x00, 0x3E, 0x7E, 0x00, 0x3E,
    0x7E, 0x00, 0x7E, 0x7C, 0x00, 0x7E, 0x7C, 0x00, 0x7E, 0x7C, 0x00, 0xFC, 0xFC, 0x00, 0xFC, 0x7C,
    0x00, 0xFC, 0x7E, 0x01, 0xF8, 0x7E, 0x01, 0xF8, 0x7E, 0x03, 0xF0, 0x7F, 0x0F, 0xE0, 0x3F, 0xFF,
    0xE0, 0x3F, 0xFF, 0xC0, 0x1F, 0xFF, 0x80, 0x0F, 0xFE, 0x00, 0x03, 0xF8, 0x00, 0x00, 0x0E, 0x01,
    0xFC, 0x1F, 0xF0, 0x3F, 0xE0, 0x7F, 0xC1, 0xFF, 0x83, 0x3F, 0x00, 0x7E, 0x00, 0xF8, 0x01, 0xF0,
    0x03, 0xE0, 0x0F, 0xC0, 0x1F, 0x80, 0x3E, 0x00, 0x7C, 0x00, 0xF8, 0x03, 0xF0, 0x07, 0xE0, 0x0F,
    0xC0, 0x1F, 0x00, 0x3E, 0x00, 0x7C, 0x01, 0xF8, 0x03, 0xF0, 0x07, 0xC0, 0x0F, 0x80, 0x1F, 0x03,
    0xFF, 0xC7, 0xFF, 0x9F, 0xFF, 0x3F, 0xFE, 0x7F, 0xFC, 0x00, 0x07, 0xF0, 0x00, 0x1F, 0xFE, 0x00,
    0x3F, 0xFF, 0x80, 0x3F, 0xFF, 0xE0, 0x3F, 0xFF, 0xF0, 0x1F, 0x83, 0xFC, 0x07, 0x00, 0xFE, 0x02,
    0x00, 0x3F, 0x00, 0x00, 0x1F, 0x80, 0x00, 0x0F, 0xC0, 0x00, 0x0F, 0xC0, 0x00, 0x07, 0xE0, 0x00,
    0x07, 0xE0, 0x00, 0x03, 0xF0, 0x00, 0x03, 0xF0, 0x00, 0x03, 0xF0, 0x00, 0x03, 0xF8, 0x00, 0x03,
    0xF8, 0x00, 0x03, 0xF8, 0x00, 0x03, 0xF8, 0x00, 0x07, 0xF0, 0x00, 0x07, 0xF0, 0x00, 0x07, 0xF0,
    0x00, 0x07, 0xF0, 0x00, 0x07, 0xF0, 0x10, 0x0F, 0xE0, 0x1F, 0x0F, 0xFF, 0x1F, 0x0F, 0xFF, 0xFF,
    0x8F, 0xFF, 0xFF, 0x87, 0xFF, 0xFF, 0xC3, 0xFF, 0xFF, 0x81, 0xC0, 0x3F, 0x80, 0x00, 0x1F, 0xC0,
    0x01, 0xFF, 0xE0, 0x0F, 0xFF, 0xF0, 0x3F, 0xFF, 0xE0, 0xFF, 0xFF, 0xE0, 0xF8, 0x1F, 0xC1, 0xC0,
    0x1F, 0x80, 0x00, 0x3F, 0x00, 0x00, 0x7E, 0x00, 0x00, 0xFC, 0x00, 0x01, 0xF0, 0x00, 0x07, 0xE0,
    0x00, 0x3F, 0x80, 0x0F, 0xFE, 0x00, 0x1F, 0xF8, 0x00, 0x3F, 0xF0, 0x00, 0x7F, 0xF0, 0x01, 0xFF,
    0xF0, 0x00, 0x1F, 0xE0, 0x00, 0x0F, 0xC0, 0x00, 0x0F, 0xC0, 0x00, 0x1F, 0x00, 0x00, 0x3E, 0x00,
    0x00, 0xFC, 0x40, 0x01, 0xF9, 0xC0, 0x07, 0xE3, 0xF0, 0x3F, 0xC7, 0xFF, 0xFF, 0x0F, 0xFF, 0xFC,
    0x1F, 0xFF, 0xF0, 0x1F, 0xFF, 0x80, 0x07, 0xF8, 0x00, 0x00, 0x00, 0xFE, 0x00, 0x01, 0xFC, 0x00,
    0x07, 0xF8, 0x00, 0x1F, 0xF0, 0x00, 0x7F, 0xE0, 0x01, 0xFF, 0x80, 0x03, 0xFF, 0x00, 0x0F, 0xBE,
    0x00, 0x3F, 0x7C, 0x00, 0xFD, 0xF8, 0x03, 0xF3, 0xF0, 0x07, 0xC7, 0xC0, 0x1F, 0x0F, 0x80, 0x7E,
    0x1F, 0x01, 0xF8, 0x7E, 0x07, 0xE0, 0xFC, 0x0F, 0x81, 0xF0, 0x3E, 0x03, 0xE0, 0xFC, 0x07, 0xC3,
    0xF0, 0x0F, 0x87, 0xFF, 0xFF, 0xEF, 0xFF, 0xFF, 0xDF, 0xFF, 0xFF, 0xFF, 0xFF, 0xFF, 0xFF, 0xFF,
    0xFE, 0x00, 0x07, 0xC0, 0x00, 0x1F, 0x80, 0x01, 0xFF, 0xC0, 0x03, 0xFF, 0x80, 0x07, 0xFF, 0x00,
    0x0F, 0xFE, 0x00, 0x1F, 0xFC, 0x00, 0xFF, 0xFF, 0x01, 0xFF, 0xFF, 0x01, 0xFF, 0xFF, 0x01, 0xFF,
    0xFF, 0x03, 0xFF, 0xFF, 0x03, 0xE0, 0x00, 0x03, 0xE0, 0x00, 0x03, 0xE0, 0x00, 0x03, 0xE0, 0x00,
    0x07, 0xC0, 0x00, 0x07, 0xC0, 0x00, 0x07, 0xFF, 0x80, 0x07, 0xFF, 0xE0, 0x0F, 0xFF, 0xF0, 0x0F,
    0xFF, 0xF8, 0x0F, 0xFF, 0xFC, 0x0F, 0x03, 0xFC, 0x0C, 0x00, 0xFC, 0x00, 0x00, 0xFC, 0x00, 0x00,
    0xFC, 0x00, 0x00, 0xFC, 0x00, 0x00, 0xFC, 0x00, 0x00, 0xFC, 0x00, 0x01, 0xF8, 0x00, 0x01, 0xF8,
    0x70, 0x03, 0xF0, 0x7C, 0x0F, 0xF0, 0x7F, 0xFF, 0xE0, 0xFF, 0xFF, 0xC0, 0xFF, 0xFF, 0x80, 0x3F,
    0xFE, 0x00, 0x07, 0xF8, 0x00, 0x00, 0x0F, 0xE0, 0x00, 0x7F, 0xF8, 0x03, 0xFF, 0xF8, 0x0F, 0xFF,
    0xF0, 0x3F, 0xFF, 0xC0, 0xFF, 0x07, 0x83, 0xF8, 0x00, 0x07, 0xE0, 0x00, 0x1F, 0x80, 0x00, 0x3E,
    0x00, 0x00, 0xFC, 0x00, 0x01, 0xF1, 0xFC, 0x07, 0xEF, 0xFE, 0x0F, 0xFF, 0xFE, 0x1F, 0xFF, 0xFE,
    0x3F, 0xFF, 0xFC, 0xFF, 0xC3, 0xFD, 0xFE, 0x03, 0xFB, 0xF8, 0x03, 0xF7, 0xE0, 0x07, 0xEF, 0xC0,
    0x0F, 0xDF, 0x80, 0x1F, 0xBF, 0x00, 0x3E, 0x7E, 0x00, 0xFC, 0xFC, 0x01, 0xF9, 0xF8, 0x07, 0xE1,
    0xFC, 0x3F, 0x83, 0xFF, 0xFF, 0x03, 0xFF, 0xFC, 0x07, 0xFF, 0xF0, 0x07, 0xFF, 0x80, 0x03, 0xFC,
    0x00, 0x3F, 0xFF, 0xFE, 0x7F, 0xFF, 0xFC, 0xFF, 0xFF, 0xF9, 0xFF, 0xFF, 0xF3, 0xFF, 0xFF, 0xC0,
    0x00, 0x1F, 0x00, 0x00, 0x7E, 0x00, 0x00, 0xF8, 0x00, 0x03, 0xF0, 0x00, 0x0F, 0xC0, 0x00, 0x1F,
    0x00, 0x00, 0x7E, 0x00, 0x01, 0xF8, 0x00, 0x03, 0xE0, 0x00, 0x0F, 0xC0, 0x00, 0x1F, 0x00, 0x00,
    0x7E, 0x00, 0x01, 0xF8, 0x00, 0x03, 0xE0, 0x00, 0x0F, 0xC0, 0x00, 0x3F, 0x00, 0x00, 0x7E, 0x00,
    0x01, 0xF8, 0x00, 0x07, 0xE0, 0x00, 0x0F, 0xC0, 0x00, 0x3F, 0x00, 0x00, 0x7C, 0x00, 0x01, 0xF8,
    0x00, 0x07, 0xE0, 0x00, 0x0F, 0xC0, 0x00, 0x3F, 0x00, 0x00, 0x7C, 0x00, 0x00, 0x00, 0x0F, 0xC0,
    0x00, 0xFF, 0xE0, 0x03, 0xFF, 0xF0, 0x0F, 0xFF, 0xE0, 0x3F, 0xFF, 0xE0, 0xFE, 0x1F, 0xC1, 0xF8,
    0x0F, 0x87, 0xE0, 0x1F, 0x0F, 0x80, 0x3E, 0x1F, 0x00, 0xFC, 0x3F, 0x01, 0xF0, 0x7F, 0x0F, 0xE0,
    0xFF, 0xFF, 0x80, 0xFF, 0xFE, 0x00, 0xFF, 0xF8, 0x03, 0xFF, 0xF0, 0x0F, 0xFF, 0xF0, 0x3F, 0x87,
    0xF0, 0xFC, 0x07, 0xE3, 0xF0, 0x07, 0xE7, 0xE0, 0x0F, 0xCF, 0x80, 0x1F, 0xBF, 0x00, 0x3F, 0x7E,
    0x00, 0x7C, 0xFC, 0x01, 0xF9, 0xFC, 0x07, 0xF1, 0xFC, 0x3F, 0xC3, 0xFF, 0xFF, 0x07, 0xFF, 0xFC,
    0x07, 0xFF, 0xF0, 0x07, 0xFF, 0xC0, 0x01, 0xFC, 0x00, 0x00, 0x1F, 0xC0, 0x01, 0xFF, 0xE0, 0x07,
    0xFF, 0xE0, 0x1F, 0xFF, 0xE0, 0x7F, 0xFF, 0xC1, 0xFC, 0x1F, 0xC7, 0xE0, 0x1F, 0x8F, 0xC0, 0x3F,
    0x3F, 0x00, 0x3E, 0x7C, 0x00, 0x7C, 0xF8, 0x00, 0xF9, 0xF0, 0x03, 0xF7, 0xE0, 0x07, 0xEF, 0xE0,
    0x1F, 0xCF, 0xC0, 0x7F, 0x9F, 0xC1, 0xFF, 0x3F, 0xFF, 0xFE, 0x3F, 0xFF, 0xFC, 0x7F, 0xFF, 0xF0,
    0x3F, 0xFF, 0xE0, 0x1F, 0xCF, 0xC0, 0x00, 0x1F, 0x00, 0x00, 0x7E, 0x00, 0x01, 0xF8, 0x00, 0x03,
    0xF0, 0x00, 0x0F, 0xC1, 0xE0, 0x7F, 0x83, 0xFF, 0xFE, 0x0F, 0xFF, 0xF8, 0x1F, 0xFF, 0xC0, 0x1F,
    0xFF, 0x00, 0x0F, 0xF0, 0x00, 0x07, 0x07, 0xC7, 0xE3, 0xF1, 0xF8, 0xF8, 0x38, 0x00, 0x00, 0x00,
    0x00, 0x00, 0x00, 0x00, 0x00, 0x00, 0x70, 0x7C, 0x7F, 0x3F, 0x9F, 0x8F, 0xC3, 0x80, 0x01, 0xE0,
    0x3F, 0x07, 0xF0, 0x7F, 0x07, 0xF0, 0x7E, 0x03, 0xC0, 0x00, 0x00, 0x00, 0x00, 0x00, 0x00, 0x00,
    0x00, 0x00, 0x00, 0x00, 0x00, 0x00, 0x0F, 0x80, 0xFC, 0x1F, 0x81, 0xF8, 0x1F, 0x03, 0xF0, 0x3E,
    0x07, 0xE0, 0x7C, 0x0F, 0x80, 0xF0, 0x07, 0x00, 0x00, 0x00, 0x00, 0xC0, 0x00, 0x01, 0xF0, 0x00,
    0x01, 0xFC, 0x00, 0x03, 0xFE, 0x00, 0x03, 0xFF, 0x80, 0x07, 0xFF, 0xC0, 0x07, 0xFF, 0x80, 0x0F,
    0xFF, 0x80, 0x0F, 0xFF, 0x80, 0x0F, 0xFF, 0x00, 0x0F, 0xFF, 0x00, 0x03, 0xFE, 0x00, 0x00, 0xFF,
    0x00, 0x00, 0x3F, 0xF0, 0x00, 0x0F, 0xFF, 0x00, 0x00, 0xFF, 0xF8, 0x00, 0x0F, 0xFF, 0x80, 0x00,
    0xFF, 0xF8, 0x00, 0x0F, 0xFF, 0x80, 0x00, 0x7F, 0xF0, 0x00, 0x07, 0xFE, 0x00, 0x00, 0x7F, 0x00,
    0x00, 0x07, 0xC0, 0x00, 0x00, 0x70, 0x3F, 0xFF, 0xFF, 0xDF, 0xFF, 0xFF, 0xF7, 0xFF, 0xFF, 0xF9,
    0xFF, 0xFF, 0xFE, 0x7F, 0xFF, 0xFF, 0x80, 0x00, 0x00, 0x07, 0xFF, 0xFF, 0xF3, 0xFF, 0xFF, 0xFE,
    0xFF, 0xFF, 0xFF, 0x3F, 0xFF, 0xFF, 0xCF, 0xFF, 0xFF, 0xF0, 0x0C, 0x00, 0x00, 0x03, 0xC0, 0x00,
    0x01, 0xFC, 0x00, 0x00, 0x7F, 0xC0, 0x00, 0x1F, 0xFE, 0x00, 0x03, 0xFF, 0xE0, 0x00, 0x3F, 0xFE,
    0x00, 0x03, 0xFF, 0xE0, 0x00, 0x1F, 0xFE, 0x00, 0x01, 0xFF, 0xE0, 0x00, 0x1F, 0xFC, 0x00, 0x01,
    0xFF, 0x00, 0x00, 0x7F, 0xC0, 0x00, 0x7F, 0xF0, 0x00, 0xFF, 0xF8, 0x00, 0xFF, 0xF0, 0x00, 0xFF,
    0xF0, 0x01, 0xFF, 0xF0, 0x01, 0xFF, 0xE0, 0x01, 0xFF, 0xE0, 0x00, 0xFF, 0xC0, 0x00, 0x3F, 0xC0,
    0x00, 0x0F, 0x80, 0x00, 0x03, 0x80, 0x00, 0x00, 0x01, 0xFC, 0x03, 0xFF, 0xC3, 0xFF, 0xF9, 0xFF,
    0xFE, 0xFF, 0xFF, 0xFF, 0x07, 0xFF, 0x00, 0xFD, 0x80, 0x3F, 0x00, 0x0F, 0xC0, 0x03, 0xF0, 0x00,
    0xF8, 0x00, 0x7E, 0x00, 0x3F, 0x00, 0x1F, 0xC0, 0x0F, 0xE0, 0x07, 0xF0, 0x03, 0xF8, 0x01, 0xFC,
    0x00, 0xFC, 0x00, 0x3F, 0x00, 0x0F, 0x80, 0x03, 0xE0, 0x01, 0xF8, 0x00, 0x7E, 0x00, 0x1F, 0x00,
    0x00, 0x00, 0x01, 0xE0, 0x00, 0xFC, 0x00, 0x7F, 0x00, 0x1F, 0xC0, 0x07, 0xF0, 0x01, 0xF8, 0x00,
    0x3C, 0x00, 0x00, 0x00, 0x00, 0xFF, 0x00, 0x00, 0x03, 0xFF, 0xF0, 0x00, 0x07, 0xFF, 0xFE, 0x00,
    0x0F, 0xFF, 0xFF, 0x80, 0x0F, 0xFF, 0xFF, 0xE0, 0x0F, 0xF8, 0x0F, 0xF8, 0x0F, 0xE0, 0x01, 0xFC,
    0x0F, 0xE1, 0xF8, 0x3F, 0x0F, 0xC3, 0xFF, 0xFF, 0x8F, 0xC7, 0xFF, 0xFF, 0xC7, 0xC7, 0xFF, 0xFB,
    0xE7, 0xE7, 0xFF, 0xFD, 0xF3, 0xE7, 0xF0, 0xFC, 0xFB, 0xE7, 0xF0, 0x7E, 0x7D, 0xF3, 0xF0, 0x3E,
    0x3E, 0xFB, 0xF0, 0x1F, 0x1F, 0xF9, 0xF0, 0x1F, 0x0F, 0x7D, 0xF8, 0x0F, 0x8F, 0xBE, 0xF8, 0x0F,
    0xC7, 0xDF, 0x7C, 0x07, 0xC7, 0xCF, 0xBE, 0x07, 0xE7, 0xE7, 0xDF, 0x0F, 0xE7, 0xE3, 0xEF, 0xFF,
    0xFF, 0xE1, 0xF7, 0xFF, 0xFF, 0xE0, 0xFF, 0xFF, 0xFF, 0xE0, 0x7E, 0xFF, 0xBF, 0xD8, 0x1F, 0x9F,
    0x0F, 0xBC, 0x0F, 0xF0, 0x00, 0x7F, 0x03, 0xFE, 0x01, 0xFF, 0x00, 0xFF, 0xFF, 0xFF, 0x00, 0x3F,
    0xFF, 0xFE, 0x00, 0x0F, 0xFF, 0xFE, 0x00, 0x03, 0xFF, 0xF8, 0x00, 0x00, 0x3F, 0xE0, 0x00, 0x00,
    0x00, 0x00, 0x3E, 0x00, 0x00, 0x01, 0xF8, 0x00, 0x00, 0x07, 0xE0, 0x00, 0x00, 0x3F, 0xC0, 0x00,
    0x01, 0xFF, 0x00, 0x00, 0x07, 0xFC, 0x00, 0x00, 0x3F, 0xF0, 0x00, 0x00, 0xFF, 0xC0, 0x00, 0x07,
    0xFF, 0x00, 0x00, 0x1F, 0x7E, 0x00, 0x00, 0xFD, 0xF8, 0x00, 0x03, 0xE7, 0xE0, 0x00, 0x1F, 0x9F,
    0x80, 0x00, 0xFC, 0x7E, 0x00, 0x03, 0xE0, 0xF8, 0x00, 0x1F, 0x83, 0xF0, 0x00, 0x7C, 0x0F, 0xC0,
    0x03, 0xFF, 0xFF, 0x00, 0x0F, 0xFF, 0xFC, 0x00, 0x7F, 0xFF, 0xF0, 0x01, 0xFF, 0xFF, 0xC0, 0x0F,
    0xFF, 0xFF, 0x80, 0x7E, 0x00, 0x7E, 0x01, 0xF8, 0x01, 0xF8, 0x0F, 0xC0, 0x07, 0xE0, 0x3F, 0x00,
    0x1F, 0x81, 0xF8, 0x00, 0x7E, 0x3F, 0xC0, 0x00, 0xFF, 0xFF, 0x00, 0x03, 0xFF, 0xF8, 0x00, 0x0F,
    0xFF, 0xE0, 0x00, 0x3F, 0xFF, 0x00, 0x00, 0xFF, 0x03, 0xFF, 0xFE, 0x00, 0x3F, 0xFF, 0xF8, 0x03,
    0xFF, 0xFF, 0xE0, 0x7F, 0xFF, 0xFF, 0x03, 0xFF, 0xFF, 0xF0, 0x1F, 0x80, 0x7F, 0x01, 0xF8, 0x03,
    0xF0, 0x1F, 0x80, 0x3F, 0x01, 0xF8, 0x03, 0xF0, 0x1F, 0x00, 0x3F, 0x01, 0xF0, 0x03, 0xF0, 0x3F,
    0x00, 0x7E, 0x03, 0xF0, 0x1F, 0xC0, 0x3F, 0xFF, 0xFC, 0x03, 0xFF, 0xFF, 0x00, 0x3F, 0xFF, 0xF0,
    0x03, 0xFF, 0xFF, 0xC0, 0x7F, 0xFF, 0xFC, 0x07, 0xE0, 0x1F, 0xE0, 0x7E, 0x00, 0x7E, 0x07, 0xC0,
    0x07, 0xE0, 0x7C, 0x00, 0x7E, 0x0F, 0xC0, 0x07, 0xE0, 0xFC, 0x00, 0x7E, 0x0F, 0xC0, 0x0F, 0xE0,
    0xFC, 0x01, 0xFC, 0x0F, 0x80, 0x7F, 0xC3, 0xFF, 0xFF, 0xF8, 0x7F, 0xFF, 0xFF, 0x07, 0xFF, 0xFF,
    0xE0, 0x7F, 0xFF, 0xF8, 0x0F, 0xFF, 0xFC, 0x00, 0x00, 0x03, 0xFE, 0x00, 0x01, 0xFF, 0xFC, 0x00,
    0x7F, 0xFF, 0xF0, 0x0F, 0xFF, 0xFE, 0x01, 0xFF, 0xFF, 0xE0, 0x3F, 0xE0, 0x3C, 0x07, 0xF8, 0x00,
    0x80, 0xFE, 0x00, 0x00, 0x1F, 0xC0, 0x00, 0x01, 0xF8, 0x00, 0x00, 0x3F, 0x80, 0x00, 0x03, 0xF0,
    0x00, 0x00, 0x7F, 0x00, 0x00, 0x07, 0xE0, 0x00, 0x00, 0x7E, 0x00, 0x00, 0x0F, 0xC0, 0x00, 0x00,
    0xFC, 0x00, 0x00, 0x0F, 0xC0, 0x00, 0x00, 0xFC, 0x00, 0x00, 0x0F, 0xC0, 0x00, 0x00, 0xFC, 0x00,
    0x00, 0x0F, 0xC0, 0x00, 0x00, 0xFC, 0x00, 0x00, 0x0F, 0xC0, 0x00, 0x00, 0xFE, 0x00, 0x00, 0x0F,
    0xE0, 0x00, 0x00, 0x7F, 0x00, 0x00, 0x07, 0xF8, 0x00, 0x60, 0x3F, 0xE0, 0x3E, 0x03, 0xFF, 0xFF,
    0xE0, 0x1F, 0xFF, 0xFE, 0x00, 0xFF, 0xFF, 0xC0, 0x03, 0xFF, 0xF8, 0x00, 0x0F, 0xF8, 0x00, 0x07,
    0xFF, 0xF0, 0x00, 0x1F, 0xFF, 0xF8, 0x00, 0x7F, 0xFF, 0xF8, 0x03, 0xFF, 0xFF, 0xF0, 0x07, 0xFF,
    0xFF, 0xE0, 0x07, 0xC0, 0xFF, 0xC0, 0x3F, 0x00, 0xFF, 0x80, 0xFC, 0x00, 0xFE, 0x03, 0xF0, 0x03,
    0xF8, 0x0F, 0xC0, 0x07, 0xF0, 0x3E, 0x00, 0x1F, 0xC0, 0xF8, 0x00, 0x3F, 0x07, 0xE0, 0x00, 0xFC,
    0x1F, 0x80, 0x03, 0xF0, 0x7E, 0x00, 0x0F, 0xC1, 0xF0, 0x00, 0x3F, 0x07, 0xC0, 0x01, 0xF8, 0x3F,
    0x00, 0x07, 0xE0, 0xFC, 0x00, 0x1F, 0x83, 0xF0, 0x00, 0xFE, 0x0F, 0xC0, 0x03, 0xF0, 0x3E, 0x00,
    0x1F, 0xC0, 0xF8, 0x00, 0x7E, 0x07, 0xE0, 0x03, 0xF8, 0x1F, 0x80, 0x1F, 0xC0, 0x7E, 0x01, 0xFE,
    0x01, 0xF8, 0x1F, 0xF0, 0x1F, 0xFF, 0xFF, 0x80, 0xFF, 0xFF, 0xFC, 0x03, 0xFF, 0xFF, 0xC0, 0x0F,
    0xFF, 0xFC, 0x00, 0x3F, 0xFF, 0x80, 0x00, 0x07, 0xFF, 0xFF, 0xC0, 0xFF, 0xFF, 0xFC, 0x1F, 0xFF,
    0xFF, 0x07, 0xFF, 0xFF, 0xE0, 0x7F, 0xFF, 0xFC, 0x03, 0xE0, 0x00, 0x00, 0xFC, 0x00, 0x00, 0x1F,
    0x80, 0x00, 0x03, 0xF0, 0x00, 0x00, 0x7E, 0x00, 0x00, 0x0F, 0x80, 0x00, 0x01, 0xF0, 0x00, 0x00,
    0x7E, 0x00, 0x00, 0x0F, 0xFF, 0xFC, 0x01, 0xFF, 0xFF, 0x80, 0x3F, 0xFF, 0xF0, 0x07, 0xFF, 0xFE,
    0x01, 0xFF, 0xFF, 0x80, 0x3F, 0x00, 0x00, 0x07, 0xE0, 0x00, 0x00, 0xFC, 0x00, 0x00, 0x1F, 0x00,
    0x00, 0x03, 0xE0, 0x00, 0x00, 0xFC, 0x00, 0x00, 0x1F, 0x80, 0x00, 0x03, 0xF0, 0x00, 0x00, 0x7C,
    0x00, 0x00, 0x3F, 0xFF, 0xFF, 0x0F, 0xFF, 0xFF, 0xE1, 0xFF, 0xFF, 0xFC, 0x3F, 0xFF, 0xFF, 0x87,
    0xFF, 0xFF, 0xE0, 0x03, 0xFF, 0xFF, 0xE0, 0x7F, 0xFF, 0xFF, 0x07, 0xFF, 0xFF, 0xE0, 0x7F, 0xFF,
    0xFE, 0x03, 0xFF, 0xFF, 0xE0, 0x1F, 0x80, 0x00, 0x01, 0xF8, 0x00, 0x00, 0x1F, 0x00, 0x00, 0x01,
    0xF0, 0x00, 0x00, 0x1F, 0x00, 0x00, 0x03, 0xF0, 0x00, 0x00, 0x3F, 0x00, 0x00, 0x03, 0xFF, 0xFC,
    0x00, 0x3F, 0xFF, 0xC0, 0x03, 0xFF, 0xFC, 0x00, 0x7F, 0xFF, 0xC0, 0x07, 0xFF, 0xFC, 0x00, 0x7E,
    0x00, 0x00, 0x07, 0xC0, 0x00, 0x00, 0x7C, 0x00, 0x00, 0x07, 0xC0, 0x00, 0x00, 0xFC, 0x00, 0x00,
    0x0F, 0xC0, 0x00, 0x00, 0xFC, 0x00, 0x00, 0x0F, 0x80, 0x00, 0x00, 0xF8, 0x00, 0x00, 0x0F, 0x80,
    0x00, 0x07, 0xFF, 0x00, 0x00, 0x7F, 0xF0, 0x00, 0x0F, 0xFF, 0x00, 0x00, 0xFF, 0xE0, 0x00, 0x0F,
    0xFE, 0x00, 0x00, 0x00, 0x03, 0xFE, 0x00, 0x01, 0xFF, 0xFC, 0x00, 0x3F, 0xFF, 0xF0, 0x0F, 0xFF,
    0xFF, 0x01, 0xFF, 0xFF, 0xE0, 0x3F, 0xE0, 0x3C, 0x07, 0xF8, 0x00, 0xC0, 0xFE, 0x00, 0x00, 0x0F,
    0xC0, 0x00, 0x01, 0xFC, 0x00, 0x00, 0x3F, 0x80, 0x00, 0x03, 0xF0, 0x00, 0x00, 0x3F, 0x00, 0x00,
    0x07, 0xE0, 0x00, 0x00, 0x7E, 0x00, 0x00, 0x07, 0xE0, 0x00, 0x00, 0x7C, 0x00, 0x3F, 0xCF, 0xC0,
    0x03, 0xFC, 0xFC, 0x00, 0x3F, 0xCF, 0xC0, 0x03, 0xFC, 0xFC, 0x00, 0x0F, 0xCF, 0xC0, 0x00, 0xFC,
    0xFC, 0x00, 0x0F, 0x8F, 0xE0, 0x00, 0xF8, 0xFE, 0x00, 0x1F, 0x87, 0xE0, 0x01, 0xF8, 0x7F, 0x00,
    0x1F, 0x87, 0xF8, 0x01, 0xF0, 0x3F, 0xE0, 0x3F, 0x01, 0xFF, 0xFF, 0xF0, 0x1F, 0xFF, 0xFF, 0x00,
    0xFF, 0xFF, 0xE0, 0x03, 0xFF, 0xF8, 0x00, 0x0F, 0xFC, 0x00, 0x03, 0xFC, 0x00, 0x1F, 0xE0, 0xFF,
    0x80, 0x03, 0xFC, 0x1F, 0xE0, 0x00, 0x7F, 0x83, 0xFC, 0x00, 0x0F, 0xF0, 0x7F, 0x80, 0x01, 0xFE,
    0x03, 0xF0, 0x00, 0x7E, 0x00, 0x7E, 0x00, 0x0F, 0xC0, 0x0F, 0xC0, 0x01, 0xF8, 0x01, 0xF0, 0x00,
    0x3E, 0x00, 0x3E, 0x00, 0x07, 0xC0, 0x0F, 0xC0, 0x01, 0xF8, 0x01, 0xF8, 0x00, 0x3F, 0x00, 0x3F,
    0x00, 0x07, 0xE0, 0x07, 0xFF, 0xFF, 0xFC, 0x00, 0xFF, 0xFF, 0xFF, 0x00, 0x3F, 0xFF, 0xFF, 0xE0,
    0x07, 0xFF, 0xFF, 0xFC, 0x00, 0xFF, 0xFF, 0xFF, 0x80, 0x1F, 0x80, 0x03, 0xF0, 0x03, 0xE0, 0x00,
    0x7C, 0x00, 0x7C, 0x00, 0x0F, 0x80, 0x1F, 0x80, 0x01, 0xF0, 0x03, 0xF0, 0x00, 0x7E, 0x00, 0x7E,
    0x00, 0x0F, 0xC0, 0x0F, 0xC0, 0x01, 0xF8, 0x01, 0xF0, 0x00, 0x3E, 0x00, 0x7E, 0x00, 0x07, 0xC0,
    0x3F, 0xC0, 0x01, 0xFE, 0x07, 0xF8, 0x00, 0x3F, 0xE1, 0xFF, 0x00, 0x07, 0xF8, 0x3F, 0xC0, 0x00,
    0xFF, 0x07, 0xF8, 0x00, 0x1F, 0xE0, 0x03, 0xFF, 0x07, 0xFF, 0x07, 0xFF, 0x07, 0xFE, 0x07, 0xFE,
    0x01, 0xF8, 0x01, 0xF0, 0x01, 0xF0, 0x01, 0xF0, 0x03, 0xF0, 0x03, 0xF0, 0x03, 0xE0, 0x03, 0xE0,
    0x03, 0xE0, 0x07, 0xE0, 0x07, 0xE0, 0x07, 0xE0, 0x07, 0xC0, 0x07, 0xC0, 0x07, 0xC0, 0x0F, 0xC0,
    0x0F, 0xC0, 0x0F, 0x80, 0x0F, 0x80, 0x0F, 0x80, 0x1F, 0x80, 0x1F, 0x80, 0x7F, 0xE0, 0x7F, 0xE0,
    0xFF, 0xE0, 0xFF, 0xC0, 0xFF, 0xC0, 0x00, 0x3F, 0xF0, 0x01, 0xFF, 0xC0, 0x0F, 0xFC, 0x00, 0xFF,
    0xE0, 0x07, 0xFF, 0x00, 0x07, 0xC0, 0x00, 0x3E, 0x00, 0x03, 0xF0, 0x00, 0x1F, 0x80, 0x00, 0xF8,
    0x00, 0x07, 0xC0, 0x00, 0x3E, 0x00, 0x03, 0xF0, 0x00, 0x1F, 0x80, 0x00, 0xFC, 0x00, 0x07, 0xC0,
    0x00, 0x3E, 0x00, 0x01, 0xF0, 0x00, 0x1F, 0x80, 0x00, 0xFC, 0x00, 0x07, 0xE0, 0x00, 0x3E, 0x00,
    0x01, 0xF0, 0x00, 0x0F, 0x80, 0x00, 0xFC, 0x00, 0x07, 0xE0, 0x00, 0x3E, 0x01, 0xC3, 0xF0, 0x0F,
    0xFF, 0x80, 0x7F, 0xF8, 0x03, 0xFF, 0x80, 0x1F, 0xF8, 0x00, 0x3F, 0x00, 0x00, 0x03, 0xFC, 0x00,
    0x7F, 0x81, 0xFE, 0x00, 0x7F, 0xC0, 0xFF, 0x00, 0x7F, 0xE0, 0xFF, 0x00, 0x7F, 0xE0, 0x7F, 0x80,
    0x7F, 0xF0, 0x07, 0xC0, 0x7F, 0x00, 0x07, 0xE0, 0x7F, 0x00, 0x03, 0xF0, 0x7F, 0x00, 0x01, 0xF8,
    0xFE, 0x00, 0x00, 0xF8, 0xFE, 0x00, 0x00, 0x7C, 0xFE, 0x00, 0x00, 0x7E, 0xFE, 0x00, 0x00, 0x3F,
    0xFF, 0x00, 0x00, 0x1F, 0xFF, 0x80, 0x00, 0x0F, 0xFF, 0xC0, 0x00, 0x07, 0xFF, 0xF0, 0x00, 0x03,
    0xFD, 0xF8, 0x00, 0x03, 0xFC, 0xFE, 0x00, 0x01, 0xFC, 0x3F, 0x00, 0x00, 0xFC, 0x1F, 0xC0, 0x00,
    0x7C, 0x0F, 0xE0, 0x00, 0x3E, 0x03, 0xF8, 0x00, 0x3F, 0x01, 0xFC, 0x00, 0x1F, 0x80, 0x7E, 0x00,
    0x0F, 0xC0, 0x3F, 0x80, 0x07, 0xE0, 0x0F, 0xC0, 0x03, 0xE0, 0x07, 0xF0, 0x0F, 0xF0, 0x03, 0xFF,
    0x07, 0xF8, 0x00, 0xFF, 0x83, 0xFC, 0x00, 0x7F, 0xC3, 0xFE, 0x00, 0x1F, 0xE0, 0xFE, 0x00, 0x0F,
    0xF0, 0x03, 0xFF, 0x80, 0x03, 0xFF, 0x80, 0x03, 0xFF, 0x80, 0x07, 0xFF, 0x00, 0x07, 0xFF, 0x00,
    0x00, 0xF8, 0x00, 0x01, 0xF8, 0x00, 0x01, 0xF8, 0x00, 0x01, 0xF8, 0x00, 0x01, 0xF0, 0x00, 0x01,
    0xF0, 0x00, 0x03, 0xF0, 0x00, 0x03, 0xF0, 0x00, 0x03, 0xF0, 0x00, 0x03, 0xF0, 0x00, 0x03, 0xE0,
    0x00, 0x03, 0xE0, 0x00, 0x07, 0xE0, 0x00, 0x07, 0xE0, 0x00, 0x07, 0xE0, 0x00, 0x07, 0xC0, 0x00,
    0x07, 0xC0, 0x00, 0x07, 0xC0, 0x00, 0x0F, 0xC0, 0x00, 0x0F, 0xC0, 0x00, 0x0F, 0xC0, 0x00, 0x0F,
    0x80, 0x00, 0x3F, 0xFF, 0xFF, 0x7F, 0xFF, 0xFF, 0x7F, 0xFF, 0xFF, 0x7F, 0xFF, 0xFF, 0xFF, 0xFF,
    0xFE, 0x03, 0xFF, 0x00, 0x00, 0x3F, 0xF0, 0x3F, 0xF0, 0x00, 0x07, 0xFF, 0x07, 0xFF, 0x00, 0x00,
    0x7F, 0xF0, 0x7F, 0xF0, 0x00, 0x0F, 0xFF, 0x07, 0xFF, 0x80, 0x00, 0xFF, 0xE0, 0x1F, 0xF8, 0x00,
    0x1F, 0xF8, 0x01, 0xFF, 0x80, 0x03, 0xFF, 0x00, 0x1F, 0xF8, 0x00, 0x3F, 0xF0, 0x01, 0xFF, 0xC0,
    0x07, 0xFF, 0x00, 0x1F, 0xFC, 0x00, 0x7F, 0xF0, 0x01, 0xFF, 0xC0, 0x0F, 0xFF, 0x00, 0x3E, 0xFC,
    0x01, 0xFB, 0xE0, 0x03, 0xE7, 0xE0, 0x1F, 0x3E, 0x00, 0x3E, 0x7E, 0x03, 0xF7, 0xE0, 0x03, 0xE7,
    0xE0, 0x3E, 0x7E, 0x00, 0x3E, 0x7E, 0x07, 0xE7, 0xE0, 0x07, 0xE3, 0xF0, 0x7C, 0x7E, 0x00, 0x7C,
    0x3F, 0x0F, 0x87, 0xC0, 0x07, 0xC3, 0xF1, 0xF8, 0x7C, 0x00, 0x7C, 0x3F, 0x1F, 0x0F, 0xC0, 0x07,
    0xC1, 0xF3, 0xF0, 0xFC, 0x00, 0x7C, 0x1F, 0xBE, 0x0F, 0xC0, 0x0F, 0xC1, 0xFF, 0xE0, 0xF8, 0x00,
    0xF8, 0x1F, 0xFC, 0x0F, 0x80, 0x0F, 0x80, 0xFF, 0x80, 0xF8, 0x00, 0xF8, 0x0F, 0xF8, 0x1F, 0x80,
    0x0F, 0x80, 0xFF, 0x01, 0xF8, 0x07, 0xF8, 0x0F, 0xF0, 0x1F, 0xE0, 0x7F, 0x00, 0xFE, 0x01, 0xFE,
    0x0F, 0xF0, 0x07, 0xC0, 0x1F, 0xE0, 0xFF, 0x00, 0x7C, 0x03, 0xFE, 0x0F, 0xF0, 0x07, 0x80, 0x3F,
    0xC0, 0x07, 0xFC, 0x00, 0x07, 0xF0, 0x3F, 0xE0, 0x00, 0x3F, 0xC1, 0xFF, 0x80, 0x03, 0xFC, 0x0F,
    0xFC, 0x00, 0x1F, 0xE0, 0xFF, 0xF0, 0x00, 0xFF, 0x00, 0xFF, 0x80, 0x07, 0xC0, 0x07, 0xFE, 0x00,
    0x3E, 0x00, 0x7F, 0xF0, 0x01, 0xF0, 0x03, 0xFF, 0xC0, 0x1F, 0x80, 0x1F, 0x7E, 0x00, 0xFC, 0x00,
    0xFB, 0xF8, 0x07, 0xC0, 0x07, 0xCF, 0xC0, 0x3E, 0x00, 0x7E, 0x7F, 0x01, 0xF0, 0x03, 0xF1, 0xF8,
    0x1F, 0x80, 0x1F, 0x0F, 0xE0, 0xFC, 0x00, 0xF8, 0x3F, 0x07, 0xE0, 0x07, 0xC1, 0xFC, 0x3E, 0x00,
    0x3E, 0x07, 0xE1, 0xF0, 0x03, 0xF0, 0x3F, 0x8F, 0x80, 0x1F, 0x80, 0xFC, 0xFC, 0x00, 0xF8, 0x07,
    0xF7, 0xE0, 0x07, 0xC0, 0x3F, 0xBE, 0x00, 0x3E, 0x00, 0xFF, 0xF0, 0x03, 0xF0, 0x07, 0xFF, 0x80,
    0x1F, 0x80, 0x1F, 0xFC, 0x00, 0xF8, 0x00, 0xFF, 0xE0, 0x07, 0xC0, 0x03, 0xFF, 0x00, 0xFE, 0x00,
    0x1F, 0xF0, 0x0F, 0xF0, 0x00, 0x7F, 0x80, 0x7F, 0x80, 0x03, 0xFC, 0x03, 0xFC, 0x00, 0x0F, 0xE0,
    0x1F, 0xC0, 0x00, 0x7E, 0x00, 0x00, 0x03, 0xFE, 0x00, 0x00, 0x3F, 0xFF, 0x00, 0x01, 0xFF, 0xFF,
    0x80, 0x07, 0xFF, 0xFF, 0x80, 0x3F, 0xFF, 0xFF, 0x80, 0xFF, 0x80, 0xFF, 0x01, 0xFC, 0x00, 0xFF,
    0x07, 0xF0, 0x00, 0xFE, 0x1F, 0xC0, 0x00, 0xFE, 0x3F, 0x00, 0x01, 0xFC, 0xFC, 0x00, 0x01, 0xF9,
    0xF8, 0x00, 0x03, 0xF7, 0xE0, 0x00, 0x07, 0xEF, 0xC0, 0x00, 0x0F, 0xDF, 0x80, 0x00, 0x1F, 0xFE,
    0x00, 0x00, 0x3F, 0xFC, 0x00, 0x00, 0x7F, 0xF8, 0x00, 0x00, 0xFF, 0xF0, 0x00, 0x03, 0xF7, 0xE0,
    0x00, 0x07, 0xEF, 0xC0, 0x00, 0x0F, 0xDF, 0x80, 0x00, 0x3F, 0xBF, 0x00, 0x00, 0x7E, 0x7E, 0x00,
    0x01, 0xFC, 0xFC, 0x00, 0x03, 0xF1, 0xFC, 0x00, 0x0F, 0xE1, 0xFC, 0x00, 0x3F, 0x83, 0xF8, 0x00,
    0xFE, 0x07, 0xFC, 0x07, 0xF8, 0x07, 0xFF, 0xFF, 0xE0, 0x07, 0xFF, 0xFF, 0x80, 0x07, 0xFF, 0xFE,
    0x00, 0x07, 0xFF, 0xF0, 0x00, 0x01, 0xFF, 0x00, 0x00, 0x03, 0xFF, 0xFC, 0x00, 0x3F, 0xFF, 0xF8,
    0x07, 0xFF, 0xFF, 0xC0, 0x7F, 0xFF, 0xFE, 0x03, 0xFF, 0xFF, 0xE0, 0x1F, 0x80, 0xFF, 0x01, 0xF8,
    0x07, 0xF0, 0x1F, 0x80, 0x3F, 0x01, 0xF0, 0x03, 0xF0, 0x1F, 0x00, 0x3F, 0x03, 0xF0, 0x03, 0xE0,
    0x3F, 0x00, 0x7E, 0x03, 0xF0, 0x0F, 0xE0, 0x3E, 0x01, 0xFC, 0x03, 0xFF, 0xFF, 0xC0, 0x3F, 0xFF,
    0xF8, 0x07, 0xFF, 0xFF, 0x00, 0x7F, 0xFF, 0xC0, 0x07, 0xFF, 0xE0, 0x00, 0x7C, 0x00, 0x00, 0x07,
    0xC0, 0x00, 0x00, 0xFC, 0x00, 0x00, 0x0F, 0xC0, 0x00, 0x00, 0xFC, 0x00, 0x00, 0x0F, 0xC0, 0x00,
    0x00, 0xF8, 0x00, 0x00, 0x0F, 0x80, 0x00, 0x07, 0xFF, 0x00, 0x00, 0x7F, 0xF0, 0x00, 0x07, 0xFF,
    0x00, 0x00, 0xFF, 0xE0, 0x00, 0x0F, 0xFE, 0x00, 0x00, 0x00, 0x03, 0xFE, 0x00, 0x00, 0x1F, 0xFF,
    0xC0, 0x00, 0x7F, 0xFF, 0xE0, 0x00, 0xFF, 0xFF, 0xF0, 0x01, 0xFF, 0xFF, 0xF8, 0x03, 0xFE, 0x07,
    0xFC, 0x07, 0xF8, 0x01, 0xFC, 0x0F, 0xE0, 0x00, 0xFE, 0x0F, 0xC0, 0x00, 0xFE, 0x1F, 0x80, 0x00,
    0x7E, 0x3F, 0x80, 0x00, 0x7E, 0x3F, 0x00, 0x00, 0x7E, 0x3F, 0x00, 0x00, 0x7F, 0x7E, 0x00, 0x00,
    0x7F, 0x7E, 0x00, 0x00, 0x7E, 0x7E, 0x00, 0x00, 0x7E, 0x7E, 0x00, 0x00, 0x7E, 0xFC, 0x00, 0x00,
    0x7E, 0xFC, 0x00, 0x00, 0x7E, 0xFC, 0x00, 0x00, 0xFE, 0xFC, 0x00, 0x00, 0xFC, 0xFC, 0x00, 0x00,
    0xFC, 0xFC, 0x00, 0x01, 0xFC, 0xFE, 0x00, 0x01, 0xF8, 0xFE, 0x00, 0x03, 0xF8, 0x7E, 0x00, 0x07,
    0xF0, 0x7F, 0x00, 0x0F, 0xE0, 0x7F, 0x80, 0x1F, 0xE0, 0x3F, 0xE0, 0x7F, 0xC0, 0x3F, 0xFF, 0xFF,
    0x80, 0x1F, 0xFF, 0xFF, 0x00, 0x0F, 0xFF, 0xFC, 0x00, 0x03, 0xFF, 0xF0, 0x00, 0x00, 0xFF, 0xC0,
    0x00, 0x03, 0xFF, 0xF0, 0x38, 0x07, 0xFF, 0xFF, 0xF8, 0x07, 0xFF, 0xFF, 0xF8, 0x0F, 0x83, 0xFF,
    0xF0, 0x03, 0x00, 0xFF, 0xE0, 0x00, 0x00, 0x1F, 0xC0, 0x03, 0xFF, 0xFC, 0x00, 0x7F, 0xFF, 0xF8,
    0x07, 0xFF, 0xFF, 0xC0, 0x7F, 0xFF, 0xFE, 0x03, 0xFF, 0xFF, 0xE0, 0x1F, 0x80, 0xFE, 0x01, 0xF8,
    0x07, 0xF0, 0x1F, 0x00, 0x3F, 0x01, 0xF0, 0x03, 0xF0, 0x3F, 0x00, 0x7E, 0x03, 0xF0, 0x07, 0xE0,
    0x3F, 0x00, 0xFE, 0x03, 0xE0, 0x1F, 0xC0, 0x3F, 0xFF, 0xFC, 0x03, 0xFF, 0xFF, 0x80, 0x7F, 0xFF,
    0xF0, 0x07, 0xFF, 0xFC, 0x00, 0x7F, 0xFF, 0x80, 0x07, 0xC1, 0xFC, 0x00, 0x7C, 0x0F, 0xC0, 0x0F,
    0xC0, 0xFC, 0x00, 0xFC, 0x0F, 0xC0, 0x0F, 0xC0, 0x7E, 0x00, 0xFC, 0x07, 0xE0, 0x0F, 0x80, 0x7E,
    0x00, 0xF8, 0x07, 0xE0, 0x1F, 0x80, 0x7E, 0x07, 0xFE, 0x07, 0xFE, 0x7F, 0xE0, 0x7F, 0xEF, 0xFE,
    0x07, 0xFC, 0xFF, 0xE0, 0x3F, 0xCF, 0xFE, 0x01, 0xFC, 0x00, 0x0F, 0xF8, 0x00, 0x1F, 0xFF, 0x80,
    0x3F, 0xFF, 0xE0, 0x3F, 0xFF, 0xF0, 0x3F, 0xFF, 0xF0, 0x3F, 0xC0, 0x78, 0x1F, 0x80, 0x00, 0x1F,
    0x80, 0x00, 0x0F, 0xC0, 0x00, 0x07, 0xC0, 0x00, 0x03, 0xE0, 0x00, 0x01, 0xF8, 0x00, 0x00, 0xFE,
    0x00, 0x00, 0x7F, 0xC0, 0x00, 0x1F, 0xFC, 0x00, 0x0F, 0xFF, 0x80, 0x03, 0xFF, 0xF0, 0x00, 0x7F,
    0xFC, 0x00, 0x0F, 0xFE, 0x00, 0x01, 0xFF, 0x80, 0x00, 0x3F, 0xC0, 0x00, 0x07, 0xE0, 0x00, 0x03,
    0xF0, 0x00, 0x01, 0xF8, 0x00, 0x00, 0xFC, 0x00, 0x00, 0x7E, 0x00, 0x00, 0x3F, 0x0C, 0x00, 0x3F,
    0x07, 0xC0, 0x7F, 0x83, 0xFF, 0xFF, 0x83, 0xFF, 0xFF, 0x81, 0xFF, 0xFF, 0x80, 0x7F, 0xFF, 0x00,
    0x07, 0xFC, 0x00, 0x00, 0x7F, 0xFF, 0xFF, 0xDF, 0xFF, 0xFF, 0xF7, 0xFF, 0xFF, 0xF9, 0xFF, 0xFF,
    0xFE, 0xFF, 0xFF, 0xFF, 0x80, 0x0F, 0x80, 0x00, 0x03, 0xE0, 0x00, 0x01, 0xF8, 0x00, 0x00, 0x7E,
    0x00, 0x00, 0x1F, 0x80, 0x00, 0x07, 0xC0, 0x00, 0x01, 0xF0, 0x00, 0x00, 0xFC, 0x00, 0x00, 0x3F,
    0x00, 0x00, 0x0F, 0xC0, 0x00, 0x03, 0xF0, 0x00, 0x00, 0xF8, 0x00, 0x00, 0x3E, 0x00, 0x00, 0x1F,
    0x80, 0x00, 0x07, 0xE0, 0x00, 0x01, 0xF8, 0x00, 0x00, 0x7C, 0x00, 0x00, 0x1F, 0x00, 0x00, 0x0F,
    0xC0, 0x00, 0x03, 0xF0, 0x00, 0x00, 0xFC, 0x00, 0x00, 0x3F, 0x00, 0x00, 0x7F, 0xF0, 0x00, 0x1F,
    0xFC, 0x00, 0x07, 0xFF, 0x00, 0x01, 0xFF, 0x80, 0x00, 0x7F, 0xE0, 0x00, 0x3F, 0xC0, 0x01, 0xFE,
    0xFF, 0x80, 0x03, 0xFD, 0xFE, 0x00, 0x07, 0xFB, 0xFC, 0x00, 0x0F, 0xF7, 0xF8, 0x00, 0x1F, 0xC3,
    0xF0, 0x00, 0x7E, 0x07, 0xE0, 0x00, 0xFC, 0x0F, 0x80, 0x01, 0xF8, 0x1F, 0x00, 0x03, 0xE0, 0x7E,
    0x00, 0x07, 0xC0, 0xFC, 0x00, 0x1F, 0x81, 0xF8, 0x00, 0x3F, 0x03, 0xF0, 0x00, 0x7E, 0x07, 0xC0,
    0x00, 0xF8, 0x1F, 0x80, 0x01, 0xF0, 0x3F, 0x00, 0x03, 0xE0, 0x7E, 0x00, 0x0F, 0xC0, 0xFC, 0x00,
    0x1F, 0x81, 0xF8, 0x00, 0x3F, 0x03, 0xE0, 0x00, 0x7C, 0x0F, 0xC0, 0x00, 0xF8, 0x1F, 0x80, 0x03,
    0xF0, 0x3F, 0x00, 0x07, 0xE0, 0x7E, 0x00, 0x0F, 0xC0, 0xFC, 0x00, 0x3F, 0x01, 0xF8, 0x00, 0x7E,
    0x03, 0xF8, 0x01, 0xF8, 0x07, 0xFC, 0x0F, 0xF0, 0x07, 0xFF, 0xFF, 0xC0, 0x0F, 0xFF, 0xFF, 0x00,
    0x0F, 0xFF, 0xFC, 0x00, 0x07, 0xFF, 0xE0, 0x00, 0x03, 0xFF, 0x00, 0x00, 0x7F, 0x00, 0x00, 0xFE,
    0xFF, 0x00, 0x01, 0xFD, 0xFE, 0x00, 0x07, 0xFB, 0xFC, 0x00, 0x0F, 0xFF, 0xF8, 0x00, 0x3F, 0xC3,
    0xF0, 0x00, 0x7C, 0x07, 0xE0, 0x01, 0xF8, 0x07, 0xE0, 0x03, 0xE0, 0x0F, 0xC0, 0x0F, 0xC0, 0x1F,
    0x80, 0x1F, 0x00, 0x3F, 0x00, 0x7E, 0x00, 0x7E, 0x01, 0xF8, 0x00, 0xFC, 0x03, 0xE0, 0x00, 0xFC,
    0x0F, 0xC0, 0x01, 0xF8, 0x1F, 0x00, 0x03, 0xF0, 0x7E, 0x00, 0x07, 0xE0, 0xF8, 0x00, 0x0F, 0xC3,
    0xF0, 0x00, 0x1F, 0x87, 0xC0, 0x00, 0x1F, 0x9F, 0x80, 0x00, 0x3F, 0x3E, 0x00, 0x00, 0x7E, 0xFC,
    0x00, 0x00, 0xFD, 0xF0, 0x00, 0x01, 0xFF, 0xE0, 0x00, 0x01, 0xFF, 0x80, 0x00, 0x03, 0xFE, 0x00,
    0x00, 0x07, 0xFC, 0x00, 0x00, 0x0F, 0xF0, 0x00, 0x00, 0x1F, 0xE0, 0x00, 0x00, 0x3F, 0x80, 0x00,
    0x00, 0x3F, 0x00, 0x00, 0x00, 0x7C, 0x00, 0x00, 0x7F, 0x00, 0x07, 0xC0, 0x01, 0xFD, 0xFC, 0x00,
    0x3F, 0x00, 0x0F, 0xF7, 0xF0, 0x00, 0xFE, 0x00, 0x3F, 0xDF, 0xC0, 0x07, 0xF8, 0x01, 0xFE, 0xFF,
    0x80, 0x1F, 0xE0, 0x07, 0xF8, 0x7E, 0x00, 0xFF, 0x80, 0x3F, 0x01, 0xF8, 0x03, 0xFE, 0x00, 0xFC,
    0x07, 0xE0, 0x1F, 0xF8, 0x03, 0xE0, 0x1F, 0x80, 0x7F, 0xE0, 0x1F, 0x80, 0x7E, 0x03, 0xFF, 0x80,
    0x7C, 0x01, 0xF8, 0x0F, 0xFE, 0x03, 0xF0, 0x07, 0xE0, 0x7E, 0xF8, 0x0F, 0x80, 0x0F, 0x81, 0xF3,
    0xF0, 0x7E, 0x00, 0x3E, 0x07, 0xCF, 0xC1, 0xF0, 0x00, 0xFC, 0x3E, 0x3F, 0x0F, 0xC0, 0x03, 0xF0,
    0xF8, 0xFC, 0x3E, 0x00, 0x0F, 0xC7, 0xC3, 0xF1, 0xF8, 0x00, 0x3F, 0x1F, 0x0F, 0xC7, 0xC0, 0x00,
    0xFC, 0xF8, 0x3F, 0x3F, 0x00, 0x03, 0xF3, 0xE0, 0xFC, 0xF8, 0x00, 0x0F, 0xDF, 0x81, 0xF3, 0xE0,
    0x00, 0x3F, 0x7C, 0x07, 0xFF, 0x00, 0x00, 0x7F, 0xF0, 0x1F, 0xFC, 0x00, 0x01, 0xFF, 0x80, 0x7F,
    0xF0, 0x00, 0x07, 0xFE, 0x01, 0xFF, 0x80, 0x00, 0x1F, 0xF0, 0x07, 0xFE, 0x00, 0x00, 0x7F, 0xC0,
    0x1F, 0xF0, 0x00, 0x01, 0xFE, 0x00, 0x7F, 0xC0, 0x00, 0x07, 0xF8, 0x01, 0xFE, 0x00, 0x00, 0x1F,
    0xC0, 0x03, 0xF8, 0x00, 0x00, 0x7F, 0x00, 0x0F, 0xC0, 0x00, 0x00, 0xF8, 0x00, 0x3F, 0x00, 0x00,
    0x03, 0xF8, 0x00, 0x1F, 0x81, 0xFC, 0x00, 0x1F, 0xC1, 0xFF, 0x00, 0x1F, 0xE0, 0xFF, 0x80, 0x1F,
    0xF0, 0x7F, 0xE0, 0x1F, 0xF8, 0x03, 0xF0, 0x1F, 0xC0, 0x01, 0xFC, 0x0F, 0xC0, 0x00, 0x7E, 0x0F,
    0xC0, 0x00, 0x3F, 0x8F, 0xC0, 0x00, 0x0F, 0xCF, 0xC0, 0x00, 0x07, 0xFF, 0xC0, 0x00, 0x01, 0xFF,
    0xC0, 0x00, 0x00, 0xFF, 0xC0, 0x00, 0x00, 0x3F, 0xE0, 0x00, 0x00, 0x1F, 0xE0, 0x00, 0x00, 0x07,
    0xE0, 0x00, 0x00, 0x07, 0xF8, 0x00, 0x00, 0x07, 0xFC, 0x00, 0x00, 0x07, 0xFF, 0x00, 0x00, 0x07,
    0xFF, 0x80, 0x00, 0x07, 0xEF, 0xE0, 0x00, 0x03, 0xF3, 0xF0, 0x00, 0x03, 0xF1, 0xFC, 0x00, 0x03,
    0xF0, 0x7E, 0x00, 0x03, 0xF0, 0x3F, 0x80, 0x03, 0xF0, 0x0F, 0xC0, 0x03, 0xF0, 0x07, 0xF0, 0x1F,
    0xF8, 0x01, 0xFF, 0x0F, 0xF8, 0x00, 0xFF, 0x87, 0xF8, 0x00, 0x3F, 0xC3, 0xF8, 0x00, 0x1F, 0xE1,
    0xF8, 0x00, 0x07, 0xF0, 0x7E, 0x00, 0x03, 0xF7, 0xF0, 0x00, 0x7F, 0x7F, 0x00, 0x0F, 0xFF, 0xF8,
    0x00, 0xFE, 0xFF, 0x80, 0x1F, 0xE1, 0xFC, 0x03, 0xF0, 0x1F, 0xC0, 0x7E, 0x00, 0xFC, 0x0F, 0xC0,
    0x0F, 0xE0, 0xFC, 0x00, 0x7E, 0x1F, 0x80, 0x07, 0xF3, 0xF0, 0x00, 0x3F, 0x7E, 0x00, 0x03, 0xFF,
    0xE0, 0x00, 0x1F, 0xFC, 0x00, 0x01, 0xFF, 0x80, 0x00, 0x0F, 0xF0, 0x00, 0x00, 0xFE, 0x00, 0x00,
    0x07, 0xE0, 0x00, 0x00, 0x7C, 0x00, 0x00, 0x07, 0xC0, 0x00, 0x00, 0xFC, 0x00, 0x00, 0x0F, 0xC0,
    0x00, 0x00, 0xFC, 0x00, 0x00, 0x0F, 0x80, 0x00, 0x00, 0xF8, 0x00, 0x00, 0x1F, 0x80, 0x00, 0x01,
    0xF8, 0x00, 0x00, 0x7F, 0xE0, 0x00, 0x0F, 0xFE, 0x00, 0x00, 0xFF, 0xE0, 0x00, 0x0F, 0xFE, 0x00,
    0x00, 0xFF, 0xC0, 0x00, 0x07, 0xFF, 0xFF, 0xF8, 0x3F, 0xFF, 0xFF, 0xC1, 0xFF, 0xFF, 0xFC, 0x0F,
    0xFF, 0xFF, 0xE0, 0x7F, 0xFF, 0xFF, 0x00, 0x00, 0x07, 0xF0, 0x00, 0x00, 0x3F, 0x00, 0x00, 0x03,
    0xF0, 0x00, 0x00, 0x3F, 0x00, 0x00, 0x03, 0xF0, 0x00, 0x00, 0x3F, 0x00, 0x00, 0x03, 0xF0, 0x00,
    0x00, 0x3F, 0x80, 0x00, 0x03, 0xF8, 0x00, 0x00, 0x3F, 0x80, 0x00, 0x03, 0xF8, 0x00, 0x00, 0x3F,
    0x80, 0x00, 0x03, 0xF8, 0x00, 0x00, 0x3F, 0x80, 0x00, 0x01, 0xF8, 0x00, 0x00, 0x1F, 0x80, 0x00,
    0x01, 0xF8, 0x00, 0x00, 0x1F, 0x80, 0x00, 0x01, 0xF8, 0x00, 0x00, 0x1F, 0xC0, 0x00, 0x01, 0xFC,
    0x00, 0x00, 0x1F, 0xC0, 0x00, 0x01, 0xFF, 0xFF, 0xFE, 0x0F, 0xFF, 0xFF, 0xF0, 0x7F, 0xFF, 0xFF,
    0x83, 0xFF, 0xFF, 0xFC, 0x1F, 0xFF, 0xFF, 0xC0, 0x01, 0xFE, 0x07, 0xFC, 0x0F, 0xF8, 0x1F, 0xF0,
    0x3F, 0xC0, 0x7C, 0x00, 0xF0, 0x03, 0xE0, 0x07, 0xC0, 0x0F, 0x80, 0x1F, 0x00, 0x3E, 0x00, 0xF8,
    0x01, 0xF0, 0x03, 0xE0, 0x07, 0xC0, 0x0F, 0x80, 0x1F, 0x00, 0x7C, 0x00, 0xF8, 0x01, 0xF0, 0x03,
    0xE0, 0x07, 0xC0, 0x0F, 0x00, 0x3E, 0x00, 0x7C, 0x00, 0xF8, 0x01, 0xF0, 0x03, 0xE0, 0x0F, 0x80,
    0x1F, 0x00, 0x3E, 0x00, 0x7C, 0x00, 0xFF, 0x01, 0xFE, 0x07, 0xFC, 0x0F, 0xF8, 0x1F, 0xE0, 0x00,
    0x38, 0x0F, 0x80, 0xF8, 0x0F, 0xC0, 0xFC, 0x07, 0xC0, 0x7C, 0x07, 0xE0, 0x7E, 0x03, 0xE0, 0x3E,
    0x03, 0xF0, 0x3F, 0x01, 0xF0, 0x1F, 0x01, 0xF0, 0x1F, 0x81, 0xF8, 0x0F, 0x80, 0xF8, 0x0F, 0xC0,
    0xFC, 0x07, 0xC0, 0x7C, 0x07, 0xE0, 0x7E, 0x03, 0xE0, 0x3E, 0x03, 0xF0, 0x3F, 0x01, 0xF0, 0x1F,
    0x01, 0xF0, 0x1C, 0x03, 0xFE, 0x07, 0xFC, 0x0F, 0xF0, 0x1F, 0xE0, 0x3F, 0xC0, 0x0F, 0x80, 0x1F,
    0x00, 0x3E, 0x00, 0xF8, 0x01, 0xF0, 0x03, 0xE0, 0x07, 0xC0, 0x0F, 0x80, 0x1E, 0x00, 0x7C, 0x00,
    0xF8, 0x01, 0xF0, 0x03, 0xE0, 0x07, 0xC0, 0x1F, 0x00, 0x3E, 0x00, 0x7C, 0x00, 0xF8, 0x01, 0xF0,
    0x03, 0xC0, 0x0F, 0x80, 0x1F, 0x00, 0x3E, 0x00, 0x7C, 0x00, 0xF8, 0x03, 0xE0, 0x07, 0xC0, 0x0F,
    0x81, 0xFF, 0x03, 0xFE, 0x07, 0xFC, 0x0F, 0xF0, 0x1F, 0xE0, 0x00, 0x00, 0x07, 0x80, 0x00, 0x0F,
    0xC0, 0x00, 0x0F, 0xC0, 0x00, 0x1F, 0xC0, 0x00, 0x3F, 0xE0, 0x00, 0x7F, 0xE0, 0x00, 0x7F, 0xE0,
    0x00, 0xFF, 0xF0, 0x01, 0xFB, 0xF0, 0x01, 0xF1, 0xF0, 0x03, 0xF1, 0xF8, 0x07, 0xE1, 0xF8, 0x07,
    0xC0, 0xFC, 0x0F, 0x80, 0xFC, 0x1F, 0x80, 0xFC, 0x3F, 0x00, 0x7E, 0x3E, 0x00, 0x7E, 0x7E, 0x00,
    0x7E, 0xFC, 0x00, 0x3F, 0xF8, 0x00, 0x3E, 0x30, 0x00, 0x18, 0xFF, 0xFF, 0xFF, 0xFF, 0xFF, 0xFF,
    0xFF, 0xFF, 0xFF, 0xFF, 0xFF, 0xFF, 0xFF, 0xFF, 0xE0, 0xF8, 0x7E, 0x3F, 0x0F, 0xC3, 0xE1, 0xF8,
    0x7E, 0x1F, 0x0F, 0x83, 0xC0, 0x00, 0x7F, 0x00, 0x0F, 0xFF, 0x00, 0x7F, 0xFE, 0x01, 0xFF, 0xFC,
    0x07, 0xFF, 0xF0, 0x1C, 0x0F, 0xC0, 0x3F, 0x9F, 0x03, 0xFF, 0xFC, 0x1F, 0xFF, 0xF0, 0xFF, 0xFF,
    0xC7, 0xFF, 0xFF, 0x1F, 0x83, 0xF8, 0xFC, 0x07, 0xE3, 0xF0, 0x0F, 0x8F, 0x80, 0x7E, 0x3E, 0x01,
    0xF8, 0xFC, 0x1F, 0xE3, 0xFF, 0xFF, 0xEF, 0xFF, 0xFF, 0xDF, 0xFF, 0xFF, 0x3F, 0xFF, 0xF8, 0x3F,
    0x8F, 0x80, 0x0F, 0x80, 0x00, 0x3F, 0xC0, 0x00, 0x7F, 0xC0, 0x00, 0x3F, 0xC0, 0x00, 0x37, 0xC0,
    0x00, 0x07, 0xC0, 0x00, 0x07, 0xC0, 0x00, 0x0F, 0xC0, 0x00, 0x0F, 0xC0, 0x00, 0x0F, 0x80, 0x00,
    0x0F, 0x80, 0x00, 0x0F, 0x80, 0x00, 0x1F, 0x8F, 0xC0, 0x1F, 0xFF, 0xF0, 0x1F, 0xFF, 0xFC, 0x1F,
    0xFF, 0xFC, 0x1F, 0xFF, 0xFE, 0x1F, 0xE0, 0xFE, 0x3F, 0xC0, 0x7E, 0x3F, 0x80, 0x7F, 0x3F, 0x00,
    0x3F, 0x3F, 0x00, 0x3F, 0x3E, 0x00, 0x3E, 0x3E, 0x00, 0x3E, 0x7E, 0x00, 0x7E, 0x7E, 0x00, 0x7E,
    0x7E, 0x00, 0x7C, 0x7E, 0x00, 0xFC, 0x7F, 0x01, 0xFC, 0x7F, 0x83, 0xF8, 0xFF, 0xFF, 0xF0, 0xFF,
    0xFF, 0xE0, 0xFF, 0xFF, 0xC0, 0xFF, 0xFF, 0x80, 0xF9, 0xFE, 0x00, 0x00, 0x7F, 0x80, 0x1F, 0xFE,
    0x07, 0xFF, 0xF0, 0xFF, 0xFE, 0x1F, 0xFF, 0xE3, 0xFC, 0x1C, 0x7F, 0x00, 0x07, 0xE0, 0x00, 0x7C,
    0x00, 0x0F, 0xC0, 0x00, 0xF8, 0x00, 0x0F, 0x80, 0x00, 0xF8, 0x00, 0x0F, 0x80, 0x00, 0xFC, 0x00,
    0x0F, 0xC0, 0x10, 0xFE, 0x07, 0x8F, 0xFF, 0xF8, 0x7F, 0xFF, 0x83, 0xFF, 0xF0, 0x1F, 0xFF, 0x00,
    0x7F, 0x80, 0x00, 0x00, 0x1F, 0x00, 0x00, 0x3F, 0xC0, 0x00, 0x3F, 0xE0, 0x00, 0x0F, 0xF0, 0x00,
    0x06, 0xF8, 0x00, 0x00, 0x7C, 0x00, 0x00, 0x7E, 0x00, 0x00, 0x3F, 0x00, 0x00, 0x1F, 0x80, 0x00,
    0x0F, 0x80, 0x00, 0x07, 0xC0, 0x00, 0x03, 0xE0, 0x07, 0xF3, 0xF0, 0x0F, 0xFF, 0xF8, 0x1F, 0xFF,
    0xFC, 0x1F, 0xFF, 0xFC, 0x1F, 0xFF, 0xFE, 0x0F, 0xE1, 0xFF, 0x0F, 0xE0, 0x3F, 0x87, 0xE0, 0x1F,
    0xC7, 0xE0, 0x0F, 0xC3, 0xF0, 0x03, 0xE1, 0xF0, 0x01, 0xF1, 0xF8, 0x01, 0xF8, 0xFC, 0x00, 0xFC,
    0x7E, 0x00, 0x7E, 0x3F, 0x00, 0x7E, 0x1F, 0x80, 0x3F, 0x0F, 0xE0, 0x3F, 0x83, 0xF8, 0x7F, 0xC1,
    0xFF, 0xFF, 0xFC, 0xFF, 0xFF, 0xFE, 0x3F, 0xFF, 0xFF, 0x0F, 0xFF, 0xFF, 0x01, 0xFE, 0x3E, 0x00,
    0x00, 0x7F, 0x00, 0x0F, 0xFE, 0x01, 0xFF, 0xF8, 0x1F, 0xFF, 0xE1, 0xFF, 0xFF, 0x0F, 0xE1, 0xF8,
    0xFC, 0x07, 0xEF, 0xC0, 0x3F, 0x7E, 0x01, 0xFB, 0xFF, 0xFF, 0xFF, 0xFF, 0xFF, 0xFF, 0xFF, 0xEF,
    0xFF, 0xFF, 0x7F, 0xFF, 0xFB, 0xF0, 0x00, 0x1F, 0x80, 0x10, 0x7F, 0x03, 0xC3, 0xFF, 0xFE, 0x1F,
    0xFF, 0xE0, 0x7F, 0xFF, 0x01, 0xFF, 0xF0, 0x01, 0xFE, 0x00, 0x00, 0x1F, 0x00, 0x1F, 0xF0, 0x0F,
    0xFC, 0x07, 0xFF, 0x03, 0xFF, 0x80, 0xFC, 0x60, 0x7E, 0x00, 0x1F, 0x80, 0x07, 0xC0, 0x01, 0xF0,
    0x00, 0x7C, 0x00, 0x1F, 0x00, 0x0F, 0xC0, 0x1F, 0xFF, 0x0F, 0xFF, 0xC3, 0xFF, 0xF0, 0xFF, 0xFC,
    0x3F, 0xFE, 0x01, 0xF8, 0x00, 0x7E, 0x00, 0x1F, 0x00, 0x07, 0xC0, 0x01, 0xF0, 0x00, 0xFC, 0x00,
    0x3F, 0x00, 0x0F, 0x80, 0x03, 0xE0, 0x00, 0xF8, 0x00, 0x3E, 0x00, 0x1F, 0x80, 0x07, 0xE0, 0x01,
    0xF0, 0x00, 0x7C, 0x00, 0x1F, 0x00, 0x07, 0xC0, 0x00, 0x00, 0x7F, 0x0E, 0x01, 0xFF, 0xFF, 0x07,
    0xFF, 0xFF, 0x0F, 0xFF, 0xFE, 0x1F, 0xFF, 0xFE, 0x1F, 0xC3, 0xFE, 0x3F, 0x00, 0xFE, 0x3F, 0x00,
    0xFE, 0x7E, 0x00, 0x7E, 0x7E, 0x00, 0x7C, 0x7C, 0x00, 0x7C, 0xFC, 0x00, 0x7C, 0xFC, 0x00, 0xFC,
    0xFC, 0x00, 0xFC, 0xFC, 0x01, 0xF8, 0xFC, 0x01, 0xF8, 0xFE, 0x03, 0xF8, 0xFF, 0x0F, 0xF8, 0x7F,
    0xFF, 0xF8, 0x7F, 0xFF, 0xF8, 0x3F, 0xFF, 0xF0, 0x1F, 0xFD, 0xF0, 0x07, 0xF1, 0xF0, 0x00, 0x03,
    0xF0, 0x00, 0x03, 0xE0, 0x00, 0x07, 0xE0, 0x00, 0x0F, 0xE0, 0xF0, 0x3F, 0xC0, 0xFF, 0xFF, 0x80,
    0xFF, 0xFF, 0x00, 0xFF, 0xFE, 0x00, 0xFF, 0xFC, 0x00, 0x1F, 0xE0, 0x00, 0x0F, 0xC0, 0x00, 0x7F,
    0x80, 0x01, 0xFF, 0x00, 0x01, 0xFE, 0x00, 0x03, 0x7C, 0x00, 0x00, 0xF8, 0x00, 0x01, 0xF0, 0x00,
    0x07, 0xE0, 0x00, 0x0F, 0xC0, 0x00, 0x1F, 0x00, 0x00, 0x3E, 0x00, 0x00, 0x7C, 0x00, 0x01, 0xF9,
    0xFC, 0x03, 0xFF, 0xFC, 0x07, 0xFF, 0xFC, 0x0F, 0xFF, 0xFC, 0x1F, 0xFF, 0xF8, 0x3F, 0xC3, 0xF0,
    0xFE, 0x07, 0xE1, 0xFC, 0x07, 0xC3, 0xF0, 0x0F, 0x87, 0xE0, 0x3F, 0x0F, 0x80, 0x7E, 0x1F, 0x00,
    0xFC, 0x7E, 0x01, 0xF0, 0xFC, 0x03, 0xE1, 0xF8, 0x07, 0xC3, 0xE0, 0x1F, 0x87, 0xC0, 0x3F, 0x0F,
    0x80, 0x7E, 0x3F, 0x00, 0xFF, 0x7E, 0x01, 0xFF, 0xF8, 0x03, 0xFF, 0xF0, 0x07, 0xFB, 0xE0, 0x07,
    0xC0, 0x03, 0xC0, 0xF8, 0x3F, 0x87, 0xF0, 0xFC, 0x1F, 0x81, 0xE0, 0x00, 0x00, 0x00, 0x00, 0xFC,
    0x3F, 0xCF, 0xF9, 0xFF, 0x1F, 0xE0, 0xF8, 0x1F, 0x03, 0xE0, 0x7C, 0x1F, 0x83, 0xF0, 0x7C, 0x0F,
    0x81, 0xF0, 0x3E, 0x0F, 0xC1, 0xF0, 0x3F, 0xC7, 0xF8, 0xFF, 0x9F, 0xE1, 0xF0, 0x00, 0x07, 0x00,
    0x03, 0xE0, 0x01, 0xFC, 0x00, 0x7F, 0x00, 0x1F, 0x80, 0x07, 0xE0, 0x00, 0xF0, 0x00, 0x00, 0x00,
    0x00, 0x00, 0x07, 0x00, 0x0F, 0xE0, 0x07, 0xFC, 0x01, 0xFF, 0x00, 0x3F, 0xC0, 0x03, 0xE0, 0x00,
    0xF8, 0x00, 0x3E, 0x00, 0x0F, 0x80, 0x03, 0xE0, 0x01, 0xF8, 0x00, 0x7C, 0x00, 0x1F, 0x00, 0x07,
    0xC0, 0x01, 0xF0, 0x00, 0xFC, 0x00, 0x3F, 0x00, 0x0F, 0x80, 0x03, 0xE0, 0x00, 0xF8, 0x00, 0x3E,
    0x00, 0x1F, 0x80, 0x07, 0xC0, 0x01, 0xF0, 0x00, 0x7C, 0x00, 0x1F, 0x00, 0x0F, 0xC0, 0xC3, 0xE0,
    0x3F, 0xF8, 0x0F, 0xFC, 0x03, 0xFF, 0x00, 0xFF, 0x80, 0x1F, 0x80, 0x00, 0x07, 0x80, 0x00, 0x7F,
    0x00, 0x03, 0xFC, 0x00, 0x1F, 0xF8, 0x00, 0x3F, 0xC0, 0x00, 0x1F, 0x00, 0x00, 0x7C, 0x00, 0x03,
    0xF0, 0x00, 0x0F, 0xC0, 0x00, 0x3F, 0x00, 0x00, 0xF8, 0x00, 0x03, 0xE0, 0x00, 0x0F, 0x80, 0x00,
    0x7E, 0x00, 0xE1, 0xF8, 0x07, 0xC7, 0xC0, 0x7F, 0x1F, 0x03, 0xFC, 0x7C, 0x3F, 0xC3, 0xF3, 0xFE,
    0x0F, 0xDF, 0xE0, 0x3F, 0xFE, 0x00, 0xFF, 0xF8, 0x03, 0xFF, 0xE0, 0x0F, 0xFF, 0xC0, 0x7F, 0xBF,
    0x01, 0xF8, 0xFC, 0x07, 0xE3, 0xF8, 0x1F, 0x07, 0xE0, 0x7C, 0x1F, 0x81, 0xF0, 0x7F, 0x0F, 0xC0,
    0xFF, 0xBF, 0x03, 0xFF, 0xF8, 0x0F, 0xFF, 0xE0, 0x1F, 0xCF, 0x80, 0x3E, 0x00, 0x0F, 0x8F, 0xF3,
    0xFD, 0xFF, 0x37, 0xC1, 0xF0, 0xFC, 0x3F, 0x0F, 0x83, 0xE0, 0xF8, 0x3E, 0x1F, 0x87, 0xE1, 0xF0,
    0x7C, 0x1F, 0x0F, 0xC3, 0xF0, 0xF8, 0x3E, 0x0F, 0x83, 0xE1, 0xF8, 0x7E, 0x1F, 0x07, 0xC1, 0xF0,
    0x7C, 0x3F, 0x0F, 0xF3, 0xFE, 0xFF, 0xBF, 0xC7, 0xC0, 0x1F, 0x1F, 0xC0, 0x7E, 0x07, 0xF7, 0xFF,
    0x3F, 0xF8, 0xFF, 0xFF, 0xF7, 0xFF, 0xCF, 0xFF, 0xFF, 0xFF, 0xFC, 0x7F, 0xFF, 0xFF, 0xFF, 0xC1,
    0xFE, 0x1F, 0xF0, 0xFE, 0x1F, 0xC0, 0xFE, 0x07, 0xE1, 0xF8, 0x0F, 0xC0, 0x7C, 0x1F, 0x80, 0xFC,
    0x07, 0xC1, 0xF0, 0x0F, 0x80, 0x7C, 0x1F, 0x01, 0xF8, 0x0F, 0xC3, 0xF0, 0x1F, 0x80, 0xFC, 0x3F,
    0x01, 0xF8, 0x0F, 0xC3, 0xE0, 0x1F, 0x00, 0xF8, 0x3E, 0x01, 0xF0, 0x0F, 0x83, 0xE0, 0x3F, 0x01,
    0xF8, 0x7E, 0x03, 0xF0, 0x1F, 0x87, 0xE0, 0x3F, 0x01, 0xFE, 0x7E, 0x03, 0xF0, 0x1F, 0xF7, 0xC0,
    0x3E, 0x01, 0xFF, 0x7C, 0x03, 0xE0, 0x1F, 0xE7, 0xC0, 0x7E, 0x00, 0xF8, 0x1F, 0x1F, 0xE0, 0x7F,
    0x7F, 0xF0, 0xFF, 0xFF, 0xF8, 0xFF, 0xFF, 0xFC, 0x7F, 0xFF, 0xFC, 0x1F, 0xF0, 0xFC, 0x1F, 0xC0,
    0xFC, 0x1F, 0x80, 0xFC, 0x1F, 0x80, 0xFC, 0x1F, 0x00, 0xFC, 0x3F, 0x00, 0xF8, 0x3F, 0x00, 0xF8,
    0x3F, 0x00, 0xF8, 0x3E, 0x01, 0xF8, 0x3E, 0x01, 0xF8, 0x3E, 0x01, 0xF8, 0x7E, 0x01, 0xF0, 0x7E,
    0x01, 0xFE, 0x7C, 0x01, 0xFE, 0x7C, 0x01, 0xFF, 0x7C, 0x01, 0xFE, 0x7C, 0x00, 0xF8, 0x00, 0x3F,
    0x80, 0x07, 0xFF, 0x80, 0x7F, 0xFF, 0x03, 0xFF, 0xFE, 0x1F, 0xFF, 0xF8, 0x7F, 0x07, 0xF3, 0xF8,
    0x0F, 0xCF, 0xC0, 0x3F, 0x7E, 0x00, 0x7D, 0xF8, 0x01, 0xF7, 0xC0, 0x0F, 0xFF, 0x00, 0x3F, 0xFC,
    0x00, 0xFF, 0xF0, 0x07, 0xEF, 0xC0, 0x1F, 0xBF, 0x80, 0xFC, 0x7F, 0x0F, 0xF1, 0xFF, 0xFF, 0x83,
    0xFF, 0xFC, 0x0F, 0xFF, 0xE0, 0x0F, 0xFF, 0x00, 0x0F, 0xE0, 0x00, 0x02, 0x03, 0xF0, 0x0F, 0xCF,
    0xFE, 0x0F, 0xFF, 0xFF, 0x8F, 0xFF, 0xFF, 0xE7, 0xFF, 0xFF, 0xF1, 0xFF, 0xC1, 0xFC, 0x3F, 0xC0,
    0x7E, 0x1F, 0xC0, 0x3F, 0x0F, 0xC0, 0x1F, 0x87, 0xC0, 0x0F, 0xC3, 0xE0, 0x07, 0xE3, 0xF0, 0x03,
    0xF1, 0xF8, 0x01, 0xF8, 0xFC, 0x00, 0xF8, 0x7E, 0x00, 0xFC, 0x3F, 0x00, 0x7E, 0x1F, 0xC0, 0x7E,
    0x1F, 0xF0, 0xFF, 0x0F, 0xFF, 0xFF, 0x07, 0xFF, 0xFF, 0x03, 0xFF, 0xFF, 0x01, 0xFF, 0xFE, 0x00,
    0xF9, 0xFC, 0x00, 0xFC, 0x00, 0x00, 0x7E, 0x00, 0x00, 0x3E, 0x00, 0x00, 0x1F, 0x00, 0x00, 0x0F,
    0x80, 0x00, 0x07, 0xC0, 0x00, 0x07, 0xE0, 0x00, 0x03, 0xF0, 0x00, 0x01, 0xF0, 0x00, 0x00, 0xF8,
    0x00, 0x00, 0x00, 0x00, 0x7F, 0x0E, 0x01, 0xFF, 0xFF, 0x07, 0xFF, 0xFF, 0x0F, 0xFF, 0xFE, 0x1F,
    0xFF, 0xFE, 0x1F, 0xC3, 0xFE, 0x3F, 0x00, 0xFE, 0x3F, 0x00, 0xFE, 0x7E, 0x00, 0xFE, 0x7E, 0x00,
    0x7C, 0x7C, 0x00, 0x7C, 0xFC, 0x00, 0x7C, 0xFC, 0x00, 0xFC, 0xFC, 0x00, 0xFC, 0xFC, 0x01, 0xFC,
    0xFC, 0x01, 0xF8, 0xFE, 0x03, 0xF8, 0xFF, 0x0F, 0xF8, 0x7F, 0xFF, 0xF8, 0x7F, 0xFF, 0xF8, 0x3F,
    0xFF, 0xF8, 0x1F, 0xFD, 0xF0, 0x07, 0xF1, 0xF0, 0x00, 0x03, 0xF0, 0x00, 0x03, 0xF0, 0x00, 0x03,
    0xF0, 0x00, 0x03, 0xE0, 0x00, 0x03, 0xE0, 0x00, 0x03, 0xE0, 0x00, 0x07, 0xE0, 0x00, 0x07, 0xE0,
    0x00, 0x07, 0xE0, 0x00, 0x07, 0xC0, 0x1E, 0x1F, 0x9F, 0xDF, 0xFF, 0xFF, 0xFF, 0xFF, 0xFF, 0x7F,
    0xFF, 0x97, 0xF8, 0x41, 0xFC, 0x00, 0x7E, 0x00, 0x1F, 0x80, 0x07, 0xC0, 0x03, 0xF0, 0x00, 0xFC,
    0x00, 0x3E, 0x00, 0x0F, 0x80, 0x03, 0xE0, 0x00, 0xF8, 0x00, 0x7E, 0x00, 0x1F, 0x80, 0x07, 0xC0,
    0x01, 0xF0, 0x00, 0x7C, 0x00, 0x1F, 0x00, 0x00, 0x00, 0x7F, 0x00, 0x7F, 0xF8, 0x1F, 0xFF, 0x87,
    0xFF, 0xF1, 0xFF, 0xF4, 0x3F, 0x07, 0x8F, 0xC0, 0x01, 0xF8, 0x00, 0x3F, 0xC0, 0x03, 0xFF, 0x80,
    0x3F, 0xFC, 0x03, 0xFF, 0xC0, 0x0F, 0xF8, 0x00, 0x3F, 0x00, 0x03, 0xF3, 0x00, 0x7C, 0xF8, 0x1F,
    0x9F, 0xFF, 0xF3, 0xFF, 0xFC, 0x7F, 0xFF, 0x07, 0xFF, 0xC0, 0x1F, 0xC0, 0x00, 0x03, 0xC0, 0x0F,
    0x80, 0x1F, 0x00, 0x3E, 0x00, 0xFC, 0x01, 0xF8, 0x1F, 0xFF, 0xFF, 0xFF, 0xFF, 0xFD, 0xFF, 0xFB,
    0xFF, 0xF0, 0xFC, 0x01, 0xF0, 0x03, 0xE0, 0x07, 0xC0, 0x0F, 0x80, 0x3F, 0x00, 0x7E, 0x00, 0xF8,
    0x01, 0xF0, 0x03, 0xE0, 0x0F, 0xC0, 0x1F, 0x80, 0x3F, 0xFC, 0x7F, 0xF0, 0x7F, 0xE0, 0xFF, 0xC0,
    0xFC, 0x00, 0x3F, 0x00, 0x7F, 0xFF, 0x00, 0xFF, 0xFE, 0x01, 0xFF, 0xFC, 0x03, 0xE5, 0xF8, 0x07,
    0xC3, 0xF0, 0x0F, 0x87, 0xC0, 0x3F, 0x0F, 0x80, 0x7E, 0x1F, 0x00, 0xF8, 0x7E, 0x01, 0xF0, 0xFC,
    0x03, 0xE1, 0xF0, 0x0F, 0xC3, 0xE0, 0x1F, 0x87, 0xC0, 0x3F, 0x1F, 0x80, 0xFC, 0x3F, 0x03, 0xF8,
    0x7F, 0x0F, 0xF6, 0x7F, 0xFF, 0xFC, 0xFF, 0xFF, 0xF9, 0xFF, 0xFF, 0xF1, 0xFF, 0xDF, 0xC0, 0xFE,
    0x1E, 0x00, 0x1F, 0x00, 0x0C, 0x7F, 0x80, 0x1F, 0xFF, 0x80, 0x3F, 0xFF, 0x80, 0x3E, 0x7F, 0xC0,
    0x7E, 0x0F, 0xC0, 0x7C, 0x0F, 0xC0, 0xFC, 0x0F, 0xC1, 0xF8, 0x07, 0xC1, 0xF0, 0x07, 0xC3, 0xF0,
    0x07, 0xE3, 0xE0, 0x07, 0xE7, 0xE0, 0x07, 0xE7, 0xC0, 0x03, 0xEF, 0x80, 0x03, 0xFF, 0x80, 0x03,
    0xFF, 0x00, 0x03, 0xFF, 0x00, 0x03, 0xFE, 0x00, 0x01, 0xFC, 0x00, 0x01, 0xFC, 0x00, 0x01, 0xF8,
    0x00, 0x01, 0xF8, 0x00, 0x0E, 0x00, 0x70, 0x01, 0xC3, 0xF8, 0x3F, 0x80, 0x1F, 0xFF, 0x87, 0xFC,
    0x03, 0xFF, 0xF8, 0x7F, 0xC0, 0x3E, 0x7F, 0xC3, 0xFC, 0x07, 0xC0, 0xFC, 0x07, 0xC0, 0xFC, 0x0F,
    0xC0, 0x7E, 0x0F, 0x80, 0xFC, 0x0F, 0xE1, 0xF8, 0x07, 0xC1, 0xFE, 0x1F, 0x00, 0x7C, 0x1F, 0xE3,
    0xF0, 0x07, 0xC3, 0xFE, 0x3E, 0x00, 0x7E, 0x7F, 0xE7, 0xC0, 0x07, 0xE7, 0xFE, 0x7C, 0x00, 0x7E,
    0xFB, 0xFF, 0x80, 0x07, 0xFF, 0xBF, 0xF8, 0x00, 0x3F, 0xF3, 0xFF, 0x00, 0x03, 0xFE, 0x3F, 0xF0,
    0x00, 0x3F, 0xE1, 0xFE, 0x00, 0x03, 0xFC, 0x1F, 0xC0, 0x00, 0x3F, 0x81, 0xFC, 0x00, 0x03, 0xF8,
    0x1F, 0x80, 0x00, 0x3F, 0x01, 0xF8, 0x00, 0x01, 0x00, 0x0C, 0x1F, 0x80, 0x3C, 0x7F, 0x80, 0xF9,
    0xFF, 0x03, 0xF3, 0xFF, 0x0F, 0xC3, 0x7E, 0x7F, 0x00, 0x7F, 0xFC, 0x00, 0xFF, 0xF0, 0x00, 0xFF,
    0xC0, 0x01, 0xFF, 0x00, 0x01, 0xFC, 0x00, 0x07, 0xF0, 0x00, 0x1F, 0xF0, 0x00, 0x7F, 0xE0, 0x03,
    0xFF, 0xE0, 0x0F, 0xEF, 0xC0, 0x3F, 0x9F, 0xD8, 0xFE, 0x1F, 0xF3, 0xF8, 0x3F, 0xF7, 0xE0, 0x3F,
    0xEF, 0x00, 0x7F, 0x0C, 0x00, 0x78, 0x00, 0x0E, 0x00, 0x3E, 0xFE, 0x00, 0xFF, 0xFE, 0x01, 0xFF,
    0xFC, 0x03, 0xEF, 0xF8, 0x07, 0xC3, 0xF0, 0x0F, 0x87, 0xE0, 0x1F, 0x0F, 0x80, 0x7E, 0x1F, 0x00,
    0xFC, 0x7E, 0x01, 0xF0, 0xFC, 0x03, 0xE1, 0xF8, 0x07, 0xC3, 0xE0, 0x1F, 0x87, 0xC0, 0x3F, 0x0F,
    0x80, 0x7C, 0x3F, 0x01, 0xF8, 0x7E, 0x07, 0xF0, 0xFE, 0x1F, 0xE0, 0xFF, 0xFF, 0xC1, 0xFF, 0xFF,
    0x83, 0xFF, 0xFE, 0x03, 0xFF, 0x7C, 0x01, 0xF8, 0xF8, 0x00, 0x01, 0xF0, 0x00, 0x07, 0xC0, 0x00,
    0x0F, 0x80, 0x00, 0x3F, 0x07, 0x81, 0xFC, 0x0F, 0xFF, 0xF0, 0x1F, 0xFF, 0xE0, 0x3F, 0xFF, 0x00,
    0x7F, 0xFC, 0x00, 0x3F, 0xE0, 0x00, 0x07, 0xFF, 0xFE, 0x0F, 0xFF, 0xFC, 0x1F, 0xFF, 0xF8, 0x3F,
    0xFF, 0xE0, 0xFF, 0xFF, 0x80, 0x00, 0x7E, 0x00, 0x01, 0xF8, 0x00, 0x07, 0xE0, 0x00, 0x1F, 0x80,
    0x00, 0x7E, 0x00, 0x01, 0xF8, 0x00, 0x07, 0xE0, 0x00, 0x1F, 0x80, 0x00, 0x7E, 0x00, 0x01, 0xF8,
    0x10, 0x07, 0xE0, 0x3C, 0x1F, 0xF8, 0xF8, 0xFF, 0xFF, 0xE1, 0xFF, 0xFF, 0xC7, 0xFF, 0xFF, 0x0F,
    0xFF, 0xFC, 0x1C, 0x07, 0xE0, 0x00, 0x00, 0x3F, 0x00, 0xFF, 0x01, 0xFF, 0x01, 0xFE, 0x03, 0xFE,
    0x03, 0xE0, 0x03, 0xE0, 0x07, 0xC0, 0x07, 0xC0, 0x07, 0xC0, 0x07, 0xC0, 0x07, 0xC0, 0x0F, 0xC0,
    0x0F, 0x80, 0x0F, 0x80, 0x1F, 0x80, 0x3F, 0x00, 0xFF, 0x00, 0xFE, 0x00, 0xFE, 0x00, 0xFE, 0x00,
    0x7E, 0x00, 0x3E, 0x00, 0x3F, 0x00, 0x3E, 0x00, 0x3E, 0x00, 0x3E, 0x00, 0x3E, 0x00, 0x3E, 0x00,
    0x7C, 0x00, 0x7C, 0x00, 0x7C, 0x00, 0x7C, 0x00, 0x7F, 0xC0, 0x7F, 0xC0, 0x7F, 0xC0, 0x3F, 0x80,
    0x1F, 0x80, 0x03, 0xC1, 0xF0, 0x78, 0x1E, 0x07, 0x81, 0xE0, 0xF8, 0x3C, 0x0F, 0x03, 0xC0, 0xF0,
    0x3C, 0x1F, 0x07, 0x81, 0xE0, 0x78, 0x1E, 0x07, 0x83, 0xE0, 0xF0, 0x3C, 0x0F, 0x03, 0xC0, 0xF0,
    0x78, 0x1E, 0x07, 0x81, 0xE0, 0x78, 0x1E, 0x0F, 0x03, 0xC0, 0xF0, 0x3C, 0x00, 0x03, 0xF0, 0x03,
    0xF8, 0x03, 0xFC, 0x03, 0xFC, 0x03, 0xFC, 0x00, 0x7C, 0x00, 0x7C, 0x00, 0x7C, 0x00, 0x7C, 0x00,
    0x7C, 0x00, 0x7C, 0x00, 0xF8, 0x00, 0xF8, 0x00, 0xF8, 0x00, 0xF8, 0x00, 0xF8, 0x00, 0xFC, 0x00,
    0xFF, 0x00, 0x7F, 0x00, 0x7E, 0x00, 0xFE, 0x01, 0xFC, 0x01, 0xF0, 0x03, 0xE0, 0x03, 0xE0, 0x03,
    0xE0, 0x03, 0xE0, 0x07, 0xE0, 0x07, 0xC0, 0x07, 0xC0, 0x07, 0xC0, 0x07, 0xC0, 0x0F, 0xC0, 0xFF,
    0x80, 0xFF, 0x80, 0xFF, 0x00, 0xFE, 0x00, 0xFC, 0x00, 0x0F, 0x80, 0x00, 0x7F, 0xC0, 0xE3, 0xFF,
    0xC7, 0xDF, 0xFF, 0xFF, 0xFF, 0xFF, 0xFB, 0xC3, 0xFF, 0xC6, 0x03, 0xFE, 0x00, 0x03, 0xE0, 0x03,
    0x81, 0xF0, 0xFC, 0x3F, 0x0F, 0xC3, 0xE0, 0x70, 0x00, 0x00, 0x00, 0x01, 0xF0, 0x7C, 0x1F, 0x07,
    0xC1, 0xF0, 0xF8, 0x3E, 0x0F, 0x83, 0xE0, 0xF8, 0x3E, 0x1F, 0x07, 0xC1, 0xF0, 0x7C, 0x1F, 0x0F,
    0xC3, 0xE0, 0xF8, 0x3E, 0x0F, 0x83, 0xC0, 0x00, 0x1E, 0x00, 0x01, 0xE0, 0x00, 0x1E, 0x00, 0x03,
    0xE0, 0x00, 0x3C, 0x00, 0x0F, 0xFC, 0x03, 0xFF, 0xF0, 0x7F, 0xFE, 0x0F, 0xFF, 0xE1, 0xFF, 0xFC,
    0x3F, 0xF8, 0x03, 0xF7, 0x80, 0x7E, 0x78, 0x07, 0xC7, 0x80, 0xFC, 0xF8, 0x0F, 0xCF, 0x80, 0xFC,
    0xF0, 0x0F, 0xCF, 0x00, 0xFC, 0xF0, 0x0F, 0xCF, 0x00, 0xFD, 0xF0, 0x0F, 0xFE, 0x38, 0x7F, 0xFF,
    0x87, 0xFF, 0xF8, 0x3F, 0xFF, 0x01, 0xFF, 0xF0, 0x07, 0xFC, 0x00, 0x3C, 0x00, 0x03, 0xC0, 0x00,
    0x3C, 0x00, 0x03, 0xC0, 0x00, 0x7C, 0x00, 0x00, 0x00, 0xFE, 0x00, 0x00, 0x3F, 0xFC, 0x00, 0x0F,
    0xFF, 0xE0, 0x01, 0xFF, 0xFF, 0x00, 0x3F, 0xFF, 0xE0, 0x07, 0xF0, 0x3C, 0x00, 0x7E, 0x00, 0xC0,
    0x0F, 0xC0, 0x00, 0x00, 0xFC, 0x00, 0x00, 0x0F, 0xC0, 0x00, 0x00, 0xF8, 0x00, 0x00, 0x0F, 0x80,
    0x00, 0x00, 0xF8, 0x00, 0x01, 0xFF, 0xFF, 0x80, 0x1F, 0xFF, 0xF8, 0x03, 0xFF, 0xFF, 0x00, 0x3F,
    0xFF, 0xF0, 0x03, 0xFF, 0xFF, 0x00, 0x01, 0xF0, 0x00, 0x00, 0x1F, 0x00, 0x00, 0x03, 0xF0, 0x00,
    0x00, 0x3F, 0x00, 0x00, 0x03, 0xF0, 0x00, 0x00, 0x3E, 0x00, 0x00, 0x07, 0xE0, 0x04, 0x00, 0x7C,
    0x00, 0xF0, 0x1F, 0xFF, 0x3F, 0x07, 0xFF, 0xFF, 0xE0, 0xFF, 0xFF, 0xFE, 0x0F, 0xFF, 0xFF, 0xC0,
    0xFF, 0xFF, 0xF8, 0x0C, 0x00, 0xFE, 0x00, 0x00, 0x00, 0x7F, 0xC0, 0x00, 0x07, 0xFF, 0xF0, 0x00,
    0x3F, 0xFF, 0xF8, 0x00, 0xFF, 0xFF, 0xE0, 0x03, 0xFF, 0xFF, 0xC0, 0x0F, 0xF8, 0x0F, 0x00, 0x3F,
    0xC0, 0x04, 0x00, 0xFE, 0x00, 0x00, 0x03, 0xF8, 0x00, 0x00, 0x07, 0xE0, 0x00, 0x00, 0x1F, 0x80,
    0x00, 0x01, 0xFF, 0xFF, 0xFE, 0x03, 0xFF, 0xFF, 0xFC, 0x07, 0xFF, 0xFF, 0xF8, 0x0F, 0xFF, 0xFF,
    0xF0, 0x3F, 0xFF, 0xFF, 0xC0, 0x1F, 0x80, 0x00, 0x00, 0x3F, 0x00, 0x00, 0x01, 0xFF, 0xFF, 0xFE,
    0x03, 0xFF, 0xFF, 0xFC, 0x07, 0xFF, 0xFF, 0xF8, 0x1F, 0xFF, 0xFF, 0xF0, 0x3F, 0xFF, 0xFF, 0xC0,
    0x0F, 0xC0, 0x00, 0x00, 0x1F, 0xC0, 0x00, 0x00, 0x3F, 0x80, 0x00, 0x00, 0x3F, 0x80, 0x00, 0x00,
    0x7F, 0x80, 0x06, 0x00, 0x7F, 0xC0, 0x7C, 0x00, 0xFF, 0xFF, 0xF8, 0x00, 0xFF, 0xFF, 0xF0, 0x00,
    0xFF, 0xFF, 0xC0, 0x00, 0x7F, 0xFF, 0x00, 0x00, 0x3F, 0xE0, 0x00, 0xFE, 0x00, 0x0F, 0xFF, 0x80,
    0x07, 0xFF, 0xE0, 0x01, 0xFF, 0xFC, 0x00, 0xFE, 0xFF, 0x00, 0x7F, 0x8F, 0xE0, 0x3F, 0x01, 0xF8,
    0x0F, 0x80, 0x7E, 0x07, 0xE0, 0x0F, 0xC3, 0xF0, 0x03, 0xF0, 0xF8, 0x00, 0xFC, 0x7C, 0x00, 0x1F,
    0xBE, 0x00, 0x07, 0xEF, 0x80, 0x00, 0xFF, 0xC0, 0x03, 0xFF, 0xFF, 0x01, 0xFF, 0xFF, 0xC0, 0x7F,
    0xFF, 0xF0, 0x1F, 0xFF, 0xFC, 0x07, 0xFF, 0xFF, 0x00, 0x07, 0xE0, 0x00, 0x7F, 0xFF, 0xE0, 0x3F,
    0xFF, 0xF8, 0x0F, 0xFF, 0xFE, 0x03, 0xFF, 0xFF, 0x80, 0xFF, 0xFF, 0xE0, 0x00, 0xFC, 0x00, 0x00,
    0x3F, 0x00, 0x00, 0x7F, 0xF0, 0x00, 0x1F, 0xFC, 0x00, 0x07, 0xFF, 0x00, 0x01, 0xFF, 0x80, 0x00,
    0x7F, 0xE0, 0x00, 0x03, 0xC0, 0xF0, 0x7C, 0x1F, 0x07, 0x81, 0xE0, 0x78, 0x1E, 0x0F, 0x83, 0xC0,
    0xF0, 0x3C, 0x0F, 0x00, 0x00, 0x00, 0x00, 0x00, 0x00, 0x00, 0x00, 0x00, 0x00, 0x0F, 0x03, 0xC0,
    0xF0, 0x78, 0x1E, 0x07, 0x81, 0xE0, 0x78, 0x1E, 0x0F, 0x03, 0xC0, 0xF0, 0x3C, 0x00, 0x00, 0x0F,
    0xF0, 0x00, 0x3F, 0xFC, 0x00, 0x7F, 0xFF, 0x00, 0xFF, 0xFF, 0x01, 0xFF, 0xFF, 0x03, 0xF8, 0x3E,
    0x03, 0xF0, 0x04, 0x03, 0xE0, 0x00, 0x03, 0xF0, 0x00, 0x03, 0xF8, 0x00, 0x03, 0xFE, 0x00, 0x01,
    0xFF, 0x00, 0x00, 0xFF, 0xC0, 0x01, 0xFF, 0xE0, 0x03, 0xFF, 0xF0, 0x07, 0xFF, 0xF8, 0x0F, 0xC3,
    0xFC, 0x1F, 0x81, 0xFC, 0x1F, 0x80, 0xFC, 0x1F, 0x80, 0xFC, 0x1F, 0x80, 0xFC, 0x1F, 0xC0, 0xF8,
    0x1F, 0xE1, 0xF8, 0x0F, 0xFF, 0xF0, 0x0F, 0xFF, 0xE0, 0x03, 0xFF, 0xC0, 0x01, 0xFF, 0x80, 0x00,
    0x7F, 0xC0, 0x00, 0x3F, 0xE0, 0x00, 0x0F, 0xE0, 0x00, 0x07, 0xE0, 0x00, 0x07, 0xE0, 0x60, 0x07,
    0xE0, 0x7C, 0x0F, 0xC0, 0xFF, 0xFF, 0xC0, 0xFF, 0xFF, 0x80, 0xFF, 0xFF, 0x00, 0x7F, 0xFE, 0x00,
    0x0F, 0xF0, 0x00, 0x3C, 0x3C, 0xFC, 0xFD, 0xF9, 0xFF, 0xF3, 0xF7, 0xC7, 0xCF, 0x07, 0x00, 0x00,
    0x00, 0xFF, 0x00, 0x00, 0x00, 0xFF, 0xFC, 0x00, 0x00, 0x7F, 0xFF, 0xE0, 0x00, 0x3F, 0xFF, 0xFE,
    0x00, 0x0F, 0xFF, 0xFF, 0xE0, 0x03, 0xFE, 0x03, 0xFE, 0x00, 0xFE, 0x3F, 0x9F, 0xE0, 0x3F, 0x9F,
    0xFE, 0xFC, 0x0F, 0xCF, 0xFF, 0xDF, 0xC3, 0xF3, 0xFF, 0xF1, 0xF8, 0x7E, 0xFF, 0xFE, 0x1F, 0x1F,
    0x9F, 0xC1, 0x83, 0xE3, 0xE7, 0xE0, 0x00, 0x7E, 0xFD, 0xF8, 0x00, 0x07, 0xDF, 0x3F, 0x00, 0x00,
    0xFB, 0xE7, 0xC0, 0x00, 0x1F, 0x7D, 0xF8, 0x00, 0x07, 0xDF, 0x3F, 0x00, 0x00, 0xFB, 0xE7, 0xE0,
    0x00, 0x1F, 0x7C, 0xFC, 0x00, 0x03, 0xEF, 0x9F, 0x80, 0x00, 0xF9, 0xF3, 0xF0, 0x00, 0x1F, 0x3F,
    0x3F, 0x83, 0x87, 0xE3, 0xE7, 0xFF, 0xF1, 0xF8, 0x7E, 0xFF, 0xFE, 0x7E, 0x0F, 0xCF, 0xFF, 0xDF,
    0xC0, 0xFC, 0xFF, 0xF7, 0xF0, 0x1F, 0xE3, 0xFB, 0xFC, 0x01, 0xFF, 0x01, 0xFF, 0x00, 0x1F, 0xFF,
    0xFF, 0xC0, 0x01, 0xFF, 0xFF, 0xE0, 0x00, 0x1F, 0xFF, 0xF8, 0x00, 0x00, 0xFF, 0xFC, 0x00, 0x00,
    0x07, 0xFC, 0x00, 0x00, 0x07, 0xE0, 0x7F, 0xE1, 0xFF, 0x87, 0xFF, 0x0F, 0x7C, 0xFF, 0xF7, 0xFF,
    0xBF, 0xFE, 0xF8, 0xFB, 0xE3, 0xEF, 0x8F, 0xFF, 0xFF, 0x7F, 0xFC, 0xFD, 0xC0, 0x00, 0xC1, 0xC0,
    0x3C, 0x7C, 0x0F, 0xCF, 0x83, 0xF3, 0xF0, 0xFC, 0xFC, 0x3F, 0x3F, 0x0F, 0xCF, 0xC1, 0xFB, 0xF0,
    0x7E, 0x7C, 0x1F, 0x9F, 0x83, 0xF3, 0xF0, 0x7E, 0x7E, 0x07, 0xE7, 0xE0, 0xFC, 0xFC, 0x0F, 0xCF,
    0xC1, 0xF9, 0xF8, 0x1F, 0x9F, 0x03, 0xF3, 0xF0, 0x3C, 0x3C, 0x06, 0x06, 0x00, 0xFF, 0xFF, 0xFF,
    0xFF, 0xFF, 0xFF, 0xFF, 0xFF, 0xFF, 0xFF, 0xFF, 0xFF, 0xFF, 0xFF, 0xFF, 0x00, 0x00, 0x3E, 0x00,
    0x00, 0x3E, 0x00, 0x00, 0x3E, 0x00, 0x00, 0x3E, 0x00, 0x00, 0x7E, 0x00, 0x00, 0x7E, 0x00, 0x00,
    0xFF, 0x00, 0x00, 0x00, 0xFF, 0xFC, 0x00, 0x00, 0x7F, 0xFF, 0xE0, 0x00, 0x3F, 0xFF, 0xFE, 0x00,
    0x0F, 0xFF, 0xFF, 0xE0, 0x03, 0xFC, 0x03, 0xFE, 0x00, 0xFF, 0xFF, 0x9F, 0xE0, 0x3F, 0xFF, 0xFC,
    0xFC, 0x0F, 0xFF, 0xFF, 0xDF, 0xC3, 0xF7, 0xFF, 0xF9, 0xF8, 0x7C, 0xFF, 0xFF, 0x1F, 0x1F, 0x8F,
    0x83, 0xF3, 0xE3, 0xE1, 0xF0, 0x7C, 0x7E, 0xFC, 0x3E, 0x0F, 0x87, 0xDF, 0x07, 0xC3, 0xF0, 0xFB,
    0xE0, 0xFF, 0xFC, 0x1F, 0x7C, 0x3F, 0xFF, 0x07, 0xDF, 0x07, 0xFF, 0xC0, 0xFB, 0xE0, 0xFF, 0xF8,
    0x1F, 0x7C, 0x1F, 0x3F, 0x03, 0xEF, 0x83, 0xC3, 0xE0, 0xF9, 0xF0, 0xF8, 0x7C, 0x1F, 0x3F, 0x1F,
    0x0F, 0x87, 0xE3, 0xE7, 0xF1, 0xFF, 0xF8, 0x7F, 0xFF, 0x3F, 0xFE, 0x0F, 0xFF, 0xC7, 0xFF, 0xC0,
    0xFF, 0xF8, 0x7F, 0xF0, 0x1F, 0xFF, 0x0F, 0xFC, 0x01, 0xFE, 0x00, 0xFF, 0x00, 0x1F, 0xFF, 0xFF,
    0xC0, 0x01, 0xFF, 0xFF, 0xE0, 0x00, 0x1F, 0xFF, 0xF8, 0x00, 0x00, 0xFF, 0xFC, 0x00, 0x00, 0x07,
    0xFC, 0x00, 0x00, 0xFF, 0xFF, 0xFF, 0xFF, 0xFF, 0xFF, 0x03, 0xE0, 0x3F, 0xE1, 0xFF, 0x8F, 0xFF,
    0x7F, 0xFD, 0xF1, 0xF7, 0x83, 0xFE, 0x0F, 0xF8, 0x7F, 0xF3, 0xF7, 0xFF, 0x9F, 0xFE, 0x7F, 0xF0,
    0xFF, 0x80, 0xF8, 0x00, 0x00, 0x07, 0xC0, 0x00, 0x00, 0xF8, 0x00, 0x00, 0x1F, 0x00, 0x00, 0x03,
    0xE0, 0x00, 0x00, 0x7C, 0x00, 0x00, 0x1F, 0x80, 0x00, 0x03, 0xE0, 0x00, 0x00, 0x7C, 0x00, 0x1F,
    0xFF, 0xFF, 0xC7, 0xFF, 0xFF, 0xFC, 0xFF, 0xFF, 0xFF, 0x1F, 0xFF, 0xFF, 0xE3, 0xFF, 0xFF, 0xFC,
    0x00, 0x3E, 0x00, 0x00, 0x07, 0xC0, 0x00, 0x00, 0xF8, 0x00, 0x00, 0x3F, 0x00, 0x00, 0x07, 0xE0,
    0x00, 0x00, 0xF8, 0x00, 0x00, 0x1F, 0x00, 0x00, 0x03, 0xE0, 0x01, 0xFF, 0xFF, 0xFE, 0x3F, 0xFF,
    0xFF, 0xC7, 0xFF, 0xFF, 0xF8, 0xFF, 0xFF, 0xFF, 0x1F, 0xFF, 0xFF, 0xC0, 0x01, 0xF8, 0x07, 0xFE,
    0x0F, 0xFE, 0x1F, 0xFF, 0x1F, 0xFF, 0x1E, 0x3F, 0x08, 0x1F, 0x00, 0x3E, 0x00, 0x7E, 0x00, 0xFC,
    0x01, 0xF8, 0x07, 0xF0, 0x0F, 0xE0, 0x3F, 0x9E, 0x7F, 0xFE, 0xFF, 0xFE, 0xFF, 0xFC, 0xFF, 0xF8,
    0xC0, 0x60, 0x01, 0xF8, 0x07, 0xFE, 0x1F, 0xFF, 0x1F, 0xFF, 0x1F, 0xFF, 0x1E, 0x1F, 0x03, 0xFE,
    0x03, 0xFE, 0x03, 0xFC, 0x03, 0xFE, 0x03, 0xFE, 0x40, 0x3E, 0x70, 0x7E, 0x7F, 0xFE, 0x7F, 0xFC,
    0xFF, 0xF8, 0x7F, 0xF0, 0x1F, 0xC0, 0x00, 0xF8, 0x0F, 0x80, 0xFC, 0x0F, 0xC0, 0xFC, 0x0F, 0xC0,
    0xFC, 0x0F, 0xC0, 0xFC, 0x03, 0x80, 0x00, 0x03, 0x00, 0x1E, 0x1F, 0x80, 0x3F, 0x7F, 0xC0, 0x3F,
    0x7F, 0xC0, 0x3F, 0x7F, 0xC0, 0x3E, 0x0F, 0xC0, 0x3E, 0x0F, 0xC0, 0x3E, 0x0F, 0x80, 0x7E, 0x0F,
    0x80, 0x7E, 0x0F, 0x80, 0x7E, 0x1F, 0x80, 0x7C, 0x1F, 0x80, 0x7C, 0x1F, 0x80, 0xFC, 0x1F, 0x00,
    0xFC, 0x1F, 0x00, 0xFC, 0x1F, 0x01, 0xF8, 0x3F, 0x03, 0xF8, 0x3F, 0x87, 0xFB, 0x3F, 0xFF, 0xFF,
    0x3F, 0xFF, 0xFF, 0x3F, 0xFF, 0xFF, 0x3F, 0xFF, 0xFE, 0x7E, 0xFC, 0x78, 0x7C, 0x00, 0x00, 0x7C,
    0x00, 0x00, 0x7C, 0x00, 0x00, 0x7C, 0x00, 0x00, 0xFC, 0x00, 0x00, 0xFC, 0x00, 0x00, 0xF8, 0x00,
    0x00, 0xF8, 0x00, 0x00, 0xF8, 0x00, 0x00, 0xF8, 0x00, 0x00, 0x00, 0x1F, 0xFF, 0xF0, 0x07, 0xFF,
    0xFF, 0x01, 0xFF, 0xFF, 0xF0, 0x3F, 0xFF, 0xFF, 0x07, 0xFF, 0xFF, 0xE0, 0xFF, 0xF9, 0xF8, 0x1F,
    0xFF, 0x1F, 0x83, 0xFF, 0xF1, 0xF0, 0x3F, 0xFF, 0x1F, 0x07, 0xFF, 0xF1, 0xF0, 0x7F, 0xFF, 0x1F,
    0x07, 0xFF, 0xF3, 0xF0, 0xFF, 0xFE, 0x3E, 0x0F, 0xFF, 0xE3, 0xE0, 0xFF, 0xFE, 0x3E, 0x0F, 0xFF,
    0xE3, 0xE0, 0xFF, 0xFE, 0x3E, 0x0F, 0xFF, 0xC7, 0xE0, 0xFF, 0xFC, 0x7C, 0x0F, 0xFF, 0xC7, 0xC0,
    0xFF, 0xFC, 0x7C, 0x07, 0xFF, 0xC7, 0xC0, 0x7F, 0xFC, 0xFC, 0x03, 0xFF, 0x8F, 0xC0, 0x1F, 0xF8,
    0xF8, 0x00, 0xFF, 0x8F, 0x80, 0x03, 0xF8, 0xF8, 0x00, 0x1F, 0x8F, 0x80, 0x01, 0xF1, 0xF8, 0x00,
    0x1F, 0x1F, 0x00, 0x01, 0xF1, 0xF0, 0x00, 0x1F, 0x1F, 0x00, 0x03, 0xF1, 0xF0, 0x00, 0x3F, 0x1F,
    0x40, 0x03, 0xE3, 0xFE, 0x00, 0x3E, 0x3F, 0xE0, 0x03, 0xE3, 0xFE, 0x00, 0x3F, 0xDF, 0xC0, 0x03,
    0xFC, 0xF0, 0x00, 0x7F, 0xC0, 0x00, 0x03, 0xF8, 0x00, 0x00, 0x1E, 0x00, 0x00, 0x39, 0xFF, 0xFF,
    0xFF, 0xE7, 0x00, 0x03, 0xC0, 0x7C, 0x0F, 0x81, 0xFE, 0x3F, 0xF3, 0xFF, 0x71, 0xFF, 0xFF, 0xFF,
    0xEF, 0xFC, 0x3F, 0x00, 0x00, 0xC3, 0xF1, 0xFC, 0x7F, 0x3F, 0xC7, 0xE0, 0xF8, 0x3E, 0x0F, 0x83,
    0xE0, 0xF0, 0x3C, 0x1F, 0x07, 0xC7, 0xFD, 0xFF, 0x7F, 0xFF, 0xEF, 0xF8, 0x07, 0xF0, 0x3F, 0xF0,
    0xFF, 0xF3, 0xE3, 0xF7, 0x83, 0xFF, 0x07, 0xFE, 0x0F, 0xFC, 0x1F, 0xF8, 0x7D, 0xF0, 0xF9, 0xFF,
    0xE3, 0xFF, 0x81, 0xFC, 0x00, 0x06, 0x0E, 0x03, 0xC3, 0xC0, 0xFC, 0xFC, 0x1F, 0x9F, 0x81, 0xF9,
    0xF8, 0x3F, 0x3F, 0x03, 0xF3, 0xE0, 0x7E, 0x7E, 0x07, 0xE7, 0xC0, 0xFC, 0xFC, 0x1F, 0x9F, 0x87,
    0xE7, 0xE1, 0xF9, 0xF8, 0x7E, 0x7E, 0x0F, 0xDF, 0x83, 0xF3, 0xE0, 0xFC, 0xFC, 0x1F, 0x3F, 0x03,
    0xC3, 0xC0, 0x10, 0x30, 0x00, 0x00, 0x00, 0x00, 0x01, 0x80, 0x38, 0x00, 0x00, 0x78, 0x7F, 0x00,
    0x00, 0x1F, 0x8F, 0xE0, 0x00, 0x07, 0xF3, 0xFC, 0x00, 0x01, 0xFC, 0x7F, 0x80, 0x00, 0x7F, 0x05,
    0xF0, 0x00, 0x0F, 0xC0, 0x7C, 0x00, 0x03, 0xF0, 0x0F, 0x80, 0x00, 0xFC, 0x01, 0xF0, 0x00, 0x3F,
    0x00, 0x3E, 0x00, 0x0F, 0xC0, 0x07, 0xC0, 0x03, 0xF0, 0x01, 0xF8, 0x00, 0xFC, 0x00, 0x3E, 0x00,
    0x3F, 0x00, 0x07, 0xC0, 0x0F, 0xC0, 0x03, 0xFE, 0x03, 0xF0, 0x00, 0x7F, 0xC0, 0xFE, 0x0F, 0xDF,
    0xF8, 0x3F, 0x83, 0xFB, 0xFF, 0x0F, 0xE0, 0xFF, 0x7F, 0xE3, 0xF8, 0x3F, 0xE0, 0x00, 0xFE, 0x07,
    0xF8, 0x00, 0x1F, 0x81, 0xFF, 0x00, 0x07, 0xE0, 0x7F, 0xE0, 0x01, 0xF8, 0x1F, 0x7C, 0x00, 0x7E,
    0x07, 0xCF, 0x80, 0x1F, 0x81, 0xF1, 0xF0, 0x07, 0xE0, 0x7F, 0xFF, 0x81, 0xF8, 0x0F, 0xFF, 0xE0,
    0x7E, 0x01, 0xFF, 0xFC, 0x1F, 0x80, 0x7F, 0xFF, 0x87, 0xE0, 0x07, 0xFF, 0xE1, 0xF8, 0x00, 0x03,
    0xFC, 0x7E, 0x00, 0x00, 0xFF, 0x8F, 0x80, 0x00, 0x1F, 0xF0, 0x70, 0x00, 0x00, 0x00, 0x00, 0x00,
    0x00, 0x00, 0x03, 0x00, 0x38, 0x00, 0x00, 0xF0, 0x7F, 0x00, 0x00, 0x3E, 0x0F, 0xE0, 0x00, 0x0F,
    0xE3, 0xFC, 0x00, 0x03, 0xF0, 0x7F, 0x80, 0x00, 0xFC, 0x05, 0xF0, 0x00, 0x3F, 0x80, 0x7C, 0x00,
    0x0F, 0xE0, 0x0F, 0x80, 0x03, 0xF8, 0x01, 0xF0, 0x00, 0xFE, 0x00, 0x3E, 0x00, 0x3F, 0x80, 0x07,
    0xC0, 0x0F, 0xE0, 0x01, 0xF8, 0x03, 0xF8, 0x00, 0x3E, 0x00, 0xFE, 0x00, 0x07, 0xC0, 0x1F, 0x80,
    0x03, 0xFE, 0x07, 0xE0, 0x00, 0x7F, 0xC1, 0xF8, 0x3F, 0x1F, 0xF8, 0x7E, 0x1F, 0xFB, 0xFF, 0x1F,
    0x87, 0xFF, 0xFF, 0xE7, 0xE1, 0xFF, 0xF0, 0x01, 0xF8, 0x7F, 0xFE, 0x00, 0x7E, 0x07, 0x87, 0xC0,
    0x1F, 0x80, 0x40, 0xF8, 0x07, 0xE0, 0x00, 0x3F, 0x01, 0xF8, 0x00, 0x0F, 0xC0, 0x7F, 0x00, 0x03,
    0xF0, 0x1F, 0xC0, 0x01, 0xFC, 0x07, 0xF0, 0x00, 0x7F, 0x01, 0xFC, 0x00, 0x3F, 0x9C, 0x3F, 0x00,
    0x0F, 0xFF, 0x8F, 0xC0, 0x07, 0xFF, 0xF3, 0xF0, 0x00, 0xFF, 0xFE, 0xFC, 0x00, 0x3F, 0xFF, 0x9F,
    0x00, 0x07, 0xFF, 0xE1, 0xC0, 0x00, 0x00, 0x00, 0x00, 0x00, 0x00, 0x00, 0x00, 0x60, 0x0F, 0xC0,
    0x00, 0x07, 0x83, 0xFF, 0x80, 0x00, 0x7E, 0x3F, 0xFC, 0x00, 0x07, 0xF3, 0xFF, 0xF0, 0x00, 0x7F,
    0x1F, 0xFF, 0x80, 0x03, 0xF0, 0x70, 0xFC, 0x00, 0x3F, 0x00, 0x07, 0xC0, 0x03, 0xF0, 0x03, 0xFE,
    0x00, 0x3F, 0x00, 0x3F, 0xE0, 0x03, 0xF0, 0x01, 0xFF, 0x00, 0x3F, 0x00, 0x0F, 0xFC, 0x03, 0xF0,
    0x00, 0x7F, 0xE0, 0x3F, 0x00, 0x20, 0x3F, 0x03, 0xF0, 0x03, 0xC1, 0xF8, 0x3F, 0x80, 0x1F, 0xFF,
    0xC3, 0xF8, 0x00, 0xFF, 0xFC, 0x3F, 0x83, 0xF7, 0xFF, 0xC3, 0xF8, 0x3F, 0xBF, 0xFC, 0x3F, 0x83,
    0xFC, 0x3F, 0x83, 0xF8, 0x3F, 0xE0, 0x00, 0x3F, 0x81, 0xFF, 0x00, 0x01, 0xF8, 0x1F, 0xF0, 0x00,
    0x1F, 0x81, 0xFF, 0x80, 0x01, 0xF8, 0x1F, 0x7C, 0x00, 0x1F, 0x81, 0xF3, 0xE0, 0x01, 0xF8, 0x1F,
    0x1F, 0x00, 0x1F, 0x81, 0xFF, 0xFE, 0x01, 0xF8, 0x0F, 0xFF, 0xF0, 0x1F, 0x80, 0x7F, 0xFF, 0x01,
    0xF8, 0x07, 0xFF, 0xF8, 0x1F, 0x80, 0x1F, 0xFF, 0x81, 0xF8, 0x00, 0x03, 0xFE, 0x1F, 0x80, 0x00,
    0x1F, 0xE0, 0xFC, 0x00, 0x01, 0xFF, 0x01, 0xC0, 0x00, 0x00, 0x00, 0x00, 0x0E, 0x00, 0x07, 0xC0,
    0x03, 0xF8, 0x00, 0xFE, 0x00, 0x3F, 0x00, 0x0F, 0xC0, 0x01, 0xC0, 0x00, 0x00, 0x00, 0x7E, 0x00,
    0x1F, 0x80, 0x07, 0xE0, 0x01, 0xF0, 0x00, 0xFC, 0x00, 0x3F, 0x00, 0x1F, 0x80, 0x1F, 0xC0, 0x0F,
    0xF0, 0x07, 0xF0, 0x03, 0xF8, 0x00, 0xFC, 0x00, 0x7E, 0x00, 0x1F, 0x00, 0x0F, 0xC0, 0x03, 0xF0,
    0x00, 0xFC, 0x01, 0xBF, 0x00, 0xFF, 0xE0, 0xFF, 0xFF, 0xFF, 0x7F, 0xFF, 0x9F, 0xFF, 0xC3, 0xFF,
    0xC0, 0x3F, 0xC0, 0x00, 0x0F, 0xC0, 0x00, 0x00, 0x3F, 0xF0, 0x00, 0x00, 0xFF, 0xFE, 0x00, 0x03,
    0xFF, 0xF8, 0x00, 0x0F, 0xFF, 0xE0, 0x00, 0x03, 0xFF, 0x80, 0x00, 0x03, 0xFC, 0x00, 0x00, 0x1F,
    0x80, 0x00, 0x00, 0x7E, 0x00, 0x00, 0x03, 0xFC, 0x00, 0x00, 0x0F, 0xF0, 0x00, 0x00, 0x7F, 0xC0,
    0x00, 0x01, 0xFF, 0x00, 0x00, 0x0F, 0xFC, 0x00, 0x00, 0x7F, 0xF0, 0x00, 0x01, 0xF7, 0xC0, 0x00,
    0x0F, 0xDF, 0x80, 0x00, 0x3E, 0x7E, 0x00, 0x01, 0xF9, 0xF8, 0x00, 0x07, 0xC7, 0xE0, 0x00, 0x3F,
    0x1F, 0x80, 0x00, 0xF8, 0x3E, 0x00, 0x07, 0xC0, 0xFC, 0x00, 0x1F, 0xFF, 0xF0, 0x00, 0xFF, 0xFF,
    0xC0, 0x07, 0xFF, 0xFF, 0x00, 0x1F, 0xFF, 0xFC, 0x00, 0xFF, 0xFF, 0xF0, 0x03, 0xE0, 0x07, 0xE0,
    0x1F, 0x80, 0x1F, 0x80, 0x7C, 0x00, 0x7E, 0x03, 0xF0, 0x01, 0xF8, 0x0F, 0x80, 0x07, 0xE0, 0x7E,
    0x00, 0x1F, 0x8F, 0xF0, 0x00, 0x3F, 0xFF, 0xC0, 0x00, 0xFF, 0xFE, 0x00, 0x03, 0xFF, 0xF8, 0x00,
    0x0F, 0xFF, 0xC0, 0x00, 0x3F, 0x80, 0x00, 0x00, 0x00, 0x3C, 0x00, 0x00, 0x0F, 0xF0, 0x00, 0x07,
    0xFF, 0xC0, 0x00, 0xFF, 0xFE, 0x00, 0x03, 0xFF, 0xF8, 0x00, 0x0F, 0xFF, 0xE0, 0x00, 0x3F, 0xF0,
    0x00, 0x00, 0xFF, 0x80, 0x00, 0x00, 0x7E, 0x00, 0x00, 0x01, 0xF8, 0x00, 0x00, 0x0F, 0xF0, 0x00,
    0x00, 0x3F, 0xC0, 0x00, 0x01, 0xFF, 0x00, 0x00, 0x07, 0xFC, 0x00, 0x00, 0x3F, 0xF0, 0x00, 0x01,
    0xFF, 0xC0, 0x00, 0x07, 0xDF, 0x00, 0x00, 0x3F, 0x7E, 0x00, 0x00, 0xF9, 0xF8, 0x00, 0x07, 0xE7,
    0xE0, 0x00, 0x1F, 0x1F, 0x80, 0x00, 0xF8, 0x7E, 0x00, 0x03, 0xE0, 0xF8, 0x00, 0x1F, 0x03, 0xF0,
    0x00, 0x7F, 0xFF, 0xC0, 0x03, 0xFF, 0xFF, 0x00, 0x1F, 0xFF, 0xFC, 0x00, 0x7F, 0xFF, 0xF0, 0x03,
    0xFF, 0xFF, 0xC0, 0x0F, 0x80, 0x1F, 0x80, 0x7E, 0x00, 0x7E, 0x01, 0xF0, 0x01, 0xF8, 0x0F, 0xC0,
    0x07, 0xE0, 0x3E, 0x00, 0x1F, 0x81, 0xF8, 0x00, 0x7E, 0x3F, 0xC0, 0x00, 0xFF, 0xFF, 0x00, 0x03,
    0xFF, 0xF8, 0x00, 0x0F, 0xFF, 0xE0, 0x00, 0x3F, 0xFF, 0x00, 0x00, 0xFE, 0x00, 0x00, 0x06, 0x00,
    0x00, 0x00, 0xFE, 0x00, 0x00, 0x0F, 0xFE, 0x00, 0x00, 0xFF, 0xFE, 0x00, 0x0F, 0xFF, 0xFC, 0x00,
    0x7F, 0xFF, 0xF0, 0x01, 0xFC, 0x1F, 0xC0, 0x07, 0x80, 0x0F, 0x00, 0x00, 0x3E, 0x00, 0x00, 0x01,
    0xF8, 0x00, 0x00, 0x07, 0xE0, 0x00, 0x00, 0x3F, 0xC0, 0x00, 0x00, 0xFF, 0x00, 0x00, 0x07, 0xFC,
    0x00, 0x00, 0x1F, 0xF0, 0x00, 0x00, 0xFF, 0xC0, 0x00, 0x07, 0xFF, 0x00, 0x00, 0x1F, 0x7C, 0x00,
    0x00, 0xFD, 0xF8, 0x00, 0x03, 0xE7, 0xE0, 0x00, 0x1F, 0x9F, 0x80, 0x00, 0x7C, 0x7E, 0x00, 0x03,
    0xF1, 0xF8, 0x00, 0x0F, 0x83, 0xE0, 0x00, 0x7C, 0x0F, 0xC0, 0x01, 0xFF, 0xFF, 0x00, 0x0F, 0xFF,
    0xFC, 0x00, 0x7F, 0xFF, 0xF0, 0x01, 0xFF, 0xFF, 0xC0, 0x0F, 0xFF, 0xFF, 0x00, 0x3E, 0x00, 0x7E,
    0x01, 0xF8, 0x01, 0xF8, 0x07, 0xC0, 0x07, 0xE0, 0x3F, 0x00, 0x1F, 0x80, 0xF8, 0x00, 0x7E, 0x07,
    0xE0, 0x01, 0xF8, 0xFF, 0x00, 0x03, 0xFF, 0xFC, 0x00, 0x0F, 0xFF, 0xE0, 0x00, 0x3F, 0xFF, 0x80,
    0x00, 0xFF, 0xFC, 0x00, 0x03, 0xF8, 0x00, 0x00, 0x00, 0x3C, 0x00, 0x03, 0xF8, 0x7C, 0x00, 0x0F,
    0xFF, 0xF0, 0x00, 0x3F, 0xFF, 0xE0, 0x00, 0xFF, 0xFF, 0x80, 0x01, 0xFF, 0xFE, 0x00, 0x07, 0xC3,
    0xF8, 0x00, 0x0F, 0x1F, 0x00, 0x00, 0x00, 0x7E, 0x00, 0x00, 0x00, 0xFC, 0x00, 0x00, 0x03, 0xFC,
    0x00, 0x00, 0x07, 0xF8, 0x00, 0x00, 0x1F, 0xF0, 0x00, 0x00, 0x3F, 0xE0, 0x00, 0x00, 0xFF, 0xC0,
    0x00, 0x03, 0xFF, 0x80, 0x00, 0x07, 0xDF, 0x00, 0x00, 0x1F, 0xBF, 0x00, 0x00, 0x3E, 0x7E, 0x00,
    0x00, 0xFC, 0xFC, 0x00, 0x01, 0xF1, 0xF8, 0x00, 0x07, 0xE3, 0xF0, 0x00, 0x0F, 0x83, 0xE0, 0x00,
    0x3E, 0x07, 0xE0, 0x00, 0x7F, 0xFF, 0xC0, 0x01, 0xFF, 0xFF, 0x80, 0x07, 0xFF, 0xFF, 0x00, 0x0F,
    0xFF, 0xFE, 0x00, 0x3F, 0xFF, 0xFC, 0x00, 0x7C, 0x00, 0xFC, 0x01, 0xF8, 0x01, 0xF8, 0x03, 0xE0,
    0x03, 0xF0, 0x0F, 0xC0, 0x07, 0xE0, 0x1F, 0x00, 0x0F, 0xC0, 0x7E, 0x00, 0x1F, 0x87, 0xF8, 0x00,
    0x1F, 0xEF, 0xF0, 0x00, 0x3F, 0xDF, 0xC0, 0x00, 0x7F, 0xBF, 0x80, 0x00, 0xFF, 0x7E, 0x00, 0x01,
    0xFC, 0x00, 0x03, 0xC0, 0x70, 0x00, 0x1F, 0x83, 0xE0, 0x00, 0x7E, 0x1F, 0x80, 0x03, 0xF8, 0x7E,
    0x00, 0x0F, 0xE1, 0xF8, 0x00, 0x1F, 0x07, 0xE0, 0x00, 0x7B, 0xEE, 0x00, 0x00, 0x1F, 0x80, 0x00,
    0x00, 0x7E, 0x00, 0x00, 0x03, 0xFC, 0x00, 0x00, 0x0F, 0xF0, 0x00, 0x00, 0x7F, 0xC0, 0x00, 0x01,
    0xFF, 0x00, 0x00, 0x0F, 0xFC, 0x00, 0x00, 0x7F, 0xF0, 0x00, 0x01, 0xF7, 0xC0, 0x00, 0x0F, 0xDF,
    0x80, 0x00, 0x3E, 0x7E, 0x00, 0x01, 0xF1, 0xF8, 0x00, 0x07, 0xC7, 0xE0, 0x00, 0x3E, 0x1F, 0x80,
    0x00, 0xF8, 0x3E, 0x00, 0x07, 0xC0, 0xFC, 0x00, 0x1F, 0xFF, 0xF0, 0x00, 0xFF, 0xFF, 0xC0, 0x07,
    0xFF, 0xFF, 0x00, 0x1F, 0xFF, 0xFC, 0x00, 0xFF, 0xFF, 0xF0, 0x03, 0xE0, 0x07, 0xE0, 0x1F, 0x80,
    0x1F, 0x80, 0x7C, 0x00, 0x7E, 0x03, 0xF0, 0x01, 0xF8, 0x0F, 0x80, 0x07, 0xE0, 0x7E, 0x00, 0x1F,
    0x8F, 0xF0, 0x00, 0x3F, 0xFF, 0xC0, 0x00, 0xFF, 0xFE, 0x00, 0x03, 0xFF, 0xF8, 0x00, 0x0F, 0xFF,
    0xC0, 0x00, 0x3F, 0x80, 0x00, 0x00, 0x1F, 0x00, 0x00, 0x00, 0xFE, 0x00, 0x00, 0x07, 0xFC, 0x00,
    0x00, 0x3F, 0xF0, 0x00, 0x01, 0xFF, 0xC0, 0x00, 0x07, 0x8F, 0x00, 0x00, 0x1E, 0x3C, 0x00, 0x00,
    0x7D, 0xF0, 0x00, 0x01, 0xFF, 0x80, 0x00, 0x03, 0xFC, 0x00, 0x00, 0x0F, 0xF0, 0x00, 0x00, 0x3F,
    0xC0, 0x00, 0x01, 0xFF, 0x00, 0x00, 0x07, 0xFC, 0x00, 0x00, 0x3F, 0xF0, 0x00, 0x01, 0xFF, 0xC0,
    0x00, 0x07, 0xDF, 0x80, 0x00, 0x3F, 0x7E, 0x00, 0x00, 0xF9, 0xF8, 0x00, 0x07, 0xE7, 0xE0, 0x00,
    0x1F, 0x1F, 0x80, 0x00, 0xF8, 0x3E, 0x00, 0x03, 0xE0, 0xF8, 0x00, 0x1F, 0x03, 0xF0, 0x00, 0x7F,
    0xFF, 0xC0, 0x03, 0xFF, 0xFF, 0x00, 0x0F, 0xFF, 0xFC, 0x00, 0x7F, 0xFF, 0xF0, 0x03, 0xFF, 0xFF,
    0xC0, 0x0F, 0x80, 0x1F, 0x80, 0x7E, 0x00, 0x7E, 0x01, 0xF0, 0x01, 0xF8, 0x0F, 0xC0, 0x07, 0xE0,
    0x3E, 0x00, 0x1F, 0x81, 0xF8, 0x00, 0x7E, 0x3F, 0xC0, 0x00, 0xFF, 0xFF, 0x00, 0x03, 0xFF, 0xF8,
    0x00, 0x0F, 0xFF, 0xE0, 0x00, 0x3F, 0xFF, 0x00, 0x00, 0xFF, 0x00, 0x00, 0x0F, 0xFF, 0xFF, 0xF8,
    0x00, 0x00, 0x7F, 0xFF, 0xFF, 0xC0, 0x00, 0x03, 0xFF, 0xFF, 0xFE, 0x00, 0x00, 0x3F, 0xFF, 0xFF,
    0xF0, 0x00, 0x00, 0xFF, 0xFF, 0xFF, 0x00, 0x00, 0x03, 0xFF, 0x80, 0x00, 0x00, 0x00, 0x3F, 0xFC,
    0x00, 0x00, 0x00, 0x03, 0xF7, 0xC0, 0x00, 0x00, 0x00, 0x3F, 0x3E, 0x00, 0x00, 0x00, 0x03, 0xF3,
    0xF0, 0x00, 0x00, 0x00, 0x1F, 0x1F, 0x80, 0x00, 0x00, 0x01, 0xF8, 0xFC, 0x00, 0x00, 0x00, 0x1F,
    0x87, 0xC0, 0x00, 0x00, 0x01, 0xF8, 0x3F, 0xFF, 0xE0, 0x00, 0x1F, 0x83, 0xFF, 0xFF, 0x00, 0x00,
    0xF8, 0x1F, 0xFF, 0xF0, 0x00, 0x0F, 0xC0, 0xFF, 0xFF, 0x80, 0x00, 0xFC, 0x07, 0xFF, 0xFC, 0x00,
    0x0F, 0xFF, 0xFE, 0x00, 0x00, 0x00, 0xFF, 0xFF, 0xF0, 0x00, 0x00, 0x07, 0xFF, 0xFF, 0x80, 0x00,
    0x00, 0x7F, 0xFF, 0xFC, 0x00, 0x00, 0x07, 0xFF, 0xFF, 0xE0, 0x00, 0x00, 0x7E, 0x00, 0x3E, 0x00,
    0x00, 0x07, 0xE0, 0x01, 0xF0, 0x00, 0x00, 0x3F, 0x00, 0x0F, 0x80, 0x00, 0x03, 0xF0, 0x00, 0xFC,
    0x00, 0x00, 0xFF, 0x00, 0x1F, 0xFF, 0xFF, 0x8F, 0xF0, 0x01, 0xFF, 0xFF, 0xFC, 0x7F, 0x00, 0x0F,
    0xFF, 0xFF, 0xE3, 0xF8, 0x00, 0x7F, 0xFF, 0xFE, 0x1F, 0x80, 0x03, 0xFF, 0xFF, 0xF0, 0x00, 0x01,
    0xFE, 0x00, 0x00, 0xFF, 0xFC, 0x00, 0x3F, 0xFF, 0xF0, 0x0F, 0xFF, 0xFE, 0x01, 0xFF, 0xFF, 0xE0,
    0x3F, 0xE0, 0x3C, 0x07, 0xF8, 0x00, 0x80, 0xFE, 0x00, 0x00, 0x0F, 0xC0, 0x00, 0x01, 0xF8, 0x00,
    0x00, 0x3F, 0x80, 0x00, 0x03, 0xF0, 0x00, 0x00, 0x3F, 0x00, 0x00, 0x07, 0xE0, 0x00, 0x00, 0x7E,
    0x00, 0x00, 0x07, 0xE0, 0x00, 0x00, 0xFC, 0x00, 0x00, 0x0F, 0xC0, 0x00, 0x00, 0xFC, 0x00, 0x00,
    0x0F, 0xC0, 0x00, 0x00, 0xFC, 0x00, 0x00, 0x0F, 0xC0, 0x00, 0x00, 0xFE, 0x00, 0x00, 0x0F, 0xE0,
    0x00, 0x00, 0xFE, 0x00, 0x00, 0x07, 0xF0, 0x00, 0x00, 0x7F, 0x80, 0x06, 0x07, 0xFE, 0x03, 0xE0,
    0x3F, 0xFF, 0xFE, 0x01, 0xFF, 0xFF, 0xE0, 0x0F, 0xFF, 0xFE, 0x00, 0x7F, 0xFF, 0x80, 0x01, 0xFF,
    0xC0, 0x00, 0x0F, 0xF0, 0x00, 0x01, 0xFF, 0x80, 0x00, 0x3F, 0xF8, 0x00, 0x03, 0xFF, 0x80, 0x00,
    0xF0, 0xF8, 0x00, 0x0F, 0xFF, 0x80, 0x00, 0xFF, 0xF0, 0x00, 0x1F, 0xFF, 0x00, 0x00, 0xFF, 0xE0,
    0x00, 0x03, 0xF8, 0x00, 0x00, 0x00, 0x1F, 0x00, 0x00, 0x07, 0xFF, 0x00, 0x00, 0xFF, 0xFE, 0x00,
    0x1F, 0xFF, 0xC0, 0x03, 0xFF, 0xF8, 0x00, 0x07, 0xFF, 0x00, 0x00, 0x03, 0xE0, 0x3F, 0xFF, 0xFF,
    0x07, 0xFF, 0xFF, 0xC0, 0xFF, 0xFF, 0xF8, 0x3F, 0xFF, 0xFF, 0x03, 0xFF, 0xFF, 0xE0, 0x1F, 0x00,
    0x00, 0x07, 0xE0, 0x00, 0x00, 0xFC, 0x00, 0x00, 0x1F, 0x80, 0x00, 0x03, 0xF0, 0x00, 0x00, 0x7C,
    0x00, 0x00, 0x0F, 0x80, 0x00, 0x03, 0xF0, 0x00, 0x00, 0x7F, 0xFF, 0xE0, 0x0F, 0xFF, 0xFC, 0x01,
    0xFF, 0xFF, 0x80, 0x3F, 0xFF, 0xF0, 0x0F, 0xFF, 0xFC, 0x01, 0xF8, 0x00, 0x00, 0x3F, 0x00, 0x00,
    0x07, 0xE0, 0x00, 0x00, 0xF8, 0x00, 0x00, 0x1F, 0x00, 0x00, 0x07, 0xE0, 0x00, 0x00, 0xFC, 0x00,
    0x00, 0x1F, 0x80, 0x00, 0x03, 0xE0, 0x00, 0x01, 0xFF, 0xFF, 0xF8, 0x7F, 0xFF, 0xFF, 0x0F, 0xFF,
    0xFF, 0xE1, 0xFF, 0xFF, 0xFC, 0x3F, 0xFF, 0xFF, 0x00, 0x00, 0x00, 0x01, 0xC0, 0x00, 0x07, 0xF8,
    0x00, 0x1F, 0xFF, 0x00, 0x0F, 0xFF, 0xE0, 0x03, 0xFF, 0xF8, 0x00, 0x7F, 0xFF, 0x00, 0x0F, 0xFC,
    0x00, 0x01, 0xE0, 0x00, 0x07, 0xFF, 0xFF, 0xE0, 0xFF, 0xFF, 0xF8, 0x1F, 0xFF, 0xFF, 0x07, 0xFF,
    0xFF, 0xE0, 0x7F, 0xFF, 0xFC, 0x03, 0xE0, 0x00, 0x00, 0xFC, 0x00, 0x00, 0x1F, 0x80, 0x00, 0x03,
    0xF0, 0x00, 0x00, 0x7E, 0x00, 0x00, 0x0F, 0x80, 0x00, 0x01, 0xF0, 0x00, 0x00, 0x7E, 0x00, 0x00,
    0x0F, 0xFF, 0xFC, 0x01, 0xFF, 0xFF, 0x80, 0x3F, 0xFF, 0xF0, 0x07, 0xFF, 0xFE, 0x01, 0xFF, 0xFF,
    0x80, 0x3F, 0x00, 0x00, 0x07, 0xE0, 0x00, 0x00, 0xFC, 0x00, 0x00, 0x1F, 0x00, 0x00, 0x03, 0xE0,
    0x00, 0x00, 0xFC, 0x00, 0x00, 0x1F, 0x80, 0x00, 0x03, 0xF0, 0x00, 0x00, 0x7C, 0x00, 0x00, 0x3F,
    0xFF, 0xFF, 0x0F, 0xFF, 0xFF, 0xE1, 0xFF, 0xFF, 0xFC, 0x3F, 0xFF, 0xFF, 0x87, 0xFF, 0xFF, 0xE0,
    0x00, 0x00, 0x60, 0x00, 0x00, 0x3F, 0x00, 0x00, 0x3F, 0xF8, 0x00, 0x1F, 0xFF, 0xC0, 0x0F, 0xFF,
    0xFE, 0x01, 0xFF, 0xFF, 0xC0, 0x3F, 0x83, 0xF0, 0x07, 0x80, 0x1E, 0x00, 0x00, 0x00, 0x00, 0xFF,
    0xFF, 0xFC, 0x1F, 0xFF, 0xFF, 0x03, 0xFF, 0xFF, 0xE0, 0xFF, 0xFF, 0xFC, 0x0F, 0xFF, 0xFF, 0x80,
    0x7C, 0x00, 0x00, 0x1F, 0x80, 0x00, 0x03, 0xF0, 0x00, 0x00, 0x7E, 0x00, 0x00, 0x0F, 0xC0, 0x00,
    0x01, 0xF0, 0x00, 0x00, 0x3E, 0x00, 0x00, 0x0F, 0xC0, 0x00, 0x01, 0xFF, 0xFF, 0x80, 0x3F, 0xFF,
    0xF0, 0x07, 0xFF, 0xFE, 0x00, 0xFF, 0xFF, 0xC0, 0x3F, 0xFF, 0xF0, 0x07, 0xE0, 0x00, 0x00, 0xFC,
    0x00, 0x00, 0x1F, 0x80, 0x00, 0x03, 0xE0, 0x00, 0x00, 0x7C, 0x00, 0x00, 0x1F, 0x80, 0x00, 0x03,
    0xF0, 0x00, 0x00, 0x7E, 0x00, 0x00, 0x0F, 0x80, 0x00, 0x07, 0xFF, 0xFF, 0xE1, 0xFF, 0xFF, 0xFC,
    0x3F, 0xFF, 0xFF, 0x87, 0xFF, 0xFF, 0xF0, 0xFF, 0xFF, 0xFC, 0x00, 0x00, 0x0C, 0x03, 0x00, 0x07,
    0xC1, 0xF8, 0x01, 0xFC, 0x3F, 0x00, 0x3F, 0x8F, 0xE0, 0x07, 0xE1, 0xFC, 0x00, 0xFC, 0x3F, 0x00,
    0x0F, 0x03, 0xC0, 0x3F, 0xFF, 0xFF, 0x07, 0xFF, 0xFF, 0xC0, 0xFF, 0xFF, 0xF8, 0x3F, 0xFF, 0xFF,
    0x03, 0xFF, 0xFF, 0xE0, 0x1F, 0x00, 0x00, 0x07, 0xE0, 0x00, 0x00, 0xFC, 0x00, 0x00, 0x1F, 0x80,
    0x00, 0x03, 0xF0, 0x00, 0x00, 0x7C, 0x00, 0x00, 0x0F, 0x80, 0x00, 0x03, 0xF0, 0x00, 0x00, 0x7F,
    0xFF, 0xE0, 0x0F, 0xFF, 0xFC, 0x01, 0xFF, 0xFF, 0x80, 0x3F, 0xFF, 0xF0, 0x0F, 0xFF, 0xFC, 0x01,
    0xF8, 0x00, 0x00, 0x3F, 0x00, 0x00, 0x07, 0xE0, 0x00, 0x00, 0xF8, 0x00, 0x00, 0x1F, 0x00, 0x00,
    0x07, 0xE0, 0x00, 0x00, 0xFC, 0x00, 0x00, 0x1F, 0x80, 0x00, 0x03, 0xE0, 0x00, 0x01, 0xFF, 0xFF,
    0xF8, 0x7F, 0xFF, 0xFF, 0x0F, 0xFF, 0xFF, 0xE1, 0xFF, 0xFF, 0xFC, 0x3F, 0xFF, 0xFF, 0x00, 0x0F,
    0x80, 0x03, 0xFF, 0x01, 0xFF, 0xFC, 0x7F, 0xFF, 0x1F, 0xFF, 0xC0, 0x7F, 0xF0, 0x00, 0x78, 0x0F,
    0xFC, 0x03, 0xFF, 0x00, 0xFF, 0xC0, 0x7F, 0xF0, 0x1F, 0xFC, 0x00, 0xF8, 0x00, 0x7E, 0x00, 0x1F,
    0x80, 0x07, 0xE0, 0x01, 0xF0, 0x00, 0x7C, 0x00, 0x3F, 0x00, 0x0F, 0xC0, 0x03, 0xF0, 0x00, 0xF8,
    0x00, 0x3E, 0x00, 0x0F, 0x80, 0x07, 0xE0, 0x01, 0xF8, 0x00, 0x7E, 0x00, 0x1F, 0x00, 0x07, 0xC0,
    0x03, 0xF0, 0x00, 0xFC, 0x00, 0x3F, 0x00, 0x0F, 0x80, 0x03, 0xE0, 0x07, 0xFE, 0x01, 0xFF, 0xC0,
    0x7F, 0xE0, 0x1F, 0xF8, 0x0F, 0xFE, 0x00, 0x00, 0x00, 0x70, 0x00, 0xFF, 0x00, 0xFF, 0xF0, 0x7F,
    0xFF, 0x07, 0xFF, 0xF0, 0xFF, 0xFE, 0x0F, 0xFC, 0x00, 0xF0, 0x00, 0x03, 0xFF, 0x00, 0x3F, 0xF0,
    0x03, 0xFF, 0x00, 0x7F, 0xF0, 0x07, 0xFF, 0x00, 0x0F, 0x80, 0x01, 0xF8, 0x00, 0x1F, 0x80, 0x01,
    0xF8, 0x00, 0x1F, 0x00, 0x01, 0xF0, 0x00, 0x3F, 0x00, 0x03, 0xF0, 0x00, 0x3F, 0x00, 0x03, 0xE0,
    0x00, 0x3E, 0x00, 0x03, 0xE0, 0x00, 0x7E, 0x00, 0x07, 0xE0, 0x00, 0x7E, 0x00, 0x07, 0xC0, 0x00,
    0x7C, 0x00, 0x0F, 0xC0, 0x00, 0xFC, 0x00, 0x0F, 0xC0, 0x00, 0xF8, 0x00, 0x0F, 0x80, 0x07, 0xFE,
    0x00, 0x7F, 0xF0, 0x07, 0xFE, 0x00, 0x7F, 0xE0, 0x0F, 0xFE, 0x00, 0x00, 0x18, 0x00, 0x07, 0xE0,
    0x03, 0xFF, 0x80, 0xFF, 0xFE, 0x3F, 0xFF, 0xF3, 0xFF, 0xFF, 0x3F, 0x07, 0xF7, 0x80, 0x0F, 0x00,
    0x00, 0x00, 0x7F, 0xE0, 0x07, 0xFF, 0x00, 0x7F, 0xE0, 0x0F, 0xFE, 0x00, 0x7F, 0xE0, 0x01, 0xF0,
    0x00, 0x1F, 0x00, 0x03, 0xF0, 0x00, 0x3F, 0x00, 0x03, 0xF0, 0x00, 0x3E, 0x00, 0x03, 0xE0, 0x00,
    0x7E, 0x00, 0x07, 0xE0, 0x00, 0x7E, 0x00, 0x07, 0xC0, 0x00, 0x7C, 0x00, 0x0F, 0xC0, 0x00, 0xFC,
    0x00, 0x0F, 0xC0, 0x00, 0xF8, 0x00, 0x0F, 0x80, 0x00, 0xF8, 0x00, 0x1F, 0x80, 0x01, 0xF8, 0x00,
    0x1F, 0x80, 0x01, 0xF0, 0x00, 0xFF, 0xE0, 0x0F, 0xFE, 0x00, 0xFF, 0xC0, 0x0F, 0xFC, 0x00, 0xFF,
    0xC0, 0x00, 0x03, 0x80, 0xE0, 0x7C, 0x1F, 0x0F, 0xC3, 0xF0, 0xFC, 0x3F, 0x1F, 0xC3, 0xF0, 0xF8,
    0x3E, 0x07, 0x01, 0xC0, 0x3F, 0xF0, 0x03, 0xFF, 0x00, 0x3F, 0xF0, 0x07, 0xFF, 0x00, 0x7F, 0xF0,
    0x00, 0xF8, 0x00, 0x1F, 0x80, 0x01, 0xF8, 0x00, 0x1F, 0x80, 0x01, 0xF0, 0x00, 0x1F, 0x00, 0x01,
    0xF0, 0x00, 0x3F, 0x00, 0x03, 0xF0, 0x00, 0x3F, 0x00, 0x03, 0xE0, 0x00, 0x3E, 0x00, 0x07, 0xE0,
    0x00, 0x7E, 0x00, 0x07, 0xE0, 0x00, 0x7C, 0x00, 0x07, 0xC0, 0x00, 0x7C, 0x00, 0x0F, 0xC0, 0x00,
    0xFC, 0x00, 0x0F, 0xC0, 0x00, 0xF8, 0x00, 0x7F, 0xF0, 0x07, 0xFE, 0x00, 0x7F, 0xE0, 0x07, 0xFE,
    0x00, 0xFF, 0xE0, 0x00, 0x07, 0xFF, 0xF0, 0x00, 0x1F, 0xFF, 0xF8, 0x00, 0x7F, 0xFF, 0xF8, 0x03,
    0xFF, 0xFF, 0xF0, 0x01, 0xFF, 0xFF, 0xE0, 0x07, 0xC0, 0xFF, 0xC0, 0x3F, 0x00, 0xFF, 0x80, 0xFC,
    0x00, 0xFE, 0x03, 0xF0, 0x03, 0xF8, 0x0F, 0x80, 0x07, 0xF0, 0x3E, 0x00, 0x1F, 0xC1, 0xF8, 0x00,
    0x3F, 0x07, 0xE0, 0x00, 0xFC, 0xFF, 0xFC, 0x03, 0xF3, 0xFF, 0xF8, 0x0F, 0xCF, 0xFF, 0xC0, 0x3F,
    0x3F, 0xFF, 0x01, 0xF8, 0xFF, 0xFC, 0x07, 0xE0, 0xFC, 0x00, 0x1F, 0x83, 0xF0, 0x00, 0xFE, 0x0F,
    0xC0, 0x03, 0xF0, 0x3E, 0x00, 0x1F, 0xC0, 0xF8, 0x00, 0x7E, 0x07, 0xE0, 0x03, 0xF8, 0x1F, 0x80,
    0x1F, 0xC0, 0x7E, 0x01, 0xFE, 0x01, 0xF8, 0x1F, 0xF0, 0x1F, 0xFF, 0xFF, 0x80, 0xFF, 0xFF, 0xFC,
    0x03, 0xFF, 0xFF, 0xC0, 0x0F, 0xFF, 0xFC, 0x00, 0x3F, 0xFF, 0x80, 0x00, 0x00, 0x00, 0x00, 0x0F,
    0x00, 0x00, 0x03, 0xF8, 0x78, 0x00, 0x00, 0x3F, 0xFF, 0xC0, 0x00, 0x03, 0xFF, 0xFC, 0x00, 0x00,
    0x3F, 0xFF, 0xE0, 0x00, 0x03, 0xFF, 0xFE, 0x00, 0x00, 0x1F, 0x0F, 0xE0, 0x00, 0x00, 0xF0, 0x00,
    0x00, 0x03, 0xFE, 0x00, 0x07, 0xF8, 0x3F, 0xF0, 0x00, 0x3F, 0xC1, 0xFF, 0x80, 0x01, 0xFE, 0x0F,
    0xFE, 0x00, 0x0F, 0xF0, 0x7F, 0xF0, 0x00, 0x7F, 0x00, 0xFF, 0xC0, 0x07, 0xE0, 0x07, 0xFE, 0x00,
    0x3F, 0x00, 0x3F, 0xF8, 0x01, 0xF8, 0x01, 0xFF, 0xC0, 0x0F, 0x80, 0x0F, 0xFF, 0x00, 0x7C, 0x00,
    0xFD, 0xF8, 0x03, 0xE0, 0x07, 0xCF, 0xE0, 0x3F, 0x00, 0x3E, 0x3F, 0x01, 0xF8, 0x01, 0xF1, 0xFC,
    0x0F, 0x80, 0x0F, 0x87, 0xE0, 0x7C, 0x00, 0xFC, 0x3F, 0x83, 0xE0, 0x07, 0xE0, 0xFC, 0x3F, 0x00,
    0x3E, 0x07, 0xF1, 0xF8, 0x01, 0xF0, 0x1F, 0x8F, 0xC0, 0x0F, 0x80, 0xFE, 0x7C, 0x00, 0x7C, 0x03,
    0xF3, 0xE0, 0x07, 0xE0, 0x1F, 0xDF, 0x00, 0x3F, 0x00, 0x7F, 0xF8, 0x01, 0xF0, 0x03, 0xFF, 0xC0,
    0x0F, 0x80, 0x0F, 0xFC, 0x00, 0x7C, 0x00, 0x7F, 0xE0, 0x07, 0xE0, 0x03, 0xFF, 0x00, 0x7F, 0x00,
    0x0F, 0xF8, 0x07, 0xF0, 0x00, 0x7F, 0xC0, 0x7F, 0x80, 0x01, 0xFE, 0x03, 0xFC, 0x00, 0x0F, 0xE0,
    0x1F, 0xE0, 0x00, 0x3F, 0x00, 0x00, 0x08, 0x00, 0x00, 0x00, 0x3F, 0x80, 0x00, 0x00, 0x7F, 0xF0,
    0x00, 0x00, 0xFF, 0xFE, 0x00, 0x01, 0xFF, 0xFC, 0x00, 0x03, 0xFF, 0xF8, 0x00, 0x00, 0x3F, 0xF0,
    0x00, 0x01, 0xFF, 0xC0, 0x00, 0x1F, 0xFF, 0x80, 0x00, 0xFF, 0xFF, 0xC0, 0x03, 0xFF, 0xFF, 0xC0,
    0x0F, 0xFF, 0xFF, 0xC0, 0x3F, 0xE0, 0x7F, 0xC0, 0xFF, 0x00, 0x3F, 0x83, 0xF8, 0x00, 0x3F, 0x87,
    0xE0, 0x00, 0x7F, 0x1F, 0x80, 0x00, 0x7E, 0x7F, 0x00, 0x00, 0xFC, 0xFC, 0x00, 0x01, 0xF9, 0xF8,
    0x00, 0x03, 0xF7, 0xE0, 0x00, 0x07, 0xEF, 0xC0, 0x00, 0x0F, 0xDF, 0x80, 0x00, 0x1F, 0xBF, 0x00,
    0x00, 0x3F, 0xFC, 0x00, 0x00, 0x7F, 0xF8, 0x00, 0x00, 0xFF, 0xF0, 0x00, 0x03, 0xF7, 0xE0, 0x00,
    0x07, 0xEF, 0xC0, 0x00, 0x0F, 0xDF, 0x80, 0x00, 0x3F, 0x3F, 0x80, 0x00, 0x7E, 0x7F, 0x00, 0x01,
    0xFC, 0x7E, 0x00, 0x07, 0xF0, 0xFE, 0x00, 0x1F, 0xC1, 0xFE, 0x00, 0x7F, 0x81, 0xFF, 0x03, 0xFE,
    0x03, 0xFF, 0xFF, 0xF8, 0x03, 0xFF, 0xFF, 0xE0, 0x03, 0xFF, 0xFF, 0x00, 0x01, 0xFF, 0xF8, 0x00,
    0x00, 0xFF, 0x80, 0x00, 0x00, 0x00, 0x00, 0x70, 0x00, 0x00, 0x1F, 0xE0, 0x00, 0x07, 0xFF, 0xC0,
    0x00, 0x3F, 0xFF, 0x80, 0x00, 0xFF, 0xFF, 0x00, 0x01, 0xFF, 0xFC, 0x00, 0x03, 0xFE, 0x00, 0x00,
    0x07, 0xFF, 0x00, 0x00, 0x0F, 0xFF, 0xC0, 0x00, 0x7F, 0xFF, 0xC0, 0x03, 0xFF, 0xFF, 0xC0, 0x0F,
    0xFF, 0xFF, 0xC0, 0x3F, 0xE0, 0x7F, 0xC0, 0xFF, 0x00, 0x3F, 0x83, 0xF8, 0x00, 0x3F, 0x87, 0xE0,
    0x00, 0x7F, 0x1F, 0x80, 0x00, 0x7E, 0x3F, 0x00, 0x00, 0xFC, 0xFC, 0x00, 0x01, 0xF9, 0xF8, 0x00,
    0x03, 0xF7, 0xE0, 0x00, 0x07, 0xEF, 0xC0, 0x00, 0x0F, 0xDF, 0x80, 0x00, 0x1F, 0xBF, 0x00, 0x00,
    0x3F, 0xFC, 0x00, 0x00, 0x7F, 0xF8, 0x00, 0x00, 0xFF, 0xF0, 0x00, 0x03, 0xF7, 0xE0, 0x00, 0x07,
    0xEF, 0xC0, 0x00, 0x0F, 0xDF, 0x80, 0x00, 0x3F, 0x3F, 0x80, 0x00, 0x7E, 0x7F, 0x00, 0x01, 0xFC,
    0x7E, 0x00, 0x07, 0xF0, 0xFE, 0x00, 0x1F, 0xC1, 0xFE, 0x00, 0x7F, 0x81, 0xFF, 0x03, 0xFE, 0x03,
    0xFF, 0xFF, 0xF8, 0x03, 0xFF, 0xFF, 0xC0, 0x03, 0xFF, 0xFF, 0x00, 0x01, 0xFF, 0xF8, 0x00, 0x00,
    0xFF, 0x80, 0x00, 0x00, 0x00, 0x3C, 0x00, 0x00, 0x01, 0xFE, 0x00, 0x00, 0x1F, 0xFF, 0x00, 0x00,
    0xFF, 0xFF, 0x80, 0x03, 0xFF, 0xFF, 0x80, 0x07, 0xF9, 0xFF, 0x00, 0x0F, 0x80, 0x7C, 0x00, 0x39,
    0xFF, 0x38, 0x00, 0x1F, 0xFF, 0xC0, 0x00, 0xFF, 0xFF, 0xC0, 0x03, 0xFF, 0xFF, 0xC0, 0x0F, 0xFF,
    0xFF, 0xC0, 0x3F, 0xE0, 0x7F, 0xC0, 0xFF, 0x00, 0x3F, 0x83, 0xF8, 0x00, 0x3F, 0x87, 0xE0, 0x00,
    0x7F, 0x1F, 0x80, 0x00, 0x7E, 0x7F, 0x00, 0x00, 0xFC, 0xFC, 0x00, 0x01, 0xF9, 0xF8, 0x00, 0x03,
    0xF7, 0xE0, 0x00, 0x07, 0xEF, 0xC0, 0x00, 0x0F, 0xDF, 0x80, 0x00, 0x1F, 0xBF, 0x00, 0x00, 0x3F,
    0xFC, 0x00, 0x00, 0x7F, 0xF8, 0x00, 0x00, 0xFF, 0xF0, 0x00, 0x03, 0xF7, 0xE0, 0x00, 0x07, 0xEF,
    0xC0, 0x00, 0x0F, 0xDF, 0x80, 0x00, 0x3F, 0x3F, 0x80, 0x00, 0x7E, 0x7F, 0x00, 0x01, 0xFC, 0x7E,
    0x00, 0x07, 0xF0, 0xFE, 0x00, 0x1F, 0xC1, 0xFE, 0x00, 0x7F, 0x81, 0xFF, 0x03, 0xFE, 0x03, 0xFF,
    0xFF, 0xF8, 0x03, 0xFF, 0xFF, 0xC0, 0x03, 0xFF, 0xFF, 0x00, 0x01, 0xFF, 0xF8, 0x00, 0x00, 0xFF,
    0x80, 0x00, 0x00, 0x00, 0x00, 0x78, 0x00, 0x07, 0xF0, 0xF8, 0x00, 0x1F, 0xFF, 0xE0, 0x00, 0x7F,
    0xFF, 0x80, 0x01, 0xFF, 0xFF, 0x00, 0x03, 0xFF, 0xFC, 0x00, 0x0F, 0x87, 0xF0, 0x00, 0x1F, 0xFF,
    0x00, 0x00, 0x0F, 0xFF, 0xC0, 0x00, 0x7F, 0xFF, 0xC0, 0x03, 0xFF, 0xFF, 0xC0, 0x0F, 0xFF, 0xFF,
    0xC0, 0x3F, 0xE0, 0x7F, 0xC0, 0xFF, 0x00, 0x3F, 0x83, 0xF8, 0x00, 0x3F, 0x87, 0xE0, 0x00, 0x7F,
    0x1F, 0x80, 0x00, 0x7E, 0x3F, 0x00, 0x00, 0xFC, 0xFC, 0x00, 0x01, 0xF9, 0xF8, 0x00, 0x03, 0xF7,
    0xE0, 0x00, 0x07, 0xEF, 0xC0, 0x00, 0x0F, 0xDF, 0x80, 0x00, 0x1F, 0xBF, 0x00, 0x00, 0x3F, 0xFC,
    0x00, 0x00, 0x7F, 0xF8, 0x00, 0x00, 0xFF, 0xF0, 0x00, 0x03, 0xF7, 0xE0, 0x00, 0x07, 0xEF, 0xC0,
    0x00, 0x0F, 0xDF, 0x80, 0x00, 0x3F, 0x3F, 0x00, 0x00, 0x7E, 0x7F, 0x00, 0x01, 0xFC, 0x7E, 0x00,
    0x07, 0xF0, 0xFE, 0x00, 0x1F, 0xC1, 0xFE, 0x00, 0x7F, 0x81, 0xFF, 0x03, 0xFE, 0x03, 0xFF, 0xFF,
    0xF8, 0x03, 0xFF, 0xFF, 0xC0, 0x03, 0xFF, 0xFF, 0x00, 0x01, 0xFF, 0xF8, 0x00, 0x00, 0xFF, 0x80,
    0x00, 0x00, 0x07, 0x01, 0xE0, 0x00, 0x1F, 0x07, 0xE0, 0x00, 0x7F, 0x1F, 0xC0, 0x00, 0xFC, 0x3F,
    0x80, 0x01, 0xF8, 0x7F, 0x00, 0x03, 0xE0, 0x7C, 0x00, 0x03, 0xFF, 0xF0, 0x00, 0x07, 0xFF, 0xC0,
    0x00, 0x3F, 0xFF, 0xE0, 0x01, 0xFF, 0xFF, 0xE0, 0x07, 0xFF, 0xFF, 0xE0, 0x1F, 0xF0, 0x3F, 0xE0,
    0x7F, 0x80, 0x1F, 0xC1, 0xFC, 0x00, 0x1F, 0xC3, 0xF0, 0x00, 0x3F, 0x8F, 0xC0, 0x00, 0x3F, 0x1F,
    0x80, 0x00, 0x7E, 0x7E, 0x00, 0x00, 0xFC, 0xFC, 0x00, 0x01, 0xFB, 0xF0, 0x00, 0x03, 0xF7, 0xE0,
    0x00, 0x07, 0xEF, 0xC0, 0x00, 0x0F, 0xDF, 0x80, 0x00, 0x1F, 0xFE, 0x00, 0x00, 0x3F, 0xFC, 0x00,
    0x00, 0x7F, 0xF8, 0x00, 0x01, 0xFB, 0xF0, 0x00, 0x03, 0xF7, 0xE0, 0x00, 0x07, 0xEF, 0xC0, 0x00,
    0x1F, 0x9F, 0x80, 0x00, 0x3F, 0x3F, 0x80, 0x00, 0xFE, 0x3F, 0x00, 0x03, 0xF8, 0x7F, 0x00, 0x0F,
    0xE0, 0xFF, 0x00, 0x3F, 0xC0, 0xFF, 0x81, 0xFF, 0x01, 0xFF, 0xFF, 0xFC, 0x01, 0xFF, 0xFF, 0xF0,
    0x01, 0xFF, 0xFF, 0x80, 0x00, 0xFF, 0xFC, 0x00, 0x00, 0x7F, 0xC0, 0x00, 0x06, 0x00, 0x0C, 0x0F,
    0x00, 0x3E, 0x1F, 0x80, 0x7F, 0x3F, 0xC0, 0xFE, 0x1F, 0xE1, 0xFC, 0x0F, 0xF3, 0xF8, 0x07, 0xFF,
    0xF0, 0x03, 0xFF, 0xE0, 0x01, 0xFF, 0xC0, 0x00, 0xFF, 0x00, 0x00, 0xFF, 0x00, 0x01, 0xFF, 0x80,
    0x07, 0xFF, 0x80, 0x0F, 0xFF, 0xC0, 0x1F, 0xCF, 0xE0, 0x3F, 0x8F, 0xF0, 0x7F, 0x07, 0xF8, 0xFE,
    0x03, 0xF8, 0xFC, 0x01, 0xF0, 0x78, 0x00, 0xE0, 0x20, 0x00, 0x40, 0x00, 0x00, 0xFF, 0x81, 0xC0,
    0x00, 0xFF, 0xFE, 0x7C, 0x00, 0x7F, 0xFF, 0xFF, 0x80, 0x1F, 0xFF, 0xFF, 0xF0, 0x07, 0xFF, 0xFF,
    0xF8, 0x01, 0xFF, 0x03, 0xFE, 0x00, 0x7F, 0x80, 0x1F, 0xC0, 0x1F, 0xC0, 0x07, 0xFC, 0x03, 0xF0,
    0x01, 0xFF, 0x80, 0xFC, 0x00, 0x7F, 0xF0, 0x3F, 0x80, 0x1F, 0xFE, 0x07, 0xE0, 0x07, 0xEF, 0xC0,
    0xFC, 0x01, 0xF9, 0xF8, 0x3F, 0x00, 0x7E, 0x3F, 0x07, 0xE0, 0x1F, 0x87, 0xE0, 0xFC, 0x07, 0xE0,
    0xFC, 0x1F, 0x81, 0xF8, 0x1F, 0x87, 0xE0, 0x7E, 0x03, 0xF0, 0xFC, 0x1F, 0x80, 0x7E, 0x1F, 0x87,
    0xE0, 0x1F, 0x83, 0xF1, 0xF8, 0x03, 0xF0, 0x7E, 0x7E, 0x00, 0x7E, 0x0F, 0xDF, 0x80, 0x1F, 0x81,
    0xFF, 0xE0, 0x03, 0xF0, 0x3F, 0xF8, 0x00, 0xFE, 0x03, 0xFE, 0x00, 0x3F, 0x80, 0x7F, 0x80, 0x0F,
    0xE0, 0x0F, 0xF0, 0x03, 0xFC, 0x01, 0xFF, 0x81, 0xFF, 0x00, 0x7F, 0xFF, 0xFF, 0xC0, 0x1F, 0xFF,
    0xFF, 0xF0, 0x07, 0xFF, 0xFF, 0xF8, 0x00, 0xF8, 0xFF, 0xFC, 0x00, 0x0E, 0x07, 0xFC, 0x00, 0x00,
    0x00, 0x3E, 0x00, 0x00, 0x00, 0xFF, 0xE0, 0x00, 0x01, 0xFF, 0xFC, 0x00, 0x03, 0xFF, 0xF8, 0x00,
    0x07, 0xFF, 0xF0, 0x00, 0x00, 0xFF, 0xE0, 0x00, 0x00, 0x07, 0xC0, 0x1F, 0xE0, 0x00, 0xFF, 0x7F,
    0xC0, 0x01, 0xFE, 0xFF, 0x00, 0x03, 0xFD, 0xFE, 0x00, 0x07, 0xFB, 0xFC, 0x00, 0x0F, 0xF1, 0xF8,
    0x00, 0x3F, 0x03, 0xF0, 0x00, 0x7E, 0x07, 0xE0, 0x00, 0xFC, 0x0F, 0x80, 0x01, 0xF0, 0x3F, 0x00,
    0x03, 0xE0, 0x7E, 0x00, 0x0F, 0xC0, 0xFC, 0x00, 0x1F, 0x81, 0xF8, 0x00, 0x3F, 0x03, 0xE0, 0x00,
    0x7E, 0x07, 0xC0, 0x00, 0xF8, 0x1F, 0x80, 0x01, 0xF0, 0x3F, 0x00, 0x07, 0xE0, 0x7E, 0x00, 0x0F,
    0xC0, 0xFC, 0x00, 0x1F, 0x81, 0xF0, 0x00, 0x3E, 0x07, 0xE0, 0x00, 0x7C, 0x0F, 0xC0, 0x00, 0xF8,
    0x1F, 0x80, 0x03, 0xF0, 0x3F, 0x00, 0x07, 0xE0, 0x7E, 0x00, 0x1F, 0x80, 0xFC, 0x00, 0x3F, 0x01,
    0xFC, 0x00, 0xFC, 0x03, 0xFE, 0x07, 0xF8, 0x03, 0xFF, 0xFF, 0xE0, 0x07, 0xFF, 0xFF, 0x80, 0x07,
    0xFF, 0xFE, 0x00, 0x03, 0xFF, 0xF0, 0x00, 0x01, 0xFF, 0x80, 0x00, 0x00, 0x00, 0x00, 0xF0, 0x00,
    0x00, 0x0F, 0xF0, 0x00, 0x01, 0xFF, 0xF0, 0x00, 0x0F, 0xFF, 0xF0, 0x00, 0x0F, 0xFF, 0xE0, 0x00,
    0x0F, 0xFF, 0xE0, 0x00, 0x0F, 0xFC, 0x00, 0x00, 0x0F, 0x00, 0x00, 0x3F, 0xC0, 0x00, 0xFF, 0x3F,
    0xC0, 0x01, 0xFF, 0x7F, 0xC0, 0x01, 0xFE, 0x7F, 0xC0, 0x01, 0xFE, 0x7F, 0x80, 0x01, 0xFE, 0x0F,
    0x80, 0x01, 0xF0, 0x1F, 0x80, 0x01, 0xF0, 0x1F, 0x80, 0x03, 0xF0, 0x1F, 0x80, 0x03, 0xF0, 0x1F,
    0x00, 0x03, 0xF0, 0x1F, 0x00, 0x03, 0xE0, 0x3F, 0x00, 0x03, 0xE0, 0x3F, 0x00, 0x07, 0xE0, 0x3F,
    0x00, 0x07, 0xE0, 0x3F, 0x00, 0x07, 0xE0, 0x3E, 0x00, 0x07, 0xE0, 0x3E, 0x00, 0x07, 0xC0, 0x7E,
    0x00, 0x07, 0xC0, 0x7E, 0x00, 0x0F, 0xC0, 0x7E, 0x00, 0x0F, 0xC0, 0x7E, 0x00, 0x0F, 0xC0, 0x7C,
    0x00, 0x0F, 0x80, 0xFC, 0x00, 0x0F, 0x80, 0xFC, 0x00, 0x1F, 0x80, 0xFC, 0x00, 0x1F, 0x80, 0xFE,
    0x00, 0x3F, 0x00, 0x7E, 0x00, 0x7F, 0x00, 0x7F, 0x81, 0xFE, 0x00, 0x7F, 0xFF, 0xFC, 0x00, 0x3F,
    0xFF, 0xF8, 0x00, 0x1F, 0xFF, 0xF0, 0x00, 0x0F, 0xFF, 0xE0, 0x00, 0x03, 0xFF, 0x00, 0x00, 0x00,
    0x00, 0xF0, 0x00, 0x00, 0x07, 0xF8, 0x00, 0x00, 0x7F, 0xFC, 0x00, 0x03, 0xFF, 0xFE, 0x00, 0x0F,
    0xFF, 0xFE, 0x00, 0x1F, 0xE7, 0xFC, 0x00, 0x3E, 0x01, 0xF8, 0x00, 0x60, 0x00, 0x60, 0x3F, 0xC0,
    0x00, 0xFE, 0xFF, 0x80, 0x03, 0xFD, 0xFF, 0x00, 0x07, 0xFB, 0xFC, 0x00, 0x0F, 0xF7, 0xF8, 0x00,
    0x1F, 0xE3, 0xF0, 0x00, 0x3E, 0x07, 0xE0, 0x00, 0xFC, 0x0F, 0xC0, 0x01, 0xF8, 0x1F, 0x00, 0x03,
    0xF0, 0x3E, 0x00, 0x07, 0xC0, 0xFC, 0x00, 0x0F, 0x81, 0xF8, 0x00, 0x3F, 0x03, 0xF0, 0x00, 0x7E,
    0x07, 0xE0, 0x00, 0xFC, 0x0F, 0x80, 0x01, 0xF0, 0x3F, 0x00, 0x03, 0xE0, 0x7E, 0x00, 0x07, 0xC0,
    0xFC, 0x00, 0x1F, 0x81, 0xF8, 0x00, 0x3F, 0x03, 0xE0, 0x00, 0x7E, 0x07, 0xC0, 0x00, 0xF8, 0x1F,
    0x80, 0x01, 0xF0, 0x3F, 0x00, 0x07, 0xE0, 0x7E, 0x00, 0x0F, 0xC0, 0xFC, 0x00, 0x1F, 0x01, 0xFC,
    0x00, 0x7E, 0x03, 0xF8, 0x01, 0xF8, 0x03, 0xFC, 0x0F, 0xF0, 0x07, 0xFF, 0xFF, 0xC0, 0x07, 0xFF,
    0xFF, 0x00, 0x0F, 0xFF, 0xFC, 0x00, 0x07, 0xFF, 0xE0, 0x00, 0x03, 0xFF, 0x00, 0x00, 0x00, 0x1E,
    0x03, 0x80, 0x00, 0x3E, 0x0F, 0xC0, 0x00, 0x7F, 0x0F, 0xC0, 0x00, 0x7F, 0x1F, 0xC0, 0x00, 0x7E,
    0x1F, 0xC0, 0x00, 0x7E, 0x0F, 0x80, 0x00, 0x3C, 0x07, 0x00, 0x3F, 0xC0, 0x00, 0xFF, 0x3F, 0xC0,
    0x01, 0xFF, 0x7F, 0xC0, 0x01, 0xFE, 0x7F, 0xC0, 0x01, 0xFE, 0x7F, 0x80, 0x01, 0xFE, 0x0F, 0x80,
    0x01, 0xF0, 0x1F, 0x80, 0x01, 0xF0, 0x1F, 0x80, 0x03, 0xF0, 0x1F, 0x80, 0x03, 0xF0, 0x1F, 0x80,
    0x03, 0xF0, 0x1F, 0x00, 0x03, 0xE0, 0x3F, 0x00, 0x03, 0xE0, 0x3F, 0x00, 0x07, 0xE0, 0x3F, 0x00,
    0x07, 0xE0, 0x3F, 0x00, 0x07, 0xE0, 0x3E, 0x00, 0x07, 0xE0, 0x3E, 0x00, 0x07, 0xC0, 0x7E, 0x00,
    0x07, 0xC0, 0x7E, 0x00, 0x0F, 0xC0, 0x7E, 0x00, 0x0F, 0xC0, 0x7E, 0x00, 0x0F, 0xC0, 0x7C, 0x00,
    0x0F, 0x80, 0xFC, 0x00, 0x0F, 0x80, 0xFC, 0x00, 0x1F, 0x80, 0xFC, 0x00, 0x1F, 0x80, 0xFE, 0x00,
    0x3F, 0x00, 0x7E, 0x00, 0x7F, 0x00, 0x7F, 0x81, 0xFE, 0x00, 0x7F, 0xFF, 0xFC, 0x00, 0x3F, 0xFF,
    0xF8, 0x00, 0x1F, 0xFF, 0xF0, 0x00, 0x0F, 0xFF, 0xE0, 0x00, 0x03, 0xFF, 0x00, 0x00, 0x00, 0x00,
    0x03, 0x80, 0x00, 0x07, 0xF8, 0x00, 0x07, 0xFF, 0x80, 0x03, 0xFF, 0xF8, 0x00, 0x7F, 0xFF, 0x80,
    0x07, 0xFF, 0xF0, 0x00, 0x7F, 0xE0, 0x00, 0x07, 0x80, 0x00, 0x7E, 0x00, 0x03, 0xF7, 0xF0, 0x00,
    0x7F, 0x7F, 0x00, 0x0F, 0xF7, 0xF8, 0x00, 0xFE, 0xFF, 0x80, 0x1F, 0xE1, 0xFC, 0x03, 0xF0, 0x0F,
    0xC0, 0x7E, 0x00, 0xFE, 0x07, 0xE0, 0x0F, 0xE0, 0xFC, 0x00, 0x7E, 0x1F, 0x80, 0x07, 0xF3, 0xF0,
    0x00, 0x3F, 0x3E, 0x00, 0x03, 0xFF, 0xE0, 0x00, 0x1F, 0xFC, 0x00, 0x01, 0xFF, 0x80, 0x00, 0x0F,
    0xF0, 0x00, 0x00, 0xFF, 0x00, 0x00, 0x07, 0xE0, 0x00, 0x00, 0x7C, 0x00, 0x00, 0x07, 0xC0, 0x00,
    0x00, 0xFC, 0x00, 0x00, 0x0F, 0xC0, 0x00, 0x00, 0xFC, 0x00, 0x00, 0x0F, 0xC0, 0x00, 0x00, 0xF8,
    0x00, 0x00, 0x0F, 0x80, 0x00, 0x01, 0xF8, 0x00, 0x00, 0x7F, 0xE0, 0x00, 0x0F, 0xFE, 0x00, 0x00,
    0xFF, 0xE0, 0x00, 0x0F, 0xFE, 0x00, 0x00, 0xFF, 0xE0, 0x00, 0x07, 0xFE, 0x00, 0x01, 0xFF, 0xC0,
    0x00, 0x7F, 0xE0, 0x00, 0x3F, 0xF8, 0x00, 0x0F, 0xFE, 0x00, 0x00, 0x7C, 0x00, 0x00, 0x3F, 0xFF,
    0x80, 0x0F, 0xFF, 0xF8, 0x03, 0xFF, 0xFF, 0x00, 0xFF, 0xFF, 0xE0, 0x3F, 0xFF, 0xF8, 0x0F, 0x80,
    0xFF, 0x07, 0xE0, 0x0F, 0xC1, 0xF8, 0x03, 0xF0, 0x7E, 0x00, 0xFC, 0x1F, 0x00, 0x3F, 0x07, 0xC0,
    0x0F, 0xC3, 0xF0, 0x07, 0xE0, 0xFC, 0x01, 0xF8, 0x3F, 0x01, 0xFC, 0x0F, 0xFF, 0xFF, 0x03, 0xFF,
    0xFF, 0x80, 0xFF, 0xFF, 0xC0, 0x7F, 0xFF, 0xC0, 0x1F, 0xFF, 0xC0, 0x07, 0xE0, 0x00, 0x01, 0xF0,
    0x00, 0x03, 0xFF, 0x80, 0x00, 0xFF, 0xE0, 0x00, 0x3F, 0xF8, 0x00, 0x0F, 0xFE, 0x00, 0x03, 0xFF,
    0x00, 0x00, 0x00, 0x0F, 0xE0, 0x00, 0x3F, 0xF8, 0x00, 0xFF, 0xFC, 0x01, 0xFF, 0xFE, 0x03, 0xFF,
    0xFE, 0x03, 0xF8, 0x7F, 0x07, 0xE0, 0x3F, 0x07, 0xE0, 0x3F, 0x0F, 0xC0, 0x3E, 0x0F, 0xC0, 0x3E,
    0x0F, 0x80, 0x7E, 0x0F, 0x80, 0x7C, 0x0F, 0x81, 0xFC, 0x1F, 0x9F, 0xF8, 0x1F, 0x9F, 0xF0, 0x1F,
    0x1F, 0xF8, 0x1F, 0x1F, 0xFC, 0x1F, 0x3F, 0xFE, 0x3F, 0x01, 0xFE, 0x3F, 0x00, 0x7E, 0x3F, 0x00,
    0x7E, 0x3E, 0x00, 0x3E, 0x3E, 0x00, 0x3E, 0x3E, 0x00, 0x3E, 0x7E, 0x00, 0x7E, 0x7E, 0x00, 0x7E,
    0x7E, 0x00, 0x7E, 0x7C, 0x00, 0xFC, 0x7C, 0x01, 0xFC, 0x7C, 0x07, 0xF8, 0xFD, 0xFF, 0xF0, 0xFF,
    0xFF, 0xE0, 0xFB, 0xFF, 0xC0, 0xFB, 0xFF, 0x80, 0xF9, 0xFC, 0x00, 0x00, 0xF8, 0x00, 0x03, 0xE0,
    0x00, 0x0F, 0xC0, 0x00, 0x1F, 0x80, 0x00, 0x7E, 0x00, 0x00, 0xFC, 0x00, 0x01, 0xF0, 0x00, 0x07,
    0xE0, 0x00, 0x0F, 0x80, 0x01, 0xFE, 0x00, 0x3F, 0xFC, 0x01, 0xFF, 0xF8, 0x07, 0xFF, 0xF0, 0x1F,
    0xFF, 0xC0, 0x70, 0x3F, 0x00, 0xFE, 0x7C, 0x0F, 0xFF, 0xF0, 0x7F, 0xFF, 0xC3, 0xFF, 0xFF, 0x1F,
    0xFF, 0xFC, 0x7E, 0x0F, 0xE3, 0xF0, 0x1F, 0x8F, 0xC0, 0x3E, 0x3E, 0x01, 0xF8, 0xF8, 0x07, 0xE3,
    0xF0, 0x7F, 0x8F, 0xFF, 0xFF, 0xBF, 0xFF, 0xFF, 0x7F, 0xFF, 0xFC, 0xFF, 0xFF, 0xE0, 0xFE, 0x3E,
    0x00, 0x00, 0x00, 0xFC, 0x00, 0x07, 0xE0, 0x00, 0x1F, 0x00, 0x00, 0xF8, 0x00, 0x07, 0xC0, 0x00,
    0x3E, 0x00, 0x01, 0xF0, 0x00, 0x0F, 0x80, 0x00, 0x7C, 0x00, 0x03, 0xFC, 0x00, 0x3F, 0xFC, 0x01,
    0xFF, 0xF8, 0x07, 0xFF, 0xF0, 0x1F, 0xFF, 0xC0, 0x70, 0x3F, 0x00, 0xFE, 0x7C, 0x0F, 0xFF, 0xF0,
    0x7F, 0xFF, 0xC3, 0xFF, 0xFF, 0x1F, 0xFF, 0xFC, 0x7E, 0x0F, 0xE3, 0xF0, 0x1F, 0x8F, 0xC0, 0x3E,
    0x3E, 0x01, 0xF8, 0xF8, 0x07, 0xE3, 0xF0, 0x7F, 0x8F, 0xFF, 0xFF, 0xBF, 0xFF, 0xFF, 0x7F, 0xFF,
    0xFC, 0xFF, 0xFF, 0xE0, 0xFE, 0x3E, 0x00, 0x00, 0x0F, 0xC0, 0x00, 0x7F, 0x00, 0x01, 0xFC, 0x00,
    0x0F, 0xF8, 0x00, 0x7F, 0xE0, 0x03, 0xFF, 0xC0, 0x0F, 0xBF, 0x00, 0x7C, 0x7C, 0x03, 0xE1, 0xF8,
    0x0F, 0x83, 0xE0, 0x3F, 0xFC, 0x01, 0xFF, 0xF8, 0x07, 0xFF, 0xF0, 0x1F, 0xFF, 0xC0, 0x60, 0x3F,
    0x00, 0x00, 0x7C, 0x03, 0xF9, 0xF0, 0x3F, 0xFF, 0xC1, 0xFF, 0xFF, 0x0F, 0xFF, 0xFC, 0x7F, 0xFF,
    0xF1, 0xF8, 0x3F, 0x8F, 0xC0, 0x7E, 0x3F, 0x00, 0xF8, 0xF8, 0x07, 0xE3, 0xE0, 0x1F, 0x8F, 0xC1,
    0xFE, 0x3F, 0xFF, 0xFE, 0xFF, 0xFF, 0xFD, 0xFF, 0xFF, 0xF3, 0xFF, 0xFF, 0x83, 0xF8, 0xF8, 0x00,
    0x00, 0x3C, 0x00, 0x61, 0xF0, 0x0F, 0xFF, 0x80, 0x7F, 0xFE, 0x03, 0xFF, 0xF0, 0x0F, 0x1F, 0x00,
    0x7C, 0x00, 0x01, 0xFF, 0xC0, 0x03, 0xFF, 0xC0, 0x1F, 0xFF, 0x80, 0x7F, 0xFF, 0x01, 0xFF, 0xFC,
    0x07, 0x03, 0xF0, 0x0F, 0xE7, 0xC0, 0xFF, 0xFF, 0x07, 0xFF, 0xFC, 0x3F, 0xFF, 0xF1, 0xFF, 0xFF,
    0xC7, 0xE0, 0xFE, 0x3F, 0x01, 0xF8, 0xFC, 0x03, 0xE3, 0xE0, 0x1F, 0x8F, 0x80, 0x7E, 0x3F, 0x07,
    0xF8, 0xFF, 0xFF, 0xFB, 0xFF, 0xFF, 0xF7, 0xFF, 0xFF, 0xCF, 0xFF, 0xFE, 0x0F, 0xE3, 0xE0, 0x00,
    0x40, 0x40, 0x07, 0xC7, 0xC0, 0x3F, 0x3F, 0x80, 0xFC, 0xFE, 0x03, 0xF3, 0xF0, 0x0F, 0xFF, 0x80,
    0x3F, 0xFC, 0x01, 0xFF, 0xF8, 0x07, 0xFF, 0xF0, 0x1F, 0xFF, 0xC0, 0x60, 0x3F, 0x00, 0x00, 0x7C,
    0x03, 0xF9, 0xF0, 0x3F, 0xFF, 0xC1, 0xFF, 0xFF, 0x0F, 0xFF, 0xFC, 0x7F, 0xFF, 0xF1, 0xF8, 0x3F,
    0x8F, 0xC0, 0x7E, 0x3F, 0x00, 0xF8, 0xF8, 0x07, 0xE3, 0xE0, 0x1F, 0x8F, 0xC1, 0xFE, 0x3F, 0xFF,
    0xFE, 0xFF, 0xFF, 0xFD, 0xFF, 0xFF, 0xF3, 0xFF, 0xFF, 0x83, 0xF8, 0xF8, 0x00, 0x02, 0x00, 0x00,
    0x7F, 0x00, 0x03, 0xFC, 0x00, 0x1F, 0xF8, 0x00, 0x7F, 0xE0, 0x03, 0xE7, 0x80, 0x0F, 0x1E, 0x00,
    0x3E, 0xF0, 0x00, 0x7F, 0xC0, 0x01, 0xFE, 0x00, 0x07, 0xF0, 0x00, 0xFF, 0xF0, 0x07, 0xFF, 0xE0,
    0x1F, 0xFF, 0xC0, 0x7F, 0xFF, 0x01, 0x80, 0xFC, 0x00, 0x01, 0xF0, 0x0F, 0xE7, 0xC0, 0xFF, 0xFF,
    0x07, 0xFF, 0xFC, 0x3F, 0xFF, 0xF1, 0xFF, 0xFF, 0xC7, 0xE0, 0xFE, 0x3F, 0x01, 0xF8, 0xFC, 0x03,
    0xE3, 0xE0, 0x1F, 0x8F, 0x80, 0x7E, 0x3F, 0x07, 0xF8, 0xFF, 0xFF, 0xFB, 0xFF, 0xFF, 0xF7, 0xFF,
    0xFF, 0xCF, 0xFF, 0xFE, 0x0F, 0xE3, 0xE0, 0x00, 0x7F, 0x01, 0xFC, 0x00, 0xFF, 0xF1, 0xFF, 0xC0,
    0x7F, 0xFF, 0xFF, 0xF8, 0x1F, 0xFF, 0xFF, 0xFE, 0x07, 0xFF, 0xFF, 0xBF, 0xC1, 0xC0, 0xFF, 0x03,
    0xF0, 0x3F, 0x9F, 0x80, 0x7C, 0x3F, 0xFF, 0xE0, 0x1F, 0x1F, 0xFF, 0xF0, 0x07, 0xCF, 0xFF, 0xFF,
    0xFF, 0xF7, 0xFF, 0xFF, 0xFF, 0xFD, 0xF8, 0x3F, 0xFF, 0xFF, 0xFC, 0x07, 0xFF, 0xFF, 0xFF, 0x00,
    0xFF, 0xFF, 0xFF, 0x80, 0x7E, 0x00, 0x03, 0xE0, 0x1F, 0xC0, 0x08, 0xFC, 0x0F, 0xF8, 0x0E, 0x3F,
    0xDF, 0xFF, 0xFF, 0x8F, 0xFF, 0xFF, 0xFF, 0xE1, 0xFF, 0xF3, 0xFF, 0xF8, 0x3F, 0xF8, 0x7F, 0xFC,
    0x03, 0xF8, 0x07, 0xF8, 0x00, 0x00, 0x3F, 0x80, 0x1F, 0xFF, 0x03, 0xFF, 0xF0, 0x7F, 0xFF, 0x0F,
    0xFF, 0xE1, 0xFC, 0x0E, 0x3F, 0x80, 0x03, 0xF0, 0x00, 0x7E, 0x00, 0x07, 0xE0, 0x00, 0x7C, 0x00,
    0x0F, 0xC0, 0x00, 0xFC, 0x00, 0x0F, 0xC0, 0x00, 0xFC, 0x00, 0x0F, 0xC0, 0x00, 0xFE, 0x00, 0x07,
    0xE0, 0x18, 0x7F, 0xFF, 0xC3, 0xFF, 0xF8, 0x3F, 0xFF, 0x81, 0xFF, 0xF0, 0x07, 0xFC, 0x00, 0x7F,
    0x00, 0x0F, 0xF8, 0x00, 0xFF, 0x80, 0x0F, 0xFC, 0x03, 0xCF, 0x80, 0x7F, 0xF8, 0x07, 0xFF, 0x00,
    0x7F, 0xE0, 0x01, 0xF8, 0x00, 0x01, 0xF8, 0x00, 0x07, 0xC0, 0x00, 0x3F, 0x00, 0x00, 0xFC, 0x00,
    0x07, 0xE0, 0x00, 0x1F, 0x80, 0x00, 0x7C, 0x00, 0x03, 0xF0, 0x00, 0x0F, 0x80, 0x03, 0xF8, 0x00,
    0x7F, 0xF0, 0x0F, 0xFF, 0xC0, 0xFF, 0xFF, 0x0F, 0xFF, 0xF8, 0xFF, 0x0F, 0xC7, 0xE0, 0x3F, 0x7E,
    0x01, 0xFB, 0xF0, 0x0F, 0xDF, 0xFF, 0xFF, 0xFF, 0xFF, 0xFF, 0xFF, 0xFF, 0x7F, 0xFF, 0xFB, 0xFF,
    0xFF, 0xDF, 0x80, 0x00, 0xFC, 0x00, 0x83, 0xF8, 0x1E, 0x1F, 0xFF, 0xF0, 0xFF, 0xFF, 0x03, 0xFF,
    0xF8, 0x0F, 0xFF, 0x80, 0x0F, 0xF0, 0x00, 0x00, 0x00, 0xF8, 0x00, 0x0F, 0xC0, 0x00, 0xFC, 0x00,
    0x0F, 0xC0, 0x00, 0xFC, 0x00, 0x0F, 0xC0, 0x00, 0xFC, 0x00, 0x0F, 0xC0, 0x00, 0xFC, 0x00, 0x03,
    0xF8, 0x00, 0x7F, 0xF0, 0x0F, 0xFF, 0xC0, 0xFF, 0xFF, 0x0F, 0xFF, 0xF8, 0x7F, 0x0F, 0xC7, 0xE0,
    0x3F, 0x7E, 0x01, 0xFB, 0xF0, 0x0F, 0xDF, 0xFF, 0xFF, 0xFF, 0xFF, 0xFF, 0xFF, 0xFF, 0x7F, 0xFF,
    0xFB, 0xFF, 0xFF, 0xDF, 0x80, 0x00, 0xFC, 0x00, 0x83, 0xF8, 0x1E, 0x1F, 0xFF, 0xF0, 0xFF, 0xFF,
    0x03, 0xFF, 0xF8, 0x0F, 0xFF, 0x80, 0x0F, 0xF0, 0x00, 0x00, 0x0F, 0x80, 0x00, 0xFE, 0x00, 0x07,
    0xF0, 0x00, 0x7F, 0x80, 0x07, 0xFE, 0x00, 0x7D, 0xF0, 0x03, 0xEF, 0xC0, 0x3E, 0x3E, 0x03, 0xE1,
    0xF0, 0x1E, 0x07, 0xC0, 0x1F, 0xC0, 0x03, 0xFF, 0x80, 0x7F, 0xFE, 0x07, 0xFF, 0xF8, 0x7F, 0xFF,
    0xC3, 0xF8, 0x7E, 0x3F, 0x01, 0xFB, 0xF0, 0x0F, 0xDF, 0x80, 0x7E, 0xFF, 0xFF, 0xFF, 0xFF, 0xFF,
    0xFF, 0xFF, 0xFB, 0xFF, 0xFF, 0xDF, 0xFF, 0xFE, 0xFC, 0x00, 0x07, 0xE0, 0x04, 0x1F, 0xC0, 0xF0,
    0xFF, 0xFF, 0x87, 0xFF, 0xF8, 0x1F, 0xFF, 0xC0, 0x7F, 0xFC, 0x00, 0x7F, 0x80, 0x00, 0xE0, 0xE0,
    0x1F, 0x8F, 0x80, 0xFC, 0xFE, 0x07, 0xE7, 0xE0, 0x3F, 0x3F, 0x00, 0xF6, 0xF0, 0x03, 0xFE, 0x00,
    0x7F, 0xFC, 0x07, 0xFF, 0xE0, 0x7F, 0xFF, 0x87, 0xFF, 0xFC, 0x7F, 0x07, 0xF3, 0xF0, 0x1F, 0xBF,
    0x00, 0xFD, 0xF8, 0x07, 0xEF, 0xFF, 0xFF, 0xFF, 0xFF, 0xFF, 0xFF, 0xFF, 0xBF, 0xFF, 0xFD, 0xFF,
    0xFF, 0xEF, 0xC0, 0x00, 0x7E, 0x00, 0x41, 0xFC, 0x0F, 0x0F, 0xFF, 0xF8, 0x3F, 0xFF, 0x81, 0xFF,
    0xFC, 0x07, 0xFF, 0xC0, 0x07, 0xF8, 0x00, 0x7E, 0x07, 0xE0, 0xFC, 0x0F, 0xC0, 0xF8, 0x1F, 0x81,
    0xF0, 0x3F, 0x03, 0xE3, 0xC1, 0xFC, 0x7F, 0xCF, 0xF9, 0xFE, 0x07, 0xC0, 0xF8, 0x1F, 0x07, 0xE0,
    0xFC, 0x1F, 0x03, 0xE0, 0x7C, 0x0F, 0x83, 0xF0, 0x7C, 0x0F, 0x81, 0xFE, 0x3F, 0xC7, 0xF8, 0xFE,
    0x0F, 0x00, 0x00, 0xF8, 0x0F, 0xC0, 0xFC, 0x0F, 0xC0, 0xFC, 0x0F, 0xC0, 0xFC, 0x0F, 0xC0, 0x7C,
    0x00, 0xF0, 0x1F, 0xC1, 0xFF, 0x0F, 0xF8, 0x7F, 0x80, 0x7C, 0x03, 0xE0, 0x1F, 0x01, 0xF8, 0x0F,
    0xC0, 0x7C, 0x03, 0xE0, 0x1F, 0x00, 0xF8, 0x0F, 0xC0, 0x7C, 0x03, 0xE0, 0x1F, 0xE0, 0xFF, 0x07,
    0xF8, 0x3F, 0x80, 0xF0, 0x00, 0x03, 0xF0, 0x0F, 0xE0, 0x3F, 0xE0, 0xFF, 0xC1, 0xFF, 0x87, 0xDF,
    0x9F, 0x1F, 0x7E, 0x3F, 0xF8, 0x3F, 0xFE, 0x78, 0xFE, 0x03, 0xFE, 0x07, 0xFC, 0x0F, 0xF0, 0x03,
    0xE0, 0x07, 0xC0, 0x0F, 0x80, 0x3F, 0x00, 0x7E, 0x00, 0xF8, 0x01, 0xF0, 0x03, 0xE0, 0x07, 0xC0,
    0x1F, 0x80, 0x3E, 0x00, 0x7C, 0x00, 0xFF, 0x01, 0xFE, 0x03, 0xFC, 0x07, 0xF0, 0x07, 0x80, 0x00,
    0x3C, 0x3C, 0xF8, 0xFF, 0xFB, 0xFF, 0xF7, 0xFF, 0xCF, 0xCF, 0x0F, 0x03, 0xC0, 0x1F, 0xC0, 0x7F,
    0xC0, 0xFF, 0x81, 0xFE, 0x00, 0x7C, 0x00, 0xF8, 0x01, 0xF0, 0x07, 0xE0, 0x0F, 0xC0, 0x1F, 0x00,
    0x3E, 0x00, 0x7C, 0x00, 0xF8, 0x03, 0xF0, 0x07, 0xC0, 0x0F, 0x80, 0x1F, 0xE0, 0x3F, 0xC0, 0x7F,
    0x80, 0xFE, 0x00, 0xF0, 0x00, 0x00, 0x60, 0x30, 0x03, 0xE3, 0xC0, 0x0F, 0xFF, 0x80, 0x7F, 0xFC,
    0x00, 0xFF, 0xE0, 0x00, 0xFF, 0x00, 0x07, 0xFE, 0x00, 0x3F, 0xFC, 0x01, 0xFF, 0xF0, 0x07, 0xCF,
    0xE0, 0x0C, 0x1F, 0x80, 0x00, 0x7E, 0x00, 0x7E, 0xFC, 0x07, 0xFF, 0xF0, 0x7F, 0xFF, 0xC3, 0xFF,
    0xFF, 0x1F, 0xFF, 0xFC, 0xFF, 0x0F, 0xF3, 0xF0, 0x1F, 0xDF, 0x80, 0x3F, 0x7E, 0x00, 0xFD, 0xF0,
    0x03, 0xFF, 0xC0, 0x0F, 0xFF, 0x00, 0x3F, 0xFC, 0x00, 0xFB, 0xF0, 0x07, 0xEF, 0xC0, 0x1F, 0xBF,
    0x00, 0xFC, 0xFC, 0x07, 0xF3, 0xFC, 0x3F, 0x87, 0xFF, 0xFC, 0x1F, 0xFF, 0xF0, 0x3F, 0xFF, 0x00,
    0x7F, 0xF8, 0x00, 0x7F, 0x80, 0x00, 0x00, 0x00, 0x3C, 0x00, 0x1C, 0x3E, 0x00, 0x7F, 0xFC, 0x00,
    0xFF, 0xF8, 0x01, 0xFF, 0xF0, 0x03, 0xE7, 0xE0, 0x03, 0xC0, 0x00, 0x0F, 0xCF, 0xE0, 0x7F, 0x3F,
    0xF0, 0xFF, 0xFF, 0xF8, 0xFF, 0xFF, 0xFC, 0x7F, 0xFF, 0xFC, 0x1F, 0xF0, 0xFC, 0x1F, 0xC0, 0xFC,
    0x1F, 0x80, 0xFC, 0x1F, 0x80, 0xFC, 0x1F, 0x00, 0xFC, 0x3F, 0x00, 0xF8, 0x3F, 0x00, 0xF8, 0x3F,
    0x00, 0xF8, 0x3E, 0x01, 0xF8, 0x3E, 0x01, 0xF8, 0x3E, 0x01, 0xF8, 0x7E, 0x01, 0xF0, 0x7E, 0x01,
    0xFE, 0x7C, 0x01, 0xFE, 0x7C, 0x01, 0xFF, 0x7C, 0x01, 0xFE, 0x7C, 0x00, 0xF8, 0x00, 0x7C, 0x00,
    0x01, 0xF8, 0x00, 0x07, 0xE0, 0x00, 0x0F, 0xC0, 0x00, 0x3F, 0x00, 0x00, 0x7E, 0x00, 0x00, 0xF8,
    0x00, 0x03, 0xF0, 0x00, 0x07, 0xC0, 0x01, 0xFF, 0x00, 0x1F, 0xFE, 0x01, 0xFF, 0xFC, 0x0F, 0xFF,
    0xF8, 0x7F, 0xFF, 0xE3, 0xFC, 0x1F, 0xCF, 0xC0, 0x3F, 0x7E, 0x00, 0xFD, 0xF8, 0x03, 0xF7, 0xC0,
    0x0F, 0xFF, 0x00, 0x3F, 0xFC, 0x00, 0xFF, 0xF0, 0x03, 0xEF, 0xC0, 0x1F, 0xBF, 0x00, 0x7E, 0xFE,
    0x03, 0xF1, 0xFC, 0x3F, 0xC7, 0xFF, 0xFE, 0x1F, 0xFF, 0xF0, 0x3F, 0xFF, 0x80, 0x7F, 0xF8, 0x00,
    0x3F, 0x80, 0x00, 0x00, 0x00, 0xF8, 0x00, 0x03, 0xE0, 0x00, 0x1F, 0x80, 0x00, 0xFC, 0x00, 0x07,
    0xE0, 0x00, 0x3F, 0x00, 0x01, 0xF8, 0x00, 0x0F, 0xC0, 0x00, 0x7E, 0x00, 0x01, 0xFE, 0x00, 0x1F,
    0xFE, 0x01, 0xFF, 0xFC, 0x0F, 0xFF, 0xF8, 0x7F, 0xFF, 0xE1, 0xFC, 0x1F, 0xCF, 0xC0, 0x3F, 0x7E,
    0x00, 0xFD, 0xF8, 0x03, 0xF7, 0xC0, 0x0F, 0xFF, 0x00, 0x3F, 0xFC, 0x00, 0xFF, 0xF0, 0x03, 0xEF,
    0xC0, 0x1F, 0xBF, 0x00, 0x7E, 0xFE, 0x03, 0xF1, 0xFC, 0x3F, 0xC7, 0xFF, 0xFE, 0x1F, 0xFF, 0xF0,
    0x3F, 0xFF, 0x80, 0x7F, 0xF8, 0x00, 0x3F, 0x80, 0x00, 0x00, 0x0F, 0xC0, 0x00, 0x7F, 0x00, 0x01,
    0xFC, 0x00, 0x0F, 0xF8, 0x00, 0x7F, 0xE0, 0x03, 0xFF, 0xC0, 0x0F, 0xBF, 0x00, 0x7C, 0x7C, 0x03,
    0xF1, 0xF8, 0x0F, 0x83, 0xE0, 0x1F, 0xFC, 0x00, 0xFF, 0xFC, 0x0F, 0xFF, 0xF8, 0x3F, 0xFF, 0xE1,
    0xFC, 0x3F, 0xCF, 0xE0, 0x7F, 0x3F, 0x00, 0xFD, 0xF8, 0x03, 0xF7, 0xE0, 0x0F, 0xDF, 0x00, 0x3F,
    0xFC, 0x00, 0xFF, 0xF0, 0x03, 0xFF, 0xC0, 0x0F, 0xBF, 0x00, 0x7E, 0xFC, 0x01, 0xFB, 0xF8, 0x0F,
    0xC7, 0xF0, 0xFF, 0x1F, 0xFF, 0xF8, 0x3F, 0xFF, 0xC0, 0xFF, 0xFE, 0x00, 0xFF, 0xE0, 0x01, 0xFE,
    0x00, 0x00, 0x00, 0x3C, 0x00, 0xF1, 0xF0, 0x0F, 0xFF, 0x80, 0x7F, 0xFE, 0x03, 0xFF, 0xF0, 0x0F,
    0x1F, 0x00, 0x7C, 0x00, 0x00, 0xFF, 0xE0, 0x03, 0xFF, 0xE0, 0x1F, 0xFF, 0xC0, 0xFF, 0xFF, 0x87,
    0xFF, 0xFE, 0x3F, 0xC1, 0xFC, 0xFC, 0x03, 0xF7, 0xE0, 0x0F, 0xDF, 0x80, 0x3F, 0x7C, 0x00, 0xFF,
    0xF0, 0x03, 0xFF, 0xC0, 0x0F, 0xFF, 0x00, 0x3E, 0xFC, 0x01, 0xFB, 0xF0, 0x07, 0xEF, 0xE0, 0x3F,
    0x1F, 0xC3, 0xFC, 0x7F, 0xFF, 0xE1, 0xFF, 0xFF, 0x03, 0xFF, 0xF8, 0x07, 0xFF, 0x80, 0x07, 0xF8,
    0x00, 0x01, 0xF1, 0xF0, 0x0F, 0xCF, 0xE0, 0x3F, 0x3F, 0x80, 0xFC, 0xFC, 0x03, 0xFF, 0xE0, 0x07,
    0xFF, 0x00, 0x3F, 0xFF, 0x03, 0xFF, 0xFE, 0x0F, 0xFF, 0xF8, 0x7F, 0x0F, 0xF3, 0xF8, 0x1F, 0xCF,
    0xC0, 0x3F, 0x7E, 0x00, 0xFD, 0xF8, 0x03, 0xF7, 0xC0, 0x0F, 0xFF, 0x00, 0x3F, 0xFC, 0x00, 0xFF,
    0xF0, 0x03, 0xEF, 0xC0, 0x1F, 0xBF, 0x00, 0x7E, 0xFE, 0x03, 0xF1, 0xFC, 0x3F, 0xC7, 0xFF, 0xFE,
    0x0F, 0xFF, 0xF0, 0x3F, 0xFF, 0x80, 0x3F, 0xF8, 0x00, 0x7F, 0x80, 0x00, 0x00, 0x07, 0x00, 0x00,
    0x07, 0xC0, 0x00, 0x07, 0xF0, 0x00, 0x03, 0xF8, 0x00, 0x01, 0xF8, 0x00, 0x00, 0xFC, 0x00, 0x00,
    0x38, 0x00, 0x00, 0x00, 0x00, 0x7F, 0xFF, 0xFF, 0xBF, 0xFF, 0xFF, 0xDF, 0xFF, 0xFF, 0xEF, 0xFF,
    0xFF, 0xFF, 0xFF, 0xFF, 0xF0, 0x00, 0x00, 0x00, 0x00, 0xF0, 0x00, 0x00, 0xFC, 0x00, 0x00, 0xFE,
    0x00, 0x00, 0x7F, 0x00, 0x00, 0x3F, 0x80, 0x00, 0x1F, 0x80, 0x00, 0x07, 0x80, 0x00, 0x00, 0x3F,
    0x86, 0x00, 0xFF, 0xFF, 0x03, 0xFF, 0xFF, 0x07, 0xFF, 0xFE, 0x0F, 0xFF, 0xFC, 0x0F, 0xE1, 0xFE,
    0x1F, 0xC1, 0xFE, 0x1F, 0x83, 0xFE, 0x3F, 0x07, 0xFE, 0x3F, 0x0F, 0xFE, 0x3E, 0x1F, 0x7E, 0x7E,
    0x3E, 0x7E, 0x7E, 0x7C, 0x7E, 0x7E, 0xF8, 0x7C, 0x7F, 0xF0, 0xFC, 0x7F, 0xE0, 0xFC, 0x7F, 0xC1,
    0xF8, 0x3F, 0x87, 0xF0, 0x3F, 0xFF, 0xF0, 0x7F, 0xFF, 0xE0, 0xFF, 0xFF, 0xC0, 0xFF, 0xFF, 0x00,
    0x71, 0xFC, 0x00, 0x00, 0xF8, 0x00, 0x03, 0xF0, 0x00, 0x03, 0xF0, 0x00, 0x03, 0xF0, 0x00, 0x07,
    0xE0, 0x00, 0x07, 0xE0, 0x00, 0x07, 0xC0, 0x00, 0x0F, 0xC0, 0x00, 0x0F, 0x80, 0x7E, 0x0F, 0xFF,
    0xFE, 0x01, 0xFF, 0xFC, 0x03, 0xFF, 0xF8, 0x07, 0xCB, 0xF0, 0x0F, 0x87, 0xE0, 0x1F, 0x0F, 0x80,
    0x7E, 0x1F, 0x00, 0xFC, 0x3E, 0x01, 0xF0, 0xFC, 0x03, 0xE1, 0xF8, 0x07, 0xC3, 0xE0, 0x1F, 0x87,
    0xC0, 0x3F, 0x0F, 0x80, 0x7E, 0x3F, 0x01, 0xF8, 0x7E, 0x07, 0xF0, 0xFE, 0x1F, 0xEC, 0xFF, 0xFF,
    0xF9, 0xFF, 0xFF, 0xF3, 0xFF, 0xFF, 0xE3, 0xFF, 0xBF, 0x81, 0xFC, 0x3C, 0x00, 0x00, 0x00, 0xF8,
    0x00, 0x03, 0xF0, 0x00, 0x0F, 0xC0, 0x00, 0x3F, 0x00, 0x00, 0x7C, 0x00, 0x01, 0xF0, 0x00, 0x07,
    0xC0, 0x00, 0x1F, 0x00, 0x00, 0x7C, 0x00, 0x7E, 0x70, 0xFF, 0xFE, 0x01, 0xFF, 0xFC, 0x03, 0xFF,
    0xF8, 0x07, 0xCB, 0xF0, 0x0F, 0x87, 0xE0, 0x1F, 0x0F, 0x80, 0x7E, 0x1F, 0x00, 0xFC, 0x3E, 0x01,
    0xF0, 0xFC, 0x03, 0xE1, 0xF8, 0x07, 0xC3, 0xE0, 0x1F, 0x87, 0xC0, 0x3F, 0x0F, 0x80, 0x7E, 0x3F,
    0x01, 0xF8, 0x7E, 0x07, 0xF0, 0xFE, 0x1F, 0xEC, 0xFF, 0xFF, 0xF9, 0xFF, 0xFF, 0xF3, 0xFF, 0xFF,
    0xE3, 0xFF, 0xBF, 0x81, 0xFC, 0x3C, 0x00, 0x00, 0x1F, 0x80, 0x00, 0x3F, 0x80, 0x00, 0xFF, 0x00,
    0x03, 0xFF, 0x00, 0x0F, 0xBE, 0x00, 0x1F, 0x7C, 0x00, 0x7C, 0x7C, 0x01, 0xF0, 0xF8, 0x03, 0xC1,
    0xF8, 0x1F, 0x01, 0xFD, 0xFC, 0x01, 0xFF, 0xFC, 0x03, 0xFF, 0xF8, 0x07, 0xFF, 0xF0, 0x0F, 0x87,
    0xE0, 0x1F, 0x0F, 0x80, 0x7E, 0x1F, 0x00, 0xFC, 0x3E, 0x01, 0xF8, 0xFC, 0x03, 0xE1, 0xF8, 0x07,
    0xC3, 0xF0, 0x1F, 0x87, 0xC0, 0x3F, 0x0F, 0x80, 0x7E, 0x1F, 0x01, 0xFC, 0x7E, 0x07, 0xF0, 0xFE,
    0x1F, 0xE1, 0xFF, 0xFF, 0xF9, 0xFF, 0xFF, 0xF3, 0xFF, 0xFF, 0xE3, 0xFF, 0xBF, 0x81, 0xFC, 0x3C,
    0x00, 0x00, 0xF0, 0xF0, 0x03, 0xE3, 0xF0, 0x0F, 0xEF, 0xE0, 0x1F, 0xDF, 0xC0, 0x3F, 0x3F, 0x03,
    0xFC, 0x3F, 0xDF, 0xC0, 0x1F, 0xFF, 0xC0, 0x3F, 0xFF, 0x80, 0x7F, 0xFF, 0x00, 0xF8, 0x7E, 0x01,
    0xF0, 0xF8, 0x07, 0xE1, 0xF0, 0x0F, 0xC3, 0xE0, 0x1F, 0x8F, 0xC0, 0x3E, 0x1F, 0x80, 0x7C, 0x3F,
    0x00, 0xF8, 0x7C, 0x03, 0xF0, 0xF8, 0x07, 0xE3, 0xF0, 0x1F, 0xC7, 0xE0, 0x7F, 0x0F, 0xE1, 0xFE,
    0x1F, 0xFF, 0xFF, 0x9F, 0xFF, 0xFF, 0x3F, 0xFF, 0xFE, 0x3F, 0xFB, 0xF8, 0x1F, 0xC3, 0xC0, 0x00,
    0x00, 0x7C, 0x00, 0x01, 0xF8, 0x00, 0x07, 0xE0, 0x00, 0x1F, 0x80, 0x00, 0x7E, 0x00, 0x01, 0xF8,
    0x00, 0x07, 0xE0, 0x00, 0x1F, 0x80, 0x0E, 0x3E, 0x3E, 0xFE, 0x78, 0xFF, 0xFE, 0x01, 0xFF, 0xFC,
    0x03, 0xEF, 0xF8, 0x07, 0xC3, 0xF0, 0x0F, 0x87, 0xE0, 0x1F, 0x0F, 0x80, 0x7E, 0x1F, 0x00, 0xFC,
    0x7E, 0x01, 0xF0, 0xFC, 0x03, 0xE1, 0xF8, 0x07, 0xC3, 0xE0, 0x1F, 0x87, 0xC0, 0x3F, 0x0F, 0x80,
    0x7C, 0x3F, 0x01, 0xF8, 0x7E, 0x07, 0xF0, 0xFE, 0x1F, 0xE0, 0xFF, 0xFF, 0xC1, 0xFF, 0xFF, 0x83,
    0xFF, 0xFE, 0x03, 0xFF, 0x7C, 0x01, 0xF8, 0xF8, 0x00, 0x01, 0xF0, 0x00, 0x07, 0xC0, 0x00, 0x0F,
    0x80, 0x00, 0x3F, 0x07, 0x81, 0xFC, 0x0F, 0xFF, 0xF0, 0x1F, 0xFF, 0xE0, 0x3F, 0xFF, 0x00, 0x7F,
    0xFC, 0x00, 0x3F, 0xE0, 0x00, 0x03, 0xE0, 0x00, 0x07, 0xF8, 0x00, 0x07, 0xFC, 0x00, 0x01, 0xFE,
    0x00, 0x00, 0xDF, 0x00, 0x00, 0x0F, 0x80, 0x00, 0x0F, 0xC0, 0x00, 0x07, 0xE0, 0x00, 0x03, 0xE0,
    0x00, 0x01, 0xF0, 0x00, 0x00, 0xF8, 0x00, 0x00, 0x7C, 0x00, 0x00, 0x7E, 0x3F, 0x00, 0x3F, 0xFF,
    0xE0, 0x1F, 0xFF, 0xF8, 0x0F, 0xFF, 0xFE, 0x07, 0xFF, 0xFF, 0x03, 0xFC, 0x3F, 0xC3, 0xFC, 0x07,
    0xE1, 0xFC, 0x03, 0xF0, 0xFC, 0x01, 0xF8, 0x7E, 0x00, 0xFC, 0x3E, 0x00, 0x7E, 0x3F, 0x00, 0x3F,
    0x1F, 0x80, 0x1F, 0x8F, 0xC0, 0x0F, 0x87, 0xE0, 0x0F, 0xC3, 0xF0, 0x07, 0xE1, 0xFC, 0x07, 0xE1,
    0xFF, 0x0F, 0xF0, 0xFF, 0xFF, 0xF0, 0x7F, 0xFF, 0xF0, 0x3F, 0xFF, 0xF0, 0x1F, 0xFF, 0xE0, 0x0F,
    0x9F, 0xC0, 0x0F, 0xC0, 0x00, 0x07, 0xE0, 0x00, 0x03, 0xE0, 0x00, 0x01, 0xF0, 0x00, 0x00, 0xF8,
    0x00, 0x00, 0x7C, 0x00, 0x00, 0x7E, 0x00, 0x00, 0x3F, 0x00, 0x00, 0x1F, 0x00, 0x00, 0x0F, 0x80,
    0x00, 0x00, 0x00, 0xF0, 0xF0, 0x03, 0xE3, 0xF0, 0x0F, 0xEF, 0xE0, 0x1F, 0x9F, 0xC0, 0x3F, 0x3F,
    0x07, 0xFC, 0x3F, 0xDF, 0xE0, 0x1F, 0xFF, 0xC0, 0x3F, 0xFF, 0x80, 0x7C, 0xFF, 0x00, 0xF8, 0x7E,
    0x01, 0xF0, 0xF8, 0x07, 0xE1, 0xF0, 0x0F, 0xC3, 0xE0, 0x1F, 0x0F, 0xC0, 0x3E, 0x1F, 0x80, 0x7C,
    0x3E, 0x01, 0xF8, 0x7C, 0x03, 0xF0, 0xF8, 0x07, 0xE3, 0xF0, 0x1F, 0x87, 0xE0, 0x7F, 0x0F, 0xE1,
    0xFE, 0x1F, 0xFF, 0xFC, 0x1F, 0xFF, 0xF8, 0x3F, 0xFF, 0xF0, 0x3F, 0xF7, 0xC0, 0x1F, 0x8F, 0x80,
    0x00, 0x1F, 0x00, 0x00, 0x7C, 0x00, 0x00, 0xF8, 0x00, 0x03, 0xF0, 0x78, 0x1F, 0xC0, 0xFF, 0xFF,
    0x01, 0xFF, 0xFE, 0x03, 0xFF, 0xF8, 0x07, 0xFF, 0xC0, 0x03, 0xFE, 0x00, 0x00, 0x00, 0x07, 0xFF,
    0xFF, 0xFF, 0x00, 0x3F, 0xFF, 0xFF, 0xFF, 0x00, 0xFF, 0xFF, 0xFF, 0xFF, 0x01, 0xFF, 0xFF, 0xFF,
    0xFE, 0x03, 0xFF, 0xFF, 0xFF, 0xFE, 0x07, 0xFC, 0x07, 0xC0, 0x00, 0x0F, 0xE0, 0x07, 0xC0, 0x00,
    0x1F, 0xC0, 0x0F, 0xC0, 0x00, 0x1F, 0x80, 0x0F, 0xC0, 0x00, 0x3F, 0x80, 0x0F, 0xC0, 0x00, 0x3F,
    0x00, 0x0F, 0xC0, 0x00, 0x7E, 0x00, 0x0F, 0x80, 0x00, 0x7E, 0x00, 0x0F, 0x80, 0x00, 0x7E, 0x00,
    0x1F, 0xFF, 0xF0, 0xFC, 0x00, 0x1F, 0xFF, 0xF0, 0xFC, 0x00, 0x1F, 0xFF, 0xF0, 0xFC, 0x00, 0x1F,
    0xFF, 0xF0, 0xFC, 0x00, 0x1F, 0xFF, 0xF0, 0xFC, 0x00, 0x3F, 0x00, 0x00, 0xFC, 0x00, 0x3F, 0x00,
    0x00, 0xFC, 0x00, 0x3F, 0x00, 0x00, 0xFC, 0x00, 0x3F, 0x00, 0x00, 0xFC, 0x00, 0x3E, 0x00, 0x00,
    0xFC, 0x00, 0x7E, 0x00, 0x00, 0xFE, 0x00, 0x7E, 0x00, 0x00, 0x7F, 0x00, 0x7E, 0x00, 0x00, 0x7F,
    0xC0, 0x7E, 0x00, 0x00, 0x3F, 0xFF, 0xFF, 0xFF, 0xF0, 0x3F, 0xFF, 0xFF, 0xFF, 0xF8, 0x1F, 0xFF,
    0xFF, 0xFF, 0xF0, 0x07, 0xFF, 0xFF, 0xFF, 0xF0, 0x00, 0xFF, 0xFF, 0xFF, 0xF0, 0x00, 0x7F, 0x00,
    0x7F, 0x00, 0x1F, 0xFC, 0x1F, 0xFC, 0x07, 0xFF, 0xE7, 0xFF, 0xE0, 0xFF, 0xFF, 0xFF, 0xFE, 0x1F,
    0xFF, 0xFF, 0xFF, 0xF1, 0xFC, 0x3F, 0xF8, 0x7F, 0x3F, 0x80, 0xFF, 0x03, 0xF7, 0xF0, 0x0F, 0xE0,
    0x3F, 0x7E, 0x00, 0xFC, 0x03, 0xF7, 0xE0, 0x0F, 0xFF, 0xFF, 0xFC, 0x00, 0xFF, 0xFF, 0xFF, 0xC0,
    0x0F, 0xFF, 0xFF, 0xFC, 0x00, 0xFF, 0xFF, 0xFF, 0xC0, 0x1F, 0xFF, 0xFE, 0xFC, 0x01, 0xF8, 0x00,
    0x0F, 0xC0, 0x3F, 0xC0, 0x18, 0x7E, 0x07, 0xFE, 0x07, 0x87, 0xFF, 0xFF, 0xFF, 0xF8, 0x7F, 0xFF,
    0xFF, 0xFF, 0x83, 0xFF, 0xF3, 0xFF, 0xF8, 0x1F, 0xFE, 0x1F, 0xFF, 0x00, 0x7F, 0x00, 0x7F, 0x80,
    0x00, 0x40, 0x00, 0x40, 0x1E, 0x00, 0x3C, 0x03, 0xF8, 0x3F, 0x80, 0x7F, 0xFF, 0xF0, 0x0F, 0xFF,
    0xFC, 0x00, 0x7F, 0xFE, 0x00, 0x03, 0xFF, 0x00, 0x00, 0x1F, 0x00, 0x00, 0x0F, 0xF8, 0x00, 0x0F,
    0xFF, 0xE0, 0x03, 0xFF, 0xFE, 0x00, 0xFF, 0xFF, 0xC0, 0x3F, 0xFF, 0xF0, 0x0F, 0xF0, 0x1E, 0x01,
    0xF8, 0x00, 0x00, 0x7E, 0x00, 0x00, 0x0F, 0xC0, 0x00, 0x01, 0xF0, 0x00, 0x00, 0x3E, 0x00, 0x00,
    0x07, 0xE0, 0x00, 0x00, 0xFE, 0x00, 0x00, 0x1F, 0xF0, 0x00, 0x01, 0xFF, 0xC0, 0x00, 0x3F, 0xFE,
    0x00, 0x03, 0xFF, 0xF0, 0x00, 0x1F, 0xFF, 0x00, 0x00, 0xFF, 0xE0, 0x00, 0x03, 0xFE, 0x00, 0x00,
    0x1F, 0xC0, 0x00, 0x01, 0xF8, 0x00, 0x00, 0x3F, 0x00, 0x00, 0x03, 0xE0, 0x00, 0x00, 0xFC, 0x00,
    0x00, 0x1F, 0x80, 0x00, 0x03, 0xF0, 0x30, 0x00, 0xFC, 0x07, 0xC0, 0x7F, 0x80, 0xFF, 0xFF, 0xE0,
    0x3F, 0xFF, 0xF8, 0x07, 0xFF, 0xFE, 0x00, 0x7F, 0xFF, 0x00, 0x01, 0xFF, 0x00, 0x00, 0x03, 0xE0,
    0xF8, 0x1F, 0x07, 0xC0, 0x7C, 0x7C, 0x03, 0xE7, 0xC0, 0x1F, 0xFC, 0x00, 0x7F, 0xE0, 0x03, 0xFE,
    0x00, 0x0F, 0xE0, 0x00, 0x7E, 0x00, 0x07, 0xF8, 0x00, 0xFF, 0xF0, 0x0F, 0xFF, 0xC0, 0xFF, 0xFC,
    0x0F, 0xF7, 0xE0, 0x7C, 0x02, 0x03, 0xE0, 0x00, 0x3F, 0x80, 0x01, 0xFF, 0x80, 0x07, 0xFF, 0x00,
    0x3F, 0xFE, 0x00, 0xFF, 0xF8, 0x01, 0xFF, 0xC0, 0x01, 0xFE, 0x00, 0x01, 0xF8, 0x00, 0x0F, 0x83,
    0x00, 0x7C, 0x3E, 0x07, 0xE1, 0xFF, 0xFE, 0x0F, 0xFF, 0xF0, 0x7F, 0xFF, 0x01, 0xFF, 0xE0, 0x01,
    0xFC, 0x00, 0x00, 0x70, 0x1E, 0x00, 0x0F, 0x83, 0xF0, 0x01, 0xFC, 0x3F, 0x00, 0x1F, 0xC7, 0xF0,
    0x01, 0xF8, 0x7F, 0x00, 0x1F, 0x87, 0xE0, 0x00, 0xE0, 0x3C, 0x07, 0xE0, 0x00, 0x3F, 0x7F, 0x00,
    0x07, 0xF7, 0xF0, 0x00, 0xFF, 0x7F, 0x80, 0x0F, 0xEF, 0xF8, 0x01, 0xFE, 0x1F, 0xC0, 0x3F, 0x00,
    0xFC, 0x07, 0xE0, 0x0F, 0xC0, 0x7E, 0x00, 0xFE, 0x0F, 0xC0, 0x07, 0xE1, 0xF8, 0x00, 0x7F, 0x3F,
    0x00, 0x03, 0xF3, 0xE0, 0x00, 0x3F, 0xFE, 0x00, 0x01, 0xFF, 0xC0, 0x00, 0x1F, 0xF8, 0x00, 0x00,
    0xFF, 0x00, 0x00, 0x0F, 0xF0, 0x00, 0x00, 0x7E, 0x00, 0x00, 0x07, 0xC0, 0x00, 0x00, 0x7C, 0x00,
    0x00, 0x0F, 0xC0, 0x00, 0x00, 0xFC, 0x00, 0x00, 0x0F, 0xC0, 0x00, 0x00, 0xF8, 0x00, 0x00, 0x0F,
    0x80, 0x00, 0x01, 0xF8, 0x00, 0x00, 0x1F, 0x80, 0x00, 0x07, 0xFE, 0x00, 0x00, 0xFF, 0xE0, 0x00,
    0x0F, 0xFE, 0x00, 0x00, 0xFF, 0xE0, 0x00, 0x0F, 0xFC, 0x00, 0x00, 0xFF, 0xFF, 0xFF, 0xFF, 0xFF,
    0xFF, 0xFF, 0xFF, 0xFF, 0xFF, 0xFF, 0xFF, 0xFF, 0xFF, 0xE0, 0xFF, 0xFF, 0xFF, 0xFF, 0xFF, 0xFF,
    0xFF, 0xFF, 0xFF, 0xFF, 0xFF, 0xFF, 0xFF, 0xFF, 0xFF, 0xFF, 0xFF, 0xFF, 0xFF, 0xFF, 0xFF, 0xFF,
    0xFF, 0xFF, 0xFF, 0xFF, 0xFF, 0xFF, 0x80, 0x03, 0x81, 0xF0, 0xFC, 0x3E, 0x1F, 0x8F, 0xC3, 0xF1,
    0xF8, 0x7E, 0x3F, 0x0F, 0xC0, 0x60, 0x06, 0x03, 0xF0, 0xFC, 0x7E, 0x1F, 0x8F, 0xC3, 0xE1, 0xF8,
    0x7C, 0x3E, 0x0F, 0x01, 0xC0, 0x0E, 0x03, 0xF0, 0xFC, 0x7E, 0x1F, 0x8F, 0xC3, 0xE1, 0xF8, 0x7C,
    0x3E, 0x0F, 0x01, 0x80, 0x01, 0x83, 0x80, 0x7C, 0x78, 0x1F, 0x1F, 0x87, 0xE7, 0xE1, 0xF9, 0xF8,
    0x3F, 0x3E, 0x0F, 0xCF, 0xC3, 0xFB, 0xF0, 0x7E, 0x7E, 0x1F, 0xDF, 0x83, 0xF3, 0xF0, 0x0E, 0x0E,
    0x00, 0x07, 0x06, 0x03, 0xF3, 0xF0, 0xFC, 0xFC, 0x3F, 0x7F, 0x1F, 0x9F, 0x87, 0xE7, 0xC3, 0xF3,
    0xF0, 0xF9, 0xF8, 0x7E, 0x7C, 0x3F, 0x3F, 0x0F, 0x8F, 0x80, 0xC1, 0xC0, 0x07, 0x06, 0x03, 0xF3,
    0xF0, 0xFC, 0xFC, 0x7F, 0x7E, 0x1F, 0x9F, 0x8F, 0xCF, 0xC3, 0xF3, 0xF1, 0xF9, 0xF8, 0x7C, 0x7C,
    0x3F, 0x3E, 0x0F, 0x8F, 0x81, 0xC1, 0xC0, 0x00, 0x3F, 0x00, 0x00, 0xFC, 0x00, 0x03, 0xF0, 0x00,
    0x0F, 0xC0, 0x00, 0x3E, 0x00, 0x01, 0xF8, 0x00, 0x07, 0xE0, 0x00, 0x1F, 0x80, 0x00, 0x7C, 0x01,
    0xFF, 0xFF, 0xF7, 0xFF, 0xFF, 0xFF, 0xFF, 0xFF, 0xFF, 0xFF, 0xFF, 0xFF, 0xFF, 0xF0, 0x0F, 0x80,
    0x00, 0x3E, 0x00, 0x00, 0xF8, 0x00, 0x03, 0xE0, 0x00, 0x1F, 0x80, 0x00, 0x7C, 0x00, 0x01, 0xF0,
    0x00, 0x07, 0xC0, 0x00, 0x1F, 0x00, 0x00, 0xFC, 0x00, 0x03, 0xF0, 0x00, 0x0F, 0x80, 0x00, 0x3E,
    0x00, 0x00, 0xF8, 0x00, 0x03, 0xE0, 0x00, 0x1F, 0x80, 0x00, 0x7E, 0x00, 0x01, 0xF0, 0x00, 0x07,
    0xC0, 0x00, 0x1F, 0x00, 0x00, 0xFC, 0x00, 0x03, 0xF0, 0x00, 0x0F, 0xC0, 0x00, 0x3E, 0x00, 0x00,
    0xF8, 0x00, 0x07, 0xE0, 0x00, 0x1F, 0x80, 0x00, 0x00, 0x07, 0xE0, 0x00, 0x03, 0xF0, 0x00, 0x01,
    0xF8, 0x00, 0x00, 0xF8, 0x00, 0x00, 0x7C, 0x00, 0x00, 0x7E, 0x00, 0x00, 0x3F, 0x00, 0x00, 0x1F,
    0x80, 0x00, 0x0F, 0x80, 0x07, 0xFF, 0xFF, 0xC3, 0xFF, 0xFF, 0xE1, 0xFF, 0xFF, 0xF1, 0xFF, 0xFF,
    0xF8, 0xFF, 0xFF, 0xF8, 0x00, 0x7C, 0x00, 0x00, 0x3E, 0x00, 0x00, 0x1F, 0x00, 0x00, 0x0F, 0x80,
    0x00, 0x0F, 0xC0, 0x00, 0x07, 0xC0, 0x00, 0x03, 0xE0, 0x00, 0x01, 0xF0, 0x00, 0x00, 0xF8, 0x00,
    0x00, 0x7C, 0x00, 0x00, 0x7E, 0x00, 0x00, 0x3E, 0x00, 0x00, 0x1F, 0x00, 0x04, 0x0F, 0x81, 0x07,
    0xFF, 0xFF, 0xC7, 0xFF, 0xFF, 0xE3, 0xFF, 0xFF, 0xE1, 0xFF, 0xFF, 0xF0, 0xFF, 0xFF, 0xF8, 0x00,
    0x7C, 0x00, 0x00, 0x7E, 0x00, 0x00, 0x3F, 0x00, 0x00, 0x1F, 0x80, 0x00, 0x0F, 0x80, 0x00, 0x07,
    0xC0, 0x00, 0x07, 0xE0, 0x00, 0x03, 0xF0, 0x00, 0x00, 0x00, 0xE0, 0x01, 0xFE, 0x03, 0xFF, 0x83,
    0xFF, 0xE3, 0xFF, 0xF1, 0xFF, 0xFD, 0xFF, 0xFE, 0xFF, 0xFF, 0x7F, 0xFF, 0xFF, 0xFF, 0xBF, 0xFF,
    0xCF, 0xFF, 0xC7, 0xFF, 0xE1, 0xFF, 0xE0, 0xFF, 0xE0, 0x1F, 0xC0, 0x1C, 0x00, 0x78, 0x01, 0xE7,
    0xE0, 0x0F, 0xC0, 0x3F, 0x7F, 0x01, 0xFC, 0x07, 0xFF, 0xF0, 0x1F, 0xC0, 0x7F, 0xFE, 0x01, 0xFC,
    0x07, 0xF7, 0xE0, 0x1F, 0x80, 0x7E, 0x38, 0x00, 0xF0, 0x03, 0xC0, 0x00, 0x00, 0x00, 0x00, 0xC0,
    0x00, 0x00, 0x00, 0x7E, 0x00, 0x00, 0xF0, 0x00, 0x00, 0x00, 0xFF, 0xC0, 0x00, 0xFC, 0x00, 0x00,
    0x01, 0xFF, 0xF0, 0x00, 0xFC, 0x00, 0x00, 0x01, 0xFF, 0xFC, 0x00, 0xFE, 0x00, 0x00, 0x01, 0xFF,
    0xFF, 0x00, 0xFE, 0x00, 0x00, 0x00, 0xFC, 0x3F, 0x80, 0xFE, 0x00, 0x00, 0x00, 0xFC, 0x0F, 0xC0,
    0xFE, 0x00, 0x00, 0x00, 0x7C, 0x03, 0xE0, 0xFE, 0x00, 0x00, 0x00, 0x7E, 0x01, 0xF0, 0xFE, 0x00,
    0x00, 0x00, 0x3E, 0x00, 0xF8, 0xFE, 0x00, 0x00, 0x00, 0x1F, 0x00, 0xFC, 0xFE, 0x00, 0x00, 0x00,
    0x0F, 0xC0, 0x7C, 0xFE, 0x00, 0x00, 0x00, 0x07, 0xE0, 0x7E, 0x7E, 0x00, 0x00, 0x00, 0x03, 0xF8,
    0x7E, 0x7E, 0x00, 0x00, 0x00, 0x00, 0xFF, 0xFF, 0x7E, 0x00, 0x00, 0x00, 0x00, 0x7F, 0xFF, 0x7E,
    0x3F, 0x00, 0x03, 0xF8, 0x1F, 0xFF, 0x7E, 0x7F, 0xE0, 0x07, 0xFE, 0x07, 0xFE, 0x7E, 0xFF, 0xF8,
    0x0F, 0xFF, 0xC0, 0xFC, 0x7E, 0xFF, 0xFE, 0x0F, 0xFF, 0xE0, 0x00, 0x7E, 0xFF, 0xFF, 0x8F, 0xFF,
    0xF8, 0x00, 0x7E, 0x7E, 0x1F, 0xC7, 0xF0, 0xFC, 0x00, 0x7E, 0x7E, 0x03, 0xE7, 0xE0, 0x3E, 0x00,
    0x7E, 0x3E, 0x01, 0xF3, 0xE0, 0x1F, 0x00, 0x7F, 0x3F, 0x00, 0xF9, 0xF0, 0x0F, 0x80, 0x7F, 0x1F,
    0x00, 0x7D, 0xF8, 0x07, 0xC0, 0x7F, 0x0F, 0xC0, 0x7E, 0xFC, 0x03, 0xE0, 0x7F, 0x07, 0xE0, 0x3E,
    0x7E, 0x03, 0xE0, 0x7F, 0x03, 0xF8, 0x7F, 0x3F, 0x87, 0xF0, 0x7F, 0x00, 0xFF, 0xFF, 0x0F, 0xFF,
    0xF0, 0x3F, 0x00, 0x7F, 0xFF, 0x07, 0xFF, 0xF0, 0x3F, 0x00, 0x1F, 0xFF, 0x01, 0xFF, 0xF0, 0x3F,
    0x00, 0x07, 0xFF, 0x00, 0x7F, 0xF0, 0x1F, 0x00, 0x00, 0xFC, 0x00, 0x0F, 0xC0, 0x07, 0x00, 0x00,
    0x00, 0x00, 0x00, 0x00, 0x00, 0x01, 0x80, 0x7C, 0x1F, 0x83, 0xE0, 0xFC, 0x3F, 0x0F, 0xC3, 0xF0,
    0x7C, 0x1F, 0x83, 0xF0, 0x7E, 0x07, 0xC0, 0xFC, 0x0F, 0x81, 0xF8, 0x1F, 0x03, 0xE0, 0x78, 0x06,
    0x00, 0x07, 0x00, 0xF0, 0x1F, 0x81, 0xF8, 0x0F, 0x80, 0xFC, 0x07, 0xC0, 0x7E, 0x03, 0xE0, 0x3F,
    0x03, 0xE0, 0x7E, 0x0F, 0xC1, 0xF8, 0x3F, 0x03, 0xE0, 0x7E, 0x0F, 0xC0, 0x78, 0x03, 0x00, 0x39,
    0xFF, 0xFF, 0xFF, 0xE7, 0x00,
};

static const EpdGlyph steinem_21_bolditalicGlyphs[] = {
    { 1, 1, 195, 0, 1, 1, 0 }, // U+0020
    { 11, 32, 170, 3, 32, 44, 1 }, // !
    { 14, 11, 309, 8, 32, 20, 45 }, // "
    { 25, 32, 384, 3, 32, 100, 65 }, // #
    { 24, 40, 382, 3, 36, 120, 165 }, // $
    { 40, 35, 781, 8, 34, 175, 285 }, // %
    { 30, 32, 496, 3, 32, 120, 460 }, // &
    { 7, 11, 166, 7, 32, 10, 580 }, // '
    { 15, 40, 181, 3, 33, 75, 590 }, // (
    { 14, 40, 181, -1, 33, 70, 665 }, // )
    { 18, 17, 300, 5, 33, 39, 735 }, // *
    { 25, 24, 384, 2, 25, 75, 774 }, // +
    { 10, 12, 178, 1, 6, 15, 849 }, // ,
    { 12, 5, 219, 3, 12, 8, 864 }, // -
    { 7, 7, 170, 3, 7, 7, 872 }, // .
    { 22, 34, 250, 0, 33, 94, 879 }, // /
    { 24, 32, 383, 3, 32, 96, 973 }, // 0
    { 15, 32, 372, 6, 32, 60, 1069 }, // 1
    { 25, 32, 383, 1, 32, 100, 1129 }, // 2
    { 23, 32, 382, 2, 32, 92, 1229 }, // 3
    { 23, 32, 383, 2, 32, 92, 1321 }, // 4
    { 24, 32, 382, 2, 32, 96, 1413 }, // 5
    { 23, 32, 383, 4, 32, 92, 1509 }, // 6
    { 23, 32, 382, 5, 32, 92, 1601 }, // 7
    { 23, 32, 382, 3, 32, 92, 1693 }, // 8
    { 23, 32, 383, 3, 32, 92, 1785 }, // 9
    { 9, 22, 170, 3, 22, 25, 1877 }, // :
    { 12, 28, 178, 1, 22, 42, 1902 }, // ;
    { 26, 24, 384, 3, 26, 78, 1944 }, // <
    { 26, 11, 384, 2, 19, 36, 2022 }, // =
    { 26, 24, 384, 1, 26, 78, 2058 }, // >
    { 18, 33, 326, 6, 33, 75, 2136 }, // ?
    { 33, 34, 549, 4, 33, 141, 2211 }, // @
    { 30, 32, 463, 0, 32, 120, 2352 }, // A
    { 28, 32, 438, 1, 32, 112, 2472 }, // B
    { 28, 34, 426, 4, 33, 119, 2584 }, // C
    { 30, 32, 471, 2, 32, 120, 2703 }, // D
    { 27, 32, 382, 2, 32, 108, 2823 }, // E
    { 28, 32, 356, 1, 32, 112, 2931 }, // F
    { 28, 34, 455, 4, 33, 119, 3043 }, // G
    { 35, 32, 508, 1, 32, 140, 3162 }, // H
    { 16, 32, 191, 1, 32, 64, 3302 }, // I
    { 21, 33, 245, 0, 32, 87, 3366 }, // J
    { 33, 32, 463, 1, 32, 132, 3453 }, // K
    { 24, 32, 379, 1, 32, 96, 3585 }, // L
    { 44, 32, 643, 1, 32, 176, 3681 }, // M
    { 37, 32, 535, 2, 32, 148, 3857 }, // N
    { 31, 34, 528, 4, 33, 132, 4005 }, // O
    { 28, 32, 397, 1, 32, 112, 4137 }, // P
    { 32, 40, 529, 4, 33, 160, 4249 }, // Q
    { 28, 32, 423, 1, 32, 112, 4409 }, // R
    { 25, 34, 349, 1, 33, 107, 4521 }, // S
    { 26, 32, 375, 4, 32, 104, 4628 }, // T
    { 31, 33, 502, 5, 32, 128, 4732 }, // U
    { 31, 32, 463, 4, 32, 124, 4860 }, // V
    { 46, 32, 699, 4, 32, 184, 4984 }, // W
    { 33, 32, 451, 0, 32, 132, 5168 }, // X
    { 28, 32, 410, 4, 32, 112, 5300 }, // Y
    { 29, 32, 379, 1, 32, 116, 5412 }, // Z
    { 15, 38, 165, 1, 32, 72, 5528 }, // [
    { 12, 34, 250, 5, 33, 51, 5600 }, // <backslash>
    { 15, 38, 165, 0, 32, 72, 5651 }, // ]
    { 24, 21, 452, 5, 32, 63, 5723 }, // ^
    { 23, 5, 350, -1, -1, 15, 5786 }, // _
    { 9, 10, 336, 11, 31, 12, 5801 }, // `
    { 22, 22, 363, 2, 22, 61, 5813 }, // a
    { 24, 35, 399, 3, 35, 105, 5874 }, // b
    { 20, 22, 306, 3, 22, 55, 5979 }, // c
    { 25, 35, 408, 3, 35, 110, 6034 }, // d
    { 21, 22, 350, 3, 22, 58, 6144 }, // e
    { 18, 35, 207, 3, 35, 79, 6202 }, // f
    { 24, 33, 397, 3, 23, 99, 6281 }, // g
    { 23, 35, 384, 3, 35, 101, 6380 }, // h
    { 11, 32, 174, 3, 32, 44, 6481 }, // i
    { 18, 42, 162, -4, 32, 95, 6525 }, // j
    { 22, 35, 351, 3, 35, 97, 6620 }, // k
    { 10, 35, 164, 3, 35, 44, 6717 }, // l
    { 36, 22, 596, 3, 22, 99, 6761 }, // m
    { 24, 22, 397, 3, 22, 66, 6860 }, // n
    { 22, 22, 363, 2, 22, 61, 6926 }, // o
    { 25, 33, 409, 2, 23, 104, 6987 }, // p
    { 24, 33, 397, 3, 23, 99, 7091 }, // q
    { 18, 22, 263, 3, 22, 50, 7190 }, // r
    { 19, 22, 273, 1, 22, 53, 7240 }, // s
    { 15, 28, 216, 3, 28, 53, 7293 }, // t
    { 23, 22, 396, 3, 22, 64, 7346 }, // u
    { 24, 22, 351, 2, 22, 66, 7410 }, // v
    { 36, 22, 536, 2, 22, 99, 7476 }, // w
    { 23, 22, 338, 1, 22, 64, 7575 }, // x
    { 23, 33, 381, 3, 23, 95, 7639 }, // y
    { 23, 22, 303, 0, 22, 64, 7734 }, // z
    { 16, 38, 206, 3, 32, 76, 7798 }, // {
    { 10, 34, 123, 2, 33, 43, 7874 }, // |
    { 16, 38, 206, 0, 32, 76, 7917 }, // }
    { 22, 8, 452, 6, 17, 22, 7993 }, // ~
    { 10, 32, 170, 2, 22, 40, 8015 }, // U+00A1
    { 20, 32, 379, 6, 32, 80, 8055 }, // U+00A2
    { 28, 32, 379, 1, 32, 112, 8135 }, // U+00A3
    { 31, 34, 426, 1, 33, 132, 8247 }, // U+00A4
    { 26, 32, 385, 5, 32, 104, 8379 }, // U+00A5
    { 10, 34, 123, 2, 33, 43, 8483 }, // U+00A6
    { 24, 39, 370, 2, 33, 117, 8526 }, // U+00A7
    { 15, 6, 344, 8, 29, 12, 8643 }, // U+00A8
    { 35, 34, 550, 3, 33, 149, 8655 }, // U+00A9
    { 14, 14, 246, 5, 32, 25, 8804 }, // U+00AA
    { 19, 20, 337, 4, 21, 48, 8829 }, // U+00AB
    { 24, 11, 384, 3, 19, 33, 8877 }, // U+00AC
    { 35, 34, 550, 3, 33, 149, 8910 }, // U+00AE
    { 16, 3, 345, 7, 22, 6, 9059 }, // U+00AF
    { 14, 15, 265, 6, 34, 27, 9065 }, // U+00B0
    { 27, 26, 384, 1, 26, 88, 9092 }, // U+00B1
    { 16, 19, 398, 8, 32, 38, 9180 }, // U+00B2
    { 16, 18, 397, 8, 32, 36, 9218 }, // U+00B3
    { 13, 10, 336, 9, 31, 17, 9254 }, // U+00B4
    { 24, 33, 396, 2, 23, 99, 9271 }, // U+00B5
    { 28, 42, 435, 4, 32, 147, 9370 }, // U+00B6
    { 6, 7, 170, 5, 16, 6, 9517 }, // U+00B7
    { 12, 11, 337, 4, 2, 17, 9523 }, // U+00B8
    { 10, 19, 382, 10, 33, 24, 9540 }, // U+00B9
    { 15, 13, 246, 5, 31, 25, 9564 }, // U+00BA
    { 19, 20, 337, 3, 21, 48, 9589 }, // U+00BB
    { 35, 35, 778, 11, 34, 154, 9637 }, // U+00BC
    { 35, 35, 778, 11, 34, 154, 9791 }, // U+00BD
    { 37, 35, 780, 9, 34, 162, 9945 }, // U+00BE
    { 18, 32, 326, 2, 22, 72, 10107 }, // U+00BF
    { 30, 39, 462, 0, 39, 147, 10179 }, // U+00C0
    { 30, 40, 462, 0, 40, 150, 10326 }, // U+00C1
    { 30, 41, 462, 0, 41, 154, 10476 }, // U+00C2
    { 31, 40, 462, 0, 40, 155, 10630 }, // U+00C3
    { 30, 39, 462, 0, 39, 147, 10785 }, // U+00C4
    { 30, 40, 463, 0, 40, 150, 10932 }, // U+00C5
    { 45, 32, 649, 0, 32, 180, 11082 }, // U+00C6
    { 28, 43, 426, 4, 33, 151, 11262 }, // U+00C7
    { 27, 39, 382, 2, 39, 132, 11413 }, // U+00C8
    { 27, 40, 382, 2, 40, 135, 11545 }, // U+00C9
    { 27, 41, 382, 2, 41, 139, 11680 }, // U+00CA
    { 27, 39, 382, 2, 39, 132, 11819 }, // U+00CB
    { 18, 39, 197, 1, 39, 88, 11951 }, // U+00CC
    { 20, 40, 197, 1, 40, 100, 12039 }, // U+00CD
    { 20, 41, 200, 2, 41, 103, 12139 }, // U+00CE
    { 20, 39, 199, 1, 39, 98, 12242 }, // U+00CF
    { 30, 32, 472, 2, 32, 120, 12340 }, // U+00D0
    { 37, 40, 535, 1, 40, 185, 12460 }, // U+00D1
    { 31, 41, 528, 4, 40, 159, 12645 }, // U+00D2
    { 31, 41, 528, 4, 40, 159, 12804 }, // U+00D3
    { 31, 41, 528, 4, 40, 159, 12963 }, // U+00D4
    { 31, 41, 528, 4, 40, 159, 13122 }, // U+00D5
    { 31, 40, 528, 4, 39, 155, 13281 }, // U+00D6
    { 24, 21, 382, 3, 24, 63, 13436 }, // U+00D7
    { 35, 34, 528, 2, 33, 149, 13499 }, // U+00D8
    { 31, 40, 502, 5, 39, 155, 13648 }, // U+00D9
    { 32, 41, 502, 5, 40, 164, 13803 }, // U+00DA
    { 31, 41, 502, 5, 40, 159, 13967 }, // U+00DB
    { 32, 40, 502, 5, 39, 160, 14126 }, // U+00DC
    { 28, 40, 411, 4, 40, 140, 14286 }, // U+00DD
    { 26, 32, 397, 2, 32, 104, 14426 }, // U+00DE
    { 24, 35, 399, 3, 35, 105, 14530 }, // U+00DF
    { 22, 31, 377, 2, 31, 86, 14635 }, // U+00E0
    { 22, 31, 377, 2, 31, 86, 14721 }, // U+00E1
    { 22, 32, 377, 2, 32, 88, 14807 }, // U+00E2
    { 22, 29, 377, 2, 29, 80, 14895 }, // U+00E3
    { 22, 28, 377, 2, 28, 77, 14975 }, // U+00E4
    { 22, 33, 377, 2, 33, 91, 15052 }, // U+00E5
    { 34, 22, 552, 2, 22, 94, 15143 }, // U+00E6
    { 20, 32, 306, 3, 23, 80, 15237 }, // U+00E7
    { 21, 31, 366, 3, 31, 82, 15317 }, // U+00E8
    { 21, 31, 366, 3, 31, 82, 15399 }, // U+00E9
    { 21, 32, 366, 3, 32, 84, 15481 }, // U+00EA
    { 21, 28, 366, 3, 28, 74, 15565 }, // U+00EB
    { 11, 31, 188, 3, 31, 43, 15639 }, // U+00EC
    { 13, 31, 188, 3, 31, 51, 15682 }, // U+00ED
    { 15, 31, 188, 2, 31, 59, 15733 }, // U+00EE
    { 15, 28, 188, 2, 28, 53, 15792 }, // U+00EF
    { 22, 35, 379, 3, 35, 97, 15845 }, // U+00F0
    { 24, 29, 411, 3, 29, 87, 15942 }, // U+00F1
    { 22, 31, 392, 3, 31, 86, 16029 }, // U+00F2
    { 22, 31, 392, 3, 31, 86, 16115 }, // U+00F3
    { 22, 32, 392, 3, 32, 88, 16201 }, // U+00F4
    { 22, 29, 392, 3, 29, 80, 16289 }, // U+00F5
    { 22, 27, 392, 3, 27, 75, 16369 }, // U+00F6
    { 25, 21, 384, 2, 24, 66, 16444 }, // U+00F7
    { 24, 23, 376, 2, 23, 69, 16510 }, // U+00F8
    { 23, 31, 410, 3, 31, 90, 16579 }, // U+00F9
    { 23, 31, 410, 3, 31, 90, 16669 }, // U+00FA
    { 23, 31, 410, 3, 31, 90, 16759 }, // U+00FB
    { 23, 27, 410, 3, 27, 78, 16849 }, // U+00FC
    { 23, 41, 397, 3, 31, 118, 16927 }, // U+00FD
    { 25, 45, 409, 2, 35, 141, 17045 }, // U+00FE
    { 23, 37, 397, 3, 27, 107, 17186 }, // U+00FF
    { 40, 32, 634, 4, 32, 160, 17293 }, // U+0152
    { 36, 22, 598, 3, 22, 99, 17453 }, // U+0153
    { 27, 42, 349, 1, 41, 142, 17552 }, // U+0160
    { 21, 32, 288, 1, 32, 84, 17694 }, // U+0161
    { 28, 39, 411, 4, 39, 137, 17778 }, // U+0178
    { 23, 5, 350, 1, 12, 15, 17915 }, // U+2013
    { 45, 5, 700, 1, 12, 29, 17930 }, // U+2014
    { 10, 12, 178, 6, 33, 15, 17959 }, // U+2018
    { 10, 12, 178, 6, 33, 15, 17974 }, // U+2019
    { 10, 12, 178, 1, 6, 15, 17989 }, // U+201A
    { 19, 12, 314, 6, 33, 29, 18004 }, // U+201C
    { 18, 12, 314, 6, 33, 27, 18033 }, // U+201D
    { 18, 12, 314, 1, 6, 27, 18060 }, // U+201E
    { 22, 41, 377, 5, 34, 113, 18087 }, // U+2020
    { 25, 41, 377, 2, 34, 129, 18200 }, // U+2021
    { 17, 16, 335, 5, 24, 34, 18329 }, // U+2022
    { 36, 7, 683, 4, 7, 32, 18363 }, // U+2026
    { 57, 35, 975, 5, 34, 250, 18395 }, // U+2030
    { 11, 20, 204, 4, 21, 28, 18645 }, // U+2039
    { 12, 20, 204, 2, 21, 30, 18673 }, // U+203A
    { 6, 7, 170, 5, 16, 6, 18703 }, // U+2219
};

static const EpdUnicodeInterval steinem_21_bolditalicIntervals[] = {
    { 0x20, 0x7E, 0x0 },
    { 0xA1, 0xAC, 0x5F },
    { 0xAE, 0xFF, 0x6B },
    { 0x152, 0x153, 0xBD },
    { 0x160, 0x161, 0xBF },
    { 0x178, 0x178, 0xC1 },
    { 0x2013, 0x2014, 0xC2 },
    { 0x2018, 0x201A, 0xC4 },
    { 0x201C, 0x201E, 0xC7 },
    { 0x2020, 0x2022, 0xCA },
    { 0x2026, 0x2026, 0xCD },
    { 0x2030, 0x2030, 0xCE },
    { 0x2039, 0x203A, 0xCF },
    { 0x2219, 0x2219, 0xD1 },
};

static const EpdFontData steinem_21_bolditalic = {
    steinem_21_bolditalicBitmaps,
    steinem_21_bolditalicGlyphs,
    steinem_21_bolditalicIntervals,
    14,
    42,
    33,
    -10,
    false,
    nullptr,
    0,
    nullptr,
    nullptr,
    nullptr,
    nullptr,
    nullptr,
    nullptr,
    nullptr,
    nullptr,
    nullptr,
    nullptr,
    nullptr,
    0,
    0,
    0,
    0,
    nullptr,
    0,
};
