/**
 * generated by fontconvert.py
 * name: steinem_32_bolditalic
 * size: 32
 * mode: 1-bit mono
 * Command used: fontconvert.py steinem_32_bolditalic 32 ../builtinFonts/source/Steinem/Steinem-BoldItalic.ttf --mono
 */
#pragma once
#include "EpdFontData.h"

static const uint8_t steinem_32_bolditalicBitmaps[43561] = {
    0x00, 0x00, 0x3F, 0x80, 0x3F, 0xC0, 0x1F, 0xE0, 0x0F, 0xF0, 0x07, 0xF8, 0x07, 0xF8, 0x03, 0xFC,
    0x01, 0xFE, 0x00, 0xFF, 0x00, 0x7F, 0x80, 0x3F, 0x80, 0x3F, 0xC0, 0x1F, 0xE0, 0x0F, 0xF0, 0x07,
    0xF8, 0x03, 0xF8, 0x01, 0xFC, 0x00, 0xFE, 0x00, 0xFF, 0x00, 0x7F, 0x80, 0x3F, 0xC0, 0x1F, 0xC0,
    0x0F, 0xE0, 0x07, 0xF0, 0x07, 0xF8, 0x03, 0xFC, 0x01, 0xFC, 0x00, 0xFE, 0x00, 0x7F, 0x00, 0x3F,
    0x80, 0x3F, 0xC0, 0x1F, 0xC0, 0x0F, 0xE0, 0x07, 0xF0, 0x00, 0x00, 0x00, 0x00, 0x00, 0x00, 0x00,
    0x00, 0x00, 0x00, 0x00, 0x1E, 0x00, 0x1F, 0xC0, 0x1F, 0xE0, 0x1F, 0xF0, 0x0F, 0xFC, 0x07, 0xFE,
    0x07, 0xFE, 0x03, 0xFF, 0x00, 0xFF, 0x00, 0x7F, 0x00, 0x0F, 0x00, 0x00, 0x3F, 0xE7, 0xFC, 0xFF,
    0x9F, 0xF7, 0xFE, 0xFF, 0xDF, 0xFB, 0xFE, 0x7F, 0xCF, 0xF9, 0xFF, 0x3F, 0xE7, 0xFC, 0xFF, 0x9F,
    0xF3, 0xFC, 0x7F, 0x8F, 0xF1, 0xFE, 0x3F, 0xC7, 0xF8, 0xFF, 0x3F, 0xC7, 0xF8, 0xFF, 0x1F, 0xE3,
    0xFC, 0x7F, 0x8F, 0xF1, 0xFE, 0x3F, 0x87, 0xF0, 0xFE, 0x1F, 0xC0, 0x00, 0x00, 0x7F, 0x03, 0xF0,
    0x00, 0x01, 0xFC, 0x1F, 0xC0, 0x00, 0x0F, 0xF0, 0x7F, 0x00, 0x00, 0x3F, 0xC3, 0xFC, 0x00, 0x00,
    0xFE, 0x0F, 0xF0, 0x00, 0x07, 0xF8, 0x3F, 0x80, 0x00, 0x1F, 0xE1, 0xFE, 0x00, 0x00, 0x7F, 0x07,
    0xF8, 0x00, 0x03, 0xFC, 0x1F, 0xC0, 0x00, 0x0F, 0xF0, 0xFF, 0x00, 0x00, 0x3F, 0x83, 0xFC, 0x00,
    0x01, 0xFE, 0x0F, 0xE0, 0x00, 0x07, 0xF8, 0x3F, 0x80, 0x00, 0x1F, 0xC1, 0xFE, 0x00, 0x3F, 0xFF,
    0xFF, 0xFF, 0xC1, 0xFF, 0xFF, 0xFF, 0xFF, 0x07, 0xFF, 0xFF, 0xFF, 0xFC, 0x1F, 0xFF, 0xFF, 0xFF,
    0xF0, 0x7F, 0xFF, 0xFF, 0xFF, 0xC1, 0xFF, 0xFF, 0xFF, 0xFF, 0x0F, 0xFF, 0xFF, 0xFF, 0xF8, 0x00,
    0xFF, 0x0F, 0xF0, 0x00, 0x03, 0xF8, 0x3F, 0xC0, 0x00, 0x0F, 0xE0, 0xFF, 0x00, 0x00, 0x7F, 0x83,
    0xF8, 0x00, 0x01, 0xFE, 0x1F, 0xE0, 0x00, 0x07, 0xF0, 0x7F, 0x80, 0x00, 0x3F, 0xC1, 0xFC, 0x00,
    0x7F, 0xFF, 0xFF, 0xFF, 0xC1, 0xFF, 0xFF, 0xFF, 0xFF, 0x07, 0xFF, 0xFF, 0xFF, 0xFC, 0x3F, 0xFF,
    0xFF, 0xFF, 0xF0, 0xFF, 0xFF, 0xFF, 0xFF, 0x83, 0xFF, 0xFF, 0xFF, 0xFE, 0x0F, 0xFF, 0xFF, 0xFF,
    0xF8, 0x00, 0xFE, 0x0F, 0xF0, 0x00, 0x07, 0xF8, 0x3F, 0x80, 0x00, 0x1F, 0xE1, 0xFE, 0x00, 0x00,
    0x7F, 0x07, 0xF8, 0x00, 0x03, 0xFC, 0x1F, 0xC0, 0x00, 0x0F, 0xF0, 0xFF, 0x00, 0x00, 0x3F, 0xC3,
    0xFC, 0x00, 0x01, 0xFE, 0x0F, 0xF0, 0x00, 0x07, 0xF8, 0x3F, 0x80, 0x00, 0x1F, 0xE1, 0xFE, 0x00,
    0x00, 0x7F, 0x07, 0xF8, 0x00, 0x03, 0xFC, 0x1F, 0xC0, 0x00, 0x0F, 0xF0, 0xFF, 0x00, 0x00, 0x3F,
    0x81, 0xFC, 0x00, 0x00, 0x00, 0x00, 0x03, 0xF0, 0x00, 0x00, 0x00, 0x1F, 0xC0, 0x00, 0x00, 0x00,
    0x7F, 0x00, 0x00, 0x00, 0x01, 0xF8, 0x00, 0x00, 0x00, 0x07, 0xE0, 0x00, 0x00, 0x00, 0x3F, 0xF0,
    0x00, 0x00, 0x0F, 0xFF, 0xFC, 0x00, 0x00, 0xFF, 0xFF, 0xFE, 0x00, 0x0F, 0xFF, 0xFF, 0xFC, 0x00,
    0x7F, 0xFF, 0xFF, 0xE0, 0x03, 0xFF, 0xFF, 0xFF, 0x80, 0x1F, 0xFF, 0xFF, 0xFC, 0x00, 0xFF, 0xFF,
    0xFF, 0xF0, 0x03, 0xFE, 0x7F, 0x07, 0x80, 0x1F, 0xE1, 0xFC, 0x00, 0x00, 0x7F, 0x87, 0xE0, 0x00,
    0x03, 0xFC, 0x3F, 0x80, 0x00, 0x0F, 0xF0, 0xFE, 0x00, 0x00, 0x3F, 0xC3, 0xF8, 0x00, 0x00, 0xFF,
    0x0F, 0xE0, 0x00, 0x03, 0xFC, 0x3F, 0x00, 0x00, 0x0F, 0xF8, 0xFC, 0x00, 0x00, 0x3F, 0xF7, 0xF0,
    0x00, 0x00, 0xFF, 0xFF, 0xC0, 0x00, 0x03, 0xFF, 0xFF, 0x00, 0x00, 0x0F, 0xFF, 0xFC, 0x00, 0x00,
    0x1F, 0xFF, 0xF8, 0x00, 0x00, 0x3F, 0xFF, 0xF8, 0x00, 0x00, 0x7F, 0xFF, 0xF8, 0x00, 0x00, 0xFF,
    0xFF, 0xF0, 0x00, 0x00, 0xFF, 0xFF, 0xE0, 0x00, 0x00, 0xFF, 0xFF, 0xC0, 0x00, 0x00, 0xFF, 0xFF,
    0x80, 0x00, 0x03, 0xFF, 0xFE, 0x00, 0x00, 0x1F, 0xFF, 0xF8, 0x00, 0x00, 0x7F, 0x3F, 0xF0, 0x00,
    0x01, 0xFC, 0x7F, 0xC0, 0x00, 0x07, 0xE1, 0xFF, 0x00, 0x00, 0x1F, 0x87, 0xFC, 0x00, 0x00, 0xFE,
    0x1F, 0xF0, 0x00, 0x03, 0xF8, 0x7F, 0x80, 0x00, 0x0F, 0xE1, 0xFE, 0x00, 0x00, 0x3F, 0x0F, 0xF8,
    0x00, 0x00, 0xFC, 0x7F, 0xE0, 0x30, 0x03, 0xF3, 0xFF, 0x01, 0xF0, 0x1F, 0xFF, 0xFC, 0x07, 0xFC,
    0x7F, 0xFF, 0xE0, 0x1F, 0xFF, 0xFF, 0xFF, 0x00, 0x7F, 0xFF, 0xFF, 0xF8, 0x03, 0xFF, 0xFF, 0xFF,
    0xC0, 0x0F, 0xFF, 0xFF, 0xFE, 0x00, 0x1F, 0xFF, 0xFF, 0xE0, 0x00, 0x1F, 0xFF, 0xFE, 0x00, 0x00,
    0x07, 0xFF, 0xC0, 0x00, 0x00, 0x00, 0xFC, 0x00, 0x00, 0x00, 0x03, 0xF0, 0x00, 0x00, 0x00, 0x1F,
    0xC0, 0x00, 0x00, 0x00, 0x7F, 0x00, 0x00, 0x00, 0x01, 0xFC, 0x00, 0x00, 0x00, 0x00, 0x00, 0x00,
    0x00, 0x00, 0x00, 0x38, 0x00, 0x00, 0x3F, 0x80, 0x00, 0x00, 0x03, 0xF0, 0x00, 0x0F, 0xFF, 0x80,
    0x00, 0x00, 0x3F, 0xC0, 0x01, 0xFF, 0xFE, 0x00, 0x00, 0x03, 0xFE, 0x00, 0x3F, 0xFF, 0xF8, 0x00,
    0x00, 0x3F, 0xE0, 0x03, 0xFF, 0xFF, 0xE0, 0x00, 0x03, 0xFE, 0x00, 0x3F, 0xFF, 0xFF, 0x80, 0x00,
    0x3F, 0xE0, 0x03, 0xFF, 0xFF, 0xFC, 0x00, 0x03, 0xFE, 0x00, 0x1F, 0xF8, 0x7F, 0xF0, 0x00, 0x1F,
    0xE0, 0x01, 0xFF, 0x00, 0xFF, 0x80, 0x01, 0xFE, 0x00, 0x1F, 0xF0, 0x03, 0xFC, 0x00, 0x1F, 0xE0,
    0x00, 0xFF, 0x00, 0x1F, 0xE0, 0x01, 0xFE, 0x00, 0x0F, 0xF8, 0x00, 0xFF, 0x80, 0x1F, 0xE0, 0x00,
    0x7F, 0x80, 0x07, 0xF8, 0x01, 0xFF, 0x00, 0x03, 0xFC, 0x00, 0x1F, 0xC0, 0x1F, 0xF0, 0x00, 0x1F,
    0xE0, 0x01, 0xFE, 0x01, 0xFF, 0x00, 0x00, 0xFF, 0x00, 0x0F, 0xF0, 0x1F, 0xF0, 0x00, 0x07, 0xF8,
    0x00, 0x7F, 0x81, 0xFF, 0x00, 0x00, 0x3F, 0xC0, 0x07, 0xF8, 0x1F, 0xF0, 0x00, 0x01, 0xFE, 0x00,
    0x7F, 0xC1, 0xFF, 0x00, 0x00, 0x0F, 0xF8, 0x07, 0xFC, 0x1F, 0xF0, 0x00, 0x00, 0x7F, 0xF0, 0xFF,
    0xE1, 0xFF, 0x00, 0x00, 0x01, 0xFF, 0xFF, 0xFE, 0x1F, 0xF0, 0x00, 0x00, 0x0F, 0xFF, 0xFF, 0xE1,
    0xFF, 0x00, 0x00, 0x00, 0x3F, 0xFF, 0xFE, 0x1F, 0xF0, 0x07, 0xF8, 0x00, 0xFF, 0xFF, 0xE1, 0xFF,
    0x01, 0xFF, 0xF0, 0x03, 0xFF, 0xFC, 0x1F, 0xF0, 0x3F, 0xFF, 0xE0, 0x0F, 0xFF, 0x81, 0xFF, 0x03,
    0xFF, 0xFF, 0x80, 0x0F, 0xF0, 0x1F, 0xF0, 0x7F, 0xFF, 0xFE, 0x00, 0x00, 0x01, 0xFF, 0x07, 0xFF,
    0xFF, 0xF0, 0x00, 0x00, 0x1F, 0xF0, 0x3F, 0xFF, 0xFF, 0xC0, 0x00, 0x01, 0xFF, 0x03, 0xFF, 0x07,
    0xFE, 0x00, 0x00, 0x1F, 0xF8, 0x3F, 0xE0, 0x1F, 0xF0, 0x00, 0x01, 0xFF, 0x81, 0xFE, 0x00, 0x7F,
    0xC0, 0x00, 0x1F, 0xF8, 0x1F, 0xE0, 0x01, 0xFE, 0x00, 0x01, 0xFF, 0x80, 0xFF, 0x00, 0x0F, 0xF0,
    0x00, 0x1F, 0xF8, 0x0F, 0xF0, 0x00, 0x7F, 0x80, 0x01, 0xFF, 0x80, 0x7F, 0x80, 0x03, 0xFC, 0x00,
    0x0F, 0xF8, 0x03, 0xFC, 0x00, 0x1F, 0xE0, 0x00, 0xFF, 0x80, 0x1F, 0xE0, 0x01, 0xFE, 0x00, 0x0F,
    0xF8, 0x00, 0xFF, 0x00, 0x0F, 0xF0, 0x00, 0xFF, 0x80, 0x07, 0xF8, 0x00, 0xFF, 0x80, 0x0F, 0xF8,
    0x00, 0x3F, 0xE0, 0x0F, 0xF8, 0x00, 0xFF, 0x80, 0x01, 0xFF, 0x80, 0xFF, 0xC0, 0x0F, 0xF8, 0x00,
    0x0F, 0xFE, 0x0F, 0xFC, 0x00, 0xFF, 0x80, 0x00, 0x3F, 0xFF, 0xFF, 0xC0, 0x0F, 0xF8, 0x00, 0x01,
    0xFF, 0xFF, 0xFC, 0x00, 0xFF, 0x80, 0x00, 0x07, 0xFF, 0xFF, 0xC0, 0x0F, 0xF8, 0x00, 0x00, 0x1F,
    0xFF, 0xFC, 0x00, 0x3F, 0x80, 0x00, 0x00, 0x7F, 0xFF, 0x80, 0x00, 0xF8, 0x00, 0x00, 0x00, 0xFF,
    0xF8, 0x00, 0x03, 0x80, 0x00, 0x00, 0x01, 0xFE, 0x00, 0x00, 0x00, 0x00, 0x0F, 0xF8, 0x00, 0x00,
    0x00, 0x00, 0xFF, 0xFC, 0x00, 0x00, 0x00, 0x03, 0xFF, 0xFE, 0x00, 0x00, 0x00, 0x1F, 0xFF, 0xFE,
    0x00, 0x00, 0x00, 0x7F, 0xFF, 0xFE, 0x00, 0x00, 0x01, 0xFF, 0xFF, 0xFC, 0x00, 0x00, 0x07, 0xFF,
    0xFF, 0xFC, 0x00, 0x00, 0x0F, 0xFC, 0x1F, 0xF8, 0x00, 0x00, 0x3F, 0xE0, 0x1F, 0xF0, 0x00, 0x00,
    0x7F, 0x80, 0x1F, 0xE0, 0x00, 0x00, 0xFF, 0x00, 0x3F, 0xC0, 0x00, 0x03, 0xFC, 0x00, 0x7F, 0x80,
    0x00, 0x07, 0xF8, 0x00, 0xFF, 0x00, 0x00, 0x0F, 0xF0, 0x03, 0xFC, 0x00, 0x00, 0x1F, 0xF0, 0x0F,
    0xF8, 0x00, 0x00, 0x3F, 0xE0, 0x3F, 0xE0, 0x00, 0x00, 0x7F, 0xE0, 0xFF, 0xC0, 0x00, 0x00, 0xFF,
    0xC7, 0xFF, 0x00, 0x00, 0x00, 0xFF, 0xDF, 0xFC, 0x00, 0x00, 0x01, 0xFF, 0xFF, 0xF0, 0x00, 0x00,
    0x01, 0xFF, 0xFF, 0xC0, 0x00, 0x00, 0x03, 0xFF, 0xFE, 0x00, 0x00, 0x00, 0x03, 0xFF, 0xF8, 0x00,
    0xFF, 0x00, 0x1F, 0xFF, 0xC0, 0x03, 0xFF, 0x00, 0x7F, 0xFF, 0x80, 0x0F, 0xFE, 0x03, 0xFF, 0xFF,
    0x80, 0x3F, 0xF8, 0x0F, 0xFF, 0xFF, 0x00, 0x7F, 0xF0, 0x3F, 0xFF, 0xFF, 0x01, 0xFF, 0xE0, 0xFF,
    0xE7, 0xFF, 0x07, 0xFF, 0xC3, 0xFF, 0x87, 0xFF, 0x1F, 0xF0, 0x07, 0xFC, 0x0F, 0xFF, 0x3F, 0xC0,
    0x1F, 0xF0, 0x0F, 0xFE, 0xFF, 0x80, 0x7F, 0xC0, 0x0F, 0xFF, 0xFE, 0x00, 0xFF, 0x80, 0x0F, 0xFF,
    0xF8, 0x01, 0xFE, 0x00, 0x1F, 0xFF, 0xE0, 0x07, 0xFC, 0x00, 0x1F, 0xFF, 0x80, 0x0F, 0xF0, 0x00,
    0x1F, 0xFF, 0x00, 0x1F, 0xE0, 0x00, 0x1F, 0xFC, 0x00, 0x3F, 0xC0, 0x00, 0x3F, 0xFC, 0x00, 0x7F,
    0xC0, 0x00, 0x7F, 0xFC, 0x00, 0xFF, 0x80, 0x01, 0xFF, 0xF8, 0x01, 0xFF, 0x80, 0x0F, 0xFF, 0xF8,
    0x03, 0xFF, 0x80, 0x3F, 0xFF, 0xF9, 0xC3, 0xFF, 0x81, 0xFF, 0xFF, 0xFF, 0xC7, 0xFF, 0xFF, 0xFF,
    0x7F, 0xFF, 0x87, 0xFF, 0xFF, 0xFC, 0x7F, 0xFF, 0x0F, 0xFF, 0xFF, 0xF0, 0x7F, 0xFE, 0x0F, 0xFF,
    0xFF, 0xC0, 0x7F, 0xF8, 0x07, 0xFF, 0xFE, 0x00, 0x7F, 0xC0, 0x07, 0xFF, 0xF0, 0x00, 0x7E, 0x00,
    0x01, 0xFF, 0x00, 0x00, 0x00, 0x00, 0x3F, 0xCF, 0xF7, 0xFD, 0xFF, 0x7F, 0x9F, 0xE7, 0xF9, 0xFE,
    0x7F, 0x1F, 0xCF, 0xF3, 0xFC, 0xFE, 0x3F, 0x8F, 0xE3, 0xF8, 0xFC, 0x00, 0x00, 0x00, 0xC0, 0x00,
    0x07, 0x80, 0x00, 0x3F, 0x00, 0x00, 0xFE, 0x00, 0x07, 0xFC, 0x00, 0x3F, 0xE0, 0x01, 0xFF, 0x00,
    0x07, 0xFC, 0x00, 0x3F, 0xE0, 0x01, 0xFF, 0x00, 0x07, 0xFC, 0x00, 0x3F, 0xE0, 0x00, 0xFF, 0x00,
    0x07, 0xFC, 0x00, 0x1F, 0xE0, 0x00, 0xFF, 0x80, 0x03, 0xFC, 0x00, 0x1F, 0xF0, 0x00, 0x7F, 0x80,
    0x03, 0xFE, 0x00, 0x0F, 0xF0, 0x00, 0x7F, 0xC0, 0x01, 0xFE, 0x00, 0x07, 0xF8, 0x00, 0x3F, 0xE0,
    0x00, 0xFF, 0x80, 0x03, 0xFC, 0x00, 0x0F, 0xF0, 0x00, 0x7F, 0xC0, 0x01, 0xFF, 0x00, 0x07, 0xF8,
    0x00, 0x1F, 0xE0, 0x00, 0x7F, 0x80, 0x01, 0xFE, 0x00, 0x0F, 0xF8, 0x00, 0x3F, 0xE0, 0x00, 0xFF,
    0x80, 0x03, 0xFE, 0x00, 0x0F, 0xF0, 0x00, 0x3F, 0xC0, 0x00, 0xFF, 0x00, 0x03, 0xFE, 0x00, 0x0F,
    0xF8, 0x00, 0x3F, 0xE0, 0x00, 0xFF, 0x80, 0x01, 0xFE, 0x00, 0x07, 0xF8, 0x00, 0x1F, 0xE0, 0x00,
    0x7F, 0xC0, 0x01, 0xFF, 0x00, 0x07, 0xFC, 0x00, 0x0F, 0xF0, 0x00, 0x3F, 0xE0, 0x00, 0xFF, 0x80,
    0x03, 0xFE, 0x00, 0x07, 0xFC, 0x00, 0x1F, 0xF0, 0x00, 0x3F, 0xC0, 0x00, 0xFF, 0x00, 0x03, 0xF0,
    0x00, 0x07, 0x00, 0x00, 0x00, 0x01, 0x00, 0x00, 0x3C, 0x00, 0x03, 0xE0, 0x00, 0x7F, 0x80, 0x07,
    0xFC, 0x00, 0x3F, 0xE0, 0x00, 0xFF, 0x80, 0x07, 0xFC, 0x00, 0x3F, 0xE0, 0x00, 0xFF, 0x80, 0x07,
    0xFC, 0x00, 0x3F, 0xE0, 0x00, 0xFF, 0x00, 0x07, 0xFC, 0x00, 0x3F, 0xE0, 0x01, 0xFF, 0x00, 0x07,
    0xF8, 0x00, 0x3F, 0xC0, 0x01, 0xFE, 0x00, 0x0F, 0xF0, 0x00, 0x7F, 0x80, 0x03, 0xFC, 0x00, 0x1F,
    0xE0, 0x00, 0xFF, 0x00, 0x07, 0xF8, 0x00, 0x3F, 0xC0, 0x01, 0xFE, 0x00, 0x0F, 0xF0, 0x00, 0x7F,
    0x80, 0x03, 0xFC, 0x00, 0x3F, 0xE0, 0x01, 0xFF, 0x00, 0x0F, 0xF0, 0x00, 0x7F, 0x80, 0x03, 0xFC,
    0x00, 0x3F, 0xE0, 0x01, 0xFE, 0x00, 0x0F, 0xF0, 0x00, 0xFF, 0x80, 0x07, 0xF8, 0x00, 0x3F, 0xC0,
    0x03, 0xFE, 0x00, 0x1F, 0xE0, 0x01, 0xFF, 0x00, 0x0F, 0xF0, 0x00, 0xFF, 0x80, 0x07, 0xF8, 0x00,
    0x7F, 0xC0, 0x03, 0xFC, 0x00, 0x3F, 0xE0, 0x01, 0xFE, 0x00, 0x1F, 0xF0, 0x01, 0xFF, 0x00, 0x0F,
    0xF0, 0x00, 0xFF, 0x80, 0x0F, 0xF8, 0x00, 0xFF, 0x80, 0x07, 0xFC, 0x00, 0x3F, 0xC0, 0x00, 0x7C,
    0x00, 0x01, 0xC0, 0x00, 0x00, 0x00, 0x07, 0xE0, 0x00, 0x00, 0xFF, 0x00, 0x00, 0x1F, 0xE0, 0x00,
    0x01, 0xFE, 0x00, 0x00, 0x1F, 0xE0, 0x00, 0x01, 0xFE, 0x00, 0x18, 0x1F, 0xC0, 0xC3, 0xE1, 0xFC,
    0x3E, 0x3F, 0xDF, 0xDF, 0xE7, 0xFF, 0xFF, 0xFE, 0x7F, 0xFF, 0xFF, 0xEF, 0xFF, 0xFF, 0xFE, 0xFF,
    0xFF, 0xFF, 0xFF, 0xFF, 0xFF, 0xFE, 0x1F, 0xFF, 0xFF, 0x00, 0x3F, 0xFF, 0x80, 0x01, 0xFF, 0xE0,
    0x00, 0x3F, 0xFF, 0x00, 0x07, 0xFF, 0xF8, 0x00, 0xFF, 0xFF, 0x80, 0x1F, 0xF7, 0xFC, 0x03, 0xFE,
    0x7F, 0xE0, 0x7F, 0xC3, 0xFE, 0x03, 0xFC, 0x3F, 0xC0, 0x1F, 0x81, 0xF8, 0x00, 0xF0, 0x1E, 0x00,
    0x06, 0x00, 0xC0, 0x00, 0x00, 0x00, 0x3F, 0xC0, 0x00, 0x00, 0x00, 0xFF, 0x00, 0x00, 0x00, 0x07,
    0xF8, 0x00, 0x00, 0x00, 0x1F, 0xE0, 0x00, 0x00, 0x00, 0x7F, 0x80, 0x00, 0x00, 0x01, 0xFE, 0x00,
    0x00, 0x00, 0x07, 0xF8, 0x00, 0x00, 0x00, 0x3F, 0xC0, 0x00, 0x00, 0x00, 0xFF, 0x00, 0x00, 0x00,
    0x03, 0xFC, 0x00, 0x00, 0x00, 0x0F, 0xF0, 0x00, 0x00, 0x00, 0x3F, 0xC0, 0x00, 0x00, 0x00, 0xFF,
    0x00, 0x00, 0x00, 0x07, 0xF8, 0x00, 0x07, 0xFF, 0xFF, 0xFF, 0xFF, 0x9F, 0xFF, 0xFF, 0xFF, 0xFF,
    0x7F, 0xFF, 0xFF, 0xFF, 0xFB, 0xFF, 0xFF, 0xFF, 0xFF, 0xEF, 0xFF, 0xFF, 0xFF, 0xFF, 0xBF, 0xFF,
    0xFF, 0xFF, 0xFE, 0xFF, 0xFF, 0xFF, 0xFF, 0xFB, 0xFF, 0xFF, 0xFF, 0xFF, 0xC0, 0x00, 0x3F, 0xC0,
    0x00, 0x00, 0x00, 0xFF, 0x00, 0x00, 0x00, 0x07, 0xFC, 0x00, 0x00, 0x00, 0x1F, 0xE0, 0x00, 0x00,
    0x00, 0x7F, 0x80, 0x00, 0x00, 0x01, 0xFE, 0x00, 0x00, 0x00, 0x07, 0xF8, 0x00, 0x00, 0x00, 0x1F,
    0xE0, 0x00, 0x00, 0x00, 0xFF, 0x00, 0x00, 0x00, 0x03, 0xFC, 0x00, 0x00, 0x00, 0x0F, 0xF0, 0x00,
    0x00, 0x00, 0x3F, 0xC0, 0x00, 0x00, 0x00, 0xFF, 0x00, 0x00, 0x00, 0x03, 0xF8, 0x00, 0x00, 0x01,
    0xE0, 0x03, 0xFC, 0x0F, 0xF8, 0x1F, 0xF0, 0x3F, 0xE0, 0xFF, 0x81, 0xFF, 0x07, 0xFC, 0x0F, 0xF0,
    0x3F, 0xE0, 0x7F, 0x81, 0xFE, 0x07, 0xFC, 0x0F, 0xF0, 0x3F, 0xC0, 0x7F, 0x00, 0x7C, 0x00, 0x10,
    0x00, 0x7F, 0xFF, 0xEF, 0xFF, 0xFD, 0xFF, 0xFF, 0xFF, 0xFF, 0xFF, 0xFF, 0xFF, 0xFF, 0xFF, 0xBF,
    0xFF, 0xF0, 0x0F, 0x07, 0xF3, 0xFD, 0xFF, 0x7F, 0xFF, 0xFF, 0xFD, 0xFE, 0x7F, 0x07, 0x80, 0x00,
    0x00, 0x00, 0x0C, 0x00, 0x00, 0x00, 0x07, 0xE0, 0x00, 0x00, 0x03, 0xFC, 0x00, 0x00, 0x00, 0xFF,
    0x00, 0x00, 0x00, 0x7F, 0xC0, 0x00, 0x00, 0x1F, 0xE0, 0x00, 0x00, 0x0F, 0xF0, 0x00, 0x00, 0x07,
    0xFC, 0x00, 0x00, 0x01, 0xFE, 0x00, 0x00, 0x00, 0xFF, 0x80, 0x00, 0x00, 0x3F, 0xC0, 0x00, 0x00,
    0x1F, 0xE0, 0x00, 0x00, 0x0F, 0xF8, 0x00, 0x00, 0x03, 0xFC, 0x00, 0x00, 0x01, 0xFF, 0x00, 0x00,
    0x00, 0x7F, 0x80, 0x00, 0x00, 0x3F, 0xC0, 0x00, 0x00, 0x0F, 0xF0, 0x00, 0x00, 0x07, 0xF8, 0x00,
    0x00, 0x03, 0xFE, 0x00, 0x00, 0x00, 0xFF, 0x00, 0x00, 0x00, 0x7F, 0x80, 0x00, 0x00, 0x1F, 0xE0,
    0x00, 0x00, 0x0F, 0xF0, 0x00, 0x00, 0x07, 0xFC, 0x00, 0x00, 0x01, 0xFE, 0x00, 0x00, 0x00, 0xFF,
    0x00, 0x00, 0x00, 0x3F, 0xC0, 0x00, 0x00, 0x1F, 0xE0, 0x00, 0x00, 0x0F, 0xF8, 0x00, 0x00, 0x03,
    0xFC, 0x00, 0x00, 0x01, 0xFE, 0x00, 0x00, 0x00, 0x7F, 0x80, 0x00, 0x00, 0x3F, 0xC0, 0x00, 0x00,
    0x1F, 0xF0, 0x00, 0x00, 0x07, 0xF8, 0x00, 0x00, 0x03, 0xFC, 0x00, 0x00, 0x00, 0xFF, 0x00, 0x00,
    0x00, 0x7F, 0x80, 0x00, 0x00, 0x3F, 0xE0, 0x00, 0x00, 0x0F, 0xF0, 0x00, 0x00, 0x07, 0xF8, 0x00,
    0x00, 0x01, 0xFE, 0x00, 0x00, 0x00, 0xFF, 0x00, 0x00, 0x00, 0x7F, 0xC0, 0x00, 0x00, 0x1F, 0xE0,
    0x00, 0x00, 0x0F, 0xF0, 0x00, 0x00, 0x03, 0xFC, 0x00, 0x00, 0x00, 0xFE, 0x00, 0x00, 0x00, 0x1F,
    0x80, 0x00, 0x00, 0x01, 0xC0, 0x00, 0x00, 0x00, 0x00, 0x00, 0x3F, 0xE0, 0x00, 0x00, 0x1F, 0xFF,
    0x80, 0x00, 0x03, 0xFF, 0xFE, 0x00, 0x00, 0xFF, 0xFF, 0xF0, 0x00, 0x1F, 0xFF, 0xFF, 0x80, 0x03,
    0xFF, 0xFF, 0xFC, 0x00, 0x7F, 0xFF, 0xFF, 0xC0, 0x0F, 0xFE, 0x0F, 0xFE, 0x01, 0xFF, 0x80, 0x7F,
    0xE0, 0x1F, 0xF0, 0x03, 0xFE, 0x03, 0xFE, 0x00, 0x3F, 0xE0, 0x3F, 0xE0, 0x01, 0xFF, 0x07, 0xFC,
    0x00, 0x1F, 0xF0, 0x7F, 0x80, 0x01, 0xFF, 0x0F, 0xF8, 0x00, 0x1F, 0xF0, 0xFF, 0x80, 0x01, 0xFF,
    0x0F, 0xF0, 0x00, 0x1F, 0xF1, 0xFF, 0x00, 0x01, 0xFF, 0x1F, 0xE0, 0x00, 0x1F, 0xF1, 0xFE, 0x00,
    0x01, 0xFF, 0x3F, 0xE0, 0x00, 0x1F, 0xF3, 0xFE, 0x00, 0x01, 0xFF, 0x3F, 0xE0, 0x00, 0x1F, 0xF3,
    0xFC, 0x00, 0x01, 0xFF, 0x7F, 0xC0, 0x00, 0x1F, 0xE7, 0xFC, 0x00, 0x03, 0xFE, 0x7F, 0xC0, 0x00,
    0x3F, 0xE7, 0xFC, 0x00, 0x03, 0xFE, 0x7F, 0x80, 0x00, 0x3F, 0xE7, 0xF8, 0x00, 0x03, 0xFC, 0xFF,
    0x80, 0x00, 0x7F, 0xCF, 0xF8, 0x00, 0x07, 0xFC, 0xFF, 0x80, 0x00, 0x7F, 0xCF, 0xF8, 0x00, 0x07,
    0xF8, 0xFF, 0x80, 0x00, 0xFF, 0x8F, 0xF8, 0x00, 0x0F, 0xF8, 0xFF, 0x80, 0x01, 0xFF, 0x0F, 0xF8,
    0x00, 0x1F, 0xF0, 0x7F, 0xC0, 0x01, 0xFE, 0x07, 0xFC, 0x00, 0x3F, 0xE0, 0x7F, 0xC0, 0x07, 0xFC,
    0x07, 0xFE, 0x00, 0xFF, 0xC0, 0x3F, 0xE0, 0x1F, 0xF8, 0x03, 0xFF, 0x83, 0xFF, 0x00, 0x3F, 0xFF,
    0xFF, 0xE0, 0x01, 0xFF, 0xFF, 0xFC, 0x00, 0x0F, 0xFF, 0xFF, 0x80, 0x00, 0xFF, 0xFF, 0xF0, 0x00,
    0x03, 0xFF, 0xFE, 0x00, 0x00, 0x1F, 0xFF, 0x80, 0x00, 0x00, 0x3F, 0xC0, 0x00, 0x00, 0x00, 0x00,
    0x1C, 0x00, 0x03, 0xFC, 0x00, 0x3F, 0xF0, 0x07, 0xFF, 0xE0, 0x0F, 0xFF, 0xC0, 0x3F, 0xFF, 0x80,
    0x7F, 0xFF, 0x00, 0xFF, 0xFE, 0x01, 0xFF, 0xF8, 0x03, 0xEF, 0xF0, 0x00, 0x1F, 0xE0, 0x00, 0x7F,
    0xC0, 0x00, 0xFF, 0x80, 0x01, 0xFE, 0x00, 0x03, 0xFC, 0x00, 0x07, 0xF8, 0x00, 0x0F, 0xF0, 0x00,
    0x3F, 0xE0, 0x00, 0x7F, 0xC0, 0x00, 0xFF, 0x00, 0x01, 0xFE, 0x00, 0x03, 0xFC, 0x00, 0x07, 0xF8,
    0x00, 0x1F, 0xF0, 0x00, 0x3F, 0xE0, 0x00, 0x7F, 0x80, 0x00, 0xFF, 0x00, 0x01, 0xFE, 0x00, 0x07,
    0xFC, 0x00, 0x0F, 0xF8, 0x00, 0x1F, 0xE0, 0x00, 0x3F, 0xC0, 0x00, 0x7F, 0x80, 0x00, 0xFF, 0x00,
    0x03, 0xFE, 0x00, 0x07, 0xFC, 0x00, 0x0F, 0xF0, 0x00, 0x1F, 0xE0, 0x00, 0x3F, 0xC0, 0x00, 0x7F,
    0x80, 0x01, 0xFF, 0x00, 0x03, 0xFE, 0x00, 0xFF, 0xFF, 0xC3, 0xFF, 0xFF, 0xC7, 0xFF, 0xFF, 0x0F,
    0xFF, 0xFE, 0x1F, 0xFF, 0xFC, 0x7F, 0xFF, 0xF8, 0x7F, 0xFF, 0xE0, 0x00, 0x00, 0x07, 0xFC, 0x00,
    0x00, 0x01, 0xFF, 0xFE, 0x00, 0x00, 0x1F, 0xFF, 0xFE, 0x00, 0x01, 0xFF, 0xFF, 0xFC, 0x00, 0x1F,
    0xFF, 0xFF, 0xF8, 0x00, 0xFF, 0xFF, 0xFF, 0xE0, 0x03, 0xFF, 0xFF, 0xFF, 0xC0, 0x0F, 0xFC, 0x0F,
    0xFF, 0x00, 0x3F, 0x80, 0x0F, 0xFC, 0x00, 0x78, 0x00, 0x1F, 0xF0, 0x00, 0xC0, 0x00, 0x7F, 0xC0,
    0x00, 0x00, 0x01, 0xFF, 0x00, 0x00, 0x00, 0x07, 0xFC, 0x00, 0x00, 0x00, 0x1F, 0xF0, 0x00, 0x00,
    0x00, 0x7F, 0xC0, 0x00, 0x00, 0x01, 0xFF, 0x00, 0x00, 0x00, 0x0F, 0xFC, 0x00, 0x00, 0x00, 0x3F,
    0xE0, 0x00, 0x00, 0x01, 0xFF, 0x80, 0x00, 0x00, 0x07, 0xFC, 0x00, 0x00, 0x00, 0x3F, 0xF0, 0x00,
    0x00, 0x01, 0xFF, 0x80, 0x00, 0x00, 0x0F, 0xFC, 0x00, 0x00, 0x00, 0x3F, 0xF0, 0x00, 0x00, 0x01,
    0xFF, 0x80, 0x00, 0x00, 0x0F, 0xFC, 0x00, 0x00, 0x00, 0x7F, 0xE0, 0x00, 0x00, 0x07, 0xFF, 0x00,
    0x00, 0x00, 0x3F, 0xF8, 0x00, 0x00, 0x01, 0xFF, 0xC0, 0x00, 0x00, 0x0F, 0xFE, 0x00, 0x00, 0x00,
    0x7F, 0xF0, 0x00, 0x00, 0x03, 0xFF, 0x80, 0x00, 0x00, 0x1F, 0xFC, 0x00, 0x00, 0x01, 0xFF, 0xE0,
    0x00, 0x00, 0x0F, 0xFE, 0x00, 0x00, 0x00, 0x7F, 0xF0, 0x00, 0x00, 0x03, 0xFF, 0x80, 0x00, 0x00,
    0x1F, 0xFC, 0x00, 0x78, 0x00, 0xFF, 0xE0, 0x01, 0xF8, 0x07, 0xFE, 0x00, 0x0F, 0xE0, 0x7F, 0xFF,
    0xF8, 0x7F, 0x03, 0xFF, 0xFF, 0xFF, 0xFC, 0x1F, 0xFF, 0xFF, 0xFF, 0xF0, 0x7F, 0xFF, 0xFF, 0xFF,
    0x81, 0xFF, 0xFF, 0xFF, 0xFC, 0x0F, 0xFF, 0xFF, 0xFF, 0xF0, 0x3F, 0xFF, 0xFF, 0xFF, 0x00, 0xFF,
    0xFF, 0xFF, 0xF8, 0x01, 0x80, 0x00, 0xFF, 0x00, 0x00, 0x00, 0x00, 0x3F, 0xE0, 0x00, 0x00, 0x7F,
    0xFF, 0x80, 0x00, 0x3F, 0xFF, 0xF8, 0x00, 0x3F, 0xFF, 0xFF, 0xC0, 0x0F, 0xFF, 0xFF, 0xFC, 0x03,
    0xFF, 0xFF, 0xFF, 0x80, 0x7F, 0xFF, 0xFF, 0xF8, 0x0F, 0xFC, 0x07, 0xFF, 0x00, 0xFC, 0x00, 0x7F,
    0xE0, 0x1E, 0x00, 0x07, 0xFC, 0x00, 0x00, 0x00, 0xFF, 0x80, 0x00, 0x00, 0x0F, 0xF0, 0x00, 0x00,
    0x01, 0xFE, 0x00, 0x00, 0x00, 0x3F, 0xC0, 0x00, 0x00, 0x0F, 0xF8, 0x00, 0x00, 0x01, 0xFF, 0x00,
    0x00, 0x00, 0x7F, 0xC0, 0x00, 0x00, 0x0F, 0xF8, 0x00, 0x00, 0x07, 0xFE, 0x00, 0x00, 0x03, 0xFF,
    0xC0, 0x00, 0x3F, 0xFF, 0xF0, 0x00, 0x07, 0xFF, 0xFC, 0x00, 0x00, 0xFF, 0xFF, 0x00, 0x00, 0x3F,
    0xFF, 0xC0, 0x00, 0x07, 0xFF, 0xF8, 0x00, 0x00, 0xFF, 0xFF, 0x80, 0x00, 0x1F, 0xFF, 0xF8, 0x00,
    0x03, 0xFF, 0xFF, 0x00, 0x00, 0x00, 0xFF, 0xF0, 0x00, 0x00, 0x07, 0xFE, 0x00, 0x00, 0x00, 0x7F,
    0xE0, 0x00, 0x00, 0x0F, 0xFC, 0x00, 0x00, 0x00, 0xFF, 0x80, 0x00, 0x00, 0x1F, 0xF0, 0x00, 0x00,
    0x03, 0xFE, 0x00, 0x00, 0x00, 0x7F, 0xC0, 0x00, 0x00, 0x0F, 0xF0, 0x00, 0x00, 0x03, 0xFE, 0x00,
    0x00, 0x00, 0x7F, 0xC0, 0x00, 0x00, 0x0F, 0xF0, 0x60, 0x00, 0x03, 0xFE, 0x1F, 0x00, 0x00, 0xFF,
    0xC3, 0xF8, 0x00, 0x3F, 0xF0, 0x7F, 0xC0, 0x1F, 0xFC, 0x0F, 0xFF, 0xFF, 0xFF, 0x01, 0xFF, 0xFF,
    0xFF, 0xC0, 0x3F, 0xFF, 0xFF, 0xF0, 0x07, 0xFF, 0xFF, 0xFC, 0x00, 0x7F, 0xFF, 0xFE, 0x00, 0x01,
    0xFF, 0xFF, 0x00, 0x00, 0x03, 0xFF, 0x00, 0x00, 0x00, 0x00, 0x00, 0x00, 0x7F, 0xE0, 0x00, 0x00,
    0x0F, 0xFE, 0x00, 0x00, 0x00, 0xFF, 0xE0, 0x00, 0x00, 0x1F, 0xFE, 0x00, 0x00, 0x03, 0xFF, 0xE0,
    0x00, 0x00, 0x7F, 0xFE, 0x00, 0x00, 0x0F, 0xFF, 0xE0, 0x00, 0x00, 0xFF, 0xFC, 0x00, 0x00, 0x1F,
    0xFF, 0xC0, 0x00, 0x03, 0xFF, 0xFC, 0x00, 0x00, 0x7F, 0xFF, 0xC0, 0x00, 0x0F, 0xFB, 0xFC, 0x00,
    0x00, 0xFF, 0x7F, 0xC0, 0x00, 0x1F, 0xE7, 0xF8, 0x00, 0x03, 0xFE, 0x7F, 0x80, 0x00, 0x7F, 0xC7,
    0xF8, 0x00, 0x0F, 0xF8, 0x7F, 0x80, 0x00, 0xFF, 0x07, 0xF8, 0x00, 0x1F, 0xF0, 0xFF, 0x00, 0x03,
    0xFE, 0x0F, 0xF0, 0x00, 0x7F, 0xC0, 0xFF, 0x00, 0x07, 0xF8, 0x0F, 0xF0, 0x00, 0xFF, 0x00, 0xFF,
    0x00, 0x1F, 0xF0, 0x1F, 0xF0, 0x03, 0xFE, 0x01, 0xFE, 0x00, 0x7F, 0xC0, 0x1F, 0xE0, 0x07, 0xF8,
    0x01, 0xFE, 0x00, 0xFF, 0x80, 0x1F, 0xE0, 0x1F, 0xF0, 0x01, 0xFE, 0x03, 0xFE, 0x00, 0x3F, 0xE0,
    0x7F, 0xC0, 0x03, 0xFC, 0x07, 0xFF, 0xFF, 0xFF, 0xFE, 0x7F, 0xFF, 0xFF, 0xFF, 0xF7, 0xFF, 0xFF,
    0xFF, 0xFE, 0x7F, 0xFF, 0xFF, 0xFF, 0xE7, 0xFF, 0xFF, 0xFF, 0xFE, 0xFF, 0xFF, 0xFF, 0xFF, 0xE7,
    0xFF, 0xFF, 0xFF, 0xFC, 0x00, 0x00, 0x07, 0xF8, 0x00, 0x00, 0x00, 0x7F, 0x80, 0x00, 0x00, 0x0F,
    0xF8, 0x00, 0x00, 0x00, 0xFF, 0x00, 0x00, 0x00, 0xFF, 0xFF, 0x00, 0x00, 0x1F, 0xFF, 0xF8, 0x00,
    0x01, 0xFF, 0xFF, 0x80, 0x00, 0x1F, 0xFF, 0xF0, 0x00, 0x01, 0xFF, 0xFF, 0x00, 0x00, 0x1F, 0xFF,
    0xF0, 0x00, 0x01, 0xFF, 0xFE, 0x00, 0x00, 0x1F, 0xFF, 0xFF, 0xF0, 0x03, 0xFF, 0xFF, 0xFF, 0x00,
    0x3F, 0xFF, 0xFF, 0xF0, 0x03, 0xFF, 0xFF, 0xFF, 0x00, 0x7F, 0xFF, 0xFF, 0xF0, 0x07, 0xFF, 0xFF,
    0xFE, 0x00, 0x7F, 0xFF, 0xFF, 0xE0, 0x07, 0xF0, 0x00, 0x00, 0x00, 0xFF, 0x00, 0x00, 0x00, 0x0F,
    0xF0, 0x00, 0x00, 0x00, 0xFF, 0x00, 0x00, 0x00, 0x0F, 0xE0, 0x00, 0x00, 0x00, 0xFE, 0x00, 0x00,
    0x00, 0x1F, 0xE0, 0x00, 0x00, 0x01, 0xFE, 0x00, 0x00, 0x00, 0x1F, 0xE0, 0x00, 0x00, 0x01, 0xFC,
    0x00, 0x00, 0x00, 0x3F, 0xFF, 0xF0, 0x00, 0x03, 0xFF, 0xFF, 0xE0, 0x00, 0x3F, 0xFF, 0xFF, 0x00,
    0x03, 0xFF, 0xFF, 0xF8, 0x00, 0x3F, 0xFF, 0xFF, 0xC0, 0x07, 0xFF, 0xFF, 0xFE, 0x00, 0x7F, 0xFF,
    0xFF, 0xF0, 0x07, 0xF8, 0x0F, 0xFF, 0x00, 0x78, 0x00, 0x3F, 0xF0, 0x02, 0x00, 0x01, 0xFF, 0x80,
    0x00, 0x00, 0x1F, 0xF8, 0x00, 0x00, 0x00, 0xFF, 0x80, 0x00, 0x00, 0x0F, 0xF8, 0x00, 0x00, 0x00,
    0xFF, 0x80, 0x00, 0x00, 0x0F, 0xF8, 0x00, 0x00, 0x00, 0xFF, 0x80, 0x00, 0x00, 0x0F, 0xF0, 0x00,
    0x00, 0x01, 0xFF, 0x00, 0x00, 0x00, 0x1F, 0xF0, 0x00, 0x00, 0x01, 0xFF, 0x00, 0x00, 0x00, 0x3F,
    0xE0, 0x00, 0x00, 0x03, 0xFE, 0x02, 0x00, 0x00, 0x7F, 0xC0, 0x78, 0x00, 0x0F, 0xFC, 0x0F, 0xC0,
    0x01, 0xFF, 0x80, 0xFF, 0x80, 0x7F, 0xF0, 0x0F, 0xFF, 0xFF, 0xFE, 0x00, 0xFF, 0xFF, 0xFF, 0xC0,
    0x0F, 0xFF, 0xFF, 0xF8, 0x00, 0xFF, 0xFF, 0xFF, 0x00, 0x07, 0xFF, 0xFF, 0xC0, 0x00, 0x1F, 0xFF,
    0xF0, 0x00, 0x00, 0x1F, 0xF8, 0x00, 0x00, 0x00, 0x00, 0x0F, 0xF8, 0x00, 0x00, 0x07, 0xFF, 0xF0,
    0x00, 0x01, 0xFF, 0xFF, 0xC0, 0x00, 0x7F, 0xFF, 0xFE, 0x00, 0x0F, 0xFF, 0xFF, 0xF0, 0x01, 0xFF,
    0xFF, 0xFE, 0x00, 0x3F, 0xFF, 0xFF, 0xC0, 0x07, 0xFF, 0x01, 0xF8, 0x00, 0xFF, 0xC0, 0x07, 0x80,
    0x1F, 0xF8, 0x00, 0x00, 0x01, 0xFF, 0x00, 0x00, 0x00, 0x3F, 0xE0, 0x00, 0x00, 0x07, 0xFC, 0x00,
    0x00, 0x00, 0x7F, 0xC0, 0x00, 0x00, 0x0F, 0xF8, 0x00, 0x00, 0x00, 0xFF, 0x80, 0x00, 0x00, 0x1F,
    0xF0, 0x00, 0x00, 0x01, 0xFF, 0x00, 0x00, 0x00, 0x1F, 0xE0, 0xFF, 0x80, 0x03, 0xFE, 0x7F, 0xFE,
    0x00, 0x3F, 0xEF, 0xFF, 0xF8, 0x03, 0xFF, 0xFF, 0xFF, 0xC0, 0x7F, 0xFF, 0xFF, 0xFE, 0x07, 0xFF,
    0xFF, 0xFF, 0xF0, 0x7F, 0xFF, 0xFF, 0xFF, 0x07, 0xFF, 0xE0, 0x7F, 0xF8, 0x7F, 0xFC, 0x03, 0xFF,
    0x87, 0xFF, 0x00, 0x1F, 0xF8, 0xFF, 0xE0, 0x00, 0xFF, 0x8F, 0xFE, 0x00, 0x0F, 0xF8, 0xFF, 0xC0,
    0x00, 0xFF, 0x8F, 0xFC, 0x00, 0x0F, 0xF8, 0xFF, 0x80, 0x00, 0x7F, 0x8F, 0xF8, 0x00, 0x0F, 0xF8,
    0xFF, 0x80, 0x00, 0xFF, 0x8F, 0xF8, 0x00, 0x0F, 0xF8, 0xFF, 0x80, 0x00, 0xFF, 0x8F, 0xF8, 0x00,
    0x1F, 0xF0, 0xFF, 0x80, 0x01, 0xFF, 0x0F, 0xF8, 0x00, 0x3F, 0xE0, 0xFF, 0x80, 0x03, 0xFE, 0x07,
    0xFC, 0x00, 0x7F, 0xC0, 0x7F, 0xE0, 0x0F, 0xFC, 0x07, 0xFF, 0x03, 0xFF, 0x80, 0x3F, 0xFF, 0xFF,
    0xF0, 0x03, 0xFF, 0xFF, 0xFE, 0x00, 0x1F, 0xFF, 0xFF, 0xC0, 0x00, 0xFF, 0xFF, 0xF8, 0x00, 0x07,
    0xFF, 0xFE, 0x00, 0x00, 0x1F, 0xFF, 0x80, 0x00, 0x00, 0x7F, 0xC0, 0x00, 0x00, 0x0F, 0xFF, 0xFF,
    0xFF, 0xE3, 0xFF, 0xFF, 0xFF, 0xFC, 0x7F, 0xFF, 0xFF, 0xFF, 0x8F, 0xFF, 0xFF, 0xFF, 0xF3, 0xFF,
    0xFF, 0xFF, 0xFC, 0x7F, 0xFF, 0xFF, 0xFF, 0x8F, 0xFF, 0xFF, 0xFF, 0xF0, 0x00, 0x00, 0x07, 0xFC,
    0x00, 0x00, 0x01, 0xFF, 0x00, 0x00, 0x00, 0x3F, 0xE0, 0x00, 0x00, 0x0F, 0xF8, 0x00, 0x00, 0x01,
    0xFE, 0x00, 0x00, 0x00, 0x7F, 0xC0, 0x00, 0x00, 0x1F, 0xF0, 0x00, 0x00, 0x03, 0xFE, 0x00, 0x00,
    0x00, 0xFF, 0x80, 0x00, 0x00, 0x1F, 0xE0, 0x00, 0x00, 0x07, 0xFC, 0x00, 0x00, 0x01, 0xFF, 0x00,
    0x00, 0x00, 0x3F, 0xE0, 0x00, 0x00, 0x0F, 0xF8, 0x00, 0x00, 0x01, 0xFE, 0x00, 0x00, 0x00, 0x7F,
    0xC0, 0x00, 0x00, 0x1F, 0xF0, 0x00, 0x00, 0x03, 0xFE, 0x00, 0x00, 0x00, 0xFF, 0x80, 0x00, 0x00,
    0x3F, 0xE0, 0x00, 0x00, 0x07, 0xFC, 0x00, 0x00, 0x01, 0xFF, 0x00, 0x00, 0x00, 0x3F, 0xE0, 0x00,
    0x00, 0x0F, 0xF8, 0x00, 0x00, 0x03, 0xFE, 0x00, 0x00, 0x00, 0x7F, 0xC0, 0x00, 0x00, 0x1F, 0xF0,
    0x00, 0x00, 0x03, 0xFC, 0x00, 0x00, 0x00, 0xFF, 0x80, 0x00, 0x00, 0x3F, 0xE0, 0x00, 0x00, 0x07,
    0xFC, 0x00, 0x00, 0x01, 0xFF, 0x00, 0x00, 0x00, 0x3F, 0xC0, 0x00, 0x00, 0x0F, 0xF8, 0x00, 0x00,
    0x03, 0xFE, 0x00, 0x00, 0x00, 0x7F, 0xC0, 0x00, 0x00, 0x1F, 0xF0, 0x00, 0x00, 0x03, 0xFC, 0x00,
    0x00, 0x00, 0xFF, 0x80, 0x00, 0x00, 0x3F, 0xE0, 0x00, 0x00, 0x07, 0xFC, 0x00, 0x00, 0x00, 0xFF,
    0x00, 0x00, 0x00, 0x00, 0x00, 0x00, 0x3F, 0xE0, 0x00, 0x00, 0x3F, 0xFF, 0x00, 0x00, 0x1F, 0xFF,
    0xF8, 0x00, 0x07, 0xFF, 0xFF, 0x80, 0x01, 0xFF, 0xFF, 0xF8, 0x00, 0x7F, 0xFF, 0xFF, 0x80, 0x1F,
    0xFF, 0xFF, 0xF0, 0x07, 0xFF, 0x07, 0xFE, 0x00, 0xFF, 0x80, 0x7F, 0xE0, 0x3F, 0xE0, 0x07, 0xFC,
    0x07, 0xF8, 0x00, 0xFF, 0x81, 0xFF, 0x00, 0x0F, 0xF0, 0x3F, 0xC0, 0x01, 0xFE, 0x07, 0xF8, 0x00,
    0x3F, 0xC0, 0xFF, 0x00, 0x0F, 0xF0, 0x1F, 0xE0, 0x01, 0xFE, 0x03, 0xFC, 0x00, 0x7F, 0xC0, 0x7F,
    0xC0, 0x0F, 0xF0, 0x0F, 0xF8, 0x07, 0xFE, 0x01, 0xFF, 0xC1, 0xFF, 0x80, 0x1F, 0xFF, 0xFF, 0xE0,
    0x03, 0xFF, 0xFF, 0xFC, 0x00, 0x3F, 0xFF, 0xFF, 0x00, 0x03, 0xFF, 0xFF, 0x80, 0x00, 0xFF, 0xFF,
    0xF8, 0x00, 0x7F, 0xFF, 0xFF, 0x80, 0x1F, 0xFF, 0xFF, 0xF8, 0x07, 0xFF, 0x07, 0xFF, 0x01, 0xFF,
    0x80, 0x3F, 0xF0, 0x3F, 0xE0, 0x03, 0xFE, 0x0F, 0xF8, 0x00, 0x7F, 0xC1, 0xFE, 0x00, 0x07, 0xF8,
    0x7F, 0xC0, 0x00, 0xFF, 0x8F, 0xF0, 0x00, 0x1F, 0xF1, 0xFE, 0x00, 0x03, 0xFE, 0x7F, 0xC0, 0x00,
    0x7F, 0x8F, 0xF8, 0x00, 0x0F, 0xF1, 0xFF, 0x00, 0x03, 0xFE, 0x3F, 0xE0, 0x00, 0x7F, 0xC7, 0xFC,
    0x00, 0x1F, 0xF0, 0xFF, 0x80, 0x03, 0xFE, 0x1F, 0xF8, 0x00, 0xFF, 0x83, 0xFF, 0x80, 0x3F, 0xF0,
    0x3F, 0xF8, 0x1F, 0xFC, 0x07, 0xFF, 0xFF, 0xFF, 0x00, 0x7F, 0xFF, 0xFF, 0xC0, 0x07, 0xFF, 0xFF,
    0xF0, 0x00, 0x7F, 0xFF, 0xFC, 0x00, 0x07, 0xFF, 0xFF, 0x00, 0x00, 0x7F, 0xFF, 0x00, 0x00, 0x01,
    0xFF, 0x00, 0x00, 0x00, 0x00, 0x00, 0x7F, 0xC0, 0x00, 0x00, 0x7F, 0xFE, 0x00, 0x00, 0x3F, 0xFF,
    0xF0, 0x00, 0x1F, 0xFF, 0xFF, 0x00, 0x07, 0xFF, 0xFF, 0xF0, 0x01, 0xFF, 0xFF, 0xFF, 0x00, 0x7F,
    0xFF, 0xFF, 0xE0, 0x1F, 0xFC, 0x0F, 0xFE, 0x07, 0xFE, 0x00, 0xFF, 0xC0, 0xFF, 0x80, 0x0F, 0xFC,
    0x3F, 0xE0, 0x00, 0xFF, 0x87, 0xFC, 0x00, 0x1F, 0xF1, 0xFF, 0x00, 0x03, 0xFE, 0x3F, 0xC0, 0x00,
    0x3F, 0xC7, 0xF8, 0x00, 0x07, 0xF9, 0xFF, 0x00, 0x00, 0xFF, 0x3F, 0xE0, 0x00, 0x3F, 0xE7, 0xFC,
    0x00, 0x07, 0xFC, 0xFF, 0x80, 0x00, 0xFF, 0x9F, 0xF0, 0x00, 0x3F, 0xF3, 0xFE, 0x00, 0x07, 0xFE,
    0x7F, 0xC0, 0x01, 0xFF, 0xCF, 0xFC, 0x00, 0x7F, 0xF9, 0xFF, 0xC0, 0x1F, 0xFF, 0x1F, 0xFC, 0x0F,
    0xFF, 0xC3, 0xFF, 0xFF, 0xFF, 0xF8, 0x3F, 0xFF, 0xFF, 0xFF, 0x07, 0xFF, 0xFF, 0xFF, 0xE0, 0x7F,
    0xFF, 0xFF, 0xFC, 0x07, 0xFF, 0xFE, 0xFF, 0x00, 0x3F, 0xFF, 0x3F, 0xE0, 0x00, 0xFF, 0x07, 0xFC,
    0x00, 0x00, 0x00, 0xFF, 0x80, 0x00, 0x00, 0x3F, 0xE0, 0x00, 0x00, 0x07, 0xFC, 0x00, 0x00, 0x01,
    0xFF, 0x00, 0x00, 0x00, 0x3F, 0xE0, 0x00, 0x00, 0x0F, 0xFC, 0x00, 0x00, 0x01, 0xFF, 0x00, 0x00,
    0x00, 0x7F, 0xC0, 0x00, 0x00, 0x1F, 0xF8, 0x00, 0x00, 0x07, 0xFE, 0x01, 0xE0, 0x01, 0xFF, 0x80,
    0x3F, 0x80, 0xFF, 0xF0, 0x07, 0xFF, 0xFF, 0xFC, 0x01, 0xFF, 0xFF, 0xFF, 0x00, 0x3F, 0xFF, 0xFF,
    0xC0, 0x07, 0xFF, 0xFF, 0xE0, 0x00, 0xFF, 0xFF, 0xF8, 0x00, 0x07, 0xFF, 0xFC, 0x00, 0x00, 0x1F,
    0xFC, 0x00, 0x00, 0x00, 0x00, 0xF8, 0x03, 0xF8, 0x0F, 0xF0, 0x3F, 0xF0, 0x7F, 0xE0, 0xFF, 0xC3,
    0xFF, 0x03, 0xFE, 0x07, 0xF8, 0x0F, 0xE0, 0x07, 0x80, 0x00, 0x00, 0x00, 0x00, 0x00, 0x00, 0x00,
    0x00, 0x00, 0x00, 0x00, 0x00, 0x00, 0x00, 0x00, 0x00, 0x00, 0x00, 0x00, 0x00, 0x00, 0x00, 0x07,
    0x80, 0x1F, 0xC0, 0x7F, 0x81, 0xFF, 0x83, 0xFF, 0x07, 0xFE, 0x1F, 0xF8, 0x3F, 0xF0, 0x3F, 0xC0,
    0x7F, 0x00, 0x3C, 0x00, 0x00, 0x0F, 0x00, 0x03, 0xF8, 0x00, 0xFF, 0x00, 0x3F, 0xF0, 0x0F, 0xFE,
    0x01, 0xFF, 0xC0, 0x3F, 0xF0, 0x07, 0xFE, 0x00, 0x7F, 0x80, 0x0F, 0xE0, 0x00, 0xF8, 0x00, 0x00,
    0x00, 0x00, 0x00, 0x00, 0x00, 0x00, 0x00, 0x00, 0x00, 0x00, 0x00, 0x00, 0x00, 0x00, 0x00, 0x00,
    0x00, 0x00, 0x00, 0x00, 0x00, 0x00, 0x00, 0x00, 0x00, 0x00, 0x00, 0x00, 0x00, 0x01, 0xF0, 0x00,
    0x3F, 0xC0, 0x0F, 0xF8, 0x01, 0xFF, 0x00, 0x3F, 0xE0, 0x0F, 0xF8, 0x01, 0xFF, 0x00, 0x7F, 0xC0,
    0x0F, 0xF8, 0x03, 0xFE, 0x00, 0x7F, 0x80, 0x1F, 0xF0, 0x03, 0xFC, 0x00, 0xFF, 0x00, 0x3F, 0xE0,
    0x07, 0xF8, 0x00, 0xFE, 0x00, 0x07, 0x80, 0x00, 0x00, 0x00, 0x00, 0x00, 0x07, 0x00, 0x00, 0x00,
    0x00, 0x3F, 0x00, 0x00, 0x00, 0x00, 0xFF, 0x00, 0x00, 0x00, 0x07, 0xFF, 0x00, 0x00, 0x00, 0x1F,
    0xFE, 0x00, 0x00, 0x00, 0xFF, 0xFE, 0x00, 0x00, 0x03, 0xFF, 0xFE, 0x00, 0x00, 0x1F, 0xFF, 0xFC,
    0x00, 0x00, 0x7F, 0xFF, 0xE0, 0x00, 0x03, 0xFF, 0xFF, 0x80, 0x00, 0x0F, 0xFF, 0xFC, 0x00, 0x00,
    0x7F, 0xFF, 0xF0, 0x00, 0x01, 0xFF, 0xFF, 0xC0, 0x00, 0x0F, 0xFF, 0xFE, 0x00, 0x00, 0x3F, 0xFF,
    0xF8, 0x00, 0x00, 0x7F, 0xFF, 0xC0, 0x00, 0x00, 0xFF, 0xFF, 0x00, 0x00, 0x00, 0xFF, 0xF8, 0x00,
    0x00, 0x00, 0xFF, 0xF8, 0x00, 0x00, 0x00, 0xFF, 0xFE, 0x00, 0x00, 0x00, 0xFF, 0xFF, 0x80, 0x00,
    0x00, 0x7F, 0xFF, 0xE0, 0x00, 0x00, 0x1F, 0xFF, 0xF8, 0x00, 0x00, 0x07, 0xFF, 0xFF, 0x00, 0x00,
    0x01, 0xFF, 0xFF, 0xC0, 0x00, 0x00, 0x7F, 0xFF, 0xF0, 0x00, 0x00, 0x1F, 0xFF, 0xFC, 0x00, 0x00,
    0x07, 0xFF, 0xFF, 0x00, 0x00, 0x01, 0xFF, 0xFF, 0xC0, 0x00, 0x00, 0x7F, 0xFF, 0xE0, 0x00, 0x00,
    0x1F, 0xFF, 0xE0, 0x00, 0x00, 0x03, 0xFF, 0xE0, 0x00, 0x00, 0x00, 0xFF, 0xC0, 0x00, 0x00, 0x00,
    0x3F, 0xC0, 0x00, 0x00, 0x00, 0x0F, 0xC0, 0x00, 0x00, 0x00, 0x03, 0xC0, 0x1F, 0xFF, 0xFF, 0xFF,
    0xFE, 0x7F, 0xFF, 0xFF, 0xFF, 0xFC, 0xFF, 0xFF, 0xFF, 0xFF, 0xF9, 0xFF, 0xFF, 0xFF, 0xFF, 0xF3,
    0xFF, 0xFF, 0xFF, 0xFF, 0xE7, 0xFF, 0xFF, 0xFF, 0xFF, 0x8F, 0xFF, 0xFF, 0xFF, 0xFF, 0x00, 0x00,
    0x00, 0x00, 0x00, 0x00, 0x00, 0x00, 0x00, 0x00, 0x00, 0x00, 0x00, 0x00, 0x01, 0xFF, 0xFF, 0xFF,
    0xFF, 0xE3, 0xFF, 0xFF, 0xFF, 0xFF, 0xCF, 0xFF, 0xFF, 0xFF, 0xFF, 0x9F, 0xFF, 0xFF, 0xFF, 0xFF,
    0x3F, 0xFF, 0xFF, 0xFF, 0xFE, 0x7F, 0xFF, 0xFF, 0xFF, 0xFC, 0xFF, 0xFF, 0xFF, 0xFF, 0xF0, 0x03,
    0xE0, 0x00, 0x00, 0x00, 0x03, 0xF8, 0x00, 0x00, 0x00, 0x03, 0xFE, 0x00, 0x00, 0x00, 0x03, 0xFF,
    0x80, 0x00, 0x00, 0x03, 0xFF, 0xE0, 0x00, 0x00, 0x07, 0xFF, 0xF8, 0x00, 0x00, 0x07, 0xFF, 0xFE,
    0x00, 0x00, 0x03, 0xFF, 0xFF, 0x80, 0x00, 0x00, 0xFF, 0xFF, 0xE0, 0x00, 0x00, 0x1F, 0xFF, 0xFC,
    0x00, 0x00, 0x07, 0xFF, 0xFF, 0x00, 0x00, 0x01, 0xFF, 0xFF, 0xC0, 0x00, 0x00, 0x7F, 0xFF, 0xF0,
    0x00, 0x00, 0x1F, 0xFF, 0xFC, 0x00, 0x00, 0x07, 0xFF, 0xFF, 0x00, 0x00, 0x01, 0xFF, 0xFF, 0x00,
    0x00, 0x00, 0x7F, 0xFF, 0x00, 0x00, 0x00, 0x1F, 0xFF, 0x00, 0x00, 0x00, 0x1F, 0xFF, 0x00, 0x00,
    0x00, 0xFF, 0xFF, 0x00, 0x00, 0x03, 0xFF, 0xFE, 0x00, 0x00, 0x0F, 0xFF, 0xFC, 0x00, 0x00, 0x7F,
    0xFF, 0xF0, 0x00, 0x01, 0xFF, 0xFF, 0x80, 0x00, 0x0F, 0xFF, 0xFE, 0x00, 0x00, 0x3F, 0xFF, 0xF8,
    0x00, 0x01, 0xFF, 0xFF, 0xC0, 0x00, 0x07, 0xFF, 0xFF, 0x00, 0x00, 0x3F, 0xFF, 0xF8, 0x00, 0x00,
    0x7F, 0xFF, 0xE0, 0x00, 0x00, 0x7F, 0xFF, 0x00, 0x00, 0x00, 0x7F, 0xFC, 0x00, 0x00, 0x00, 0x7F,
    0xE0, 0x00, 0x00, 0x00, 0xFF, 0x80, 0x00, 0x00, 0x00, 0xFE, 0x00, 0x00, 0x00, 0x00, 0xF0, 0x00,
    0x00, 0x00, 0x00, 0x00, 0x1F, 0xF0, 0x00, 0x0F, 0xFF, 0xE0, 0x03, 0xFF, 0xFF, 0x80, 0xFF, 0xFF,
    0xFC, 0x3F, 0xFF, 0xFF, 0xC7, 0xFF, 0xFF, 0xFE, 0xFF, 0xFF, 0xFF, 0xEF, 0xFC, 0x07, 0xFF, 0xFF,
    0x00, 0x3F, 0xF7, 0xC0, 0x01, 0xFF, 0x78, 0x00, 0x1F, 0xF2, 0x00, 0x01, 0xFF, 0x00, 0x00, 0x1F,
    0xE0, 0x00, 0x01, 0xFE, 0x00, 0x00, 0x3F, 0xE0, 0x00, 0x03, 0xFE, 0x00, 0x00, 0x7F, 0xC0, 0x00,
    0x0F, 0xFC, 0x00, 0x01, 0xFF, 0x80, 0x00, 0x3F, 0xF0, 0x00, 0x07, 0xFF, 0x00, 0x00, 0xFF, 0xE0,
    0x00, 0x1F, 0xFC, 0x00, 0x03, 0xFF, 0x80, 0x00, 0x7F, 0xF0, 0x00, 0x0F, 0xFE, 0x00, 0x01, 0xFF,
    0x80, 0x00, 0x1F, 0xF0, 0x00, 0x03, 0xFE, 0x00, 0x00, 0x3F, 0xE0, 0x00, 0x03, 0xFC, 0x00, 0x00,
    0x3F, 0xC0, 0x00, 0x03, 0xFC, 0x00, 0x00, 0x7F, 0x80, 0x00, 0x07, 0xF8, 0x00, 0x00, 0x7F, 0x80,
    0x00, 0x07, 0xF8, 0x00, 0x00, 0x00, 0x00, 0x00, 0x00, 0x00, 0x00, 0x00, 0x00, 0x00, 0x00, 0x03,
    0xC0, 0x00, 0x00, 0xFF, 0x00, 0x00, 0x1F, 0xF0, 0x00, 0x01, 0xFF, 0x80, 0x00, 0x3F, 0xF8, 0x00,
    0x03, 0xFF, 0x80, 0x00, 0x3F, 0xF8, 0x00, 0x03, 0xFF, 0x00, 0x00, 0x3F, 0xE0, 0x00, 0x01, 0xFC,
    0x00, 0x00, 0x0F, 0x80, 0x00, 0x00, 0x00, 0x00, 0x00, 0x3F, 0xF0, 0x00, 0x00, 0x00, 0x00, 0x7F,
    0xFF, 0xC0, 0x00, 0x00, 0x00, 0x7F, 0xFF, 0xFF, 0x00, 0x00, 0x00, 0x3F, 0xFF, 0xFF, 0xF0, 0x00,
    0x00, 0x1F, 0xFF, 0xFF, 0xFF, 0x80, 0x00, 0x07, 0xFF, 0xFF, 0xFF, 0xF8, 0x00, 0x03, 0xFF, 0xFF,
    0xFF, 0xFF, 0x80, 0x00, 0xFF, 0xFC, 0x01, 0xFF, 0xF8, 0x00, 0x3F, 0xFC, 0x00, 0x07, 0xFF, 0x00,
    0x0F, 0xFE, 0x00, 0x00, 0x3F, 0xF0, 0x03, 0xFF, 0x01, 0xFC, 0x03, 0xFE, 0x00, 0xFF, 0xC0, 0xFF,
    0xE7, 0xFF, 0xE0, 0x1F, 0xF0, 0x7F, 0xFF, 0xFF, 0xFC, 0x07, 0xFC, 0x3F, 0xFF, 0xFF, 0xFF, 0x81,
    0xFF, 0x0F, 0xFF, 0xFF, 0xF7, 0xF8, 0x7F, 0xC3, 0xFF, 0xFF, 0xFE, 0xFF, 0x0F, 0xF0, 0xFF, 0xFF,
    0xFF, 0x9F, 0xE3, 0xFC, 0x3F, 0xF8, 0x7F, 0xF3, 0xFC, 0x7F, 0x8F, 0xFC, 0x07, 0xFC, 0x7F, 0x9F,
    0xE3, 0xFF, 0x00, 0xFF, 0x8F, 0xF3, 0xFC, 0x7F, 0x80, 0x1F, 0xE1, 0xFE, 0x7F, 0x1F, 0xF0, 0x03,
    0xFC, 0x3F, 0xDF, 0xE7, 0xFC, 0x00, 0x7F, 0x07, 0xF3, 0xFC, 0xFF, 0x00, 0x1F, 0xE0, 0xFE, 0x7F,
    0x3F, 0xE0, 0x03, 0xFC, 0x3F, 0xDF, 0xE7, 0xF8, 0x00, 0x7F, 0x07, 0xF3, 0xFC, 0xFF, 0x00, 0x1F,
    0xE0, 0xFE, 0x7F, 0xBF, 0xE0, 0x03, 0xF8, 0x3F, 0xCF, 0xE7, 0xF8, 0x00, 0xFF, 0x0F, 0xF1, 0xFC,
    0xFF, 0x00, 0x3F, 0xC1, 0xFE, 0x3F, 0x9F, 0xE0, 0x07, 0xF8, 0x7F, 0x87, 0xF3, 0xFC, 0x01, 0xFE,
    0x1F, 0xF0, 0xFE, 0x7F, 0x80, 0xFF, 0xCF, 0xFC, 0x1F, 0xEF, 0xF8, 0x3F, 0xFF, 0xFF, 0x03, 0xFD,
    0xFF, 0xFF, 0xFF, 0xFF, 0xC0, 0x7F, 0xBF, 0xFF, 0xFF, 0xFF, 0xF0, 0x0F, 0xFB, 0xFF, 0xFF, 0xFF,
    0xFC, 0x01, 0xFF, 0x7F, 0xFF, 0xFF, 0xFF, 0x00, 0x1F, 0xF7, 0xFF, 0xFF, 0xFF, 0xB0, 0x03, 0xFE,
    0x7F, 0xF8, 0xFF, 0xDE, 0x00, 0x7F, 0xE3, 0xF8, 0x0F, 0xEF, 0xE0, 0x07, 0xFF, 0x00, 0x00, 0x07,
    0xFC, 0x00, 0x7F, 0xF8, 0x00, 0x07, 0xFF, 0xC0, 0x0F, 0xFF, 0xE0, 0x07, 0xFF, 0xF0, 0x00, 0xFF,
    0xFF, 0xFF, 0xFF, 0xFC, 0x00, 0x0F, 0xFF, 0xFF, 0xFF, 0xFE, 0x00, 0x00, 0xFF, 0xFF, 0xFF, 0xFF,
    0x00, 0x00, 0x07, 0xFF, 0xFF, 0xFF, 0x80, 0x00, 0x00, 0x7F, 0xFF, 0xFF, 0xC0, 0x00, 0x00, 0x01,
    0xFF, 0xFF, 0xC0, 0x00, 0x00, 0x00, 0x07, 0xFF, 0x80, 0x00, 0x00, 0x00, 0x00, 0x00, 0x00, 0x0F,
    0xF0, 0x00, 0x00, 0x00, 0x00, 0x3F, 0xE0, 0x00, 0x00, 0x00, 0x00, 0x7F, 0xC0, 0x00, 0x00, 0x00,
    0x01, 0xFF, 0xC0, 0x00, 0x00, 0x00, 0x03, 0xFF, 0x80, 0x00, 0x00, 0x00, 0x0F, 0xFF, 0x00, 0x00,
    0x00, 0x00, 0x1F, 0xFE, 0x00, 0x00, 0x00, 0x00, 0x7F, 0xFC, 0x00, 0x00, 0x00, 0x00, 0xFF, 0xF8,
    0x00, 0x00, 0x00, 0x03, 0xFF, 0xF8, 0x00, 0x00, 0x00, 0x07, 0xFF, 0xF0, 0x00, 0x00, 0x00, 0x1F,
    0xFF, 0xE0, 0x00, 0x00, 0x00, 0x7F, 0xFF, 0xC0, 0x00, 0x00, 0x00, 0xFF, 0x7F, 0x80, 0x00, 0x00,
    0x03, 0xFE, 0xFF, 0x00, 0x00, 0x00, 0x07, 0xF9, 0xFF, 0x00, 0x00, 0x00, 0x1F, 0xF3, 0xFE, 0x00,
    0x00, 0x00, 0x3F, 0xC7, 0xFC, 0x00, 0x00, 0x00, 0xFF, 0x8F, 0xF8, 0x00, 0x00, 0x01, 0xFE, 0x1F,
    0xF0, 0x00, 0x00, 0x07, 0xF8, 0x3F, 0xE0, 0x00, 0x00, 0x0F, 0xF0, 0x3F, 0xE0, 0x00, 0x00, 0x3F,
    0xC0, 0x7F, 0xC0, 0x00, 0x00, 0x7F, 0x80, 0xFF, 0x80, 0x00, 0x01, 0xFE, 0x01, 0xFF, 0x00, 0x00,
    0x07, 0xFC, 0x03, 0xFE, 0x00, 0x00, 0x0F, 0xFF, 0xFF, 0xFC, 0x00, 0x00, 0x3F, 0xFF, 0xFF, 0xFC,
    0x00, 0x00, 0x7F, 0xFF, 0xFF, 0xF8, 0x00, 0x01, 0xFF, 0xFF, 0xFF, 0xF0, 0x00, 0x03, 0xFF, 0xFF,
    0xFF, 0xE0, 0x00, 0x0F, 0xFF, 0xFF, 0xFF, 0xC0, 0x00, 0x1F, 0xFF, 0xFF, 0xFF, 0x80, 0x00, 0x7F,
    0x80, 0x00, 0xFF, 0x80, 0x00, 0xFF, 0x00, 0x01, 0xFF, 0x00, 0x03, 0xFC, 0x00, 0x03, 0xFE, 0x00,
    0x0F, 0xF8, 0x00, 0x07, 0xFC, 0x00, 0x1F, 0xE0, 0x00, 0x0F, 0xF8, 0x00, 0x7F, 0xC0, 0x00, 0x1F,
    0xF0, 0x00, 0xFF, 0x00, 0x00, 0x3F, 0xF0, 0x03, 0xFE, 0x00, 0x00, 0x3F, 0xE0, 0x07, 0xF8, 0x00,
    0x00, 0x7F, 0xC0, 0xFF, 0xE0, 0x00, 0x00, 0xFF, 0xFB, 0xFF, 0xC0, 0x00, 0x01, 0xFF, 0xF7, 0xFF,
    0x00, 0x00, 0x03, 0xFF, 0xEF, 0xFE, 0x00, 0x00, 0x07, 0xFF, 0xFF, 0xF8, 0x00, 0x00, 0x07, 0xFF,
    0xFF, 0xF0, 0x00, 0x00, 0x0F, 0xFE, 0x7F, 0xC0, 0x00, 0x00, 0x1F, 0xFC, 0x00, 0x7F, 0xFF, 0xFF,
    0x80, 0x00, 0x1F, 0xFF, 0xFF, 0xFF, 0x00, 0x03, 0xFF, 0xFF, 0xFF, 0xF8, 0x00, 0x7F, 0xFF, 0xFF,
    0xFF, 0x80, 0x0F, 0xFF, 0xFF, 0xFF, 0xF8, 0x01, 0xFF, 0xFF, 0xFF, 0xFF, 0x80, 0x3F, 0xFF, 0xFF,
    0xFF, 0xF0, 0x00, 0xFF, 0x80, 0x1F, 0xFE, 0x00, 0x1F, 0xE0, 0x00, 0xFF, 0xE0, 0x03, 0xFC, 0x00,
    0x0F, 0xFC, 0x00, 0x7F, 0x80, 0x01, 0xFF, 0x80, 0x1F, 0xF0, 0x00, 0x3F, 0xF0, 0x03, 0xFE, 0x00,
    0x03, 0xFE, 0x00, 0x7F, 0xC0, 0x00, 0xFF, 0x80, 0x0F, 0xF0, 0x00, 0x1F, 0xF0, 0x01, 0xFE, 0x00,
    0x03, 0xFE, 0x00, 0x3F, 0xC0, 0x00, 0xFF, 0x80, 0x0F, 0xF8, 0x00, 0x3F, 0xF0, 0x01, 0xFF, 0x00,
    0x0F, 0xFC, 0x00, 0x3F, 0xE0, 0x07, 0xFF, 0x80, 0x07, 0xFF, 0xFF, 0xFF, 0xE0, 0x00, 0xFF, 0xFF,
    0xFF, 0xF8, 0x00, 0x3F, 0xFF, 0xFF, 0xFC, 0x00, 0x07, 0xFF, 0xFF, 0xFF, 0x80, 0x00, 0xFF, 0xFF,
    0xFF, 0xFC, 0x00, 0x1F, 0xFF, 0xFF, 0xFF, 0xC0, 0x03, 0xFF, 0xFF, 0xFF, 0xF8, 0x00, 0x7F, 0x80,
    0x07, 0xFF, 0x80, 0x1F, 0xF0, 0x00, 0x3F, 0xF0, 0x03, 0xFE, 0x00, 0x03, 0xFF, 0x00, 0x7F, 0xC0,
    0x00, 0x7F, 0xE0, 0x0F, 0xF0, 0x00, 0x07, 0xFC, 0x01, 0xFE, 0x00, 0x00, 0xFF, 0x80, 0x3F, 0xC0,
    0x00, 0x1F, 0xF0, 0x0F, 0xF8, 0x00, 0x03, 0xFE, 0x01, 0xFF, 0x00, 0x00, 0xFF, 0xC0, 0x3F, 0xE0,
    0x00, 0x1F, 0xF0, 0x07, 0xF8, 0x00, 0x03, 0xFE, 0x00, 0xFF, 0x00, 0x00, 0xFF, 0xC0, 0x3F, 0xE0,
    0x00, 0x3F, 0xF0, 0x07, 0xFC, 0x00, 0x0F, 0xFE, 0x00, 0xFF, 0x80, 0x0F, 0xFF, 0x81, 0xFF, 0xFF,
    0xFF, 0xFF, 0xE0, 0x3F, 0xFF, 0xFF, 0xFF, 0xF8, 0x07, 0xFF, 0xFF, 0xFF, 0xFE, 0x00, 0xFF, 0xFF,
    0xFF, 0xFF, 0x80, 0x3F, 0xFF, 0xFF, 0xFF, 0xC0, 0x07, 0xFF, 0xFF, 0xFF, 0xC0, 0x00, 0xFF, 0xFF,
    0xFF, 0x80, 0x00, 0x00, 0x00, 0x00, 0x01, 0xFF, 0xC0, 0x00, 0x00, 0x07, 0xFF, 0xFF, 0x00, 0x00,
    0x07, 0xFF, 0xFF, 0xF8, 0x00, 0x07, 0xFF, 0xFF, 0xFF, 0x00, 0x07, 0xFF, 0xFF, 0xFF, 0xC0, 0x03,
    0xFF, 0xFF, 0xFF, 0xE0, 0x01, 0xFF, 0xFF, 0xFF, 0xF0, 0x00, 0xFF, 0xF8, 0x03, 0xFC, 0x00, 0x7F,
    0xF8, 0x00, 0x1E, 0x00, 0x3F, 0xF8, 0x00, 0x00, 0x00, 0x1F, 0xF8, 0x00, 0x00, 0x00, 0x0F, 0xFC,
    0x00, 0x00, 0x00, 0x07, 0xFE, 0x00, 0x00, 0x00, 0x01, 0xFF, 0x00, 0x00, 0x00, 0x00, 0xFF, 0xC0,
    0x00, 0x00, 0x00, 0x3F, 0xE0, 0x00, 0x00, 0x00, 0x1F, 0xF0, 0x00, 0x00, 0x00, 0x07, 0xFC, 0x00,
    0x00, 0x00, 0x03, 0xFE, 0x00, 0x00, 0x00, 0x00, 0xFF, 0x80, 0x00, 0x00, 0x00, 0x3F, 0xE0, 0x00,
    0x00, 0x00, 0x1F, 0xF0, 0x00, 0x00, 0x00, 0x07, 0xFC, 0x00, 0x00, 0x00, 0x01, 0xFF, 0x00, 0x00,
    0x00, 0x00, 0x7F, 0xC0, 0x00, 0x00, 0x00, 0x3F, 0xE0, 0x00, 0x00, 0x00, 0x0F, 0xF8, 0x00, 0x00,
    0x00, 0x03, 0xFE, 0x00, 0x00, 0x00, 0x00, 0xFF, 0x80, 0x00, 0x00, 0x00, 0x3F, 0xE0, 0x00, 0x00,
    0x00, 0x0F, 0xF8, 0x00, 0x00, 0x00, 0x03, 0xFE, 0x00, 0x00, 0x00, 0x00, 0xFF, 0x80, 0x00, 0x00,
    0x00, 0x3F, 0xF0, 0x00, 0x00, 0x00, 0x0F, 0xFC, 0x00, 0x00, 0x00, 0x03, 0xFF, 0x00, 0x00, 0x00,
    0x00, 0xFF, 0xE0, 0x00, 0x00, 0x00, 0x3F, 0xF8, 0x00, 0x00, 0x00, 0x07, 0xFF, 0x00, 0x00, 0x00,
    0x01, 0xFF, 0xE0, 0x00, 0x00, 0x00, 0x7F, 0xFC, 0x00, 0x00, 0xE0, 0x0F, 0xFF, 0x80, 0x00, 0xF8,
    0x03, 0xFF, 0xF8, 0x03, 0xFE, 0x00, 0x7F, 0xFF, 0xFF, 0xFF, 0x80, 0x0F, 0xFF, 0xFF, 0xFF, 0xE0,
    0x01, 0xFF, 0xFF, 0xFF, 0xF0, 0x00, 0x3F, 0xFF, 0xFF, 0xFC, 0x00, 0x07, 0xFF, 0xFF, 0xFF, 0x00,
    0x00, 0xFF, 0xFF, 0xFF, 0x00, 0x00, 0x0F, 0xFF, 0xFE, 0x00, 0x00, 0x00, 0x3F, 0xF8, 0x00, 0x00,
    0x00, 0x7F, 0xFF, 0xFE, 0x00, 0x00, 0x01, 0xFF, 0xFF, 0xFF, 0xC0, 0x00, 0x03, 0xFF, 0xFF, 0xFF,
    0xE0, 0x00, 0x07, 0xFF, 0xFF, 0xFF, 0xF0, 0x00, 0x0F, 0xFF, 0xFF, 0xFF, 0xF0, 0x00, 0x1F, 0xFF,
    0xFF, 0xFF, 0xF0, 0x00, 0x3F, 0xFF, 0xFF, 0xFF, 0xF0, 0x00, 0x0F, 0xF8, 0x07, 0xFF, 0xF0, 0x00,
    0x1F, 0xF0, 0x01, 0xFF, 0xF0, 0x00, 0x3F, 0xE0, 0x01, 0xFF, 0xE0, 0x00, 0x7F, 0x80, 0x00, 0xFF,
    0xE0, 0x00, 0xFF, 0x00, 0x01, 0xFF, 0xC0, 0x03, 0xFE, 0x00, 0x01, 0xFF, 0xC0, 0x07, 0xFC, 0x00,
    0x01, 0xFF, 0x80, 0x0F, 0xF8, 0x00, 0x03, 0xFF, 0x00, 0x1F, 0xE0, 0x00, 0x03, 0xFE, 0x00, 0x3F,
    0xC0, 0x00, 0x07, 0xFC, 0x00, 0x7F, 0x80, 0x00, 0x0F, 0xFC, 0x01, 0xFF, 0x00, 0x00, 0x1F, 0xF8,
    0x03, 0xFE, 0x00, 0x00, 0x3F, 0xF0, 0x07, 0xFC, 0x00, 0x00, 0x7F, 0xE0, 0x0F, 0xF0, 0x00, 0x00,
    0xFF, 0x80, 0x1F, 0xE0, 0x00, 0x01, 0xFF, 0x00, 0x7F, 0xC0, 0x00, 0x03, 0xFE, 0x00, 0xFF, 0x80,
    0x00, 0x07, 0xFC, 0x01, 0xFF, 0x00, 0x00, 0x0F, 0xF8, 0x03, 0xFE, 0x00, 0x00, 0x1F, 0xF0, 0x07,
    0xF8, 0x00, 0x00, 0x7F, 0xC0, 0x0F, 0xF0, 0x00, 0x00, 0xFF, 0x80, 0x3F, 0xE0, 0x00, 0x01, 0xFF,
    0x00, 0x7F, 0xC0, 0x00, 0x07, 0xFC, 0x00, 0xFF, 0x80, 0x00, 0x0F, 0xF8, 0x01, 0xFF, 0x00, 0x00,
    0x3F, 0xF0, 0x03, 0xFC, 0x00, 0x00, 0xFF, 0xC0, 0x07, 0xF8, 0x00, 0x01, 0xFF, 0x80, 0x1F, 0xF0,
    0x00, 0x07, 0xFE, 0x00, 0x3F, 0xE0, 0x00, 0x1F, 0xF8, 0x00, 0x7F, 0xC0, 0x00, 0x7F, 0xF0, 0x00,
    0xFF, 0x00, 0x01, 0xFF, 0xC0, 0x01, 0xFE, 0x00, 0x0F, 0xFF, 0x00, 0x07, 0xFC, 0x00, 0x3F, 0xFC,
    0x00, 0x0F, 0xF8, 0x03, 0xFF, 0xF0, 0x01, 0xFF, 0xFF, 0xFF, 0xFF, 0xC0, 0x03, 0xFF, 0xFF, 0xFF,
    0xFF, 0x00, 0x07, 0xFF, 0xFF, 0xFF, 0xF8, 0x00, 0x0F, 0xFF, 0xFF, 0xFF, 0xE0, 0x00, 0x3F, 0xFF,
    0xFF, 0xFE, 0x00, 0x00, 0x7F, 0xFF, 0xFF, 0xF0, 0x00, 0x00, 0x7F, 0xFF, 0xFE, 0x00, 0x00, 0x00,
    0x00, 0x7F, 0xFF, 0xFF, 0xFF, 0x80, 0x7F, 0xFF, 0xFF, 0xFF, 0xC0, 0x3F, 0xFF, 0xFF, 0xFF, 0xE0,
    0x1F, 0xFF, 0xFF, 0xFF, 0xF0, 0x0F, 0xFF, 0xFF, 0xFF, 0xF8, 0x07, 0xFF, 0xFF, 0xFF, 0xFC, 0x03,
    0xFF, 0xFF, 0xFF, 0xFC, 0x00, 0x3F, 0xE0, 0x00, 0x00, 0x00, 0x1F, 0xF0, 0x00, 0x00, 0x00, 0x0F,
    0xF0, 0x00, 0x00, 0x00, 0x07, 0xF8, 0x00, 0x00, 0x00, 0x03, 0xFC, 0x00, 0x00, 0x00, 0x03, 0xFE,
    0x00, 0x00, 0x00, 0x01, 0xFF, 0x00, 0x00, 0x00, 0x00, 0xFF, 0x80, 0x00, 0x00, 0x00, 0x7F, 0x80,
    0x00, 0x00, 0x00, 0x3F, 0xC0, 0x00, 0x00, 0x00, 0x1F, 0xE0, 0x00, 0x00, 0x00, 0x1F, 0xF0, 0x00,
    0x00, 0x00, 0x0F, 0xF8, 0x00, 0x00, 0x00, 0x07, 0xFF, 0xFF, 0xFF, 0x00, 0x03, 0xFF, 0xFF, 0xFF,
    0x80, 0x01, 0xFF, 0xFF, 0xFF, 0xC0, 0x01, 0xFF, 0xFF, 0xFF, 0xE0, 0x00, 0xFF, 0xFF, 0xFF, 0xF0,
    0x00, 0x7F, 0xFF, 0xFF, 0xF0, 0x00, 0x3F, 0xFF, 0xFF, 0xF8, 0x00, 0x1F, 0xE0, 0x00, 0x00, 0x00,
    0x0F, 0xF0, 0x00, 0x00, 0x00, 0x0F, 0xF8, 0x00, 0x00, 0x00, 0x07, 0xFC, 0x00, 0x00, 0x00, 0x03,
    0xFE, 0x00, 0x00, 0x00, 0x01, 0xFE, 0x00, 0x00, 0x00, 0x00, 0xFF, 0x00, 0x00, 0x00, 0x00, 0x7F,
    0x80, 0x00, 0x00, 0x00, 0x7F, 0xC0, 0x00, 0x00, 0x00, 0x3F, 0xE0, 0x00, 0x00, 0x00, 0x1F, 0xF0,
    0x00, 0x00, 0x00, 0x0F, 0xF0, 0x00, 0x00, 0x00, 0x07, 0xF8, 0x00, 0x00, 0x00, 0x07, 0xFC, 0x00,
    0x00, 0x00, 0x03, 0xFE, 0x00, 0x00, 0x00, 0x1F, 0xFF, 0xFF, 0xFF, 0xFC, 0x0F, 0xFF, 0xFF, 0xFF,
    0xFE, 0x07, 0xFF, 0xFF, 0xFF, 0xFF, 0x03, 0xFF, 0xFF, 0xFF, 0xFF, 0x83, 0xFF, 0xFF, 0xFF, 0xFF,
    0xC1, 0xFF, 0xFF, 0xFF, 0xFF, 0xE0, 0x7F, 0xFF, 0xFF, 0xFF, 0xE0, 0x00, 0x00, 0xFF, 0xFF, 0xFF,
    0xFF, 0x80, 0x7F, 0xFF, 0xFF, 0xFF, 0xC0, 0x3F, 0xFF, 0xFF, 0xFF, 0xE0, 0x1F, 0xFF, 0xFF, 0xFF,
    0xF0, 0x1F, 0xFF, 0xFF, 0xFF, 0xF8, 0x0F, 0xFF, 0xFF, 0xFF, 0xFC, 0x07, 0xFF, 0xFF, 0xFF, 0xFC,
    0x00, 0x3F, 0xC0, 0x00, 0x00, 0x00, 0x1F, 0xE0, 0x00, 0x00, 0x00, 0x1F, 0xF0, 0x00, 0x00, 0x00,
    0x0F, 0xF8, 0x00, 0x00, 0x00, 0x07, 0xFC, 0x00, 0x00, 0x00, 0x03, 0xFC, 0x00, 0x00, 0x00, 0x01,
    0xFE, 0x00, 0x00, 0x00, 0x00, 0xFF, 0x00, 0x00, 0x00, 0x00, 0xFF, 0x80, 0x00, 0x00, 0x00, 0x7F,
    0xC0, 0x00, 0x00, 0x00, 0x3F, 0xC0, 0x00, 0x00, 0x00, 0x1F, 0xE0, 0x00, 0x00, 0x00, 0x0F, 0xFF,
    0xFF, 0xF0, 0x00, 0x07, 0xFF, 0xFF, 0xFC, 0x00, 0x07, 0xFF, 0xFF, 0xFC, 0x00, 0x03, 0xFF, 0xFF,
    0xFE, 0x00, 0x01, 0xFF, 0xFF, 0xFF, 0x00, 0x00, 0xFF, 0xFF, 0xFF, 0x80, 0x00, 0x7F, 0xFF, 0xFF,
    0x80, 0x00, 0x7F, 0xC0, 0x00, 0x00, 0x00, 0x3F, 0xE0, 0x00, 0x00, 0x00, 0x1F, 0xE0, 0x00, 0x00,
    0x00, 0x0F, 0xF0, 0x00, 0x00, 0x00, 0x07, 0xF8, 0x00, 0x00, 0x00, 0x03, 0xFC, 0x00, 0x00, 0x00,
    0x03, 0xFE, 0x00, 0x00, 0x00, 0x01, 0xFF, 0x00, 0x00, 0x00, 0x00, 0xFF, 0x00, 0x00, 0x00, 0x00,
    0x7F, 0x80, 0x00, 0x00, 0x00, 0x3F, 0xC0, 0x00, 0x00, 0x00, 0x1F, 0xE0, 0x00, 0x00, 0x00, 0x1F,
    0xF0, 0x00, 0x00, 0x00, 0x0F, 0xF8, 0x00, 0x00, 0x00, 0x07, 0xF8, 0x00, 0x00, 0x00, 0x03, 0xFC,
    0x00, 0x00, 0x00, 0x1F, 0xFF, 0xE0, 0x00, 0x00, 0x0F, 0xFF, 0xF0, 0x00, 0x00, 0x0F, 0xFF, 0xF8,
    0x00, 0x00, 0x07, 0xFF, 0xFC, 0x00, 0x00, 0x03, 0xFF, 0xFE, 0x00, 0x00, 0x01, 0xFF, 0xFF, 0x00,
    0x00, 0x00, 0xFF, 0xFF, 0x00, 0x00, 0x00, 0x00, 0x00, 0x00, 0x01, 0xFF, 0xC0, 0x00, 0x00, 0x07,
    0xFF, 0xFF, 0x00, 0x00, 0x07, 0xFF, 0xFF, 0xF8, 0x00, 0x07, 0xFF, 0xFF, 0xFF, 0x00, 0x07, 0xFF,
    0xFF, 0xFF, 0xC0, 0x03, 0xFF, 0xFF, 0xFF, 0xF0, 0x01, 0xFF, 0xFF, 0xFF, 0xF8, 0x00, 0xFF, 0xFC,
    0x03, 0xFC, 0x00, 0x7F, 0xF8, 0x00, 0x1F, 0x00, 0x3F, 0xF8, 0x00, 0x01, 0x80, 0x1F, 0xFC, 0x00,
    0x00, 0x00, 0x0F, 0xFE, 0x00, 0x00, 0x00, 0x03, 0xFF, 0x00, 0x00, 0x00, 0x01, 0xFF, 0x80, 0x00,
    0x00, 0x00, 0x7F, 0xC0, 0x00, 0x00, 0x00, 0x3F, 0xE0, 0x00, 0x00, 0x00, 0x0F, 0xF8, 0x00, 0x00,
    0x00, 0x07, 0xFC, 0x00, 0x00, 0x00, 0x01, 0xFF, 0x00, 0x00, 0x00, 0x00, 0xFF, 0x80, 0x00, 0x00,
    0x00, 0x3F, 0xE0, 0x00, 0x00, 0x00, 0x0F, 0xF8, 0x00, 0x00, 0x00, 0x07, 0xFC, 0x00, 0x00, 0x00,
    0x01, 0xFF, 0x00, 0x00, 0x3F, 0xFC, 0x7F, 0xC0, 0x00, 0x1F, 0xFF, 0x1F, 0xF0, 0x00, 0x07, 0xFF,
    0xC7, 0xFC, 0x00, 0x01, 0xFF, 0xF3, 0xFE, 0x00, 0x00, 0x7F, 0xFC, 0xFF, 0x80, 0x00, 0x1F, 0xFF,
    0x3F, 0xE0, 0x00, 0x07, 0xFF, 0x8F, 0xF8, 0x00, 0x00, 0x1F, 0xE3, 0xFF, 0x00, 0x00, 0x07, 0xF8,
    0xFF, 0xC0, 0x00, 0x03, 0xFE, 0x3F, 0xF0, 0x00, 0x00, 0xFF, 0x8F, 0xFC, 0x00, 0x00, 0x3F, 0xC3,
    0xFF, 0x00, 0x00, 0x0F, 0xF0, 0x7F, 0xE0, 0x00, 0x03, 0xFC, 0x1F, 0xF8, 0x00, 0x01, 0xFF, 0x07,
    0xFF, 0x00, 0x00, 0x7F, 0xC1, 0xFF, 0xE0, 0x00, 0x1F, 0xF0, 0x3F, 0xFC, 0x00, 0x07, 0xF8, 0x0F,
    0xFF, 0x80, 0x01, 0xFE, 0x01, 0xFF, 0xFC, 0x01, 0xFF, 0x80, 0x7F, 0xFF, 0xFF, 0xFF, 0xE0, 0x0F,
    0xFF, 0xFF, 0xFF, 0xF8, 0x01, 0xFF, 0xFF, 0xFF, 0xFE, 0x00, 0x3F, 0xFF, 0xFF, 0xFF, 0x00, 0x07,
    0xFF, 0xFF, 0xFF, 0x80, 0x00, 0x7F, 0xFF, 0xFF, 0x00, 0x00, 0x07, 0xFF, 0xFE, 0x00, 0x00, 0x00,
    0x3F, 0xF8, 0x00, 0x00, 0x00, 0xFF, 0xF0, 0x00, 0x00, 0x7F, 0xF8, 0x07, 0xFF, 0x80, 0x00, 0x03,
    0xFF, 0xC0, 0x3F, 0xFC, 0x00, 0x00, 0x1F, 0xFE, 0x01, 0xFF, 0xE0, 0x00, 0x00, 0xFF, 0xF0, 0x1F,
    0xFF, 0x00, 0x00, 0x0F, 0xFF, 0x80, 0xFF, 0xF8, 0x00, 0x00, 0x7F, 0xFC, 0x07, 0xFF, 0xC0, 0x00,
    0x03, 0xFF, 0xC0, 0x03, 0xFC, 0x00, 0x00, 0x1F, 0xE0, 0x00, 0x1F, 0xE0, 0x00, 0x00, 0xFF, 0x00,
    0x01, 0xFF, 0x00, 0x00, 0x0F, 0xF8, 0x00, 0x0F, 0xF8, 0x00, 0x00, 0x7F, 0xC0, 0x00, 0x7F, 0xC0,
    0x00, 0x03, 0xFE, 0x00, 0x03, 0xFC, 0x00, 0x00, 0x1F, 0xF0, 0x00, 0x1F, 0xE0, 0x00, 0x00, 0xFF,
    0x00, 0x01, 0xFF, 0x00, 0x00, 0x07, 0xF8, 0x00, 0x0F, 0xF8, 0x00, 0x00, 0x7F, 0xC0, 0x00, 0x7F,
    0xC0, 0x00, 0x03, 0xFE, 0x00, 0x03, 0xFE, 0x00, 0x00, 0x1F, 0xF0, 0x00, 0x1F, 0xE0, 0x00, 0x00,
    0xFF, 0x00, 0x00, 0xFF, 0x00, 0x00, 0x07, 0xF8, 0x00, 0x0F, 0xFF, 0xFF, 0xFF, 0xFF, 0xC0, 0x00,
    0x7F, 0xFF, 0xFF, 0xFF, 0xFE, 0x00, 0x03, 0xFF, 0xFF, 0xFF, 0xFF, 0xF0, 0x00, 0x1F, 0xFF, 0xFF,
    0xFF, 0xFF, 0x80, 0x00, 0xFF, 0xFF, 0xFF, 0xFF, 0xF8, 0x00, 0x07, 0xFF, 0xFF, 0xFF, 0xFF, 0xC0,
    0x00, 0x7F, 0xFF, 0xFF, 0xFF, 0xFE, 0x00, 0x03, 0xFE, 0x00, 0x00, 0x1F, 0xF0, 0x00, 0x1F, 0xF0,
    0x00, 0x00, 0xFF, 0x80, 0x00, 0xFF, 0x00, 0x00, 0x07, 0xFC, 0x00, 0x07, 0xF8, 0x00, 0x00, 0x3F,
    0xC0, 0x00, 0x3F, 0xC0, 0x00, 0x01, 0xFE, 0x00, 0x03, 0xFE, 0x00, 0x00, 0x1F, 0xF0, 0x00, 0x1F,
    0xF0, 0x00, 0x00, 0xFF, 0x80, 0x00, 0xFF, 0x80, 0x00, 0x07, 0xFC, 0x00, 0x07, 0xF8, 0x00, 0x00,
    0x3F, 0xC0, 0x00, 0x3F, 0xC0, 0x00, 0x01, 0xFE, 0x00, 0x03, 0xFE, 0x00, 0x00, 0x1F, 0xF0, 0x00,
    0x1F, 0xF0, 0x00, 0x00, 0xFF, 0x80, 0x00, 0xFF, 0x80, 0x00, 0x07, 0xFC, 0x00, 0x07, 0xF8, 0x00,
    0x00, 0x3F, 0xE0, 0x00, 0x3F, 0xC0, 0x00, 0x01, 0xFE, 0x00, 0x1F, 0xFE, 0x00, 0x00, 0x0F, 0xFF,
    0x00, 0xFF, 0xF0, 0x00, 0x00, 0xFF, 0xF8, 0x0F, 0xFF, 0x80, 0x00, 0x07, 0xFF, 0xC0, 0x7F, 0xFC,
    0x00, 0x00, 0x3F, 0xFE, 0x03, 0xFF, 0xC0, 0x00, 0x01, 0xFF, 0xE0, 0x1F, 0xFE, 0x00, 0x00, 0x0F,
    0xFF, 0x00, 0xFF, 0xF0, 0x00, 0x00, 0x7F, 0xF8, 0x00, 0x00, 0xFF, 0xFE, 0x01, 0xFF, 0xFC, 0x03,
    0xFF, 0xF8, 0x07, 0xFF, 0xF0, 0x1F, 0xFF, 0xE0, 0x3F, 0xFF, 0xC0, 0x7F, 0xFF, 0x00, 0x1F, 0xF0,
    0x00, 0x3F, 0xC0, 0x00, 0x7F, 0x80, 0x00, 0xFF, 0x00, 0x01, 0xFE, 0x00, 0x03, 0xFC, 0x00, 0x0F,
    0xF8, 0x00, 0x1F, 0xE0, 0x00, 0x3F, 0xC0, 0x00, 0x7F, 0x80, 0x00, 0xFF, 0x00, 0x01, 0xFE, 0x00,
    0x07, 0xFC, 0x00, 0x0F, 0xF0, 0x00, 0x1F, 0xE0, 0x00, 0x3F, 0xC0, 0x00, 0x7F, 0x80, 0x01, 0xFF,
    0x00, 0x03, 0xFC, 0x00, 0x07, 0xF8, 0x00, 0x0F, 0xF0, 0x00, 0x1F, 0xE0, 0x00, 0x3F, 0xC0, 0x00,
    0xFF, 0x80, 0x01, 0xFE, 0x00, 0x03, 0xFC, 0x00, 0x07, 0xF8, 0x00, 0x0F, 0xF0, 0x00, 0x1F, 0xE0,
    0x00, 0x7F, 0xC0, 0x00, 0xFF, 0x00, 0x01, 0xFE, 0x00, 0x03, 0xFC, 0x00, 0x07, 0xF8, 0x00, 0x1F,
    0xF0, 0x01, 0xFF, 0xFC, 0x07, 0xFF, 0xF8, 0x0F, 0xFF, 0xF0, 0x1F, 0xFF, 0xE0, 0x3F, 0xFF, 0x80,
    0x7F, 0xFF, 0x00, 0xFF, 0xFE, 0x00, 0x00, 0x00, 0xFF, 0xFF, 0x00, 0x00, 0xFF, 0xFF, 0x00, 0x00,
    0xFF, 0xFF, 0x00, 0x00, 0xFF, 0xFF, 0x00, 0x01, 0xFF, 0xFF, 0x00, 0x01, 0xFF, 0xFF, 0x00, 0x01,
    0xFF, 0xFE, 0x00, 0x00, 0x1F, 0xE0, 0x00, 0x00, 0x1F, 0xE0, 0x00, 0x00, 0x1F, 0xE0, 0x00, 0x00,
    0x3F, 0xE0, 0x00, 0x00, 0x3F, 0xE0, 0x00, 0x00, 0x3F, 0xC0, 0x00, 0x00, 0x3F, 0xC0, 0x00, 0x00,
    0x3F, 0xC0, 0x00, 0x00, 0x3F, 0xC0, 0x00, 0x00, 0x7F, 0xC0, 0x00, 0x00, 0x7F, 0x80, 0x00, 0x00,
    0x7F, 0x80, 0x00, 0x00, 0x7F, 0x80, 0x00, 0x00, 0x7F, 0x80, 0x00, 0x00, 0xFF, 0x80, 0x00, 0x00,
    0xFF, 0x80, 0x00, 0x00, 0xFF, 0x00, 0x00, 0x00, 0xFF, 0x00, 0x00, 0x00, 0xFF, 0x00, 0x00, 0x00,
    0xFF, 0x00, 0x00, 0x01, 0xFF, 0x00, 0x00, 0x01, 0xFF, 0x00, 0x00, 0x01, 0xFE, 0x00, 0x00, 0x01,
    0xFE, 0x00, 0x00, 0x01, 0xFE, 0x00, 0x00, 0x01, 0xFE, 0x00, 0x00, 0x03, 0xFE, 0x00, 0x00, 0x03,
    0xFC, 0x00, 0x00, 0x03, 0xFC, 0x00, 0x00, 0x03, 0xFC, 0x00, 0x00, 0x03, 0xFC, 0x00, 0x00, 0x03,
    0xFC, 0x00, 0x00, 0x07, 0xFC, 0x00, 0x00, 0x07, 0xF8, 0x00, 0x30, 0x0F, 0xF8, 0x00, 0x7C, 0x1F,
    0xF8, 0x00, 0x7F, 0xFF, 0xF0, 0x00, 0x7F, 0xFF, 0xF0, 0x00, 0x7F, 0xFF, 0xE0, 0x00, 0x7F, 0xFF,
    0xC0, 0x00, 0xFF, 0xFF, 0x80, 0x00, 0x7F, 0xFE, 0x00, 0x00, 0x0F, 0xF8, 0x00, 0x00, 0x00, 0x7F,
    0xF0, 0x00, 0x03, 0xFF, 0x80, 0x7F, 0xFC, 0x00, 0x03, 0xFF, 0xC0, 0x3F, 0xFE, 0x00, 0x03, 0xFF,
    0xE0, 0x1F, 0xFE, 0x00, 0x03, 0xFF, 0xF0, 0x0F, 0xFF, 0x00, 0x03, 0xFF, 0xF8, 0x07, 0xFF, 0x80,
    0x03, 0xFF, 0xFC, 0x03, 0xFF, 0xC0, 0x03, 0xFF, 0xFC, 0x00, 0x3F, 0xE0, 0x03, 0xFF, 0x00, 0x00,
    0x1F, 0xF0, 0x07, 0xFF, 0x00, 0x00, 0x0F, 0xF0, 0x07, 0xFF, 0x00, 0x00, 0x07, 0xF8, 0x07, 0xFE,
    0x00, 0x00, 0x07, 0xFC, 0x07, 0xFE, 0x00, 0x00, 0x03, 0xFE, 0x07, 0xFE, 0x00, 0x00, 0x01, 0xFF,
    0x07, 0xFE, 0x00, 0x00, 0x00, 0xFF, 0x07, 0xFE, 0x00, 0x00, 0x00, 0x7F, 0x87, 0xFE, 0x00, 0x00,
    0x00, 0x3F, 0xC7, 0xFE, 0x00, 0x00, 0x00, 0x3F, 0xE7, 0xFE, 0x00, 0x00, 0x00, 0x1F, 0xF7, 0xFE,
    0x00, 0x00, 0x00, 0x0F, 0xFF, 0xFF, 0x80, 0x00, 0x00, 0x07, 0xFF, 0xFF, 0xC0, 0x00, 0x00, 0x03,
    0xFF, 0xFF, 0xE0, 0x00, 0x00, 0x03, 0xFF, 0xFF, 0xF8, 0x00, 0x00, 0x01, 0xFF, 0xFF, 0xFC, 0x00,
    0x00, 0x00, 0xFF, 0xFF, 0xFF, 0x00, 0x00, 0x00, 0x7F, 0xFD, 0xFF, 0x80, 0x00, 0x00, 0x3F, 0xFC,
    0xFF, 0xE0, 0x00, 0x00, 0x1F, 0xFC, 0x3F, 0xF0, 0x00, 0x00, 0x1F, 0xFC, 0x1F, 0xF8, 0x00, 0x00,
    0x0F, 0xFC, 0x07, 0xFE, 0x00, 0x00, 0x07, 0xFC, 0x03, 0xFF, 0x00, 0x00, 0x03, 0xFC, 0x00, 0xFF,
    0xC0, 0x00, 0x01, 0xFE, 0x00, 0x7F, 0xE0, 0x00, 0x00, 0xFF, 0x00, 0x3F, 0xF8, 0x00, 0x00, 0xFF,
    0x80, 0x0F, 0xFC, 0x00, 0x00, 0x7F, 0xC0, 0x07, 0xFE, 0x00, 0x00, 0x3F, 0xE0, 0x01, 0xFF, 0x80,
    0x00, 0x1F, 0xE0, 0x00, 0xFF, 0xC0, 0x00, 0x0F, 0xF0, 0x00, 0x3F, 0xF0, 0x00, 0x0F, 0xF8, 0x00,
    0x1F, 0xF8, 0x00, 0x07, 0xFC, 0x00, 0x0F, 0xFE, 0x00, 0x03, 0xFE, 0x00, 0x03, 0xFF, 0x00, 0x1F,
    0xFE, 0x00, 0x01, 0xFF, 0xFC, 0x0F, 0xFF, 0x00, 0x00, 0x7F, 0xFE, 0x07, 0xFF, 0x80, 0x00, 0x3F,
    0xFF, 0x07, 0xFF, 0xC0, 0x00, 0x1F, 0xFF, 0x83, 0xFF, 0xE0, 0x00, 0x07, 0xFF, 0xC1, 0xFF, 0xF0,
    0x00, 0x03, 0xFF, 0xC0, 0xFF, 0xF0, 0x00, 0x00, 0xFF, 0xE0, 0x00, 0x00, 0x7F, 0xFF, 0x80, 0x00,
    0x0F, 0xFF, 0xF8, 0x00, 0x00, 0xFF, 0xFF, 0x80, 0x00, 0x0F, 0xFF, 0xF8, 0x00, 0x00, 0xFF, 0xFF,
    0x80, 0x00, 0x0F, 0xFF, 0xF0, 0x00, 0x00, 0xFF, 0xFF, 0x00, 0x00, 0x01, 0xFF, 0x00, 0x00, 0x00,
    0x1F, 0xE0, 0x00, 0x00, 0x01, 0xFE, 0x00, 0x00, 0x00, 0x1F, 0xE0, 0x00, 0x00, 0x03, 0xFE, 0x00,
    0x00, 0x00, 0x3F, 0xE0, 0x00, 0x00, 0x03, 0xFE, 0x00, 0x00, 0x00, 0x3F, 0xC0, 0x00, 0x00, 0x03,
    0xFC, 0x00, 0x00, 0x00, 0x3F, 0xC0, 0x00, 0x00, 0x07, 0xFC, 0x00, 0x00, 0x00, 0x7F, 0xC0, 0x00,
    0x00, 0x07, 0xFC, 0x00, 0x00, 0x00, 0x7F, 0x80, 0x00, 0x00, 0x07, 0xF8, 0x00, 0x00, 0x00, 0xFF,
    0x80, 0x00, 0x00, 0x0F, 0xF8, 0x00, 0x00, 0x00, 0xFF, 0x80, 0x00, 0x00, 0x0F, 0xF8, 0x00, 0x00,
    0x00, 0xFF, 0x00, 0x00, 0x00, 0x0F, 0xF0, 0x00, 0x00, 0x01, 0xFF, 0x00, 0x00, 0x00, 0x1F, 0xF0,
    0x00, 0x00, 0x01, 0xFF, 0x00, 0x00, 0x00, 0x1F, 0xE0, 0x00, 0x00, 0x01, 0xFE, 0x00, 0x00, 0x00,
    0x1F, 0xE0, 0x00, 0x00, 0x03, 0xFE, 0x00, 0x00, 0x00, 0x3F, 0xE0, 0x00, 0x00, 0x03, 0xFE, 0x00,
    0x00, 0x00, 0x3F, 0xC0, 0x00, 0x00, 0x03, 0xFC, 0x00, 0x00, 0x00, 0x7F, 0xC0, 0x00, 0x00, 0x07,
    0xFC, 0x00, 0x00, 0x00, 0x7F, 0xC0, 0x00, 0x00, 0x7F, 0xFF, 0xFF, 0xFF, 0xF7, 0xFF, 0xFF, 0xFF,
    0xFF, 0x7F, 0xFF, 0xFF, 0xFF, 0xF7, 0xFF, 0xFF, 0xFF, 0xFF, 0xFF, 0xFF, 0xFF, 0xFF, 0xFF, 0xFF,
    0xFF, 0xFF, 0xFE, 0xFF, 0xFF, 0xFF, 0xFF, 0xE0, 0x00, 0x7F, 0xFE, 0x00, 0x00, 0x00, 0x0F, 0xFF,
    0xC0, 0x3F, 0xFF, 0x80, 0x00, 0x00, 0x07, 0xFF, 0xF0, 0x0F, 0xFF, 0xF0, 0x00, 0x00, 0x03, 0xFF,
    0xFC, 0x03, 0xFF, 0xFC, 0x00, 0x00, 0x00, 0xFF, 0xFF, 0x00, 0xFF, 0xFF, 0x00, 0x00, 0x00, 0x7F,
    0xFF, 0xC0, 0x7F, 0xFF, 0xC0, 0x00, 0x00, 0x3F, 0xFF, 0xF0, 0x0F, 0xFF, 0xF8, 0x00, 0x00, 0x0F,
    0xFF, 0xF8, 0x00, 0x7F, 0xFE, 0x00, 0x00, 0x07, 0xFF, 0xE0, 0x00, 0x1F, 0xFF, 0x80, 0x00, 0x01,
    0xFF, 0xF8, 0x00, 0x07, 0xFF, 0xE0, 0x00, 0x00, 0xFF, 0xFE, 0x00, 0x03, 0xFF, 0xFC, 0x00, 0x00,
    0x7F, 0xFF, 0x80, 0x00, 0xFF, 0xFF, 0x00, 0x00, 0x1F, 0xFF, 0xE0, 0x00, 0x3F, 0xFF, 0xC0, 0x00,
    0x0F, 0xFF, 0xF8, 0x00, 0x0F, 0xFF, 0xF0, 0x00, 0x03, 0xFF, 0xFC, 0x00, 0x03, 0xFF, 0xFE, 0x00,
    0x01, 0xFF, 0xFF, 0x00, 0x00, 0xFE, 0xFF, 0x80, 0x00, 0x7F, 0xFF, 0xC0, 0x00, 0x7F, 0xBF, 0xE0,
    0x00, 0x3F, 0xFF, 0xF0, 0x00, 0x1F, 0xEF, 0xF8, 0x00, 0x1F, 0xF7, 0xFC, 0x00, 0x07, 0xF9, 0xFF,
    0x00, 0x07, 0xF9, 0xFE, 0x00, 0x01, 0xFE, 0x7F, 0xC0, 0x03, 0xFE, 0x7F, 0x80, 0x00, 0x7F, 0x9F,
    0xF0, 0x00, 0xFF, 0x1F, 0xE0, 0x00, 0x3F, 0xC7, 0xFC, 0x00, 0x7F, 0xCF, 0xF8, 0x00, 0x0F, 0xF0,
    0xFF, 0x80, 0x3F, 0xE3, 0xFE, 0x00, 0x03, 0xFC, 0x3F, 0xE0, 0x0F, 0xF0, 0xFF, 0x80, 0x00, 0xFF,
    0x0F, 0xF8, 0x07, 0xFC, 0x3F, 0xC0, 0x00, 0x3F, 0xC3, 0xFE, 0x01, 0xFE, 0x0F, 0xF0, 0x00, 0x0F,
    0xE0, 0xFF, 0xC0, 0xFF, 0x83, 0xFC, 0x00, 0x07, 0xF8, 0x1F, 0xF0, 0x3F, 0xC1, 0xFF, 0x00, 0x01,
    0xFE, 0x07, 0xFC, 0x1F, 0xE0, 0x7F, 0xC0, 0x00, 0x7F, 0x81, 0xFF, 0x0F, 0xF8, 0x1F, 0xF0, 0x00,
    0x1F, 0xE0, 0x7F, 0xE3, 0xFC, 0x07, 0xF8, 0x00, 0x07, 0xF8, 0x0F, 0xF9, 0xFF, 0x01, 0xFE, 0x00,
    0x01, 0xFC, 0x03, 0xFE, 0x7F, 0x80, 0xFF, 0x80, 0x00, 0xFF, 0x00, 0xFF, 0xBF, 0xE0, 0x3F, 0xE0,
    0x00, 0x3F, 0xC0, 0x3F, 0xFF, 0xF0, 0x0F, 0xF8, 0x00, 0x0F, 0xF0, 0x07, 0xFF, 0xF8, 0x03, 0xFC,
    0x00, 0x03, 0xFC, 0x01, 0xFF, 0xFE, 0x00, 0xFF, 0x00, 0x00, 0xFF, 0x00, 0x7F, 0xFF, 0x00, 0x3F,
    0xC0, 0x00, 0x7F, 0x80, 0x1F, 0xFF, 0xC0, 0x1F, 0xF0, 0x00, 0x1F, 0xE0, 0x03, 0xFF, 0xE0, 0x07,
    0xFC, 0x00, 0x07, 0xF8, 0x00, 0xFF, 0xF0, 0x01, 0xFF, 0x00, 0x01, 0xFE, 0x00, 0x3F, 0xFC, 0x00,
    0x7F, 0x80, 0x07, 0xFF, 0x80, 0x0F, 0xFE, 0x00, 0x1F, 0xFE, 0x01, 0xFF, 0xC0, 0x01, 0xFF, 0x80,
    0x0F, 0xFF, 0x80, 0xFF, 0xF0, 0x00, 0x7F, 0xC0, 0x03, 0xFF, 0xE0, 0x3F, 0xFC, 0x00, 0x1F, 0xE0,
    0x00, 0xFF, 0xF8, 0x0F, 0xFF, 0x00, 0x07, 0xF8, 0x00, 0x3F, 0xFC, 0x03, 0xFF, 0xC0, 0x00, 0xFC,
    0x00, 0x0F, 0xFF, 0x00, 0xFF, 0xE0, 0x00, 0x3E, 0x00, 0x03, 0xFF, 0xC0, 0x00, 0x00, 0x7F, 0xFC,
    0x00, 0x00, 0x07, 0xFF, 0x80, 0x3F, 0xFF, 0x00, 0x00, 0x03, 0xFF, 0xC0, 0x3F, 0xFF, 0x80, 0x00,
    0x01, 0xFF, 0xE0, 0x1F, 0xFF, 0xC0, 0x00, 0x01, 0xFF, 0xF0, 0x0F, 0xFF, 0xF0, 0x00, 0x00, 0xFF,
    0xF0, 0x07, 0xFF, 0xF8, 0x00, 0x00, 0x7F, 0xF8, 0x03, 0xFF, 0xFE, 0x00, 0x00, 0x3F, 0xFC, 0x00,
    0x3F, 0xFF, 0x00, 0x00, 0x1F, 0xE0, 0x00, 0x1F, 0xFF, 0xC0, 0x00, 0x0F, 0xF0, 0x00, 0x0F, 0xFF,
    0xE0, 0x00, 0x0F, 0xF8, 0x00, 0x07, 0xFF, 0xF8, 0x00, 0x07, 0xF8, 0x00, 0x03, 0xFF, 0xFC, 0x00,
    0x03, 0xFC, 0x00, 0x03, 0xFF, 0xFF, 0x00, 0x01, 0xFE, 0x00, 0x01, 0xFF, 0xFF, 0x80, 0x00, 0xFF,
    0x00, 0x00, 0xFF, 0x7F, 0xE0, 0x00, 0xFF, 0x80, 0x00, 0x7F, 0xBF, 0xF0, 0x00, 0x7F, 0x80, 0x00,
    0x3F, 0xCF, 0xFC, 0x00, 0x3F, 0xC0, 0x00, 0x1F, 0xE7, 0xFE, 0x00, 0x1F, 0xE0, 0x00, 0x1F, 0xF1,
    0xFF, 0x80, 0x0F, 0xF0, 0x00, 0x0F, 0xF0, 0xFF, 0xC0, 0x07, 0xF8, 0x00, 0x07, 0xF8, 0x3F, 0xF0,
    0x07, 0xFC, 0x00, 0x03, 0xFC, 0x1F, 0xF8, 0x03, 0xFC, 0x00, 0x01, 0xFE, 0x07, 0xFE, 0x01, 0xFE,
    0x00, 0x01, 0xFF, 0x03, 0xFF, 0x00, 0xFF, 0x00, 0x00, 0xFF, 0x80, 0xFF, 0xC0, 0x7F, 0x80, 0x00,
    0x7F, 0x80, 0x7F, 0xE0, 0x3F, 0xC0, 0x00, 0x3F, 0xC0, 0x1F, 0xF8, 0x3F, 0xC0, 0x00, 0x1F, 0xE0,
    0x0F, 0xFC, 0x1F, 0xE0, 0x00, 0x0F, 0xF0, 0x03, 0xFF, 0x0F, 0xF0, 0x00, 0x0F, 0xF8, 0x01, 0xFF,
    0x87, 0xF8, 0x00, 0x07, 0xF8, 0x00, 0xFF, 0xE3, 0xFC, 0x00, 0x03, 0xFC, 0x00, 0x3F, 0xF3, 0xFE,
    0x00, 0x01, 0xFE, 0x00, 0x1F, 0xFD, 0xFE, 0x00, 0x00, 0xFF, 0x00, 0x07, 0xFE, 0xFF, 0x00, 0x00,
    0x7F, 0x80, 0x03, 0xFF, 0x7F, 0x80, 0x00, 0x7F, 0xC0, 0x00, 0xFF, 0xFF, 0xC0, 0x00, 0x3F, 0xC0,
    0x00, 0x7F, 0xFF, 0xE0, 0x00, 0x1F, 0xE0, 0x00, 0x1F, 0xFF, 0xF0, 0x00, 0x0F, 0xF0, 0x00, 0x0F,
    0xFF, 0xF0, 0x00, 0x07, 0xF8, 0x00, 0x03, 0xFF, 0xF8, 0x00, 0x03, 0xFC, 0x00, 0x01, 0xFF, 0xFC,
    0x00, 0x03, 0xFC, 0x00, 0x00, 0x7F, 0xFE, 0x00, 0x0F, 0xFE, 0x00, 0x00, 0x3F, 0xFF, 0x00, 0x0F,
    0xFF, 0x00, 0x00, 0x0F, 0xFF, 0x00, 0x07, 0xFF, 0x80, 0x00, 0x07, 0xFF, 0x80, 0x03, 0xFF, 0xC0,
    0x00, 0x01, 0xFF, 0xC0, 0x01, 0xFF, 0xE0, 0x00, 0x00, 0xFF, 0xE0, 0x01, 0xFF, 0xE0, 0x00, 0x00,
    0x3F, 0xF0, 0x00, 0x7F, 0xF0, 0x00, 0x00, 0x1F, 0xF0, 0x00, 0x00, 0x00, 0x00, 0x01, 0xFF, 0xC0,
    0x00, 0x00, 0x00, 0x1F, 0xFF, 0xF8, 0x00, 0x00, 0x00, 0xFF, 0xFF, 0xFE, 0x00, 0x00, 0x03, 0xFF,
    0xFF, 0xFF, 0x80, 0x00, 0x07, 0xFF, 0xFF, 0xFF, 0xC0, 0x00, 0x1F, 0xFF, 0xFF, 0xFF, 0xE0, 0x00,
    0x3F, 0xFF, 0xFF, 0xFF, 0xF0, 0x00, 0x7F, 0xFE, 0x01, 0xFF, 0xF0, 0x00, 0xFF, 0xF0, 0x00, 0x7F,
    0xF8, 0x01, 0xFF, 0xC0, 0x00, 0x3F, 0xFC, 0x03, 0xFF, 0x80, 0x00, 0x1F, 0xFC, 0x03, 0xFF, 0x00,
    0x00, 0x0F, 0xFC, 0x07, 0xFE, 0x00, 0x00, 0x07, 0xFE, 0x07, 0xFC, 0x00, 0x00, 0x07, 0xFE, 0x0F,
    0xFC, 0x00, 0x00, 0x07, 0xFE, 0x1F, 0xF8, 0x00, 0x00, 0x03, 0xFE, 0x1F, 0xF0, 0x00, 0x00, 0x03,
    0xFE, 0x1F, 0xF0, 0x00, 0x00, 0x03, 0xFE, 0x3F, 0xE0, 0x00, 0x00, 0x03, 0xFF, 0x3F, 0xE0, 0x00,
    0x00, 0x03, 0xFF, 0x7F, 0xE0, 0x00, 0x00, 0x03, 0xFE, 0x7F, 0xC0, 0x00, 0x00, 0x03, 0xFE, 0x7F,
    0xC0, 0x00, 0x00, 0x03, 0xFE, 0x7F, 0xC0, 0x00, 0x00, 0x03, 0xFE, 0xFF, 0xC0, 0x00, 0x00, 0x03,
    0xFE, 0xFF, 0x80, 0x00, 0x00, 0x03, 0xFE, 0xFF, 0x80, 0x00, 0x00, 0x03, 0xFE, 0xFF, 0x80, 0x00,
    0x00, 0x07, 0xFE, 0xFF, 0x80, 0x00, 0x00, 0x07, 0xFC, 0xFF, 0x80, 0x00, 0x00, 0x07, 0xFC, 0xFF,
    0x80, 0x00, 0x00, 0x07, 0xFC, 0xFF, 0x80, 0x00, 0x00, 0x0F, 0xF8, 0xFF, 0x80, 0x00, 0x00, 0x0F,
    0xF8, 0xFF, 0x80, 0x00, 0x00, 0x1F, 0xF8, 0xFF, 0x80, 0x00, 0x00, 0x1F, 0xF0, 0xFF, 0xC0, 0x00,
    0x00, 0x3F, 0xF0, 0xFF, 0xC0, 0x00, 0x00, 0x3F, 0xE0, 0xFF, 0xC0, 0x00, 0x00, 0x7F, 0xE0, 0x7F,
    0xE0, 0x00, 0x00, 0xFF, 0xC0, 0x7F, 0xE0, 0x00, 0x01, 0xFF, 0x80, 0x7F, 0xF0, 0x00, 0x03, 0xFF,
    0x80, 0x3F, 0xF8, 0x00, 0x07, 0xFF, 0x00, 0x3F, 0xFC, 0x00, 0x1F, 0xFE, 0x00, 0x1F, 0xFF, 0x00,
    0xFF, 0xFC, 0x00, 0x1F, 0xFF, 0xFF, 0xFF, 0xF8, 0x00, 0x0F, 0xFF, 0xFF, 0xFF, 0xF0, 0x00, 0x07,
    0xFF, 0xFF, 0xFF, 0xC0, 0x00, 0x01, 0xFF, 0xFF, 0xFF, 0x80, 0x00, 0x00, 0xFF, 0xFF, 0xFE, 0x00,
    0x00, 0x00, 0x3F, 0xFF, 0xF0, 0x00, 0x00, 0x00, 0x07, 0xFF, 0x80, 0x00, 0x00, 0x00, 0x7F, 0xFF,
    0xFF, 0x80, 0x00, 0x3F, 0xFF, 0xFF, 0xFC, 0x00, 0x0F, 0xFF, 0xFF, 0xFF, 0x80, 0x03, 0xFF, 0xFF,
    0xFF, 0xF8, 0x00, 0xFF, 0xFF, 0xFF, 0xFF, 0x00, 0x7F, 0xFF, 0xFF, 0xFF, 0xC0, 0x0F, 0xFF, 0xFF,
    0xFF, 0xF8, 0x00, 0x7F, 0x80, 0x0F, 0xFE, 0x00, 0x1F, 0xE0, 0x01, 0xFF, 0xC0, 0x07, 0xF8, 0x00,
    0x3F, 0xF0, 0x03, 0xFE, 0x00, 0x07, 0xFC, 0x00, 0xFF, 0x80, 0x01, 0xFF, 0x00, 0x3F, 0xC0, 0x00,
    0x7F, 0xC0, 0x0F, 0xF0, 0x00, 0x1F, 0xF0, 0x03, 0xFC, 0x00, 0x07, 0xFC, 0x00, 0xFF, 0x00, 0x01,
    0xFE, 0x00, 0x7F, 0xC0, 0x00, 0xFF, 0x80, 0x1F, 0xF0, 0x00, 0x3F, 0xE0, 0x07, 0xF8, 0x00, 0x0F,
    0xF8, 0x01, 0xFE, 0x00, 0x07, 0xFC, 0x00, 0x7F, 0x80, 0x03, 0xFF, 0x00, 0x3F, 0xE0, 0x07, 0xFF,
    0x80, 0x0F, 0xFF, 0xFF, 0xFF, 0xC0, 0x03, 0xFF, 0xFF, 0xFF, 0xE0, 0x00, 0xFF, 0xFF, 0xFF, 0xF0,
    0x00, 0x3F, 0xFF, 0xFF, 0xF8, 0x00, 0x0F, 0xFF, 0xFF, 0xF8, 0x00, 0x07, 0xFF, 0xFF, 0xF8, 0x00,
    0x01, 0xFF, 0xFF, 0xF0, 0x00, 0x00, 0x7F, 0x80, 0x00, 0x00, 0x00, 0x1F, 0xE0, 0x00, 0x00, 0x00,
    0x07, 0xF8, 0x00, 0x00, 0x00, 0x01, 0xFE, 0x00, 0x00, 0x00, 0x00, 0xFF, 0x80, 0x00, 0x00, 0x00,
    0x3F, 0xE0, 0x00, 0x00, 0x00, 0x0F, 0xF0, 0x00, 0x00, 0x00, 0x03, 0xFC, 0x00, 0x00, 0x00, 0x00,
    0xFF, 0x00, 0x00, 0x00, 0x00, 0x7F, 0xC0, 0x00, 0x00, 0x00, 0x1F, 0xF0, 0x00, 0x00, 0x00, 0x07,
    0xFC, 0x00, 0x00, 0x00, 0x01, 0xFE, 0x00, 0x00, 0x00, 0x07, 0xFF, 0xF8, 0x00, 0x00, 0x01, 0xFF,
    0xFE, 0x00, 0x00, 0x00, 0x7F, 0xFF, 0x80, 0x00, 0x00, 0x3F, 0xFF, 0xE0, 0x00, 0x00, 0x0F, 0xFF,
    0xF8, 0x00, 0x00, 0x03, 0xFF, 0xFE, 0x00, 0x00, 0x00, 0xFF, 0xFF, 0x00, 0x00, 0x00, 0x00, 0x00,
    0x00, 0x01, 0xFF, 0xC0, 0x00, 0x00, 0x00, 0x1F, 0xFF, 0xFC, 0x00, 0x00, 0x00, 0x7F, 0xFF, 0xFF,
    0x00, 0x00, 0x01, 0xFF, 0xFF, 0xFF, 0x80, 0x00, 0x07, 0xFF, 0xFF, 0xFF, 0xC0, 0x00, 0x0F, 0xFF,
    0xFF, 0xFF, 0xE0, 0x00, 0x1F, 0xFF, 0xFF, 0xFF, 0xF0, 0x00, 0x3F, 0xFF, 0x01, 0xFF, 0xF8, 0x00,
    0x7F, 0xF8, 0x00, 0x3F, 0xFC, 0x00, 0xFF, 0xE0, 0x00, 0x1F, 0xFC, 0x01, 0xFF, 0xC0, 0x00, 0x0F,
    0xFE, 0x03, 0xFF, 0x80, 0x00, 0x07, 0xFE, 0x03, 0xFF, 0x00, 0x00, 0x07, 0xFE, 0x07, 0xFE, 0x00,
    0x00, 0x03, 0xFE, 0x07, 0xFC, 0x00, 0x00, 0x03, 0xFF, 0x0F, 0xFC, 0x00, 0x00, 0x03, 0xFF, 0x0F,
    0xF8, 0x00, 0x00, 0x03, 0xFF, 0x1F, 0xF8, 0x00, 0x00, 0x01, 0xFF, 0x1F, 0xF0, 0x00, 0x00, 0x01,
    0xFF, 0x3F, 0xF0, 0x00, 0x00, 0x01, 0xFF, 0x3F, 0xE0, 0x00, 0x00, 0x01, 0xFF, 0x3F, 0xE0, 0x00,
    0x00, 0x01, 0xFF, 0x3F, 0xE0, 0x00, 0x00, 0x01, 0xFF, 0x7F, 0xC0, 0x00, 0x00, 0x01, 0xFF, 0x7F,
    0xC0, 0x00, 0x00, 0x03, 0xFF, 0x7F, 0xC0, 0x00, 0x00, 0x03, 0xFF, 0x7F, 0xC0, 0x00, 0x00, 0x03,
    0xFE, 0x7F, 0xC0, 0x00, 0x00, 0x03, 0xFE, 0xFF, 0xC0, 0x00, 0x00, 0x03, 0xFE, 0xFF, 0xC0, 0x00,
    0x00, 0x07, 0xFE, 0xFF, 0xC0, 0x00, 0x00, 0x07, 0xFC, 0xFF, 0xC0, 0x00, 0x00, 0x07, 0xFC, 0xFF,
    0xC0, 0x00, 0x00, 0x0F, 0xFC, 0xFF, 0xC0, 0x00, 0x00, 0x0F, 0xF8, 0xFF, 0xC0, 0x00, 0x00, 0x1F,
    0xF8, 0xFF, 0xC0, 0x00, 0x00, 0x1F, 0xF8, 0xFF, 0xC0, 0x00, 0x00, 0x3F, 0xF0, 0x7F, 0xE0, 0x00,
    0x00, 0x7F, 0xF0, 0x7F, 0xE0, 0x00, 0x00, 0x7F, 0xE0, 0x7F, 0xF0, 0x00, 0x00, 0xFF, 0xC0, 0x7F,
    0xF0, 0x00, 0x01, 0xFF, 0xC0, 0x3F, 0xF8, 0x00, 0x07, 0xFF, 0x80, 0x3F, 0xFE, 0x00, 0x0F, 0xFF,
    0x00, 0x1F, 0xFF, 0x80, 0x7F, 0xFE, 0x00, 0x1F, 0xFF, 0xFF, 0xFF, 0xFC, 0x00, 0x0F, 0xFF, 0xFF,
    0xFF, 0xF8, 0x00, 0x07, 0xFF, 0xFF, 0xFF, 0xF0, 0x00, 0x03, 0xFF, 0xFF, 0xFF, 0xE0, 0x00, 0x01,
    0xFF, 0xFF, 0xFF, 0x80, 0x00, 0x00, 0x7F, 0xFF, 0xFE, 0x00, 0x00, 0x00, 0x1F, 0xFF, 0xF0, 0x00,
    0x00, 0x00, 0x1F, 0xFF, 0xF0, 0x00, 0x40, 0x00, 0x3F, 0xFF, 0xFE, 0x00, 0xF0, 0x00, 0x7F, 0xFF,
    0xFF, 0xC3, 0xF8, 0x00, 0xFF, 0xFF, 0xFF, 0xFF, 0xF8, 0x01, 0xFF, 0xFF, 0xFF, 0xFF, 0xF8, 0x01,
    0xFE, 0x1F, 0xFF, 0xFF, 0xF0, 0x01, 0xF8, 0x03, 0xFF, 0xFF, 0xE0, 0x00, 0xF0, 0x00, 0xFF, 0xFF,
    0xC0, 0x00, 0x40, 0x00, 0x1F, 0xFF, 0x00, 0x00, 0x00, 0x00, 0x07, 0xFE, 0x00, 0x00, 0x00, 0x00,
    0x00, 0xE0, 0x00, 0x00, 0xFF, 0xFF, 0xFF, 0x00, 0x00, 0x3F, 0xFF, 0xFF, 0xF8, 0x00, 0x0F, 0xFF,
    0xFF, 0xFF, 0x80, 0x03, 0xFF, 0xFF, 0xFF, 0xF8, 0x01, 0xFF, 0xFF, 0xFF, 0xFE, 0x00, 0x7F, 0xFF,
    0xFF, 0xFF, 0xC0, 0x1F, 0xFF, 0xFF, 0xFF, 0xF8, 0x00, 0x7F, 0x80, 0x0F, 0xFE, 0x00, 0x3F, 0xE0,
    0x01, 0xFF, 0x80, 0x0F, 0xF8, 0x00, 0x3F, 0xE0, 0x03, 0xFE, 0x00, 0x0F, 0xFC, 0x00, 0xFF, 0x80,
    0x03, 0xFF, 0x00, 0x3F, 0xC0, 0x00, 0x7F, 0xC0, 0x0F, 0xF0, 0x00, 0x3F, 0xE0, 0x07, 0xFC, 0x00,
    0x0F, 0xF8, 0x01, 0xFF, 0x00, 0x03, 0xFE, 0x00, 0x7F, 0xC0, 0x00, 0xFF, 0x80, 0x1F, 0xE0, 0x00,
    0x7F, 0xC0, 0x07, 0xF8, 0x00, 0x1F, 0xF0, 0x01, 0xFE, 0x00, 0x1F, 0xFC, 0x00, 0xFF, 0x80, 0x0F,
    0xFE, 0x00, 0x3F, 0xFF, 0xFF, 0xFF, 0x00, 0x0F, 0xFF, 0xFF, 0xFF, 0x80, 0x03, 0xFF, 0xFF, 0xFF,
    0xC0, 0x00, 0xFF, 0xFF, 0xFF, 0xE0, 0x00, 0x3F, 0xFF, 0xFF, 0xF0, 0x00, 0x1F, 0xFF, 0xFF, 0xF0,
    0x00, 0x07, 0xFF, 0xFF, 0xFC, 0x00, 0x01, 0xFE, 0x03, 0xFF, 0x00, 0x00, 0x7F, 0x80, 0x7F, 0xE0,
    0x00, 0x1F, 0xE0, 0x0F, 0xF8, 0x00, 0x0F, 0xF8, 0x03, 0xFE, 0x00, 0x03, 0xFE, 0x00, 0xFF, 0xC0,
    0x00, 0xFF, 0x80, 0x1F, 0xF0, 0x00, 0x3F, 0xC0, 0x07, 0xFC, 0x00, 0x0F, 0xF0, 0x01, 0xFF, 0x00,
    0x03, 0xFC, 0x00, 0x7F, 0xC0, 0x01, 0xFF, 0x00, 0x1F, 0xF0, 0x00, 0x7F, 0xC0, 0x07, 0xFC, 0x00,
    0x1F, 0xF0, 0x01, 0xFF, 0x00, 0x07, 0xF8, 0x00, 0x7F, 0xC0, 0x01, 0xFE, 0x00, 0x1F, 0xF8, 0x07,
    0xFF, 0xF8, 0x03, 0xFF, 0xF3, 0xFF, 0xFE, 0x00, 0xFF, 0xFC, 0xFF, 0xFF, 0x80, 0x3F, 0xFF, 0x3F,
    0xFF, 0xC0, 0x0F, 0xFF, 0xCF, 0xFF, 0xF0, 0x01, 0xFF, 0xF3, 0xFF, 0xFC, 0x00, 0x7F, 0xF8, 0xFF,
    0xFF, 0x00, 0x07, 0xFE, 0x00, 0x00, 0x00, 0x1F, 0xFC, 0x00, 0x00, 0x03, 0xFF, 0xFF, 0x00, 0x00,
    0x3F, 0xFF, 0xFF, 0x80, 0x03, 0xFF, 0xFF, 0xFF, 0x00, 0x1F, 0xFF, 0xFF, 0xF8, 0x00, 0xFF, 0xFF,
    0xFF, 0xE0, 0x07, 0xFF, 0xFF, 0xFF, 0x00, 0x3F, 0xFC, 0x03, 0xF8, 0x01, 0xFF, 0x80, 0x00, 0xE0,
    0x07, 0xFC, 0x00, 0x00, 0x00, 0x3F, 0xE0, 0x00, 0x00, 0x00, 0xFF, 0x00, 0x00, 0x00, 0x03, 0xFC,
    0x00, 0x00, 0x00, 0x0F, 0xF0, 0x00, 0x00, 0x00, 0x7F, 0xC0, 0x00, 0x00, 0x01, 0xFF, 0x00, 0x00,
    0x00, 0x07, 0xFC, 0x00, 0x00, 0x00, 0x1F, 0xF8, 0x00, 0x00, 0x00, 0x7F, 0xF8, 0x00, 0x00, 0x01,
    0xFF, 0xF8, 0x00, 0x00, 0x03, 0xFF, 0xF8, 0x00, 0x00, 0x0F, 0xFF, 0xFC, 0x00, 0x00, 0x1F, 0xFF,
    0xFC, 0x00, 0x00, 0x7F, 0xFF, 0xFC, 0x00, 0x00, 0xFF, 0xFF, 0xFC, 0x00, 0x00, 0xFF, 0xFF, 0xF8,
    0x00, 0x01, 0xFF, 0xFF, 0xF0, 0x00, 0x01, 0xFF, 0xFF, 0xC0, 0x00, 0x00, 0xFF, 0xFF, 0x80, 0x00,
    0x00, 0xFF, 0xFE, 0x00, 0x00, 0x00, 0xFF, 0xF8, 0x00, 0x00, 0x00, 0xFF, 0xF0, 0x00, 0x00, 0x01,
    0xFF, 0xC0, 0x00, 0x00, 0x03, 0xFF, 0x00, 0x00, 0x00, 0x0F, 0xFC, 0x00, 0x00, 0x00, 0x1F, 0xE0,
    0x00, 0x00, 0x00, 0x7F, 0x80, 0x00, 0x00, 0x03, 0xFE, 0x00, 0x00, 0x00, 0x0F, 0xF8, 0x00, 0x00,
    0x00, 0x3F, 0xC0, 0x00, 0x00, 0x01, 0xFF, 0x01, 0xC0, 0x00, 0x0F, 0xFC, 0x07, 0xC0, 0x00, 0x7F,
    0xE0, 0x1F, 0xE0, 0x0F, 0xFF, 0x00, 0xFF, 0xFF, 0xFF, 0xFC, 0x03, 0xFF, 0xFF, 0xFF, 0xE0, 0x0F,
    0xFF, 0xFF, 0xFF, 0x00, 0x3F, 0xFF, 0xFF, 0xF0, 0x00, 0xFF, 0xFF, 0xFF, 0x80, 0x00, 0x7F, 0xFF,
    0xF0, 0x00, 0x00, 0x1F, 0xFE, 0x00, 0x00, 0x00, 0x7F, 0xFF, 0xFF, 0xFF, 0xFD, 0xFF, 0xFF, 0xFF,
    0xFF, 0xFF, 0xFF, 0xFF, 0xFF, 0xFF, 0xFF, 0xFF, 0xFF, 0xFF, 0xFF, 0xFF, 0xFF, 0xFF, 0xFF, 0xFF,
    0xFF, 0xFF, 0xFF, 0xFF, 0xEF, 0xFF, 0xFF, 0xFF, 0xFF, 0x80, 0x00, 0xFF, 0x80, 0x00, 0x00, 0x03,
    0xFC, 0x00, 0x00, 0x00, 0x0F, 0xF0, 0x00, 0x00, 0x00, 0x7F, 0xC0, 0x00, 0x00, 0x01, 0xFF, 0x00,
    0x00, 0x00, 0x07, 0xFC, 0x00, 0x00, 0x00, 0x1F, 0xF0, 0x00, 0x00, 0x00, 0x7F, 0x80, 0x00, 0x00,
    0x01, 0xFE, 0x00, 0x00, 0x00, 0x0F, 0xF8, 0x00, 0x00, 0x00, 0x3F, 0xE0, 0x00, 0x00, 0x00, 0xFF,
    0x80, 0x00, 0x00, 0x03, 0xFC, 0x00, 0x00, 0x00, 0x0F, 0xF0, 0x00, 0x00, 0x00, 0x3F, 0xC0, 0x00,
    0x00, 0x01, 0xFF, 0x00, 0x00, 0x00, 0x07, 0xFC, 0x00, 0x00, 0x00, 0x1F, 0xF0, 0x00, 0x00, 0x00,
    0x7F, 0x80, 0x00, 0x00, 0x01, 0xFE, 0x00, 0x00, 0x00, 0x0F, 0xF8, 0x00, 0x00, 0x00, 0x3F, 0xE0,
    0x00, 0x00, 0x00, 0xFF, 0x80, 0x00, 0x00, 0x03, 0xFE, 0x00, 0x00, 0x00, 0x0F, 0xF0, 0x00, 0x00,
    0x00, 0x3F, 0xC0, 0x00, 0x00, 0x01, 0xFF, 0x00, 0x00, 0x00, 0x07, 0xFC, 0x00, 0x00, 0x00, 0x1F,
    0xF0, 0x00, 0x00, 0x00, 0x7F, 0xC0, 0x00, 0x00, 0x01, 0xFE, 0x00, 0x00, 0x00, 0x07, 0xF8, 0x00,
    0x00, 0x00, 0x3F, 0xE0, 0x00, 0x00, 0x00, 0xFF, 0x80, 0x00, 0x00, 0x03, 0xFE, 0x00, 0x00, 0x00,
    0xFF, 0xFF, 0x00, 0x00, 0x03, 0xFF, 0xFC, 0x00, 0x00, 0x0F, 0xFF, 0xF0, 0x00, 0x00, 0x7F, 0xFF,
    0xC0, 0x00, 0x01, 0xFF, 0xFF, 0x00, 0x00, 0x07, 0xFF, 0xF8, 0x00, 0x00, 0x1F, 0xFF, 0xE0, 0x00,
    0x00, 0x3F, 0xFC, 0x00, 0x00, 0x1F, 0xFE, 0x7F, 0xF8, 0x00, 0x00, 0x3F, 0xFD, 0xFF, 0xF0, 0x00,
    0x00, 0x7F, 0xFB, 0xFF, 0xE0, 0x00, 0x00, 0xFF, 0xF7, 0xFF, 0xC0, 0x00, 0x03, 0xFF, 0xEF, 0xFF,
    0x80, 0x00, 0x07, 0xFF, 0x9F, 0xFE, 0x00, 0x00, 0x0F, 0xFF, 0x07, 0xFC, 0x00, 0x00, 0x1F, 0xE0,
    0x0F, 0xF8, 0x00, 0x00, 0x3F, 0xC0, 0x1F, 0xF0, 0x00, 0x00, 0xFF, 0x80, 0x3F, 0xE0, 0x00, 0x01,
    0xFF, 0x00, 0x7F, 0xC0, 0x00, 0x03, 0xFC, 0x01, 0xFF, 0x00, 0x00, 0x07, 0xF8, 0x03, 0xFE, 0x00,
    0x00, 0x0F, 0xF0, 0x07, 0xFC, 0x00, 0x00, 0x1F, 0xE0, 0x0F, 0xF8, 0x00, 0x00, 0x7F, 0xC0, 0x1F,
    0xF0, 0x00, 0x00, 0xFF, 0x80, 0x3F, 0xC0, 0x00, 0x01, 0xFE, 0x00, 0xFF, 0x80, 0x00, 0x03, 0xFC,
    0x01, 0xFF, 0x00, 0x00, 0x07, 0xF8, 0x03, 0xFE, 0x00, 0x00, 0x0F, 0xF0, 0x07, 0xFC, 0x00, 0x00,
    0x3F, 0xE0, 0x0F, 0xF8, 0x00, 0x00, 0x7F, 0xC0, 0x1F, 0xE0, 0x00, 0x00, 0xFF, 0x00, 0x7F, 0xC0,
    0x00, 0x01, 0xFE, 0x00, 0xFF, 0x80, 0x00, 0x03, 0xFC, 0x01, 0xFF, 0x00, 0x00, 0x0F, 0xF8, 0x03,
    0xFE, 0x00, 0x00, 0x1F, 0xF0, 0x07, 0xFC, 0x00, 0x00, 0x3F, 0xC0, 0x1F, 0xF0, 0x00, 0x00, 0x7F,
    0x80, 0x3F, 0xE0, 0x00, 0x00, 0xFF, 0x00, 0x7F, 0xC0, 0x00, 0x01, 0xFE, 0x00, 0xFF, 0x80, 0x00,
    0x07, 0xFC, 0x01, 0xFF, 0x00, 0x00, 0x0F, 0xF8, 0x03, 0xFE, 0x00, 0x00, 0x1F, 0xE0, 0x07, 0xFC,
    0x00, 0x00, 0x3F, 0xC0, 0x0F, 0xF8, 0x00, 0x00, 0xFF, 0x80, 0x1F, 0xF0, 0x00, 0x01, 0xFE, 0x00,
    0x3F, 0xE0, 0x00, 0x07, 0xFC, 0x00, 0x7F, 0xE0, 0x00, 0x1F, 0xF0, 0x00, 0xFF, 0xC0, 0x00, 0x7F,
    0xE0, 0x01, 0xFF, 0xC0, 0x01, 0xFF, 0x80, 0x01, 0xFF, 0xE0, 0x1F, 0xFF, 0x00, 0x03, 0xFF, 0xFF,
    0xFF, 0xFC, 0x00, 0x03, 0xFF, 0xFF, 0xFF, 0xF0, 0x00, 0x07, 0xFF, 0xFF, 0xFF, 0xC0, 0x00, 0x07,
    0xFF, 0xFF, 0xFF, 0x00, 0x00, 0x03, 0xFF, 0xFF, 0xF8, 0x00, 0x00, 0x01, 0xFF, 0xFF, 0xC0, 0x00,
    0x00, 0x00, 0x7F, 0xF8, 0x00, 0x00, 0x00, 0x7F, 0xF0, 0x00, 0x00, 0x0F, 0xFF, 0xFF, 0xC0, 0x00,
    0x00, 0x3F, 0xFF, 0xFF, 0x00, 0x00, 0x01, 0xFF, 0xFF, 0xFC, 0x00, 0x00, 0x07, 0xFF, 0xFF, 0xF8,
    0x00, 0x00, 0x3F, 0xFF, 0xFF, 0xE0, 0x00, 0x00, 0xFF, 0xFF, 0xFF, 0x80, 0x00, 0x07, 0xFF, 0x83,
    0xFE, 0x00, 0x00, 0x1F, 0xE0, 0x0F, 0xF8, 0x00, 0x00, 0xFF, 0x00, 0x3F, 0xE0, 0x00, 0x07, 0xFC,
    0x00, 0xFF, 0xC0, 0x00, 0x1F, 0xE0, 0x01, 0xFF, 0x00, 0x00, 0xFF, 0x80, 0x07, 0xFC, 0x00, 0x03,
    0xFC, 0x00, 0x1F, 0xF0, 0x00, 0x1F, 0xF0, 0x00, 0x7F, 0xC0, 0x00, 0x7F, 0x80, 0x01, 0xFF, 0x00,
    0x03, 0xFE, 0x00, 0x07, 0xFE, 0x00, 0x0F, 0xF0, 0x00, 0x0F, 0xF8, 0x00, 0x7F, 0x80, 0x00, 0x3F,
    0xE0, 0x01, 0xFE, 0x00, 0x00, 0xFF, 0x80, 0x0F, 0xF0, 0x00, 0x03, 0xFE, 0x00, 0x3F, 0xC0, 0x00,
    0x0F, 0xF8, 0x01, 0xFE, 0x00, 0x00, 0x3F, 0xF0, 0x07, 0xF8, 0x00, 0x00, 0x7F, 0xC0, 0x3F, 0xC0,
    0x00, 0x01, 0xFF, 0x00, 0xFF, 0x00, 0x00, 0x07, 0xFC, 0x07, 0xF8, 0x00, 0x00, 0x1F, 0xF0, 0x1F,
    0xE0, 0x00, 0x00, 0x7F, 0xC0, 0xFF, 0x00, 0x00, 0x00, 0xFF, 0x83, 0xFC, 0x00, 0x00, 0x03, 0xFE,
    0x1F, 0xE0, 0x00, 0x00, 0x0F, 0xF8, 0xFF, 0x80, 0x00, 0x00, 0x3F, 0xE3, 0xFC, 0x00, 0x00, 0x00,
    0xFF, 0x9F, 0xF0, 0x00, 0x00, 0x03, 0xFE, 0x7F, 0x80, 0x00, 0x00, 0x07, 0xFF, 0xFE, 0x00, 0x00,
    0x00, 0x1F, 0xFF, 0xF0, 0x00, 0x00, 0x00, 0x7F, 0xFF, 0x80, 0x00, 0x00, 0x01, 0xFF, 0xFE, 0x00,
    0x00, 0x00, 0x07, 0xFF, 0xF0, 0x00, 0x00, 0x00, 0x1F, 0xFF, 0xC0, 0x00, 0x00, 0x00, 0x3F, 0xFE,
    0x00, 0x00, 0x00, 0x00, 0xFF, 0xF8, 0x00, 0x00, 0x00, 0x03, 0xFF, 0xC0, 0x00, 0x00, 0x00, 0x0F,
    0xFF, 0x00, 0x00, 0x00, 0x00, 0x3F, 0xF8, 0x00, 0x00, 0x00, 0x00, 0x7F, 0xE0, 0x00, 0x00, 0x00,
    0x01, 0xFF, 0x00, 0x00, 0x00, 0x00, 0x07, 0xFC, 0x00, 0x00, 0x00, 0x00, 0x1F, 0xE0, 0x00, 0x00,
    0x00, 0x7F, 0xE0, 0x00, 0x01, 0xFE, 0x00, 0x00, 0x3F, 0xFF, 0xFF, 0x80, 0x00, 0x1F, 0xF0, 0x00,
    0x01, 0xFF, 0xFF, 0xFC, 0x00, 0x00, 0xFF, 0x80, 0x00, 0x1F, 0xFF, 0xFF, 0xE0, 0x00, 0x0F, 0xFE,
    0x00, 0x00, 0xFF, 0xFF, 0xFF, 0x00, 0x00, 0x7F, 0xF0, 0x00, 0x0F, 0xFF, 0x7F, 0xF8, 0x00, 0x07,
    0xFF, 0x80, 0x00, 0x7F, 0xFB, 0xFF, 0xC0, 0x00, 0x3F, 0xFC, 0x00, 0x07, 0xFF, 0xC3, 0xFE, 0x00,
    0x03, 0xFF, 0xE0, 0x00, 0x3F, 0xE0, 0x1F, 0xF0, 0x00, 0x1F, 0xFF, 0x00, 0x01, 0xFE, 0x00, 0x7F,
    0x80, 0x01, 0xFF, 0xF8, 0x00, 0x1F, 0xF0, 0x03, 0xFE, 0x00, 0x0F, 0xFF, 0xC0, 0x00, 0xFF, 0x00,
    0x1F, 0xF0, 0x00, 0xFF, 0xFE, 0x00, 0x0F, 0xF8, 0x00, 0xFF, 0x80, 0x07, 0xFF, 0xF0, 0x00, 0x7F,
    0x80, 0x07, 0xFC, 0x00, 0x3F, 0xFF, 0xC0, 0x07, 0xFC, 0x00, 0x3F, 0xE0, 0x03, 0xFF, 0xFE, 0x00,
    0x3F, 0xC0, 0x01, 0xFF, 0x00, 0x1F, 0xFF, 0xF0, 0x03, 0xFE, 0x00, 0x0F, 0xF8, 0x01, 0xFE, 0xFF,
    0x80, 0x1F, 0xE0, 0x00, 0x7F, 0xC0, 0x0F, 0xF7, 0xFC, 0x01, 0xFF, 0x00, 0x03, 0xFE, 0x00, 0xFF,
    0x3F, 0xE0, 0x0F, 0xF0, 0x00, 0x0F, 0xF0, 0x07, 0xF9, 0xFF, 0x00, 0x7F, 0x80, 0x00, 0x7F, 0xC0,
    0x7F, 0x8F, 0xF8, 0x07, 0xF8, 0x00, 0x03, 0xFE, 0x03, 0xFC, 0x7F, 0xC0, 0x3F, 0xC0, 0x00, 0x1F,
    0xF0, 0x3F, 0xC1, 0xFE, 0x03, 0xFC, 0x00, 0x00, 0xFF, 0x81, 0xFE, 0x0F, 0xF8, 0x1F, 0xE0, 0x00,
    0x07, 0xFC, 0x0F, 0xF0, 0x7F, 0xC1, 0xFF, 0x00, 0x00, 0x3F, 0xE0, 0xFF, 0x03, 0xFE, 0x0F, 0xF0,
    0x00, 0x01, 0xFF, 0x07, 0xF8, 0x1F, 0xF0, 0xFF, 0x80, 0x00, 0x0F, 0xF8, 0x7F, 0x80, 0xFF, 0x87,
    0xF8, 0x00, 0x00, 0x7F, 0xC3, 0xFC, 0x07, 0xFC, 0x7F, 0xC0, 0x00, 0x01, 0xFE, 0x3F, 0xC0, 0x3F,
    0xE3, 0xFC, 0x00, 0x00, 0x0F, 0xF9, 0xFE, 0x01, 0xFF, 0x3F, 0xE0, 0x00, 0x00, 0x7F, 0xDF, 0xE0,
    0x07, 0xF9, 0xFE, 0x00, 0x00, 0x03, 0xFE, 0xFF, 0x00, 0x3F, 0xCF, 0xF0, 0x00, 0x00, 0x1F, 0xFF,
    0xF0, 0x01, 0xFF, 0xFF, 0x00, 0x00, 0x00, 0xFF, 0xFF, 0x80, 0x0F, 0xFF, 0xF8, 0x00, 0x00, 0x07,
    0xFF, 0xF8, 0x00, 0x7F, 0xFF, 0x80, 0x00, 0x00, 0x3F, 0xFF, 0xC0, 0x03, 0xFF, 0xFC, 0x00, 0x00,
    0x01, 0xFF, 0xFC, 0x00, 0x1F, 0xFF, 0xC0, 0x00, 0x00, 0x07, 0xFF, 0xE0, 0x00, 0xFF, 0xFE, 0x00,
    0x00, 0x00, 0x3F, 0xFF, 0x00, 0x07, 0xFF, 0xE0, 0x00, 0x00, 0x01, 0xFF, 0xF0, 0x00, 0x1F, 0xFF,
    0x00, 0x00, 0x00, 0x0F, 0xFF, 0x80, 0x00, 0xFF, 0xF0, 0x00, 0x00, 0x00, 0x7F, 0xF8, 0x00, 0x07,
    0xFF, 0x80, 0x00, 0x00, 0x03, 0xFF, 0xC0, 0x00, 0x3F, 0xFC, 0x00, 0x00, 0x00, 0x1F, 0xFC, 0x00,
    0x01, 0xFF, 0xC0, 0x00, 0x00, 0x00, 0xFF, 0xE0, 0x00, 0x0F, 0xFE, 0x00, 0x00, 0x00, 0x07, 0xFE,
    0x00, 0x00, 0x7F, 0xE0, 0x00, 0x00, 0x00, 0x3F, 0xF0, 0x00, 0x03, 0xFF, 0x00, 0x00, 0x00, 0x00,
    0xFF, 0x00, 0x00, 0x0F, 0xF0, 0x00, 0x00, 0x00, 0x00, 0x3F, 0xF0, 0x00, 0x00, 0x3F, 0xF0, 0x07,
    0xFF, 0x80, 0x00, 0x07, 0xFF, 0x00, 0x7F, 0xF8, 0x00, 0x00, 0xFF, 0xF0, 0x07, 0xFF, 0xC0, 0x00,
    0x1F, 0xFE, 0x00, 0x7F, 0xFC, 0x00, 0x03, 0xFF, 0xE0, 0x07, 0xFF, 0xE0, 0x00, 0x3F, 0xFE, 0x00,
    0x7F, 0xFE, 0x00, 0x07, 0xFF, 0xC0, 0x00, 0x3F, 0xF0, 0x00, 0xFF, 0x80, 0x00, 0x03, 0xFF, 0x00,
    0x1F, 0xF0, 0x00, 0x00, 0x1F, 0xF8, 0x03, 0xFE, 0x00, 0x00, 0x01, 0xFF, 0x80, 0x7F, 0xC0, 0x00,
    0x00, 0x0F, 0xFC, 0x07, 0xF8, 0x00, 0x00, 0x00, 0xFF, 0xC0, 0xFF, 0x80, 0x00, 0x00, 0x07, 0xFE,
    0x1F, 0xF0, 0x00, 0x00, 0x00, 0x7F, 0xE3, 0xFE, 0x00, 0x00, 0x00, 0x03, 0xFF, 0x7F, 0xC0, 0x00,
    0x00, 0x00, 0x3F, 0xFF, 0xF8, 0x00, 0x00, 0x00, 0x01, 0xFF, 0xFF, 0x00, 0x00, 0x00, 0x00, 0x1F,
    0xFF, 0xF0, 0x00, 0x00, 0x00, 0x00, 0xFF, 0xFE, 0x00, 0x00, 0x00, 0x00, 0x0F, 0xFF, 0xC0, 0x00,
    0x00, 0x00, 0x00, 0x7F, 0xF8, 0x00, 0x00, 0x00, 0x00, 0x07, 0xFF, 0x00, 0x00, 0x00, 0x00, 0x00,
    0x3F, 0xF0, 0x00, 0x00, 0x00, 0x00, 0x07, 0xFF, 0x00, 0x00, 0x00, 0x00, 0x00, 0x7F, 0xF8, 0x00,
    0x00, 0x00, 0x00, 0x0F, 0xFF, 0x80, 0x00, 0x00, 0x00, 0x01, 0xFF, 0xFC, 0x00, 0x00, 0x00, 0x00,
    0x3F, 0xFF, 0xC0, 0x00, 0x00, 0x00, 0x07, 0xFF, 0xFE, 0x00, 0x00, 0x00, 0x00, 0xFF, 0xFF, 0xE0,
    0x00, 0x00, 0x00, 0x0F, 0xFB, 0xFF, 0x00, 0x00, 0x00, 0x01, 0xFF, 0x3F, 0xF0, 0x00, 0x00, 0x00,
    0x3F, 0xE1, 0xFF, 0x80, 0x00, 0x00, 0x07, 0xFC, 0x1F, 0xF8, 0x00, 0x00, 0x00, 0xFF, 0x80, 0xFF,
    0xC0, 0x00, 0x00, 0x1F, 0xF0, 0x0F, 0xFC, 0x00, 0x00, 0x01, 0xFF, 0x00, 0x7F, 0xE0, 0x00, 0x00,
    0x3F, 0xE0, 0x07, 0xFE, 0x00, 0x00, 0x07, 0xFC, 0x00, 0x3F, 0xF0, 0x00, 0x00, 0xFF, 0x80, 0x03,
    0xFF, 0x00, 0x00, 0x1F, 0xF0, 0x00, 0x1F, 0xF8, 0x00, 0x3F, 0xFE, 0x00, 0x01, 0xFF, 0xFC, 0x07,
    0xFF, 0xC0, 0x00, 0x0F, 0xFF, 0xC0, 0x7F, 0xFC, 0x00, 0x00, 0xFF, 0xFC, 0x07, 0xFF, 0x80, 0x00,
    0x07, 0xFF, 0x80, 0xFF, 0xF0, 0x00, 0x00, 0x7F, 0xF8, 0x0F, 0xFE, 0x00, 0x00, 0x03, 0xFF, 0x80,
    0x7F, 0xC0, 0x00, 0x00, 0x3F, 0xF8, 0x00, 0x7F, 0xC0, 0x00, 0x00, 0x7F, 0xFF, 0xF0, 0x00, 0x00,
    0x7F, 0xFF, 0xF8, 0x00, 0x00, 0x7F, 0xFF, 0xFC, 0x00, 0x00, 0x7F, 0xFF, 0xFF, 0x00, 0x00, 0x7F,
    0xFF, 0xFF, 0x80, 0x00, 0x3F, 0xFF, 0xFF, 0xE0, 0x00, 0x3F, 0xFC, 0x3F, 0xF0, 0x00, 0x3F, 0xE0,
    0x0F, 0xFC, 0x00, 0x3F, 0xE0, 0x07, 0xFE, 0x00, 0x1F, 0xE0, 0x01, 0xFF, 0x80, 0x1F, 0xF0, 0x00,
    0xFF, 0xC0, 0x1F, 0xF0, 0x00, 0x3F, 0xE0, 0x1F, 0xF0, 0x00, 0x1F, 0xF8, 0x0F, 0xF0, 0x00, 0x07,
    0xFC, 0x0F, 0xF8, 0x00, 0x03, 0xFF, 0x0F, 0xF8, 0x00, 0x00, 0xFF, 0x8F, 0xF8, 0x00, 0x00, 0x7F,
    0xE7, 0xF8, 0x00, 0x00, 0x3F, 0xF7, 0xFC, 0x00, 0x00, 0x0F, 0xFF, 0xFC, 0x00, 0x00, 0x07, 0xFF,
    0xFC, 0x00, 0x00, 0x01, 0xFF, 0xFE, 0x00, 0x00, 0x00, 0xFF, 0xFE, 0x00, 0x00, 0x00, 0x3F, 0xFE,
    0x00, 0x00, 0x00, 0x1F, 0xFE, 0x00, 0x00, 0x00, 0x07, 0xFF, 0x00, 0x00, 0x00, 0x03, 0xFF, 0x00,
    0x00, 0x00, 0x01, 0xFF, 0x00, 0x00, 0x00, 0x00, 0xFF, 0x80, 0x00, 0x00, 0x00, 0x7F, 0xC0, 0x00,
    0x00, 0x00, 0x3F, 0xE0, 0x00, 0x00, 0x00, 0x1F, 0xE0, 0x00, 0x00, 0x00, 0x0F, 0xF0, 0x00, 0x00,
    0x00, 0x0F, 0xF8, 0x00, 0x00, 0x00, 0x07, 0xFC, 0x00, 0x00, 0x00, 0x03, 0xFE, 0x00, 0x00, 0x00,
    0x01, 0xFF, 0x00, 0x00, 0x00, 0x00, 0xFF, 0x00, 0x00, 0x00, 0x00, 0x7F, 0x80, 0x00, 0x00, 0x00,
    0x7F, 0xC0, 0x00, 0x00, 0x00, 0x3F, 0xE0, 0x00, 0x00, 0x00, 0x1F, 0xF0, 0x00, 0x00, 0x00, 0xFF,
    0xFF, 0x00, 0x00, 0x00, 0x7F, 0xFF, 0x80, 0x00, 0x00, 0x3F, 0xFF, 0xC0, 0x00, 0x00, 0x3F, 0xFF,
    0xE0, 0x00, 0x00, 0x1F, 0xFF, 0xF0, 0x00, 0x00, 0x0F, 0xFF, 0xF0, 0x00, 0x00, 0x07, 0xFF, 0xF8,
    0x00, 0x00, 0x00, 0x00, 0x7F, 0xFF, 0xFF, 0xFF, 0xF0, 0x0F, 0xFF, 0xFF, 0xFF, 0xFF, 0x00, 0xFF,
    0xFF, 0xFF, 0xFF, 0xF0, 0x0F, 0xFF, 0xFF, 0xFF, 0xFF, 0x00, 0xFF, 0xFF, 0xFF, 0xFF, 0xF0, 0x0F,
    0xFF, 0xFF, 0xFF, 0xFE, 0x00, 0xFF, 0xFF, 0xFF, 0xFF, 0xE0, 0x00, 0x00, 0x00, 0x0F, 0xFE, 0x00,
    0x00, 0x00, 0x01, 0xFF, 0xC0, 0x00, 0x00, 0x00, 0x3F, 0xF8, 0x00, 0x00, 0x00, 0x07, 0xFF, 0x00,
    0x00, 0x00, 0x00, 0xFF, 0xE0, 0x00, 0x00, 0x00, 0x1F, 0xFC, 0x00, 0x00, 0x00, 0x03, 0xFF, 0x80,
    0x00, 0x00, 0x00, 0x3F, 0xF0, 0x00, 0x00, 0x00, 0x07, 0xFE, 0x00, 0x00, 0x00, 0x00, 0xFF, 0xC0,
    0x00, 0x00, 0x00, 0x1F, 0xFC, 0x00, 0x00, 0x00, 0x03, 0xFF, 0x80, 0x00, 0x00, 0x00, 0x7F, 0xF0,
    0x00, 0x00, 0x00, 0x0F, 0xFE, 0x00, 0x00, 0x00, 0x01, 0xFF, 0xC0, 0x00, 0x00, 0x00, 0x3F, 0xF8,
    0x00, 0x00, 0x00, 0x07, 0xFF, 0x00, 0x00, 0x00, 0x00, 0x7F, 0xE0, 0x00, 0x00, 0x00, 0x0F, 0xFC,
    0x00, 0x00, 0x00, 0x01, 0xFF, 0x80, 0x00, 0x00, 0x00, 0x3F, 0xF8, 0x00, 0x00, 0x00, 0x07, 0xFF,
    0x00, 0x00, 0x00, 0x00, 0xFF, 0xE0, 0x00, 0x00, 0x00, 0x1F, 0xFC, 0x00, 0x00, 0x00, 0x03, 0xFF,
    0x80, 0x00, 0x00, 0x00, 0x7F, 0xF0, 0x00, 0x00, 0x00, 0x0F, 0xFE, 0x00, 0x00, 0x00, 0x00, 0xFF,
    0xC0, 0x00, 0x00, 0x00, 0x1F, 0xF8, 0x00, 0x00, 0x00, 0x03, 0xFF, 0x00, 0x00, 0x00, 0x00, 0x7F,
    0xF0, 0x00, 0x00, 0x00, 0x0F, 0xFE, 0x00, 0x00, 0x00, 0x01, 0xFF, 0xC0, 0x00, 0x00, 0x00, 0x3F,
    0xF8, 0x00, 0x00, 0x00, 0x07, 0xFF, 0x00, 0x00, 0x00, 0x00, 0x7F, 0xFF, 0xFF, 0xFF, 0xF8, 0x07,
    0xFF, 0xFF, 0xFF, 0xFF, 0x80, 0xFF, 0xFF, 0xFF, 0xFF, 0xF8, 0x0F, 0xFF, 0xFF, 0xFF, 0xFF, 0x80,
    0xFF, 0xFF, 0xFF, 0xFF, 0xF8, 0x0F, 0xFF, 0xFF, 0xFF, 0xFF, 0x00, 0xFF, 0xFF, 0xFF, 0xFF, 0xF0,
    0x00, 0x00, 0x3F, 0xFC, 0x00, 0xFF, 0xFC, 0x01, 0xFF, 0xF0, 0x03, 0xFF, 0xE0, 0x07, 0xFF, 0xC0,
    0x0F, 0xFF, 0x80, 0x1F, 0xFE, 0x00, 0x7F, 0x80, 0x00, 0xFF, 0x00, 0x01, 0xFE, 0x00, 0x03, 0xF8,
    0x00, 0x07, 0xF0, 0x00, 0x0F, 0xE0, 0x00, 0x3F, 0xC0, 0x00, 0x7F, 0x80, 0x00, 0xFE, 0x00, 0x01,
    0xFC, 0x00, 0x03, 0xF8, 0x00, 0x0F, 0xF0, 0x00, 0x1F, 0xE0, 0x00, 0x3F, 0xC0, 0x00, 0x7F, 0x00,
    0x00, 0xFE, 0x00, 0x01, 0xFC, 0x00, 0x07, 0xF8, 0x00, 0x0F, 0xF0, 0x00, 0x1F, 0xE0, 0x00, 0x3F,
    0x80, 0x00, 0x7F, 0x00, 0x00, 0xFE, 0x00, 0x03, 0xFC, 0x00, 0x07, 0xF8, 0x00, 0x0F, 0xE0, 0x00,
    0x1F, 0xC0, 0x00, 0x3F, 0x80, 0x00, 0xFF, 0x00, 0x01, 0xFE, 0x00, 0x03, 0xFC, 0x00, 0x07, 0xF0,
    0x00, 0x0F, 0xE0, 0x00, 0x1F, 0xC0, 0x00, 0x7F, 0x80, 0x00, 0xFF, 0x00, 0x01, 0xFE, 0x00, 0x03,
    0xF8, 0x00, 0x07, 0xF0, 0x00, 0x1F, 0xE0, 0x00, 0x3F, 0xC0, 0x00, 0x7F, 0x80, 0x00, 0xFE, 0x00,
    0x01, 0xFC, 0x00, 0x03, 0xFF, 0xC0, 0x0F, 0xFF, 0x80, 0x1F, 0xFF, 0x00, 0x3F, 0xFE, 0x00, 0x7F,
    0xFC, 0x00, 0xFF, 0xF8, 0x01, 0xFF, 0xE0, 0x00, 0x07, 0x00, 0x07, 0xE0, 0x01, 0xFE, 0x00, 0x7F,
    0xC0, 0x07, 0xF8, 0x00, 0xFF, 0x00, 0x1F, 0xE0, 0x03, 0xFE, 0x00, 0x3F, 0xC0, 0x07, 0xF8, 0x00,
    0xFF, 0x00, 0x1F, 0xF0, 0x01, 0xFE, 0x00, 0x3F, 0xC0, 0x07, 0xF8, 0x00, 0xFF, 0x80, 0x0F, 0xF0,
    0x01, 0xFE, 0x00, 0x3F, 0xC0, 0x07, 0xFC, 0x00, 0x7F, 0x80, 0x0F, 0xF0, 0x01, 0xFE, 0x00, 0x3F,
    0xE0, 0x03, 0xFC, 0x00, 0x7F, 0x80, 0x0F, 0xF0, 0x01, 0xFF, 0x00, 0x3F, 0xE0, 0x03, 0xFC, 0x00,
    0x7F, 0x80, 0x0F, 0xF0, 0x01, 0xFF, 0x00, 0x1F, 0xE0, 0x03, 0xFC, 0x00, 0x7F, 0x80, 0x0F, 0xF8,
    0x00, 0xFF, 0x00, 0x1F, 0xE0, 0x03, 0xFC, 0x00, 0x7F, 0xC0, 0x07, 0xF8, 0x00, 0xFF, 0x00, 0x1F,
    0xE0, 0x03, 0xFE, 0x00, 0x3F, 0xC0, 0x07, 0xF8, 0x00, 0xFF, 0x00, 0x1F, 0xE0, 0x01, 0xF0, 0x00,
    0x38, 0x00, 0x00, 0x3F, 0xFC, 0x01, 0xFF, 0xF0, 0x07, 0xFF, 0xC0, 0x1F, 0xFF, 0x00, 0x7F, 0xFC,
    0x01, 0xFF, 0xF0, 0x07, 0xFF, 0x80, 0x00, 0xFE, 0x00, 0x03, 0xF8, 0x00, 0x1F, 0xE0, 0x00, 0x7F,
    0x80, 0x01, 0xFE, 0x00, 0x07, 0xF0, 0x00, 0x1F, 0xC0, 0x00, 0xFF, 0x00, 0x03, 0xFC, 0x00, 0x0F,
    0xF0, 0x00, 0x3F, 0xC0, 0x00, 0xFE, 0x00, 0x03, 0xF8, 0x00, 0x1F, 0xE0, 0x00, 0x7F, 0x80, 0x01,
    0xFE, 0x00, 0x07, 0xF0, 0x00, 0x1F, 0xC0, 0x00, 0x7F, 0x00, 0x03, 0xFC, 0x00, 0x0F, 0xF0, 0x00,
    0x3F, 0xC0, 0x00, 0xFE, 0x00, 0x03, 0xF8, 0x00, 0x1F, 0xE0, 0x00, 0x7F, 0x80, 0x01, 0xFE, 0x00,
    0x07, 0xF0, 0x00, 0x1F, 0xC0, 0x00, 0x7F, 0x00, 0x03, 0xFC, 0x00, 0x0F, 0xF0, 0x00, 0x3F, 0xC0,
    0x00, 0xFE, 0x00, 0x03, 0xF8, 0x00, 0x0F, 0xE0, 0x00, 0x7F, 0x80, 0x01, 0xFE, 0x00, 0x07, 0xF8,
    0x00, 0x1F, 0xC0, 0x00, 0x7F, 0x00, 0x03, 0xFC, 0x00, 0x0F, 0xF0, 0x00, 0x3F, 0xC0, 0x1F, 0xFE,
    0x00, 0xFF, 0xF8, 0x03, 0xFF, 0xE0, 0x0F, 0xFF, 0x80, 0x3F, 0xFE, 0x00, 0xFF, 0xF8, 0x03, 0xFF,
    0xC0, 0x00, 0x00, 0x00, 0x1F, 0xC0, 0x00, 0x00, 0x03, 0xFC, 0x00, 0x00, 0x00, 0x3F, 0xE0, 0x00,
    0x00, 0x07, 0xFE, 0x00, 0x00, 0x00, 0xFF, 0xE0, 0x00, 0x00, 0x0F, 0xFF, 0x00, 0x00, 0x01, 0xFF,
    0xF0, 0x00, 0x00, 0x3F, 0xFF, 0x80, 0x00, 0x07, 0xFF, 0xF8, 0x00, 0x00, 0x7F, 0xFF, 0x80, 0x00,
    0x0F, 0xFF, 0xFC, 0x00, 0x01, 0xFF, 0x7F, 0xC0, 0x00, 0x1F, 0xE7, 0xFC, 0x00, 0x03, 0xFE, 0x3F,
    0xE0, 0x00, 0x7F, 0xC3, 0xFE, 0x00, 0x0F, 0xF8, 0x3F, 0xE0, 0x00, 0xFF, 0x01, 0xFF, 0x00, 0x1F,
    0xF0, 0x1F, 0xF0, 0x03, 0xFE, 0x00, 0xFF, 0x80, 0x3F, 0xC0, 0x0F, 0xF8, 0x07, 0xFC, 0x00, 0xFF,
    0x80, 0xFF, 0x80, 0x07, 0xFC, 0x0F, 0xF0, 0x00, 0x7F, 0xC1, 0xFE, 0x00, 0x07, 0xFC, 0x3F, 0xE0,
    0x00, 0x3F, 0xE7, 0xFC, 0x00, 0x03, 0xFE, 0x7F, 0x80, 0x00, 0x1F, 0xEF, 0xF8, 0x00, 0x01, 0xFF,
    0xFF, 0x00, 0x00, 0x1F, 0xE7, 0xE0, 0x00, 0x00, 0xFC, 0x1C, 0x00, 0x00, 0x0E, 0x00, 0x7F, 0xFF,
    0xFF, 0xFF, 0xF7, 0xFF, 0xFF, 0xFF, 0xFF, 0xFF, 0xFF, 0xFF, 0xFF, 0xFF, 0xFF, 0xFF, 0xFF, 0xFF,
    0xFF, 0xFF, 0xFF, 0xFF, 0xEF, 0xFF, 0xFF, 0xFF, 0xFE, 0xFF, 0xFF, 0xFF, 0xFF, 0xE0, 0xFF, 0x81,
    0xFF, 0x01, 0xFF, 0x03, 0xFE, 0x03, 0xFE, 0x03, 0xFC, 0x07, 0xFC, 0x07, 0xFC, 0x0F, 0xF8, 0x0F,
    0xF8, 0x0F, 0xF0, 0x1F, 0xF0, 0x1F, 0xE0, 0x1F, 0xC0, 0x00, 0x03, 0xFF, 0x00, 0x00, 0x0F, 0xFF,
    0xF0, 0x00, 0x3F, 0xFF, 0xFC, 0x00, 0x3F, 0xFF, 0xFF, 0x00, 0x1F, 0xFF, 0xFF, 0xC0, 0x0F, 0xFF,
    0xFF, 0xE0, 0x03, 0xFF, 0xFF, 0xF8, 0x01, 0xF0, 0x1F, 0xFC, 0x00, 0xC0, 0x03, 0xFE, 0x00, 0x00,
    0x01, 0xFF, 0x00, 0x07, 0xF8, 0xFF, 0x80, 0x1F, 0xFF, 0xFF, 0xC0, 0x3F, 0xFF, 0xFF, 0xE0, 0x3F,
    0xFF, 0xFF, 0xF0, 0x3F, 0xFF, 0xFF, 0xF0, 0x3F, 0xFF, 0xFF, 0xF8, 0x3F, 0xFF, 0xFF, 0xFC, 0x1F,
    0xF8, 0x1F, 0xFE, 0x1F, 0xF0, 0x07, 0xFF, 0x0F, 0xF8, 0x01, 0xFF, 0x0F, 0xF8, 0x00, 0x7F, 0x87,
    0xFC, 0x00, 0x3F, 0xC3, 0xFC, 0x00, 0x1F, 0xE1, 0xFE, 0x00, 0x1F, 0xF0, 0xFF, 0x00, 0x0F, 0xF8,
    0x7F, 0x80, 0x0F, 0xF8, 0x3F, 0xE0, 0x0F, 0xFC, 0xDF, 0xF8, 0x1F, 0xFF, 0xEF, 0xFF, 0xFF, 0xFF,
    0xFF, 0xFF, 0xFF, 0xFF, 0xFD, 0xFF, 0xFF, 0xFF, 0xFE, 0x7F, 0xFF, 0xFF, 0xFE, 0x1F, 0xFF, 0xE7,
    0xFC, 0x07, 0xFF, 0xC1, 0xF8, 0x00, 0x7F, 0x80, 0x00, 0x00, 0x00, 0x78, 0x00, 0x00, 0x00, 0x3F,
    0xE0, 0x00, 0x00, 0x0F, 0xFF, 0x00, 0x00, 0x01, 0xFF, 0xF0, 0x00, 0x00, 0x1F, 0xFF, 0x00, 0x00,
    0x01, 0xFF, 0xF8, 0x00, 0x00, 0x0F, 0xFF, 0x00, 0x00, 0x00, 0xEF, 0xF0, 0x00, 0x00, 0x00, 0xFF,
    0x00, 0x00, 0x00, 0x0F, 0xF0, 0x00, 0x00, 0x00, 0xFF, 0x00, 0x00, 0x00, 0x1F, 0xF0, 0x00, 0x00,
    0x01, 0xFE, 0x00, 0x00, 0x00, 0x1F, 0xE0, 0x00, 0x00, 0x01, 0xFE, 0x00, 0x00, 0x00, 0x1F, 0xE0,
    0x00, 0x00, 0x03, 0xFE, 0x00, 0x00, 0x00, 0x3F, 0xE0, 0x00, 0x00, 0x03, 0xFC, 0x00, 0x00, 0x00,
    0x3F, 0xC1, 0xFF, 0x00, 0x03, 0xFC, 0xFF, 0xFC, 0x00, 0x3F, 0xFF, 0xFF, 0xF0, 0x07, 0xFF, 0xFF,
    0xFF, 0x80, 0x7F, 0xFF, 0xFF, 0xFC, 0x07, 0xFF, 0xFF, 0xFF, 0xE0, 0x7F, 0xFF, 0xFF, 0xFE, 0x07,
    0xFF, 0xE0, 0xFF, 0xF0, 0xFF, 0xF8, 0x03, 0xFF, 0x0F, 0xFE, 0x00, 0x1F, 0xF0, 0xFF, 0xC0, 0x01,
    0xFF, 0x0F, 0xFC, 0x00, 0x1F, 0xF0, 0xFF, 0x80, 0x00, 0xFF, 0x0F, 0xF0, 0x00, 0x0F, 0xF1, 0xFF,
    0x00, 0x00, 0xFF, 0x1F, 0xF0, 0x00, 0x0F, 0xF1, 0xFE, 0x00, 0x00, 0xFF, 0x1F, 0xE0, 0x00, 0x1F,
    0xF1, 0xFE, 0x00, 0x01, 0xFF, 0x3F, 0xE0, 0x00, 0x1F, 0xF3, 0xFE, 0x00, 0x01, 0xFE, 0x3F, 0xE0,
    0x00, 0x3F, 0xE3, 0xFE, 0x00, 0x03, 0xFE, 0x3F, 0xF0, 0x00, 0x7F, 0xC3, 0xFF, 0x00, 0x07, 0xFC,
    0x7F, 0xF8, 0x00, 0xFF, 0x87, 0xFF, 0xC0, 0x1F, 0xF8, 0x7F, 0xFE, 0x07, 0xFF, 0x07, 0xFF, 0xFF,
    0xFF, 0xE0, 0x7F, 0xFF, 0xFF, 0xFC, 0x07, 0xFF, 0xFF, 0xFF, 0x80, 0xFF, 0xFF, 0xFF, 0xF0, 0x0F,
    0xF3, 0xFF, 0xFE, 0x00, 0xFF, 0x1F, 0xFF, 0x80, 0x00, 0x00, 0x3F, 0xC0, 0x00, 0x00, 0x00, 0xFF,
    0x80, 0x00, 0x0F, 0xFF, 0xE0, 0x00, 0x7F, 0xFF, 0xF0, 0x03, 0xFF, 0xFF, 0xF0, 0x0F, 0xFF, 0xFF,
    0xC0, 0x3F, 0xFF, 0xFF, 0x80, 0xFF, 0xFF, 0xFE, 0x03, 0xFF, 0x80, 0xF8, 0x0F, 0xFC, 0x00, 0x20,
    0x3F, 0xF0, 0x00, 0x00, 0x7F, 0xC0, 0x00, 0x01, 0xFF, 0x00, 0x00, 0x03, 0xFC, 0x00, 0x00, 0x0F,
    0xF8, 0x00, 0x00, 0x1F, 0xF0, 0x00, 0x00, 0x3F, 0xC0, 0x00, 0x00, 0x7F, 0x80, 0x00, 0x01, 0xFF,
    0x00, 0x00, 0x03, 0xFE, 0x00, 0x00, 0x07, 0xFC, 0x00, 0x00, 0x0F, 0xF8, 0x00, 0x00, 0x1F, 0xF0,
    0x00, 0x00, 0x3F, 0xE0, 0x00, 0x00, 0x7F, 0xC0, 0x00, 0x00, 0xFF, 0x80, 0x00, 0x01, 0xFF, 0x80,
    0x00, 0x01, 0xFF, 0x80, 0x07, 0x03, 0xFF, 0xC0, 0x7E, 0x07, 0xFF, 0xFF, 0xFC, 0x07, 0xFF, 0xFF,
    0xF8, 0x07, 0xFF, 0xFF, 0xF0, 0x07, 0xFF, 0xFF, 0xE0, 0x07, 0xFF, 0xFF, 0x80, 0x03, 0xFF, 0xFC,
    0x00, 0x01, 0xFF, 0x80, 0x00, 0x00, 0x00, 0x00, 0x01, 0xE0, 0x00, 0x00, 0x00, 0x3F, 0xE0, 0x00,
    0x00, 0x03, 0xFF, 0xC0, 0x00, 0x00, 0x1F, 0xFF, 0x00, 0x00, 0x00, 0x7F, 0xFC, 0x00, 0x00, 0x01,
    0xFF, 0xF0, 0x00, 0x00, 0x07, 0xFF, 0xC0, 0x00, 0x00, 0x0E, 0xFF, 0x00, 0x00, 0x00, 0x03, 0xFC,
    0x00, 0x00, 0x00, 0x1F, 0xF0, 0x00, 0x00, 0x00, 0x7F, 0xC0, 0x00, 0x00, 0x01, 0xFE, 0x00, 0x00,
    0x00, 0x07, 0xF8, 0x00, 0x00, 0x00, 0x1F, 0xE0, 0x00, 0x00, 0x00, 0x7F, 0x80, 0x00, 0x00, 0x03,
    0xFE, 0x00, 0x00, 0x00, 0x0F, 0xF0, 0x00, 0x00, 0x00, 0x3F, 0xC0, 0x00, 0x00, 0x00, 0xFF, 0x00,
    0x00, 0xFF, 0x83, 0xFC, 0x00, 0x1F, 0xFF, 0x9F, 0xF0, 0x00, 0xFF, 0xFF, 0xFF, 0xC0, 0x0F, 0xFF,
    0xFF, 0xFE, 0x00, 0x7F, 0xFF, 0xFF, 0xF8, 0x03, 0xFF, 0xFF, 0xFF, 0xE0, 0x1F, 0xFF, 0xFF, 0xFF,
    0x80, 0xFF, 0xE0, 0x7F, 0xFE, 0x03, 0xFF, 0x00, 0xFF, 0xF8, 0x1F, 0xF0, 0x01, 0xFF, 0xC0, 0xFF,
    0xC0, 0x03, 0xFF, 0x03, 0xFE, 0x00, 0x0F, 0xFC, 0x0F, 0xF0, 0x00, 0x1F, 0xF0, 0x7F, 0xC0, 0x00,
    0x7F, 0xC1, 0xFF, 0x00, 0x01, 0xFE, 0x07, 0xF8, 0x00, 0x07, 0xF8, 0x3F, 0xE0, 0x00, 0x1F, 0xE0,
    0xFF, 0x80, 0x00, 0x7F, 0x83, 0xFE, 0x00, 0x03, 0xFE, 0x0F, 0xF8, 0x00, 0x0F, 0xF8, 0x3F, 0xE0,
    0x00, 0x3F, 0xC0, 0xFF, 0x80, 0x01, 0xFF, 0x03, 0xFE, 0x00, 0x07, 0xFC, 0x0F, 0xF8, 0x00, 0x3F,
    0xF0, 0x3F, 0xE0, 0x01, 0xFF, 0xC0, 0xFF, 0xC0, 0x0F, 0xFE, 0x03, 0xFF, 0x00, 0x7F, 0xF9, 0x87,
    0xFF, 0x07, 0xFF, 0xFF, 0x1F, 0xFF, 0xFF, 0xFF, 0xFC, 0x3F, 0xFF, 0xFF, 0xFF, 0xF0, 0xFF, 0xFF,
    0xFF, 0xFF, 0xC1, 0xFF, 0xFF, 0xFF, 0xFE, 0x03, 0xFF, 0xFE, 0x3F, 0xE0, 0x03, 0xFF, 0xE0, 0x7E,
    0x00, 0x03, 0xFC, 0x00, 0x00, 0x00, 0x00, 0x01, 0xFE, 0x00, 0x00, 0x1F, 0xFF, 0x80, 0x00, 0xFF,
    0xFF, 0x80, 0x07, 0xFF, 0xFF, 0x80, 0x1F, 0xFF, 0xFF, 0x80, 0x7F, 0xFF, 0xFF, 0x81, 0xFF, 0xFF,
    0xFF, 0x07, 0xFF, 0x07, 0xFF, 0x0F, 0xF8, 0x07, 0xFE, 0x3F, 0xE0, 0x07, 0xFC, 0xFF, 0x80, 0x0F,
    0xF9, 0xFF, 0x00, 0x0F, 0xF7, 0xFC, 0x00, 0x1F, 0xEF, 0xF8, 0x00, 0x3F, 0xDF, 0xFF, 0xFF, 0xFF,
    0xBF, 0xFF, 0xFF, 0xFF, 0xFF, 0xFF, 0xFF, 0xFF, 0xFF, 0xFF, 0xFF, 0xFF, 0xFF, 0xFF, 0xFF, 0xF7,
    0xFF, 0xFF, 0xFF, 0xEF, 0xFF, 0xFF, 0xFF, 0xDF, 0xE0, 0x00, 0x00, 0x3F, 0xE0, 0x00, 0x00, 0x7F,
    0xC0, 0x00, 0x00, 0xFF, 0x80, 0x00, 0x01, 0xFF, 0x80, 0x00, 0x03, 0xFF, 0x80, 0x07, 0x83, 0xFF,
    0x80, 0x7F, 0x07, 0xFF, 0xFF, 0xFC, 0x07, 0xFF, 0xFF, 0xF8, 0x07, 0xFF, 0xFF, 0xF0, 0x0F, 0xFF,
    0xFF, 0xE0, 0x07, 0xFF, 0xFF, 0x80, 0x07, 0xFF, 0xFC, 0x00, 0x01, 0xFF, 0x80, 0x00, 0x00, 0x00,
    0x3F, 0x80, 0x00, 0x0F, 0xFF, 0x00, 0x00, 0xFF, 0xFC, 0x00, 0x0F, 0xFF, 0xF0, 0x00, 0xFF, 0xFF,
    0x00, 0x0F, 0xFF, 0xF0, 0x00, 0xFF, 0xFF, 0x80, 0x07, 0xFC, 0x38, 0x00, 0x7F, 0xC0, 0x00, 0x03,
    0xFC, 0x00, 0x00, 0x1F, 0xE0, 0x00, 0x01, 0xFF, 0x00, 0x00, 0x0F, 0xF0, 0x00, 0x00, 0x7F, 0x80,
    0x00, 0x03, 0xFC, 0x00, 0x00, 0x1F, 0xE0, 0x00, 0x00, 0xFF, 0x00, 0x00, 0x0F, 0xF0, 0x00, 0x00,
    0x7F, 0x80, 0x00, 0x7F, 0xFF, 0xF8, 0x07, 0xFF, 0xFF, 0xC0, 0x3F, 0xFF, 0xFE, 0x01, 0xFF, 0xFF,
    0xF0, 0x0F, 0xFF, 0xFF, 0x80, 0x7F, 0xFF, 0xF8, 0x07, 0xFF, 0xFF, 0xC0, 0x00, 0xFF, 0x00, 0x00,
    0x07, 0xF8, 0x00, 0x00, 0x7F, 0xC0, 0x00, 0x03, 0xFC, 0x00, 0x00, 0x1F, 0xE0, 0x00, 0x00, 0xFF,
    0x00, 0x00, 0x07, 0xF8, 0x00, 0x00, 0x3F, 0xC0, 0x00, 0x03, 0xFC, 0x00, 0x00, 0x1F, 0xE0, 0x00,
    0x00, 0xFF, 0x00, 0x00, 0x07, 0xF8, 0x00, 0x00, 0x3F, 0xC0, 0x00, 0x03, 0xFE, 0x00, 0x00, 0x1F,
    0xE0, 0x00, 0x00, 0xFF, 0x00, 0x00, 0x07, 0xF8, 0x00, 0x00, 0x3F, 0xC0, 0x00, 0x01, 0xFE, 0x00,
    0x00, 0x1F, 0xF0, 0x00, 0x00, 0xFF, 0x00, 0x00, 0x07, 0xF8, 0x00, 0x00, 0x3F, 0xC0, 0x00, 0x01,
    0xFE, 0x00, 0x00, 0x0F, 0xF0, 0x00, 0x00, 0xFF, 0x00, 0x00, 0x03, 0xF8, 0x00, 0x00, 0x00, 0x00,
    0x01, 0xFF, 0x00, 0x00, 0x00, 0x7F, 0xFE, 0x3F, 0xC0, 0x07, 0xFF, 0xFF, 0xFE, 0x00, 0xFF, 0xFF,
    0xFF, 0xF0, 0x0F, 0xFF, 0xFF, 0xFF, 0x00, 0xFF, 0xFF, 0xFF, 0xF8, 0x0F, 0xFF, 0xFF, 0xFF, 0xC0,
    0xFF, 0xE0, 0x7F, 0xFE, 0x07, 0xFC, 0x01, 0xFF, 0xF0, 0x7F, 0xC0, 0x07, 0xFF, 0x87, 0xFE, 0x00,
    0x1F, 0xF8, 0x3F, 0xE0, 0x00, 0xFF, 0xC3, 0xFE, 0x00, 0x03, 0xFE, 0x1F, 0xF0, 0x00, 0x1F, 0xF0,
    0xFF, 0x80, 0x00, 0xFF, 0x87, 0xF8, 0x00, 0x07, 0xF8, 0x7F, 0xC0, 0x00, 0x3F, 0xC3, 0xFE, 0x00,
    0x01, 0xFE, 0x1F, 0xF0, 0x00, 0x0F, 0xF0, 0xFF, 0x80, 0x00, 0xFF, 0x87, 0xFC, 0x00, 0x07, 0xFC,
    0x3F, 0xE0, 0x00, 0x3F, 0xC1, 0xFF, 0x00, 0x03, 0xFE, 0x0F, 0xF8, 0x00, 0x3F, 0xF0, 0x7F, 0xC0,
    0x01, 0xFF, 0x83, 0xFF, 0x00, 0x1F, 0xFC, 0x1F, 0xF8, 0x03, 0xFF, 0xE0, 0x7F, 0xF0, 0x7F, 0xFE,
    0x03, 0xFF, 0xFF, 0xFF, 0xF0, 0x0F, 0xFF, 0xFF, 0xFF, 0x80, 0x7F, 0xFF, 0xFF, 0xFC, 0x01, 0xFF,
    0xFF, 0xFF, 0xE0, 0x07, 0xFF, 0xFF, 0xFE, 0x00, 0x0F, 0xFF, 0xCF, 0xF0, 0x00, 0x1F, 0xF0, 0x7F,
    0x80, 0x00, 0x00, 0x07, 0xFC, 0x00, 0x00, 0x00, 0x3F, 0xC0, 0x00, 0x00, 0x03, 0xFE, 0x00, 0x00,
    0x00, 0x1F, 0xF0, 0x00, 0x00, 0x01, 0xFF, 0x00, 0x00, 0x00, 0x1F, 0xF8, 0x03, 0xC0, 0x01, 0xFF,
    0x80, 0x1F, 0xC0, 0x3F, 0xF8, 0x00, 0xFF, 0xFF, 0xFF, 0xC0, 0x0F, 0xFF, 0xFF, 0xFC, 0x00, 0x7F,
    0xFF, 0xFF, 0xC0, 0x03, 0xFF, 0xFF, 0xF8, 0x00, 0x1F, 0xFF, 0xFF, 0x80, 0x00, 0x3F, 0xFF, 0xF0,
    0x00, 0x00, 0x1F, 0xF8, 0x00, 0x00, 0x00, 0x00, 0x78, 0x00, 0x00, 0x00, 0x7F, 0xC0, 0x00, 0x00,
    0x3F, 0xFC, 0x00, 0x00, 0x0F, 0xFF, 0x80, 0x00, 0x01, 0xFF, 0xF0, 0x00, 0x00, 0x3F, 0xFF, 0x00,
    0x00, 0x03, 0xFF, 0xC0, 0x00, 0x00, 0x77, 0xF8, 0x00, 0x00, 0x00, 0xFF, 0x00, 0x00, 0x00, 0x1F,
    0xE0, 0x00, 0x00, 0x03, 0xFC, 0x00, 0x00, 0x00, 0xFF, 0x80, 0x00, 0x00, 0x1F, 0xE0, 0x00, 0x00,
    0x03, 0xFC, 0x00, 0x00, 0x00, 0x7F, 0x80, 0x00, 0x00, 0x0F, 0xF0, 0x00, 0x00, 0x03, 0xFE, 0x00,
    0x00, 0x00, 0x7F, 0xC0, 0x00, 0x00, 0x0F, 0xF0, 0x00, 0x00, 0x01, 0xFE, 0x1F, 0xF0, 0x00, 0x3F,
    0xCF, 0xFF, 0x80, 0x07, 0xFF, 0xFF, 0xFC, 0x01, 0xFF, 0xFF, 0xFF, 0x80, 0x3F, 0xFF, 0xFF, 0xF8,
    0x07, 0xFF, 0xFF, 0xFF, 0x80, 0xFF, 0xFF, 0xFF, 0xF0, 0x1F, 0xFF, 0x07, 0xFE, 0x07, 0xFF, 0x80,
    0x7F, 0xC0, 0xFF, 0xE0, 0x0F, 0xF8, 0x1F, 0xF8, 0x01, 0xFF, 0x03, 0xFE, 0x00, 0x3F, 0xE0, 0x7F,
    0xC0, 0x07, 0xFC, 0x0F, 0xF0, 0x00, 0xFF, 0x03, 0xFE, 0x00, 0x1F, 0xE0, 0x7F, 0xC0, 0x03, 0xFC,
    0x0F, 0xF0, 0x00, 0x7F, 0x81, 0xFE, 0x00, 0x1F, 0xF0, 0x3F, 0xC0, 0x03, 0xFE, 0x0F, 0xF8, 0x00,
    0x7F, 0x81, 0xFF, 0x00, 0x0F, 0xF0, 0x3F, 0xC0, 0x01, 0xFE, 0x07, 0xF8, 0x00, 0x7F, 0xC0, 0xFF,
    0x00, 0x0F, 0xF8, 0x1F, 0xE0, 0x01, 0xFF, 0x07, 0xFC, 0x00, 0x3F, 0xC0, 0xFF, 0x80, 0x07, 0xF9,
    0x9F, 0xE0, 0x00, 0xFF, 0xF3, 0xFC, 0x00, 0x3F, 0xFF, 0x7F, 0x80, 0x07, 0xFF, 0xEF, 0xF0, 0x00,
    0x7F, 0xFF, 0xFE, 0x00, 0x0F, 0xFF, 0x7F, 0x80, 0x00, 0xFF, 0x8F, 0xF0, 0x00, 0x0F, 0xC0, 0x00,
    0x3C, 0x00, 0xFE, 0x01, 0xFF, 0x03, 0xFF, 0x03, 0xFF, 0x03, 0xFF, 0x03, 0xFE, 0x03, 0xFE, 0x01,
    0xFC, 0x00, 0xF0, 0x00, 0x00, 0x00, 0x00, 0x00, 0x00, 0x00, 0x00, 0x00, 0x00, 0x07, 0xE0, 0x3F,
    0xF0, 0x7F, 0xF8, 0xFF, 0xF8, 0xFF, 0xF8, 0xFF, 0xF8, 0xFF, 0xF8, 0x67, 0xF8, 0x0F, 0xF0, 0x0F,
    0xF0, 0x0F, 0xF0, 0x0F, 0xF0, 0x0F, 0xF0, 0x1F, 0xF0, 0x1F, 0xE0, 0x1F, 0xE0, 0x1F, 0xE0, 0x1F,
    0xE0, 0x1F, 0xE0, 0x3F, 0xE0, 0x3F, 0xC0, 0x3F, 0xC0, 0x3F, 0xC0, 0x3F, 0xC0, 0x3F, 0xC0, 0x7F,
    0x80, 0x7F, 0xB8, 0x7F, 0xF8, 0x7F, 0xFC, 0x7F, 0xFC, 0x7F, 0xFC, 0x7F, 0xF8, 0x3F, 0xE0, 0x1F,
    0x80, 0x00, 0x00, 0x07, 0x80, 0x00, 0x00, 0xFE, 0x00, 0x00, 0x1F, 0xE0, 0x00, 0x03, 0xFF, 0x00,
    0x00, 0x3F, 0xF0, 0x00, 0x07, 0xFF, 0x00, 0x00, 0x7F, 0xE0, 0x00, 0x07, 0xFE, 0x00, 0x00, 0x3F,
    0xC0, 0x00, 0x03, 0xFC, 0x00, 0x00, 0x1F, 0x00, 0x00, 0x00, 0x00, 0x00, 0x00, 0x00, 0x00, 0x00,
    0x00, 0x00, 0x00, 0x00, 0x00, 0x00, 0x00, 0x00, 0x00, 0x00, 0x00, 0xFE, 0x00, 0x00, 0x3F, 0xF0,
    0x00, 0x0F, 0xFF, 0x80, 0x00, 0xFF, 0xF8, 0x00, 0x0F, 0xFF, 0x80, 0x00, 0xFF, 0xF8, 0x00, 0x07,
    0xFF, 0x80, 0x00, 0x07, 0xF8, 0x00, 0x00, 0xFF, 0x00, 0x00, 0x0F, 0xF0, 0x00, 0x00, 0xFF, 0x00,
    0x00, 0x0F, 0xF0, 0x00, 0x00, 0xFF, 0x00, 0x00, 0x1F, 0xE0, 0x00, 0x01, 0xFE, 0x00, 0x00, 0x1F,
    0xE0, 0x00, 0x01, 0xFE, 0x00, 0x00, 0x1F, 0xE0, 0x00, 0x01, 0xFE, 0x00, 0x00, 0x3F, 0xC0, 0x00,
    0x03, 0xFC, 0x00, 0x00, 0x3F, 0xC0, 0x00, 0x03, 0xFC, 0x00, 0x00, 0x3F, 0xC0, 0x00, 0x03, 0xFC,
    0x00, 0x00, 0x7F, 0x80, 0x00, 0x07, 0xF8, 0x00, 0x00, 0x7F, 0x80, 0x00, 0x07, 0xF8, 0x00, 0x00,
    0x7F, 0x80, 0x00, 0x0F, 0xF0, 0x00, 0x00, 0xFF, 0x00, 0x00, 0x0F, 0xF0, 0x00, 0x00, 0xFF, 0x00,
    0x00, 0x0F, 0xF0, 0x00, 0x00, 0xFF, 0x00, 0x00, 0x1F, 0xE0, 0x00, 0x01, 0xFE, 0x00, 0x00, 0x1F,
    0xE0, 0x00, 0x01, 0xFE, 0x00, 0x00, 0x3F, 0xC0, 0x07, 0x87, 0xFC, 0x00, 0x7F, 0xFF, 0xC0, 0x07,
    0xFF, 0xF8, 0x00, 0x7F, 0xFF, 0x80, 0x0F, 0xFF, 0xF0, 0x00, 0xFF, 0xFE, 0x00, 0x07, 0xFF, 0x80,
    0x00, 0x1F, 0xE0, 0x00, 0x00, 0x00, 0xFC, 0x00, 0x00, 0x01, 0xFF, 0xC0, 0x00, 0x00, 0xFF, 0xF0,
    0x00, 0x00, 0x7F, 0xFC, 0x00, 0x00, 0x1F, 0xFF, 0x80, 0x00, 0x07, 0xFF, 0xE0, 0x00, 0x00, 0xFF,
    0xF0, 0x00, 0x00, 0x33, 0xFC, 0x00, 0x00, 0x00, 0xFF, 0x00, 0x00, 0x00, 0x3F, 0xC0, 0x00, 0x00,
    0x1F, 0xF0, 0x00, 0x00, 0x07, 0xFC, 0x00, 0x00, 0x01, 0xFE, 0x00, 0x00, 0x00, 0x7F, 0x80, 0x00,
    0x00, 0x1F, 0xE0, 0x00, 0x00, 0x07, 0xF8, 0x00, 0x00, 0x03, 0xFE, 0x00, 0x00, 0x00, 0xFF, 0x80,
    0x00, 0x00, 0x3F, 0xC0, 0x00, 0x00, 0x0F, 0xF0, 0x00, 0x0C, 0x03, 0xFC, 0x00, 0x0F, 0x81, 0xFF,
    0x00, 0x07, 0xE0, 0x7F, 0xC0, 0x07, 0xFC, 0x1F, 0xE0, 0x07, 0xFF, 0x07, 0xF8, 0x03, 0xFF, 0xC1,
    0xFE, 0x03, 0xFF, 0xE0, 0x7F, 0x81, 0xFF, 0xE0, 0x3F, 0xE1, 0xFF, 0xF0, 0x0F, 0xF9, 0xFF, 0xF0,
    0x03, 0xFC, 0xFF, 0xF0, 0x00, 0xFF, 0xFF, 0xF8, 0x00, 0x3F, 0xFF, 0xF8, 0x00, 0x0F, 0xFF, 0xFE,
    0x00, 0x07, 0xFF, 0xFF, 0xC0, 0x01, 0xFF, 0xFF, 0xF0, 0x00, 0x7F, 0xFF, 0xFC, 0x00, 0x1F, 0xFF,
    0xFF, 0x80, 0x07, 0xFE, 0x7F, 0xE0, 0x03, 0xFF, 0x0F, 0xF8, 0x00, 0xFF, 0x83, 0xFF, 0x00, 0x3F,
    0xC0, 0xFF, 0xC0, 0x0F, 0xF0, 0x1F, 0xF0, 0x03, 0xFC, 0x07, 0xFE, 0x00, 0xFF, 0x01, 0xFF, 0x80,
    0x7F, 0xC0, 0x3F, 0xF0, 0x1F, 0xF0, 0x0F, 0xFD, 0xE7, 0xF8, 0x03, 0xFF, 0xF9, 0xFE, 0x00, 0x7F,
    0xFF, 0x7F, 0x80, 0x1F, 0xFF, 0xDF, 0xE0, 0x07, 0xFF, 0xEF, 0xF8, 0x00, 0xFF, 0xF3, 0xFC, 0x00,
    0x1F, 0xF0, 0xFF, 0x00, 0x03, 0xF0, 0x00, 0x00, 0x60, 0x07, 0xF8, 0x3F, 0xF1, 0xFF, 0xF3, 0xFF,
    0xE7, 0xFF, 0xCF, 0xFF, 0x8E, 0xFF, 0x01, 0xFE, 0x07, 0xFC, 0x0F, 0xF0, 0x1F, 0xE0, 0x3F, 0xC0,
    0x7F, 0x80, 0xFF, 0x03, 0xFE, 0x07, 0xF8, 0x0F, 0xF0, 0x1F, 0xE0, 0x3F, 0xC0, 0x7F, 0x81, 0xFE,
    0x03, 0xFC, 0x07, 0xF8, 0x0F, 0xF0, 0x1F, 0xE0, 0x7F, 0xC0, 0xFF, 0x01, 0xFE, 0x03, 0xFC, 0x07,
    0xF8, 0x0F, 0xF0, 0x3F, 0xE0, 0x7F, 0x80, 0xFF, 0x01, 0xFE, 0x03, 0xFC, 0x07, 0xF8, 0x1F, 0xE0,
    0x3F, 0xC0, 0x7F, 0x80, 0xFF, 0x01, 0xFE, 0x07, 0xFC, 0x0F, 0xF0, 0x1F, 0xE0, 0x3F, 0xDC, 0x7F,
    0xF8, 0xFF, 0xF9, 0xFF, 0xF3, 0xFF, 0xE7, 0xFF, 0x87, 0xFC, 0x07, 0xE0, 0x00, 0x00, 0x00, 0x3F,
    0xC0, 0x03, 0xFC, 0x00, 0x0F, 0xC1, 0xFF, 0xE0, 0x3F, 0xFF, 0x00, 0x7F, 0xCF, 0xFF, 0xF1, 0xFF,
    0xFF, 0x03, 0xFF, 0xFF, 0xFF, 0xF7, 0xFF, 0xFF, 0x0F, 0xFF, 0xFF, 0xFF, 0xFF, 0xFF, 0xFE, 0x1F,
    0xFF, 0xFF, 0xFF, 0xFF, 0xFF, 0xFE, 0x3F, 0xFF, 0xFF, 0xFF, 0xFF, 0xFF, 0xFC, 0x7F, 0xFF, 0xFF,
    0xFF, 0xFF, 0xFF, 0xF8, 0x67, 0xFF, 0xC3, 0xFF, 0xF8, 0x3F, 0xF0, 0x0F, 0xFE, 0x03, 0xFF, 0xC0,
    0x3F, 0xE0, 0x1F, 0xF8, 0x07, 0xFF, 0x00, 0x7F, 0xC0, 0x7F, 0xE0, 0x07, 0xFE, 0x00, 0xFF, 0x80,
    0xFF, 0x80, 0x0F, 0xF8, 0x01, 0xFF, 0x01, 0xFF, 0x00, 0x1F, 0xF0, 0x03, 0xFE, 0x03, 0xFE, 0x00,
    0x7F, 0xC0, 0x07, 0xFC, 0x07, 0xF8, 0x00, 0xFF, 0x80, 0x0F, 0xF0, 0x1F, 0xF0, 0x01, 0xFF, 0x00,
    0x1F, 0xE0, 0x3F, 0xE0, 0x03, 0xFC, 0x00, 0x3F, 0xC0, 0x7F, 0x80, 0x07, 0xF8, 0x00, 0xFF, 0x80,
    0xFF, 0x00, 0x1F, 0xF0, 0x01, 0xFF, 0x01, 0xFE, 0x00, 0x3F, 0xE0, 0x03, 0xFC, 0x03, 0xFC, 0x00,
    0x7F, 0xC0, 0x07, 0xF8, 0x0F, 0xF8, 0x00, 0xFF, 0x00, 0x0F, 0xF0, 0x1F, 0xF0, 0x01, 0xFE, 0x00,
    0x3F, 0xE0, 0x3F, 0xC0, 0x03, 0xFC, 0x00, 0x7F, 0xC0, 0x7F, 0x80, 0x0F, 0xF8, 0x00, 0xFF, 0x80,
    0xFF, 0x00, 0x1F, 0xF0, 0x01, 0xFE, 0x63, 0xFE, 0x00, 0x3F, 0xE0, 0x03, 0xFF, 0xE7, 0xFC, 0x00,
    0x7F, 0x80, 0x07, 0xFF, 0xCF, 0xF0, 0x00, 0xFF, 0x00, 0x0F, 0xFF, 0xDF, 0xE0, 0x03, 0xFE, 0x00,
    0x1F, 0xFF, 0x3F, 0xC0, 0x07, 0xFC, 0x00, 0x3F, 0xFC, 0x7F, 0x80, 0x0F, 0xF8, 0x00, 0x3F, 0xE0,
    0xFE, 0x00, 0x1F, 0xE0, 0x00, 0x3F, 0x00, 0x00, 0x00, 0x1F, 0xE0, 0x00, 0x7E, 0x0F, 0xFF, 0x80,
    0x1F, 0xF1, 0xFF, 0xFE, 0x07, 0xFF, 0xFF, 0xFF, 0xF0, 0xFF, 0xFF, 0xFF, 0xFF, 0x0F, 0xFF, 0xFF,
    0xFF, 0xF8, 0xFF, 0xFF, 0xFF, 0xFF, 0x8F, 0xFF, 0xFF, 0xFF, 0xF8, 0x67, 0xFF, 0xC1, 0xFF, 0x80,
    0x7F, 0xF0, 0x0F, 0xF8, 0x0F, 0xFE, 0x00, 0xFF, 0x80, 0xFF, 0xC0, 0x07, 0xF8, 0x0F, 0xF8, 0x00,
    0x7F, 0x80, 0xFF, 0x80, 0x0F, 0xF8, 0x0F, 0xF0, 0x00, 0xFF, 0x80, 0xFF, 0x00, 0x0F, 0xF0, 0x1F,
    0xF0, 0x00, 0xFF, 0x01, 0xFE, 0x00, 0x0F, 0xF0, 0x1F, 0xE0, 0x00, 0xFF, 0x01, 0xFE, 0x00, 0x1F,
    0xF0, 0x1F, 0xE0, 0x01, 0xFF, 0x03, 0xFE, 0x00, 0x1F, 0xE0, 0x3F, 0xE0, 0x01, 0xFE, 0x03, 0xFC,
    0x00, 0x1F, 0xE0, 0x3F, 0xC0, 0x03, 0xFE, 0x03, 0xFC, 0x00, 0x3F, 0xE0, 0x3F, 0xC0, 0x03, 0xFE,
    0xC7, 0xFC, 0x00, 0x3F, 0xFE, 0x7F, 0x80, 0x03, 0xFF, 0xE7, 0xF8, 0x00, 0x3F, 0xFF, 0x7F, 0x80,
    0x03, 0xFF, 0xE7, 0xF8, 0x00, 0x3F, 0xFC, 0x7F, 0x80, 0x01, 0xFF, 0x87, 0xF0, 0x00, 0x0F, 0xC0,
    0x00, 0x01, 0xFF, 0x00, 0x00, 0x0F, 0xFF, 0xF0, 0x00, 0x0F, 0xFF, 0xFC, 0x00, 0x1F, 0xFF, 0xFF,
    0x00, 0x1F, 0xFF, 0xFF, 0xC0, 0x1F, 0xFF, 0xFF, 0xF0, 0x1F, 0xFF, 0xFF, 0xFC, 0x1F, 0xFC, 0x0F,
    0xFE, 0x1F, 0xF8, 0x03, 0xFF, 0x0F, 0xF8, 0x00, 0xFF, 0xCF, 0xF8, 0x00, 0x3F, 0xE7, 0xFC, 0x00,
    0x1F, 0xF7, 0xFC, 0x00, 0x0F, 0xFB, 0xFE, 0x00, 0x07, 0xFD, 0xFE, 0x00, 0x03, 0xFF, 0xFF, 0x00,
    0x01, 0xFF, 0xFF, 0x80, 0x00, 0xFF, 0xFF, 0x80, 0x00, 0x7F, 0xFF, 0xC0, 0x00, 0x3F, 0xDF, 0xE0,
    0x00, 0x1F, 0xEF, 0xF0, 0x00, 0x1F, 0xF7, 0xF8, 0x00, 0x0F, 0xFB, 0xFC, 0x00, 0x0F, 0xF9, 0xFF,
    0x00, 0x07, 0xFC, 0xFF, 0x80, 0x07, 0xFC, 0x7F, 0xE0, 0x07, 0xFE, 0x3F, 0xF0, 0x07, 0xFE, 0x0F,
    0xFE, 0x0F, 0xFE, 0x07, 0xFF, 0xFF, 0xFF, 0x01, 0xFF, 0xFF, 0xFF, 0x00, 0xFF, 0xFF, 0xFF, 0x00,
    0x3F, 0xFF, 0xFE, 0x00, 0x0F, 0xFF, 0xFE, 0x00, 0x01, 0xFF, 0xFC, 0x00, 0x00, 0x1F, 0xF0, 0x00,
    0x00, 0x00, 0x00, 0x03, 0xFC, 0x00, 0x0F, 0xE0, 0x7F, 0xFC, 0x00, 0xFF, 0xC7, 0xFF, 0xFC, 0x07,
    0xFF, 0xFF, 0xFF, 0xF8, 0x3F, 0xFF, 0xFF, 0xFF, 0xF0, 0xFF, 0xFF, 0xFF, 0xFF, 0xE3, 0xFF, 0xFF,
    0xFF, 0xFF, 0x87, 0xFF, 0xFE, 0x0F, 0xFE, 0x11, 0xFF, 0xE0, 0x0F, 0xFC, 0x07, 0xFF, 0x00, 0x3F,
    0xF0, 0x3F, 0xF8, 0x00, 0x7F, 0xC0, 0xFF, 0xC0, 0x01, 0xFF, 0x03, 0xFE, 0x00, 0x07, 0xFC, 0x0F,
    0xF8, 0x00, 0x1F, 0xF0, 0x3F, 0xC0, 0x00, 0x3F, 0xC0, 0xFF, 0x00, 0x01, 0xFF, 0x07, 0xFC, 0x00,
    0x07, 0xFC, 0x1F, 0xE0, 0x00, 0x1F, 0xF0, 0x7F, 0x80, 0x00, 0x7F, 0xC1, 0xFE, 0x00, 0x01, 0xFE,
    0x07, 0xF8, 0x00, 0x0F, 0xF8, 0x1F, 0xE0, 0x00, 0x3F, 0xE0, 0xFF, 0xC0, 0x00, 0xFF, 0x83, 0xFF,
    0x00, 0x07, 0xFC, 0x0F, 0xFC, 0x00, 0x3F, 0xF0, 0x3F, 0xF8, 0x00, 0xFF, 0x80, 0xFF, 0xF0, 0x07,
    0xFE, 0x07, 0xFF, 0xE0, 0x7F, 0xF0, 0x1F, 0xFF, 0xFF, 0xFF, 0x80, 0x7F, 0xFF, 0xFF, 0xFC, 0x01,
    0xFF, 0xFF, 0xFF, 0xE0, 0x07, 0xFF, 0xFF, 0xFF, 0x00, 0x1F, 0xFF, 0xFF, 0xF8, 0x00, 0xFF, 0x9F,
    0xFF, 0x80, 0x03, 0xFC, 0x1F, 0xF0, 0x00, 0x0F, 0xF0, 0x00, 0x00, 0x00, 0x3F, 0xC0, 0x00, 0x00,
    0x00, 0xFF, 0x00, 0x00, 0x00, 0x07, 0xFC, 0x00, 0x00, 0x00, 0x1F, 0xF0, 0x00, 0x00, 0x00, 0x7F,
    0x80, 0x00, 0x00, 0x01, 0xFE, 0x00, 0x00, 0x00, 0x07, 0xF8, 0x00, 0x00, 0x00, 0x1F, 0xE0, 0x00,
    0x00, 0x00, 0xFF, 0x80, 0x00, 0x00, 0x03, 0xFE, 0x00, 0x00, 0x00, 0x0F, 0xF0, 0x00, 0x00, 0x00,
    0x3F, 0xC0, 0x00, 0x00, 0x00, 0xFF, 0x00, 0x00, 0x00, 0x00, 0x00, 0x03, 0xFE, 0x00, 0x00, 0x01,
    0xFF, 0xFC, 0xFF, 0x00, 0x3F, 0xFF, 0xEF, 0xF0, 0x0F, 0xFF, 0xFF, 0xFF, 0x01, 0xFF, 0xFF, 0xFF,
    0xE0, 0x3F, 0xFF, 0xFF, 0xFE, 0x07, 0xFF, 0xFF, 0xFF, 0xE0, 0xFF, 0xE0, 0x7F, 0xFE, 0x0F, 0xF8,
    0x03, 0xFF, 0xE1, 0xFF, 0x00, 0x1F, 0xFE, 0x3F, 0xF0, 0x00, 0xFF, 0xC3, 0xFE, 0x00, 0x0F, 0xFC,
    0x3F, 0xC0, 0x00, 0x7F, 0xC7, 0xFC, 0x00, 0x07, 0xFC, 0x7F, 0xC0, 0x00, 0x7F, 0xC7, 0xF8, 0x00,
    0x07, 0xF8, 0xFF, 0x80, 0x00, 0x7F, 0x8F, 0xF8, 0x00, 0x07, 0xF8, 0xFF, 0x80, 0x00, 0x7F, 0x8F,
    0xF8, 0x00, 0x0F, 0xF8, 0xFF, 0x80, 0x00, 0xFF, 0x8F, 0xF8, 0x00, 0x0F, 0xF0, 0xFF, 0x80, 0x01,
    0xFF, 0x0F, 0xF8, 0x00, 0x3F, 0xF0, 0xFF, 0x80, 0x03, 0xFF, 0x0F, 0xFC, 0x00, 0x7F, 0xF0, 0xFF,
    0xC0, 0x1F, 0xFF, 0x07, 0xFF, 0x07, 0xFF, 0xE0, 0x7F, 0xFF, 0xFF, 0xFE, 0x03, 0xFF, 0xFF, 0xFF,
    0xE0, 0x3F, 0xFF, 0xFF, 0xFE, 0x01, 0xFF, 0xFF, 0xFF, 0xE0, 0x0F, 0xFF, 0xFF, 0xFC, 0x00, 0x3F,
    0xFF, 0x3F, 0xC0, 0x00, 0xFF, 0x83, 0xFC, 0x00, 0x00, 0x00, 0x3F, 0xC0, 0x00, 0x00, 0x07, 0xFC,
    0x00, 0x00, 0x00, 0x7F, 0xC0, 0x00, 0x00, 0x07, 0xF8, 0x00, 0x00, 0x00, 0x7F, 0x80, 0x00, 0x00,
    0x07, 0xF8, 0x00, 0x00, 0x00, 0x7F, 0x80, 0x00, 0x00, 0x0F, 0xF8, 0x00, 0x00, 0x00, 0xFF, 0x00,
    0x00, 0x00, 0x0F, 0xF0, 0x00, 0x00, 0x00, 0xFF, 0x00, 0x00, 0x00, 0x0F, 0xF0, 0x00, 0x00, 0x00,
    0xFF, 0x00, 0x00, 0x00, 0x1F, 0xE0, 0x00, 0x07, 0xC0, 0x3F, 0x03, 0xFE, 0x3F, 0xFD, 0xFF, 0xCF,
    0xFF, 0xFF, 0xFF, 0xFF, 0xFF, 0xFF, 0xFF, 0xFF, 0xFF, 0xFF, 0xFF, 0xBF, 0xFF, 0xFF, 0xE3, 0x3F,
    0xFC, 0x1C, 0x0F, 0xFF, 0x00, 0x01, 0xFF, 0xC0, 0x00, 0x3F, 0xF0, 0x00, 0x07, 0xFE, 0x00, 0x00,
    0xFF, 0x80, 0x00, 0x1F, 0xF0, 0x00, 0x07, 0xFC, 0x00, 0x00, 0xFF, 0x80, 0x00, 0x1F, 0xE0, 0x00,
    0x03, 0xFC, 0x00, 0x00, 0x7F, 0x80, 0x00, 0x0F, 0xF0, 0x00, 0x03, 0xFE, 0x00, 0x00, 0x7F, 0x80,
    0x00, 0x0F, 0xF0, 0x00, 0x01, 0xFE, 0x00, 0x00, 0x3F, 0xC0, 0x00, 0x0F, 0xF8, 0x00, 0x01, 0xFE,
    0x00, 0x00, 0x3F, 0xC0, 0x00, 0x07, 0xF8, 0x00, 0x00, 0xFF, 0x00, 0x00, 0x1F, 0xE0, 0x00, 0x07,
    0xF8, 0x00, 0x00, 0x7F, 0x00, 0x00, 0x00, 0x00, 0x03, 0xFC, 0x00, 0x01, 0xFF, 0xFC, 0x00, 0x7F,
    0xFF, 0xF0, 0x1F, 0xFF, 0xFF, 0x03, 0xFF, 0xFF, 0xF0, 0x7F, 0xFF, 0xFF, 0x07, 0xFF, 0xFF, 0x60,
    0xFF, 0xC0, 0xEC, 0x0F, 0xF0, 0x01, 0xC0, 0xFF, 0x00, 0x00, 0x1F, 0xF0, 0x00, 0x01, 0xFF, 0x00,
    0x00, 0x1F, 0xFC, 0x00, 0x01, 0xFF, 0xFC, 0x00, 0x1F, 0xFF, 0xF8, 0x00, 0xFF, 0xFF, 0xE0, 0x0F,
    0xFF, 0xFF, 0x00, 0x7F, 0xFF, 0xF8, 0x01, 0xFF, 0xFF, 0xC0, 0x07, 0xFF, 0xFC, 0x00, 0x1F, 0xFF,
    0xC0, 0x00, 0x1F, 0xFC, 0x00, 0x00, 0x7F, 0xC0, 0x00, 0x03, 0xFC, 0x00, 0x00, 0x3F, 0xC7, 0x00,
    0x07, 0xFC, 0xFC, 0x00, 0x7F, 0x8F, 0xF0, 0x1F, 0xF8, 0xFF, 0xFF, 0xFF, 0x0F, 0xFF, 0xFF, 0xF0,
    0xFF, 0xFF, 0xFE, 0x0F, 0xFF, 0xFF, 0xC0, 0x7F, 0xFF, 0xF0, 0x01, 0xFF, 0xFE, 0x00, 0x03, 0xFE,
    0x00, 0x00, 0x00, 0x3F, 0x00, 0x01, 0xFE, 0x00, 0x03, 0xFC, 0x00, 0x07, 0xF8, 0x00, 0x0F, 0xF0,
    0x00, 0x1F, 0xE0, 0x00, 0x7F, 0xC0, 0x00, 0xFF, 0x00, 0x01, 0xFE, 0x00, 0x7F, 0xFF, 0xFD, 0xFF,
    0xFF, 0xFB, 0xFF, 0xFF, 0xF7, 0xFF, 0xFF, 0xEF, 0xFF, 0xFF, 0x9F, 0xFF, 0xFF, 0x7F, 0xFF, 0xFE,
    0x03, 0xFC, 0x00, 0x07, 0xF8, 0x00, 0x1F, 0xE0, 0x00, 0x3F, 0xC0, 0x00, 0x7F, 0x80, 0x00, 0xFF,
    0x00, 0x01, 0xFE, 0x00, 0x07, 0xFC, 0x00, 0x0F, 0xF0, 0x00, 0x1F, 0xE0, 0x00, 0x3F, 0xC0, 0x00,
    0x7F, 0x80, 0x00, 0xFF, 0x00, 0x03, 0xFE, 0x00, 0x07, 0xF8, 0x00, 0x0F, 0xF0, 0x00, 0x1F, 0xE0,
    0x00, 0x3F, 0xC0, 0x00, 0x7F, 0x80, 0x81, 0xFF, 0x0F, 0x83, 0xFF, 0xFF, 0x03, 0xFF, 0xFC, 0x07,
    0xFF, 0xF8, 0x0F, 0xFF, 0xF0, 0x0F, 0xFF, 0xE0, 0x0F, 0xFF, 0x00, 0x07, 0xF0, 0x00, 0x01, 0xC0,
    0x00, 0x07, 0xC0, 0xFF, 0x80, 0x01, 0xFE, 0x3F, 0xF8, 0x00, 0x1F, 0xE7, 0xFF, 0xC0, 0x01, 0xFE,
    0xFF, 0xFC, 0x00, 0x1F, 0xE7, 0xFF, 0xC0, 0x01, 0xFE, 0x7F, 0xFC, 0x00, 0x3F, 0xE7, 0x3F, 0xC0,
    0x03, 0xFC, 0x07, 0xFC, 0x00, 0x3F, 0xC0, 0x7F, 0xC0, 0x03, 0xFC, 0x07, 0xF8, 0x00, 0x3F, 0xC0,
    0x7F, 0x80, 0x03, 0xFC, 0x07, 0xF8, 0x00, 0x7F, 0xC0, 0xFF, 0x80, 0x07, 0xF8, 0x0F, 0xF8, 0x00,
    0x7F, 0x80, 0xFF, 0x80, 0x07, 0xF8, 0x0F, 0xF0, 0x00, 0x7F, 0x80, 0xFF, 0x00, 0x0F, 0xF8, 0x0F,
    0xF0, 0x00, 0xFF, 0x81, 0xFF, 0x00, 0x0F, 0xF0, 0x1F, 0xF0, 0x00, 0xFF, 0x01, 0xFE, 0x00, 0x1F,
    0xF0, 0x1F, 0xE0, 0x01, 0xFF, 0x01, 0xFE, 0x00, 0x3F, 0xF0, 0x1F, 0xF0, 0x07, 0xFE, 0x01, 0xFF,
    0x00, 0xFF, 0xE0, 0x1F, 0xF8, 0x3F, 0xFE, 0xE1, 0xFF, 0xFF, 0xFF, 0xFF, 0x1F, 0xFF, 0xFF, 0xFF,
    0xF0, 0xFF, 0xFF, 0xFF, 0xFF, 0x0F, 0xFF, 0xFF, 0xFF, 0xE0, 0x7F, 0xFF, 0x8F, 0xFC, 0x03, 0xFF,
    0xF0, 0x7E, 0x00, 0x07, 0xF8, 0x00, 0x00, 0x03, 0xF0, 0x00, 0x03, 0xC0, 0xFF, 0xC0, 0x00, 0x3F,
    0xCF, 0xFE, 0x00, 0x01, 0xFE, 0xFF, 0xF8, 0x00, 0x1F, 0xEF, 0xFF, 0xC0, 0x00, 0xFF, 0x3F, 0xFE,
    0x00, 0x0F, 0xF1, 0xFF, 0xF8, 0x00, 0x7F, 0x86, 0x7F, 0xC0, 0x07, 0xF8, 0x03, 0xFE, 0x00, 0x7F,
    0x80, 0x1F, 0xF0, 0x03, 0xFC, 0x00, 0x7F, 0x80, 0x3F, 0xC0, 0x03, 0xFC, 0x01, 0xFE, 0x00, 0x1F,
    0xF0, 0x1F, 0xE0, 0x00, 0xFF, 0x81, 0xFF, 0x00, 0x07, 0xFC, 0x0F, 0xF0, 0x00, 0x1F, 0xE0, 0xFF,
    0x00, 0x00, 0xFF, 0x07, 0xF8, 0x00, 0x07, 0xFC, 0x7F, 0x80, 0x00, 0x3F, 0xE7, 0xFC, 0x00, 0x01,
    0xFF, 0x3F, 0xC0, 0x00, 0x07, 0xFB, 0xFC, 0x00, 0x00, 0x3F, 0xDF, 0xE0, 0x00, 0x01, 0xFF, 0xFE,
    0x00, 0x00, 0x0F, 0xFF, 0xF0, 0x00, 0x00, 0x7F, 0xFF, 0x00, 0x00, 0x01, 0xFF, 0xF0, 0x00, 0x00,
    0x0F, 0xFF, 0x80, 0x00, 0x00, 0x7F, 0xF8, 0x00, 0x00, 0x03, 0xFF, 0xC0, 0x00, 0x00, 0x1F, 0xFC,
    0x00, 0x00, 0x00, 0x7F, 0xC0, 0x00, 0x00, 0x03, 0xFE, 0x00, 0x00, 0x00, 0x1F, 0xE0, 0x00, 0x00,
    0x00, 0x00, 0x00, 0x00, 0x00, 0x01, 0x00, 0x7F, 0x00, 0x0F, 0xE0, 0x00, 0x1F, 0x0F, 0xFC, 0x01,
    0xFF, 0x80, 0x00, 0xFF, 0xFF, 0xF0, 0x1F, 0xFE, 0x00, 0x0F, 0xFF, 0xFF, 0x81, 0xFF, 0xF0, 0x00,
    0x7F, 0xFF, 0xFC, 0x0F, 0xFF, 0xC0, 0x07, 0xFB, 0xFF, 0xF0, 0x7F, 0xFE, 0x00, 0x3F, 0xCF, 0xFF,
    0x81, 0xFF, 0xF0, 0x03, 0xFC, 0x47, 0xFC, 0x04, 0x7F, 0x80, 0x1F, 0xE0, 0x3F, 0xE0, 0x03, 0xFC,
    0x01, 0xFE, 0x00, 0xFF, 0x00, 0x3F, 0xE0, 0x1F, 0xF0, 0x07, 0xF8, 0x01, 0xFF, 0x80, 0xFF, 0x00,
    0x3F, 0xE0, 0x1F, 0xFC, 0x0F, 0xF8, 0x01, 0xFF, 0x01, 0xFF, 0xE0, 0x7F, 0x80, 0x0F, 0xF8, 0x0F,
    0xFF, 0x07, 0xF8, 0x00, 0x7F, 0xC0, 0xFF, 0xF8, 0x3F, 0xC0, 0x03, 0xFE, 0x0F, 0xFF, 0xC3, 0xFC,
    0x00, 0x0F, 0xF0, 0x7F, 0xFE, 0x1F, 0xE0, 0x00, 0x7F, 0x87, 0xFF, 0xF9, 0xFE, 0x00, 0x03, 0xFC,
    0x7F, 0xFF, 0xDF, 0xF0, 0x00, 0x1F, 0xF3, 0xFF, 0xFE, 0xFF, 0x00, 0x00, 0xFF, 0xBF, 0xCF, 0xFF,
    0xF0, 0x00, 0x07, 0xFF, 0xFE, 0x7F, 0xFF, 0x80, 0x00, 0x3F, 0xFF, 0xE3, 0xFF, 0xF8, 0x00, 0x00,
    0xFF, 0xFE, 0x1F, 0xFF, 0xC0, 0x00, 0x07, 0xFF, 0xE0, 0xFF, 0xFC, 0x00, 0x00, 0x3F, 0xFF, 0x07,
    0xFF, 0xE0, 0x00, 0x01, 0xFF, 0xF0, 0x3F, 0xFE, 0x00, 0x00, 0x0F, 0xFF, 0x00, 0xFF, 0xF0, 0x00,
    0x00, 0x7F, 0xF8, 0x07, 0xFF, 0x00, 0x00, 0x01, 0xFF, 0x80, 0x3F, 0xF0, 0x00, 0x00, 0x0F, 0xF8,
    0x01, 0xFF, 0x80, 0x00, 0x00, 0x7F, 0xC0, 0x0F, 0xF8, 0x00, 0x00, 0x03, 0xFC, 0x00, 0x3F, 0x80,
    0x00, 0x00, 0x00, 0x00, 0x00, 0x01, 0xC0, 0x07, 0xE0, 0x00, 0x3C, 0x01, 0xFF, 0x00, 0x07, 0xE0,
    0x3F, 0xF8, 0x00, 0xFF, 0x0F, 0xFF, 0x80, 0x1F, 0xF0, 0xFF, 0xFC, 0x03, 0xFF, 0x0F, 0xFF, 0xC0,
    0x7F, 0xE0, 0xFF, 0xFE, 0x0F, 0xF8, 0x07, 0x3F, 0xE1, 0xFF, 0x00, 0x03, 0xFF, 0x3F, 0xE0, 0x00,
    0x1F, 0xF7, 0xFC, 0x00, 0x01, 0xFF, 0xFF, 0x80, 0x00, 0x0F, 0xFF, 0xF0, 0x00, 0x00, 0xFF, 0xFE,
    0x00, 0x00, 0x07, 0xFF, 0xC0, 0x00, 0x00, 0x7F, 0xF8, 0x00, 0x00, 0x03, 0xFF, 0x00, 0x00, 0x00,
    0x7F, 0xF0, 0x00, 0x00, 0x0F, 0xFF, 0x00, 0x00, 0x01, 0xFF, 0xF8, 0x00, 0x00, 0x3F, 0xFF, 0x80,
    0x00, 0x07, 0xFF, 0xF8, 0x00, 0x00, 0xFF, 0xFF, 0xC0, 0x00, 0x1F, 0xF7, 0xFC, 0x00, 0x03, 0xFE,
    0x7F, 0xE0, 0x00, 0x7F, 0xC3, 0xFE, 0x10, 0x0F, 0xF8, 0x3F, 0xFF, 0x83, 0xFF, 0x01, 0xFF, 0xF8,
    0x7F, 0xE0, 0x1F, 0xFF, 0xCF, 0xFC, 0x00, 0xFF, 0xFC, 0xFF, 0x80, 0x0F, 0xFF, 0x8F, 0xF0, 0x00,
    0x7F, 0xF0, 0x7E, 0x00, 0x07, 0xFC, 0x03, 0xC0, 0x00, 0x1F, 0x00, 0x38, 0x00, 0x00, 0x00, 0x00,
    0x03, 0xF0, 0x00, 0x0F, 0xE3, 0xFF, 0x00, 0x03, 0xFC, 0xFF, 0xF0, 0x00, 0x7F, 0xBF, 0xFE, 0x00,
    0x0F, 0xFF, 0xFF, 0xC0, 0x01, 0xFE, 0xFF, 0xF8, 0x00, 0x7F, 0xDF, 0xFF, 0x00, 0x0F, 0xF1, 0xBF,
    0xE0, 0x01, 0xFE, 0x07, 0xFC, 0x00, 0x3F, 0xC0, 0xFF, 0x80, 0x07, 0xF8, 0x1F, 0xE0, 0x00, 0xFF,
    0x03, 0xFC, 0x00, 0x3F, 0xE0, 0x7F, 0x80, 0x07, 0xF8, 0x1F, 0xF0, 0x00, 0xFF, 0x03, 0xFE, 0x00,
    0x1F, 0xE0, 0x7F, 0x80, 0x03, 0xFC, 0x0F, 0xF0, 0x00, 0xFF, 0x81, 0xFE, 0x00, 0x1F, 0xF0, 0x3F,
    0xC0, 0x03, 0xFC, 0x0F, 0xF8, 0x00, 0x7F, 0x81, 0xFF, 0x00, 0x1F, 0xF0, 0x3F, 0xC0, 0x03, 0xFE,
    0x07, 0xF8, 0x00, 0xFF, 0xC0, 0xFF, 0x00, 0x1F, 0xF0, 0x1F, 0xF0, 0x07, 0xFE, 0x03, 0xFE, 0x01,
    0xFF, 0xC0, 0x7F, 0xE0, 0xFF, 0xF8, 0x0F, 0xFF, 0xFF, 0xFF, 0x01, 0xFF, 0xFF, 0xFF, 0xE0, 0x1F,
    0xFF, 0xFF, 0xF8, 0x03, 0xFF, 0xFF, 0xFF, 0x00, 0x3F, 0xFF, 0xFF, 0xE0, 0x03, 0xFF, 0xF3, 0xFC,
    0x00, 0x0F, 0xF0, 0x7F, 0x80, 0x00, 0x00, 0x1F, 0xE0, 0x00, 0x00, 0x03, 0xFC, 0x00, 0x00, 0x00,
    0x7F, 0x80, 0x00, 0x00, 0x1F, 0xE0, 0x00, 0x00, 0x07, 0xFC, 0x00, 0x00, 0x00, 0xFF, 0x00, 0x70,
    0x00, 0x7F, 0xE0, 0x0F, 0xC0, 0x3F, 0xF8, 0x03, 0xFF, 0xFF, 0xFE, 0x00, 0x7F, 0xFF, 0xFF, 0xC0,
    0x0F, 0xFF, 0xFF, 0xF0, 0x01, 0xFF, 0xFF, 0xF8, 0x00, 0x3F, 0xFF, 0xFE, 0x00, 0x03, 0xFF, 0xFF,
    0x00, 0x00, 0x07, 0xFF, 0x00, 0x00, 0x00, 0x00, 0xFF, 0xFF, 0xFF, 0xC0, 0x1F, 0xFF, 0xFF, 0xFC,
    0x07, 0xFF, 0xFF, 0xFF, 0x80, 0xFF, 0xFF, 0xFF, 0xE0, 0x1F, 0xFF, 0xFF, 0xFC, 0x03, 0xFF, 0xFF,
    0xFF, 0x80, 0x7F, 0xFF, 0xFF, 0xE0, 0x00, 0x00, 0x1F, 0xF8, 0x00, 0x00, 0x0F, 0xFE, 0x00, 0x00,
    0x03, 0xFF, 0x80, 0x00, 0x00, 0xFF, 0xE0, 0x00, 0x00, 0x3F, 0xF8, 0x00, 0x00, 0x0F, 0xFC, 0x00,
    0x00, 0x03, 0xFF, 0x00, 0x00, 0x00, 0xFF, 0xC0, 0x00, 0x00, 0x3F, 0xF0, 0x00, 0x00, 0x0F, 0xFC,
    0x00, 0x00, 0x03, 0xFF, 0x00, 0x00, 0x00, 0xFF, 0xC0, 0x00, 0x00, 0x3F, 0xF0, 0x00, 0x00, 0x0F,
    0xFC, 0x00, 0x00, 0x03, 0xFF, 0x00, 0x00, 0x00, 0xFF, 0xC0, 0x0F, 0x80, 0x3F, 0xF0, 0x03, 0xF8,
    0x0F, 0xFF, 0xE0, 0x7F, 0x03, 0xFF, 0xFF, 0xFF, 0xC0, 0xFF, 0xFF, 0xFF, 0xF8, 0x3F, 0xFF, 0xFF,
    0xFE, 0x07, 0xFF, 0xFF, 0xFF, 0xC0, 0xFF, 0xFF, 0xFF, 0xF0, 0x3F, 0xFF, 0xFF, 0xFC, 0x07, 0xFF,
    0xFF, 0xFE, 0x00, 0x60, 0x00, 0xFF, 0x00, 0x00, 0x00, 0x00, 0xFF, 0x00, 0x01, 0xFF, 0xC0, 0x01,
    0xFF, 0xC0, 0x01, 0xFF, 0xE0, 0x01, 0xFF, 0xF0, 0x01, 0xFF, 0xF8, 0x00, 0xFF, 0xF8, 0x00, 0x7F,
    0x80, 0x00, 0x7F, 0x80, 0x00, 0x3F, 0xC0, 0x00, 0x1F, 0xE0, 0x00, 0x0F, 0xE0, 0x00, 0x07, 0xF0,
    0x00, 0x07, 0xF8, 0x00, 0x03, 0xFC, 0x00, 0x01, 0xFE, 0x00, 0x00, 0xFE, 0x00, 0x00, 0x7F, 0x00,
    0x00, 0x3F, 0x80, 0x00, 0x3F, 0xC0, 0x00, 0x1F, 0xE0, 0x00, 0x0F, 0xF0, 0x00, 0x0F, 0xF0, 0x00,
    0x07, 0xF8, 0x00, 0x07, 0xFC, 0x00, 0x1F, 0xFC, 0x00, 0x1F, 0xFC, 0x00, 0x0F, 0xFC, 0x00, 0x0F,
    0xFC, 0x00, 0x07, 0xFE, 0x00, 0x03, 0xFF, 0x80, 0x01, 0xFF, 0xC0, 0x00, 0x7F, 0xF0, 0x00, 0x0F,
    0xF8, 0x00, 0x03, 0xFC, 0x00, 0x01, 0xFE, 0x00, 0x00, 0xFF, 0x00, 0x00, 0x7F, 0x80, 0x00, 0x3F,
    0xC0, 0x00, 0x1F, 0xC0, 0x00, 0x0F, 0xE0, 0x00, 0x0F, 0xF0, 0x00, 0x07, 0xF8, 0x00, 0x03, 0xFC,
    0x00, 0x01, 0xFE, 0x00, 0x00, 0xFE, 0x00, 0x00, 0xFF, 0x00, 0x00, 0x7F, 0x80, 0x00, 0x3F, 0xC0,
    0x00, 0x1F, 0xE0, 0x00, 0x0F, 0xF0, 0x00, 0x07, 0xFF, 0xC0, 0x03, 0xFF, 0xF0, 0x01, 0xFF, 0xF0,
    0x00, 0x7F, 0xF8, 0x00, 0x3F, 0xFC, 0x00, 0x0F, 0xFE, 0x00, 0x01, 0xFE, 0x00, 0x00, 0x00, 0x3E,
    0x00, 0x7F, 0x00, 0x7E, 0x00, 0x7E, 0x00, 0xFE, 0x00, 0xFE, 0x00, 0xFE, 0x00, 0xFC, 0x00, 0xFC,
    0x00, 0xFC, 0x01, 0xFC, 0x01, 0xFC, 0x01, 0xFC, 0x01, 0xF8, 0x01, 0xF8, 0x03, 0xF8, 0x03, 0xF8,
    0x03, 0xF8, 0x03, 0xF8, 0x03, 0xF0, 0x07, 0xF0, 0x07, 0xF0, 0x07, 0xF0, 0x07, 0xF0, 0x07, 0xE0,
    0x0F, 0xE0, 0x0F, 0xE0, 0x0F, 0xE0, 0x0F, 0xE0, 0x0F, 0xE0, 0x0F, 0xC0, 0x1F, 0xC0, 0x1F, 0xC0,
    0x1F, 0xC0, 0x1F, 0xC0, 0x1F, 0x80, 0x3F, 0x80, 0x3F, 0x80, 0x3F, 0x80, 0x3F, 0x80, 0x3F, 0x80,
    0x7F, 0x00, 0x7F, 0x00, 0x7F, 0x00, 0x7F, 0x00, 0x7F, 0x00, 0x7F, 0x00, 0xFE, 0x00, 0xFE, 0x00,
    0xFE, 0x00, 0xFC, 0x00, 0x00, 0x1F, 0xE0, 0x00, 0x1F, 0xF8, 0x00, 0x0F, 0xFE, 0x00, 0x07, 0xFF,
    0x80, 0x03, 0xFF, 0xE0, 0x03, 0xFF, 0xF0, 0x00, 0xFF, 0xF8, 0x00, 0x03, 0xFC, 0x00, 0x01, 0xFE,
    0x00, 0x00, 0xFF, 0x00, 0x00, 0x7F, 0x80, 0x00, 0x3F, 0x80, 0x00, 0x1F, 0xC0, 0x00, 0x1F, 0xE0,
    0x00, 0x0F, 0xF0, 0x00, 0x07, 0xF8, 0x00, 0x03, 0xFC, 0x00, 0x01, 0xFC, 0x00, 0x00, 0xFE, 0x00,
    0x00, 0xFF, 0x00, 0x00, 0x7F, 0x80, 0x00, 0x3F, 0xC0, 0x00, 0x1F, 0xE0, 0x00, 0x0F, 0xF0, 0x00,
    0x07, 0xFC, 0x00, 0x03, 0xFF, 0x80, 0x01, 0xFF, 0xE0, 0x00, 0x7F, 0xF0, 0x00, 0x1F, 0xF8, 0x00,
    0x1F, 0xFC, 0x00, 0x1F, 0xFC, 0x00, 0x0F, 0xFE, 0x00, 0x0F, 0xFE, 0x00, 0x0F, 0xF8, 0x00, 0x07,
    0xF8, 0x00, 0x03, 0xFC, 0x00, 0x03, 0xFC, 0x00, 0x01, 0xFE, 0x00, 0x00, 0xFF, 0x00, 0x00, 0x7F,
    0x00, 0x00, 0x3F, 0x80, 0x00, 0x3F, 0xC0, 0x00, 0x1F, 0xE0, 0x00, 0x0F, 0xF0, 0x00, 0x07, 0xF8,
    0x00, 0x03, 0xF8, 0x00, 0x01, 0xFC, 0x00, 0x01, 0xFE, 0x00, 0x00, 0xFF, 0x00, 0x00, 0x7F, 0x80,
    0x00, 0x7F, 0x80, 0x07, 0xFF, 0xC0, 0x07, 0xFF, 0xC0, 0x03, 0xFF, 0xE0, 0x01, 0xFF, 0xE0, 0x00,
    0xFF, 0xE0, 0x00, 0xFF, 0xE0, 0x00, 0x3F, 0xC0, 0x00, 0x00, 0x01, 0xFC, 0x00, 0x00, 0x01, 0xFF,
    0xE0, 0x03, 0xC0, 0xFF, 0xFE, 0x01, 0xF8, 0x7F, 0xFF, 0xE0, 0xFF, 0x7F, 0xFF, 0xFF, 0xFF, 0xFF,
    0xFF, 0xFF, 0xFF, 0xEF, 0xFF, 0xFF, 0xFF, 0xF3, 0xF8, 0x3F, 0xFF, 0xF8, 0xFC, 0x03, 0xFF, 0xF8,
    0x0E, 0x00, 0x3F, 0xFC, 0x00, 0x00, 0x01, 0xFC, 0x00, 0x00, 0x1E, 0x00, 0x3F, 0x80, 0x3F, 0xC0,
    0x3F, 0xF0, 0x1F, 0xF8, 0x0F, 0xFC, 0x07, 0xFC, 0x03, 0xFE, 0x01, 0xFE, 0x00, 0x7E, 0x00, 0x1E,
    0x00, 0x00, 0x00, 0x00, 0x00, 0x00, 0x00, 0x00, 0x00, 0x03, 0xF0, 0x03, 0xF8, 0x01, 0xFC, 0x00,
    0xFE, 0x00, 0x7F, 0x00, 0x7F, 0x80, 0x3F, 0xC0, 0x1F, 0xC0, 0x0F, 0xE0, 0x07, 0xF0, 0x03, 0xF8,
    0x03, 0xFC, 0x01, 0xFE, 0x00, 0xFE, 0x00, 0x7F, 0x00, 0x3F, 0x80, 0x3F, 0xC0, 0x1F, 0xE0, 0x0F,
    0xF0, 0x07, 0xF0, 0x03, 0xF8, 0x03, 0xFC, 0x01, 0xFE, 0x00, 0xFF, 0x00, 0x7F, 0x80, 0x3F, 0x80,
    0x3F, 0xC0, 0x1F, 0xE0, 0x0F, 0xF0, 0x07, 0xF8, 0x03, 0xFC, 0x01, 0xFC, 0x01, 0xFE, 0x00, 0x7F,
    0x00, 0x00, 0x00, 0x00, 0x7E, 0x00, 0x00, 0x01, 0xF8, 0x00, 0x00, 0x0F, 0xE0, 0x00, 0x00, 0x3F,
    0x80, 0x00, 0x00, 0xFE, 0x00, 0x00, 0x03, 0xF0, 0x00, 0x00, 0x0F, 0xC0, 0x00, 0x00, 0x3F, 0xC0,
    0x00, 0x07, 0xFF, 0xF0, 0x00, 0x7F, 0xFF, 0xF0, 0x07, 0xFF, 0xFF, 0xC0, 0x3F, 0xFF, 0xFF, 0x01,
    0xFF, 0xFF, 0xF8, 0x0F, 0xFF, 0xFF, 0xE0, 0x7F, 0xFF, 0xFF, 0x03, 0xFF, 0xFE, 0x1C, 0x1F, 0xFB,
    0xF8, 0x00, 0x7F, 0xCF, 0xC0, 0x03, 0xFE, 0x3F, 0x00, 0x0F, 0xF1, 0xFC, 0x00, 0x7F, 0xC7, 0xF0,
    0x01, 0xFF, 0x1F, 0xC0, 0x07, 0xF8, 0x7E, 0x00, 0x1F, 0xE1, 0xF8, 0x00, 0xFF, 0x87, 0xE0, 0x03,
    0xFE, 0x3F, 0x80, 0x0F, 0xF8, 0xFE, 0x00, 0x3F, 0xE3, 0xF8, 0x00, 0xFF, 0x8F, 0xC0, 0x03, 0xFE,
    0x3F, 0x00, 0x0F, 0xF8, 0xFC, 0x00, 0x3F, 0xF7, 0xF0, 0x00, 0xFF, 0xDF, 0xC1, 0xC1, 0xFF, 0xFF,
    0x1F, 0x07, 0xFF, 0xFF, 0xFC, 0x0F, 0xFF, 0xFF, 0xF0, 0x3F, 0xFF, 0xFF, 0x80, 0x7F, 0xFF, 0xFE,
    0x00, 0xFF, 0xFF, 0xF8, 0x01, 0xFF, 0xFF, 0xC0, 0x01, 0xFF, 0xF8, 0x00, 0x00, 0xFC, 0x00, 0x00,
    0x07, 0xF0, 0x00, 0x00, 0x1F, 0xC0, 0x00, 0x00, 0x7F, 0x00, 0x00, 0x01, 0xF8, 0x00, 0x00, 0x07,
    0xE0, 0x00, 0x00, 0x1F, 0x80, 0x00, 0x00, 0x7E, 0x00, 0x00, 0x00, 0x00, 0x00, 0x3F, 0xE0, 0x00,
    0x00, 0x00, 0x3F, 0xFF, 0x80, 0x00, 0x00, 0x1F, 0xFF, 0xFC, 0x00, 0x00, 0x07, 0xFF, 0xFF, 0xE0,
    0x00, 0x03, 0xFF, 0xFF, 0xFE, 0x00, 0x00, 0xFF, 0xFF, 0xFF, 0xC0, 0x00, 0x1F, 0xFF, 0xFF, 0xF0,
    0x00, 0x07, 0xFE, 0x03, 0xFC, 0x00, 0x01, 0xFF, 0x80, 0x1F, 0x00, 0x00, 0x3F, 0xE0, 0x00, 0xC0,
    0x00, 0x0F, 0xF8, 0x00, 0x00, 0x00, 0x01, 0xFE, 0x00, 0x00, 0x00, 0x00, 0x7F, 0xC0, 0x00, 0x00,
    0x00, 0x0F, 0xF8, 0x00, 0x00, 0x00, 0x01, 0xFE, 0x00, 0x00, 0x00, 0x00, 0x3F, 0xC0, 0x00, 0x00,
    0x00, 0x0F, 0xF8, 0x00, 0x00, 0x00, 0x01, 0xFF, 0x00, 0x00, 0x00, 0x00, 0x3F, 0xE0, 0x00, 0x00,
    0x00, 0x07, 0xFC, 0x00, 0x00, 0x00, 0x00, 0xFF, 0x00, 0x00, 0x00, 0x0F, 0xFF, 0xFF, 0xFE, 0x00,
    0x03, 0xFF, 0xFF, 0xFF, 0xC0, 0x00, 0x7F, 0xFF, 0xFF, 0xF8, 0x00, 0x0F, 0xFF, 0xFF, 0xFF, 0x00,
    0x01, 0xFF, 0xFF, 0xFF, 0xC0, 0x00, 0x3F, 0xFF, 0xFF, 0xF8, 0x00, 0x07, 0xFF, 0xFF, 0xFF, 0x00,
    0x00, 0x01, 0xFE, 0x00, 0x00, 0x00, 0x00, 0x3F, 0xC0, 0x00, 0x00, 0x00, 0x07, 0xF8, 0x00, 0x00,
    0x00, 0x00, 0xFF, 0x00, 0x00, 0x00, 0x00, 0x3F, 0xE0, 0x00, 0x00, 0x00, 0x07, 0xFC, 0x00, 0x00,
    0x00, 0x00, 0xFF, 0x00, 0x00, 0x00, 0x00, 0x1F, 0xE0, 0x00, 0x00, 0x00, 0x07, 0xFC, 0x00, 0x00,
    0x00, 0x00, 0xFF, 0x00, 0x00, 0x00, 0x00, 0x1F, 0xE0, 0x00, 0x7C, 0x00, 0x07, 0xF8, 0x00, 0x0F,
    0xC0, 0x01, 0xFF, 0xF8, 0x03, 0xF8, 0x00, 0x7F, 0xFF, 0xF0, 0xFF, 0x00, 0x7F, 0xFF, 0xFF, 0xFF,
    0xC0, 0x3F, 0xFF, 0xFF, 0xFF, 0xF8, 0x07, 0xFF, 0xFF, 0xFF, 0xFE, 0x00, 0xFF, 0xFF, 0xFF, 0xFF,
    0xC0, 0x3F, 0xFF, 0xFF, 0xFF, 0xF0, 0x07, 0xFF, 0xFF, 0xFF, 0xFC, 0x00, 0xFE, 0x00, 0x7F, 0xFE,
    0x00, 0x0C, 0x00, 0x00, 0xFE, 0x00, 0x00, 0x00, 0x00, 0x00, 0x1F, 0xFC, 0x00, 0x00, 0x00, 0x07,
    0xFF, 0xFF, 0x00, 0x00, 0x00, 0x7F, 0xFF, 0xFF, 0x80, 0x00, 0x07, 0xFF, 0xFF, 0xFF, 0x00, 0x00,
    0x7F, 0xFF, 0xFF, 0xFC, 0x00, 0x03, 0xFF, 0xFF, 0xFF, 0xE0, 0x00, 0x1F, 0xFF, 0xFF, 0xFF, 0x00,
    0x00, 0xFF, 0xFC, 0x03, 0xFC, 0x00, 0x07, 0xFF, 0x80, 0x01, 0xE0, 0x00, 0x3F, 0xF8, 0x00, 0x00,
    0x00, 0x01, 0xFF, 0xC0, 0x00, 0x00, 0x00, 0x0F, 0xFE, 0x00, 0x00, 0x00, 0x00, 0x7F, 0xF0, 0x00,
    0x00, 0x00, 0x01, 0xFF, 0x80, 0x00, 0x00, 0x00, 0x0F, 0xFC, 0x00, 0x00, 0x00, 0x00, 0x3F, 0xE0,
    0x00, 0x00, 0x00, 0x01, 0xFF, 0x80, 0x00, 0x00, 0x00, 0x7F, 0xFF, 0xFF, 0xFF, 0xF8, 0x01, 0xFF,
    0xFF, 0xFF, 0xFF, 0xE0, 0x0F, 0xFF, 0xFF, 0xFF, 0xFF, 0x80, 0x3F, 0xFF, 0xFF, 0xFF, 0xFE, 0x00,
    0xFF, 0xFF, 0xFF, 0xFF, 0xF8, 0x03, 0xFF, 0xFF, 0xFF, 0xFF, 0xE0, 0x0F, 0xFF, 0xFF, 0xFF, 0xFF,
    0x00, 0x0F, 0xFC, 0x00, 0x00, 0x00, 0x00, 0x3F, 0xE0, 0x00, 0x00, 0x00, 0x00, 0xFF, 0x80, 0x00,
    0x00, 0x00, 0x1F, 0xFF, 0xFF, 0xFF, 0xFE, 0x00, 0x7F, 0xFF, 0xFF, 0xFF, 0xFC, 0x01, 0xFF, 0xFF,
    0xFF, 0xFF, 0xE0, 0x0F, 0xFF, 0xFF, 0xFF, 0xFF, 0x80, 0x3F, 0xFF, 0xFF, 0xFF, 0xFE, 0x00, 0xFF,
    0xFF, 0xFF, 0xFF, 0xF8, 0x03, 0xFF, 0xFF, 0xFF, 0xFF, 0xC0, 0x00, 0xFF, 0xC0, 0x00, 0x00, 0x00,
    0x03, 0xFF, 0x00, 0x00, 0x00, 0x00, 0x0F, 0xFC, 0x00, 0x00, 0x00, 0x00, 0x3F, 0xF8, 0x00, 0x00,
    0x00, 0x00, 0x7F, 0xF0, 0x00, 0x00, 0x00, 0x01, 0xFF, 0xC0, 0x00, 0x00, 0x00, 0x07, 0xFF, 0xC0,
    0x00, 0x0E, 0x00, 0x0F, 0xFF, 0x80, 0x00, 0xF8, 0x00, 0x3F, 0xFF, 0x80, 0x3F, 0xE0, 0x00, 0x7F,
    0xFF, 0xFF, 0xFF, 0x80, 0x00, 0xFF, 0xFF, 0xFF, 0xFE, 0x00, 0x01, 0xFF, 0xFF, 0xFF, 0xF0, 0x00,
    0x03, 0xFF, 0xFF, 0xFF, 0xC0, 0x00, 0x07, 0xFF, 0xFF, 0xFF, 0x00, 0x00, 0x07, 0xFF, 0xFF, 0xF0,
    0x00, 0x00, 0x07, 0xFF, 0xFE, 0x00, 0x00, 0x00, 0x03, 0xFF, 0x80, 0x00, 0x00, 0x7F, 0xC0, 0x00,
    0x01, 0xFF, 0x7F, 0xE0, 0x00, 0x03, 0xFF, 0x7F, 0xE0, 0x00, 0x03, 0xFF, 0x7F, 0xF0, 0x00, 0x07,
    0xFF, 0xFF, 0xF0, 0x00, 0x0F, 0xFE, 0xFF, 0xF0, 0x00, 0x0F, 0xFE, 0xFF, 0xF8, 0x00, 0x1F, 0xFE,
    0x0F, 0xF8, 0x00, 0x3F, 0xE0, 0x0F, 0xFC, 0x00, 0x3F, 0xC0, 0x07, 0xFC, 0x00, 0x7F, 0x80, 0x07,
    0xFC, 0x00, 0xFF, 0x00, 0x07, 0xFE, 0x00, 0xFF, 0x00, 0x03, 0xFE, 0x01, 0xFE, 0x00, 0x03, 0xFF,
    0x03, 0xFC, 0x00, 0x01, 0xFF, 0x07, 0xFC, 0x00, 0x01, 0xFF, 0x07, 0xF8, 0x00, 0x00, 0xFF, 0x8F,
    0xF0, 0x00, 0x00, 0xFF, 0x9F, 0xF0, 0x00, 0x00, 0xFF, 0x9F, 0xE0, 0x00, 0x00, 0x7F, 0xFF, 0xC0,
    0x00, 0x00, 0x7F, 0xFF, 0x80, 0x00, 0x00, 0x3F, 0xFF, 0x80, 0x00, 0x1F, 0xFF, 0xFF, 0xFF, 0x00,
    0x1F, 0xFF, 0xFF, 0xFF, 0x00, 0x3F, 0xFF, 0xFF, 0xFF, 0x00, 0x3F, 0xFF, 0xFF, 0xFE, 0x00, 0x3F,
    0xFF, 0xFF, 0xFE, 0x00, 0x3F, 0xFF, 0xFF, 0xFE, 0x00, 0x3F, 0xFF, 0xFF, 0xFC, 0x00, 0x00, 0x0F,
    0xF0, 0x00, 0x00, 0x00, 0x0F, 0xF0, 0x00, 0x00, 0x3F, 0xFF, 0xFF, 0xFC, 0x00, 0x7F, 0xFF, 0xFF,
    0xFC, 0x00, 0x7F, 0xFF, 0xFF, 0xFC, 0x00, 0x7F, 0xFF, 0xFF, 0xFC, 0x00, 0x7F, 0xFF, 0xFF, 0xFC,
    0x00, 0xFF, 0xFF, 0xFF, 0xF8, 0x00, 0x7F, 0xFF, 0xFF, 0xF8, 0x00, 0x00, 0x3F, 0xE0, 0x00, 0x00,
    0x00, 0x3F, 0xC0, 0x00, 0x00, 0x00, 0x3F, 0xC0, 0x00, 0x00, 0x00, 0x3F, 0xC0, 0x00, 0x00, 0x03,
    0xFF, 0xF8, 0x00, 0x00, 0x03, 0xFF, 0xFC, 0x00, 0x00, 0x07, 0xFF, 0xF8, 0x00, 0x00, 0x07, 0xFF,
    0xF8, 0x00, 0x00, 0x07, 0xFF, 0xF8, 0x00, 0x00, 0x07, 0xFF, 0xF8, 0x00, 0x00, 0x07, 0xFF, 0xF0,
    0x00, 0x00, 0x00, 0x7E, 0x00, 0xFC, 0x01, 0xF8, 0x07, 0xF0, 0x0F, 0xE0, 0x1F, 0xC0, 0x3F, 0x00,
    0x7E, 0x00, 0xFC, 0x03, 0xF8, 0x07, 0xF0, 0x0F, 0xE0, 0x1F, 0x80, 0x3F, 0x00, 0xFE, 0x01, 0xFC,
    0x03, 0xF8, 0x07, 0xE0, 0x0F, 0xC0, 0x00, 0x00, 0x00, 0x00, 0x00, 0x00, 0x00, 0x00, 0x00, 0x00,
    0x00, 0x00, 0x00, 0x00, 0x00, 0x00, 0x00, 0x00, 0x00, 0x00, 0x00, 0x00, 0x00, 0x00, 0x1F, 0xC0,
    0x3F, 0x80, 0x7F, 0x00, 0xFC, 0x03, 0xF8, 0x07, 0xF0, 0x0F, 0xE0, 0x1F, 0xC0, 0x3F, 0x80, 0xFE,
    0x01, 0xFC, 0x03, 0xF8, 0x07, 0xF0, 0x0F, 0xE0, 0x1F, 0x80, 0x7F, 0x00, 0xFE, 0x01, 0xFC, 0x03,
    0xF0, 0x00, 0x00, 0x00, 0x0F, 0xFC, 0x00, 0x00, 0x03, 0xFF, 0xFC, 0x00, 0x00, 0x7F, 0xFF, 0xF8,
    0x00, 0x07, 0xFF, 0xFF, 0xF0, 0x00, 0xFF, 0xFF, 0xFF, 0x80, 0x07, 0xFF, 0xFF, 0xFC, 0x00, 0x7F,
    0xFF, 0xFF, 0xC0, 0x07, 0xFE, 0x03, 0xFC, 0x00, 0x3F, 0xE0, 0x03, 0xE0, 0x01, 0xFE, 0x00, 0x02,
    0x00, 0x1F, 0xF0, 0x00, 0x00, 0x00, 0xFF, 0x80, 0x00, 0x00, 0x07, 0xFC, 0x00, 0x00, 0x00, 0x3F,
    0xF0, 0x00, 0x00, 0x01, 0xFF, 0xE0, 0x00, 0x00, 0x0F, 0xFF, 0x80, 0x00, 0x00, 0x3F, 0xFF, 0x00,
    0x00, 0x01, 0xFF, 0xFE, 0x00, 0x00, 0x07, 0xFF, 0xF8, 0x00, 0x00, 0x1F, 0xFF, 0xF0, 0x00, 0x01,
    0xFF, 0xFF, 0xC0, 0x00, 0x1F, 0xFF, 0xFF, 0x00, 0x01, 0xFF, 0xFF, 0xFC, 0x00, 0x1F, 0xFF, 0xFF,
    0xE0, 0x01, 0xFF, 0xDF, 0xFF, 0x80, 0x1F, 0xF8, 0x3F, 0xFC, 0x00, 0xFF, 0x80, 0xFF, 0xE0, 0x0F,
    0xF8, 0x01, 0xFF, 0x00, 0x7F, 0x80, 0x07, 0xF8, 0x03, 0xFC, 0x00, 0x3F, 0xC0, 0x1F, 0xE0, 0x01,
    0xFE, 0x00, 0xFF, 0x00, 0x0F, 0xF0, 0x07, 0xFC, 0x00, 0xFF, 0x80, 0x3F, 0xF0, 0x07, 0xF8, 0x01,
    0xFF, 0xC0, 0x7F, 0xC0, 0x0F, 0xFF, 0x8F, 0xFC, 0x00, 0x3F, 0xFF, 0xFF, 0xC0, 0x01, 0xFF, 0xFF,
    0xFC, 0x00, 0x07, 0xFF, 0xFF, 0xC0, 0x00, 0x1F, 0xFF, 0xF8, 0x00, 0x00, 0x3F, 0xFF, 0xC0, 0x00,
    0x00, 0xFF, 0xFF, 0x00, 0x00, 0x01, 0xFF, 0xFC, 0x00, 0x00, 0x07, 0xFF, 0xE0, 0x00, 0x00, 0x0F,
    0xFF, 0x80, 0x00, 0x00, 0x1F, 0xFC, 0x00, 0x00, 0x00, 0x7F, 0xE0, 0x00, 0x00, 0x01, 0xFF, 0x00,
    0x00, 0x00, 0x0F, 0xF8, 0x00, 0x00, 0x00, 0x7F, 0xC0, 0x0E, 0x00, 0x03, 0xFC, 0x00, 0xFC, 0x00,
    0x3F, 0xE0, 0x07, 0xFC, 0x03, 0xFE, 0x00, 0x3F, 0xFF, 0xFF, 0xF0, 0x01, 0xFF, 0xFF, 0xFF, 0x00,
    0x1F, 0xFF, 0xFF, 0xF0, 0x00, 0xFF, 0xFF, 0xFF, 0x00, 0x03, 0xFF, 0xFF, 0xF0, 0x00, 0x03, 0xFF,
    0xFE, 0x00, 0x00, 0x03, 0xFF, 0x80, 0x00, 0x00, 0x1F, 0x00, 0xF0, 0xFE, 0x0F, 0xF7, 0xFC, 0x7F,
    0xFF, 0xF1, 0xFF, 0xFF, 0xCF, 0xFF, 0xFF, 0x3F, 0xFF, 0xF8, 0xFF, 0x9F, 0xC1, 0xFC, 0x3C, 0x03,
    0xE0, 0x00, 0x00, 0x00, 0x7F, 0xF0, 0x00, 0x00, 0x00, 0x00, 0x3F, 0xFF, 0xE0, 0x00, 0x00, 0x00,
    0x1F, 0xFF, 0xFF, 0x80, 0x00, 0x00, 0x07, 0xFF, 0xFF, 0xFE, 0x00, 0x00, 0x01, 0xFF, 0xFF, 0xFF,
    0xF8, 0x00, 0x00, 0x3F, 0xFF, 0xFF, 0xFF, 0xC0, 0x00, 0x0F, 0xFF, 0xFF, 0xFF, 0xFE, 0x00, 0x01,
    0xFF, 0xF8, 0x03, 0xFF, 0xF0, 0x00, 0x3F, 0xFC, 0x00, 0x0F, 0xFF, 0x80, 0x07, 0xFF, 0x07, 0xFC,
    0x3F, 0xF8, 0x00, 0xFF, 0xC3, 0xFF, 0xF8, 0xFF, 0xC0, 0x1F, 0xF8, 0xFF, 0xFF, 0xE7, 0xFC, 0x03,
    0xFE, 0x1F, 0xFF, 0xFE, 0x3F, 0xE0, 0x7F, 0xC7, 0xFF, 0xFF, 0xE3, 0xFE, 0x07, 0xF8, 0xFF, 0xFF,
    0xFC, 0x1F, 0xE0, 0xFF, 0x9F, 0xFF, 0xFF, 0x81, 0xFF, 0x1F, 0xF1, 0xFF, 0xC0, 0xF8, 0x0F, 0xF1,
    0xFE, 0x3F, 0xF0, 0x00, 0x00, 0xFF, 0x3F, 0xC7, 0xFC, 0x00, 0x00, 0x0F, 0xF3, 0xFC, 0x7F, 0xC0,
    0x00, 0x00, 0xFF, 0x3F, 0x8F, 0xF8, 0x00, 0x00, 0x07, 0xF7, 0xF8, 0xFF, 0x00, 0x00, 0x00, 0x7F,
    0x7F, 0x9F, 0xF0, 0x00, 0x00, 0x07, 0xF7, 0xF1, 0xFE, 0x00, 0x00, 0x00, 0x7F, 0xFF, 0x1F, 0xE0,
    0x00, 0x00, 0x0F, 0xFF, 0xF1, 0xFE, 0x00, 0x00, 0x00, 0xFF, 0xFF, 0x1F, 0xE0, 0x00, 0x00, 0x0F,
    0xFF, 0xF3, 0xFE, 0x00, 0x00, 0x00, 0xFF, 0xFF, 0x3F, 0xE0, 0x00, 0x00, 0x0F, 0xEF, 0xF3, 0xFE,
    0x00, 0x00, 0x01, 0xFE, 0xFF, 0x3F, 0xE0, 0x00, 0x00, 0x1F, 0xEF, 0xF1, 0xFE, 0x00, 0x00, 0x03,
    0xFC, 0xFF, 0x1F, 0xF0, 0x00, 0x00, 0x3F, 0xCF, 0xF1, 0xFF, 0x80, 0x0E, 0x07, 0xF8, 0xFF, 0x1F,
    0xFE, 0x07, 0xE0, 0xFF, 0x87, 0xF8, 0xFF, 0xFF, 0xFE, 0x0F, 0xF0, 0x7F, 0x8F, 0xFF, 0xFF, 0xE1,
    0xFE, 0x07, 0xFC, 0x7F, 0xFF, 0xFC, 0x3F, 0xE0, 0x3F, 0xE3, 0xFF, 0xFF, 0xC7, 0xFC, 0x03, 0xFF,
    0x1F, 0xFF, 0xFC, 0xFF, 0x80, 0x3F, 0xF8, 0x7F, 0xFF, 0x3F, 0xF0, 0x01, 0xFF, 0xC1, 0xFF, 0x8F,
    0xFE, 0x00, 0x0F, 0xFF, 0x00, 0x03, 0xFF, 0xC0, 0x00, 0x7F, 0xFE, 0x01, 0xFF, 0xF8, 0x00, 0x07,
    0xFF, 0xFF, 0xFF, 0xFF, 0x00, 0x00, 0x3F, 0xFF, 0xFF, 0xFF, 0xE0, 0x00, 0x00, 0xFF, 0xFF, 0xFF,
    0xF8, 0x00, 0x00, 0x07, 0xFF, 0xFF, 0xFE, 0x00, 0x00, 0x00, 0x1F, 0xFF, 0xFF, 0x80, 0x00, 0x00,
    0x00, 0x7F, 0xFF, 0xE0, 0x00, 0x00, 0x00, 0x00, 0x7F, 0xE0, 0x00, 0x00, 0x00, 0x00, 0x7F, 0x80,
    0x07, 0xFF, 0xC0, 0x1F, 0xFF, 0xC0, 0x3F, 0xFF, 0xC0, 0x7F, 0xFF, 0x80, 0xFF, 0xFF, 0x01, 0xDE,
    0xFF, 0x03, 0xFF, 0xFC, 0x0F, 0xFF, 0xF8, 0x3F, 0xFF, 0xF0, 0xFF, 0xFF, 0xE3, 0xFF, 0xFF, 0xC7,
    0xF8, 0x7F, 0x8F, 0xE0, 0xFE, 0x3F, 0x81, 0xFC, 0x7F, 0x83, 0xF8, 0xFF, 0x0F, 0xFD, 0xFF, 0xFF,
    0xF9, 0xFF, 0xFF, 0xFB, 0xFF, 0xFF, 0xE3, 0xFF, 0xFF, 0x81, 0xFC, 0x18, 0x00, 0x00, 0x0E, 0x00,
    0xC0, 0x00, 0xF8, 0x0F, 0x80, 0x0F, 0xE0, 0xFE, 0x00, 0xFF, 0x8F, 0xF0, 0x0F, 0xF8, 0xFF, 0x80,
    0x7F, 0x8F, 0xF8, 0x07, 0xFC, 0x7F, 0x80, 0x7F, 0xC7, 0xFC, 0x07, 0xFC, 0x7F, 0xC0, 0x7F, 0xC7,
    0xFC, 0x07, 0xFC, 0x7F, 0xC0, 0x3F, 0xC7, 0xFC, 0x03, 0xFE, 0x3F, 0xC0, 0x3F, 0xE3, 0xFE, 0x03,
    0xFE, 0x3F, 0xE0, 0x1F, 0xF1, 0xFF, 0x00, 0xFF, 0x8F, 0xF8, 0x03, 0xFE, 0x3F, 0xE0, 0x1F, 0xF1,
    0xFF, 0x00, 0x7F, 0xC7, 0xF8, 0x03, 0xFE, 0x3F, 0xE0, 0x0F, 0xF9, 0xFF, 0x00, 0x7F, 0xC7, 0xFC,
    0x01, 0xFF, 0x3F, 0xE0, 0x0F, 0xF8, 0xFF, 0x80, 0x3F, 0xE7, 0xFC, 0x01, 0xFF, 0x1F, 0xE0, 0x07,
    0xF0, 0xFF, 0x00, 0x3E, 0x03, 0xE0, 0x00, 0xE0, 0x1C, 0x00, 0x7F, 0xFF, 0xFF, 0xFF, 0xF9, 0xFF,
    0xFF, 0xFF, 0xFF, 0xFF, 0xFF, 0xFF, 0xFF, 0xFF, 0xBF, 0xFF, 0xFF, 0xFF, 0xFE, 0xFF, 0xFF, 0xFF,
    0xFF, 0xFB, 0xFF, 0xFF, 0xFF, 0xFF, 0xEF, 0xFF, 0xFF, 0xFF, 0xFF, 0x80, 0x00, 0x00, 0x03, 0xFC,
    0x00, 0x00, 0x00, 0x0F, 0xF0, 0x00, 0x00, 0x00, 0x3F, 0xC0, 0x00, 0x00, 0x00, 0xFF, 0x00, 0x00,
    0x00, 0x03, 0xFC, 0x00, 0x00, 0x00, 0x1F, 0xE0, 0x00, 0x00, 0x00, 0x7F, 0x80, 0x00, 0x00, 0x01,
    0xFE, 0x00, 0x00, 0x00, 0x07, 0xF8, 0x00, 0x00, 0x00, 0x1F, 0xC0, 0x00, 0x00, 0x00, 0x7F, 0xF0,
    0x00, 0x00, 0x00, 0x00, 0x3F, 0xFF, 0xE0, 0x00, 0x00, 0x00, 0x1F, 0xFF, 0xFF, 0x80, 0x00, 0x00,
    0x07, 0xFF, 0xFF, 0xFE, 0x00, 0x00, 0x01, 0xFF, 0xFF, 0xFF, 0xF8, 0x00, 0x00, 0x3F, 0xFF, 0xFF,
    0xFF, 0xC0, 0x00, 0x0F, 0xFF, 0xFF, 0xFF, 0xFE, 0x00, 0x01, 0xFF, 0xF8, 0x03, 0xFF, 0xF0, 0x00,
    0x3F, 0xFC, 0x00, 0x0F, 0xFF, 0x80, 0x07, 0xFF, 0x00, 0x00, 0x3F, 0xF8, 0x00, 0xFF, 0xFF, 0xFF,
    0xC0, 0xFF, 0xC0, 0x1F, 0xFF, 0xFF, 0xFF, 0x87, 0xFC, 0x03, 0xFF, 0xFF, 0xFF, 0xFC, 0x3F, 0xE0,
    0x7F, 0xDF, 0xFF, 0xFF, 0xE3, 0xFE, 0x07, 0xFB, 0xFF, 0xFF, 0xFF, 0x1F, 0xE0, 0xFF, 0x1F, 0xFF,
    0xFF, 0xF1, 0xFF, 0x1F, 0xF0, 0x7F, 0x01, 0xFF, 0x0F, 0xF1, 0xFE, 0x07, 0xF0, 0x0F, 0xF0, 0xFF,
    0x3F, 0xC0, 0xFF, 0x00, 0xFF, 0x0F, 0xF3, 0xFC, 0x0F, 0xF0, 0x0F, 0xF0, 0xFF, 0x3F, 0x80, 0xFF,
    0x01, 0xFE, 0x07, 0xF7, 0xF8, 0x0F, 0xE0, 0x3F, 0xE0, 0x7F, 0x7F, 0x80, 0xFF, 0xFF, 0xFE, 0x07,
    0xF7, 0xF0, 0x0F, 0xFF, 0xFF, 0xC0, 0x7F, 0xFF, 0x01, 0xFF, 0xFF, 0xF8, 0x0F, 0xFF, 0xF0, 0x1F,
    0xFF, 0xFF, 0x00, 0xFF, 0xFF, 0x01, 0xFF, 0xFF, 0xE0, 0x0F, 0xFF, 0xF0, 0x1F, 0xFF, 0xFC, 0x00,
    0xFF, 0xFF, 0x01, 0xFF, 0xFF, 0xC0, 0x0F, 0xEF, 0xF0, 0x1F, 0xC3, 0xFE, 0x01, 0xFE, 0xFF, 0x03,
    0xFC, 0x3F, 0xE0, 0x1F, 0xEF, 0xF0, 0x3F, 0xC1, 0xFE, 0x03, 0xFC, 0xFF, 0x03, 0xF8, 0x1F, 0xE0,
    0x3F, 0xCF, 0xF0, 0x3F, 0x81, 0xFE, 0x07, 0xF8, 0xFF, 0x03, 0xF8, 0x1F, 0xE0, 0x7F, 0x87, 0xF9,
    0xFF, 0xE1, 0xFF, 0xEF, 0xF0, 0x7F, 0x9F, 0xFE, 0x1F, 0xFF, 0xFE, 0x07, 0xFF, 0xFF, 0xE0, 0xFF,
    0xFF, 0xE0, 0x3F, 0xFF, 0xFE, 0x0F, 0xFF, 0xFC, 0x03, 0xFF, 0xFF, 0xE0, 0xFF, 0xFF, 0x80, 0x3F,
    0xFF, 0xFC, 0x07, 0xFF, 0xF0, 0x01, 0xFF, 0xC0, 0x00, 0x07, 0xFE, 0x00, 0x0F, 0xFF, 0x00, 0x01,
    0xFF, 0xC0, 0x00, 0x7F, 0xFC, 0x01, 0xFF, 0xF8, 0x00, 0x07, 0xFF, 0xFF, 0xFF, 0xFF, 0x00, 0x00,
    0x3F, 0xFF, 0xFF, 0xFF, 0xE0, 0x00, 0x00, 0xFF, 0xFF, 0xFF, 0xF8, 0x00, 0x00, 0x07, 0xFF, 0xFF,
    0xFE, 0x00, 0x00, 0x00, 0x1F, 0xFF, 0xFF, 0x80, 0x00, 0x00, 0x00, 0x7F, 0xFF, 0xE0, 0x00, 0x00,
    0x00, 0x00, 0x7F, 0xE0, 0x00, 0x00, 0x00, 0x7F, 0xFF, 0xFF, 0xBF, 0xFF, 0xFF, 0xDF, 0xFF, 0xFF,
    0xEF, 0xFF, 0xFF, 0xFF, 0xFF, 0xFF, 0xFB, 0xFF, 0xFF, 0xF8, 0x00, 0x7E, 0x00, 0x1F, 0xFC, 0x01,
    0xFF, 0xF8, 0x1F, 0xFF, 0xE1, 0xFF, 0xFF, 0x1F, 0xFF, 0xFD, 0xFF, 0xFF, 0xEF, 0xF0, 0xFF, 0xFF,
    0x03, 0xFF, 0xF0, 0x1F, 0xFF, 0x80, 0xFF, 0xFC, 0x07, 0xFF, 0xE0, 0x7F, 0x7F, 0x87, 0xFB, 0xFF,
    0xFF, 0x9F, 0xFF, 0xFC, 0x7F, 0xFF, 0xC3, 0xFF, 0xFC, 0x0F, 0xFF, 0xC0, 0x3F, 0xF8, 0x00, 0x7F,
    0x00, 0x00, 0x00, 0x00, 0x07, 0xF8, 0x00, 0x00, 0x00, 0x03, 0xFC, 0x00, 0x00, 0x00, 0x03, 0xFC,
    0x00, 0x00, 0x00, 0x01, 0xFE, 0x00, 0x00, 0x00, 0x00, 0xFF, 0x00, 0x00, 0x00, 0x00, 0x7F, 0x80,
    0x00, 0x00, 0x00, 0x3F, 0xC0, 0x00, 0x00, 0x00, 0x1F, 0xE0, 0x00, 0x00, 0x00, 0x1F, 0xE0, 0x00,
    0x00, 0x00, 0x0F, 0xF0, 0x00, 0x00, 0x00, 0x07, 0xF8, 0x00, 0x00, 0x00, 0x03, 0xFC, 0x00, 0x00,
    0x7F, 0xFF, 0xFF, 0xFF, 0xF8, 0x7F, 0xFF, 0xFF, 0xFF, 0xFC, 0x3F, 0xFF, 0xFF, 0xFF, 0xFE, 0x1F,
    0xFF, 0xFF, 0xFF, 0xFF, 0x0F, 0xFF, 0xFF, 0xFF, 0xFF, 0x0F, 0xFF, 0xFF, 0xFF, 0xFF, 0x87, 0xFF,
    0xFF, 0xFF, 0xFF, 0xC3, 0xFF, 0xFF, 0xFF, 0xFF, 0xC0, 0x00, 0x07, 0xF8, 0x00, 0x00, 0x00, 0x03,
    0xFC, 0x00, 0x00, 0x00, 0x01, 0xFE, 0x00, 0x00, 0x00, 0x00, 0xFF, 0x00, 0x00, 0x00, 0x00, 0xFF,
    0x00, 0x00, 0x00, 0x00, 0x7F, 0x80, 0x00, 0x00, 0x00, 0x3F, 0xC0, 0x00, 0x00, 0x00, 0x1F, 0xE0,
    0x00, 0x00, 0x00, 0x0F, 0xF0, 0x00, 0x00, 0x00, 0x07, 0xF8, 0x00, 0x00, 0x00, 0x07, 0xF8, 0x00,
    0x00, 0xFF, 0xFF, 0xFF, 0xFF, 0xF0, 0x7F, 0xFF, 0xFF, 0xFF, 0xF8, 0x3F, 0xFF, 0xFF, 0xFF, 0xFC,
    0x3F, 0xFF, 0xFF, 0xFF, 0xFE, 0x1F, 0xFF, 0xFF, 0xFF, 0xFF, 0x0F, 0xFF, 0xFF, 0xFF, 0xFF, 0x87,
    0xFF, 0xFF, 0xFF, 0xFF, 0xC3, 0xFF, 0xFF, 0xFF, 0xFF, 0xC0, 0x00, 0x0F, 0xE0, 0x00, 0x7F, 0xFC,
    0x01, 0xFF, 0xFE, 0x03, 0xFF, 0xFF, 0x07, 0xFF, 0xFF, 0x0F, 0xFF, 0xFF, 0x0F, 0xFF, 0xFF, 0x07,
    0xE0, 0xFF, 0x07, 0x80, 0x7F, 0x02, 0x00, 0xFF, 0x00, 0x00, 0xFF, 0x00, 0x01, 0xFE, 0x00, 0x03,
    0xFE, 0x00, 0x07, 0xFC, 0x00, 0x0F, 0xF8, 0x00, 0x3F, 0xF0, 0x00, 0x7F, 0xE0, 0x01, 0xFF, 0xC0,
    0x03, 0xFF, 0x80, 0x0F, 0xFE, 0x3E, 0x1F, 0xFF, 0x7E, 0x7F, 0xFF, 0xFE, 0xFF, 0xFF, 0xFE, 0xFF,
    0xFF, 0xFC, 0xFF, 0xFF, 0xFC, 0xFF, 0xFF, 0xF8, 0xFF, 0xFF, 0xE0, 0xE0, 0x07, 0x00, 0x00, 0x1F,
    0xC0, 0x01, 0xFF, 0xF0, 0x0F, 0xFF, 0xF0, 0x7F, 0xFF, 0xF1, 0xFF, 0xFF, 0xE3, 0xFF, 0xFF, 0xC3,
    0xFF, 0xFF, 0x87, 0xE0, 0xFF, 0x07, 0x01, 0xFE, 0x00, 0x07, 0xFC, 0x01, 0xFF, 0xF0, 0x07, 0xFF,
    0xE0, 0x0F, 0xFF, 0x80, 0x1F, 0xFF, 0x00, 0x3F, 0xFE, 0x00, 0x7F, 0xFE, 0x00, 0xFF, 0xFC, 0x00,
    0x07, 0xF8, 0x00, 0x0F, 0xF3, 0x80, 0x1F, 0xEF, 0xE0, 0x7F, 0xDF, 0xFF, 0xFF, 0x3F, 0xFF, 0xFE,
    0x7F, 0xFF, 0xF8, 0xFF, 0xFF, 0xE1, 0xFF, 0xFF, 0x80, 0xFF, 0xFC, 0x00, 0x3F, 0xE0, 0x00, 0x00,
    0x1F, 0xE0, 0x07, 0xFC, 0x01, 0xFF, 0x00, 0x7F, 0xC0, 0x1F, 0xF0, 0x03, 0xFC, 0x00, 0xFF, 0x00,
    0x3F, 0xC0, 0x0F, 0xF0, 0x03, 0xFC, 0x00, 0xFF, 0x00, 0x3F, 0xC0, 0x0F, 0xF0, 0x01, 0xFC, 0x00,
    0x00, 0x01, 0xF8, 0x00, 0x07, 0xF0, 0x3F, 0xE0, 0x00, 0x7F, 0xC7, 0xFF, 0x80, 0x03, 0xFC, 0x7F,
    0xFC, 0x00, 0x1F, 0xE3, 0xFF, 0xE0, 0x00, 0xFF, 0x1F, 0xFF, 0x00, 0x07, 0xF8, 0xFF, 0xF8, 0x00,
    0x7F, 0xC3, 0x3F, 0xC0, 0x03, 0xFE, 0x03, 0xFE, 0x00, 0x1F, 0xE0, 0x1F, 0xF0, 0x00, 0xFF, 0x00,
    0xFF, 0x80, 0x07, 0xF8, 0x07, 0xF8, 0x00, 0x7F, 0xC0, 0x3F, 0xC0, 0x03, 0xFE, 0x01, 0xFE, 0x00,
    0x1F, 0xE0, 0x1F, 0xF0, 0x00, 0xFF, 0x00, 0xFF, 0x80, 0x07, 0xF8, 0x07, 0xF8, 0x00, 0x3F, 0xC0,
    0x3F, 0xC0, 0x03, 0xFE, 0x01, 0xFE, 0x00, 0x1F, 0xF0, 0x0F, 0xF0, 0x00, 0xFF, 0x00, 0xFF, 0x80,
    0x07, 0xF8, 0x07, 0xFC, 0x00, 0x7F, 0xC0, 0x3F, 0xE0, 0x03, 0xFE, 0x01, 0xFF, 0x00, 0x3F, 0xF0,
    0x0F, 0xF8, 0x03, 0xFF, 0x80, 0xFF, 0xC0, 0x3F, 0xF8, 0x07, 0xFF, 0x07, 0xFF, 0xDC, 0x3F, 0xFF,
    0xFF, 0xFF, 0xF1, 0xFF, 0xFF, 0xFF, 0xFF, 0x8F, 0xFF, 0xFF, 0xFF, 0xFC, 0x7F, 0xFF, 0xFF, 0xFF,
    0xC7, 0xFF, 0xFF, 0xCF, 0xFC, 0x3F, 0xFF, 0xF8, 0x3F, 0x01, 0xFE, 0x7F, 0x00, 0x00, 0x0F, 0xF0,
    0x00, 0x00, 0x00, 0x7F, 0x80, 0x00, 0x00, 0x07, 0xF8, 0x00, 0x00, 0x00, 0x3F, 0xC0, 0x00, 0x00,
    0x01, 0xFE, 0x00, 0x00, 0x00, 0x0F, 0xF0, 0x00, 0x00, 0x00, 0x7F, 0x80, 0x00, 0x00, 0x03, 0xFC,
    0x00, 0x00, 0x00, 0x3F, 0xC0, 0x00, 0x00, 0x01, 0xFE, 0x00, 0x00, 0x00, 0x0F, 0xF0, 0x00, 0x00,
    0x00, 0x7F, 0x80, 0x00, 0x00, 0x03, 0xFC, 0x00, 0x00, 0x00, 0x1F, 0xC0, 0x00, 0x00, 0x00, 0x00,
    0x00, 0x1F, 0xFF, 0xFF, 0xE0, 0x00, 0x3F, 0xFF, 0xFF, 0xFC, 0x00, 0x1F, 0xFF, 0xFF, 0xFF, 0x80,
    0x0F, 0xFF, 0xFF, 0xFF, 0xE0, 0x03, 0xFF, 0xFF, 0xFF, 0xFC, 0x00, 0xFF, 0xFF, 0xFF, 0xFF, 0x80,
    0x3F, 0xFF, 0xFF, 0xFF, 0xE0, 0x0F, 0xFF, 0xFC, 0x1F, 0xE0, 0x03, 0xFF, 0xFF, 0x83, 0xFC, 0x00,
    0xFF, 0xFF, 0xF0, 0xFF, 0x00, 0x3F, 0xFF, 0xFE, 0x1F, 0xE0, 0x07, 0xFF, 0xFF, 0xC3, 0xFC, 0x01,
    0xFF, 0xFF, 0xF8, 0x7F, 0x80, 0x3F, 0xFF, 0xFE, 0x0F, 0xF0, 0x0F, 0xFF, 0xFF, 0xC1, 0xFE, 0x01,
    0xFF, 0xFF, 0xF8, 0x7F, 0x80, 0x3F, 0xFF, 0xFF, 0x0F, 0xF0, 0x0F, 0xFF, 0xFF, 0xE1, 0xFE, 0x01,
    0xFF, 0xFF, 0xFC, 0x3F, 0xC0, 0x3F, 0xFF, 0xFF, 0x07, 0xF8, 0x0F, 0xFF, 0xFF, 0xE1, 0xFF, 0x01,
    0xFF, 0xFF, 0xFC, 0x3F, 0xC0, 0x3F, 0xFF, 0xFF, 0x87, 0xF8, 0x07, 0xFF, 0xFF, 0xF0, 0xFF, 0x00,
    0xFF, 0xFF, 0xFC, 0x1F, 0xE0, 0x1F, 0xFF, 0xFF, 0x83, 0xFC, 0x03, 0xFF, 0xFF, 0xF0, 0xFF, 0x00,
    0x7F, 0xFF, 0xFE, 0x1F, 0xE0, 0x0F, 0xFF, 0xFF, 0xC3, 0xFC, 0x01, 0xFF, 0xFF, 0xF8, 0x7F, 0x80,
    0x3F, 0xFF, 0xFE, 0x0F, 0xF0, 0x03, 0xFF, 0xFF, 0xC1, 0xFE, 0x00, 0x7F, 0xFF, 0xF8, 0x7F, 0x80,
    0x0F, 0xFF, 0xFF, 0x0F, 0xF0, 0x00, 0xFF, 0xFF, 0xE1, 0xFE, 0x00, 0x1F, 0xFF, 0xF8, 0x3F, 0xC0,
    0x01, 0xFF, 0xFF, 0x07, 0xF8, 0x00, 0x1F, 0xFF, 0xE1, 0xFF, 0x00, 0x01, 0xFF, 0xFC, 0x3F, 0xC0,
    0x00, 0x1F, 0xFF, 0x87, 0xF8, 0x00, 0x00, 0xFF, 0xF0, 0xFF, 0x00, 0x00, 0x03, 0xFC, 0x1F, 0xE0,
    0x00, 0x00, 0x7F, 0x83, 0xFC, 0x00, 0x00, 0x0F, 0xF0, 0xFF, 0x00, 0x00, 0x01, 0xFE, 0x1F, 0xE0,
    0x00, 0x00, 0x3F, 0xC3, 0xFC, 0x00, 0x00, 0x07, 0xF8, 0x7F, 0x80, 0x00, 0x01, 0xFE, 0x0F, 0xF0,
    0x00, 0x00, 0x3F, 0xC1, 0xFE, 0x00, 0x00, 0x07, 0xF8, 0x7F, 0x80, 0x00, 0x00, 0xFF, 0x0F, 0xF3,
    0x00, 0x00, 0x1F, 0xE1, 0xFF, 0xF0, 0x00, 0x03, 0xF8, 0x3F, 0xFE, 0x00, 0x00, 0xFF, 0x07, 0xFF,
    0xC0, 0x00, 0x1F, 0xE0, 0xFF, 0xFC, 0x00, 0x03, 0xFC, 0x1F, 0xFF, 0x00, 0x00, 0x7F, 0x83, 0xFF,
    0x80, 0x00, 0x0F, 0xFF, 0x3F, 0xC0, 0x00, 0x01, 0xFF, 0xE0, 0x00, 0x00, 0x00, 0x7F, 0xFE, 0x00,
    0x00, 0x00, 0x0F, 0xFF, 0xC0, 0x00, 0x00, 0x00, 0xFF, 0xF8, 0x00, 0x00, 0x00, 0x1F, 0xFE, 0x00,
    0x00, 0x00, 0x03, 0xFF, 0x00, 0x00, 0x00, 0x00, 0x1F, 0x80, 0x00, 0x00, 0x00, 0x0F, 0x0F, 0xE7,
    0xFD, 0xFF, 0xFF, 0xFF, 0xFF, 0xFF, 0xFE, 0x7F, 0x0F, 0x00, 0x00, 0x7E, 0x00, 0x3F, 0x80, 0x1F,
    0xC0, 0x0F, 0xF0, 0x07, 0xFF, 0x01, 0xFF, 0xE0, 0xFF, 0xFC, 0x3F, 0xFF, 0x0F, 0xFF, 0xDF, 0x87,
    0xF7, 0xFF, 0xFF, 0xFF, 0xFF, 0xFF, 0xFF, 0xBF, 0xFF, 0xCF, 0xFF, 0xE0, 0x7F, 0xC0, 0x00, 0x1C,
    0x03, 0xFC, 0x3F, 0xF0, 0xFF, 0xE1, 0xFF, 0xC3, 0xFF, 0x87, 0xFF, 0x0F, 0xFE, 0x03, 0xF8, 0x07,
    0xF0, 0x0F, 0xE0, 0x1F, 0xC0, 0x7F, 0x80, 0xFF, 0x01, 0xFC, 0x03, 0xF8, 0x07, 0xF0, 0x0F, 0xE0,
    0x3F, 0xC0, 0x7F, 0x00, 0xFE, 0x0F, 0xFF, 0xBF, 0xFF, 0x7F, 0xFE, 0xFF, 0xFD, 0xFF, 0xFB, 0xFF,
    0xE0, 0x00, 0x7F, 0x80, 0x0F, 0xFF, 0x80, 0x7F, 0xFF, 0x03, 0xFF, 0xFE, 0x1F, 0xFF, 0xFC, 0xFF,
    0xFF, 0xF7, 0xFC, 0x3F, 0xDF, 0xC0, 0x7F, 0xFF, 0x01, 0xFF, 0xF8, 0x07, 0xFF, 0xE0, 0x1F, 0xFF,
    0x80, 0x7F, 0xFE, 0x01, 0xFF, 0xF8, 0x0F, 0xFF, 0xE0, 0x3F, 0xBF, 0xC3, 0xFE, 0xFF, 0xFF, 0xF3,
    0xFF, 0xFF, 0x87, 0xFF, 0xFC, 0x0F, 0xFF, 0xE0, 0x1F, 0xFF, 0x00, 0x1F, 0xE0, 0x00, 0x00, 0xE0,
    0x0E, 0x00, 0x1F, 0x01, 0xF0, 0x01, 0xFC, 0x1F, 0xC0, 0x1F, 0xE1, 0xFE, 0x00, 0xFF, 0x8F, 0xF8,
    0x07, 0xFC, 0x7F, 0xC0, 0x1F, 0xF1, 0xFF, 0x00, 0xFF, 0x8F, 0xF8, 0x03, 0xFE, 0x3F, 0xE0, 0x1F,
    0xF1, 0xFF, 0x00, 0x7F, 0xC7, 0xFC, 0x03, 0xFE, 0x3F, 0xE0, 0x0F, 0xF8, 0xFF, 0x80, 0x7F, 0xC7,
    0xFC, 0x01, 0xFF, 0x3F, 0xE0, 0x0F, 0xF9, 0xFF, 0x00, 0xFF, 0x8F, 0xF8, 0x0F, 0xF8, 0xFF, 0x80,
    0xFF, 0x8F, 0xF8, 0x0F, 0xF8, 0xFF, 0x80, 0xFF, 0x8F, 0xF8, 0x07, 0xFC, 0xFF, 0x80, 0x7F, 0xC7,
    0xF8, 0x07, 0xFC, 0x7F, 0xC0, 0x7F, 0xC7, 0xFC, 0x07, 0xFC, 0x7F, 0xC0, 0x3F, 0xC3, 0xFC, 0x01,
    0xFC, 0x1F, 0xC0, 0x07, 0xE0, 0x7C, 0x00, 0x0E, 0x01, 0xE0, 0x00, 0x00, 0x00, 0x00, 0x00, 0x00,
    0x01, 0xC0, 0x00, 0x70, 0x00, 0x00, 0x00, 0x1F, 0x80, 0x7F, 0xC0, 0x00, 0x00, 0x01, 0xFE, 0x1F,
    0xFC, 0x00, 0x00, 0x00, 0x1F, 0xF0, 0xFF, 0xE0, 0x00, 0x00, 0x01, 0xFF, 0x0F, 0xFF, 0x00, 0x00,
    0x00, 0x0F, 0xF0, 0x7F, 0xF8, 0x00, 0x00, 0x00, 0xFF, 0x03, 0xFF, 0xC0, 0x00, 0x00, 0x0F, 0xF0,
    0x1F, 0xFC, 0x00, 0x00, 0x00, 0xFF, 0x00, 0x0F, 0xE0, 0x00, 0x00, 0x0F, 0xF0, 0x00, 0xFF, 0x00,
    0x00, 0x00, 0xFF, 0x00, 0x07, 0xF8, 0x00, 0x00, 0x0F, 0xF8, 0x00, 0x3F, 0xC0, 0x00, 0x00, 0xFF,
    0x80, 0x01, 0xFE, 0x00, 0x00, 0x0F, 0xF8, 0x00, 0x0F, 0xE0, 0x00, 0x00, 0xFF, 0x80, 0x00, 0x7F,
    0x00, 0x00, 0x0F, 0xF8, 0x00, 0x07, 0xF8, 0x00, 0x00, 0xFF, 0x80, 0x00, 0x3F, 0xC0, 0x00, 0x0F,
    0xF8, 0x00, 0x01, 0xFE, 0x00, 0x00, 0xFF, 0x80, 0x00, 0x0F, 0xF0, 0x00, 0x0F, 0xF8, 0x00, 0x00,
    0x7F, 0x00, 0x00, 0xFF, 0x80, 0x00, 0x03, 0xF8, 0x00, 0x0F, 0xF8, 0x00, 0x01, 0xFF, 0xF8, 0x00,
    0xFF, 0x80, 0x00, 0x0F, 0xFF, 0xC0, 0x0F, 0xF8, 0x00, 0x00, 0xFF, 0xFE, 0x00, 0xFF, 0x80, 0x1F,
    0xF7, 0xFF, 0xF0, 0x0F, 0xF8, 0x01, 0xFF, 0xBF, 0xFF, 0x80, 0xFF, 0x80, 0x1F, 0xF9, 0xFF, 0xFC,
    0x0F, 0xF8, 0x01, 0xFF, 0xCF, 0xFF, 0xC0, 0xFF, 0x80, 0x1F, 0xFE, 0x00, 0x00, 0x0F, 0xFC, 0x01,
    0xFF, 0xF0, 0x00, 0x00, 0xFF, 0xC0, 0x1F, 0xFF, 0x80, 0x00, 0x0F, 0xFC, 0x01, 0xFF, 0xFC, 0x00,
    0x00, 0xFF, 0xC0, 0x1F, 0xFF, 0xC0, 0x00, 0x07, 0xFC, 0x01, 0xFF, 0xFE, 0x00, 0x00, 0x7F, 0xC0,
    0x1F, 0xFF, 0xF0, 0x00, 0x07, 0xFC, 0x00, 0xFF, 0x7F, 0x80, 0x00, 0x7F, 0xC0, 0x0F, 0xF3, 0xFC,
    0x00, 0x07, 0xFC, 0x00, 0xFF, 0x1F, 0xC0, 0x00, 0x7F, 0xC0, 0x0F, 0xF0, 0xFE, 0x00, 0x07, 0xFC,
    0x00, 0xFF, 0xFF, 0xFE, 0x00, 0x7F, 0xC0, 0x0F, 0xFF, 0xFF, 0xF0, 0x07, 0xFC, 0x00, 0x7F, 0xFF,
    0xFF, 0x80, 0x7F, 0xC0, 0x03, 0xFF, 0xFF, 0xFC, 0x07, 0xFC, 0x00, 0x1F, 0xFF, 0xFF, 0xE0, 0x7F,
    0xC0, 0x00, 0xFF, 0xFF, 0xFE, 0x07, 0xFC, 0x00, 0x07, 0xFF, 0xFF, 0xF0, 0x7F, 0xC0, 0x00, 0x00,
    0x0F, 0xFF, 0x87, 0xFC, 0x00, 0x00, 0x00, 0xFF, 0xFC, 0x3F, 0xE0, 0x00, 0x00, 0x07, 0xFF, 0xC1,
    0xFE, 0x00, 0x00, 0x00, 0x3F, 0xFE, 0x07, 0xE0, 0x00, 0x00, 0x01, 0xFF, 0xF0, 0x1E, 0x00, 0x00,
    0x00, 0x00, 0x00, 0x00, 0x00, 0x00, 0x00, 0x00, 0x00, 0x03, 0x80, 0x00, 0x1C, 0x00, 0x00, 0x00,
    0x1F, 0x80, 0x0F, 0xF8, 0x00, 0x00, 0x00, 0xFF, 0x01, 0xFF, 0xC0, 0x00, 0x00, 0x07, 0xFC, 0x07,
    0xFF, 0x00, 0x00, 0x00, 0x3F, 0xE0, 0x3F, 0xFC, 0x00, 0x00, 0x01, 0xFF, 0x00, 0xFF, 0xF0, 0x00,
    0x00, 0x0F, 0xF8, 0x03, 0xFF, 0xC0, 0x00, 0x00, 0x7F, 0xC0, 0x0F, 0xFE, 0x00, 0x00, 0x03, 0xFE,
    0x00, 0x03, 0xF8, 0x00, 0x00, 0x1F, 0xF0, 0x00, 0x1F, 0xE0, 0x00, 0x00, 0xFF, 0x80, 0x00, 0x7F,
    0x80, 0x00, 0x07, 0xFC, 0x00, 0x01, 0xFE, 0x00, 0x00, 0x3F, 0xE0, 0x00, 0x07, 0xF8, 0x00, 0x00,
    0xFF, 0x00, 0x00, 0x1F, 0xC0, 0x00, 0x07, 0xF8, 0x00, 0x00, 0x7F, 0x00, 0x00, 0x3F, 0xC0, 0x00,
    0x03, 0xFC, 0x00, 0x01, 0xFF, 0x00, 0x00, 0x0F, 0xF0, 0x00, 0x0F, 0xF8, 0x00, 0x00, 0x3F, 0xC0,
    0x00, 0x7F, 0xC0, 0x00, 0x00, 0xFF, 0x00, 0x03, 0xFE, 0x00, 0x00, 0x03, 0xF8, 0x00, 0x1F, 0xF0,
    0x00, 0x00, 0x0F, 0xE0, 0x00, 0xFF, 0x80, 0x00, 0x03, 0xFF, 0xF0, 0x07, 0xFC, 0x00, 0x00, 0x0F,
    0xFF, 0xC0, 0x3F, 0xE0, 0x1F, 0xE0, 0x7F, 0xFF, 0x01, 0xFF, 0x01, 0xFF, 0xF1, 0xFF, 0xFC, 0x0F,
    0xF8, 0x1F, 0xFF, 0xE7, 0xFF, 0xF0, 0x7F, 0xC1, 0xFF, 0xFF, 0xDF, 0xFF, 0xC3, 0xFE, 0x0F, 0xFF,
    0xFF, 0x7F, 0xFE, 0x1F, 0xF0, 0x7F, 0xFF, 0xFC, 0x00, 0x00, 0xFF, 0x80, 0xFF, 0xFF, 0xF0, 0x00,
    0x07, 0xFC, 0x03, 0xF8, 0x3F, 0xC0, 0x00, 0x3F, 0xE0, 0x07, 0x80, 0xFF, 0x00, 0x01, 0xFF, 0x00,
    0x18, 0x03, 0xFC, 0x00, 0x0F, 0xF8, 0x00, 0x00, 0x0F, 0xF0, 0x00, 0x7F, 0xC0, 0x00, 0x00, 0x7F,
    0x80, 0x03, 0xFF, 0x00, 0x00, 0x03, 0xFE, 0x00, 0x1F, 0xF8, 0x00, 0x00, 0x1F, 0xF0, 0x00, 0xFF,
    0xC0, 0x00, 0x00, 0xFF, 0xC0, 0x07, 0xFE, 0x00, 0x00, 0x0F, 0xFE, 0x00, 0x3F, 0xF0, 0x00, 0x00,
    0x7F, 0xE0, 0x00, 0xFF, 0x80, 0x00, 0x07, 0xFF, 0x00, 0x07, 0xFC, 0x00, 0x00, 0x3F, 0xF8, 0x00,
    0x3F, 0xE0, 0x00, 0x03, 0xFF, 0x8F, 0x01, 0xFF, 0x00, 0x00, 0x1F, 0xFC, 0x7E, 0x0F, 0xF8, 0x00,
    0x01, 0xFF, 0xFF, 0xF8, 0x7F, 0xC0, 0x00, 0x0F, 0xFF, 0xFF, 0xE3, 0xFE, 0x00, 0x00, 0x7F, 0xFF,
    0xFF, 0x1F, 0xF0, 0x00, 0x01, 0xFF, 0xFF, 0xFC, 0xFF, 0x80, 0x00, 0x07, 0xFF, 0xFF, 0xE1, 0xFC,
    0x00, 0x00, 0x1F, 0xFF, 0xFF, 0x03, 0xE0, 0x00, 0x00, 0x7F, 0xFF, 0xF0, 0x07, 0x00, 0x00, 0x00,
    0x00, 0x00, 0x00, 0x00, 0x00, 0x00, 0x00, 0x00, 0x00, 0x1C, 0x00, 0x07, 0xF8, 0x00, 0x00, 0x00,
    0x1F, 0x80, 0x1F, 0xFF, 0x00, 0x00, 0x00, 0x1F, 0xE0, 0x3F, 0xFF, 0xC0, 0x00, 0x00, 0x1F, 0xF0,
    0x7F, 0xFF, 0xF0, 0x00, 0x00, 0x0F, 0xF0, 0x7F, 0xFF, 0xFC, 0x00, 0x00, 0x0F, 0xF0, 0x3F, 0xFF,
    0xFE, 0x00, 0x00, 0x0F, 0xF0, 0x1F, 0xFF, 0xFF, 0x00, 0x00, 0x0F, 0xF0, 0x07, 0xE0, 0xFF, 0x80,
    0x00, 0x0F, 0xF0, 0x03, 0x80, 0x3F, 0xC0, 0x00, 0x0F, 0xF8, 0x00, 0x00, 0x3F, 0xC0, 0x00, 0x0F,
    0xF8, 0x00, 0x07, 0xFF, 0xE0, 0x00, 0x0F, 0xF8, 0x00, 0x07, 0xFF, 0xE0, 0x00, 0x0F, 0xF8, 0x00,
    0x03, 0xFF, 0xE0, 0x00, 0x0F, 0xF8, 0x00, 0x01, 0xFF, 0xF0, 0x00, 0x0F, 0xF8, 0x00, 0x00, 0xFF,
    0xFC, 0x00, 0x0F, 0xF8, 0x00, 0x00, 0xFF, 0xFE, 0x00, 0x0F, 0xF8, 0x00, 0x00, 0x3F, 0xFF, 0x80,
    0x0F, 0xF8, 0x00, 0x00, 0x00, 0x7F, 0xC0, 0x0F, 0xF8, 0x00, 0x00, 0x00, 0x3F, 0xE0, 0x0F, 0xF8,
    0x00, 0x07, 0x80, 0x1F, 0xE0, 0x0F, 0xF8, 0x00, 0x03, 0xF0, 0x1F, 0xF0, 0x0F, 0xF8, 0x00, 0x01,
    0xFF, 0xFF, 0xF8, 0x0F, 0xF8, 0x00, 0x00, 0xFF, 0xFF, 0xF8, 0x0F, 0xF8, 0x00, 0x00, 0xFF, 0xFF,
    0xFC, 0x0F, 0xF8, 0x01, 0xFF, 0x7F, 0xFF, 0xFC, 0x0F, 0xF8, 0x01, 0xFF, 0x9F, 0xFF, 0xF8, 0x0F,
    0xF8, 0x01, 0xFF, 0xC3, 0xFF, 0xF0, 0x0F, 0xF8, 0x01, 0xFF, 0xC0, 0x3F, 0xC0, 0x0F, 0xFC, 0x01,
    0xFF, 0xE0, 0x00, 0x00, 0x0F, 0xFC, 0x01, 0xFF, 0xF0, 0x00, 0x00, 0x0F, 0xFC, 0x01, 0xFF, 0xF8,
    0x00, 0x00, 0x0F, 0xFC, 0x01, 0xFF, 0xFC, 0x00, 0x00, 0x07, 0xFC, 0x01, 0xFF, 0xFC, 0x00, 0x00,
    0x07, 0xFC, 0x01, 0xFF, 0xFE, 0x00, 0x00, 0x07, 0xFC, 0x00, 0xFF, 0x7F, 0x00, 0x00, 0x07, 0xFC,
    0x00, 0xFF, 0x7F, 0x80, 0x00, 0x07, 0xFC, 0x00, 0xFF, 0x3F, 0xC0, 0x00, 0x07, 0xFC, 0x00, 0xFF,
    0x1F, 0xE0, 0x00, 0x07, 0xFC, 0x00, 0xFF, 0x0F, 0xE0, 0x00, 0x07, 0xFC, 0x00, 0xFF, 0xFF, 0xFE,
    0x00, 0x07, 0xFC, 0x00, 0xFF, 0xFF, 0xFF, 0x80, 0x07, 0xFC, 0x00, 0x7F, 0xFF, 0xFF, 0x80, 0x07,
    0xFC, 0x00, 0x3F, 0xFF, 0xFF, 0xC0, 0x07, 0xFC, 0x00, 0x1F, 0xFF, 0xFF, 0xE0, 0x07, 0xFC, 0x00,
    0x0F, 0xFF, 0xFF, 0xF0, 0x07, 0xFC, 0x00, 0x07, 0xFF, 0xFF, 0xF0, 0x07, 0xFE, 0x00, 0x00, 0x00,
    0xFF, 0xF8, 0x07, 0xFE, 0x00, 0x00, 0x00, 0xFF, 0xFC, 0x03, 0xFE, 0x00, 0x00, 0x00, 0x7F, 0xFE,
    0x01, 0xFE, 0x00, 0x00, 0x00, 0x3F, 0xFE, 0x00, 0x7E, 0x00, 0x00, 0x00, 0x1F, 0xFF, 0x00, 0x1E,
    0x00, 0x00, 0x00, 0x00, 0x00, 0x00, 0x00, 0x00, 0x1E, 0x00, 0x00, 0x07, 0xF0, 0x00, 0x00, 0xFF,
    0x80, 0x00, 0x1F, 0xF8, 0x00, 0x01, 0xFF, 0xC0, 0x00, 0x1F, 0xFC, 0x00, 0x01, 0xFF, 0x80, 0x00,
    0x1F, 0xF8, 0x00, 0x01, 0xFF, 0x00, 0x00, 0x0F, 0xE0, 0x00, 0x00, 0x7C, 0x00, 0x00, 0x00, 0x00,
    0x00, 0x00, 0x00, 0x00, 0x00, 0x0F, 0x80, 0x00, 0x01, 0xFE, 0x00, 0x00, 0x3F, 0xE0, 0x00, 0x03,
    0xFC, 0x00, 0x00, 0x3F, 0xC0, 0x00, 0x03, 0xFC, 0x00, 0x00, 0x3F, 0xC0, 0x00, 0x07, 0xFC, 0x00,
    0x00, 0x7F, 0x80, 0x00, 0x0F, 0xF8, 0x00, 0x01, 0xFF, 0x00, 0x00, 0x7F, 0xF0, 0x00, 0x0F, 0xFE,
    0x00, 0x01, 0xFF, 0xC0, 0x00, 0x3F, 0xF8, 0x00, 0x07, 0xFF, 0x00, 0x00, 0xFF, 0xE0, 0x00, 0x1F,
    0xFC, 0x00, 0x01, 0xFF, 0x80, 0x00, 0x3F, 0xF0, 0x00, 0x07, 0xFE, 0x00, 0x00, 0x7F, 0xC0, 0x00,
    0x07, 0xF8, 0x00, 0x00, 0xFF, 0x80, 0x00, 0x0F, 0xF8, 0x00, 0x00, 0xFF, 0x80, 0x00, 0x8F, 0xF8,
    0x00, 0x1C, 0xFF, 0x80, 0x07, 0xEF, 0xF8, 0x00, 0xFF, 0xFF, 0xE0, 0x7F, 0xFF, 0xFF, 0xFF, 0xFF,
    0x7F, 0xFF, 0xFF, 0xE7, 0xFF, 0xFF, 0xF8, 0x3F, 0xFF, 0xFF, 0x01, 0xFF, 0xFF, 0xC0, 0x07, 0xFF,
    0xF0, 0x00, 0x1F, 0xF8, 0x00, 0x00, 0x00, 0x0F, 0x80, 0x00, 0x00, 0x00, 0x00, 0x1F, 0xF8, 0x00,
    0x00, 0x00, 0x00, 0x7F, 0xFF, 0x80, 0x00, 0x00, 0x00, 0xFF, 0xFF, 0xF0, 0x00, 0x00, 0x01, 0xFF,
    0xFF, 0xFC, 0x00, 0x00, 0x03, 0xFF, 0xFF, 0xF8, 0x00, 0x00, 0x07, 0xFF, 0xFF, 0xF0, 0x00, 0x00,
    0x0F, 0xFF, 0xFF, 0xE0, 0x00, 0x00, 0x00, 0xFF, 0xFF, 0xC0, 0x00, 0x00, 0x00, 0x07, 0xFF, 0x80,
    0x00, 0x00, 0x00, 0x00, 0x3E, 0x00, 0x00, 0x00, 0x00, 0x7F, 0x80, 0x00, 0x00, 0x00, 0x01, 0xFF,
    0x00, 0x00, 0x00, 0x00, 0x03, 0xFE, 0x00, 0x00, 0x00, 0x00, 0x0F, 0xFE, 0x00, 0x00, 0x00, 0x00,
    0x1F, 0xFC, 0x00, 0x00, 0x00, 0x00, 0x7F, 0xF8, 0x00, 0x00, 0x00, 0x00, 0xFF, 0xF0, 0x00, 0x00,
    0x00, 0x03, 0xFF, 0xE0, 0x00, 0x00, 0x00, 0x0F, 0xFF, 0xC0, 0x00, 0x00, 0x00, 0x1F, 0xFF, 0xC0,
    0x00, 0x00, 0x00, 0x7F, 0xFF, 0x80, 0x00, 0x00, 0x00, 0xFF, 0xFF, 0x00, 0x00, 0x00, 0x03, 0xFF,
    0xFE, 0x00, 0x00, 0x00, 0x07, 0xFB, 0xFC, 0x00, 0x00, 0x00, 0x1F, 0xE7, 0xF8, 0x00, 0x00, 0x00,
    0x3F, 0xCF, 0xF8, 0x00, 0x00, 0x00, 0xFF, 0x1F, 0xF0, 0x00, 0x00, 0x01, 0xFE, 0x3F, 0xE0, 0x00,
    0x00, 0x07, 0xF8, 0x7F, 0xC0, 0x00, 0x00, 0x0F, 0xF0, 0xFF, 0x80, 0x00, 0x00, 0x3F, 0xC0, 0xFF,
    0x00, 0x00, 0x00, 0xFF, 0x81, 0xFF, 0x00, 0x00, 0x01, 0xFE, 0x03, 0xFE, 0x00, 0x00, 0x07, 0xFC,
    0x07, 0xFC, 0x00, 0x00, 0x0F, 0xF0, 0x0F, 0xF8, 0x00, 0x00, 0x3F, 0xE0, 0x1F, 0xF0, 0x00, 0x00,
    0x7F, 0xFF, 0xFF, 0xE0, 0x00, 0x01, 0xFF, 0xFF, 0xFF, 0xE0, 0x00, 0x03, 0xFF, 0xFF, 0xFF, 0xC0,
    0x00, 0x0F, 0xFF, 0xFF, 0xFF, 0x80, 0x00, 0x1F, 0xFF, 0xFF, 0xFF, 0x00, 0x00, 0x7F, 0xFF, 0xFF,
    0xFE, 0x00, 0x00, 0xFF, 0xFF, 0xFF, 0xFC, 0x00, 0x03, 0xFC, 0x00, 0x07, 0xFC, 0x00, 0x0F, 0xF8,
    0x00, 0x0F, 0xF8, 0x00, 0x1F, 0xE0, 0x00, 0x1F, 0xF0, 0x00, 0x7F, 0xC0, 0x00, 0x3F, 0xE0, 0x00,
    0xFF, 0x00, 0x00, 0x7F, 0xC0, 0x03, 0xFE, 0x00, 0x00, 0xFF, 0x80, 0x07, 0xF8, 0x00, 0x01, 0xFF,
    0x00, 0x1F, 0xF0, 0x00, 0x01, 0xFF, 0x00, 0x3F, 0xC0, 0x00, 0x03, 0xFE, 0x07, 0xFF, 0x00, 0x00,
    0x07, 0xFF, 0xDF, 0xFE, 0x00, 0x00, 0x0F, 0xFF, 0xBF, 0xF8, 0x00, 0x00, 0x1F, 0xFF, 0x7F, 0xF0,
    0x00, 0x00, 0x3F, 0xFF, 0xFF, 0xC0, 0x00, 0x00, 0x3F, 0xFB, 0xFF, 0x80, 0x00, 0x00, 0x7F, 0xF3,
    0xFE, 0x00, 0x00, 0x00, 0xFF, 0xE0, 0x00, 0x00, 0x00, 0x00, 0x00, 0x3C, 0x00, 0x00, 0x00, 0x00,
    0x07, 0xFC, 0x00, 0x00, 0x00, 0x01, 0xFF, 0xF0, 0x00, 0x00, 0x00, 0x7F, 0xFF, 0xE0, 0x00, 0x00,
    0x0F, 0xFF, 0xFF, 0xC0, 0x00, 0x00, 0x3F, 0xFF, 0xFF, 0x80, 0x00, 0x00, 0xFF, 0xFF, 0xFF, 0x00,
    0x00, 0x01, 0xFF, 0xFF, 0xFC, 0x00, 0x00, 0x03, 0xFF, 0xFF, 0xF0, 0x00, 0x00, 0x07, 0xFF, 0xF8,
    0x00, 0x00, 0x00, 0x0F, 0xFC, 0x00, 0x00, 0x00, 0x00, 0x1E, 0x00, 0x00, 0x00, 0x00, 0x00, 0x00,
    0xFF, 0x00, 0x00, 0x00, 0x00, 0x03, 0xFE, 0x00, 0x00, 0x00, 0x00, 0x07, 0xFC, 0x00, 0x00, 0x00,
    0x00, 0x1F, 0xFC, 0x00, 0x00, 0x00, 0x00, 0x3F, 0xF8, 0x00, 0x00, 0x00, 0x00, 0xFF, 0xF0, 0x00,
    0x00, 0x00, 0x01, 0xFF, 0xE0, 0x00, 0x00, 0x00, 0x07, 0xFF, 0xC0, 0x00, 0x00, 0x00, 0x1F, 0xFF,
    0x80, 0x00, 0x00, 0x00, 0x3F, 0xFF, 0x80, 0x00, 0x00, 0x00, 0xFF, 0xFF, 0x00, 0x00, 0x00, 0x01,
    0xFF, 0xFE, 0x00, 0x00, 0x00, 0x07, 0xFF, 0xFC, 0x00, 0x00, 0x00, 0x0F, 0xF7, 0xF8, 0x00, 0x00,
    0x00, 0x3F, 0xCF, 0xF0, 0x00, 0x00, 0x00, 0x7F, 0x9F, 0xF0, 0x00, 0x00, 0x01, 0xFE, 0x3F, 0xE0,
    0x00, 0x00, 0x03, 0xFC, 0x7F, 0xC0, 0x00, 0x00, 0x0F, 0xF0, 0xFF, 0x80, 0x00, 0x00, 0x1F, 0xE1,
    0xFF, 0x00, 0x00, 0x00, 0x7F, 0x81, 0xFE, 0x00, 0x00, 0x01, 0xFF, 0x03, 0xFE, 0x00, 0x00, 0x03,
    0xFC, 0x07, 0xFC, 0x00, 0x00, 0x0F, 0xF8, 0x0F, 0xF8, 0x00, 0x00, 0x1F, 0xE0, 0x1F, 0xF0, 0x00,
    0x00, 0x7F, 0xC0, 0x3F, 0xE0, 0x00, 0x00, 0xFF, 0xFF, 0xFF, 0xC0, 0x00, 0x03, 0xFF, 0xFF, 0xFF,
    0xC0, 0x00, 0x07, 0xFF, 0xFF, 0xFF, 0x80, 0x00, 0x1F, 0xFF, 0xFF, 0xFF, 0x00, 0x00, 0x3F, 0xFF,
    0xFF, 0xFE, 0x00, 0x00, 0xFF, 0xFF, 0xFF, 0xFC, 0x00, 0x01, 0xFF, 0xFF, 0xFF, 0xF8, 0x00, 0x07,
    0xF8, 0x00, 0x0F, 0xF8, 0x00, 0x1F, 0xF0, 0x00, 0x1F, 0xF0, 0x00, 0x3F, 0xC0, 0x00, 0x3F, 0xE0,
    0x00, 0xFF, 0x80, 0x00, 0x7F, 0xC0, 0x01, 0xFE, 0x00, 0x00, 0xFF, 0x80, 0x07, 0xFC, 0x00, 0x01,
    0xFF, 0x00, 0x0F, 0xF0, 0x00, 0x03, 0xFE, 0x00, 0x3F, 0xE0, 0x00, 0x03, 0xFE, 0x00, 0x7F, 0x80,
    0x00, 0x07, 0xFC, 0x0F, 0xFE, 0x00, 0x00, 0x0F, 0xFF, 0xBF, 0xFC, 0x00, 0x00, 0x1F, 0xFF, 0x7F,
    0xF0, 0x00, 0x00, 0x3F, 0xFE, 0xFF, 0xE0, 0x00, 0x00, 0x7F, 0xFF, 0xFF, 0x80, 0x00, 0x00, 0x7F,
    0xF7, 0xFF, 0x00, 0x00, 0x00, 0xFF, 0xE7, 0xFC, 0x00, 0x00, 0x01, 0xFF, 0xC0, 0x00, 0x00, 0x00,
    0x00, 0xF0, 0x00, 0x00, 0x00, 0x00, 0x07, 0xF8, 0x00, 0x00, 0x00, 0x00, 0x3F, 0xFC, 0x00, 0x00,
    0x00, 0x03, 0xFF, 0xFE, 0x00, 0x00, 0x00, 0x1F, 0xFF, 0xFF, 0x00, 0x00, 0x01, 0xFF, 0xFF, 0xFF,
    0x80, 0x00, 0x07, 0xFF, 0xFF, 0xFF, 0x80, 0x00, 0x0F, 0xFF, 0xFF, 0xFF, 0x00, 0x00, 0x3F, 0xFF,
    0x3F, 0xFE, 0x00, 0x00, 0x7F, 0xE0, 0x0F, 0xFC, 0x00, 0x00, 0xFE, 0x00, 0x07, 0xF8, 0x00, 0x01,
    0xE0, 0x00, 0x01, 0xE0, 0x00, 0x00, 0x00, 0x00, 0x00, 0x00, 0x00, 0x00, 0x01, 0xFE, 0x00, 0x00,
    0x00, 0x00, 0x07, 0xFC, 0x00, 0x00, 0x00, 0x00, 0x0F, 0xF8, 0x00, 0x00, 0x00, 0x00, 0x3F, 0xF8,
    0x00, 0x00, 0x00, 0x00, 0x7F, 0xF0, 0x00, 0x00, 0x00, 0x01, 0xFF, 0xE0, 0x00, 0x00, 0x00, 0x03,
    0xFF, 0xC0, 0x00, 0x00, 0x00, 0x0F, 0xFF, 0x80, 0x00, 0x00, 0x00, 0x3F, 0xFF, 0x00, 0x00, 0x00,
    0x00, 0x7F, 0xFF, 0x00, 0x00, 0x00, 0x01, 0xFF, 0xFE, 0x00, 0x00, 0x00, 0x03, 0xFF, 0xFC, 0x00,
    0x00, 0x00, 0x0F, 0xFF, 0xF8, 0x00, 0x00, 0x00, 0x1F, 0xEF, 0xF0, 0x00, 0x00, 0x00, 0x7F, 0x9F,
    0xE0, 0x00, 0x00, 0x00, 0xFF, 0x3F, 0xE0, 0x00, 0x00, 0x03, 0xFC, 0x7F, 0xC0, 0x00, 0x00, 0x07,
    0xF8, 0xFF, 0x80, 0x00, 0x00, 0x1F, 0xE1, 0xFF, 0x00, 0x00, 0x00, 0x3F, 0xC3, 0xFE, 0x00, 0x00,
    0x00, 0xFF, 0x03, 0xFC, 0x00, 0x00, 0x03, 0xFE, 0x07, 0xFC, 0x00, 0x00, 0x07, 0xF8, 0x0F, 0xF8,
    0x00, 0x00, 0x1F, 0xF0, 0x1F, 0xF0, 0x00, 0x00, 0x3F, 0xC0, 0x3F, 0xE0, 0x00, 0x00, 0xFF, 0x80,
    0x7F, 0xC0, 0x00, 0x01, 0xFF, 0xFF, 0xFF, 0x80, 0x00, 0x07, 0xFF, 0xFF, 0xFF, 0x80, 0x00, 0x0F,
    0xFF, 0xFF, 0xFF, 0x00, 0x00, 0x3F, 0xFF, 0xFF, 0xFE, 0x00, 0x00, 0x7F, 0xFF, 0xFF, 0xFC, 0x00,
    0x01, 0xFF, 0xFF, 0xFF, 0xF8, 0x00, 0x03, 0xFF, 0xFF, 0xFF, 0xF0, 0x00, 0x0F, 0xF0, 0x00, 0x1F,
    0xF0, 0x00, 0x3F, 0xE0, 0x00, 0x3F, 0xE0, 0x00, 0x7F, 0x80, 0x00, 0x7F, 0xC0, 0x01, 0xFF, 0x00,
    0x00, 0xFF, 0x80, 0x03, 0xFC, 0x00, 0x01, 0xFF, 0x00, 0x0F, 0xF8, 0x00, 0x03, 0xFE, 0x00, 0x1F,
    0xE0, 0x00, 0x07, 0xFC, 0x00, 0x7F, 0xC0, 0x00, 0x07, 0xFC, 0x00, 0xFF, 0x00, 0x00, 0x0F, 0xF8,
    0x1F, 0xFC, 0x00, 0x00, 0x1F, 0xFF, 0x7F, 0xF8, 0x00, 0x00, 0x3F, 0xFE, 0xFF, 0xE0, 0x00, 0x00,
    0x7F, 0xFD, 0xFF, 0xC0, 0x00, 0x00, 0xFF, 0xFF, 0xFF, 0x00, 0x00, 0x00, 0xFF, 0xEF, 0xFE, 0x00,
    0x00, 0x01, 0xFF, 0xCF, 0xF8, 0x00, 0x00, 0x03, 0xFF, 0x80, 0x00, 0x00, 0x00, 0x00, 0x00, 0x7E,
    0x00, 0x00, 0x00, 0x7F, 0x80, 0x7F, 0x00, 0x00, 0x01, 0xFF, 0xF0, 0xFE, 0x00, 0x00, 0x03, 0xFF,
    0xFF, 0xFE, 0x00, 0x00, 0x07, 0xFF, 0xFF, 0xFC, 0x00, 0x00, 0x0F, 0xFF, 0xFF, 0xFC, 0x00, 0x00,
    0x1F, 0xFF, 0xFF, 0xF8, 0x00, 0x00, 0x1F, 0xFF, 0xFF, 0xF0, 0x00, 0x00, 0x3F, 0xFF, 0xFF, 0xF0,
    0x00, 0x00, 0x3F, 0x83, 0xFF, 0xC0, 0x00, 0x00, 0x3F, 0x00, 0x3F, 0x00, 0x00, 0x00, 0x3F, 0x00,
    0x00, 0x00, 0x00, 0x00, 0x00, 0x0F, 0xF0, 0x00, 0x00, 0x00, 0x00, 0x1F, 0xF0, 0x00, 0x00, 0x00,
    0x00, 0x1F, 0xF0, 0x00, 0x00, 0x00, 0x00, 0x3F, 0xF8, 0x00, 0x00, 0x00, 0x00, 0x3F, 0xF8, 0x00,
    0x00, 0x00, 0x00, 0x7F, 0xF8, 0x00, 0x00, 0x00, 0x00, 0x7F, 0xF8, 0x00, 0x00, 0x00, 0x00, 0xFF,
    0xF8, 0x00, 0x00, 0x00, 0x01, 0xFF, 0xF8, 0x00, 0x00, 0x00, 0x01, 0xFF, 0xFC, 0x00, 0x00, 0x00,
    0x03, 0xFF, 0xFC, 0x00, 0x00, 0x00, 0x03, 0xFF, 0xFC, 0x00, 0x00, 0x00, 0x07, 0xFF, 0xFC, 0x00,
    0x00, 0x00, 0x07, 0xFB, 0xFC, 0x00, 0x00, 0x00, 0x0F, 0xF3, 0xFC, 0x00, 0x00, 0x00, 0x0F, 0xF3,
    0xFE, 0x00, 0x00, 0x00, 0x1F, 0xE3, 0xFE, 0x00, 0x00, 0x00, 0x1F, 0xE3, 0xFE, 0x00, 0x00, 0x00,
    0x3F, 0xC3, 0xFE, 0x00, 0x00, 0x00, 0x3F, 0xC3, 0xFE, 0x00, 0x00, 0x00, 0x7F, 0x81, 0xFE, 0x00,
    0x00, 0x00, 0xFF, 0x81, 0xFF, 0x00, 0x00, 0x00, 0xFF, 0x01, 0xFF, 0x00, 0x00, 0x01, 0xFF, 0x01,
    0xFF, 0x00, 0x00, 0x01, 0xFE, 0x01, 0xFF, 0x00, 0x00, 0x03, 0xFE, 0x01, 0xFF, 0x00, 0x00, 0x03,
    0xFF, 0xFF, 0xFF, 0x00, 0x00, 0x07, 0xFF, 0xFF, 0xFF, 0x80, 0x00, 0x07, 0xFF, 0xFF, 0xFF, 0x80,
    0x00, 0x0F, 0xFF, 0xFF, 0xFF, 0x80, 0x00, 0x0F, 0xFF, 0xFF, 0xFF, 0x80, 0x00, 0x1F, 0xFF, 0xFF,
    0xFF, 0x80, 0x00, 0x1F, 0xFF, 0xFF, 0xFF, 0x80, 0x00, 0x3F, 0xC0, 0x00, 0x7F, 0xC0, 0x00, 0x7F,
    0xC0, 0x00, 0x7F, 0xC0, 0x00, 0x7F, 0x80, 0x00, 0x7F, 0xC0, 0x00, 0xFF, 0x80, 0x00, 0x7F, 0xC0,
    0x00, 0xFF, 0x00, 0x00, 0x7F, 0xC0, 0x01, 0xFF, 0x00, 0x00, 0x7F, 0xC0, 0x01, 0xFE, 0x00, 0x00,
    0x7F, 0xC0, 0x03, 0xFE, 0x00, 0x00, 0x3F, 0xE0, 0x03, 0xFC, 0x00, 0x00, 0x3F, 0xE0, 0x3F, 0xF8,
    0x00, 0x00, 0x3F, 0xFE, 0x7F, 0xF8, 0x00, 0x00, 0x3F, 0xFE, 0x7F, 0xF0, 0x00, 0x00, 0x3F, 0xFE,
    0x7F, 0xF0, 0x00, 0x00, 0x3F, 0xFE, 0xFF, 0xE0, 0x00, 0x00, 0x1F, 0xFC, 0xFF, 0xE0, 0x00, 0x00,
    0x1F, 0xFC, 0x7F, 0xC0, 0x00, 0x00, 0x1F, 0xFC, 0x00, 0x00, 0x01, 0xF0, 0x01, 0xF0, 0x00, 0x00,
    0x07, 0xF0, 0x07, 0xF0, 0x00, 0x00, 0x1F, 0xF0, 0x1F, 0xF0, 0x00, 0x00, 0x7F, 0xE0, 0x7F, 0xE0,
    0x00, 0x00, 0xFF, 0xC0, 0xFF, 0xC0, 0x00, 0x01, 0xFF, 0x81, 0xFF, 0x80, 0x00, 0x03, 0xFF, 0x03,
    0xFE, 0x00, 0x00, 0x07, 0xFC, 0x07, 0xFC, 0x00, 0x00, 0x07, 0xF0, 0x0F, 0xF0, 0x00, 0x00, 0x07,
    0x80, 0x07, 0x80, 0x00, 0x00, 0x00, 0x00, 0x00, 0x00, 0x00, 0x00, 0x00, 0x7F, 0x80, 0x00, 0x00,
    0x00, 0x01, 0xFF, 0x00, 0x00, 0x00, 0x00, 0x03, 0xFE, 0x00, 0x00, 0x00, 0x00, 0x0F, 0xFE, 0x00,
    0x00, 0x00, 0x00, 0x1F, 0xFC, 0x00, 0x00, 0x00, 0x00, 0x7F, 0xF8, 0x00, 0x00, 0x00, 0x00, 0xFF,
    0xF0, 0x00, 0x00, 0x00, 0x03, 0xFF, 0xE0, 0x00, 0x00, 0x00, 0x0F, 0xFF, 0xC0, 0x00, 0x00, 0x00,
    0x1F, 0xFF, 0xC0, 0x00, 0x00, 0x00, 0x7F, 0xFF, 0x80, 0x00, 0x00, 0x00, 0xFF, 0xFF, 0x00, 0x00,
    0x00, 0x03, 0xFF, 0xFE, 0x00, 0x00, 0x00, 0x07, 0xFF, 0xFC, 0x00, 0x00, 0x00, 0x1F, 0xF7, 0xF8,
    0x00, 0x00, 0x00, 0x3F, 0xCF, 0xF8, 0x00, 0x00, 0x00, 0xFF, 0x9F, 0xF0, 0x00, 0x00, 0x01, 0xFE,
    0x3F, 0xE0, 0x00, 0x00, 0x07, 0xF8, 0x7F, 0xC0, 0x00, 0x00, 0x0F, 0xF0, 0xFF, 0x80, 0x00, 0x00,
    0x3F, 0xC1, 0xFF, 0x00, 0x00, 0x00, 0xFF, 0x81, 0xFF, 0x00, 0x00, 0x01, 0xFE, 0x03, 0xFE, 0x00,
    0x00, 0x07, 0xFC, 0x07, 0xFC, 0x00, 0x00, 0x0F, 0xF0, 0x0F, 0xF8, 0x00, 0x00, 0x3F, 0xE0, 0x1F,
    0xF0, 0x00, 0x00, 0x7F, 0xFF, 0xFF, 0xE0, 0x00, 0x01, 0xFF, 0xFF, 0xFF, 0xE0, 0x00, 0x03, 0xFF,
    0xFF, 0xFF, 0xC0, 0x00, 0x0F, 0xFF, 0xFF, 0xFF, 0x80, 0x00, 0x1F, 0xFF, 0xFF, 0xFF, 0x00, 0x00,
    0x7F, 0xFF, 0xFF, 0xFE, 0x00, 0x00, 0xFF, 0xFF, 0xFF, 0xFC, 0x00, 0x03, 0xFC, 0x00, 0x0F, 0xFC,
    0x00, 0x0F, 0xF8, 0x00, 0x0F, 0xF8, 0x00, 0x1F, 0xE0, 0x00, 0x1F, 0xF0, 0x00, 0x7F, 0xC0, 0x00,
    0x3F, 0xE0, 0x00, 0xFF, 0x00, 0x00, 0x7F, 0xC0, 0x03, 0xFE, 0x00, 0x00, 0xFF, 0x80, 0x07, 0xF8,
    0x00, 0x01, 0xFF, 0x00, 0x1F, 0xE0, 0x00, 0x01, 0xFF, 0x00, 0x3F, 0xC0, 0x00, 0x03, 0xFE, 0x07,
    0xFF, 0x00, 0x00, 0x07, 0xFF, 0xDF, 0xFE, 0x00, 0x00, 0x0F, 0xFF, 0xBF, 0xF8, 0x00, 0x00, 0x1F,
    0xFF, 0x7F, 0xF0, 0x00, 0x00, 0x3F, 0xFF, 0xFF, 0xC0, 0x00, 0x00, 0x3F, 0xFB, 0xFF, 0x80, 0x00,
    0x00, 0x7F, 0xF3, 0xFE, 0x00, 0x00, 0x00, 0xFF, 0xE0, 0x00, 0x00, 0x00, 0x03, 0xF8, 0x00, 0x00,
    0x00, 0x00, 0x0F, 0xFC, 0x00, 0x00, 0x00, 0x00, 0x7F, 0xFC, 0x00, 0x00, 0x00, 0x01, 0xFF, 0xF8,
    0x00, 0x00, 0x00, 0x03, 0xFF, 0xF8, 0x00, 0x00, 0x00, 0x0F, 0xFF, 0xF0, 0x00, 0x00, 0x00, 0x1F,
    0x8F, 0xE0, 0x00, 0x00, 0x00, 0x7E, 0x0F, 0xC0, 0x00, 0x00, 0x00, 0xFC, 0x1F, 0x80, 0x00, 0x00,
    0x01, 0xF8, 0x7F, 0x00, 0x00, 0x00, 0x03, 0xFD, 0xFC, 0x00, 0x00, 0x00, 0x07, 0xFF, 0xF8, 0x00,
    0x00, 0x00, 0x0F, 0xFF, 0xE0, 0x00, 0x00, 0x00, 0x0F, 0xFF, 0x80, 0x00, 0x00, 0x00, 0x0F, 0xFE,
    0x00, 0x00, 0x00, 0x00, 0x1F, 0xFC, 0x00, 0x00, 0x00, 0x00, 0x7F, 0xF8, 0x00, 0x00, 0x00, 0x00,
    0xFF, 0xF0, 0x00, 0x00, 0x00, 0x03, 0xFF, 0xE0, 0x00, 0x00, 0x00, 0x07, 0xFF, 0xC0, 0x00, 0x00,
    0x00, 0x1F, 0xFF, 0xC0, 0x00, 0x00, 0x00, 0x7F, 0xFF, 0x80, 0x00, 0x00, 0x00, 0xFF, 0xFF, 0x00,
    0x00, 0x00, 0x03, 0xFF, 0xFE, 0x00, 0x00, 0x00, 0x07, 0xFB, 0xFC, 0x00, 0x00, 0x00, 0x1F, 0xF7,
    0xF8, 0x00, 0x00, 0x00, 0x3F, 0xCF, 0xF8, 0x00, 0x00, 0x00, 0xFF, 0x9F, 0xF0, 0x00, 0x00, 0x01,
    0xFE, 0x3F, 0xE0, 0x00, 0x00, 0x07, 0xFC, 0x7F, 0xC0, 0x00, 0x00, 0x0F, 0xF0, 0xFF, 0x80, 0x00,
    0x00, 0x3F, 0xC0, 0xFF, 0x00, 0x00, 0x00, 0x7F, 0x81, 0xFF, 0x00, 0x00, 0x01, 0xFE, 0x03, 0xFE,
    0x00, 0x00, 0x07, 0xFC, 0x07, 0xFC, 0x00, 0x00, 0x0F, 0xF0, 0x0F, 0xF8, 0x00, 0x00, 0x3F, 0xE0,
    0x1F, 0xF0, 0x00, 0x00, 0x7F, 0xFF, 0xFF, 0xE0, 0x00, 0x01, 0xFF, 0xFF, 0xFF, 0xE0, 0x00, 0x03,
    0xFF, 0xFF, 0xFF, 0xC0, 0x00, 0x0F, 0xFF, 0xFF, 0xFF, 0x80, 0x00, 0x1F, 0xFF, 0xFF, 0xFF, 0x00,
    0x00, 0x7F, 0xFF, 0xFF, 0xFE, 0x00, 0x00, 0xFF, 0xFF, 0xFF, 0xFC, 0x00, 0x03, 0xFC, 0x00, 0x07,
    0xFC, 0x00, 0x07, 0xF8, 0x00, 0x0F, 0xF8, 0x00, 0x1F, 0xE0, 0x00, 0x1F, 0xF0, 0x00, 0x7F, 0xC0,
    0x00, 0x3F, 0xE0, 0x00, 0xFF, 0x00, 0x00, 0x7F, 0xC0, 0x03, 0xFE, 0x00, 0x00, 0xFF, 0x80, 0x07,
    0xF8, 0x00, 0x01, 0xFF, 0x80, 0x1F, 0xF0, 0x00, 0x01, 0xFF, 0x00, 0x3F, 0xC0, 0x00, 0x03, 0xFE,
    0x07, 0xFF, 0x00, 0x00, 0x07, 0xFF, 0xDF, 0xFE, 0x00, 0x00, 0x0F, 0xFF, 0xBF, 0xF8, 0x00, 0x00,
    0x1F, 0xFF, 0x7F, 0xF0, 0x00, 0x00, 0x3F, 0xFF, 0xFF, 0xC0, 0x00, 0x00, 0x3F, 0xFF, 0xFF, 0x80,
    0x00, 0x00, 0x7F, 0xF3, 0xFE, 0x00, 0x00, 0x00, 0xFF, 0xE0, 0x00, 0x00, 0x00, 0x00, 0xFF, 0xFF,
    0xFF, 0xFF, 0xFC, 0x00, 0x00, 0x00, 0x07, 0xFF, 0xFF, 0xFF, 0xFF, 0xF0, 0x00, 0x00, 0x00, 0x1F,
    0xFF, 0xFF, 0xFF, 0xFF, 0xC0, 0x00, 0x00, 0x00, 0x7F, 0xFF, 0xFF, 0xFF, 0xFF, 0x00, 0x00, 0x00,
    0x01, 0xFF, 0xFF, 0xFF, 0xFF, 0xF8, 0x00, 0x00, 0x00, 0x0F, 0xFF, 0xFF, 0xFF, 0xFF, 0xE0, 0x00,
    0x00, 0x00, 0x1F, 0xFF, 0xFF, 0xFF, 0xFF, 0x80, 0x00, 0x00, 0x00, 0x1F, 0xFF, 0xE0, 0x00, 0x00,
    0x00, 0x00, 0x00, 0x00, 0xFF, 0xFF, 0x80, 0x00, 0x00, 0x00, 0x00, 0x00, 0x03, 0xFD, 0xFE, 0x00,
    0x00, 0x00, 0x00, 0x00, 0x00, 0x1F, 0xFF, 0xF8, 0x00, 0x00, 0x00, 0x00, 0x00, 0x00, 0xFF, 0xBF,
    0xE0, 0x00, 0x00, 0x00, 0x00, 0x00, 0x07, 0xFC, 0xFF, 0x80, 0x00, 0x00, 0x00, 0x00, 0x00, 0x3F,
    0xE3, 0xFC, 0x00, 0x00, 0x00, 0x00, 0x00, 0x00, 0xFF, 0x0F, 0xF0, 0x00, 0x00, 0x00, 0x00, 0x00,
    0x07, 0xFC, 0x3F, 0xC0, 0x00, 0x00, 0x00, 0x00, 0x00, 0x3F, 0xE1, 0xFF, 0x00, 0x00, 0x00, 0x00,
    0x00, 0x01, 0xFF, 0x07, 0xFC, 0x00, 0x00, 0x00, 0x00, 0x00, 0x0F, 0xF8, 0x1F, 0xF0, 0x00, 0x00,
    0x00, 0x00, 0x00, 0x3F, 0xE0, 0x7F, 0x80, 0x00, 0x00, 0x00, 0x00, 0x01, 0xFF, 0x01, 0xFF, 0xFF,
    0xFF, 0x00, 0x00, 0x00, 0x0F, 0xF8, 0x0F, 0xFF, 0xFF, 0xFE, 0x00, 0x00, 0x00, 0x7F, 0xC0, 0x3F,
    0xFF, 0xFF, 0xF0, 0x00, 0x00, 0x03, 0xFE, 0x00, 0xFF, 0xFF, 0xFF, 0xC0, 0x00, 0x00, 0x0F, 0xF8,
    0x03, 0xFF, 0xFF, 0xFF, 0x00, 0x00, 0x00, 0x7F, 0xC0, 0x0F, 0xFF, 0xFF, 0xFC, 0x00, 0x00, 0x03,
    0xFE, 0x00, 0x3F, 0xFF, 0xFF, 0xE0, 0x00, 0x00, 0x1F, 0xF0, 0x01, 0xFF, 0x00, 0x00, 0x00, 0x00,
    0x00, 0xFF, 0xFF, 0xFF, 0xFC, 0x00, 0x00, 0x00, 0x00, 0x03, 0xFF, 0xFF, 0xFF, 0xF0, 0x00, 0x00,
    0x00, 0x00, 0x1F, 0xFF, 0xFF, 0xFF, 0x80, 0x00, 0x00, 0x00, 0x00, 0xFF, 0xFF, 0xFF, 0xFE, 0x00,
    0x00, 0x00, 0x00, 0x07, 0xFF, 0xFF, 0xFF, 0xF8, 0x00, 0x00, 0x00, 0x00, 0x1F, 0xFF, 0xFF, 0xFF,
    0xE0, 0x00, 0x00, 0x00, 0x00, 0xFF, 0xFF, 0xFF, 0xFF, 0x80, 0x00, 0x00, 0x00, 0x07, 0xFC, 0x00,
    0x03, 0xFC, 0x00, 0x00, 0x00, 0x00, 0x3F, 0xE0, 0x00, 0x0F, 0xF0, 0x00, 0x00, 0x00, 0x01, 0xFF,
    0x00, 0x00, 0x3F, 0xC0, 0x00, 0x00, 0x00, 0x07, 0xF8, 0x00, 0x01, 0xFF, 0x00, 0x00, 0x00, 0x00,
    0x3F, 0xE0, 0x00, 0x07, 0xFC, 0x00, 0x00, 0x00, 0x01, 0xFF, 0x00, 0x00, 0x1F, 0xF0, 0x00, 0x00,
    0x00, 0x0F, 0xF8, 0x00, 0x00, 0x7F, 0x80, 0x00, 0x00, 0x03, 0xFF, 0xC0, 0x00, 0x1F, 0xFF, 0xFF,
    0xFF, 0xF8, 0x1F, 0xFF, 0x00, 0x00, 0xFF, 0xFF, 0xFF, 0xFF, 0xE0, 0x7F, 0xF8, 0x00, 0x03, 0xFF,
    0xFF, 0xFF, 0xFF, 0x01, 0xFF, 0xC0, 0x00, 0x0F, 0xFF, 0xFF, 0xFF, 0xFC, 0x07, 0xFE, 0x00, 0x00,
    0x3F, 0xFF, 0xFF, 0xFF, 0xF0, 0x3F, 0xF8, 0x00, 0x00, 0xFF, 0xFF, 0xFF, 0xFF, 0xC0, 0x7F, 0xC0,
    0x00, 0x03, 0xFF, 0xFF, 0xFF, 0xFE, 0x00, 0x00, 0x00, 0x00, 0xFF, 0xC0, 0x00, 0x00, 0x03, 0xFF,
    0xFF, 0x00, 0x00, 0x03, 0xFF, 0xFF, 0xF8, 0x00, 0x03, 0xFF, 0xFF, 0xFF, 0x00, 0x03, 0xFF, 0xFF,
    0xFF, 0xC0, 0x01, 0xFF, 0xFF, 0xFF, 0xF0, 0x01, 0xFF, 0xFF, 0xFF, 0xF8, 0x00, 0xFF, 0xFF, 0xFF,
    0xFE, 0x00, 0x7F, 0xFF, 0x00, 0xFF, 0x00, 0x3F, 0xFE, 0x00, 0x03, 0xC0, 0x0F, 0xFE, 0x00, 0x00,
    0x00, 0x07, 0xFF, 0x00, 0x00, 0x00, 0x03, 0xFF, 0x80, 0x00, 0x00, 0x01, 0xFF, 0xC0, 0x00, 0x00,
    0x00, 0x7F, 0xE0, 0x00, 0x00, 0x00, 0x3F, 0xF0, 0x00, 0x00, 0x00, 0x0F, 0xFC, 0x00, 0x00, 0x00,
    0x07, 0xFE, 0x00, 0x00, 0x00, 0x01, 0xFF, 0x80, 0x00, 0x00, 0x00, 0x7F, 0xC0, 0x00, 0x00, 0x00,
    0x3F, 0xF0, 0x00, 0x00, 0x00, 0x0F, 0xF8, 0x00, 0x00, 0x00, 0x03, 0xFE, 0x00, 0x00, 0x00, 0x01,
    0xFF, 0x80, 0x00, 0x00, 0x00, 0x7F, 0xC0, 0x00, 0x00, 0x00, 0x1F, 0xF0, 0x00, 0x00, 0x00, 0x07,
    0xFC, 0x00, 0x00, 0x00, 0x01, 0xFF, 0x00, 0x00, 0x00, 0x00, 0xFF, 0xC0, 0x00, 0x00, 0x00, 0x3F,
    0xF0, 0x00, 0x00, 0x00, 0x0F, 0xF8, 0x00, 0x00, 0x00, 0x03, 0xFE, 0x00, 0x00, 0x00, 0x00, 0xFF,
    0xC0, 0x00, 0x00, 0x00, 0x3F, 0xF0, 0x00, 0x00, 0x00, 0x0F, 0xFC, 0x00, 0x00, 0x00, 0x03, 0xFF,
    0x00, 0x00, 0x00, 0x00, 0xFF, 0xC0, 0x00, 0x00, 0x00, 0x1F, 0xF8, 0x00, 0x00, 0x00, 0x07, 0xFE,
    0x00, 0x00, 0x00, 0x01, 0xFF, 0xC0, 0x00, 0x00, 0x00, 0x7F, 0xF0, 0x00, 0x00, 0x00, 0x0F, 0xFE,
    0x00, 0x00, 0x00, 0x03, 0xFF, 0xC0, 0x00, 0x0E, 0x00, 0x7F, 0xFC, 0x00, 0x0F, 0xC0, 0x1F, 0xFF,
    0xC0, 0x1F, 0xE0, 0x03, 0xFF, 0xFF, 0xFF, 0xF8, 0x00, 0x7F, 0xFF, 0xFF, 0xFE, 0x00, 0x0F, 0xFF,
    0xFF, 0xFF, 0x80, 0x01, 0xFF, 0xFF, 0xFF, 0xC0, 0x00, 0x1F, 0xFF, 0xFF, 0xE0, 0x00, 0x03, 0xFF,
    0xFF, 0xE0, 0x00, 0x00, 0x3F, 0xFF, 0x80, 0x00, 0x00, 0x1F, 0xFF, 0x00, 0x00, 0x00, 0x0F, 0xFF,
    0xE0, 0x00, 0x00, 0x07, 0xFF, 0xFC, 0x00, 0x00, 0x01, 0xFF, 0xFF, 0x00, 0x00, 0x00, 0x3F, 0xFF,
    0xC0, 0x00, 0x00, 0x0F, 0xDF, 0xF0, 0x00, 0x00, 0x3E, 0x03, 0xFC, 0x00, 0x00, 0x0F, 0xFF, 0xFF,
    0x00, 0x00, 0x03, 0xFF, 0xFF, 0x80, 0x00, 0x00, 0xFF, 0xFF, 0xE0, 0x00, 0x00, 0x7F, 0xFF, 0xF0,
    0x00, 0x00, 0x1F, 0xFF, 0xF8, 0x00, 0x00, 0x03, 0xFF, 0xF8, 0x00, 0x00, 0x00, 0x0F, 0xF8, 0x00,
    0x00, 0x00, 0x00, 0x00, 0x3E, 0x00, 0x00, 0x00, 0x00, 0x1F, 0xF8, 0x00, 0x00, 0x00, 0x07, 0xFF,
    0xF0, 0x00, 0x00, 0x01, 0xFF, 0xFF, 0xE0, 0x00, 0x00, 0x7F, 0xFF, 0xFE, 0x00, 0x00, 0x3F, 0xFF,
    0xFF, 0xC0, 0x00, 0x0F, 0xFF, 0xFF, 0xF0, 0x00, 0x01, 0xFF, 0xFF, 0xF8, 0x00, 0x00, 0x07, 0xFF,
    0xFE, 0x00, 0x00, 0x00, 0x07, 0xFF, 0x80, 0x00, 0x00, 0x00, 0x07, 0xC0, 0x01, 0xFF, 0xFF, 0xFF,
    0xFE, 0x00, 0x7F, 0xFF, 0xFF, 0xFF, 0xC0, 0x3F, 0xFF, 0xFF, 0xFF, 0xE0, 0x0F, 0xFF, 0xFF, 0xFF,
    0xF8, 0x03, 0xFF, 0xFF, 0xFF, 0xFE, 0x00, 0xFF, 0xFF, 0xFF, 0xFF, 0x80, 0x3F, 0xFF, 0xFF, 0xFF,
    0xC0, 0x01, 0xFF, 0x00, 0x00, 0x00, 0x00, 0x7F, 0xC0, 0x00, 0x00, 0x00, 0x1F, 0xE0, 0x00, 0x00,
    0x00, 0x07, 0xF8, 0x00, 0x00, 0x00, 0x01, 0xFE, 0x00, 0x00, 0x00, 0x00, 0xFF, 0x80, 0x00, 0x00,
    0x00, 0x3F, 0xE0, 0x00, 0x00, 0x00, 0x0F, 0xF8, 0x00, 0x00, 0x00, 0x03, 0xFC, 0x00, 0x00, 0x00,
    0x00, 0xFF, 0x00, 0x00, 0x00, 0x00, 0x3F, 0xC0, 0x00, 0x00, 0x00, 0x1F, 0xF0, 0x00, 0x00, 0x00,
    0x07, 0xFC, 0x00, 0x00, 0x00, 0x01, 0xFF, 0xFF, 0xFF, 0xC0, 0x00, 0x7F, 0xFF, 0xFF, 0xF0, 0x00,
    0x1F, 0xFF, 0xFF, 0xFC, 0x00, 0x0F, 0xFF, 0xFF, 0xFF, 0x00, 0x03, 0xFF, 0xFF, 0xFF, 0xC0, 0x00,
    0xFF, 0xFF, 0xFF, 0xF0, 0x00, 0x3F, 0xFF, 0xFF, 0xF8, 0x00, 0x0F, 0xF0, 0x00, 0x00, 0x00, 0x03,
    0xFC, 0x00, 0x00, 0x00, 0x01, 0xFF, 0x00, 0x00, 0x00, 0x00, 0x7F, 0xC0, 0x00, 0x00, 0x00, 0x1F,
    0xF0, 0x00, 0x00, 0x00, 0x07, 0xF8, 0x00, 0x00, 0x00, 0x01, 0xFE, 0x00, 0x00, 0x00, 0x00, 0x7F,
    0x80, 0x00, 0x00, 0x00, 0x3F, 0xE0, 0x00, 0x00, 0x00, 0x0F, 0xF8, 0x00, 0x00, 0x00, 0x03, 0xFE,
    0x00, 0x00, 0x00, 0x00, 0xFF, 0x00, 0x00, 0x00, 0x00, 0x3F, 0xC0, 0x00, 0x00, 0x00, 0x1F, 0xF0,
    0x00, 0x00, 0x00, 0x07, 0xFC, 0x00, 0x00, 0x00, 0x1F, 0xFF, 0xFF, 0xFF, 0xFC, 0x07, 0xFF, 0xFF,
    0xFF, 0xFF, 0x01, 0xFF, 0xFF, 0xFF, 0xFF, 0xC0, 0x7F, 0xFF, 0xFF, 0xFF, 0xF0, 0x3F, 0xFF, 0xFF,
    0xFF, 0xFC, 0x0F, 0xFF, 0xFF, 0xFF, 0xFF, 0x01, 0xFF, 0xFF, 0xFF, 0xFF, 0x80, 0x00, 0x00, 0x00,
    0x00, 0x07, 0x80, 0x00, 0x00, 0x00, 0x3F, 0xE0, 0x00, 0x00, 0x01, 0xFF, 0xF0, 0x00, 0x00, 0x07,
    0xFF, 0xFC, 0x00, 0x00, 0x3F, 0xFF, 0xFF, 0x00, 0x00, 0x1F, 0xFF, 0xFF, 0xC0, 0x00, 0x07, 0xFF,
    0xFF, 0xF0, 0x00, 0x03, 0xFF, 0xFF, 0xFC, 0x00, 0x00, 0xFF, 0xFF, 0xFC, 0x00, 0x00, 0x3F, 0xFF,
    0xC0, 0x00, 0x00, 0x0F, 0xFE, 0x00, 0x00, 0x00, 0x03, 0xE0, 0x00, 0x00, 0x00, 0x7F, 0xFF, 0xFF,
    0xFF, 0x80, 0x1F, 0xFF, 0xFF, 0xFF, 0xF0, 0x0F, 0xFF, 0xFF, 0xFF, 0xF8, 0x03, 0xFF, 0xFF, 0xFF,
    0xFE, 0x00, 0xFF, 0xFF, 0xFF, 0xFF, 0x80, 0x3F, 0xFF, 0xFF, 0xFF, 0xE0, 0x0F, 0xFF, 0xFF, 0xFF,
    0xF0, 0x00, 0x7F, 0xC0, 0x00, 0x00, 0x00, 0x1F, 0xF0, 0x00, 0x00, 0x00, 0x07, 0xF8, 0x00, 0x00,
    0x00, 0x01, 0xFE, 0x00, 0x00, 0x00, 0x00, 0x7F, 0x80, 0x00, 0x00, 0x00, 0x3F, 0xE0, 0x00, 0x00,
    0x00, 0x0F, 0xF8, 0x00, 0x00, 0x00, 0x03, 0xFE, 0x00, 0x00, 0x00, 0x00, 0xFF, 0x00, 0x00, 0x00,
    0x00, 0x3F, 0xC0, 0x00, 0x00, 0x00, 0x0F, 0xF0, 0x00, 0x00, 0x00, 0x07, 0xFC, 0x00, 0x00, 0x00,
    0x01, 0xFF, 0x00, 0x00, 0x00, 0x00, 0x7F, 0xFF, 0xFF, 0xF0, 0x00, 0x1F, 0xFF, 0xFF, 0xFC, 0x00,
    0x07, 0xFF, 0xFF, 0xFF, 0x00, 0x03, 0xFF, 0xFF, 0xFF, 0xC0, 0x00, 0xFF, 0xFF, 0xFF, 0xF0, 0x00,
    0x3F, 0xFF, 0xFF, 0xFC, 0x00, 0x0F, 0xFF, 0xFF, 0xFE, 0x00, 0x03, 0xFC, 0x00, 0x00, 0x00, 0x00,
    0xFF, 0x00, 0x00, 0x00, 0x00, 0x7F, 0xC0, 0x00, 0x00, 0x00, 0x1F, 0xF0, 0x00, 0x00, 0x00, 0x07,
    0xFC, 0x00, 0x00, 0x00, 0x01, 0xFE, 0x00, 0x00, 0x00, 0x00, 0x7F, 0x80, 0x00, 0x00, 0x00, 0x1F,
    0xE0, 0x00, 0x00, 0x00, 0x0F, 0xF8, 0x00, 0x00, 0x00, 0x03, 0xFE, 0x00, 0x00, 0x00, 0x00, 0xFF,
    0x80, 0x00, 0x00, 0x00, 0x3F, 0xC0, 0x00, 0x00, 0x00, 0x0F, 0xF0, 0x00, 0x00, 0x00, 0x07, 0xFC,
    0x00, 0x00, 0x00, 0x01, 0xFF, 0x00, 0x00, 0x00, 0x07, 0xFF, 0xFF, 0xFF, 0xFF, 0x01, 0xFF, 0xFF,
    0xFF, 0xFF, 0xC0, 0x7F, 0xFF, 0xFF, 0xFF, 0xF0, 0x1F, 0xFF, 0xFF, 0xFF, 0xFC, 0x0F, 0xFF, 0xFF,
    0xFF, 0xFF, 0x03, 0xFF, 0xFF, 0xFF, 0xFF, 0xC0, 0x7F, 0xFF, 0xFF, 0xFF, 0xE0, 0x00, 0x00, 0x00,
    0x00, 0x1C, 0x00, 0x00, 0x00, 0x00, 0x3F, 0xC0, 0x00, 0x00, 0x00, 0x3F, 0xFC, 0x00, 0x00, 0x00,
    0x3F, 0xFF, 0xE0, 0x00, 0x00, 0x7F, 0xFF, 0xFE, 0x00, 0x00, 0x7F, 0xFF, 0xFF, 0xE0, 0x00, 0x3F,
    0xFF, 0xFF, 0xFC, 0x00, 0x1F, 0xFF, 0xFF, 0xFF, 0x00, 0x07, 0xFF, 0xCF, 0xFF, 0x80, 0x01, 0xFF,
    0x80, 0x7F, 0xE0, 0x00, 0x7F, 0x00, 0x03, 0xF8, 0x00, 0x1E, 0x00, 0x00, 0x3E, 0x00, 0x00, 0x00,
    0x00, 0x00, 0x00, 0x1F, 0xFF, 0xFF, 0xFF, 0xE0, 0x07, 0xFF, 0xFF, 0xFF, 0xFC, 0x03, 0xFF, 0xFF,
    0xFF, 0xFE, 0x00, 0xFF, 0xFF, 0xFF, 0xFF, 0x80, 0x3F, 0xFF, 0xFF, 0xFF, 0xE0, 0x0F, 0xFF, 0xFF,
    0xFF, 0xF8, 0x03, 0xFF, 0xFF, 0xFF, 0xFC, 0x00, 0x1F, 0xF0, 0x00, 0x00, 0x00, 0x07, 0xFC, 0x00,
    0x00, 0x00, 0x01, 0xFE, 0x00, 0x00, 0x00, 0x00, 0x7F, 0x80, 0x00, 0x00, 0x00, 0x1F, 0xE0, 0x00,
    0x00, 0x00, 0x0F, 0xF8, 0x00, 0x00, 0x00, 0x03, 0xFE, 0x00, 0x00, 0x00, 0x00, 0xFF, 0x80, 0x00,
    0x00, 0x00, 0x3F, 0xC0, 0x00, 0x00, 0x00, 0x0F, 0xF0, 0x00, 0x00, 0x00, 0x03, 0xFC, 0x00, 0x00,
    0x00, 0x01, 0xFF, 0x00, 0x00, 0x00, 0x00, 0x7F, 0xC0, 0x00, 0x00, 0x00, 0x1F, 0xFF, 0xFF, 0xFC,
    0x00, 0x07, 0xFF, 0xFF, 0xFF, 0x00, 0x01, 0xFF, 0xFF, 0xFF, 0xC0, 0x00, 0xFF, 0xFF, 0xFF, 0xF0,
    0x00, 0x3F, 0xFF, 0xFF, 0xFC, 0x00, 0x0F, 0xFF, 0xFF, 0xFF, 0x00, 0x03, 0xFF, 0xFF, 0xFF, 0x80,
    0x00, 0xFF, 0x00, 0x00, 0x00, 0x00, 0x3F, 0xC0, 0x00, 0x00, 0x00, 0x1F, 0xF0, 0x00, 0x00, 0x00,
    0x07, 0xFC, 0x00, 0x00, 0x00, 0x01, 0xFF, 0x00, 0x00, 0x00, 0x00, 0x7F, 0x80, 0x00, 0x00, 0x00,
    0x1F, 0xE0, 0x00, 0x00, 0x00, 0x07, 0xF8, 0x00, 0x00, 0x00, 0x03, 0xFE, 0x00, 0x00, 0x00, 0x00,
    0xFF, 0x80, 0x00, 0x00, 0x00, 0x3F, 0xE0, 0x00, 0x00, 0x00, 0x0F, 0xF0, 0x00, 0x00, 0x00, 0x03,
    0xFC, 0x00, 0x00, 0x00, 0x01, 0xFF, 0x00, 0x00, 0x00, 0x00, 0x7F, 0xC0, 0x00, 0x00, 0x00, 0xFF,
    0xFF, 0xFF, 0xFF, 0xC0, 0x7F, 0xFF, 0xFF, 0xFF, 0xF0, 0x1F, 0xFF, 0xFF, 0xFF, 0xFC, 0x07, 0xFF,
    0xFF, 0xFF, 0xFF, 0x03, 0xFF, 0xFF, 0xFF, 0xFF, 0xC0, 0xFF, 0xFF, 0xFF, 0xFF, 0xF0, 0x1F, 0xFF,
    0xFF, 0xFF, 0xF8, 0x00, 0x00, 0x00, 0x3E, 0x00, 0x3E, 0x00, 0x00, 0x1F, 0xC0, 0x3F, 0xC0, 0x00,
    0x0F, 0xF8, 0x1F, 0xF0, 0x00, 0x07, 0xFE, 0x07, 0xFE, 0x00, 0x01, 0xFF, 0x81, 0xFF, 0x80, 0x00,
    0x7F, 0xE0, 0xFF, 0xE0, 0x00, 0x1F, 0xF0, 0x3F, 0xF0, 0x00, 0x07, 0xFC, 0x07, 0xFC, 0x00, 0x01,
    0xFE, 0x01, 0xFE, 0x00, 0x00, 0x1E, 0x00, 0x3E, 0x00, 0x07, 0xFF, 0xFF, 0xFF, 0xF8, 0x01, 0xFF,
    0xFF, 0xFF, 0xFF, 0x00, 0xFF, 0xFF, 0xFF, 0xFF, 0x80, 0x3F, 0xFF, 0xFF, 0xFF, 0xE0, 0x0F, 0xFF,
    0xFF, 0xFF, 0xF8, 0x03, 0xFF, 0xFF, 0xFF, 0xFE, 0x00, 0xFF, 0xFF, 0xFF, 0xFF, 0x00, 0x07, 0xFC,
    0x00, 0x00, 0x00, 0x01, 0xFF, 0x00, 0x00, 0x00, 0x00, 0x7F, 0x80, 0x00, 0x00, 0x00, 0x1F, 0xE0,
    0x00, 0x00, 0x00, 0x07, 0xF8, 0x00, 0x00, 0x00, 0x03, 0xFE, 0x00, 0x00, 0x00, 0x00, 0xFF, 0x80,
    0x00, 0x00, 0x00, 0x3F, 0xE0, 0x00, 0x00, 0x00, 0x0F, 0xF0, 0x00, 0x00, 0x00, 0x03, 0xFC, 0x00,
    0x00, 0x00, 0x00, 0xFF, 0x00, 0x00, 0x00, 0x00, 0x7F, 0xC0, 0x00, 0x00, 0x00, 0x1F, 0xF0, 0x00,
    0x00, 0x00, 0x07, 0xFF, 0xFF, 0xFF, 0x00, 0x01, 0xFF, 0xFF, 0xFF, 0xC0, 0x00, 0x7F, 0xFF, 0xFF,
    0xF0, 0x00, 0x3F, 0xFF, 0xFF, 0xFC, 0x00, 0x0F, 0xFF, 0xFF, 0xFF, 0x00, 0x03, 0xFF, 0xFF, 0xFF,
    0xC0, 0x00, 0xFF, 0xFF, 0xFF, 0xE0, 0x00, 0x3F, 0xC0, 0x00, 0x00, 0x00, 0x0F, 0xF0, 0x00, 0x00,
    0x00, 0x07, 0xFC, 0x00, 0x00, 0x00, 0x01, 0xFF, 0x00, 0x00, 0x00, 0x00, 0x7F, 0xC0, 0x00, 0x00,
    0x00, 0x1F, 0xE0, 0x00, 0x00, 0x00, 0x07, 0xF8, 0x00, 0x00, 0x00, 0x01, 0xFE, 0x00, 0x00, 0x00,
    0x00, 0xFF, 0x80, 0x00, 0x00, 0x00, 0x3F, 0xE0, 0x00, 0x00, 0x00, 0x0F, 0xF8, 0x00, 0x00, 0x00,
    0x03, 0xFC, 0x00, 0x00, 0x00, 0x00, 0xFF, 0x00, 0x00, 0x00, 0x00, 0x7F, 0xC0, 0x00, 0x00, 0x00,
    0x1F, 0xF0, 0x00, 0x00, 0x00, 0x7F, 0xFF, 0xFF, 0xFF, 0xF0, 0x1F, 0xFF, 0xFF, 0xFF, 0xFC, 0x07,
    0xFF, 0xFF, 0xFF, 0xFF, 0x01, 0xFF, 0xFF, 0xFF, 0xFF, 0xC0, 0xFF, 0xFF, 0xFF, 0xFF, 0xF0, 0x3F,
    0xFF, 0xFF, 0xFF, 0xFC, 0x07, 0xFF, 0xFF, 0xFF, 0xFE, 0x00, 0x03, 0xE0, 0x00, 0x00, 0xFF, 0xC0,
    0x00, 0x1F, 0xFF, 0xC0, 0x03, 0xFF, 0xFF, 0x80, 0x7F, 0xFF, 0xFE, 0x1F, 0xFF, 0xFF, 0xC3, 0xFF,
    0xFF, 0xF8, 0x3F, 0xFF, 0xFF, 0x00, 0x3F, 0xFF, 0xE0, 0x00, 0x3F, 0xF8, 0x00, 0x00, 0x1F, 0x00,
    0x3F, 0xFF, 0x80, 0x0F, 0xFF, 0xF8, 0x01, 0xFF, 0xFE, 0x00, 0x3F, 0xFF, 0xC0, 0x07, 0xFF, 0xF8,
    0x00, 0xFF, 0xFF, 0x00, 0x1F, 0xFF, 0xC0, 0x00, 0x7F, 0xC0, 0x00, 0x0F, 0xF0, 0x00, 0x01, 0xFE,
    0x00, 0x00, 0x3F, 0xC0, 0x00, 0x0F, 0xF8, 0x00, 0x01, 0xFF, 0x00, 0x00, 0x3F, 0xE0, 0x00, 0x07,
    0xF8, 0x00, 0x00, 0xFF, 0x00, 0x00, 0x1F, 0xE0, 0x00, 0x07, 0xFC, 0x00, 0x00, 0xFF, 0x80, 0x00,
    0x1F, 0xE0, 0x00, 0x03, 0xFC, 0x00, 0x00, 0x7F, 0x80, 0x00, 0x0F, 0xF0, 0x00, 0x03, 0xFE, 0x00,
    0x00, 0x7F, 0xC0, 0x00, 0x0F, 0xF0, 0x00, 0x01, 0xFE, 0x00, 0x00, 0x3F, 0xC0, 0x00, 0x0F, 0xF8,
    0x00, 0x01, 0xFF, 0x00, 0x00, 0x3F, 0xE0, 0x00, 0x07, 0xF8, 0x00, 0x00, 0xFF, 0x00, 0x00, 0x1F,
    0xE0, 0x00, 0x07, 0xFC, 0x00, 0x00, 0xFF, 0x80, 0x00, 0x1F, 0xE0, 0x00, 0x03, 0xFC, 0x00, 0x00,
    0x7F, 0x80, 0x00, 0x0F, 0xF0, 0x00, 0x03, 0xFE, 0x00, 0x00, 0x7F, 0xC0, 0x00, 0xFF, 0xFF, 0x00,
    0x1F, 0xFF, 0xE0, 0x03, 0xFF, 0xFC, 0x00, 0x7F, 0xFF, 0x80, 0x1F, 0xFF, 0xE0, 0x03, 0xFF, 0xFC,
    0x00, 0x3F, 0xFF, 0x80, 0x00, 0x00, 0x00, 0x00, 0x3C, 0x00, 0x00, 0x0F, 0xF0, 0x00, 0x07, 0xFF,
    0xC0, 0x01, 0xFF, 0xFF, 0x00, 0xFF, 0xFF, 0xFC, 0x07, 0xFF, 0xFF, 0xF0, 0x1F, 0xFF, 0xFF, 0x80,
    0xFF, 0xFF, 0xFE, 0x03, 0xFF, 0xFF, 0xE0, 0x0F, 0xFF, 0xF0, 0x00, 0x3F, 0xF0, 0x00, 0x00, 0xF0,
    0x00, 0x00, 0x00, 0x7F, 0xFF, 0x00, 0x03, 0xFF, 0xFE, 0x00, 0x0F, 0xFF, 0xF0, 0x00, 0x3F, 0xFF,
    0xC0, 0x00, 0xFF, 0xFF, 0x00, 0x03, 0xFF, 0xFC, 0x00, 0x0F, 0xFF, 0xE0, 0x00, 0x07, 0xFC, 0x00,
    0x00, 0x1F, 0xE0, 0x00, 0x00, 0x7F, 0x80, 0x00, 0x01, 0xFE, 0x00, 0x00, 0x0F, 0xF8, 0x00, 0x00,
    0x3F, 0xE0, 0x00, 0x00, 0xFF, 0x80, 0x00, 0x03, 0xFC, 0x00, 0x00, 0x0F, 0xF0, 0x00, 0x00, 0x3F,
    0xC0, 0x00, 0x01, 0xFF, 0x00, 0x00, 0x07, 0xFC, 0x00, 0x00, 0x1F, 0xE0, 0x00, 0x00, 0x7F, 0x80,
    0x00, 0x01, 0xFE, 0x00, 0x00, 0x07, 0xF8, 0x00, 0x00, 0x3F, 0xE0, 0x00, 0x00, 0xFF, 0x80, 0x00,
    0x03, 0xFC, 0x00, 0x00, 0x0F, 0xF0, 0x00, 0x00, 0x3F, 0xC0, 0x00, 0x01, 0xFF, 0x00, 0x00, 0x07,
    0xFC, 0x00, 0x00, 0x1F, 0xF0, 0x00, 0x00, 0x7F, 0x80, 0x00, 0x01, 0xFE, 0x00, 0x00, 0x07, 0xF8,
    0x00, 0x00, 0x3F, 0xE0, 0x00, 0x00, 0xFF, 0x80, 0x00, 0x03, 0xFC, 0x00, 0x00, 0x0F, 0xF0, 0x00,
    0x00, 0x3F, 0xC0, 0x00, 0x00, 0xFF, 0x00, 0x00, 0x07, 0xFC, 0x00, 0x00, 0x1F, 0xF0, 0x00, 0x07,
    0xFF, 0xF8, 0x00, 0x1F, 0xFF, 0xE0, 0x00, 0x7F, 0xFF, 0x80, 0x01, 0xFF, 0xFE, 0x00, 0x0F, 0xFF,
    0xF0, 0x00, 0x3F, 0xFF, 0xC0, 0x00, 0x7F, 0xFF, 0x00, 0x00, 0x00, 0x00, 0x78, 0x00, 0x00, 0x01,
    0xFE, 0x00, 0x00, 0x07, 0xFF, 0x80, 0x00, 0x3F, 0xFF, 0xE0, 0x00, 0xFF, 0xFF, 0xF8, 0x07, 0xFF,
    0xFF, 0xFE, 0x0F, 0xFF, 0xFF, 0xFF, 0x0F, 0xFF, 0xFF, 0xFF, 0x0F, 0xFF, 0x9F, 0xFF, 0x1F, 0xFC,
    0x03, 0xFF, 0x1F, 0xC0, 0x00, 0xFE, 0x1F, 0x00, 0x00, 0x1E, 0x00, 0x00, 0x00, 0x00, 0x00, 0x7F,
    0xFF, 0x80, 0x00, 0x7F, 0xFF, 0x80, 0x00, 0xFF, 0xFF, 0x80, 0x00, 0xFF, 0xFF, 0x00, 0x00, 0xFF,
    0xFF, 0x00, 0x00, 0xFF, 0xFF, 0x00, 0x00, 0xFF, 0xFE, 0x00, 0x00, 0x1F, 0xF0, 0x00, 0x00, 0x1F,
    0xF0, 0x00, 0x00, 0x1F, 0xE0, 0x00, 0x00, 0x1F, 0xE0, 0x00, 0x00, 0x1F, 0xE0, 0x00, 0x00, 0x3F,
    0xE0, 0x00, 0x00, 0x3F, 0xE0, 0x00, 0x00, 0x3F, 0xE0, 0x00, 0x00, 0x3F, 0xC0, 0x00, 0x00, 0x3F,
    0xC0, 0x00, 0x00, 0x3F, 0xC0, 0x00, 0x00, 0x7F, 0xC0, 0x00, 0x00, 0x7F, 0xC0, 0x00, 0x00, 0x7F,
    0x80, 0x00, 0x00, 0x7F, 0x80, 0x00, 0x00, 0x7F, 0x80, 0x00, 0x00, 0xFF, 0x80, 0x00, 0x00, 0xFF,
    0x80, 0x00, 0x00, 0xFF, 0x80, 0x00, 0x00, 0xFF, 0x00, 0x00, 0x00, 0xFF, 0x00, 0x00, 0x00, 0xFF,
    0x00, 0x00, 0x01, 0xFF, 0x00, 0x00, 0x01, 0xFF, 0x00, 0x00, 0x01, 0xFF, 0x00, 0x00, 0x01, 0xFE,
    0x00, 0x00, 0x01, 0xFE, 0x00, 0x00, 0x01, 0xFE, 0x00, 0x00, 0x03, 0xFE, 0x00, 0x00, 0x03, 0xFE,
    0x00, 0x00, 0x03, 0xFC, 0x00, 0x00, 0x03, 0xFC, 0x00, 0x00, 0x03, 0xFC, 0x00, 0x00, 0x07, 0xFC,
    0x00, 0x00, 0x07, 0xFC, 0x00, 0x00, 0x3F, 0xFF, 0x80, 0x00, 0x7F, 0xFF, 0x80, 0x00, 0x7F, 0xFF,
    0x80, 0x00, 0x7F, 0xFF, 0x80, 0x00, 0xFF, 0xFF, 0x80, 0x00, 0xFF, 0xFF, 0x00, 0x00, 0x7F, 0xFF,
    0x00, 0x00, 0x00, 0x78, 0x00, 0xF0, 0x03, 0xF8, 0x03, 0xF8, 0x0F, 0xF8, 0x0F, 0xF0, 0x3F, 0xF0,
    0x3F, 0xE0, 0x7F, 0xE0, 0x7F, 0xE0, 0xFF, 0xC1, 0xFF, 0x81, 0xFF, 0x83, 0xFF, 0x03, 0xFE, 0x03,
    0xFC, 0x03, 0xF8, 0x07, 0xF8, 0x03, 0xC0, 0x07, 0xC0, 0x00, 0x00, 0x00, 0x00, 0x03, 0xFF, 0xF8,
    0x00, 0x0F, 0xFF, 0xF8, 0x00, 0x1F, 0xFF, 0xE0, 0x00, 0x3F, 0xFF, 0xC0, 0x00, 0x7F, 0xFF, 0x80,
    0x00, 0xFF, 0xFF, 0x00, 0x01, 0xFF, 0xFC, 0x00, 0x00, 0x7F, 0xC0, 0x00, 0x00, 0xFF, 0x80, 0x00,
    0x01, 0xFE, 0x00, 0x00, 0x03, 0xFC, 0x00, 0x00, 0x07, 0xF8, 0x00, 0x00, 0x1F, 0xF0, 0x00, 0x00,
    0x3F, 0xE0, 0x00, 0x00, 0x7F, 0x80, 0x00, 0x00, 0xFF, 0x00, 0x00, 0x01, 0xFE, 0x00, 0x00, 0x07,
    0xFC, 0x00, 0x00, 0x0F, 0xF8, 0x00, 0x00, 0x1F, 0xF0, 0x00, 0x00, 0x3F, 0xC0, 0x00, 0x00, 0x7F,
    0x80, 0x00, 0x00, 0xFF, 0x00, 0x00, 0x03, 0xFE, 0x00, 0x00, 0x07, 0xFC, 0x00, 0x00, 0x0F, 0xF8,
    0x00, 0x00, 0x1F, 0xE0, 0x00, 0x00, 0x3F, 0xC0, 0x00, 0x00, 0x7F, 0x80, 0x00, 0x01, 0xFF, 0x00,
    0x00, 0x03, 0xFE, 0x00, 0x00, 0x07, 0xF8, 0x00, 0x00, 0x0F, 0xF0, 0x00, 0x00, 0x1F, 0xE0, 0x00,
    0x00, 0x7F, 0xC0, 0x00, 0x00, 0xFF, 0x80, 0x00, 0x01, 0xFF, 0x00, 0x00, 0x03, 0xFC, 0x00, 0x00,
    0x07, 0xF8, 0x00, 0x00, 0x0F, 0xF0, 0x00, 0x00, 0x3F, 0xE0, 0x00, 0x00, 0x7F, 0xC0, 0x00, 0x0F,
    0xFF, 0xF0, 0x00, 0x1F, 0xFF, 0xE0, 0x00, 0x3F, 0xFF, 0xC0, 0x00, 0x7F, 0xFF, 0x80, 0x01, 0xFF,
    0xFF, 0x00, 0x03, 0xFF, 0xFC, 0x00, 0x03, 0xFF, 0xF8, 0x00, 0x00, 0x00, 0x7F, 0xFF, 0xFE, 0x00,
    0x00, 0x01, 0xFF, 0xFF, 0xFF, 0xC0, 0x00, 0x03, 0xFF, 0xFF, 0xFF, 0xE0, 0x00, 0x07, 0xFF, 0xFF,
    0xFF, 0xF0, 0x00, 0x0F, 0xFF, 0xFF, 0xFF, 0xF0, 0x00, 0x1F, 0xFF, 0xFF, 0xFF, 0xF0, 0x00, 0x3F,
    0xFF, 0xFF, 0xFF, 0xF0, 0x00, 0x0F, 0xF8, 0x07, 0xFF, 0xF0, 0x00, 0x1F, 0xF0, 0x01, 0xFF, 0xF0,
    0x00, 0x3F, 0xE0, 0x01, 0xFF, 0xE0, 0x00, 0x7F, 0x80, 0x00, 0xFF, 0xE0, 0x00, 0xFF, 0x00, 0x01,
    0xFF, 0xC0, 0x03, 0xFE, 0x00, 0x01, 0xFF, 0xC0, 0x07, 0xFC, 0x00, 0x01, 0xFF, 0x80, 0x0F, 0xF8,
    0x00, 0x03, 0xFF, 0x00, 0x1F, 0xE0, 0x00, 0x03, 0xFE, 0x00, 0x3F, 0xC0, 0x00, 0x07, 0xFE, 0x00,
    0x7F, 0x80, 0x00, 0x0F, 0xFC, 0x01, 0xFF, 0x00, 0x00, 0x1F, 0xF8, 0x03, 0xFE, 0x00, 0x00, 0x3F,
    0xF0, 0x07, 0xFC, 0x00, 0x00, 0x7F, 0xE0, 0xFF, 0xFF, 0xF8, 0x00, 0xFF, 0xC3, 0xFF, 0xFF, 0xF0,
    0x01, 0xFF, 0x07, 0xFF, 0xFF, 0xE0, 0x03, 0xFE, 0x0F, 0xFF, 0xFF, 0xC0, 0x07, 0xFC, 0x1F, 0xFF,
    0xFF, 0x80, 0x0F, 0xF8, 0x3F, 0xFF, 0xFF, 0x00, 0x1F, 0xF0, 0x7F, 0xFF, 0xFC, 0x00, 0x7F, 0xC0,
    0x0F, 0xF0, 0x00, 0x00, 0xFF, 0x80, 0x3F, 0xE0, 0x00, 0x01, 0xFF, 0x00, 0x7F, 0xC0, 0x00, 0x07,
    0xFE, 0x00, 0xFF, 0x80, 0x00, 0x0F, 0xF8, 0x01, 0xFF, 0x00, 0x00, 0x3F, 0xF0, 0x03, 0xFC, 0x00,
    0x00, 0x7F, 0xC0, 0x07, 0xF8, 0x00, 0x01, 0xFF, 0x80, 0x1F, 0xF0, 0x00, 0x07, 0xFE, 0x00, 0x3F,
    0xE0, 0x00, 0x1F, 0xF8, 0x00, 0x7F, 0xC0, 0x00, 0x7F, 0xF0, 0x00, 0xFF, 0x00, 0x01, 0xFF, 0xC0,
    0x01, 0xFE, 0x00, 0x0F, 0xFF, 0x00, 0x03, 0xFC, 0x00, 0x3F, 0xFC, 0x00, 0x0F, 0xF8, 0x03, 0xFF,
    0xF0, 0x01, 0xFF, 0xFF, 0xFF, 0xFF, 0xC0, 0x03, 0xFF, 0xFF, 0xFF, 0xFF, 0x00, 0x07, 0xFF, 0xFF,
    0xFF, 0xF8, 0x00, 0x0F, 0xFF, 0xFF, 0xFF, 0xE0, 0x00, 0x3F, 0xFF, 0xFF, 0xFE, 0x00, 0x00, 0x7F,
    0xFF, 0xFF, 0xF0, 0x00, 0x00, 0x7F, 0xFF, 0xFE, 0x00, 0x00, 0x00, 0x00, 0x00, 0x00, 0x00, 0x00,
    0x1F, 0x00, 0x00, 0x00, 0x00, 0x3F, 0xE0, 0x3F, 0x80, 0x00, 0x00, 0x00, 0xFF, 0xF8, 0x7F, 0x80,
    0x00, 0x00, 0x01, 0xFF, 0xFF, 0xFF, 0x00, 0x00, 0x00, 0x03, 0xFF, 0xFF, 0xFF, 0x00, 0x00, 0x00,
    0x07, 0xFF, 0xFF, 0xFE, 0x00, 0x00, 0x00, 0x07, 0xFF, 0xFF, 0xFE, 0x00, 0x00, 0x00, 0x0F, 0xFF,
    0xFF, 0xFC, 0x00, 0x00, 0x00, 0x0F, 0xFF, 0xFF, 0xF8, 0x00, 0x00, 0x00, 0x1F, 0xE0, 0xFF, 0xF0,
    0x00, 0x00, 0x00, 0x1F, 0xC0, 0x1F, 0xC0, 0x00, 0x00, 0x00, 0x1F, 0x80, 0x00, 0x00, 0x00, 0x00,
    0x7F, 0xF8, 0x00, 0x00, 0x07, 0xFF, 0x00, 0xFF, 0xFC, 0x00, 0x00, 0x0F, 0xFF, 0x00, 0xFF, 0xFC,
    0x00, 0x00, 0x0F, 0xFF, 0x00, 0xFF, 0xFE, 0x00, 0x00, 0x0F, 0xFF, 0x01, 0xFF, 0xFE, 0x00, 0x00,
    0x0F, 0xFF, 0x01, 0xFF, 0xFF, 0x00, 0x00, 0x1F, 0xFF, 0x01, 0xFF, 0xFF, 0x00, 0x00, 0x1F, 0xFE,
    0x00, 0x1F, 0xFF, 0x80, 0x00, 0x1F, 0xE0, 0x00, 0x1F, 0xFF, 0x80, 0x00, 0x1F, 0xE0, 0x00, 0x3F,
    0xFF, 0xC0, 0x00, 0x1F, 0xE0, 0x00, 0x3F, 0xFF, 0xC0, 0x00, 0x3F, 0xE0, 0x00, 0x3F, 0xFF, 0xE0,
    0x00, 0x3F, 0xE0, 0x00, 0x3F, 0xFF, 0xE0, 0x00, 0x3F, 0xC0, 0x00, 0x3F, 0xFF, 0xF0, 0x00, 0x3F,
    0xC0, 0x00, 0x7F, 0xFF, 0xF0, 0x00, 0x3F, 0xC0, 0x00, 0x7F, 0x9F, 0xF8, 0x00, 0x3F, 0xC0, 0x00,
    0x7F, 0x9F, 0xF8, 0x00, 0x7F, 0xC0, 0x00, 0x7F, 0x8F, 0xFC, 0x00, 0x7F, 0x80, 0x00, 0x7F, 0x8F,
    0xFC, 0x00, 0x7F, 0x80, 0x00, 0x7F, 0x87, 0xFE, 0x00, 0x7F, 0x80, 0x00, 0xFF, 0x87, 0xFE, 0x00,
    0x7F, 0x80, 0x00, 0xFF, 0x03, 0xFF, 0x00, 0x7F, 0x80, 0x00, 0xFF, 0x03, 0xFF, 0x00, 0xFF, 0x80,
    0x00, 0xFF, 0x03, 0xFF, 0x80, 0xFF, 0x00, 0x00, 0xFF, 0x01, 0xFF, 0x80, 0xFF, 0x00, 0x00, 0xFF,
    0x01, 0xFF, 0x80, 0xFF, 0x00, 0x01, 0xFE, 0x00, 0xFF, 0xC0, 0xFF, 0x00, 0x01, 0xFE, 0x00, 0xFF,
    0xC1, 0xFF, 0x00, 0x01, 0xFE, 0x00, 0x7F, 0xE1, 0xFF, 0x00, 0x01, 0xFE, 0x00, 0x7F, 0xE1, 0xFE,
    0x00, 0x01, 0xFE, 0x00, 0x3F, 0xF1, 0xFE, 0x00, 0x03, 0xFE, 0x00, 0x3F, 0xF1, 0xFE, 0x00, 0x03,
    0xFC, 0x00, 0x1F, 0xF9, 0xFE, 0x00, 0x03, 0xFC, 0x00, 0x1F, 0xFB, 0xFE, 0x00, 0x03, 0xFC, 0x00,
    0x0F, 0xFF, 0xFC, 0x00, 0x03, 0xFC, 0x00, 0x0F, 0xFF, 0xFC, 0x00, 0x03, 0xFC, 0x00, 0x07, 0xFF,
    0xFC, 0x00, 0x07, 0xFC, 0x00, 0x07, 0xFF, 0xFC, 0x00, 0x07, 0xF8, 0x00, 0x03, 0xFF, 0xFC, 0x00,
    0x07, 0xF8, 0x00, 0x03, 0xFF, 0xFC, 0x00, 0x07, 0xF8, 0x00, 0x01, 0xFF, 0xF8, 0x00, 0x07, 0xF8,
    0x00, 0x01, 0xFF, 0xF8, 0x00, 0x7F, 0xF8, 0x00, 0x00, 0xFF, 0xF8, 0x00, 0xFF, 0xF0, 0x00, 0x00,
    0xFF, 0xF8, 0x00, 0xFF, 0xF0, 0x00, 0x00, 0x7F, 0xF8, 0x00, 0xFF, 0xF0, 0x00, 0x00, 0x7F, 0xF0,
    0x00, 0xFF, 0xF0, 0x00, 0x00, 0x3F, 0xF0, 0x00, 0xFF, 0xF0, 0x00, 0x00, 0x3F, 0xF0, 0x00, 0xFF,
    0xE0, 0x00, 0x00, 0x1F, 0xF0, 0x00, 0x00, 0x00, 0x3C, 0x00, 0x00, 0x00, 0x00, 0x00, 0x7F, 0xE0,
    0x00, 0x00, 0x00, 0x00, 0x7F, 0xFE, 0x00, 0x00, 0x00, 0x00, 0x7F, 0xFF, 0xF0, 0x00, 0x00, 0x00,
    0x7F, 0xFF, 0xFF, 0x00, 0x00, 0x00, 0x7F, 0xFF, 0xFF, 0x00, 0x00, 0x00, 0xFF, 0xFF, 0xFF, 0x00,
    0x00, 0x00, 0x7F, 0xFF, 0xFF, 0x00, 0x00, 0x00, 0x0F, 0xFF, 0xFE, 0x00, 0x00, 0x00, 0x00, 0x3F,
    0xFE, 0x00, 0x00, 0x00, 0x01, 0xFF, 0xFE, 0x00, 0x00, 0x00, 0x1F, 0xFF, 0xFC, 0x00, 0x00, 0x00,
    0x7F, 0xFF, 0xFF, 0x00, 0x00, 0x01, 0xFF, 0xFF, 0xFF, 0x80, 0x00, 0x07, 0xFF, 0xFF, 0xFF, 0xE0,
    0x00, 0x0F, 0xFF, 0xFF, 0xFF, 0xF0, 0x00, 0x1F, 0xFF, 0xFF, 0xFF, 0xF0, 0x00, 0x3F, 0xFE, 0x01,
    0xFF, 0xF8, 0x00, 0x7F, 0xF8, 0x00, 0x3F, 0xFC, 0x00, 0xFF, 0xE0, 0x00, 0x1F, 0xFC, 0x01, 0xFF,
    0xC0, 0x00, 0x0F, 0xFE, 0x03, 0xFF, 0x00, 0x00, 0x07, 0xFE, 0x03, 0xFF, 0x00, 0x00, 0x07, 0xFE,
    0x07, 0xFE, 0x00, 0x00, 0x03, 0xFE, 0x0F, 0xFC, 0x00, 0x00, 0x03, 0xFF, 0x0F, 0xF8, 0x00, 0x00,
    0x03, 0xFF, 0x1F, 0xF8, 0x00, 0x00, 0x01, 0xFF, 0x1F, 0xF0, 0x00, 0x00, 0x01, 0xFF, 0x1F, 0xF0,
    0x00, 0x00, 0x01, 0xFF, 0x3F, 0xE0, 0x00, 0x00, 0x01, 0xFF, 0x3F, 0xE0, 0x00, 0x00, 0x01, 0xFF,
    0x3F, 0xE0, 0x00, 0x00, 0x01, 0xFF, 0x7F, 0xE0, 0x00, 0x00, 0x01, 0xFF, 0x7F, 0xC0, 0x00, 0x00,
    0x01, 0xFF, 0x7F, 0xC0, 0x00, 0x00, 0x03, 0xFF, 0x7F, 0xC0, 0x00, 0x00, 0x03, 0xFE, 0x7F, 0xC0,
    0x00, 0x00, 0x03, 0xFE, 0xFF, 0xC0, 0x00, 0x00, 0x03, 0xFE, 0xFF, 0xC0, 0x00, 0x00, 0x03, 0xFE,
    0xFF, 0x80, 0x00, 0x00, 0x07, 0xFC, 0xFF, 0x80, 0x00, 0x00, 0x07, 0xFC, 0xFF, 0xC0, 0x00, 0x00,
    0x07, 0xFC, 0xFF, 0xC0, 0x00, 0x00, 0x0F, 0xF8, 0xFF, 0xC0, 0x00, 0x00, 0x0F, 0xF8, 0xFF, 0xC0,
    0x00, 0x00, 0x1F, 0xF8, 0xFF, 0xC0, 0x00, 0x00, 0x1F, 0xF0, 0x7F, 0xC0, 0x00, 0x00, 0x3F, 0xF0,
    0x7F, 0xE0, 0x00, 0x00, 0x7F, 0xE0, 0x7F, 0xE0, 0x00, 0x00, 0x7F, 0xE0, 0x7F, 0xF0, 0x00, 0x00,
    0xFF, 0xC0, 0x3F, 0xF0, 0x00, 0x01, 0xFF, 0x80, 0x3F, 0xF8, 0x00, 0x07, 0xFF, 0x00, 0x1F, 0xFE,
    0x00, 0x1F, 0xFE, 0x00, 0x1F, 0xFF, 0x80, 0x7F, 0xFC, 0x00, 0x0F, 0xFF, 0xFF, 0xFF, 0xF8, 0x00,
    0x07, 0xFF, 0xFF, 0xFF, 0xF0, 0x00, 0x03, 0xFF, 0xFF, 0xFF, 0xE0, 0x00, 0x01, 0xFF, 0xFF, 0xFF,
    0x80, 0x00, 0x00, 0x7F, 0xFF, 0xFE, 0x00, 0x00, 0x00, 0x1F, 0xFF, 0xF8, 0x00, 0x00, 0x00, 0x03,
    0xFF, 0x80, 0x00, 0x00, 0x00, 0x00, 0x00, 0x00, 0x01, 0xE0, 0x00, 0x00, 0x00, 0x00, 0x3F, 0xE0,
    0x00, 0x00, 0x00, 0x07, 0xFF, 0xE0, 0x00, 0x00, 0x00, 0x7F, 0xFF, 0xE0, 0x00, 0x00, 0x0F, 0xFF,
    0xFF, 0xE0, 0x00, 0x00, 0x1F, 0xFF, 0xFF, 0xE0, 0x00, 0x00, 0x1F, 0xFF, 0xFF, 0xC0, 0x00, 0x00,
    0x1F, 0xFF, 0xFF, 0xC0, 0x00, 0x00, 0x1F, 0xFF, 0xFF, 0x80, 0x00, 0x00, 0x3F, 0xFF, 0xF0, 0x00,
    0x00, 0x00, 0x3F, 0xFE, 0x00, 0x00, 0x00, 0x00, 0x1F, 0xFF, 0xC0, 0x00, 0x00, 0x00, 0x1F, 0xFF,
    0xFC, 0x00, 0x00, 0x00, 0x7F, 0xFF, 0xFF, 0x00, 0x00, 0x01, 0xFF, 0xFF, 0xFF, 0x80, 0x00, 0x07,
    0xFF, 0xFF, 0xFF, 0xC0, 0x00, 0x0F, 0xFF, 0xFF, 0xFF, 0xE0, 0x00, 0x1F, 0xFF, 0xFF, 0xFF, 0xF0,
    0x00, 0x3F, 0xFE, 0x01, 0xFF, 0xF8, 0x00, 0x7F, 0xF8, 0x00, 0x3F, 0xFC, 0x00, 0xFF, 0xE0, 0x00,
    0x1F, 0xFC, 0x01, 0xFF, 0x80, 0x00, 0x0F, 0xFC, 0x03, 0xFF, 0x00, 0x00, 0x07, 0xFE, 0x03, 0xFE,
    0x00, 0x00, 0x07, 0xFE, 0x07, 0xFE, 0x00, 0x00, 0x03, 0xFE, 0x0F, 0xFC, 0x00, 0x00, 0x03, 0xFF,
    0x0F, 0xF8, 0x00, 0x00, 0x03, 0xFF, 0x1F, 0xF8, 0x00, 0x00, 0x01, 0xFF, 0x1F, 0xF0, 0x00, 0x00,
    0x01, 0xFF, 0x1F, 0xF0, 0x00, 0x00, 0x01, 0xFF, 0x3F, 0xE0, 0x00, 0x00, 0x01, 0xFF, 0x3F, 0xE0,
    0x00, 0x00, 0x01, 0xFF, 0x3F, 0xE0, 0x00, 0x00, 0x01, 0xFF, 0x7F, 0xC0, 0x00, 0x00, 0x01, 0xFF,
    0x7F, 0xC0, 0x00, 0x00, 0x03, 0xFF, 0x7F, 0xC0, 0x00, 0x00, 0x03, 0xFF, 0x7F, 0xC0, 0x00, 0x00,
    0x03, 0xFE, 0x7F, 0xC0, 0x00, 0x00, 0x03, 0xFE, 0xFF, 0xC0, 0x00, 0x00, 0x03, 0xFE, 0xFF, 0xC0,
    0x00, 0x00, 0x07, 0xFE, 0xFF, 0x80, 0x00, 0x00, 0x07, 0xFC, 0xFF, 0x80, 0x00, 0x00, 0x07, 0xFC,
    0xFF, 0xC0, 0x00, 0x00, 0x07, 0xFC, 0xFF, 0xC0, 0x00, 0x00, 0x0F, 0xF8, 0xFF, 0xC0, 0x00, 0x00,
    0x0F, 0xF8, 0xFF, 0xC0, 0x00, 0x00, 0x1F, 0xF8, 0xFF, 0xC0, 0x00, 0x00, 0x1F, 0xF0, 0x7F, 0xC0,
    0x00, 0x00, 0x3F, 0xF0, 0x7F, 0xE0, 0x00, 0x00, 0x7F, 0xE0, 0x7F, 0xE0, 0x00, 0x00, 0xFF, 0xE0,
    0x7F, 0xF0, 0x00, 0x00, 0xFF, 0xC0, 0x3F, 0xF0, 0x00, 0x03, 0xFF, 0x80, 0x3F, 0xF8, 0x00, 0x07,
    0xFF, 0x00, 0x1F, 0xFE, 0x00, 0x1F, 0xFE, 0x00, 0x1F, 0xFF, 0x80, 0x7F, 0xFE, 0x00, 0x0F, 0xFF,
    0xFF, 0xFF, 0xF8, 0x00, 0x07, 0xFF, 0xFF, 0xFF, 0xF0, 0x00, 0x03, 0xFF, 0xFF, 0xFF, 0xE0, 0x00,
    0x01, 0xFF, 0xFF, 0xFF, 0x80, 0x00, 0x00, 0x7F, 0xFF, 0xFE, 0x00, 0x00, 0x00, 0x1F, 0xFF, 0xF8,
    0x00, 0x00, 0x00, 0x03, 0xFF, 0x80, 0x00, 0x00, 0x00, 0x00, 0x00, 0x0F, 0x80, 0x00, 0x00, 0x00,
    0x00, 0x3F, 0xE0, 0x00, 0x00, 0x00, 0x01, 0xFF, 0xF8, 0x00, 0x00, 0x00, 0x07, 0xFF, 0xFF, 0x00,
    0x00, 0x00, 0x3F, 0xFF, 0xFF, 0xC0, 0x00, 0x00, 0xFF, 0xFF, 0xFF, 0xE0, 0x00, 0x01, 0xFF, 0xFF,
    0xFF, 0xF0, 0x00, 0x01, 0xFF, 0xFF, 0xFF, 0xF0, 0x00, 0x01, 0xFF, 0xE1, 0xFF, 0xF0, 0x00, 0x01,
    0xFF, 0x00, 0x3F, 0xE0, 0x00, 0x01, 0xF8, 0x00, 0x07, 0xE0, 0x00, 0x03, 0xC1, 0xFF, 0xC0, 0xE0,
    0x00, 0x00, 0x1F, 0xFF, 0xFC, 0x00, 0x00, 0x00, 0x7F, 0xFF, 0xFF, 0x00, 0x00, 0x01, 0xFF, 0xFF,
    0xFF, 0x80, 0x00, 0x07, 0xFF, 0xFF, 0xFF, 0xC0, 0x00, 0x0F, 0xFF, 0xFF, 0xFF, 0xE0, 0x00, 0x1F,
    0xFF, 0xFF, 0xFF, 0xF0, 0x00, 0x3F, 0xFE, 0x01, 0xFF, 0xF8, 0x00, 0x7F, 0xF8, 0x00, 0x3F, 0xFC,
    0x00, 0xFF, 0xE0, 0x00, 0x1F, 0xFC, 0x01, 0xFF, 0xC0, 0x00, 0x0F, 0xFC, 0x03, 0xFF, 0x00, 0x00,
    0x07, 0xFE, 0x03, 0xFF, 0x00, 0x00, 0x07, 0xFE, 0x07, 0xFE, 0x00, 0x00, 0x03, 0xFE, 0x0F, 0xFC,
    0x00, 0x00, 0x03, 0xFF, 0x0F, 0xF8, 0x00, 0x00, 0x03, 0xFF, 0x1F, 0xF8, 0x00, 0x00, 0x01, 0xFF,
    0x1F, 0xF0, 0x00, 0x00, 0x01, 0xFF, 0x1F, 0xF0, 0x00, 0x00, 0x01, 0xFF, 0x3F, 0xE0, 0x00, 0x00,
    0x01, 0xFF, 0x3F, 0xE0, 0x00, 0x00, 0x01, 0xFF, 0x3F, 0xE0, 0x00, 0x00, 0x01, 0xFF, 0x7F, 0xE0,
    0x00, 0x00, 0x01, 0xFF, 0x7F, 0xC0, 0x00, 0x00, 0x01, 0xFF, 0x7F, 0xC0, 0x00, 0x00, 0x03, 0xFF,
    0x7F, 0xC0, 0x00, 0x00, 0x03, 0xFE, 0x7F, 0xC0, 0x00, 0x00, 0x03, 0xFE, 0xFF, 0xC0, 0x00, 0x00,
    0x03, 0xFE, 0xFF, 0xC0, 0x00, 0x00, 0x03, 0xFE, 0xFF, 0x80, 0x00, 0x00, 0x07, 0xFC, 0xFF, 0x80,
    0x00, 0x00, 0x07, 0xFC, 0xFF, 0xC0, 0x00, 0x00, 0x07, 0xFC, 0xFF, 0xC0, 0x00, 0x00, 0x0F, 0xF8,
    0xFF, 0xC0, 0x00, 0x00, 0x0F, 0xF8, 0xFF, 0xC0, 0x00, 0x00, 0x1F, 0xF8, 0xFF, 0xC0, 0x00, 0x00,
    0x1F, 0xF0, 0x7F, 0xC0, 0x00, 0x00, 0x3F, 0xF0, 0x7F, 0xE0, 0x00, 0x00, 0x7F, 0xE0, 0x7F, 0xE0,
    0x00, 0x00, 0x7F, 0xE0, 0x7F, 0xF0, 0x00, 0x00, 0xFF, 0xC0, 0x3F, 0xF0, 0x00, 0x01, 0xFF, 0x80,
    0x3F, 0xF8, 0x00, 0x07, 0xFF, 0x00, 0x1F, 0xFE, 0x00, 0x1F, 0xFE, 0x00, 0x1F, 0xFF, 0x80, 0x7F,
    0xFE, 0x00, 0x0F, 0xFF, 0xFF, 0xFF, 0xF8, 0x00, 0x07, 0xFF, 0xFF, 0xFF, 0xF0, 0x00, 0x03, 0xFF,
    0xFF, 0xFF, 0xE0, 0x00, 0x01, 0xFF, 0xFF, 0xFF, 0x80, 0x00, 0x00, 0x7F, 0xFF, 0xFE, 0x00, 0x00,
    0x00, 0x1F, 0xFF, 0xF8, 0x00, 0x00, 0x00, 0x03, 0xFF, 0x80, 0x00, 0x00, 0x00, 0x00, 0x00, 0x00,
    0x01, 0xF8, 0x00, 0x00, 0x03, 0xFE, 0x03, 0xF8, 0x00, 0x00, 0x0F, 0xFF, 0xC3, 0xF8, 0x00, 0x00,
    0x1F, 0xFF, 0xFF, 0xF0, 0x00, 0x00, 0x3F, 0xFF, 0xFF, 0xF0, 0x00, 0x00, 0x3F, 0xFF, 0xFF, 0xE0,
    0x00, 0x00, 0x7F, 0xFF, 0xFF, 0xE0, 0x00, 0x00, 0xFF, 0xFF, 0xFF, 0xC0, 0x00, 0x00, 0xFF, 0xFF,
    0xFF, 0x80, 0x00, 0x00, 0xFE, 0x1F, 0xFF, 0x00, 0x00, 0x01, 0xFC, 0x03, 0xFE, 0x00, 0x00, 0x00,
    0xFD, 0xFF, 0xC0, 0x00, 0x00, 0x00, 0x1F, 0xFF, 0xFC, 0x00, 0x00, 0x00, 0xFF, 0xFF, 0xFF, 0x00,
    0x00, 0x01, 0xFF, 0xFF, 0xFF, 0x80, 0x00, 0x07, 0xFF, 0xFF, 0xFF, 0xC0, 0x00, 0x0F, 0xFF, 0xFF,
    0xFF, 0xE0, 0x00, 0x3F, 0xFF, 0xFF, 0xFF, 0xF0, 0x00, 0x7F, 0xFE, 0x01, 0xFF, 0xF8, 0x00, 0x7F,
    0xF8, 0x00, 0x3F, 0xFC, 0x00, 0xFF, 0xE0, 0x00, 0x1F, 0xFC, 0x01, 0xFF, 0xC0, 0x00, 0x0F, 0xFC,
    0x03, 0xFF, 0x00, 0x00, 0x07, 0xFE, 0x03, 0xFF, 0x00, 0x00, 0x07, 0xFE, 0x07, 0xFE, 0x00, 0x00,
    0x03, 0xFE, 0x0F, 0xFC, 0x00, 0x00, 0x03, 0xFF, 0x0F, 0xF8, 0x00, 0x00, 0x03, 0xFF, 0x1F, 0xF8,
    0x00, 0x00, 0x01, 0xFF, 0x1F, 0xF0, 0x00, 0x00, 0x01, 0xFF, 0x1F, 0xF0, 0x00, 0x00, 0x01, 0xFF,
    0x3F, 0xE0, 0x00, 0x00, 0x01, 0xFF, 0x3F, 0xE0, 0x00, 0x00, 0x01, 0xFF, 0x3F, 0xE0, 0x00, 0x00,
    0x01, 0xFF, 0x7F, 0xE0, 0x00, 0x00, 0x01, 0xFF, 0x7F, 0xC0, 0x00, 0x00, 0x01, 0xFF, 0x7F, 0xC0,
    0x00, 0x00, 0x03, 0xFF, 0x7F, 0xC0, 0x00, 0x00, 0x03, 0xFE, 0x7F, 0xC0, 0x00, 0x00, 0x03, 0xFE,
    0xFF, 0xC0, 0x00, 0x00, 0x03, 0xFE, 0xFF, 0xC0, 0x00, 0x00, 0x03, 0xFE, 0xFF, 0x80, 0x00, 0x00,
    0x07, 0xFC, 0xFF, 0x80, 0x00, 0x00, 0x07, 0xFC, 0xFF, 0x80, 0x00, 0x00, 0x07, 0xFC, 0xFF, 0xC0,
    0x00, 0x00, 0x0F, 0xF8, 0xFF, 0xC0, 0x00, 0x00, 0x0F, 0xF8, 0xFF, 0xC0, 0x00, 0x00, 0x1F, 0xF8,
    0xFF, 0xC0, 0x00, 0x00, 0x1F, 0xF0, 0x7F, 0xC0, 0x00, 0x00, 0x3F, 0xF0, 0x7F, 0xE0, 0x00, 0x00,
    0x7F, 0xE0, 0x7F, 0xE0, 0x00, 0x00, 0x7F, 0xE0, 0x7F, 0xF0, 0x00, 0x00, 0xFF, 0xC0, 0x3F, 0xF0,
    0x00, 0x01, 0xFF, 0x80, 0x3F, 0xF8, 0x00, 0x07, 0xFF, 0x00, 0x1F, 0xFE, 0x00, 0x1F, 0xFE, 0x00,
    0x1F, 0xFF, 0x80, 0x7F, 0xFE, 0x00, 0x0F, 0xFF, 0xFF, 0xFF, 0xF8, 0x00, 0x07, 0xFF, 0xFF, 0xFF,
    0xF0, 0x00, 0x03, 0xFF, 0xFF, 0xFF, 0xE0, 0x00, 0x01, 0xFF, 0xFF, 0xFF, 0x80, 0x00, 0x00, 0x7F,
    0xFF, 0xFE, 0x00, 0x00, 0x00, 0x1F, 0xFF, 0xF8, 0x00, 0x00, 0x00, 0x03, 0xFF, 0x80, 0x00, 0x00,
    0x00, 0x00, 0x0F, 0x80, 0x0F, 0x80, 0x00, 0x00, 0x1F, 0xC0, 0x1F, 0xC0, 0x00, 0x00, 0x3F, 0xC0,
    0x3F, 0xC0, 0x00, 0x00, 0x7F, 0xE0, 0x7F, 0xE0, 0x00, 0x00, 0x7F, 0xE0, 0x7F, 0xE0, 0x00, 0x00,
    0xFF, 0xE0, 0xFF, 0xE0, 0x00, 0x00, 0xFF, 0xE0, 0xFF, 0xC0, 0x00, 0x00, 0x7F, 0xC0, 0xFF, 0xC0,
    0x00, 0x00, 0x7F, 0xC0, 0x7F, 0x80, 0x00, 0x00, 0x1F, 0x80, 0x7E, 0x00, 0x00, 0x00, 0x1F, 0xFF,
    0xFC, 0x00, 0x00, 0x00, 0x7F, 0xFF, 0xFF, 0x00, 0x00, 0x01, 0xFF, 0xFF, 0xFF, 0x80, 0x00, 0x07,
    0xFF, 0xFF, 0xFF, 0xC0, 0x00, 0x0F, 0xFF, 0xFF, 0xFF, 0xE0, 0x00, 0x1F, 0xFF, 0xFF, 0xFF, 0xF0,
    0x00, 0x3F, 0xFF, 0xFF, 0xFF, 0xF8, 0x00, 0x7F, 0xFE, 0x01, 0xFF, 0xFC, 0x00, 0xFF, 0xF8, 0x00,
    0x3F, 0xFC, 0x01, 0xFF, 0xE0, 0x00, 0x1F, 0xFC, 0x03, 0xFF, 0xC0, 0x00, 0x0F, 0xFE, 0x03, 0xFF,
    0x00, 0x00, 0x07, 0xFE, 0x07, 0xFE, 0x00, 0x00, 0x07, 0xFE, 0x07, 0xFE, 0x00, 0x00, 0x03, 0xFF,
    0x0F, 0xFC, 0x00, 0x00, 0x03, 0xFF, 0x0F, 0xF8, 0x00, 0x00, 0x03, 0xFF, 0x1F, 0xF8, 0x00, 0x00,
    0x03, 0xFF, 0x1F, 0xF0, 0x00, 0x00, 0x01, 0xFF, 0x3F, 0xF0, 0x00, 0x00, 0x01, 0xFF, 0x3F, 0xE0,
    0x00, 0x00, 0x01, 0xFF, 0x3F, 0xE0, 0x00, 0x00, 0x01, 0xFF, 0x7F, 0xE0, 0x00, 0x00, 0x01, 0xFF,
    0x7F, 0xC0, 0x00, 0x00, 0x01, 0xFF, 0x7F, 0xC0, 0x00, 0x00, 0x03, 0xFF, 0x7F, 0xC0, 0x00, 0x00,
    0x03, 0xFE, 0x7F, 0xC0, 0x00, 0x00, 0x03, 0xFE, 0xFF, 0xC0, 0x00, 0x00, 0x03, 0xFE, 0xFF, 0xC0,
    0x00, 0x00, 0x03, 0xFE, 0xFF, 0xC0, 0x00, 0x00, 0x03, 0xFE, 0xFF, 0x80, 0x00, 0x00, 0x07, 0xFC,
    0xFF, 0x80, 0x00, 0x00, 0x07, 0xFC, 0xFF, 0xC0, 0x00, 0x00, 0x07, 0xFC, 0xFF, 0xC0, 0x00, 0x00,
    0x0F, 0xF8, 0xFF, 0xC0, 0x00, 0x00, 0x0F, 0xF8, 0xFF, 0xC0, 0x00, 0x00, 0x1F, 0xF0, 0xFF, 0xC0,
    0x00, 0x00, 0x1F, 0xF0, 0x7F, 0xC0, 0x00, 0x00, 0x3F, 0xF0, 0x7F, 0xE0, 0x00, 0x00, 0x7F, 0xE0,
    0x7F, 0xE0, 0x00, 0x00, 0x7F, 0xC0, 0x7F, 0xF0, 0x00, 0x00, 0xFF, 0xC0, 0x3F, 0xF0, 0x00, 0x01,
    0xFF, 0x80, 0x3F, 0xF8, 0x00, 0x07, 0xFF, 0x00, 0x1F, 0xFE, 0x00, 0x1F, 0xFE, 0x00, 0x1F, 0xFF,
    0x80, 0x7F, 0xFC, 0x00, 0x0F, 0xFF, 0xFF, 0xFF, 0xF8, 0x00, 0x07, 0xFF, 0xFF, 0xFF, 0xF0, 0x00,
    0x03, 0xFF, 0xFF, 0xFF, 0xE0, 0x00, 0x01, 0xFF, 0xFF, 0xFF, 0x80, 0x00, 0x00, 0x7F, 0xFF, 0xFE,
    0x00, 0x00, 0x00, 0x1F, 0xFF, 0xF8, 0x00, 0x00, 0x00, 0x03, 0xFF, 0x80, 0x00, 0x00, 0x00, 0x60,
    0x00, 0x01, 0xC0, 0x0F, 0x80, 0x00, 0x1F, 0x00, 0xFE, 0x00, 0x01, 0xFC, 0x0F, 0xF8, 0x00, 0x1F,
    0xE0, 0xFF, 0xE0, 0x03, 0xFF, 0x87, 0xFF, 0x80, 0x3F, 0xF8, 0x1F, 0xFC, 0x03, 0xFF, 0x80, 0x7F,
    0xF0, 0x3F, 0xF8, 0x01, 0xFF, 0xC3, 0xFF, 0x80, 0x07, 0xFF, 0x3F, 0xF8, 0x00, 0x3F, 0xFF, 0xFF,
    0x80, 0x00, 0xFF, 0xFF, 0xF8, 0x00, 0x03, 0xFF, 0xFF, 0x00, 0x00, 0x0F, 0xFF, 0xF0, 0x00, 0x00,
    0x3F, 0xFF, 0x00, 0x00, 0x00, 0xFF, 0xF0, 0x00, 0x00, 0x0F, 0xFF, 0x80, 0x00, 0x00, 0xFF, 0xFC,
    0x00, 0x00, 0x0F, 0xFF, 0xF0, 0x00, 0x00, 0xFF, 0xFF, 0xC0, 0x00, 0x0F, 0xFF, 0xFF, 0x00, 0x01,
    0xFF, 0xFF, 0xFC, 0x00, 0x1F, 0xFE, 0xFF, 0xF0, 0x01, 0xFF, 0xC3, 0xFF, 0x80, 0x1F, 0xFC, 0x0F,
    0xFE, 0x01, 0xFF, 0xC0, 0x3F, 0xF8, 0x1F, 0xFC, 0x00, 0xFF, 0xE0, 0xFF, 0xC0, 0x07, 0xFF, 0x0F,
    0xF8, 0x00, 0x1F, 0xF0, 0x1F, 0x80, 0x00, 0x7F, 0x00, 0x78, 0x00, 0x01, 0xE0, 0x03, 0x80, 0x00,
    0x06, 0x00, 0x00, 0x00, 0x00, 0x00, 0x00, 0x00, 0x40, 0x00, 0x00, 0x00, 0xFF, 0xE0, 0x03, 0xC0,
    0x00, 0x00, 0x3F, 0xFF, 0xF0, 0x1F, 0x80, 0x00, 0x03, 0xFF, 0xFF, 0xF8, 0xFF, 0x00, 0x00, 0x3F,
    0xFF, 0xFF, 0xF7, 0xFC, 0x00, 0x03, 0xFF, 0xFF, 0xFF, 0xFF, 0xE0, 0x00, 0x1F, 0xFF, 0xFF, 0xFF,
    0xFF, 0x00, 0x00, 0xFF, 0xFF, 0xFF, 0xFF, 0xF8, 0x00, 0x07, 0xFF, 0xC0, 0x3F, 0xFF, 0xC0, 0x00,
    0x3F, 0xFC, 0x00, 0x3F, 0xFE, 0x00, 0x01, 0xFF, 0xC0, 0x00, 0x3F, 0xF8, 0x00, 0x0F, 0xFE, 0x00,
    0x00, 0xFF, 0xE0, 0x00, 0x7F, 0xE0, 0x00, 0x07, 0xFF, 0xC0, 0x01, 0xFF, 0x80, 0x00, 0x3F, 0xFF,
    0x00, 0x0F, 0xFC, 0x00, 0x01, 0xFF, 0xFC, 0x00, 0x7F, 0xE0, 0x00, 0x0F, 0xFF, 0xF8, 0x01, 0xFF,
    0x00, 0x00, 0x7F, 0xFF, 0xE0, 0x0F, 0xFC, 0x00, 0x03, 0xFF, 0xFF, 0x80, 0x3F, 0xE0, 0x00, 0x1F,
    0xF3, 0xFE, 0x00, 0xFF, 0x80, 0x00, 0xFF, 0x8F, 0xF8, 0x07, 0xFE, 0x00, 0x07, 0xFC, 0x3F, 0xE0,
    0x1F, 0xF0, 0x00, 0x3F, 0xE0, 0xFF, 0x80, 0x7F, 0xC0, 0x01, 0xFF, 0x03, 0xFE, 0x03, 0xFF, 0x00,
    0x1F, 0xF8, 0x0F, 0xF8, 0x0F, 0xF8, 0x00, 0xFF, 0xC0, 0x3F, 0xE0, 0x3F, 0xE0, 0x07, 0xFE, 0x01,
    0xFF, 0x80, 0xFF, 0x80, 0x3F, 0xF0, 0x07, 0xFC, 0x03, 0xFE, 0x01, 0xFF, 0x00, 0x1F, 0xF0, 0x1F,
    0xF8, 0x0F, 0xF8, 0x00, 0x7F, 0xC0, 0x7F, 0xE0, 0x7F, 0xC0, 0x01, 0xFF, 0x01, 0xFF, 0x03, 0xFE,
    0x00, 0x0F, 0xF8, 0x07, 0xFC, 0x1F, 0xF0, 0x00, 0x3F, 0xE0, 0x1F, 0xF0, 0xFF, 0x80, 0x00, 0xFF,
    0x80, 0x7F, 0xC7, 0xFC, 0x00, 0x07, 0xFC, 0x01, 0xFF, 0xBF, 0xE0, 0x00, 0x1F, 0xF0, 0x07, 0xFF,
    0xFF, 0x00, 0x00, 0xFF, 0xC0, 0x1F, 0xFF, 0xF8, 0x00, 0x03, 0xFE, 0x00, 0x3F, 0xFF, 0xC0, 0x00,
    0x1F, 0xF8, 0x00, 0xFF, 0xFE, 0x00, 0x00, 0xFF, 0xC0, 0x03, 0xFF, 0xF0, 0x00, 0x03, 0xFF, 0x00,
    0x0F, 0xFF, 0x80, 0x00, 0x1F, 0xF8, 0x00, 0x1F, 0xFC, 0x00, 0x00, 0xFF, 0xC0, 0x00, 0x7F, 0xF0,
    0x00, 0x0F, 0xFE, 0x00, 0x01, 0xFF, 0xF0, 0x00, 0x7F, 0xF0, 0x00, 0x0F, 0xFF, 0xF0, 0x0F, 0xFF,
    0xC0, 0x00, 0x7F, 0xFF, 0xFF, 0xFF, 0xFC, 0x00, 0x03, 0xFF, 0xFF, 0xFF, 0xFF, 0xE0, 0x00, 0x1F,
    0xFF, 0xFF, 0xFF, 0xFF, 0x00, 0x00, 0xFF, 0xBF, 0xFF, 0xFF, 0xF0, 0x00, 0x01, 0xFC, 0x3F, 0xFF,
    0xFF, 0x00, 0x00, 0x03, 0xE0, 0x3F, 0xFF, 0xF0, 0x00, 0x00, 0x0F, 0x00, 0x1F, 0xFC, 0x00, 0x00,
    0x00, 0x00, 0x03, 0xF0, 0x00, 0x00, 0x00, 0x00, 0x07, 0xFE, 0x00, 0x00, 0x00, 0x00, 0x0F, 0xFF,
    0xE0, 0x00, 0x00, 0x00, 0x1F, 0xFF, 0xFE, 0x00, 0x00, 0x00, 0x3F, 0xFF, 0xFF, 0x80, 0x00, 0x00,
    0xFF, 0xFF, 0xFF, 0x00, 0x00, 0x01, 0xFF, 0xFF, 0xFE, 0x00, 0x00, 0x01, 0xFF, 0xFF, 0xF8, 0x00,
    0x00, 0x00, 0x3F, 0xFF, 0xF0, 0x00, 0x00, 0x00, 0x00, 0xFF, 0xE0, 0x00, 0x00, 0x00, 0x00, 0x07,
    0x80, 0x01, 0xFF, 0xE0, 0x00, 0x00, 0xFF, 0xF3, 0xFF, 0xC0, 0x00, 0x01, 0xFF, 0xE7, 0xFF, 0x80,
    0x00, 0x03, 0xFF, 0xDF, 0xFF, 0x00, 0x00, 0x07, 0xFF, 0xBF, 0xFE, 0x00, 0x00, 0x1F, 0xFF, 0x7F,
    0xFC, 0x00, 0x00, 0x3F, 0xFE, 0xFF, 0xF0, 0x00, 0x00, 0x7F, 0xF8, 0x3F, 0xE0, 0x00, 0x00, 0xFF,
    0x00, 0x7F, 0xC0, 0x00, 0x01, 0xFE, 0x00, 0xFF, 0x80, 0x00, 0x03, 0xFC, 0x01, 0xFF, 0x00, 0x00,
    0x0F, 0xF8, 0x03, 0xFE, 0x00, 0x00, 0x1F, 0xF0, 0x07, 0xF8, 0x00, 0x00, 0x3F, 0xC0, 0x1F, 0xF0,
    0x00, 0x00, 0x7F, 0x80, 0x3F, 0xE0, 0x00, 0x00, 0xFF, 0x00, 0x7F, 0xC0, 0x00, 0x01, 0xFE, 0x00,
    0xFF, 0x80, 0x00, 0x07, 0xFC, 0x01, 0xFF, 0x00, 0x00, 0x0F, 0xF8, 0x03, 0xFC, 0x00, 0x00, 0x1F,
    0xE0, 0x0F, 0xF8, 0x00, 0x00, 0x3F, 0xC0, 0x1F, 0xF0, 0x00, 0x00, 0x7F, 0x80, 0x3F, 0xE0, 0x00,
    0x01, 0xFF, 0x00, 0x7F, 0xC0, 0x00, 0x03, 0xFE, 0x00, 0xFF, 0x00, 0x00, 0x07, 0xF8, 0x03, 0xFE,
    0x00, 0x00, 0x0F, 0xF0, 0x07, 0xFC, 0x00, 0x00, 0x1F, 0xE0, 0x0F, 0xF8, 0x00, 0x00, 0x3F, 0xC0,
    0x1F, 0xF0, 0x00, 0x00, 0xFF, 0x80, 0x3F, 0xE0, 0x00, 0x01, 0xFF, 0x00, 0x7F, 0x80, 0x00, 0x03,
    0xFC, 0x01, 0xFF, 0x00, 0x00, 0x07, 0xF8, 0x03, 0xFE, 0x00, 0x00, 0x0F, 0xF0, 0x07, 0xFC, 0x00,
    0x00, 0x3F, 0xE0, 0x0F, 0xF8, 0x00, 0x00, 0x7F, 0xC0, 0x1F, 0xF0, 0x00, 0x00, 0xFF, 0x00, 0x3F,
    0xE0, 0x00, 0x01, 0xFE, 0x00, 0x7F, 0xC0, 0x00, 0x07, 0xFC, 0x00, 0xFF, 0x80, 0x00, 0x0F, 0xF0,
    0x01, 0xFF, 0x00, 0x00, 0x3F, 0xE0, 0x03, 0xFF, 0x00, 0x00, 0xFF, 0xC0, 0x07, 0xFE, 0x00, 0x03,
    0xFF, 0x00, 0x0F, 0xFE, 0x00, 0x0F, 0xFC, 0x00, 0x0F, 0xFF, 0x00, 0xFF, 0xF8, 0x00, 0x1F, 0xFF,
    0xFF, 0xFF, 0xE0, 0x00, 0x1F, 0xFF, 0xFF, 0xFF, 0x80, 0x00, 0x1F, 0xFF, 0xFF, 0xFE, 0x00, 0x00,
    0x1F, 0xFF, 0xFF, 0xF8, 0x00, 0x00, 0x1F, 0xFF, 0xFF, 0xC0, 0x00, 0x00, 0x0F, 0xFF, 0xFE, 0x00,
    0x00, 0x00, 0x03, 0xFF, 0xC0, 0x00, 0x00, 0x00, 0x00, 0x00, 0x00, 0x00, 0x03, 0xC0, 0x00, 0x00,
    0x00, 0x00, 0x7F, 0xC0, 0x00, 0x00, 0x00, 0x07, 0xFF, 0xC0, 0x00, 0x00, 0x00, 0xFF, 0xFF, 0xC0,
    0x00, 0x00, 0x1F, 0xFF, 0xFF, 0xC0, 0x00, 0x00, 0x3F, 0xFF, 0xFF, 0xC0, 0x00, 0x00, 0x3F, 0xFF,
    0xFF, 0x80, 0x00, 0x00, 0x3F, 0xFF, 0xFF, 0x80, 0x00, 0x00, 0x3F, 0xFF, 0xFF, 0x00, 0x00, 0x00,
    0x7F, 0xFF, 0xC0, 0x00, 0x00, 0x00, 0x7F, 0xF0, 0x00, 0x00, 0x00, 0x00, 0x3C, 0x00, 0x00, 0x00,
    0x1F, 0xFE, 0x00, 0x00, 0x0F, 0xFF, 0x3F, 0xFE, 0x00, 0x00, 0x0F, 0xFF, 0x3F, 0xFE, 0x00, 0x00,
    0x1F, 0xFF, 0x3F, 0xFE, 0x00, 0x00, 0x1F, 0xFE, 0x3F, 0xFC, 0x00, 0x00, 0x1F, 0xFE, 0x3F, 0xFC,
    0x00, 0x00, 0x1F, 0xFE, 0x3F, 0xFC, 0x00, 0x00, 0x1F, 0xFE, 0x07, 0xFC, 0x00, 0x00, 0x3F, 0xE0,
    0x07, 0xFC, 0x00, 0x00, 0x3F, 0xE0, 0x07, 0xF8, 0x00, 0x00, 0x3F, 0xC0, 0x07, 0xF8, 0x00, 0x00,
    0x3F, 0xC0, 0x0F, 0xF8, 0x00, 0x00, 0x3F, 0xC0, 0x0F, 0xF8, 0x00, 0x00, 0x3F, 0xC0, 0x0F, 0xF8,
    0x00, 0x00, 0x7F, 0xC0, 0x0F, 0xF8, 0x00, 0x00, 0x7F, 0xC0, 0x0F, 0xF0, 0x00, 0x00, 0x7F, 0x80,
    0x1F, 0xF0, 0x00, 0x00, 0x7F, 0x80, 0x1F, 0xF0, 0x00, 0x00, 0x7F, 0x80, 0x1F, 0xF0, 0x00, 0x00,
    0xFF, 0x80, 0x1F, 0xF0, 0x00, 0x00, 0xFF, 0x80, 0x1F, 0xF0, 0x00, 0x00, 0xFF, 0x80, 0x1F, 0xE0,
    0x00, 0x00, 0xFF, 0x00, 0x3F, 0xE0, 0x00, 0x00, 0xFF, 0x00, 0x3F, 0xE0, 0x00, 0x00, 0xFF, 0x00,
    0x3F, 0xE0, 0x00, 0x01, 0xFF, 0x00, 0x3F, 0xE0, 0x00, 0x01, 0xFF, 0x00, 0x3F, 0xC0, 0x00, 0x01,
    0xFE, 0x00, 0x7F, 0xC0, 0x00, 0x01, 0xFE, 0x00, 0x7F, 0xC0, 0x00, 0x01, 0xFE, 0x00, 0x7F, 0xC0,
    0x00, 0x01, 0xFE, 0x00, 0x7F, 0xC0, 0x00, 0x03, 0xFE, 0x00, 0x7F, 0xC0, 0x00, 0x03, 0xFE, 0x00,
    0x7F, 0x80, 0x00, 0x03, 0xFC, 0x00, 0xFF, 0x80, 0x00, 0x03, 0xFC, 0x00, 0xFF, 0x80, 0x00, 0x03,
    0xFC, 0x00, 0xFF, 0x80, 0x00, 0x07, 0xFC, 0x00, 0xFF, 0x80, 0x00, 0x07, 0xF8, 0x00, 0xFF, 0x80,
    0x00, 0x0F, 0xF8, 0x00, 0xFF, 0xC0, 0x00, 0x0F, 0xF8, 0x00, 0xFF, 0xC0, 0x00, 0x1F, 0xF0, 0x00,
    0x7F, 0xE0, 0x00, 0x3F, 0xF0, 0x00, 0x7F, 0xF0, 0x00, 0x7F, 0xE0, 0x00, 0x7F, 0xFC, 0x03, 0xFF,
    0xC0, 0x00, 0x3F, 0xFF, 0xFF, 0xFF, 0x80, 0x00, 0x3F, 0xFF, 0xFF, 0xFF, 0x80, 0x00, 0x1F, 0xFF,
    0xFF, 0xFE, 0x00, 0x00, 0x0F, 0xFF, 0xFF, 0xFC, 0x00, 0x00, 0x07, 0xFF, 0xFF, 0xF0, 0x00, 0x00,
    0x01, 0xFF, 0xFF, 0xC0, 0x00, 0x00, 0x00, 0x1F, 0xFC, 0x00, 0x00, 0x00, 0x00, 0x00, 0x00, 0x7C,
    0x00, 0x00, 0x00, 0x00, 0x07, 0xFE, 0x00, 0x00, 0x00, 0x00, 0x3F, 0xFF, 0x00, 0x00, 0x00, 0x03,
    0xFF, 0xFF, 0x80, 0x00, 0x00, 0x1F, 0xFF, 0xFF, 0xC0, 0x00, 0x00, 0xFF, 0xFF, 0xFF, 0xE0, 0x00,
    0x03, 0xFF, 0xFF, 0xFF, 0xE0, 0x00, 0x07, 0xFF, 0xFF, 0xFF, 0x80, 0x00, 0x0F, 0xFF, 0x0F, 0xFF,
    0x00, 0x00, 0x3F, 0xF0, 0x03, 0xFE, 0x00, 0x00, 0x7F, 0x00, 0x00, 0xFC, 0x00, 0x00, 0xE0, 0x00,
    0x00, 0x70, 0x03, 0xFF, 0xC0, 0x00, 0x00, 0xFF, 0xE7, 0xFF, 0xC0, 0x00, 0x03, 0xFF, 0xCF, 0xFF,
    0x00, 0x00, 0x07, 0xFF, 0x9F, 0xFE, 0x00, 0x00, 0x0F, 0xFF, 0x7F, 0xFC, 0x00, 0x00, 0x1F, 0xFE,
    0xFF, 0xF8, 0x00, 0x00, 0x7F, 0xFD, 0xFF, 0xF0, 0x00, 0x00, 0xFF, 0xF0, 0x3F, 0xC0, 0x00, 0x01,
    0xFE, 0x00, 0xFF, 0x80, 0x00, 0x03, 0xFC, 0x01, 0xFF, 0x00, 0x00, 0x07, 0xF8, 0x03, 0xFE, 0x00,
    0x00, 0x0F, 0xF0, 0x07, 0xFC, 0x00, 0x00, 0x3F, 0xE0, 0x0F, 0xF8, 0x00, 0x00, 0x7F, 0xC0, 0x1F,
    0xE0, 0x00, 0x00, 0xFF, 0x00, 0x7F, 0xC0, 0x00, 0x01, 0xFE, 0x00, 0xFF, 0x80, 0x00, 0x03, 0xFC,
    0x01, 0xFF, 0x00, 0x00, 0x0F, 0xF8, 0x03, 0xFE, 0x00, 0x00, 0x1F, 0xF0, 0x07, 0xFC, 0x00, 0x00,
    0x3F, 0xC0, 0x1F, 0xF0, 0x00, 0x00, 0x7F, 0x80, 0x3F, 0xE0, 0x00, 0x00, 0xFF, 0x00, 0x7F, 0xC0,
    0x00, 0x01, 0xFE, 0x00, 0xFF, 0x80, 0x00, 0x07, 0xFC, 0x01, 0xFF, 0x00, 0x00, 0x0F, 0xF8, 0x03,
    0xFC, 0x00, 0x00, 0x1F, 0xE0, 0x0F, 0xF8, 0x00, 0x00, 0x3F, 0xC0, 0x1F, 0xF0, 0x00, 0x00, 0x7F,
    0x80, 0x3F, 0xE0, 0x00, 0x00, 0xFF, 0x00, 0x7F, 0xC0, 0x00, 0x03, 0xFE, 0x00, 0xFF, 0x80, 0x00,
    0x07, 0xFC, 0x01, 0xFE, 0x00, 0x00, 0x0F, 0xF0, 0x07, 0xFC, 0x00, 0x00, 0x1F, 0xE0, 0x0F, 0xF8,
    0x00, 0x00, 0x3F, 0xC0, 0x1F, 0xF0, 0x00, 0x00, 0xFF, 0x80, 0x3F, 0xE0, 0x00, 0x01, 0xFF, 0x00,
    0x7F, 0xC0, 0x00, 0x03, 0xFC, 0x00, 0xFF, 0x80, 0x00, 0x0F, 0xF8, 0x01, 0xFF, 0x00, 0x00, 0x1F,
    0xF0, 0x03, 0xFE, 0x00, 0x00, 0x7F, 0xC0, 0x07, 0xFE, 0x00, 0x00, 0xFF, 0x80, 0x0F, 0xFC, 0x00,
    0x03, 0xFE, 0x00, 0x1F, 0xFC, 0x00, 0x1F, 0xFC, 0x00, 0x1F, 0xFE, 0x00, 0xFF, 0xF0, 0x00, 0x3F,
    0xFF, 0xFF, 0xFF, 0xC0, 0x00, 0x3F, 0xFF, 0xFF, 0xFF, 0x00, 0x00, 0x3F, 0xFF, 0xFF, 0xFC, 0x00,
    0x00, 0x3F, 0xFF, 0xFF, 0xF0, 0x00, 0x00, 0x3F, 0xFF, 0xFF, 0x80, 0x00, 0x00, 0x1F, 0xFF, 0xFC,
    0x00, 0x00, 0x00, 0x07, 0xFF, 0x80, 0x00, 0x00, 0x00, 0x00, 0x00, 0x78, 0x00, 0x78, 0x00, 0x00,
    0x01, 0xFE, 0x01, 0xFE, 0x00, 0x00, 0x03, 0xFE, 0x03, 0xFE, 0x00, 0x00, 0x03, 0xFF, 0x03, 0xFE,
    0x00, 0x00, 0x07, 0xFF, 0x07, 0xFF, 0x00, 0x00, 0x07, 0xFE, 0x07, 0xFE, 0x00, 0x00, 0x07, 0xFE,
    0x07, 0xFE, 0x00, 0x00, 0x03, 0xFC, 0x07, 0xFC, 0x00, 0x00, 0x03, 0xFC, 0x03, 0xF8, 0x00, 0x00,
    0x01, 0xF0, 0x01, 0xF0, 0x00, 0x00, 0x00, 0x00, 0x00, 0x00, 0x00, 0x1F, 0xFE, 0x00, 0x00, 0x0F,
    0xFF, 0x3F, 0xFE, 0x00, 0x00, 0x0F, 0xFF, 0x3F, 0xFE, 0x00, 0x00, 0x1F, 0xFF, 0x3F, 0xFE, 0x00,
    0x00, 0x1F, 0xFE, 0x3F, 0xFC, 0x00, 0x00, 0x1F, 0xFE, 0x3F, 0xFC, 0x00, 0x00, 0x1F, 0xFE, 0x3F,
    0xFC, 0x00, 0x00, 0x1F, 0xFC, 0x07, 0xFC, 0x00, 0x00, 0x3F, 0xE0, 0x07, 0xFC, 0x00, 0x00, 0x3F,
    0xE0, 0x07, 0xF8, 0x00, 0x00, 0x3F, 0xC0, 0x07, 0xF8, 0x00, 0x00, 0x3F, 0xC0, 0x0F, 0xF8, 0x00,
    0x00, 0x3F, 0xC0, 0x0F, 0xF8, 0x00, 0x00, 0x3F, 0xC0, 0x0F, 0xF8, 0x00, 0x00, 0x7F, 0xC0, 0x0F,
    0xF8, 0x00, 0x00, 0x7F, 0xC0, 0x0F, 0xF0, 0x00, 0x00, 0x7F, 0x80, 0x1F, 0xF0, 0x00, 0x00, 0x7F,
    0x80, 0x1F, 0xF0, 0x00, 0x00, 0x7F, 0x80, 0x1F, 0xF0, 0x00, 0x00, 0x7F, 0x80, 0x1F, 0xF0, 0x00,
    0x00, 0xFF, 0x80, 0x1F, 0xF0, 0x00, 0x00, 0xFF, 0x80, 0x1F, 0xE0, 0x00, 0x00, 0xFF, 0x00, 0x3F,
    0xE0, 0x00, 0x00, 0xFF, 0x00, 0x3F, 0xE0, 0x00, 0x00, 0xFF, 0x00, 0x3F, 0xE0, 0x00, 0x01, 0xFF,
    0x00, 0x3F, 0xE0, 0x00, 0x01, 0xFF, 0x00, 0x3F, 0xC0, 0x00, 0x01, 0xFE, 0x00, 0x7F, 0xC0, 0x00,
    0x01, 0xFE, 0x00, 0x7F, 0xC0, 0x00, 0x01, 0xFE, 0x00, 0x7F, 0xC0, 0x00, 0x01, 0xFE, 0x00, 0x7F,
    0xC0, 0x00, 0x03, 0xFE, 0x00, 0x7F, 0xC0, 0x00, 0x03, 0xFE, 0x00, 0x7F, 0x80, 0x00, 0x03, 0xFC,
    0x00, 0xFF, 0x80, 0x00, 0x03, 0xFC, 0x00, 0xFF, 0x80, 0x00, 0x03, 0xFC, 0x00, 0xFF, 0x80, 0x00,
    0x07, 0xFC, 0x00, 0xFF, 0x80, 0x00, 0x07, 0xF8, 0x00, 0xFF, 0x80, 0x00, 0x0F, 0xF8, 0x00, 0xFF,
    0xC0, 0x00, 0x0F, 0xF8, 0x00, 0xFF, 0xC0, 0x00, 0x1F, 0xF0, 0x00, 0x7F, 0xE0, 0x00, 0x3F, 0xF0,
    0x00, 0x7F, 0xF0, 0x00, 0x7F, 0xE0, 0x00, 0x7F, 0xFC, 0x03, 0xFF, 0xC0, 0x00, 0x3F, 0xFF, 0xFF,
    0xFF, 0x80, 0x00, 0x3F, 0xFF, 0xFF, 0xFF, 0x80, 0x00, 0x1F, 0xFF, 0xFF, 0xFE, 0x00, 0x00, 0x0F,
    0xFF, 0xFF, 0xFC, 0x00, 0x00, 0x07, 0xFF, 0xFF, 0xF0, 0x00, 0x00, 0x01, 0xFF, 0xFF, 0xC0, 0x00,
    0x00, 0x00, 0x1F, 0xFC, 0x00, 0x00, 0x00, 0x00, 0x00, 0x00, 0x00, 0x3C, 0x00, 0x00, 0x00, 0x01,
    0xFF, 0x00, 0x00, 0x00, 0x0F, 0xFF, 0xC0, 0x00, 0x00, 0x3F, 0xFF, 0xE0, 0x00, 0x01, 0xFF, 0xFF,
    0xF8, 0x00, 0x00, 0xFF, 0xFF, 0xFE, 0x00, 0x00, 0x3F, 0xFF, 0xFF, 0x80, 0x00, 0x1F, 0xFF, 0xFF,
    0xE0, 0x00, 0x07, 0xFF, 0xFF, 0xE0, 0x00, 0x01, 0xFF, 0xFE, 0x00, 0x00, 0x00, 0x7F, 0xE0, 0x00,
    0x00, 0x00, 0x1F, 0x00, 0x00, 0x00, 0x7F, 0xC0, 0x00, 0x00, 0x7F, 0x9F, 0xF8, 0x00, 0x00, 0x3F,
    0xFF, 0xFE, 0x00, 0x00, 0x1F, 0xFB, 0xFF, 0xC0, 0x00, 0x0F, 0xFE, 0xFF, 0xF0, 0x00, 0x03, 0xFF,
    0xBF, 0xFE, 0x00, 0x01, 0xFF, 0xEF, 0xFF, 0x80, 0x00, 0xFF, 0xF0, 0x3F, 0xE0, 0x00, 0x7F, 0xC0,
    0x0F, 0xFC, 0x00, 0x1F, 0xE0, 0x01, 0xFF, 0x00, 0x0F, 0xF8, 0x00, 0x7F, 0xE0, 0x07, 0xFC, 0x00,
    0x1F, 0xF8, 0x03, 0xFE, 0x00, 0x03, 0xFF, 0x00, 0xFF, 0x00, 0x00, 0xFF, 0xC0, 0x7F, 0xC0, 0x00,
    0x1F, 0xF8, 0x3F, 0xE0, 0x00, 0x07, 0xFE, 0x1F, 0xF0, 0x00, 0x00, 0xFF, 0x87, 0xF8, 0x00, 0x00,
    0x3F, 0xF3, 0xFE, 0x00, 0x00, 0x07, 0xFD, 0xFF, 0x00, 0x00, 0x01, 0xFF, 0xFF, 0x80, 0x00, 0x00,
    0x7F, 0xFF, 0xC0, 0x00, 0x00, 0x0F, 0xFF, 0xF0, 0x00, 0x00, 0x03, 0xFF, 0xF8, 0x00, 0x00, 0x00,
    0x7F, 0xFC, 0x00, 0x00, 0x00, 0x1F, 0xFE, 0x00, 0x00, 0x00, 0x03, 0xFF, 0x80, 0x00, 0x00, 0x00,
    0xFF, 0xC0, 0x00, 0x00, 0x00, 0x1F, 0xE0, 0x00, 0x00, 0x00, 0x0F, 0xF8, 0x00, 0x00, 0x00, 0x03,
    0xFE, 0x00, 0x00, 0x00, 0x00, 0xFF, 0x80, 0x00, 0x00, 0x00, 0x3F, 0xE0, 0x00, 0x00, 0x00, 0x0F,
    0xF0, 0x00, 0x00, 0x00, 0x03, 0xFC, 0x00, 0x00, 0x00, 0x01, 0xFF, 0x00, 0x00, 0x00, 0x00, 0x7F,
    0xC0, 0x00, 0x00, 0x00, 0x1F, 0xF0, 0x00, 0x00, 0x00, 0x07, 0xFC, 0x00, 0x00, 0x00, 0x01, 0xFE,
    0x00, 0x00, 0x00, 0x00, 0x7F, 0x80, 0x00, 0x00, 0x00, 0x3F, 0xE0, 0x00, 0x00, 0x00, 0x0F, 0xF8,
    0x00, 0x00, 0x00, 0x3F, 0xFF, 0xC0, 0x00, 0x00, 0x0F, 0xFF, 0xF0, 0x00, 0x00, 0x03, 0xFF, 0xFC,
    0x00, 0x00, 0x00, 0xFF, 0xFF, 0x00, 0x00, 0x00, 0x7F, 0xFF, 0xC0, 0x00, 0x00, 0x1F, 0xFF, 0xF0,
    0x00, 0x00, 0x03, 0xFF, 0xF8, 0x00, 0x00, 0x00, 0x00, 0x7F, 0xFF, 0x00, 0x00, 0x00, 0x7F, 0xFF,
    0xC0, 0x00, 0x00, 0x3F, 0xFF, 0xE0, 0x00, 0x00, 0x1F, 0xFF, 0xE0, 0x00, 0x00, 0x0F, 0xFF, 0xF0,
    0x00, 0x00, 0x07, 0xFF, 0xF8, 0x00, 0x00, 0x03, 0xFF, 0xFC, 0x00, 0x00, 0x00, 0x3F, 0xE0, 0x00,
    0x00, 0x00, 0x1F, 0xF0, 0x00, 0x00, 0x00, 0x0F, 0xFF, 0xFF, 0x00, 0x00, 0x07, 0xFF, 0xFF, 0xF0,
    0x00, 0x03, 0xFF, 0xFF, 0xFE, 0x00, 0x03, 0xFF, 0xFF, 0xFF, 0xC0, 0x01, 0xFF, 0xFF, 0xFF, 0xE0,
    0x00, 0xFF, 0xFF, 0xFF, 0xF8, 0x00, 0x7F, 0xFF, 0xFF, 0xFE, 0x00, 0x3F, 0xC0, 0x0F, 0xFF, 0x00,
    0x3F, 0xE0, 0x01, 0xFF, 0x80, 0x1F, 0xF0, 0x00, 0x7F, 0xE0, 0x0F, 0xF8, 0x00, 0x3F, 0xF0, 0x07,
    0xF8, 0x00, 0x0F, 0xF8, 0x03, 0xFC, 0x00, 0x07, 0xFC, 0x01, 0xFE, 0x00, 0x03, 0xFE, 0x01, 0xFF,
    0x00, 0x01, 0xFE, 0x00, 0xFF, 0x80, 0x01, 0xFF, 0x00, 0x7F, 0x80, 0x00, 0xFF, 0x80, 0x3F, 0xC0,
    0x00, 0x7F, 0xC0, 0x1F, 0xE0, 0x00, 0x7F, 0xC0, 0x0F, 0xF0, 0x00, 0x3F, 0xE0, 0x0F, 0xF8, 0x00,
    0x7F, 0xE0, 0x07, 0xFC, 0x00, 0xFF, 0xF0, 0x03, 0xFF, 0xFF, 0xFF, 0xF0, 0x01, 0xFF, 0xFF, 0xFF,
    0xF0, 0x00, 0xFF, 0xFF, 0xFF, 0xF0, 0x00, 0x7F, 0xFF, 0xFF, 0xF0, 0x00, 0x7F, 0xFF, 0xFF, 0xE0,
    0x00, 0x3F, 0xFF, 0xFF, 0xC0, 0x00, 0x1F, 0xFF, 0xFF, 0x00, 0x00, 0x0F, 0xF0, 0x00, 0x00, 0x00,
    0x07, 0xF8, 0x00, 0x00, 0x00, 0x07, 0xFC, 0x00, 0x00, 0x00, 0x03, 0xFE, 0x00, 0x00, 0x00, 0x0F,
    0xFF, 0xF0, 0x00, 0x00, 0x0F, 0xFF, 0xF8, 0x00, 0x00, 0x07, 0xFF, 0xFC, 0x00, 0x00, 0x03, 0xFF,
    0xFC, 0x00, 0x00, 0x03, 0xFF, 0xFE, 0x00, 0x00, 0x01, 0xFF, 0xFF, 0x00, 0x00, 0x00, 0x7F, 0xFF,
    0x80, 0x00, 0x00, 0x00, 0x00, 0x00, 0x0F, 0xF8, 0x00, 0x00, 0x03, 0xFF, 0xF8, 0x00, 0x00, 0x7F,
    0xFF, 0xE0, 0x00, 0x0F, 0xFF, 0xFF, 0x80, 0x00, 0xFF, 0xFF, 0xFE, 0x00, 0x0F, 0xFF, 0xFF, 0xF8,
    0x00, 0xFF, 0xFF, 0xFF, 0xC0, 0x07, 0xFE, 0x07, 0xFE, 0x00, 0x7F, 0xE0, 0x1F, 0xF8, 0x03, 0xFE,
    0x00, 0x7F, 0xC0, 0x3F, 0xE0, 0x03, 0xFE, 0x01, 0xFE, 0x00, 0x1F, 0xF0, 0x1F, 0xF0, 0x00, 0xFF,
    0x00, 0xFF, 0x00, 0x07, 0xF8, 0x07, 0xF8, 0x00, 0x3F, 0xC0, 0x3F, 0xC0, 0x03, 0xFE, 0x03, 0xFE,
    0x00, 0x1F, 0xE0, 0x1F, 0xF0, 0x01, 0xFF, 0x00, 0xFF, 0x00, 0x1F, 0xF0, 0x07, 0xF8, 0x03, 0xFF,
    0x00, 0x3F, 0xC3, 0xFF, 0xF8, 0x01, 0xFE, 0x3F, 0xFF, 0x80, 0x1F, 0xF1, 0xFF, 0xF0, 0x00, 0xFF,
    0x0F, 0xFF, 0xE0, 0x07, 0xF8, 0x7F, 0xFF, 0x80, 0x3F, 0xC3, 0xFF, 0xFE, 0x01, 0xFE, 0x3F, 0xFF,
    0xF8, 0x1F, 0xF0, 0x03, 0xFF, 0xC0, 0xFF, 0x80, 0x07, 0xFF, 0x07, 0xF8, 0x00, 0x1F, 0xF8, 0x3F,
    0xC0, 0x00, 0x7F, 0xC1, 0xFE, 0x00, 0x03, 0xFE, 0x0F, 0xF0, 0x00, 0x1F, 0xF0, 0xFF, 0x80, 0x00,
    0xFF, 0x87, 0xF8, 0x00, 0x07, 0xFC, 0x3F, 0xC0, 0x00, 0x3F, 0xE1, 0xFE, 0x00, 0x01, 0xFF, 0x0F,
    0xF0, 0x00, 0x0F, 0xF8, 0xFF, 0x80, 0x00, 0x7F, 0xC7, 0xFC, 0x00, 0x03, 0xFC, 0x3F, 0xC0, 0x00,
    0x3F, 0xE1, 0xFE, 0x00, 0x01, 0xFF, 0x0F, 0xF0, 0x00, 0x1F, 0xF0, 0x7F, 0x80, 0x00, 0xFF, 0x87,
    0xFC, 0x00, 0x0F, 0xF8, 0x3F, 0xE0, 0x01, 0xFF, 0xC1, 0xFE, 0x30, 0x3F, 0xFC, 0x0F, 0xF3, 0xFF,
    0xFF, 0xC0, 0x7F, 0xBF, 0xFF, 0xFC, 0x03, 0xFD, 0xFF, 0xFF, 0xC0, 0x3F, 0xEF, 0xFF, 0xFC, 0x01,
    0xFE, 0x7F, 0xFF, 0x80, 0x0F, 0xF3, 0xFF, 0xF0, 0x00, 0x00, 0x07, 0xFC, 0x00, 0x00, 0x00, 0x0F,
    0xF0, 0x00, 0x00, 0x07, 0xF8, 0x00, 0x00, 0x03, 0xFE, 0x00, 0x00, 0x00, 0xFF, 0x80, 0x00, 0x00,
    0x7F, 0xC0, 0x00, 0x00, 0x1F, 0xF0, 0x00, 0x00, 0x07, 0xF8, 0x00, 0x00, 0x03, 0xFE, 0x00, 0x00,
    0x00, 0xFF, 0x00, 0x00, 0x00, 0x7F, 0xC0, 0x00, 0x00, 0x1F, 0xF0, 0x00, 0x00, 0x07, 0xF8, 0x00,
    0x00, 0x03, 0xFC, 0x00, 0x00, 0x1F, 0xFE, 0x00, 0x00, 0x7F, 0xFF, 0x00, 0x01, 0xFF, 0xFF, 0xE0,
    0x01, 0xFF, 0xFF, 0xF8, 0x00, 0xFF, 0xFF, 0xFE, 0x00, 0x7F, 0xFF, 0xFF, 0x00, 0x1F, 0xFF, 0xFF,
    0x80, 0x0F, 0x80, 0xFF, 0xE0, 0x06, 0x00, 0x1F, 0xF0, 0x00, 0x00, 0x0F, 0xF8, 0x00, 0x3F, 0xC7,
    0xFC, 0x00, 0xFF, 0xFF, 0xFE, 0x01, 0xFF, 0xFF, 0xFF, 0x01, 0xFF, 0xFF, 0xFF, 0x81, 0xFF, 0xFF,
    0xFF, 0x81, 0xFF, 0xFF, 0xFF, 0xC1, 0xFF, 0xFF, 0xFF, 0xE0, 0xFF, 0xC0, 0xFF, 0xF0, 0xFF, 0x80,
    0x3F, 0xF8, 0x7F, 0xC0, 0x0F, 0xF8, 0x7F, 0xC0, 0x03, 0xFC, 0x3F, 0xE0, 0x01, 0xFE, 0x1F, 0xE0,
    0x00, 0xFF, 0x0F, 0xF0, 0x00, 0xFF, 0x87, 0xF8, 0x00, 0x7F, 0xC3, 0xFC, 0x00, 0x7F, 0xC1, 0xFF,
    0x00, 0x7F, 0xE6, 0xFF, 0xC0, 0xFF, 0xFF, 0x7F, 0xFF, 0xFF, 0xFF, 0xFF, 0xFF, 0xFF, 0xFF, 0xEF,
    0xFF, 0xFF, 0xFF, 0xF3, 0xFF, 0xFF, 0xFF, 0xF0, 0xFF, 0xFF, 0x3F, 0xE0, 0x3F, 0xFE, 0x0F, 0xC0,
    0x03, 0xFC, 0x00, 0x00, 0x00, 0x00, 0x00, 0x3F, 0x80, 0x00, 0x00, 0x3F, 0xC0, 0x00, 0x00, 0x3F,
    0xE0, 0x00, 0x00, 0x3F, 0xE0, 0x00, 0x00, 0x3F, 0xE0, 0x00, 0x00, 0x3F, 0xE0, 0x00, 0x00, 0x3F,
    0xE0, 0x00, 0x00, 0x3F, 0xE0, 0x00, 0x00, 0x3F, 0xE0, 0x00, 0x00, 0x3F, 0xE0, 0x00, 0x00, 0x3F,
    0xE0, 0x00, 0x00, 0x3F, 0xE0, 0x00, 0x00, 0x3F, 0xE0, 0x00, 0x00, 0x1F, 0xE0, 0x00, 0x00, 0x0F,
    0xFC, 0x00, 0x00, 0x7F, 0xFF, 0xC0, 0x00, 0xFF, 0xFF, 0xF0, 0x00, 0xFF, 0xFF, 0xFC, 0x00, 0x7F,
    0xFF, 0xFF, 0x00, 0x3F, 0xFF, 0xFF, 0x80, 0x0F, 0xFF, 0xFF, 0xE0, 0x07, 0xC0, 0x7F, 0xF0, 0x03,
    0x00, 0x0F, 0xF8, 0x00, 0x00, 0x07, 0xFC, 0x00, 0x1F, 0xE3, 0xFE, 0x00, 0x7F, 0xFF, 0xFF, 0x00,
    0xFF, 0xFF, 0xFF, 0x80, 0xFF, 0xFF, 0xFF, 0xC0, 0xFF, 0xFF, 0xFF, 0xC0, 0xFF, 0xFF, 0xFF, 0xE0,
    0xFF, 0xFF, 0xFF, 0xF0, 0x7F, 0xE0, 0x7F, 0xF8, 0x7F, 0xC0, 0x1F, 0xFC, 0x3F, 0xE0, 0x07, 0xFC,
    0x3F, 0xE0, 0x01, 0xFE, 0x1F, 0xF0, 0x00, 0xFF, 0x0F, 0xF0, 0x00, 0x7F, 0x87, 0xF8, 0x00, 0x7F,
    0xC3, 0xFC, 0x00, 0x3F, 0xE1, 0xFE, 0x00, 0x3F, 0xE0, 0xFF, 0x80, 0x3F, 0xF3, 0x7F, 0xE0, 0x7F,
    0xFF, 0xBF, 0xFF, 0xFF, 0xFF, 0xFF, 0xFF, 0xFF, 0xFF, 0xF7, 0xFF, 0xFF, 0xFF, 0xF9, 0xFF, 0xFF,
    0xFF, 0xF8, 0x7F, 0xFF, 0x9F, 0xF0, 0x1F, 0xFF, 0x07, 0xE0, 0x01, 0xFE, 0x00, 0x00, 0x00, 0x00,
    0x00, 0x3F, 0xE0, 0x00, 0x00, 0x1F, 0xF0, 0x00, 0x00, 0x1F, 0xFC, 0x00, 0x00, 0x1F, 0xFE, 0x00,
    0x00, 0x1F, 0xFF, 0x80, 0x00, 0x0F, 0xFF, 0xC0, 0x00, 0x0F, 0xFF, 0xE0, 0x00, 0x0F, 0xFF, 0xF8,
    0x00, 0x0F, 0xFB, 0xFC, 0x00, 0x07, 0xF9, 0xFF, 0x00, 0x07, 0xF8, 0x7F, 0x80, 0x07, 0xF8, 0x3F,
    0xC0, 0x07, 0xF8, 0x1F, 0xF0, 0x03, 0xFC, 0x07, 0xF8, 0x01, 0xFF, 0xFB, 0xF8, 0x00, 0xFF, 0xFF,
    0xC0, 0x00, 0xFF, 0xFF, 0xF0, 0x00, 0xFF, 0xFF, 0xFC, 0x00, 0x7F, 0xFF, 0xFF, 0x00, 0x1F, 0xFF,
    0xFF, 0x80, 0x0F, 0xFF, 0xFF, 0xE0, 0x07, 0x80, 0x3F, 0xF0, 0x00, 0x00, 0x0F, 0xF8, 0x00, 0x00,
    0x07, 0xFC, 0x00, 0x1F, 0xE1, 0xFE, 0x00, 0x7F, 0xFF, 0xFF, 0x00, 0xFF, 0xFF, 0xFF, 0x80, 0xFF,
    0xFF, 0xFF, 0x80, 0xFF, 0xFF, 0xFF, 0xC0, 0xFF, 0xFF, 0xFF, 0xE0, 0xFF, 0xFF, 0xFF, 0xF0, 0x7F,
    0xE0, 0x7F, 0xF8, 0x7F, 0xC0, 0x1F, 0xFC, 0x3F, 0xE0, 0x07, 0xFC, 0x3F, 0xE0, 0x01, 0xFE, 0x1F,
    0xF0, 0x00, 0xFF, 0x0F, 0xF0, 0x00, 0x7F, 0x87, 0xF8, 0x00, 0x7F, 0xC3, 0xFC, 0x00, 0x3F, 0xC1,
    0xFE, 0x00, 0x3F, 0xE0, 0xFF, 0x80, 0x3F, 0xF7, 0x7F, 0xE0, 0x7F, 0xFF, 0xFF, 0xFF, 0xFF, 0xFF,
    0xFF, 0xFF, 0xFF, 0xFF, 0xF7, 0xFF, 0xFF, 0xFF, 0xF9, 0xFF, 0xFF, 0xFF, 0xF8, 0x7F, 0xFF, 0x9F,
    0xF0, 0x1F, 0xFF, 0x07, 0xE0, 0x01, 0xFE, 0x00, 0x00, 0x00, 0x00, 0x00, 0x00, 0x1F, 0x80, 0x00,
    0x00, 0x07, 0xF0, 0x00, 0x3F, 0xC3, 0xF8, 0x00, 0x3F, 0xFF, 0xFE, 0x00, 0x1F, 0xFF, 0xFF, 0x00,
    0x0F, 0xFF, 0xFF, 0xC0, 0x03, 0xFF, 0xFF, 0xE0, 0x01, 0xFF, 0xFF, 0xF0, 0x00, 0xFF, 0xFF, 0xF8,
    0x00, 0x3F, 0x83, 0xF8, 0x00, 0x0F, 0xFF, 0xF0, 0x00, 0x01, 0xFF, 0xFF, 0x80, 0x00, 0xFF, 0xFF,
    0xF0, 0x00, 0x7F, 0xFF, 0xFE, 0x00, 0x1F, 0xFF, 0xFF, 0xC0, 0x07, 0xFF, 0xFF, 0xF0, 0x00, 0xFF,
    0xFF, 0xFE, 0x00, 0x3E, 0x03, 0xFF, 0x80, 0x0C, 0x00, 0x3F, 0xE0, 0x00, 0x00, 0x0F, 0xF8, 0x00,
    0x1F, 0xE3, 0xFE, 0x00, 0x3F, 0xFF, 0xFF, 0x80, 0x3F, 0xFF, 0xFF, 0xE0, 0x1F, 0xFF, 0xFF, 0xF8,
    0x0F, 0xFF, 0xFF, 0xFC, 0x07, 0xFF, 0xFF, 0xFF, 0x03, 0xFF, 0xFF, 0xFF, 0xC0, 0xFF, 0xC0, 0xFF,
    0xF0, 0x7F, 0xC0, 0x1F, 0xFC, 0x1F, 0xF0, 0x03, 0xFE, 0x0F, 0xF8, 0x00, 0x7F, 0x83, 0xFE, 0x00,
    0x1F, 0xE0, 0xFF, 0x00, 0x07, 0xF8, 0x3F, 0xC0, 0x03, 0xFE, 0x0F, 0xF0, 0x00, 0xFF, 0x83, 0xFC,
    0x00, 0x7F, 0xC0, 0xFF, 0x80, 0x3F, 0xF3, 0x3F, 0xF0, 0x3F, 0xFF, 0xCF, 0xFF, 0xFF, 0xFF, 0xFB,
    0xFF, 0xFF, 0xFF, 0xFE, 0x7F, 0xFF, 0xFF, 0xFF, 0x8F, 0xFF, 0xFF, 0xFF, 0xC1, 0xFF, 0xFE, 0x7F,
    0xC0, 0x3F, 0xFE, 0x0F, 0xC0, 0x01, 0xFE, 0x00, 0x00, 0x00, 0x00, 0x02, 0x00, 0x20, 0x00, 0x0F,
    0xE0, 0x7E, 0x00, 0x0F, 0xF8, 0x7F, 0x80, 0x07, 0xFC, 0x7F, 0xC0, 0x07, 0xFE, 0x3F, 0xE0, 0x03,
    0xFF, 0x3F, 0xF0, 0x01, 0xFF, 0x9F, 0xF8, 0x00, 0xFF, 0x87, 0xF8, 0x00, 0x3F, 0xFF, 0xF8, 0x00,
    0x3F, 0xFF, 0xF0, 0x00, 0x3F, 0xFF, 0xFC, 0x00, 0x3F, 0xFF, 0xFF, 0x00, 0x1F, 0xFF, 0xFF, 0xC0,
    0x07, 0xFF, 0xFF, 0xE0, 0x03, 0xFF, 0xFF, 0xF8, 0x01, 0xE0, 0x0F, 0xFC, 0x00, 0x00, 0x03, 0xFE,
    0x00, 0x00, 0x01, 0xFF, 0x00, 0x07, 0xF8, 0x7F, 0x80, 0x1F, 0xFF, 0xFF, 0xC0, 0x3F, 0xFF, 0xFF,
    0xE0, 0x3F, 0xFF, 0xFF, 0xE0, 0x3F, 0xFF, 0xFF, 0xF0, 0x3F, 0xFF, 0xFF, 0xF8, 0x3F, 0xFF, 0xFF,
    0xFC, 0x1F, 0xF8, 0x1F, 0xFE, 0x1F, 0xF0, 0x07, 0xFF, 0x0F, 0xF8, 0x01, 0xFF, 0x0F, 0xF8, 0x00,
    0x7F, 0x87, 0xFC, 0x00, 0x3F, 0xC3, 0xFC, 0x00, 0x1F, 0xE1, 0xFE, 0x00, 0x1F, 0xF0, 0xFF, 0x00,
    0x0F, 0xF0, 0x7F, 0x80, 0x0F, 0xF8, 0x3F, 0xE0, 0x0F, 0xFD, 0xDF, 0xF8, 0x1F, 0xFF, 0xFF, 0xFF,
    0xFF, 0xFF, 0xFF, 0xFF, 0xFF, 0xFF, 0xFD, 0xFF, 0xFF, 0xFF, 0xFE, 0x7F, 0xFF, 0xFF, 0xFE, 0x1F,
    0xFF, 0xE7, 0xFC, 0x07, 0xFF, 0xC1, 0xF8, 0x00, 0x7F, 0x80, 0x00, 0x00, 0x00, 0x00, 0x1F, 0x80,
    0x00, 0x00, 0x3F, 0xF0, 0x00, 0x00, 0x3F, 0xFC, 0x00, 0x00, 0x3F, 0xFE, 0x00, 0x00, 0x3F, 0xFF,
    0x80, 0x00, 0x1F, 0xFF, 0xC0, 0x00, 0x1F, 0xCF, 0xE0, 0x00, 0x0F, 0xC3, 0xF0, 0x00, 0x07, 0xE1,
    0xF8, 0x00, 0x03, 0xF1, 0xF8, 0x00, 0x01, 0xFD, 0xFC, 0x00, 0x00, 0xFF, 0xFC, 0x00, 0x00, 0x7F,
    0xFE, 0x00, 0x00, 0x1F, 0xFE, 0x00, 0x00, 0x07, 0xFC, 0x00, 0x00, 0x1F, 0xFF, 0x00, 0x00, 0x7F,
    0xFF, 0xE0, 0x00, 0x7F, 0xFF, 0xF8, 0x00, 0x7F, 0xFF, 0xFE, 0x00, 0x3F, 0xFF, 0xFF, 0x80, 0x0F,
    0xFF, 0xFF, 0xC0, 0x07, 0xFF, 0xFF, 0xF0, 0x03, 0xC0, 0x1F, 0xF8, 0x00, 0x00, 0x07, 0xFC, 0x00,
    0x00, 0x03, 0xFE, 0x00, 0x0F, 0xF0, 0xFF, 0x00, 0x3F, 0xFF, 0xFF, 0x80, 0x7F, 0xFF, 0xFF, 0xC0,
    0x7F, 0xFF, 0xFF, 0xC0, 0x7F, 0xFF, 0xFF, 0xE0, 0x7F, 0xFF, 0xFF, 0xF0, 0x7F, 0xFF, 0xFF, 0xF8,
    0x3F, 0xF0, 0x3F, 0xFC, 0x3F, 0xE0, 0x0F, 0xFE, 0x1F, 0xF0, 0x03, 0xFE, 0x1F, 0xF0, 0x00, 0xFF,
    0x0F, 0xF8, 0x00, 0x7F, 0x87, 0xF8, 0x00, 0x3F, 0xC3, 0xFC, 0x00, 0x3F, 0xE1, 0xFE, 0x00, 0x1F,
    0xE0, 0xFF, 0x00, 0x1F, 0xF0, 0x7F, 0xC0, 0x1F, 0xFB, 0xBF, 0xF0, 0x3F, 0xFF, 0xFF, 0xFF, 0xFF,
    0xFF, 0xFF, 0xFF, 0xFF, 0xFF, 0xFB, 0xFF, 0xFF, 0xFF, 0xFC, 0xFF, 0xFF, 0xFF, 0xFC, 0x3F, 0xFF,
    0xCF, 0xF8, 0x0F, 0xFF, 0x83, 0xF0, 0x00, 0xFF, 0x00, 0x00, 0x00, 0x00, 0x03, 0xFF, 0x00, 0x0F,
    0xF8, 0x00, 0x01, 0xFF, 0xFE, 0x07, 0xFF, 0xE0, 0x00, 0xFF, 0xFF, 0xF1, 0xFF, 0xFF, 0x80, 0x1F,
    0xFF, 0xFF, 0xBF, 0xFF, 0xFC, 0x01, 0xFF, 0xFF, 0xFF, 0xFF, 0xFF, 0xE0, 0x1F, 0xFF, 0xFF, 0xFF,
    0xFF, 0xFE, 0x00, 0xFF, 0xFF, 0xFF, 0xFF, 0xFF, 0xF0, 0x0F, 0x80, 0xFF, 0xFF, 0x07, 0xFF, 0x00,
    0xC0, 0x03, 0xFF, 0xC0, 0x1F, 0xF0, 0x00, 0x00, 0x3F, 0xF8, 0x01, 0xFF, 0x00, 0x1F, 0xE1, 0xFF,
    0x00, 0x0F, 0xF0, 0x0F, 0xFF, 0xDF, 0xF0, 0x00, 0xFF, 0x03, 0xFF, 0xFF, 0xFE, 0x00, 0x0F, 0xF0,
    0x7F, 0xFF, 0xFF, 0xE0, 0x00, 0xFF, 0x0F, 0xFF, 0xFF, 0xFF, 0xFF, 0xFF, 0xF1, 0xFF, 0xFF, 0xFF,
    0xFF, 0xFF, 0xFF, 0x3F, 0xFF, 0xFF, 0xFF, 0xFF, 0xFF, 0xF3, 0xFF, 0x03, 0xFF, 0xFF, 0xFF, 0xFF,
    0x7F, 0xC0, 0x1F, 0xFF, 0xFF, 0xFF, 0xF7, 0xFC, 0x00, 0xFF, 0xFF, 0xFF, 0xFE, 0xFF, 0x80, 0x07,
    0xFF, 0xFF, 0xFF, 0xEF, 0xF8, 0x00, 0x7F, 0xC0, 0x00, 0x00, 0xFF, 0x00, 0x07, 0xFC, 0x00, 0x00,
    0x0F, 0xF0, 0x00, 0xFF, 0xC0, 0x00, 0x00, 0xFF, 0x00, 0x0F, 0xFC, 0x00, 0x00, 0x0F, 0xF0, 0x01,
    0xFF, 0xE0, 0x00, 0x00, 0xFF, 0x80, 0x3F, 0xFF, 0x00, 0x0F, 0x0F, 0xFC, 0x0F, 0xFF, 0xF8, 0x07,
    0xF0, 0xFF, 0xFF, 0xFF, 0xFF, 0xFF, 0xFF, 0x0F, 0xFF, 0xFF, 0xFF, 0xFF, 0xFF, 0xE0, 0x7F, 0xFF,
    0xFE, 0xFF, 0xFF, 0xFE, 0x07, 0xFF, 0xFF, 0xCF, 0xFF, 0xFF, 0xE0, 0x3F, 0xFF, 0xF0, 0x3F, 0xFF,
    0xFC, 0x00, 0xFF, 0xFC, 0x01, 0xFF, 0xFF, 0x00, 0x01, 0xFF, 0x00, 0x03, 0xFF, 0x80, 0x00, 0x00,
    0x00, 0xFF, 0x80, 0x00, 0x3F, 0xFF, 0xC0, 0x03, 0xFF, 0xFF, 0xC0, 0x1F, 0xFF, 0xFF, 0x01, 0xFF,
    0xFF, 0xFC, 0x0F, 0xFF, 0xFF, 0xE0, 0x7F, 0xFF, 0xFF, 0x83, 0xFF, 0xC0, 0x7C, 0x0F, 0xFC, 0x00,
    0x20, 0x7F, 0xC0, 0x00, 0x03, 0xFF, 0x00, 0x00, 0x0F, 0xF8, 0x00, 0x00, 0x7F, 0xC0, 0x00, 0x01,
    0xFF, 0x00, 0x00, 0x07, 0xF8, 0x00, 0x00, 0x3F, 0xE0, 0x00, 0x00, 0xFF, 0x80, 0x00, 0x03, 0xFE,
    0x00, 0x00, 0x0F, 0xF0, 0x00, 0x00, 0x3F, 0xC0, 0x00, 0x00, 0xFF, 0x00, 0x00, 0x03, 0xFE, 0x00,
    0x00, 0x0F, 0xF8, 0x00, 0x00, 0x3F, 0xE0, 0x00, 0x00, 0xFF, 0xC0, 0x00, 0x03, 0xFF, 0x00, 0x07,
    0x07, 0xFF, 0x00, 0x7C, 0x1F, 0xFF, 0xFF, 0xF0, 0x3F, 0xFF, 0xFF, 0xC0, 0xFF, 0xFF, 0xFF, 0x01,
    0xFF, 0xFF, 0xFC, 0x03, 0xFF, 0xFF, 0xE0, 0x07, 0xFF, 0xFF, 0x00, 0x07, 0xFF, 0xE0, 0x00, 0x0F,
    0xF8, 0x00, 0x00, 0x7F, 0xF0, 0x00, 0x03, 0xFF, 0xE0, 0x00, 0x1F, 0xFF, 0xC0, 0x00, 0x7F, 0xFF,
    0x00, 0x01, 0xFF, 0xFC, 0x00, 0x1B, 0x8F, 0xF0, 0x00, 0xFE, 0xFF, 0xC0, 0x03, 0xFF, 0xFF, 0x00,
    0x0F, 0xFF, 0xF8, 0x00, 0x7F, 0xFF, 0xC0, 0x01, 0xFF, 0xFE, 0x00, 0x03, 0xFF, 0xF0, 0x00, 0x01,
    0xFF, 0x00, 0x00, 0x00, 0x1F, 0xE0, 0x00, 0x00, 0x3F, 0xC0, 0x00, 0x00, 0x7F, 0xC0, 0x00, 0x00,
    0x7F, 0xC0, 0x00, 0x00, 0xFF, 0x80, 0x00, 0x00, 0xFF, 0x80, 0x00, 0x00, 0xFF, 0x00, 0x00, 0x01,
    0xFF, 0x00, 0x00, 0x01, 0xFE, 0x00, 0x00, 0x03, 0xFE, 0x00, 0x00, 0x03, 0xFE, 0x00, 0x00, 0x03,
    0xFC, 0x00, 0x00, 0x07, 0xFC, 0x00, 0x00, 0x07, 0xF8, 0x00, 0x00, 0x7F, 0xE0, 0x00, 0x07, 0xFF,
    0xE0, 0x00, 0x3F, 0xFF, 0xE0, 0x01, 0xFF, 0xFF, 0xE0, 0x07, 0xFF, 0xFF, 0xE0, 0x1F, 0xFF, 0xFF,
    0xE0, 0x7F, 0xFF, 0xFF, 0xC1, 0xFF, 0xC1, 0xFF, 0xC3, 0xFE, 0x01, 0xFF, 0x8F, 0xF8, 0x01, 0xFF,
    0x3F, 0xE0, 0x03, 0xFE, 0x7F, 0xC0, 0x03, 0xFD, 0xFF, 0x00, 0x07, 0xFB, 0xFE, 0x00, 0x0F, 0xF7,
    0xFF, 0xFF, 0xFF, 0xEF, 0xFF, 0xFF, 0xFF, 0xFF, 0xFF, 0xFF, 0xFF, 0xFF, 0xFF, 0xFF, 0xFF, 0xFF,
    0xFF, 0xFF, 0xFD, 0xFF, 0xFF, 0xFF, 0xFB, 0xFF, 0xFF, 0xFF, 0xF7, 0xF8, 0x00, 0x00, 0x0F, 0xF8,
    0x00, 0x00, 0x1F, 0xF0, 0x00, 0x00, 0x3F, 0xE0, 0x00, 0x00, 0x7F, 0xE0, 0x00, 0x00, 0xFF, 0xE0,
    0x01, 0xE0, 0xFF, 0xE0, 0x1F, 0xC1, 0xFF, 0xFF, 0xFF, 0x01, 0xFF, 0xFF, 0xFE, 0x01, 0xFF, 0xFF,
    0xFC, 0x03, 0xFF, 0xFF, 0xF8, 0x01, 0xFF, 0xFF, 0xE0, 0x01, 0xFF, 0xFF, 0x00, 0x00, 0x7F, 0xE0,
    0x00, 0x00, 0x00, 0x00, 0xFE, 0x00, 0x00, 0x03, 0xFC, 0x00, 0x00, 0x0F, 0xF8, 0x00, 0x00, 0x3F,
    0xE0, 0x00, 0x00, 0xFF, 0x80, 0x00, 0x03, 0xFE, 0x00, 0x00, 0x0F, 0xF8, 0x00, 0x00, 0x3F, 0xE0,
    0x00, 0x00, 0xFF, 0x80, 0x00, 0x03, 0xFE, 0x00, 0x00, 0x0F, 0xF8, 0x00, 0x00, 0x1F, 0xE0, 0x00,
    0x00, 0x7F, 0x80, 0x00, 0x01, 0xFE, 0x00, 0x00, 0x01, 0xFF, 0x80, 0x00, 0x07, 0xFF, 0xE0, 0x00,
    0x3F, 0xFF, 0xE0, 0x01, 0xFF, 0xFF, 0xE0, 0x07, 0xFF, 0xFF, 0xE0, 0x1F, 0xFF, 0xFF, 0xE0, 0x7F,
    0xFF, 0xFF, 0xC1, 0xFF, 0xC1, 0xFF, 0xC3, 0xFE, 0x01, 0xFF, 0x8F, 0xF8, 0x01, 0xFF, 0x3F, 0xE0,
    0x03, 0xFE, 0x7F, 0xC0, 0x03, 0xFC, 0xFF, 0x00, 0x07, 0xFB, 0xFE, 0x00, 0x0F, 0xF7, 0xFF, 0xFF,
    0xFF, 0xEF, 0xFF, 0xFF, 0xFF, 0xFF, 0xFF, 0xFF, 0xFF, 0xFF, 0xFF, 0xFF, 0xFF, 0xFF, 0xFF, 0xFF,
    0xFD, 0xFF, 0xFF, 0xFF, 0xFB, 0xFF, 0xFF, 0xFF, 0xF7, 0xF8, 0x00, 0x00, 0x0F, 0xF8, 0x00, 0x00,
    0x1F, 0xF0, 0x00, 0x00, 0x3F, 0xE0, 0x00, 0x00, 0x7F, 0xE0, 0x00, 0x00, 0xFF, 0xE0, 0x01, 0xE0,
    0xFF, 0xE0, 0x1F, 0xC1, 0xFF, 0xFF, 0xFF, 0x01, 0xFF, 0xFF, 0xFE, 0x01, 0xFF, 0xFF, 0xFC, 0x03,
    0xFF, 0xFF, 0xF8, 0x01, 0xFF, 0xFF, 0xE0, 0x01, 0xFF, 0xFF, 0x00, 0x00, 0x7F, 0xE0, 0x00, 0x00,
    0x00, 0x3F, 0xC0, 0x00, 0x00, 0xFF, 0x80, 0x00, 0x03, 0xFF, 0x80, 0x00, 0x07, 0xFF, 0x00, 0x00,
    0x1F, 0xFE, 0x00, 0x00, 0x7F, 0xFE, 0x00, 0x01, 0xFF, 0xFC, 0x00, 0x03, 0xFF, 0xFC, 0x00, 0x0F,
    0xF7, 0xF8, 0x00, 0x3F, 0xCF, 0xF0, 0x00, 0xFF, 0x0F, 0xF0, 0x01, 0xFC, 0x1F, 0xE0, 0x07, 0xF8,
    0x1F, 0xE0, 0x1F, 0xE0, 0x3F, 0xC0, 0x3F, 0x80, 0x3F, 0x80, 0x3E, 0xFF, 0x3C, 0x00, 0x0F, 0xFF,
    0xC0, 0x00, 0x7F, 0xFF, 0xC0, 0x03, 0xFF, 0xFF, 0xC0, 0x0F, 0xFF, 0xFF, 0xC0, 0x3F, 0xFF, 0xFF,
    0xC0, 0xFF, 0xFF, 0xFF, 0x83, 0xFF, 0x83, 0xFF, 0x87, 0xFC, 0x03, 0xFF, 0x1F, 0xF0, 0x03, 0xFE,
    0x7F, 0xC0, 0x07, 0xFC, 0xFF, 0x80, 0x07, 0xFB, 0xFE, 0x00, 0x0F, 0xF7, 0xFC, 0x00, 0x1F, 0xEF,
    0xFF, 0xFF, 0xFF, 0xDF, 0xFF, 0xFF, 0xFF, 0xFF, 0xFF, 0xFF, 0xFF, 0xFF, 0xFF, 0xFF, 0xFF, 0xFF,
    0xFF, 0xFF, 0xFB, 0xFF, 0xFF, 0xFF, 0xF7, 0xFF, 0xFF, 0xFF, 0xEF, 0xF0, 0x00, 0x00, 0x1F, 0xF0,
    0x00, 0x00, 0x3F, 0xE0, 0x00, 0x00, 0x7F, 0xC0, 0x00, 0x00, 0xFF, 0xC0, 0x00, 0x01, 0xFF, 0xC0,
    0x03, 0xC1, 0xFF, 0xC0, 0x3F, 0x83, 0xFF, 0xFF, 0xFE, 0x03, 0xFF, 0xFF, 0xFC, 0x03, 0xFF, 0xFF,
    0xF8, 0x07, 0xFF, 0xFF, 0xF0, 0x03, 0xFF, 0xFF, 0xC0, 0x03, 0xFF, 0xFE, 0x00, 0x00, 0xFF, 0xC0,
    0x00, 0x00, 0x0F, 0x00, 0xF8, 0x00, 0x7F, 0x83, 0xF8, 0x01, 0xFF, 0x0F, 0xF8, 0x03, 0xFE, 0x3F,
    0xF0, 0x0F, 0xFC, 0x7F, 0xE0, 0x1F, 0xF8, 0xFF, 0x80, 0x3F, 0xF1, 0xFF, 0x00, 0x3F, 0xC3, 0xFC,
    0x00, 0x3E, 0x7B, 0xE0, 0x00, 0x1F, 0xFF, 0x80, 0x00, 0xFF, 0xFF, 0x80, 0x07, 0xFF, 0xFF, 0x80,
    0x1F, 0xFF, 0xFF, 0x80, 0x7F, 0xFF, 0xFF, 0x81, 0xFF, 0xFF, 0xFF, 0x07, 0xFF, 0x07, 0xFF, 0x0F,
    0xF8, 0x07, 0xFE, 0x3F, 0xE0, 0x07, 0xFC, 0xFF, 0x80, 0x0F, 0xF9, 0xFF, 0x00, 0x0F, 0xF3, 0xFC,
    0x00, 0x1F, 0xEF, 0xF8, 0x00, 0x3F, 0xDF, 0xFF, 0xFF, 0xFF, 0xBF, 0xFF, 0xFF, 0xFF, 0xFF, 0xFF,
    0xFF, 0xFF, 0xFF, 0xFF, 0xFF, 0xFF, 0xFF, 0xFF, 0xFF, 0xFF, 0xFF, 0xFF, 0xFF, 0xEF, 0xFF, 0xFF,
    0xFF, 0xDF, 0xE0, 0x00, 0x00, 0x3F, 0xE0, 0x00, 0x00, 0x7F, 0xC0, 0x00, 0x00, 0xFF, 0x80, 0x00,
    0x01, 0xFF, 0x80, 0x00, 0x03, 0xFF, 0x80, 0x07, 0x83, 0xFF, 0x80, 0x7F, 0x07, 0xFF, 0xFF, 0xFC,
    0x07, 0xFF, 0xFF, 0xF8, 0x07, 0xFF, 0xFF, 0xF0, 0x0F, 0xFF, 0xFF, 0xE0, 0x07, 0xFF, 0xFF, 0x80,
    0x07, 0xFF, 0xFC, 0x00, 0x01, 0xFF, 0x80, 0x00, 0x0F, 0xC0, 0x07, 0xF8, 0x01, 0xFF, 0x00, 0x7F,
    0xC0, 0x0F, 0xF8, 0x01, 0xFF, 0x00, 0x7F, 0xC0, 0x0F, 0xF8, 0x01, 0xFE, 0x00, 0x7F, 0xC0, 0x0F,
    0xF0, 0x03, 0xFE, 0x00, 0x7F, 0xC0, 0x0F, 0xF0, 0x1F, 0xF8, 0x3F, 0xC0, 0x3F, 0xF8, 0x1F, 0xFE,
    0x0F, 0xFF, 0xC1, 0xFF, 0xF0, 0x7F, 0xFC, 0x1D, 0xFE, 0x00, 0x7F, 0x80, 0x1F, 0xE0, 0x07, 0xF8,
    0x01, 0xFE, 0x00, 0xFF, 0x80, 0x3F, 0xC0, 0x0F, 0xF0, 0x03, 0xFC, 0x00, 0xFF, 0x00, 0x3F, 0xC0,
    0x1F, 0xE0, 0x07, 0xF8, 0x01, 0xFE, 0x00, 0x7F, 0x80, 0x1F, 0xE0, 0x0F, 0xF8, 0x03, 0xFC, 0x00,
    0xFF, 0x00, 0x3F, 0xDC, 0x0F, 0xFF, 0x03, 0xFF, 0xE0, 0xFF, 0xF8, 0x3F, 0xFE, 0x0F, 0xFF, 0x01,
    0xFF, 0x00, 0x3F, 0x00, 0x00, 0x03, 0xF0, 0x00, 0x3F, 0xC0, 0x03, 0xFE, 0x00, 0x3F, 0xE0, 0x03,
    0xFE, 0x00, 0x3F, 0xE0, 0x03, 0xFE, 0x00, 0x3F, 0xE0, 0x03, 0xFE, 0x00, 0x3F, 0xE0, 0x03, 0xFE,
    0x00, 0x3F, 0xE0, 0x03, 0xFE, 0x00, 0x1F, 0xE0, 0x00, 0xFE, 0x00, 0x01, 0xFE, 0x00, 0x3F, 0xF8,
    0x03, 0xFF, 0xC0, 0x3F, 0xFF, 0x00, 0xFF, 0xF8, 0x07, 0xFF, 0xC0, 0x3B, 0xFC, 0x00, 0x1F, 0xE0,
    0x00, 0xFF, 0x00, 0x07, 0xF8, 0x00, 0x3F, 0xC0, 0x03, 0xFE, 0x00, 0x1F, 0xE0, 0x00, 0xFF, 0x00,
    0x07, 0xF8, 0x00, 0x3F, 0xC0, 0x01, 0xFE, 0x00, 0x1F, 0xE0, 0x00, 0xFF, 0x00, 0x07, 0xF8, 0x00,
    0x3F, 0xC0, 0x01, 0xFE, 0x00, 0x1F, 0xF0, 0x00, 0xFF, 0x00, 0x07, 0xF8, 0x00, 0x3F, 0xDC, 0x01,
    0xFF, 0xE0, 0x0F, 0xFF, 0x80, 0x7F, 0xFC, 0x03, 0xFF, 0xE0, 0x1F, 0xFE, 0x00, 0x7F, 0xC0, 0x01,
    0xF8, 0x00, 0x00, 0x3F, 0x80, 0x00, 0xFF, 0x80, 0x03, 0xFF, 0x00, 0x0F, 0xFF, 0x00, 0x1F, 0xFE,
    0x00, 0x7F, 0xFE, 0x01, 0xFF, 0xFC, 0x07, 0xFF, 0xF8, 0x0F, 0xEF, 0xF8, 0x3F, 0xCF, 0xF0, 0xFF,
    0x1F, 0xF3, 0xFC, 0x1F, 0xE7, 0xF0, 0x3F, 0xDF, 0xE0, 0x3F, 0xFF, 0xB0, 0x7F, 0x3F, 0xFC, 0x7C,
    0x1F, 0xFC, 0x00, 0x7F, 0xF8, 0x01, 0xFF, 0xF8, 0x01, 0xFF, 0xF0, 0x03, 0xFF, 0xE0, 0x07, 0x7F,
    0x80, 0x00, 0xFF, 0x00, 0x01, 0xFE, 0x00, 0x03, 0xFC, 0x00, 0x07, 0xF8, 0x00, 0x1F, 0xF0, 0x00,
    0x3F, 0xC0, 0x00, 0x7F, 0x80, 0x00, 0xFF, 0x00, 0x01, 0xFE, 0x00, 0x03, 0xFC, 0x00, 0x0F, 0xF0,
    0x00, 0x1F, 0xE0, 0x00, 0x3F, 0xC0, 0x00, 0x7F, 0x80, 0x00, 0xFF, 0x00, 0x03, 0xFE, 0x00, 0x07,
    0xF8, 0x00, 0x0F, 0xF0, 0x00, 0x1F, 0xEE, 0x00, 0x3F, 0xFC, 0x00, 0x7F, 0xFC, 0x00, 0xFF, 0xF8,
    0x01, 0xFF, 0xF0, 0x03, 0xFF, 0xC0, 0x03, 0xFE, 0x00, 0x03, 0xF0, 0x00, 0x0F, 0x00, 0xF8, 0x7F,
    0x07, 0xF9, 0xFF, 0x1F, 0xF7, 0xFE, 0x3F, 0xFF, 0xFC, 0x7F, 0xFF, 0xF8, 0xFF, 0xBF, 0xE1, 0xFF,
    0x3F, 0x83, 0xFC, 0x3E, 0xC3, 0xE0, 0x0F, 0xF0, 0x00, 0x7F, 0xF0, 0x01, 0xFF, 0xE0, 0x07, 0xFF,
    0xE0, 0x07, 0xFF, 0xC0, 0x0F, 0xFF, 0x80, 0x1D, 0xFE, 0x00, 0x03, 0xFC, 0x00, 0x07, 0xF8, 0x00,
    0x0F, 0xF0, 0x00, 0x1F, 0xE0, 0x00, 0x7F, 0xC0, 0x00, 0xFF, 0x00, 0x01, 0xFE, 0x00, 0x03, 0xFC,
    0x00, 0x07, 0xF8, 0x00, 0x0F, 0xF0, 0x00, 0x3F, 0xC0, 0x00, 0x7F, 0x80, 0x00, 0xFF, 0x00, 0x01,
    0xFE, 0x00, 0x03, 0xFC, 0x00, 0x0F, 0xF8, 0x00, 0x1F, 0xE0, 0x00, 0x3F, 0xC0, 0x00, 0x7F, 0xB8,
    0x00, 0xFF, 0xF0, 0x01, 0xFF, 0xF0, 0x03, 0xFF, 0xE0, 0x07, 0xFF, 0xC0, 0x0F, 0xFF, 0x00, 0x0F,
    0xF8, 0x00, 0x0F, 0xC0, 0x00, 0x00, 0x01, 0x80, 0x0C, 0x00, 0x00, 0x7C, 0x07, 0xC0, 0x00, 0x1F,
    0xE1, 0xFC, 0x00, 0x07, 0xFF, 0x7F, 0x80, 0x00, 0xFF, 0xFF, 0xF0, 0x00, 0x1F, 0xFF, 0xFC, 0x00,
    0x01, 0xFF, 0xFF, 0x00, 0x00, 0x0F, 0xFF, 0x80, 0x00, 0x00, 0xFF, 0xF0, 0x00, 0x00, 0x1F, 0xFF,
    0x00, 0x00, 0x0F, 0xFF, 0xF0, 0x00, 0x03, 0xFF, 0xFE, 0x00, 0x00, 0xFF, 0xFF, 0xE0, 0x00, 0x3F,
    0xEF, 0xFC, 0x00, 0x07, 0xF8, 0xFF, 0xC0, 0x00, 0x7C, 0x0F, 0xF8, 0x00, 0x0F, 0x01, 0xFF, 0x80,
    0x00, 0xC0, 0x1F, 0xF0, 0x00, 0x00, 0x03, 0xFF, 0x00, 0x00, 0xFF, 0x3F, 0xE0, 0x00, 0xFF, 0xFF,
    0xFC, 0x00, 0x7F, 0xFF, 0xFF, 0x80, 0x1F, 0xFF, 0xFF, 0xF0, 0x07, 0xFF, 0xFF, 0xFF, 0x01, 0xFF,
    0xFF, 0xFF, 0xE0, 0x7F, 0xFF, 0xFF, 0xFC, 0x1F, 0xFC, 0x0F, 0xFF, 0x87, 0xFE, 0x00, 0xFF, 0xF0,
    0xFF, 0x80, 0x0F, 0xFE, 0x3F, 0xE0, 0x00, 0xFF, 0xC7, 0xF8, 0x00, 0x1F, 0xF9, 0xFF, 0x00, 0x03,
    0xFE, 0x3F, 0xC0, 0x00, 0x7F, 0xCF, 0xF8, 0x00, 0x0F, 0xF9, 0xFF, 0x00, 0x01, 0xFF, 0x3F, 0xC0,
    0x00, 0x3F, 0xE7, 0xF8, 0x00, 0x07, 0xFC, 0xFF, 0x00, 0x00, 0xFF, 0x1F, 0xE0, 0x00, 0x3F, 0xE7,
    0xFC, 0x00, 0x07, 0xFC, 0xFF, 0x80, 0x00, 0xFF, 0x1F, 0xF0, 0x00, 0x3F, 0xE3, 0xFE, 0x00, 0x0F,
    0xF8, 0x3F, 0xE0, 0x01, 0xFF, 0x07, 0xFC, 0x00, 0x7F, 0xC0, 0xFF, 0xC0, 0x1F, 0xF8, 0x1F, 0xFE,
    0x0F, 0xFE, 0x01, 0xFF, 0xFF, 0xFF, 0x80, 0x3F, 0xFF, 0xFF, 0xE0, 0x03, 0xFF, 0xFF, 0xF8, 0x00,
    0x3F, 0xFF, 0xFE, 0x00, 0x03, 0xFF, 0xFF, 0x80, 0x00, 0x1F, 0xFF, 0xC0, 0x00, 0x00, 0xFF, 0x80,
    0x00, 0x00, 0x00, 0x00, 0x00, 0x0F, 0xC0, 0x00, 0x00, 0x01, 0xFC, 0x00, 0x01, 0xFC, 0x1F, 0xC0,
    0x00, 0x7F, 0xFF, 0xF8, 0x00, 0x0F, 0xFF, 0xFF, 0x80, 0x01, 0xFF, 0xFF, 0xF0, 0x00, 0x3F, 0xFF,
    0xFF, 0x00, 0x03, 0xFF, 0xFF, 0xE0, 0x00, 0x7F, 0xFF, 0xFC, 0x00, 0x07, 0xF0, 0x7F, 0x00, 0x00,
    0x7E, 0x1F, 0xE0, 0x00, 0x7E, 0x0F, 0xFF, 0x80, 0x3F, 0xF3, 0xFF, 0xFE, 0x07, 0xFF, 0xFF, 0xFF,
    0xF0, 0xFF, 0xFF, 0xFF, 0xFF, 0x0F, 0xFF, 0xFF, 0xFF, 0xF8, 0xFF, 0xFF, 0xFF, 0xFF, 0x8F, 0xFF,
    0xFC, 0x1F, 0xF8, 0x67, 0xFF, 0x00, 0xFF, 0x80, 0x7F, 0xE0, 0x0F, 0xF8, 0x0F, 0xFC, 0x00, 0x7F,
    0x80, 0xFF, 0x80, 0x07, 0xF8, 0x0F, 0xF8, 0x00, 0x7F, 0x80, 0xFF, 0x00, 0x0F, 0xF8, 0x0F, 0xF0,
    0x00, 0xFF, 0x80, 0xFF, 0x00, 0x0F, 0xF0, 0x1F, 0xF0, 0x00, 0xFF, 0x01, 0xFE, 0x00, 0x0F, 0xF0,
    0x1F, 0xE0, 0x01, 0xFF, 0x01, 0xFE, 0x00, 0x1F, 0xF0, 0x1F, 0xE0, 0x01, 0xFF, 0x03, 0xFE, 0x00,
    0x1F, 0xE0, 0x3F, 0xC0, 0x01, 0xFE, 0x03, 0xFC, 0x00, 0x1F, 0xE0, 0x3F, 0xC0, 0x03, 0xFE, 0x03,
    0xFC, 0x00, 0x3F, 0xE0, 0x3F, 0xC0, 0x03, 0xFE, 0xC7, 0xFC, 0x00, 0x3F, 0xFE, 0x7F, 0x80, 0x03,
    0xFF, 0xE7, 0xF8, 0x00, 0x3F, 0xFF, 0x7F, 0x80, 0x03, 0xFF, 0xE7, 0xF8, 0x00, 0x3F, 0xFC, 0x7F,
    0x80, 0x01, 0xFF, 0x87, 0xF0, 0x00, 0x0F, 0xC0, 0x00, 0x07, 0xF8, 0x00, 0x00, 0x03, 0xFE, 0x00,
    0x00, 0x01, 0xFF, 0x00, 0x00, 0x00, 0x7F, 0xC0, 0x00, 0x00, 0x1F, 0xE0, 0x00, 0x00, 0x0F, 0xF8,
    0x00, 0x00, 0x03, 0xFE, 0x00, 0x00, 0x01, 0xFF, 0x00, 0x00, 0x00, 0x7F, 0xC0, 0x00, 0x00, 0x1F,
    0xE0, 0x00, 0x00, 0x0F, 0xF8, 0x00, 0x00, 0x03, 0xFC, 0x00, 0x00, 0x00, 0xFF, 0x00, 0x00, 0x0F,
    0xFF, 0x80, 0x00, 0x3F, 0xFF, 0x80, 0x00, 0x7F, 0xFF, 0xE0, 0x00, 0xFF, 0xFF, 0xF8, 0x00, 0xFF,
    0xFF, 0xFE, 0x00, 0xFF, 0xFF, 0xFF, 0x80, 0xFF, 0xFF, 0xFF, 0xE0, 0xFF, 0xE0, 0x7F, 0xF0, 0x7F,
    0xE0, 0x1F, 0xFC, 0x7F, 0xC0, 0x07, 0xFE, 0x7F, 0xE0, 0x01, 0xFF, 0x3F, 0xE0, 0x00, 0xFF, 0xBF,
    0xE0, 0x00, 0x7F, 0xDF, 0xF0, 0x00, 0x3F, 0xEF, 0xF0, 0x00, 0x0F, 0xF7, 0xF8, 0x00, 0x0F, 0xFF,
    0xFC, 0x00, 0x07, 0xFF, 0xFE, 0x00, 0x03, 0xFF, 0xFF, 0x00, 0x01, 0xFF, 0xFF, 0x00, 0x00, 0xFF,
    0x7F, 0x80, 0x00, 0xFF, 0xBF, 0xC0, 0x00, 0x7F, 0xDF, 0xF0, 0x00, 0x3F, 0xCF, 0xF8, 0x00, 0x3F,
    0xE7, 0xFC, 0x00, 0x3F, 0xF3, 0xFF, 0x00, 0x3F, 0xF1, 0xFF, 0xC0, 0x3F, 0xF0, 0x7F, 0xF0, 0x7F,
    0xF8, 0x3F, 0xFF, 0xFF, 0xF8, 0x0F, 0xFF, 0xFF, 0xF8, 0x03, 0xFF, 0xFF, 0xF8, 0x01, 0xFF, 0xFF,
    0xF8, 0x00, 0x3F, 0xFF, 0xF0, 0x00, 0x0F, 0xFF, 0xE0, 0x00, 0x00, 0xFF, 0x80, 0x00, 0x00, 0x00,
    0x00, 0xFF, 0x00, 0x00, 0x00, 0xFF, 0x80, 0x00, 0x00, 0xFF, 0x80, 0x00, 0x00, 0xFF, 0x80, 0x00,
    0x00, 0x7F, 0x80, 0x00, 0x00, 0x7F, 0x80, 0x00, 0x00, 0x7F, 0x80, 0x00, 0x00, 0x7F, 0x80, 0x00,
    0x00, 0x7F, 0x80, 0x00, 0x00, 0x7F, 0x80, 0x00, 0x00, 0x7F, 0x80, 0x00, 0x00, 0x7F, 0xC0, 0x00,
    0x00, 0x7F, 0xC0, 0x00, 0x00, 0x3F, 0xF8, 0x00, 0x00, 0x3F, 0xFF, 0x80, 0x00, 0x7F, 0xFF, 0xE0,
    0x00, 0xFF, 0xFF, 0xFC, 0x00, 0xFF, 0xFF, 0xFE, 0x00, 0xFF, 0xFF, 0xFF, 0x80, 0xFF, 0xFF, 0xFF,
    0xE0, 0xFF, 0xE0, 0x7F, 0xF0, 0x7F, 0xE0, 0x1F, 0xFC, 0x7F, 0xC0, 0x07, 0xFE, 0x7F, 0xE0, 0x01,
    0xFF, 0x3F, 0xE0, 0x00, 0xFF, 0x9F, 0xE0, 0x00, 0x7F, 0xDF, 0xF0, 0x00, 0x3F, 0xEF, 0xF0, 0x00,
    0x0F, 0xF7, 0xF8, 0x00, 0x0F, 0xFF, 0xFC, 0x00, 0x07, 0xFF, 0xFE, 0x00, 0x03, 0xFF, 0xFF, 0x00,
    0x01, 0xFF, 0xFF, 0x00, 0x00, 0xFF, 0x7F, 0x80, 0x00, 0xFF, 0xBF, 0xC0, 0x00, 0x7F, 0xDF, 0xF0,
    0x00, 0x3F, 0xCF, 0xF8, 0x00, 0x3F, 0xE7, 0xFC, 0x00, 0x3F, 0xF3, 0xFF, 0x00, 0x3F, 0xF1, 0xFF,
    0xC0, 0x3F, 0xF0, 0x7F, 0xF0, 0x7F, 0xF8, 0x3F, 0xFF, 0xFF, 0xF8, 0x0F, 0xFF, 0xFF, 0xF8, 0x03,
    0xFF, 0xFF, 0xF8, 0x01, 0xFF, 0xFF, 0xF8, 0x00, 0x3F, 0xFF, 0xF0, 0x00, 0x0F, 0xFF, 0xE0, 0x00,
    0x00, 0xFF, 0x80, 0x00, 0x00, 0x00, 0x1F, 0xC0, 0x00, 0x00, 0x1F, 0xF0, 0x00, 0x00, 0x1F, 0xF8,
    0x00, 0x00, 0x1F, 0xFC, 0x00, 0x00, 0x0F, 0xFF, 0x00, 0x00, 0x0F, 0xFF, 0x80, 0x00, 0x0F, 0xFF,
    0xE0, 0x00, 0x0F, 0xFF, 0xF0, 0x00, 0x07, 0xF7, 0xF8, 0x00, 0x07, 0xF1, 0xFE, 0x00, 0x07, 0xF8,
    0xFF, 0x00, 0x07, 0xF8, 0x3F, 0xC0, 0x03, 0xF8, 0x1F, 0xE0, 0x03, 0xF8, 0x0F, 0xF8, 0x01, 0xFF,
    0xFF, 0xF8, 0x00, 0xFF, 0xFF, 0xFC, 0x00, 0x3F, 0xFF, 0xF0, 0x00, 0x3F, 0xFF, 0xFC, 0x00, 0x7F,
    0xFF, 0xFF, 0x00, 0x7F, 0xFF, 0xFF, 0xC0, 0x7F, 0xFF, 0xFF, 0xF0, 0x7F, 0xF8, 0x3F, 0xF8, 0x3F,
    0xF0, 0x0F, 0xFC, 0x3F, 0xF0, 0x03, 0xFF, 0x3F, 0xF0, 0x00, 0xFF, 0x9F, 0xF0, 0x00, 0x7F, 0xCF,
    0xF0, 0x00, 0x3F, 0xEF, 0xF8, 0x00, 0x1F, 0xF7, 0xF8, 0x00, 0x07, 0xFB, 0xFC, 0x00, 0x07, 0xFF,
    0xFE, 0x00, 0x03, 0xFF, 0xFF, 0x00, 0x01, 0xFF, 0xFF, 0x80, 0x00, 0xFF, 0xFF, 0x80, 0x00, 0x7F,
    0xBF, 0xC0, 0x00, 0x7F, 0xDF, 0xE0, 0x00, 0x3F, 0xEF, 0xF8, 0x00, 0x1F, 0xE7, 0xFC, 0x00, 0x1F,
    0xF3, 0xFE, 0x00, 0x1F, 0xF9, 0xFF, 0x80, 0x1F, 0xF8, 0xFF, 0xE0, 0x1F, 0xF8, 0x3F, 0xF8, 0x3F,
    0xFC, 0x1F, 0xFF, 0xFF, 0xFC, 0x07, 0xFF, 0xFF, 0xFC, 0x03, 0xFF, 0xFF, 0xFC, 0x00, 0xFF, 0xFF,
    0xFC, 0x00, 0x1F, 0xFF, 0xF8, 0x00, 0x07, 0xFF, 0xF0, 0x00, 0x00, 0x7F, 0xC0, 0x00, 0x00, 0x00,
    0x00, 0x00, 0x1F, 0x80, 0x00, 0x00, 0x1F, 0xC0, 0x00, 0xFE, 0x0F, 0xE0, 0x01, 0xFF, 0xFF, 0xE0,
    0x01, 0xFF, 0xFF, 0xF0, 0x01, 0xFF, 0xFF, 0xF0, 0x01, 0xFF, 0xFF, 0xF8, 0x00, 0xFF, 0xFF, 0xF8,
    0x00, 0xFF, 0xFF, 0xF8, 0x00, 0x7F, 0x07, 0xF0, 0x00, 0x3F, 0x7F, 0xC0, 0x00, 0x1F, 0xFF, 0xFC,
    0x00, 0x03, 0xFF, 0xFF, 0x00, 0x03, 0xFF, 0xFF, 0xE0, 0x07, 0xFF, 0xFF, 0xF0, 0x07, 0xFF, 0xFF,
    0xFC, 0x07, 0xFF, 0xFF, 0xFF, 0x07, 0xFF, 0x03, 0xFF, 0x83, 0xFF, 0x00, 0xFF, 0xE3, 0xFE, 0x00,
    0x3F, 0xF3, 0xFF, 0x00, 0x0F, 0xF9, 0xFF, 0x00, 0x07, 0xFC, 0xFF, 0x00, 0x03, 0xFE, 0xFF, 0x80,
    0x01, 0xFF, 0x7F, 0x80, 0x00, 0x7F, 0xBF, 0xC0, 0x00, 0x7F, 0xFF, 0xE0, 0x00, 0x3F, 0xFF, 0xF0,
    0x00, 0x1F, 0xFF, 0xF8, 0x00, 0x0F, 0xFF, 0xF8, 0x00, 0x07, 0xFB, 0xFC, 0x00, 0x03, 0xFD, 0xFE,
    0x00, 0x03, 0xFE, 0xFF, 0x80, 0x01, 0xFE, 0x7F, 0xC0, 0x01, 0xFF, 0x3F, 0xE0, 0x01, 0xFF, 0x9F,
    0xF8, 0x00, 0xFF, 0x8F, 0xFE, 0x01, 0xFF, 0x83, 0xFF, 0x81, 0xFF, 0xC1, 0xFF, 0xFF, 0xFF, 0xC0,
    0x7F, 0xFF, 0xFF, 0xC0, 0x3F, 0xFF, 0xFF, 0xC0, 0x0F, 0xFF, 0xFF, 0xC0, 0x01, 0xFF, 0xFF, 0x80,
    0x00, 0x7F, 0xFF, 0x00, 0x00, 0x07, 0xFC, 0x00, 0x00, 0x00, 0x0F, 0x00, 0x78, 0x00, 0x0F, 0xE0,
    0xFE, 0x00, 0x1F, 0xF0, 0xFF, 0x80, 0x0F, 0xFC, 0xFF, 0xC0, 0x07, 0xFE, 0x7F, 0xE0, 0x07, 0xFE,
    0x3F, 0xF0, 0x01, 0xFF, 0x1F, 0xF0, 0x00, 0xFF, 0xFF, 0xF0, 0x00, 0x3F, 0xFF, 0xF0, 0x00, 0x1F,
    0xFF, 0xF8, 0x00, 0x1F, 0xFF, 0xFE, 0x00, 0x3F, 0xFF, 0xFF, 0x80, 0x3F, 0xFF, 0xFF, 0xE0, 0x3F,
    0xFF, 0xFF, 0xF8, 0x3F, 0xFC, 0x1F, 0xFC, 0x1F, 0xF8, 0x07, 0xFE, 0x1F, 0xF8, 0x01, 0xFF, 0x9F,
    0xF8, 0x00, 0x7F, 0xCF, 0xF8, 0x00, 0x3F, 0xE7, 0xF8, 0x00, 0x1F, 0xF7, 0xFC, 0x00, 0x0F, 0xFB,
    0xFC, 0x00, 0x03, 0xFD, 0xFE, 0x00, 0x03, 0xFF, 0xFF, 0x00, 0x01, 0xFF, 0xFF, 0x80, 0x00, 0xFF,
    0xFF, 0xC0, 0x00, 0x7F, 0xFF, 0xC0, 0x00, 0x3F, 0xDF, 0xE0, 0x00, 0x3F, 0xEF, 0xF0, 0x00, 0x1F,
    0xF7, 0xFC, 0x00, 0x0F, 0xF3, 0xFE, 0x00, 0x0F, 0xF9, 0xFF, 0x00, 0x0F, 0xFC, 0xFF, 0xC0, 0x0F,
    0xFC, 0x7F, 0xF0, 0x0F, 0xFC, 0x1F, 0xFC, 0x1F, 0xFE, 0x0F, 0xFF, 0xFF, 0xFE, 0x03, 0xFF, 0xFF,
    0xFE, 0x01, 0xFF, 0xFF, 0xFE, 0x00, 0x7F, 0xFF, 0xFE, 0x00, 0x0F, 0xFF, 0xFC, 0x00, 0x03, 0xFF,
    0xF8, 0x00, 0x00, 0x3F, 0xE0, 0x00, 0x00, 0x00, 0x00, 0x1E, 0x00, 0x00, 0x00, 0x01, 0xFC, 0x00,
    0x00, 0x00, 0x1F, 0xE0, 0x00, 0x00, 0x01, 0xFF, 0x80, 0x00, 0x00, 0x1F, 0xFC, 0x00, 0x00, 0x00,
    0xFF, 0xE0, 0x00, 0x00, 0x07, 0xFF, 0x00, 0x00, 0x00, 0x3F, 0xF0, 0x00, 0x00, 0x00, 0xFF, 0x00,
    0x00, 0x00, 0x07, 0xF0, 0x00, 0x00, 0x00, 0x1F, 0x00, 0x00, 0x00, 0x00, 0x00, 0x00, 0x07, 0xFF,
    0xFF, 0xFF, 0xFF, 0xBF, 0xFF, 0xFF, 0xFF, 0xFD, 0xFF, 0xFF, 0xFF, 0xFF, 0xFF, 0xFF, 0xFF, 0xFF,
    0xFF, 0xFF, 0xFF, 0xFF, 0xFF, 0xFF, 0xFF, 0xFF, 0xFF, 0xFF, 0xFF, 0xFF, 0xFF, 0xFF, 0xFF, 0xFF,
    0xFF, 0xFF, 0xFF, 0xE0, 0x00, 0x00, 0x00, 0x00, 0x00, 0x00, 0xF8, 0x00, 0x00, 0x00, 0x0F, 0xE0,
    0x00, 0x00, 0x00, 0xFF, 0x80, 0x00, 0x00, 0x0F, 0xFC, 0x00, 0x00, 0x00, 0x7F, 0xE0, 0x00, 0x00,
    0x03, 0xFF, 0x00, 0x00, 0x00, 0x3F, 0xF8, 0x00, 0x00, 0x00, 0xFF, 0x80, 0x00, 0x00, 0x07, 0xFC,
    0x00, 0x00, 0x00, 0x1F, 0xC0, 0x00, 0x00, 0x00, 0x78, 0x00, 0x00, 0x00, 0x00, 0x00, 0x00, 0x40,
    0x00, 0x03, 0xFE, 0x07, 0x00, 0x00, 0xFF, 0xFC, 0x7C, 0x00, 0x1F, 0xFF, 0xFF, 0xF0, 0x03, 0xFF,
    0xFF, 0xFF, 0x80, 0x3F, 0xFF, 0xFF, 0xF8, 0x03, 0xFF, 0xFF, 0xFF, 0x80, 0x3F, 0xFF, 0xFF, 0xF8,
    0x03, 0xFF, 0x81, 0xFF, 0xC0, 0x1F, 0xF8, 0x0F, 0xFE, 0x01, 0xFF, 0x00, 0xFF, 0xF8, 0x1F, 0xF8,
    0x0F, 0xFF, 0xC0, 0xFF, 0x80, 0xFF, 0xFE, 0x0F, 0xF8, 0x0F, 0xFF, 0xF0, 0x7F, 0xC0, 0xFF, 0xFF,
    0x83, 0xFC, 0x0F, 0xFF, 0xFC, 0x1F, 0xE0, 0xFF, 0xBF, 0xE1, 0xFF, 0x0F, 0xF9, 0xFF, 0x0F, 0xF8,
    0xFF, 0x8F, 0xF8, 0x7F, 0x8F, 0xF8, 0x7F, 0xC3, 0xFC, 0xFF, 0x83, 0xFC, 0x1F, 0xEF, 0xF0, 0x3F,
    0xE0, 0xFF, 0xFF, 0x01, 0xFF, 0x07, 0xFF, 0xF0, 0x0F, 0xF0, 0x3F, 0xFF, 0x00, 0xFF, 0x81, 0xFF,
    0xF0, 0x0F, 0xFC, 0x0F, 0xFF, 0x00, 0xFF, 0xC0, 0x7F, 0xF0, 0x0F, 0xFC, 0x01, 0xFF, 0xC1, 0xFF,
    0xE0, 0x0F, 0xFF, 0xFF, 0xFE, 0x00, 0xFF, 0xFF, 0xFF, 0xE0, 0x0F, 0xFF, 0xFF, 0xFE, 0x00, 0xFF,
    0xFF, 0xFF, 0xE0, 0x07, 0xFF, 0xFF, 0xFC, 0x00, 0x1F, 0x3F, 0xFF, 0x80, 0x00, 0x70, 0x3F, 0xE0,
    0x00, 0x00, 0x00, 0x0F, 0xF0, 0x00, 0x00, 0x00, 0xFF, 0x80, 0x00, 0x00, 0x0F, 0xF8, 0x00, 0x00,
    0x00, 0x7F, 0xC0, 0x00, 0x00, 0x03, 0xFC, 0x00, 0x00, 0x00, 0x3F, 0xE0, 0x00, 0x00, 0x01, 0xFF,
    0x00, 0x00, 0x00, 0x1F, 0xF0, 0x00, 0x00, 0x00, 0xFF, 0x80, 0x00, 0x00, 0x07, 0xF8, 0x00, 0x00,
    0x00, 0x7F, 0xC0, 0x00, 0x00, 0x03, 0xFC, 0x00, 0x00, 0x00, 0x1F, 0xE0, 0x00, 0x00, 0x01, 0xFE,
    0x00, 0x01, 0xC0, 0x00, 0x07, 0xC0, 0xFF, 0x80, 0x01, 0xFE, 0x3F, 0xF8, 0x00, 0x1F, 0xE7, 0xFF,
    0xC0, 0x01, 0xFE, 0xFF, 0xFC, 0x00, 0x1F, 0xE7, 0xFF, 0xC0, 0x01, 0xFE, 0x7F, 0xFC, 0x00, 0x3F,
    0xE7, 0x3F, 0xC0, 0x03, 0xFC, 0x07, 0xFC, 0x00, 0x3F, 0xC0, 0x7F, 0xC0, 0x03, 0xFC, 0x07, 0xF8,
    0x00, 0x3F, 0xC0, 0x7F, 0x80, 0x03, 0xFC, 0x07, 0xF8, 0x00, 0x7F, 0xC0, 0xFF, 0x80, 0x07, 0xF8,
    0x0F, 0xF8, 0x00, 0x7F, 0x80, 0xFF, 0x80, 0x07, 0xF8, 0x0F, 0xF0, 0x00, 0x7F, 0x80, 0xFF, 0x00,
    0x0F, 0xF8, 0x0F, 0xF0, 0x00, 0xFF, 0x81, 0xFF, 0x00, 0x0F, 0xF0, 0x1F, 0xF0, 0x00, 0xFF, 0x01,
    0xFE, 0x00, 0x1F, 0xF0, 0x1F, 0xE0, 0x01, 0xFF, 0x01, 0xFE, 0x00, 0x3F, 0xF0, 0x1F, 0xF0, 0x07,
    0xFE, 0x01, 0xFF, 0x00, 0xFF, 0xE0, 0x1F, 0xF8, 0x3F, 0xFE, 0xE1, 0xFF, 0xFF, 0xFF, 0xFF, 0x1F,
    0xFF, 0xFF, 0xFF, 0xF0, 0xFF, 0xFF, 0xFF, 0xFF, 0x0F, 0xFF, 0xFF, 0xFF, 0xE0, 0x7F, 0xFF, 0x8F,
    0xFC, 0x03, 0xFF, 0xF0, 0x7E, 0x00, 0x07, 0xF8, 0x00, 0x00, 0x00, 0x00, 0x00, 0x7F, 0x80, 0x00,
    0x00, 0x0F, 0xF8, 0x00, 0x00, 0x01, 0xFF, 0x00, 0x00, 0x00, 0x1F, 0xE0, 0x00, 0x00, 0x03, 0xFC,
    0x00, 0x00, 0x00, 0x7F, 0x80, 0x00, 0x00, 0x0F, 0xF0, 0x00, 0x00, 0x01, 0xFF, 0x00, 0x00, 0x00,
    0x3F, 0xE0, 0x00, 0x00, 0x07, 0xFC, 0x00, 0x00, 0x00, 0xFF, 0x80, 0x00, 0x00, 0x1F, 0xF0, 0x00,
    0x00, 0x03, 0xFE, 0x00, 0x00, 0x00, 0x3F, 0xC0, 0x00, 0x01, 0xC0, 0x00, 0x07, 0xC0, 0xFF, 0x80,
    0x01, 0xFE, 0x3F, 0xF8, 0x00, 0x1F, 0xE7, 0xFF, 0xC0, 0x01, 0xFE, 0xFF, 0xFC, 0x00, 0x1F, 0xE7,
    0xFF, 0xC0, 0x01, 0xFE, 0x7F, 0xFC, 0x00, 0x3F, 0xE7, 0x3F, 0xC0, 0x03, 0xFC, 0x07, 0xFC, 0x00,
    0x3F, 0xC0, 0x7F, 0xC0, 0x03, 0xFC, 0x07, 0xF8, 0x00, 0x3F, 0xC0, 0x7F, 0x80, 0x03, 0xFC, 0x07,
    0xF8, 0x00, 0x7F, 0xC0, 0xFF, 0x80, 0x07, 0xF8, 0x0F, 0xF8, 0x00, 0x7F, 0x80, 0xFF, 0x80, 0x07,
    0xF8, 0x0F, 0xF0, 0x00, 0x7F, 0x80, 0xFF, 0x00, 0x0F, 0xF8, 0x0F, 0xF0, 0x00, 0xFF, 0x81, 0xFF,
    0x00, 0x0F, 0xF0, 0x1F, 0xF0, 0x00, 0xFF, 0x01, 0xFE, 0x00, 0x1F, 0xF0, 0x1F, 0xE0, 0x01, 0xFF,
    0x01, 0xFE, 0x00, 0x3F, 0xF0, 0x1F, 0xF0, 0x07, 0xFE, 0x01, 0xFF, 0x00, 0xFF, 0xE0, 0x1F, 0xF8,
    0x3F, 0xFE, 0xE1, 0xFF, 0xFF, 0xFF, 0xFF, 0x1F, 0xFF, 0xFF, 0xFF, 0xF0, 0xFF, 0xFF, 0xFF, 0xFF,
    0x0F, 0xFF, 0xFF, 0xFF, 0xE0, 0x7F, 0xFF, 0x8F, 0xFC, 0x03, 0xFF, 0xF0, 0x7E, 0x00, 0x07, 0xF8,
    0x00, 0x00, 0x00, 0x00, 0x1F, 0xC0, 0x00, 0x00, 0x03, 0xFE, 0x00, 0x00, 0x00, 0x7F, 0xF0, 0x00,
    0x00, 0x07, 0xFF, 0x00, 0x00, 0x00, 0xFF, 0xF0, 0x00, 0x00, 0x1F, 0xFF, 0x80, 0x00, 0x03, 0xFF,
    0xF8, 0x00, 0x00, 0x3F, 0xFF, 0xC0, 0x00, 0x07, 0xFB, 0xFC, 0x00, 0x00, 0xFF, 0x3F, 0xC0, 0x00,
    0x1F, 0xE3, 0xFE, 0x00, 0x01, 0xFC, 0x1F, 0xE0, 0x00, 0x3F, 0xC1, 0xFF, 0x00, 0x07, 0xF8, 0x0F,
    0xF0, 0x00, 0x7F, 0x00, 0xFF, 0x00, 0x7F, 0xE0, 0x07, 0xFE, 0x1F, 0xF8, 0x00, 0x1F, 0xE7, 0xFF,
    0xC0, 0x01, 0xFE, 0xFF, 0xFC, 0x00, 0x1F, 0xEF, 0xFF, 0xC0, 0x01, 0xFE, 0x7F, 0xFC, 0x00, 0x1F,
    0xE7, 0xFF, 0xC0, 0x03, 0xFE, 0x27, 0xFC, 0x00, 0x3F, 0xC0, 0x7F, 0xC0, 0x03, 0xFC, 0x07, 0xFC,
    0x00, 0x3F, 0xC0, 0x7F, 0x80, 0x03, 0xFC, 0x07, 0xF8, 0x00, 0x7F, 0xC0, 0x7F, 0x80, 0x07, 0xF8,
    0x0F, 0xF8, 0x00, 0x7F, 0x80, 0xFF, 0x80, 0x07, 0xF8, 0x0F, 0xF0, 0x00, 0x7F, 0x80, 0xFF, 0x00,
    0x07, 0xF8, 0x0F, 0xF0, 0x00, 0xFF, 0x80, 0xFF, 0x00, 0x0F, 0xF0, 0x1F, 0xF0, 0x00, 0xFF, 0x01,
    0xFF, 0x00, 0x1F, 0xF0, 0x1F, 0xE0, 0x01, 0xFF, 0x01, 0xFE, 0x00, 0x3F, 0xF0, 0x1F, 0xE0, 0x03,
    0xFF, 0x01, 0xFF, 0x00, 0x7F, 0xE0, 0x1F, 0xF0, 0x0F, 0xFE, 0x61, 0xFF, 0x83, 0xFF, 0xFE, 0x1F,
    0xFF, 0xFF, 0xFF, 0xF1, 0xFF, 0xFF, 0xFF, 0xFF, 0x0F, 0xFF, 0xFF, 0xFF, 0xF0, 0xFF, 0xFF, 0xFF,
    0xFE, 0x07, 0xFF, 0xF8, 0xFF, 0x80, 0x1F, 0xFF, 0x07, 0xE0, 0x00, 0x7F, 0x80, 0x00, 0x00, 0x00,
    0x07, 0xC0, 0x3C, 0x00, 0x00, 0xFE, 0x0F, 0xF0, 0x00, 0x1F, 0xF1, 0xFF, 0x00, 0x03, 0xFF, 0x1F,
    0xF0, 0x00, 0x3F, 0xF3, 0xFF, 0x00, 0x03, 0xFF, 0x3F, 0xF0, 0x00, 0x3F, 0xE3, 0xFF, 0x00, 0x03,
    0xFC, 0x1F, 0xE0, 0x07, 0xFF, 0x80, 0xFF, 0xE1, 0xFF, 0x80, 0x01, 0xFE, 0x7F, 0xFC, 0x00, 0x1F,
    0xE7, 0xFF, 0xC0, 0x01, 0xFE, 0xFF, 0xFC, 0x00, 0x1F, 0xE7, 0xFF, 0xC0, 0x03, 0xFE, 0x7F, 0xFC,
    0x00, 0x3F, 0xE2, 0x7F, 0xC0, 0x03, 0xFC, 0x07, 0xFC, 0x00, 0x3F, 0xC0, 0x7F, 0xC0, 0x03, 0xFC,
    0x07, 0xF8, 0x00, 0x3F, 0xC0, 0x7F, 0x80, 0x07, 0xFC, 0x07, 0xF8, 0x00, 0x7F, 0x80, 0xFF, 0x80,
    0x07, 0xF8, 0x0F, 0xF8, 0x00, 0x7F, 0x80, 0xFF, 0x00, 0x07, 0xF8, 0x0F, 0xF0, 0x00, 0x7F, 0x80,
    0xFF, 0x00, 0x0F, 0xF8, 0x0F, 0xF0, 0x00, 0xFF, 0x01, 0xFF, 0x00, 0x0F, 0xF0, 0x1F, 0xF0, 0x01,
    0xFF, 0x01, 0xFE, 0x00, 0x1F, 0xF0, 0x1F, 0xE0, 0x03, 0xFF, 0x01, 0xFE, 0x00, 0x3F, 0xF0, 0x1F,
    0xF0, 0x07, 0xFE, 0x01, 0xFF, 0x00, 0xFF, 0xE6, 0x1F, 0xF8, 0x3F, 0xFF, 0xE1, 0xFF, 0xFF, 0xFF,
    0xFF, 0x1F, 0xFF, 0xFF, 0xFF, 0xF0, 0xFF, 0xFF, 0xFF, 0xFF, 0x0F, 0xFF, 0xFF, 0xFF, 0xE0, 0x7F,
    0xFF, 0x8F, 0xF8, 0x01, 0xFF, 0xF0, 0x7E, 0x00, 0x07, 0xF8, 0x00, 0x00, 0x00, 0x00, 0x00, 0x3F,
    0xC0, 0x00, 0x00, 0x07, 0xF8, 0x00, 0x00, 0x01, 0xFF, 0x00, 0x00, 0x00, 0x7F, 0xC0, 0x00, 0x00,
    0x1F, 0xF0, 0x00, 0x00, 0x07, 0xFC, 0x00, 0x00, 0x01, 0xFF, 0x00, 0x00, 0x00, 0x7F, 0xC0, 0x00,
    0x00, 0x1F, 0xF0, 0x00, 0x00, 0x07, 0xFC, 0x00, 0x00, 0x01, 0xFF, 0x00, 0x00, 0x00, 0x7F, 0xC0,
    0x00, 0x00, 0x1F, 0xF0, 0x00, 0x00, 0x03, 0xFC, 0x00, 0x00, 0xFC, 0x00, 0x03, 0xF8, 0xFF, 0xC0,
    0x00, 0xFF, 0x3F, 0xFC, 0x00, 0x1F, 0xEF, 0xFF, 0x80, 0x03, 0xFF, 0xFF, 0xF0, 0x00, 0x7F, 0xBF,
    0xFE, 0x00, 0x1F, 0xF7, 0xFF, 0xC0, 0x03, 0xFC, 0x6F, 0xF8, 0x00, 0x7F, 0x81, 0xFF, 0x00, 0x0F,
    0xF0, 0x3F, 0xE0, 0x01, 0xFE, 0x07, 0xF8, 0x00, 0x3F, 0xC0, 0xFF, 0x00, 0x0F, 0xF8, 0x1F, 0xE0,
    0x01, 0xFE, 0x07, 0xFC, 0x00, 0x3F, 0xC0, 0xFF, 0x80, 0x07, 0xF8, 0x1F, 0xE0, 0x00, 0xFF, 0x03,
    0xFC, 0x00, 0x3F, 0xE0, 0x7F, 0x80, 0x07, 0xFC, 0x0F, 0xF0, 0x00, 0xFF, 0x03, 0xFE, 0x00, 0x1F,
    0xE0, 0x7F, 0xC0, 0x07, 0xFC, 0x0F, 0xF0, 0x00, 0xFF, 0x81, 0xFE, 0x00, 0x3F, 0xF0, 0x3F, 0xC0,
    0x07, 0xFC, 0x07, 0xFC, 0x01, 0xFF, 0x80, 0xFF, 0x80, 0x7F, 0xF0, 0x1F, 0xF8, 0x3F, 0xFE, 0x03,
    0xFF, 0xFF, 0xFF, 0xC0, 0x7F, 0xFF, 0xFF, 0xF8, 0x07, 0xFF, 0xFF, 0xFE, 0x00, 0xFF, 0xFF, 0xFF,
    0xC0, 0x0F, 0xFF, 0xFF, 0xF8, 0x00, 0xFF, 0xFC, 0xFF, 0x00, 0x03, 0xFC, 0x1F, 0xE0, 0x00, 0x00,
    0x07, 0xF8, 0x00, 0x00, 0x00, 0xFF, 0x00, 0x00, 0x00, 0x1F, 0xE0, 0x00, 0x00, 0x07, 0xF8, 0x00,
    0x00, 0x01, 0xFF, 0x00, 0x00, 0x00, 0x3F, 0xC0, 0x1C, 0x00, 0x1F, 0xF8, 0x03, 0xF0, 0x0F, 0xFE,
    0x00, 0xFF, 0xFF, 0xFF, 0x80, 0x1F, 0xFF, 0xFF, 0xF0, 0x03, 0xFF, 0xFF, 0xFC, 0x00, 0x7F, 0xFF,
    0xFE, 0x00, 0x0F, 0xFF, 0xFF, 0x80, 0x00, 0xFF, 0xFF, 0xC0, 0x00, 0x01, 0xFF, 0xC0, 0x00, 0x00,
    0x00, 0x1F, 0x00, 0x00, 0x00, 0x01, 0xFF, 0x00, 0x00, 0x00, 0x1F, 0xFC, 0x00, 0x00, 0x01, 0xFF,
    0xF8, 0x00, 0x00, 0x07, 0xFF, 0xE0, 0x00, 0x00, 0x1F, 0xFF, 0x80, 0x00, 0x00, 0x3F, 0xFE, 0x00,
    0x00, 0x00, 0xEF, 0xF8, 0x00, 0x00, 0x00, 0x3F, 0xC0, 0x00, 0x00, 0x00, 0xFF, 0x00, 0x00, 0x00,
    0x03, 0xFC, 0x00, 0x00, 0x00, 0x0F, 0xF0, 0x00, 0x00, 0x00, 0x3F, 0xC0, 0x00, 0x00, 0x01, 0xFE,
    0x00, 0x00, 0x00, 0x07, 0xF8, 0x00, 0x00, 0x00, 0x1F, 0xE0, 0x00, 0x00, 0x00, 0x7F, 0x80, 0x00,
    0x00, 0x01, 0xFE, 0x00, 0x00, 0x00, 0x0F, 0xF8, 0x00, 0x00, 0x00, 0x3F, 0xC0, 0xFF, 0x00, 0x00,
    0xFF, 0x1F, 0xFF, 0x80, 0x03, 0xFD, 0xFF, 0xFF, 0x00, 0x0F, 0xFF, 0xFF, 0xFE, 0x00, 0x3F, 0xFF,
    0xFF, 0xFC, 0x01, 0xFF, 0xFF, 0xFF, 0xF8, 0x07, 0xFF, 0xFF, 0xFF, 0xE0, 0x1F, 0xFF, 0x83, 0xFF,
    0xC0, 0x7F, 0xF8, 0x03, 0xFF, 0x01, 0xFF, 0xC0, 0x0F, 0xFC, 0x0F, 0xFE, 0x00, 0x1F, 0xF0, 0x3F,
    0xF0, 0x00, 0x7F, 0xC0, 0xFF, 0x80, 0x01, 0xFF, 0x03, 0xFE, 0x00, 0x03, 0xFC, 0x0F, 0xF0, 0x00,
    0x0F, 0xF0, 0x3F, 0xC0, 0x00, 0x7F, 0xC1, 0xFF, 0x00, 0x01, 0xFF, 0x07, 0xFC, 0x00, 0x07, 0xFC,
    0x1F, 0xE0, 0x00, 0x1F, 0xF0, 0x7F, 0x80, 0x00, 0x7F, 0xC1, 0xFE, 0x00, 0x03, 0xFE, 0x07, 0xF8,
    0x00, 0x0F, 0xF8, 0x3F, 0xF0, 0x00, 0x3F, 0xE0, 0xFF, 0xC0, 0x01, 0xFF, 0x03, 0xFF, 0x00, 0x0F,
    0xFC, 0x0F, 0xFE, 0x00, 0x3F, 0xE0, 0x3F, 0xFC, 0x03, 0xFF, 0x01, 0xFF, 0xF8, 0x1F, 0xFC, 0x07,
    0xFF, 0xFF, 0xFF, 0xE0, 0x1F, 0xFF, 0xFF, 0xFF, 0x00, 0x7F, 0xFF, 0xFF, 0xF8, 0x01, 0xFF, 0xFF,
    0xFF, 0xC0, 0x07, 0xFF, 0xFF, 0xFE, 0x00, 0x3F, 0xE7, 0xFF, 0xE0, 0x00, 0xFF, 0x07, 0xFC, 0x00,
    0x03, 0xFC, 0x00, 0x00, 0x00, 0x0F, 0xF0, 0x00, 0x00, 0x00, 0x3F, 0xC0, 0x00, 0x00, 0x00, 0xFF,
    0x00, 0x00, 0x00, 0x07, 0xFC, 0x00, 0x00, 0x00, 0x1F, 0xE0, 0x00, 0x00, 0x00, 0x7F, 0x80, 0x00,
    0x00, 0x01, 0xFE, 0x00, 0x00, 0x00, 0x07, 0xF8, 0x00, 0x00, 0x00, 0x3F, 0xE0, 0x00, 0x00, 0x00,
    0xFF, 0x80, 0x00, 0x00, 0x03, 0xFC, 0x00, 0x00, 0x00, 0x0F, 0xF0, 0x00, 0x00, 0x00, 0x3F, 0xC0,
    0x00, 0x00, 0x00, 0x00, 0x07, 0xC0, 0x3C, 0x00, 0x01, 0xFC, 0x1F, 0xC0, 0x00, 0x7F, 0xC7, 0xFC,
    0x00, 0x1F, 0xF9, 0xFF, 0x80, 0x03, 0xFF, 0x3F, 0xF0, 0x00, 0x7F, 0xC7, 0xFE, 0x00, 0x0F, 0xF8,
    0xFF, 0x80, 0x07, 0xFE, 0x0F, 0xFE, 0x0F, 0xFF, 0x00, 0xFF, 0xE7, 0xFF, 0x80, 0x03, 0xFD, 0xFF,
    0xF0, 0x00, 0x7F, 0xFF, 0xFE, 0x00, 0x0F, 0xF7, 0xFF, 0xC0, 0x03, 0xFE, 0xFF, 0xF8, 0x00, 0x7F,
    0xDE, 0xFF, 0x00, 0x0F, 0xF0, 0x3F, 0xE0, 0x01, 0xFE, 0x07, 0xFC, 0x00, 0x3F, 0xC0, 0xFF, 0x00,
    0x07, 0xF8, 0x1F, 0xE0, 0x01, 0xFF, 0x03, 0xFC, 0x00, 0x3F, 0xE0, 0x7F, 0x80, 0x07, 0xF8, 0x1F,
    0xF0, 0x00, 0xFF, 0x03, 0xFE, 0x00, 0x1F, 0xE0, 0x7F, 0x80, 0x03, 0xFC, 0x0F, 0xF0, 0x00, 0xFF,
    0x81, 0xFE, 0x00, 0x1F, 0xE0, 0x7F, 0xC0, 0x03, 0xFC, 0x0F, 0xF8, 0x00, 0x7F, 0x81, 0xFF, 0x00,
    0x1F, 0xF0, 0x3F, 0xC0, 0x03, 0xFE, 0x07, 0xF8, 0x00, 0xFF, 0xC0, 0xFF, 0x00, 0x1F, 0xF0, 0x1F,
    0xF0, 0x07, 0xFE, 0x03, 0xFE, 0x01, 0xFF, 0xC0, 0x7F, 0xE0, 0xFF, 0xF8, 0x0F, 0xFF, 0xFF, 0xFF,
    0x01, 0xFF, 0xFF, 0xFF, 0xE0, 0x1F, 0xFF, 0xFF, 0xF8, 0x03, 0xFF, 0xFF, 0xFF, 0x00, 0x3F, 0xFF,
    0xFF, 0xE0, 0x01, 0xFF, 0xF3, 0xFC, 0x00, 0x0F, 0xF0, 0x7F, 0x00, 0x00, 0x00, 0x1F, 0xE0, 0x00,
    0x00, 0x03, 0xFC, 0x00, 0x00, 0x00, 0x7F, 0x80, 0x00, 0x00, 0x1F, 0xE0, 0x00, 0x00, 0x07, 0xFC,
    0x00, 0x00, 0x00, 0xFF, 0x00, 0x70, 0x00, 0x7F, 0xE0, 0x0F, 0xC0, 0x3F, 0xF8, 0x03, 0xFF, 0xFF,
    0xFE, 0x00, 0x7F, 0xFF, 0xFF, 0xC0, 0x0F, 0xFF, 0xFF, 0xF0, 0x01, 0xFF, 0xFF, 0xF8, 0x00, 0x3F,
    0xFF, 0xFE, 0x00, 0x03, 0xFF, 0xFF, 0x00, 0x00, 0x07, 0xFF, 0x00, 0x00, 0x00, 0x00, 0x00, 0x07,
    0xFF, 0xFF, 0xFF, 0xFF, 0xF8, 0x00, 0x03, 0xFF, 0xFF, 0xFF, 0xFF, 0xFF, 0xC0, 0x00, 0x7F, 0xFF,
    0xFF, 0xFF, 0xFF, 0xFE, 0x00, 0x0F, 0xFF, 0xFF, 0xFF, 0xFF, 0xFF, 0xF0, 0x00, 0xFF, 0xFF, 0xFF,
    0xFF, 0xFF, 0xFF, 0x00, 0x1F, 0xFF, 0xFF, 0xFF, 0xFF, 0xFF, 0xF8, 0x01, 0xFF, 0xFF, 0xFF, 0xFF,
    0xFF, 0xFF, 0xC0, 0x1F, 0xFF, 0x80, 0x3F, 0xE0, 0x00, 0x00, 0x01, 0xFF, 0xE0, 0x00, 0xFF, 0x00,
    0x00, 0x00, 0x1F, 0xFC, 0x00, 0x07, 0xF8, 0x00, 0x00, 0x00, 0xFF, 0xC0, 0x00, 0x7F, 0xC0, 0x00,
    0x00, 0x0F, 0xFC, 0x00, 0x03, 0xFE, 0x00, 0x00, 0x00, 0xFF, 0xC0, 0x00, 0x1F, 0xF0, 0x00, 0x00,
    0x07, 0xFE, 0x00, 0x00, 0xFF, 0x00, 0x00, 0x00, 0x7F, 0xE0, 0x00, 0x07, 0xF8, 0x00, 0x00, 0x03,
    0xFE, 0x00, 0x00, 0x3F, 0xC0, 0x00, 0x00, 0x3F, 0xF0, 0x00, 0x03, 0xFE, 0x00, 0x00, 0x01, 0xFF,
    0x00, 0x00, 0x1F, 0xF0, 0x00, 0x00, 0x0F, 0xF8, 0x00, 0x00, 0xFF, 0x80, 0x00, 0x00, 0xFF, 0xC0,
    0x00, 0x07, 0xF8, 0x00, 0x00, 0x07, 0xFC, 0x00, 0x00, 0x3F, 0xFF, 0xFF, 0xE0, 0x3F, 0xE0, 0x00,
    0x03, 0xFF, 0xFF, 0xFF, 0x81, 0xFF, 0x00, 0x00, 0x1F, 0xFF, 0xFF, 0xF8, 0x1F, 0xF8, 0x00, 0x00,
    0xFF, 0xFF, 0xFF, 0xC0, 0xFF, 0x80, 0x00, 0x07, 0xFF, 0xFF, 0xFE, 0x07, 0xFC, 0x00, 0x00, 0x3F,
    0xFF, 0xFF, 0xF0, 0x3F, 0xE0, 0x00, 0x01, 0xFF, 0xFF, 0xFF, 0x01, 0xFF, 0x00, 0x00, 0x1F, 0xF0,
    0x00, 0x00, 0x0F, 0xF8, 0x00, 0x00, 0xFF, 0x80, 0x00, 0x00, 0x7F, 0xC0, 0x00, 0x07, 0xFC, 0x00,
    0x00, 0x03, 0xFE, 0x00, 0x00, 0x3F, 0xC0, 0x00, 0x00, 0x1F, 0xF0, 0x00, 0x01, 0xFE, 0x00, 0x00,
    0x00, 0xFF, 0x80, 0x00, 0x1F, 0xF0, 0x00, 0x00, 0x07, 0xFC, 0x00, 0x00, 0xFF, 0x80, 0x00, 0x00,
    0x3F, 0xE0, 0x00, 0x07, 0xFC, 0x00, 0x00, 0x01, 0xFF, 0x80, 0x00, 0x3F, 0xC0, 0x00, 0x00, 0x0F,
    0xFC, 0x00, 0x01, 0xFE, 0x00, 0x00, 0x00, 0x7F, 0xF0, 0x00, 0x0F, 0xF0, 0x00, 0x00, 0x01, 0xFF,
    0x80, 0x00, 0xFF, 0x80, 0x00, 0x00, 0x0F, 0xFE, 0x00, 0x07, 0xFC, 0x00, 0x00, 0x00, 0x3F, 0xF8,
    0x00, 0x3F, 0xE0, 0x00, 0x00, 0x01, 0xFF, 0xF8, 0x01, 0xFE, 0x00, 0x00, 0x00, 0x07, 0xFF, 0xFF,
    0xFF, 0xFF, 0xFF, 0xFF, 0xC0, 0x1F, 0xFF, 0xFF, 0xFF, 0xFF, 0xFF, 0xFE, 0x00, 0xFF, 0xFF, 0xFF,
    0xFF, 0xFF, 0xFF, 0xE0, 0x01, 0xFF, 0xFF, 0xFF, 0xFF, 0xFF, 0xFF, 0x00, 0x07, 0xFF, 0xFF, 0xFF,
    0xFF, 0xFF, 0xF8, 0x00, 0x0F, 0xFF, 0xFF, 0xFF, 0xFF, 0xFF, 0xC0, 0x00, 0x07, 0xFF, 0xFF, 0xFF,
    0xFF, 0xFC, 0x00, 0x00, 0x01, 0xFF, 0x00, 0x03, 0xFE, 0x00, 0x00, 0x1F, 0xFF, 0x80, 0x1F, 0xFF,
    0x80, 0x00, 0xFF, 0xFF, 0xC0, 0xFF, 0xFF, 0x80, 0x07, 0xFF, 0xFF, 0xC7, 0xFF, 0xFF, 0x80, 0x1F,
    0xFF, 0xFF, 0xDF, 0xFF, 0xFF, 0x80, 0x7F, 0xFF, 0xFF, 0xFF, 0xFF, 0xFF, 0x01, 0xFF, 0xFF, 0xFF,
    0xFF, 0xFF, 0xFF, 0x07, 0xFF, 0x03, 0xFF, 0xFE, 0x07, 0xFE, 0x0F, 0xFC, 0x03, 0xFF, 0xF8, 0x07,
    0xFC, 0x3F, 0xE0, 0x03, 0xFF, 0xE0, 0x07, 0xFC, 0xFF, 0xC0, 0x03, 0xFF, 0x80, 0x0F, 0xF9, 0xFF,
    0x00, 0x07, 0xFE, 0x00, 0x1F, 0xF3, 0xFC, 0x00, 0x0F, 0xFC, 0x00, 0x3F, 0xEF, 0xF8, 0x00, 0x1F,
    0xF0, 0x00, 0x7F, 0xDF, 0xF0, 0x00, 0x3F, 0xFF, 0xFF, 0xFF, 0xBF, 0xC0, 0x00, 0x7F, 0xFF, 0xFF,
    0xFF, 0xFF, 0x80, 0x00, 0xFF, 0xFF, 0xFF, 0xFD, 0xFF, 0x00, 0x01, 0xFF, 0xFF, 0xFF, 0xFB, 0xFE,
    0x00, 0x03, 0xFF, 0xFF, 0xFF, 0xF7, 0xFC, 0x00, 0x07, 0xFF, 0xFF, 0xFF, 0xEF, 0xF8, 0x00, 0x1F,
    0xFF, 0xFF, 0xFF, 0x9F, 0xF0, 0x00, 0x3F, 0xE0, 0x00, 0x00, 0x3F, 0xE0, 0x00, 0xFF, 0xC0, 0x00,
    0x00, 0x7F, 0xC0, 0x01, 0xFF, 0x80, 0x00, 0x00, 0xFF, 0x80, 0x07, 0xFF, 0x80, 0x00, 0x01, 0xFF,
    0x80, 0x1F, 0xFF, 0x00, 0x00, 0x01, 0xFF, 0x80, 0x7F, 0xFF, 0x00, 0x07, 0x03, 0xFF, 0x83, 0xFF,
    0xFF, 0x80, 0xFE, 0x07, 0xFF, 0xFF, 0xFF, 0xFF, 0xFF, 0xFC, 0x07, 0xFF, 0xFF, 0xFF, 0xFF, 0xFF,
    0xF8, 0x07, 0xFF, 0xFF, 0xEF, 0xFF, 0xFF, 0xF0, 0x0F, 0xFF, 0xFF, 0x8F, 0xFF, 0xFF, 0xC0, 0x07,
    0xFF, 0xFC, 0x0F, 0xFF, 0xFF, 0x80, 0x07, 0xFF, 0xE0, 0x07, 0xFF, 0xFC, 0x00, 0x01, 0xFF, 0x00,
    0x01, 0xFF, 0x80, 0x00, 0x00, 0x04, 0x00, 0x00, 0x02, 0x00, 0x07, 0xC0, 0x00, 0x07, 0x80, 0x03,
    0xFC, 0x00, 0x1F, 0xE0, 0x01, 0xFF, 0x80, 0x7F, 0xE0, 0x00, 0xFF, 0xF9, 0xFF, 0xF0, 0x00, 0x7F,
    0xFF, 0xFF, 0xF8, 0x00, 0x7F, 0xFF, 0xFF, 0xF8, 0x00, 0x0F, 0xFF, 0xFF, 0xF8, 0x00, 0x01, 0xFF,
    0xFF, 0xF0, 0x00, 0x00, 0x3F, 0xFF, 0xC0, 0x00, 0x00, 0x07, 0xFF, 0x80, 0x00, 0x00, 0x00, 0xFE,
    0x00, 0x00, 0x00, 0x01, 0xFF, 0xE0, 0x00, 0x00, 0x07, 0xFF, 0xFF, 0x00, 0x00, 0x0F, 0xFF, 0xFF,
    0xE0, 0x00, 0x1F, 0xFF, 0xFF, 0xF8, 0x00, 0x1F, 0xFF, 0xFF, 0xF8, 0x00, 0x1F, 0xFF, 0xFF, 0xFC,
    0x00, 0x1F, 0xFF, 0xFF, 0xFC, 0x00, 0x1F, 0xFE, 0x01, 0xFE, 0x00, 0x1F, 0xF8, 0x00, 0x0E, 0x00,
    0x0F, 0xF8, 0x00, 0x00, 0x00, 0x0F, 0xF8, 0x00, 0x00, 0x00, 0x07, 0xF8, 0x00, 0x00, 0x00, 0x03,
    0xFC, 0x00, 0x00, 0x00, 0x01, 0xFE, 0x00, 0x00, 0x00, 0x01, 0xFF, 0x00, 0x00, 0x00, 0x00, 0xFF,
    0x80, 0x00, 0x00, 0x00, 0x7F, 0xC0, 0x00, 0x00, 0x00, 0x3F, 0xF0, 0x00, 0x00, 0x00, 0x1F, 0xFE,
    0x00, 0x00, 0x00, 0x0F, 0xFF, 0xC0, 0x00, 0x00, 0x03, 0xFF, 0xF8, 0x00, 0x00, 0x01, 0xFF, 0xFF,
    0x80, 0x00, 0x00, 0x7F, 0xFF, 0xF0, 0x00, 0x00, 0x1F, 0xFF, 0xFE, 0x00, 0x00, 0x07, 0xFF, 0xFF,
    0xC0, 0x00, 0x01, 0xFF, 0xFF, 0xF0, 0x00, 0x00, 0x7F, 0xFF, 0xFC, 0x00, 0x00, 0x0F, 0xFF, 0xFE,
    0x00, 0x00, 0x00, 0xFF, 0xFF, 0x80, 0x00, 0x00, 0x1F, 0xFF, 0xC0, 0x00, 0x00, 0x01, 0xFF, 0xE0,
    0x00, 0x00, 0x00, 0x7F, 0xF8, 0x00, 0x00, 0x00, 0x1F, 0xFC, 0x00, 0x00, 0x00, 0x07, 0xFE, 0x00,
    0x00, 0x00, 0x01, 0xFF, 0x00, 0x00, 0x00, 0x00, 0xFF, 0x00, 0x00, 0x00, 0x00, 0x7F, 0x80, 0x00,
    0x00, 0x00, 0x7F, 0xC0, 0x00, 0x00, 0x00, 0x3F, 0xE0, 0x00, 0x00, 0x00, 0x1F, 0xE0, 0x00, 0x00,
    0x00, 0x1F, 0xF0, 0x03, 0x80, 0x00, 0x1F, 0xF8, 0x01, 0xF0, 0x00, 0x1F, 0xF8, 0x00, 0xFF, 0x00,
    0x7F, 0xF8, 0x00, 0xFF, 0xFF, 0xFF, 0xFC, 0x00, 0x7F, 0xFF, 0xFF, 0xFC, 0x00, 0x3F, 0xFF, 0xFF,
    0xFC, 0x00, 0x1F, 0xFF, 0xFF, 0xF8, 0x00, 0x0F, 0xFF, 0xFF, 0xF8, 0x00, 0x00, 0xFF, 0xFF, 0xE0,
    0x00, 0x00, 0x07, 0xFF, 0x80, 0x00, 0x00, 0x00, 0x3E, 0x00, 0x3E, 0x00, 0x7F, 0x00, 0x7F, 0x00,
    0x7F, 0x80, 0xFE, 0x00, 0x7F, 0x81, 0xFE, 0x00, 0x7F, 0xC3, 0xFC, 0x00, 0x3F, 0xC3, 0xF8, 0x00,
    0x3F, 0xC7, 0xF0, 0x00, 0x1F, 0xEF, 0xF0, 0x00, 0x1F, 0xFF, 0xE0, 0x00, 0x1F, 0xFF, 0xC0, 0x00,
    0x0F, 0xFF, 0x80, 0x00, 0x0F, 0xFF, 0x80, 0x00, 0x07, 0xFF, 0x00, 0x00, 0x07, 0xFE, 0x00, 0x00,
    0x07, 0xFC, 0x00, 0x00, 0x1F, 0xFF, 0x80, 0x00, 0x7F, 0xFF, 0xE0, 0x00, 0xFF, 0xFF, 0xF0, 0x01,
    0xFF, 0xFF, 0xF0, 0x03, 0xFF, 0xFF, 0xF0, 0x07, 0xFF, 0xFF, 0xE0, 0x0F, 0xFE, 0x1F, 0xE0, 0x0F,
    0xF0, 0x01, 0xC0, 0x0F, 0xF0, 0x00, 0x00, 0x1F, 0xF0, 0x00, 0x00, 0x1F, 0xF0, 0x00, 0x00, 0x1F,
    0xFC, 0x00, 0x00, 0x1F, 0xFF, 0x80, 0x00, 0x1F, 0xFF, 0xF0, 0x00, 0x0F, 0xFF, 0xFC, 0x00, 0x0F,
    0xFF, 0xFF, 0x00, 0x07, 0xFF, 0xFF, 0x80, 0x03, 0xFF, 0xFF, 0xC0, 0x00, 0xFF, 0xFF, 0xC0, 0x00,
    0x1F, 0xFF, 0xC0, 0x00, 0x01, 0xFF, 0xC0, 0x00, 0x00, 0x7F, 0xC0, 0x00, 0x00, 0x3F, 0xC0, 0x00,
    0x00, 0x3F, 0xC0, 0x70, 0x00, 0x7F, 0xC0, 0xFC, 0x00, 0x7F, 0x80, 0xFF, 0x01, 0xFF, 0x80, 0xFF,
    0xFF, 0xFF, 0x00, 0xFF, 0xFF, 0xFF, 0x00, 0xFF, 0xFF, 0xFE, 0x00, 0xFF, 0xFF, 0xFC, 0x00, 0x7F,
    0xFF, 0xF0, 0x00, 0x1F, 0xFF, 0xE0, 0x00, 0x03, 0xFE, 0x00, 0x00, 0x00, 0x07, 0xC0, 0x07, 0x80,
    0x00, 0x03, 0xF8, 0x07, 0xF8, 0x00, 0x01, 0xFE, 0x03, 0xFE, 0x00, 0x00, 0xFF, 0xC0, 0xFF, 0xC0,
    0x00, 0x3F, 0xF0, 0x7F, 0xF0, 0x00, 0x1F, 0xFC, 0x1F, 0xF8, 0x00, 0x07, 0xFE, 0x07, 0xFE, 0x00,
    0x00, 0xFF, 0x80, 0xFF, 0x00, 0x00, 0x3F, 0xC0, 0x3F, 0xC0, 0x00, 0x03, 0xC0, 0x07, 0xC0, 0x00,
    0x00, 0x00, 0x00, 0x00, 0x01, 0xFF, 0x00, 0x00, 0x01, 0xFE, 0xFF, 0xE0, 0x00, 0x00, 0xFF, 0xFF,
    0xF8, 0x00, 0x00, 0x7F, 0xEF, 0xFF, 0x00, 0x00, 0x3F, 0xFB, 0xFF, 0xC0, 0x00, 0x0F, 0xFE, 0xFF,
    0xF0, 0x00, 0x07, 0xFF, 0xBF, 0xFE, 0x00, 0x03, 0xFF, 0xC0, 0xFF, 0x80, 0x01, 0xFF, 0x00, 0x3F,
    0xF0, 0x00, 0x7F, 0x80, 0x07, 0xFC, 0x00, 0x3F, 0xE0, 0x01, 0xFF, 0x80, 0x1F, 0xF0, 0x00, 0x7F,
    0xE0, 0x0F, 0xF8, 0x00, 0x0F, 0xFC, 0x03, 0xFC, 0x00, 0x03, 0xFF, 0x01, 0xFF, 0x00, 0x00, 0x7F,
    0xC0, 0xFF, 0x80, 0x00, 0x1F, 0xF8, 0x7F, 0xC0, 0x00, 0x03, 0xFE, 0x1F, 0xE0, 0x00, 0x00, 0xFF,
    0xCF, 0xF8, 0x00, 0x00, 0x1F, 0xF7, 0xFC, 0x00, 0x00, 0x07, 0xFF, 0xFE, 0x00, 0x00, 0x01, 0xFF,
    0xFF, 0x00, 0x00, 0x00, 0x3F, 0xFF, 0xC0, 0x00, 0x00, 0x0F, 0xFF, 0xE0, 0x00, 0x00, 0x01, 0xFF,
    0xF0, 0x00, 0x00, 0x00, 0x7F, 0xF8, 0x00, 0x00, 0x00, 0x0F, 0xFE, 0x00, 0x00, 0x00, 0x03, 0xFF,
    0x00, 0x00, 0x00, 0x00, 0x7F, 0x80, 0x00, 0x00, 0x00, 0x3F, 0xE0, 0x00, 0x00, 0x00, 0x0F, 0xF8,
    0x00, 0x00, 0x00, 0x03, 0xFE, 0x00, 0x00, 0x00, 0x00, 0xFF, 0x80, 0x00, 0x00, 0x00, 0x3F, 0xC0,
    0x00, 0x00, 0x00, 0x0F, 0xF0, 0x00, 0x00, 0x00, 0x07, 0xFC, 0x00, 0x00, 0x00, 0x01, 0xFF, 0x00,
    0x00, 0x00, 0x00, 0x7F, 0xC0, 0x00, 0x00, 0x00, 0x1F, 0xE0, 0x00, 0x00, 0x00, 0x07, 0xF8, 0x00,
    0x00, 0x00, 0x03, 0xFE, 0x00, 0x00, 0x00, 0x00, 0xFF, 0x80, 0x00, 0x00, 0x00, 0x3F, 0xE0, 0x00,
    0x00, 0x00, 0xFF, 0xFF, 0x00, 0x00, 0x00, 0x3F, 0xFF, 0xC0, 0x00, 0x00, 0x0F, 0xFF, 0xF0, 0x00,
    0x00, 0x03, 0xFF, 0xFC, 0x00, 0x00, 0x01, 0xFF, 0xFF, 0x00, 0x00, 0x00, 0x7F, 0xFF, 0x80, 0x00,
    0x00, 0x1F, 0xFF, 0xE0, 0x00, 0x00, 0x7F, 0xFF, 0xFF, 0xFF, 0xF7, 0xFF, 0xFF, 0xFF, 0xFF, 0x7F,
    0xFF, 0xFF, 0xFF, 0xFF, 0xFF, 0xFF, 0xFF, 0xFF, 0xFF, 0xFF, 0xFF, 0xFF, 0xFF, 0xFF, 0xFF, 0xFF,
    0xFE, 0xFF, 0xFF, 0xFF, 0xFF, 0xE0, 0x7F, 0xFF, 0xFF, 0xFF, 0xFF, 0xFF, 0xFF, 0xFF, 0xF9, 0xFF,
    0xFF, 0xFF, 0xFF, 0xFF, 0xFF, 0xFF, 0xFF, 0xF7, 0xFF, 0xFF, 0xFF, 0xFF, 0xFF, 0xFF, 0xFF, 0xFF,
    0xBF, 0xFF, 0xFF, 0xFF, 0xFF, 0xFF, 0xFF, 0xFF, 0xFE, 0xFF, 0xFF, 0xFF, 0xFF, 0xFF, 0xFF, 0xFF,
    0xFF, 0xFB, 0xFF, 0xFF, 0xFF, 0xFF, 0xFF, 0xFF, 0xFF, 0xFF, 0xEF, 0xFF, 0xFF, 0xFF, 0xFF, 0xFF,
    0xFF, 0xFF, 0xFF, 0x00, 0x00, 0x38, 0x00, 0x7E, 0x00, 0xFF, 0x01, 0xFE, 0x03, 0xFC, 0x07, 0xFC,
    0x07, 0xF8, 0x0F, 0xF8, 0x1F, 0xF0, 0x1F, 0xF0, 0x3F, 0xE0, 0x3F, 0xE0, 0x7F, 0xC0, 0x7F, 0xC0,
    0xFF, 0x80, 0x7F, 0x80, 0x07, 0x00, 0x01, 0xE0, 0x03, 0xFC, 0x0F, 0xF8, 0x1F, 0xF0, 0x7F, 0xC0,
    0xFF, 0x83, 0xFE, 0x07, 0xFC, 0x1F, 0xF0, 0x3F, 0xC0, 0xFF, 0x81, 0xFE, 0x07, 0xF8, 0x1F, 0xF0,
    0x3F, 0xC0, 0x7F, 0x00, 0x7C, 0x00, 0x30, 0x00, 0x01, 0xE0, 0x03, 0xFC, 0x0F, 0xF8, 0x1F, 0xF0,
    0x3F, 0xE0, 0xFF, 0x81, 0xFF, 0x07, 0xFC, 0x0F, 0xF0, 0x3F, 0xE0, 0x7F, 0x81, 0xFE, 0x07, 0xFC,
    0x0F, 0xF0, 0x3F, 0xC0, 0x7F, 0x00, 0x7C, 0x00, 0x10, 0x00, 0x00, 0x3C, 0x03, 0xC0, 0x07, 0xF0,
    0x7F, 0x00, 0xFF, 0x0F, 0xF0, 0x0F, 0xF8, 0xFF, 0x01, 0xFE, 0x1F, 0xE0, 0x3F, 0xE3, 0xFE, 0x07,
    0xFC, 0x7F, 0xC0, 0xFF, 0x8F, 0xF8, 0x0F, 0xF8, 0xFF, 0x81, 0xFF, 0x1F, 0xF0, 0x3F, 0xF3, 0xFF,
    0x03, 0xFE, 0x3F, 0xE0, 0x7F, 0xE7, 0xFE, 0x07, 0xFC, 0x7F, 0xC0, 0xFF, 0xCF, 0xFC, 0x07, 0xF8,
    0x7F, 0x80, 0x07, 0x80, 0x78, 0x00, 0x00, 0xE0, 0x0E, 0x00, 0x1F, 0xE1, 0xFE, 0x01, 0xFF, 0x1F,
    0xF0, 0x3F, 0xF3, 0xFF, 0x03, 0xFE, 0x3F, 0xE0, 0x7F, 0xE7, 0xFE, 0x07, 0xFC, 0x7F, 0xC0, 0xFF,
    0x8F, 0xF8, 0x0F, 0xF8, 0xFF, 0x81, 0xFF, 0x1F, 0xF0, 0x1F, 0xF1, 0xFF, 0x03, 0xFE, 0x3F, 0xE0,
    0x7F, 0xC7, 0xFC, 0x07, 0xF8, 0x7F, 0x80, 0xFF, 0x0F, 0xF0, 0x0F, 0xF0, 0xFF, 0x00, 0x7E, 0x07,
    0xE0, 0x00, 0xC0, 0x0C, 0x00, 0x00, 0xF0, 0x0F, 0x00, 0x1F, 0xF1, 0xFF, 0x01, 0xFF, 0x1F, 0xF0,
    0x3F, 0xF3, 0xFF, 0x03, 0xFE, 0x3F, 0xE0, 0x7F, 0xE7, 0xFE, 0x07, 0xFC, 0x7F, 0xC0, 0xFF, 0xCF,
    0xFC, 0x0F, 0xF8, 0xFF, 0x81, 0xFF, 0x1F, 0xF0, 0x1F, 0xF1, 0xFF, 0x03, 0xFE, 0x3F, 0xE0, 0x3F,
    0xC3, 0xFC, 0x07, 0xF8, 0x7F, 0x80, 0xFF, 0x8F, 0xF8, 0x0F, 0xF0, 0xFF, 0x00, 0x7E, 0x07, 0xE0,
    0x00, 0x80, 0x08, 0x00, 0x00, 0x00, 0xFF, 0x00, 0x00, 0x00, 0x7F, 0xC0, 0x00, 0x00, 0x1F, 0xF0,
    0x00, 0x00, 0x07, 0xFC, 0x00, 0x00, 0x01, 0xFE, 0x00, 0x00, 0x00, 0xFF, 0x80, 0x00, 0x00, 0x3F,
    0xE0, 0x00, 0x00, 0x0F, 0xF8, 0x00, 0x00, 0x03, 0xFC, 0x00, 0x00, 0x00, 0xFF, 0x00, 0x00, 0x00,
    0x3F, 0xC0, 0x00, 0x00, 0x0F, 0xF0, 0x00, 0x00, 0x07, 0xFC, 0x00, 0x0F, 0xE1, 0xFE, 0x0F, 0xE7,
    0xFF, 0xFF, 0xFF, 0xFF, 0xFF, 0xFF, 0xFF, 0xFF, 0xFF, 0xFF, 0xFF, 0xFF, 0xBF, 0xFF, 0xFF, 0xFF,
    0xEF, 0xFF, 0xFF, 0xFF, 0xFB, 0xFF, 0xFF, 0xFF, 0xFE, 0xFF, 0xFF, 0xFF, 0xFF, 0x98, 0x03, 0xFC,
    0x01, 0x80, 0x00, 0xFF, 0x00, 0x00, 0x00, 0x3F, 0xC0, 0x00, 0x00, 0x1F, 0xE0, 0x00, 0x00, 0x07,
    0xF8, 0x00, 0x00, 0x01, 0xFE, 0x00, 0x00, 0x00, 0x7F, 0x80, 0x00, 0x00, 0x1F, 0xE0, 0x00, 0x00,
    0x0F, 0xF8, 0x00, 0x00, 0x03, 0xFC, 0x00, 0x00, 0x00, 0xFF, 0x00, 0x00, 0x00, 0x3F, 0xC0, 0x00,
    0x00, 0x0F, 0xF0, 0x00, 0x00, 0x03, 0xFC, 0x00, 0x00, 0x01, 0xFF, 0x00, 0x00, 0x00, 0x7F, 0x80,
    0x00, 0x00, 0x1F, 0xE0, 0x00, 0x00, 0x07, 0xF8, 0x00, 0x00, 0x01, 0xFE, 0x00, 0x00, 0x00, 0xFF,
    0x80, 0x00, 0x00, 0x3F, 0xE0, 0x00, 0x00, 0x0F, 0xF0, 0x00, 0x00, 0x03, 0xFC, 0x00, 0x00, 0x00,
    0xFF, 0x00, 0x00, 0x00, 0x3F, 0xC0, 0x00, 0x00, 0x1F, 0xF0, 0x00, 0x00, 0x07, 0xFC, 0x00, 0x00,
    0x01, 0xFE, 0x00, 0x00, 0x00, 0x7F, 0x80, 0x00, 0x00, 0x1F, 0xE0, 0x00, 0x00, 0x0F, 0xF8, 0x00,
    0x00, 0x03, 0xFE, 0x00, 0x00, 0x00, 0xFF, 0x80, 0x00, 0x00, 0x3F, 0xC0, 0x00, 0x00, 0x0F, 0xF0,
    0x00, 0x00, 0x03, 0xFC, 0x00, 0x00, 0x01, 0xFF, 0x00, 0x00, 0x00, 0x7F, 0xC0, 0x00, 0x00, 0x1F,
    0xF0, 0x00, 0x00, 0x07, 0xF8, 0x00, 0x00, 0x01, 0xFE, 0x00, 0x00, 0x00, 0x3E, 0x00, 0x00, 0x00,
    0x00, 0x00, 0x07, 0xF8, 0x00, 0x00, 0x00, 0x3F, 0xE0, 0x00, 0x00, 0x00, 0xFF, 0x80, 0x00, 0x00,
    0x03, 0xFC, 0x00, 0x00, 0x00, 0x0F, 0xF0, 0x00, 0x00, 0x00, 0x7F, 0xC0, 0x00, 0x00, 0x01, 0xFF,
    0x00, 0x00, 0x00, 0x07, 0xFC, 0x00, 0x00, 0x00, 0x1F, 0xE0, 0x00, 0x00, 0x00, 0x7F, 0x80, 0x00,
    0x00, 0x01, 0xFE, 0x00, 0x00, 0x00, 0x07, 0xF8, 0x00, 0x00, 0x80, 0x3F, 0xE0, 0x08, 0x0F, 0xFF,
    0xFF, 0xFF, 0xF0, 0x3F, 0xFF, 0xFF, 0xFF, 0xC0, 0xFF, 0xFF, 0xFF, 0xFF, 0x03, 0xFF, 0xFF, 0xFF,
    0xFC, 0x0F, 0xFF, 0xFF, 0xFF, 0xF0, 0x7F, 0xFF, 0xFF, 0xFF, 0xC1, 0xFF, 0xFF, 0xFF, 0xFE, 0x03,
    0xFF, 0x7F, 0xBF, 0xF0, 0x00, 0x01, 0xFE, 0x00, 0x00, 0x00, 0x07, 0xF8, 0x00, 0x00, 0x00, 0x1F,
    0xE0, 0x00, 0x00, 0x00, 0xFF, 0x00, 0x00, 0x00, 0x03, 0xFC, 0x00, 0x00, 0x00, 0x0F, 0xF0, 0x00,
    0x00, 0x00, 0x3F, 0xC0, 0x00, 0x00, 0x00, 0xFF, 0x00, 0x00, 0x00, 0x03, 0xFC, 0x00, 0x00, 0x00,
    0x1F, 0xE0, 0x00, 0x00, 0x00, 0x7F, 0x80, 0x00, 0x00, 0x01, 0xFE, 0x00, 0x00, 0x00, 0x07, 0xF8,
    0x00, 0x00, 0x00, 0x1F, 0xE0, 0x00, 0x00, 0x00, 0x7F, 0x80, 0x00, 0x00, 0x03, 0xFC, 0x00, 0x00,
    0x00, 0x0F, 0xF0, 0x00, 0x00, 0x00, 0x3F, 0xC0, 0x00, 0x00, 0x00, 0xFF, 0x00, 0x00, 0x00, 0x03,
    0xFC, 0x00, 0x00, 0x78, 0x1F, 0xE0, 0x7C, 0x07, 0xFF, 0xFF, 0xFF, 0xF8, 0x1F, 0xFF, 0xFF, 0xFF,
    0xE0, 0x7F, 0xFF, 0xFF, 0xFF, 0x81, 0xFF, 0xFF, 0xFF, 0xFE, 0x0F, 0xFF, 0xFF, 0xFF, 0xF8, 0x3F,
    0xFF, 0xFF, 0xFF, 0xC0, 0xFF, 0xFF, 0xFF, 0xFF, 0x01, 0xF0, 0x3F, 0xC0, 0xF8, 0x00, 0x00, 0xFF,
    0x00, 0x00, 0x00, 0x07, 0xFC, 0x00, 0x00, 0x00, 0x1F, 0xF0, 0x00, 0x00, 0x00, 0x7F, 0x80, 0x00,
    0x00, 0x01, 0xFE, 0x00, 0x00, 0x00, 0x07, 0xF8, 0x00, 0x00, 0x00, 0x3F, 0xE0, 0x00, 0x00, 0x00,
    0xFF, 0x80, 0x00, 0x00, 0x03, 0xFE, 0x00, 0x00, 0x00, 0x0F, 0xF8, 0x00, 0x00, 0x00, 0x3F, 0xC0,
    0x00, 0x00, 0x00, 0xFF, 0x00, 0x00, 0x00, 0x00, 0x1F, 0xE0, 0x00, 0x7F, 0xFC, 0x00, 0x7F, 0xFF,
    0x00, 0x7F, 0xFF, 0xC0, 0x7F, 0xFF, 0xF0, 0x7F, 0xFF, 0xF8, 0x7F, 0xFF, 0xFE, 0x7F, 0xFF, 0xFF,
    0x3F, 0xFF, 0xFF, 0xBF, 0xFF, 0xFF, 0xDF, 0xFF, 0xFF, 0xEF, 0xFF, 0xFF, 0xFF, 0xFF, 0xFF, 0xFF,
    0xFF, 0xFF, 0xFF, 0xFF, 0xFF, 0xFD, 0xFF, 0xFF, 0xFE, 0x7F, 0xFF, 0xFE, 0x3F, 0xFF, 0xFF, 0x1F,
    0xFF, 0xFF, 0x07, 0xFF, 0xFF, 0x03, 0xFF, 0xFF, 0x00, 0xFF, 0xFF, 0x00, 0x1F, 0xFE, 0x00, 0x07,
    0xFC, 0x00, 0x0F, 0x00, 0x00, 0x7C, 0x00, 0x01, 0xF0, 0xFF, 0x00, 0x03, 0xF8, 0x00, 0x1F, 0xE7,
    0xFC, 0x00, 0x1F, 0xF0, 0x00, 0xFF, 0xFF, 0xF8, 0x00, 0xFF, 0xC0, 0x03, 0xFF, 0xFF, 0xE0, 0x07,
    0xFF, 0x80, 0x1F, 0xFF, 0xFF, 0x80, 0x1F, 0xFC, 0x00, 0x7F, 0xFF, 0xFC, 0x00, 0x7F, 0xF0, 0x01,
    0xFF, 0xFF, 0xF0, 0x00, 0xFF, 0x80, 0x07, 0xFE, 0x7F, 0x80, 0x03, 0xFC, 0x00, 0x0F, 0xF0, 0xF8,
    0x00, 0x03, 0xC0, 0x00, 0x1F, 0x00, 0x00, 0x00, 0x00, 0x00, 0x00, 0x00, 0xE0, 0x00, 0x00, 0x00,
    0x00, 0x00, 0x0F, 0xF0, 0x00, 0x00, 0x03, 0xF0, 0x00, 0x00, 0x00, 0x00, 0x00, 0xFF, 0xF8, 0x00,
    0x00, 0x0F, 0xF0, 0x00, 0x00, 0x00, 0x00, 0x07, 0xFF, 0xFC, 0x00, 0x00, 0x3F, 0xE0, 0x00, 0x00,
    0x00, 0x00, 0x1F, 0xFF, 0xFC, 0x00, 0x00, 0xFF, 0x80, 0x00, 0x00, 0x00, 0x00, 0xFF, 0xFF, 0xFC,
    0x00, 0x03, 0xFE, 0x00, 0x00, 0x00, 0x00, 0x03, 0xFF, 0xFF, 0xF8, 0x00, 0x0F, 0xF8, 0x00, 0x00,
    0x00, 0x00, 0x0F, 0xFF, 0xFF, 0xF8, 0x00, 0x3F, 0xE0, 0x00, 0x00, 0x00, 0x00, 0x1F, 0xF8, 0x3F,
    0xF0, 0x00, 0xFF, 0x80, 0x00, 0x00, 0x00, 0x00, 0x7F, 0xC0, 0x3F, 0xE0, 0x03, 0xFE, 0x00, 0x00,
    0x00, 0x00, 0x01, 0xFF, 0x00, 0x3F, 0xE0, 0x0F, 0xF8, 0x00, 0x00, 0x00, 0x00, 0x03, 0xFC, 0x00,
    0x7F, 0xC0, 0x1F, 0xE0, 0x00, 0x00, 0x00, 0x00, 0x07, 0xF8, 0x00, 0x7F, 0x80, 0x7F, 0x80, 0x00,
    0x00, 0x00, 0x00, 0x1F, 0xE0, 0x00, 0xFF, 0x01, 0xFF, 0x00, 0x00, 0x00, 0x00, 0x00, 0x3F, 0xC0,
    0x01, 0xFE, 0x07, 0xFC, 0x00, 0x00, 0x00, 0x00, 0x00, 0x7F, 0x80, 0x03, 0xFC, 0x1F, 0xF0, 0x00,
    0x00, 0x00, 0x00, 0x00, 0xFF, 0x00, 0x0F, 0xF0, 0x7F, 0xC0, 0x00, 0x00, 0x00, 0x00, 0x01, 0xFE,
    0x00, 0x1F, 0xE1, 0xFF, 0x00, 0x00, 0x00, 0x00, 0x00, 0x03, 0xFC, 0x00, 0x7F, 0xC7, 0xFC, 0x00,
    0x00, 0x00, 0x00, 0x00, 0x07, 0xF8, 0x00, 0xFF, 0x1F, 0xF0, 0x00, 0x00, 0x00, 0x00, 0x00, 0x0F,
    0xF8, 0x07, 0xFE, 0x7F, 0xC0, 0x00, 0x00, 0x00, 0x00, 0x00, 0x1F, 0xFC, 0x1F, 0xF9, 0xFF, 0x00,
    0x00, 0x00, 0x00, 0x00, 0x00, 0x1F, 0xFF, 0xFF, 0xE7, 0xFC, 0x00, 0x00, 0x00, 0x00, 0x00, 0x00,
    0x3F, 0xFF, 0xFF, 0x9F, 0xF0, 0x00, 0x00, 0x00, 0x00, 0x00, 0x00, 0x3F, 0xFF, 0xFE, 0x7F, 0xC0,
    0xFF, 0x00, 0x00, 0x01, 0xFE, 0x00, 0x3F, 0xFF, 0xF9, 0xFF, 0x07, 0xFF, 0xC0, 0x00, 0x1F, 0xFF,
    0x00, 0x3F, 0xFF, 0xE7, 0xFC, 0x3F, 0xFF, 0xC0, 0x00, 0xFF, 0xFF, 0x80, 0x3F, 0xFF, 0x1F, 0xF1,
    0xFF, 0xFF, 0xC0, 0x03, 0xFF, 0xFF, 0x80, 0x0F, 0xF0, 0x7F, 0xC7, 0xFF, 0xFF, 0xC0, 0x0F, 0xFF,
    0xFF, 0x80, 0x00, 0x01, 0xFF, 0x1F, 0xFF, 0xFF, 0xC0, 0x3F, 0xFF, 0xFF, 0x80, 0x00, 0x07, 0xFC,
    0x7F, 0xFF, 0xFF, 0x80, 0xFF, 0xFF, 0xFF, 0x00, 0x00, 0x1F, 0xF1, 0xFF, 0xC3, 0xFF, 0x83, 0xFF,
    0x07, 0xFE, 0x00, 0x00, 0x7F, 0xC3, 0xFE, 0x01, 0xFF, 0x0F, 0xF8, 0x03, 0xFE, 0x00, 0x01, 0xFF,
    0x0F, 0xF8, 0x01, 0xFE, 0x1F, 0xE0, 0x07, 0xFC, 0x00, 0x07, 0xFC, 0x1F, 0xE0, 0x03, 0xFC, 0x7F,
    0x80, 0x07, 0xF8, 0x00, 0x1F, 0xF8, 0x7F, 0x80, 0x07, 0xF8, 0xFF, 0x00, 0x0F, 0xF0, 0x00, 0x7F,
    0xE0, 0xFF, 0x00, 0x0F, 0xF1, 0xFC, 0x00, 0x1F, 0xE0, 0x01, 0xFF, 0x81, 0xFE, 0x00, 0x1F, 0xE7,
    0xF8, 0x00, 0x3F, 0xC0, 0x07, 0xFE, 0x07, 0xF8, 0x00, 0x3F, 0xCF, 0xF0, 0x00, 0x7F, 0x80, 0x1F,
    0xF8, 0x0F, 0xF0, 0x00, 0x7F, 0x9F, 0xE0, 0x00, 0xFF, 0x00, 0x7F, 0xE0, 0x1F, 0xF0, 0x01, 0xFF,
    0x3F, 0xC0, 0x03, 0xFC, 0x01, 0xFF, 0x80, 0x3F, 0xE0, 0x03, 0xFC, 0x7F, 0xC0, 0x0F, 0xF8, 0x07,
    0xFE, 0x00, 0x7F, 0xC0, 0x0F, 0xF8, 0xFF, 0x80, 0x1F, 0xE0, 0x1F, 0xF8, 0x00, 0x7F, 0xC0, 0x3F,
    0xE1, 0xFF, 0x80, 0x7F, 0xC0, 0x7F, 0xE0, 0x00, 0xFF, 0xE1, 0xFF, 0x81, 0xFF, 0x83, 0xFF, 0x00,
    0xFF, 0x80, 0x01, 0xFF, 0xFF, 0xFF, 0x03, 0xFF, 0xFF, 0xFC, 0x03, 0xFE, 0x00, 0x01, 0xFF, 0xFF,
    0xFC, 0x03, 0xFF, 0xFF, 0xF8, 0x0F, 0xF8, 0x00, 0x01, 0xFF, 0xFF, 0xF0, 0x07, 0xFF, 0xFF, 0xC0,
    0x3F, 0xE0, 0x00, 0x03, 0xFF, 0xFF, 0xC0, 0x07, 0xFF, 0xFF, 0x00, 0x7F, 0x80, 0x00, 0x01, 0xFF,
    0xFE, 0x00, 0x07, 0xFF, 0xFC, 0x00, 0x3E, 0x00, 0x00, 0x01, 0xFF, 0xF0, 0x00, 0x03, 0xFF, 0xE0,
    0x00, 0x38, 0x00, 0x00, 0x00, 0xFF, 0x80, 0x00, 0x01, 0xFE, 0x00, 0x00, 0x00, 0x1C, 0x00, 0x1F,
    0x00, 0x0F, 0xC0, 0x0F, 0xF0, 0x0F, 0xF8, 0x0F, 0xF8, 0x0F, 0xF8, 0x0F, 0xF8, 0x07, 0xF8, 0x07,
    0xFC, 0x07, 0xFC, 0x07, 0xFC, 0x07, 0xFC, 0x03, 0xFC, 0x03, 0xFE, 0x01, 0xFE, 0x00, 0xFF, 0x80,
    0x7F, 0xC0, 0x1F, 0xF0, 0x0F, 0xF8, 0x03, 0xFE, 0x01, 0xFF, 0x00, 0x7F, 0x80, 0x3F, 0xE0, 0x0F,
    0xF0, 0x07, 0xFC, 0x01, 0xFE, 0x00, 0xFE, 0x00, 0x7E, 0x00, 0x1C, 0x00, 0x00, 0xC0, 0x01, 0xF0,
    0x01, 0xF8, 0x01, 0xFE, 0x00, 0xFF, 0x00, 0x7F, 0xC0, 0x1F, 0xE0, 0x0F, 0xF8, 0x03, 0xFC, 0x01,
    0xFF, 0x00, 0xFF, 0x80, 0x3F, 0xE0, 0x1F, 0xF0, 0x07, 0xFC, 0x03, 0xFE, 0x01, 0xFF, 0x01, 0xFF,
    0x00, 0xFF, 0x00, 0xFF, 0x00, 0xFF, 0x80, 0xFF, 0x80, 0xFF, 0x80, 0x7F, 0x80, 0x7F, 0x80, 0x7F,
    0xC0, 0x7F, 0xC0, 0x3F, 0xC0, 0x1F, 0xC0, 0x07, 0xC0, 0x01, 0xC0, 0x00, 0x0F, 0x0F, 0xE7, 0xFD,
    0xFF, 0xFF, 0xFF, 0xFF, 0xFF, 0xFE, 0x7F, 0x0F, 0x00,
};

static const EpdGlyph steinem_32_bolditalicGlyphs[] = {
    { 1, 1, 297, 0, 1, 1, 0 }, // U+0020
    { 17, 50, 259, 4, 49, 107, 1 }, // !
    { 22, 17, 472, 12, 49, 47, 108 }, // "
    { 38, 49, 585, 4, 49, 233, 155 }, // #
    { 38, 59, 581, 4, 54, 281, 388 }, // $
    { 61, 52, 1190, 12, 51, 397, 669 }, // %
    { 47, 51, 755, 4, 50, 300, 1066 }, // &
    { 10, 17, 253, 11, 49, 22, 1366 }, // '
    { 22, 61, 276, 5, 51, 168, 1388 }, // (
    { 21, 61, 276, -1, 51, 161, 1556 }, // )
    { 28, 27, 457, 8, 51, 95, 1717 }, // *
    { 38, 36, 586, 4, 39, 171, 1812 }, // +
    { 15, 18, 271, 1, 9, 34, 1983 }, // ,
    { 19, 7, 334, 4, 18, 17, 2017 }, // -
    { 10, 10, 259, 4, 10, 13, 2034 }, // .
    { 34, 51, 381, 0, 50, 217, 2047 }, // /
    { 36, 51, 584, 5, 50, 230, 2264 }, // 0
    { 23, 49, 566, 9, 49, 141, 2494 }, // 1
    { 38, 50, 584, 1, 50, 238, 2635 }, // 2
    { 35, 51, 581, 3, 50, 224, 2873 }, // 3
    { 36, 49, 584, 3, 49, 221, 3097 }, // 4
    { 36, 50, 581, 4, 49, 225, 3318 }, // 5
    { 36, 51, 584, 6, 50, 230, 3543 }, // 6
    { 35, 49, 582, 8, 49, 215, 3773 }, // 7
    { 35, 51, 582, 5, 50, 224, 3988 }, // 8
    { 35, 51, 584, 5, 50, 224, 4212 }, // 9
    { 15, 34, 259, 4, 33, 64, 4436 }, // :
    { 19, 42, 271, 1, 33, 100, 4500 }, // ;
    { 40, 36, 586, 4, 39, 180, 4600 }, // <
    { 39, 17, 586, 3, 29, 83, 4780 }, // =
    { 40, 36, 586, 1, 39, 180, 4863 }, // >
    { 28, 51, 496, 9, 50, 179, 5043 }, // ?
    { 51, 51, 836, 6, 50, 326, 5222 }, // @
    { 47, 49, 705, -1, 49, 288, 5548 }, // A
    { 43, 49, 667, 2, 49, 264, 5836 }, // B
    { 42, 51, 649, 6, 50, 268, 6100 }, // C
    { 47, 49, 718, 2, 49, 288, 6368 }, // D
    { 41, 49, 582, 2, 49, 252, 6656 }, // E
    { 41, 49, 543, 2, 49, 252, 6908 }, // F
    { 42, 51, 693, 6, 50, 268, 7160 }, // G
    { 53, 49, 774, 2, 49, 325, 7428 }, // H
    { 23, 49, 291, 2, 49, 141, 7753 }, // I
    { 32, 50, 373, -1, 49, 200, 7894 }, // J
    { 49, 49, 706, 2, 49, 301, 8094 }, // K
    { 36, 49, 578, 2, 49, 221, 8395 }, // L
    { 66, 49, 980, 2, 49, 405, 8616 }, // M
    { 57, 49, 815, 2, 49, 350, 9021 }, // N
    { 48, 51, 804, 6, 50, 306, 9371 }, // O
    { 42, 49, 605, 2, 49, 258, 9677 }, // P
    { 48, 62, 805, 6, 50, 372, 9935 }, // Q
    { 42, 49, 644, 2, 49, 258, 10307 }, // R
    { 38, 51, 532, 2, 50, 243, 10565 }, // S
    { 38, 49, 572, 7, 49, 233, 10808 }, // T
    { 47, 50, 765, 8, 49, 294, 11041 }, // U
    { 46, 49, 706, 7, 49, 282, 11335 }, // V
    { 69, 49, 1066, 7, 49, 423, 11617 }, // W
    { 52, 49, 687, -1, 49, 319, 12040 }, // X
    { 41, 49, 624, 7, 49, 252, 12359 }, // Y
    { 44, 49, 577, 1, 49, 270, 12611 }, // Z
    { 23, 58, 252, 2, 49, 167, 12881 }, // [
    { 19, 51, 381, 7, 50, 122, 13048 }, // <backslash>
    { 22, 58, 252, 0, 49, 160, 13170 }, // ]
    { 36, 31, 689, 8, 48, 140, 13330 }, // ^
    { 36, 7, 533, -2, -1, 32, 13470 }, // _
    { 15, 14, 512, 16, 47, 27, 13502 }, // `
    { 33, 35, 553, 3, 34, 145, 13529 }, // a
    { 36, 54, 608, 4, 53, 243, 13674 }, // b
    { 31, 35, 466, 4, 34, 136, 13917 }, // c
    { 38, 54, 622, 5, 53, 257, 14053 }, // d
    { 31, 35, 533, 5, 34, 136, 14310 }, // e
    { 29, 53, 316, 4, 53, 193, 14446 }, // f
    { 37, 50, 605, 4, 34, 232, 14639 }, // g
    { 35, 53, 585, 4, 53, 232, 14871 }, // h
    { 16, 49, 265, 5, 49, 98, 15103 }, // i
    { 28, 65, 247, -7, 49, 228, 15201 }, // j
    { 34, 53, 534, 4, 53, 226, 15429 }, // k
    { 15, 54, 250, 5, 54, 102, 15655 }, // l
    { 55, 34, 909, 5, 34, 234, 15757 }, // m
    { 36, 34, 605, 5, 34, 153, 15991 }, // n
    { 33, 35, 554, 4, 34, 145, 16144 }, // o
    { 38, 49, 623, 3, 34, 233, 16289 }, // p
    { 36, 49, 605, 5, 34, 221, 16522 }, // q
    { 27, 33, 401, 5, 33, 112, 16743 }, // r
    { 28, 35, 416, 2, 34, 123, 16855 }, // s
    { 23, 43, 329, 4, 43, 124, 16978 }, // t
    { 36, 34, 604, 4, 33, 153, 17102 }, // u
    { 37, 33, 536, 3, 33, 153, 17255 }, // v
    { 53, 34, 816, 4, 34, 226, 17408 }, // w
    { 36, 35, 515, 1, 34, 158, 17634 }, // x
    { 35, 49, 580, 4, 33, 215, 17792 }, // y
    { 35, 33, 462, 0, 33, 145, 18007 }, // z
    { 25, 58, 314, 4, 49, 182, 18152 }, // {
    { 16, 51, 188, 3, 50, 102, 18334 }, // |
    { 25, 58, 314, -1, 49, 182, 18436 }, // }
    { 34, 11, 688, 9, 25, 47, 18618 }, // ~
    { 17, 49, 259, 2, 34, 105, 18665 }, // U+00A1
    { 30, 49, 577, 9, 49, 184, 18770 }, // U+00A2
    { 43, 50, 577, 1, 50, 269, 18954 }, // U+00A3
    { 46, 51, 649, 2, 50, 294, 19223 }, // U+00A4
    { 40, 49, 587, 7, 49, 245, 19517 }, // U+00A5
    { 15, 51, 188, 3, 50, 96, 19762 }, // U+00A6
    { 37, 60, 564, 3, 51, 278, 19858 }, // U+00A7
    { 22, 9, 524, 13, 45, 25, 20136 }, // U+00A8
    { 52, 51, 837, 5, 50, 332, 20161 }, // U+00A9
    { 23, 22, 375, 7, 49, 64, 20493 }, // U+00AA
    { 29, 30, 513, 6, 32, 109, 20557 }, // U+00AB
    { 38, 17, 586, 4, 29, 81, 20666 }, // U+00AC
    { 52, 51, 837, 5, 50, 332, 20747 }, // U+00AE
    { 25, 6, 526, 10, 36, 19, 21079 }, // U+00AF
    { 21, 21, 404, 10, 51, 56, 21098 }, // U+00B0
    { 41, 39, 586, 1, 39, 200, 21154 }, // U+00B1
    { 24, 28, 607, 12, 49, 84, 21354 }, // U+00B2
    { 23, 28, 605, 13, 49, 81, 21438 }, // U+00B3
    { 19, 14, 512, 14, 47, 34, 21519 }, // U+00B4
    { 37, 48, 604, 3, 33, 222, 21553 }, // U+00B5
    { 43, 65, 662, 6, 49, 350, 21775 }, // U+00B6
    { 10, 10, 259, 7, 24, 13, 22125 }, // U+00B7
    { 18, 16, 513, 6, 3, 36, 22138 }, // U+00B8
    { 15, 27, 582, 16, 49, 51, 22174 }, // U+00B9
    { 22, 22, 374, 8, 49, 61, 22225 }, // U+00BA
    { 29, 30, 513, 4, 32, 109, 22286 }, // U+00BB
    { 53, 52, 1186, 17, 51, 345, 22395 }, // U+00BC
    { 54, 52, 1186, 16, 51, 351, 22740 }, // U+00BD
    { 57, 52, 1188, 13, 51, 371, 23091 }, // U+00BE
    { 28, 50, 496, 3, 34, 175, 23462 }, // U+00BF
    { 47, 60, 704, -1, 60, 353, 23637 }, // U+00C0
    { 47, 61, 704, -1, 61, 359, 23990 }, // U+00C1
    { 47, 62, 704, -1, 62, 365, 24349 }, // U+00C2
    { 48, 61, 704, -1, 61, 366, 24714 }, // U+00C3
    { 47, 60, 704, -1, 60, 353, 25080 }, // U+00C4
    { 47, 60, 706, -1, 60, 353, 25433 }, // U+00C5
    { 70, 49, 989, -1, 49, 429, 25786 }, // U+00C6
    { 42, 66, 649, 6, 51, 347, 26215 }, // U+00C7
    { 42, 60, 582, 2, 60, 315, 26562 }, // U+00C8
    { 42, 61, 582, 2, 61, 321, 26877 }, // U+00C9
    { 42, 62, 582, 2, 62, 326, 27198 }, // U+00CA
    { 42, 59, 582, 2, 59, 310, 27524 }, // U+00CB
    { 27, 60, 301, 2, 60, 203, 27834 }, // U+00CC
    { 30, 61, 301, 2, 61, 229, 28037 }, // U+00CD
    { 32, 62, 305, 2, 62, 248, 28266 }, // U+00CE
    { 31, 60, 303, 2, 60, 233, 28514 }, // U+00CF
    { 47, 49, 719, 2, 49, 288, 28747 }, // U+00D0
    { 56, 61, 815, 2, 61, 427, 29035 }, // U+00D1
    { 48, 61, 804, 6, 60, 366, 29462 }, // U+00D2
    { 48, 62, 804, 6, 61, 372, 29828 }, // U+00D3
    { 48, 62, 804, 6, 61, 372, 30200 }, // U+00D4
    { 48, 62, 804, 6, 61, 372, 30572 }, // U+00D5
    { 48, 61, 804, 6, 60, 366, 30944 }, // U+00D6
    { 37, 32, 582, 4, 37, 148, 31310 }, // U+00D7
    { 54, 52, 804, 3, 51, 351, 31458 }, // U+00D8
    { 47, 61, 765, 8, 60, 359, 31809 }, // U+00D9
    { 48, 62, 765, 8, 61, 372, 32168 }, // U+00DA
    { 47, 62, 765, 8, 61, 365, 32540 }, // U+00DB
    { 48, 61, 765, 8, 60, 366, 32905 }, // U+00DC
    { 42, 61, 626, 7, 61, 321, 33271 }, // U+00DD
    { 41, 49, 605, 2, 49, 252, 33592 }, // U+00DE
    { 37, 54, 608, 4, 53, 250, 33844 }, // U+00DF
    { 33, 48, 575, 3, 47, 198, 34094 }, // U+00E0
    { 33, 49, 575, 3, 48, 203, 34292 }, // U+00E1
    { 33, 49, 575, 3, 48, 203, 34495 }, // U+00E2
    { 34, 45, 575, 3, 44, 192, 34698 }, // U+00E3
    { 33, 43, 575, 3, 42, 178, 34890 }, // U+00E4
    { 33, 50, 575, 3, 49, 207, 35068 }, // U+00E5
    { 52, 35, 842, 3, 34, 228, 35275 }, // U+00E6
    { 30, 48, 466, 5, 34, 180, 35503 }, // U+00E7
    { 31, 49, 558, 5, 48, 190, 35683 }, // U+00E8
    { 31, 49, 558, 5, 48, 190, 35873 }, // U+00E9
    { 31, 50, 558, 5, 49, 194, 36063 }, // U+00EA
    { 31, 43, 558, 5, 42, 167, 36257 }, // U+00EB
    { 18, 48, 286, 4, 48, 108, 36424 }, // U+00EC
    { 21, 48, 286, 4, 48, 126, 36532 }, // U+00ED
    { 23, 48, 286, 3, 48, 138, 36658 }, // U+00EE
    { 23, 42, 286, 3, 42, 121, 36796 }, // U+00EF
    { 35, 54, 577, 4, 53, 237, 36917 }, // U+00F0
    { 36, 44, 626, 5, 44, 198, 37154 }, // U+00F1
    { 33, 48, 597, 5, 47, 198, 37352 }, // U+00F2
    { 33, 48, 597, 5, 47, 198, 37550 }, // U+00F3
    { 33, 49, 597, 5, 48, 203, 37748 }, // U+00F4
    { 33, 45, 597, 5, 44, 186, 37951 }, // U+00F5
    { 33, 42, 597, 5, 41, 174, 38137 }, // U+00F6
    { 37, 32, 586, 4, 37, 148, 38311 }, // U+00F7
    { 37, 36, 573, 3, 35, 167, 38459 }, // U+00F8
    { 36, 48, 625, 4, 47, 216, 38626 }, // U+00F9
    { 36, 48, 625, 4, 47, 216, 38842 }, // U+00FA
    { 36, 49, 625, 4, 48, 221, 39058 }, // U+00FB
    { 36, 42, 625, 4, 41, 189, 39279 }, // U+00FC
    { 35, 63, 605, 4, 47, 276, 39468 }, // U+00FD
    { 38, 68, 623, 3, 53, 323, 39744 }, // U+00FE
    { 35, 57, 605, 4, 41, 250, 40067 }, // U+00FF
    { 61, 49, 966, 6, 49, 374, 40317 }, // U+0152
    { 55, 35, 911, 5, 34, 241, 40691 }, // U+0153
    { 41, 63, 532, 2, 62, 323, 40932 }, // U+0160
    { 32, 49, 440, 2, 48, 196, 41255 }, // U+0161
    { 42, 60, 626, 7, 60, 315, 41451 }, // U+0178
    { 36, 7, 533, 1, 18, 32, 41766 }, // U+2013
    { 70, 7, 1067, 1, 18, 62, 41798 }, // U+2014
    { 16, 17, 271, 9, 50, 34, 41860 }, // U+2018
    { 15, 18, 271, 9, 50, 34, 41894 }, // U+2019
    { 15, 18, 271, 1, 9, 34, 41928 }, // U+201A
    { 28, 17, 479, 9, 50, 60, 41962 }, // U+201C
    { 28, 18, 479, 9, 50, 63, 42022 }, // U+201D
    { 28, 18, 479, 1, 9, 63, 42085 }, // U+201E
    { 34, 63, 575, 8, 52, 268, 42148 }, // U+2020
    { 38, 62, 574, 3, 52, 295, 42416 }, // U+2021
    { 25, 24, 510, 8, 36, 75, 42711 }, // U+2022
    { 54, 10, 1040, 7, 10, 68, 42786 }, // U+2026
    { 87, 52, 1486, 8, 51, 566, 42854 }, // U+2030
    { 17, 30, 310, 6, 32, 64, 43420 }, // U+2039
    { 17, 30, 310, 4, 32, 64, 43484 }, // U+203A
    { 10, 10, 259, 7, 24, 13, 43548 }, // U+2219
};

static const EpdUnicodeInterval steinem_32_bolditalicIntervals[] = {
    { 0x20, 0x7E, 0x0 },
    { 0xA1, 0xAC, 0x5F },
    { 0xAE, 0xFF, 0x6B },
    { 0x152, 0x153, 0xBD },
    { 0x160, 0x161, 0xBF },
    { 0x178, 0x178, 0xC1 },
    { 0x2013, 0x2014, 0xC2 },
    { 0x2018, 0x201A, 0xC4 },
    { 0x201C, 0x201E, 0xC7 },
    { 0x2020, 0x2022, 0xCA },
    { 0x2026, 0x2026, 0xCD },
    { 0x2030, 0x2030, 0xCE },
    { 0x2039, 0x203A, 0xCF },
    { 0x2219, 0x2219, 0xD1 },
};

static const EpdFontData steinem_32_bolditalic = {
    steinem_32_bolditalicBitmaps,
    steinem_32_bolditalicGlyphs,
    steinem_32_bolditalicIntervals,
    14,
    64,
    50,
    -15,
    false,
    nullptr,
    0,
    nullptr,
    nullptr,
    nullptr,
    nullptr,
    nullptr,
    nullptr,
    nullptr,
    nullptr,
    nullptr,
    nullptr,
    nullptr,
    0,
    0,
    0,
    0,
    nullptr,
    0,
};
