/**
 * generated by fontconvert.py
 * name: steinem_32_italic
 * size: 32
 * mode: 1-bit mono
 * Command used: fontconvert.py steinem_32_italic 32 ../builtinFonts/source/Steinem/Steinem-Italic.ttf --mono
 */
#pragma once
#include "EpdFontData.h"

static const uint8_t steinem_32_italicBitmaps[39459] = {
    0x00, 0x00, 0x7E, 0x00, 0xFC, 0x01, 0xF8, 0x07, 0xE0, 0x0F, 0xC0, 0x1F, 0x80, 0x3F, 0x00, 0x7E,
    0x00, 0xF8, 0x03, 0xF0, 0x07, 0xE0, 0x0F, 0xC0, 0x1F, 0x80, 0x3E, 0x00, 0x7C, 0x01, 0xF8, 0x03,
    0xF0, 0x07, 0xE0, 0x0F, 0xC0, 0x1F, 0x00, 0x3E, 0x00, 0xFC, 0x01, 0xF8, 0x03, 0xF0, 0x07, 0xC0,
    0x0F, 0x80, 0x1F, 0x00, 0x7E, 0x00, 0xFC, 0x01, 0xF0, 0x03, 0xE0, 0x07, 0xC0, 0x00, 0x00, 0x00,
    0x00, 0x00, 0x00, 0x00, 0x00, 0x00, 0x00, 0x00, 0x00, 0x00, 0x0F, 0x00, 0x3F, 0x00, 0xFE, 0x01,
    0xFC, 0x07, 0xF8, 0x0F, 0xF0, 0x1F, 0xE0, 0x1F, 0x80, 0x1C, 0x00, 0x7F, 0x8F, 0xF7, 0xF8, 0xFF,
    0x7F, 0x0F, 0xE7, 0xF0, 0xFE, 0x7F, 0x0F, 0xE7, 0xF0, 0xFE, 0x7E, 0x0F, 0xC7, 0xE0, 0xFC, 0x7E,
    0x1F, 0xCF, 0xE1, 0xFC, 0xFC, 0x1F, 0x8F, 0xC1, 0xF8, 0xFC, 0x1F, 0x8F, 0xC1, 0xF8, 0xF8, 0x1F,
    0x0F, 0x81, 0xF0, 0x00, 0x00, 0xFC, 0x07, 0xC0, 0x00, 0x0F, 0xC0, 0xFC, 0x00, 0x00, 0xF8, 0x0F,
    0xC0, 0x00, 0x1F, 0x80, 0xF8, 0x00, 0x01, 0xF8, 0x0F, 0x80, 0x00, 0x1F, 0x01, 0xF8, 0x00, 0x03,
    0xF0, 0x1F, 0x00, 0x00, 0x3F, 0x01, 0xF0, 0x00, 0x03, 0xE0, 0x3F, 0x00, 0x00, 0x3E, 0x03, 0xE0,
    0x00, 0x07, 0xE0, 0x3E, 0x00, 0x00, 0x7E, 0x07, 0xE0, 0x00, 0x07, 0xC0, 0x7E, 0x00, 0x00, 0xFC,
    0x07, 0xC0, 0x07, 0xFF, 0xFF, 0xFF, 0xF0, 0x7F, 0xFF, 0xFF, 0xFF, 0x07, 0xFF, 0xFF, 0xFF, 0xF0,
    0xFF, 0xFF, 0xFF, 0xFF, 0x0F, 0xFF, 0xFF, 0xFF, 0xE0, 0x03, 0xF0, 0x1F, 0x00, 0x00, 0x3F, 0x03,
    0xF0, 0x00, 0x03, 0xE0, 0x3F, 0x00, 0x00, 0x7E, 0x03, 0xE0, 0x00, 0x07, 0xE0, 0x7E, 0x00, 0x00,
    0x7C, 0x07, 0xE0, 0x00, 0x0F, 0xC0, 0x7C, 0x00, 0x00, 0xFC, 0x07, 0xC0, 0x00, 0x0F, 0x80, 0xFC,
    0x00, 0x7F, 0xFF, 0xFF, 0xFF, 0x07, 0xFF, 0xFF, 0xFF, 0xF0, 0xFF, 0xFF, 0xFF, 0xFE, 0x0F, 0xFF,
    0xFF, 0xFF, 0xE0, 0xFF, 0xFF, 0xFF, 0xFE, 0x00, 0x3E, 0x03, 0xF0, 0x00, 0x03, 0xE0, 0x3E, 0x00,
    0x00, 0x7E, 0x03, 0xE0, 0x00, 0x07, 0xC0, 0x7E, 0x00, 0x00, 0x7C, 0x07, 0xE0, 0x00, 0x0F, 0xC0,
    0x7C, 0x00, 0x00, 0xFC, 0x0F, 0xC0, 0x00, 0x0F, 0x80, 0xFC, 0x00, 0x01, 0xF8, 0x0F, 0x80, 0x00,
    0x1F, 0x81, 0xF8, 0x00, 0x01, 0xF0, 0x1F, 0x80, 0x00, 0x3F, 0x01, 0xF0, 0x00, 0x03, 0xF0, 0x3F,
    0x00, 0x00, 0x3E, 0x03, 0xF0, 0x00, 0x00, 0x00, 0x00, 0x07, 0xC0, 0x00, 0x00, 0x00, 0xF0, 0x00,
    0x00, 0x00, 0x1E, 0x00, 0x00, 0x00, 0x07, 0xC0, 0x00, 0x00, 0x00, 0xF8, 0x00, 0x00, 0x00, 0xFF,
    0xF0, 0x00, 0x00, 0xFF, 0xFF, 0xE0, 0x00, 0x7F, 0xFF, 0xFF, 0x00, 0x1F, 0xFF, 0xFF, 0xE0, 0x07,
    0xFF, 0xFF, 0xF8, 0x01, 0xFF, 0xFC, 0x3F, 0x00, 0x7F, 0x8F, 0x80, 0xC0, 0x1F, 0xC1, 0xE0, 0x00,
    0x03, 0xF0, 0x3C, 0x00, 0x00, 0xFE, 0x0F, 0x80, 0x00, 0x1F, 0x81, 0xF0, 0x00, 0x03, 0xF0, 0x3E,
    0x00, 0x00, 0xFE, 0x07, 0xC0, 0x00, 0x1F, 0xC0, 0xF0, 0x00, 0x03, 0xF8, 0x1E, 0x00, 0x00, 0x7F,
    0x07, 0xC0, 0x00, 0x07, 0xF0, 0xF8, 0x00, 0x00, 0xFF, 0x1F, 0x00, 0x00, 0x1F, 0xFB, 0xE0, 0x00,
    0x01, 0xFF, 0xF8, 0x00, 0x00, 0x1F, 0xFF, 0x80, 0x00, 0x01, 0xFF, 0xFC, 0x00, 0x00, 0x1F, 0xFF,
    0xE0, 0x00, 0x00, 0xFF, 0xFF, 0x00, 0x00, 0x03, 0xFF, 0xF0, 0x00, 0x00, 0x3F, 0xFF, 0x00, 0x00,
    0x0F, 0xFF, 0xF0, 0x00, 0x01, 0xF7, 0xFE, 0x00, 0x00, 0x3E, 0x3F, 0xC0, 0x00, 0x07, 0xC3, 0xFC,
    0x00, 0x00, 0xF0, 0x3F, 0x80, 0x00, 0x3E, 0x07, 0xF0, 0x00, 0x07, 0xC0, 0xFE, 0x00, 0x00, 0xF8,
    0x1F, 0x80, 0x00, 0x1F, 0x03, 0xF0, 0x00, 0x03, 0xE0, 0xFE, 0x00, 0x00, 0x78, 0x1F, 0xC0, 0x00,
    0x1F, 0x07, 0xF0, 0x30, 0x03, 0xE0, 0xFE, 0x07, 0x80, 0x7C, 0x7F, 0x80, 0xFE, 0x0F, 0xBF, 0xE0,
    0x3F, 0xFF, 0xFF, 0xFC, 0x07, 0xFF, 0xFF, 0xFF, 0x00, 0xFF, 0xFF, 0xFF, 0x80, 0x0F, 0xFF, 0xFF,
    0xE0, 0x00, 0x7F, 0xFF, 0xE0, 0x00, 0x00, 0xFF, 0xE0, 0x00, 0x00, 0x00, 0xF0, 0x00, 0x00, 0x00,
    0x1E, 0x00, 0x00, 0x00, 0x07, 0xC0, 0x00, 0x00, 0x00, 0xF8, 0x00, 0x00, 0x00, 0x1F, 0x00, 0x00,
    0x00, 0x00, 0x00, 0x00, 0x00, 0x00, 0x00, 0x38, 0x00, 0x00, 0xFF, 0x00, 0x00, 0x00, 0x07, 0xC0,
    0x00, 0x3F, 0xFC, 0x00, 0x00, 0x00, 0xFE, 0x00, 0x0F, 0xFF, 0xF0, 0x00, 0x00, 0x1F, 0xC0, 0x01,
    0xFF, 0xFF, 0x80, 0x00, 0x03, 0xF8, 0x00, 0x7F, 0xFF, 0xF8, 0x00, 0x00, 0x7F, 0x00, 0x0F, 0xFF,
    0xFF, 0xC0, 0x00, 0x0F, 0xE0, 0x00, 0xFF, 0x83, 0xFE, 0x00, 0x01, 0xFC, 0x00, 0x1F, 0xE0, 0x1F,
    0xE0, 0x00, 0x1F, 0x80, 0x03, 0xF8, 0x00, 0xFE, 0x00, 0x03, 0xF8, 0x00, 0x3F, 0x00, 0x07, 0xE0,
    0x00, 0x7F, 0x00, 0x07, 0xF0, 0x00, 0x7E, 0x00, 0x0F, 0xE0, 0x00, 0x7E, 0x00, 0x07, 0xE0, 0x01,
    0xFC, 0x00, 0x07, 0xE0, 0x00, 0x7E, 0x00, 0x3F, 0x80, 0x00, 0x7C, 0x00, 0x07, 0xE0, 0x07, 0xF0,
    0x00, 0x0F, 0xC0, 0x00, 0x7E, 0x00, 0xFE, 0x00, 0x00, 0xFC, 0x00, 0x0F, 0xE0, 0x1F, 0xC0, 0x00,
    0x0F, 0xE0, 0x00, 0xFC, 0x03, 0xF8, 0x00, 0x00, 0xFE, 0x00, 0x1F, 0xC0, 0x7F, 0x00, 0x00, 0x07,
    0xE0, 0x03, 0xF8, 0x0F, 0xE0, 0x00, 0x00, 0x7F, 0x00, 0x7F, 0x81, 0xFC, 0x00, 0x00, 0x07, 0xFC,
    0x1F, 0xF0, 0x3F, 0x80, 0x00, 0x00, 0x3F, 0xFF, 0xFE, 0x07, 0xF0, 0x00, 0x00, 0x03, 0xFF, 0xFF,
    0xC0, 0xFE, 0x00, 0x7F, 0x00, 0x1F, 0xFF, 0xF8, 0x1F, 0xC0, 0x3F, 0xFC, 0x00, 0xFF, 0xFF, 0x03,
    0xF8, 0x0F, 0xFF, 0xF0, 0x03, 0xFF, 0xC0, 0x3F, 0x01, 0xFF, 0xFF, 0x80, 0x0F, 0xE0, 0x07, 0xE0,
    0x3F, 0xFF, 0xFC, 0x00, 0x00, 0x00, 0xFC, 0x07, 0xFF, 0xFF, 0xC0, 0x00, 0x00, 0x1F, 0xC0, 0xFF,
    0x83, 0xFE, 0x00, 0x00, 0x03, 0xF8, 0x1F, 0xE0, 0x0F, 0xE0, 0x00, 0x00, 0x7F, 0x01, 0xFC, 0x00,
    0x7E, 0x00, 0x00, 0x0F, 0xE0, 0x3F, 0x80, 0x07, 0xF0, 0x00, 0x01, 0xFC, 0x03, 0xF0, 0x00, 0x3F,
    0x00, 0x00, 0x3F, 0x80, 0x7F, 0x00, 0x03, 0xF0, 0x00, 0x07, 0xF0, 0x07, 0xE0, 0x00, 0x3F, 0x00,
    0x00, 0xFE, 0x00, 0x7E, 0x00, 0x03, 0xE0, 0x00, 0x1F, 0xC0, 0x07, 0xE0, 0x00, 0x7E, 0x00, 0x03,
    0xF8, 0x00, 0x7E, 0x00, 0x07, 0xE0, 0x00, 0x7F, 0x00, 0x07, 0xE0, 0x00, 0x7E, 0x00, 0x0F, 0xE0,
    0x00, 0x7E, 0x00, 0x0F, 0xC0, 0x01, 0xFC, 0x00, 0x07, 0xF0, 0x01, 0xFC, 0x00, 0x3F, 0x80, 0x00,
    0x7F, 0x80, 0x3F, 0x80, 0x07, 0xF0, 0x00, 0x03, 0xFC, 0x0F, 0xF0, 0x00, 0xFE, 0x00, 0x00, 0x3F,
    0xFF, 0xFF, 0x00, 0x0F, 0xC0, 0x00, 0x01, 0xFF, 0xFF, 0xE0, 0x01, 0xF8, 0x00, 0x00, 0x1F, 0xFF,
    0xFC, 0x00, 0x3F, 0x00, 0x00, 0x00, 0xFF, 0xFF, 0x00, 0x07, 0xF0, 0x00, 0x00, 0x03, 0xFF, 0xC0,
    0x00, 0x1E, 0x00, 0x00, 0x00, 0x0F, 0xF0, 0x00, 0x00, 0xC0, 0x00, 0x00, 0x00, 0x00, 0x00, 0x00,
    0x00, 0x00, 0x1F, 0xE0, 0x00, 0x00, 0x00, 0x07, 0xFF, 0xE0, 0x00, 0x00, 0x00, 0x7F, 0xFF, 0x80,
    0x00, 0x00, 0x0F, 0xFF, 0xFE, 0x00, 0x00, 0x00, 0xFF, 0xFF, 0xF8, 0x00, 0x00, 0x0F, 0xF8, 0x3F,
    0xC0, 0x00, 0x00, 0x7F, 0x00, 0x7F, 0x00, 0x00, 0x07, 0xF0, 0x03, 0xF8, 0x00, 0x00, 0x3F, 0x00,
    0x0F, 0xC0, 0x00, 0x03, 0xF8, 0x00, 0x7E, 0x00, 0x00, 0x1F, 0x80, 0x03, 0xF0, 0x00, 0x00, 0xFC,
    0x00, 0x3F, 0x00, 0x00, 0x07, 0xE0, 0x01, 0xF8, 0x00, 0x00, 0x3F, 0x00, 0x1F, 0xC0, 0x00, 0x01,
    0xFC, 0x01, 0xFC, 0x00, 0x00, 0x0F, 0xE0, 0x1F, 0xC0, 0x00, 0x00, 0x7F, 0x81, 0xFE, 0x00, 0x00,
    0x01, 0xFE, 0x3F, 0xE0, 0x00, 0x00, 0x0F, 0xF7, 0xFC, 0x00, 0x00, 0x00, 0x3F, 0xFF, 0xC0, 0x00,
    0x00, 0x00, 0xFF, 0xF8, 0x00, 0x00, 0x00, 0x07, 0xFF, 0x80, 0x00, 0x00, 0x00, 0x7F, 0xF0, 0x00,
    0x1F, 0xE0, 0x0F, 0xFF, 0x80, 0x01, 0xFE, 0x00, 0xFF, 0xFE, 0x00, 0x1F, 0xF0, 0x1F, 0xFF, 0xF8,
    0x00, 0xFF, 0x81, 0xFF, 0x3F, 0xE0, 0x0F, 0xFC, 0x1F, 0xE0, 0xFF, 0x00, 0xFE, 0x01, 0xFE, 0x03,
    0xFC, 0x0F, 0xE0, 0x0F, 0xE0, 0x0F, 0xF0, 0x7E, 0x00, 0xFE, 0x00, 0x7F, 0xC7, 0xE0, 0x0F, 0xE0,
    0x01, 0xFF, 0x7E, 0x00, 0x7E, 0x00, 0x07, 0xFF, 0xF0, 0x03, 0xF0, 0x00, 0x1F, 0xFF, 0x00, 0x3F,
    0x80, 0x00, 0xFF, 0xF0, 0x01, 0xF8, 0x00, 0x03, 0xFF, 0x00, 0x0F, 0xC0, 0x00, 0x0F, 0xF8, 0x00,
    0x7E, 0x00, 0x00, 0x3F, 0xC0, 0x03, 0xF0, 0x00, 0x03, 0xFF, 0x00, 0x1F, 0xC0, 0x00, 0x3F, 0xFC,
    0x00, 0xFE, 0x00, 0x03, 0xFF, 0xF0, 0x07, 0xF8, 0x00, 0x7F, 0xFF, 0x80, 0x1F, 0xE0, 0x07, 0xF9,
    0xFE, 0x30, 0xFF, 0xC1, 0xFF, 0x87, 0xFF, 0xC3, 0xFF, 0xFF, 0xF8, 0x3F, 0xFE, 0x0F, 0xFF, 0xFF,
    0x00, 0xFF, 0xE0, 0x3F, 0xFF, 0xF0, 0x03, 0xFE, 0x00, 0xFF, 0xFE, 0x00, 0x0F, 0xC0, 0x00, 0xFF,
    0x00, 0x00, 0x00, 0x00, 0x7F, 0x7F, 0x7F, 0x7E, 0x7E, 0x7E, 0x7E, 0x7C, 0xFC, 0xFC, 0xFC, 0xF8,
    0xF8, 0xF8, 0xF8, 0xF0, 0x00, 0x01, 0x00, 0x00, 0x70, 0x00, 0x0F, 0x00, 0x03, 0xF0, 0x00, 0xFE,
    0x00, 0x3F, 0x80, 0x07, 0xE0, 0x01, 0xFC, 0x00, 0x7F, 0x00, 0x0F, 0xC0, 0x03, 0xF8, 0x00, 0xFE,
    0x00, 0x1F, 0x80, 0x07, 0xF0, 0x00, 0xFC, 0x00, 0x3F, 0x80, 0x07, 0xE0, 0x01, 0xFC, 0x00, 0x3F,
    0x00, 0x07, 0xE0, 0x01, 0xFC, 0x00, 0x3F, 0x00, 0x07, 0xE0, 0x01, 0xFC, 0x00, 0x3F, 0x00, 0x07,
    0xE0, 0x01, 0xFC, 0x00, 0x3F, 0x80, 0x07, 0xE0, 0x00, 0xFC, 0x00, 0x1F, 0x80, 0x07, 0xF0, 0x00,
    0xFE, 0x00, 0x1F, 0xC0, 0x03, 0xF0, 0x00, 0x7E, 0x00, 0x0F, 0xC0, 0x01, 0xF8, 0x00, 0x3F, 0x00,
    0x07, 0xE0, 0x00, 0xFC, 0x00, 0x1F, 0x80, 0x03, 0xF0, 0x00, 0x7F, 0x00, 0x0F, 0xE0, 0x01, 0xFC,
    0x00, 0x1F, 0x80, 0x03, 0xF0, 0x00, 0x7F, 0x00, 0x0F, 0xE0, 0x01, 0xFC, 0x00, 0x1F, 0x80, 0x03,
    0xF8, 0x00, 0x7F, 0x00, 0x07, 0xF0, 0x00, 0xFE, 0x00, 0x1F, 0xC0, 0x01, 0xF0, 0x00, 0x38, 0x00,
    0x00, 0x00, 0x00, 0x00, 0x01, 0xC0, 0x00, 0x78, 0x00, 0x3F, 0x80, 0x07, 0xF0, 0x00, 0x7F, 0x00,
    0x0F, 0xE0, 0x01, 0xFC, 0x00, 0x1F, 0x80, 0x03, 0xF8, 0x00, 0x7F, 0x00, 0x07, 0xE0, 0x00, 0xFC,
    0x00, 0x1F, 0xC0, 0x03, 0xF8, 0x00, 0x3F, 0x00, 0x07, 0xE0, 0x00, 0xFC, 0x00, 0x1F, 0x80, 0x03,
    0xF0, 0x00, 0x7E, 0x00, 0x0F, 0xC0, 0x01, 0xF8, 0x00, 0x3F, 0x00, 0x07, 0xE0, 0x00, 0xFC, 0x00,
    0x1F, 0x80, 0x03, 0xF0, 0x00, 0xFE, 0x00, 0x1F, 0xC0, 0x03, 0xF0, 0x00, 0x7E, 0x00, 0x0F, 0xC0,
    0x03, 0xF8, 0x00, 0x7E, 0x00, 0x0F, 0xC0, 0x01, 0xF8, 0x00, 0x7F, 0x00, 0x0F, 0xC0, 0x01, 0xF8,
    0x00, 0x7F, 0x00, 0x0F, 0xC0, 0x03, 0xF8, 0x00, 0x7E, 0x00, 0x1F, 0xC0, 0x03, 0xF0, 0x00, 0xFE,
    0x00, 0x1F, 0x80, 0x07, 0xF0, 0x00, 0xFC, 0x00, 0x3F, 0x80, 0x0F, 0xE0, 0x01, 0xF8, 0x00, 0x7F,
    0x00, 0x1F, 0xC0, 0x07, 0xF0, 0x00, 0xFC, 0x00, 0x0F, 0x80, 0x00, 0xE0, 0x00, 0x00, 0x00, 0x0F,
    0x80, 0x00, 0x0F, 0xC0, 0x00, 0x07, 0xE0, 0x00, 0x03, 0xF0, 0x00, 0x01, 0xF8, 0x00, 0x00, 0xF8,
    0x00, 0xC0, 0x7C, 0x06, 0x78, 0x3E, 0x0F, 0x7F, 0x3F, 0x3F, 0xBF, 0xFF, 0xFF, 0xFF, 0xFF, 0xFF,
    0xFF, 0xFF, 0xFF, 0xF3, 0xFF, 0xFF, 0xE0, 0x3F, 0xFF, 0x80, 0x03, 0xFC, 0x00, 0x03, 0xFF, 0x00,
    0x03, 0xFF, 0xC0, 0x03, 0xF7, 0xE0, 0x03, 0xFB, 0xF8, 0x03, 0xF8, 0xFE, 0x03, 0xF8, 0x7F, 0x03,
    0xF8, 0x1F, 0xC0, 0xF8, 0x0F, 0x80, 0x38, 0x03, 0x80, 0x0C, 0x01, 0x00, 0x00, 0x00, 0x00, 0x7E,
    0x00, 0x00, 0x00, 0x0F, 0xC0, 0x00, 0x00, 0x01, 0xF8, 0x00, 0x00, 0x00, 0x3F, 0x00, 0x00, 0x00,
    0x07, 0xE0, 0x00, 0x00, 0x00, 0xFC, 0x00, 0x00, 0x00, 0x3F, 0x00, 0x00, 0x00, 0x07, 0xE0, 0x00,
    0x00, 0x00, 0xFC, 0x00, 0x00, 0x00, 0x1F, 0x80, 0x00, 0x00, 0x03, 0xF0, 0x00, 0x00, 0x00, 0xFC,
    0x00, 0x00, 0x00, 0x1F, 0x80, 0x00, 0x00, 0x03, 0xF0, 0x00, 0x1F, 0xFF, 0xFF, 0xFF, 0xFF, 0xFF,
    0xFF, 0xFF, 0xFF, 0xFF, 0xFF, 0xFF, 0xFF, 0xFF, 0xFF, 0xFF, 0xFF, 0xFF, 0xFF, 0xFF, 0xFF, 0xFF,
    0xFF, 0xFF, 0xFF, 0xFF, 0xE0, 0x00, 0x3F, 0x00, 0x00, 0x00, 0x07, 0xE0, 0x00, 0x00, 0x01, 0xF8,
    0x00, 0x00, 0x00, 0x3F, 0x00, 0x00, 0x00, 0x07, 0xE0, 0x00, 0x00, 0x00, 0xFC, 0x00, 0x00, 0x00,
    0x1F, 0x80, 0x00, 0x00, 0x03, 0xF0, 0x00, 0x00, 0x00, 0xFC, 0x00, 0x00, 0x00, 0x1F, 0x80, 0x00,
    0x00, 0x03, 0xF0, 0x00, 0x00, 0x00, 0x7E, 0x00, 0x00, 0x00, 0x0F, 0xC0, 0x00, 0x00, 0x01, 0xF8,
    0x00, 0x00, 0x00, 0x00, 0x0F, 0x00, 0xFE, 0x07, 0xF0, 0x7F, 0x03, 0xF8, 0x1F, 0x81, 0xFC, 0x0F,
    0xC0, 0xFC, 0x0F, 0xE0, 0x7E, 0x07, 0xE0, 0x3E, 0x03, 0xF0, 0x0F, 0x00, 0x7F, 0xFF, 0xFF, 0xFF,
    0xFF, 0xFF, 0xFF, 0xFF, 0xEF, 0xFF, 0xF0, 0x1E, 0x3F, 0x7F, 0xFF, 0xFF, 0xFF, 0x7E, 0x3C, 0x00,
    0x00, 0x00, 0x0E, 0x00, 0x00, 0x00, 0x0F, 0xC0, 0x00, 0x00, 0x07, 0xE0, 0x00, 0x00, 0x07, 0xE0,
    0x00, 0x00, 0x07, 0xE0, 0x00, 0x00, 0x03, 0xF0, 0x00, 0x00, 0x03, 0xF0, 0x00, 0x00, 0x01, 0xF8,
    0x00, 0x00, 0x01, 0xF8, 0x00, 0x00, 0x01, 0xF8, 0x00, 0x00, 0x00, 0xFC, 0x00, 0x00, 0x00, 0xFC,
    0x00, 0x00, 0x00, 0x7E, 0x00, 0x00, 0x00, 0x7E, 0x00, 0x00, 0x00, 0x7F, 0x00, 0x00, 0x00, 0x3F,
    0x00, 0x00, 0x00, 0x3F, 0x00, 0x00, 0x00, 0x1F, 0x80, 0x00, 0x00, 0x1F, 0x80, 0x00, 0x00, 0x0F,
    0xC0, 0x00, 0x00, 0x0F, 0xC0, 0x00, 0x00, 0x0F, 0xC0, 0x00, 0x00, 0x07, 0xE0, 0x00, 0x00, 0x07,
    0xE0, 0x00, 0x00, 0x03, 0xF0, 0x00, 0x00, 0x03, 0xF0, 0x00, 0x00, 0x03, 0xF0, 0x00, 0x00, 0x01,
    0xF8, 0x00, 0x00, 0x01, 0xF8, 0x00, 0x00, 0x00, 0xFC, 0x00, 0x00, 0x00, 0xFC, 0x00, 0x00, 0x00,
    0xFC, 0x00, 0x00, 0x00, 0x7E, 0x00, 0x00, 0x00, 0x7E, 0x00, 0x00, 0x00, 0x3F, 0x00, 0x00, 0x00,
    0x3F, 0x00, 0x00, 0x00, 0x1F, 0x80, 0x00, 0x00, 0x1F, 0x80, 0x00, 0x00, 0x1F, 0x80, 0x00, 0x00,
    0x0F, 0xC0, 0x00, 0x00, 0x0F, 0xC0, 0x00, 0x00, 0x07, 0xE0, 0x00, 0x00, 0x07, 0xE0, 0x00, 0x00,
    0x07, 0xE0, 0x00, 0x00, 0x03, 0xF0, 0x00, 0x00, 0x03, 0xF0, 0x00, 0x00, 0x01, 0xF8, 0x00, 0x00,
    0x00, 0xF8, 0x00, 0x00, 0x00, 0x18, 0x00, 0x00, 0x00, 0x00, 0x00, 0x00, 0x7F, 0x80, 0x00, 0x00,
    0xFF, 0xFC, 0x00, 0x00, 0x7F, 0xFF, 0x80, 0x00, 0x7F, 0xFF, 0xF0, 0x00, 0x3F, 0xFF, 0xFE, 0x00,
    0x1F, 0xFF, 0xFF, 0xC0, 0x0F, 0xFC, 0x1F, 0xF0, 0x07, 0xFC, 0x01, 0xFE, 0x01, 0xFC, 0x00, 0x7F,
    0x80, 0xFF, 0x00, 0x0F, 0xE0, 0x3F, 0x80, 0x03, 0xF8, 0x1F, 0xC0, 0x00, 0x7F, 0x07, 0xE0, 0x00,
    0x1F, 0xC3, 0xF8, 0x00, 0x07, 0xF0, 0xFE, 0x00, 0x01, 0xFC, 0x7F, 0x00, 0x00, 0x7F, 0x1F, 0xC0,
    0x00, 0x1F, 0xC7, 0xE0, 0x00, 0x07, 0xF3, 0xF8, 0x00, 0x01, 0xFC, 0xFE, 0x00, 0x00, 0x7F, 0x3F,
    0x80, 0x00, 0x1F, 0xCF, 0xC0, 0x00, 0x07, 0xE7, 0xF0, 0x00, 0x01, 0xF9, 0xFC, 0x00, 0x00, 0xFE,
    0x7F, 0x00, 0x00, 0x3F, 0x9F, 0xC0, 0x00, 0x0F, 0xE7, 0xE0, 0x00, 0x03, 0xFB, 0xF8, 0x00, 0x00,
    0xFC, 0xFE, 0x00, 0x00, 0x7F, 0x3F, 0x80, 0x00, 0x1F, 0xCF, 0xE0, 0x00, 0x07, 0xF3, 0xF8, 0x00,
    0x01, 0xF8, 0xFE, 0x00, 0x00, 0xFE, 0x3F, 0x80, 0x00, 0x3F, 0x8F, 0xE0, 0x00, 0x1F, 0xC3, 0xF8,
    0x00, 0x07, 0xF0, 0xFE, 0x00, 0x01, 0xF8, 0x3F, 0x80, 0x00, 0xFE, 0x07, 0xF0, 0x00, 0x7F, 0x01,
    0xFC, 0x00, 0x1F, 0xC0, 0x7F, 0x80, 0x0F, 0xE0, 0x1F, 0xE0, 0x0F, 0xF8, 0x03, 0xFE, 0x07, 0xFC,
    0x00, 0xFF, 0xFF, 0xFE, 0x00, 0x1F, 0xFF, 0xFF, 0x00, 0x03, 0xFF, 0xFF, 0x80, 0x00, 0x7F, 0xFF,
    0x80, 0x00, 0x0F, 0xFF, 0xC0, 0x00, 0x00, 0x7F, 0x80, 0x00, 0x00, 0x00, 0x00, 0x30, 0x00, 0x3F,
    0x00, 0x3F, 0xF0, 0x1F, 0xFF, 0x01, 0xFF, 0xF0, 0x1F, 0xFE, 0x01, 0xFF, 0xE0, 0x1E, 0x7E, 0x00,
    0x07, 0xE0, 0x00, 0xFE, 0x00, 0x0F, 0xE0, 0x00, 0xFC, 0x00, 0x0F, 0xC0, 0x00, 0xFC, 0x00, 0x0F,
    0xC0, 0x01, 0xFC, 0x00, 0x1F, 0xC0, 0x01, 0xF8, 0x00, 0x1F, 0x80, 0x01, 0xF8, 0x00, 0x1F, 0x80,
    0x03, 0xF8, 0x00, 0x3F, 0x00, 0x03, 0xF0, 0x00, 0x3F, 0x00, 0x03, 0xF0, 0x00, 0x7F, 0x00, 0x07,
    0xF0, 0x00, 0x7E, 0x00, 0x07, 0xE0, 0x00, 0x7E, 0x00, 0x07, 0xE0, 0x00, 0xFE, 0x00, 0x0F, 0xE0,
    0x00, 0xFC, 0x00, 0x0F, 0xC0, 0x00, 0xFC, 0x00, 0x0F, 0xC0, 0x01, 0xFC, 0x00, 0x1F, 0xC0, 0x01,
    0xF8, 0x00, 0x1F, 0x80, 0x7F, 0xFF, 0xC7, 0xFF, 0xFC, 0x7F, 0xFF, 0xCF, 0xFF, 0xFC, 0xFF, 0xFF,
    0xC0, 0x00, 0x00, 0x0F, 0xF0, 0x00, 0x00, 0x07, 0xFF, 0xE0, 0x00, 0x01, 0xFF, 0xFF, 0x80, 0x00,
    0x7F, 0xFF, 0xFC, 0x00, 0x1F, 0xFF, 0xFF, 0xE0, 0x03, 0xFF, 0xFF, 0xFE, 0x00, 0x7F, 0xE0, 0x3F,
    0xF0, 0x03, 0xF0, 0x01, 0xFF, 0x00, 0x3C, 0x00, 0x0F, 0xF0, 0x01, 0x00, 0x00, 0x7F, 0x00, 0x00,
    0x00, 0x07, 0xF0, 0x00, 0x00, 0x00, 0x7F, 0x00, 0x00, 0x00, 0x07, 0xF0, 0x00, 0x00, 0x00, 0x7F,
    0x00, 0x00, 0x00, 0x07, 0xF0, 0x00, 0x00, 0x00, 0x7E, 0x00, 0x00, 0x00, 0x0F, 0xE0, 0x00, 0x00,
    0x00, 0xFE, 0x00, 0x00, 0x00, 0x1F, 0xC0, 0x00, 0x00, 0x01, 0xFC, 0x00, 0x00, 0x00, 0x3F, 0x80,
    0x00, 0x00, 0x07, 0xF0, 0x00, 0x00, 0x00, 0xFE, 0x00, 0x00, 0x00, 0x1F, 0xE0, 0x00, 0x00, 0x03,
    0xFC, 0x00, 0x00, 0x00, 0x7F, 0x80, 0x00, 0x00, 0x0F, 0xF0, 0x00, 0x00, 0x01, 0xFE, 0x00, 0x00,
    0x00, 0x3F, 0xC0, 0x00, 0x00, 0x07, 0xF8, 0x00, 0x00, 0x00, 0xFF, 0x00, 0x00, 0x00, 0x1F, 0xE0,
    0x00, 0x00, 0x07, 0xF8, 0x00, 0x00, 0x00, 0xFF, 0x00, 0x00, 0x00, 0x1F, 0xE0, 0x00, 0x00, 0x03,
    0xFC, 0x00, 0x00, 0x00, 0x7F, 0x80, 0x00, 0x00, 0x0F, 0xF0, 0x00, 0x00, 0x01, 0xFC, 0x00, 0x08,
    0x00, 0x7F, 0x80, 0x00, 0xF8, 0x0F, 0xF0, 0x00, 0x1F, 0x01, 0xFF, 0xFE, 0x03, 0xF0, 0x3F, 0xFF,
    0xFF, 0xFF, 0x07, 0xFF, 0xFF, 0xFF, 0xE0, 0xFF, 0xFF, 0xFF, 0xFC, 0x0F, 0xFF, 0xFF, 0xFF, 0x80,
    0xFF, 0xFF, 0xFF, 0xF0, 0x0F, 0x80, 0x0F, 0xF8, 0x00, 0x00, 0x00, 0x3F, 0xC0, 0x00, 0x00, 0x7F,
    0xFE, 0x00, 0x00, 0xFF, 0xFF, 0xE0, 0x00, 0xFF, 0xFF, 0xFC, 0x00, 0x7F, 0xFF, 0xFF, 0x80, 0x3F,
    0xFF, 0xFF, 0xE0, 0x0F, 0xF0, 0x0F, 0xFC, 0x03, 0xF0, 0x00, 0xFF, 0x00, 0x70, 0x00, 0x1F, 0xC0,
    0x00, 0x00, 0x07, 0xF0, 0x00, 0x00, 0x01, 0xFC, 0x00, 0x00, 0x00, 0x7F, 0x00, 0x00, 0x00, 0x1F,
    0xC0, 0x00, 0x00, 0x07, 0xF0, 0x00, 0x00, 0x01, 0xF8, 0x00, 0x00, 0x00, 0xFE, 0x00, 0x00, 0x00,
    0x3F, 0x80, 0x00, 0x00, 0x1F, 0xC0, 0x00, 0x00, 0x0F, 0xE0, 0x00, 0x00, 0x1F, 0xF8, 0x00, 0x01,
    0xFF, 0xFC, 0x00, 0x00, 0x7F, 0xFC, 0x00, 0x00, 0x3F, 0xFE, 0x00, 0x00, 0x0F, 0xFF, 0x80, 0x00,
    0x03, 0xFF, 0xF0, 0x00, 0x00, 0xFF, 0xFE, 0x00, 0x00, 0x00, 0xFF, 0xC0, 0x00, 0x00, 0x0F, 0xF8,
    0x00, 0x00, 0x01, 0xFE, 0x00, 0x00, 0x00, 0x3F, 0x80, 0x00, 0x00, 0x07, 0xF0, 0x00, 0x00, 0x01,
    0xFC, 0x00, 0x00, 0x00, 0x7F, 0x00, 0x00, 0x00, 0x1F, 0xC0, 0x00, 0x00, 0x07, 0xE0, 0x00, 0x00,
    0x03, 0xF8, 0x00, 0x00, 0x00, 0xFE, 0x00, 0x00, 0x00, 0x3F, 0x80, 0x00, 0x00, 0x1F, 0xC1, 0x80,
    0x00, 0x0F, 0xF0, 0x70, 0x00, 0x07, 0xF8, 0x1F, 0x00, 0x03, 0xFE, 0x07, 0xF8, 0x07, 0xFF, 0x01,
    0xFF, 0xFF, 0xFF, 0x80, 0xFF, 0xFF, 0xFF, 0xC0, 0x1F, 0xFF, 0xFF, 0xE0, 0x03, 0xFF, 0xFF, 0xE0,
    0x00, 0x3F, 0xFF, 0xE0, 0x00, 0x00, 0xFF, 0xC0, 0x00, 0x00, 0x00, 0x00, 0x00, 0xFF, 0x80, 0x00,
    0x00, 0x7F, 0xC0, 0x00, 0x00, 0x7F, 0xE0, 0x00, 0x00, 0x7F, 0xF0, 0x00, 0x00, 0x7F, 0xF8, 0x00,
    0x00, 0x7F, 0xF8, 0x00, 0x00, 0x3F, 0xFC, 0x00, 0x00, 0x3F, 0x7E, 0x00, 0x00, 0x3F, 0x3F, 0x00,
    0x00, 0x3F, 0x1F, 0x80, 0x00, 0x3F, 0x9F, 0xC0, 0x00, 0x1F, 0x8F, 0xC0, 0x00, 0x1F, 0x87, 0xE0,
    0x00, 0x1F, 0x83, 0xF0, 0x00, 0x1F, 0xC1, 0xF8, 0x00, 0x0F, 0xC0, 0xFC, 0x00, 0x0F, 0xC0, 0xFC,
    0x00, 0x0F, 0xC0, 0x7E, 0x00, 0x0F, 0xC0, 0x3F, 0x00, 0x0F, 0xE0, 0x1F, 0x80, 0x07, 0xE0, 0x0F,
    0xC0, 0x07, 0xE0, 0x0F, 0xE0, 0x07, 0xE0, 0x07, 0xE0, 0x07, 0xF0, 0x03, 0xF0, 0x07, 0xF0, 0x01,
    0xF8, 0x03, 0xF0, 0x00, 0xFC, 0x03, 0xF0, 0x00, 0x7E, 0x03, 0xF0, 0x00, 0x7F, 0x03, 0xF8, 0x00,
    0x3F, 0x03, 0xF8, 0x00, 0x1F, 0x81, 0xF8, 0x00, 0x0F, 0xC0, 0xFF, 0xFF, 0xFF, 0xFF, 0x7F, 0xFF,
    0xFF, 0xFF, 0xBF, 0xFF, 0xFF, 0xFF, 0xFF, 0xFF, 0xFF, 0xFF, 0xFF, 0xFF, 0xFF, 0xFF, 0xF0, 0x00,
    0x00, 0x7E, 0x00, 0x00, 0x00, 0x3F, 0x00, 0x00, 0x00, 0x3F, 0x80, 0x00, 0x00, 0x1F, 0x80, 0x00,
    0x00, 0x0F, 0xC0, 0x00, 0x00, 0x07, 0xE0, 0x00, 0x00, 0x7F, 0xFF, 0x00, 0x00, 0x3F, 0xFF, 0x80,
    0x00, 0x1F, 0xFF, 0xC0, 0x00, 0x0F, 0xFF, 0xE0, 0x00, 0x07, 0xFF, 0xF0, 0x00, 0x3F, 0xFF, 0xFF,
    0xC0, 0x0F, 0xFF, 0xFF, 0xF0, 0x07, 0xFF, 0xFF, 0xFC, 0x01, 0xFF, 0xFF, 0xFE, 0x00, 0x7F, 0xFF,
    0xFF, 0x80, 0x1F, 0xFF, 0xFF, 0xE0, 0x07, 0xC0, 0x00, 0x00, 0x03, 0xF0, 0x00, 0x00, 0x00, 0xFC,
    0x00, 0x00, 0x00, 0x3F, 0x00, 0x00, 0x00, 0x0F, 0x80, 0x00, 0x00, 0x07, 0xE0, 0x00, 0x00, 0x01,
    0xF8, 0x00, 0x00, 0x00, 0x7E, 0x00, 0x00, 0x00, 0x1F, 0x00, 0x00, 0x00, 0x07, 0xC0, 0x00, 0x00,
    0x03, 0xF7, 0xFC, 0x00, 0x00, 0xFF, 0xFF, 0xE0, 0x00, 0x3F, 0xFF, 0xFC, 0x00, 0x0F, 0xFF, 0xFF,
    0xC0, 0x07, 0xFF, 0xFF, 0xF0, 0x01, 0xFF, 0xFF, 0xFE, 0x00, 0x7F, 0x01, 0xFF, 0xC0, 0x1C, 0x00,
    0x1F, 0xF0, 0x04, 0x00, 0x03, 0xFC, 0x00, 0x00, 0x00, 0x7F, 0x00, 0x00, 0x00, 0x1F, 0xE0, 0x00,
    0x00, 0x03, 0xF8, 0x00, 0x00, 0x00, 0xFE, 0x00, 0x00, 0x00, 0x3F, 0x80, 0x00, 0x00, 0x0F, 0xC0,
    0x00, 0x00, 0x03, 0xF0, 0x00, 0x00, 0x01, 0xFC, 0x00, 0x00, 0x00, 0x7F, 0x00, 0x00, 0x00, 0x1F,
    0xC0, 0x00, 0x00, 0x0F, 0xE0, 0x00, 0x00, 0x03, 0xF8, 0x00, 0x00, 0x01, 0xFC, 0x04, 0x00, 0x00,
    0xFF, 0x03, 0x80, 0x00, 0x7F, 0x80, 0xF8, 0x00, 0x3F, 0xE0, 0x3F, 0xC0, 0x3F, 0xF0, 0x0F, 0xFF,
    0xFF, 0xF8, 0x03, 0xFF, 0xFF, 0xFC, 0x00, 0xFF, 0xFF, 0xFC, 0x00, 0x1F, 0xFF, 0xFE, 0x00, 0x01,
    0xFF, 0xFE, 0x00, 0x00, 0x0F, 0xFC, 0x00, 0x00, 0x00, 0x00, 0x1F, 0xE0, 0x00, 0x00, 0x7F, 0xFE,
    0x00, 0x00, 0xFF, 0xFF, 0xC0, 0x01, 0xFF, 0xFF, 0xF0, 0x01, 0xFF, 0xFF, 0xF8, 0x01, 0xFF, 0xFF,
    0xF8, 0x01, 0xFF, 0x80, 0xFC, 0x01, 0xFE, 0x00, 0x0C, 0x01, 0xFE, 0x00, 0x00, 0x01, 0xFE, 0x00,
    0x00, 0x00, 0xFE, 0x00, 0x00, 0x00, 0xFE, 0x00, 0x00, 0x00, 0x7E, 0x00, 0x00, 0x00, 0x7F, 0x00,
    0x00, 0x00, 0x3F, 0x00, 0x00, 0x00, 0x3F, 0x80, 0x00, 0x00, 0x1F, 0x80, 0x00, 0x00, 0x1F, 0xC0,
    0xFF, 0x00, 0x0F, 0xE3, 0xFF, 0xF0, 0x07, 0xE3, 0xFF, 0xFC, 0x03, 0xF7, 0xFF, 0xFF, 0x03, 0xFF,
    0xFF, 0xFF, 0xC1, 0xFF, 0xFF, 0xFF, 0xF0, 0xFF, 0xF8, 0x1F, 0xF8, 0x7F, 0xF0, 0x03, 0xFE, 0x3F,
    0xF0, 0x00, 0xFF, 0x3F, 0xF0, 0x00, 0x7F, 0x9F, 0xF0, 0x00, 0x1F, 0xCF, 0xF0, 0x00, 0x0F, 0xE7,
    0xF8, 0x00, 0x07, 0xF3, 0xF8, 0x00, 0x03, 0xF9, 0xFC, 0x00, 0x01, 0xFC, 0xFE, 0x00, 0x00, 0xFE,
    0x7F, 0x00, 0x00, 0x7F, 0x3F, 0x80, 0x00, 0x3F, 0x1F, 0xC0, 0x00, 0x3F, 0x8F, 0xE0, 0x00, 0x1F,
    0xC7, 0xF0, 0x00, 0x1F, 0xC3, 0xF8, 0x00, 0x0F, 0xE1, 0xFC, 0x00, 0x0F, 0xE0, 0x7F, 0x00, 0x0F,
    0xF0, 0x3F, 0xC0, 0x0F, 0xF0, 0x1F, 0xF8, 0x1F, 0xF0, 0x07, 0xFF, 0xFF, 0xF8, 0x01, 0xFF, 0xFF,
    0xF0, 0x00, 0xFF, 0xFF, 0xF0, 0x00, 0x3F, 0xFF, 0xF0, 0x00, 0x07, 0xFF, 0xE0, 0x00, 0x00, 0x7F,
    0x80, 0x00, 0x00, 0x1F, 0xFF, 0xFF, 0xFF, 0x8F, 0xFF, 0xFF, 0xFF, 0xC7, 0xFF, 0xFF, 0xFF, 0xC7,
    0xFF, 0xFF, 0xFF, 0xE3, 0xFF, 0xFF, 0xFF, 0xF1, 0xFF, 0xFF, 0xFF, 0xF0, 0x00, 0x00, 0x01, 0xF8,
    0x00, 0x00, 0x01, 0xF8, 0x00, 0x00, 0x01, 0xF8, 0x00, 0x00, 0x00, 0xFC, 0x00, 0x00, 0x00, 0xFC,
    0x00, 0x00, 0x00, 0xFE, 0x00, 0x00, 0x00, 0x7E, 0x00, 0x00, 0x00, 0x7E, 0x00, 0x00, 0x00, 0x3F,
    0x00, 0x00, 0x00, 0x3F, 0x00, 0x00, 0x00, 0x3F, 0x80, 0x00, 0x00, 0x1F, 0x80, 0x00, 0x00, 0x1F,
    0x80, 0x00, 0x00, 0x1F, 0xC0, 0x00, 0x00, 0x0F, 0xC0, 0x00, 0x00, 0x0F, 0xE0, 0x00, 0x00, 0x07,
    0xE0, 0x00, 0x00, 0x07, 0xE0, 0x00, 0x00, 0x07, 0xF0, 0x00, 0x00, 0x03, 0xF0, 0x00, 0x00, 0x03,
    0xF0, 0x00, 0x00, 0x03, 0xF8, 0x00, 0x00, 0x01, 0xF8, 0x00, 0x00, 0x01, 0xFC, 0x00, 0x00, 0x00,
    0xFC, 0x00, 0x00, 0x00, 0xFC, 0x00, 0x00, 0x00, 0xFE, 0x00, 0x00, 0x00, 0x7E, 0x00, 0x00, 0x00,
    0x7F, 0x00, 0x00, 0x00, 0x7F, 0x00, 0x00, 0x00, 0x3F, 0x00, 0x00, 0x00, 0x3F, 0x80, 0x00, 0x00,
    0x1F, 0x80, 0x00, 0x00, 0x1F, 0x80, 0x00, 0x00, 0x1F, 0xC0, 0x00, 0x00, 0x0F, 0xC0, 0x00, 0x00,
    0x0F, 0xE0, 0x00, 0x00, 0x0F, 0xE0, 0x00, 0x00, 0x07, 0xE0, 0x00, 0x00, 0x07, 0xF0, 0x00, 0x00,
    0x03, 0xF0, 0x00, 0x00, 0x00, 0x00, 0x00, 0x7F, 0x80, 0x00, 0x01, 0xFF, 0xF8, 0x00, 0x03, 0xFF,
    0xFE, 0x00, 0x03, 0xFF, 0xFF, 0x80, 0x03, 0xFF, 0xFF, 0xE0, 0x03, 0xFE, 0x0F, 0xF8, 0x03, 0xFC,
    0x01, 0xFC, 0x01, 0xF8, 0x00, 0x7E, 0x01, 0xFC, 0x00, 0x3F, 0x80, 0xFC, 0x00, 0x1F, 0xC0, 0xFC,
    0x00, 0x0F, 0xE0, 0x7E, 0x00, 0x03, 0xF0, 0x3F, 0x00, 0x03, 0xF8, 0x1F, 0x80, 0x01, 0xF8, 0x1F,
    0xC0, 0x00, 0xFC, 0x0F, 0xE0, 0x00, 0xFE, 0x03, 0xF0, 0x00, 0x7E, 0x01, 0xFC, 0x00, 0x7F, 0x00,
    0xFF, 0x00, 0xFF, 0x00, 0x3F, 0xC0, 0xFF, 0x00, 0x1F, 0xFF, 0xFF, 0x00, 0x07, 0xFF, 0xFF, 0x00,
    0x01, 0xFF, 0xFE, 0x00, 0x01, 0xFF, 0xFF, 0x80, 0x01, 0xFF, 0xFF, 0xE0, 0x03, 0xFF, 0xFF, 0xF8,
    0x03, 0xFF, 0x03, 0xFE, 0x03, 0xFE, 0x00, 0xFF, 0x01, 0xFC, 0x00, 0x3F, 0xC1, 0xFC, 0x00, 0x0F,
    0xE1, 0xFC, 0x00, 0x03, 0xF0, 0xFE, 0x00, 0x01, 0xF8, 0x7E, 0x00, 0x00, 0xFC, 0x7F, 0x00, 0x00,
    0x7E, 0x3F, 0x80, 0x00, 0x3F, 0x1F, 0xC0, 0x00, 0x1F, 0x8F, 0xC0, 0x00, 0x1F, 0xC7, 0xF0, 0x00,
    0x0F, 0xE3, 0xF8, 0x00, 0x0F, 0xE1, 0xFC, 0x00, 0x07, 0xF0, 0xFE, 0x00, 0x07, 0xF0, 0x7F, 0x80,
    0x07, 0xF8, 0x1F, 0xE0, 0x07, 0xF8, 0x0F, 0xFC, 0x0F, 0xF8, 0x03, 0xFF, 0xFF, 0xF8, 0x00, 0xFF,
    0xFF, 0xF8, 0x00, 0x3F, 0xFF, 0xF0, 0x00, 0x07, 0xFF, 0xE0, 0x00, 0x00, 0xFF, 0x80, 0x00, 0x00,
    0x00, 0x00, 0xFF, 0x00, 0x00, 0x03, 0xFF, 0xF0, 0x00, 0x07, 0xFF, 0xFC, 0x00, 0x07, 0xFF, 0xFF,
    0x00, 0x0F, 0xFF, 0xFF, 0xC0, 0x0F, 0xFF, 0xFF, 0xF0, 0x0F, 0xFC, 0x0F, 0xF8, 0x07, 0xF8, 0x01,
    0xFE, 0x07, 0xF0, 0x00, 0x7F, 0x07, 0xF0, 0x00, 0x1F, 0xC3, 0xF8, 0x00, 0x0F, 0xE3, 0xF8, 0x00,
    0x07, 0xF1, 0xF8, 0x00, 0x03, 0xF8, 0xFC, 0x00, 0x00, 0xFC, 0xFE, 0x00, 0x00, 0xFE, 0x7F, 0x00,
    0x00, 0x7F, 0x3F, 0x00, 0x00, 0x3F, 0x9F, 0x80, 0x00, 0x1F, 0xCF, 0xC0, 0x00, 0x1F, 0xE7, 0xF0,
    0x00, 0x0F, 0xF3, 0xF8, 0x00, 0x0F, 0xF9, 0xFC, 0x00, 0x07, 0xFC, 0xFF, 0x00, 0x07, 0xFC, 0x7F,
    0xC0, 0x0F, 0xFE, 0x1F, 0xF8, 0x1F, 0xFF, 0x0F, 0xFF, 0xFF, 0xFF, 0x83, 0xFF, 0xFF, 0xFF, 0xC0,
    0xFF, 0xFF, 0xEF, 0xE0, 0x3F, 0xFF, 0xE7, 0xE0, 0x0F, 0xFF, 0xC7, 0xF0, 0x00, 0xFF, 0x03, 0xF8,
    0x00, 0x00, 0x01, 0xF8, 0x00, 0x00, 0x01, 0xFC, 0x00, 0x00, 0x00, 0xFE, 0x00, 0x00, 0x00, 0xFE,
    0x00, 0x00, 0x00, 0x7F, 0x00, 0x00, 0x00, 0x7F, 0x00, 0x00, 0x00, 0x3F, 0x80, 0x00, 0x00, 0x3F,
    0x80, 0x00, 0x00, 0x3F, 0xC0, 0x00, 0x00, 0x3F, 0xC0, 0x30, 0x00, 0x7F, 0xC0, 0x3F, 0x00, 0xFF,
    0xC0, 0x1F, 0xFF, 0xFF, 0xE0, 0x0F, 0xFF, 0xFF, 0xC0, 0x07, 0xFF, 0xFF, 0xC0, 0x03, 0xFF, 0xFF,
    0xC0, 0x00, 0x7F, 0xFF, 0x80, 0x00, 0x07, 0xFE, 0x00, 0x00, 0x00, 0x01, 0xE0, 0x3F, 0x07, 0xF0,
    0x7F, 0x0F, 0xF0, 0xFF, 0x0F, 0xF0, 0x7E, 0x03, 0xC0, 0x00, 0x00, 0x00, 0x00, 0x00, 0x00, 0x00,
    0x00, 0x00, 0x00, 0x00, 0x00, 0x00, 0x00, 0x00, 0x00, 0x00, 0x00, 0x00, 0x00, 0x01, 0xE0, 0x3F,
    0x07, 0xF0, 0x7F, 0x0F, 0xF0, 0xFF, 0x0F, 0xF0, 0x7E, 0x03, 0x80, 0x00, 0x1E, 0x00, 0x3F, 0x00,
    0x7F, 0x00, 0xFF, 0x00, 0xFF, 0x00, 0xFF, 0x00, 0xFF, 0x00, 0x7E, 0x00, 0x38, 0x00, 0x00, 0x00,
    0x00, 0x00, 0x00, 0x00, 0x00, 0x00, 0x00, 0x00, 0x00, 0x00, 0x00, 0x00, 0x00, 0x00, 0x00, 0x00,
    0x00, 0x00, 0x00, 0x00, 0x00, 0x00, 0x00, 0x00, 0x00, 0x01, 0x80, 0x01, 0xF0, 0x03, 0xF8, 0x03,
    0xF8, 0x07, 0xF0, 0x07, 0xF0, 0x0F, 0xE0, 0x0F, 0xE0, 0x0F, 0xC0, 0x1F, 0x80, 0x3F, 0x80, 0x3F,
    0x00, 0x7E, 0x00, 0x7E, 0x00, 0xFC, 0x00, 0xF8, 0x00, 0x30, 0x00, 0x00, 0x00, 0x00, 0x00, 0x1C,
    0x00, 0x00, 0x00, 0x03, 0xF0, 0x00, 0x00, 0x00, 0x3F, 0x80, 0x00, 0x00, 0x07, 0xFE, 0x00, 0x00,
    0x00, 0x7F, 0xF8, 0x00, 0x00, 0x0F, 0xFF, 0xC0, 0x00, 0x00, 0xFF, 0xFC, 0x00, 0x00, 0x0F, 0xFF,
    0xC0, 0x00, 0x01, 0xFF, 0xF8, 0x00, 0x00, 0x1F, 0xFF, 0x80, 0x00, 0x03, 0xFF, 0xF0, 0x00, 0x00,
    0x3F, 0xFF, 0x00, 0x00, 0x07, 0xFF, 0xE0, 0x00, 0x00, 0x7F, 0xFE, 0x00, 0x00, 0x07, 0xFF, 0xC0,
    0x00, 0x00, 0x3F, 0xFC, 0x00, 0x00, 0x00, 0xFF, 0x80, 0x00, 0x00, 0x03, 0xFE, 0x00, 0x00, 0x00,
    0x0F, 0xFE, 0x00, 0x00, 0x00, 0x3F, 0xFF, 0x00, 0x00, 0x00, 0x3F, 0xFF, 0x00, 0x00, 0x00, 0x3F,
    0xFF, 0x00, 0x00, 0x00, 0x3F, 0xFF, 0x00, 0x00, 0x00, 0x3F, 0xFF, 0x00, 0x00, 0x00, 0x3F, 0xFF,
    0x00, 0x00, 0x00, 0x1F, 0xFF, 0x00, 0x00, 0x00, 0x1F, 0xFF, 0x80, 0x00, 0x00, 0x1F, 0xFF, 0x80,
    0x00, 0x00, 0x1F, 0xFF, 0x80, 0x00, 0x00, 0x1F, 0xFE, 0x00, 0x00, 0x00, 0x1F, 0xF0, 0x00, 0x00,
    0x00, 0x1F, 0xC0, 0x00, 0x00, 0x00, 0x1F, 0x00, 0x00, 0x00, 0x00, 0x1C, 0x00, 0x3F, 0xFF, 0xFF,
    0xFF, 0xF9, 0xFF, 0xFF, 0xFF, 0xFF, 0xCF, 0xFF, 0xFF, 0xFF, 0xFE, 0x7F, 0xFF, 0xFF, 0xFF, 0xF3,
    0xFF, 0xFF, 0xFF, 0xFF, 0x3F, 0xFF, 0xFF, 0xFF, 0xF8, 0x00, 0x00, 0x00, 0x00, 0x00, 0x00, 0x00,
    0x00, 0x00, 0x00, 0x00, 0x00, 0x00, 0x00, 0x00, 0x00, 0x00, 0x00, 0x1F, 0xFF, 0xFF, 0xFF, 0xF9,
    0xFF, 0xFF, 0xFF, 0xFF, 0xCF, 0xFF, 0xFF, 0xFF, 0xFE, 0x7F, 0xFF, 0xFF, 0xFF, 0xF3, 0xFF, 0xFF,
    0xFF, 0xFF, 0x9F, 0xFF, 0xFF, 0xFF, 0xF8, 0x03, 0x80, 0x00, 0x00, 0x00, 0x0F, 0x80, 0x00, 0x00,
    0x00, 0x3F, 0x80, 0x00, 0x00, 0x01, 0xFF, 0x80, 0x00, 0x00, 0x07, 0xFF, 0x80, 0x00, 0x00, 0x0F,
    0xFF, 0xC0, 0x00, 0x00, 0x0F, 0xFF, 0xC0, 0x00, 0x00, 0x0F, 0xFF, 0xC0, 0x00, 0x00, 0x0F, 0xFF,
    0xC0, 0x00, 0x00, 0x0F, 0xFF, 0xC0, 0x00, 0x00, 0x0F, 0xFF, 0xC0, 0x00, 0x00, 0x0F, 0xFF, 0xC0,
    0x00, 0x00, 0x0F, 0xFF, 0xC0, 0x00, 0x00, 0x0F, 0xFF, 0xC0, 0x00, 0x00, 0x07, 0xFF, 0xC0, 0x00,
    0x00, 0x07, 0xFF, 0x00, 0x00, 0x00, 0x07, 0xFC, 0x00, 0x00, 0x00, 0x3F, 0xF0, 0x00, 0x00, 0x03,
    0xFF, 0xC0, 0x00, 0x00, 0x7F, 0xFE, 0x00, 0x00, 0x07, 0xFF, 0xE0, 0x00, 0x00, 0xFF, 0xFC, 0x00,
    0x00, 0x0F, 0xFF, 0xC0, 0x00, 0x01, 0xFF, 0xF8, 0x00, 0x00, 0x1F, 0xFF, 0x80, 0x00, 0x03, 0xFF,
    0xF0, 0x00, 0x00, 0x3F, 0xFF, 0x00, 0x00, 0x07, 0xFF, 0xF0, 0x00, 0x00, 0x7F, 0xFE, 0x00, 0x00,
    0x01, 0xFF, 0xE0, 0x00, 0x00, 0x07, 0xFC, 0x00, 0x00, 0x00, 0x1F, 0xC0, 0x00, 0x00, 0x00, 0xF8,
    0x00, 0x00, 0x00, 0x03, 0x80, 0x00, 0x00, 0x00, 0x00, 0x00, 0x3F, 0xC0, 0x00, 0x7F, 0xFE, 0x00,
    0x7F, 0xFF, 0xC0, 0x3F, 0xFF, 0xF8, 0x3F, 0xFF, 0xFF, 0x1F, 0xFF, 0xFF, 0xEF, 0xF8, 0x0F, 0xFB,
    0xF8, 0x01, 0xFE, 0xF8, 0x00, 0x3F, 0x9C, 0x00, 0x07, 0xF4, 0x00, 0x01, 0xFC, 0x00, 0x00, 0x7E,
    0x00, 0x00, 0x1F, 0x80, 0x00, 0x07, 0xE0, 0x00, 0x03, 0xF8, 0x00, 0x00, 0xFC, 0x00, 0x00, 0x7F,
    0x00, 0x00, 0x3F, 0x80, 0x00, 0x1F, 0xE0, 0x00, 0x0F, 0xF0, 0x00, 0x07, 0xF8, 0x00, 0x03, 0xFC,
    0x00, 0x01, 0xFE, 0x00, 0x00, 0xFF, 0x00, 0x00, 0x7F, 0x80, 0x00, 0x3F, 0xC0, 0x00, 0x1F, 0xE0,
    0x00, 0x07, 0xF0, 0x00, 0x03, 0xF8, 0x00, 0x00, 0xFC, 0x00, 0x00, 0x3F, 0x00, 0x00, 0x1F, 0xC0,
    0x00, 0x07, 0xF0, 0x00, 0x01, 0xF8, 0x00, 0x00, 0x7E, 0x00, 0x00, 0x1F, 0x80, 0x00, 0x00, 0x00,
    0x00, 0x00, 0x00, 0x00, 0x00, 0x00, 0x00, 0x00, 0x00, 0x00, 0x00, 0x07, 0x80, 0x00, 0x07, 0xF0,
    0x00, 0x01, 0xFC, 0x00, 0x00, 0xFF, 0x80, 0x00, 0x3F, 0xE0, 0x00, 0x0F, 0xF0, 0x00, 0x03, 0xFC,
    0x00, 0x00, 0xFE, 0x00, 0x00, 0x1F, 0x00, 0x00, 0x00, 0x00, 0x00, 0x00, 0xFF, 0xC0, 0x00, 0x00,
    0x00, 0x03, 0xFF, 0xFE, 0x00, 0x00, 0x00, 0x0F, 0xFF, 0xFF, 0xC0, 0x00, 0x00, 0x1F, 0xFF, 0xFF,
    0xF8, 0x00, 0x00, 0x3F, 0xFF, 0xFF, 0xFE, 0x00, 0x00, 0x3F, 0xF8, 0x03, 0xFF, 0x80, 0x00, 0x3F,
    0xE0, 0x00, 0x3F, 0xE0, 0x00, 0x7F, 0xC0, 0x00, 0x07, 0xF8, 0x00, 0x7F, 0x80, 0x00, 0x01, 0xFE,
    0x00, 0x7F, 0x80, 0x00, 0x00, 0x7F, 0x00, 0x7F, 0x00, 0x3F, 0x80, 0x1F, 0xC0, 0x3F, 0x00, 0xFF,
    0xF3, 0xE7, 0xE0, 0x3F, 0x01, 0xFF, 0xFF, 0xF3, 0xF0, 0x3F, 0x01, 0xFF, 0xFF, 0xF9, 0xF8, 0x3F,
    0x81, 0xFF, 0xFF, 0xF8, 0x7E, 0x1F, 0x81, 0xFE, 0x0F, 0xFC, 0x3F, 0x1F, 0x81, 0xFC, 0x03, 0xFC,
    0x1F, 0x8F, 0xC1, 0xFC, 0x00, 0xFE, 0x0F, 0xCF, 0xC1, 0xFC, 0x00, 0x7E, 0x07, 0xE7, 0xE1, 0xFC,
    0x00, 0x3F, 0x03, 0xE7, 0xE0, 0xFC, 0x00, 0x1F, 0x01, 0xF3, 0xF0, 0xFE, 0x00, 0x1F, 0x80, 0xF9,
    0xF0, 0x7E, 0x00, 0x0F, 0xC0, 0xFC, 0xF8, 0x7F, 0x00, 0x07, 0xC0, 0x7C, 0xFC, 0x3F, 0x00, 0x07,
    0xE0, 0x3E, 0x7E, 0x3F, 0x80, 0x03, 0xE0, 0x3F, 0x3E, 0x1F, 0x80, 0x03, 0xF0, 0x1F, 0x1F, 0x0F,
    0xC0, 0x01, 0xF0, 0x1F, 0x8F, 0x87, 0xE0, 0x01, 0xF8, 0x1F, 0x87, 0xC3, 0xF0, 0x01, 0xF8, 0x0F,
    0x83, 0xE1, 0xF8, 0x01, 0xFC, 0x0F, 0xC1, 0xF0, 0xFC, 0x01, 0xFE, 0x1F, 0xC0, 0xF8, 0x7F, 0x01,
    0xFE, 0x1F, 0xC0, 0x7E, 0x3F, 0xC7, 0xFF, 0xFF, 0xC0, 0x3F, 0x0F, 0xFF, 0xFF, 0xFF, 0xC0, 0x1F,
    0x87, 0xFF, 0xE7, 0xFF, 0x80, 0x0F, 0xE1, 0xFF, 0xE3, 0xFF, 0x00, 0x03, 0xF0, 0x3F, 0x80, 0xFC,
    0x00, 0x01, 0xFC, 0x00, 0x00, 0x00, 0x0C, 0x00, 0x7F, 0x00, 0x00, 0x00, 0x0F, 0x00, 0x3F, 0xC0,
    0x00, 0x00, 0x1F, 0x80, 0x0F, 0xF0, 0x00, 0x00, 0x3F, 0xC0, 0x03, 0xFE, 0x00, 0x00, 0xFF, 0xC0,
    0x00, 0xFF, 0xE0, 0x07, 0xFF, 0x80, 0x00, 0x3F, 0xFF, 0xFF, 0xFF, 0x80, 0x00, 0x0F, 0xFF, 0xFF,
    0xFF, 0x00, 0x00, 0x01, 0xFF, 0xFF, 0xFC, 0x00, 0x00, 0x00, 0x3F, 0xFF, 0xF8, 0x00, 0x00, 0x00,
    0x01, 0xFF, 0x80, 0x00, 0x00, 0x00, 0x00, 0x00, 0x00, 0x1F, 0xC0, 0x00, 0x00, 0x00, 0x00, 0xFE,
    0x00, 0x00, 0x00, 0x00, 0x0F, 0xF0, 0x00, 0x00, 0x00, 0x00, 0x7F, 0xC0, 0x00, 0x00, 0x00, 0x07,
    0xFE, 0x00, 0x00, 0x00, 0x00, 0x3F, 0xF0, 0x00, 0x00, 0x00, 0x03, 0xFF, 0x80, 0x00, 0x00, 0x00,
    0x1F, 0xFC, 0x00, 0x00, 0x00, 0x01, 0xFF, 0xE0, 0x00, 0x00, 0x00, 0x1F, 0xBF, 0x80, 0x00, 0x00,
    0x00, 0xFD, 0xFC, 0x00, 0x00, 0x00, 0x0F, 0xCF, 0xE0, 0x00, 0x00, 0x00, 0x7E, 0x7F, 0x00, 0x00,
    0x00, 0x07, 0xE1, 0xF8, 0x00, 0x00, 0x00, 0x3F, 0x0F, 0xC0, 0x00, 0x00, 0x03, 0xF0, 0x7F, 0x00,
    0x00, 0x00, 0x1F, 0x03, 0xF8, 0x00, 0x00, 0x01, 0xF8, 0x1F, 0xC0, 0x00, 0x00, 0x0F, 0x80, 0xFE,
    0x00, 0x00, 0x00, 0xFC, 0x07, 0xF0, 0x00, 0x00, 0x07, 0xC0, 0x1F, 0x80, 0x00, 0x00, 0x7E, 0x00,
    0xFE, 0x00, 0x00, 0x07, 0xE0, 0x07, 0xF0, 0x00, 0x00, 0x3F, 0x00, 0x3F, 0x80, 0x00, 0x03, 0xF0,
    0x01, 0xFC, 0x00, 0x00, 0x1F, 0xFF, 0xFF, 0xE0, 0x00, 0x01, 0xFF, 0xFF, 0xFF, 0x00, 0x00, 0x0F,
    0xFF, 0xFF, 0xFC, 0x00, 0x00, 0xFF, 0xFF, 0xFF, 0xE0, 0x00, 0x07, 0xFF, 0xFF, 0xFF, 0x00, 0x00,
    0x7F, 0xFF, 0xFF, 0xF8, 0x00, 0x03, 0xF0, 0x00, 0x1F, 0xC0, 0x00, 0x3F, 0x00, 0x00, 0xFE, 0x00,
    0x03, 0xF0, 0x00, 0x03, 0xF8, 0x00, 0x1F, 0x80, 0x00, 0x1F, 0xC0, 0x01, 0xF8, 0x00, 0x00, 0xFE,
    0x00, 0x0F, 0xC0, 0x00, 0x07, 0xF0, 0x00, 0xFC, 0x00, 0x00, 0x3F, 0x80, 0x07, 0xE0, 0x00, 0x01,
    0xFC, 0x00, 0x7E, 0x00, 0x00, 0x07, 0xF0, 0x03, 0xF0, 0x00, 0x00, 0x3F, 0x80, 0x3F, 0x00, 0x00,
    0x01, 0xFC, 0x1F, 0xF8, 0x00, 0x00, 0x0F, 0xFE, 0xFF, 0x80, 0x00, 0x00, 0x7F, 0xF7, 0xFC, 0x00,
    0x00, 0x03, 0xFF, 0xFF, 0xC0, 0x00, 0x00, 0x1F, 0xFB, 0xFE, 0x00, 0x00, 0x00, 0x7F, 0xC0, 0x00,
    0xFF, 0xFF, 0xFF, 0x00, 0x00, 0x7F, 0xFF, 0xFF, 0xF0, 0x00, 0x3F, 0xFF, 0xFF, 0xFE, 0x00, 0x1F,
    0xFF, 0xFF, 0xFF, 0x80, 0x1F, 0xFF, 0xFF, 0xFF, 0xE0, 0x00, 0xFF, 0xFF, 0xFF, 0xF8, 0x00, 0x7F,
    0x00, 0x1F, 0xFC, 0x00, 0x3F, 0x00, 0x01, 0xFE, 0x00, 0x1F, 0x80, 0x00, 0x7F, 0x00, 0x1F, 0xC0,
    0x00, 0x3F, 0xC0, 0x0F, 0xE0, 0x00, 0x1F, 0xC0, 0x07, 0xF0, 0x00, 0x0F, 0xE0, 0x03, 0xF0, 0x00,
    0x07, 0xF0, 0x01, 0xF8, 0x00, 0x03, 0xF8, 0x00, 0xFC, 0x00, 0x01, 0xFC, 0x00, 0xFE, 0x00, 0x01,
    0xFC, 0x00, 0x7F, 0x00, 0x01, 0xFE, 0x00, 0x3F, 0x00, 0x01, 0xFE, 0x00, 0x1F, 0x80, 0x07, 0xFE,
    0x00, 0x0F, 0xFF, 0xFF, 0xFE, 0x00, 0x07, 0xFF, 0xFF, 0xFE, 0x00, 0x07, 0xFF, 0xFF, 0xFC, 0x00,
    0x03, 0xFF, 0xFF, 0xFE, 0x00, 0x01, 0xFF, 0xFF, 0xFF, 0xC0, 0x00, 0xFF, 0xFF, 0xFF, 0xF0, 0x00,
    0x7E, 0x00, 0x0F, 0xFC, 0x00, 0x7F, 0x00, 0x01, 0xFF, 0x00, 0x3F, 0x80, 0x00, 0x7F, 0x80, 0x1F,
    0xC0, 0x00, 0x1F, 0xE0, 0x0F, 0xC0, 0x00, 0x0F, 0xF0, 0x07, 0xE0, 0x00, 0x03, 0xF8, 0x03, 0xF0,
    0x00, 0x01, 0xFC, 0x03, 0xF8, 0x00, 0x00, 0xFE, 0x01, 0xFC, 0x00, 0x00, 0xFF, 0x00, 0xFC, 0x00,
    0x00, 0x7F, 0x80, 0x7E, 0x00, 0x00, 0x3F, 0x80, 0x3F, 0x00, 0x00, 0x3F, 0xC0, 0x1F, 0x80, 0x00,
    0x3F, 0xE0, 0x1F, 0xC0, 0x00, 0x3F, 0xE0, 0x0F, 0xE0, 0x00, 0x3F, 0xE0, 0x07, 0xE0, 0x00, 0xFF,
    0xF0, 0x03, 0xFF, 0xFF, 0xFF, 0xF0, 0x1F, 0xFF, 0xFF, 0xFF, 0xF0, 0x0F, 0xFF, 0xFF, 0xFF, 0xE0,
    0x0F, 0xFF, 0xFF, 0xFF, 0xE0, 0x07, 0xFF, 0xFF, 0xFF, 0x80, 0x03, 0xFF, 0xFF, 0xFC, 0x00, 0x00,
    0x00, 0x00, 0x03, 0xFF, 0x80, 0x00, 0x00, 0x3F, 0xFF, 0xF0, 0x00, 0x00, 0xFF, 0xFF, 0xFE, 0x00,
    0x03, 0xFF, 0xFF, 0xFF, 0x00, 0x0F, 0xFF, 0xFF, 0xFE, 0x00, 0x1F, 0xFF, 0xFF, 0xFE, 0x00, 0x3F,
    0xFC, 0x01, 0xFC, 0x00, 0x7F, 0xE0, 0x00, 0x1C, 0x00, 0xFF, 0x80, 0x00, 0x00, 0x01, 0xFF, 0x00,
    0x00, 0x00, 0x03, 0xFE, 0x00, 0x00, 0x00, 0x07, 0xFC, 0x00, 0x00, 0x00, 0x07, 0xF8, 0x00, 0x00,
    0x00, 0x0F, 0xF0, 0x00, 0x00, 0x00, 0x0F, 0xE0, 0x00, 0x00, 0x00, 0x1F, 0xE0, 0x00, 0x00, 0x00,
    0x1F, 0xC0, 0x00, 0x00, 0x00, 0x3F, 0xC0, 0x00, 0x00, 0x00, 0x3F, 0x80, 0x00, 0x00, 0x00, 0x7F,
    0x80, 0x00, 0x00, 0x00, 0x7F, 0x00, 0x00, 0x00, 0x00, 0x7F, 0x00, 0x00, 0x00, 0x00, 0x7F, 0x00,
    0x00, 0x00, 0x00, 0xFE, 0x00, 0x00, 0x00, 0x00, 0xFE, 0x00, 0x00, 0x00, 0x00, 0xFE, 0x00, 0x00,
    0x00, 0x00, 0xFE, 0x00, 0x00, 0x00, 0x00, 0xFE, 0x00, 0x00, 0x00, 0x00, 0xFE, 0x00, 0x00, 0x00,
    0x00, 0xFE, 0x00, 0x00, 0x00, 0x00, 0xFE, 0x00, 0x00, 0x00, 0x00, 0xFE, 0x00, 0x00, 0x00, 0x00,
    0xFE, 0x00, 0x00, 0x00, 0x00, 0xFE, 0x00, 0x00, 0x00, 0x00, 0xFF, 0x00, 0x00, 0x00, 0x00, 0xFF,
    0x00, 0x00, 0x00, 0x00, 0xFF, 0x80, 0x00, 0x00, 0x00, 0x7F, 0x80, 0x00, 0x00, 0x00, 0x7F, 0xC0,
    0x00, 0x00, 0x00, 0x7F, 0xE0, 0x00, 0x00, 0x00, 0x3F, 0xF0, 0x00, 0x01, 0x80, 0x1F, 0xF8, 0x00,
    0x0F, 0x80, 0x1F, 0xFF, 0x00, 0x7F, 0x80, 0x0F, 0xFF, 0xFF, 0xFF, 0x00, 0x07, 0xFF, 0xFF, 0xFF,
    0x00, 0x03, 0xFF, 0xFF, 0xFF, 0x00, 0x00, 0xFF, 0xFF, 0xFE, 0x00, 0x00, 0x3F, 0xFF, 0xF0, 0x00,
    0x00, 0x07, 0xFF, 0x00, 0x00, 0x00, 0xFF, 0xFF, 0xF8, 0x00, 0x00, 0x0F, 0xFF, 0xFF, 0xF8, 0x00,
    0x00, 0xFF, 0xFF, 0xFF, 0xF0, 0x00, 0x0F, 0xFF, 0xFF, 0xFF, 0x80, 0x00, 0xFF, 0xFF, 0xFF, 0xFE,
    0x00, 0x01, 0xFF, 0xFF, 0xFF, 0xF0, 0x00, 0x1F, 0xC0, 0x1F, 0xFF, 0x80, 0x01, 0xFC, 0x00, 0x3F,
    0xF8, 0x00, 0x1F, 0x80, 0x00, 0xFF, 0xC0, 0x01, 0xF8, 0x00, 0x07, 0xFE, 0x00, 0x3F, 0x80, 0x00,
    0x3F, 0xE0, 0x03, 0xF8, 0x00, 0x01, 0xFE, 0x00, 0x3F, 0x80, 0x00, 0x0F, 0xF0, 0x03, 0xF8, 0x00,
    0x00, 0xFF, 0x00, 0x3F, 0x00, 0x00, 0x0F, 0xF0, 0x03, 0xF0, 0x00, 0x00, 0x7F, 0x00, 0x7F, 0x00,
    0x00, 0x07, 0xF0, 0x07, 0xF0, 0x00, 0x00, 0x7F, 0x00, 0x7F, 0x00, 0x00, 0x07, 0xF0, 0x07, 0xE0,
    0x00, 0x00, 0x7F, 0x00, 0x7E, 0x00, 0x00, 0x07, 0xF0, 0x0F, 0xE0, 0x00, 0x00, 0x7F, 0x00, 0xFE,
    0x00, 0x00, 0x07, 0xF0, 0x0F, 0xE0, 0x00, 0x00, 0x7F, 0x00, 0xFE, 0x00, 0x00, 0x07, 0xF0, 0x0F,
    0xC0, 0x00, 0x00, 0xFE, 0x00, 0xFC, 0x00, 0x00, 0x0F, 0xE0, 0x1F, 0xC0, 0x00, 0x00, 0xFE, 0x01,
    0xFC, 0x00, 0x00, 0x1F, 0xE0, 0x1F, 0xC0, 0x00, 0x01, 0xFC, 0x01, 0xF8, 0x00, 0x00, 0x3F, 0xC0,
    0x1F, 0x80, 0x00, 0x03, 0xF8, 0x01, 0xF8, 0x00, 0x00, 0x7F, 0x80, 0x3F, 0x80, 0x00, 0x0F, 0xF0,
    0x03, 0xF8, 0x00, 0x01, 0xFF, 0x00, 0x3F, 0x00, 0x00, 0x1F, 0xE0, 0x03, 0xF0, 0x00, 0x07, 0xFC,
    0x00, 0x3F, 0x00, 0x00, 0xFF, 0xC0, 0x07, 0xF0, 0x00, 0x1F, 0xF8, 0x00, 0x7F, 0x00, 0x07, 0xFF,
    0x00, 0x07, 0xF0, 0x03, 0xFF, 0xE0, 0x00, 0x7F, 0xFF, 0xFF, 0xF8, 0x00, 0x7F, 0xFF, 0xFF, 0xFF,
    0x00, 0x07, 0xFF, 0xFF, 0xFF, 0xC0, 0x00, 0x7F, 0xFF, 0xFF, 0xF0, 0x00, 0x0F, 0xFF, 0xFF, 0xF8,
    0x00, 0x00, 0xFF, 0xFF, 0xF8, 0x00, 0x00, 0x00, 0x00, 0xFF, 0xFF, 0xFF, 0xFE, 0x01, 0xFF, 0xFF,
    0xFF, 0xFC, 0x03, 0xFF, 0xFF, 0xFF, 0xF8, 0x07, 0xFF, 0xFF, 0xFF, 0xF0, 0x0F, 0xFF, 0xFF, 0xFF,
    0xE0, 0x03, 0xFF, 0xFF, 0xFF, 0x80, 0x07, 0xF0, 0x00, 0x00, 0x00, 0x0F, 0xE0, 0x00, 0x00, 0x00,
    0x1F, 0x80, 0x00, 0x00, 0x00, 0x3F, 0x00, 0x00, 0x00, 0x00, 0xFE, 0x00, 0x00, 0x00, 0x01, 0xFC,
    0x00, 0x00, 0x00, 0x03, 0xF8, 0x00, 0x00, 0x00, 0x07, 0xE0, 0x00, 0x00, 0x00, 0x0F, 0xC0, 0x00,
    0x00, 0x00, 0x1F, 0x80, 0x00, 0x00, 0x00, 0x7F, 0x00, 0x00, 0x00, 0x00, 0xFE, 0x00, 0x00, 0x00,
    0x01, 0xF8, 0x00, 0x00, 0x00, 0x03, 0xFF, 0xFF, 0xFE, 0x00, 0x07, 0xFF, 0xFF, 0xFC, 0x00, 0x1F,
    0xFF, 0xFF, 0xF8, 0x00, 0x3F, 0xFF, 0xFF, 0xF0, 0x00, 0x7F, 0xFF, 0xFF, 0xC0, 0x00, 0xFF, 0xFF,
    0xFF, 0x80, 0x01, 0xF8, 0x00, 0x00, 0x00, 0x03, 0xF0, 0x00, 0x00, 0x00, 0x0F, 0xE0, 0x00, 0x00,
    0x00, 0x1F, 0xC0, 0x00, 0x00, 0x00, 0x3F, 0x80, 0x00, 0x00, 0x00, 0x7E, 0x00, 0x00, 0x00, 0x00,
    0xFC, 0x00, 0x00, 0x00, 0x01, 0xF8, 0x00, 0x00, 0x00, 0x07, 0xF0, 0x00, 0x00, 0x00, 0x0F, 0xE0,
    0x00, 0x00, 0x00, 0x1F, 0x80, 0x00, 0x00, 0x00, 0x3F, 0x00, 0x00, 0x00, 0x00, 0x7E, 0x00, 0x00,
    0x00, 0x01, 0xFC, 0x00, 0x00, 0x00, 0x03, 0xF8, 0x00, 0x00, 0x00, 0x07, 0xF0, 0x00, 0x00, 0x00,
    0x0F, 0xFF, 0xFF, 0xFF, 0x81, 0xFF, 0xFF, 0xFF, 0xFF, 0x03, 0xFF, 0xFF, 0xFF, 0xFE, 0x07, 0xFF,
    0xFF, 0xFF, 0xFC, 0x1F, 0xFF, 0xFF, 0xFF, 0xF8, 0x3F, 0xFF, 0xFF, 0xFF, 0xE0, 0x00, 0x00, 0xFF,
    0xFF, 0xFF, 0xFE, 0x01, 0xFF, 0xFF, 0xFF, 0xFC, 0x07, 0xFF, 0xFF, 0xFF, 0xF8, 0x0F, 0xFF, 0xFF,
    0xFF, 0xF0, 0x1F, 0xFF, 0xFF, 0xFF, 0xE0, 0x03, 0xFF, 0xFF, 0xFF, 0x80, 0x07, 0xE0, 0x00, 0x00,
    0x00, 0x1F, 0xC0, 0x00, 0x00, 0x00, 0x3F, 0x80, 0x00, 0x00, 0x00, 0x7F, 0x00, 0x00, 0x00, 0x00,
    0xFC, 0x00, 0x00, 0x00, 0x01, 0xF8, 0x00, 0x00, 0x00, 0x03, 0xF0, 0x00, 0x00, 0x00, 0x0F, 0xE0,
    0x00, 0x00, 0x00, 0x1F, 0xC0, 0x00, 0x00, 0x00, 0x3F, 0x80, 0x00, 0x00, 0x00, 0x7E, 0x00, 0x00,
    0x00, 0x00, 0xFC, 0x00, 0x00, 0x00, 0x01, 0xF8, 0x00, 0x00, 0x00, 0x07, 0xFF, 0xFF, 0xF0, 0x00,
    0x0F, 0xFF, 0xFF, 0xE0, 0x00, 0x1F, 0xFF, 0xFF, 0xC0, 0x00, 0x3F, 0xFF, 0xFF, 0x80, 0x00, 0x7F,
    0xFF, 0xFF, 0x00, 0x01, 0xFF, 0xFF, 0xFE, 0x00, 0x03, 0xF8, 0x00, 0x00, 0x00, 0x07, 0xF0, 0x00,
    0x00, 0x00, 0x0F, 0xC0, 0x00, 0x00, 0x00, 0x1F, 0x80, 0x00, 0x00, 0x00, 0x3F, 0x00, 0x00, 0x00,
    0x00, 0xFE, 0x00, 0x00, 0x00, 0x01, 0xFC, 0x00, 0x00, 0x00, 0x03, 0xF8, 0x00, 0x00, 0x00, 0x07,
    0xE0, 0x00, 0x00, 0x00, 0x0F, 0xC0, 0x00, 0x00, 0x00, 0x1F, 0x80, 0x00, 0x00, 0x00, 0x7F, 0x00,
    0x00, 0x00, 0x00, 0xFE, 0x00, 0x00, 0x00, 0x01, 0xF8, 0x00, 0x00, 0x00, 0x03, 0xF0, 0x00, 0x00,
    0x00, 0x07, 0xE0, 0x00, 0x00, 0x00, 0x1F, 0xC0, 0x00, 0x00, 0x03, 0xFF, 0xF8, 0x00, 0x00, 0x07,
    0xFF, 0xF0, 0x00, 0x00, 0x0F, 0xFF, 0xE0, 0x00, 0x00, 0x1F, 0xFF, 0xC0, 0x00, 0x00, 0x3F, 0xFF,
    0x80, 0x00, 0x00, 0x00, 0x00, 0x00, 0x03, 0xFF, 0x80, 0x00, 0x00, 0x3F, 0xFF, 0xF0, 0x00, 0x00,
    0xFF, 0xFF, 0xFE, 0x00, 0x03, 0xFF, 0xFF, 0xFF, 0x00, 0x07, 0xFF, 0xFF, 0xFF, 0x00, 0x1F, 0xFF,
    0xFF, 0xFE, 0x00, 0x3F, 0xFC, 0x01, 0xFE, 0x00, 0x7F, 0xF0, 0x00, 0x3C, 0x00, 0xFF, 0xC0, 0x00,
    0x08, 0x01, 0xFF, 0x00, 0x00, 0x00, 0x03, 0xFE, 0x00, 0x00, 0x00, 0x03, 0xFC, 0x00, 0x00, 0x00,
    0x07, 0xF8, 0x00, 0x00, 0x00, 0x0F, 0xF0, 0x00, 0x00, 0x00, 0x0F, 0xF0, 0x00, 0x00, 0x00, 0x1F,
    0xE0, 0x00, 0x00, 0x00, 0x1F, 0xC0, 0x00, 0x00, 0x00, 0x1F, 0xC0, 0x00, 0x00, 0x00, 0x3F, 0x80,
    0x00, 0x00, 0x00, 0x3F, 0x80, 0x00, 0x00, 0x00, 0x7F, 0x80, 0x00, 0x00, 0x00, 0x7F, 0x00, 0x00,
    0x00, 0x00, 0x7F, 0x00, 0x00, 0x00, 0x00, 0x7F, 0x00, 0x00, 0x1F, 0xFC, 0x7F, 0x00, 0x00, 0x1F,
    0xFC, 0xFE, 0x00, 0x00, 0x1F, 0xFC, 0xFE, 0x00, 0x00, 0x1F, 0xFC, 0xFE, 0x00, 0x00, 0x1F, 0xF8,
    0xFE, 0x00, 0x00, 0x01, 0xF8, 0xFE, 0x00, 0x00, 0x01, 0xF8, 0xFE, 0x00, 0x00, 0x03, 0xF8, 0xFE,
    0x00, 0x00, 0x03, 0xF8, 0xFE, 0x00, 0x00, 0x03, 0xF8, 0xFF, 0x00, 0x00, 0x03, 0xF0, 0xFF, 0x00,
    0x00, 0x03, 0xF0, 0xFF, 0x00, 0x00, 0x03, 0xF0, 0x7F, 0x80, 0x00, 0x07, 0xF0, 0x7F, 0x80, 0x00,
    0x07, 0xF0, 0x7F, 0xC0, 0x00, 0x07, 0xE0, 0x3F, 0xE0, 0x00, 0x07, 0xE0, 0x3F, 0xF0, 0x00, 0x07,
    0xE0, 0x1F, 0xFC, 0x00, 0x0F, 0xE0, 0x0F, 0xFF, 0x00, 0x7F, 0xE0, 0x0F, 0xFF, 0xFF, 0xFF, 0xE0,
    0x07, 0xFF, 0xFF, 0xFF, 0xC0, 0x01, 0xFF, 0xFF, 0xFF, 0xC0, 0x00, 0xFF, 0xFF, 0xFE, 0x00, 0x00,
    0x3F, 0xFF, 0xF8, 0x00, 0x00, 0x07, 0xFF, 0x00, 0x00, 0x00, 0xFF, 0xC0, 0x00, 0x00, 0x7F, 0xE0,
    0x1F, 0xF8, 0x00, 0x00, 0x0F, 0xFC, 0x07, 0xFF, 0x00, 0x00, 0x03, 0xFF, 0x80, 0xFF, 0xE0, 0x00,
    0x00, 0x7F, 0xF0, 0x1F, 0xF8, 0x00, 0x00, 0x0F, 0xFC, 0x00, 0x3F, 0x00, 0x00, 0x01, 0xF8, 0x00,
    0x07, 0xE0, 0x00, 0x00, 0x3F, 0x00, 0x01, 0xFC, 0x00, 0x00, 0x0F, 0xE0, 0x00, 0x3F, 0x80, 0x00,
    0x01, 0xFC, 0x00, 0x07, 0xF0, 0x00, 0x00, 0x3F, 0x80, 0x00, 0xFC, 0x00, 0x00, 0x07, 0xF0, 0x00,
    0x1F, 0x80, 0x00, 0x00, 0xFC, 0x00, 0x07, 0xF0, 0x00, 0x00, 0x3F, 0x80, 0x00, 0xFE, 0x00, 0x00,
    0x07, 0xF0, 0x00, 0x1F, 0xC0, 0x00, 0x00, 0xFE, 0x00, 0x03, 0xF0, 0x00, 0x00, 0x1F, 0xC0, 0x00,
    0x7E, 0x00, 0x00, 0x03, 0xF0, 0x00, 0x0F, 0xC0, 0x00, 0x00, 0x7E, 0x00, 0x03, 0xF8, 0x00, 0x00,
    0x1F, 0xC0, 0x00, 0x7F, 0xFF, 0xFF, 0xFF, 0xF8, 0x00, 0x0F, 0xFF, 0xFF, 0xFF, 0xFF, 0x00, 0x01,
    0xFF, 0xFF, 0xFF, 0xFF, 0xE0, 0x00, 0x3F, 0xFF, 0xFF, 0xFF, 0xF8, 0x00, 0x07, 0xFF, 0xFF, 0xFF,
    0xFF, 0x00, 0x01, 0xFF, 0xFF, 0xFF, 0xFF, 0xE0, 0x00, 0x3F, 0x80, 0x00, 0x01, 0xFC, 0x00, 0x07,
    0xF0, 0x00, 0x00, 0x3F, 0x80, 0x00, 0xFC, 0x00, 0x00, 0x07, 0xF0, 0x00, 0x1F, 0x80, 0x00, 0x00,
    0xFC, 0x00, 0x03, 0xF0, 0x00, 0x00, 0x1F, 0x80, 0x00, 0xFE, 0x00, 0x00, 0x07, 0xF0, 0x00, 0x1F,
    0xC0, 0x00, 0x00, 0xFE, 0x00, 0x03, 0xF8, 0x00, 0x00, 0x1F, 0xC0, 0x00, 0x7E, 0x00, 0x00, 0x03,
    0xF0, 0x00, 0x0F, 0xC0, 0x00, 0x00, 0x7E, 0x00, 0x03, 0xF8, 0x00, 0x00, 0x1F, 0xC0, 0x00, 0x7F,
    0x00, 0x00, 0x03, 0xF8, 0x00, 0x0F, 0xE0, 0x00, 0x00, 0x7F, 0x00, 0x01, 0xFC, 0x00, 0x00, 0x0F,
    0xE0, 0x00, 0x3F, 0x00, 0x00, 0x01, 0xF8, 0x00, 0x07, 0xE0, 0x00, 0x00, 0x3F, 0x00, 0x01, 0xFC,
    0x00, 0x00, 0x0F, 0xE0, 0x03, 0xFF, 0x80, 0x00, 0x01, 0xFF, 0xC0, 0x7F, 0xF0, 0x00, 0x00, 0x3F,
    0xF8, 0x0F, 0xFC, 0x00, 0x00, 0x07, 0xFE, 0x01, 0xFF, 0x80, 0x00, 0x00, 0xFF, 0xC0, 0x3F, 0xF0,
    0x00, 0x00, 0x1F, 0xF8, 0x00, 0x00, 0xFF, 0xF8, 0x07, 0xFF, 0xC0, 0x7F, 0xFE, 0x03, 0xFF, 0xF0,
    0x1F, 0xFF, 0x80, 0x1F, 0xC0, 0x00, 0xFC, 0x00, 0x07, 0xE0, 0x00, 0x3F, 0x00, 0x01, 0xF8, 0x00,
    0x0F, 0xC0, 0x00, 0xFE, 0x00, 0x07, 0xE0, 0x00, 0x3F, 0x00, 0x01, 0xF8, 0x00, 0x0F, 0xC0, 0x00,
    0x7E, 0x00, 0x07, 0xF0, 0x00, 0x3F, 0x00, 0x01, 0xF8, 0x00, 0x0F, 0xC0, 0x00, 0x7E, 0x00, 0x07,
    0xF0, 0x00, 0x3F, 0x80, 0x01, 0xF8, 0x00, 0x0F, 0xC0, 0x00, 0x7E, 0x00, 0x03, 0xF0, 0x00, 0x3F,
    0x80, 0x01, 0xF8, 0x00, 0x0F, 0xC0, 0x00, 0x7E, 0x00, 0x03, 0xF0, 0x00, 0x1F, 0x80, 0x01, 0xFC,
    0x00, 0x0F, 0xC0, 0x00, 0x7E, 0x00, 0x03, 0xF0, 0x00, 0x1F, 0x80, 0x01, 0xFC, 0x00, 0x0F, 0xE0,
    0x00, 0x7E, 0x00, 0x3F, 0xFF, 0x01, 0xFF, 0xF8, 0x0F, 0xFF, 0xC0, 0x7F, 0xFC, 0x03, 0xFF, 0xE0,
    0x00, 0x00, 0x00, 0xFF, 0xFC, 0x00, 0x03, 0xFF, 0xF0, 0x00, 0x1F, 0xFF, 0xC0, 0x00, 0x7F, 0xFE,
    0x00, 0x01, 0xFF, 0xF8, 0x00, 0x00, 0x7E, 0x00, 0x00, 0x01, 0xF8, 0x00, 0x00, 0x07, 0xE0, 0x00,
    0x00, 0x3F, 0x80, 0x00, 0x00, 0xFE, 0x00, 0x00, 0x03, 0xF0, 0x00, 0x00, 0x0F, 0xC0, 0x00, 0x00,
    0x3F, 0x00, 0x00, 0x01, 0xFC, 0x00, 0x00, 0x07, 0xF0, 0x00, 0x00, 0x1F, 0x80, 0x00, 0x00, 0x7E,
    0x00, 0x00, 0x01, 0xF8, 0x00, 0x00, 0x07, 0xE0, 0x00, 0x00, 0x3F, 0x80, 0x00, 0x00, 0xFE, 0x00,
    0x00, 0x03, 0xF0, 0x00, 0x00, 0x0F, 0xC0, 0x00, 0x00, 0x3F, 0x00, 0x00, 0x00, 0xFC, 0x00, 0x00,
    0x07, 0xF0, 0x00, 0x00, 0x1F, 0xC0, 0x00, 0x00, 0x7E, 0x00, 0x00, 0x01, 0xF8, 0x00, 0x00, 0x07,
    0xE0, 0x00, 0x00, 0x3F, 0x80, 0x00, 0x00, 0xFE, 0x00, 0x00, 0x03, 0xF0, 0x00, 0x00, 0x0F, 0xC0,
    0x00, 0x00, 0x3F, 0x00, 0x00, 0x00, 0xFC, 0x00, 0x00, 0x07, 0xF0, 0x00, 0x00, 0x1F, 0xC0, 0x00,
    0x00, 0x7E, 0x00, 0x00, 0x03, 0xF8, 0x00, 0x40, 0x0F, 0xE0, 0x01, 0xC0, 0xFF, 0x00, 0x07, 0xFF,
    0xFC, 0x00, 0x1F, 0xFF, 0xE0, 0x00, 0xFF, 0xFF, 0x00, 0x03, 0xFF, 0xF8, 0x00, 0x07, 0xFF, 0xC0,
    0x00, 0x07, 0xFC, 0x00, 0x00, 0x00, 0xFF, 0xE0, 0x00, 0x07, 0xFE, 0x01, 0xFF, 0x80, 0x00, 0x1F,
    0xFC, 0x03, 0xFF, 0x00, 0x00, 0x7F, 0xF8, 0x07, 0xFE, 0x00, 0x01, 0xFF, 0xF0, 0x1F, 0xFC, 0x00,
    0x07, 0xFF, 0xC0, 0x03, 0xF8, 0x00, 0x1F, 0xC0, 0x00, 0x07, 0xF0, 0x00, 0x7F, 0x00, 0x00, 0x0F,
    0xC0, 0x01, 0xFC, 0x00, 0x00, 0x1F, 0x80, 0x07, 0xF0, 0x00, 0x00, 0x7F, 0x00, 0x3F, 0xC0, 0x00,
    0x00, 0xFE, 0x00, 0xFF, 0x00, 0x00, 0x01, 0xFC, 0x03, 0xFC, 0x00, 0x00, 0x03, 0xF0, 0x0F, 0xF0,
    0x00, 0x00, 0x07, 0xE0, 0x3F, 0xC0, 0x00, 0x00, 0x0F, 0xC0, 0xFE, 0x00, 0x00, 0x00, 0x3F, 0x83,
    0xF8, 0x00, 0x00, 0x00, 0x7F, 0x0F, 0xE0, 0x00, 0x00, 0x00, 0xFE, 0x3F, 0xC0, 0x00, 0x00, 0x01,
    0xF8, 0xFF, 0x80, 0x00, 0x00, 0x03, 0xF3, 0xFF, 0x80, 0x00, 0x00, 0x0F, 0xFF, 0xFF, 0x00, 0x00,
    0x00, 0x1F, 0xFF, 0xFF, 0x00, 0x00, 0x00, 0x3F, 0xFF, 0xFE, 0x00, 0x00, 0x00, 0x7F, 0xF9, 0xFC,
    0x00, 0x00, 0x00, 0xFF, 0xC3, 0xFC, 0x00, 0x00, 0x01, 0xFF, 0x07, 0xF8, 0x00, 0x00, 0x07, 0xFC,
    0x07, 0xF8, 0x00, 0x00, 0x0F, 0xF0, 0x0F, 0xF0, 0x00, 0x00, 0x1F, 0xC0, 0x0F, 0xF0, 0x00, 0x00,
    0x3F, 0x00, 0x1F, 0xE0, 0x00, 0x00, 0x7E, 0x00, 0x1F, 0xC0, 0x00, 0x00, 0xFC, 0x00, 0x3F, 0xC0,
    0x00, 0x03, 0xF8, 0x00, 0x7F, 0x80, 0x00, 0x07, 0xF0, 0x00, 0x7F, 0x80, 0x00, 0x0F, 0xE0, 0x00,
    0xFF, 0x00, 0x00, 0x1F, 0x80, 0x00, 0xFE, 0x00, 0x00, 0x3F, 0x00, 0x01, 0xFE, 0x00, 0x00, 0x7E,
    0x00, 0x01, 0xFC, 0x00, 0x01, 0xFC, 0x00, 0x03, 0xFC, 0x00, 0x03, 0xF8, 0x00, 0x07, 0xF8, 0x00,
    0x07, 0xF0, 0x00, 0x07, 0xF8, 0x00, 0x0F, 0xC0, 0x00, 0x0F, 0xF0, 0x01, 0xFF, 0x80, 0x00, 0x0F,
    0xFF, 0x03, 0xFF, 0x00, 0x00, 0x1F, 0xFE, 0x0F, 0xFE, 0x00, 0x00, 0x3F, 0xFC, 0x1F, 0xFC, 0x00,
    0x00, 0x3F, 0xF0, 0x3F, 0xF0, 0x00, 0x00, 0x7F, 0xE0, 0x00, 0x00, 0xFF, 0xFE, 0x00, 0x00, 0x3F,
    0xFF, 0x80, 0x00, 0x0F, 0xFF, 0xE0, 0x00, 0x03, 0xFF, 0xF0, 0x00, 0x01, 0xFF, 0xFC, 0x00, 0x00,
    0x07, 0xF0, 0x00, 0x00, 0x01, 0xF8, 0x00, 0x00, 0x00, 0x7E, 0x00, 0x00, 0x00, 0x1F, 0x80, 0x00,
    0x00, 0x0F, 0xE0, 0x00, 0x00, 0x03, 0xF8, 0x00, 0x00, 0x00, 0xFE, 0x00, 0x00, 0x00, 0x3F, 0x00,
    0x00, 0x00, 0x0F, 0xC0, 0x00, 0x00, 0x03, 0xF0, 0x00, 0x00, 0x01, 0xFC, 0x00, 0x00, 0x00, 0x7F,
    0x00, 0x00, 0x00, 0x1F, 0x80, 0x00, 0x00, 0x07, 0xE0, 0x00, 0x00, 0x01, 0xF8, 0x00, 0x00, 0x00,
    0xFE, 0x00, 0x00, 0x00, 0x3F, 0x80, 0x00, 0x00, 0x0F, 0xE0, 0x00, 0x00, 0x03, 0xF0, 0x00, 0x00,
    0x00, 0xFC, 0x00, 0x00, 0x00, 0x3F, 0x00, 0x00, 0x00, 0x1F, 0xC0, 0x00, 0x00, 0x07, 0xF0, 0x00,
    0x00, 0x01, 0xFC, 0x00, 0x00, 0x00, 0x7E, 0x00, 0x00, 0x00, 0x1F, 0x80, 0x00, 0x00, 0x07, 0xE0,
    0x00, 0x00, 0x03, 0xF8, 0x00, 0x00, 0x00, 0xFE, 0x00, 0x00, 0x00, 0x3F, 0x00, 0x00, 0x00, 0x0F,
    0xC0, 0x00, 0x00, 0x03, 0xF0, 0x00, 0x00, 0x01, 0xFC, 0x00, 0x00, 0x00, 0x7F, 0x00, 0x00, 0x00,
    0x1F, 0xC0, 0x00, 0x00, 0x07, 0xE0, 0x00, 0x00, 0x01, 0xFF, 0xFF, 0xFF, 0xF7, 0xFF, 0xFF, 0xFF,
    0xFD, 0xFF, 0xFF, 0xFF, 0xFF, 0xFF, 0xFF, 0xFF, 0xFF, 0xFF, 0xFF, 0xFF, 0xFF, 0xEF, 0xFF, 0xFF,
    0xFF, 0xF8, 0x00, 0xFF, 0xF8, 0x00, 0x00, 0x00, 0x1F, 0xFF, 0x00, 0xFF, 0xF8, 0x00, 0x00, 0x00,
    0x3F, 0xFF, 0x00, 0xFF, 0xFC, 0x00, 0x00, 0x00, 0x3F, 0xFF, 0x01, 0xFF, 0xFC, 0x00, 0x00, 0x00,
    0x7F, 0xFF, 0x01, 0xFF, 0xFC, 0x00, 0x00, 0x00, 0xFF, 0xFE, 0x00, 0x1F, 0xFC, 0x00, 0x00, 0x00,
    0xFF, 0xE0, 0x00, 0x1F, 0xFE, 0x00, 0x00, 0x01, 0xFF, 0xE0, 0x00, 0x1F, 0xFE, 0x00, 0x00, 0x01,
    0xFF, 0xE0, 0x00, 0x3F, 0xFE, 0x00, 0x00, 0x03, 0xFF, 0xE0, 0x00, 0x3F, 0x7E, 0x00, 0x00, 0x07,
    0xFF, 0xE0, 0x00, 0x3F, 0x7F, 0x00, 0x00, 0x07, 0xEF, 0xE0, 0x00, 0x3F, 0x7F, 0x00, 0x00, 0x0F,
    0xEF, 0xC0, 0x00, 0x3F, 0x7F, 0x00, 0x00, 0x0F, 0xCF, 0xC0, 0x00, 0x3E, 0x3F, 0x00, 0x00, 0x1F,
    0x9F, 0xC0, 0x00, 0x7E, 0x3F, 0x80, 0x00, 0x1F, 0x9F, 0xC0, 0x00, 0x7E, 0x3F, 0x80, 0x00, 0x3F,
    0x1F, 0xC0, 0x00, 0x7E, 0x3F, 0x80, 0x00, 0x7F, 0x1F, 0x80, 0x00, 0x7E, 0x3F, 0x80, 0x00, 0x7E,
    0x1F, 0x80, 0x00, 0x7E, 0x1F, 0xC0, 0x00, 0xFC, 0x1F, 0x80, 0x00, 0xFC, 0x1F, 0xC0, 0x00, 0xFC,
    0x3F, 0x80, 0x00, 0xFC, 0x1F, 0xC0, 0x01, 0xF8, 0x3F, 0x80, 0x00, 0xFC, 0x1F, 0xC0, 0x03, 0xF8,
    0x3F, 0x80, 0x00, 0xFC, 0x0F, 0xE0, 0x03, 0xF0, 0x3F, 0x00, 0x00, 0xFC, 0x0F, 0xE0, 0x07, 0xF0,
    0x3F, 0x00, 0x00, 0xFC, 0x0F, 0xE0, 0x07, 0xE0, 0x7F, 0x00, 0x01, 0xF8, 0x0F, 0xE0, 0x0F, 0xC0,
    0x7F, 0x00, 0x01, 0xF8, 0x07, 0xF0, 0x1F, 0xC0, 0x7F, 0x00, 0x01, 0xF8, 0x07, 0xF0, 0x1F, 0x80,
    0x7F, 0x00, 0x01, 0xF8, 0x07, 0xF0, 0x3F, 0x80, 0x7E, 0x00, 0x01, 0xF8, 0x07, 0xF0, 0x3F, 0x00,
    0x7E, 0x00, 0x01, 0xF0, 0x03, 0xF8, 0x7E, 0x00, 0xFE, 0x00, 0x03, 0xF0, 0x03, 0xF8, 0x7E, 0x00,
    0xFE, 0x00, 0x03, 0xF0, 0x03, 0xF8, 0xFC, 0x00, 0xFE, 0x00, 0x03, 0xF0, 0x03, 0xF9, 0xFC, 0x00,
    0xFC, 0x00, 0x03, 0xF0, 0x01, 0xFD, 0xF8, 0x00, 0xFC, 0x00, 0x03, 0xF0, 0x01, 0xFF, 0xF0, 0x00,
    0xFC, 0x00, 0x07, 0xE0, 0x01, 0xFF, 0xF0, 0x01, 0xFC, 0x00, 0x07, 0xE0, 0x01, 0xFF, 0xE0, 0x01,
    0xFC, 0x00, 0x07, 0xE0, 0x00, 0xFF, 0xE0, 0x01, 0xFC, 0x00, 0x07, 0xE0, 0x00, 0xFF, 0xC0, 0x01,
    0xF8, 0x00, 0x07, 0xE0, 0x00, 0xFF, 0x80, 0x01, 0xF8, 0x00, 0x07, 0xE0, 0x00, 0xFF, 0x80, 0x01,
    0xF8, 0x00, 0x7F, 0xC0, 0x00, 0x7F, 0x00, 0x03, 0xFF, 0x80, 0xFF, 0xC0, 0x00, 0x7F, 0x00, 0x03,
    0xFF, 0x80, 0xFF, 0xC0, 0x00, 0x7E, 0x00, 0x03, 0xFF, 0x00, 0xFF, 0xC0, 0x00, 0x7E, 0x00, 0x03,
    0xFF, 0x00, 0xFF, 0xC0, 0x00, 0x7C, 0x00, 0x03, 0xFF, 0x00, 0x00, 0xFF, 0xF0, 0x00, 0x00, 0x07,
    0xFE, 0x01, 0xFF, 0xF0, 0x00, 0x00, 0x1F, 0xFC, 0x03, 0xFF, 0xE0, 0x00, 0x00, 0x3F, 0xF0, 0x07,
    0xFF, 0xE0, 0x00, 0x00, 0x7F, 0xE0, 0x0F, 0xFF, 0xC0, 0x00, 0x00, 0xFF, 0xC0, 0x03, 0xFF, 0xC0,
    0x00, 0x01, 0xF8, 0x00, 0x07, 0xFF, 0x80, 0x00, 0x03, 0xF0, 0x00, 0x0F, 0xFF, 0x80, 0x00, 0x0F,
    0xE0, 0x00, 0x1F, 0xFF, 0x00, 0x00, 0x1F, 0x80, 0x00, 0x3F, 0xFF, 0x00, 0x00, 0x3F, 0x00, 0x00,
    0xFF, 0xFE, 0x00, 0x00, 0x7E, 0x00, 0x01, 0xF9, 0xFC, 0x00, 0x00, 0xFC, 0x00, 0x03, 0xF3, 0xFC,
    0x00, 0x03, 0xF8, 0x00, 0x07, 0xE3, 0xF8, 0x00, 0x07, 0xE0, 0x00, 0x0F, 0xC7, 0xF8, 0x00, 0x0F,
    0xC0, 0x00, 0x1F, 0x87, 0xF0, 0x00, 0x1F, 0x80, 0x00, 0x7F, 0x0F, 0xF0, 0x00, 0x3F, 0x00, 0x00,
    0xFC, 0x0F, 0xE0, 0x00, 0x7E, 0x00, 0x01, 0xF8, 0x1F, 0xE0, 0x01, 0xFC, 0x00, 0x03, 0xF0, 0x1F,
    0xC0, 0x03, 0xF0, 0x00, 0x07, 0xE0, 0x3F, 0xC0, 0x07, 0xE0, 0x00, 0x0F, 0xC0, 0x3F, 0x80, 0x0F,
    0xC0, 0x00, 0x3F, 0x80, 0x7F, 0x80, 0x1F, 0x80, 0x00, 0x7E, 0x00, 0x7F, 0x00, 0x3F, 0x00, 0x00,
    0xFC, 0x00, 0xFF, 0x00, 0xFE, 0x00, 0x01, 0xF8, 0x00, 0xFE, 0x01, 0xF8, 0x00, 0x03, 0xF0, 0x01,
    0xFE, 0x03, 0xF0, 0x00, 0x0F, 0xE0, 0x01, 0xFC, 0x07, 0xE0, 0x00, 0x1F, 0x80, 0x03, 0xFC, 0x0F,
    0xC0, 0x00, 0x3F, 0x00, 0x03, 0xF8, 0x3F, 0x80, 0x00, 0x7E, 0x00, 0x07, 0xF8, 0x7E, 0x00, 0x00,
    0xFC, 0x00, 0x07, 0xF0, 0xFC, 0x00, 0x01, 0xF8, 0x00, 0x0F, 0xF1, 0xF8, 0x00, 0x07, 0xF0, 0x00,
    0x1F, 0xE3, 0xF0, 0x00, 0x0F, 0xC0, 0x00, 0x1F, 0xE7, 0xE0, 0x00, 0x1F, 0x80, 0x00, 0x3F, 0xDF,
    0xC0, 0x00, 0x3F, 0x00, 0x00, 0x3F, 0xFF, 0x00, 0x00, 0x7E, 0x00, 0x00, 0x7F, 0xFE, 0x00, 0x00,
    0xFC, 0x00, 0x00, 0x7F, 0xFC, 0x00, 0x03, 0xF8, 0x00, 0x00, 0xFF, 0xF8, 0x00, 0x07, 0xE0, 0x00,
    0x00, 0xFF, 0xF0, 0x00, 0x0F, 0xC0, 0x00, 0x01, 0xFF, 0xE0, 0x01, 0xFF, 0x80, 0x00, 0x01, 0xFF,
    0x80, 0x03, 0xFF, 0x00, 0x00, 0x03, 0xFF, 0x00, 0x07, 0xFE, 0x00, 0x00, 0x03, 0xFE, 0x00, 0x1F,
    0xF8, 0x00, 0x00, 0x07, 0xFC, 0x00, 0x3F, 0xF0, 0x00, 0x00, 0x07, 0xF8, 0x00, 0x00, 0x00, 0x00,
    0x07, 0xFF, 0x00, 0x00, 0x00, 0x01, 0xFF, 0xFF, 0x00, 0x00, 0x00, 0x7F, 0xFF, 0xFF, 0x00, 0x00,
    0x0F, 0xFF, 0xFF, 0xFC, 0x00, 0x00, 0xFF, 0xFF, 0xFF, 0xF0, 0x00, 0x0F, 0xFF, 0xFF, 0xFF, 0xC0,
    0x01, 0xFF, 0xF0, 0x0F, 0xFF, 0x00, 0x1F, 0xFC, 0x00, 0x1F, 0xFC, 0x01, 0xFF, 0x80, 0x00, 0x3F,
    0xE0, 0x0F, 0xF0, 0x00, 0x00, 0xFF, 0x80, 0xFF, 0x00, 0x00, 0x03, 0xFC, 0x0F, 0xF0, 0x00, 0x00,
    0x1F, 0xE0, 0xFF, 0x00, 0x00, 0x00, 0x7F, 0x87, 0xF8, 0x00, 0x00, 0x03, 0xFC, 0x7F, 0x80, 0x00,
    0x00, 0x0F, 0xE3, 0xF8, 0x00, 0x00, 0x00, 0x7F, 0x3F, 0xC0, 0x00, 0x00, 0x03, 0xF9, 0xFC, 0x00,
    0x00, 0x00, 0x1F, 0xCF, 0xE0, 0x00, 0x00, 0x00, 0xFE, 0xFF, 0x00, 0x00, 0x00, 0x07, 0xF7, 0xF0,
    0x00, 0x00, 0x00, 0x3F, 0xBF, 0x80, 0x00, 0x00, 0x01, 0xFF, 0xFC, 0x00, 0x00, 0x00, 0x0F, 0xFF,
    0xC0, 0x00, 0x00, 0x00, 0x7F, 0xFE, 0x00, 0x00, 0x00, 0x03, 0xFF, 0xF0, 0x00, 0x00, 0x00, 0x3F,
    0xFF, 0x80, 0x00, 0x00, 0x01, 0xFD, 0xFC, 0x00, 0x00, 0x00, 0x0F, 0xEF, 0xE0, 0x00, 0x00, 0x00,
    0x7F, 0x7F, 0x00, 0x00, 0x00, 0x07, 0xFB, 0xF8, 0x00, 0x00, 0x00, 0x3F, 0x9F, 0xC0, 0x00, 0x00,
    0x03, 0xFC, 0xFE, 0x00, 0x00, 0x00, 0x1F, 0xC7, 0xF0, 0x00, 0x00, 0x01, 0xFE, 0x3F, 0x80, 0x00,
    0x00, 0x0F, 0xE1, 0xFE, 0x00, 0x00, 0x00, 0xFF, 0x0F, 0xF0, 0x00, 0x00, 0x0F, 0xF0, 0x7F, 0xC0,
    0x00, 0x00, 0x7F, 0x81, 0xFE, 0x00, 0x00, 0x07, 0xF8, 0x0F, 0xF8, 0x00, 0x00, 0xFF, 0x80, 0x3F,
    0xE0, 0x00, 0x0F, 0xF8, 0x01, 0xFF, 0x80, 0x01, 0xFF, 0xC0, 0x07, 0xFF, 0x80, 0x7F, 0xF8, 0x00,
    0x1F, 0xFF, 0xFF, 0xFF, 0x80, 0x00, 0x7F, 0xFF, 0xFF, 0xF8, 0x00, 0x01, 0xFF, 0xFF, 0xFF, 0x00,
    0x00, 0x07, 0xFF, 0xFF, 0xF0, 0x00, 0x00, 0x0F, 0xFF, 0xFC, 0x00, 0x00, 0x00, 0x07, 0xFE, 0x00,
    0x00, 0x00, 0x00, 0xFF, 0xFF, 0xFE, 0x00, 0x00, 0xFF, 0xFF, 0xFF, 0xC0, 0x00, 0xFF, 0xFF, 0xFF,
    0xF0, 0x01, 0xFF, 0xFF, 0xFF, 0xF8, 0x01, 0xFF, 0xFF, 0xFF, 0xFC, 0x00, 0x1F, 0xFF, 0xFF, 0xFC,
    0x00, 0x1F, 0x80, 0x07, 0xFE, 0x00, 0x1F, 0x80, 0x01, 0xFE, 0x00, 0x3F, 0x80, 0x00, 0xFF, 0x00,
    0x3F, 0x80, 0x00, 0xFF, 0x00, 0x3F, 0x80, 0x00, 0x7F, 0x00, 0x3F, 0x00, 0x00, 0x7F, 0x00, 0x3F,
    0x00, 0x00, 0x7F, 0x00, 0x3F, 0x00, 0x00, 0x7F, 0x00, 0x7F, 0x00, 0x00, 0x7E, 0x00, 0x7F, 0x00,
    0x00, 0xFE, 0x00, 0x7F, 0x00, 0x00, 0xFE, 0x00, 0x7E, 0x00, 0x00, 0xFE, 0x00, 0x7E, 0x00, 0x01,
    0xFC, 0x00, 0xFE, 0x00, 0x03, 0xFC, 0x00, 0xFE, 0x00, 0x07, 0xF8, 0x00, 0xFE, 0x00, 0x1F, 0xF0,
    0x00, 0xFF, 0xFF, 0xFF, 0xF0, 0x00, 0xFF, 0xFF, 0xFF, 0xE0, 0x00, 0xFF, 0xFF, 0xFF, 0x80, 0x01,
    0xFF, 0xFF, 0xFF, 0x00, 0x01, 0xFF, 0xFF, 0xFC, 0x00, 0x01, 0xFF, 0xFF, 0xE0, 0x00, 0x01, 0xF8,
    0x00, 0x00, 0x00, 0x01, 0xF8, 0x00, 0x00, 0x00, 0x01, 0xF8, 0x00, 0x00, 0x00, 0x03, 0xF8, 0x00,
    0x00, 0x00, 0x03, 0xF8, 0x00, 0x00, 0x00, 0x03, 0xF8, 0x00, 0x00, 0x00, 0x03, 0xF0, 0x00, 0x00,
    0x00, 0x03, 0xF0, 0x00, 0x00, 0x00, 0x07, 0xF0, 0x00, 0x00, 0x00, 0x07, 0xF0, 0x00, 0x00, 0x00,
    0x07, 0xF0, 0x00, 0x00, 0x00, 0x07, 0xE0, 0x00, 0x00, 0x00, 0x07, 0xE0, 0x00, 0x00, 0x00, 0x07,
    0xE0, 0x00, 0x00, 0x00, 0x7F, 0xFE, 0x00, 0x00, 0x00, 0xFF, 0xFE, 0x00, 0x00, 0x00, 0xFF, 0xFE,
    0x00, 0x00, 0x00, 0xFF, 0xFE, 0x00, 0x00, 0x00, 0xFF, 0xFE, 0x00, 0x00, 0x00, 0x00, 0x00, 0x03,
    0xFF, 0x80, 0x00, 0x00, 0x00, 0xFF, 0xFF, 0xC0, 0x00, 0x00, 0x0F, 0xFF, 0xFF, 0xC0, 0x00, 0x00,
    0xFF, 0xFF, 0xFF, 0x80, 0x00, 0x07, 0xFF, 0xFF, 0xFF, 0x80, 0x00, 0x7F, 0xFF, 0xFF, 0xFF, 0x00,
    0x03, 0xFF, 0xC0, 0x3F, 0xFC, 0x00, 0x1F, 0xF8, 0x00, 0x1F, 0xF8, 0x00, 0xFF, 0xC0, 0x00, 0x3F,
    0xF0, 0x07, 0xFC, 0x00, 0x00, 0x7F, 0xC0, 0x1F, 0xE0, 0x00, 0x00, 0xFF, 0x80, 0xFF, 0x00, 0x00,
    0x01, 0xFE, 0x07, 0xF8, 0x00, 0x00, 0x07, 0xF8, 0x1F, 0xC0, 0x00, 0x00, 0x0F, 0xE0, 0xFF, 0x00,
    0x00, 0x00, 0x3F, 0xC3, 0xF8, 0x00, 0x00, 0x00, 0xFF, 0x1F, 0xE0, 0x00, 0x00, 0x03, 0xFC, 0x7F,
    0x00, 0x00, 0x00, 0x07, 0xF3, 0xFC, 0x00, 0x00, 0x00, 0x1F, 0xCF, 0xE0, 0x00, 0x00, 0x00, 0x7F,
    0x3F, 0x80, 0x00, 0x00, 0x01, 0xFD, 0xFE, 0x00, 0x00, 0x00, 0x07, 0xF7, 0xF0, 0x00, 0x00, 0x00,
    0x1F, 0xDF, 0xC0, 0x00, 0x00, 0x00, 0xFF, 0x7F, 0x00, 0x00, 0x00, 0x03, 0xFD, 0xFC, 0x00, 0x00,
    0x00, 0x0F, 0xEF, 0xF0, 0x00, 0x00, 0x00, 0x3F, 0xBF, 0xC0, 0x00, 0x00, 0x00, 0xFE, 0xFE, 0x00,
    0x00, 0x00, 0x07, 0xFB, 0xF8, 0x00, 0x00, 0x00, 0x1F, 0xCF, 0xE0, 0x00, 0x00, 0x00, 0x7F, 0x3F,
    0x80, 0x00, 0x00, 0x03, 0xFC, 0xFE, 0x00, 0x00, 0x00, 0x0F, 0xE3, 0xF8, 0x00, 0x00, 0x00, 0x3F,
    0x8F, 0xF0, 0x00, 0x00, 0x01, 0xFE, 0x3F, 0xC0, 0x00, 0x00, 0x07, 0xF0, 0xFF, 0x00, 0x00, 0x00,
    0x3F, 0xC1, 0xFC, 0x00, 0x00, 0x01, 0xFE, 0x07, 0xF8, 0x00, 0x00, 0x07, 0xF8, 0x1F, 0xE0, 0x00,
    0x00, 0x3F, 0xC0, 0x3F, 0xC0, 0x00, 0x01, 0xFE, 0x00, 0xFF, 0x80, 0x00, 0x0F, 0xF0, 0x01, 0xFF,
    0x00, 0x00, 0xFF, 0x80, 0x07, 0xFE, 0x00, 0x07, 0xFE, 0x00, 0x0F, 0xFF, 0x00, 0xFF, 0xE0, 0x00,
    0x1F, 0xFF, 0xFF, 0xFF, 0x00, 0x00, 0x3F, 0xFF, 0xFF, 0xF8, 0x00, 0x00, 0x7F, 0xFF, 0xFF, 0x80,
    0x00, 0x00, 0x7F, 0xFF, 0xF8, 0x00, 0x00, 0x00, 0x3F, 0xFF, 0x00, 0x00, 0x00, 0x00, 0x7F, 0xC0,
    0x00, 0x00, 0x00, 0x07, 0xFF, 0xE0, 0x00, 0x00, 0x00, 0x3F, 0xFF, 0xE0, 0x00, 0x80, 0x01, 0xFF,
    0xFF, 0xF0, 0x07, 0x00, 0x0F, 0xFF, 0xFF, 0xF0, 0x7E, 0x00, 0x7E, 0x07, 0xFF, 0xFF, 0xF0, 0x01,
    0xF0, 0x07, 0xFF, 0xFF, 0x80, 0x03, 0x00, 0x03, 0xFF, 0xFC, 0x00, 0x00, 0x00, 0x03, 0xFF, 0xE0,
    0x00, 0x00, 0x00, 0x01, 0xFE, 0x00, 0x00, 0xFF, 0xFF, 0xFE, 0x00, 0x01, 0xFF, 0xFF, 0xFF, 0x80,
    0x07, 0xFF, 0xFF, 0xFF, 0xC0, 0x0F, 0xFF, 0xFF, 0xFF, 0xC0, 0x1F, 0xFF, 0xFF, 0xFF, 0xC0, 0x03,
    0xFF, 0xFF, 0xFF, 0x80, 0x0F, 0xE0, 0x01, 0xFF, 0x80, 0x1F, 0xC0, 0x00, 0xFF, 0x00, 0x3F, 0x80,
    0x00, 0xFE, 0x00, 0x7F, 0x00, 0x01, 0xFC, 0x00, 0xFC, 0x00, 0x03, 0xF8, 0x01, 0xF8, 0x00, 0x07,
    0xF0, 0x07, 0xF0, 0x00, 0x0F, 0xE0, 0x0F, 0xE0, 0x00, 0x1F, 0xC0, 0x1F, 0xC0, 0x00, 0x3F, 0x80,
    0x3F, 0x00, 0x00, 0xFF, 0x00, 0x7E, 0x00, 0x01, 0xFC, 0x00, 0xFC, 0x00, 0x07, 0xF8, 0x03, 0xF8,
    0x00, 0x1F, 0xE0, 0x07, 0xF0, 0x00, 0xFF, 0xC0, 0x0F, 0xFF, 0xFF, 0xFF, 0x00, 0x1F, 0xFF, 0xFF,
    0xFC, 0x00, 0x3F, 0xFF, 0xFF, 0xF0, 0x00, 0x7F, 0xFF, 0xFF, 0x80, 0x01, 0xFF, 0xFF, 0xFE, 0x00,
    0x03, 0xFF, 0xFF, 0xE0, 0x00, 0x07, 0xE0, 0x1F, 0xE0, 0x00, 0x0F, 0xC0, 0x0F, 0xE0, 0x00, 0x1F,
    0x80, 0x1F, 0xE0, 0x00, 0x7F, 0x00, 0x1F, 0xC0, 0x00, 0xFE, 0x00, 0x3F, 0x80, 0x01, 0xFC, 0x00,
    0x7F, 0x00, 0x03, 0xF0, 0x00, 0x7F, 0x00, 0x07, 0xE0, 0x00, 0xFE, 0x00, 0x0F, 0xC0, 0x01, 0xFC,
    0x00, 0x3F, 0x80, 0x03, 0xF8, 0x00, 0x7F, 0x00, 0x07, 0xF0, 0x00, 0xFE, 0x00, 0x0F, 0xE0, 0x01,
    0xF8, 0x00, 0x1F, 0xC0, 0x03, 0xF0, 0x00, 0x3F, 0x80, 0x07, 0xE0, 0x00, 0x7F, 0x80, 0x1F, 0xC0,
    0x00, 0xFF, 0x03, 0xFF, 0xF8, 0x00, 0xFF, 0xF7, 0xFF, 0xE0, 0x01, 0xFF, 0xEF, 0xFF, 0xC0, 0x03,
    0xFF, 0xDF, 0xFF, 0x80, 0x03, 0xFF, 0xBF, 0xFF, 0x00, 0x03, 0xFE, 0x00, 0x00, 0x00, 0x3F, 0xF0,
    0x00, 0x00, 0x3F, 0xFF, 0xE0, 0x00, 0x1F, 0xFF, 0xFF, 0x80, 0x0F, 0xFF, 0xFF, 0xF0, 0x03, 0xFF,
    0xFF, 0xFE, 0x00, 0xFF, 0xFF, 0xFF, 0x80, 0x3F, 0xF0, 0x07, 0xF0, 0x0F, 0xF8, 0x00, 0x0C, 0x01,
    0xFC, 0x00, 0x00, 0x00, 0x7F, 0x00, 0x00, 0x00, 0x0F, 0xE0, 0x00, 0x00, 0x03, 0xF8, 0x00, 0x00,
    0x00, 0x7F, 0x00, 0x00, 0x00, 0x0F, 0xE0, 0x00, 0x00, 0x01, 0xFC, 0x00, 0x00, 0x00, 0x3F, 0x80,
    0x00, 0x00, 0x07, 0xF0, 0x00, 0x00, 0x00, 0xFF, 0x00, 0x00, 0x00, 0x1F, 0xF0, 0x00, 0x00, 0x01,
    0xFF, 0x80, 0x00, 0x00, 0x1F, 0xFC, 0x00, 0x00, 0x03, 0xFF, 0xF0, 0x00, 0x00, 0x3F, 0xFF, 0x80,
    0x00, 0x01, 0xFF, 0xFC, 0x00, 0x00, 0x1F, 0xFF, 0xE0, 0x00, 0x00, 0x7F, 0xFE, 0x00, 0x00, 0x03,
    0xFF, 0xE0, 0x00, 0x00, 0x0F, 0xFE, 0x00, 0x00, 0x00, 0x7F, 0xE0, 0x00, 0x00, 0x07, 0xFC, 0x00,
    0x00, 0x00, 0x7F, 0x80, 0x00, 0x00, 0x07, 0xF0, 0x00, 0x00, 0x00, 0xFE, 0x00, 0x00, 0x00, 0x1F,
    0xC0, 0x00, 0x00, 0x01, 0xF8, 0x00, 0x00, 0x00, 0x7F, 0x00, 0x00, 0x00, 0x0F, 0xE0, 0x00, 0x00,
    0x01, 0xFC, 0x00, 0x00, 0x00, 0x7F, 0x00, 0x00, 0x00, 0x0F, 0xE0, 0x40, 0x00, 0x03, 0xF8, 0x1F,
    0x00, 0x01, 0xFF, 0x03, 0xFC, 0x01, 0xFF, 0xC0, 0x7F, 0xFF, 0xFF, 0xF0, 0x0F, 0xFF, 0xFF, 0xFC,
    0x01, 0xFF, 0xFF, 0xFF, 0x00, 0x3F, 0xFF, 0xFF, 0x80, 0x00, 0xFF, 0xFF, 0xC0, 0x00, 0x01, 0xFF,
    0xC0, 0x00, 0x00, 0xFF, 0xFF, 0xFF, 0xFF, 0xFF, 0xFF, 0xFF, 0xFF, 0xFF, 0xFF, 0xFF, 0xFF, 0xFF,
    0xFF, 0xFF, 0xFF, 0xFF, 0xFF, 0xFF, 0xFF, 0xFF, 0xFF, 0xEF, 0xFF, 0xFF, 0xFF, 0xFE, 0x00, 0x03,
    0xF8, 0x00, 0x00, 0x00, 0x3F, 0x00, 0x00, 0x00, 0x03, 0xF0, 0x00, 0x00, 0x00, 0x7F, 0x00, 0x00,
    0x00, 0x07, 0xF0, 0x00, 0x00, 0x00, 0x7F, 0x00, 0x00, 0x00, 0x07, 0xF0, 0x00, 0x00, 0x00, 0x7E,
    0x00, 0x00, 0x00, 0x07, 0xE0, 0x00, 0x00, 0x00, 0xFE, 0x00, 0x00, 0x00, 0x0F, 0xE0, 0x00, 0x00,
    0x00, 0xFE, 0x00, 0x00, 0x00, 0x0F, 0xC0, 0x00, 0x00, 0x00, 0xFC, 0x00, 0x00, 0x00, 0x1F, 0xC0,
    0x00, 0x00, 0x01, 0xFC, 0x00, 0x00, 0x00, 0x1F, 0xC0, 0x00, 0x00, 0x01, 0xFC, 0x00, 0x00, 0x00,
    0x1F, 0x80, 0x00, 0x00, 0x01, 0xF8, 0x00, 0x00, 0x00, 0x3F, 0x80, 0x00, 0x00, 0x03, 0xF8, 0x00,
    0x00, 0x00, 0x3F, 0x80, 0x00, 0x00, 0x03, 0xF0, 0x00, 0x00, 0x00, 0x3F, 0x00, 0x00, 0x00, 0x07,
    0xF0, 0x00, 0x00, 0x00, 0x7F, 0x00, 0x00, 0x00, 0x07, 0xF0, 0x00, 0x00, 0x00, 0x7F, 0x00, 0x00,
    0x00, 0x07, 0xE0, 0x00, 0x00, 0x00, 0x7E, 0x00, 0x00, 0x00, 0x0F, 0xE0, 0x00, 0x00, 0x00, 0xFE,
    0x00, 0x00, 0x00, 0x0F, 0xE0, 0x00, 0x00, 0x00, 0xFC, 0x00, 0x00, 0x00, 0x0F, 0xC0, 0x00, 0x00,
    0x0F, 0xFF, 0xC0, 0x00, 0x00, 0xFF, 0xFC, 0x00, 0x00, 0x1F, 0xFF, 0xC0, 0x00, 0x01, 0xFF, 0xF8,
    0x00, 0x00, 0x1F, 0xFF, 0x80, 0x00, 0x00, 0x3F, 0xF8, 0x00, 0x00, 0x0F, 0xFC, 0xFF, 0xE0, 0x00,
    0x00, 0x3F, 0xF3, 0xFF, 0x80, 0x00, 0x01, 0xFF, 0xCF, 0xFE, 0x00, 0x00, 0x07, 0xFE, 0x3F, 0xF0,
    0x00, 0x00, 0x1F, 0xF8, 0x1F, 0xC0, 0x00, 0x00, 0x7E, 0x00, 0x7F, 0x00, 0x00, 0x01, 0xF8, 0x01,
    0xFC, 0x00, 0x00, 0x0F, 0xE0, 0x07, 0xF0, 0x00, 0x00, 0x3F, 0x80, 0x1F, 0x80, 0x00, 0x00, 0xFC,
    0x00, 0xFE, 0x00, 0x00, 0x03, 0xF0, 0x03, 0xF8, 0x00, 0x00, 0x0F, 0xC0, 0x0F, 0xE0, 0x00, 0x00,
    0x3F, 0x00, 0x3F, 0x80, 0x00, 0x01, 0xFC, 0x00, 0xFE, 0x00, 0x00, 0x07, 0xF0, 0x03, 0xF0, 0x00,
    0x00, 0x1F, 0x80, 0x1F, 0xC0, 0x00, 0x00, 0x7E, 0x00, 0x7F, 0x00, 0x00, 0x01, 0xF8, 0x01, 0xFC,
    0x00, 0x00, 0x0F, 0xE0, 0x07, 0xF0, 0x00, 0x00, 0x3F, 0x80, 0x1F, 0xC0, 0x00, 0x00, 0xFE, 0x00,
    0x7E, 0x00, 0x00, 0x03, 0xF0, 0x03, 0xF8, 0x00, 0x00, 0x0F, 0xC0, 0x0F, 0xE0, 0x00, 0x00, 0x3F,
    0x00, 0x3F, 0x80, 0x00, 0x01, 0xFC, 0x00, 0xFE, 0x00, 0x00, 0x07, 0xF0, 0x03, 0xF0, 0x00, 0x00,
    0x1F, 0x80, 0x0F, 0xC0, 0x00, 0x00, 0x7E, 0x00, 0x7F, 0x00, 0x00, 0x01, 0xF8, 0x01, 0xFC, 0x00,
    0x00, 0x07, 0xE0, 0x07, 0xF0, 0x00, 0x00, 0x3F, 0x80, 0x1F, 0xC0, 0x00, 0x00, 0xFE, 0x00, 0x7F,
    0x00, 0x00, 0x03, 0xF0, 0x01, 0xF8, 0x00, 0x00, 0x1F, 0xC0, 0x0F, 0xE0, 0x00, 0x00, 0x7F, 0x00,
    0x3F, 0xC0, 0x00, 0x01, 0xFC, 0x00, 0xFF, 0x00, 0x00, 0x0F, 0xE0, 0x01, 0xFC, 0x00, 0x00, 0x7F,
    0x80, 0x07, 0xF0, 0x00, 0x01, 0xFC, 0x00, 0x1F, 0xE0, 0x00, 0x0F, 0xF0, 0x00, 0x7F, 0xC0, 0x00,
    0xFF, 0x80, 0x00, 0xFF, 0xE0, 0x1F, 0xFC, 0x00, 0x03, 0xFF, 0xFF, 0xFF, 0xE0, 0x00, 0x07, 0xFF,
    0xFF, 0xFF, 0x00, 0x00, 0x0F, 0xFF, 0xFF, 0xF8, 0x00, 0x00, 0x1F, 0xFF, 0xFF, 0x80, 0x00, 0x00,
    0x1F, 0xFF, 0xF8, 0x00, 0x00, 0x00, 0x0F, 0xFF, 0x00, 0x00, 0x00, 0xFF, 0xC0, 0x00, 0x00, 0x0F,
    0xFF, 0xFC, 0x00, 0x00, 0x01, 0xFF, 0xFF, 0xC0, 0x00, 0x00, 0x1F, 0xFF, 0xFC, 0x00, 0x00, 0x03,
    0xFF, 0xFF, 0xE0, 0x00, 0x00, 0x7F, 0xF0, 0xFE, 0x00, 0x00, 0x07, 0xE0, 0x0F, 0xE0, 0x00, 0x00,
    0xFE, 0x00, 0xFE, 0x00, 0x00, 0x0F, 0xC0, 0x0F, 0xE0, 0x00, 0x01, 0xFC, 0x00, 0xFE, 0x00, 0x00,
    0x1F, 0x80, 0x0F, 0xF0, 0x00, 0x03, 0xF0, 0x00, 0x7F, 0x00, 0x00, 0x3F, 0x00, 0x07, 0xF0, 0x00,
    0x07, 0xE0, 0x00, 0x7F, 0x00, 0x00, 0x7E, 0x00, 0x07, 0xF0, 0x00, 0x0F, 0xC0, 0x00, 0x7F, 0x00,
    0x00, 0xFC, 0x00, 0x03, 0xF8, 0x00, 0x1F, 0x80, 0x00, 0x3F, 0x80, 0x01, 0xF8, 0x00, 0x03, 0xF8,
    0x00, 0x3F, 0x00, 0x00, 0x3F, 0x80, 0x03, 0xF0, 0x00, 0x03, 0xF8, 0x00, 0x7E, 0x00, 0x00, 0x3F,
    0x80, 0x07, 0xE0, 0x00, 0x01, 0xFC, 0x00, 0xFC, 0x00, 0x00, 0x1F, 0xC0, 0x0F, 0xC0, 0x00, 0x01,
    0xFC, 0x01, 0xF8, 0x00, 0x00, 0x1F, 0xC0, 0x1F, 0x80, 0x00, 0x01, 0xFC, 0x03, 0xF0, 0x00, 0x00,
    0x1F, 0xC0, 0x7E, 0x00, 0x00, 0x00, 0xFE, 0x07, 0xE0, 0x00, 0x00, 0x0F, 0xE0, 0xFC, 0x00, 0x00,
    0x00, 0xFE, 0x0F, 0xC0, 0x00, 0x00, 0x0F, 0xE1, 0xF8, 0x00, 0x00, 0x00, 0xFE, 0x1F, 0x80, 0x00,
    0x00, 0x0F, 0xE3, 0xF0, 0x00, 0x00, 0x00, 0x7F, 0x3F, 0x00, 0x00, 0x00, 0x07, 0xF7, 0xE0, 0x00,
    0x00, 0x00, 0x7F, 0x7E, 0x00, 0x00, 0x00, 0x07, 0xFF, 0xC0, 0x00, 0x00, 0x00, 0x7F, 0xFC, 0x00,
    0x00, 0x00, 0x03, 0xFF, 0x80, 0x00, 0x00, 0x00, 0x3F, 0xF8, 0x00, 0x00, 0x00, 0x03, 0xFF, 0x00,
    0x00, 0x00, 0x00, 0x3F, 0xF0, 0x00, 0x00, 0x00, 0x03, 0xFE, 0x00, 0x00, 0x00, 0x00, 0x3F, 0xC0,
    0x00, 0x00, 0x00, 0x01, 0xFC, 0x00, 0x00, 0x00, 0x00, 0x1F, 0x80, 0x00, 0x00, 0x00, 0xFF, 0x80,
    0x00, 0x03, 0xF8, 0x00, 0x00, 0x3F, 0xFF, 0xF8, 0x00, 0x00, 0xFF, 0x00, 0x00, 0x0F, 0xFF, 0xFF,
    0x00, 0x00, 0x1F, 0xE0, 0x00, 0x01, 0xFF, 0x7F, 0xE0, 0x00, 0x03, 0xFC, 0x00, 0x00, 0x7F, 0xEF,
    0xFC, 0x00, 0x00, 0xFF, 0xC0, 0x00, 0x0F, 0xFC, 0x3F, 0x80, 0x00, 0x1F, 0xF8, 0x00, 0x03, 0xF8,
    0x07, 0xF0, 0x00, 0x07, 0xFF, 0x00, 0x00, 0x7E, 0x00, 0xFE, 0x00, 0x00, 0xFF, 0xE0, 0x00, 0x1F,
    0xC0, 0x1F, 0xC0, 0x00, 0x3F, 0xFC, 0x00, 0x03, 0xF0, 0x03, 0xF8, 0x00, 0x07, 0xFF, 0x80, 0x00,
    0x7E, 0x00, 0x3F, 0x00, 0x01, 0xFF, 0xF0, 0x00, 0x1F, 0xC0, 0x07, 0xF0, 0x00, 0x3F, 0xFE, 0x00,
    0x03, 0xF0, 0x00, 0xFE, 0x00, 0x0F, 0xDF, 0xC0, 0x00, 0xFE, 0x00, 0x1F, 0xC0, 0x01, 0xFB, 0xF8,
    0x00, 0x1F, 0x80, 0x03, 0xF8, 0x00, 0x7E, 0x3F, 0x80, 0x07, 0xF0, 0x00, 0x7F, 0x00, 0x0F, 0xC7,
    0xF0, 0x00, 0xFC, 0x00, 0x0F, 0xE0, 0x01, 0xF8, 0xFE, 0x00, 0x3F, 0x80, 0x01, 0xFC, 0x00, 0x7E,
    0x1F, 0xC0, 0x07, 0xE0, 0x00, 0x3F, 0x80, 0x0F, 0xC3, 0xF8, 0x01, 0xFC, 0x00, 0x07, 0xF0, 0x03,
    0xF0, 0x7F, 0x00, 0x3F, 0x00, 0x00, 0x7E, 0x00, 0x7E, 0x0F, 0xE0, 0x0F, 0xE0, 0x00, 0x0F, 0xE0,
    0x1F, 0x81, 0xFC, 0x01, 0xF8, 0x00, 0x01, 0xFC, 0x03, 0xF0, 0x3F, 0x80, 0x3F, 0x00, 0x00, 0x3F,
    0x80, 0xFC, 0x03, 0xF8, 0x0F, 0xC0, 0x00, 0x07, 0xF0, 0x1F, 0x80, 0x7F, 0x01, 0xF8, 0x00, 0x00,
    0xFE, 0x07, 0xE0, 0x0F, 0xE0, 0x7E, 0x00, 0x00, 0x1F, 0xC0, 0xFC, 0x01, 0xFC, 0x0F, 0xC0, 0x00,
    0x03, 0xF8, 0x1F, 0x00, 0x3F, 0x83, 0xF0, 0x00, 0x00, 0x7F, 0x07, 0xE0, 0x07, 0xF0, 0x7E, 0x00,
    0x00, 0x07, 0xE0, 0xFC, 0x00, 0xFE, 0x1F, 0xC0, 0x00, 0x00, 0xFC, 0x3F, 0x00, 0x1F, 0xC3, 0xF0,
    0x00, 0x00, 0x1F, 0xC7, 0xE0, 0x03, 0xF8, 0xFE, 0x00, 0x00, 0x03, 0xF9, 0xF8, 0x00, 0x3F, 0x1F,
    0x80, 0x00, 0x00, 0x7F, 0x3F, 0x00, 0x07, 0xF7, 0xF0, 0x00, 0x00, 0x0F, 0xEF, 0xC0, 0x00, 0xFE,
    0xFC, 0x00, 0x00, 0x01, 0xFD, 0xF8, 0x00, 0x1F, 0xDF, 0x80, 0x00, 0x00, 0x3F, 0xFE, 0x00, 0x03,
    0xFF, 0xE0, 0x00, 0x00, 0x07, 0xFF, 0xC0, 0x00, 0x7F, 0xFC, 0x00, 0x00, 0x00, 0xFF, 0xF0, 0x00,
    0x0F, 0xFF, 0x00, 0x00, 0x00, 0x0F, 0xFE, 0x00, 0x01, 0xFF, 0xE0, 0x00, 0x00, 0x01, 0xFF, 0x80,
    0x00, 0x3F, 0xF8, 0x00, 0x00, 0x00, 0x3F, 0xF0, 0x00, 0x03, 0xFF, 0x00, 0x00, 0x00, 0x07, 0xFC,
    0x00, 0x00, 0x7F, 0xC0, 0x00, 0x00, 0x00, 0xFF, 0x80, 0x00, 0x0F, 0xF8, 0x00, 0x00, 0x00, 0x1F,
    0xF0, 0x00, 0x01, 0xFE, 0x00, 0x00, 0x00, 0x03, 0xFC, 0x00, 0x00, 0x3F, 0xC0, 0x00, 0x00, 0x00,
    0x7F, 0x80, 0x00, 0x07, 0xF0, 0x00, 0x00, 0x00, 0x00, 0x7F, 0xE0, 0x00, 0x00, 0x7F, 0xC0, 0x1F,
    0xF8, 0x00, 0x00, 0x3F, 0xE0, 0x07, 0xFF, 0x00, 0x00, 0x1F, 0xF8, 0x01, 0xFF, 0xC0, 0x00, 0x0F,
    0xFE, 0x00, 0x7F, 0xF8, 0x00, 0x03, 0xFF, 0x80, 0x01, 0xFE, 0x00, 0x01, 0xF8, 0x00, 0x00, 0x3F,
    0xC0, 0x00, 0xFC, 0x00, 0x00, 0x0F, 0xF0, 0x00, 0x7F, 0x00, 0x00, 0x01, 0xFE, 0x00, 0x3F, 0x80,
    0x00, 0x00, 0x7F, 0x80, 0x1F, 0xC0, 0x00, 0x00, 0x0F, 0xF0, 0x07, 0xE0, 0x00, 0x00, 0x03, 0xFC,
    0x03, 0xF0, 0x00, 0x00, 0x00, 0x7F, 0x81, 0xF8, 0x00, 0x00, 0x00, 0x1F, 0xE0, 0xFE, 0x00, 0x00,
    0x00, 0x03, 0xFC, 0x7F, 0x00, 0x00, 0x00, 0x00, 0xFF, 0x3F, 0x80, 0x00, 0x00, 0x00, 0x1F, 0xFF,
    0xC0, 0x00, 0x00, 0x00, 0x07, 0xFF, 0xE0, 0x00, 0x00, 0x00, 0x00, 0xFF, 0xF0, 0x00, 0x00, 0x00,
    0x00, 0x3F, 0xFC, 0x00, 0x00, 0x00, 0x00, 0x07, 0xFE, 0x00, 0x00, 0x00, 0x00, 0x01, 0xFF, 0x00,
    0x00, 0x00, 0x00, 0x00, 0x3F, 0xC0, 0x00, 0x00, 0x00, 0x00, 0x0F, 0xF0, 0x00, 0x00, 0x00, 0x00,
    0x07, 0xFC, 0x00, 0x00, 0x00, 0x00, 0x03, 0xFF, 0x80, 0x00, 0x00, 0x00, 0x01, 0xFF, 0xE0, 0x00,
    0x00, 0x00, 0x00, 0xFF, 0xFC, 0x00, 0x00, 0x00, 0x00, 0x7F, 0x7F, 0x00, 0x00, 0x00, 0x00, 0x3F,
    0x9F, 0xE0, 0x00, 0x00, 0x00, 0x0F, 0xC3, 0xF8, 0x00, 0x00, 0x00, 0x07, 0xE0, 0xFF, 0x00, 0x00,
    0x00, 0x03, 0xF8, 0x1F, 0xC0, 0x00, 0x00, 0x01, 0xFC, 0x07, 0xF8, 0x00, 0x00, 0x00, 0xFE, 0x00,
    0xFE, 0x00, 0x00, 0x00, 0x7F, 0x00, 0x3F, 0xC0, 0x00, 0x00, 0x1F, 0x80, 0x07, 0xF0, 0x00, 0x00,
    0x0F, 0xC0, 0x01, 0xFE, 0x00, 0x00, 0x07, 0xF0, 0x00, 0x3F, 0x80, 0x00, 0x03, 0xF8, 0x00, 0x0F,
    0xF0, 0x00, 0x01, 0xFC, 0x00, 0x01, 0xFC, 0x00, 0x00, 0xFE, 0x00, 0x00, 0x7F, 0x80, 0x07, 0xFF,
    0x00, 0x00, 0x0F, 0xFF, 0x01, 0xFF, 0x80, 0x00, 0x03, 0xFF, 0xC0, 0x7F, 0xC0, 0x00, 0x00, 0x7F,
    0xE0, 0x3F, 0xF0, 0x00, 0x00, 0x1F, 0xF8, 0x0F, 0xF8, 0x00, 0x00, 0x03, 0xFE, 0x00, 0xFF, 0x00,
    0x00, 0x00, 0xFF, 0xFF, 0x00, 0x00, 0x03, 0xFF, 0xFE, 0x00, 0x00, 0x0F, 0xFF, 0xFE, 0x00, 0x00,
    0x3F, 0xFF, 0xFC, 0x00, 0x00, 0x7F, 0xC3, 0xF8, 0x00, 0x01, 0xF8, 0x03, 0xF8, 0x00, 0x07, 0xF0,
    0x07, 0xF0, 0x00, 0x1F, 0xC0, 0x0F, 0xF0, 0x00, 0x3F, 0x00, 0x0F, 0xE0, 0x00, 0xFC, 0x00, 0x1F,
    0xE0, 0x03, 0xF8, 0x00, 0x1F, 0xC0, 0x0F, 0xE0, 0x00, 0x3F, 0xC0, 0x1F, 0x80, 0x00, 0x3F, 0x80,
    0x7E, 0x00, 0x00, 0x7F, 0x01, 0xFC, 0x00, 0x00, 0x7F, 0x07, 0xF0, 0x00, 0x00, 0xFE, 0x0F, 0xC0,
    0x00, 0x01, 0xFE, 0x3F, 0x00, 0x00, 0x01, 0xFC, 0xFE, 0x00, 0x00, 0x03, 0xFF, 0xF8, 0x00, 0x00,
    0x03, 0xFF, 0xE0, 0x00, 0x00, 0x07, 0xFF, 0x80, 0x00, 0x00, 0x07, 0xFF, 0x00, 0x00, 0x00, 0x0F,
    0xFC, 0x00, 0x00, 0x00, 0x0F, 0xF0, 0x00, 0x00, 0x00, 0x1F, 0xC0, 0x00, 0x00, 0x00, 0x3F, 0x80,
    0x00, 0x00, 0x00, 0x7F, 0x00, 0x00, 0x00, 0x00, 0xFE, 0x00, 0x00, 0x00, 0x01, 0xF8, 0x00, 0x00,
    0x00, 0x03, 0xF0, 0x00, 0x00, 0x00, 0x0F, 0xE0, 0x00, 0x00, 0x00, 0x1F, 0xC0, 0x00, 0x00, 0x00,
    0x3F, 0x80, 0x00, 0x00, 0x00, 0x7F, 0x00, 0x00, 0x00, 0x00, 0xFC, 0x00, 0x00, 0x00, 0x01, 0xF8,
    0x00, 0x00, 0x00, 0x07, 0xF0, 0x00, 0x00, 0x00, 0x0F, 0xE0, 0x00, 0x00, 0x00, 0x1F, 0xC0, 0x00,
    0x00, 0x00, 0x3F, 0x80, 0x00, 0x00, 0x00, 0x7E, 0x00, 0x00, 0x00, 0x0F, 0xFF, 0xC0, 0x00, 0x00,
    0x1F, 0xFF, 0x80, 0x00, 0x00, 0x7F, 0xFF, 0x00, 0x00, 0x00, 0xFF, 0xFC, 0x00, 0x00, 0x01, 0xFF,
    0xF8, 0x00, 0x00, 0x00, 0x00, 0xFF, 0xFF, 0xFF, 0xFF, 0xC0, 0x3F, 0xFF, 0xFF, 0xFF, 0xF0, 0x0F,
    0xFF, 0xFF, 0xFF, 0xFC, 0x03, 0xFF, 0xFF, 0xFF, 0xFE, 0x00, 0xFF, 0xFF, 0xFF, 0xFF, 0x80, 0x3F,
    0xFF, 0xFF, 0xFF, 0xE0, 0x00, 0x00, 0x00, 0x07, 0xF0, 0x00, 0x00, 0x00, 0x03, 0xF8, 0x00, 0x00,
    0x00, 0x01, 0xFC, 0x00, 0x00, 0x00, 0x00, 0xFE, 0x00, 0x00, 0x00, 0x00, 0x7F, 0x00, 0x00, 0x00,
    0x00, 0x3F, 0x80, 0x00, 0x00, 0x00, 0x1F, 0xE0, 0x00, 0x00, 0x00, 0x0F, 0xF0, 0x00, 0x00, 0x00,
    0x07, 0xF8, 0x00, 0x00, 0x00, 0x03, 0xFC, 0x00, 0x00, 0x00, 0x00, 0xFE, 0x00, 0x00, 0x00, 0x00,
    0x7F, 0x00, 0x00, 0x00, 0x00, 0x3F, 0x80, 0x00, 0x00, 0x00, 0x1F, 0xC0, 0x00, 0x00, 0x00, 0x0F,
    0xE0, 0x00, 0x00, 0x00, 0x07, 0xF0, 0x00, 0x00, 0x00, 0x03, 0xF8, 0x00, 0x00, 0x00, 0x01, 0xFC,
    0x00, 0x00, 0x00, 0x00, 0xFE, 0x00, 0x00, 0x00, 0x00, 0x7F, 0x80, 0x00, 0x00, 0x00, 0x3F, 0xC0,
    0x00, 0x00, 0x00, 0x1F, 0xE0, 0x00, 0x00, 0x00, 0x0F, 0xF0, 0x00, 0x00, 0x00, 0x07, 0xF8, 0x00,
    0x00, 0x00, 0x03, 0xFC, 0x00, 0x00, 0x00, 0x00, 0xFE, 0x00, 0x00, 0x00, 0x00, 0x7F, 0x00, 0x00,
    0x00, 0x00, 0x3F, 0x80, 0x00, 0x00, 0x00, 0x1F, 0xC0, 0x00, 0x00, 0x00, 0x0F, 0xE0, 0x00, 0x00,
    0x00, 0x07, 0xF0, 0x00, 0x00, 0x00, 0x03, 0xFC, 0x00, 0x00, 0x00, 0x01, 0xFE, 0x00, 0x00, 0x00,
    0x00, 0xFF, 0x00, 0x00, 0x00, 0x00, 0x7F, 0x80, 0x00, 0x00, 0x00, 0x1F, 0xFF, 0xFF, 0xFF, 0xF8,
    0x0F, 0xFF, 0xFF, 0xFF, 0xFE, 0x03, 0xFF, 0xFF, 0xFF, 0xFF, 0x80, 0xFF, 0xFF, 0xFF, 0xFF, 0xC0,
    0x3F, 0xFF, 0xFF, 0xFF, 0xF0, 0x0F, 0xFF, 0xFF, 0xFF, 0xFC, 0x00, 0x00, 0x7F, 0xF0, 0x07, 0xFF,
    0x00, 0x7F, 0xF0, 0x07, 0xFF, 0x00, 0x7F, 0xF0, 0x0F, 0xC0, 0x00, 0xFC, 0x00, 0x0F, 0xC0, 0x00,
    0xF8, 0x00, 0x0F, 0x80, 0x00, 0xF8, 0x00, 0x1F, 0x80, 0x01, 0xF8, 0x00, 0x1F, 0x00, 0x01, 0xF0,
    0x00, 0x1F, 0x00, 0x01, 0xF0, 0x00, 0x3F, 0x00, 0x03, 0xF0, 0x00, 0x3E, 0x00, 0x03, 0xE0, 0x00,
    0x3E, 0x00, 0x07, 0xE0, 0x00, 0x7E, 0x00, 0x07, 0xE0, 0x00, 0x7C, 0x00, 0x07, 0xC0, 0x00, 0x7C,
    0x00, 0x0F, 0xC0, 0x00, 0xFC, 0x00, 0x0F, 0x80, 0x00, 0xF8, 0x00, 0x0F, 0x80, 0x00, 0xF8, 0x00,
    0x1F, 0x80, 0x01, 0xF8, 0x00, 0x1F, 0x00, 0x01, 0xF0, 0x00, 0x1F, 0x00, 0x03, 0xF0, 0x00, 0x3F,
    0x00, 0x03, 0xF0, 0x00, 0x3E, 0x00, 0x03, 0xE0, 0x00, 0x3E, 0x00, 0x07, 0xE0, 0x00, 0x7E, 0x00,
    0x07, 0xC0, 0x00, 0x7C, 0x00, 0x07, 0xC0, 0x00, 0x7C, 0x00, 0x0F, 0xFE, 0x00, 0xFF, 0xE0, 0x0F,
    0xFE, 0x00, 0xFF, 0xE0, 0x0F, 0xFE, 0x00, 0xFF, 0xC0, 0x00, 0x1C, 0x00, 0x7E, 0x00, 0x3F, 0x80,
    0x0F, 0xC0, 0x07, 0xE0, 0x03, 0xF0, 0x01, 0xFC, 0x00, 0x7E, 0x00, 0x3F, 0x00, 0x1F, 0x80, 0x0F,
    0xC0, 0x03, 0xF0, 0x01, 0xF8, 0x00, 0xFC, 0x00, 0x7E, 0x00, 0x1F, 0x80, 0x0F, 0xC0, 0x07, 0xE0,
    0x03, 0xF0, 0x01, 0xFC, 0x00, 0x7E, 0x00, 0x3F, 0x00, 0x1F, 0x80, 0x0F, 0xE0, 0x03, 0xF0, 0x01,
    0xF8, 0x00, 0xFC, 0x00, 0x7F, 0x00, 0x1F, 0x80, 0x0F, 0xC0, 0x07, 0xE0, 0x03, 0xF0, 0x00, 0xFC,
    0x00, 0x7E, 0x00, 0x3F, 0x00, 0x1F, 0x80, 0x07, 0xE0, 0x03, 0xF0, 0x01, 0xF8, 0x00, 0xFC, 0x00,
    0x3F, 0x00, 0x1F, 0x80, 0x0F, 0xC0, 0x07, 0xE0, 0x03, 0xF8, 0x00, 0xFC, 0x00, 0x7E, 0x00, 0x3E,
    0x00, 0x1C, 0x00, 0x00, 0x3F, 0xF8, 0x01, 0xFF, 0xC0, 0x0F, 0xFE, 0x00, 0x7F, 0xF0, 0x07, 0xFF,
    0x80, 0x00, 0xF8, 0x00, 0x07, 0xC0, 0x00, 0x7E, 0x00, 0x03, 0xF0, 0x00, 0x1F, 0x80, 0x00, 0xF8,
    0x00, 0x07, 0xC0, 0x00, 0x3E, 0x00, 0x03, 0xF0, 0x00, 0x1F, 0x80, 0x00, 0xFC, 0x00, 0x07, 0xC0,
    0x00, 0x3E, 0x00, 0x03, 0xF0, 0x00, 0x1F, 0x80, 0x00, 0xFC, 0x00, 0x07, 0xE0, 0x00, 0x3E, 0x00,
    0x01, 0xF0, 0x00, 0x1F, 0x80, 0x00, 0xFC, 0x00, 0x07, 0xE0, 0x00, 0x3E, 0x00, 0x01, 0xF0, 0x00,
    0x0F, 0x80, 0x00, 0xFC, 0x00, 0x07, 0xE0, 0x00, 0x3F, 0x00, 0x01, 0xF0, 0x00, 0x0F, 0x80, 0x00,
    0xFC, 0x00, 0x07, 0xE0, 0x00, 0x3F, 0x00, 0x01, 0xF8, 0x00, 0x0F, 0x80, 0x00, 0x7C, 0x00, 0x07,
    0xE0, 0x00, 0x3F, 0x00, 0x01, 0xF8, 0x00, 0x0F, 0x80, 0x00, 0x7C, 0x00, 0x03, 0xE0, 0x00, 0x3F,
    0x00, 0x01, 0xF8, 0x00, 0x0F, 0xC0, 0x00, 0x7C, 0x00, 0xFF, 0xE0, 0x07, 0xFF, 0x00, 0x3F, 0xF8,
    0x01, 0xFF, 0xC0, 0x0F, 0xFE, 0x00, 0xFF, 0xE0, 0x00, 0x00, 0x00, 0x3F, 0x00, 0x00, 0x00, 0x0F,
    0xC0, 0x00, 0x00, 0x07, 0xF8, 0x00, 0x00, 0x03, 0xFE, 0x00, 0x00, 0x00, 0xFF, 0xC0, 0x00, 0x00,
    0x7F, 0xF0, 0x00, 0x00, 0x3F, 0xFC, 0x00, 0x00, 0x1F, 0xFF, 0x80, 0x00, 0x07, 0xEF, 0xE0, 0x00,
    0x03, 0xF1, 0xF8, 0x00, 0x01, 0xFC, 0x7F, 0x00, 0x00, 0x7E, 0x1F, 0xC0, 0x00, 0x3F, 0x03, 0xF0,
    0x00, 0x1F, 0xC0, 0xFE, 0x00, 0x0F, 0xE0, 0x3F, 0x80, 0x03, 0xF0, 0x07, 0xF0, 0x01, 0xF8, 0x01,
    0xFC, 0x00, 0xFE, 0x00, 0x3F, 0x00, 0x3F, 0x00, 0x0F, 0xE0, 0x1F, 0x80, 0x03, 0xF8, 0x0F, 0xE0,
    0x00, 0x7E, 0x07, 0xF0, 0x00, 0x1F, 0xC1, 0xF8, 0x00, 0x07, 0xF0, 0xFC, 0x00, 0x00, 0xFC, 0x7F,
    0x00, 0x00, 0x3F, 0x9F, 0x80, 0x00, 0x0F, 0xEF, 0xC0, 0x00, 0x01, 0xFB, 0xF0, 0x00, 0x00, 0x7F,
    0x18, 0x00, 0x00, 0x1C, 0x00, 0xFF, 0xFF, 0xFF, 0xFF, 0xFF, 0xFF, 0xFF, 0xFF, 0xFF, 0xFF, 0xFF,
    0xFF, 0xFB, 0xFF, 0xFF, 0xFF, 0xFE, 0xFF, 0xFF, 0xFF, 0xFF, 0x80, 0xFE, 0x03, 0xF0, 0x1F, 0xC0,
    0x7E, 0x01, 0xF8, 0x0F, 0xE0, 0x3F, 0x00, 0xFC, 0x07, 0xE0, 0x1F, 0x80, 0xFC, 0x03, 0xF0, 0x00,
    0x07, 0xFC, 0x00, 0x00, 0xFF, 0xFF, 0x00, 0x07, 0xFF, 0xFF, 0x00, 0x0F, 0xFF, 0xFF, 0x00, 0x1F,
    0xFF, 0xFF, 0x00, 0x1E, 0x03, 0xFE, 0x00, 0x20, 0x01, 0xFC, 0x00, 0x00, 0x01, 0xFC, 0x00, 0x00,
    0x03, 0xF8, 0x00, 0x00, 0x07, 0xF0, 0x00, 0xFF, 0x0F, 0xE0, 0x0F, 0xFF, 0x9F, 0x80, 0x7F, 0xFF,
    0xFF, 0x01, 0xFF, 0xFF, 0xFE, 0x07, 0xFF, 0xFF, 0xFC, 0x1F, 0xF0, 0x3F, 0xF8, 0x3F, 0x80, 0x1F,
    0xF0, 0xFE, 0x00, 0x1F, 0xC1, 0xF8, 0x00, 0x3F, 0x87, 0xF0, 0x00, 0x3F, 0x0F, 0xC0, 0x00, 0x7E,
    0x1F, 0x80, 0x00, 0xFC, 0x3F, 0x00, 0x03, 0xF8, 0x7E, 0x00, 0x07, 0xE0, 0xFC, 0x00, 0x1F, 0xC1,
    0xFC, 0x00, 0x7F, 0x83, 0xF8, 0x01, 0xFF, 0x17, 0xFC, 0x0F, 0xFF, 0xFF, 0xFF, 0xFF, 0xFF, 0xEF,
    0xFF, 0xFD, 0xFF, 0xCF, 0xFF, 0xF3, 0xFE, 0x0F, 0xFF, 0x83, 0xF0, 0x03, 0xFC, 0x00, 0x00, 0x00,
    0xE0, 0x00, 0x00, 0x01, 0xFE, 0x00, 0x00, 0x01, 0xFF, 0xC0, 0x00, 0x00, 0x7F, 0xF0, 0x00, 0x00,
    0x1F, 0xFC, 0x00, 0x00, 0x03, 0x3F, 0x00, 0x00, 0x00, 0x0F, 0xC0, 0x00, 0x00, 0x03, 0xF0, 0x00,
    0x00, 0x01, 0xFC, 0x00, 0x00, 0x00, 0x7F, 0x00, 0x00, 0x00, 0x1F, 0x80, 0x00, 0x00, 0x07, 0xE0,
    0x00, 0x00, 0x01, 0xF8, 0x00, 0x00, 0x00, 0x7E, 0x00, 0x00, 0x00, 0x3F, 0x80, 0x00, 0x00, 0x0F,
    0xE0, 0x00, 0x00, 0x03, 0xF0, 0x00, 0x00, 0x00, 0xFC, 0x00, 0x00, 0x00, 0x3F, 0x00, 0x00, 0x00,
    0x0F, 0xC0, 0xFF, 0x00, 0x07, 0xF1, 0xFF, 0xF8, 0x01, 0xFD, 0xFF, 0xFF, 0x00, 0x7E, 0xFF, 0xFF,
    0xE0, 0x1F, 0xFF, 0xFF, 0xFC, 0x07, 0xFF, 0xC0, 0xFF, 0x83, 0xFF, 0x80, 0x1F, 0xE0, 0xFF, 0xC0,
    0x03, 0xFC, 0x3F, 0xE0, 0x00, 0x7F, 0x0F, 0xF0, 0x00, 0x1F, 0xC3, 0xF8, 0x00, 0x07, 0xF0, 0xFE,
    0x00, 0x01, 0xFC, 0x7F, 0x00, 0x00, 0x7F, 0x1F, 0xC0, 0x00, 0x0F, 0xC7, 0xF0, 0x00, 0x07, 0xF1,
    0xF8, 0x00, 0x01, 0xFC, 0x7E, 0x00, 0x00, 0x7F, 0x1F, 0x80, 0x00, 0x1F, 0xCF, 0xE0, 0x00, 0x07,
    0xE3, 0xF8, 0x00, 0x03, 0xF8, 0xFE, 0x00, 0x00, 0xFE, 0x3F, 0x80, 0x00, 0x7F, 0x0F, 0xF0, 0x00,
    0x1F, 0xC7, 0xFC, 0x00, 0x0F, 0xF1, 0xFF, 0x80, 0x07, 0xF8, 0x7F, 0xF0, 0x03, 0xFC, 0x1F, 0xFF,
    0x03, 0xFF, 0x07, 0xFF, 0xFF, 0xFF, 0x81, 0xFF, 0xFF, 0xFF, 0xC0, 0xFE, 0xFF, 0xFF, 0xE0, 0x3F,
    0x9F, 0xFF, 0xE0, 0x0F, 0xC3, 0xFF, 0xE0, 0x00, 0x00, 0x1F, 0xE0, 0x00, 0x00, 0x01, 0xFE, 0x00,
    0x00, 0xFF, 0xFE, 0x00, 0x3F, 0xFF, 0xF0, 0x0F, 0xFF, 0xFF, 0x01, 0xFF, 0xFF, 0xE0, 0x3F, 0xE0,
    0x3E, 0x07, 0xF8, 0x00, 0x40, 0xFE, 0x00, 0x00, 0x1F, 0xC0, 0x00, 0x01, 0xF8, 0x00, 0x00, 0x3F,
    0x80, 0x00, 0x03, 0xF0, 0x00, 0x00, 0x7F, 0x00, 0x00, 0x07, 0xE0, 0x00, 0x00, 0x7E, 0x00, 0x00,
    0x0F, 0xE0, 0x00, 0x00, 0xFE, 0x00, 0x00, 0x0F, 0xC0, 0x00, 0x00, 0xFC, 0x00, 0x00, 0x0F, 0xC0,
    0x00, 0x00, 0xFC, 0x00, 0x00, 0x0F, 0xE0, 0x00, 0x00, 0xFE, 0x00, 0x00, 0x0F, 0xE0, 0x00, 0x00,
    0xFF, 0x00, 0x00, 0x07, 0xF0, 0x00, 0x00, 0x7F, 0x80, 0x07, 0x03, 0xFE, 0x03, 0xF0, 0x3F, 0xFF,
    0xFF, 0x01, 0xFF, 0xFF, 0xF0, 0x0F, 0xFF, 0xFE, 0x00, 0x3F, 0xFF, 0x80, 0x00, 0x7F, 0xC0, 0x00,
    0x00, 0x00, 0x00, 0x03, 0x80, 0x00, 0x00, 0x01, 0xFE, 0x00, 0x00, 0x00, 0x7F, 0xF0, 0x00, 0x00,
    0x0F, 0xFF, 0x00, 0x00, 0x00, 0x7F, 0xF0, 0x00, 0x00, 0x06, 0x7F, 0x00, 0x00, 0x00, 0x03, 0xF0,
    0x00, 0x00, 0x00, 0x7F, 0x00, 0x00, 0x00, 0x07, 0xE0, 0x00, 0x00, 0x00, 0x7E, 0x00, 0x00, 0x00,
    0x07, 0xE0, 0x00, 0x00, 0x00, 0x7E, 0x00, 0x00, 0x00, 0x07, 0xE0, 0x00, 0x00, 0x00, 0xFE, 0x00,
    0x00, 0x00, 0x0F, 0xC0, 0x00, 0x00, 0x00, 0xFC, 0x00, 0x00, 0x00, 0x0F, 0xC0, 0x00, 0x00, 0x00,
    0xFC, 0x00, 0x00, 0x00, 0x1F, 0xC0, 0x00, 0x7F, 0x81, 0xFC, 0x00, 0x3F, 0xFF, 0x1F, 0x80, 0x07,
    0xFF, 0xF9, 0xF8, 0x01, 0xFF, 0xFF, 0xDF, 0x80, 0x3F, 0xFF, 0xFF, 0xF8, 0x07, 0xFC, 0x0F, 0xFF,
    0x80, 0xFF, 0x00, 0x3F, 0xF0, 0x0F, 0xE0, 0x01, 0xFF, 0x01, 0xFC, 0x00, 0x1F, 0xF0, 0x3F, 0x80,
    0x00, 0xFF, 0x03, 0xF8, 0x00, 0x0F, 0xF0, 0x7F, 0x00, 0x00, 0x7F, 0x07, 0xF0, 0x00, 0x07, 0xE0,
    0x7E, 0x00, 0x00, 0x7E, 0x0F, 0xE0, 0x00, 0x07, 0xE0, 0xFE, 0x00, 0x00, 0x7E, 0x0F, 0xE0, 0x00,
    0x0F, 0xE0, 0xFE, 0x00, 0x00, 0xFE, 0x0F, 0xC0, 0x00, 0x0F, 0xC0, 0xFC, 0x00, 0x00, 0xFC, 0x0F,
    0xC0, 0x00, 0x1F, 0xC0, 0xFC, 0x00, 0x01, 0xFC, 0x0F, 0xE0, 0x00, 0x3F, 0xC0, 0xFE, 0x00, 0x07,
    0xF8, 0x0F, 0xE0, 0x00, 0x7F, 0x80, 0xFF, 0x00, 0x0F, 0xF8, 0x07, 0xF8, 0x03, 0xFF, 0x88, 0x7F,
    0xC0, 0xFF, 0xFF, 0xC3, 0xFF, 0xFF, 0xFF, 0xFC, 0x3F, 0xFF, 0xF9, 0xFF, 0xC1, 0xFF, 0xFF, 0x1F,
    0xF0, 0x07, 0xFF, 0xC0, 0xFC, 0x00, 0x0F, 0xE0, 0x00, 0x00, 0x00, 0x07, 0xFC, 0x00, 0x01, 0xFF,
    0xF8, 0x00, 0x1F, 0xFF, 0xF0, 0x03, 0xFF, 0xFF, 0xC0, 0x3F, 0xFF, 0xFE, 0x03, 0xFE, 0x0F, 0xF8,
    0x3F, 0xC0, 0x1F, 0xC1, 0xFC, 0x00, 0x7F, 0x1F, 0xC0, 0x03, 0xF9, 0xFC, 0x00, 0x1F, 0xCF, 0xC0,
    0x00, 0xFE, 0xFE, 0x00, 0x03, 0xF7, 0xF0, 0x00, 0x3F, 0xBF, 0x00, 0x01, 0xFF, 0xFF, 0xFF, 0xFF,
    0xFF, 0xFF, 0xFF, 0xFF, 0xFF, 0xFF, 0xFF, 0xF7, 0xFF, 0xFF, 0xFF, 0xBF, 0xFF, 0xFF, 0xFD, 0xF8,
    0x00, 0x00, 0x0F, 0xC0, 0x00, 0x00, 0x7E, 0x00, 0x00, 0x03, 0xF8, 0x00, 0x00, 0x1F, 0xC0, 0x00,
    0x00, 0xFE, 0x00, 0x00, 0x07, 0xF8, 0x00, 0x00, 0x1F, 0xE0, 0x00, 0xC0, 0xFF, 0xC0, 0x3E, 0x03,
    0xFF, 0xFF, 0xF0, 0x0F, 0xFF, 0xFF, 0x80, 0x3F, 0xFF, 0xFC, 0x00, 0xFF, 0xFF, 0x80, 0x00, 0xFF,
    0xC0, 0x00, 0x00, 0x00, 0xFF, 0x00, 0x00, 0xFF, 0xF0, 0x00, 0x7F, 0xFC, 0x00, 0x3F, 0xFF, 0x00,
    0x1F, 0xFF, 0x80, 0x0F, 0xF1, 0xE0, 0x03, 0xF0, 0x00, 0x01, 0xFC, 0x00, 0x00, 0x7E, 0x00, 0x00,
    0x3F, 0x80, 0x00, 0x0F, 0xC0, 0x00, 0x03, 0xF0, 0x00, 0x00, 0xFC, 0x00, 0x00, 0x3F, 0x00, 0x00,
    0x0F, 0xC0, 0x00, 0x07, 0xF0, 0x00, 0x01, 0xF8, 0x00, 0x00, 0x7E, 0x00, 0x00, 0x1F, 0x80, 0x01,
    0xFF, 0xFF, 0xC0, 0x7F, 0xFF, 0xF0, 0x1F, 0xFF, 0xFC, 0x07, 0xFF, 0xFE, 0x03, 0xFF, 0xFF, 0x80,
    0x03, 0xF0, 0x00, 0x00, 0xFC, 0x00, 0x00, 0x7F, 0x00, 0x00, 0x1F, 0x80, 0x00, 0x07, 0xE0, 0x00,
    0x01, 0xF8, 0x00, 0x00, 0x7E, 0x00, 0x00, 0x1F, 0x80, 0x00, 0x0F, 0xE0, 0x00, 0x03, 0xF0, 0x00,
    0x00, 0xFC, 0x00, 0x00, 0x3F, 0x00, 0x00, 0x0F, 0xC0, 0x00, 0x03, 0xF0, 0x00, 0x01, 0xF8, 0x00,
    0x00, 0x7E, 0x00, 0x00, 0x1F, 0x80, 0x00, 0x07, 0xE0, 0x00, 0x01, 0xF8, 0x00, 0x00, 0xFE, 0x00,
    0x00, 0x3F, 0x00, 0x00, 0x0F, 0xC0, 0x00, 0x03, 0xF0, 0x00, 0x00, 0xFC, 0x00, 0x00, 0x3F, 0x00,
    0x00, 0x1F, 0xC0, 0x00, 0x07, 0xE0, 0x00, 0x00, 0x00, 0x03, 0xFC, 0x00, 0x00, 0x03, 0xFF, 0xF1,
    0xFC, 0x00, 0xFF, 0xFF, 0x3F, 0x00, 0x7F, 0xFF, 0xF7, 0xE0, 0x1F, 0xFF, 0xFF, 0xFC, 0x07, 0xFC,
    0x0F, 0xFF, 0x81, 0xFE, 0x00, 0x7F, 0xF0, 0x3F, 0x80, 0x07, 0xFE, 0x0F, 0xE0, 0x00, 0xFF, 0x83,
    0xF8, 0x00, 0x0F, 0xF0, 0x7F, 0x00, 0x01, 0xFE, 0x1F, 0xC0, 0x00, 0x1F, 0xC3, 0xF8, 0x00, 0x03,
    0xF8, 0x7E, 0x00, 0x00, 0x7E, 0x1F, 0xC0, 0x00, 0x0F, 0xC3, 0xF8, 0x00, 0x01, 0xF8, 0x7F, 0x00,
    0x00, 0x3F, 0x0F, 0xC0, 0x00, 0x0F, 0xE1, 0xF8, 0x00, 0x01, 0xFC, 0x3F, 0x00, 0x00, 0x3F, 0x07,
    0xE0, 0x00, 0x0F, 0xE0, 0xFC, 0x00, 0x01, 0xFC, 0x1F, 0xC0, 0x00, 0x7F, 0x83, 0xF8, 0x00, 0x0F,
    0xF0, 0x7F, 0x00, 0x03, 0xFE, 0x0F, 0xF0, 0x00, 0xFF, 0x80, 0xFF, 0x00, 0x7F, 0xF0, 0x1F, 0xF0,
    0x3F, 0xFE, 0x01, 0xFF, 0xFF, 0xFF, 0xC0, 0x3F, 0xFF, 0xFF, 0xF8, 0x03, 0xFF, 0xFE, 0x7E, 0x00,
    0x1F, 0xFF, 0x8F, 0xC0, 0x00, 0xFF, 0x81, 0xF8, 0x00, 0x00, 0x00, 0x7F, 0x00, 0x00, 0x00, 0x0F,
    0xC0, 0x00, 0x00, 0x01, 0xF8, 0x00, 0x00, 0x00, 0x7F, 0x00, 0x00, 0x00, 0x0F, 0xC0, 0x00, 0x00,
    0x03, 0xF8, 0x00, 0x00, 0x00, 0xFE, 0x00, 0x00, 0x00, 0x3F, 0xC0, 0x0C, 0x00, 0x0F, 0xF0, 0x03,
    0xF0, 0x07, 0xFC, 0x00, 0x7F, 0xFF, 0xFF, 0x00, 0x0F, 0xFF, 0xFF, 0xC0, 0x01, 0xFF, 0xFF, 0xE0,
    0x00, 0x1F, 0xFF, 0xF0, 0x00, 0x00, 0x3F, 0xF0, 0x00, 0x00, 0x00, 0xE0, 0x00, 0x00, 0x03, 0xFC,
    0x00, 0x00, 0x07, 0xFF, 0x00, 0x00, 0x03, 0xFF, 0x80, 0x00, 0x01, 0xFF, 0xC0, 0x00, 0x00, 0x67,
    0xE0, 0x00, 0x00, 0x03, 0xF0, 0x00, 0x00, 0x01, 0xF8, 0x00, 0x00, 0x01, 0xFC, 0x00, 0x00, 0x00,
    0xFE, 0x00, 0x00, 0x00, 0x7E, 0x00, 0x00, 0x00, 0x3F, 0x00, 0x00, 0x00, 0x1F, 0x80, 0x00, 0x00,
    0x0F, 0xC0, 0x00, 0x00, 0x0F, 0xE0, 0x00, 0x00, 0x07, 0xF0, 0x00, 0x00, 0x03, 0xF0, 0x00, 0x00,
    0x01, 0xF8, 0x00, 0x00, 0x00, 0xFC, 0x00, 0x00, 0x00, 0x7E, 0x0F, 0xF0, 0x00, 0x7F, 0x1F, 0xFE,
    0x00, 0x3F, 0x3F, 0xFF, 0xC0, 0x1F, 0xBF, 0xFF, 0xF0, 0x0F, 0xFF, 0xFF, 0xF8, 0x07, 0xFF, 0xFF,
    0xFC, 0x03, 0xFF, 0x81, 0xFF, 0x03, 0xFF, 0x00, 0x7F, 0x81, 0xFF, 0x00, 0x1F, 0xC0, 0xFF, 0x00,
    0x0F, 0xE0, 0x7F, 0x80, 0x07, 0xF0, 0x3F, 0x80, 0x03, 0xF8, 0x3F, 0x80, 0x01, 0xF8, 0x1F, 0xC0,
    0x00, 0xFC, 0x0F, 0xE0, 0x00, 0x7E, 0x07, 0xE0, 0x00, 0x3F, 0x03, 0xF0, 0x00, 0x3F, 0x81, 0xF8,
    0x00, 0x1F, 0xC1, 0xFC, 0x00, 0x0F, 0xC0, 0xFE, 0x00, 0x07, 0xE0, 0x7E, 0x00, 0x03, 0xF0, 0x3F,
    0x00, 0x01, 0xF8, 0x1F, 0x80, 0x01, 0xFC, 0x0F, 0xC0, 0x00, 0xFC, 0x0F, 0xE0, 0x00, 0x7E, 0x07,
    0xF0, 0x00, 0x3F, 0x03, 0xF0, 0x00, 0x1F, 0x81, 0xF8, 0x00, 0x1F, 0xCC, 0xFC, 0x00, 0x0F, 0xFF,
    0x7E, 0x00, 0x07, 0xFF, 0xFF, 0x00, 0x01, 0xFF, 0xFF, 0x00, 0x00, 0xFF, 0x9F, 0x80, 0x00, 0x3F,
    0x00, 0x00, 0xF0, 0x07, 0xE0, 0x3F, 0xC0, 0xFF, 0x03, 0xFC, 0x0F, 0xE0, 0x3F, 0x00, 0x78, 0x00,
    0x00, 0x00, 0x00, 0x00, 0x00, 0x00, 0x00, 0x00, 0x00, 0x00, 0x00, 0x03, 0xE0, 0x7F, 0xC3, 0xFF,
    0x8F, 0xFE, 0x3F, 0xF8, 0xCF, 0xE0, 0x3F, 0x00, 0xFC, 0x03, 0xF0, 0x0F, 0xC0, 0x3F, 0x00, 0xFC,
    0x07, 0xE0, 0x1F, 0x80, 0x7E, 0x01, 0xF8, 0x07, 0xE0, 0x3F, 0x80, 0xFC, 0x03, 0xF0, 0x0F, 0xC0,
    0x3F, 0x00, 0xFC, 0x07, 0xE0, 0x1F, 0x80, 0x7E, 0x01, 0xF9, 0x87, 0xFF, 0x1F, 0xFC, 0x7F, 0xF1,
    0xFF, 0x03, 0xF0, 0x00, 0x00, 0x00, 0x0F, 0x00, 0x00, 0x07, 0xE0, 0x00, 0x03, 0xF8, 0x00, 0x01,
    0xFF, 0x00, 0x00, 0x7F, 0x80, 0x00, 0x1F, 0xE0, 0x00, 0x07, 0xF8, 0x00, 0x00, 0xFC, 0x00, 0x00,
    0x1E, 0x00, 0x00, 0x00, 0x00, 0x00, 0x00, 0x00, 0x00, 0x00, 0x00, 0x00, 0x00, 0x00, 0x00, 0x00,
    0x00, 0x00, 0x00, 0x00, 0x00, 0x00, 0x00, 0x00, 0x00, 0x01, 0xF8, 0x00, 0x01, 0xFF, 0x00, 0x00,
    0xFF, 0xE0, 0x00, 0x3F, 0xF8, 0x00, 0x0F, 0xFE, 0x00, 0x00, 0x3F, 0x00, 0x00, 0x0F, 0xC0, 0x00,
    0x03, 0xF0, 0x00, 0x00, 0xFC, 0x00, 0x00, 0x3F, 0x00, 0x00, 0x0F, 0xC0, 0x00, 0x07, 0xE0, 0x00,
    0x01, 0xF8, 0x00, 0x00, 0x7E, 0x00, 0x00, 0x1F, 0x80, 0x00, 0x07, 0xE0, 0x00, 0x01, 0xF8, 0x00,
    0x00, 0xFC, 0x00, 0x00, 0x3F, 0x00, 0x00, 0x0F, 0xC0, 0x00, 0x03, 0xF0, 0x00, 0x00, 0xFC, 0x00,
    0x00, 0x7F, 0x00, 0x00, 0x1F, 0x80, 0x00, 0x07, 0xE0, 0x00, 0x01, 0xF8, 0x00, 0x00, 0x7E, 0x00,
    0x00, 0x1F, 0x80, 0x00, 0x0F, 0xC0, 0x00, 0x03, 0xF0, 0x00, 0x00, 0xFC, 0x00, 0x00, 0x3F, 0x00,
    0x00, 0x0F, 0xC0, 0x00, 0x03, 0xF0, 0x00, 0x01, 0xF8, 0x00, 0x00, 0x7E, 0x00, 0x00, 0x1F, 0x80,
    0x00, 0x07, 0xE0, 0x00, 0x03, 0xF8, 0x00, 0x00, 0xFC, 0x00, 0x00, 0x3F, 0x00, 0x18, 0x3F, 0x80,
    0x07, 0xFF, 0xE0, 0x03, 0xFF, 0xF0, 0x00, 0xFF, 0xF8, 0x00, 0x3F, 0xFC, 0x00, 0x03, 0xFC, 0x00,
    0x00, 0x03, 0xF8, 0x00, 0x00, 0x0F, 0xFC, 0x00, 0x00, 0x1F, 0xFC, 0x00, 0x00, 0x1F, 0xFC, 0x00,
    0x00, 0x1F, 0xFC, 0x00, 0x00, 0x08, 0xFC, 0x00, 0x00, 0x00, 0xFC, 0x00, 0x00, 0x00, 0xFC, 0x00,
    0x00, 0x01, 0xFC, 0x00, 0x00, 0x01, 0xFC, 0x00, 0x00, 0x01, 0xF8, 0x00, 0x00, 0x01, 0xF8, 0x00,
    0x00, 0x01, 0xF8, 0x00, 0x00, 0x01, 0xF8, 0x00, 0x00, 0x03, 0xF8, 0x00, 0x00, 0x03, 0xF8, 0x00,
    0x00, 0x03, 0xF0, 0x00, 0x00, 0x03, 0xF0, 0x00, 0x00, 0x03, 0xF0, 0x00, 0x00, 0x07, 0xF0, 0x00,
    0x06, 0x07, 0xF0, 0x00, 0x1E, 0x07, 0xE0, 0x00, 0x3F, 0x07, 0xE0, 0x00, 0xFF, 0x07, 0xE0, 0x03,
    0xFF, 0x07, 0xE0, 0x07, 0xFC, 0x0F, 0xE0, 0x1F, 0xF8, 0x0F, 0xE0, 0x3F, 0xE0, 0x0F, 0xC0, 0xFF,
    0x80, 0x0F, 0xC3, 0xFF, 0x00, 0x0F, 0xC7, 0xFC, 0x00, 0x0F, 0xDF, 0xF8, 0x00, 0x1F, 0xFF, 0xF8,
    0x00, 0x1F, 0xFF, 0xF8, 0x00, 0x1F, 0xFF, 0xFC, 0x00, 0x1F, 0xFD, 0xFC, 0x00, 0x1F, 0xF1, 0xFC,
    0x00, 0x3F, 0xC1, 0xFE, 0x00, 0x3F, 0x80, 0xFE, 0x00, 0x3F, 0x00, 0xFE, 0x00, 0x3F, 0x00, 0xFF,
    0x00, 0x3F, 0x00, 0x7F, 0x00, 0x3F, 0x00, 0x7F, 0x00, 0x7F, 0x00, 0x7F, 0x80, 0x7F, 0x00, 0x3F,
    0x80, 0x7E, 0x00, 0x3F, 0xC0, 0x7E, 0x00, 0x3F, 0xCE, 0x7E, 0x00, 0x1F, 0xFE, 0x7E, 0x00, 0x1F,
    0xFE, 0xFE, 0x00, 0x1F, 0xFE, 0xFE, 0x00, 0x0F, 0xF8, 0xFC, 0x00, 0x07, 0xE0, 0x01, 0x80, 0x7F,
    0x87, 0xFE, 0x7F, 0xF3, 0xFF, 0x9D, 0xFC, 0x07, 0xE0, 0x7F, 0x03, 0xF0, 0x1F, 0x80, 0xFC, 0x07,
    0xE0, 0x3F, 0x03, 0xF8, 0x1F, 0x80, 0xFC, 0x07, 0xE0, 0x3F, 0x01, 0xF8, 0x1F, 0x80, 0xFC, 0x07,
    0xE0, 0x3F, 0x01, 0xF8, 0x1F, 0xC0, 0xFC, 0x07, 0xE0, 0x3F, 0x01, 0xF8, 0x0F, 0xC0, 0xFE, 0x07,
    0xE0, 0x3F, 0x01, 0xF8, 0x0F, 0xC0, 0x7E, 0x07, 0xE0, 0x3F, 0x01, 0xF8, 0x0F, 0xC0, 0x7E, 0x03,
    0xF0, 0x3F, 0x01, 0xF8, 0x0F, 0xC0, 0x7E, 0x03, 0xF3, 0x1F, 0xF8, 0xFF, 0xE7, 0xFE, 0x3F, 0xE0,
    0xFC, 0x00, 0x00, 0x00, 0x3F, 0xC0, 0x03, 0xFC, 0x00, 0x7F, 0x0F, 0xFF, 0x80, 0xFF, 0xF8, 0x0F,
    0xF8, 0xFF, 0xFE, 0x1F, 0xFF, 0xE0, 0xFF, 0xEF, 0xFF, 0xF9, 0xFF, 0xFF, 0x8F, 0xFF, 0xFF, 0xFF,
    0xDF, 0xFF, 0xFC, 0x3F, 0xFF, 0xC0, 0xFF, 0xFC, 0x1F, 0xF1, 0x0F, 0xF8, 0x03, 0xFF, 0x80, 0x7F,
    0x80, 0x7F, 0x80, 0x1F, 0xF8, 0x01, 0xFC, 0x07, 0xF8, 0x00, 0xFF, 0x80, 0x0F, 0xE0, 0x3F, 0xC0,
    0x07, 0xFC, 0x00, 0x7F, 0x01, 0xFC, 0x00, 0x3F, 0xC0, 0x03, 0xF8, 0x0F, 0xE0, 0x01, 0xFC, 0x00,
    0x1F, 0xC0, 0x7E, 0x00, 0x0F, 0xE0, 0x00, 0xFE, 0x03, 0xF0, 0x00, 0x7F, 0x00, 0x07, 0xE0, 0x3F,
    0x80, 0x03, 0xF8, 0x00, 0x3F, 0x01, 0xFC, 0x00, 0x1F, 0x80, 0x03, 0xF8, 0x0F, 0xC0, 0x00, 0xFC,
    0x00, 0x1F, 0xC0, 0x7E, 0x00, 0x0F, 0xE0, 0x00, 0xFE, 0x03, 0xF0, 0x00, 0x7F, 0x00, 0x07, 0xE0,
    0x1F, 0x80, 0x03, 0xF8, 0x00, 0x3F, 0x01, 0xFC, 0x00, 0x1F, 0x80, 0x01, 0xF8, 0x0F, 0xC0, 0x00,
    0xFC, 0x00, 0x1F, 0xC0, 0x7E, 0x00, 0x07, 0xE0, 0x00, 0xFE, 0x03, 0xF0, 0x00, 0x7F, 0x00, 0x07,
    0xF0, 0x1F, 0x80, 0x03, 0xF8, 0x00, 0x3F, 0x00, 0xFC, 0x00, 0x1F, 0xC0, 0x01, 0xF8, 0x0F, 0xE0,
    0x00, 0xFC, 0x00, 0x0F, 0xC4, 0x7E, 0x00, 0x07, 0xE0, 0x00, 0xFF, 0xF3, 0xF0, 0x00, 0x7F, 0x00,
    0x07, 0xFF, 0x9F, 0x80, 0x03, 0xF8, 0x00, 0x1F, 0xFC, 0xFC, 0x00, 0x1F, 0xC0, 0x00, 0xFF, 0x8F,
    0xE0, 0x00, 0xFC, 0x00, 0x03, 0xF0, 0x00, 0x00, 0x1F, 0xC0, 0x01, 0xF0, 0x3F, 0xFE, 0x01, 0xFE,
    0x1F, 0xFF, 0xC1, 0xFF, 0xDF, 0xFF, 0xF8, 0xFF, 0xFF, 0xFF, 0xFE, 0x1F, 0xFF, 0xFF, 0xFF, 0xC6,
    0x3F, 0xFC, 0x1F, 0xF0, 0x0F, 0xFC, 0x03, 0xFC, 0x07, 0xFC, 0x00, 0x7F, 0x01, 0xFE, 0x00, 0x1F,
    0xC0, 0x7F, 0x80, 0x07, 0xF0, 0x1F, 0xC0, 0x01, 0xFC, 0x07, 0xF0, 0x00, 0x7F, 0x01, 0xF8, 0x00,
    0x1F, 0x80, 0xFE, 0x00, 0x07, 0xE0, 0x3F, 0x00, 0x01, 0xF8, 0x0F, 0xC0, 0x00, 0x7E, 0x03, 0xF0,
    0x00, 0x3F, 0x80, 0xFC, 0x00, 0x0F, 0xE0, 0x7F, 0x00, 0x03, 0xF0, 0x1F, 0xC0, 0x00, 0xFC, 0x07,
    0xE0, 0x00, 0x3F, 0x01, 0xF8, 0x00, 0x1F, 0xC0, 0x7E, 0x00, 0x07, 0xF0, 0x1F, 0x80, 0x01, 0xFC,
    0x0F, 0xE0, 0x00, 0x7E, 0x03, 0xF0, 0x00, 0x1F, 0x88, 0xFC, 0x00, 0x07, 0xFF, 0x3F, 0x00, 0x01,
    0xFF, 0xCF, 0xC0, 0x00, 0x7F, 0xF3, 0xF0, 0x00, 0x1F, 0xF1, 0xFC, 0x00, 0x03, 0xF0, 0x00, 0x01,
    0xFE, 0x00, 0x00, 0x0F, 0xFF, 0xC0, 0x00, 0x3F, 0xFF, 0xE0, 0x00, 0xFF, 0xFF, 0xF8, 0x01, 0xFF,
    0xFF, 0xF8, 0x03, 0xFE, 0x07, 0xFC, 0x07, 0xF8, 0x01, 0xFE, 0x0F, 0xF0, 0x01, 0xFE, 0x0F, 0xE0,
    0x00, 0xFE, 0x1F, 0xC0, 0x00, 0x7E, 0x1F, 0x80, 0x00, 0x7F, 0x3F, 0x80, 0x00, 0x7F, 0x3F, 0x00,
    0x00, 0x7F, 0x7F, 0x00, 0x00, 0x7F, 0x7F, 0x00, 0x00, 0x7F, 0x7E, 0x00, 0x00, 0x7F, 0x7E, 0x00,
    0x00, 0x7E, 0x7E, 0x00, 0x00, 0x7E, 0xFE, 0x00, 0x00, 0xFE, 0xFE, 0x00, 0x00, 0xFE, 0xFE, 0x00,
    0x00, 0xFC, 0xFE, 0x00, 0x01, 0xFC, 0x7E, 0x00, 0x01, 0xFC, 0x7F, 0x00, 0x03, 0xF8, 0x7F, 0x00,
    0x07, 0xF8, 0x7F, 0x80, 0x0F, 0xF0, 0x3F, 0xC0, 0x1F, 0xE0, 0x3F, 0xE0, 0x7F, 0xC0, 0x1F, 0xFF,
    0xFF, 0x80, 0x0F, 0xFF, 0xFF, 0x00, 0x07, 0xFF, 0xFE, 0x00, 0x03, 0xFF, 0xF8, 0x00, 0x00, 0x7F,
    0xC0, 0x00, 0x00, 0x00, 0x0F, 0xF0, 0x00, 0x7F, 0x07, 0xFF, 0xE0, 0x1F, 0xF0, 0xFF, 0xFF, 0x03,
    0xFF, 0xBF, 0xFF, 0xF8, 0x3F, 0xFF, 0xFF, 0xFF, 0xC3, 0xFF, 0xFF, 0x03, 0xFE, 0x21, 0xFF, 0xC0,
    0x1F, 0xE0, 0x1F, 0xF0, 0x00, 0xFF, 0x03, 0xFE, 0x00, 0x07, 0xF0, 0x3F, 0xC0, 0x00, 0x7F, 0x03,
    0xFC, 0x00, 0x07, 0xF0, 0x3F, 0x80, 0x00, 0x7F, 0x03, 0xF8, 0x00, 0x07, 0xF0, 0x3F, 0x00, 0x00,
    0x7F, 0x07, 0xF0, 0x00, 0x07, 0xF0, 0x7F, 0x00, 0x00, 0x7F, 0x07, 0xE0, 0x00, 0x07, 0xF0, 0x7E,
    0x00, 0x00, 0x7F, 0x07, 0xE0, 0x00, 0x07, 0xE0, 0x7E, 0x00, 0x00, 0xFE, 0x0F, 0xE0, 0x00, 0x0F,
    0xE0, 0xFE, 0x00, 0x01, 0xFC, 0x0F, 0xF0, 0x00, 0x1F, 0xC0, 0xFF, 0x00, 0x03, 0xF8, 0x0F, 0xF0,
    0x00, 0x3F, 0x81, 0xFF, 0x80, 0x07, 0xF0, 0x1F, 0xFC, 0x00, 0xFE, 0x01, 0xFF, 0xF0, 0x3F, 0xE0,
    0x1F, 0xFF, 0xFF, 0xFC, 0x01, 0xFB, 0xFF, 0xFF, 0x80, 0x1F, 0x9F, 0xFF, 0xE0, 0x03, 0xF8, 0xFF,
    0xF8, 0x00, 0x3F, 0x01, 0xFE, 0x00, 0x03, 0xF0, 0x00, 0x00, 0x00, 0x3F, 0x00, 0x00, 0x00, 0x03,
    0xF0, 0x00, 0x00, 0x00, 0x7F, 0x00, 0x00, 0x00, 0x07, 0xF0, 0x00, 0x00, 0x00, 0x7E, 0x00, 0x00,
    0x00, 0x07, 0xE0, 0x00, 0x00, 0x00, 0x7E, 0x00, 0x00, 0x00, 0x07, 0xE0, 0x00, 0x00, 0x00, 0xFE,
    0x00, 0x00, 0x00, 0x0F, 0xE0, 0x00, 0x00, 0x00, 0xFC, 0x00, 0x00, 0x00, 0x0F, 0xC0, 0x00, 0x00,
    0x00, 0xFC, 0x00, 0x00, 0x00, 0x00, 0x00, 0x07, 0xF8, 0x00, 0x00, 0x0F, 0xFF, 0xC7, 0xF0, 0x07,
    0xFF, 0xF9, 0xF8, 0x07, 0xFF, 0xFF, 0x7E, 0x03, 0xFF, 0xFF, 0xFF, 0x81, 0xFF, 0x03, 0xFF, 0xE0,
    0xFF, 0x00, 0x3F, 0xF8, 0x3F, 0x80, 0x07, 0xFE, 0x1F, 0xC0, 0x01, 0xFF, 0x0F, 0xE0, 0x00, 0x3F,
    0xC3, 0xF8, 0x00, 0x0F, 0xF1, 0xFC, 0x00, 0x01, 0xFC, 0x7F, 0x00, 0x00, 0x7F, 0x1F, 0x80, 0x00,
    0x1F, 0x8F, 0xE0, 0x00, 0x07, 0xE3, 0xF8, 0x00, 0x01, 0xF8, 0xFE, 0x00, 0x00, 0x7E, 0x3F, 0x80,
    0x00, 0x3F, 0x8F, 0xC0, 0x00, 0x0F, 0xE3, 0xF0, 0x00, 0x03, 0xF0, 0xFC, 0x00, 0x01, 0xFC, 0x3F,
    0x00, 0x00, 0x7F, 0x0F, 0xE0, 0x00, 0x3F, 0xC3, 0xF8, 0x00, 0x0F, 0xF0, 0xFE, 0x00, 0x07, 0xFC,
    0x3F, 0xC0, 0x03, 0xFE, 0x07, 0xF8, 0x03, 0xFF, 0x81, 0xFF, 0x03, 0xFF, 0xE0, 0x3F, 0xFF, 0xFF,
    0xF8, 0x0F, 0xFF, 0xFF, 0xFE, 0x01, 0xFF, 0xFF, 0x3F, 0x00, 0x1F, 0xFF, 0x0F, 0xC0, 0x01, 0xFF,
    0x03, 0xF0, 0x00, 0x00, 0x00, 0xFC, 0x00, 0x00, 0x00, 0x7F, 0x00, 0x00, 0x00, 0x1F, 0xC0, 0x00,
    0x00, 0x07, 0xE0, 0x00, 0x00, 0x01, 0xF8, 0x00, 0x00, 0x00, 0x7E, 0x00, 0x00, 0x00, 0x1F, 0x80,
    0x00, 0x00, 0x0F, 0xE0, 0x00, 0x00, 0x03, 0xF0, 0x00, 0x00, 0x00, 0xFC, 0x00, 0x00, 0x00, 0x3F,
    0x00, 0x00, 0x00, 0x0F, 0xC0, 0x00, 0x00, 0x07, 0xF0, 0x00, 0x00, 0x01, 0xFC, 0x00, 0x00, 0x00,
    0x3F, 0x01, 0xF0, 0x3F, 0xF3, 0xFE, 0x1F, 0xFD, 0xFF, 0x9F, 0xFF, 0xFF, 0xEF, 0xFF, 0x9F, 0xFB,
    0xFF, 0xE2, 0x7F, 0xF8, 0x30, 0x1F, 0xF8, 0x00, 0x07, 0xFC, 0x00, 0x01, 0xFF, 0x00, 0x00, 0x7F,
    0x80, 0x00, 0x1F, 0xC0, 0x00, 0x07, 0xF0, 0x00, 0x03, 0xF8, 0x00, 0x00, 0xFE, 0x00, 0x00, 0x3F,
    0x80, 0x00, 0x0F, 0xC0, 0x00, 0x03, 0xF0, 0x00, 0x00, 0xFC, 0x00, 0x00, 0x7E, 0x00, 0x00, 0x1F,
    0x80, 0x00, 0x07, 0xE0, 0x00, 0x01, 0xF8, 0x00, 0x00, 0x7E, 0x00, 0x00, 0x3F, 0x80, 0x00, 0x0F,
    0xC0, 0x00, 0x03, 0xF0, 0x00, 0x00, 0xFC, 0x00, 0x00, 0x3F, 0x00, 0x00, 0x0F, 0xC0, 0x00, 0x07,
    0xF0, 0x00, 0x01, 0xF8, 0x00, 0x00, 0x00, 0x07, 0xFC, 0x00, 0x03, 0xFF, 0xF0, 0x01, 0xFF, 0xFF,
    0x80, 0xFF, 0xFF, 0xF0, 0x3F, 0xFF, 0xFC, 0x07, 0xF8, 0x0F, 0x81, 0xFC, 0x00, 0x60, 0x3F, 0x00,
    0x00, 0x0F, 0xC0, 0x00, 0x01, 0xF8, 0x00, 0x00, 0x3F, 0x80, 0x00, 0x07, 0xF8, 0x00, 0x00, 0xFF,
    0xC0, 0x00, 0x1F, 0xFF, 0x00, 0x01, 0xFF, 0xFC, 0x00, 0x1F, 0xFF, 0xE0, 0x01, 0xFF, 0xFE, 0x00,
    0x0F, 0xFF, 0xE0, 0x00, 0x3F, 0xFE, 0x00, 0x00, 0xFF, 0xC0, 0x00, 0x07, 0xF8, 0x00, 0x00, 0x7F,
    0x00, 0x00, 0x07, 0xE0, 0x00, 0x00, 0xFC, 0x00, 0x00, 0x3F, 0x0C, 0x00, 0x07, 0xE1, 0xE0, 0x01,
    0xFC, 0x3F, 0x80, 0xFF, 0x07, 0xFF, 0xFF, 0xC1, 0xFF, 0xFF, 0xF0, 0x1F, 0xFF, 0xFC, 0x00, 0xFF,
    0xFE, 0x00, 0x03, 0xFF, 0x00, 0x00, 0x00, 0xFC, 0x00, 0x07, 0xE0, 0x00, 0x3F, 0x00, 0x01, 0xF8,
    0x00, 0x1F, 0xC0, 0x00, 0xFC, 0x00, 0x07, 0xE0, 0x00, 0x3F, 0x00, 0x01, 0xF8, 0x03, 0xFF, 0xFF,
    0xDF, 0xFF, 0xFE, 0xFF, 0xFF, 0xEF, 0xFF, 0xFF, 0x7F, 0xFF, 0xF8, 0x0F, 0xC0, 0x00, 0x7E, 0x00,
    0x07, 0xE0, 0x00, 0x3F, 0x00, 0x01, 0xF8, 0x00, 0x0F, 0xC0, 0x00, 0x7E, 0x00, 0x07, 0xF0, 0x00,
    0x3F, 0x00, 0x01, 0xF8, 0x00, 0x0F, 0xC0, 0x00, 0x7E, 0x00, 0x03, 0xF0, 0x00, 0x3F, 0x80, 0x01,
    0xF8, 0x00, 0x0F, 0xC0, 0x00, 0x7E, 0x00, 0x03, 0xF0, 0x00, 0x3F, 0x80, 0x01, 0xFC, 0x00, 0x0F,
    0xE0, 0x20, 0x7F, 0x07, 0x83, 0xFF, 0xF8, 0x0F, 0xFF, 0xC0, 0x7F, 0xFE, 0x01, 0xFF, 0xE0, 0x03,
    0xF8, 0x00, 0x07, 0xC0, 0x00, 0x1F, 0x8F, 0xF8, 0x00, 0x07, 0xEF, 0xFF, 0x00, 0x01, 0xFB, 0xFF,
    0xC0, 0x00, 0xFE, 0x7F, 0xF0, 0x00, 0x3F, 0x91, 0xFC, 0x00, 0x0F, 0xC0, 0x7F, 0x00, 0x03, 0xF0,
    0x1F, 0xC0, 0x00, 0xFC, 0x07, 0xE0, 0x00, 0x3F, 0x01, 0xF8, 0x00, 0x1F, 0xC0, 0x7E, 0x00, 0x07,
    0xF0, 0x3F, 0x80, 0x01, 0xF8, 0x0F, 0xE0, 0x00, 0x7E, 0x03, 0xF0, 0x00, 0x1F, 0x80, 0xFC, 0x00,
    0x07, 0xE0, 0x3F, 0x00, 0x03, 0xF8, 0x0F, 0xC0, 0x00, 0xFC, 0x07, 0xF0, 0x00, 0x3F, 0x01, 0xFC,
    0x00, 0x0F, 0xC0, 0x7E, 0x00, 0x07, 0xF0, 0x1F, 0x80, 0x01, 0xFC, 0x07, 0xE0, 0x00, 0xFF, 0x01,
    0xF8, 0x00, 0x3F, 0x80, 0x7E, 0x00, 0x1F, 0xE0, 0x1F, 0xC0, 0x0F, 0xF8, 0x07, 0xF0, 0x07, 0xFE,
    0x21, 0xFE, 0x07, 0xFF, 0xFC, 0x7F, 0xFF, 0xFF, 0xFF, 0x0F, 0xFF, 0xF9, 0xFF, 0xC1, 0xFF, 0xFC,
    0x7F, 0xC0, 0x3F, 0xFE, 0x07, 0xC0, 0x03, 0xFC, 0x00, 0x00, 0x00, 0x00, 0x00, 0x04, 0x01, 0xF8,
    0x00, 0x00, 0xF0, 0xFF, 0x80, 0x00, 0x1F, 0xFF, 0xF8, 0x00, 0x07, 0xE7, 0xFF, 0x00, 0x01, 0xFC,
    0xFF, 0xE0, 0x00, 0x3F, 0x11, 0xFC, 0x00, 0x0F, 0xC0, 0x1F, 0xC0, 0x01, 0xF8, 0x03, 0xF8, 0x00,
    0x7E, 0x00, 0x7F, 0x00, 0x0F, 0xC0, 0x0F, 0xE0, 0x03, 0xF0, 0x00, 0xFC, 0x00, 0xFC, 0x00, 0x1F,
    0x80, 0x1F, 0x80, 0x03, 0xF8, 0x07, 0xE0, 0x00, 0x7F, 0x00, 0xFC, 0x00, 0x0F, 0xE0, 0x3F, 0x00,
    0x00, 0xFC, 0x0F, 0xC0, 0x00, 0x1F, 0x81, 0xF8, 0x00, 0x03, 0xF8, 0x7E, 0x00, 0x00, 0x7F, 0x0F,
    0xC0, 0x00, 0x0F, 0xE3, 0xF0, 0x00, 0x00, 0xFC, 0xFC, 0x00, 0x00, 0x1F, 0x9F, 0x80, 0x00, 0x03,
    0xF7, 0xE0, 0x00, 0x00, 0x7F, 0xFC, 0x00, 0x00, 0x0F, 0xFF, 0x00, 0x00, 0x00, 0xFF, 0xC0, 0x00,
    0x00, 0x1F, 0xF8, 0x00, 0x00, 0x03, 0xFE, 0x00, 0x00, 0x00, 0x7F, 0xC0, 0x00, 0x00, 0x0F, 0xF0,
    0x00, 0x00, 0x00, 0xFC, 0x00, 0x00, 0x07, 0xC0, 0x00, 0xF8, 0x00, 0x01, 0xC3, 0xFE, 0x00, 0x3F,
    0xC0, 0x00, 0x3F, 0x7F, 0xF0, 0x0F, 0xFE, 0x00, 0x03, 0xFF, 0xFF, 0x00, 0xFF, 0xE0, 0x00, 0x7E,
    0x7F, 0xF0, 0x0F, 0xFF, 0x00, 0x07, 0xE2, 0x7F, 0x80, 0x47, 0xF0, 0x00, 0xFC, 0x03, 0xF8, 0x00,
    0x3F, 0x00, 0x0F, 0xC0, 0x3F, 0x80, 0x03, 0xF0, 0x01, 0xF8, 0x03, 0xF8, 0x00, 0x3F, 0x00, 0x3F,
    0x00, 0x1F, 0x80, 0x07, 0xF0, 0x03, 0xF0, 0x01, 0xF8, 0x00, 0xFF, 0x80, 0x7E, 0x00, 0x1F, 0x80,
    0x0F, 0xF8, 0x07, 0xE0, 0x01, 0xFC, 0x01, 0xFF, 0x80, 0xFC, 0x00, 0x1F, 0xC0, 0x3F, 0xF8, 0x0F,
    0xC0, 0x01, 0xFC, 0x03, 0xFF, 0x81, 0xF8, 0x00, 0x1F, 0xC0, 0x7F, 0xF8, 0x1F, 0x00, 0x00, 0xFC,
    0x0F, 0xDF, 0x83, 0xF0, 0x00, 0x0F, 0xC0, 0xF9, 0xF8, 0x7E, 0x00, 0x00, 0xFC, 0x1F, 0x9F, 0xC7,
    0xE0, 0x00, 0x0F, 0xE3, 0xF1, 0xFC, 0xFC, 0x00, 0x00, 0xFE, 0x3E, 0x0F, 0xCF, 0xC0, 0x00, 0x0F,
    0xE7, 0xE0, 0xFD, 0xF8, 0x00, 0x00, 0xFE, 0xFC, 0x0F, 0xDF, 0x80, 0x00, 0x07, 0xEF, 0x80, 0xFF,
    0xF0, 0x00, 0x00, 0x7F, 0xF8, 0x0F, 0xFE, 0x00, 0x00, 0x07, 0xFF, 0x00, 0xFF, 0xE0, 0x00, 0x00,
    0x7F, 0xE0, 0x0F, 0xFC, 0x00, 0x00, 0x07, 0xFE, 0x00, 0x7F, 0xC0, 0x00, 0x00, 0x7F, 0xC0, 0x07,
    0xF8, 0x00, 0x00, 0x03, 0xF8, 0x00, 0x7F, 0x80, 0x00, 0x00, 0x3F, 0x80, 0x07, 0xF0, 0x00, 0x00,
    0x00, 0x00, 0x00, 0x03, 0x00, 0x3F, 0x00, 0x01, 0xE0, 0x3F, 0xC0, 0x00, 0xF8, 0x1F, 0xF8, 0x00,
    0x7F, 0x0F, 0xFF, 0x00, 0x3F, 0x83, 0xFF, 0xC0, 0x1F, 0xC0, 0x67, 0xF8, 0x0F, 0xE0, 0x00, 0xFE,
    0x07, 0xF0, 0x00, 0x3F, 0x83, 0xF8, 0x00, 0x07, 0xF1, 0xFC, 0x00, 0x01, 0xFC, 0xFE, 0x00, 0x00,
    0x3F, 0xFF, 0x00, 0x00, 0x0F, 0xFF, 0x80, 0x00, 0x01, 0xFF, 0x80, 0x00, 0x00, 0x7F, 0xC0, 0x00,
    0x00, 0x0F, 0xE0, 0x00, 0x00, 0x07, 0xF8, 0x00, 0x00, 0x03, 0xFF, 0x00, 0x00, 0x01, 0xFF, 0xC0,
    0x00, 0x00, 0xFF, 0xF8, 0x00, 0x00, 0x7F, 0xFE, 0x00, 0x00, 0x3F, 0x9F, 0xC0, 0x00, 0x1F, 0xC7,
    0xF0, 0x00, 0x0F, 0xE1, 0xFE, 0x00, 0x07, 0xF0, 0x3F, 0x80, 0x07, 0xF8, 0x0F, 0xF1, 0x03, 0xFC,
    0x01, 0xFF, 0xE1, 0xFC, 0x00, 0x7F, 0xF8, 0xFE, 0x00, 0x0F, 0xFF, 0x3F, 0x00, 0x03, 0xFF, 0x0F,
    0x80, 0x00, 0x7F, 0x81, 0xC0, 0x00, 0x0F, 0x80, 0x20, 0x00, 0x00, 0x00, 0x00, 0x07, 0xC0, 0x00,
    0x1F, 0x9F, 0xF0, 0x00, 0x0F, 0xDF, 0xFC, 0x00, 0x07, 0xFF, 0xFE, 0x00, 0x07, 0xF7, 0xFF, 0x00,
    0x03, 0xF3, 0x3F, 0x80, 0x01, 0xF8, 0x1F, 0xC0, 0x00, 0xFC, 0x0F, 0xE0, 0x00, 0x7E, 0x07, 0xE0,
    0x00, 0x3F, 0x03, 0xF0, 0x00, 0x3F, 0x81, 0xF8, 0x00, 0x1F, 0x81, 0xFC, 0x00, 0x0F, 0xC0, 0xFE,
    0x00, 0x07, 0xE0, 0x7E, 0x00, 0x03, 0xF0, 0x3F, 0x00, 0x01, 0xF8, 0x1F, 0x80, 0x01, 0xFC, 0x1F,
    0xC0, 0x00, 0xFC, 0x0F, 0xE0, 0x00, 0x7E, 0x07, 0xF0, 0x00, 0x3F, 0x03, 0xF0, 0x00, 0x3F, 0x81,
    0xF8, 0x00, 0x1F, 0xC0, 0xFC, 0x00, 0x1F, 0xC0, 0x7E, 0x00, 0x0F, 0xE0, 0x7F, 0x00, 0x0F, 0xF0,
    0x3F, 0xC0, 0x0F, 0xF8, 0x0F, 0xE0, 0x0F, 0xFC, 0x07, 0xF8, 0x1F, 0xFE, 0x03, 0xFF, 0xFF, 0xFE,
    0x00, 0xFF, 0xFF, 0xBF, 0x00, 0x3F, 0xFF, 0x9F, 0x80, 0x0F, 0xFF, 0x0F, 0xC0, 0x01, 0xFE, 0x07,
    0xE0, 0x00, 0x00, 0x07, 0xE0, 0x00, 0x00, 0x03, 0xF0, 0x00, 0x00, 0x01, 0xF8, 0x00, 0x00, 0x01,
    0xF8, 0x00, 0x00, 0x00, 0xFC, 0x00, 0x00, 0x00, 0xFE, 0x00, 0x00, 0x00, 0x7E, 0x00, 0x00, 0x00,
    0x7E, 0x00, 0x60, 0x00, 0xFF, 0x00, 0x7E, 0x01, 0xFF, 0x00, 0x3F, 0xFF, 0xFF, 0x00, 0x1F, 0xFF,
    0xFF, 0x00, 0x0F, 0xFF, 0xFF, 0x00, 0x03, 0xFF, 0xFE, 0x00, 0x00, 0x3F, 0xF8, 0x00, 0x00, 0x01,
    0xFF, 0xFF, 0xFF, 0x80, 0xFF, 0xFF, 0xFF, 0x80, 0x7F, 0xFF, 0xFF, 0xC0, 0x3F, 0xFF, 0xFF, 0xE0,
    0x1F, 0xFF, 0xFF, 0xE0, 0x00, 0x00, 0x0F, 0xE0, 0x00, 0x00, 0x0F, 0xE0, 0x00, 0x00, 0x0F, 0xE0,
    0x00, 0x00, 0x0F, 0xE0, 0x00, 0x00, 0x0F, 0xE0, 0x00, 0x00, 0x0F, 0xE0, 0x00, 0x00, 0x0F, 0xE0,
    0x00, 0x00, 0x0F, 0xE0, 0x00, 0x00, 0x0F, 0xE0, 0x00, 0x00, 0x0F, 0xE0, 0x00, 0x00, 0x0F, 0xE0,
    0x00, 0x00, 0x0F, 0xE0, 0x00, 0x00, 0x0F, 0xE0, 0x00, 0x00, 0x0F, 0xE0, 0x00, 0x00, 0x0F, 0xE0,
    0x00, 0x00, 0x0F, 0xE0, 0x00, 0x00, 0x0F, 0xE0, 0x00, 0x00, 0x0F, 0xE0, 0x00, 0xC0, 0x0F, 0xE0,
    0x00, 0xF8, 0x0F, 0xE0, 0x00, 0x78, 0x0F, 0xFF, 0xE0, 0x7C, 0x0F, 0xFF, 0xFF, 0xFE, 0x0F, 0xFF,
    0xFF, 0xFE, 0x07, 0xFF, 0xFF, 0xFE, 0x07, 0xFF, 0xFF, 0xFE, 0x03, 0xFF, 0xFF, 0xFE, 0x01, 0x80,
    0x01, 0xFC, 0x00, 0x00, 0x01, 0xFC, 0x00, 0x1F, 0xF0, 0x00, 0xFF, 0xC0, 0x07, 0xFF, 0x00, 0x3F,
    0xFC, 0x00, 0xFE, 0x00, 0x07, 0xE0, 0x00, 0x1F, 0x80, 0x00, 0x7E, 0x00, 0x01, 0xF0, 0x00, 0x07,
    0xC0, 0x00, 0x3F, 0x00, 0x00, 0xFC, 0x00, 0x03, 0xF0, 0x00, 0x0F, 0xC0, 0x00, 0x3E, 0x00, 0x00,
    0xF8, 0x00, 0x07, 0xE0, 0x00, 0x1F, 0x80, 0x00, 0x7E, 0x00, 0x01, 0xF0, 0x00, 0x0F, 0xC0, 0x00,
    0x3F, 0x00, 0x01, 0xF8, 0x00, 0x0F, 0xE0, 0x00, 0xFF, 0x00, 0x0F, 0xF8, 0x00, 0x3F, 0xC0, 0x00,
    0xFE, 0x00, 0x03, 0xFC, 0x00, 0x0F, 0xF8, 0x00, 0x0F, 0xE0, 0x00, 0x1F, 0xC0, 0x00, 0x7F, 0x00,
    0x00, 0xFC, 0x00, 0x03, 0xF0, 0x00, 0x0F, 0xC0, 0x00, 0x3E, 0x00, 0x00, 0xF8, 0x00, 0x07, 0xE0,
    0x00, 0x1F, 0x80, 0x00, 0x7E, 0x00, 0x01, 0xF8, 0x00, 0x07, 0xC0, 0x00, 0x1F, 0x00, 0x00, 0xFC,
    0x00, 0x03, 0xF0, 0x00, 0x0F, 0xC0, 0x00, 0x3F, 0x00, 0x00, 0xFC, 0x00, 0x03, 0xF0, 0x00, 0x0F,
    0xFE, 0x00, 0x3F, 0xF8, 0x00, 0xFF, 0xE0, 0x01, 0xFF, 0x80, 0x03, 0xFE, 0x00, 0x03, 0xF0, 0x00,
    0x00, 0x78, 0x07, 0xC0, 0x3E, 0x01, 0xF0, 0x0F, 0x00, 0x78, 0x07, 0xC0, 0x3E, 0x01, 0xF0, 0x0F,
    0x00, 0x78, 0x03, 0xC0, 0x3E, 0x01, 0xF0, 0x0F, 0x80, 0x78, 0x03, 0xC0, 0x1E, 0x01, 0xF0, 0x0F,
    0x80, 0x7C, 0x03, 0xC0, 0x1E, 0x01, 0xF0, 0x0F, 0x80, 0x7C, 0x03, 0xC0, 0x1E, 0x00, 0xF0, 0x0F,
    0x80, 0x7C, 0x03, 0xE0, 0x1E, 0x00, 0xF0, 0x07, 0x80, 0x7C, 0x03, 0xE0, 0x1F, 0x00, 0xF0, 0x07,
    0x80, 0x7C, 0x03, 0xE0, 0x1F, 0x00, 0xF0, 0x07, 0x80, 0x3C, 0x03, 0xE0, 0x1F, 0x00, 0xF8, 0x00,
    0x00, 0x3F, 0x80, 0x00, 0x7F, 0xC0, 0x00, 0xFF, 0xC0, 0x03, 0xFF, 0x80, 0x07, 0xFF, 0x00, 0x00,
    0x7F, 0x00, 0x00, 0x7E, 0x00, 0x00, 0xFC, 0x00, 0x01, 0xF8, 0x00, 0x03, 0xE0, 0x00, 0x07, 0xC0,
    0x00, 0x1F, 0x80, 0x00, 0x3F, 0x00, 0x00, 0x7E, 0x00, 0x00, 0xFC, 0x00, 0x01, 0xF0, 0x00, 0x03,
    0xE0, 0x00, 0x0F, 0xC0, 0x00, 0x1F, 0x80, 0x00, 0x3F, 0x00, 0x00, 0x7E, 0x00, 0x00, 0xFC, 0x00,
    0x01, 0xF8, 0x00, 0x03, 0xF0, 0x00, 0x07, 0xF0, 0x00, 0x0F, 0xF0, 0x00, 0x0F, 0xF8, 0x00, 0x0F,
    0xF0, 0x00, 0x1F, 0xC0, 0x00, 0x7F, 0x80, 0x01, 0xFF, 0x00, 0x07, 0xF8, 0x00, 0x1F, 0xC0, 0x00,
    0x3F, 0x00, 0x00, 0x7E, 0x00, 0x01, 0xF8, 0x00, 0x03, 0xF0, 0x00, 0x07, 0xE0, 0x00, 0x0F, 0x80,
    0x00, 0x1F, 0x00, 0x00, 0x7E, 0x00, 0x00, 0xFC, 0x00, 0x01, 0xF8, 0x00, 0x03, 0xF0, 0x00, 0x07,
    0xC0, 0x00, 0x1F, 0x80, 0x00, 0x3F, 0x00, 0x00, 0x7E, 0x00, 0x00, 0xFC, 0x00, 0x03, 0xF0, 0x00,
    0x07, 0xE0, 0x03, 0xFF, 0xC0, 0x07, 0xFF, 0x00, 0x0F, 0xFC, 0x00, 0x3F, 0xF0, 0x00, 0x7F, 0xC0,
    0x00, 0xFE, 0x00, 0x00, 0x01, 0xF8, 0x00, 0x00, 0x07, 0xFF, 0x00, 0x0E, 0x0F, 0xFF, 0xC0, 0x1F,
    0x1F, 0xFF, 0xF8, 0x3F, 0x3F, 0xFF, 0xFF, 0xFE, 0x7E, 0x1F, 0xFF, 0xFC, 0xFC, 0x03, 0xFF, 0xF8,
    0x38, 0x00, 0xFF, 0xF0, 0x20, 0x00, 0x1F, 0xC0, 0x00, 0x38, 0x01, 0xF8, 0x07, 0xF8, 0x0F, 0xF0,
    0x1F, 0xE0, 0x3F, 0x80, 0x7F, 0x00, 0xFC, 0x00, 0xF0, 0x00, 0x00, 0x00, 0x00, 0x00, 0x00, 0x00,
    0x00, 0x00, 0x00, 0x00, 0x01, 0xF0, 0x03, 0xE0, 0x07, 0xC0, 0x1F, 0x80, 0x3F, 0x00, 0x7C, 0x00,
    0xF8, 0x01, 0xF0, 0x07, 0xE0, 0x0F, 0xC0, 0x1F, 0x80, 0x3E, 0x00, 0x7C, 0x00, 0xF8, 0x03, 0xF0,
    0x07, 0xE0, 0x0F, 0xC0, 0x1F, 0x00, 0x3E, 0x00, 0xFC, 0x01, 0xF8, 0x03, 0xF0, 0x07, 0xE0, 0x0F,
    0x80, 0x3F, 0x00, 0x7E, 0x00, 0xFC, 0x01, 0xF8, 0x03, 0xF0, 0x07, 0xC0, 0x1F, 0x80, 0x3F, 0x00,
    0x00, 0x00, 0x00, 0xF8, 0x00, 0x00, 0x0F, 0x80, 0x00, 0x00, 0xF8, 0x00, 0x00, 0x0F, 0x00, 0x00,
    0x00, 0xF0, 0x00, 0x00, 0x0F, 0x00, 0x00, 0x01, 0xF0, 0x00, 0x00, 0x1F, 0xE0, 0x00, 0x0F, 0xFF,
    0xC0, 0x03, 0xFF, 0xFF, 0x00, 0xFF, 0xFF, 0xF0, 0x1F, 0xFF, 0xFE, 0x03, 0xFF, 0xFF, 0xC0, 0x7F,
    0xBE, 0x0C, 0x0F, 0xF3, 0xE0, 0x01, 0xFC, 0x3C, 0x00, 0x1F, 0xC3, 0xC0, 0x03, 0xF8, 0x7C, 0x00,
    0x3F, 0x07, 0xC0, 0x07, 0xF0, 0x7C, 0x00, 0x7E, 0x07, 0x80, 0x07, 0xE0, 0x78, 0x00, 0xFE, 0x07,
    0x80, 0x0F, 0xE0, 0xF8, 0x00, 0xFC, 0x0F, 0x80, 0x0F, 0xC0, 0xF8, 0x00, 0xFC, 0x0F, 0x00, 0x0F,
    0xC0, 0xF0, 0x00, 0xFC, 0x0F, 0x00, 0x0F, 0xE1, 0xF0, 0x00, 0xFE, 0x1F, 0x00, 0x0F, 0xF1, 0xF0,
    0x00, 0x7F, 0x9E, 0x03, 0x07, 0xFD, 0xE0, 0xF0, 0x3F, 0xFF, 0xFE, 0x01, 0xFF, 0xFF, 0xE0, 0x1F,
    0xFF, 0xFE, 0x00, 0x7F, 0xFF, 0xE0, 0x01, 0xFF, 0xF0, 0x00, 0x03, 0xF0, 0x00, 0x00, 0x7C, 0x00,
    0x00, 0x07, 0xC0, 0x00, 0x00, 0x7C, 0x00, 0x00, 0x07, 0x80, 0x00, 0x00, 0x78, 0x00, 0x00, 0x07,
    0x80, 0x00, 0x00, 0xF8, 0x00, 0x00, 0x00, 0x00, 0x00, 0x7F, 0xC0, 0x00, 0x00, 0x01, 0xFF, 0xF8,
    0x00, 0x00, 0x03, 0xFF, 0xFF, 0x00, 0x00, 0x03, 0xFF, 0xFF, 0xC0, 0x00, 0x03, 0xFF, 0xFF, 0xF8,
    0x00, 0x03, 0xFF, 0xFF, 0xF8, 0x00, 0x03, 0xFE, 0x03, 0xFC, 0x00, 0x03, 0xFC, 0x00, 0x3C, 0x00,
    0x03, 0xFC, 0x00, 0x0C, 0x00, 0x01, 0xFC, 0x00, 0x00, 0x00, 0x00, 0xFC, 0x00, 0x00, 0x00, 0x00,
    0xFE, 0x00, 0x00, 0x00, 0x00, 0x7F, 0x00, 0x00, 0x00, 0x00, 0x3F, 0x00, 0x00, 0x00, 0x00, 0x3F,
    0x80, 0x00, 0x00, 0x00, 0x1F, 0xC0, 0x00, 0x00, 0x00, 0x0F, 0xE0, 0x00, 0x00, 0x00, 0x07, 0xE0,
    0x00, 0x00, 0x00, 0x03, 0xF0, 0x00, 0x00, 0x00, 0x01, 0xF8, 0x00, 0x00, 0x00, 0x00, 0xFC, 0x00,
    0x00, 0x00, 0x7F, 0xFF, 0xFF, 0xE0, 0x00, 0x3F, 0xFF, 0xFF, 0xF0, 0x00, 0x1F, 0xFF, 0xFF, 0xF0,
    0x00, 0x0F, 0xFF, 0xFF, 0xF8, 0x00, 0x07, 0xFF, 0xFF, 0xFC, 0x00, 0x00, 0x07, 0xE0, 0x00, 0x00,
    0x00, 0x03, 0xF0, 0x00, 0x00, 0x00, 0x01, 0xF8, 0x00, 0x00, 0x00, 0x00, 0xFC, 0x00, 0x00, 0x00,
    0x00, 0xFE, 0x00, 0x00, 0x00, 0x00, 0x7F, 0x00, 0x00, 0x00, 0x00, 0x3F, 0x00, 0x00, 0x00, 0x00,
    0x1F, 0x80, 0x00, 0x00, 0x00, 0x0F, 0xC0, 0x00, 0x00, 0x00, 0x0F, 0xC0, 0x00, 0x00, 0x00, 0x07,
    0xE0, 0x00, 0x00, 0x00, 0x03, 0xE0, 0x00, 0x00, 0x00, 0x03, 0xF0, 0x00, 0x07, 0x00, 0x03, 0xF0,
    0x00, 0x07, 0xC0, 0x03, 0xFB, 0xE0, 0x07, 0xE0, 0x07, 0xFF, 0xFF, 0x07, 0xE0, 0x0F, 0xFF, 0xFF,
    0xFF, 0xF0, 0x0F, 0xFF, 0xFF, 0xFF, 0xF0, 0x0F, 0xFF, 0xFF, 0xFF, 0xF0, 0x07, 0xFF, 0xFF, 0xFF,
    0xF0, 0x03, 0xF0, 0x03, 0xFF, 0xF0, 0x01, 0x80, 0x00, 0x1F, 0xC0, 0x00, 0x00, 0x00, 0x00, 0x3F,
    0xF8, 0x00, 0x00, 0x00, 0x3F, 0xFF, 0xF0, 0x00, 0x00, 0x0F, 0xFF, 0xFF, 0xE0, 0x00, 0x03, 0xFF,
    0xFF, 0xFF, 0x00, 0x00, 0xFF, 0xFF, 0xFF, 0xE0, 0x00, 0x1F, 0xFF, 0xFF, 0xFE, 0x00, 0x07, 0xFF,
    0xC0, 0x1F, 0xC0, 0x00, 0xFF, 0xE0, 0x00, 0x1C, 0x00, 0x1F, 0xF8, 0x00, 0x00, 0x00, 0x03, 0xFF,
    0x00, 0x00, 0x00, 0x00, 0x3F, 0xC0, 0x00, 0x00, 0x00, 0x07, 0xF8, 0x00, 0x00, 0x00, 0x00, 0xFF,
    0x00, 0x00, 0x00, 0x00, 0x0F, 0xE0, 0x00, 0x00, 0x00, 0x01, 0xFE, 0x00, 0x00, 0x00, 0x00, 0x1F,
    0xC0, 0x00, 0x00, 0x00, 0x3F, 0xFF, 0xFF, 0xFF, 0xF8, 0x03, 0xFF, 0xFF, 0xFF, 0xFF, 0x80, 0x3F,
    0xFF, 0xFF, 0xFF, 0xF8, 0x03, 0xFF, 0xFF, 0xFF, 0xFF, 0x80, 0x3F, 0xFF, 0xFF, 0xFF, 0xF8, 0x03,
    0xFF, 0xFF, 0xFF, 0xFF, 0x00, 0x0F, 0xF0, 0x00, 0x00, 0x00, 0x00, 0xFE, 0x00, 0x00, 0x00, 0x00,
    0x0F, 0xE0, 0x00, 0x00, 0x00, 0x00, 0xFE, 0x00, 0x00, 0x00, 0x00, 0x7F, 0xFF, 0xFF, 0xFF, 0xE0,
    0x0F, 0xFF, 0xFF, 0xFF, 0xFE, 0x00, 0xFF, 0xFF, 0xFF, 0xFF, 0xE0, 0x0F, 0xFF, 0xFF, 0xFF, 0xFE,
    0x00, 0xFF, 0xFF, 0xFF, 0xFF, 0xE0, 0x0F, 0xFF, 0xFF, 0xFF, 0xFE, 0x00, 0x0F, 0xE0, 0x00, 0x00,
    0x00, 0x00, 0xFF, 0x00, 0x00, 0x00, 0x00, 0x0F, 0xF0, 0x00, 0x00, 0x00, 0x00, 0xFF, 0x00, 0x00,
    0x00, 0x00, 0x0F, 0xF8, 0x00, 0x00, 0x00, 0x00, 0x7F, 0x80, 0x00, 0x00, 0x00, 0x07, 0xFC, 0x00,
    0x00, 0x00, 0x00, 0x3F, 0xE0, 0x00, 0x00, 0x00, 0x03, 0xFF, 0x00, 0x00, 0x18, 0x00, 0x1F, 0xF8,
    0x00, 0x0F, 0x80, 0x01, 0xFF, 0xF0, 0x07, 0xF8, 0x00, 0x0F, 0xFF, 0xFF, 0xFF, 0x00, 0x00, 0x7F,
    0xFF, 0xFF, 0xF0, 0x00, 0x03, 0xFF, 0xFF, 0xFF, 0x00, 0x00, 0x0F, 0xFF, 0xFF, 0xE0, 0x00, 0x00,
    0x3F, 0xFF, 0xF0, 0x00, 0x00, 0x00, 0x7F, 0xF0, 0x00, 0x00, 0x7F, 0x80, 0x00, 0x03, 0xFD, 0xFE,
    0x00, 0x00, 0x0F, 0xFF, 0xF8, 0x00, 0x00, 0x7F, 0xBF, 0xF0, 0x00, 0x03, 0xFE, 0xFF, 0xC0, 0x00,
    0x0F, 0xF8, 0x7F, 0x80, 0x00, 0x7E, 0x00, 0xFE, 0x00, 0x03, 0xF0, 0x03, 0xF8, 0x00, 0x0F, 0xC0,
    0x07, 0xF0, 0x00, 0x7E, 0x00, 0x1F, 0xC0, 0x03, 0xF0, 0x00, 0x3F, 0x00, 0x1F, 0x80, 0x00, 0xFE,
    0x00, 0x7E, 0x00, 0x03, 0xF8, 0x03, 0xF0, 0x00, 0x07, 0xF0, 0x1F, 0x80, 0x00, 0x1F, 0xC0, 0x7E,
    0x00, 0x00, 0x3F, 0x03, 0xF0, 0x00, 0x00, 0xFE, 0x1F, 0x80, 0x00, 0x03, 0xF8, 0x7E, 0x00, 0x00,
    0x07, 0xF3, 0xF0, 0x00, 0x00, 0x1F, 0xDF, 0x80, 0x00, 0x00, 0x3F, 0x7C, 0x00, 0x00, 0x00, 0xFF,
    0xF0, 0x00, 0x03, 0xFF, 0xFF, 0xFF, 0x80, 0x0F, 0xFF, 0xFF, 0xFE, 0x00, 0x3F, 0xFF, 0xFF, 0xF8,
    0x00, 0xFF, 0xFF, 0xFF, 0xE0, 0x03, 0xFF, 0xFF, 0xFF, 0x80, 0x00, 0x03, 0xF0, 0x00, 0x00, 0x00,
    0x0F, 0xC0, 0x00, 0x00, 0x00, 0x3F, 0x00, 0x00, 0x00, 0x01, 0xFC, 0x00, 0x00, 0x1F, 0xFF, 0xFF,
    0xFC, 0x00, 0x7F, 0xFF, 0xFF, 0xF0, 0x03, 0xFF, 0xFF, 0xFF, 0xC0, 0x0F, 0xFF, 0xFF, 0xFE, 0x00,
    0x3F, 0xFF, 0xFF, 0xF8, 0x00, 0x00, 0x3F, 0x80, 0x00, 0x00, 0x00, 0xFC, 0x00, 0x00, 0x00, 0x03,
    0xF0, 0x00, 0x00, 0x00, 0x0F, 0xC0, 0x00, 0x00, 0x00, 0x3F, 0x00, 0x00, 0x00, 0x01, 0xFC, 0x00,
    0x00, 0x00, 0x7F, 0xFE, 0x00, 0x00, 0x01, 0xFF, 0xF8, 0x00, 0x00, 0x07, 0xFF, 0xE0, 0x00, 0x00,
    0x1F, 0xFF, 0x80, 0x00, 0x00, 0x7F, 0xFE, 0x00, 0x00, 0x00, 0x00, 0x78, 0x07, 0xC0, 0x3E, 0x01,
    0xF0, 0x0F, 0x00, 0x78, 0x03, 0xC0, 0x3E, 0x01, 0xF0, 0x0F, 0x80, 0x78, 0x03, 0xC0, 0x3E, 0x01,
    0xF0, 0x0F, 0x80, 0x78, 0x03, 0xC0, 0x00, 0x00, 0x00, 0x00, 0x00, 0x00, 0x00, 0x00, 0x00, 0x00,
    0x00, 0x00, 0x00, 0x00, 0x00, 0x00, 0x00, 0x00, 0x00, 0x00, 0x00, 0x00, 0x00, 0x00, 0x1E, 0x00,
    0xF0, 0x0F, 0x80, 0x7C, 0x03, 0xE0, 0x1E, 0x00, 0xF0, 0x07, 0x80, 0x7C, 0x03, 0xE0, 0x1F, 0x00,
    0xF0, 0x07, 0x80, 0x3C, 0x03, 0xE0, 0x1F, 0x00, 0xF8, 0x00, 0x00, 0x00, 0x1F, 0xF0, 0x00, 0x00,
    0x1F, 0xFF, 0xC0, 0x00, 0x0F, 0xFF, 0xFE, 0x00, 0x03, 0xFF, 0xFF, 0xF0, 0x00, 0xFF, 0xFF, 0xFE,
    0x00, 0x3F, 0xC0, 0x7F, 0x80, 0x0F, 0xE0, 0x01, 0xE0, 0x01, 0xF8, 0x00, 0x08, 0x00, 0x7F, 0x00,
    0x00, 0x00, 0x0F, 0xC0, 0x00, 0x00, 0x01, 0xF8, 0x00, 0x00, 0x00, 0x3F, 0x80, 0x00, 0x00, 0x07,
    0xF0, 0x00, 0x00, 0x00, 0xFF, 0x00, 0x00, 0x00, 0x1F, 0xF8, 0x00, 0x00, 0x01, 0xFF, 0xC0, 0x00,
    0x00, 0x3F, 0xFC, 0x00, 0x00, 0x03, 0xFF, 0xE0, 0x00, 0x00, 0x1F, 0xFF, 0x00, 0x00, 0x07, 0xFF,
    0xF0, 0x00, 0x03, 0xFF, 0xFF, 0x00, 0x00, 0xFF, 0xFF, 0xF0, 0x00, 0x3F, 0xCF, 0xFF, 0x00, 0x0F,
    0xE0, 0x7F, 0xE0, 0x03, 0xF8, 0x03, 0xFE, 0x00, 0x7E, 0x00, 0x3F, 0xC0, 0x1F, 0xC0, 0x03, 0xF8,
    0x03, 0xF0, 0x00, 0x3F, 0x00, 0x7E, 0x00, 0x07, 0xE0, 0x1F, 0xC0, 0x00, 0xFC, 0x03, 0xF8, 0x00,
    0x1F, 0x80, 0x7F, 0x00, 0x07, 0xE0, 0x0F, 0xF0, 0x00, 0xFC, 0x00, 0xFF, 0x00, 0x3F, 0x00, 0x1F,
    0xF8, 0x0F, 0xC0, 0x01, 0xFF, 0x87, 0xF0, 0x00, 0x1F, 0xFF, 0xFC, 0x00, 0x01, 0xFF, 0xFF, 0x00,
    0x00, 0x1F, 0xFF, 0x80, 0x00, 0x01, 0xFF, 0xF0, 0x00, 0x00, 0x0F, 0xFF, 0x00, 0x00, 0x00, 0x7F,
    0xF0, 0x00, 0x00, 0x07, 0xFF, 0x00, 0x00, 0x00, 0x3F, 0xE0, 0x00, 0x00, 0x03, 0xFE, 0x00, 0x00,
    0x00, 0x1F, 0xC0, 0x00, 0x00, 0x03, 0xF8, 0x00, 0x00, 0x00, 0x7F, 0x00, 0x00, 0x00, 0x0F, 0xC0,
    0x00, 0x00, 0x01, 0xF8, 0x01, 0x80, 0x00, 0x3F, 0x00, 0x3C, 0x00, 0x0F, 0xC0, 0x07, 0xF0, 0x0F,
    0xF8, 0x01, 0xFF, 0xFF, 0xFE, 0x00, 0x3F, 0xFF, 0xFF, 0x80, 0x07, 0xFF, 0xFF, 0xC0, 0x00, 0x1F,
    0xFF, 0xE0, 0x00, 0x00, 0x7F, 0xF0, 0x00, 0x00, 0x3C, 0x01, 0xE7, 0xE0, 0x7F, 0xFF, 0x0F, 0xFF,
    0xF0, 0xFF, 0xFE, 0x0F, 0xFF, 0xE0, 0xFE, 0x78, 0x07, 0xC0, 0x00, 0x00, 0x00, 0xFF, 0xC0, 0x00,
    0x00, 0x00, 0x03, 0xFF, 0xFF, 0x00, 0x00, 0x00, 0x03, 0xFF, 0xFF, 0xF0, 0x00, 0x00, 0x03, 0xFF,
    0xFF, 0xFF, 0x00, 0x00, 0x03, 0xFF, 0xFF, 0xFF, 0xE0, 0x00, 0x01, 0xFF, 0xC0, 0x1F, 0xFC, 0x00,
    0x01, 0xFF, 0x80, 0x00, 0xFF, 0x80, 0x00, 0xFF, 0x80, 0x00, 0x0F, 0xF0, 0x00, 0x7F, 0x80, 0x00,
    0x01, 0xFE, 0x00, 0x3F, 0x80, 0x3F, 0xE0, 0x3F, 0x80, 0x1F, 0xC0, 0x7F, 0xFF, 0x07, 0xF0, 0x0F,
    0xE0, 0x7F, 0xFF, 0xE0, 0xFC, 0x07, 0xF0, 0x3F, 0xFF, 0xF0, 0x3F, 0x81, 0xF8, 0x1F, 0xFF, 0xFC,
    0x07, 0xE0, 0xFC, 0x1F, 0xF0, 0x0E, 0x01, 0xF8, 0x7E, 0x07, 0xF0, 0x00, 0x00, 0x3F, 0x1F, 0x83,
    0xF8, 0x00, 0x00, 0x0F, 0xCF, 0xC1, 0xFC, 0x00, 0x00, 0x03, 0xF3, 0xF0, 0x7E, 0x00, 0x00, 0x00,
    0xFC, 0xF8, 0x3F, 0x80, 0x00, 0x00, 0x3F, 0x7E, 0x0F, 0xC0, 0x00, 0x00, 0x0F, 0xDF, 0x07, 0xF0,
    0x00, 0x00, 0x03, 0xF7, 0xC1, 0xF8, 0x00, 0x00, 0x00, 0xFF, 0xF0, 0x7E, 0x00, 0x00, 0x00, 0x3F,
    0xFC, 0x1F, 0x80, 0x00, 0x00, 0x0F, 0xFF, 0x0F, 0xE0, 0x00, 0x00, 0x03, 0xFF, 0x83, 0xF0, 0x00,
    0x00, 0x00, 0xFB, 0xE0, 0xFC, 0x00, 0x00, 0x00, 0x7E, 0xF8, 0x3F, 0x80, 0x00, 0x00, 0x1F, 0xBE,
    0x0F, 0xE0, 0x00, 0x00, 0x07, 0xCF, 0xC3, 0xF8, 0x00, 0x00, 0x03, 0xF3, 0xF0, 0x7E, 0x00, 0x00,
    0x00, 0xF8, 0xFC, 0x1F, 0xC0, 0x00, 0x00, 0x7E, 0x3F, 0x07, 0xF8, 0x00, 0x60, 0x3F, 0x0F, 0xE0,
    0xFF, 0x80, 0xF8, 0x0F, 0xC1, 0xF8, 0x1F, 0xFF, 0xFC, 0x07, 0xE0, 0x7F, 0x07, 0xFF, 0xFF, 0x03,
    0xF8, 0x1F, 0xC0, 0x7F, 0xFF, 0xC1, 0xFC, 0x03, 0xF8, 0x0F, 0xFF, 0xE0, 0xFE, 0x00, 0x7F, 0x00,
    0x7F, 0xC0, 0x7F, 0x00, 0x1F, 0xE0, 0x00, 0x00, 0x7F, 0x80, 0x03, 0xFC, 0x00, 0x00, 0x7F, 0xC0,
    0x00, 0x7F, 0xC0, 0x00, 0x7F, 0xE0, 0x00, 0x0F, 0xFE, 0x00, 0xFF, 0xE0, 0x00, 0x01, 0xFF, 0xFF,
    0xFF, 0xF0, 0x00, 0x00, 0x3F, 0xFF, 0xFF, 0xF0, 0x00, 0x00, 0x03, 0xFF, 0xFF, 0xF0, 0x00, 0x00,
    0x00, 0x3F, 0xFF, 0xE0, 0x00, 0x00, 0x00, 0x01, 0xFF, 0xC0, 0x00, 0x00, 0x00, 0x00, 0xFF, 0x00,
    0x7F, 0xFC, 0x07, 0xFF, 0xC0, 0x7F, 0xFE, 0x04, 0x07, 0xE0, 0x00, 0x3E, 0x03, 0xFB, 0xE0, 0xFF,
    0xFE, 0x1F, 0xFF, 0xE3, 0xFF, 0xFE, 0x7E, 0x0F, 0xE7, 0xC0, 0x7C, 0xF8, 0x07, 0xCF, 0x80, 0x7C,
    0xF8, 0x07, 0xCF, 0xC1, 0xFC, 0xFF, 0xFF, 0xF7, 0xFF, 0xFF, 0x3F, 0xF7, 0xE1, 0xFC, 0x10, 0x00,
    0x18, 0x01, 0x80, 0x07, 0x80, 0x78, 0x01, 0xF8, 0x1F, 0x80, 0x7F, 0x07, 0xF0, 0x0F, 0xC1, 0xFC,
    0x03, 0xF0, 0x3F, 0x00, 0xFC, 0x0F, 0xC0, 0x3F, 0x83, 0xF0, 0x0F, 0xE0, 0xFE, 0x03, 0xF8, 0x3F,
    0x80, 0x7E, 0x0F, 0xE0, 0x1F, 0x83, 0xF8, 0x07, 0xE0, 0x7E, 0x01, 0xFC, 0x1F, 0x80, 0x3F, 0x03,
    0xF0, 0x07, 0xF0, 0x7F, 0x00, 0x7E, 0x07, 0xE0, 0x0F, 0xE0, 0xFE, 0x00, 0xFC, 0x1F, 0xC0, 0x1F,
    0xC1, 0xFC, 0x01, 0xF8, 0x3F, 0x80, 0x3F, 0x83, 0xF8, 0x03, 0xF0, 0x7F, 0x00, 0x7F, 0x07, 0xE0,
    0x07, 0xE0, 0xFE, 0x00, 0xFC, 0x0F, 0xC0, 0x0F, 0x01, 0xF0, 0x01, 0x80, 0x18, 0x00, 0x7F, 0xFF,
    0xFF, 0xFF, 0xFF, 0xFF, 0xFF, 0xFF, 0xFF, 0xFF, 0xFF, 0xFF, 0xFF, 0xFF, 0xFF, 0xFF, 0xFF, 0xFF,
    0xFF, 0xFF, 0xFF, 0xFF, 0xFF, 0xFF, 0xFF, 0xFF, 0xC0, 0x00, 0x00, 0x03, 0xF0, 0x00, 0x00, 0x00,
    0x7E, 0x00, 0x00, 0x00, 0x0F, 0xC0, 0x00, 0x00, 0x01, 0xF8, 0x00, 0x00, 0x00, 0x3F, 0x00, 0x00,
    0x00, 0x0F, 0xC0, 0x00, 0x00, 0x01, 0xF8, 0x00, 0x00, 0x00, 0x3F, 0x00, 0x00, 0x00, 0x07, 0xE0,
    0x00, 0x00, 0x00, 0xFC, 0x00, 0x00, 0x00, 0xFF, 0xC0, 0x00, 0x00, 0x00, 0x03, 0xFF, 0xFF, 0x00,
    0x00, 0x00, 0x03, 0xFF, 0xFF, 0xF0, 0x00, 0x00, 0x03, 0xFF, 0xFF, 0xFF, 0x00, 0x00, 0x03, 0xFF,
    0xFF, 0xFF, 0xE0, 0x00, 0x01, 0xFF, 0xC0, 0x1F, 0xFC, 0x00, 0x01, 0xFF, 0x80, 0x00, 0xFF, 0x80,
    0x00, 0xFF, 0x80, 0x00, 0x0F, 0xF0, 0x00, 0x7F, 0x80, 0x00, 0x01, 0xFE, 0x00, 0x3F, 0x80, 0x00,
    0x00, 0x3F, 0x80, 0x1F, 0xDF, 0xFF, 0xF8, 0x07, 0xF0, 0x0F, 0xE7, 0xFF, 0xFF, 0x80, 0xFC, 0x07,
    0xF3, 0xFF, 0xFF, 0xF0, 0x3F, 0x81, 0xF8, 0xFF, 0xFF, 0xFE, 0x07, 0xE0, 0xFC, 0x07, 0xC0, 0x3F,
    0xC1, 0xF8, 0x7E, 0x01, 0xF0, 0x07, 0xF0, 0x3F, 0x1F, 0x80, 0xFC, 0x00, 0xFC, 0x0F, 0xCF, 0xC0,
    0x3F, 0x00, 0x3F, 0x03, 0xF3, 0xF0, 0x0F, 0x80, 0x0F, 0xC0, 0xFC, 0xF8, 0x03, 0xE0, 0x07, 0xE0,
    0x3F, 0x7E, 0x00, 0xF8, 0x01, 0xF8, 0x0F, 0xDF, 0x80, 0x3E, 0x01, 0xFC, 0x03, 0xF7, 0xC0, 0x1F,
    0xFF, 0xFF, 0x00, 0xFF, 0xF0, 0x07, 0xFF, 0xFF, 0x80, 0x3F, 0xFC, 0x01, 0xFF, 0xFF, 0x80, 0x0F,
    0xFF, 0x00, 0x7F, 0xFF, 0x80, 0x03, 0xFF, 0x80, 0x1F, 0xFF, 0xE0, 0x00, 0xFB, 0xE0, 0x07, 0xC1,
    0xFC, 0x00, 0x7E, 0xF8, 0x03, 0xF0, 0x3F, 0x00, 0x1F, 0xBE, 0x00, 0xFC, 0x0F, 0xE0, 0x07, 0xCF,
    0xC0, 0x3E, 0x01, 0xF8, 0x03, 0xF3, 0xF0, 0x0F, 0x80, 0x7E, 0x00, 0xF8, 0xFC, 0x03, 0xE0, 0x1F,
    0x80, 0x7E, 0x3F, 0x01, 0xF8, 0x07, 0xE0, 0x1F, 0x0F, 0xE0, 0x7E, 0x01, 0xFC, 0x0F, 0xC1, 0xF8,
    0xFF, 0xE0, 0x7F, 0xE7, 0xE0, 0x7F, 0x3F, 0xF8, 0x0F, 0xFB, 0xF8, 0x1F, 0xCF, 0xFE, 0x03, 0xFD,
    0xFC, 0x03, 0xFB, 0xFF, 0x00, 0x7F, 0xFE, 0x00, 0x7F, 0x00, 0x00, 0x00, 0x7F, 0x00, 0x1F, 0xE0,
    0x00, 0x00, 0x7F, 0x80, 0x03, 0xFC, 0x00, 0x00, 0x7F, 0xC0, 0x00, 0x7F, 0xC0, 0x00, 0x7F, 0xE0,
    0x00, 0x0F, 0xFE, 0x00, 0xFF, 0xE0, 0x00, 0x01, 0xFF, 0xFF, 0xFF, 0xF0, 0x00, 0x00, 0x3F, 0xFF,
    0xFF, 0xF0, 0x00, 0x00, 0x03, 0xFF, 0xFF, 0xF0, 0x00, 0x00, 0x00, 0x3F, 0xFF, 0xE0, 0x00, 0x00,
    0x00, 0x01, 0xFF, 0xC0, 0x00, 0x00, 0x00, 0x7F, 0xFF, 0xFE, 0xFF, 0xFF, 0xFF, 0xFF, 0xFF, 0xFF,
    0xFF, 0xFF, 0xF0, 0x00, 0xFC, 0x00, 0xFF, 0xE0, 0x3F, 0xFE, 0x0F, 0xFF, 0xE3, 0xFF, 0xFC, 0xFC,
    0x0F, 0xDF, 0x01, 0xFF, 0xC0, 0x1F, 0xF8, 0x03, 0xFF, 0x00, 0x7F, 0xE0, 0x0F, 0xFC, 0x03, 0xEF,
    0x80, 0xFD, 0xF8, 0x3F, 0x3F, 0xFF, 0xC3, 0xFF, 0xF8, 0x7F, 0xFC, 0x03, 0xFF, 0x00, 0x3F, 0x80,
    0x00, 0x00, 0x00, 0x0F, 0xC0, 0x00, 0x00, 0x00, 0x1F, 0x80, 0x00, 0x00, 0x00, 0x3F, 0x00, 0x00,
    0x00, 0x00, 0x7E, 0x00, 0x00, 0x00, 0x00, 0xFC, 0x00, 0x00, 0x00, 0x01, 0xF8, 0x00, 0x00, 0x00,
    0x07, 0xE0, 0x00, 0x00, 0x00, 0x0F, 0xC0, 0x00, 0x00, 0x00, 0x1F, 0x80, 0x00, 0x00, 0x00, 0x3F,
    0x00, 0x00, 0x00, 0x00, 0x7E, 0x00, 0x00, 0x00, 0x00, 0xFC, 0x00, 0x00, 0xFF, 0xFF, 0xFF, 0xFF,
    0xE1, 0xFF, 0xFF, 0xFF, 0xFF, 0xC3, 0xFF, 0xFF, 0xFF, 0xFF, 0x0F, 0xFF, 0xFF, 0xFF, 0xFE, 0x1F,
    0xFF, 0xFF, 0xFF, 0xFC, 0x3F, 0xFF, 0xFF, 0xFF, 0xF8, 0x00, 0x01, 0xF8, 0x00, 0x00, 0x00, 0x03,
    0xF0, 0x00, 0x00, 0x00, 0x07, 0xE0, 0x00, 0x00, 0x00, 0x0F, 0xC0, 0x00, 0x00, 0x00, 0x1F, 0x80,
    0x00, 0x00, 0x00, 0x7E, 0x00, 0x00, 0x00, 0x00, 0xFC, 0x00, 0x00, 0x00, 0x01, 0xF8, 0x00, 0x00,
    0x00, 0x03, 0xF0, 0x00, 0x00, 0x00, 0x07, 0xE0, 0x00, 0x00, 0x00, 0x0F, 0xC0, 0x00, 0x00, 0x00,
    0x3F, 0x00, 0x00, 0x00, 0x00, 0x00, 0x00, 0x00, 0x3F, 0xFF, 0xFF, 0xFF, 0xF0, 0xFF, 0xFF, 0xFF,
    0xFF, 0xE1, 0xFF, 0xFF, 0xFF, 0xFF, 0xC3, 0xFF, 0xFF, 0xFF, 0xFF, 0x87, 0xFF, 0xFF, 0xFF, 0xFF,
    0x0F, 0xFF, 0xFF, 0xFF, 0xFC, 0x00, 0x00, 0x0F, 0xE0, 0x00, 0xFF, 0xF0, 0x07, 0xFF, 0xF0, 0x1F,
    0xFF, 0xF0, 0x7F, 0xFF, 0xE0, 0xFC, 0x1F, 0xC0, 0xE0, 0x1F, 0x81, 0x00, 0x3F, 0x00, 0x00, 0x7E,
    0x00, 0x00, 0xFC, 0x00, 0x03, 0xF0, 0x00, 0x0F, 0xE0, 0x00, 0x3F, 0x80, 0x00, 0xFE, 0x00, 0x03,
    0xF8, 0x00, 0x1F, 0xE0, 0x00, 0x7F, 0x00, 0x03, 0xFC, 0x00, 0x0F, 0xE0, 0x00, 0x7F, 0x81, 0xE1,
    0xFF, 0xEF, 0xCF, 0xFF, 0xFF, 0x1F, 0xFF, 0xFE, 0x3F, 0xFF, 0xF8, 0xFF, 0xFF, 0xE1, 0xC0, 0x1E,
    0x00, 0x00, 0x7F, 0x80, 0x0F, 0xFF, 0x01, 0xFF, 0xFC, 0x3F, 0xFF, 0xF1, 0xFF, 0xFF, 0x87, 0x80,
    0xFC, 0x30, 0x07, 0xE0, 0x00, 0x3F, 0x00, 0x01, 0xF8, 0x00, 0x3F, 0x80, 0x3F, 0xFC, 0x01, 0xFF,
    0x80, 0x0F, 0xFC, 0x00, 0x7F, 0xF0, 0x07, 0xFF, 0xC0, 0x00, 0xFE, 0x00, 0x03, 0xF0, 0x00, 0x1F,
    0x80, 0x00, 0xFD, 0xC0, 0x0F, 0xEF, 0x80, 0xFE, 0x7F, 0xFF, 0xF3, 0xFF, 0xFF, 0x1F, 0xFF, 0xF0,
    0x7F, 0xFE, 0x00, 0x7F, 0x80, 0x00, 0x00, 0x3F, 0x80, 0x3F, 0x80, 0x3F, 0x80, 0x3F, 0x80, 0x1F,
    0x80, 0x1F, 0x80, 0x1F, 0x80, 0x1F, 0x80, 0x1F, 0x80, 0x1F, 0x80, 0x1F, 0x80, 0x1F, 0x80, 0x00,
    0x03, 0xE0, 0x00, 0x0F, 0xC1, 0xFE, 0x00, 0x01, 0xF8, 0xFF, 0xE0, 0x00, 0x3F, 0x3F, 0xFC, 0x00,
    0x07, 0xE3, 0xFF, 0x80, 0x01, 0xFC, 0x67, 0xF0, 0x00, 0x3F, 0x00, 0x7E, 0x00, 0x07, 0xE0, 0x1F,
    0xC0, 0x00, 0xFC, 0x03, 0xF8, 0x00, 0x1F, 0x80, 0x7E, 0x00, 0x03, 0xF0, 0x0F, 0xC0, 0x00, 0xFE,
    0x01, 0xF8, 0x00, 0x1F, 0x80, 0x7F, 0x00, 0x03, 0xF0, 0x0F, 0xE0, 0x00, 0x7E, 0x01, 0xF8, 0x00,
    0x0F, 0xC0, 0x3F, 0x00, 0x03, 0xF8, 0x07, 0xE0, 0x00, 0x7F, 0x00, 0xFC, 0x00, 0x0F, 0xC0, 0x3F,
    0x80, 0x01, 0xF8, 0x07, 0xF0, 0x00, 0x7F, 0x00, 0xFC, 0x00, 0x0F, 0xE0, 0x1F, 0x80, 0x03, 0xFC,
    0x03, 0xF0, 0x00, 0x7F, 0x00, 0x7F, 0x00, 0x1F, 0xE0, 0x1F, 0xE0, 0x07, 0xFC, 0x03, 0xFC, 0x01,
    0xFF, 0x80, 0x7F, 0xE0, 0xFF, 0xF3, 0x0F, 0xFF, 0xFF, 0xFF, 0xF1, 0xFF, 0xFF, 0xFF, 0xFE, 0x7F,
    0xFF, 0xFD, 0xFF, 0x8F, 0xFF, 0xFF, 0x3F, 0xE1, 0xFB, 0xFF, 0x83, 0xF0, 0x3F, 0x1F, 0xC0, 0x00,
    0x07, 0xE0, 0x00, 0x00, 0x00, 0xFC, 0x00, 0x00, 0x00, 0x3F, 0x00, 0x00, 0x00, 0x07, 0xE0, 0x00,
    0x00, 0x00, 0xFC, 0x00, 0x00, 0x00, 0x1F, 0x80, 0x00, 0x00, 0x03, 0xF0, 0x00, 0x00, 0x00, 0x7E,
    0x00, 0x00, 0x00, 0x1F, 0x80, 0x00, 0x00, 0x03, 0xF0, 0x00, 0x00, 0x00, 0x7E, 0x00, 0x00, 0x00,
    0x0F, 0xC0, 0x00, 0x00, 0x01, 0xF8, 0x00, 0x00, 0x00, 0x3E, 0x00, 0x00, 0x00, 0x00, 0x00, 0x00,
    0x3F, 0xFF, 0xFF, 0x80, 0x01, 0xFF, 0xFF, 0xFF, 0x80, 0x03, 0xFF, 0xFF, 0xFF, 0xC0, 0x07, 0xFF,
    0xFF, 0xFF, 0xE0, 0x07, 0xFF, 0xFF, 0xFF, 0xF0, 0x07, 0xFF, 0xF0, 0x1F, 0x80, 0x07, 0xFF, 0xF8,
    0x0F, 0xC0, 0x07, 0xFF, 0xFC, 0x0F, 0xC0, 0x07, 0xFF, 0xFE, 0x07, 0xE0, 0x07, 0xFF, 0xFF, 0x03,
    0xF0, 0x03, 0xFF, 0xFF, 0x81, 0xF8, 0x03, 0xFF, 0xFF, 0x80, 0xFC, 0x01, 0xFF, 0xFF, 0xC0, 0x7E,
    0x01, 0xFF, 0xFF, 0xE0, 0x7E, 0x00, 0xFF, 0xFF, 0xF0, 0x3F, 0x00, 0xFF, 0xFF, 0xF8, 0x1F, 0x80,
    0x7F, 0xFF, 0xFC, 0x0F, 0xC0, 0x3F, 0xFF, 0xFC, 0x07, 0xE0, 0x3F, 0xFF, 0xFE, 0x07, 0xF0, 0x1F,
    0xFF, 0xFF, 0x03, 0xF0, 0x0F, 0xFF, 0xFF, 0x81, 0xF8, 0x07, 0xFF, 0xFF, 0xC0, 0xFC, 0x03, 0xFF,
    0xFF, 0xC0, 0x7E, 0x01, 0xFF, 0xFF, 0xE0, 0x3F, 0x00, 0xFF, 0xFF, 0xF0, 0x3F, 0x00, 0x7F, 0xFF,
    0xF8, 0x1F, 0x80, 0x3F, 0xFF, 0xFC, 0x0F, 0xC0, 0x1F, 0xFF, 0xFE, 0x07, 0xE0, 0x0F, 0xFF, 0xFE,
    0x03, 0xF0, 0x07, 0xFF, 0xFF, 0x01, 0xF8, 0x03, 0xFF, 0xFF, 0x81, 0xF8, 0x00, 0xFF, 0xFF, 0xC0,
    0xFC, 0x00, 0x7F, 0xFF, 0xE0, 0x7E, 0x00, 0x1F, 0xFF, 0xF0, 0x3F, 0x00, 0x0F, 0xFF, 0xF0, 0x1F,
    0x80, 0x03, 0xFF, 0xF8, 0x1F, 0xC0, 0x00, 0xFF, 0xFC, 0x0F, 0xC0, 0x00, 0x3F, 0xFE, 0x07, 0xE0,
    0x00, 0x07, 0xFF, 0x03, 0xF0, 0x00, 0x00, 0x7F, 0x01, 0xF8, 0x00, 0x00, 0x1F, 0x80, 0xFC, 0x00,
    0x00, 0x0F, 0xC0, 0xFE, 0x00, 0x00, 0x07, 0xE0, 0x7E, 0x00, 0x00, 0x03, 0xF0, 0x3F, 0x00, 0x00,
    0x01, 0xF8, 0x1F, 0x80, 0x00, 0x01, 0xF8, 0x0F, 0xC0, 0x00, 0x00, 0xFC, 0x07, 0xE0, 0x00, 0x00,
    0x7E, 0x07, 0xE0, 0x00, 0x00, 0x3F, 0x03, 0xF0, 0x00, 0x00, 0x1F, 0x81, 0xF8, 0x00, 0x00, 0x0F,
    0xC0, 0xFC, 0x40, 0x00, 0x0F, 0xC0, 0x7F, 0xF0, 0x00, 0x07, 0xE0, 0x3F, 0xF8, 0x00, 0x03, 0xF0,
    0x1F, 0xFC, 0x00, 0x01, 0xF8, 0x0F, 0xFC, 0x00, 0x00, 0xFC, 0x03, 0xF8, 0x00, 0x00, 0x7E, 0x00,
    0x00, 0x00, 0x00, 0x7F, 0x70, 0x00, 0x00, 0x00, 0x3F, 0xF8, 0x00, 0x00, 0x00, 0x1F, 0xFE, 0x00,
    0x00, 0x00, 0x0F, 0xFE, 0x00, 0x00, 0x00, 0x03, 0xFE, 0x00, 0x00, 0x00, 0x00, 0xFC, 0x00, 0x00,
    0x00, 0x1C, 0x7E, 0xFF, 0xFF, 0xFF, 0xFE, 0xFE, 0x78, 0x00, 0xF8, 0x01, 0xF0, 0x03, 0xE0, 0x07,
    0xF8, 0x0F, 0xFE, 0x0F, 0xFF, 0x1F, 0xFF, 0x04, 0x1F, 0x00, 0x1F, 0xF0, 0x3F, 0xFF, 0xFE, 0xFF,
    0xFE, 0xFF, 0xF8, 0x3F, 0xE0, 0x00, 0x30, 0x3F, 0x1F, 0xF1, 0xFF, 0x1F, 0xF1, 0xFF, 0x03, 0xE0,
    0x3E, 0x03, 0xE0, 0x3E, 0x07, 0xE0, 0x7E, 0x07, 0xC0, 0x7C, 0x07, 0xC0, 0x7C, 0x0F, 0xC0, 0xF8,
    0x0F, 0x80, 0xF8, 0x0F, 0x8F, 0xFF, 0xFF, 0xFF, 0xFF, 0xFF, 0xE0, 0x00, 0x7F, 0x00, 0x1F, 0xFE,
    0x01, 0xFF, 0xF8, 0x1F, 0xFF, 0xE1, 0xF8, 0x3F, 0x9F, 0x80, 0xFC, 0xF8, 0x03, 0xEF, 0xC0, 0x1F,
    0x7C, 0x00, 0xFB, 0xE0, 0x07, 0xFF, 0x00, 0x3F, 0xF8, 0x01, 0xFF, 0xC0, 0x1F, 0x7E, 0x00, 0xF9,
    0xF0, 0x0F, 0x8F, 0xC1, 0xFC, 0x7F, 0xFF, 0xC1, 0xFF, 0xFC, 0x07, 0xFF, 0x80, 0x0F, 0xF0, 0x00,
    0x01, 0x80, 0x18, 0x00, 0xF0, 0x0F, 0x00, 0x3F, 0x03, 0xF0, 0x07, 0xE0, 0x7E, 0x00, 0xFE, 0x0F,
    0xE0, 0x0F, 0xC0, 0xFC, 0x01, 0xFC, 0x1F, 0xC0, 0x1F, 0x81, 0xF8, 0x03, 0xF8, 0x3F, 0x80, 0x3F,
    0x03, 0xF0, 0x07, 0xF0, 0x7F, 0x00, 0x7E, 0x07, 0xE0, 0x0F, 0xE0, 0xFE, 0x00, 0xFC, 0x1F, 0xC0,
    0x1F, 0x83, 0xF8, 0x07, 0xE0, 0x7E, 0x01, 0xFC, 0x1F, 0x80, 0x7F, 0x07, 0xF0, 0x1F, 0xC1, 0xFC,
    0x07, 0xF0, 0x7F, 0x00, 0xFC, 0x1F, 0xC0, 0x3F, 0x03, 0xF0, 0x0F, 0xE0, 0xFC, 0x03, 0xF8, 0x3F,
    0x00, 0xFE, 0x0F, 0xE0, 0x1F, 0x83, 0xF8, 0x01, 0xE0, 0x3E, 0x00, 0x18, 0x01, 0x80, 0x00, 0x00,
    0x00, 0x00, 0x00, 0x00, 0x03, 0x80, 0x0F, 0x00, 0x00, 0x00, 0x00, 0xF8, 0x3F, 0xE0, 0x00, 0x00,
    0x00, 0x3F, 0x8F, 0xFC, 0x00, 0x00, 0x00, 0x0F, 0xE1, 0xFF, 0x80, 0x00, 0x00, 0x03, 0xF8, 0x3F,
    0xF0, 0x00, 0x00, 0x00, 0xFE, 0x07, 0x7C, 0x00, 0x00, 0x00, 0x1F, 0x80, 0x0F, 0x80, 0x00, 0x00,
    0x07, 0xE0, 0x03, 0xF0, 0x00, 0x00, 0x01, 0xFC, 0x00, 0x7E, 0x00, 0x00, 0x00, 0x7F, 0x00, 0x0F,
    0xC0, 0x00, 0x00, 0x1F, 0xC0, 0x01, 0xF8, 0x00, 0x00, 0x07, 0xF0, 0x00, 0x3E, 0x00, 0x00, 0x01,
    0xFC, 0x00, 0x07, 0xC0, 0x00, 0x00, 0x7F, 0x00, 0x01, 0xF8, 0x00, 0x00, 0x1F, 0xC0, 0x00, 0x3F,
    0x00, 0x00, 0x07, 0xF0, 0x00, 0x07, 0xE0, 0x00, 0x01, 0xFC, 0x00, 0x00, 0xFC, 0x00, 0x00, 0x7F,
    0x00, 0x00, 0x1F, 0x00, 0x00, 0x1F, 0xC0, 0x00, 0x03, 0xE0, 0x00, 0x07, 0xF0, 0x00, 0x00, 0xFC,
    0x00, 0x01, 0xFC, 0x00, 0x00, 0x1F, 0x80, 0x00, 0x7F, 0x00, 0x00, 0x3F, 0xFE, 0x00, 0x1F, 0xC0,
    0x00, 0x07, 0xFF, 0xC0, 0x07, 0xF0, 0x00, 0x00, 0xFF, 0xF8, 0x00, 0xFC, 0x00, 0x3F, 0x9F, 0xFF,
    0x00, 0x3F, 0x00, 0x0F, 0xF3, 0xFF, 0xE0, 0x0F, 0xE0, 0x03, 0xFE, 0x00, 0x00, 0x03, 0xF8, 0x00,
    0xFF, 0xC0, 0x00, 0x00, 0xFE, 0x00, 0x3F, 0xF8, 0x00, 0x00, 0x3F, 0x80, 0x0F, 0xFF, 0x00, 0x00,
    0x0F, 0xE0, 0x03, 0xF7, 0xC0, 0x00, 0x03, 0xF8, 0x00, 0xFC, 0xF8, 0x00, 0x00, 0xFE, 0x00, 0x3F,
    0x3F, 0x00, 0x00, 0x3F, 0x80, 0x07, 0xC7, 0xE0, 0x00, 0x0F, 0xE0, 0x01, 0xF0, 0xFC, 0x00, 0x03,
    0xF8, 0x00, 0x7C, 0x1F, 0x00, 0x00, 0xFE, 0x00, 0x1F, 0x03, 0xE0, 0x00, 0x3F, 0x80, 0x07, 0xC0,
    0x7C, 0x00, 0x0F, 0xE0, 0x01, 0xF8, 0x1F, 0x80, 0x03, 0xF8, 0x00, 0x7F, 0xFF, 0xFE, 0x00, 0xFE,
    0x00, 0x0F, 0xFF, 0xFF, 0xC0, 0x3F, 0x80, 0x01, 0xFF, 0xFF, 0xF8, 0x07, 0xE0, 0x00, 0x3F, 0xFF,
    0xFF, 0x01, 0xF8, 0x00, 0x07, 0xFF, 0xFF, 0xE0, 0x7E, 0x00, 0x00, 0x00, 0x0F, 0xC0, 0x1F, 0xC0,
    0x00, 0x00, 0x0F, 0xFE, 0x07, 0xF0, 0x00, 0x00, 0x01, 0xFF, 0xE1, 0xFC, 0x00, 0x00, 0x00, 0x3F,
    0xF8, 0x7F, 0x00, 0x00, 0x00, 0x07, 0xFF, 0x03, 0xC0, 0x00, 0x00, 0x00, 0x00, 0x00, 0x30, 0x00,
    0x00, 0x00, 0x00, 0x00, 0x00, 0x00, 0x00, 0x00, 0x00, 0x00, 0x04, 0x00, 0x00, 0x00, 0x00, 0x00,
    0x00, 0x70, 0x00, 0x3C, 0x00, 0x00, 0x00, 0x0F, 0x80, 0x7F, 0xC0, 0x00, 0x00, 0x01, 0xFC, 0x0F,
    0xFC, 0x00, 0x00, 0x00, 0x3F, 0x80, 0xFF, 0xC0, 0x00, 0x00, 0x07, 0xF0, 0x0F, 0xFC, 0x00, 0x00,
    0x00, 0xFE, 0x00, 0xEF, 0x80, 0x00, 0x00, 0x1F, 0xC0, 0x00, 0xF8, 0x00, 0x00, 0x03, 0xF8, 0x00,
    0x1F, 0x80, 0x00, 0x00, 0x7F, 0x00, 0x01, 0xF8, 0x00, 0x00, 0x0F, 0xE0, 0x00, 0x1F, 0x80, 0x00,
    0x01, 0xFC, 0x00, 0x01, 0xF8, 0x00, 0x00, 0x3F, 0x80, 0x00, 0x1F, 0x00, 0x00, 0x07, 0xF0, 0x00,
    0x01, 0xF0, 0x00, 0x00, 0x7E, 0x00, 0x00, 0x3F, 0x00, 0x00, 0x0F, 0xC0, 0x00, 0x03, 0xF0, 0x00,
    0x01, 0xFC, 0x00, 0x00, 0x3F, 0x00, 0x00, 0x3F, 0x80, 0x00, 0x03, 0xF0, 0x00, 0x07, 0xF0, 0x00,
    0x00, 0x3E, 0x00, 0x00, 0xFE, 0x00, 0x00, 0x03, 0xE0, 0x00, 0x1F, 0xC0, 0x00, 0x00, 0x7E, 0x00,
    0x03, 0xF8, 0x00, 0x00, 0x07, 0xE0, 0x00, 0x7F, 0x00, 0x00, 0x07, 0xFF, 0xC0, 0x0F, 0xE0, 0x00,
    0x00, 0x7F, 0xFC, 0x01, 0xFC, 0x00, 0xFF, 0x07, 0xFF, 0xC0, 0x3F, 0x80, 0x3F, 0xFC, 0x7F, 0xFC,
    0x07, 0xF0, 0x0F, 0xFF, 0xE7, 0xFF, 0xC0, 0xFE, 0x03, 0xFF, 0xFF, 0x00, 0x00, 0x1F, 0xC0, 0x7F,
    0xFF, 0xF0, 0x00, 0x03, 0xF8, 0x03, 0xF0, 0x7F, 0x00, 0x00, 0x7F, 0x00, 0x38, 0x03, 0xF0, 0x00,
    0x0F, 0xE0, 0x01, 0x00, 0x3F, 0x00, 0x00, 0xFC, 0x00, 0x00, 0x03, 0xF0, 0x00, 0x1F, 0x80, 0x00,
    0x00, 0x3F, 0x00, 0x03, 0xF8, 0x00, 0x00, 0x07, 0xE0, 0x00, 0x7F, 0x00, 0x00, 0x00, 0xFE, 0x00,
    0x0F, 0xE0, 0x00, 0x00, 0x1F, 0xC0, 0x01, 0xFC, 0x00, 0x00, 0x03, 0xF8, 0x00, 0x3F, 0x80, 0x00,
    0x00, 0xFF, 0x00, 0x07, 0xF0, 0x00, 0x00, 0x1F, 0xE0, 0x00, 0xFE, 0x00, 0x00, 0x07, 0xF8, 0x00,
    0x1F, 0xC0, 0x00, 0x00, 0xFF, 0x00, 0x03, 0xF8, 0x00, 0x00, 0x3F, 0xC0, 0x00, 0x7F, 0x00, 0x00,
    0x07, 0xF8, 0x1E, 0x0F, 0xE0, 0x00, 0x01, 0xFF, 0xE3, 0xE1, 0xFC, 0x00, 0x00, 0x3F, 0xFF, 0xFC,
    0x3F, 0x80, 0x00, 0x07, 0xFF, 0xFF, 0xC7, 0xF0, 0x00, 0x00, 0x7F, 0xFF, 0xF8, 0xFE, 0x00, 0x00,
    0x07, 0xFF, 0xFF, 0x0F, 0xC0, 0x00, 0x00, 0xFE, 0x7F, 0xC0, 0x38, 0x00, 0x00, 0x00, 0x00, 0x00,
    0x01, 0x00, 0x00, 0x00, 0x00, 0x00, 0x00, 0x00, 0x00, 0x00, 0x00, 0x00, 0x00, 0x38, 0x00, 0x7F,
    0x80, 0x00, 0x00, 0x00, 0xF8, 0x03, 0xFF, 0xC0, 0x00, 0x00, 0x03, 0xF8, 0x1F, 0xFF, 0xE0, 0x00,
    0x00, 0x0F, 0xE0, 0xFF, 0xFF, 0xC0, 0x00, 0x00, 0x3F, 0x81, 0xFF, 0xFF, 0xC0, 0x00, 0x00, 0x7F,
    0x03, 0xF0, 0x7F, 0x80, 0x00, 0x01, 0xFC, 0x03, 0x00, 0x7F, 0x00, 0x00, 0x07, 0xF0, 0x00, 0x00,
    0xFC, 0x00, 0x00, 0x1F, 0xC0, 0x00, 0x01, 0xF8, 0x00, 0x00, 0x7F, 0x00, 0x00, 0x07, 0xF0, 0x00,
    0x01, 0xFC, 0x00, 0x03, 0xFF, 0xC0, 0x00, 0x07, 0xF0, 0x00, 0x07, 0xFF, 0x00, 0x00, 0x1F, 0xC0,
    0x00, 0x0F, 0xFC, 0x00, 0x00, 0x7F, 0x00, 0x00, 0x3F, 0xFC, 0x00, 0x01, 0xFC, 0x00, 0x00, 0x7F,
    0xFC, 0x00, 0x07, 0xF0, 0x00, 0x00, 0x03, 0xF8, 0x00, 0x1F, 0xC0, 0x00, 0x00, 0x03, 0xF0, 0x00,
    0x7F, 0x00, 0x00, 0x00, 0x07, 0xE0, 0x01, 0xFC, 0x00, 0x00, 0x00, 0x0F, 0xC0, 0x07, 0xF0, 0x00,
    0x06, 0x00, 0x3F, 0x80, 0x1F, 0xC0, 0x00, 0x0F, 0x80, 0xFF, 0x00, 0x7F, 0x00, 0x00, 0x3F, 0xFF,
    0xFC, 0x01, 0xFC, 0x00, 0x00, 0x7F, 0xFF, 0xF0, 0x03, 0xF0, 0x00, 0x00, 0xFF, 0xFF, 0xC0, 0x0F,
    0xE0, 0x03, 0xFC, 0x7F, 0xFE, 0x00, 0x3F, 0x80, 0x0F, 0xF0, 0x1F, 0xE0, 0x00, 0xFE, 0x00, 0x3F,
    0xE0, 0x00, 0x00, 0x03, 0xF8, 0x00, 0xFF, 0xC0, 0x00, 0x00, 0x0F, 0xE0, 0x03, 0xFF, 0x80, 0x00,
    0x00, 0x3F, 0x80, 0x0F, 0xFF, 0x00, 0x00, 0x00, 0xFE, 0x00, 0x3F, 0x7E, 0x00, 0x00, 0x03, 0xF8,
    0x00, 0xFC, 0xF8, 0x00, 0x00, 0x0F, 0xE0, 0x01, 0xF3, 0xF0, 0x00, 0x00, 0x3F, 0x80, 0x07, 0xC7,
    0xE0, 0x00, 0x00, 0xFE, 0x00, 0x1F, 0x0F, 0xC0, 0x00, 0x03, 0xF8, 0x00, 0x7C, 0x1F, 0x80, 0x00,
    0x0F, 0xE0, 0x01, 0xF0, 0x3E, 0x00, 0x00, 0x3F, 0x80, 0x07, 0xE0, 0x7C, 0x00, 0x00, 0xFE, 0x00,
    0x1F, 0x81, 0xF8, 0x00, 0x03, 0xF8, 0x00, 0x7F, 0xFF, 0xFE, 0x00, 0x0F, 0xE0, 0x00, 0xFF, 0xFF,
    0xFC, 0x00, 0x3F, 0x80, 0x01, 0xFF, 0xFF, 0xF8, 0x00, 0x7E, 0x00, 0x03, 0xFF, 0xFF, 0xF0, 0x01,
    0xFC, 0x00, 0x07, 0xFF, 0xFF, 0xE0, 0x07, 0xF0, 0x00, 0x00, 0x00, 0xFC, 0x00, 0x1F, 0xC0, 0x00,
    0x00, 0x07, 0xFF, 0x00, 0x7F, 0x00, 0x00, 0x00, 0x1F, 0xFE, 0x01, 0xFC, 0x00, 0x00, 0x00, 0x3F,
    0xF8, 0x07, 0xF0, 0x00, 0x00, 0x00, 0x7F, 0xF0, 0x03, 0xC0, 0x00, 0x00, 0x00, 0x00, 0x00, 0x03,
    0x00, 0x00, 0x00, 0x00, 0x00, 0x00, 0x00, 0x00, 0x3C, 0x00, 0x00, 0x3F, 0x80, 0x00, 0x1F, 0xE0,
    0x00, 0x07, 0xF8, 0x00, 0x01, 0xFE, 0x00, 0x00, 0xFF, 0x80, 0x00, 0x1F, 0xE0, 0x00, 0x07, 0xF0,
    0x00, 0x00, 0xF0, 0x00, 0x00, 0x00, 0x00, 0x00, 0x00, 0x00, 0x00, 0x00, 0x00, 0x00, 0x01, 0xF0,
    0x00, 0x00, 0xFC, 0x00, 0x00, 0x3F, 0x00, 0x00, 0x0F, 0xC0, 0x00, 0x03, 0xF0, 0x00, 0x01, 0xFC,
    0x00, 0x00, 0x7E, 0x00, 0x00, 0x3F, 0x80, 0x00, 0x0F, 0xE0, 0x00, 0x07, 0xF0, 0x00, 0x03, 0xF8,
    0x00, 0x03, 0xFE, 0x00, 0x01, 0xFF, 0x00, 0x00, 0xFF, 0x80, 0x00, 0x7F, 0x80, 0x00, 0x3F, 0xC0,
    0x00, 0x1F, 0xE0, 0x00, 0x07, 0xF0, 0x00, 0x03, 0xF8, 0x00, 0x01, 0xFC, 0x00, 0x00, 0x7F, 0x00,
    0x00, 0x1F, 0x80, 0x00, 0x0F, 0xE0, 0x00, 0x03, 0xF0, 0x00, 0x00, 0xFC, 0x00, 0x00, 0x3F, 0x00,
    0x00, 0x8F, 0xE0, 0x00, 0x33, 0xF8, 0x00, 0x3E, 0xFF, 0x00, 0x1F, 0xFF, 0xE0, 0x3F, 0xE7, 0xFF,
    0xFF, 0xF1, 0xFF, 0xFF, 0xF8, 0x3F, 0xFF, 0xFC, 0x07, 0xFF, 0xFC, 0x00, 0xFF, 0xFC, 0x00, 0x07,
    0xFC, 0x00, 0x00, 0x00, 0x08, 0x00, 0x00, 0x00, 0x00, 0x00, 0xFE, 0x00, 0x00, 0x00, 0x00, 0x07,
    0xFF, 0x00, 0x00, 0x00, 0x00, 0x3F, 0xFF, 0xC0, 0x00, 0x00, 0x01, 0xFF, 0xFF, 0xF0, 0x00, 0x00,
    0x0F, 0xFF, 0xFF, 0x80, 0x00, 0x00, 0x3F, 0xFF, 0xFC, 0x00, 0x00, 0x00, 0x07, 0xFF, 0xE0, 0x00,
    0x00, 0x00, 0x00, 0xFF, 0x00, 0x00, 0x00, 0x00, 0x00, 0x10, 0x00, 0x00, 0x00, 0x00, 0x00, 0x00,
    0x00, 0x00, 0x00, 0x00, 0x00, 0x00, 0x00, 0x00, 0x01, 0xFC, 0x00, 0x00, 0x00, 0x00, 0x0F, 0xE0,
    0x00, 0x00, 0x00, 0x00, 0xFF, 0x00, 0x00, 0x00, 0x00, 0x07, 0xFC, 0x00, 0x00, 0x00, 0x00, 0x7F,
    0xE0, 0x00, 0x00, 0x00, 0x03, 0xFF, 0x00, 0x00, 0x00, 0x00, 0x3F, 0xF8, 0x00, 0x00, 0x00, 0x01,
    0xFF, 0xC0, 0x00, 0x00, 0x00, 0x1F, 0xFE, 0x00, 0x00, 0x00, 0x01, 0xFB, 0xF8, 0x00, 0x00, 0x00,
    0x0F, 0xDF, 0xC0, 0x00, 0x00, 0x00, 0xFC, 0xFE, 0x00, 0x00, 0x00, 0x07, 0xE7, 0xF0, 0x00, 0x00,
    0x00, 0x7E, 0x1F, 0x80, 0x00, 0x00, 0x03, 0xF0, 0xFC, 0x00, 0x00, 0x00, 0x3F, 0x07, 0xF0, 0x00,
    0x00, 0x01, 0xF0, 0x3F, 0x80, 0x00, 0x00, 0x1F, 0x81, 0xFC, 0x00, 0x00, 0x00, 0xF8, 0x0F, 0xE0,
    0x00, 0x00, 0x0F, 0xC0, 0x7F, 0x00, 0x00, 0x00, 0xFC, 0x01, 0xF8, 0x00, 0x00, 0x07, 0xE0, 0x0F,
    0xE0, 0x00, 0x00, 0x7E, 0x00, 0x7F, 0x00, 0x00, 0x03, 0xF0, 0x03, 0xF8, 0x00, 0x00, 0x3F, 0x00,
    0x1F, 0xC0, 0x00, 0x01, 0xFF, 0xFF, 0xFE, 0x00, 0x00, 0x1F, 0xFF, 0xFF, 0xF0, 0x00, 0x00, 0xFF,
    0xFF, 0xFF, 0x80, 0x00, 0x0F, 0xFF, 0xFF, 0xFE, 0x00, 0x00, 0x7F, 0xFF, 0xFF, 0xF0, 0x00, 0x07,
    0xFF, 0xFF, 0xFF, 0x80, 0x00, 0x7F, 0x00, 0x01, 0xFC, 0x00, 0x03, 0xF0, 0x00, 0x0F, 0xE0, 0x00,
    0x3F, 0x00, 0x00, 0x3F, 0x00, 0x01, 0xF8, 0x00, 0x01, 0xFC, 0x00, 0x1F, 0x80, 0x00, 0x0F, 0xE0,
    0x00, 0xFC, 0x00, 0x00, 0x7F, 0x00, 0x0F, 0xC0, 0x00, 0x03, 0xF8, 0x00, 0x7E, 0x00, 0x00, 0x1F,
    0xC0, 0x07, 0xE0, 0x00, 0x00, 0xFE, 0x00, 0x3F, 0x00, 0x00, 0x03, 0xF8, 0x03, 0xF0, 0x00, 0x00,
    0x1F, 0xC1, 0xFF, 0x80, 0x00, 0x00, 0xFF, 0xEF, 0xF8, 0x00, 0x00, 0x07, 0xFF, 0xFF, 0xC0, 0x00,
    0x00, 0x3F, 0xF7, 0xFC, 0x00, 0x00, 0x01, 0xFF, 0xBF, 0xE0, 0x00, 0x00, 0x07, 0xFC, 0x00, 0x00,
    0x00, 0x00, 0x00, 0x10, 0x00, 0x00, 0x00, 0x00, 0x1F, 0x80, 0x00, 0x00, 0x00, 0x1F, 0xFC, 0x00,
    0x00, 0x00, 0x1F, 0xFF, 0xE0, 0x00, 0x00, 0x1F, 0xFF, 0xFF, 0x00, 0x00, 0x01, 0xFF, 0xFF, 0xF8,
    0x00, 0x00, 0x0F, 0xFF, 0xFF, 0x00, 0x00, 0x00, 0x7F, 0xFE, 0x00, 0x00, 0x00, 0x07, 0xF8, 0x00,
    0x00, 0x00, 0x00, 0x10, 0x00, 0x00, 0x00, 0x00, 0x00, 0x00, 0x00, 0x00, 0x00, 0x00, 0x00, 0x00,
    0x00, 0x00, 0x00, 0x00, 0x01, 0xFC, 0x00, 0x00, 0x00, 0x00, 0x0F, 0xE0, 0x00, 0x00, 0x00, 0x00,
    0xFF, 0x00, 0x00, 0x00, 0x00, 0x07, 0xFC, 0x00, 0x00, 0x00, 0x00, 0x7F, 0xE0, 0x00, 0x00, 0x00,
    0x03, 0xFF, 0x00, 0x00, 0x00, 0x00, 0x3F, 0xF8, 0x00, 0x00, 0x00, 0x01, 0xFF, 0xC0, 0x00, 0x00,
    0x00, 0x1F, 0xFE, 0x00, 0x00, 0x00, 0x01, 0xFB, 0xF8, 0x00, 0x00, 0x00, 0x0F, 0xDF, 0xC0, 0x00,
    0x00, 0x00, 0xFC, 0xFE, 0x00, 0x00, 0x00, 0x07, 0xE7, 0xF0, 0x00, 0x00, 0x00, 0x7E, 0x1F, 0x80,
    0x00, 0x00, 0x03, 0xF0, 0xFC, 0x00, 0x00, 0x00, 0x3F, 0x07, 0xF0, 0x00, 0x00, 0x01, 0xF0, 0x3F,
    0x80, 0x00, 0x00, 0x1F, 0x81, 0xFC, 0x00, 0x00, 0x00, 0xF8, 0x0F, 0xE0, 0x00, 0x00, 0x0F, 0xC0,
    0x7F, 0x00, 0x00, 0x00, 0xFC, 0x01, 0xF8, 0x00, 0x00, 0x07, 0xE0, 0x0F, 0xE0, 0x00, 0x00, 0x7E,
    0x00, 0x7F, 0x00, 0x00, 0x03, 0xF0, 0x03, 0xF8, 0x00, 0x00, 0x3F, 0x00, 0x1F, 0xC0, 0x00, 0x01,
    0xFF, 0xFF, 0xFE, 0x00, 0x00, 0x1F, 0xFF, 0xFF, 0xF0, 0x00, 0x00, 0xFF, 0xFF, 0xFF, 0x80, 0x00,
    0x0F, 0xFF, 0xFF, 0xFE, 0x00, 0x00, 0x7F, 0xFF, 0xFF, 0xF0, 0x00, 0x07, 0xFF, 0xFF, 0xFF, 0x80,
    0x00, 0x7F, 0x00, 0x01, 0xFC, 0x00, 0x03, 0xF0, 0x00, 0x0F, 0xE0, 0x00, 0x3F, 0x00, 0x00, 0x3F,
    0x00, 0x01, 0xF8, 0x00, 0x01, 0xFC, 0x00, 0x1F, 0x80, 0x00, 0x0F, 0xE0, 0x00, 0xFC, 0x00, 0x00,
    0x7F, 0x00, 0x0F, 0xC0, 0x00, 0x03, 0xF8, 0x00, 0x7E, 0x00, 0x00, 0x1F, 0xC0, 0x07, 0xE0, 0x00,
    0x00, 0xFE, 0x00, 0x3F, 0x00, 0x00, 0x03, 0xF8, 0x03, 0xF0, 0x00, 0x00, 0x1F, 0xC1, 0xFF, 0x80,
    0x00, 0x00, 0xFF, 0xEF, 0xF8, 0x00, 0x00, 0x07, 0xFF, 0xFF, 0xC0, 0x00, 0x00, 0x3F, 0xF7, 0xFC,
    0x00, 0x00, 0x01, 0xFF, 0xBF, 0xE0, 0x00, 0x00, 0x07, 0xFC, 0x00, 0x00, 0x00, 0x01, 0xC0, 0x00,
    0x00, 0x00, 0x00, 0x3F, 0x80, 0x00, 0x00, 0x00, 0x0F, 0xFF, 0x00, 0x00, 0x00, 0x01, 0xFF, 0xFF,
    0x00, 0x00, 0x00, 0x7F, 0xFF, 0xFE, 0x00, 0x00, 0x0F, 0xFF, 0xFF, 0xFC, 0x00, 0x00, 0xFF, 0xF1,
    0xFF, 0xE0, 0x00, 0x07, 0xFC, 0x01, 0xFF, 0x00, 0x00, 0x3F, 0x00, 0x01, 0xF8, 0x00, 0x01, 0xC0,
    0x00, 0x03, 0xC0, 0x00, 0x00, 0x00, 0x00, 0x00, 0x00, 0x00, 0x00, 0x00, 0x00, 0x00, 0x00, 0x00,
    0x00, 0x00, 0x00, 0x00, 0x00, 0x00, 0x0F, 0xE0, 0x00, 0x00, 0x00, 0x00, 0x7F, 0x00, 0x00, 0x00,
    0x00, 0x07, 0xF8, 0x00, 0x00, 0x00, 0x00, 0x3F, 0xE0, 0x00, 0x00, 0x00, 0x03, 0xFF, 0x00, 0x00,
    0x00, 0x00, 0x1F, 0xF8, 0x00, 0x00, 0x00, 0x01, 0xFF, 0xC0, 0x00, 0x00, 0x00, 0x0F, 0xFE, 0x00,
    0x00, 0x00, 0x00, 0xFF, 0xF0, 0x00, 0x00, 0x00, 0x0F, 0xDF, 0xC0, 0x00, 0x00, 0x00, 0x7E, 0xFE,
    0x00, 0x00, 0x00, 0x07, 0xE7, 0xF0, 0x00, 0x00, 0x00, 0x3F, 0x3F, 0x80, 0x00, 0x00, 0x03, 0xF0,
    0xFC, 0x00, 0x00, 0x00, 0x1F, 0x87, 0xE0, 0x00, 0x00, 0x01, 0xF8, 0x3F, 0x80, 0x00, 0x00, 0x0F,
    0x81, 0xFC, 0x00, 0x00, 0x00, 0xFC, 0x0F, 0xE0, 0x00, 0x00, 0x07, 0xC0, 0x7F, 0x00, 0x00, 0x00,
    0x7E, 0x03, 0xF8, 0x00, 0x00, 0x07, 0xE0, 0x0F, 0xC0, 0x00, 0x00, 0x3F, 0x00, 0x7F, 0x00, 0x00,
    0x03, 0xF0, 0x03, 0xF8, 0x00, 0x00, 0x1F, 0x80, 0x1F, 0xC0, 0x00, 0x01, 0xF8, 0x00, 0xFE, 0x00,
    0x00, 0x0F, 0xFF, 0xFF, 0xF0, 0x00, 0x00, 0xFF, 0xFF, 0xFF, 0x80, 0x00, 0x07, 0xFF, 0xFF, 0xFC,
    0x00, 0x00, 0x7F, 0xFF, 0xFF, 0xF0, 0x00, 0x03, 0xFF, 0xFF, 0xFF, 0x80, 0x00, 0x3F, 0xFF, 0xFF,
    0xFC, 0x00, 0x03, 0xF8, 0x00, 0x0F, 0xE0, 0x00, 0x1F, 0x80, 0x00, 0x7F, 0x00, 0x01, 0xF8, 0x00,
    0x01, 0xF8, 0x00, 0x0F, 0xC0, 0x00, 0x0F, 0xE0, 0x00, 0xFC, 0x00, 0x00, 0x7F, 0x00, 0x07, 0xE0,
    0x00, 0x03, 0xF8, 0x00, 0x7E, 0x00, 0x00, 0x1F, 0xC0, 0x03, 0xF0, 0x00, 0x00, 0xFE, 0x00, 0x3F,
    0x00, 0x00, 0x07, 0xF0, 0x01, 0xF8, 0x00, 0x00, 0x1F, 0xC0, 0x1F, 0x80, 0x00, 0x00, 0xFE, 0x0F,
    0xFC, 0x00, 0x00, 0x07, 0xFF, 0x7F, 0xC0, 0x00, 0x00, 0x3F, 0xFF, 0xFE, 0x00, 0x00, 0x01, 0xFF,
    0xBF, 0xE0, 0x00, 0x00, 0x0F, 0xFD, 0xFF, 0x00, 0x00, 0x00, 0x3F, 0xE0, 0x00, 0x00, 0x00, 0x00,
    0x00, 0x78, 0x00, 0x00, 0x07, 0xF0, 0x07, 0xC0, 0x00, 0x00, 0xFF, 0xF0, 0x7E, 0x00, 0x00, 0x0F,
    0xFF, 0xFF, 0xE0, 0x00, 0x00, 0xFF, 0xFF, 0xFF, 0x00, 0x00, 0x0F, 0xFF, 0xFF, 0xF0, 0x00, 0x00,
    0x7E, 0xFF, 0xFF, 0x00, 0x00, 0x07, 0xC0, 0x3F, 0xF0, 0x00, 0x00, 0x3E, 0x00, 0x18, 0x00, 0x00,
    0x01, 0xE0, 0x00, 0x00, 0x00, 0x00, 0x00, 0x00, 0x00, 0x00, 0x00, 0x00, 0x00, 0x00, 0x00, 0x00,
    0x00, 0x00, 0x01, 0xFC, 0x00, 0x00, 0x00, 0x00, 0x0F, 0xE0, 0x00, 0x00, 0x00, 0x00, 0xFF, 0x00,
    0x00, 0x00, 0x00, 0x07, 0xFC, 0x00, 0x00, 0x00, 0x00, 0x7F, 0xE0, 0x00, 0x00, 0x00, 0x03, 0xFF,
    0x00, 0x00, 0x00, 0x00, 0x3F, 0xF8, 0x00, 0x00, 0x00, 0x01, 0xFF, 0xC0, 0x00, 0x00, 0x00, 0x1F,
    0xFE, 0x00, 0x00, 0x00, 0x01, 0xFB, 0xF8, 0x00, 0x00, 0x00, 0x0F, 0xDF, 0xC0, 0x00, 0x00, 0x00,
    0xFC, 0xFE, 0x00, 0x00, 0x00, 0x07, 0xE7, 0xF0, 0x00, 0x00, 0x00, 0x7E, 0x1F, 0x80, 0x00, 0x00,
    0x03, 0xF0, 0xFC, 0x00, 0x00, 0x00, 0x3F, 0x07, 0xF0, 0x00, 0x00, 0x01, 0xF0, 0x3F, 0x80, 0x00,
    0x00, 0x1F, 0x81, 0xFC, 0x00, 0x00, 0x00, 0xF8, 0x0F, 0xE0, 0x00, 0x00, 0x0F, 0xC0, 0x7F, 0x00,
    0x00, 0x00, 0xFC, 0x01, 0xF8, 0x00, 0x00, 0x07, 0xE0, 0x0F, 0xE0, 0x00, 0x00, 0x7E, 0x00, 0x7F,
    0x00, 0x00, 0x03, 0xF0, 0x03, 0xF8, 0x00, 0x00, 0x3F, 0x00, 0x1F, 0xC0, 0x00, 0x01, 0xFF, 0xFF,
    0xFE, 0x00, 0x00, 0x1F, 0xFF, 0xFF, 0xF0, 0x00, 0x00, 0xFF, 0xFF, 0xFF, 0x80, 0x00, 0x0F, 0xFF,
    0xFF, 0xFE, 0x00, 0x00, 0x7F, 0xFF, 0xFF, 0xF0, 0x00, 0x07, 0xFF, 0xFF, 0xFF, 0x80, 0x00, 0x7F,
    0x00, 0x01, 0xFC, 0x00, 0x03, 0xF0, 0x00, 0x0F, 0xE0, 0x00, 0x3F, 0x00, 0x00, 0x3F, 0x00, 0x01,
    0xF8, 0x00, 0x01, 0xFC, 0x00, 0x1F, 0x80, 0x00, 0x0F, 0xE0, 0x00, 0xFC, 0x00, 0x00, 0x7F, 0x00,
    0x0F, 0xC0, 0x00, 0x03, 0xF8, 0x00, 0x7E, 0x00, 0x00, 0x1F, 0xC0, 0x07, 0xE0, 0x00, 0x00, 0xFE,
    0x00, 0x3F, 0x00, 0x00, 0x03, 0xF8, 0x03, 0xF0, 0x00, 0x00, 0x1F, 0xC1, 0xFF, 0x80, 0x00, 0x00,
    0xFF, 0xEF, 0xF8, 0x00, 0x00, 0x07, 0xFF, 0xFF, 0xC0, 0x00, 0x00, 0x3F, 0xF7, 0xFC, 0x00, 0x00,
    0x01, 0xFF, 0xBF, 0xE0, 0x00, 0x00, 0x07, 0xFC, 0x00, 0x00, 0x03, 0xC0, 0x03, 0xC0, 0x00, 0x00,
    0x3F, 0x00, 0x3F, 0x00, 0x00, 0x03, 0xFC, 0x03, 0xFC, 0x00, 0x00, 0x1F, 0xE0, 0x1F, 0xE0, 0x00,
    0x00, 0xFF, 0x01, 0xFF, 0x00, 0x00, 0x07, 0xF0, 0x0F, 0xF0, 0x00, 0x00, 0x3F, 0x80, 0x3F, 0x00,
    0x00, 0x00, 0xF0, 0x00, 0xF0, 0x00, 0x00, 0x00, 0x00, 0x00, 0x00, 0x00, 0x00, 0x00, 0x00, 0x00,
    0x00, 0x00, 0x00, 0x00, 0x00, 0x00, 0x00, 0x00, 0x00, 0x3F, 0x80, 0x00, 0x00, 0x00, 0x01, 0xFC,
    0x00, 0x00, 0x00, 0x00, 0x1F, 0xE0, 0x00, 0x00, 0x00, 0x00, 0xFF, 0x80, 0x00, 0x00, 0x00, 0x0F,
    0xFC, 0x00, 0x00, 0x00, 0x00, 0x7F, 0xE0, 0x00, 0x00, 0x00, 0x07, 0xFF, 0x00, 0x00, 0x00, 0x00,
    0x3F, 0xF8, 0x00, 0x00, 0x00, 0x03, 0xFF, 0xC0, 0x00, 0x00, 0x00, 0x3F, 0x7F, 0x00, 0x00, 0x00,
    0x01, 0xFB, 0xF8, 0x00, 0x00, 0x00, 0x1F, 0x9F, 0xC0, 0x00, 0x00, 0x00, 0xFC, 0xFE, 0x00, 0x00,
    0x00, 0x0F, 0xC3, 0xF0, 0x00, 0x00, 0x00, 0x7E, 0x1F, 0x80, 0x00, 0x00, 0x07, 0xE0, 0xFE, 0x00,
    0x00, 0x00, 0x3E, 0x07, 0xF0, 0x00, 0x00, 0x03, 0xF0, 0x3F, 0x80, 0x00, 0x00, 0x1F, 0x01, 0xFC,
    0x00, 0x00, 0x01, 0xF8, 0x0F, 0xE0, 0x00, 0x00, 0x1F, 0x80, 0x3F, 0x00, 0x00, 0x00, 0xFC, 0x01,
    0xFC, 0x00, 0x00, 0x0F, 0xC0, 0x0F, 0xE0, 0x00, 0x00, 0x7E, 0x00, 0x7F, 0x00, 0x00, 0x07, 0xE0,
    0x03, 0xF8, 0x00, 0x00, 0x3F, 0xFF, 0xFF, 0xC0, 0x00, 0x03, 0xFF, 0xFF, 0xFE, 0x00, 0x00, 0x1F,
    0xFF, 0xFF, 0xF0, 0x00, 0x01, 0xFF, 0xFF, 0xFF, 0xC0, 0x00, 0x0F, 0xFF, 0xFF, 0xFE, 0x00, 0x00,
    0xFF, 0xFF, 0xFF, 0xF0, 0x00, 0x0F, 0xC0, 0x00, 0x3F, 0x80, 0x00, 0x7E, 0x00, 0x01, 0xFC, 0x00,
    0x07, 0xE0, 0x00, 0x07, 0xE0, 0x00, 0x3F, 0x00, 0x00, 0x3F, 0x80, 0x03, 0xF0, 0x00, 0x01, 0xFC,
    0x00, 0x1F, 0x80, 0x00, 0x0F, 0xE0, 0x01, 0xF8, 0x00, 0x00, 0x7F, 0x00, 0x0F, 0xC0, 0x00, 0x03,
    0xF8, 0x00, 0xFC, 0x00, 0x00, 0x1F, 0xC0, 0x07, 0xE0, 0x00, 0x00, 0x7F, 0x00, 0x7E, 0x00, 0x00,
    0x03, 0xF8, 0x3F, 0xF0, 0x00, 0x00, 0x1F, 0xFD, 0xFF, 0x00, 0x00, 0x00, 0xFF, 0xFF, 0xF8, 0x00,
    0x00, 0x07, 0xFE, 0xFF, 0x80, 0x00, 0x00, 0x3F, 0xF7, 0xFC, 0x00, 0x00, 0x00, 0xFF, 0x80, 0x00,
    0x00, 0x00, 0x07, 0xF0, 0x00, 0x00, 0x00, 0x00, 0x7F, 0xC0, 0x00, 0x00, 0x00, 0x0F, 0xFF, 0x00,
    0x00, 0x00, 0x00, 0x7F, 0xFC, 0x00, 0x00, 0x00, 0x07, 0xC3, 0xE0, 0x00, 0x00, 0x00, 0x7C, 0x0F,
    0x00, 0x00, 0x00, 0x03, 0xC0, 0x78, 0x00, 0x00, 0x00, 0x1E, 0x03, 0xC0, 0x00, 0x00, 0x00, 0xF0,
    0x3E, 0x00, 0x00, 0x00, 0x07, 0x81, 0xE0, 0x00, 0x00, 0x00, 0x3E, 0x3F, 0x00, 0x00, 0x00, 0x01,
    0xFF, 0xF0, 0x00, 0x00, 0x00, 0x07, 0xFF, 0x00, 0x00, 0x00, 0x00, 0x1F, 0xF0, 0x00, 0x00, 0x00,
    0x00, 0xFF, 0x80, 0x00, 0x00, 0x00, 0x0F, 0xFC, 0x00, 0x00, 0x00, 0x00, 0xFF, 0xE0, 0x00, 0x00,
    0x00, 0x07, 0xFF, 0x00, 0x00, 0x00, 0x00, 0x7F, 0xF8, 0x00, 0x00, 0x00, 0x03, 0xFF, 0xC0, 0x00,
    0x00, 0x00, 0x3F, 0x7F, 0x00, 0x00, 0x00, 0x01, 0xFB, 0xF8, 0x00, 0x00, 0x00, 0x1F, 0x9F, 0xC0,
    0x00, 0x00, 0x00, 0xFC, 0x7E, 0x00, 0x00, 0x00, 0x0F, 0xC3, 0xF0, 0x00, 0x00, 0x00, 0x7E, 0x1F,
    0x80, 0x00, 0x00, 0x07, 0xE0, 0xFE, 0x00, 0x00, 0x00, 0x3E, 0x07, 0xF0, 0x00, 0x00, 0x03, 0xF0,
    0x3F, 0x80, 0x00, 0x00, 0x1F, 0x01, 0xFC, 0x00, 0x00, 0x01, 0xF8, 0x07, 0xE0, 0x00, 0x00, 0x1F,
    0x80, 0x3F, 0x00, 0x00, 0x00, 0xFC, 0x01, 0xFC, 0x00, 0x00, 0x0F, 0xC0, 0x0F, 0xE0, 0x00, 0x00,
    0x7E, 0x00, 0x7F, 0x00, 0x00, 0x07, 0xE0, 0x03, 0xF8, 0x00, 0x00, 0x3F, 0xFF, 0xFF, 0xC0, 0x00,
    0x03, 0xFF, 0xFF, 0xFE, 0x00, 0x00, 0x1F, 0xFF, 0xFF, 0xF8, 0x00, 0x01, 0xFF, 0xFF, 0xFF, 0xC0,
    0x00, 0x0F, 0xFF, 0xFF, 0xFE, 0x00, 0x00, 0xFF, 0xFF, 0xFF, 0xF0, 0x00, 0x07, 0xE0, 0x00, 0x3F,
    0x80, 0x00, 0x7E, 0x00, 0x01, 0xFC, 0x00, 0x07, 0xE0, 0x00, 0x07, 0xF0, 0x00, 0x3F, 0x00, 0x00,
    0x3F, 0x80, 0x03, 0xF0, 0x00, 0x01, 0xFC, 0x00, 0x1F, 0x80, 0x00, 0x0F, 0xE0, 0x01, 0xF8, 0x00,
    0x00, 0x7F, 0x00, 0x0F, 0xC0, 0x00, 0x03, 0xF8, 0x00, 0xFC, 0x00, 0x00, 0x0F, 0xE0, 0x07, 0xE0,
    0x00, 0x00, 0x7F, 0x00, 0x7E, 0x00, 0x00, 0x03, 0xF8, 0x3F, 0xF0, 0x00, 0x00, 0x1F, 0xFD, 0xFF,
    0x00, 0x00, 0x00, 0xFF, 0xEF, 0xF8, 0x00, 0x00, 0x07, 0xFF, 0xFF, 0x80, 0x00, 0x00, 0x3F, 0xF7,
    0xFC, 0x00, 0x00, 0x00, 0xFF, 0x80, 0x00, 0x00, 0x00, 0x01, 0xFF, 0xFF, 0xFF, 0xFF, 0xF0, 0x00,
    0x00, 0x00, 0x1F, 0xFF, 0xFF, 0xFF, 0xFF, 0x00, 0x00, 0x00, 0x01, 0xFF, 0xFF, 0xFF, 0xFF, 0xE0,
    0x00, 0x00, 0x00, 0x3F, 0xFF, 0xFF, 0xFF, 0xFE, 0x00, 0x00, 0x00, 0x03, 0xFF, 0xFF, 0xFF, 0xFF,
    0xE0, 0x00, 0x00, 0x00, 0x03, 0xF7, 0xFF, 0xFF, 0xFE, 0x00, 0x00, 0x00, 0x00, 0x7E, 0x7E, 0x00,
    0x00, 0x00, 0x00, 0x00, 0x00, 0x0F, 0xE7, 0xE0, 0x00, 0x00, 0x00, 0x00, 0x00, 0x00, 0xFC, 0xFE,
    0x00, 0x00, 0x00, 0x00, 0x00, 0x00, 0x1F, 0x8F, 0xE0, 0x00, 0x00, 0x00, 0x00, 0x00, 0x03, 0xF0,
    0xFE, 0x00, 0x00, 0x00, 0x00, 0x00, 0x00, 0x7F, 0x0F, 0xC0, 0x00, 0x00, 0x00, 0x00, 0x00, 0x0F,
    0xE0, 0xFC, 0x00, 0x00, 0x00, 0x00, 0x00, 0x00, 0xFC, 0x1F, 0xC0, 0x00, 0x00, 0x00, 0x00, 0x00,
    0x1F, 0x81, 0xFC, 0x00, 0x00, 0x00, 0x00, 0x00, 0x03, 0xF0, 0x1F, 0xC0, 0x00, 0x00, 0x00, 0x00,
    0x00, 0x7F, 0x01, 0xF8, 0x00, 0x00, 0x00, 0x00, 0x00, 0x0F, 0xE0, 0x1F, 0x80, 0x00, 0x00, 0x00,
    0x00, 0x00, 0xFC, 0x01, 0xF8, 0x00, 0x00, 0x00, 0x00, 0x00, 0x1F, 0x80, 0x3F, 0xFF, 0xFF, 0xC0,
    0x00, 0x00, 0x03, 0xF8, 0x03, 0xFF, 0xFF, 0xFC, 0x00, 0x00, 0x00, 0x7F, 0x00, 0x3F, 0xFF, 0xFF,
    0xC0, 0x00, 0x00, 0x0F, 0xE0, 0x03, 0xFF, 0xFF, 0xFC, 0x00, 0x00, 0x00, 0xFC, 0x00, 0x3F, 0xFF,
    0xFF, 0xC0, 0x00, 0x00, 0x1F, 0x80, 0x03, 0xFF, 0xFF, 0xFC, 0x00, 0x00, 0x03, 0xF8, 0x00, 0x7F,
    0x00, 0x00, 0x00, 0x00, 0x00, 0x7F, 0x00, 0x07, 0xF0, 0x00, 0x00, 0x00, 0x00, 0x07, 0xE0, 0x00,
    0x7E, 0x00, 0x00, 0x00, 0x00, 0x00, 0xFF, 0xFF, 0xFF, 0xE0, 0x00, 0x00, 0x00, 0x00, 0x1F, 0xFF,
    0xFF, 0xFE, 0x00, 0x00, 0x00, 0x00, 0x03, 0xFF, 0xFF, 0xFF, 0xE0, 0x00, 0x00, 0x00, 0x00, 0x7F,
    0xFF, 0xFF, 0xFE, 0x00, 0x00, 0x00, 0x00, 0x07, 0xFF, 0xFF, 0xFF, 0xE0, 0x00, 0x00, 0x00, 0x00,
    0xFF, 0xFF, 0xFF, 0xFC, 0x00, 0x00, 0x00, 0x00, 0x1F, 0xC0, 0x00, 0x0F, 0xC0, 0x00, 0x00, 0x00,
    0x03, 0xF8, 0x00, 0x00, 0xFC, 0x00, 0x00, 0x00, 0x00, 0x7F, 0x00, 0x00, 0x0F, 0xC0, 0x00, 0x00,
    0x00, 0x07, 0xF0, 0x00, 0x01, 0xFC, 0x00, 0x00, 0x00, 0x00, 0xFE, 0x00, 0x00, 0x1F, 0x80, 0x00,
    0x00, 0x00, 0x1F, 0xC0, 0x00, 0x01, 0xF8, 0x00, 0x00, 0x00, 0x03, 0xF8, 0x00, 0x00, 0x1F, 0x80,
    0x00, 0x00, 0x00, 0x7F, 0x00, 0x00, 0x01, 0xFF, 0xFF, 0xFF, 0xE0, 0x7F, 0xE0, 0x00, 0x01, 0xFF,
    0xFF, 0xFF, 0xFC, 0x07, 0xFE, 0x00, 0x00, 0x3F, 0xFF, 0xFF, 0xFF, 0xC0, 0x7F, 0xC0, 0x00, 0x03,
    0xFF, 0xFF, 0xFF, 0xFC, 0x0F, 0xF8, 0x00, 0x00, 0x3F, 0xFF, 0xFF, 0xFF, 0xC0, 0xFF, 0x00, 0x00,
    0x03, 0xFF, 0xFF, 0xFF, 0xFC, 0x00, 0x00, 0x00, 0x03, 0xFF, 0x80, 0x00, 0x00, 0x1F, 0xFF, 0xF0,
    0x00, 0x00, 0xFF, 0xFF, 0xFE, 0x00, 0x01, 0xFF, 0xFF, 0xFF, 0x00, 0x07, 0xFF, 0xFF, 0xFF, 0x00,
    0x0F, 0xFF, 0xFF, 0xFE, 0x00, 0x1F, 0xFE, 0x00, 0xFE, 0x00, 0x7F, 0xF0, 0x00, 0x1C, 0x00, 0xFF,
    0xC0, 0x00, 0x00, 0x00, 0xFF, 0x00, 0x00, 0x00, 0x01, 0xFE, 0x00, 0x00, 0x00, 0x03, 0xFC, 0x00,
    0x00, 0x00, 0x07, 0xF8, 0x00, 0x00, 0x00, 0x07, 0xF8, 0x00, 0x00, 0x00, 0x0F, 0xF0, 0x00, 0x00,
    0x00, 0x0F, 0xE0, 0x00, 0x00, 0x00, 0x1F, 0xE0, 0x00, 0x00, 0x00, 0x1F, 0xC0, 0x00, 0x00, 0x00,
    0x3F, 0xC0, 0x00, 0x00, 0x00, 0x3F, 0x80, 0x00, 0x00, 0x00, 0x3F, 0x80, 0x00, 0x00, 0x00, 0x7F,
    0x80, 0x00, 0x00, 0x00, 0x7F, 0x00, 0x00, 0x00, 0x00, 0x7F, 0x00, 0x00, 0x00, 0x00, 0x7F, 0x00,
    0x00, 0x00, 0x00, 0x7F, 0x00, 0x00, 0x00, 0x00, 0xFF, 0x00, 0x00, 0x00, 0x00, 0xFE, 0x00, 0x00,
    0x00, 0x00, 0xFE, 0x00, 0x00, 0x00, 0x00, 0xFE, 0x00, 0x00, 0x00, 0x00, 0xFE, 0x00, 0x00, 0x00,
    0x00, 0xFE, 0x00, 0x00, 0x00, 0x00, 0xFF, 0x00, 0x00, 0x00, 0x00, 0xFF, 0x00, 0x00, 0x00, 0x00,
    0xFF, 0x00, 0x00, 0x00, 0x00, 0xFF, 0x00, 0x00, 0x00, 0x00, 0x7F, 0x80, 0x00, 0x00, 0x00, 0x7F,
    0x80, 0x00, 0x00, 0x00, 0x7F, 0xC0, 0x00, 0x00, 0x00, 0x7F, 0xC0, 0x00, 0x00, 0x00, 0x3F, 0xE0,
    0x00, 0x00, 0x00, 0x3F, 0xF0, 0x00, 0x01, 0x80, 0x1F, 0xFC, 0x00, 0x07, 0x80, 0x0F, 0xFF, 0x00,
    0x7F, 0x80, 0x0F, 0xFF, 0xFF, 0xFF, 0x80, 0x07, 0xFF, 0xFF, 0xFF, 0x80, 0x03, 0xFF, 0xFF, 0xFF,
    0x00, 0x00, 0xFF, 0xFF, 0xFE, 0x00, 0x00, 0x3F, 0xFF, 0xF0, 0x00, 0x00, 0x0F, 0xFF, 0x00, 0x00,
    0x00, 0x07, 0xC0, 0x00, 0x00, 0x00, 0x0F, 0xF0, 0x00, 0x00, 0x00, 0x1F, 0xFC, 0x00, 0x00, 0x00,
    0x7F, 0xFE, 0x00, 0x00, 0x00, 0x7F, 0xFF, 0x00, 0x00, 0x00, 0x3C, 0xFF, 0x00, 0x00, 0x00, 0x00,
    0x3F, 0x00, 0x00, 0x00, 0x00, 0x3F, 0x00, 0x00, 0x03, 0xC0, 0x7F, 0x00, 0x00, 0x03, 0xFF, 0xFE,
    0x00, 0x00, 0x07, 0xFF, 0xFE, 0x00, 0x00, 0x07, 0xFF, 0xFC, 0x00, 0x00, 0x07, 0xFF, 0xF0, 0x00,
    0x00, 0x00, 0x7F, 0xC0, 0x00, 0x00, 0x00, 0x00, 0x60, 0x00, 0x00, 0x00, 0x00, 0xFC, 0x00, 0x00,
    0x00, 0x01, 0xFF, 0xC0, 0x00, 0x00, 0x03, 0xFF, 0xF8, 0x00, 0x00, 0x0F, 0xFF, 0xFF, 0x80, 0x00,
    0x1F, 0xFF, 0xFF, 0x00, 0x00, 0x1F, 0xFF, 0xFE, 0x00, 0x00, 0x00, 0xFF, 0xFC, 0x00, 0x00, 0x00,
    0x07, 0xF8, 0x00, 0x00, 0x00, 0x00, 0x20, 0x00, 0x00, 0x00, 0x00, 0x00, 0x00, 0x00, 0x00, 0x00,
    0x00, 0x0F, 0xFF, 0xFF, 0xFF, 0xE0, 0x1F, 0xFF, 0xFF, 0xFF, 0xC0, 0x3F, 0xFF, 0xFF, 0xFF, 0x80,
    0x7F, 0xFF, 0xFF, 0xFF, 0x00, 0xFF, 0xFF, 0xFF, 0xFE, 0x00, 0x3F, 0xFF, 0xFF, 0xFC, 0x00, 0x7F,
    0x00, 0x00, 0x00, 0x00, 0xFE, 0x00, 0x00, 0x00, 0x01, 0xF8, 0x00, 0x00, 0x00, 0x03, 0xF0, 0x00,
    0x00, 0x00, 0x0F, 0xE0, 0x00, 0x00, 0x00, 0x1F, 0xC0, 0x00, 0x00, 0x00, 0x3F, 0x80, 0x00, 0x00,
    0x00, 0x7E, 0x00, 0x00, 0x00, 0x00, 0xFC, 0x00, 0x00, 0x00, 0x01, 0xF8, 0x00, 0x00, 0x00, 0x07,
    0xF0, 0x00, 0x00, 0x00, 0x0F, 0xE0, 0x00, 0x00, 0x00, 0x1F, 0x80, 0x00, 0x00, 0x00, 0x3F, 0xFF,
    0xFF, 0xE0, 0x00, 0x7F, 0xFF, 0xFF, 0xC0, 0x01, 0xFF, 0xFF, 0xFF, 0x80, 0x03, 0xFF, 0xFF, 0xFF,
    0x00, 0x07, 0xFF, 0xFF, 0xFC, 0x00, 0x0F, 0xFF, 0xFF, 0xF8, 0x00, 0x1F, 0x80, 0x00, 0x00, 0x00,
    0x3F, 0x00, 0x00, 0x00, 0x00, 0xFE, 0x00, 0x00, 0x00, 0x01, 0xFC, 0x00, 0x00, 0x00, 0x03, 0xF8,
    0x00, 0x00, 0x00, 0x07, 0xE0, 0x00, 0x00, 0x00, 0x0F, 0xC0, 0x00, 0x00, 0x00, 0x1F, 0x80, 0x00,
    0x00, 0x00, 0x7F, 0x00, 0x00, 0x00, 0x00, 0xFE, 0x00, 0x00, 0x00, 0x01, 0xF8, 0x00, 0x00, 0x00,
    0x03, 0xF0, 0x00, 0x00, 0x00, 0x07, 0xE0, 0x00, 0x00, 0x00, 0x1F, 0xC0, 0x00, 0x00, 0x00, 0x3F,
    0x80, 0x00, 0x00, 0x00, 0x7F, 0x00, 0x00, 0x00, 0x00, 0xFF, 0xFF, 0xFF, 0xF8, 0x1F, 0xFF, 0xFF,
    0xFF, 0xF0, 0x3F, 0xFF, 0xFF, 0xFF, 0xE0, 0x7F, 0xFF, 0xFF, 0xFF, 0xC1, 0xFF, 0xFF, 0xFF, 0xFF,
    0x83, 0xFF, 0xFF, 0xFF, 0xFE, 0x00, 0x00, 0x00, 0x00, 0x00, 0x04, 0x00, 0x00, 0x00, 0x01, 0xF8,
    0x00, 0x00, 0x00, 0x7F, 0xF0, 0x00, 0x00, 0x1F, 0xFF, 0xE0, 0x00, 0x07, 0xFF, 0xFF, 0xC0, 0x00,
    0x1F, 0xFF, 0xFF, 0x80, 0x00, 0x3F, 0xFF, 0xFC, 0x00, 0x00, 0x7F, 0xFE, 0x00, 0x00, 0x00, 0xFE,
    0x00, 0x00, 0x00, 0x01, 0x00, 0x00, 0x00, 0x00, 0x00, 0x00, 0x00, 0x00, 0x00, 0x00, 0x00, 0x00,
    0x00, 0x0F, 0xFF, 0xFF, 0xFF, 0xE0, 0x1F, 0xFF, 0xFF, 0xFF, 0xC0, 0x3F, 0xFF, 0xFF, 0xFF, 0x80,
    0x7F, 0xFF, 0xFF, 0xFF, 0x00, 0xFF, 0xFF, 0xFF, 0xFE, 0x00, 0x3F, 0xFF, 0xFF, 0xFC, 0x00, 0x7F,
    0x00, 0x00, 0x00, 0x00, 0xFE, 0x00, 0x00, 0x00, 0x01, 0xF8, 0x00, 0x00, 0x00, 0x03, 0xF0, 0x00,
    0x00, 0x00, 0x0F, 0xE0, 0x00, 0x00, 0x00, 0x1F, 0xC0, 0x00, 0x00, 0x00, 0x3F, 0x80, 0x00, 0x00,
    0x00, 0x7E, 0x00, 0x00, 0x00, 0x00, 0xFC, 0x00, 0x00, 0x00, 0x01, 0xF8, 0x00, 0x00, 0x00, 0x07,
    0xF0, 0x00, 0x00, 0x00, 0x0F, 0xE0, 0x00, 0x00, 0x00, 0x1F, 0x80, 0x00, 0x00, 0x00, 0x3F, 0xFF,
    0xFF, 0xE0, 0x00, 0x7F, 0xFF, 0xFF, 0xC0, 0x01, 0xFF, 0xFF, 0xFF, 0x80, 0x03, 0xFF, 0xFF, 0xFF,
    0x00, 0x07, 0xFF, 0xFF, 0xFC, 0x00, 0x0F, 0xFF, 0xFF, 0xF8, 0x00, 0x1F, 0x80, 0x00, 0x00, 0x00,
    0x3F, 0x00, 0x00, 0x00, 0x00, 0xFE, 0x00, 0x00, 0x00, 0x01, 0xFC, 0x00, 0x00, 0x00, 0x03, 0xF8,
    0x00, 0x00, 0x00, 0x07, 0xE0, 0x00, 0x00, 0x00, 0x0F, 0xC0, 0x00, 0x00, 0x00, 0x1F, 0x80, 0x00,
    0x00, 0x00, 0x7F, 0x00, 0x00, 0x00, 0x00, 0xFE, 0x00, 0x00, 0x00, 0x01, 0xF8, 0x00, 0x00, 0x00,
    0x03, 0xF0, 0x00, 0x00, 0x00, 0x07, 0xE0, 0x00, 0x00, 0x00, 0x1F, 0xC0, 0x00, 0x00, 0x00, 0x3F,
    0x80, 0x00, 0x00, 0x00, 0x7F, 0x00, 0x00, 0x00, 0x00, 0xFF, 0xFF, 0xFF, 0xF8, 0x1F, 0xFF, 0xFF,
    0xFF, 0xF0, 0x3F, 0xFF, 0xFF, 0xFF, 0xE0, 0x7F, 0xFF, 0xFF, 0xFF, 0xC1, 0xFF, 0xFF, 0xFF, 0xFF,
    0x83, 0xFF, 0xFF, 0xFF, 0xFE, 0x00, 0x00, 0x00, 0x00, 0x38, 0x00, 0x00, 0x00, 0x01, 0xFE, 0x00,
    0x00, 0x00, 0x07, 0xFF, 0x80, 0x00, 0x00, 0x3F, 0xFF, 0xE0, 0x00, 0x00, 0xFF, 0xFF, 0xF8, 0x00,
    0x03, 0xFF, 0xFF, 0xFE, 0x00, 0x07, 0xFF, 0x8F, 0xFF, 0x00, 0x07, 0xFC, 0x03, 0xFE, 0x00, 0x07,
    0xE0, 0x00, 0x7E, 0x00, 0x0F, 0x00, 0x00, 0x0E, 0x00, 0x00, 0x00, 0x00, 0x00, 0x00, 0x00, 0x00,
    0x00, 0x00, 0x00, 0x00, 0x00, 0x00, 0x00, 0x00, 0xFF, 0xFF, 0xFF, 0xFE, 0x00, 0xFF, 0xFF, 0xFF,
    0xFE, 0x00, 0xFF, 0xFF, 0xFF, 0xFE, 0x00, 0xFF, 0xFF, 0xFF, 0xFE, 0x00, 0xFF, 0xFF, 0xFF, 0xFE,
    0x00, 0x1F, 0xFF, 0xFF, 0xFE, 0x00, 0x1F, 0xC0, 0x00, 0x00, 0x00, 0x1F, 0xC0, 0x00, 0x00, 0x00,
    0x1F, 0x80, 0x00, 0x00, 0x00, 0x1F, 0x80, 0x00, 0x00, 0x00, 0x3F, 0x80, 0x00, 0x00, 0x00, 0x3F,
    0x80, 0x00, 0x00, 0x00, 0x3F, 0x80, 0x00, 0x00, 0x00, 0x3F, 0x00, 0x00, 0x00, 0x00, 0x3F, 0x00,
    0x00, 0x00, 0x00, 0x3F, 0x00, 0x00, 0x00, 0x00, 0x7F, 0x00, 0x00, 0x00, 0x00, 0x7F, 0x00, 0x00,
    0x00, 0x00, 0x7E, 0x00, 0x00, 0x00, 0x00, 0x7F, 0xFF, 0xFF, 0xC0, 0x00, 0x7F, 0xFF, 0xFF, 0xC0,
    0x00, 0xFF, 0xFF, 0xFF, 0xC0, 0x00, 0xFF, 0xFF, 0xFF, 0xC0, 0x00, 0xFF, 0xFF, 0xFF, 0x80, 0x00,
    0xFF, 0xFF, 0xFF, 0x80, 0x00, 0xFC, 0x00, 0x00, 0x00, 0x00, 0xFC, 0x00, 0x00, 0x00, 0x01, 0xFC,
    0x00, 0x00, 0x00, 0x01, 0xFC, 0x00, 0x00, 0x00, 0x01, 0xFC, 0x00, 0x00, 0x00, 0x01, 0xF8, 0x00,
    0x00, 0x00, 0x01, 0xF8, 0x00, 0x00, 0x00, 0x01, 0xF8, 0x00, 0x00, 0x00, 0x03, 0xF8, 0x00, 0x00,
    0x00, 0x03, 0xF8, 0x00, 0x00, 0x00, 0x03, 0xF0, 0x00, 0x00, 0x00, 0x03, 0xF0, 0x00, 0x00, 0x00,
    0x03, 0xF0, 0x00, 0x00, 0x00, 0x07, 0xF0, 0x00, 0x00, 0x00, 0x07, 0xF0, 0x00, 0x00, 0x00, 0x07,
    0xF0, 0x00, 0x00, 0x00, 0x07, 0xFF, 0xFF, 0xFF, 0xC0, 0x7F, 0xFF, 0xFF, 0xFF, 0xC0, 0x7F, 0xFF,
    0xFF, 0xFF, 0xC0, 0x7F, 0xFF, 0xFF, 0xFF, 0xC0, 0xFF, 0xFF, 0xFF, 0xFF, 0xC0, 0xFF, 0xFF, 0xFF,
    0xFF, 0x80, 0x00, 0x00, 0x78, 0x00, 0x78, 0x00, 0x01, 0xF8, 0x01, 0xF8, 0x00, 0x07, 0xF8, 0x07,
    0xF8, 0x00, 0x0F, 0xF0, 0x1F, 0xF0, 0x00, 0x1F, 0xE0, 0x3F, 0xC0, 0x00, 0x3F, 0x80, 0x7F, 0x80,
    0x00, 0x7E, 0x00, 0x7E, 0x00, 0x00, 0x78, 0x00, 0x78, 0x00, 0x00, 0x00, 0x00, 0x00, 0x00, 0x00,
    0x00, 0x00, 0x00, 0x00, 0x00, 0x00, 0x00, 0x00, 0x07, 0xFF, 0xFF, 0xFF, 0xF0, 0x0F, 0xFF, 0xFF,
    0xFF, 0xE0, 0x1F, 0xFF, 0xFF, 0xFF, 0xC0, 0x3F, 0xFF, 0xFF, 0xFF, 0x80, 0x7F, 0xFF, 0xFF, 0xFF,
    0x00, 0x1F, 0xFF, 0xFF, 0xFE, 0x00, 0x3F, 0x80, 0x00, 0x00, 0x00, 0x7F, 0x00, 0x00, 0x00, 0x00,
    0xFC, 0x00, 0x00, 0x00, 0x01, 0xF8, 0x00, 0x00, 0x00, 0x07, 0xF0, 0x00, 0x00, 0x00, 0x0F, 0xE0,
    0x00, 0x00, 0x00, 0x1F, 0xC0, 0x00, 0x00, 0x00, 0x3F, 0x00, 0x00, 0x00, 0x00, 0x7E, 0x00, 0x00,
    0x00, 0x00, 0xFC, 0x00, 0x00, 0x00, 0x03, 0xF8, 0x00, 0x00, 0x00, 0x07, 0xF0, 0x00, 0x00, 0x00,
    0x0F, 0xC0, 0x00, 0x00, 0x00, 0x1F, 0xFF, 0xFF, 0xF0, 0x00, 0x3F, 0xFF, 0xFF, 0xE0, 0x00, 0xFF,
    0xFF, 0xFF, 0xC0, 0x01, 0xFF, 0xFF, 0xFF, 0x80, 0x03, 0xFF, 0xFF, 0xFE, 0x00, 0x07, 0xFF, 0xFF,
    0xFC, 0x00, 0x0F, 0xC0, 0x00, 0x00, 0x00, 0x1F, 0x80, 0x00, 0x00, 0x00, 0x7F, 0x00, 0x00, 0x00,
    0x00, 0xFE, 0x00, 0x00, 0x00, 0x01, 0xFC, 0x00, 0x00, 0x00, 0x03, 0xF0, 0x00, 0x00, 0x00, 0x07,
    0xE0, 0x00, 0x00, 0x00, 0x0F, 0xC0, 0x00, 0x00, 0x00, 0x3F, 0x80, 0x00, 0x00, 0x00, 0x7F, 0x00,
    0x00, 0x00, 0x00, 0xFC, 0x00, 0x00, 0x00, 0x01, 0xF8, 0x00, 0x00, 0x00, 0x03, 0xF0, 0x00, 0x00,
    0x00, 0x0F, 0xE0, 0x00, 0x00, 0x00, 0x1F, 0xC0, 0x00, 0x00, 0x00, 0x3F, 0x80, 0x00, 0x00, 0x00,
    0x7F, 0xFF, 0xFF, 0xFC, 0x0F, 0xFF, 0xFF, 0xFF, 0xF8, 0x1F, 0xFF, 0xFF, 0xFF, 0xF0, 0x3F, 0xFF,
    0xFF, 0xFF, 0xE0, 0xFF, 0xFF, 0xFF, 0xFF, 0xC1, 0xFF, 0xFF, 0xFF, 0xFF, 0x00, 0x06, 0x00, 0x00,
    0x03, 0xF0, 0x00, 0x01, 0xFF, 0xC0, 0x00, 0xFF, 0xFE, 0x00, 0xFF, 0xFF, 0xF8, 0x7F, 0xFF, 0xFC,
    0x1F, 0xFF, 0xFE, 0x00, 0x3F, 0xFF, 0x00, 0x00, 0x7F, 0x00, 0x00, 0x00, 0x80, 0x00, 0x00, 0x00,
    0x00, 0x00, 0x00, 0x0F, 0xFF, 0xC0, 0x07, 0xFF, 0xE0, 0x03, 0xFF, 0xF0, 0x01, 0xFF, 0xF8, 0x00,
    0xFF, 0xFC, 0x00, 0x0F, 0xE0, 0x00, 0x07, 0xE0, 0x00, 0x03, 0xF0, 0x00, 0x01, 0xF8, 0x00, 0x01,
    0xFC, 0x00, 0x00, 0xFE, 0x00, 0x00, 0x7F, 0x00, 0x00, 0x3F, 0x00, 0x00, 0x1F, 0x80, 0x00, 0x0F,
    0xC0, 0x00, 0x0F, 0xE0, 0x00, 0x07, 0xF0, 0x00, 0x03, 0xF0, 0x00, 0x01, 0xF8, 0x00, 0x00, 0xFC,
    0x00, 0x00, 0x7E, 0x00, 0x00, 0x7F, 0x00, 0x00, 0x3F, 0x80, 0x00, 0x1F, 0x80, 0x00, 0x0F, 0xC0,
    0x00, 0x07, 0xE0, 0x00, 0x07, 0xF0, 0x00, 0x03, 0xF8, 0x00, 0x01, 0xFC, 0x00, 0x00, 0xFC, 0x00,
    0x00, 0x7E, 0x00, 0x00, 0x3F, 0x00, 0x00, 0x3F, 0x80, 0x00, 0x1F, 0xC0, 0x00, 0x0F, 0xC0, 0x00,
    0x07, 0xE0, 0x00, 0x03, 0xF0, 0x00, 0x01, 0xF8, 0x00, 0x01, 0xFC, 0x00, 0x00, 0xFE, 0x00, 0x00,
    0x7E, 0x00, 0x00, 0x3F, 0x00, 0x01, 0xFF, 0xF8, 0x00, 0xFF, 0xFC, 0x00, 0xFF, 0xFE, 0x00, 0x7F,
    0xFE, 0x00, 0x3F, 0xFF, 0x00, 0x00, 0x00, 0x00, 0x00, 0x30, 0x00, 0x00, 0x3F, 0x00, 0x00, 0x7F,
    0xF0, 0x00, 0xFF, 0xFF, 0x01, 0xFF, 0xFF, 0xE0, 0x3F, 0xFF, 0xFE, 0x03, 0xFF, 0xFF, 0xC0, 0x3F,
    0xFF, 0x00, 0x03, 0xF8, 0x00, 0x00, 0x20, 0x00, 0x00, 0x00, 0x00, 0x00, 0x00, 0x00, 0x00, 0x00,
    0x00, 0xFF, 0xFC, 0x00, 0x0F, 0xFF, 0xC0, 0x00, 0xFF, 0xFC, 0x00, 0x0F, 0xFF, 0xC0, 0x00, 0xFF,
    0xFC, 0x00, 0x01, 0xFC, 0x00, 0x00, 0x1F, 0x80, 0x00, 0x01, 0xF8, 0x00, 0x00, 0x1F, 0x80, 0x00,
    0x03, 0xF8, 0x00, 0x00, 0x3F, 0x80, 0x00, 0x03, 0xF8, 0x00, 0x00, 0x3F, 0x00, 0x00, 0x03, 0xF0,
    0x00, 0x00, 0x3F, 0x00, 0x00, 0x07, 0xF0, 0x00, 0x00, 0x7F, 0x00, 0x00, 0x07, 0xE0, 0x00, 0x00,
    0x7E, 0x00, 0x00, 0x07, 0xE0, 0x00, 0x00, 0x7E, 0x00, 0x00, 0x0F, 0xE0, 0x00, 0x00, 0xFE, 0x00,
    0x00, 0x0F, 0xC0, 0x00, 0x00, 0xFC, 0x00, 0x00, 0x0F, 0xC0, 0x00, 0x01, 0xFC, 0x00, 0x00, 0x1F,
    0xC0, 0x00, 0x01, 0xFC, 0x00, 0x00, 0x1F, 0x80, 0x00, 0x01, 0xF8, 0x00, 0x00, 0x1F, 0x80, 0x00,
    0x03, 0xF8, 0x00, 0x00, 0x3F, 0x80, 0x00, 0x03, 0xF0, 0x00, 0x00, 0x3F, 0x00, 0x00, 0x03, 0xF0,
    0x00, 0x00, 0x3F, 0x00, 0x00, 0x07, 0xF0, 0x00, 0x00, 0x7F, 0x00, 0x00, 0x07, 0xE0, 0x00, 0x00,
    0x7E, 0x00, 0x00, 0x7F, 0xFE, 0x00, 0x07, 0xFF, 0xE0, 0x00, 0xFF, 0xFE, 0x00, 0x0F, 0xFF, 0xC0,
    0x00, 0xFF, 0xFC, 0x00, 0x00, 0x00, 0x00, 0xE0, 0x00, 0x00, 0x0F, 0xE0, 0x00, 0x01, 0xFF, 0xE0,
    0x00, 0x1F, 0xFF, 0xE0, 0x01, 0xFF, 0xFF, 0xE0, 0x3F, 0xFF, 0xFF, 0xF0, 0xFF, 0xE3, 0xFF, 0xC7,
    0xFC, 0x01, 0xFF, 0x1F, 0x80, 0x01, 0xF8, 0x70, 0x00, 0x00, 0xE0, 0x00, 0x00, 0x00, 0x00, 0x00,
    0x00, 0x00, 0x00, 0x00, 0x00, 0x00, 0x03, 0xFF, 0xF8, 0x00, 0x0F, 0xFF, 0xC0, 0x00, 0x3F, 0xFF,
    0x00, 0x00, 0xFF, 0xFC, 0x00, 0x03, 0xFF, 0xF0, 0x00, 0x01, 0xFC, 0x00, 0x00, 0x07, 0xF0, 0x00,
    0x00, 0x1F, 0x80, 0x00, 0x00, 0x7E, 0x00, 0x00, 0x01, 0xF8, 0x00, 0x00, 0x0F, 0xE0, 0x00, 0x00,
    0x3F, 0x80, 0x00, 0x00, 0xFE, 0x00, 0x00, 0x03, 0xF0, 0x00, 0x00, 0x0F, 0xC0, 0x00, 0x00, 0x3F,
    0x00, 0x00, 0x01, 0xFC, 0x00, 0x00, 0x07, 0xF0, 0x00, 0x00, 0x1F, 0x80, 0x00, 0x00, 0x7E, 0x00,
    0x00, 0x01, 0xF8, 0x00, 0x00, 0x0F, 0xE0, 0x00, 0x00, 0x3F, 0x80, 0x00, 0x00, 0xFE, 0x00, 0x00,
    0x03, 0xF0, 0x00, 0x00, 0x0F, 0xC0, 0x00, 0x00, 0x3F, 0x00, 0x00, 0x01, 0xFC, 0x00, 0x00, 0x07,
    0xF0, 0x00, 0x00, 0x1F, 0xC0, 0x00, 0x00, 0x7E, 0x00, 0x00, 0x01, 0xF8, 0x00, 0x00, 0x07, 0xE0,
    0x00, 0x00, 0x3F, 0x80, 0x00, 0x00, 0xFE, 0x00, 0x00, 0x03, 0xF0, 0x00, 0x00, 0x0F, 0xC0, 0x00,
    0x00, 0x3F, 0x00, 0x00, 0x01, 0xFC, 0x00, 0x00, 0x07, 0xF0, 0x00, 0x00, 0x1F, 0xC0, 0x00, 0x00,
    0x7E, 0x00, 0x00, 0x1F, 0xFF, 0x80, 0x00, 0x7F, 0xFE, 0x00, 0x01, 0xFF, 0xF8, 0x00, 0x0F, 0xFF,
    0xE0, 0x00, 0x3F, 0xFF, 0x00, 0x00, 0x00, 0xE0, 0x01, 0xE0, 0x3F, 0x00, 0x3F, 0x07, 0xF8, 0x07,
    0xF0, 0x7F, 0x80, 0xFF, 0x07, 0xF8, 0x0F, 0xF0, 0x7F, 0x00, 0xFF, 0x07, 0xF0, 0x07, 0xE0, 0x3C,
    0x00, 0x3C, 0x00, 0x00, 0x00, 0x00, 0x00, 0x00, 0x00, 0x00, 0x00, 0x00, 0x00, 0x0F, 0xFF, 0xC0,
    0x00, 0xFF, 0xFC, 0x00, 0x0F, 0xFF, 0xC0, 0x00, 0xFF, 0xFC, 0x00, 0x0F, 0xFF, 0xC0, 0x00, 0x1F,
    0xC0, 0x00, 0x01, 0xFC, 0x00, 0x00, 0x1F, 0x80, 0x00, 0x01, 0xF8, 0x00, 0x00, 0x1F, 0x80, 0x00,
    0x03, 0xF8, 0x00, 0x00, 0x3F, 0x80, 0x00, 0x03, 0xF0, 0x00, 0x00, 0x3F, 0x00, 0x00, 0x03, 0xF0,
    0x00, 0x00, 0x7F, 0x00, 0x00, 0x07, 0xF0, 0x00, 0x00, 0x7F, 0x00, 0x00, 0x07, 0xE0, 0x00, 0x00,
    0x7E, 0x00, 0x00, 0x07, 0xE0, 0x00, 0x00, 0xFE, 0x00, 0x00, 0x0F, 0xE0, 0x00, 0x00, 0xFE, 0x00,
    0x00, 0x0F, 0xC0, 0x00, 0x00, 0xFC, 0x00, 0x00, 0x0F, 0xC0, 0x00, 0x01, 0xFC, 0x00, 0x00, 0x1F,
    0xC0, 0x00, 0x01, 0xF8, 0x00, 0x00, 0x1F, 0x80, 0x00, 0x01, 0xF8, 0x00, 0x00, 0x3F, 0x80, 0x00,
    0x03, 0xF8, 0x00, 0x00, 0x3F, 0x80, 0x00, 0x03, 0xF0, 0x00, 0x00, 0x3F, 0x00, 0x00, 0x03, 0xF0,
    0x00, 0x00, 0x7F, 0x00, 0x00, 0x07, 0xF0, 0x00, 0x00, 0x7F, 0x00, 0x00, 0x07, 0xE0, 0x00, 0x07,
    0xFF, 0xE0, 0x00, 0x7F, 0xFE, 0x00, 0x0F, 0xFF, 0xE0, 0x00, 0xFF, 0xFC, 0x00, 0x0F, 0xFF, 0xC0,
    0x00, 0x00, 0xFF, 0xFF, 0xF8, 0x00, 0x00, 0x0F, 0xFF, 0xFF, 0xF8, 0x00, 0x00, 0xFF, 0xFF, 0xFF,
    0xF0, 0x00, 0x0F, 0xFF, 0xFF, 0xFF, 0x80, 0x00, 0xFF, 0xFF, 0xFF, 0xFE, 0x00, 0x01, 0xFF, 0xFF,
    0xFF, 0xF0, 0x00, 0x1F, 0xC0, 0x0F, 0xFF, 0x80, 0x01, 0xFC, 0x00, 0x3F, 0xF8, 0x00, 0x1F, 0x80,
    0x00, 0xFF, 0xC0, 0x01, 0xF8, 0x00, 0x07, 0xFC, 0x00, 0x3F, 0x80, 0x00, 0x3F, 0xE0, 0x03, 0xF8,
    0x00, 0x01, 0xFE, 0x00, 0x3F, 0x80, 0x00, 0x0F, 0xF0, 0x03, 0xF8, 0x00, 0x00, 0xFF, 0x00, 0x3F,
    0x00, 0x00, 0x0F, 0xF0, 0x03, 0xF0, 0x00, 0x00, 0x7F, 0x00, 0x7F, 0x00, 0x00, 0x07, 0xF0, 0x07,
    0xF0, 0x00, 0x00, 0x7F, 0x00, 0x7F, 0x00, 0x00, 0x07, 0xF0, 0x07, 0xE0, 0x00, 0x00, 0x7F, 0x00,
    0x7E, 0x00, 0x00, 0x07, 0xF0, 0xFF, 0xFF, 0xF0, 0x00, 0x7F, 0x0F, 0xFF, 0xFF, 0x00, 0x07, 0xF0,
    0xFF, 0xFF, 0xF0, 0x00, 0x7F, 0x1F, 0xFF, 0xFF, 0x00, 0x07, 0xF1, 0xFF, 0xFF, 0xE0, 0x00, 0xFF,
    0x00, 0xFC, 0x00, 0x00, 0x0F, 0xE0, 0x1F, 0xC0, 0x00, 0x00, 0xFE, 0x01, 0xFC, 0x00, 0x00, 0x1F,
    0xE0, 0x1F, 0xC0, 0x00, 0x01, 0xFC, 0x01, 0xF8, 0x00, 0x00, 0x3F, 0xC0, 0x1F, 0x80, 0x00, 0x03,
    0xF8, 0x01, 0xF8, 0x00, 0x00, 0x7F, 0x80, 0x3F, 0x80, 0x00, 0x0F, 0xF0, 0x03, 0xF8, 0x00, 0x00,
    0xFF, 0x00, 0x3F, 0x00, 0x00, 0x1F, 0xE0, 0x03, 0xF0, 0x00, 0x07, 0xFC, 0x00, 0x3F, 0x00, 0x00,
    0xFF, 0xC0, 0x03, 0xF0, 0x00, 0x1F, 0xF8, 0x00, 0x7F, 0x00, 0x07, 0xFF, 0x00, 0x07, 0xF0, 0x03,
    0xFF, 0xE0, 0x00, 0x7F, 0xFF, 0xFF, 0xF8, 0x00, 0x7F, 0xFF, 0xFF, 0xFF, 0x00, 0x07, 0xFF, 0xFF,
    0xFF, 0xC0, 0x00, 0x7F, 0xFF, 0xFF, 0xF0, 0x00, 0x0F, 0xFF, 0xFF, 0xF8, 0x00, 0x00, 0xFF, 0xFF,
    0xF8, 0x00, 0x00, 0x00, 0x00, 0x00, 0x00, 0x00, 0x00, 0x3E, 0x00, 0x00, 0x00, 0x01, 0xFC, 0x01,
    0xF0, 0x00, 0x00, 0x00, 0x1F, 0xFE, 0x07, 0xC0, 0x00, 0x00, 0x00, 0xFF, 0xFF, 0xFE, 0x00, 0x00,
    0x00, 0x07, 0xFF, 0xFF, 0xF8, 0x00, 0x00, 0x00, 0x1F, 0xFF, 0xFF, 0xC0, 0x00, 0x00, 0x00, 0xFF,
    0xFF, 0xFE, 0x00, 0x00, 0x00, 0x03, 0xE0, 0x3F, 0xF0, 0x00, 0x00, 0x00, 0x1F, 0x00, 0x02, 0x00,
    0x00, 0x00, 0x00, 0x78, 0x00, 0x00, 0x00, 0x00, 0x00, 0x00, 0x00, 0x00, 0x00, 0x00, 0x00, 0x00,
    0x00, 0x00, 0x00, 0x00, 0x00, 0x00, 0xFF, 0xF0, 0x00, 0x00, 0x0F, 0xFC, 0x03, 0xFF, 0xC0, 0x00,
    0x00, 0x3F, 0xF0, 0x1F, 0xFF, 0x80, 0x00, 0x00, 0xFF, 0xC0, 0x7F, 0xFE, 0x00, 0x00, 0x07, 0xFF,
    0x01, 0xFF, 0xF8, 0x00, 0x00, 0x1F, 0xF8, 0x00, 0x7F, 0xF0, 0x00, 0x00, 0x7E, 0x00, 0x01, 0xFF,
    0xC0, 0x00, 0x01, 0xF8, 0x00, 0x0F, 0xFF, 0x80, 0x00, 0x07, 0xE0, 0x00, 0x3F, 0xFE, 0x00, 0x00,
    0x1F, 0x80, 0x00, 0xFF, 0xFC, 0x00, 0x00, 0xFE, 0x00, 0x03, 0xF7, 0xF0, 0x00, 0x03, 0xF0, 0x00,
    0x0F, 0xDF, 0xE0, 0x00, 0x0F, 0xC0, 0x00, 0x7F, 0x3F, 0x80, 0x00, 0x3F, 0x00, 0x01, 0xF8, 0xFF,
    0x00, 0x00, 0xFC, 0x00, 0x07, 0xE1, 0xFC, 0x00, 0x03, 0xF0, 0x00, 0x1F, 0x87, 0xF8, 0x00, 0x1F,
    0x80, 0x00, 0x7E, 0x0F, 0xE0, 0x00, 0x7E, 0x00, 0x01, 0xF8, 0x3F, 0xC0, 0x01, 0xF8, 0x00, 0x0F,
    0xE0, 0x7F, 0x00, 0x07, 0xE0, 0x00, 0x3F, 0x01, 0xFE, 0x00, 0x1F, 0x80, 0x00, 0xFC, 0x03, 0xF8,
    0x00, 0xFE, 0x00, 0x03, 0xF0, 0x0F, 0xF0, 0x03, 0xF0, 0x00, 0x0F, 0xC0, 0x1F, 0xC0, 0x0F, 0xC0,
    0x00, 0x3F, 0x00, 0x7F, 0x80, 0x3F, 0x00, 0x01, 0xFC, 0x00, 0xFE, 0x00, 0xFC, 0x00, 0x07, 0xE0,
    0x03, 0xFC, 0x03, 0xF0, 0x00, 0x1F, 0x80, 0x0F, 0xF0, 0x1F, 0xC0, 0x00, 0x7E, 0x00, 0x1F, 0xE0,
    0x7E, 0x00, 0x01, 0xF8, 0x00, 0x7F, 0x81, 0xF8, 0x00, 0x0F, 0xE0, 0x00, 0xFE, 0x07, 0xE0, 0x00,
    0x3F, 0x00, 0x03, 0xFC, 0x1F, 0x80, 0x00, 0xFC, 0x00, 0x07, 0xF0, 0x7E, 0x00, 0x03, 0xF0, 0x00,
    0x1F, 0xE3, 0xF0, 0x00, 0x0F, 0xC0, 0x00, 0x3F, 0x8F, 0xC0, 0x00, 0x3F, 0x00, 0x00, 0xFF, 0x3F,
    0x00, 0x01, 0xFC, 0x00, 0x01, 0xFC, 0xFC, 0x00, 0x07, 0xE0, 0x00, 0x07, 0xFB, 0xF0, 0x00, 0x1F,
    0x80, 0x00, 0x0F, 0xFF, 0xC0, 0x00, 0x7E, 0x00, 0x00, 0x3F, 0xFE, 0x00, 0x01, 0xF8, 0x00, 0x00,
    0x7F, 0xF8, 0x00, 0x07, 0xE0, 0x00, 0x01, 0xFF, 0xE0, 0x00, 0x3F, 0x80, 0x00, 0x03, 0xFF, 0x80,
    0x0F, 0xFC, 0x00, 0x00, 0x0F, 0xFE, 0x00, 0x3F, 0xF0, 0x00, 0x00, 0x1F, 0xF8, 0x00, 0xFF, 0xC0,
    0x00, 0x00, 0x7F, 0xC0, 0x03, 0xFF, 0x00, 0x00, 0x00, 0xFF, 0x00, 0x0F, 0xFC, 0x00, 0x00, 0x03,
    0xFC, 0x00, 0x00, 0x00, 0x00, 0x60, 0x00, 0x00, 0x00, 0x00, 0x01, 0xF8, 0x00, 0x00, 0x00, 0x00,
    0x07, 0xFF, 0x00, 0x00, 0x00, 0x00, 0x1F, 0xFF, 0xE0, 0x00, 0x00, 0x00, 0xFF, 0xFF, 0xF8, 0x00,
    0x00, 0x03, 0xFF, 0xFF, 0xF0, 0x00, 0x00, 0x07, 0xFF, 0xFF, 0x80, 0x00, 0x00, 0x00, 0x7F, 0xFE,
    0x00, 0x00, 0x00, 0x00, 0x03, 0xF8, 0x00, 0x00, 0x00, 0x00, 0x00, 0x20, 0x00, 0x00, 0x00, 0x3F,
    0xF8, 0x00, 0x00, 0x00, 0x0F, 0xFF, 0xFC, 0x00, 0x00, 0x00, 0xFF, 0xFF, 0xFC, 0x00, 0x00, 0x0F,
    0xFF, 0xFF, 0xF8, 0x00, 0x00, 0x7F, 0xFF, 0xFF, 0xF8, 0x00, 0x07, 0xFF, 0xFF, 0xFF, 0xF0, 0x00,
    0x3F, 0xFC, 0x03, 0xFF, 0xC0, 0x01, 0xFF, 0x80, 0x01, 0xFF, 0x80, 0x0F, 0xF8, 0x00, 0x03, 0xFF,
    0x00, 0x7F, 0xC0, 0x00, 0x07, 0xFC, 0x03, 0xFE, 0x00, 0x00, 0x0F, 0xF0, 0x0F, 0xF0, 0x00, 0x00,
    0x1F, 0xE0, 0x7F, 0x80, 0x00, 0x00, 0x7F, 0x81, 0xFC, 0x00, 0x00, 0x00, 0xFE, 0x0F, 0xF0, 0x00,
    0x00, 0x03, 0xFC, 0x3F, 0x80, 0x00, 0x00, 0x0F, 0xF1, 0xFC, 0x00, 0x00, 0x00, 0x3F, 0xC7, 0xF0,
    0x00, 0x00, 0x00, 0x7F, 0x3F, 0xC0, 0x00, 0x00, 0x01, 0xFC, 0xFE, 0x00, 0x00, 0x00, 0x07, 0xF3,
    0xF8, 0x00, 0x00, 0x00, 0x1F, 0xDF, 0xE0, 0x00, 0x00, 0x00, 0x7F, 0x7F, 0x00, 0x00, 0x00, 0x03,
    0xFD, 0xFC, 0x00, 0x00, 0x00, 0x0F, 0xE7, 0xF0, 0x00, 0x00, 0x00, 0x3F, 0xBF, 0xC0, 0x00, 0x00,
    0x00, 0xFE, 0xFF, 0x00, 0x00, 0x00, 0x03, 0xFB, 0xF8, 0x00, 0x00, 0x00, 0x0F, 0xEF, 0xE0, 0x00,
    0x00, 0x00, 0x7F, 0x3F, 0x80, 0x00, 0x00, 0x01, 0xFC, 0xFE, 0x00, 0x00, 0x00, 0x07, 0xF3, 0xF8,
    0x00, 0x00, 0x00, 0x3F, 0xCF, 0xE0, 0x00, 0x00, 0x00, 0xFE, 0x3F, 0x80, 0x00, 0x00, 0x07, 0xF8,
    0xFF, 0x00, 0x00, 0x00, 0x1F, 0xC3, 0xFC, 0x00, 0x00, 0x00, 0xFF, 0x0F, 0xF0, 0x00, 0x00, 0x03,
    0xF8, 0x1F, 0xE0, 0x00, 0x00, 0x1F, 0xE0, 0x7F, 0x80, 0x00, 0x00, 0xFF, 0x01, 0xFF, 0x00, 0x00,
    0x07, 0xF8, 0x03, 0xFC, 0x00, 0x00, 0x3F, 0xE0, 0x0F, 0xF8, 0x00, 0x03, 0xFF, 0x00, 0x1F, 0xF8,
    0x00, 0x1F, 0xF8, 0x00, 0x3F, 0xF8, 0x03, 0xFF, 0xC0, 0x00, 0xFF, 0xFF, 0xFF, 0xFE, 0x00, 0x01,
    0xFF, 0xFF, 0xFF, 0xE0, 0x00, 0x03, 0xFF, 0xFF, 0xFF, 0x00, 0x00, 0x03, 0xFF, 0xFF, 0xF0, 0x00,
    0x00, 0x03, 0xFF, 0xFF, 0x00, 0x00, 0x00, 0x01, 0xFF, 0xC0, 0x00, 0x00, 0x00, 0x00, 0x00, 0x00,
    0x01, 0x80, 0x00, 0x00, 0x00, 0x00, 0xFE, 0x00, 0x00, 0x00, 0x00, 0x7F, 0xF8, 0x00, 0x00, 0x00,
    0x3F, 0xFF, 0xE0, 0x00, 0x00, 0x1F, 0xFF, 0xFF, 0x00, 0x00, 0x00, 0x7F, 0xFF, 0xFC, 0x00, 0x00,
    0x01, 0xFF, 0xFF, 0xE0, 0x00, 0x00, 0x0F, 0xFF, 0xC0, 0x00, 0x00, 0x00, 0x3F, 0xC0, 0x00, 0x00,
    0x00, 0x00, 0x80, 0x00, 0x00, 0x00, 0x00, 0x00, 0x3F, 0xF8, 0x00, 0x00, 0x00, 0x0F, 0xFF, 0xFC,
    0x00, 0x00, 0x00, 0xFF, 0xFF, 0xFC, 0x00, 0x00, 0x0F, 0xFF, 0xFF, 0xF8, 0x00, 0x00, 0x7F, 0xFF,
    0xFF, 0xF8, 0x00, 0x07, 0xFF, 0xFF, 0xFF, 0xF0, 0x00, 0x3F, 0xFC, 0x03, 0xFF, 0xC0, 0x01, 0xFF,
    0x80, 0x01, 0xFF, 0x80, 0x0F, 0xF8, 0x00, 0x03, 0xFF, 0x00, 0x7F, 0xC0, 0x00, 0x07, 0xFC, 0x03,
    0xFE, 0x00, 0x00, 0x0F, 0xF0, 0x0F, 0xF0, 0x00, 0x00, 0x1F, 0xE0, 0x7F, 0x80, 0x00, 0x00, 0x7F,
    0x81, 0xFC, 0x00, 0x00, 0x00, 0xFE, 0x0F, 0xF0, 0x00, 0x00, 0x03, 0xFC, 0x3F, 0x80, 0x00, 0x00,
    0x0F, 0xF1, 0xFC, 0x00, 0x00, 0x00, 0x3F, 0xC7, 0xF0, 0x00, 0x00, 0x00, 0x7F, 0x3F, 0xC0, 0x00,
    0x00, 0x01, 0xFC, 0xFE, 0x00, 0x00, 0x00, 0x07, 0xF3, 0xF8, 0x00, 0x00, 0x00, 0x1F, 0xDF, 0xE0,
    0x00, 0x00, 0x00, 0x7F, 0x7F, 0x00, 0x00, 0x00, 0x03, 0xFD, 0xFC, 0x00, 0x00, 0x00, 0x0F, 0xE7,
    0xF0, 0x00, 0x00, 0x00, 0x3F, 0xBF, 0xC0, 0x00, 0x00, 0x00, 0xFE, 0xFF, 0x00, 0x00, 0x00, 0x03,
    0xFB, 0xF8, 0x00, 0x00, 0x00, 0x0F, 0xEF, 0xE0, 0x00, 0x00, 0x00, 0x7F, 0x3F, 0x80, 0x00, 0x00,
    0x01, 0xFC, 0xFE, 0x00, 0x00, 0x00, 0x07, 0xF3, 0xF8, 0x00, 0x00, 0x00, 0x3F, 0xCF, 0xE0, 0x00,
    0x00, 0x00, 0xFE, 0x3F, 0x80, 0x00, 0x00, 0x07, 0xF8, 0xFF, 0x00, 0x00, 0x00, 0x1F, 0xC3, 0xFC,
    0x00, 0x00, 0x00, 0xFF, 0x0F, 0xF0, 0x00, 0x00, 0x03, 0xF8, 0x1F, 0xE0, 0x00, 0x00, 0x1F, 0xE0,
    0x7F, 0x80, 0x00, 0x00, 0xFF, 0x01, 0xFF, 0x00, 0x00, 0x07, 0xF8, 0x03, 0xFC, 0x00, 0x00, 0x3F,
    0xE0, 0x0F, 0xF8, 0x00, 0x03, 0xFF, 0x00, 0x1F, 0xF8, 0x00, 0x1F, 0xF8, 0x00, 0x3F, 0xF8, 0x03,
    0xFF, 0xC0, 0x00, 0xFF, 0xFF, 0xFF, 0xFE, 0x00, 0x01, 0xFF, 0xFF, 0xFF, 0xE0, 0x00, 0x03, 0xFF,
    0xFF, 0xFF, 0x00, 0x00, 0x03, 0xFF, 0xFF, 0xF0, 0x00, 0x00, 0x03, 0xFF, 0xFF, 0x00, 0x00, 0x00,
    0x01, 0xFF, 0xC0, 0x00, 0x00, 0x00, 0x00, 0x00, 0x0E, 0x00, 0x00, 0x00, 0x00, 0x01, 0xFE, 0x00,
    0x00, 0x00, 0x00, 0x1F, 0xFE, 0x00, 0x00, 0x00, 0x03, 0xFF, 0xFE, 0x00, 0x00, 0x00, 0x3F, 0xFF,
    0xFE, 0x00, 0x00, 0x03, 0xFF, 0xFF, 0xFE, 0x00, 0x00, 0x1F, 0xFE, 0x3F, 0xFC, 0x00, 0x00, 0x7F,
    0xC0, 0x3F, 0xF0, 0x00, 0x01, 0xF8, 0x00, 0x1F, 0x80, 0x00, 0x0F, 0x00, 0x00, 0x0E, 0x00, 0x00,
    0x00, 0x00, 0x00, 0x00, 0x00, 0x00, 0x00, 0xFF, 0xE0, 0x00, 0x00, 0x00, 0x3F, 0xFF, 0xF0, 0x00,
    0x00, 0x03, 0xFF, 0xFF, 0xF0, 0x00, 0x00, 0x3F, 0xFF, 0xFF, 0xE0, 0x00, 0x01, 0xFF, 0xFF, 0xFF,
    0xE0, 0x00, 0x1F, 0xFF, 0xFF, 0xFF, 0xC0, 0x00, 0xFF, 0xF0, 0x0F, 0xFF, 0x00, 0x07, 0xFE, 0x00,
    0x07, 0xFE, 0x00, 0x3F, 0xE0, 0x00, 0x0F, 0xFC, 0x01, 0xFF, 0x00, 0x00, 0x1F, 0xF0, 0x0F, 0xF8,
    0x00, 0x00, 0x3F, 0xC0, 0x3F, 0xC0, 0x00, 0x00, 0x7F, 0x81, 0xFE, 0x00, 0x00, 0x01, 0xFE, 0x07,
    0xF0, 0x00, 0x00, 0x03, 0xF8, 0x3F, 0xC0, 0x00, 0x00, 0x0F, 0xF1, 0xFE, 0x00, 0x00, 0x00, 0x3F,
    0xC7, 0xF0, 0x00, 0x00, 0x00, 0xFF, 0x1F, 0xC0, 0x00, 0x00, 0x01, 0xFC, 0xFF, 0x00, 0x00, 0x00,
    0x07, 0xF3, 0xF8, 0x00, 0x00, 0x00, 0x1F, 0xCF, 0xE0, 0x00, 0x00, 0x00, 0x7F, 0x7F, 0x80, 0x00,
    0x00, 0x01, 0xFD, 0xFC, 0x00, 0x00, 0x00, 0x0F, 0xF7, 0xF0, 0x00, 0x00, 0x00, 0x3F, 0x9F, 0xC0,
    0x00, 0x00, 0x00, 0xFE, 0xFF, 0x00, 0x00, 0x00, 0x03, 0xFB, 0xFC, 0x00, 0x00, 0x00, 0x0F, 0xEF,
    0xE0, 0x00, 0x00, 0x00, 0x3F, 0xBF, 0x80, 0x00, 0x00, 0x01, 0xFC, 0xFE, 0x00, 0x00, 0x00, 0x07,
    0xF3, 0xF8, 0x00, 0x00, 0x00, 0x1F, 0xCF, 0xE0, 0x00, 0x00, 0x00, 0xFF, 0x3F, 0x80, 0x00, 0x00,
    0x03, 0xF8, 0xFE, 0x00, 0x00, 0x00, 0x1F, 0xE3, 0xFC, 0x00, 0x00, 0x00, 0x7F, 0x0F, 0xF0, 0x00,
    0x00, 0x03, 0xFC, 0x3F, 0xC0, 0x00, 0x00, 0x0F, 0xE0, 0x7F, 0x80, 0x00, 0x00, 0x7F, 0x81, 0xFE,
    0x00, 0x00, 0x03, 0xFC, 0x07, 0xFC, 0x00, 0x00, 0x1F, 0xE0, 0x0F, 0xF0, 0x00, 0x00, 0xFF, 0x80,
    0x3F, 0xE0, 0x00, 0x0F, 0xFC, 0x00, 0x7F, 0xE0, 0x00, 0x7F, 0xE0, 0x00, 0xFF, 0xE0, 0x0F, 0xFF,
    0x00, 0x03, 0xFF, 0xFF, 0xFF, 0xF8, 0x00, 0x07, 0xFF, 0xFF, 0xFF, 0x80, 0x00, 0x0F, 0xFF, 0xFF,
    0xFC, 0x00, 0x00, 0x0F, 0xFF, 0xFF, 0xC0, 0x00, 0x00, 0x0F, 0xFF, 0xFC, 0x00, 0x00, 0x00, 0x07,
    0xFF, 0x00, 0x00, 0x00, 0x00, 0x00, 0x00, 0x00, 0x03, 0xE0, 0x00, 0x00, 0x1F, 0xE0, 0x0F, 0x00,
    0x00, 0x00, 0xFF, 0xF0, 0x7C, 0x00, 0x00, 0x0F, 0xFF, 0xFF, 0xF0, 0x00, 0x00, 0x3F, 0xFF, 0xFF,
    0x80, 0x00, 0x01, 0xFF, 0xFF, 0xFC, 0x00, 0x00, 0x0F, 0xEF, 0xFF, 0xE0, 0x00, 0x00, 0x3E, 0x03,
    0xFF, 0x00, 0x00, 0x01, 0xF0, 0x00, 0x20, 0x00, 0x00, 0x03, 0x80, 0x00, 0x00, 0x00, 0x00, 0x00,
    0x3F, 0xF8, 0x00, 0x00, 0x00, 0x0F, 0xFF, 0xFC, 0x00, 0x00, 0x00, 0xFF, 0xFF, 0xFC, 0x00, 0x00,
    0x0F, 0xFF, 0xFF, 0xF8, 0x00, 0x00, 0x7F, 0xFF, 0xFF, 0xF8, 0x00, 0x07, 0xFF, 0xFF, 0xFF, 0xF0,
    0x00, 0x3F, 0xFC, 0x03, 0xFF, 0xC0, 0x01, 0xFF, 0x80, 0x01, 0xFF, 0x80, 0x0F, 0xF8, 0x00, 0x03,
    0xFF, 0x00, 0x7F, 0xC0, 0x00, 0x07, 0xFC, 0x03, 0xFE, 0x00, 0x00, 0x0F, 0xF0, 0x0F, 0xF0, 0x00,
    0x00, 0x1F, 0xE0, 0x7F, 0x80, 0x00, 0x00, 0x7F, 0x81, 0xFC, 0x00, 0x00, 0x00, 0xFE, 0x0F, 0xF0,
    0x00, 0x00, 0x03, 0xFC, 0x3F, 0x80, 0x00, 0x00, 0x0F, 0xF1, 0xFC, 0x00, 0x00, 0x00, 0x3F, 0xC7,
    0xF0, 0x00, 0x00, 0x00, 0x7F, 0x3F, 0xC0, 0x00, 0x00, 0x01, 0xFC, 0xFE, 0x00, 0x00, 0x00, 0x07,
    0xF3, 0xF8, 0x00, 0x00, 0x00, 0x1F, 0xDF, 0xE0, 0x00, 0x00, 0x00, 0x7F, 0x7F, 0x00, 0x00, 0x00,
    0x03, 0xFD, 0xFC, 0x00, 0x00, 0x00, 0x0F, 0xE7, 0xF0, 0x00, 0x00, 0x00, 0x3F, 0xBF, 0xC0, 0x00,
    0x00, 0x00, 0xFE, 0xFF, 0x00, 0x00, 0x00, 0x03, 0xFB, 0xF8, 0x00, 0x00, 0x00, 0x0F, 0xEF, 0xE0,
    0x00, 0x00, 0x00, 0x7F, 0x3F, 0x80, 0x00, 0x00, 0x01, 0xFC, 0xFE, 0x00, 0x00, 0x00, 0x07, 0xF3,
    0xF8, 0x00, 0x00, 0x00, 0x3F, 0xCF, 0xE0, 0x00, 0x00, 0x00, 0xFE, 0x3F, 0x80, 0x00, 0x00, 0x07,
    0xF8, 0xFF, 0x00, 0x00, 0x00, 0x1F, 0xC3, 0xFC, 0x00, 0x00, 0x00, 0xFF, 0x0F, 0xF0, 0x00, 0x00,
    0x03, 0xF8, 0x1F, 0xE0, 0x00, 0x00, 0x1F, 0xE0, 0x7F, 0x80, 0x00, 0x00, 0xFF, 0x01, 0xFF, 0x00,
    0x00, 0x07, 0xF8, 0x03, 0xFC, 0x00, 0x00, 0x3F, 0xE0, 0x0F, 0xF8, 0x00, 0x03, 0xFF, 0x00, 0x1F,
    0xF8, 0x00, 0x1F, 0xF8, 0x00, 0x3F, 0xF8, 0x03, 0xFF, 0xC0, 0x00, 0xFF, 0xFF, 0xFF, 0xFE, 0x00,
    0x01, 0xFF, 0xFF, 0xFF, 0xE0, 0x00, 0x03, 0xFF, 0xFF, 0xFF, 0x00, 0x00, 0x03, 0xFF, 0xFF, 0xF0,
    0x00, 0x00, 0x03, 0xFF, 0xFF, 0x00, 0x00, 0x00, 0x01, 0xFF, 0xC0, 0x00, 0x00, 0x00, 0x00, 0x1E,
    0x00, 0x1E, 0x00, 0x00, 0x00, 0xFC, 0x00, 0xFC, 0x00, 0x00, 0x07, 0xF8, 0x07, 0xF8, 0x00, 0x00,
    0x1F, 0xE0, 0x3F, 0xE0, 0x00, 0x00, 0xFF, 0x80, 0xFF, 0x00, 0x00, 0x03, 0xFC, 0x03, 0xFC, 0x00,
    0x00, 0x07, 0xE0, 0x07, 0xE0, 0x00, 0x00, 0x0F, 0x00, 0x0F, 0x00, 0x00, 0x00, 0x00, 0x00, 0x00,
    0x00, 0x00, 0x00, 0x0F, 0xFE, 0x00, 0x00, 0x00, 0x03, 0xFF, 0xFF, 0x00, 0x00, 0x00, 0x3F, 0xFF,
    0xFF, 0x00, 0x00, 0x03, 0xFF, 0xFF, 0xFE, 0x00, 0x00, 0x1F, 0xFF, 0xFF, 0xFE, 0x00, 0x01, 0xFF,
    0xFF, 0xFF, 0xFC, 0x00, 0x0F, 0xFF, 0x00, 0xFF, 0xF0, 0x00, 0x7F, 0xE0, 0x00, 0x7F, 0xE0, 0x03,
    0xFE, 0x00, 0x00, 0xFF, 0xC0, 0x1F, 0xF0, 0x00, 0x01, 0xFF, 0x00, 0xFF, 0x80, 0x00, 0x03, 0xFC,
    0x03, 0xFC, 0x00, 0x00, 0x07, 0xF8, 0x1F, 0xE0, 0x00, 0x00, 0x1F, 0xE0, 0x7F, 0x00, 0x00, 0x00,
    0x3F, 0x83, 0xFC, 0x00, 0x00, 0x00, 0xFF, 0x0F, 0xE0, 0x00, 0x00, 0x03, 0xFC, 0x7F, 0x80, 0x00,
    0x00, 0x0F, 0xF1, 0xFC, 0x00, 0x00, 0x00, 0x1F, 0xCF, 0xF0, 0x00, 0x00, 0x00, 0x7F, 0x3F, 0x80,
    0x00, 0x00, 0x01, 0xFC, 0xFE, 0x00, 0x00, 0x00, 0x07, 0xF7, 0xF8, 0x00, 0x00, 0x00, 0x1F, 0xDF,
    0xC0, 0x00, 0x00, 0x00, 0xFF, 0x7F, 0x00, 0x00, 0x00, 0x03, 0xF9, 0xFC, 0x00, 0x00, 0x00, 0x0F,
    0xEF, 0xF0, 0x00, 0x00, 0x00, 0x3F, 0xBF, 0xC0, 0x00, 0x00, 0x00, 0xFE, 0xFE, 0x00, 0x00, 0x00,
    0x03, 0xFB, 0xF8, 0x00, 0x00, 0x00, 0x1F, 0xCF, 0xE0, 0x00, 0x00, 0x00, 0x7F, 0x3F, 0x80, 0x00,
    0x00, 0x01, 0xFC, 0xFE, 0x00, 0x00, 0x00, 0x0F, 0xF3, 0xF8, 0x00, 0x00, 0x00, 0x3F, 0x8F, 0xE0,
    0x00, 0x00, 0x01, 0xFE, 0x3F, 0xC0, 0x00, 0x00, 0x07, 0xF0, 0xFF, 0x00, 0x00, 0x00, 0x3F, 0xC3,
    0xFC, 0x00, 0x00, 0x00, 0xFE, 0x07, 0xF8, 0x00, 0x00, 0x07, 0xF8, 0x1F, 0xE0, 0x00, 0x00, 0x3F,
    0xC0, 0x7F, 0xC0, 0x00, 0x01, 0xFE, 0x00, 0xFF, 0x00, 0x00, 0x0F, 0xF8, 0x03, 0xFE, 0x00, 0x00,
    0xFF, 0xC0, 0x07, 0xFE, 0x00, 0x07, 0xFE, 0x00, 0x0F, 0xFE, 0x00, 0xFF, 0xF0, 0x00, 0x3F, 0xFF,
    0xFF, 0xFF, 0x80, 0x00, 0x7F, 0xFF, 0xFF, 0xF8, 0x00, 0x00, 0xFF, 0xFF, 0xFF, 0xC0, 0x00, 0x00,
    0xFF, 0xFF, 0xFC, 0x00, 0x00, 0x00, 0xFF, 0xFF, 0xC0, 0x00, 0x00, 0x00, 0x7F, 0xF0, 0x00, 0x00,
    0x00, 0x00, 0xC0, 0x00, 0x03, 0x00, 0x38, 0x00, 0x00, 0xF0, 0x1F, 0x80, 0x00, 0x3F, 0x07, 0xF8,
    0x00, 0x0F, 0xE0, 0x7F, 0x80, 0x03, 0xFC, 0x0F, 0xF8, 0x01, 0xFF, 0x00, 0xFF, 0x80, 0x7F, 0xC0,
    0x0F, 0xF0, 0x1F, 0xE0, 0x00, 0xFF, 0x07, 0xF8, 0x00, 0x0F, 0xF1, 0xFE, 0x00, 0x01, 0xFF, 0x7F,
    0x80, 0x00, 0x1F, 0xFF, 0xE0, 0x00, 0x01, 0xFF, 0xF0, 0x00, 0x00, 0x1F, 0xFC, 0x00, 0x00, 0x01,
    0xFF, 0x00, 0x00, 0x00, 0x3F, 0xE0, 0x00, 0x00, 0x1F, 0xFE, 0x00, 0x00, 0x07, 0xFF, 0xE0, 0x00,
    0x01, 0xFF, 0xFC, 0x00, 0x00, 0x7F, 0xBF, 0xC0, 0x00, 0x1F, 0xE3, 0xFC, 0x00, 0x07, 0xF8, 0x3F,
    0xC0, 0x03, 0xFE, 0x07, 0xFC, 0x00, 0xFF, 0x80, 0x7F, 0xC0, 0x3F, 0xC0, 0x07, 0xF8, 0x0F, 0xF0,
    0x00, 0x7F, 0x83, 0xFC, 0x00, 0x07, 0xF0, 0x3F, 0x00, 0x00, 0x7C, 0x03, 0xC0, 0x00, 0x0F, 0x00,
    0x20, 0x00, 0x00, 0xC0, 0x00, 0x00, 0x00, 0x00, 0x00, 0x00, 0x00, 0x80, 0x00, 0x00, 0x07, 0xFE,
    0x00, 0x1C, 0x00, 0x00, 0x07, 0xFF, 0xFE, 0x03, 0xE0, 0x00, 0x01, 0xFF, 0xFF, 0xF8, 0x7F, 0x00,
    0x00, 0x7F, 0xFF, 0xFF, 0xCF, 0xE0, 0x00, 0x1F, 0xFF, 0xFF, 0xFF, 0xFC, 0x00, 0x03, 0xFF, 0xFF,
    0xFF, 0xFF, 0x80, 0x00, 0x7F, 0xF8, 0x07, 0xFF, 0xF0, 0x00, 0x0F, 0xFC, 0x00, 0x0F, 0xFE, 0x00,
    0x01, 0xFF, 0x00, 0x00, 0x3F, 0xE0, 0x00, 0x3F, 0xE0, 0x00, 0x03, 0xFE, 0x00, 0x07, 0xFC, 0x00,
    0x00, 0x7F, 0xE0, 0x00, 0x7F, 0x80, 0x00, 0x0F, 0xFF, 0x00, 0x0F, 0xF0, 0x00, 0x01, 0xFF, 0xF0,
    0x00, 0xFE, 0x00, 0x00, 0x3F, 0xFF, 0x00, 0x1F, 0xE0, 0x00, 0x07, 0xF7, 0xF0, 0x03, 0xFC, 0x00,
    0x00, 0xFE, 0x7F, 0x80, 0x3F, 0x80, 0x00, 0x1F, 0xC7, 0xF8, 0x03, 0xF8, 0x00, 0x03, 0xF8, 0x7F,
    0x80, 0x7F, 0x80, 0x00, 0x7F, 0x03, 0xF8, 0x07, 0xF0, 0x00, 0x0F, 0xE0, 0x3F, 0x80, 0x7F, 0x00,
    0x01, 0xFC, 0x03, 0xF8, 0x0F, 0xF0, 0x00, 0x3F, 0x80, 0x3F, 0x80, 0xFE, 0x00, 0x07, 0xF0, 0x07,
    0xF8, 0x0F, 0xE0, 0x00, 0xFE, 0x00, 0x7F, 0x00, 0xFE, 0x00, 0x1F, 0xC0, 0x07, 0xF0, 0x1F, 0xE0,
    0x03, 0xF8, 0x00, 0x7F, 0x01, 0xFE, 0x00, 0x7F, 0x00, 0x07, 0xF0, 0x1F, 0xC0, 0x0F, 0xE0, 0x00,
    0x7F, 0x01, 0xFC, 0x01, 0xFC, 0x00, 0x0F, 0xE0, 0x1F, 0xC0, 0x3F, 0x80, 0x00, 0xFE, 0x01, 0xFC,
    0x07, 0xF0, 0x00, 0x0F, 0xE0, 0x1F, 0xC0, 0xFE, 0x00, 0x01, 0xFE, 0x01, 0xFC, 0x1F, 0xC0, 0x00,
    0x1F, 0xC0, 0x1F, 0xC3, 0xF8, 0x00, 0x03, 0xFC, 0x01, 0xFE, 0x7F, 0x00, 0x00, 0x3F, 0x80, 0x1F,
    0xEF, 0xE0, 0x00, 0x07, 0xF8, 0x01, 0xFF, 0xFC, 0x00, 0x00, 0x7F, 0x00, 0x0F, 0xFF, 0x00, 0x00,
    0x0F, 0xF0, 0x00, 0xFF, 0xE0, 0x00, 0x01, 0xFE, 0x00, 0x0F, 0xFC, 0x00, 0x00, 0x3F, 0xC0, 0x00,
    0x7F, 0x80, 0x00, 0x07, 0xFC, 0x00, 0x07, 0xFC, 0x00, 0x01, 0xFF, 0x80, 0x00, 0x7F, 0xF0, 0x00,
    0x3F, 0xF0, 0x00, 0x0F, 0xFF, 0xC0, 0x1F, 0xFE, 0x00, 0x01, 0xFF, 0xFF, 0xFF, 0xFF, 0xC0, 0x00,
    0x3F, 0xFF, 0xFF, 0xFF, 0xF0, 0x00, 0x07, 0xE3, 0xFF, 0xFF, 0xFE, 0x00, 0x00, 0xFC, 0x1F, 0xFF,
    0xFF, 0x80, 0x00, 0x07, 0x80, 0x7F, 0xFF, 0xE0, 0x00, 0x00, 0x30, 0x00, 0x7F, 0xE0, 0x00, 0x00,
    0x00, 0x00, 0x03, 0x00, 0x00, 0x00, 0x00, 0x00, 0x1F, 0x80, 0x00, 0x00, 0x00, 0x00, 0xFF, 0xE0,
    0x00, 0x00, 0x00, 0x0F, 0xFF, 0xF8, 0x00, 0x00, 0x00, 0x7F, 0xFF, 0xFC, 0x00, 0x00, 0x03, 0xFF,
    0xFF, 0xF0, 0x00, 0x00, 0x0F, 0xFF, 0xFF, 0x00, 0x00, 0x00, 0x01, 0xFF, 0xF8, 0x00, 0x00, 0x00,
    0x00, 0x1F, 0xC0, 0x00, 0x00, 0x00, 0x00, 0x04, 0x00, 0x00, 0x00, 0x00, 0x00, 0x00, 0x00, 0x00,
    0x00, 0x00, 0x00, 0x00, 0x03, 0xFF, 0x00, 0x00, 0x01, 0xFF, 0xBF, 0xF8, 0x00, 0x00, 0x0F, 0xFD,
    0xFF, 0xC0, 0x00, 0x00, 0xFF, 0xEF, 0xFE, 0x00, 0x00, 0x07, 0xFF, 0x7F, 0xF0, 0x00, 0x00, 0x3F,
    0xF0, 0x7F, 0x00, 0x00, 0x01, 0xF8, 0x03, 0xF8, 0x00, 0x00, 0x0F, 0xC0, 0x1F, 0xC0, 0x00, 0x00,
    0x7E, 0x00, 0xFE, 0x00, 0x00, 0x07, 0xF0, 0x07, 0xF0, 0x00, 0x00, 0x3F, 0x80, 0x3F, 0x00, 0x00,
    0x01, 0xF8, 0x03, 0xF8, 0x00, 0x00, 0x0F, 0xC0, 0x1F, 0xC0, 0x00, 0x00, 0x7E, 0x00, 0xFE, 0x00,
    0x00, 0x07, 0xF0, 0x07, 0xF0, 0x00, 0x00, 0x3F, 0x80, 0x3F, 0x80, 0x00, 0x01, 0xFC, 0x01, 0xF8,
    0x00, 0x00, 0x0F, 0xC0, 0x1F, 0xC0, 0x00, 0x00, 0x7E, 0x00, 0xFE, 0x00, 0x00, 0x03, 0xF0, 0x07,
    0xF0, 0x00, 0x00, 0x3F, 0x80, 0x3F, 0x80, 0x00, 0x01, 0xFC, 0x01, 0xF8, 0x00, 0x00, 0x0F, 0xC0,
    0x1F, 0xC0, 0x00, 0x00, 0x7E, 0x00, 0xFE, 0x00, 0x00, 0x03, 0xF0, 0x07, 0xF0, 0x00, 0x00, 0x3F,
    0x80, 0x3F, 0x80, 0x00, 0x01, 0xFC, 0x01, 0xFC, 0x00, 0x00, 0x0F, 0xE0, 0x0F, 0xC0, 0x00, 0x00,
    0x7E, 0x00, 0xFE, 0x00, 0x00, 0x03, 0xF0, 0x07, 0xF0, 0x00, 0x00, 0x1F, 0x80, 0x3F, 0x80, 0x00,
    0x01, 0xFC, 0x01, 0xFC, 0x00, 0x00, 0x0F, 0xE0, 0x0F, 0xE0, 0x00, 0x00, 0x7E, 0x00, 0x7F, 0x00,
    0x00, 0x03, 0xF0, 0x03, 0xF8, 0x00, 0x00, 0x3F, 0x80, 0x1F, 0xC0, 0x00, 0x01, 0xFC, 0x00, 0xFE,
    0x00, 0x00, 0x1F, 0xC0, 0x07, 0xF0, 0x00, 0x00, 0xFE, 0x00, 0x3F, 0xC0, 0x00, 0x0F, 0xE0, 0x01,
    0xFE, 0x00, 0x00, 0xFF, 0x00, 0x0F, 0xF8, 0x00, 0x1F, 0xF0, 0x00, 0x3F, 0xF8, 0x07, 0xFF, 0x00,
    0x01, 0xFF, 0xFF, 0xFF, 0xF0, 0x00, 0x07, 0xFF, 0xFF, 0xFF, 0x00, 0x00, 0x1F, 0xFF, 0xFF, 0xF0,
    0x00, 0x00, 0x7F, 0xFF, 0xFF, 0x00, 0x00, 0x00, 0xFF, 0xFF, 0xC0, 0x00, 0x00, 0x00, 0xFF, 0xF0,
    0x00, 0x00, 0x00, 0x00, 0x00, 0x00, 0x00, 0x03, 0x00, 0x00, 0x00, 0x00, 0x01, 0xFC, 0x00, 0x00,
    0x00, 0x00, 0xFF, 0xF0, 0x00, 0x00, 0x00, 0x7F, 0xFF, 0xC0, 0x00, 0x00, 0x3F, 0xFF, 0xFE, 0x00,
    0x00, 0x00, 0xFF, 0xFF, 0xF8, 0x00, 0x00, 0x07, 0xFF, 0xFF, 0xC0, 0x00, 0x00, 0x1F, 0xFF, 0x80,
    0x00, 0x00, 0x00, 0x7F, 0x80, 0x00, 0x00, 0x00, 0x01, 0x00, 0x00, 0x00, 0x00, 0x00, 0x00, 0x00,
    0x00, 0x00, 0x00, 0x00, 0x00, 0x00, 0x00, 0x00, 0x3F, 0xF8, 0x00, 0x00, 0x1F, 0xFC, 0xFF, 0xE0,
    0x00, 0x00, 0x7F, 0xE3, 0xFF, 0x00, 0x00, 0x01, 0xFF, 0x8F, 0xFC, 0x00, 0x00, 0x07, 0xFE, 0x7F,
    0xF0, 0x00, 0x00, 0x1F, 0xF8, 0x1F, 0xC0, 0x00, 0x00, 0xFE, 0x00, 0x7F, 0x00, 0x00, 0x03, 0xF8,
    0x01, 0xFC, 0x00, 0x00, 0x0F, 0xC0, 0x07, 0xE0, 0x00, 0x00, 0x3F, 0x00, 0x3F, 0x80, 0x00, 0x00,
    0xFC, 0x00, 0xFE, 0x00, 0x00, 0x03, 0xF0, 0x03, 0xF8, 0x00, 0x00, 0x1F, 0xC0, 0x0F, 0xE0, 0x00,
    0x00, 0x7F, 0x00, 0x3F, 0x00, 0x00, 0x01, 0xF8, 0x01, 0xFC, 0x00, 0x00, 0x07, 0xE0, 0x07, 0xF0,
    0x00, 0x00, 0x1F, 0x80, 0x1F, 0xC0, 0x00, 0x00, 0xFE, 0x00, 0x7F, 0x00, 0x00, 0x03, 0xF8, 0x01,
    0xFC, 0x00, 0x00, 0x0F, 0xE0, 0x07, 0xE0, 0x00, 0x00, 0x3F, 0x00, 0x3F, 0x80, 0x00, 0x00, 0xFC,
    0x00, 0xFE, 0x00, 0x00, 0x03, 0xF0, 0x03, 0xF8, 0x00, 0x00, 0x1F, 0xC0, 0x0F, 0xE0, 0x00, 0x00,
    0x7F, 0x00, 0x3F, 0x00, 0x00, 0x01, 0xF8, 0x01, 0xFC, 0x00, 0x00, 0x07, 0xE0, 0x07, 0xF0, 0x00,
    0x00, 0x1F, 0x80, 0x1F, 0xC0, 0x00, 0x00, 0xFE, 0x00, 0x7F, 0x00, 0x00, 0x03, 0xF8, 0x01, 0xFC,
    0x00, 0x00, 0x0F, 0xE0, 0x07, 0xE0, 0x00, 0x00, 0x3F, 0x00, 0x3F, 0x80, 0x00, 0x00, 0xFC, 0x00,
    0xFE, 0x00, 0x00, 0x07, 0xF0, 0x03, 0xF8, 0x00, 0x00, 0x1F, 0xC0, 0x0F, 0xE0, 0x00, 0x00, 0x7E,
    0x00, 0x3F, 0x80, 0x00, 0x03, 0xF8, 0x00, 0xFE, 0x00, 0x00, 0x0F, 0xE0, 0x03, 0xFC, 0x00, 0x00,
    0x7F, 0x00, 0x0F, 0xF0, 0x00, 0x03, 0xFC, 0x00, 0x1F, 0xE0, 0x00, 0x1F, 0xE0, 0x00, 0x7F, 0xC0,
    0x00, 0xFF, 0x80, 0x01, 0xFF, 0xC0, 0x1F, 0xFC, 0x00, 0x03, 0xFF, 0xFF, 0xFF, 0xE0, 0x00, 0x07,
    0xFF, 0xFF, 0xFF, 0x00, 0x00, 0x0F, 0xFF, 0xFF, 0xF8, 0x00, 0x00, 0x1F, 0xFF, 0xFF, 0x80, 0x00,
    0x00, 0x1F, 0xFF, 0xF8, 0x00, 0x00, 0x00, 0x0F, 0xFE, 0x00, 0x00, 0x00, 0x00, 0x00, 0x00, 0x60,
    0x00, 0x00, 0x00, 0x00, 0x1F, 0xE0, 0x00, 0x00, 0x00, 0x03, 0xFF, 0xC0, 0x00, 0x00, 0x00, 0xFF,
    0xFF, 0x80, 0x00, 0x00, 0x1F, 0xFF, 0xFF, 0x00, 0x00, 0x07, 0xFF, 0xFF, 0xFE, 0x00, 0x00, 0x3F,
    0xFC, 0xFF, 0xF0, 0x00, 0x03, 0xFE, 0x00, 0xFF, 0x80, 0x00, 0x1F, 0x80, 0x00, 0xFC, 0x00, 0x00,
    0xE0, 0x00, 0x00, 0xE0, 0x00, 0x00, 0x00, 0x00, 0x00, 0x00, 0x00, 0x00, 0x00, 0x00, 0x00, 0x00,
    0x00, 0x00, 0x00, 0x00, 0x00, 0x1F, 0xF8, 0x00, 0x00, 0x0F, 0xFC, 0xFF, 0xC0, 0x00, 0x00, 0x7F,
    0xEF, 0xFE, 0x00, 0x00, 0x03, 0xFF, 0x7F, 0xF0, 0x00, 0x00, 0x3F, 0xFB, 0xFF, 0x80, 0x00, 0x01,
    0xFF, 0x81, 0xF8, 0x00, 0x00, 0x0F, 0xC0, 0x1F, 0xC0, 0x00, 0x00, 0x7E, 0x00, 0xFE, 0x00, 0x00,
    0x03, 0xF0, 0x07, 0xF0, 0x00, 0x00, 0x1F, 0x80, 0x3F, 0x80, 0x00, 0x01, 0xFC, 0x01, 0xFC, 0x00,
    0x00, 0x0F, 0xE0, 0x0F, 0xC0, 0x00, 0x00, 0x7E, 0x00, 0xFE, 0x00, 0x00, 0x03, 0xF0, 0x07, 0xF0,
    0x00, 0x00, 0x1F, 0x80, 0x3F, 0x80, 0x00, 0x01, 0xFC, 0x01, 0xFC, 0x00, 0x00, 0x0F, 0xE0, 0x0F,
    0xC0, 0x00, 0x00, 0x7E, 0x00, 0xFE, 0x00, 0x00, 0x03, 0xF0, 0x07, 0xF0, 0x00, 0x00, 0x1F, 0x80,
    0x3F, 0x80, 0x00, 0x00, 0xFC, 0x01, 0xFC, 0x00, 0x00, 0x0F, 0xE0, 0x0F, 0xE0, 0x00, 0x00, 0x7F,
    0x00, 0x7E, 0x00, 0x00, 0x03, 0xF0, 0x07, 0xF0, 0x00, 0x00, 0x1F, 0x80, 0x3F, 0x80, 0x00, 0x00,
    0xFC, 0x01, 0xFC, 0x00, 0x00, 0x0F, 0xE0, 0x0F, 0xE0, 0x00, 0x00, 0x7F, 0x00, 0x7E, 0x00, 0x00,
    0x03, 0xF8, 0x03, 0xF0, 0x00, 0x00, 0x1F, 0x80, 0x3F, 0x80, 0x00, 0x00, 0xFC, 0x01, 0xFC, 0x00,
    0x00, 0x07, 0xE0, 0x0F, 0xE0, 0x00, 0x00, 0x7F, 0x00, 0x7F, 0x00, 0x00, 0x03, 0xF8, 0x03, 0xF8,
    0x00, 0x00, 0x1F, 0x80, 0x1F, 0xC0, 0x00, 0x01, 0xFC, 0x00, 0xFE, 0x00, 0x00, 0x0F, 0xE0, 0x07,
    0xF0, 0x00, 0x00, 0xFE, 0x00, 0x3F, 0x80, 0x00, 0x07, 0xF0, 0x01, 0xFE, 0x00, 0x00, 0x7F, 0x00,
    0x0F, 0xF0, 0x00, 0x07, 0xF8, 0x00, 0x7F, 0xE0, 0x00, 0xFF, 0x80, 0x01, 0xFF, 0xC0, 0x1F, 0xF8,
    0x00, 0x0F, 0xFF, 0xFF, 0xFF, 0xC0, 0x00, 0x3F, 0xFF, 0xFF, 0xF8, 0x00, 0x00, 0xFF, 0xFF, 0xFF,
    0x80, 0x00, 0x03, 0xFF, 0xFF, 0xF8, 0x00, 0x00, 0x07, 0xFF, 0xFF, 0x00, 0x00, 0x00, 0x07, 0xFF,
    0x80, 0x00, 0x00, 0x00, 0x00, 0x00, 0xF0, 0x00, 0xF0, 0x00, 0x00, 0x07, 0xE0, 0x0F, 0xE0, 0x00,
    0x00, 0x3F, 0x80, 0x3F, 0x80, 0x00, 0x01, 0xFF, 0x01, 0xFE, 0x00, 0x00, 0x07, 0xF8, 0x07, 0xF8,
    0x00, 0x00, 0x1F, 0xE0, 0x1F, 0xE0, 0x00, 0x00, 0x3F, 0x00, 0x7F, 0x00, 0x00, 0x00, 0x78, 0x00,
    0xF8, 0x00, 0x00, 0x00, 0x00, 0x00, 0x00, 0x00, 0x00, 0x00, 0x00, 0x00, 0x00, 0x00, 0x00, 0x00,
    0x00, 0x00, 0x00, 0x0F, 0xFE, 0x00, 0x00, 0x07, 0xFF, 0x3F, 0xF8, 0x00, 0x00, 0x1F, 0xF8, 0xFF,
    0xC0, 0x00, 0x00, 0x7F, 0xE3, 0xFF, 0x00, 0x00, 0x01, 0xFF, 0x9F, 0xFC, 0x00, 0x00, 0x07, 0xFE,
    0x07, 0xF0, 0x00, 0x00, 0x3F, 0x80, 0x1F, 0xC0, 0x00, 0x00, 0xFE, 0x00, 0x7F, 0x00, 0x00, 0x03,
    0xF0, 0x01, 0xF8, 0x00, 0x00, 0x0F, 0xC0, 0x0F, 0xE0, 0x00, 0x00, 0x3F, 0x00, 0x3F, 0x80, 0x00,
    0x00, 0xFC, 0x00, 0xFE, 0x00, 0x00, 0x07, 0xF0, 0x03, 0xF8, 0x00, 0x00, 0x1F, 0xC0, 0x0F, 0xC0,
    0x00, 0x00, 0x7E, 0x00, 0x7F, 0x00, 0x00, 0x01, 0xF8, 0x01, 0xFC, 0x00, 0x00, 0x07, 0xE0, 0x07,
    0xF0, 0x00, 0x00, 0x3F, 0x80, 0x1F, 0xC0, 0x00, 0x00, 0xFE, 0x00, 0x7F, 0x00, 0x00, 0x03, 0xF8,
    0x01, 0xF8, 0x00, 0x00, 0x0F, 0xC0, 0x0F, 0xE0, 0x00, 0x00, 0x3F, 0x00, 0x3F, 0x80, 0x00, 0x00,
    0xFC, 0x00, 0xFE, 0x00, 0x00, 0x07, 0xF0, 0x03, 0xF8, 0x00, 0x00, 0x1F, 0xC0, 0x0F, 0xC0, 0x00,
    0x00, 0x7E, 0x00, 0x7F, 0x00, 0x00, 0x01, 0xF8, 0x01, 0xFC, 0x00, 0x00, 0x07, 0xE0, 0x07, 0xF0,
    0x00, 0x00, 0x3F, 0x80, 0x1F, 0xC0, 0x00, 0x00, 0xFE, 0x00, 0x7F, 0x00, 0x00, 0x03, 0xF8, 0x01,
    0xF8, 0x00, 0x00, 0x0F, 0xC0, 0x0F, 0xE0, 0x00, 0x00, 0x3F, 0x00, 0x3F, 0x80, 0x00, 0x01, 0xFC,
    0x00, 0xFE, 0x00, 0x00, 0x07, 0xF0, 0x03, 0xF8, 0x00, 0x00, 0x1F, 0x80, 0x0F, 0xE0, 0x00, 0x00,
    0xFE, 0x00, 0x3F, 0x80, 0x00, 0x03, 0xF8, 0x00, 0xFF, 0x00, 0x00, 0x1F, 0xC0, 0x03, 0xFC, 0x00,
    0x00, 0xFF, 0x00, 0x07, 0xF8, 0x00, 0x07, 0xF8, 0x00, 0x1F, 0xF0, 0x00, 0x3F, 0xE0, 0x00, 0x7F,
    0xF0, 0x07, 0xFF, 0x00, 0x00, 0xFF, 0xFF, 0xFF, 0xF8, 0x00, 0x01, 0xFF, 0xFF, 0xFF, 0xC0, 0x00,
    0x03, 0xFF, 0xFF, 0xFE, 0x00, 0x00, 0x07, 0xFF, 0xFF, 0xE0, 0x00, 0x00, 0x07, 0xFF, 0xFE, 0x00,
    0x00, 0x00, 0x03, 0xFF, 0x80, 0x00, 0x00, 0x00, 0x00, 0x00, 0x00, 0x00, 0x20, 0x00, 0x00, 0x00,
    0x0F, 0xE0, 0x00, 0x00, 0x03, 0xFF, 0x80, 0x00, 0x00, 0xFF, 0xFF, 0x00, 0x00, 0x3F, 0xFF, 0xFE,
    0x00, 0x00, 0xFF, 0xFF, 0xFC, 0x00, 0x01, 0xFF, 0xFF, 0xE0, 0x00, 0x03, 0xFF, 0xF0, 0x00, 0x00,
    0x07, 0xF8, 0x00, 0x00, 0x00, 0x08, 0x00, 0x00, 0x00, 0x00, 0x00, 0x00, 0x00, 0x00, 0x00, 0x00,
    0x00, 0x00, 0x0F, 0xF0, 0x00, 0x00, 0x0F, 0xFF, 0xF0, 0x00, 0x00, 0x3F, 0xFF, 0xE0, 0x00, 0x00,
    0xFF, 0xFF, 0xE0, 0x00, 0x01, 0xFF, 0xFF, 0xC0, 0x00, 0x07, 0xFE, 0x3F, 0xC0, 0x00, 0x1F, 0xC0,
    0x3F, 0x80, 0x00, 0x7F, 0x00, 0x7F, 0x80, 0x00, 0xFC, 0x00, 0x7F, 0x00, 0x03, 0xF0, 0x00, 0xFE,
    0x00, 0x0F, 0xE0, 0x00, 0xFE, 0x00, 0x3F, 0x80, 0x01, 0xFC, 0x00, 0x7E, 0x00, 0x03, 0xFC, 0x01,
    0xF8, 0x00, 0x03, 0xF8, 0x07, 0xF0, 0x00, 0x07, 0xF8, 0x1F, 0xC0, 0x00, 0x07, 0xF0, 0x3F, 0x00,
    0x00, 0x0F, 0xE0, 0xFC, 0x00, 0x00, 0x0F, 0xE3, 0xF8, 0x00, 0x00, 0x1F, 0xCF, 0xE0, 0x00, 0x00,
    0x1F, 0xDF, 0x80, 0x00, 0x00, 0x3F, 0xFE, 0x00, 0x00, 0x00, 0x7F, 0xFC, 0x00, 0x00, 0x00, 0x7F,
    0xF0, 0x00, 0x00, 0x00, 0xFF, 0xC0, 0x00, 0x00, 0x00, 0xFF, 0x00, 0x00, 0x00, 0x01, 0xFE, 0x00,
    0x00, 0x00, 0x01, 0xF8, 0x00, 0x00, 0x00, 0x07, 0xF0, 0x00, 0x00, 0x00, 0x0F, 0xE0, 0x00, 0x00,
    0x00, 0x1F, 0xC0, 0x00, 0x00, 0x00, 0x3F, 0x00, 0x00, 0x00, 0x00, 0x7E, 0x00, 0x00, 0x00, 0x01,
    0xFC, 0x00, 0x00, 0x00, 0x03, 0xF8, 0x00, 0x00, 0x00, 0x07, 0xF0, 0x00, 0x00, 0x00, 0x0F, 0xE0,
    0x00, 0x00, 0x00, 0x1F, 0x80, 0x00, 0x00, 0x00, 0x3F, 0x00, 0x00, 0x00, 0x00, 0xFE, 0x00, 0x00,
    0x00, 0x01, 0xFC, 0x00, 0x00, 0x00, 0x03, 0xF8, 0x00, 0x00, 0x00, 0x07, 0xF0, 0x00, 0x00, 0x00,
    0xFF, 0xFC, 0x00, 0x00, 0x01, 0xFF, 0xF8, 0x00, 0x00, 0x07, 0xFF, 0xF0, 0x00, 0x00, 0x0F, 0xFF,
    0xE0, 0x00, 0x00, 0x1F, 0xFF, 0x80, 0x00, 0x00, 0x00, 0xFF, 0xFE, 0x00, 0x00, 0x03, 0xFF, 0xF0,
    0x00, 0x00, 0x0F, 0xFF, 0xC0, 0x00, 0x00, 0x3F, 0xFF, 0x00, 0x00, 0x00, 0xFF, 0xFC, 0x00, 0x00,
    0x00, 0x7F, 0x00, 0x00, 0x00, 0x01, 0xFC, 0x00, 0x00, 0x00, 0x07, 0xE0, 0x00, 0x00, 0x00, 0x1F,
    0x80, 0x00, 0x00, 0x00, 0x7F, 0xFF, 0xF0, 0x00, 0x03, 0xFF, 0xFF, 0xF8, 0x00, 0x0F, 0xFF, 0xFF,
    0xF0, 0x00, 0x3F, 0xFF, 0xFF, 0xF0, 0x00, 0xFF, 0xFF, 0xFF, 0xC0, 0x03, 0xFF, 0xFF, 0xFF, 0x80,
    0x1F, 0xC0, 0x03, 0xFF, 0x00, 0x7F, 0x00, 0x03, 0xFC, 0x01, 0xFC, 0x00, 0x07, 0xF0, 0x07, 0xF0,
    0x00, 0x1F, 0xC0, 0x1F, 0x80, 0x00, 0x7F, 0x00, 0x7E, 0x00, 0x00, 0xFC, 0x03, 0xF8, 0x00, 0x03,
    0xF0, 0x0F, 0xE0, 0x00, 0x1F, 0xC0, 0x3F, 0x80, 0x00, 0x7F, 0x00, 0xFC, 0x00, 0x01, 0xFC, 0x03,
    0xF0, 0x00, 0x07, 0xF0, 0x0F, 0xC0, 0x00, 0x3F, 0x80, 0x7F, 0x00, 0x00, 0xFE, 0x01, 0xFC, 0x00,
    0x07, 0xF0, 0x07, 0xE0, 0x00, 0x7F, 0xC0, 0x1F, 0x80, 0x07, 0xFE, 0x00, 0x7F, 0xFF, 0xFF, 0xF0,
    0x01, 0xFF, 0xFF, 0xFF, 0x80, 0x0F, 0xFF, 0xFF, 0xFC, 0x00, 0x3F, 0xFF, 0xFF, 0xE0, 0x00, 0xFF,
    0xFF, 0xFE, 0x00, 0x03, 0xFF, 0xFF, 0x80, 0x00, 0x0F, 0xC0, 0x00, 0x00, 0x00, 0x7F, 0x00, 0x00,
    0x00, 0x01, 0xFC, 0x00, 0x00, 0x00, 0x07, 0xF0, 0x00, 0x00, 0x00, 0x1F, 0x80, 0x00, 0x00, 0x07,
    0xFF, 0xF0, 0x00, 0x00, 0x1F, 0xFF, 0x80, 0x00, 0x00, 0x7F, 0xFE, 0x00, 0x00, 0x03, 0xFF, 0xF8,
    0x00, 0x00, 0x0F, 0xFF, 0xE0, 0x00, 0x00, 0x00, 0x00, 0x00, 0x1F, 0xE0, 0x00, 0x00, 0x3F, 0xFF,
    0x00, 0x00, 0x3F, 0xFF, 0xE0, 0x00, 0x3F, 0xFF, 0xFC, 0x00, 0x1F, 0xFF, 0xFF, 0x80, 0x07, 0xF8,
    0x1F, 0xF0, 0x03, 0xF8, 0x01, 0xFC, 0x01, 0xFC, 0x00, 0x7F, 0x00, 0x7E, 0x00, 0x0F, 0xC0, 0x3F,
    0x80, 0x03, 0xF0, 0x0F, 0xC0, 0x00, 0xFC, 0x07, 0xF0, 0x00, 0x3F, 0x01, 0xF8, 0x00, 0x0F, 0xC0,
    0x7E, 0x00, 0x07, 0xF0, 0x3F, 0x80, 0x01, 0xF8, 0x0F, 0xC0, 0x00, 0xFE, 0x03, 0xF0, 0x00, 0x7F,
    0x00, 0xFC, 0x00, 0x3F, 0xC0, 0x3F, 0x00, 0x3F, 0xE0, 0x0F, 0xC1, 0xFF, 0xF0, 0x07, 0xF0, 0x7F,
    0xF8, 0x01, 0xF8, 0x1F, 0xF8, 0x00, 0x7E, 0x07, 0xFF, 0x00, 0x1F, 0x83, 0xFF, 0xF0, 0x07, 0xE0,
    0xFF, 0xFE, 0x03, 0xF8, 0x00, 0xFF, 0xC0, 0xFE, 0x00, 0x0F, 0xF8, 0x3F, 0x00, 0x01, 0xFE, 0x0F,
    0xC0, 0x00, 0x3F, 0xC3, 0xF0, 0x00, 0x07, 0xF0, 0xFC, 0x00, 0x01, 0xFC, 0x7F, 0x00, 0x00, 0x7F,
    0x1F, 0x80, 0x00, 0x1F, 0xC7, 0xE0, 0x00, 0x07, 0xF1, 0xF8, 0x00, 0x01, 0xFC, 0x7E, 0x00, 0x00,
    0x7F, 0x1F, 0x80, 0x00, 0x1F, 0xCF, 0xE0, 0x00, 0x07, 0xE3, 0xF0, 0x00, 0x03, 0xF8, 0xFC, 0x00,
    0x00, 0xFE, 0x3F, 0x00, 0x00, 0x7F, 0x8F, 0xC0, 0x00, 0x1F, 0xC7, 0xF0, 0x00, 0x0F, 0xF1, 0xFC,
    0x00, 0x07, 0xF8, 0x7E, 0x00, 0x03, 0xFE, 0x1F, 0x84, 0x07, 0xFF, 0x07, 0xE3, 0xFF, 0xFF, 0x81,
    0xF8, 0xFF, 0xFF, 0xC0, 0xFE, 0x3F, 0xFF, 0xE0, 0x3F, 0x0F, 0xFF, 0xE0, 0x0F, 0xC3, 0xFF, 0xE0,
    0x00, 0x00, 0x7F, 0xC0, 0x00, 0x00, 0x1F, 0xC0, 0x00, 0x00, 0x1F, 0xC0, 0x00, 0x00, 0x1F, 0x80,
    0x00, 0x00, 0x3F, 0x80, 0x00, 0x00, 0x3F, 0x00, 0x00, 0x00, 0x3F, 0x00, 0x00, 0x00, 0x7E, 0x00,
    0x00, 0x00, 0x7E, 0x00, 0x00, 0x00, 0x7E, 0x00, 0x00, 0x00, 0xFC, 0x00, 0x00, 0x00, 0xFC, 0x00,
    0x00, 0x01, 0xF8, 0x00, 0x00, 0x00, 0x00, 0x00, 0x00, 0xFF, 0x80, 0x00, 0x1F, 0xFF, 0xE0, 0x00,
    0xFF, 0xFF, 0xE0, 0x01, 0xFF, 0xFF, 0xE0, 0x03, 0xFF, 0xFF, 0xE0, 0x03, 0xC0, 0x7F, 0xC0, 0x04,
    0x00, 0x3F, 0x80, 0x00, 0x00, 0x3F, 0x80, 0x00, 0x00, 0x7F, 0x00, 0x00, 0x00, 0xFE, 0x00, 0x1F,
    0xE1, 0xFC, 0x01, 0xFF, 0xF3, 0xF0, 0x0F, 0xFF, 0xFF, 0xE0, 0x3F, 0xFF, 0xFF, 0xC0, 0xFF, 0xFF,
    0xFF, 0x83, 0xFE, 0x07, 0xFF, 0x07, 0xF0, 0x03, 0xFE, 0x1F, 0xC0, 0x03, 0xF8, 0x3F, 0x00, 0x07,
    0xF0, 0xFE, 0x00, 0x07, 0xE1, 0xF8, 0x00, 0x0F, 0xC3, 0xF0, 0x00, 0x1F, 0x87, 0xE0, 0x00, 0x7F,
    0x0F, 0xC0, 0x00, 0xFC, 0x1F, 0x80, 0x03, 0xF8, 0x3F, 0x80, 0x0F, 0xF0, 0x7F, 0x00, 0x3F, 0xE2,
    0xFF, 0x81, 0xFF, 0xFF, 0xFF, 0xFF, 0xFF, 0xFD, 0xFF, 0xFF, 0xBF, 0xF9, 0xFF, 0xFE, 0x7F, 0xC1,
    0xFF, 0xF0, 0x7E, 0x00, 0x7F, 0x80, 0x00, 0x00, 0x00, 0x00, 0x00, 0x7E, 0x00, 0x00, 0x01, 0xF8,
    0x00, 0x00, 0x07, 0xE0, 0x00, 0x00, 0x1F, 0x80, 0x00, 0x00, 0x7E, 0x00, 0x00, 0x01, 0xF8, 0x00,
    0x00, 0x07, 0xE0, 0x00, 0x00, 0x1F, 0x80, 0x00, 0x00, 0x7E, 0x00, 0x00, 0x01, 0xF8, 0x00, 0x00,
    0x07, 0xE0, 0x00, 0x00, 0x0F, 0x80, 0x00, 0x00, 0x3E, 0x00, 0x00, 0x00, 0x00, 0x00, 0x00, 0x01,
    0xFF, 0x00, 0x00, 0x3F, 0xFF, 0xC0, 0x01, 0xFF, 0xFF, 0xC0, 0x03, 0xFF, 0xFF, 0xC0, 0x07, 0xFF,
    0xFF, 0xC0, 0x07, 0x80, 0xFF, 0x80, 0x08, 0x00, 0x7F, 0x00, 0x00, 0x00, 0x7F, 0x00, 0x00, 0x00,
    0xFE, 0x00, 0x00, 0x01, 0xFC, 0x00, 0x3F, 0xC3, 0xF8, 0x03, 0xFF, 0xE7, 0xE0, 0x1F, 0xFF, 0xFF,
    0xC0, 0x7F, 0xFF, 0xFF, 0x81, 0xFF, 0xFF, 0xFF, 0x07, 0xFC, 0x0F, 0xFE, 0x0F, 0xE0, 0x07, 0xFC,
    0x3F, 0x80, 0x07, 0xF0, 0x7E, 0x00, 0x0F, 0xE1, 0xFC, 0x00, 0x0F, 0xC3, 0xF0, 0x00, 0x1F, 0x87,
    0xE0, 0x00, 0x3F, 0x0F, 0xC0, 0x00, 0xFE, 0x1F, 0x80, 0x01, 0xF8, 0x3F, 0x00, 0x07, 0xF0, 0x7F,
    0x00, 0x1F, 0xE0, 0xFE, 0x00, 0x7F, 0xC5, 0xFF, 0x03, 0xFF, 0xFF, 0xFF, 0xFF, 0xFF, 0xFB, 0xFF,
    0xFF, 0x7F, 0xF3, 0xFF, 0xFC, 0xFF, 0x83, 0xFF, 0xE0, 0xFC, 0x00, 0xFF, 0x00, 0x00, 0x00, 0x00,
    0x00, 0x3F, 0x80, 0x00, 0x00, 0xFF, 0x00, 0x00, 0x01, 0xFF, 0x00, 0x00, 0x07, 0xFE, 0x00, 0x00,
    0x1F, 0xFC, 0x00, 0x00, 0x7E, 0xFC, 0x00, 0x01, 0xF9, 0xF8, 0x00, 0x03, 0xE1, 0xF8, 0x00, 0x0F,
    0x83, 0xF0, 0x00, 0x3F, 0x03, 0xE0, 0x00, 0xFC, 0x07, 0xE0, 0x01, 0xF0, 0x0F, 0xC0, 0x07, 0xC0,
    0x0F, 0xC0, 0x0F, 0x00, 0x0F, 0x00, 0x01, 0xFF, 0x00, 0x00, 0x3F, 0xFF, 0xC0, 0x01, 0xFF, 0xFF,
    0xC0, 0x03, 0xFF, 0xFF, 0xC0, 0x07, 0xFF, 0xFF, 0xC0, 0x07, 0x80, 0xFF, 0x80, 0x08, 0x00, 0x7F,
    0x00, 0x00, 0x00, 0x7F, 0x00, 0x00, 0x00, 0xFE, 0x00, 0x00, 0x01, 0xFC, 0x00, 0x3F, 0xC3, 0xF8,
    0x03, 0xFF, 0xE7, 0xE0, 0x1F, 0xFF, 0xFF, 0xC0, 0x7F, 0xFF, 0xFF, 0x81, 0xFF, 0xFF, 0xFF, 0x07,
    0xFC, 0x0F, 0xFE, 0x0F, 0xE0, 0x07, 0xFC, 0x3F, 0x80, 0x07, 0xF0, 0x7E, 0x00, 0x0F, 0xE1, 0xFC,
    0x00, 0x0F, 0xC3, 0xF0, 0x00, 0x1F, 0x87, 0xE0, 0x00, 0x3F, 0x0F, 0xC0, 0x00, 0xFE, 0x1F, 0x80,
    0x01, 0xF8, 0x3F, 0x00, 0x07, 0xF0, 0x7F, 0x00, 0x1F, 0xE0, 0xFE, 0x00, 0x7F, 0xC5, 0xFF, 0x03,
    0xFF, 0xFF, 0xFF, 0xFF, 0xFF, 0xFB, 0xFF, 0xFF, 0x7F, 0xF3, 0xFF, 0xFC, 0xFF, 0x83, 0xFF, 0xE0,
    0xFC, 0x00, 0xFF, 0x00, 0x00, 0x00, 0x00, 0x00, 0x00, 0x1E, 0x00, 0x00, 0x00, 0x7C, 0x00, 0x1F,
    0xE1, 0xF8, 0x00, 0xFF, 0xFF, 0xE0, 0x03, 0xFF, 0xFF, 0x80, 0x0F, 0xFF, 0xFE, 0x00, 0x1F, 0x0F,
    0xF8, 0x00, 0x7C, 0x00, 0x80, 0x00, 0xF8, 0x00, 0x00, 0x00, 0x00, 0x00, 0x00, 0x00, 0x1F, 0xF0,
    0x00, 0x03, 0xFF, 0xFC, 0x00, 0x1F, 0xFF, 0xFC, 0x00, 0x3F, 0xFF, 0xFC, 0x00, 0x7F, 0xFF, 0xFC,
    0x00, 0x78, 0x0F, 0xF8, 0x00, 0x80, 0x07, 0xF0, 0x00, 0x00, 0x07, 0xF0, 0x00, 0x00, 0x0F, 0xE0,
    0x00, 0x00, 0x1F, 0xC0, 0x03, 0xFC, 0x3F, 0x80, 0x3F, 0xFE, 0x7E, 0x01, 0xFF, 0xFF, 0xFC, 0x07,
    0xFF, 0xFF, 0xF8, 0x1F, 0xFF, 0xFF, 0xF0, 0x7F, 0xC0, 0xFF, 0xE0, 0xFE, 0x00, 0x7F, 0xC3, 0xF8,
    0x00, 0x7F, 0x07, 0xE0, 0x00, 0xFE, 0x1F, 0xC0, 0x00, 0xFC, 0x3F, 0x00, 0x01, 0xF8, 0x7E, 0x00,
    0x03, 0xF0, 0xFC, 0x00, 0x0F, 0xE1, 0xF8, 0x00, 0x1F, 0x83, 0xF0, 0x00, 0x7F, 0x07, 0xF0, 0x01,
    0xFE, 0x0F, 0xE0, 0x07, 0xFC, 0x5F, 0xF0, 0x3F, 0xFF, 0xFF, 0xFF, 0xFF, 0xFF, 0xBF, 0xFF, 0xF7,
    0xFF, 0x3F, 0xFF, 0xCF, 0xF8, 0x3F, 0xFE, 0x0F, 0xC0, 0x0F, 0xF0, 0x00, 0x00, 0x00, 0x1E, 0x00,
    0xF0, 0x00, 0x7F, 0x07, 0xF0, 0x01, 0xFE, 0x0F, 0xE0, 0x03, 0xFC, 0x3F, 0xC0, 0x07, 0xF8, 0x7F,
    0x80, 0x0F, 0xE0, 0x7E, 0x00, 0x0F, 0x00, 0x78, 0x00, 0x03, 0xFE, 0x00, 0x00, 0x7F, 0xFF, 0x80,
    0x03, 0xFF, 0xFF, 0x80, 0x07, 0xFF, 0xFF, 0x80, 0x0F, 0xFF, 0xFF, 0x80, 0x0F, 0x01, 0xFF, 0x00,
    0x10, 0x00, 0xFE, 0x00, 0x00, 0x00, 0xFE, 0x00, 0x00, 0x01, 0xFC, 0x00, 0x00, 0x03, 0xF8, 0x00,
    0x7F, 0x87, 0xF0, 0x07, 0xFF, 0xCF, 0xC0, 0x3F, 0xFF, 0xFF, 0x80, 0xFF, 0xFF, 0xFF, 0x03, 0xFF,
    0xFF, 0xFE, 0x0F, 0xF8, 0x1F, 0xFC, 0x1F, 0xC0, 0x0F, 0xF8, 0x7F, 0x00, 0x0F, 0xE0, 0xFC, 0x00,
    0x1F, 0xC3, 0xF8, 0x00, 0x1F, 0x87, 0xE0, 0x00, 0x3F, 0x0F, 0xC0, 0x00, 0x7E, 0x1F, 0x80, 0x01,
    0xFC, 0x3F, 0x00, 0x03, 0xF0, 0x7E, 0x00, 0x0F, 0xE0, 0xFE, 0x00, 0x3F, 0xC1, 0xFC, 0x00, 0xFF,
    0x8B, 0xFE, 0x07, 0xFF, 0xFF, 0xFF, 0xFF, 0xFF, 0xF7, 0xFF, 0xFE, 0xFF, 0xE7, 0xFF, 0xF9, 0xFF,
    0x07, 0xFF, 0xC1, 0xF8, 0x01, 0xFE, 0x00, 0x00, 0x00, 0x00, 0x3E, 0x00, 0x00, 0x01, 0xFF, 0x00,
    0x00, 0x07, 0xFF, 0x00, 0x00, 0x1F, 0xFE, 0x00, 0x00, 0x3C, 0x3E, 0x00, 0x00, 0xF0, 0x3C, 0x00,
    0x01, 0xE0, 0x78, 0x00, 0x03, 0x80, 0xF0, 0x00, 0x0F, 0x83, 0xC0, 0x00, 0x0F, 0x0F, 0x80, 0x00,
    0x1F, 0xFE, 0x00, 0x00, 0x3F, 0xF8, 0x00, 0x00, 0x3F, 0xE0, 0x00, 0x00, 0x1F, 0x00, 0x00, 0x00,
    0x00, 0x00, 0x00, 0x03, 0xFE, 0x00, 0x00, 0x7F, 0xFF, 0x80, 0x03, 0xFF, 0xFF, 0x80, 0x07, 0xFF,
    0xFF, 0x80, 0x0F, 0xFF, 0xFF, 0x80, 0x0F, 0x01, 0xFF, 0x00, 0x10, 0x00, 0xFE, 0x00, 0x00, 0x00,
    0xFE, 0x00, 0x00, 0x01, 0xFC, 0x00, 0x00, 0x03, 0xF8, 0x00, 0x7F, 0x87, 0xF0, 0x07, 0xFF, 0xCF,
    0xC0, 0x3F, 0xFF, 0xFF, 0x80, 0xFF, 0xFF, 0xFF, 0x03, 0xFF, 0xFF, 0xFE, 0x0F, 0xF8, 0x1F, 0xFC,
    0x1F, 0xC0, 0x0F, 0xF8, 0x7F, 0x00, 0x0F, 0xE0, 0xFC, 0x00, 0x1F, 0xC3, 0xF8, 0x00, 0x1F, 0x87,
    0xE0, 0x00, 0x3F, 0x0F, 0xC0, 0x00, 0xFE, 0x1F, 0x80, 0x01, 0xFC, 0x3F, 0x00, 0x03, 0xF0, 0x7E,
    0x00, 0x0F, 0xE0, 0xFE, 0x00, 0x3F, 0xC1, 0xFC, 0x00, 0xFF, 0x8B, 0xFE, 0x07, 0xFF, 0xFF, 0xFF,
    0xFF, 0xFF, 0xF7, 0xFF, 0xFE, 0xFF, 0xE7, 0xFF, 0xF9, 0xFF, 0x07, 0xFF, 0xC1, 0xF8, 0x01, 0xFE,
    0x00, 0x00, 0x00, 0x03, 0xFE, 0x00, 0x0F, 0xF0, 0x00, 0x07, 0xFF, 0xF8, 0x0F, 0xFF, 0xC0, 0x03,
    0xFF, 0xFF, 0x83, 0xFF, 0xFC, 0x00, 0x7F, 0xFF, 0xF9, 0xFF, 0xFF, 0xC0, 0x0F, 0xFF, 0xFF, 0xFF,
    0xFF, 0xFC, 0x00, 0xF0, 0x0F, 0xFF, 0xE0, 0x7F, 0x80, 0x10, 0x00, 0xFF, 0xF0, 0x07, 0xF8, 0x00,
    0x00, 0x0F, 0xFC, 0x00, 0x7F, 0x00, 0x00, 0x01, 0xFF, 0x00, 0x0F, 0xE0, 0x00, 0x00, 0x1F, 0xC0,
    0x01, 0xFC, 0x00, 0x7F, 0x87, 0xF8, 0x00, 0x1F, 0x80, 0x7F, 0xFC, 0xFE, 0x00, 0x03, 0xF0, 0x3F,
    0xFF, 0xFF, 0xC0, 0x00, 0x7E, 0x0F, 0xFF, 0xFF, 0xF0, 0x00, 0x1F, 0xC3, 0xFF, 0xFF, 0xFF, 0xFF,
    0xFF, 0xF8, 0xFF, 0x81, 0xFF, 0xFF, 0xFF, 0xFF, 0x3F, 0xC0, 0x0F, 0xFF, 0xFF, 0xFF, 0xE7, 0xF0,
    0x00, 0xFF, 0xFF, 0xFF, 0xFD, 0xFC, 0x00, 0x1F, 0xFF, 0xFF, 0xFF, 0x3F, 0x80, 0x01, 0xF8, 0x00,
    0x00, 0x07, 0xE0, 0x00, 0x3F, 0x00, 0x00, 0x00, 0xFC, 0x00, 0x07, 0xE0, 0x00, 0x00, 0x1F, 0x80,
    0x01, 0xFE, 0x00, 0x00, 0x07, 0xF0, 0x00, 0x3F, 0xC0, 0x00, 0x00, 0xFE, 0x00, 0x0F, 0xFC, 0x00,
    0x00, 0x1F, 0xE0, 0x03, 0xFF, 0x80, 0x00, 0x01, 0xFC, 0x00, 0xFF, 0xF8, 0x00, 0x38, 0x3F, 0xE0,
    0x7F, 0xFF, 0xC0, 0x3E, 0x07, 0xFF, 0xFF, 0xCF, 0xFF, 0xFF, 0xC0, 0x7F, 0xFF, 0xF0, 0xFF, 0xFF,
    0xF8, 0x07, 0xFF, 0xFC, 0x0F, 0xFF, 0xFF, 0x00, 0x7F, 0xFE, 0x00, 0x7F, 0xFF, 0x80, 0x01, 0xFE,
    0x00, 0x03, 0xFF, 0x80, 0x00, 0x00, 0x03, 0xFE, 0x00, 0x01, 0xFF, 0xFC, 0x00, 0x3F, 0xFF, 0xF0,
    0x0F, 0xFF, 0xFF, 0x01, 0xFF, 0xFF, 0xF0, 0x3F, 0xFF, 0xFE, 0x07, 0xFE, 0x03, 0xC0, 0xFF, 0x00,
    0x04, 0x1F, 0xE0, 0x00, 0x01, 0xFC, 0x00, 0x00, 0x3F, 0x80, 0x00, 0x03, 0xF8, 0x00, 0x00, 0x7F,
    0x00, 0x00, 0x07, 0xF0, 0x00, 0x00, 0xFE, 0x00, 0x00, 0x0F, 0xE0, 0x00, 0x00, 0xFE, 0x00, 0x00,
    0x0F, 0xC0, 0x00, 0x00, 0xFC, 0x00, 0x00, 0x0F, 0xC0, 0x00, 0x00, 0xFC, 0x00, 0x00, 0x0F, 0xC0,
    0x00, 0x00, 0xFC, 0x00, 0x00, 0x0F, 0xE0, 0x00, 0x00, 0xFE, 0x00, 0x00, 0x0F, 0xE0, 0x00, 0x00,
    0x7F, 0x00, 0x00, 0x07, 0xF8, 0x00, 0x70, 0x3F, 0xE0, 0x3F, 0x01, 0xFF, 0xFF, 0xF0, 0x0F, 0xFF,
    0xFE, 0x00, 0x7F, 0xFF, 0xE0, 0x00, 0xFF, 0xF8, 0x00, 0x0F, 0xFC, 0x00, 0x01, 0xF8, 0x00, 0x00,
    0x3F, 0x80, 0x00, 0x03, 0xFF, 0x00, 0x00, 0x7F, 0xF8, 0x00, 0x07, 0xFF, 0xC0, 0x00, 0x20, 0xFC,
    0x00, 0x00, 0x0F, 0xC0, 0x03, 0x81, 0xFC, 0x00, 0x3F, 0xFF, 0x80, 0x07, 0xFF, 0xF8, 0x00, 0x7F,
    0xFF, 0x00, 0x03, 0xFF, 0xE0, 0x00, 0x0F, 0xF0, 0x00, 0x00, 0x00, 0x1F, 0x80, 0x00, 0x00, 0xFE,
    0x00, 0x00, 0x03, 0xF0, 0x00, 0x00, 0x1F, 0xC0, 0x00, 0x00, 0x7E, 0x00, 0x00, 0x01, 0xF8, 0x00,
    0x00, 0x0F, 0xC0, 0x00, 0x00, 0x3F, 0x00, 0x00, 0x00, 0xFC, 0x00, 0x00, 0x07, 0xE0, 0x00, 0x00,
    0x1F, 0x80, 0x00, 0x00, 0xFC, 0x00, 0x00, 0x03, 0xE0, 0x00, 0x00, 0x00, 0x00, 0x00, 0x1F, 0xF0,
    0x00, 0x07, 0xFF, 0xE0, 0x00, 0x7F, 0xFF, 0xC0, 0x0F, 0xFF, 0xFF, 0x00, 0xFF, 0xFF, 0xF8, 0x0F,
    0xF8, 0x3F, 0xE0, 0xFF, 0x00, 0x7F, 0x07, 0xF0, 0x01, 0xFC, 0x7F, 0x00, 0x0F, 0xE7, 0xF0, 0x00,
    0x7F, 0x3F, 0x00, 0x03, 0xFB, 0xF8, 0x00, 0x0F, 0xDF, 0xC0, 0x00, 0xFE, 0xFC, 0x00, 0x07, 0xFF,
    0xFF, 0xFF, 0xFF, 0xFF, 0xFF, 0xFF, 0xFF, 0xFF, 0xFF, 0xFF, 0xDF, 0xFF, 0xFF, 0xFE, 0xFF, 0xFF,
    0xFF, 0xF7, 0xE0, 0x00, 0x00, 0x3F, 0x00, 0x00, 0x01, 0xF8, 0x00, 0x00, 0x0F, 0xE0, 0x00, 0x00,
    0x7F, 0x00, 0x00, 0x03, 0xF8, 0x00, 0x00, 0x1F, 0xE0, 0x00, 0x00, 0x7F, 0x80, 0x03, 0x03, 0xFF,
    0x00, 0xF8, 0x0F, 0xFF, 0xFF, 0xC0, 0x3F, 0xFF, 0xFE, 0x00, 0xFF, 0xFF, 0xF0, 0x03, 0xFF, 0xFE,
    0x00, 0x03, 0xFF, 0x00, 0x00, 0x00, 0x00, 0x01, 0xF8, 0x00, 0x00, 0x1F, 0x80, 0x00, 0x01, 0xF8,
    0x00, 0x00, 0x1F, 0x80, 0x00, 0x01, 0xF8, 0x00, 0x00, 0x1F, 0x80, 0x00, 0x01, 0xF8, 0x00, 0x00,
    0x1F, 0x80, 0x00, 0x01, 0xF8, 0x00, 0x00, 0x1F, 0x80, 0x00, 0x00, 0xF8, 0x00, 0x00, 0x0F, 0x80,
    0x00, 0x00, 0xF8, 0x00, 0x00, 0x00, 0x00, 0x00, 0x00, 0x1F, 0xF0, 0x00, 0x07, 0xFF, 0xE0, 0x00,
    0x7F, 0xFF, 0xC0, 0x0F, 0xFF, 0xFF, 0x00, 0xFF, 0xFF, 0xF8, 0x0F, 0xF8, 0x3F, 0xE0, 0xFF, 0x00,
    0x7F, 0x07, 0xF0, 0x01, 0xFC, 0x7F, 0x00, 0x0F, 0xE7, 0xF0, 0x00, 0x7F, 0x3F, 0x00, 0x03, 0xFB,
    0xF8, 0x00, 0x0F, 0xDF, 0xC0, 0x00, 0xFE, 0xFC, 0x00, 0x07, 0xFF, 0xFF, 0xFF, 0xFF, 0xFF, 0xFF,
    0xFF, 0xFF, 0xFF, 0xFF, 0xFF, 0xDF, 0xFF, 0xFF, 0xFE, 0xFF, 0xFF, 0xFF, 0xF7, 0xE0, 0x00, 0x00,
    0x3F, 0x00, 0x00, 0x01, 0xF8, 0x00, 0x00, 0x0F, 0xE0, 0x00, 0x00, 0x7F, 0x00, 0x00, 0x03, 0xF8,
    0x00, 0x00, 0x1F, 0xE0, 0x00, 0x00, 0x7F, 0x80, 0x03, 0x03, 0xFF, 0x00, 0xF8, 0x0F, 0xFF, 0xFF,
    0xC0, 0x3F, 0xFF, 0xFE, 0x00, 0xFF, 0xFF, 0xF0, 0x03, 0xFF, 0xFE, 0x00, 0x03, 0xFF, 0x00, 0x00,
    0x00, 0x00, 0x7F, 0x00, 0x00, 0x07, 0xFC, 0x00, 0x00, 0x7F, 0xE0, 0x00, 0x03, 0xFF, 0x00, 0x00,
    0x3E, 0xFC, 0x00, 0x03, 0xE7, 0xE0, 0x00, 0x3F, 0x1F, 0x80, 0x01, 0xF0, 0xFC, 0x00, 0x1F, 0x03,
    0xE0, 0x01, 0xF0, 0x1F, 0x80, 0x1F, 0x80, 0xFC, 0x00, 0xF8, 0x03, 0xF0, 0x0F, 0x80, 0x1F, 0x80,
    0x00, 0x00, 0x00, 0x00, 0x1F, 0xF0, 0x00, 0x07, 0xFF, 0xE0, 0x00, 0x7F, 0xFF, 0xC0, 0x0F, 0xFF,
    0xFF, 0x00, 0xFF, 0xFF, 0xF8, 0x0F, 0xF8, 0x3F, 0xE0, 0xFF, 0x00, 0x7F, 0x07, 0xF0, 0x01, 0xFC,
    0x7F, 0x00, 0x0F, 0xE7, 0xF0, 0x00, 0x7F, 0x3F, 0x00, 0x03, 0xFB, 0xF8, 0x00, 0x0F, 0xDF, 0xC0,
    0x00, 0xFE, 0xFC, 0x00, 0x07, 0xFF, 0xFF, 0xFF, 0xFF, 0xFF, 0xFF, 0xFF, 0xFF, 0xFF, 0xFF, 0xFF,
    0xDF, 0xFF, 0xFF, 0xFE, 0xFF, 0xFF, 0xFF, 0xF7, 0xE0, 0x00, 0x00, 0x3F, 0x00, 0x00, 0x01, 0xF8,
    0x00, 0x00, 0x0F, 0xE0, 0x00, 0x00, 0x7F, 0x00, 0x00, 0x03, 0xF8, 0x00, 0x00, 0x1F, 0xE0, 0x00,
    0x00, 0x7F, 0x80, 0x03, 0x03, 0xFF, 0x00, 0xF8, 0x0F, 0xFF, 0xFF, 0xC0, 0x3F, 0xFF, 0xFE, 0x00,
    0xFF, 0xFF, 0xF0, 0x03, 0xFF, 0xFE, 0x00, 0x03, 0xFF, 0x00, 0x00, 0x00, 0x1E, 0x01, 0xE0, 0x03,
    0xF8, 0x1F, 0x80, 0x3F, 0xC1, 0xFE, 0x01, 0xFE, 0x0F, 0xF0, 0x0F, 0xF0, 0xFF, 0x00, 0x7F, 0x03,
    0xF0, 0x01, 0xF0, 0x0F, 0x00, 0x00, 0x00, 0x00, 0x00, 0x07, 0xFC, 0x00, 0x01, 0xFF, 0xF8, 0x00,
    0x1F, 0xFF, 0xF0, 0x03, 0xFF, 0xFF, 0xC0, 0x3F, 0xFF, 0xFE, 0x03, 0xFE, 0x0F, 0xF8, 0x3F, 0xC0,
    0x1F, 0xC1, 0xFC, 0x00, 0x7F, 0x1F, 0xC0, 0x03, 0xF9, 0xFC, 0x00, 0x1F, 0xCF, 0xC0, 0x00, 0xFE,
    0xFE, 0x00, 0x03, 0xF7, 0xF0, 0x00, 0x3F, 0xBF, 0x00, 0x01, 0xFF, 0xFF, 0xFF, 0xFF, 0xFF, 0xFF,
    0xFF, 0xFF, 0xFF, 0xFF, 0xFF, 0xF7, 0xFF, 0xFF, 0xFF, 0xBF, 0xFF, 0xFF, 0xFD, 0xF8, 0x00, 0x00,
    0x0F, 0xC0, 0x00, 0x00, 0x7E, 0x00, 0x00, 0x03, 0xF8, 0x00, 0x00, 0x1F, 0xC0, 0x00, 0x00, 0xFE,
    0x00, 0x00, 0x07, 0xF8, 0x00, 0x00, 0x1F, 0xE0, 0x00, 0xC0, 0xFF, 0xC0, 0x3E, 0x03, 0xFF, 0xFF,
    0xF0, 0x0F, 0xFF, 0xFF, 0x80, 0x3F, 0xFF, 0xFC, 0x00, 0xFF, 0xFF, 0x80, 0x00, 0xFF, 0xC0, 0x00,
    0x1F, 0x80, 0x1F, 0xC0, 0x0F, 0xC0, 0x07, 0xE0, 0x07, 0xE0, 0x03, 0xF0, 0x03, 0xF8, 0x01, 0xF8,
    0x00, 0xFC, 0x00, 0xFC, 0x00, 0x7E, 0x00, 0x3E, 0x00, 0x01, 0x03, 0x00, 0x1F, 0xC0, 0x7F, 0xE0,
    0xFF, 0xE0, 0x7F, 0xE0, 0x67, 0xE0, 0x07, 0xE0, 0x07, 0xE0, 0x07, 0xE0, 0x07, 0xE0, 0x0F, 0xE0,
    0x0F, 0xC0, 0x0F, 0xC0, 0x0F, 0xC0, 0x0F, 0xC0, 0x0F, 0xC0, 0x1F, 0x80, 0x1F, 0x80, 0x1F, 0x80,
    0x1F, 0x80, 0x1F, 0x80, 0x1F, 0x80, 0x3F, 0x00, 0x3F, 0x00, 0x3F, 0x00, 0x3F, 0x00, 0x3F, 0x30,
    0x3F, 0xF0, 0x3F, 0xF8, 0x3F, 0xF0, 0x3F, 0xE0, 0x1F, 0x80, 0x00, 0x0F, 0xE0, 0x03, 0xF8, 0x00,
    0xFE, 0x00, 0x3F, 0x80, 0x0F, 0xE0, 0x03, 0xF8, 0x00, 0x7E, 0x00, 0x1F, 0x80, 0x07, 0xE0, 0x01,
    0xF8, 0x00, 0x7E, 0x00, 0x1F, 0x80, 0x00, 0x00, 0x00, 0x06, 0x00, 0x07, 0xF0, 0x03, 0xFF, 0x00,
    0xFF, 0xE0, 0x0F, 0xFC, 0x01, 0x9F, 0x80, 0x03, 0xF0, 0x00, 0x7E, 0x00, 0x0F, 0xC0, 0x01, 0xF8,
    0x00, 0x7F, 0x00, 0x0F, 0xC0, 0x01, 0xF8, 0x00, 0x3F, 0x00, 0x07, 0xE0, 0x00, 0xFC, 0x00, 0x3F,
    0x00, 0x07, 0xE0, 0x00, 0xFC, 0x00, 0x1F, 0x80, 0x03, 0xF0, 0x00, 0x7E, 0x00, 0x1F, 0x80, 0x03,
    0xF0, 0x00, 0x7E, 0x00, 0x0F, 0xC0, 0x01, 0xF9, 0x80, 0x3F, 0xF0, 0x07, 0xFF, 0x00, 0xFF, 0xC0,
    0x1F, 0xF0, 0x01, 0xF8, 0x00, 0x00, 0x7F, 0x00, 0x07, 0xF8, 0x00, 0x7F, 0xC0, 0x03, 0xFF, 0x00,
    0x3F, 0xF8, 0x03, 0xE7, 0xE0, 0x3F, 0x3F, 0x01, 0xF1, 0xF8, 0x1F, 0x07, 0xE1, 0xF0, 0x3F, 0x1F,
    0x80, 0xFC, 0xF8, 0x07, 0xEF, 0x80, 0x1F, 0x78, 0x00, 0xFC, 0x06, 0x00, 0x01, 0xFC, 0x00, 0x3F,
    0xF0, 0x03, 0xFF, 0x80, 0x0F, 0xFC, 0x00, 0x67, 0xE0, 0x00, 0x3F, 0x00, 0x01, 0xF8, 0x00, 0x0F,
    0xC0, 0x00, 0x7E, 0x00, 0x07, 0xF0, 0x00, 0x3F, 0x00, 0x01, 0xF8, 0x00, 0x0F, 0xC0, 0x00, 0x7E,
    0x00, 0x03, 0xF0, 0x00, 0x3F, 0x00, 0x01, 0xF8, 0x00, 0x0F, 0xC0, 0x00, 0x7E, 0x00, 0x03, 0xF0,
    0x00, 0x1F, 0x80, 0x01, 0xF8, 0x00, 0x0F, 0xC0, 0x00, 0x7E, 0x00, 0x03, 0xF0, 0x00, 0x1F, 0x98,
    0x00, 0xFF, 0xC0, 0x07, 0xFF, 0x00, 0x3F, 0xF0, 0x01, 0xFF, 0x00, 0x07, 0xE0, 0x00, 0x1E, 0x01,
    0xE3, 0xF8, 0x1F, 0xBF, 0xC1, 0xFF, 0xFE, 0x1F, 0xEF, 0xF0, 0xFF, 0x7F, 0x03, 0xF1, 0xF0, 0x0F,
    0x00, 0x00, 0x00, 0x01, 0x80, 0x00, 0x7F, 0x00, 0x0F, 0xFC, 0x00, 0xFF, 0xE0, 0x03, 0xFF, 0x00,
    0x19, 0xF8, 0x00, 0x0F, 0xC0, 0x00, 0x7E, 0x00, 0x03, 0xF0, 0x00, 0x1F, 0x80, 0x01, 0xFC, 0x00,
    0x0F, 0xC0, 0x00, 0x7E, 0x00, 0x03, 0xF0, 0x00, 0x1F, 0x80, 0x00, 0xFC, 0x00, 0x0F, 0xC0, 0x00,
    0x7E, 0x00, 0x03, 0xF0, 0x00, 0x1F, 0x80, 0x00, 0xFC, 0x00, 0x07, 0xE0, 0x00, 0x7E, 0x00, 0x03,
    0xF0, 0x00, 0x1F, 0x80, 0x00, 0xFC, 0x00, 0x07, 0xE6, 0x00, 0x3F, 0xF0, 0x01, 0xFF, 0xC0, 0x0F,
    0xFC, 0x00, 0x7F, 0xC0, 0x01, 0xF8, 0x00, 0x00, 0x02, 0x00, 0x10, 0x00, 0x03, 0xC0, 0x1C, 0x00,
    0x01, 0xF8, 0x1F, 0x00, 0x01, 0xFF, 0x3F, 0x80, 0x00, 0xFF, 0xFF, 0x00, 0x00, 0x3F, 0xFF, 0x00,
    0x00, 0x07, 0xFF, 0x00, 0x00, 0x01, 0xFF, 0x00, 0x00, 0x00, 0xFF, 0xC0, 0x00, 0x00, 0xFF, 0xF0,
    0x00, 0x00, 0xFF, 0xFC, 0x00, 0x01, 0xFC, 0xFE, 0x00, 0x01, 0xFC, 0x7F, 0x80, 0x00, 0xF8, 0x1F,
    0xE0, 0x00, 0x38, 0x07, 0xF0, 0x00, 0x18, 0x03, 0xFC, 0x00, 0x00, 0x00, 0xFE, 0x00, 0x00, 0x00,
    0x7F, 0x00, 0x00, 0x00, 0x1F, 0xC0, 0x00, 0x7F, 0x8F, 0xE0, 0x01, 0xFF, 0xF7, 0xF0, 0x03, 0xFF,
    0xFF, 0xF8, 0x03, 0xFF, 0xFF, 0xFC, 0x03, 0xFF, 0xFF, 0xFE, 0x03, 0xFE, 0x07, 0xFF, 0x83, 0xFC,
    0x00, 0xFF, 0xC3, 0xFC, 0x00, 0x3F, 0xE3, 0xFC, 0x00, 0x1F, 0xF1, 0xFC, 0x00, 0x07, 0xF9, 0xFC,
    0x00, 0x03, 0xF8, 0xFE, 0x00, 0x01, 0xFC, 0x7E, 0x00, 0x00, 0xFE, 0x7F, 0x00, 0x00, 0x7F, 0x3F,
    0x80, 0x00, 0x3F, 0x9F, 0x80, 0x00, 0x1F, 0xCF, 0xC0, 0x00, 0x0F, 0xCF, 0xE0, 0x00, 0x0F, 0xE7,
    0xF0, 0x00, 0x07, 0xF3, 0xF8, 0x00, 0x03, 0xF9, 0xFC, 0x00, 0x03, 0xF8, 0xFE, 0x00, 0x01, 0xFC,
    0x7F, 0x00, 0x01, 0xFC, 0x1F, 0x80, 0x00, 0xFE, 0x0F, 0xE0, 0x00, 0xFE, 0x07, 0xF0, 0x00, 0xFF,
    0x03, 0xFC, 0x00, 0xFF, 0x00, 0xFF, 0x81, 0xFF, 0x00, 0x3F, 0xFF, 0xFF, 0x00, 0x1F, 0xFF, 0xFF,
    0x00, 0x03, 0xFF, 0xFE, 0x00, 0x00, 0xFF, 0xFC, 0x00, 0x00, 0x0F, 0xF0, 0x00, 0x00, 0x00, 0x00,
    0x00, 0x0F, 0x80, 0x00, 0x00, 0x03, 0xE0, 0x00, 0x3F, 0xE1, 0xF0, 0x00, 0x1F, 0xFF, 0xFC, 0x00,
    0x0F, 0xFF, 0xFE, 0x00, 0x07, 0xFF, 0xFF, 0x00, 0x03, 0xF1, 0xFF, 0x80, 0x00, 0xF8, 0x02, 0x00,
    0x00, 0x3C, 0x00, 0x00, 0x00, 0x10, 0x00, 0x00, 0x00, 0x00, 0x01, 0xFC, 0x00, 0x1F, 0x03, 0xFF,
    0xE0, 0x1F, 0xE1, 0xFF, 0xFC, 0x1F, 0xFD, 0xFF, 0xFF, 0x8F, 0xFF, 0xFF, 0xFF, 0xE1, 0xFF, 0xFF,
    0xFF, 0xFC, 0x63, 0xFF, 0xC1, 0xFF, 0x00, 0xFF, 0xC0, 0x3F, 0xC0, 0x7F, 0xC0, 0x07, 0xF0, 0x1F,
    0xE0, 0x01, 0xFC, 0x07, 0xF8, 0x00, 0x7F, 0x01, 0xFC, 0x00, 0x1F, 0xC0, 0x7F, 0x00, 0x07, 0xF0,
    0x1F, 0x80, 0x01, 0xF8, 0x0F, 0xE0, 0x00, 0x7E, 0x03, 0xF0, 0x00, 0x1F, 0x80, 0xFC, 0x00, 0x07,
    0xE0, 0x3F, 0x00, 0x03, 0xF8, 0x0F, 0xC0, 0x00, 0xFE, 0x07, 0xF0, 0x00, 0x3F, 0x01, 0xFC, 0x00,
    0x0F, 0xC0, 0x7E, 0x00, 0x03, 0xF0, 0x1F, 0x80, 0x01, 0xFC, 0x07, 0xE0, 0x00, 0x7F, 0x01, 0xF8,
    0x00, 0x1F, 0xC0, 0xFE, 0x00, 0x07, 0xE0, 0x3F, 0x00, 0x01, 0xF8, 0x8F, 0xC0, 0x00, 0x7F, 0xF3,
    0xF0, 0x00, 0x1F, 0xFC, 0xFC, 0x00, 0x07, 0xFF, 0x3F, 0x00, 0x01, 0xFF, 0x1F, 0xC0, 0x00, 0x3F,
    0x00, 0x00, 0x07, 0xE0, 0x00, 0x00, 0x0F, 0xE0, 0x00, 0x00, 0x0F, 0xC0, 0x00, 0x00, 0x0F, 0xC0,
    0x00, 0x00, 0x1F, 0xC0, 0x00, 0x00, 0x1F, 0x80, 0x00, 0x00, 0x1F, 0x80, 0x00, 0x00, 0x3F, 0x00,
    0x00, 0x00, 0x3F, 0x00, 0x00, 0x00, 0x7E, 0x00, 0x00, 0x00, 0x7E, 0x00, 0x00, 0x00, 0x7E, 0x00,
    0x00, 0x00, 0x00, 0x00, 0x00, 0x7F, 0x80, 0x00, 0x07, 0xFF, 0xE0, 0x00, 0x3F, 0xFF, 0xF0, 0x01,
    0xFF, 0xFF, 0xF0, 0x07, 0xFF, 0xFF, 0xF0, 0x1F, 0xF0, 0x3F, 0xE0, 0x7F, 0x80, 0x1F, 0xE0, 0xFE,
    0x00, 0x1F, 0xC3, 0xF8, 0x00, 0x3F, 0x8F, 0xE0, 0x00, 0x3F, 0x9F, 0xC0, 0x00, 0x7F, 0x7F, 0x00,
    0x00, 0xFE, 0xFE, 0x00, 0x01, 0xFD, 0xF8, 0x00, 0x03, 0xFF, 0xF0, 0x00, 0x07, 0xFF, 0xE0, 0x00,
    0x0F, 0xFF, 0x80, 0x00, 0x1F, 0xFF, 0x00, 0x00, 0x3F, 0x7E, 0x00, 0x00, 0x7E, 0xFC, 0x00, 0x01,
    0xFD, 0xF8, 0x00, 0x03, 0xFB, 0xF0, 0x00, 0x0F, 0xE7, 0xF0, 0x00, 0x1F, 0xCF, 0xE0, 0x00, 0x7F,
    0x1F, 0xC0, 0x00, 0xFE, 0x3F, 0xC0, 0x03, 0xF8, 0x3F, 0xC0, 0x1F, 0xE0, 0x7F, 0xC0, 0xFF, 0x80,
    0x7F, 0xFF, 0xFE, 0x00, 0x7F, 0xFF, 0xF8, 0x00, 0x7F, 0xFF, 0xE0, 0x00, 0x3F, 0xFF, 0x00, 0x00,
    0x1F, 0xF0, 0x00, 0x00, 0x00, 0x00, 0x01, 0xFC, 0x00, 0x00, 0x07, 0xF0, 0x00, 0x00, 0x0F, 0xC0,
    0x00, 0x00, 0x3F, 0x00, 0x00, 0x00, 0xFC, 0x00, 0x00, 0x03, 0xF0, 0x00, 0x00, 0x0F, 0xC0, 0x00,
    0x00, 0x3F, 0x00, 0x00, 0x00, 0xFC, 0x00, 0x00, 0x03, 0xF0, 0x00, 0x00, 0x0F, 0xC0, 0x00, 0x00,
    0x3F, 0x00, 0x00, 0x00, 0x00, 0x00, 0x00, 0x00, 0x7F, 0x80, 0x00, 0x07, 0xFF, 0xE0, 0x00, 0x3F,
    0xFF, 0xF0, 0x01, 0xFF, 0xFF, 0xF0, 0x07, 0xFF, 0xFF, 0xF0, 0x1F, 0xF0, 0x3F, 0xE0, 0x7F, 0x80,
    0x1F, 0xE0, 0xFE, 0x00, 0x1F, 0xC3, 0xF8, 0x00, 0x3F, 0x8F, 0xE0, 0x00, 0x3F, 0x9F, 0xC0, 0x00,
    0x7F, 0x7F, 0x00, 0x00, 0xFE, 0xFE, 0x00, 0x01, 0xFD, 0xF8, 0x00, 0x03, 0xFF, 0xF0, 0x00, 0x07,
    0xFF, 0xE0, 0x00, 0x0F, 0xFF, 0x80, 0x00, 0x1F, 0xFF, 0x00, 0x00, 0x3F, 0x7E, 0x00, 0x00, 0x7E,
    0xFC, 0x00, 0x01, 0xFD, 0xF8, 0x00, 0x03, 0xFB, 0xF0, 0x00, 0x0F, 0xE7, 0xF0, 0x00, 0x1F, 0xCF,
    0xE0, 0x00, 0x7F, 0x1F, 0xC0, 0x00, 0xFE, 0x3F, 0xC0, 0x03, 0xF8, 0x3F, 0xC0, 0x1F, 0xE0, 0x7F,
    0xC0, 0xFF, 0x80, 0x7F, 0xFF, 0xFE, 0x00, 0x7F, 0xFF, 0xF8, 0x00, 0x7F, 0xFF, 0xE0, 0x00, 0x3F,
    0xFF, 0x00, 0x00, 0x1F, 0xF0, 0x00, 0x00, 0x00, 0x00, 0x3F, 0x00, 0x00, 0x00, 0xFF, 0x00, 0x00,
    0x03, 0xFE, 0x00, 0x00, 0x0F, 0xFE, 0x00, 0x00, 0x1F, 0xFC, 0x00, 0x00, 0x7D, 0xF8, 0x00, 0x01,
    0xF9, 0xF8, 0x00, 0x07, 0xE3, 0xF0, 0x00, 0x0F, 0x83, 0xF0, 0x00, 0x3E, 0x07, 0xE0, 0x00, 0xFC,
    0x07, 0xC0, 0x03, 0xF0, 0x0F, 0xC0, 0x07, 0xC0, 0x0F, 0x80, 0x1F, 0x00, 0x1F, 0x00, 0x00, 0xFF,
    0x00, 0x00, 0x0F, 0xFF, 0xC0, 0x00, 0x7F, 0xFF, 0xE0, 0x03, 0xFF, 0xFF, 0xE0, 0x0F, 0xFF, 0xFF,
    0xE0, 0x3F, 0xE0, 0x7F, 0xC0, 0xFF, 0x00, 0x3F, 0xC1, 0xFC, 0x00, 0x3F, 0x87, 0xF0, 0x00, 0x7F,
    0x1F, 0xC0, 0x00, 0x7F, 0x3F, 0x80, 0x00, 0xFE, 0xFE, 0x00, 0x01, 0xFD, 0xFC, 0x00, 0x03, 0xFB,
    0xF0, 0x00, 0x07, 0xFF, 0xE0, 0x00, 0x0F, 0xFF, 0xC0, 0x00, 0x1F, 0xFF, 0x00, 0x00, 0x3F, 0xFE,
    0x00, 0x00, 0x7E, 0xFC, 0x00, 0x00, 0xFD, 0xF8, 0x00, 0x03, 0xFB, 0xF0, 0x00, 0x07, 0xF7, 0xE0,
    0x00, 0x1F, 0xCF, 0xE0, 0x00, 0x3F, 0x9F, 0xC0, 0x00, 0xFE, 0x3F, 0x80, 0x01, 0xFC, 0x7F, 0x80,
    0x07, 0xF0, 0x7F, 0x80, 0x3F, 0xC0, 0xFF, 0x81, 0xFF, 0x00, 0xFF, 0xFF, 0xFC, 0x00, 0xFF, 0xFF,
    0xF0, 0x00, 0xFF, 0xFF, 0xC0, 0x00, 0x7F, 0xFE, 0x00, 0x00, 0x3F, 0xE0, 0x00, 0x00, 0x00, 0x00,
    0x00, 0x3E, 0x00, 0x00, 0x00, 0x7C, 0x00, 0x3F, 0xE1, 0xF0, 0x00, 0xFF, 0xFF, 0xE0, 0x03, 0xFF,
    0xFF, 0x80, 0x0F, 0xFF, 0xFE, 0x00, 0x3F, 0x1F, 0xF8, 0x00, 0x7C, 0x01, 0x00, 0x00, 0xF0, 0x00,
    0x00, 0x02, 0x00, 0x00, 0x00, 0x00, 0x0F, 0xF0, 0x00, 0x00, 0xFF, 0xFC, 0x00, 0x07, 0xFF, 0xFE,
    0x00, 0x3F, 0xFF, 0xFE, 0x00, 0xFF, 0xFF, 0xFE, 0x03, 0xFE, 0x07, 0xFC, 0x0F, 0xF0, 0x03, 0xFC,
    0x1F, 0xC0, 0x03, 0xF8, 0x7F, 0x00, 0x07, 0xF1, 0xFC, 0x00, 0x07, 0xF3, 0xF8, 0x00, 0x0F, 0xEF,
    0xE0, 0x00, 0x1F, 0xDF, 0xC0, 0x00, 0x3F, 0xBF, 0x00, 0x00, 0x7F, 0xFE, 0x00, 0x00, 0xFF, 0xFC,
    0x00, 0x01, 0xFF, 0xF0, 0x00, 0x03, 0xFF, 0xE0, 0x00, 0x07, 0xEF, 0xC0, 0x00, 0x0F, 0xDF, 0x80,
    0x00, 0x3F, 0xBF, 0x00, 0x00, 0x7F, 0x7E, 0x00, 0x01, 0xFC, 0xFE, 0x00, 0x03, 0xF9, 0xFC, 0x00,
    0x0F, 0xE3, 0xF8, 0x00, 0x1F, 0xC7, 0xF8, 0x00, 0x7F, 0x07, 0xF8, 0x03, 0xFC, 0x0F, 0xF8, 0x1F,
    0xF0, 0x0F, 0xFF, 0xFF, 0xC0, 0x0F, 0xFF, 0xFF, 0x00, 0x0F, 0xFF, 0xFC, 0x00, 0x07, 0xFF, 0xE0,
    0x00, 0x03, 0xFE, 0x00, 0x00, 0x00, 0x1E, 0x01, 0xE0, 0x00, 0xFE, 0x07, 0xE0, 0x01, 0xFC, 0x1F,
    0xE0, 0x07, 0xF8, 0x3F, 0xC0, 0x0F, 0xF0, 0x7F, 0x00, 0x0F, 0xC0, 0xFE, 0x00, 0x0F, 0x00, 0xF0,
    0x00, 0x01, 0xFE, 0x00, 0x00, 0x1F, 0xFF, 0x80, 0x00, 0xFF, 0xFF, 0xC0, 0x07, 0xFF, 0xFF, 0xC0,
    0x1F, 0xFF, 0xFF, 0xC0, 0x7F, 0xC0, 0xFF, 0x81, 0xFE, 0x00, 0x7F, 0x83, 0xF8, 0x00, 0x7F, 0x0F,
    0xE0, 0x00, 0xFE, 0x3F, 0x80, 0x00, 0xFE, 0x7F, 0x00, 0x01, 0xFD, 0xFC, 0x00, 0x03, 0xFB, 0xF8,
    0x00, 0x07, 0xF7, 0xE0, 0x00, 0x0F, 0xFF, 0xC0, 0x00, 0x1F, 0xFF, 0x80, 0x00, 0x3F, 0xFE, 0x00,
    0x00, 0x7F, 0xFC, 0x00, 0x00, 0xFD, 0xF8, 0x00, 0x01, 0xFB, 0xF0, 0x00, 0x07, 0xF7, 0xE0, 0x00,
    0x0F, 0xEF, 0xC0, 0x00, 0x3F, 0x9F, 0xC0, 0x00, 0x7F, 0x3F, 0x80, 0x01, 0xFC, 0x7F, 0x00, 0x03,
    0xF8, 0xFF, 0x00, 0x0F, 0xE0, 0xFF, 0x00, 0x7F, 0x81, 0xFF, 0x03, 0xFE, 0x01, 0xFF, 0xFF, 0xF8,
    0x01, 0xFF, 0xFF, 0xE0, 0x01, 0xFF, 0xFF, 0x80, 0x00, 0xFF, 0xFC, 0x00, 0x00, 0x7F, 0xC0, 0x00,
    0x00, 0x00, 0x3C, 0x00, 0x00, 0x00, 0x0F, 0xC0, 0x00, 0x00, 0x03, 0xFC, 0x00, 0x00, 0x00, 0xFF,
    0x80, 0x00, 0x00, 0x1F, 0xF0, 0x00, 0x00, 0x03, 0xFC, 0x00, 0x00, 0x00, 0x7F, 0x80, 0x00, 0x00,
    0x07, 0xE0, 0x00, 0x00, 0x00, 0x78, 0x00, 0x00, 0x00, 0x00, 0x00, 0x00, 0x00, 0x00, 0x00, 0x00,
    0x00, 0x00, 0x00, 0x00, 0x07, 0xFF, 0xFF, 0xFF, 0xFF, 0xFF, 0xFF, 0xFF, 0xFF, 0xFF, 0xFF, 0xFF,
    0xFF, 0xFF, 0xFF, 0xFF, 0xFF, 0xFF, 0xFF, 0xFF, 0xFF, 0xFF, 0xFF, 0xFF, 0xFF, 0xFF, 0xF8, 0x00,
    0x00, 0x00, 0x00, 0x00, 0x00, 0x00, 0x00, 0x00, 0x00, 0x00, 0x00, 0x00, 0x00, 0x07, 0x80, 0x00,
    0x00, 0x01, 0xF8, 0x00, 0x00, 0x00, 0x7F, 0x80, 0x00, 0x00, 0x0F, 0xF0, 0x00, 0x00, 0x03, 0xFE,
    0x00, 0x00, 0x00, 0x7F, 0xC0, 0x00, 0x00, 0x0F, 0xF0, 0x00, 0x00, 0x00, 0xFC, 0x00, 0x00, 0x00,
    0x0F, 0x00, 0x00, 0x00, 0x00, 0x00, 0x00, 0x01, 0x00, 0x00, 0x1F, 0xE0, 0x30, 0x00, 0x1F, 0xFF,
    0x8F, 0x00, 0x0F, 0xFF, 0xFF, 0xF0, 0x07, 0xFF, 0xFF, 0xF8, 0x01, 0xFF, 0xFF, 0xFE, 0x00, 0x7F,
    0xC0, 0xFF, 0x80, 0x1F, 0xE0, 0x07, 0xF8, 0x07, 0xF8, 0x00, 0xFF, 0x00, 0xFE, 0x00, 0x3F, 0xE0,
    0x3F, 0x80, 0x0F, 0xFE, 0x07, 0xF0, 0x03, 0xFF, 0xC1, 0xFC, 0x00, 0xFB, 0xF8, 0x3F, 0x80, 0x3E,
    0x7F, 0x07, 0xE0, 0x0F, 0x8F, 0xE1, 0xFC, 0x07, 0xE1, 0xFC, 0x3F, 0x81, 0xF8, 0x3F, 0x87, 0xE0,
    0x7E, 0x07, 0xF0, 0xFC, 0x1F, 0x80, 0xFC, 0x1F, 0x87, 0xE0, 0x1F, 0x83, 0xF1, 0xF8, 0x07, 0xF0,
    0x7E, 0x7E, 0x00, 0xFE, 0x0F, 0xDF, 0x80, 0x3F, 0x81, 0xFF, 0xE0, 0x07, 0xF0, 0x3F, 0xF8, 0x01,
    0xFC, 0x07, 0xFE, 0x00, 0x3F, 0x80, 0xFF, 0x80, 0x0F, 0xE0, 0x0F, 0xF0, 0x07, 0xF8, 0x01, 0xFF,
    0x03, 0xFE, 0x00, 0x7F, 0xFF, 0xFF, 0x80, 0x1F, 0xFF, 0xFF, 0xE0, 0x07, 0xFF, 0xFF, 0xF8, 0x00,
    0xF8, 0xFF, 0xFC, 0x00, 0x0E, 0x07, 0xFC, 0x00, 0x00, 0x00, 0x0F, 0xC0, 0x00, 0x00, 0x03, 0xF8,
    0x00, 0x00, 0x00, 0x7E, 0x00, 0x00, 0x00, 0x0F, 0xC0, 0x00, 0x00, 0x03, 0xF8, 0x00, 0x00, 0x00,
    0x7E, 0x00, 0x00, 0x00, 0x0F, 0xC0, 0x00, 0x00, 0x03, 0xF0, 0x00, 0x00, 0x00, 0x7E, 0x00, 0x00,
    0x00, 0x1F, 0x80, 0x00, 0x00, 0x03, 0xF0, 0x00, 0x00, 0x00, 0x7E, 0x00, 0x00, 0x00, 0x00, 0x00,
    0x00, 0x00, 0x00, 0x00, 0x00, 0x7C, 0x00, 0x01, 0xF8, 0xFF, 0x80, 0x00, 0x7E, 0xFF, 0xF0, 0x00,
    0x1F, 0xBF, 0xFC, 0x00, 0x0F, 0xE7, 0xFF, 0x00, 0x03, 0xF9, 0x1F, 0xC0, 0x00, 0xFC, 0x07, 0xF0,
    0x00, 0x3F, 0x01, 0xFC, 0x00, 0x0F, 0xC0, 0x7E, 0x00, 0x03, 0xF0, 0x1F, 0x80, 0x01, 0xFC, 0x07,
    0xE0, 0x00, 0x7F, 0x03, 0xF8, 0x00, 0x1F, 0x80, 0xFE, 0x00, 0x07, 0xE0, 0x3F, 0x00, 0x01, 0xF8,
    0x0F, 0xC0, 0x00, 0x7E, 0x03, 0xF0, 0x00, 0x3F, 0x80, 0xFC, 0x00, 0x0F, 0xC0, 0x7F, 0x00, 0x03,
    0xF0, 0x1F, 0xC0, 0x00, 0xFC, 0x07, 0xE0, 0x00, 0x7F, 0x01, 0xF8, 0x00, 0x1F, 0xC0, 0x7E, 0x00,
    0x0F, 0xF0, 0x1F, 0x80, 0x03, 0xF8, 0x07, 0xE0, 0x01, 0xFE, 0x01, 0xFC, 0x00, 0xFF, 0x80, 0x7F,
    0x00, 0x7F, 0xE2, 0x1F, 0xE0, 0x7F, 0xFF, 0xC7, 0xFF, 0xFF, 0xFF, 0xF0, 0xFF, 0xFF, 0x9F, 0xFC,
    0x1F, 0xFF, 0xC7, 0xFC, 0x03, 0xFF, 0xE0, 0x7C, 0x00, 0x3F, 0xC0, 0x00, 0x00, 0x00, 0x00, 0x00,
    0xFE, 0x00, 0x00, 0x00, 0x7F, 0x00, 0x00, 0x00, 0x1F, 0x80, 0x00, 0x00, 0x0F, 0xC0, 0x00, 0x00,
    0x07, 0xE0, 0x00, 0x00, 0x03, 0xF0, 0x00, 0x00, 0x01, 0xF8, 0x00, 0x00, 0x00, 0xFC, 0x00, 0x00,
    0x00, 0x7E, 0x00, 0x00, 0x00, 0x3F, 0x00, 0x00, 0x00, 0x1F, 0x80, 0x00, 0x00, 0x0F, 0xC0, 0x00,
    0x00, 0x00, 0x00, 0x00, 0x00, 0x00, 0x00, 0x00, 0x00, 0x7C, 0x00, 0x01, 0xF8, 0xFF, 0x80, 0x00,
    0x7E, 0xFF, 0xF0, 0x00, 0x1F, 0xBF, 0xFC, 0x00, 0x0F, 0xE7, 0xFF, 0x00, 0x03, 0xF9, 0x1F, 0xC0,
    0x00, 0xFC, 0x07, 0xF0, 0x00, 0x3F, 0x01, 0xFC, 0x00, 0x0F, 0xC0, 0x7E, 0x00, 0x03, 0xF0, 0x1F,
    0x80, 0x01, 0xFC, 0x07, 0xE0, 0x00, 0x7F, 0x03, 0xF8, 0x00, 0x1F, 0x80, 0xFE, 0x00, 0x07, 0xE0,
    0x3F, 0x00, 0x01, 0xF8, 0x0F, 0xC0, 0x00, 0x7E, 0x03, 0xF0, 0x00, 0x3F, 0x80, 0xFC, 0x00, 0x0F,
    0xC0, 0x7F, 0x00, 0x03, 0xF0, 0x1F, 0xC0, 0x00, 0xFC, 0x07, 0xE0, 0x00, 0x7F, 0x01, 0xF8, 0x00,
    0x1F, 0xC0, 0x7E, 0x00, 0x0F, 0xF0, 0x1F, 0x80, 0x03, 0xF8, 0x07, 0xE0, 0x01, 0xFE, 0x01, 0xFC,
    0x00, 0xFF, 0x80, 0x7F, 0x00, 0x7F, 0xE2, 0x1F, 0xE0, 0x7F, 0xFF, 0xC7, 0xFF, 0xFF, 0xFF, 0xF0,
    0xFF, 0xFF, 0x9F, 0xFC, 0x1F, 0xFF, 0xC7, 0xFC, 0x03, 0xFF, 0xE0, 0x7C, 0x00, 0x3F, 0xC0, 0x00,
    0x00, 0x00, 0x00, 0x3F, 0x80, 0x00, 0x00, 0x1F, 0xE0, 0x00, 0x00, 0x0F, 0xFC, 0x00, 0x00, 0x07,
    0xFF, 0x00, 0x00, 0x01, 0xF7, 0xE0, 0x00, 0x00, 0xF9, 0xF8, 0x00, 0x00, 0x7E, 0x7E, 0x00, 0x00,
    0x3F, 0x0F, 0xC0, 0x00, 0x0F, 0x83, 0xF0, 0x00, 0x07, 0xC0, 0x7E, 0x00, 0x03, 0xF0, 0x1F, 0x80,
    0x01, 0xF8, 0x03, 0xE0, 0x00, 0x7C, 0x00, 0xFC, 0x00, 0x00, 0x00, 0x00, 0x00, 0x7C, 0x00, 0x01,
    0xF8, 0xFF, 0x80, 0x00, 0x7E, 0xFF, 0xF0, 0x00, 0x1F, 0xBF, 0xFC, 0x00, 0x0F, 0xE7, 0xFF, 0x00,
    0x03, 0xF9, 0x1F, 0xC0, 0x00, 0xFC, 0x07, 0xF0, 0x00, 0x3F, 0x01, 0xF8, 0x00, 0x0F, 0xC0, 0x7E,
    0x00, 0x03, 0xF0, 0x1F, 0x80, 0x01, 0xFC, 0x07, 0xE0, 0x00, 0x7F, 0x03, 0xF8, 0x00, 0x1F, 0x80,
    0xFE, 0x00, 0x07, 0xE0, 0x3F, 0x00, 0x01, 0xF8, 0x0F, 0xC0, 0x00, 0xFE, 0x03, 0xF0, 0x00, 0x3F,
    0x80, 0xFC, 0x00, 0x0F, 0xC0, 0x7F, 0x00, 0x03, 0xF0, 0x1F, 0x80, 0x01, 0xFC, 0x07, 0xE0, 0x00,
    0x7F, 0x01, 0xF8, 0x00, 0x3F, 0xC0, 0x7E, 0x00, 0x0F, 0xF0, 0x1F, 0x80, 0x07, 0xF8, 0x07, 0xF0,
    0x03, 0xFE, 0x01, 0xFC, 0x01, 0xFF, 0x80, 0x7F, 0x81, 0xFF, 0xE2, 0x1F, 0xFF, 0xFF, 0xFF, 0xC7,
    0xFF, 0xFF, 0xFF, 0xF0, 0xFF, 0xFF, 0x9F, 0xFC, 0x1F, 0xFF, 0xC7, 0xFC, 0x03, 0xFF, 0xE0, 0x7C,
    0x00, 0x3F, 0xC0, 0x00, 0x00, 0x00, 0x0F, 0x00, 0x78, 0x00, 0x07, 0xE0, 0x7F, 0x00, 0x03, 0xFC,
    0x3F, 0xC0, 0x00, 0xFF, 0x0F, 0xF0, 0x00, 0x3F, 0x83, 0xFC, 0x00, 0x0F, 0xE0, 0xFE, 0x00, 0x01,
    0xE0, 0x1F, 0x00, 0x00, 0x00, 0x00, 0x00, 0x07, 0xC0, 0x00, 0x1F, 0x8F, 0xF8, 0x00, 0x07, 0xEF,
    0xFF, 0x00, 0x01, 0xFB, 0xFF, 0xC0, 0x00, 0xFE, 0x7F, 0xF0, 0x00, 0x3F, 0x91, 0xFC, 0x00, 0x0F,
    0xC0, 0x7F, 0x00, 0x03, 0xF0, 0x1F, 0xC0, 0x00, 0xFC, 0x07, 0xE0, 0x00, 0x3F, 0x01, 0xF8, 0x00,
    0x1F, 0xC0, 0x7E, 0x00, 0x07, 0xF0, 0x3F, 0x80, 0x01, 0xF8, 0x0F, 0xE0, 0x00, 0x7E, 0x03, 0xF0,
    0x00, 0x1F, 0x80, 0xFC, 0x00, 0x07, 0xE0, 0x3F, 0x00, 0x03, 0xF8, 0x0F, 0xC0, 0x00, 0xFC, 0x07,
    0xF0, 0x00, 0x3F, 0x01, 0xFC, 0x00, 0x0F, 0xC0, 0x7E, 0x00, 0x07, 0xF0, 0x1F, 0x80, 0x01, 0xFC,
    0x07, 0xE0, 0x00, 0xFF, 0x01, 0xF8, 0x00, 0x3F, 0x80, 0x7E, 0x00, 0x1F, 0xE0, 0x1F, 0xC0, 0x0F,
    0xF8, 0x07, 0xF0, 0x07, 0xFE, 0x21, 0xFE, 0x07, 0xFF, 0xFC, 0x7F, 0xFF, 0xFF, 0xFF, 0x0F, 0xFF,
    0xF9, 0xFF, 0xC1, 0xFF, 0xFC, 0x7F, 0xC0, 0x3F, 0xFE, 0x07, 0xC0, 0x03, 0xFC, 0x00, 0x00, 0x00,
    0x00, 0x00, 0x3F, 0x00, 0x00, 0x00, 0x3F, 0x00, 0x00, 0x00, 0x3F, 0x00, 0x00, 0x00, 0x3F, 0x00,
    0x00, 0x00, 0x3F, 0x00, 0x00, 0x00, 0x3F, 0x00, 0x00, 0x00, 0x3F, 0x00, 0x00, 0x00, 0x3F, 0x00,
    0x00, 0x00, 0x3F, 0x00, 0x00, 0x00, 0x3F, 0x00, 0x00, 0x00, 0x3F, 0x00, 0x00, 0x00, 0x3F, 0x00,
    0x00, 0x00, 0x00, 0x00, 0x00, 0x00, 0x00, 0x00, 0x00, 0x1F, 0x00, 0x00, 0x7E, 0x7F, 0xC0, 0x00,
    0x3F, 0x7F, 0xF0, 0x00, 0x1F, 0xFF, 0xF8, 0x00, 0x1F, 0xDF, 0xFC, 0x00, 0x0F, 0xCC, 0xFE, 0x00,
    0x07, 0xE0, 0x7F, 0x00, 0x03, 0xF0, 0x3F, 0x80, 0x01, 0xF8, 0x1F, 0x80, 0x00, 0xFC, 0x0F, 0xC0,
    0x00, 0xFE, 0x07, 0xE0, 0x00, 0x7E, 0x07, 0xF0, 0x00, 0x3F, 0x03, 0xF8, 0x00, 0x1F, 0x81, 0xF8,
    0x00, 0x0F, 0xC0, 0xFC, 0x00, 0x07, 0xE0, 0x7E, 0x00, 0x07, 0xF0, 0x7F, 0x00, 0x03, 0xF0, 0x3F,
    0x80, 0x01, 0xF8, 0x1F, 0xC0, 0x00, 0xFC, 0x0F, 0xC0, 0x00, 0xFE, 0x07, 0xE0, 0x00, 0x7F, 0x03,
    0xF0, 0x00, 0x7F, 0x01, 0xF8, 0x00, 0x3F, 0x81, 0xFC, 0x00, 0x3F, 0xC0, 0xFF, 0x00, 0x3F, 0xE0,
    0x3F, 0x80, 0x3F, 0xF0, 0x1F, 0xE0, 0x7F, 0xF8, 0x0F, 0xFF, 0xFF, 0xF8, 0x03, 0xFF, 0xFE, 0xFC,
    0x00, 0xFF, 0xFE, 0x7E, 0x00, 0x3F, 0xFC, 0x3F, 0x00, 0x07, 0xF8, 0x1F, 0x80, 0x00, 0x00, 0x1F,
    0x80, 0x00, 0x00, 0x0F, 0xC0, 0x00, 0x00, 0x07, 0xE0, 0x00, 0x00, 0x07, 0xE0, 0x00, 0x00, 0x03,
    0xF0, 0x00, 0x00, 0x03, 0xF8, 0x00, 0x00, 0x01, 0xF8, 0x00, 0x00, 0x01, 0xF8, 0x01, 0x80, 0x03,
    0xFC, 0x01, 0xF8, 0x07, 0xFC, 0x00, 0xFF, 0xFF, 0xFC, 0x00, 0x7F, 0xFF, 0xFC, 0x00, 0x3F, 0xFF,
    0xFC, 0x00, 0x0F, 0xFF, 0xF8, 0x00, 0x00, 0xFF, 0xE0, 0x00, 0x00, 0x00, 0x3C, 0x00, 0x00, 0x00,
    0x1F, 0xF0, 0x00, 0x00, 0x03, 0xFF, 0x00, 0x00, 0x00, 0x7F, 0xF8, 0x00, 0x00, 0x07, 0xFF, 0x80,
    0x00, 0x00, 0x33, 0xF8, 0x00, 0x00, 0x00, 0x3F, 0x00, 0x00, 0x00, 0x03, 0xF0, 0x00, 0x00, 0x00,
    0x3F, 0x00, 0x00, 0x00, 0x03, 0xF0, 0x00, 0x00, 0x00, 0x3F, 0x00, 0x00, 0x00, 0x07, 0xE0, 0x00,
    0x00, 0x00, 0x7E, 0x00, 0x00, 0x00, 0x07, 0xE0, 0x00, 0x00, 0x00, 0x7E, 0x00, 0x00, 0x00, 0x07,
    0xE0, 0x00, 0x00, 0x00, 0xFE, 0x00, 0x00, 0x00, 0x0F, 0xC0, 0x00, 0x00, 0x00, 0xFC, 0x00, 0x00,
    0x00, 0x0F, 0xC0, 0xFF, 0x00, 0x00, 0xFC, 0x3F, 0xFE, 0x00, 0x0F, 0xCF, 0xFF, 0xF0, 0x01, 0xFF,
    0xFF, 0xFF, 0x80, 0x1F, 0xFF, 0xFF, 0xFC, 0x01, 0xFF, 0xF0, 0x3F, 0xE0, 0x1F, 0xFC, 0x01, 0xFE,
    0x01, 0xFF, 0x00, 0x0F, 0xF0, 0x3F, 0xE0, 0x00, 0x7F, 0x03, 0xFC, 0x00, 0x07, 0xF0, 0x3F, 0xC0,
    0x00, 0x7F, 0x03, 0xF8, 0x00, 0x07, 0xF0, 0x3F, 0x80, 0x00, 0x7F, 0x03, 0xF0, 0x00, 0x07, 0xF0,
    0x7F, 0x00, 0x00, 0x7F, 0x07, 0xF0, 0x00, 0x07, 0xF0, 0x7E, 0x00, 0x00, 0x7F, 0x07, 0xE0, 0x00,
    0x07, 0xF0, 0x7E, 0x00, 0x00, 0x7E, 0x07, 0xE0, 0x00, 0x0F, 0xE0, 0xFE, 0x00, 0x00, 0xFE, 0x0F,
    0xE0, 0x00, 0x1F, 0xC0, 0xFF, 0x00, 0x01, 0xFC, 0x0F, 0xF0, 0x00, 0x3F, 0x80, 0xFF, 0x80, 0x07,
    0xF8, 0x1F, 0xFC, 0x00, 0xFF, 0x01, 0xFF, 0xF0, 0x3F, 0xE0, 0x1F, 0xFF, 0xFF, 0xFE, 0x01, 0xFF,
    0xFF, 0xFF, 0xC0, 0x1F, 0xBF, 0xFF, 0xF8, 0x01, 0xF9, 0xFF, 0xFE, 0x00, 0x3F, 0x8F, 0xFF, 0x80,
    0x03, 0xF0, 0x1F, 0xE0, 0x00, 0x3F, 0x00, 0x00, 0x00, 0x03, 0xF0, 0x00, 0x00, 0x00, 0x3F, 0x00,
    0x00, 0x00, 0x07, 0xF0, 0x00, 0x00, 0x00, 0x7F, 0x00, 0x00, 0x00, 0x07, 0xE0, 0x00, 0x00, 0x00,
    0x7E, 0x00, 0x00, 0x00, 0x07, 0xE0, 0x00, 0x00, 0x00, 0x7E, 0x00, 0x00, 0x00, 0x0F, 0xE0, 0x00,
    0x00, 0x00, 0xFE, 0x00, 0x00, 0x00, 0x0F, 0xC0, 0x00, 0x00, 0x00, 0xFC, 0x00, 0x00, 0x00, 0x0F,
    0xC0, 0x00, 0x00, 0x00, 0x00, 0x0F, 0x00, 0xF8, 0x00, 0x0F, 0xC0, 0xFE, 0x00, 0x0F, 0xF0, 0xFF,
    0x00, 0x07, 0xF8, 0x7F, 0x80, 0x07, 0xF8, 0x3F, 0xC0, 0x01, 0xF8, 0x1F, 0xC0, 0x00, 0x78, 0x07,
    0x80, 0x00, 0x00, 0x00, 0x00, 0x07, 0xC0, 0x00, 0x1F, 0x9F, 0xF0, 0x00, 0x0F, 0xDF, 0xFC, 0x00,
    0x07, 0xFF, 0xFE, 0x00, 0x07, 0xF7, 0xFF, 0x00, 0x03, 0xF3, 0x3F, 0x80, 0x01, 0xF8, 0x1F, 0xC0,
    0x00, 0xFC, 0x0F, 0xE0, 0x00, 0x7E, 0x07, 0xE0, 0x00, 0x3F, 0x03, 0xF0, 0x00, 0x3F, 0x81, 0xF8,
    0x00, 0x1F, 0x81, 0xFC, 0x00, 0x0F, 0xC0, 0xFE, 0x00, 0x07, 0xE0, 0x7E, 0x00, 0x03, 0xF0, 0x3F,
    0x00, 0x01, 0xF8, 0x1F, 0x80, 0x01, 0xFC, 0x1F, 0xC0, 0x00, 0xFC, 0x0F, 0xE0, 0x00, 0x7E, 0x07,
    0xF0, 0x00, 0x3F, 0x03, 0xF0, 0x00, 0x3F, 0x81, 0xF8, 0x00, 0x1F, 0xC0, 0xFC, 0x00, 0x1F, 0xC0,
    0x7E, 0x00, 0x0F, 0xE0, 0x7F, 0x00, 0x0F, 0xF0, 0x3F, 0xC0, 0x0F, 0xF8, 0x0F, 0xE0, 0x0F, 0xFC,
    0x07, 0xF8, 0x1F, 0xFE, 0x03, 0xFF, 0xFF, 0xFE, 0x00, 0xFF, 0xFF, 0xBF, 0x00, 0x3F, 0xFF, 0x9F,
    0x80, 0x0F, 0xFF, 0x0F, 0xC0, 0x01, 0xFE, 0x07, 0xE0, 0x00, 0x00, 0x07, 0xE0, 0x00, 0x00, 0x03,
    0xF0, 0x00, 0x00, 0x01, 0xF8, 0x00, 0x00, 0x01, 0xF8, 0x00, 0x00, 0x00, 0xFC, 0x00, 0x00, 0x00,
    0xFE, 0x00, 0x00, 0x00, 0x7E, 0x00, 0x00, 0x00, 0x7E, 0x00, 0x60, 0x00, 0xFF, 0x00, 0x7E, 0x01,
    0xFF, 0x00, 0x3F, 0xFF, 0xFF, 0x00, 0x1F, 0xFF, 0xFF, 0x00, 0x0F, 0xFF, 0xFF, 0x00, 0x03, 0xFF,
    0xFE, 0x00, 0x00, 0x3F, 0xF8, 0x00, 0x00, 0x00, 0x00, 0x07, 0xFF, 0xFF, 0xFF, 0xFF, 0xF0, 0x00,
    0x07, 0xFF, 0xFF, 0xFF, 0xFF, 0xFE, 0x00, 0x01, 0xFF, 0xFF, 0xFF, 0xFF, 0xFF, 0xE0, 0x00, 0x7F,
    0xFF, 0xFF, 0xFF, 0xFF, 0xFE, 0x00, 0x0F, 0xFF, 0xFF, 0xFF, 0xFF, 0xFF, 0xE0, 0x03, 0xFF, 0xFF,
    0xFF, 0xE0, 0x00, 0x00, 0x00, 0x7F, 0xFC, 0x00, 0x7E, 0x00, 0x00, 0x00, 0x0F, 0xFE, 0x00, 0x07,
    0xE0, 0x00, 0x00, 0x00, 0xFF, 0x80, 0x00, 0x7E, 0x00, 0x00, 0x00, 0x1F, 0xE0, 0x00, 0x0F, 0xE0,
    0x00, 0x00, 0x03, 0xFC, 0x00, 0x00, 0xFC, 0x00, 0x00, 0x00, 0x7F, 0x80, 0x00, 0x0F, 0xC0, 0x00,
    0x00, 0x07, 0xF8, 0x00, 0x00, 0xFC, 0x00, 0x00, 0x00, 0xFF, 0x00, 0x00, 0x0F, 0xC0, 0x00, 0x00,
    0x0F, 0xE0, 0x00, 0x01, 0xFC, 0x00, 0x00, 0x01, 0xFE, 0x00, 0x00, 0x1F, 0xC0, 0x00, 0x00, 0x1F,
    0xC0, 0x00, 0x01, 0xF8, 0x00, 0x00, 0x01, 0xFC, 0x00, 0x00, 0x1F, 0x80, 0x00, 0x00, 0x3F, 0xC0,
    0x00, 0x01, 0xF8, 0x00, 0x00, 0x03, 0xF8, 0x00, 0x00, 0x3F, 0xFF, 0xFF, 0xC0, 0x3F, 0x80, 0x00,
    0x03, 0xFF, 0xFF, 0xFC, 0x07, 0xF8, 0x00, 0x00, 0x3F, 0xFF, 0xFF, 0xC0, 0x7F, 0x00, 0x00, 0x03,
    0xFF, 0xFF, 0xFC, 0x07, 0xF0, 0x00, 0x00, 0x3F, 0xFF, 0xFF, 0xC0, 0x7F, 0x00, 0x00, 0x03, 0xFF,
    0xFF, 0xFC, 0x07, 0xF0, 0x00, 0x00, 0x7F, 0x00, 0x00, 0x00, 0x7F, 0x00, 0x00, 0x07, 0xF0, 0x00,
    0x00, 0x0F, 0xF0, 0x00, 0x00, 0x7E, 0x00, 0x00, 0x00, 0xFF, 0x00, 0x00, 0x07, 0xE0, 0x00, 0x00,
    0x0F, 0xF0, 0x00, 0x00, 0x7E, 0x00, 0x00, 0x00, 0xFF, 0x00, 0x00, 0x0F, 0xE0, 0x00, 0x00, 0x0F,
    0xF0, 0x00, 0x00, 0xFE, 0x00, 0x00, 0x00, 0x7F, 0x00, 0x00, 0x0F, 0xE0, 0x00, 0x00, 0x07, 0xF0,
    0x00, 0x00, 0xFC, 0x00, 0x00, 0x00, 0x7F, 0x00, 0x00, 0x0F, 0xC0, 0x00, 0x00, 0x07, 0xF8, 0x00,
    0x01, 0xFC, 0x00, 0x00, 0x00, 0x7F, 0x80, 0x00, 0x1F, 0xC0, 0x00, 0x00, 0x03, 0xFC, 0x00, 0x01,
    0xFC, 0x00, 0x00, 0x00, 0x3F, 0xE0, 0x00, 0x1F, 0x80, 0x00, 0x00, 0x01, 0xFF, 0x00, 0x01, 0xF8,
    0x00, 0x00, 0x00, 0x1F, 0xFE, 0x00, 0x1F, 0x80, 0x00, 0x00, 0x00, 0xFF, 0xFF, 0xFF, 0xFF, 0xFF,
    0xFF, 0xE0, 0x07, 0xFF, 0xFF, 0xFF, 0xFF, 0xFF, 0xFC, 0x00, 0x3F, 0xFF, 0xFF, 0xFF, 0xFF, 0xFF,
    0xC0, 0x01, 0xFF, 0xFF, 0xFF, 0xFF, 0xFF, 0xFC, 0x00, 0x07, 0xFF, 0xFF, 0xFF, 0xFF, 0xFF, 0xC0,
    0x00, 0x07, 0xFF, 0xFF, 0xFF, 0xFF, 0xFC, 0x00, 0x00, 0x03, 0xFC, 0x00, 0x07, 0xF8, 0x00, 0x00,
    0xFF, 0xFC, 0x00, 0xFF, 0xF8, 0x00, 0x1F, 0xFF, 0xF0, 0x1F, 0xFF, 0xE0, 0x03, 0xFF, 0xFF, 0xC3,
    0xFF, 0xFF, 0x80, 0x3F, 0xFF, 0xFF, 0x3F, 0xFF, 0xFE, 0x03, 0xFE, 0x07, 0xFF, 0xFC, 0x0F, 0xF8,
    0x3F, 0xC0, 0x0F, 0xFF, 0x80, 0x3F, 0xC1, 0xFC, 0x00, 0x3F, 0xF8, 0x00, 0xFE, 0x1F, 0xC0, 0x01,
    0xFF, 0x80, 0x03, 0xF1, 0xFC, 0x00, 0x07, 0xFC, 0x00, 0x1F, 0xCF, 0xE0, 0x00, 0x3F, 0xC0, 0x00,
    0xFE, 0xFE, 0x00, 0x01, 0xFE, 0x00, 0x07, 0xF7, 0xF0, 0x00, 0x0F, 0xE0, 0x00, 0x3F, 0xBF, 0x00,
    0x00, 0x7F, 0x00, 0x01, 0xFB, 0xF8, 0x00, 0x03, 0xFF, 0xFF, 0xFF, 0xDF, 0xC0, 0x00, 0x1F, 0xFF,
    0xFF, 0xFE, 0xFE, 0x00, 0x00, 0xFF, 0xFF, 0xFF, 0xF7, 0xE0, 0x00, 0x07, 0xFF, 0xFF, 0xFF, 0xBF,
    0x00, 0x00, 0x7F, 0xFF, 0xFF, 0xFD, 0xF8, 0x00, 0x03, 0xF8, 0x00, 0x00, 0x0F, 0xC0, 0x00, 0x1F,
    0xC0, 0x00, 0x00, 0x7E, 0x00, 0x01, 0xFE, 0x00, 0x00, 0x03, 0xF8, 0x00, 0x0F, 0xF0, 0x00, 0x00,
    0x1F, 0xC0, 0x00, 0xFF, 0x80, 0x00, 0x00, 0xFE, 0x00, 0x0F, 0xFE, 0x00, 0x00, 0x07, 0xF8, 0x00,
    0xFF, 0xF8, 0x00, 0x00, 0x1F, 0xE0, 0x0F, 0xFF, 0xE0, 0x01, 0xC0, 0xFF, 0xC1, 0xFF, 0xFF, 0x80,
    0x7E, 0x03, 0xFF, 0xFF, 0xF3, 0xFF, 0xFF, 0xF0, 0x0F, 0xFF, 0xFE, 0x1F, 0xFF, 0xFF, 0x80, 0x3F,
    0xFF, 0xE0, 0x7F, 0xFF, 0xF8, 0x00, 0x7F, 0xFC, 0x00, 0xFF, 0xFF, 0x80, 0x00, 0xFF, 0x80, 0x01,
    0xFF, 0xC0, 0x00, 0x00, 0x0C, 0x00, 0x00, 0x0C, 0x00, 0x3E, 0x00, 0x01, 0xF0, 0x00, 0xFF, 0x00,
    0x3F, 0xC0, 0x07, 0xFF, 0x07, 0xFF, 0x00, 0x1F, 0xFF, 0xFF, 0xFC, 0x00, 0x1F, 0xFF, 0xFF, 0xC0,
    0x00, 0x1F, 0xFF, 0xF8, 0x00, 0x00, 0x1F, 0xFF, 0x80, 0x00, 0x00, 0x1F, 0xF0, 0x00, 0x00, 0x00,
    0x1F, 0x00, 0x00, 0x00, 0x00, 0x00, 0x00, 0x00, 0x00, 0x0F, 0xFC, 0x00, 0x00, 0x01, 0xFF, 0xFF,
    0x00, 0x00, 0x1F, 0xFF, 0xFF, 0x80, 0x01, 0xFF, 0xFF, 0xFE, 0x00, 0x0F, 0xFF, 0xFF, 0xF8, 0x00,
    0x7F, 0xFF, 0xFF, 0xC0, 0x03, 0xFF, 0x00, 0x7F, 0x00, 0x1F, 0xF0, 0x00, 0x18, 0x00, 0x7F, 0x00,
    0x00, 0x00, 0x03, 0xF8, 0x00, 0x00, 0x00, 0x0F, 0xE0, 0x00, 0x00, 0x00, 0x3F, 0x00, 0x00, 0x00,
    0x01, 0xFC, 0x00, 0x00, 0x00, 0x07, 0xF0, 0x00, 0x00, 0x00, 0x1F, 0xC0, 0x00, 0x00, 0x00, 0x7F,
    0x00, 0x00, 0x00, 0x01, 0xFC, 0x00, 0x00, 0x00, 0x07, 0xF8, 0x00, 0x00, 0x00, 0x1F, 0xF0, 0x00,
    0x00, 0x00, 0x3F, 0xE0, 0x00, 0x00, 0x00, 0xFF, 0xE0, 0x00, 0x00, 0x01, 0xFF, 0xF0, 0x00, 0x00,
    0x03, 0xFF, 0xF0, 0x00, 0x00, 0x07, 0xFF, 0xF8, 0x00, 0x00, 0x07, 0xFF, 0xF0, 0x00, 0x00, 0x0F,
    0xFF, 0xF0, 0x00, 0x00, 0x07, 0xFF, 0xE0, 0x00, 0x00, 0x07, 0xFF, 0xC0, 0x00, 0x00, 0x03, 0xFF,
    0x00, 0x00, 0x00, 0x07, 0xFE, 0x00, 0x00, 0x00, 0x07, 0xF8, 0x00, 0x00, 0x00, 0x0F, 0xE0, 0x00,
    0x00, 0x00, 0x3F, 0x80, 0x00, 0x00, 0x00, 0xFE, 0x00, 0x00, 0x00, 0x01, 0xF8, 0x00, 0x00, 0x00,
    0x0F, 0xE0, 0x00, 0x00, 0x00, 0x3F, 0x80, 0x00, 0x00, 0x00, 0xFE, 0x00, 0x00, 0x00, 0x03, 0xF8,
    0x00, 0x00, 0x00, 0x1F, 0xC0, 0x00, 0x00, 0x00, 0xFF, 0x00, 0x40, 0x00, 0x07, 0xF8, 0x03, 0xE0,
    0x00, 0x3F, 0xE0, 0x0F, 0xF0, 0x07, 0xFF, 0x00, 0x3F, 0xFF, 0xFF, 0xF8, 0x00, 0xFF, 0xFF, 0xFF,
    0xC0, 0x03, 0xFF, 0xFF, 0xFE, 0x00, 0x0F, 0xFF, 0xFF, 0xE0, 0x00, 0x07, 0xFF, 0xFE, 0x00, 0x00,
    0x01, 0xFF, 0xC0, 0x00, 0x00, 0x00, 0x7E, 0x00, 0x7C, 0x00, 0xF8, 0x01, 0xF0, 0x03, 0xF0, 0x0F,
    0x80, 0x07, 0xC0, 0x7C, 0x00, 0x1F, 0x83, 0xF0, 0x00, 0x7E, 0x1F, 0x80, 0x00, 0xFC, 0x7C, 0x00,
    0x03, 0xF3, 0xE0, 0x00, 0x07, 0xDF, 0x80, 0x00, 0x1F, 0xFC, 0x00, 0x00, 0x7F, 0xE0, 0x00, 0x00,
    0xFF, 0x00, 0x00, 0x03, 0xFC, 0x00, 0x00, 0x07, 0xE0, 0x00, 0x00, 0x7F, 0xC0, 0x00, 0x07, 0xFF,
    0xE0, 0x00, 0x7F, 0xFF, 0xE0, 0x07, 0xFF, 0xFF, 0x80, 0x3F, 0xFF, 0xFC, 0x00, 0xFF, 0x01, 0xF0,
    0x07, 0xF0, 0x01, 0x80, 0x1F, 0x80, 0x00, 0x00, 0xFC, 0x00, 0x00, 0x03, 0xF0, 0x00, 0x00, 0x0F,
    0xE0, 0x00, 0x00, 0x3F, 0xC0, 0x00, 0x00, 0xFF, 0xC0, 0x00, 0x03, 0xFF, 0xE0, 0x00, 0x07, 0xFF,
    0xF0, 0x00, 0x0F, 0xFF, 0xF0, 0x00, 0x1F, 0xFF, 0xE0, 0x00, 0x1F, 0xFF, 0xC0, 0x00, 0x0F, 0xFF,
    0x80, 0x00, 0x07, 0xFE, 0x00, 0x00, 0x07, 0xF8, 0x00, 0x00, 0x0F, 0xE0, 0x00, 0x00, 0x1F, 0x80,
    0x00, 0x00, 0x7E, 0x00, 0x00, 0x03, 0xF0, 0x18, 0x00, 0x0F, 0xC0, 0x78, 0x00, 0x7F, 0x01, 0xFC,
    0x07, 0xF8, 0x07, 0xFF, 0xFF, 0xC0, 0x3F, 0xFF, 0xFE, 0x00, 0x7F, 0xFF, 0xF0, 0x00, 0x7F, 0xFF,
    0x00, 0x00, 0x3F, 0xF0, 0x00, 0x00, 0x00, 0x0F, 0x00, 0x0F, 0x00, 0x00, 0x3F, 0x00, 0x3F, 0x00,
    0x00, 0xFF, 0x00, 0xFE, 0x00, 0x01, 0xFE, 0x03, 0xFC, 0x00, 0x07, 0xF8, 0x07, 0xF8, 0x00, 0x0F,
    0xF0, 0x0F, 0xF0, 0x00, 0x0F, 0xC0, 0x0F, 0xC0, 0x00, 0x0F, 0x00, 0x0F, 0x00, 0x00, 0x00, 0x00,
    0x00, 0x00, 0x00, 0x00, 0x00, 0x00, 0x00, 0x00, 0x00, 0x00, 0x00, 0x07, 0xF8, 0x00, 0x00, 0x07,
    0xFF, 0xF8, 0x00, 0x00, 0x1F, 0xFF, 0xF0, 0x00, 0x00, 0x7F, 0xFF, 0xF0, 0x00, 0x00, 0xFF, 0xFF,
    0xE0, 0x00, 0x03, 0xFF, 0x1F, 0xE0, 0x00, 0x0F, 0xE0, 0x1F, 0xC0, 0x00, 0x3F, 0x80, 0x3F, 0x80,
    0x00, 0x7E, 0x00, 0x3F, 0x80, 0x01, 0xF8, 0x00, 0x7F, 0x00, 0x07, 0xF0, 0x00, 0xFF, 0x00, 0x1F,
    0xC0, 0x00, 0xFE, 0x00, 0x3F, 0x00, 0x01, 0xFE, 0x00, 0xFC, 0x00, 0x01, 0xFC, 0x03, 0xF8, 0x00,
    0x03, 0xFC, 0x0F, 0xE0, 0x00, 0x03, 0xF8, 0x1F, 0x80, 0x00, 0x07, 0xF0, 0x7E, 0x00, 0x00, 0x07,
    0xF1, 0xFC, 0x00, 0x00, 0x0F, 0xE7, 0xF0, 0x00, 0x00, 0x0F, 0xEF, 0xC0, 0x00, 0x00, 0x1F, 0xFF,
    0x00, 0x00, 0x00, 0x3F, 0xFE, 0x00, 0x00, 0x00, 0x3F, 0xF8, 0x00, 0x00, 0x00, 0x7F, 0xE0, 0x00,
    0x00, 0x00, 0x7F, 0x80, 0x00, 0x00, 0x00, 0xFF, 0x00, 0x00, 0x00, 0x01, 0xFC, 0x00, 0x00, 0x00,
    0x03, 0xF8, 0x00, 0x00, 0x00, 0x07, 0xF0, 0x00, 0x00, 0x00, 0x0F, 0xE0, 0x00, 0x00, 0x00, 0x1F,
    0x80, 0x00, 0x00, 0x00, 0x3F, 0x00, 0x00, 0x00, 0x00, 0xFE, 0x00, 0x00, 0x00, 0x01, 0xFC, 0x00,
    0x00, 0x00, 0x03, 0xF8, 0x00, 0x00, 0x00, 0x07, 0xE0, 0x00, 0x00, 0x00, 0x0F, 0xC0, 0x00, 0x00,
    0x00, 0x1F, 0x80, 0x00, 0x00, 0x00, 0x7F, 0x00, 0x00, 0x00, 0x00, 0xFE, 0x00, 0x00, 0x00, 0x01,
    0xFC, 0x00, 0x00, 0x00, 0x03, 0xF0, 0x00, 0x00, 0x00, 0x7F, 0xFE, 0x00, 0x00, 0x00, 0xFF, 0xFC,
    0x00, 0x00, 0x03, 0xFF, 0xF8, 0x00, 0x00, 0x07, 0xFF, 0xF0, 0x00, 0x00, 0x0F, 0xFF, 0xC0, 0x00,
    0x00, 0x7F, 0xFF, 0xFF, 0xFF, 0xFF, 0xFF, 0xFF, 0xFF, 0xFF, 0xFF, 0xFF, 0xFF, 0xFF, 0xFF, 0xFF,
    0xFF, 0xFE, 0xFF, 0xFF, 0xFF, 0xFF, 0x80, 0x7F, 0xFF, 0xFF, 0xFF, 0xFF, 0xFF, 0xFF, 0xFF, 0xFF,
    0xFF, 0xFF, 0xFF, 0xFF, 0xFF, 0xFF, 0xFF, 0xFF, 0xFF, 0xFF, 0xFF, 0xFF, 0xFF, 0xFF, 0xFF, 0xFF,
    0xFF, 0xFF, 0xFF, 0xFF, 0xFF, 0xFF, 0xFF, 0xFF, 0xFF, 0xFF, 0xFF, 0xFF, 0xFF, 0xFF, 0xFF, 0xFF,
    0xFE, 0x00, 0x70, 0x07, 0xC0, 0x7E, 0x07, 0xE0, 0x7E, 0x03, 0xF0, 0x3F, 0x03, 0xF8, 0x1F, 0x81,
    0xFC, 0x0F, 0xC0, 0xFE, 0x07, 0xE0, 0x7F, 0x00, 0xF8, 0x00, 0x00, 0x00, 0x00, 0x1F, 0x00, 0xFE,
    0x07, 0xF0, 0x7F, 0x03, 0xF8, 0x3F, 0x81, 0xF8, 0x1F, 0xC0, 0xFC, 0x0F, 0xC0, 0x7E, 0x07, 0xE0,
    0x7E, 0x03, 0xE0, 0x0E, 0x00, 0x00, 0x00, 0x0F, 0x00, 0xFE, 0x07, 0xF0, 0x7F, 0x03, 0xF8, 0x1F,
    0x81, 0xFC, 0x0F, 0xC0, 0xFC, 0x0F, 0xE0, 0x7E, 0x07, 0xE0, 0x3E, 0x03, 0xF0, 0x0F, 0x00, 0x00,
    0x78, 0x07, 0x80, 0x3F, 0x03, 0xF0, 0x1F, 0xC1, 0xFC, 0x07, 0xE0, 0x7E, 0x03, 0xF0, 0x3F, 0x01,
    0xFC, 0x1F, 0xC0, 0xFE, 0x0F, 0xE0, 0x3F, 0x83, 0xF8, 0x1F, 0xC1, 0xFC, 0x0F, 0xF0, 0xFF, 0x03,
    0xF8, 0x3F, 0x81, 0xFE, 0x1F, 0xE0, 0x7F, 0x07, 0xF0, 0x3F, 0xC3, 0xFC, 0x01, 0xE0, 0x1E, 0x00,
    0x00, 0x00, 0x00, 0x00, 0x00, 0x00, 0x00, 0x78, 0x07, 0x80, 0x3F, 0xC3, 0xFC, 0x0F, 0xE0, 0xFE,
    0x03, 0xF8, 0x3F, 0x81, 0xFC, 0x1F, 0xC0, 0x7F, 0x07, 0xF0, 0x3F, 0x83, 0xF8, 0x0F, 0xE0, 0xFE,
    0x07, 0xF0, 0x7F, 0x03, 0xF8, 0x3F, 0x80, 0xFC, 0x0F, 0xC0, 0x7F, 0x07, 0xF0, 0x1F, 0x81, 0xF8,
    0x0F, 0xC0, 0xFC, 0x01, 0xE0, 0x1E, 0x00, 0x00, 0x00, 0x00, 0x00, 0x7C, 0x07, 0xC0, 0x3F, 0xC3,
    0xFC, 0x0F, 0xE0, 0xFE, 0x03, 0xF8, 0x3F, 0x81, 0xFC, 0x1F, 0xC0, 0x7F, 0x07, 0xF0, 0x3F, 0x83,
    0xF8, 0x0F, 0xE0, 0xFE, 0x07, 0xF0, 0x7F, 0x01, 0xF8, 0x1F, 0x80, 0xFC, 0x0F, 0xC0, 0x7F, 0x07,
    0xF0, 0x1F, 0x81, 0xF8, 0x0F, 0xC0, 0xFC, 0x01, 0xE0, 0x1E, 0x00, 0x00, 0x01, 0xFC, 0x00, 0x00,
    0x03, 0xF8, 0x00, 0x00, 0x07, 0xE0, 0x00, 0x00, 0x1F, 0xC0, 0x00, 0x00, 0x3F, 0x80, 0x00, 0x00,
    0x7F, 0x00, 0x00, 0x00, 0xFE, 0x00, 0x00, 0x01, 0xF8, 0x00, 0x00, 0x03, 0xF0, 0x00, 0x00, 0x07,
    0xE0, 0x00, 0x00, 0x1F, 0xC0, 0x00, 0x00, 0x3F, 0x00, 0x00, 0x00, 0x7E, 0x00, 0x0F, 0x80, 0xFC,
    0x0F, 0xFF, 0xFF, 0xFF, 0xFF, 0xFF, 0xFF, 0xFF, 0xFF, 0xFF, 0xFF, 0xFF, 0xFF, 0xFF, 0xFF, 0xFF,
    0xFF, 0xFF, 0xFF, 0xFF, 0xFF, 0x80, 0x7E, 0x01, 0xE0, 0x00, 0xFC, 0x00, 0x00, 0x01, 0xF8, 0x00,
    0x00, 0x07, 0xE0, 0x00, 0x00, 0x0F, 0xC0, 0x00, 0x00, 0x1F, 0x80, 0x00, 0x00, 0x3F, 0x00, 0x00,
    0x00, 0x7E, 0x00, 0x00, 0x01, 0xFC, 0x00, 0x00, 0x03, 0xF0, 0x00, 0x00, 0x07, 0xE0, 0x00, 0x00,
    0x0F, 0xC0, 0x00, 0x00, 0x1F, 0x80, 0x00, 0x00, 0x3F, 0x00, 0x00, 0x00, 0xFE, 0x00, 0x00, 0x01,
    0xF8, 0x00, 0x00, 0x03, 0xF0, 0x00, 0x00, 0x07, 0xE0, 0x00, 0x00, 0x0F, 0xC0, 0x00, 0x00, 0x3F,
    0x80, 0x00, 0x00, 0x7F, 0x00, 0x00, 0x00, 0xFC, 0x00, 0x00, 0x01, 0xF8, 0x00, 0x00, 0x03, 0xF0,
    0x00, 0x00, 0x07, 0xE0, 0x00, 0x00, 0x1F, 0xC0, 0x00, 0x00, 0x3F, 0x80, 0x00, 0x00, 0x7E, 0x00,
    0x00, 0x00, 0xFC, 0x00, 0x00, 0x01, 0xF8, 0x00, 0x00, 0x07, 0xF0, 0x00, 0x00, 0x0F, 0xE0, 0x00,
    0x00, 0x1F, 0xC0, 0x00, 0x00, 0x3F, 0x00, 0x00, 0x00, 0x7E, 0x00, 0x00, 0x00, 0xFC, 0x00, 0x00,
    0x03, 0xF8, 0x00, 0x00, 0x07, 0xF0, 0x00, 0x00, 0x0F, 0xE0, 0x00, 0x00, 0x1F, 0x80, 0x00, 0x00,
    0x3F, 0x00, 0x00, 0x00, 0x7E, 0x00, 0x00, 0x00, 0x00, 0x00, 0x0F, 0xE0, 0x00, 0x00, 0x00, 0xFE,
    0x00, 0x00, 0x00, 0x0F, 0xC0, 0x00, 0x00, 0x01, 0xFC, 0x00, 0x00, 0x00, 0x1F, 0xC0, 0x00, 0x00,
    0x01, 0xFC, 0x00, 0x00, 0x00, 0x1F, 0x80, 0x00, 0x00, 0x01, 0xF8, 0x00, 0x00, 0x00, 0x1F, 0x80,
    0x00, 0x00, 0x01, 0xF8, 0x00, 0x00, 0x00, 0x3F, 0x80, 0x00, 0x00, 0x03, 0xF0, 0x00, 0x00, 0x00,
    0x3F, 0x00, 0x00, 0x3F, 0xFF, 0xFF, 0xFF, 0x03, 0xFF, 0xFF, 0xFF, 0xF0, 0x3F, 0xFF, 0xFF, 0xFF,
    0x07, 0xFF, 0xFF, 0xFF, 0xF0, 0x7F, 0xFF, 0xFF, 0xFE, 0x07, 0xFF, 0xFF, 0xFF, 0xE0, 0x00, 0x07,
    0xE0, 0x00, 0x00, 0x00, 0x7E, 0x00, 0x00, 0x00, 0x07, 0xE0, 0x00, 0x00, 0x00, 0xFC, 0x00, 0x00,
    0x00, 0x0F, 0xC0, 0x00, 0x00, 0x00, 0xFC, 0x00, 0x00, 0x00, 0x0F, 0xC0, 0x00, 0x00, 0x00, 0xFC,
    0x00, 0x00, 0x00, 0x0F, 0xC0, 0x00, 0x00, 0x01, 0xF8, 0x00, 0x00, 0x00, 0x1F, 0x80, 0x00, 0x00,
    0x01, 0xF8, 0x00, 0x00, 0x00, 0x1F, 0x80, 0x00, 0x00, 0x01, 0xF8, 0x00, 0x00, 0x00, 0x1F, 0x80,
    0x00, 0x00, 0x03, 0xF0, 0x00, 0x00, 0x00, 0x3F, 0x00, 0x00, 0x00, 0x03, 0xF0, 0x00, 0x00, 0x00,
    0x3F, 0x00, 0x00, 0x00, 0x03, 0xF0, 0x00, 0x00, 0x00, 0x7E, 0x00, 0x00, 0x00, 0x07, 0xE0, 0x00,
    0x06, 0x00, 0x7E, 0x00, 0x60, 0x7F, 0xFF, 0xFF, 0xFE, 0x07, 0xFF, 0xFF, 0xFF, 0xE0, 0xFF, 0xFF,
    0xFF, 0xFE, 0x0F, 0xFF, 0xFF, 0xFF, 0xE0, 0xFF, 0xFF, 0xFF, 0xFC, 0x0F, 0xF8, 0xFC, 0x7F, 0xC0,
    0x00, 0x0F, 0xC0, 0x00, 0x00, 0x00, 0xFC, 0x00, 0x00, 0x00, 0x1F, 0xC0, 0x00, 0x00, 0x01, 0xF8,
    0x00, 0x00, 0x00, 0x1F, 0x80, 0x00, 0x00, 0x01, 0xF8, 0x00, 0x00, 0x00, 0x1F, 0x80, 0x00, 0x00,
    0x03, 0xF8, 0x00, 0x00, 0x00, 0x3F, 0x80, 0x00, 0x00, 0x03, 0xF8, 0x00, 0x00, 0x00, 0x3F, 0x00,
    0x00, 0x00, 0x03, 0xF0, 0x00, 0x00, 0x00, 0x3F, 0x00, 0x00, 0x00, 0x00, 0x3F, 0x80, 0x01, 0xFF,
    0xC0, 0x0F, 0xFF, 0xC0, 0x3F, 0xFF, 0xC0, 0xFF, 0xFF, 0xC3, 0xFF, 0xFF, 0x8F, 0xFF, 0xFF, 0x9F,
    0xFF, 0xFF, 0x7F, 0xFF, 0xFE, 0xFF, 0xFF, 0xFF, 0xFF, 0xFF, 0xFF, 0xFF, 0xFF, 0xFF, 0xFF, 0xFF,
    0xDF, 0xFF, 0xFF, 0xBF, 0xFF, 0xFF, 0x7F, 0xFF, 0xFC, 0x7F, 0xFF, 0xF0, 0xFF, 0xFF, 0xE0, 0xFF,
    0xFF, 0x00, 0xFF, 0xFC, 0x00, 0xFF, 0xF0, 0x00, 0x7F, 0x00, 0x00, 0x0F, 0x00, 0x00, 0x78, 0x00,
    0x01, 0xE1, 0xFC, 0x00, 0x07, 0xF0, 0x00, 0x3F, 0x9F, 0xF0, 0x00, 0x7F, 0x80, 0x03, 0xFE, 0xFF,
    0x80, 0x07, 0xFC, 0x00, 0x1F, 0xFF, 0xFC, 0x00, 0x3F, 0xE0, 0x00, 0xFF, 0xBF, 0xC0, 0x01, 0xFF,
    0x00, 0x07, 0xF9, 0xFC, 0x00, 0x07, 0xF0, 0x00, 0x3F, 0xC7, 0xC0, 0x00, 0x1E, 0x00, 0x00, 0x78,
    0x00, 0x00, 0x00, 0x00, 0x00, 0x01, 0xC0, 0x00, 0x00, 0x00, 0x00, 0x00, 0x7F, 0x00, 0x00, 0x00,
    0x1F, 0x00, 0x00, 0x00, 0x00, 0x00, 0x1F, 0xFE, 0x00, 0x00, 0x01, 0xFC, 0x00, 0x00, 0x00, 0x00,
    0x03, 0xFF, 0xFC, 0x00, 0x00, 0x1F, 0xC0, 0x00, 0x00, 0x00, 0x00, 0x3F, 0xFF, 0xF0, 0x00, 0x01,
    0xFC, 0x00, 0x00, 0x00, 0x00, 0x03, 0xFF, 0xFF, 0xC0, 0x00, 0x1F, 0xC0, 0x00, 0x00, 0x00, 0x00,
    0x3F, 0xFF, 0xFE, 0x00, 0x01, 0xFC, 0x00, 0x00, 0x00, 0x00, 0x03, 0xFE, 0x0F, 0xF8, 0x00, 0x1F,
    0xC0, 0x00, 0x00, 0x00, 0x00, 0x3F, 0xC0, 0x1F, 0xC0, 0x01, 0xFC, 0x00, 0x00, 0x00, 0x00, 0x01,
    0xF8, 0x00, 0x7E, 0x00, 0x1F, 0xC0, 0x00, 0x00, 0x00, 0x00, 0x1F, 0x80, 0x03, 0xF8, 0x00, 0xFE,
    0x00, 0x00, 0x00, 0x00, 0x00, 0xFC, 0x00, 0x0F, 0xC0, 0x0F, 0xE0, 0x00, 0x00, 0x00, 0x00, 0x0F,
    0xC0, 0x00, 0x7E, 0x00, 0xFE, 0x00, 0x00, 0x00, 0x00, 0x00, 0x7E, 0x00, 0x03, 0xF0, 0x0F, 0xE0,
    0x00, 0x00, 0x00, 0x00, 0x03, 0xF0, 0x00, 0x3F, 0x00, 0xFE, 0x00, 0x00, 0x00, 0x00, 0x00, 0x1F,
    0x80, 0x01, 0xF8, 0x0F, 0xE0, 0x00, 0x00, 0x00, 0x00, 0x00, 0xFC, 0x00, 0x0F, 0xC0, 0xFE, 0x00,
    0x00, 0x00, 0x00, 0x00, 0x07, 0xE0, 0x00, 0xFE, 0x0F, 0xE0, 0x00, 0x00, 0x00, 0x00, 0x00, 0x3F,
    0x00, 0x0F, 0xE0, 0xFE, 0x00, 0x00, 0x00, 0x00, 0x00, 0x01, 0xFC, 0x00, 0x7F, 0x0F, 0xE0, 0x00,
    0x00, 0x00, 0x00, 0x00, 0x0F, 0xF0, 0x0F, 0xF0, 0xFE, 0x00, 0x00, 0x00, 0x00, 0x00, 0x00, 0x7F,
    0xC1, 0xFF, 0x0F, 0xE0, 0x00, 0x00, 0x00, 0x00, 0x00, 0x01, 0xFF, 0xFF, 0xF8, 0xFE, 0x00, 0x00,
    0x00, 0x00, 0x00, 0x00, 0x0F, 0xFF, 0xFF, 0x8F, 0xE0, 0x3F, 0xC0, 0x00, 0x00, 0x7F, 0x00, 0x3F,
    0xFF, 0xF0, 0xFE, 0x07, 0xFF, 0x80, 0x00, 0x1F, 0xFF, 0x00, 0xFF, 0xFF, 0x0F, 0xE0, 0xFF, 0xFE,
    0x00, 0x03, 0xFF, 0xFC, 0x01, 0xFF, 0xE0, 0xFE, 0x1F, 0xFF, 0xFC, 0x00, 0x3F, 0xFF, 0xF0, 0x03,
    0xFC, 0x0F, 0xE1, 0xFF, 0xFF, 0xE0, 0x03, 0xFF, 0xFF, 0xC0, 0x00, 0x00, 0xFE, 0x1F, 0xFF, 0xFF,
    0x80, 0x3F, 0xFF, 0xFF, 0x00, 0x00, 0x0F, 0xE1, 0xFF, 0x03, 0xFC, 0x03, 0xFE, 0x0F, 0xF8, 0x00,
    0x00, 0x7E, 0x0F, 0xE0, 0x0F, 0xF0, 0x3F, 0xC0, 0x1F, 0xC0, 0x00, 0x07, 0xF0, 0xFE, 0x00, 0x3F,
    0x81, 0xFC, 0x00, 0x7F, 0x00, 0x00, 0x7F, 0x07, 0xE0, 0x00, 0xFC, 0x1F, 0xC0, 0x03, 0xF8, 0x00,
    0x07, 0xF0, 0x7E, 0x00, 0x07, 0xE0, 0xFC, 0x00, 0x0F, 0xC0, 0x00, 0x7F, 0x03, 0xF0, 0x00, 0x3F,
    0x07, 0xE0, 0x00, 0x7E, 0x00, 0x07, 0xF0, 0x1F, 0x80, 0x01, 0xF8, 0x7E, 0x00, 0x03, 0xF0, 0x00,
    0x7F, 0x01, 0xF8, 0x00, 0x0F, 0xC3, 0xF0, 0x00, 0x1F, 0x80, 0x07, 0xF0, 0x0F, 0xC0, 0x00, 0x7E,
    0x1F, 0x80, 0x00, 0xFC, 0x00, 0x7F, 0x00, 0x7E, 0x00, 0x03, 0xF0, 0xFC, 0x00, 0x0F, 0xC0, 0x07,
    0xF0, 0x03, 0xF0, 0x00, 0x3F, 0x07, 0xE0, 0x00, 0x7E, 0x00, 0x7F, 0x00, 0x1F, 0xC0, 0x03, 0xF8,
    0x3F, 0x00, 0x07, 0xF0, 0x07, 0xF0, 0x00, 0xFE, 0x00, 0x3F, 0x81, 0xFC, 0x00, 0x7F, 0x00, 0x7F,
    0x00, 0x03, 0xF8, 0x03, 0xFC, 0x0F, 0xF0, 0x07, 0xF0, 0x07, 0xF0, 0x00, 0x1F, 0xF0, 0x7F, 0xC0,
    0x3F, 0xC0, 0xFF, 0x80, 0x7F, 0x00, 0x00, 0x7F, 0xFF, 0xFC, 0x01, 0xFF, 0xFF, 0xF8, 0x07, 0xF0,
    0x00, 0x03, 0xFF, 0xFF, 0xC0, 0x07, 0xFF, 0xFF, 0x80, 0x7F, 0x00, 0x00, 0x0F, 0xFF, 0xFC, 0x00,
    0x1F, 0xFF, 0xF8, 0x07, 0xF0, 0x00, 0x00, 0x3F, 0xFF, 0xC0, 0x00, 0x7F, 0xFF, 0x00, 0x3F, 0x00,
    0x00, 0x00, 0xFF, 0xF8, 0x00, 0x01, 0xFF, 0xF0, 0x00, 0xF0, 0x00, 0x00, 0x00, 0xFE, 0x00, 0x00,
    0x03, 0xFC, 0x00, 0x01, 0x00, 0x00, 0x00, 0x00, 0x00, 0x00, 0x00, 0x00, 0x00, 0x00, 0x00, 0x30,
    0x00, 0x78, 0x01, 0xF8, 0x07, 0xE0, 0x1F, 0x80, 0x7F, 0x01, 0xFC, 0x03, 0xF0, 0x0F, 0xC0, 0x3F,
    0x00, 0xFE, 0x03, 0xF8, 0x07, 0xE0, 0x1F, 0x80, 0x3F, 0x00, 0x7E, 0x00, 0xFE, 0x00, 0xFC, 0x01,
    0xFC, 0x01, 0xF8, 0x03, 0xF8, 0x03, 0xF0, 0x07, 0xF0, 0x07, 0xE0, 0x0F, 0xC0, 0x0F, 0xC0, 0x1E,
    0x00, 0x18, 0x00, 0x00, 0xC0, 0x03, 0xC0, 0x07, 0xE0, 0x07, 0xE0, 0x07, 0xE0, 0x03, 0xF0, 0x03,
    0xF0, 0x01, 0xF8, 0x01, 0xF8, 0x01, 0xFC, 0x00, 0xFC, 0x00, 0xFE, 0x00, 0x7E, 0x00, 0x7F, 0x00,
    0x7F, 0x00, 0xFE, 0x00, 0xFC, 0x01, 0xF8, 0x03, 0xF0, 0x07, 0xE0, 0x0F, 0xE0, 0x0F, 0xC0, 0x1F,
    0x80, 0x3F, 0x00, 0x7E, 0x00, 0xFE, 0x00, 0x7C, 0x00, 0x18, 0x00, 0x1C, 0x7E, 0xFF, 0xFF, 0xFF,
    0xFE, 0xFE, 0x78,
};

static const EpdGlyph steinem_32_italicGlyphs[] = {
    { 1, 1, 297, 0, 1, 1, 0 }, // U+0020
    { 15, 48, 259, 5, 47, 90, 1 }, // !
    { 20, 16, 472, 13, 47, 40, 91 }, // "
    { 36, 47, 585, 5, 47, 212, 131 }, // #
    { 35, 57, 581, 5, 52, 250, 343 }, // $
    { 60, 51, 1190, 12, 49, 383, 593 }, // %
    { 45, 49, 755, 5, 48, 276, 976 }, // &
    { 8, 16, 253, 12, 47, 16, 1252 }, // '
    { 19, 59, 276, 6, 49, 141, 1268 }, // (
    { 19, 59, 276, 0, 49, 141, 1409 }, // )
    { 25, 25, 457, 9, 49, 79, 1550 }, // *
    { 35, 34, 586, 5, 37, 149, 1629 }, // +
    { 13, 16, 271, 2, 8, 26, 1778 }, // ,
    { 17, 5, 334, 5, 16, 11, 1804 }, // -
    { 8, 8, 259, 5, 8, 8, 1815 }, // .
    { 33, 49, 381, 0, 48, 203, 1823 }, // /
    { 34, 49, 584, 6, 48, 209, 2026 }, // 0
    { 20, 47, 566, 10, 47, 118, 2235 }, // 1
    { 36, 48, 584, 2, 48, 216, 2353 }, // 2
    { 34, 49, 581, 3, 48, 209, 2569 }, // 3
    { 33, 47, 584, 4, 47, 194, 2778 }, // 4
    { 34, 48, 581, 5, 47, 204, 2972 }, // 5
    { 33, 49, 584, 7, 48, 203, 3176 }, // 6
    { 33, 47, 582, 9, 47, 194, 3379 }, // 7
    { 33, 49, 582, 6, 48, 203, 3573 }, // 8
    { 33, 49, 584, 6, 48, 203, 3776 }, // 9
    { 12, 32, 259, 5, 31, 48, 3979 }, // :
    { 16, 40, 271, 2, 31, 80, 4027 }, // ;
    { 38, 34, 586, 5, 37, 162, 4107 }, // <
    { 37, 16, 586, 4, 27, 74, 4269 }, // =
    { 38, 34, 586, 2, 37, 162, 4343 }, // >
    { 26, 49, 496, 10, 48, 160, 4505 }, // ?
    { 49, 49, 836, 7, 48, 301, 4665 }, // @
    { 45, 47, 705, 0, 47, 265, 4966 }, // A
    { 41, 47, 667, 3, 47, 241, 5231 }, // B
    { 40, 49, 649, 7, 48, 245, 5472 }, // C
    { 44, 47, 718, 3, 47, 259, 5717 }, // D
    { 39, 47, 582, 3, 47, 230, 5976 }, // E
    { 39, 47, 543, 3, 47, 230, 6206 }, // F
    { 40, 49, 693, 7, 48, 245, 6436 }, // G
    { 51, 47, 774, 3, 47, 300, 6681 }, // H
    { 21, 47, 291, 3, 47, 124, 6981 }, // I
    { 30, 48, 373, 0, 47, 180, 7105 }, // J
    { 47, 47, 706, 3, 47, 277, 7285 }, // K
    { 34, 47, 578, 3, 47, 200, 7562 }, // L
    { 64, 47, 980, 3, 47, 376, 7762 }, // M
    { 55, 47, 815, 3, 47, 324, 8138 }, // N
    { 45, 49, 804, 7, 48, 276, 8462 }, // O
    { 40, 47, 605, 3, 47, 235, 8738 }, // P
    { 46, 60, 805, 7, 49, 345, 8973 }, // Q
    { 39, 47, 644, 3, 47, 230, 9318 }, // R
    { 35, 49, 532, 3, 48, 215, 9548 }, // S
    { 36, 47, 572, 8, 47, 212, 9763 }, // T
    { 46, 48, 765, 8, 47, 276, 9975 }, // U
    { 44, 47, 706, 8, 47, 259, 10251 }, // V
    { 67, 47, 1066, 8, 47, 394, 10510 }, // W
    { 50, 47, 687, 0, 47, 294, 10904 }, // X
    { 39, 47, 624, 8, 47, 230, 11198 }, // Y
    { 42, 47, 577, 2, 47, 247, 11428 }, // Z
    { 20, 57, 252, 3, 47, 143, 11675 }, // [
    { 17, 49, 381, 8, 48, 105, 11818 }, // <backslash>
    { 21, 57, 252, 0, 47, 150, 11923 }, // ]
    { 34, 29, 689, 9, 46, 124, 12073 }, // ^
    { 34, 5, 533, -1, -3, 22, 12197 }, // _
    { 13, 12, 512, 17, 45, 20, 12219 }, // `
    { 31, 33, 553, 4, 32, 128, 12239 }, // a
    { 34, 52, 608, 5, 51, 221, 12367 }, // b
    { 28, 33, 466, 5, 32, 116, 12588 }, // c
    { 36, 52, 622, 6, 51, 234, 12704 }, // d
    { 29, 33, 533, 6, 32, 120, 12938 }, // e
    { 26, 51, 316, 5, 51, 166, 13058 }, // f
    { 35, 48, 605, 5, 32, 210, 13224 }, // g
    { 33, 52, 585, 5, 52, 215, 13434 }, // h
    { 14, 47, 265, 6, 47, 83, 13649 }, // i
    { 26, 63, 247, -6, 47, 205, 13732 }, // j
    { 32, 51, 534, 5, 51, 204, 13937 }, // k
    { 13, 52, 250, 6, 52, 85, 14141 }, // l
    { 53, 32, 909, 5, 32, 212, 14226 }, // m
    { 34, 32, 605, 5, 32, 136, 14438 }, // n
    { 32, 33, 554, 4, 32, 132, 14574 }, // o
    { 36, 47, 623, 4, 32, 212, 14706 }, // p
    { 34, 47, 605, 6, 32, 200, 14918 }, // q
    { 26, 32, 401, 5, 32, 104, 15118 }, // r
    { 27, 33, 416, 2, 32, 112, 15222 }, // s
    { 21, 41, 329, 5, 41, 108, 15334 }, // t
    { 34, 32, 604, 5, 31, 136, 15442 }, // u
    { 35, 32, 536, 4, 32, 140, 15578 }, // v
    { 52, 31, 816, 4, 31, 202, 15718 }, // w
    { 34, 33, 515, 2, 32, 141, 15920 }, // x
    { 33, 47, 580, 5, 31, 194, 16061 }, // y
    { 33, 32, 462, 1, 32, 132, 16255 }, // z
    { 22, 57, 314, 5, 47, 157, 16387 }, // {
    { 13, 49, 188, 4, 48, 80, 16544 }, // |
    { 23, 57, 314, 0, 47, 164, 16624 }, // }
    { 32, 9, 688, 9, 23, 36, 16788 }, // ~
    { 15, 47, 259, 3, 32, 89, 16824 }, // U+00A1
    { 28, 47, 577, 10, 47, 165, 16913 }, // U+00A2
    { 41, 48, 577, 2, 48, 246, 17078 }, // U+00A3
    { 44, 49, 649, 3, 48, 270, 17324 }, // U+00A4
    { 38, 47, 587, 8, 47, 224, 17594 }, // U+00A5
    { 13, 49, 188, 4, 48, 80, 17818 }, // U+00A6
    { 35, 58, 564, 4, 49, 254, 17898 }, // U+00A7
    { 20, 7, 524, 14, 43, 18, 18152 }, // U+00A8
    { 50, 49, 837, 6, 48, 307, 18170 }, // U+00A9
    { 20, 20, 375, 8, 47, 50, 18477 }, // U+00AA
    { 27, 28, 513, 7, 30, 95, 18527 }, // U+00AB
    { 35, 16, 586, 5, 27, 70, 18622 }, // U+00AC
    { 50, 49, 837, 6, 48, 307, 18692 }, // U+00AE
    { 23, 4, 526, 11, 34, 12, 18999 }, // U+00AF
    { 19, 19, 404, 11, 49, 46, 19011 }, // U+00B0
    { 39, 37, 586, 2, 37, 181, 19057 }, // U+00B1
    { 23, 26, 607, 12, 47, 75, 19238 }, // U+00B2
    { 21, 26, 605, 14, 47, 69, 19313 }, // U+00B3
    { 17, 12, 512, 15, 45, 26, 19382 }, // U+00B4
    { 35, 47, 604, 4, 32, 206, 19408 }, // U+00B5
    { 41, 63, 662, 7, 47, 323, 19614 }, // U+00B6
    { 8, 8, 259, 8, 22, 8, 19937 }, // U+00B7
    { 16, 14, 513, 7, 1, 28, 19945 }, // U+00B8
    { 12, 25, 582, 17, 47, 38, 19973 }, // U+00B9
    { 21, 20, 374, 8, 47, 53, 20011 }, // U+00BA
    { 27, 28, 513, 5, 30, 95, 20064 }, // U+00BB
    { 51, 51, 1186, 18, 49, 326, 20159 }, // U+00BC
    { 52, 52, 1186, 17, 50, 338, 20485 }, // U+00BD
    { 55, 51, 1188, 14, 49, 351, 20823 }, // U+00BE
    { 26, 48, 496, 4, 32, 156, 21174 }, // U+00BF
    { 45, 59, 704, 0, 59, 332, 21330 }, // U+00C0
    { 45, 59, 704, 0, 59, 332, 21662 }, // U+00C1
    { 45, 60, 704, 0, 60, 338, 21994 }, // U+00C2
    { 45, 59, 704, 0, 59, 332, 22332 }, // U+00C3
    { 45, 58, 704, 0, 58, 327, 22664 }, // U+00C4
    { 45, 58, 706, 0, 58, 327, 22991 }, // U+00C5
    { 68, 47, 989, 0, 47, 400, 23318 }, // U+00C6
    { 40, 64, 649, 7, 49, 320, 23718 }, // U+00C7
    { 39, 59, 582, 3, 59, 288, 24038 }, // U+00C8
    { 39, 59, 582, 3, 59, 288, 24326 }, // U+00C9
    { 40, 60, 582, 3, 60, 300, 24614 }, // U+00CA
    { 39, 58, 582, 3, 58, 283, 24914 }, // U+00CB
    { 25, 59, 301, 3, 59, 185, 25197 }, // U+00CC
    { 28, 59, 301, 3, 59, 207, 25382 }, // U+00CD
    { 30, 60, 305, 3, 60, 225, 25589 }, // U+00CE
    { 28, 58, 303, 3, 58, 203, 25814 }, // U+00CF
    { 44, 47, 719, 3, 47, 259, 26017 }, // U+00D0
    { 54, 59, 815, 3, 59, 399, 26276 }, // U+00D1
    { 46, 60, 804, 7, 59, 345, 26675 }, // U+00D2
    { 46, 60, 804, 7, 59, 345, 27020 }, // U+00D3
    { 46, 61, 804, 7, 60, 351, 27365 }, // U+00D4
    { 46, 60, 804, 7, 59, 345, 27716 }, // U+00D5
    { 46, 59, 804, 7, 58, 340, 28061 }, // U+00D6
    { 35, 30, 582, 5, 35, 132, 28401 }, // U+00D7
    { 52, 51, 804, 4, 50, 332, 28533 }, // U+00D8
    { 45, 60, 765, 9, 59, 338, 28865 }, // U+00D9
    { 46, 60, 765, 9, 59, 345, 29203 }, // U+00DA
    { 45, 61, 765, 9, 60, 344, 29548 }, // U+00DB
    { 46, 59, 765, 9, 58, 340, 29892 }, // U+00DC
    { 39, 59, 626, 8, 59, 288, 30232 }, // U+00DD
    { 38, 47, 605, 3, 47, 224, 30520 }, // U+00DE
    { 34, 52, 608, 5, 51, 221, 30744 }, // U+00DF
    { 31, 46, 575, 4, 45, 179, 30965 }, // U+00E0
    { 31, 47, 575, 4, 46, 183, 31144 }, // U+00E1
    { 31, 47, 575, 4, 46, 183, 31327 }, // U+00E2
    { 31, 43, 575, 4, 42, 167, 31510 }, // U+00E3
    { 31, 40, 575, 4, 39, 155, 31677 }, // U+00E4
    { 31, 48, 575, 4, 47, 186, 31832 }, // U+00E5
    { 51, 33, 842, 3, 32, 211, 32018 }, // U+00E6
    { 28, 47, 466, 6, 33, 165, 32229 }, // U+00E7
    { 29, 47, 558, 6, 46, 171, 32394 }, // U+00E8
    { 29, 47, 558, 6, 46, 171, 32565 }, // U+00E9
    { 29, 47, 558, 6, 46, 171, 32736 }, // U+00EA
    { 29, 41, 558, 6, 40, 149, 32907 }, // U+00EB
    { 16, 45, 286, 5, 45, 90, 33056 }, // U+00EC
    { 19, 45, 286, 5, 45, 107, 33146 }, // U+00ED
    { 21, 46, 286, 4, 46, 121, 33253 }, // U+00EE
    { 21, 40, 286, 4, 40, 105, 33374 }, // U+00EF
    { 33, 52, 577, 5, 51, 215, 33479 }, // U+00F0
    { 34, 42, 626, 5, 42, 179, 33694 }, // U+00F1
    { 31, 46, 597, 6, 45, 179, 33873 }, // U+00F2
    { 31, 46, 597, 6, 45, 179, 34052 }, // U+00F3
    { 31, 47, 597, 6, 46, 183, 34231 }, // U+00F4
    { 31, 43, 597, 6, 42, 167, 34414 }, // U+00F5
    { 31, 40, 597, 6, 39, 155, 34581 }, // U+00F6
    { 35, 30, 586, 5, 35, 132, 34736 }, // U+00F7
    { 35, 34, 573, 4, 33, 149, 34868 }, // U+00F8
    { 34, 46, 625, 5, 45, 196, 35017 }, // U+00F9
    { 34, 46, 625, 5, 45, 196, 35213 }, // U+00FA
    { 34, 46, 625, 5, 45, 196, 35409 }, // U+00FB
    { 34, 40, 625, 5, 39, 170, 35605 }, // U+00FC
    { 33, 61, 605, 5, 45, 252, 35775 }, // U+00FD
    { 36, 66, 623, 4, 51, 297, 36027 }, // U+00FE
    { 33, 55, 605, 5, 39, 227, 36324 }, // U+00FF
    { 60, 47, 966, 6, 47, 353, 36551 }, // U+0152
    { 53, 33, 911, 6, 32, 219, 36904 }, // U+0153
    { 38, 61, 532, 3, 60, 290, 37123 }, // U+0160
    { 30, 47, 440, 2, 46, 177, 37413 }, // U+0161
    { 39, 58, 626, 8, 58, 283, 37590 }, // U+0178
    { 34, 5, 533, 2, 16, 22, 37873 }, // U+2013
    { 67, 5, 1067, 2, 16, 42, 37895 }, // U+2014
    { 13, 16, 271, 10, 48, 26, 37937 }, // U+2018
    { 13, 16, 271, 10, 49, 26, 37963 }, // U+2019
    { 13, 16, 271, 2, 8, 26, 37989 }, // U+201A
    { 26, 16, 479, 10, 48, 52, 38015 }, // U+201C
    { 26, 16, 479, 10, 49, 52, 38067 }, // U+201D
    { 26, 16, 479, 2, 8, 52, 38119 }, // U+201E
    { 31, 61, 575, 9, 50, 237, 38171 }, // U+2020
    { 36, 61, 574, 4, 50, 275, 38408 }, // U+2021
    { 23, 22, 510, 9, 34, 64, 38683 }, // U+2022
    { 53, 8, 1040, 7, 8, 53, 38747 }, // U+2026
    { 85, 51, 1486, 9, 49, 542, 38800 }, // U+2030
    { 15, 28, 310, 7, 30, 53, 39342 }, // U+2039
    { 16, 28, 310, 4, 30, 56, 39395 }, // U+203A
    { 8, 8, 259, 8, 22, 8, 39451 }, // U+2219
};

static const EpdUnicodeInterval steinem_32_italicIntervals[] = {
    { 0x20, 0x7E, 0x0 },
    { 0xA1, 0xAC, 0x5F },
    { 0xAE, 0xFF, 0x6B },
    { 0x152, 0x153, 0xBD },
    { 0x160, 0x161, 0xBF },
    { 0x178, 0x178, 0xC1 },
    { 0x2013, 0x2014, 0xC2 },
    { 0x2018, 0x201A, 0xC4 },
    { 0x201C, 0x201E, 0xC7 },
    { 0x2020, 0x2022, 0xCA },
    { 0x2026, 0x2026, 0xCD },
    { 0x2030, 0x2030, 0xCE },
    { 0x2039, 0x203A, 0xCF },
    { 0x2219, 0x2219, 0xD1 },
};

static const EpdFontData steinem_32_italic = {
    steinem_32_italicBitmaps,
    steinem_32_italicGlyphs,
    steinem_32_italicIntervals,
    14,
    62,
    48,
    -15,
    false,
    nullptr,
    0,
    nullptr,
    nullptr,
    nullptr,
    nullptr,
    nullptr,
    nullptr,
    nullptr,
    nullptr,
    nullptr,
    nullptr,
    nullptr,
    0,
    0,
    0,
    0,
    nullptr,
    0,
};
