/**
 * generated by fontconvert.py
 * name: steinem_32_regular
 * size: 32
 * mode: 1-bit mono
 * Command used: fontconvert.py steinem_32_regular 32 ../builtinFonts/source/Steinem/Steinem-Regular.ttf --mono
 */
#pragma once
#include "EpdFontData.h"

static const uint8_t steinem_32_regularBitmaps[37284] = {
    0x00, 0x7E, 0x7E, 0x7E, 0x7E, 0x7E, 0x7E, 0x7E, 0x7E, 0x7E, 0x7E, 0x7E, 0x7E, 0x7E, 0x7E, 0x7E,
    0x7E, 0x7C, 0x7C, 0x7C, 0x7C, 0x7C, 0x7C, 0x7C, 0x7C, 0x7C, 0x7C, 0x7C, 0x7C, 0x7C, 0x7C, 0x7C,
    0x7C, 0x00, 0x00, 0x00, 0x00, 0x00, 0x00, 0x00, 0x3C, 0x7E, 0xFF, 0xFF, 0xFF, 0xFF, 0xFF, 0x7E,
    0x3C, 0xFF, 0x1F, 0xFF, 0xE3, 0xFB, 0xF8, 0x7F, 0x7F, 0x0F, 0xEF, 0xE1, 0xFD, 0xFC, 0x3F, 0x9F,
    0x87, 0xF3, 0xF0, 0x7E, 0x7E, 0x0F, 0xCF, 0xC1, 0xF9, 0xF8, 0x3F, 0x3F, 0x07, 0xE7, 0xE0, 0xFC,
    0xFC, 0x1F, 0x9F, 0x83, 0xF3, 0xF0, 0x7C, 0x00, 0x1F, 0x80, 0xF8, 0x00, 0x0F, 0xC0, 0xFC, 0x00,
    0x07, 0xC0, 0x7E, 0x00, 0x03, 0xE0, 0x3F, 0x00, 0x01, 0xF0, 0x1F, 0x80, 0x01, 0xF8, 0x0F, 0x80,
    0x00, 0xFC, 0x07, 0xC0, 0x00, 0x7E, 0x03, 0xE0, 0x00, 0x3F, 0x03, 0xF0, 0x00, 0x1F, 0x01, 0xF8,
    0x00, 0x0F, 0x80, 0xFC, 0x00, 0x07, 0xC0, 0x7E, 0x00, 0x07, 0xE0, 0x3E, 0x00, 0x03, 0xF0, 0x1F,
    0x00, 0xFF, 0xFF, 0xFF, 0xFE, 0x7F, 0xFF, 0xFF, 0xFF, 0x3F, 0xFF, 0xFF, 0xFF, 0x9F, 0xFF, 0xFF,
    0xFF, 0xCF, 0xFF, 0xFF, 0xFF, 0xE0, 0x1F, 0x80, 0xF8, 0x00, 0x0F, 0xC0, 0x7C, 0x00, 0x07, 0xE0,
    0x3E, 0x00, 0x03, 0xF0, 0x3F, 0x00, 0x01, 0xF0, 0x1F, 0x80, 0x00, 0xF8, 0x0F, 0xC0, 0x00, 0x7C,
    0x07, 0xE0, 0x00, 0x7E, 0x03, 0xE0, 0x00, 0x3F, 0x01, 0xF0, 0x0F, 0xFF, 0xFF, 0xFF, 0xF7, 0xFF,
    0xFF, 0xFF, 0xFB, 0xFF, 0xFF, 0xFF, 0xFD, 0xFF, 0xFF, 0xFF, 0xFE, 0xFF, 0xFF, 0xFF, 0xFE, 0x01,
    0xF8, 0x0F, 0x80, 0x00, 0xFC, 0x07, 0xC0, 0x00, 0x7E, 0x03, 0xE0, 0x00, 0x3F, 0x03, 0xF0, 0x00,
    0x1F, 0x01, 0xF8, 0x00, 0x0F, 0x80, 0xFC, 0x00, 0x07, 0xC0, 0x7E, 0x00, 0x03, 0xE0, 0x3E, 0x00,
    0x03, 0xF0, 0x1F, 0x00, 0x01, 0xF8, 0x0F, 0x80, 0x00, 0xFC, 0x0F, 0xC0, 0x00, 0x7E, 0x07, 0xE0,
    0x00, 0x3E, 0x03, 0xF0, 0x00, 0x1F, 0x01, 0xF8, 0x00, 0x00, 0x07, 0xC0, 0x00, 0x00, 0x1F, 0x00,
    0x00, 0x00, 0x7C, 0x00, 0x00, 0x01, 0xF0, 0x00, 0x00, 0x07, 0xC0, 0x00, 0x00, 0xFF, 0xF0, 0x00,
    0x1F, 0xFF, 0xFC, 0x01, 0xFF, 0xFF, 0xFE, 0x0F, 0xFF, 0xFF, 0xF8, 0x7F, 0xFF, 0xFF, 0xC3, 0xFF,
    0x7C, 0x3F, 0x1F, 0xF1, 0xF0, 0x0C, 0x7F, 0x87, 0xC0, 0x01, 0xFC, 0x1F, 0x00, 0x0F, 0xE0, 0x7C,
    0x00, 0x3F, 0x81, 0xF0, 0x00, 0xFE, 0x07, 0xC0, 0x03, 0xF8, 0x1F, 0x00, 0x0F, 0xE0, 0x7C, 0x00,
    0x3F, 0xC1, 0xF0, 0x00, 0xFF, 0x07, 0xC0, 0x01, 0xFE, 0x1F, 0x00, 0x07, 0xFC, 0x7C, 0x00, 0x0F,
    0xFD, 0xF0, 0x00, 0x1F, 0xFF, 0xC0, 0x00, 0x3F, 0xFF, 0x80, 0x00, 0x7F, 0xFF, 0x80, 0x00, 0x7F,
    0xFF, 0x80, 0x00, 0x7F, 0xFF, 0x80, 0x00, 0x3F, 0xFF, 0x00, 0x00, 0x7F, 0xFE, 0x00, 0x01, 0xFF,
    0xFC, 0x00, 0x07, 0xDF, 0xF8, 0x00, 0x1F, 0x1F, 0xE0, 0x00, 0x7C, 0x3F, 0x80, 0x01, 0xF0, 0xFF,
    0x00, 0x07, 0xC1, 0xFC, 0x00, 0x1F, 0x07, 0xF0, 0x00, 0x7C, 0x1F, 0xC0, 0x01, 0xF0, 0x7F, 0x00,
    0x07, 0xC1, 0xFC, 0x00, 0x1F, 0x07, 0xF0, 0x00, 0x7C, 0x3F, 0xD0, 0x01, 0xF0, 0xFE, 0x78, 0x07,
    0xC7, 0xF9, 0xFC, 0x1F, 0x7F, 0xC7, 0xFF, 0xFF, 0xFF, 0x1F, 0xFF, 0xFF, 0xF8, 0x7F, 0xFF, 0xFF,
    0xC1, 0xFF, 0xFF, 0xFC, 0x00, 0xFF, 0xFF, 0xC0, 0x00, 0x3F, 0xF8, 0x00, 0x00, 0x07, 0xC0, 0x00,
    0x00, 0x1F, 0x00, 0x00, 0x00, 0x7C, 0x00, 0x00, 0x01, 0xF0, 0x00, 0x00, 0x07, 0xC0, 0x00, 0x00,
    0x00, 0x00, 0x00, 0x00, 0x00, 0x60, 0x00, 0x00, 0x3F, 0xC0, 0x00, 0x00, 0x00, 0xF8, 0x00, 0x01,
    0xFF, 0xF0, 0x00, 0x00, 0x01, 0xFC, 0x00, 0x03, 0xFF, 0xFC, 0x00, 0x00, 0x03, 0xF8, 0x00, 0x0F,
    0xFF, 0xFF, 0x00, 0x00, 0x07, 0xF0, 0x00, 0x1F, 0xFF, 0xFF, 0x80, 0x00, 0x07, 0xF0, 0x00, 0x1F,
    0xFF, 0xFF, 0x80, 0x00, 0x0F, 0xE0, 0x00, 0x3F, 0xF0, 0x7F, 0xC0, 0x00, 0x1F, 0xC0, 0x00, 0x7F,
    0xC0, 0x3F, 0xE0, 0x00, 0x3F, 0x80, 0x00, 0x7F, 0x80, 0x1F, 0xE0, 0x00, 0x3F, 0x80, 0x00, 0x7F,
    0x00, 0x0F, 0xE0, 0x00, 0x7F, 0x00, 0x00, 0xFF, 0x00, 0x07, 0xF0, 0x00, 0xFE, 0x00, 0x00, 0xFE,
    0x00, 0x07, 0xF0, 0x01, 0xFC, 0x00, 0x00, 0xFE, 0x00, 0x07, 0xF0, 0x01, 0xF8, 0x00, 0x00, 0xFE,
    0x00, 0x07, 0xF0, 0x03, 0xF8, 0x00, 0x00, 0xFE, 0x00, 0x07, 0xF0, 0x07, 0xF0, 0x00, 0x00, 0xFE,
    0x00, 0x07, 0xF0, 0x0F, 0xE0, 0x00, 0x00, 0xFF, 0x00, 0x0F, 0xF0, 0x1F, 0xC0, 0x00, 0x00, 0x7F,
    0x00, 0x0F, 0xE0, 0x1F, 0xC0, 0x00, 0x00, 0x7F, 0x80, 0x1F, 0xE0, 0x3F, 0x80, 0x00, 0x00, 0x7F,
    0xC0, 0x3F, 0xE0, 0x7F, 0x00, 0x00, 0x00, 0x3F, 0xE0, 0xFF, 0xC0, 0xFE, 0x00, 0x00, 0x00, 0x1F,
    0xFF, 0xFF, 0x80, 0xFE, 0x00, 0x00, 0x00, 0x1F, 0xFF, 0xFF, 0x81, 0xFC, 0x01, 0xFE, 0x00, 0x0F,
    0xFF, 0xFF, 0x03, 0xF8, 0x07, 0xFF, 0x80, 0x03, 0xFF, 0xFC, 0x07, 0xF0, 0x1F, 0xFF, 0xE0, 0x01,
    0xFF, 0xF8, 0x07, 0xE0, 0x3F, 0xFF, 0xF0, 0x00, 0x3F, 0xC0, 0x0F, 0xE0, 0x7F, 0xFF, 0xF8, 0x00,
    0x00, 0x00, 0x1F, 0xC0, 0xFF, 0xFF, 0xFC, 0x00, 0x00, 0x00, 0x3F, 0x80, 0xFF, 0x87, 0xFC, 0x00,
    0x00, 0x00, 0x7F, 0x01, 0xFE, 0x03, 0xFE, 0x00, 0x00, 0x00, 0x7F, 0x01, 0xFE, 0x01, 0xFE, 0x00,
    0x00, 0x00, 0xFE, 0x01, 0xFC, 0x00, 0xFE, 0x00, 0x00, 0x01, 0xFC, 0x03, 0xFC, 0x00, 0xFF, 0x00,
    0x00, 0x03, 0xF8, 0x03, 0xF8, 0x00, 0x7F, 0x00, 0x00, 0x03, 0xF0, 0x03, 0xF8, 0x00, 0x7F, 0x00,
    0x00, 0x07, 0xF0, 0x03, 0xF8, 0x00, 0x7F, 0x00, 0x00, 0x0F, 0xE0, 0x03, 0xF8, 0x00, 0x7F, 0x00,
    0x00, 0x1F, 0xC0, 0x03, 0xF8, 0x00, 0x7F, 0x00, 0x00, 0x3F, 0x80, 0x03, 0xF8, 0x00, 0x7F, 0x00,
    0x00, 0x3F, 0x80, 0x01, 0xFC, 0x00, 0xFE, 0x00, 0x00, 0x7F, 0x00, 0x01, 0xFC, 0x01, 0xFE, 0x00,
    0x00, 0xFE, 0x00, 0x01, 0xFE, 0x01, 0xFE, 0x00, 0x01, 0xFC, 0x00, 0x00, 0xFF, 0x87, 0xFC, 0x00,
    0x01, 0xFC, 0x00, 0x00, 0xFF, 0xFF, 0xFC, 0x00, 0x03, 0xF8, 0x00, 0x00, 0x7F, 0xFF, 0xF8, 0x00,
    0x07, 0xF0, 0x00, 0x00, 0x3F, 0xFF, 0xF0, 0x00, 0x0F, 0xE0, 0x00, 0x00, 0x1F, 0xFF, 0xE0, 0x00,
    0x0F, 0xC0, 0x00, 0x00, 0x07, 0xFF, 0x80, 0x00, 0x03, 0xC0, 0x00, 0x00, 0x01, 0xFE, 0x00, 0x00,
    0x01, 0x80, 0x00, 0x00, 0x00, 0x00, 0x00, 0x00, 0x03, 0xFC, 0x00, 0x00, 0x00, 0x00, 0xFF, 0xFC,
    0x00, 0x00, 0x00, 0x1F, 0xFF, 0xF0, 0x00, 0x00, 0x01, 0xFF, 0xFF, 0xC0, 0x00, 0x00, 0x1F, 0xFF,
    0xFF, 0x00, 0x00, 0x01, 0xFF, 0x03, 0xFC, 0x00, 0x00, 0x0F, 0xF0, 0x0F, 0xE0, 0x00, 0x00, 0xFF,
    0x00, 0x3F, 0x80, 0x00, 0x07, 0xF0, 0x00, 0xFC, 0x00, 0x00, 0x3F, 0x80, 0x07, 0xE0, 0x00, 0x01,
    0xFC, 0x00, 0x3F, 0x00, 0x00, 0x0F, 0xE0, 0x01, 0xF8, 0x00, 0x00, 0x7F, 0x00, 0x0F, 0xC0, 0x00,
    0x03, 0xFC, 0x00, 0xFE, 0x00, 0x00, 0x1F, 0xE0, 0x0F, 0xE0, 0x00, 0x00, 0x7F, 0x80, 0xFF, 0x00,
    0x00, 0x03, 0xFE, 0x0F, 0xF0, 0x00, 0x00, 0x0F, 0xF0, 0xFF, 0x00, 0x00, 0x00, 0x3F, 0xDF, 0xF0,
    0x00, 0x00, 0x01, 0xFF, 0xFF, 0x00, 0x00, 0x00, 0x07, 0xFF, 0xE0, 0x00, 0x00, 0x00, 0x1F, 0xFE,
    0x00, 0x00, 0x00, 0x01, 0xFF, 0xC0, 0x00, 0x3F, 0x80, 0x3F, 0xFF, 0x00, 0x03, 0xFC, 0x03, 0xFF,
    0xFC, 0x00, 0x3F, 0xE0, 0x3F, 0xFF, 0xF0, 0x01, 0xFF, 0x03, 0xFE, 0x7F, 0xC0, 0x1F, 0xF8, 0x3F,
    0xE1, 0xFF, 0x00, 0xFC, 0x03, 0xFC, 0x07, 0xFC, 0x0F, 0xC0, 0x1F, 0xC0, 0x1F, 0xF0, 0xFE, 0x01,
    0xFE, 0x00, 0x7F, 0xC7, 0xE0, 0x0F, 0xE0, 0x01, 0xFF, 0x7F, 0x00, 0xFE, 0x00, 0x07, 0xFF, 0xF0,
    0x07, 0xF0, 0x00, 0x1F, 0xFF, 0x00, 0x3F, 0x80, 0x00, 0x7F, 0xF8, 0x01, 0xFC, 0x00, 0x01, 0xFF,
    0x80, 0x0F, 0xE0, 0x00, 0x07, 0xFC, 0x00, 0x7F, 0x00, 0x00, 0x1F, 0xE0, 0x03, 0xFC, 0x00, 0x01,
    0xFF, 0x80, 0x1F, 0xE0, 0x00, 0x1F, 0xFE, 0x00, 0x7F, 0x80, 0x01, 0xFF, 0xF8, 0x03, 0xFE, 0x00,
    0x1F, 0xFF, 0xE0, 0x0F, 0xF8, 0x01, 0xFE, 0x7F, 0x8C, 0x3F, 0xF0, 0x3F, 0xE1, 0xFF, 0xF0, 0xFF,
    0xFF, 0xFE, 0x07, 0xFF, 0x83, 0xFF, 0xFF, 0xE0, 0x1F, 0xFC, 0x0F, 0xFF, 0xFC, 0x00, 0x7F, 0x80,
    0x1F, 0xFF, 0x80, 0x01, 0xF8, 0x00, 0x1F, 0xE0, 0x00, 0x00, 0x00, 0xFF, 0xFF, 0xFF, 0xFF, 0xFF,
    0xBF, 0x3E, 0x7C, 0xF9, 0xF3, 0xE7, 0xCF, 0x9F, 0x3E, 0x00, 0x20, 0x00, 0xE0, 0x01, 0xE0, 0x07,
    0xF0, 0x1F, 0xC0, 0x3F, 0x80, 0xFE, 0x01, 0xFC, 0x07, 0xF0, 0x0F, 0xE0, 0x3F, 0x80, 0x7F, 0x01,
    0xFC, 0x03, 0xF8, 0x07, 0xE0, 0x1F, 0xC0, 0x3F, 0x80, 0x7F, 0x01, 0xFC, 0x03, 0xF8, 0x07, 0xF0,
    0x0F, 0xE0, 0x1F, 0xC0, 0x7F, 0x00, 0xFE, 0x01, 0xFC, 0x03, 0xF8, 0x07, 0xF0, 0x0F, 0xE0, 0x1F,
    0xC0, 0x3F, 0x80, 0x7F, 0x00, 0xFE, 0x01, 0xFC, 0x03, 0xF8, 0x07, 0xF0, 0x0F, 0xE0, 0x0F, 0xE0,
    0x1F, 0xC0, 0x3F, 0x80, 0x7F, 0x00, 0xFE, 0x00, 0xFE, 0x01, 0xFC, 0x03, 0xF8, 0x03, 0xF8, 0x07,
    0xF0, 0x0F, 0xE0, 0x0F, 0xE0, 0x1F, 0xC0, 0x1F, 0xC0, 0x3F, 0x80, 0x3F, 0x80, 0x7F, 0x00, 0x7F,
    0x00, 0xFE, 0x00, 0xFE, 0x00, 0xF0, 0x01, 0xC0, 0x08, 0x00, 0x38, 0x00, 0xF0, 0x07, 0xF0, 0x07,
    0xF0, 0x0F, 0xE0, 0x0F, 0xE0, 0x1F, 0xC0, 0x1F, 0xC0, 0x3F, 0x80, 0x3F, 0x80, 0x7F, 0x00, 0x7E,
    0x00, 0xFE, 0x01, 0xFC, 0x01, 0xFC, 0x03, 0xF8, 0x07, 0xF0, 0x07, 0xE0, 0x0F, 0xE0, 0x1F, 0xC0,
    0x3F, 0x80, 0x7F, 0x00, 0x7F, 0x00, 0xFE, 0x01, 0xFC, 0x03, 0xF8, 0x07, 0xF0, 0x0F, 0xE0, 0x1F,
    0xC0, 0x3F, 0x80, 0x7F, 0x00, 0xFE, 0x01, 0xFC, 0x03, 0xF8, 0x07, 0xF0, 0x0F, 0xE0, 0x3F, 0x80,
    0x7F, 0x00, 0xFE, 0x01, 0xFC, 0x03, 0xF8, 0x0F, 0xE0, 0x1F, 0xC0, 0x3F, 0x80, 0xFE, 0x01, 0xFC,
    0x03, 0xF8, 0x0F, 0xE0, 0x1F, 0xC0, 0x7F, 0x00, 0xFE, 0x03, 0xF8, 0x07, 0xF0, 0x1F, 0xC0, 0x7F,
    0x80, 0xFE, 0x00, 0x78, 0x00, 0x70, 0x00, 0x00, 0x3F, 0x00, 0x00, 0x0F, 0xC0, 0x00, 0x03, 0xF0,
    0x00, 0x00, 0xFC, 0x00, 0x00, 0x3F, 0x00, 0x00, 0x0F, 0xC0, 0x02, 0x03, 0xF0, 0x11, 0xF0, 0xFC,
    0x3C, 0x7F, 0x3F, 0x3F, 0x9F, 0xFF, 0xFF, 0xEF, 0xFF, 0xFF, 0xFB, 0xFF, 0xFF, 0xFF, 0x3F, 0xFF,
    0xFF, 0x00, 0xFF, 0xFC, 0x00, 0x0F, 0xF8, 0x00, 0x03, 0xFF, 0x00, 0x01, 0xFF, 0xE0, 0x00, 0xFF,
    0xFC, 0x00, 0x7F, 0x3F, 0x80, 0x1F, 0x8F, 0xE0, 0x0F, 0xE1, 0xFC, 0x07, 0xF0, 0x3F, 0x80, 0xFC,
    0x0F, 0xC0, 0x0E, 0x01, 0xC0, 0x01, 0x00, 0x20, 0x00, 0x00, 0x03, 0xF8, 0x00, 0x00, 0x00, 0x7F,
    0x00, 0x00, 0x00, 0x0F, 0xE0, 0x00, 0x00, 0x01, 0xFC, 0x00, 0x00, 0x00, 0x3F, 0x80, 0x00, 0x00,
    0x07, 0xF0, 0x00, 0x00, 0x00, 0xFE, 0x00, 0x00, 0x00, 0x1F, 0xC0, 0x00, 0x00, 0x03, 0xF8, 0x00,
    0x00, 0x00, 0x7F, 0x00, 0x00, 0x00, 0x0F, 0xE0, 0x00, 0x00, 0x01, 0xFC, 0x00, 0x00, 0x00, 0x3F,
    0x80, 0x00, 0x00, 0x07, 0xF0, 0x00, 0x3F, 0xFF, 0xFF, 0xFF, 0xFF, 0xFF, 0xFF, 0xFF, 0xFF, 0xFF,
    0xFF, 0xFF, 0xFF, 0xFF, 0xFF, 0xFF, 0xFF, 0xFF, 0xFF, 0xFF, 0xFF, 0xFF, 0xFF, 0xFF, 0xFF, 0xFF,
    0xF0, 0x00, 0x3F, 0x80, 0x00, 0x00, 0x07, 0xF0, 0x00, 0x00, 0x00, 0xFE, 0x00, 0x00, 0x00, 0x1F,
    0xC0, 0x00, 0x00, 0x03, 0xF8, 0x00, 0x00, 0x00, 0x7F, 0x00, 0x00, 0x00, 0x0F, 0xE0, 0x00, 0x00,
    0x01, 0xFC, 0x00, 0x00, 0x00, 0x3F, 0x80, 0x00, 0x00, 0x07, 0xF0, 0x00, 0x00, 0x00, 0xFE, 0x00,
    0x00, 0x00, 0x1F, 0xC0, 0x00, 0x00, 0x03, 0xF8, 0x00, 0x00, 0x00, 0x7F, 0x00, 0x00, 0x00, 0x01,
    0xF0, 0x3F, 0x87, 0xF0, 0xFE, 0x1F, 0x87, 0xF0, 0xFE, 0x1F, 0x87, 0xF0, 0xFC, 0x3F, 0x87, 0xE0,
    0xF8, 0x3F, 0x03, 0xC0, 0xFF, 0xFF, 0xFF, 0xFF, 0xFF, 0xFF, 0xFF, 0xFF, 0xFF, 0xFF, 0x3C, 0x7E,
    0xFF, 0xFF, 0xFF, 0xFF, 0x7E, 0x3C, 0x00, 0x00, 0x1E, 0x00, 0x00, 0x0F, 0xC0, 0x00, 0x07, 0xE0,
    0x00, 0x07, 0xE0, 0x00, 0x03, 0xF0, 0x00, 0x03, 0xF0, 0x00, 0x01, 0xF8, 0x00, 0x01, 0xFC, 0x00,
    0x00, 0xFC, 0x00, 0x00, 0x7E, 0x00, 0x00, 0x7E, 0x00, 0x00, 0x3F, 0x00, 0x00, 0x3F, 0x00, 0x00,
    0x1F, 0x80, 0x00, 0x0F, 0xC0, 0x00, 0x0F, 0xC0, 0x00, 0x07, 0xE0, 0x00, 0x07, 0xE0, 0x00, 0x03,
    0xF0, 0x00, 0x03, 0xF8, 0x00, 0x01, 0xF8, 0x00, 0x00, 0xFC, 0x00, 0x00, 0xFC, 0x00, 0x00, 0x7E,
    0x00, 0x00, 0x7E, 0x00, 0x00, 0x3F, 0x00, 0x00, 0x1F, 0x80, 0x00, 0x1F, 0x80, 0x00, 0x0F, 0xC0,
    0x00, 0x0F, 0xC0, 0x00, 0x07, 0xE0, 0x00, 0x03, 0xF0, 0x00, 0x03, 0xF0, 0x00, 0x01, 0xF8, 0x00,
    0x01, 0xF8, 0x00, 0x00, 0xFC, 0x00, 0x00, 0xFE, 0x00, 0x00, 0x7E, 0x00, 0x00, 0x3F, 0x00, 0x00,
    0x3F, 0x00, 0x00, 0x1F, 0x80, 0x00, 0x1F, 0x80, 0x00, 0x0F, 0xC0, 0x00, 0x07, 0xE0, 0x00, 0x07,
    0xE0, 0x00, 0x03, 0xF0, 0x00, 0x03, 0xF0, 0x00, 0x00, 0xF8, 0x00, 0x00, 0x1C, 0x00, 0x00, 0x00,
    0x00, 0x0F, 0xF0, 0x00, 0x00, 0x7F, 0xFE, 0x00, 0x00, 0xFF, 0xFF, 0x00, 0x01, 0xFF, 0xFF, 0x80,
    0x03, 0xFF, 0xFF, 0xC0, 0x07, 0xFF, 0xFF, 0xE0, 0x0F, 0xF8, 0x1F, 0xF0, 0x1F, 0xF0, 0x0F, 0xF8,
    0x1F, 0xE0, 0x07, 0xF8, 0x1F, 0xC0, 0x03, 0xF8, 0x3F, 0x80, 0x01, 0xFC, 0x3F, 0x80, 0x01, 0xFC,
    0x7F, 0x80, 0x01, 0xFE, 0x7F, 0x00, 0x00, 0xFE, 0x7F, 0x00, 0x00, 0xFE, 0x7F, 0x00, 0x00, 0xFE,
    0x7F, 0x00, 0x00, 0xFE, 0xFE, 0x00, 0x00, 0x7F, 0xFE, 0x00, 0x00, 0x7F, 0xFE, 0x00, 0x00, 0x7F,
    0xFE, 0x00, 0x00, 0x7F, 0xFE, 0x00, 0x00, 0x7F, 0xFE, 0x00, 0x00, 0x7F, 0xFE, 0x00, 0x00, 0x7F,
    0xFE, 0x00, 0x00, 0x7F, 0xFE, 0x00, 0x00, 0x7F, 0xFE, 0x00, 0x00, 0x7F, 0xFE, 0x00, 0x00, 0x7F,
    0xFE, 0x00, 0x00, 0x7F, 0xFE, 0x00, 0x00, 0x7F, 0xFE, 0x00, 0x00, 0x7F, 0xFE, 0x00, 0x00, 0x7F,
    0x7F, 0x00, 0x00, 0xFE, 0x7F, 0x00, 0x00, 0xFE, 0x7F, 0x00, 0x00, 0xFE, 0x7F, 0x00, 0x00, 0xFE,
    0x7F, 0x80, 0x01, 0xFC, 0x3F, 0x80, 0x01, 0xFC, 0x3F, 0x80, 0x01, 0xFC, 0x1F, 0xC0, 0x03, 0xF8,
    0x1F, 0xE0, 0x07, 0xF8, 0x1F, 0xF0, 0x0F, 0xF0, 0x0F, 0xF8, 0x1F, 0xF0, 0x07, 0xFF, 0xFF, 0xE0,
    0x03, 0xFF, 0xFF, 0xC0, 0x01, 0xFF, 0xFF, 0x80, 0x00, 0xFF, 0xFF, 0x00, 0x00, 0x7F, 0xFE, 0x00,
    0x00, 0x0F, 0xF0, 0x00, 0x00, 0x38, 0x00, 0x7F, 0x00, 0x7F, 0xE0, 0x7F, 0xFC, 0x0F, 0xFF, 0x81,
    0xFF, 0xF0, 0x3F, 0xFE, 0x07, 0x9F, 0xC0, 0x03, 0xF8, 0x00, 0x7F, 0x00, 0x0F, 0xE0, 0x01, 0xFC,
    0x00, 0x3F, 0x80, 0x07, 0xF0, 0x00, 0xFE, 0x00, 0x1F, 0xC0, 0x03, 0xF8, 0x00, 0x7F, 0x00, 0x0F,
    0xE0, 0x01, 0xFC, 0x00, 0x3F, 0x80, 0x07, 0xF0, 0x00, 0xFE, 0x00, 0x1F, 0xC0, 0x03, 0xF8, 0x00,
    0x7F, 0x00, 0x0F, 0xE0, 0x01, 0xFC, 0x00, 0x3F, 0x80, 0x07, 0xF0, 0x00, 0xFE, 0x00, 0x1F, 0xC0,
    0x03, 0xF8, 0x00, 0x7F, 0x00, 0x0F, 0xE0, 0x01, 0xFC, 0x00, 0x3F, 0x80, 0x07, 0xF0, 0x00, 0xFE,
    0x00, 0x1F, 0xC0, 0x03, 0xF8, 0x00, 0x7F, 0x03, 0xFF, 0xFF, 0x7F, 0xFF, 0xFF, 0xFF, 0xFF, 0xFF,
    0xFF, 0xFF, 0xFF, 0xF8, 0x00, 0x0F, 0xF0, 0x00, 0x00, 0xFF, 0xFC, 0x00, 0x07, 0xFF, 0xFE, 0x00,
    0x3F, 0xFF, 0xFE, 0x00, 0xFF, 0xFF, 0xFE, 0x03, 0xFF, 0xFF, 0xFE, 0x0F, 0xF8, 0x0F, 0xFE, 0x0F,
    0xC0, 0x07, 0xFC, 0x1E, 0x00, 0x07, 0xF8, 0x10, 0x00, 0x07, 0xF8, 0x00, 0x00, 0x0F, 0xF0, 0x00,
    0x00, 0x0F, 0xE0, 0x00, 0x00, 0x1F, 0xC0, 0x00, 0x00, 0x3F, 0x80, 0x00, 0x00, 0x7F, 0x00, 0x00,
    0x00, 0xFE, 0x00, 0x00, 0x01, 0xFC, 0x00, 0x00, 0x07, 0xF0, 0x00, 0x00, 0x0F, 0xE0, 0x00, 0x00,
    0x3F, 0xC0, 0x00, 0x00, 0x7F, 0x00, 0x00, 0x01, 0xFE, 0x00, 0x00, 0x03, 0xF8, 0x00, 0x00, 0x0F,
    0xE0, 0x00, 0x00, 0x3F, 0xC0, 0x00, 0x00, 0xFF, 0x00, 0x00, 0x01, 0xFC, 0x00, 0x00, 0x07, 0xF0,
    0x00, 0x00, 0x1F, 0xC0, 0x00, 0x00, 0x7F, 0x80, 0x00, 0x01, 0xFE, 0x00, 0x00, 0x07, 0xF8, 0x00,
    0x00, 0x1F, 0xE0, 0x00, 0x00, 0x7F, 0x80, 0x00, 0x01, 0xFE, 0x00, 0x00, 0x07, 0xF8, 0x00, 0x00,
    0x1F, 0xE0, 0x00, 0x00, 0x7F, 0x80, 0x00, 0x01, 0xFE, 0x00, 0x04, 0x07, 0xF8, 0x00, 0x0F, 0x1F,
    0xE0, 0x00, 0x3E, 0x7F, 0xFF, 0x80, 0xFD, 0xFF, 0xFF, 0xFF, 0xFF, 0xFF, 0xFF, 0xFF, 0xFF, 0xFF,
    0xFF, 0xFF, 0xDF, 0xFF, 0xFF, 0xFF, 0x3F, 0xFF, 0xFF, 0xFC, 0x78, 0x00, 0x7F, 0xE0, 0x00, 0x3F,
    0xE0, 0x00, 0x07, 0xFF, 0xF0, 0x00, 0x7F, 0xFF, 0xF0, 0x07, 0xFF, 0xFF, 0xE0, 0x3F, 0xFF, 0xFF,
    0xC1, 0xFF, 0xFF, 0xFF, 0x87, 0xFC, 0x07, 0xFF, 0x0F, 0x80, 0x07, 0xFC, 0x18, 0x00, 0x0F, 0xF0,
    0x00, 0x00, 0x1F, 0xE0, 0x00, 0x00, 0x3F, 0x80, 0x00, 0x00, 0xFE, 0x00, 0x00, 0x03, 0xF8, 0x00,
    0x00, 0x0F, 0xE0, 0x00, 0x00, 0x3F, 0x80, 0x00, 0x00, 0xFE, 0x00, 0x00, 0x07, 0xF0, 0x00, 0x00,
    0x3F, 0xC0, 0x00, 0x01, 0xFE, 0x00, 0x00, 0x1F, 0xF8, 0x00, 0x1F, 0xFF, 0xC0, 0x00, 0x7F, 0xFE,
    0x00, 0x01, 0xFF, 0xF0, 0x00, 0x07, 0xFF, 0x80, 0x00, 0x1F, 0xFF, 0x80, 0x00, 0x7F, 0xFF, 0x80,
    0x00, 0x07, 0xFE, 0x00, 0x00, 0x07, 0xFC, 0x00, 0x00, 0x07, 0xF8, 0x00, 0x00, 0x0F, 0xE0, 0x00,
    0x00, 0x3F, 0x80, 0x00, 0x00, 0x7F, 0x00, 0x00, 0x01, 0xFC, 0x00, 0x00, 0x07, 0xF0, 0x00, 0x00,
    0x1F, 0xC0, 0x00, 0x00, 0x7F, 0x00, 0x00, 0x01, 0xFC, 0x00, 0x00, 0x0F, 0xF0, 0x00, 0x00, 0x3F,
    0xF0, 0x00, 0x01, 0xFE, 0xF0, 0x00, 0x07, 0xFB, 0xF0, 0x00, 0x7F, 0xCF, 0xF8, 0x07, 0xFF, 0x3F,
    0xFF, 0xFF, 0xF8, 0xFF, 0xFF, 0xFF, 0xC1, 0xFF, 0xFF, 0xFE, 0x01, 0xFF, 0xFF, 0xE0, 0x01, 0xFF,
    0xFE, 0x00, 0x00, 0x7F, 0xC0, 0x00, 0x00, 0x00, 0x3F, 0xF0, 0x00, 0x00, 0x0F, 0xFC, 0x00, 0x00,
    0x07, 0xFF, 0x00, 0x00, 0x03, 0xFF, 0xC0, 0x00, 0x00, 0xFF, 0xF0, 0x00, 0x00, 0x7F, 0xFC, 0x00,
    0x00, 0x1F, 0xFF, 0x00, 0x00, 0x0F, 0xDF, 0xC0, 0x00, 0x07, 0xE7, 0xF0, 0x00, 0x01, 0xF9, 0xFC,
    0x00, 0x00, 0xFC, 0x7F, 0x00, 0x00, 0x7F, 0x1F, 0xC0, 0x00, 0x1F, 0x87, 0xF0, 0x00, 0x0F, 0xC1,
    0xFC, 0x00, 0x03, 0xF0, 0x7F, 0x00, 0x01, 0xF8, 0x1F, 0xC0, 0x00, 0xFE, 0x07, 0xF0, 0x00, 0x3F,
    0x01, 0xFC, 0x00, 0x1F, 0x80, 0x7F, 0x00, 0x07, 0xE0, 0x1F, 0xC0, 0x03, 0xF0, 0x07, 0xF0, 0x01,
    0xFC, 0x01, 0xFC, 0x00, 0x7E, 0x00, 0x7F, 0x00, 0x3F, 0x80, 0x1F, 0xC0, 0x1F, 0xC0, 0x07, 0xF0,
    0x07, 0xE0, 0x01, 0xFC, 0x03, 0xF8, 0x00, 0x7F, 0x00, 0xFC, 0x00, 0x1F, 0xC0, 0x7F, 0x00, 0x07,
    0xF0, 0x3F, 0x80, 0x01, 0xFC, 0x0F, 0xC0, 0x00, 0x7F, 0x03, 0xFF, 0xFF, 0xFF, 0xFF, 0xFF, 0xFF,
    0xFF, 0xFF, 0xFF, 0xFF, 0xFF, 0xFF, 0xFF, 0xFF, 0xFF, 0xFF, 0xFF, 0xFF, 0xFF, 0xFF, 0xFF, 0x00,
    0x00, 0x07, 0xF0, 0x00, 0x00, 0x01, 0xFC, 0x00, 0x00, 0x00, 0x7F, 0x00, 0x00, 0x00, 0x1F, 0xC0,
    0x00, 0x00, 0x07, 0xF0, 0x00, 0x00, 0x01, 0xFC, 0x00, 0x00, 0x07, 0xFF, 0xF8, 0x00, 0x01, 0xFF,
    0xFE, 0x00, 0x00, 0x7F, 0xFF, 0x80, 0x00, 0x1F, 0xFF, 0xE0, 0x00, 0x07, 0xFF, 0xF8, 0x1F, 0xFF,
    0xFF, 0xE0, 0xFF, 0xFF, 0xFF, 0x07, 0xFF, 0xFF, 0xF8, 0x3F, 0xFF, 0xFF, 0xC1, 0xFF, 0xFF, 0xFE,
    0x0F, 0xFF, 0xFF, 0xF0, 0x7C, 0x00, 0x00, 0x07, 0xE0, 0x00, 0x00, 0x3F, 0x00, 0x00, 0x01, 0xF8,
    0x00, 0x00, 0x0F, 0xC0, 0x00, 0x00, 0x7E, 0x00, 0x00, 0x03, 0xF0, 0x00, 0x00, 0x1F, 0x80, 0x00,
    0x00, 0xFC, 0x00, 0x00, 0x07, 0xE0, 0x00, 0x00, 0x3F, 0x7F, 0xC0, 0x01, 0xFF, 0xFF, 0xC0, 0x0F,
    0xFF, 0xFF, 0x80, 0x7F, 0xFF, 0xFE, 0x03, 0xFF, 0xFF, 0xF8, 0x1F, 0xFF, 0xFF, 0xE0, 0xFE, 0x03,
    0xFF, 0x87, 0x00, 0x07, 0xFC, 0x20, 0x00, 0x1F, 0xF0, 0x00, 0x00, 0x7F, 0x80, 0x00, 0x01, 0xFC,
    0x00, 0x00, 0x0F, 0xF0, 0x00, 0x00, 0x3F, 0x80, 0x00, 0x01, 0xFC, 0x00, 0x00, 0x0F, 0xE0, 0x00,
    0x00, 0x7F, 0x00, 0x00, 0x03, 0xF8, 0x00, 0x00, 0x1F, 0xC0, 0x00, 0x00, 0xFE, 0x00, 0x00, 0x07,
    0xF0, 0x00, 0x00, 0x7F, 0x00, 0x00, 0x03, 0xFA, 0x00, 0x00, 0x3F, 0xDC, 0x00, 0x03, 0xFC, 0xF8,
    0x00, 0x3F, 0xE7, 0xF8, 0x07, 0xFE, 0x3F, 0xFF, 0xFF, 0xE1, 0xFF, 0xFF, 0xFE, 0x0F, 0xFF, 0xFF,
    0xE0, 0x1F, 0xFF, 0xFE, 0x00, 0x3F, 0xFF, 0xC0, 0x00, 0x3F, 0xF0, 0x00, 0x00, 0x03, 0xFE, 0x00,
    0x00, 0x1F, 0xFF, 0xC0, 0x00, 0x7F, 0xFF, 0xF0, 0x00, 0xFF, 0xFF, 0xF8, 0x01, 0xFF, 0xFF, 0xF8,
    0x03, 0xFF, 0xFF, 0xF8, 0x07, 0xFE, 0x03, 0xF0, 0x0F, 0xF8, 0x00, 0x70, 0x0F, 0xF0, 0x00, 0x00,
    0x1F, 0xE0, 0x00, 0x00, 0x1F, 0xC0, 0x00, 0x00, 0x3F, 0x80, 0x00, 0x00, 0x3F, 0x80, 0x00, 0x00,
    0x7F, 0x00, 0x00, 0x00, 0x7F, 0x00, 0x00, 0x00, 0x7F, 0x00, 0x00, 0x00, 0x7F, 0x00, 0x00, 0x00,
    0xFE, 0x07, 0xF8, 0x00, 0xFE, 0x1F, 0xFF, 0x00, 0xFE, 0x7F, 0xFF, 0xC0, 0xFE, 0xFF, 0xFF, 0xE0,
    0xFF, 0xFF, 0xFF, 0xF0, 0xFF, 0xFF, 0xFF, 0xF8, 0xFF, 0xF8, 0x1F, 0xFC, 0xFF, 0xE0, 0x07, 0xFC,
    0xFF, 0xC0, 0x03, 0xFE, 0xFF, 0x80, 0x01, 0xFE, 0xFF, 0x80, 0x00, 0xFE, 0xFF, 0x00, 0x00, 0xFF,
    0xFF, 0x00, 0x00, 0x7F, 0xFF, 0x00, 0x00, 0x7F, 0xFF, 0x00, 0x00, 0x7F, 0xFF, 0x00, 0x00, 0x7F,
    0x7F, 0x00, 0x00, 0x7F, 0x7F, 0x00, 0x00, 0x7F, 0x7F, 0x00, 0x00, 0x7F, 0x7F, 0x00, 0x00, 0x7F,
    0x3F, 0x00, 0x00, 0xFE, 0x3F, 0x80, 0x00, 0xFE, 0x3F, 0x80, 0x01, 0xFE, 0x1F, 0xC0, 0x03, 0xFC,
    0x1F, 0xE0, 0x07, 0xFC, 0x0F, 0xF8, 0x1F, 0xF8, 0x07, 0xFF, 0xFF, 0xF0, 0x07, 0xFF, 0xFF, 0xF0,
    0x03, 0xFF, 0xFF, 0xE0, 0x00, 0xFF, 0xFF, 0x80, 0x00, 0x3F, 0xFE, 0x00, 0x00, 0x0F, 0xF8, 0x00,
    0xFF, 0xFF, 0xFF, 0xFF, 0xFF, 0xFF, 0xFF, 0xFF, 0xFF, 0xFF, 0xFF, 0xFF, 0xFF, 0xFF, 0xFF, 0xFF,
    0xFF, 0xFF, 0xFF, 0xFF, 0xFF, 0xFC, 0x00, 0x00, 0x0F, 0xE0, 0x00, 0x00, 0x7E, 0x00, 0x00, 0x07,
    0xF0, 0x00, 0x00, 0x3F, 0x00, 0x00, 0x01, 0xF8, 0x00, 0x00, 0x1F, 0x80, 0x00, 0x00, 0xFC, 0x00,
    0x00, 0x0F, 0xC0, 0x00, 0x00, 0x7E, 0x00, 0x00, 0x07, 0xF0, 0x00, 0x00, 0x3F, 0x00, 0x00, 0x03,
    0xF8, 0x00, 0x00, 0x1F, 0x80, 0x00, 0x00, 0xFC, 0x00, 0x00, 0x0F, 0xC0, 0x00, 0x00, 0x7E, 0x00,
    0x00, 0x07, 0xF0, 0x00, 0x00, 0x3F, 0x00, 0x00, 0x03, 0xF8, 0x00, 0x00, 0x1F, 0x80, 0x00, 0x01,
    0xFC, 0x00, 0x00, 0x0F, 0xC0, 0x00, 0x00, 0x7E, 0x00, 0x00, 0x07, 0xF0, 0x00, 0x00, 0x3F, 0x00,
    0x00, 0x03, 0xF8, 0x00, 0x00, 0x1F, 0x80, 0x00, 0x01, 0xFC, 0x00, 0x00, 0x0F, 0xC0, 0x00, 0x00,
    0xFE, 0x00, 0x00, 0x07, 0xE0, 0x00, 0x00, 0x3F, 0x00, 0x00, 0x03, 0xF8, 0x00, 0x00, 0x1F, 0x80,
    0x00, 0x01, 0xFC, 0x00, 0x00, 0x0F, 0xC0, 0x00, 0x00, 0xFE, 0x00, 0x00, 0x07, 0xE0, 0x00, 0x00,
    0x7F, 0x00, 0x00, 0x03, 0xF8, 0x00, 0x00, 0x1F, 0x80, 0x00, 0x00, 0x00, 0x1F, 0xE0, 0x00, 0x03,
    0xFF, 0xF0, 0x00, 0x3F, 0xFF, 0xF0, 0x01, 0xFF, 0xFF, 0xE0, 0x0F, 0xFF, 0xFF, 0xC0, 0x7F, 0xC0,
    0xFF, 0x81, 0xFE, 0x01, 0xFE, 0x0F, 0xF0, 0x03, 0xFC, 0x3F, 0x80, 0x07, 0xF1, 0xFE, 0x00, 0x1F,
    0xE7, 0xF0, 0x00, 0x3F, 0x9F, 0xC0, 0x00, 0xFE, 0x7F, 0x00, 0x03, 0xF9, 0xFC, 0x00, 0x0F, 0xE7,
    0xF0, 0x00, 0x3F, 0x9F, 0xC0, 0x01, 0xFE, 0x3F, 0x80, 0x07, 0xF0, 0xFF, 0x00, 0x3F, 0xC1, 0xFE,
    0x01, 0xFE, 0x07, 0xFC, 0x0F, 0xF8, 0x0F, 0xFF, 0xFF, 0xC0, 0x1F, 0xFF, 0xFE, 0x00, 0x3F, 0xFF,
    0xF0, 0x00, 0xFF, 0xFF, 0xC0, 0x0F, 0xFF, 0xFF, 0xC0, 0x7F, 0xFF, 0xFF, 0x83, 0xFF, 0x03, 0xFF,
    0x0F, 0xF0, 0x03, 0xFC, 0x7F, 0x80, 0x07, 0xF9, 0xFE, 0x00, 0x1F, 0xE7, 0xF0, 0x00, 0x3F, 0xBF,
    0xC0, 0x00, 0xFF, 0xFE, 0x00, 0x01, 0xFF, 0xF8, 0x00, 0x07, 0xFF, 0xE0, 0x00, 0x1F, 0xFF, 0x80,
    0x00, 0x7F, 0xFE, 0x00, 0x01, 0xFF, 0xF8, 0x00, 0x07, 0xFF, 0xF0, 0x00, 0x3F, 0xDF, 0xC0, 0x00,
    0xFE, 0x7F, 0x80, 0x07, 0xF8, 0xFE, 0x00, 0x3F, 0xE3, 0xFE, 0x01, 0xFF, 0x07, 0xFC, 0x0F, 0xF8,
    0x0F, 0xFF, 0xFF, 0xC0, 0x1F, 0xFF, 0xFE, 0x00, 0x3F, 0xFF, 0xF0, 0x00, 0x3F, 0xFF, 0x00, 0x00,
    0x1F, 0xE0, 0x00, 0x00, 0x1F, 0xF0, 0x00, 0x00, 0xFF, 0xFC, 0x00, 0x01, 0xFF, 0xFF, 0x00, 0x07,
    0xFF, 0xFF, 0x80, 0x0F, 0xFF, 0xFF, 0xE0, 0x1F, 0xFF, 0xFF, 0xE0, 0x1F, 0xF8, 0x1F, 0xF0, 0x3F,
    0xE0, 0x07, 0xF8, 0x3F, 0x80, 0x03, 0xF8, 0x7F, 0x80, 0x01, 0xFC, 0x7F, 0x00, 0x01, 0xFC, 0xFF,
    0x00, 0x00, 0xFC, 0xFE, 0x00, 0x00, 0xFE, 0xFE, 0x00, 0x00, 0x7E, 0xFE, 0x00, 0x00, 0x7E, 0xFE,
    0x00, 0x00, 0x7E, 0xFE, 0x00, 0x00, 0x7E, 0xFE, 0x00, 0x00, 0x7F, 0xFE, 0x00, 0x00, 0xFF, 0xFF,
    0x00, 0x00, 0xFF, 0x7F, 0x00, 0x00, 0xFF, 0x7F, 0x80, 0x01, 0xFF, 0x7F, 0xC0, 0x03, 0xFF, 0x3F,
    0xE0, 0x07, 0xFF, 0x3F, 0xF8, 0x1F, 0xFF, 0x1F, 0xFF, 0xFF, 0xFF, 0x0F, 0xFF, 0xFF, 0xFF, 0x07,
    0xFF, 0xFF, 0x7F, 0x03, 0xFF, 0xFE, 0x7F, 0x00, 0xFF, 0xFC, 0x7F, 0x00, 0x3F, 0xE0, 0x7F, 0x00,
    0x00, 0x00, 0x7E, 0x00, 0x00, 0x00, 0xFE, 0x00, 0x00, 0x00, 0xFE, 0x00, 0x00, 0x00, 0xFE, 0x00,
    0x00, 0x01, 0xFE, 0x00, 0x00, 0x01, 0xFC, 0x00, 0x00, 0x01, 0xFC, 0x00, 0x00, 0x03, 0xF8, 0x00,
    0x00, 0x07, 0xF8, 0x00, 0x00, 0x0F, 0xF0, 0x1C, 0x00, 0x1F, 0xF0, 0x1F, 0x80, 0x7F, 0xE0, 0x1F,
    0xFF, 0xFF, 0xC0, 0x1F, 0xFF, 0xFF, 0xC0, 0x1F, 0xFF, 0xFF, 0x00, 0x1F, 0xFF, 0xFE, 0x00, 0x07,
    0xFF, 0xF8, 0x00, 0x00, 0x7F, 0xC0, 0x00, 0x3C, 0x7E, 0xFF, 0xFF, 0xFF, 0xFF, 0xFF, 0x7E, 0x3C,
    0x00, 0x00, 0x00, 0x00, 0x00, 0x00, 0x00, 0x00, 0x00, 0x00, 0x00, 0x00, 0x00, 0x00, 0x3C, 0x7E,
    0xFF, 0xFF, 0xFF, 0xFF, 0xFF, 0x7E, 0x3C, 0x07, 0x03, 0xF8, 0x7F, 0x1F, 0xF3, 0xFE, 0x7F, 0xC7,
    0xF0, 0xFE, 0x07, 0x00, 0x00, 0x00, 0x00, 0x00, 0x00, 0x00, 0x00, 0x00, 0x00, 0x00, 0x00, 0x00,
    0x00, 0x00, 0x00, 0x00, 0x00, 0x00, 0x00, 0x30, 0x0F, 0xC1, 0xFC, 0x3F, 0x87, 0xF1, 0xFC, 0x3F,
    0x87, 0xF0, 0xFC, 0x3F, 0x87, 0xE0, 0xFC, 0x3F, 0x07, 0xE1, 0xF8, 0x3E, 0x00, 0xC0, 0x00, 0x00,
    0x00, 0x01, 0xC0, 0x00, 0x00, 0x01, 0xF0, 0x00, 0x00, 0x01, 0xFC, 0x00, 0x00, 0x01, 0xFF, 0x00,
    0x00, 0x03, 0xFF, 0xC0, 0x00, 0x03, 0xFF, 0xF0, 0x00, 0x03, 0xFF, 0xF0, 0x00, 0x07, 0xFF, 0xE0,
    0x00, 0x07, 0xFF, 0xE0, 0x00, 0x07, 0xFF, 0xE0, 0x00, 0x07, 0xFF, 0xC0, 0x00, 0x0F, 0xFF, 0xC0,
    0x00, 0x0F, 0xFF, 0xC0, 0x00, 0x0F, 0xFF, 0xC0, 0x00, 0x0F, 0xFF, 0x80, 0x00, 0x03, 0xFF, 0x80,
    0x00, 0x00, 0xFF, 0x80, 0x00, 0x00, 0x3F, 0xE0, 0x00, 0x00, 0x0F, 0xFE, 0x00, 0x00, 0x03, 0xFF,
    0xF0, 0x00, 0x00, 0x3F, 0xFF, 0x00, 0x00, 0x03, 0xFF, 0xF0, 0x00, 0x00, 0x1F, 0xFF, 0x00, 0x00,
    0x01, 0xFF, 0xF8, 0x00, 0x00, 0x1F, 0xFF, 0x80, 0x00, 0x00, 0xFF, 0xF8, 0x00, 0x00, 0x0F, 0xFF,
    0xC0, 0x00, 0x00, 0xFF, 0xFC, 0x00, 0x00, 0x0F, 0xFF, 0xC0, 0x00, 0x00, 0x7F, 0xF0, 0x00, 0x00,
    0x07, 0xFC, 0x00, 0x00, 0x00, 0x7F, 0x00, 0x00, 0x00, 0x07, 0xC0, 0x00, 0x00, 0x00, 0x30, 0xFF,
    0xFF, 0xFF, 0xFF, 0xFF, 0xFF, 0xFF, 0xFF, 0xFF, 0xFF, 0xFF, 0xFF, 0xFF, 0xFF, 0xFF, 0xFF, 0xFF,
    0xFF, 0xFF, 0xFF, 0xFF, 0xFF, 0xFF, 0xFF, 0xFF, 0xF0, 0x00, 0x00, 0x00, 0x00, 0x00, 0x00, 0x00,
    0x00, 0x00, 0x00, 0x00, 0x00, 0x00, 0x00, 0x00, 0x00, 0x0F, 0xFF, 0xFF, 0xFF, 0xFF, 0xFF, 0xFF,
    0xFF, 0xFF, 0xFF, 0xFF, 0xFF, 0xFF, 0xFF, 0xFF, 0xFF, 0xFF, 0xFF, 0xFF, 0xFF, 0xFF, 0xFF, 0xFF,
    0xFF, 0xFF, 0xFF, 0xE0, 0x00, 0x00, 0x00, 0x3E, 0x00, 0x00, 0x00, 0x0F, 0xE0, 0x00, 0x00, 0x03,
    0xFE, 0x00, 0x00, 0x00, 0xFF, 0xF0, 0x00, 0x00, 0x3F, 0xFF, 0x00, 0x00, 0x03, 0xFF, 0xF0, 0x00,
    0x00, 0x1F, 0xFF, 0x80, 0x00, 0x01, 0xFF, 0xF8, 0x00, 0x00, 0x1F, 0xFF, 0x80, 0x00, 0x01, 0xFF,
    0xF8, 0x00, 0x00, 0x0F, 0xFF, 0xC0, 0x00, 0x00, 0xFF, 0xFC, 0x00, 0x00, 0x0F, 0xFF, 0xC0, 0x00,
    0x00, 0x7F, 0xFC, 0x00, 0x00, 0x07, 0xFF, 0x00, 0x00, 0x00, 0x7F, 0xC0, 0x00, 0x00, 0x1F, 0xF0,
    0x00, 0x00, 0x1F, 0xFC, 0x00, 0x00, 0x3F, 0xFF, 0x00, 0x00, 0x3F, 0xFF, 0x00, 0x00, 0x3F, 0xFE,
    0x00, 0x00, 0x7F, 0xFE, 0x00, 0x00, 0x7F, 0xFE, 0x00, 0x00, 0x7F, 0xFE, 0x00, 0x00, 0xFF, 0xFC,
    0x00, 0x00, 0xFF, 0xFC, 0x00, 0x00, 0xFF, 0xFC, 0x00, 0x00, 0xFF, 0xFC, 0x00, 0x00, 0x3F, 0xF8,
    0x00, 0x00, 0x0F, 0xF8, 0x00, 0x00, 0x03, 0xF8, 0x00, 0x00, 0x00, 0xF8, 0x00, 0x00, 0x00, 0x30,
    0x00, 0x00, 0x00, 0x00, 0x00, 0x7F, 0x80, 0x00, 0x7F, 0xFE, 0x00, 0x1F, 0xFF, 0xF0, 0x0F, 0xFF,
    0xFF, 0x03, 0xFF, 0xFF, 0xF0, 0xFF, 0xFF, 0xFF, 0x3F, 0xE0, 0x3F, 0xF7, 0xF0, 0x01, 0xFE, 0x7C,
    0x00, 0x1F, 0xC6, 0x00, 0x03, 0xFC, 0x80, 0x00, 0x3F, 0x80, 0x00, 0x07, 0xF0, 0x00, 0x00, 0xFE,
    0x00, 0x00, 0x1F, 0xC0, 0x00, 0x03, 0xF8, 0x00, 0x00, 0xFF, 0x00, 0x00, 0x1F, 0xC0, 0x00, 0x07,
    0xF8, 0x00, 0x01, 0xFF, 0x00, 0x00, 0x3F, 0xC0, 0x00, 0x0F, 0xF0, 0x00, 0x03, 0xFE, 0x00, 0x00,
    0xFF, 0x80, 0x00, 0x3F, 0xE0, 0x00, 0x0F, 0xF8, 0x00, 0x01, 0xFE, 0x00, 0x00, 0x7F, 0x80, 0x00,
    0x0F, 0xE0, 0x00, 0x03, 0xFC, 0x00, 0x00, 0x7F, 0x00, 0x00, 0x0F, 0xE0, 0x00, 0x01, 0xFC, 0x00,
    0x00, 0x3F, 0x80, 0x00, 0x07, 0xF0, 0x00, 0x00, 0xFE, 0x00, 0x00, 0x1F, 0xC0, 0x00, 0x00, 0x00,
    0x00, 0x00, 0x00, 0x00, 0x00, 0x00, 0x00, 0x00, 0x00, 0x00, 0x00, 0x00, 0x1F, 0x00, 0x00, 0x07,
    0xF0, 0x00, 0x01, 0xFF, 0x00, 0x00, 0x3F, 0xE0, 0x00, 0x07, 0xFC, 0x00, 0x00, 0xFF, 0x80, 0x00,
    0x1F, 0xF0, 0x00, 0x01, 0xFC, 0x00, 0x00, 0x1E, 0x00, 0x00, 0x00, 0x00, 0x0F, 0xFC, 0x00, 0x00,
    0x00, 0x01, 0xFF, 0xFF, 0x00, 0x00, 0x00, 0x0F, 0xFF, 0xFF, 0xC0, 0x00, 0x00, 0x7F, 0xFF, 0xFF,
    0xE0, 0x00, 0x03, 0xFF, 0xFF, 0xFF, 0xE0, 0x00, 0x0F, 0xFF, 0x00, 0xFF, 0xE0, 0x00, 0x3F, 0xF0,
    0x00, 0x3F, 0xE0, 0x00, 0xFF, 0x80, 0x00, 0x1F, 0xE0, 0x03, 0xFC, 0x00, 0x00, 0x0F, 0xE0, 0x0F,
    0xF0, 0x00, 0x00, 0x0F, 0xE0, 0x1F, 0xC0, 0x1F, 0xC0, 0x0F, 0xC0, 0x7F, 0x00, 0xFF, 0xE3, 0xEF,
    0xC1, 0xFC, 0x07, 0xFF, 0xEF, 0xCF, 0x83, 0xF8, 0x1F, 0xFF, 0xFF, 0x9F, 0x8F, 0xE0, 0xFF, 0xFF,
    0xFE, 0x1F, 0x1F, 0x81, 0xFF, 0x07, 0xFC, 0x3E, 0x3F, 0x07, 0xF8, 0x07, 0xF8, 0x7E, 0xFE, 0x1F,
    0xE0, 0x07, 0xE0, 0x7D, 0xF8, 0x7F, 0x80, 0x0F, 0xC0, 0xFB, 0xF0, 0xFF, 0x00, 0x1F, 0x81, 0xF7,
    0xE3, 0xFC, 0x00, 0x3F, 0x03, 0xFF, 0x87, 0xF8, 0x00, 0x7C, 0x07, 0xFF, 0x0F, 0xE0, 0x00, 0xF8,
    0x0F, 0xFE, 0x1F, 0xC0, 0x01, 0xF0, 0x1F, 0xFC, 0x7F, 0x00, 0x07, 0xC0, 0x3F, 0xF8, 0xFE, 0x00,
    0x0F, 0x80, 0xFB, 0xF1, 0xFC, 0x00, 0x1F, 0x01, 0xF7, 0xE3, 0xF8, 0x00, 0x7E, 0x07, 0xEF, 0xC7,
    0xF0, 0x00, 0xF8, 0x0F, 0x9F, 0x8F, 0xE0, 0x01, 0xF0, 0x3F, 0x3F, 0x1F, 0xC0, 0x07, 0xE0, 0xFC,
    0x3F, 0x3F, 0xC0, 0x1F, 0xC3, 0xF8, 0x7E, 0x3F, 0x80, 0x7F, 0x8F, 0xE0, 0xFC, 0x7F, 0xE7, 0xFF,
    0xFF, 0x80, 0xFC, 0x7F, 0xFF, 0xFF, 0xFE, 0x01, 0xF8, 0x7F, 0xFE, 0xFF, 0xF8, 0x03, 0xF8, 0x7F,
    0xF0, 0xFF, 0xC0, 0x03, 0xF8, 0x3F, 0x80, 0xFC, 0x00, 0x03, 0xF8, 0x00, 0x00, 0x00, 0x18, 0x07,
    0xF8, 0x00, 0x00, 0x00, 0x78, 0x07, 0xF8, 0x00, 0x00, 0x03, 0xF0, 0x07, 0xF8, 0x00, 0x00, 0x1F,
    0xF0, 0x07, 0xFE, 0x00, 0x00, 0xFF, 0xC0, 0x07, 0xFF, 0x80, 0x1F, 0xFE, 0x00, 0x07, 0xFF, 0xFF,
    0xFF, 0xF8, 0x00, 0x03, 0xFF, 0xFF, 0xFF, 0xC0, 0x00, 0x01, 0xFF, 0xFF, 0xFE, 0x00, 0x00, 0x00,
    0xFF, 0xFF, 0xE0, 0x00, 0x00, 0x00, 0x1F, 0xFC, 0x00, 0x00, 0x00, 0x00, 0x1F, 0xC0, 0x00, 0x00,
    0x00, 0x01, 0xFC, 0x00, 0x00, 0x00, 0x00, 0x3F, 0xE0, 0x00, 0x00, 0x00, 0x03, 0xFE, 0x00, 0x00,
    0x00, 0x00, 0x3F, 0xE0, 0x00, 0x00, 0x00, 0x07, 0xFF, 0x00, 0x00, 0x00, 0x00, 0x7F, 0xF0, 0x00,
    0x00, 0x00, 0x07, 0xFF, 0x00, 0x00, 0x00, 0x00, 0xFF, 0xF8, 0x00, 0x00, 0x00, 0x0F, 0xFF, 0x80,
    0x00, 0x00, 0x01, 0xF9, 0xF8, 0x00, 0x00, 0x00, 0x1F, 0x9F, 0xC0, 0x00, 0x00, 0x01, 0xF9, 0xFC,
    0x00, 0x00, 0x00, 0x3F, 0x0F, 0xC0, 0x00, 0x00, 0x03, 0xF0, 0xFE, 0x00, 0x00, 0x00, 0x3E, 0x0F,
    0xE0, 0x00, 0x00, 0x07, 0xE0, 0x7E, 0x00, 0x00, 0x00, 0x7E, 0x07, 0xF0, 0x00, 0x00, 0x07, 0xC0,
    0x7F, 0x00, 0x00, 0x00, 0xFC, 0x03, 0xF0, 0x00, 0x00, 0x0F, 0xC0, 0x3F, 0x80, 0x00, 0x01, 0xF8,
    0x03, 0xF8, 0x00, 0x00, 0x1F, 0x80, 0x1F, 0x80, 0x00, 0x01, 0xF0, 0x01, 0xFC, 0x00, 0x00, 0x3F,
    0x00, 0x1F, 0xC0, 0x00, 0x03, 0xFF, 0xFF, 0xFC, 0x00, 0x00, 0x3F, 0xFF, 0xFF, 0xE0, 0x00, 0x07,
    0xFF, 0xFF, 0xFE, 0x00, 0x00, 0x7F, 0xFF, 0xFF, 0xE0, 0x00, 0x07, 0xFF, 0xFF, 0xFF, 0x00, 0x00,
    0xFF, 0xFF, 0xFF, 0xF0, 0x00, 0x0F, 0xC0, 0x00, 0x3F, 0x00, 0x01, 0xF8, 0x00, 0x03, 0xF8, 0x00,
    0x1F, 0x80, 0x00, 0x3F, 0x80, 0x01, 0xF8, 0x00, 0x01, 0xF8, 0x00, 0x3F, 0x00, 0x00, 0x1F, 0xC0,
    0x03, 0xF0, 0x00, 0x01, 0xFC, 0x00, 0x3F, 0x00, 0x00, 0x0F, 0xC0, 0x07, 0xE0, 0x00, 0x00, 0xFE,
    0x00, 0x7E, 0x00, 0x00, 0x0F, 0xE0, 0x0F, 0xE0, 0x00, 0x00, 0x7F, 0x00, 0xFC, 0x00, 0x00, 0x07,
    0xF0, 0xFF, 0xC0, 0x00, 0x00, 0x7F, 0xFF, 0xFC, 0x00, 0x00, 0x03, 0xFF, 0xFF, 0x80, 0x00, 0x00,
    0x3F, 0xFF, 0xF8, 0x00, 0x00, 0x03, 0xFF, 0xFF, 0x80, 0x00, 0x00, 0x1F, 0xF0, 0xFF, 0xFF, 0xFF,
    0x00, 0x0F, 0xFF, 0xFF, 0xFE, 0x00, 0xFF, 0xFF, 0xFF, 0xF8, 0x0F, 0xFF, 0xFF, 0xFF, 0xC0, 0xFF,
    0xFF, 0xFF, 0xFE, 0x00, 0xFF, 0xFF, 0xFF, 0xF0, 0x0F, 0xE0, 0x03, 0xFF, 0x80, 0xFE, 0x00, 0x0F,
    0xF8, 0x0F, 0xE0, 0x00, 0x3F, 0xC0, 0xFE, 0x00, 0x03, 0xFC, 0x0F, 0xE0, 0x00, 0x1F, 0xC0, 0xFE,
    0x00, 0x01, 0xFC, 0x0F, 0xE0, 0x00, 0x1F, 0xC0, 0xFE, 0x00, 0x01, 0xFC, 0x0F, 0xE0, 0x00, 0x1F,
    0xC0, 0xFE, 0x00, 0x03, 0xF8, 0x0F, 0xE0, 0x00, 0x3F, 0x80, 0xFE, 0x00, 0x0F, 0xF8, 0x0F, 0xE0,
    0x03, 0xFF, 0x00, 0xFF, 0xFF, 0xFF, 0xE0, 0x0F, 0xFF, 0xFF, 0xFC, 0x00, 0xFF, 0xFF, 0xFF, 0x80,
    0x0F, 0xFF, 0xFF, 0xF0, 0x00, 0xFF, 0xFF, 0xFF, 0xE0, 0x0F, 0xFF, 0xFF, 0xFF, 0x00, 0xFE, 0x00,
    0x1F, 0xF8, 0x0F, 0xE0, 0x00, 0x3F, 0xC0, 0xFE, 0x00, 0x01, 0xFC, 0x0F, 0xE0, 0x00, 0x0F, 0xE0,
    0xFE, 0x00, 0x00, 0xFE, 0x0F, 0xE0, 0x00, 0x07, 0xF0, 0xFE, 0x00, 0x00, 0x7F, 0x0F, 0xE0, 0x00,
    0x07, 0xF0, 0xFE, 0x00, 0x00, 0x7F, 0x0F, 0xE0, 0x00, 0x07, 0xF0, 0xFE, 0x00, 0x00, 0x7F, 0x0F,
    0xE0, 0x00, 0x0F, 0xF0, 0xFE, 0x00, 0x00, 0xFF, 0x0F, 0xE0, 0x00, 0x1F, 0xE0, 0xFE, 0x00, 0x07,
    0xFE, 0x0F, 0xE0, 0x01, 0xFF, 0xC0, 0xFF, 0xFF, 0xFF, 0xF8, 0xFF, 0xFF, 0xFF, 0xFF, 0x8F, 0xFF,
    0xFF, 0xFF, 0xE0, 0xFF, 0xFF, 0xFF, 0xFC, 0x0F, 0xFF, 0xFF, 0xFF, 0x00, 0xFF, 0xFF, 0xFF, 0x00,
    0x00, 0x00, 0x00, 0x7F, 0xF0, 0x00, 0x00, 0x3F, 0xFF, 0xF0, 0x00, 0x0F, 0xFF, 0xFF, 0xC0, 0x03,
    0xFF, 0xFF, 0xFF, 0x00, 0x7F, 0xFF, 0xFF, 0xE0, 0x1F, 0xFF, 0xFF, 0xFE, 0x03, 0xFF, 0xE0, 0x1F,
    0xE0, 0x7F, 0xF0, 0x00, 0x1C, 0x07, 0xFC, 0x00, 0x00, 0x00, 0xFF, 0x80, 0x00, 0x00, 0x1F, 0xF0,
    0x00, 0x00, 0x01, 0xFE, 0x00, 0x00, 0x00, 0x3F, 0xC0, 0x00, 0x00, 0x03, 0xFC, 0x00, 0x00, 0x00,
    0x3F, 0x80, 0x00, 0x00, 0x07, 0xF8, 0x00, 0x00, 0x00, 0x7F, 0x00, 0x00, 0x00, 0x07, 0xF0, 0x00,
    0x00, 0x00, 0x7F, 0x00, 0x00, 0x00, 0x0F, 0xE0, 0x00, 0x00, 0x00, 0xFE, 0x00, 0x00, 0x00, 0x0F,
    0xE0, 0x00, 0x00, 0x00, 0xFE, 0x00, 0x00, 0x00, 0x0F, 0xE0, 0x00, 0x00, 0x00, 0xFE, 0x00, 0x00,
    0x00, 0x0F, 0xE0, 0x00, 0x00, 0x00, 0xFE, 0x00, 0x00, 0x00, 0x0F, 0xE0, 0x00, 0x00, 0x00, 0xFE,
    0x00, 0x00, 0x00, 0x0F, 0xE0, 0x00, 0x00, 0x00, 0xFF, 0x00, 0x00, 0x00, 0x07, 0xF0, 0x00, 0x00,
    0x00, 0x7F, 0x00, 0x00, 0x00, 0x07, 0xF8, 0x00, 0x00, 0x00, 0x3F, 0x80, 0x00, 0x00, 0x03, 0xFC,
    0x00, 0x00, 0x00, 0x3F, 0xC0, 0x00, 0x00, 0x01, 0xFE, 0x00, 0x00, 0x00, 0x1F, 0xF0, 0x00, 0x00,
    0x00, 0xFF, 0x80, 0x00, 0x00, 0x07, 0xFC, 0x00, 0x00, 0x70, 0x7F, 0xF0, 0x00, 0x1F, 0x03, 0xFF,
    0xE0, 0x0F, 0xF0, 0x1F, 0xFF, 0xFF, 0xFF, 0x00, 0xFF, 0xFF, 0xFF, 0xF0, 0x03, 0xFF, 0xFF, 0xFF,
    0x00, 0x1F, 0xFF, 0xFF, 0xC0, 0x00, 0x3F, 0xFF, 0xF0, 0x00, 0x00, 0x7F, 0xF0, 0x00, 0xFF, 0xFF,
    0xF8, 0x00, 0x00, 0xFF, 0xFF, 0xFF, 0x80, 0x00, 0xFF, 0xFF, 0xFF, 0xF0, 0x00, 0xFF, 0xFF, 0xFF,
    0xFC, 0x00, 0xFF, 0xFF, 0xFF, 0xFE, 0x00, 0x0F, 0xFF, 0xFF, 0xFF, 0x80, 0x0F, 0xE0, 0x0F, 0xFF,
    0xC0, 0x0F, 0xE0, 0x01, 0xFF, 0xE0, 0x0F, 0xE0, 0x00, 0x7F, 0xE0, 0x0F, 0xE0, 0x00, 0x1F, 0xF0,
    0x0F, 0xE0, 0x00, 0x0F, 0xF8, 0x0F, 0xE0, 0x00, 0x07, 0xF8, 0x0F, 0xE0, 0x00, 0x03, 0xFC, 0x0F,
    0xE0, 0x00, 0x03, 0xFC, 0x0F, 0xE0, 0x00, 0x01, 0xFE, 0x0F, 0xE0, 0x00, 0x01, 0xFE, 0x0F, 0xE0,
    0x00, 0x00, 0xFE, 0x0F, 0xE0, 0x00, 0x00, 0xFE, 0x0F, 0xE0, 0x00, 0x00, 0xFF, 0x0F, 0xE0, 0x00,
    0x00, 0x7F, 0x0F, 0xE0, 0x00, 0x00, 0x7F, 0x0F, 0xE0, 0x00, 0x00, 0x7F, 0x0F, 0xE0, 0x00, 0x00,
    0x7F, 0x0F, 0xE0, 0x00, 0x00, 0x7F, 0x0F, 0xE0, 0x00, 0x00, 0x7F, 0x0F, 0xE0, 0x00, 0x00, 0x7F,
    0x0F, 0xE0, 0x00, 0x00, 0x7F, 0x0F, 0xE0, 0x00, 0x00, 0x7F, 0x0F, 0xE0, 0x00, 0x00, 0xFF, 0x0F,
    0xE0, 0x00, 0x00, 0xFE, 0x0F, 0xE0, 0x00, 0x00, 0xFE, 0x0F, 0xE0, 0x00, 0x01, 0xFE, 0x0F, 0xE0,
    0x00, 0x01, 0xFE, 0x0F, 0xE0, 0x00, 0x03, 0xFC, 0x0F, 0xE0, 0x00, 0x03, 0xFC, 0x0F, 0xE0, 0x00,
    0x07, 0xF8, 0x0F, 0xE0, 0x00, 0x0F, 0xF8, 0x0F, 0xE0, 0x00, 0x1F, 0xF0, 0x0F, 0xE0, 0x00, 0x3F,
    0xE0, 0x0F, 0xE0, 0x00, 0xFF, 0xE0, 0x0F, 0xE0, 0x07, 0xFF, 0xC0, 0x0F, 0xFF, 0xFF, 0xFF, 0x80,
    0xFF, 0xFF, 0xFF, 0xFE, 0x00, 0xFF, 0xFF, 0xFF, 0xFC, 0x00, 0xFF, 0xFF, 0xFF, 0xF0, 0x00, 0xFF,
    0xFF, 0xFF, 0x80, 0x00, 0xFF, 0xFF, 0xF8, 0x00, 0x00, 0xFF, 0xFF, 0xFF, 0xFF, 0x3F, 0xFF, 0xFF,
    0xFF, 0xCF, 0xFF, 0xFF, 0xFF, 0xF3, 0xFF, 0xFF, 0xFF, 0xFC, 0xFF, 0xFF, 0xFF, 0xFF, 0x03, 0xFF,
    0xFF, 0xFF, 0xC0, 0xFE, 0x00, 0x00, 0x00, 0x3F, 0x80, 0x00, 0x00, 0x0F, 0xE0, 0x00, 0x00, 0x03,
    0xF8, 0x00, 0x00, 0x00, 0xFE, 0x00, 0x00, 0x00, 0x3F, 0x80, 0x00, 0x00, 0x0F, 0xE0, 0x00, 0x00,
    0x03, 0xF8, 0x00, 0x00, 0x00, 0xFE, 0x00, 0x00, 0x00, 0x3F, 0x80, 0x00, 0x00, 0x0F, 0xE0, 0x00,
    0x00, 0x03, 0xF8, 0x00, 0x00, 0x00, 0xFE, 0x00, 0x00, 0x00, 0x3F, 0xFF, 0xFF, 0xF0, 0x0F, 0xFF,
    0xFF, 0xFC, 0x03, 0xFF, 0xFF, 0xFF, 0x00, 0xFF, 0xFF, 0xFF, 0xC0, 0x3F, 0xFF, 0xFF, 0xF0, 0x0F,
    0xFF, 0xFF, 0xFC, 0x03, 0xF8, 0x00, 0x00, 0x00, 0xFE, 0x00, 0x00, 0x00, 0x3F, 0x80, 0x00, 0x00,
    0x0F, 0xE0, 0x00, 0x00, 0x03, 0xF8, 0x00, 0x00, 0x00, 0xFE, 0x00, 0x00, 0x00, 0x3F, 0x80, 0x00,
    0x00, 0x0F, 0xE0, 0x00, 0x00, 0x03, 0xF8, 0x00, 0x00, 0x00, 0xFE, 0x00, 0x00, 0x00, 0x3F, 0x80,
    0x00, 0x00, 0x0F, 0xE0, 0x00, 0x00, 0x03, 0xF8, 0x00, 0x00, 0x00, 0xFE, 0x00, 0x00, 0x00, 0x3F,
    0x80, 0x00, 0x00, 0x0F, 0xE0, 0x00, 0x00, 0x03, 0xFF, 0xFF, 0xFF, 0xFF, 0xFF, 0xFF, 0xFF, 0xFF,
    0xFF, 0xFF, 0xFF, 0xFF, 0xFF, 0xFF, 0xFF, 0xFF, 0xFF, 0xFF, 0xFF, 0xFF, 0xFF, 0xFF, 0xFF, 0xFF,
    0xFC, 0xFF, 0xFF, 0xFF, 0xFF, 0xFF, 0xFF, 0xFF, 0xFF, 0xFF, 0xFF, 0xFF, 0xFF, 0xFF, 0xFF, 0xFF,
    0xFF, 0xFF, 0xFF, 0xFF, 0xFF, 0x0F, 0xFF, 0xFF, 0xFF, 0x0F, 0xE0, 0x00, 0x00, 0x0F, 0xE0, 0x00,
    0x00, 0x0F, 0xE0, 0x00, 0x00, 0x0F, 0xE0, 0x00, 0x00, 0x0F, 0xE0, 0x00, 0x00, 0x0F, 0xE0, 0x00,
    0x00, 0x0F, 0xE0, 0x00, 0x00, 0x0F, 0xE0, 0x00, 0x00, 0x0F, 0xE0, 0x00, 0x00, 0x0F, 0xE0, 0x00,
    0x00, 0x0F, 0xE0, 0x00, 0x00, 0x0F, 0xE0, 0x00, 0x00, 0x0F, 0xE0, 0x00, 0x00, 0x0F, 0xFF, 0xFF,
    0xF0, 0x0F, 0xFF, 0xFF, 0xF0, 0x0F, 0xFF, 0xFF, 0xF0, 0x0F, 0xFF, 0xFF, 0xF0, 0x0F, 0xFF, 0xFF,
    0xF0, 0x0F, 0xFF, 0xFF, 0xF0, 0x0F, 0xE0, 0x00, 0x00, 0x0F, 0xE0, 0x00, 0x00, 0x0F, 0xE0, 0x00,
    0x00, 0x0F, 0xE0, 0x00, 0x00, 0x0F, 0xE0, 0x00, 0x00, 0x0F, 0xE0, 0x00, 0x00, 0x0F, 0xE0, 0x00,
    0x00, 0x0F, 0xE0, 0x00, 0x00, 0x0F, 0xE0, 0x00, 0x00, 0x0F, 0xE0, 0x00, 0x00, 0x0F, 0xE0, 0x00,
    0x00, 0x0F, 0xE0, 0x00, 0x00, 0x0F, 0xE0, 0x00, 0x00, 0x0F, 0xE0, 0x00, 0x00, 0x0F, 0xE0, 0x00,
    0x00, 0x0F, 0xE0, 0x00, 0x00, 0x0F, 0xE0, 0x00, 0x00, 0xFF, 0xFE, 0x00, 0x00, 0xFF, 0xFF, 0x00,
    0x00, 0xFF, 0xFF, 0x00, 0x00, 0xFF, 0xFF, 0x00, 0x00, 0xFF, 0xFF, 0x00, 0x00, 0x00, 0x00, 0x7F,
    0xF0, 0x00, 0x00, 0x0F, 0xFF, 0xF8, 0x00, 0x01, 0xFF, 0xFF, 0xFC, 0x00, 0x0F, 0xFF, 0xFF, 0xFC,
    0x00, 0xFF, 0xFF, 0xFF, 0xF0, 0x07, 0xFF, 0xFF, 0xFF, 0x80, 0x3F, 0xFE, 0x01, 0xFE, 0x01, 0xFF,
    0xC0, 0x00, 0x70, 0x07, 0xFC, 0x00, 0x00, 0x40, 0x3F, 0xE0, 0x00, 0x00, 0x01, 0xFF, 0x00, 0x00,
    0x00, 0x07, 0xF8, 0x00, 0x00, 0x00, 0x3F, 0xC0, 0x00, 0x00, 0x00, 0xFF, 0x00, 0x00, 0x00, 0x03,
    0xF8, 0x00, 0x00, 0x00, 0x1F, 0xE0, 0x00, 0x00, 0x00, 0x7F, 0x00, 0x00, 0x00, 0x01, 0xFC, 0x00,
    0x00, 0x00, 0x07, 0xF0, 0x00, 0x00, 0x00, 0x3F, 0x80, 0x00, 0x00, 0x00, 0xFE, 0x00, 0x00, 0x00,
    0x03, 0xF8, 0x00, 0x00, 0x00, 0x0F, 0xE0, 0x00, 0x00, 0x00, 0x3F, 0x80, 0x00, 0x07, 0xFF, 0xFE,
    0x00, 0x00, 0x1F, 0xFF, 0xF8, 0x00, 0x00, 0x7F, 0xFF, 0xE0, 0x00, 0x01, 0xFF, 0xFF, 0x80, 0x00,
    0x07, 0xFF, 0xFE, 0x00, 0x00, 0x01, 0xFF, 0xF8, 0x00, 0x00, 0x07, 0xF7, 0xF0, 0x00, 0x00, 0x1F,
    0xDF, 0xC0, 0x00, 0x00, 0x7F, 0x7F, 0x00, 0x00, 0x01, 0xFD, 0xFE, 0x00, 0x00, 0x07, 0xF3, 0xF8,
    0x00, 0x00, 0x1F, 0xCF, 0xF0, 0x00, 0x00, 0x7F, 0x3F, 0xC0, 0x00, 0x01, 0xFC, 0x7F, 0x80, 0x00,
    0x07, 0xF1, 0xFF, 0x00, 0x00, 0x1F, 0xC3, 0xFE, 0x00, 0x00, 0x7F, 0x07, 0xFC, 0x00, 0x01, 0xFC,
    0x1F, 0xFC, 0x00, 0x07, 0xF0, 0x3F, 0xFE, 0x00, 0xFF, 0xC0, 0x7F, 0xFF, 0xFF, 0xFF, 0x00, 0x7F,
    0xFF, 0xFF, 0xFC, 0x00, 0xFF, 0xFF, 0xFF, 0xE0, 0x00, 0xFF, 0xFF, 0xFE, 0x00, 0x00, 0xFF, 0xFF,
    0xE0, 0x00, 0x00, 0x7F, 0xF8, 0x00, 0xFF, 0xC0, 0x00, 0x00, 0xFF, 0xFF, 0xF8, 0x00, 0x00, 0x1F,
    0xFF, 0xFF, 0x00, 0x00, 0x03, 0xFF, 0xFF, 0xE0, 0x00, 0x00, 0x7F, 0xFF, 0xFC, 0x00, 0x00, 0x0F,
    0xFE, 0x1F, 0x80, 0x00, 0x01, 0xFC, 0x03, 0xF0, 0x00, 0x00, 0x3F, 0x80, 0x7E, 0x00, 0x00, 0x07,
    0xF0, 0x0F, 0xC0, 0x00, 0x00, 0xFE, 0x01, 0xF8, 0x00, 0x00, 0x1F, 0xC0, 0x3F, 0x00, 0x00, 0x03,
    0xF8, 0x07, 0xE0, 0x00, 0x00, 0x7F, 0x00, 0xFC, 0x00, 0x00, 0x0F, 0xE0, 0x1F, 0x80, 0x00, 0x01,
    0xFC, 0x03, 0xF0, 0x00, 0x00, 0x3F, 0x80, 0x7E, 0x00, 0x00, 0x07, 0xF0, 0x0F, 0xC0, 0x00, 0x00,
    0xFE, 0x01, 0xF8, 0x00, 0x00, 0x1F, 0xC0, 0x3F, 0x00, 0x00, 0x03, 0xF8, 0x07, 0xFF, 0xFF, 0xFF,
    0xFF, 0x00, 0xFF, 0xFF, 0xFF, 0xFF, 0xE0, 0x1F, 0xFF, 0xFF, 0xFF, 0xFC, 0x03, 0xFF, 0xFF, 0xFF,
    0xFF, 0x80, 0x7F, 0xFF, 0xFF, 0xFF, 0xF0, 0x0F, 0xFF, 0xFF, 0xFF, 0xFE, 0x01, 0xF8, 0x00, 0x00,
    0x1F, 0xC0, 0x3F, 0x00, 0x00, 0x03, 0xF8, 0x07, 0xE0, 0x00, 0x00, 0x7F, 0x00, 0xFC, 0x00, 0x00,
    0x0F, 0xE0, 0x1F, 0x80, 0x00, 0x01, 0xFC, 0x03, 0xF0, 0x00, 0x00, 0x3F, 0x80, 0x7E, 0x00, 0x00,
    0x07, 0xF0, 0x0F, 0xC0, 0x00, 0x00, 0xFE, 0x01, 0xF8, 0x00, 0x00, 0x1F, 0xC0, 0x3F, 0x00, 0x00,
    0x03, 0xF8, 0x07, 0xE0, 0x00, 0x00, 0x7F, 0x00, 0xFC, 0x00, 0x00, 0x0F, 0xE0, 0x1F, 0x80, 0x00,
    0x01, 0xFC, 0x03, 0xF0, 0x00, 0x00, 0x3F, 0x80, 0x7E, 0x00, 0x00, 0x07, 0xF0, 0x0F, 0xC0, 0x00,
    0x00, 0xFE, 0x01, 0xF8, 0x00, 0x00, 0x1F, 0xC3, 0xFF, 0x00, 0x00, 0x03, 0xFF, 0xFF, 0xE0, 0x00,
    0x00, 0x7F, 0xFF, 0xFC, 0x00, 0x00, 0x0F, 0xFF, 0xFF, 0x80, 0x00, 0x01, 0xFF, 0xFF, 0xF0, 0x00,
    0x00, 0x3F, 0xF8, 0xFF, 0xFF, 0xFF, 0xFF, 0xFF, 0xFF, 0xFF, 0xFF, 0xFC, 0x3F, 0x80, 0xFE, 0x03,
    0xF8, 0x0F, 0xE0, 0x3F, 0x80, 0xFE, 0x03, 0xF8, 0x0F, 0xE0, 0x3F, 0x80, 0xFE, 0x03, 0xF8, 0x0F,
    0xE0, 0x3F, 0x80, 0xFE, 0x03, 0xF8, 0x0F, 0xE0, 0x3F, 0x80, 0xFE, 0x03, 0xF8, 0x0F, 0xE0, 0x3F,
    0x80, 0xFE, 0x03, 0xF8, 0x0F, 0xE0, 0x3F, 0x80, 0xFE, 0x03, 0xF8, 0x0F, 0xE0, 0x3F, 0x80, 0xFE,
    0x03, 0xF8, 0x0F, 0xE0, 0x3F, 0x80, 0xFE, 0x03, 0xF8, 0x0F, 0xE0, 0x3F, 0x8F, 0xFF, 0xFF, 0xFF,
    0xFF, 0xFF, 0xFF, 0xFF, 0xFF, 0xC0, 0x00, 0xFF, 0xFE, 0x01, 0xFF, 0xFC, 0x03, 0xFF, 0xF8, 0x07,
    0xFF, 0xF0, 0x0F, 0xFF, 0xE0, 0x01, 0xFC, 0x00, 0x03, 0xF8, 0x00, 0x07, 0xF0, 0x00, 0x0F, 0xE0,
    0x00, 0x1F, 0xC0, 0x00, 0x3F, 0x80, 0x00, 0x7F, 0x00, 0x00, 0xFE, 0x00, 0x01, 0xFC, 0x00, 0x03,
    0xF8, 0x00, 0x07, 0xF0, 0x00, 0x0F, 0xE0, 0x00, 0x1F, 0xC0, 0x00, 0x3F, 0x80, 0x00, 0x7F, 0x00,
    0x00, 0xFE, 0x00, 0x01, 0xFC, 0x00, 0x03, 0xF8, 0x00, 0x07, 0xF0, 0x00, 0x0F, 0xE0, 0x00, 0x1F,
    0xC0, 0x00, 0x3F, 0x80, 0x00, 0x7F, 0x00, 0x00, 0xFE, 0x00, 0x01, 0xFC, 0x00, 0x03, 0xF8, 0x00,
    0x07, 0xF0, 0x00, 0x0F, 0xE0, 0x00, 0x1F, 0xC0, 0x00, 0x3F, 0x80, 0x00, 0x7F, 0x00, 0x00, 0xFE,
    0x00, 0x01, 0xFC, 0x00, 0x03, 0xF8, 0x00, 0x0F, 0xF0, 0x80, 0x1F, 0xE1, 0xE0, 0x7F, 0x83, 0xFF,
    0xFF, 0x07, 0xFF, 0xFC, 0x0F, 0xFF, 0xF8, 0x1F, 0xFF, 0xE0, 0x1F, 0xFF, 0x80, 0x07, 0xF8, 0x00,
    0xFF, 0xC0, 0x00, 0x07, 0xFE, 0x7F, 0xE0, 0x00, 0x07, 0xFF, 0x3F, 0xF0, 0x00, 0x07, 0xFF, 0x9F,
    0xF8, 0x00, 0x07, 0xFF, 0xCF, 0xFC, 0x00, 0x07, 0xFF, 0xE0, 0x7E, 0x00, 0x07, 0xF8, 0x00, 0x3F,
    0x00, 0x07, 0xF8, 0x00, 0x1F, 0x80, 0x07, 0xF8, 0x00, 0x0F, 0xC0, 0x07, 0xF8, 0x00, 0x07, 0xE0,
    0x07, 0xF8, 0x00, 0x03, 0xF0, 0x03, 0xF8, 0x00, 0x01, 0xF8, 0x03, 0xF8, 0x00, 0x00, 0xFC, 0x03,
    0xF8, 0x00, 0x00, 0x7E, 0x03, 0xF8, 0x00, 0x00, 0x3F, 0x03, 0xF8, 0x00, 0x00, 0x1F, 0x83, 0xF8,
    0x00, 0x00, 0x0F, 0xC3, 0xFC, 0x00, 0x00, 0x07, 0xE3, 0xFC, 0x00, 0x00, 0x03, 0xF3, 0xFF, 0x00,
    0x00, 0x01, 0xFB, 0xFF, 0x80, 0x00, 0x00, 0xFF, 0xFF, 0xE0, 0x00, 0x00, 0x7F, 0xFF, 0xF8, 0x00,
    0x00, 0x3F, 0xFD, 0xFC, 0x00, 0x00, 0x1F, 0xFC, 0xFF, 0x00, 0x00, 0x0F, 0xFC, 0x3F, 0x80, 0x00,
    0x07, 0xFC, 0x1F, 0xE0, 0x00, 0x03, 0xFC, 0x07, 0xF8, 0x00, 0x01, 0xFC, 0x01, 0xFC, 0x00, 0x00,
    0xFC, 0x00, 0xFF, 0x00, 0x00, 0x7E, 0x00, 0x3F, 0x80, 0x00, 0x3F, 0x00, 0x1F, 0xE0, 0x00, 0x1F,
    0x80, 0x07, 0xF8, 0x00, 0x0F, 0xC0, 0x01, 0xFC, 0x00, 0x07, 0xE0, 0x00, 0xFF, 0x00, 0x03, 0xF0,
    0x00, 0x3F, 0xC0, 0x01, 0xF8, 0x00, 0x1F, 0xE0, 0x00, 0xFC, 0x00, 0x07, 0xF8, 0x00, 0x7E, 0x00,
    0x01, 0xFC, 0x00, 0x3F, 0x00, 0x00, 0xFF, 0x00, 0x1F, 0x80, 0x00, 0x3F, 0xC0, 0x0F, 0xC0, 0x00,
    0x1F, 0xE0, 0x07, 0xE0, 0x00, 0x07, 0xF8, 0x3F, 0xF0, 0x00, 0x01, 0xFF, 0xFF, 0xF8, 0x00, 0x00,
    0xFF, 0xFF, 0xFC, 0x00, 0x00, 0x3F, 0xFF, 0xFE, 0x00, 0x00, 0x1F, 0xFF, 0xFF, 0x00, 0x00, 0x07,
    0xFE, 0xFF, 0xFE, 0x00, 0x00, 0x3F, 0xFF, 0x80, 0x00, 0x0F, 0xFF, 0xE0, 0x00, 0x03, 0xFF, 0xF8,
    0x00, 0x00, 0xFF, 0xFE, 0x00, 0x00, 0x03, 0xF8, 0x00, 0x00, 0x00, 0xFE, 0x00, 0x00, 0x00, 0x3F,
    0x80, 0x00, 0x00, 0x0F, 0xE0, 0x00, 0x00, 0x03, 0xF8, 0x00, 0x00, 0x00, 0xFE, 0x00, 0x00, 0x00,
    0x3F, 0x80, 0x00, 0x00, 0x0F, 0xE0, 0x00, 0x00, 0x03, 0xF8, 0x00, 0x00, 0x00, 0xFE, 0x00, 0x00,
    0x00, 0x3F, 0x80, 0x00, 0x00, 0x0F, 0xE0, 0x00, 0x00, 0x03, 0xF8, 0x00, 0x00, 0x00, 0xFE, 0x00,
    0x00, 0x00, 0x3F, 0x80, 0x00, 0x00, 0x0F, 0xE0, 0x00, 0x00, 0x03, 0xF8, 0x00, 0x00, 0x00, 0xFE,
    0x00, 0x00, 0x00, 0x3F, 0x80, 0x00, 0x00, 0x0F, 0xE0, 0x00, 0x00, 0x03, 0xF8, 0x00, 0x00, 0x00,
    0xFE, 0x00, 0x00, 0x00, 0x3F, 0x80, 0x00, 0x00, 0x0F, 0xE0, 0x00, 0x00, 0x03, 0xF8, 0x00, 0x00,
    0x00, 0xFE, 0x00, 0x00, 0x00, 0x3F, 0x80, 0x00, 0x00, 0x0F, 0xE0, 0x00, 0x00, 0x03, 0xF8, 0x00,
    0x00, 0x00, 0xFE, 0x00, 0x00, 0x00, 0x3F, 0x80, 0x00, 0x00, 0x0F, 0xE0, 0x00, 0x00, 0x03, 0xF8,
    0x00, 0x00, 0x00, 0xFE, 0x00, 0x00, 0x00, 0x3F, 0x80, 0x00, 0x00, 0x0F, 0xE0, 0x00, 0x00, 0x03,
    0xFF, 0xFF, 0xFF, 0xFF, 0xFF, 0xFF, 0xFF, 0xFF, 0xFF, 0xFF, 0xFF, 0xFF, 0xFF, 0xFF, 0xFF, 0xFF,
    0xFF, 0xFF, 0xFF, 0xFF, 0xFF, 0xFF, 0xFF, 0xFF, 0xFC, 0xFF, 0xF8, 0x00, 0x00, 0x00, 0x1F, 0xFF,
    0xFF, 0xFC, 0x00, 0x00, 0x00, 0x3F, 0xFF, 0xFF, 0xFC, 0x00, 0x00, 0x00, 0x3F, 0xFF, 0xFF, 0xFC,
    0x00, 0x00, 0x00, 0x7F, 0xFF, 0xFF, 0xFE, 0x00, 0x00, 0x00, 0x7F, 0xFF, 0x0F, 0xFE, 0x00, 0x00,
    0x00, 0xFF, 0xF0, 0x0F, 0xFF, 0x00, 0x00, 0x00, 0xFF, 0xF0, 0x0F, 0xFF, 0x00, 0x00, 0x00, 0xFF,
    0xF0, 0x0F, 0xFF, 0x80, 0x00, 0x01, 0xFF, 0xF0, 0x0F, 0xFF, 0x80, 0x00, 0x01, 0xFF, 0xF0, 0x0F,
    0xDF, 0x80, 0x00, 0x03, 0xF7, 0xF0, 0x0F, 0xDF, 0xC0, 0x00, 0x03, 0xF7, 0xF0, 0x0F, 0xCF, 0xC0,
    0x00, 0x03, 0xE7, 0xF0, 0x0F, 0xCF, 0xE0, 0x00, 0x07, 0xE7, 0xF0, 0x0F, 0xCF, 0xE0, 0x00, 0x07,
    0xE7, 0xF0, 0x0F, 0xC7, 0xE0, 0x00, 0x0F, 0xC7, 0xF0, 0x0F, 0xC7, 0xF0, 0x00, 0x0F, 0xC7, 0xF0,
    0x0F, 0xC3, 0xF0, 0x00, 0x0F, 0x87, 0xF0, 0x0F, 0xC3, 0xF8, 0x00, 0x1F, 0x87, 0xF0, 0x0F, 0xC3,
    0xF8, 0x00, 0x1F, 0x87, 0xF0, 0x0F, 0xC1, 0xFC, 0x00, 0x3F, 0x07, 0xF0, 0x0F, 0xC1, 0xFC, 0x00,
    0x3F, 0x07, 0xF0, 0x0F, 0xC0, 0xFC, 0x00, 0x7E, 0x07, 0xF0, 0x0F, 0xC0, 0xFE, 0x00, 0x7E, 0x07,
    0xF0, 0x0F, 0xC0, 0xFE, 0x00, 0x7E, 0x07, 0xF0, 0x0F, 0xC0, 0x7F, 0x00, 0xFC, 0x07, 0xF0, 0x0F,
    0xC0, 0x7F, 0x00, 0xFC, 0x07, 0xF0, 0x0F, 0xC0, 0x3F, 0x01, 0xF8, 0x07, 0xF0, 0x0F, 0xC0, 0x3F,
    0x81, 0xF8, 0x07, 0xF0, 0x0F, 0xC0, 0x1F, 0x81, 0xF8, 0x07, 0xF0, 0x0F, 0xC0, 0x1F, 0xC3, 0xF0,
    0x07, 0xF0, 0x0F, 0xC0, 0x1F, 0xC3, 0xF0, 0x07, 0xF0, 0x0F, 0xC0, 0x0F, 0xE7, 0xE0, 0x07, 0xF0,
    0x0F, 0xC0, 0x0F, 0xE7, 0xE0, 0x07, 0xF0, 0x0F, 0xC0, 0x07, 0xE7, 0xE0, 0x07, 0xF0, 0x0F, 0xC0,
    0x07, 0xFF, 0xC0, 0x07, 0xF0, 0x0F, 0xC0, 0x07, 0xFF, 0xC0, 0x07, 0xF0, 0x0F, 0xC0, 0x03, 0xFF,
    0x80, 0x07, 0xF0, 0x0F, 0xC0, 0x03, 0xFF, 0x80, 0x07, 0xF0, 0x0F, 0xC0, 0x01, 0xFF, 0x80, 0x07,
    0xF0, 0x0F, 0xC0, 0x01, 0xFF, 0x00, 0x07, 0xF0, 0x0F, 0xC0, 0x01, 0xFF, 0x00, 0x07, 0xF0, 0xFF,
    0xC0, 0x00, 0xFE, 0x00, 0x07, 0xFF, 0xFF, 0xC0, 0x00, 0xFE, 0x00, 0x07, 0xFF, 0xFF, 0xC0, 0x00,
    0x7E, 0x00, 0x07, 0xFF, 0xFF, 0xC0, 0x00, 0x7C, 0x00, 0x07, 0xFF, 0xFF, 0xC0, 0x00, 0x7C, 0x00,
    0x07, 0xFF, 0xFF, 0xF0, 0x00, 0x00, 0x0F, 0xFF, 0xFF, 0xE0, 0x00, 0x00, 0x1F, 0xFF, 0xFF, 0xE0,
    0x00, 0x00, 0x3F, 0xFF, 0xFF, 0xE0, 0x00, 0x00, 0x7F, 0xFF, 0xFF, 0xC0, 0x00, 0x00, 0xFF, 0xE1,
    0xFF, 0xC0, 0x00, 0x01, 0xFC, 0x03, 0xFF, 0xC0, 0x00, 0x03, 0xF8, 0x07, 0xFF, 0x80, 0x00, 0x07,
    0xF0, 0x0F, 0xFF, 0x80, 0x00, 0x0F, 0xE0, 0x1F, 0xFF, 0x80, 0x00, 0x1F, 0xC0, 0x3F, 0x7F, 0x00,
    0x00, 0x3F, 0x80, 0x7E, 0xFF, 0x00, 0x00, 0x7F, 0x00, 0xFC, 0xFF, 0x00, 0x00, 0xFE, 0x01, 0xF8,
    0xFE, 0x00, 0x01, 0xFC, 0x03, 0xF1, 0xFE, 0x00, 0x03, 0xF8, 0x07, 0xE1, 0xFE, 0x00, 0x07, 0xF0,
    0x0F, 0xC1, 0xFC, 0x00, 0x0F, 0xE0, 0x1F, 0x83, 0xFC, 0x00, 0x1F, 0xC0, 0x3F, 0x03, 0xFC, 0x00,
    0x3F, 0x80, 0x7E, 0x03, 0xF8, 0x00, 0x7F, 0x00, 0xFC, 0x07, 0xF8, 0x00, 0xFE, 0x01, 0xF8, 0x07,
    0xF8, 0x01, 0xFC, 0x03, 0xF0, 0x07, 0xF0, 0x03, 0xF8, 0x07, 0xE0, 0x0F, 0xF0, 0x07, 0xF0, 0x0F,
    0xC0, 0x0F, 0xE0, 0x0F, 0xE0, 0x1F, 0x80, 0x0F, 0xE0, 0x1F, 0xC0, 0x3F, 0x00, 0x1F, 0xE0, 0x3F,
    0x80, 0x7E, 0x00, 0x1F, 0xC0, 0x7F, 0x00, 0xFC, 0x00, 0x1F, 0xC0, 0xFE, 0x01, 0xF8, 0x00, 0x1F,
    0xC1, 0xFC, 0x03, 0xF0, 0x00, 0x3F, 0x83, 0xF8, 0x07, 0xE0, 0x00, 0x3F, 0x87, 0xF0, 0x0F, 0xC0,
    0x00, 0x3F, 0x8F, 0xE0, 0x1F, 0x80, 0x00, 0x7F, 0x1F, 0xC0, 0x3F, 0x00, 0x00, 0x7F, 0x3F, 0x80,
    0x7E, 0x00, 0x00, 0x7F, 0x7F, 0x00, 0xFC, 0x00, 0x00, 0xFE, 0xFE, 0x01, 0xF8, 0x00, 0x00, 0xFF,
    0xFC, 0x03, 0xF0, 0x00, 0x00, 0xFF, 0xF8, 0x07, 0xE0, 0x00, 0x01, 0xFF, 0xF0, 0x0F, 0xC0, 0x00,
    0x01, 0xFF, 0xE0, 0x1F, 0x80, 0x00, 0x01, 0xFF, 0xC3, 0xFF, 0x00, 0x00, 0x03, 0xFF, 0x87, 0xFE,
    0x00, 0x00, 0x03, 0xFF, 0x0F, 0xFC, 0x00, 0x00, 0x03, 0xFE, 0x1F, 0xF8, 0x00, 0x00, 0x07, 0xFC,
    0x3F, 0xF0, 0x00, 0x00, 0x07, 0xF8, 0x00, 0x00, 0x00, 0x7F, 0xF0, 0x00, 0x00, 0x00, 0x1F, 0xFF,
    0xF0, 0x00, 0x00, 0x07, 0xFF, 0xFF, 0xF0, 0x00, 0x00, 0x7F, 0xFF, 0xFF, 0xC0, 0x00, 0x0F, 0xFF,
    0xFF, 0xFF, 0x80, 0x00, 0xFF, 0xFF, 0xFF, 0xFE, 0x00, 0x0F, 0xFF, 0x00, 0x7F, 0xF8, 0x00, 0xFF,
    0xC0, 0x00, 0x7F, 0xE0, 0x0F, 0xFC, 0x00, 0x01, 0xFF, 0x80, 0x7F, 0x80, 0x00, 0x07, 0xFC, 0x07,
    0xF8, 0x00, 0x00, 0x1F, 0xF0, 0x3F, 0xC0, 0x00, 0x00, 0x7F, 0x83, 0xFC, 0x00, 0x00, 0x01, 0xFE,
    0x1F, 0xC0, 0x00, 0x00, 0x07, 0xF1, 0xFE, 0x00, 0x00, 0x00, 0x3F, 0x8F, 0xF0, 0x00, 0x00, 0x01,
    0xFE, 0x7F, 0x00, 0x00, 0x00, 0x07, 0xF3, 0xF8, 0x00, 0x00, 0x00, 0x3F, 0xBF, 0xC0, 0x00, 0x00,
    0x01, 0xFD, 0xFC, 0x00, 0x00, 0x00, 0x07, 0xFF, 0xE0, 0x00, 0x00, 0x00, 0x3F, 0xFF, 0x00, 0x00,
    0x00, 0x01, 0xFF, 0xF8, 0x00, 0x00, 0x00, 0x0F, 0xFF, 0xC0, 0x00, 0x00, 0x00, 0x7F, 0xFE, 0x00,
    0x00, 0x00, 0x03, 0xFF, 0xF0, 0x00, 0x00, 0x00, 0x1F, 0xFF, 0x80, 0x00, 0x00, 0x00, 0xFF, 0xFC,
    0x00, 0x00, 0x00, 0x07, 0xFF, 0xE0, 0x00, 0x00, 0x00, 0x3F, 0xFF, 0x00, 0x00, 0x00, 0x01, 0xFF,
    0xFC, 0x00, 0x00, 0x00, 0x1F, 0xCF, 0xE0, 0x00, 0x00, 0x00, 0xFE, 0x7F, 0x00, 0x00, 0x00, 0x07,
    0xF3, 0xFC, 0x00, 0x00, 0x00, 0x7F, 0x9F, 0xE0, 0x00, 0x00, 0x03, 0xF8, 0x7F, 0x00, 0x00, 0x00,
    0x1F, 0xC3, 0xFC, 0x00, 0x00, 0x01, 0xFE, 0x0F, 0xF0, 0x00, 0x00, 0x1F, 0xE0, 0x7F, 0x80, 0x00,
    0x01, 0xFF, 0x01, 0xFE, 0x00, 0x00, 0x1F, 0xF0, 0x07, 0xFC, 0x00, 0x01, 0xFF, 0x00, 0x3F, 0xF0,
    0x00, 0x1F, 0xF8, 0x00, 0xFF, 0xF0, 0x07, 0xFF, 0x80, 0x03, 0xFF, 0xFF, 0xFF, 0xF8, 0x00, 0x0F,
    0xFF, 0xFF, 0xFF, 0x80, 0x00, 0x1F, 0xFF, 0xFF, 0xF0, 0x00, 0x00, 0x7F, 0xFF, 0xFF, 0x00, 0x00,
    0x00, 0x7F, 0xFF, 0xC0, 0x00, 0x00, 0x00, 0x7F, 0xF0, 0x00, 0x00, 0xFF, 0xFF, 0xFF, 0x00, 0x1F,
    0xFF, 0xFF, 0xFC, 0x03, 0xFF, 0xFF, 0xFF, 0xE0, 0x7F, 0xFF, 0xFF, 0xFE, 0x0F, 0xFF, 0xFF, 0xFF,
    0xF0, 0x1F, 0xFF, 0xFF, 0xFE, 0x03, 0xF8, 0x00, 0x7F, 0xE0, 0x7F, 0x00, 0x03, 0xFE, 0x0F, 0xE0,
    0x00, 0x3F, 0xC1, 0xFC, 0x00, 0x03, 0xF8, 0x3F, 0x80, 0x00, 0x7F, 0x87, 0xF0, 0x00, 0x07, 0xF0,
    0xFE, 0x00, 0x00, 0xFE, 0x1F, 0xC0, 0x00, 0x1F, 0xC3, 0xF8, 0x00, 0x03, 0xF8, 0x7F, 0x00, 0x00,
    0x7F, 0x0F, 0xE0, 0x00, 0x0F, 0xE1, 0xFC, 0x00, 0x03, 0xFC, 0x3F, 0x80, 0x00, 0x7F, 0x07, 0xF0,
    0x00, 0x1F, 0xE0, 0xFE, 0x00, 0x07, 0xFC, 0x1F, 0xC0, 0x03, 0xFF, 0x03, 0xFF, 0xFF, 0xFF, 0xE0,
    0x7F, 0xFF, 0xFF, 0xF8, 0x0F, 0xFF, 0xFF, 0xFE, 0x01, 0xFF, 0xFF, 0xFF, 0x00, 0x3F, 0xFF, 0xFF,
    0x80, 0x07, 0xFF, 0xFF, 0x80, 0x00, 0xFE, 0x00, 0x00, 0x00, 0x1F, 0xC0, 0x00, 0x00, 0x03, 0xF8,
    0x00, 0x00, 0x00, 0x7F, 0x00, 0x00, 0x00, 0x0F, 0xE0, 0x00, 0x00, 0x01, 0xFC, 0x00, 0x00, 0x00,
    0x3F, 0x80, 0x00, 0x00, 0x07, 0xF0, 0x00, 0x00, 0x00, 0xFE, 0x00, 0x00, 0x00, 0x1F, 0xC0, 0x00,
    0x00, 0x03, 0xF8, 0x00, 0x00, 0x00, 0x7F, 0x00, 0x00, 0x00, 0x0F, 0xE0, 0x00, 0x00, 0x01, 0xFC,
    0x00, 0x00, 0x03, 0xFF, 0xF8, 0x00, 0x00, 0x7F, 0xFF, 0x00, 0x00, 0x0F, 0xFF, 0xE0, 0x00, 0x01,
    0xFF, 0xFC, 0x00, 0x00, 0x3F, 0xFF, 0x80, 0x00, 0x00, 0x00, 0x00, 0x7F, 0xE0, 0x00, 0x00, 0x00,
    0x1F, 0xFF, 0xF8, 0x00, 0x00, 0x01, 0xFF, 0xFF, 0xF8, 0x00, 0x00, 0x0F, 0xFF, 0xFF, 0xF0, 0x00,
    0x00, 0xFF, 0xFF, 0xFF, 0xF0, 0x00, 0x07, 0xFF, 0xFF, 0xFF, 0xE0, 0x00, 0x3F, 0xFC, 0x03, 0xFF,
    0xC0, 0x01, 0xFF, 0x80, 0x01, 0xFF, 0x80, 0x07, 0xFC, 0x00, 0x03, 0xFE, 0x00, 0x3F, 0xE0, 0x00,
    0x07, 0xFC, 0x01, 0xFF, 0x00, 0x00, 0x0F, 0xF8, 0x07, 0xF8, 0x00, 0x00, 0x1F, 0xE0, 0x3F, 0xC0,
    0x00, 0x00, 0x3F, 0xC0, 0xFF, 0x00, 0x00, 0x00, 0xFF, 0x03, 0xF8, 0x00, 0x00, 0x01, 0xFC, 0x1F,
    0xE0, 0x00, 0x00, 0x07, 0xF8, 0x7F, 0x00, 0x00, 0x00, 0x0F, 0xE1, 0xFC, 0x00, 0x00, 0x00, 0x3F,
    0x87, 0xF0, 0x00, 0x00, 0x00, 0xFE, 0x3F, 0xC0, 0x00, 0x00, 0x03, 0xFC, 0xFE, 0x00, 0x00, 0x00,
    0x07, 0xF3, 0xF8, 0x00, 0x00, 0x00, 0x1F, 0xCF, 0xE0, 0x00, 0x00, 0x00, 0x7F, 0x3F, 0x80, 0x00,
    0x00, 0x01, 0xFC, 0xFE, 0x00, 0x00, 0x00, 0x07, 0xF3, 0xF8, 0x00, 0x00, 0x00, 0x1F, 0xCF, 0xE0,
    0x00, 0x00, 0x00, 0x7F, 0x3F, 0x80, 0x00, 0x00, 0x01, 0xFC, 0xFE, 0x00, 0x00, 0x00, 0x07, 0xF3,
    0xF8, 0x00, 0x00, 0x00, 0x1F, 0xCF, 0xE0, 0x00, 0x00, 0x00, 0x7F, 0x3F, 0xC0, 0x00, 0x00, 0x03,
    0xFC, 0x7F, 0x00, 0x00, 0x00, 0x0F, 0xE1, 0xFC, 0x00, 0x00, 0x00, 0x3F, 0x87, 0xF0, 0x00, 0x00,
    0x00, 0xFE, 0x1F, 0xE0, 0x00, 0x00, 0x07, 0xF8, 0x3F, 0x80, 0x00, 0x00, 0x1F, 0xC0, 0xFF, 0x00,
    0x00, 0x00, 0xFF, 0x01, 0xFC, 0x00, 0x00, 0x03, 0xF8, 0x07, 0xF8, 0x00, 0x00, 0x1F, 0xE0, 0x0F,
    0xF0, 0x00, 0x00, 0xFF, 0x00, 0x3F, 0xE0, 0x00, 0x07, 0xFC, 0x00, 0x7F, 0xC0, 0x00, 0x3F, 0xE0,
    0x00, 0xFF, 0x80, 0x01, 0xFF, 0x00, 0x01, 0xFF, 0xC0, 0x3F, 0xF8, 0x00, 0x03, 0xFF, 0xFF, 0xFF,
    0xC0, 0x00, 0x07, 0xFF, 0xFF, 0xFE, 0x00, 0x00, 0x0F, 0xFF, 0xFF, 0xF0, 0x00, 0x00, 0x0F, 0xFF,
    0xFF, 0x00, 0x00, 0x00, 0x07, 0xFF, 0xE0, 0x00, 0x00, 0x00, 0x07, 0xF8, 0x00, 0x00, 0x00, 0x00,
    0x7F, 0xFC, 0x00, 0x00, 0x00, 0x03, 0xFF, 0xFE, 0x00, 0x10, 0x00, 0x1F, 0xFF, 0xFF, 0x00, 0xF0,
    0x00, 0xFF, 0xFF, 0xFF, 0x07, 0xC0, 0x07, 0xF0, 0x7F, 0xFF, 0xFF, 0x00, 0x1F, 0x00, 0x3F, 0xFF,
    0xF8, 0x00, 0x18, 0x00, 0x3F, 0xFF, 0xC0, 0x00, 0x00, 0x00, 0x1F, 0xFE, 0x00, 0x00, 0x00, 0x00,
    0x1F, 0xF0, 0xFF, 0xFF, 0xFE, 0x00, 0x03, 0xFF, 0xFF, 0xFF, 0x80, 0x0F, 0xFF, 0xFF, 0xFF, 0x00,
    0x3F, 0xFF, 0xFF, 0xFF, 0x00, 0xFF, 0xFF, 0xFF, 0xFE, 0x00, 0x3F, 0xFF, 0xFF, 0xFC, 0x00, 0xFE,
    0x00, 0x1F, 0xF0, 0x03, 0xF8, 0x00, 0x3F, 0xE0, 0x0F, 0xE0, 0x00, 0x3F, 0x80, 0x3F, 0x80, 0x00,
    0xFF, 0x00, 0xFE, 0x00, 0x01, 0xFC, 0x03, 0xF8, 0x00, 0x07, 0xF0, 0x0F, 0xE0, 0x00, 0x1F, 0xC0,
    0x3F, 0x80, 0x00, 0x7F, 0x00, 0xFE, 0x00, 0x01, 0xFC, 0x03, 0xF8, 0x00, 0x07, 0xF0, 0x0F, 0xE0,
    0x00, 0x3F, 0xC0, 0x3F, 0x80, 0x00, 0xFE, 0x00, 0xFE, 0x00, 0x07, 0xF8, 0x03, 0xF8, 0x00, 0x7F,
    0xE0, 0x0F, 0xFF, 0xFF, 0xFF, 0x00, 0x3F, 0xFF, 0xFF, 0xF8, 0x00, 0xFF, 0xFF, 0xFF, 0xC0, 0x03,
    0xFF, 0xFF, 0xFE, 0x00, 0x0F, 0xFF, 0xFF, 0xE0, 0x00, 0x3F, 0xFF, 0xFE, 0x00, 0x00, 0xFE, 0x01,
    0xFE, 0x00, 0x03, 0xF8, 0x03, 0xF8, 0x00, 0x0F, 0xE0, 0x07, 0xF0, 0x00, 0x3F, 0x80, 0x0F, 0xE0,
    0x00, 0xFE, 0x00, 0x3F, 0x80, 0x03, 0xF8, 0x00, 0x7E, 0x00, 0x0F, 0xE0, 0x01, 0xFC, 0x00, 0x3F,
    0x80, 0x07, 0xF0, 0x00, 0xFE, 0x00, 0x0F, 0xC0, 0x03, 0xF8, 0x00, 0x3F, 0x80, 0x0F, 0xE0, 0x00,
    0xFE, 0x00, 0x3F, 0x80, 0x03, 0xF8, 0x00, 0xFE, 0x00, 0x07, 0xE0, 0x03, 0xF8, 0x00, 0x1F, 0xC0,
    0x0F, 0xE0, 0x00, 0x7F, 0x00, 0x3F, 0x80, 0x01, 0xFE, 0x0F, 0xFF, 0xE0, 0x03, 0xFF, 0xFF, 0xFF,
    0x80, 0x0F, 0xFF, 0xFF, 0xFE, 0x00, 0x1F, 0xFF, 0xFF, 0xF8, 0x00, 0x7F, 0xFF, 0xFF, 0xE0, 0x00,
    0x7F, 0xC0, 0x00, 0x1F, 0xF8, 0x00, 0x03, 0xFF, 0xFE, 0x00, 0x3F, 0xFF, 0xFF, 0x03, 0xFF, 0xFF,
    0xFE, 0x1F, 0xFF, 0xFF, 0xF8, 0xFF, 0xFF, 0xFF, 0xC3, 0xFF, 0x00, 0x7F, 0x1F, 0xF0, 0x00, 0x1C,
    0x7F, 0x80, 0x00, 0x03, 0xFC, 0x00, 0x00, 0x0F, 0xE0, 0x00, 0x00, 0x3F, 0x80, 0x00, 0x00, 0xFE,
    0x00, 0x00, 0x03, 0xF8, 0x00, 0x00, 0x0F, 0xE0, 0x00, 0x00, 0x3F, 0xC0, 0x00, 0x00, 0xFF, 0x00,
    0x00, 0x01, 0xFE, 0x00, 0x00, 0x07, 0xFC, 0x00, 0x00, 0x0F, 0xFC, 0x00, 0x00, 0x1F, 0xFE, 0x00,
    0x00, 0x3F, 0xFE, 0x00, 0x00, 0x7F, 0xFF, 0x00, 0x00, 0xFF, 0xFF, 0x00, 0x00, 0xFF, 0xFF, 0x00,
    0x00, 0x7F, 0xFF, 0x00, 0x00, 0x7F, 0xFE, 0x00, 0x00, 0x3F, 0xFC, 0x00, 0x00, 0x3F, 0xF0, 0x00,
    0x00, 0x3F, 0xE0, 0x00, 0x00, 0x7F, 0x80, 0x00, 0x00, 0xFF, 0x00, 0x00, 0x03, 0xFC, 0x00, 0x00,
    0x07, 0xF0, 0x00, 0x00, 0x1F, 0xC0, 0x00, 0x00, 0x7F, 0x00, 0x00, 0x01, 0xFC, 0x00, 0x00, 0x07,
    0xF0, 0x00, 0x00, 0x3F, 0xC0, 0x00, 0x00, 0xFE, 0xC0, 0x00, 0x07, 0xFB, 0xC0, 0x00, 0x3F, 0xEF,
    0xF0, 0x07, 0xFF, 0x3F, 0xFF, 0xFF, 0xF8, 0xFF, 0xFF, 0xFF, 0xE3, 0xFF, 0xFF, 0xFE, 0x07, 0xFF,
    0xFF, 0xF0, 0x03, 0xFF, 0xFF, 0x00, 0x01, 0xFF, 0xE0, 0x00, 0xFF, 0xFF, 0xFF, 0xFF, 0xFF, 0xFF,
    0xFF, 0xFF, 0xFF, 0xFF, 0xFF, 0xFF, 0xFF, 0xFF, 0xFF, 0xFF, 0xFF, 0xFF, 0xFF, 0xFF, 0xFF, 0xFF,
    0xFF, 0xFF, 0xFF, 0xFF, 0xFE, 0x00, 0x03, 0xF8, 0x00, 0x00, 0x00, 0x3F, 0x80, 0x00, 0x00, 0x03,
    0xF8, 0x00, 0x00, 0x00, 0x3F, 0x80, 0x00, 0x00, 0x03, 0xF8, 0x00, 0x00, 0x00, 0x3F, 0x80, 0x00,
    0x00, 0x03, 0xF8, 0x00, 0x00, 0x00, 0x3F, 0x80, 0x00, 0x00, 0x03, 0xF8, 0x00, 0x00, 0x00, 0x3F,
    0x80, 0x00, 0x00, 0x03, 0xF8, 0x00, 0x00, 0x00, 0x3F, 0x80, 0x00, 0x00, 0x03, 0xF8, 0x00, 0x00,
    0x00, 0x3F, 0x80, 0x00, 0x00, 0x03, 0xF8, 0x00, 0x00, 0x00, 0x3F, 0x80, 0x00, 0x00, 0x03, 0xF8,
    0x00, 0x00, 0x00, 0x3F, 0x80, 0x00, 0x00, 0x03, 0xF8, 0x00, 0x00, 0x00, 0x3F, 0x80, 0x00, 0x00,
    0x03, 0xF8, 0x00, 0x00, 0x00, 0x3F, 0x80, 0x00, 0x00, 0x03, 0xF8, 0x00, 0x00, 0x00, 0x3F, 0x80,
    0x00, 0x00, 0x03, 0xF8, 0x00, 0x00, 0x00, 0x3F, 0x80, 0x00, 0x00, 0x03, 0xF8, 0x00, 0x00, 0x00,
    0x3F, 0x80, 0x00, 0x00, 0x03, 0xF8, 0x00, 0x00, 0x00, 0x3F, 0x80, 0x00, 0x00, 0x03, 0xF8, 0x00,
    0x00, 0x00, 0x3F, 0x80, 0x00, 0x00, 0x03, 0xF8, 0x00, 0x00, 0x00, 0x3F, 0x80, 0x00, 0x00, 0x03,
    0xF8, 0x00, 0x00, 0x00, 0x3F, 0x80, 0x00, 0x00, 0x3F, 0xFF, 0x80, 0x00, 0x03, 0xFF, 0xF8, 0x00,
    0x00, 0x3F, 0xFF, 0x80, 0x00, 0x03, 0xFF, 0xF8, 0x00, 0x00, 0x3F, 0xFF, 0x80, 0x00, 0xFF, 0xE0,
    0x00, 0x00, 0x3F, 0xFF, 0xFE, 0x00, 0x00, 0x03, 0xFF, 0xFF, 0xE0, 0x00, 0x00, 0x3F, 0xFF, 0xFE,
    0x00, 0x00, 0x03, 0xFF, 0xFF, 0xE0, 0x00, 0x00, 0x3F, 0xF0, 0xFE, 0x00, 0x00, 0x03, 0xF0, 0x0F,
    0xE0, 0x00, 0x00, 0x3F, 0x00, 0xFE, 0x00, 0x00, 0x03, 0xF0, 0x0F, 0xE0, 0x00, 0x00, 0x3F, 0x00,
    0xFE, 0x00, 0x00, 0x03, 0xF0, 0x0F, 0xE0, 0x00, 0x00, 0x3F, 0x00, 0xFE, 0x00, 0x00, 0x03, 0xF0,
    0x0F, 0xE0, 0x00, 0x00, 0x3F, 0x00, 0xFE, 0x00, 0x00, 0x03, 0xF0, 0x0F, 0xE0, 0x00, 0x00, 0x3F,
    0x00, 0xFE, 0x00, 0x00, 0x03, 0xF0, 0x0F, 0xE0, 0x00, 0x00, 0x3F, 0x00, 0xFE, 0x00, 0x00, 0x03,
    0xF0, 0x0F, 0xE0, 0x00, 0x00, 0x3F, 0x00, 0xFE, 0x00, 0x00, 0x03, 0xF0, 0x0F, 0xE0, 0x00, 0x00,
    0x3F, 0x00, 0xFE, 0x00, 0x00, 0x03, 0xF0, 0x0F, 0xE0, 0x00, 0x00, 0x3F, 0x00, 0xFE, 0x00, 0x00,
    0x03, 0xF0, 0x0F, 0xE0, 0x00, 0x00, 0x3F, 0x00, 0xFE, 0x00, 0x00, 0x03, 0xF0, 0x0F, 0xE0, 0x00,
    0x00, 0x3F, 0x00, 0xFE, 0x00, 0x00, 0x03, 0xF0, 0x0F, 0xE0, 0x00, 0x00, 0x3F, 0x00, 0xFE, 0x00,
    0x00, 0x03, 0xF0, 0x0F, 0xE0, 0x00, 0x00, 0x3F, 0x00, 0xFE, 0x00, 0x00, 0x03, 0xF0, 0x0F, 0xE0,
    0x00, 0x00, 0x3F, 0x00, 0xFE, 0x00, 0x00, 0x03, 0xF0, 0x0F, 0xE0, 0x00, 0x00, 0x3F, 0x00, 0xFF,
    0x00, 0x00, 0x07, 0xF0, 0x07, 0xF0, 0x00, 0x00, 0x7F, 0x00, 0x7F, 0x80, 0x00, 0x0F, 0xE0, 0x07,
    0xF8, 0x00, 0x00, 0xFE, 0x00, 0x3F, 0xC0, 0x00, 0x1F, 0xE0, 0x03, 0xFF, 0x00, 0x07, 0xFC, 0x00,
    0x1F, 0xFC, 0x01, 0xFF, 0x80, 0x01, 0xFF, 0xFF, 0xFF, 0xF8, 0x00, 0x0F, 0xFF, 0xFF, 0xFF, 0x00,
    0x00, 0x7F, 0xFF, 0xFF, 0xE0, 0x00, 0x01, 0xFF, 0xFF, 0xF8, 0x00, 0x00, 0x07, 0xFF, 0xFE, 0x00,
    0x00, 0x00, 0x07, 0xFF, 0x00, 0x00, 0xFF, 0xC0, 0x00, 0x00, 0x1F, 0xFF, 0xFC, 0x00, 0x00, 0x01,
    0xFF, 0xFF, 0xC0, 0x00, 0x00, 0x1F, 0xFF, 0xFE, 0x00, 0x00, 0x03, 0xFF, 0xFF, 0xE0, 0x00, 0x00,
    0x3F, 0xF0, 0xFE, 0x00, 0x00, 0x03, 0xF0, 0x07, 0xF0, 0x00, 0x00, 0x7E, 0x00, 0x7F, 0x00, 0x00,
    0x07, 0xE0, 0x07, 0xF0, 0x00, 0x00, 0x7E, 0x00, 0x3F, 0x80, 0x00, 0x0F, 0xC0, 0x03, 0xF8, 0x00,
    0x00, 0xFC, 0x00, 0x3F, 0x80, 0x00, 0x0F, 0xC0, 0x01, 0xFC, 0x00, 0x01, 0xF8, 0x00, 0x1F, 0xC0,
    0x00, 0x1F, 0x80, 0x01, 0xFC, 0x00, 0x03, 0xF8, 0x00, 0x0F, 0xE0, 0x00, 0x3F, 0x00, 0x00, 0xFE,
    0x00, 0x03, 0xF0, 0x00, 0x0F, 0xE0, 0x00, 0x7F, 0x00, 0x00, 0x7F, 0x00, 0x07, 0xE0, 0x00, 0x07,
    0xF0, 0x00, 0x7E, 0x00, 0x00, 0x3F, 0x00, 0x0F, 0xC0, 0x00, 0x03, 0xF8, 0x00, 0xFC, 0x00, 0x00,
    0x3F, 0x80, 0x0F, 0xC0, 0x00, 0x01, 0xFC, 0x01, 0xF8, 0x00, 0x00, 0x1F, 0xC0, 0x1F, 0x80, 0x00,
    0x01, 0xFC, 0x01, 0xF8, 0x00, 0x00, 0x0F, 0xE0, 0x3F, 0x00, 0x00, 0x00, 0xFE, 0x03, 0xF0, 0x00,
    0x00, 0x0F, 0xE0, 0x3F, 0x00, 0x00, 0x00, 0x7F, 0x07, 0xE0, 0x00, 0x00, 0x07, 0xF0, 0x7E, 0x00,
    0x00, 0x00, 0x7F, 0x07, 0xE0, 0x00, 0x00, 0x03, 0xF8, 0xFC, 0x00, 0x00, 0x00, 0x3F, 0x8F, 0xC0,
    0x00, 0x00, 0x03, 0xF8, 0xFC, 0x00, 0x00, 0x00, 0x1F, 0xDF, 0x80, 0x00, 0x00, 0x01, 0xFD, 0xF8,
    0x00, 0x00, 0x00, 0x1F, 0xDF, 0x80, 0x00, 0x00, 0x00, 0xFF, 0xF0, 0x00, 0x00, 0x00, 0x0F, 0xFF,
    0x00, 0x00, 0x00, 0x00, 0x7F, 0xE0, 0x00, 0x00, 0x00, 0x07, 0xFE, 0x00, 0x00, 0x00, 0x00, 0x7F,
    0xE0, 0x00, 0x00, 0x00, 0x03, 0xFC, 0x00, 0x00, 0x00, 0x00, 0x3F, 0xC0, 0x00, 0x00, 0x00, 0x03,
    0xFC, 0x00, 0x00, 0x00, 0x00, 0x1F, 0x80, 0x00, 0x00, 0xFF, 0x80, 0x00, 0x03, 0xF8, 0x00, 0x00,
    0x7F, 0xDF, 0xF0, 0x00, 0x00, 0xFF, 0x00, 0x00, 0x0F, 0xFF, 0xFF, 0x00, 0x00, 0x1F, 0xE0, 0x00,
    0x01, 0xFF, 0xFF, 0xE0, 0x00, 0x03, 0xFE, 0x00, 0x00, 0x3F, 0xFF, 0xFC, 0x00, 0x00, 0x7F, 0xC0,
    0x00, 0x0F, 0xFE, 0x1F, 0xC0, 0x00, 0x1F, 0xF8, 0x00, 0x01, 0xFC, 0x03, 0xF8, 0x00, 0x03, 0xFF,
    0x80, 0x00, 0x3F, 0x00, 0x7F, 0x00, 0x00, 0x7F, 0xF0, 0x00, 0x0F, 0xE0, 0x07, 0xE0, 0x00, 0x1F,
    0xFE, 0x00, 0x01, 0xFC, 0x00, 0xFE, 0x00, 0x03, 0xFF, 0xC0, 0x00, 0x3F, 0x00, 0x1F, 0xC0, 0x00,
    0x7F, 0xFC, 0x00, 0x07, 0xE0, 0x03, 0xF8, 0x00, 0x0F, 0xFF, 0x80, 0x01, 0xFC, 0x00, 0x3F, 0x80,
    0x03, 0xF7, 0xF0, 0x00, 0x3F, 0x80, 0x07, 0xF0, 0x00, 0x7E, 0x7F, 0x00, 0x07, 0xE0, 0x00, 0xFE,
    0x00, 0x0F, 0xCF, 0xE0, 0x01, 0xFC, 0x00, 0x0F, 0xC0, 0x03, 0xF1, 0xFC, 0x00, 0x3F, 0x80, 0x01,
    0xFC, 0x00, 0x7E, 0x3F, 0x80, 0x07, 0xE0, 0x00, 0x3F, 0x80, 0x0F, 0xC3, 0xF8, 0x00, 0xFC, 0x00,
    0x07, 0xF0, 0x01, 0xF8, 0x7F, 0x00, 0x3F, 0x80, 0x00, 0x7E, 0x00, 0x7E, 0x0F, 0xE0, 0x07, 0xE0,
    0x00, 0x0F, 0xE0, 0x0F, 0xC0, 0xFC, 0x00, 0xFC, 0x00, 0x01, 0xFC, 0x01, 0xF8, 0x1F, 0xC0, 0x3F,
    0x80, 0x00, 0x3F, 0x80, 0x7E, 0x03, 0xF8, 0x07, 0xF0, 0x00, 0x03, 0xF8, 0x0F, 0xC0, 0x7F, 0x00,
    0xFC, 0x00, 0x00, 0x7F, 0x01, 0xF8, 0x07, 0xF0, 0x1F, 0x80, 0x00, 0x0F, 0xE0, 0x3F, 0x00, 0xFE,
    0x07, 0xF0, 0x00, 0x00, 0xFC, 0x0F, 0xC0, 0x1F, 0xC0, 0xFC, 0x00, 0x00, 0x1F, 0xC1, 0xF8, 0x01,
    0xF8, 0x1F, 0x80, 0x00, 0x03, 0xF8, 0x3F, 0x00, 0x3F, 0x87, 0xF0, 0x00, 0x00, 0x7F, 0x0F, 0xC0,
    0x07, 0xF0, 0xFC, 0x00, 0x00, 0x07, 0xF1, 0xF8, 0x00, 0xFE, 0x1F, 0x80, 0x00, 0x00, 0xFE, 0x3F,
    0x00, 0x0F, 0xE3, 0xF0, 0x00, 0x00, 0x1F, 0xC7, 0xE0, 0x01, 0xFC, 0xFE, 0x00, 0x00, 0x01, 0xF9,
    0xF8, 0x00, 0x3F, 0x9F, 0x80, 0x00, 0x00, 0x3F, 0xBF, 0x00, 0x03, 0xF3, 0xF0, 0x00, 0x00, 0x07,
    0xF7, 0xE0, 0x00, 0x7F, 0xFE, 0x00, 0x00, 0x00, 0xFF, 0xF8, 0x00, 0x0F, 0xFF, 0x80, 0x00, 0x00,
    0x0F, 0xFF, 0x00, 0x01, 0xFF, 0xF0, 0x00, 0x00, 0x01, 0xFF, 0xE0, 0x00, 0x1F, 0xFE, 0x00, 0x00,
    0x00, 0x3F, 0xFC, 0x00, 0x03, 0xFF, 0x80, 0x00, 0x00, 0x03, 0xFF, 0x00, 0x00, 0x7F, 0xF0, 0x00,
    0x00, 0x00, 0x7F, 0xE0, 0x00, 0x07, 0xFE, 0x00, 0x00, 0x00, 0x0F, 0xFC, 0x00, 0x00, 0xFF, 0xC0,
    0x00, 0x00, 0x01, 0xFF, 0x00, 0x00, 0x1F, 0xF0, 0x00, 0x00, 0x00, 0x1F, 0xE0, 0x00, 0x03, 0xFE,
    0x00, 0x00, 0x00, 0x03, 0xFC, 0x00, 0x00, 0x3F, 0xC0, 0x00, 0x00, 0x00, 0x7F, 0x80, 0x00, 0x07,
    0xF0, 0x00, 0x00, 0x7F, 0xC0, 0x00, 0x00, 0x7F, 0x8F, 0xFC, 0x00, 0x00, 0x1F, 0xF1, 0xFF, 0xC0,
    0x00, 0x07, 0xFE, 0x3F, 0xF8, 0x00, 0x00, 0xFF, 0xC7, 0xFF, 0x80, 0x00, 0x3F, 0xF8, 0x07, 0xF8,
    0x00, 0x0F, 0xE0, 0x00, 0x7F, 0x00, 0x01, 0xF8, 0x00, 0x0F, 0xF0, 0x00, 0x7F, 0x00, 0x00, 0xFF,
    0x00, 0x1F, 0xC0, 0x00, 0x0F, 0xE0, 0x03, 0xF0, 0x00, 0x01, 0xFE, 0x00, 0xFE, 0x00, 0x00, 0x1F,
    0xE0, 0x3F, 0x80, 0x00, 0x01, 0xFC, 0x07, 0xE0, 0x00, 0x00, 0x3F, 0xC1, 0xFC, 0x00, 0x00, 0x03,
    0xFC, 0x7F, 0x00, 0x00, 0x00, 0x3F, 0x8F, 0xC0, 0x00, 0x00, 0x07, 0xFB, 0xF8, 0x00, 0x00, 0x00,
    0x7F, 0xFE, 0x00, 0x00, 0x00, 0x07, 0xFF, 0x80, 0x00, 0x00, 0x00, 0xFF, 0xF0, 0x00, 0x00, 0x00,
    0x0F, 0xFC, 0x00, 0x00, 0x00, 0x00, 0xFF, 0x00, 0x00, 0x00, 0x00, 0x1F, 0xE0, 0x00, 0x00, 0x00,
    0x03, 0xFE, 0x00, 0x00, 0x00, 0x00, 0x7F, 0xE0, 0x00, 0x00, 0x00, 0x1F, 0xFC, 0x00, 0x00, 0x00,
    0x07, 0xFF, 0xC0, 0x00, 0x00, 0x00, 0xFF, 0xFC, 0x00, 0x00, 0x00, 0x3F, 0xFF, 0x80, 0x00, 0x00,
    0x0F, 0xE7, 0xF8, 0x00, 0x00, 0x01, 0xF8, 0x7F, 0x80, 0x00, 0x00, 0x7F, 0x0F, 0xF0, 0x00, 0x00,
    0x1F, 0xC0, 0xFF, 0x00, 0x00, 0x03, 0xF0, 0x0F, 0xF0, 0x00, 0x00, 0xFE, 0x01, 0xFE, 0x00, 0x00,
    0x3F, 0x80, 0x1F, 0xE0, 0x00, 0x07, 0xE0, 0x01, 0xFC, 0x00, 0x01, 0xFC, 0x00, 0x3F, 0xC0, 0x00,
    0x7F, 0x00, 0x03, 0xFC, 0x00, 0x0F, 0xC0, 0x00, 0x3F, 0x80, 0x03, 0xF8, 0x00, 0x07, 0xF8, 0x00,
    0xFE, 0x00, 0x00, 0x7F, 0x83, 0xFF, 0x80, 0x00, 0x07, 0xFF, 0xFF, 0xF0, 0x00, 0x00, 0xFF, 0xFF,
    0xFC, 0x00, 0x00, 0x0F, 0xFF, 0xFF, 0x00, 0x00, 0x00, 0xFF, 0xFF, 0xE0, 0x00, 0x00, 0x1F, 0xF8,
    0xFF, 0x00, 0x00, 0x00, 0xFF, 0xFF, 0x80, 0x00, 0x00, 0xFF, 0xFF, 0xC0, 0x00, 0x01, 0xFF, 0xFF,
    0xC0, 0x00, 0x03, 0xFF, 0xFF, 0xE0, 0x00, 0x03, 0xFF, 0x0F, 0xE0, 0x00, 0x07, 0xF0, 0x07, 0xF0,
    0x00, 0x07, 0xE0, 0x07, 0xF8, 0x00, 0x0F, 0xE0, 0x03, 0xF8, 0x00, 0x1F, 0xC0, 0x01, 0xFC, 0x00,
    0x1F, 0x80, 0x01, 0xFE, 0x00, 0x3F, 0x80, 0x00, 0xFE, 0x00, 0x3F, 0x00, 0x00, 0xFF, 0x00, 0x7F,
    0x00, 0x00, 0x7F, 0x00, 0x7E, 0x00, 0x00, 0x3F, 0x80, 0xFE, 0x00, 0x00, 0x3F, 0xC1, 0xFC, 0x00,
    0x00, 0x1F, 0xC1, 0xF8, 0x00, 0x00, 0x0F, 0xE3, 0xF8, 0x00, 0x00, 0x0F, 0xF3, 0xF0, 0x00, 0x00,
    0x07, 0xF7, 0xF0, 0x00, 0x00, 0x07, 0xFF, 0xE0, 0x00, 0x00, 0x03, 0xFF, 0xE0, 0x00, 0x00, 0x01,
    0xFF, 0xC0, 0x00, 0x00, 0x01, 0xFF, 0x80, 0x00, 0x00, 0x00, 0xFF, 0x80, 0x00, 0x00, 0x00, 0x7F,
    0x00, 0x00, 0x00, 0x00, 0x7F, 0x00, 0x00, 0x00, 0x00, 0x7F, 0x00, 0x00, 0x00, 0x00, 0x7F, 0x00,
    0x00, 0x00, 0x00, 0x7F, 0x00, 0x00, 0x00, 0x00, 0x7F, 0x00, 0x00, 0x00, 0x00, 0x7F, 0x00, 0x00,
    0x00, 0x00, 0x7F, 0x00, 0x00, 0x00, 0x00, 0x7F, 0x00, 0x00, 0x00, 0x00, 0x7F, 0x00, 0x00, 0x00,
    0x00, 0x7F, 0x00, 0x00, 0x00, 0x00, 0x7F, 0x00, 0x00, 0x00, 0x00, 0x7F, 0x00, 0x00, 0x00, 0x00,
    0x7F, 0x00, 0x00, 0x00, 0x00, 0x7F, 0x00, 0x00, 0x00, 0x00, 0x7F, 0x00, 0x00, 0x00, 0x00, 0x7F,
    0x00, 0x00, 0x00, 0x07, 0xFF, 0xF0, 0x00, 0x00, 0x07, 0xFF, 0xF0, 0x00, 0x00, 0x07, 0xFF, 0xF0,
    0x00, 0x00, 0x07, 0xFF, 0xF0, 0x00, 0x00, 0x07, 0xFF, 0xF0, 0x00, 0xFF, 0xFF, 0xFF, 0xFF, 0xFF,
    0xFF, 0xFF, 0xFF, 0xFF, 0xFF, 0xFF, 0xFF, 0xFF, 0xFF, 0xFF, 0xFF, 0xFF, 0xFF, 0xFF, 0xFF, 0xFF,
    0xFF, 0xFF, 0xFF, 0xFF, 0xF0, 0x00, 0x00, 0x03, 0xF8, 0x00, 0x00, 0x01, 0xFC, 0x00, 0x00, 0x00,
    0xFE, 0x00, 0x00, 0x00, 0x7F, 0x80, 0x00, 0x00, 0x1F, 0xC0, 0x00, 0x00, 0x0F, 0xE0, 0x00, 0x00,
    0x07, 0xF0, 0x00, 0x00, 0x03, 0xFC, 0x00, 0x00, 0x00, 0xFE, 0x00, 0x00, 0x00, 0x7F, 0x00, 0x00,
    0x00, 0x3F, 0x80, 0x00, 0x00, 0x1F, 0xE0, 0x00, 0x00, 0x07, 0xF0, 0x00, 0x00, 0x03, 0xF8, 0x00,
    0x00, 0x01, 0xFC, 0x00, 0x00, 0x00, 0xFF, 0x00, 0x00, 0x00, 0x3F, 0x80, 0x00, 0x00, 0x1F, 0xC0,
    0x00, 0x00, 0x0F, 0xF0, 0x00, 0x00, 0x07, 0xF8, 0x00, 0x00, 0x01, 0xFC, 0x00, 0x00, 0x00, 0xFE,
    0x00, 0x00, 0x00, 0x7F, 0x80, 0x00, 0x00, 0x3F, 0xC0, 0x00, 0x00, 0x0F, 0xE0, 0x00, 0x00, 0x07,
    0xF0, 0x00, 0x00, 0x03, 0xFC, 0x00, 0x00, 0x01, 0xFE, 0x00, 0x00, 0x00, 0x7F, 0x00, 0x00, 0x00,
    0x3F, 0x80, 0x00, 0x00, 0x1F, 0xE0, 0x00, 0x00, 0x0F, 0xF0, 0x00, 0x00, 0x03, 0xF8, 0x00, 0x00,
    0x01, 0xFC, 0x00, 0x00, 0x00, 0xFF, 0x00, 0x00, 0x00, 0x3F, 0xFF, 0xFF, 0xFF, 0xFF, 0xFF, 0xFF,
    0xFF, 0xFF, 0xFF, 0xFF, 0xFF, 0xFF, 0xFF, 0xFF, 0xFF, 0xFF, 0xFF, 0xFF, 0xFF, 0xFF, 0xFF, 0xFF,
    0xFF, 0xFF, 0xFC, 0xFF, 0xFF, 0xFF, 0xFF, 0xFF, 0xFF, 0xFF, 0xF0, 0x3E, 0x07, 0xC0, 0xF8, 0x1F,
    0x03, 0xE0, 0x7C, 0x0F, 0x81, 0xF0, 0x3E, 0x07, 0xC0, 0xF8, 0x1F, 0x03, 0xE0, 0x7C, 0x0F, 0x81,
    0xF0, 0x3E, 0x07, 0xC0, 0xF8, 0x1F, 0x03, 0xE0, 0x7C, 0x0F, 0x81, 0xF0, 0x3E, 0x07, 0xC0, 0xF8,
    0x1F, 0x03, 0xE0, 0x7C, 0x0F, 0x81, 0xF0, 0x3E, 0x07, 0xC0, 0xF8, 0x1F, 0x03, 0xE0, 0x7C, 0x0F,
    0x81, 0xF0, 0x3E, 0x07, 0xC0, 0xF8, 0x1F, 0x03, 0xE0, 0x7F, 0xFF, 0xFF, 0xFF, 0xFF, 0xFF, 0xFF,
    0xFF, 0xE0, 0x3C, 0x00, 0x00, 0x7E, 0x00, 0x00, 0x3F, 0x80, 0x00, 0x0F, 0xC0, 0x00, 0x07, 0xE0,
    0x00, 0x01, 0xF8, 0x00, 0x00, 0xFC, 0x00, 0x00, 0x3F, 0x00, 0x00, 0x1F, 0x80, 0x00, 0x0F, 0xC0,
    0x00, 0x03, 0xF0, 0x00, 0x01, 0xF8, 0x00, 0x00, 0x7E, 0x00, 0x00, 0x3F, 0x00, 0x00, 0x1F, 0xC0,
    0x00, 0x07, 0xE0, 0x00, 0x03, 0xF0, 0x00, 0x00, 0xFC, 0x00, 0x00, 0x7E, 0x00, 0x00, 0x3F, 0x80,
    0x00, 0x0F, 0xC0, 0x00, 0x07, 0xE0, 0x00, 0x01, 0xF8, 0x00, 0x00, 0xFC, 0x00, 0x00, 0x3F, 0x00,
    0x00, 0x1F, 0x80, 0x00, 0x0F, 0xC0, 0x00, 0x03, 0xF0, 0x00, 0x01, 0xF8, 0x00, 0x00, 0x7E, 0x00,
    0x00, 0x3F, 0x00, 0x00, 0x1F, 0xC0, 0x00, 0x07, 0xE0, 0x00, 0x03, 0xF0, 0x00, 0x00, 0xFC, 0x00,
    0x00, 0x7E, 0x00, 0x00, 0x1F, 0x80, 0x00, 0x0F, 0xC0, 0x00, 0x07, 0xE0, 0x00, 0x01, 0xF8, 0x00,
    0x00, 0xFC, 0x00, 0x00, 0x3F, 0x00, 0x00, 0x1F, 0x80, 0x00, 0x0F, 0xC0, 0x00, 0x03, 0xF0, 0x00,
    0x01, 0xF8, 0x00, 0x00, 0x7E, 0x00, 0x00, 0x3E, 0x00, 0x00, 0x0C, 0x00, 0xFF, 0xFF, 0xFF, 0xFF,
    0xFF, 0xFF, 0xFE, 0x0F, 0xC1, 0xF8, 0x3F, 0x07, 0xE0, 0xFC, 0x1F, 0x83, 0xF0, 0x7E, 0x0F, 0xC1,
    0xF8, 0x3F, 0x07, 0xE0, 0xFC, 0x1F, 0x83, 0xF0, 0x7E, 0x0F, 0xC1, 0xF8, 0x3F, 0x07, 0xE0, 0xFC,
    0x1F, 0x83, 0xF0, 0x7E, 0x0F, 0xC1, 0xF8, 0x3F, 0x07, 0xE0, 0xFC, 0x1F, 0x83, 0xF0, 0x7E, 0x0F,
    0xC1, 0xF8, 0x3F, 0x07, 0xE0, 0xFC, 0x1F, 0x83, 0xF0, 0x7E, 0x0F, 0xC1, 0xF8, 0x3F, 0x07, 0xE0,
    0xFC, 0x1F, 0xFF, 0xFF, 0xFF, 0xFF, 0xFF, 0xFF, 0xFF, 0xFF, 0xE0, 0x00, 0x03, 0xF0, 0x00, 0x00,
    0x00, 0xFE, 0x00, 0x00, 0x00, 0x7F, 0x80, 0x00, 0x00, 0x1F, 0xF0, 0x00, 0x00, 0x0F, 0xFC, 0x00,
    0x00, 0x03, 0xFF, 0x80, 0x00, 0x01, 0xFF, 0xE0, 0x00, 0x00, 0x7F, 0xFC, 0x00, 0x00, 0x3F, 0x3F,
    0x00, 0x00, 0x0F, 0xCF, 0xE0, 0x00, 0x07, 0xE1, 0xF8, 0x00, 0x03, 0xF8, 0x7F, 0x00, 0x00, 0xFC,
    0x0F, 0xE0, 0x00, 0x7F, 0x03, 0xF8, 0x00, 0x1F, 0x80, 0x7F, 0x00, 0x0F, 0xE0, 0x1F, 0xC0, 0x03,
    0xF0, 0x03, 0xF8, 0x01, 0xFC, 0x00, 0x7E, 0x00, 0x7E, 0x00, 0x1F, 0xC0, 0x3F, 0x80, 0x03, 0xF0,
    0x0F, 0xC0, 0x00, 0xFE, 0x07, 0xF0, 0x00, 0x1F, 0x81, 0xF8, 0x00, 0x07, 0xF0, 0xFC, 0x00, 0x00,
    0xFC, 0x3F, 0x00, 0x00, 0x3F, 0x9F, 0x80, 0x00, 0x07, 0xFF, 0xE0, 0x00, 0x01, 0xFD, 0xF0, 0x00,
    0x00, 0x3E, 0x1C, 0x00, 0x00, 0x0E, 0x00, 0xFF, 0xFF, 0xFF, 0xFF, 0xFF, 0xFF, 0xFF, 0xFF, 0xFF,
    0xFF, 0xFF, 0xFF, 0xFF, 0xFF, 0xFF, 0xFF, 0xFF, 0xFF, 0xFF, 0xFF, 0xF8, 0xFE, 0x00, 0xFE, 0x00,
    0xFC, 0x00, 0xFC, 0x00, 0xFC, 0x01, 0xFC, 0x01, 0xF8, 0x01, 0xF8, 0x01, 0xF8, 0x01, 0xF8, 0x03,
    0xF0, 0x03, 0xF0, 0x00, 0x7F, 0xC0, 0x00, 0x03, 0xFF, 0xFC, 0x00, 0x07, 0xFF, 0xFF, 0x80, 0x01,
    0xFF, 0xFF, 0xE0, 0x00, 0xFF, 0xFF, 0xF8, 0x00, 0x7C, 0x07, 0xFC, 0x00, 0x10, 0x00, 0xFF, 0x00,
    0x00, 0x00, 0x3F, 0x80, 0x00, 0x00, 0x0F, 0xE0, 0x00, 0x00, 0x07, 0xF0, 0x00, 0x3F, 0x83, 0xF8,
    0x00, 0xFF, 0xF9, 0xFC, 0x00, 0xFF, 0xFF, 0xFE, 0x00, 0xFF, 0xFF, 0xFF, 0x00, 0xFF, 0xFF, 0xFF,
    0x80, 0xFF, 0x80, 0xFF, 0xC0, 0x7F, 0x80, 0x1F, 0xE0, 0x3F, 0x80, 0x07, 0xF0, 0x3F, 0xC0, 0x01,
    0xF8, 0x1F, 0xC0, 0x00, 0xFC, 0x0F, 0xE0, 0x00, 0x7E, 0x07, 0xF0, 0x00, 0x3F, 0x03, 0xF8, 0x00,
    0x1F, 0x81, 0xFC, 0x00, 0x0F, 0xC0, 0xFF, 0x00, 0x07, 0xE0, 0x7F, 0x80, 0x07, 0xF0, 0x1F, 0xE0,
    0x07, 0xF8, 0x8F, 0xFC, 0x0F, 0xFF, 0xE3, 0xFF, 0xFF, 0xFF, 0xF0, 0xFF, 0xFF, 0xFF, 0xFC, 0x3F,
    0xFF, 0xCF, 0xF8, 0x0F, 0xFF, 0x83, 0xF0, 0x00, 0xFF, 0x00, 0x00, 0x00, 0x07, 0x00, 0x00, 0x00,
    0x01, 0xFE, 0x00, 0x00, 0x00, 0x1F, 0xF8, 0x00, 0x00, 0x01, 0xFF, 0xE0, 0x00, 0x00, 0x07, 0xFF,
    0x00, 0x00, 0x00, 0x3B, 0xF8, 0x00, 0x00, 0x00, 0x0F, 0xC0, 0x00, 0x00, 0x00, 0x7E, 0x00, 0x00,
    0x00, 0x03, 0xF0, 0x00, 0x00, 0x00, 0x1F, 0x80, 0x00, 0x00, 0x00, 0xFC, 0x00, 0x00, 0x00, 0x07,
    0xE0, 0x00, 0x00, 0x00, 0x3F, 0x00, 0x00, 0x00, 0x01, 0xF8, 0x00, 0x00, 0x00, 0x0F, 0xC0, 0x00,
    0x00, 0x00, 0x7E, 0x00, 0x00, 0x00, 0x03, 0xF0, 0x00, 0x00, 0x00, 0x1F, 0x80, 0x00, 0x00, 0x00,
    0xFC, 0x00, 0x00, 0x00, 0x07, 0xE0, 0x7F, 0xC0, 0x00, 0x3F, 0x0F, 0xFF, 0x80, 0x01, 0xF9, 0xFF,
    0xFF, 0x00, 0x0F, 0xDF, 0xFF, 0xFC, 0x00, 0x7F, 0xFF, 0xFF, 0xF0, 0x03, 0xFF, 0xE0, 0x7F, 0xC0,
    0x1F, 0xFC, 0x00, 0xFF, 0x00, 0xFF, 0xC0, 0x03, 0xF8, 0x07, 0xFC, 0x00, 0x1F, 0xE0, 0x3F, 0xC0,
    0x00, 0x7F, 0x01, 0xFE, 0x00, 0x03, 0xF8, 0x0F, 0xE0, 0x00, 0x0F, 0xE0, 0x7F, 0x00, 0x00, 0x7F,
    0x03, 0xF8, 0x00, 0x03, 0xF8, 0x1F, 0x80, 0x00, 0x1F, 0xC0, 0xFC, 0x00, 0x00, 0xFE, 0x07, 0xE0,
    0x00, 0x07, 0xF0, 0x3F, 0x00, 0x00, 0x3F, 0x81, 0xF8, 0x00, 0x01, 0xFC, 0x0F, 0xE0, 0x00, 0x0F,
    0xE0, 0x7F, 0x00, 0x00, 0x7F, 0x03, 0xF8, 0x00, 0x03, 0xF8, 0x1F, 0xE0, 0x00, 0x3F, 0x80, 0xFF,
    0x80, 0x01, 0xFC, 0x07, 0xFC, 0x00, 0x1F, 0xE0, 0x3F, 0xF8, 0x01, 0xFE, 0x01, 0xFF, 0xF0, 0x3F,
    0xF0, 0x0F, 0xFF, 0xFF, 0xFF, 0x00, 0x7F, 0xFF, 0xFF, 0xF0, 0x03, 0xF7, 0xFF, 0xFF, 0x00, 0x1F,
    0x8F, 0xFF, 0xF0, 0x00, 0xFC, 0x3F, 0xFE, 0x00, 0x00, 0x00, 0x3F, 0xC0, 0x00, 0x00, 0x0F, 0xF8,
    0x00, 0x1F, 0xFF, 0xC0, 0x1F, 0xFF, 0xFC, 0x0F, 0xFF, 0xFF, 0x07, 0xFF, 0xFF, 0xC3, 0xFE, 0x01,
    0xE1, 0xFE, 0x00, 0x08, 0xFF, 0x00, 0x00, 0x3F, 0x80, 0x00, 0x1F, 0xE0, 0x00, 0x07, 0xF0, 0x00,
    0x01, 0xFC, 0x00, 0x00, 0xFE, 0x00, 0x00, 0x3F, 0x80, 0x00, 0x0F, 0xE0, 0x00, 0x03, 0xF8, 0x00,
    0x00, 0xFE, 0x00, 0x00, 0x3F, 0x80, 0x00, 0x0F, 0xE0, 0x00, 0x03, 0xF8, 0x00, 0x00, 0xFE, 0x00,
    0x00, 0x1F, 0xC0, 0x00, 0x07, 0xF0, 0x00, 0x01, 0xFE, 0x00, 0x00, 0x3F, 0x80, 0x00, 0x0F, 0xF0,
    0x00, 0x01, 0xFE, 0x00, 0x0C, 0x3F, 0xE0, 0x1F, 0x07, 0xFF, 0xFF, 0xC0, 0xFF, 0xFF, 0xF0, 0x1F,
    0xFF, 0xFC, 0x01, 0xFF, 0xFC, 0x00, 0x0F, 0xF8, 0x00, 0x00, 0x00, 0x01, 0xC0, 0x00, 0x00, 0x00,
    0x7F, 0xC0, 0x00, 0x00, 0x07, 0xFF, 0x00, 0x00, 0x00, 0x7F, 0xFC, 0x00, 0x00, 0x01, 0xFF, 0xE0,
    0x00, 0x00, 0x0E, 0xFF, 0x00, 0x00, 0x00, 0x03, 0xF8, 0x00, 0x00, 0x00, 0x1F, 0xC0, 0x00, 0x00,
    0x00, 0xFE, 0x00, 0x00, 0x00, 0x07, 0xF0, 0x00, 0x00, 0x00, 0x3F, 0x80, 0x00, 0x00, 0x01, 0xFC,
    0x00, 0x00, 0x00, 0x0F, 0xE0, 0x00, 0x00, 0x00, 0x7F, 0x00, 0x00, 0x00, 0x03, 0xF8, 0x00, 0x00,
    0x00, 0x1F, 0xC0, 0x00, 0x00, 0x00, 0xFE, 0x00, 0x00, 0x00, 0x07, 0xF0, 0x00, 0x00, 0x00, 0x3F,
    0x80, 0x00, 0x7F, 0x81, 0xFC, 0x00, 0x0F, 0xFF, 0x8F, 0xE0, 0x01, 0xFF, 0xFE, 0x7F, 0x00, 0x1F,
    0xFF, 0xFB, 0xF8, 0x01, 0xFF, 0xFF, 0xFF, 0xC0, 0x1F, 0xF0, 0x3F, 0xFE, 0x01, 0xFF, 0x00, 0x7F,
    0xF0, 0x0F, 0xF0, 0x01, 0xFF, 0x80, 0xFF, 0x00, 0x07, 0xFC, 0x07, 0xF0, 0x00, 0x3F, 0xE0, 0x3F,
    0x80, 0x00, 0xFF, 0x01, 0xFC, 0x00, 0x07, 0xF8, 0x1F, 0xC0, 0x00, 0x1F, 0xC0, 0xFE, 0x00, 0x00,
    0xFE, 0x07, 0xF0, 0x00, 0x07, 0xF0, 0x3F, 0x80, 0x00, 0x3F, 0x81, 0xFC, 0x00, 0x01, 0xFC, 0x0F,
    0xE0, 0x00, 0x0F, 0xE0, 0x7F, 0x00, 0x00, 0x7F, 0x03, 0xF8, 0x00, 0x03, 0xF8, 0x1F, 0xC0, 0x00,
    0x3F, 0xC0, 0xFF, 0x00, 0x01, 0xFE, 0x03, 0xF8, 0x00, 0x0F, 0xF0, 0x1F, 0xC0, 0x00, 0xFF, 0x80,
    0xFF, 0x00, 0x07, 0xFC, 0x03, 0xFC, 0x00, 0x7F, 0xE0, 0x1F, 0xE0, 0x07, 0xFF, 0x10, 0x7F, 0xC0,
    0xFF, 0xFF, 0xC1, 0xFF, 0xFF, 0xFF, 0xFF, 0x07, 0xFF, 0xFF, 0x7F, 0xF0, 0x1F, 0xFF, 0xF1, 0xFF,
    0x00, 0x3F, 0xFE, 0x07, 0xE0, 0x00, 0x3F, 0x80, 0x00, 0x00, 0x00, 0x1F, 0xE0, 0x00, 0x07, 0xFF,
    0xE0, 0x00, 0xFF, 0xFF, 0xC0, 0x0F, 0xFF, 0xFF, 0x00, 0xFF, 0xFF, 0xFC, 0x0F, 0xF8, 0x1F, 0xE0,
    0x7F, 0x00, 0x7F, 0x87, 0xF0, 0x01, 0xFC, 0x7F, 0x80, 0x07, 0xF3, 0xF8, 0x00, 0x3F, 0x9F, 0xC0,
    0x00, 0xFC, 0xFC, 0x00, 0x07, 0xFF, 0xE0, 0x00, 0x3F, 0xFF, 0x00, 0x01, 0xFF, 0xFF, 0xFF, 0xFF,
    0xFF, 0xFF, 0xFF, 0xFF, 0xFF, 0xFF, 0xFF, 0xFF, 0xFF, 0xFF, 0xFF, 0xFF, 0xFF, 0xFF, 0xFF, 0xFC,
    0x00, 0x00, 0x0F, 0xE0, 0x00, 0x00, 0x3F, 0x00, 0x00, 0x01, 0xFC, 0x00, 0x00, 0x0F, 0xE0, 0x00,
    0x00, 0x3F, 0x80, 0x00, 0x01, 0xFE, 0x00, 0x00, 0x07, 0xF8, 0x00, 0x38, 0x3F, 0xF0, 0x0F, 0xC0,
    0xFF, 0xFF, 0xFE, 0x03, 0xFF, 0xFF, 0xF0, 0x0F, 0xFF, 0xFF, 0x80, 0x1F, 0xFF, 0xF0, 0x00, 0x1F,
    0xFC, 0x00, 0x00, 0x07, 0xF0, 0x00, 0x3F, 0xFC, 0x01, 0xFF, 0xF8, 0x07, 0xFF, 0xF0, 0x0F, 0xFF,
    0xE0, 0x3F, 0xE3, 0x80, 0x7F, 0x00, 0x01, 0xFE, 0x00, 0x03, 0xF8, 0x00, 0x07, 0xF0, 0x00, 0x0F,
    0xE0, 0x00, 0x1F, 0xC0, 0x00, 0x3F, 0x80, 0x00, 0x7F, 0x00, 0x00, 0xFE, 0x00, 0x01, 0xFC, 0x00,
    0x03, 0xF8, 0x00, 0x07, 0xF0, 0x00, 0x0F, 0xE0, 0x07, 0xFF, 0xFF, 0x8F, 0xFF, 0xFF, 0x1F, 0xFF,
    0xFE, 0x3F, 0xFF, 0xFC, 0x7F, 0xFF, 0xF8, 0x03, 0xF8, 0x00, 0x07, 0xF0, 0x00, 0x0F, 0xE0, 0x00,
    0x1F, 0xC0, 0x00, 0x3F, 0x80, 0x00, 0x7F, 0x00, 0x00, 0xFE, 0x00, 0x01, 0xFC, 0x00, 0x03, 0xF8,
    0x00, 0x07, 0xF0, 0x00, 0x0F, 0xE0, 0x00, 0x1F, 0xC0, 0x00, 0x3F, 0x80, 0x00, 0x7F, 0x00, 0x00,
    0xFE, 0x00, 0x01, 0xFC, 0x00, 0x03, 0xF8, 0x00, 0x07, 0xF0, 0x00, 0x0F, 0xE0, 0x00, 0x1F, 0xC0,
    0x00, 0x3F, 0x80, 0x00, 0x7F, 0x00, 0x00, 0xFE, 0x00, 0x01, 0xFC, 0x00, 0x03, 0xF8, 0x00, 0x07,
    0xF0, 0x00, 0x0F, 0xE0, 0x00, 0x00, 0x3F, 0xE0, 0x00, 0x00, 0xFF, 0xFC, 0x7F, 0x03, 0xFF, 0xFE,
    0x7F, 0x07, 0xFF, 0xFF, 0x7F, 0x0F, 0xFF, 0xFF, 0xFF, 0x1F, 0xF0, 0x3F, 0xFF, 0x1F, 0xE0, 0x0F,
    0xFF, 0x3F, 0xC0, 0x03, 0xFF, 0x7F, 0x80, 0x03, 0xFF, 0x7F, 0x00, 0x01, 0xFF, 0x7F, 0x00, 0x00,
    0xFF, 0x7F, 0x00, 0x00, 0xFF, 0xFE, 0x00, 0x00, 0xFF, 0xFE, 0x00, 0x00, 0x7F, 0xFE, 0x00, 0x00,
    0x7F, 0xFE, 0x00, 0x00, 0x7F, 0xFE, 0x00, 0x00, 0x7F, 0xFE, 0x00, 0x00, 0x7F, 0xFE, 0x00, 0x00,
    0x7F, 0xFE, 0x00, 0x00, 0x7F, 0xFE, 0x00, 0x00, 0xFF, 0xFF, 0x00, 0x00, 0xFF, 0x7F, 0x00, 0x00,
    0xFF, 0x7F, 0x00, 0x01, 0xFF, 0x7F, 0x80, 0x03, 0xFF, 0x3F, 0xC0, 0x03, 0xFF, 0x3F, 0xE0, 0x0F,
    0xFF, 0x1F, 0xF0, 0x3F, 0xFF, 0x0F, 0xFF, 0xFF, 0xFF, 0x07, 0xFF, 0xFF, 0x7F, 0x03, 0xFF, 0xFE,
    0x7F, 0x00, 0xFF, 0xF8, 0x7F, 0x00, 0x1F, 0xE0, 0x7F, 0x00, 0x00, 0x00, 0x7F, 0x00, 0x00, 0x00,
    0x7F, 0x00, 0x00, 0x00, 0x7F, 0x00, 0x00, 0x00, 0xFE, 0x00, 0x00, 0x00, 0xFE, 0x00, 0x00, 0x01,
    0xFE, 0x00, 0x00, 0x01, 0xFC, 0x00, 0x00, 0x03, 0xFC, 0x0E, 0x00, 0x07, 0xF8, 0x0F, 0xC0, 0x1F,
    0xF0, 0x0F, 0xFF, 0xFF, 0xF0, 0x0F, 0xFF, 0xFF, 0xC0, 0x0F, 0xFF, 0xFF, 0x80, 0x03, 0xFF, 0xFE,
    0x00, 0x00, 0x3F, 0xF0, 0x00, 0x07, 0x00, 0x00, 0x00, 0x00, 0xFF, 0x80, 0x00, 0x00, 0x07, 0xFE,
    0x00, 0x00, 0x00, 0x3F, 0xFC, 0x00, 0x00, 0x00, 0x7F, 0xF0, 0x00, 0x00, 0x01, 0xDF, 0xC0, 0x00,
    0x00, 0x00, 0x3F, 0x00, 0x00, 0x00, 0x00, 0xFC, 0x00, 0x00, 0x00, 0x03, 0xF0, 0x00, 0x00, 0x00,
    0x0F, 0xC0, 0x00, 0x00, 0x00, 0x3F, 0x00, 0x00, 0x00, 0x00, 0xFC, 0x00, 0x00, 0x00, 0x03, 0xF0,
    0x00, 0x00, 0x00, 0x0F, 0xC0, 0x00, 0x00, 0x00, 0x3F, 0x00, 0x00, 0x00, 0x00, 0xFC, 0x00, 0x00,
    0x00, 0x03, 0xF0, 0x00, 0x00, 0x00, 0x0F, 0xC0, 0x00, 0x00, 0x00, 0x3F, 0x00, 0x00, 0x00, 0x00,
    0xFC, 0x0F, 0xE0, 0x00, 0x03, 0xF1, 0xFF, 0xF0, 0x00, 0x0F, 0xCF, 0xFF, 0xE0, 0x00, 0x3F, 0x7F,
    0xFF, 0xC0, 0x00, 0xFF, 0xFF, 0xFF, 0x80, 0x03, 0xFF, 0xFF, 0xFF, 0x00, 0x0F, 0xFF, 0x07, 0xFC,
    0x00, 0x3F, 0xF0, 0x07, 0xF0, 0x00, 0xFF, 0x80, 0x0F, 0xE0, 0x03, 0xFC, 0x00, 0x3F, 0x80, 0x0F,
    0xF0, 0x00, 0xFE, 0x00, 0x3F, 0x80, 0x03, 0xF8, 0x00, 0xFE, 0x00, 0x07, 0xE0, 0x03, 0xF8, 0x00,
    0x1F, 0x80, 0x0F, 0xC0, 0x00, 0x7E, 0x00, 0x3F, 0x00, 0x01, 0xF8, 0x00, 0xFC, 0x00, 0x07, 0xE0,
    0x03, 0xF0, 0x00, 0x1F, 0x80, 0x0F, 0xC0, 0x00, 0x7E, 0x00, 0x3F, 0x00, 0x01, 0xF8, 0x00, 0xFC,
    0x00, 0x0F, 0xE0, 0x03, 0xF0, 0x00, 0x3F, 0x80, 0x0F, 0xC0, 0x00, 0xFE, 0x00, 0x3F, 0x00, 0x03,
    0xF8, 0x00, 0xFC, 0x00, 0x0F, 0xE0, 0x03, 0xF0, 0x00, 0x3F, 0x80, 0x0F, 0xC0, 0x00, 0xFE, 0x00,
    0x3F, 0x00, 0x03, 0xF9, 0x80, 0xFC, 0x00, 0x07, 0xFF, 0x03, 0xF0, 0x00, 0x1F, 0xFC, 0x0F, 0xC0,
    0x00, 0x7F, 0xF0, 0x3F, 0x00, 0x00, 0xFF, 0x80, 0xFC, 0x00, 0x01, 0xF8, 0x03, 0xC0, 0x01, 0xF8,
    0x00, 0xFF, 0x00, 0x3F, 0xC0, 0x0F, 0xF0, 0x03, 0xFC, 0x00, 0x7E, 0x00, 0x0F, 0x00, 0x00, 0x00,
    0x00, 0x00, 0x00, 0x00, 0x00, 0x00, 0x00, 0x00, 0x00, 0x00, 0x00, 0x00, 0x00, 0x00, 0x3F, 0x00,
    0x3F, 0xE0, 0x1F, 0xFC, 0x0F, 0xFF, 0x81, 0xFF, 0xE0, 0x23, 0xF8, 0x00, 0xFE, 0x00, 0x3F, 0x80,
    0x0F, 0xE0, 0x03, 0xF8, 0x00, 0xFE, 0x00, 0x3F, 0x80, 0x0F, 0xE0, 0x03, 0xF8, 0x00, 0xFE, 0x00,
    0x3F, 0x80, 0x0F, 0xE0, 0x03, 0xF8, 0x00, 0xFE, 0x00, 0x3F, 0x80, 0x0F, 0xE0, 0x03, 0xF8, 0x00,
    0xFE, 0x00, 0x3F, 0x80, 0x0F, 0xE0, 0x03, 0xF8, 0x00, 0xFE, 0x60, 0x3F, 0xFC, 0x0F, 0xFF, 0x01,
    0xFF, 0xC0, 0x7F, 0xE0, 0x07, 0xE0, 0x00, 0x78, 0x00, 0xFC, 0x01, 0xFC, 0x01, 0xFE, 0x01, 0xFE,
    0x01, 0xFE, 0x01, 0xFC, 0x00, 0xFC, 0x00, 0x78, 0x00, 0x00, 0x00, 0x00, 0x00, 0x00, 0x00, 0x00,
    0x00, 0x00, 0x00, 0x00, 0x00, 0x00, 0x03, 0xFC, 0x0F, 0xFE, 0x0F, 0xFE, 0x0F, 0xFF, 0x07, 0xFF,
    0x00, 0x7F, 0x00, 0x7F, 0x00, 0x7F, 0x00, 0x7F, 0x00, 0x7F, 0x00, 0x7F, 0x00, 0x7F, 0x00, 0x7F,
    0x00, 0x7F, 0x00, 0x7F, 0x00, 0x7F, 0x00, 0x7F, 0x00, 0x7F, 0x00, 0x7F, 0x00, 0x7F, 0x00, 0x7F,
    0x00, 0x7F, 0x00, 0x7F, 0x00, 0x7F, 0x00, 0x7F, 0x00, 0x7F, 0x00, 0x7F, 0x00, 0x7F, 0x00, 0x7F,
    0x00, 0x7F, 0x00, 0x7F, 0x00, 0x7F, 0x00, 0x7F, 0x00, 0x7F, 0x00, 0x7F, 0x00, 0x7F, 0x00, 0x7F,
    0x00, 0x7F, 0x00, 0x7F, 0x00, 0x7F, 0x00, 0xFE, 0xC1, 0xFE, 0xFF, 0xFE, 0xFF, 0xFC, 0xFF, 0xF8,
    0xFF, 0xF0, 0x3F, 0xC0, 0x0F, 0xC0, 0x00, 0x00, 0x01, 0xFF, 0x00, 0x00, 0x00, 0x3F, 0xFC, 0x00,
    0x00, 0x01, 0xFF, 0xE0, 0x00, 0x00, 0x07, 0xFF, 0x00, 0x00, 0x00, 0x11, 0xF8, 0x00, 0x00, 0x00,
    0x0F, 0xC0, 0x00, 0x00, 0x00, 0x7E, 0x00, 0x00, 0x00, 0x03, 0xF0, 0x00, 0x00, 0x00, 0x1F, 0x80,
    0x00, 0x00, 0x00, 0xFC, 0x00, 0x00, 0x00, 0x07, 0xE0, 0x00, 0x00, 0x00, 0x3F, 0x00, 0x00, 0x00,
    0x01, 0xF8, 0x00, 0x00, 0x00, 0x0F, 0xC0, 0x00, 0x00, 0x00, 0x7E, 0x00, 0x00, 0x00, 0x03, 0xF0,
    0x00, 0x00, 0x00, 0x1F, 0x80, 0x00, 0x00, 0x00, 0xFC, 0x00, 0x00, 0x00, 0x07, 0xE0, 0x00, 0x0C,
    0x00, 0x3F, 0x00, 0x00, 0xF0, 0x01, 0xF8, 0x00, 0x1F, 0x80, 0x0F, 0xC0, 0x01, 0xFE, 0x00, 0x7E,
    0x00, 0x1F, 0xF0, 0x03, 0xF0, 0x03, 0xFF, 0x00, 0x1F, 0x80, 0x3F, 0xE0, 0x00, 0xFC, 0x07, 0xFE,
    0x00, 0x07, 0xE0, 0x7F, 0xC0, 0x00, 0x3F, 0x0F, 0xFC, 0x00, 0x01, 0xF8, 0xFF, 0x80, 0x00, 0x0F,
    0xCF, 0xF8, 0x00, 0x00, 0x7F, 0xFF, 0xE0, 0x00, 0x03, 0xFF, 0xFF, 0x00, 0x00, 0x1F, 0xFF, 0xFC,
    0x00, 0x00, 0xFF, 0xEF, 0xE0, 0x00, 0x07, 0xFC, 0x7F, 0x80, 0x00, 0x3F, 0xC1, 0xFC, 0x00, 0x01,
    0xF8, 0x0F, 0xF0, 0x00, 0x0F, 0xC0, 0x3F, 0x80, 0x00, 0x7E, 0x01, 0xFE, 0x00, 0x03, 0xF0, 0x07,
    0xF0, 0x00, 0x1F, 0x80, 0x3F, 0xC0, 0x00, 0xFC, 0x00, 0xFE, 0x00, 0x07, 0xE0, 0x07, 0xF8, 0x00,
    0x3F, 0x00, 0x1F, 0xC0, 0x01, 0xF8, 0x00, 0xFF, 0x38, 0x0F, 0xC0, 0x03, 0xFF, 0xC0, 0x7E, 0x00,
    0x1F, 0xFF, 0x03, 0xF0, 0x00, 0x7F, 0xF0, 0x1F, 0x80, 0x01, 0xFF, 0x00, 0xFC, 0x00, 0x07, 0xE0,
    0x06, 0x00, 0x0F, 0xE0, 0x1F, 0xF8, 0x1F, 0xFC, 0x07, 0xFF, 0x03, 0xBF, 0x80, 0x0F, 0xC0, 0x07,
    0xE0, 0x03, 0xF0, 0x01, 0xF8, 0x00, 0xFC, 0x00, 0x7E, 0x00, 0x3F, 0x00, 0x1F, 0x80, 0x0F, 0xC0,
    0x07, 0xE0, 0x03, 0xF0, 0x01, 0xF8, 0x00, 0xFC, 0x00, 0x7E, 0x00, 0x3F, 0x00, 0x1F, 0x80, 0x0F,
    0xC0, 0x07, 0xE0, 0x03, 0xF0, 0x01, 0xF8, 0x00, 0xFC, 0x00, 0x7E, 0x00, 0x3F, 0x00, 0x1F, 0x80,
    0x0F, 0xC0, 0x07, 0xE0, 0x03, 0xF0, 0x01, 0xF8, 0x00, 0xFC, 0x00, 0x7E, 0x00, 0x3F, 0x00, 0x1F,
    0x80, 0x0F, 0xC0, 0x07, 0xE0, 0x03, 0xF0, 0x01, 0xF8, 0x00, 0xFC, 0x00, 0x7E, 0x00, 0x3F, 0x00,
    0x1F, 0x80, 0x0F, 0xCC, 0x07, 0xFF, 0x03, 0xFF, 0x81, 0xFF, 0xC0, 0x7F, 0xC0, 0x1F, 0x80, 0x00,
    0x00, 0xFF, 0x00, 0x0F, 0xF0, 0x00, 0x0F, 0xC1, 0xFF, 0xF0, 0x1F, 0xFF, 0x00, 0x1F, 0xF1, 0xFF,
    0xFC, 0x3F, 0xFF, 0xC0, 0x1F, 0xFD, 0xFF, 0xFF, 0x3F, 0xFF, 0xF0, 0x0F, 0xFF, 0xFF, 0xFF, 0xFF,
    0xFF, 0xFC, 0x07, 0xFF, 0xFC, 0x1F, 0xFF, 0x81, 0xFE, 0x01, 0x1F, 0xF8, 0x07, 0xFF, 0x80, 0x7F,
    0x00, 0x0F, 0xF8, 0x01, 0xFF, 0x80, 0x1F, 0xC0, 0x07, 0xF8, 0x00, 0xFF, 0x80, 0x0F, 0xE0, 0x03,
    0xFC, 0x00, 0x3F, 0xC0, 0x07, 0xF0, 0x01, 0xFC, 0x00, 0x1F, 0xC0, 0x01, 0xF8, 0x00, 0xFE, 0x00,
    0x0F, 0xE0, 0x00, 0xFC, 0x00, 0x7F, 0x00, 0x07, 0xF0, 0x00, 0x7E, 0x00, 0x3F, 0x80, 0x03, 0xF8,
    0x00, 0x3F, 0x00, 0x1F, 0xC0, 0x01, 0xF8, 0x00, 0x1F, 0x80, 0x0F, 0xE0, 0x00, 0xFC, 0x00, 0x0F,
    0xC0, 0x07, 0xF0, 0x00, 0x7E, 0x00, 0x07, 0xE0, 0x03, 0xF8, 0x00, 0x3F, 0x00, 0x03, 0xF0, 0x01,
    0xFC, 0x00, 0x1F, 0x80, 0x01, 0xF8, 0x00, 0xFE, 0x00, 0x0F, 0xC0, 0x00, 0xFC, 0x00, 0x7F, 0x00,
    0x07, 0xE0, 0x00, 0x7E, 0x00, 0x3F, 0x80, 0x03, 0xF0, 0x00, 0x3F, 0x00, 0x1F, 0xC0, 0x01, 0xF8,
    0x00, 0x1F, 0x80, 0x0F, 0xE0, 0x00, 0xFC, 0x00, 0x0F, 0xC0, 0x07, 0xF0, 0x00, 0x7E, 0x00, 0x07,
    0xE0, 0x03, 0xF8, 0x00, 0x3F, 0x00, 0x03, 0xF0, 0x01, 0xFC, 0x00, 0x1F, 0x80, 0x01, 0xF8, 0x80,
    0xFE, 0x00, 0x0F, 0xC0, 0x00, 0xFF, 0xE0, 0x7F, 0x00, 0x07, 0xE0, 0x00, 0x7F, 0xF8, 0x3F, 0x80,
    0x03, 0xF0, 0x00, 0x3F, 0xFC, 0x1F, 0xC0, 0x01, 0xF8, 0x00, 0x0F, 0xF8, 0x0F, 0xE0, 0x00, 0xFC,
    0x00, 0x03, 0xF0, 0x00, 0x00, 0x7F, 0x80, 0x00, 0x7E, 0x07, 0xFF, 0x80, 0x07, 0xFC, 0x7F, 0xFF,
    0x80, 0x3F, 0xF3, 0xFF, 0xFF, 0x00, 0xFF, 0xFF, 0xFF, 0xFE, 0x03, 0xFF, 0xFF, 0xFF, 0xF8, 0x04,
    0x7F, 0xF8, 0x1F, 0xE0, 0x01, 0xFF, 0x80, 0x3F, 0xC0, 0x07, 0xFC, 0x00, 0x7F, 0x00, 0x1F, 0xE0,
    0x01, 0xFC, 0x00, 0x7F, 0x80, 0x03, 0xF0, 0x01, 0xFC, 0x00, 0x0F, 0xC0, 0x07, 0xF0, 0x00, 0x3F,
    0x00, 0x1F, 0xC0, 0x00, 0xFC, 0x00, 0x7F, 0x00, 0x03, 0xF0, 0x01, 0xFC, 0x00, 0x0F, 0xC0, 0x07,
    0xE0, 0x00, 0x3F, 0x00, 0x1F, 0x80, 0x00, 0xFC, 0x00, 0x7E, 0x00, 0x03, 0xF0, 0x01, 0xF8, 0x00,
    0x0F, 0xC0, 0x07, 0xE0, 0x00, 0x3F, 0x00, 0x1F, 0x80, 0x00, 0xFC, 0x00, 0x7E, 0x00, 0x03, 0xF0,
    0x01, 0xF8, 0x00, 0x0F, 0xC0, 0x07, 0xE0, 0x00, 0x3F, 0x00, 0x1F, 0x80, 0x00, 0xFC, 0x00, 0x7E,
    0x00, 0x03, 0xF1, 0x81, 0xF8, 0x00, 0x0F, 0xFE, 0x07, 0xE0, 0x00, 0x3F, 0xFC, 0x1F, 0x80, 0x00,
    0xFF, 0xF0, 0x7E, 0x00, 0x01, 0xFF, 0x01, 0xF8, 0x00, 0x01, 0xF0, 0x00, 0x1F, 0xF0, 0x00, 0x01,
    0xFF, 0xFC, 0x00, 0x0F, 0xFF, 0xFE, 0x00, 0x3F, 0xFF, 0xFE, 0x00, 0xFF, 0xFF, 0xFE, 0x03, 0xFF,
    0x07, 0xFE, 0x07, 0xF8, 0x03, 0xFC, 0x1F, 0xE0, 0x03, 0xFC, 0x7F, 0x80, 0x03, 0xF8, 0xFF, 0x00,
    0x07, 0xF9, 0xFC, 0x00, 0x07, 0xF3, 0xF8, 0x00, 0x0F, 0xEF, 0xE0, 0x00, 0x0F, 0xFF, 0xC0, 0x00,
    0x1F, 0xFF, 0x80, 0x00, 0x3F, 0xFF, 0x00, 0x00, 0x7F, 0xFE, 0x00, 0x00, 0xFF, 0xFC, 0x00, 0x01,
    0xFF, 0xF8, 0x00, 0x03, 0xFF, 0xF0, 0x00, 0x07, 0xFF, 0xE0, 0x00, 0x0F, 0xEF, 0xE0, 0x00, 0x3F,
    0x9F, 0xC0, 0x00, 0x7F, 0x3F, 0x80, 0x01, 0xFE, 0x3F, 0x80, 0x03, 0xF8, 0x7F, 0x80, 0x0F, 0xF0,
    0x7F, 0x80, 0x3F, 0xC0, 0xFF, 0xC1, 0xFF, 0x80, 0xFF, 0xFF, 0xFE, 0x00, 0xFF, 0xFF, 0xF8, 0x00,
    0xFF, 0xFF, 0xE0, 0x00, 0x7F, 0xFF, 0x00, 0x00, 0x1F, 0xF0, 0x00, 0x00, 0x00, 0x3F, 0xC0, 0x01,
    0xF8, 0x1F, 0xFF, 0x00, 0x7F, 0xC7, 0xFF, 0xFC, 0x0F, 0xFE, 0xFF, 0xFF, 0xE0, 0xFF, 0xFF, 0xFF,
    0xFF, 0x0F, 0xFF, 0xFC, 0x0F, 0xF8, 0x47, 0xFF, 0x00, 0x3F, 0xC0, 0x7F, 0xE0, 0x01, 0xFC, 0x07,
    0xFC, 0x00, 0x1F, 0xE0, 0x7F, 0x80, 0x00, 0xFE, 0x07, 0xF8, 0x00, 0x0F, 0xE0, 0x7F, 0x00, 0x00,
    0x7E, 0x07, 0xF0, 0x00, 0x07, 0xF0, 0x7F, 0x00, 0x00, 0x7F, 0x07, 0xF0, 0x00, 0x07, 0xF0, 0x7F,
    0x00, 0x00, 0x7F, 0x07, 0xF0, 0x00, 0x07, 0xF0, 0x7F, 0x00, 0x00, 0x7F, 0x07, 0xF0, 0x00, 0x07,
    0xF0, 0x7F, 0x00, 0x00, 0x7F, 0x07, 0xF0, 0x00, 0x07, 0xF0, 0x7F, 0x00, 0x00, 0x7E, 0x07, 0xF8,
    0x00, 0x0F, 0xE0, 0x7F, 0x80, 0x00, 0xFE, 0x07, 0xFC, 0x00, 0x1F, 0xC0, 0x7F, 0xE0, 0x01, 0xFC,
    0x07, 0xFF, 0x00, 0x3F, 0x80, 0x7F, 0xFC, 0x0F, 0xF8, 0x07, 0xFF, 0xFF, 0xFF, 0x00, 0x7F, 0xFF,
    0xFF, 0xE0, 0x07, 0xF7, 0xFF, 0xFC, 0x00, 0x7F, 0x1F, 0xFF, 0x00, 0x07, 0xF0, 0x7F, 0xC0, 0x00,
    0x7F, 0x00, 0x00, 0x00, 0x07, 0xF0, 0x00, 0x00, 0x00, 0x7F, 0x00, 0x00, 0x00, 0x07, 0xF0, 0x00,
    0x00, 0x00, 0x7F, 0x00, 0x00, 0x00, 0x07, 0xF0, 0x00, 0x00, 0x00, 0x7F, 0x00, 0x00, 0x00, 0x07,
    0xF0, 0x00, 0x00, 0x00, 0x7F, 0x00, 0x00, 0x00, 0x07, 0xF0, 0x00, 0x00, 0x00, 0x7F, 0x00, 0x00,
    0x00, 0x07, 0xF0, 0x00, 0x00, 0x00, 0x7F, 0x00, 0x00, 0x00, 0x07, 0xF0, 0x00, 0x00, 0x00, 0x00,
    0x3F, 0xE0, 0x00, 0x00, 0xFF, 0xFC, 0x7F, 0x03, 0xFF, 0xFE, 0x7F, 0x07, 0xFF, 0xFF, 0x7F, 0x0F,
    0xFF, 0xFF, 0xFF, 0x1F, 0xF0, 0x3F, 0xFF, 0x1F, 0xE0, 0x0F, 0xFF, 0x3F, 0xC0, 0x03, 0xFF, 0x7F,
    0x80, 0x03, 0xFF, 0x7F, 0x00, 0x01, 0xFF, 0x7F, 0x00, 0x00, 0xFF, 0x7F, 0x00, 0x00, 0xFF, 0xFE,
    0x00, 0x00, 0xFF, 0xFE, 0x00, 0x00, 0x7F, 0xFE, 0x00, 0x00, 0x7F, 0xFE, 0x00, 0x00, 0x7F, 0xFE,
    0x00, 0x00, 0x7F, 0xFE, 0x00, 0x00, 0x7F, 0xFE, 0x00, 0x00, 0x7F, 0xFE, 0x00, 0x00, 0x7F, 0xFE,
    0x00, 0x00, 0xFF, 0xFF, 0x00, 0x00, 0xFF, 0x7F, 0x00, 0x00, 0xFF, 0x7F, 0x00, 0x01, 0xFF, 0x7F,
    0x80, 0x03, 0xFF, 0x3F, 0xC0, 0x03, 0xFF, 0x3F, 0xE0, 0x0F, 0xFF, 0x1F, 0xF0, 0x3F, 0xFF, 0x0F,
    0xFF, 0xFF, 0xFF, 0x07, 0xFF, 0xFF, 0x7F, 0x03, 0xFF, 0xFE, 0x7F, 0x00, 0xFF, 0xF8, 0x7F, 0x00,
    0x1F, 0xE0, 0x7F, 0x00, 0x00, 0x00, 0x7F, 0x00, 0x00, 0x00, 0x7F, 0x00, 0x00, 0x00, 0x7F, 0x00,
    0x00, 0x00, 0x7F, 0x00, 0x00, 0x00, 0x7F, 0x00, 0x00, 0x00, 0x7F, 0x00, 0x00, 0x00, 0x7F, 0x00,
    0x00, 0x00, 0x7F, 0x00, 0x00, 0x00, 0x7F, 0x00, 0x00, 0x00, 0x7F, 0x00, 0x00, 0x00, 0x7F, 0x00,
    0x00, 0x00, 0x7F, 0x00, 0x00, 0x00, 0x7F, 0x00, 0x00, 0x00, 0x7F, 0x00, 0x00, 0xFC, 0x0F, 0x80,
    0xFF, 0x9F, 0xF1, 0xFF, 0xFF, 0xF9, 0xFF, 0xFF, 0xFC, 0xFF, 0xF7, 0xFF, 0xFF, 0xF9, 0x1F, 0xFE,
    0x1C, 0x0F, 0xFC, 0x00, 0x07, 0xFC, 0x00, 0x03, 0xFE, 0x00, 0x01, 0xFE, 0x00, 0x00, 0xFF, 0x00,
    0x00, 0x7F, 0x00, 0x00, 0x3F, 0x80, 0x00, 0x1F, 0xC0, 0x00, 0x0F, 0xE0, 0x00, 0x07, 0xE0, 0x00,
    0x03, 0xF0, 0x00, 0x01, 0xF8, 0x00, 0x00, 0xFC, 0x00, 0x00, 0x7E, 0x00, 0x00, 0x3F, 0x00, 0x00,
    0x1F, 0x80, 0x00, 0x0F, 0xC0, 0x00, 0x07, 0xE0, 0x00, 0x03, 0xF0, 0x00, 0x01, 0xF8, 0x00, 0x00,
    0xFC, 0x00, 0x00, 0x7E, 0x00, 0x00, 0x3F, 0x00, 0x00, 0x1F, 0x80, 0x00, 0x0F, 0xC0, 0x00, 0x00,
    0xFF, 0x00, 0x0F, 0xFF, 0xC0, 0x7F, 0xFF, 0xF1, 0xFF, 0xFF, 0xE7, 0xFF, 0xFF, 0x8F, 0xF0, 0x1F,
    0x3F, 0x80, 0x06, 0x7E, 0x00, 0x00, 0xFC, 0x00, 0x01, 0xF8, 0x00, 0x03, 0xF8, 0x00, 0x07, 0xF8,
    0x00, 0x0F, 0xFC, 0x00, 0x0F, 0xFF, 0x80, 0x0F, 0xFF, 0xE0, 0x0F, 0xFF, 0xF0, 0x0F, 0xFF, 0xF0,
    0x07, 0xFF, 0xF0, 0x01, 0xFF, 0xF0, 0x00, 0x3F, 0xE0, 0x00, 0x1F, 0xE0, 0x00, 0x1F, 0xC0, 0x00,
    0x1F, 0x80, 0x00, 0x3F, 0x00, 0x00, 0x7F, 0x80, 0x01, 0xFF, 0xC0, 0x03, 0xF7, 0xF0, 0x1F, 0xEF,
    0xFF, 0xFF, 0x9F, 0xFF, 0xFF, 0x3F, 0xFF, 0xF8, 0x0F, 0xFF, 0xE0, 0x03, 0xFE, 0x00, 0x03, 0xF8,
    0x00, 0x0F, 0xE0, 0x00, 0x3F, 0x80, 0x00, 0xFE, 0x00, 0x03, 0xF8, 0x00, 0x0F, 0xE0, 0x00, 0x3F,
    0x80, 0x00, 0xFE, 0x00, 0x03, 0xF8, 0x01, 0xFF, 0xFF, 0xEF, 0xFF, 0xFF, 0xBF, 0xFF, 0xFE, 0xFF,
    0xFF, 0xFB, 0xFF, 0xFF, 0xE0, 0x3F, 0x80, 0x00, 0xFE, 0x00, 0x03, 0xF8, 0x00, 0x0F, 0xE0, 0x00,
    0x3F, 0x80, 0x00, 0xFE, 0x00, 0x03, 0xF8, 0x00, 0x0F, 0xE0, 0x00, 0x3F, 0x80, 0x00, 0xFE, 0x00,
    0x03, 0xF8, 0x00, 0x0F, 0xE0, 0x00, 0x3F, 0x80, 0x00, 0xFE, 0x00, 0x03, 0xF8, 0x00, 0x0F, 0xE0,
    0x00, 0x3F, 0x80, 0x00, 0xFE, 0x00, 0x03, 0xF8, 0x00, 0x0F, 0xE0, 0x00, 0x3F, 0x80, 0x40, 0xFF,
    0x07, 0x01, 0xFF, 0xFC, 0x07, 0xFF, 0xF0, 0x0F, 0xFF, 0xC0, 0x1F, 0xFF, 0x00, 0x1F, 0xE0, 0x0F,
    0x80, 0x00, 0x1F, 0x80, 0xFF, 0x80, 0x00, 0x7E, 0x0F, 0xFF, 0x00, 0x01, 0xF8, 0x3F, 0xFC, 0x00,
    0x07, 0xE0, 0x7F, 0xF0, 0x00, 0x1F, 0x80, 0x8F, 0xC0, 0x00, 0x7E, 0x00, 0x3F, 0x00, 0x01, 0xF8,
    0x00, 0xFC, 0x00, 0x07, 0xE0, 0x03, 0xF0, 0x00, 0x1F, 0x80, 0x0F, 0xC0, 0x00, 0x7E, 0x00, 0x3F,
    0x00, 0x01, 0xF8, 0x00, 0xFC, 0x00, 0x07, 0xE0, 0x03, 0xF0, 0x00, 0x1F, 0x80, 0x0F, 0xC0, 0x00,
    0x7E, 0x00, 0x3F, 0x00, 0x01, 0xF8, 0x00, 0xFC, 0x00, 0x07, 0xE0, 0x03, 0xF0, 0x00, 0x1F, 0x80,
    0x0F, 0xC0, 0x00, 0xFE, 0x00, 0x3F, 0x00, 0x03, 0xF8, 0x00, 0xFC, 0x00, 0x0F, 0xE0, 0x03, 0xF0,
    0x00, 0x3F, 0x80, 0x0F, 0xC0, 0x00, 0xFE, 0x00, 0x3F, 0x80, 0x07, 0xF8, 0x00, 0xFE, 0x00, 0x1F,
    0xE0, 0x03, 0xF8, 0x00, 0xFF, 0x80, 0x07, 0xF0, 0x07, 0xFE, 0x20, 0x1F, 0xF0, 0x7F, 0xFF, 0xC0,
    0x3F, 0xFF, 0xFF, 0xFF, 0x00, 0xFF, 0xFF, 0xDF, 0xFC, 0x01, 0xFF, 0xFE, 0x3F, 0xE0, 0x01, 0xFF,
    0xE0, 0x7E, 0x00, 0x01, 0xFE, 0x00, 0x00, 0x00, 0x00, 0x00, 0x04, 0x01, 0xF8, 0x00, 0x00, 0xF0,
    0xFF, 0x80, 0x00, 0x3F, 0x7F, 0xF0, 0x00, 0x07, 0xF7, 0xFF, 0x00, 0x00, 0xFC, 0xFF, 0xE0, 0x00,
    0x3F, 0x08, 0xFE, 0x00, 0x07, 0xE0, 0x1F, 0xC0, 0x01, 0xFC, 0x01, 0xFC, 0x00, 0x3F, 0x00, 0x3F,
    0x80, 0x07, 0xE0, 0x03, 0xF0, 0x01, 0xF8, 0x00, 0x7F, 0x00, 0x3F, 0x00, 0x0F, 0xE0, 0x0F, 0xC0,
    0x00, 0xFC, 0x01, 0xF8, 0x00, 0x1F, 0xC0, 0x7F, 0x00, 0x01, 0xF8, 0x0F, 0xC0, 0x00, 0x3F, 0x01,
    0xF8, 0x00, 0x07, 0xF0, 0x7E, 0x00, 0x00, 0x7E, 0x0F, 0xC0, 0x00, 0x0F, 0xE3, 0xF0, 0x00, 0x01,
    0xFC, 0x7E, 0x00, 0x00, 0x1F, 0x8F, 0xC0, 0x00, 0x03, 0xFB, 0xF0, 0x00, 0x00, 0x3F, 0x7E, 0x00,
    0x00, 0x07, 0xFF, 0x80, 0x00, 0x00, 0xFF, 0xF0, 0x00, 0x00, 0x0F, 0xFC, 0x00, 0x00, 0x01, 0xFF,
    0x80, 0x00, 0x00, 0x3F, 0xF0, 0x00, 0x00, 0x03, 0xFC, 0x00, 0x00, 0x00, 0x7F, 0x80, 0x00, 0x00,
    0x07, 0xE0, 0x00, 0x0F, 0xC0, 0x01, 0xF8, 0x00, 0x03, 0xC3, 0xFE, 0x00, 0x7F, 0xC0, 0x00, 0x3F,
    0x7F, 0xF0, 0x0F, 0xFE, 0x00, 0x03, 0xFF, 0xFF, 0x00, 0xFF, 0xE0, 0x00, 0x7E, 0x7F, 0xF8, 0x07,
    0xFF, 0x00, 0x07, 0xE2, 0x3F, 0x80, 0x63, 0xF0, 0x00, 0x7E, 0x01, 0xF8, 0x00, 0x3F, 0x80, 0x0F,
    0xC0, 0x1F, 0xC0, 0x01, 0xF8, 0x00, 0xFC, 0x01, 0xFC, 0x00, 0x1F, 0x80, 0x1F, 0x80, 0x0F, 0xC0,
    0x03, 0xFC, 0x01, 0xF8, 0x00, 0xFE, 0x00, 0x3F, 0xC0, 0x1F, 0x80, 0x0F, 0xE0, 0x07, 0xFC, 0x03,
    0xF0, 0x00, 0x7E, 0x00, 0x7F, 0xE0, 0x3F, 0x00, 0x07, 0xF0, 0x0F, 0xFE, 0x03, 0xF0, 0x00, 0x7F,
    0x00, 0xFF, 0xE0, 0x7E, 0x00, 0x03, 0xF0, 0x1F, 0xFE, 0x07, 0xE0, 0x00, 0x3F, 0x01, 0xF7, 0xF0,
    0xFC, 0x00, 0x03, 0xF8, 0x3F, 0x3F, 0x0F, 0xC0, 0x00, 0x1F, 0x83, 0xE3, 0xF0, 0xFC, 0x00, 0x01,
    0xF8, 0x7E, 0x3F, 0x9F, 0x80, 0x00, 0x1F, 0xC7, 0xC1, 0xF9, 0xF8, 0x00, 0x00, 0xFC, 0xFC, 0x1F,
    0x9F, 0x00, 0x00, 0x0F, 0xCF, 0x81, 0xFF, 0xF0, 0x00, 0x00, 0xFF, 0xF8, 0x0F, 0xFF, 0x00, 0x00,
    0x07, 0xFF, 0x00, 0xFF, 0xE0, 0x00, 0x00, 0x7F, 0xF0, 0x0F, 0xFE, 0x00, 0x00, 0x07, 0xFE, 0x00,
    0x7F, 0xC0, 0x00, 0x00, 0x3F, 0xE0, 0x07, 0xFC, 0x00, 0x00, 0x03, 0xFC, 0x00, 0x7F, 0xC0, 0x00,
    0x00, 0x3F, 0xC0, 0x03, 0xF8, 0x00, 0x00, 0x01, 0xF8, 0x00, 0x3F, 0x80, 0x00, 0x00, 0x00, 0x00,
    0x20, 0x0F, 0x80, 0x00, 0x70, 0x3F, 0xC0, 0x00, 0xF8, 0x7F, 0xE0, 0x01, 0xFC, 0xFF, 0xF0, 0x03,
    0xF8, 0xFF, 0xF0, 0x07, 0xF0, 0x73, 0xF8, 0x0F, 0xF0, 0x01, 0xFC, 0x0F, 0xE0, 0x01, 0xFC, 0x1F,
    0xC0, 0x00, 0xFE, 0x3F, 0x80, 0x00, 0x7F, 0x7F, 0x00, 0x00, 0x7F, 0xFE, 0x00, 0x00, 0x3F, 0xFC,
    0x00, 0x00, 0x1F, 0xF8, 0x00, 0x00, 0x1F, 0xF0, 0x00, 0x00, 0x0F, 0xE0, 0x00, 0x00, 0x1F, 0xE0,
    0x00, 0x00, 0x1F, 0xF0, 0x00, 0x00, 0x3F, 0xF8, 0x00, 0x00, 0x7F, 0xF8, 0x00, 0x00, 0xFF, 0xFC,
    0x00, 0x01, 0xFC, 0xFE, 0x00, 0x03, 0xF8, 0xFE, 0x00, 0x07, 0xF0, 0x7F, 0x00, 0x0F, 0xE0, 0x3F,
    0x80, 0x1F, 0xC0, 0x3F, 0x84, 0x3F, 0xC0, 0x1F, 0xFE, 0x3F, 0x80, 0x1F, 0xFF, 0x7F, 0x00, 0x0F,
    0xFF, 0xFE, 0x00, 0x07, 0xFE, 0x7C, 0x00, 0x03, 0xF8, 0x38, 0x00, 0x01, 0xF0, 0x10, 0x00, 0x00,
    0x00, 0x0F, 0x80, 0x00, 0x3F, 0x9F, 0xF0, 0x00, 0x1F, 0xFF, 0xFC, 0x00, 0x0F, 0xFF, 0xFE, 0x00,
    0x07, 0xF7, 0xFF, 0x00, 0x03, 0xF9, 0x1F, 0x80, 0x01, 0xFC, 0x0F, 0xC0, 0x00, 0xFE, 0x07, 0xE0,
    0x00, 0x7F, 0x03, 0xF0, 0x00, 0x3F, 0x81, 0xF8, 0x00, 0x1F, 0xC0, 0xFC, 0x00, 0x0F, 0xE0, 0x7E,
    0x00, 0x07, 0xF0, 0x3F, 0x00, 0x03, 0xF8, 0x1F, 0x80, 0x01, 0xFC, 0x0F, 0xC0, 0x00, 0xFE, 0x07,
    0xE0, 0x00, 0x7F, 0x03, 0xF0, 0x00, 0x3F, 0x81, 0xF8, 0x00, 0x1F, 0xC0, 0xFC, 0x00, 0x0F, 0xE0,
    0x7E, 0x00, 0x07, 0xF0, 0x3F, 0x00, 0x03, 0xF8, 0x1F, 0x80, 0x03, 0xFC, 0x0F, 0xE0, 0x01, 0xFE,
    0x07, 0xF0, 0x01, 0xFF, 0x03, 0xF8, 0x00, 0xFF, 0x80, 0xFE, 0x00, 0xFF, 0xC0, 0x7F, 0x81, 0xFF,
    0xE0, 0x1F, 0xFF, 0xFF, 0xF0, 0x0F, 0xFF, 0xFD, 0xF8, 0x03, 0xFF, 0xFC, 0xFC, 0x00, 0x7F, 0xF8,
    0x7E, 0x00, 0x0F, 0xF0, 0x3F, 0x00, 0x00, 0x00, 0x1F, 0x80, 0x00, 0x00, 0x0F, 0x80, 0x00, 0x00,
    0x0F, 0xC0, 0x00, 0x00, 0x07, 0xE0, 0x00, 0x00, 0x03, 0xF0, 0x00, 0x00, 0x03, 0xF8, 0x00, 0x00,
    0x01, 0xF8, 0x00, 0x00, 0x01, 0xFC, 0x01, 0x80, 0x01, 0xFC, 0x00, 0xF8, 0x03, 0xFE, 0x00, 0x7F,
    0xFF, 0xFE, 0x00, 0x3F, 0xFF, 0xFE, 0x00, 0x1F, 0xFF, 0xFE, 0x00, 0x07, 0xFF, 0xFC, 0x00, 0x00,
    0x3F, 0xF0, 0x00, 0x3F, 0xFF, 0xFF, 0xE3, 0xFF, 0xFF, 0xFE, 0x3F, 0xFF, 0xFF, 0xE3, 0xFF, 0xFF,
    0xFE, 0x3F, 0xFF, 0xFF, 0xE0, 0x00, 0x03, 0xFC, 0x00, 0x00, 0x3F, 0x80, 0x00, 0x07, 0xF0, 0x00,
    0x00, 0xFE, 0x00, 0x00, 0x1F, 0xE0, 0x00, 0x03, 0xFC, 0x00, 0x00, 0x7F, 0x80, 0x00, 0x07, 0xF0,
    0x00, 0x00, 0xFE, 0x00, 0x00, 0x1F, 0xC0, 0x00, 0x03, 0xFC, 0x00, 0x00, 0x7F, 0x80, 0x00, 0x0F,
    0xF0, 0x00, 0x00, 0xFE, 0x00, 0x00, 0x1F, 0xC0, 0x00, 0x03, 0xF8, 0x00, 0x00, 0x7F, 0x80, 0x00,
    0x0F, 0xF0, 0x00, 0x41, 0xFE, 0x00, 0x0F, 0x1F, 0xC0, 0x01, 0xF3, 0xFF, 0xF8, 0x3F, 0x7F, 0xFF,
    0xFF, 0xFF, 0xFF, 0xFF, 0xFE, 0xFF, 0xFF, 0xFF, 0xEF, 0xFF, 0xFF, 0xFC, 0xFF, 0xFF, 0xFF, 0x8C,
    0x00, 0x0F, 0xE0, 0x00, 0x3F, 0x80, 0x7F, 0xC0, 0x7F, 0xE0, 0x7F, 0xF0, 0x3F, 0xF8, 0x3F, 0x80,
    0x1F, 0x80, 0x0F, 0xC0, 0x07, 0xE0, 0x03, 0xF0, 0x01, 0xF8, 0x00, 0xFC, 0x00, 0x7E, 0x00, 0x3F,
    0x00, 0x1F, 0x80, 0x0F, 0xC0, 0x07, 0xE0, 0x03, 0xF0, 0x01, 0xF8, 0x00, 0xFC, 0x00, 0x7E, 0x00,
    0x3F, 0x00, 0x3F, 0x00, 0x1F, 0x80, 0x1F, 0xC0, 0x3F, 0xC0, 0x3F, 0xC0, 0x1F, 0xE0, 0x0F, 0xE0,
    0x07, 0xF8, 0x03, 0xFE, 0x00, 0x7F, 0x00, 0x1F, 0xC0, 0x07, 0xE0, 0x03, 0xF0, 0x00, 0xFC, 0x00,
    0x7E, 0x00, 0x3F, 0x00, 0x1F, 0x80, 0x0F, 0xC0, 0x07, 0xE0, 0x03, 0xF0, 0x01, 0xF8, 0x00, 0xFC,
    0x00, 0x7E, 0x00, 0x3F, 0x00, 0x1F, 0x80, 0x0F, 0xC0, 0x07, 0xE0, 0x03, 0xF0, 0x01, 0xF8, 0x00,
    0x7F, 0xF0, 0x3F, 0xF8, 0x0F, 0xFC, 0x07, 0xFE, 0x01, 0xFF, 0x00, 0x1F, 0x80, 0xFF, 0xFF, 0xFF,
    0xFF, 0xFF, 0xFF, 0xFF, 0xFF, 0xFF, 0xFF, 0xFF, 0xFF, 0xFF, 0xFF, 0xFF, 0xFF, 0xFF, 0xFF, 0xFF,
    0xFF, 0xFF, 0xFF, 0xFF, 0xFF, 0xFF, 0xFF, 0xFF, 0xFF, 0xFF, 0xFF, 0xF8, 0xFE, 0x00, 0x7F, 0xC0,
    0x3F, 0xF0, 0x1F, 0xFC, 0x0F, 0xFE, 0x00, 0x3F, 0x80, 0x0F, 0xC0, 0x07, 0xE0, 0x03, 0xF0, 0x01,
    0xF8, 0x00, 0xFC, 0x00, 0x7E, 0x00, 0x3F, 0x00, 0x1F, 0x80, 0x0F, 0xC0, 0x07, 0xE0, 0x03, 0xF0,
    0x01, 0xF8, 0x00, 0xFC, 0x00, 0x7E, 0x00, 0x3F, 0x00, 0x1F, 0x80, 0x07, 0xE0, 0x03, 0xF0, 0x01,
    0xFC, 0x00, 0x7F, 0x80, 0x3F, 0xE0, 0x0F, 0xF0, 0x03, 0xF8, 0x03, 0xFC, 0x03, 0xFE, 0x01, 0xFC,
    0x01, 0xFC, 0x00, 0xFC, 0x00, 0x7E, 0x00, 0x7E, 0x00, 0x3F, 0x00, 0x1F, 0x80, 0x0F, 0xC0, 0x07,
    0xE0, 0x03, 0xF0, 0x01, 0xF8, 0x00, 0xFC, 0x00, 0x7E, 0x00, 0x3F, 0x00, 0x1F, 0x80, 0x0F, 0xC0,
    0x07, 0xE0, 0x03, 0xF0, 0x01, 0xF8, 0x00, 0xFC, 0x1F, 0xFC, 0x0F, 0xFE, 0x07, 0xFF, 0x03, 0xFF,
    0x01, 0xFF, 0x00, 0xFE, 0x00, 0x00, 0x01, 0xF0, 0x00, 0x00, 0x07, 0xFE, 0x00, 0x0C, 0x1F, 0xFF,
    0xC0, 0x1F, 0x3F, 0xFF, 0xF0, 0x3F, 0x3F, 0xFF, 0xFF, 0xFE, 0x7E, 0x1F, 0xFF, 0xFC, 0xFC, 0x03,
    0xFF, 0xF8, 0x38, 0x00, 0xFF, 0xF0, 0x10, 0x00, 0x1F, 0xC0, 0x3C, 0x7E, 0xFF, 0xFF, 0xFF, 0xFF,
    0xFF, 0x7E, 0x3C, 0x00, 0x00, 0x00, 0x00, 0x00, 0x00, 0x7C, 0x7C, 0x7C, 0x7C, 0x7C, 0x7C, 0x7C,
    0x7C, 0x7C, 0x7C, 0x7C, 0x7C, 0x7C, 0x7C, 0x7C, 0x7E, 0x7E, 0x7E, 0x7E, 0x7E, 0x7E, 0x7E, 0x7E,
    0x7E, 0x7E, 0x7E, 0x7E, 0x7E, 0x7E, 0x7E, 0x7E, 0x7E, 0x00, 0x0F, 0x80, 0x00, 0x03, 0xE0, 0x00,
    0x00, 0xF8, 0x00, 0x00, 0x3E, 0x00, 0x00, 0x0F, 0x80, 0x00, 0x03, 0xE0, 0x00, 0x00, 0xF8, 0x00,
    0x00, 0x3F, 0xC0, 0x00, 0x7F, 0xFE, 0x00, 0x7F, 0xFF, 0xF0, 0x7F, 0xFF, 0xF8, 0x3F, 0xFF, 0xFE,
    0x0F, 0xFF, 0xFF, 0x87, 0xFB, 0xE0, 0xC3, 0xFC, 0xF8, 0x00, 0xFE, 0x3E, 0x00, 0x7F, 0x0F, 0x80,
    0x1F, 0xC3, 0xE0, 0x07, 0xF0, 0xF8, 0x03, 0xF8, 0x3E, 0x00, 0xFE, 0x0F, 0x80, 0x3F, 0x83, 0xE0,
    0x0F, 0xE0, 0xF8, 0x03, 0xF8, 0x3E, 0x00, 0xFE, 0x0F, 0x80, 0x3F, 0x83, 0xE0, 0x0F, 0xE0, 0xF8,
    0x03, 0xF8, 0x3E, 0x00, 0x7F, 0x0F, 0x80, 0x1F, 0xC3, 0xE0, 0x07, 0xF8, 0xF8, 0x00, 0xFE, 0x3E,
    0x00, 0x3F, 0xCF, 0x80, 0x87, 0xFB, 0xE0, 0xE0, 0xFF, 0xFF, 0xF8, 0x3F, 0xFF, 0xFE, 0x03, 0xFF,
    0xFF, 0x80, 0x7F, 0xFF, 0xE0, 0x07, 0xFF, 0xE0, 0x00, 0x3F, 0x00, 0x00, 0x0F, 0x80, 0x00, 0x03,
    0xE0, 0x00, 0x00, 0xF8, 0x00, 0x00, 0x3E, 0x00, 0x00, 0x0F, 0x80, 0x00, 0x03, 0xE0, 0x00, 0x00,
    0xF8, 0x00, 0x00, 0x00, 0x3F, 0xC0, 0x00, 0x00, 0x3F, 0xFF, 0x00, 0x00, 0x1F, 0xFF, 0xF8, 0x00,
    0x07, 0xFF, 0xFF, 0x80, 0x01, 0xFF, 0xFF, 0xFC, 0x00, 0x7F, 0xFF, 0xFF, 0x80, 0x1F, 0xF8, 0x0F,
    0xE0, 0x07, 0xFC, 0x00, 0x7C, 0x00, 0xFF, 0x00, 0x03, 0x00, 0x1F, 0xC0, 0x00, 0x00, 0x07, 0xF8,
    0x00, 0x00, 0x00, 0xFE, 0x00, 0x00, 0x00, 0x1F, 0xC0, 0x00, 0x00, 0x03, 0xF8, 0x00, 0x00, 0x00,
    0x7F, 0x00, 0x00, 0x00, 0x0F, 0xE0, 0x00, 0x00, 0x01, 0xFC, 0x00, 0x00, 0x00, 0x3F, 0x80, 0x00,
    0x00, 0x07, 0xF0, 0x00, 0x00, 0x00, 0xFE, 0x00, 0x00, 0x00, 0x1F, 0xC0, 0x00, 0x01, 0xFF, 0xFF,
    0xFF, 0x80, 0x3F, 0xFF, 0xFF, 0xF0, 0x07, 0xFF, 0xFF, 0xFE, 0x00, 0xFF, 0xFF, 0xFF, 0xC0, 0x1F,
    0xFF, 0xFF, 0xF8, 0x00, 0x03, 0xF8, 0x00, 0x00, 0x00, 0x7F, 0x00, 0x00, 0x00, 0x0F, 0xE0, 0x00,
    0x00, 0x01, 0xFC, 0x00, 0x00, 0x00, 0x3F, 0x80, 0x00, 0x00, 0x07, 0xF0, 0x00, 0x00, 0x00, 0xFE,
    0x00, 0x00, 0x00, 0x1F, 0xC0, 0x00, 0x00, 0x03, 0xF0, 0x00, 0x00, 0x00, 0x7E, 0x00, 0x00, 0x00,
    0x0F, 0xC0, 0x00, 0x00, 0x03, 0xF8, 0x00, 0x00, 0x00, 0x7E, 0x00, 0x00, 0xF0, 0x1F, 0xC0, 0x00,
    0x1F, 0x07, 0xF3, 0xE0, 0x07, 0xC1, 0xFF, 0xFF, 0xC1, 0xF8, 0xFF, 0xFF, 0xFF, 0xFF, 0x7F, 0xFF,
    0xFF, 0xFF, 0xCF, 0xFF, 0xFF, 0xFF, 0xF9, 0xFF, 0xFF, 0xFF, 0xFE, 0x3F, 0x00, 0x1F, 0xFF, 0x06,
    0x00, 0x00, 0x3F, 0x80, 0x00, 0x00, 0x0F, 0xFE, 0x00, 0x00, 0x00, 0xFF, 0xFF, 0xC0, 0x00, 0x0F,
    0xFF, 0xFF, 0xF0, 0x00, 0x3F, 0xFF, 0xFF, 0xF0, 0x01, 0xFF, 0xFF, 0xFF, 0xE0, 0x07, 0xFF, 0xFF,
    0xFF, 0x80, 0x1F, 0xFF, 0x00, 0x7F, 0x00, 0x7F, 0xF0, 0x00, 0x1C, 0x01, 0xFF, 0x80, 0x00, 0x00,
    0x03, 0xFE, 0x00, 0x00, 0x00, 0x0F, 0xF8, 0x00, 0x00, 0x00, 0x1F, 0xE0, 0x00, 0x00, 0x00, 0x7F,
    0x80, 0x00, 0x00, 0x00, 0xFE, 0x00, 0x00, 0x00, 0x03, 0xFC, 0x00, 0x00, 0x00, 0x07, 0xF0, 0x00,
    0x00, 0x00, 0xFF, 0xFF, 0xFF, 0xFF, 0xE1, 0xFF, 0xFF, 0xFF, 0xFF, 0xC3, 0xFF, 0xFF, 0xFF, 0xFF,
    0x87, 0xFF, 0xFF, 0xFF, 0xFF, 0x0F, 0xFF, 0xFF, 0xFF, 0xFE, 0x1F, 0xFF, 0xFF, 0xFF, 0xFC, 0x07,
    0xF0, 0x00, 0x00, 0x00, 0x0F, 0xE0, 0x00, 0x00, 0x00, 0x1F, 0xC0, 0x00, 0x00, 0x00, 0x3F, 0x80,
    0x00, 0x00, 0x03, 0xFF, 0xFF, 0xFF, 0xFF, 0x87, 0xFF, 0xFF, 0xFF, 0xFF, 0x0F, 0xFF, 0xFF, 0xFF,
    0xFE, 0x1F, 0xFF, 0xFF, 0xFF, 0xFC, 0x3F, 0xFF, 0xFF, 0xFF, 0xF8, 0x7F, 0xFF, 0xFF, 0xFF, 0xF0,
    0x0F, 0xF0, 0x00, 0x00, 0x00, 0x1F, 0xE0, 0x00, 0x00, 0x00, 0x1F, 0xC0, 0x00, 0x00, 0x00, 0x3F,
    0xC0, 0x00, 0x00, 0x00, 0x7F, 0xC0, 0x00, 0x00, 0x00, 0x7F, 0x80, 0x00, 0x00, 0x00, 0xFF, 0x80,
    0x00, 0x00, 0x00, 0xFF, 0x80, 0x00, 0x00, 0x00, 0xFF, 0xC0, 0x00, 0x06, 0x00, 0xFF, 0xC0, 0x00,
    0x7C, 0x01, 0xFF, 0xF0, 0x07, 0xF8, 0x01, 0xFF, 0xFF, 0xFF, 0xF0, 0x00, 0xFF, 0xFF, 0xFF, 0xE0,
    0x00, 0xFF, 0xFF, 0xFF, 0xC0, 0x00, 0x7F, 0xFF, 0xFE, 0x00, 0x00, 0x3F, 0xFF, 0xF0, 0x00, 0x00,
    0x0F, 0xFE, 0x00, 0xFF, 0x00, 0x00, 0x03, 0xFF, 0xFE, 0x00, 0x00, 0x0F, 0xFF, 0xF8, 0x00, 0x00,
    0x7F, 0xFF, 0xF0, 0x00, 0x01, 0xFF, 0xFF, 0xC0, 0x00, 0x0F, 0xFC, 0x3F, 0x80, 0x00, 0x3F, 0x00,
    0xFE, 0x00, 0x01, 0xF8, 0x01, 0xFC, 0x00, 0x07, 0xE0, 0x03, 0xF8, 0x00, 0x3F, 0x00, 0x0F, 0xE0,
    0x00, 0xFC, 0x00, 0x1F, 0xC0, 0x07, 0xE0, 0x00, 0x7F, 0x00, 0x1F, 0x80, 0x00, 0xFE, 0x00, 0xFC,
    0x00, 0x03, 0xFC, 0x03, 0xF0, 0x00, 0x07, 0xF0, 0x1F, 0x80, 0x00, 0x0F, 0xE0, 0xFE, 0x00, 0x00,
    0x3F, 0x83, 0xF0, 0x00, 0x00, 0x7F, 0x1F, 0xC0, 0x00, 0x01, 0xFC, 0x7E, 0x00, 0x00, 0x03, 0xFB,
    0xF8, 0x00, 0x00, 0x07, 0xFF, 0xC0, 0x00, 0x00, 0x1F, 0xFF, 0x00, 0x00, 0x3F, 0xFF, 0xFF, 0xF8,
    0x00, 0xFF, 0xFF, 0xFF, 0xE0, 0x03, 0xFF, 0xFF, 0xFF, 0x80, 0x0F, 0xFF, 0xFF, 0xFE, 0x00, 0x3F,
    0xFF, 0xFF, 0xF8, 0x00, 0x00, 0x3F, 0x80, 0x00, 0x00, 0x00, 0xFE, 0x00, 0x00, 0x00, 0x03, 0xF8,
    0x00, 0x00, 0x00, 0x0F, 0xE0, 0x00, 0x00, 0xFF, 0xFF, 0xFF, 0xE0, 0x03, 0xFF, 0xFF, 0xFF, 0x80,
    0x0F, 0xFF, 0xFF, 0xFE, 0x00, 0x3F, 0xFF, 0xFF, 0xF8, 0x00, 0xFF, 0xFF, 0xFF, 0xE0, 0x00, 0x00,
    0xFE, 0x00, 0x00, 0x00, 0x03, 0xF8, 0x00, 0x00, 0x00, 0x0F, 0xE0, 0x00, 0x00, 0x00, 0x3F, 0x80,
    0x00, 0x00, 0x00, 0xFE, 0x00, 0x00, 0x00, 0x03, 0xF8, 0x00, 0x00, 0x00, 0xFF, 0xFE, 0x00, 0x00,
    0x03, 0xFF, 0xF8, 0x00, 0x00, 0x0F, 0xFF, 0xE0, 0x00, 0x00, 0x3F, 0xFF, 0x80, 0x00, 0x00, 0xFF,
    0xFE, 0x00, 0x00, 0xFF, 0xFF, 0xFF, 0xFF, 0xFF, 0xFF, 0xFF, 0xFF, 0xFF, 0xFF, 0xF8, 0x00, 0x00,
    0x00, 0x00, 0x00, 0x00, 0x00, 0x00, 0x00, 0xFF, 0xFF, 0xFF, 0xFF, 0xFF, 0xFF, 0xFF, 0xFF, 0xFF,
    0xFF, 0xF8, 0x00, 0x3F, 0xE0, 0x00, 0x3F, 0xFF, 0xC0, 0x1F, 0xFF, 0xFE, 0x07, 0xFF, 0xFF, 0xF1,
    0xFF, 0xFF, 0xFC, 0x7F, 0xC0, 0x7F, 0x8F, 0xE0, 0x00, 0xE3, 0xF8, 0x00, 0x04, 0x7F, 0x00, 0x00,
    0x0F, 0xE0, 0x00, 0x01, 0xFC, 0x00, 0x00, 0x3F, 0xC0, 0x00, 0x07, 0xF8, 0x00, 0x00, 0x7F, 0xC0,
    0x00, 0x0F, 0xFE, 0x00, 0x00, 0xFF, 0xE0, 0x00, 0x1F, 0xFF, 0x00, 0x00, 0xFF, 0xF8, 0x00, 0x0F,
    0xFF, 0xC0, 0x01, 0xFF, 0xFC, 0x00, 0xFF, 0xFF, 0xE0, 0x3F, 0xFF, 0xFE, 0x0F, 0xF9, 0xFF, 0xE3,
    0xFE, 0x0F, 0xFE, 0x7F, 0x00, 0xFF, 0xDF, 0xE0, 0x07, 0xFB, 0xF8, 0x00, 0x7F, 0xFF, 0x00, 0x0F,
    0xFF, 0xE0, 0x00, 0xFF, 0xFC, 0x00, 0x1F, 0xFF, 0x80, 0x03, 0xFF, 0xF8, 0x00, 0x7F, 0x7F, 0x80,
    0x1F, 0xCF, 0xF8, 0x03, 0xF8, 0xFF, 0xC0, 0xFE, 0x1F, 0xFC, 0x3F, 0xC1, 0xFF, 0xFF, 0xF0, 0x0F,
    0xFF, 0xF8, 0x00, 0xFF, 0xFE, 0x00, 0x07, 0xFF, 0xC0, 0x00, 0x7F, 0xFE, 0x00, 0x03, 0xFF, 0xE0,
    0x00, 0x1F, 0xFC, 0x00, 0x00, 0xFF, 0xC0, 0x00, 0x0F, 0xF8, 0x00, 0x00, 0x7F, 0x80, 0x00, 0x0F,
    0xF0, 0x00, 0x00, 0xFE, 0x00, 0x00, 0x1F, 0xC0, 0x00, 0x03, 0xFB, 0x00, 0x00, 0x7F, 0x78, 0x00,
    0x1F, 0xCF, 0xF0, 0x0F, 0xF9, 0xFF, 0xFF, 0xFE, 0x3F, 0xFF, 0xFF, 0x87, 0xFF, 0xFF, 0xE0, 0x1F,
    0xFF, 0xF0, 0x00, 0x7F, 0xF0, 0x00, 0x3C, 0x03, 0xC7, 0xE0, 0x7E, 0xFF, 0x0F, 0xFF, 0xF0, 0xFF,
    0xFF, 0x0F, 0xF7, 0xE0, 0x7E, 0x3C, 0x03, 0xC0, 0x00, 0x00, 0x0F, 0xFC, 0x00, 0x00, 0x00, 0x00,
    0x3F, 0xFF, 0xF0, 0x00, 0x00, 0x00, 0x3F, 0xFF, 0xFF, 0x00, 0x00, 0x00, 0x3F, 0xFF, 0xFF, 0xF0,
    0x00, 0x00, 0x3F, 0xFF, 0xFF, 0xFE, 0x00, 0x00, 0x1F, 0xFE, 0x01, 0xFF, 0xE0, 0x00, 0x0F, 0xFC,
    0x00, 0x0F, 0xFC, 0x00, 0x07, 0xFC, 0x00, 0x00, 0xFF, 0x80, 0x03, 0xFC, 0x00, 0x00, 0x0F, 0xF0,
    0x01, 0xFE, 0x00, 0xFF, 0x01, 0xFE, 0x00, 0xFF, 0x01, 0xFF, 0xFC, 0x3F, 0xC0, 0x3F, 0x81, 0xFF,
    0xFF, 0x87, 0xF0, 0x1F, 0xC0, 0xFF, 0xFF, 0xC0, 0xFE, 0x07, 0xE0, 0x7F, 0xFF, 0xF0, 0x1F, 0x83,
    0xF8, 0x3F, 0xE0, 0x3C, 0x07, 0xF0, 0xFC, 0x1F, 0xE0, 0x00, 0x00, 0xFC, 0x7F, 0x0F, 0xF0, 0x00,
    0x00, 0x3F, 0x9F, 0x83, 0xF8, 0x00, 0x00, 0x07, 0xE7, 0xE1, 0xFC, 0x00, 0x00, 0x01, 0xFB, 0xF8,
    0x7F, 0x00, 0x00, 0x00, 0x7F, 0xFC, 0x3F, 0xC0, 0x00, 0x00, 0x0F, 0xFF, 0x0F, 0xE0, 0x00, 0x00,
    0x03, 0xFF, 0xC3, 0xF8, 0x00, 0x00, 0x00, 0xFF, 0xF0, 0xFE, 0x00, 0x00, 0x00, 0x3F, 0xFC, 0x3F,
    0x80, 0x00, 0x00, 0x0F, 0xFF, 0x0F, 0xE0, 0x00, 0x00, 0x03, 0xFF, 0xC3, 0xF8, 0x00, 0x00, 0x00,
    0xFF, 0xF0, 0xFE, 0x00, 0x00, 0x00, 0x3F, 0xFC, 0x3F, 0x80, 0x00, 0x00, 0x0F, 0xFF, 0x87, 0xF0,
    0x00, 0x00, 0x07, 0xE7, 0xE1, 0xFC, 0x00, 0x00, 0x01, 0xF9, 0xF8, 0x7F, 0x80, 0x00, 0x00, 0x7E,
    0x7F, 0x0F, 0xF0, 0x00, 0x00, 0x3F, 0x8F, 0xC1, 0xFE, 0x00, 0x18, 0x0F, 0xC3, 0xF8, 0x7F, 0xE0,
    0x3E, 0x07, 0xF0, 0x7E, 0x0F, 0xFF, 0xFF, 0x81, 0xF8, 0x1F, 0xC1, 0xFF, 0xFF, 0xE0, 0xFE, 0x03,
    0xF8, 0x1F, 0xFF, 0xF8, 0x7F, 0x00, 0xFF, 0x01, 0xFF, 0xFC, 0x3F, 0xC0, 0x1F, 0xE0, 0x0F, 0xF8,
    0x1F, 0xE0, 0x03, 0xFC, 0x00, 0x00, 0x0F, 0xF0, 0x00, 0x7F, 0xC0, 0x00, 0x0F, 0xF8, 0x00, 0x0F,
    0xFC, 0x00, 0x0F, 0xFC, 0x00, 0x01, 0xFF, 0xE0, 0x1F, 0xFE, 0x00, 0x00, 0x1F, 0xFF, 0xFF, 0xFF,
    0x00, 0x00, 0x03, 0xFF, 0xFF, 0xFF, 0x00, 0x00, 0x00, 0x3F, 0xFF, 0xFF, 0x00, 0x00, 0x00, 0x03,
    0xFF, 0xFF, 0x00, 0x00, 0x00, 0x00, 0x0F, 0xFC, 0x00, 0x00, 0x00, 0x07, 0xF8, 0x00, 0xFF, 0xF0,
    0x07, 0xFF, 0xC0, 0x3F, 0xFF, 0x00, 0x80, 0xFC, 0x00, 0x03, 0xE0, 0x1F, 0x9F, 0x03, 0xFF, 0xF8,
    0x3F, 0xFF, 0xC3, 0xFF, 0xFE, 0x3F, 0x83, 0xF1, 0xF8, 0x0F, 0x8F, 0x80, 0x7C, 0x7C, 0x03, 0xE3,
    0xF0, 0x1F, 0x1F, 0xC1, 0xF8, 0x7F, 0xFF, 0xF3, 0xFF, 0xFF, 0xCF, 0xFE, 0xFC, 0x1F, 0xC1, 0x00,
    0x00, 0x60, 0x06, 0x00, 0x78, 0x07, 0x80, 0x7F, 0x07, 0xE0, 0x3F, 0x03, 0xF0, 0x3F, 0x83, 0xF0,
    0x3F, 0x83, 0xF8, 0x1F, 0x81, 0xF8, 0x1F, 0xC1, 0xF8, 0x1F, 0xC1, 0xFC, 0x0F, 0xC0, 0xFC, 0x0F,
    0xE0, 0xFC, 0x0F, 0xE0, 0xFE, 0x07, 0xE0, 0x7E, 0x07, 0xF0, 0x7F, 0x03, 0xF8, 0x3F, 0x00, 0xFC,
    0x1F, 0xC0, 0x7F, 0x07, 0xF0, 0x1F, 0xC1, 0xF8, 0x07, 0xE0, 0xFE, 0x03, 0xF8, 0x3F, 0x80, 0xFE,
    0x0F, 0xC0, 0x3F, 0x07, 0xF0, 0x1F, 0xC1, 0xFC, 0x07, 0xF0, 0x7E, 0x01, 0xF8, 0x3F, 0x80, 0xFE,
    0x0F, 0xC0, 0x3E, 0x03, 0xC0, 0x0C, 0x01, 0xC0, 0xFF, 0xFF, 0xFF, 0xFF, 0xFF, 0xFF, 0xFF, 0xFF,
    0xFF, 0xFF, 0xFF, 0xFF, 0xFF, 0xFF, 0xFF, 0xFF, 0xFF, 0xFF, 0xFF, 0xFF, 0xFF, 0xFF, 0xFF, 0xFF,
    0xFF, 0xFF, 0xFF, 0x00, 0x00, 0x00, 0x07, 0xF0, 0x00, 0x00, 0x00, 0x7F, 0x00, 0x00, 0x00, 0x07,
    0xF0, 0x00, 0x00, 0x00, 0x7F, 0x00, 0x00, 0x00, 0x07, 0xF0, 0x00, 0x00, 0x00, 0x7F, 0x00, 0x00,
    0x00, 0x07, 0xF0, 0x00, 0x00, 0x00, 0x7F, 0x00, 0x00, 0x00, 0x07, 0xF0, 0x00, 0x00, 0x00, 0x7F,
    0x00, 0x00, 0x0F, 0xFC, 0x00, 0x00, 0x00, 0x00, 0x3F, 0xFF, 0xF0, 0x00, 0x00, 0x00, 0x3F, 0xFF,
    0xFF, 0x00, 0x00, 0x00, 0x3F, 0xFF, 0xFF, 0xF0, 0x00, 0x00, 0x3F, 0xFF, 0xFF, 0xFE, 0x00, 0x00,
    0x1F, 0xFE, 0x01, 0xFF, 0xE0, 0x00, 0x0F, 0xFC, 0x00, 0x0F, 0xFC, 0x00, 0x07, 0xFC, 0x00, 0x00,
    0xFF, 0x80, 0x03, 0xFC, 0x00, 0x00, 0x0F, 0xF0, 0x01, 0xFE, 0x00, 0x00, 0x01, 0xFE, 0x00, 0xFF,
    0xFF, 0xFF, 0xC0, 0x3F, 0xC0, 0x3F, 0xBF, 0xFF, 0xFC, 0x07, 0xF0, 0x1F, 0xCF, 0xFF, 0xFF, 0xC0,
    0xFE, 0x07, 0xE3, 0xFF, 0xFF, 0xF8, 0x1F, 0x83, 0xF8, 0x1F, 0x00, 0xFE, 0x07, 0xF0, 0xFC, 0x07,
    0xC0, 0x1F, 0xC0, 0xFC, 0x7F, 0x01, 0xF0, 0x03, 0xF0, 0x3F, 0x9F, 0x80, 0x7C, 0x00, 0xFC, 0x07,
    0xE7, 0xE0, 0x1F, 0x00, 0x3F, 0x01, 0xFB, 0xF8, 0x07, 0xC0, 0x0F, 0xC0, 0x7F, 0xFC, 0x01, 0xF0,
    0x07, 0xF0, 0x0F, 0xFF, 0x00, 0x7C, 0x03, 0xF8, 0x03, 0xFF, 0xC0, 0x1F, 0xFF, 0xFE, 0x00, 0xFF,
    0xF0, 0x07, 0xFF, 0xFF, 0x00, 0x3F, 0xFC, 0x01, 0xFF, 0xFF, 0x80, 0x0F, 0xFF, 0x00, 0x7F, 0xFF,
    0x80, 0x03, 0xFF, 0xC0, 0x1F, 0xFF, 0xE0, 0x00, 0xFF, 0xF0, 0x07, 0xC1, 0xFC, 0x00, 0x3F, 0xFC,
    0x01, 0xF0, 0x3F, 0x80, 0x0F, 0xFF, 0x80, 0x7C, 0x07, 0xE0, 0x07, 0xE7, 0xE0, 0x1F, 0x01, 0xF8,
    0x01, 0xF9, 0xF8, 0x07, 0xC0, 0x3F, 0x00, 0x7E, 0x7F, 0x01, 0xF0, 0x0F, 0xC0, 0x3F, 0x8F, 0xC0,
    0x7C, 0x03, 0xF0, 0x0F, 0xC3, 0xF0, 0x1F, 0x00, 0x7E, 0x07, 0xF0, 0x7E, 0x3F, 0xF8, 0x1F, 0xF1,
    0xF8, 0x1F, 0xCF, 0xFE, 0x07, 0xFC, 0xFE, 0x03, 0xFB, 0xFF, 0x80, 0xFF, 0x7F, 0x00, 0xFE, 0xFF,
    0xE0, 0x1F, 0xFF, 0xC0, 0x1F, 0xC0, 0x00, 0x00, 0x1F, 0xE0, 0x03, 0xFC, 0x00, 0x00, 0x0F, 0xF0,
    0x00, 0x7F, 0x80, 0x00, 0x0F, 0xF8, 0x00, 0x0F, 0xF8, 0x00, 0x0F, 0xFC, 0x00, 0x01, 0xFF, 0xC0,
    0x1F, 0xFE, 0x00, 0x00, 0x1F, 0xFF, 0xFF, 0xFF, 0x00, 0x00, 0x03, 0xFF, 0xFF, 0xFF, 0x00, 0x00,
    0x00, 0x3F, 0xFF, 0xFF, 0x00, 0x00, 0x00, 0x03, 0xFF, 0xFF, 0x00, 0x00, 0x00, 0x00, 0x0F, 0xFC,
    0x00, 0x00, 0x00, 0xFF, 0xFF, 0xFF, 0xFF, 0xFF, 0xFF, 0xFF, 0xFF, 0xFF, 0xFF, 0xFF, 0x03, 0xF8,
    0x01, 0xFF, 0xC0, 0x7F, 0xFC, 0x1F, 0xFF, 0xC7, 0xFF, 0xFC, 0xFC, 0x1F, 0xBF, 0x01, 0xFF, 0xC0,
    0x1F, 0xF8, 0x03, 0xFF, 0x00, 0x7F, 0xE0, 0x0F, 0xFC, 0x01, 0xFF, 0xC0, 0x7E, 0xFC, 0x1F, 0x9F,
    0xFF, 0xF1, 0xFF, 0xFC, 0x1F, 0xFF, 0x01, 0xFF, 0xC0, 0x0F, 0xE0, 0x00, 0x00, 0x03, 0xF8, 0x00,
    0x00, 0x00, 0x7F, 0x00, 0x00, 0x00, 0x0F, 0xE0, 0x00, 0x00, 0x01, 0xFC, 0x00, 0x00, 0x00, 0x3F,
    0x80, 0x00, 0x00, 0x07, 0xF0, 0x00, 0x00, 0x00, 0xFE, 0x00, 0x00, 0x00, 0x1F, 0xC0, 0x00, 0x00,
    0x03, 0xF8, 0x00, 0x00, 0x00, 0x7F, 0x00, 0x00, 0x00, 0x0F, 0xE0, 0x00, 0x00, 0x01, 0xFC, 0x00,
    0x0F, 0xFF, 0xFF, 0xFF, 0xFF, 0xFF, 0xFF, 0xFF, 0xFF, 0xFF, 0xFF, 0xFF, 0xFF, 0xFF, 0xFF, 0xFF,
    0xFF, 0xFF, 0xFF, 0xFF, 0xFF, 0xFF, 0xFF, 0xFF, 0xFF, 0xFF, 0xFC, 0x00, 0x0F, 0xE0, 0x00, 0x00,
    0x01, 0xFC, 0x00, 0x00, 0x00, 0x3F, 0x80, 0x00, 0x00, 0x07, 0xF0, 0x00, 0x00, 0x00, 0xFE, 0x00,
    0x00, 0x00, 0x1F, 0xC0, 0x00, 0x00, 0x03, 0xF8, 0x00, 0x00, 0x00, 0x7F, 0x00, 0x00, 0x00, 0x0F,
    0xE0, 0x00, 0x00, 0x01, 0xFC, 0x00, 0x00, 0x00, 0x3F, 0x80, 0x00, 0x00, 0x07, 0xF0, 0x00, 0x00,
    0x00, 0x00, 0x00, 0x07, 0xFF, 0xFF, 0xFF, 0xFE, 0xFF, 0xFF, 0xFF, 0xFF, 0xDF, 0xFF, 0xFF, 0xFF,
    0xFB, 0xFF, 0xFF, 0xFF, 0xFF, 0x7F, 0xFF, 0xFF, 0xFF, 0xEF, 0xFF, 0xFF, 0xFF, 0xFC, 0x00, 0xFE,
    0x00, 0x3F, 0xFC, 0x03, 0xFF, 0xF0, 0x7F, 0xFF, 0xC7, 0xFF, 0xFF, 0x1F, 0x83, 0xF8, 0x70, 0x0F,
    0xC2, 0x00, 0x7E, 0x00, 0x03, 0xF0, 0x00, 0x1F, 0x80, 0x00, 0xFC, 0x00, 0x0F, 0xC0, 0x00, 0xFE,
    0x00, 0x0F, 0xE0, 0x00, 0xFE, 0x00, 0x0F, 0xE0, 0x01, 0xFE, 0x00, 0x1F, 0xE0, 0x01, 0xFC, 0x00,
    0x3F, 0xC0, 0xF3, 0xFF, 0xEF, 0xBF, 0xFF, 0xFF, 0xFF, 0xFF, 0xFF, 0xFF, 0xFE, 0xFF, 0xFF, 0xE3,
    0x00, 0x38, 0x00, 0x03, 0xFC, 0x00, 0xFF, 0xF0, 0x3F, 0xFF, 0x87, 0xFF, 0xFC, 0xFF, 0xFF, 0xE7,
    0xC0, 0xFE, 0x30, 0x07, 0xE0, 0x00, 0x7E, 0x00, 0x07, 0xE0, 0x00, 0xFE, 0x01, 0xFF, 0xC0, 0x1F,
    0xF8, 0x01, 0xFF, 0x80, 0x1F, 0xFC, 0x01, 0xFF, 0xE0, 0x00, 0xFE, 0x00, 0x07, 0xF0, 0x00, 0x3F,
    0x00, 0x03, 0xFE, 0x00, 0x7F, 0xFC, 0x0F, 0xFF, 0xFF, 0xFE, 0xFF, 0xFF, 0xCF, 0xFF, 0xF8, 0x3F,
    0xFF, 0x00, 0x7F, 0xC0, 0x00, 0xFE, 0x01, 0xF8, 0x07, 0xE0, 0x1F, 0xC0, 0x7F, 0x00, 0xFC, 0x03,
    0xF0, 0x0F, 0xC0, 0x3F, 0x00, 0x7E, 0x01, 0xF8, 0x07, 0xE0, 0x00, 0x0F, 0x80, 0x00, 0x1F, 0x80,
    0xFF, 0x80, 0x00, 0x7E, 0x07, 0xFF, 0x00, 0x01, 0xF8, 0x3F, 0xFC, 0x00, 0x07, 0xE0, 0x7F, 0xF0,
    0x00, 0x1F, 0x80, 0x8F, 0xC0, 0x00, 0x7E, 0x00, 0x3F, 0x00, 0x01, 0xF8, 0x00, 0xFC, 0x00, 0x07,
    0xE0, 0x03, 0xF0, 0x00, 0x1F, 0x80, 0x0F, 0xC0, 0x00, 0x7E, 0x00, 0x3F, 0x00, 0x01, 0xF8, 0x00,
    0xFC, 0x00, 0x07, 0xE0, 0x03, 0xF0, 0x00, 0x1F, 0x80, 0x0F, 0xC0, 0x00, 0x7E, 0x00, 0x3F, 0x00,
    0x01, 0xF8, 0x00, 0xFC, 0x00, 0x07, 0xE0, 0x03, 0xF0, 0x00, 0x1F, 0x80, 0x0F, 0xC0, 0x00, 0xFE,
    0x00, 0x3F, 0x00, 0x03, 0xF8, 0x00, 0xFC, 0x00, 0x0F, 0xE0, 0x03, 0xF0, 0x00, 0x3F, 0x80, 0x0F,
    0xE0, 0x00, 0xFE, 0x00, 0x3F, 0x80, 0x07, 0xF8, 0x00, 0xFE, 0x00, 0x1F, 0xE0, 0x03, 0xFC, 0x00,
    0xFF, 0x80, 0x0F, 0xF0, 0x07, 0xFE, 0x00, 0x3F, 0xF0, 0x7F, 0xFD, 0x80, 0xFF, 0xFF, 0xFF, 0xFF,
    0x03, 0xFF, 0xFF, 0xFF, 0xFC, 0x0F, 0xFF, 0xFF, 0x7F, 0xF0, 0x3F, 0xFF, 0xF8, 0xFF, 0x80, 0xFD,
    0xFF, 0xC1, 0xF0, 0x03, 0xF0, 0xFC, 0x00, 0x00, 0x0F, 0xC0, 0x00, 0x00, 0x00, 0x3F, 0x00, 0x00,
    0x00, 0x00, 0xFC, 0x00, 0x00, 0x00, 0x03, 0xF0, 0x00, 0x00, 0x00, 0x0F, 0xC0, 0x00, 0x00, 0x00,
    0x3F, 0x00, 0x00, 0x00, 0x00, 0xFC, 0x00, 0x00, 0x00, 0x03, 0xF0, 0x00, 0x00, 0x00, 0x0F, 0xC0,
    0x00, 0x00, 0x00, 0x3F, 0x00, 0x00, 0x00, 0x00, 0xFC, 0x00, 0x00, 0x00, 0x03, 0xF0, 0x00, 0x00,
    0x00, 0x0F, 0xC0, 0x00, 0x00, 0x00, 0x3F, 0x00, 0x00, 0x00, 0x00, 0x00, 0x03, 0xFF, 0xFF, 0xFE,
    0x00, 0x0F, 0xFF, 0xFF, 0xFF, 0x00, 0x1F, 0xFF, 0xFF, 0xFF, 0x80, 0x3F, 0xFF, 0xFF, 0xFF, 0xC0,
    0x3F, 0xFF, 0xFF, 0xFF, 0xE0, 0x3F, 0xFF, 0xE0, 0x7F, 0x00, 0x3F, 0xFF, 0xF0, 0x3F, 0x80, 0x1F,
    0xFF, 0xF8, 0x1F, 0xC0, 0x1F, 0xFF, 0xFC, 0x0F, 0xE0, 0x0F, 0xFF, 0xFE, 0x07, 0xF0, 0x0F, 0xFF,
    0xFF, 0x03, 0xF8, 0x07, 0xFF, 0xFF, 0x81, 0xFC, 0x07, 0xFF, 0xFF, 0xC0, 0xFE, 0x03, 0xFF, 0xFF,
    0xE0, 0x7F, 0x01, 0xFF, 0xFF, 0xF0, 0x3F, 0x80, 0xFF, 0xFF, 0xF8, 0x1F, 0xC0, 0xFF, 0xFF, 0xFC,
    0x0F, 0xE0, 0x7F, 0xFF, 0xFE, 0x07, 0xF0, 0x3F, 0xFF, 0xFF, 0x03, 0xF8, 0x1F, 0xFF, 0xFF, 0x81,
    0xFC, 0x0F, 0xFF, 0xFF, 0xC0, 0xFE, 0x07, 0xFF, 0xFF, 0xE0, 0x7F, 0x03, 0xFF, 0xFF, 0xF0, 0x3F,
    0x81, 0xFF, 0xFF, 0xF8, 0x1F, 0xC0, 0xFF, 0xFF, 0xFC, 0x0F, 0xE0, 0x3F, 0xFF, 0xFE, 0x07, 0xF0,
    0x1F, 0xFF, 0xFF, 0x03, 0xF8, 0x0F, 0xFF, 0xFF, 0x81, 0xFC, 0x07, 0xFF, 0xFF, 0xC0, 0xFE, 0x01,
    0xFF, 0xFF, 0xE0, 0x7F, 0x00, 0xFF, 0xFF, 0xF0, 0x3F, 0x80, 0x3F, 0xFF, 0xF8, 0x1F, 0xC0, 0x1F,
    0xFF, 0xFC, 0x0F, 0xE0, 0x07, 0xFF, 0xFE, 0x07, 0xF0, 0x01, 0xFF, 0xFF, 0x03, 0xF8, 0x00, 0x7F,
    0xFF, 0x81, 0xFC, 0x00, 0x1F, 0xFF, 0xC0, 0xFE, 0x00, 0x07, 0xFF, 0xE0, 0x7F, 0x00, 0x00, 0xFF,
    0xF0, 0x3F, 0x80, 0x00, 0x0F, 0xF8, 0x1F, 0xC0, 0x00, 0x01, 0xFC, 0x0F, 0xE0, 0x00, 0x00, 0xFE,
    0x07, 0xF0, 0x00, 0x00, 0x7F, 0x03, 0xF8, 0x00, 0x00, 0x3F, 0x81, 0xFC, 0x00, 0x00, 0x1F, 0xC0,
    0xFE, 0x00, 0x00, 0x0F, 0xE0, 0x7F, 0x00, 0x00, 0x07, 0xF0, 0x3F, 0x80, 0x00, 0x03, 0xF8, 0x1F,
    0xC0, 0x00, 0x01, 0xFC, 0x0F, 0xE0, 0x00, 0x00, 0xFE, 0x07, 0xF0, 0x00, 0x00, 0x7F, 0x03, 0xF8,
    0xC0, 0x00, 0x3F, 0x81, 0xFF, 0xE0, 0x00, 0x1F, 0xC0, 0xFF, 0xF8, 0x00, 0x0F, 0xE0, 0x3F, 0xFC,
    0x00, 0x07, 0xF0, 0x1F, 0xFC, 0x00, 0x03, 0xF8, 0x07, 0xF8, 0x00, 0x01, 0xFC, 0x00, 0x00, 0x00,
    0x00, 0xFF, 0x70, 0x00, 0x00, 0x00, 0x7F, 0xF8, 0x00, 0x00, 0x00, 0x3F, 0xFE, 0x00, 0x00, 0x00,
    0x0F, 0xFF, 0x00, 0x00, 0x00, 0x07, 0xFE, 0x00, 0x00, 0x00, 0x00, 0xFC, 0x00, 0x00, 0x3C, 0x7E,
    0xFF, 0xFF, 0xFF, 0xFF, 0x7E, 0x3C, 0x03, 0xE0, 0x07, 0x80, 0x1E, 0x00, 0x7F, 0x81, 0xFF, 0xC7,
    0xFF, 0xC7, 0xFF, 0x84, 0x1F, 0x00, 0x3F, 0xC0, 0xFF, 0xFF, 0xFF, 0xFF, 0xEF, 0xFF, 0x83, 0xFC,
    0x00, 0x01, 0x81, 0xF8, 0xFF, 0x8F, 0xF8, 0xFF, 0x8F, 0xF8, 0x0F, 0x80, 0xF8, 0x0F, 0x80, 0xF8,
    0x0F, 0x80, 0xF8, 0x0F, 0x80, 0xF8, 0x0F, 0x80, 0xF8, 0x0F, 0x80, 0xF8, 0x0F, 0x80, 0xF8, 0x0F,
    0x8F, 0xFF, 0xFF, 0xFF, 0xFF, 0xFF, 0xF0, 0x01, 0xFC, 0x00, 0x7F, 0xFC, 0x07, 0xFF, 0xF0, 0x7F,
    0xFF, 0xC7, 0xF0, 0x7F, 0x3F, 0x00, 0xF9, 0xF0, 0x07, 0xDF, 0x00, 0x1F, 0xF8, 0x00, 0xFF, 0xC0,
    0x07, 0xFE, 0x00, 0x3F, 0xF0, 0x01, 0xFF, 0x80, 0x0F, 0xFE, 0x00, 0xF9, 0xF0, 0x07, 0xCF, 0xE0,
    0xFE, 0x3F, 0xFF, 0xE0, 0xFF, 0xFE, 0x03, 0xFF, 0xE0, 0x03, 0xF8, 0x00, 0x18, 0x01, 0x80, 0x3C,
    0x03, 0xC0, 0x3F, 0x03, 0xF0, 0x1F, 0xC1, 0xFC, 0x07, 0xE0, 0x7E, 0x01, 0xF8, 0x3F, 0x80, 0xFE,
    0x0F, 0xE0, 0x3F, 0x03, 0xF0, 0x0F, 0xC1, 0xFC, 0x07, 0xF0, 0x7F, 0x01, 0xF8, 0x1F, 0x80, 0xFE,
    0x0F, 0xE0, 0x3F, 0x83, 0xF8, 0x0F, 0xC0, 0xFC, 0x07, 0xF0, 0x7E, 0x07, 0xF0, 0x7F, 0x03, 0xF0,
    0x7F, 0x03, 0xF8, 0x3F, 0x03, 0xF8, 0x3F, 0x81, 0xF8, 0x3F, 0x81, 0xFC, 0x1F, 0x81, 0xFC, 0x1F,
    0xC0, 0xFC, 0x1F, 0xC0, 0xFE, 0x0F, 0xC0, 0xFE, 0x0F, 0xE0, 0x7E, 0x07, 0xE0, 0x1F, 0x01, 0xE0,
    0x03, 0x00, 0x70, 0x00, 0x00, 0x00, 0x00, 0x00, 0x00, 0x18, 0x00, 0x3E, 0x00, 0x00, 0x00, 0x01,
    0xF0, 0x1F, 0xF0, 0x00, 0x00, 0x00, 0x1F, 0xC1, 0xFF, 0x80, 0x00, 0x00, 0x01, 0xFC, 0x0F, 0xFC,
    0x00, 0x00, 0x00, 0x0F, 0xE0, 0x7F, 0xE0, 0x00, 0x00, 0x00, 0xFE, 0x03, 0xFF, 0x00, 0x00, 0x00,
    0x0F, 0xE0, 0x01, 0xF8, 0x00, 0x00, 0x00, 0xFE, 0x00, 0x0F, 0xC0, 0x00, 0x00, 0x0F, 0xE0, 0x00,
    0x7E, 0x00, 0x00, 0x00, 0x7F, 0x00, 0x03, 0xF0, 0x00, 0x00, 0x07, 0xF0, 0x00, 0x1F, 0x80, 0x00,
    0x00, 0x7F, 0x00, 0x00, 0xFC, 0x00, 0x00, 0x07, 0xF0, 0x00, 0x07, 0xE0, 0x00, 0x00, 0x3F, 0x80,
    0x00, 0x3F, 0x00, 0x00, 0x03, 0xF8, 0x00, 0x01, 0xF8, 0x00, 0x00, 0x3F, 0x80, 0x00, 0x0F, 0xC0,
    0x00, 0x03, 0xF8, 0x00, 0x00, 0x7E, 0x00, 0x00, 0x1F, 0xC0, 0x00, 0x03, 0xF0, 0x00, 0x01, 0xFC,
    0x00, 0x00, 0x1F, 0x80, 0x00, 0x1F, 0xC0, 0x00, 0x00, 0xFC, 0x00, 0x01, 0xFC, 0x00, 0x00, 0x07,
    0xE0, 0x00, 0x1F, 0xC0, 0x00, 0x03, 0xFF, 0xF0, 0x00, 0xFE, 0x00, 0x00, 0x1F, 0xFF, 0x80, 0x0F,
    0xE0, 0x00, 0x00, 0xFF, 0xFC, 0x00, 0xFE, 0x00, 0x3F, 0xC7, 0xFF, 0xE0, 0x0F, 0xE0, 0x03, 0xFE,
    0x3F, 0xFE, 0x00, 0x7F, 0x00, 0x1F, 0xF0, 0x00, 0x00, 0x07, 0xF0, 0x01, 0xFF, 0x80, 0x00, 0x00,
    0x7F, 0x00, 0x1F, 0xFC, 0x00, 0x00, 0x07, 0xF0, 0x01, 0xFF, 0xE0, 0x00, 0x00, 0x3F, 0x80, 0x0F,
    0xBF, 0x00, 0x00, 0x03, 0xF8, 0x00, 0xF9, 0xF8, 0x00, 0x00, 0x3F, 0x80, 0x0F, 0xCF, 0xC0, 0x00,
    0x03, 0xF8, 0x00, 0xFC, 0x7E, 0x00, 0x00, 0x1F, 0x80, 0x0F, 0xC3, 0xF0, 0x00, 0x01, 0xFC, 0x00,
    0x7E, 0x1F, 0x80, 0x00, 0x1F, 0xC0, 0x07, 0xE0, 0xFC, 0x00, 0x01, 0xFC, 0x00, 0x7E, 0x07, 0xE0,
    0x00, 0x1F, 0xC0, 0x07, 0xF0, 0x3F, 0x00, 0x00, 0xFE, 0x00, 0x3F, 0xFF, 0xFF, 0x00, 0x0F, 0xE0,
    0x01, 0xFF, 0xFF, 0xF8, 0x00, 0xFE, 0x00, 0x0F, 0xFF, 0xFF, 0xC0, 0x0F, 0xE0, 0x00, 0x7F, 0xFF,
    0xFE, 0x00, 0x7F, 0x00, 0x03, 0xFF, 0xFF, 0xF0, 0x07, 0xF0, 0x00, 0x00, 0x00, 0xFC, 0x00, 0x7F,
    0x00, 0x00, 0x00, 0x3F, 0xFC, 0x07, 0xF0, 0x00, 0x00, 0x01, 0xFF, 0xE0, 0x3F, 0x00, 0x00, 0x00,
    0x0F, 0xFF, 0x03, 0xF8, 0x00, 0x00, 0x00, 0x7F, 0xF8, 0x07, 0x80, 0x00, 0x00, 0x00, 0x00, 0x00,
    0x18, 0x00, 0x00, 0x00, 0x00, 0x00, 0x00, 0x00, 0x00, 0x00, 0x00, 0xE0, 0x00, 0x1F, 0x00, 0x00,
    0x00, 0x03, 0xC0, 0x07, 0xFC, 0x00, 0x00, 0x00, 0x1F, 0xC0, 0x3F, 0xF0, 0x00, 0x00, 0x00, 0xFE,
    0x00, 0xFF, 0xC0, 0x00, 0x00, 0x07, 0xF0, 0x03, 0xFF, 0x00, 0x00, 0x00, 0x3F, 0x80, 0x0F, 0xFC,
    0x00, 0x00, 0x00, 0xFE, 0x00, 0x03, 0xF0, 0x00, 0x00, 0x07, 0xF0, 0x00, 0x0F, 0xC0, 0x00, 0x00,
    0x3F, 0x80, 0x00, 0x3F, 0x00, 0x00, 0x01, 0xFC, 0x00, 0x00, 0xFC, 0x00, 0x00, 0x07, 0xF0, 0x00,
    0x03, 0xF0, 0x00, 0x00, 0x3F, 0x80, 0x00, 0x0F, 0xC0, 0x00, 0x01, 0xFC, 0x00, 0x00, 0x3F, 0x00,
    0x00, 0x0F, 0xE0, 0x00, 0x00, 0xFC, 0x00, 0x00, 0x3F, 0x80, 0x00, 0x03, 0xF0, 0x00, 0x01, 0xFC,
    0x00, 0x00, 0x0F, 0xC0, 0x00, 0x0F, 0xE0, 0x00, 0x00, 0x3F, 0x00, 0x00, 0x7F, 0x00, 0x00, 0x00,
    0xFC, 0x00, 0x03, 0xF8, 0x00, 0x00, 0x03, 0xF0, 0x00, 0x0F, 0xE0, 0x00, 0x00, 0x0F, 0xC0, 0x00,
    0x7F, 0x00, 0x00, 0x00, 0x3F, 0x00, 0x03, 0xF8, 0x00, 0x00, 0x0F, 0xFF, 0xC0, 0x1F, 0xC0, 0x00,
    0x00, 0x3F, 0xFF, 0x00, 0x7F, 0x00, 0x3F, 0x80, 0xFF, 0xFC, 0x03, 0xF8, 0x07, 0xFF, 0xC3, 0xFF,
    0xF0, 0x1F, 0xC0, 0x3F, 0xFF, 0x8F, 0xFF, 0x80, 0xFE, 0x03, 0xFF, 0xFF, 0x00, 0x00, 0x03, 0xF8,
    0x0F, 0xFF, 0xFC, 0x00, 0x00, 0x1F, 0xC0, 0x3F, 0x07, 0xF8, 0x00, 0x00, 0xFE, 0x00, 0x70, 0x07,
    0xE0, 0x00, 0x07, 0xF0, 0x00, 0x80, 0x1F, 0x80, 0x00, 0x1F, 0x80, 0x00, 0x00, 0x7E, 0x00, 0x00,
    0xFE, 0x00, 0x00, 0x01, 0xF8, 0x00, 0x07, 0xF0, 0x00, 0x00, 0x0F, 0xE0, 0x00, 0x3F, 0x80, 0x00,
    0x00, 0x3F, 0x00, 0x01, 0xFC, 0x00, 0x00, 0x01, 0xF8, 0x00, 0x07, 0xF0, 0x00, 0x00, 0x0F, 0xE0,
    0x00, 0x3F, 0x80, 0x00, 0x00, 0xFF, 0x00, 0x01, 0xFC, 0x00, 0x00, 0x07, 0xF8, 0x00, 0x0F, 0xE0,
    0x00, 0x00, 0x3F, 0xC0, 0x00, 0x3F, 0x00, 0x00, 0x03, 0xFC, 0x00, 0x01, 0xFC, 0x00, 0x00, 0x1F,
    0xE0, 0x00, 0x0F, 0xE0, 0x00, 0x00, 0xFF, 0x03, 0xC0, 0x7F, 0x00, 0x00, 0x07, 0xFF, 0x1F, 0x01,
    0xF8, 0x00, 0x00, 0x7F, 0xFF, 0xFC, 0x0F, 0xE0, 0x00, 0x03, 0xFF, 0xFF, 0xE0, 0x7F, 0x00, 0x00,
    0x0F, 0xFF, 0xFF, 0x83, 0xF8, 0x00, 0x00, 0x3F, 0xFF, 0xFC, 0x0F, 0xC0, 0x00, 0x00, 0x7E, 0x7F,
    0xE0, 0x0F, 0x00, 0x00, 0x00, 0x00, 0x00, 0x00, 0x18, 0x00, 0x00, 0x00, 0x00, 0x00, 0x00, 0x00,
    0x00, 0x00, 0x00, 0x00, 0x03, 0x00, 0x03, 0xFC, 0x00, 0x00, 0x00, 0x07, 0xC0, 0x1F, 0xFF, 0x00,
    0x00, 0x00, 0x0F, 0xE0, 0x3F, 0xFF, 0xC0, 0x00, 0x00, 0x1F, 0xC0, 0xFF, 0xFF, 0xC0, 0x00, 0x00,
    0x1F, 0xC0, 0xFF, 0xFF, 0xE0, 0x00, 0x00, 0x3F, 0x80, 0x7C, 0x0F, 0xE0, 0x00, 0x00, 0x7F, 0x00,
    0x70, 0x07, 0xE0, 0x00, 0x00, 0xFE, 0x00, 0x00, 0x07, 0xE0, 0x00, 0x00, 0xFE, 0x00, 0x00, 0x07,
    0xE0, 0x00, 0x01, 0xFC, 0x00, 0x00, 0x0F, 0xE0, 0x00, 0x03, 0xF8, 0x00, 0x03, 0xFF, 0xC0, 0x00,
    0x07, 0xF0, 0x00, 0x03, 0xFF, 0x80, 0x00, 0x0F, 0xE0, 0x00, 0x03, 0xFF, 0x80, 0x00, 0x0F, 0xE0,
    0x00, 0x03, 0xFF, 0xC0, 0x00, 0x1F, 0xC0, 0x00, 0x03, 0xFF, 0xE0, 0x00, 0x3F, 0x80, 0x00, 0x00,
    0x07, 0xF0, 0x00, 0x7F, 0x00, 0x00, 0x00, 0x03, 0xF0, 0x00, 0x7F, 0x00, 0x00, 0x00, 0x03, 0xF0,
    0x00, 0xFE, 0x00, 0x00, 0x00, 0x03, 0xF0, 0x01, 0xFC, 0x00, 0x00, 0xC0, 0x07, 0xF0, 0x03, 0xF8,
    0x00, 0x00, 0xF8, 0x0F, 0xF0, 0x03, 0xF8, 0x00, 0x00, 0xFF, 0xFF, 0xE0, 0x07, 0xF0, 0x00, 0x00,
    0xFF, 0xFF, 0xE0, 0x0F, 0xE0, 0x00, 0x00, 0xFF, 0xFF, 0xC0, 0x1F, 0xC0, 0x07, 0xF8, 0x3F, 0xFF,
    0x00, 0x3F, 0x80, 0x0F, 0xF8, 0x07, 0xFC, 0x00, 0x3F, 0x80, 0x0F, 0xF8, 0x00, 0x00, 0x00, 0x7F,
    0x00, 0x1F, 0xF8, 0x00, 0x00, 0x00, 0xFE, 0x00, 0x3F, 0xF8, 0x00, 0x00, 0x01, 0xFC, 0x00, 0x7F,
    0xF8, 0x00, 0x00, 0x01, 0xFC, 0x00, 0xFD, 0xF8, 0x00, 0x00, 0x03, 0xF8, 0x00, 0xFD, 0xF8, 0x00,
    0x00, 0x07, 0xF0, 0x01, 0xF9, 0xF8, 0x00, 0x00, 0x0F, 0xE0, 0x03, 0xF1, 0xF8, 0x00, 0x00, 0x0F,
    0xE0, 0x07, 0xE1, 0xF8, 0x00, 0x00, 0x1F, 0xC0, 0x07, 0xE1, 0xF8, 0x00, 0x00, 0x3F, 0x80, 0x0F,
    0xC1, 0xF8, 0x00, 0x00, 0x7F, 0x00, 0x1F, 0x81, 0xF8, 0x00, 0x00, 0xFE, 0x00, 0x3F, 0x81, 0xF8,
    0x00, 0x00, 0xFE, 0x00, 0x3F, 0xFF, 0xFF, 0x00, 0x01, 0xFC, 0x00, 0x3F, 0xFF, 0xFF, 0x00, 0x03,
    0xF8, 0x00, 0x3F, 0xFF, 0xFF, 0x00, 0x07, 0xF0, 0x00, 0x3F, 0xFF, 0xFF, 0x00, 0x07, 0xF0, 0x00,
    0x3F, 0xFF, 0xFF, 0x00, 0x0F, 0xE0, 0x00, 0x00, 0x01, 0xF8, 0x00, 0x1F, 0xC0, 0x00, 0x00, 0x0F,
    0xFF, 0x00, 0x3F, 0x80, 0x00, 0x00, 0x0F, 0xFF, 0x00, 0x3F, 0x00, 0x00, 0x00, 0x0F, 0xFF, 0x00,
    0x7F, 0x00, 0x00, 0x00, 0x0F, 0xFF, 0x00, 0x1E, 0x00, 0x00, 0x00, 0x00, 0x00, 0x00, 0x0C, 0x00,
    0x00, 0x00, 0x00, 0x00, 0x00, 0x07, 0x80, 0x00, 0x03, 0xF8, 0x00, 0x00, 0xFF, 0x00, 0x00, 0x1F,
    0xF0, 0x00, 0x03, 0xFE, 0x00, 0x00, 0x7F, 0xC0, 0x00, 0x0F, 0xF8, 0x00, 0x00, 0xFE, 0x00, 0x00,
    0x0F, 0x80, 0x00, 0x00, 0x00, 0x00, 0x00, 0x00, 0x00, 0x00, 0x00, 0x00, 0x00, 0x00, 0xF8, 0x00,
    0x00, 0x3F, 0x80, 0x00, 0x07, 0xF0, 0x00, 0x00, 0xFE, 0x00, 0x00, 0x1F, 0xC0, 0x00, 0x03, 0xF8,
    0x00, 0x00, 0x7F, 0x00, 0x00, 0x1F, 0xE0, 0x00, 0x03, 0xF8, 0x00, 0x00, 0xFF, 0x00, 0x00, 0x3F,
    0xC0, 0x00, 0x0F, 0xF8, 0x00, 0x03, 0xFE, 0x00, 0x00, 0xFF, 0x80, 0x00, 0x3F, 0xE0, 0x00, 0x0F,
    0xF8, 0x00, 0x03, 0xFE, 0x00, 0x00, 0x7F, 0x80, 0x00, 0x1F, 0xE0, 0x00, 0x03, 0xF8, 0x00, 0x00,
    0xFF, 0x00, 0x00, 0x1F, 0xC0, 0x00, 0x03, 0xF8, 0x00, 0x00, 0x7F, 0x00, 0x00, 0x0F, 0xE0, 0x00,
    0x01, 0xFC, 0x00, 0x02, 0x3F, 0xC0, 0x00, 0x67, 0xF8, 0x00, 0x3E, 0x7F, 0x80, 0x0F, 0xEF, 0xFC,
    0x07, 0xFC, 0xFF, 0xFF, 0xFF, 0x0F, 0xFF, 0xFF, 0xC0, 0xFF, 0xFF, 0xF0, 0x0F, 0xFF, 0xF8, 0x00,
    0x7F, 0xFE, 0x00, 0x01, 0xFE, 0x00, 0x00, 0x60, 0x00, 0x00, 0x00, 0x00, 0x07, 0xF0, 0x00, 0x00,
    0x00, 0x00, 0x7F, 0xF0, 0x00, 0x00, 0x00, 0x07, 0xFF, 0xF8, 0x00, 0x00, 0x00, 0x7F, 0xFF, 0xFC,
    0x00, 0x00, 0x07, 0xFF, 0xFF, 0xE0, 0x00, 0x00, 0x3F, 0xFF, 0xFE, 0x00, 0x00, 0x00, 0x07, 0xFF,
    0xE0, 0x00, 0x00, 0x00, 0x01, 0xFE, 0x00, 0x00, 0x00, 0x00, 0x00, 0x40, 0x00, 0x00, 0x00, 0x00,
    0x00, 0x00, 0x00, 0x00, 0x00, 0x00, 0x00, 0x00, 0x00, 0x00, 0x1F, 0xC0, 0x00, 0x00, 0x00, 0x01,
    0xFC, 0x00, 0x00, 0x00, 0x00, 0x3F, 0xC0, 0x00, 0x00, 0x00, 0x03, 0xFE, 0x00, 0x00, 0x00, 0x00,
    0x3F, 0xE0, 0x00, 0x00, 0x00, 0x07, 0xFE, 0x00, 0x00, 0x00, 0x00, 0x7F, 0xF0, 0x00, 0x00, 0x00,
    0x0F, 0xFF, 0x00, 0x00, 0x00, 0x00, 0xFF, 0xF0, 0x00, 0x00, 0x00, 0x0F, 0xFF, 0x80, 0x00, 0x00,
    0x01, 0xF9, 0xF8, 0x00, 0x00, 0x00, 0x1F, 0x9F, 0xC0, 0x00, 0x00, 0x01, 0xF9, 0xFC, 0x00, 0x00,
    0x00, 0x3F, 0x0F, 0xC0, 0x00, 0x00, 0x03, 0xF0, 0xFE, 0x00, 0x00, 0x00, 0x3E, 0x0F, 0xE0, 0x00,
    0x00, 0x07, 0xE0, 0x7E, 0x00, 0x00, 0x00, 0x7E, 0x07, 0xF0, 0x00, 0x00, 0x0F, 0xC0, 0x7F, 0x00,
    0x00, 0x00, 0xFC, 0x03, 0xF0, 0x00, 0x00, 0x0F, 0xC0, 0x3F, 0x80, 0x00, 0x01, 0xF8, 0x03, 0xF8,
    0x00, 0x00, 0x1F, 0x80, 0x1F, 0x80, 0x00, 0x01, 0xF0, 0x01, 0xFC, 0x00, 0x00, 0x3F, 0x00, 0x1F,
    0xC0, 0x00, 0x03, 0xFF, 0xFF, 0xFC, 0x00, 0x00, 0x3F, 0xFF, 0xFF, 0xE0, 0x00, 0x07, 0xFF, 0xFF,
    0xFE, 0x00, 0x00, 0x7F, 0xFF, 0xFF, 0xE0, 0x00, 0x0F, 0xFF, 0xFF, 0xFF, 0x00, 0x00, 0xFF, 0xFF,
    0xFF, 0xF0, 0x00, 0x0F, 0xC0, 0x00, 0x7F, 0x00, 0x01, 0xF8, 0x00, 0x03, 0xF8, 0x00, 0x1F, 0x80,
    0x00, 0x3F, 0x80, 0x01, 0xF8, 0x00, 0x03, 0xF8, 0x00, 0x3F, 0x00, 0x00, 0x1F, 0xC0, 0x03, 0xF0,
    0x00, 0x01, 0xFC, 0x00, 0x7F, 0x00, 0x00, 0x1F, 0xC0, 0x07, 0xE0, 0x00, 0x00, 0xFE, 0x00, 0x7E,
    0x00, 0x00, 0x0F, 0xE0, 0x0F, 0xE0, 0x00, 0x00, 0xFE, 0x00, 0xFC, 0x00, 0x00, 0x07, 0xF0, 0xFF,
    0xC0, 0x00, 0x00, 0x7F, 0xFF, 0xFC, 0x00, 0x00, 0x07, 0xFF, 0xFF, 0x80, 0x00, 0x00, 0x3F, 0xFF,
    0xF8, 0x00, 0x00, 0x03, 0xFF, 0xFF, 0x00, 0x00, 0x00, 0x3F, 0xF0, 0x00, 0x00, 0x00, 0x00, 0xC0,
    0x00, 0x00, 0x00, 0x00, 0xFC, 0x00, 0x00, 0x00, 0x01, 0xFF, 0xC0, 0x00, 0x00, 0x03, 0xFF, 0xFC,
    0x00, 0x00, 0x07, 0xFF, 0xFF, 0xC0, 0x00, 0x00, 0x7F, 0xFF, 0xFC, 0x00, 0x00, 0x07, 0xFF, 0xFF,
    0x80, 0x00, 0x00, 0x7F, 0xFE, 0x00, 0x00, 0x00, 0x07, 0xF0, 0x00, 0x00, 0x00, 0x00, 0x40, 0x00,
    0x00, 0x00, 0x00, 0x00, 0x00, 0x00, 0x00, 0x00, 0x00, 0x00, 0x00, 0x00, 0x00, 0x00, 0x00, 0x1F,
    0xC0, 0x00, 0x00, 0x00, 0x01, 0xFC, 0x00, 0x00, 0x00, 0x00, 0x3F, 0xC0, 0x00, 0x00, 0x00, 0x03,
    0xFE, 0x00, 0x00, 0x00, 0x00, 0x3F, 0xE0, 0x00, 0x00, 0x00, 0x07, 0xFE, 0x00, 0x00, 0x00, 0x00,
    0x7F, 0xF0, 0x00, 0x00, 0x00, 0x0F, 0xFF, 0x00, 0x00, 0x00, 0x00, 0xFF, 0xF0, 0x00, 0x00, 0x00,
    0x0F, 0xFF, 0x80, 0x00, 0x00, 0x01, 0xF9, 0xF8, 0x00, 0x00, 0x00, 0x1F, 0x9F, 0xC0, 0x00, 0x00,
    0x01, 0xF9, 0xFC, 0x00, 0x00, 0x00, 0x3F, 0x0F, 0xC0, 0x00, 0x00, 0x03, 0xF0, 0xFE, 0x00, 0x00,
    0x00, 0x3E, 0x0F, 0xE0, 0x00, 0x00, 0x07, 0xE0, 0x7E, 0x00, 0x00, 0x00, 0x7E, 0x07, 0xF0, 0x00,
    0x00, 0x0F, 0xC0, 0x7F, 0x00, 0x00, 0x00, 0xFC, 0x03, 0xF0, 0x00, 0x00, 0x0F, 0xC0, 0x3F, 0x80,
    0x00, 0x01, 0xF8, 0x03, 0xF8, 0x00, 0x00, 0x1F, 0x80, 0x1F, 0x80, 0x00, 0x01, 0xF0, 0x01, 0xFC,
    0x00, 0x00, 0x3F, 0x00, 0x1F, 0xC0, 0x00, 0x03, 0xFF, 0xFF, 0xFC, 0x00, 0x00, 0x3F, 0xFF, 0xFF,
    0xE0, 0x00, 0x07, 0xFF, 0xFF, 0xFE, 0x00, 0x00, 0x7F, 0xFF, 0xFF, 0xE0, 0x00, 0x0F, 0xFF, 0xFF,
    0xFF, 0x00, 0x00, 0xFF, 0xFF, 0xFF, 0xF0, 0x00, 0x0F, 0xC0, 0x00, 0x7F, 0x00, 0x01, 0xF8, 0x00,
    0x03, 0xF8, 0x00, 0x1F, 0x80, 0x00, 0x3F, 0x80, 0x01, 0xF8, 0x00, 0x03, 0xF8, 0x00, 0x3F, 0x00,
    0x00, 0x1F, 0xC0, 0x03, 0xF0, 0x00, 0x01, 0xFC, 0x00, 0x7F, 0x00, 0x00, 0x1F, 0xC0, 0x07, 0xE0,
    0x00, 0x00, 0xFE, 0x00, 0x7E, 0x00, 0x00, 0x0F, 0xE0, 0x0F, 0xE0, 0x00, 0x00, 0xFE, 0x00, 0xFC,
    0x00, 0x00, 0x07, 0xF0, 0xFF, 0xC0, 0x00, 0x00, 0x7F, 0xFF, 0xFC, 0x00, 0x00, 0x07, 0xFF, 0xFF,
    0x80, 0x00, 0x00, 0x3F, 0xFF, 0xF8, 0x00, 0x00, 0x03, 0xFF, 0xFF, 0x00, 0x00, 0x00, 0x3F, 0xF0,
    0x00, 0x00, 0x07, 0x00, 0x00, 0x00, 0x00, 0x01, 0xFC, 0x00, 0x00, 0x00, 0x00, 0xFF, 0xF0, 0x00,
    0x00, 0x00, 0x3F, 0xFF, 0xE0, 0x00, 0x00, 0x0F, 0xFF, 0xFF, 0x80, 0x00, 0x07, 0xFF, 0xFF, 0xFE,
    0x00, 0x00, 0x7F, 0xF8, 0xFF, 0xF0, 0x00, 0x07, 0xFC, 0x01, 0xFF, 0x00, 0x00, 0x7E, 0x00, 0x07,
    0xF0, 0x00, 0x07, 0x00, 0x00, 0x0F, 0x00, 0x00, 0x00, 0x00, 0x00, 0x00, 0x00, 0x00, 0x00, 0x00,
    0x00, 0x00, 0x00, 0x00, 0x00, 0x00, 0x00, 0x00, 0x00, 0x01, 0xFC, 0x00, 0x00, 0x00, 0x00, 0x1F,
    0xC0, 0x00, 0x00, 0x00, 0x03, 0xFC, 0x00, 0x00, 0x00, 0x00, 0x3F, 0xE0, 0x00, 0x00, 0x00, 0x03,
    0xFE, 0x00, 0x00, 0x00, 0x00, 0x7F, 0xE0, 0x00, 0x00, 0x00, 0x07, 0xFF, 0x00, 0x00, 0x00, 0x00,
    0xFF, 0xF0, 0x00, 0x00, 0x00, 0x0F, 0xFF, 0x00, 0x00, 0x00, 0x00, 0xFF, 0xF8, 0x00, 0x00, 0x00,
    0x1F, 0x9F, 0x80, 0x00, 0x00, 0x01, 0xF9, 0xFC, 0x00, 0x00, 0x00, 0x1F, 0x9F, 0xC0, 0x00, 0x00,
    0x03, 0xF0, 0xFC, 0x00, 0x00, 0x00, 0x3F, 0x0F, 0xE0, 0x00, 0x00, 0x03, 0xE0, 0xFE, 0x00, 0x00,
    0x00, 0x7E, 0x07, 0xE0, 0x00, 0x00, 0x07, 0xE0, 0x7F, 0x00, 0x00, 0x00, 0xFC, 0x07, 0xF0, 0x00,
    0x00, 0x0F, 0xC0, 0x3F, 0x00, 0x00, 0x00, 0xFC, 0x03, 0xF8, 0x00, 0x00, 0x1F, 0x80, 0x3F, 0x80,
    0x00, 0x01, 0xF8, 0x01, 0xF8, 0x00, 0x00, 0x1F, 0x00, 0x1F, 0xC0, 0x00, 0x03, 0xF0, 0x01, 0xFC,
    0x00, 0x00, 0x3F, 0xFF, 0xFF, 0xC0, 0x00, 0x03, 0xFF, 0xFF, 0xFE, 0x00, 0x00, 0x7F, 0xFF, 0xFF,
    0xE0, 0x00, 0x07, 0xFF, 0xFF, 0xFE, 0x00, 0x00, 0xFF, 0xFF, 0xFF, 0xF0, 0x00, 0x0F, 0xFF, 0xFF,
    0xFF, 0x00, 0x00, 0xFC, 0x00, 0x07, 0xF0, 0x00, 0x1F, 0x80, 0x00, 0x3F, 0x80, 0x01, 0xF8, 0x00,
    0x03, 0xF8, 0x00, 0x1F, 0x80, 0x00, 0x3F, 0x80, 0x03, 0xF0, 0x00, 0x01, 0xFC, 0x00, 0x3F, 0x00,
    0x00, 0x1F, 0xC0, 0x07, 0xF0, 0x00, 0x01, 0xFC, 0x00, 0x7E, 0x00, 0x00, 0x0F, 0xE0, 0x07, 0xE0,
    0x00, 0x00, 0xFE, 0x00, 0xFE, 0x00, 0x00, 0x0F, 0xE0, 0x0F, 0xC0, 0x00, 0x00, 0x7F, 0x0F, 0xFC,
    0x00, 0x00, 0x07, 0xFF, 0xFF, 0xC0, 0x00, 0x00, 0x7F, 0xFF, 0xF8, 0x00, 0x00, 0x03, 0xFF, 0xFF,
    0x80, 0x00, 0x00, 0x3F, 0xFF, 0xF0, 0x00, 0x00, 0x03, 0xFF, 0x00, 0x00, 0x00, 0x03, 0xE0, 0x00,
    0x00, 0x3F, 0x00, 0x3E, 0x00, 0x00, 0x0F, 0xFF, 0x07, 0xE0, 0x00, 0x01, 0xFF, 0xFF, 0xFC, 0x00,
    0x00, 0x3F, 0xFF, 0xFF, 0xC0, 0x00, 0x03, 0xFF, 0xFF, 0xF8, 0x00, 0x00, 0x7F, 0x7F, 0xFF, 0x80,
    0x00, 0x07, 0xC0, 0x3F, 0xF0, 0x00, 0x00, 0x7C, 0x00, 0x10, 0x00, 0x00, 0x07, 0x80, 0x00, 0x00,
    0x00, 0x00, 0x00, 0x00, 0x00, 0x00, 0x00, 0x00, 0x00, 0x00, 0x00, 0x00, 0x00, 0x00, 0x1F, 0xC0,
    0x00, 0x00, 0x00, 0x01, 0xFC, 0x00, 0x00, 0x00, 0x00, 0x3F, 0xC0, 0x00, 0x00, 0x00, 0x03, 0xFE,
    0x00, 0x00, 0x00, 0x00, 0x3F, 0xE0, 0x00, 0x00, 0x00, 0x07, 0xFE, 0x00, 0x00, 0x00, 0x00, 0x7F,
    0xF0, 0x00, 0x00, 0x00, 0x0F, 0xFF, 0x00, 0x00, 0x00, 0x00, 0xFF, 0xF0, 0x00, 0x00, 0x00, 0x0F,
    0xFF, 0x80, 0x00, 0x00, 0x01, 0xF9, 0xF8, 0x00, 0x00, 0x00, 0x1F, 0x9F, 0xC0, 0x00, 0x00, 0x01,
    0xF9, 0xFC, 0x00, 0x00, 0x00, 0x3F, 0x0F, 0xC0, 0x00, 0x00, 0x03, 0xF0, 0xFE, 0x00, 0x00, 0x00,
    0x3E, 0x0F, 0xE0, 0x00, 0x00, 0x07, 0xE0, 0x7E, 0x00, 0x00, 0x00, 0x7E, 0x07, 0xF0, 0x00, 0x00,
    0x0F, 0xC0, 0x7F, 0x00, 0x00, 0x00, 0xFC, 0x03, 0xF0, 0x00, 0x00, 0x0F, 0xC0, 0x3F, 0x80, 0x00,
    0x01, 0xF8, 0x03, 0xF8, 0x00, 0x00, 0x1F, 0x80, 0x1F, 0x80, 0x00, 0x01, 0xF0, 0x01, 0xFC, 0x00,
    0x00, 0x3F, 0x00, 0x1F, 0xC0, 0x00, 0x03, 0xFF, 0xFF, 0xFC, 0x00, 0x00, 0x3F, 0xFF, 0xFF, 0xE0,
    0x00, 0x07, 0xFF, 0xFF, 0xFE, 0x00, 0x00, 0x7F, 0xFF, 0xFF, 0xE0, 0x00, 0x0F, 0xFF, 0xFF, 0xFF,
    0x00, 0x00, 0xFF, 0xFF, 0xFF, 0xF0, 0x00, 0x0F, 0xC0, 0x00, 0x7F, 0x00, 0x01, 0xF8, 0x00, 0x03,
    0xF8, 0x00, 0x1F, 0x80, 0x00, 0x3F, 0x80, 0x01, 0xF8, 0x00, 0x03, 0xF8, 0x00, 0x3F, 0x00, 0x00,
    0x1F, 0xC0, 0x03, 0xF0, 0x00, 0x01, 0xFC, 0x00, 0x7F, 0x00, 0x00, 0x1F, 0xC0, 0x07, 0xE0, 0x00,
    0x00, 0xFE, 0x00, 0x7E, 0x00, 0x00, 0x0F, 0xE0, 0x0F, 0xE0, 0x00, 0x00, 0xFE, 0x00, 0xFC, 0x00,
    0x00, 0x07, 0xF0, 0xFF, 0xC0, 0x00, 0x00, 0x7F, 0xFF, 0xFC, 0x00, 0x00, 0x07, 0xFF, 0xFF, 0x80,
    0x00, 0x00, 0x3F, 0xFF, 0xF8, 0x00, 0x00, 0x03, 0xFF, 0xFF, 0x00, 0x00, 0x00, 0x3F, 0xF0, 0x00,
    0x0F, 0x00, 0x0F, 0x00, 0x00, 0x01, 0xF8, 0x01, 0xF8, 0x00, 0x00, 0x3F, 0xC0, 0x3F, 0xC0, 0x00,
    0x03, 0xFC, 0x03, 0xFC, 0x00, 0x00, 0x3F, 0xC0, 0x3F, 0xC0, 0x00, 0x03, 0xFC, 0x03, 0xFC, 0x00,
    0x00, 0x1F, 0x80, 0x1F, 0x80, 0x00, 0x00, 0xF0, 0x00, 0xF0, 0x00, 0x00, 0x00, 0x00, 0x00, 0x00,
    0x00, 0x00, 0x00, 0x00, 0x00, 0x00, 0x00, 0x00, 0x00, 0x00, 0x00, 0x00, 0x00, 0x01, 0xFC, 0x00,
    0x00, 0x00, 0x00, 0x1F, 0xC0, 0x00, 0x00, 0x00, 0x03, 0xFC, 0x00, 0x00, 0x00, 0x00, 0x3F, 0xE0,
    0x00, 0x00, 0x00, 0x03, 0xFE, 0x00, 0x00, 0x00, 0x00, 0x7F, 0xE0, 0x00, 0x00, 0x00, 0x07, 0xFF,
    0x00, 0x00, 0x00, 0x00, 0xFF, 0xF0, 0x00, 0x00, 0x00, 0x0F, 0xFF, 0x00, 0x00, 0x00, 0x00, 0xFB,
    0xF8, 0x00, 0x00, 0x00, 0x1F, 0xBF, 0x80, 0x00, 0x00, 0x01, 0xF9, 0xFC, 0x00, 0x00, 0x00, 0x1F,
    0x1F, 0xC0, 0x00, 0x00, 0x03, 0xF1, 0xFC, 0x00, 0x00, 0x00, 0x3F, 0x0F, 0xE0, 0x00, 0x00, 0x03,
    0xE0, 0xFE, 0x00, 0x00, 0x00, 0x7E, 0x07, 0xE0, 0x00, 0x00, 0x07, 0xC0, 0x7F, 0x00, 0x00, 0x00,
    0xFC, 0x07, 0xF0, 0x00, 0x00, 0x0F, 0xC0, 0x3F, 0x00, 0x00, 0x00, 0xF8, 0x03, 0xF8, 0x00, 0x00,
    0x1F, 0x80, 0x3F, 0x80, 0x00, 0x01, 0xF8, 0x01, 0xF8, 0x00, 0x00, 0x1F, 0x00, 0x1F, 0xC0, 0x00,
    0x03, 0xF0, 0x01, 0xFC, 0x00, 0x00, 0x3F, 0xFF, 0xFF, 0xC0, 0x00, 0x03, 0xFF, 0xFF, 0xFE, 0x00,
    0x00, 0x7F, 0xFF, 0xFF, 0xE0, 0x00, 0x07, 0xFF, 0xFF, 0xFE, 0x00, 0x00, 0xFF, 0xFF, 0xFF, 0xF0,
    0x00, 0x0F, 0xFF, 0xFF, 0xFF, 0x00, 0x00, 0xFC, 0x00, 0x07, 0xF0, 0x00, 0x1F, 0x80, 0x00, 0x3F,
    0x80, 0x01, 0xF8, 0x00, 0x03, 0xF8, 0x00, 0x1F, 0x80, 0x00, 0x3F, 0x80, 0x03, 0xF0, 0x00, 0x01,
    0xFC, 0x00, 0x3F, 0x00, 0x00, 0x1F, 0xC0, 0x07, 0xF0, 0x00, 0x01, 0xFC, 0x00, 0x7E, 0x00, 0x00,
    0x0F, 0xE0, 0x07, 0xE0, 0x00, 0x00, 0xFE, 0x00, 0xFE, 0x00, 0x00, 0x0F, 0xE0, 0x0F, 0xC0, 0x00,
    0x00, 0x7F, 0x0F, 0xFC, 0x00, 0x00, 0x07, 0xFF, 0xFF, 0xC0, 0x00, 0x00, 0x7F, 0xFF, 0xF8, 0x00,
    0x00, 0x03, 0xFF, 0xFF, 0x80, 0x00, 0x00, 0x3F, 0xFF, 0xF0, 0x00, 0x00, 0x03, 0xFF, 0x00, 0x00,
    0x1F, 0xC0, 0x00, 0x00, 0x00, 0x03, 0xFE, 0x00, 0x00, 0x00, 0x00, 0x7F, 0xF0, 0x00, 0x00, 0x00,
    0x0F, 0xFF, 0x80, 0x00, 0x00, 0x00, 0xF8, 0xF8, 0x00, 0x00, 0x00, 0x1F, 0x07, 0xC0, 0x00, 0x00,
    0x01, 0xE0, 0x3C, 0x00, 0x00, 0x00, 0x1E, 0x03, 0xC0, 0x00, 0x00, 0x01, 0xE0, 0x3C, 0x00, 0x00,
    0x00, 0x1F, 0x07, 0xC0, 0x00, 0x00, 0x00, 0xF8, 0xF8, 0x00, 0x00, 0x00, 0x0F, 0xFF, 0x80, 0x00,
    0x00, 0x00, 0x7F, 0xF0, 0x00, 0x00, 0x00, 0x03, 0xFE, 0x00, 0x00, 0x00, 0x00, 0x3F, 0xE0, 0x00,
    0x00, 0x00, 0x03, 0xFE, 0x00, 0x00, 0x00, 0x00, 0x7F, 0xF0, 0x00, 0x00, 0x00, 0x07, 0xFF, 0x00,
    0x00, 0x00, 0x00, 0xFF, 0xF0, 0x00, 0x00, 0x00, 0x0F, 0xFF, 0x80, 0x00, 0x00, 0x00, 0xFD, 0xF8,
    0x00, 0x00, 0x00, 0x1F, 0x9F, 0x80, 0x00, 0x00, 0x01, 0xF9, 0xFC, 0x00, 0x00, 0x00, 0x1F, 0x8F,
    0xC0, 0x00, 0x00, 0x03, 0xF0, 0xFC, 0x00, 0x00, 0x00, 0x3F, 0x0F, 0xE0, 0x00, 0x00, 0x03, 0xE0,
    0xFE, 0x00, 0x00, 0x00, 0x7E, 0x07, 0xE0, 0x00, 0x00, 0x07, 0xE0, 0x7F, 0x00, 0x00, 0x00, 0x7C,
    0x07, 0xF0, 0x00, 0x00, 0x0F, 0xC0, 0x3F, 0x00, 0x00, 0x00, 0xFC, 0x03, 0xF8, 0x00, 0x00, 0x1F,
    0x80, 0x3F, 0x80, 0x00, 0x01, 0xF8, 0x01, 0xF8, 0x00, 0x00, 0x1F, 0x00, 0x1F, 0xC0, 0x00, 0x03,
    0xF0, 0x01, 0xFC, 0x00, 0x00, 0x3F, 0xFF, 0xFF, 0xC0, 0x00, 0x03, 0xFF, 0xFF, 0xFE, 0x00, 0x00,
    0x7F, 0xFF, 0xFF, 0xE0, 0x00, 0x07, 0xFF, 0xFF, 0xFF, 0x00, 0x00, 0x7F, 0xFF, 0xFF, 0xF0, 0x00,
    0x0F, 0xFF, 0xFF, 0xFF, 0x00, 0x00, 0xFC, 0x00, 0x03, 0xF8, 0x00, 0x1F, 0xC0, 0x00, 0x3F, 0x80,
    0x01, 0xF8, 0x00, 0x03, 0xF8, 0x00, 0x1F, 0x80, 0x00, 0x1F, 0xC0, 0x03, 0xF0, 0x00, 0x01, 0xFC,
    0x00, 0x3F, 0x00, 0x00, 0x1F, 0xC0, 0x03, 0xF0, 0x00, 0x00, 0xFE, 0x00, 0x7E, 0x00, 0x00, 0x0F,
    0xE0, 0x07, 0xE0, 0x00, 0x00, 0xFE, 0x00, 0x7E, 0x00, 0x00, 0x07, 0xF0, 0x0F, 0xC0, 0x00, 0x00,
    0x7F, 0x0F, 0xFC, 0x00, 0x00, 0x07, 0xFF, 0xFF, 0xC0, 0x00, 0x00, 0x3F, 0xFF, 0xF8, 0x00, 0x00,
    0x03, 0xFF, 0xFF, 0x80, 0x00, 0x00, 0x3F, 0xFF, 0xF8, 0x00, 0x00, 0x01, 0xFF, 0x00, 0x00, 0x03,
    0xFF, 0xFF, 0xFF, 0xFF, 0xE0, 0x00, 0x00, 0x0F, 0xFF, 0xFF, 0xFF, 0xFF, 0x80, 0x00, 0x00, 0x3F,
    0xFF, 0xFF, 0xFF, 0xFE, 0x00, 0x00, 0x00, 0xFF, 0xFF, 0xFF, 0xFF, 0xF8, 0x00, 0x00, 0x03, 0xFF,
    0xFF, 0xFF, 0xFF, 0xE0, 0x00, 0x00, 0x00, 0xFD, 0xFF, 0xFF, 0xFF, 0x80, 0x00, 0x00, 0x07, 0xF7,
    0xF0, 0x00, 0x00, 0x00, 0x00, 0x00, 0x1F, 0x9F, 0xC0, 0x00, 0x00, 0x00, 0x00, 0x00, 0xFC, 0x7F,
    0x00, 0x00, 0x00, 0x00, 0x00, 0x07, 0xF1, 0xFC, 0x00, 0x00, 0x00, 0x00, 0x00, 0x1F, 0x87, 0xF0,
    0x00, 0x00, 0x00, 0x00, 0x00, 0xFE, 0x1F, 0xC0, 0x00, 0x00, 0x00, 0x00, 0x03, 0xF0, 0x7F, 0x00,
    0x00, 0x00, 0x00, 0x00, 0x1F, 0xC1, 0xFC, 0x00, 0x00, 0x00, 0x00, 0x00, 0xFE, 0x07, 0xF0, 0x00,
    0x00, 0x00, 0x00, 0x03, 0xF0, 0x1F, 0xC0, 0x00, 0x00, 0x00, 0x00, 0x1F, 0xC0, 0x7F, 0x00, 0x00,
    0x00, 0x00, 0x00, 0x7E, 0x01, 0xFC, 0x00, 0x00, 0x00, 0x00, 0x03, 0xF8, 0x07, 0xF0, 0x00, 0x00,
    0x00, 0x00, 0x1F, 0xC0, 0x1F, 0xFF, 0xFF, 0xF0, 0x00, 0x00, 0x7E, 0x00, 0x7F, 0xFF, 0xFF, 0xC0,
    0x00, 0x03, 0xF8, 0x01, 0xFF, 0xFF, 0xFF, 0x00, 0x00, 0x0F, 0xC0, 0x07, 0xFF, 0xFF, 0xFC, 0x00,
    0x00, 0x7F, 0x00, 0x1F, 0xFF, 0xFF, 0xF0, 0x00, 0x03, 0xF8, 0x00, 0x7F, 0xFF, 0xFF, 0xC0, 0x00,
    0x0F, 0xC0, 0x01, 0xFC, 0x00, 0x00, 0x00, 0x00, 0x7F, 0x00, 0x07, 0xF0, 0x00, 0x00, 0x00, 0x03,
    0xF8, 0x00, 0x1F, 0xC0, 0x00, 0x00, 0x00, 0x0F, 0xFF, 0xFF, 0xFF, 0x00, 0x00, 0x00, 0x00, 0x7F,
    0xFF, 0xFF, 0xFC, 0x00, 0x00, 0x00, 0x01, 0xFF, 0xFF, 0xFF, 0xF0, 0x00, 0x00, 0x00, 0x0F, 0xFF,
    0xFF, 0xFF, 0xC0, 0x00, 0x00, 0x00, 0x7F, 0xFF, 0xFF, 0xFF, 0x00, 0x00, 0x00, 0x01, 0xFF, 0xFF,
    0xFF, 0xFC, 0x00, 0x00, 0x00, 0x0F, 0xE0, 0x00, 0x07, 0xF0, 0x00, 0x00, 0x00, 0x3F, 0x00, 0x00,
    0x1F, 0xC0, 0x00, 0x00, 0x01, 0xFC, 0x00, 0x00, 0x7F, 0x00, 0x00, 0x00, 0x0F, 0xE0, 0x00, 0x01,
    0xFC, 0x00, 0x00, 0x00, 0x3F, 0x80, 0x00, 0x07, 0xF0, 0x00, 0x00, 0x01, 0xFC, 0x00, 0x00, 0x1F,
    0xC0, 0x00, 0x00, 0x0F, 0xE0, 0x00, 0x00, 0x7F, 0x00, 0x00, 0x00, 0x3F, 0x80, 0x00, 0x01, 0xFF,
    0xFF, 0xFF, 0xFF, 0xFC, 0x00, 0x00, 0x7F, 0xFF, 0xFF, 0xFF, 0xFF, 0xE0, 0x00, 0x01, 0xFF, 0xFF,
    0xFF, 0xFF, 0xFF, 0x80, 0x00, 0x07, 0xFF, 0xFF, 0xFF, 0xFF, 0xFC, 0x00, 0x00, 0x1F, 0xFF, 0xFF,
    0xFF, 0xFF, 0xF0, 0x00, 0x00, 0x7F, 0xFF, 0xFF, 0xFF, 0xC0, 0x00, 0x00, 0x7F, 0xF0, 0x00, 0x00,
    0x3F, 0xFF, 0xF0, 0x00, 0x0F, 0xFF, 0xFF, 0xC0, 0x03, 0xFF, 0xFF, 0xFF, 0x00, 0x7F, 0xFF, 0xFF,
    0xE0, 0x0F, 0xFF, 0xFF, 0xFE, 0x01, 0xFF, 0xE0, 0x0F, 0xE0, 0x3F, 0xF0, 0x00, 0x1C, 0x07, 0xFC,
    0x00, 0x00, 0x00, 0xFF, 0x80, 0x00, 0x00, 0x0F, 0xF0, 0x00, 0x00, 0x01, 0xFE, 0x00, 0x00, 0x00,
    0x1F, 0xC0, 0x00, 0x00, 0x03, 0xFC, 0x00, 0x00, 0x00, 0x3F, 0x80, 0x00, 0x00, 0x07, 0xF8, 0x00,
    0x00, 0x00, 0x7F, 0x00, 0x00, 0x00, 0x07, 0xF0, 0x00, 0x00, 0x00, 0x7F, 0x00, 0x00, 0x00, 0x0F,
    0xF0, 0x00, 0x00, 0x00, 0xFE, 0x00, 0x00, 0x00, 0x0F, 0xE0, 0x00, 0x00, 0x00, 0xFE, 0x00, 0x00,
    0x00, 0x0F, 0xE0, 0x00, 0x00, 0x00, 0xFE, 0x00, 0x00, 0x00, 0x0F, 0xE0, 0x00, 0x00, 0x00, 0xFE,
    0x00, 0x00, 0x00, 0x0F, 0xE0, 0x00, 0x00, 0x00, 0xFE, 0x00, 0x00, 0x00, 0x0F, 0xE0, 0x00, 0x00,
    0x00, 0xFF, 0x00, 0x00, 0x00, 0x0F, 0xF0, 0x00, 0x00, 0x00, 0x7F, 0x00, 0x00, 0x00, 0x07, 0xF0,
    0x00, 0x00, 0x00, 0x7F, 0x80, 0x00, 0x00, 0x03, 0xF8, 0x00, 0x00, 0x00, 0x3F, 0xC0, 0x00, 0x00,
    0x03, 0xFE, 0x00, 0x00, 0x00, 0x1F, 0xE0, 0x00, 0x00, 0x01, 0xFF, 0x00, 0x00, 0x00, 0x0F, 0xF8,
    0x00, 0x00, 0x00, 0x7F, 0xE0, 0x00, 0x07, 0x07, 0xFF, 0x00, 0x01, 0xF0, 0x3F, 0xFE, 0x00, 0xFF,
    0x01, 0xFF, 0xFF, 0xFF, 0xF0, 0x0F, 0xFF, 0xFF, 0xFF, 0x00, 0x7F, 0xFF, 0xFF, 0xF0, 0x01, 0xFF,
    0xFF, 0xFC, 0x00, 0x07, 0xFF, 0xFF, 0x00, 0x00, 0x0F, 0xFF, 0x00, 0x00, 0x00, 0xFC, 0x00, 0x00,
    0x00, 0x0F, 0xF0, 0x00, 0x00, 0x01, 0xFF, 0xC0, 0x00, 0x00, 0x3F, 0xFF, 0x00, 0x00, 0x07, 0xFF,
    0xF0, 0x00, 0x00, 0x3E, 0xFF, 0x80, 0x00, 0x00, 0x01, 0xF8, 0x00, 0x00, 0x00, 0x1F, 0x80, 0x00,
    0x1E, 0x03, 0xF8, 0x00, 0x01, 0xFF, 0xFF, 0x00, 0x00, 0x1F, 0xFF, 0xF0, 0x00, 0x01, 0xFF, 0xFE,
    0x00, 0x00, 0x1F, 0xFF, 0xC0, 0x00, 0x00, 0x1F, 0xF0, 0x00, 0x01, 0x00, 0x00, 0x00, 0x00, 0x7E,
    0x00, 0x00, 0x00, 0x1F, 0xFC, 0x00, 0x00, 0x07, 0xFF, 0xF8, 0x00, 0x01, 0xFF, 0xFF, 0xE0, 0x00,
    0x7F, 0xFF, 0xFC, 0x00, 0x0F, 0xFF, 0xFF, 0x00, 0x00, 0x0F, 0xFF, 0xC0, 0x00, 0x00, 0x0F, 0xF0,
    0x00, 0x00, 0x00, 0x04, 0x00, 0x00, 0x00, 0x00, 0x00, 0x00, 0x00, 0x00, 0x00, 0xFF, 0xFF, 0xFF,
    0xFF, 0x3F, 0xFF, 0xFF, 0xFF, 0xCF, 0xFF, 0xFF, 0xFF, 0xF3, 0xFF, 0xFF, 0xFF, 0xFC, 0xFF, 0xFF,
    0xFF, 0xFF, 0x03, 0xFF, 0xFF, 0xFF, 0xC0, 0xFE, 0x00, 0x00, 0x00, 0x3F, 0x80, 0x00, 0x00, 0x0F,
    0xE0, 0x00, 0x00, 0x03, 0xF8, 0x00, 0x00, 0x00, 0xFE, 0x00, 0x00, 0x00, 0x3F, 0x80, 0x00, 0x00,
    0x0F, 0xE0, 0x00, 0x00, 0x03, 0xF8, 0x00, 0x00, 0x00, 0xFE, 0x00, 0x00, 0x00, 0x3F, 0x80, 0x00,
    0x00, 0x0F, 0xE0, 0x00, 0x00, 0x03, 0xF8, 0x00, 0x00, 0x00, 0xFE, 0x00, 0x00, 0x00, 0x3F, 0xFF,
    0xFF, 0xF0, 0x0F, 0xFF, 0xFF, 0xFC, 0x03, 0xFF, 0xFF, 0xFF, 0x00, 0xFF, 0xFF, 0xFF, 0xC0, 0x3F,
    0xFF, 0xFF, 0xF0, 0x0F, 0xFF, 0xFF, 0xFC, 0x03, 0xF8, 0x00, 0x00, 0x00, 0xFE, 0x00, 0x00, 0x00,
    0x3F, 0x80, 0x00, 0x00, 0x0F, 0xE0, 0x00, 0x00, 0x03, 0xF8, 0x00, 0x00, 0x00, 0xFE, 0x00, 0x00,
    0x00, 0x3F, 0x80, 0x00, 0x00, 0x0F, 0xE0, 0x00, 0x00, 0x03, 0xF8, 0x00, 0x00, 0x00, 0xFE, 0x00,
    0x00, 0x00, 0x3F, 0x80, 0x00, 0x00, 0x0F, 0xE0, 0x00, 0x00, 0x03, 0xF8, 0x00, 0x00, 0x00, 0xFE,
    0x00, 0x00, 0x00, 0x3F, 0x80, 0x00, 0x00, 0x0F, 0xE0, 0x00, 0x00, 0x03, 0xFF, 0xFF, 0xFF, 0xFF,
    0xFF, 0xFF, 0xFF, 0xFF, 0xFF, 0xFF, 0xFF, 0xFF, 0xFF, 0xFF, 0xFF, 0xFF, 0xFF, 0xFF, 0xFF, 0xFF,
    0xFF, 0xFF, 0xFF, 0xFF, 0xFC, 0x00, 0x00, 0x00, 0x10, 0x00, 0x00, 0x00, 0xFC, 0x00, 0x00, 0x07,
    0xFF, 0x00, 0x00, 0x3F, 0xFF, 0xC0, 0x00, 0xFF, 0xFF, 0xF0, 0x00, 0x7F, 0xFF, 0xFC, 0x00, 0x1F,
    0xFF, 0xFE, 0x00, 0x07, 0xFF, 0xE0, 0x00, 0x01, 0xFE, 0x00, 0x00, 0x00, 0x40, 0x00, 0x00, 0x00,
    0x00, 0x00, 0x00, 0x00, 0x00, 0x00, 0x00, 0x00, 0xFF, 0xFF, 0xFF, 0xFF, 0x3F, 0xFF, 0xFF, 0xFF,
    0xCF, 0xFF, 0xFF, 0xFF, 0xF3, 0xFF, 0xFF, 0xFF, 0xFC, 0xFF, 0xFF, 0xFF, 0xFF, 0x03, 0xFF, 0xFF,
    0xFF, 0xC0, 0xFE, 0x00, 0x00, 0x00, 0x3F, 0x80, 0x00, 0x00, 0x0F, 0xE0, 0x00, 0x00, 0x03, 0xF8,
    0x00, 0x00, 0x00, 0xFE, 0x00, 0x00, 0x00, 0x3F, 0x80, 0x00, 0x00, 0x0F, 0xE0, 0x00, 0x00, 0x03,
    0xF8, 0x00, 0x00, 0x00, 0xFE, 0x00, 0x00, 0x00, 0x3F, 0x80, 0x00, 0x00, 0x0F, 0xE0, 0x00, 0x00,
    0x03, 0xF8, 0x00, 0x00, 0x00, 0xFE, 0x00, 0x00, 0x00, 0x3F, 0xFF, 0xFF, 0xF0, 0x0F, 0xFF, 0xFF,
    0xFC, 0x03, 0xFF, 0xFF, 0xFF, 0x00, 0xFF, 0xFF, 0xFF, 0xC0, 0x3F, 0xFF, 0xFF, 0xF0, 0x0F, 0xFF,
    0xFF, 0xFC, 0x03, 0xF8, 0x00, 0x00, 0x00, 0xFE, 0x00, 0x00, 0x00, 0x3F, 0x80, 0x00, 0x00, 0x0F,
    0xE0, 0x00, 0x00, 0x03, 0xF8, 0x00, 0x00, 0x00, 0xFE, 0x00, 0x00, 0x00, 0x3F, 0x80, 0x00, 0x00,
    0x0F, 0xE0, 0x00, 0x00, 0x03, 0xF8, 0x00, 0x00, 0x00, 0xFE, 0x00, 0x00, 0x00, 0x3F, 0x80, 0x00,
    0x00, 0x0F, 0xE0, 0x00, 0x00, 0x03, 0xF8, 0x00, 0x00, 0x00, 0xFE, 0x00, 0x00, 0x00, 0x3F, 0x80,
    0x00, 0x00, 0x0F, 0xE0, 0x00, 0x00, 0x03, 0xFF, 0xFF, 0xFF, 0xFF, 0xFF, 0xFF, 0xFF, 0xFF, 0xFF,
    0xFF, 0xFF, 0xFF, 0xFF, 0xFF, 0xFF, 0xFF, 0xFF, 0xFF, 0xFF, 0xFF, 0xFF, 0xFF, 0xFF, 0xFF, 0xFC,
    0x00, 0x01, 0xC0, 0x00, 0x00, 0x01, 0xFE, 0x00, 0x00, 0x01, 0xFF, 0xE0, 0x00, 0x01, 0xFF, 0xFE,
    0x00, 0x03, 0xFF, 0xFF, 0xE0, 0x03, 0xFF, 0xFF, 0xFF, 0x00, 0xFF, 0xE3, 0xFF, 0xC0, 0x3F, 0xE0,
    0x1F, 0xF0, 0x0F, 0xC0, 0x00, 0xFC, 0x03, 0x80, 0x00, 0x07, 0x00, 0x00, 0x00, 0x00, 0x00, 0x00,
    0x00, 0x00, 0x00, 0x00, 0x00, 0x00, 0x00, 0x3F, 0xFF, 0xFF, 0xFF, 0xCF, 0xFF, 0xFF, 0xFF, 0xF3,
    0xFF, 0xFF, 0xFF, 0xFC, 0xFF, 0xFF, 0xFF, 0xFF, 0x3F, 0xFF, 0xFF, 0xFF, 0xC0, 0xFF, 0xFF, 0xFF,
    0xF0, 0x3F, 0x80, 0x00, 0x00, 0x0F, 0xE0, 0x00, 0x00, 0x03, 0xF8, 0x00, 0x00, 0x00, 0xFE, 0x00,
    0x00, 0x00, 0x3F, 0x80, 0x00, 0x00, 0x0F, 0xE0, 0x00, 0x00, 0x03, 0xF8, 0x00, 0x00, 0x00, 0xFE,
    0x00, 0x00, 0x00, 0x3F, 0x80, 0x00, 0x00, 0x0F, 0xE0, 0x00, 0x00, 0x03, 0xF8, 0x00, 0x00, 0x00,
    0xFE, 0x00, 0x00, 0x00, 0x3F, 0x80, 0x00, 0x00, 0x0F, 0xFF, 0xFF, 0xFC, 0x03, 0xFF, 0xFF, 0xFF,
    0x00, 0xFF, 0xFF, 0xFF, 0xC0, 0x3F, 0xFF, 0xFF, 0xF0, 0x0F, 0xFF, 0xFF, 0xFC, 0x03, 0xFF, 0xFF,
    0xFF, 0x00, 0xFE, 0x00, 0x00, 0x00, 0x3F, 0x80, 0x00, 0x00, 0x0F, 0xE0, 0x00, 0x00, 0x03, 0xF8,
    0x00, 0x00, 0x00, 0xFE, 0x00, 0x00, 0x00, 0x3F, 0x80, 0x00, 0x00, 0x0F, 0xE0, 0x00, 0x00, 0x03,
    0xF8, 0x00, 0x00, 0x00, 0xFE, 0x00, 0x00, 0x00, 0x3F, 0x80, 0x00, 0x00, 0x0F, 0xE0, 0x00, 0x00,
    0x03, 0xF8, 0x00, 0x00, 0x00, 0xFE, 0x00, 0x00, 0x00, 0x3F, 0x80, 0x00, 0x00, 0x0F, 0xE0, 0x00,
    0x00, 0x03, 0xF8, 0x00, 0x00, 0x00, 0xFF, 0xFF, 0xFF, 0xFF, 0xFF, 0xFF, 0xFF, 0xFF, 0xFF, 0xFF,
    0xFF, 0xFF, 0xFF, 0xFF, 0xFF, 0xFF, 0xFF, 0xFF, 0xFF, 0xFF, 0xFF, 0xFF, 0xFF, 0xFF, 0xFF, 0x01,
    0xE0, 0x01, 0xE0, 0x00, 0xFC, 0x00, 0xFC, 0x00, 0x7F, 0x80, 0x7F, 0x80, 0x1F, 0xE0, 0x1F, 0xE0,
    0x07, 0xF8, 0x07, 0xF8, 0x01, 0xFE, 0x01, 0xFE, 0x00, 0x3F, 0x00, 0x3F, 0x00, 0x07, 0x80, 0x07,
    0x80, 0x00, 0x00, 0x00, 0x00, 0x00, 0x00, 0x00, 0x00, 0x00, 0x00, 0x00, 0x00, 0x03, 0xFF, 0xFF,
    0xFF, 0xFC, 0xFF, 0xFF, 0xFF, 0xFF, 0x3F, 0xFF, 0xFF, 0xFF, 0xCF, 0xFF, 0xFF, 0xFF, 0xF3, 0xFF,
    0xFF, 0xFF, 0xFC, 0x0F, 0xFF, 0xFF, 0xFF, 0x03, 0xF8, 0x00, 0x00, 0x00, 0xFE, 0x00, 0x00, 0x00,
    0x3F, 0x80, 0x00, 0x00, 0x0F, 0xE0, 0x00, 0x00, 0x03, 0xF8, 0x00, 0x00, 0x00, 0xFE, 0x00, 0x00,
    0x00, 0x3F, 0x80, 0x00, 0x00, 0x0F, 0xE0, 0x00, 0x00, 0x03, 0xF8, 0x00, 0x00, 0x00, 0xFE, 0x00,
    0x00, 0x00, 0x3F, 0x80, 0x00, 0x00, 0x0F, 0xE0, 0x00, 0x00, 0x03, 0xF8, 0x00, 0x00, 0x00, 0xFF,
    0xFF, 0xFF, 0xC0, 0x3F, 0xFF, 0xFF, 0xF0, 0x0F, 0xFF, 0xFF, 0xFC, 0x03, 0xFF, 0xFF, 0xFF, 0x00,
    0xFF, 0xFF, 0xFF, 0xC0, 0x3F, 0xFF, 0xFF, 0xF0, 0x0F, 0xE0, 0x00, 0x00, 0x03, 0xF8, 0x00, 0x00,
    0x00, 0xFE, 0x00, 0x00, 0x00, 0x3F, 0x80, 0x00, 0x00, 0x0F, 0xE0, 0x00, 0x00, 0x03, 0xF8, 0x00,
    0x00, 0x00, 0xFE, 0x00, 0x00, 0x00, 0x3F, 0x80, 0x00, 0x00, 0x0F, 0xE0, 0x00, 0x00, 0x03, 0xF8,
    0x00, 0x00, 0x00, 0xFE, 0x00, 0x00, 0x00, 0x3F, 0x80, 0x00, 0x00, 0x0F, 0xE0, 0x00, 0x00, 0x03,
    0xF8, 0x00, 0x00, 0x00, 0xFE, 0x00, 0x00, 0x00, 0x3F, 0x80, 0x00, 0x00, 0x0F, 0xFF, 0xFF, 0xFF,
    0xFF, 0xFF, 0xFF, 0xFF, 0xFF, 0xFF, 0xFF, 0xFF, 0xFF, 0xFF, 0xFF, 0xFF, 0xFF, 0xFF, 0xFF, 0xFF,
    0xFF, 0xFF, 0xFF, 0xFF, 0xFF, 0xF0, 0x80, 0x00, 0x07, 0xE0, 0x00, 0x3F, 0xF8, 0x01, 0xFF, 0xFC,
    0x0F, 0xFF, 0xFF, 0x7F, 0xFF, 0xFD, 0xFF, 0xFF, 0xE0, 0x3F, 0xFF, 0x00, 0x07, 0xF8, 0x00, 0x00,
    0x80, 0x00, 0x00, 0x00, 0x00, 0x00, 0x7F, 0xFE, 0x03, 0xFF, 0xF0, 0x1F, 0xFF, 0x80, 0xFF, 0xFC,
    0x07, 0xFF, 0xE0, 0x03, 0xF8, 0x00, 0x1F, 0xC0, 0x00, 0xFE, 0x00, 0x07, 0xF0, 0x00, 0x3F, 0x80,
    0x01, 0xFC, 0x00, 0x0F, 0xE0, 0x00, 0x7F, 0x00, 0x03, 0xF8, 0x00, 0x1F, 0xC0, 0x00, 0xFE, 0x00,
    0x07, 0xF0, 0x00, 0x3F, 0x80, 0x01, 0xFC, 0x00, 0x0F, 0xE0, 0x00, 0x7F, 0x00, 0x03, 0xF8, 0x00,
    0x1F, 0xC0, 0x00, 0xFE, 0x00, 0x07, 0xF0, 0x00, 0x3F, 0x80, 0x01, 0xFC, 0x00, 0x0F, 0xE0, 0x00,
    0x7F, 0x00, 0x03, 0xF8, 0x00, 0x1F, 0xC0, 0x00, 0xFE, 0x00, 0x07, 0xF0, 0x00, 0x3F, 0x80, 0x01,
    0xFC, 0x00, 0x0F, 0xE0, 0x00, 0x7F, 0x00, 0x03, 0xF8, 0x00, 0x1F, 0xC0, 0x00, 0xFE, 0x00, 0x07,
    0xF0, 0x00, 0x3F, 0x80, 0x1F, 0xFF, 0x80, 0xFF, 0xFC, 0x07, 0xFF, 0xE0, 0x3F, 0xFF, 0x01, 0xFF,
    0xF8, 0x00, 0x00, 0x18, 0x00, 0x1F, 0xC0, 0x0F, 0xFE, 0x0F, 0xFF, 0xF7, 0xFF, 0xFF, 0xFF, 0xFF,
    0xFF, 0xFF, 0xFF, 0xDF, 0xFF, 0x80, 0xFE, 0x00, 0x04, 0x00, 0x00, 0x00, 0x00, 0x00, 0x00, 0x00,
    0x01, 0xFF, 0xF8, 0x0F, 0xFF, 0xC0, 0x7F, 0xFE, 0x03, 0xFF, 0xF0, 0x1F, 0xFF, 0x80, 0x0F, 0xE0,
    0x00, 0x7F, 0x00, 0x03, 0xF8, 0x00, 0x1F, 0xC0, 0x00, 0xFE, 0x00, 0x07, 0xF0, 0x00, 0x3F, 0x80,
    0x01, 0xFC, 0x00, 0x0F, 0xE0, 0x00, 0x7F, 0x00, 0x03, 0xF8, 0x00, 0x1F, 0xC0, 0x00, 0xFE, 0x00,
    0x07, 0xF0, 0x00, 0x3F, 0x80, 0x01, 0xFC, 0x00, 0x0F, 0xE0, 0x00, 0x7F, 0x00, 0x03, 0xF8, 0x00,
    0x1F, 0xC0, 0x00, 0xFE, 0x00, 0x07, 0xF0, 0x00, 0x3F, 0x80, 0x01, 0xFC, 0x00, 0x0F, 0xE0, 0x00,
    0x7F, 0x00, 0x03, 0xF8, 0x00, 0x1F, 0xC0, 0x00, 0xFE, 0x00, 0x07, 0xF0, 0x00, 0x3F, 0x80, 0x01,
    0xFC, 0x00, 0x0F, 0xE0, 0x00, 0x7F, 0x00, 0x03, 0xF8, 0x00, 0x1F, 0xC0, 0x00, 0xFE, 0x00, 0x7F,
    0xFE, 0x03, 0xFF, 0xF0, 0x1F, 0xFF, 0x80, 0xFF, 0xFC, 0x07, 0xFF, 0xE0, 0x00, 0x0E, 0x00, 0x00,
    0x0F, 0xE0, 0x00, 0x1F, 0xFE, 0x00, 0x1F, 0xFF, 0xE0, 0x1F, 0xFF, 0xFF, 0x1F, 0xFF, 0xFF, 0xFF,
    0xFF, 0x1F, 0xFF, 0xFE, 0x01, 0xFF, 0xFC, 0x00, 0x0F, 0xF8, 0x00, 0x00, 0x70, 0x00, 0x00, 0x00,
    0x00, 0x00, 0x00, 0x00, 0x00, 0x00, 0x00, 0xFF, 0xFC, 0x00, 0x3F, 0xFF, 0x00, 0x0F, 0xFF, 0xC0,
    0x03, 0xFF, 0xF0, 0x00, 0xFF, 0xFC, 0x00, 0x03, 0xF8, 0x00, 0x00, 0xFE, 0x00, 0x00, 0x3F, 0x80,
    0x00, 0x0F, 0xE0, 0x00, 0x03, 0xF8, 0x00, 0x00, 0xFE, 0x00, 0x00, 0x3F, 0x80, 0x00, 0x0F, 0xE0,
    0x00, 0x03, 0xF8, 0x00, 0x00, 0xFE, 0x00, 0x00, 0x3F, 0x80, 0x00, 0x0F, 0xE0, 0x00, 0x03, 0xF8,
    0x00, 0x00, 0xFE, 0x00, 0x00, 0x3F, 0x80, 0x00, 0x0F, 0xE0, 0x00, 0x03, 0xF8, 0x00, 0x00, 0xFE,
    0x00, 0x00, 0x3F, 0x80, 0x00, 0x0F, 0xE0, 0x00, 0x03, 0xF8, 0x00, 0x00, 0xFE, 0x00, 0x00, 0x3F,
    0x80, 0x00, 0x0F, 0xE0, 0x00, 0x03, 0xF8, 0x00, 0x00, 0xFE, 0x00, 0x00, 0x3F, 0x80, 0x00, 0x0F,
    0xE0, 0x00, 0x03, 0xF8, 0x00, 0x00, 0xFE, 0x00, 0x00, 0x3F, 0x80, 0x00, 0x0F, 0xE0, 0x00, 0x03,
    0xF8, 0x00, 0x00, 0xFE, 0x00, 0x00, 0x3F, 0x80, 0x00, 0x0F, 0xE0, 0x00, 0x03, 0xF8, 0x00, 0x0F,
    0xFF, 0xC0, 0x03, 0xFF, 0xF0, 0x00, 0xFF, 0xFC, 0x00, 0x3F, 0xFF, 0x00, 0x0F, 0xFF, 0xC0, 0x3C,
    0x00, 0x3C, 0x7F, 0x00, 0x7E, 0x7F, 0x00, 0xFF, 0xFF, 0x00, 0xFF, 0xFF, 0x00, 0xFF, 0x7F, 0x00,
    0xFF, 0x7F, 0x00, 0x7E, 0x3C, 0x00, 0x3C, 0x00, 0x00, 0x00, 0x00, 0x00, 0x00, 0x00, 0x00, 0x00,
    0x07, 0xFF, 0xE0, 0x07, 0xFF, 0xE0, 0x07, 0xFF, 0xE0, 0x07, 0xFF, 0xE0, 0x07, 0xFF, 0xE0, 0x00,
    0x7F, 0x00, 0x00, 0x7F, 0x00, 0x00, 0x7F, 0x00, 0x00, 0x7F, 0x00, 0x00, 0x7F, 0x00, 0x00, 0x7F,
    0x00, 0x00, 0x7F, 0x00, 0x00, 0x7F, 0x00, 0x00, 0x7F, 0x00, 0x00, 0x7F, 0x00, 0x00, 0x7F, 0x00,
    0x00, 0x7F, 0x00, 0x00, 0x7F, 0x00, 0x00, 0x7F, 0x00, 0x00, 0x7F, 0x00, 0x00, 0x7F, 0x00, 0x00,
    0x7F, 0x00, 0x00, 0x7F, 0x00, 0x00, 0x7F, 0x00, 0x00, 0x7F, 0x00, 0x00, 0x7F, 0x00, 0x00, 0x7F,
    0x00, 0x00, 0x7F, 0x00, 0x00, 0x7F, 0x00, 0x00, 0x7F, 0x00, 0x00, 0x7F, 0x00, 0x00, 0x7F, 0x00,
    0x00, 0x7F, 0x00, 0x00, 0x7F, 0x00, 0x00, 0x7F, 0x00, 0x00, 0x7F, 0x00, 0x00, 0x7F, 0x00, 0x00,
    0x7F, 0x00, 0x00, 0x7F, 0x00, 0x00, 0x7F, 0x00, 0x00, 0x7F, 0x00, 0x00, 0x7F, 0x00, 0x07, 0xFF,
    0xE0, 0x07, 0xFF, 0xE0, 0x07, 0xFF, 0xE0, 0x07, 0xFF, 0xE0, 0x07, 0xFF, 0xE0, 0xFF, 0xFF, 0xF8,
    0x00, 0x00, 0xFF, 0xFF, 0xFF, 0x80, 0x00, 0xFF, 0xFF, 0xFF, 0xF0, 0x00, 0xFF, 0xFF, 0xFF, 0xFC,
    0x00, 0xFF, 0xFF, 0xFF, 0xFE, 0x00, 0x0F, 0xFF, 0xFF, 0xFF, 0x80, 0x0F, 0xE0, 0x07, 0xFF, 0xC0,
    0x0F, 0xE0, 0x01, 0xFF, 0xE0, 0x0F, 0xE0, 0x00, 0x7F, 0xE0, 0x0F, 0xE0, 0x00, 0x1F, 0xF0, 0x0F,
    0xE0, 0x00, 0x0F, 0xF8, 0x0F, 0xE0, 0x00, 0x07, 0xF8, 0x0F, 0xE0, 0x00, 0x03, 0xFC, 0x0F, 0xE0,
    0x00, 0x03, 0xFC, 0x0F, 0xE0, 0x00, 0x01, 0xFE, 0x0F, 0xE0, 0x00, 0x01, 0xFE, 0x0F, 0xE0, 0x00,
    0x00, 0xFE, 0x0F, 0xE0, 0x00, 0x00, 0xFE, 0x0F, 0xE0, 0x00, 0x00, 0xFF, 0x0F, 0xE0, 0x00, 0x00,
    0x7F, 0x0F, 0xE0, 0x00, 0x00, 0x7F, 0xFF, 0xFF, 0xF0, 0x00, 0x7F, 0xFF, 0xFF, 0xF0, 0x00, 0x7F,
    0xFF, 0xFF, 0xF0, 0x00, 0x7F, 0xFF, 0xFF, 0xF0, 0x00, 0x7F, 0xFF, 0xFF, 0xF0, 0x00, 0x7F, 0x0F,
    0xE0, 0x00, 0x00, 0x7F, 0x0F, 0xE0, 0x00, 0x00, 0x7F, 0x0F, 0xE0, 0x00, 0x00, 0xFF, 0x0F, 0xE0,
    0x00, 0x00, 0xFE, 0x0F, 0xE0, 0x00, 0x00, 0xFE, 0x0F, 0xE0, 0x00, 0x01, 0xFE, 0x0F, 0xE0, 0x00,
    0x01, 0xFE, 0x0F, 0xE0, 0x00, 0x03, 0xFC, 0x0F, 0xE0, 0x00, 0x03, 0xFC, 0x0F, 0xE0, 0x00, 0x07,
    0xF8, 0x0F, 0xE0, 0x00, 0x0F, 0xF8, 0x0F, 0xE0, 0x00, 0x1F, 0xF0, 0x0F, 0xE0, 0x00, 0x3F, 0xE0,
    0x0F, 0xE0, 0x00, 0xFF, 0xE0, 0x0F, 0xE0, 0x07, 0xFF, 0xC0, 0x0F, 0xFF, 0xFF, 0xFF, 0x80, 0xFF,
    0xFF, 0xFF, 0xFE, 0x00, 0xFF, 0xFF, 0xFF, 0xFC, 0x00, 0xFF, 0xFF, 0xFF, 0xF0, 0x00, 0xFF, 0xFF,
    0xFF, 0x80, 0x00, 0xFF, 0xFF, 0xF8, 0x00, 0x00, 0x00, 0x00, 0x00, 0x00, 0xF8, 0x00, 0x00, 0x01,
    0xFC, 0x01, 0xF0, 0x00, 0x00, 0x0F, 0xFF, 0x07, 0xC0, 0x00, 0x00, 0x3F, 0xFF, 0xFF, 0x80, 0x00,
    0x00, 0xFF, 0xFF, 0xFF, 0x00, 0x00, 0x01, 0xFF, 0xFF, 0xFC, 0x00, 0x00, 0x07, 0xFF, 0xFF, 0xF0,
    0x00, 0x00, 0x0F, 0x80, 0xFF, 0xC0, 0x00, 0x00, 0x1E, 0x00, 0x06, 0x00, 0x00, 0x00, 0x3C, 0x00,
    0x00, 0x00, 0x00, 0x00, 0x00, 0x00, 0x00, 0x00, 0x00, 0x00, 0x00, 0x00, 0x00, 0x00, 0x0F, 0xFF,
    0x00, 0x00, 0x00, 0xFF, 0xFF, 0xFE, 0x00, 0x00, 0x01, 0xFF, 0xFF, 0xFE, 0x00, 0x00, 0x03, 0xFF,
    0xFF, 0xFE, 0x00, 0x00, 0x07, 0xFF, 0xFF, 0xFC, 0x00, 0x00, 0x0F, 0xFE, 0x1F, 0xFC, 0x00, 0x00,
    0x1F, 0xC0, 0x3F, 0xFC, 0x00, 0x00, 0x3F, 0x80, 0x7F, 0xF8, 0x00, 0x00, 0x7F, 0x00, 0xFF, 0xF8,
    0x00, 0x00, 0xFE, 0x01, 0xFF, 0xF8, 0x00, 0x01, 0xFC, 0x03, 0xF7, 0xF0, 0x00, 0x03, 0xF8, 0x07,
    0xEF, 0xF0, 0x00, 0x07, 0xF0, 0x0F, 0xCF, 0xF0, 0x00, 0x0F, 0xE0, 0x1F, 0x8F, 0xE0, 0x00, 0x1F,
    0xC0, 0x3F, 0x1F, 0xE0, 0x00, 0x3F, 0x80, 0x7E, 0x1F, 0xE0, 0x00, 0x7F, 0x00, 0xFC, 0x1F, 0xC0,
    0x00, 0xFE, 0x01, 0xF8, 0x1F, 0xC0, 0x01, 0xFC, 0x03, 0xF0, 0x3F, 0x80, 0x03, 0xF8, 0x07, 0xE0,
    0x3F, 0x80, 0x07, 0xF0, 0x0F, 0xC0, 0x3F, 0x80, 0x0F, 0xE0, 0x1F, 0x80, 0x7F, 0x00, 0x1F, 0xC0,
    0x3F, 0x00, 0x7F, 0x00, 0x3F, 0x80, 0x7E, 0x00, 0x7F, 0x00, 0x7F, 0x00, 0xFC, 0x00, 0xFE, 0x00,
    0xFE, 0x01, 0xF8, 0x00, 0xFE, 0x01, 0xFC, 0x03, 0xF0, 0x00, 0xFE, 0x03, 0xF8, 0x07, 0xE0, 0x01,
    0xFC, 0x07, 0xF0, 0x0F, 0xC0, 0x01, 0xFC, 0x0F, 0xE0, 0x1F, 0x80, 0x01, 0xFC, 0x1F, 0xC0, 0x3F,
    0x00, 0x03, 0xF8, 0x3F, 0x80, 0x7E, 0x00, 0x03, 0xF8, 0x7F, 0x00, 0xFC, 0x00, 0x03, 0xF8, 0xFE,
    0x01, 0xF8, 0x00, 0x07, 0xF1, 0xFC, 0x03, 0xF0, 0x00, 0x07, 0xF3, 0xF8, 0x07, 0xE0, 0x00, 0x07,
    0xF7, 0xF0, 0x0F, 0xC0, 0x00, 0x0F, 0xEF, 0xE0, 0x1F, 0x80, 0x00, 0x0F, 0xFF, 0xC0, 0x3F, 0x00,
    0x00, 0x0F, 0xFF, 0x80, 0x7E, 0x00, 0x00, 0x1F, 0xFF, 0x00, 0xFC, 0x00, 0x00, 0x1F, 0xFE, 0x01,
    0xF8, 0x00, 0x00, 0x1F, 0xFC, 0x3F, 0xF0, 0x00, 0x00, 0x3F, 0xF8, 0x7F, 0xE0, 0x00, 0x00, 0x3F,
    0xF0, 0xFF, 0xC0, 0x00, 0x00, 0x3F, 0xE1, 0xFF, 0x80, 0x00, 0x00, 0x7F, 0xC3, 0xFF, 0x00, 0x00,
    0x00, 0x7F, 0x80, 0x00, 0x10, 0x00, 0x00, 0x00, 0x00, 0x00, 0xFC, 0x00, 0x00, 0x00, 0x00, 0x07,
    0xFF, 0x00, 0x00, 0x00, 0x00, 0x3F, 0xFF, 0xC0, 0x00, 0x00, 0x01, 0xFF, 0xFF, 0xF0, 0x00, 0x00,
    0x0F, 0xFF, 0xFF, 0x80, 0x00, 0x00, 0x3F, 0xFF, 0xFC, 0x00, 0x00, 0x00, 0x07, 0xFF, 0xE0, 0x00,
    0x00, 0x00, 0x00, 0x7F, 0x00, 0x00, 0x00, 0x00, 0x00, 0x08, 0x00, 0x00, 0x00, 0x1F, 0xFC, 0x00,
    0x00, 0x00, 0x07, 0xFF, 0xFC, 0x00, 0x00, 0x01, 0xFF, 0xFF, 0xFC, 0x00, 0x00, 0x1F, 0xFF, 0xFF,
    0xF0, 0x00, 0x03, 0xFF, 0xFF, 0xFF, 0xE0, 0x00, 0x3F, 0xFF, 0xFF, 0xFF, 0x80, 0x03, 0xFF, 0xC0,
    0x1F, 0xFE, 0x00, 0x3F, 0xF8, 0x00, 0x3F, 0xF8, 0x01, 0xFF, 0x00, 0x00, 0x7F, 0xC0, 0x1F, 0xF0,
    0x00, 0x01, 0xFF, 0x01, 0xFF, 0x00, 0x00, 0x07, 0xFC, 0x0F, 0xF0, 0x00, 0x00, 0x1F, 0xE0, 0xFF,
    0x00, 0x00, 0x00, 0x7F, 0x87, 0xF8, 0x00, 0x00, 0x03, 0xFC, 0x3F, 0x80, 0x00, 0x00, 0x0F, 0xE3,
    0xFC, 0x00, 0x00, 0x00, 0x7F, 0x9F, 0xC0, 0x00, 0x00, 0x01, 0xFC, 0xFE, 0x00, 0x00, 0x00, 0x0F,
    0xE7, 0xF0, 0x00, 0x00, 0x00, 0x7F, 0x7F, 0x00, 0x00, 0x00, 0x03, 0xFF, 0xF8, 0x00, 0x00, 0x00,
    0x0F, 0xFF, 0xC0, 0x00, 0x00, 0x00, 0x7F, 0xFE, 0x00, 0x00, 0x00, 0x03, 0xFF, 0xF0, 0x00, 0x00,
    0x00, 0x1F, 0xFF, 0x80, 0x00, 0x00, 0x00, 0xFF, 0xFC, 0x00, 0x00, 0x00, 0x07, 0xFF, 0xE0, 0x00,
    0x00, 0x00, 0x3F, 0xFF, 0x00, 0x00, 0x00, 0x01, 0xFF, 0xF8, 0x00, 0x00, 0x00, 0x0F, 0xFF, 0xC0,
    0x00, 0x00, 0x00, 0x7F, 0xFE, 0x00, 0x00, 0x00, 0x07, 0xFB, 0xF8, 0x00, 0x00, 0x00, 0x3F, 0x9F,
    0xC0, 0x00, 0x00, 0x01, 0xFC, 0xFE, 0x00, 0x00, 0x00, 0x0F, 0xE7, 0xF8, 0x00, 0x00, 0x00, 0xFF,
    0x1F, 0xC0, 0x00, 0x00, 0x07, 0xF0, 0xFF, 0x00, 0x00, 0x00, 0x7F, 0x87, 0xF8, 0x00, 0x00, 0x03,
    0xFC, 0x1F, 0xE0, 0x00, 0x00, 0x3F, 0xC0, 0xFF, 0x80, 0x00, 0x03, 0xFE, 0x03, 0xFE, 0x00, 0x00,
    0x3F, 0xE0, 0x0F, 0xF8, 0x00, 0x03, 0xFE, 0x00, 0x7F, 0xF0, 0x00, 0x7F, 0xF0, 0x01, 0xFF, 0xE0,
    0x0F, 0xFF, 0x00, 0x07, 0xFF, 0xFF, 0xFF, 0xF0, 0x00, 0x1F, 0xFF, 0xFF, 0xFF, 0x00, 0x00, 0x3F,
    0xFF, 0xFF, 0xE0, 0x00, 0x00, 0x7F, 0xFF, 0xFE, 0x00, 0x00, 0x00, 0xFF, 0xFF, 0x80, 0x00, 0x00,
    0x00, 0xFF, 0xE0, 0x00, 0x00, 0x00, 0x00, 0x00, 0x00, 0x60, 0x00, 0x00, 0x00, 0x00, 0x7F, 0x00,
    0x00, 0x00, 0x00, 0x7F, 0xF8, 0x00, 0x00, 0x00, 0x7F, 0xFF, 0xC0, 0x00, 0x00, 0x3F, 0xFF, 0xFE,
    0x00, 0x00, 0x03, 0xFF, 0xFF, 0xF0, 0x00, 0x00, 0x1F, 0xFF, 0xFF, 0x00, 0x00, 0x00, 0xFF, 0xFC,
    0x00, 0x00, 0x00, 0x07, 0xF8, 0x00, 0x00, 0x00, 0x00, 0x10, 0x00, 0x00, 0x00, 0x00, 0x00, 0x1F,
    0xFC, 0x00, 0x00, 0x00, 0x07, 0xFF, 0xFC, 0x00, 0x00, 0x01, 0xFF, 0xFF, 0xFC, 0x00, 0x00, 0x1F,
    0xFF, 0xFF, 0xF0, 0x00, 0x03, 0xFF, 0xFF, 0xFF, 0xE0, 0x00, 0x3F, 0xFF, 0xFF, 0xFF, 0x80, 0x03,
    0xFF, 0xC0, 0x1F, 0xFE, 0x00, 0x3F, 0xF8, 0x00, 0x3F, 0xF8, 0x01, 0xFF, 0x00, 0x00, 0x7F, 0xC0,
    0x1F, 0xF0, 0x00, 0x01, 0xFF, 0x01, 0xFF, 0x00, 0x00, 0x07, 0xFC, 0x0F, 0xF0, 0x00, 0x00, 0x1F,
    0xE0, 0xFF, 0x00, 0x00, 0x00, 0x7F, 0x87, 0xF8, 0x00, 0x00, 0x03, 0xFC, 0x3F, 0x80, 0x00, 0x00,
    0x0F, 0xE3, 0xFC, 0x00, 0x00, 0x00, 0x7F, 0x9F, 0xC0, 0x00, 0x00, 0x01, 0xFC, 0xFE, 0x00, 0x00,
    0x00, 0x0F, 0xE7, 0xF0, 0x00, 0x00, 0x00, 0x7F, 0x7F, 0x00, 0x00, 0x00, 0x03, 0xFF, 0xF8, 0x00,
    0x00, 0x00, 0x0F, 0xFF, 0xC0, 0x00, 0x00, 0x00, 0x7F, 0xFE, 0x00, 0x00, 0x00, 0x03, 0xFF, 0xF0,
    0x00, 0x00, 0x00, 0x1F, 0xFF, 0x80, 0x00, 0x00, 0x00, 0xFF, 0xFC, 0x00, 0x00, 0x00, 0x07, 0xFF,
    0xE0, 0x00, 0x00, 0x00, 0x3F, 0xFF, 0x00, 0x00, 0x00, 0x01, 0xFF, 0xF8, 0x00, 0x00, 0x00, 0x0F,
    0xFF, 0xC0, 0x00, 0x00, 0x00, 0x7F, 0xFE, 0x00, 0x00, 0x00, 0x07, 0xFB, 0xF8, 0x00, 0x00, 0x00,
    0x3F, 0x9F, 0xC0, 0x00, 0x00, 0x01, 0xFC, 0xFE, 0x00, 0x00, 0x00, 0x0F, 0xE7, 0xF8, 0x00, 0x00,
    0x00, 0xFF, 0x1F, 0xC0, 0x00, 0x00, 0x07, 0xF0, 0xFF, 0x00, 0x00, 0x00, 0x7F, 0x87, 0xF8, 0x00,
    0x00, 0x03, 0xFC, 0x1F, 0xE0, 0x00, 0x00, 0x3F, 0xC0, 0xFF, 0x80, 0x00, 0x03, 0xFE, 0x03, 0xFE,
    0x00, 0x00, 0x3F, 0xE0, 0x0F, 0xF8, 0x00, 0x03, 0xFE, 0x00, 0x7F, 0xF0, 0x00, 0x7F, 0xF0, 0x01,
    0xFF, 0xE0, 0x0F, 0xFF, 0x00, 0x07, 0xFF, 0xFF, 0xFF, 0xF0, 0x00, 0x1F, 0xFF, 0xFF, 0xFF, 0x00,
    0x00, 0x3F, 0xFF, 0xFF, 0xE0, 0x00, 0x00, 0x7F, 0xFF, 0xFE, 0x00, 0x00, 0x00, 0xFF, 0xFF, 0x80,
    0x00, 0x00, 0x00, 0xFF, 0xE0, 0x00, 0x00, 0x00, 0x00, 0x07, 0x00, 0x00, 0x00, 0x00, 0x00, 0xFF,
    0x00, 0x00, 0x00, 0x00, 0x1F, 0xFE, 0x00, 0x00, 0x00, 0x03, 0xFF, 0xFC, 0x00, 0x00, 0x00, 0xFF,
    0xFF, 0xFC, 0x00, 0x00, 0x1F, 0xFF, 0xFF, 0xF8, 0x00, 0x01, 0xFF, 0xE3, 0xFF, 0xC0, 0x00, 0x0F,
    0xFC, 0x03, 0xFE, 0x00, 0x00, 0x7F, 0x00, 0x03, 0xF0, 0x00, 0x03, 0xC0, 0x00, 0x03, 0x80, 0x00,
    0x00, 0x00, 0x00, 0x00, 0x00, 0x00, 0x00, 0xFF, 0xE0, 0x00, 0x00, 0x00, 0x3F, 0xFF, 0xE0, 0x00,
    0x00, 0x0F, 0xFF, 0xFF, 0xE0, 0x00, 0x00, 0xFF, 0xFF, 0xFF, 0x80, 0x00, 0x1F, 0xFF, 0xFF, 0xFF,
    0x00, 0x01, 0xFF, 0xFF, 0xFF, 0xFC, 0x00, 0x1F, 0xFE, 0x00, 0xFF, 0xF0, 0x01, 0xFF, 0xC0, 0x01,
    0xFF, 0xC0, 0x0F, 0xF8, 0x00, 0x03, 0xFE, 0x00, 0xFF, 0x80, 0x00, 0x0F, 0xF8, 0x0F, 0xF8, 0x00,
    0x00, 0x3F, 0xE0, 0x7F, 0x80, 0x00, 0x00, 0xFF, 0x07, 0xF8, 0x00, 0x00, 0x03, 0xFC, 0x3F, 0xC0,
    0x00, 0x00, 0x1F, 0xE1, 0xFC, 0x00, 0x00, 0x00, 0x7F, 0x1F, 0xE0, 0x00, 0x00, 0x03, 0xFC, 0xFE,
    0x00, 0x00, 0x00, 0x0F, 0xE7, 0xF0, 0x00, 0x00, 0x00, 0x7F, 0x3F, 0x80, 0x00, 0x00, 0x03, 0xFB,
    0xF8, 0x00, 0x00, 0x00, 0x1F, 0xFF, 0xC0, 0x00, 0x00, 0x00, 0x7F, 0xFE, 0x00, 0x00, 0x00, 0x03,
    0xFF, 0xF0, 0x00, 0x00, 0x00, 0x1F, 0xFF, 0x80, 0x00, 0x00, 0x00, 0xFF, 0xFC, 0x00, 0x00, 0x00,
    0x07, 0xFF, 0xE0, 0x00, 0x00, 0x00, 0x3F, 0xFF, 0x00, 0x00, 0x00, 0x01, 0xFF, 0xF8, 0x00, 0x00,
    0x00, 0x0F, 0xFF, 0xC0, 0x00, 0x00, 0x00, 0x7F, 0xFE, 0x00, 0x00, 0x00, 0x03, 0xFF, 0xF0, 0x00,
    0x00, 0x00, 0x3F, 0xDF, 0xC0, 0x00, 0x00, 0x01, 0xFC, 0xFE, 0x00, 0x00, 0x00, 0x0F, 0xE7, 0xF0,
    0x00, 0x00, 0x00, 0x7F, 0x3F, 0xC0, 0x00, 0x00, 0x07, 0xF8, 0xFE, 0x00, 0x00, 0x00, 0x3F, 0x87,
    0xF8, 0x00, 0x00, 0x03, 0xFC, 0x3F, 0xC0, 0x00, 0x00, 0x1F, 0xE0, 0xFF, 0x00, 0x00, 0x01, 0xFE,
    0x07, 0xFC, 0x00, 0x00, 0x1F, 0xF0, 0x1F, 0xF0, 0x00, 0x01, 0xFF, 0x00, 0x7F, 0xC0, 0x00, 0x1F,
    0xF0, 0x03, 0xFF, 0x80, 0x03, 0xFF, 0x80, 0x0F, 0xFF, 0x00, 0x7F, 0xF8, 0x00, 0x3F, 0xFF, 0xFF,
    0xFF, 0x80, 0x00, 0xFF, 0xFF, 0xFF, 0xF8, 0x00, 0x01, 0xFF, 0xFF, 0xFF, 0x00, 0x00, 0x03, 0xFF,
    0xFF, 0xF0, 0x00, 0x00, 0x07, 0xFF, 0xFC, 0x00, 0x00, 0x00, 0x07, 0xFF, 0x00, 0x00, 0x00, 0x00,
    0x00, 0x00, 0x00, 0xF0, 0x00, 0x00, 0x0F, 0xE0, 0x0F, 0x80, 0x00, 0x00, 0xFF, 0xF0, 0x7C, 0x00,
    0x00, 0x0F, 0xFF, 0xFF, 0xE0, 0x00, 0x00, 0xFF, 0xFF, 0xFE, 0x00, 0x00, 0x0F, 0xFF, 0xFF, 0xF0,
    0x00, 0x00, 0x7E, 0x7F, 0xFF, 0x00, 0x00, 0x03, 0xE0, 0x3F, 0xF0, 0x00, 0x00, 0x1E, 0x00, 0x04,
    0x00, 0x00, 0x01, 0xF0, 0x00, 0x00, 0x00, 0x00, 0x00, 0x1F, 0xFC, 0x00, 0x00, 0x00, 0x07, 0xFF,
    0xFC, 0x00, 0x00, 0x01, 0xFF, 0xFF, 0xFC, 0x00, 0x00, 0x1F, 0xFF, 0xFF, 0xF0, 0x00, 0x03, 0xFF,
    0xFF, 0xFF, 0xE0, 0x00, 0x3F, 0xFF, 0xFF, 0xFF, 0x80, 0x03, 0xFF, 0xC0, 0x1F, 0xFE, 0x00, 0x3F,
    0xF8, 0x00, 0x3F, 0xF8, 0x01, 0xFF, 0x00, 0x00, 0x7F, 0xC0, 0x1F, 0xF0, 0x00, 0x01, 0xFF, 0x01,
    0xFF, 0x00, 0x00, 0x07, 0xFC, 0x0F, 0xF0, 0x00, 0x00, 0x1F, 0xE0, 0xFF, 0x00, 0x00, 0x00, 0x7F,
    0x87, 0xF8, 0x00, 0x00, 0x03, 0xFC, 0x3F, 0x80, 0x00, 0x00, 0x0F, 0xE3, 0xFC, 0x00, 0x00, 0x00,
    0x7F, 0x9F, 0xC0, 0x00, 0x00, 0x01, 0xFC, 0xFE, 0x00, 0x00, 0x00, 0x0F, 0xE7, 0xF0, 0x00, 0x00,
    0x00, 0x7F, 0x7F, 0x00, 0x00, 0x00, 0x03, 0xFF, 0xF8, 0x00, 0x00, 0x00, 0x0F, 0xFF, 0xC0, 0x00,
    0x00, 0x00, 0x7F, 0xFE, 0x00, 0x00, 0x00, 0x03, 0xFF, 0xF0, 0x00, 0x00, 0x00, 0x1F, 0xFF, 0x80,
    0x00, 0x00, 0x00, 0xFF, 0xFC, 0x00, 0x00, 0x00, 0x07, 0xFF, 0xE0, 0x00, 0x00, 0x00, 0x3F, 0xFF,
    0x00, 0x00, 0x00, 0x01, 0xFF, 0xF8, 0x00, 0x00, 0x00, 0x0F, 0xFF, 0xC0, 0x00, 0x00, 0x00, 0x7F,
    0xFE, 0x00, 0x00, 0x00, 0x07, 0xFB, 0xF8, 0x00, 0x00, 0x00, 0x3F, 0x9F, 0xC0, 0x00, 0x00, 0x01,
    0xFC, 0xFE, 0x00, 0x00, 0x00, 0x0F, 0xE7, 0xF8, 0x00, 0x00, 0x00, 0xFF, 0x1F, 0xC0, 0x00, 0x00,
    0x07, 0xF0, 0xFF, 0x00, 0x00, 0x00, 0x7F, 0x87, 0xF8, 0x00, 0x00, 0x03, 0xFC, 0x1F, 0xE0, 0x00,
    0x00, 0x3F, 0xC0, 0xFF, 0x80, 0x00, 0x03, 0xFE, 0x03, 0xFE, 0x00, 0x00, 0x3F, 0xE0, 0x0F, 0xF8,
    0x00, 0x03, 0xFE, 0x00, 0x7F, 0xF0, 0x00, 0x7F, 0xF0, 0x01, 0xFF, 0xE0, 0x0F, 0xFF, 0x00, 0x07,
    0xFF, 0xFF, 0xFF, 0xF0, 0x00, 0x1F, 0xFF, 0xFF, 0xFF, 0x00, 0x00, 0x3F, 0xFF, 0xFF, 0xE0, 0x00,
    0x00, 0x7F, 0xFF, 0xFE, 0x00, 0x00, 0x00, 0xFF, 0xFF, 0x80, 0x00, 0x00, 0x00, 0xFF, 0xE0, 0x00,
    0x00, 0x00, 0x07, 0x80, 0x07, 0x80, 0x00, 0x00, 0x7E, 0x00, 0x7E, 0x00, 0x00, 0x07, 0xF8, 0x07,
    0xF8, 0x00, 0x00, 0x3F, 0xC0, 0x3F, 0xC0, 0x00, 0x01, 0xFE, 0x01, 0xFE, 0x00, 0x00, 0x0F, 0xF0,
    0x0F, 0xF0, 0x00, 0x00, 0x3F, 0x00, 0x3F, 0x00, 0x00, 0x00, 0xF0, 0x00, 0xF0, 0x00, 0x00, 0x00,
    0x00, 0x00, 0x00, 0x00, 0x00, 0x03, 0xFF, 0x80, 0x00, 0x00, 0x00, 0xFF, 0xFF, 0x80, 0x00, 0x00,
    0x3F, 0xFF, 0xFF, 0x80, 0x00, 0x03, 0xFF, 0xFF, 0xFE, 0x00, 0x00, 0x7F, 0xFF, 0xFF, 0xFC, 0x00,
    0x07, 0xFF, 0xFF, 0xFF, 0xF0, 0x00, 0x7F, 0xF8, 0x03, 0xFF, 0xC0, 0x07, 0xFF, 0x00, 0x07, 0xFF,
    0x00, 0x3F, 0xE0, 0x00, 0x0F, 0xF8, 0x03, 0xFE, 0x00, 0x00, 0x3F, 0xE0, 0x3F, 0xE0, 0x00, 0x00,
    0xFF, 0x81, 0xFE, 0x00, 0x00, 0x03, 0xFC, 0x1F, 0xE0, 0x00, 0x00, 0x0F, 0xF0, 0xFF, 0x00, 0x00,
    0x00, 0x7F, 0x87, 0xF0, 0x00, 0x00, 0x01, 0xFC, 0x7F, 0x80, 0x00, 0x00, 0x0F, 0xF3, 0xF8, 0x00,
    0x00, 0x00, 0x3F, 0x9F, 0xC0, 0x00, 0x00, 0x01, 0xFC, 0xFE, 0x00, 0x00, 0x00, 0x0F, 0xEF, 0xE0,
    0x00, 0x00, 0x00, 0x7F, 0xFF, 0x00, 0x00, 0x00, 0x01, 0xFF, 0xF8, 0x00, 0x00, 0x00, 0x0F, 0xFF,
    0xC0, 0x00, 0x00, 0x00, 0x7F, 0xFE, 0x00, 0x00, 0x00, 0x03, 0xFF, 0xF0, 0x00, 0x00, 0x00, 0x1F,
    0xFF, 0x80, 0x00, 0x00, 0x00, 0xFF, 0xFC, 0x00, 0x00, 0x00, 0x07, 0xFF, 0xE0, 0x00, 0x00, 0x00,
    0x3F, 0xFF, 0x00, 0x00, 0x00, 0x01, 0xFF, 0xF8, 0x00, 0x00, 0x00, 0x0F, 0xFF, 0xC0, 0x00, 0x00,
    0x00, 0xFF, 0x7F, 0x00, 0x00, 0x00, 0x07, 0xF3, 0xF8, 0x00, 0x00, 0x00, 0x3F, 0x9F, 0xC0, 0x00,
    0x00, 0x01, 0xFC, 0xFF, 0x00, 0x00, 0x00, 0x1F, 0xE3, 0xF8, 0x00, 0x00, 0x00, 0xFE, 0x1F, 0xE0,
    0x00, 0x00, 0x0F, 0xF0, 0xFF, 0x00, 0x00, 0x00, 0x7F, 0x83, 0xFC, 0x00, 0x00, 0x07, 0xF8, 0x1F,
    0xF0, 0x00, 0x00, 0x7F, 0xC0, 0x7F, 0xC0, 0x00, 0x07, 0xFC, 0x01, 0xFF, 0x00, 0x00, 0x7F, 0xC0,
    0x0F, 0xFE, 0x00, 0x0F, 0xFE, 0x00, 0x3F, 0xFC, 0x01, 0xFF, 0xE0, 0x00, 0xFF, 0xFF, 0xFF, 0xFE,
    0x00, 0x03, 0xFF, 0xFF, 0xFF, 0xE0, 0x00, 0x07, 0xFF, 0xFF, 0xFC, 0x00, 0x00, 0x1F, 0xFF, 0xFF,
    0xC0, 0x00, 0x00, 0x1F, 0xFF, 0xF0, 0x00, 0x00, 0x00, 0x1F, 0xFC, 0x00, 0x00, 0x18, 0x00, 0x00,
    0x60, 0xF0, 0x00, 0x03, 0xC7, 0xE0, 0x00, 0x1F, 0xBF, 0xC0, 0x00, 0xFF, 0xFF, 0x80, 0x07, 0xFD,
    0xFF, 0x00, 0x3F, 0xE3, 0xFE, 0x01, 0xFF, 0x07, 0xFC, 0x0F, 0xF8, 0x0F, 0xF8, 0x7F, 0xC0, 0x1F,
    0xF3, 0xFE, 0x00, 0x3F, 0xFF, 0xF0, 0x00, 0x7F, 0xFF, 0x80, 0x00, 0xFF, 0xFC, 0x00, 0x01, 0xFF,
    0xE0, 0x00, 0x03, 0xFF, 0x00, 0x00, 0x0F, 0xFC, 0x00, 0x00, 0x7F, 0xF8, 0x00, 0x03, 0xFF, 0xF0,
    0x00, 0x1F, 0xFF, 0xE0, 0x00, 0xFF, 0xFF, 0xC0, 0x07, 0xFC, 0xFF, 0x80, 0x3F, 0xE1, 0xFF, 0x01,
    0xFF, 0x03, 0xFE, 0x0F, 0xF8, 0x07, 0xFC, 0x7F, 0xC0, 0x0F, 0xFB, 0xFE, 0x00, 0x1F, 0xFF, 0xF0,
    0x00, 0x3F, 0xDF, 0x80, 0x00, 0x7E, 0x3C, 0x00, 0x00, 0xF0, 0x60, 0x00, 0x01, 0x80, 0x00, 0x00,
    0x00, 0x00, 0x00, 0x80, 0x00, 0x03, 0xFF, 0x80, 0x07, 0x00, 0x00, 0xFF, 0xFF, 0x80, 0x7C, 0x00,
    0x3F, 0xFF, 0xFF, 0x87, 0xF0, 0x03, 0xFF, 0xFF, 0xFE, 0x7F, 0x00, 0x7F, 0xFF, 0xFF, 0xFF, 0xF0,
    0x07, 0xFF, 0xFF, 0xFF, 0xFF, 0x00, 0x7F, 0xF8, 0x03, 0xFF, 0xF0, 0x07, 0xFE, 0x00, 0x03, 0xFF,
    0x80, 0x3F, 0xE0, 0x00, 0x0F, 0xF8, 0x03, 0xFC, 0x00, 0x00, 0x3F, 0xE0, 0x3F, 0xC0, 0x00, 0x01,
    0xFF, 0x81, 0xFE, 0x00, 0x00, 0x1F, 0xFC, 0x1F, 0xE0, 0x00, 0x01, 0xFF, 0xF0, 0xFE, 0x00, 0x00,
    0x1F, 0xFF, 0x87, 0xF0, 0x00, 0x01, 0xFD, 0xFC, 0x7F, 0x80, 0x00, 0x1F, 0xCF, 0xF3, 0xF8, 0x00,
    0x01, 0xFC, 0x3F, 0x9F, 0xC0, 0x00, 0x0F, 0xC1, 0xFC, 0xFE, 0x00, 0x00, 0xFC, 0x0F, 0xEF, 0xE0,
    0x00, 0x0F, 0xE0, 0x7F, 0xFF, 0x00, 0x00, 0xFE, 0x01, 0xFF, 0xF8, 0x00, 0x0F, 0xE0, 0x0F, 0xFF,
    0xC0, 0x00, 0xFE, 0x00, 0x7F, 0xFE, 0x00, 0x0F, 0xE0, 0x03, 0xFF, 0xF0, 0x00, 0x7E, 0x00, 0x1F,
    0xFF, 0x80, 0x07, 0xE0, 0x00, 0xFF, 0xFC, 0x00, 0x7F, 0x00, 0x07, 0xFF, 0xE0, 0x07, 0xF0, 0x00,
    0x3F, 0xFF, 0x00, 0x7F, 0x00, 0x01, 0xFF, 0xF8, 0x07, 0xF0, 0x00, 0x0F, 0xFF, 0xC0, 0x7F, 0x00,
    0x00, 0x7F, 0x7F, 0x03, 0xF0, 0x00, 0x07, 0xF3, 0xF8, 0x3F, 0x00, 0x00, 0x3F, 0x9F, 0xC3, 0xF8,
    0x00, 0x01, 0xFC, 0xFF, 0x3F, 0x80, 0x00, 0x1F, 0xE3, 0xFB, 0xF8, 0x00, 0x00, 0xFE, 0x1F, 0xFF,
    0x80, 0x00, 0x0F, 0xF0, 0xFF, 0xF8, 0x00, 0x00, 0x7F, 0x83, 0xFF, 0x80, 0x00, 0x07, 0xF8, 0x1F,
    0xF8, 0x00, 0x00, 0x7F, 0xC0, 0x7F, 0xC0, 0x00, 0x07, 0xFC, 0x01, 0xFF, 0x00, 0x00, 0x7F, 0xC0,
    0x1F, 0xFC, 0x00, 0x07, 0xFE, 0x00, 0xFF, 0xFC, 0x01, 0xFF, 0xE0, 0x0F, 0xFF, 0xFF, 0xFF, 0xFE,
    0x00, 0xFD, 0xFF, 0xFF, 0xFF, 0xE0, 0x0F, 0xE7, 0xFF, 0xFF, 0xFC, 0x00, 0x7E, 0x0F, 0xFF, 0xFF,
    0xC0, 0x01, 0xE0, 0x1F, 0xFF, 0xF0, 0x00, 0x06, 0x00, 0x1F, 0xFC, 0x00, 0x00, 0x00, 0x10, 0x00,
    0x00, 0x00, 0x00, 0x01, 0xF8, 0x00, 0x00, 0x00, 0x00, 0x1F, 0xFC, 0x00, 0x00, 0x00, 0x01, 0xFF,
    0xFE, 0x00, 0x00, 0x00, 0x1F, 0xFF, 0xFF, 0x00, 0x00, 0x01, 0xFF, 0xFF, 0xF0, 0x00, 0x00, 0x0F,
    0xFF, 0xFF, 0x00, 0x00, 0x00, 0x03, 0xFF, 0xF0, 0x00, 0x00, 0x00, 0x00, 0x7F, 0x00, 0x00, 0x00,
    0x00, 0x00, 0x20, 0x00, 0x00, 0x00, 0x00, 0x00, 0x00, 0x00, 0x00, 0x00, 0x00, 0x00, 0x00, 0xFF,
    0xE0, 0x00, 0x00, 0x3F, 0xFF, 0xFE, 0x00, 0x00, 0x03, 0xFF, 0xFF, 0xE0, 0x00, 0x00, 0x3F, 0xFF,
    0xFE, 0x00, 0x00, 0x03, 0xFF, 0xFF, 0xE0, 0x00, 0x00, 0x3F, 0xF0, 0xFE, 0x00, 0x00, 0x03, 0xF0,
    0x0F, 0xE0, 0x00, 0x00, 0x3F, 0x00, 0xFE, 0x00, 0x00, 0x03, 0xF0, 0x0F, 0xE0, 0x00, 0x00, 0x3F,
    0x00, 0xFE, 0x00, 0x00, 0x03, 0xF0, 0x0F, 0xE0, 0x00, 0x00, 0x3F, 0x00, 0xFE, 0x00, 0x00, 0x03,
    0xF0, 0x0F, 0xE0, 0x00, 0x00, 0x3F, 0x00, 0xFE, 0x00, 0x00, 0x03, 0xF0, 0x0F, 0xE0, 0x00, 0x00,
    0x3F, 0x00, 0xFE, 0x00, 0x00, 0x03, 0xF0, 0x0F, 0xE0, 0x00, 0x00, 0x3F, 0x00, 0xFE, 0x00, 0x00,
    0x03, 0xF0, 0x0F, 0xE0, 0x00, 0x00, 0x3F, 0x00, 0xFE, 0x00, 0x00, 0x03, 0xF0, 0x0F, 0xE0, 0x00,
    0x00, 0x3F, 0x00, 0xFE, 0x00, 0x00, 0x03, 0xF0, 0x0F, 0xE0, 0x00, 0x00, 0x3F, 0x00, 0xFE, 0x00,
    0x00, 0x03, 0xF0, 0x0F, 0xE0, 0x00, 0x00, 0x3F, 0x00, 0xFE, 0x00, 0x00, 0x03, 0xF0, 0x0F, 0xE0,
    0x00, 0x00, 0x3F, 0x00, 0xFE, 0x00, 0x00, 0x03, 0xF0, 0x0F, 0xE0, 0x00, 0x00, 0x3F, 0x00, 0xFE,
    0x00, 0x00, 0x03, 0xF0, 0x0F, 0xE0, 0x00, 0x00, 0x3F, 0x00, 0xFE, 0x00, 0x00, 0x03, 0xF0, 0x0F,
    0xE0, 0x00, 0x00, 0x3F, 0x00, 0xFE, 0x00, 0x00, 0x03, 0xF0, 0x0F, 0xE0, 0x00, 0x00, 0x3F, 0x00,
    0xFF, 0x00, 0x00, 0x07, 0xF0, 0x07, 0xF0, 0x00, 0x00, 0x7F, 0x00, 0x7F, 0x80, 0x00, 0x0F, 0xE0,
    0x07, 0xF8, 0x00, 0x00, 0xFE, 0x00, 0x3F, 0xC0, 0x00, 0x1F, 0xE0, 0x03, 0xFE, 0x00, 0x07, 0xFC,
    0x00, 0x1F, 0xFC, 0x01, 0xFF, 0x80, 0x01, 0xFF, 0xFF, 0xFF, 0xF8, 0x00, 0x0F, 0xFF, 0xFF, 0xFF,
    0x00, 0x00, 0x7F, 0xFF, 0xFF, 0xE0, 0x00, 0x01, 0xFF, 0xFF, 0xF8, 0x00, 0x00, 0x07, 0xFF, 0xFE,
    0x00, 0x00, 0x00, 0x07, 0xFF, 0x00, 0x00, 0x00, 0x00, 0x00, 0x00, 0x30, 0x00, 0x00, 0x00, 0x00,
    0xFE, 0x00, 0x00, 0x00, 0x03, 0xFF, 0xC0, 0x00, 0x00, 0x0F, 0xFF, 0xF8, 0x00, 0x00, 0x1F, 0xFF,
    0xFF, 0x00, 0x00, 0x07, 0xFF, 0xFF, 0xE0, 0x00, 0x00, 0xFF, 0xFF, 0xF8, 0x00, 0x00, 0x1F, 0xFF,
    0x80, 0x00, 0x00, 0x03, 0xFC, 0x00, 0x00, 0x00, 0x00, 0x40, 0x00, 0x00, 0x00, 0x00, 0x00, 0x00,
    0x00, 0x00, 0x00, 0x00, 0x00, 0x00, 0x00, 0x0F, 0xFE, 0x00, 0x00, 0x07, 0xFF, 0xFF, 0xC0, 0x00,
    0x00, 0xFF, 0xFF, 0xF8, 0x00, 0x00, 0x1F, 0xFF, 0xFF, 0x00, 0x00, 0x03, 0xFF, 0xFF, 0xE0, 0x00,
    0x00, 0x7F, 0xE1, 0xFC, 0x00, 0x00, 0x0F, 0xC0, 0x3F, 0x80, 0x00, 0x01, 0xF8, 0x07, 0xF0, 0x00,
    0x00, 0x3F, 0x00, 0xFE, 0x00, 0x00, 0x07, 0xE0, 0x1F, 0xC0, 0x00, 0x00, 0xFC, 0x03, 0xF8, 0x00,
    0x00, 0x1F, 0x80, 0x7F, 0x00, 0x00, 0x03, 0xF0, 0x0F, 0xE0, 0x00, 0x00, 0x7E, 0x01, 0xFC, 0x00,
    0x00, 0x0F, 0xC0, 0x3F, 0x80, 0x00, 0x01, 0xF8, 0x07, 0xF0, 0x00, 0x00, 0x3F, 0x00, 0xFE, 0x00,
    0x00, 0x07, 0xE0, 0x1F, 0xC0, 0x00, 0x00, 0xFC, 0x03, 0xF8, 0x00, 0x00, 0x1F, 0x80, 0x7F, 0x00,
    0x00, 0x03, 0xF0, 0x0F, 0xE0, 0x00, 0x00, 0x7E, 0x01, 0xFC, 0x00, 0x00, 0x0F, 0xC0, 0x3F, 0x80,
    0x00, 0x01, 0xF8, 0x07, 0xF0, 0x00, 0x00, 0x3F, 0x00, 0xFE, 0x00, 0x00, 0x07, 0xE0, 0x1F, 0xC0,
    0x00, 0x00, 0xFC, 0x03, 0xF8, 0x00, 0x00, 0x1F, 0x80, 0x7F, 0x00, 0x00, 0x03, 0xF0, 0x0F, 0xE0,
    0x00, 0x00, 0x7E, 0x01, 0xFC, 0x00, 0x00, 0x0F, 0xC0, 0x3F, 0x80, 0x00, 0x01, 0xF8, 0x07, 0xF0,
    0x00, 0x00, 0x3F, 0x00, 0xFE, 0x00, 0x00, 0x07, 0xE0, 0x1F, 0xC0, 0x00, 0x00, 0xFC, 0x03, 0xF8,
    0x00, 0x00, 0x1F, 0x80, 0x7F, 0x80, 0x00, 0x07, 0xF0, 0x07, 0xF0, 0x00, 0x00, 0xFE, 0x00, 0xFE,
    0x00, 0x00, 0x3F, 0x80, 0x1F, 0xE0, 0x00, 0x07, 0xF0, 0x01, 0xFE, 0x00, 0x01, 0xFE, 0x00, 0x3F,
    0xE0, 0x00, 0x7F, 0x80, 0x03, 0xFF, 0x80, 0x7F, 0xF0, 0x00, 0x7F, 0xFF, 0xFF, 0xFC, 0x00, 0x07,
    0xFF, 0xFF, 0xFF, 0x00, 0x00, 0x7F, 0xFF, 0xFF, 0xC0, 0x00, 0x03, 0xFF, 0xFF, 0xF0, 0x00, 0x00,
    0x1F, 0xFF, 0xF8, 0x00, 0x00, 0x00, 0x7F, 0xF0, 0x00, 0x00, 0x00, 0x00, 0x07, 0x00, 0x00, 0x00,
    0x00, 0x01, 0xFC, 0x00, 0x00, 0x00, 0x00, 0xFF, 0xF8, 0x00, 0x00, 0x00, 0x3F, 0xFF, 0xE0, 0x00,
    0x00, 0x0F, 0xFF, 0xFF, 0x80, 0x00, 0x03, 0xFF, 0xFF, 0xFF, 0x00, 0x00, 0x7F, 0xF8, 0xFF, 0xF0,
    0x00, 0x07, 0xFC, 0x01, 0xFF, 0x00, 0x00, 0x7E, 0x00, 0x03, 0xF0, 0x00, 0x07, 0x00, 0x00, 0x07,
    0x00, 0x00, 0x00, 0x00, 0x00, 0x00, 0x00, 0x00, 0x00, 0x00, 0x00, 0x00, 0x00, 0x00, 0x00, 0x00,
    0x00, 0x0F, 0xFE, 0x00, 0x00, 0x03, 0xFF, 0xFF, 0xE0, 0x00, 0x00, 0x3F, 0xFF, 0xFE, 0x00, 0x00,
    0x03, 0xFF, 0xFF, 0xE0, 0x00, 0x00, 0x3F, 0xFF, 0xFE, 0x00, 0x00, 0x03, 0xFF, 0x0F, 0xE0, 0x00,
    0x00, 0x3F, 0x00, 0xFE, 0x00, 0x00, 0x03, 0xF0, 0x0F, 0xE0, 0x00, 0x00, 0x3F, 0x00, 0xFE, 0x00,
    0x00, 0x03, 0xF0, 0x0F, 0xE0, 0x00, 0x00, 0x3F, 0x00, 0xFE, 0x00, 0x00, 0x03, 0xF0, 0x0F, 0xE0,
    0x00, 0x00, 0x3F, 0x00, 0xFE, 0x00, 0x00, 0x03, 0xF0, 0x0F, 0xE0, 0x00, 0x00, 0x3F, 0x00, 0xFE,
    0x00, 0x00, 0x03, 0xF0, 0x0F, 0xE0, 0x00, 0x00, 0x3F, 0x00, 0xFE, 0x00, 0x00, 0x03, 0xF0, 0x0F,
    0xE0, 0x00, 0x00, 0x3F, 0x00, 0xFE, 0x00, 0x00, 0x03, 0xF0, 0x0F, 0xE0, 0x00, 0x00, 0x3F, 0x00,
    0xFE, 0x00, 0x00, 0x03, 0xF0, 0x0F, 0xE0, 0x00, 0x00, 0x3F, 0x00, 0xFE, 0x00, 0x00, 0x03, 0xF0,
    0x0F, 0xE0, 0x00, 0x00, 0x3F, 0x00, 0xFE, 0x00, 0x00, 0x03, 0xF0, 0x0F, 0xE0, 0x00, 0x00, 0x3F,
    0x00, 0xFE, 0x00, 0x00, 0x03, 0xF0, 0x0F, 0xE0, 0x00, 0x00, 0x3F, 0x00, 0xFE, 0x00, 0x00, 0x03,
    0xF0, 0x0F, 0xE0, 0x00, 0x00, 0x3F, 0x00, 0xFE, 0x00, 0x00, 0x03, 0xF0, 0x0F, 0xE0, 0x00, 0x00,
    0x3F, 0x00, 0xFE, 0x00, 0x00, 0x03, 0xF0, 0x0F, 0xE0, 0x00, 0x00, 0x3F, 0x00, 0xFE, 0x00, 0x00,
    0x03, 0xF0, 0x0F, 0xF0, 0x00, 0x00, 0x7F, 0x00, 0x7F, 0x00, 0x00, 0x07, 0xF0, 0x07, 0xF8, 0x00,
    0x00, 0xFE, 0x00, 0x7F, 0x80, 0x00, 0x0F, 0xE0, 0x03, 0xFC, 0x00, 0x01, 0xFE, 0x00, 0x3F, 0xE0,
    0x00, 0x7F, 0xC0, 0x01, 0xFF, 0xC0, 0x1F, 0xF8, 0x00, 0x1F, 0xFF, 0xFF, 0xFF, 0x80, 0x00, 0xFF,
    0xFF, 0xFF, 0xF0, 0x00, 0x07, 0xFF, 0xFF, 0xFE, 0x00, 0x00, 0x1F, 0xFF, 0xFF, 0x80, 0x00, 0x00,
    0x7F, 0xFF, 0xE0, 0x00, 0x00, 0x00, 0x7F, 0xF0, 0x00, 0x00, 0x00, 0x0F, 0x00, 0x0F, 0x00, 0x00,
    0x03, 0xF0, 0x03, 0xF0, 0x00, 0x00, 0xFF, 0x00, 0xFF, 0x00, 0x00, 0x1F, 0xE0, 0x1F, 0xE0, 0x00,
    0x03, 0xFC, 0x03, 0xFC, 0x00, 0x00, 0x7F, 0x80, 0x7F, 0x80, 0x00, 0x07, 0xE0, 0x07, 0xE0, 0x00,
    0x00, 0x78, 0x00, 0x78, 0x00, 0x00, 0x00, 0x00, 0x00, 0x00, 0x00, 0x00, 0x00, 0x00, 0x00, 0x00,
    0x00, 0x00, 0x00, 0x00, 0x00, 0x7F, 0xF0, 0x00, 0x00, 0x3F, 0xFF, 0xFE, 0x00, 0x00, 0x07, 0xFF,
    0xFF, 0xC0, 0x00, 0x00, 0xFF, 0xFF, 0xF8, 0x00, 0x00, 0x1F, 0xFF, 0xFF, 0x00, 0x00, 0x03, 0xFF,
    0x0F, 0xE0, 0x00, 0x00, 0x7E, 0x01, 0xFC, 0x00, 0x00, 0x0F, 0xC0, 0x3F, 0x80, 0x00, 0x01, 0xF8,
    0x07, 0xF0, 0x00, 0x00, 0x3F, 0x00, 0xFE, 0x00, 0x00, 0x07, 0xE0, 0x1F, 0xC0, 0x00, 0x00, 0xFC,
    0x03, 0xF8, 0x00, 0x00, 0x1F, 0x80, 0x7F, 0x00, 0x00, 0x03, 0xF0, 0x0F, 0xE0, 0x00, 0x00, 0x7E,
    0x01, 0xFC, 0x00, 0x00, 0x0F, 0xC0, 0x3F, 0x80, 0x00, 0x01, 0xF8, 0x07, 0xF0, 0x00, 0x00, 0x3F,
    0x00, 0xFE, 0x00, 0x00, 0x07, 0xE0, 0x1F, 0xC0, 0x00, 0x00, 0xFC, 0x03, 0xF8, 0x00, 0x00, 0x1F,
    0x80, 0x7F, 0x00, 0x00, 0x03, 0xF0, 0x0F, 0xE0, 0x00, 0x00, 0x7E, 0x01, 0xFC, 0x00, 0x00, 0x0F,
    0xC0, 0x3F, 0x80, 0x00, 0x01, 0xF8, 0x07, 0xF0, 0x00, 0x00, 0x3F, 0x00, 0xFE, 0x00, 0x00, 0x07,
    0xE0, 0x1F, 0xC0, 0x00, 0x00, 0xFC, 0x03, 0xF8, 0x00, 0x00, 0x1F, 0x80, 0x7F, 0x00, 0x00, 0x03,
    0xF0, 0x0F, 0xE0, 0x00, 0x00, 0x7E, 0x01, 0xFC, 0x00, 0x00, 0x0F, 0xC0, 0x3F, 0x80, 0x00, 0x01,
    0xF8, 0x07, 0xF0, 0x00, 0x00, 0x3F, 0x00, 0xFE, 0x00, 0x00, 0x07, 0xE0, 0x1F, 0xC0, 0x00, 0x00,
    0xFC, 0x03, 0xFC, 0x00, 0x00, 0x3F, 0x80, 0x3F, 0x80, 0x00, 0x07, 0xF0, 0x07, 0xF0, 0x00, 0x01,
    0xFC, 0x00, 0xFF, 0x00, 0x00, 0x3F, 0x80, 0x0F, 0xF0, 0x00, 0x0F, 0xF0, 0x01, 0xFF, 0x00, 0x03,
    0xFC, 0x00, 0x1F, 0xFC, 0x03, 0xFF, 0x80, 0x03, 0xFF, 0xFF, 0xFF, 0xE0, 0x00, 0x3F, 0xFF, 0xFF,
    0xF8, 0x00, 0x03, 0xFF, 0xFF, 0xFE, 0x00, 0x00, 0x1F, 0xFF, 0xFF, 0x80, 0x00, 0x00, 0xFF, 0xFF,
    0xC0, 0x00, 0x00, 0x03, 0xFF, 0x80, 0x00, 0x00, 0x00, 0x00, 0x00, 0x00, 0x80, 0x00, 0x00, 0x00,
    0x1F, 0x80, 0x00, 0x00, 0x03, 0xFF, 0x80, 0x00, 0x00, 0x7F, 0xFF, 0x80, 0x00, 0x0F, 0xFF, 0xFF,
    0x80, 0x00, 0x0F, 0xFF, 0xFF, 0x80, 0x00, 0x0F, 0xFF, 0xFF, 0x00, 0x00, 0x0F, 0xFF, 0xC0, 0x00,
    0x00, 0x0F, 0xF0, 0x00, 0x00, 0x00, 0x08, 0x00, 0x00, 0x00, 0x00, 0x00, 0x00, 0x00, 0x00, 0x00,
    0x00, 0x00, 0x00, 0x00, 0xFF, 0x00, 0x00, 0x00, 0xFF, 0xFF, 0x80, 0x00, 0x00, 0xFF, 0xFF, 0xC0,
    0x00, 0x01, 0xFF, 0xFF, 0xC0, 0x00, 0x03, 0xFF, 0xFF, 0xE0, 0x00, 0x03, 0xFF, 0x0F, 0xE0, 0x00,
    0x07, 0xF0, 0x07, 0xF0, 0x00, 0x07, 0xE0, 0x07, 0xF8, 0x00, 0x0F, 0xE0, 0x03, 0xF8, 0x00, 0x1F,
    0xC0, 0x01, 0xFC, 0x00, 0x1F, 0x80, 0x01, 0xFE, 0x00, 0x3F, 0x80, 0x00, 0xFE, 0x00, 0x3F, 0x00,
    0x00, 0xFF, 0x00, 0x7F, 0x00, 0x00, 0x7F, 0x00, 0x7E, 0x00, 0x00, 0x3F, 0x80, 0xFE, 0x00, 0x00,
    0x3F, 0xC1, 0xFC, 0x00, 0x00, 0x1F, 0xC1, 0xF8, 0x00, 0x00, 0x0F, 0xE3, 0xF8, 0x00, 0x00, 0x0F,
    0xF3, 0xF0, 0x00, 0x00, 0x07, 0xF7, 0xF0, 0x00, 0x00, 0x07, 0xFF, 0xE0, 0x00, 0x00, 0x03, 0xFF,
    0xE0, 0x00, 0x00, 0x01, 0xFF, 0xC0, 0x00, 0x00, 0x01, 0xFF, 0x80, 0x00, 0x00, 0x00, 0xFF, 0x80,
    0x00, 0x00, 0x00, 0x7F, 0x00, 0x00, 0x00, 0x00, 0x7F, 0x00, 0x00, 0x00, 0x00, 0x7F, 0x00, 0x00,
    0x00, 0x00, 0x7F, 0x00, 0x00, 0x00, 0x00, 0x7F, 0x00, 0x00, 0x00, 0x00, 0x7F, 0x00, 0x00, 0x00,
    0x00, 0x7F, 0x00, 0x00, 0x00, 0x00, 0x7F, 0x00, 0x00, 0x00, 0x00, 0x7F, 0x00, 0x00, 0x00, 0x00,
    0x7F, 0x00, 0x00, 0x00, 0x00, 0x7F, 0x00, 0x00, 0x00, 0x00, 0x7F, 0x00, 0x00, 0x00, 0x00, 0x7F,
    0x00, 0x00, 0x00, 0x00, 0x7F, 0x00, 0x00, 0x00, 0x00, 0x7F, 0x00, 0x00, 0x00, 0x00, 0x7F, 0x00,
    0x00, 0x00, 0x00, 0x7F, 0x00, 0x00, 0x00, 0x07, 0xFF, 0xF0, 0x00, 0x00, 0x07, 0xFF, 0xF0, 0x00,
    0x00, 0x07, 0xFF, 0xF0, 0x00, 0x00, 0x07, 0xFF, 0xF0, 0x00, 0x00, 0x07, 0xFF, 0xF0, 0x00, 0xFF,
    0xFE, 0x00, 0x00, 0x3F, 0xFF, 0x80, 0x00, 0x0F, 0xFF, 0xE0, 0x00, 0x03, 0xFF, 0xF8, 0x00, 0x00,
    0xFF, 0xFE, 0x00, 0x00, 0x03, 0xF8, 0x00, 0x00, 0x00, 0xFE, 0x00, 0x00, 0x00, 0x3F, 0x80, 0x00,
    0x00, 0x0F, 0xE0, 0x00, 0x00, 0x03, 0xFF, 0xFF, 0xC0, 0x00, 0xFF, 0xFF, 0xFE, 0x00, 0x3F, 0xFF,
    0xFF, 0xC0, 0x0F, 0xFF, 0xFF, 0xFC, 0x03, 0xFF, 0xFF, 0xFF, 0x80, 0xFF, 0xFF, 0xFF, 0xE0, 0x3F,
    0x80, 0x0F, 0xFC, 0x0F, 0xE0, 0x00, 0xFF, 0x83, 0xF8, 0x00, 0x1F, 0xE0, 0xFE, 0x00, 0x03, 0xF8,
    0x3F, 0x80, 0x00, 0xFF, 0x0F, 0xE0, 0x00, 0x1F, 0xC3, 0xF8, 0x00, 0x07, 0xF0, 0xFE, 0x00, 0x01,
    0xFC, 0x3F, 0x80, 0x00, 0x7F, 0x0F, 0xE0, 0x00, 0x1F, 0xC3, 0xF8, 0x00, 0x07, 0xF0, 0xFE, 0x00,
    0x03, 0xFC, 0x3F, 0x80, 0x00, 0xFE, 0x0F, 0xE0, 0x00, 0x7F, 0x83, 0xF8, 0x00, 0x3F, 0xE0, 0xFE,
    0x00, 0x3F, 0xF0, 0x3F, 0xFF, 0xFF, 0xFC, 0x0F, 0xFF, 0xFF, 0xFE, 0x03, 0xFF, 0xFF, 0xFF, 0x00,
    0xFF, 0xFF, 0xFF, 0x80, 0x3F, 0xFF, 0xFF, 0x80, 0x0F, 0xFF, 0xFF, 0x00, 0x03, 0xF8, 0x00, 0x00,
    0x00, 0xFE, 0x00, 0x00, 0x00, 0x3F, 0x80, 0x00, 0x00, 0x0F, 0xE0, 0x00, 0x00, 0x03, 0xF8, 0x00,
    0x00, 0x0F, 0xFF, 0xE0, 0x00, 0x03, 0xFF, 0xF8, 0x00, 0x00, 0xFF, 0xFE, 0x00, 0x00, 0x3F, 0xFF,
    0x80, 0x00, 0x0F, 0xFF, 0xE0, 0x00, 0x00, 0x00, 0x3F, 0xE0, 0x00, 0x03, 0xFF, 0xF8, 0x00, 0x0F,
    0xFF, 0xF8, 0x00, 0x7F, 0xFF, 0xFC, 0x01, 0xFF, 0xFF, 0xFC, 0x03, 0xFE, 0x0F, 0xF8, 0x0F, 0xF0,
    0x07, 0xF8, 0x3F, 0xC0, 0x07, 0xF0, 0x7F, 0x00, 0x0F, 0xF0, 0xFE, 0x00, 0x0F, 0xE3, 0xFC, 0x00,
    0x1F, 0xC7, 0xF0, 0x00, 0x3F, 0x8F, 0xE0, 0x00, 0x7F, 0x1F, 0xC0, 0x00, 0xFE, 0x3F, 0x80, 0x01,
    0xFC, 0x7F, 0x00, 0x07, 0xF0, 0xFE, 0x00, 0x0F, 0xE1, 0xFC, 0x00, 0x3F, 0xC3, 0xF8, 0x01, 0xFF,
    0x07, 0xF0, 0x7F, 0xFC, 0x0F, 0xE0, 0xFF, 0xF0, 0x1F, 0xC1, 0xFF, 0xC0, 0x3F, 0x83, 0xFF, 0xC0,
    0x7F, 0x07, 0xFF, 0xE0, 0xFE, 0x0F, 0xFF, 0xE1, 0xFC, 0x00, 0x7F, 0xE3, 0xF8, 0x00, 0x3F, 0xE7,
    0xF0, 0x00, 0x3F, 0xCF, 0xE0, 0x00, 0x3F, 0xDF, 0xC0, 0x00, 0x3F, 0xBF, 0x80, 0x00, 0x7F, 0x7F,
    0x00, 0x00, 0xFF, 0xFE, 0x00, 0x00, 0xFF, 0xFC, 0x00, 0x01, 0xFF, 0xF8, 0x00, 0x03, 0xFF, 0xF0,
    0x00, 0x07, 0xFF, 0xE0, 0x00, 0x0F, 0xFF, 0xC0, 0x00, 0x1F, 0xFF, 0x80, 0x00, 0x3F, 0xFF, 0x00,
    0x00, 0x7F, 0xFE, 0x00, 0x01, 0xFF, 0xFC, 0x00, 0x03, 0xFB, 0xF8, 0x00, 0x0F, 0xF7, 0xF0, 0x00,
    0x3F, 0xEF, 0xE0, 0x00, 0xFF, 0x9F, 0xCC, 0x07, 0xFF, 0x3F, 0x9F, 0xFF, 0xFC, 0x7F, 0x3F, 0xFF,
    0xF0, 0xFE, 0x7F, 0xFF, 0xC1, 0xFC, 0xFF, 0xFF, 0x03, 0xF9, 0xFF, 0xF8, 0x00, 0x00, 0xFF, 0x80,
    0x00, 0x07, 0xF0, 0x00, 0x00, 0x01, 0xFC, 0x00, 0x00, 0x00, 0x7F, 0x00, 0x00, 0x00, 0x1F, 0x80,
    0x00, 0x00, 0x07, 0xE0, 0x00, 0x00, 0x01, 0xF8, 0x00, 0x00, 0x00, 0xFE, 0x00, 0x00, 0x00, 0x3F,
    0x00, 0x00, 0x00, 0x0F, 0xC0, 0x00, 0x00, 0x03, 0xF0, 0x00, 0x00, 0x00, 0xFC, 0x00, 0x00, 0x00,
    0x7E, 0x00, 0x00, 0x00, 0x00, 0x00, 0x00, 0x03, 0xFE, 0x00, 0x00, 0x1F, 0xFF, 0xE0, 0x00, 0x3F,
    0xFF, 0xFC, 0x00, 0x0F, 0xFF, 0xFF, 0x00, 0x07, 0xFF, 0xFF, 0xC0, 0x03, 0xE0, 0x3F, 0xE0, 0x00,
    0x80, 0x07, 0xF8, 0x00, 0x00, 0x01, 0xFC, 0x00, 0x00, 0x00, 0x7F, 0x00, 0x00, 0x00, 0x3F, 0x80,
    0x01, 0xFC, 0x1F, 0xC0, 0x07, 0xFF, 0xCF, 0xE0, 0x07, 0xFF, 0xFF, 0xF0, 0x07, 0xFF, 0xFF, 0xF8,
    0x07, 0xFF, 0xFF, 0xFC, 0x07, 0xFC, 0x07, 0xFE, 0x03, 0xFC, 0x00, 0xFF, 0x01, 0xFC, 0x00, 0x3F,
    0x81, 0xFE, 0x00, 0x0F, 0xC0, 0xFE, 0x00, 0x07, 0xE0, 0x7F, 0x00, 0x03, 0xF0, 0x3F, 0x80, 0x01,
    0xF8, 0x1F, 0xC0, 0x00, 0xFC, 0x0F, 0xE0, 0x00, 0x7E, 0x07, 0xF8, 0x00, 0x3F, 0x03, 0xFC, 0x00,
    0x3F, 0x80, 0xFF, 0x00, 0x3F, 0xC4, 0x7F, 0xE0, 0x7F, 0xFF, 0x1F, 0xFF, 0xFF, 0xFF, 0x87, 0xFF,
    0xFF, 0xFF, 0xE1, 0xFF, 0xFE, 0x7F, 0xC0, 0x7F, 0xFC, 0x1F, 0x80, 0x07, 0xF8, 0x00, 0x00, 0x00,
    0x00, 0x1F, 0x80, 0x00, 0x00, 0x1F, 0x80, 0x00, 0x00, 0x1F, 0xC0, 0x00, 0x00, 0x1F, 0xC0, 0x00,
    0x00, 0x0F, 0xC0, 0x00, 0x00, 0x0F, 0xC0, 0x00, 0x00, 0x0F, 0xC0, 0x00, 0x00, 0x0F, 0xE0, 0x00,
    0x00, 0x07, 0xE0, 0x00, 0x00, 0x07, 0xE0, 0x00, 0x00, 0x07, 0xE0, 0x00, 0x00, 0x07, 0xE0, 0x00,
    0x00, 0x03, 0xF0, 0x00, 0x00, 0x00, 0x00, 0x00, 0x00, 0x01, 0xFF, 0x00, 0x00, 0x0F, 0xFF, 0xF0,
    0x00, 0x1F, 0xFF, 0xFE, 0x00, 0x07, 0xFF, 0xFF, 0x80, 0x03, 0xFF, 0xFF, 0xE0, 0x01, 0xF0, 0x1F,
    0xF0, 0x00, 0x40, 0x03, 0xFC, 0x00, 0x00, 0x00, 0xFE, 0x00, 0x00, 0x00, 0x3F, 0x80, 0x00, 0x00,
    0x1F, 0xC0, 0x00, 0xFE, 0x0F, 0xE0, 0x03, 0xFF, 0xE7, 0xF0, 0x03, 0xFF, 0xFF, 0xF8, 0x03, 0xFF,
    0xFF, 0xFC, 0x03, 0xFF, 0xFF, 0xFE, 0x03, 0xFE, 0x03, 0xFF, 0x01, 0xFE, 0x00, 0x7F, 0x80, 0xFE,
    0x00, 0x1F, 0xC0, 0xFF, 0x00, 0x07, 0xE0, 0x7F, 0x00, 0x03, 0xF0, 0x3F, 0x80, 0x01, 0xF8, 0x1F,
    0xC0, 0x00, 0xFC, 0x0F, 0xE0, 0x00, 0x7E, 0x07, 0xF0, 0x00, 0x3F, 0x03, 0xFC, 0x00, 0x1F, 0x81,
    0xFE, 0x00, 0x1F, 0xC0, 0x7F, 0x80, 0x1F, 0xE2, 0x3F, 0xF0, 0x3F, 0xFF, 0x8F, 0xFF, 0xFF, 0xFF,
    0xC3, 0xFF, 0xFF, 0xFF, 0xF0, 0xFF, 0xFF, 0x3F, 0xE0, 0x3F, 0xFE, 0x0F, 0xC0, 0x03, 0xFC, 0x00,
    0x00, 0x00, 0x0F, 0xE0, 0x00, 0x00, 0x0F, 0xF0, 0x00, 0x00, 0x07, 0xFC, 0x00, 0x00, 0x07, 0xFF,
    0x00, 0x00, 0x03, 0xFF, 0x80, 0x00, 0x03, 0xE7, 0xE0, 0x00, 0x01, 0xF3, 0xF0, 0x00, 0x01, 0xF0,
    0xFC, 0x00, 0x01, 0xF8, 0x3E, 0x00, 0x00, 0xF8, 0x1F, 0x80, 0x00, 0xFC, 0x07, 0xE0, 0x00, 0x7C,
    0x03, 0xF0, 0x00, 0x7C, 0x00, 0xFC, 0x00, 0x1E, 0x00, 0x3C, 0x00, 0x01, 0xFF, 0x00, 0x00, 0x0F,
    0xFF, 0xF0, 0x00, 0x1F, 0xFF, 0xFE, 0x00, 0x07, 0xFF, 0xFF, 0x80, 0x03, 0xFF, 0xFF, 0xE0, 0x01,
    0xF0, 0x1F, 0xF0, 0x00, 0x40, 0x03, 0xFC, 0x00, 0x00, 0x00, 0xFE, 0x00, 0x00, 0x00, 0x3F, 0x80,
    0x00, 0x00, 0x1F, 0xC0, 0x00, 0xFE, 0x0F, 0xE0, 0x03, 0xFF, 0xE7, 0xF0, 0x03, 0xFF, 0xFF, 0xF8,
    0x03, 0xFF, 0xFF, 0xFC, 0x03, 0xFF, 0xFF, 0xFE, 0x03, 0xFE, 0x03, 0xFF, 0x01, 0xFE, 0x00, 0x7F,
    0x80, 0xFE, 0x00, 0x1F, 0xC0, 0xFF, 0x00, 0x07, 0xE0, 0x7F, 0x00, 0x03, 0xF0, 0x3F, 0x80, 0x01,
    0xF8, 0x1F, 0xC0, 0x00, 0xFC, 0x0F, 0xE0, 0x00, 0x7E, 0x07, 0xF0, 0x00, 0x3F, 0x03, 0xFC, 0x00,
    0x1F, 0x81, 0xFE, 0x00, 0x1F, 0xC0, 0x7F, 0x80, 0x1F, 0xE2, 0x3F, 0xF0, 0x3F, 0xFF, 0x8F, 0xFF,
    0xFF, 0xFF, 0xC3, 0xFF, 0xFF, 0xFF, 0xF0, 0xFF, 0xFF, 0x3F, 0xE0, 0x3F, 0xFE, 0x0F, 0xC0, 0x03,
    0xFC, 0x00, 0x00, 0x00, 0x00, 0x07, 0xC0, 0x00, 0x00, 0x03, 0xE0, 0x00, 0x3F, 0xC3, 0xF0, 0x00,
    0x7F, 0xFF, 0xF0, 0x00, 0x3F, 0xFF, 0xF8, 0x00, 0x3F, 0xFF, 0xF8, 0x00, 0x1F, 0x1F, 0xF8, 0x00,
    0x1F, 0x00, 0x20, 0x00, 0x0F, 0x80, 0x00, 0x00, 0x00, 0x00, 0x00, 0x00, 0x00, 0x1F, 0xF0, 0x00,
    0x00, 0xFF, 0xFF, 0x00, 0x01, 0xFF, 0xFF, 0xE0, 0x00, 0x7F, 0xFF, 0xF8, 0x00, 0x3F, 0xFF, 0xFE,
    0x00, 0x1F, 0x01, 0xFF, 0x00, 0x04, 0x00, 0x3F, 0xC0, 0x00, 0x00, 0x0F, 0xE0, 0x00, 0x00, 0x03,
    0xF8, 0x00, 0x00, 0x01, 0xFC, 0x00, 0x0F, 0xE0, 0xFE, 0x00, 0x3F, 0xFE, 0x7F, 0x00, 0x3F, 0xFF,
    0xFF, 0x80, 0x3F, 0xFF, 0xFF, 0xC0, 0x3F, 0xFF, 0xFF, 0xE0, 0x3F, 0xE0, 0x3F, 0xF0, 0x1F, 0xE0,
    0x07, 0xF8, 0x0F, 0xE0, 0x01, 0xFC, 0x0F, 0xF0, 0x00, 0x7E, 0x07, 0xF0, 0x00, 0x3F, 0x03, 0xF8,
    0x00, 0x1F, 0x81, 0xFC, 0x00, 0x0F, 0xC0, 0xFE, 0x00, 0x07, 0xE0, 0x7F, 0x00, 0x03, 0xF0, 0x3F,
    0xC0, 0x01, 0xF8, 0x1F, 0xE0, 0x01, 0xFC, 0x07, 0xF8, 0x01, 0xFE, 0x23, 0xFF, 0x03, 0xFF, 0xF8,
    0xFF, 0xFF, 0xFF, 0xFC, 0x3F, 0xFF, 0xFF, 0xFF, 0x0F, 0xFF, 0xF3, 0xFE, 0x03, 0xFF, 0xE0, 0xFC,
    0x00, 0x3F, 0xC0, 0x00, 0x00, 0x01, 0xE0, 0x1E, 0x00, 0x03, 0xF8, 0x1F, 0x80, 0x01, 0xFC, 0x1F,
    0xE0, 0x00, 0xFF, 0x0F, 0xF0, 0x00, 0x7F, 0x07, 0xF8, 0x00, 0x3F, 0x81, 0xF8, 0x00, 0x07, 0x80,
    0x78, 0x00, 0x00, 0xFF, 0x80, 0x00, 0x07, 0xFF, 0xF8, 0x00, 0x0F, 0xFF, 0xFF, 0x00, 0x03, 0xFF,
    0xFF, 0xC0, 0x01, 0xFF, 0xFF, 0xF0, 0x00, 0xF8, 0x0F, 0xF8, 0x00, 0x20, 0x01, 0xFE, 0x00, 0x00,
    0x00, 0x7F, 0x00, 0x00, 0x00, 0x1F, 0xC0, 0x00, 0x00, 0x0F, 0xE0, 0x00, 0x7F, 0x07, 0xF0, 0x01,
    0xFF, 0xF3, 0xF8, 0x01, 0xFF, 0xFF, 0xFC, 0x01, 0xFF, 0xFF, 0xFE, 0x01, 0xFF, 0xFF, 0xFF, 0x01,
    0xFF, 0x01, 0xFF, 0x80, 0xFF, 0x00, 0x3F, 0xC0, 0x7F, 0x00, 0x0F, 0xE0, 0x7F, 0x80, 0x03, 0xF0,
    0x3F, 0x80, 0x01, 0xF8, 0x1F, 0xC0, 0x00, 0xFC, 0x0F, 0xE0, 0x00, 0x7E, 0x07, 0xF0, 0x00, 0x3F,
    0x03, 0xF8, 0x00, 0x1F, 0x81, 0xFE, 0x00, 0x0F, 0xC0, 0xFF, 0x00, 0x0F, 0xE0, 0x3F, 0xC0, 0x0F,
    0xF1, 0x1F, 0xF8, 0x1F, 0xFF, 0xC7, 0xFF, 0xFF, 0xFF, 0xE1, 0xFF, 0xFF, 0xFF, 0xF8, 0x7F, 0xFF,
    0x9F, 0xF0, 0x1F, 0xFF, 0x07, 0xE0, 0x01, 0xFE, 0x00, 0x00, 0x00, 0x0F, 0xC0, 0x00, 0x00, 0x0F,
    0xF0, 0x00, 0x00, 0x0F, 0xFC, 0x00, 0x00, 0x0F, 0xFF, 0x00, 0x00, 0x0F, 0x8F, 0xC0, 0x00, 0x07,
    0x83, 0xE0, 0x00, 0x03, 0xC0, 0xF0, 0x00, 0x01, 0xE0, 0x78, 0x00, 0x00, 0xF0, 0x3C, 0x00, 0x00,
    0x7C, 0x3E, 0x00, 0x00, 0x1F, 0xFE, 0x00, 0x00, 0x07, 0xFE, 0x00, 0x00, 0x01, 0xFE, 0x00, 0x00,
    0x00, 0x7E, 0x00, 0x00, 0x00, 0x00, 0x00, 0x00, 0x00, 0xFF, 0x80, 0x00, 0x07, 0xFF, 0xF8, 0x00,
    0x0F, 0xFF, 0xFF, 0x00, 0x03, 0xFF, 0xFF, 0xC0, 0x01, 0xFF, 0xFF, 0xF0, 0x00, 0xF8, 0x0F, 0xF8,
    0x00, 0x20, 0x01, 0xFE, 0x00, 0x00, 0x00, 0x7F, 0x00, 0x00, 0x00, 0x1F, 0xC0, 0x00, 0x00, 0x0F,
    0xE0, 0x00, 0x7F, 0x07, 0xF0, 0x01, 0xFF, 0xF3, 0xF8, 0x01, 0xFF, 0xFF, 0xFC, 0x01, 0xFF, 0xFF,
    0xFE, 0x01, 0xFF, 0xFF, 0xFF, 0x01, 0xFF, 0x01, 0xFF, 0x80, 0xFF, 0x00, 0x3F, 0xC0, 0x7F, 0x00,
    0x0F, 0xE0, 0x7F, 0x80, 0x03, 0xF0, 0x3F, 0x80, 0x01, 0xF8, 0x1F, 0xC0, 0x00, 0xFC, 0x0F, 0xE0,
    0x00, 0x7E, 0x07, 0xF0, 0x00, 0x3F, 0x03, 0xF8, 0x00, 0x1F, 0x81, 0xFE, 0x00, 0x0F, 0xC0, 0xFF,
    0x00, 0x0F, 0xE0, 0x3F, 0xC0, 0x0F, 0xF1, 0x1F, 0xF8, 0x1F, 0xFF, 0xC7, 0xFF, 0xFF, 0xFF, 0xE1,
    0xFF, 0xFF, 0xFF, 0xF8, 0x7F, 0xFF, 0x9F, 0xF0, 0x1F, 0xFF, 0x07, 0xE0, 0x01, 0xFE, 0x00, 0x00,
    0x00, 0xFF, 0xC0, 0x01, 0xFE, 0x00, 0x03, 0xFF, 0xFC, 0x07, 0xFF, 0xE0, 0x07, 0xFF, 0xFF, 0x87,
    0xFF, 0xFC, 0x03, 0xFF, 0xFF, 0xE7, 0xFF, 0xFF, 0x00, 0xFF, 0xFF, 0xF7, 0xFF, 0xFF, 0xC0, 0x7C,
    0x07, 0xFF, 0xF8, 0x1F, 0xE0, 0x10, 0x00, 0xFF, 0xF0, 0x07, 0xF8, 0x00, 0x00, 0x3F, 0xF0, 0x01,
    0xFC, 0x00, 0x00, 0x0F, 0xF8, 0x00, 0x7F, 0x00, 0x00, 0x07, 0xF8, 0x00, 0x3F, 0x80, 0x3F, 0xC3,
    0xFC, 0x00, 0x1F, 0xC0, 0xFF, 0xF9, 0xFC, 0x00, 0x07, 0xF0, 0xFF, 0xFF, 0xFE, 0x00, 0x03, 0xF8,
    0xFF, 0xFF, 0xFF, 0x00, 0x01, 0xFC, 0xFF, 0xFF, 0xFF, 0xFF, 0xFF, 0xFE, 0xFF, 0xC0, 0xFF, 0xFF,
    0xFF, 0xFF, 0x7F, 0x80, 0x1F, 0xFF, 0xFF, 0xFF, 0xBF, 0x80, 0x07, 0xFF, 0xFF, 0xFF, 0xFF, 0xC0,
    0x01, 0xFF, 0xFF, 0xFF, 0xFF, 0xC0, 0x00, 0xFC, 0x00, 0x00, 0x0F, 0xE0, 0x00, 0x7E, 0x00, 0x00,
    0x07, 0xF0, 0x00, 0x3F, 0x80, 0x00, 0x03, 0xF8, 0x00, 0x1F, 0xC0, 0x00, 0x01, 0xFC, 0x00, 0x0F,
    0xF0, 0x00, 0x00, 0xFF, 0x00, 0x07, 0xF8, 0x00, 0x00, 0x7F, 0x80, 0x07, 0xFE, 0x00, 0x00, 0x1F,
    0xE0, 0x07, 0xFF, 0x80, 0x03, 0x8F, 0xF8, 0x0F, 0xFF, 0xF0, 0x0F, 0xC3, 0xFF, 0xFF, 0xEF, 0xFF,
    0xFF, 0xE0, 0xFF, 0xFF, 0xE1, 0xFF, 0xFF, 0xF0, 0x3F, 0xFF, 0xE0, 0x7F, 0xFF, 0xF8, 0x0F, 0xFF,
    0xC0, 0x1F, 0xFF, 0xF0, 0x00, 0xFF, 0x80, 0x01, 0xFF, 0xC0, 0x00, 0x00, 0x0F, 0xF8, 0x00, 0x1F,
    0xFF, 0xC0, 0x1F, 0xFF, 0xFC, 0x0F, 0xFF, 0xFF, 0x07, 0xFF, 0xFF, 0xC3, 0xFF, 0xFF, 0xF1, 0xFF,
    0x80, 0x78, 0xFF, 0x80, 0x02, 0x3F, 0xC0, 0x00, 0x1F, 0xE0, 0x00, 0x07, 0xF0, 0x00, 0x01, 0xFC,
    0x00, 0x00, 0xFF, 0x00, 0x00, 0x3F, 0x80, 0x00, 0x0F, 0xE0, 0x00, 0x03, 0xF8, 0x00, 0x00, 0xFE,
    0x00, 0x00, 0x3F, 0x80, 0x00, 0x0F, 0xE0, 0x00, 0x03, 0xF8, 0x00, 0x00, 0xFE, 0x00, 0x00, 0x1F,
    0xC0, 0x00, 0x07, 0xF0, 0x00, 0x01, 0xFE, 0x00, 0x00, 0x3F, 0x80, 0x00, 0x07, 0xF0, 0x00, 0x01,
    0xFE, 0x00, 0x0C, 0x3F, 0xE0, 0x1F, 0x07, 0xFF, 0xFF, 0xC0, 0xFF, 0xFF, 0xF0, 0x0F, 0xFF, 0xFC,
    0x00, 0x7F, 0xFC, 0x00, 0x0F, 0xF8, 0x00, 0x07, 0xC0, 0x00, 0x01, 0xF0, 0x00, 0x00, 0xFF, 0xC0,
    0x00, 0x7F, 0xF8, 0x00, 0x0F, 0xFF, 0x00, 0x02, 0x07, 0xC0, 0x00, 0x01, 0xF8, 0x01, 0xC0, 0xFC,
    0x00, 0x7F, 0xFF, 0x00, 0x1F, 0xFF, 0xC0, 0x07, 0xFF, 0xE0, 0x01, 0xFF, 0xF0, 0x00, 0x0F, 0xF0,
    0x00, 0x07, 0xF0, 0x00, 0x00, 0x1F, 0xC0, 0x00, 0x00, 0x7F, 0x00, 0x00, 0x01, 0xF8, 0x00, 0x00,
    0x07, 0xE0, 0x00, 0x00, 0x3F, 0x80, 0x00, 0x00, 0xFE, 0x00, 0x00, 0x03, 0xF0, 0x00, 0x00, 0x0F,
    0xC0, 0x00, 0x00, 0x3F, 0x00, 0x00, 0x00, 0xFC, 0x00, 0x00, 0x07, 0xE0, 0x00, 0x00, 0x1F, 0x00,
    0x00, 0x00, 0x00, 0x00, 0x00, 0x7F, 0x80, 0x00, 0x1F, 0xFF, 0x80, 0x03, 0xFF, 0xFF, 0x00, 0x3F,
    0xFF, 0xFC, 0x03, 0xFF, 0xFF, 0xF0, 0x3F, 0xE0, 0x7F, 0x81, 0xFC, 0x01, 0xFE, 0x1F, 0xC0, 0x07,
    0xF1, 0xFE, 0x00, 0x1F, 0xCF, 0xE0, 0x00, 0xFE, 0x7F, 0x00, 0x03, 0xF3, 0xF0, 0x00, 0x1F, 0xFF,
    0x80, 0x00, 0xFF, 0xFC, 0x00, 0x07, 0xFF, 0xFF, 0xFF, 0xFF, 0xFF, 0xFF, 0xFF, 0xFF, 0xFF, 0xFF,
    0xFF, 0xFF, 0xFF, 0xFF, 0xFF, 0xFF, 0xFF, 0xFF, 0xFF, 0xF0, 0x00, 0x00, 0x3F, 0x80, 0x00, 0x00,
    0xFC, 0x00, 0x00, 0x07, 0xF0, 0x00, 0x00, 0x3F, 0x80, 0x00, 0x00, 0xFE, 0x00, 0x00, 0x07, 0xF8,
    0x00, 0x00, 0x1F, 0xE0, 0x00, 0xE0, 0xFF, 0xC0, 0x3F, 0x03, 0xFF, 0xFF, 0xF8, 0x0F, 0xFF, 0xFF,
    0xC0, 0x3F, 0xFF, 0xFE, 0x00, 0x7F, 0xFF, 0xC0, 0x00, 0x7F, 0xF0, 0x00, 0x00, 0x00, 0x3F, 0x00,
    0x00, 0x03, 0xF8, 0x00, 0x00, 0x3F, 0x80, 0x00, 0x01, 0xF8, 0x00, 0x00, 0x1F, 0x80, 0x00, 0x01,
    0xF8, 0x00, 0x00, 0x1F, 0x80, 0x00, 0x00, 0xFC, 0x00, 0x00, 0x0F, 0xC0, 0x00, 0x00, 0xFC, 0x00,
    0x00, 0x0F, 0xC0, 0x00, 0x00, 0x7C, 0x00, 0x00, 0x07, 0xC0, 0x00, 0x00, 0x00, 0x00, 0x00, 0x00,
    0x7F, 0x80, 0x00, 0x1F, 0xFF, 0x80, 0x03, 0xFF, 0xFF, 0x00, 0x3F, 0xFF, 0xFC, 0x03, 0xFF, 0xFF,
    0xF0, 0x3F, 0xE0, 0x7F, 0x81, 0xFC, 0x01, 0xFE, 0x1F, 0xC0, 0x07, 0xF1, 0xFE, 0x00, 0x1F, 0xCF,
    0xE0, 0x00, 0xFE, 0x7F, 0x00, 0x03, 0xF3, 0xF0, 0x00, 0x1F, 0xFF, 0x80, 0x00, 0xFF, 0xFC, 0x00,
    0x07, 0xFF, 0xFF, 0xFF, 0xFF, 0xFF, 0xFF, 0xFF, 0xFF, 0xFF, 0xFF, 0xFF, 0xFF, 0xFF, 0xFF, 0xFF,
    0xFF, 0xFF, 0xFF, 0xFF, 0xF0, 0x00, 0x00, 0x3F, 0x80, 0x00, 0x00, 0xFC, 0x00, 0x00, 0x07, 0xF0,
    0x00, 0x00, 0x3F, 0x80, 0x00, 0x00, 0xFE, 0x00, 0x00, 0x07, 0xF8, 0x00, 0x00, 0x1F, 0xE0, 0x00,
    0xE0, 0xFF, 0xC0, 0x3F, 0x03, 0xFF, 0xFF, 0xF8, 0x0F, 0xFF, 0xFF, 0xC0, 0x3F, 0xFF, 0xFE, 0x00,
    0x7F, 0xFF, 0xC0, 0x00, 0x7F, 0xF0, 0x00, 0x00, 0x0F, 0xE0, 0x00, 0x00, 0xFF, 0x80, 0x00, 0x07,
    0xFC, 0x00, 0x00, 0x7F, 0xF0, 0x00, 0x07, 0xFF, 0x80, 0x00, 0x3E, 0x7E, 0x00, 0x03, 0xF1, 0xF8,
    0x00, 0x1F, 0x0F, 0xC0, 0x01, 0xF0, 0x3F, 0x00, 0x0F, 0x81, 0xF8, 0x00, 0xF8, 0x07, 0xE0, 0x0F,
    0xC0, 0x1F, 0x00, 0x7C, 0x00, 0xFC, 0x00, 0x00, 0x00, 0x00, 0x00, 0x7F, 0x80, 0x00, 0x1F, 0xFF,
    0x80, 0x03, 0xFF, 0xFF, 0x00, 0x3F, 0xFF, 0xFC, 0x03, 0xFF, 0xFF, 0xF0, 0x3F, 0xE0, 0x7F, 0x81,
    0xFC, 0x01, 0xFE, 0x1F, 0xC0, 0x07, 0xF1, 0xFE, 0x00, 0x1F, 0xCF, 0xE0, 0x00, 0xFE, 0x7F, 0x00,
    0x03, 0xF3, 0xF0, 0x00, 0x1F, 0xFF, 0x80, 0x00, 0xFF, 0xFC, 0x00, 0x07, 0xFF, 0xFF, 0xFF, 0xFF,
    0xFF, 0xFF, 0xFF, 0xFF, 0xFF, 0xFF, 0xFF, 0xFF, 0xFF, 0xFF, 0xFF, 0xFF, 0xFF, 0xFF, 0xFF, 0xF0,
    0x00, 0x00, 0x3F, 0x80, 0x00, 0x00, 0xFC, 0x00, 0x00, 0x07, 0xF0, 0x00, 0x00, 0x3F, 0x80, 0x00,
    0x00, 0xFE, 0x00, 0x00, 0x07, 0xF8, 0x00, 0x00, 0x1F, 0xE0, 0x00, 0xE0, 0xFF, 0xC0, 0x3F, 0x03,
    0xFF, 0xFF, 0xF8, 0x0F, 0xFF, 0xFF, 0xC0, 0x3F, 0xFF, 0xFE, 0x00, 0x7F, 0xFF, 0xC0, 0x00, 0x7F,
    0xF0, 0x00, 0x01, 0xE0, 0x1E, 0x00, 0x3F, 0x81, 0xF8, 0x01, 0xFE, 0x1F, 0xE0, 0x0F, 0xF0, 0xFF,
    0x00, 0x7F, 0x87, 0xF8, 0x03, 0xF8, 0x1F, 0x80, 0x07, 0x80, 0x78, 0x00, 0x00, 0x00, 0x00, 0x00,
    0x1F, 0xE0, 0x00, 0x07, 0xFF, 0xE0, 0x00, 0xFF, 0xFF, 0xC0, 0x0F, 0xFF, 0xFF, 0x00, 0xFF, 0xFF,
    0xFC, 0x0F, 0xF8, 0x1F, 0xE0, 0x7F, 0x00, 0x7F, 0x87, 0xF0, 0x01, 0xFC, 0x7F, 0x80, 0x07, 0xF3,
    0xF8, 0x00, 0x3F, 0x9F, 0xC0, 0x00, 0xFC, 0xFC, 0x00, 0x07, 0xFF, 0xE0, 0x00, 0x3F, 0xFF, 0x00,
    0x01, 0xFF, 0xFF, 0xFF, 0xFF, 0xFF, 0xFF, 0xFF, 0xFF, 0xFF, 0xFF, 0xFF, 0xFF, 0xFF, 0xFF, 0xFF,
    0xFF, 0xFF, 0xFF, 0xFF, 0xFC, 0x00, 0x00, 0x0F, 0xE0, 0x00, 0x00, 0x3F, 0x00, 0x00, 0x01, 0xFC,
    0x00, 0x00, 0x0F, 0xE0, 0x00, 0x00, 0x3F, 0x80, 0x00, 0x01, 0xFE, 0x00, 0x00, 0x07, 0xF8, 0x00,
    0x38, 0x3F, 0xF0, 0x0F, 0xC0, 0xFF, 0xFF, 0xFE, 0x03, 0xFF, 0xFF, 0xF0, 0x0F, 0xFF, 0xFF, 0x80,
    0x1F, 0xFF, 0xF0, 0x00, 0x1F, 0xFC, 0x00, 0xFC, 0x00, 0x3F, 0x00, 0x1F, 0xC0, 0x07, 0xF0, 0x01,
    0xF8, 0x00, 0x7E, 0x00, 0x1F, 0x80, 0x0F, 0xE0, 0x03, 0xF0, 0x00, 0xFC, 0x00, 0x3F, 0x00, 0x0F,
    0xC0, 0x00, 0x00, 0x30, 0x00, 0x7F, 0x00, 0xFF, 0xC0, 0xFF, 0xE0, 0x3F, 0xF8, 0x19, 0xFC, 0x00,
    0x7E, 0x00, 0x3F, 0x00, 0x1F, 0x80, 0x0F, 0xC0, 0x07, 0xE0, 0x03, 0xF0, 0x01, 0xF8, 0x00, 0xFC,
    0x00, 0x7E, 0x00, 0x3F, 0x00, 0x1F, 0x80, 0x0F, 0xC0, 0x07, 0xE0, 0x03, 0xF0, 0x01, 0xF8, 0x00,
    0xFC, 0x00, 0x7E, 0x00, 0x3F, 0x00, 0x1F, 0x80, 0x0F, 0xC0, 0x07, 0xE6, 0x03, 0xFF, 0x81, 0xFF,
    0xC0, 0xFF, 0xE0, 0x3F, 0xE0, 0x0F, 0xC0, 0x00, 0x7F, 0x00, 0x7F, 0x00, 0x3F, 0x00, 0x3F, 0x00,
    0x3F, 0x80, 0x3F, 0x80, 0x1F, 0x80, 0x1F, 0x80, 0x1F, 0x80, 0x1F, 0x80, 0x0F, 0xC0, 0x0F, 0xC0,
    0x00, 0x00, 0x00, 0x30, 0x00, 0x7F, 0x00, 0xFF, 0xC0, 0xFF, 0xE0, 0x3F, 0xF8, 0x19, 0xFC, 0x00,
    0x7E, 0x00, 0x3F, 0x00, 0x1F, 0x80, 0x0F, 0xC0, 0x07, 0xE0, 0x03, 0xF0, 0x01, 0xF8, 0x00, 0xFC,
    0x00, 0x7E, 0x00, 0x3F, 0x00, 0x1F, 0x80, 0x0F, 0xC0, 0x07, 0xE0, 0x03, 0xF0, 0x01, 0xF8, 0x00,
    0xFC, 0x00, 0x7E, 0x00, 0x3F, 0x00, 0x1F, 0x80, 0x0F, 0xC0, 0x07, 0xE6, 0x03, 0xFF, 0x81, 0xFF,
    0xC0, 0xFF, 0xE0, 0x3F, 0xE0, 0x0F, 0xC0, 0x01, 0xFC, 0x00, 0x1F, 0xE0, 0x00, 0xFF, 0x80, 0x0F,
    0xFC, 0x00, 0xFF, 0xF0, 0x07, 0xDF, 0x80, 0x7E, 0x7E, 0x03, 0xE1, 0xF8, 0x3F, 0x0F, 0xC1, 0xF0,
    0x3F, 0x1F, 0x00, 0xF9, 0xF8, 0x07, 0xEF, 0x80, 0x1F, 0xF8, 0x00, 0x78, 0x06, 0x00, 0x00, 0xFE,
    0x00, 0x1F, 0xF8, 0x01, 0xFF, 0xC0, 0x07, 0xFF, 0x00, 0x33, 0xF8, 0x00, 0x0F, 0xC0, 0x00, 0x7E,
    0x00, 0x03, 0xF0, 0x00, 0x1F, 0x80, 0x00, 0xFC, 0x00, 0x07, 0xE0, 0x00, 0x3F, 0x00, 0x01, 0xF8,
    0x00, 0x0F, 0xC0, 0x00, 0x7E, 0x00, 0x03, 0xF0, 0x00, 0x1F, 0x80, 0x00, 0xFC, 0x00, 0x07, 0xE0,
    0x00, 0x3F, 0x00, 0x01, 0xF8, 0x00, 0x0F, 0xC0, 0x00, 0x7E, 0x00, 0x03, 0xF0, 0x00, 0x1F, 0x80,
    0x00, 0xFC, 0xC0, 0x07, 0xFF, 0x00, 0x3F, 0xF8, 0x01, 0xFF, 0xC0, 0x07, 0xFC, 0x00, 0x1F, 0x80,
    0x3C, 0x03, 0xC7, 0xE0, 0x7E, 0xFF, 0x0F, 0xFF, 0xF0, 0xFF, 0xFF, 0x0F, 0xF7, 0xE0, 0x7E, 0x3C,
    0x03, 0xC0, 0x00, 0x00, 0x01, 0x80, 0x00, 0xFF, 0x00, 0x3F, 0xF8, 0x07, 0xFF, 0xC0, 0x3F, 0xFC,
    0x01, 0xBF, 0xC0, 0x01, 0xFC, 0x00, 0x1F, 0xC0, 0x01, 0xFC, 0x00, 0x1F, 0xC0, 0x01, 0xFC, 0x00,
    0x1F, 0xC0, 0x01, 0xFC, 0x00, 0x1F, 0xC0, 0x01, 0xFC, 0x00, 0x1F, 0xC0, 0x01, 0xFC, 0x00, 0x1F,
    0xC0, 0x01, 0xFC, 0x00, 0x1F, 0xC0, 0x01, 0xFC, 0x00, 0x1F, 0xC0, 0x01, 0xFC, 0x00, 0x1F, 0xC0,
    0x01, 0xFC, 0x00, 0x1F, 0xC0, 0x01, 0xFC, 0x40, 0x1F, 0xFE, 0x01, 0xFF, 0xE0, 0x0F, 0xFE, 0x00,
    0xFF, 0xC0, 0x03, 0xF0, 0x01, 0x00, 0x04, 0x00, 0x03, 0xC0, 0x38, 0x00, 0x0F, 0xE0, 0xF8, 0x00,
    0x1F, 0xE3, 0xF8, 0x00, 0x7F, 0xFF, 0xC0, 0x00, 0x3F, 0xFF, 0x00, 0x00, 0x1F, 0xFC, 0x00, 0x00,
    0x0F, 0xF8, 0x00, 0x00, 0x1F, 0xF8, 0x00, 0x00, 0x7F, 0xF8, 0x00, 0x01, 0xFF, 0xF8, 0x00, 0x0F,
    0xE7, 0xF8, 0x00, 0x3F, 0x87, 0xF0, 0x00, 0x3E, 0x07, 0xF0, 0x00, 0x78, 0x0F, 0xF0, 0x00, 0x40,
    0x0F, 0xE0, 0x00, 0x00, 0x0F, 0xE0, 0x00, 0x00, 0x1F, 0xC0, 0x00, 0x00, 0x1F, 0xC0, 0x01, 0xFE,
    0x3F, 0x80, 0x0F, 0xFF, 0xBF, 0x80, 0x7F, 0xFF, 0xFF, 0x01, 0xFF, 0xFF, 0xFE, 0x07, 0xFF, 0xFF,
    0xFE, 0x1F, 0xF8, 0x3F, 0xFC, 0x3F, 0xC0, 0x1F, 0xF8, 0xFF, 0x00, 0x1F, 0xF3, 0xFC, 0x00, 0x1F,
    0xF7, 0xF8, 0x00, 0x1F, 0xEF, 0xE0, 0x00, 0x3F, 0xDF, 0xC0, 0x00, 0x7F, 0xFF, 0x00, 0x00, 0x7F,
    0xFE, 0x00, 0x00, 0xFF, 0xFC, 0x00, 0x01, 0xFF, 0xF8, 0x00, 0x03, 0xFF, 0xF0, 0x00, 0x07, 0xFF,
    0xE0, 0x00, 0x0F, 0xFF, 0xC0, 0x00, 0x1F, 0xFF, 0x80, 0x00, 0x3F, 0xFF, 0x00, 0x00, 0xFE, 0x7F,
    0x00, 0x01, 0xFC, 0xFE, 0x00, 0x03, 0xF9, 0xFE, 0x00, 0x0F, 0xE1, 0xFC, 0x00, 0x1F, 0xC3, 0xFC,
    0x00, 0x7F, 0x83, 0xFC, 0x01, 0xFE, 0x07, 0xFE, 0x0F, 0xF8, 0x07, 0xFF, 0xFF, 0xE0, 0x07, 0xFF,
    0xFF, 0x80, 0x07, 0xFF, 0xFE, 0x00, 0x03, 0xFF, 0xF0, 0x00, 0x00, 0xFF, 0x80, 0x00, 0x00, 0x00,
    0x00, 0x78, 0x00, 0x00, 0x00, 0x01, 0xE0, 0x00, 0x01, 0xFF, 0x0F, 0x80, 0x00, 0x0F, 0xFF, 0xFE,
    0x00, 0x00, 0x7F, 0xFF, 0xF0, 0x00, 0x03, 0xFF, 0xFF, 0xC0, 0x00, 0x0F, 0xC7, 0xFC, 0x00, 0x00,
    0x3E, 0x00, 0x80, 0x00, 0x00, 0xF0, 0x00, 0x00, 0x00, 0x00, 0x00, 0x00, 0x00, 0x00, 0x00, 0x07,
    0xF8, 0x00, 0x07, 0xE0, 0x7F, 0xF8, 0x00, 0x7F, 0xC7, 0xFF, 0xF8, 0x03, 0xFF, 0x3F, 0xFF, 0xF0,
    0x0F, 0xFF, 0xFF, 0xFF, 0xE0, 0x3F, 0xFF, 0xFF, 0xFF, 0x80, 0x47, 0xFF, 0x81, 0xFE, 0x00, 0x1F,
    0xF8, 0x03, 0xFC, 0x00, 0x7F, 0xC0, 0x07, 0xF0, 0x01, 0xFE, 0x00, 0x1F, 0xC0, 0x07, 0xF8, 0x00,
    0x3F, 0x00, 0x1F, 0xC0, 0x00, 0xFC, 0x00, 0x7F, 0x00, 0x03, 0xF0, 0x01, 0xFC, 0x00, 0x0F, 0xC0,
    0x07, 0xF0, 0x00, 0x3F, 0x00, 0x1F, 0xC0, 0x00, 0xFC, 0x00, 0x7E, 0x00, 0x03, 0xF0, 0x01, 0xF8,
    0x00, 0x0F, 0xC0, 0x07, 0xE0, 0x00, 0x3F, 0x00, 0x1F, 0x80, 0x00, 0xFC, 0x00, 0x7E, 0x00, 0x03,
    0xF0, 0x01, 0xF8, 0x00, 0x0F, 0xC0, 0x07, 0xE0, 0x00, 0x3F, 0x00, 0x1F, 0x80, 0x00, 0xFC, 0x00,
    0x7E, 0x00, 0x03, 0xF0, 0x01, 0xF8, 0x00, 0x0F, 0xC0, 0x07, 0xE0, 0x00, 0x3F, 0x18, 0x1F, 0x80,
    0x00, 0xFF, 0xE0, 0x7E, 0x00, 0x03, 0xFF, 0xC1, 0xF8, 0x00, 0x0F, 0xFF, 0x07, 0xE0, 0x00, 0x1F,
    0xF0, 0x1F, 0x80, 0x00, 0x1F, 0x00, 0x00, 0xFC, 0x00, 0x00, 0x00, 0xFC, 0x00, 0x00, 0x00, 0xFC,
    0x00, 0x00, 0x01, 0xFC, 0x00, 0x00, 0x01, 0xF8, 0x00, 0x00, 0x01, 0xF8, 0x00, 0x00, 0x01, 0xF8,
    0x00, 0x00, 0x01, 0xF8, 0x00, 0x00, 0x03, 0xF0, 0x00, 0x00, 0x03, 0xF0, 0x00, 0x00, 0x03, 0xF0,
    0x00, 0x00, 0x03, 0xF0, 0x00, 0x00, 0x00, 0x00, 0x00, 0x03, 0xFE, 0x00, 0x00, 0x3F, 0xFF, 0x80,
    0x01, 0xFF, 0xFF, 0xC0, 0x07, 0xFF, 0xFF, 0xC0, 0x1F, 0xFF, 0xFF, 0xC0, 0x7F, 0xE0, 0xFF, 0xC0,
    0xFF, 0x00, 0x7F, 0x83, 0xFC, 0x00, 0x7F, 0x8F, 0xF0, 0x00, 0x7F, 0x1F, 0xE0, 0x00, 0xFF, 0x3F,
    0x80, 0x00, 0xFE, 0x7F, 0x00, 0x01, 0xFD, 0xFC, 0x00, 0x01, 0xFF, 0xF8, 0x00, 0x03, 0xFF, 0xF0,
    0x00, 0x07, 0xFF, 0xE0, 0x00, 0x0F, 0xFF, 0xC0, 0x00, 0x1F, 0xFF, 0x80, 0x00, 0x3F, 0xFF, 0x00,
    0x00, 0x7F, 0xFE, 0x00, 0x00, 0xFF, 0xFC, 0x00, 0x01, 0xFD, 0xFC, 0x00, 0x07, 0xF3, 0xF8, 0x00,
    0x0F, 0xE7, 0xF0, 0x00, 0x3F, 0xC7, 0xF0, 0x00, 0x7F, 0x0F, 0xF0, 0x01, 0xFE, 0x0F, 0xF0, 0x07,
    0xF8, 0x1F, 0xF8, 0x3F, 0xF0, 0x1F, 0xFF, 0xFF, 0xC0, 0x1F, 0xFF, 0xFF, 0x00, 0x1F, 0xFF, 0xFC,
    0x00, 0x0F, 0xFF, 0xE0, 0x00, 0x03, 0xFE, 0x00, 0x00, 0x00, 0x00, 0x1F, 0x80, 0x00, 0x00, 0x7E,
    0x00, 0x00, 0x01, 0xF8, 0x00, 0x00, 0x07, 0xF0, 0x00, 0x00, 0x0F, 0xC0, 0x00, 0x00, 0x3F, 0x00,
    0x00, 0x00, 0xFC, 0x00, 0x00, 0x03, 0xF0, 0x00, 0x00, 0x07, 0xE0, 0x00, 0x00, 0x1F, 0x80, 0x00,
    0x00, 0x7E, 0x00, 0x00, 0x01, 0xF8, 0x00, 0x00, 0x00, 0x00, 0x00, 0x00, 0x03, 0xFE, 0x00, 0x00,
    0x3F, 0xFF, 0x80, 0x01, 0xFF, 0xFF, 0xC0, 0x07, 0xFF, 0xFF, 0xC0, 0x1F, 0xFF, 0xFF, 0xC0, 0x7F,
    0xE0, 0xFF, 0xC0, 0xFF, 0x00, 0x7F, 0x83, 0xFC, 0x00, 0x7F, 0x8F, 0xF0, 0x00, 0x7F, 0x1F, 0xE0,
    0x00, 0xFF, 0x3F, 0x80, 0x00, 0xFE, 0x7F, 0x00, 0x01, 0xFD, 0xFC, 0x00, 0x01, 0xFF, 0xF8, 0x00,
    0x03, 0xFF, 0xF0, 0x00, 0x07, 0xFF, 0xE0, 0x00, 0x0F, 0xFF, 0xC0, 0x00, 0x1F, 0xFF, 0x80, 0x00,
    0x3F, 0xFF, 0x00, 0x00, 0x7F, 0xFE, 0x00, 0x00, 0xFF, 0xFC, 0x00, 0x01, 0xFD, 0xFC, 0x00, 0x07,
    0xF3, 0xF8, 0x00, 0x0F, 0xE7, 0xF0, 0x00, 0x3F, 0xC7, 0xF0, 0x00, 0x7F, 0x0F, 0xF0, 0x01, 0xFE,
    0x0F, 0xF0, 0x07, 0xF8, 0x1F, 0xF8, 0x3F, 0xF0, 0x1F, 0xFF, 0xFF, 0xC0, 0x1F, 0xFF, 0xFF, 0x00,
    0x1F, 0xFF, 0xFC, 0x00, 0x0F, 0xFF, 0xE0, 0x00, 0x03, 0xFE, 0x00, 0x00, 0x00, 0x07, 0xE0, 0x00,
    0x00, 0x1F, 0xE0, 0x00, 0x00, 0x7F, 0xE0, 0x00, 0x00, 0xFF, 0xC0, 0x00, 0x03, 0xFF, 0xC0, 0x00,
    0x07, 0xDF, 0x80, 0x00, 0x1F, 0x9F, 0x80, 0x00, 0x3E, 0x1F, 0x00, 0x00, 0xF8, 0x3F, 0x00, 0x03,
    0xF0, 0x3F, 0x00, 0x07, 0xC0, 0x7E, 0x00, 0x1F, 0x80, 0x7E, 0x00, 0x3E, 0x00, 0x7C, 0x00, 0x78,
    0x00, 0x78, 0x00, 0x07, 0xFC, 0x00, 0x00, 0x7F, 0xFF, 0x00, 0x03, 0xFF, 0xFF, 0x80, 0x0F, 0xFF,
    0xFF, 0x80, 0x3F, 0xFF, 0xFF, 0x80, 0xFF, 0xC1, 0xFF, 0x81, 0xFE, 0x00, 0xFF, 0x07, 0xF8, 0x00,
    0xFF, 0x1F, 0xE0, 0x00, 0xFE, 0x3F, 0x80, 0x01, 0xFE, 0x7F, 0x00, 0x01, 0xFC, 0xFE, 0x00, 0x03,
    0xFB, 0xF8, 0x00, 0x03, 0xFF, 0xF0, 0x00, 0x07, 0xFF, 0xE0, 0x00, 0x0F, 0xFF, 0xC0, 0x00, 0x1F,
    0xFF, 0x80, 0x00, 0x3F, 0xFF, 0x00, 0x00, 0x7F, 0xFE, 0x00, 0x00, 0xFF, 0xFC, 0x00, 0x01, 0xFF,
    0xF8, 0x00, 0x03, 0xFB, 0xF8, 0x00, 0x0F, 0xE7, 0xF0, 0x00, 0x1F, 0xCF, 0xE0, 0x00, 0x7F, 0x8F,
    0xE0, 0x00, 0xFE, 0x1F, 0xE0, 0x03, 0xFC, 0x1F, 0xE0, 0x0F, 0xF0, 0x3F, 0xF0, 0x7F, 0xE0, 0x3F,
    0xFF, 0xFF, 0x80, 0x3F, 0xFF, 0xFE, 0x00, 0x3F, 0xFF, 0xF8, 0x00, 0x1F, 0xFF, 0xC0, 0x00, 0x07,
    0xFC, 0x00, 0x00, 0x00, 0x00, 0x03, 0xC0, 0x00, 0x00, 0x07, 0x80, 0x03, 0xFE, 0x1F, 0x00, 0x0F,
    0xFF, 0xFE, 0x00, 0x3F, 0xFF, 0xF8, 0x00, 0xFF, 0xFF, 0xF0, 0x01, 0xF8, 0xFF, 0x80, 0x03, 0xE0,
    0x08, 0x00, 0x07, 0x80, 0x00, 0x00, 0x00, 0x00, 0x00, 0x00, 0x00, 0x7F, 0xC0, 0x00, 0x07, 0xFF,
    0xF0, 0x00, 0x3F, 0xFF, 0xF8, 0x00, 0xFF, 0xFF, 0xF8, 0x03, 0xFF, 0xFF, 0xF8, 0x0F, 0xFC, 0x1F,
    0xF8, 0x1F, 0xE0, 0x0F, 0xF0, 0x7F, 0x80, 0x0F, 0xF1, 0xFE, 0x00, 0x0F, 0xE3, 0xFC, 0x00, 0x1F,
    0xE7, 0xF0, 0x00, 0x1F, 0xCF, 0xE0, 0x00, 0x3F, 0xBF, 0x80, 0x00, 0x3F, 0xFF, 0x00, 0x00, 0x7F,
    0xFE, 0x00, 0x00, 0xFF, 0xFC, 0x00, 0x01, 0xFF, 0xF8, 0x00, 0x03, 0xFF, 0xF0, 0x00, 0x07, 0xFF,
    0xE0, 0x00, 0x0F, 0xFF, 0xC0, 0x00, 0x1F, 0xFF, 0x80, 0x00, 0x3F, 0xBF, 0x80, 0x00, 0xFE, 0x7F,
    0x00, 0x01, 0xFC, 0xFE, 0x00, 0x07, 0xF8, 0xFE, 0x00, 0x0F, 0xE1, 0xFE, 0x00, 0x3F, 0xC1, 0xFE,
    0x00, 0xFF, 0x03, 0xFF, 0x07, 0xFE, 0x03, 0xFF, 0xFF, 0xF8, 0x03, 0xFF, 0xFF, 0xE0, 0x03, 0xFF,
    0xFF, 0x80, 0x01, 0xFF, 0xFC, 0x00, 0x00, 0x7F, 0xC0, 0x00, 0x01, 0xE0, 0x1F, 0x00, 0x07, 0xE0,
    0x7F, 0x00, 0x1F, 0xE0, 0xFE, 0x00, 0x3F, 0xC3, 0xFC, 0x00, 0x7F, 0x83, 0xF8, 0x00, 0x7E, 0x07,
    0xF0, 0x00, 0x78, 0x07, 0xC0, 0x00, 0x0F, 0xF8, 0x00, 0x00, 0xFF, 0xFE, 0x00, 0x07, 0xFF, 0xFF,
    0x00, 0x1F, 0xFF, 0xFF, 0x00, 0x7F, 0xFF, 0xFF, 0x01, 0xFF, 0x83, 0xFF, 0x03, 0xFC, 0x01, 0xFE,
    0x0F, 0xF0, 0x01, 0xFE, 0x3F, 0xC0, 0x01, 0xFC, 0x7F, 0x80, 0x03, 0xFC, 0xFE, 0x00, 0x03, 0xF9,
    0xFC, 0x00, 0x07, 0xF7, 0xF0, 0x00, 0x07, 0xFF, 0xE0, 0x00, 0x0F, 0xFF, 0xC0, 0x00, 0x1F, 0xFF,
    0x80, 0x00, 0x3F, 0xFF, 0x00, 0x00, 0x7F, 0xFE, 0x00, 0x00, 0xFF, 0xFC, 0x00, 0x01, 0xFF, 0xF8,
    0x00, 0x03, 0xFF, 0xF0, 0x00, 0x07, 0xF7, 0xF0, 0x00, 0x1F, 0xCF, 0xE0, 0x00, 0x3F, 0x9F, 0xC0,
    0x00, 0xFF, 0x1F, 0xC0, 0x01, 0xFC, 0x3F, 0xC0, 0x07, 0xF8, 0x3F, 0xC0, 0x1F, 0xE0, 0x7F, 0xE0,
    0xFF, 0xC0, 0x7F, 0xFF, 0xFF, 0x00, 0x7F, 0xFF, 0xFC, 0x00, 0x7F, 0xFF, 0xF0, 0x00, 0x3F, 0xFF,
    0x80, 0x00, 0x0F, 0xF8, 0x00, 0x00, 0x03, 0xC0, 0x00, 0x00, 0x01, 0xFC, 0x00, 0x00, 0x00, 0xFF,
    0x00, 0x00, 0x00, 0x3F, 0xE0, 0x00, 0x00, 0x0F, 0xF8, 0x00, 0x00, 0x03, 0xFE, 0x00, 0x00, 0x00,
    0xFF, 0x80, 0x00, 0x00, 0x1F, 0xC0, 0x00, 0x00, 0x03, 0xE0, 0x00, 0x00, 0x00, 0x00, 0x00, 0x00,
    0x00, 0x00, 0x00, 0x00, 0x00, 0x00, 0x00, 0x00, 0xFF, 0xFF, 0xFF, 0xFF, 0xFF, 0xFF, 0xFF, 0xFF,
    0xFF, 0xFF, 0xFF, 0xFF, 0xFF, 0xFF, 0xFF, 0xFF, 0xFF, 0xFF, 0xFF, 0xFF, 0xFF, 0xFF, 0xFF, 0xFF,
    0xFF, 0xF0, 0x00, 0x00, 0x00, 0x00, 0x00, 0x00, 0x00, 0x00, 0x00, 0x00, 0x00, 0x00, 0x00, 0x00,
    0xF0, 0x00, 0x00, 0x00, 0x7F, 0x00, 0x00, 0x00, 0x3F, 0xE0, 0x00, 0x00, 0x0F, 0xF8, 0x00, 0x00,
    0x03, 0xFE, 0x00, 0x00, 0x00, 0xFF, 0x80, 0x00, 0x00, 0x3F, 0xE0, 0x00, 0x00, 0x07, 0xF0, 0x00,
    0x00, 0x00, 0xF8, 0x00, 0x00, 0x00, 0x00, 0x00, 0x10, 0x00, 0x3F, 0xE0, 0x70, 0x03, 0xFF, 0xF9,
    0xF0, 0x1F, 0xFF, 0xFB, 0xF0, 0x7F, 0xFF, 0xFF, 0xC1, 0xFF, 0xFF, 0xFF, 0x07, 0xFE, 0x0F, 0xFC,
    0x0F, 0xF0, 0x07, 0xF8, 0x3F, 0xC0, 0x0F, 0xF8, 0x7F, 0x00, 0x3F, 0xF1, 0xFE, 0x00, 0x7F, 0xF3,
    0xF8, 0x01, 0xFF, 0xE7, 0xF0, 0x07, 0xDF, 0xDF, 0xC0, 0x1F, 0xBF, 0xFF, 0x80, 0x7E, 0x3F, 0xFF,
    0x01, 0xF8, 0x7F, 0xFE, 0x03, 0xE0, 0xFF, 0xFC, 0x0F, 0x81, 0xFF, 0xF8, 0x3E, 0x03, 0xFF, 0xF0,
    0xFC, 0x07, 0xFF, 0xE3, 0xF0, 0x0F, 0xFF, 0xC7, 0xC0, 0x1F, 0xDF, 0xDF, 0x00, 0x7F, 0x3F, 0xFC,
    0x00, 0xFE, 0x7F, 0xF0, 0x03, 0xFC, 0x7F, 0xE0, 0x07, 0xF0, 0xFF, 0x80, 0x1F, 0xE0, 0xFF, 0x00,
    0x7F, 0x81, 0xFF, 0x03, 0xFF, 0x07, 0xFF, 0xFF, 0xFC, 0x0F, 0xFF, 0xFF, 0xF0, 0x3E, 0xFF, 0xFF,
    0xC0, 0x78, 0xFF, 0xFE, 0x00, 0x70, 0x3F, 0xE0, 0x00, 0x00, 0x7E, 0x00, 0x00, 0x00, 0x00, 0xFC,
    0x00, 0x00, 0x00, 0x01, 0xF8, 0x00, 0x00, 0x00, 0x07, 0xF0, 0x00, 0x00, 0x00, 0x0F, 0xC0, 0x00,
    0x00, 0x00, 0x1F, 0x80, 0x00, 0x00, 0x00, 0x3F, 0x00, 0x00, 0x00, 0x00, 0x7E, 0x00, 0x00, 0x00,
    0x01, 0xF8, 0x00, 0x00, 0x00, 0x03, 0xF0, 0x00, 0x00, 0x00, 0x07, 0xE0, 0x00, 0x00, 0x00, 0x0F,
    0xC0, 0x00, 0x00, 0x00, 0x00, 0x00, 0x00, 0x00, 0x00, 0x00, 0x00, 0x00, 0xF8, 0x00, 0x01, 0xF8,
    0x0F, 0xF8, 0x00, 0x07, 0xE0, 0xFF, 0xF0, 0x00, 0x1F, 0x83, 0xFF, 0xC0, 0x00, 0x7E, 0x07, 0xFF,
    0x00, 0x01, 0xF8, 0x08, 0xFC, 0x00, 0x07, 0xE0, 0x03, 0xF0, 0x00, 0x1F, 0x80, 0x0F, 0xC0, 0x00,
    0x7E, 0x00, 0x3F, 0x00, 0x01, 0xF8, 0x00, 0xFC, 0x00, 0x07, 0xE0, 0x03, 0xF0, 0x00, 0x1F, 0x80,
    0x0F, 0xC0, 0x00, 0x7E, 0x00, 0x3F, 0x00, 0x01, 0xF8, 0x00, 0xFC, 0x00, 0x07, 0xE0, 0x03, 0xF0,
    0x00, 0x1F, 0x80, 0x0F, 0xC0, 0x00, 0x7E, 0x00, 0x3F, 0x00, 0x01, 0xF8, 0x00, 0xFC, 0x00, 0x0F,
    0xE0, 0x03, 0xF0, 0x00, 0x3F, 0x80, 0x0F, 0xC0, 0x00, 0xFE, 0x00, 0x3F, 0x00, 0x03, 0xF8, 0x00,
    0xFC, 0x00, 0x0F, 0xE0, 0x03, 0xF8, 0x00, 0x7F, 0x80, 0x0F, 0xE0, 0x01, 0xFE, 0x00, 0x3F, 0x80,
    0x0F, 0xF8, 0x00, 0x7F, 0x00, 0x7F, 0xE2, 0x01, 0xFF, 0x07, 0xFF, 0xFC, 0x03, 0xFF, 0xFF, 0xFF,
    0xF0, 0x0F, 0xFF, 0xFD, 0xFF, 0xC0, 0x1F, 0xFF, 0xE3, 0xFE, 0x00, 0x1F, 0xFE, 0x07, 0xE0, 0x00,
    0x1F, 0xE0, 0x00, 0x00, 0x00, 0x00, 0x03, 0xF0, 0x00, 0x00, 0x00, 0x1F, 0x80, 0x00, 0x00, 0x00,
    0xFC, 0x00, 0x00, 0x00, 0x07, 0xF0, 0x00, 0x00, 0x00, 0x1F, 0x80, 0x00, 0x00, 0x00, 0xFC, 0x00,
    0x00, 0x00, 0x07, 0xE0, 0x00, 0x00, 0x00, 0x3F, 0x00, 0x00, 0x00, 0x00, 0xFC, 0x00, 0x00, 0x00,
    0x07, 0xE0, 0x00, 0x00, 0x00, 0x3F, 0x00, 0x00, 0x00, 0x01, 0xF8, 0x00, 0x00, 0x00, 0x00, 0x00,
    0x00, 0x00, 0x00, 0x00, 0x00, 0x00, 0x00, 0xF8, 0x00, 0x01, 0xF8, 0x0F, 0xF8, 0x00, 0x07, 0xE0,
    0xFF, 0xF0, 0x00, 0x1F, 0x83, 0xFF, 0xC0, 0x00, 0x7E, 0x07, 0xFF, 0x00, 0x01, 0xF8, 0x08, 0xFC,
    0x00, 0x07, 0xE0, 0x03, 0xF0, 0x00, 0x1F, 0x80, 0x0F, 0xC0, 0x00, 0x7E, 0x00, 0x3F, 0x00, 0x01,
    0xF8, 0x00, 0xFC, 0x00, 0x07, 0xE0, 0x03, 0xF0, 0x00, 0x1F, 0x80, 0x0F, 0xC0, 0x00, 0x7E, 0x00,
    0x3F, 0x00, 0x01, 0xF8, 0x00, 0xFC, 0x00, 0x07, 0xE0, 0x03, 0xF0, 0x00, 0x1F, 0x80, 0x0F, 0xC0,
    0x00, 0x7E, 0x00, 0x3F, 0x00, 0x01, 0xF8, 0x00, 0xFC, 0x00, 0x0F, 0xE0, 0x03, 0xF0, 0x00, 0x3F,
    0x80, 0x0F, 0xC0, 0x00, 0xFE, 0x00, 0x3F, 0x00, 0x03, 0xF8, 0x00, 0xFC, 0x00, 0x0F, 0xE0, 0x03,
    0xF8, 0x00, 0x7F, 0x80, 0x0F, 0xE0, 0x01, 0xFE, 0x00, 0x3F, 0x80, 0x0F, 0xF8, 0x00, 0x7F, 0x00,
    0x7F, 0xE2, 0x01, 0xFF, 0x07, 0xFF, 0xFC, 0x03, 0xFF, 0xFF, 0xFF, 0xF0, 0x0F, 0xFF, 0xFD, 0xFF,
    0xC0, 0x1F, 0xFF, 0xE3, 0xFE, 0x00, 0x1F, 0xFE, 0x07, 0xE0, 0x00, 0x1F, 0xE0, 0x00, 0x00, 0x00,
    0x01, 0xFC, 0x00, 0x00, 0x00, 0x0F, 0xF8, 0x00, 0x00, 0x00, 0x3F, 0xE0, 0x00, 0x00, 0x01, 0xFF,
    0xC0, 0x00, 0x00, 0x0F, 0xFF, 0x00, 0x00, 0x00, 0x3E, 0x7E, 0x00, 0x00, 0x01, 0xF8, 0xFC, 0x00,
    0x00, 0x07, 0xC3, 0xF0, 0x00, 0x00, 0x3E, 0x07, 0xE0, 0x00, 0x00, 0xF8, 0x1F, 0x80, 0x00, 0x07,
    0xC0, 0x3F, 0x00, 0x00, 0x3F, 0x00, 0x7C, 0x00, 0x00, 0xF8, 0x01, 0xF8, 0x00, 0x00, 0x00, 0x00,
    0x00, 0x00, 0xFC, 0x00, 0x01, 0xF8, 0x0F, 0xF8, 0x00, 0x07, 0xE0, 0xFF, 0xF0, 0x00, 0x1F, 0x83,
    0xFF, 0xC0, 0x00, 0x7E, 0x07, 0xFF, 0x00, 0x01, 0xF8, 0x08, 0xFC, 0x00, 0x07, 0xE0, 0x03, 0xF0,
    0x00, 0x1F, 0x80, 0x0F, 0xC0, 0x00, 0x7E, 0x00, 0x3F, 0x00, 0x01, 0xF8, 0x00, 0xFC, 0x00, 0x07,
    0xE0, 0x03, 0xF0, 0x00, 0x1F, 0x80, 0x0F, 0xC0, 0x00, 0x7E, 0x00, 0x3F, 0x00, 0x01, 0xF8, 0x00,
    0xFC, 0x00, 0x07, 0xE0, 0x03, 0xF0, 0x00, 0x1F, 0x80, 0x0F, 0xC0, 0x00, 0x7E, 0x00, 0x3F, 0x00,
    0x01, 0xF8, 0x00, 0xFC, 0x00, 0x0F, 0xE0, 0x03, 0xF0, 0x00, 0x3F, 0x80, 0x0F, 0xC0, 0x00, 0xFE,
    0x00, 0x3F, 0x00, 0x03, 0xF8, 0x00, 0xFE, 0x00, 0x1F, 0xE0, 0x03, 0xF8, 0x00, 0x7F, 0x80, 0x0F,
    0xE0, 0x03, 0xFE, 0x00, 0x3F, 0xC0, 0x1F, 0xF8, 0x00, 0x7F, 0x81, 0xFF, 0xE2, 0x01, 0xFF, 0xFF,
    0xFF, 0xFC, 0x03, 0xFF, 0xFF, 0xFF, 0xF0, 0x0F, 0xFF, 0xFD, 0xFF, 0xC0, 0x1F, 0xFF, 0xE3, 0xFE,
    0x00, 0x1F, 0xFE, 0x07, 0xE0, 0x00, 0x1F, 0xE0, 0x00, 0x00, 0x00, 0x3E, 0x01, 0xE0, 0x00, 0x01,
    0xFC, 0x0F, 0xC0, 0x00, 0x07, 0xF0, 0x7F, 0x80, 0x00, 0x3F, 0xC1, 0xFE, 0x00, 0x00, 0x7F, 0x07,
    0xF8, 0x00, 0x01, 0xFC, 0x0F, 0xC0, 0x00, 0x03, 0xE0, 0x1E, 0x00, 0x00, 0x00, 0x00, 0x00, 0x00,
    0x0F, 0x80, 0x00, 0x1F, 0x80, 0xFF, 0x80, 0x00, 0x7E, 0x0F, 0xFF, 0x00, 0x01, 0xF8, 0x3F, 0xFC,
    0x00, 0x07, 0xE0, 0x7F, 0xF0, 0x00, 0x1F, 0x80, 0x8F, 0xC0, 0x00, 0x7E, 0x00, 0x3F, 0x00, 0x01,
    0xF8, 0x00, 0xFC, 0x00, 0x07, 0xE0, 0x03, 0xF0, 0x00, 0x1F, 0x80, 0x0F, 0xC0, 0x00, 0x7E, 0x00,
    0x3F, 0x00, 0x01, 0xF8, 0x00, 0xFC, 0x00, 0x07, 0xE0, 0x03, 0xF0, 0x00, 0x1F, 0x80, 0x0F, 0xC0,
    0x00, 0x7E, 0x00, 0x3F, 0x00, 0x01, 0xF8, 0x00, 0xFC, 0x00, 0x07, 0xE0, 0x03, 0xF0, 0x00, 0x1F,
    0x80, 0x0F, 0xC0, 0x00, 0xFE, 0x00, 0x3F, 0x00, 0x03, 0xF8, 0x00, 0xFC, 0x00, 0x0F, 0xE0, 0x03,
    0xF0, 0x00, 0x3F, 0x80, 0x0F, 0xC0, 0x00, 0xFE, 0x00, 0x3F, 0x80, 0x07, 0xF8, 0x00, 0xFE, 0x00,
    0x1F, 0xE0, 0x03, 0xF8, 0x00, 0xFF, 0x80, 0x07, 0xF0, 0x07, 0xFE, 0x20, 0x1F, 0xF0, 0x7F, 0xFF,
    0xC0, 0x3F, 0xFF, 0xFF, 0xFF, 0x00, 0xFF, 0xFF, 0xDF, 0xFC, 0x01, 0xFF, 0xFE, 0x3F, 0xE0, 0x01,
    0xFF, 0xE0, 0x7E, 0x00, 0x01, 0xFE, 0x00, 0x00, 0x00, 0x00, 0x01, 0xF8, 0x00, 0x00, 0x01, 0xF8,
    0x00, 0x00, 0x01, 0xFC, 0x00, 0x00, 0x01, 0xFC, 0x00, 0x00, 0x00, 0xFC, 0x00, 0x00, 0x00, 0xFC,
    0x00, 0x00, 0x00, 0xFC, 0x00, 0x00, 0x00, 0xFE, 0x00, 0x00, 0x00, 0x7E, 0x00, 0x00, 0x00, 0x7E,
    0x00, 0x00, 0x00, 0x7E, 0x00, 0x00, 0x00, 0x7E, 0x00, 0x00, 0x00, 0x00, 0x00, 0x00, 0x00, 0x00,
    0x00, 0x00, 0x3E, 0x00, 0x00, 0xFE, 0x7F, 0xC0, 0x00, 0x7F, 0xFF, 0xF0, 0x00, 0x3F, 0xFF, 0xF8,
    0x00, 0x1F, 0xDF, 0xFC, 0x00, 0x0F, 0xE4, 0x7E, 0x00, 0x07, 0xF0, 0x3F, 0x00, 0x03, 0xF8, 0x1F,
    0x80, 0x01, 0xFC, 0x0F, 0xC0, 0x00, 0xFE, 0x07, 0xE0, 0x00, 0x7F, 0x03, 0xF0, 0x00, 0x3F, 0x81,
    0xF8, 0x00, 0x1F, 0xC0, 0xFC, 0x00, 0x0F, 0xE0, 0x7E, 0x00, 0x07, 0xF0, 0x3F, 0x00, 0x03, 0xF8,
    0x1F, 0x80, 0x01, 0xFC, 0x0F, 0xC0, 0x00, 0xFE, 0x07, 0xE0, 0x00, 0x7F, 0x03, 0xF0, 0x00, 0x3F,
    0x81, 0xF8, 0x00, 0x1F, 0xC0, 0xFC, 0x00, 0x0F, 0xE0, 0x7E, 0x00, 0x0F, 0xF0, 0x3F, 0x80, 0x07,
    0xF8, 0x1F, 0xC0, 0x07, 0xFC, 0x0F, 0xE0, 0x03, 0xFE, 0x03, 0xF8, 0x03, 0xFF, 0x01, 0xFE, 0x07,
    0xFF, 0x80, 0x7F, 0xFF, 0xFF, 0xC0, 0x3F, 0xFF, 0xF7, 0xE0, 0x0F, 0xFF, 0xF3, 0xF0, 0x01, 0xFF,
    0xE1, 0xF8, 0x00, 0x3F, 0xC0, 0xFC, 0x00, 0x00, 0x00, 0x7E, 0x00, 0x00, 0x00, 0x3E, 0x00, 0x00,
    0x00, 0x3F, 0x00, 0x00, 0x00, 0x1F, 0x80, 0x00, 0x00, 0x0F, 0xC0, 0x00, 0x00, 0x0F, 0xE0, 0x00,
    0x00, 0x07, 0xE0, 0x00, 0x00, 0x07, 0xF0, 0x06, 0x00, 0x07, 0xF0, 0x03, 0xE0, 0x0F, 0xF8, 0x01,
    0xFF, 0xFF, 0xF8, 0x00, 0xFF, 0xFF, 0xF8, 0x00, 0x7F, 0xFF, 0xF8, 0x00, 0x1F, 0xFF, 0xF0, 0x00,
    0x00, 0xFF, 0xC0, 0x00, 0x07, 0x80, 0x00, 0x00, 0x00, 0xFF, 0x00, 0x00, 0x00, 0x1F, 0xFC, 0x00,
    0x00, 0x01, 0xFF, 0xE0, 0x00, 0x00, 0x07, 0xFF, 0x00, 0x00, 0x00, 0x19, 0xF8, 0x00, 0x00, 0x00,
    0x0F, 0xC0, 0x00, 0x00, 0x00, 0x7E, 0x00, 0x00, 0x00, 0x03, 0xF0, 0x00, 0x00, 0x00, 0x1F, 0x80,
    0x00, 0x00, 0x00, 0xFC, 0x00, 0x00, 0x00, 0x07, 0xE0, 0x00, 0x00, 0x00, 0x3F, 0x00, 0x00, 0x00,
    0x01, 0xF8, 0x00, 0x00, 0x00, 0x0F, 0xC0, 0x00, 0x00, 0x00, 0x7E, 0x00, 0x00, 0x00, 0x03, 0xF0,
    0x00, 0x00, 0x00, 0x1F, 0x80, 0x00, 0x00, 0x00, 0xFC, 0x00, 0x00, 0x00, 0x07, 0xE0, 0x3F, 0xC0,
    0x00, 0x3F, 0x0F, 0xFF, 0x80, 0x01, 0xF9, 0xFF, 0xFF, 0x00, 0x0F, 0xDF, 0xFF, 0xFC, 0x00, 0x7F,
    0xFF, 0xFF, 0xF0, 0x03, 0xFF, 0xE0, 0x7F, 0xC0, 0x1F, 0xFC, 0x00, 0xFF, 0x00, 0xFF, 0xC0, 0x03,
    0xF8, 0x07, 0xFC, 0x00, 0x1F, 0xE0, 0x3F, 0xC0, 0x00, 0x7F, 0x01, 0xFE, 0x00, 0x03, 0xF8, 0x0F,
    0xE0, 0x00, 0x0F, 0xC0, 0x7F, 0x00, 0x00, 0x7F, 0x03, 0xF8, 0x00, 0x03, 0xF8, 0x1F, 0xC0, 0x00,
    0x1F, 0xC0, 0xFE, 0x00, 0x00, 0xFE, 0x07, 0xF0, 0x00, 0x07, 0xF0, 0x3F, 0x80, 0x00, 0x3F, 0x81,
    0xFC, 0x00, 0x01, 0xFC, 0x0F, 0xE0, 0x00, 0x0F, 0xE0, 0x7F, 0x00, 0x00, 0x7F, 0x03, 0xFC, 0x00,
    0x07, 0xF0, 0x1F, 0xE0, 0x00, 0x3F, 0x80, 0xFF, 0x80, 0x03, 0xFC, 0x07, 0xFE, 0x00, 0x1F, 0xC0,
    0x3F, 0xF8, 0x01, 0xFE, 0x01, 0xFF, 0xF0, 0x3F, 0xE0, 0x0F, 0xFF, 0xFF, 0xFF, 0x00, 0x7F, 0xFF,
    0xFF, 0xF0, 0x03, 0xFF, 0xFF, 0xFF, 0x00, 0x1F, 0xDF, 0xFF, 0xF0, 0x00, 0xFE, 0x3F, 0xFE, 0x00,
    0x07, 0xF0, 0x7F, 0xC0, 0x00, 0x3F, 0x80, 0x00, 0x00, 0x01, 0xFC, 0x00, 0x00, 0x00, 0x0F, 0xE0,
    0x00, 0x00, 0x00, 0x7F, 0x00, 0x00, 0x00, 0x03, 0xF8, 0x00, 0x00, 0x00, 0x1F, 0xC0, 0x00, 0x00,
    0x00, 0xFE, 0x00, 0x00, 0x00, 0x07, 0xF0, 0x00, 0x00, 0x00, 0x3F, 0x80, 0x00, 0x00, 0x01, 0xFC,
    0x00, 0x00, 0x00, 0x0F, 0xE0, 0x00, 0x00, 0x00, 0x7F, 0x00, 0x00, 0x00, 0x03, 0xF8, 0x00, 0x00,
    0x00, 0x1F, 0xC0, 0x00, 0x00, 0x00, 0x00, 0x3C, 0x01, 0xE0, 0x00, 0x3F, 0x83, 0xF8, 0x00, 0x3F,
    0xC1, 0xFE, 0x00, 0x1F, 0xE0, 0xFF, 0x00, 0x0F, 0xF0, 0x7F, 0x80, 0x03, 0xF8, 0x3F, 0x80, 0x00,
    0xF0, 0x07, 0x80, 0x00, 0x00, 0x00, 0x00, 0x0F, 0x80, 0x00, 0x3F, 0x9F, 0xF0, 0x00, 0x1F, 0xFF,
    0xFC, 0x00, 0x0F, 0xFF, 0xFE, 0x00, 0x07, 0xF7, 0xFF, 0x00, 0x03, 0xF9, 0x1F, 0x80, 0x01, 0xFC,
    0x0F, 0xC0, 0x00, 0xFE, 0x07, 0xE0, 0x00, 0x7F, 0x03, 0xF0, 0x00, 0x3F, 0x81, 0xF8, 0x00, 0x1F,
    0xC0, 0xFC, 0x00, 0x0F, 0xE0, 0x7E, 0x00, 0x07, 0xF0, 0x3F, 0x00, 0x03, 0xF8, 0x1F, 0x80, 0x01,
    0xFC, 0x0F, 0xC0, 0x00, 0xFE, 0x07, 0xE0, 0x00, 0x7F, 0x03, 0xF0, 0x00, 0x3F, 0x81, 0xF8, 0x00,
    0x1F, 0xC0, 0xFC, 0x00, 0x0F, 0xE0, 0x7E, 0x00, 0x07, 0xF0, 0x3F, 0x00, 0x03, 0xF8, 0x1F, 0x80,
    0x03, 0xFC, 0x0F, 0xE0, 0x01, 0xFE, 0x07, 0xF0, 0x01, 0xFF, 0x03, 0xF8, 0x00, 0xFF, 0x80, 0xFE,
    0x00, 0xFF, 0xC0, 0x7F, 0x81, 0xFF, 0xE0, 0x1F, 0xFF, 0xFF, 0xF0, 0x0F, 0xFF, 0xFD, 0xF8, 0x03,
    0xFF, 0xFC, 0xFC, 0x00, 0x7F, 0xF8, 0x7E, 0x00, 0x0F, 0xF0, 0x3F, 0x00, 0x00, 0x00, 0x1F, 0x80,
    0x00, 0x00, 0x0F, 0x80, 0x00, 0x00, 0x0F, 0xC0, 0x00, 0x00, 0x07, 0xE0, 0x00, 0x00, 0x03, 0xF0,
    0x00, 0x00, 0x03, 0xF8, 0x00, 0x00, 0x01, 0xF8, 0x00, 0x00, 0x01, 0xFC, 0x01, 0x80, 0x01, 0xFC,
    0x00, 0xF8, 0x03, 0xFE, 0x00, 0x7F, 0xFF, 0xFE, 0x00, 0x3F, 0xFF, 0xFE, 0x00, 0x1F, 0xFF, 0xFE,
    0x00, 0x07, 0xFF, 0xFC, 0x00, 0x00, 0x3F, 0xF0, 0x00, 0x00, 0x00, 0xFF, 0xFF, 0xFF, 0xFF, 0xFC,
    0x00, 0x07, 0xFF, 0xFF, 0xFF, 0xFF, 0xFE, 0x00, 0x0F, 0xFF, 0xFF, 0xFF, 0xFF, 0xFF, 0x00, 0x0F,
    0xFF, 0xFF, 0xFF, 0xFF, 0xFF, 0x80, 0x1F, 0xFF, 0xFF, 0xFF, 0xFF, 0xFF, 0xC0, 0x1F, 0xFF, 0xFF,
    0xFF, 0x00, 0x00, 0x00, 0x1F, 0xFE, 0x00, 0x3F, 0x80, 0x00, 0x00, 0x1F, 0xF8, 0x00, 0x1F, 0xC0,
    0x00, 0x00, 0x0F, 0xF8, 0x00, 0x0F, 0xE0, 0x00, 0x00, 0x0F, 0xF0, 0x00, 0x07, 0xF0, 0x00, 0x00,
    0x07, 0xF8, 0x00, 0x03, 0xF8, 0x00, 0x00, 0x07, 0xF8, 0x00, 0x01, 0xFC, 0x00, 0x00, 0x03, 0xF8,
    0x00, 0x00, 0xFE, 0x00, 0x00, 0x03, 0xFC, 0x00, 0x00, 0x7F, 0x00, 0x00, 0x01, 0xFC, 0x00, 0x00,
    0x3F, 0x80, 0x00, 0x00, 0xFE, 0x00, 0x00, 0x1F, 0xC0, 0x00, 0x00, 0x7F, 0x00, 0x00, 0x0F, 0xE0,
    0x00, 0x00, 0x7F, 0x80, 0x00, 0x07, 0xF0, 0x00, 0x00, 0x3F, 0x80, 0x00, 0x03, 0xF8, 0x00, 0x00,
    0x1F, 0xC0, 0x00, 0x01, 0xFF, 0xFF, 0xFF, 0x0F, 0xE0, 0x00, 0x00, 0xFF, 0xFF, 0xFF, 0x87, 0xF0,
    0x00, 0x00, 0x7F, 0xFF, 0xFF, 0xC3, 0xF8, 0x00, 0x00, 0x3F, 0xFF, 0xFF, 0xE1, 0xFC, 0x00, 0x00,
    0x1F, 0xFF, 0xFF, 0xF0, 0xFE, 0x00, 0x00, 0x0F, 0xFF, 0xFF, 0xF8, 0x7F, 0x00, 0x00, 0x07, 0xF0,
    0x00, 0x00, 0x3F, 0x80, 0x00, 0x03, 0xF8, 0x00, 0x00, 0x1F, 0xC0, 0x00, 0x01, 0xFC, 0x00, 0x00,
    0x0F, 0xE0, 0x00, 0x00, 0xFE, 0x00, 0x00, 0x07, 0xF8, 0x00, 0x00, 0x7F, 0x00, 0x00, 0x01, 0xFC,
    0x00, 0x00, 0x3F, 0x80, 0x00, 0x00, 0xFE, 0x00, 0x00, 0x1F, 0xC0, 0x00, 0x00, 0x7F, 0x00, 0x00,
    0x0F, 0xE0, 0x00, 0x00, 0x3F, 0xC0, 0x00, 0x07, 0xF0, 0x00, 0x00, 0x0F, 0xE0, 0x00, 0x03, 0xF8,
    0x00, 0x00, 0x07, 0xF8, 0x00, 0x01, 0xFC, 0x00, 0x00, 0x01, 0xFE, 0x00, 0x00, 0xFE, 0x00, 0x00,
    0x00, 0xFF, 0x00, 0x00, 0x7F, 0x00, 0x00, 0x00, 0x3F, 0xE0, 0x00, 0x3F, 0x80, 0x00, 0x00, 0x1F,
    0xF8, 0x00, 0x1F, 0xC0, 0x00, 0x00, 0x07, 0xFF, 0x80, 0x0F, 0xE0, 0x00, 0x00, 0x01, 0xFF, 0xFF,
    0xFF, 0xFF, 0xFF, 0xFF, 0xC0, 0x7F, 0xFF, 0xFF, 0xFF, 0xFF, 0xFF, 0xE0, 0x0F, 0xFF, 0xFF, 0xFF,
    0xFF, 0xFF, 0xF0, 0x03, 0xFF, 0xFF, 0xFF, 0xFF, 0xFF, 0xF8, 0x00, 0x7F, 0xFF, 0xFF, 0xFF, 0xFF,
    0xFC, 0x00, 0x03, 0xFF, 0xFF, 0xFF, 0xFF, 0xFE, 0x00, 0x1F, 0xE0, 0x00, 0x3F, 0xC0, 0x00, 0x0F,
    0xFF, 0xC0, 0x0F, 0xFF, 0x80, 0x03, 0xFF, 0xFF, 0x03, 0xFF, 0xFE, 0x00, 0x7F, 0xFF, 0xF8, 0x7F,
    0xFF, 0xF0, 0x0F, 0xFF, 0xFF, 0xCF, 0xFF, 0xFF, 0x81, 0xFF, 0x83, 0xFF, 0xFE, 0x07, 0xF8, 0x1F,
    0xE0, 0x0F, 0xFF, 0xC0, 0x1F, 0xC3, 0xFC, 0x00, 0x7F, 0xF8, 0x00, 0xFE, 0x3F, 0x80, 0x03, 0xFF,
    0x00, 0x0F, 0xE7, 0xF8, 0x00, 0x1F, 0xE0, 0x00, 0x7E, 0x7F, 0x00, 0x01, 0xFE, 0x00, 0x07, 0xE7,
    0xF0, 0x00, 0x1F, 0xE0, 0x00, 0x7F, 0xFE, 0x00, 0x00, 0xFC, 0x00, 0x07, 0xFF, 0xE0, 0x00, 0x0F,
    0xC0, 0x00, 0x3F, 0xFE, 0x00, 0x00, 0xFF, 0xFF, 0xFF, 0xFF, 0xE0, 0x00, 0x0F, 0xFF, 0xFF, 0xFF,
    0xFE, 0x00, 0x00, 0xFF, 0xFF, 0xFF, 0xFF, 0xE0, 0x00, 0x0F, 0xFF, 0xFF, 0xFF, 0xFE, 0x00, 0x00,
    0xFF, 0xFF, 0xFF, 0xFF, 0xE0, 0x00, 0x0F, 0xC0, 0x00, 0x00, 0xFE, 0x00, 0x00, 0xFC, 0x00, 0x00,
    0x07, 0xF0, 0x00, 0x1F, 0xE0, 0x00, 0x00, 0x7F, 0x00, 0x01, 0xFE, 0x00, 0x00, 0x07, 0xF8, 0x00,
    0x1F, 0xE0, 0x00, 0x00, 0x3F, 0x80, 0x03, 0xFF, 0x00, 0x00, 0x03, 0xFC, 0x00, 0x7F, 0xF8, 0x00,
    0x00, 0x1F, 0xE0, 0x0F, 0xFF, 0xC0, 0x01, 0xC1, 0xFF, 0x83, 0xFD, 0xFF, 0x00, 0xFC, 0x0F, 0xFF,
    0xFF, 0xCF, 0xFF, 0xFF, 0xC0, 0x7F, 0xFF, 0xF8, 0x7F, 0xFF, 0xFC, 0x03, 0xFF, 0xFE, 0x03, 0xFF,
    0xFF, 0xC0, 0x0F, 0xFF, 0xC0, 0x0F, 0xFF, 0xF0, 0x00, 0x1F, 0xE0, 0x00, 0x3F, 0xF8, 0x00, 0x38,
    0x00, 0x00, 0x18, 0xFC, 0x00, 0x03, 0xE3, 0xFC, 0x00, 0x7F, 0x8F, 0xFE, 0x0F, 0xFE, 0x1F, 0xFF,
    0xFF, 0xF8, 0x3F, 0xFF, 0xFF, 0x80, 0x1F, 0xFF, 0xF8, 0x00, 0x1F, 0xFF, 0x00, 0x00, 0x1F, 0xF0,
    0x00, 0x00, 0x0F, 0x00, 0x00, 0x00, 0x00, 0x00, 0x00, 0x07, 0xFE, 0x00, 0x00, 0xFF, 0xFF, 0x80,
    0x0F, 0xFF, 0xFF, 0xC0, 0xFF, 0xFF, 0xFF, 0x87, 0xFF, 0xFF, 0xFE, 0x3F, 0xFF, 0xFF, 0xF0, 0xFF,
    0xE0, 0x1F, 0xC7, 0xFC, 0x00, 0x07, 0x1F, 0xE0, 0x00, 0x00, 0xFF, 0x00, 0x00, 0x03, 0xF8, 0x00,
    0x00, 0x0F, 0xE0, 0x00, 0x00, 0x3F, 0x80, 0x00, 0x00, 0xFE, 0x00, 0x00, 0x03, 0xF8, 0x00, 0x00,
    0x0F, 0xE0, 0x00, 0x00, 0x3F, 0xC0, 0x00, 0x00, 0x7F, 0x80, 0x00, 0x01, 0xFF, 0x00, 0x00, 0x03,
    0xFF, 0x00, 0x00, 0x0F, 0xFF, 0x00, 0x00, 0x1F, 0xFF, 0x00, 0x00, 0x3F, 0xFF, 0x80, 0x00, 0x3F,
    0xFF, 0x80, 0x00, 0x7F, 0xFF, 0x80, 0x00, 0x7F, 0xFF, 0x80, 0x00, 0x3F, 0xFF, 0x00, 0x00, 0x1F,
    0xFE, 0x00, 0x00, 0x1F, 0xFC, 0x00, 0x00, 0x1F, 0xF0, 0x00, 0x00, 0x3F, 0xE0, 0x00, 0x00, 0x7F,
    0x80, 0x00, 0x00, 0xFF, 0x00, 0x00, 0x01, 0xFC, 0x00, 0x00, 0x07, 0xF0, 0x00, 0x00, 0x1F, 0xC0,
    0x00, 0x00, 0x7F, 0x00, 0x00, 0x01, 0xFC, 0x00, 0x00, 0x07, 0xF0, 0x00, 0x00, 0x3F, 0xC0, 0x00,
    0x00, 0xFE, 0xC0, 0x00, 0x07, 0xFB, 0xC0, 0x00, 0x3F, 0xEF, 0xF0, 0x07, 0xFF, 0x3F, 0xFF, 0xFF,
    0xF8, 0xFF, 0xFF, 0xFF, 0xC3, 0xFF, 0xFF, 0xFE, 0x07, 0xFF, 0xFF, 0xF0, 0x03, 0xFF, 0xFF, 0x00,
    0x00, 0xFF, 0xE0, 0x00, 0x3E, 0x00, 0x7C, 0x7E, 0x00, 0xF8, 0xFC, 0x03, 0xF0, 0xFC, 0x07, 0xC0,
    0xF8, 0x1F, 0x01, 0xF8, 0x7E, 0x01, 0xF8, 0xF8, 0x03, 0xF3, 0xF0, 0x03, 0xF7, 0xC0, 0x03, 0xFF,
    0x00, 0x07, 0xFE, 0x00, 0x07, 0xF8, 0x00, 0x0F, 0xF0, 0x00, 0x0F, 0xC0, 0x00, 0x3F, 0xC0, 0x03,
    0xFF, 0xF0, 0x1F, 0xFF, 0xFC, 0x7F, 0xFF, 0xF9, 0xFF, 0xFF, 0xE3, 0xFC, 0x07, 0xCF, 0xE0, 0x01,
    0x9F, 0x80, 0x00, 0x3F, 0x00, 0x00, 0x7E, 0x00, 0x00, 0xFE, 0x00, 0x01, 0xFE, 0x00, 0x03, 0xFF,
    0x00, 0x03, 0xFF, 0xE0, 0x03, 0xFF, 0xF8, 0x03, 0xFF, 0xFC, 0x03, 0xFF, 0xFC, 0x01, 0xFF, 0xFC,
    0x00, 0x7F, 0xFC, 0x00, 0x0F, 0xF8, 0x00, 0x07, 0xF8, 0x00, 0x07, 0xF0, 0x00, 0x07, 0xE0, 0x00,
    0x0F, 0xC0, 0x00, 0x1F, 0xE0, 0x00, 0x7F, 0xF0, 0x00, 0xFD, 0xFC, 0x07, 0xFB, 0xFF, 0xFF, 0xE7,
    0xFF, 0xFF, 0xCF, 0xFF, 0xFE, 0x03, 0xFF, 0xF8, 0x00, 0xFF, 0x80, 0x00, 0x00, 0x3C, 0x00, 0x3C,
    0x00, 0x00, 0x7E, 0x00, 0x7E, 0x00, 0x00, 0xFF, 0x00, 0xFF, 0x00, 0x00, 0xFF, 0x00, 0xFF, 0x00,
    0x00, 0xFF, 0x00, 0xFF, 0x00, 0x00, 0xFF, 0x00, 0xFF, 0x00, 0x00, 0x7E, 0x00, 0x7E, 0x00, 0x00,
    0x3C, 0x00, 0x3C, 0x00, 0x00, 0x00, 0x00, 0x00, 0x00, 0x00, 0x00, 0x00, 0x00, 0x00, 0x00, 0x00,
    0x00, 0x00, 0x00, 0xFF, 0x00, 0x00, 0x00, 0xFF, 0xFF, 0x80, 0x00, 0x00, 0xFF, 0xFF, 0x80, 0x00,
    0x01, 0xFF, 0xFF, 0xC0, 0x00, 0x03, 0xFF, 0xFF, 0xE0, 0x00, 0x03, 0xFF, 0x0F, 0xE0, 0x00, 0x07,
    0xF0, 0x07, 0xF0, 0x00, 0x07, 0xE0, 0x07, 0xF8, 0x00, 0x0F, 0xE0, 0x03, 0xF8, 0x00, 0x0F, 0xC0,
    0x03, 0xFC, 0x00, 0x1F, 0x80, 0x01, 0xFE, 0x00, 0x3F, 0x80, 0x00, 0xFE, 0x00, 0x3F, 0x00, 0x00,
    0xFF, 0x00, 0x7F, 0x00, 0x00, 0x7F, 0x00, 0x7E, 0x00, 0x00, 0x3F, 0x80, 0xFE, 0x00, 0x00, 0x3F,
    0xC0, 0xFC, 0x00, 0x00, 0x1F, 0xC1, 0xF8, 0x00, 0x00, 0x1F, 0xE3, 0xF8, 0x00, 0x00, 0x0F, 0xF3,
    0xF0, 0x00, 0x00, 0x07, 0xF7, 0xF0, 0x00, 0x00, 0x07, 0xFF, 0xE0, 0x00, 0x00, 0x03, 0xFF, 0xE0,
    0x00, 0x00, 0x01, 0xFF, 0xC0, 0x00, 0x00, 0x01, 0xFF, 0x80, 0x00, 0x00, 0x00, 0xFF, 0x80, 0x00,
    0x00, 0x00, 0x7F, 0x00, 0x00, 0x00, 0x00, 0x7F, 0x00, 0x00, 0x00, 0x00, 0x7F, 0x00, 0x00, 0x00,
    0x00, 0x7F, 0x00, 0x00, 0x00, 0x00, 0x7F, 0x00, 0x00, 0x00, 0x00, 0x7F, 0x00, 0x00, 0x00, 0x00,
    0x7F, 0x00, 0x00, 0x00, 0x00, 0x7F, 0x00, 0x00, 0x00, 0x00, 0x7F, 0x00, 0x00, 0x00, 0x00, 0x7F,
    0x00, 0x00, 0x00, 0x00, 0x7F, 0x00, 0x00, 0x00, 0x00, 0x7F, 0x00, 0x00, 0x00, 0x00, 0x7F, 0x00,
    0x00, 0x00, 0x00, 0x7F, 0x00, 0x00, 0x00, 0x00, 0x7F, 0x00, 0x00, 0x00, 0x00, 0x7F, 0x00, 0x00,
    0x00, 0x00, 0x7F, 0x00, 0x00, 0x00, 0x07, 0xFF, 0xF0, 0x00, 0x00, 0x07, 0xFF, 0xF0, 0x00, 0x00,
    0x07, 0xFF, 0xF0, 0x00, 0x00, 0x07, 0xFF, 0xF0, 0x00, 0x00, 0x07, 0xFF, 0xF0, 0x00, 0xFF, 0xFF,
    0xFF, 0xFF, 0xFF, 0xFF, 0xFF, 0xFF, 0xFF, 0xFF, 0xFF, 0xFF, 0xFF, 0xFF, 0xFF, 0xFF, 0xFF, 0xFF,
    0xFF, 0xFF, 0xF8, 0xFF, 0xFF, 0xFF, 0xFF, 0xFF, 0xFF, 0xFF, 0xFF, 0xFF, 0xFF, 0xFF, 0xFF, 0xFF,
    0xFF, 0xFF, 0xFF, 0xFF, 0xFF, 0xFF, 0xFF, 0xFF, 0xFF, 0xFF, 0xFF, 0xFF, 0xFF, 0xFF, 0xFF, 0xFF,
    0xFF, 0xFF, 0xFF, 0xFF, 0xFF, 0xFF, 0xFF, 0xFF, 0xFF, 0xFF, 0xFF, 0xFF, 0xFE, 0x03, 0xC0, 0x7C,
    0x1F, 0x87, 0xE0, 0xFC, 0x3F, 0x07, 0xE1, 0xFC, 0x3F, 0x0F, 0xE1, 0xFC, 0x3F, 0x0F, 0xE1, 0xFC,
    0x0F, 0x80, 0x00, 0x08, 0x01, 0xE0, 0x3F, 0x87, 0xF1, 0xFC, 0x3F, 0x87, 0xE1, 0xFC, 0x3F, 0x87,
    0xE1, 0xFC, 0x3F, 0x07, 0xE1, 0xF8, 0x3E, 0x03, 0xC0, 0x00, 0x01, 0xF0, 0x3F, 0x87, 0xF0, 0xFE,
    0x1F, 0x87, 0xF0, 0xFE, 0x1F, 0x87, 0xF0, 0xFC, 0x3F, 0x87, 0xE0, 0xF8, 0x3F, 0x03, 0xC0, 0x01,
    0xE0, 0x1E, 0x03, 0xF0, 0x3F, 0x07, 0xF0, 0x7F, 0x07, 0xE0, 0x7E, 0x0F, 0xE0, 0xFE, 0x0F, 0xC0,
    0xFC, 0x1F, 0xC1, 0xFC, 0x1F, 0x81, 0xF8, 0x3F, 0x83, 0xF8, 0x3F, 0x83, 0xF8, 0x7F, 0x07, 0xF0,
    0x7F, 0x07, 0xF0, 0xFF, 0x0F, 0xF0, 0xFF, 0x0F, 0xF0, 0x1E, 0x01, 0xE0, 0x02, 0x00, 0x20, 0x00,
    0x00, 0x00, 0x0F, 0x80, 0xF8, 0x0F, 0xE0, 0xFE, 0x0F, 0xE0, 0xFE, 0x0F, 0xE0, 0xFE, 0x1F, 0xE1,
    0xFE, 0x1F, 0xC1, 0xFC, 0x1F, 0xC1, 0xFC, 0x3F, 0x83, 0xF8, 0x3F, 0x83, 0xF8, 0x3F, 0x03, 0xF0,
    0x7F, 0x07, 0xF0, 0x7E, 0x07, 0xE0, 0xFC, 0x0F, 0xC0, 0xFC, 0x0F, 0xC0, 0x78, 0x07, 0x80, 0x00,
    0x00, 0x00, 0x07, 0xC0, 0x7C, 0x0F, 0xF0, 0xFF, 0x0F, 0xF0, 0xFF, 0x0F, 0xE0, 0xFE, 0x0F, 0xE0,
    0xFE, 0x1F, 0xE1, 0xFE, 0x1F, 0xC1, 0xFC, 0x1F, 0xC1, 0xFC, 0x3F, 0x83, 0xF8, 0x3F, 0x83, 0xF8,
    0x3F, 0x03, 0xF0, 0x7E, 0x07, 0xE0, 0x7E, 0x07, 0xE0, 0xFC, 0x0F, 0xC0, 0x78, 0x07, 0x80, 0x00,
    0x0F, 0xE0, 0x00, 0x00, 0x1F, 0xC0, 0x00, 0x00, 0x3F, 0x80, 0x00, 0x00, 0x7F, 0x00, 0x00, 0x00,
    0xFE, 0x00, 0x00, 0x01, 0xFC, 0x00, 0x00, 0x03, 0xF8, 0x00, 0x00, 0x07, 0xF0, 0x00, 0x00, 0x0F,
    0xE0, 0x00, 0x00, 0x1F, 0xC0, 0x00, 0x00, 0x3F, 0x80, 0x00, 0x00, 0x7F, 0x00, 0x00, 0x00, 0xFE,
    0x00, 0x1F, 0x80, 0xFC, 0x0F, 0xFF, 0xFF, 0xFF, 0xFF, 0xFF, 0xFF, 0xFF, 0xFF, 0xFF, 0xFF, 0xFF,
    0xFF, 0xFF, 0xFF, 0xFF, 0xFF, 0xFF, 0xFF, 0xFF, 0xFF, 0xC0, 0x3F, 0x00, 0xF0, 0x00, 0x7E, 0x00,
    0x00, 0x00, 0xFC, 0x00, 0x00, 0x01, 0xF8, 0x00, 0x00, 0x03, 0xF0, 0x00, 0x00, 0x07, 0xE0, 0x00,
    0x00, 0x0F, 0xC0, 0x00, 0x00, 0x1F, 0x80, 0x00, 0x00, 0x3F, 0x00, 0x00, 0x00, 0x7E, 0x00, 0x00,
    0x00, 0xFC, 0x00, 0x00, 0x01, 0xF8, 0x00, 0x00, 0x03, 0xF0, 0x00, 0x00, 0x07, 0xE0, 0x00, 0x00,
    0x0F, 0xC0, 0x00, 0x00, 0x3F, 0x80, 0x00, 0x00, 0x7F, 0x00, 0x00, 0x00, 0xFE, 0x00, 0x00, 0x01,
    0xFC, 0x00, 0x00, 0x03, 0xF8, 0x00, 0x00, 0x07, 0xF0, 0x00, 0x00, 0x0F, 0xE0, 0x00, 0x00, 0x1F,
    0xC0, 0x00, 0x00, 0x3F, 0x80, 0x00, 0x00, 0x7F, 0x00, 0x00, 0x00, 0xFE, 0x00, 0x00, 0x01, 0xFC,
    0x00, 0x00, 0x03, 0xF8, 0x00, 0x00, 0x07, 0xF0, 0x00, 0x00, 0x0F, 0xE0, 0x00, 0x00, 0x1F, 0xC0,
    0x00, 0x00, 0x3F, 0x80, 0x00, 0x00, 0x7F, 0x00, 0x00, 0x00, 0xFE, 0x00, 0x00, 0x01, 0xFC, 0x00,
    0x00, 0x03, 0xF8, 0x00, 0x00, 0x07, 0xF0, 0x00, 0x00, 0x0F, 0xE0, 0x00, 0x00, 0x1F, 0xC0, 0x00,
    0x00, 0x3F, 0x80, 0x00, 0x00, 0x7F, 0x00, 0x00, 0x00, 0x7E, 0x00, 0x00, 0x00, 0x0F, 0xC0, 0x00,
    0x00, 0x3F, 0x00, 0x00, 0x00, 0xFC, 0x00, 0x00, 0x03, 0xF0, 0x00, 0x00, 0x0F, 0xC0, 0x00, 0x00,
    0x3F, 0x00, 0x00, 0x00, 0xFC, 0x00, 0x00, 0x03, 0xF0, 0x00, 0x00, 0x0F, 0xC0, 0x00, 0x00, 0x3F,
    0x00, 0x00, 0x00, 0xFC, 0x00, 0x00, 0x03, 0xF0, 0x00, 0x00, 0x0F, 0xC0, 0x03, 0xFF, 0xFF, 0xFF,
    0xFF, 0xFF, 0xFF, 0xFF, 0xFF, 0xFF, 0xFF, 0xFF, 0xFF, 0xFF, 0xFF, 0xFF, 0xFF, 0xFF, 0xFF, 0xFF,
    0xFF, 0xFF, 0xFF, 0xC0, 0x07, 0xF0, 0x00, 0x00, 0x1F, 0xC0, 0x00, 0x00, 0x7F, 0x00, 0x00, 0x01,
    0xFC, 0x00, 0x00, 0x07, 0xF0, 0x00, 0x00, 0x1F, 0xC0, 0x00, 0x00, 0x7F, 0x00, 0x00, 0x01, 0xFC,
    0x00, 0x00, 0x07, 0xF0, 0x00, 0x00, 0x1F, 0xC0, 0x00, 0x00, 0x7F, 0x00, 0x00, 0x01, 0xFC, 0x00,
    0x00, 0x07, 0xF0, 0x00, 0x00, 0x1F, 0xC0, 0x00, 0x00, 0x7F, 0x00, 0x00, 0x01, 0xFC, 0x00, 0x00,
    0x07, 0xF0, 0x00, 0x00, 0x1F, 0xC0, 0x00, 0x00, 0x7F, 0x00, 0x00, 0x01, 0xFC, 0x00, 0x00, 0x07,
    0xF0, 0x00, 0x00, 0x1F, 0xC0, 0x02, 0x00, 0x7F, 0x00, 0x3F, 0xFF, 0xFF, 0xFF, 0xFF, 0xFF, 0xFF,
    0xFF, 0xFF, 0xFF, 0xFF, 0xFF, 0xFF, 0xFF, 0xFF, 0xFF, 0xFF, 0xFF, 0xFF, 0xFF, 0xE3, 0xF1, 0xFF,
    0x00, 0x0F, 0xC0, 0x00, 0x00, 0x3F, 0x00, 0x00, 0x00, 0xFC, 0x00, 0x00, 0x03, 0xF0, 0x00, 0x00,
    0x0F, 0xC0, 0x00, 0x00, 0x3F, 0x00, 0x00, 0x00, 0xFC, 0x00, 0x00, 0x03, 0xF0, 0x00, 0x00, 0x0F,
    0xC0, 0x00, 0x00, 0x3F, 0x00, 0x00, 0x00, 0xFC, 0x00, 0x00, 0x03, 0xF0, 0x00, 0x00, 0x0F, 0xC0,
    0x00, 0x00, 0xFC, 0x00, 0x1F, 0xFE, 0x00, 0xFF, 0xFC, 0x07, 0xFF, 0xF8, 0x3F, 0xFF, 0xF1, 0xFF,
    0xFF, 0xE7, 0xFF, 0xFF, 0x9F, 0xFF, 0xFE, 0xFF, 0xFF, 0xFF, 0xFF, 0xFF, 0xFF, 0xFF, 0xFF, 0xFF,
    0xFF, 0xFF, 0xFF, 0xFF, 0xFF, 0xFF, 0xFF, 0xF7, 0xFF, 0xFF, 0x9F, 0xFF, 0xFE, 0x7F, 0xFF, 0xF8,
    0xFF, 0xFF, 0xC1, 0xFF, 0xFE, 0x03, 0xFF, 0xF0, 0x07, 0xFF, 0x80, 0x03, 0xF0, 0x00, 0x3E, 0x00,
    0x00, 0xF8, 0x00, 0x07, 0xC7, 0xF0, 0x00, 0x1F, 0xC0, 0x00, 0xFE, 0xFF, 0x80, 0x03, 0xFE, 0x00,
    0x1F, 0xFF, 0xF8, 0x00, 0x3F, 0xE0, 0x01, 0xFF, 0xFF, 0x80, 0x03, 0xFE, 0x00, 0x1F, 0xFF, 0xF8,
    0x00, 0x3F, 0xE0, 0x01, 0xFF, 0x7F, 0x00, 0x01, 0xFC, 0x00, 0x0F, 0xE3, 0xE0, 0x00, 0x0F, 0x80,
    0x00, 0x7C, 0x00, 0x00, 0x00, 0x00, 0x00, 0x0E, 0x00, 0x00, 0x00, 0x00, 0x00, 0x00, 0x1F, 0xE0,
    0x00, 0x00, 0x03, 0xE0, 0x00, 0x00, 0x00, 0x00, 0x00, 0x1F, 0xFE, 0x00, 0x00, 0x01, 0xFC, 0x00,
    0x00, 0x00, 0x00, 0x00, 0x1F, 0xFF, 0xE0, 0x00, 0x00, 0xFE, 0x00, 0x00, 0x00, 0x00, 0x00, 0x0F,
    0xFF, 0xFC, 0x00, 0x00, 0x7F, 0x00, 0x00, 0x00, 0x00, 0x00, 0x07, 0xFF, 0xFF, 0x80, 0x00, 0x1F,
    0xC0, 0x00, 0x00, 0x00, 0x00, 0x03, 0xFF, 0xFF, 0xF0, 0x00, 0x0F, 0xE0, 0x00, 0x00, 0x00, 0x00,
    0x00, 0xFF, 0x87, 0xFC, 0x00, 0x07, 0xF0, 0x00, 0x00, 0x00, 0x00, 0x00, 0x7F, 0x80, 0x7F, 0x80,
    0x03, 0xF8, 0x00, 0x00, 0x00, 0x00, 0x00, 0x1F, 0xC0, 0x0F, 0xE0, 0x00, 0xFE, 0x00, 0x00, 0x00,
    0x00, 0x00, 0x07, 0xF0, 0x03, 0xF8, 0x00, 0x7F, 0x00, 0x00, 0x00, 0x00, 0x00, 0x03, 0xF8, 0x00,
    0x7F, 0x00, 0x3F, 0x80, 0x00, 0x00, 0x00, 0x00, 0x00, 0xFE, 0x00, 0x1F, 0xC0, 0x1F, 0xC0, 0x00,
    0x00, 0x00, 0x00, 0x00, 0x3F, 0x80, 0x07, 0xF0, 0x0F, 0xE0, 0x00, 0x00, 0x00, 0x00, 0x00, 0x0F,
    0xE0, 0x01, 0xFC, 0x03, 0xF8, 0x00, 0x00, 0x00, 0x00, 0x00, 0x03, 0xF8, 0x00, 0x7F, 0x01, 0xFC,
    0x00, 0x00, 0x00, 0x00, 0x00, 0x00, 0xFE, 0x00, 0x1F, 0xC0, 0xFE, 0x00, 0x00, 0x00, 0x00, 0x00,
    0x00, 0x3F, 0xC0, 0x0F, 0xF0, 0x7F, 0x00, 0x00, 0x00, 0x00, 0x00, 0x00, 0x07, 0xF0, 0x03, 0xF8,
    0x1F, 0xC0, 0x00, 0x00, 0x00, 0x00, 0x00, 0x01, 0xFE, 0x01, 0xFE, 0x0F, 0xE0, 0x00, 0x00, 0x00,
    0x00, 0x00, 0x00, 0x7F, 0x80, 0xFF, 0x87, 0xF0, 0x00, 0x00, 0x00, 0x00, 0x00, 0x00, 0x0F, 0xF8,
    0x7F, 0xC3, 0xF8, 0x00, 0x00, 0x00, 0x00, 0x00, 0x00, 0x03, 0xFF, 0xFF, 0xF1, 0xFC, 0x00, 0x00,
    0x00, 0x00, 0x00, 0x00, 0x00, 0x7F, 0xFF, 0xF8, 0x7F, 0x01, 0xFC, 0x00, 0x00, 0x03, 0xFC, 0x00,
    0x0F, 0xFF, 0xFC, 0x3F, 0x83, 0xFF, 0xE0, 0x00, 0x07, 0xFF, 0xC0, 0x01, 0xFF, 0xFE, 0x1F, 0xC3,
    0xFF, 0xFE, 0x00, 0x03, 0xFF, 0xFC, 0x00, 0x1F, 0xFE, 0x0F, 0xE1, 0xFF, 0xFF, 0xC0, 0x03, 0xFF,
    0xFF, 0xC0, 0x01, 0xFE, 0x03, 0xF8, 0xFF, 0xFF, 0xF8, 0x01, 0xFF, 0xFF, 0xF8, 0x00, 0x00, 0x01,
    0xFC, 0x7F, 0xFF, 0xFF, 0x00, 0x7F, 0xFF, 0xFE, 0x00, 0x00, 0x00, 0xFE, 0x3F, 0xE0, 0x7F, 0xE0,
    0x3F, 0xE0, 0xFF, 0xC0, 0x00, 0x00, 0x7F, 0x1F, 0xF0, 0x07, 0xFC, 0x1F, 0xF0, 0x0F, 0xF8, 0x00,
    0x00, 0x3F, 0x87, 0xF8, 0x00, 0xFF, 0x07, 0xF8, 0x01, 0xFE, 0x00, 0x00, 0x0F, 0xE1, 0xFC, 0x00,
    0x1F, 0xC1, 0xFC, 0x00, 0x3F, 0x80, 0x00, 0x07, 0xF0, 0xFF, 0x00, 0x07, 0xF8, 0xFF, 0x00, 0x0F,
    0xF0, 0x00, 0x03, 0xF8, 0x3F, 0x80, 0x00, 0xFE, 0x3F, 0x80, 0x01, 0xFC, 0x00, 0x01, 0xFC, 0x0F,
    0xE0, 0x00, 0x3F, 0x8F, 0xE0, 0x00, 0x7F, 0x00, 0x00, 0x7F, 0x03, 0xF8, 0x00, 0x0F, 0xE3, 0xF8,
    0x00, 0x1F, 0xC0, 0x00, 0x3F, 0x80, 0xFE, 0x00, 0x03, 0xF8, 0xFE, 0x00, 0x07, 0xF0, 0x00, 0x1F,
    0xC0, 0x3F, 0x80, 0x00, 0xFE, 0x3F, 0x80, 0x01, 0xFC, 0x00, 0x0F, 0xE0, 0x0F, 0xF0, 0x00, 0x7F,
    0x8F, 0xF0, 0x00, 0xFF, 0x00, 0x07, 0xF0, 0x01, 0xFC, 0x00, 0x1F, 0xC1, 0xFC, 0x00, 0x3F, 0x80,
    0x01, 0xFC, 0x00, 0x7F, 0x80, 0x0F, 0xF0, 0x7F, 0x80, 0x1F, 0xE0, 0x00, 0xFE, 0x00, 0x1F, 0xF0,
    0x07, 0xFC, 0x1F, 0xF0, 0x0F, 0xF8, 0x00, 0x7F, 0x00, 0x03, 0xFF, 0x07, 0xFE, 0x03, 0xFE, 0x0F,
    0xFC, 0x00, 0x3F, 0x80, 0x00, 0x7F, 0xFF, 0xFF, 0x00, 0x7F, 0xFF, 0xFE, 0x00, 0x0F, 0xE0, 0x00,
    0x0F, 0xFF, 0xFF, 0x80, 0x1F, 0xFF, 0xFF, 0x80, 0x07, 0xF0, 0x00, 0x01, 0xFF, 0xFF, 0xC0, 0x03,
    0xFF, 0xFF, 0xC0, 0x03, 0xF8, 0x00, 0x00, 0x3F, 0xFF, 0xE0, 0x00, 0x3F, 0xFF, 0xC0, 0x00, 0xFC,
    0x00, 0x00, 0x03, 0xFF, 0xE0, 0x00, 0x07, 0xFF, 0xE0, 0x00, 0x1E, 0x00, 0x00, 0x00, 0x1F, 0xE0,
    0x00, 0x00, 0x3F, 0xC0, 0x00, 0x01, 0x80, 0x00, 0x00, 0x00, 0x00, 0x00, 0x00, 0x00, 0x00, 0x00,
    0x00, 0xC0, 0x07, 0x80, 0x7E, 0x07, 0xF0, 0x3F, 0x03, 0xF0, 0x3F, 0x81, 0xF8, 0x1F, 0x81, 0xFC,
    0x0F, 0xC0, 0xFC, 0x07, 0xE0, 0x7E, 0x03, 0xF0, 0x1F, 0xC0, 0x7E, 0x01, 0xF8, 0x0F, 0xE0, 0x3F,
    0x00, 0xFC, 0x07, 0xF0, 0x1F, 0x80, 0x7E, 0x03, 0xF0, 0x0F, 0xC0, 0x7C, 0x01, 0x80, 0x30, 0x03,
    0xC0, 0x3F, 0x01, 0xF8, 0x07, 0xE0, 0x3F, 0x80, 0xFC, 0x03, 0xF0, 0x1F, 0xC0, 0x7E, 0x03, 0xF8,
    0x0F, 0xC0, 0x3F, 0x01, 0xFC, 0x0F, 0xE0, 0x7E, 0x07, 0xF0, 0x3F, 0x03, 0xF0, 0x3F, 0x81, 0xF8,
    0x1F, 0x81, 0xFC, 0x0F, 0xC0, 0xFC, 0x07, 0xE0, 0x1E, 0x00, 0x70, 0x00, 0x3C, 0x7E, 0xFF, 0xFF,
    0xFF, 0xFF, 0x7E, 0x3C,
};

static const EpdGlyph steinem_32_regularGlyphs[] = {
    { 1, 1, 297, 0, 1, 1, 0 }, // U+0020
    { 8, 48, 259, 5, 47, 48, 1 }, // !
    { 19, 16, 472, 6, 47, 38, 49 }, // "
    { 33, 47, 585, 2, 47, 194, 87 }, // #
    { 30, 57, 581, 4, 52, 214, 281 }, // $
    { 64, 51, 1190, 5, 49, 408, 495 }, // %
    { 45, 49, 755, 2, 48, 276, 903 }, // &
    { 7, 16, 253, 5, 47, 14, 1179 }, // '
    { 15, 59, 276, 3, 49, 111, 1193 }, // (
    { 15, 59, 276, 0, 49, 111, 1304 }, // )
    { 26, 25, 457, 2, 49, 82, 1415 }, // *
    { 35, 34, 586, 2, 37, 149, 1497 }, // +
    { 11, 16, 271, 3, 8, 22, 1646 }, // ,
    { 16, 5, 334, 3, 16, 10, 1668 }, // -
    { 8, 8, 259, 5, 8, 8, 1678 }, // .
    { 25, 49, 381, 0, 48, 154, 1686 }, // /
    { 32, 49, 584, 3, 48, 196, 1840 }, // 0
    { 19, 47, 566, 9, 47, 112, 2036 }, // 1
    { 31, 48, 584, 2, 48, 186, 2148 }, // 2
    { 30, 49, 581, 2, 48, 184, 2334 }, // 3
    { 34, 47, 584, 2, 47, 200, 2518 }, // 4
    { 29, 48, 581, 4, 47, 174, 2718 }, // 5
    { 32, 49, 584, 3, 48, 196, 2892 }, // 6
    { 29, 47, 582, 4, 47, 171, 3088 }, // 7
    { 30, 49, 582, 4, 48, 184, 3259 }, // 8
    { 32, 49, 584, 2, 48, 196, 3443 }, // 9
    { 8, 32, 259, 5, 31, 32, 3639 }, // :
    { 11, 40, 271, 3, 31, 55, 3671 }, // ;
    { 34, 34, 586, 2, 37, 145, 3726 }, // <
    { 34, 16, 586, 2, 27, 68, 3871 }, // =
    { 34, 34, 586, 2, 37, 145, 3939 }, // >
    { 27, 49, 496, 2, 48, 166, 4084 }, // ?
    { 47, 49, 836, 3, 48, 288, 4250 }, // @
    { 44, 47, 705, 0, 47, 259, 4538 }, // A
    { 36, 47, 667, 3, 47, 212, 4797 }, // B
    { 36, 49, 649, 3, 48, 221, 5009 }, // C
    { 40, 47, 718, 3, 47, 235, 5230 }, // D
    { 34, 47, 582, 3, 47, 200, 5465 }, // E
    { 32, 47, 543, 2, 47, 188, 5665 }, // F
    { 38, 49, 693, 3, 48, 233, 5853 }, // G
    { 43, 47, 774, 3, 47, 253, 6086 }, // H
    { 14, 47, 291, 2, 47, 83, 6339 }, // I
    { 23, 48, 373, -1, 47, 138, 6422 }, // J
    { 41, 47, 706, 3, 47, 241, 6560 }, // K
    { 34, 47, 578, 3, 47, 200, 6801 }, // L
    { 56, 47, 980, 3, 47, 329, 7001 }, // M
    { 47, 47, 815, 3, 47, 277, 7330 }, // N
    { 45, 49, 804, 3, 48, 276, 7607 }, // O
    { 35, 47, 605, 2, 47, 206, 7883 }, // P
    { 46, 60, 805, 4, 49, 345, 8089 }, // Q
    { 38, 47, 644, 2, 47, 224, 8434 }, // R
    { 30, 49, 532, 2, 48, 184, 8658 }, // S
    { 36, 47, 572, 0, 47, 212, 8842 }, // T
    { 44, 48, 765, 2, 47, 264, 9054 }, // U
    { 44, 47, 706, 0, 47, 259, 9318 }, // V
    { 67, 47, 1066, 0, 47, 394, 9577 }, // W
    { 43, 47, 687, 0, 47, 253, 9971 }, // X
    { 40, 47, 624, 0, 47, 235, 10224 }, // Y
    { 34, 47, 577, 2, 47, 200, 10459 }, // Z
    { 11, 57, 252, 4, 47, 79, 10659 }, // [
    { 25, 49, 381, 0, 48, 154, 10738 }, // <backslash>
    { 11, 57, 252, 2, 47, 79, 10892 }, // ]
    { 34, 29, 689, 5, 46, 124, 10971 }, // ^
    { 33, 5, 533, 0, -3, 21, 11095 }, // _
    { 15, 12, 512, 9, 45, 23, 11116 }, // `
    { 33, 33, 553, 2, 32, 137, 11139 }, // a
    { 37, 52, 608, -1, 51, 241, 11276 }, // b
    { 26, 33, 466, 2, 32, 108, 11517 }, // c
    { 37, 52, 622, 3, 51, 241, 11625 }, // d
    { 29, 33, 533, 3, 32, 120, 11866 }, // e
    { 23, 51, 316, 0, 51, 147, 11986 }, // f
    { 32, 48, 605, 3, 32, 192, 12133 }, // g
    { 38, 52, 585, -1, 52, 247, 12325 }, // h
    { 18, 47, 265, 0, 47, 106, 12572 }, // i
    { 16, 63, 247, -3, 47, 126, 12678 }, // j
    { 37, 51, 534, -1, 51, 236, 12804 }, // k
    { 17, 52, 250, -1, 52, 111, 13040 }, // l
    { 57, 32, 909, 1, 32, 228, 13151 }, // m
    { 38, 32, 605, 1, 32, 152, 13379 }, // n
    { 31, 33, 554, 2, 32, 128, 13531 }, // o
    { 36, 47, 623, 1, 32, 212, 13659 }, // p
    { 32, 47, 605, 3, 32, 188, 13871 }, // q
    { 25, 32, 401, 1, 32, 100, 14059 }, // r
    { 23, 33, 416, 2, 32, 95, 14159 }, // s
    { 22, 41, 329, 0, 41, 113, 14254 }, // t
    { 38, 32, 604, 0, 31, 152, 14367 }, // u
    { 35, 32, 536, -1, 32, 140, 14519 }, // v
    { 52, 31, 816, -1, 31, 202, 14659 }, // w
    { 32, 33, 515, 1, 32, 132, 14861 }, // x
    { 33, 47, 580, 0, 31, 194, 14993 }, // y
    { 28, 32, 462, 1, 32, 112, 15187 }, // z
    { 17, 57, 314, 2, 47, 122, 15299 }, // {
    { 5, 49, 188, 4, 48, 31, 15421 }, // |
    { 17, 57, 314, 2, 47, 122, 15452 }, // }
    { 32, 9, 688, 6, 23, 36, 15574 }, // ~
    { 8, 47, 259, 5, 32, 47, 15610 }, // U+00A1
    { 26, 47, 577, 6, 47, 153, 15657 }, // U+00A2
    { 35, 48, 577, 1, 48, 210, 15810 }, // U+00A3
    { 39, 49, 649, 0, 48, 239, 16020 }, // U+00A4
    { 38, 47, 587, 0, 47, 224, 16259 }, // U+00A5
    { 5, 49, 188, 4, 48, 31, 16483 }, // U+00A6
    { 27, 58, 564, 5, 49, 196, 16514 }, // U+00A7
    { 20, 7, 524, 7, 43, 18, 16710 }, // U+00A8
    { 50, 49, 837, 2, 48, 307, 16728 }, // U+00A9
    { 21, 20, 375, 2, 47, 53, 17035 }, // U+00AA
    { 25, 28, 513, 4, 30, 88, 17088 }, // U+00AB
    { 36, 16, 586, 1, 27, 72, 17176 }, // U+00AC
    { 50, 49, 837, 2, 48, 307, 17248 }, // U+00AE
    { 22, 4, 526, 6, 34, 11, 17555 }, // U+00AF
    { 19, 19, 404, 4, 49, 46, 17566 }, // U+00B0
    { 35, 37, 586, 2, 37, 162, 17612 }, // U+00B1
    { 21, 26, 607, 8, 47, 69, 17774 }, // U+00B2
    { 20, 26, 605, 9, 47, 65, 17843 }, // U+00B3
    { 15, 12, 512, 9, 45, 23, 17908 }, // U+00B4
    { 38, 47, 604, 0, 32, 224, 17931 }, // U+00B5
    { 41, 63, 662, 1, 47, 323, 18155 }, // U+00B6
    { 8, 8, 259, 5, 22, 8, 18478 }, // U+00B7
    { 15, 14, 513, 9, 1, 27, 18486 }, // U+00B8
    { 12, 25, 582, 12, 47, 38, 18513 }, // U+00B9
    { 21, 20, 374, 2, 47, 53, 18551 }, // U+00BA
    { 25, 28, 513, 4, 30, 88, 18604 }, // U+00BB
    { 53, 51, 1186, 13, 49, 338, 18692 }, // U+00BC
    { 54, 51, 1186, 13, 49, 345, 19030 }, // U+00BD
    { 56, 51, 1188, 10, 49, 357, 19375 }, // U+00BE
    { 27, 48, 496, 4, 32, 162, 19732 }, // U+00BF
    { 44, 59, 704, 0, 59, 325, 19894 }, // U+00C0
    { 44, 59, 704, 0, 59, 325, 20219 }, // U+00C1
    { 44, 60, 704, 0, 60, 330, 20544 }, // U+00C2
    { 44, 59, 704, 0, 59, 325, 20874 }, // U+00C3
    { 44, 58, 704, 0, 58, 319, 21199 }, // U+00C4
    { 44, 58, 706, 0, 58, 319, 21518 }, // U+00C5
    { 62, 47, 989, 0, 47, 365, 21837 }, // U+00C6
    { 36, 64, 649, 3, 49, 288, 22202 }, // U+00C7
    { 34, 59, 582, 3, 59, 251, 22490 }, // U+00C8
    { 34, 59, 582, 3, 59, 251, 22741 }, // U+00C9
    { 34, 60, 582, 3, 60, 255, 22992 }, // U+00CA
    { 34, 58, 582, 3, 58, 247, 23247 }, // U+00CB
    { 21, 59, 301, -2, 59, 155, 23494 }, // U+00CC
    { 21, 59, 301, 0, 59, 155, 23649 }, // U+00CD
    { 26, 60, 305, -3, 60, 195, 23804 }, // U+00CE
    { 24, 58, 303, -2, 58, 174, 23999 }, // U+00CF
    { 40, 47, 719, 3, 47, 235, 24173 }, // U+00D0
    { 47, 59, 815, 2, 59, 347, 24408 }, // U+00D1
    { 45, 60, 804, 3, 59, 338, 24755 }, // U+00D2
    { 45, 60, 804, 3, 59, 338, 25093 }, // U+00D3
    { 45, 61, 804, 3, 60, 344, 25431 }, // U+00D4
    { 45, 60, 804, 3, 59, 338, 25775 }, // U+00D5
    { 45, 59, 804, 3, 58, 332, 26113 }, // U+00D6
    { 30, 30, 582, 4, 35, 113, 26445 }, // U+00D7
    { 45, 51, 804, 3, 50, 287, 26558 }, // U+00D8
    { 44, 60, 765, 2, 59, 330, 26845 }, // U+00D9
    { 43, 60, 765, 3, 59, 323, 27175 }, // U+00DA
    { 44, 61, 765, 2, 60, 336, 27498 }, // U+00DB
    { 43, 59, 765, 3, 58, 318, 27834 }, // U+00DC
    { 40, 59, 626, 0, 59, 295, 28152 }, // U+00DD
    { 34, 47, 605, 3, 47, 200, 28447 }, // U+00DE
    { 31, 52, 608, 5, 51, 202, 28647 }, // U+00DF
    { 33, 46, 575, 2, 45, 190, 28849 }, // U+00E0
    { 33, 47, 575, 2, 46, 194, 29039 }, // U+00E1
    { 33, 47, 575, 2, 46, 194, 29233 }, // U+00E2
    { 33, 43, 575, 2, 42, 178, 29427 }, // U+00E3
    { 33, 40, 575, 2, 39, 165, 29605 }, // U+00E4
    { 33, 48, 575, 2, 47, 198, 29770 }, // U+00E5
    { 49, 33, 842, 2, 32, 203, 29968 }, // U+00E6
    { 26, 46, 466, 3, 32, 150, 30171 }, // U+00E7
    { 29, 47, 558, 3, 46, 171, 30321 }, // U+00E8
    { 29, 47, 558, 3, 46, 171, 30492 }, // U+00E9
    { 29, 47, 558, 3, 46, 171, 30663 }, // U+00EA
    { 29, 41, 558, 3, 40, 149, 30834 }, // U+00EB
    { 17, 45, 286, 0, 45, 96, 30983 }, // U+00EC
    { 17, 45, 286, 0, 45, 96, 31079 }, // U+00ED
    { 21, 46, 286, -2, 46, 121, 31175 }, // U+00EE
    { 20, 40, 286, -2, 40, 100, 31296 }, // U+00EF
    { 31, 52, 577, 3, 51, 202, 31396 }, // U+00F0
    { 38, 42, 626, 1, 42, 200, 31598 }, // U+00F1
    { 31, 46, 597, 3, 45, 179, 31798 }, // U+00F2
    { 31, 46, 597, 3, 45, 179, 31977 }, // U+00F3
    { 31, 47, 597, 3, 46, 183, 32156 }, // U+00F4
    { 31, 43, 597, 3, 42, 167, 32339 }, // U+00F5
    { 31, 40, 597, 3, 39, 155, 32506 }, // U+00F6
    { 34, 30, 586, 2, 35, 128, 32661 }, // U+00F7
    { 31, 34, 573, 3, 33, 132, 32789 }, // U+00F8
    { 38, 46, 625, 0, 45, 219, 32921 }, // U+00F9
    { 38, 46, 625, 0, 45, 219, 33140 }, // U+00FA
    { 38, 46, 625, 0, 45, 219, 33359 }, // U+00FB
    { 38, 40, 625, 0, 39, 190, 33578 }, // U+00FC
    { 33, 61, 605, 0, 45, 252, 33768 }, // U+00FD
    { 37, 66, 623, 0, 51, 306, 34020 }, // U+00FE
    { 33, 55, 605, 0, 39, 227, 34326 }, // U+00FF
    { 57, 47, 966, 3, 47, 335, 34553 }, // U+0152
    { 52, 33, 911, 3, 32, 215, 34888 }, // U+0153
    { 30, 61, 532, 2, 60, 229, 35103 }, // U+0160
    { 23, 47, 440, 2, 46, 136, 35332 }, // U+0161
    { 40, 58, 626, 0, 58, 290, 35468 }, // U+0178
    { 33, 5, 533, 0, 16, 21, 35758 }, // U+2013
    { 67, 5, 1067, 0, 16, 42, 35779 }, // U+2014
    { 11, 16, 271, 4, 48, 22, 35821 }, // U+2018
    { 11, 16, 271, 4, 49, 22, 35843 }, // U+2019
    { 11, 16, 271, 3, 8, 22, 35865 }, // U+201A
    { 24, 16, 479, 4, 48, 48, 35887 }, // U+201C
    { 24, 16, 479, 4, 49, 48, 35935 }, // U+201D
    { 24, 16, 479, 3, 8, 48, 35983 }, // U+201E
    { 31, 61, 575, 3, 50, 237, 36031 }, // U+2020
    { 30, 61, 574, 4, 50, 229, 36268 }, // U+2021
    { 22, 22, 510, 6, 34, 61, 36497 }, // U+2022
    { 52, 8, 1040, 7, 8, 52, 36558 }, // U+2026
    { 90, 51, 1486, 3, 49, 574, 36610 }, // U+2030
    { 13, 28, 310, 4, 30, 46, 37184 }, // U+2039
    { 13, 28, 310, 4, 30, 46, 37230 }, // U+203A
    { 8, 8, 259, 5, 22, 8, 37276 }, // U+2219
};

static const EpdUnicodeInterval steinem_32_regularIntervals[] = {
    { 0x20, 0x7E, 0x0 },
    { 0xA1, 0xAC, 0x5F },
    { 0xAE, 0xFF, 0x6B },
    { 0x152, 0x153, 0xBD },
    { 0x160, 0x161, 0xBF },
    { 0x178, 0x178, 0xC1 },
    { 0x2013, 0x2014, 0xC2 },
    { 0x2018, 0x201A, 0xC4 },
    { 0x201C, 0x201E, 0xC7 },
    { 0x2020, 0x2022, 0xCA },
    { 0x2026, 0x2026, 0xCD },
    { 0x2030, 0x2030, 0xCE },
    { 0x2039, 0x203A, 0xCF },
    { 0x2219, 0x2219, 0xD1 },
};

static const EpdFontData steinem_32_regular = {
    steinem_32_regularBitmaps,
    steinem_32_regularGlyphs,
    steinem_32_regularIntervals,
    14,
    62,
    48,
    -15,
    false,
    nullptr,
    0,
    nullptr,
    nullptr,
    nullptr,
    nullptr,
    nullptr,
    nullptr,
    nullptr,
    nullptr,
    nullptr,
    nullptr,
    nullptr,
    0,
    0,
    0,
    0,
    nullptr,
    0,
};
