/**
 * generated by fontconvert.py
 * name: youngserif_12_bold
 * size: 12
 * mode: 2-bit  compressed: true
 * Command used: fontconvert.py youngserif_12_bold 12 ../builtinFonts/source/YoungSerif/YoungSerif-Bold.ttf --2bit --compress --pnum --zopfli
 */
#pragma once
#include "EpdFontData.h"

static const uint8_t youngserif_12_boldBitmaps[14204] = {
    0x8D, 0x98, 0x31, 0x90, 0x1D, 0xB7, 0x79, 0xC7, 0x7F, 0xBB, 0x90, 0xB8, 0x1A, 0x63, 0x12, 0xB0,
    0x48, 0x47, 0x93, 0x9B, 0x22, 0xA5, 0x48, 0x14, 0x6E, 0xE8, 0x99, 0xBB, 0x03, 0x46, 0x2A, 0x52,
    0xA4, 0x71, 0xE5, 0xBE, 0x48, 0x99, 0x99, 0x34, 0xCC, 0x0C, 0x8B, 0xBB, 0x5B, 0x38, 0xEE, 0x47,
    0xEC, 0x2B, 0x15, 0x6E, 0x9C, 0x14, 0x61, 0xC1, 0x82, 0x99, 0x39, 0x6A, 0xE1, 0xB0, 0x48, 0xA1,
    0x42, 0x10, 0x55, 0xA8, 0x70, 0xA1, 0x4D, 0xC2, 0x49, 0x2A, 0x9B, 0x90, 0xB5, 0xB6, 0x97, 0xE3,
    0x7D, 0xFB, 0x05, 0x78, 0x77, 0x77, 0x43, 0x52, 0x1C, 0xC9, 0x0F, 0xF8, 0xFF, 0x1E, 0xDE, 0xE2,
    0xC3, 0x7F, 0x3E, 0x60, 0xBF, 0x7D, 0xF7, 0xE6, 0x6E, 0x32, 0xF8, 0x31, 0x8C, 0x7E, 0xC0, 0xE1,
    0x38, 0x2A, 0xED, 0x0E, 0xB7, 0xF7, 0x6D, 0xF0, 0x83, 0xBF, 0xCD, 0xD1, 0xD1, 0xE1, 0xD1, 0xE1,
    0xED, 0xF7, 0x6F, 0xBF, 0xFF, 0x43, 0xBA, 0x90, 0x41, 0xFF, 0xAC, 0xC0, 0x7C, 0x30, 0x15, 0xA8,
    0x84, 0x16, 0x91, 0x8A, 0x0D, 0x0E, 0x75, 0x80, 0x03, 0xE3, 0xE1, 0xD8, 0x00, 0x8F, 0x7B, 0x70,
    0x22, 0x0B, 0x83, 0xC8, 0x4C, 0x93, 0x0F, 0xA0, 0x4D, 0xF7, 0x41, 0xC5, 0x47, 0x54, 0x16, 0xA5,
    0x73, 0x8D, 0xFF, 0x13, 0x3B, 0x91, 0x64, 0xBE, 0x78, 0x31, 0xF5, 0x4F, 0x9F, 0xE5, 0xFE, 0x8B,
    0xF4, 0xD0, 0xFC, 0x29, 0xD1, 0xC9, 0x44, 0x23, 0xE2, 0xB9, 0x21, 0x19, 0xF5, 0x62, 0xBD, 0xA7,
    0x9E, 0xAD, 0x27, 0x2A, 0xED, 0xDC, 0x87, 0x69, 0xED, 0xFF, 0xF8, 0x6C, 0xD5, 0x22, 0x59, 0x7D,
    0xBA, 0xF9, 0x2B, 0x9F, 0xC6, 0xD3, 0x2E, 0x40, 0x3F, 0x52, 0x13, 0x89, 0x9A, 0x7B, 0x2A, 0xDD,
    0xE4, 0xB1, 0x9A, 0xEE, 0x72, 0xD6, 0x4E, 0x13, 0x27, 0xCD, 0xB3, 0x88, 0xFD, 0xF0, 0x53, 0xD0,
    0x72, 0x13, 0x9A, 0x5F, 0xDC, 0xB5, 0x09, 0xBE, 0xDE, 0xDD, 0xA7, 0x7D, 0x9A, 0x6F, 0xD3, 0x75,
    0xF1, 0x16, 0x37, 0xBB, 0x78, 0x87, 0xBB, 0x5D, 0x38, 0x22, 0xAB, 0x70, 0xD2, 0xC6, 0xF6, 0xF3,
    0xA5, 0xF3, 0x0C, 0x13, 0x00, 0xFB, 0xF7, 0x56, 0x56, 0xE8, 0xD2, 0x09, 0xE8, 0x78, 0x58, 0x90,
    0xFE, 0x1E, 0x54, 0xEE, 0x24, 0xB5, 0xAB, 0x92, 0xC4, 0xC8, 0x09, 0xD7, 0x24, 0xDE, 0xC3, 0x7E,
    0x9A, 0x33, 0xAE, 0xDD, 0x25, 0x4E, 0x91, 0xC8, 0x80, 0x8B, 0x38, 0x3F, 0x64, 0x7A, 0xF9, 0x83,
    0x84, 0x56, 0xC2, 0x3F, 0xC6, 0xA3, 0xC3, 0xC3, 0xF7, 0xDF, 0x07, 0x6E, 0x96, 0xFC, 0x72, 0x97,
    0x4C, 0xEC, 0xBD, 0xC5, 0x71, 0xB4, 0x6F, 0x0E, 0x87, 0xF5, 0x26, 0xE8, 0xA8, 0x26, 0x66, 0x0E,
    0x79, 0x07, 0xEE, 0x71, 0x07, 0x13, 0xBA, 0xA4, 0x72, 0x33, 0xB3, 0xB0, 0x72, 0xB6, 0x6F, 0x2B,
    0x6B, 0xB3, 0xB4, 0x59, 0x4D, 0xC5, 0x81, 0x63, 0xAE, 0xC3, 0x02, 0x8F, 0xB9, 0xFB, 0x28, 0x0F,
    0x3F, 0x9A, 0xFB, 0x7F, 0x7B, 0x50, 0xFA, 0xF8, 0xA3, 0xB9, 0x7C, 0xE4, 0x31, 0x2C, 0x70, 0x8B,
    0xD7, 0x64, 0x45, 0xBC, 0x2B, 0xAA, 0xE3, 0x37, 0x55, 0xCB, 0x63, 0x08, 0xD6, 0xF7, 0x1C, 0xF0,
    0x31, 0x83, 0x84, 0x51, 0xE2, 0x65, 0x69, 0x40, 0xBD, 0xB1, 0xB4, 0x13, 0x2A, 0xD1, 0x45, 0x4C,
    0xC0, 0x78, 0x2C, 0x1C, 0xC1, 0x31, 0x9C, 0x5D, 0xCC, 0xAB, 0xFD, 0xBC, 0xDE, 0xCF, 0xF7, 0x60,
    0xE1, 0xAF, 0x80, 0x31, 0xD0, 0xC9, 0x82, 0x89, 0x4F, 0x70, 0x17, 0x7B, 0x3D, 0xA5, 0x0F, 0x55,
    0x75, 0x5C, 0xAF, 0xF4, 0xF1, 0x93, 0x7D, 0x0C, 0xE3, 0x03, 0x00, 0xFE, 0x81, 0x71, 0x65, 0xCC,
    0xE8, 0x8C, 0x7A, 0xBD, 0x77, 0x99, 0x41, 0x18, 0xC5, 0xB7, 0xE2, 0x8D, 0x4C, 0xB6, 0xCB, 0x4E,
    0x65, 0xAB, 0x32, 0x26, 0xE1, 0x3C, 0x0B, 0x5D, 0xA2, 0xE7, 0x96, 0x93, 0x75, 0x90, 0xF9, 0xDA,
    0x86, 0x95, 0x78, 0x62, 0xD2, 0x99, 0x9E, 0x0E, 0x4D, 0xC2, 0x86, 0x66, 0x87, 0x96, 0x50, 0x7D,
    0xDB, 0x85, 0x66, 0xAD, 0x5D, 0x2D, 0xE8, 0xEC, 0x24, 0xDA, 0x97, 0x00, 0xF0, 0xEF, 0xC0, 0xE0,
    0xC1, 0x01, 0x03, 0xF0, 0x04, 0x9A, 0x05, 0x54, 0x06, 0xFD, 0xAB, 0x80, 0xFD, 0xDB, 0xC4, 0x49,
    0x97, 0x10, 0xD9, 0x8A, 0x04, 0xBA, 0xF4, 0xBA, 0xF8, 0xA1, 0x96, 0xD5, 0xC8, 0xDC, 0x43, 0x0F,
    0x77, 0xC0, 0xFD, 0x02, 0x27, 0x81, 0x7E, 0xA2, 0xCB, 0xA8, 0x19, 0xB5, 0x54, 0xEA, 0x4C, 0x9F,
    0x7E, 0x2A, 0x7E, 0x7C, 0x0E, 0x76, 0xA1, 0x11, 0xA1, 0x9B, 0xFA, 0x68, 0x82, 0xF6, 0xBD, 0x7F,
    0x17, 0x37, 0x26, 0x9C, 0xAC, 0xB8, 0x30, 0x32, 0xD4, 0x6A, 0xC2, 0x06, 0x47, 0xBF, 0x97, 0x0D,
    0xBD, 0x37, 0xC9, 0xA1, 0x64, 0xBD, 0x3A, 0xB1, 0x5E, 0x36, 0x9C, 0x08, 0x8F, 0x30, 0xC0, 0x01,
    0x30, 0x43, 0x3B, 0x41, 0x17, 0xC1, 0x5C, 0x6C, 0xE7, 0xEC, 0x95, 0xAD, 0x14, 0x99, 0x09, 0xFA,
    0x04, 0x76, 0x82, 0x6B, 0x1F, 0x43, 0x23, 0xC1, 0x48, 0xB6, 0x7E, 0x75, 0x1C, 0x97, 0x6E, 0xC3,
    0x62, 0xFE, 0x38, 0xB5, 0x12, 0x3B, 0x99, 0xED, 0x07, 0xEB, 0x09, 0xA7, 0x67, 0xB8, 0x63, 0xDC,
    0x11, 0x4F, 0x7A, 0x59, 0x5A, 0x09, 0xCD, 0xF8, 0x00, 0x2D, 0x0B, 0xD6, 0x6F, 0x38, 0x1C, 0xA7,
    0x65, 0x34, 0x9C, 0xDF, 0xD5, 0x60, 0xA3, 0x0B, 0x5A, 0x6A, 0xCC, 0xE8, 0xC1, 0xF1, 0x1E, 0xC5,
    0x91, 0x27, 0x9C, 0x36, 0x2B, 0x56, 0x32, 0xDD, 0xE6, 0xB9, 0xAC, 0xAE, 0xAB, 0xD7, 0xE5, 0x95,
    0x6F, 0xCF, 0xBC, 0x51, 0x9D, 0xD0, 0x06, 0xB0, 0x81, 0x56, 0x3C, 0x76, 0xBE, 0x7C, 0xC3, 0x4E,
    0xD0, 0x6E, 0x5C, 0x0C, 0x84, 0x1A, 0x53, 0x63, 0xC7, 0x5A, 0x0E, 0xCB, 0x95, 0x59, 0x19, 0x97,
    0x2B, 0xD5, 0xE6, 0x13, 0xC0, 0xBD, 0xB6, 0x68, 0xAB, 0xAA, 0xE3, 0xCB, 0xB7, 0x7D, 0x4C, 0x8D,
    0x2D, 0x29, 0x5B, 0x99, 0x4E, 0x55, 0x3E, 0x51, 0xCB, 0xA9, 0x9A, 0x7F, 0x7C, 0x5E, 0x74, 0x03,
    0xCD, 0x8C, 0x4A, 0xB4, 0x11, 0xA0, 0x4D, 0xE8, 0x5C, 0x7A, 0x1D, 0xD0, 0xCA, 0x73, 0xCE, 0x9F,
    0x39, 0x9A, 0x97, 0xE8, 0x89, 0x2E, 0xC2, 0xE3, 0x8B, 0x1B, 0x74, 0xBB, 0xDD, 0xDE, 0x35, 0xDC,
    0x35, 0xF2, 0x1B, 0xCD, 0x3D, 0xC7, 0xAE, 0xF3, 0x0F, 0x8F, 0xD8, 0xA9, 0xF0, 0xF0, 0x84, 0x27,
    0x57, 0x3C, 0xE5, 0x49, 0xE7, 0xCB, 0xEC, 0x27, 0x3D, 0x07, 0x36, 0xC8, 0x8E, 0xDB, 0x46, 0xE4,
    0x63, 0x4C, 0xBB, 0xF3, 0xA0, 0x12, 0x00, 0xBB, 0x3D, 0xAD, 0x04, 0xA0, 0x91, 0x08, 0xA8, 0x19,
    0xD0, 0x2B, 0x60, 0x2A, 0x6E, 0x6D, 0xC0, 0xE1, 0x00, 0x1C, 0x38, 0x0F, 0x8F, 0x6D, 0x84, 0xDC,
    0x47, 0x9A, 0x6C, 0x26, 0x94, 0x48, 0xAE, 0x98, 0xD1, 0xA1, 0x5D, 0x31, 0xBE, 0xD9, 0xD1, 0xFB,
    0x46, 0x18, 0xB3, 0x91, 0x28, 0x15, 0xF5, 0xE4, 0x9C, 0x88, 0xD7, 0x65, 0x51, 0x97, 0x4D, 0xDA,
    0xAB, 0x8E, 0x65, 0xA3, 0x13, 0x09, 0x5D, 0xBE, 0x91, 0xBB, 0xAC, 0x96, 0x2E, 0x37, 0xEB, 0xB9,
    0xDA, 0x45, 0xCF, 0x7A, 0x76, 0x22, 0x69, 0x90, 0x0D, 0x6E, 0x6C, 0x9E, 0x46, 0x64, 0xA2, 0x5B,
    0xD4, 0x82, 0x99, 0x9A, 0x1D, 0x36, 0xB2, 0xE1, 0x22, 0xCF, 0x71, 0x01, 0xBE, 0x85, 0x48, 0x83,
    0x4D, 0x18, 0x4C, 0xE6, 0x0E, 0xDD, 0xC2, 0x19, 0x88, 0xE4, 0x73, 0xAB, 0x41, 0x5E, 0x42, 0x35,
    0x47, 0xE7, 0x6E, 0xA6, 0xCB, 0xEC, 0x2A, 0xC6, 0x0A, 0xB7, 0x87, 0xAF, 0x08, 0x05, 0xB6, 0xC2,
    0xF9, 0x4B, 0x0C, 0xE7, 0xC1, 0x7A, 0xEE, 0xF6, 0x3B, 0x9A, 0x18, 0x64, 0x77, 0x55, 0x12, 0x92,
    0xEA, 0xB5, 0xFD, 0xCD, 0xDB, 0x9B, 0xDE, 0xAD, 0xA0, 0xE0, 0x2F, 0x0A, 0x64, 0x77, 0x89, 0x7C,
    0xF3, 0xF2, 0x5A, 0x66, 0x0F, 0x5D, 0xF1, 0x97, 0xE8, 0x99, 0xE3, 0xAB, 0x3F, 0x83, 0xF9, 0xCA,
    0xB3, 0x5A, 0x56, 0xC7, 0x6A, 0x58, 0x54, 0x97, 0x56, 0x8F, 0x6A, 0x56, 0x75, 0xF1, 0x99, 0x4B,
    0x55, 0x1B, 0x9C, 0xC0, 0x20, 0x5C, 0x1D, 0x5C, 0xAE, 0x07, 0xB7, 0x5E, 0x1D, 0xDC, 0x82, 0x8B,
    0xF8, 0xCB, 0xE3, 0xB2, 0xE2, 0x5D, 0x70, 0x12, 0x5C, 0x54, 0xF5, 0x44, 0x6B, 0x48, 0x62, 0x87,
    0xD9, 0x9F, 0xCA, 0xDA, 0x2E, 0x20, 0x32, 0x55, 0xAB, 0xEA, 0xD9, 0xC8, 0xEA, 0x04, 0x59, 0xF5,
    0x8C, 0x4D, 0x5D, 0xA6, 0x8F, 0x6F, 0x42, 0x44, 0xCE, 0xF1, 0xB6, 0xD9, 0xFD, 0xB2, 0xBD, 0xC1,
    0xA5, 0x55, 0xE9, 0x7A, 0xA1, 0x9B, 0xBF, 0xA3, 0xD7, 0x80, 0xF3, 0xC8, 0xB2, 0xA4, 0x91, 0x05,
    0x9B, 0xE8, 0xE3, 0x5B, 0xFB, 0x7B, 0x7D, 0x3C, 0xEE, 0xE3, 0x6A, 0xC3, 0xB9, 0xED, 0x20, 0x46,
    0xBC, 0x13, 0x2D, 0x5E, 0xCF, 0xFB, 0xAF, 0x7E, 0x1D, 0x0B, 0x2C, 0x05, 0x67, 0x05, 0xBF, 0x9B,
    0x0B, 0x64, 0x2D, 0xD8, 0xA4, 0x60, 0x71, 0x81, 0x2E, 0xF7, 0xA9, 0xA0, 0xAB, 0xC1, 0xED, 0x8A,
    0x9E, 0xD9, 0xA8, 0x06, 0xB1, 0x5A, 0xA5, 0x41, 0xC0, 0x6D, 0xA0, 0x33, 0x74, 0xDF, 0xAF, 0xF7,
    0x8B, 0xEE, 0xEB, 0xB9, 0xC9, 0xF5, 0x1E, 0xEE, 0xEB, 0x03, 0x70, 0xB9, 0xCA, 0xCD, 0x30, 0x4E,
    0xDD, 0x0A, 0x42, 0xB7, 0xD1, 0x16, 0x0A, 0xAA, 0x32, 0x98, 0x17, 0x74, 0x5F, 0xC5, 0xFE, 0x33,
    0xBA, 0xCF, 0x26, 0xF7, 0x11, 0xDD, 0xD3, 0x3C, 0x18, 0xBA, 0xFF, 0x58, 0x76, 0x85, 0x71, 0x5B,
    0x2B, 0xC7, 0xB9, 0xD2, 0x65, 0x83, 0x8E, 0x36, 0xF5, 0xC1, 0x2D, 0x3F, 0x08, 0x63, 0x1E, 0x16,
    0x90, 0xEC, 0x26, 0xEC, 0xCE, 0x2D, 0xD8, 0xB5, 0xF8, 0xAA, 0xDC, 0x89, 0x57, 0xA9, 0x93, 0x54,
    0xF0, 0xD5, 0x5C, 0xF0, 0x9F, 0xBB, 0x82, 0x5F, 0x49, 0x41, 0x1C, 0x9F, 0x16, 0xD8, 0x6F, 0x0A,
    0xB4, 0x14, 0xB4, 0x15, 0x48, 0xD2, 0x11, 0x97, 0xDC, 0x82, 0x49, 0xC5, 0x50, 0xA5, 0xFD, 0x8D,
    0x67, 0x94, 0x09, 0x95, 0x6B, 0x0D, 0x45, 0x84, 0xDE, 0x33, 0x78, 0x07, 0x36, 0x16, 0xF4, 0x15,
    0x26, 0x9D, 0xC3, 0x63, 0xA2, 0x8D, 0x05, 0x7D, 0xA2, 0x0F, 0x3A, 0xE3, 0x50, 0x2B, 0x6B, 0x35,
    0xC8, 0xA0, 0xF7, 0x0F, 0x5F, 0x3D, 0x51, 0x49, 0x3A, 0xEB, 0xDC, 0xE5, 0xF6, 0xB5, 0x87, 0xBE,
    0xAB, 0xD7, 0x6A, 0xE9, 0x6C, 0xBF, 0x7C, 0xBD, 0xA6, 0x8B, 0xDC, 0x76, 0x55, 0xD3, 0x80, 0xBC,
    0x99, 0x8F, 0xFB, 0x56, 0x3E, 0xBE, 0x22, 0x5C, 0xE6, 0x63, 0x12, 0xD6, 0x77, 0x33, 0xA7, 0x34,
    0xDB, 0x4F, 0x17, 0x70, 0x92, 0xA0, 0x5D, 0x00, 0x95, 0x2B, 0xE6, 0x1F, 0x40, 0x2B, 0xE2, 0x61,
    0x78, 0xBE, 0xCF, 0x11, 0x27, 0x32, 0x5D, 0x7E, 0x41, 0xB4, 0x2B, 0x35, 0xC7, 0xCB, 0x51, 0xBD,
    0x26, 0x92, 0x2A, 0xF6, 0x25, 0x13, 0x0B, 0xCC, 0xB4, 0x9F, 0xB8, 0xAC, 0x9B, 0xE6, 0xD5, 0xBA,
    0x61, 0xFC, 0xEF, 0x58, 0x17, 0x98, 0xE9, 0x46, 0x36, 0xA9, 0x99, 0xCD, 0xC4, 0x3D, 0xB3, 0x40,
    0x27, 0xCF, 0x41, 0xC4, 0xA3, 0x25, 0x83, 0x5D, 0xEF, 0xD3, 0xEC, 0x8E, 0x60, 0xB3, 0x81, 0x9D,
    0x99, 0xCB, 0x99, 0x88, 0x64, 0xF5, 0xE5, 0xE6, 0x7B, 0x91, 0x1D, 0x4E, 0x44, 0x38, 0x56, 0xB3,
    0x09, 0x0F, 0xD5, 0xAC, 0x02, 0x6A, 0x86, 0x3F, 0x1B, 0x7A, 0x01, 0x9C, 0x5C, 0x60, 0x90, 0x56,
    0xA6, 0x61, 0x6B, 0x24, 0x99, 0x19, 0x87, 0xCE, 0xDC, 0xF9, 0x1E, 0x74, 0x17, 0x38, 0xAC, 0x76,
    0x07, 0xB4, 0xBB, 0xAB, 0x7B, 0x7A, 0x43, 0x3C, 0xB2, 0x53, 0x12, 0xC7, 0x5D, 0x2B, 0xD1, 0x4E,
    0x1C, 0x61, 0x26, 0x0E, 0xEA, 0xB2, 0xE3, 0x1A, 0xFC, 0x08, 0xB5, 0x90, 0x69, 0xD6, 0x66, 0x82,
    0x4D, 0x25, 0x18, 0x55, 0x04, 0xF7, 0x77, 0x1E, 0xEC, 0x67, 0x40, 0xFF, 0x5B, 0xC0, 0xEC, 0x80,
    0x6E, 0xBD, 0x48, 0x57, 0x76, 0xA6, 0xF8, 0xCD, 0x63, 0x7D, 0x1B, 0x66, 0x3B, 0xA9, 0x1D, 0x26,
    0xEE, 0xBF, 0xBD, 0x74, 0xAD, 0xA9, 0x0D, 0x53, 0xC3, 0x84, 0x1E, 0xB5, 0x34, 0xE2, 0x6F, 0x17,
    0x77, 0x25, 0xF1, 0x00, 0x76, 0xEA, 0xAB, 0x78, 0x1F, 0x46, 0xFD, 0xD1, 0x34, 0xC3, 0x60, 0x74,
    0xCE, 0xE0, 0x3E, 0x52, 0xBF, 0x9F, 0xA0, 0xFF, 0x4D, 0xFB, 0xA7, 0x08, 0x66, 0x6D, 0x24, 0x82,
    0x5E, 0x10, 0x0F, 0xDD, 0xCC, 0x00, 0x4E, 0x90, 0xEC, 0xB6, 0xF3, 0x27, 0xF2, 0x88, 0x66, 0x63,
    0x81, 0xE1, 0x9F, 0x33, 0xD8, 0x2F, 0x6B, 0xAC, 0x00, 0x6A, 0x9F, 0xA1, 0x00, 0xFD, 0x10, 0xE1,
    0xD0, 0x64, 0x58, 0xD4, 0x8A, 0x9A, 0x4A, 0xB8, 0x8E, 0x8C, 0x61, 0x9C, 0x5A, 0x99, 0xC7, 0xDC,
    0xCA, 0x32, 0xCA, 0x87, 0x12, 0x47, 0xF9, 0x40, 0xA2, 0x59, 0x79, 0x42, 0x89, 0x9A, 0x8B, 0x69,
    0x3B, 0xC1, 0xF8, 0x61, 0x04, 0xF7, 0x99, 0x07, 0xB3, 0x5D, 0xED, 0x78, 0x79, 0x0B, 0x56, 0xC0,
    0x8A, 0x07, 0x57, 0x4B, 0x4C, 0x64, 0x33, 0x22, 0x6B, 0xEF, 0x4D, 0x3E, 0xC0, 0x45, 0x10, 0x4F,
    0xBB, 0x9D, 0xAF, 0xEF, 0x33, 0xB8, 0xF4, 0xE6, 0x25, 0xE3, 0x52, 0xF3, 0x64, 0x14, 0x59, 0x8B,
    0x66, 0x3B, 0x0D, 0xF9, 0x84, 0xEF, 0x6B, 0xC3, 0xE4, 0xF2, 0x31, 0x1C, 0x81, 0x05, 0xE3, 0x31,
    0x81, 0x2E, 0xA2, 0x12, 0x6D, 0xA6, 0xC9, 0xB0, 0xC0, 0x19, 0x1C, 0xEC, 0x23, 0xFA, 0x7D, 0x84,
    0x7E, 0x25, 0x82, 0x9F, 0x0C, 0xD3, 0x90, 0xDB, 0xEF, 0x6D, 0x43, 0x69, 0xBC, 0x07, 0x58, 0x60,
    0x08, 0xF0, 0x4D, 0x42, 0xA5, 0x8C, 0xF1, 0xC7, 0xDC, 0xA1, 0xE7, 0x18, 0x1D, 0x06, 0x91, 0x30,
    0x16, 0x3D, 0x66, 0xE5, 0x94, 0xDE, 0x37, 0xBE, 0x9C, 0x1E, 0x46, 0x7E, 0x7B, 0xF1, 0x4B, 0xF1,
    0x94, 0xA3, 0xA2, 0xCB, 0xE6, 0x18, 0xB0, 0x41, 0xBC, 0x11, 0x49, 0xCD, 0xF6, 0x4F, 0x5C, 0xBE,
    0x9A, 0x00, 0x7D, 0x91, 0x14, 0xB9, 0x3A, 0xBE, 0xD4, 0x8B, 0x89, 0x5E, 0x76, 0xF4, 0x71, 0xA0,
    0x0F, 0xD6, 0xF7, 0xA1, 0x36, 0x73, 0xDE, 0x62, 0xEF, 0xCD, 0x74, 0xF9, 0xCB, 0x78, 0xA2, 0x19,
    0x83, 0x96, 0xDC, 0x7F, 0x38, 0x1F, 0xB5, 0xCF, 0x8F, 0xE0, 0x14, 0x0A, 0x1D, 0xD7, 0xFB, 0x70,
    0x4F, 0xCB, 0xD4, 0x88, 0x07, 0x80, 0x6B, 0xEC, 0xE7, 0xD4, 0x06, 0x54, 0x9D, 0xEE, 0xD5, 0x6C,
    0xA7, 0x18, 0xD9, 0xFE, 0xEC, 0xA4, 0x9B, 0x0D, 0x23, 0xD1, 0x76, 0xF9, 0x50, 0xCD, 0x87, 0x7A,
    0x3A, 0xFD, 0x04, 0xF7, 0x00, 0xC7, 0x3B, 0x7D, 0x3C, 0xD0, 0x92, 0x4B, 0x2A, 0xD8, 0x89, 0xBC,
    0xA8, 0x69, 0x51, 0x9F, 0x4F, 0x5D, 0x42, 0x27, 0x46, 0x09, 0x43, 0x31, 0xA9, 0xE3, 0xD7, 0xBA,
    0x99, 0x18, 0x56, 0xC6, 0xDD, 0x3E, 0xB9, 0xED, 0xB0, 0x97, 0xD5, 0xA9, 0x7C, 0xD2, 0x96, 0x6D,
    0xCC, 0x56, 0x65, 0x2B, 0xE9, 0xC7, 0xBF, 0x64, 0xD8, 0xBC, 0x93, 0x32, 0x5E, 0x8E, 0x39, 0x3B,
    0xE6, 0x7E, 0x19, 0xEB, 0x8B, 0xFD, 0x3C, 0x80, 0x1B, 0x09, 0x86, 0xA2, 0xBE, 0xC8, 0x14, 0xE9,
    0xAA, 0x67, 0x3B, 0xF4, 0x0B, 0xF1, 0x7A, 0xB6, 0x41, 0xA7, 0xBE, 0x2A, 0xBE, 0x2A, 0x33, 0xF5,
    0x71, 0x58, 0xC7, 0x65, 0xDC, 0xC9, 0xD2, 0x95, 0x4F, 0x66, 0xEA, 0x22, 0x3F, 0xB9, 0x96, 0x5C,
    0xB2, 0xC9, 0x24, 0x7D, 0xD1, 0xCC, 0x54, 0x62, 0x76, 0xF4, 0xE0, 0x42, 0xED, 0x3D, 0x34, 0xA0,
    0x3D, 0xE2, 0x19, 0x3D, 0xCE, 0x63, 0xBF, 0xDD, 0xC1, 0x72, 0xEF, 0x88, 0xB3, 0x03, 0xFA, 0x09,
    0x80, 0x26, 0x81, 0x2D, 0x72, 0x45, 0xE6, 0xD5, 0x1C, 0xBF, 0x10, 0x5F, 0x84, 0xFE, 0x3C, 0xA3,
    0xBF, 0x0C, 0x68, 0xA1, 0x28, 0xA2, 0x7F, 0x9D, 0x31, 0xCF, 0x56, 0x4C, 0x1A, 0x18, 0x16, 0x99,
    0xC6, 0x55, 0x26, 0x68, 0x93, 0x2B, 0xCD, 0xBC, 0x92, 0x9D, 0x7E, 0x33, 0x4F, 0x00, 0x9A, 0x67,
    0x3B, 0xBD, 0xE0, 0xBE, 0x92, 0x61, 0xC3, 0xCE, 0x76, 0x72, 0xD4, 0xBD, 0x3A, 0x74, 0x2A, 0xF4,
    0xDF, 0xA6, 0x99, 0x6C, 0x74, 0xA1, 0xAC, 0xFF, 0xBD, 0xCC, 0xE3, 0x2A, 0x2F, 0x65, 0xBE, 0x70,
    0xA9, 0x1E, 0xD5, 0x21, 0x98, 0xE9, 0x6D, 0xE7, 0x67, 0xEB, 0xF9, 0xD5, 0x15, 0x4B, 0x33, 0xFA,
    0x5A, 0x78, 0xED, 0x7A, 0xC8, 0xEE, 0x90, 0xE1, 0x14, 0xE7, 0xB0, 0xCE, 0x1F, 0xF5, 0xE9, 0xB8,
    0x93, 0x99, 0x31, 0x00, 0xBC, 0xFB, 0xE9, 0xCC, 0xF0, 0x62, 0xA3, 0x9F, 0x5C, 0x30, 0xF1, 0xB2,
    0xE9, 0x73, 0xA5, 0x32, 0xCE, 0x7D, 0x30, 0x22, 0x98, 0x5F, 0xCF, 0x98, 0x08, 0x26, 0x81, 0x9D,
    0x41, 0x56, 0xF8, 0xCE, 0x27, 0xAA, 0xC8, 0x86, 0xAD, 0x16, 0xEF, 0xBE, 0x88, 0xA1, 0x6A, 0x80,
    0x46, 0x02, 0x9D, 0x4C, 0xFB, 0xBD, 0x2C, 0xEE, 0xC5, 0xCE, 0xE6, 0x13, 0x93, 0xEE, 0xBF, 0x59,
    0x78, 0x3B, 0xC6, 0x1D, 0xED, 0x36, 0x19, 0xC9, 0xB6, 0x99, 0x7B, 0xFF, 0x37, 0xE6, 0x25, 0xAD,
    0xE4, 0xEB, 0x37, 0xD6, 0xFB, 0x3C, 0xB9, 0xC3, 0x81, 0xF9, 0xDF, 0x45, 0x8F, 0x89, 0xEB, 0x34,
    0x09, 0xFD, 0x9D, 0x65, 0xAC, 0x27, 0x3A, 0x09, 0xED, 0x4B, 0xC6, 0xCF, 0x25, 0x8C, 0x49, 0x82,
    0x49, 0xB6, 0xA8, 0x0F, 0xFA, 0x75, 0x45, 0x3D, 0x0D, 0x49, 0xC9, 0x57, 0xB9, 0xD9, 0x6E, 0x7A,
    0x00, 0xC9, 0x63, 0x1C, 0xA7, 0x21, 0xDA, 0x78, 0x13, 0x13, 0x0F, 0xD0, 0xD3, 0x3D, 0x54, 0x7E,
    0x48, 0xBB, 0x24, 0xD8, 0x22, 0x8C, 0x01, 0x1C, 0x70, 0xA7, 0xC6, 0xCA, 0xD7, 0xE2, 0xC7, 0x49,
    0x26, 0xA1, 0xDE, 0xB6, 0xBB, 0x98, 0xE8, 0xE2, 0x43, 0xF4, 0x34, 0xA6, 0x8C, 0xCA, 0xFF, 0xF7,
    0x5F, 0x89, 0xF6, 0x0F, 0x4F, 0xBF, 0x89, 0x20, 0x3F, 0x13, 0x0F, 0x82, 0x00, 0x03, 0x9F, 0x00,
    0x87, 0x1C, 0x50, 0x0B, 0x2A, 0x0C, 0xF3, 0x18, 0xF4, 0x74, 0x97, 0x76, 0x99, 0x40, 0x22, 0x0C,
    0x1E, 0x5E, 0x24, 0xD4, 0xCF, 0x67, 0x0C, 0x3B, 0xC6, 0x9F, 0x4B, 0x94, 0xA7, 0x45, 0x5F, 0x4B,
    0x18, 0x27, 0xF1, 0x36, 0x1E, 0x60, 0xE2, 0x23, 0xF4, 0x94, 0x51, 0xBF, 0x4B, 0xEC, 0xFF, 0x38,
    0x55, 0xF7, 0x71, 0xEF, 0x0A, 0xC7, 0xC0, 0x0C, 0x4D, 0x06, 0x95, 0xA0, 0x8B, 0xD0, 0x7A, 0x00,
    0x30, 0xB2, 0xB3, 0xFF, 0xBA, 0xDC, 0xD7, 0xD3, 0x5F, 0xDB, 0xC8, 0x40, 0xB3, 0xA2, 0x66, 0x4C,
    0x7A, 0xC7, 0x85, 0x5B, 0xE3, 0xBF, 0xAC, 0x22, 0x99, 0x77, 0x98, 0xDB, 0xA8, 0x92, 0xCA, 0xED,
    0x5C, 0x66, 0xD7, 0x66, 0x76, 0xC9, 0x79, 0x95, 0x59, 0x2E, 0xFF, 0xFD, 0xA3, 0x62, 0x1B, 0x79,
    0xC4, 0x3B, 0xF7, 0xDF, 0xF2, 0xBA, 0x4E, 0x8F, 0x0A, 0x2A, 0x9A, 0x58, 0xBF, 0x1E, 0x1D, 0x7D,
    0xE8, 0xD6, 0x76, 0x35, 0xC1, 0xE2, 0xB0, 0xBE, 0x16, 0x97, 0x8A, 0x2A, 0xDC, 0xE2, 0x3A, 0xD7,
    0x1E, 0x80, 0x5B, 0xBA, 0x70, 0x7C, 0xA4, 0xC3, 0x63, 0x2D, 0x5C, 0x6F, 0x76, 0xFC, 0x3F, 0xB5,
    0x98, 0x01, 0x84, 0x25, 0x57, 0xBA, 0xC7, 0x7F, 0x55, 0xA7, 0x67, 0xEA, 0xE5, 0x1D, 0xE9, 0x33,
    0x08, 0xC2, 0xBC, 0xBE, 0x15, 0x04, 0x3C, 0xD3, 0x53, 0xF0, 0xD0, 0xB8, 0xF7, 0xD6, 0xC9, 0x6B,
    0xDE, 0x43, 0x90, 0x3C, 0x00, 0x0F, 0x19, 0x00, 0x78, 0x12, 0xE4, 0x31, 0xE8, 0xEE, 0xAA, 0x6C,
    0x00, 0x0B, 0x0D, 0x00, 0x6C, 0xB0, 0x58, 0x82, 0x1D, 0x0C, 0x06, 0x33, 0x5D, 0x27, 0x09, 0x82,
    0xC1, 0xD4, 0x06, 0x60, 0x31, 0x35, 0x3B, 0xC3, 0xEE, 0xC2, 0xE6, 0xEC, 0xA4, 0x22, 0x15, 0x5B,
    0xB7, 0xCE, 0x7E, 0x47, 0xDF, 0x36, 0x93, 0x4C, 0x76, 0xF4, 0xF6, 0xEE, 0xAD, 0xFA, 0xBE, 0xFF,
    0xFD, 0xCE, 0x39, 0xDF, 0xF7, 0xFF, 0x7F, 0xA7, 0x6F, 0xD7, 0xE1, 0xD6, 0x8C, 0xB2, 0x2E, 0xEB,
    0x19, 0xB0, 0x4D, 0x4E, 0xBC, 0x0B, 0x0A, 0x4A, 0x1B, 0x67, 0x2B, 0x57, 0xD6, 0xDB, 0x70, 0x40,
    0xB4, 0x7B, 0x64, 0xC1, 0x15, 0x99, 0x5F, 0x28, 0x7F, 0x37, 0xE1, 0x2E, 0xD1, 0xEE, 0xC1, 0x92,
    0x37, 0x8A, 0x8F, 0xBC, 0x0E, 0x2E, 0xB9, 0x77, 0x96, 0xD9, 0x3C, 0xAE, 0x55, 0x08, 0xCE, 0x74,
    0x79, 0x6B, 0xDA, 0xD4, 0x9B, 0x96, 0x5B, 0xDA, 0x83, 0xEA, 0x21, 0x1D, 0xA1, 0x0C, 0x21, 0x3A,
    0x9C, 0x10, 0x19, 0xF6, 0x18, 0xB9, 0xA5, 0xBC, 0xEA, 0xDE, 0x0F, 0xA1, 0x6D, 0xA4, 0xEE, 0x0A,
    0xAF, 0xDF, 0x64, 0x51, 0x9D, 0x8C, 0x26, 0x78, 0xF3, 0x96, 0x37, 0x44, 0x8B, 0x41, 0xF0, 0x47,
    0xD3, 0xF8, 0x1F, 0x5C, 0x6B, 0xC2, 0xC7, 0xC1, 0x35, 0xE1, 0x3F, 0x45, 0x62, 0x14, 0x02, 0x35,
    0xD2, 0x93, 0x4C, 0x69, 0x07, 0xCD, 0xBE, 0x43, 0x87, 0x07, 0x13, 0x79, 0x08, 0x13, 0x64, 0x23,
    0xA0, 0x06, 0x4E, 0x87, 0x3A, 0x02, 0x71, 0x18, 0x4B, 0xA0, 0x08, 0x36, 0x42, 0xCD, 0xCD, 0xF5,
    0x05, 0x3C, 0x8B, 0x9B, 0x8F, 0xEB, 0x2C, 0x7C, 0xE7, 0x4C, 0x9B, 0x77, 0xB9, 0x4B, 0x7D, 0xE1,
    0xF0, 0x79, 0x0F, 0x26, 0x1C, 0x93, 0x09, 0x8F, 0x91, 0x66, 0xF3, 0xCF, 0x43, 0x5F, 0x38, 0x3D,
    0xE6, 0x5D, 0x32, 0x9A, 0x15, 0x63, 0x16, 0xBE, 0x1D, 0x69, 0x42, 0x8F, 0x0E, 0xFE, 0x0A, 0xF9,
    0x78, 0x9B, 0x74, 0x3C, 0x84, 0xB1, 0xB4, 0x48, 0x4E, 0x3A, 0x48, 0x4D, 0xA7, 0xEE, 0x4F, 0x76,
    0x6E, 0x6C, 0x28, 0x9C, 0xD8, 0x5C, 0x5B, 0x2E, 0xFF, 0x0A, 0xA4, 0xC8, 0xA1, 0xFA, 0xCB, 0x3D,
    0xC6, 0x32, 0x67, 0x37, 0xFD, 0xA5, 0x61, 0xCF, 0xAC, 0x32, 0xFB, 0xE1, 0xA2, 0x50, 0xF5, 0xAD,
    0xF9, 0x2B, 0xA9, 0xBB, 0x75, 0xC0, 0x1A, 0x3E, 0x58, 0x64, 0xCA, 0xED, 0xE5, 0x2B, 0x65, 0xAF,
    0x65, 0xBD, 0xC1, 0xC0, 0x2E, 0x59, 0x97, 0x0C, 0x20, 0x2D, 0xC1, 0xD5, 0x15, 0x00, 0xD9, 0x70,
    0x23, 0xFF, 0xDF, 0xF8, 0x5D, 0x1D, 0xAC, 0x2D, 0xC6, 0xC5, 0x7F, 0x0F, 0x7A, 0xFA, 0x03, 0xC0,
    0x1B, 0x97, 0xF0, 0x33, 0xD5, 0x1E, 0x98, 0x8F, 0x7C, 0x99, 0xB5, 0x62, 0x12, 0xC8, 0x50, 0x26,
    0x65, 0xA9, 0x08, 0xC1, 0x56, 0x21, 0xD4, 0xA0, 0x7F, 0xEC, 0x3F, 0xDD, 0x6F, 0x35, 0x48, 0xBF,
    0x33, 0x23, 0xFD, 0xCE, 0x8C, 0xF4, 0x3B, 0xCB, 0xA5, 0xD5, 0x7C, 0x14, 0x98, 0x5D, 0x93, 0x7E,
    0x67, 0xDB, 0xCA, 0xC9, 0xEA, 0xBE, 0xBD, 0x56, 0xBD, 0xFF, 0xF0, 0x27, 0xFB, 0x6D, 0x86, 0x30,
    0x5C, 0x3E, 0x2E, 0xFA, 0xF9, 0x7C, 0x6F, 0x5E, 0x0C, 0xBA, 0x63, 0x06, 0xCF, 0x7B, 0x29, 0x0D,
    0x15, 0xE2, 0x3F, 0x9E, 0x07, 0x58, 0x37, 0x6B, 0xF5, 0xC0, 0x7C, 0xC1, 0xFC, 0x3A, 0x5B, 0x0B,
    0xE8, 0xC9, 0x6A, 0x76, 0x92, 0xBA, 0x8C, 0x6B, 0x00, 0x79, 0x77, 0xF3, 0xE0, 0xE6, 0xFC, 0x92,
    0x37, 0x4F, 0xB6, 0x8E, 0x58, 0x72, 0x58, 0x3D, 0xD1, 0xB5, 0x71, 0x85, 0x3D, 0xE4, 0x06, 0x47,
    0x66, 0x3C, 0xF5, 0x44, 0x9C, 0x17, 0xBD, 0x52, 0x13, 0xD5, 0x2A, 0xD4, 0x55, 0xFF, 0x44, 0xC6,
    0xFC, 0xC0, 0x2F, 0x37, 0x43, 0x11, 0xC6, 0xEA, 0x69, 0x17, 0x9E, 0x3A, 0xB1, 0xEA, 0xA9, 0x2B,
    0x9E, 0xBA, 0x4B, 0x4F, 0x1D, 0x2F, 0xB7, 0xFF, 0xB1, 0x33, 0x2A, 0x5B, 0x09, 0xEE, 0xB0, 0x47,
    0x53, 0xAB, 0xEE, 0xD3, 0xB6, 0xAA, 0x93, 0xE3, 0xE0, 0xF2, 0xDA, 0x9C, 0xDD, 0xAE, 0xF1, 0x40,
    0xBA, 0x62, 0xFB, 0xBD, 0x7A, 0x9E, 0xB5, 0x73, 0xF9, 0x16, 0x13, 0xBF, 0xC0, 0x97, 0x74, 0xE6,
    0x73, 0xA7, 0xA6, 0xF5, 0xF7, 0x38, 0xD7, 0x36, 0x57, 0xAD, 0xAE, 0x7B, 0xD5, 0x1D, 0x8A, 0x49,
    0x20, 0x43, 0x99, 0x94, 0x25, 0x6E, 0x00, 0x55, 0x0B, 0x18, 0xC7, 0x1E, 0xDA, 0xE1, 0x05, 0x52,
    0x27, 0x90, 0x21, 0xB0, 0x13, 0x17, 0xF6, 0xA0, 0x1A, 0x3C, 0x90, 0x7E, 0xD1, 0x42, 0xB6, 0xDF,
    0xC1, 0xAB, 0xAA, 0x85, 0x3D, 0x5D, 0x83, 0xCF, 0x21, 0x75, 0xF3, 0x0F, 0xC9, 0xAC, 0xBF, 0xCD,
    0x76, 0x12, 0x82, 0xDD, 0x13, 0xA8, 0x81, 0xDB, 0x9C, 0xC1, 0x95, 0xBF, 0x57, 0xE8, 0xCB, 0x01,
    0xB2, 0xFF, 0x2B, 0x44, 0x68, 0x91, 0xC3, 0xDE, 0xD6, 0x75, 0xF0, 0xDC, 0x11, 0xA1, 0xB4, 0x15,
    0xA1, 0x6D, 0xDC, 0x36, 0x65, 0x70, 0x7B, 0x02, 0x16, 0x80, 0xBC, 0x03, 0x6E, 0x1E, 0x44, 0x98,
    0xB3, 0xC7, 0x25, 0x8F, 0xC7, 0x3C, 0x11, 0xFA, 0xAD, 0xA3, 0x0C, 0x58, 0xEE, 0x00, 0x87, 0x91,
    0xFE, 0xC9, 0x3F, 0xBA, 0x8F, 0x19, 0x54, 0x75, 0x34, 0x09, 0x20, 0xA2, 0xD8, 0x82, 0x74, 0xC0,
    0xB4, 0x94, 0x96, 0x2A, 0xF5, 0x27, 0x69, 0x7F, 0x92, 0xF4, 0xE5, 0xBE, 0xCF, 0x43, 0x9B, 0x9E,
    0x80, 0x01, 0xC8, 0x2D, 0x60, 0x1C, 0x90, 0x76, 0x00, 0xEF, 0xF2, 0xFC, 0xA5, 0x7A, 0x40, 0x8F,
    0x80, 0x89, 0x30, 0x9B, 0x80, 0x45, 0x05, 0xCC, 0x85, 0x92, 0x3B, 0x85, 0x8B, 0x0D, 0x3A, 0x12,
    0x6F, 0x3A, 0x54, 0x08, 0x3E, 0x42, 0x8F, 0xAE, 0xD3, 0x11, 0x63, 0x93, 0x95, 0xB0, 0x27, 0x81,
    0xC6, 0x9B, 0xE0, 0x42, 0x04, 0xD8, 0x05, 0x58, 0x02, 0x8C, 0x20, 0x75, 0x11, 0xEA, 0xCD, 0x4A,
    0x5A, 0x40, 0x79, 0xA0, 0x98, 0x80, 0x93, 0x48, 0x70, 0x53, 0xDB, 0x4D, 0x4A, 0xE6, 0xFF, 0x05,
    0x94, 0xF7, 0x2D, 0x1C, 0x06, 0x60, 0xEF, 0x88, 0x4D, 0xAA, 0xCD, 0x0D, 0x10, 0x4A, 0xB7, 0x06,
    0x19, 0x6E, 0x52, 0x2D, 0xFD, 0x84, 0x33, 0xAA, 0x1D, 0x60, 0x67, 0xFB, 0x6C, 0xA8, 0xFA, 0x0D,
    0xA8, 0x9D, 0x5D, 0x21, 0xA6, 0x41, 0x13, 0xC2, 0x08, 0x14, 0x23, 0x0B, 0x60, 0x31, 0x12, 0xD5,
    0xBF, 0x1D, 0x01, 0x92, 0x47, 0xA3, 0xB2, 0xA0, 0x3E, 0x3B, 0x3D, 0xFE, 0xDF, 0x8A, 0x1F, 0xE4,
    0xC9, 0x98, 0xD5, 0x50, 0x86, 0xB8, 0x46, 0x13, 0x8B, 0xC1, 0x27, 0x23, 0xA9, 0x53, 0xAD, 0x7C,
    0xA8, 0x5A, 0xBB, 0x54, 0x54, 0x89, 0x92, 0x61, 0x22, 0x8A, 0xC6, 0xA4, 0xAB, 0x93, 0x25, 0x09,
    0xA1, 0x23, 0x1B, 0xD4, 0x80, 0xE9, 0xA4, 0xB3, 0xC2, 0x31, 0x51, 0x3A, 0x9E, 0x50, 0xD6, 0xF0,
    0x02, 0x38, 0x12, 0x8A, 0x16, 0x83, 0xF1, 0x5C, 0x97, 0x32, 0xEE, 0x42, 0x08, 0xFE, 0x94, 0x4A,
    0xE4, 0x80, 0x6C, 0x04, 0x28, 0x80, 0x7F, 0x3D, 0x81, 0x98, 0x03, 0xBB, 0x00, 0x25, 0x40, 0x5E,
    0x03, 0x59, 0x0B, 0x50, 0xF3, 0xDC, 0x55, 0x85, 0xD0, 0x52, 0x46, 0x2A, 0xED, 0xE9, 0xC9, 0x3C,
    0x7B, 0x11, 0x10, 0x78, 0x55, 0x20, 0xAC, 0xCE, 0xC0, 0xEF, 0xAC, 0xE7, 0xD6, 0xAB, 0xE8, 0x08,
    0xDB, 0xE8, 0x9E, 0x83, 0x48, 0x30, 0x44, 0x2A, 0x0F, 0x32, 0x02, 0xEE, 0x02, 0xC9, 0x00, 0xA8,
    0x0E, 0x48, 0xED, 0x66, 0x25, 0x2D, 0xA0, 0x3B, 0xA0, 0x9A, 0x80, 0x55, 0x65, 0xA1, 0xCF, 0x37,
    0x2A, 0x79, 0xE7, 0x3A, 0x24, 0x51, 0x28, 0x82, 0x0C, 0x67, 0x9B, 0x54, 0x33, 0x90, 0x5B, 0x8C,
    0x43, 0x75, 0xCF, 0x0E, 0xD0, 0x32, 0x44, 0xD3, 0x03, 0x59, 0xFF, 0x32, 0xD3, 0xC3, 0x3A, 0x93,
    0x5D, 0x58, 0xC2, 0x48, 0xE2, 0x49, 0xEA, 0x8B, 0x92, 0x58, 0x94, 0xA7, 0x98, 0xE2, 0x31, 0x27,
    0x87, 0xDC, 0xC5, 0x48, 0x8C, 0x72, 0xE5, 0x03, 0x2F, 0x26, 0x01, 0x00, 0x98, 0xE0, 0xC4, 0xD2,
    0x89, 0x64, 0xF5, 0x32, 0x4B, 0xA7, 0x75, 0x66, 0x15, 0xBE, 0x8F, 0xB2, 0xA1, 0x45, 0xFB, 0x48,
    0xEE, 0x59, 0x45, 0x68, 0x22, 0x94, 0x44, 0xB0, 0x55, 0x18, 0xCA, 0x5A, 0xA0, 0x10, 0xE8, 0x4B,
    0x1B, 0xE7, 0x22, 0x54, 0xA7, 0xC9, 0xBA, 0xCF, 0x62, 0x37, 0xA1, 0xA3, 0x0A, 0x2B, 0x20, 0xED,
    0x8E, 0x41, 0x0F, 0x1E, 0x4C, 0xD5, 0x41, 0xF6, 0xB6, 0xE3, 0xD9, 0x55, 0x76, 0x14, 0xAB, 0x72,
    0xA0, 0x18, 0xB3, 0x09, 0xE5, 0xB3, 0x60, 0x55, 0x9B, 0x85, 0x56, 0xE0, 0x61, 0x2F, 0xF0, 0xE5,
    0x4A, 0xE0, 0xB3, 0x20, 0xE0, 0x9A, 0x2F, 0x04, 0x8A, 0x6F, 0x04, 0x74, 0x10, 0x48, 0x23, 0x10,
    0x5A, 0xED, 0x28, 0x5B, 0x21, 0x30, 0x6D, 0x35, 0xA0, 0x5A, 0xB4, 0x05, 0x8C, 0x03, 0xB2, 0x0E,
    0x48, 0x7A, 0x80, 0xD7, 0x78, 0xFE, 0xBA, 0x3A, 0x01, 0x4D, 0xE8, 0x50, 0x5E, 0x8D, 0x31, 0x37,
    0x90, 0x5B, 0x2A, 0x5B, 0x42, 0xE1, 0x04, 0xF2, 0x08, 0xA6, 0x3D, 0x05, 0x8B, 0x71, 0x85, 0x13,
    0xC8, 0x5B, 0xF2, 0x5A, 0x7B, 0x4A, 0xA4, 0x68, 0x8C, 0x04, 0x1E, 0xF4, 0x64, 0x01, 0x03, 0x50,
    0x00, 0x2C, 0x01, 0x06, 0x80, 0xE3, 0xCD, 0x4A, 0x5E, 0x39, 0x3B, 0x03, 0xF2, 0x50, 0x43, 0xF9,
    0x4E, 0x0B, 0x0B, 0xE5, 0x36, 0x29, 0xA9, 0x7F, 0x26, 0x50, 0x3C, 0x76, 0xB0, 0xDB, 0x08, 0xEC,
    0x14, 0x6C, 0x52, 0xED, 0x7A, 0x56, 0x43, 0xF5, 0x4E, 0xB7, 0x06, 0x19, 0x6E, 0x50, 0xED, 0xDF,
    0x78, 0x85, 0x92, 0x02, 0xE3, 0xEE, 0xA1, 0xBE, 0xF1, 0x10, 0x1C, 0x48, 0x5D, 0xFC, 0x54, 0xDF,
    0x79, 0x8C, 0x1B, 0x29, 0x29, 0x25, 0x6F, 0x1B, 0x00, 0x48, 0x8E, 0x01, 0xD5, 0x46, 0x70, 0x70,
    0x35, 0xB8, 0xB3, 0x76, 0xF2, 0x31, 0xAA, 0xC5, 0x76, 0x16, 0xA5, 0x2D, 0x39, 0x28, 0x5D, 0xC9,
    0x90, 0x0B, 0x78, 0xE9, 0x24, 0x8D, 0xB0, 0xDF, 0x1A, 0x57, 0x7E, 0xE9, 0xA4, 0x9D, 0x07, 0xB5,
    0xB4, 0x13, 0x24, 0x4B, 0x05, 0xCE, 0xDA, 0xA9, 0xA4, 0x1D, 0xEE, 0xB0, 0x26, 0x26, 0xEB, 0x00,
    0xE5, 0x01, 0xEE, 0xBE, 0xF0, 0x8F, 0x5C, 0x85, 0x34, 0x74, 0xD5, 0x94, 0x84, 0xD6, 0xF4, 0x94,
    0x68, 0xCF, 0x75, 0x5E, 0x0E, 0xD9, 0x1A, 0x16, 0xA8, 0x9E, 0x39, 0xE9, 0x6A, 0xAD, 0x1B, 0xB7,
    0x60, 0x61, 0xFD, 0xF0, 0xD4, 0x40, 0x61, 0x81, 0x43, 0x80, 0x1B, 0x9B, 0x95, 0xBC, 0x02, 0xB0,
    0x02, 0x74, 0x38, 0x86, 0xE2, 0xBE, 0x87, 0x59, 0xDA, 0x6D, 0x52, 0xD2, 0xA8, 0x16, 0xCA, 0x28,
    0x14, 0x21, 0x0E, 0x37, 0xA9, 0x46, 0x56, 0x03, 0xC6, 0x9D, 0xFD, 0x4D, 0x17, 0x2F, 0xFC, 0x4D,
    0x9B, 0xB0, 0xFF, 0x92, 0x17, 0x0B, 0x94, 0x0F, 0x2C, 0x98, 0x89, 0x67, 0x2F, 0x16, 0x5E, 0x80,
    0x67, 0x2F, 0x16, 0xCA, 0x50, 0x53, 0x4D, 0x50, 0x8A, 0xEB, 0xF0, 0x47, 0xB2, 0x10, 0x5C, 0xE6,
    0x8D, 0xCF, 0xBC, 0x1A, 0x32, 0x9F, 0x8C, 0xA7, 0x9E, 0x4A, 0x9C, 0xF5, 0xB2, 0xD6, 0x66, 0x61,
    0x8A, 0xBD, 0xA3, 0xC5, 0xCB, 0x00, 0x95, 0x38, 0xEF, 0x0F, 0x24, 0x21, 0x58, 0xE5, 0x0B, 0xA7,
    0x3B, 0x23, 0x9E, 0xD7, 0xBA, 0x6B, 0xD0, 0xBF, 0xEB, 0xC5, 0xBF, 0x47, 0x62, 0x99, 0xD3, 0x5E,
    0x77, 0x6A, 0xD0, 0x5D, 0x22, 0x9E, 0x0E, 0xE6, 0x91, 0xEA, 0xAB, 0xDF, 0x87, 0xAE, 0x79, 0xD4,
    0xD8, 0xA4, 0x83, 0xD4, 0x03, 0x23, 0xB0, 0x04, 0x2E, 0x01, 0x10, 0xF7, 0x84, 0x09, 0x7F, 0xA2,
    0xB0, 0x13, 0x25, 0x47, 0x2C, 0xC5, 0xCF, 0xEE, 0x92, 0x8A, 0xA2, 0x0E, 0xD6, 0x48, 0x4F, 0xC9,
    0xF4, 0xFF, 0x70, 0xF6, 0x04, 0x64, 0x2D, 0x18, 0x07, 0x05, 0xF0, 0xE6, 0x05, 0x79, 0xB6, 0x80,
    0x23, 0xC8, 0x42, 0x87, 0x79, 0x3C, 0xA0, 0xEB, 0xDB, 0x17, 0xE2, 0x49, 0xBA, 0x4F, 0xC8, 0x46,
    0x8F, 0xFE, 0xB5, 0x47, 0xBD, 0xDD, 0x5E, 0x88, 0x23, 0xFB, 0xC8, 0xC7, 0x1E, 0xA2, 0xC7, 0xF8,
    0x42, 0x1C, 0xFC, 0x3B, 0x10, 0x1C, 0xE9, 0x57, 0x2D, 0xE9, 0x67, 0x2D, 0x89, 0xC4, 0x54, 0x5C,
    0x6C, 0x4F, 0x93, 0x6A, 0x64, 0xE2, 0xEB, 0xD0, 0x15, 0x36, 0xEC, 0xF7, 0x92, 0x92, 0x0E, 0x4B,
    0xAA, 0xAC, 0x3F, 0xA2, 0x3A, 0xB2, 0x02, 0x5D, 0x2C, 0xAB, 0xB7, 0xA4, 0xAE, 0xDD, 0x91, 0xC2,
    0x30, 0x48, 0x65, 0xB3, 0xDE, 0x7B, 0x53, 0xEB, 0xE0, 0xF3, 0xFD, 0x7E, 0x99, 0x3E, 0x59, 0xC2,
    0x11, 0x08, 0x96, 0x5C, 0xC9, 0xEB, 0x0F, 0x75, 0xE8, 0x92, 0x60, 0xF9, 0x00, 0x04, 0x33, 0x97,
    0x7C, 0xEA, 0x68, 0x50, 0x8E, 0xAC, 0x43, 0x79, 0xB8, 0x0B, 0xFF, 0x72, 0xAA, 0x8E, 0x59, 0xBF,
    0xDD, 0xEB, 0x17, 0xBA, 0x3B, 0x3A, 0xA1, 0x3C, 0xA6, 0x64, 0x2B, 0x77, 0x73, 0x61, 0x16, 0x7E,
    0xB4, 0xC5, 0xD4, 0x14, 0x96, 0x43, 0xB8, 0x71, 0xBE, 0x92, 0x2B, 0xB0, 0x42, 0x87, 0x56, 0x8E,
    0x12, 0x39, 0x48, 0xCE, 0x53, 0x62, 0x54, 0x2B, 0x27, 0x81, 0x98, 0x04, 0xE7, 0xC9, 0x5F, 0xB0,
    0xA4, 0xB0, 0xDA, 0x51, 0xF3, 0xEE, 0xE5, 0xB6, 0x6C, 0x8B, 0xD6, 0xB4, 0x7A, 0x7D, 0x9B, 0xAE,
    0x1A, 0x9B, 0x15, 0x37, 0x19, 0x93, 0x5E, 0xB5, 0x97, 0xF9, 0x9B, 0x19, 0x96, 0xB4, 0xA7, 0x08,
    0xB6, 0x12, 0xDA, 0xCC, 0xF1, 0x1A, 0xC9, 0x6D, 0x4C, 0x8F, 0xEE, 0x51, 0x3D, 0xE9, 0x73, 0xA6,
    0x06, 0xF2, 0x10, 0x33, 0x77, 0xB5, 0x6D, 0xF2, 0x56, 0x4C, 0x82, 0xF3, 0xE4, 0x03, 0x5C, 0x63,
    0x79, 0xC0, 0xE5, 0x01, 0x15, 0x48, 0xDF, 0x76, 0x28, 0x69, 0xBF, 0xD7, 0x61, 0x2C, 0x92, 0xD5,
    0x92, 0x93, 0x25, 0xD5, 0x11, 0x65, 0x29, 0x66, 0x97, 0xB9, 0xBB, 0x9B, 0x05, 0x4F, 0x53, 0x73,
    0xF8, 0x3A, 0x84, 0x5D, 0x92, 0xEF, 0x46, 0x78, 0x34, 0x00, 0x90, 0x7C, 0xB5, 0xA2, 0x7C, 0x18,
    0x28, 0xFA, 0xA2, 0x36, 0xF1, 0x34, 0x68, 0x73, 0xF7, 0xBC, 0x9B, 0xAE, 0x70, 0xB2, 0xA9, 0xBE,
    0x19, 0xC3, 0x90, 0x74, 0xA4, 0x1E, 0x46, 0x58, 0xC2, 0x25, 0x80, 0xA4, 0xB1, 0xF1, 0xFF, 0x24,
    0x1D, 0x17, 0xAC, 0x16, 0x6B, 0xC9, 0x22, 0x4A, 0xB6, 0x07, 0x59, 0xE8, 0xA3, 0xA4, 0x72, 0x64,
    0x2D, 0xC6, 0x51, 0xC0, 0x9B, 0xE7, 0x2B, 0xD9, 0x82, 0x23, 0xB2, 0xD0, 0xC9, 0x83, 0x24, 0xCF,
    0xF3, 0x79, 0x4A, 0xE4, 0xF1, 0xCD, 0x46, 0x9F, 0xFD, 0xC2, 0xAB, 0x9F, 0xB7, 0xE7, 0xC9, 0x97,
    0xC7, 0xD3, 0x3C, 0x1E, 0xC5, 0x24, 0x38, 0x57, 0x4B, 0x33, 0xA0, 0xAA, 0x4F, 0x7D, 0xF6, 0x83,
    0x1F, 0x2C, 0x75, 0x23, 0x0E, 0xF0, 0xE3, 0x9C, 0xA4, 0x79, 0x0F, 0x1D, 0x56, 0xE4, 0x6A, 0x64,
    0xA1, 0x56, 0x2C, 0x4C, 0xC3, 0xD1, 0xB2, 0xA4, 0x1C, 0x0A, 0xCA, 0x6E, 0x89, 0x90, 0x53, 0x84,
    0x9E, 0x43, 0xA1, 0xE7, 0x00, 0xB8, 0x07, 0x94, 0x80, 0xA9, 0x21, 0xB1, 0x00, 0x34, 0xBF, 0x11,
    0xFE, 0x36, 0xD4, 0xA6, 0x2D, 0xC4, 0xF3, 0x5A, 0xFF, 0xD0, 0x9D, 0xEE, 0xAA, 0x56, 0x85, 0x87,
    0x3E, 0x99, 0x76, 0x2C, 0x00, 0xF4, 0x90, 0x88, 0x2B, 0x0F, 0xDA, 0xC1, 0x2B, 0x5C, 0x8C, 0x27,
    0x01, 0x72, 0x47, 0x12, 0x06, 0xD4, 0x30, 0x91, 0x76, 0xBB, 0x17, 0xE2, 0x49, 0xFC, 0x5C, 0xEA,
    0x43, 0xF4, 0x18, 0x5F, 0xB0, 0x97, 0x6E, 0xBD, 0x9F, 0x16, 0x8C, 0x85, 0xD7, 0x01, 0x20, 0xFC,
    0x59, 0x78, 0xBA, 0x60, 0x0B, 0x37, 0xC7, 0xB8, 0xDB, 0xE8, 0xCE, 0xA3, 0x9E, 0xB6, 0xA4, 0x7F,
    0x71, 0x10, 0x2C, 0x34, 0xC0, 0x02, 0x38, 0x00, 0x7A, 0x44, 0x1F, 0x54, 0x0B, 0x99, 0x7B, 0xF6,
    0xBB, 0x3A, 0xA9, 0xA1, 0x72, 0xA7, 0x6E, 0x9E, 0xF7, 0xFB, 0x3D, 0xE6, 0xEB, 0x09, 0xD3, 0x95,
    0xB5, 0x71, 0x67, 0xB7, 0x3E, 0xF5, 0x56, 0x62, 0x9F, 0xD7, 0x26, 0x04, 0xCC, 0x6F, 0xFB, 0xD3,
    0xFC, 0x0E, 0x9A, 0x31, 0x7A, 0xD4, 0x90, 0x5E, 0x9E, 0x8E, 0xD1, 0x63, 0xFC, 0x4F, 0xEB, 0xF5,
    0xAF, 0xB5, 0x99, 0x31, 0x8C, 0xDD, 0x46, 0x7A, 0xC7, 0x7F, 0x24, 0xF7, 0xC4, 0x9C, 0x27, 0xF1,
    0x6C, 0x61, 0x20, 0x41, 0x6C, 0x8B, 0x2E, 0x54, 0x1C, 0x02, 0x49, 0xBC, 0x22, 0x85, 0x02, 0xBC,
    0xB7, 0x33, 0x67, 0x15, 0x07, 0xA4, 0x89, 0x90, 0xBE, 0x48, 0xDF, 0x24, 0x85, 0x02, 0x6C, 0x80,
    0xD5, 0x92, 0x57, 0xA5, 0x3C, 0xF7, 0xD5, 0x95, 0x49, 0xAE, 0x88, 0x0A, 0x15, 0x2A, 0x24, 0x71,
    0x0C, 0x17, 0x2E, 0x5C, 0xDC, 0x58, 0x2A, 0x5C, 0xB8, 0x30, 0x2F, 0x31, 0xE2, 0x2A, 0xF1, 0xDC,
    0x1D, 0x73, 0xA0, 0x21, 0x92, 0x5F, 0x66, 0xF0, 0xF6, 0xC1, 0xAB, 0xCD, 0x3A, 0x7E, 0x52, 0xF4,
    0xF8, 0xE6, 0xFB, 0x73, 0xDE, 0x5B, 0xCE, 0x37, 0xBF, 0xEF, 0x23, 0x39, 0x33, 0x1A, 0x51, 0x2F,
    0x40, 0x2D, 0x9C, 0x3F, 0x8A, 0x01, 0x50, 0x13, 0xA0, 0x93, 0x5C, 0x5D, 0x80, 0x75, 0x03, 0xAC,
    0x8C, 0x85, 0x87, 0xB5, 0x83, 0x50, 0x39, 0xB2, 0xA0, 0x7B, 0x0A, 0x91, 0x90, 0x64, 0x40, 0xB5,
    0xF9, 0x84, 0xB6, 0xD9, 0x4C, 0x65, 0x33, 0xA1, 0x0B, 0x5A, 0x9C, 0x24, 0xC9, 0xC5, 0x53, 0x48,
    0x0F, 0x40, 0xB6, 0xE4, 0x68, 0xF9, 0x2F, 0x6A, 0xBB, 0x60, 0x38, 0xE5, 0x28, 0xDA, 0xF6, 0x63,
    0x68, 0xA8, 0x5B, 0xB1, 0x5A, 0xC4, 0x67, 0xCB, 0xDF, 0x03, 0xC0, 0x5B, 0x3F, 0x00, 0x56, 0x1A,
    0xA8, 0x16, 0xA0, 0x1C, 0xF6, 0x49, 0x9A, 0xD9, 0x3B, 0x14, 0x1F, 0x06, 0x12, 0x31, 0x9D, 0x7D,
    0x59, 0xE2, 0xBD, 0x30, 0x01, 0x2B, 0x80, 0x63, 0x80, 0x13, 0x00, 0xF3, 0x10, 0x50, 0xFD, 0xEE,
    0x60, 0x33, 0x10, 0xCE, 0xEC, 0x49, 0x94, 0xDA, 0xC3, 0x55, 0x00, 0x03, 0x70, 0x0F, 0x60, 0x00,
    0xB2, 0x96, 0xF3, 0xC7, 0xDB, 0x8B, 0x25, 0x13, 0xE9, 0x29, 0xC7, 0x62, 0x44, 0xF7, 0x11, 0xAD,
    0x76, 0x2C, 0x18, 0xC7, 0x97, 0x98, 0x16, 0xB8, 0x28, 0x8E, 0x2C, 0xF9, 0xD6, 0xE8, 0xC0, 0xCD,
    0xD8, 0x8C, 0x47, 0x20, 0x12, 0x36, 0xAE, 0x28, 0x5B, 0xB4, 0xA3, 0x6A, 0x39, 0x82, 0xF7, 0x00,
    0xB2, 0xAE, 0x55, 0x12, 0xAA, 0xDB, 0xC3, 0x51, 0xFE, 0xE5, 0x11, 0x9C, 0x42, 0x54, 0xC3, 0x61,
    0xD5, 0xDE, 0x55, 0xD2, 0x67, 0x62, 0xC1, 0x02, 0xF9, 0x00, 0xD4, 0x62, 0xA1, 0xA9, 0x1C, 0xAC,
    0x4A, 0xB7, 0x4F, 0xCA, 0x43, 0x78, 0x8C, 0x12, 0x5F, 0x7D, 0x1C, 0x74, 0x16, 0x76, 0xA2, 0xCC,
    0x02, 0x50, 0x8C, 0x5B, 0xC9, 0x02, 0xFB, 0x04, 0x5C, 0x81, 0x80, 0xA4, 0xCA, 0x4E, 0x74, 0x29,
    0x5F, 0x9B, 0xCC, 0xA5, 0x1C, 0x6E, 0xB2, 0x89, 0xDD, 0x27, 0x62, 0xCC, 0x5B, 0xCC, 0x9E, 0x12,
    0xCF, 0x63, 0x38, 0xDC, 0x89, 0x32, 0x0B, 0x57, 0x21, 0x9F, 0x3A, 0xA0, 0x9B, 0x01, 0xE5, 0x81,
    0x8C, 0xF3, 0x47, 0x23, 0xDF, 0x80, 0x11, 0xF1, 0xA8, 0x50, 0x0E, 0x94, 0x81, 0x39, 0x49, 0x97,
    0xC4, 0x90, 0xC4, 0x26, 0x69, 0xA3, 0xD4, 0x49, 0x8C, 0xDD, 0x4A, 0xB3, 0xB9, 0x58, 0x0D, 0xE5,
    0x98, 0x1C, 0xF4, 0x34, 0x32, 0x73, 0x76, 0x5C, 0x01, 0x4E, 0x6F, 0x50, 0x2C, 0x47, 0xB0, 0xAC,
    0xE1, 0x74, 0x15, 0xED, 0xCF, 0xB3, 0xE5, 0x14, 0x2D, 0xCB, 0xCE, 0xEF, 0xFC, 0x0E, 0x6C, 0x8D,
    0x8C, 0xA6, 0x8D, 0x52, 0x47, 0x19, 0x76, 0x63, 0x7B, 0x03, 0xB2, 0x27, 0x44, 0x36, 0x20, 0x9D,
    0xC5, 0x91, 0x4B, 0xFB, 0xB2, 0x6C, 0xD4, 0x23, 0x60, 0xE6, 0x17, 0x73, 0x29, 0x3E, 0x75, 0x17,
    0x50, 0x81, 0xC4, 0xCB, 0xAD, 0x24, 0x44, 0xF9, 0xA3, 0x28, 0x32, 0x6F, 0x25, 0xBC, 0xBB, 0xFD,
    0x2D, 0x90, 0x04, 0x95, 0xE4, 0x4D, 0xD4, 0xC0, 0x49, 0x72, 0x30, 0x26, 0x57, 0x81, 0x52, 0x5A,
    0x25, 0x0E, 0xC8, 0x16, 0xB4, 0xB8, 0xBA, 0x0C, 0xEB, 0x62, 0x58, 0xAB, 0xFE, 0xF4, 0x09, 0xE6,
    0x03, 0x0C, 0x07, 0x95, 0x5B, 0x29, 0x09, 0x59, 0xD7, 0x72, 0x78, 0x00, 0x3C, 0xBC, 0x09, 0x98,
    0x09, 0x50, 0xFD, 0x3E, 0xB9, 0x7E, 0x90, 0x59, 0x7D, 0xDB, 0x45, 0xBA, 0x6C, 0x66, 0x27, 0xBA,
    0xC2, 0x01, 0x3A, 0x6C, 0xA5, 0x70, 0xFB, 0xA4, 0xE3, 0x18, 0x96, 0x54, 0x38, 0xDE, 0x89, 0x6E,
    0x3F, 0x10, 0xAC, 0x01, 0x56, 0x5B, 0xA1, 0x7E, 0x08, 0xA8, 0xE1, 0xFB, 0x70, 0xA4, 0xCD, 0x02,
    0x79, 0x4F, 0x1E, 0x60, 0xF1, 0x98, 0x96, 0xA1, 0x02, 0xE6, 0xC6, 0x42, 0xB7, 0x6C, 0xEF, 0x2C,
    0x76, 0x9F, 0x09, 0xBC, 0x9A, 0xF7, 0xF5, 0x27, 0x69, 0xA0, 0x61, 0x86, 0xC3, 0x1D, 0x73, 0x68,
    0x81, 0x22, 0x00, 0xF5, 0x02, 0x3C, 0xA9, 0x1D, 0x1C, 0x2B, 0x7B, 0xC9, 0x70, 0x18, 0xD2, 0x70,
    0x38, 0x6D, 0x87, 0x43, 0x46, 0x8C, 0xC3, 0x6E, 0x07, 0xC1, 0x5A, 0xAC, 0x69, 0x8D, 0xB4, 0xC6,
    0x15, 0x0B, 0xC6, 0xA5, 0x4B, 0x12, 0x85, 0x0E, 0x51, 0xCA, 0x29, 0x1F, 0x41, 0xA4, 0x4F, 0xAE,
    0xF8, 0x76, 0x4A, 0x89, 0xAC, 0x55, 0xD6, 0x03, 0x57, 0x96, 0x75, 0x25, 0x93, 0x29, 0xC2, 0xBD,
    0x3C, 0x8E, 0x88, 0x43, 0x5D, 0x84, 0x5A, 0xFC, 0x5F, 0xFC, 0x33, 0xCD, 0x62, 0x8D, 0xC4, 0xFA,
    0x78, 0xC2, 0xA3, 0x13, 0x8E, 0x63, 0x5D, 0x89, 0xBD, 0x7C, 0x05, 0xB4, 0x27, 0xD8, 0xCD, 0x1B,
    0xE3, 0xD3, 0x1B, 0xB3, 0xF0, 0xD2, 0xA4, 0x79, 0xBF, 0xE5, 0x4B, 0x92, 0xBE, 0xEE, 0x8F, 0xF4,
    0xC2, 0xDB, 0xF3, 0x72, 0xA4, 0xAF, 0x9D, 0x05, 0x00, 0xFC, 0xF6, 0xD1, 0x22, 0x6C, 0xBF, 0xE6,
    0x16, 0x38, 0x80, 0x3F, 0x81, 0xBB, 0x30, 0xC1, 0x23, 0x38, 0x7C, 0x79, 0xDE, 0x4D, 0x9B, 0xC7,
    0x80, 0x12, 0x0F, 0x71, 0x7A, 0x05, 0x9D, 0x85, 0x17, 0xDE, 0xAD, 0x2C, 0xBA, 0x13, 0x64, 0x52,
    0x03, 0xB5, 0x2F, 0x03, 0x95, 0xBB, 0x28, 0x22, 0xB2, 0x91, 0xCB, 0xFE, 0xAA, 0x52, 0x33, 0x93,
    0x1C, 0x24, 0x57, 0x13, 0x67, 0x6B, 0x85, 0x5A, 0x2C, 0x4D, 0xE5, 0xBE, 0x5D, 0x76, 0x5D, 0x83,
    0x2B, 0x03, 0x54, 0xD1, 0xCA, 0x68, 0xC5, 0x90, 0xAE, 0x4B, 0xD6, 0xD9, 0xFC, 0xB9, 0xF8, 0x7C,
    0x56, 0x7D, 0x3E, 0x94, 0xC9, 0xC2, 0x79, 0x2B, 0xC6, 0x32, 0x54, 0x52, 0x2F, 0xB5, 0x34, 0xCB,
    0x05, 0xD6, 0x46, 0x44, 0xC6, 0x24, 0xD3, 0xAB, 0xB2, 0x02, 0x99, 0x87, 0x3A, 0x9A, 0x89, 0xA6,
    0xD3, 0x59, 0xA0, 0x5E, 0x40, 0x3D, 0x9D, 0x51, 0x5F, 0x8B, 0x55, 0x43, 0xDD, 0x2A, 0x5F, 0x25,
    0x73, 0xE7, 0x4D, 0xF7, 0x95, 0x6B, 0xA6, 0x6E, 0xEC, 0x66, 0x19, 0xAB, 0xBF, 0xC4, 0x7C, 0x62,
    0xFF, 0x41, 0xB8, 0x75, 0x0F, 0x00, 0x30, 0x92, 0x8A, 0x1A, 0x29, 0x87, 0xFF, 0xAB, 0xA8, 0x71,
    0x7B, 0xE5, 0x4F, 0x31, 0x5F, 0xB5, 0x2B, 0x69, 0xAF, 0x1F, 0xC1, 0x5B, 0x64, 0x0F, 0xD0, 0x03,
    0x6A, 0xA0, 0x18, 0xC8, 0xCF, 0x95, 0x62, 0xA4, 0x92, 0x94, 0xDA, 0x48, 0x68, 0x96, 0x57, 0xEC,
    0xAB, 0x19, 0x9B, 0x89, 0x3B, 0x57, 0xBC, 0xF1, 0xB5, 0xD7, 0x5E, 0x9D, 0x7D, 0x74, 0x1F, 0xA3,
    0x99, 0xE3, 0x98, 0xB1, 0xD2, 0x54, 0x4B, 0x6A, 0xF0, 0x6A, 0xDE, 0xEF, 0xBC, 0xF5, 0x70, 0x6D,
    0x26, 0xD5, 0x7F, 0x57, 0x0F, 0x2F, 0xEB, 0x8F, 0x40, 0x96, 0x0A, 0x2C, 0x3D, 0x75, 0x5B, 0x3A,
    0x74, 0x9F, 0x4A, 0xAC, 0x70, 0x87, 0x2B, 0x1E, 0xE3, 0xA9, 0x3D, 0xDA, 0xA3, 0xCE, 0x15, 0xDD,
    0xD3, 0x4C, 0x74, 0x33, 0x85, 0xA3, 0x74, 0x49, 0x8B, 0xE7, 0x2D, 0x4F, 0xC8, 0xFB, 0x8D, 0xFF,
    0x54, 0x79, 0xB5, 0xF8, 0xBE, 0x3B, 0xAE, 0x3C, 0x3D, 0x9B, 0x99, 0x8C, 0xE9, 0x52, 0x17, 0x9B,
    0xD4, 0xBB, 0xC9, 0x41, 0x92, 0x47, 0xB5, 0x53, 0xE3, 0x64, 0xAC, 0x91, 0x26, 0xF5, 0x52, 0x45,
    0x1C, 0xB7, 0x46, 0xF7, 0x5D, 0xB2, 0x54, 0x87, 0x3B, 0x59, 0x8C, 0xF6, 0x26, 0xE6, 0xD9, 0x42,
    0xFD, 0x74, 0x41, 0xFB, 0x27, 0x28, 0x7F, 0xFA, 0x82, 0xE9, 0xFE, 0x94, 0x66, 0x3A, 0xA5, 0x9B,
    0x4F, 0xE1, 0xF0, 0x1E, 0x84, 0x13, 0xB2, 0x61, 0x80, 0xC6, 0x43, 0x06, 0x55, 0x1B, 0xF1, 0x8A,
    0x71, 0xC9, 0xFD, 0x1A, 0x00, 0x32, 0x99, 0xE2, 0x2F, 0xD4, 0x9E, 0xCA, 0x5D, 0x5A, 0xFE, 0xA0,
    0x72, 0x27, 0x95, 0x9B, 0xEA, 0x76, 0x93, 0x23, 0x0E, 0xA0, 0xB6, 0xB9, 0x0C, 0xE5, 0x6F, 0xA6,
    0xC2, 0x45, 0xE7, 0xA0, 0x2C, 0x62, 0xE9, 0x2C, 0xC6, 0x52, 0xFF, 0xEF, 0x02, 0x35, 0x77, 0x8F,
    0x78, 0xB4, 0xA2, 0xEA, 0x69, 0x44, 0x8B, 0x35, 0xA2, 0xD2, 0x5B, 0x55, 0x04, 0xCA, 0xA0, 0x5C,
    0x94, 0x9A, 0x28, 0x8F, 0xA2, 0xFC, 0x76, 0x88, 0x22, 0x53, 0x94, 0x45, 0xA2, 0x8C, 0xA6, 0xA5,
    0x0C, 0x95, 0x8F, 0x52, 0x86, 0x28, 0xF9, 0x84, 0x1A, 0x58, 0x48, 0x0E, 0x5C, 0x72, 0xE5, 0x01,
    0x80, 0x1E, 0xC8, 0x07, 0x80, 0x24, 0xFC, 0x02, 0xC8, 0x5A, 0xB8, 0xEC, 0xED, 0x4E, 0xA6, 0x92,
    0x3D, 0x13, 0x1B, 0x0D, 0xF5, 0x69, 0x40, 0x7D, 0xD6, 0xA2, 0x84, 0x68, 0x0E, 0xF5, 0x79, 0x40,
    0x3F, 0x9D, 0xD0, 0xBE, 0xA1, 0x19, 0xA5, 0xEF, 0x26, 0xE9, 0x01, 0x50, 0x80, 0x76, 0xA0, 0x5A,
    0x28, 0x81, 0x3F, 0x84, 0x6E, 0x8E, 0x18, 0xA3, 0x38, 0xED, 0x4F, 0x50, 0x4F, 0xFB, 0xD8, 0xD6,
    0xA2, 0xA4, 0x45, 0x3D, 0x0F, 0xA8, 0xF3, 0x3E, 0x66, 0xE9, 0x59, 0x01, 0xF7, 0x80, 0x09, 0xF2,
    0x10, 0xCD, 0x9E, 0x1F, 0x81, 0xC1, 0x2C, 0xA0, 0x02, 0x94, 0xDF, 0x6F, 0xD7, 0xA3, 0x1D, 0xAB,
    0x21, 0x0B, 0x46, 0x24, 0xA4, 0x95, 0x11, 0x00, 0xC7, 0x4C, 0xD9, 0x50, 0xF8, 0x2B, 0x40, 0xEE,
    0x4D, 0xFC, 0xE8, 0x73, 0x4F, 0xA8, 0xBA, 0xF0, 0xAC, 0xBE, 0x96, 0x1E, 0x8B, 0x76, 0x93, 0xCA,
    0x22, 0x59, 0x0B, 0x57, 0xD8, 0xA9, 0xEF, 0x74, 0xB1, 0xF2, 0x85, 0x2B, 0xEC, 0x0F, 0x69, 0x44,
    0x63, 0x96, 0x0A, 0x15, 0x34, 0x65, 0x78, 0x33, 0xDA, 0x3B, 0x2F, 0xCF, 0x91, 0x3A, 0xC5, 0x3C,
    0x75, 0xE6, 0x99, 0xD3, 0xA9, 0xB4, 0xEA, 0xB3, 0xF3, 0x43, 0xC1, 0xE5, 0xC3, 0xC2, 0xE5, 0x19,
    0xC8, 0x5D, 0x19, 0x54, 0x48, 0x96, 0xEA, 0x3B, 0xF4, 0x9C, 0xBA, 0xC6, 0x5C, 0xF2, 0x7C, 0x6D,
    0x6C, 0x15, 0x4D, 0xCE, 0x2C, 0xD5, 0xD9, 0x5A, 0x02, 0x49, 0x24, 0x09, 0xE5, 0x72, 0x96, 0xE7,
    0x8E, 0x52, 0x1C, 0x7F, 0x3B, 0x43, 0x17, 0xE0, 0x97, 0xDF, 0xFE, 0xED, 0x9D, 0x68, 0xAB, 0xC8,
    0x32, 0x5C, 0x64, 0xB9, 0x46, 0x3E, 0xA0, 0x07, 0xCA, 0xB3, 0x69, 0x23, 0x4E, 0xAB, 0xBE, 0x10,
    0x67, 0x66, 0xBA, 0x81, 0xBF, 0xBE, 0x6C, 0x16, 0x81, 0xD2, 0x01, 0x2A, 0x49, 0xD5, 0x02, 0x47,
    0x1B, 0x3F, 0xE7, 0x0E, 0xD3, 0x53, 0xCF, 0x66, 0xA4, 0x9E, 0xCA, 0x85, 0x22, 0x94, 0x62, 0x0B,
    0x5F, 0x8A, 0x8F, 0xF2, 0xC5, 0x10, 0xE5, 0xE3, 0x39, 0xCA, 0x87, 0x12, 0xC5, 0x75, 0x1F, 0x45,
    0xA9, 0x7F, 0x17, 0x45, 0x49, 0x94, 0x3C, 0x09, 0xE2, 0x95, 0xC3, 0x78, 0x33, 0xA6, 0xB7, 0x61,
    0xA4, 0xF0, 0xF0, 0x00, 0x18, 0xA1, 0x08, 0x9B, 0xDE, 0xAF, 0x00, 0x40, 0xF6, 0x74, 0xC6, 0x7C,
    0x21, 0xD4, 0x43, 0xDD, 0xEA, 0xFE, 0xB2, 0xE9, 0xB6, 0x4E, 0xD3, 0xED, 0xD0, 0x4D, 0x32, 0xBE,
    0x7E, 0x26, 0x00, 0x56, 0x00, 0xA7, 0x00, 0x6B, 0x80, 0x1F, 0x01, 0xFC, 0xCD, 0xCB, 0xD3, 0x01,
    0x50, 0x5A, 0xD0, 0x0E, 0x8A, 0x64, 0x16, 0x7E, 0x08, 0xE8, 0x9F, 0x84, 0x28, 0x9F, 0x0D, 0xA0,
    0xA4, 0x07, 0x9E, 0x00, 0x1C, 0xEC, 0x33, 0xD9, 0x59, 0x7F, 0x83, 0x7C, 0xEC, 0xA0, 0x1B, 0x37,
    0x38, 0xD9, 0xCB, 0x87, 0x73, 0x9D, 0x6D, 0x56, 0x6E, 0x02, 0xBC, 0x03, 0xF0, 0xDE, 0xBB, 0xB5,
    0xA7, 0x98, 0x25, 0x90, 0xCB, 0xFB, 0x23, 0x2C, 0x59, 0x94, 0xC7, 0xD9, 0xC4, 0x45, 0x59, 0xF2,
    0x89, 0x52, 0x3E, 0x11, 0xAB, 0xE4, 0x57, 0xD2, 0xEE, 0x1E, 0x5E, 0x73, 0x59, 0x78, 0xDD, 0x25,
    0xF7, 0x2D, 0xC9, 0x9B, 0xA5, 0x83, 0x5A, 0xB7, 0x50, 0xCE, 0x3B, 0x86, 0x97, 0x96, 0x6E, 0x55,
    0xDB, 0x45, 0xE3, 0xA0, 0xB2, 0xAC, 0x2A, 0xB8, 0x77, 0x04, 0xD5, 0x00, 0x4A, 0x00, 0x2D, 0x17,
    0xFE, 0x61, 0x07, 0x74, 0xD2, 0x53, 0x84, 0x62, 0x42, 0x3B, 0x84, 0xCA, 0xD2, 0x58, 0x03, 0xB5,
    0x8B, 0x52, 0x25, 0xD1, 0x7E, 0x23, 0x16, 0xED, 0x6A, 0x17, 0xA5, 0xF2, 0xC4, 0xBE, 0x03, 0x86,
    0xD8, 0x68, 0x4A, 0x0E, 0x02, 0xA8, 0xC5, 0x12, 0xC3, 0x29, 0xA4, 0x07, 0xB2, 0xCE, 0x2A, 0x09,
    0x55, 0x3E, 0xAD, 0x99, 0xD7, 0x34, 0xA7, 0x18, 0x43, 0x6D, 0xEC, 0x51, 0xE5, 0x4F, 0x4A, 0x19,
    0xE8, 0x22, 0x5D, 0x06, 0x54, 0xAA, 0x05, 0x2D, 0x40, 0x3E, 0xB2, 0x47, 0xAE, 0xCC, 0xDE, 0x29,
    0x3E, 0x0C, 0x91, 0x8E, 0xCE, 0xEE, 0x44, 0x57, 0x7C, 0xE4, 0xA0, 0xFC, 0x38, 0xC9, 0x3F, 0xB6,
    0x51, 0x7E, 0x6A, 0x41, 0xA9, 0x7D, 0x22, 0x72, 0xFF, 0x3E, 0x21, 0xA4, 0xD2, 0xF7, 0xD9, 0x87,
    0x6E, 0x27, 0xCA, 0xB7, 0x45, 0x64, 0x4E, 0x3E, 0xE2, 0x91, 0x30, 0xC4, 0xAA, 0x36, 0x81, 0xD8,
    0xA2, 0x4D, 0x28, 0x16, 0x12, 0x8C, 0xED, 0x49, 0x38, 0x92, 0x4E, 0xE8, 0xB3, 0xD3, 0x4F, 0x7A,
    0x12, 0x94, 0xFD, 0x05, 0x09, 0xCB, 0x42, 0x02, 0xB3, 0xFC, 0x5D, 0x42, 0xB3, 0xA4, 0x88, 0xA4,
    0x2D, 0xFD, 0xC6, 0xB5, 0x43, 0xA5, 0x93, 0xCD, 0xBA, 0xF7, 0x17, 0x52, 0xD5, 0x55, 0xF9, 0xA2,
    0xFA, 0x88, 0x55, 0x84, 0x35, 0x27, 0xAA, 0x3F, 0x65, 0xFD, 0x18, 0x43, 0xFD, 0x01, 0xC6, 0x9A,
    0xE4, 0xAA, 0x71, 0xB7, 0x4A, 0x11, 0x09, 0x74, 0x3F, 0x8B, 0x98, 0x3C, 0x00, 0x18, 0x81, 0x22,
    0x00, 0xA5, 0x07, 0xAE, 0x5C, 0xD8, 0xC9, 0x5C, 0xC0, 0x88, 0xF4, 0xDB, 0xDD, 0xC2, 0x7C, 0x8A,
    0x92, 0x4D, 0xDB, 0x5A, 0xFA, 0x4D, 0xC4, 0x27, 0x69, 0x29, 0x43, 0xE5, 0xA2, 0xE8, 0x3E, 0xCA,
    0xF6, 0x62, 0x35, 0x64, 0x2F, 0x2C, 0x9F, 0x0A, 0x87, 0xDA, 0xEE, 0xAC, 0x5F, 0xDB, 0xBC, 0x39,
    0xA3, 0xF9, 0x7A, 0xAE, 0xC3, 0x3D, 0xED, 0x8F, 0x2F, 0xCE, 0x9B, 0x33, 0xDD, 0xFC, 0xFA, 0x11,
    0x00, 0x20, 0x00, 0xD9, 0x78, 0x71, 0x05, 0xB7, 0x13, 0x11, 0x50, 0xB4, 0xA8, 0x14, 0x4C, 0xAA,
    0xBC, 0x01, 0x59, 0x7F, 0x93, 0xED, 0x9E, 0xF0, 0x37, 0x80, 0xF6, 0x40, 0xB6, 0xD7, 0x4C, 0x6A,
    0x1B, 0xF4, 0xB3, 0xA1, 0x94, 0x9E, 0x53, 0x38, 0xD8, 0x91, 0x7B, 0x05, 0x3C, 0x02, 0x26, 0x28,
    0xFA, 0x17, 0x97, 0x84, 0xDD, 0xBF, 0xB9, 0xD4, 0xBF, 0xEE, 0xDF, 0x0E, 0xDA, 0x67, 0x83, 0xEE,
    0xB9, 0xAB, 0x47, 0x28, 0xE5, 0x4B, 0x10, 0xB1, 0x28, 0x09, 0x50, 0x4F, 0xC7, 0x64, 0xF3, 0x11,
    0x2C, 0x75, 0xCB, 0xAC, 0x87, 0x6C, 0x8A, 0x6D, 0x42, 0xF1, 0xD9, 0x62, 0xCF, 0x6E, 0xAC, 0xFE,
    0xF6, 0xC6, 0xE6, 0x4B, 0xAF, 0x25, 0xD4, 0xD9, 0x50, 0xD9, 0x6B, 0xFA, 0x1B, 0x72, 0x09, 0x87,
    0x6F, 0xC7, 0xE6, 0x8F, 0x6F, 0xB2, 0xD2, 0xFF, 0x31, 0xAA, 0xCE, 0x83, 0x85, 0xB2, 0x87, 0x66,
    0x81, 0xD9, 0x58, 0x06, 0xFD, 0xFA, 0x70, 0x0E, 0xE0, 0x94, 0x98, 0x9D, 0x98, 0x23, 0x6D, 0xC3,
    0x4E, 0x38, 0xFF, 0x9F, 0x2E, 0x3F, 0x5F, 0x2C, 0x0A, 0xD0, 0x03, 0x70, 0x02, 0x7F, 0xFA, 0x08,
    0x54, 0xBF, 0x43, 0xA7, 0xEF, 0x82, 0xF1, 0x64, 0x81, 0x3F, 0x0B, 0xD4, 0x9E, 0x41, 0x6F, 0x52,
    0xD1, 0x2C, 0x9B, 0xD4, 0xF0, 0xFA, 0xEE, 0xD0, 0x85, 0x07, 0x66, 0x97, 0x94, 0x54, 0x22, 0x33,
    0x46, 0x44, 0x38, 0x29, 0x06, 0xDD, 0xDE, 0x2F, 0x86, 0xA2, 0xA5, 0x18, 0x60, 0x67, 0x51, 0x23,
    0x60, 0x64, 0x2B, 0x85, 0x05, 0x12, 0x34, 0xAC, 0x81, 0x37, 0x1E, 0x01, 0x6A, 0x00, 0x0E, 0xC9,
    0xB6, 0x8F, 0x6B, 0x27, 0x6D, 0x23, 0x56, 0xC7, 0xFA, 0x85, 0xD2, 0x53, 0x4A, 0x9B, 0xCF, 0x90,
    0xF2, 0x0A, 0xDA, 0xE6, 0xFF, 0x6A, 0xD3, 0xD7, 0x63, 0x65, 0xCF, 0x36, 0x47, 0xEB, 0x05, 0x28,
    0x02, 0x2F, 0xE6, 0x0D, 0x5E, 0x7F, 0x1C, 0x8E, 0x32, 0x96, 0x96, 0x3F, 0xB6, 0xD9, 0xE7, 0xBB,
    0x71, 0x7F, 0xF3, 0x3D, 0x14, 0xA9, 0x3D, 0x88, 0xB8, 0xDD, 0x29, 0x2E, 0x4F, 0x1A, 0x66, 0xA1,
    0x9E, 0x2F, 0x76, 0x4E, 0xF9, 0x69, 0x0B, 0xFA, 0xF7, 0x3E, 0x8A, 0x49, 0x52, 0xB5, 0x2F, 0x0C,
    0x4E, 0xB9, 0xF4, 0xCD, 0x92, 0x89, 0xD7, 0x03, 0x06, 0x15, 0xB8, 0xF9, 0x3D, 0x52, 0x9E, 0xC9,
    0x3A, 0x91, 0xAD, 0xC8, 0xE7, 0xED, 0x9C, 0xC9, 0xDB, 0x62, 0xE1, 0xF8, 0x47, 0x20, 0x2B, 0xB2,
    0xAF, 0x26, 0xF8, 0xF5, 0x00, 0x40, 0xF7, 0xA9, 0xB4, 0x9D, 0x97, 0x56, 0xFB, 0x3A, 0x5A, 0xD5,
    0xAA, 0x17, 0xCD, 0xA9, 0xBE, 0xF1, 0x85, 0x7C, 0x11, 0xB2, 0xE5, 0x5D, 0x0B, 0x90, 0xC0, 0x41,
    0x89, 0xDB, 0x27, 0x67, 0x37, 0x80, 0x8C, 0xAF, 0xC4, 0x97, 0xF6, 0x9F, 0x41, 0xDF, 0x76, 0x67,
    0xA4, 0xD9, 0xCC, 0x3E, 0x49, 0xEF, 0xBC, 0x05, 0xE1, 0x64, 0x43, 0x5C, 0xF9, 0x57, 0x23, 0xE6,
    0x9F, 0x80, 0x42, 0xD8, 0x2E, 0x9E, 0x6E, 0x47, 0x29, 0xC4, 0x02, 0xFB, 0x65, 0x7F, 0xA3, 0x05,
    0x13, 0xE0, 0xEE, 0x03, 0xB8, 0x7F, 0x77, 0x53, 0xAF, 0xDC, 0xAB, 0xC5, 0x90, 0x3F, 0xF5, 0x50,
    0x3C, 0x4B, 0xF2, 0x91, 0xDB, 0xCA, 0x6D, 0xBB, 0x4F, 0xFC, 0xEB, 0xD7, 0x61, 0xB5, 0xDA, 0xD8,
    0xAD, 0x5B, 0xF0, 0xE3, 0x1F, 0xBF, 0x02, 0xFA, 0x1E, 0xB8, 0xF2, 0x1E, 0x28, 0x3C, 0x67, 0xB5,
    0x6C, 0x71, 0x40, 0xD3, 0xEE, 0x08, 0xF6, 0x75, 0x04, 0x33, 0x16, 0x4E, 0x80, 0x15, 0x50, 0x3F,
    0x04, 0xF5, 0x25, 0x70, 0x08, 0x00, 0x8F, 0x61, 0xBB, 0x87, 0x7F, 0xB6, 0x8B, 0x0F, 0x3A, 0xEB,
    0xB9, 0x70, 0xC8, 0xAC, 0xC5, 0x75, 0x43, 0x97, 0x4E, 0xCD, 0x50, 0xF7, 0xC5, 0x8C, 0x76, 0xBA,
    0xCF, 0x66, 0x54, 0xAB, 0x02, 0x0B, 0x3A, 0xC1, 0x0B, 0x15, 0xC5, 0x98, 0x89, 0xBD, 0x41, 0x36,
    0x15, 0xE2, 0x56, 0x30, 0x17, 0x5F, 0xB8, 0x63, 0xE8, 0xD4, 0xCF, 0xFB, 0x01, 0x1A, 0xAD, 0x42,
    0x00, 0xF3, 0xF3, 0xE2, 0xBF, 0x7B, 0xA8, 0xFE, 0x33, 0x7F, 0xEE, 0x40, 0x4F, 0x99, 0x38, 0x50,
    0x23, 0x62, 0xA1, 0x1C, 0x68, 0x00, 0x0E, 0x00, 0xA8, 0x2D, 0x90, 0xCB, 0x00, 0xC4, 0x9D, 0x41,
    0xA0, 0x70, 0x27, 0x6C, 0x99, 0x82, 0xFC, 0x46, 0x6C, 0xD7, 0x4B, 0x2F, 0xD4, 0xCE, 0xB4, 0xB7,
    0xD0, 0xCE, 0xB8, 0xFB, 0xA8, 0xBE, 0xF3, 0x81, 0x22, 0x7C, 0xF5, 0x6B, 0x4F, 0xFE, 0xFB, 0x8F,
    0x7E, 0xE7, 0x40, 0x7E, 0x26, 0x16, 0x04, 0x01, 0x1A, 0x9E, 0x00, 0x6B, 0x56, 0x70, 0xC9, 0xFF,
    0x62, 0x5C, 0x8C, 0xBE, 0x93, 0xDB, 0x31, 0x70, 0x79, 0x5F, 0x9C, 0x9E, 0x78, 0x4C, 0x31, 0x31,
    0x90, 0x2D, 0x79, 0x0F, 0xDD, 0x6D, 0x07, 0xE6, 0x57, 0x16, 0xF4, 0x02, 0x94, 0x13, 0x50, 0x8C,
    0x97, 0xC8, 0x04, 0xD4, 0x62, 0xC1, 0x48, 0x0B, 0x07, 0x9B, 0xA8, 0x52, 0x4C, 0x29, 0xA2, 0x22,
    0x65, 0x07, 0x88, 0xA1, 0xB4, 0x31, 0x14, 0x5B, 0xBB, 0x15, 0xDA, 0x3D, 0x40, 0xF5, 0x81, 0xE2,
    0xB7, 0x9E, 0x94, 0x21, 0xC4, 0x42, 0x07, 0xAC, 0x81, 0x13, 0x60, 0x80, 0x2C, 0x40, 0xE1, 0xA1,
    0x74, 0xE7, 0x16, 0x78, 0xFA, 0x7D, 0x0F, 0xF5, 0x27, 0xE1, 0x4C, 0x54, 0xFA, 0xBA, 0xBF, 0x48,
    0xD0, 0x9B, 0x50, 0x30, 0xC0, 0x04, 0x7C, 0xC0, 0xF6, 0x28, 0x45, 0x16, 0x2D, 0x32, 0x55, 0x56,
    0x87, 0x15, 0x66, 0x13, 0x42, 0xBE, 0x6C, 0x7C, 0x57, 0x01, 0x8C, 0xBF, 0xF8, 0x93, 0x36, 0x3E,
    0x7B, 0xDC, 0xC5, 0x36, 0xD1, 0x06, 0x0A, 0x47, 0xE9, 0xD1, 0x8E, 0x1A, 0xAE, 0x01, 0x68, 0x99,
    0xEB, 0x5F, 0x8E, 0xC7, 0xAA, 0x7F, 0xAF, 0x76, 0x34, 0x64, 0x13, 0xC5, 0x80, 0xF6, 0x07, 0xA6,
    0xBD, 0xDA, 0xFD, 0xCB, 0x24, 0x12, 0x60, 0x80, 0x7C, 0xDA, 0x18, 0x0F, 0x5E, 0x1F, 0xCA, 0x0D,
    0xE8, 0x52, 0xE1, 0xC6, 0x6E, 0x1C, 0x37, 0x0A, 0x87, 0xF9, 0x2B, 0x4F, 0x25, 0x2D, 0xD9, 0x08,
    0x1C, 0xBE, 0x36, 0x16, 0xD5, 0x3E, 0xD0, 0xFF, 0x3E, 0x6E, 0x17, 0x77, 0xBB, 0xE1, 0xD4, 0x3D,
    0x61, 0x2C, 0xFA, 0xB1, 0xF8, 0xB4, 0x2F, 0x37, 0x8B, 0x08, 0x4F, 0xE3, 0xD1, 0xDF, 0xBD, 0x85,
    0xF9, 0x3F, 0xBD, 0x97, 0x3F, 0x8C, 0xDC, 0xC6, 0xF5, 0xC7, 0x3F, 0x43, 0x4A, 0xDA, 0xDF, 0xCF,
    0x93, 0x78, 0x54, 0xA8, 0x13, 0x64, 0xBA, 0x70, 0x11, 0x04, 0x96, 0xD8, 0xA4, 0x48, 0x80, 0xDB,
    0x9B, 0x31, 0x5C, 0xA6, 0xB0, 0xFA, 0x26, 0x6E, 0xE3, 0xDA, 0x01, 0x2E, 0xC0, 0xDD, 0x92, 0x88,
    0x9B, 0x00, 0x01, 0x62, 0xA5, 0x6F, 0x5C, 0xA4, 0x71, 0x95, 0x14, 0x2A, 0x5C, 0xC8, 0x22, 0x95,
    0x14, 0x2E, 0x5C, 0x64, 0xA4, 0x14, 0x2E, 0x52, 0x98, 0x71, 0x82, 0x14, 0x0E, 0x60, 0x31, 0x0E,
    0x0D, 0xD0, 0x0E, 0x97, 0x2F, 0xF3, 0xC0, 0xBB, 0x95, 0x04, 0x19, 0xCE, 0xE1, 0xA0, 0xF3, 0x5B,
    0xCE, 0xF7, 0xBD, 0xFD, 0xC3, 0xF7, 0x7F, 0xE6, 0x2D, 0x81, 0xEF, 0x00, 0x3C, 0x0F, 0x5C, 0x49,
    0x70, 0x55, 0x3E, 0x83, 0x46, 0x46, 0xF2, 0x3E, 0x9F, 0x70, 0x2D, 0x42, 0x11, 0xA8, 0x82, 0x87,
    0xB2, 0x4D, 0x50, 0x28, 0xB8, 0xB8, 0x40, 0xC0, 0xB5, 0x65, 0x9B, 0xA0, 0x88, 0x14, 0xB5, 0xED,
    0xF1, 0xA4, 0x9B, 0x26, 0x55, 0xD0, 0x83, 0x9D, 0x03, 0x90, 0xEB, 0x0A, 0xA6, 0x79, 0xAB, 0xB6,
    0x22, 0xA1, 0xC8, 0x67, 0xD6, 0x6C, 0xD3, 0xAA, 0xD8, 0xE0, 0xF1, 0x94, 0xF8, 0xB0, 0x4F, 0x11,
    0x0F, 0x59, 0xC9, 0x00, 0x4D, 0x8D, 0xD2, 0x0A, 0xD0, 0xFB, 0x16, 0xAC, 0x24, 0x93, 0x87, 0xA1,
    0x9A, 0x8D, 0xCC, 0xB8, 0x81, 0x7D, 0xB0, 0x3D, 0x37, 0x4E, 0x87, 0xAB, 0x13, 0x5C, 0x43, 0x3E,
    0xB0, 0x07, 0xD9, 0x96, 0x89, 0xC5, 0x47, 0x8D, 0x37, 0xA0, 0x64, 0x5A, 0xC5, 0xD8, 0xDC, 0x97,
    0x36, 0x36, 0x51, 0xFE, 0xD3, 0xBA, 0x58, 0x3E, 0x0C, 0x2E, 0x16, 0x35, 0xF6, 0x29, 0x68, 0xB1,
    0x5D, 0x15, 0xC9, 0xE5, 0xE3, 0x1E, 0x33, 0x5F, 0x0B, 0x3C, 0x22, 0x5B, 0xDF, 0x06, 0x25, 0xF7,
    0xB7, 0x91, 0x25, 0x14, 0xE9, 0x58, 0x68, 0xC3, 0x31, 0x5D, 0xE0, 0x6B, 0xA8, 0x92, 0x2F, 0x41,
    0x44, 0x6A, 0x2F, 0x12, 0xB3, 0x24, 0x60, 0xFB, 0xD5, 0xB0, 0x8A, 0xF9, 0xA4, 0xDE, 0x6F, 0x6D,
    0x70, 0x83, 0x0A, 0x0D, 0x94, 0x9D, 0x0A, 0x1E, 0xAA, 0x16, 0x15, 0x82, 0x11, 0x50, 0xA1, 0xCE,
    0x27, 0x54, 0x28, 0x6B, 0x37, 0xB0, 0x7C, 0x55, 0x76, 0xC7, 0x42, 0xD3, 0xA2, 0x42, 0x65, 0x04,
    0x50, 0x85, 0xF9, 0x44, 0xDE, 0xDA, 0x61, 0x35, 0xBA, 0x81, 0x52, 0x8D, 0x76, 0x85, 0x1A, 0xAD,
    0x64, 0x4B, 0x21, 0x09, 0x94, 0x4C, 0x77, 0x1D, 0xF5, 0x2B, 0x1F, 0x67, 0xD4, 0x2D, 0x9A, 0x11,
    0xF5, 0x4A, 0x1B, 0x43, 0x75, 0x60, 0x38, 0xF6, 0x69, 0xB1, 0x92, 0x8B, 0x04, 0xE5, 0x3F, 0xFE,
    0x74, 0x46, 0xF9, 0xAF, 0xCD, 0xA4, 0xBC, 0xFC, 0x65, 0x02, 0x7D, 0x1F, 0x8A, 0x76, 0xE1, 0x3E,
    0x28, 0xAF, 0xD8, 0x1E, 0xFB, 0x32, 0x9A, 0xA0, 0xAE, 0xD8, 0x6E, 0xB5, 0x78, 0xF2, 0x69, 0xA3,
    0x8E, 0x50, 0xA6, 0xB5, 0xA3, 0x4B, 0xDC, 0x76, 0x01, 0x36, 0xCC, 0xBE, 0x26, 0x9F, 0xA9, 0x66,
    0x20, 0xD9, 0xE9, 0x96, 0xD4, 0x86, 0x85, 0x81, 0x99, 0x37, 0x88, 0x44, 0x27, 0x73, 0xFE, 0x55,
    0x13, 0xCA, 0x30, 0xAF, 0xC2, 0x5D, 0x3C, 0x9B, 0x2C, 0x9B, 0xD8, 0x67, 0x93, 0x0C, 0x26, 0xD8,
    0x50, 0xB4, 0xCA, 0xF0, 0x01, 0xAF, 0x8E, 0x10, 0xCA, 0x5A, 0x5E, 0x1D, 0x4D, 0xBA, 0x4F, 0xFE,
    0xF2, 0xD5, 0xEF, 0x5A, 0x33, 0xFF, 0x2C, 0x49, 0x8F, 0x8A, 0x03, 0xB9, 0xF4, 0x7E, 0x46, 0x99,
    0xED, 0x81, 0x46, 0x23, 0x85, 0x8A, 0xB3, 0xB0, 0x97, 0x2F, 0x2B, 0xE3, 0xE7, 0x7D, 0x85, 0x1D,
    0xCC, 0xE7, 0x43, 0xA5, 0xE9, 0xED, 0x65, 0xA2, 0x12, 0x89, 0x65, 0xF7, 0xB8, 0x59, 0x17, 0xD4,
    0x6A, 0xD9, 0xDA, 0x5E, 0x51, 0x55, 0xD8, 0xA0, 0x88, 0x22, 0xAB, 0x5A, 0xB1, 0x79, 0x0C, 0x4B,
    0x45, 0x8A, 0x47, 0xF8, 0xB2, 0x22, 0x07, 0x45, 0x9D, 0x2C, 0xF5, 0x85, 0xE6, 0x37, 0xA1, 0xDA,
    0x29, 0x6A, 0xE0, 0x42, 0x11, 0x80, 0xBD, 0x02, 0x60, 0xBD, 0xAF, 0x58, 0x0C, 0x8A, 0x64, 0x11,
    0x7C, 0xB4, 0xC1, 0xC7, 0xB2, 0x75, 0xBA, 0x92, 0x6C, 0x23, 0x69, 0xAD, 0x6A, 0x1B, 0x9B, 0xB4,
    0xAA, 0xB4, 0xCA, 0xB4, 0x8A, 0x27, 0x96, 0xEB, 0x92, 0xF6, 0xA9, 0xA8, 0x9B, 0x6D, 0x51, 0xAB,
    0x76, 0xD5, 0xAD, 0x9A, 0x55, 0xAF, 0xEF, 0x28, 0xB7, 0x9A, 0xC7, 0x91, 0x72, 0x4A, 0x7C, 0x35,
    0x93, 0xF7, 0x9A, 0x49, 0x09, 0x79, 0xD4, 0xCC, 0x48, 0x5C, 0xF8, 0xC7, 0xC3, 0xC2, 0x3F, 0xD8,
    0x2E, 0xFC, 0x9E, 0x2C, 0xBC, 0x6D, 0xFE, 0xB8, 0xF0, 0xF2, 0xDF, 0x0B, 0xB7, 0xB2, 0xF0, 0x4C,
    0xE2, 0x65, 0xE5, 0xC8, 0x7D, 0xCD, 0x69, 0x8B, 0x7F, 0xA0, 0x49, 0x1D, 0x71, 0x51, 0xB3, 0x3A,
    0x92, 0xA7, 0xB4, 0x2E, 0xF6, 0x53, 0x42, 0xD5, 0x7C, 0xCA, 0xA5, 0x5A, 0x4F, 0x4C, 0x8D, 0xDB,
    0xB0, 0xD8, 0x0E, 0x6A, 0x3A, 0x45, 0xA8, 0x96, 0x53, 0x90, 0x6A, 0x58, 0x99, 0xDA, 0x2D, 0x6B,
    0x35, 0x9B, 0x22, 0x54, 0xAB, 0xCA, 0xD4, 0xA8, 0x32, 0x94, 0xA9, 0xC9, 0xC4, 0xD4, 0x62, 0x62,
    0x6A, 0x30, 0x31, 0x76, 0x09, 0xD6, 0x2C, 0xEC, 0x52, 0xBC, 0xCB, 0xF1, 0x5A, 0x81, 0xE6, 0x04,
    0x77, 0x9F, 0x18, 0xCC, 0x83, 0x2D, 0x37, 0xF0, 0x1F, 0x4B, 0x3E, 0x53, 0x0E, 0xE5, 0x2F, 0x66,
    0x34, 0xAF, 0x77, 0xD1, 0xD3, 0x67, 0xF3, 0x34, 0xA6, 0x6F, 0xCB, 0x84, 0xD5, 0xD4, 0x0C, 0x1B,
    0x9A, 0x49, 0xC6, 0x0D, 0xC0, 0xE5, 0x23, 0xC5, 0xFE, 0x10, 0x30, 0xC3, 0x00, 0x50, 0x45, 0x38,
    0xB0, 0x01, 0xEE, 0x96, 0x2D, 0x94, 0x33, 0x68, 0x01, 0x80, 0xC0, 0xE3, 0x94, 0x0F, 0x80, 0x9D,
    0x00, 0xA7, 0xF0, 0xC2, 0x0C, 0xAC, 0x2B, 0x8D, 0xC2, 0x07, 0x78, 0x4F, 0xEF, 0xED, 0x8B, 0x16,
    0xD3, 0xBB, 0x8E, 0x5C, 0xA4, 0x57, 0x18, 0xB0, 0x75, 0x36, 0xE1, 0x82, 0xD9, 0x52, 0x04, 0x23,
    0x34, 0xBD, 0x93, 0x56, 0x14, 0x6C, 0xB8, 0xAD, 0xE7, 0xE1, 0x72, 0x14, 0x6E, 0x1E, 0x1D, 0x80,
    0x66, 0xCE, 0x70, 0xF2, 0x19, 0x65, 0x98, 0x75, 0x83, 0xEA, 0xEE, 0xDC, 0xBD, 0x3C, 0x15, 0x65,
    0x2D, 0xC1, 0x89, 0xC4, 0xB4, 0x17, 0x01, 0xD4, 0xF3, 0xE4, 0x77, 0xA9, 0x65, 0x7B, 0xE4, 0xB1,
    0x17, 0xBD, 0x6C, 0xD2, 0x3E, 0x7C, 0xD3, 0x65, 0xC7, 0xE3, 0x5F, 0xEE, 0xAD, 0xDA, 0xAA, 0x68,
    0x4B, 0x09, 0xD9, 0x00, 0x01, 0xAE, 0x60, 0x92, 0x77, 0x03, 0x76, 0xD0, 0xB0, 0xB3, 0xC7, 0xAE,
    0x7C, 0xA4, 0x10, 0x4A, 0x09, 0xAC, 0xF3, 0x16, 0xFC, 0x6B, 0x11, 0x0A, 0xA9, 0xC1, 0x8C, 0x68,
    0x76, 0x79, 0x9C, 0xAE, 0xCE, 0x40, 0x23, 0xDD, 0xB3, 0x19, 0x9C, 0x3A, 0x47, 0x52, 0xC6, 0x34,
    0x61, 0x9B, 0xE3, 0x74, 0x99, 0x26, 0x58, 0xE9, 0x8B, 0x6C, 0x5A, 0xB3, 0x5D, 0x53, 0x6D, 0xF0,
    0x9E, 0x32, 0xCD, 0xCE, 0x34, 0x3A, 0x75, 0x72, 0x36, 0x35, 0x2F, 0x64, 0x1D, 0x94, 0x1F, 0xAA,
    0x06, 0x89, 0xC0, 0xF6, 0x29, 0x2F, 0x75, 0x90, 0x76, 0x3A, 0x47, 0xA3, 0x1B, 0xF0, 0xCB, 0x84,
    0xFC, 0x66, 0x58, 0x1D, 0xC3, 0x7A, 0x19, 0x9E, 0xD9, 0x76, 0xE7, 0xA5, 0x4E, 0xCE, 0xAC, 0xBB,
    0x8E, 0xCE, 0x06, 0x23, 0xA3, 0x46, 0x08, 0x06, 0x94, 0xD2, 0x18, 0xAD, 0x9B, 0x28, 0xB5, 0x8B,
    0x65, 0x5A, 0x29, 0xC2, 0x27, 0x57, 0xAB, 0xE3, 0x53, 0xA7, 0xE7, 0x6E, 0x78, 0xAE, 0xA4, 0x56,
    0xAF, 0x5B, 0x70, 0x79, 0x04, 0xAF, 0x41, 0x28, 0xE8, 0xDB, 0x73, 0xF4, 0x9F, 0x66, 0x00, 0xF5,
    0x1D, 0x30, 0xFD, 0x1E, 0xF9, 0x28, 0xBA, 0x54, 0x3E, 0x5B, 0x1C, 0x58, 0xE5, 0xAE, 0x06, 0x4A,
    0x95, 0x8E, 0x00, 0x5E, 0xE7, 0xDB, 0x0E, 0x8B, 0x01, 0xCC, 0xB0, 0xEC, 0x6D, 0xDB, 0xC2, 0xFF,
    0xF3, 0xEC, 0x42, 0xFC, 0xFA, 0x2E, 0x3B, 0x53, 0x88, 0xE7, 0xD0, 0x79, 0xCF, 0x24, 0xC4, 0xBC,
    0x05, 0x56, 0xDD, 0xEE, 0x70, 0xBC, 0xA3, 0x70, 0xE5, 0x5B, 0xAF, 0xE2, 0x21, 0xF0, 0x3E, 0xE0,
    0x8F, 0x5B, 0xCA, 0x84, 0x67, 0x15, 0xE2, 0xA9, 0x86, 0xC0, 0xD5, 0x39, 0x60, 0x44, 0x7A, 0x56,
    0xA3, 0x9E, 0x68, 0x9D, 0xD9, 0x52, 0xB6, 0x8C, 0xF8, 0x96, 0x80, 0xAF, 0x21, 0x41, 0x29, 0xC1,
    0xD7, 0x5E, 0x6A, 0xDF, 0xE6, 0x33, 0xBE, 0xD5, 0x9F, 0x44, 0xB6, 0xB8, 0x3E, 0xC1, 0x6A, 0xCA,
    0x46, 0x10, 0xE9, 0x54, 0x15, 0x14, 0xA6, 0x4B, 0x5D, 0x63, 0x25, 0x6A, 0x4C, 0x97, 0x01, 0x2E,
    0xCD, 0xEB, 0x42, 0x26, 0x9F, 0xF7, 0x47, 0xD9, 0xB0, 0x9F, 0x0D, 0x65, 0xDE, 0x97, 0x12, 0x7F,
    0xF4, 0x2E, 0xD5, 0x1C, 0xBC, 0x24, 0x79, 0x3C, 0xE4, 0xCE, 0x21, 0x07, 0x49, 0xB6, 0x12, 0x9E,
    0xF5, 0x01, 0x8B, 0xAD, 0x01, 0x87, 0x42, 0x00, 0x56, 0xFF, 0x04, 0xCC, 0xF6, 0x7F, 0x9E, 0xB3,
    0x52, 0xD3, 0x63, 0x7A, 0x12, 0x32, 0x77, 0x94, 0xB7, 0xE0, 0x3A, 0xC0, 0xBE, 0xC2, 0x84, 0x96,
    0x47, 0xA1, 0x06, 0xB2, 0x77, 0x76, 0x03, 0xF4, 0x1A, 0x70, 0xED, 0xF9, 0x93, 0xB7, 0xF9, 0xF0,
    0xEC, 0x67, 0x2C, 0x79, 0x0B, 0xAB, 0x88, 0x66, 0x86, 0x12, 0x78, 0x09, 0xF8, 0x3E, 0x20, 0x2D,
    0xD9, 0x83, 0x48, 0x76, 0x2F, 0x62, 0x92, 0x4C, 0x75, 0xB6, 0xD9, 0xAB, 0xB4, 0x07, 0xBB, 0xED,
    0x00, 0x93, 0x02, 0x79, 0xA7, 0x48, 0x16, 0x78, 0x8A, 0x44, 0x1D, 0x86, 0x46, 0x64, 0x02, 0xCA,
    0x89, 0x35, 0xB0, 0x9E, 0xD0, 0x3C, 0x7C, 0x31, 0x01, 0x98, 0xBF, 0x4E, 0x79, 0x80, 0xFC, 0x9E,
    0x48, 0x0D, 0xF6, 0x15, 0x65, 0x14, 0x66, 0x5A, 0x25, 0xE6, 0x45, 0xBF, 0xA3, 0xD1, 0x9B, 0xA1,
    0x37, 0x13, 0x59, 0x9B, 0xC7, 0xC4, 0xF2, 0xDA, 0xB6, 0x59, 0x8A, 0x1F, 0x0D, 0x5E, 0x66, 0x44,
    0xD9, 0xB4, 0xDB, 0xB7, 0x56, 0xC1, 0xD5, 0x27, 0x25, 0x79, 0xE9, 0x24, 0xDC, 0xBC, 0x49, 0xF1,
    0x3C, 0x94, 0xAE, 0x0C, 0xF2, 0xEA, 0xE0, 0xA9, 0xB2, 0x71, 0x9F, 0x6A, 0x35, 0x6C, 0x52, 0x89,
    0x43, 0x82, 0x4E, 0xA3, 0xAE, 0x2F, 0xA4, 0xB0, 0xE3, 0xB5, 0xA4, 0x4F, 0xC6, 0x14, 0x78, 0x13,
    0x59, 0xC8, 0x29, 0x94, 0xBB, 0x32, 0x8F, 0x0A, 0xBF, 0xB9, 0x05, 0xE4, 0x51, 0xA1, 0xD5, 0x0D,
    0xDB, 0x9E, 0x74, 0x67, 0xA1, 0xDD, 0x59, 0x6A, 0x77, 0xAE, 0x7D, 0xF0, 0x1C, 0xFA, 0xD6, 0x33,
    0x16, 0x09, 0x7A, 0x17, 0x7D, 0xA6, 0xF0, 0x6A, 0x74, 0xAD, 0xFF, 0xA0, 0x4D, 0xDD, 0xF9, 0xA7,
    0xBA, 0xA8, 0xAD, 0x04, 0x4F, 0x2E, 0xBB, 0xEE, 0xAC, 0x66, 0xAD, 0xFF, 0x49, 0xBE, 0xEF, 0x80,
    0x19, 0x35, 0xCD, 0x8F, 0x72, 0x6C, 0x9A, 0x9F, 0x60, 0x65, 0x4B, 0x91, 0x4F, 0xAC, 0xF3, 0x2D,
    0x6B, 0xD7, 0xB0, 0xD9, 0xF7, 0xF8, 0xB1, 0xC4, 0x77, 0xCB, 0xC3, 0x74, 0x29, 0x03, 0x47, 0x4D,
    0x0D, 0xB7, 0x0F, 0x80, 0x49, 0x4B, 0xB6, 0xF1, 0x40, 0xA1, 0x99, 0xC9, 0x4C, 0x38, 0xC7, 0x7F,
    0x7B, 0xCE, 0x06, 0xDC, 0xDB, 0x2D, 0xF6, 0xA3, 0x8E, 0xEC, 0x5F, 0x03, 0xBC, 0x78, 0xE5, 0x6C,
    0x1D, 0x97, 0xFD, 0x16, 0x28, 0xB6, 0xC0, 0xBA, 0x00, 0xAE, 0x5C, 0xE4, 0x1C, 0xBD, 0xE6, 0x0D,
    0xC8, 0x24, 0x92, 0xDF, 0xEB, 0x31, 0xE1, 0xE6, 0xD9, 0x3C, 0xEE, 0x7B, 0x30, 0xC3, 0x08, 0x4C,
    0xEF, 0x03, 0xFB, 0x25, 0x70, 0x31, 0xE3, 0x89, 0x21, 0x21, 0x11, 0xAF, 0xEE, 0xD8, 0x1E, 0x7D,
    0xA0, 0xE7, 0x87, 0x0A, 0x24, 0xF8, 0x6E, 0x02, 0xD9, 0x9E, 0x40, 0x7F, 0x6D, 0xF9, 0xEC, 0xE4,
    0x5B, 0xAC, 0xC2, 0xF3, 0xD8, 0x81, 0x43, 0x55, 0x30, 0xAA, 0xAA, 0x9E, 0x1B, 0x05, 0xBE, 0x0C,
    0xC5, 0xDB, 0xED, 0xEA, 0xCF, 0x1D, 0x37, 0x6F, 0xA2, 0x4E, 0x93, 0xC2, 0x29, 0x57, 0xFD, 0x3A,
    0x1F, 0xD6, 0xB6, 0xDB, 0xDC, 0xC5, 0xDF, 0xC2, 0x73, 0xA1, 0x68, 0xF7, 0xAC, 0xF4, 0xA6, 0xA9,
    0xB9, 0xA4, 0x9D, 0xEB, 0x27, 0xE0, 0xF0, 0x06, 0x70, 0xF9, 0xC2, 0x79, 0x3A, 0xC8, 0xBB, 0xE4,
    0x52, 0xBB, 0xB7, 0xDA, 0x8B, 0x26, 0x9C, 0xC6, 0xBB, 0xDB, 0x07, 0xDA, 0xAD, 0x47, 0x9E, 0xC2,
    0x05, 0xED, 0xD3, 0x33, 0xFD, 0xC7, 0x3F, 0xD8, 0xE3, 0x8E, 0x1E, 0xDC, 0xB8, 0x5F, 0xB5, 0xE6,
    0x95, 0x70, 0x9A, 0xFF, 0xF8, 0xD9, 0x3B, 0xDA, 0x6A, 0xEB, 0x42, 0xDB, 0xEC, 0x4C, 0x46, 0x53,
    0x5A, 0xFD, 0xF8, 0xDE, 0x3A, 0x65, 0xF3, 0xE6, 0xA5, 0xE8, 0x63, 0x19, 0x5D, 0xB4, 0xC7, 0x2F,
    0xD7, 0x55, 0x53, 0xB3, 0x65, 0x6F, 0x0D, 0x1A, 0x19, 0x5A, 0x32, 0xB0, 0x1F, 0xB6, 0x60, 0x42,
    0x7D, 0x8E, 0x4F, 0x11, 0xCE, 0xD6, 0x69, 0x27, 0xA6, 0x8D, 0xA8, 0xFB, 0x50, 0xB7, 0xE1, 0x29,
    0x9E, 0x22, 0x8C, 0xEE, 0x3A, 0x2B, 0x40, 0x61, 0x6B, 0xB8, 0x68, 0x38, 0x47, 0x07, 0x79, 0x03,
    0x23, 0x31, 0xBF, 0xDF, 0xEB, 0x96, 0x3B, 0x85, 0x77, 0xD9, 0xFD, 0x0E, 0xF2, 0xCF, 0x7B, 0x30,
    0xE3, 0x04, 0x1C, 0xED, 0x03, 0xFF, 0x77, 0xF1, 0xC9, 0x06, 0x9E, 0xD1, 0xFE, 0xEB, 0xB0, 0xBD,
    0x56, 0xA8, 0xCF, 0xA6, 0x04, 0x66, 0x3A, 0x91, 0xF4, 0x33, 0x91, 0xA8, 0x50, 0xA7, 0xB7, 0x45,
    0x9B, 0xC0, 0x75, 0x09, 0x4E, 0x7E, 0x6C, 0x07, 0x33, 0xE3, 0xC5, 0x4A, 0x5B, 0x89, 0x93, 0xE8,
    0x5C, 0x28, 0x5E, 0xAB, 0xDD, 0x87, 0x31, 0xFB, 0xA4, 0xE7, 0xE6, 0x8B, 0x80, 0x79, 0x30, 0xFA,
    0x87, 0xDB, 0xB2, 0x3F, 0x72, 0xF1, 0xC0, 0x46, 0x76, 0x57, 0xD2, 0x52, 0x6D, 0x49, 0x85, 0xE6,
    0xB9, 0x5B, 0x40, 0x35, 0x00, 0xC3, 0x21, 0x70, 0xF3, 0xCA, 0x79, 0x3A, 0xC8, 0x4F, 0xC9, 0xA4,
    0x5D, 0xFD, 0xA1, 0x33, 0x84, 0x53, 0x79, 0x77, 0xBD, 0x38, 0x69, 0xC1, 0x74, 0x6E, 0x80, 0x9E,
    0x1C, 0xE8, 0xD9, 0x71, 0x7E, 0x7F, 0x65, 0xB5, 0x6C, 0x5A, 0xB5, 0xEC, 0x8B, 0x11, 0x0E, 0x8F,
    0xB4, 0x64, 0x67, 0x7C, 0xBE, 0x7A, 0xF7, 0xE4, 0x61, 0x31, 0x9D, 0x28, 0xDA, 0x9C, 0xE1, 0x1C,
    0xBD, 0xE6, 0xB9, 0x5A, 0xAB, 0xA8, 0x45, 0xD4, 0x1A, 0x9E, 0xCD, 0xE3, 0xE6, 0x93, 0x56, 0xAB,
    0xE9, 0xBA, 0xAB, 0xBD, 0x8B, 0x66, 0x70, 0x1D, 0x6F, 0xBA, 0x51, 0x63, 0xF8, 0x3B, 0x88, 0x04,
    0xAC, 0x5A, 0x2B, 0xA7, 0x03, 0xCC, 0x76, 0x1F, 0xE6, 0xB2, 0x66, 0xEB, 0x06, 0x33, 0xA5, 0x7B,
    0xFA, 0xFC, 0xA3, 0x39, 0xA0, 0x94, 0x69, 0x95, 0xBA, 0xC4, 0xE3, 0x22, 0x5F, 0x4A, 0x6C, 0xEE,
    0x9C, 0xF4, 0xA5, 0x19, 0x8A, 0xF0, 0x92, 0xFB, 0x92, 0x4C, 0xFA, 0xCB, 0x57, 0x93, 0x92, 0xF7,
    0x6F, 0xB0, 0xE7, 0xFE, 0x31, 0xDA, 0x26, 0x02, 0xBC, 0x0C, 0x1B, 0xB8, 0x0E, 0xDF, 0x83, 0xD7,
    0x29, 0x44, 0xB6, 0xDA, 0x77, 0xC2, 0x61, 0x3E, 0xB8, 0xFA, 0xF7, 0xF9, 0x90, 0xD7, 0x1A, 0x37,
    0xA7, 0x06, 0x3B, 0x02, 0x5E, 0x4E, 0x40, 0x09, 0x13, 0x81, 0xBC, 0x57, 0x49, 0x81, 0x16, 0xC8,
    0x01, 0x2E, 0x63, 0x4E, 0x5A, 0xAF, 0x91, 0xBA, 0x92, 0xE0, 0x54, 0x7E, 0xF2, 0xEA, 0xB4, 0x96,
    0xD9, 0x97, 0x28, 0xBD, 0x09, 0x13, 0xEC, 0xC1, 0x0F, 0xE0, 0x16, 0xFF, 0x05, 0x64, 0x8D, 0x21,
    0x4C, 0xC3, 0x40, 0x18, 0x46, 0xDF, 0x68, 0xC8, 0x05, 0x4A, 0x52, 0x33, 0xC9, 0x38, 0x4F, 0xB6,
    0xFD, 0x08, 0xC4, 0x44, 0x4B, 0x7F, 0x6F, 0xC0, 0x2B, 0xBC, 0x9A, 0xA8, 0x40, 0xC0, 0x7A, 0xDE,
    0xFB, 0xE0, 0xF1, 0xA4, 0x82, 0xA4, 0x4D, 0xF0, 0xA1, 0x5E, 0xE1, 0xD5, 0x89, 0x8A, 0x09, 0xE8,
    0xF1, 0x7B, 0x5E, 0xBE, 0x7C, 0xF2, 0xBD, 0x8E, 0x1F, 0x0E, 0x78, 0x5D, 0x68, 0x1E, 0x8A, 0x41,
    0xF4, 0x85, 0x47, 0x50, 0xB2, 0x09, 0x99, 0xB5, 0x97, 0xE1, 0x29, 0x0F, 0xDB, 0xB3, 0xF6, 0xEB,
    0x3D, 0x35, 0x1F, 0xFD, 0x31, 0x1D, 0x97, 0xA7, 0x54, 0x05, 0x7E, 0xC6, 0x4D, 0x6C, 0x68, 0xE9,
    0xED, 0xCB, 0x42, 0x93, 0x0C, 0xB6, 0x32, 0xD7, 0x6B, 0x5A, 0x75, 0xC1, 0x69, 0x0E, 0x9C, 0x87,
    0x3A, 0x36, 0x46, 0x1D, 0xFD, 0x58, 0x96, 0xCF, 0x46, 0xD3, 0xEC, 0xF7, 0x26, 0x34, 0xAD, 0x24,
    0xB5, 0x04, 0xCA, 0xE6, 0x8A, 0x5A, 0xF0, 0xF7, 0x83, 0xFB, 0x1C, 0x09, 0x0F, 0x27, 0xAF, 0xF8,
    0x5F, 0x2A, 0x8F, 0x85, 0x32, 0x2E, 0xA8, 0xA8, 0x59, 0xC1, 0x2D, 0xBB, 0xE5, 0x5A, 0x3A, 0x17,
    0xFF, 0x37, 0x0B, 0x5D, 0xDF, 0x6D, 0x2F, 0x6F, 0x56, 0xEC, 0xE8, 0x43, 0xF6, 0xFD, 0x36, 0xB6,
    0x61, 0x81, 0x68, 0x47, 0x64, 0xE2, 0xF0, 0xB7, 0x0D, 0xF2, 0x17, 0x90, 0x9D, 0xAC, 0xC7, 0xBB,
    0xBF, 0xFF, 0xFB, 0xBF, 0x82, 0x3F, 0x20, 0xAF, 0x00, 0x00, 0xBD, 0xD9, 0x01, 0x84, 0x2D, 0xE7,
    0xDD, 0xC7, 0xF1, 0xCF, 0xCC, 0x6C, 0x32, 0x6F, 0x32, 0x6F, 0xEF, 0x2C, 0xBD, 0x8A, 0xC4, 0xBD,
    0x03, 0xA1, 0x0D, 0x77, 0xEF, 0x81, 0x20, 0xD8, 0xDD, 0x19, 0xB9, 0xB4, 0x28, 0x12, 0x00, 0x0A,
    0x05, 0x14, 0x48, 0x90, 0x72, 0x71, 0xB3, 0x67, 0xDA, 0x02, 0x82, 0x5E, 0x00, 0xA8, 0x5E, 0x04,
    0x80, 0xC0, 0x22, 0xB8, 0x37, 0x67, 0xA2, 0x28, 0x82, 0x4C, 0x14, 0x00, 0x9D, 0x4A, 0x35, 0x40,
    0x32, 0x4D, 0x4F, 0xD3, 0xAD, 0x9C, 0x73, 0xA6, 0xF3, 0xE8, 0xEE, 0x72, 0x9D, 0x68, 0xEE, 0x3D,
    0xCE, 0x1E, 0x33, 0xF3, 0xB5, 0x33, 0xC6, 0x73, 0x7E, 0xDF, 0xF3, 0xDF, 0xE7, 0x3F, 0x3B, 0xCF,
    0x4A, 0xE6, 0xC8, 0x16, 0xC8, 0x03, 0x6E, 0xAE, 0x70, 0x34, 0xC5, 0x61, 0x59, 0xF1, 0xC1, 0xA4,
    0xA1, 0x2F, 0x1A, 0x51, 0x9F, 0x77, 0x92, 0x61, 0xE8, 0x03, 0xE6, 0xB2, 0x3A, 0x5E, 0xC8, 0xAB,
    0x68, 0xA9, 0xA8, 0xA2, 0xC1, 0xAC, 0xCF, 0x87, 0x66, 0x08, 0x00, 0x92, 0x06, 0x79, 0x7F, 0x81,
    0x70, 0x1A, 0xAD, 0x62, 0xF9, 0xF0, 0x85, 0x49, 0xB5, 0x52, 0x3A, 0x71, 0xEC, 0xE4, 0x72, 0x2B,
    0x4D, 0x4D, 0xEA, 0xA1, 0xCA, 0x87, 0xA1, 0x8D, 0x56, 0xBF, 0x04, 0x72, 0x94, 0x4D, 0x38, 0xC8,
    0x11, 0xDF, 0x47, 0x36, 0x87, 0xB7, 0x2F, 0xD1, 0x03, 0xC0, 0xD6, 0x5D, 0x5E, 0xC6, 0x80, 0x0C,
    0x19, 0xAE, 0xC1, 0x06, 0x2A, 0x1C, 0xC2, 0x23, 0x58, 0xE0, 0x4E, 0x4F, 0xF2, 0x75, 0xC5, 0x64,
    0x85, 0x0F, 0x43, 0xAE, 0xBB, 0x59, 0x75, 0x95, 0x26, 0xD2, 0x86, 0xAC, 0xA1, 0xA8, 0x39, 0x66,
    0xEF, 0x25, 0x4E, 0x48, 0x87, 0x4E, 0xFE, 0xD9, 0x99, 0xAC, 0x3E, 0xDD, 0xC8, 0x2C, 0xAB, 0x90,
    0x37, 0x48, 0x5B, 0x44, 0x7D, 0x85, 0x1F, 0xF6, 0x76, 0x67, 0x76, 0x88, 0x63, 0x4C, 0x10, 0xFC,
    0xFC, 0x8A, 0x20, 0x19, 0x0D, 0x67, 0x92, 0xB3, 0x95, 0xB8, 0x3B, 0x00, 0xA6, 0x75, 0x9D, 0x0C,
    0xDF, 0xD4, 0x59, 0x5B, 0xD6, 0x79, 0x53, 0xD4, 0x79, 0x5D, 0x5C, 0x6C, 0xE1, 0xBC, 0xC9, 0xBA,
    0xB2, 0x0D, 0x9F, 0x64, 0xFA, 0xBB, 0x0A, 0x78, 0xBE, 0x42, 0xD9, 0x20, 0x6E, 0xF1, 0x5A, 0x43,
    0xF2, 0x8F, 0x9A, 0xC9, 0x50, 0xED, 0xC4, 0x4C, 0xF4, 0x80, 0x64, 0x41, 0x74, 0x88, 0x43, 0xF6,
    0x5E, 0xD9, 0x4A, 0xCD, 0x14, 0x3F, 0x46, 0xF9, 0x71, 0xC5, 0x3B, 0x03, 0x5E, 0x3D, 0x81, 0x0A,
    0xC9, 0x2E, 0x0B, 0x17, 0x75, 0x0F, 0xA4, 0x8B, 0x5E, 0xF6, 0x7E, 0x2F, 0xF9, 0x69, 0xCB, 0x9E,
    0xED, 0xE8, 0x6D, 0x5F, 0x65, 0xD3, 0x9E, 0xB7, 0x35, 0xA7, 0xB5, 0x5E, 0xE8, 0x00, 0x8E, 0x61,
    0x81, 0xA8, 0x0F, 0xA8, 0x71, 0xFD, 0x19, 0x1C, 0xE6, 0x28, 0x56, 0x48, 0xE7, 0xAE, 0xD2, 0x3B,
    0x38, 0xA6, 0x2D, 0x79, 0xC3, 0x04, 0x2F, 0x11, 0x55, 0x6F, 0x48, 0x3E, 0xEA, 0xC5, 0x43, 0xCB,
    0xAC, 0xDA, 0x5C, 0x57, 0x71, 0xD9, 0x5B, 0xE2, 0x0E, 0xDE, 0xD8, 0xB5, 0x5E, 0xD4, 0x11, 0xF7,
    0x58, 0xE0, 0x18, 0xCF, 0x6C, 0x49, 0xEF, 0xDB, 0x9F, 0x64, 0xBB, 0xD6, 0x5B, 0x7F, 0xBA, 0xAD,
    0xEB, 0x6D, 0xAD, 0xBF, 0xAC, 0x9B, 0xED, 0xAE, 0xB5, 0x6C, 0xC7, 0x6A, 0xDD, 0xC0, 0xEE, 0x3B,
    0xCA, 0x76, 0x54, 0xD6, 0xBA, 0x09, 0xA6, 0xE3, 0x0D, 0xCA, 0x90, 0x2C, 0xEB, 0xCD, 0xA5, 0xBD,
    0x57, 0x03, 0x8C, 0xF8, 0x1E, 0xE9, 0xB0, 0xBC, 0x40, 0x7F, 0xE3, 0xE2, 0x5A, 0x4F, 0x40, 0x16,
    0x70, 0x4D, 0x36, 0x77, 0x2F, 0x0C, 0x70, 0x16, 0x86, 0xEA, 0x01, 0x71, 0x8B, 0xAC, 0xBF, 0x40,
    0x38, 0x8D, 0x56, 0x46, 0xC1, 0x49, 0xDA, 0x1F, 0x25, 0xF3, 0xA3, 0xAC, 0x3B, 0xF9, 0x50, 0x79,
    0x5F, 0x69, 0xAF, 0x68, 0x0E, 0xB3, 0xA1, 0x8F, 0x66, 0x35, 0xDC, 0x66, 0x5A, 0x85, 0xFD, 0x36,
    0xCF, 0xD6, 0xC8, 0x7B, 0xEC, 0x05, 0x08, 0x88, 0x5A, 0x70, 0x55, 0xD9, 0xDF, 0x13, 0x2F, 0xB9,
    0xC9, 0x0D, 0x6E, 0xF1, 0x24, 0xA1, 0x6F, 0x3F, 0x87, 0xD9, 0x6F, 0xF1, 0xAF, 0x15, 0xDE, 0x7E,
    0x78, 0x95, 0x01, 0xD3, 0x4F, 0xEB, 0xFC, 0xEB, 0x36, 0x2F, 0xDB, 0xAC, 0xA8, 0x9F, 0x28, 0x1D,
    0x1F, 0xC0, 0x02, 0xF1, 0x1C, 0x3F, 0x69, 0xC9, 0xFE, 0x86, 0xE9, 0x0A, 0xCB, 0x69, 0xC5, 0xBC,
    0xB8, 0xCA, 0xC4, 0xE4, 0x28, 0x2A, 0x4A, 0x3C, 0x64, 0xFF, 0x3E, 0x4B, 0xB2, 0xA1, 0x35, 0xF9,
    0xB8, 0x77, 0x33, 0xEE, 0x20, 0xA8, 0x04, 0x17, 0xA3, 0x8C, 0xD1, 0xC6, 0xA8, 0x63, 0xF4, 0x09,
    0x42, 0xC1, 0xC8, 0xA8, 0x64, 0x74, 0x12, 0xA4, 0x8A, 0xC7, 0x9F, 0x12, 0x49, 0x57, 0xE1, 0x67,
    0xDD, 0x0E, 0xAD, 0x4E, 0xB1, 0xC0, 0xC9, 0x79, 0x90, 0x68, 0x0F, 0x65, 0x25, 0x0E, 0x73, 0xFB,
    0xAB, 0x85, 0xB4, 0xFE, 0x00, 0x98, 0xD6, 0x92, 0xF0, 0xA9, 0x1F, 0x85, 0xE9, 0xBE, 0x94, 0xBF,
    0x76, 0xA6, 0x78, 0xBF, 0x96, 0xFF, 0x95, 0xBC, 0x89, 0xA4, 0x7D, 0x2E, 0x1E, 0x16, 0xBC, 0xD9,
    0xE1, 0x05, 0x98, 0xD6, 0xF8, 0x7E, 0x83, 0x3B, 0x35, 0xD9, 0xE7, 0x3B, 0xB4, 0x12, 0xDF, 0x0F,
    0x97, 0xBC, 0x1D, 0xF6, 0xFD, 0xDE, 0x32, 0x54, 0x69, 0x2C, 0x52, 0xA8, 0xD1, 0xC6, 0x53, 0xA1,
    0x42, 0xB6, 0x5E, 0x9B, 0x1D, 0xCD, 0x91, 0x7D, 0x4F, 0x6B, 0xB1, 0x79, 0xE2, 0xED, 0xB7, 0xCC,
    0x8D, 0xE2, 0x3F, 0xD6, 0x44, 0x43, 0x45, 0x7B, 0x4E, 0x79, 0x8B, 0x1E, 0x50, 0x0E, 0x61, 0xCF,
    0xCE, 0xA4, 0xF3, 0xFF, 0xB5, 0x67, 0x67, 0xE7, 0x77, 0x3E, 0x5B, 0x17, 0xDD, 0x5E, 0xA7, 0x8B,
    0x1A, 0xF7, 0x9F, 0x6D, 0xCB, 0x76, 0xD2, 0xE6, 0x6D, 0x76, 0xBE, 0xE5, 0xDD, 0x74, 0x31, 0x5B,
    0x3E, 0xED, 0x88, 0x88, 0xBB, 0xF3, 0x8B, 0xE1, 0x87, 0x26, 0xEF, 0xF2, 0x2E, 0x6D, 0xBC, 0xF1,
    0xED, 0xC3, 0x73, 0x79, 0xC7, 0x8B, 0x2B, 0xCC, 0x86, 0x4E, 0xD2, 0x27, 0x0B, 0x79, 0x63, 0x50,
    0x04, 0xD7, 0x92, 0x49, 0x53, 0x52, 0x04, 0xE4, 0xED, 0x7F, 0x51, 0xC9, 0x9B, 0x49, 0x33, 0xA2,
    0x68, 0x15, 0x75, 0xD6, 0x2B, 0x25, 0x0B, 0x0B, 0x66, 0x43, 0x4F, 0xB6, 0xAA, 0x00, 0x4E, 0x11,
    0x2D, 0x2F, 0xE0, 0x94, 0x68, 0x56, 0x65, 0x43, 0x5F, 0xC4, 0x8B, 0x23, 0xCB, 0x23, 0xD3, 0x13,
    0x65, 0x69, 0x52, 0x56, 0xC7, 0x45, 0x7B, 0x2F, 0x1D, 0xE6, 0x66, 0x35, 0x1C, 0x30, 0x63, 0xC6,
    0x01, 0xD1, 0x03, 0x24, 0x0B, 0x44, 0x87, 0x10, 0xE0, 0x15, 0x00, 0xD8, 0x7A, 0xF6, 0x97, 0x19,
    0xC8, 0xC8, 0xB8, 0xC6, 0x93, 0x85, 0xBE, 0x09, 0x25, 0x3C, 0xC2, 0xFE, 0x9C, 0xE8, 0xDF, 0x35,
    0xC5, 0x50, 0x53, 0xBE, 0xDE, 0x72, 0x94, 0x34, 0x57, 0x19, 0xFA, 0x49, 0x17, 0x24, 0x66, 0x95,
    0xD1, 0xC5, 0x28, 0x63, 0xB4, 0x31, 0xEA, 0x18, 0x7D, 0x8C, 0x42, 0x46, 0x23, 0xA3, 0x92, 0xE0,
    0x14, 0xA4, 0x92, 0xCB, 0x75, 0x88, 0xA4, 0x87, 0xB3, 0x7D, 0xFC, 0xE0, 0xCC, 0xEE, 0xAC, 0x2E,
    0x17, 0x23, 0xAA, 0xEF, 0x58, 0x8C, 0x78, 0xB3, 0x15, 0xFA, 0x7D, 0xDA, 0xCC, 0xE4, 0x55, 0x59,
    0xE5, 0x55, 0xD1, 0x84, 0x65, 0x88, 0xBC, 0xC9, 0x9A, 0xBC, 0xCD, 0xEB, 0x74, 0x5E, 0x88, 0x86,
    0x25, 0x93, 0xCE, 0xC5, 0x1F, 0x40, 0x1D, 0xF6, 0x7A, 0xEC, 0x77, 0xA1, 0x56, 0xED, 0xEE, 0xAC,
    0x44, 0x0F, 0xC2, 0x25, 0x87, 0xDC, 0xB2, 0xF7, 0xAA, 0x93, 0x50, 0xA5, 0xB1, 0x48, 0xA1, 0x46,
    0x4F, 0xF2, 0xCB, 0x96, 0xFD, 0xBA, 0x62, 0xF2, 0x59, 0xC3, 0xC1, 0xAC, 0xE1, 0xC6, 0x04, 0xF6,
    0x11, 0xED, 0xB2, 0x36, 0x51, 0xF7, 0x20, 0x5D, 0xF4, 0xE9, 0xEF, 0xFB, 0xE4, 0xDD, 0xD6, 0x9E,
    0xA7, 0xB5, 0xD8, 0x3C, 0xF1, 0xF6, 0x9B, 0xD2, 0x46, 0xF1, 0x1F, 0x6F, 0x53, 0x72, 0x98, 0xC0,
    0x31, 0x9C, 0xC1, 0xFD, 0xFF, 0x87, 0x6B, 0xB8, 0x3E, 0xE2, 0xC5, 0xE1, 0x8B, 0x10, 0xE6, 0x6C,
    0x4B, 0x36, 0xEB, 0x8B, 0x05, 0x09, 0x92, 0x2A, 0x9A, 0xFD, 0xA6, 0xCE, 0x86, 0xA1, 0x2A, 0x92,
    0xD5, 0x77, 0xCD, 0xF0, 0xC7, 0xD6, 0x1B, 0x3B, 0x44, 0x73, 0xB8, 0x7E, 0x95, 0xB1, 0xD7, 0x17,
    0x01, 0x36, 0x88, 0xFD, 0xED, 0x0F, 0x85, 0xAB, 0x8C, 0xBD, 0xFE, 0x72, 0xBF, 0x41, 0xEC, 0xB5,
    0x89, 0x7B, 0x95, 0x89, 0x2F, 0x5E, 0xDA, 0xC7, 0x19, 0x2A, 0x79, 0xF7, 0x4F, 0x4F, 0x9F, 0x96,
    0x2D, 0xC4, 0xDB, 0x60, 0x32, 0x4A, 0x36, 0xC9, 0xCA, 0x01, 0x66, 0xE7, 0xC7, 0x01, 0xD3, 0x21,
    0x1E, 0xBA, 0xE9, 0x2A, 0x1A, 0xDA, 0x7C, 0xAE, 0x94, 0xF5, 0x6E, 0x7F, 0x07, 0xD2, 0x73, 0x1C,
    0x49, 0xE6, 0x0E, 0xC5, 0xCB, 0xF3, 0xC0, 0xC1, 0xBD, 0x02, 0xB8, 0x0B, 0xAB, 0x4B, 0xDC, 0x65,
    0xF6, 0xE9, 0x50, 0xCF, 0xDA, 0xA1, 0xCE, 0xDB, 0xC9, 0x78, 0x8C, 0xB6, 0x8F, 0x1F, 0x4D, 0xD6,
    0x4D, 0xDB, 0x64, 0xF8, 0x73, 0x1F, 0xAD, 0x6E, 0x54, 0x20, 0xAB, 0x29, 0x5A, 0xC2, 0x91, 0xD5,
    0x78, 0x0F, 0xF1, 0x12, 0x6E, 0xC2, 0x0D, 0xB8, 0x05, 0xC0, 0x15, 0xB8, 0x3C, 0x5F, 0x51, 0x36,
    0xC4, 0x2D, 0x71, 0x43, 0x52, 0x63, 0x03, 0x15, 0x59, 0x05, 0x79, 0x0D, 0x93, 0x0A, 0xDE, 0x01,
    0x3F, 0x97, 0x82, 0xA4, 0x22, 0x30, 0x18, 0x7C, 0x59, 0x05, 0x85, 0x95, 0x7C, 0xEE, 0x98, 0x10,
    0xF3, 0xC9, 0x98, 0x5E, 0xF0, 0x88, 0x60, 0xE3, 0x5C, 0x47, 0xF0, 0x39, 0x17, 0x62, 0x8E, 0x28,
    0x20, 0xE9, 0x91, 0x35, 0x78, 0x4E, 0xD4, 0x40, 0x3B, 0x7A, 0x35, 0xED, 0x28, 0xF6, 0x4D, 0x33,
    0x9A, 0x7D, 0x59, 0x05, 0x35, 0xD9, 0x1A, 0x1A, 0xC1, 0x4F, 0x10, 0x74, 0x69, 0x48, 0xD2, 0x40,
    0xDA, 0xB9, 0x18, 0x9B, 0x87, 0xE0, 0xFA, 0xAE, 0x1D, 0xEF, 0xC1, 0x23, 0x28, 0x21, 0xAF, 0x11,
    0x55, 0xDB, 0x70, 0xF4, 0x1E, 0xC4, 0x4B, 0x70, 0x13, 0xDC, 0x00, 0xB7, 0x76, 0xEB, 0xB8, 0xF6,
    0x5F, 0xA2, 0xB8, 0x41, 0x52, 0x6F, 0xC1, 0x31, 0xBC, 0xC0, 0x22, 0xFF, 0xBA, 0x0D, 0x2C, 0x03,
    0xF3, 0xA2, 0xDE, 0xB1, 0xDD, 0xDD, 0x1F, 0x61, 0x38, 0x24, 0xFA, 0x7C, 0x81, 0xBF, 0xCC, 0xB7,
    0x21, 0x86, 0x1D, 0x6B, 0x00, 0xEE, 0x82, 0xD5, 0x25, 0x2F, 0xAE, 0xD8, 0x86, 0x55, 0x56, 0xA3,
    0x68, 0x2F, 0x10, 0x4E, 0x25, 0x4D, 0x40, 0x87, 0x78, 0x0E, 0x0F, 0xE1, 0xFF, 0x00, 0x08, 0x29,
    0xEF, 0x0C, 0xCD, 0x6C, 0x78, 0x6D, 0x68, 0xF2, 0x85, 0x47, 0x92, 0x85, 0xB9, 0x68, 0x15, 0x77,
    0xCC, 0xEE, 0x34, 0x94, 0x9F, 0x54, 0xE4, 0x2B, 0xA4, 0x0B, 0x24, 0x67, 0xD6, 0xB1, 0xC0, 0x24,
    0x68, 0x96, 0x43, 0x4D, 0x8F, 0x33, 0x3C, 0xC2, 0x04, 0x31, 0x30, 0xFC, 0x7D, 0xA8, 0x67, 0xDD,
    0x50, 0x4D, 0x9A, 0x43, 0x79, 0x73, 0x2A, 0xEB, 0x7A, 0xC9, 0x57, 0xAD, 0xF8, 0x9B, 0x86, 0xA1,
    0x62, 0x86, 0x23, 0xDC, 0xC3, 0x9C, 0xA8, 0x27, 0x69, 0x49, 0x1B, 0xE2, 0xEA, 0x8A, 0xB2, 0x82,
    0xA8, 0x7B, 0xEC, 0x96, 0x70, 0xBA, 0x71, 0xD8, 0x3F, 0xD6, 0xE2, 0xD7, 0x3B, 0xF2, 0x8E, 0xB4,
    0xC6, 0x2F, 0x10, 0xAD, 0xE0, 0xDA, 0x25, 0x6E, 0x5D, 0xE9, 0xF7, 0xFF, 0x02, 0xA6, 0x15, 0x69,
    0x4D, 0x52, 0x91, 0x6D, 0xEF, 0xFB, 0x17, 0x7F, 0xDA, 0x90, 0xFF, 0x33, 0x08, 0x96, 0x2D, 0x59,
    0x5E, 0x5F, 0xA5, 0xC9, 0xE9, 0x5B, 0x92, 0xE5, 0x5D, 0xC9, 0x27, 0x73, 0xF1, 0x1F, 0xBA, 0xAD,
    0x59, 0xFC, 0x07, 0x7D, 0x91, 0x2F, 0x8C, 0xD4, 0x40, 0x14, 0xC6, 0x7F, 0xDB, 0x11, 0x15, 0x0D,
    0x3B, 0x78, 0x28, 0x5D, 0x89, 0x38, 0x32, 0xEE, 0xB2, 0x24, 0xDD, 0xB4, 0x09, 0x02, 0x81, 0xD7,
    0x18, 0xFC, 0x21, 0x4E, 0x9C, 0xE0, 0x76, 0xC6, 0xE3, 0x35, 0x27, 0x10, 0x38, 0x10, 0x27, 0x10,
    0x07, 0x9D, 0xE4, 0x24, 0x66, 0xC0, 0x87, 0x0C, 0x09, 0xC1, 0x9C, 0x29, 0xFF, 0x92, 0x09, 0xE9,
    0xDE, 0xD0, 0xEE, 0x08, 0xC8, 0x72, 0xA1, 0x79, 0xDF, 0x9F, 0xF7, 0xBD, 0xF9, 0x54, 0x75, 0x34,
    0x5D, 0xB4, 0x3A, 0x46, 0xDF, 0xC5, 0xD8, 0xEB, 0x49, 0xFC, 0x9F, 0x6D, 0x34, 0x13, 0xF5, 0x99,
    0x91, 0xAC, 0x58, 0xD3, 0xB5, 0xBA, 0x2D, 0x29, 0xD1, 0xAD, 0x36, 0xAA, 0xAD, 0xA8, 0x39, 0xD9,
    0xD9, 0x32, 0xE3, 0xA4, 0x30, 0x2B, 0xC9, 0x5A, 0xB5, 0x9D, 0x76, 0xFA, 0xA1, 0x2B, 0x8B, 0x76,
    0x1C, 0x7D, 0x60, 0xF5, 0x4B, 0xAF, 0x1E, 0xB8, 0x2A, 0x37, 0xB5, 0xE4, 0xE4, 0x36, 0x57, 0x86,
    0x3C, 0x82, 0x33, 0x78, 0x92, 0x06, 0x1D, 0x07, 0x7D, 0xF9, 0x22, 0xF9, 0x2B, 0xE6, 0xEC, 0xAF,
    0xB9, 0x3E, 0xF1, 0xFF, 0xBA, 0x29, 0x89, 0x61, 0xB7, 0x0E, 0x85, 0x51, 0x5E, 0x87, 0xF1, 0x18,
    0x94, 0x2F, 0xCC, 0x9D, 0x99, 0x9F, 0xA3, 0xEF, 0x87, 0xC6, 0x6E, 0x69, 0xBB, 0x66, 0x01, 0x00,
    0xAA, 0x2E, 0x69, 0x2D, 0x6D, 0x01, 0x70, 0x28, 0x5C, 0x09, 0xF0, 0x5A, 0xF8, 0x25, 0xC0, 0x59,
    0xE6, 0x3D, 0xC0, 0xF1, 0xEC, 0x83, 0x05, 0x50, 0xF7, 0xDE, 0x01, 0x50, 0xC4, 0x72, 0xAB, 0xB3,
    0xE7, 0x4B, 0xE5, 0x94, 0x03, 0xBE, 0x6E, 0x8E, 0xBE, 0x04, 0xC8, 0xCE, 0x7B, 0x65, 0x8F, 0x21,
    0xCF, 0x6D, 0x65, 0x15, 0x94, 0xB9, 0x55, 0xB6, 0x82, 0x65, 0x6E, 0x1A, 0x27, 0xA1, 0x17, 0x46,
    0xF7, 0x73, 0x32, 0x3B, 0x7B, 0x1F, 0x86, 0x3D, 0xF2, 0x16, 0xED, 0x94, 0x07, 0xD2, 0xA7, 0x50,
    0xAC, 0xA8, 0x59, 0x72, 0x88, 0x2A, 0xAC, 0x92, 0x66, 0x25, 0xDB, 0x5A, 0xB2, 0xBC, 0xC5, 0xE1,
    0x4D, 0x58, 0x8C, 0x7D, 0x27, 0x4D, 0x43, 0x83, 0x34, 0xC2, 0xD1, 0xB3, 0x58, 0x50, 0x53, 0x51,
    0x18, 0xE1, 0x85, 0x2F, 0x4C, 0x45, 0xCD, 0x02, 0xBA, 0xCF, 0x14, 0x31, 0xA2, 0x3E, 0x2A, 0xAB,
    0xF5, 0x33, 0xDB, 0x8D, 0x50, 0x8D, 0x36, 0x34, 0x11, 0x54, 0x80, 0xCA, 0x8C, 0x20, 0x01, 0x60,
    0x0E, 0x34, 0x66, 0x42, 0xF2, 0x14, 0x16, 0x20, 0x9F, 0x38, 0x3B, 0x7F, 0x0A, 0x88, 0xEF, 0x07,
    0x06, 0x66, 0x6F, 0xDF, 0x90, 0x38, 0x25, 0xE9, 0x9A, 0x5E, 0xA6, 0x56, 0xFA, 0x0F, 0x5B, 0x3E,
    0x62, 0xAF, 0x7E, 0xBC, 0x77, 0xF4, 0xAA, 0xD9, 0x0F, 0x7A, 0x3F, 0x14, 0x17, 0xEE, 0xC6, 0x85,
    0x4B, 0x9C, 0x92, 0x74, 0x4D, 0x2F, 0x49, 0x2D, 0x58, 0x02, 0x3D, 0x64, 0x16, 0x72, 0xA0, 0xDC,
    0x89, 0x5A, 0xB8, 0xF6, 0x6F, 0x34, 0x27, 0x45, 0xF9, 0x65, 0x7B, 0xAA, 0xE2, 0xA7, 0x61, 0x2D,
    0xBE, 0x6D, 0x8E, 0xC5, 0xAF, 0xCD, 0x5A, 0xFC, 0x1C, 0xEE, 0x8A, 0x7E, 0x40, 0xBA, 0x01, 0x4D,
    0x98, 0xFD, 0x20, 0x08, 0xC7, 0xE9, 0xD8, 0x3B, 0x85, 0x51, 0x47, 0x5F, 0xF4, 0xD9, 0x66, 0xC2,
    0xE4, 0x7F, 0x03, 0x7C, 0x8F, 0x01, 0x66, 0x34, 0x41, 0x10, 0x85, 0xBF, 0x99, 0xDE, 0xFF, 0x6F,
    0xB4, 0x98, 0x20, 0x40, 0xEC, 0xF6, 0x05, 0x36, 0x3B, 0x01, 0x04, 0x3D, 0xD9, 0x96, 0x33, 0x05,
    0x83, 0xD9, 0xDD, 0x3E, 0xC2, 0x1E, 0x23, 0x80, 0x00, 0x82, 0x90, 0x3A, 0x42, 0x1F, 0x61, 0xB0,
    0x07, 0x18, 0x0C, 0x36, 0xD8, 0x54, 0x66, 0x48, 0x00, 0xA2, 0x9E, 0x52, 0x55, 0xCA, 0x7B, 0xBE,
    0xF2, 0x13, 0xEF, 0x62, 0x30, 0xD2, 0x99, 0xFC, 0x6E, 0xFA, 0xA9, 0x4F, 0xB3, 0xAF, 0xE2, 0x74,
    0x07, 0xCA, 0x81, 0x62, 0xA4, 0x18, 0x30, 0x82, 0x4B, 0xAC, 0xD6, 0x3C, 0x04, 0x54, 0x93, 0xAA,
    0x10, 0x98, 0x75, 0x03, 0x24, 0xA7, 0xE2, 0x35, 0xAE, 0x61, 0xF3, 0xC2, 0x56, 0x23, 0x5E, 0x70,
    0xF9, 0xDA, 0xE6, 0x67, 0x27, 0x9D, 0x8F, 0xB7, 0x67, 0x0A, 0x8D, 0xEE, 0xA9, 0xDF, 0x90, 0x03,
    0xEC, 0xBF, 0xD8, 0xBB, 0x39, 0xAE, 0x33, 0x7D, 0x53, 0x66, 0x6F, 0xE5, 0xFF, 0x85, 0x5A, 0xD3,
    0x41, 0xE5, 0x58, 0x0A, 0x0E, 0x02, 0x0C, 0x98, 0x3C, 0x27, 0xFA, 0xC8, 0x16, 0xEA, 0x08, 0xE0,
    0x46, 0xC2, 0x9A, 0xF6, 0x8A, 0xB0, 0xA4, 0x7E, 0x9B, 0xD7, 0x66, 0xC7, 0x6B, 0x35, 0xAB, 0x5D,
    0xE1, 0x47, 0xEC, 0x85, 0xBB, 0x2A, 0x76, 0xE6, 0xC7, 0xBC, 0xB6, 0xBD, 0xD5, 0x8C, 0x91, 0x7B,
    0x9B, 0x3A, 0x3F, 0x3F, 0xFC, 0x01, 0x5B, 0x1C, 0x55, 0x7C, 0xAA, 0x7E, 0x4B, 0x3E, 0x06, 0x77,
    0x26, 0x34, 0x84, 0x0D, 0x8B, 0x06, 0x46, 0x6C, 0x62, 0x59, 0xA4, 0x89, 0xEE, 0xA0, 0x00, 0xBE,
    0x6F, 0xBB, 0x36, 0xFC, 0x1B, 0xAA, 0xD3, 0x62, 0xCF, 0x23, 0xBB, 0xC3, 0xE9, 0x7B, 0xC3, 0x2F,
    0xB8, 0x00, 0x8D, 0x94, 0x01, 0x84, 0x25, 0x37, 0x18, 0xC7, 0xFF, 0x33, 0x39, 0x4D, 0x6B, 0x10,
    0x45, 0x41, 0xB9, 0x81, 0x02, 0xD4, 0x00, 0x14, 0x57, 0xC9, 0xED, 0x2A, 0x28, 0x14, 0x2D, 0x00,
    0x05, 0x1C, 0x45, 0x01, 0xAA, 0xDC, 0xCD, 0xB8, 0x02, 0xA0, 0x80, 0x02, 0x40, 0xA1, 0x07, 0x8A,
    0x03, 0xBC, 0x91, 0x71, 0x07, 0x80, 0x37, 0xBD, 0xC5, 0x01, 0x36, 0x6E, 0x8F, 0xD2, 0x62, 0xE3,
    0x8C, 0xCA, 0xB5, 0x49, 0xBE, 0x7E, 0xC9, 0xD3, 0x77, 0x6F, 0x51, 0x2E, 0xFC, 0x7E, 0x49, 0xF2,
    0x65, 0xFF, 0xD9, 0x79, 0x79, 0xF3, 0xC4, 0xDE, 0xE0, 0xC8, 0x75, 0x82, 0x20, 0x5A, 0x3B, 0xFA,
    0xDC, 0xF7, 0xFB, 0xF3, 0xA8, 0xF7, 0x67, 0x71, 0xDC, 0x9F, 0xAD, 0x96, 0x6B, 0xA7, 0x8C, 0x7B,
    0xF3, 0xAE, 0xDE, 0x9B, 0xDB, 0xC3, 0xA5, 0xB9, 0xA3, 0xE8, 0xEE, 0x56, 0xFE, 0x46, 0x5C, 0xE7,
    0x63, 0x4E, 0xF3, 0x19, 0x0E, 0xCD, 0x12, 0x2D, 0x45, 0x0E, 0xCA, 0x35, 0x9E, 0x85, 0xAF, 0x8B,
    0x50, 0xF4, 0xD3, 0xA6, 0x9C, 0xBC, 0x8C, 0x8A, 0xC8, 0xEF, 0x58, 0xEB, 0x4E, 0x39, 0xB5, 0x7C,
    0x51, 0x84, 0x13, 0x79, 0xB5, 0xC2, 0x26, 0x1B, 0x61, 0x33, 0x45, 0xC0, 0x5E, 0x4D, 0x82, 0x33,
    0x3B, 0xD7, 0xAF, 0x6A, 0x15, 0xA5, 0xE8, 0x4B, 0x9E, 0x26, 0xC2, 0x40, 0x19, 0x88, 0x27, 0xE3,
    0x19, 0x9F, 0xF0, 0xFC, 0x57, 0xE1, 0x85, 0xFB, 0x96, 0x68, 0xB1, 0x8C, 0xF6, 0xE8, 0x33, 0x86,
    0x80, 0x3E, 0x41, 0x66, 0x08, 0x0F, 0x41, 0x53, 0xEB, 0xD8, 0x6B, 0xF1, 0x7E, 0x2B, 0x7E, 0x1A,
    0xD9, 0x96, 0xB8, 0x55, 0xF3, 0xB6, 0x45, 0xBD, 0x72, 0x6C, 0x99, 0x8B, 0x1B, 0x2A, 0x86, 0x75,
    0xE8, 0x56, 0x0C, 0x0E, 0x3A, 0xA0, 0x63, 0x47, 0x08, 0x36, 0x65, 0x83, 0x81, 0xCA, 0x8E, 0x4D,
    0x04, 0x56, 0x13, 0x6B, 0x86, 0xAB, 0xAA, 0x53, 0xB1, 0xC9, 0xAD, 0x7E, 0xC8, 0xAC, 0x5F, 0xC0,
    0x53, 0xDC, 0x50, 0x60, 0x0D, 0xC4, 0xD2, 0x64, 0x00, 0x9B, 0x15, 0xAD, 0x63, 0xB0, 0xA9, 0x74,
    0x5B, 0xEF, 0xDB, 0x84, 0x6E, 0x51, 0x0E, 0xDC, 0x4D, 0xD2, 0x83, 0xA0, 0x8C, 0x08, 0x20, 0xD3,
    0xA3, 0x8D, 0x0D, 0x4D, 0x1F, 0x03, 0x49, 0x5C, 0x2F, 0x77, 0x38, 0xA1, 0xB4, 0x55, 0xD7, 0xCE,
    0x41, 0xFF, 0x28, 0x36, 0x0F, 0x0C, 0x97, 0xE2, 0x6F, 0x07, 0xA8, 0xD4, 0xD0, 0xC2, 0x5D, 0x44,
    0xE9, 0x64, 0x84, 0x9D, 0xEA, 0xE9, 0x23, 0x60, 0xC9, 0xDD, 0x27, 0x8A, 0x33, 0x3D, 0x8A, 0x73,
    0xC2, 0x3C, 0xA7, 0x7B, 0xCC, 0xFC, 0x7F, 0xDC, 0x63, 0x30, 0xA7, 0xF1, 0x51, 0x4A, 0x9A, 0xD2,
    0xAE, 0xA3, 0x84, 0xDA, 0xDE, 0x63, 0x66, 0x40, 0xF0, 0xB4, 0x61, 0x24, 0xB9, 0xE6, 0x51, 0x32,
    0x8A, 0xCB, 0xFA, 0x3C, 0xE1, 0x3E, 0x12, 0x76, 0x27, 0xCC, 0xCC, 0x03, 0x46, 0x1B, 0x82, 0x22,
    0x5A, 0xDA, 0xF4, 0x33, 0x4A, 0xEB, 0x29, 0x63, 0x20, 0x02, 0xDE, 0x21, 0x07, 0x1E, 0x25, 0x20,
    0x63, 0x34, 0x6D, 0xC4, 0xB0, 0x88, 0x0D, 0x83, 0x19, 0x89, 0x0C, 0xAA, 0x3A, 0x0F, 0x1C, 0x44,
    0x44, 0x80, 0xA5, 0x0C, 0x23, 0x22, 0x1A, 0xD7, 0xA6, 0x7A, 0x55, 0xA6, 0x37, 0x87, 0x80, 0x96,
    0x1C, 0x34, 0x75, 0x64, 0x34, 0x49, 0x32, 0x5D, 0x68, 0x3D, 0xE4, 0xD6, 0x2D, 0xAC, 0x01, 0xAC,
    0x1D, 0xEB, 0xAF, 0x50, 0x02, 0x68, 0x83, 0xCD, 0x36, 0x40, 0x06, 0x5D, 0xAA, 0xCA, 0xB1, 0xE4,
    0xC6, 0x6A, 0x23, 0xBA, 0x80, 0x5C, 0x53, 0x56, 0x4D, 0xAA, 0xE8, 0x70, 0xE7, 0xFE, 0xC6, 0x4D,
    0x23, 0xDD, 0x98, 0x76, 0x1E, 0x82, 0x68, 0x79, 0x9B, 0x3B, 0x47, 0xBB, 0xB2, 0x44, 0x91, 0x7C,
    0xC9, 0xB2, 0x34, 0x41, 0xFE, 0x73, 0xED, 0xA0, 0x2E, 0x2E, 0x02, 0xF4, 0xD3, 0x67, 0x11, 0xFA,
    0xFC, 0x59, 0xC0, 0x28, 0x7E, 0x33, 0xB0, 0xBC, 0x8F, 0x45, 0xB9, 0x88, 0x60, 0xCF, 0x9F, 0x47,
    0x8C, 0x3F, 0x5C, 0xC4, 0xC3, 0xBE, 0xFE, 0x8A, 0xF7, 0x75, 0xF4, 0xBB, 0x47, 0x5B, 0x0E, 0xC7,
    0xF0, 0xFA, 0xBF, 0xE4, 0xAA, 0xC6, 0x00, 0xED, 0xF3, 0x6C, 0x20, 0x88, 0x3C, 0xBA, 0x97, 0x22,
    0x40, 0x19, 0x16, 0xD0, 0x6F, 0xF5, 0xBF, 0x37, 0x55, 0x38, 0xB6, 0x37, 0x6B, 0x6A, 0xC5, 0x2D,
    0xB0, 0x06, 0x48, 0xDF, 0x64, 0x34, 0x44, 0xB1, 0xC4, 0x3F, 0x06, 0x9A, 0x09, 0x68, 0xDD, 0x81,
    0x0F, 0x5F, 0xD7, 0x83, 0xBB, 0x57, 0x7F, 0xFA, 0xFE, 0xC9, 0x55, 0xD0, 0x0F, 0x5F, 0xC4, 0xF1,
    0xEC, 0xC5, 0x6A, 0xB9, 0x76, 0x83, 0x33, 0x77, 0x4B, 0x3F, 0x74, 0xB7, 0xF5, 0x13, 0xF7, 0x29,
    0xBF, 0x69, 0x41, 0x12, 0xF1, 0x22, 0x19, 0x48, 0x77, 0xCC, 0xB2, 0x44, 0xF8, 0x8A, 0xFE, 0x00,
    0x86, 0xA5, 0x8E, 0x0B, 0xE8, 0x17, 0x40, 0x4F, 0xF8, 0x26, 0x03, 0x36, 0x02, 0x48, 0x8C, 0x45,
    0x5D, 0xAB, 0x35, 0xE5, 0xEA, 0xA3, 0xC0, 0x12, 0xF0, 0xC1, 0x97, 0x68, 0x22, 0x98, 0xEF, 0xD0,
    0x50, 0x64, 0x1C, 0xBA, 0xF4, 0x11, 0x6C, 0x8E, 0xF8, 0x9E, 0x36, 0xC8, 0x7C, 0x37, 0x8C, 0xB1,
    0x65, 0xC4, 0xF6, 0x7E, 0xE4, 0x87, 0x8A, 0xCA, 0x35, 0x51, 0x2F, 0x4D, 0x26, 0x34, 0x14, 0x98,
    0x09, 0x50, 0x78, 0x43, 0x6F, 0xD0, 0x52, 0x40, 0x7F, 0x6D, 0x8D, 0x56, 0x6A, 0x79, 0xA0, 0xA4,
    0x9B, 0x95, 0x70, 0x3B, 0x25, 0x7C, 0x7C, 0x0B, 0x76, 0x8C, 0xA6, 0x0C, 0x4D, 0xB4, 0x76, 0xBE,
    0xF3, 0xD2, 0xB7, 0xA1, 0x9C, 0x5A, 0xA9, 0x63, 0xB9, 0x8D, 0x5C, 0xB3, 0x94, 0x21, 0x7D, 0xFD,
    0x16, 0x54, 0x3A, 0x0F, 0xE8, 0x0C, 0x8C, 0x04, 0x88, 0x75, 0x3B, 0x62, 0xA9, 0x90, 0xA1, 0x9C,
    0x9E, 0x94, 0xEB, 0x97, 0x03, 0xBA, 0xBE, 0x75, 0x8A, 0xC8, 0xF0, 0xDC, 0x29, 0x27, 0x3C, 0xB3,
    0x31, 0xA1, 0xF6, 0x5E, 0x79, 0x5B, 0x7F, 0x19, 0xD3, 0x49, 0xD6, 0x63, 0xFC, 0x0B, 0x9D, 0x53,
    0x81, 0x86, 0x1C, 0x41, 0x14, 0xAC, 0x99, 0x0E, 0x23, 0xD6, 0xE9, 0x00, 0x82, 0xC4, 0x04, 0x41,
    0x40, 0x16, 0x0E, 0x40, 0xA6, 0xFF, 0x20, 0x07, 0xF9, 0x9B, 0x24, 0x3B, 0xDC, 0x07, 0x04, 0xE4,
    0x3B, 0x02, 0xB0, 0xE2, 0x6E, 0xA7, 0x23, 0x08, 0x40, 0xC7, 0x21, 0x80, 0x1B, 0xF2, 0x03, 0x8D,
    0xE6, 0x9A, 0xEB, 0xDE, 0x4E, 0x15, 0xEE, 0x04, 0x0E, 0xC9, 0xB3, 0x55, 0x65, 0x5E, 0xBF, 0xD7,
    0xFD, 0x94, 0xB7, 0xE8, 0xC0, 0xD8, 0xCC, 0xA4, 0xAD, 0xE8, 0x40, 0xF4, 0x59, 0xA9, 0x55, 0xA9,
    0xD6, 0xDA, 0x3C, 0x91, 0xBC, 0xC8, 0xDB, 0x00, 0xC0, 0x24, 0x30, 0xAA, 0x68, 0x72, 0x24, 0xEB,
    0xD5, 0x02, 0x85, 0xBE, 0x66, 0xA6, 0xD9, 0xDA, 0x32, 0x4C, 0x3B, 0xC2, 0x5E, 0x7F, 0x99, 0xA7,
    0xB7, 0x9F, 0xD6, 0x4B, 0x7B, 0x1E, 0x4F, 0xED, 0xBC, 0xEA, 0xFC, 0x61, 0xE8, 0xBA, 0x27, 0x04,
    0xF6, 0xA2, 0x03, 0xEE, 0x86, 0xD2, 0x2C, 0x9A, 0x6A, 0x69, 0xBC, 0xB2, 0x31, 0x20, 0x02, 0xD0,
    0x15, 0xD2, 0x10, 0x49, 0xA3, 0x27, 0xED, 0x08, 0x14, 0xD1, 0x0B, 0xC2, 0x78, 0x22, 0x3C, 0x88,
    0x67, 0x26, 0x9C, 0x4E, 0x26, 0x94, 0xF1, 0xFB, 0x55, 0x1A, 0x6E, 0xAE, 0x43, 0xD7, 0x9A, 0xC3,
    0xAE, 0x02, 0x63, 0x02, 0x86, 0x00, 0x05, 0x3A, 0x3C, 0x82, 0xEC, 0x19, 0xA1, 0x51, 0xF4, 0xC8,
    0x41, 0xEF, 0xF5, 0x59, 0x4F, 0x6B, 0xAC, 0x9D, 0x3C, 0x92, 0x49, 0xE2, 0x20, 0x96, 0x4D, 0xB2,
    0x46, 0x3E, 0x55, 0xFD, 0x4C, 0xD2, 0xA7, 0x92, 0xD6, 0x6F, 0x9D, 0xBC, 0x7A, 0xFC, 0x7F, 0x66,
    0x29, 0xA7, 0x33, 0xD5, 0xA8, 0x56, 0x3D, 0xEA, 0xD5, 0x1D, 0x3A, 0xBF, 0x8B, 0xA5, 0x65, 0x22,
    0x61, 0xF1, 0xC0, 0x12, 0x81, 0xAF, 0x85, 0x8E, 0x2E, 0xC4, 0xD6, 0x63, 0xBF, 0x89, 0xB8, 0xE0,
    0xEC, 0x7B, 0xC8, 0xAC, 0x91, 0x4D, 0x03, 0x95, 0xCC, 0xB9, 0x05, 0xA8, 0xAB, 0xA7, 0x6E, 0x6E,
    0x3C, 0xB6, 0x3F, 0x3C, 0x96, 0xC1, 0xF7, 0x79, 0xF0, 0x9B, 0x75, 0xE3, 0xA7, 0x79, 0x98, 0x3F,
    0x02, 0x78, 0x45, 0xC8, 0x96, 0x37, 0xC4, 0x34, 0x77, 0xCE, 0xAE, 0x26, 0x98, 0x4C, 0x4B, 0x8F,
    0xC4, 0x74, 0x1E, 0x60, 0x7F, 0x07, 0x98, 0xDB, 0x00, 0xB4, 0xD0, 0xBD, 0xDB, 0x05, 0xD3, 0x9A,
    0xE0, 0x65, 0x27, 0x60, 0xDD, 0x19, 0xED, 0xC8, 0xA8, 0xC8, 0x74, 0x26, 0xDB, 0x80, 0x3C, 0x39,
    0xE4, 0x0A, 0xDC, 0x26, 0x75, 0x10, 0x9F, 0xCF, 0xD0, 0x34, 0x3F, 0x01, 0x3D, 0x76, 0x09, 0xF4,
    0x05, 0xF2, 0x9B, 0x6E, 0x1F, 0x1D, 0x5D, 0x5E, 0xC7, 0xD6, 0xF2, 0xB0, 0x76, 0xA5, 0x2B, 0x1C,
    0xE3, 0x03, 0xF1, 0x94, 0x00, 0xAA, 0x6D, 0xAD, 0xF0, 0x2C, 0x12, 0x0E, 0x38, 0x85, 0x9A, 0x65,
    0x3F, 0x60, 0x43, 0xB7, 0xB4, 0x68, 0xD9, 0xC7, 0xFE, 0x78, 0x80, 0xF5, 0x05, 0x13, 0x32, 0x2E,
    0x50, 0xF0, 0x12, 0x07, 0x55, 0xA9, 0x8F, 0xE8, 0x09, 0xFC, 0xF5, 0xC7, 0xB0, 0x2B, 0xC9, 0x64,
    0x30, 0x8E, 0xA2, 0x49, 0xC9, 0x71, 0xE5, 0x55, 0xBA, 0x8F, 0xA4, 0x4F, 0x3A, 0xE6, 0x76, 0xC0,
    0xF6, 0x5B, 0x01, 0x16, 0xAD, 0x48, 0xB1, 0x4C, 0x45, 0xC3, 0x54, 0x00, 0xF0, 0x4F, 0x7F, 0x22,
    0x15, 0x04, 0x28, 0x6C, 0x42, 0x54, 0x4D, 0x45, 0x02, 0xB4, 0xA1, 0x14, 0x2D, 0x2B, 0x45, 0x7B,
    0x4B, 0xE1, 0x0A, 0x57, 0xCA, 0x09, 0xB7, 0x99, 0xA2, 0xBE, 0x24, 0xB9, 0x72, 0xE9, 0x84, 0x72,
    0xED, 0xD3, 0x44, 0xF9, 0x15, 0x53, 0xA5, 0xFC, 0xAC, 0x37, 0x49, 0x25, 0xBB, 0x16, 0x24, 0x63,
    0x73, 0x92, 0xA1, 0x42, 0xD1, 0x25, 0xDC, 0x47, 0x4F, 0x0C, 0x1E, 0x18, 0x23, 0xF0, 0x7E, 0x0F,
    0xC4, 0xD7, 0xAC, 0xDB, 0xCC, 0xD6, 0x99, 0x30, 0xC5, 0x31, 0x2D, 0x71, 0x2C, 0x88, 0xCF, 0x71,
    0x8F, 0x56, 0x21, 0xFC, 0x01, 0x9C, 0x91, 0x01, 0x87, 0x94, 0x41, 0x18, 0xC7, 0x7F, 0xB3, 0xAF,
    0xBB, 0xC1, 0x60, 0x82, 0x13, 0x52, 0xF3, 0x0D, 0x7A, 0xBF, 0xC0, 0xEE, 0xCE, 0x04, 0x0E, 0x20,
    0xD8, 0x2F, 0x71, 0x20, 0x0A, 0x8B, 0xDD, 0x7B, 0x1F, 0x00, 0x82, 0xA5, 0x2F, 0x91, 0x20, 0x08,
    0x47, 0x77, 0xF7, 0x4E, 0x00, 0x82, 0x37, 0x10, 0x82, 0x2D, 0x21, 0xA0, 0xD1, 0xBD, 0xF4, 0x5E,
    0xED, 0x36, 0xDD, 0xDE, 0x48, 0x21, 0xA8, 0xBF, 0xE7, 0xC7, 0x3C, 0x33, 0xCF, 0xF0, 0xF7, 0xFC,
    0x01, 0x2F, 0xDC, 0x1C, 0xA0, 0x01, 0x1B, 0xD1, 0x6B, 0xAA, 0xA4, 0xF2, 0xC6, 0xBC, 0xDD, 0xD4,
    0x6C, 0xA7, 0x9C, 0x4F, 0x69, 0x8E, 0xF1, 0x7E, 0x57, 0x13, 0x27, 0x0B, 0xF3, 0xBE, 0x57, 0x39,
    0x52, 0x44, 0xFB, 0x24, 0xE8, 0x9C, 0x71, 0x72, 0xCE, 0x84, 0xCC, 0xB8, 0x7A, 0x1D, 0xE6, 0xD6,
    0xC8, 0x7C, 0xAC, 0x65, 0x9C, 0x4C, 0xF0, 0xD1, 0xE1, 0x64, 0x89, 0xCF, 0x03, 0x0F, 0xDA, 0x15,
    0x00, 0xDC, 0x06, 0x6A, 0xC0, 0x07, 0x68, 0x05, 0x72, 0x44, 0x7D, 0xED, 0x18, 0x7D, 0x49, 0x54,
    0x6F, 0x7A, 0x74, 0x1C, 0xB0, 0x72, 0x8A, 0x0B, 0x13, 0x6A, 0x3C, 0xFE, 0x59, 0x1B, 0x9A, 0x9C,
    0x65, 0x07, 0xC0, 0xAF, 0xF3, 0x31, 0xEE, 0xBF, 0x38, 0x60, 0x2F, 0x1C, 0xCC, 0x66, 0xA1, 0xCE,
    0x59, 0xCC, 0x15, 0x55, 0x0F, 0x6C, 0x00, 0x0F, 0xD8, 0x08, 0x3A, 0xC1, 0x68, 0x80, 0x2A, 0x95,
    0xBE, 0x0E, 0x70, 0x06, 0x6A, 0x00, 0x7D, 0x39, 0x0B, 0x36, 0x67, 0xF1, 0xBF, 0xBD, 0x84, 0x1D,
    0x70, 0x1F, 0x95, 0xA8, 0x3A, 0x74, 0xC4, 0x08, 0x16, 0xEE, 0xC2, 0x04, 0x16, 0xD0, 0xA3, 0x12,
    0xA3, 0x35, 0x55, 0x79, 0x09, 0x38, 0x98, 0x00, 0x98, 0x58, 0x27, 0x9F, 0xDC, 0x5A, 0x0B, 0xEC,
    0x07, 0xB0, 0x02, 0x2E, 0x40, 0x0D, 0x4C, 0x29, 0x43, 0x0B, 0xE0, 0x14, 0xC5, 0x80, 0x93, 0x9E,
    0xF6, 0x55, 0xE2, 0xE5, 0x87, 0xC4, 0xBD, 0x8B, 0x0E, 0xBE, 0x47, 0x68, 0x22, 0x78, 0x29, 0x16,
    0x2D, 0x60, 0x00, 0x05, 0x56, 0xCE, 0xF0, 0x17, 0x8F, 0x99, 0xFB, 0x4A, 0x5E, 0xDC, 0xA9, 0xE4,
    0x51, 0xAD, 0x65, 0xFC, 0xF0, 0x73, 0x70, 0xDD, 0x96, 0xA2, 0x36, 0xA0, 0xDF, 0x45, 0xEC, 0x61,
    0xC4, 0x1D, 0x4A, 0x89, 0xE3, 0xDF, 0x99, 0x4F, 0xA1, 0x5F, 0xC2, 0x70, 0x02, 0x4D, 0x07, 0x00,
    0xFB, 0x2B, 0xF0, 0x83, 0x96, 0xC5, 0xD4, 0xC8, 0x89, 0xC9, 0xDC, 0x50, 0xDB, 0xBF, 0xDE, 0xA1,
    0xA4, 0xAC, 0xE4, 0xE8, 0xF9, 0xA7, 0x36, 0x6F, 0xAE, 0x8A, 0x31, 0xF4, 0x1C, 0x7D, 0x7B, 0x5A,
    0x5A, 0x1D, 0xB1, 0x81, 0x3D, 0x28, 0x32, 0x82, 0xCA, 0x01, 0x77, 0xC9, 0x28, 0x07, 0xEA, 0x1E,
    0x6E, 0x6D, 0x81, 0x76, 0x0D, 0xFA, 0x07, 0xD0, 0x08, 0x8C, 0x04, 0xC0, 0xFF, 0x11, 0xD0, 0x92,
    0xE2, 0xCC, 0x5C, 0x8F, 0x7C, 0x84, 0x2A, 0x5F, 0x7F, 0x54, 0x79, 0x45, 0x3D, 0x40, 0x13, 0xE0,
    0xE7, 0x52, 0x80, 0x52, 0xC8, 0x91, 0x09, 0x00, 0x84, 0x8F, 0x01, 0x66, 0x05, 0x31, 0x10, 0x86,
    0xFF, 0xDD, 0x68, 0x83, 0x20, 0x00, 0xA5, 0xD8, 0x1B, 0x34, 0x47, 0x78, 0x4B, 0x2F, 0xD0, 0x7B,
    0x14, 0x7A, 0x80, 0x92, 0xD2, 0x4B, 0x3D, 0x94, 0xEC, 0x11, 0xB2, 0x37, 0x98, 0x2A, 0xA0, 0x30,
    0x58, 0xA4, 0x6C, 0xDE, 0x74, 0x46, 0x15, 0x58, 0xDE, 0x8C, 0x99, 0x3F, 0x92, 0xF1, 0x7F, 0x13,
    0x24, 0x9A, 0x08, 0xDC, 0xB6, 0xDD, 0xD1, 0x0F, 0x7F, 0xB8, 0xF5, 0x8B, 0x9B, 0xAF, 0x8E, 0x10,
    0xAC, 0x15, 0x11, 0x59, 0xB2, 0xB6, 0xB7, 0x58, 0x83, 0xDD, 0xF9, 0xE3, 0x16, 0x29, 0x30, 0xF2,
    0x7E, 0xEA, 0x28, 0xFD, 0x74, 0x01, 0xEE, 0x3B, 0x70, 0x9E, 0x96, 0x91, 0xCD, 0x25, 0x2C, 0xBE,
    0xDE, 0xE8, 0xDC, 0x30, 0xAB, 0x5D, 0xCD, 0x5A, 0x51, 0x33, 0x1C, 0x64, 0xE4, 0x48, 0xB9, 0xE7,
    0xBD, 0xF4, 0xD2, 0x61, 0x91, 0xE8, 0x05, 0x2C, 0xEC, 0x48, 0x6B, 0xFD, 0x66, 0x5F, 0xBD, 0x39,
    0x72, 0x91, 0x77, 0xCE, 0xF2, 0xC8, 0x51, 0xCF, 0xE1, 0xA0, 0x6C, 0x1D, 0xDD, 0xE6, 0xA2, 0xCB,
    0x88, 0x7A, 0xDC, 0xCA, 0x0C, 0x70, 0x7B, 0xF0, 0x04, 0x47, 0xED, 0x3C, 0x32, 0xDC, 0x4A, 0x9B,
    0x63, 0xF8, 0x3A, 0x6E, 0xC3, 0x8C, 0xA0, 0x82, 0x27, 0x14, 0xD1, 0x60, 0xE4, 0x3F, 0x51, 0x6F,
    0x1B, 0x09, 0xD7, 0x25, 0x92, 0x6B, 0xAE, 0x21, 0xEF, 0x49, 0x92, 0xA0, 0xF4, 0x24, 0x4A, 0xFD,
    0x8F, 0x44, 0xA1, 0xDD, 0x19, 0xFD, 0x35, 0x37, 0xA3, 0x6F, 0x26, 0xEB, 0xE7, 0xF6, 0xDC, 0x8C,
    0xCE, 0x43, 0x33, 0xBA, 0x89, 0xD1, 0xD7, 0x66, 0x74, 0x13, 0xFB, 0x99, 0xBD, 0x5D, 0x17, 0xA3,
    0x8F, 0x3B, 0x8C, 0x1E, 0x65, 0x36, 0xFA, 0x24, 0xBF, 0x6B, 0x00, 0x00, 0x45, 0x4E, 0xB1, 0x0D,
    0xC3, 0x30, 0x0C, 0x73, 0xDB, 0xD1, 0x83, 0x4E, 0xF1, 0x09, 0x3E, 0xA9, 0x27, 0xF8, 0x34, 0x3B,
    0xC9, 0x11, 0x59, 0x73, 0x82, 0x06, 0x8F, 0x82, 0x19, 0x72, 0x08, 0x22, 0x08, 0x84, 0x24, 0x82,
    0xA4, 0x52, 0xFA, 0x8E, 0xC4, 0xCA, 0x2E, 0x2C, 0x21, 0xEC, 0x20, 0xFC, 0x00, 0x12, 0xB6, 0xFE,
    0x24, 0xEA, 0xF5, 0x21, 0x81, 0xDD, 0x3B, 0xCF, 0x87, 0xB7, 0x61, 0x38, 0xBD, 0x7B, 0x05, 0x36,
    0x44, 0x03, 0x32, 0x56, 0x45, 0xB0, 0x4D, 0xAB, 0x53, 0x2A, 0xB1, 0x66, 0x6A, 0xA7, 0x4C, 0x6D,
    0x16, 0x67, 0x54, 0xB4, 0xF1, 0xF8, 0x33, 0xEB, 0xCD, 0xD5, 0x0F, 0x37,
};

static const EpdGlyph youngserif_12_boldGlyphs[] = {
    { 0, 0, 211, 0, 0, 0, 0 }, // U+000D
    { 0, 0, 88, 0, 0, 0, 0 }, // U+0020
    { 5, 16, 131, 1, 16, 20, 0 }, // !
    { 8, 5, 142, 0, 16, 10, 20 }, // "
    { 17, 15, 268, 0, 15, 64, 30 }, // #
    { 16, 22, 282, 1, 19, 88, 94 }, // $
    { 20, 19, 328, 0, 18, 95, 182 }, // %
    { 18, 16, 286, 0, 16, 72, 277 }, // &
    { 4, 5, 75, 0, 16, 5, 349 }, // '
    { 8, 21, 160, 1, 18, 42, 354 }, // (
    { 8, 21, 160, 1, 18, 42, 396 }, // )
    { 11, 10, 205, 1, 16, 28, 438 }, // *
    { 13, 11, 211, 0, 11, 36, 466 }, // +
    { 5, 7, 111, 1, 4, 9, 502 }, // ,
    { 9, 2, 180, 1, 7, 5, 511 }, // -
    { 5, 4, 110, 1, 4, 5, 516 }, // .
    { 11, 20, 176, 0, 16, 55, 521 }, // /
    { 13, 12, 212, 0, 12, 39, 576 }, // 0
    { 9, 13, 140, 0, 13, 30, 615 }, // 1
    { 12, 12, 191, 0, 12, 36, 645 }, // 2
    { 11, 16, 186, 0, 12, 44, 681 }, // 3
    { 13, 17, 202, 0, 13, 56, 725 }, // 4
    { 12, 17, 189, 0, 13, 51, 781 }, // 5
    { 13, 16, 214, 0, 16, 52, 832 }, // 6
    { 13, 18, 201, 0, 13, 59, 884 }, // 7
    { 12, 16, 196, 0, 16, 48, 943 }, // 8
    { 13, 16, 214, 0, 16, 52, 991 }, // 9
    { 5, 13, 110, 1, 13, 17, 1043 }, // :
    { 5, 16, 111, 1, 13, 20, 1060 }, // ;
    { 13, 12, 211, 0, 12, 39, 1080 }, // <
    { 11, 7, 211, 1, 10, 20, 1119 }, // =
    { 13, 12, 211, 0, 12, 39, 1139 }, // >
    { 11, 16, 190, 0, 16, 44, 1178 }, // ?
    { 21, 20, 367, 1, 16, 105, 1222 }, // @
    { 18, 16, 277, 0, 16, 72, 1327 }, // A
    { 15, 16, 253, 0, 16, 60, 1399 }, // B
    { 17, 16, 264, 0, 16, 68, 1459 }, // C
    { 17, 16, 278, 0, 16, 68, 1527 }, // D
    { 17, 17, 266, 0, 17, 73, 1595 }, // E
    { 15, 17, 244, 0, 17, 64, 1668 }, // F
    { 17, 16, 272, 0, 16, 68, 1732 }, // G
    { 20, 16, 316, 0, 16, 80, 1800 }, // H
    { 9, 16, 143, 0, 16, 36, 1880 }, // I
    { 11, 16, 185, 0, 16, 44, 1916 }, // J
    { 18, 16, 281, 0, 16, 72, 1960 }, // K
    { 16, 17, 246, 0, 16, 68, 2032 }, // L
    { 23, 16, 365, 0, 16, 92, 2100 }, // M
    { 20, 16, 314, 0, 16, 80, 2192 }, // N
    { 18, 16, 289, 0, 16, 72, 2272 }, // O
    { 15, 16, 259, 0, 16, 60, 2344 }, // P
    { 18, 20, 289, 0, 16, 90, 2404 }, // Q
    { 18, 16, 281, 0, 16, 72, 2494 }, // R
    { 16, 16, 254, 0, 16, 64, 2566 }, // S
    { 17, 16, 277, 0, 16, 68, 2630 }, // T
    { 18, 16, 284, 0, 16, 72, 2698 }, // U
    { 18, 16, 276, 0, 16, 72, 2770 }, // V
    { 27, 16, 425, 0, 16, 108, 2842 }, // W
    { 19, 16, 300, 0, 16, 76, 2950 }, // X
    { 18, 16, 280, 0, 16, 72, 3026 }, // Y
    { 16, 16, 262, 0, 16, 64, 3098 }, // Z
    { 7, 21, 140, 1, 18, 37, 3162 }, // [
    { 11, 20, 176, 0, 16, 55, 3199 }, // <backslash>
    { 6, 21, 140, 1, 18, 32, 3254 }, // ]
    { 13, 8, 211, 0, 17, 26, 3286 }, // ^
    { 13, 2, 210, 0, -1, 7, 3312 }, // _
    { 5, 5, 211, 4, 17, 7, 3319 }, // `
    { 14, 12, 218, 0, 11, 42, 3326 }, // a
    { 13, 18, 214, 0, 18, 59, 3368 }, // b
    { 11, 11, 181, 0, 11, 31, 3427 }, // c
    { 14, 19, 218, 0, 18, 67, 3458 }, // d
    { 12, 11, 181, 0, 11, 33, 3525 }, // e
    { 12, 17, 142, 0, 17, 51, 3558 }, // f
    { 12, 16, 184, 0, 12, 48, 3609 }, // g
    { 15, 18, 240, 0, 18, 68, 3657 }, // h
    { 8, 16, 122, 0, 16, 32, 3725 }, // i
    { 9, 20, 107, -3, 16, 45, 3757 }, // j
    { 14, 18, 226, 0, 18, 63, 3802 }, // k
    { 8, 18, 122, 0, 18, 36, 3865 }, // l
    { 23, 12, 364, 0, 12, 69, 3901 }, // m
    { 15, 12, 240, 0, 12, 45, 3970 }, // n
    { 12, 11, 202, 0, 11, 33, 4015 }, // o
    { 14, 16, 222, 0, 12, 56, 4048 }, // p
    { 14, 15, 220, 0, 11, 53, 4104 }, // q
    { 12, 12, 186, 0, 12, 36, 4157 }, // r
    { 12, 11, 191, 0, 11, 33, 4193 }, // s
    { 9, 15, 144, 0, 15, 34, 4226 }, // t
    { 15, 12, 232, 0, 11, 45, 4260 }, // u
    { 14, 11, 211, 0, 11, 39, 4305 }, // v
    { 21, 11, 328, 0, 11, 58, 4344 }, // w
    { 14, 11, 212, 0, 11, 39, 4402 }, // x
    { 13, 17, 204, 0, 11, 56, 4441 }, // y
    { 12, 11, 192, 0, 11, 33, 4497 }, // z
    { 8, 21, 160, 1, 18, 42, 4530 }, // {
    { 3, 20, 211, 5, 16, 15, 4572 }, // |
    { 8, 21, 160, 1, 18, 42, 4587 }, // }
    { 13, 5, 211, 0, 9, 17, 4629 }, // ~
    { 0, 0, 88, 0, 0, 0, 0 }, // U+00A0
    { 5, 17, 131, 2, 11, 22, 0 }, // U+00A1
    { 11, 16, 200, 1, 16, 44, 22 }, // U+00A2
    { 15, 16, 272, 1, 16, 60, 66 }, // U+00A3
    { 12, 11, 221, 1, 13, 33, 126 }, // U+00A4
    { 18, 16, 312, 1, 16, 72, 159 }, // U+00A5
    { 3, 20, 211, 5, 16, 15, 231 }, // U+00A6
    { 16, 23, 277, 1, 18, 92, 246 }, // U+00A7
    { 10, 4, 211, 2, 16, 10, 338 }, // U+00A8
    { 17, 17, 277, 0, 17, 73, 348 }, // U+00A9
    { 12, 11, 182, 0, 17, 33, 421 }, // U+00AA
    { 12, 10, 231, 1, 12, 30, 454 }, // U+00AB
    { 13, 7, 211, 0, 7, 23, 484 }, // U+00AC
    { 17, 17, 277, 0, 17, 73, 507 }, // U+00AE
    { 7, 2, 211, 3, 14, 4, 580 }, // U+00AF
    { 7, 6, 125, 0, 17, 11, 584 }, // U+00B0
    { 13, 13, 211, 0, 13, 43, 595 }, // U+00B1
    { 9, 10, 145, 0, 18, 23, 638 }, // U+00B2
    { 8, 9, 135, 0, 18, 18, 661 }, // U+00B3
    { 5, 5, 211, 4, 17, 7, 679 }, // U+00B4
    { 13, 15, 211, 0, 11, 49, 686 }, // U+00B5
    { 12, 19, 211, 1, 16, 57, 735 }, // U+00B6
    { 5, 4, 82, 0, 10, 5, 792 }, // U+00B7
    { 6, 6, 211, 3, 1, 9, 797 }, // U+00B8
    { 7, 9, 106, 0, 18, 16, 806 }, // U+00B9
    { 11, 11, 161, 0, 17, 31, 822 }, // U+00BA
    { 12, 10, 231, 1, 12, 30, 853 }, // U+00BB
    { 17, 21, 282, 0, 18, 90, 883 }, // U+00BC
    { 18, 19, 282, 0, 18, 86, 973 }, // U+00BD
    { 17, 21, 282, 0, 18, 90, 1059 }, // U+00BE
    { 11, 17, 190, 1, 11, 47, 1149 }, // U+00BF
    { 18, 23, 277, 0, 23, 104, 1196 }, // U+00C0
    { 18, 23, 277, 0, 23, 104, 1300 }, // U+00C1
    { 18, 23, 277, 0, 23, 104, 1404 }, // U+00C2
    { 18, 22, 277, 0, 22, 99, 1508 }, // U+00C3
    { 18, 22, 277, 0, 22, 99, 1607 }, // U+00C4
    { 18, 22, 277, 0, 22, 99, 1706 }, // U+00C5
    { 26, 17, 410, 0, 17, 111, 1805 }, // U+00C6
    { 17, 21, 264, 0, 16, 90, 1916 }, // U+00C7
    { 17, 23, 266, 0, 23, 98, 2006 }, // U+00C8
    { 17, 23, 266, 0, 23, 98, 2104 }, // U+00C9
    { 17, 23, 266, 0, 23, 98, 2202 }, // U+00CA
    { 17, 22, 266, 0, 22, 94, 2300 }, // U+00CB
    { 9, 23, 143, 0, 23, 52, 2394 }, // U+00CC
    { 9, 23, 143, 0, 23, 52, 2446 }, // U+00CD
    { 9, 23, 143, 0, 23, 52, 2498 }, // U+00CE
    { 11, 22, 143, -1, 22, 61, 2550 }, // U+00CF
    { 17, 16, 278, 0, 16, 68, 2611 }, // U+00D0
    { 20, 22, 314, 0, 22, 110, 2679 }, // U+00D1
    { 18, 23, 289, 0, 23, 104, 2789 }, // U+00D2
    { 18, 23, 289, 0, 23, 104, 2893 }, // U+00D3
    { 18, 23, 289, 0, 23, 104, 2997 }, // U+00D4
    { 18, 22, 289, 0, 22, 99, 3101 }, // U+00D5
    { 18, 22, 289, 0, 22, 99, 3200 }, // U+00D6
    { 13, 12, 211, 0, 11, 39, 3299 }, // U+00D7
    { 18, 20, 289, 0, 19, 90, 3338 }, // U+00D8
    { 18, 23, 284, 0, 23, 104, 3428 }, // U+00D9
    { 18, 23, 284, 0, 23, 104, 3532 }, // U+00DA
    { 18, 23, 284, 0, 23, 104, 3636 }, // U+00DB
    { 18, 22, 284, 0, 22, 99, 3740 }, // U+00DC
    { 18, 23, 280, 0, 23, 104, 3839 }, // U+00DD
    { 15, 16, 246, 0, 16, 60, 3943 }, // U+00DE
    { 15, 16, 247, 0, 16, 60, 4003 }, // U+00DF
    { 14, 18, 218, 0, 17, 63, 4063 }, // U+00E0
    { 14, 18, 218, 0, 17, 63, 4126 }, // U+00E1
    { 14, 18, 218, 0, 17, 63, 4189 }, // U+00E2
    { 14, 17, 218, 0, 16, 60, 4252 }, // U+00E3
    { 14, 17, 218, 0, 16, 60, 4312 }, // U+00E4
    { 14, 19, 218, 0, 18, 67, 4372 }, // U+00E5
    { 20, 12, 316, 0, 11, 60, 4439 }, // U+00E6
    { 11, 16, 181, 0, 11, 44, 4499 }, // U+00E7
    { 12, 17, 181, 0, 17, 51, 4543 }, // U+00E8
    { 12, 17, 181, 0, 17, 51, 4594 }, // U+00E9
    { 12, 17, 181, 0, 17, 51, 4645 }, // U+00EA
    { 12, 16, 181, 0, 16, 48, 4696 }, // U+00EB
    { 8, 17, 122, 0, 17, 34, 4744 }, // U+00EC
    { 8, 17, 122, 0, 17, 34, 4778 }, // U+00ED
    { 10, 17, 122, -1, 17, 43, 4812 }, // U+00EE
    { 10, 16, 122, -1, 16, 40, 4855 }, // U+00EF
    { 12, 18, 202, 0, 18, 54, 4895 }, // U+00F0
    { 15, 16, 240, 0, 16, 60, 4949 }, // U+00F1
    { 12, 17, 202, 0, 17, 51, 5009 }, // U+00F2
    { 12, 17, 202, 0, 17, 51, 5060 }, // U+00F3
    { 12, 17, 202, 0, 17, 51, 5111 }, // U+00F4
    { 12, 16, 202, 0, 16, 48, 5162 }, // U+00F5
    { 12, 16, 202, 0, 16, 48, 5210 }, // U+00F6
    { 13, 13, 211, 0, 13, 43, 5258 }, // U+00F7
    { 13, 11, 202, 0, 11, 36, 5301 }, // U+00F8
    { 15, 18, 232, 0, 17, 68, 5337 }, // U+00F9
    { 15, 18, 232, 0, 17, 68, 5405 }, // U+00FA
    { 15, 18, 232, 0, 17, 68, 5473 }, // U+00FB
    { 15, 17, 232, 0, 16, 64, 5541 }, // U+00FC
    { 13, 23, 204, 0, 17, 75, 5605 }, // U+00FD
    { 14, 21, 222, 0, 17, 74, 5680 }, // U+00FE
    { 13, 22, 204, 0, 16, 72, 5754 }, // U+00FF
    { 18, 20, 277, 0, 20, 90, 0 }, // U+0100
    { 14, 15, 218, 0, 14, 53, 90 }, // U+0101
    { 18, 22, 277, 0, 22, 99, 143 }, // U+0102
    { 14, 17, 218, 0, 16, 60, 242 }, // U+0103
    { 19, 21, 277, 0, 16, 100, 302 }, // U+0104
    { 14, 15, 218, 0, 11, 53, 402 }, // U+0105
    { 17, 23, 264, 0, 23, 98, 455 }, // U+0106
    { 11, 17, 181, 0, 17, 47, 553 }, // U+0107
    { 17, 23, 264, 0, 23, 98, 600 }, // U+0108
    { 11, 17, 181, 0, 17, 47, 698 }, // U+0109
    { 17, 22, 264, 0, 22, 94, 745 }, // U+010A
    { 11, 16, 181, 0, 16, 44, 839 }, // U+010B
    { 17, 23, 264, 0, 23, 98, 883 }, // U+010C
    { 11, 17, 181, 0, 17, 47, 981 }, // U+010D
    { 17, 23, 278, 0, 23, 98, 1028 }, // U+010E
    { 16, 19, 260, 0, 18, 76, 1126 }, // U+010F
    { 17, 16, 278, 0, 16, 68, 1202 }, // U+0110
    { 14, 19, 216, 0, 18, 67, 1270 }, // U+0111
    { 17, 20, 266, 0, 20, 85, 1337 }, // U+0112
    { 12, 14, 181, 0, 14, 42, 1422 }, // U+0113
    { 17, 22, 266, 0, 22, 94, 1464 }, // U+0114
    { 12, 16, 181, 0, 16, 48, 1558 }, // U+0115
    { 17, 22, 266, 0, 22, 94, 1606 }, // U+0116
    { 12, 16, 181, 0, 16, 48, 1700 }, // U+0117
    { 17, 22, 266, 0, 17, 94, 1748 }, // U+0118
    { 12, 16, 181, 0, 11, 48, 1842 }, // U+0119
    { 17, 23, 266, 0, 23, 98, 1890 }, // U+011A
    { 12, 17, 181, 0, 17, 51, 1988 }, // U+011B
    { 17, 23, 272, 0, 23, 98, 2039 }, // U+011C
    { 12, 21, 184, 0, 17, 63, 2137 }, // U+011D
    { 17, 22, 272, 0, 22, 94, 2200 }, // U+011E
    { 12, 20, 184, 0, 16, 60, 2294 }, // U+011F
    { 17, 22, 272, 0, 22, 94, 2354 }, // U+0120
    { 12, 20, 184, 0, 16, 60, 2448 }, // U+0121
    { 17, 22, 272, 0, 16, 94, 2508 }, // U+0122
    { 12, 22, 184, 0, 18, 66, 2602 }, // U+0123
    { 20, 23, 316, 0, 23, 115, 2668 }, // U+0124
    { 16, 23, 240, -1, 23, 92, 2783 }, // U+0125
    { 20, 16, 316, 0, 16, 80, 2875 }, // U+0126
    { 15, 18, 240, 0, 18, 68, 2955 }, // U+0127
    { 9, 22, 143, 0, 22, 50, 3023 }, // U+0128
    { 9, 16, 122, -1, 16, 36, 3073 }, // U+0129
    { 9, 20, 143, 0, 20, 45, 3109 }, // U+012A
    { 8, 14, 122, 0, 14, 28, 3154 }, // U+012B
    { 9, 22, 143, 0, 22, 50, 3182 }, // U+012C
    { 8, 16, 122, 0, 16, 32, 3232 }, // U+012D
    { 10, 21, 143, 0, 16, 53, 3264 }, // U+012E
    { 9, 21, 122, 0, 16, 48, 3317 }, // U+012F
    { 9, 22, 143, 0, 22, 50, 3365 }, // U+0130
    { 8, 12, 122, 0, 12, 24, 3415 }, // U+0131
    { 19, 16, 310, 0, 16, 76, 3439 }, // U+0132
    { 13, 20, 208, 0, 16, 65, 3515 }, // U+0133
    { 12, 23, 185, 0, 23, 69, 3580 }, // U+0134
    { 12, 21, 107, -3, 17, 63, 3649 }, // U+0135
    { 18, 22, 281, 0, 16, 99, 3712 }, // U+0136
    { 14, 24, 226, 0, 18, 84, 3811 }, // U+0137
    { 14, 11, 226, 0, 11, 39, 3895 }, // U+0138
    { 16, 24, 246, 0, 23, 96, 3934 }, // U+0139
    { 8, 23, 122, 0, 23, 46, 4030 }, // U+013A
    { 16, 22, 246, 0, 16, 88, 4076 }, // U+013B
    { 8, 24, 122, 0, 18, 48, 4164 }, // U+013C
    { 16, 17, 246, 0, 16, 68, 4212 }, // U+013D
    { 10, 18, 159, 0, 18, 45, 4280 }, // U+013E
    { 16, 17, 236, 0, 16, 68, 4325 }, // U+013F
    { 13, 18, 204, 0, 18, 59, 4393 }, // U+0140
    { 16, 17, 250, 0, 16, 68, 4452 }, // U+0141
    { 10, 18, 157, 0, 18, 45, 4520 }, // U+0142
    { 20, 23, 314, 0, 23, 115, 4565 }, // U+0143
    { 15, 17, 240, 0, 17, 64, 4680 }, // U+0144
    { 20, 22, 314, 0, 16, 110, 4744 }, // U+0145
    { 15, 18, 240, 0, 12, 68, 4854 }, // U+0146
    { 20, 23, 314, 0, 23, 115, 4922 }, // U+0147
    { 15, 17, 240, 0, 17, 64, 5037 }, // U+0148
    { 17, 15, 272, 0, 15, 64, 5101 }, // U+0149
    { 20, 20, 314, 0, 16, 100, 5165 }, // U+014A
    { 13, 16, 216, 0, 12, 52, 5265 }, // U+014B
    { 18, 20, 289, 0, 20, 90, 5317 }, // U+014C
    { 12, 14, 202, 0, 14, 42, 5407 }, // U+014D
    { 18, 22, 289, 0, 22, 99, 5449 }, // U+014E
    { 12, 16, 202, 0, 16, 48, 5548 }, // U+014F
    { 18, 23, 289, 0, 23, 104, 5596 }, // U+0150
    { 12, 17, 202, 0, 17, 51, 5700 }, // U+0151
    { 27, 16, 428, 0, 16, 108, 5751 }, // U+0152
    { 20, 11, 306, 0, 11, 55, 5859 }, // U+0153
    { 18, 23, 281, 0, 23, 104, 5914 }, // U+0154
    { 12, 17, 186, 0, 17, 51, 6018 }, // U+0155
    { 18, 22, 281, 0, 16, 99, 6069 }, // U+0156
    { 12, 18, 186, 0, 12, 54, 6168 }, // U+0157
    { 18, 23, 281, 0, 23, 104, 6222 }, // U+0158
    { 12, 17, 186, 0, 17, 51, 6326 }, // U+0159
    { 16, 23, 254, 0, 23, 92, 6377 }, // U+015A
    { 12, 17, 191, 0, 17, 51, 6469 }, // U+015B
    { 16, 23, 254, 0, 23, 92, 6520 }, // U+015C
    { 12, 17, 191, 0, 17, 51, 6612 }, // U+015D
    { 16, 21, 254, 0, 16, 84, 6663 }, // U+015E
    { 12, 16, 191, 0, 11, 48, 6747 }, // U+015F
    { 16, 23, 254, 0, 23, 92, 6795 }, // U+0160
    { 12, 17, 191, 0, 17, 51, 6887 }, // U+0161
    { 17, 21, 277, 0, 16, 90, 6938 }, // U+0162
    { 9, 20, 144, 0, 15, 45, 7028 }, // U+0163
    { 17, 23, 277, 0, 23, 98, 7073 }, // U+0164
    { 10, 18, 144, 0, 18, 45, 7171 }, // U+0165
    { 17, 16, 277, 0, 16, 68, 7216 }, // U+0166
    { 9, 15, 144, 0, 15, 34, 7284 }, // U+0167
    { 18, 22, 284, 0, 22, 99, 7318 }, // U+0168
    { 15, 17, 232, 0, 16, 64, 7417 }, // U+0169
    { 18, 20, 284, 0, 20, 90, 7481 }, // U+016A
    { 15, 15, 232, 0, 14, 57, 7571 }, // U+016B
    { 18, 22, 284, 0, 22, 99, 7628 }, // U+016C
    { 15, 17, 232, 0, 16, 64, 7727 }, // U+016D
    { 18, 24, 284, 0, 24, 108, 7791 }, // U+016E
    { 15, 19, 232, 0, 18, 72, 7899 }, // U+016F
    { 18, 23, 284, 0, 23, 104, 7971 }, // U+0170
    { 15, 18, 232, 0, 17, 68, 8075 }, // U+0171
    { 18, 21, 284, 0, 16, 95, 8143 }, // U+0172
    { 15, 15, 232, 0, 11, 57, 8238 }, // U+0173
    { 27, 23, 425, 0, 23, 156, 8295 }, // U+0174
    { 21, 17, 328, 0, 17, 90, 8451 }, // U+0175
    { 18, 23, 280, 0, 23, 104, 8541 }, // U+0176
    { 13, 23, 204, 0, 17, 75, 8645 }, // U+0177
    { 18, 22, 280, 0, 22, 99, 8720 }, // U+0178
    { 16, 23, 262, 0, 23, 92, 8819 }, // U+0179
    { 12, 17, 192, 0, 17, 51, 8911 }, // U+017A
    { 16, 22, 262, 0, 22, 88, 8962 }, // U+017B
    { 12, 16, 192, 0, 16, 48, 9050 }, // U+017C
    { 16, 23, 262, 0, 23, 92, 9098 }, // U+017D
    { 12, 17, 192, 0, 17, 51, 9190 }, // U+017E
    { 12, 17, 142, 0, 17, 51, 9241 }, // U+017F
    { 18, 19, 289, 0, 19, 86, 0 }, // U+01A0
    { 13, 13, 202, 0, 13, 43, 86 }, // U+01A1
    { 21, 19, 332, 0, 19, 100, 129 }, // U+01AF
    { 18, 14, 280, 0, 13, 63, 229 }, // U+01B0
    { 34, 23, 537, 0, 23, 196, 292 }, // U+01C4
    { 30, 17, 466, 0, 17, 128, 488 }, // U+01C5
    { 26, 19, 415, 0, 18, 124, 616 }, // U+01C6
    { 27, 17, 427, 0, 16, 115, 740 }, // U+01C7
    { 22, 20, 353, 0, 16, 110, 855 }, // U+01C8
    { 14, 22, 225, 0, 18, 77, 965 }, // U+01C9
    { 31, 16, 491, 0, 16, 124, 1042 }, // U+01CA
    { 26, 20, 417, 0, 16, 130, 1166 }, // U+01CB
    { 21, 20, 336, 0, 16, 105, 1296 }, // U+01CC
    { 18, 23, 277, 0, 23, 104, 1401 }, // U+01CD
    { 14, 18, 218, 0, 17, 63, 1505 }, // U+01CE
    { 9, 23, 143, 0, 23, 52, 1568 }, // U+01CF
    { 10, 17, 122, -1, 17, 43, 1620 }, // U+01D0
    { 18, 23, 289, 0, 23, 104, 1663 }, // U+01D1
    { 12, 17, 202, 0, 17, 51, 1767 }, // U+01D2
    { 18, 23, 284, 0, 23, 104, 1818 }, // U+01D3
    { 15, 18, 232, 0, 17, 68, 1922 }, // U+01D4
    { 18, 24, 284, 0, 24, 108, 1990 }, // U+01D5
    { 15, 20, 232, 0, 19, 75, 2098 }, // U+01D6
    { 18, 27, 284, 0, 27, 122, 2173 }, // U+01D7
    { 15, 23, 232, 0, 22, 87, 2295 }, // U+01D8
    { 18, 27, 284, 0, 27, 122, 2382 }, // U+01D9
    { 15, 23, 232, 0, 22, 87, 2504 }, // U+01DA
    { 18, 27, 284, 0, 27, 122, 2591 }, // U+01DB
    { 15, 23, 232, 0, 22, 87, 2713 }, // U+01DC
    { 17, 23, 272, 0, 23, 98, 2800 }, // U+01E6
    { 12, 21, 184, 0, 17, 63, 2898 }, // U+01E7
    { 18, 21, 289, 0, 16, 95, 2961 }, // U+01EA
    { 12, 16, 202, 0, 11, 48, 3056 }, // U+01EB
    { 18, 27, 277, 0, 27, 122, 3104 }, // U+01FA
    { 14, 24, 218, 0, 23, 84, 3226 }, // U+01FB
    { 26, 23, 410, 0, 23, 150, 3310 }, // U+01FC
    { 20, 18, 316, 0, 17, 90, 3460 }, // U+01FD
    { 18, 24, 289, 0, 23, 108, 3550 }, // U+01FE
    { 13, 17, 202, 0, 17, 56, 3658 }, // U+01FF
    { 18, 23, 277, 0, 23, 104, 3714 }, // U+0200
    { 14, 18, 218, 0, 17, 63, 3818 }, // U+0201
    { 18, 22, 277, 0, 22, 99, 3881 }, // U+0202
    { 14, 17, 218, 0, 16, 60, 3980 }, // U+0203
    { 17, 23, 266, 0, 23, 98, 4040 }, // U+0204
    { 12, 17, 181, 0, 17, 51, 4138 }, // U+0205
    { 17, 22, 266, 0, 22, 94, 4189 }, // U+0206
    { 12, 16, 181, 0, 16, 48, 4283 }, // U+0207
    { 9, 23, 143, 0, 23, 52, 4331 }, // U+0208
    { 10, 17, 122, -1, 17, 43, 4383 }, // U+0209
    { 9, 22, 143, 0, 22, 50, 4426 }, // U+020A
    { 8, 16, 122, 0, 16, 32, 4476 }, // U+020B
    { 18, 23, 289, 0, 23, 104, 4508 }, // U+020C
    { 12, 17, 202, 0, 17, 51, 4612 }, // U+020D
    { 18, 22, 289, 0, 22, 99, 4663 }, // U+020E
    { 12, 16, 202, 0, 16, 48, 4762 }, // U+020F
    { 18, 23, 281, 0, 23, 104, 4810 }, // U+0210
    { 12, 17, 186, 0, 17, 51, 4914 }, // U+0211
    { 18, 22, 281, 0, 22, 99, 4965 }, // U+0212
    { 12, 16, 186, 0, 16, 48, 5064 }, // U+0213
    { 18, 23, 284, 0, 23, 104, 5112 }, // U+0214
    { 15, 18, 232, 0, 17, 68, 5216 }, // U+0215
    { 18, 22, 284, 0, 22, 99, 5284 }, // U+0216
    { 15, 17, 232, 0, 16, 64, 5383 }, // U+0217
    { 16, 22, 254, 0, 16, 88, 5447 }, // U+0218
    { 12, 17, 191, 0, 11, 51, 5535 }, // U+0219
    { 17, 22, 277, 0, 16, 94, 5586 }, // U+021A
    { 9, 21, 144, 0, 15, 48, 5680 }, // U+021B
    { 5, 5, 0, 4, 17, 7, 0 }, // U+0300
    { 5, 5, 0, 4, 17, 7, 7 }, // U+0301
    { 9, 5, 0, 2, 17, 12, 14 }, // U+0302
    { 8, 4, 0, 2, 16, 8, 26 }, // U+0303
    { 7, 2, 0, 3, 14, 4, 34 }, // U+0304
    { 9, 4, 0, 2, 16, 9, 38 }, // U+0306
    { 5, 4, 0, 4, 16, 5, 47 }, // U+0307
    { 10, 4, 0, 2, 16, 10, 52 }, // U+0308
    { 5, 6, 0, 1, 17, 8, 62 }, // U+0309
    { 7, 6, 0, 3, 18, 11, 70 }, // U+030A
    { 8, 5, 0, 3, 17, 10, 81 }, // U+030B
    { 9, 5, 0, 2, 17, 12, 91 }, // U+030C
    { 10, 5, 0, 0, 17, 13, 103 }, // U+030F
    { 9, 4, 0, 2, 16, 9, 116 }, // U+0311
    { 5, 5, 0, 4, 16, 7, 125 }, // U+0312
    { 7, 5, 0, 0, 13, 9, 132 }, // U+031B
    { 5, 4, 0, 4, -1, 5, 141 }, // U+0323
    { 10, 4, 0, 2, -2, 10, 146 }, // U+0324
    { 4, 5, 0, 3, -1, 5, 156 }, // U+0326
    { 6, 6, 0, 3, 1, 9, 161 }, // U+0327
    { 7, 7, 0, 3, 2, 13, 170 }, // U+0328
    { 9, 4, 0, 2, -1, 9, 183 }, // U+032E
    { 8, 4, 0, 1, -2, 8, 192 }, // U+0330
    { 7, 2, 0, 3, -2, 4, 200 }, // U+0331
    { 18, 21, 277, 0, 16, 95, 0 }, // U+1EA0
    { 14, 16, 218, 0, 11, 56, 95 }, // U+1EA1
    { 18, 23, 277, 0, 23, 104, 151 }, // U+1EA2
    { 14, 18, 218, 0, 17, 63, 255 }, // U+1EA3
    { 18, 26, 277, 0, 26, 117, 318 }, // U+1EA4
    { 14, 22, 218, 0, 21, 77, 435 }, // U+1EA5
    { 18, 26, 277, 0, 26, 117, 512 }, // U+1EA6
    { 15, 22, 218, -1, 21, 83, 629 }, // U+1EA7
    { 18, 26, 277, 0, 26, 117, 712 }, // U+1EA8
    { 14, 22, 218, 0, 21, 77, 829 }, // U+1EA9
    { 18, 27, 277, 0, 27, 122, 906 }, // U+1EAA
    { 14, 22, 218, 0, 21, 77, 1028 }, // U+1EAB
    { 18, 28, 277, 0, 23, 126, 1105 }, // U+1EAC
    { 14, 22, 218, 0, 17, 77, 1231 }, // U+1EAD
    { 18, 27, 277, 0, 27, 122, 1308 }, // U+1EAE
    { 14, 22, 218, 0, 21, 77, 1430 }, // U+1EAF
    { 18, 27, 277, 0, 27, 122, 1507 }, // U+1EB0
    { 14, 22, 218, 0, 21, 77, 1629 }, // U+1EB1
    { 18, 27, 277, 0, 27, 122, 1706 }, // U+1EB2
    { 14, 22, 218, 0, 21, 77, 1828 }, // U+1EB3
    { 18, 26, 277, 0, 26, 117, 1905 }, // U+1EB4
    { 14, 21, 218, 0, 20, 74, 2022 }, // U+1EB5
    { 18, 27, 277, 0, 22, 122, 2096 }, // U+1EB6
    { 14, 21, 218, 0, 16, 74, 2218 }, // U+1EB7
    { 17, 22, 266, 0, 17, 94, 2292 }, // U+1EB8
    { 12, 16, 181, 0, 11, 48, 2386 }, // U+1EB9
    { 17, 23, 266, 0, 23, 98, 2434 }, // U+1EBA
    { 12, 17, 181, 0, 17, 51, 2532 }, // U+1EBB
    { 17, 22, 266, 0, 22, 94, 2583 }, // U+1EBC
    { 12, 16, 181, 0, 16, 48, 2677 }, // U+1EBD
    { 17, 26, 266, 0, 26, 111, 2725 }, // U+1EBE
    { 13, 21, 181, 0, 21, 69, 2836 }, // U+1EBF
    { 17, 26, 266, 0, 26, 111, 2905 }, // U+1EC0
    { 13, 21, 181, -1, 21, 69, 3016 }, // U+1EC1
    { 17, 26, 266, 0, 26, 111, 3085 }, // U+1EC2
    { 12, 21, 181, 0, 21, 63, 3196 }, // U+1EC3
    { 17, 27, 266, 0, 27, 115, 3259 }, // U+1EC4
    { 12, 21, 181, 0, 21, 63, 3374 }, // U+1EC5
    { 17, 28, 266, 0, 23, 119, 3437 }, // U+1EC6
    { 12, 22, 181, 0, 17, 66, 3556 }, // U+1EC7
    { 9, 23, 143, 0, 23, 52, 3622 }, // U+1EC8
    { 8, 17, 122, 0, 17, 34, 3674 }, // U+1EC9
    { 9, 21, 143, 0, 16, 48, 3708 }, // U+1ECA
    { 8, 21, 122, 0, 16, 42, 3756 }, // U+1ECB
    { 18, 21, 289, 0, 16, 95, 3798 }, // U+1ECC
    { 12, 16, 202, 0, 11, 48, 3893 }, // U+1ECD
    { 18, 23, 289, 0, 23, 104, 3941 }, // U+1ECE
    { 12, 17, 202, 0, 17, 51, 4045 }, // U+1ECF
    { 18, 26, 289, 0, 26, 117, 4096 }, // U+1ED0
    { 14, 21, 202, 0, 21, 74, 4213 }, // U+1ED1
    { 18, 26, 289, 0, 26, 117, 4287 }, // U+1ED2
    { 13, 21, 202, -1, 21, 69, 4404 }, // U+1ED3
    { 18, 26, 289, 0, 26, 117, 4473 }, // U+1ED4
    { 12, 21, 202, 0, 21, 63, 4590 }, // U+1ED5
    { 18, 27, 289, 0, 27, 122, 4653 }, // U+1ED6
    { 12, 21, 202, 0, 21, 63, 4775 }, // U+1ED7
    { 18, 28, 289, 0, 23, 126, 4838 }, // U+1ED8
    { 12, 22, 202, 0, 17, 66, 4964 }, // U+1ED9
    { 18, 23, 289, 0, 23, 104, 5030 }, // U+1EDA
    { 13, 17, 202, 0, 17, 56, 5134 }, // U+1EDB
    { 18, 23, 289, 0, 23, 104, 5190 }, // U+1EDC
    { 13, 17, 202, 0, 17, 56, 5294 }, // U+1EDD
    { 18, 23, 289, 0, 23, 104, 5350 }, // U+1EDE
    { 13, 17, 202, 0, 17, 56, 5454 }, // U+1EDF
    { 18, 22, 289, 0, 22, 99, 5510 }, // U+1EE0
    { 13, 16, 202, 0, 16, 52, 5609 }, // U+1EE1
    { 18, 24, 289, 0, 19, 108, 5661 }, // U+1EE2
    { 13, 18, 202, 0, 13, 59, 5769 }, // U+1EE3
    { 18, 21, 284, 0, 16, 95, 5828 }, // U+1EE4
    { 15, 16, 232, 0, 11, 60, 5923 }, // U+1EE5
    { 18, 23, 284, 0, 23, 104, 5983 }, // U+1EE6
    { 15, 18, 232, 0, 17, 68, 6087 }, // U+1EE7
    { 21, 23, 332, 0, 23, 121, 6155 }, // U+1EE8
    { 18, 18, 280, 0, 17, 81, 6276 }, // U+1EE9
    { 21, 23, 332, 0, 23, 121, 6357 }, // U+1EEA
    { 18, 18, 280, 0, 17, 81, 6478 }, // U+1EEB
    { 21, 23, 332, 0, 23, 121, 6559 }, // U+1EEC
    { 18, 18, 280, 0, 17, 81, 6680 }, // U+1EED
    { 21, 22, 332, 0, 22, 116, 6761 }, // U+1EEE
    { 18, 17, 280, 0, 16, 77, 6877 }, // U+1EEF
    { 21, 24, 332, 0, 19, 126, 6954 }, // U+1EF0
    { 18, 18, 280, 0, 13, 81, 7080 }, // U+1EF1
    { 18, 23, 280, 0, 23, 104, 7161 }, // U+1EF2
    { 13, 23, 204, 0, 17, 75, 7265 }, // U+1EF3
    { 18, 21, 280, 0, 16, 95, 7340 }, // U+1EF4
    { 13, 18, 204, 0, 11, 59, 7435 }, // U+1EF5
    { 18, 23, 280, 0, 23, 104, 7494 }, // U+1EF6
    { 13, 23, 204, 0, 17, 75, 7598 }, // U+1EF7
    { 18, 22, 280, 0, 22, 99, 7673 }, // U+1EF8
    { 13, 22, 204, 0, 16, 72, 7772 }, // U+1EF9
    { 0, 0, 229, 0, 0, 0, 0 }, // U+2007
    { 0, 0, 110, 0, 0, 0, 0 }, // U+2008
    { 0, 0, 70, 0, 0, 0, 0 }, // U+2009
    { 0, 0, 50, 0, 0, 0, 0 }, // U+200A
    { 0, 0, 0, 0, 0, 0, 0 }, // U+200B
    { 9, 2, 180, 1, 7, 5, 0 }, // U+2010
    { 15, 2, 264, 1, 7, 8, 5 }, // U+2012
    { 10, 2, 193, 1, 7, 5, 13 }, // U+2013
    { 15, 2, 264, 1, 7, 8, 18 }, // U+2014
    { 18, 2, 262, -1, 7, 9, 26 }, // U+2015
    { 5, 7, 111, 1, 18, 9, 35 }, // U+2018
    { 5, 7, 111, 1, 18, 9, 44 }, // U+2019
    { 5, 7, 111, 1, 4, 9, 53 }, // U+201A
    { 10, 7, 190, 1, 18, 18, 62 }, // U+201C
    { 10, 7, 190, 1, 18, 18, 80 }, // U+201D
    { 10, 7, 190, 1, 4, 18, 98 }, // U+201E
    { 12, 19, 218, 1, 16, 57, 116 }, // U+2020
    { 12, 20, 218, 1, 17, 60, 173 }, // U+2021
    { 7, 7, 211, 3, 11, 13, 233 }, // U+2022
    { 18, 4, 310, 1, 4, 18, 246 }, // U+2026
    { 29, 19, 489, 0, 18, 138, 264 }, // U+2030
    { 5, 6, 78, 0, 16, 8, 402 }, // U+2032
    { 10, 6, 155, 0, 16, 15, 410 }, // U+2033
    { 7, 10, 142, 1, 12, 18, 425 }, // U+2039
    { 7, 10, 142, 1, 12, 18, 443 }, // U+203A
    { 14, 16, 213, 0, 16, 56, 461 }, // U+203D
    { 23, 20, 375, 0, 16, 115, 517 }, // U+2042
    { 15, 16, 250, 0, 16, 60, 632 }, // U+2044
    { 16, 16, 260, 0, 16, 64, 692 }, // U+2048
    { 10, 9, 161, 0, 18, 23, 0 }, // U+2070
    { 10, 13, 154, 0, 19, 33, 23 }, // U+2074
    { 10, 12, 164, 0, 18, 30, 56 }, // U+2075
    { 10, 11, 162, 0, 20, 28, 86 }, // U+2076
    { 10, 12, 152, 0, 17, 30, 114 }, // U+2077
    { 9, 11, 133, 0, 20, 25, 144 }, // U+2078
    { 10, 11, 162, 0, 20, 28, 169 }, // U+2079
    { 10, 9, 161, 0, 9, 23, 197 }, // U+2080
    { 7, 9, 106, 0, 9, 16, 220 }, // U+2081
    { 9, 10, 145, 0, 9, 23, 236 }, // U+2082
    { 8, 9, 135, 0, 9, 18, 259 }, // U+2083
    { 10, 13, 154, 0, 10, 33, 277 }, // U+2084
    { 10, 12, 164, 0, 9, 30, 310 }, // U+2085
    { 10, 11, 162, 0, 11, 28, 340 }, // U+2086
    { 10, 12, 152, 0, 8, 30, 368 }, // U+2087
    { 9, 11, 133, 0, 11, 25, 398 }, // U+2088
    { 10, 11, 162, 0, 11, 28, 423 }, // U+2089
    { 16, 22, 290, 1, 19, 88, 0 }, // U+20A1
    { 20, 17, 344, 1, 17, 85, 88 }, // U+20A3
    { 15, 16, 272, 1, 16, 60, 173 }, // U+20A4
    { 21, 16, 360, 1, 16, 84, 233 }, // U+20A6
    { 18, 16, 320, 1, 16, 72, 317 }, // U+20A7
    { 27, 16, 462, 1, 16, 108, 389 }, // U+20A9
    { 16, 16, 283, 1, 16, 64, 497 }, // U+20AA
    { 14, 21, 254, 1, 18, 74, 561 }, // U+20AB
    { 18, 16, 322, 1, 16, 72, 635 }, // U+20AC
    { 18, 16, 316, 1, 16, 72, 707 }, // U+20AD
    { 18, 16, 320, 1, 16, 72, 779 }, // U+20B1
    { 17, 22, 292, 1, 19, 94, 851 }, // U+20B2
    { 17, 16, 300, 1, 16, 68, 945 }, // U+20B4
    { 16, 22, 290, 1, 19, 88, 1013 }, // U+20B5
    { 13, 17, 229, 1, 16, 56, 1101 }, // U+20B9
    { 15, 16, 274, 1, 16, 60, 1157 }, // U+20BA
    { 14, 20, 258, 1, 20, 70, 1217 }, // U+20BC
    { 15, 16, 286, 1, 16, 60, 1287 }, // U+20BD
    { 15, 22, 269, 1, 19, 83, 1347 }, // U+20BF
    { 17, 15, 304, 1, 16, 64, 0 }, // U+2190
    { 15, 17, 261, 1, 18, 64, 64 }, // U+2191
    { 17, 15, 292, 1, 16, 64, 128 }, // U+2192
    { 16, 17, 261, 0, 16, 68, 192 }, // U+2193
    { 22, 15, 388, 1, 16, 83, 260 }, // U+2194
    { 15, 22, 261, 1, 19, 83, 343 }, // U+2195
    { 13, 13, 235, 1, 18, 43, 426 }, // U+2196
    { 13, 13, 242, 1, 18, 43, 469 }, // U+2197
    { 14, 13, 235, 0, 13, 46, 512 }, // U+2198
    { 13, 13, 235, 1, 13, 43, 558 }, // U+2199
    { 16, 15, 267, 0, 16, 60, 601 }, // U+21BA
    { 16, 15, 267, 1, 16, 60, 661 }, // U+21BB
    { 19, 24, 304, 0, 20, 114, 721 }, // U+21C4
    { 25, 19, 403, 0, 17, 119, 835 }, // U+21C5
    { 16, 14, 280, 1, 14, 56, 954 }, // U+21E7
    { 12, 19, 211, 0, 18, 57, 0 }, // U+2202
    { 13, 14, 211, 0, 13, 46, 57 }, // U+2205
    { 13, 15, 211, 0, 15, 49, 103 }, // U+2206
    { 13, 18, 211, 0, 17, 59, 152 }, // U+220F
    { 13, 17, 211, 0, 17, 56, 211 }, // U+2211
    { 13, 3, 211, 0, 8, 10, 267 }, // U+2212
    { 11, 17, 211, 1, 17, 47, 277 }, // U+2215
    { 7, 6, 211, 3, 11, 11, 324 }, // U+2219
    { 13, 20, 211, 0, 18, 65, 335 }, // U+221A
    { 13, 8, 211, 0, 10, 26, 400 }, // U+221E
    { 14, 23, 211, 0, 17, 81, 426 }, // U+222B
    { 13, 10, 211, 0, 12, 33, 507 }, // U+2248
    { 11, 14, 211, 1, 14, 39, 540 }, // U+2260
    { 13, 14, 211, 0, 14, 46, 579 }, // U+2264
    { 13, 14, 211, 0, 14, 46, 625 }, // U+2265
    { 20, 17, 275, 0, 17, 85, 0 }, // U+FB00
    { 16, 17, 250, 0, 17, 68, 85 }, // U+FB01
    { 16, 18, 258, 0, 18, 72, 153 }, // U+FB02
    { 25, 17, 392, 0, 17, 107, 225 }, // U+FB03
    { 25, 18, 400, 0, 18, 113, 332 }, // U+FB04
    { 24, 23, 387, 0, 21, 138, 0 }, // U+FFFD
};

static const EpdUnicodeInterval youngserif_12_boldIntervals[] = {
    { 0xD, 0xD, 0x0 },
    { 0x20, 0x7E, 0x1 },
    { 0xA0, 0xAC, 0x60 },
    { 0xAE, 0x17F, 0x6D },
    { 0x1A0, 0x1A1, 0x13F },
    { 0x1AF, 0x1B0, 0x141 },
    { 0x1C4, 0x1DC, 0x143 },
    { 0x1E6, 0x1E7, 0x15C },
    { 0x1EA, 0x1EB, 0x15E },
    { 0x1FA, 0x21B, 0x160 },
    { 0x300, 0x304, 0x182 },
    { 0x306, 0x30C, 0x187 },
    { 0x30F, 0x30F, 0x18E },
    { 0x311, 0x312, 0x18F },
    { 0x31B, 0x31B, 0x191 },
    { 0x323, 0x324, 0x192 },
    { 0x326, 0x328, 0x194 },
    { 0x32E, 0x32E, 0x197 },
    { 0x330, 0x331, 0x198 },
    { 0x1EA0, 0x1EF9, 0x19A },
    { 0x2007, 0x200B, 0x1F4 },
    { 0x2010, 0x2010, 0x1F9 },
    { 0x2012, 0x2015, 0x1FA },
    { 0x2018, 0x201A, 0x1FE },
    { 0x201C, 0x201E, 0x201 },
    { 0x2020, 0x2022, 0x204 },
    { 0x2026, 0x2026, 0x207 },
    { 0x2030, 0x2030, 0x208 },
    { 0x2032, 0x2033, 0x209 },
    { 0x2039, 0x203A, 0x20B },
    { 0x203D, 0x203D, 0x20D },
    { 0x2042, 0x2042, 0x20E },
    { 0x2044, 0x2044, 0x20F },
    { 0x2048, 0x2048, 0x210 },
    { 0x2070, 0x2070, 0x211 },
    { 0x2074, 0x2079, 0x212 },
    { 0x2080, 0x2089, 0x218 },
    { 0x20A1, 0x20A1, 0x222 },
    { 0x20A3, 0x20A4, 0x223 },
    { 0x20A6, 0x20A7, 0x225 },
    { 0x20A9, 0x20AD, 0x227 },
    { 0x20B1, 0x20B2, 0x22C },
    { 0x20B4, 0x20B5, 0x22E },
    { 0x20B9, 0x20BA, 0x230 },
    { 0x20BC, 0x20BD, 0x232 },
    { 0x20BF, 0x20BF, 0x234 },
    { 0x2190, 0x2199, 0x235 },
    { 0x21BA, 0x21BB, 0x23F },
    { 0x21C4, 0x21C5, 0x241 },
    { 0x21E7, 0x21E7, 0x243 },
    { 0x2202, 0x2202, 0x244 },
    { 0x2205, 0x2206, 0x245 },
    { 0x220F, 0x220F, 0x247 },
    { 0x2211, 0x2212, 0x248 },
    { 0x2215, 0x2215, 0x24A },
    { 0x2219, 0x221A, 0x24B },
    { 0x221E, 0x221E, 0x24D },
    { 0x222B, 0x222B, 0x24E },
    { 0x2248, 0x2248, 0x24F },
    { 0x2260, 0x2260, 0x250 },
    { 0x2264, 0x2265, 0x251 },
    { 0xFB00, 0xFB04, 0x253 },
    { 0xFFFD, 0xFFFD, 0x258 },
};

static const EpdFontGroup youngserif_12_boldGroups[] = {
    { 0, 2559, 5158, 96, 0 },
    { 2559, 2210, 6487, 95, 96 },
    { 4769, 2785, 10114, 128, 191 },
    { 7554, 2075, 6296, 67, 319 },
    { 9629, 205, 250, 24, 386 },
    { 9834, 1577, 8817, 90, 410 },
    { 11411, 448, 828, 29, 500 },
    { 11859, 239, 540, 17, 529 },
    { 12098, 812, 1555, 19, 546 },
    { 12910, 535, 1101, 15, 565 },
    { 13445, 419, 786, 15, 580 },
    { 13864, 244, 470, 5, 595 },
    { 14108, 96, 138, 1, 600 },
};

static const uint16_t youngserif_12_boldKernLeftCodepoints[] = {
    0x0028, 0x002C, 0x002D, 0x002E, 0x002F, 0x0030, 0x0031, 0x0032, 0x0033, 0x0034, 0x0035, 0x0036,
    0x0037, 0x0038, 0x0039, 0x003A, 0x003B, 0x0041, 0x0042, 0x0043, 0x0044, 0x0045, 0x0046, 0x0047,
    0x0048, 0x0049, 0x004A, 0x004B, 0x004C, 0x004D, 0x004E, 0x004F, 0x0050, 0x0051, 0x0052, 0x0053,
    0x0054, 0x0055, 0x0056, 0x0057, 0x0058, 0x0059, 0x005A, 0x005B, 0x0061, 0x0062, 0x0063, 0x0064,
    0x0065, 0x0066, 0x0067, 0x0068, 0x0069, 0x006A, 0x006B, 0x006C, 0x006D, 0x006E, 0x006F, 0x0070,
    0x0071, 0x0072, 0x0073, 0x0074, 0x0075, 0x0076, 0x0077, 0x0078, 0x0079, 0x007A, 0x00A1, 0x00B2,
    0x00B3, 0x00B9, 0x00BF, 0x00C0, 0x00C1, 0x00C2, 0x00C3, 0x00C4, 0x00C5, 0x00C6, 0x00C7, 0x00C8,
    0x00C9, 0x00CA, 0x00CB, 0x00CC, 0x00CD, 0x00CE, 0x00CF, 0x00D0, 0x00D1, 0x00D2, 0x00D3, 0x00D4,
    0x00D5, 0x00D6, 0x00D8, 0x00D9, 0x00DA, 0x00DB, 0x00DC, 0x00DD, 0x00DE, 0x00DF, 0x00E0, 0x00E1,
    0x00E2, 0x00E3, 0x00E4, 0x00E5, 0x00E6, 0x00E7, 0x00E8, 0x00E9, 0x00EA, 0x00EB, 0x00EC, 0x00ED,
    0x00EE, 0x00EF, 0x00F0, 0x00F1, 0x00F2, 0x00F3, 0x00F4, 0x00F5, 0x00F6, 0x00F7, 0x00F8, 0x00F9,
    0x00FA, 0x00FB, 0x00FC, 0x00FD, 0x00FE, 0x00FF, 0x0100, 0x0101, 0x0102, 0x0103, 0x0104, 0x0105,
    0x0106, 0x0107, 0x0108, 0x0109, 0x010A, 0x010B, 0x010C, 0x010D, 0x010E, 0x010F, 0x0110, 0x0111,
    0x0112, 0x0113, 0x0114, 0x0115, 0x0116, 0x0117, 0x0118, 0x0119, 0x011A, 0x011B, 0x011C, 0x011D,
    0x011E, 0x011F, 0x0120, 0x0121, 0x0122, 0x0123, 0x0124, 0x0125, 0x0126, 0x0127, 0x0128, 0x0129,
    0x012A, 0x012B, 0x012C, 0x012D, 0x012E, 0x012F, 0x0130, 0x0131, 0x0132, 0x0133, 0x0134, 0x0135,
    0x0136, 0x0137, 0x0138, 0x0139, 0x013A, 0x013B, 0x013C, 0x013D, 0x013E, 0x013F, 0x0140, 0x0141,
    0x0142, 0x0143, 0x0144, 0x0145, 0x0146, 0x0147, 0x0148, 0x0149, 0x014A, 0x014B, 0x014C, 0x014D,
    0x014E, 0x014F, 0x0150, 0x0151, 0x0152, 0x0153, 0x0154, 0x0155, 0x0156, 0x0157, 0x0158, 0x0159,
    0x015A, 0x015B, 0x015C, 0x015D, 0x015E, 0x015F, 0x0160, 0x0161, 0x0162, 0x0163, 0x0164, 0x0165,
    0x0166, 0x0167, 0x0168, 0x0169, 0x016A, 0x016B, 0x016C, 0x016D, 0x016E, 0x016F, 0x0170, 0x0171,
    0x0172, 0x0173, 0x0174, 0x0175, 0x0176, 0x0177, 0x0178, 0x0179, 0x017A, 0x017B, 0x017C, 0x017D,
    0x017E, 0x01A0, 0x01A1, 0x01C4, 0x01C5, 0x01C6, 0x01C7, 0x01C8, 0x01C9, 0x01CA, 0x01CB, 0x01CC,
    0x01CD, 0x01CE, 0x01CF, 0x01D0, 0x01D1, 0x01D2, 0x01D3, 0x01D4, 0x01D5, 0x01D6, 0x01D7, 0x01D8,
    0x01D9, 0x01DA, 0x01DB, 0x01DC, 0x01E6, 0x01E7, 0x01EA, 0x01EB, 0x01FA, 0x01FB, 0x01FC, 0x01FD,
    0x01FE, 0x01FF, 0x0200, 0x0201, 0x0202, 0x0203, 0x0204, 0x0205, 0x0206, 0x0207, 0x0208, 0x0209,
    0x020A, 0x020B, 0x020C, 0x020D, 0x020E, 0x020F, 0x0210, 0x0211, 0x0212, 0x0213, 0x0214, 0x0215,
    0x0216, 0x0217, 0x0218, 0x0219, 0x021A, 0x021B, 0x1EA0, 0x1EA1, 0x1EA2, 0x1EA3, 0x1EA4, 0x1EA5,
    0x1EA6, 0x1EA7, 0x1EA8, 0x1EA9, 0x1EAA, 0x1EAB, 0x1EAC, 0x1EAD, 0x1EAE, 0x1EAF, 0x1EB0, 0x1EB1,
    0x1EB2, 0x1EB3, 0x1EB4, 0x1EB5, 0x1EB6, 0x1EB7, 0x1EB8, 0x1EB9, 0x1EBA, 0x1EBB, 0x1EBC, 0x1EBD,
    0x1EBE, 0x1EBF, 0x1EC0, 0x1EC1, 0x1EC2, 0x1EC3, 0x1EC4, 0x1EC5, 0x1EC6, 0x1EC7, 0x1EC8, 0x1EC9,
    0x1ECA, 0x1ECB, 0x1ECC, 0x1ECD, 0x1ECE, 0x1ECF, 0x1ED0, 0x1ED1, 0x1ED2, 0x1ED3, 0x1ED4, 0x1ED5,
    0x1ED6, 0x1ED7, 0x1ED8, 0x1ED9, 0x1EDA, 0x1EDB, 0x1EDC, 0x1EDD, 0x1EDE, 0x1EDF, 0x1EE0, 0x1EE1,
    0x1EE2, 0x1EE3, 0x1EE4, 0x1EE5, 0x1EE6, 0x1EE7, 0x1EF2, 0x1EF3, 0x1EF4, 0x1EF5, 0x1EF6, 0x1EF7,
    0x1EF8, 0x1EF9, 0x2010, 0x2012, 0x2013, 0x2014, 0x2015, 0x201A, 0x201E, 0x2026, 0x2044, 0x2070,
    0x2074, 0x2075, 0x2076, 0x2077, 0x2078, 0x2079, 0xFB00, 0xFB01, 0xFB02, 0xFB03, 0xFB04,
};

static const uint8_t youngserif_12_boldKernLeftClassIds[] = {
      1,   2,   3,   2,   4,   5,   6,   7,   8,   9,  10,  11,  12,  13,  14,  15,
     15,  16,  17,  18,  19,  20,  21,  22,  23,  24,  25,  26,  20,  23,  27,  19,
     28,  19,  29,  30,  31,  32,  33,  33,  34,  35,  36,  37,  38,  39,  40,  38,
     41,  42,  43,  44,  38,  45,  46,  38,  44,  44,  39,  39,  47,  48,  49,  50,
     51,  52,  52,  53,  54,  55,  56,  57,  58,  59,  60,  16,  16,  16,  16,  16,
     16,  61,  18,  61,  61,  61,  61,  24,  24,  24,  24,  19,  27,  19,  19,  19,
     19,  19,  19,  32,  32,  32,  32,  35,  28,  39,  38,  38,  38,  38,  38,  38,
     41,  40,  41,  41,  41,  41,  38,  38,  62,  62,  63,  44,  39,  39,  39,  39,
     39,  64,  39,  51,  51,  51,  51,  54,  39,  54,  16,  38,  16,  38,  16,  38,
     18,  40,  18,  40,  18,  40,  18,  40,  19,  65,  19,  66,  61,  41,  20,  41,
     61,  41,  61,  41,  61,  41,  22,  43,  22,  43,  22,  43,  22,  43,  23,  44,
     23,  44,  24,  38,  24,  38,  24,  38,  24,  67,  24,  38,  25,  45,  25,  45,
     26,  46,  46,  20,  38,  20,  38,  61,  38,  20,  68,  69,  70,  27,  44,  27,
     44,  27,  44,  44,  27,  71,  19,  39,  19,  39,  19,  39,  61,  41,  29,  48,
     29,  48,  29,  48,  30,  49,  30,  49,  30,  49,  30,  49,  31,  50,  31,  50,
     31,  50,  32,  51,  32,  51,  32,  51,  32,  51,  32,  51,  32,  51,  33,  52,
     35,  54,  35,  36,  55,  36,  55,  36,  55,  19,  39,  36,  55,  55,  25,  45,
     71,  25,  45,  71,  16,  38,  24,  38,  19,  39,  32,  51,  32,  51,  32,  51,
     32,  51,  32,  51,  22,  43,  19,  39,  16,  38,  20,  41,  19,  39,  16,  38,
     16,  38,  20,  41,  20,  41,  24,  38,  24,  38,  19,  39,  19,  39,  29,  48,
     29,  48,  32,  51,  32,  51,  30,  49,  31,  50,  16,  38,  16,  38,  16,  38,
     16,  38,  16,  38,  16,  38,  16,  38,  16,  38,  16,  38,  16,  38,  16,  38,
     16,  38,  20,  41,  20,  41,  20,  41,  20,  41,  20,  41,  20,  41,  20,  41,
     20,  41,  24,  38,  24,  72,  19,  39,  19,  39,  19,  39,  19,  39,  19,  39,
     19,  39,  19,  39,  19,  39,  19,  39,  19,  39,  19,  39,  19,  39,  32,  51,
     32,  51,  35,  54,  35,  54,  35,  54,  35,  54,   3,   3,   3,   3,   3,   2,
      2,   2,  73,  58,  74,  75,  58,  58,  76,  58,  38,  38,  38,  38,  38,
};

static const uint16_t youngserif_12_boldKernRightCodepoints[] = {
    0x0021, 0x0029, 0x002C, 0x002D, 0x002E, 0x002F, 0x0030, 0x0031, 0x0032, 0x0033, 0x0034, 0x0035,
    0x0036, 0x0037, 0x0038, 0x0039, 0x003A, 0x003B, 0x003F, 0x0041, 0x0042, 0x0043, 0x0044, 0x0045,
    0x0046, 0x0047, 0x0048, 0x0049, 0x004A, 0x004B, 0x004C, 0x004D, 0x004E, 0x004F, 0x0050, 0x0051,
    0x0052, 0x0053, 0x0054, 0x0055, 0x0056, 0x0057, 0x0058, 0x0059, 0x005A, 0x005D, 0x0061, 0x0062,
    0x0063, 0x0064, 0x0065, 0x0066, 0x0067, 0x0068, 0x0069, 0x006A, 0x006B, 0x006C, 0x006D, 0x006E,
    0x006F, 0x0070, 0x0071, 0x0072, 0x0073, 0x0074, 0x0075, 0x0076, 0x0077, 0x0078, 0x0079, 0x007A,
    0x00B7, 0x00C0, 0x00C1, 0x00C2, 0x00C3, 0x00C4, 0x00C5, 0x00C6, 0x00C7, 0x00C8, 0x00C9, 0x00CA,
    0x00CB, 0x00CC, 0x00CD, 0x00CE, 0x00CF, 0x00D0, 0x00D1, 0x00D2, 0x00D3, 0x00D4, 0x00D5, 0x00D6,
    0x00D8, 0x00D9, 0x00DA, 0x00DB, 0x00DC, 0x00DD, 0x00DE, 0x00DF, 0x00E0, 0x00E1, 0x00E2, 0x00E3,
    0x00E4, 0x00E5, 0x00E6, 0x00E7, 0x00E8, 0x00E9, 0x00EA, 0x00EB, 0x00EC, 0x00ED, 0x00EE, 0x00EF,
    0x00F0, 0x00F1, 0x00F2, 0x00F3, 0x00F4, 0x00F5, 0x00F6, 0x00F7, 0x00F8, 0x00F9, 0x00FA, 0x00FB,
    0x00FC, 0x00FD, 0x00FE, 0x00FF, 0x0100, 0x0101, 0x0102, 0x0103, 0x0104, 0x0105, 0x0106, 0x0107,
    0x0108, 0x0109, 0x010A, 0x010B, 0x010C, 0x010D, 0x010E, 0x010F, 0x0110, 0x0111, 0x0112, 0x0113,
    0x0114, 0x0115, 0x0116, 0x0117, 0x0118, 0x0119, 0x011A, 0x011B, 0x011C, 0x011D, 0x011E, 0x011F,
    0x0120, 0x0121, 0x0122, 0x0123, 0x0124, 0x0125, 0x0126, 0x0127, 0x0128, 0x0129, 0x012A, 0x012B,
    0x012C, 0x012D, 0x012E, 0x012F, 0x0130, 0x0131, 0x0132, 0x0133, 0x0134, 0x0135, 0x0136, 0x0137,
    0x0138, 0x0139, 0x013A, 0x013B, 0x013C, 0x013D, 0x013E, 0x013F, 0x0140, 0x0141, 0x0142, 0x0143,
    0x0144, 0x0145, 0x0146, 0x0147, 0x0148, 0x014A, 0x014B, 0x014C, 0x014D, 0x014E, 0x014F, 0x0150,
    0x0151, 0x0152, 0x0153, 0x0154, 0x0155, 0x0156, 0x0157, 0x0158, 0x0159, 0x015A, 0x015B, 0x015C,
    0x015D, 0x015E, 0x015F, 0x0160, 0x0161, 0x0162, 0x0163, 0x0164, 0x0165, 0x0166, 0x0167, 0x0168,
    0x0169, 0x016A, 0x016B, 0x016C, 0x016D, 0x016E, 0x016F, 0x0170, 0x0171, 0x0172, 0x0173, 0x0174,
    0x0175, 0x0176, 0x0177, 0x0178, 0x0179, 0x017A, 0x017B, 0x017C, 0x017D, 0x017E, 0x01A0, 0x01A1,
    0x01AF, 0x01B0, 0x01C4, 0x01C5, 0x01C6, 0x01C7, 0x01C8, 0x01C9, 0x01CA, 0x01CB, 0x01CC, 0x01CD,
    0x01CE, 0x01CF, 0x01D0, 0x01D1, 0x01D2, 0x01D3, 0x01D4, 0x01D5, 0x01D6, 0x01D7, 0x01D8, 0x01D9,
    0x01DA, 0x01DB, 0x01DC, 0x01E6, 0x01E7, 0x01EA, 0x01EB, 0x01FA, 0x01FB, 0x01FC, 0x01FD, 0x01FE,
    0x01FF, 0x0200, 0x0201, 0x0202, 0x0203, 0x0204, 0x0205, 0x0206, 0x0207, 0x0208, 0x0209, 0x020A,
    0x020B, 0x020C, 0x020D, 0x020E, 0x020F, 0x0210, 0x0211, 0x0212, 0x0213, 0x0214, 0x0215, 0x0216,
    0x0217, 0x0218, 0x0219, 0x021A, 0x021B, 0x1EA0, 0x1EA1, 0x1EA2, 0x1EA3, 0x1EA4, 0x1EA5, 0x1EA6,
    0x1EA7, 0x1EA8, 0x1EA9, 0x1EAA, 0x1EAB, 0x1EAC, 0x1EAD, 0x1EAE, 0x1EAF, 0x1EB0, 0x1EB1, 0x1EB2,
    0x1EB3, 0x1EB4, 0x1EB5, 0x1EB6, 0x1EB7, 0x1EB8, 0x1EB9, 0x1EBA, 0x1EBB, 0x1EBC, 0x1EBD, 0x1EBE,
    0x1EBF, 0x1EC0, 0x1EC1, 0x1EC2, 0x1EC3, 0x1EC4, 0x1EC5, 0x1EC6, 0x1EC7, 0x1EC8, 0x1EC9, 0x1ECA,
    0x1ECB, 0x1ECC, 0x1ECD, 0x1ECE, 0x1ECF, 0x1ED0, 0x1ED1, 0x1ED2, 0x1ED3, 0x1ED4, 0x1ED5, 0x1ED6,
    0x1ED7, 0x1ED8, 0x1ED9, 0x1EDA, 0x1EDB, 0x1EDC, 0x1EDD, 0x1EDE, 0x1EDF, 0x1EE0, 0x1EE1, 0x1EE2,
    0x1EE3, 0x1EE4, 0x1EE5, 0x1EE6, 0x1EE7, 0x1EE8, 0x1EE9, 0x1EEA, 0x1EEB, 0x1EEC, 0x1EED, 0x1EEE,
    0x1EEF, 0x1EF0, 0x1EF1, 0x1EF2, 0x1EF3, 0x1EF4, 0x1EF5, 0x1EF6, 0x1EF7, 0x1EF8, 0x1EF9, 0x2010,
    0x2012, 0x2013, 0x2014, 0x2015, 0x201A, 0x201E, 0x2026, 0x2044, 0x2080, 0x2081, 0x2082, 0x2083,
    0x2084, 0x2085, 0x2086, 0x2087, 0x2088, 0x2089, 0xFB00, 0xFB01, 0xFB02, 0xFB03, 0xFB04,
};

static const uint8_t youngserif_12_boldKernRightClassIds[] = {
      1,   2,   3,   4,   3,   5,   6,   7,   8,   9,  10,  11,  12,  13,  14,  15,
     16,  16,  17,  18,  19,  20,  19,  19,  19,  20,  19,  21,  22,  19,  19,  19,
     19,  20,  19,  20,  19,  23,  24,  25,  26,  27,  28,  29,  30,  31,  32,  33,
     32,  32,  32,  34,  35,  36,  37,  38,  36,  36,  39,  39,  32,  40,  32,  39,
     41,  42,  43,  44,  44,  45,  46,  47,  48,  18,  18,  18,  18,  18,  18,  49,
     20,  19,  19,  19,  19,  21,  21,  21,  21,  19,  19,  20,  20,  20,  20,  20,
     20,  25,  25,  25,  25,  29,  19,  36,  50,  32,  32,  51,  52,  32,  32,  32,
     53,  32,  54,  55,  56,  37,  57,  58,  59,  39,  60,  32,  61,  62,  63,  64,
     32,  65,  65,  65,  65,  46,  66,  67,  18,  68,  18,  69,  18,  32,  20,  32,
     20,  32,  20,  32,  20,  70,  19,  32,  19,  32,  19,  71,  19,  32,  19,  32,
     19,  32,  19,  72,  20,  73,  20,  73,  20,  35,  20,  35,  19,  36,  19,  36,
     21,  37,  21,  74,  21,  37,  21,  75,  21,  37,  21,  37,  22,  38,  19,  36,
     36,  19,  36,  19,  36,  19,  36,  19,  36,  76,  36,  19,  39,  19,  39,  19,
     39,  19,  39,  20,  60,  20,  32,  20,  77,  20,  78,  19,  39,  19,  39,  19,
     79,  23,  41,  23,  41,  23,  41,  23,  80,  81,  42,  81,  42,  81,  42,  25,
     65,  25,  65,  25,  65,  25,  65,  25,  65,  25,  65,  27,  44,  29,  82,  29,
     30,  47,  30,  47,  30,  83,  20,  32,  25,  65,  19,  19,  32,  19,  19,  36,
     19,  19,  39,  18,  32,  21,  37,  20,  32,  25,  65,  25,  65,  25,  65,  25,
     65,  25,  65,  20,  73,  20,  32,  18,  32,  49,  32,  20,  32,  18,  32,  18,
     32,  19,  32,  19,  32,  21,  37,  21,  37,  20,  32,  20,  32,  19,  39,  19,
     39,  25,  65,  25,  65,  23,  41,  81,  42,  18,  32,  18,  32,  18,  32,  18,
     32,  18,  32,  18,  32,  18,  32,  18,  32,  18,  32,  18,  32,  18,  32,  18,
     32,  19,  32,  19,  32,  19,  32,  19,  32,  19,  32,  19,  32,  19,  32,  19,
     32,  21,  37,  21,  37,  20,  32,  20,  32,  20,  32,  20,  32,  20,  32,  20,
     32,  20,  32,  20,  32,  20,  32,  20,  32,  20,  32,  20,  32,  25,  65,  25,
     65,  25,  65,  25,  65,  25,  65,  25,  65,  25,  65,  29,  46,  29,  46,  29,
     46,  29,  46,   4,   4,   4,   4,  84,   3,   3,   3,  85,  86,  87,  86,  88,
     89,  90,  91,  91,  92,  92,  93,  93,  93,  93,  93,
};

static const uint16_t youngserif_12_boldKernRowOffsets[] = {
        0,    28,    74,    92,    93,   100,   110,   117,   125,   139,   144,   148,   156,   159,   167,   179,
      235,   284,   322,   377,   426,   487,   517,   562,   603,   663,   724,   783,   843,   898,   946,   998,
     1055,  1112,  1165,  1225,  1269,  1271,  1312,  1341,  1388,  1408,  1459,  1499,  1544,  1545,  1584,  1627,
     1667,  1706,  1740,  1782,  1814,  1837,  1884,  1919,  1920,  1921,  1922,  1923,  1924,  1973,  1975,  2017,
     2020,  2039,  2041,  2082,  2123,  2172,  2176,  2185,  2226,  2233,  2234,  2235,  2236,
};

static const uint8_t youngserif_12_boldKernSparseCols[] = {
      7,   8,   9,  11,  13,  14,  31,  37,  45,  49,  50,  51,  52,  53,  54,  59,
     60,  61,  62,  66,  67,  68,  69,  70,  71,  76,  77,  81,   5,   7,   8,   9,
     10,  11,  12,  18,  19,  20,  21,  22,  23,  24,  25,  26,  28,  31,  32,  39,
     41,  42,  43,  45,  49,  50,  51,  52,  53,  54,  59,  60,  61,  62,  64,  66,
     67,  68,  69,  70,  71,  75,  76,  77,  80,  81,  17,  18,  20,  23,  24,  25,
     26,  27,  28,  29,  32,  43,  44,  45,  66,  75,  80,  81,  17,   2,   5,   7,
      9,  11,  12,  15,   3,   5,   6,   7,   8,   9,  12,  13,  14,  83,   1,   2,
      6,   9,  10,  12,  14,   2,   5,   6,   9,  11,  13,  14,  15,   1,   2,   3,
      5,   6,   8,   9,  10,  11,  12,  13,  15,  63,  83,   2,   5,   6,   7,  14,
      2,   5,   6,  15,   1,   2,   3,   5,   6,   7,   9,  83,   2,   6,  12,   1,
      2,   5,   6,   8,   9,  10,  11,   5,   6,   7,   9,  10,  12,  14,  25,  26,
     34,  37,  72,   3,  17,  19,  22,  23,  24,  25,  26,  28,  29,  31,  32,  34,
     35,  36,  37,  38,  39,  40,  41,  42,  43,  44,  45,  46,  49,  50,  51,  52,
     53,  54,  55,  59,  60,  61,  62,  64,  65,  66,  67,  68,  69,  70,  71,  72,
     73,  74,  76,  77,  78,  79,  80,  81,  82,  83,  92,   2,  17,  18,  19,  20,
     22,  23,  24,  25,  26,  27,  28,  29,  31,  35,  38,  39,  40,  41,  42,  43,
     44,  45,  48,  49,  50,  51,  52,  53,  54,  59,  60,  61,  62,  64,  65,  66,
     67,  68,  69,  70,  71,  75,  76,  77,  78,  79,  80,  81,   2,  17,  19,  21,
     22,  24,  25,  26,  27,  28,  31,  32,  34,  36,  38,  48,  49,  50,  51,  52,
     53,  54,  55,  59,  60,  61,  62,  67,  68,  69,  70,  71,  72,  73,  74,  76,
     77,  78,   2,  17,  18,  19,  20,  21,  22,  23,  24,  25,  26,  27,  28,  29,
     31,  32,  34,  35,  36,  40,  42,  45,  46,  48,  49,  50,  51,  52,  53,  54,
     55,  58,  59,  60,  61,  62,  64,  65,  66,  67,  68,  69,  70,  71,  72,  73,
     74,  75,  76,  77,  79,  80,  81,  82,  92,   2,  17,  18,  19,  21,  22,  23,
     24,  25,  26,  27,  28,  29,  31,  32,  35,  38,  39,  40,  41,  42,  43,  44,
     45,  47,  49,  50,  51,  52,  53,  54,  59,  60,  61,  62,  64,  66,  67,  68,
     69,  70,  71,  75,  76,  77,  78,  79,  80,  81,   2,   3,   4,  17,  18,  19,
     20,  21,  22,  23,  24,  27,  28,  31,  34,  35,  36,  37,  38,  39,  40,  41,
     42,  43,  44,  45,  46,  48,  49,  50,  51,  52,  53,  54,  55,  56,  57,  59,
     60,  61,  62,  64,  66,  67,  68,  69,  70,  71,  72,  73,  74,  75,  76,  77,
     78,  79,  80,  81,  82,  83,  92,   2,  17,  18,  19,  20,  21,  22,  23,  24,
     25,  26,  27,  28,  29,  32,  35,  36,  40,  44,  45,  48,  55,  65,  66,  73,
     74,  75,  79,  80,  81,   2,   3,  19,  20,  22,  23,  24,  29,  31,  32,  35,
     36,  39,  40,  41,  42,  43,  44,  45,  49,  50,  51,  52,  53,  54,  55,  59,
     60,  61,  62,  64,  66,  67,  68,  69,  70,  71,  73,  74,  76,  77,  79,  80,
     81,  83,   2,   3,  18,  19,  20,  21,  22,  23,  24,  31,  39,  40,  41,  42,
     43,  45,  48,  49,  50,  51,  52,  53,  54,  59,  60,  61,  62,  64,  66,  67,
     68,  69,  70,  71,  75,  76,  77,  79,  80,  81,  83,   2,   3,  17,  18,  19,
     20,  21,  22,  23,  24,  27,  29,  31,  32,  34,  35,  36,  37,  38,  39,  40,
     41,  42,  43,  44,  45,  46,  48,  49,  50,  51,  52,  53,  54,  55,  57,  59,
     60,  61,  62,  64,  66,  67,  68,  69,  70,  71,  72,  73,  74,  75,  76,  77,
     78,  79,  80,  81,  82,  83,  92,   2,   3,  17,  18,  19,  21,  22,  23,  24,
     25,  26,  27,  28,  29,  31,  32,  34,  35,  36,  37,  38,  39,  40,  41,  42,
     43,  45,  46,  48,  49,  50,  51,  52,  53,  54,  55,  59,  60,  61,  62,  64,
     65,  66,  67,  68,  69,  70,  71,  72,  73,  74,  75,  76,  77,  78,  79,  80,
     81,  82,  83,  92,   2,  17,  18,  19,  21,  22,  23,  25,  26,  28,  29,  31,
     32,  34,  35,  36,  37,  38,  39,  40,  41,  42,  43,  44,  45,  46,  48,  49,
     50,  51,  52,  53,  54,  55,  56,  57,  59,  60,  61,  62,  64,  66,  67,  68,
     69,  70,  71,  72,  73,  74,  75,  76,  77,  78,  79,  80,  81,  82,  92,   2,
      3,   4,  17,  18,  19,  20,  21,  22,  24,  25,  26,  27,  28,  29,  31,  32,
     34,  35,  36,  37,  38,  39,  40,  42,  43,  44,  46,  48,  49,  50,  51,  52,
     53,  54,  55,  56,  57,  58,  59,  60,  61,  62,  64,  65,  67,  68,  69,  70,
     71,  72,  73,  74,  75,  76,  77,  78,  79,  82,  83,   3,  17,  18,  19,  22,
     23,  24,  25,  26,  27,  28,  29,  31,  32,  35,  37,  38,  39,  40,  41,  42,
     43,  44,  45,  46,  48,  49,  50,  51,  52,  53,  54,  58,  59,  60,  61,  62,
     64,  65,  66,  67,  68,  69,  70,  71,  75,  76,  77,  78,  79,  80,  81,  82,
     83,  92,   2,  17,  18,  20,  22,  23,  24,  25,  26,  27,  28,  29,  31,  32,
     34,  35,  39,  41,  42,  43,  44,  45,  48,  49,  50,  51,  52,  53,  54,  59,
     60,  61,  62,  64,  65,  66,  67,  68,  69,  70,  71,  72,  75,  76,  77,  80,
     81,  83,   2,   3,   4,  17,  18,  19,  20,  21,  31,  32,  34,  35,  37,  38,
     39,  40,  41,  42,  43,  44,  45,  46,  48,  49,  50,  51,  52,  53,  54,  56,
     57,  59,  60,  61,  62,  64,  66,  67,  68,  69,  70,  71,  72,  75,  76,  77,
     78,  79,  81,  82,  83,  92,   2,   3,  17,  19,  21,  22,  25,  26,  27,  28,
     29,  31,  32,  34,  36,  37,  38,  39,  40,  41,  42,  43,  44,  45,  46,  48,
     49,  50,  51,  52,  53,  54,  55,  56,  57,  59,  60,  61,  62,  64,  66,  67,
     68,  69,  70,  71,  72,  73,  74,  76,  77,  78,  79,  81,  82,  83,  92,   2,
      3,   4,  17,  19,  21,  22,  25,  26,  28,  29,  31,  32,  34,  36,  37,  38,
     39,  40,  41,  42,  43,  44,  45,  46,  48,  49,  50,  51,  52,  53,  54,  55,
     56,  57,  59,  60,  61,  62,  64,  66,  67,  68,  69,  70,  71,  72,  73,  74,
     76,  77,  78,  79,  81,  82,  83,  92,   3,  17,  18,  19,  22,  23,  24,  27,
     29,  31,  35,  36,  38,  39,  40,  41,  42,  43,  44,  45,  46,  48,  49,  50,
     51,  52,  53,  54,  55,  59,  60,  61,  62,  64,  65,  66,  67,  68,  69,  70,
     71,  73,  74,  75,  76,  77,  78,  79,  80,  81,  82,  83,  92,   2,   3,  17,
     19,  21,  22,  23,  25,  26,  27,  28,  29,  31,  32,  34,  36,  37,  38,  39,
     40,  41,  42,  43,  44,  45,  46,  48,  49,  50,  51,  52,  53,  54,  55,  56,
     57,  59,  60,  61,  62,  64,  65,  66,  67,  68,  69,  70,  71,  72,  73,  74,
     76,  77,  78,  79,  80,  81,  82,  83,  92,   2,  17,  18,  19,  20,  22,  23,
     24,  25,  26,  27,  31,  38,  39,  41,  42,  43,  44,  45,  48,  49,  50,  51,
     52,  53,  54,  59,  60,  61,  62,  64,  65,  66,  67,  68,  69,  70,  71,  75,
     76,  77,  78,  80,  81,  35,  37,  30,  31,  32,  33,  34,  37,  38,  39,  40,
     41,  42,  43,  44,  45,  46,  49,  50,  51,  52,  53,  54,  58,  59,  60,  61,
     62,  64,  65,  66,  67,  68,  69,  70,  71,  76,  77,  78,  79,  81,  82,  92,
      2,  23,  25,  26,  32,  35,  36,  38,  39,  40,  41,  42,  43,  44,  45,  46,
     55,  58,  64,  65,  66,  73,  74,  78,  79,  80,  81,  82,  92,   1,   2,  31,
     32,  34,  35,  36,  37,  38,  39,  40,  41,  42,  43,  44,  45,  46,  49,  50,
     51,  52,  53,  54,  55,  58,  59,  60,  61,  62,  64,  65,  66,  67,  68,  69,
     70,  71,  72,  73,  74,  76,  77,  78,  79,  81,  82,  92,  28,  31,  43,  49,
     50,  51,  52,  53,  54,  59,  60,  61,  62,  67,  68,  69,  70,  71,  76,  77,
      0,   1,   2,   3,   6,   7,   8,  11,  14,  16,  31,  32,  34,  35,  36,  37,
     38,  40,  41,  42,  43,  45,  46,  49,  50,  51,  52,  53,  54,  55,  59,  60,
     61,  62,  64,  66,  67,  68,  69,  70,  71,  72,  73,  74,  76,  77,  78,  79,
     81,  82,  83,   2,  30,  31,  34,  36,  37,  38,  40,  41,  42,  43,  44,  45,
     49,  50,  51,  52,  53,  54,  55,  59,  60,  61,  62,  64,  66,  67,  68,  69,
     70,  71,  72,  73,  74,  76,  77,  78,  79,  81,  92,   1,   3,  31,  32,  36,
     37,  38,  39,  40,  41,  42,  43,  44,  45,  46,  49,  50,  51,  52,  53,  54,
     55,  58,  59,  60,  61,  62,  64,  65,  66,  67,  68,  69,  70,  71,  73,  74,
     76,  77,  78,  79,  81,  82,  83,  92,  37,  31,  32,  35,  37,  38,  39,  40,
     41,  42,  43,  44,  45,  46,  49,  50,  51,  52,  53,  54,  58,  59,  60,  61,
     62,  64,  65,  66,  67,  68,  69,  70,  71,  76,  77,  78,  79,  81,  82,  92,
      2,  31,  32,  35,  36,  37,  38,  39,  40,  41,  42,  43,  44,  45,  46,  49,
     50,  51,  52,  53,  54,  55,  58,  59,  60,  61,  62,  64,  66,  67,  68,  69,
     70,  71,  73,  74,  76,  77,  78,  79,  81,  82,  92,   2,  31,  32,  34,  35,
     38,  40,  41,  42,  43,  44,  45,  46,  49,  50,  51,  52,  53,  54,  58,  59,
     60,  61,  62,  64,  65,  66,  67,  68,  69,  70,  71,  72,  76,  77,  78,  79,
     81,  82,  92,  31,  32,  35,  36,  37,  38,  39,  40,  41,  42,  43,  45,  49,
     50,  51,  52,  53,  54,  55,  58,  59,  60,  61,  62,  64,  65,  66,  67,  68,
     69,  70,  71,  73,  74,  76,  77,  78,  79,  81,  31,  34,  35,  36,  38,  39,
     40,  41,  42,  49,  50,  51,  52,  53,  54,  55,  59,  60,  61,  62,  64,  67,
     68,  69,  70,  71,  72,  73,  74,  76,  77,  78,  79,  92,   1,  31,  35,  36,
     38,  39,  40,  41,  42,  43,  44,  45,  46,  49,  50,  51,  52,  53,  54,  55,
     58,  59,  60,  61,  62,  64,  65,  66,  67,  68,  69,  70,  71,  73,  74,  76,
     77,  78,  79,  81,  82,  92,   2,   3,  17,  31,  35,  40,  42,  43,  44,  45,
     49,  50,  51,  52,  53,  54,  59,  60,  61,  62,  64,  66,  67,  68,  69,  70,
     71,  76,  77,  79,  81,  83,   3,  31,  45,  49,  50,  51,  52,  53,  54,  59,
     60,  61,  62,  66,  67,  68,  69,  70,  71,  76,  77,  81,  83,   2,   3,  23,
     31,  32,  34,  35,  36,  38,  39,  40,  41,  42,  43,  44,  45,  46,  49,  50,
     51,  52,  53,  54,  55,  59,  60,  61,  62,  64,  66,  67,  68,  69,  70,  71,
     72,  73,  74,  76,  77,  78,  79,  80,  81,  82,  83,  92,   3,  31,  32,  35,
     37,  38,  40,  41,  42,  43,  45,  49,  50,  51,  52,  53,  54,  59,  60,  61,
     62,  64,  65,  66,  67,  68,  69,  70,  71,  76,  77,  78,  79,  81,  83,  37,
     84,  84,  84,  37,   2,  17,  18,  19,  21,  22,  23,  24,  25,  26,  27,  28,
     29,  31,  32,  35,  38,  39,  40,  41,  42,  43,  44,  45,  47,  49,  50,  51,
     52,  53,  54,  59,  60,  61,  62,  64,  66,  67,  68,  69,  70,  71,  75,  76,
     77,  78,  79,  80,  81,  23,  80,   2,  31,  32,  34,  35,  36,  38,  39,  40,
     41,  42,  43,  44,  45,  49,  50,  51,  52,  53,  54,  55,  59,  60,  61,  62,
     64,  65,  66,  67,  68,  69,  70,  71,  72,  73,  74,  76,  77,  78,  79,  81,
     92,  10,  11,  13,   2,  31,  49,  50,  51,  52,  53,  54,  59,  60,  61,  62,
     67,  68,  69,  70,  71,  76,  77,  38,  78,  30,  31,  32,  33,  34,  37,  38,
     39,  40,  41,  42,  43,  44,  45,  46,  49,  50,  51,  52,  53,  54,  58,  59,
     60,  61,  62,  64,  65,  66,  67,  68,  69,  70,  71,  76,  77,  78,  79,  81,
     82,  92,  30,  31,  32,  33,  34,  37,  38,  39,  40,  41,  42,  43,  44,  45,
     46,  49,  50,  51,  52,  53,  54,  58,  59,  60,  61,  62,  64,  65,  66,  67,
     68,  69,  70,  71,  76,  77,  78,  79,  81,  82,  92,   2,  17,  18,  19,  21,
     22,  23,  24,  25,  26,  27,  28,  29,  31,  32,  35,  38,  39,  40,  41,  42,
     43,  44,  45,  47,  49,  50,  51,  52,  53,  54,  59,  60,  61,  62,  64,  66,
     67,  68,  69,  70,  71,  75,  76,  77,  78,  79,  80,  81,  43,  45,  66,  81,
     32,  37,  38,  40,  42,  43,  64,  78,  79,  30,  31,  32,  33,  34,  37,  38,
     39,  40,  41,  42,  43,  44,  45,  46,  49,  50,  51,  52,  53,  54,  58,  59,
     60,  61,  62,  64,  65,  66,  67,  68,  69,  70,  71,  76,  77,  78,  79,  81,
     82,  92,  85,  86,  87,  88,  89,  90,  91,  84,  84,  84,
};

static const int8_t youngserif_12_boldKernSparseValues[] = {
      -7,   -4,   -7,   -7,   -4,  -10,  -21,   25,  -10,  -21,  -21,  -21,  -21,  -21,  -21,  -21,
     -21,  -21,  -21,  -10,  -21,  -21,  -21,  -21,  -21,  -21,  -21,  -10,  -10,   -4,  -14,    4,
     -10,   -7,   -4,   -4,  -14,   -4,    4,   -7,  -42,  -21,  -46,  -46,  -28,   -7,  -10,   -4,
     -10,  -10,  -28,  -10,   -7,   -7,   -7,   -7,   -7,   -7,   -7,   -7,   -7,   -7,  -10,  -10,
      -7,   -7,   -7,   -7,   -7,   -4,   -7,   -7,  -42,  -10,  -18,   -7,   -7,  -32,   -7,  -28,
     -28,   -7,  -35,   -4,   -4,   -7,   -7,   -4,   -4,   -7,  -32,   -4,  -10,  -10,    4,   -7,
      -4,    4,   -4,   -7,   -7,   -4,   10,    4,   -4,   14,    4,    4,    7,   -7,   -4,   -4,
       4,    7,   -4,   -4,    4,   -4,   -7,    4,    4,   -4,   -4,    4,   -4,   -4,   -7,   -7,
     -14,    4,  -14,    4,   -7,  -10,   -7,   -7,   -4,  -10,   -7,   -4,   -7,    7,   -4,    4,
     -10,    4,    7,   -4,  -14,  -46,  -10,   -7,   10,   -4,  -21,  -10,   -4,    4,   -7,   -4,
      -7,    4,    7,    4,   -7,   -4,    4,   -7,   10,   10,   14,    4,    4,   14,  -18,  -18,
      10,   35,   10,  -18,    7,  -21,  -10,  -42,  -32,  -46,  -46,  -42,    4,   -7,  -10,    1,
       7,    7,   -4,    7,   -7,   -4,  -14,  -18,  -21,    7,  -18,    7,   -7,   -7,   -7,   -7,
      -7,   -7,    7,   -7,   -7,   -7,   -7,  -18,   -7,  -18,   -7,   -7,   -7,   -7,   -7,    1,
       7,    7,   -7,   -7,    7,   -4,  -42,  -18,    7,  -18,    7,  -10,  -14,  -14,   -2,  -10,
      -4,  -14,  -18,  -28,  -28,  -18,  -25,   -4,   -4,   -4,   -4,   -4,   -4,   -7,   -7,   -7,
      -7,   -9,  -14,   -4,   -4,   -4,   -4,   -4,   -4,   -4,   -4,   -4,   -4,   -7,   -4,   -9,
      -4,   -4,   -4,   -4,   -4,  -14,   -4,   -4,   -4,   -4,  -14,   -9,   -4,  -10,    4,    7,
       4,   -4,   -4,   -4,   -4,   -7,    4,    4,    7,    7,    4,  -14,    4,    4,    4,    4,
       4,    4,    7,    4,    4,    4,    4,    4,    4,    4,    4,    4,    7,    7,    7,    4,
       4,    4,  -21,  -23,  -12,   -4,  -10,   -7,   -7,  -10,  -14,  -21,  -21,  -21,  -21,   -4,
      -2,   -4,   -4,   -4,    4,  -10,    4,    4,   -4,  -32,   -2,   -2,   -2,   -2,   -2,   -2,
       4,   -4,   -2,   -2,   -2,   -2,    4,   -4,    4,   -2,   -2,   -2,   -2,   -2,   -4,    4,
       4,  -16,   -2,   -2,  -10,  -10,    4,   -4,    2,   -7,  -10,  -10,   -7,   -4,   -4,  -39,
     -18,  -25,  -46,  -10,  -49,   -7,   -4,   -4,   -4,   -4,  -10,   -7,  -14,  -10,  -14,  -10,
     -14,  -81,   -4,   -4,   -4,   -4,   -4,   -4,   -4,   -4,   -4,   -4,  -10,  -14,   -4,   -4,
      -4,   -4,   -4,  -10,   -4,   -4,   -4,   -7,  -39,  -14,  -35,  -18,  -25,  -53,  -10,  -18,
      -4,  -35,  -18,    4,   -4,  -10,   -4,  -32,  -28,   -4,  -21,  -18,  -28,  -28,  -39,  -10,
     -18,  -18,  -18,  -18,  -28,  -81,  -32,  -32,  -32,  -32,  -53,  -53,  -32,    7,   10,  -32,
     -32,  -32,  -32,  -18,  -18,  -32,  -32,  -32,  -32,  -32,  -28,  -25,  -21,  -10,  -32,  -32,
     -28,  -70,    4,  -18,  -28,  -18,  -18,  -10,  -18,  -12,    4,  -10,  -10,   -4,   -7,  -14,
     -14,  -14,  -10,  -21,  -10,   -4,   -7,    4,   -4,   -7,   -7,  -21,    4,   -7,   -7,    4,
       4,   -9,   -4,   -7,   -7,   -4,   -7,  -12,   -4,  -14,   -7,   -4,   -4,  -14,    3,   -1,
      -2,  -10,  -14,   -7,  -18,  -14,   -4,  -18,  -14,  -14,  -14,  -14,  -14,  -14,   -2,  -14,
     -14,  -14,  -14,  -18,  -18,  -14,  -14,  -14,  -14,  -14,   -2,   -2,  -14,  -14,  -14,   -4,
     -18,   -7,   -4,   -7,   -4,  -14,   -4,   -4,  -14,   -4,   -4,  -10,   -7,   -4,   -7,  -10,
     -10,  -14,   -4,  -10,  -10,  -10,  -10,  -10,  -10,  -10,  -10,  -10,  -10,  -10,  -14,  -10,
     -10,  -10,  -10,  -10,   -4,  -10,  -10,   -4,   -4,  -14,   -7,  -25,  -10,  -28,   -5,  -14,
      -4,  -21,  -18,   -4,   -2,   -7,  -14,  -21,    4,  -18,  -14,   -7,   -4,  -14,  -10,  -18,
     -10,  -14,  -14,  -14,  -10,  -10,  -39,  -21,  -21,  -21,  -21,  -21,  -21,   -7,    7,  -21,
     -21,  -21,  -21,  -14,  -10,  -21,  -21,  -21,  -21,  -21,  -18,   -7,   -7,   -5,  -21,  -21,
     -14,  -18,   -4,  -10,  -10,  -10,  -14,   -4,  -21,    4,    2,  -25,    4,  -18,  -10,   -7,
      -4,   -4,    4,   -7,    7,  -14,   -4,    4,    7,    4,   -7,    4,  -10,   -7,  -18,  -21,
     -35,  -28,    7,    4,  -14,  -14,  -14,  -14,  -14,  -14,    4,  -14,  -14,  -14,  -14,  -21,
      -4,  -28,  -14,  -14,  -14,  -14,  -14,    4,    4,    4,    2,  -14,  -14,    4,   -7,  -10,
     -28,    7,  -21,    7,   -7,  -18,   -2,  -11,   -7,  -14,   -2,    9,    9,    5,  -12,  -14,
       7,  -14,   -2,   -7,   -4,  -14,  -10,  -19,  -14,  -14,  -14,  -14,  -10,  -10,  -18,  -14,
     -14,  -14,  -14,  -14,  -14,   -7,    7,   10,  -14,  -14,  -14,  -14,  -14,  -10,  -14,  -14,
     -24,  -14,  -21,  -14,   -7,   -7,   -2,  -14,  -14,  -14,  -19,   -2,  -10,  -10,   -7,  -39,
     -10,  -10,  -35,   -9,   -3,  -10,  -39,  -16,   -7,   -7,   -7,   -7,   -7,   -7,  -14,    4,
     -10,   -7,   -7,   -7,   -5,   -2,  -18,    2,    4,   -4,   -7,  -78,  -14,  -14,  -14,  -14,
     -14,  -14,   -7,    7,    4,  -14,  -14,  -14,  -14,  -14,    2,   -4,  -14,  -14,  -14,  -14,
     -14,  -10,   -7,   -7,   -9,  -14,  -14,   -5,  -18,   -7,  -10,  -10,    7,   -4,  -26,  -21,
     -28,  -35,  -39,  -39,    4,  -42,    4,  -14,  -14,    4,   -7,    4,   -4,  -10,  -18,  -21,
     -25,    4,  -27,    4,    4,  -14,  -14,  -14,  -14,  -14,  -14,  -10,  -14,  -14,  -14,  -14,
     -21,   -7,  -27,  -14,  -14,  -14,  -14,  -14,   -4,  -14,  -14,    4,  -10,  -28,  -27,    4,
     -10,    4,   -4,   -9,   -7,   -5,    1,  -10,  -12,  -18,  -18,   -2,  -16,   -2,    2,   -4,
       1,   -2,   -4,   -7,   -7,   -7,   -7,   -7,   -7,    2,    2,    2,    2,    2,    2,    2,
       2,    2,    2,   -7,   -7,   -7,    2,    2,    2,    2,    2,    1,   -7,    2,    2,  -10,
      -7,   10,  -42,  -32,  -18,  -42,   -5,   -7,   -4,  -42,  -42,    4,  -39,   -4,  -18,  -32,
     -25,  -49,  -10,  -35,  -39,  -46,  -42,  -49,  -63,  -88,  -78,  -64,  -81,  -56,  -64,   18,
      18,  -42,  -67,  -78,  -70,  -35,  -74,  -81,  -42,  -42,  -74,  -70,  -39,   -5,  -42,  -42,
     -32,  -77,  -70,  -49,  -32,  -14,  -21,   -7,  -21,  -16,  -21,  -21,    7,    7,   -4,    7,
     -14,  -19,    7,  -14,  -10,  -10,  -21,  -18,  -23,  -10,  -10,  -10,  -14,  -10,  -14,  -35,
     -19,  -19,  -19,  -19,  -19,  -19,  -10,    7,   14,  -19,  -19,  -19,  -19,  -10,  -10,  -19,
     -19,  -19,  -19,  -19,  -14,   -7,  -24,  -19,  -19,  -21,  -23,  -10,  -14,   -7,   -7,  -42,
     -28,  -32,  -46,  -21,  -25,  -18,   -2,   -2,   10,  -10,  -28,   10,  -32,  -14,  -10,  -32,
     -18,  -42,  -18,  -21,  -14,  -21,  -18,  -21,  -53,  -28,  -28,  -49,  -28,  -28,  -46,  -18,
       7,   21,  -28,  -28,  -28,  -49,  -21,  -18,  -28,  -28,  -38,  -28,  -38,  -32,  -10,  -14,
     -28,  -81,  -53,  -67,  -18,  -21,  -28,  -21,   -7,    7,   -2,  -21,  -18,   -5,   -4,    7,
       7,  -14,    4,    7,    4,  -10,  -10,  -18,  -28,  -49,    4,  -39,    7,    7,  -14,  -14,
     -14,  -14,  -14,  -14,    7,  -14,  -14,  -14,  -14,  -28,  -10,  -39,  -14,  -14,  -14,  -14,
     -14,    7,    7,   -2,  -14,  -14,    4,  -10,   -5,  -39,    7,   -7,    4,  -28,  -35,  -42,
     -25,  -39,  -25,   -4,    7,    7,   -4,    7,  -18,  -49,    7,  -60,  -21,  -25,  -39,  -42,
     -53,  -25,  -35,  -46,  -42,  -42,  -46,  -63,  -81,  -84,  -70,  -84,  -81,  -70,  -25,    4,
      10,  -88,  -81,  -88,  -77,  -35,    4,  -70,  -81,  -74,  -63,  -81,  -63,  -60,  -21,  -21,
     -92,  -49,  -64,  -74,   -4,  -42,  -74,  -35,  -28,   -4,   -7,   -3,  -14,   -4,   -7,   -4,
      -2,    4,    4,   -4,   -2,   -4,  -10,  -18,  -18,  -35,   -4,  -39,   -7,   -2,   -2,   -2,
      -2,   -2,   -2,   -2,   -2,   -2,   -2,  -18,   -4,  -39,   -2,   -2,   -2,   -2,   -2,   -3,
      -2,   -2,   -4,   -4,  -39,   14,   42,   10,   -8,  -14,    4,   14,   -4,    4,   -9,   -8,
      -7,  -26,  -10,    7,   -7,    5,   -8,   -8,   -8,   -8,   -8,   -8,   -7,   -8,   -8,   -8,
      -8,  -13,  -10,   -7,   -8,   -8,   -8,   -8,   -8,   -8,   -8,    4,   -8,   -7,    5,    6,
      -7,  -42,  -28,  -28,  -14,   -9,   -4,   -4,   -7,   -7,   -6,  -10,  -14,  -10,   -8,   -4,
      -4,   -2,  -10,   -7,   -8,   -4,   -4,   -4,   -7,  -42,   -8,   -4,   -4,  -18,   -4,   -6,
      -7,   -4,   -9,   -2,   -2,   -4,   -4,   -9,   -4,   -2,   -2,   -4,   -4,   -4,   -6,   -6,
      -6,   -6,   -6,   -6,   -2,   -7,   -6,   -6,   -6,   -6,   -2,   -7,   -4,   -6,   -6,   -6,
      -6,   -6,   -4,   -2,   -2,   -6,   -6,   -4,   -9,   -4,   -4,   -2,  -49,   -7,   -4,   -7,
      -7,   -7,   -7,   -7,   -7,   -7,   -7,   -7,   -7,   -7,   -7,   -7,   -7,   -7,   -7,   -7,
      35,   18,   -4,   -4,   14,    4,    7,   10,   18,   32,    4,   39,    7,   32,   18,   18,
       7,   -4,    4,    7,    7,    7,    4,    4,    4,    4,    4,    4,    4,   18,    4,    4,
       4,    4,    7,    7,    4,    4,    4,    4,    4,    7,   18,   18,    4,    4,    7,   -4,
       7,    4,   -4,   -4,    4,   -4,    4,    2,   42,    3,   -7,   10,    7,    7,    4,   10,
      -4,   -4,   -4,   -4,   -4,   -4,    2,   -4,   -4,   -4,   -4,    7,   10,   -4,   -4,   -4,
      -4,   -4,    4,    2,    2,   -4,   -4,    3,   -7,   10,   10,   -7,   -4,  -14,  -21,    4,
     -10,    5,  -10,  -14,  -18,  -21,  -21,    4,  -22,    4,  -14,  -14,  -14,  -14,  -14,  -14,
       4,   -7,  -14,  -14,  -14,  -14,  -21,  -14,  -22,  -14,  -14,  -14,  -14,  -14,    4,    4,
     -14,  -14,    5,  -14,  -22,    4,   -4,    4,   18,  -19,  -18,    4,  -10,    2,  -10,  -18,
     -10,  -14,  -14,    4,  -10,    7,  -19,  -19,  -19,  -19,  -19,  -19,  -18,  -19,  -19,  -19,
     -19,  -14,  -14,  -10,  -19,  -19,  -19,  -19,  -19,  -19,  -19,    2,  -18,  -10,    7,    4,
      -4,  -19,  -18,  -15,  -10,   49,  -14,    4,  -18,   -7,  -14,  -14,   -7,   -7,   -7,  -19,
     -19,  -19,  -19,  -19,  -19,  -10,  -14,  -19,  -19,  -19,  -19,  -14,   -7,  -19,  -19,  -19,
     -19,  -19,  -10,  -10,  -19,  -19,  -14,  -18,   -7,   -7,   -4,  -35,   -5,   -4,   -1,  -10,
      -1,  -10,    4,    5,    7,    2,    6,    2,   -5,   -5,   -5,   -5,   -5,   -5,   -4,   -5,
      -5,   -5,   -5,    5,   -7,    6,   -5,   -5,   -5,   -5,   -5,   -1,   -5,   -5,   -1,  -10,
       6,    2,    2,   -5,  -14,   -4,   -1,   -4,   -1,  -10,   -6,  -10,  -10,  -10,   -7,   -5,
      -5,   -5,   -5,   -5,   -5,   -1,   -4,   -5,   -5,   -5,   -5,  -10,  -19,   -7,   -5,   -5,
      -5,   -5,   -5,   -1,   -1,   -5,   -5,   -1,   -6,   -7,   -3,    2,    4,    4,    4,    2,
      -4,    4,    7,   -3,   -3,   -3,   -3,   -3,   -3,    4,   -3,   -3,   -3,   -3,    7,   -3,
      -3,   -3,   -3,   -3,    2,    4,    4,   -3,   -3,    4,   -4,    4,  -14,   -7,    4,    4,
       4,   -4,   -6,   -7,   -4,  -10,    4,  -10,    7,   -7,   -7,   -7,   -7,   -7,   -7,    4,
      -4,   -7,   -7,   -7,   -7,   -4,   -7,  -10,   -7,   -7,   -7,   -7,   -7,    4,    4,   -7,
      -7,    4,   -6,  -10,    7,    4,  -28,  -10,  -21,  -10,  -10,  -14,   10,    4,    4,    4,
     -10,  -10,  -10,  -10,  -10,  -10,  -10,  -10,  -10,  -10,   10,    4,  -10,  -10,  -10,  -10,
     -10,  -10,  -10,  -14,    4,  -10,   -7,   -7,    4,   -7,   -7,   -7,   -7,   -7,   -7,   -7,
      -7,   -7,   -7,    4,   -7,   -7,   -7,   -7,   -7,   -7,   -7,    4,   -7,  -28,  -10,  -21,
     -12,   -4,   -7,   -7,    1,    1,    4,   -7,    6,    7,    7,    4,    7,   -4,  -12,  -12,
     -12,  -12,  -12,  -12,    1,  -12,  -12,  -12,  -12,    7,    7,  -12,  -12,  -12,  -12,  -12,
      -7,    1,    1,  -12,  -12,    1,   -7,  -21,    7,   -4,  -10,    6,   -4,   -4,   -4,   -4,
      -4,   -2,   -4,    4,    2,    4,    4,   -4,   -4,   -4,   -4,   -4,   -4,   -4,   -4,   -4,
      -4,    2,   -4,    4,   -4,   -4,   -4,   -4,   -4,   -4,   -4,   -2,   -4,    4,   -4,   44,
    -116, -128, -106,   48,   -7,  -10,  -10,   -7,   -4,   -4,  -64,  -18,  -25,  -46,  -10,  -49,
      -7,   -4,   -4,   -4,   -4,  -10,   -7,  -14,  -10,  -14,  -10,  -14,  -81,   -4,   -4,   -4,
      -4,   -4,   -4,   -4,   -4,   -4,   -4,  -10,  -14,   -4,   -4,   -4,   -4,   -4,  -10,   -4,
      -4,   -4,   -7,  -64,  -14,   18,   18,  -10,   -4,   -7,   -4,   -4,   -4,   -4,   -4,   -7,
      -7,   -4,   -7,   -4,   -4,   -4,   -4,   -4,   -4,   -4,   -4,   -4,   -4,   -4,   -4,   -4,
      -4,  -10,   -4,   -4,   -4,   -4,   -4,   -4,   -4,   -4,   -4,   -4,   -4,   -4,   -7,   -4,
      -4,   14,   10,    7,  -21,  -18,  -18,  -18,  -18,  -18,  -18,  -18,  -18,  -18,  -18,  -18,
     -18,  -18,  -18,  -18,  -18,  -18,  -18,    2,    2,   10,   -8,  -14,    4,   14,   60,    4,
      -9,   -8,   -7,  -26,  -10,    7,   -7,    5,   -8,   -8,   -8,   -8,   -8,   -8,   -7,   -8,
      -8,   -8,   -8,  -13,  -10,   -7,   -8,   -8,   -8,   -8,   -8,   -8,   -8,    4,   -8,   -7,
       5,    6,   10,   -8,  -14,    4,   14,   -4,    4,   -9,   -8,   -7,   -9,  -10,    7,   -7,
       5,   -8,   -8,   -8,   -8,   -8,   -8,   -7,   -8,   -8,   -8,   -8,   -9,  -10,   -7,   -8,
      -8,   -8,   -8,   -8,   -8,   -8,    4,   -8,   -7,    5,    6,   -7,  -10,  -10,   -7,   -4,
      -4,  -74,  -18,  -25,  -46,  -10,  -49,   -7,   -4,   -4,   -4,   -4,  -10,   -7,  -14,  -10,
     -14,  -10,  -14,  -81,   -4,   -4,   -4,   -4,   -4,   -4,   -4,   -4,   -4,   -4,  -10,  -14,
      -4,   -4,   -4,   -4,   -4,  -10,   -4,   -4,   -4,   -7,  -74,  -14,    7,    7,    7,    7,
      -4,   25,   -4,   -7,   -4,   -2,   -4,   -4,   -7,   10,   -8,  -14,    4,   14,   24,    4,
      -9,   -8,   -7,  -26,  -10,    7,   -7,    5,   -8,   -8,   -8,   -8,   -8,   -8,   -7,   -8,
      -8,   -8,   -8,  -13,  -10,   -7,   -8,   -8,   -8,   -8,   -8,   -8,   -8,    4,   -8,   -7,
       5,    6, -113,  -88, -102, -127, -120,  -98,  -92, -102, -109, -127,
};

static const EpdLigaturePair youngserif_12_boldLigaturePairs[] = {
    { 0x00660066, 0xFB00 }, // f f -> U+FB00
    { 0x00660069, 0xFB01 }, // f i -> U+FB01
    { 0x0066006C, 0xFB02 }, // f l -> U+FB02
    { 0xFB000069, 0xFB03 }, // U+FB00 i -> U+FB03
    { 0xFB00006C, 0xFB04 }, // U+FB00 l -> U+FB04
};

static const EpdFontData youngserif_12_bold = {
    youngserif_12_boldBitmaps,
    youngserif_12_boldGlyphs,
    youngserif_12_boldIntervals,
    63,
    30,
    24,
    -7,
    true,
    youngserif_12_boldGroups,
    13,
    nullptr,
    nullptr,  // kernLeftClasses: built-in fonts use the split arrays below
    nullptr,  // kernRightClasses
    youngserif_12_boldKernLeftCodepoints,
    youngserif_12_boldKernLeftClassIds,
    youngserif_12_boldKernRightCodepoints,
    youngserif_12_boldKernRightClassIds,
    nullptr,  // kernMatrix: built-in fonts use the sparse form below
    youngserif_12_boldKernRowOffsets,
    youngserif_12_boldKernSparseCols,
    youngserif_12_boldKernSparseValues,
    431,
    443,
    76,
    93,
    youngserif_12_boldLigaturePairs,
    5,
};
