/**
 * generated by fontconvert.py
 * name: youngserif_14_bold
 * size: 14
 * mode: 2-bit  compressed: true
 * Command used: fontconvert.py youngserif_14_bold 14 ../builtinFonts/source/YoungSerif/YoungSerif-Bold.ttf --2bit --compress --pnum --zopfli
 */
#pragma once
#include "EpdFontData.h"

static const uint8_t youngserif_14_boldBitmaps[16837] = {
    0x95, 0x98, 0x57, 0x94, 0xE6, 0x38, 0x56, 0xC7, 0x7F, 0xB6, 0x76, 0x5B, 0xB3, 0x47, 0x07, 0x44,
    0xCE, 0xB4, 0xC9, 0x79, 0x46, 0x64, 0x36, 0x54, 0x97, 0xBC, 0xF0, 0x4E, 0xE6, 0x71, 0xC3, 0x1B,
    0x99, 0x22, 0xC7, 0xEE, 0xB6, 0xC9, 0x6F, 0xD0, 0xAF, 0x64, 0x1E, 0xC9, 0x39, 0x6C, 0xA8, 0x1D,
    0x8B, 0x9C, 0xC1, 0xE4, 0x47, 0x3C, 0x81, 0x9C, 0xB4, 0x8B, 0xD9, 0x51, 0xEF, 0xC8, 0xBE, 0x58,
    0xFE, 0xAA, 0xAA, 0xBB, 0xA6, 0xAB, 0x39, 0xDD, 0xB2, 0xFE, 0xBF, 0xAB, 0x92, 0xE4, 0x2B, 0x5F,
    0xC9, 0xD2, 0x77, 0x5C, 0x16, 0x1F, 0xBA, 0xB1, 0x1B, 0x7D, 0x28, 0x97, 0xEB, 0x5D, 0xDF, 0xB4,
    0x4D, 0x6B, 0x29, 0xD7, 0xA1, 0xCD, 0x87, 0xCD, 0xDA, 0xB0, 0xE7, 0xDE, 0xED, 0xF9, 0xBA, 0x69,
    0xB7, 0x0C, 0x9F, 0xFF, 0x72, 0xA8, 0x62, 0x03, 0x75, 0x74, 0xA0, 0xA6, 0xE3, 0x0D, 0xE3, 0x0D,
    0xB4, 0x88, 0x24, 0xB3, 0x61, 0xC6, 0xF6, 0x09, 0x6C, 0x3B, 0x43, 0x53, 0x45, 0x70, 0xF5, 0x86,
    0x63, 0x35, 0xE1, 0x45, 0x24, 0x74, 0x05, 0x64, 0x13, 0x20, 0xD9, 0x1E, 0x66, 0xDB, 0x1E, 0xDC,
    0xC1, 0x47, 0x15, 0x9C, 0x5E, 0x82, 0x5B, 0x8E, 0xA8, 0x45, 0x16, 0x74, 0x1E, 0x04, 0x1B, 0x4F,
    0xBB, 0x76, 0x83, 0xED, 0x6D, 0x3A, 0x55, 0xAD, 0x59, 0x4F, 0x41, 0xC9, 0x02, 0x88, 0x4C, 0xD0,
    0xC8, 0x0A, 0x55, 0x71, 0xCF, 0xD3, 0x32, 0xDE, 0xE4, 0xD4, 0x45, 0xCF, 0xA9, 0x8D, 0x2E, 0x6C,
    0xB0, 0xF3, 0xA9, 0x9D, 0x8C, 0xE4, 0x2E, 0x28, 0x11, 0xA1, 0x7A, 0xBB, 0x3C, 0xFF, 0xC0, 0x68,
    0x3F, 0x0D, 0x60, 0x24, 0x00, 0xD7, 0x4D, 0xE4, 0x95, 0x1C, 0xD5, 0x89, 0xC8, 0x4D, 0x72, 0x1D,
    0x38, 0xE5, 0xD4, 0xB4, 0xDC, 0xE2, 0xE6, 0x75, 0xF0, 0x1C, 0x1D, 0x81, 0xEB, 0xBF, 0x31, 0x82,
    0xFD, 0xA7, 0x67, 0x47, 0xA8, 0xE5, 0xFB, 0xFB, 0x2F, 0x03, 0xAC, 0x96, 0x1E, 0x8E, 0xDC, 0x6F,
    0x45, 0xF8, 0x35, 0xCF, 0xAF, 0x51, 0x8D, 0x6F, 0xE3, 0x4D, 0xA8, 0x3E, 0x73, 0x8A, 0x25, 0x91,
    0xF9, 0x24, 0xDE, 0x54, 0xA5, 0xAD, 0xE5, 0x48, 0xC5, 0x6A, 0xE2, 0xFA, 0x1B, 0x46, 0x15, 0xD0,
    0xD2, 0x02, 0xBC, 0x07, 0x7C, 0xF0, 0x5D, 0x00, 0x91, 0x16, 0xEA, 0xD4, 0x04, 0x50, 0xD1, 0x8C,
    0xA0, 0xA3, 0x2D, 0xE5, 0xF9, 0x15, 0x6C, 0xCC, 0x0C, 0x02, 0xB2, 0xB3, 0x0B, 0x66, 0xDE, 0x18,
    0x75, 0x71, 0x92, 0x4D, 0x4F, 0xF3, 0xEC, 0x6A, 0xC1, 0xF7, 0xC3, 0x8F, 0x43, 0xD7, 0xBA, 0x5C,
    0x68, 0xD2, 0xC6, 0x5E, 0xAD, 0xE0, 0x27, 0x27, 0x3D, 0x56, 0x56, 0x27, 0x54, 0xC3, 0x74, 0x6D,
    0xC5, 0xEF, 0x97, 0xC3, 0x71, 0x7D, 0xBB, 0x80, 0x57, 0x70, 0xBB, 0x4A, 0x2A, 0xDA, 0xB1, 0x09,
    0xBE, 0xED, 0x78, 0x9A, 0x95, 0xE5, 0x70, 0x6D, 0xE5, 0x0E, 0xDF, 0x36, 0xBD, 0x0D, 0x2A, 0x56,
    0x89, 0x5B, 0x5B, 0xDF, 0xB3, 0x85, 0xF3, 0x60, 0x03, 0x2A, 0x52, 0xCF, 0x90, 0x61, 0x81, 0x0E,
    0x3C, 0xF8, 0xB6, 0x64, 0xD7, 0x17, 0x96, 0xBC, 0xD7, 0xAF, 0x90, 0x4B, 0x4F, 0x1D, 0xB1, 0x01,
    0x0F, 0xAF, 0x04, 0x00, 0x7F, 0xD0, 0x07, 0x3C, 0xF5, 0x04, 0xC7, 0x4F, 0x7A, 0xBA, 0x3F, 0x15,
    0xCC, 0xBF, 0xCD, 0x45, 0x7B, 0xB9, 0xD4, 0x7D, 0xC0, 0xF1, 0x13, 0x17, 0xFD, 0x30, 0xE1, 0x01,
    0x79, 0x91, 0xB9, 0xA8, 0x94, 0xAF, 0xD2, 0xCB, 0x69, 0xDA, 0x6E, 0xEC, 0x26, 0x37, 0xDA, 0x60,
    0x79, 0x92, 0xAF, 0x05, 0xE8, 0x64, 0xDE, 0xF2, 0xBD, 0x57, 0x1F, 0x4E, 0x21, 0x53, 0xCD, 0xD4,
    0x11, 0x15, 0xD1, 0x23, 0x36, 0x60, 0x7B, 0xDC, 0x1E, 0xC1, 0x31, 0xBC, 0x6D, 0x6F, 0x4F, 0x97,
    0xDB, 0x03, 0xCD, 0x7D, 0xED, 0x5F, 0xCC, 0x21, 0x9D, 0xCC, 0xD4, 0x22, 0x98, 0xD9, 0x85, 0x26,
    0xD8, 0xE8, 0x7B, 0x1D, 0x7D, 0xAB, 0x52, 0xC7, 0x41, 0xA5, 0x5C, 0xEA, 0xB6, 0xB6, 0xA9, 0xF4,
    0x29, 0x7D, 0x71, 0xCF, 0x03, 0xF0, 0x86, 0x76, 0x10, 0x86, 0x8C, 0xC9, 0xA8, 0x4C, 0x7D, 0x39,
    0xAB, 0x8C, 0x5E, 0xE9, 0x64, 0xDA, 0x32, 0xC3, 0x58, 0x96, 0x9F, 0xE6, 0xB7, 0x57, 0x5C, 0x2B,
    0x9B, 0x56, 0x4C, 0x58, 0x40, 0x25, 0xB0, 0x13, 0x74, 0x2D, 0x55, 0x02, 0x33, 0x12, 0x9A, 0xD6,
    0x8C, 0x5E, 0xA4, 0xDF, 0x04, 0x40, 0xBD, 0xBF, 0x10, 0x33, 0xFE, 0x73, 0x32, 0xB7, 0xEB, 0x4C,
    0xB7, 0xE9, 0x13, 0x55, 0x06, 0x1B, 0xA1, 0xEB, 0xD1, 0x72, 0x87, 0xFA, 0x67, 0x33, 0x20, 0xEC,
    0x8E, 0xF0, 0xFD, 0xDE, 0xC0, 0xB0, 0x49, 0xE0, 0x83, 0x17, 0xBC, 0xCC, 0x34, 0x6B, 0x0B, 0xAF,
    0x02, 0xDC, 0x04, 0x4D, 0xD1, 0x08, 0x2E, 0x80, 0x6F, 0x61, 0x80, 0x2A, 0x83, 0x8A, 0xEF, 0x83,
    0x1D, 0x33, 0xAE, 0xDD, 0xC6, 0xAA, 0x32, 0x83, 0x48, 0x2C, 0x82, 0xCC, 0x65, 0x25, 0xA0, 0x0E,
    0x46, 0xA4, 0xDF, 0x84, 0x0D, 0x60, 0x7B, 0x68, 0xDA, 0x4D, 0x80, 0x5B, 0x5B, 0xBC, 0x44, 0x30,
    0x19, 0xEA, 0x15, 0x90, 0xCB, 0xAA, 0x04, 0xD4, 0x02, 0xCD, 0xCC, 0x5B, 0x65, 0x64, 0xB8, 0x0B,
    0x98, 0xB5, 0x2D, 0xD3, 0x55, 0x2F, 0x3A, 0xE9, 0x58, 0x65, 0x3B, 0x12, 0x9B, 0x40, 0xEB, 0x7E,
    0x31, 0xE1, 0x45, 0x5A, 0x1F, 0xFD, 0xE8, 0x0F, 0x0B, 0x34, 0x1F, 0x16, 0x45, 0x65, 0x1F, 0xEA,
    0xE4, 0x82, 0x9A, 0xED, 0xA4, 0xA2, 0x4E, 0xCD, 0x58, 0x89, 0xB4, 0xB8, 0x99, 0x97, 0x01, 0x8D,
    0x48, 0xF4, 0x9B, 0xDE, 0x44, 0x3D, 0xBD, 0x07, 0x3A, 0x80, 0x6D, 0xE1, 0x18, 0xC8, 0x50, 0xCF,
    0xA0, 0x27, 0xB0, 0xF7, 0xE2, 0x67, 0x01, 0x95, 0x41, 0x27, 0xB0, 0xF3, 0x41, 0xCD, 0x26, 0x93,
    0x38, 0xA4, 0x6E, 0x42, 0xCB, 0x82, 0x9D, 0xBA, 0xD6, 0xF5, 0x4D, 0xEF, 0x5B, 0x1B, 0xDC, 0xA6,
    0x26, 0x34, 0xAD, 0x4D, 0xB7, 0x51, 0x32, 0x83, 0x24, 0xF4, 0x8B, 0xD2, 0xBA, 0xD0, 0x85, 0x63,
    0xEC, 0x74, 0x0B, 0xBD, 0xAB, 0xC3, 0x8C, 0x7E, 0x3C, 0x09, 0x56, 0xCA, 0xB6, 0x7E, 0xFE, 0xFC,
    0xA5, 0x2B, 0xBE, 0x82, 0xEB, 0xED, 0xE4, 0x5B, 0x53, 0x5E, 0xBA, 0xB9, 0xDB, 0xE3, 0xDA, 0x14,
    0x54, 0x72, 0xA3, 0x4E, 0x76, 0x6E, 0x92, 0x12, 0x49, 0x9C, 0xBC, 0x30, 0x83, 0x8E, 0x4F, 0x60,
    0xE2, 0x93, 0xD8, 0xB1, 0xC3, 0x05, 0x1F, 0x06, 0xAC, 0x64, 0x6A, 0xB9, 0xC3, 0x7D, 0x5B, 0xE3,
    0x22, 0x5D, 0xD4, 0x5D, 0xD5, 0x7A, 0xF5, 0x3E, 0xFB, 0x38, 0xA8, 0x33, 0xB8, 0x44, 0x2D, 0xFD,
    0x7D, 0xA6, 0xA8, 0x94, 0x5F, 0x5A, 0xC8, 0x87, 0x7B, 0xA0, 0x13, 0xE9, 0x8B, 0xB8, 0x9C, 0x2E,
    0xEA, 0xDF, 0x08, 0xDC, 0x3E, 0x4C, 0x21, 0x66, 0x3D, 0x2B, 0xE8, 0xB3, 0x42, 0x51, 0x29, 0x0F,
    0x53, 0x69, 0xDB, 0x6B, 0x4A, 0xDF, 0x72, 0xCF, 0x1E, 0x9B, 0x24, 0xFC, 0x77, 0xAD, 0x74, 0xC8,
    0xA6, 0x61, 0xD7, 0xAB, 0x58, 0x0F, 0x8B, 0xD5, 0x4C, 0xF0, 0x34, 0x30, 0x43, 0x15, 0x81, 0x9F,
    0xE4, 0x90, 0xE2, 0xD9, 0x5A, 0x2E, 0x07, 0x4B, 0xE4, 0x5E, 0x3A, 0x59, 0x5B, 0xC0, 0x88, 0x24,
    0xC0, 0x8F, 0xD5, 0x00, 0x64, 0x30, 0x23, 0x6A, 0xDA, 0xDD, 0x98, 0xFE, 0x64, 0xFA, 0xB0, 0x37,
    0x61, 0x6B, 0x59, 0xE2, 0x11, 0x4F, 0x9A, 0xD9, 0xC5, 0xEB, 0x1C, 0xD9, 0x60, 0xA3, 0xE5, 0xA8,
    0x09, 0x66, 0x33, 0xDF, 0xDA, 0xF4, 0xBB, 0x71, 0x07, 0xD3, 0x84, 0x0B, 0x53, 0x7A, 0x4E, 0x66,
    0xBE, 0xC5, 0x91, 0x4E, 0x8D, 0x24, 0x9E, 0xAA, 0xE5, 0x45, 0x19, 0xB1, 0x9C, 0xFC, 0x5D, 0x0B,
    0x26, 0x00, 0x50, 0xC7, 0x42, 0x58, 0x0A, 0x2E, 0x8E, 0x13, 0x2D, 0x19, 0x80, 0x93, 0x83, 0x11,
    0xA0, 0x96, 0x16, 0x94, 0x04, 0xD0, 0x05, 0xE6, 0x1F, 0x26, 0xB0, 0x9F, 0x17, 0xA1, 0x31, 0x33,
    0x1C, 0xEB, 0x0C, 0x37, 0xD4, 0x86, 0xD3, 0x7A, 0x85, 0x5C, 0x09, 0x95, 0x88, 0xB4, 0xF5, 0x86,
    0xA0, 0x26, 0x7C, 0x30, 0x01, 0x37, 0xD9, 0x40, 0x13, 0xDD, 0x84, 0x4F, 0xB2, 0x94, 0xA6, 0xBC,
    0xC1, 0xCB, 0xBE, 0x45, 0x25, 0x62, 0xF2, 0x7E, 0x7C, 0xD5, 0xCB, 0x86, 0x6A, 0x3D, 0x47, 0x5D,
    0xEA, 0xCC, 0x8C, 0x12, 0x99, 0x0A, 0xF6, 0x2E, 0xB2, 0x01, 0x1F, 0x36, 0xB8, 0x1D, 0xE3, 0x59,
    0xA9, 0x0C, 0xB4, 0x56, 0xD2, 0x7A, 0x91, 0x85, 0x0D, 0x23, 0x5C, 0x93, 0x09, 0x3A, 0x59, 0xA8,
    0xE4, 0xB5, 0xD2, 0xEB, 0x8C, 0x1F, 0xED, 0x4C, 0x13, 0x9B, 0x88, 0x2D, 0xCF, 0x62, 0x5B, 0x3F,
    0x02, 0x57, 0xC1, 0x4D, 0xF0, 0x1E, 0x4D, 0x84, 0x9B, 0x36, 0xC1, 0xAC, 0x16, 0x54, 0xAC, 0xA4,
    0x3F, 0x09, 0x78, 0x59, 0x0F, 0x9E, 0xBD, 0x48, 0x5F, 0x90, 0x31, 0xF9, 0x9A, 0xB4, 0xAA, 0xB8,
    0xDF, 0x60, 0xE3, 0x06, 0x3D, 0x6F, 0x50, 0xF9, 0x1C, 0xF5, 0x15, 0x50, 0x05, 0x3A, 0x9D, 0xDF,
    0xE1, 0xC6, 0xF2, 0xF4, 0xFD, 0xF9, 0xD3, 0xDF, 0x01, 0x80, 0xF3, 0x3F, 0x05, 0x93, 0x71, 0x7D,
    0xB9, 0x2D, 0x6C, 0xA8, 0xD8, 0x10, 0x36, 0xD4, 0x23, 0x4A, 0xE4, 0x1C, 0x59, 0x17, 0x54, 0x05,
    0x84, 0x02, 0x76, 0xBC, 0xB2, 0xE0, 0xD7, 0xD4, 0x42, 0x1D, 0xB5, 0xD0, 0x8C, 0xC5, 0x5F, 0x28,
    0x68, 0x1F, 0x1C, 0xE3, 0xA4, 0xC4, 0xA1, 0xC3, 0x86, 0xBA, 0x94, 0x78, 0xAC, 0x81, 0x0E, 0x30,
    0xEB, 0xEE, 0x74, 0x3C, 0xE0, 0x62, 0x15, 0xD6, 0xB2, 0x0A, 0x43, 0x28, 0xAB, 0x30, 0x5D, 0xAC,
    0xC2, 0xE4, 0x26, 0x9E, 0xB8, 0x34, 0xF7, 0x46, 0xF2, 0x01, 0x13, 0x5D, 0x74, 0x11, 0x57, 0xFA,
    0x35, 0xD1, 0xA6, 0x0D, 0x6A, 0xA1, 0x1C, 0xAF, 0x77, 0xBA, 0x1E, 0x2F, 0x4B, 0xF1, 0x3C, 0x96,
    0x31, 0x1A, 0x89, 0x07, 0x9A, 0x95, 0x5A, 0xFA, 0x32, 0x3F, 0xC2, 0x46, 0xAE, 0xA4, 0x88, 0x5C,
    0x30, 0xC3, 0xFF, 0xCB, 0x4A, 0x4A, 0x34, 0x4A, 0xFA, 0x83, 0xFF, 0x0B, 0x6E, 0x59, 0x0B, 0x6A,
    0x79, 0xA4, 0xAC, 0x85, 0xC3, 0x2D, 0x88, 0xF4, 0xBB, 0x9A, 0x05, 0x4C, 0x7A, 0x44, 0xCD, 0x65,
    0xF3, 0xB3, 0x9A, 0xC8, 0x60, 0x23, 0x5E, 0x02, 0x7A, 0xA5, 0x78, 0x94, 0x7C, 0x46, 0xB3, 0xE2,
    0xF7, 0x55, 0x78, 0x9A, 0x8D, 0x55, 0x2A, 0xD4, 0x53, 0x61, 0xD3, 0x17, 0x76, 0x6C, 0x5C, 0xA4,
    0x67, 0x5F, 0xBD, 0xC2, 0x9F, 0x88, 0x1B, 0x57, 0x9D, 0xD8, 0xF7, 0x5C, 0x21, 0x52, 0x78, 0xE6,
    0xA7, 0x99, 0x8A, 0x4F, 0x97, 0xF0, 0xF2, 0x97, 0x22, 0x17, 0x1C, 0x39, 0xC0, 0x5C, 0x2C, 0xF5,
    0x63, 0x63, 0xDC, 0xA0, 0x0A, 0x4C, 0xD0, 0x6B, 0x35, 0x94, 0xCD, 0x2A, 0x6C, 0x58, 0x00, 0xC0,
    0x67, 0xA8, 0x64, 0xF4, 0x0B, 0xA8, 0x7D, 0x8A, 0x4B, 0xAC, 0x4A, 0x5A, 0xEC, 0xB2, 0x99, 0x40,
    0x53, 0xCC, 0x88, 0xDF, 0xCC, 0x7F, 0x47, 0xBA, 0xB7, 0xA1, 0xFE, 0x7D, 0x46, 0x6E, 0xA0, 0x9E,
    0xCB, 0xD5, 0xB2, 0x99, 0x67, 0x16, 0x95, 0x37, 0x33, 0x89, 0x9E, 0x8B, 0xE9, 0x3E, 0x2F, 0x16,
    0xE3, 0xFF, 0x7B, 0x2C, 0xA6, 0x91, 0x50, 0x8C, 0x95, 0xB6, 0x18, 0xBD, 0x72, 0x1B, 0x33, 0x97,
    0xC8, 0x5B, 0x2F, 0x7C, 0xB1, 0x96, 0x69, 0x33, 0x14, 0x33, 0x53, 0xCB, 0xEC, 0x97, 0x42, 0x2D,
    0x2D, 0x3E, 0xEC, 0x43, 0xB7, 0x4A, 0x22, 0x0D, 0x4A, 0x72, 0xE1, 0x3F, 0x4B, 0xE1, 0xB3, 0x12,
    0x36, 0x4E, 0xC3, 0x54, 0xE8, 0x52, 0xA1, 0x5D, 0x0B, 0x95, 0xBC, 0x61, 0x23, 0xF2, 0xDF, 0x85,
    0x5E, 0x0A, 0x9B, 0x9D, 0x5A, 0x30, 0x33, 0x95, 0x94, 0x4A, 0x86, 0x9D, 0xEE, 0xF0, 0x13, 0x03,
    0x4E, 0x16, 0x60, 0x7D, 0xED, 0xD0, 0xA3, 0x66, 0xDC, 0x84, 0xD9, 0x72, 0xC2, 0x06, 0xF6, 0x23,
    0x8E, 0x7A, 0xC5, 0xF7, 0x54, 0x52, 0xC8, 0xC6, 0xF0, 0x52, 0xBA, 0x09, 0x56, 0x6C, 0x84, 0x5C,
    0x6E, 0xAC, 0xD3, 0xFE, 0xFA, 0x45, 0x90, 0x3B, 0x27, 0x01, 0x9C, 0xAC, 0x40, 0x35, 0x4C, 0xEC,
    0xE7, 0x63, 0xC1, 0x82, 0xC9, 0xB5, 0xB4, 0x0F, 0x3B, 0x51, 0x37, 0x54, 0x5B, 0x6B, 0xE9, 0xB7,
    0xE1, 0xCE, 0xC3, 0xD7, 0xF6, 0x6C, 0xCF, 0x87, 0x03, 0xAE, 0x0E, 0xA8, 0x89, 0x67, 0x01, 0x35,
    0x8F, 0x12, 0xD0, 0x58, 0xD8, 0x9C, 0x07, 0x54, 0x65, 0x74, 0x46, 0x25, 0x6A, 0x29, 0x4E, 0x18,
    0xFE, 0x6D, 0xE8, 0xA1, 0xD9, 0xFD, 0xD3, 0xF5, 0x85, 0xB7, 0x0B, 0x58, 0x77, 0x0E, 0x3F, 0x9C,
    0x01, 0x2F, 0x09, 0x30, 0x6B, 0x7B, 0x08, 0xB7, 0x70, 0xE1, 0x10, 0xF0, 0xBD, 0x77, 0xDD, 0x1D,
    0x38, 0xDE, 0x2B, 0xFB, 0xC2, 0x5A, 0x28, 0x21, 0xE7, 0x9D, 0xFB, 0x3E, 0x51, 0x4B, 0x61, 0x25,
    0x85, 0x0C, 0xF7, 0x7B, 0x38, 0xEC, 0x96, 0xF9, 0xD2, 0x6E, 0xC1, 0xDD, 0x3D, 0xA2, 0x2A, 0x03,
    0xEA, 0x45, 0x0B, 0x36, 0xD2, 0xB5, 0x1B, 0x6C, 0x6F, 0x13, 0xAA, 0x2F, 0xCF, 0x84, 0x92, 0xBB,
    0x97, 0xBE, 0x4A, 0x19, 0x24, 0x40, 0x25, 0xD3, 0x4D, 0x70, 0xD1, 0x83, 0x8D, 0x2E, 0x6C, 0xB0,
    0x33, 0x76, 0xD2, 0xD2, 0x5E, 0x7C, 0x95, 0x0E, 0xCF, 0x63, 0x45, 0x64, 0x72, 0x1B, 0x66, 0xDF,
    0x4A, 0x95, 0xDF, 0x84, 0x70, 0xE3, 0xC3, 0x10, 0x9E, 0x00, 0x81, 0xC7, 0x43, 0x55, 0x50, 0xCB,
    0x3E, 0x9F, 0xF1, 0x80, 0x4E, 0x82, 0x93, 0xF6, 0x40, 0xB3, 0xA2, 0x13, 0x2A, 0x53, 0xC7, 0xC2,
    0xEA, 0x31, 0x59, 0x5F, 0x70, 0x41, 0x45, 0x2A, 0x41, 0x8F, 0x30, 0x8C, 0x2E, 0x80, 0x93, 0xC3,
    0xD0, 0xCF, 0xC3, 0xE1, 0x5B, 0xA3, 0xC0, 0x25, 0x74, 0xB2, 0x33, 0x2A, 0x9A, 0x84, 0x9A, 0xF6,
    0x9F, 0xA3, 0x7A, 0xC1, 0x86, 0x6A, 0xC5, 0xB6, 0x08, 0x0D, 0x0C, 0xFD, 0x31, 0xF8, 0x70, 0x04,
    0x6E, 0x3C, 0x85, 0x66, 0x9A, 0xC1, 0xBE, 0x3D, 0x82, 0x79, 0xD7, 0x04, 0x4A, 0x46, 0xA8, 0x0F,
    0x93, 0xD9, 0x03, 0x02, 0x22, 0xDF, 0x25, 0x52, 0x49, 0x3A, 0xB7, 0x6E, 0xA1, 0x8B, 0xB8, 0xD1,
    0xEE, 0xFB, 0xCC, 0x86, 0xF2, 0x56, 0x46, 0x6C, 0xBB, 0xFF, 0x1A, 0xE3, 0x50, 0x0B, 0x36, 0x71,
    0x4C, 0xB5, 0xD2, 0x64, 0x6E, 0x80, 0xE0, 0x17, 0x4E, 0x61, 0x68, 0x8F, 0x57, 0x12, 0x74, 0xE1,
    0x54, 0xAA, 0x08, 0x3E, 0xA4, 0xE1, 0xB3, 0x23, 0x34, 0x53, 0xF4, 0xBF, 0x33, 0x82, 0x7D, 0x47,
    0xF4, 0x7F, 0x10, 0xC0, 0xBC, 0x30, 0x36, 0xFF, 0xDE, 0x83, 0x96, 0x60, 0x65, 0x5F, 0xEC, 0xDE,
    0x1C, 0x82, 0x6D, 0xD5, 0x0A, 0xE7, 0xBF, 0x32, 0xBE, 0x34, 0xF7, 0x07, 0x6A, 0x41, 0x25, 0x2A,
    0x69, 0xF5, 0x54, 0xFC, 0xDB, 0x70, 0xF6, 0x1A, 0x60, 0xF2, 0x29, 0xA0, 0x64, 0x06, 0x90, 0x69,
    0xE7, 0x08, 0xD4, 0x7B, 0x8D, 0xF9, 0xFB, 0x0C, 0x34, 0xDF, 0x25, 0xC0, 0x31, 0x43, 0x80, 0x8C,
    0x8F, 0xA8, 0x88, 0x4D, 0xD8, 0x09, 0x23, 0x0C, 0xFB, 0x2F, 0xC5, 0x19, 0x25, 0x7A, 0xE1, 0xC0,
    0x46, 0x5A, 0x33, 0xA3, 0x04, 0x13, 0xCA, 0xB8, 0xB6, 0x85, 0x21, 0x1C, 0x03, 0xBE, 0xBC, 0x83,
    0xD8, 0x79, 0x06, 0xF4, 0x1A, 0x39, 0x9B, 0x4E, 0x90, 0xBE, 0x70, 0x68, 0xAF, 0xA6, 0x14, 0x56,
    0x7B, 0x4F, 0x2B, 0xE9, 0x9C, 0x4A, 0x44, 0xA2, 0xDE, 0x30, 0xDA, 0xA9, 0x92, 0xBE, 0x1C, 0xA4,
    0x7C, 0x28, 0x36, 0x03, 0x6E, 0x06, 0xBA, 0xE9, 0xCC, 0xB1, 0x12, 0x78, 0xA0, 0x3E, 0x9C, 0xD5,
    0x9B, 0x05, 0x7E, 0xC9, 0x25, 0xEA, 0xD8, 0xFD, 0xEF, 0x97, 0xFC, 0xE2, 0x34, 0x88, 0x48, 0x28,
    0xE8, 0x65, 0x96, 0x39, 0xF3, 0xA8, 0x57, 0xE9, 0x7D, 0x0C, 0x1E, 0x5C, 0x8B, 0xED, 0xB1, 0x01,
    0x3D, 0xA2, 0x62, 0xC9, 0xD5, 0x0C, 0x19, 0x4E, 0xE1, 0xF6, 0xE5, 0x1E, 0x66, 0x44, 0x4D, 0x0F,
    0xF4, 0x78, 0x5F, 0x9F, 0x7D, 0xE6, 0x91, 0xAF, 0xBD, 0x37, 0x80, 0x6A, 0xE1, 0xB0, 0xB8, 0x70,
    0x2B, 0xC1, 0x7C, 0x8C, 0x9A, 0x9A, 0xD6, 0x06, 0x13, 0x1C, 0x75, 0xBC, 0x05, 0x09, 0xA0, 0x13,
    0xC9, 0x9B, 0xD2, 0x53, 0x78, 0x7C, 0x6F, 0x43, 0x1D, 0xF9, 0x7C, 0x86, 0x3B, 0x1F, 0xA6, 0xE5,
    0x5D, 0x93, 0x9D, 0xBA, 0xC9, 0xF5, 0xCD, 0xE4, 0xB1, 0x97, 0xD5, 0xDB, 0xC9, 0x85, 0x72, 0x64,
    0xF8, 0xA4, 0x45, 0x16, 0x86, 0x1F, 0x68, 0x39, 0x4F, 0x77, 0x28, 0x81, 0x30, 0x9C, 0xA9, 0xD9,
    0x64, 0xCF, 0xF5, 0xEF, 0x77, 0xB1, 0x22, 0xBD, 0x8D, 0x6E, 0xB2, 0xA3, 0x89, 0x76, 0x54, 0xC9,
    0x8E, 0x75, 0x51, 0xDE, 0xED, 0x54, 0x27, 0x13, 0x55, 0x54, 0xB9, 0x99, 0x2A, 0x39, 0xFB, 0x1E,
    0x3B, 0x99, 0x50, 0xB2, 0x60, 0xFF, 0x52, 0x70, 0x7D, 0x87, 0x6F, 0x3F, 0x0A, 0x0F, 0xF7, 0xD4,
    0x42, 0x13, 0x0C, 0x9B, 0x4F, 0x94, 0x64, 0xE8, 0x46, 0xCE, 0xD2, 0x4F, 0x82, 0x9E, 0x60, 0xD8,
    0xD4, 0x6D, 0x6A, 0x36, 0xD9, 0x83, 0x86, 0x9F, 0x98, 0xB4, 0xC8, 0xE3, 0xC7, 0x37, 0xF4, 0x68,
    0x99, 0xB1, 0xBF, 0xBD, 0xE0, 0x10, 0x7C, 0x91, 0xBE, 0x8B, 0xEF, 0x7A, 0xFC, 0x0C, 0xBE, 0x2F,
    0xF1, 0xAA, 0xDE, 0xA6, 0xA6, 0xAD, 0x65, 0x85, 0x93, 0xE7, 0xC1, 0xDC, 0x85, 0x5B, 0x5D, 0x4B,
    0xF2, 0x7D, 0x3D, 0x97, 0x0F, 0xDF, 0xF7, 0x41, 0x45, 0x76, 0x75, 0x12, 0x77, 0xD9, 0x19, 0x74,
    0x7C, 0x88, 0x66, 0xB0, 0x25, 0x2C, 0x69, 0x77, 0x01, 0x6D, 0x35, 0x7C, 0x77, 0x30, 0x22, 0xC1,
    0xFD, 0xA5, 0xB4, 0xBE, 0x7D, 0x1A, 0x4F, 0x77, 0x21, 0xFB, 0x5B, 0x0B, 0x8D, 0x24, 0x6E, 0x0C,
    0x77, 0xD8, 0xF7, 0x98, 0x3C, 0x4F, 0x23, 0x82, 0x13, 0x69, 0x6F, 0xD2, 0xF4, 0xB7, 0x69, 0x5A,
    0x2F, 0x2B, 0xD7, 0x64, 0xE2, 0x90, 0x3E, 0x19, 0xB8, 0x16, 0x01, 0x5F, 0xE0, 0x0A, 0x4C, 0x81,
    0xBE, 0x0F, 0x25, 0xF0, 0xFF, 0x91, 0x88, 0x5E, 0x75, 0x42, 0x27, 0xB5, 0x21, 0xD6, 0xF9, 0x6A,
    0xCC, 0x2A, 0xD3, 0x64, 0xBD, 0x32, 0xC8, 0x89, 0x84, 0x1D, 0xF5, 0x84, 0x99, 0xB1, 0xA9, 0x70,
    0x2B, 0xF3, 0x61, 0x54, 0x11, 0x17, 0xF1, 0x11, 0x1B, 0xD1, 0x2F, 0xC9, 0x33, 0x4D, 0x66, 0x90,
    0x76, 0xCB, 0x3C, 0xDE, 0x9D, 0x97, 0xF2, 0x87, 0xEA, 0xE9, 0xD8, 0x04, 0xF7, 0x86, 0x5E, 0x2F,
    0xF0, 0x1E, 0xC0, 0x2F, 0xC1, 0x07, 0xC7, 0x43, 0x98, 0xCD, 0x26, 0x73, 0x69, 0xA6, 0x65, 0x3E,
    0xC8, 0xB5, 0x3A, 0x9E, 0x6E, 0xC1, 0x4E, 0x68, 0x19, 0x37, 0xCD, 0xE8, 0x77, 0xAE, 0xFB, 0x0C,
    0x98, 0xE8, 0xA6, 0x26, 0xD9, 0x34, 0x88, 0x97, 0xA2, 0xE2, 0xF3, 0xBE, 0x67, 0x31, 0x0F, 0x7F,
    0x96, 0xAB, 0x43, 0x3B, 0x4B, 0xBF, 0x36, 0xF4, 0x27, 0x13, 0xEE, 0x05, 0x79, 0x87, 0x24, 0xBC,
    0x68, 0xF9, 0xAE, 0x8C, 0x4D, 0x6A, 0x61, 0x39, 0x4C, 0xE5, 0xFA, 0x28, 0xC6, 0x66, 0xBD, 0xD4,
    0xC5, 0xED, 0x89, 0xFC, 0x85, 0xC4, 0x33, 0x73, 0xE1, 0xBF, 0x78, 0x8F, 0xC5, 0xF7, 0x5C, 0x3C,
    0xA7, 0xFD, 0xA6, 0x87, 0xA3, 0xF8, 0xBA, 0x6F, 0xED, 0xE8, 0x2E, 0x36, 0x60, 0xEB, 0xF0, 0xC1,
    0xD3, 0x8C, 0x1E, 0x1B, 0x3D, 0x3A, 0xFA, 0x76, 0x53, 0x50, 0x53, 0x33, 0xE9, 0x60, 0x2E, 0x5E,
    0xFA, 0x09, 0x80, 0xEA, 0x97, 0x57, 0xBA, 0x17, 0x65, 0x74, 0x8B, 0x8D, 0x36, 0xAA, 0x6C, 0x62,
    0xB5, 0x89, 0xE5, 0x4C, 0x79, 0x57, 0xAA, 0xB3, 0x59, 0xF5, 0x6C, 0x44, 0x46, 0xF3, 0x8E, 0x15,
    0x13, 0xD9, 0x65, 0x67, 0xE8, 0x56, 0xCA, 0x4C, 0xF1, 0x88, 0x87, 0xD1, 0x64, 0x67, 0xBF, 0x6F,
    0x6A, 0x86, 0x1F, 0xBC, 0xD8, 0xE8, 0x87, 0x85, 0x1E, 0x16, 0x10, 0x39, 0x9B, 0x8C, 0x76, 0x9B,
    0x8B, 0xE0, 0xD7, 0x26, 0xD8, 0x64, 0x83, 0x9E, 0xDF, 0x0D, 0x3D, 0xF3, 0x80, 0x6C, 0x86, 0x41,
    0xFA, 0x5D, 0x95, 0xFC, 0x1C, 0xA6, 0xC4, 0xFF, 0x5B, 0x03, 0x4D, 0x6F, 0xB1, 0x53, 0x85, 0x91,
    0x3B, 0xEC, 0xB1, 0x7E, 0xB0, 0xF4, 0xAF, 0xC4, 0x85, 0x63, 0x6C, 0xD8, 0xDA, 0x82, 0x5D, 0x07,
    0xD4, 0x2F, 0x26, 0x00, 0x3E, 0x9D, 0x6A, 0x46, 0xEF, 0xB9, 0x2B, 0x4B, 0x12, 0x6D, 0x29, 0x5F,
    0x91, 0x55, 0xFA, 0x25, 0x25, 0x13, 0x6B, 0x3B, 0x44, 0x9F, 0xD8, 0x90, 0x69, 0xA2, 0xC9, 0x98,
    0x58, 0x56, 0xE4, 0xA1, 0x98, 0x75, 0x46, 0xE5, 0xA7, 0x84, 0x5A, 0xDE, 0x29, 0x3D, 0xDD, 0x77,
    0xDD, 0x01, 0x00, 0xC9, 0x4D, 0x2E, 0x72, 0x93, 0x9A, 0xEC, 0xA4, 0x82, 0x89, 0xA6, 0x55, 0xC9,
    0x52, 0xE7, 0xEB, 0xB0, 0x1E, 0xC1, 0xF0, 0xAD, 0xE0, 0x23, 0xB8, 0x09, 0x6C, 0x00, 0xD3, 0x23,
    0xD9, 0x8B, 0x5D, 0x0F, 0x74, 0x93, 0x49, 0x75, 0xB4, 0x85, 0xE5, 0x88, 0xCE, 0x2A, 0xA8, 0x74,
    0x7D, 0xD1, 0x7D, 0x9D, 0x8F, 0x06, 0x0B, 0xCB, 0x2B, 0xBB, 0xD7, 0x83, 0xFC, 0x92, 0xFF, 0x0F,
    0xE8, 0x62, 0x93, 0x39, 0xFC, 0xB7, 0x83, 0x26, 0xE8, 0x08, 0xB6, 0x55, 0x23, 0xDD, 0xEA, 0x52,
    0x91, 0x4D, 0x66, 0xBB, 0xEB, 0xDD, 0x41, 0x8E, 0xCE, 0x46, 0xDC, 0xF4, 0x1D, 0x09, 0x9E, 0x59,
    0x51, 0xA1, 0xEB, 0x9B, 0xD6, 0x4F, 0x32, 0x49, 0xDE, 0x95, 0x7D, 0x2A, 0x72, 0x93, 0x2D, 0x07,
    0x6F, 0x6B, 0x62, 0x83, 0x4A, 0x37, 0xA8, 0xF3, 0x4D, 0x58, 0x67, 0x18, 0x62, 0x19, 0x09, 0x5C,
    0x80, 0xA6, 0x05, 0x07, 0xDC, 0x00, 0x4E, 0x81, 0x19, 0xEA, 0x08, 0x6A, 0x04, 0x7A, 0x30, 0x22,
    0xA1, 0x11, 0x69, 0x6F, 0x54, 0x2B, 0xDF, 0x78, 0xFE, 0xDF, 0x63, 0x1F, 0x60, 0x68, 0xA9, 0x17,
    0xD0, 0xA9, 0x54, 0x55, 0xA3, 0x0F, 0x26, 0x0C, 0x22, 0xED, 0x26, 0x78, 0x19, 0x6F, 0x52, 0xA3,
    0x0A, 0x7A, 0x54, 0x51, 0xA5, 0x3A, 0x57, 0xDB, 0xA5, 0xE7, 0xA1, 0x1F, 0x7A, 0x1D, 0xAB, 0xFD,
    0x2F, 0x95, 0x54, 0xD4, 0x93, 0x0E, 0x2A, 0x54, 0x13, 0x4F, 0x9E, 0x5E, 0x9D, 0xBE, 0xF8, 0xF3,
    0xF9, 0x6A, 0x4C, 0xAB, 0x83, 0x0D, 0x4D, 0xF0, 0x7D, 0x47, 0xB9, 0xDC, 0x78, 0x6D, 0xB9, 0xB6,
    0xB8, 0xDE, 0xEF, 0x7F, 0xF9, 0xD6, 0x6D, 0xAD, 0x26, 0xE8, 0xDE, 0xF2, 0x6B, 0xE8, 0x99, 0xF7,
    0x70, 0x2B, 0xA7, 0xC7, 0x4D, 0x9F, 0x6E, 0xEA, 0x67, 0xE6, 0x9B, 0x95, 0xC4, 0xF7, 0xC0, 0xF7,
    0xFF, 0x07, 0xC5, 0x98, 0x01, 0xC4, 0x26, 0x49, 0x7A, 0xC7, 0x7F, 0xDD, 0x3D, 0xB7, 0x15, 0x57,
    0x4C, 0x7D, 0xD8, 0x43, 0x72, 0x66, 0xEB, 0x10, 0x5C, 0xD8, 0xF9, 0x1A, 0x0E, 0x4B, 0xBE, 0xEF,
    0xAB, 0xDA, 0x5B, 0xAC, 0x38, 0x5C, 0x70, 0x00, 0x72, 0x70, 0x08, 0x30, 0xC1, 0xE2, 0xC2, 0x3B,
    0xD3, 0x2D, 0x41, 0x80, 0x64, 0x82, 0x80, 0x00, 0x00, 0x70, 0x59, 0x0C, 0x06, 0x33, 0xD3, 0x35,
    0x3B, 0x58, 0x1C, 0xF4, 0x64, 0x71, 0x80, 0xED, 0xDB, 0x5B, 0x82, 0xE0, 0xAB, 0xEC, 0x75, 0xB2,
    0xBD, 0x99, 0xEE, 0xF7, 0xB9, 0xAA, 0x7E, 0xDF, 0xEF, 0x35, 0x33, 0x66, 0xCF, 0xEE, 0xCC, 0x98,
    0xE9, 0xB7, 0x9E, 0x5F, 0x55, 0x57, 0xD7, 0xF3, 0x3C, 0xFF, 0x52, 0xFD, 0xD6, 0xDB, 0xFD, 0x5E,
    0xA1, 0xF1, 0x12, 0x1A, 0x7F, 0x05, 0x38, 0xE6, 0x98, 0x1A, 0xB7, 0xFF, 0x34, 0xBE, 0x6B, 0xBB,
    0x56, 0xC2, 0xFE, 0xAA, 0x85, 0x83, 0x35, 0x37, 0x51, 0x32, 0x63, 0xEE, 0x6F, 0x71, 0xBE, 0xC3,
    0xF1, 0x0B, 0x1A, 0xA0, 0x83, 0xB5, 0x76, 0xD9, 0xDA, 0xEF, 0x62, 0x87, 0xB3, 0x75, 0x1C, 0x5D,
    0xFF, 0xA4, 0x7F, 0xFD, 0xD5, 0x3B, 0x14, 0x22, 0x33, 0xD5, 0xA2, 0xB6, 0xA8, 0x91, 0x06, 0x3D,
    0x62, 0x7D, 0x82, 0x42, 0xCD, 0x40, 0xB9, 0x00, 0x08, 0xF0, 0x1D, 0xF9, 0xB7, 0xBF, 0xA6, 0x16,
    0x89, 0x3B, 0x50, 0x87, 0x35, 0x7A, 0x19, 0x70, 0x5E, 0x05, 0xB6, 0x58, 0x5F, 0x4D, 0x45, 0x47,
    0x23, 0xB2, 0xD0, 0xE5, 0xA0, 0x6F, 0x52, 0xB6, 0xA7, 0xE8, 0xDE, 0xFD, 0xC7, 0x79, 0x30, 0x22,
    0xA8, 0xE1, 0x2E, 0xBA, 0xAD, 0x31, 0xDE, 0xAE, 0xB5, 0x1A, 0xAE, 0x93, 0xFB, 0x5D, 0x77, 0x1E,
    0x6E, 0xA0, 0xFB, 0x1F, 0xA6, 0xF1, 0x9D, 0x44, 0x27, 0xEC, 0x68, 0x24, 0x0B, 0xA9, 0x04, 0x1D,
    0x40, 0x5A, 0xE3, 0xC1, 0xF5, 0x67, 0x80, 0x8D, 0x77, 0xC0, 0xC8, 0x2C, 0x63, 0xA2, 0x24, 0x82,
    0x04, 0x32, 0x5B, 0x80, 0x2E, 0x71, 0xED, 0xDF, 0x73, 0xED, 0x39, 0x50, 0x7A, 0x56, 0x67, 0x40,
    0x67, 0xDE, 0xB9, 0x38, 0x80, 0xC7, 0xCF, 0xEA, 0xF1, 0x84, 0x52, 0xE4, 0x3A, 0x7A, 0x52, 0x5B,
    0x4C, 0xA4, 0xCB, 0xB0, 0xDE, 0x8C, 0x28, 0x6F, 0x16, 0x40, 0xC9, 0xE7, 0xE4, 0x21, 0x2D, 0x55,
    0x9E, 0xAE, 0x79, 0x24, 0xE2, 0x4D, 0xFC, 0xBE, 0x84, 0x3C, 0x78, 0x30, 0x13, 0x36, 0xEA, 0xDC,
    0x53, 0xC9, 0x62, 0x06, 0x44, 0x24, 0x60, 0xF3, 0x68, 0x3A, 0x09, 0x50, 0x48, 0xBF, 0x81, 0x7A,
    0xB8, 0x01, 0x26, 0xBA, 0x16, 0x33, 0xE4, 0xF0, 0xBD, 0xDE, 0xFA, 0x26, 0xA4, 0x78, 0x5B, 0xCA,
    0x2F, 0x72, 0x7C, 0x80, 0xB7, 0x8A, 0xA1, 0xF9, 0xA7, 0xA9, 0xFB, 0xF5, 0x9C, 0x98, 0xDA, 0x00,
    0xF0, 0x86, 0xDC, 0x84, 0x46, 0x16, 0x8A, 0x85, 0xA6, 0x55, 0x3D, 0x6A, 0x30, 0x74, 0x7E, 0xBC,
    0xAA, 0x24, 0x6C, 0x4E, 0xCC, 0x3F, 0xC6, 0xB7, 0x3F, 0xB0, 0xE5, 0x70, 0xE5, 0x56, 0x0D, 0x97,
    0x3F, 0xCC, 0xB8, 0x65, 0x39, 0xBA, 0xFC, 0x81, 0x09, 0xF1, 0xCA, 0x49, 0x1A, 0x72, 0x72, 0xB5,
    0xD8, 0xB2, 0x31, 0x1E, 0x62, 0xF6, 0xED, 0xD7, 0x28, 0x39, 0xDE, 0x3E, 0x32, 0x50, 0xCA, 0x5F,
    0x61, 0x7E, 0xB3, 0x50, 0xB3, 0x70, 0xC6, 0xDD, 0xD5, 0x6E, 0xEC, 0x6B, 0x97, 0xAC, 0xF6, 0xF7,
    0x30, 0x0F, 0xA5, 0xAD, 0xE4, 0x5E, 0xCB, 0x11, 0x70, 0x54, 0xC0, 0xA8, 0x42, 0x35, 0x58, 0x4C,
    0xB8, 0x4E, 0x5D, 0x4C, 0xDC, 0xAD, 0x22, 0xF7, 0x92, 0xD5, 0x7E, 0x46, 0x87, 0x33, 0xCA, 0x68,
    0x3C, 0xB7, 0xAA, 0x00, 0xE0, 0x44, 0xC6, 0x64, 0x13, 0xF0, 0x2C, 0x1B, 0xBF, 0x7E, 0x9E, 0xB5,
    0xB4, 0xE3, 0x55, 0xFD, 0xD1, 0xB0, 0x39, 0x51, 0x21, 0xCD, 0x53, 0xDD, 0x8F, 0x57, 0x6E, 0xA9,
    0x07, 0xC3, 0xE5, 0x0F, 0x95, 0x84, 0xCB, 0xB7, 0xD4, 0xC7, 0xE1, 0xF2, 0x07, 0xEA, 0xA3, 0xE1,
    0xCA, 0x89, 0xBE, 0x3F, 0xBE, 0x7D, 0xB5, 0xFE, 0xFD, 0xF2, 0x47, 0xE7, 0xD9, 0x88, 0x4F, 0xC5,
    0xF6, 0xDD, 0x34, 0x6E, 0xC6, 0x4D, 0x37, 0xD9, 0x1E, 0x1D, 0x78, 0xDA, 0xF6, 0x62, 0xC7, 0x67,
    0x5D, 0x03, 0x0E, 0xD7, 0xD5, 0x96, 0x33, 0xDB, 0x9E, 0x9A, 0xF0, 0xA7, 0xA6, 0xC5, 0xC1, 0x84,
    0x6A, 0xB9, 0xC2, 0x87, 0x4E, 0x86, 0x46, 0x02, 0xA0, 0x27, 0x4E, 0x6B, 0x36, 0x96, 0x1F, 0x1E,
    0x53, 0x4C, 0x98, 0x2D, 0xDF, 0xB9, 0xD6, 0x62, 0x42, 0x2A, 0x3F, 0x6B, 0x7C, 0x3D, 0x51, 0x0C,
    0x55, 0xD4, 0xD1, 0x84, 0x33, 0xDE, 0xA4, 0x79, 0x4F, 0xDA, 0x64, 0xA1, 0xF1, 0x5D, 0x32, 0xF7,
    0xF5, 0x76, 0xFF, 0x7C, 0x6C, 0xE4, 0xDA, 0xD4, 0x7C, 0xF5, 0x17, 0x34, 0x1E, 0x9E, 0x36, 0x00,
    0x25, 0x12, 0xEA, 0x64, 0x6E, 0x3E, 0xA5, 0x9B, 0x4F, 0x56, 0x6B, 0x92, 0xB9, 0x64, 0x36, 0x59,
    0xB1, 0x39, 0x81, 0x93, 0x6F, 0x69, 0x6F, 0xBE, 0x89, 0x21, 0xE5, 0xEF, 0x5D, 0x30, 0xA8, 0xD6,
    0x70, 0xEC, 0xDD, 0xC8, 0xCC, 0x9D, 0x66, 0xAA, 0x07, 0x7E, 0x21, 0xD1, 0xF6, 0x3A, 0x1C, 0x3E,
    0xBD, 0x19, 0xBA, 0x05, 0x28, 0xC4, 0xEB, 0x7F, 0x8F, 0x6F, 0x95, 0xD3, 0x29, 0x49, 0xCC, 0xBD,
    0x33, 0xCE, 0x5C, 0x2A, 0xFE, 0xD4, 0x86, 0x13, 0x1D, 0x63, 0x21, 0x81, 0x4B, 0x1C, 0xE1, 0x39,
    0x29, 0x07, 0x2C, 0xD3, 0x7A, 0xE7, 0x54, 0xD1, 0xB6, 0xCC, 0xBA, 0x2F, 0x66, 0xD3, 0x57, 0xB1,
    0xF6, 0xEB, 0x1D, 0xC6, 0x98, 0xC6, 0xF4, 0x00, 0xF0, 0xB7, 0x40, 0x33, 0x02, 0x76, 0xA0, 0x0A,
    0xD5, 0x80, 0x26, 0xE1, 0x6A, 0xC6, 0x2F, 0x33, 0x62, 0x42, 0x15, 0x12, 0xB4, 0x47, 0x8F, 0x6F,
    0x81, 0xDB, 0x9E, 0xFC, 0x3D, 0x10, 0x1D, 0x94, 0x7D, 0x82, 0xF2, 0xD7, 0xE1, 0x32, 0x13, 0x29,
    0x66, 0x84, 0xA8, 0xEE, 0xB7, 0x65, 0x6F, 0x7E, 0x12, 0x54, 0x7B, 0xAA, 0x83, 0xC1, 0xC9, 0x7C,
    0x92, 0x01, 0xE8, 0x70, 0x01, 0xD5, 0xE6, 0xBC, 0xFB, 0xC4, 0xBB, 0xCC, 0xAC, 0xA9, 0x77, 0xB9,
    0x77, 0xC9, 0x33, 0x23, 0xBB, 0xF4, 0xBB, 0xFC, 0x3B, 0x01, 0x59, 0x01, 0x00, 0xB1, 0xEB, 0xA1,
    0xFC, 0xE4, 0x3F, 0x47, 0x50, 0xEF, 0x87, 0x09, 0x2E, 0x17, 0xFF, 0x3A, 0xC2, 0x49, 0x76, 0x24,
    0x62, 0x3D, 0x65, 0xCF, 0x6D, 0x50, 0x49, 0x90, 0xC5, 0xA0, 0x64, 0xE1, 0x64, 0xB7, 0x7D, 0x01,
    0xA0, 0x27, 0xE0, 0xB4, 0x06, 0x36, 0x96, 0x2A, 0xA4, 0x3B, 0x4B, 0x53, 0x4C, 0x5C, 0xC5, 0x6C,
    0xF9, 0x65, 0xBE, 0xBF, 0x22, 0x98, 0x07, 0x21, 0xE1, 0xD7, 0x9E, 0x9F, 0x35, 0x7F, 0x03, 0xF5,
    0xF4, 0x52, 0xE6, 0x5E, 0xB5, 0x60, 0x22, 0xD4, 0x71, 0x57, 0xE7, 0x73, 0x80, 0xB2, 0x05, 0x15,
    0x76, 0xE3, 0xEA, 0x96, 0x62, 0x0B, 0x7A, 0x84, 0xBA, 0x07, 0xD7, 0xFE, 0x19, 0x8D, 0x6F, 0x92,
    0x39, 0x9A, 0xD6, 0xE1, 0xFA, 0x0E, 0x23, 0x33, 0xA5, 0x0C, 0x00, 0x50, 0xAD, 0x09, 0x06, 0xA0,
    0x8A, 0x40, 0x31, 0x03, 0xDC, 0x00, 0xB8, 0xC4, 0xC5, 0x21, 0x40, 0x29, 0x1E, 0x2A, 0x09, 0xA0,
    0x32, 0xF4, 0xA7, 0x03, 0x98, 0x9F, 0x46, 0xB0, 0x39, 0xD5, 0x99, 0x9A, 0xE1, 0xB4, 0x4A, 0xB8,
    0x53, 0x6E, 0x61, 0x2E, 0x84, 0x42, 0x44, 0x7C, 0x99, 0x10, 0xAA, 0x01, 0x17, 0x74, 0xA0, 0x1E,
    0x4C, 0xC0, 0xC6, 0x3A, 0x9D, 0x4E, 0xB2, 0xE4, 0x4B, 0x73, 0xC2, 0x85, 0x84, 0x1E, 0x30, 0x01,
    0x70, 0x1E, 0xB8, 0x0B, 0x70, 0xF4, 0xAA, 0x14, 0x00, 0x70, 0x9D, 0x1C, 0xB9, 0x05, 0x77, 0x3E,
    0x25, 0x3C, 0x98, 0xE1, 0x98, 0x5B, 0xAF, 0x46, 0x81, 0xEA, 0x73, 0xA8, 0x31, 0x42, 0x7D, 0x7D,
    0x04, 0x5B, 0x47, 0xB8, 0xAC, 0xFB, 0x57, 0x93, 0xDC, 0x16, 0x71, 0x3F, 0xDF, 0xE6, 0xE3, 0x79,
    0xD7, 0xCA, 0x7D, 0xAF, 0x26, 0x39, 0xF7, 0xB8, 0x88, 0xFC, 0xA0, 0x07, 0xFD, 0xE3, 0x7E, 0xD7,
    0xCA, 0x7D, 0xAF, 0x68, 0xE1, 0x01, 0x9B, 0x7A, 0xE2, 0xBE, 0x9E, 0x56, 0x41, 0x43, 0x31, 0x03,
    0xEA, 0x7C, 0xE0, 0x18, 0x30, 0x3F, 0x1F, 0xB8, 0x04, 0x1C, 0xDB, 0xE1, 0xBB, 0x00, 0x27, 0x76,
    0xB0, 0x00, 0x63, 0x72, 0x00, 0x8A, 0x61, 0x57, 0x57, 0xC1, 0x0E, 0x35, 0xA0, 0x45, 0x06, 0x03,
    0x18, 0x91, 0x75, 0xFC, 0x29, 0x76, 0x00, 0xD8, 0xE4, 0xBA, 0x0C, 0x8C, 0xFB, 0x5D, 0x33, 0x52,
    0x47, 0x8C, 0x37, 0x91, 0x66, 0x2C, 0x3A, 0x76, 0xCA, 0x16, 0x64, 0x5E, 0x15, 0xC2, 0x1B, 0x32,
    0xEC, 0x7F, 0x8D, 0xE5, 0x5D, 0x69, 0xD5, 0x8C, 0xEB, 0xCD, 0x88, 0x8D, 0x36, 0x62, 0xF2, 0x64,
    0x8C, 0x77, 0x3D, 0xF0, 0x2C, 0xD4, 0x03, 0x1C, 0xD9, 0x08, 0x1B, 0x33, 0xC1, 0x58, 0x2D, 0x54,
    0xB1, 0x90, 0xF6, 0x5A, 0xC0, 0xC9, 0x76, 0x1F, 0x99, 0xFF, 0x05, 0x0A, 0x09, 0x80, 0x1A, 0x80,
    0x2A, 0xA1, 0x94, 0x1E, 0xE8, 0x3C, 0xE8, 0x16, 0x30, 0x21, 0x63, 0xBD, 0x38, 0x02, 0xDC, 0x79,
    0x7C, 0x67, 0x70, 0x49, 0x6C, 0x86, 0xA0, 0x67, 0xEA, 0xB6, 0x9A, 0xA9, 0x42, 0x42, 0x41, 0x42,
    0x48, 0x28, 0x7B, 0x2A, 0x91, 0x0B, 0xCC, 0x2A, 0xA3, 0xC8, 0x20, 0x64, 0xB0, 0xE2, 0x9D, 0x8C,
    0x5B, 0xD5, 0x42, 0x19, 0x95, 0x60, 0xFB, 0x1C, 0x2F, 0x64, 0x78, 0x30, 0x2D, 0x60, 0x03, 0xE0,
    0x5A, 0xA0, 0x01, 0x98, 0x00, 0xFC, 0xAB, 0x52, 0xC0, 0x45, 0x4A, 0x9D, 0xCF, 0x9A, 0x4F, 0x23,
    0x74, 0x3F, 0x49, 0xD8, 0x94, 0xF1, 0xD5, 0x28, 0xB8, 0x5A, 0xF6, 0x39, 0xE5, 0x08, 0xF2, 0x2F,
    0xD3, 0xAE, 0x95, 0xFB, 0x5E, 0x49, 0x72, 0xBD, 0x7B, 0x52, 0x1A, 0xA8, 0x22, 0xDC, 0x81, 0xA3,
    0x5D, 0xCE, 0x3E, 0x15, 0x25, 0x54, 0xCB, 0x37, 0x2A, 0x4A, 0xF6, 0x2E, 0x18, 0x8F, 0x0D, 0xB8,
    0x96, 0x7B, 0x14, 0x13, 0xF8, 0x17, 0x8B, 0x06, 0x8C, 0x68, 0xF1, 0x69, 0x4D, 0x3A, 0x1D, 0x37,
    0xE5, 0xF0, 0x22, 0xD1, 0xB4, 0x1F, 0xD3, 0xB6, 0xE7, 0x7E, 0xB7, 0x24, 0xA6, 0x36, 0x60, 0x64,
    0x4C, 0xA5, 0x90, 0x80, 0xF8, 0x6F, 0x52, 0xD2, 0xC8, 0x9D, 0x8B, 0x13, 0x69, 0x49, 0x98, 0xD1,
    0xF3, 0x1B, 0xE2, 0xAB, 0x19, 0xD7, 0x27, 0x98, 0x98, 0xA0, 0xC6, 0x84, 0x6A, 0x5E, 0x91, 0x86,
    0x94, 0x73, 0x23, 0xF2, 0xE3, 0xD9, 0x25, 0xE4, 0xBE, 0x32, 0xA3, 0xCA, 0x50, 0xD3, 0x85, 0x47,
    0xDD, 0xEB, 0x6D, 0x21, 0xED, 0xC5, 0x42, 0xDF, 0x04, 0xEE, 0x5E, 0x01, 0x0A, 0xB1, 0x40, 0xF5,
    0xDF, 0x9F, 0x02, 0xE5, 0xEF, 0x04, 0x60, 0x98, 0xD9, 0x1F, 0x6E, 0xA4, 0x4C, 0x42, 0x96, 0x4C,
    0x25, 0x1E, 0x17, 0x2A, 0x09, 0x58, 0x5F, 0x49, 0xC4, 0x52, 0xC9, 0x9C, 0xF9, 0x5F, 0x92, 0xF9,
    0x99, 0x84, 0xC4, 0xA1, 0x1B, 0x32, 0xEB, 0x29, 0xD3, 0x6C, 0x33, 0x2B, 0xF9, 0x79, 0x22, 0x72,
    0x9E, 0xE9, 0x24, 0xD3, 0xAE, 0x54, 0x82, 0x1E, 0x29, 0x24, 0x77, 0xD2, 0xAD, 0xAC, 0xA1, 0x88,
    0x1C, 0xF6, 0x88, 0x72, 0x86, 0xAC, 0x73, 0x65, 0xBD, 0xB2, 0xE0, 0x70, 0x94, 0xEB, 0x24, 0x6A,
    0x59, 0x80, 0xED, 0xBB, 0x5D, 0x9B, 0x9D, 0xEA, 0x01, 0x9D, 0xCA, 0x84, 0x09, 0xE4, 0x49, 0x07,
    0xCA, 0x2D, 0xAE, 0xA5, 0x90, 0x4C, 0x12, 0xC3, 0xD3, 0xAC, 0x07, 0xD8, 0x62, 0x22, 0xCC, 0xD9,
    0xB1, 0x9C, 0xD6, 0xF5, 0x8C, 0x20, 0x37, 0xAF, 0x85, 0x1C, 0x7F, 0x0B, 0x14, 0xDD, 0x00, 0x50,
    0xAE, 0xAC, 0x22, 0x80, 0x5E, 0x69, 0x02, 0xC0, 0x19, 0x00, 0x47, 0xAF, 0x55, 0xDB, 0x25, 0x00,
    0x8E, 0x01, 0x0A, 0xE9, 0x01, 0xF3, 0xE5, 0x02, 0xD8, 0x87, 0x99, 0xC6, 0x6F, 0x5E, 0xA3, 0xB6,
    0x32, 0x7E, 0x00, 0xE8, 0x79, 0x03, 0x98, 0x5F, 0xDD, 0xC9, 0xFC, 0xE9, 0x04, 0xA8, 0xF7, 0x86,
    0xD7, 0xA8, 0x4A, 0xB7, 0xB7, 0x01, 0xFB, 0xDB, 0x2D, 0x50, 0xFF, 0x5E, 0x0E, 0xED, 0xDC, 0xFF,
    0xDA, 0x54, 0xFD, 0x88, 0xCA, 0xDF, 0xC5, 0xE4, 0xB7, 0x43, 0x6F, 0xFB, 0x34, 0xE8, 0xCB, 0x71,
    0xB7, 0x9C, 0x4D, 0x0B, 0xA9, 0xAE, 0x1E, 0x8D, 0x98, 0xD4, 0xEF, 0xBC, 0x5B, 0xC7, 0xE5, 0xF1,
    0x00, 0x80, 0x5B, 0x79, 0x63, 0xE5, 0x9D, 0x55, 0xFB, 0xCC, 0x45, 0xEC, 0xED, 0x7B, 0x12, 0xA8,
    0xC6, 0x4A, 0x22, 0x7A, 0x50, 0xE7, 0x59, 0xBB, 0x7E, 0x90, 0xB5, 0x9B, 0x8F, 0xB2, 0x76, 0xFB,
    0xAE, 0x24, 0x3A, 0x12, 0xC3, 0xD9, 0xCA, 0xBB, 0x2B, 0xE7, 0xC4, 0xFA, 0xB7, 0x53, 0xD6, 0xFE,
    0x45, 0xCC, 0xDA, 0x1F, 0xC5, 0xAC, 0x5D, 0xFA, 0x55, 0x7B, 0x7F, 0xD0, 0x9E, 0x38, 0x1C, 0x14,
    0x7C, 0x6F, 0x25, 0x23, 0x87, 0xB7, 0x00, 0x96, 0xC7, 0x04, 0x9A, 0xF0, 0xE4, 0xF7, 0xB8, 0x91,
    0x50, 0x8B, 0xDF, 0x51, 0x6F, 0x51, 0x13, 0x79, 0x07, 0x8B, 0x99, 0xC5, 0xB7, 0x64, 0x79, 0xE0,
    0x42, 0x15, 0x29, 0x04, 0xD5, 0x43, 0xD7, 0xD7, 0xAB, 0x4E, 0x01, 0x4A, 0xF9, 0xFC, 0x31, 0x71,
    0xD3, 0x61, 0xAB, 0x41, 0x0F, 0x00, 0xD6, 0x03, 0x5C, 0x7A, 0xBD, 0xDA, 0x00, 0x30, 0x1E, 0xA0,
    0x1B, 0x01, 0xBD, 0x15, 0xC0, 0xC4, 0x4C, 0x15, 0x8E, 0x5F, 0xA3, 0xB6, 0xAA, 0x3F, 0x3D, 0x28,
    0x31, 0xA3, 0xF8, 0x7D, 0x3B, 0xF7, 0xBF, 0x46, 0x55, 0x70, 0xFB, 0x70, 0xAB, 0x51, 0x4D, 0x00,
    0x2A, 0x02, 0x98, 0xF6, 0xC9, 0xD5, 0x7C, 0xFC, 0x4F, 0x4A, 0xFB, 0xD8, 0x9F, 0x94, 0x85, 0x78,
    0xE3, 0xA1, 0x0B, 0x67, 0x80, 0x1B, 0x36, 0x80, 0x19, 0x47, 0x40, 0x6D, 0x23, 0x50, 0x3E, 0xF1,
    0x27, 0xA5, 0x7F, 0x36, 0x25, 0xB3, 0x58, 0x47, 0x1A, 0x99, 0x2E, 0xE8, 0x24, 0xEC, 0xA1, 0x67,
    0x38, 0x3C, 0x42, 0x2D, 0x54, 0x73, 0xB9, 0xFB, 0x45, 0x0F, 0x09, 0xF5, 0x8A, 0x3E, 0x23, 0xEC,
    0xFB, 0x92, 0xA4, 0x75, 0x5C, 0xC2, 0x4D, 0x52, 0x1F, 0x3B, 0xE8, 0x2D, 0xE0, 0xA4, 0xDF, 0x83,
    0xEF, 0x6F, 0xFD, 0x3A, 0x2D, 0x8A, 0xAD, 0x9E, 0x72, 0xD0, 0x99, 0x6A, 0x4A, 0x50, 0x53, 0x35,
    0x25, 0xD8, 0x98, 0xD0, 0xF8, 0x84, 0x7B, 0xE4, 0xD6, 0x98, 0xB0, 0x5B, 0x14, 0x69, 0x13, 0x5C,
    0x48, 0xA8, 0x0F, 0x70, 0xC1, 0x4C, 0x7D, 0xE7, 0xBB, 0x49, 0xB6, 0x74, 0x63, 0x3D, 0xC2, 0x6D,
    0x60, 0x06, 0xD6, 0xAC, 0x1E, 0x74, 0x00, 0x3C, 0x00, 0x74, 0x37, 0x7F, 0xA0, 0xE4, 0xFF, 0x07,
    0x33, 0x34, 0x43, 0xDD, 0xDA, 0xC1, 0x61, 0x9E, 0xB4, 0xD6, 0x0C, 0x75, 0x30, 0xD1, 0x8C, 0x6E,
    0x52, 0x79, 0x26, 0xDD, 0x3F, 0xEF, 0x1D, 0xA7, 0xDD, 0x52, 0x55, 0x13, 0xA8, 0x08, 0xA6, 0x85,
    0x4B, 0xBC, 0x60, 0x4C, 0x76, 0x71, 0xBA, 0x11, 0xB5, 0x08, 0x7A, 0xEC, 0x50, 0xA1, 0x7E, 0xB1,
    0x98, 0xF3, 0xDB, 0x54, 0x72, 0x4C, 0xF5, 0xE9, 0xAF, 0xA8, 0x7E, 0xB3, 0x50, 0x3E, 0x9C, 0x5E,
    0x28, 0x5E, 0xD9, 0x5F, 0xCD, 0xBA, 0xBC, 0x99, 0xA4, 0xCD, 0x75, 0x3E, 0x7F, 0x21, 0x7D, 0x36,
    0x40, 0x13, 0x61, 0xBC, 0x0D, 0xF1, 0x64, 0x57, 0x77, 0x11, 0x6C, 0xFF, 0x22, 0x71, 0xB3, 0xDF,
    0x5F, 0x4E, 0x24, 0x4F, 0x11, 0x92, 0xEF, 0xE4, 0x42, 0xF2, 0x8E, 0xAB, 0x4F, 0x34, 0x31, 0xB3,
    0x69, 0x13, 0x1F, 0x8D, 0x24, 0x6E, 0x3D, 0x29, 0xCE, 0x08, 0x29, 0xD2, 0xCC, 0x8F, 0x52, 0x2C,
    0x79, 0x37, 0x2A, 0x49, 0x47, 0x9F, 0xE2, 0xBD, 0xBF, 0x65, 0x7F, 0x5C, 0x1B, 0xA8, 0x64, 0xC1,
    0x3C, 0x14, 0xEA, 0xB6, 0xC1, 0xF9, 0x3F, 0xC7, 0x01, 0x07, 0xF3, 0x60, 0x83, 0xC6, 0xC4, 0x9A,
    0x4A, 0x66, 0x68, 0x7A, 0x38, 0xF5, 0xBB, 0xF9, 0x14, 0x23, 0x90, 0x4C, 0x22, 0x5C, 0xEB, 0x29,
    0x23, 0x54, 0x23, 0x94, 0x33, 0x70, 0x17, 0xA8, 0x81, 0x02, 0x00, 0xE8, 0x5A, 0x94, 0x8C, 0x98,
    0x8F, 0x16, 0x6A, 0x04, 0x97, 0x4D, 0x7D, 0x85, 0x6B, 0x5A, 0xDC, 0x08, 0xAE, 0x05, 0xDB, 0x57,
    0xAD, 0x99, 0xAC, 0x2F, 0x65, 0x0B, 0xD7, 0x3E, 0x87, 0x72, 0x80, 0x2A, 0x82, 0x4E, 0x66, 0x02,
    0x9C, 0x01, 0x47, 0x2F, 0x10, 0x6F, 0x7D, 0xB9, 0x87, 0x42, 0xFA, 0xFC, 0x00, 0xB6, 0x3E, 0x7E,
    0x19, 0xBF, 0x79, 0xEE, 0x78, 0xF9, 0x61, 0xC4, 0x7E, 0xB6, 0xE4, 0x07, 0x94, 0x5C, 0xE7, 0xF3,
    0xE7, 0x8E, 0x75, 0x0C, 0x0E, 0xEA, 0x80, 0xE9, 0x29, 0x23, 0x1C, 0xC1, 0x0F, 0x28, 0x22, 0x75,
    0xC4, 0x45, 0x4C, 0x44, 0x3D, 0x55, 0x46, 0xEC, 0x4C, 0x27, 0x3E, 0x95, 0xBD, 0x73, 0x47, 0x31,
    0x53, 0x0D, 0x14, 0x7C, 0x1B, 0xDF, 0x23, 0xB8, 0x8D, 0x5A, 0xDF, 0xB0, 0x9A, 0xF7, 0xC7, 0xD3,
    0x22, 0xF2, 0x27, 0xB0, 0x41, 0xCF, 0x98, 0x79, 0xDD, 0xEF, 0x9F, 0x2A, 0x0B, 0x4A, 0xA8, 0xA5,
    0x4F, 0xE5, 0xB8, 0x1C, 0xD2, 0x9B, 0x6A, 0x7A, 0x63, 0x4D, 0x4C, 0xED, 0x6F, 0xEE, 0xF8, 0x3D,
    0xC0, 0x9D, 0xC3, 0x1B, 0x02, 0x48, 0x4B, 0xF9, 0x28, 0x52, 0x3C, 0x98, 0x80, 0x05, 0xE8, 0xA0,
    0x91, 0xB6, 0x12, 0x09, 0xA6, 0xEF, 0xFA, 0xBA, 0x75, 0x83, 0xC3, 0x26, 0x33, 0xD1, 0xA1, 0xA3,
    0xF3, 0x7A, 0x70, 0x41, 0xF7, 0xB6, 0x37, 0xC1, 0x8C, 0xB5, 0x2F, 0x65, 0x81, 0x6B, 0x03, 0xD4,
    0xEF, 0xB5, 0xD0, 0x7C, 0x12, 0xE0, 0xDE, 0x97, 0x09, 0xB7, 0x25, 0xE1, 0x9D, 0x9A, 0xFD, 0x71,
    0xAB, 0x6B, 0xA9, 0xBF, 0x94, 0x88, 0x13, 0x35, 0x62, 0xD6, 0x3D, 0x78, 0xAC, 0xE6, 0xAF, 0x87,
    0x99, 0xD5, 0x42, 0x27, 0xD7, 0x24, 0xAC, 0xF8, 0xA3, 0xFB, 0x6D, 0x73, 0xF8, 0x0E, 0xF9, 0x1A,
    0x17, 0x1C, 0xB6, 0xDF, 0xC9, 0x55, 0x49, 0x6E, 0xB2, 0x50, 0x0D, 0x76, 0x50, 0x41, 0x1F, 0xD6,
    0x7B, 0x00, 0x6E, 0x3F, 0x7B, 0xAF, 0x7D, 0xBE, 0x78, 0xCF, 0xDA, 0x67, 0x7D, 0xD5, 0xDB, 0xE7,
    0x8F, 0xF7, 0xF8, 0x1E, 0xFB, 0xC9, 0x42, 0xF1, 0x70, 0x7A, 0xDE, 0x58, 0xCF, 0xDA, 0x5F, 0x9F,
    0x5F, 0x97, 0x6A, 0xC1, 0x0E, 0xE0, 0x22, 0xD8, 0xFD, 0x39, 0xD0, 0x88, 0xCC, 0xD9, 0x00, 0x80,
    0x67, 0x8F, 0x6B, 0x3E, 0x8B, 0x95, 0x48, 0x9F, 0xF2, 0xB5, 0x35, 0x4D, 0x70, 0x85, 0xF4, 0xAE,
    0x3A, 0x1F, 0x9C, 0xF9, 0x38, 0xBA, 0x2E, 0xE5, 0x9B, 0x53, 0xBE, 0xA8, 0x82, 0x99, 0x6C, 0x5B,
    0xCB, 0x96, 0xEB, 0xF5, 0x00, 0x96, 0xFD, 0x82, 0x53, 0x1F, 0xFE, 0x44, 0x2F, 0x47, 0x1E, 0xDF,
    0x89, 0xA2, 0x9B, 0x32, 0x66, 0x6C, 0xD4, 0x33, 0x3A, 0x56, 0x33, 0xEA, 0x6B, 0x31, 0xAA, 0x99,
    0x6A, 0x3E, 0x16, 0x4A, 0xF9, 0x3F, 0x69, 0x69, 0xFE, 0xE1, 0x26, 0xFB, 0xE3, 0x2D, 0x00, 0x07,
    0xD0, 0x01, 0xCC, 0x40, 0x35, 0x00, 0x85, 0x7F, 0xC9, 0x89, 0x3C, 0x50, 0x0E, 0x80, 0x5D, 0x00,
    0x69, 0x7A, 0x8A, 0xC5, 0xF6, 0x30, 0xAA, 0xF0, 0x52, 0x13, 0xDD, 0xD6, 0x2D, 0xC5, 0xD6, 0x0E,
    0x94, 0x52, 0xC7, 0x5D, 0x2B, 0xF7, 0xBD, 0xDC, 0xC9, 0x6C, 0x80, 0x65, 0xFF, 0x55, 0x1A, 0x41,
    0xF7, 0x50, 0x00, 0x80, 0xCC, 0x6E, 0xCA, 0x56, 0x0F, 0x26, 0x98, 0x68, 0xBC, 0x8E, 0x96, 0x6A,
    0x3A, 0xA5, 0x9C, 0x37, 0xB0, 0x1D, 0xB3, 0x04, 0x70, 0x3D, 0xD4, 0x01, 0xAC, 0x87, 0x1A, 0x38,
    0x05, 0xEE, 0x00, 0x23, 0xBB, 0x9F, 0xB3, 0x1E, 0xD8, 0x2B, 0xE6, 0xEF, 0xC0, 0x45, 0x68, 0x92,
    0x99, 0x64, 0xFA, 0xC2, 0xFE, 0x67, 0x8B, 0x7E, 0x24, 0xBD, 0x5E, 0x4C, 0xCC, 0xD3, 0xD0, 0xB1,
    0x48, 0xC6, 0xB2, 0xB7, 0x79, 0xB5, 0xA9, 0x9C, 0xF5, 0x56, 0x8D, 0x5A, 0xD2, 0xB8, 0x2F, 0xB6,
    0x07, 0x5F, 0x3B, 0x43, 0x27, 0x7E, 0xB5, 0x22, 0xEB, 0x9B, 0x5D, 0x50, 0x73, 0x13, 0x72, 0x9D,
    0xCF, 0x5F, 0xF6, 0x3C, 0xFE, 0x00, 0xC5, 0x9A, 0x31, 0x90, 0xDD, 0xC6, 0x79, 0x80, 0x3F, 0x60,
    0x39, 0x5E, 0x67, 0xE0, 0x64, 0x59, 0xB8, 0x93, 0x49, 0xA8, 0x48, 0x29, 0x11, 0x2E, 0x9C, 0x19,
    0x15, 0xBC, 0x03, 0xE4, 0x14, 0x2A, 0x54, 0x98, 0x33, 0x99, 0xB4, 0x71, 0xFA, 0x46, 0x29, 0x54,
    0xA4, 0x20, 0x05, 0x58, 0x2A, 0x5C, 0x64, 0xC6, 0xC3, 0xBE, 0x51, 0xFA, 0xC9, 0x8C, 0x58, 0x30,
    0x33, 0x57, 0x50, 0x02, 0x64, 0x15, 0x6E, 0xC1, 0x4C, 0xBA, 0x14, 0x5A, 0x2B, 0x9C, 0x49, 0x91,
    0xCC, 0x78, 0x23, 0xC3, 0x26, 0x28, 0x01, 0xF8, 0x83, 0x1F, 0xC0, 0x7B, 0x77, 0x47, 0x52, 0x0C,
    0x79, 0x3C, 0x1F, 0x77, 0xF6, 0xFF, 0x80, 0xC3, 0xBD, 0x07, 0xFC, 0xDF, 0x2E, 0xB0, 0xFB, 0xF0,
    0xF0, 0x00, 0xC0, 0x89, 0xDF, 0xB0, 0x16, 0x01, 0x62, 0x29, 0xC0, 0x48, 0x03, 0x56, 0x91, 0x7C,
    0xE9, 0xC1, 0xFD, 0x2C, 0x40, 0x9A, 0x74, 0x70, 0x68, 0x07, 0x38, 0x30, 0x33, 0xEE, 0xC5, 0x13,
    0x0C, 0x91, 0x10, 0x89, 0x48, 0x11, 0xCF, 0x68, 0x8C, 0x27, 0x6F, 0x92, 0x86, 0xCC, 0xBB, 0x86,
    0x34, 0x64, 0x9E, 0xBC, 0x97, 0x51, 0xFF, 0x35, 0xCC, 0x00, 0x88, 0x64, 0x58, 0x02, 0x80, 0xFA,
    0xF6, 0xEB, 0x56, 0xBE, 0xF1, 0xCE, 0x97, 0x3E, 0xAB, 0x52, 0x9F, 0xE3, 0x4E, 0x47, 0xE5, 0x7C,
    0xD6, 0xB8, 0xE0, 0xBA, 0xBC, 0xB7, 0x22, 0x23, 0xF5, 0xAF, 0x0A, 0x00, 0x5C, 0x14, 0x66, 0x7C,
    0x14, 0xB6, 0x0C, 0xA3, 0x89, 0x0B, 0xC9, 0x3F, 0xF6, 0x07, 0xC4, 0xE1, 0x53, 0x90, 0x1E, 0xB2,
    0xF6, 0xE5, 0x1C, 0x10, 0xB6, 0x5C, 0xB7, 0x64, 0xB1, 0x0B, 0x35, 0xDD, 0x2D, 0xDF, 0x25, 0xE1,
    0x2D, 0xE3, 0x25, 0xE5, 0x2D, 0xE7, 0x25, 0xE9, 0x35, 0x6B, 0x96, 0xB4, 0x59, 0xF2, 0x66, 0x49,
    0x9C, 0x25, 0x73, 0x96, 0xD4, 0x59, 0x72, 0x67, 0xDF, 0xF8, 0xC6, 0x2B, 0x6D, 0x73, 0x4C, 0xE3,
    0x8B, 0x25, 0x0B, 0x0F, 0x50, 0x56, 0x6A, 0x83, 0xEA, 0xA0, 0x3E, 0xA8, 0x10, 0x39, 0xEE, 0x49,
    0x54, 0x33, 0x54, 0x0B, 0xF5, 0x62, 0x11, 0xA3, 0xFE, 0xB8, 0xD2, 0x6C, 0xD9, 0x21, 0x7B, 0x1B,
    0x70, 0x02, 0xC4, 0x8F, 0x00, 0xD3, 0x02, 0x36, 0x00, 0xCE, 0x03, 0xD9, 0xFE, 0xC5, 0x97, 0xD9,
    0xCA, 0xF7, 0xC4, 0x43, 0x29, 0x23, 0x91, 0xBC, 0x2D, 0x95, 0x1D, 0xC8, 0x5B, 0xD7, 0x91, 0x86,
    0x34, 0xE0, 0x82, 0x9A, 0x15, 0x79, 0x0B, 0x3C, 0x05, 0xAA, 0xCB, 0xE5, 0x34, 0xC0, 0x4D, 0xD7,
    0x43, 0x67, 0x46, 0x4C, 0x88, 0xA4, 0x7A, 0xAF, 0x21, 0x97, 0x69, 0xDB, 0x73, 0x14, 0x20, 0xEE,
    0xD6, 0x1C, 0x5C, 0x0B, 0x59, 0x01, 0x97, 0x58, 0xCB, 0x7B, 0x1E, 0x23, 0x23, 0xEE, 0xBE, 0x90,
    0x55, 0x25, 0x79, 0xF1, 0x97, 0xE4, 0x70, 0x1C, 0x05, 0xA4, 0x4D, 0xA2, 0x69, 0x60, 0x64, 0x80,
    0xB2, 0x05, 0xD8, 0xA9, 0xC6, 0xD2, 0x42, 0xFA, 0x70, 0x80, 0xEC, 0xD7, 0x33, 0x52, 0x8E, 0x2E,
    0xC6, 0x08, 0x20, 0x85, 0x48, 0x3C, 0xEE, 0xDB, 0x09, 0xE7, 0x85, 0xA4, 0x3A, 0x78, 0x09, 0xA3,
    0x37, 0x01, 0xEA, 0x02, 0x90, 0x6A, 0xB7, 0xF6, 0x26, 0x17, 0x23, 0x93, 0x02, 0x79, 0x03, 0x65,
    0xB3, 0x2E, 0x53, 0xCE, 0x2E, 0x92, 0x72, 0xB4, 0xEB, 0x8B, 0x87, 0xC3, 0xD6, 0x3F, 0x1C, 0x00,
    0x70, 0x31, 0x36, 0xDA, 0x0D, 0xCE, 0xCB, 0xD2, 0x2D, 0xD1, 0xCE, 0x8E, 0x97, 0x30, 0x3A, 0x8A,
    0x3D, 0x88, 0x0B, 0x50, 0x7F, 0xE2, 0x21, 0x99, 0x80, 0xA8, 0xE3, 0x44, 0xC9, 0x45, 0x2A, 0xC5,
    0x40, 0x32, 0x7C, 0x4F, 0x0A, 0xA3, 0x46, 0x33, 0x5C, 0x98, 0x61, 0xBB, 0x19, 0x66, 0xD8, 0x21,
    0x7E, 0x0A, 0x8C, 0xC2, 0xF6, 0xBB, 0x77, 0x64, 0x6D, 0x32, 0xCD, 0x4E, 0xB9, 0xC8, 0xC8, 0x8C,
    0xDB, 0xEC, 0xCA, 0x3F, 0x03, 0xD6, 0xDF, 0x80, 0xFA, 0xAB, 0x00, 0xA5, 0x22, 0xFD, 0xCA, 0x83,
    0xFB, 0xAA, 0x9D, 0xF1, 0x9F, 0x15, 0xF5, 0xC7, 0x1E, 0x2B, 0x72, 0xB6, 0x21, 0xE4, 0x57, 0xC5,
    0x8B, 0xC9, 0xE4, 0x22, 0xF1, 0x50, 0x8A, 0xFC, 0x74, 0xC8, 0x15, 0x2F, 0x26, 0xA3, 0x2E, 0xD6,
    0x43, 0xED, 0xA1, 0xF4, 0x90, 0x7A, 0x90, 0x61, 0x0D, 0xE7, 0x55, 0x44, 0x3D, 0x9E, 0x63, 0x64,
    0x1F, 0x4E, 0x8F, 0xEC, 0x00, 0xA9, 0x34, 0x1B, 0x00, 0x76, 0x47, 0x16, 0x92, 0x81, 0xAC, 0xD2,
    0x0C, 0x9B, 0x19, 0x11, 0x33, 0x9A, 0x19, 0x71, 0x8B, 0x11, 0xD9, 0x61, 0xB0, 0x8A, 0x48, 0x41,
    0xA3, 0x60, 0xC1, 0x5B, 0x8A, 0xBB, 0x66, 0x24, 0x0E, 0x56, 0x48, 0x5B, 0xDD, 0x5F, 0xA3, 0x28,
    0x00, 0xAC, 0x74, 0x98, 0x39, 0x00, 0xA8, 0xAB, 0xE5, 0x6F, 0xF7, 0xEB, 0x91, 0x0C, 0x21, 0xD7,
    0xB0, 0x8F, 0xC8, 0xCB, 0x8A, 0xBC, 0x83, 0xBC, 0x82, 0xB4, 0x35, 0x95, 0xEB, 0xD3, 0x22, 0x96,
    0x09, 0xDE, 0x7B, 0x00, 0xD7, 0x4C, 0x0B, 0xD9, 0x3B, 0x33, 0x9C, 0x54, 0x10, 0x8F, 0x5C, 0x48,
    0xEE, 0x49, 0x75, 0x84, 0xBD, 0xAF, 0xB9, 0x07, 0x28, 0xAB, 0xB3, 0xE7, 0xCF, 0x5D, 0xB6, 0xAC,
    0xCD, 0xB4, 0x5B, 0xE3, 0xEE, 0xC5, 0x48, 0x70, 0x8D, 0x35, 0xF9, 0xBA, 0x59, 0x97, 0xD7, 0x38,
    0xAB, 0xC8, 0xC5, 0xE4, 0x8B, 0x6D, 0x01, 0x57, 0xED, 0x90, 0xB4, 0xBB, 0xCF, 0x4C, 0xD4, 0xC5,
    0x0B, 0x67, 0x5D, 0x3E, 0x80, 0x7B, 0x40, 0xB7, 0xC5, 0x70, 0x09, 0xCA, 0x01, 0x52, 0x0F, 0x37,
    0xA3, 0x00, 0xF5, 0xBB, 0x33, 0xCA, 0x2F, 0x67, 0x24, 0x52, 0x00, 0x3D, 0x00, 0x5C, 0x88, 0xAB,
    0x2B, 0x6E, 0x92, 0xDE, 0x1F, 0x71, 0x0F, 0x47, 0x22, 0x69, 0xD7, 0xBE, 0xB9, 0xF4, 0x92, 0xFD,
    0x03, 0x37, 0x01, 0x2B, 0x15, 0xE4, 0xBF, 0xEB, 0x67, 0x7C, 0x34, 0xC0, 0x35, 0xBA, 0xD3, 0x93,
    0xCB, 0xA4, 0x93, 0x4B, 0xDD, 0xD8, 0x81, 0xDC, 0xEF, 0x27, 0x17, 0x9F, 0x79, 0xBE, 0x7F, 0x6A,
    0x4A, 0x49, 0x64, 0x58, 0xE1, 0x29, 0x43, 0x16, 0xC8, 0xF4, 0x75, 0x69, 0x70, 0xFD, 0x0C, 0x33,
    0x92, 0xB6, 0x91, 0xDC, 0xD6, 0x84, 0x64, 0xD4, 0x3D, 0xB7, 0x00, 0x90, 0x41, 0x24, 0x7E, 0xB1,
    0x4A, 0x7F, 0x3B, 0xA1, 0x96, 0x40, 0x11, 0xD5, 0x1F, 0x35, 0x89, 0x48, 0x93, 0xDD, 0x97, 0x22,
    0x2F, 0x3E, 0x23, 0xA7, 0xDC, 0x87, 0xFB, 0x7C, 0x24, 0x95, 0x9E, 0x83, 0xFA, 0x36, 0x87, 0x40,
    0x2E, 0x0F, 0x48, 0x45, 0xC8, 0x44, 0xB4, 0x8D, 0xAA, 0x0F, 0x48, 0x8B, 0x5C, 0x26, 0xCD, 0xFE,
    0x69, 0x9F, 0xB1, 0x2F, 0xC4, 0xCD, 0x36, 0x3A, 0x1C, 0xF4, 0xC4, 0xEB, 0x70, 0x70, 0xBE, 0x4E,
    0xDC, 0x04, 0x10, 0x20, 0x52, 0xB0, 0xE0, 0xE6, 0xC5, 0x88, 0x71, 0xF5, 0xB1, 0x21, 0xE2, 0x2A,
    0xE7, 0x29, 0x77, 0x21, 0xE7, 0x1C, 0xBC, 0xA1, 0xF8, 0x4C, 0x51, 0x2A, 0xDE, 0x54, 0xBC, 0xB5,
    0x4D, 0xA5, 0x44, 0x80, 0x05, 0xAE, 0xC0, 0x9A, 0x6E, 0x01, 0x19, 0x70, 0xE9, 0x9C, 0x4D, 0x89,
    0x00, 0x48, 0x2A, 0x65, 0xD9, 0x01, 0x76, 0x14, 0x65, 0x57, 0x16, 0x60, 0xDA, 0x94, 0xAD, 0xE4,
    0xD2, 0xA6, 0x12, 0x56, 0x26, 0x13, 0xB1, 0xE8, 0xE0, 0x12, 0x09, 0x33, 0x79, 0x2A, 0x45, 0x64,
    0xCF, 0x01, 0x9E, 0xC9, 0x48, 0x48, 0x26, 0x8C, 0x54, 0x27, 0x8F, 0xC2, 0x65, 0x80, 0x23, 0xC0,
    0x4A, 0x01, 0xF9, 0x97, 0x1D, 0x94, 0xEF, 0xCC, 0x38, 0x88, 0x02, 0x5B, 0xF9, 0x01, 0x10, 0xDD,
    0x03, 0xDC, 0x00, 0x24, 0x8A, 0x58, 0x11, 0x9D, 0x40, 0xE6, 0x67, 0x88, 0x1E, 0xE4, 0x17, 0x13,
    0xD1, 0xC4, 0x8C, 0x81, 0xFA, 0xE9, 0x18, 0x11, 0xAC, 0x44, 0x52, 0x65, 0xF2, 0x1F, 0x12, 0x16,
    0x3C, 0x21, 0x5E, 0xAC, 0x69, 0x97, 0xAA, 0xD6, 0xAD, 0x3C, 0x67, 0x71, 0x00, 0x7E, 0x0C, 0xC4,
    0x01, 0xC8, 0xF7, 0x70, 0x8A, 0x5C, 0x9A, 0x0D, 0x36, 0xE8, 0x90, 0xFB, 0x7B, 0x09, 0xD8, 0xC9,
    0xF6, 0xD8, 0xDE, 0xCC, 0x08, 0xF1, 0xF0, 0x74, 0x68, 0x92, 0x6E, 0xB0, 0x13, 0xB5, 0xBC, 0x27,
    0xCD, 0x02, 0xF7, 0x61, 0x93, 0x7F, 0xED, 0x0F, 0xBE, 0xF5, 0xD7, 0xCB, 0xF6, 0x8D, 0xB4, 0x5A,
    0x7B, 0x79, 0xAE, 0x56, 0x30, 0xE3, 0x73, 0x55, 0x2B, 0xDB, 0x5B, 0x92, 0xCF, 0xDB, 0xEC, 0xEB,
    0x70, 0xF8, 0x4D, 0x38, 0xC8, 0xFD, 0x95, 0xB4, 0xE2, 0xFB, 0x70, 0x93, 0x44, 0x8F, 0xB8, 0x68,
    0x3E, 0x56, 0x97, 0x37, 0x66, 0xD2, 0xCE, 0x15, 0xC8, 0xA4, 0x99, 0xEB, 0xCB, 0x1C, 0x1D, 0x28,
    0x45, 0x2B, 0xAF, 0x13, 0x05, 0xB2, 0x40, 0x1E, 0x70, 0x01, 0xFB, 0x58, 0xED, 0x48, 0x07, 0x6A,
    0x29, 0xE6, 0x7A, 0x60, 0xDA, 0x3C, 0x69, 0x9C, 0x54, 0xF1, 0xC8, 0xCB, 0x1C, 0xFA, 0xC8, 0x15,
    0x9F, 0xA6, 0x45, 0x3E, 0x91, 0x74, 0x2F, 0x70, 0xF4, 0xB3, 0x1E, 0xCE, 0x73, 0x0B, 0xFA, 0xA5,
    0x7E, 0x7A, 0x89, 0x7C, 0x20, 0xE9, 0x62, 0x3F, 0x03, 0xD7, 0x2B, 0x63, 0xFF, 0xFC, 0x39, 0x54,
    0x51, 0xC0, 0x78, 0xAD, 0x71, 0x77, 0x19, 0x09, 0x64, 0xB7, 0xB9, 0x8B, 0x19, 0x30, 0x93, 0x92,
    0xBB, 0xBC, 0x5C, 0x8F, 0xBC, 0x58, 0x6B, 0x64, 0x12, 0x56, 0xEA, 0xB1, 0xA4, 0x30, 0x23, 0xF1,
    0xC4, 0xCC, 0xE8, 0x4C, 0x7C, 0x5B, 0x99, 0xFC, 0x42, 0x99, 0x7D, 0xA8, 0x59, 0xA5, 0x5F, 0x0C,
    0xE4, 0x7A, 0x35, 0xCF, 0xBC, 0x2F, 0x15, 0xB1, 0xB7, 0x4D, 0xD2, 0xB9, 0xE0, 0xFA, 0x34, 0xE8,
    0x52, 0xFF, 0xE6, 0x75, 0x6E, 0x44, 0xC1, 0xB6, 0x59, 0xA8, 0xDB, 0x3C, 0x48, 0xEB, 0x42, 0xD6,
    0xDA, 0xE0, 0x9E, 0x8C, 0xCE, 0xB5, 0xE9, 0xE0, 0xDA, 0x5A, 0x7E, 0xB6, 0x04, 0x97, 0x5C, 0xC3,
    0x5B, 0x73, 0x0C, 0xAE, 0xE2, 0x83, 0x0C, 0x5E, 0xEB, 0x81, 0x02, 0x62, 0x0F, 0xE9, 0x48, 0x24,
    0x65, 0x13, 0x8D, 0x69, 0x4B, 0x67, 0x1B, 0x00, 0x44, 0xAA, 0x25, 0xD2, 0x11, 0x92, 0xFE, 0x39,
    0xA3, 0xE3, 0xCD, 0x39, 0xA6, 0x24, 0x50, 0x3B, 0xB5, 0x68, 0xB0, 0x13, 0xCF, 0x38, 0xCE, 0xEB,
    0x10, 0x05, 0xC8, 0x02, 0xE4, 0x01, 0x5C, 0x00, 0xFB, 0x7C, 0x71, 0xC5, 0x7A, 0x0E, 0x93, 0x86,
    0xEC, 0xE7, 0x15, 0x76, 0x44, 0x3B, 0x54, 0x86, 0x8D, 0xC9, 0x44, 0xDE, 0x60, 0x06, 0x3E, 0x63,
    0x66, 0xD4, 0x2B, 0xAD, 0x57, 0xA6, 0x95, 0xB2, 0x64, 0xE6, 0x28, 0xBA, 0x2E, 0xD2, 0x2A, 0x3F,
    0x0E, 0x33, 0x27, 0xBB, 0xBC, 0x32, 0x1E, 0x95, 0x88, 0x72, 0xDB, 0x4F, 0xEA, 0x75, 0x9F, 0x59,
    0xBF, 0xF4, 0x8B, 0x6C, 0xDC, 0x95, 0x2B, 0x0B, 0xCB, 0x85, 0xF9, 0xC2, 0xAB, 0xC7, 0x33, 0x27,
    0xFF, 0xA0, 0xB8, 0x0C, 0xDC, 0x81, 0xD7, 0x36, 0xCD, 0x34, 0x40, 0x72, 0x4A, 0x47, 0xBA, 0x35,
    0xB2, 0xC2, 0x86, 0x7B, 0xD8, 0xDF, 0x7B, 0xAC, 0xB4, 0x73, 0x74, 0xD8, 0x3F, 0x4E, 0xCB, 0x10,
    0x9A, 0x84, 0xCC, 0xA7, 0xBD, 0xEB, 0x6B, 0xC9, 0x45, 0x03, 0x80, 0x48, 0x93, 0xD7, 0xD4, 0x3B,
    0x20, 0x40, 0xD4, 0x80, 0x81, 0x5A, 0xF2, 0x51, 0x23, 0xED, 0x93, 0xD6, 0x86, 0x0C, 0x1B, 0x8E,
    0xB0, 0x0F, 0xFD, 0xBA, 0xBF, 0x69, 0xD4, 0xFD, 0x15, 0xF6, 0xF1, 0xFD, 0xB9, 0x02, 0xC8, 0xAA,
    0x6D, 0x16, 0xE7, 0xB3, 0xFD, 0xD7, 0x0D, 0xC5, 0x89, 0xC9, 0x75, 0x43, 0x32, 0x00, 0xE6, 0x4C,
    0x68, 0x67, 0x18, 0x45, 0xD2, 0xD8, 0x29, 0xAA, 0x8B, 0x5C, 0x44, 0x98, 0x31, 0xB2, 0x96, 0x6B,
    0x90, 0xB3, 0xCE, 0x74, 0xC6, 0x13, 0xAD, 0x8D, 0x77, 0xE2, 0x02, 0x4D, 0x9E, 0xBC, 0x46, 0x9F,
    0x79, 0xD5, 0x5E, 0x48, 0xD2, 0xDC, 0x39, 0x35, 0xA5, 0x73, 0xA4, 0xF0, 0x40, 0x54, 0xBD, 0xB4,
    0x00, 0x10, 0xB7, 0xBA, 0xD1, 0x04, 0x22, 0x4F, 0xDC, 0x60, 0x17, 0xA1, 0x1B, 0x33, 0xFE, 0x2D,
    0x90, 0x0C, 0x71, 0xD0, 0x93, 0xD6, 0x2B, 0xDA, 0x19, 0xA6, 0x3A, 0x2F, 0xAB, 0x2D, 0xEF, 0xCB,
    0x79, 0xE8, 0x5D, 0xE8, 0x93, 0xD0, 0xD9, 0x10, 0x6C, 0x68, 0xCF, 0xAB, 0xE1, 0xDF, 0x50, 0xC8,
    0x82, 0x4A, 0xB1, 0x6C, 0x7B, 0xF1, 0x14, 0x79, 0x6C, 0xFC, 0x48, 0x9E, 0x18, 0x2B, 0x6C, 0x65,
    0x43, 0xEA, 0x6D, 0xC8, 0xC3, 0xBA, 0xD4, 0xBF, 0x61, 0x1F, 0x1D, 0x9A, 0xB4, 0x66, 0xBD, 0xC4,
    0xFF, 0x93, 0xF7, 0x78, 0x34, 0x43, 0x7A, 0x48, 0xC4, 0x43, 0x3D, 0x32, 0x63, 0x00, 0xFE, 0xE6,
    0x85, 0xF2, 0x06, 0xFE, 0x0C, 0x6E, 0x91, 0x8C, 0xB8, 0x91, 0x78, 0x04, 0xAD, 0x97, 0x98, 0x06,
    0x64, 0x78, 0x4D, 0x7C, 0x39, 0xF2, 0xC1, 0xC8, 0xE5, 0x6D, 0x3B, 0xAC, 0x53, 0x86, 0x14, 0xA9,
    0xF8, 0xF4, 0xF8, 0xBE, 0x86, 0x41, 0x11, 0x2F, 0x34, 0x41, 0xE9, 0x1A, 0x65, 0xC4, 0xAE, 0xE4,
    0x1D, 0xB1, 0x74, 0xF9, 0xA8, 0xB4, 0x2A, 0xD7, 0x18, 0x69, 0x48, 0x0B, 0x23, 0x81, 0x14, 0x23,
    0x83, 0xF2, 0xBF, 0x44, 0xF9, 0x95, 0x34, 0x33, 0x7D, 0xED, 0x95, 0x59, 0xAF, 0x74, 0x93, 0xD2,
    0xC8, 0xCF, 0x67, 0x22, 0xBF, 0x53, 0xE6, 0xA2, 0x4C, 0x17, 0x5A, 0x21, 0xE9, 0x88, 0x54, 0x0C,
    0xEA, 0x85, 0x19, 0x90, 0xB2, 0x1B, 0x43, 0x4A, 0x80, 0x11, 0x88, 0xC3, 0xA9, 0x81, 0xE4, 0x6E,
    0x5D, 0x91, 0x3D, 0x5C, 0xA6, 0x39, 0xDB, 0xE1, 0x96, 0x4F, 0x84, 0x9D, 0x19, 0xBE, 0x1B, 0x6E,
    0xB0, 0xE3, 0x89, 0x4F, 0x84, 0x17, 0x6F, 0xB5, 0x2B, 0xB6, 0x50, 0xBA, 0xF6, 0x98, 0xA6, 0x51,
    0x5A, 0x05, 0x3F, 0xE0, 0xBC, 0x0C, 0x59, 0x8B, 0x07, 0x4C, 0x0F, 0xC4, 0x0A, 0x82, 0xA2, 0x05,
    0xE2, 0x82, 0xDD, 0x6D, 0x8F, 0xED, 0xCB, 0x0A, 0xCC, 0x28, 0x4B, 0x83, 0xF7, 0x00, 0x49, 0xA3,
    0xE4, 0x55, 0x9E, 0x04, 0xBD, 0x69, 0x61, 0x72, 0x1E, 0xA4, 0x6C, 0x21, 0x9D, 0xF6, 0x27, 0xC1,
    0xB9, 0x35, 0xD1, 0x15, 0x80, 0x7C, 0x41, 0x01, 0x38, 0x80, 0x1F, 0x29, 0x7E, 0x6C, 0x7F, 0xA9,
    0xAA, 0x9F, 0x48, 0x31, 0xFB, 0x96, 0x0D, 0x65, 0x93, 0x35, 0xE4, 0xD5, 0xB3, 0x50, 0xB7, 0xB9,
    0xB7, 0xD2, 0xCB, 0xB8, 0xE0, 0xE5, 0xDA, 0x2B, 0xF9, 0xAE, 0xF6, 0x72, 0x0B, 0xCD, 0xC9, 0xF6,
    0x2A, 0x17, 0x66, 0xC0, 0xC6, 0xDB, 0x39, 0x60, 0xDA, 0x43, 0x65, 0x37, 0x00, 0x94, 0x7E, 0xDF,
    0x5C, 0xDA, 0x5A, 0xDA, 0x58, 0xDA, 0x56, 0xDA, 0x22, 0x4F, 0x0B, 0x37, 0x98, 0xA1, 0x96, 0xBF,
    0xD6, 0xE8, 0x41, 0xDB, 0xD4, 0x74, 0x64, 0x26, 0x90, 0xFE, 0x53, 0xC3, 0xF7, 0x26, 0xB6, 0x62,
    0xA5, 0x03, 0x8C, 0x72, 0x2B, 0xB1, 0xDC, 0x06, 0x32, 0x19, 0x81, 0xE9, 0xED, 0xBA, 0x42, 0xDF,
    0xE7, 0x49, 0xE6, 0xDA, 0xE3, 0x1A, 0xCC, 0x40, 0xD6, 0x10, 0x4F, 0xE4, 0x15, 0x91, 0x28, 0x99,
    0xD9, 0x3C, 0xCE, 0xCC, 0xC3, 0x84, 0x0B, 0x30, 0xE8, 0x1B, 0xE3, 0x1E, 0x33, 0x62, 0x03, 0xC8,
    0xED, 0xF7, 0x1A, 0xC8, 0x64, 0x02, 0xA2, 0xDA, 0xC3, 0x13, 0xCF, 0x86, 0xCB, 0xFD, 0x43, 0x92,
    0x22, 0x23, 0x6F, 0x72, 0xD2, 0x36, 0xC7, 0x85, 0x1C, 0x1B, 0xF2, 0x62, 0x8E, 0xC6, 0xF8, 0x54,
    0x3F, 0x10, 0xEF, 0xBF, 0x99, 0xF3, 0x90, 0x54, 0x47, 0x80, 0xBD, 0xBF, 0xDA, 0x04, 0x80, 0xB2,
    0x7A, 0x75, 0x4E, 0xCB, 0xF3, 0xE2, 0xEE, 0xD6, 0xEE, 0x79, 0xF1, 0xD9, 0xBD, 0xB8, 0xF1, 0x43,
    0x20, 0xEA, 0xEE, 0x2D, 0x1C, 0x94, 0xE1, 0x48, 0xE9, 0x03, 0x10, 0x37, 0x1E, 0x00, 0x5E, 0x9D,
    0x29, 0x3F, 0xBC, 0x04, 0xF7, 0xF2, 0x39, 0x0E, 0xE7, 0x38, 0x80, 0xBB, 0xD7, 0xE1, 0xCE, 0x4F,
    0x00, 0xCE, 0x6E, 0x1D, 0xCB, 0x5C, 0x06, 0xC8, 0x44, 0xCB, 0x62, 0x32, 0x90, 0x15, 0xEA, 0x32,
    0x60, 0x2B, 0xB5, 0x19, 0x60, 0xF5, 0x89, 0x9A, 0xC5, 0x68, 0x30, 0xCD, 0xEA, 0x24, 0xCB, 0x92,
    0x65, 0xD9, 0xC0, 0x60, 0xB7, 0x65, 0xBC, 0x2D, 0xF5, 0xF5, 0x1E, 0x06, 0xD8, 0xFC, 0x78, 0x5F,
    0x0D, 0x07, 0x08, 0xEA, 0x38, 0x10, 0x7B, 0xB5, 0x9C, 0x48, 0x9B, 0xED, 0xF8, 0x15, 0x51, 0xAD,
    0x4B, 0x75, 0xC9, 0xD4, 0x66, 0x5A, 0x7D, 0x42, 0xAD, 0x46, 0xED, 0xE2, 0xD4, 0x28, 0xDD, 0xE7,
    0x52, 0xE4, 0xD8, 0x2F, 0x3D, 0xB3, 0xD9, 0x08, 0xB3, 0x5B, 0x80, 0xD9, 0xAE, 0xC3, 0xCF, 0x7E,
    0x93, 0x6D, 0x67, 0xC3, 0x5A, 0xAA, 0xD9, 0xF1, 0xB5, 0x47, 0x40, 0xCA, 0x7E, 0xD4, 0xA2, 0x54,
    0x30, 0x72, 0x3C, 0x3E, 0x16, 0x27, 0xBF, 0x26, 0x6F, 0x17, 0x8E, 0x90, 0x0C, 0xB1, 0x14, 0xC7,
    0x37, 0x24, 0xD9, 0xCA, 0xF6, 0x78, 0x3D, 0x57, 0xC6, 0x02, 0x46, 0x64, 0x58, 0xD8, 0xCF, 0x1C,
    0xCC, 0xA8, 0x8C, 0x44, 0x49, 0x7D, 0x72, 0x0F, 0xEB, 0x2D, 0x4D, 0xF7, 0xD8, 0x2D, 0x4D, 0x07,
    0xB1, 0xBE, 0xB1, 0x83, 0xC4, 0x43, 0x7A, 0xE2, 0x89, 0xF9, 0xDD, 0xD9, 0xFB, 0xA1, 0x34, 0xF9,
    0x94, 0x36, 0xAE, 0x77, 0x8D, 0xED, 0xFE, 0x1C, 0xDB, 0xF1, 0x44, 0xB8, 0x01, 0x54, 0x56, 0xE3,
    0xE2, 0x0D, 0x4E, 0xDF, 0x94, 0xE5, 0x27, 0xE8, 0xD8, 0xCF, 0x10, 0xFC, 0x98, 0x33, 0x3B, 0x9D,
    0xBE, 0xEF, 0x0A, 0xA7, 0xEE, 0xBB, 0xE0, 0xC8, 0xB4, 0xAC, 0x13, 0xDF, 0x36, 0xF3, 0x91, 0x4E,
    0x00, 0x51, 0x50, 0xC2, 0x2B, 0xEC, 0xDB, 0xA4, 0xBA, 0x86, 0x0B, 0x42, 0xF2, 0xCD, 0x04, 0xF5,
    0xD6, 0xB7, 0x2F, 0xD5, 0x0E, 0x89, 0xC2, 0x35, 0x40, 0xA6, 0x28, 0x01, 0xFA, 0x53, 0xA7, 0x70,
    0xF6, 0xE8, 0x3A, 0x91, 0x3A, 0xDA, 0xD1, 0x0A, 0x2E, 0x50, 0x16, 0x33, 0x5C, 0xE5, 0x7A, 0x4C,
    0x95, 0x4C, 0x85, 0xBA, 0x3C, 0x02, 0x44, 0x34, 0x1F, 0x99, 0x80, 0x5A, 0x1A, 0x88, 0xC4, 0xDF,
    0x84, 0x2C, 0xE4, 0xE0, 0x42, 0xD6, 0xCC, 0x70, 0x1D, 0xCE, 0x5B, 0x29, 0xCA, 0xC6, 0x88, 0x08,
    0xD1, 0xFF, 0xD6, 0x0F, 0x9E, 0x79, 0xB6, 0x46, 0xF2, 0x2F, 0x24, 0x32, 0xE2, 0x3E, 0xAF, 0x49,
    0x2B, 0x87, 0xF3, 0x11, 0x89, 0xDC, 0x66, 0x19, 0x6B, 0x5E, 0x93, 0xEA, 0x2D, 0xB2, 0xE6, 0x10,
    0xD7, 0xCC, 0xFF, 0x6B, 0xDC, 0x54, 0x63, 0x3E, 0xE9, 0xE1, 0xF4, 0x77, 0xB9, 0xEB, 0xE3, 0xAB,
    0xF2, 0xDD, 0xF5, 0xBB, 0xDC, 0x0B, 0x32, 0x62, 0xB5, 0xA8, 0xFD, 0xD2, 0x4F, 0x2E, 0x08, 0xB6,
    0xBA, 0x76, 0x56, 0xA3, 0x3F, 0x65, 0xBA, 0x5F, 0xCB, 0x03, 0x30, 0xFF, 0x0E, 0x58, 0x01, 0x48,
    0x77, 0x4F, 0x16, 0x13, 0x29, 0x20, 0x1E, 0x5F, 0x30, 0x61, 0x91, 0x35, 0xE1, 0xE4, 0x06, 0xB8,
    0x11, 0xC8, 0xD7, 0x48, 0x47, 0x48, 0x76, 0x3D, 0xA0, 0xDF, 0xAB, 0x6B, 0xAF, 0x6C, 0xFD, 0xC3,
    0x11, 0xC0, 0x65, 0x2E, 0xA4, 0x6B, 0xEC, 0xD3, 0x2F, 0x9F, 0x33, 0x77, 0x8D, 0x13, 0x11, 0x9F,
    0xCD, 0xE8, 0xF2, 0x42, 0xA2, 0xE1, 0x08, 0xE1, 0xE0, 0x75, 0x84, 0xEF, 0x83, 0xC0, 0x8B, 0x21,
    0x52, 0xC4, 0x52, 0xA9, 0x56, 0xD8, 0x10, 0x3D, 0x00, 0xCC, 0x7A, 0x9D, 0x36, 0x80, 0x9D, 0x61,
    0x4E, 0x3E, 0xD7, 0xFB, 0x09, 0x51, 0x87, 0x5D, 0x6A, 0x29, 0xA1, 0x16, 0xB5, 0xB6, 0x4F, 0xAB,
    0xA6, 0xBF, 0x63, 0xC4, 0x33, 0x15, 0xFC, 0x2B, 0x48, 0x8B, 0xF5, 0x98, 0x10, 0x49, 0x4B, 0x5D,
    0x70, 0x8D, 0xBB, 0x90, 0x7F, 0x31, 0x6C, 0x0F, 0x45, 0xAD, 0x54, 0xC0, 0x2D, 0x8E, 0xCB, 0x9F,
    0xDC, 0x93, 0x1B, 0xEA, 0xA1, 0x35, 0xF0, 0x57, 0x3E, 0xFA, 0x43, 0xF3, 0x42, 0x4A, 0xCF, 0x9D,
    0x5D, 0x29, 0xC3, 0x82, 0x67, 0xA7, 0xF8, 0x64, 0x76, 0xCF, 0x6A, 0xE7, 0xF5, 0x89, 0xC2, 0x89,
    0xA4, 0xFE, 0x7E, 0x4D, 0x0A, 0xFA, 0x37, 0x00, 0x33, 0x1D, 0x00, 0xF6, 0xCB, 0x0F, 0x00, 0xF3,
    0x9B, 0x11, 0x88, 0x3F, 0xEF, 0xD8, 0x4A, 0xA9, 0xEF, 0x2D, 0x56, 0x26, 0x13, 0xB6, 0xC7, 0x0C,
    0xC4, 0x41, 0x19, 0xBD, 0x20, 0xE3, 0x3D, 0x47, 0x4C, 0x20, 0x12, 0x6C, 0x0B, 0x75, 0x9B, 0x35,
    0x90, 0xC9, 0x2A, 0xF5, 0x00, 0xC8, 0xDE, 0x29, 0xA0, 0xFE, 0x4D, 0x03, 0xDF, 0x7C, 0x3B, 0xA3,
    0x57, 0xD3, 0xF7, 0x0F, 0x59, 0x4B, 0x1D, 0xF2, 0x5E, 0x31, 0x90, 0x86, 0x64, 0x20, 0x09, 0x66,
    0xC0, 0x7E, 0x27, 0x3A, 0x3B, 0x60, 0x86, 0x6B, 0x42, 0x2C, 0x7F, 0x94, 0x8A, 0xF2, 0xC3, 0xDB,
    0x9C, 0x2C, 0xB1, 0x0C, 0x2B, 0x5F, 0xA1, 0x2D, 0x00, 0xB9, 0x14, 0x0B, 0xCE, 0xD5, 0xD1, 0xB4,
    0xD7, 0x95, 0xE1, 0x1E, 0x80, 0x74, 0xCA, 0xAC, 0x7D, 0x85, 0xA6, 0x37, 0x93, 0x0A, 0x6E, 0xA5,
    0x33, 0x32, 0x01, 0x6C, 0x7F, 0xCE, 0x5D, 0x9A, 0x55, 0xEB, 0xDE, 0x94, 0xDB, 0x4D, 0xCC, 0x3F,
    0x6E, 0xEB, 0xFB, 0xED, 0x59, 0xF5, 0x0A, 0x1B, 0xC0, 0x76, 0x6C, 0x93, 0xCE, 0xB5, 0x14, 0xB8,
    0xEE, 0x96, 0xB5, 0xDD, 0x36, 0xDB, 0x9D, 0x73, 0x7B, 0xE8, 0x9D, 0x13, 0x0C, 0x87, 0xC7, 0x3C,
    0xBA, 0xAE, 0x0C, 0x0B, 0xFD, 0xFB, 0x4A, 0x78, 0x85, 0xED, 0x11, 0x45, 0x05, 0xA4, 0xEF, 0x36,
    0x3B, 0x24, 0x15, 0x5C, 0x4D, 0x0A, 0xF8, 0xD1, 0x5F, 0x00, 0x70, 0x7E, 0xED, 0x71, 0xF1, 0x7E,
    0x1D, 0xC0, 0x81, 0x82, 0x7B, 0x27, 0x78, 0xEB, 0x92, 0x32, 0x1F, 0x95, 0x49, 0xF7, 0x12, 0x6E,
    0x0F, 0xD5, 0xED, 0x97, 0xFE, 0xBB, 0x7E, 0x6A, 0xF5, 0x59, 0xC1, 0x71, 0xD1, 0xEC, 0x00, 0xB2,
    0x5E, 0x49, 0x3C, 0xD5, 0x15, 0x80, 0x19, 0xF2, 0x06, 0x20, 0xF6, 0x49, 0xC1, 0xBE, 0x88, 0x7C,
    0x28, 0x12, 0x49, 0xBF, 0x5B, 0x66, 0x23, 0x65, 0x20, 0x6B, 0x5D, 0xB7, 0xFE, 0x04, 0x3C, 0xE9,
    0x49, 0x03, 0xAE, 0x30, 0x03, 0x2E, 0x90, 0x61, 0x46, 0x5C, 0xCF, 0x21, 0xD1, 0x44, 0x3A, 0xA8,
    0xB1, 0xA8, 0xDE, 0x3D, 0xA8, 0x8B, 0xC3, 0x89, 0x1E, 0xCA, 0xE6, 0x9E, 0x44, 0x01, 0xF2, 0xA6,
    0xAF, 0x7F, 0x1A, 0x20, 0xF5, 0x21, 0xFF, 0xA2, 0x05, 0xF7, 0x75, 0xC8, 0x75, 0x90, 0x4F, 0x1E,
    0xB6, 0xE9, 0x7F, 0x57, 0x60, 0xA5, 0x71, 0xB2, 0x08, 0x54, 0xC9, 0xDA, 0x86, 0x85, 0x99, 0x00,
    0x04, 0x33, 0xB0, 0x2F, 0x71, 0x50, 0xA6, 0x13, 0xFB, 0x3B, 0x9F, 0x29, 0xF5, 0xB0, 0x7F, 0x9C,
    0x08, 0x32, 0xE4, 0xE2, 0xA6, 0x95, 0x99, 0x4F, 0xFA, 0x38, 0x38, 0x65, 0x9B, 0x04, 0x37, 0x98,
    0xC6, 0xF4, 0x57, 0x47, 0x5B, 0xC5, 0xC3, 0xF5, 0xDA, 0xC1, 0xF8, 0x56, 0xF9, 0x77, 0x20, 0x77,
    0xF2, 0xFF, 0x81, 0x32, 0xA4, 0x03, 0xE4, 0x2A, 0x4A, 0xDA, 0xD8, 0x80, 0x4A, 0xB6, 0xEC, 0x8A,
    0xAB, 0x94, 0xF5, 0xF1, 0x6F, 0x42, 0x92, 0xAE, 0x3E, 0xFD, 0x9B, 0x90, 0x5A, 0x42, 0x2E, 0x1B,
    0x53, 0x29, 0x92, 0x0E, 0x23, 0x24, 0x0D, 0x91, 0x14, 0xAE, 0x80, 0xBA, 0x39, 0x04, 0x72, 0x7F,
    0x13, 0x70, 0xDD, 0xB2, 0x9F, 0x29, 0x2C, 0x9E, 0x0D, 0x80, 0xAC, 0xFB, 0x2F, 0x9E, 0x4E, 0x51,
    0x46, 0xD2, 0x00, 0x4E, 0xFA, 0x3D, 0x01, 0xD4, 0xBB, 0xEC, 0x31, 0x93, 0x54, 0xA6, 0xCF, 0xAB,
    0xD8, 0xBB, 0x62, 0x6B, 0x85, 0x5E, 0x23, 0xF3, 0xAE, 0x71, 0xC1, 0x15, 0x49, 0x48, 0x31, 0xFD,
    0x01, 0xF1, 0x70, 0x13, 0xA6, 0xE5, 0xD4, 0x53, 0x5B, 0xC8, 0x1A, 0x48, 0x0B, 0xC8, 0x80, 0x03,
    0xF6, 0x3F, 0xB7, 0x8B, 0x03, 0x2C, 0xFA, 0x15, 0x10, 0xB7, 0x6F, 0xEE, 0x8D, 0x5D, 0x2F, 0xD5,
    0xB6, 0xAE, 0xDB, 0x5F, 0xA5, 0x7D, 0x14, 0x00, 0xD3, 0xED, 0x7F, 0xFD, 0xDF, 0x02, 0x39, 0xEC,
    0x6F, 0xCE, 0x30, 0x22, 0x12, 0xEC, 0x8C, 0xD6, 0xF9, 0x48, 0xAA, 0xB4, 0x30, 0xC2, 0x15, 0xDC,
    0x00, 0x64, 0x1D, 0x50, 0xFA, 0xED, 0xD8, 0x46, 0xE0, 0x89, 0xED, 0xCD, 0xB6, 0x3D, 0x19, 0xE1,
    0x4E, 0xD6, 0x13, 0x87, 0xF2, 0x0F, 0x7F, 0xFB, 0x89, 0xAF, 0x45, 0xA4, 0x51, 0x54, 0x70, 0x04,
    0xD1, 0x00, 0xA6, 0x5F, 0x53, 0x70, 0xD5, 0xFE, 0xD8, 0x89, 0x48, 0x93, 0x8A, 0x14, 0x07, 0xD1,
    0xC4, 0xFB, 0x66, 0x00, 0x17, 0x20, 0x6F, 0x16, 0xA5, 0x78, 0x04, 0xDB, 0xEB, 0xA6, 0xA8, 0xCD,
    0x9B, 0x44, 0x77, 0x56, 0xCC, 0x01, 0x5C, 0xDD, 0x7F, 0xB3, 0x58, 0x37, 0xBB, 0xB5, 0xAB, 0x17,
    0x24, 0x93, 0x14, 0x90, 0xB5, 0x90, 0xFB, 0x75, 0x99, 0x14, 0x67, 0x17, 0x71, 0xC5, 0xF5, 0x19,
    0xBF, 0x9D, 0x66, 0x3C, 0x1C, 0x21, 0x12, 0x0F, 0x64, 0x00, 0x5C, 0x8C, 0x8D, 0x69, 0xD2, 0xE5,
    0x1C, 0xB5, 0xA3, 0x40, 0xDD, 0xED, 0xAE, 0xDF, 0xB3, 0x1B, 0x25, 0x8F, 0xE0, 0x56, 0x59, 0xA0,
    0x97, 0x58, 0x97, 0x17, 0xA6, 0xFB, 0x21, 0x26, 0xB0, 0x44, 0xB9, 0xC6, 0xB3, 0x7F, 0x55, 0xD0,
    0xAD, 0x12, 0xA5, 0x14, 0x4B, 0xFC, 0x1F, 0xCD, 0x98, 0x31, 0x8C, 0xE5, 0xC6, 0x79, 0xC7, 0x7F,
    0xE4, 0x28, 0x1A, 0x21, 0x84, 0x3D, 0xDB, 0x04, 0x08, 0x10, 0x27, 0xA3, 0x32, 0x8D, 0x8E, 0x29,
    0x5C, 0x08, 0xC8, 0xED, 0x0D, 0x15, 0x17, 0x2A, 0x52, 0xA8, 0x4A, 0xED, 0xBE, 0x52, 0xE3, 0xC2,
    0xC5, 0x9E, 0x1F, 0x61, 0x15, 0x29, 0x0C, 0x04, 0xDB, 0x37, 0x49, 0x8F, 0x00, 0x51, 0x71, 0xC5,
    0x15, 0xB7, 0xC7, 0x91, 0x54, 0xA4, 0x0C, 0x17, 0x29, 0x52, 0x7A, 0xAC, 0x04, 0x48, 0x79, 0x63,
    0x83, 0x89, 0xA8, 0x98, 0x7C, 0x5F, 0x38, 0xC3, 0x79, 0xB7, 0x7B, 0xE7, 0x4B, 0x20, 0x9F, 0xA4,
    0x3B, 0x0D, 0x38, 0xBF, 0xEF, 0xC3, 0xEE, 0xE3, 0xBC, 0x6F, 0xFE, 0xFC, 0xE6, 0x9B, 0xE1, 0x03,
    0x08, 0x09, 0x7C, 0x7C, 0x62, 0x2D, 0x21, 0x42, 0x2B, 0xB2, 0xF1, 0xF8, 0x9E, 0x78, 0xD4, 0x44,
    0x1B, 0x68, 0xB6, 0x6B, 0xC6, 0x78, 0xD4, 0x42, 0xEB, 0xA9, 0x8F, 0xB8, 0x9E, 0x4A, 0x12, 0xD9,
    0xE8, 0x9F, 0x67, 0x1B, 0xE0, 0x88, 0x89, 0xB0, 0xA4, 0x1B, 0xEB, 0x19, 0xB5, 0xA2, 0x23, 0xC8,
    0xE5, 0x87, 0x1E, 0x5A, 0x39, 0x02, 0xD5, 0x70, 0xF3, 0xE5, 0x3F, 0x01, 0xDE, 0xE5, 0x10, 0x7F,
    0xAA, 0x44, 0x26, 0x73, 0x2D, 0x63, 0x8B, 0xF3, 0x0E, 0x3B, 0x3A, 0x4C, 0x74, 0xE8, 0xE8, 0xBA,
    0xAD, 0x7B, 0x15, 0x6C, 0xD0, 0xBE, 0x99, 0x6D, 0x57, 0xCB, 0x11, 0x3E, 0x0C, 0xE4, 0xF6, 0x46,
    0xE6, 0xF7, 0x32, 0xBF, 0x9F, 0x69, 0x0E, 0xE2, 0x5B, 0x39, 0x66, 0xCE, 0xCD, 0x11, 0x1D, 0x53,
    0xE8, 0x75, 0x66, 0xF5, 0x7B, 0xB2, 0x7E, 0xCA, 0x15, 0x15, 0xA9, 0x04, 0x3D, 0xC2, 0x30, 0xB6,
    0x79, 0x26, 0x02, 0xD4, 0xF2, 0x1F, 0xDC, 0xFE, 0xF2, 0xCC, 0x86, 0x21, 0xBA, 0xD5, 0x24, 0x8A,
    0x60, 0x63, 0x73, 0x5C, 0x68, 0xA2, 0x5A, 0x40, 0xFF, 0xFF, 0x9C, 0xF4, 0x46, 0xB5, 0xDC, 0x11,
    0xA8, 0xE5, 0xBF, 0xA5, 0x87, 0xC3, 0xCF, 0x2F, 0x79, 0xA6, 0x99, 0xEE, 0xA2, 0x78, 0xF6, 0x7A,
    0x2D, 0x9E, 0xF9, 0xE2, 0xE4, 0x55, 0x32, 0x52, 0xDA, 0x1D, 0xE0, 0xB6, 0x46, 0xA5, 0x39, 0x91,
    0x1E, 0x25, 0x22, 0x29, 0xB6, 0x85, 0x66, 0xF3, 0xC6, 0x66, 0x79, 0x53, 0x3A, 0x13, 0x2A, 0xE9,
    0xD5, 0x82, 0x1B, 0x5B, 0xD4, 0x91, 0xCD, 0x33, 0xF1, 0x07, 0x98, 0x25, 0x79, 0x7A, 0x02, 0x97,
    0xB4, 0x48, 0x17, 0xC3, 0x58, 0xBC, 0xED, 0x86, 0xAC, 0xCF, 0x82, 0x12, 0x8A, 0x67, 0x96, 0x93,
    0xD7, 0x4E, 0x27, 0xEF, 0x10, 0xD8, 0xEF, 0xA8, 0xC4, 0x67, 0x4F, 0xCF, 0x4A, 0x60, 0xFF, 0x8E,
    0x74, 0xC3, 0xC7, 0x29, 0xB9, 0xC6, 0x76, 0xA2, 0xDE, 0xB4, 0xDA, 0x46, 0x3D, 0xFC, 0xD7, 0xDF,
    0x0C, 0xC1, 0x89, 0xAC, 0x0C, 0x22, 0xE2, 0x37, 0xEF, 0x32, 0x7B, 0x1D, 0x00, 0xDA, 0xDF, 0xD9,
    0xA7, 0xD1, 0xC4, 0x81, 0x3C, 0x0B, 0xBD, 0x0A, 0x79, 0x12, 0x0C, 0x13, 0x79, 0x0E, 0x98, 0x6E,
    0x1F, 0x1E, 0x38, 0xCD, 0xA0, 0x04, 0x61, 0x44, 0x7C, 0x76, 0xAC, 0x48, 0x97, 0x03, 0x3C, 0xAF,
    0x8E, 0x64, 0xE7, 0x81, 0x9A, 0x4F, 0xD3, 0x88, 0xC5, 0x71, 0xBE, 0x4C, 0x76, 0x28, 0x91, 0xD7,
    0x6B, 0x09, 0x5C, 0xCF, 0x90, 0xE3, 0xB6, 0xA1, 0x1A, 0x73, 0xD8, 0xCE, 0x37, 0x3E, 0x47, 0x9D,
    0x42, 0xCD, 0x41, 0x8B, 0x1C, 0xB9, 0xD5, 0xFE, 0x41, 0x8D, 0x16, 0xD0, 0x41, 0x4F, 0x87, 0x0E,
    0x86, 0xA0, 0x56, 0xE9, 0x48, 0xFA, 0x1C, 0x26, 0xC0, 0x06, 0x9A, 0x1E, 0x30, 0x81, 0x8A, 0xDD,
    0x02, 0x0C, 0x7F, 0x1F, 0xB4, 0xC8, 0xB8, 0xF5, 0x60, 0x44, 0x7A, 0x13, 0x0E, 0xE1, 0x1E, 0x42,
    0xDB, 0xDB, 0xF0, 0xD3, 0x34, 0x59, 0x4C, 0xA0, 0x89, 0xBB, 0x6D, 0xC7, 0xDD, 0x1E, 0xBA, 0x6C,
    0xAB, 0x23, 0xB8, 0xED, 0x0E, 0xB5, 0x40, 0xEB, 0x4D, 0x34, 0x91, 0x60, 0x26, 0x37, 0x3B, 0xAF,
    0xD3, 0x78, 0xEB, 0x90, 0x64, 0x1C, 0xFE, 0xAE, 0xDB, 0xEC, 0xAD, 0x0C, 0x19, 0xC1, 0xC8, 0x94,
    0xAD, 0x95, 0xA9, 0x59, 0x80, 0x3A, 0xE7, 0x06, 0x20, 0x7C, 0x93, 0x76, 0xEC, 0xB2, 0x55, 0xFF,
    0xE6, 0xB3, 0x6D, 0xFE, 0xC5, 0x1F, 0xD1, 0xC7, 0x6A, 0xF8, 0xE0, 0xF3, 0x15, 0x27, 0x22, 0x5A,
    0x66, 0xF6, 0x3C, 0xB8, 0x7C, 0x36, 0xBE, 0x77, 0x76, 0x33, 0x74, 0x39, 0xBA, 0x12, 0xDC, 0xD0,
    0x65, 0xF3, 0x0E, 0xD9, 0xD4, 0xBB, 0x69, 0xB3, 0x51, 0x92, 0x8D, 0xDE, 0x0D, 0xC5, 0x0C, 0x2F,
    0x30, 0x63, 0x36, 0x6A, 0x37, 0x8D, 0x1F, 0x72, 0x3C, 0xDD, 0x90, 0xC3, 0x61, 0x28, 0xD1, 0x00,
    0xD0, 0x3D, 0x4E, 0xAC, 0xFD, 0x15, 0x80, 0x1E, 0x1F, 0x01, 0xA8, 0x5F, 0x4F, 0x00, 0x39, 0xDE,
    0x33, 0x20, 0x42, 0x1B, 0x89, 0x2E, 0xAA, 0xC5, 0x44, 0xB5, 0x36, 0x9B, 0xD5, 0x91, 0xB8, 0xF5,
    0x3F, 0xDE, 0xFA, 0x43, 0x1D, 0xED, 0xAC, 0x63, 0xBB, 0x75, 0xBD, 0x75, 0xF5, 0xBB, 0x7D, 0x52,
    0xB3, 0x5D, 0xD4, 0x3C, 0xC8, 0x8F, 0x72, 0xA7, 0x52, 0x13, 0x46, 0x45, 0xDA, 0xAD, 0x9B, 0x5F,
    0xEC, 0xF5, 0x78, 0xA2, 0x96, 0xA9, 0x91, 0xC5, 0xAD, 0xC5, 0xD1, 0xD2, 0xE1, 0x3C, 0x32, 0x2A,
    0xF1, 0xD8, 0x8E, 0x83, 0x57, 0x12, 0xB1, 0x70, 0xE8, 0x95, 0x2C, 0xC5, 0xF9, 0x4F, 0x29, 0xCE,
    0xE7, 0xE2, 0x77, 0x27, 0x0C, 0xA1, 0x38, 0xED, 0x5C, 0x1C, 0x73, 0x2C, 0x8E, 0x92, 0x1F, 0xEF,
    0x0E, 0xF2, 0xA4, 0x38, 0x4E, 0x38, 0xCB, 0x8E, 0x95, 0x3A, 0x64, 0x47, 0x4B, 0x13, 0x0F, 0x5D,
    0x33, 0x51, 0x89, 0x9E, 0x04, 0x27, 0x30, 0xD4, 0xB2, 0x66, 0xA7, 0xE5, 0x10, 0x4A, 0xA8, 0x96,
    0x3D, 0x52, 0xE7, 0xF7, 0x40, 0x0F, 0x7E, 0x8F, 0xD3, 0x95, 0x30, 0x2D, 0x7B, 0x94, 0x55, 0x09,
    0xB2, 0xD9, 0x63, 0xAC, 0x64, 0x0F, 0xB1, 0x96, 0x12, 0xE1, 0x29, 0x40, 0x57, 0xE2, 0x73, 0x25,
    0xBC, 0x6C, 0x9D, 0xEC, 0xD6, 0x16, 0xAB, 0x93, 0x4D, 0xA1, 0x25, 0x9B, 0x23, 0x2B, 0xB6, 0xC5,
    0x75, 0x00, 0x9C, 0x15, 0x1B, 0x5D, 0x36, 0x75, 0xBC, 0x97, 0x6D, 0x35, 0x3F, 0x22, 0xB7, 0x36,
    0xEC, 0xB6, 0x54, 0x92, 0xCC, 0xF5, 0xC6, 0x67, 0xCA, 0x7C, 0x8B, 0x07, 0x43, 0xCF, 0xA3, 0xF6,
    0x0B, 0x89, 0x76, 0x71, 0xA2, 0x27, 0xBB, 0x98, 0x59, 0xCD, 0x7A, 0xD1, 0x93, 0x5A, 0xD4, 0x2D,
    0xD6, 0x2F, 0xA0, 0x59, 0xF4, 0x5A, 0xCF, 0x83, 0x7C, 0x28, 0x9F, 0x16, 0x02, 0x95, 0x4A, 0x6C,
    0xD4, 0x04, 0xF9, 0xB1, 0x93, 0x1F, 0x3C, 0xD4, 0x47, 0xB8, 0xC3, 0x03, 0x70, 0x9F, 0x2D, 0x1B,
    0x9E, 0xCC, 0xA0, 0xA5, 0x07, 0xEE, 0xF3, 0x4C, 0xDB, 0xB7, 0xA9, 0x0E, 0x92, 0xCA, 0xE8, 0x84,
    0xE6, 0x97, 0x01, 0xCC, 0x07, 0x11, 0x6C, 0x33, 0xC1, 0x3D, 0xBD, 0xC0, 0xB9, 0xDA, 0xF0, 0x28,
    0x0D, 0xBA, 0x54, 0x42, 0x25, 0x22, 0x5D, 0xBD, 0xC1, 0xAB, 0x40, 0xAA, 0x6B, 0xB4, 0xC1, 0x78,
    0x6C, 0x6C, 0x03, 0x6E, 0x96, 0x35, 0xFD, 0x6B, 0xD9, 0xA0, 0xBD, 0xA5, 0x99, 0x86, 0x5C, 0x81,
    0x19, 0x26, 0x30, 0x3D, 0x00, 0x65, 0x11, 0xBC, 0xAD, 0xE5, 0x7F, 0x42, 0x2A, 0x58, 0xA9, 0x58,
    0x39, 0xCC, 0xB3, 0xBD, 0x37, 0x21, 0x17, 0xA5, 0xC9, 0xCD, 0xA9, 0x18, 0xA5, 0x42, 0x04, 0x70,
    0x51, 0x87, 0xA1, 0x89, 0x87, 0x5F, 0xC6, 0x46, 0x3A, 0xA6, 0x9B, 0x55, 0xBF, 0x5D, 0x5A, 0x50,
    0xEB, 0x57, 0xBA, 0xB4, 0x94, 0x5B, 0xCE, 0xAB, 0x78, 0x78, 0x7F, 0xDA, 0x46, 0x4B, 0xC9, 0xF6,
    0x10, 0xCE, 0xE0, 0x2D, 0xB8, 0xA0, 0x59, 0xCA, 0xE6, 0x56, 0x3D, 0x77, 0xE5, 0x7B, 0x5B, 0x19,
    0xB7, 0xAB, 0xEC, 0xB6, 0x79, 0xA7, 0x2D, 0xBB, 0x6C, 0xD9, 0x61, 0xEF, 0x3C, 0xBF, 0xB3, 0xD6,
    0x72, 0x09, 0xB4, 0xB2, 0x92, 0x8E, 0x4F, 0x43, 0xFF, 0xAD, 0x1F, 0x9F, 0xD4, 0xAE, 0x7C, 0xF7,
    0x42, 0xE5, 0x0F, 0x01, 0x25, 0x2B, 0xE6, 0x5A, 0xBA, 0xAF, 0x7C, 0x9C, 0x4A, 0xDB, 0x2A, 0x98,
    0x38, 0x00, 0xCD, 0x51, 0x60, 0x1F, 0x16, 0x4C, 0xC7, 0x33, 0x2D, 0x1F, 0xAD, 0xBA, 0x9D, 0xE9,
    0x80, 0x35, 0x7F, 0xFB, 0x07, 0xAC, 0x49, 0x7B, 0xAA, 0xD5, 0x8E, 0x20, 0x87, 0x0D, 0x76, 0x05,
    0xEA, 0x00, 0x70, 0x8A, 0x6D, 0x88, 0x6E, 0x4E, 0x58, 0xB0, 0xB1, 0x29, 0xC7, 0x2D, 0xFD, 0x7F,
    0x62, 0xD2, 0x4B, 0x3E, 0x67, 0x95, 0x63, 0xD6, 0xF3, 0xA7, 0xAC, 0x5A, 0x96, 0x13, 0x4B, 0x53,
    0xE3, 0x79, 0x16, 0x47, 0x12, 0x27, 0xE9, 0x8A, 0x9F, 0xFE, 0xFE, 0x1A, 0x65, 0x29, 0x2B, 0xA3,
    0x2B, 0x78, 0xD8, 0xF4, 0x54, 0x47, 0x1B, 0xA8, 0xA5, 0x8D, 0xD9, 0xCB, 0x7F, 0xFB, 0x86, 0x05,
    0x9A, 0xF6, 0xAA, 0x98, 0xA8, 0xB2, 0xDF, 0x84, 0x44, 0xDB, 0x95, 0x15, 0xF1, 0x1D, 0x97, 0xEC,
    0xCF, 0x12, 0x5C, 0xC2, 0x90, 0xB0, 0x00, 0x2A, 0x00, 0x55, 0xC7, 0xAB, 0x50, 0xF0, 0x2B, 0xAE,
    0xB3, 0x97, 0x50, 0xF0, 0xF5, 0xAF, 0xC5, 0x57, 0xA5, 0x60, 0x49, 0xC1, 0x25, 0x91, 0x35, 0xD3,
    0x65, 0x1A, 0x9F, 0x58, 0x7D, 0xD7, 0x15, 0xB4, 0x00, 0xAE, 0x03, 0x5A, 0x7F, 0x5A, 0x3F, 0xF5,
    0x04, 0x70, 0xF6, 0x6A, 0x14, 0x2C, 0xE7, 0x86, 0x8F, 0x9E, 0x3D, 0x37, 0x5C, 0x70, 0xBB, 0xBD,
    0x29, 0x01, 0x0E, 0x72, 0xA4, 0x92, 0xF7, 0x06, 0xAF, 0x17, 0x5C, 0x30, 0x13, 0x36, 0xDA, 0x88,
    0x09, 0x6D, 0xE0, 0x2D, 0xDC, 0x08, 0x27, 0x34, 0xB2, 0xEC, 0x08, 0x1C, 0x62, 0x1B, 0x69, 0xD3,
    0xE7, 0x6C, 0x34, 0xF3, 0x06, 0xB5, 0x62, 0xC7, 0x4A, 0x2E, 0x0F, 0x3D, 0x4E, 0x56, 0x78, 0xB3,
    0x6C, 0xAC, 0xF6, 0x57, 0xC7, 0xBC, 0xA9, 0x56, 0x12, 0xA0, 0xE5, 0xD4, 0xBA, 0x6A, 0xF8, 0xC8,
    0x37, 0x22, 0xBE, 0xBD, 0x96, 0xCE, 0x75, 0x8F, 0x71, 0x1C, 0x9E, 0x76, 0xF3, 0xC9, 0x8A, 0x95,
    0x99, 0xF3, 0xE1, 0x92, 0x7B, 0x80, 0xDB, 0x04, 0xB5, 0x22, 0x49, 0xDE, 0x34, 0x62, 0xFF, 0x33,
    0x6C, 0xE7, 0xE4, 0x98, 0xA2, 0x7F, 0xC5, 0x7B, 0xB2, 0x04, 0xA0, 0x8E, 0x7B, 0xD6, 0xDD, 0x62,
    0x3C, 0xCB, 0xFF, 0x8D, 0x00, 0x87, 0xFE, 0x25, 0xF6, 0xE6, 0x43, 0x84, 0x73, 0xE0, 0x51, 0xE9,
    0x57, 0x6F, 0x80, 0x5B, 0xA0, 0x99, 0x00, 0x95, 0x13, 0x68, 0x2C, 0xB9, 0xBF, 0x27, 0xD5, 0xD5,
    0x29, 0x93, 0x78, 0xCC, 0xE9, 0xD4, 0xF7, 0xD9, 0x08, 0xCD, 0x5F, 0x8D, 0xC5, 0x53, 0xE2, 0xBF,
    0xED, 0x83, 0x21, 0xCC, 0xFB, 0x12, 0x55, 0x33, 0x59, 0x2C, 0xD3, 0xEF, 0xBB, 0x83, 0xF5, 0xFB,
    0x94, 0xA6, 0x87, 0x10, 0xEF, 0xEE, 0x76, 0x88, 0x60, 0xC7, 0xAF, 0x75, 0x68, 0x04, 0xA8, 0x22,
    0xDC, 0x6C, 0x4B, 0xA0, 0xE3, 0x6E, 0x4D, 0x19, 0xBA, 0x7D, 0xD1, 0x0F, 0x22, 0x58, 0x11, 0x89,
    0xC5, 0xCE, 0x59, 0xB0, 0x90, 0xE2, 0x46, 0x3F, 0x09, 0xE4, 0x4A, 0xFD, 0xE3, 0x90, 0xEF, 0xB8,
    0x63, 0xC3, 0x1F, 0x02, 0xDC, 0xB5, 0xC1, 0x02, 0x4C, 0x56, 0x04, 0xA8, 0xC2, 0x6E, 0x95, 0xB7,
    0xA1, 0x05, 0x1A, 0x91, 0x60, 0x00, 0x23, 0x92, 0x3F, 0x7F, 0x8E, 0x0D, 0x00, 0x17, 0xC9, 0xD6,
    0x9E, 0x29, 0x59, 0xE5, 0x55, 0x5A, 0x23, 0x98, 0xCE, 0x44, 0x0E, 0x53, 0x35, 0xB0, 0x2B, 0xB7,
    0x22, 0x4B, 0xB2, 0x0B, 0x37, 0x87, 0x4C, 0x97, 0x79, 0xBC, 0x29, 0x79, 0x2A, 0x64, 0xFF, 0xD6,
    0x31, 0xFB, 0x2F, 0x67, 0x36, 0xCD, 0x44, 0xD8, 0x54, 0x9B, 0x9D, 0xDF, 0x74, 0x8B, 0x59, 0xAD,
    0x68, 0x62, 0xE2, 0xA1, 0xDF, 0xF8, 0xDB, 0x89, 0x8D, 0xC7, 0x8E, 0x4D, 0xC1, 0x09, 0x36, 0x0D,
    0x17, 0x7E, 0x68, 0x26, 0x27, 0xEF, 0x45, 0x2D, 0x5B, 0x1B, 0x37, 0x25, 0xDF, 0x3F, 0x52, 0x5A,
    0xA9, 0xE8, 0x2A, 0x26, 0x36, 0x99, 0xC6, 0x27, 0xDE, 0x73, 0x89, 0x67, 0x3F, 0x4B, 0xE4, 0x51,
    0x39, 0x25, 0x9D, 0x16, 0xC1, 0xF1, 0x47, 0xE2, 0x51, 0x93, 0x92, 0x48, 0x13, 0xF4, 0x93, 0xB4,
    0xC8, 0x9A, 0xCF, 0x96, 0xF4, 0x5D, 0x9F, 0xA6, 0x45, 0x66, 0xDF, 0x93, 0x8D, 0x8E, 0x8D, 0xFE,
    0x5E, 0xE6, 0x55, 0xE6, 0x82, 0xD0, 0xFE, 0x6A, 0xE6, 0x88, 0xF9, 0x4D, 0x64, 0xA1, 0xF9, 0x6D,
    0x4C, 0x8B, 0x4C, 0xC6, 0xBC, 0xC8, 0xC6, 0xD3, 0x22, 0x4B, 0x0C, 0x4F, 0x05, 0xF9, 0xA3, 0x4C,
    0x5B, 0x92, 0xFE, 0x00, 0xAC, 0x25, 0xDE, 0x8E, 0xBD, 0x1D, 0x3E, 0x8F, 0x4A, 0x64, 0x34, 0xD7,
    0xD2, 0xB7, 0x1C, 0xBC, 0xAB, 0x64, 0x74, 0xEA, 0x49, 0x70, 0xE6, 0x9F, 0xA3, 0x1B, 0x74, 0x74,
    0x8B, 0x0A, 0x36, 0x6A, 0x6F, 0x66, 0xDB, 0xA7, 0xE1, 0xEF, 0xB7, 0x01, 0xCE, 0x4D, 0x1A, 0xCC,
    0x7A, 0x70, 0x1F, 0x8C, 0xB0, 0x7D, 0x14, 0x54, 0x5C, 0x80, 0xEE, 0xEC, 0xD5, 0xBC, 0x50, 0x7D,
    0x12, 0x31, 0xFF, 0x3A, 0xD1, 0xFC, 0x66, 0xA1, 0x9E, 0xAE, 0xE0, 0x51, 0x0B, 0x6F, 0x54, 0x5F,
    0x7B, 0x6D, 0x40, 0x25, 0x80, 0x96, 0x34, 0xAB, 0x8F, 0xE2, 0x86, 0x2A, 0xBE, 0xBA, 0xD7, 0x44,
    0x00, 0xDA, 0x11, 0x64, 0xA6, 0x8E, 0xF7, 0xA9, 0xC3, 0xF9, 0xD7, 0x7E, 0x4D, 0xE4, 0xC2, 0x02,
    0xAB, 0xEB, 0x60, 0xC8, 0x3B, 0xEC, 0x5F, 0x8F, 0xD0, 0x7C, 0x1A, 0x6F, 0x3D, 0x2B, 0x27, 0xB2,
    0x26, 0x08, 0xCD, 0x42, 0xDB, 0xAB, 0x05, 0xE5, 0x37, 0x54, 0x6C, 0xF0, 0x1B, 0xEA, 0x11, 0x25,
    0x72, 0xC2, 0xA2, 0x13, 0xAA, 0x04, 0x7C, 0x02, 0x19, 0xEF, 0x26, 0x3C, 0x50, 0x2B, 0x75, 0xD4,
    0x92, 0x8A, 0x75, 0x9A, 0x6E, 0x42, 0x67, 0xB5, 0xA7, 0xFD, 0x45, 0xC0, 0x6E, 0x59, 0xD2, 0x7C,
    0x3E, 0x53, 0x4D, 0xF7, 0xE1, 0xAC, 0x54, 0x97, 0xA1, 0x47, 0xCB, 0x84, 0xF9, 0x74, 0xA5, 0x45,
    0x70, 0xA9, 0xEB, 0x2F, 0x71, 0x69, 0x17, 0x9C, 0xC0, 0xF5, 0x60, 0x47, 0xD5, 0x9B, 0xA7, 0xAF,
    0x60, 0xA7, 0x03, 0x7D, 0xBD, 0x02, 0x46, 0x7A, 0x68, 0xF5, 0x08, 0x77, 0xD4, 0x06, 0xE0, 0x95,
    0xCC, 0xE8, 0x14, 0x79, 0x2D, 0x11, 0x7D, 0x3D, 0xA3, 0xFD, 0x43, 0x80, 0x97, 0x9E, 0xD1, 0xC3,
    0x3B, 0x2C, 0x2E, 0x3D, 0x9E, 0x6D, 0x35, 0xA5, 0x47, 0xD3, 0x9D, 0x7D, 0x9D, 0x57, 0xF9, 0x0B,
    0xCB, 0x55, 0xDB, 0x1D, 0xAC, 0xDF, 0x44, 0xD7, 0xD7, 0x53, 0x1A, 0xED, 0xAB, 0xBF, 0xCA, 0x27,
    0x61, 0x93, 0xAC, 0x9B, 0xA8, 0xEF, 0x14, 0x49, 0x5F, 0x3E, 0x12, 0xA0, 0x99, 0x71, 0xC2, 0x95,
    0xED, 0xCA, 0xD9, 0xEC, 0x6D, 0xAA, 0x5C, 0xD2, 0x5D, 0xC4, 0x44, 0xF4, 0x73, 0xD7, 0x84, 0x5D,
    0x18, 0xA4, 0xDB, 0x2E, 0x52, 0xDA, 0x90, 0x13, 0x87, 0x9C, 0x3A, 0xE4, 0xE4, 0x61, 0x4F, 0x9F,
    0x94, 0x40, 0xAF, 0xEF, 0x47, 0x85, 0x67, 0xAA, 0xCF, 0x7C, 0x05, 0x57, 0xB9, 0xFA, 0xBC, 0xFC,
    0x8F, 0x0A, 0x37, 0xA9, 0x43, 0x4E, 0x2A, 0x72, 0x5A, 0x71, 0x93, 0x58, 0xAF, 0x6F, 0xAE, 0xB9,
    0xB5, 0x61, 0xAF, 0x49, 0xD3, 0x4D, 0x4D, 0x7A, 0xE9, 0xB9, 0x4E, 0xE9, 0xFE, 0x6A, 0x39, 0x50,
    0xCA, 0x52, 0xD9, 0x48, 0xB0, 0x7F, 0x1B, 0x80, 0x8A, 0xEE, 0xD6, 0x22, 0x1E, 0x33, 0x57, 0x68,
    0x96, 0x5A, 0x3A, 0xD4, 0x82, 0x2B, 0x53, 0xCC, 0x1C, 0x6F, 0x7C, 0x97, 0x58, 0x0B, 0x28, 0x91,
    0x25, 0x73, 0xDE, 0xB8, 0xA8, 0x35, 0xB1, 0x92, 0x44, 0x86, 0xDB, 0x23, 0x04, 0x9A, 0x23, 0xED,
    0x84, 0x93, 0x6B, 0x91, 0xC2, 0xE6, 0xE7, 0x01, 0xF3, 0x59, 0xC4, 0xFC, 0xFB, 0x8C, 0x8A, 0x4B,
    0xD9, 0x55, 0xFE, 0x80, 0xDC, 0x1E, 0x0C, 0x5D, 0xFB, 0x85, 0x78, 0x77, 0xB4, 0xDE, 0xCC, 0xC6,
    0xEB, 0xE9, 0x7B, 0xE8, 0x89, 0xDF, 0xE9, 0x66, 0x81, 0x41, 0xFA, 0xDC, 0x4B, 0xD3, 0x73, 0x62,
    0x2B, 0x89, 0xF7, 0x8C, 0x07, 0x2E, 0x74, 0x22, 0xF0, 0xFA, 0xE6, 0x7A, 0xDA, 0x6B, 0x2A, 0x99,
    0x50, 0xF1, 0x11, 0x6A, 0xBC, 0x0B, 0xF0, 0xF2, 0x73, 0x4D, 0xE2, 0x91, 0xE5, 0x23, 0x0B, 0x08,
    0x6A, 0x5A, 0x61, 0x17, 0x31, 0x2D, 0x8F, 0xD7, 0xF7, 0x2A, 0x59, 0xC5, 0x0B, 0xA8, 0xE7, 0xC7,
    0xA7, 0xBC, 0x1B, 0xDA, 0x1E, 0xEC, 0xFB, 0x63, 0x4E, 0xB7, 0x6F, 0xE1, 0x87, 0xB1, 0xA4, 0x2B,
    0x20, 0x33, 0x24, 0x6D, 0x6F, 0xBF, 0x49, 0xBF, 0x3E, 0x11, 0x6E, 0xE5, 0x62, 0x2B, 0xC0, 0x7D,
    0xD3, 0xC3, 0x45, 0xB3, 0x01, 0xF8, 0x46, 0x45, 0x68, 0xBF, 0xBC, 0x4B, 0x25, 0xB2, 0xA2, 0x57,
    0x2D, 0x98, 0xC8, 0xA1, 0xDB, 0x60, 0x7A, 0x33, 0xA3, 0xFA, 0xE6, 0xD8, 0x81, 0x92, 0x2F, 0x01,
    0x91, 0x00, 0x56, 0x8E, 0xC0, 0x20, 0x1E, 0x2A, 0x09, 0x17, 0xD0, 0x46, 0x07, 0x26, 0xB6, 0x7E,
    0x83, 0x99, 0x30, 0x41, 0x4B, 0x77, 0xF0, 0x4A, 0x44, 0xA8, 0x7E, 0x3D, 0x3C, 0x9D, 0xC8, 0x4F,
    0x9E, 0x1E, 0xF4, 0x33, 0x2E, 0x12, 0x3E, 0x4E, 0xC8, 0x03, 0xFD, 0x23, 0x8D, 0xAC, 0x98, 0x4F,
    0x06, 0x6C, 0x6F, 0x30, 0xA1, 0xA2, 0x91, 0x4B, 0x72, 0x0D, 0xFA, 0x13, 0xE9, 0xDF, 0xA5, 0xF5,
    0xF7, 0x30, 0x7E, 0xFB, 0x9F, 0x37, 0xC7, 0x01, 0xF5, 0x4F, 0x33, 0xB9, 0x19, 0x20, 0xE7, 0x86,
    0x87, 0xA6, 0x83, 0xEF, 0x03, 0x7F, 0x0E, 0x46, 0x44, 0x42, 0xBB, 0x61, 0x72, 0x9D, 0x54, 0xCB,
    0x43, 0x84, 0xF3, 0xB7, 0x11, 0xDE, 0x02, 0x81, 0xDF, 0x0F, 0x55, 0x42, 0x2D, 0x3D, 0x58, 0x89,
    0x05, 0x7B, 0x7B, 0x37, 0x61, 0x4D, 0x78, 0x9C, 0x70, 0x37, 0xE1, 0x87, 0x09, 0x97, 0xB0, 0xFB,
    0xD5, 0x84, 0xCE, 0xD7, 0x41, 0xE2, 0x20, 0x49, 0x1D, 0xFD, 0xA2, 0x4B, 0xCD, 0x1F, 0x2B, 0x09,
    0x24, 0xA1, 0xE1, 0x4F, 0xC1, 0x81, 0xEB, 0x30, 0xF0, 0x03, 0xF8, 0x0B, 0xFE, 0x17, 0x4D, 0x8F,
    0x01, 0x66, 0x04, 0x31, 0x18, 0x85, 0xDF, 0x66, 0x96, 0x41, 0xB4, 0xA9, 0x5A, 0x80, 0x76, 0xA0,
    0x80, 0xED, 0x04, 0x60, 0x31, 0x9D, 0x84, 0x5E, 0xA0, 0x87, 0x29, 0x60, 0x46, 0xA2, 0x50, 0xF4,
    0x12, 0x3D, 0xC6, 0x62, 0xED, 0x04, 0x80, 0x42, 0xB4, 0x07, 0x68, 0xE8, 0x05, 0x82, 0xB0, 0xC1,
    0x74, 0xD3, 0x1F, 0xD4, 0xBC, 0x17, 0xF1, 0xC3, 0xF3, 0xBD, 0xD7, 0x42, 0x41, 0x59, 0xE1, 0x58,
    0xC4, 0xD3, 0x2A, 0x54, 0x91, 0x47, 0xE1, 0x7A, 0x6C, 0x00, 0xD2, 0x01, 0x75, 0xB1, 0xEA, 0x3B,
    0x99, 0xD7, 0xFC, 0xB0, 0x8A, 0xE2, 0xC5, 0xA9, 0x1F, 0x3F, 0x9E, 0x42, 0x67, 0xFC, 0xB6, 0xD1,
    0x00, 0x4C, 0xD1, 0xF4, 0x06, 0x6E, 0xC7, 0xC6, 0xCA, 0x82, 0x3A, 0xA3, 0xC5, 0xA4, 0x8B, 0x9D,
    0x74, 0x8B, 0xDB, 0x55, 0xA0, 0xD8, 0xF4, 0x31, 0xD3, 0x4F, 0x37, 0x20, 0xAD, 0xF2, 0xD7, 0x81,
    0xF9, 0xCA, 0x31, 0xDD, 0x78, 0x93, 0xD2, 0x10, 0xBB, 0x34, 0x98, 0xD4, 0xF8, 0xCD, 0x7A, 0xEE,
    0xE7, 0x7E, 0xDF, 0xC5, 0x2E, 0x3C, 0x13, 0x87, 0x02, 0xC4, 0x24, 0x32, 0xF1, 0x49, 0x43, 0x83,
    0x5F, 0xA5, 0x27, 0xE9, 0xE4, 0x5B, 0xE0, 0x9F, 0x09, 0xFA, 0x0A, 0x00, 0xCF, 0x20, 0xE0, 0x28,
    0x2C, 0xC1, 0x2B, 0x5C, 0xA2, 0x83, 0x22, 0xDF, 0x00, 0x17, 0x10, 0x10, 0x77, 0x42, 0x9E, 0x59,
    0x5E, 0x74, 0x61, 0x8B, 0x2E, 0x2C, 0x6C, 0x8F, 0xE6, 0x7E, 0xF7, 0x5E, 0x5B, 0x81, 0x56, 0xAB,
    0x84, 0x19, 0x07, 0x93, 0x65, 0x80, 0xE6, 0xBE, 0xC7, 0x40, 0xEE, 0xD7, 0xF2, 0xCC, 0xF3, 0x72,
    0x96, 0x7C, 0xB4, 0xE6, 0xCB, 0x1D, 0x4F, 0x6E, 0x5F, 0xDC, 0x4E, 0xE2, 0x7F, 0xFA, 0x1F, 0xCD,
    0xD8, 0x3F, 0x8C, 0xDB, 0x66, 0x9A, 0xC7, 0xF1, 0x0F, 0x49, 0xC1, 0x34, 0x40, 0x78, 0x68, 0xDC,
    0x95, 0x07, 0x58, 0x29, 0x52, 0x26, 0xC3, 0x36, 0x45, 0xC6, 0xE4, 0x21, 0x45, 0x8A, 0x2B, 0x92,
    0xBE, 0x4A, 0xDF, 0xA4, 0x49, 0xE1, 0x62, 0x12, 0x29, 0x77, 0xB8, 0xBB, 0x6E, 0xE1, 0xBE, 0xAF,
    0x03, 0x17, 0x2E, 0x5C, 0x38, 0x2B, 0x6E, 0xB6, 0x48, 0xCB, 0x20, 0xC5, 0x96, 0x26, 0xB0, 0xE9,
    0x97, 0x1B, 0x08, 0x1B, 0x6E, 0x96, 0xD4, 0xBB, 0x23, 0xAE, 0xD6, 0x42, 0x3C, 0x58, 0x21, 0xB1,
    0xE5, 0x51, 0x00, 0xBE, 0x3F, 0xBE, 0xC4, 0x40, 0x18, 0xFD, 0xBE, 0x7C, 0x9F, 0x3F, 0x7A, 0x08,
    0x88, 0x43, 0x45, 0x12, 0x6A, 0xD2, 0xAD, 0x64, 0xCF, 0x5A, 0xF2, 0x0F, 0x3A, 0xE6, 0xD9, 0x9A,
    0xFB, 0xE9, 0xC0, 0x45, 0x32, 0xF0, 0x34, 0xDE, 0x30, 0x44, 0x41, 0x14, 0x42, 0xA8, 0xE2, 0x2B,
    0xA9, 0x93, 0x56, 0x59, 0x67, 0xB5, 0xA2, 0xCD, 0x6B, 0xF3, 0xAE, 0x68, 0x95, 0x7D, 0x18, 0xB7,
    0x7F, 0x1A, 0xAE, 0x04, 0xF0, 0x18, 0xF1, 0x88, 0x64, 0x63, 0xB7, 0xF3, 0x18, 0xAB, 0x87, 0x6F,
    0xA4, 0xE1, 0xC7, 0x36, 0x6F, 0x17, 0x6D, 0xB1, 0x9C, 0xB7, 0xA5, 0xFC, 0xA7, 0x6B, 0x99, 0xB7,
    0x45, 0x9D, 0x77, 0xF9, 0xBA, 0xEC, 0xD3, 0x10, 0x46, 0xAB, 0xDF, 0x54, 0x20, 0x69, 0xC8, 0x3B,
    0xF2, 0xF5, 0x74, 0x9F, 0x9E, 0x41, 0x34, 0x22, 0x0E, 0x90, 0x3F, 0x97, 0x7B, 0x70, 0x1B, 0x70,
    0x13, 0x86, 0x8B, 0x25, 0x65, 0xC3, 0xBF, 0xB5, 0xC4, 0x0D, 0x49, 0x4D, 0x5C, 0xE1, 0x15, 0x2C,
    0xEF, 0x4C, 0xA6, 0x1D, 0xF2, 0x16, 0xC5, 0x12, 0x9F, 0xC1, 0x5D, 0x7C, 0x8A, 0x34, 0x2C, 0x29,
    0xFF, 0xD4, 0x53, 0xFE, 0x7E, 0xE0, 0xDC, 0xE3, 0x9B, 0xB2, 0xFC, 0x00, 0x03, 0xF1, 0x40, 0xD2,
    0x91, 0xD7, 0xF2, 0xFF, 0x65, 0xB5, 0x96, 0x8E, 0x41, 0xB6, 0x5E, 0x49, 0xEB, 0xE2, 0x95, 0xEC,
    0xA7, 0x35, 0xB2, 0xD6, 0x0E, 0x40, 0xDC, 0xDB, 0x79, 0x36, 0xE3, 0xB4, 0xF6, 0x2F, 0xA0, 0x9C,
    0xA4, 0x32, 0x79, 0x27, 0xE9, 0xE0, 0xBD, 0x16, 0xC5, 0x48, 0x14, 0x16, 0xB5, 0x78, 0x2C, 0x6A,
    0x51, 0x97, 0xD5, 0x80, 0xE2, 0xBB, 0xDB, 0xA2, 0xB0, 0x79, 0x22, 0xE9, 0xE7, 0xBD, 0xAC, 0x4D,
    0x7B, 0x79, 0x9D, 0x5C, 0x97, 0xF6, 0x4A, 0xB2, 0x2E, 0x19, 0x24, 0x63, 0xBE, 0x31, 0x7D, 0x2B,
    0xC5, 0x1F, 0x1F, 0x02, 0x60, 0xC7, 0x23, 0x1D, 0x11, 0xBD, 0x0D, 0x93, 0xBC, 0x0B, 0x6F, 0x9E,
    0x16, 0x0E, 0xB0, 0x40, 0x58, 0xF2, 0x7E, 0x4D, 0x52, 0x93, 0x55, 0xF2, 0xFF, 0x3B, 0xEA, 0xF9,
    0x90, 0x36, 0x2D, 0xF9, 0xBA, 0xA3, 0xF8, 0x74, 0xCD, 0xBC, 0xE8, 0x38, 0xCB, 0x1A, 0x70, 0x62,
    0x04, 0xC3, 0x5B, 0x92, 0x70, 0x2E, 0x79, 0xF6, 0x85, 0xE4, 0x0F, 0xA3, 0xF8, 0x9B, 0x1E, 0xC8,
    0x97, 0xC7, 0x44, 0x70, 0x7A, 0xA7, 0x87, 0x93, 0xFD, 0x01, 0xCF, 0xC7, 0x2E, 0x04, 0x49, 0x8D,
    0xAC, 0x41, 0x5E, 0xA3, 0xAC, 0xF0, 0x25, 0xDC, 0x05, 0x00, 0x79, 0xD4, 0x91, 0xFF, 0x4F, 0xB7,
    0xE3, 0x10, 0x6D, 0xDC, 0x10, 0xA5, 0x9E, 0x68, 0x20, 0xE9, 0x49, 0xBB, 0x89, 0x89, 0x19, 0x10,
    0xB7, 0x17, 0xE2, 0xEE, 0x4B, 0x42, 0x4F, 0xD1, 0xBC, 0x22, 0x9B, 0xE7, 0x39, 0x33, 0xE9, 0x10,
    0x0D, 0xF0, 0x19, 0xCC, 0x38, 0x3D, 0x07, 0x4F, 0x30, 0x60, 0x83, 0xB2, 0x22, 0xAB, 0x51, 0x1D,
    0x9F, 0x03, 0x87, 0x1B, 0x83, 0xC3, 0x30, 0x4E, 0xDD, 0x36, 0x1C, 0x00, 0x72, 0xF4, 0x5C, 0x79,
    0x7A, 0x0C, 0xD7, 0x73, 0xE5, 0xF1, 0xED, 0x5F, 0xF7, 0x76, 0xF2, 0xEC, 0x78, 0xC0, 0xE1, 0x31,
    0xDB, 0xE3, 0x32, 0x84, 0x71, 0x2B, 0x41, 0x36, 0x28, 0x96, 0xC9, 0x20, 0xA9, 0xAF, 0x24, 0x72,
    0x25, 0xF5, 0x95, 0xC4, 0x8D, 0x24, 0x84, 0x7F, 0xCA, 0x90, 0x6E, 0x25, 0x6A, 0xEC, 0xFE, 0xCA,
    0x24, 0xEF, 0x6C, 0xE5, 0x71, 0x32, 0x8A, 0xBB, 0x34, 0x98, 0x37, 0xE5, 0xD6, 0xFA, 0x56, 0x2A,
    0xC0, 0x13, 0x3B, 0xA8, 0x71, 0xD8, 0xED, 0x78, 0x82, 0xD5, 0x52, 0x1A, 0xD6, 0xF2, 0xAF, 0x46,
    0x85, 0xA0, 0xDC, 0xAE, 0xF4, 0xAF, 0xCA, 0xC5, 0x52, 0xB9, 0xA6, 0x5C, 0x32, 0x6F, 0x92, 0x65,
    0xDE, 0xCF, 0xAB, 0x38, 0x6C, 0xF8, 0xF8, 0x3B, 0x20, 0x5B, 0x32, 0x6F, 0x29, 0xBA, 0xE9, 0x3E,
    0x3D, 0x83, 0xB8, 0x47, 0x32, 0x22, 0x3A, 0xBF, 0xDE, 0xF5, 0xDC, 0x94, 0xE1, 0x95, 0x5D, 0x73,
    0xB3, 0x24, 0x5D, 0x92, 0x55, 0xDC, 0x82, 0x97, 0xB4, 0x9C, 0x7F, 0x55, 0x53, 0x7E, 0xDF, 0x72,
    0xF1, 0xE3, 0x56, 0x16, 0x0D, 0x6F, 0xCF, 0x97, 0x37, 0x62, 0x28, 0xEE, 0x3E, 0x91, 0x0D, 0x97,
    0xF2, 0x2F, 0x9E, 0xCA, 0x3F, 0xE8, 0xA5, 0xEF, 0xB5, 0x2F, 0x6F, 0x64, 0xC2, 0x41, 0x5E, 0xA3,
    0xA8, 0x51, 0xC2, 0x00, 0x1F, 0xA2, 0x47, 0x16, 0x2A, 0x16, 0xCF, 0x3A, 0x56, 0xFF, 0xD5, 0x71,
    0x19, 0x77, 0x37, 0x62, 0x93, 0xA8, 0x23, 0x59, 0xEF, 0xEA, 0x6F, 0x63, 0x56, 0x54, 0xCE, 0x67,
    0xA2, 0xD0, 0xC8, 0x7F, 0x18, 0xCD, 0xBF, 0x19, 0xE5, 0xD5, 0xE5, 0x4B, 0x5B, 0xCF, 0xAB, 0x9D,
    0x6F, 0x79, 0x83, 0xA4, 0x83, 0x01, 0xEE, 0x72, 0x5A, 0xEB, 0xE7, 0x28, 0x51, 0x2C, 0xC9, 0x1B,
    0xE2, 0xAE, 0x9A, 0x0A, 0x8E, 0xF9, 0x48, 0x58, 0x34, 0xD1, 0x38, 0x6F, 0xAC, 0xD3, 0x1A, 0x64,
    0x3D, 0x8B, 0x50, 0x19, 0x8A, 0x26, 0xEE, 0xF2, 0x2E, 0x99, 0xD6, 0xE2, 0x61, 0xF2, 0x43, 0x2F,
    0x09, 0x95, 0xA4, 0x27, 0x1A, 0xBD, 0x23, 0x7C, 0xBE, 0x56, 0x84, 0xD6, 0xAD, 0x4D, 0x05, 0x48,
    0x3B, 0xE4, 0x3D, 0x66, 0x97, 0xF0, 0x2E, 0x3C, 0x86, 0x8F, 0x4E, 0xEB, 0x1F, 0x44, 0x23, 0x71,
    0x40, 0x8E, 0x9C, 0xD9, 0x3D, 0xCE, 0x6F, 0x1F, 0xED, 0xF5, 0x1F, 0x0E, 0xE1, 0x13, 0xD9, 0x3F,
    0x10, 0xE0, 0x33, 0x9C, 0x3B, 0x9E, 0xFD, 0x43, 0x2E, 0x4F, 0x5F, 0x88, 0x0E, 0xF8, 0x3D, 0x7A,
    0x91, 0x8A, 0x7B, 0xE9, 0x28, 0xBA, 0xE0, 0x6D, 0xDE, 0xE5, 0x4D, 0x93, 0xF9, 0xE6, 0xEA, 0x4A,
    0x83, 0x64, 0xFC, 0x59, 0x57, 0x1A, 0x76, 0x1F, 0x41, 0xD6, 0xC9, 0xD7, 0x66, 0x4F, 0x78, 0x40,
    0xC7, 0x87, 0xBC, 0x21, 0xEA, 0x14, 0x9D, 0xB2, 0x93, 0x77, 0xD2, 0x17, 0xAE, 0xB5, 0xF9, 0x60,
    0x15, 0xAA, 0xAB, 0xEB, 0x55, 0xFE, 0xAF, 0xC7, 0x92, 0x41, 0xB2, 0x31, 0x31, 0x17, 0xB7, 0xB2,
    0xB5, 0xBC, 0xDF, 0x6A, 0xDC, 0xFE, 0x82, 0xEF, 0xC0, 0xB5, 0xCF, 0xC6, 0xE1, 0x21, 0x8A, 0x30,
    0x62, 0xF3, 0x9F, 0xAB, 0xA5, 0x64, 0xAD, 0x68, 0x65, 0xAD, 0xAC, 0x97, 0x4F, 0xEF, 0xBB, 0xA8,
    0xC5, 0x1B, 0xE5, 0x52, 0x14, 0xB6, 0xEA, 0x4A, 0xEB, 0x17, 0xB5, 0x68, 0xD9, 0xC8, 0x3B, 0x06,
    0x59, 0x2F, 0xEE, 0x27, 0x0B, 0x1D, 0xE1, 0xE1, 0xC7, 0x35, 0x45, 0xD8, 0x20, 0x5A, 0xB5, 0x00,
    0xCC, 0x41, 0x59, 0xC3, 0xA2, 0xDE, 0xEF, 0xE7, 0xB0, 0x68, 0x25, 0x61, 0x94, 0x7F, 0x13, 0xAA,
    0x42, 0x59, 0x97, 0xE6, 0x4D, 0x29, 0xEF, 0x4A, 0x69, 0x57, 0x56, 0x57, 0xAB, 0x4E, 0xDA, 0x79,
    0x9B, 0xD6, 0xD9, 0xF3, 0x73, 0xD0, 0x02, 0x59, 0x45, 0xD1, 0x50, 0xB6, 0xD3, 0x7D, 0x7A, 0x06,
    0xAC, 0x40, 0x58, 0xC2, 0xFB, 0x93, 0xA6, 0x93, 0x66, 0x15, 0xDC, 0x02, 0x38, 0x15, 0x91, 0x43,
    0x43, 0xCB, 0x97, 0xA3, 0x11, 0x75, 0x90, 0xAC, 0x21, 0xED, 0x20, 0x6F, 0xA0, 0xA8, 0x30, 0x9B,
    0xC1, 0x39, 0x53, 0x20, 0x32, 0x85, 0xA2, 0x29, 0x18, 0x4D, 0xE1, 0x78, 0x4A, 0x1A, 0x97, 0xD7,
    0xE7, 0x99, 0x9F, 0xB3, 0x1F, 0x5C, 0x54, 0x49, 0x33, 0x7F, 0x69, 0x32, 0x71, 0x0B, 0x49, 0x07,
    0x71, 0x0F, 0x46, 0x50, 0x80, 0x68, 0xE6, 0xD7, 0x4A, 0xE6, 0x02, 0x25, 0xCA, 0x25, 0x79, 0x4D,
    0xDC, 0xE1, 0xBD, 0x96, 0x62, 0x9C, 0x66, 0x9C, 0xF1, 0x58, 0xEC, 0x9B, 0x87, 0x79, 0x4F, 0x08,
    0x55, 0xB2, 0x5E, 0x34, 0x59, 0x9D, 0x77, 0x79, 0x9D, 0xAE, 0xF3, 0x3A, 0x19, 0xF2, 0x3A, 0x1A,
    0xF2, 0xE6, 0x6A, 0x75, 0xFA, 0xB4, 0x8F, 0xBA, 0x78, 0x93, 0x36, 0x56, 0x61, 0xE9, 0x3F, 0x7A,
    0x00, 0xD1, 0x08, 0x71, 0x00, 0xB9, 0xBD, 0xDE, 0x83, 0xD9, 0xED, 0x5F, 0x2B, 0x1F, 0x60, 0x81,
    0x50, 0x93, 0x5E, 0x9F, 0x76, 0x1E, 0xE1, 0xF4, 0xD8, 0x96, 0x70, 0x53, 0x11, 0x37, 0x95, 0x71,
    0x53, 0x21, 0x67, 0xD7, 0xAB, 0xFF, 0x7A, 0x4F, 0xCF, 0x4F, 0x7E, 0xDC, 0x7F, 0x3B, 0x8A, 0xF6,
    0x83, 0xD0, 0x63, 0xD1, 0x39, 0x82, 0xFF, 0x93, 0xD6, 0x9D, 0x03, 0x3C, 0x8E, 0x5D, 0x93, 0xF6,
    0x59, 0x88, 0x6C, 0xD2, 0xBC, 0x86, 0xFB, 0x5A, 0xDC, 0xF5, 0x08, 0xB6, 0x1A, 0x87, 0xB6, 0xA3,
    0x08, 0xA1, 0xDB, 0x72, 0x0A, 0xF5, 0x0D, 0x70, 0x7A, 0xF2, 0xE2, 0x80, 0xF4, 0x91, 0x99, 0x4F,
    0xF0, 0x8E, 0x45, 0xF7, 0x20, 0x09, 0x61, 0x7D, 0xC5, 0xA0, 0xF9, 0xD9, 0x0C, 0xF6, 0x75, 0x88,
    0x78, 0x00, 0x5F, 0x82, 0x42, 0x8B, 0xE8, 0x94, 0x5E, 0xAF, 0x0F, 0x41, 0x1F, 0x51, 0xBD, 0xBC,
    0x57, 0x1C, 0xEE, 0x35, 0x5A, 0xDC, 0x3A, 0x91, 0xE3, 0x03, 0xBD, 0xC6, 0x23, 0xF1, 0x75, 0xD7,
    0xAF, 0x96, 0x13, 0xDB, 0x29, 0x27, 0x9E, 0xCA, 0xE9, 0xB5, 0x7C, 0xF7, 0xE8, 0x2A, 0xDF, 0xBD,
    0xBC, 0x43, 0x4C, 0xEA, 0xB0, 0x9F, 0xD3, 0xE7, 0x2F, 0x8F, 0x70, 0xDD, 0xE7, 0x2B, 0xE6, 0xAB,
    0x45, 0xA8, 0x8B, 0x50, 0xFD, 0x43, 0xB3, 0x8D, 0xB4, 0x97, 0x0C, 0xE2, 0x6E, 0xAB, 0xD1, 0x2F,
    0xD4, 0xF8, 0xB9, 0x8E, 0x92, 0x4E, 0x14, 0xA4, 0x0D, 0xAB, 0xA6, 0x98, 0xDC, 0x06, 0xC4, 0xE1,
    0x3B, 0x00, 0xB2, 0x6A, 0xEF, 0xB0, 0x6C, 0xF7, 0xFB, 0xAC, 0x62, 0xD5, 0x95, 0xFD, 0x56, 0x06,
    0xF3, 0x2E, 0x1B, 0x64, 0x5D, 0x32, 0x48, 0xFF, 0xA5, 0xAC, 0xD3, 0x41, 0x32, 0x9C, 0x07, 0x71,
    0xF8, 0x4B, 0x58, 0x5A, 0xFC, 0xF7, 0x43, 0x40, 0xD4, 0x22, 0xED, 0x91, 0x0D, 0x76, 0xBB, 0xA8,
    0x05, 0xA0, 0x58, 0xEE, 0x51, 0xFF, 0x7B, 0x03, 0x49, 0xBD, 0xD7, 0xB8, 0x02, 0x9C, 0x0A, 0xD2,
    0xB5, 0x61, 0xCF, 0x03, 0xEC, 0x87, 0x3D, 0x1C, 0x0D, 0x14, 0x6B, 0x88, 0xFA, 0x7D, 0x3E, 0xCF,
    0x5A, 0x33, 0xE6, 0x95, 0x3B, 0xCC, 0x38, 0x03, 0xF9, 0xC4, 0x60, 0x33, 0x69, 0xBF, 0x25, 0xD1,
    0xDD, 0x00, 0x89, 0x7B, 0xA0, 0x04, 0x2B, 0x30, 0x40, 0xD2, 0x3A, 0x23, 0xAA, 0xE4, 0x20, 0xDB,
    0x62, 0x18, 0xF3, 0xAD, 0x86, 0xB0, 0xA5, 0xB1, 0xD9, 0xE1, 0x90, 0x1E, 0xD4, 0x09, 0x8A, 0x89,
    0xCA, 0x0E, 0xCB, 0x9E, 0xCB, 0x1E, 0xCC, 0x00, 0x46, 0x50, 0x32, 0x23, 0xAF, 0xDD, 0x21, 0x3A,
    0x25, 0x99, 0x39, 0x28, 0x2B, 0x28, 0x6A, 0xC8, 0x5A, 0x88, 0xD7, 0xCE, 0x70, 0xF7, 0x75, 0x92,
    0x39, 0x1C, 0x43, 0xB3, 0x49, 0xEF, 0x10, 0x57, 0x27, 0xE4, 0x83, 0xFD, 0x0F, 0xE4, 0xDE, 0xF3,
    0x30, 0xF2, 0x00, 0x3C, 0x76, 0x86, 0x8F, 0x5E, 0x33, 0xA5, 0xFE, 0x2D, 0x24, 0x9B, 0x0B, 0xA4,
    0xCF, 0x3E, 0x33, 0x93, 0x7C, 0x3D, 0xBA, 0x23, 0xFE, 0xDD, 0xFA, 0x84, 0x64, 0x8A, 0xF7, 0x2B,
    0xAC, 0xBE, 0xAE, 0xF1, 0xE3, 0xDF, 0x6A, 0xF4, 0x61, 0x79, 0xC6, 0x27, 0xF7, 0x5F, 0x33, 0x0D,
    0xCC, 0xC0, 0x1D, 0x38, 0x44, 0xE0, 0xF4, 0x45, 0x08, 0xCE, 0xE0, 0xF5, 0x32, 0x89, 0x5A, 0x48,
    0x7B, 0xC8, 0x86, 0xFD, 0x3E, 0x6A, 0xC1, 0x13, 0x30, 0x80, 0x8D, 0x7D, 0xC0, 0x67, 0x35, 0xA8,
    0x00, 0x56, 0xA1, 0x2B, 0xC3, 0x4E, 0xE7, 0xA1, 0xCA, 0xD6, 0x92, 0x20, 0xAB, 0x45, 0xA1, 0xCA,
    0x2B, 0x56, 0xF5, 0xFD, 0xC9, 0xE2, 0x25, 0xF2, 0xF5, 0x1A, 0xE9, 0xA6, 0x43, 0x1C, 0x6A, 0x08,
    0x4B, 0x58, 0x55, 0x70, 0x5D, 0x43, 0x85, 0x28, 0xD4, 0xC8, 0x43, 0xFF, 0x5C, 0x2F, 0xF1, 0x5B,
    0x2C, 0x30, 0xAF, 0x49, 0x5B, 0x54, 0x20, 0x0C, 0x65, 0xBF, 0x5D, 0x45, 0x9B, 0xD7, 0x79, 0x97,
    0x57, 0x59, 0x37, 0x97, 0xF4, 0x17, 0xE2, 0xE1, 0x92, 0xCD, 0x9A, 0x55, 0x47, 0xD9, 0x50, 0xD4,
    0xCC, 0x2B, 0x0A, 0x5C, 0xE0, 0x29, 0xD6, 0xC4, 0x1D, 0x49, 0x83, 0xE5, 0x49, 0x9C, 0x01, 0x2E,
    0x40, 0x30, 0x69, 0xB5, 0xDF, 0x5F, 0x1C, 0xC3, 0xE1, 0x9F, 0x3B, 0xC9, 0xB7, 0x03, 0xFF, 0x3F,
    0x1D, 0x0E, 0xA2, 0xEE, 0x85, 0x9C, 0x5A, 0x36, 0x98, 0x3A, 0x79, 0xE2, 0xE6, 0x7A, 0x5F, 0x72,
    0x32, 0x32, 0xF3, 0x86, 0xA2, 0xC3, 0x6E, 0x45, 0x2D, 0x96, 0x47, 0x7F, 0xEF, 0x0C, 0x6F, 0x31,
    0x75, 0xFA, 0xA6, 0x5E, 0xDF, 0x34, 0xDD, 0x30, 0xCD, 0x37, 0x4E, 0x47, 0xE0, 0xD3, 0x33, 0x51,
    0xF8, 0x40, 0xFC, 0xC3, 0x33, 0xF1, 0xF7, 0x81, 0xF6, 0xE9, 0xD1, 0x9D, 0xFF, 0x1D, 0x8D, 0x8C,
    0x81, 0x87, 0x75, 0x45, 0x18, 0xC6, 0x7F, 0xE7, 0x4C, 0xEB, 0xA4, 0x43, 0x13, 0x00, 0xE9, 0x4E,
    0x08, 0xB0, 0x6B, 0x28, 0xB8, 0x71, 0xBE, 0xEF, 0x0C, 0xA1, 0x3F, 0xA3, 0x3F, 0xE1, 0xFB, 0x10,
    0x16, 0x9B, 0x73, 0xFA, 0x16, 0x01, 0x0A, 0x80, 0x20, 0x80, 0x84, 0x85, 0x8B, 0x70, 0x77, 0xEF,
    0xEC, 0x06, 0x48, 0x3A, 0x2C, 0x20, 0x18, 0x1B, 0x85, 0xB0, 0xA3, 0x2E, 0x7B, 0xCB, 0x9C, 0x3B,
    0xCD, 0x1D, 0xF7, 0xA8, 0xDC, 0x7C, 0x76, 0xBC, 0xCF, 0xF3, 0xBC, 0xEF, 0x6F, 0xE6, 0x1D, 0xA0,
    0x8B, 0xEB, 0x54, 0x90, 0xDB, 0x18, 0xFB, 0x6C, 0x79, 0x18, 0x53, 0x1D, 0xF2, 0x3C, 0x4F, 0x20,
    0x1A, 0x4C, 0x39, 0xD4, 0x46, 0xD1, 0xD2, 0xD9, 0x6E, 0x68, 0xAD, 0xE4, 0x08, 0x65, 0xBA, 0xA1,
    0x73, 0x7A, 0x90, 0x69, 0x3A, 0xE1, 0x39, 0x87, 0x04, 0xF3, 0x4A, 0x39, 0x34, 0xB5, 0xF1, 0x4A,
    0xB8, 0xB6, 0xF2, 0xDD, 0xF7, 0x9B, 0xEE, 0xA7, 0xD0, 0x7E, 0xB7, 0x91, 0x85, 0x3B, 0xC2, 0xA8,
    0x0F, 0x7C, 0x1A, 0xBB, 0xDF, 0x82, 0xBE, 0x0D, 0xD2, 0x26, 0xE8, 0x4F, 0x84, 0x7D, 0xFE, 0x1A,
    0x2F, 0xB9, 0x42, 0x9B, 0xFF, 0x4A, 0x91, 0xD5, 0xC6, 0x68, 0x77, 0x42, 0xC1, 0x81, 0xB4, 0x79,
    0xAC, 0x1E, 0xFF, 0xEF, 0xE1, 0xDD, 0xFF, 0xFF, 0x03, 0x94, 0x8E, 0x3A, 0xA0, 0x23, 0x6D, 0x34,
    0xA9, 0x52, 0x93, 0xC6, 0x04, 0x25, 0xC7, 0x2C, 0x5A, 0xBB, 0x2A, 0xC7, 0x6E, 0x88, 0xE7, 0x31,
    0x77, 0x99, 0xF1, 0x35, 0xE4, 0x53, 0x47, 0x9B, 0x93, 0x59, 0xED, 0x99, 0x03, 0x34, 0xE5, 0x06,
    0x0F, 0x70, 0x46, 0x28, 0xF3, 0xE5, 0x92, 0x65, 0x6D, 0x00, 0x3E, 0xE1, 0x6C, 0x06, 0x40, 0x4B,
    0xD3, 0x00, 0xA0, 0xFB, 0x8F, 0x3D, 0x00, 0xF2, 0x97, 0xBB, 0x01, 0x80, 0x32, 0x7E, 0xF6, 0xE9,
    0x65, 0xE2, 0x80, 0xAC, 0xE3, 0x75, 0x5C, 0x03, 0x8D, 0xBE, 0x7E, 0xB8, 0x1E, 0x81, 0x45, 0xC7,
    0xCA, 0x74, 0x50, 0x0C, 0x97, 0xAC, 0x68, 0x0D, 0xA2, 0x0F, 0xA9, 0x51, 0x06, 0xC9, 0xB7, 0xC4,
    0x5E, 0x1A, 0x8E, 0x39, 0x2D, 0xA2, 0x95, 0xB0, 0xA0, 0x11, 0x0F, 0xEE, 0x75, 0x0A, 0xC7, 0xEC,
    0xA3, 0x9B, 0xF1, 0x0C, 0x61, 0x29, 0xB7, 0x3C, 0x1B, 0x60, 0x3A, 0xCA, 0xAA, 0x5E, 0xA3, 0x79,
    0xCA, 0x13, 0x1A, 0xE6, 0xA8, 0x9B, 0xB5, 0x3A, 0xF7, 0x5A, 0xA4, 0x72, 0x4F, 0xC5, 0xF0, 0xA4,
    0xB2, 0x4D, 0xD5, 0xCF, 0x6B, 0xC3, 0x1B, 0xAC, 0x85, 0x93, 0x56, 0x73, 0xC9, 0x15, 0xDA, 0xD4,
    0xB6, 0xF4, 0x2C, 0x48, 0xB8, 0x41, 0x51, 0x5B, 0xE1, 0x09, 0x45, 0x10, 0x7E, 0xF7, 0xA2, 0x01,
    0x78, 0xB6, 0x45, 0xC4, 0xE8, 0x64, 0xFC, 0x72, 0xD3, 0xDE, 0xFF, 0x1C, 0xBA, 0xFB, 0xDF, 0xC3,
    0xEA, 0xE2, 0x8F, 0xF0, 0xE6, 0xE7, 0xBF, 0x6E, 0x90, 0xD1, 0x53, 0xC7, 0x9E, 0x7A, 0x84, 0xCA,
    0x25, 0xD9, 0xAC, 0x7C, 0x44, 0x0F, 0xD2, 0x83, 0x5E, 0xE7, 0xCC, 0x33, 0x04, 0xF8, 0x27, 0xDE,
    0x5E, 0xBE, 0x03, 0xB0, 0x3C, 0x5D, 0x02, 0xC4, 0x77, 0x47, 0x00, 0xF5, 0x8D, 0xFB, 0x57, 0xC4,
    0xF7, 0xC6, 0xE9, 0xC9, 0xB4, 0x30, 0xAD, 0x6B, 0x82, 0xF0, 0xBB, 0x20, 0xC5, 0xAB, 0xEA, 0xA8,
    0x78, 0xE1, 0x7A, 0x3D, 0xD3, 0xE2, 0xEE, 0xD6, 0xB7, 0x3F, 0xAC, 0x3E, 0x0C, 0x3F, 0xFA, 0xEA,
    0xAF, 0x0D, 0x57, 0x17, 0xA6, 0xFA, 0x33, 0xC7, 0x1E, 0xEE, 0x9F, 0xEC, 0x17, 0xF6, 0xEB, 0x53,
    0x80, 0x04, 0x38, 0x06, 0x58, 0x00, 0x85, 0x03, 0x84, 0x9D, 0xF8, 0x09, 0xC0, 0x29, 0x80, 0x9F,
    0x78, 0x6D, 0x80, 0xB7, 0x00, 0xE6, 0x87, 0x7C, 0x06, 0xD0, 0x4C, 0x9C, 0x32, 0x7E, 0x51, 0x19,
    0x19, 0x37, 0x6A, 0x68, 0x5F, 0x6C, 0x5B, 0xDF, 0x11, 0x77, 0xB6, 0xD2, 0x2E, 0x99, 0x72, 0xEF,
    0xB3, 0x55, 0x03, 0x22, 0x48, 0x8B, 0x72, 0xC9, 0xAE, 0x48, 0xB6, 0x4E, 0x56, 0x78, 0xEA, 0x9E,
    0xAF, 0x76, 0xC6, 0xCE, 0x3C, 0x95, 0x11, 0x01, 0x35, 0x54, 0x23, 0xAD, 0xCF, 0x5D, 0x66, 0x7F,
    0x03, 0x8C, 0xD0, 0x01, 0xA6, 0xDD, 0x40, 0x14, 0x87, 0xF1, 0x6F, 0x12, 0xED, 0x60, 0x70, 0xA0,
    0x50, 0xB4, 0x81, 0xA2, 0x20, 0x03, 0xF0, 0xF0, 0x92, 0x84, 0xA2, 0x1B, 0x29, 0x00, 0x0F, 0x8A,
    0x87, 0x7B, 0xDF, 0x9D, 0x42, 0xDF, 0x36, 0xBA, 0x84, 0xE2, 0xA2, 0x08, 0xCD, 0x12, 0x46, 0x57,
    0x30, 0xE8, 0x02, 0x82, 0x60, 0xCA, 0xE4, 0x9E, 0xA6, 0xB7, 0x6D, 0x01, 0xD4, 0xF9, 0x01, 0x3E,
    0x0E, 0x7F, 0xC0, 0xE8, 0x28, 0x1A, 0xFD, 0x9B, 0xB5, 0xA7, 0x1C, 0x29, 0x07, 0xA6, 0x5D, 0x47,
    0xF1, 0xAC, 0xEE, 0x31, 0x9A, 0x0B, 0x00, 0xDF, 0x61, 0x83, 0xF2, 0x8B, 0x59, 0xA8, 0x23, 0xF2,
    0x91, 0x56, 0x38, 0x08, 0xAA, 0x79, 0x87, 0xF0, 0x07, 0xC0, 0x8D, 0xE8, 0x2A, 0x9A, 0x04, 0x5E,
    0x82, 0xD7, 0x71, 0xD0, 0x84, 0x5B, 0xA9, 0x0A, 0xA6, 0xBC, 0x32, 0x79, 0xAA, 0xD6, 0x07, 0x9B,
    0x9C, 0x8E, 0x00, 0xA7, 0x54, 0xC7, 0x49, 0xB8, 0x69, 0x61, 0xD8, 0xCB, 0xC7, 0xE5, 0x81, 0x7C,
    0xA4, 0x1C, 0x99, 0x7A, 0x26, 0xCF, 0x17, 0xF9, 0xB6, 0x98, 0x6B, 0xE9, 0x35, 0x9F, 0x34, 0x7F,
    0xE2, 0x3D, 0x55, 0xC2, 0x05, 0x5A, 0x98, 0xA8, 0x16, 0x6C, 0x44, 0x66, 0xFC, 0xD5, 0xD3, 0x80,
    0xCD, 0xB4, 0xC2, 0xAD, 0x0D, 0xB7, 0x75, 0xE8, 0xDD, 0xD8, 0x6C, 0xD8, 0x0D, 0x7F, 0x17, 0xEE,
    0xED, 0x7C, 0xAE, 0xE3, 0xB9, 0x9E, 0x3B, 0x17, 0xDC, 0x0F, 0x2A, 0x1D, 0x9B, 0xB7, 0xA9, 0x33,
    0xEB, 0xDF, 0x5F, 0xC5, 0x7F, 0x28, 0x56, 0x0B, 0xE4, 0x67, 0xAC, 0xF7, 0x55, 0xFA, 0x9D, 0xFD,
    0xD7, 0x3E, 0xEF, 0x74, 0x69, 0xA2, 0x9B, 0xFF, 0x5D, 0x94, 0xF4, 0x75, 0xB3, 0x17, 0xFA, 0x26,
    0x74, 0x32, 0x3F, 0x97, 0xC0, 0x00, 0x19, 0x1B, 0x78, 0xC1, 0xE7, 0x41, 0xD3, 0x49, 0x67, 0xC0,
    0x65, 0x3A, 0xCF, 0xA1, 0xE1, 0x75, 0x8B, 0xC9, 0xC8, 0x85, 0x27, 0x77, 0x01, 0x99, 0x77, 0x3F,
    0x17, 0x52, 0xEF, 0xA0, 0xFF, 0x63, 0x44, 0x87, 0x3B, 0x00, 0x9D, 0xD3, 0x31, 0x88, 0xE6, 0x44,
    0x14, 0x07, 0xF0, 0x7F, 0x32, 0xB8, 0x01, 0x53, 0xE4, 0x8A, 0xEB, 0xAE, 0x48, 0xDF, 0x98, 0xD6,
    0x42, 0x77, 0x06, 0xED, 0xBD, 0xEB, 0x1B, 0xFB, 0xCA, 0x1E, 0x3E, 0x99, 0x01, 0x8B, 0x2B, 0x2C,
    0x5C, 0xFB, 0xC2, 0xBE, 0x52, 0xFB, 0xE3, 0x66, 0xC0, 0xC2, 0xD2, 0x01, 0x0B, 0x4B, 0x03, 0x77,
    0xBD, 0xE3, 0x12, 0x21, 0xE7, 0x4E, 0xF2, 0xF7, 0x3D, 0xF2, 0xED, 0xE2, 0x2E, 0x27, 0xA8, 0x81,
    0xF7, 0x1B, 0x32, 0x37, 0xF7, 0xFE, 0xDF, 0x23, 0xB3, 0xF8, 0xFA, 0x0A, 0x68, 0xAE, 0xCB, 0x3D,
    0x6E, 0x78, 0x85, 0x86, 0xAC, 0x68, 0xF9, 0x3B, 0xD1, 0xFF, 0x59, 0x7C, 0x1A, 0xAE, 0x8B, 0xCD,
    0xD3, 0x75, 0x99, 0x66, 0x7B, 0x5D, 0xDE, 0x73, 0x5E, 0xCF, 0x29, 0x88, 0x8A, 0xBF, 0xC3, 0x0A,
    0x8F, 0x94, 0x45, 0x0E, 0xB7, 0x65, 0xD8, 0x4B, 0x97, 0x0D, 0x8B, 0x0F, 0x0D, 0xB9, 0x41, 0x3B,
    0xDF, 0x4B, 0x9B, 0x71, 0x7E, 0xBC, 0xC6, 0x21, 0x92, 0x3B, 0x30, 0x54, 0x78, 0xA0, 0xAB, 0xE8,
    0x83, 0xDA, 0x42, 0x85, 0x8A, 0x77, 0xC7, 0x2C, 0x7E, 0xCE, 0xD2, 0x91, 0xFC, 0x61, 0x51, 0xCD,
    0xD2, 0xD5, 0x76, 0x33, 0x57, 0xB2, 0xBF, 0x01, 0x6F, 0xB3, 0xD1, 0x9E, 0x9B, 0xA1, 0x43, 0xE4,
    0xAF, 0x9C, 0xE1, 0x55, 0x60, 0x7C, 0xF3, 0xFE, 0x31, 0xA5, 0xD9, 0xBA, 0x1D, 0xDD, 0x8A, 0x88,
    0x7E, 0xC1, 0xE8, 0x84, 0xCE, 0x69, 0x22, 0x26, 0xB2, 0x1C, 0xC0, 0x3B, 0x00, 0x36, 0xDC, 0xDB,
    0xB3, 0xA1, 0x4D, 0xB0, 0xCE, 0x24, 0xEC, 0x18, 0x9C, 0x59, 0x9B, 0x08, 0xAF, 0x53, 0x46, 0x6D,
    0x3A, 0x55, 0x80, 0x75, 0xA2, 0x6A, 0x18, 0x30, 0xE5, 0x96, 0x33, 0x86, 0xD4, 0x72, 0xC1, 0x10,
    0xDA, 0x9B, 0x4D, 0xBD, 0xA6, 0x13, 0x0B, 0xD3, 0x10, 0x22, 0x49, 0xEE, 0x87, 0x6D, 0x31, 0x7C,
    0x2A, 0xFB, 0xE0, 0x4F, 0xAA, 0xA5, 0x3A, 0xAA, 0xE8, 0x55, 0xB4, 0x0C, 0xDD, 0x0A, 0x30, 0x58,
    0x02, 0x56, 0x95, 0x6E, 0x23, 0x75, 0xAA, 0x89, 0xDC, 0x01, 0xB3, 0x37, 0x0C, 0x68, 0x76, 0x89,
    0x55, 0x87, 0x19, 0xDA, 0x99, 0xE1, 0x50, 0x76, 0xC6, 0x59, 0xF6, 0x9B, 0x98, 0xD0, 0x90, 0x84,
    0xFA, 0x1A, 0x7A, 0x12, 0x6F, 0x95, 0xAA, 0xA1, 0x83, 0xF6, 0x2F, 0x77, 0x7A, 0x26, 0xD2, 0xB1,
    0xC6, 0xF3, 0x3A, 0x6E, 0xB0, 0x8B, 0xB4, 0xEE, 0x2B, 0xC6, 0x82, 0x21, 0x99, 0x8A, 0x41, 0xD6,
    0x60, 0x36, 0xF4, 0x2B, 0x06, 0xA7, 0xBF, 0xA4, 0x62, 0x02, 0x88, 0x61, 0xC3, 0x25, 0x10, 0xDD,
    0xB4, 0xE3, 0x04, 0xF8, 0xF4, 0x21, 0xF1, 0x02, 0x23, 0xA9, 0x4F, 0xB9, 0x5D, 0x31, 0x94, 0x65,
    0xFA, 0x79, 0x06, 0xFA, 0x3F, 0xCA, 0xF8, 0x2A, 0x01, 0x1D, 0xE7, 0xE1, 0x46, 0x56, 0xC3, 0xD4,
    0x33, 0x00, 0x2D, 0x93, 0x21, 0x00, 0x30, 0x9C, 0x57, 0x48, 0x06, 0x3C, 0xB7, 0xAE, 0x44, 0xF2,
    0xB9, 0xF2, 0x63, 0x89, 0x98, 0x94, 0x41, 0x98, 0x9E, 0xFE, 0x22, 0x7C, 0xF5, 0x2F, 0xD0, 0xC3,
    0xA1, 0x13, 0x92, 0x30, 0x92, 0x25, 0xF6, 0x82, 0x6F, 0x04, 0x00, 0xCF, 0x80, 0x2E, 0x03, 0x51,
    0x8A, 0x52, 0x56, 0x57, 0x6A, 0x35, 0xF1, 0x9B, 0xDC, 0x93, 0x79, 0xCA, 0x31, 0x5B, 0x37, 0x65,
    0x8F, 0x51, 0x2B, 0x47, 0x5D, 0xCF, 0x65, 0xC3, 0x98, 0xC7, 0xD9, 0x2F, 0x3D, 0x7F, 0xAB, 0x0D,
    0x3F, 0x71, 0x38, 0x3F, 0x03, 0xB9, 0x68, 0x01, 0x9F, 0xED, 0x00, 0xBA, 0xE3, 0x7B, 0x2E, 0x63,
    0x05, 0x62, 0x30, 0x3B, 0x74, 0x3A, 0xA2, 0xDD, 0xD1, 0xBC, 0x81, 0x25, 0x57, 0x07, 0x15, 0x30,
    0x15, 0xB8, 0x35, 0x92, 0xE5, 0xD6, 0x96, 0x40, 0x03, 0xD0, 0xA1, 0x4F, 0x88, 0x09, 0x83, 0x83,
    0x9D, 0x71, 0x09, 0x8C, 0xEB, 0x45, 0x05, 0x8C, 0xF6, 0x3F, 0xB2, 0x2C, 0x67, 0x6E, 0x67, 0x3B,
    0x62, 0xCA, 0x90, 0x38, 0x0B, 0xB4, 0x1B, 0xAA, 0x6A, 0x8A, 0x3A, 0x24, 0xD5, 0x3A, 0x95, 0x01,
    0x9A, 0xC2, 0xA4, 0x7F, 0x4D, 0x62, 0xCB, 0xAE, 0xEA, 0x7E, 0x43, 0x15, 0x31, 0xA8, 0x56, 0xFB,
    0x60, 0x28, 0xDA, 0x73, 0xAC, 0xD0, 0xFE, 0x74, 0x87, 0x0F, 0x2E, 0x6B, 0x0C, 0x0F, 0x2F, 0xE8,
    0x50, 0x1E, 0xEC, 0xE8, 0x99, 0x46, 0xCF, 0xAB, 0xF3, 0x7F, 0xBF, 0xAC, 0xC0, 0xE9, 0x8E, 0x17,
    0x00, 0x9E, 0x68, 0x13, 0xED, 0x67, 0xB6, 0x13, 0xC3, 0x50, 0x4E, 0x36, 0x8D, 0xF3, 0x69, 0x9A,
    0x6D, 0x3A, 0x4D, 0x41, 0x78, 0x0C, 0x9F, 0x4E, 0x38, 0x88, 0xC9, 0x73, 0xF5, 0x07, 0xA7, 0x38,
    0xDB, 0x7C, 0xB2, 0xB3, 0x2D, 0xC2, 0xB8, 0x9C, 0x6C, 0xEE, 0x37, 0xF9, 0xBF, 0x86, 0x3B, 0x81,
    0xC8, 0x0A, 0xF4, 0xBC, 0xBA, 0x97, 0xA6, 0x7C, 0x1F, 0x5F, 0x1F, 0x69, 0x2D, 0x5D, 0x0C, 0x66,
    0x85, 0x4D, 0x5D, 0x56, 0x9C, 0x24, 0x40, 0x2F, 0xB2, 0xCE, 0xB9, 0x29, 0x15, 0xE7, 0x0F, 0xC9,
    0xAA, 0x6C, 0xFD, 0x0A, 0xA0, 0x5B, 0x80, 0x67, 0x42, 0xB3, 0x9A, 0x15, 0xFD, 0x82, 0xBD, 0x89,
    0x05, 0x9E, 0xCC, 0xB8, 0xE0, 0x97, 0x09, 0x78, 0x7C, 0x2F, 0xAD, 0x79, 0xE9, 0x74, 0xEC, 0x15,
    0x0D, 0x23, 0xD1, 0xD5, 0x53, 0xD4, 0x01, 0x6D, 0x9E, 0xFE, 0x71, 0x40, 0xC5, 0xDF, 0x21, 0x03,
    0xE2, 0xBB, 0xA9, 0x9C, 0xB0, 0xC8, 0x80, 0x66, 0x96, 0x01, 0x87, 0xD4, 0xDE, 0x0D, 0x88, 0x8B,
    0x07, 0x03, 0x7E, 0x70, 0xDC, 0x38, 0x2F, 0x85, 0x71, 0x01, 0xBA, 0x15, 0xFA, 0xAE, 0x25, 0xE1,
    0x40, 0xAF, 0x57, 0x7A, 0x46, 0x64, 0x80, 0xA7, 0x03, 0x6C, 0x02, 0xA6, 0x0C, 0x0C, 0xE5, 0xF8,
    0x37, 0x53, 0xA5, 0x76, 0x60, 0x64, 0x86, 0x7E, 0xAC, 0xE8, 0x00, 0xC4, 0x8F, 0x94, 0x6F, 0x83,
    0x40, 0x81, 0x2B, 0xD0, 0xF3, 0xB9, 0x83, 0x67, 0x0C, 0xB8, 0x24, 0x1D, 0x1E, 0x71, 0xB9, 0x08,
    0x3D, 0xC3, 0x94, 0xA5, 0xAB, 0x4D, 0x97, 0xCA, 0xA3, 0xE8, 0xA2, 0x43, 0x74, 0x04, 0xE2, 0xC7,
    0x9B, 0xF0, 0xE9, 0x2A, 0x30, 0x0B, 0x3B, 0x84, 0x59, 0x68, 0xAE, 0x04, 0x33, 0x3F, 0xE4, 0x08,
    0xEA, 0xA8, 0x43, 0xBC, 0x7A, 0x55, 0x61, 0xBF, 0x98, 0x77, 0x78, 0x33, 0xFB, 0x83, 0x68, 0x66,
    0xFB, 0x7F, 0x79, 0xA9, 0x58, 0x32, 0x2B, 0x1B, 0xBA, 0xDA, 0xD0, 0x19, 0x49, 0x48, 0x6D, 0xC5,
    0x94, 0x85, 0x71, 0x56, 0xF2, 0x2D, 0x36, 0x19, 0x3D, 0xE2, 0xF5, 0xB0, 0x70, 0x05, 0xD9, 0x03,
    0x22, 0x97, 0x33, 0x66, 0x03, 0xD0, 0x51, 0xB0, 0xCC, 0x67, 0xB0, 0x8C, 0x7F, 0xC7, 0x93, 0x40,
    0xD4, 0xC8, 0xA1, 0x3E, 0x59, 0x24, 0xD2, 0x54, 0xA1, 0xDD, 0x0E, 0xCE, 0xAF, 0x7D, 0xD1, 0x79,
    0xB3, 0xB2, 0xCA, 0xEB, 0x05, 0x05, 0xF8, 0x20, 0xD8, 0x74, 0x0F, 0x1F, 0x86, 0xED, 0x82, 0xDA,
    0xAF, 0x1E, 0x3F, 0xE8, 0x41, 0x1A, 0x9E, 0xBD, 0x03, 0xFC, 0x05, 0x8C, 0x53, 0x31, 0x68, 0xDC,
    0x4A, 0x10, 0x7D, 0xBA, 0xB5, 0xFF, 0xF1, 0xFF, 0xC1, 0x97, 0xFB, 0x46, 0x3D, 0x84, 0x6C, 0x9B,
    0x22, 0xF1, 0x2A, 0xA4, 0x48, 0x0F, 0xB9, 0x3A, 0xE9, 0x9B, 0xB8, 0x07, 0x5B, 0x1B, 0xDC, 0x43,
    0xFA, 0x26, 0x7D, 0x9F, 0x52, 0x67, 0x09, 0xD2, 0xC3, 0x81, 0x7B, 0x38, 0x88, 0xFB, 0x6C, 0xEC,
    0x0B, 0x16, 0x9C, 0x4E, 0x93, 0xF7, 0x90, 0x95, 0x83, 0x84, 0x80, 0x87, 0x9B, 0x37, 0xA7, 0xD9,
    0xD9, 0xD9, 0x9D, 0x79, 0x3B, 0x40, 0x09, 0x20, 0x4B, 0x84, 0x79, 0x47, 0x28, 0x36, 0x84, 0x2A,
    0xD2, 0xB5, 0x97, 0x6B, 0x2B, 0x97, 0x99, 0x0D, 0xC1, 0x28, 0x5E, 0xB0, 0x90, 0x6F, 0xA6, 0x55,
    0x34, 0xDA, 0xEB, 0xD7, 0x84, 0xD1, 0x29, 0xC0, 0x47, 0x4C, 0x12, 0xA9, 0x4E, 0xBE, 0x5C, 0xD1,
    0xC1, 0x18, 0x6D, 0xB6, 0x86, 0xDB, 0xED, 0xB6, 0xC8, 0xBF, 0xDE, 0xEE, 0x11, 0xBE, 0xA4, 0xA6,
    0x6C, 0x5C, 0xF2, 0xF1, 0x89, 0x4B, 0xFF, 0x31, 0x38, 0xE1, 0xF1, 0x80, 0x4C, 0x90, 0x97, 0x84,
    0xE2, 0x70, 0x05, 0x9D, 0x84, 0x6A, 0x74, 0x36, 0x66, 0xB6, 0x35, 0x4A, 0xAF, 0x7F, 0x9D, 0xA2,
    0x7F, 0x55, 0x37, 0x1C, 0x0A, 0x16, 0x44, 0xC2, 0x3F, 0xCA, 0xBC, 0x79, 0xFC, 0x0D, 0x9E, 0xB9,
    0xF4, 0x3F, 0xAE, 0x5C, 0x0A, 0x65, 0x75, 0x99, 0x0C, 0xC5, 0xF5, 0x5D, 0x8F, 0xF9, 0x6E, 0x97,
    0x90, 0x99, 0xB5, 0x40, 0x65, 0x4A, 0xDC, 0xEB, 0x1C, 0xED, 0xC8, 0x22, 0x26, 0x29, 0x71, 0x32,
    0xF6, 0xBC, 0xD3, 0x62, 0x97, 0x0D, 0xE3, 0x35, 0x9A, 0xA8, 0xBB, 0xE9, 0x5F, 0xB6, 0x97, 0x5F,
    0xDD, 0x07, 0x17, 0x0B, 0x93, 0xC4, 0x60, 0x92, 0xD6, 0x8F, 0x5F, 0xAA, 0x16, 0x83, 0xEA, 0x85,
    0xEB, 0xC4, 0x04, 0x6B, 0x13, 0x17, 0xCA, 0xC0, 0x56, 0x70, 0x9B, 0xF8, 0xC8, 0xFA, 0x91, 0x91,
    0x77, 0x90, 0xC8, 0xA5, 0xFA, 0x16, 0x1D, 0xC1, 0x2B, 0xA2, 0xB1, 0x16, 0x33, 0xB3, 0x84, 0xC5,
    0x1D, 0x2F, 0xEF, 0xAF, 0x93, 0xA1, 0x79, 0x95, 0x42, 0x7C, 0xE1, 0x52, 0x5E, 0x1E, 0xFD, 0xAD,
    0x70, 0x91, 0x05, 0xD1, 0x16, 0xC3, 0x25, 0x09, 0x14, 0x95, 0x23, 0xA9, 0xA2, 0x77, 0x24, 0x9A,
    0x94, 0x4F, 0xE4, 0x63, 0x2A, 0xDC, 0x9B, 0x95, 0xD5, 0xA4, 0x1B, 0xA0, 0xE9, 0x80, 0x95, 0x01,
    0x75, 0xD5, 0x62, 0x55, 0x24, 0xAC, 0x5C, 0x8F, 0x15, 0x8C, 0x1A, 0xDA, 0x73, 0xE4, 0x09, 0xA0,
    0x03, 0x50, 0x8E, 0x93, 0x19, 0xF9, 0x73, 0x24, 0x92, 0x96, 0xBE, 0x9C, 0x1A, 0xA8, 0x56, 0x33,
    0xA4, 0x66, 0x68, 0x8D, 0xAA, 0xAD, 0x33, 0x43, 0x3D, 0xEF, 0x51, 0xB3, 0x81, 0x75, 0x88, 0xC0,
    0x53, 0x00, 0x47, 0x0F, 0x5A, 0x00, 0xCC, 0x0A, 0x65, 0x3D, 0x67, 0xD6, 0x0B, 0x18, 0x35, 0xB4,
    0x17, 0x74, 0x9C, 0x32, 0xC7, 0x29, 0x60, 0x17, 0x40, 0x18, 0x18, 0x31, 0xC0, 0x6C, 0x20, 0x85,
    0x7B, 0x6A, 0xAF, 0xB3, 0xA9, 0x5B, 0x75, 0x79, 0x3C, 0x28, 0xB4, 0x35, 0x0C, 0x35, 0x93, 0xD4,
    0x4C, 0x56, 0x33, 0xA9, 0x6A, 0x68, 0x7A, 0x6A, 0xA2, 0x9A, 0x49, 0x55, 0x23, 0x70, 0x0C, 0x8A,
    0x2F, 0xC7, 0x07, 0x29, 0x26, 0x0F, 0x03, 0x75, 0x03, 0xD1, 0x09, 0x51, 0xDB, 0x92, 0xE9, 0x62,
    0xC3, 0x55, 0x97, 0x48, 0x1E, 0xA1, 0x28, 0x09, 0x80, 0x80, 0x0B, 0xB9, 0x42, 0x04, 0x20, 0xDC,
    0x88, 0x42, 0x50, 0xF2, 0x56, 0x90, 0xF0, 0xD0, 0x23, 0x18, 0xD0, 0xE8, 0x55, 0x4C, 0x2F, 0x24,
    0x86, 0xC8, 0x8C, 0x57, 0x60, 0xEE, 0x9E, 0x49, 0x08, 0x79, 0xE4, 0x67, 0x06, 0xA8, 0x33, 0x50,
    0x48, 0xB9, 0x10, 0xA0, 0x11, 0x00, 0x67, 0x90, 0xF4, 0x90, 0x98, 0x80, 0x85, 0x0A, 0xF3, 0xAD,
    0xD0, 0xED, 0x21, 0x19, 0xF7, 0x58, 0x3B, 0x62, 0xB6, 0x5C, 0x2E, 0xB5, 0x37, 0xEA, 0x11, 0xBA,
    0xB4, 0xD8, 0x2A, 0xDA, 0xEB, 0x01, 0xAC, 0x1B, 0xBA, 0xED, 0x03, 0xDD, 0xB3, 0x01, 0x9F, 0x1F,
    0x1E, 0x1C, 0xFC, 0x8F, 0xE5, 0xF2, 0x0D, 0x54, 0xF7, 0x00, 0x2F, 0x1C, 0x0B, 0x80, 0xFB, 0xE3,
    0xD4, 0x69, 0x41, 0x78, 0x78, 0x3F, 0x38, 0x4C, 0xD1, 0x3C, 0xE1, 0x78, 0x9C, 0x2E, 0x0F, 0x4D,
    0x9A, 0xBA, 0xAC, 0xA9, 0xA3, 0x99, 0xDF, 0xEF, 0x12, 0x4D, 0x71, 0x7D, 0xDB, 0xD3, 0x70, 0x32,
    0x1B, 0x1A, 0x4D, 0xE9, 0xFB, 0x12, 0x9A, 0x58, 0x7E, 0x29, 0xB1, 0x97, 0xF9, 0xCE, 0x0D, 0x67,
    0x70, 0xF7, 0xC9, 0xBF, 0xEC, 0xE1, 0xEE, 0x7A, 0xFF, 0xBA, 0xE3, 0x9A, 0xF9, 0xB7, 0x1B, 0x9A,
    0xF0, 0xAD, 0x89, 0x34, 0xB9, 0x0D, 0xA0, 0x71, 0xD6, 0xC9, 0xC0, 0x36, 0x90, 0x84, 0x12, 0x92,
    0x7F, 0x71, 0x10, 0xCD, 0x58, 0xD6, 0x4D, 0xCD, 0xCA, 0x3F, 0x31, 0x22, 0xCC, 0xD7, 0x40, 0x3F,
    0x4B, 0xE0, 0xAF, 0xC6, 0xA2, 0x45, 0x80, 0xE7, 0x13, 0x6E, 0x2B, 0xC2, 0x06, 0xCF, 0x67, 0x6B,
    0xFC, 0x0E, 0xC1, 0x04, 0xF6, 0x73, 0x17, 0x18, 0x00, 0xA5, 0x93, 0x01, 0x86, 0xDD, 0x40, 0x1C,
    0xC6, 0x7F, 0x49, 0xAA, 0xC1, 0x60, 0x1E, 0xBA, 0x94, 0x62, 0x8E, 0x30, 0xB0, 0x80, 0xDD, 0x37,
    0x73, 0x84, 0xC2, 0x9E, 0x63, 0x01, 0x16, 0x6F, 0x37, 0x39, 0x4C, 0x0F, 0xD1, 0xF2, 0xB6, 0x99,
    0x23, 0xE4, 0x08, 0x53, 0x7A, 0x80, 0xC1, 0x60, 0x5E, 0x65, 0xDF, 0xF4, 0x1F, 0x79, 0x0F, 0x45,
    0xC1, 0x4A, 0x7E, 0x26, 0xF9, 0xFE, 0xBE, 0xE4, 0xCB, 0x17, 0x73, 0x03, 0xB8, 0x08, 0x5F, 0xCE,
    0x80, 0x0B, 0xA0, 0x12, 0x74, 0x05, 0x78, 0x03, 0x26, 0x18, 0xEA, 0xD8, 0xFD, 0xA9, 0x41, 0x87,
    0x61, 0xB6, 0xDE, 0x46, 0x87, 0x5E, 0x49, 0x0E, 0x95, 0x9C, 0x57, 0xD1, 0x05, 0x35, 0x9B, 0xA0,
    0x82, 0x4E, 0xDA, 0xB7, 0xE7, 0x57, 0x78, 0x8C, 0x00, 0x60, 0xF3, 0x6D, 0x5B, 0x6B, 0x56, 0xA7,
    0x69, 0x36, 0xA3, 0x8E, 0x7B, 0xF6, 0xE9, 0x9E, 0x9C, 0xEF, 0xBA, 0xB9, 0x1C, 0xB4, 0x2F, 0xF7,
    0x72, 0xE3, 0x72, 0x93, 0xCC, 0xDC, 0x47, 0x7D, 0x7A, 0x0C, 0xAE, 0x56, 0x6E, 0x1F, 0x33, 0x00,
    0x34, 0x1E, 0x54, 0x00, 0x3D, 0x83, 0x89, 0xE0, 0x92, 0x90, 0xE1, 0xE7, 0x02, 0xCB, 0x42, 0x53,
    0x5E, 0x68, 0xB3, 0xA3, 0x4B, 0x56, 0x12, 0x98, 0xA0, 0xE5, 0x90, 0x0C, 0xD1, 0xFA, 0x2E, 0x39,
    0x79, 0xE7, 0x50, 0x6B, 0x59, 0x01, 0xD8, 0xAE, 0x05, 0xDF, 0xBE, 0x0B, 0x27, 0x4C, 0xB5, 0x46,
    0x27, 0x68, 0xA1, 0xCB, 0xD0, 0x2C, 0xC0, 0x00, 0xD8, 0x6B, 0x6F, 0xCB, 0x26, 0xAE, 0x43, 0x1D,
    0xB7, 0x3E, 0xA7, 0x4D, 0xEA, 0x57, 0xE9, 0xE2, 0x9F, 0x04, 0x80, 0x35, 0xEB, 0x0A, 0x2C, 0x90,
    0x69, 0x13, 0x5D, 0x44, 0x05, 0xF4, 0x88, 0xF1, 0x38, 0xB8, 0x87, 0x23, 0x94, 0xCB, 0xA4, 0x97,
    0x89, 0x9C, 0x1E, 0x0B, 0x7B, 0x38, 0x00, 0xA8, 0xD1, 0xA6, 0x41, 0x8A, 0x34, 0xB1, 0x1F, 0x81,
    0x6F, 0xD0, 0x16, 0xE8, 0xB2, 0x90, 0xA0, 0x17, 0x54, 0x44, 0x6C, 0x17, 0x46, 0x30, 0xFE, 0x63,
    0xB0, 0xB8, 0xE8, 0x98, 0xD2, 0x9E, 0x1F, 0xE5, 0x00, 0xCB, 0x11, 0x5E, 0xCA, 0x56, 0xB1, 0x49,
    0xA0, 0x85, 0x3E, 0x42, 0x37, 0x43, 0x13, 0x80, 0x91, 0xB5, 0x66, 0xBB, 0x4C, 0xE9, 0xCE, 0xC6,
    0xF2, 0xA4, 0xC2, 0xD3, 0x41, 0xB8, 0x33, 0xA9, 0xB8, 0x65, 0x48, 0x32, 0x1B, 0xAF, 0xFF, 0x1C,
    0x4E, 0x0B, 0x5D, 0x7A, 0x15, 0xFF, 0x51, 0x4C, 0xBF, 0xD1, 0x33, 0xEF, 0xE1, 0xB3, 0x0E, 0x1C,
    0xCD, 0xC8, 0x62, 0xE1, 0xED, 0x79, 0x8B, 0xD8, 0x00, 0x7D, 0x66, 0x67, 0xCF, 0x1C, 0xF7, 0x66,
    0x2C, 0x87, 0xFE, 0x57, 0x3E, 0x34, 0x35, 0xED, 0x70, 0xE3, 0xFF, 0x74, 0x38, 0x02, 0x5B, 0x2D,
    0x43, 0xAD, 0xE3, 0x15, 0x8C, 0x07, 0x07, 0x3C, 0xF3, 0x8F, 0xDE, 0xA5, 0xED, 0xF3, 0x55, 0x00,
    0xE0, 0x13, 0x34, 0x05, 0x6C, 0xA1, 0xAD, 0x33, 0xC3, 0x09, 0x25, 0x56, 0xB7, 0x40, 0x2F, 0x2B,
    0xF6, 0x0D, 0xD1, 0x23, 0x98, 0x02, 0xCD, 0x77, 0xE0, 0xC3, 0xCD, 0xC3, 0xC3, 0x57, 0x57, 0x6B,
    0x11, 0xF2, 0x0E, 0x78, 0xB9, 0x6E, 0xB3, 0xEA, 0x61, 0x2A, 0x17, 0xE3, 0x94, 0xD7, 0x07, 0x35,
    0xB2, 0x98, 0xB3, 0x67, 0x88, 0xF0, 0x0C, 0xEC, 0x80, 0x8B, 0x3F, 0xAF, 0xFC, 0x05, 0x95, 0x90,
    0x21, 0x4C, 0xC4, 0x40, 0x10, 0x45, 0x7F, 0xDB, 0x84, 0x13, 0x27, 0xD6, 0x60, 0x50, 0x78, 0x55,
    0x83, 0x6F, 0xC9, 0x89, 0x13, 0x27, 0x0E, 0x6F, 0xF0, 0xEA, 0xBC, 0x20, 0xB3, 0x60, 0x90, 0xE0,
    0xCD, 0x79, 0x6F, 0x49, 0xB6, 0xC1, 0x8B, 0x7A, 0x4C, 0x13, 0x7C, 0xB2, 0x62, 0x44, 0x21, 0x2D,
    0xC3, 0xCC, 0x5E, 0x29, 0xA8, 0x23, 0x37, 0xE2, 0xFD, 0xA4, 0xA2, 0xFF, 0xFD, 0xC5, 0xF2, 0x23,
    0x0B, 0x1E, 0x77, 0xB4, 0x79, 0x8B, 0xE8, 0xAB, 0xFD, 0x2A, 0xE6, 0x5C, 0x51, 0x11, 0x0B, 0x3E,
    0xA7, 0xB3, 0xBA, 0x88, 0x20, 0x40, 0x19, 0x00, 0x12, 0x91, 0xAF, 0x89, 0x8E, 0x33, 0x01, 0x16,
    0xF6, 0xFD, 0x3F, 0xB2, 0xD1, 0x0D, 0x99, 0x78, 0x90, 0x6C, 0x25, 0x4E, 0x44, 0x2E, 0xCF, 0x40,
    0xB9, 0xEE, 0x81, 0x17, 0x8C, 0xC8, 0x7A, 0x45, 0xC1, 0x18, 0x0C, 0x30, 0x5C, 0x58, 0xD5, 0x78,
    0x80, 0xE3, 0x7C, 0xB4, 0x3F, 0x1D, 0x87, 0x6A, 0x8D, 0xB9, 0xD4, 0x24, 0x7B, 0xE9, 0x12, 0x60,
    0xA7, 0x03, 0x17, 0xD0, 0x7D, 0x3B, 0xE8, 0x3C, 0x41, 0xCE, 0x0A, 0x1D, 0x17, 0xD2, 0x2A, 0x03,
    0x81, 0x24, 0x4E, 0x70, 0x0C, 0x32, 0xF1, 0x63, 0xB0, 0x41, 0x69, 0x0F, 0xC9, 0x46, 0x38, 0x41,
    0x3B, 0x50, 0x8E, 0xB0, 0x9A, 0x6B, 0xDE, 0x35, 0xD6, 0xF4, 0xD8, 0xBA, 0xCE, 0xCA, 0xB6, 0xCD,
    0xB2, 0xB3, 0xBE, 0xD2, 0xBB, 0xD6, 0xDA, 0x2A, 0x0F, 0x1C, 0x32, 0xBB, 0x01, 0x89, 0x5D, 0x37,
    0xA7, 0x3D, 0xAB, 0xBF, 0xEC, 0xAC, 0xA8, 0xF2, 0xEE, 0x84, 0x64, 0x54, 0x8D, 0x8B, 0xAA, 0x85,
    0xD0, 0x96, 0x0C, 0x92, 0x95, 0x0C, 0x22, 0x73, 0xCE, 0xA7, 0x9E, 0xA1, 0xBD, 0x32, 0xCF, 0xD5,
    0xFB, 0x27, 0x9B, 0xE7, 0xD3, 0xAB, 0xB0, 0x79, 0xDE, 0x3E, 0x68, 0x9A, 0xE7, 0xFD, 0x9A, 0x93,
    0x5F, 0x5D, 0xFC, 0x66, 0xF2, 0xFB, 0x93, 0x8E, 0x11, 0xBC, 0xA6, 0xF5, 0xD7, 0xA7, 0x24, 0xAB,
    0xAF, 0x22, 0x79, 0x2A, 0xCC, 0xAF, 0x27, 0xF1, 0x3F, 0xF9, 0x0D, 0x4D, 0x8E, 0x01, 0x06, 0x03,
    0x41, 0x10, 0x04, 0x47, 0x06, 0x10, 0xCC, 0x47, 0x22, 0x79, 0xC2, 0x22, 0x0F, 0xCB, 0xD3, 0x6E,
    0x03, 0xF6, 0x05, 0xF9, 0xC7, 0x20, 0x38, 0xEC, 0xA6, 0x32, 0xCD, 0xE1, 0x1A, 0x0A, 0x85, 0x6A,
    0x33, 0xBB, 0x99, 0x69, 0x98, 0xE6, 0x74, 0x21, 0x48, 0xA1, 0x31, 0x05, 0x40, 0x8A, 0xCF, 0x56,
    0x32, 0x96, 0x45, 0x96, 0xDA, 0xEF, 0x5E, 0x92, 0x6F, 0x7B, 0x52, 0x6A, 0x2F, 0xF4, 0x60, 0x6D,
    0x4E, 0x36, 0x58, 0x57, 0xE6, 0x0B, 0xF2, 0xC1, 0xAF, 0xC1, 0x1B, 0x66, 0xC0, 0x80, 0x74, 0x84,
    0x6E, 0x68, 0x0A, 0x0C, 0x25, 0x82, 0x8B, 0x82, 0x5E, 0x50, 0x9E, 0xC1, 0xA9, 0x1E, 0xE4, 0xE9,
    0x99, 0x49, 0x1D, 0xAF, 0xFF,
};

static const EpdGlyph youngserif_14_boldGlyphs[] = {
    { 0, 0, 246, 0, 0, 0, 0 }, // U+000D
    { 0, 0, 103, 0, 0, 0, 0 }, // U+0020
    { 6, 19, 153, 1, 19, 29, 0 }, // !
    { 9, 7, 165, 0, 19, 16, 29 }, // "
    { 19, 18, 312, 0, 18, 86, 45 }, // #
    { 18, 26, 329, 1, 23, 117, 131 }, // $
    { 24, 22, 383, 0, 21, 132, 248 }, // %
    { 21, 19, 334, 0, 19, 100, 380 }, // &
    { 5, 7, 88, 0, 19, 9, 480 }, // '
    { 8, 25, 187, 2, 21, 50, 489 }, // (
    { 9, 25, 187, 1, 21, 57, 539 }, // )
    { 13, 12, 239, 1, 19, 39, 596 }, // *
    { 15, 13, 246, 0, 13, 49, 635 }, // +
    { 6, 9, 130, 1, 5, 14, 684 }, // ,
    { 11, 3, 210, 1, 8, 9, 698 }, // -
    { 6, 5, 128, 1, 5, 8, 707 }, // .
    { 12, 24, 205, 1, 19, 72, 715 }, // /
    { 15, 15, 247, 0, 15, 57, 787 }, // 0
    { 10, 15, 163, 0, 15, 38, 844 }, // 1
    { 14, 14, 223, 0, 14, 49, 882 }, // 2
    { 13, 20, 218, 0, 15, 65, 931 }, // 3
    { 15, 19, 236, 0, 14, 72, 996 }, // 4
    { 14, 20, 221, 0, 15, 70, 1068 }, // 5
    { 15, 19, 250, 0, 19, 72, 1138 }, // 6
    { 15, 21, 235, 0, 15, 79, 1210 }, // 7
    { 14, 19, 229, 0, 19, 67, 1289 }, // 8
    { 15, 20, 250, 0, 19, 75, 1356 }, // 9
    { 6, 15, 128, 1, 15, 23, 1431 }, // :
    { 6, 19, 130, 1, 15, 29, 1454 }, // ;
    { 15, 14, 246, 0, 15, 53, 1483 }, // <
    { 13, 9, 246, 1, 12, 30, 1536 }, // =
    { 15, 14, 246, 0, 15, 53, 1566 }, // >
    { 13, 19, 222, 0, 19, 62, 1619 }, // ?
    { 25, 25, 428, 1, 19, 157, 1681 }, // @
    { 20, 19, 323, 0, 19, 95, 1838 }, // A
    { 18, 19, 295, 0, 19, 86, 1933 }, // B
    { 20, 19, 308, 0, 19, 95, 2019 }, // C
    { 20, 19, 324, 0, 19, 95, 2114 }, // D
    { 19, 20, 310, 0, 20, 95, 2209 }, // E
    { 18, 20, 285, 0, 20, 90, 2304 }, // F
    { 20, 19, 317, 0, 19, 95, 2394 }, // G
    { 23, 19, 369, 0, 19, 110, 2489 }, // H
    { 10, 19, 167, 0, 19, 48, 2599 }, // I
    { 13, 19, 216, 0, 19, 62, 2647 }, // J
    { 21, 19, 328, 0, 19, 100, 2709 }, // K
    { 18, 20, 287, 0, 19, 90, 2809 }, // L
    { 26, 19, 426, 0, 19, 124, 2899 }, // M
    { 23, 19, 366, 0, 19, 110, 3023 }, // N
    { 21, 19, 337, 0, 19, 100, 3133 }, // O
    { 18, 19, 302, 0, 19, 86, 3233 }, // P
    { 21, 24, 337, 0, 19, 126, 3319 }, // Q
    { 21, 19, 328, 0, 19, 100, 3445 }, // R
    { 19, 19, 297, 0, 19, 91, 3545 }, // S
    { 20, 19, 323, 0, 19, 95, 3636 }, // T
    { 21, 19, 332, 0, 19, 100, 3731 }, // U
    { 20, 19, 322, 0, 19, 95, 3831 }, // V
    { 31, 19, 496, 0, 19, 148, 3926 }, // W
    { 22, 19, 351, 0, 19, 105, 4074 }, // X
    { 21, 19, 326, 0, 19, 100, 4179 }, // Y
    { 19, 19, 306, 0, 19, 91, 4279 }, // Z
    { 7, 25, 163, 2, 22, 44, 4370 }, // [
    { 12, 24, 205, 0, 19, 72, 4414 }, // <backslash>
    { 8, 25, 163, 1, 22, 50, 4486 }, // ]
    { 15, 10, 246, 0, 20, 38, 4536 }, // ^
    { 15, 3, 246, 0, 0, 12, 4574 }, // _
    { 7, 6, 246, 4, 20, 11, 4586 }, // `
    { 16, 14, 254, 0, 13, 56, 4597 }, // a
    { 15, 21, 250, 0, 21, 79, 4653 }, // b
    { 13, 13, 211, 0, 13, 43, 4732 }, // c
    { 16, 22, 254, 0, 21, 88, 4775 }, // d
    { 14, 13, 211, 0, 13, 46, 4863 }, // e
    { 13, 20, 165, 0, 20, 65, 4909 }, // f
    { 14, 19, 214, 0, 14, 67, 4974 }, // g
    { 18, 21, 280, 0, 21, 95, 5041 }, // h
    { 9, 19, 142, 0, 19, 43, 5136 }, // i
    { 11, 24, 125, -4, 19, 66, 5179 }, // j
    { 16, 21, 264, 0, 21, 84, 5245 }, // k
    { 9, 21, 142, 0, 21, 48, 5329 }, // l
    { 27, 14, 425, 0, 14, 95, 5377 }, // m
    { 17, 14, 280, 0, 14, 60, 5472 }, // n
    { 14, 13, 236, 0, 13, 46, 5532 }, // o
    { 16, 19, 259, 0, 14, 76, 5578 }, // p
    { 16, 18, 257, 0, 13, 72, 5654 }, // q
    { 14, 14, 218, 0, 14, 49, 5726 }, // r
    { 14, 13, 223, 0, 13, 46, 5775 }, // s
    { 11, 18, 168, 0, 18, 50, 5821 }, // t
    { 17, 14, 271, 0, 13, 60, 5871 }, // u
    { 16, 13, 246, 0, 13, 52, 5931 }, // v
    { 24, 13, 383, 0, 13, 78, 5983 }, // w
    { 16, 13, 248, 0, 13, 52, 6061 }, // x
    { 15, 19, 238, 0, 13, 72, 6113 }, // y
    { 14, 13, 224, 0, 13, 46, 6185 }, // z
    { 8, 24, 187, 2, 21, 48, 6231 }, // {
    { 3, 24, 246, 6, 19, 18, 6279 }, // |
    { 8, 24, 187, 2, 21, 48, 6297 }, // }
    { 15, 6, 246, 0, 10, 23, 6345 }, // ~
    { 0, 0, 103, 0, 0, 0, 0 }, // U+00A0
    { 5, 20, 153, 3, 13, 25, 0 }, // U+00A1
    { 13, 19, 233, 1, 19, 62, 25 }, // U+00A2
    { 18, 19, 317, 1, 19, 86, 87 }, // U+00A3
    { 14, 13, 258, 1, 15, 46, 173 }, // U+00A4
    { 21, 19, 365, 1, 19, 100, 219 }, // U+00A5
    { 3, 23, 246, 6, 19, 18, 319 }, // U+00A6
    { 18, 28, 323, 1, 21, 126, 337 }, // U+00A7
    { 12, 5, 246, 2, 19, 15, 463 }, // U+00A8
    { 20, 20, 323, 0, 20, 100, 478 }, // U+00A9
    { 13, 13, 213, 0, 21, 43, 578 }, // U+00AA
    { 13, 12, 270, 2, 14, 39, 621 }, // U+00AB
    { 15, 8, 246, 0, 8, 30, 660 }, // U+00AC
    { 20, 20, 323, 0, 20, 100, 690 }, // U+00AE
    { 9, 3, 246, 3, 17, 7, 790 }, // U+00AF
    { 8, 6, 146, 1, 19, 12, 797 }, // U+00B0
    { 15, 15, 246, 0, 15, 57, 809 }, // U+00B1
    { 11, 11, 169, 0, 20, 31, 866 }, // U+00B2
    { 10, 11, 157, 0, 21, 28, 897 }, // U+00B3
    { 7, 6, 246, 4, 20, 11, 925 }, // U+00B4
    { 15, 18, 246, 0, 13, 68, 936 }, // U+00B5
    { 14, 23, 246, 1, 19, 81, 1004 }, // U+00B6
    { 6, 5, 96, 0, 12, 8, 1085 }, // U+00B7
    { 7, 8, 246, 3, 2, 14, 1093 }, // U+00B8
    { 8, 11, 123, 0, 21, 22, 1107 }, // U+00B9
    { 12, 13, 188, 0, 21, 39, 1129 }, // U+00BA
    { 14, 12, 270, 1, 14, 42, 1168 }, // U+00BB
    { 20, 24, 329, 0, 21, 120, 1210 }, // U+00BC
    { 21, 22, 329, 0, 21, 116, 1330 }, // U+00BD
    { 20, 24, 329, 0, 21, 120, 1446 }, // U+00BE
    { 13, 21, 222, 1, 13, 69, 1566 }, // U+00BF
    { 20, 26, 323, 0, 26, 130, 1635 }, // U+00C0
    { 20, 26, 323, 0, 26, 130, 1765 }, // U+00C1
    { 20, 26, 323, 0, 26, 130, 1895 }, // U+00C2
    { 20, 25, 323, 0, 25, 125, 2025 }, // U+00C3
    { 20, 25, 323, 0, 25, 125, 2150 }, // U+00C4
    { 20, 25, 323, 0, 25, 125, 2275 }, // U+00C5
    { 30, 20, 479, 0, 20, 150, 2400 }, // U+00C6
    { 20, 25, 308, 0, 19, 125, 2550 }, // U+00C7
    { 19, 26, 310, 0, 26, 124, 2675 }, // U+00C8
    { 19, 26, 310, 0, 26, 124, 2799 }, // U+00C9
    { 19, 26, 310, 0, 26, 124, 2923 }, // U+00CA
    { 19, 25, 310, 0, 25, 119, 3047 }, // U+00CB
    { 10, 26, 167, 0, 26, 65, 3166 }, // U+00CC
    { 10, 26, 167, 0, 26, 65, 3231 }, // U+00CD
    { 11, 26, 167, 0, 26, 72, 3296 }, // U+00CE
    { 12, 25, 167, -1, 25, 75, 3368 }, // U+00CF
    { 20, 19, 324, 0, 19, 95, 3443 }, // U+00D0
    { 23, 25, 366, 0, 25, 144, 3538 }, // U+00D1
    { 21, 26, 337, 0, 26, 137, 3682 }, // U+00D2
    { 21, 26, 337, 0, 26, 137, 3819 }, // U+00D3
    { 21, 26, 337, 0, 26, 137, 3956 }, // U+00D4
    { 21, 25, 337, 0, 25, 132, 4093 }, // U+00D5
    { 21, 25, 337, 0, 25, 132, 4225 }, // U+00D6
    { 14, 14, 246, 1, 13, 49, 4357 }, // U+00D7
    { 21, 24, 337, 0, 22, 126, 4406 }, // U+00D8
    { 21, 26, 332, 0, 26, 137, 4532 }, // U+00D9
    { 21, 26, 332, 0, 26, 137, 4669 }, // U+00DA
    { 21, 26, 332, 0, 26, 137, 4806 }, // U+00DB
    { 21, 25, 332, 0, 25, 132, 4943 }, // U+00DC
    { 21, 26, 326, 0, 26, 137, 5075 }, // U+00DD
    { 18, 19, 288, 0, 19, 86, 5212 }, // U+00DE
    { 18, 19, 288, 0, 19, 86, 5298 }, // U+00DF
    { 16, 21, 254, 0, 20, 84, 5384 }, // U+00E0
    { 16, 21, 254, 0, 20, 84, 5468 }, // U+00E1
    { 16, 21, 254, 0, 20, 84, 5552 }, // U+00E2
    { 16, 20, 254, 0, 19, 80, 5636 }, // U+00E3
    { 16, 20, 254, 0, 19, 80, 5716 }, // U+00E4
    { 16, 22, 254, 0, 21, 88, 5796 }, // U+00E5
    { 23, 14, 369, 0, 13, 81, 5884 }, // U+00E6
    { 13, 19, 211, 0, 13, 62, 5965 }, // U+00E7
    { 14, 20, 211, 0, 20, 70, 6027 }, // U+00E8
    { 14, 20, 211, 0, 20, 70, 6097 }, // U+00E9
    { 14, 20, 211, 0, 20, 70, 6167 }, // U+00EA
    { 14, 19, 211, 0, 19, 67, 6237 }, // U+00EB
    { 9, 20, 142, 0, 20, 45, 6304 }, // U+00EC
    { 9, 20, 142, 0, 20, 45, 6349 }, // U+00ED
    { 11, 20, 142, -1, 20, 55, 6394 }, // U+00EE
    { 11, 19, 142, -1, 19, 53, 6449 }, // U+00EF
    { 14, 21, 235, 0, 21, 74, 6502 }, // U+00F0
    { 17, 19, 280, 0, 19, 81, 6576 }, // U+00F1
    { 14, 20, 236, 0, 20, 70, 6657 }, // U+00F2
    { 14, 20, 236, 0, 20, 70, 6727 }, // U+00F3
    { 14, 20, 236, 0, 20, 70, 6797 }, // U+00F4
    { 14, 19, 236, 0, 19, 67, 6867 }, // U+00F5
    { 14, 19, 236, 0, 19, 67, 6934 }, // U+00F6
    { 15, 15, 246, 0, 15, 57, 7001 }, // U+00F7
    { 15, 13, 236, 0, 13, 49, 7058 }, // U+00F8
    { 17, 21, 271, 0, 20, 90, 7107 }, // U+00F9
    { 17, 21, 271, 0, 20, 90, 7197 }, // U+00FA
    { 17, 21, 271, 0, 20, 90, 7287 }, // U+00FB
    { 17, 20, 271, 0, 19, 85, 7377 }, // U+00FC
    { 15, 26, 238, 0, 20, 98, 7462 }, // U+00FD
    { 16, 25, 259, 0, 20, 100, 7560 }, // U+00FE
    { 15, 25, 238, 0, 19, 94, 7660 }, // U+00FF
    { 20, 23, 323, 0, 23, 115, 0 }, // U+0100
    { 16, 18, 254, 0, 17, 72, 115 }, // U+0101
    { 20, 24, 323, 0, 24, 120, 187 }, // U+0102
    { 16, 19, 254, 0, 18, 76, 307 }, // U+0103
    { 22, 25, 323, 0, 19, 138, 383 }, // U+0104
    { 17, 18, 254, 0, 13, 77, 521 }, // U+0105
    { 20, 26, 308, 0, 26, 130, 598 }, // U+0106
    { 13, 20, 211, 0, 20, 65, 728 }, // U+0107
    { 20, 26, 308, 0, 26, 130, 793 }, // U+0108
    { 13, 20, 211, 0, 20, 65, 923 }, // U+0109
    { 20, 25, 308, 0, 25, 125, 988 }, // U+010A
    { 13, 19, 211, 0, 19, 62, 1113 }, // U+010B
    { 20, 26, 308, 0, 26, 130, 1175 }, // U+010C
    { 13, 20, 211, 0, 20, 65, 1305 }, // U+010D
    { 20, 26, 324, 0, 26, 130, 1370 }, // U+010E
    { 19, 22, 303, 0, 21, 105, 1500 }, // U+010F
    { 20, 19, 324, 0, 19, 95, 1605 }, // U+0110
    { 16, 23, 252, 0, 22, 92, 1700 }, // U+0111
    { 19, 23, 310, 0, 23, 110, 1792 }, // U+0112
    { 14, 17, 211, 0, 17, 60, 1902 }, // U+0113
    { 19, 24, 310, 0, 24, 114, 1962 }, // U+0114
    { 14, 18, 211, 0, 18, 63, 2076 }, // U+0115
    { 19, 25, 310, 0, 25, 119, 2139 }, // U+0116
    { 14, 19, 211, 0, 19, 67, 2258 }, // U+0117
    { 19, 26, 310, 0, 20, 124, 2325 }, // U+0118
    { 14, 19, 211, 0, 13, 67, 2449 }, // U+0119
    { 19, 26, 310, 0, 26, 124, 2516 }, // U+011A
    { 14, 20, 211, 0, 20, 70, 2640 }, // U+011B
    { 20, 26, 317, 0, 26, 130, 2710 }, // U+011C
    { 14, 25, 214, 0, 20, 88, 2840 }, // U+011D
    { 20, 24, 317, 0, 24, 120, 2928 }, // U+011E
    { 14, 23, 214, 0, 18, 81, 3048 }, // U+011F
    { 20, 25, 317, 0, 25, 125, 3129 }, // U+0120
    { 14, 24, 214, 0, 19, 84, 3254 }, // U+0121
    { 20, 26, 317, 0, 19, 130, 3338 }, // U+0122
    { 14, 26, 214, 0, 21, 91, 3468 }, // U+0123
    { 23, 26, 369, 0, 26, 150, 3559 }, // U+0124
    { 19, 27, 280, -1, 27, 129, 3709 }, // U+0125
    { 23, 19, 369, 0, 19, 110, 3838 }, // U+0126
    { 18, 21, 280, 0, 21, 95, 3948 }, // U+0127
    { 10, 25, 167, 0, 25, 63, 4043 }, // U+0128
    { 10, 19, 142, -1, 19, 48, 4106 }, // U+0129
    { 10, 23, 167, 0, 23, 58, 4154 }, // U+012A
    { 9, 17, 142, 0, 17, 39, 4212 }, // U+012B
    { 10, 24, 167, 0, 24, 60, 4251 }, // U+012C
    { 9, 18, 142, 0, 18, 41, 4311 }, // U+012D
    { 12, 25, 167, 0, 19, 75, 4352 }, // U+012E
    { 11, 25, 142, 0, 19, 69, 4427 }, // U+012F
    { 10, 25, 167, 0, 25, 63, 4496 }, // U+0130
    { 9, 15, 142, 0, 15, 34, 4559 }, // U+0131
    { 22, 19, 362, 0, 19, 105, 4593 }, // U+0132
    { 15, 24, 243, 0, 19, 90, 4698 }, // U+0133
    { 14, 26, 216, 0, 26, 91, 4788 }, // U+0134
    { 14, 25, 125, -4, 20, 88, 4879 }, // U+0135
    { 21, 26, 328, 0, 19, 137, 4967 }, // U+0136
    { 16, 28, 264, 0, 21, 112, 5104 }, // U+0137
    { 16, 13, 264, 0, 13, 52, 5216 }, // U+0138
    { 18, 27, 287, 0, 26, 122, 5268 }, // U+0139
    { 9, 27, 142, 0, 27, 61, 5390 }, // U+013A
    { 18, 26, 287, 0, 19, 117, 5451 }, // U+013B
    { 9, 28, 142, 0, 21, 63, 5568 }, // U+013C
    { 18, 20, 287, 0, 19, 90, 5631 }, // U+013D
    { 11, 21, 186, 0, 21, 58, 5721 }, // U+013E
    { 18, 20, 276, 0, 19, 90, 5779 }, // U+013F
    { 15, 21, 238, 0, 21, 79, 5869 }, // U+0140
    { 18, 20, 291, 0, 19, 90, 5948 }, // U+0141
    { 11, 21, 183, 0, 21, 58, 6038 }, // U+0142
    { 23, 26, 366, 0, 26, 150, 6096 }, // U+0143
    { 17, 20, 280, 0, 20, 85, 6246 }, // U+0144
    { 23, 26, 366, 0, 19, 150, 6331 }, // U+0145
    { 17, 21, 280, 0, 14, 90, 6481 }, // U+0146
    { 23, 26, 366, 0, 26, 150, 6571 }, // U+0147
    { 17, 20, 280, 0, 20, 85, 6721 }, // U+0148
    { 20, 18, 317, 0, 18, 90, 6806 }, // U+0149
    { 23, 24, 366, 0, 19, 138, 6896 }, // U+014A
    { 15, 19, 252, 0, 14, 72, 7034 }, // U+014B
    { 21, 23, 337, 0, 23, 121, 7106 }, // U+014C
    { 14, 17, 236, 0, 17, 60, 7227 }, // U+014D
    { 21, 24, 337, 0, 24, 126, 7287 }, // U+014E
    { 14, 18, 236, 0, 18, 63, 7413 }, // U+014F
    { 21, 27, 337, 0, 27, 142, 7476 }, // U+0150
    { 14, 21, 236, 0, 21, 74, 7618 }, // U+0151
    { 31, 19, 500, 0, 19, 148, 7692 }, // U+0152
    { 23, 13, 357, 0, 13, 75, 7840 }, // U+0153
    { 21, 26, 328, 0, 26, 137, 7915 }, // U+0154
    { 14, 20, 218, 0, 20, 70, 8052 }, // U+0155
    { 21, 26, 328, 0, 19, 137, 8122 }, // U+0156
    { 14, 21, 218, 0, 14, 74, 8259 }, // U+0157
    { 21, 26, 328, 0, 26, 137, 8333 }, // U+0158
    { 14, 20, 218, 0, 20, 70, 8470 }, // U+0159
    { 19, 26, 297, 0, 26, 124, 8540 }, // U+015A
    { 14, 20, 223, 0, 20, 70, 8664 }, // U+015B
    { 19, 26, 297, 0, 26, 124, 8734 }, // U+015C
    { 14, 20, 223, 0, 20, 70, 8858 }, // U+015D
    { 19, 25, 297, 0, 19, 119, 8928 }, // U+015E
    { 14, 19, 223, 0, 13, 67, 9047 }, // U+015F
    { 19, 26, 297, 0, 26, 124, 9114 }, // U+0160
    { 14, 20, 223, 0, 20, 70, 9238 }, // U+0161
    { 20, 25, 323, 0, 19, 125, 9308 }, // U+0162
    { 11, 24, 168, 0, 18, 66, 9433 }, // U+0163
    { 20, 26, 323, 0, 26, 130, 9499 }, // U+0164
    { 11, 21, 168, 0, 21, 58, 9629 }, // U+0165
    { 20, 19, 323, 0, 19, 95, 9687 }, // U+0166
    { 11, 18, 168, 0, 18, 50, 9782 }, // U+0167
    { 21, 25, 332, 0, 25, 132, 9832 }, // U+0168
    { 17, 20, 271, 0, 19, 85, 9964 }, // U+0169
    { 21, 23, 332, 0, 23, 121, 10049 }, // U+016A
    { 17, 18, 271, 0, 17, 77, 10170 }, // U+016B
    { 21, 24, 332, 0, 24, 126, 10247 }, // U+016C
    { 17, 19, 271, 0, 18, 81, 10373 }, // U+016D
    { 21, 27, 332, 0, 27, 142, 10454 }, // U+016E
    { 17, 22, 271, 0, 21, 94, 10596 }, // U+016F
    { 21, 27, 332, 0, 27, 142, 10690 }, // U+0170
    { 17, 22, 271, 0, 21, 94, 10832 }, // U+0171
    { 21, 25, 332, 0, 19, 132, 10926 }, // U+0172
    { 18, 18, 271, 0, 13, 81, 11058 }, // U+0173
    { 31, 26, 496, 0, 26, 202, 11139 }, // U+0174
    { 24, 20, 383, 0, 20, 120, 11341 }, // U+0175
    { 21, 26, 326, 0, 26, 137, 11461 }, // U+0176
    { 15, 26, 238, 0, 20, 98, 11598 }, // U+0177
    { 21, 25, 326, 0, 25, 132, 11696 }, // U+0178
    { 19, 26, 306, 0, 26, 124, 11828 }, // U+0179
    { 14, 20, 224, 0, 20, 70, 11952 }, // U+017A
    { 19, 25, 306, 0, 25, 119, 12022 }, // U+017B
    { 14, 19, 224, 0, 19, 67, 12141 }, // U+017C
    { 19, 26, 306, 0, 26, 124, 12208 }, // U+017D
    { 14, 20, 224, 0, 20, 70, 12332 }, // U+017E
    { 13, 20, 165, 0, 20, 65, 12402 }, // U+017F
    { 21, 22, 337, 0, 22, 116, 0 }, // U+01A0
    { 15, 16, 236, 0, 16, 60, 116 }, // U+01A1
    { 24, 23, 388, 0, 23, 138, 176 }, // U+01AF
    { 21, 17, 327, 0, 16, 90, 314 }, // U+01B0
    { 39, 26, 626, 0, 26, 254, 404 }, // U+01C4
    { 34, 20, 544, 0, 20, 170, 658 }, // U+01C5
    { 30, 22, 484, 0, 21, 165, 828 }, // U+01C6
    { 31, 20, 498, 0, 19, 155, 993 }, // U+01C7
    { 25, 24, 412, 0, 19, 150, 1148 }, // U+01C8
    { 16, 26, 263, 0, 21, 104, 1298 }, // U+01C9
    { 35, 19, 573, 0, 19, 167, 1402 }, // U+01CA
    { 30, 24, 486, 0, 19, 180, 1569 }, // U+01CB
    { 24, 24, 392, 0, 19, 144, 1749 }, // U+01CC
    { 20, 26, 323, 0, 26, 130, 1893 }, // U+01CD
    { 16, 21, 254, 0, 20, 84, 2023 }, // U+01CE
    { 11, 26, 167, 0, 26, 72, 2107 }, // U+01CF
    { 11, 20, 142, -1, 20, 55, 2179 }, // U+01D0
    { 21, 26, 337, 0, 26, 137, 2234 }, // U+01D1
    { 14, 20, 236, 0, 20, 70, 2371 }, // U+01D2
    { 21, 26, 332, 0, 26, 137, 2441 }, // U+01D3
    { 17, 21, 271, 0, 20, 90, 2578 }, // U+01D4
    { 21, 29, 332, 0, 29, 153, 2668 }, // U+01D5
    { 17, 23, 271, 0, 22, 98, 2821 }, // U+01D6
    { 21, 32, 332, 0, 32, 168, 2919 }, // U+01D7
    { 17, 26, 271, 0, 25, 111, 3087 }, // U+01D8
    { 21, 32, 332, 0, 32, 168, 3198 }, // U+01D9
    { 17, 26, 271, 0, 25, 111, 3366 }, // U+01DA
    { 21, 32, 332, 0, 32, 168, 3477 }, // U+01DB
    { 17, 26, 271, 0, 25, 111, 3645 }, // U+01DC
    { 20, 26, 317, 0, 26, 130, 3756 }, // U+01E6
    { 14, 25, 214, 0, 20, 88, 3886 }, // U+01E7
    { 21, 25, 337, 0, 19, 132, 3974 }, // U+01EA
    { 14, 19, 236, 0, 13, 67, 4106 }, // U+01EB
    { 20, 31, 323, 0, 31, 155, 4173 }, // U+01FA
    { 16, 28, 254, 0, 27, 112, 4328 }, // U+01FB
    { 30, 26, 479, 0, 26, 195, 4440 }, // U+01FC
    { 23, 21, 369, 0, 20, 121, 4635 }, // U+01FD
    { 21, 28, 337, 0, 26, 147, 4756 }, // U+01FE
    { 15, 20, 236, 0, 20, 75, 4903 }, // U+01FF
    { 20, 26, 323, 0, 26, 130, 4978 }, // U+0200
    { 16, 21, 254, 0, 20, 84, 5108 }, // U+0201
    { 20, 26, 323, 0, 26, 130, 5192 }, // U+0202
    { 16, 21, 254, 0, 20, 84, 5322 }, // U+0203
    { 19, 26, 310, 0, 26, 124, 5406 }, // U+0204
    { 14, 20, 211, 0, 20, 70, 5530 }, // U+0205
    { 19, 26, 310, 0, 26, 124, 5600 }, // U+0206
    { 14, 20, 211, 0, 20, 70, 5724 }, // U+0207
    { 11, 26, 167, 0, 26, 72, 5794 }, // U+0208
    { 11, 20, 142, -1, 20, 55, 5866 }, // U+0209
    { 10, 26, 167, 0, 26, 65, 5921 }, // U+020A
    { 9, 20, 142, 0, 20, 45, 5986 }, // U+020B
    { 21, 26, 337, 0, 26, 137, 6031 }, // U+020C
    { 14, 20, 236, 0, 20, 70, 6168 }, // U+020D
    { 21, 26, 337, 0, 26, 137, 6238 }, // U+020E
    { 14, 20, 236, 0, 20, 70, 6375 }, // U+020F
    { 21, 26, 328, 0, 26, 137, 6445 }, // U+0210
    { 14, 20, 218, 0, 20, 70, 6582 }, // U+0211
    { 21, 26, 328, 0, 26, 137, 6652 }, // U+0212
    { 14, 20, 218, 0, 20, 70, 6789 }, // U+0213
    { 21, 26, 332, 0, 26, 137, 6859 }, // U+0214
    { 17, 21, 271, 0, 20, 90, 6996 }, // U+0215
    { 21, 26, 332, 0, 26, 137, 7086 }, // U+0216
    { 17, 21, 271, 0, 20, 90, 7223 }, // U+0217
    { 19, 26, 297, 0, 19, 124, 7313 }, // U+0218
    { 14, 20, 223, 0, 13, 70, 7437 }, // U+0219
    { 20, 26, 323, 0, 19, 130, 7507 }, // U+021A
    { 11, 25, 168, 0, 18, 69, 7637 }, // U+021B
    { 7, 6, 0, 4, 20, 11, 0 }, // U+0300
    { 7, 6, 0, 4, 20, 11, 11 }, // U+0301
    { 11, 6, 0, 2, 20, 17, 22 }, // U+0302
    { 10, 5, 0, 2, 19, 13, 39 }, // U+0303
    { 9, 3, 0, 3, 17, 7, 52 }, // U+0304
    { 9, 4, 0, 3, 18, 9, 59 }, // U+0306
    { 5, 5, 0, 5, 19, 7, 68 }, // U+0307
    { 12, 5, 0, 2, 19, 15, 75 }, // U+0308
    { 6, 7, 0, 1, 21, 11, 90 }, // U+0309
    { 8, 7, 0, 4, 21, 14, 101 }, // U+030A
    { 8, 6, 0, 4, 21, 12, 115 }, // U+030B
    { 11, 6, 0, 2, 20, 17, 127 }, // U+030C
    { 11, 6, 0, 1, 20, 17, 144 }, // U+030F
    { 9, 5, 0, 3, 20, 12, 161 }, // U+0311
    { 5, 6, 0, 5, 19, 8, 173 }, // U+0312
    { 8, 6, 0, 0, 16, 12, 181 }, // U+031B
    { 5, 5, 0, 5, -1, 7, 193 }, // U+0323
    { 11, 5, 0, 2, -2, 14, 200 }, // U+0324
    { 4, 6, 0, 4, -1, 6, 214 }, // U+0326
    { 7, 8, 0, 3, 2, 14, 220 }, // U+0327
    { 8, 8, 0, 3, 2, 16, 234 }, // U+0328
    { 9, 4, 0, 3, -2, 9, 250 }, // U+032E
    { 10, 5, 0, 1, -2, 13, 259 }, // U+0330
    { 9, 3, 0, 3, -2, 7, 272 }, // U+0331
    { 20, 25, 323, 0, 19, 125, 0 }, // U+1EA0
    { 16, 19, 254, 0, 13, 76, 125 }, // U+1EA1
    { 20, 27, 323, 0, 27, 135, 201 }, // U+1EA2
    { 16, 22, 254, 0, 21, 88, 336 }, // U+1EA3
    { 20, 31, 323, 0, 31, 155, 424 }, // U+1EA4
    { 16, 25, 254, 0, 24, 100, 579 }, // U+1EA5
    { 20, 31, 323, 0, 31, 155, 679 }, // U+1EA6
    { 17, 25, 254, -1, 24, 107, 834 }, // U+1EA7
    { 20, 32, 323, 0, 32, 160, 941 }, // U+1EA8
    { 16, 26, 254, 0, 25, 104, 1101 }, // U+1EA9
    { 20, 31, 323, 0, 31, 155, 1205 }, // U+1EAA
    { 16, 26, 254, 0, 25, 104, 1360 }, // U+1EAB
    { 20, 32, 323, 0, 26, 160, 1464 }, // U+1EAC
    { 16, 26, 254, 0, 20, 104, 1624 }, // U+1EAD
    { 20, 32, 323, 0, 32, 160, 1728 }, // U+1EAE
    { 16, 26, 254, 0, 25, 104, 1888 }, // U+1EAF
    { 20, 32, 323, 0, 32, 160, 1992 }, // U+1EB0
    { 16, 26, 254, 0, 25, 104, 2152 }, // U+1EB1
    { 20, 33, 323, 0, 33, 165, 2256 }, // U+1EB2
    { 16, 27, 254, 0, 26, 108, 2421 }, // U+1EB3
    { 20, 31, 323, 0, 31, 155, 2529 }, // U+1EB4
    { 16, 25, 254, 0, 24, 100, 2684 }, // U+1EB5
    { 20, 30, 323, 0, 24, 150, 2784 }, // U+1EB6
    { 16, 24, 254, 0, 18, 96, 2934 }, // U+1EB7
    { 19, 26, 310, 0, 20, 124, 3030 }, // U+1EB8
    { 14, 19, 211, 0, 13, 67, 3154 }, // U+1EB9
    { 19, 27, 310, 0, 27, 129, 3221 }, // U+1EBA
    { 14, 21, 211, 0, 21, 74, 3350 }, // U+1EBB
    { 19, 25, 310, 0, 25, 119, 3424 }, // U+1EBC
    { 14, 19, 211, 0, 19, 67, 3543 }, // U+1EBD
    { 19, 31, 310, 0, 31, 148, 3610 }, // U+1EBE
    { 15, 24, 211, 0, 24, 90, 3758 }, // U+1EBF
    { 19, 31, 310, 0, 31, 148, 3848 }, // U+1EC0
    { 16, 24, 211, -2, 24, 96, 3996 }, // U+1EC1
    { 19, 32, 310, 0, 32, 152, 4092 }, // U+1EC2
    { 14, 25, 211, 0, 25, 88, 4244 }, // U+1EC3
    { 19, 31, 310, 0, 31, 148, 4332 }, // U+1EC4
    { 14, 25, 211, 0, 25, 88, 4480 }, // U+1EC5
    { 19, 32, 310, 0, 26, 152, 4568 }, // U+1EC6
    { 14, 26, 211, 0, 20, 91, 4720 }, // U+1EC7
    { 10, 27, 167, 0, 27, 68, 4811 }, // U+1EC8
    { 9, 21, 142, 0, 21, 48, 4879 }, // U+1EC9
    { 10, 25, 167, 0, 19, 63, 4927 }, // U+1ECA
    { 9, 25, 142, 0, 19, 57, 4990 }, // U+1ECB
    { 21, 25, 337, 0, 19, 132, 5047 }, // U+1ECC
    { 14, 19, 236, 0, 13, 67, 5179 }, // U+1ECD
    { 21, 27, 337, 0, 27, 142, 5246 }, // U+1ECE
    { 14, 21, 236, 0, 21, 74, 5388 }, // U+1ECF
    { 21, 31, 337, 0, 31, 163, 5462 }, // U+1ED0
    { 16, 24, 236, 0, 24, 96, 5625 }, // U+1ED1
    { 21, 31, 337, 0, 31, 163, 5721 }, // U+1ED2
    { 15, 24, 236, -1, 24, 90, 5884 }, // U+1ED3
    { 21, 32, 337, 0, 32, 168, 5974 }, // U+1ED4
    { 14, 25, 236, 0, 25, 88, 6142 }, // U+1ED5
    { 21, 31, 337, 0, 31, 163, 6230 }, // U+1ED6
    { 14, 25, 236, 0, 25, 88, 6393 }, // U+1ED7
    { 21, 32, 337, 0, 26, 168, 6481 }, // U+1ED8
    { 14, 26, 236, 0, 20, 91, 6649 }, // U+1ED9
    { 21, 26, 337, 0, 26, 137, 6740 }, // U+1EDA
    { 15, 20, 236, 0, 20, 75, 6877 }, // U+1EDB
    { 21, 26, 337, 0, 26, 137, 6952 }, // U+1EDC
    { 15, 20, 236, 0, 20, 75, 7089 }, // U+1EDD
    { 21, 27, 337, 0, 27, 142, 7164 }, // U+1EDE
    { 15, 21, 236, 0, 21, 79, 7306 }, // U+1EDF
    { 21, 25, 337, 0, 25, 132, 7385 }, // U+1EE0
    { 15, 19, 236, 0, 19, 72, 7517 }, // U+1EE1
    { 21, 28, 337, 0, 22, 147, 7589 }, // U+1EE2
    { 15, 22, 236, 0, 16, 83, 7736 }, // U+1EE3
    { 21, 25, 332, 0, 19, 132, 7819 }, // U+1EE4
    { 17, 19, 271, 0, 13, 81, 7951 }, // U+1EE5
    { 21, 27, 332, 0, 27, 142, 8032 }, // U+1EE6
    { 17, 22, 271, 0, 21, 94, 8174 }, // U+1EE7
    { 24, 26, 388, 0, 26, 156, 8268 }, // U+1EE8
    { 21, 21, 327, 0, 20, 111, 8424 }, // U+1EE9
    { 24, 26, 388, 0, 26, 156, 8535 }, // U+1EEA
    { 21, 21, 327, 0, 20, 111, 8691 }, // U+1EEB
    { 24, 27, 388, 0, 27, 162, 8802 }, // U+1EEC
    { 21, 22, 327, 0, 21, 116, 8964 }, // U+1EED
    { 24, 25, 388, 0, 25, 150, 9080 }, // U+1EEE
    { 21, 20, 327, 0, 19, 105, 9230 }, // U+1EEF
    { 24, 29, 388, 0, 23, 174, 9335 }, // U+1EF0
    { 21, 22, 327, 0, 16, 116, 9509 }, // U+1EF1
    { 21, 26, 326, 0, 26, 137, 9625 }, // U+1EF2
    { 15, 26, 238, 0, 20, 98, 9762 }, // U+1EF3
    { 21, 25, 326, 0, 19, 132, 9860 }, // U+1EF4
    { 15, 21, 238, 0, 13, 79, 9992 }, // U+1EF5
    { 21, 27, 326, 0, 27, 142, 10071 }, // U+1EF6
    { 15, 27, 238, 0, 21, 102, 10213 }, // U+1EF7
    { 21, 25, 326, 0, 25, 132, 10315 }, // U+1EF8
    { 15, 25, 238, 0, 19, 94, 10447 }, // U+1EF9
    { 0, 0, 267, 0, 0, 0, 0 }, // U+2007
    { 0, 0, 128, 0, 0, 0, 0 }, // U+2008
    { 0, 0, 82, 0, 0, 0, 0 }, // U+2009
    { 0, 0, 59, 0, 0, 0, 0 }, // U+200A
    { 0, 0, 0, 0, 0, 0, 0 }, // U+200B
    { 11, 3, 210, 1, 8, 9, 0 }, // U+2010
    { 17, 3, 309, 1, 8, 13, 9 }, // U+2012
    { 12, 3, 225, 1, 8, 9, 22 }, // U+2013
    { 17, 3, 309, 1, 8, 13, 31 }, // U+2014
    { 21, 3, 306, -1, 8, 16, 44 }, // U+2015
    { 6, 9, 130, 1, 22, 14, 60 }, // U+2018
    { 6, 9, 130, 1, 22, 14, 74 }, // U+2019
    { 6, 9, 130, 1, 5, 14, 88 }, // U+201A
    { 12, 9, 221, 1, 22, 27, 102 }, // U+201C
    { 12, 9, 221, 1, 22, 27, 129 }, // U+201D
    { 12, 9, 221, 1, 5, 27, 156 }, // U+201E
    { 13, 22, 254, 1, 19, 72, 183 }, // U+2020
    { 13, 23, 254, 1, 19, 75, 255 }, // U+2021
    { 9, 8, 246, 3, 13, 18, 330 }, // U+2022
    { 20, 5, 361, 1, 5, 25, 348 }, // U+2026
    { 33, 22, 570, 0, 21, 182, 373 }, // U+2030
    { 5, 8, 91, 0, 20, 10, 555 }, // U+2032
    { 11, 8, 181, 0, 20, 22, 565 }, // U+2033
    { 7, 12, 166, 2, 14, 21, 587 }, // U+2039
    { 8, 12, 166, 1, 14, 24, 608 }, // U+203A
    { 16, 19, 249, 0, 19, 76, 632 }, // U+203D
    { 27, 23, 438, 0, 19, 156, 708 }, // U+2042
    { 17, 19, 292, 1, 19, 81, 864 }, // U+2044
    { 18, 19, 303, 0, 19, 86, 945 }, // U+2048
    { 12, 12, 188, 0, 22, 36, 0 }, // U+2070
    { 11, 15, 179, 0, 22, 42, 36 }, // U+2074
    { 11, 16, 192, 0, 22, 44, 78 }, // U+2075
    { 12, 13, 189, 0, 23, 39, 122 }, // U+2076
    { 11, 14, 178, 0, 21, 39, 161 }, // U+2077
    { 10, 13, 155, 0, 23, 33, 200 }, // U+2078
    { 12, 13, 189, 0, 23, 39, 233 }, // U+2079
    { 12, 12, 188, 0, 12, 36, 272 }, // U+2080
    { 8, 11, 123, 0, 11, 22, 308 }, // U+2081
    { 11, 11, 169, 0, 10, 31, 330 }, // U+2082
    { 10, 11, 157, 0, 11, 28, 361 }, // U+2083
    { 11, 15, 179, 0, 12, 42, 389 }, // U+2084
    { 11, 16, 192, 0, 12, 44, 431 }, // U+2085
    { 12, 13, 189, 0, 13, 39, 475 }, // U+2086
    { 11, 14, 178, 0, 11, 39, 514 }, // U+2087
    { 10, 13, 155, 0, 13, 33, 553 }, // U+2088
    { 12, 13, 189, 0, 13, 39, 586 }, // U+2089
    { 19, 26, 338, 1, 23, 124, 0 }, // U+20A1
    { 23, 20, 401, 1, 20, 115, 124 }, // U+20A3
    { 18, 19, 317, 1, 19, 86, 239 }, // U+20A4
    { 24, 19, 420, 1, 19, 114, 325 }, // U+20A6
    { 21, 19, 373, 1, 19, 100, 439 }, // U+20A7
    { 32, 19, 539, 1, 19, 152, 539 }, // U+20A9
    { 19, 19, 330, 1, 19, 91, 691 }, // U+20AA
    { 16, 24, 296, 1, 21, 96, 782 }, // U+20AB
    { 21, 19, 376, 1, 19, 100, 878 }, // U+20AC
    { 21, 19, 369, 1, 19, 100, 978 }, // U+20AD
    { 21, 19, 373, 1, 19, 100, 1078 }, // U+20B1
    { 19, 25, 341, 1, 22, 119, 1178 }, // U+20B2
    { 20, 19, 350, 1, 19, 95, 1297 }, // U+20B4
    { 19, 26, 338, 1, 23, 124, 1392 }, // U+20B5
    { 15, 19, 267, 1, 19, 72, 1516 }, // U+20B9
    { 18, 19, 319, 1, 19, 86, 1588 }, // U+20BA
    { 17, 24, 301, 1, 24, 102, 1674 }, // U+20BC
    { 18, 19, 333, 1, 19, 86, 1776 }, // U+20BD
    { 18, 26, 314, 1, 22, 117, 1862 }, // U+20BF
    { 20, 17, 355, 1, 18, 85, 0 }, // U+2190
    { 17, 20, 305, 1, 21, 85, 85 }, // U+2191
    { 20, 17, 341, 1, 18, 85, 170 }, // U+2192
    { 17, 20, 305, 1, 19, 85, 255 }, // U+2193
    { 26, 17, 453, 1, 18, 111, 340 }, // U+2194
    { 17, 26, 305, 1, 23, 111, 451 }, // U+2195
    { 16, 15, 274, 1, 20, 60, 562 }, // U+2196
    { 16, 15, 282, 1, 20, 60, 622 }, // U+2197
    { 16, 15, 274, 0, 15, 60, 682 }, // U+2198
    { 15, 15, 274, 1, 15, 57, 742 }, // U+2199
    { 19, 17, 312, 0, 18, 81, 799 }, // U+21BA
    { 18, 17, 312, 1, 18, 77, 880 }, // U+21BB
    { 22, 27, 355, 0, 22, 149, 957 }, // U+21C4
    { 28, 23, 470, 1, 20, 161, 1106 }, // U+21C5
    { 18, 16, 327, 1, 16, 72, 1267 }, // U+21E7
    { 14, 21, 246, 0, 21, 74, 0 }, // U+2202
    { 15, 16, 246, 0, 15, 60, 74 }, // U+2205
    { 15, 18, 246, 0, 18, 68, 134 }, // U+2206
    { 15, 20, 246, 0, 20, 75, 202 }, // U+220F
    { 14, 19, 246, 1, 19, 67, 277 }, // U+2211
    { 15, 3, 246, 0, 9, 12, 344 }, // U+2212
    { 12, 19, 246, 2, 19, 57, 356 }, // U+2215
    { 7, 7, 246, 4, 13, 13, 413 }, // U+2219
    { 15, 23, 246, 0, 21, 87, 426 }, // U+221A
    { 15, 8, 246, 0, 11, 30, 513 }, // U+221E
    { 16, 28, 246, 0, 22, 112, 543 }, // U+222B
    { 15, 12, 246, 0, 13, 45, 655 }, // U+2248
    { 13, 15, 246, 1, 15, 49, 700 }, // U+2260
    { 15, 16, 246, 0, 16, 60, 749 }, // U+2264
    { 15, 16, 246, 0, 16, 60, 809 }, // U+2265
    { 23, 20, 321, 0, 20, 115, 0 }, // U+FB00
    { 18, 20, 292, 0, 20, 90, 115 }, // U+FB01
    { 19, 21, 301, 0, 21, 100, 205 }, // U+FB02
    { 29, 20, 457, 0, 20, 145, 305 }, // U+FB03
    { 29, 21, 466, 0, 21, 153, 450 }, // U+FB04
    { 28, 27, 452, 0, 24, 189, 0 }, // U+FFFD
};

static const EpdUnicodeInterval youngserif_14_boldIntervals[] = {
    { 0xD, 0xD, 0x0 },
    { 0x20, 0x7E, 0x1 },
    { 0xA0, 0xAC, 0x60 },
    { 0xAE, 0x17F, 0x6D },
    { 0x1A0, 0x1A1, 0x13F },
    { 0x1AF, 0x1B0, 0x141 },
    { 0x1C4, 0x1DC, 0x143 },
    { 0x1E6, 0x1E7, 0x15C },
    { 0x1EA, 0x1EB, 0x15E },
    { 0x1FA, 0x21B, 0x160 },
    { 0x300, 0x304, 0x182 },
    { 0x306, 0x30C, 0x187 },
    { 0x30F, 0x30F, 0x18E },
    { 0x311, 0x312, 0x18F },
    { 0x31B, 0x31B, 0x191 },
    { 0x323, 0x324, 0x192 },
    { 0x326, 0x328, 0x194 },
    { 0x32E, 0x32E, 0x197 },
    { 0x330, 0x331, 0x198 },
    { 0x1EA0, 0x1EF9, 0x19A },
    { 0x2007, 0x200B, 0x1F4 },
    { 0x2010, 0x2010, 0x1F9 },
    { 0x2012, 0x2015, 0x1FA },
    { 0x2018, 0x201A, 0x1FE },
    { 0x201C, 0x201E, 0x201 },
    { 0x2020, 0x2022, 0x204 },
    { 0x2026, 0x2026, 0x207 },
    { 0x2030, 0x2030, 0x208 },
    { 0x2032, 0x2033, 0x209 },
    { 0x2039, 0x203A, 0x20B },
    { 0x203D, 0x203D, 0x20D },
    { 0x2042, 0x2042, 0x20E },
    { 0x2044, 0x2044, 0x20F },
    { 0x2048, 0x2048, 0x210 },
    { 0x2070, 0x2070, 0x211 },
    { 0x2074, 0x2079, 0x212 },
    { 0x2080, 0x2089, 0x218 },
    { 0x20A1, 0x20A1, 0x222 },
    { 0x20A3, 0x20A4, 0x223 },
    { 0x20A6, 0x20A7, 0x225 },
    { 0x20A9, 0x20AD, 0x227 },
    { 0x20B1, 0x20B2, 0x22C },
    { 0x20B4, 0x20B5, 0x22E },
    { 0x20B9, 0x20BA, 0x230 },
    { 0x20BC, 0x20BD, 0x232 },
    { 0x20BF, 0x20BF, 0x234 },
    { 0x2190, 0x2199, 0x235 },
    { 0x21BA, 0x21BB, 0x23F },
    { 0x21C4, 0x21C5, 0x241 },
    { 0x21E7, 0x21E7, 0x243 },
    { 0x2202, 0x2202, 0x244 },
    { 0x2205, 0x2206, 0x245 },
    { 0x220F, 0x220F, 0x247 },
    { 0x2211, 0x2212, 0x248 },
    { 0x2215, 0x2215, 0x24A },
    { 0x2219, 0x221A, 0x24B },
    { 0x221E, 0x221E, 0x24D },
    { 0x222B, 0x222B, 0x24E },
    { 0x2248, 0x2248, 0x24F },
    { 0x2260, 0x2260, 0x250 },
    { 0x2264, 0x2265, 0x251 },
    { 0xFB00, 0xFB04, 0x253 },
    { 0xFFFD, 0xFFFD, 0x258 },
};

static const EpdFontGroup youngserif_14_boldGroups[] = {
    { 0, 3026, 6936, 96, 0 },
    { 3026, 2692, 8467, 95, 96 },
    { 5718, 3361, 13605, 128, 191 },
    { 9079, 2423, 8405, 67, 319 },
    { 11502, 241, 317, 24, 386 },
    { 11743, 1775, 11324, 90, 410 },
    { 13518, 563, 1143, 29, 500 },
    { 14081, 281, 664, 17, 529 },
    { 14362, 945, 2124, 19, 546 },
    { 15307, 686, 1432, 15, 565 },
    { 15993, 453, 931, 15, 580 },
    { 16446, 285, 653, 5, 595 },
    { 16731, 106, 189, 1, 600 },
};

static const uint16_t youngserif_14_boldKernLeftCodepoints[] = {
    0x0028, 0x002C, 0x002D, 0x002E, 0x002F, 0x0030, 0x0031, 0x0032, 0x0033, 0x0034, 0x0035, 0x0036,
    0x0037, 0x0038, 0x0039, 0x003A, 0x003B, 0x0041, 0x0042, 0x0043, 0x0044, 0x0045, 0x0046, 0x0047,
    0x0048, 0x0049, 0x004A, 0x004B, 0x004C, 0x004D, 0x004E, 0x004F, 0x0050, 0x0051, 0x0052, 0x0053,
    0x0054, 0x0055, 0x0056, 0x0057, 0x0058, 0x0059, 0x005A, 0x005B, 0x0061, 0x0062, 0x0063, 0x0064,
    0x0065, 0x0066, 0x0067, 0x0068, 0x0069, 0x006A, 0x006B, 0x006C, 0x006D, 0x006E, 0x006F, 0x0070,
    0x0071, 0x0072, 0x0073, 0x0074, 0x0075, 0x0076, 0x0077, 0x0078, 0x0079, 0x007A, 0x00A1, 0x00B2,
    0x00B3, 0x00B9, 0x00BF, 0x00C0, 0x00C1, 0x00C2, 0x00C3, 0x00C4, 0x00C5, 0x00C6, 0x00C7, 0x00C8,
    0x00C9, 0x00CA, 0x00CB, 0x00CC, 0x00CD, 0x00CE, 0x00CF, 0x00D0, 0x00D1, 0x00D2, 0x00D3, 0x00D4,
    0x00D5, 0x00D6, 0x00D8, 0x00D9, 0x00DA, 0x00DB, 0x00DC, 0x00DD, 0x00DE, 0x00DF, 0x00E0, 0x00E1,
    0x00E2, 0x00E3, 0x00E4, 0x00E5, 0x00E6, 0x00E7, 0x00E8, 0x00E9, 0x00EA, 0x00EB, 0x00EC, 0x00ED,
    0x00EE, 0x00EF, 0x00F0, 0x00F1, 0x00F2, 0x00F3, 0x00F4, 0x00F5, 0x00F6, 0x00F7, 0x00F8, 0x00F9,
    0x00FA, 0x00FB, 0x00FC, 0x00FD, 0x00FE, 0x00FF, 0x0100, 0x0101, 0x0102, 0x0103, 0x0104, 0x0105,
    0x0106, 0x0107, 0x0108, 0x0109, 0x010A, 0x010B, 0x010C, 0x010D, 0x010E, 0x010F, 0x0110, 0x0111,
    0x0112, 0x0113, 0x0114, 0x0115, 0x0116, 0x0117, 0x0118, 0x0119, 0x011A, 0x011B, 0x011C, 0x011D,
    0x011E, 0x011F, 0x0120, 0x0121, 0x0122, 0x0123, 0x0124, 0x0125, 0x0126, 0x0127, 0x0128, 0x0129,
    0x012A, 0x012B, 0x012C, 0x012D, 0x012E, 0x012F, 0x0130, 0x0131, 0x0132, 0x0133, 0x0134, 0x0135,
    0x0136, 0x0137, 0x0138, 0x0139, 0x013A, 0x013B, 0x013C, 0x013D, 0x013E, 0x013F, 0x0140, 0x0141,
    0x0142, 0x0143, 0x0144, 0x0145, 0x0146, 0x0147, 0x0148, 0x0149, 0x014A, 0x014B, 0x014C, 0x014D,
    0x014E, 0x014F, 0x0150, 0x0151, 0x0152, 0x0153, 0x0154, 0x0155, 0x0156, 0x0157, 0x0158, 0x0159,
    0x015A, 0x015B, 0x015C, 0x015D, 0x015E, 0x015F, 0x0160, 0x0161, 0x0162, 0x0163, 0x0164, 0x0165,
    0x0166, 0x0167, 0x0168, 0x0169, 0x016A, 0x016B, 0x016C, 0x016D, 0x016E, 0x016F, 0x0170, 0x0171,
    0x0172, 0x0173, 0x0174, 0x0175, 0x0176, 0x0177, 0x0178, 0x0179, 0x017A, 0x017B, 0x017C, 0x017D,
    0x017E, 0x01A0, 0x01A1, 0x01C4, 0x01C5, 0x01C6, 0x01C7, 0x01C8, 0x01C9, 0x01CA, 0x01CB, 0x01CC,
    0x01CD, 0x01CE, 0x01CF, 0x01D0, 0x01D1, 0x01D2, 0x01D3, 0x01D4, 0x01D5, 0x01D6, 0x01D7, 0x01D8,
    0x01D9, 0x01DA, 0x01DB, 0x01DC, 0x01E6, 0x01E7, 0x01EA, 0x01EB, 0x01FA, 0x01FB, 0x01FC, 0x01FD,
    0x01FE, 0x01FF, 0x0200, 0x0201, 0x0202, 0x0203, 0x0204, 0x0205, 0x0206, 0x0207, 0x0208, 0x0209,
    0x020A, 0x020B, 0x020C, 0x020D, 0x020E, 0x020F, 0x0210, 0x0211, 0x0212, 0x0213, 0x0214, 0x0215,
    0x0216, 0x0217, 0x0218, 0x0219, 0x021A, 0x021B, 0x1EA0, 0x1EA1, 0x1EA2, 0x1EA3, 0x1EA4, 0x1EA5,
    0x1EA6, 0x1EA7, 0x1EA8, 0x1EA9, 0x1EAA, 0x1EAB, 0x1EAC, 0x1EAD, 0x1EAE, 0x1EAF, 0x1EB0, 0x1EB1,
    0x1EB2, 0x1EB3, 0x1EB4, 0x1EB5, 0x1EB6, 0x1EB7, 0x1EB8, 0x1EB9, 0x1EBA, 0x1EBB, 0x1EBC, 0x1EBD,
    0x1EBE, 0x1EBF, 0x1EC0, 0x1EC1, 0x1EC2, 0x1EC3, 0x1EC4, 0x1EC5, 0x1EC6, 0x1EC7, 0x1EC8, 0x1EC9,
    0x1ECA, 0x1ECB, 0x1ECC, 0x1ECD, 0x1ECE, 0x1ECF, 0x1ED0, 0x1ED1, 0x1ED2, 0x1ED3, 0x1ED4, 0x1ED5,
    0x1ED6, 0x1ED7, 0x1ED8, 0x1ED9, 0x1EDA, 0x1EDB, 0x1EDC, 0x1EDD, 0x1EDE, 0x1EDF, 0x1EE0, 0x1EE1,
    0x1EE2, 0x1EE3, 0x1EE4, 0x1EE5, 0x1EE6, 0x1EE7, 0x1EF2, 0x1EF3, 0x1EF4, 0x1EF5, 0x1EF6, 0x1EF7,
    0x1EF8, 0x1EF9, 0x2010, 0x2012, 0x2013, 0x2014, 0x2015, 0x201A, 0x201E, 0x2026, 0x2044, 0x2070,
    0x2074, 0x2075, 0x2076, 0x2077, 0x2078, 0x2079, 0xFB00, 0xFB01, 0xFB02, 0xFB03, 0xFB04,
};

static const uint8_t youngserif_14_boldKernLeftClassIds[] = {
      1,   2,   3,   2,   4,   5,   6,   7,   8,   9,  10,  11,  12,  13,  14,  15,
     15,  16,  17,  18,  19,  20,  21,  22,  23,  24,  25,  26,  20,  23,  27,  19,
     28,  19,  29,  30,  31,  32,  33,  33,  34,  35,  36,  37,  38,  39,  40,  38,
     41,  42,  43,  44,  38,  45,  46,  38,  44,  44,  39,  39,  47,  48,  49,  50,
     51,  52,  52,  53,  54,  55,  56,  57,  57,  58,  59,  16,  16,  16,  16,  16,
     16,  60,  18,  60,  60,  60,  60,  24,  24,  24,  24,  19,  27,  19,  19,  19,
     19,  19,  19,  32,  32,  32,  32,  35,  28,  39,  38,  38,  38,  38,  38,  38,
     41,  40,  41,  41,  41,  41,  38,  38,  61,  61,  62,  44,  39,  39,  39,  39,
     39,  63,  39,  51,  51,  51,  51,  54,  39,  54,  16,  38,  16,  38,  16,  38,
     18,  40,  18,  40,  18,  40,  18,  40,  19,  64,  19,  65,  60,  41,  20,  41,
     60,  41,  60,  41,  60,  41,  22,  43,  22,  43,  22,  43,  22,  43,  23,  44,
     23,  44,  24,  38,  24,  38,  24,  38,  24,  66,  24,  38,  25,  45,  25,  45,
     26,  46,  46,  20,  38,  20,  38,  60,  38,  20,  67,  68,  69,  27,  44,  27,
     44,  27,  44,  44,  27,  70,  19,  39,  19,  39,  19,  39,  60,  41,  29,  48,
     29,  48,  29,  48,  30,  49,  30,  49,  30,  49,  30,  49,  31,  50,  31,  50,
     31,  50,  32,  51,  32,  51,  32,  51,  32,  51,  32,  51,  32,  51,  33,  52,
     35,  54,  35,  36,  55,  36,  55,  36,  55,  19,  39,  36,  55,  55,  25,  45,
     70,  25,  45,  70,  16,  38,  24,  38,  19,  39,  32,  51,  32,  51,  32,  51,
     32,  51,  32,  51,  22,  43,  19,  39,  16,  38,  20,  41,  19,  39,  16,  38,
     16,  38,  20,  41,  20,  41,  24,  38,  24,  38,  19,  39,  19,  39,  29,  48,
     29,  48,  32,  51,  32,  51,  30,  49,  31,  50,  16,  38,  16,  38,  16,  38,
     16,  38,  16,  38,  16,  38,  16,  38,  16,  38,  16,  38,  16,  38,  16,  38,
     16,  38,  20,  41,  20,  41,  20,  41,  20,  41,  20,  41,  20,  41,  20,  41,
     20,  41,  24,  38,  24,  71,  19,  39,  19,  39,  19,  39,  19,  39,  19,  39,
     19,  39,  19,  39,  19,  39,  19,  39,  19,  39,  19,  39,  19,  39,  32,  51,
     32,  51,  35,  54,  35,  54,  35,  54,  35,  54,   3,   3,   3,   3,   3,   2,
      2,   2,  72,  57,  73,  74,  57,  57,  57,  57,  38,  38,  38,  38,  38,
};

static const uint16_t youngserif_14_boldKernRightCodepoints[] = {
    0x0021, 0x0029, 0x002C, 0x002D, 0x002E, 0x002F, 0x0030, 0x0031, 0x0032, 0x0033, 0x0034, 0x0035,
    0x0036, 0x0037, 0x0038, 0x0039, 0x003A, 0x003B, 0x003F, 0x0041, 0x0042, 0x0043, 0x0044, 0x0045,
    0x0046, 0x0047, 0x0048, 0x0049, 0x004A, 0x004B, 0x004C, 0x004D, 0x004E, 0x004F, 0x0050, 0x0051,
    0x0052, 0x0053, 0x0054, 0x0055, 0x0056, 0x0057, 0x0058, 0x0059, 0x005A, 0x005D, 0x0061, 0x0062,
    0x0063, 0x0064, 0x0065, 0x0066, 0x0067, 0x0068, 0x0069, 0x006A, 0x006B, 0x006C, 0x006D, 0x006E,
    0x006F, 0x0070, 0x0071, 0x0072, 0x0073, 0x0074, 0x0075, 0x0076, 0x0077, 0x0078, 0x0079, 0x007A,
    0x00B7, 0x00C0, 0x00C1, 0x00C2, 0x00C3, 0x00C4, 0x00C5, 0x00C6, 0x00C7, 0x00C8, 0x00C9, 0x00CA,
    0x00CB, 0x00CC, 0x00CD, 0x00CE, 0x00CF, 0x00D0, 0x00D1, 0x00D2, 0x00D3, 0x00D4, 0x00D5, 0x00D6,
    0x00D8, 0x00D9, 0x00DA, 0x00DB, 0x00DC, 0x00DD, 0x00DE, 0x00DF, 0x00E0, 0x00E1, 0x00E2, 0x00E3,
    0x00E4, 0x00E5, 0x00E6, 0x00E7, 0x00E8, 0x00E9, 0x00EA, 0x00EB, 0x00EC, 0x00ED, 0x00EE, 0x00EF,
    0x00F0, 0x00F1, 0x00F2, 0x00F3, 0x00F4, 0x00F5, 0x00F6, 0x00F7, 0x00F8, 0x00F9, 0x00FA, 0x00FB,
    0x00FC, 0x00FD, 0x00FE, 0x00FF, 0x0100, 0x0101, 0x0102, 0x0103, 0x0104, 0x0105, 0x0106, 0x0107,
    0x0108, 0x0109, 0x010A, 0x010B, 0x010C, 0x010D, 0x010E, 0x010F, 0x0110, 0x0111, 0x0112, 0x0113,
    0x0114, 0x0115, 0x0116, 0x0117, 0x0118, 0x0119, 0x011A, 0x011B, 0x011C, 0x011D, 0x011E, 0x011F,
    0x0120, 0x0121, 0x0122, 0x0123, 0x0124, 0x0125, 0x0126, 0x0127, 0x0128, 0x0129, 0x012A, 0x012B,
    0x012C, 0x012D, 0x012E, 0x012F, 0x0130, 0x0131, 0x0132, 0x0133, 0x0134, 0x0135, 0x0136, 0x0137,
    0x0138, 0x0139, 0x013A, 0x013B, 0x013C, 0x013D, 0x013E, 0x013F, 0x0140, 0x0141, 0x0142, 0x0143,
    0x0144, 0x0145, 0x0146, 0x0147, 0x0148, 0x014A, 0x014B, 0x014C, 0x014D, 0x014E, 0x014F, 0x0150,
    0x0151, 0x0152, 0x0153, 0x0154, 0x0155, 0x0156, 0x0157, 0x0158, 0x0159, 0x015A, 0x015B, 0x015C,
    0x015D, 0x015E, 0x015F, 0x0160, 0x0161, 0x0162, 0x0163, 0x0164, 0x0165, 0x0166, 0x0167, 0x0168,
    0x0169, 0x016A, 0x016B, 0x016C, 0x016D, 0x016E, 0x016F, 0x0170, 0x0171, 0x0172, 0x0173, 0x0174,
    0x0175, 0x0176, 0x0177, 0x0178, 0x0179, 0x017A, 0x017B, 0x017C, 0x017D, 0x017E, 0x01A0, 0x01A1,
    0x01AF, 0x01B0, 0x01C4, 0x01C5, 0x01C6, 0x01C7, 0x01C8, 0x01C9, 0x01CA, 0x01CB, 0x01CC, 0x01CD,
    0x01CE, 0x01CF, 0x01D0, 0x01D1, 0x01D2, 0x01D3, 0x01D4, 0x01D5, 0x01D6, 0x01D7, 0x01D8, 0x01D9,
    0x01DA, 0x01DB, 0x01DC, 0x01E6, 0x01E7, 0x01EA, 0x01EB, 0x01FA, 0x01FB, 0x01FC, 0x01FD, 0x01FE,
    0x01FF, 0x0200, 0x0201, 0x0202, 0x0203, 0x0204, 0x0205, 0x0206, 0x0207, 0x0208, 0x0209, 0x020A,
    0x020B, 0x020C, 0x020D, 0x020E, 0x020F, 0x0210, 0x0211, 0x0212, 0x0213, 0x0214, 0x0215, 0x0216,
    0x0217, 0x0218, 0x0219, 0x021A, 0x021B, 0x1EA0, 0x1EA1, 0x1EA2, 0x1EA3, 0x1EA4, 0x1EA5, 0x1EA6,
    0x1EA7, 0x1EA8, 0x1EA9, 0x1EAA, 0x1EAB, 0x1EAC, 0x1EAD, 0x1EAE, 0x1EAF, 0x1EB0, 0x1EB1, 0x1EB2,
    0x1EB3, 0x1EB4, 0x1EB5, 0x1EB6, 0x1EB7, 0x1EB8, 0x1EB9, 0x1EBA, 0x1EBB, 0x1EBC, 0x1EBD, 0x1EBE,
    0x1EBF, 0x1EC0, 0x1EC1, 0x1EC2, 0x1EC3, 0x1EC4, 0x1EC5, 0x1EC6, 0x1EC7, 0x1EC8, 0x1EC9, 0x1ECA,
    0x1ECB, 0x1ECC, 0x1ECD, 0x1ECE, 0x1ECF, 0x1ED0, 0x1ED1, 0x1ED2, 0x1ED3, 0x1ED4, 0x1ED5, 0x1ED6,
    0x1ED7, 0x1ED8, 0x1ED9, 0x1EDA, 0x1EDB, 0x1EDC, 0x1EDD, 0x1EDE, 0x1EDF, 0x1EE0, 0x1EE1, 0x1EE2,
    0x1EE3, 0x1EE4, 0x1EE5, 0x1EE6, 0x1EE7, 0x1EE8, 0x1EE9, 0x1EEA, 0x1EEB, 0x1EEC, 0x1EED, 0x1EEE,
    0x1EEF, 0x1EF0, 0x1EF1, 0x1EF2, 0x1EF3, 0x1EF4, 0x1EF5, 0x1EF6, 0x1EF7, 0x1EF8, 0x1EF9, 0x2010,
    0x2012, 0x2013, 0x2014, 0x2015, 0x201A, 0x201E, 0x2026, 0x2044, 0x2080, 0x2081, 0x2082, 0x2083,
    0x2084, 0x2085, 0x2086, 0x2087, 0x2088, 0x2089, 0xFB00, 0xFB01, 0xFB02, 0xFB03, 0xFB04,
};

static const uint8_t youngserif_14_boldKernRightClassIds[] = {
      1,   2,   3,   4,   3,   5,   6,   7,   8,   9,  10,  11,  12,  13,  14,  15,
     16,  16,  17,  18,  19,  20,  19,  19,  19,  20,  19,  21,  22,  19,  19,  19,
     19,  20,  19,  20,  19,  23,  24,  25,  26,  27,  28,  29,  30,  31,  32,  33,
     32,  32,  32,  34,  35,  36,  37,  38,  36,  36,  39,  39,  32,  40,  32,  39,
     41,  42,  43,  44,  44,  45,  46,  47,  48,  18,  18,  18,  18,  18,  18,  49,
     20,  19,  19,  19,  19,  21,  21,  21,  21,  19,  19,  20,  20,  20,  20,  20,
     20,  25,  25,  25,  25,  29,  19,  36,  50,  32,  32,  51,  52,  32,  32,  32,
     53,  32,  54,  55,  56,  37,  57,  58,  59,  39,  60,  32,  61,  62,  63,  64,
     32,  65,  65,  65,  65,  46,  66,  67,  18,  68,  18,  69,  18,  32,  20,  32,
     20,  32,  20,  32,  20,  70,  19,  32,  19,  32,  19,  71,  19,  32,  19,  32,
     19,  32,  19,  72,  20,  73,  20,  73,  20,  35,  20,  35,  19,  36,  19,  36,
     21,  37,  21,  74,  21,  37,  21,  75,  21,  37,  21,  37,  22,  38,  19,  36,
     36,  19,  36,  19,  36,  19,  36,  19,  36,  76,  36,  19,  39,  19,  39,  19,
     39,  19,  39,  20,  60,  20,  32,  20,  77,  20,  78,  19,  39,  19,  39,  19,
     79,  23,  41,  23,  41,  23,  41,  23,  80,  81,  42,  81,  42,  81,  42,  25,
     65,  25,  65,  25,  65,  25,  65,  25,  65,  25,  65,  27,  44,  29,  82,  29,
     30,  47,  30,  47,  30,  83,  20,  32,  25,  65,  19,  19,  32,  19,  19,  36,
     19,  19,  39,  18,  32,  21,  37,  20,  32,  25,  65,  25,  65,  25,  65,  25,
     65,  25,  65,  20,  73,  20,  32,  18,  32,  49,  32,  20,  32,  18,  32,  18,
     32,  19,  32,  19,  32,  21,  37,  21,  37,  20,  32,  20,  32,  19,  39,  19,
     39,  25,  65,  25,  65,  23,  41,  81,  42,  18,  32,  18,  32,  18,  32,  18,
     32,  18,  32,  18,  32,  18,  32,  18,  32,  18,  32,  18,  32,  18,  32,  18,
     32,  19,  32,  19,  32,  19,  32,  19,  32,  19,  32,  19,  32,  19,  32,  19,
     32,  21,  37,  21,  37,  20,  32,  20,  32,  20,  32,  20,  32,  20,  32,  20,
     32,  20,  32,  20,  32,  20,  32,  20,  32,  20,  32,  20,  32,  25,  65,  25,
     65,  25,  65,  25,  65,  25,  65,  25,  65,  25,  65,  29,  46,  29,  46,  29,
     46,  29,  46,   4,   4,   4,   4,  84,   3,   3,   3,  85,  86,  87,  86,  88,
     86,  86,  89,  89,  90,  90,  91,  91,  91,  91,  91,
};

static const uint16_t youngserif_14_boldKernRowOffsets[] = {
        0,    28,    74,    92,    93,   100,   110,   117,   125,   139,   144,   148,   156,   159,   167,   179,
      235,   284,   322,   377,   426,   487,   517,   562,   603,   663,   724,   783,   843,   898,   946,   998,
     1055,  1112,  1165,  1225,  1269,  1271,  1312,  1341,  1388,  1408,  1459,  1499,  1544,  1545,  1584,  1627,
     1667,  1706,  1740,  1782,  1814,  1837,  1884,  1919,  1920,  1921,  1922,  1923,  1972,  1974,  2016,  2019,
     2038,  2040,  2081,  2122,  2171,  2175,  2184,  2225,  2230,  2231,  2232,
};

static const uint8_t youngserif_14_boldKernSparseCols[] = {
      7,   8,   9,  11,  13,  14,  31,  37,  45,  49,  50,  51,  52,  53,  54,  59,
     60,  61,  62,  66,  67,  68,  69,  70,  71,  76,  77,  81,   5,   7,   8,   9,
     10,  11,  12,  18,  19,  20,  21,  22,  23,  24,  25,  26,  28,  31,  32,  39,
     41,  42,  43,  45,  49,  50,  51,  52,  53,  54,  59,  60,  61,  62,  64,  66,
     67,  68,  69,  70,  71,  75,  76,  77,  80,  81,  17,  18,  20,  23,  24,  25,
     26,  27,  28,  29,  32,  43,  44,  45,  66,  75,  80,  81,  17,   2,   5,   7,
      9,  11,  12,  15,   3,   5,   6,   7,   8,   9,  12,  13,  14,  83,   1,   2,
      6,   9,  10,  12,  14,   2,   5,   6,   9,  11,  13,  14,  15,   1,   2,   3,
      5,   6,   8,   9,  10,  11,  12,  13,  15,  63,  83,   2,   5,   6,   7,  14,
      2,   5,   6,  15,   1,   2,   3,   5,   6,   7,   9,  83,   2,   6,  12,   1,
      2,   5,   6,   8,   9,  10,  11,   5,   6,   7,   9,  10,  12,  14,  25,  26,
     34,  37,  72,   3,  17,  19,  22,  23,  24,  25,  26,  28,  29,  31,  32,  34,
     35,  36,  37,  38,  39,  40,  41,  42,  43,  44,  45,  46,  49,  50,  51,  52,
     53,  54,  55,  59,  60,  61,  62,  64,  65,  66,  67,  68,  69,  70,  71,  72,
     73,  74,  76,  77,  78,  79,  80,  81,  82,  83,  90,   2,  17,  18,  19,  20,
     22,  23,  24,  25,  26,  27,  28,  29,  31,  35,  38,  39,  40,  41,  42,  43,
     44,  45,  48,  49,  50,  51,  52,  53,  54,  59,  60,  61,  62,  64,  65,  66,
     67,  68,  69,  70,  71,  75,  76,  77,  78,  79,  80,  81,   2,  17,  19,  21,
     22,  24,  25,  26,  27,  28,  31,  32,  34,  36,  38,  48,  49,  50,  51,  52,
     53,  54,  55,  59,  60,  61,  62,  67,  68,  69,  70,  71,  72,  73,  74,  76,
     77,  78,   2,  17,  18,  19,  20,  21,  22,  23,  24,  25,  26,  27,  28,  29,
     31,  32,  34,  35,  36,  40,  42,  45,  46,  48,  49,  50,  51,  52,  53,  54,
     55,  58,  59,  60,  61,  62,  64,  65,  66,  67,  68,  69,  70,  71,  72,  73,
     74,  75,  76,  77,  79,  80,  81,  82,  90,   2,  17,  18,  19,  21,  22,  23,
     24,  25,  26,  27,  28,  29,  31,  32,  35,  38,  39,  40,  41,  42,  43,  44,
     45,  47,  49,  50,  51,  52,  53,  54,  59,  60,  61,  62,  64,  66,  67,  68,
     69,  70,  71,  75,  76,  77,  78,  79,  80,  81,   2,   3,   4,  17,  18,  19,
     20,  21,  22,  23,  24,  27,  28,  31,  34,  35,  36,  37,  38,  39,  40,  41,
     42,  43,  44,  45,  46,  48,  49,  50,  51,  52,  53,  54,  55,  56,  57,  59,
     60,  61,  62,  64,  66,  67,  68,  69,  70,  71,  72,  73,  74,  75,  76,  77,
     78,  79,  80,  81,  82,  83,  90,   2,  17,  18,  19,  20,  21,  22,  23,  24,
     25,  26,  27,  28,  29,  32,  35,  36,  40,  44,  45,  48,  55,  65,  66,  73,
     74,  75,  79,  80,  81,   2,   3,  19,  20,  22,  23,  24,  29,  31,  32,  35,
     36,  39,  40,  41,  42,  43,  44,  45,  49,  50,  51,  52,  53,  54,  55,  59,
     60,  61,  62,  64,  66,  67,  68,  69,  70,  71,  73,  74,  76,  77,  79,  80,
     81,  83,   2,   3,  18,  19,  20,  21,  22,  23,  24,  31,  39,  40,  41,  42,
     43,  45,  48,  49,  50,  51,  52,  53,  54,  59,  60,  61,  62,  64,  66,  67,
     68,  69,  70,  71,  75,  76,  77,  79,  80,  81,  83,   2,   3,  17,  18,  19,
     20,  21,  22,  23,  24,  27,  29,  31,  32,  34,  35,  36,  37,  38,  39,  40,
     41,  42,  43,  44,  45,  46,  48,  49,  50,  51,  52,  53,  54,  55,  57,  59,
     60,  61,  62,  64,  66,  67,  68,  69,  70,  71,  72,  73,  74,  75,  76,  77,
     78,  79,  80,  81,  82,  83,  90,   2,   3,  17,  18,  19,  21,  22,  23,  24,
     25,  26,  27,  28,  29,  31,  32,  34,  35,  36,  37,  38,  39,  40,  41,  42,
     43,  45,  46,  48,  49,  50,  51,  52,  53,  54,  55,  59,  60,  61,  62,  64,
     65,  66,  67,  68,  69,  70,  71,  72,  73,  74,  75,  76,  77,  78,  79,  80,
     81,  82,  83,  90,   2,  17,  18,  19,  21,  22,  23,  25,  26,  28,  29,  31,
     32,  34,  35,  36,  37,  38,  39,  40,  41,  42,  43,  44,  45,  46,  48,  49,
     50,  51,  52,  53,  54,  55,  56,  57,  59,  60,  61,  62,  64,  66,  67,  68,
     69,  70,  71,  72,  73,  74,  75,  76,  77,  78,  79,  80,  81,  82,  90,   2,
      3,   4,  17,  18,  19,  20,  21,  22,  24,  25,  26,  27,  28,  29,  31,  32,
     34,  35,  36,  37,  38,  39,  40,  42,  43,  44,  46,  48,  49,  50,  51,  52,
     53,  54,  55,  56,  57,  58,  59,  60,  61,  62,  64,  65,  67,  68,  69,  70,
     71,  72,  73,  74,  75,  76,  77,  78,  79,  82,  83,   3,  17,  18,  19,  22,
     23,  24,  25,  26,  27,  28,  29,  31,  32,  35,  37,  38,  39,  40,  41,  42,
     43,  44,  45,  46,  48,  49,  50,  51,  52,  53,  54,  58,  59,  60,  61,  62,
     64,  65,  66,  67,  68,  69,  70,  71,  75,  76,  77,  78,  79,  80,  81,  82,
     83,  90,   2,  17,  18,  20,  22,  23,  24,  25,  26,  27,  28,  29,  31,  32,
     34,  35,  39,  41,  42,  43,  44,  45,  48,  49,  50,  51,  52,  53,  54,  59,
     60,  61,  62,  64,  65,  66,  67,  68,  69,  70,  71,  72,  75,  76,  77,  80,
     81,  83,   2,   3,   4,  17,  18,  19,  20,  21,  31,  32,  34,  35,  37,  38,
     39,  40,  41,  42,  43,  44,  45,  46,  48,  49,  50,  51,  52,  53,  54,  56,
     57,  59,  60,  61,  62,  64,  66,  67,  68,  69,  70,  71,  72,  75,  76,  77,
     78,  79,  81,  82,  83,  90,   2,   3,  17,  19,  21,  22,  25,  26,  27,  28,
     29,  31,  32,  34,  36,  37,  38,  39,  40,  41,  42,  43,  44,  45,  46,  48,
     49,  50,  51,  52,  53,  54,  55,  56,  57,  59,  60,  61,  62,  64,  66,  67,
     68,  69,  70,  71,  72,  73,  74,  76,  77,  78,  79,  81,  82,  83,  90,   2,
      3,   4,  17,  19,  21,  22,  25,  26,  28,  29,  31,  32,  34,  36,  37,  38,
     39,  40,  41,  42,  43,  44,  45,  46,  48,  49,  50,  51,  52,  53,  54,  55,
     56,  57,  59,  60,  61,  62,  64,  66,  67,  68,  69,  70,  71,  72,  73,  74,
     76,  77,  78,  79,  81,  82,  83,  90,   3,  17,  18,  19,  22,  23,  24,  27,
     29,  31,  35,  36,  38,  39,  40,  41,  42,  43,  44,  45,  46,  48,  49,  50,
     51,  52,  53,  54,  55,  59,  60,  61,  62,  64,  65,  66,  67,  68,  69,  70,
     71,  73,  74,  75,  76,  77,  78,  79,  80,  81,  82,  83,  90,   2,   3,  17,
     19,  21,  22,  23,  25,  26,  27,  28,  29,  31,  32,  34,  36,  37,  38,  39,
     40,  41,  42,  43,  44,  45,  46,  48,  49,  50,  51,  52,  53,  54,  55,  56,
     57,  59,  60,  61,  62,  64,  65,  66,  67,  68,  69,  70,  71,  72,  73,  74,
     76,  77,  78,  79,  80,  81,  82,  83,  90,   2,  17,  18,  19,  20,  22,  23,
     24,  25,  26,  27,  31,  38,  39,  41,  42,  43,  44,  45,  48,  49,  50,  51,
     52,  53,  54,  59,  60,  61,  62,  64,  65,  66,  67,  68,  69,  70,  71,  75,
     76,  77,  78,  80,  81,  35,  37,  30,  31,  32,  33,  34,  37,  38,  39,  40,
     41,  42,  43,  44,  45,  46,  49,  50,  51,  52,  53,  54,  58,  59,  60,  61,
     62,  64,  65,  66,  67,  68,  69,  70,  71,  76,  77,  78,  79,  81,  82,  90,
      2,  23,  25,  26,  32,  35,  36,  38,  39,  40,  41,  42,  43,  44,  45,  46,
     55,  58,  64,  65,  66,  73,  74,  78,  79,  80,  81,  82,  90,   1,   2,  31,
     32,  34,  35,  36,  37,  38,  39,  40,  41,  42,  43,  44,  45,  46,  49,  50,
     51,  52,  53,  54,  55,  58,  59,  60,  61,  62,  64,  65,  66,  67,  68,  69,
     70,  71,  72,  73,  74,  76,  77,  78,  79,  81,  82,  90,  28,  31,  43,  49,
     50,  51,  52,  53,  54,  59,  60,  61,  62,  67,  68,  69,  70,  71,  76,  77,
      0,   1,   2,   3,   6,   7,   8,  11,  14,  16,  31,  32,  34,  35,  36,  37,
     38,  40,  41,  42,  43,  45,  46,  49,  50,  51,  52,  53,  54,  55,  59,  60,
     61,  62,  64,  66,  67,  68,  69,  70,  71,  72,  73,  74,  76,  77,  78,  79,
     81,  82,  83,   2,  30,  31,  34,  36,  37,  38,  40,  41,  42,  43,  44,  45,
     49,  50,  51,  52,  53,  54,  55,  59,  60,  61,  62,  64,  66,  67,  68,  69,
     70,  71,  72,  73,  74,  76,  77,  78,  79,  81,  90,   1,   3,  31,  32,  36,
     37,  38,  39,  40,  41,  42,  43,  44,  45,  46,  49,  50,  51,  52,  53,  54,
     55,  58,  59,  60,  61,  62,  64,  65,  66,  67,  68,  69,  70,  71,  73,  74,
     76,  77,  78,  79,  81,  82,  83,  90,  37,  31,  32,  35,  37,  38,  39,  40,
     41,  42,  43,  44,  45,  46,  49,  50,  51,  52,  53,  54,  58,  59,  60,  61,
     62,  64,  65,  66,  67,  68,  69,  70,  71,  76,  77,  78,  79,  81,  82,  90,
      2,  31,  32,  35,  36,  37,  38,  39,  40,  41,  42,  43,  44,  45,  46,  49,
     50,  51,  52,  53,  54,  55,  58,  59,  60,  61,  62,  64,  66,  67,  68,  69,
     70,  71,  73,  74,  76,  77,  78,  79,  81,  82,  90,   2,  31,  32,  34,  35,
     38,  40,  41,  42,  43,  44,  45,  46,  49,  50,  51,  52,  53,  54,  58,  59,
     60,  61,  62,  64,  65,  66,  67,  68,  69,  70,  71,  72,  76,  77,  78,  79,
     81,  82,  90,  31,  32,  35,  36,  37,  38,  39,  40,  41,  42,  43,  45,  49,
     50,  51,  52,  53,  54,  55,  58,  59,  60,  61,  62,  64,  65,  66,  67,  68,
     69,  70,  71,  73,  74,  76,  77,  78,  79,  81,  31,  34,  35,  36,  38,  39,
     40,  41,  42,  49,  50,  51,  52,  53,  54,  55,  59,  60,  61,  62,  64,  67,
     68,  69,  70,  71,  72,  73,  74,  76,  77,  78,  79,  90,   1,  31,  35,  36,
     38,  39,  40,  41,  42,  43,  44,  45,  46,  49,  50,  51,  52,  53,  54,  55,
     58,  59,  60,  61,  62,  64,  65,  66,  67,  68,  69,  70,  71,  73,  74,  76,
     77,  78,  79,  81,  82,  90,   2,   3,  17,  31,  35,  40,  42,  43,  44,  45,
     49,  50,  51,  52,  53,  54,  59,  60,  61,  62,  64,  66,  67,  68,  69,  70,
     71,  76,  77,  79,  81,  83,   3,  31,  45,  49,  50,  51,  52,  53,  54,  59,
     60,  61,  62,  66,  67,  68,  69,  70,  71,  76,  77,  81,  83,   2,   3,  23,
     31,  32,  34,  35,  36,  38,  39,  40,  41,  42,  43,  44,  45,  46,  49,  50,
     51,  52,  53,  54,  55,  59,  60,  61,  62,  64,  66,  67,  68,  69,  70,  71,
     72,  73,  74,  76,  77,  78,  79,  80,  81,  82,  83,  90,   3,  31,  32,  35,
     37,  38,  40,  41,  42,  43,  45,  49,  50,  51,  52,  53,  54,  59,  60,  61,
     62,  64,  65,  66,  67,  68,  69,  70,  71,  76,  77,  78,  79,  81,  83,  37,
     84,  84,  37,   2,  17,  18,  19,  21,  22,  23,  24,  25,  26,  27,  28,  29,
     31,  32,  35,  38,  39,  40,  41,  42,  43,  44,  45,  47,  49,  50,  51,  52,
     53,  54,  59,  60,  61,  62,  64,  66,  67,  68,  69,  70,  71,  75,  76,  77,
     78,  79,  80,  81,  23,  80,   2,  31,  32,  34,  35,  36,  38,  39,  40,  41,
     42,  43,  44,  45,  49,  50,  51,  52,  53,  54,  55,  59,  60,  61,  62,  64,
     65,  66,  67,  68,  69,  70,  71,  72,  73,  74,  76,  77,  78,  79,  81,  90,
     10,  11,  13,   2,  31,  49,  50,  51,  52,  53,  54,  59,  60,  61,  62,  67,
     68,  69,  70,  71,  76,  77,  38,  78,  30,  31,  32,  33,  34,  37,  38,  39,
     40,  41,  42,  43,  44,  45,  46,  49,  50,  51,  52,  53,  54,  58,  59,  60,
     61,  62,  64,  65,  66,  67,  68,  69,  70,  71,  76,  77,  78,  79,  81,  82,
     90,  30,  31,  32,  33,  34,  37,  38,  39,  40,  41,  42,  43,  44,  45,  46,
     49,  50,  51,  52,  53,  54,  58,  59,  60,  61,  62,  64,  65,  66,  67,  68,
     69,  70,  71,  76,  77,  78,  79,  81,  82,  90,   2,  17,  18,  19,  21,  22,
     23,  24,  25,  26,  27,  28,  29,  31,  32,  35,  38,  39,  40,  41,  42,  43,
     44,  45,  47,  49,  50,  51,  52,  53,  54,  59,  60,  61,  62,  64,  66,  67,
     68,  69,  70,  71,  75,  76,  77,  78,  79,  80,  81,  43,  45,  66,  81,  32,
     37,  38,  40,  42,  43,  64,  78,  79,  30,  31,  32,  33,  34,  37,  38,  39,
     40,  41,  42,  43,  44,  45,  46,  49,  50,  51,  52,  53,  54,  58,  59,  60,
     61,  62,  64,  65,  66,  67,  68,  69,  70,  71,  76,  77,  78,  79,  81,  82,
     90,  85,  86,  87,  88,  89,  84,  84,
};

static const int8_t youngserif_14_boldKernSparseValues[] = {
      -8,   -4,   -8,   -8,   -4,  -12,  -25,   29,  -12,  -25,  -25,  -25,  -25,  -25,  -25,  -25,
     -25,  -25,  -25,  -12,  -25,  -25,  -25,  -25,  -25,  -25,  -25,  -12,  -12,   -4,  -16,    4,
     -12,   -8,   -4,   -4,  -16,   -4,    4,   -8,  -49,  -25,  -53,  -53,  -33,   -8,  -12,   -4,
     -12,  -12,  -33,  -12,   -8,   -8,   -8,   -8,   -8,   -8,   -8,   -8,   -8,   -8,  -12,  -12,
      -8,   -8,   -8,   -8,   -8,   -4,   -8,   -8,  -49,  -12,  -21,   -8,   -8,  -37,   -8,  -33,
     -33,   -8,  -41,   -4,   -4,   -8,   -8,   -4,   -4,   -8,  -37,   -4,  -12,  -12,    4,   -8,
      -4,    4,   -4,   -8,   -8,   -4,   12,    4,   -4,   16,    4,    4,    8,   -8,   -4,   -4,
       4,    8,   -4,   -4,    4,   -4,   -8,    4,    4,   -4,   -4,    4,   -4,   -4,   -8,   -8,
     -16,    4,  -16,    4,   -8,  -12,   -8,   -8,   -4,  -12,   -8,   -4,   -8,    8,   -4,    4,
     -12,    4,    8,   -4,  -16,  -53,  -12,   -8,   12,   -4,  -25,  -12,   -4,    4,   -8,   -4,
      -8,    4,    8,    4,   -8,   -4,    4,   -8,   12,   12,   16,    4,    4,   16,  -21,  -21,
      12,   41,   12,  -21,    8,  -25,  -12,  -49,  -37,  -53,  -53,  -49,    4,   -8,  -12,    1,
       8,    8,   -4,    8,   -8,   -4,  -16,  -21,  -25,    8,  -21,    8,   -8,   -8,   -8,   -8,
      -8,   -8,    8,   -8,   -8,   -8,   -8,  -21,   -8,  -21,   -8,   -8,   -8,   -8,   -8,    1,
       8,    8,   -8,   -8,    8,   -4,  -49,  -21,    8,  -21,    8,  -12,  -16,  -16,   -3,  -12,
      -4,  -16,  -21,  -33,  -33,  -21,  -29,   -4,   -4,   -4,   -4,   -4,   -4,   -8,   -8,   -8,
      -8,  -10,  -16,   -4,   -4,   -4,   -4,   -4,   -4,   -4,   -4,   -4,   -4,   -8,   -4,  -10,
      -4,   -4,   -4,   -4,   -4,  -16,   -4,   -4,   -4,   -4,  -16,  -10,   -4,  -12,    4,    8,
       4,   -4,   -4,   -4,   -4,   -8,    4,    4,    8,    8,    4,  -16,    4,    4,    4,    4,
       4,    4,    8,    4,    4,    4,    4,    4,    4,    4,    4,    4,    8,    8,    8,    4,
       4,    4,  -25,  -27,  -14,   -4,  -12,   -8,   -8,  -12,  -16,  -25,  -25,  -25,  -25,   -4,
      -2,   -4,   -4,   -5,    4,  -12,    4,    4,   -4,  -37,   -2,   -2,   -2,   -2,   -2,   -2,
       4,   -4,   -2,   -2,   -2,   -2,    4,   -4,    4,   -2,   -2,   -2,   -2,   -2,   -4,    4,
       4,  -19,   -2,   -2,  -12,  -12,    4,   -4,    2,   -8,  -12,  -12,   -8,   -4,   -4,  -45,
     -21,  -29,  -54,  -12,  -57,   -8,   -4,   -4,   -4,   -4,  -12,   -8,  -16,  -12,  -16,  -12,
     -16,  -94,   -4,   -4,   -4,   -4,   -4,   -4,   -4,   -4,   -4,   -4,  -12,  -16,   -4,   -4,
      -4,   -4,   -4,  -12,   -4,   -4,   -4,   -8,  -45,  -16,  -41,  -21,  -29,  -62,  -12,  -21,
      -4,  -41,  -21,    4,   -4,  -12,   -4,  -37,  -33,   -4,  -25,  -21,  -33,  -33,  -45,  -12,
     -21,  -21,  -21,  -21,  -33,  -94,  -37,  -37,  -37,  -37,  -62,  -62,  -37,    8,   12,  -37,
     -37,  -37,  -37,  -21,  -21,  -37,  -37,  -37,  -37,  -37,  -33,  -29,  -25,  -12,  -37,  -37,
     -33,  -82,    4,  -21,  -33,  -21,  -21,  -12,  -21,  -14,    4,  -12,  -12,   -4,   -8,  -16,
     -16,  -16,  -12,  -25,  -12,   -4,   -8,    4,   -4,   -8,   -8,  -25,    4,   -8,   -8,    4,
       4,  -10,   -4,   -8,   -8,   -4,   -8,  -14,   -4,  -16,   -8,   -4,   -4,  -16,    4,   -1,
      -2,  -12,  -16,   -8,  -21,  -16,   -4,  -21,  -16,  -16,  -16,  -16,  -16,  -16,   -2,  -16,
     -16,  -16,  -16,  -21,  -21,  -16,  -16,  -16,  -16,  -16,   -2,   -2,  -16,  -16,  -16,   -4,
     -21,   -8,   -4,   -8,   -4,  -16,   -4,   -4,  -16,   -4,   -4,  -12,   -8,   -4,   -8,  -12,
     -12,  -16,   -4,  -12,  -12,  -12,  -12,  -12,  -12,  -12,  -12,  -12,  -12,  -12,  -16,  -12,
     -12,  -12,  -12,  -12,   -4,  -12,  -12,   -4,   -4,  -16,   -8,  -29,  -12,  -33,   -6,  -16,
      -4,  -25,  -21,   -4,   -2,   -8,  -16,  -25,    4,  -21,  -16,   -8,   -4,  -16,  -12,  -21,
     -12,  -16,  -16,  -16,  -12,  -12,  -45,  -25,  -25,  -25,  -25,  -25,  -25,   -8,    8,  -25,
     -25,  -25,  -25,  -16,  -12,  -25,  -25,  -25,  -25,  -25,  -21,   -8,   -8,   -6,  -25,  -25,
     -16,  -21,   -4,  -12,  -12,  -12,  -16,   -4,  -25,    4,    2,  -29,    4,  -21,  -12,   -8,
      -4,   -4,    4,   -8,    8,  -16,   -4,    4,    8,    4,   -8,    4,  -12,   -8,  -21,  -25,
     -41,  -33,    8,    4,  -16,  -16,  -16,  -16,  -16,  -16,    4,  -16,  -16,  -16,  -16,  -25,
      -4,  -33,  -16,  -16,  -16,  -16,  -16,    4,    4,    4,    2,  -16,  -16,    4,   -8,  -12,
     -33,    8,  -25,    8,   -8,  -21,   -2,  -13,   -8,  -16,   -2,   10,   10,    6,  -14,  -16,
       8,  -16,   -2,   -8,   -4,  -16,  -12,  -22,  -16,  -16,  -16,  -16,  -12,  -12,  -21,  -16,
     -16,  -16,  -16,  -16,  -16,   -8,    8,   12,  -16,  -16,  -16,  -16,  -16,  -12,  -16,  -16,
     -28,  -16,  -25,  -16,   -8,   -8,   -2,  -16,  -16,  -16,  -22,   -2,  -12,  -12,   -8,  -45,
     -12,  -12,  -41,  -10,   -3,  -12,  -45,  -19,   -8,   -8,   -8,   -8,   -8,   -8,  -16,    4,
     -12,   -8,   -8,   -8,   -6,   -2,  -21,    2,    4,   -4,   -8,  -91,  -16,  -16,  -16,  -16,
     -16,  -16,   -8,    8,    4,  -16,  -16,  -16,  -16,  -16,    2,   -4,  -16,  -16,  -16,  -16,
     -16,  -12,   -8,   -8,  -10,  -16,  -16,   -6,  -21,   -8,  -12,  -12,    8,   -4,  -30,  -25,
     -33,  -41,  -45,  -45,    4,  -49,    4,  -16,  -16,    4,   -8,    4,   -4,  -12,  -21,  -25,
     -29,    4,  -31,    4,    4,  -16,  -16,  -16,  -16,  -16,  -16,  -12,  -16,  -16,  -16,  -16,
     -25,   -8,  -31,  -16,  -16,  -16,  -16,  -16,   -4,  -16,  -16,    4,  -12,  -33,  -31,    4,
     -12,    4,   -4,  -10,   -8,   -6,    1,  -12,  -14,  -21,  -21,   -2,  -19,   -2,    2,   -4,
       1,   -2,   -4,   -8,   -8,   -8,   -8,   -8,   -8,    2,    2,    2,    2,    2,    2,    2,
       2,    2,    2,   -8,   -8,   -8,    2,    2,    2,    2,    2,    1,   -8,    2,    2,  -12,
      -8,   12,  -49,  -37,  -21,  -49,   -6,   -8,   -4,  -49,  -49,    4,  -45,   -4,  -21,  -37,
     -29,  -57,  -12,  -41,  -45,  -53,  -49,  -57,  -74, -103,  -91,  -74,  -95,  -66,  -74,   21,
      21,  -49,  -78,  -91,  -82,  -41,  -86,  -95,  -49,  -49,  -86,  -82,  -45,   -6,  -49,  -49,
     -37,  -90,  -82,  -57,  -37,  -16,  -25,   -8,  -25,  -19,  -25,  -25,    8,    8,   -4,    8,
     -16,  -22,    8,  -16,  -12,  -12,  -25,  -21,  -27,  -12,  -12,  -12,  -16,  -12,  -16,  -41,
     -22,  -22,  -22,  -22,  -22,  -22,  -12,    8,   16,  -22,  -22,  -22,  -22,  -12,  -12,  -22,
     -22,  -22,  -22,  -22,  -16,   -8,  -28,  -22,  -22,  -25,  -27,  -12,  -16,   -8,   -8,  -49,
     -33,  -37,  -53,  -25,  -29,  -21,   -2,   -2,   12,  -12,  -33,   12,  -37,  -16,  -12,  -37,
     -21,  -49,  -21,  -25,  -16,  -25,  -21,  -25,  -62,  -33,  -33,  -57,  -33,  -33,  -53,  -21,
       8,   25,  -33,  -33,  -33,  -57,  -25,  -21,  -33,  -33,  -45,  -33,  -45,  -37,  -12,  -16,
     -33,  -94,  -62,  -78,  -21,  -25,  -33,  -25,   -8,    8,   -2,  -25,  -21,   -6,   -4,    8,
       8,  -16,    4,    8,    4,  -12,  -12,  -21,  -33,  -57,    4,  -45,    8,    8,  -16,  -16,
     -16,  -16,  -16,  -16,    8,  -16,  -16,  -16,  -16,  -33,  -12,  -45,  -16,  -16,  -16,  -16,
     -16,    8,    8,   -2,  -16,  -16,    4,  -12,   -6,  -45,    8,   -8,    4,  -33,  -41,  -49,
     -29,  -45,  -29,   -4,    8,    8,   -4,    8,  -21,  -57,    8,  -70,  -25,  -29,  -45,  -49,
     -62,  -29,  -41,  -53,  -49,  -49,  -53,  -74,  -94,  -98,  -82,  -98,  -94,  -82,  -29,    4,
      12, -103,  -94, -103,  -90,  -41,    4,  -82,  -94,  -86,  -74,  -94,  -74,  -70,  -25,  -25,
    -107,  -57,  -74,  -86,   -4,  -49,  -86,  -41,  -33,   -4,   -8,   -4,  -16,   -4,   -8,   -4,
      -2,    4,    4,   -4,   -2,   -4,  -12,  -21,  -21,  -41,   -4,  -45,   -8,   -2,   -2,   -2,
      -2,   -2,   -2,   -2,   -2,   -2,   -2,  -21,   -4,  -45,   -2,   -2,   -2,   -2,   -2,   -4,
      -2,   -2,   -4,   -4,  -45,   16,   49,   12,   -9,  -16,    4,   16,   -4,    5,  -10,   -9,
      -8,  -30,  -12,    8,   -8,    6,   -9,   -9,   -9,   -9,   -9,   -9,   -8,   -9,   -9,   -9,
      -9,  -15,  -12,   -8,   -9,   -9,   -9,   -9,   -9,   -9,   -9,    5,   -9,   -8,    6,    7,
      -8,  -49,  -33,  -33,  -16,  -10,   -5,   -4,   -8,   -8,   -7,  -12,  -16,  -12,   -9,   -4,
      -5,   -2,  -12,   -8,   -9,   -5,   -5,   -4,   -8,  -49,   -9,   -4,   -4,  -21,   -4,   -7,
      -8,   -4,  -10,   -2,   -2,   -4,   -4,  -10,   -4,   -2,   -3,   -4,   -4,   -4,   -7,   -7,
      -7,   -7,   -7,   -7,   -2,   -8,   -7,   -7,   -7,   -7,   -2,   -8,   -4,   -7,   -7,   -7,
      -7,   -7,   -4,   -2,   -2,   -7,   -7,   -4,  -10,   -4,   -4,   -2,  -57,   -8,   -4,   -8,
      -8,   -8,   -8,   -8,   -8,   -8,   -8,   -8,   -8,   -8,   -8,   -8,   -8,   -8,   -8,   -8,
      41,   21,   -4,   -4,   16,    4,    8,   12,   21,   37,    4,   45,    8,   37,   21,   21,
       8,   -4,    4,    8,    8,    8,    4,    4,    4,    4,    4,    4,    4,   21,    4,    4,
       4,    4,    8,    8,    4,    4,    4,    4,    4,    8,   21,   21,    4,    4,    8,   -4,
       8,    4,   -4,   -4,    4,   -4,    4,    2,   49,    4,   -8,   12,    8,    8,    4,   12,
      -4,   -4,   -4,   -4,   -4,   -4,    2,   -4,   -4,   -4,   -4,    8,   12,   -4,   -4,   -4,
      -4,   -4,    4,    2,    2,   -4,   -4,    4,   -8,   12,   12,   -8,   -4,  -16,  -25,    4,
     -12,    6,  -12,  -16,  -21,  -25,  -25,    4,  -26,    4,  -16,  -16,  -16,  -16,  -16,  -16,
       4,   -8,  -16,  -16,  -16,  -16,  -25,  -16,  -26,  -16,  -16,  -16,  -16,  -16,    4,    4,
     -16,  -16,    6,  -16,  -26,    4,   -4,    4,   21,  -22,  -21,    4,  -12,    2,  -12,  -21,
     -12,  -16,  -16,    4,  -12,    8,  -22,  -22,  -22,  -22,  -22,  -22,  -21,  -22,  -22,  -22,
     -22,  -16,  -16,  -12,  -22,  -22,  -22,  -22,  -22,  -22,  -22,    2,  -21,  -12,    8,    4,
      -4,  -22,  -21,  -18,  -12,   57,  -16,    4,  -21,   -8,  -16,  -16,   -8,   -8,   -8,  -22,
     -22,  -22,  -22,  -22,  -22,  -12,  -16,  -22,  -22,  -22,  -22,  -16,   -8,  -22,  -22,  -22,
     -22,  -22,  -12,  -12,  -22,  -22,  -16,  -21,   -8,   -8,   -4,  -41,   -6,   -4,   -1,  -12,
      -1,  -12,    4,    6,    8,    2,    7,    2,   -6,   -6,   -6,   -6,   -6,   -6,   -4,   -6,
      -6,   -6,   -6,    6,   -8,    7,   -6,   -6,   -6,   -6,   -6,   -1,   -6,   -6,   -1,  -12,
       7,    2,    2,   -6,  -16,   -4,   -1,   -4,   -1,  -12,   -7,  -11,  -11,  -11,   -8,   -6,
      -6,   -6,   -6,   -6,   -6,   -1,   -4,   -6,   -6,   -6,   -6,  -11,  -22,   -8,   -6,   -6,
      -6,   -6,   -6,   -1,   -1,   -6,   -6,   -1,   -7,   -8,   -3,    2,    4,    5,    5,    3,
      -4,    4,    8,   -3,   -3,   -3,   -3,   -3,   -3,    5,   -3,   -3,   -3,   -3,    8,   -3,
      -3,   -3,   -3,   -3,    2,    5,    5,   -3,   -3,    5,   -4,    4,  -16,   -8,    4,    4,
       5,   -4,   -7,   -8,   -4,  -12,    4,  -12,    8,   -8,   -8,   -8,   -8,   -8,   -8,    4,
      -4,   -8,   -8,   -8,   -8,   -4,   -8,  -12,   -8,   -8,   -8,   -8,   -8,    4,    4,   -8,
      -8,    5,   -7,  -12,    8,    4,  -33,  -12,  -25,  -12,  -12,  -16,   12,    4,    4,    4,
     -12,  -12,  -12,  -12,  -12,  -12,  -12,  -12,  -12,  -12,   12,    4,  -12,  -12,  -12,  -12,
     -12,  -12,  -12,  -16,    4,  -12,   -8,   -8,    4,   -8,   -8,   -8,   -8,   -8,   -8,   -8,
      -8,   -8,   -8,    4,   -8,   -8,   -8,   -8,   -8,   -8,   -8,    4,   -8,  -33,  -12,  -25,
     -14,   -4,   -8,   -8,    1,    1,    4,   -8,    7,    8,    8,    4,    8,   -4,  -14,  -14,
     -14,  -14,  -14,  -14,    1,  -14,  -14,  -14,  -14,    8,    8,  -14,  -14,  -14,  -14,  -14,
      -8,    1,    1,  -14,  -14,    1,   -8,  -25,    8,   -4,  -12,    7,   -4,   -4,   -4,   -4,
      -4,   -3,   -4,    4,    2,    4,    4,   -4,   -4,   -4,   -4,   -4,   -4,   -4,   -4,   -4,
      -4,    2,   -4,    4,   -4,   -4,   -4,   -4,   -4,   -4,   -4,   -3,   -4,    4,   -4,   51,
    -128, -123,   56,   -8,  -12,  -12,   -8,   -4,   -4,  -74,  -21,  -29,  -54,  -12,  -57,   -8,
      -4,   -4,   -4,   -4,  -12,   -8,  -16,  -12,  -16,  -12,  -16,  -94,   -4,   -4,   -4,   -4,
      -4,   -4,   -4,   -4,   -4,   -4,  -12,  -16,   -4,   -4,   -4,   -4,   -4,  -12,   -4,   -4,
      -4,   -8,  -74,  -16,   21,   21,  -12,   -4,   -8,   -4,   -4,   -4,   -4,   -4,   -8,   -8,
      -5,   -8,   -4,   -4,   -4,   -4,   -4,   -4,   -4,   -4,   -4,   -4,   -4,   -4,   -4,   -5,
     -12,   -4,   -4,   -4,   -4,   -4,   -4,   -4,   -4,   -4,   -4,   -4,   -4,   -8,   -4,   -4,
      16,   12,    8,  -25,  -21,  -21,  -21,  -21,  -21,  -21,  -21,  -21,  -21,  -21,  -21,  -21,
     -21,  -21,  -21,  -21,  -21,  -21,    2,    2,   12,   -9,  -16,    4,   16,   70,    5,  -10,
      -9,   -8,  -30,  -12,    8,   -8,    6,   -9,   -9,   -9,   -9,   -9,   -9,   -8,   -9,   -9,
      -9,   -9,  -15,  -12,   -8,   -9,   -9,   -9,   -9,   -9,   -9,   -9,    5,   -9,   -8,    6,
       7,   12,   -9,  -16,    4,   16,   -4,    5,  -10,   -9,   -8,  -11,  -12,    8,   -8,    6,
      -9,   -9,   -9,   -9,   -9,   -9,   -8,   -9,   -9,   -9,   -9,  -11,  -12,   -8,   -9,   -9,
      -9,   -9,   -9,   -9,   -9,    5,   -9,   -8,    6,    7,   -8,  -12,  -12,   -8,   -4,   -4,
     -86,  -21,  -29,  -54,  -12,  -57,   -8,   -4,   -4,   -4,   -4,  -12,   -8,  -16,  -12,  -16,
     -12,  -16,  -94,   -4,   -4,   -4,   -4,   -4,   -4,   -4,   -4,   -4,   -4,  -12,  -16,   -4,
      -4,   -4,   -4,   -4,  -12,   -4,   -4,   -4,   -8,  -86,  -16,    8,    8,    8,    8,   -4,
      29,   -4,   -8,   -5,   -2,   -5,   -4,   -8,   12,   -9,  -16,    4,   16,   28,    5,  -10,
      -9,   -8,  -30,  -12,    8,   -8,    6,   -9,   -9,   -9,   -9,   -9,   -9,   -8,   -9,   -9,
      -9,   -9,  -15,  -12,   -8,   -9,   -9,   -9,   -9,   -9,   -9,   -9,    5,   -9,   -8,    6,
       7, -128, -103, -119, -115, -107, -119, -127,
};

static const EpdLigaturePair youngserif_14_boldLigaturePairs[] = {
    { 0x00660066, 0xFB00 }, // f f -> U+FB00
    { 0x00660069, 0xFB01 }, // f i -> U+FB01
    { 0x0066006C, 0xFB02 }, // f l -> U+FB02
    { 0xFB000069, 0xFB03 }, // U+FB00 i -> U+FB03
    { 0xFB00006C, 0xFB04 }, // U+FB00 l -> U+FB04
};

static const EpdFontData youngserif_14_bold = {
    youngserif_14_boldBitmaps,
    youngserif_14_boldGlyphs,
    youngserif_14_boldIntervals,
    63,
    35,
    28,
    -9,
    true,
    youngserif_14_boldGroups,
    13,
    nullptr,
    nullptr,  // kernLeftClasses: built-in fonts use the split arrays below
    nullptr,  // kernRightClasses
    youngserif_14_boldKernLeftCodepoints,
    youngserif_14_boldKernLeftClassIds,
    youngserif_14_boldKernRightCodepoints,
    youngserif_14_boldKernRightClassIds,
    nullptr,  // kernMatrix: built-in fonts use the sparse form below
    youngserif_14_boldKernRowOffsets,
    youngserif_14_boldKernSparseCols,
    youngserif_14_boldKernSparseValues,
    431,
    443,
    74,
    91,
    youngserif_14_boldLigaturePairs,
    5,
};
