/**
 * generated by fontconvert.py
 * name: youngserif_18_italic
 * size: 18
 * mode: 2-bit  compressed: true
 * Command used: fontconvert.py youngserif_18_italic 18 ../builtinFonts/source/YoungSerif/YoungSerif-Italic.ttf --2bit --compress --pnum --zopfli
 */
#pragma once
#include "EpdFontData.h"

static const uint8_t youngserif_18_italicBitmaps[26015] = {
    0xAD, 0x5A, 0x01, 0xA4, 0x26, 0xD9, 0x95, 0xFE, 0xAA, 0x6A, 0x76, 0x6A, 0x37, 0x95, 0xED, 0x1B,
    0xCC, 0x2E, 0x76, 0x66, 0xBA, 0x20, 0xC8, 0x66, 0xFB, 0x75, 0x2D, 0x06, 0xB3, 0xBC, 0xD7, 0x55,
    0x93, 0x61, 0x03, 0x8B, 0xC0, 0x82, 0x45, 0x00, 0x18, 0xA1, 0x83, 0x41, 0xE3, 0x25, 0x55, 0xD9,
    0x20, 0x08, 0xB6, 0xED, 0x02, 0x20, 0x83, 0x2C, 0xF2, 0x66, 0xE9, 0xC6, 0xA0, 0x97, 0x9E, 0x57,
    0x57, 0x82, 0x20, 0x48, 0xC9, 0xB2, 0x8B, 0x90, 0x94, 0xD5, 0x2C, 0x33, 0x6C, 0xDF, 0x8D, 0xDA,
    0xA8, 0xEE, 0xAE, 0xAA, 0xBB, 0xEF, 0xFB, 0x8E, 0xFF, 0xD5, 0x3C, 0x9D, 0x9E, 0x8D, 0x48, 0x79,
    0x75, 0x4E, 0xFD, 0x55, 0xB7, 0xEE, 0xFD, 0xEE, 0x39, 0xDF, 0x39, 0xE7, 0x56, 0xD5, 0x43, 0xDE,
    0xA0, 0x1A, 0xD0, 0x8E, 0xE8, 0x07, 0xF4, 0x1E, 0x7D, 0x87, 0xBE, 0x41, 0x0F, 0x9C, 0x03, 0x2B,
    0xB0, 0x00, 0x33, 0x30, 0x21, 0x09, 0xFC, 0x4B, 0x03, 0xB2, 0x11, 0xD9, 0x80, 0xCC, 0xC3, 0xB6,
    0x3F, 0x00, 0xAA, 0x0E, 0xAD, 0x47, 0x3B, 0xF0, 0xE0, 0x25, 0xE0, 0x56, 0x1A, 0x4E, 0xB2, 0xF1,
    0x38, 0x1B, 0x4E, 0x33, 0x7F, 0x27, 0xF3, 0x1F, 0xE4, 0xDD, 0xFD, 0xBC, 0x19, 0x0B, 0x0C, 0x9F,
    0x01, 0x80, 0x3B, 0xB8, 0x43, 0x35, 0x61, 0xA2, 0x0A, 0x08, 0x00, 0xD2, 0x21, 0x1D, 0x00, 0x64,
    0x5E, 0xBD, 0x16, 0x5D, 0xD1, 0x01, 0x75, 0xBC, 0xD8, 0x3A, 0xBC, 0xD3, 0x9F, 0xF5, 0x67, 0x00,
    0x8E, 0x71, 0x0C, 0x00, 0xA7, 0x38, 0xDD, 0xEF, 0x4E, 0x42, 0xF2, 0xA9, 0x77, 0x37, 0xCF, 0xDF,
    0x7D, 0xE7, 0xD3, 0xEF, 0xD6, 0xF6, 0x15, 0x8A, 0x74, 0x94, 0x1C, 0xA0, 0x6B, 0x97, 0xF2, 0xE5,
    0x38, 0x04, 0xA0, 0x8F, 0xDB, 0x84, 0xEC, 0x49, 0xD1, 0xCF, 0x28, 0x46, 0xF7, 0xE5, 0x05, 0xA5,
    0x77, 0xC9, 0x82, 0xAA, 0x73, 0x78, 0x88, 0xBA, 0xBB, 0x8E, 0x13, 0xD4, 0xFE, 0x26, 0x5E, 0x47,
    0x3D, 0x9E, 0x00, 0x28, 0x67, 0x8E, 0x5E, 0xC4, 0x85, 0x3D, 0x12, 0x16, 0x50, 0xC5, 0x99, 0x10,
    0x38, 0x43, 0xE0, 0xD7, 0x71, 0x7C, 0x09, 0x08, 0xD5, 0x74, 0x82, 0x64, 0xCC, 0xE7, 0x1A, 0xE9,
    0x98, 0xCD, 0x55, 0x93, 0x0D, 0xD9, 0xE4, 0x86, 0xCC, 0x67, 0xC1, 0x85, 0xCC, 0x17, 0x63, 0xBE,
    0xE6, 0x5D, 0xE9, 0xB3, 0xF8, 0xDD, 0xEE, 0x1C, 0xD9, 0xB3, 0xF8, 0x98, 0x3E, 0xB9, 0xBD, 0xB1,
    0x37, 0x07, 0x6E, 0xD7, 0x25, 0x8F, 0x24, 0x6F, 0x60, 0xDF, 0xD0, 0x4E, 0x52, 0xD9, 0xF0, 0x4D,
    0x69, 0x07, 0xD7, 0xB1, 0xC5, 0x11, 0x8A, 0x01, 0xB8, 0x8F, 0x63, 0xBA, 0x34, 0xF5, 0x38, 0xA5,
    0x77, 0x0B, 0x5A, 0x29, 0x09, 0xB8, 0x21, 0x3D, 0xE1, 0x03, 0xE0, 0x04, 0x08, 0xC9, 0x00, 0xDC,
    0x42, 0x12, 0xF2, 0x06, 0x28, 0x9B, 0x64, 0x7C, 0x9D, 0xFD, 0xF8, 0xCC, 0xBF, 0xCB, 0x7E, 0x83,
    0xE3, 0x65, 0xA0, 0x9F, 0xF2, 0xE6, 0xF6, 0x5D, 0x1E, 0xBD, 0x9E, 0x6D, 0x0F, 0xA9, 0xDF, 0x75,
    0x63, 0x41, 0x3D, 0xD6, 0x4D, 0xEA, 0x81, 0xAC, 0xBB, 0x40, 0x30, 0x00, 0xD7, 0xB0, 0x00, 0x23,
    0xF0, 0x26, 0x79, 0x35, 0xF2, 0x30, 0xD0, 0xE0, 0x59, 0x87, 0x91, 0x58, 0xAE, 0xF1, 0x4C, 0xE1,
    0xF1, 0x26, 0xD1, 0x95, 0x1D, 0x02, 0xF0, 0x06, 0x5A, 0x39, 0xE0, 0xDA, 0xCB, 0x0B, 0x0A, 0x99,
    0x71, 0x84, 0xB6, 0x3F, 0x81, 0x79, 0x85, 0x0A, 0xF5, 0xC7, 0x0B, 0x55, 0x32, 0xE3, 0x43, 0x9B,
    0x30, 0x6E, 0x41, 0x40, 0x71, 0x22, 0xDD, 0x41, 0xA8, 0xCA, 0x2E, 0xB9, 0x2B, 0xED, 0xA1, 0xCD,
    0x8D, 0x48, 0xCF, 0xCE, 0x80, 0x62, 0x42, 0x16, 0x23, 0x90, 0x2D, 0x40, 0x3D, 0x00, 0xC9, 0x06,
    0x54, 0x72, 0x53, 0x23, 0xFE, 0x54, 0xBD, 0xC7, 0xBB, 0x40, 0xB2, 0x94, 0x81, 0xE8, 0x8B, 0x50,
    0xCC, 0xA9, 0x67, 0x37, 0xD9, 0x9A, 0x35, 0x40, 0xDD, 0x21, 0x5E, 0x23, 0x0A, 0xA0, 0xFF, 0x17,
    0x9A, 0x1D, 0xA8, 0x83, 0x69, 0x17, 0xA0, 0xEB, 0x8E, 0xF8, 0xAA, 0x11, 0xE7, 0x51, 0x84, 0xE8,
    0xC7, 0x9E, 0xFE, 0xEB, 0x9F, 0xA0, 0x88, 0x0D, 0x6E, 0x9D, 0x1C, 0x9F, 0xDE, 0xF9, 0xE0, 0xFE,
    0x68, 0x73, 0x41, 0x32, 0x0A, 0x39, 0xBE, 0x09, 0xA4, 0x33, 0xE4, 0xAB, 0xB2, 0x53, 0xEF, 0x58,
    0xEC, 0x54, 0x16, 0x80, 0x5C, 0xAD, 0xB4, 0xEB, 0x72, 0x45, 0x20, 0xF8, 0x8D, 0xBB, 0xE6, 0xE2,
    0x1A, 0xD9, 0x01, 0x39, 0xDD, 0x31, 0x2A, 0x18, 0xA0, 0x98, 0x2A, 0x01, 0x64, 0xD0, 0x46, 0x07,
    0xD0, 0xFE, 0xE4, 0x83, 0x06, 0x93, 0xF9, 0x2A, 0x36, 0xD2, 0xDD, 0xBA, 0xA8, 0x3D, 0x1F, 0x6C,
    0x2F, 0xB4, 0xEF, 0x48, 0xDC, 0x8E, 0x84, 0xF8, 0xD9, 0x47, 0x22, 0xC0, 0x87, 0x79, 0xE8, 0x74,
    0x62, 0xD3, 0x52, 0xAB, 0x37, 0xF6, 0xD0, 0x7B, 0x08, 0x24, 0x78, 0x40, 0xA8, 0x13, 0xE0, 0x18,
    0x6F, 0xE9, 0x14, 0x6E, 0x02, 0xA7, 0x3F, 0x8B, 0x40, 0xF1, 0xBD, 0x27, 0xC0, 0x9F, 0x3E, 0x02,
    0xFE, 0x62, 0x7D, 0x00, 0xB4, 0xFF, 0xF6, 0x3D, 0xE0, 0x24, 0xFB, 0xEE, 0x08, 0xE4, 0x5F, 0x5A,
    0x78, 0xCB, 0x4C, 0xF1, 0x39, 0x43, 0x8A, 0x64, 0x8F, 0x8B, 0x9B, 0x14, 0x62, 0xC1, 0xF1, 0x41,
    0x58, 0x32, 0x60, 0x2F, 0x31, 0xC6, 0xD0, 0x53, 0x90, 0xF9, 0x66, 0x79, 0xA4, 0x14, 0x99, 0xA5,
    0x86, 0x83, 0xC8, 0x25, 0x3A, 0x00, 0x4D, 0x16, 0xDC, 0x5C, 0x2C, 0xD9, 0x92, 0x85, 0x7C, 0xB8,
    0x89, 0xCF, 0xE3, 0x9D, 0xB3, 0xB3, 0x2E, 0xC6, 0xE8, 0x13, 0x94, 0xBE, 0x1E, 0xAB, 0xE0, 0x7C,
    0x72, 0x48, 0x8F, 0x36, 0xBA, 0x0D, 0x6A, 0x03, 0xC2, 0xC6, 0x51, 0xF7, 0xEA, 0xD5, 0x1C, 0x23,
    0x2F, 0x08, 0xE7, 0xDE, 0x10, 0x01, 0x02, 0xF3, 0x69, 0x0D, 0x1F, 0x5E, 0x6D, 0x28, 0xB0, 0xCA,
    0x84, 0x57, 0x1B, 0x9A, 0x9F, 0xCD, 0xE3, 0x72, 0xED, 0xD5, 0x86, 0x6E, 0x47, 0x0A, 0xE0, 0xF6,
    0x0C, 0xE4, 0x5B, 0x6C, 0x50, 0x77, 0x6E, 0xC0, 0x8A, 0x2C, 0x64, 0x13, 0xD2, 0xB9, 0x08, 0x48,
    0x16, 0x37, 0x30, 0x06, 0xFC, 0x85, 0xA8, 0x3B, 0x8A, 0x06, 0xE9, 0x52, 0x03, 0xD9, 0xDC, 0x02,
    0xD9, 0x54, 0x33, 0x32, 0x6A, 0x7A, 0xAE, 0x6E, 0x50, 0x75, 0xA5, 0xC7, 0x39, 0x8A, 0x90, 0xCE,
    0x48, 0x63, 0x3F, 0x00, 0xD5, 0x13, 0x98, 0x67, 0x92, 0x1E, 0x59, 0x7C, 0x82, 0x34, 0x06, 0x45,
    0xE0, 0xCE, 0x9F, 0x17, 0xB3, 0x59, 0x5C, 0x3A, 0xB7, 0xC0, 0xBC, 0x1D, 0x1F, 0xA1, 0x8F, 0x9C,
    0xCB, 0x9F, 0x7D, 0x1F, 0x8C, 0xDB, 0x06, 0x65, 0x57, 0xF9, 0x8B, 0x26, 0x6E, 0xC0, 0xC2, 0x1E,
    0x17, 0x1D, 0x31, 0xCA, 0xBF, 0x86, 0xBA, 0xB1, 0x3B, 0x15, 0x37, 0x1A, 0x0E, 0x2D, 0x48, 0x2C,
    0xD8, 0x40, 0x4C, 0x18, 0x8D, 0xD2, 0xA0, 0xEB, 0x50, 0xA2, 0x3E, 0xBB, 0xB7, 0xA2, 0x8E, 0xEA,
    0xFE, 0x9D, 0xBB, 0x96, 0xBB, 0x51, 0xBF, 0x15, 0x81, 0x05, 0x3D, 0xFB, 0x68, 0x91, 0x4D, 0x3C,
    0x9A, 0xB0, 0x01, 0xAF, 0xA4, 0x0B, 0x94, 0x3D, 0x14, 0xE3, 0x78, 0x79, 0x05, 0x39, 0x35, 0x00,
    0x7F, 0xFB, 0xD5, 0x19, 0x86, 0x16, 0x88, 0x14, 0xFD, 0xA5, 0x88, 0x07, 0x91, 0xB2, 0x75, 0x31,
    0x2B, 0x2F, 0x58, 0xAA, 0xD9, 0xE2, 0x0C, 0xC4, 0xA7, 0x0D, 0x2E, 0xB7, 0x47, 0x6A, 0x7C, 0x55,
    0xAC, 0x36, 0x19, 0x05, 0x95, 0x19, 0x4C, 0x16, 0xC2, 0xB2, 0x9F, 0x7A, 0x08, 0xB4, 0xC9, 0x8C,
    0x64, 0x4E, 0x26, 0xE4, 0x63, 0x1A, 0xE0, 0xBA, 0x2C, 0xA0, 0x3E, 0x7B, 0xFF, 0xE9, 0x7B, 0xAC,
    0x8F, 0x16, 0x8C, 0x16, 0xC8, 0x70, 0x26, 0x64, 0x0E, 0x0A, 0x15, 0x29, 0xD8, 0xF6, 0xDE, 0x81,
    0x59, 0x7D, 0x8C, 0x1E, 0xD8, 0xCE, 0xEE, 0x5D, 0xF2, 0x87, 0x52, 0x19, 0xC0, 0xBA, 0xB1, 0xC8,
    0x37, 0xBF, 0x01, 0xB5, 0x92, 0xF4, 0x9F, 0xFF, 0x9D, 0xE6, 0x8F, 0xD6, 0xAE, 0x0C, 0x96, 0x71,
    0x25, 0x75, 0x77, 0xA9, 0xE3, 0x4A, 0xB2, 0xF6, 0xBB, 0x54, 0x9D, 0x4C, 0x75, 0xAF, 0xCC, 0x83,
    0x96, 0x35, 0xA8, 0xE7, 0x89, 0x9A, 0x59, 0x53, 0x79, 0xFF, 0x2E, 0xCF, 0x3F, 0xB6, 0x7C, 0x78,
    0xAE, 0xF9, 0x90, 0x74, 0xA4, 0x02, 0xB9, 0xE2, 0x1A, 0x9A, 0xE3, 0xB3, 0x66, 0x27, 0x64, 0xFF,
    0xD3, 0x3F, 0x02, 0x8A, 0x8F, 0xE3, 0x06, 0xB8, 0x95, 0x78, 0x5C, 0x20, 0x9E, 0xCA, 0x13, 0x4F,
    0xCD, 0x9F, 0xBC, 0xBB, 0xB8, 0x90, 0xB8, 0x2A, 0x07, 0x4A, 0xE7, 0x79, 0xB5, 0xF4, 0xA8, 0x3A,
    0x54, 0x20, 0xB7, 0xBE, 0x01, 0xE4, 0x53, 0x32, 0x01, 0x89, 0x98, 0x0D, 0xA3, 0xF6, 0xE7, 0x28,
    0xF0, 0xF4, 0xEC, 0xEC, 0x8C, 0xC5, 0x3E, 0x46, 0x11, 0xE3, 0xBA, 0x2C, 0xFA, 0x00, 0x7F, 0xC4,
    0xD0, 0xDF, 0x63, 0xB9, 0xDC, 0xC3, 0x32, 0xD9, 0x4D, 0x69, 0x46, 0xB4, 0xDA, 0x85, 0x65, 0xB7,
    0xB3, 0xBC, 0xC5, 0xE1, 0xC5, 0xDE, 0xFD, 0xE2, 0xAC, 0x8B, 0x61, 0x37, 0x6C, 0x3D, 0xA8, 0x89,
    0x86, 0xE8, 0xFD, 0x7E, 0x9C, 0x74, 0xD0, 0x56, 0x6E, 0xB0, 0x68, 0x74, 0x21, 0x0D, 0xEC, 0x90,
    0x84, 0xC6, 0x43, 0x9C, 0x53, 0xAC, 0xC0, 0x7C, 0x21, 0x12, 0xF2, 0x3B, 0x1F, 0xD1, 0x76, 0x9C,
    0xEF, 0xAF, 0x57, 0x20, 0x8F, 0x23, 0xC5, 0x04, 0xB4, 0xFF, 0xB1, 0x21, 0x5B, 0xD1, 0x77, 0x8E,
    0xD6, 0xAB, 0x1A, 0xB8, 0xE1, 0x16, 0x2D, 0x72, 0x4A, 0xF1, 0x90, 0xA6, 0xFA, 0x90, 0x38, 0x5B,
    0xA0, 0xBD, 0x50, 0xE9, 0x82, 0x62, 0xE3, 0xBD, 0xBD, 0xEC, 0xF3, 0xEA, 0x66, 0x2B, 0x1F, 0x95,
    0x8C, 0x7C, 0x02, 0x2A, 0x24, 0x8B, 0x42, 0x7B, 0x05, 0x74, 0xC0, 0x9F, 0xAD, 0x9C, 0x56, 0x23,
    0x9B, 0x0E, 0xB2, 0x95, 0xEC, 0x35, 0xDD, 0x88, 0x6C, 0x61, 0x5C, 0x25, 0x2B, 0x0F, 0x10, 0x9B,
    0x92, 0xF1, 0xF9, 0xEC, 0xD9, 0x4C, 0x4E, 0xFC, 0x93, 0x59, 0x52, 0xD2, 0x0D, 0x78, 0x4D, 0x85,
    0xFE, 0x14, 0xA8, 0x95, 0x29, 0x57, 0x8E, 0xA0, 0xBE, 0x3B, 0x32, 0xCF, 0x69, 0x3D, 0x96, 0x44,
    0x85, 0xD8, 0x4B, 0x40, 0x2B, 0xE2, 0x45, 0xD1, 0xE7, 0x15, 0xBC, 0x68, 0x4B, 0xD4, 0x67, 0x3D,
    0xA2, 0x0A, 0xE4, 0x45, 0xB2, 0x9F, 0x1A, 0x78, 0xB6, 0xEC, 0x94, 0xF7, 0x5F, 0xB0, 0x35, 0x74,
    0xA7, 0x9B, 0x51, 0x2C, 0x04, 0x9F, 0x05, 0x3A, 0xFD, 0x26, 0xF0, 0xF9, 0xCB, 0xCB, 0x96, 0x92,
    0x95, 0x0C, 0xB4, 0x7A, 0xBC, 0x3C, 0xAC, 0x26, 0x00, 0xA9, 0x0E, 0x6F, 0x13, 0x70, 0xBE, 0xC9,
    0xB7, 0xE3, 0x1E, 0x58, 0xCA, 0x44, 0x4A, 0x43, 0xBC, 0x3C, 0x43, 0xD7, 0xAD, 0xC7, 0x89, 0x12,
    0xBD, 0x55, 0x0F, 0x35, 0x4E, 0x3C, 0x3E, 0x73, 0x41, 0xD3, 0xF7, 0x9C, 0x92, 0xC1, 0xA7, 0x6E,
    0x5F, 0xBC, 0x68, 0xD7, 0xB0, 0x4E, 0x36, 0x86, 0x2F, 0xB1, 0xDE, 0x22, 0xF6, 0x08, 0x66, 0xA8,
    0xEE, 0x38, 0x56, 0xC0, 0x68, 0xB7, 0xE3, 0x10, 0xEE, 0x5C, 0x17, 0x5A, 0xE5, 0x1D, 0xD1, 0xA1,
    0xEF, 0x9E, 0x9B, 0x23, 0x13, 0x7D, 0x63, 0x89, 0xC7, 0xC2, 0xFC, 0x07, 0x40, 0x1F, 0xC7, 0x6C,
    0xCE, 0x67, 0x37, 0x24, 0x6B, 0xE9, 0xB1, 0xD5, 0x0D, 0xF7, 0xE4, 0x62, 0x4F, 0x97, 0xBF, 0x12,
    0x07, 0x8A, 0x60, 0x63, 0xF7, 0x8D, 0x7E, 0x96, 0x83, 0xC5, 0xC8, 0x6C, 0xA9, 0x2A, 0x1B, 0xAD,
    0xDA, 0x26, 0xCD, 0xC1, 0x81, 0x72, 0x17, 0xEA, 0x51, 0x3B, 0x3D, 0x76, 0xE9, 0xB2, 0x77, 0xFE,
    0xD9, 0x74, 0x15, 0xE3, 0xA8, 0xE1, 0xD7, 0x46, 0x29, 0x1D, 0x55, 0xA7, 0x86, 0xEA, 0x54, 0x3D,
    0x5A, 0x10, 0x87, 0x43, 0x1C, 0xDF, 0x01, 0x8E, 0x51, 0x6C, 0x68, 0x6E, 0xF0, 0x64, 0xFF, 0xF8,
    0x67, 0xDD, 0xEB, 0x48, 0x7D, 0x36, 0x25, 0xB1, 0xB9, 0x86, 0xAC, 0x73, 0x1E, 0xED, 0xC5, 0x41,
    0xC1, 0xFC, 0x54, 0xE3, 0x1A, 0xAE, 0xA1, 0x86, 0x0E, 0x5E, 0xC3, 0x39, 0x49, 0x79, 0x0D, 0x37,
    0xB0, 0xB2, 0x12, 0xFD, 0x31, 0xDE, 0xC4, 0xC2, 0x83, 0xD7, 0xF0, 0x06, 0x0F, 0x16, 0xDC, 0xC0,
    0xBB, 0x89, 0x0E, 0xDE, 0xC4, 0xD7, 0x2F, 0x64, 0x32, 0xE3, 0xFE, 0xC5, 0xC1, 0xCA, 0xD4, 0x3E,
    0xE2, 0x5D, 0x86, 0xC3, 0xAC, 0xF5, 0x72, 0xDB, 0x95, 0x71, 0x23, 0x8A, 0x32, 0xFE, 0x17, 0x03,
    0xF5, 0x08, 0xE9, 0xF6, 0xD7, 0x5F, 0xB1, 0xE2, 0x6E, 0x5B, 0xD1, 0x98, 0x96, 0x35, 0xB0, 0xBB,
    0x72, 0xCF, 0x29, 0x6C, 0xFD, 0x08, 0xD6, 0xCC, 0xC2, 0x54, 0x46, 0x38, 0x6B, 0x0E, 0xED, 0x57,
    0xA9, 0x6C, 0x93, 0x2A, 0xA2, 0xD4, 0xB5, 0x5E, 0xEA, 0x86, 0xA9, 0x3B, 0x46, 0xB9, 0x20, 0x1A,
    0x26, 0x83, 0x54, 0xE6, 0x6B, 0xAF, 0xF1, 0x2B, 0x2A, 0x67, 0x14, 0xBC, 0x61, 0xDC, 0xB9, 0x03,
    0x47, 0x15, 0x54, 0x11, 0x92, 0x51, 0x2A, 0x8B, 0x2A, 0xBF, 0x85, 0x29, 0x67, 0x2C, 0x3A, 0x82,
    0x9C, 0x7B, 0xC7, 0x14, 0x5B, 0xAD, 0x6C, 0x4F, 0xBA, 0xC9, 0xC3, 0x1B, 0xAA, 0x8D, 0x5C, 0xF1,
    0x75, 0x04, 0x62, 0xF4, 0xAC, 0xE1, 0x33, 0x3D, 0xF9, 0x7E, 0xEC, 0xD8, 0xB6, 0x1C, 0x19, 0x21,
    0xF9, 0xA4, 0xC0, 0x9B, 0x0F, 0x72, 0xE6, 0x99, 0x7C, 0xE2, 0xB0, 0x05, 0x2B, 0x02, 0x65, 0x0F,
    0xB8, 0xA7, 0xFD, 0x02, 0x38, 0x91, 0xBE, 0x1C, 0x92, 0x5E, 0x95, 0xA2, 0x0C, 0x94, 0xC5, 0x84,
    0xDA, 0x13, 0x51, 0xDD, 0xF1, 0xF6, 0xB6, 0xE1, 0x71, 0xAF, 0x20, 0xE3, 0x8D, 0x01, 0x91, 0x64,
    0x4C, 0x22, 0xE9, 0x9D, 0x45, 0x92, 0xBE, 0x8D, 0x4F, 0x63, 0x60, 0x01, 0x95, 0xD9, 0x12, 0x4B,
    0x85, 0xD5, 0x16, 0xBD, 0x78, 0x9F, 0x07, 0xDD, 0x9B, 0x2C, 0xC6, 0xE1, 0xCD, 0xE2, 0xB4, 0xB7,
    0xA5, 0x43, 0xAB, 0xC9, 0xA2, 0xB7, 0x32, 0xF8, 0x7D, 0x59, 0x07, 0x20, 0x92, 0xBD, 0x70, 0xA2,
    0x1E, 0x4C, 0x79, 0xA9, 0xF6, 0x79, 0xF5, 0x8A, 0x5D, 0x7B, 0xD3, 0x5A, 0xDE, 0xD7, 0x7D, 0x89,
    0x57, 0x67, 0x79, 0xC3, 0x5C, 0x84, 0x23, 0xE5, 0x16, 0xD1, 0xA1, 0xDD, 0x62, 0xA7, 0xFA, 0xFA,
    0xC8, 0x02, 0x41, 0xBA, 0x8A, 0xF7, 0x62, 0x67, 0x46, 0x9E, 0xCC, 0xE4, 0xAB, 0x25, 0x9C, 0x68,
    0xEE, 0x68, 0x69, 0x0B, 0x41, 0x30, 0x45, 0x93, 0x9A, 0x35, 0xA5, 0x9C, 0x94, 0x3C, 0xAD, 0x8A,
    0xAB, 0x26, 0xE5, 0x20, 0x55, 0x79, 0xDE, 0x2E, 0xD5, 0x5B, 0xF6, 0x8A, 0x54, 0x1C, 0x84, 0xC6,
    0x65, 0x7F, 0xB2, 0xAB, 0x9D, 0xF7, 0x54, 0x09, 0x47, 0x8D, 0x78, 0x55, 0xEE, 0x7D, 0x1C, 0x19,
    0xEE, 0x06, 0x13, 0x96, 0xC9, 0xE9, 0xFA, 0xB8, 0x00, 0xAF, 0x46, 0xDA, 0x5C, 0x3D, 0xD5, 0xA6,
    0x5C, 0x23, 0xD4, 0x45, 0x27, 0xD4, 0xE9, 0xA1, 0x80, 0xAA, 0xBC, 0x58, 0xE1, 0x78, 0xC3, 0xEA,
    0xE9, 0x7D, 0xC8, 0xFD, 0xC1, 0xD4, 0x48, 0x35, 0x28, 0x6C, 0x4A, 0x9F, 0x50, 0x55, 0x3E, 0xF1,
    0x52, 0x87, 0x9C, 0x2B, 0xC5, 0x72, 0x22, 0xD4, 0x70, 0x42, 0x8D, 0x23, 0x53, 0x0F, 0x80, 0xA8,
    0x64, 0x94, 0x46, 0xCD, 0xB4, 0x8C, 0x62, 0x56, 0x2B, 0x7C, 0xBF, 0x09, 0xF5, 0x6A, 0x70, 0x7B,
    0x53, 0x25, 0x0C, 0xB5, 0xA5, 0xB7, 0x64, 0x47, 0x2D, 0x45, 0x5B, 0x7F, 0x41, 0xA8, 0x05, 0xDE,
    0x05, 0x7C, 0x70, 0x05, 0x3C, 0x55, 0x39, 0xA4, 0xA3, 0xC1, 0x1D, 0x8D, 0x29, 0x7E, 0x47, 0x2D,
    0x45, 0xD4, 0x52, 0xBD, 0x24, 0xE2, 0x27, 0x55, 0x66, 0xAA, 0x8A, 0xA3, 0x1A, 0xAA, 0x47, 0x31,
    0x79, 0x83, 0x31, 0x79, 0x14, 0x7D, 0xF2, 0x59, 0x4C, 0xC6, 0x6A, 0x94, 0xEC, 0x8D, 0xC9, 0xAD,
    0x31, 0xB9, 0x17, 0x76, 0xFC, 0xAB, 0x31, 0x19, 0x2F, 0x64, 0x72, 0x16, 0x23, 0xB3, 0x05, 0xDF,
    0x95, 0x90, 0xBB, 0x6E, 0x01, 0x55, 0x3E, 0x1F, 0x54, 0xED, 0x39, 0x08, 0x5B, 0x2A, 0x60, 0xF5,
    0x00, 0xA1, 0xCE, 0x4A, 0x8F, 0x7C, 0x01, 0x6A, 0x41, 0x79, 0x79, 0xC6, 0xF3, 0x4C, 0x9E, 0x51,
    0xC7, 0xF9, 0x42, 0x4F, 0xDA, 0x33, 0x23, 0x91, 0x0C, 0xAC, 0x7D, 0xB1, 0x3D, 0x3B, 0xEC, 0x33,
    0x6C, 0x9F, 0x6C, 0xCF, 0xB5, 0x6B, 0x54, 0xED, 0xEE, 0xB0, 0x5F, 0x2C, 0xF7, 0xEE, 0xD9, 0x6A,
    0x42, 0x19, 0xB3, 0xD4, 0x2E, 0x5B, 0x6B, 0xAF, 0x0F, 0x7B, 0x87, 0x7D, 0xA7, 0x5D, 0x6C, 0x47,
    0x0F, 0xDB, 0xE3, 0xD5, 0xDD, 0xE0, 0xC9, 0xE8, 0xDC, 0x69, 0x75, 0xEE, 0x3C, 0xB1, 0xA0, 0x8C,
    0x13, 0x67, 0x29, 0xCB, 0x26, 0x86, 0x7D, 0xC7, 0x6C, 0x38, 0x77, 0x8C, 0xC4, 0xB6, 0x63, 0xDA,
    0xB1, 0xEC, 0xE3, 0x23, 0x42, 0xDD, 0x55, 0x87, 0x31, 0x50, 0x92, 0x88, 0x39, 0x0D, 0x67, 0x95,
    0x39, 0x42, 0x03, 0x49, 0x68, 0x38, 0x8D, 0xA7, 0x01, 0x35, 0xA2, 0x86, 0xB4, 0x31, 0xE1, 0x24,
    0x2C, 0x64, 0xA0, 0x71, 0x6D, 0x60, 0xD0, 0xAD, 0x5D, 0xDD, 0xA1, 0x6A, 0xEA, 0x06, 0x3D, 0x5A,
    0x8E, 0xBD, 0x01, 0xB5, 0x52, 0xDF, 0xCF, 0x03, 0xF0, 0xF2, 0xD6, 0x40, 0x13, 0xCC, 0xE2, 0x4A,
    0x1F, 0xA5, 0xFD, 0x8C, 0x2C, 0x0A, 0x6A, 0xCA, 0xEA, 0xA8, 0x91, 0xB3, 0xA0, 0xB1, 0x9D, 0xD7,
    0xE8, 0x35, 0xA8, 0x92, 0x59, 0x08, 0xF2, 0x51, 0x18, 0xCA, 0x46, 0x28, 0x7A, 0xA9, 0x5F, 0x45,
    0x4F, 0xF5, 0xF1, 0x63, 0x61, 0xD9, 0x04, 0xAE, 0x9A, 0x85, 0xB6, 0x1A, 0x34, 0x87, 0xBA, 0x4B,
    0x56, 0x29, 0x44, 0x0B, 0x83, 0xB6, 0x93, 0x55, 0x2C, 0xD7, 0xA8, 0x4A, 0x45, 0xCD, 0x2A, 0xA5,
    0x9A, 0xE9, 0x0D, 0xB1, 0x33, 0x86, 0x2C, 0xC6, 0x8E, 0x70, 0x05, 0xFA, 0xFB, 0x87, 0xC2, 0x28,
    0xAC, 0x82, 0xCA, 0x33, 0x26, 0xE7, 0x5D, 0x6A, 0xE8, 0xC3, 0x92, 0xDD, 0xE4, 0xB8, 0x4B, 0x59,
    0x4B, 0xE6, 0x92, 0x14, 0xAE, 0x83, 0xFC, 0x9C, 0xFC, 0xF5, 0x2E, 0x7A, 0x15, 0xCA, 0x08, 0xE4,
    0x9E, 0xB2, 0x6A, 0xB2, 0xC8, 0x15, 0x58, 0x1D, 0x3F, 0x8A, 0x8B, 0xBD, 0xD0, 0xE0, 0x4C, 0xD5,
    0x27, 0xF1, 0x47, 0x0B, 0x52, 0xBA, 0xD2, 0x2A, 0xC2, 0xA5, 0x53, 0x3D, 0x94, 0x90, 0x0E, 0x82,
    0x01, 0xC6, 0x0B, 0xD9, 0x2F, 0x19, 0x78, 0x8F, 0x79, 0xF4, 0x53, 0xE6, 0xE8, 0x9F, 0x12, 0xF5,
    0x4F, 0x46, 0xA0, 0x2F, 0x89, 0xFC, 0x3B, 0x01, 0x58, 0xAF, 0xF3, 0xE8, 0xED, 0x09, 0xD9, 0x7C,
    0xC4, 0x71, 0xDE, 0x9E, 0x51, 0x84, 0x13, 0x1E, 0xA5, 0x7C, 0xEA, 0x3E, 0xE6, 0x4C, 0xB0, 0xA0,
    0xEE, 0x4E, 0xF5, 0x5E, 0x61, 0x45, 0x8F, 0x3B, 0x4A, 0x87, 0xE7, 0xC9, 0xA2, 0xF4, 0x74, 0x82,
    0x36, 0xB3, 0x77, 0xB1, 0xC7, 0xA8, 0xDD, 0x88, 0xA0, 0x67, 0xA1, 0xFA, 0xAB, 0x3E, 0x09, 0xCA,
    0x97, 0x55, 0x84, 0x32, 0xD6, 0x84, 0x72, 0x45, 0x66, 0x47, 0x6E, 0x41, 0x36, 0xC8, 0xA4, 0x85,
    0x2D, 0x17, 0x6A, 0x4D, 0x83, 0x59, 0xA8, 0xE5, 0x0C, 0x12, 0x25, 0xD3, 0x92, 0x71, 0x10, 0x17,
    0xD8, 0x83, 0xCE, 0x4C, 0x62, 0xCB, 0x7C, 0x49, 0xF4, 0xB0, 0xEC, 0xC0, 0x67, 0x49, 0xB6, 0x09,
    0x84, 0x81, 0xEC, 0xE7, 0x33, 0x41, 0x20, 0xFB, 0xD1, 0x42, 0x08, 0xC8, 0x7F, 0xB8, 0x11, 0x00,
    0x8A, 0x2E, 0x36, 0x84, 0xEA, 0x98, 0x87, 0xB4, 0x0C, 0xA9, 0x07, 0x04, 0x6A, 0x17, 0x08, 0xB2,
    0x44, 0x31, 0x13, 0xE2, 0x4D, 0x64, 0x4B, 0x3A, 0xB0, 0xAB, 0x24, 0x66, 0x83, 0xBA, 0x8A, 0x6F,
    0x7B, 0xE9, 0xF6, 0xC7, 0x1E, 0x38, 0x25, 0xB9, 0x3B, 0x75, 0xE9, 0x08, 0x85, 0xA1, 0x69, 0xDA,
    0x62, 0x7C, 0x91, 0x63, 0x6C, 0x2E, 0x36, 0x13, 0xC1, 0xDA, 0x17, 0x0A, 0xCF, 0xA2, 0x57, 0xDC,
    0x39, 0xDE, 0x39, 0x8A, 0x5D, 0x55, 0x23, 0x4E, 0x9E, 0xEB, 0xD1, 0x3A, 0x11, 0x89, 0x7D, 0x36,
    0x51, 0x0D, 0x85, 0x08, 0x3E, 0x8A, 0x4D, 0xE5, 0x58, 0x0E, 0x52, 0xB5, 0xDF, 0x55, 0x35, 0x9A,
    0x1A, 0xA4, 0x6A, 0x6F, 0xAA, 0x93, 0x6A, 0x21, 0xB5, 0x69, 0x25, 0x92, 0x2C, 0xB6, 0x18, 0x9B,
    0x94, 0xD4, 0xDD, 0x20, 0xA8, 0x35, 0x47, 0x6E, 0xC4, 0xED, 0x72, 0x8B, 0x83, 0x60, 0x4E, 0x96,
    0x5E, 0xE3, 0x46, 0x79, 0x16, 0x47, 0x64, 0x2B, 0x8A, 0x59, 0xAB, 0x84, 0x85, 0x61, 0x90, 0x6C,
    0xBA, 0xF5, 0x42, 0xCE, 0x26, 0x39, 0x9B, 0x7C, 0x42, 0x2A, 0x47, 0x66, 0xB3, 0x2D, 0xBE, 0x28,
    0xB5, 0x46, 0xA0, 0xC3, 0x4A, 0x5B, 0xBB, 0x7D, 0xF4, 0x83, 0x3D, 0x0C, 0x4C, 0x76, 0x7B, 0xA9,
    0xEA, 0x29, 0x10, 0x77, 0x99, 0xC5, 0xBD, 0x4A, 0x29, 0x8D, 0xFD, 0x5E, 0x8C, 0x58, 0xFD, 0x5E,
    0x8C, 0x18, 0x64, 0xC4, 0xC2, 0x8C, 0x68, 0x23, 0x6B, 0xC8, 0xEA, 0xE9, 0x3D, 0x33, 0xE2, 0x27,
    0x9F, 0xD7, 0xB0, 0x48, 0x26, 0x3A, 0xA7, 0x07, 0xD6, 0x0E, 0xB4, 0xA2, 0x80, 0xF4, 0x62, 0x39,
    0x5E, 0x8D, 0x77, 0x61, 0x56, 0x6F, 0xCC, 0xEC, 0x1C, 0x65, 0x63, 0x09, 0xD4, 0xE4, 0xA2, 0x25,
    0xA0, 0x1E, 0xC8, 0xA8, 0xB8, 0x8E, 0xDA, 0x95, 0x25, 0xA1, 0xA8, 0x2C, 0xA4, 0x55, 0x91, 0xA1,
    0x73, 0x23, 0xDA, 0x41, 0x6B, 0xDF, 0x15, 0xA0, 0x0B, 0x26, 0x59, 0x3F, 0x5B, 0xA4, 0x52, 0xCB,
    0x95, 0xC9, 0x76, 0x25, 0x57, 0xF6, 0xCD, 0x27, 0x73, 0xE5, 0x9E, 0x32, 0x55, 0xBA, 0x02, 0x2C,
    0x57, 0xD2, 0x1B, 0x79, 0x8C, 0xF6, 0xD6, 0x26, 0x00, 0xFD, 0xE3, 0x4D, 0x7E, 0x6F, 0x27, 0xB8,
    0x81, 0x54, 0xA9, 0x3C, 0xD1, 0xD2, 0xB9, 0x8B, 0x18, 0x76, 0xAC, 0xE3, 0x1B, 0xA8, 0xED, 0xF1,
    0x76, 0xA5, 0x2C, 0x54, 0xC6, 0xD3, 0x18, 0x3B, 0xCD, 0x5B, 0xE7, 0xFA, 0xD8, 0xE9, 0x9C, 0x35,
    0x0B, 0xFA, 0xD4, 0x32, 0xDD, 0x52, 0x49, 0xA2, 0x8D, 0xB3, 0x50, 0x32, 0xA7, 0x05, 0x95, 0xC1,
    0xA1, 0xA0, 0xE5, 0xBB, 0x3C, 0x72, 0x0A, 0xD9, 0xB3, 0xD8, 0x4F, 0x48, 0xC3, 0x6D, 0xB2, 0x23,
    0x72, 0x6B, 0xB2, 0xF8, 0x34, 0xDE, 0x8B, 0xBE, 0x98, 0xE8, 0x39, 0x5F, 0x36, 0xE4, 0xE8, 0x78,
    0x2A, 0xFE, 0x86, 0xBF, 0xA4, 0xC2, 0x28, 0x63, 0x5E, 0x5D, 0x78, 0x59, 0x2E, 0xFF, 0xA4, 0x72,
    0x54, 0x32, 0xE6, 0x9E, 0xCF, 0x41, 0x1C, 0xD8, 0x97, 0x8B, 0xFE, 0xEA, 0xC2, 0xEB, 0x85, 0xEB,
    0x2F, 0xE5, 0x2E, 0xA8, 0x2E, 0x8B, 0xD3, 0x62, 0xA7, 0xD6, 0x31, 0xDE, 0x96, 0x31, 0x9D, 0x52,
    0x88, 0x62, 0x0D, 0x69, 0x10, 0xBC, 0x6C, 0x14, 0xBC, 0x6C, 0x30, 0xE5, 0x85, 0x32, 0xF7, 0x82,
    0x57, 0x74, 0x90, 0x2D, 0x1A, 0xC1, 0x3B, 0x28, 0x43, 0x59, 0x1A, 0xBC, 0x9B, 0x06, 0xEF, 0x64,
    0x57, 0x9D, 0xE5, 0xB2, 0x0E, 0x78, 0x68, 0x28, 0x27, 0xFD, 0x4A, 0x82, 0x9A, 0x64, 0x83, 0x56,
    0x6F, 0xAE, 0x03, 0xDC, 0xFA, 0xD6, 0xB9, 0xC2, 0x50, 0x38, 0x61, 0xDF, 0xA7, 0xFA, 0x18, 0x20,
    0x06, 0x8C, 0x4C, 0xD4, 0x6E, 0x91, 0x81, 0x14, 0x85, 0xDE, 0x48, 0xD7, 0xE9, 0xE9, 0xAE, 0x34,
    0xDB, 0x9E, 0x98, 0x3A, 0x35, 0xF6, 0xEA, 0x51, 0x43, 0x75, 0x80, 0x2E, 0xB3, 0xA0, 0x2A, 0x3A,
    0x59, 0xC7, 0x81, 0x8A, 0xED, 0x49, 0xEB, 0x53, 0x33, 0xA0, 0x86, 0xAD, 0xBF, 0x35, 0x4A, 0xFD,
    0xC8, 0x4B, 0xFD, 0xA4, 0x93, 0x05, 0x7F, 0x69, 0x6E, 0x58, 0xA5, 0xDC, 0x62, 0x6A, 0xDA, 0x3D,
    0x25, 0x3C, 0x06, 0xD7, 0xC5, 0x48, 0x03, 0x5F, 0x20, 0x76, 0xF1, 0x09, 0x6D, 0xEC, 0x56, 0x56,
    0x48, 0x2D, 0x3A, 0x66, 0x8B, 0x2C, 0x8B, 0x97, 0x48, 0x63, 0x0B, 0x7D, 0x2F, 0x0B, 0x5B, 0xA4,
    0xD1, 0xAC, 0x3C, 0x8A, 0x9D, 0x4D, 0x4A, 0xF7, 0x9E, 0x40, 0xE9, 0x30, 0x7A, 0x9C, 0x2A, 0x0D,
    0x15, 0xBD, 0xC7, 0xA4, 0x69, 0xB9, 0xCA, 0xAB, 0xD0, 0x45, 0xDC, 0x2C, 0x07, 0xCD, 0x31, 0xE2,
    0xB8, 0x1C, 0x6D, 0x9A, 0x98, 0xDC, 0xE8, 0x04, 0xEB, 0xAD, 0xE0, 0xC2, 0x91, 0x66, 0xF9, 0xF6,
    0xE0, 0x44, 0x74, 0xD4, 0xDF, 0xE9, 0x8A, 0x30, 0x01, 0xAA, 0xD0, 0xF9, 0xFF, 0x06, 0x1D, 0xFD,
    0x02, 0xD9, 0x33, 0x5B, 0x42, 0x2C, 0xC8, 0xA2, 0xCD, 0xDD, 0x16, 0x51, 0xB6, 0xD8, 0x4E, 0x37,
    0x9B, 0xF3, 0x40, 0x03, 0xEB, 0xC8, 0x23, 0x31, 0x3B, 0xE4, 0x71, 0x43, 0x12, 0xD7, 0x0B, 0xFD,
    0xC4, 0xF2, 0x51, 0x3F, 0x02, 0xB5, 0x02, 0x4B, 0x19, 0x89, 0xB3, 0x4F, 0x03, 0x1B, 0x2E, 0x32,
    0x16, 0x7B, 0xAD, 0x8C, 0xAC, 0xCD, 0x43, 0xE9, 0xFE, 0x87, 0x41, 0xBA, 0xFE, 0xD8, 0xDB, 0x78,
    0x51, 0x0A, 0xC5, 0x62, 0xDA, 0x6D, 0xA6, 0xEB, 0x68, 0x7A, 0x8E, 0x6A, 0x97, 0x8D, 0xF5, 0xA0,
    0xCB, 0x1D, 0x47, 0x02, 0x6E, 0x71, 0x24, 0x5E, 0x46, 0xBE, 0xEA, 0x32, 0xD2, 0xA8, 0xCB, 0x34,
    0x2A, 0x2F, 0xDB, 0x22, 0x46, 0xF9, 0x28, 0xA0, 0xDA, 0x3A, 0xA4, 0x91, 0xCB, 0x9F, 0x0E, 0x39,
    0x99, 0xA6, 0xB5, 0xE3, 0xD0, 0x6A, 0xA9, 0xEF, 0xF3, 0xD8, 0x29, 0x3E, 0xA2, 0xBD, 0x5F, 0x8D,
    0x72, 0x0F, 0xFA, 0x0E, 0x47, 0x16, 0x87, 0x77, 0x94, 0xCC, 0x13, 0x5B, 0xB7, 0xCA, 0xFC, 0xC5,
    0xC4, 0x16, 0xC8, 0x16, 0x99, 0x3B, 0x5D, 0xD9, 0x02, 0x88, 0x41, 0xAA, 0xF7, 0x57, 0x63, 0xF5,
    0xF9, 0x90, 0xC5, 0xF6, 0xC9, 0x37, 0x25, 0xA9, 0xD4, 0x21, 0x6D, 0x14, 0xF6, 0xAB, 0x8F, 0x83,
    0xDA, 0x9B, 0x42, 0xA5, 0xF4, 0x03, 0xB4, 0x4F, 0xCF, 0xEE, 0x6D, 0x9A, 0x36, 0x9C, 0x05, 0x30,
    0x6A, 0x85, 0xA7, 0x4D, 0xFB, 0x25, 0xE5, 0x77, 0x6D, 0x66, 0x1E, 0xBB, 0x0C, 0x5D, 0xA6, 0x7C,
    0xFE, 0x72, 0x30, 0x6D, 0x56, 0x36, 0x12, 0x88, 0xFD, 0xBF, 0xFD, 0xE5, 0xBB, 0xBA, 0xAC, 0x64,
    0x62, 0x2E, 0xD0, 0xE5, 0xE4, 0x1C, 0xA8, 0xB7, 0xB3, 0xF7, 0xF5, 0x65, 0x84, 0xE8, 0xC5, 0x8A,
    0x38, 0xA2, 0xF8, 0xE8, 0xEE, 0xE5, 0x37, 0xC0, 0x92, 0x75, 0x89, 0x3B, 0xFB, 0x92, 0x57, 0xED,
    0x1B, 0xCE, 0x37, 0xA0, 0x44, 0x82, 0x65, 0xFF, 0x36, 0x98, 0x30, 0xD0, 0xAD, 0x4A, 0x6A, 0xCF,
    0x47, 0xF3, 0x56, 0xE1, 0xC5, 0xCF, 0xAB, 0x5D, 0xAA, 0xBB, 0xBD, 0xCB, 0xF6, 0xCC, 0x56, 0x80,
    0xAF, 0x28, 0x4B, 0x9D, 0xE8, 0xEF, 0xA6, 0x9A, 0x95, 0x80, 0xB3, 0x24, 0xD7, 0x31, 0x6B, 0x14,
    0x5E, 0x31, 0xAA, 0x8C, 0x45, 0x4A, 0x8D, 0x1C, 0x92, 0x8E, 0x0F, 0xC0, 0x24, 0xAB, 0x3F, 0x10,
    0xB0, 0x53, 0xEB, 0x88, 0xBD, 0xEF, 0x1D, 0xE5, 0x31, 0xE0, 0xE5, 0x7B, 0x82, 0xF5, 0xFC, 0xD7,
    0xCE, 0xFD, 0x6B, 0xD5, 0xD5, 0x99, 0x7E, 0x88, 0x7D, 0xA6, 0xF3, 0xEF, 0x34, 0xD3, 0x2F, 0xF6,
    0x40, 0x6B, 0x5E, 0xF5, 0x8A, 0x84, 0x43, 0x7D, 0x39, 0x26, 0x2B, 0x03, 0xB3, 0xA5, 0xE7, 0x34,
    0x39, 0xBF, 0x63, 0x64, 0x5E, 0xDF, 0xD2, 0xC9, 0xE2, 0xC9, 0x01, 0x38, 0x65, 0x9A, 0x38, 0xE2,
    0xEB, 0xDB, 0x1F, 0xF0, 0xA9, 0x60, 0x3D, 0x41, 0x8D, 0xAA, 0x73, 0x63, 0x3A, 0x89, 0xFD, 0x49,
    0x7F, 0x17, 0x28, 0x9F, 0xCD, 0x5F, 0xC7, 0x86, 0x3A, 0x64, 0x13, 0x5C, 0xC8, 0x47, 0xB8, 0xD1,
    0x79, 0xB8, 0xA1, 0xBC, 0x10, 0xBE, 0xEA, 0x2E, 0x44, 0xDD, 0x50, 0x70, 0x96, 0x35, 0xEC, 0xD1,
    0xAD, 0x46, 0xDD, 0xB1, 0x2B, 0x8F, 0x9E, 0x41, 0x13, 0x87, 0x3C, 0x7E, 0xD8, 0x8F, 0xE8, 0xC7,
    0x47, 0xC0, 0xBE, 0xE5, 0x14, 0xD5, 0xE1, 0x4D, 0xB5, 0xBB, 0x7C, 0x6E, 0x04, 0x45, 0x22, 0x31,
    0xF3, 0xDC, 0x64, 0x9F, 0x67, 0xF4, 0xE4, 0xBF, 0x80, 0x6F, 0x4C, 0x69, 0x95, 0xBA, 0x2B, 0xF8,
    0xCE, 0xCD, 0x79, 0x94, 0x9F, 0x10, 0x65, 0x77, 0x21, 0x2A, 0x7E, 0x5A, 0xAC, 0x41, 0x18, 0x5A,
    0x6C, 0xD9, 0xA2, 0x21, 0x9D, 0x50, 0xFA, 0x62, 0x40, 0xB1, 0x45, 0x4E, 0xED, 0x11, 0x28, 0x19,
    0x3E, 0xCF, 0xF4, 0x5D, 0xA1, 0xE7, 0x68, 0x75, 0x93, 0x05, 0xFB, 0xA8, 0x79, 0x4B, 0x96, 0xB6,
    0xEF, 0x29, 0x75, 0x43, 0x81, 0x4B, 0xD1, 0xD8, 0x85, 0x3F, 0x64, 0xD1, 0x7E, 0x03, 0x45, 0x48,
    0x98, 0x7F, 0xFA, 0xC6, 0xDE, 0xBB, 0xEF, 0x5B, 0x2A, 0x59, 0x52, 0x24, 0x71, 0xCF, 0x6E, 0x4A,
    0x59, 0x9A, 0xE4, 0x55, 0x29, 0xEF, 0xF7, 0xFF, 0x38, 0xD1, 0xE4, 0xCF, 0x02, 0x64, 0x73, 0x64,
    0x13, 0x73, 0xB2, 0xAC, 0x0E, 0x99, 0x1D, 0xB2, 0x3B, 0x64, 0x78, 0x22, 0xA1, 0x14, 0xC1, 0x64,
    0x7B, 0xC8, 0xF8, 0x66, 0x7D, 0x33, 0xBF, 0xD9, 0x1F, 0xE6, 0x80, 0x2B, 0x1E, 0x48, 0xE2, 0x5D,
    0x54, 0x8F, 0x67, 0x2C, 0xC9, 0x9A, 0x05, 0x6C, 0xC5, 0x80, 0x73, 0xE7, 0xF1, 0x61, 0x79, 0x61,
    0xA8, 0x0A, 0x6D, 0x57, 0x17, 0x8F, 0x50, 0xAF, 0x87, 0x37, 0x01, 0xD2, 0x9F, 0xE5, 0x7C, 0x8B,
    0x29, 0x19, 0x35, 0xDB, 0xDB, 0x97, 0xAF, 0xE5, 0xDD, 0x97, 0xF9, 0x74, 0x43, 0xEE, 0x3D, 0x20,
    0x5D, 0xA7, 0xC2, 0x23, 0x0D, 0xD7, 0x8C, 0xBF, 0xC4, 0x6E, 0x01, 0x91, 0xC6, 0x18, 0x2E, 0xC4,
    0x47, 0xEF, 0x01, 0xB5, 0x99, 0x96, 0xE2, 0x8A, 0x69, 0x25, 0x14, 0x19, 0x0A, 0x0D, 0xC5, 0x06,
    0xAE, 0x52, 0x22, 0xA3, 0xD0, 0x23, 0x50, 0x1F, 0x3D, 0x6C, 0xB3, 0x07, 0xF6, 0x8E, 0x23, 0x30,
    0x98, 0x07, 0xF7, 0xDF, 0x84, 0x9C, 0xEB, 0xB3, 0x50, 0x1E, 0x80, 0x55, 0x72, 0x41, 0x21, 0xE9,
    0x46, 0x49, 0xCF, 0x31, 0x34, 0xB1, 0xB7, 0xE8, 0x16, 0x2D, 0x49, 0xB2, 0x6F, 0x9D, 0x41, 0x85,
    0xDA, 0x8A, 0x5D, 0x27, 0xD0, 0x33, 0x90, 0x3F, 0x8E, 0x1B, 0x3D, 0x99, 0xF4, 0xB6, 0xE0, 0x39,
    0x44, 0xFF, 0x37, 0xF8, 0x47, 0x6A, 0xCD, 0xF6, 0xB0, 0x63, 0x4F, 0x13, 0x57, 0x19, 0xAE, 0x1C,
    0x61, 0x1C, 0x37, 0x92, 0x1F, 0x58, 0x9E, 0x98, 0x9C, 0x75, 0xC6, 0xE4, 0x44, 0x99, 0x05, 0xD2,
    0x28, 0xFB, 0xD5, 0xB3, 0x55, 0x77, 0xB5, 0x40, 0x3E, 0xED, 0x9F, 0x1B, 0xDD, 0xC0, 0x33, 0xCE,
    0xD3, 0x4A, 0xA5, 0xC7, 0x87, 0xF2, 0xBD, 0x9E, 0x18, 0x28, 0x6B, 0x48, 0xAA, 0xD7, 0x5A, 0xFD,
    0x9D, 0x93, 0x42, 0x49, 0xD4, 0x1A, 0x3A, 0x8E, 0x7D, 0xEC, 0xEA, 0x18, 0xB4, 0x42, 0xBE, 0x03,
    0x24, 0x7A, 0x00, 0x16, 0x3B, 0xF5, 0x1B, 0x87, 0x2F, 0x94, 0xF7, 0x21, 0x8B, 0xB5, 0x62, 0x8C,
    0xC6, 0xDC, 0x3F, 0xBC, 0x3F, 0x97, 0xCE, 0xF6, 0x0F, 0xEF, 0x11, 0x1C, 0x03, 0xB5, 0x95, 0xC2,
    0xEB, 0x14, 0x6D, 0x77, 0xA8, 0x89, 0xAD, 0xD7, 0xB9, 0x2B, 0xDB, 0x6B, 0x00, 0x92, 0x87, 0x87,
    0x4F, 0x3C, 0x15, 0x45, 0x36, 0x51, 0x84, 0x83, 0xC8, 0x3F, 0x41, 0xA1, 0xAB, 0x1F, 0xA2, 0x25,
    0x9E, 0xA3, 0xD0, 0xCE, 0x9E, 0x23, 0x68, 0xB5, 0x38, 0xE9, 0x5F, 0xCE, 0x80, 0xF2, 0xB1, 0x57,
    0xE8, 0xED, 0x81, 0x59, 0x48, 0x9E, 0xEB, 0x70, 0xDD, 0x65, 0xF2, 0xBC, 0x73, 0xCC, 0x2D, 0x26,
    0x43, 0x11, 0xC7, 0x0B, 0xF9, 0x99, 0x78, 0x97, 0xB0, 0xF4, 0xAC, 0x98, 0x77, 0x44, 0x77, 0x24,
    0x64, 0x81, 0xF2, 0xC7, 0x1E, 0x1C, 0xB0, 0x83, 0xEC, 0x41, 0xF9, 0x6D, 0xAD, 0xCB, 0xD5, 0x69,
    0x8D, 0x1E, 0xCA, 0x4A, 0x1D, 0x07, 0x77, 0x23, 0xBD, 0x90, 0x73, 0xA5, 0x3E, 0x54, 0x5C, 0xA2,
    0x8C, 0x6D, 0xE4, 0xC0, 0xC2, 0xA7, 0xC9, 0x10, 0x95, 0x5B, 0x0D, 0x91, 0xF6, 0x59, 0x88, 0xB8,
    0x5F, 0x29, 0x12, 0x05, 0xF7, 0xDF, 0xC5, 0x51, 0x2F, 0xC1, 0xB6, 0x2F, 0xDC, 0x7E, 0x94, 0xF4,
    0x1D, 0x5E, 0xBD, 0x20, 0x5E, 0xF1, 0x38, 0xA0, 0xFF, 0x08, 0xFD, 0x1B, 0xD9, 0x4C, 0xD7, 0xD4,
    0x9D, 0x3D, 0xA4, 0xD6, 0x4D, 0x32, 0x1B, 0x01, 0xA9, 0x49, 0xC1, 0x74, 0x32, 0x12, 0x66, 0x41,
    0x34, 0xA4, 0x16, 0x11, 0xF3, 0x40, 0x12, 0x5E, 0xE8, 0x91, 0x7A, 0x26, 0x30, 0xD1, 0xD1, 0x79,
    0x12, 0x92, 0x9A, 0x94, 0x9C, 0x50, 0x0D, 0x22, 0xE5, 0x97, 0xE2, 0x2A, 0x5A, 0x7E, 0x3B, 0xAE,
    0xC2, 0x63, 0x68, 0x20, 0x2C, 0x40, 0xFF, 0x14, 0x3D, 0x84, 0x03, 0x70, 0xBF, 0x55, 0x10, 0x24,
    0x97, 0x41, 0xD0, 0x5E, 0x09, 0x02, 0xDA, 0x99, 0xE3, 0x35, 0x16, 0x04, 0x4A, 0x81, 0xF6, 0x26,
    0xF3, 0x41, 0xAA, 0xD7, 0x49, 0x7D, 0x93, 0x7B, 0xD4, 0xDE, 0x35, 0x7C, 0xC0, 0x63, 0xDF, 0x15,
    0x87, 0xA9, 0x77, 0xC1, 0xD5, 0x61, 0xDD, 0xA1, 0x64, 0x0A, 0x3B, 0x41, 0x39, 0xE2, 0x81, 0x5E,
    0xF2, 0x30, 0x4F, 0x30, 0xFF, 0x8B, 0x23, 0x5F, 0x23, 0x9B, 0xAB, 0xF5, 0x59, 0x6C, 0x50, 0x3E,
    0xB5, 0x2F, 0x1E, 0x70, 0x24, 0x0D, 0x8A, 0x40, 0x99, 0x2B, 0xA1, 0x53, 0x0E, 0x94, 0x85, 0xA4,
    0xF3, 0x28, 0xAE, 0xA6, 0xF8, 0x52, 0xF9, 0xBD, 0x1A, 0xE8, 0xB1, 0x3A, 0xE8, 0xA3, 0x74, 0xDB,
    0xF3, 0xCD, 0x94, 0x78, 0x2A, 0x9A, 0x73, 0xE6, 0x57, 0x8B, 0x88, 0x96, 0x93, 0x24, 0x13, 0x39,
    0x26, 0xF9, 0x7C, 0x15, 0x2F, 0x5F, 0x54, 0xC5, 0xCB, 0x4F, 0xAD, 0xE2, 0x1B, 0xF2, 0xD8, 0xD3,
    0x1D, 0x8F, 0x34, 0x92, 0xC4, 0x5E, 0xA4, 0x29, 0xF2, 0xE5, 0xF0, 0xC4, 0x1D, 0x29, 0x5E, 0x32,
    0x3F, 0x0E, 0x17, 0x6E, 0x8C, 0x13, 0xFA, 0xA7, 0x1C, 0x7A, 0x4E, 0x27, 0xF6, 0x15, 0xE0, 0x86,
    0x97, 0xFF, 0xBF, 0x48, 0x6E, 0x2D, 0x3E, 0x8D, 0xAF, 0x7A, 0x23, 0x8F, 0x9A, 0x02, 0xC5, 0xF6,
    0x37, 0x40, 0xDB, 0xAF, 0x48, 0x26, 0xBA, 0x76, 0x44, 0x45, 0x51, 0xD0, 0xB6, 0x09, 0xD2, 0xED,
    0xF0, 0xCA, 0x0F, 0xAF, 0xAA, 0xF5, 0xED, 0x95, 0x39, 0x2D, 0x32, 0xA9, 0xD5, 0x38, 0xA5, 0x50,
    0xE6, 0xAE, 0x06, 0x92, 0x38, 0xF6, 0x23, 0x5C, 0xB5, 0xED, 0xF9, 0x1A, 0xD5, 0x1E, 0x27, 0x34,
    0x6F, 0x15, 0x23, 0xAA, 0xED, 0x4C, 0x13, 0xD4, 0xBE, 0x87, 0x9D, 0x7D, 0xE5, 0x7D, 0xD1, 0x3F,
    0x27, 0xFD, 0xFB, 0x80, 0x32, 0x36, 0x28, 0x1E, 0x01, 0xF5, 0x92, 0xC4, 0xB1, 0xA2, 0x60, 0x3C,
    0x0D, 0x29, 0x83, 0x47, 0xC1, 0xC0, 0xB0, 0x91, 0xE8, 0x72, 0x06, 0x0E, 0xA3, 0x45, 0xA1, 0xC2,
    0x5E, 0x5A, 0x05, 0x0B, 0xC5, 0xC6, 0x96, 0x17, 0x62, 0xB8, 0x16, 0x7D, 0xB1, 0x3D, 0x89, 0x3E,
    0x89, 0x7F, 0xDF, 0x5C, 0x3E, 0x27, 0xB5, 0x4B, 0xBD, 0xE1, 0xF6, 0xC4, 0x67, 0x66, 0x7E, 0x29,
    0xBC, 0x4E, 0x64, 0xC7, 0xE4, 0xFB, 0xBB, 0xE4, 0x1D, 0x3F, 0x69, 0xA6, 0x1E, 0xC9, 0x92, 0x75,
    0xC0, 0xE2, 0x00, 0xAC, 0xAF, 0x73, 0x72, 0x6F, 0xD2, 0xBE, 0xF7, 0xF5, 0x84, 0x40, 0xE1, 0x29,
    0x1A, 0x25, 0x68, 0xAD, 0x27, 0xFB, 0x25, 0x8D, 0x63, 0xBB, 0xA2, 0x9F, 0xD3, 0x78, 0xD7, 0x11,
    0x25, 0x8E, 0xF5, 0x35, 0xC5, 0xE3, 0x03, 0x05, 0xB7, 0x87, 0x08, 0xDD, 0xFB, 0xD4, 0x73, 0x45,
    0xF6, 0xCB, 0x21, 0x6F, 0x90, 0xCE, 0xD9, 0x4F, 0x46, 0xC7, 0x2C, 0x95, 0x7F, 0x39, 0xBC, 0x4E,
    0x7D, 0x2D, 0x0B, 0x1C, 0x68, 0xB9, 0x91, 0x4D, 0x1C, 0x6B, 0x7D, 0x23, 0x9B, 0x46, 0x8E, 0x1E,
    0xD2, 0xA7, 0x2A, 0x09, 0x43, 0x12, 0x9B, 0xFD, 0x65, 0x91, 0x55, 0x2F, 0x2B, 0x98, 0x0F, 0xA8,
    0x63, 0x4C, 0x62, 0x40, 0xBF, 0x31, 0x4C, 0x5D, 0x60, 0x85, 0xCA, 0x39, 0x23, 0xA4, 0x9A, 0x0D,
    0xE2, 0x35, 0xB1, 0xE4, 0xC1, 0xFE, 0x79, 0xA8, 0x94, 0x6C, 0xE9, 0xF5, 0xE4, 0x3F, 0xD9, 0x55,
    0xDE, 0x6D, 0x9A, 0x54, 0xCB, 0x02, 0x47, 0xD4, 0x49, 0x60, 0xA3, 0x6A, 0x46, 0xBF, 0xCA, 0x2D,
    0x1B, 0x5C, 0xF4, 0xD5, 0xE6, 0x62, 0x57, 0x3D, 0xC9, 0x16, 0xE4, 0x9E, 0x99, 0xAE, 0xC1, 0x4A,
    0x43, 0x6C, 0x38, 0x06, 0x7A, 0xBD, 0xCC, 0x48, 0x46, 0xA0, 0xE6, 0x3B, 0xDB, 0xEA, 0x1F, 0x38,
    0xCC, 0x2F, 0xF4, 0x14, 0x44, 0x11, 0x2E, 0x2B, 0x53, 0x77, 0x58, 0xEB, 0x9D, 0x50, 0x68, 0x6D,
    0xA4, 0x2A, 0x76, 0xF5, 0xE2, 0x31, 0xC5, 0x2B, 0xD8, 0xB7, 0x3C, 0xC6, 0x08, 0xB8, 0xA7, 0xEF,
    0xAF, 0xBC, 0x93, 0xE5, 0xEE, 0x3E, 0xAD, 0x9D, 0x78, 0xF4, 0xFB, 0x52, 0xA1, 0x08, 0xFB, 0xBB,
    0xA1, 0xFD, 0x34, 0xDC, 0xB8, 0xBF, 0x24, 0xDA, 0x80, 0x2F, 0xD0, 0xE1, 0xB8, 0xCF, 0xD3, 0xF9,
    0x80, 0xFA, 0xA3, 0xF7, 0x63, 0x83, 0x3A, 0x46, 0x7B, 0x19, 0xD8, 0x01, 0x1F, 0x00, 0x9C, 0x47,
    0xE6, 0xB5, 0xB3, 0x8D, 0x18, 0x9C, 0x05, 0x63, 0x75, 0x32, 0xDB, 0x9E, 0x1A, 0xB3, 0x51, 0x78,
    0x05, 0x42, 0x7B, 0x57, 0xEB, 0x5A, 0x1D, 0xA3, 0x6C, 0x9E, 0x2F, 0x2C, 0x0B, 0x6F, 0xDF, 0x6F,
    0x29, 0x58, 0x0D, 0x1B, 0x0D, 0x61, 0x0B, 0xB8, 0xA4, 0xD1, 0xCB, 0xA5, 0x4E, 0x0F, 0x5A, 0xE0,
    0x5F, 0x29, 0x17, 0x1F, 0x01, 0xC7, 0xFA, 0x3B, 0x05, 0x1E, 0x08, 0x5D, 0x00, 0xF4, 0xC0, 0xC5,
    0x7C, 0x3A, 0x20, 0xF3, 0xFC, 0xB3, 0x5B, 0x8B, 0xFD, 0x56, 0x5C, 0xD7, 0xAD, 0x27, 0xBA, 0x95,
    0xD7, 0x74, 0x2B, 0x4E, 0xB5, 0x6B, 0xC4, 0x64, 0xBA, 0xFA, 0xCF, 0xA4, 0xAA, 0x7C, 0xFB, 0xAE,
    0xDF, 0x4E, 0x6B, 0xB5, 0x4E, 0x1F, 0x94, 0x6E, 0xC9, 0x5F, 0x57, 0x8A, 0xA9, 0x1D, 0xAB, 0x2B,
    0x5D, 0x03, 0x75, 0x30, 0xDB, 0xB4, 0xDE, 0xF2, 0x2E, 0xFA, 0x46, 0xFE, 0x0B, 0x70, 0x70, 0x98,
    0x71, 0x1D, 0x47, 0xB8, 0x85, 0x13, 0x1C, 0xA3, 0xEC, 0x1E, 0xE0, 0x0E, 0x72, 0x2E, 0xE2, 0xD5,
    0xEA, 0xFF, 0x00, 0xD5, 0xDA, 0x01, 0xC4, 0x25, 0x69, 0xBE, 0x1E, 0xF0, 0x5F, 0x55, 0xCD, 0x9D,
    0x4A, 0xB6, 0x6E, 0xA6, 0x16, 0x37, 0xC4, 0x8E, 0xF9, 0x0A, 0x16, 0xEB, 0x9A, 0xEE, 0x82, 0xC1,
    0xE0, 0xEB, 0xAE, 0xDA, 0x1D, 0x5C, 0x5C, 0x61, 0x01, 0x80, 0x5C, 0x00, 0x17, 0x66, 0x30, 0xF8,
    0xD0, 0xD3, 0xA7, 0xEE, 0x0D, 0x00, 0xD2, 0x00, 0x40, 0x06, 0x1B, 0xA4, 0x2F, 0xA6, 0xD1, 0x68,
    0x4C, 0xF7, 0x79, 0xB3, 0x8B, 0x20, 0x50, 0xD9, 0x20, 0x58, 0x92, 0x8A, 0x0C, 0xD8, 0x84, 0xA9,
    0xDC, 0x1C, 0xF6, 0xF4, 0x4C, 0x9D, 0xF3, 0x66, 0xEA, 0x2D, 0x9F, 0xA3, 0xCD, 0x4D, 0x22, 0xEC,
    0xF6, 0x4D, 0x1F, 0xA7, 0x9E, 0xA7, 0xAA, 0xCE, 0xF9, 0xFE, 0xCF, 0xF3, 0x7F, 0xEA, 0xAB, 0x7A,
    0x8F, 0xB7, 0x0A, 0xEA, 0x5E, 0x17, 0xEC, 0x26, 0x6D, 0xF0, 0x03, 0x80, 0x6B, 0x1E, 0xF0, 0x25,
    0xC7, 0xF4, 0x3E, 0xC8, 0x66, 0xF9, 0xAC, 0x48, 0xEF, 0x6A, 0x52, 0xA7, 0x77, 0x3B, 0xE9, 0x26,
    0xBB, 0xC9, 0x7E, 0xD4, 0x0D, 0xAE, 0xA0, 0xEA, 0x51, 0xBB, 0x85, 0x06, 0x59, 0x3C, 0xD2, 0xF4,
    0x67, 0x1E, 0xD8, 0xC9, 0x66, 0x5D, 0x5F, 0x8C, 0xBA, 0xBE, 0x0E, 0x7E, 0xAC, 0x1E, 0xD0, 0xF6,
    0xE8, 0x12, 0x78, 0x15, 0x7A, 0x6F, 0x69, 0x07, 0x3F, 0x51, 0x07, 0x4F, 0x54, 0x87, 0x72, 0x90,
    0xC7, 0x13, 0xAB, 0x5B, 0xCA, 0xE1, 0x15, 0x45, 0xD9, 0xFE, 0xF8, 0x3E, 0x9A, 0x73, 0x7C, 0x8E,
    0x5D, 0x5F, 0x9D, 0xC9, 0x16, 0x79, 0xA4, 0x98, 0xD9, 0x53, 0xCE, 0x74, 0x54, 0x13, 0x75, 0x9F,
    0xA8, 0xA2, 0x9A, 0x41, 0x71, 0xD8, 0x68, 0x01, 0x4E, 0xC0, 0x0B, 0xF0, 0x38, 0x3E, 0x7E, 0x4C,
    0x16, 0x63, 0x8C, 0xD0, 0x71, 0x21, 0x0F, 0x81, 0x05, 0xE4, 0x07, 0x7E, 0x42, 0x39, 0xF1, 0x29,
    0xCD, 0x20, 0x9F, 0x78, 0x9E, 0x0C, 0xBF, 0x7B, 0x7E, 0xBC, 0x8F, 0xEC, 0x63, 0x4C, 0x2D, 0x80,
    0x91, 0xF7, 0xF3, 0x99, 0xE7, 0x96, 0xDD, 0x7F, 0x3D, 0xE8, 0xBE, 0x8D, 0x41, 0xDB, 0x77, 0x5C,
    0xAB, 0x79, 0xAA, 0xEE, 0xCD, 0xAA, 0x3E, 0x9B, 0xD4, 0xB2, 0xD9, 0x15, 0xB3, 0x6B, 0x96, 0xEC,
    0x28, 0x8F, 0x5F, 0x2F, 0xEA, 0x7F, 0x77, 0xEA, 0xDC, 0x5F, 0x85, 0x3E, 0xA4, 0xEC, 0x41, 0x17,
    0xA3, 0x3A, 0xCE, 0x6D, 0x3C, 0xAB, 0xE2, 0x54, 0xC4, 0x20, 0x3F, 0x11, 0x87, 0x2D, 0x84, 0xA0,
    0x0C, 0x74, 0xA3, 0x1A, 0xED, 0xE4, 0x1E, 0xEA, 0xD9, 0x01, 0xD5, 0x31, 0x9F, 0x52, 0x02, 0x55,
    0x40, 0x7E, 0x6E, 0xD0, 0xC4, 0xB8, 0x8B, 0xB3, 0x1F, 0x3D, 0x8E, 0xDF, 0x3C, 0x7E, 0x84, 0x6E,
    0x64, 0xA5, 0x70, 0xA1, 0x6E, 0x8D, 0x25, 0xF8, 0xD3, 0xC7, 0xF1, 0xB7, 0x8F, 0x7B, 0xEC, 0x71,
    0xA1, 0x08, 0xB2, 0x8D, 0x8A, 0x8D, 0x76, 0x71, 0x82, 0x7D, 0x9C, 0x21, 0xEB, 0x95, 0x41, 0x35,
    0xA8, 0x7B, 0x35, 0x35, 0x0D, 0x77, 0xB9, 0xC3, 0xF5, 0xED, 0xFF, 0xE2, 0x8F, 0x7D, 0xFF, 0x55,
    0x04, 0x45, 0xEA, 0xA6, 0x1C, 0x54, 0x97, 0x3F, 0x75, 0xC5, 0x1D, 0xEE, 0x71, 0x0D, 0x3E, 0x7E,
    0xF9, 0x0E, 0xAA, 0x73, 0xFC, 0x1A, 0xDD, 0x50, 0x46, 0x9C, 0xD8, 0xF7, 0xF2, 0x23, 0xED, 0xA0,
    0x38, 0x50, 0x87, 0x44, 0x6B, 0xB1, 0x03, 0xC5, 0xA0, 0x5C, 0x6C, 0x86, 0xFB, 0xCD, 0xFE, 0x11,
    0xC4, 0x38, 0xA6, 0x9D, 0x31, 0xF6, 0xD4, 0xE3, 0x3E, 0x4E, 0xB4, 0x21, 0x8F, 0xCB, 0x5A, 0x59,
    0x73, 0xA6, 0xEB, 0x65, 0x91, 0xDD, 0x90, 0x14, 0xBA, 0xC0, 0x8E, 0xEE, 0x98, 0xA8, 0x8E, 0x8F,
    0xBC, 0xA0, 0x88, 0x67, 0x4B, 0x4A, 0xE1, 0x77, 0x07, 0xBC, 0xBD, 0x15, 0xF5, 0xEE, 0x46, 0xF6,
    0xB3, 0xF7, 0x51, 0xCF, 0x3E, 0x63, 0xB5, 0xD3, 0xA1, 0x38, 0xAC, 0x4E, 0x95, 0xB3, 0x66, 0x94,
    0x4E, 0xC1, 0xCD, 0x74, 0x75, 0x4A, 0x92, 0x65, 0x1C, 0xDF, 0x5E, 0x28, 0xFE, 0x36, 0xD5, 0xCA,
    0x1E, 0xFD, 0xE8, 0x17, 0xF8, 0x91, 0x2B, 0x5D, 0xD8, 0x0D, 0xBB, 0xB0, 0x0F, 0xDF, 0x71, 0xB8,
    0x72, 0x85, 0x4D, 0x6A, 0x60, 0xFD, 0x07, 0x3A, 0xA1, 0x79, 0x94, 0x4A, 0x7F, 0x49, 0x3E, 0xCB,
    0x26, 0x3C, 0x50, 0x0E, 0xB8, 0x52, 0xCB, 0xF6, 0x43, 0xE5, 0x3D, 0xD5, 0xCF, 0xE6, 0x62, 0xB8,
    0x76, 0xED, 0x98, 0x85, 0x0F, 0x3C, 0x75, 0x34, 0x7E, 0x62, 0xD6, 0x9B, 0x3E, 0xC9, 0x27, 0x7C,
    0xFE, 0x49, 0x31, 0xE2, 0x49, 0xA2, 0xDB, 0xAD, 0xE9, 0x83, 0x62, 0xF6, 0xC8, 0x78, 0x9D, 0x1D,
    0xF2, 0x21, 0x0B, 0xEF, 0xD9, 0xBF, 0x50, 0x84, 0x5A, 0xF3, 0x95, 0xF2, 0x56, 0x21, 0x4F, 0x7A,
    0xB7, 0xEA, 0x9B, 0x97, 0xCD, 0xD9, 0xC5, 0x67, 0xF9, 0xF2, 0x8F, 0x7C, 0x56, 0xFD, 0xF7, 0x7C,
    0xCA, 0x97, 0x32, 0x38, 0xD6, 0xBD, 0x63, 0xC3, 0xA1, 0x95, 0xCD, 0xF7, 0xE5, 0xDB, 0xA2, 0x98,
    0x3A, 0xC5, 0xD8, 0xA9, 0xC6, 0x36, 0xB4, 0x87, 0x2A, 0xFE, 0xB7, 0x63, 0x76, 0xFE, 0xA7, 0xF8,
    0x0B, 0x3F, 0x5E, 0x45, 0x66, 0xD5, 0x50, 0x06, 0xF7, 0xB5, 0x1C, 0x7C, 0xA9, 0x1C, 0x8B, 0x49,
    0xDB, 0xD7, 0xC3, 0xB6, 0xAB, 0x59, 0xD7, 0xCA, 0x50, 0x4C, 0xB2, 0xD9, 0x81, 0x07, 0xEE, 0x71,
    0x57, 0x4D, 0xD5, 0x17, 0x41, 0x46, 0xFF, 0x97, 0x8F, 0x1F, 0x3F, 0xFE, 0x7C, 0x3D, 0x77, 0x67,
    0x98, 0x91, 0x25, 0x98, 0x90, 0x8F, 0x28, 0x12, 0x84, 0x04, 0x97, 0x8B, 0xD3, 0xFF, 0x4B, 0xD8,
    0x5D, 0x1C, 0xD7, 0xB0, 0x6B, 0x87, 0x35, 0xEC, 0xDA, 0xF5, 0x1A, 0x76, 0xED, 0xC1, 0x1A, 0xF6,
    0x95, 0xA7, 0xA6, 0x4F, 0xBC, 0xF7, 0xF6, 0xF4, 0x5D, 0xBC, 0xDA, 0xB8, 0x86, 0xED, 0xBA, 0xB6,
    0x6E, 0x5D, 0x57, 0xBD, 0xE9, 0x03, 0x37, 0x45, 0x30, 0x5E, 0xFB, 0xB4, 0x08, 0x6B, 0xD8, 0xC7,
    0x62, 0x2A, 0x42, 0x5D, 0x9E, 0xEA, 0xE3, 0x6D, 0xD8, 0xB2, 0xFF, 0x7B, 0xD8, 0x7F, 0xB9, 0xF6,
    0x38, 0xD9, 0x0F, 0x55, 0x9C, 0x1A, 0xF3, 0xB5, 0x27, 0xD7, 0xE6, 0x7B, 0xF9, 0xD4, 0xC6, 0xA1,
    0x7C, 0x09, 0x4F, 0xC0, 0x7C, 0xC1, 0x54, 0x54, 0xBE, 0xE1, 0x08, 0x45, 0xD8, 0x4E, 0x91, 0x38,
    0xE4, 0x8F, 0xBF, 0x48, 0x97, 0x84, 0xA4, 0x9F, 0xC2, 0xA0, 0x76, 0xC1, 0x06, 0x5C, 0x81, 0x7F,
    0xE2, 0xD5, 0xD7, 0x9F, 0x7E, 0x97, 0xF7, 0x2F, 0xEC, 0x62, 0x8C, 0x07, 0xAA, 0x33, 0x0F, 0xAA,
    0xD1, 0x5C, 0x4C, 0xF9, 0x94, 0x96, 0xD1, 0xCF, 0xEB, 0x81, 0xBB, 0x38, 0x6C, 0x02, 0x77, 0x30,
    0x79, 0x54, 0xCA, 0x43, 0xF3, 0x38, 0xEA, 0xE2, 0x89, 0xDD, 0x54, 0x8C, 0x5F, 0x56, 0xC3, 0x75,
    0xDD, 0x3F, 0xC8, 0x7E, 0x3A, 0x6B, 0x86, 0x3C, 0xCE, 0x2C, 0x7C, 0x96, 0xDE, 0x8B, 0xE2, 0xF0,
    0x70, 0x3F, 0xB6, 0x2F, 0x79, 0x60, 0xC9, 0x8F, 0xD5, 0xDC, 0x0C, 0x37, 0xD0, 0xF6, 0xDD, 0xA2,
    0xD3, 0x1D, 0x75, 0x8A, 0x83, 0x87, 0x2B, 0xBC, 0x50, 0xCC, 0x9E, 0xAF, 0xB0, 0x28, 0x27, 0x8B,
    0x6A, 0xCA, 0x8E, 0xAA, 0xF1, 0x3B, 0xA8, 0x43, 0x7E, 0x50, 0x87, 0x62, 0x55, 0x28, 0x66, 0xDD,
    0x0A, 0xFB, 0x50, 0x1E, 0xCB, 0xFD, 0xA1, 0x8A, 0xA7, 0xDD, 0x54, 0x7F, 0x3D, 0x3D, 0x52, 0x07,
    0x36, 0x68, 0x2E, 0x83, 0x9E, 0x57, 0xC0, 0x8F, 0xBE, 0xFB, 0x1F, 0x5B, 0x47, 0x99, 0x47, 0x55,
    0x9C, 0xAF, 0x35, 0x2B, 0x74, 0x71, 0xBA, 0xB1, 0x8B, 0xE3, 0xD3, 0x15, 0x66, 0xBB, 0x18, 0x66,
    0x5D, 0x0C, 0x93, 0x3A, 0xFE, 0xD5, 0x24, 0xFB, 0x67, 0x3F, 0x1B, 0xA9, 0x3E, 0x0A, 0xD4, 0xC5,
    0x2D, 0x5C, 0x95, 0x03, 0xEF, 0x55, 0x3D, 0x77, 0x6A, 0x5C, 0xDF, 0x82, 0x0F, 0xAF, 0x70, 0x73,
    0x07, 0x4F, 0xAF, 0x31, 0xDF, 0x82, 0xE9, 0x86, 0x6C, 0x7A, 0x4A, 0x3E, 0x3E, 0x21, 0xEB, 0x7F,
    0x4E, 0xA6, 0x09, 0xDD, 0xD4, 0x4D, 0x75, 0xF8, 0x23, 0xDE, 0xE2, 0x43, 0x26, 0x45, 0xEC, 0xDF,
    0xDE, 0x07, 0xC5, 0xA8, 0x18, 0x7F, 0x58, 0x84, 0x2E, 0xF6, 0xEF, 0x1E, 0xC1, 0xDB, 0x53, 0x19,
    0xFB, 0x3C, 0x72, 0x9F, 0x7B, 0xB7, 0x17, 0xED, 0x67, 0xE9, 0x7D, 0x60, 0x96, 0xCF, 0xDA, 0x73,
    0xBF, 0x8B, 0xBD, 0xB7, 0x5F, 0xF2, 0xE9, 0xC7, 0x43, 0x1E, 0xAA, 0xA9, 0xEC, 0x8B, 0xB9, 0x96,
    0x1F, 0xAE, 0x64, 0x87, 0xBB, 0x1C, 0xEE, 0x73, 0xE8, 0x98, 0x3B, 0xD9, 0xD4, 0xF6, 0x45, 0xA8,
    0x43, 0xA9, 0x9C, 0xDF, 0x97, 0xC5, 0x11, 0xFC, 0x43, 0x6F, 0x53, 0xF7, 0xE5, 0xA0, 0x18, 0xB3,
    0x89, 0x83, 0x67, 0x7C, 0xE6, 0x2E, 0x8D, 0xDB, 0xF3, 0xB7, 0x98, 0xF2, 0x59, 0x3D, 0x54, 0x63,
    0x3A, 0xB1, 0xB3, 0xF5, 0x2B, 0x69, 0x7F, 0xAB, 0xEE, 0xDD, 0xB8, 0xC7, 0x0F, 0xFD, 0xD0, 0xE5,
    0xF5, 0x2E, 0xE8, 0x16, 0xD0, 0x1E, 0x30, 0xC9, 0x66, 0x8A, 0x90, 0xA8, 0x26, 0x9F, 0xB8, 0xA6,
    0x18, 0xD9, 0xF6, 0x17, 0x21, 0x51, 0x8D, 0x32, 0x78, 0x1F, 0xD5, 0xE0, 0x09, 0xEA, 0x21, 0x0F,
    0xE4, 0xFB, 0x63, 0x85, 0x22, 0x2E, 0xEF, 0x17, 0x3D, 0x3C, 0x29, 0x66, 0xE4, 0x63, 0xA2, 0xAA,
    0x2F, 0x46, 0xBC, 0xA7, 0x0A, 0xF8, 0x54, 0x83, 0x6C, 0x74, 0x8D, 0xB2, 0x77, 0x48, 0x1F, 0x15,
    0xE3, 0xCF, 0xF9, 0x54, 0xFD, 0xD1, 0x28, 0x1B, 0xDD, 0x5B, 0x25, 0x07, 0x73, 0x11, 0xBC, 0xA3,
    0xF8, 0xE6, 0x8B, 0xDF, 0xFA, 0x30, 0x9D, 0x5E, 0x2E, 0xE7, 0x94, 0xDA, 0x85, 0x68, 0x5E, 0x57,
    0x7F, 0xE5, 0xB9, 0xC7, 0x93, 0x7B, 0xE5, 0x48, 0x3E, 0xCE, 0xF9, 0x4C, 0xF5, 0xD3, 0x44, 0xEF,
    0x65, 0x73, 0x31, 0xF2, 0xA9, 0x9F, 0x57, 0x41, 0x36, 0xD2, 0xA6, 0xFE, 0x3C, 0xE3, 0xBD, 0x54,
    0xD6, 0xA7, 0xDC, 0x91, 0x3E, 0x9A, 0xFC, 0x45, 0x31, 0x28, 0xFB, 0x3C, 0xBC, 0x43, 0xF3, 0x38,
    0xF6, 0x1F, 0xDA, 0xCE, 0xDE, 0x2C, 0x0E, 0x50, 0xFF, 0x6C, 0x86, 0xBB, 0x66, 0x26, 0xF7, 0xB2,
    0x59, 0x11, 0xFC, 0x51, 0xB9, 0x39, 0x7C, 0xC8, 0x35, 0x55, 0x0C, 0x66, 0x14, 0x6B, 0x4A, 0x64,
    0x87, 0x5A, 0xA2, 0xF7, 0xA5, 0x9D, 0x4F, 0xA0, 0xFE, 0x75, 0x20, 0xFB, 0x26, 0xFE, 0x39, 0xEC,
    0xBF, 0xFA, 0xFB, 0x3F, 0x38, 0x47, 0x8A, 0x13, 0xC5, 0x99, 0xFC, 0x84, 0xCF, 0x01, 0xC8, 0x27,
    0x8A, 0x89, 0x72, 0xA4, 0x0E, 0x74, 0x64, 0x27, 0xAA, 0x99, 0xDD, 0x20, 0x3F, 0x53, 0x1E, 0xA8,
    0x27, 0x6F, 0xB5, 0xC1, 0x8B, 0x2E, 0x38, 0x77, 0x43, 0x5A, 0x96, 0x2E, 0xE4, 0xC7, 0x66, 0xAC,
    0xA6, 0xF2, 0x1C, 0x07, 0xFB, 0x23, 0xDC, 0x03, 0x3A, 0xA0, 0x0D, 0xA0, 0x9A, 0x40, 0x76, 0x04,
    0xEE, 0xF8, 0xDE, 0x2B, 0x29, 0xDA, 0xFC, 0xA1, 0x8A, 0xE0, 0x9D, 0x3D, 0x78, 0x7F, 0xA3, 0x9B,
    0x5D, 0x0F, 0x73, 0x37, 0xA4, 0xA4, 0x12, 0x15, 0xA1, 0x0B, 0xA9, 0xF9, 0xA4, 0x54, 0x6B, 0x46,
    0xBC, 0xAF, 0x99, 0x70, 0xA3, 0x5E, 0x69, 0x56, 0xCF, 0x64, 0x53, 0xA2, 0x35, 0xAE, 0x03, 0xD5,
    0x46, 0x35, 0xE5, 0x31, 0xF9, 0x29, 0x16, 0x6E, 0x36, 0x9A, 0x53, 0x52, 0xD9, 0x94, 0x82, 0x2A,
    0xA6, 0xE4, 0xA9, 0x3D, 0xB3, 0x8F, 0xA1, 0x8B, 0xC4, 0x18, 0xC0, 0x2B, 0xBF, 0xE3, 0xCB, 0x19,
    0x34, 0x01, 0x3C, 0x04, 0xE6, 0x37, 0xBF, 0x4D, 0x80, 0x16, 0x64, 0x71, 0x82, 0xE6, 0x77, 0x0B,
    0x74, 0xBF, 0x4A, 0x74, 0xD7, 0xB3, 0x37, 0xBE, 0xCD, 0x72, 0x7E, 0x07, 0x9A, 0xA5, 0x86, 0x7B,
    0x77, 0x1A, 0xB8, 0xAE, 0x4F, 0x89, 0xCA, 0xC3, 0x1B, 0xDF, 0xDF, 0x95, 0x3B, 0xB0, 0x1B, 0xF6,
    0x3D, 0xF6, 0x21, 0x86, 0x6D, 0x6B, 0xC0, 0x5D, 0x77, 0xDF, 0xF8, 0xFE, 0xFC, 0x08, 0x6E, 0x87,
    0xEE, 0xE2, 0xD7, 0x33, 0x94, 0x7F, 0x95, 0xA8, 0xFA, 0xEB, 0x11, 0xCA, 0x38, 0x40, 0x11, 0xDF,
    0xC8, 0xF3, 0x0F, 0x75, 0xFA, 0x91, 0x0B, 0xE5, 0xBA, 0x16, 0xA0, 0x88, 0x41, 0xB5, 0xB5, 0xB7,
    0x1F, 0x52, 0x11, 0xEA, 0xD5, 0xFE, 0x0C, 0xD7, 0x3B, 0x3C, 0x82, 0x27, 0x7B, 0x40, 0x3E, 0x46,
    0x40, 0x39, 0x9C, 0xFD, 0x00, 0xD4, 0xD9, 0xC9, 0x15, 0xB8, 0xCE, 0x6E, 0x27, 0x0B, 0x9E, 0xE6,
    0x31, 0x2E, 0x90, 0x4D, 0xC5, 0xE2, 0x01, 0x14, 0x43, 0x71, 0xF4, 0xA1, 0xCD, 0xC9, 0xC1, 0x07,
    0xD0, 0xAE, 0x6B, 0xE0, 0x53, 0xD5, 0x0C, 0x6C, 0x01, 0x18, 0x14, 0x41, 0x3D, 0xAD, 0x92, 0xAA,
    0x3E, 0xAD, 0x95, 0x83, 0x2B, 0x29, 0xBA, 0x86, 0x07, 0x74, 0x23, 0x9F, 0xC9, 0x0E, 0xEC, 0x66,
    0xE5, 0x51, 0x7B, 0x4E, 0x81, 0xC5, 0x59, 0x17, 0xD5, 0xB7, 0x4D, 0x66, 0xFB, 0x97, 0xD0, 0x9E,
    0x63, 0x20, 0x8B, 0x7D, 0x39, 0x53, 0x1D, 0x64, 0x0B, 0xED, 0xC8, 0x9A, 0x58, 0xCF, 0x5E, 0x76,
    0xC6, 0x2E, 0x45, 0x6B, 0xAF, 0x3A, 0xE2, 0x17, 0x9B, 0x15, 0x9A, 0x8D, 0xDA, 0x89, 0xEF, 0xCD,
    0x2A, 0xEC, 0xBE, 0x4F, 0x7F, 0xB2, 0x7D, 0xF6, 0xE1, 0xF6, 0xCD, 0x27, 0xDA, 0x89, 0x2C, 0xA4,
    0x62, 0x65, 0xAF, 0x5A, 0xB8, 0x43, 0x1E, 0xFB, 0xD5, 0xBA, 0xDD, 0x76, 0x54, 0xDE, 0x8E, 0x5F,
    0x6D, 0x41, 0x80, 0x2C, 0xED, 0x93, 0x7F, 0x31, 0x83, 0x6C, 0x23, 0x89, 0xDE, 0xCA, 0xA7, 0x2D,
    0xBB, 0x00, 0xD5, 0x89, 0x2D, 0x68, 0x90, 0x1F, 0x80, 0x05, 0xD8, 0x01, 0x75, 0xB8, 0x7C, 0x07,
    0x90, 0x2A, 0x6D, 0xD3, 0x21, 0x0B, 0xEF, 0x7E, 0x47, 0xDB, 0xC8, 0xAE, 0xDB, 0xA8, 0xEE, 0xE5,
    0x0B, 0xD5, 0x90, 0x12, 0xC9, 0x29, 0x8E, 0xAF, 0x0E, 0x58, 0x3E, 0x40, 0x35, 0x7B, 0xC2, 0x1A,
    0xF6, 0xBC, 0xD1, 0xB4, 0xD2, 0x58, 0x8C, 0x68, 0x42, 0xB6, 0x52, 0x1B, 0xB2, 0x90, 0x08, 0x74,
    0xC3, 0x46, 0x3D, 0x19, 0xBB, 0x9E, 0x9A, 0x3D, 0xEE, 0x6C, 0xF4, 0x8C, 0x48, 0x3E, 0xCB, 0xE3,
    0xA0, 0x0D, 0x9A, 0xF5, 0x30, 0xF6, 0x76, 0x9B, 0x3F, 0x92, 0x23, 0xA9, 0xFA, 0x6D, 0x21, 0x38,
    0x5F, 0xBC, 0x51, 0xF5, 0x6F, 0x7E, 0x9B, 0x7E, 0x08, 0xB2, 0x23, 0x56, 0xDF, 0x20, 0xEE, 0x26,
    0x64, 0xE7, 0x66, 0x25, 0x87, 0x32, 0xBC, 0xF1, 0x6D, 0x3E, 0xC9, 0x26, 0x14, 0x4B, 0xB9, 0xA0,
    0x3C, 0x55, 0x4B, 0xDA, 0x2A, 0x56, 0x72, 0xC8, 0xA6, 0x37, 0xBC, 0xBF, 0x3A, 0xD5, 0xA5, 0x9E,
    0x36, 0x27, 0x9E, 0xA3, 0x06, 0xA0, 0x8D, 0x8B, 0x26, 0x1E, 0xE4, 0xB1, 0x97, 0x9D, 0xC9, 0x4E,
    0x52, 0x1B, 0xC5, 0xBA, 0x1C, 0xB7, 0xBF, 0x29, 0x0F, 0xC9, 0xB7, 0x7A, 0x5D, 0x26, 0xEA, 0x91,
    0x66, 0xDC, 0x1C, 0x76, 0xEB, 0x32, 0x24, 0x7F, 0xC9, 0xDC, 0x1E, 0x51, 0x2A, 0xD7, 0xC6, 0xD9,
    0x2E, 0xCE, 0xF0, 0x00, 0x0B, 0xF9, 0x71, 0x2B, 0xD4, 0x0C, 0xDC, 0xBC, 0x66, 0x0F, 0x19, 0x54,
    0x01, 0xFB, 0xB5, 0xD4, 0x39, 0x52, 0xCF, 0x2B, 0x0C, 0xF7, 0x78, 0xD5, 0x4B, 0x32, 0x93, 0xFE,
    0x3C, 0xD9, 0x49, 0x7E, 0x92, 0x21, 0x45, 0x82, 0xA3, 0xCD, 0x53, 0x32, 0x95, 0x5C, 0xA9, 0x13,
    0x6C, 0xC7, 0xD2, 0xE6, 0x2C, 0x59, 0xD3, 0x25, 0x18, 0x6C, 0xEE, 0x92, 0x3D, 0x7B, 0x88, 0x36,
    0x89, 0x64, 0x71, 0xF3, 0xA8, 0xEA, 0xAB, 0x5E, 0x3B, 0x76, 0xC1, 0x3A, 0x91, 0xB0, 0xAE, 0x8D,
    0xAA, 0xBE, 0xEE, 0xFF, 0x7F, 0xF1, 0xD7, 0xC6, 0xF8, 0x55, 0xA2, 0x2F, 0xE2, 0xB0, 0x0D, 0xF6,
    0x87, 0x6D, 0xE8, 0xDF, 0x0E, 0x98, 0xB8, 0xD1, 0x6E, 0x3B, 0x05, 0xBA, 0xA0, 0x38, 0x26, 0x5A,
    0x7D, 0xB4, 0x63, 0x72, 0x72, 0xA1, 0x7A, 0xA5, 0xB0, 0x8E, 0x91, 0x7D, 0x17, 0x7E, 0xB0, 0xFF,
    0xE6, 0xF1, 0x77, 0x94, 0x3C, 0xED, 0x86, 0xE4, 0x6A, 0xBF, 0xF9, 0x8A, 0x89, 0xF2, 0xD3, 0xEA,
    0x2D, 0xD5, 0xDB, 0x6F, 0xDD, 0xC4, 0xCD, 0x7B, 0x94, 0x45, 0x8A, 0xE8, 0xDD, 0x23, 0x6D, 0xFC,
    0x3A, 0x8E, 0xEC, 0x36, 0x9B, 0xF0, 0x3C, 0x0F, 0x50, 0xC4, 0x22, 0x71, 0xF5, 0x67, 0xFF, 0x3C,
    0x71, 0x5D, 0xC4, 0x1E, 0x2A, 0x27, 0xDF, 0x7F, 0x35, 0x0B, 0x45, 0x5C, 0x34, 0x67, 0xF2, 0x78,
    0xDC, 0x62, 0xE8, 0x06, 0x59, 0x0C, 0x74, 0xE4, 0x71, 0xE4, 0x3E, 0x45, 0x9C, 0xB9, 0x47, 0xF1,
    0x9B, 0x23, 0xD7, 0x14, 0xBF, 0x5A, 0x78, 0x40, 0xF9, 0xCB, 0x33, 0xCF, 0xA8, 0x86, 0xD8, 0x7B,
    0x4A, 0xDD, 0xEF, 0x82, 0x03, 0xB5, 0x6E, 0x34, 0xAF, 0x5C, 0xCF, 0xD9, 0x4C, 0x63, 0xBB, 0x81,
    0x70, 0x57, 0xB1, 0xE4, 0x23, 0xF7, 0x64, 0xB1, 0x18, 0xB9, 0x26, 0x7E, 0x14, 0x12, 0xEF, 0xFE,
    0x6D, 0x48, 0x25, 0xDB, 0xDF, 0x0C, 0xA9, 0x64, 0x1D, 0x7B, 0x0E, 0x54, 0x1B, 0x2B, 0xA2, 0x94,
    0x75, 0x16, 0xE9, 0x62, 0xCF, 0x99, 0x5D, 0x1C, 0x92, 0x2D, 0xF2, 0x89, 0xCB, 0x15, 0x28, 0x5B,
    0x80, 0x3D, 0xD0, 0xFC, 0xDD, 0x03, 0x32, 0x97, 0xDF, 0x2B, 0xDF, 0xC6, 0x40, 0x76, 0x52, 0xAF,
    0x8A, 0x93, 0xFC, 0x44, 0xDB, 0x13, 0x79, 0x81, 0xDD, 0x90, 0x2A, 0x76, 0x21, 0xD5, 0xEF, 0xC6,
    0x6A, 0x46, 0x3B, 0xD5, 0x13, 0x9A, 0xA9, 0x19, 0x13, 0x75, 0xE1, 0x42, 0xED, 0xB4, 0xD1, 0x98,
    0xA8, 0x0B, 0x1B, 0x0D, 0x89, 0x76, 0x12, 0x9D, 0xB5, 0x63, 0x72, 0x5A, 0xCF, 0xC9, 0x77, 0x75,
    0xA0, 0x1E, 0xB7, 0x7F, 0xA7, 0x9E, 0xD8, 0xE7, 0x0B, 0x9A, 0x73, 0x1C, 0x93, 0xCD, 0x03, 0x5C,
    0x86, 0xDB, 0x66, 0x00, 0x1D, 0x70, 0x02, 0xC5, 0x7C, 0xF9, 0xC6, 0x9B, 0xDE, 0x26, 0x90, 0x1D,
    0x48, 0x9F, 0x82, 0xB8, 0x1B, 0xAD, 0xEE, 0x9B, 0x44, 0x73, 0x15, 0xDE, 0xF8, 0x36, 0xDB, 0xFE,
    0x09, 0xC4, 0x30, 0x23, 0xFF, 0x2F, 0x73, 0xA2, 0x31, 0x4E, 0xC8, 0xC6, 0xB6, 0x7F, 0xD3, 0xFB,
    0xCB, 0x3E, 0xBF, 0xFD, 0xC1, 0x71, 0x44, 0xB9, 0x54, 0xCB, 0xB6, 0xB5, 0x52, 0x36, 0x65, 0xD3,
    0x1B, 0xDE, 0xDF, 0x23, 0xFE, 0x38, 0x9B, 0x79, 0x68, 0x91, 0x1D, 0xDD, 0x57, 0x4D, 0x9A, 0xBE,
    0xED, 0x55, 0xE1, 0x44, 0xF1, 0x3F, 0x67, 0xC4, 0x80, 0xFD, 0xED, 0x00, 0x53, 0xFD, 0x26, 0xD0,
    0x7D, 0x34, 0xB3, 0x38, 0x2A, 0x67, 0x9F, 0x69, 0x07, 0xAD, 0x87, 0xD4, 0xE1, 0x03, 0x0A, 0xF0,
    0x27, 0xC0, 0xF5, 0x2B, 0xF4, 0x54, 0x12, 0x3E, 0x72, 0xC9, 0x27, 0xFF, 0x3A, 0xE5, 0x53, 0xFC,
    0x32, 0xE5, 0x53, 0x0E, 0x29, 0x9F, 0xAA, 0x4F, 0xF9, 0xD4, 0x5B, 0x3E, 0x57, 0x5B, 0x3E, 0xD7,
    0x5B, 0x3E, 0xD7, 0x5B, 0x3E, 0x4F, 0xB7, 0x60, 0xE6, 0x44, 0xD9, 0x94, 0xF2, 0xC9, 0xC7, 0x94,
    0x4F, 0x11, 0x52, 0x3E, 0xD5, 0x90, 0xF2, 0xA9, 0xB7, 0x7C, 0x1A, 0xCE, 0x9A, 0xF1, 0xCE, 0x96,
    0xCF, 0xB5, 0xE2, 0xA0, 0x3C, 0xDC, 0xA8, 0x47, 0xF9, 0x72, 0x48, 0xF9, 0xEC, 0xE7, 0x4B, 0x3E,
    0x14, 0xF1, 0x60, 0xA5, 0x00, 0xCA, 0x1E, 0xB8, 0x0B, 0x5B, 0x9C, 0x97, 0x6B, 0x72, 0x35, 0xBF,
    0x72, 0xC1, 0xBE, 0xC2, 0xAB, 0xAF, 0x2E, 0x1E, 0x75, 0x31, 0xB4, 0xF1, 0xA0, 0x8D, 0x43, 0x11,
    0x29, 0x8E, 0xF2, 0x13, 0xF9, 0xAC, 0x58, 0x28, 0xA6, 0x75, 0x87, 0x62, 0xDC, 0x68, 0x1B, 0x81,
    0xCB, 0x90, 0x0A, 0x57, 0x83, 0x7A, 0xA6, 0xEE, 0xD5, 0xD3, 0x85, 0x68, 0x46, 0x1A, 0xDA, 0x90,
    0x4C, 0x75, 0x81, 0x7B, 0x17, 0x1A, 0xB8, 0x66, 0x37, 0xF0, 0x25, 0xBB, 0x9E, 0x43, 0xDA, 0xCA,
    0x66, 0xBA, 0xB0, 0xEA, 0x68, 0x27, 0xF5, 0x40, 0x7D, 0xFA, 0xE9, 0x0B, 0x14, 0x71, 0xEB, 0xF6,
    0xE3, 0x73, 0xCF, 0xE5, 0x50, 0xC9, 0x8E, 0xA0, 0x98, 0x41, 0x3D, 0x82, 0xEE, 0xF2, 0x8D, 0x37,
    0xBE, 0x4D, 0xA0, 0xE9, 0x5D, 0xE6, 0x1A, 0xEB, 0xDF, 0x9D, 0xA0, 0xF9, 0xF7, 0x1B, 0xF9, 0xF2,
    0x8D, 0x6F, 0xF3, 0x07, 0xAE, 0x90, 0xEE, 0x95, 0x63, 0x37, 0xEE, 0xC3, 0xB6, 0xB5, 0xD2, 0x95,
    0xAB, 0x37, 0xBE, 0x3F, 0xAE, 0x81, 0x13, 0xC8, 0x97, 0x57, 0x26, 0xC8, 0x87, 0xCB, 0x37, 0x5E,
    0x79, 0xED, 0xE2, 0x49, 0x1B, 0xC7, 0x5D, 0x3C, 0x6A, 0x63, 0x28, 0xE3, 0x90, 0xDA, 0x8C, 0x94,
    0x23, 0xB1, 0x57, 0xF7, 0xEC, 0x07, 0x77, 0x24, 0x17, 0x37, 0x56, 0x17, 0xD9, 0x8C, 0x7A, 0x2E,
    0x02, 0xAA, 0x43, 0xDD, 0xA3, 0x58, 0xEE, 0x40, 0x7E, 0xBA, 0x01, 0x71, 0x06, 0x29, 0xE2, 0xAD,
    0x99, 0xFF, 0xCD, 0x13, 0x23, 0xCE, 0x5C, 0xA6, 0x3D, 0xF3, 0x8D, 0x8A, 0x85, 0xCB, 0x0C, 0xCD,
    0x3E, 0x8E, 0x10, 0x37, 0x6A, 0xE3, 0x21, 0xE1, 0xE7, 0x28, 0x4E, 0x97, 0x46, 0xF3, 0x18, 0x5F,
    0x52, 0x9C, 0xFF, 0x66, 0xEB, 0xA0, 0x9D, 0x6D, 0x97, 0xFE, 0xF2, 0xB0, 0x96, 0xAB, 0xE6, 0x15,
    0xEB, 0x0D, 0xD7, 0x03, 0xB7, 0x62, 0x79, 0xD0, 0x8C, 0xEA, 0x59, 0x1B, 0xB4, 0xE3, 0x8A, 0xFB,
    0x41, 0x17, 0xCA, 0x13, 0x5D, 0x8C, 0x13, 0xBB, 0xDF, 0xFE, 0x2B, 0xB7, 0x7E, 0xE3, 0x05, 0x8B,
    0xB8, 0x19, 0x99, 0x52, 0x7C, 0x33, 0xDB, 0x51, 0x40, 0x79, 0xDE, 0x4F, 0x34, 0xA1, 0x3C, 0xD0,
    0xC9, 0x8F, 0x3C, 0x97, 0x1D, 0x59, 0xE4, 0x87, 0x75, 0xA5, 0x48, 0xAE, 0x9A, 0xA0, 0x98, 0xB3,
    0xD5, 0xED, 0x5C, 0xF7, 0x94, 0xF3, 0x1D, 0x54, 0xD3, 0x7D, 0xD4, 0x63, 0x33, 0x52, 0x87, 0xFC,
    0xBC, 0xA2, 0x2E, 0x68, 0x82, 0x6A, 0xB6, 0x3D, 0xBF, 0xD2, 0xF5, 0x6B, 0xCD, 0xCE, 0x2D, 0x1E,
    0xEC, 0x28, 0x66, 0x2F, 0xDE, 0x52, 0x4D, 0xD9, 0xA9, 0xEE, 0x9B, 0xD0, 0x2E, 0xD5, 0xF9, 0xAC,
    0x5B, 0xAC, 0x46, 0x8A, 0x80, 0x72, 0x46, 0x71, 0x84, 0x13, 0xB4, 0x3D, 0x8A, 0xF0, 0xEA, 0x58,
    0xFD, 0x88, 0xE6, 0xDB, 0xE3, 0x27, 0xCE, 0xBA, 0xB9, 0x38, 0xA8, 0xE7, 0x72, 0x52, 0x4F, 0x75,
    0x58, 0x0D, 0x05, 0x75, 0x68, 0x07, 0x75, 0xE8, 0xFA, 0x15, 0x68, 0x86, 0x6E, 0x2D, 0xD3, 0xF5,
    0x3A, 0xDD, 0xA0, 0x4B, 0xC9, 0xA9, 0xE7, 0x22, 0x8E, 0x65, 0x7C, 0xBE, 0x9F, 0xEC, 0xA7, 0xAF,
    0x00, 0x34, 0xD0, 0xC1, 0x0B, 0xE4, 0x0B, 0xCA, 0x11, 0x57, 0x5E, 0x97, 0x83, 0x1E, 0xF9, 0x8C,
    0xF6, 0x44, 0x1E, 0xF7, 0x41, 0xB1, 0x74, 0x41, 0x31, 0xD5, 0xFD, 0xEB, 0x71, 0xF0, 0x30, 0x1B,
    0xE5, 0xEB, 0x6D, 0xFC, 0xE2, 0x57, 0xBF, 0x9C, 0x94, 0xFF, 0x26, 0x06, 0xC5, 0xF0, 0xD0, 0x6B,
    0x11, 0xCF, 0xC7, 0x7C, 0x54, 0x1D, 0xEA, 0x59, 0x7D, 0xAC, 0x0F, 0xDB, 0x5A, 0x3E, 0x16, 0xE3,
    0x6B, 0x11, 0x97, 0xFD, 0x02, 0xF5, 0x09, 0xF7, 0x1A, 0xDC, 0xD4, 0x2B, 0xDC, 0x45, 0xB7, 0xA0,
    0x99, 0xFE, 0xD0, 0x0E, 0x52, 0xE5, 0xFD, 0x57, 0xA9, 0xF8, 0xEE, 0xDB, 0xB3, 0xB5, 0x7E, 0xB4,
    0xB3, 0x4A, 0x2C, 0xBA, 0x61, 0x55, 0x59, 0x4F, 0xAE, 0x3A, 0x24, 0xB6, 0x6A, 0x4D, 0x9E, 0x4B,
    0x72, 0xCD, 0xA8, 0xEB, 0x35, 0xBF, 0x7C, 0xC9, 0xAA, 0xF7, 0x75, 0x9F, 0xB8, 0x9B, 0xB0, 0x4A,
    0x8F, 0x24, 0xF5, 0x49, 0x91, 0x0C, 0xCC, 0xFE, 0x51, 0xF2, 0xB0, 0xF8, 0xD4, 0x6A, 0x23, 0x7E,
    0x3D, 0x5A, 0x9D, 0xBC, 0x7B, 0x7E, 0x25, 0xEB, 0x89, 0xFA, 0xDB, 0x85, 0x87, 0xF6, 0xB2, 0xA3,
    0xAE, 0x4F, 0x4F, 0x92, 0xD4, 0xA3, 0xFB, 0xEA, 0xC0, 0x2A, 0xFD, 0xFD, 0xA7, 0x24, 0xFB, 0xED,
    0x83, 0x7F, 0xB0, 0x1A, 0xFC, 0x40, 0x35, 0x67, 0x93, 0x3C, 0xC6, 0x9E, 0x8F, 0xBF, 0xC2, 0x7B,
    0xB0, 0x9B, 0xF0, 0x37, 0x0B, 0x7C, 0x06, 0xD7, 0x64, 0x1E, 0x50, 0xC6, 0x99, 0x2C, 0x0E, 0xB8,
    0x83, 0x8E, 0xD5, 0xAD, 0x6A, 0xB2, 0xCA, 0x73, 0xC7, 0xC5, 0x5C, 0x7C, 0xA4, 0xFD, 0xFA, 0x68,
    0xC9, 0x4E, 0xC5, 0xEC, 0x5C, 0x8D, 0x5E, 0xD4, 0xC1, 0xF3, 0xA6, 0xCF, 0x0F, 0xAD, 0xDD, 0xD0,
    0x55, 0x5F, 0xE9, 0x4E, 0xB7, 0x93, 0x56, 0x89, 0xFF, 0x78, 0xF5, 0x53, 0x1D, 0xB2, 0x29, 0x8F,
    0xFB, 0xDE, 0xC7, 0x47, 0x38, 0x90, 0x1F, 0x28, 0x67, 0xEA, 0x91, 0x0E, 0x87, 0xDF, 0xB7, 0x06,
    0x9A, 0x5E, 0x16, 0x27, 0xCD, 0xEF, 0x4E, 0xDA, 0x5F, 0x9F, 0x5C, 0x79, 0xF6, 0x7B, 0xD5, 0xB8,
    0x72, 0xB5, 0xDD, 0xA8, 0xDB, 0x6E, 0xDA, 0xED, 0xC2, 0x6E, 0x70, 0xE5, 0x2E, 0x5E, 0x91, 0x49,
    0x3A, 0xAB, 0x90, 0x55, 0xC9, 0x2A, 0x65, 0xD5, 0xB2, 0x8A, 0x59, 0xD5, 0xAC, 0x72, 0x49, 0xEF,
    0x32, 0x61, 0x95, 0x24, 0xAD, 0x9A, 0x56, 0x51, 0x49, 0x35, 0xC9, 0x7A, 0xC6, 0x89, 0x1D, 0x6D,
    0x50, 0x4E, 0x69, 0x1B, 0x3F, 0xE4, 0x89, 0x72, 0xB6, 0x9B, 0xEC, 0x27, 0xF5, 0xA8, 0x0E, 0xEB,
    0xBB, 0x19, 0xD6, 0x77, 0xDB, 0xEB, 0xE8, 0x78, 0xC8, 0x0B, 0x59, 0xD4, 0xC6, 0xA9, 0x8B, 0x33,
    0xC5, 0x48, 0x95, 0xC6, 0xA3, 0x4D, 0x76, 0xD9, 0x76, 0xDD, 0x56, 0xF4, 0x84, 0x72, 0xB6, 0x16,
    0x5D, 0xAB, 0xAA, 0x47, 0xEA, 0xB0, 0x2D, 0xCD, 0xB0, 0x2D, 0x6D, 0x4F, 0x67, 0x5B, 0x1E, 0xE2,
    0x85, 0x55, 0x60, 0x55, 0x90, 0x24, 0xC0, 0x67, 0x94, 0x71, 0xB0, 0xFB, 0xCF, 0x07, 0xFB, 0x3F,
    0x3F, 0xB8, 0xC9, 0xA7, 0xDF, 0xAB, 0xC6, 0x8D, 0x1B, 0x59, 0xCC, 0xCE, 0xF2, 0x98, 0x47, 0xD6,
    0x35, 0x37, 0x9E, 0x71, 0x51, 0xF1, 0x44, 0xD2, 0x49, 0x42, 0x49, 0x69, 0x93, 0x7A, 0xF5, 0x69,
    0xAC, 0xBF, 0xFB, 0x91, 0xAC, 0x87, 0x92, 0x66, 0x12, 0xDD, 0x54, 0x37, 0x59, 0xFF, 0x78, 0x2D,
    0xDD, 0x1D, 0x9E, 0x92, 0xC7, 0xCB, 0xCC, 0xE3, 0x8C, 0xFF, 0xB1, 0x90, 0x85, 0xE7, 0xD0, 0xD9,
    0x2A, 0xA6, 0xDA, 0x59, 0xFC, 0x97, 0x69, 0x2A, 0x3B, 0x78, 0x96, 0xC7, 0x31, 0x9F, 0xEC, 0xC7,
    0x32, 0xE8, 0xC6, 0x7A, 0xD0, 0x8E, 0x4D, 0xAF, 0x19, 0x5B, 0xEA, 0xD0, 0xDD, 0xC2, 0xD0, 0xF5,
    0xEA, 0xBE, 0x1B, 0xB4, 0xBA, 0xE0, 0x9E, 0x66, 0xF2, 0x2C, 0xCD, 0xAE, 0xDD, 0x9E, 0xDD, 0x07,
    0xC8, 0x8F, 0x15, 0xEA, 0x53, 0xD5, 0x73, 0x55, 0xD7, 0xB8, 0x53, 0x9D, 0xF1, 0x5E, 0x7E, 0x04,
    0xF0, 0x16, 0xF8, 0xC9, 0x7A, 0x39, 0x78, 0xF7, 0x6F, 0xBF, 0x3D, 0xB1, 0xFF, 0xC6, 0x9E, 0xE6,
    0x68, 0xD5, 0x99, 0x13, 0x8E, 0x76, 0xD4, 0xC1, 0x43, 0x9A, 0xE0, 0x79, 0x72, 0xBC, 0x24, 0xF3,
    0x0B, 0x9D, 0x6C, 0xC3, 0x23, 0x3B, 0xF9, 0x81, 0x17, 0x8A, 0x83, 0x2C, 0x2A, 0x0F, 0x6B, 0x28,
    0xFB, 0xD8, 0x77, 0x71, 0x8E, 0x71, 0x50, 0xF7, 0xB7, 0x91, 0x56, 0x13, 0x8A, 0x23, 0x3C, 0x87,
    0xAA, 0xFF, 0xDE, 0xE9, 0xD1, 0xC4, 0xC5, 0x1A, 0x86, 0x35, 0x8C, 0x7E, 0x0D, 0x23, 0xD4, 0xBD,
    0x36, 0x34, 0xAB, 0x87, 0x57, 0xC3, 0x08, 0xB7, 0x61, 0x34, 0xFF, 0xA7, 0x30, 0x5C, 0xC3, 0xED,
    0xD4, 0xB1, 0x72, 0xDE, 0x92, 0xE7, 0x43, 0xAF, 0x41, 0x1C, 0xAA, 0x80, 0xDD, 0x81, 0xF2, 0x74,
    0x3B, 0x1B, 0x5F, 0x0D, 0x77, 0xFF, 0xE0, 0xE2, 0xD9, 0x52, 0x0C, 0xCA, 0x58, 0x04, 0x75, 0xF5,
    0x67, 0x83, 0xBA, 0x88, 0xD4, 0xD9, 0xF2, 0x07, 0xD7, 0x2D, 0x87, 0xAA, 0xD7, 0x4E, 0xED, 0xA8,
    0x9B, 0xBB, 0x49, 0xB3, 0xAE, 0x55, 0xEB, 0xBE, 0xD7, 0x12, 0x76, 0x19, 0xD0, 0x4E, 0xE8, 0x66,
    0xB4, 0x33, 0xEA, 0x80, 0x0C, 0xDF, 0x7F, 0x92, 0xF4, 0x5F, 0x77, 0x97, 0xA7, 0xEE, 0x5D, 0xAE,
    0x0E, 0x0B, 0x8A, 0x13, 0xCA, 0x88, 0xE2, 0x0C, 0x17, 0x8D, 0xDD, 0x57, 0x77, 0x94, 0xF1, 0xFC,
    0xCC, 0x5D, 0xFB, 0xD1, 0x33, 0xED, 0x98, 0xCD, 0xDA, 0xB9, 0x18, 0xED, 0xE7, 0x32, 0x14, 0xFF,
    0x71, 0xAE, 0x42, 0xFD, 0xD1, 0x5C, 0x87, 0xEB, 0xE2, 0x3B, 0x98, 0xBF, 0x83, 0xFF, 0x10, 0x8A,
    0xB1, 0x8E, 0xCA, 0x50, 0x2D, 0xEA, 0xBE, 0x5C, 0x5C, 0x29, 0xCF, 0x9E, 0xB9, 0xDA, 0xC7, 0xD1,
    0x4D, 0x1A, 0xEF, 0x1B, 0x2B, 0x0C, 0xA8, 0x47, 0x14, 0x07, 0xF8, 0x12, 0x1A, 0x2E, 0xAF, 0x6E,
    0xC9, 0xE2, 0xD4, 0xAE, 0x50, 0x1C, 0x35, 0x63, 0xFE, 0xCA, 0x33, 0xA6, 0x09, 0x86, 0x72, 0xD6,
    0xF6, 0xE5, 0xA4, 0x53, 0x8D, 0x3A, 0x75, 0xB0, 0x5B, 0xE1, 0xC5, 0x0A, 0xE7, 0xF5, 0x9B, 0x67,
    0xF5, 0xF8, 0x4E, 0x0C, 0xD5, 0xF9, 0x65, 0x0C, 0x59, 0xFC, 0xEB, 0x1E, 0xC0, 0x03, 0xB7, 0xAD,
    0x1F, 0x51, 0x4D, 0x68, 0x7B, 0xDC, 0xBC, 0x2E, 0x07, 0x19, 0x54, 0xC3, 0xED, 0xCD, 0xAB, 0x6F,
    0x22, 0xF5, 0xB4, 0x42, 0x7F, 0xEF, 0xF5, 0x38, 0xA8, 0xFA, 0x8A, 0x6E, 0xBB, 0x33, 0xB5, 0xDB,
    0x26, 0xC5, 0xD2, 0x9D, 0xA9, 0xD7, 0x22, 0x4E, 0x12, 0x4A, 0x91, 0xEF, 0xE0, 0x84, 0x62, 0xC2,
    0xC5, 0x00, 0xEA, 0x18, 0xDA, 0x73, 0x1D, 0x87, 0xF6, 0x65, 0xB1, 0x28, 0x43, 0xB6, 0xA8, 0x7B,
    0x27, 0x57, 0x9C, 0x5D, 0xB3, 0x77, 0x60, 0x97, 0x4D, 0x74, 0x1F, 0x05, 0xDA, 0x7F, 0x81, 0xE6,
    0x3F, 0xA1, 0x5E, 0x50, 0xCF, 0xAC, 0xB6, 0xA8, 0x07, 0x34, 0x70, 0x0F, 0x8E, 0xC8, 0x66, 0x14,
    0xAF, 0x7E, 0x78, 0xED, 0x32, 0x29, 0x99, 0x0D, 0x2B, 0x7C, 0xB1, 0x62, 0x11, 0x7B, 0xD8, 0x83,
    0x9D, 0xCB, 0xFA, 0x0B, 0xB7, 0xCE, 0x59, 0x9A, 0x23, 0xD9, 0xCB, 0x6F, 0x63, 0x2F, 0xFB, 0x46,
    0x17, 0xAC, 0x69, 0x4D, 0x8A, 0x59, 0x35, 0xAF, 0x58, 0xCE, 0xCA, 0x29, 0xE1, 0xB8, 0x62, 0x95,
    0xB0, 0x0E, 0xAA, 0x69, 0xC5, 0xCB, 0x8F, 0x96, 0xA0, 0xEB, 0xB5, 0xA3, 0x17, 0x74, 0x73, 0x7E,
    0xA4, 0xDB, 0xED, 0x47, 0xEE, 0x57, 0x27, 0x3C, 0x04, 0xCF, 0xC1, 0x72, 0xC1, 0xFC, 0x04, 0x6D,
    0x1C, 0xB1, 0x4B, 0xB8, 0xCD, 0x3A, 0x97, 0xC7, 0xEA, 0xA8, 0x5A, 0xEA, 0x45, 0xB9, 0x94, 0x47,
    0xD9, 0x94, 0x4F, 0x7F, 0xFF, 0xD1, 0xFE, 0x2F, 0xDD, 0x9C, 0x0D, 0xAB, 0xDD, 0xD8, 0x75, 0xFE,
    0x1F, 0x49, 0x33, 0xD6, 0xC4, 0xFA, 0x33, 0x7B, 0x00, 0x03, 0xFF, 0xC6, 0xC9, 0xA8, 0x40, 0x81,
    0x90, 0x8E, 0xAD, 0x02, 0x01, 0x02, 0xDC, 0x6B, 0x69, 0x1A, 0x68, 0x78, 0x29, 0x90, 0xEF, 0x11,
    0xC0, 0x05, 0x0A, 0x0C, 0x60, 0xFB, 0xA8, 0x0D, 0x50, 0xDE, 0x6B, 0xFA, 0x09, 0x06, 0x08, 0x30,
    0xBD, 0x03, 0xD8, 0xC0, 0x00, 0x2E, 0x8C, 0xAD, 0x4D, 0x03, 0x04, 0x28, 0x50, 0xB5, 0x85, 0xF2,
    0x12, 0x48, 0x04, 0x18, 0x0A, 0x29, 0xAD, 0x37, 0x41, 0x69, 0x64, 0x5B, 0xD2, 0xAA, 0xD7, 0xB3,
    0x74, 0xAC, 0x73, 0xAE, 0xAF, 0x27, 0x33, 0xD4, 0xBE, 0x33, 0x67, 0x36, 0xD6, 0x7A, 0x74, 0x75,
    0x74, 0xCE, 0xD9, 0xFB, 0xB7, 0xF6, 0xEB, 0xD2, 0x3E, 0x06, 0xF0, 0xCD, 0x93, 0x8F, 0x00, 0xA0,
    0x90, 0x01, 0x2F, 0xA4, 0x68, 0xA2, 0x24, 0x33, 0x25, 0x13, 0xCA, 0xDB, 0x0D, 0xE5, 0x3D, 0x93,
    0x0F, 0x36, 0x95, 0x4A, 0x28, 0x6B, 0xBD, 0xBF, 0xA5, 0x24, 0xBE, 0xF4, 0x7A, 0x7F, 0x55, 0xA8,
    0x38, 0xE4, 0xAD, 0xDE, 0x8F, 0xBC, 0xD3, 0xFB, 0xE1, 0x54, 0x02, 0x5C, 0x00, 0xA2, 0x8E, 0x92,
    0x88, 0x48, 0x0F, 0x64, 0x26, 0x0E, 0x48, 0x07, 0xE0, 0x0A, 0x90, 0x8C, 0x7A, 0x3F, 0x45, 0xEF,
    0x9A, 0xF4, 0x7E, 0xC4, 0x13, 0x92, 0x8E, 0x79, 0x2A, 0x66, 0xA0, 0x11, 0x5F, 0x0A, 0x20, 0xE2,
    0x11, 0x9D, 0x9C, 0x54, 0xFA, 0x51, 0xD5, 0x6E, 0x01, 0x9A, 0xDB, 0x40, 0xFE, 0x74, 0xF8, 0x0B,
    0xCC, 0x28, 0x43, 0xD2, 0xC3, 0x85, 0xB4, 0x83, 0xEB, 0x9C, 0x87, 0x6B, 0xF3, 0x67, 0xC6, 0x17,
    0xF5, 0x33, 0x53, 0x56, 0x6A, 0x80, 0xBC, 0x2E, 0x81, 0xA2, 0x2A, 0x2B, 0x94, 0x28, 0x6B, 0x94,
    0x28, 0x3C, 0x1A, 0xB8, 0x90, 0x48, 0x9B, 0xCA, 0xFD, 0xA6, 0x43, 0xD3, 0x3D, 0xC4, 0x36, 0xBD,
    0x89, 0xFF, 0xAF, 0xE2, 0x70, 0x4C, 0xA9, 0x3E, 0x35, 0x46, 0x41, 0x25, 0x92, 0xEA, 0xC0, 0x69,
    0xE2, 0x47, 0x51, 0x85, 0x28, 0xA4, 0xFE, 0x99, 0x71, 0x35, 0x20, 0x9A, 0xEB, 0xE2, 0x21, 0xCE,
    0x09, 0xEE, 0x41, 0xB1, 0xD2, 0x34, 0xD0, 0xA6, 0x35, 0xC5, 0xD1, 0xE2, 0xAA, 0xC9, 0x35, 0x93,
    0x02, 0x7F, 0xC8, 0xD7, 0x9E, 0x06, 0x95, 0x78, 0xAE, 0x5E, 0x31, 0xC0, 0x80, 0xA6, 0x9B, 0xC8,
    0x60, 0x9B, 0x83, 0x5C, 0x4D, 0xC1, 0xB3, 0xEA, 0x9D, 0xE5, 0x9B, 0x63, 0xA9, 0x76, 0x72, 0x58,
    0x9A, 0x18, 0xD0, 0x68, 0xA4, 0xA4, 0x9D, 0xC1, 0xC6, 0x8B, 0x29, 0x6A, 0x1E, 0xAB, 0x14, 0xB3,
    0x78, 0xD6, 0xF1, 0x34, 0x00, 0x59, 0xCF, 0x37, 0x16, 0x2D, 0xA0, 0x54, 0x2A, 0xFD, 0xB4, 0x48,
    0xDD, 0xB6, 0x21, 0x3E, 0x34, 0xC8, 0x94, 0xCD, 0x4F, 0x95, 0x37, 0xB3, 0x62, 0x52, 0x74, 0x94,
    0xB2, 0x35, 0xF1, 0x94, 0xCD, 0x8B, 0x72, 0xC9, 0x5E, 0xFB, 0xBE, 0xDD, 0x79, 0x97, 0xEF, 0x8B,
    0x3C, 0x3F, 0x2C, 0xAD, 0x90, 0x8D, 0xEA, 0x2E, 0x2D, 0x54, 0xD4, 0xEB, 0x3B, 0x66, 0x51, 0x07,
    0x5C, 0x10, 0xAB, 0x48, 0xD6, 0x32, 0xEF, 0x6F, 0x8B, 0x96, 0xE8, 0x2D, 0xAE, 0xE6, 0xF5, 0xFD,
    0x52, 0x75, 0x0A, 0x67, 0x04, 0x6E, 0x69, 0xDE, 0x07, 0x94, 0x55, 0x12, 0x50, 0xD6, 0xAE, 0xC5,
    0x35, 0x38, 0xAF, 0x99, 0xAD, 0x35, 0x8F, 0xD5, 0x16, 0x98, 0x99, 0xCA, 0x5E, 0x78, 0x0B, 0xB9,
    0xC7, 0xF7, 0x90, 0x85, 0xA8, 0x43, 0x2C, 0x5A, 0xFE, 0xEB, 0x7B, 0xAD, 0x24, 0x5E, 0x8A, 0x3D,
    0x59, 0xBF, 0xC0, 0x42, 0x25, 0x63, 0xA9, 0x12, 0x77, 0x59, 0x7D, 0xE8, 0x8C, 0x99, 0xD2, 0x56,
    0x5F, 0x18, 0x80, 0x74, 0x92, 0x0A, 0x59, 0xDF, 0x54, 0x48, 0xEB, 0xAB, 0xE7, 0xC0, 0x38, 0x6E,
    0x29, 0x59, 0x4F, 0x71, 0x23, 0x45, 0x59, 0x90, 0xEE, 0xC1, 0x57, 0x60, 0x76, 0x27, 0xEC, 0xBC,
    0x8A, 0xC0, 0x6F, 0xE6, 0xB5, 0x73, 0xE0, 0x7A, 0x8F, 0x60, 0xA3, 0x39, 0xEF, 0xAC, 0xD2, 0xB2,
    0x90, 0xC5, 0xB4, 0x3A, 0xFB, 0xA0, 0xB9, 0xB2, 0xDD, 0xB1, 0x0D, 0x26, 0x5A, 0x5F, 0xB1, 0x61,
    0xC7, 0x70, 0x0E, 0x5C, 0x39, 0x9E, 0xB2, 0xF9, 0x53, 0xE6, 0xA6, 0x86, 0x35, 0x1C, 0x4D, 0x59,
    0x4D, 0x89, 0xB0, 0xA6, 0x42, 0xE4, 0x21, 0xE5, 0x8E, 0xD4, 0x36, 0xF0, 0xF4, 0x36, 0x0C, 0x4D,
    0xCF, 0x64, 0x04, 0x04, 0x44, 0xB9, 0xA9, 0x91, 0x0C, 0x64, 0xB5, 0x48, 0xDA, 0x93, 0x7B, 0x16,
    0x28, 0x6E, 0x91, 0x0E, 0x28, 0xBC, 0x8A, 0xDE, 0x92, 0xB7, 0x94, 0xC2, 0xEB, 0xDB, 0x29, 0x0D,
    0xA0, 0x63, 0xA8, 0xA8, 0xE8, 0x97, 0x60, 0x53, 0x21, 0x19, 0x78, 0xDD, 0x05, 0xBB, 0xEE, 0x55,
    0x22, 0xFD, 0x56, 0xC1, 0xE5, 0x41, 0x33, 0xF6, 0x48, 0x5A, 0x60, 0xC3, 0x6C, 0xEE, 0xA6, 0xD8,
    0x24, 0xA7, 0x8D, 0x84, 0xE2, 0xE6, 0x4C, 0xF1, 0xA4, 0x53, 0xA1, 0x82, 0xB1, 0x04, 0xE5, 0xD8,
    0xE4, 0x88, 0x77, 0x0E, 0x77, 0x15, 0xFD, 0xDF, 0xF5, 0xD0, 0x71, 0x51, 0x87, 0x2B, 0x8E, 0x8C,
    0xEC, 0xBA, 0xB5, 0x7A, 0x70, 0x74, 0x04, 0x38, 0x3E, 0x02, 0x1C, 0x21, 0x95, 0x37, 0xA5, 0xAC,
    0x28, 0x1C, 0x27, 0x29, 0xFA, 0x35, 0x1C, 0x2B, 0xB5, 0x40, 0x14, 0x8E, 0x97, 0xB0, 0x11, 0x13,
    0xB0, 0x49, 0x07, 0x6C, 0xDA, 0xF1, 0xF9, 0x91, 0x53, 0x88, 0x7C, 0x3C, 0x1B, 0xF9, 0x69, 0xF2,
    0xDE, 0x89, 0x48, 0x55, 0xFA, 0x8B, 0xCD, 0x93, 0x93, 0x6A, 0x45, 0x5E, 0xBE, 0x2A, 0xE4, 0x11,
    0x6D, 0x46, 0xBB, 0x51, 0x93, 0xCE, 0xBC, 0x30, 0xED, 0xCC, 0xA3, 0x46, 0xBE, 0x28, 0x0A, 0xF4,
    0xC7, 0xF3, 0x87, 0x24, 0x6D, 0xA0, 0x8D, 0xB3, 0x61, 0x36, 0xCA, 0x06, 0xD9, 0x18, 0x1B, 0x62,
    0x23, 0x6C, 0x80, 0x8D, 0xAF, 0xE1, 0x35, 0xBA, 0x06, 0xD7, 0xD8, 0x1A, 0x5A, 0x23, 0x7B, 0x1A,
    0xEC, 0xC9, 0x49, 0xAD, 0x62, 0xF3, 0xA5, 0x35, 0xBD, 0x01, 0x94, 0x22, 0x32, 0x02, 0x97, 0x9F,
    0xC9, 0x0C, 0x62, 0x28, 0x4D, 0x5C, 0x45, 0xD6, 0x99, 0xB1, 0x8E, 0x41, 0x36, 0x1C, 0xC8, 0x29,
    0x69, 0xC0, 0xF7, 0x00, 0x65, 0x7D, 0x57, 0xBD, 0x2A, 0x12, 0x4C, 0x3A, 0x95, 0x36, 0x69, 0xA1,
    0x55, 0x24, 0x52, 0x29, 0x7C, 0xE4, 0x55, 0xD4, 0x18, 0xF2, 0xA5, 0xB1, 0x46, 0x44, 0x0E, 0x47,
    0xE4, 0xB8, 0x62, 0x72, 0xCF, 0xBC, 0x1C, 0x10, 0x0B, 0x5B, 0x46, 0x2E, 0xEA, 0x40, 0x6C, 0x2C,
    0x7F, 0xB8, 0x78, 0xF2, 0x11, 0x72, 0x19, 0xD7, 0xAE, 0x42, 0x6E, 0xA3, 0x78, 0x34, 0x60, 0x8C,
    0xA6, 0x24, 0x60, 0xCE, 0x5A, 0x3C, 0x70, 0x1E, 0xF7, 0xF3, 0x2A, 0xEE, 0x0B, 0x6C, 0xEA, 0x32,
    0x7B, 0x88, 0x72, 0xB2, 0x6F, 0x2D, 0x2B, 0xEA, 0xFF, 0xD3, 0xDE, 0x21, 0xEB, 0xA3, 0x8E, 0x7D,
    0xC3, 0xF5, 0x01, 0xEC, 0xCE, 0x6E, 0xAB, 0x0C, 0x36, 0x5D, 0xF8, 0xD4, 0x3A, 0xD9, 0xB2, 0xA9,
    0xD6, 0x01, 0xED, 0x90, 0x99, 0xBD, 0x89, 0x3F, 0x80, 0xAB, 0xAE, 0xC1, 0xD5, 0x9F, 0x22, 0x7D,
    0x1A, 0x10, 0x49, 0xFD, 0x8A, 0xF9, 0xE1, 0x43, 0x5A, 0x2D, 0x34, 0x3B, 0x99, 0xDD, 0xBF, 0xA2,
    0xEE, 0xD0, 0xF9, 0xE1, 0x5D, 0xB0, 0xD3, 0x40, 0xA3, 0x9D, 0x87, 0xE7, 0xDF, 0xAF, 0x8E, 0xDF,
    0x81, 0x52, 0x59, 0x07, 0xED, 0x1B, 0xB4, 0x08, 0xEB, 0xBC, 0x6F, 0x95, 0x10, 0x53, 0xA5, 0xA1,
    0x14, 0x0F, 0x5F, 0x01, 0x31, 0x1D, 0xB0, 0x6F, 0x02, 0x49, 0x4B, 0x22, 0x70, 0x58, 0x8E, 0xFA,
    0x12, 0x32, 0xE9, 0xB7, 0x95, 0xFB, 0x46, 0x14, 0x54, 0x24, 0x33, 0xB9, 0xD3, 0xA9, 0xE4, 0xF3,
    0x6E, 0xE6, 0x50, 0x1D, 0x6C, 0x8D, 0xCC, 0xEA, 0xAB, 0x70, 0x41, 0xE0, 0x7E, 0x37, 0x21, 0x92,
    0x16, 0xB8, 0xF6, 0xEA, 0x6B, 0x24, 0x53, 0xD4, 0x63, 0x05, 0xC7, 0xA9, 0xA8, 0x62, 0x29, 0x54,
    0xA2, 0xB3, 0xD7, 0x4F, 0xF3, 0x32, 0x15, 0xED, 0x38, 0xFF, 0x4B, 0x07, 0x5B, 0x1F, 0x4C, 0x36,
    0xA7, 0x6C, 0x6C, 0x2A, 0xBA, 0xB1, 0xA9, 0x68, 0x43, 0xA6, 0xF8, 0x87, 0xA5, 0x8B, 0x7D, 0xE9,
    0x54, 0x34, 0x11, 0xD1, 0xC8, 0x42, 0x2C, 0x52, 0x6D, 0x3C, 0x17, 0x1A, 0x2A, 0xE9, 0xB0, 0x95,
    0xD2, 0xF3, 0x4B, 0xCA, 0x96, 0x8E, 0x28, 0x02, 0x38, 0x84, 0x06, 0x45, 0x8F, 0x74, 0x34, 0x57,
    0x4A, 0x75, 0x61, 0x78, 0xC9, 0xFA, 0x09, 0x58, 0x82, 0x47, 0x95, 0xE6, 0xE9, 0x57, 0xFA, 0xED,
    0xE2, 0xD4, 0xDE, 0xA3, 0xFF, 0x76, 0x53, 0x31, 0xA4, 0xB5, 0xE6, 0xC3, 0x55, 0x70, 0xAD, 0xFB,
    0x6F, 0x25, 0x98, 0xF6, 0x5A, 0x9E, 0x34, 0x00, 0x13, 0xED, 0x88, 0x8C, 0xD6, 0x75, 0xB4, 0x1E,
    0xB8, 0x6F, 0x9C, 0xDF, 0xD7, 0x22, 0x33, 0xD2, 0x91, 0xFC, 0xD5, 0x09, 0x80, 0xD4, 0x43, 0xAD,
    0xCC, 0x35, 0xF4, 0x23, 0x07, 0x20, 0x7D, 0xA4, 0xCE, 0xCD, 0x11, 0x35, 0x5C, 0x24, 0x97, 0x6A,
    0xD5, 0xB3, 0x37, 0xF9, 0xAF, 0xAC, 0xE2, 0x41, 0x3D, 0x21, 0xAD, 0xCD, 0xF8, 0x99, 0x7E, 0x64,
    0x03, 0x57, 0x9F, 0x10, 0xD6, 0x90, 0x79, 0x95, 0x4D, 0x63, 0x1C, 0x07, 0x1C, 0xBA, 0x7F, 0x2E,
    0xE1, 0x47, 0xEC, 0x60, 0xF4, 0x1B, 0x8F, 0x59, 0xC6, 0x42, 0xBC, 0x4D, 0xAF, 0xBE, 0xEA, 0x9E,
    0x89, 0x3A, 0x4A, 0x3A, 0x50, 0xB2, 0x91, 0x92, 0x52, 0xF8, 0xDA, 0xA1, 0xB7, 0x9C, 0x4F, 0xC0,
    0xAE, 0xC0, 0xE2, 0x84, 0x76, 0x6E, 0xD7, 0xBF, 0xC2, 0x9E, 0x39, 0x48, 0xD0, 0x7B, 0xE9, 0xC8,
    0x64, 0x36, 0x69, 0xF6, 0x42, 0x9C, 0x1F, 0xEC, 0x06, 0x65, 0x22, 0x2C, 0xE9, 0xE2, 0xFA, 0xBE,
    0x28, 0xAC, 0x23, 0x17, 0x8B, 0x85, 0x68, 0xB0, 0x5E, 0xE4, 0xAB, 0xEB, 0xAD, 0xB5, 0x24, 0xAE,
    0x36, 0x6D, 0x7A, 0x8A, 0x7B, 0x22, 0xA6, 0xDD, 0x6C, 0x5A, 0xDD, 0xC0, 0x8B, 0xA9, 0x90, 0x01,
    0xA5, 0x0C, 0xCF, 0xB4, 0xE7, 0x91, 0x08, 0x78, 0xC4, 0xD3, 0x72, 0x8C, 0x76, 0x24, 0xDB, 0x63,
    0x58, 0x8E, 0xDE, 0x8E, 0x94, 0x07, 0x9D, 0xC6, 0xC3, 0x6D, 0x8F, 0x27, 0x27, 0x27, 0x3A, 0xA7,
    0x70, 0x22, 0xA2, 0xD9, 0xCD, 0x97, 0xA3, 0xF0, 0x76, 0x94, 0xDB, 0xA3, 0xDE, 0x39, 0xB4, 0x5A,
    0x2D, 0x47, 0x03, 0x3B, 0x64, 0xFF, 0x48, 0x96, 0xA3, 0x90, 0x8E, 0xC7, 0x46, 0x02, 0x8F, 0xED,
    0x64, 0xC5, 0xBA, 0xF9, 0x62, 0xD4, 0x53, 0x56, 0x93, 0x74, 0xD0, 0x79, 0x69, 0xD2, 0xE6, 0x38,
    0x95, 0x52, 0xDA, 0xAB, 0xEB, 0x8A, 0xD4, 0x4D, 0x6A, 0x63, 0x73, 0xFB, 0x8E, 0xF3, 0x63, 0xB3,
    0x56, 0x29, 0x82, 0x46, 0x4A, 0x92, 0xDF, 0x3C, 0x9D, 0xF8, 0xAE, 0x0D, 0xCB, 0x5E, 0x6A, 0xC9,
    0xD5, 0xBA, 0x56, 0xAF, 0x38, 0x8F, 0x5B, 0xAC, 0xB6, 0xF7, 0xB9, 0x16, 0x1D, 0xB9, 0x16, 0x65,
    0x0D, 0xA6, 0xE5, 0xA7, 0x96, 0xFC, 0xBC, 0x07, 0x4A, 0x30, 0x12, 0x64, 0x8A, 0xBF, 0x6B, 0xA4,
    0x2E, 0x25, 0x88, 0xD4, 0x5F, 0xD8, 0x27, 0x3F, 0x9E, 0x4F, 0x4E, 0x3E, 0x9E, 0x6B, 0x08, 0x93,
    0x67, 0x1D, 0xD4, 0xE3, 0x65, 0x3E, 0xC9, 0x77, 0x7D, 0xE2, 0x5F, 0xA7, 0x4F, 0x4E, 0x93, 0xBE,
    0xF0, 0x12, 0xD2, 0xB9, 0xE8, 0xA5, 0xCB, 0xF3, 0x47, 0xE7, 0x4C, 0x3A, 0x1A, 0x92, 0x0A, 0xD9,
    0x9C, 0xD6, 0x70, 0x2E, 0xAB, 0x91, 0xA7, 0x02, 0xBC, 0x1D, 0x0D, 0xFB, 0x0D, 0x64, 0xD4, 0xFC,
    0xF5, 0xEC, 0x7F, 0x60, 0x9D, 0x5E, 0x34, 0x6D, 0xF3, 0x9F, 0xD0, 0x0C, 0xD6, 0x6B, 0x30, 0x8F,
    0x86, 0x1C, 0x8E, 0xC6, 0x66, 0xB9, 0x20, 0x6A, 0x32, 0x26, 0x60, 0x92, 0x25, 0x5A, 0x72, 0x25,
    0x54, 0x92, 0xB4, 0xAF, 0x28, 0x94, 0x9D, 0x01, 0xCC, 0xDA, 0xF7, 0x50, 0x86, 0x23, 0xDC, 0xFB,
    0xE0, 0x08, 0xA1, 0xEC, 0x71, 0xD7, 0xB5, 0x60, 0x7A, 0x87, 0x41, 0x45, 0x7A, 0x79, 0xC3, 0x58,
    0x86, 0x7D, 0x8F, 0xF3, 0x7A, 0x90, 0x06, 0x0F, 0x06, 0x99, 0x60, 0xC7, 0x2D, 0x28, 0x07, 0x44,
    0x8B, 0xA7, 0x4A, 0xFD, 0x82, 0x0B, 0x27, 0x7F, 0x0F, 0x27, 0xD3, 0x6E, 0x61, 0x59, 0x56, 0xCD,
    0x47, 0x34, 0x5B, 0x41, 0xE3, 0xDD, 0x96, 0xBF, 0xD3, 0xDA, 0x9D, 0x1E, 0xFA, 0xBD, 0x6B, 0xCB,
    0x5E, 0x6B, 0xCF, 0x4E, 0x8D, 0x11, 0x2B, 0x56, 0xB1, 0xAD, 0x15, 0xDF, 0x3D, 0xF9, 0x90, 0x27,
    0xAF, 0xB2, 0x1C, 0x51, 0xF5, 0xA6, 0xF6, 0xA6, 0x39, 0x90, 0xB6, 0xD7, 0xB4, 0x36, 0x0E, 0x4A,
    0xF5, 0xF6, 0x57, 0xC6, 0x8F, 0x97, 0xF0, 0x47, 0x38, 0xC6, 0x80, 0x6B, 0x71, 0x40, 0xFE, 0xC8,
    0x6B, 0x8D, 0x7E, 0x85, 0xE5, 0x3F, 0x1F, 0xBF, 0x5D, 0xB3, 0xF1, 0x31, 0xF1, 0xB6, 0xAC, 0xE4,
    0xE1, 0xDF, 0x42, 0x32, 0x8F, 0x0B, 0xEA, 0x0F, 0x8C, 0x6A, 0x2C, 0xCC, 0x1C, 0xFF, 0x7E, 0x95,
    0x65, 0xBC, 0x69, 0xEB, 0xD2, 0x54, 0xDF, 0x56, 0x2D, 0x87, 0x7F, 0x0B, 0xA9, 0x0C, 0xCB, 0xF7,
    0x67, 0x95, 0x4D, 0x50, 0xCA, 0xCE, 0xC2, 0xFA, 0x59, 0x75, 0x9E, 0xF5, 0x9A, 0xE5, 0xBC, 0x8B,
    0x34, 0x68, 0x21, 0x9B, 0x4E, 0xDF, 0xEE, 0xBC, 0xFE, 0xCB, 0x6B, 0xFD, 0x57, 0x58, 0x30, 0x92,
    0x45, 0x7B, 0x80, 0x48, 0xB4, 0x5C, 0x5A, 0x2C, 0xCD, 0x59, 0x29, 0x3D, 0x72, 0x1E, 0xB7, 0xF9,
    0x91, 0xC9, 0x6C, 0x24, 0x93, 0xD1, 0x72, 0x9A, 0x0C, 0xCC, 0x2D, 0x73, 0x98, 0x6C, 0x75, 0xB0,
    0xDC, 0x26, 0xBD, 0xE5, 0x38, 0x55, 0xED, 0xEC, 0x1A, 0xE9, 0x06, 0xCB, 0xBD, 0x85, 0xD5, 0xED,
    0x5A, 0xA9, 0xB4, 0x55, 0xEB, 0xA5, 0x54, 0x95, 0x5D, 0xDB, 0xA8, 0xD6, 0x56, 0xAA, 0xB2, 0xBA,
    0x08, 0x81, 0x5E, 0x7B, 0x00, 0xCE, 0xEF, 0xA2, 0x89, 0xE1, 0x59, 0x89, 0xC6, 0x78, 0x64, 0x89,
    0x75, 0xD1, 0xAC, 0xA5, 0xDE, 0x5C, 0xF7, 0xAC, 0xDE, 0x5C, 0x6A, 0xA8, 0xB7, 0x33, 0x65, 0xAB,
    0xE4, 0x63, 0x51, 0x1F, 0x44, 0xA2, 0xE7, 0x76, 0x5D, 0x13, 0x09, 0x45, 0xAC, 0x0B, 0x17, 0x59,
    0x1B, 0x6E, 0x69, 0x7D, 0xD0, 0x77, 0x37, 0x9D, 0x1B, 0x35, 0x87, 0xB1, 0x5A, 0x1F, 0xD1, 0x72,
    0xA2, 0x53, 0xC7, 0xBD, 0x5A, 0x7E, 0x61, 0xA5, 0xB6, 0x44, 0x6A, 0xB6, 0x53, 0x90, 0x59, 0xAB,
    0x2C, 0x9D, 0x47, 0x24, 0x6A, 0x0B, 0xE9, 0x72, 0xAF, 0x75, 0x45, 0x6B, 0x93, 0xD5, 0xA7, 0x88,
    0xB5, 0xC9, 0x71, 0x02, 0x98, 0x73, 0x15, 0xEB, 0x2A, 0x36, 0x6D, 0xE1, 0x3A, 0x7D, 0xC6, 0x4E,
    0xB2, 0xA5, 0x61, 0xC3, 0x97, 0x27, 0x61, 0xD3, 0x57, 0x9B, 0xD5, 0xC7, 0xD8, 0x4F, 0x16, 0x5D,
    0x4D, 0xE5, 0xE1, 0xBA, 0x93, 0x42, 0xD6, 0x60, 0xB6, 0x59, 0x1B, 0xDC, 0x12, 0xB3, 0xC3, 0x3A,
    0xAB, 0x4C, 0x69, 0xD5, 0x49, 0xE6, 0x22, 0x73, 0x90, 0xB9, 0xC7, 0x9C, 0x63, 0xAE, 0x31, 0xC7,
    0xC4, 0x35, 0x5D, 0x55, 0x95, 0xAC, 0x72, 0x1B, 0xA8, 0x9D, 0xF5, 0x35, 0x65, 0x84, 0xE2, 0x17,
    0x81, 0x43, 0x6A, 0xB5, 0x9B, 0x37, 0x2D, 0xB4, 0xE8, 0x18, 0xFF, 0xBB, 0x09, 0x28, 0xFE, 0x75,
    0xD2, 0x58, 0xDC, 0x3D, 0xEC, 0xA6, 0x6F, 0x69, 0x26, 0x15, 0x05, 0x97, 0xBF, 0x85, 0xF5, 0x79,
    0x6A, 0xC2, 0x62, 0xC8, 0x98, 0x88, 0x49, 0x58, 0xD1, 0x2E, 0x26, 0xA7, 0xA9, 0x17, 0xB8, 0x64,
    0x6B, 0xE6, 0xD6, 0xF2, 0x24, 0xFB, 0x8A, 0xD6, 0x95, 0x63, 0xF4, 0x60, 0x4F, 0xC7, 0xAE, 0x8E,
    0xC1, 0x4E, 0xB6, 0xC0, 0x44, 0x26, 0x9D, 0xCE, 0xC4, 0xCD, 0xC0, 0xE9, 0x42, 0x59, 0x71, 0x32,
    0x73, 0x9F, 0xB0, 0x92, 0x40, 0x5A, 0xCE, 0x13, 0x57, 0x09, 0x95, 0x68, 0x20, 0x30, 0xCB, 0x48,
    0xC8, 0x2B, 0x22, 0x6B, 0x28, 0xBF, 0x11, 0xAF, 0xF2, 0x9F, 0x8F, 0xD8, 0x27, 0xCF, 0x24, 0x59,
    0x0C, 0x84, 0x5B, 0xB4, 0xA4, 0x5E, 0xD6, 0xD1, 0x44, 0x59, 0x6A, 0xB3, 0x85, 0x27, 0x0D, 0xAB,
    0xD8, 0x53, 0x4B, 0xA1, 0x0B, 0x62, 0x15, 0x4E, 0x0B, 0xB8, 0x36, 0x91, 0x90, 0x88, 0xD4, 0x38,
    0x95, 0xB2, 0x1A, 0xAB, 0x7F, 0xE0, 0x4C, 0x32, 0x4F, 0x71, 0xD5, 0xEE, 0xC2, 0xE3, 0x1D, 0x93,
    0x98, 0x36, 0xA3, 0x7D, 0xC0, 0xD3, 0x69, 0xB5, 0xD1, 0xB8, 0x63, 0x77, 0x67, 0x97, 0x66, 0x43,
    0x26, 0xDD, 0x33, 0x7B, 0x51, 0x6E, 0xAB, 0x13, 0xB4, 0x57, 0xEA, 0xD2, 0x5A, 0x7D, 0x71, 0x85,
    0x7E, 0x08, 0x6A, 0x7F, 0xEE, 0xA1, 0x78, 0x6B, 0x92, 0xED, 0xD4, 0xFE, 0xA4, 0xB7, 0x8A, 0xA1,
    0x96, 0x2D, 0x79, 0xA3, 0x85, 0xD7, 0xF6, 0xD1, 0x69, 0xB3, 0x4C, 0x75, 0x2A, 0xD9, 0x16, 0x33,
    0x4A, 0xE9, 0x36, 0x82, 0xFD, 0x74, 0x4C, 0x2B, 0xB4, 0xCD, 0xCE, 0x8A, 0xE9, 0xC6, 0xE9, 0xB5,
    0xB8, 0xC8, 0xCF, 0x25, 0xA0, 0x91, 0x3F, 0x13, 0x3E, 0x44, 0x1A, 0x34, 0x6F, 0x8C, 0x33, 0xB6,
    0xEF, 0x32, 0x6F, 0xF7, 0xD4, 0xFE, 0x8C, 0x4E, 0xF9, 0x55, 0xAD, 0x56, 0x38, 0x5E, 0xFE, 0xDB,
    0x67, 0xE5, 0x4D, 0x96, 0xBC, 0x5D, 0x67, 0xDE, 0x1A, 0x59, 0x23, 0xA6, 0x3B, 0xAD, 0x27, 0xEB,
    0xAC, 0x49, 0xAF, 0xCB, 0xB8, 0xFD, 0xA1, 0x9D, 0xF6, 0xA7, 0xEB, 0x52, 0xFB, 0x65, 0x8D, 0x70,
    0xF8, 0xCC, 0x46, 0xD8, 0x9D, 0x6E, 0x84, 0xB4, 0xCC, 0xAB, 0xD9, 0x77, 0xD8, 0x57, 0xFE, 0x25,
    0x1A, 0x62, 0x11, 0x8E, 0x46, 0xC2, 0xCE, 0x49, 0x10, 0x6B, 0xFE, 0x7F, 0x2D, 0x23, 0x63, 0x90,
    0x61, 0x5B, 0x25, 0xEE, 0xD3, 0xD1, 0x6C, 0x52, 0xAE, 0xE6, 0x25, 0xA6, 0x68, 0xA9, 0x1D, 0xB7,
    0xAC, 0x4E, 0xB8, 0x89, 0xB7, 0xD9, 0x31, 0xB0, 0x3E, 0xF0, 0x48, 0x02, 0x0F, 0x36, 0xC6, 0x4C,
    0x8F, 0x2F, 0x3C, 0x6E, 0x7E, 0x65, 0xE9, 0xEC, 0x26, 0x73, 0xF7, 0xBC, 0x63, 0x6F, 0xD2, 0xDE,
    0x5B, 0xD7, 0xEB, 0xD1, 0xB9, 0x73, 0x5B, 0x52, 0xC4, 0x41, 0xD6, 0xE0, 0x44, 0xFA, 0xF1, 0xCB,
    0xCC, 0xE2, 0x8D, 0xB3, 0x6A, 0xDE, 0x27, 0xCA, 0x36, 0x0E, 0xD6, 0xA3, 0x29, 0xDB, 0xA4, 0xD5,
    0x37, 0xA6, 0x5E, 0x6D, 0x76, 0x6E, 0x6C, 0x23, 0x10, 0x13, 0x0B, 0x46, 0x50, 0x4A, 0x2A, 0x57,
    0x4C, 0xA5, 0x9A, 0x6B, 0x0A, 0xEB, 0x48, 0x49, 0x7D, 0xA0, 0xE6, 0xEE, 0x5E, 0xDF, 0xCF, 0xDE,
    0xF6, 0xAC, 0xBE, 0xBF, 0x7E, 0x79, 0xDF, 0x4F, 0x78, 0xA4, 0x47, 0x7C, 0xE4, 0xF7, 0x7F, 0xA8,
    0x78, 0x6F, 0x10, 0xCE, 0x86, 0x58, 0xA4, 0xA2, 0xAD, 0x15, 0xCE, 0x2D, 0x62, 0xB9, 0xF4, 0x3A,
    0xE0, 0x58, 0x7F, 0xBC, 0x35, 0x03, 0x94, 0x8B, 0x99, 0x33, 0xE0, 0x44, 0x0A, 0x87, 0x4F, 0x9D,
    0x37, 0x3A, 0xC9, 0x2B, 0x5B, 0xE4, 0x35, 0x67, 0x79, 0x6F, 0xBC, 0x46, 0x38, 0xBF, 0xBD, 0xFB,
    0x7C, 0xFF, 0xA6, 0x93, 0x1A, 0x88, 0x38, 0x53, 0xC9, 0xAD, 0xF3, 0xBF, 0xA3, 0xBE, 0xBA, 0xF4,
    0x6A, 0x5A, 0xE5, 0xB7, 0x74, 0x76, 0x90, 0x0F, 0x28, 0x07, 0xF5, 0x48, 0x12, 0xF4, 0x5F, 0x1A,
    0xB4, 0xEC, 0xD9, 0x7F, 0x29, 0xA9, 0x66, 0xB8, 0x2C, 0xBE, 0x94, 0xFA, 0x98, 0x53, 0xDA, 0x75,
    0x56, 0x7B, 0x9F, 0x1D, 0xF6, 0xA8, 0x08, 0x13, 0xFD, 0x40, 0xDF, 0x88, 0xDF, 0x19, 0x5D, 0x78,
    0x03, 0x16, 0xC4, 0xEB, 0x68, 0xC7, 0xDA, 0xB5, 0xDE, 0x76, 0x3A, 0xE5, 0x3A, 0x41, 0xD7, 0xC9,
    0x3B, 0x17, 0x16, 0x03, 0xA7, 0xC7, 0x5A, 0xAA, 0x48, 0xFC, 0x12, 0x13, 0x6C, 0x01, 0xAE, 0xF8,
    0x02, 0x3F, 0x21, 0xF9, 0xC5, 0xC0, 0x4E, 0x36, 0xF9, 0xD9, 0xC8, 0x6E, 0x25, 0xFD, 0xC7, 0x99,
    0xDD, 0x48, 0x56, 0x4B, 0xA5, 0x91, 0x57, 0xA7, 0xD1, 0x47, 0xEE, 0xA5, 0x2C, 0x5B, 0x04, 0x55,
    0x17, 0xB4, 0x85, 0xE7, 0xC8, 0x06, 0x5D, 0x5D, 0x5C, 0x45, 0x32, 0xC6, 0xAD, 0x7E, 0x54, 0x24,
    0x49, 0xCB, 0x8F, 0x92, 0x1F, 0x78, 0xEA, 0x46, 0xC7, 0xDC, 0x1B, 0x3A, 0xED, 0xAA, 0xF9, 0x91,
    0x4E, 0x2A, 0x70, 0x74, 0x5E, 0x34, 0x11, 0xFA, 0x8D, 0x9E, 0x2E, 0xF5, 0xDA, 0x0C, 0x6C, 0xA4,
    0x7E, 0x5E, 0xB0, 0x7B, 0x6B, 0xE1, 0x93, 0x7E, 0x6D, 0xF4, 0x65, 0x75, 0x2A, 0x28, 0xFC, 0x06,
    0xED, 0x77, 0x34, 0xFC, 0x71, 0x99, 0xE1, 0x8F, 0xE6, 0x09, 0x1A, 0xD0, 0x23, 0x80, 0xFB, 0x5C,
    0xE1, 0x8F, 0xC8, 0xEC, 0x00, 0x6C, 0xF6, 0xC2, 0x1F, 0x69, 0x6F, 0xE1, 0x8F, 0xCA, 0xC2, 0x1F,
    0x5F, 0x27, 0xBA, 0xA7, 0x52, 0x30, 0x49, 0x46, 0xD3, 0x78, 0x51, 0x0C, 0x6B, 0xA7, 0xBE, 0x6E,
    0x88, 0xFD, 0x32, 0xD8, 0xFF, 0xBE, 0x09, 0x58, 0x49, 0x7B, 0xF4, 0xE2, 0xC3, 0x10, 0x3E, 0x55,
    0x5C, 0x77, 0x69, 0xD9, 0x1E, 0x31, 0x4D, 0x9B, 0x6D, 0x7B, 0xAA, 0xBF, 0xCE, 0xED, 0x28, 0xF5,
    0xB9, 0xAD, 0x03, 0xD4, 0x3E, 0x61, 0x10, 0x47, 0xC8, 0xE7, 0xAA, 0x39, 0xF0, 0x4B, 0xF1, 0x62,
    0x30, 0x87, 0xEC, 0xD4, 0xB4, 0x61, 0xAD, 0x65, 0x69, 0xBD, 0xE4, 0xA7, 0xF8, 0xCC, 0xFC, 0xD0,
    0x32, 0x3F, 0xEE, 0xF3, 0x06, 0x34, 0x21, 0x48, 0xD7, 0x80, 0xE6, 0xD7, 0xA6, 0x45, 0xDF, 0x5C,
    0x1F, 0x3A, 0x33, 0x8D, 0x86, 0x8F, 0x4C, 0x6D, 0x0B, 0x12, 0x5F, 0x4D, 0x3B, 0x6A, 0x29, 0x35,
    0x35, 0x7B, 0x4C, 0xD9, 0x65, 0xFD, 0x3F, 0x2F, 0xB0, 0xEE, 0x16, 0xCA, 0x1B, 0xDA, 0x07, 0x9F,
    0xDB, 0xF7, 0x01, 0x91, 0xA8, 0x2D, 0xA4, 0x4B, 0x83, 0x8E, 0xE0, 0xF6, 0xE5, 0x59, 0xAB, 0xD6,
    0x71, 0xA5, 0xEE, 0x18, 0x13, 0x2B, 0xF4, 0xAA, 0xBF, 0x05, 0x8B, 0x41, 0x5A, 0x10, 0x72, 0xDD,
    0x5E, 0x16, 0x89, 0xF8, 0x97, 0x6E, 0x4E, 0x7D, 0x2A, 0x9E, 0xD1, 0x03, 0xC7, 0x15, 0x1F, 0xE2,
    0x89, 0x39, 0x82, 0xD8, 0xFC, 0x61, 0x53, 0xDB, 0xF2, 0xC9, 0x27, 0xBD, 0x4A, 0x9B, 0x71, 0x12,
    0xD1, 0x71, 0x0C, 0xC9, 0xBB, 0xBC, 0xA5, 0x94, 0x7E, 0x95, 0x62, 0x91, 0x96, 0x52, 0x7A, 0x93,
    0x9A, 0xB2, 0x01, 0x85, 0xC1, 0x1A, 0x2D, 0xAE, 0xB3, 0x39, 0x6E, 0xA6, 0x8E, 0x6E, 0xE9, 0x94,
    0x52, 0xBF, 0xB9, 0x62, 0x65, 0xB6, 0xC7, 0x4D, 0x36, 0xDF, 0xD0, 0x88, 0xF1, 0x89, 0xBA, 0x70,
    0x06, 0xF6, 0x37, 0x54, 0x58, 0x54, 0xE4, 0x5E, 0x2C, 0x1A, 0xA4, 0x6B, 0xAA, 0xD4, 0xA3, 0xF4,
    0xAE, 0x42, 0xE1, 0x73, 0x85, 0x5C, 0x28, 0xA5, 0x72, 0x35, 0x15, 0x5C, 0x55, 0xD6, 0xC8, 0x35,
    0x1F, 0xC7, 0xBA, 0x18, 0xBF, 0x67, 0xF5, 0x49, 0x97, 0xE0, 0xC0, 0xF5, 0x7E, 0xEF, 0xD1, 0x7D,
    0x4C, 0xD6, 0x63, 0xBA, 0x3C, 0xBA, 0xAF, 0x54, 0x2E, 0x0F, 0x38, 0x70, 0x90, 0x16, 0xB2, 0x56,
    0x46, 0x49, 0x5B, 0x00, 0xB1, 0xE2, 0xC3, 0xA6, 0x3D, 0x07, 0xAE, 0xA9, 0xBF, 0x61, 0xE3, 0xC4,
    0xA8, 0x92, 0xBF, 0xCF, 0xAB, 0x85, 0x75, 0x56, 0xC7, 0xB6, 0xDA, 0xFA, 0x7E, 0x52, 0x83, 0xE9,
    0xD0, 0x29, 0xE3, 0x8A, 0x16, 0xE8, 0xBE, 0x36, 0xD4, 0x4F, 0x33, 0x0F, 0x0C, 0xDA, 0x4C, 0x83,
    0x03, 0x22, 0xFF, 0x2D, 0x30, 0xBD, 0x76, 0xDE, 0x51, 0x23, 0x9A, 0x02, 0x99, 0x69, 0xEA, 0x15,
    0x5B, 0xAE, 0x32, 0x22, 0x6B, 0xAD, 0x2B, 0xBE, 0x61, 0xF0, 0x82, 0xF6, 0xA8, 0xF7, 0x61, 0x41,
    0xF2, 0xB7, 0x0C, 0x61, 0x0B, 0x96, 0x76, 0x39, 0x33, 0x90, 0x1E, 0x1E, 0xAE, 0xE3, 0x59, 0xE2,
    0x41, 0x9C, 0x85, 0xF6, 0x2D, 0x05, 0x89, 0x8A, 0xD4, 0x30, 0x9A, 0x95, 0xAB, 0x96, 0x33, 0xA4,
    0x80, 0x31, 0xB5, 0xB3, 0x6D, 0x8C, 0x87, 0x67, 0xB7, 0xB0, 0xFD, 0xF8, 0x89, 0xEB, 0x88, 0x8E,
    0x98, 0x81, 0x23, 0x92, 0xD6, 0xB3, 0xA0, 0xB0, 0x33, 0x0D, 0x00, 0xB7, 0xC9, 0x04, 0x94, 0x23,
    0xE7, 0x19, 0x52, 0x47, 0xA2, 0x5D, 0x2C, 0x37, 0x0B, 0x68, 0x9A, 0x9E, 0x17, 0x77, 0x20, 0xCE,
    0xA8, 0x21, 0xD1, 0x21, 0x7F, 0x34, 0x28, 0xD4, 0xF9, 0x26, 0x26, 0x72, 0x0D, 0x68, 0xA0, 0x68,
    0x3B, 0x6C, 0x40, 0xBA, 0xCF, 0x54, 0x01, 0x6B, 0xD0, 0x4E, 0x19, 0xD7, 0xC5, 0x6D, 0x28, 0xE1,
    0x3F, 0xED, 0x41, 0xD5, 0x2A, 0xA5, 0xB0, 0x5B, 0x55, 0x5D, 0x69, 0xA9, 0x7A, 0xFD, 0xF7, 0x0D,
    0xA5, 0xDE, 0xB4, 0x78, 0x4F, 0xC1, 0xFF, 0x47, 0x1F, 0x05, 0x65, 0xFF, 0xBE, 0x34, 0x35, 0xF1,
    0x17, 0x8F, 0x77, 0xE7, 0x57, 0x24, 0x6B, 0x45, 0x23, 0x53, 0x8A, 0xF3, 0x67, 0xAF, 0x3E, 0x48,
    0x74, 0xAE, 0x54, 0x4E, 0x44, 0x31, 0xCC, 0x48, 0xB5, 0xFC, 0xD3, 0xB2, 0xC9, 0x9A, 0xC5, 0x4E,
    0x54, 0x2A, 0x24, 0xC3, 0x2A, 0xB6, 0x8E, 0x15, 0xF5, 0x14, 0x6F, 0x76, 0xC1, 0x2A, 0x6A, 0xC7,
    0xC6, 0xED, 0x9E, 0x34, 0x93, 0xB9, 0xA8, 0x37, 0xEF, 0x8D, 0x94, 0x78, 0x09, 0x59, 0xCE, 0x7B,
    0x21, 0xCB, 0xA6, 0xDA, 0x0D, 0x59, 0xAE, 0x91, 0x4B, 0x3E, 0x6C, 0x0D, 0x4B, 0xC8, 0x52, 0x43,
    0xF0, 0xA9, 0xC8, 0xB2, 0x0B, 0x93, 0xB8, 0xCC, 0x8D, 0xF1, 0xC0, 0x11, 0x8A, 0xD7, 0xD7, 0xF9,
    0x2D, 0x27, 0x46, 0xED, 0xB3, 0x79, 0x88, 0xF4, 0x68, 0x9E, 0xE8, 0x96, 0xEA, 0x21, 0xEE, 0xE1,
    0x42, 0x12, 0xE0, 0xDA, 0x0B, 0xBF, 0x2F, 0xCE, 0xBB, 0x39, 0xB5, 0x9C, 0x55, 0xF7, 0xA8, 0x39,
    0x38, 0x56, 0xFB, 0x29, 0xAB, 0x28, 0x85, 0xDF, 0x8B, 0xF2, 0x7A, 0x13, 0x5A, 0x7C, 0xDF, 0xE4,
    0x9D, 0xD7, 0xCC, 0x71, 0x2F, 0xEC, 0xC4, 0x2A, 0x4A, 0x52, 0x88, 0xF4, 0x2C, 0x6E, 0xB7, 0x79,
    0x7D, 0x63, 0x5D, 0x0B, 0xAC, 0x4B, 0x01, 0xAE, 0x04, 0xD6, 0x85, 0x80, 0xAB, 0x0F, 0xBE, 0x46,
    0xF7, 0xA9, 0x47, 0x3C, 0x16, 0xCF, 0x8C, 0x70, 0x67, 0xF1, 0xB0, 0x8D, 0xBA, 0x47, 0xAF, 0xDB,
    0x09, 0xC7, 0xB4, 0xF7, 0x5F, 0x58, 0xB2, 0xFB, 0x33, 0xFB, 0x8A, 0x0B, 0x72, 0x3B, 0x00, 0xCD,
    0xA3, 0x39, 0x20, 0x19, 0x94, 0xBF, 0x6B, 0xB9, 0xD5, 0x40, 0x73, 0xAF, 0xA5, 0xC7, 0xC8, 0x11,
    0xEA, 0x88, 0xE7, 0xEF, 0xA1, 0xEC, 0xD6, 0xDF, 0x2B, 0x65, 0x7C, 0x8C, 0x14, 0x8B, 0x30, 0x83,
    0xC2, 0x6B, 0x8D, 0xD4, 0xBC, 0x66, 0xB7, 0x85, 0x23, 0xBD, 0xAD, 0xBF, 0xC6, 0x4C, 0x68, 0x11,
    0x92, 0xA0, 0x45, 0x4A, 0x83, 0xE3, 0xA3, 0x3E, 0xED, 0x94, 0x8B, 0x3A, 0x15, 0x45, 0x9D, 0x3C,
    0x95, 0xA6, 0x47, 0x1C, 0xAE, 0x3F, 0x5E, 0xC3, 0xAA, 0xE3, 0xB6, 0x2B, 0x48, 0x03, 0x39, 0xB0,
    0x2E, 0xEF, 0xA6, 0x6C, 0xFE, 0x73, 0x9D, 0x56, 0x4D, 0x88, 0x7A, 0x9D, 0xEA, 0x76, 0x28, 0xD4,
    0x64, 0x9C, 0xF4, 0x22, 0x9E, 0x95, 0x19, 0x37, 0x84, 0x5D, 0x26, 0x9B, 0xEB, 0x93, 0xB6, 0x01,
    0xC1, 0x5D, 0x85, 0x78, 0x43, 0x0D, 0x77, 0x27, 0x15, 0x6D, 0x34, 0xC0, 0x89, 0x3E, 0xF7, 0x2C,
    0x66, 0x9C, 0xFA, 0xE9, 0x9D, 0x39, 0x2E, 0x65, 0xF5, 0xE4, 0xAF, 0xEF, 0xF8, 0xF3, 0xBB, 0x43,
    0x40, 0x18, 0x61, 0x5B, 0xE3, 0x9A, 0x5E, 0x49, 0xF1, 0x91, 0x91, 0xF0, 0xA1, 0xE0, 0xEB, 0x45,
    0xF8, 0x15, 0x43, 0x22, 0x8A, 0x64, 0x43, 0x24, 0xEF, 0xA9, 0x41, 0x43, 0xBF, 0xDE, 0xE9, 0x77,
    0x16, 0x6A, 0x1F, 0xB0, 0x49, 0xEA, 0x15, 0x27, 0x9D, 0x3D, 0x98, 0x7C, 0xC5, 0x68, 0x64, 0x8B,
    0x26, 0xC3, 0xF6, 0xC9, 0xE5, 0x1F, 0xCF, 0xEB, 0x8F, 0x88, 0xD5, 0x5D, 0xC7, 0xFB, 0x9B, 0x3F,
    0x62, 0x76, 0x90, 0xEC, 0x1F, 0xD9, 0x3D, 0x9A, 0x23, 0xD9, 0x39, 0x1E, 0x42, 0xFD, 0x4B, 0x3A,
    0x57, 0x21, 0xED, 0x37, 0xB5, 0x36, 0x9E, 0x6D, 0xDE, 0xF3, 0xEA, 0xB5, 0x57, 0x3D, 0xD1, 0x54,
    0x25, 0xF2, 0x44, 0xEE, 0x88, 0xCF, 0x7A, 0xCC, 0x3A, 0xFF, 0xAD, 0xA2, 0x09, 0x69, 0x77, 0x43,
    0x79, 0x44, 0xE1, 0x4F, 0x54, 0xD0, 0x6D, 0xA3, 0x1E, 0xCA, 0x6C, 0x0D, 0xE1, 0x23, 0x0B, 0xBB,
    0xE2, 0x16, 0xE9, 0x28, 0x79, 0x6B, 0xE2, 0x29, 0x85, 0x49, 0xB9, 0x48, 0x4D, 0xD9, 0x54, 0xBB,
    0xD2, 0xD0, 0x42, 0xD4, 0x30, 0x9E, 0x41, 0xCA, 0x81, 0x77, 0xB0, 0x50, 0x48, 0xEC, 0xDD, 0x6E,
    0xA2, 0x7C, 0x53, 0x6F, 0x59, 0x5D, 0x9C, 0x51, 0x2A, 0xC7, 0x8B, 0xCB, 0xBA, 0xF5, 0x7A, 0xB7,
    0x8E, 0xB3, 0x9E, 0x0D, 0xDC, 0x9E, 0x08, 0xE9, 0x51, 0x21, 0x13, 0xF1, 0x99, 0x9C, 0xD4, 0x3A,
    0x36, 0xF0, 0xB8, 0xCF, 0x6E, 0xD4, 0x8E, 0x61, 0x7D, 0xD0, 0x94, 0x84, 0x53, 0x0F, 0x9A, 0x7E,
    0xFB, 0x09, 0x52, 0x69, 0x39, 0x46, 0x46, 0xAD, 0x6D, 0x2B, 0xBC, 0xD8, 0xA8, 0x9F, 0x3D, 0xF3,
    0xF8, 0x4E, 0xE6, 0xD1, 0x08, 0x50, 0x58, 0xA6, 0xDB, 0x1C, 0xAC, 0x15, 0x9B, 0x4A, 0x85, 0xFE,
    0x05, 0x58, 0xA0, 0xD3, 0x3E, 0x06, 0x0E, 0xCF, 0x27, 0xC0, 0x95, 0x85, 0xDC, 0xA7, 0xA4, 0x96,
    0x22, 0xA0, 0x88, 0x3C, 0x6E, 0xAD, 0x4C, 0x0B, 0x11, 0x14, 0xF3, 0x09, 0x62, 0xE5, 0x79, 0x9A,
    0x69, 0x47, 0xA6, 0xBB, 0x0F, 0xEE, 0x78, 0xD0, 0x4D, 0xFF, 0xDE, 0x22, 0x97, 0x0A, 0xD9, 0xC3,
    0x2F, 0x80, 0xA5, 0xFD, 0x4C, 0x2C, 0xDF, 0xBD, 0xF3, 0xE4, 0x23, 0xC6, 0x92, 0x64, 0x7C, 0x11,
    0x4B, 0xF1, 0x4A, 0xB1, 0x00, 0xA9, 0xF5, 0x58, 0x9F, 0x07, 0xC5, 0x8F, 0x9F, 0x7C, 0xC8, 0x77,
    0x9E, 0x46, 0x91, 0x9F, 0x81, 0x42, 0xDF, 0x95, 0xA9, 0xB8, 0xD1, 0xA9, 0x5C, 0xCD, 0x29, 0x57,
    0xDC, 0xAC, 0xF2, 0x6D, 0xFD, 0xC8, 0xFD, 0x54, 0x72, 0x9B, 0xA9, 0xB7, 0x5D, 0xA6, 0x75, 0x22,
    0x44, 0xC3, 0xFD, 0xA5, 0x81, 0xAC, 0x92, 0x8E, 0xAC, 0x92, 0xD6, 0xC4, 0x13, 0x59, 0xEA, 0x89,
    0x2C, 0xAB, 0xC1, 0xBE, 0xAB, 0x22, 0xAB, 0xAD, 0x18, 0xB2, 0xDC, 0x58, 0x5D, 0x35, 0x56, 0xC7,
    0xAB, 0xD4, 0x16, 0x17, 0xAC, 0xB5, 0x4E, 0x10, 0x59, 0xCF, 0xBF, 0xA2, 0xC0, 0x5B, 0x92, 0x16,
    0x28, 0x3A, 0x36, 0x5B, 0x37, 0xBD, 0xAF, 0x60, 0x12, 0x31, 0x68, 0xD7, 0xB5, 0x1B, 0x53, 0x30,
    0xE9, 0xBA, 0x59, 0xB3, 0xC2, 0xBB, 0xDC, 0xAC, 0xA9, 0xB4, 0xD6, 0x12, 0x8D, 0x91, 0x74, 0x85,
    0x9A, 0x64, 0x40, 0xDE, 0xC6, 0x03, 0x9C, 0xD7, 0x09, 0xA1, 0x4F, 0x02, 0x72, 0x9A, 0x3A, 0x0D,
    0x28, 0xAA, 0xB4, 0x43, 0xA9, 0x3C, 0x4B, 0xC6, 0x02, 0xD5, 0x3C, 0x50, 0x33, 0xEB, 0x9D, 0xCF,
    0x4C, 0xFB, 0xB6, 0xF8, 0x6C, 0x7E, 0x2C, 0x3E, 0x92, 0xBF, 0xAE, 0xC0, 0x64, 0xBF, 0xAB, 0xB4,
    0xCD, 0x3F, 0x07, 0xCE, 0x91, 0x9B, 0x3E, 0xE1, 0x64, 0x3A, 0x27, 0x70, 0x6F, 0xE2, 0x1B, 0x2A,
    0xAE, 0xBA, 0x4A, 0xB1, 0xE0, 0x53, 0xFA, 0x74, 0x89, 0x8D, 0xD4, 0x87, 0x4E, 0x93, 0x71, 0xBC,
    0xCC, 0xE7, 0x9A, 0x89, 0x9D, 0xD9, 0xC7, 0x39, 0xC1, 0xC5, 0xC5, 0x9A, 0xB2, 0x09, 0xB6, 0x68,
    0x5C, 0x86, 0x96, 0x4F, 0x4C, 0x78, 0x31, 0x7E, 0xDA, 0xAA, 0xE0, 0x41, 0x75, 0xB0, 0x8C, 0x71,
    0x41, 0x79, 0x96, 0x7A, 0xA9, 0xBF, 0x01, 0x44, 0xDD, 0x91, 0x4E, 0xED, 0xEE, 0x01, 0x91, 0x04,
    0xF6, 0xBE, 0xE7, 0x00, 0xFA, 0x46, 0xEA, 0x55, 0x06, 0xA7, 0x12, 0xF5, 0x79, 0x05, 0xC5, 0x95,
    0x1B, 0xE8, 0x2B, 0x94, 0x7A, 0x7F, 0x61, 0x85, 0xC3, 0xE5, 0x7D, 0x23, 0xF1, 0xC0, 0xE8, 0xB6,
    0x26, 0xB8, 0x0A, 0x51, 0xF7, 0x2E, 0x10, 0x7B, 0x9B, 0xFE, 0x9F, 0x4B, 0xED, 0x3E, 0x1C, 0x6A,
    0x52, 0xAD, 0x6B, 0x5D, 0xFD, 0xDC, 0x9D, 0x5D, 0x6A, 0xFD, 0x9E, 0x0C, 0x91, 0x45, 0x68, 0xA4,
    0xB6, 0x47, 0x56, 0xAF, 0x07, 0xE0, 0x4F, 0x1E, 0x6E, 0xE3, 0x56, 0xC7, 0x74, 0xE6, 0x73, 0x73,
    0x13, 0x15, 0x50, 0x72, 0x53, 0xE6, 0xBC, 0xC6, 0xB3, 0x2C, 0x0D, 0x26, 0xF6, 0x7C, 0xCE, 0x92,
    0x2E, 0x08, 0x98, 0xA2, 0x39, 0xB7, 0x33, 0x0B, 0xC9, 0x9C, 0x9D, 0x1A, 0x09, 0x4E, 0x44, 0x3D,
    0xB6, 0x91, 0xCE, 0xC9, 0x63, 0x75, 0x9A, 0x9B, 0x10, 0x4B, 0xAD, 0xDE, 0x72, 0x83, 0x45, 0x99,
    0x2C, 0x76, 0x24, 0xF4, 0x5E, 0xBA, 0x44, 0x97, 0xFC, 0x36, 0xEA, 0xE4, 0x2A, 0x9E, 0x49, 0x8D,
    0x1C, 0x7A, 0xA6, 0xEF, 0x3D, 0x86, 0xFA, 0x3C, 0x11, 0xAF, 0x45, 0x88, 0x26, 0x64, 0x8D, 0x47,
    0xAF, 0x59, 0x82, 0x2B, 0x3C, 0x1F, 0x0D, 0x09, 0xAE, 0xE6, 0x6D, 0xE2, 0x79, 0x76, 0x94, 0x5B,
    0x48, 0x4C, 0xD0, 0xBB, 0x8E, 0x08, 0x9A, 0xF7, 0x83, 0x0B, 0x57, 0x48, 0xFD, 0x07, 0xAD, 0x0B,
    0x47, 0x44, 0xFE, 0x37, 0x75, 0x16, 0x7A, 0x9E, 0xFD, 0x33, 0xD2, 0xDF, 0x06, 0x9E, 0xFD, 0x12,
    0x89, 0xF5, 0x94, 0xC5, 0x88, 0xC4, 0x1C, 0x54, 0x70, 0xA7, 0xAA, 0xA6, 0x3C, 0x20, 0x36, 0x64,
    0xAE, 0x5D, 0x9E, 0xF1, 0x2A, 0xFC, 0xA8, 0xC7, 0x7E, 0xDA, 0x5E, 0xC8, 0x67, 0x53, 0xD9, 0xB4,
    0x58, 0x7F, 0x11, 0x8C, 0x28, 0x64, 0x67, 0xE0, 0xDB, 0xCC, 0x68, 0xC6, 0x58, 0xBA, 0x8D, 0x6E,
    0xAE, 0x89, 0xE5, 0xB6, 0x53, 0xC7, 0xE3, 0x48, 0x2B, 0x72, 0xE1, 0xF1, 0x09, 0xD2, 0xA0, 0xF5,
    0xAF, 0x43, 0x12, 0xD0, 0xF8, 0xD8, 0x23, 0xE9, 0xA3, 0x5F, 0xB5, 0x69, 0x85, 0x78, 0x48, 0xFE,
    0x49, 0x0B, 0x19, 0x8D, 0xE9, 0x0F, 0xC3, 0xB7, 0x55, 0xDF, 0x4E, 0x82, 0xF6, 0x41, 0xE3, 0x7B,
    0x89, 0xEE, 0xEA, 0xC2, 0xF4, 0xBD, 0xA4, 0x57, 0x42, 0x0F, 0x42, 0xFC, 0xC4, 0xF3, 0xF1, 0x52,
    0x24, 0xD5, 0x1A, 0x90, 0xB3, 0xE7, 0xCA, 0x56, 0x65, 0xEF, 0xE1, 0xC5, 0xBD, 0xD0, 0x16, 0xB7,
    0xB1, 0xB5, 0xA7, 0x05, 0x3E, 0xEC, 0x97, 0xD5, 0x2F, 0xE4, 0x9F, 0x1B, 0x7B, 0xDB, 0x0D, 0x7F,
    0xB2, 0xE4, 0x53, 0xA9, 0xD9, 0x50, 0xC5, 0x5A, 0x84, 0xD0, 0xAD, 0x68, 0x6A, 0xA8, 0x13, 0x4A,
    0xCF, 0x86, 0x51, 0x74, 0x51, 0xE0, 0x47, 0xD2, 0x6D, 0x59, 0xEF, 0x2A, 0xA8, 0xC3, 0xAF, 0x18,
    0x2B, 0x6B, 0x3A, 0x12, 0x28, 0x8D, 0x3F, 0x3D, 0xC3, 0x5E, 0x45, 0x4C, 0x8C, 0x75, 0x34, 0x51,
    0x62, 0x93, 0x64, 0xA4, 0x64, 0x13, 0xA5, 0x11, 0xE2, 0x17, 0xCA, 0xEA, 0x2A, 0xF3, 0x53, 0xA4,
    0x4E, 0xA2, 0x87, 0xF6, 0x7F, 0xB1, 0xED, 0xC4, 0x17, 0xB3, 0x93, 0xBA, 0x78, 0x9C, 0x8C, 0x48,
    0x7D, 0x34, 0x6A, 0x41, 0x26, 0x8D, 0xA6, 0xCF, 0xDA, 0x4F, 0x34, 0xEC, 0x1E, 0xA2, 0x0E, 0x28,
    0xF5, 0x89, 0x77, 0xF1, 0xB7, 0xFA, 0x71, 0xBF, 0xE4, 0xFC, 0x5B, 0x4D, 0x78, 0xBE, 0x85, 0xAE,
    0xD6, 0x17, 0x9E, 0xB7, 0xC6, 0xE1, 0x79, 0x70, 0x77, 0xFF, 0x45, 0x56, 0xCC, 0x4B, 0x60, 0x4A,
    0xEB, 0xAC, 0x22, 0x25, 0xD6, 0x9A, 0x32, 0x30, 0xDA, 0x90, 0xDB, 0x5F, 0x19, 0x5F, 0x3B, 0x78,
    0xFE, 0xF9, 0xA2, 0xE5, 0xA2, 0x0F, 0xF6, 0x37, 0xEA, 0xA4, 0x1D, 0x45, 0x61, 0x9F, 0x91, 0x0A,
    0x2E, 0xFA, 0x80, 0xCD, 0x93, 0x93, 0x3B, 0xB3, 0x31, 0x75, 0x83, 0x11, 0x2D, 0xAD, 0x9F, 0x87,
    0xD4, 0x0C, 0x10, 0x27, 0xCC, 0x1B, 0x5F, 0x66, 0x22, 0xC9, 0xE5, 0x65, 0x9C, 0xF1, 0x72, 0x30,
    0x15, 0x4F, 0x61, 0xE3, 0xA7, 0x47, 0x3F, 0xFF, 0xCB, 0xB7, 0xF9, 0x32, 0x47, 0x25, 0xA1, 0x83,
    0xF9, 0x72, 0xF4, 0x00, 0x28, 0xE7, 0x93, 0x8F, 0x65, 0xE4, 0x2A, 0x53, 0x16, 0xB8, 0x11, 0x25,
    0xA1, 0xCD, 0xBA, 0x75, 0x95, 0x79, 0xEB, 0xCC, 0x1F, 0x41, 0xA7, 0x22, 0xA2, 0x01, 0xF7, 0x8F,
    0x27, 0xE0, 0x98, 0xF1, 0xDC, 0xBB, 0xDA, 0x51, 0x44, 0x1E, 0xCD, 0xCA, 0x2E, 0x0B, 0xEB, 0xC7,
    0xEC, 0x5C, 0x76, 0xDD, 0xBA, 0x6A, 0x9D, 0x81, 0xEF, 0x70, 0xCC, 0xBC, 0xAB, 0x97, 0xD3, 0x16,
    0xE5, 0xAF, 0x3F, 0x96, 0x4A, 0xF3, 0xB5, 0xE0, 0x88, 0x5B, 0x53, 0xD7, 0xEF, 0xE3, 0xC9, 0xFA,
    0xF5, 0xF5, 0xAF, 0xB1, 0x57, 0xAE, 0xD0, 0x4A, 0xB5, 0x66, 0xA9, 0xA9, 0x78, 0xFD, 0xCB, 0xF2,
    0x47, 0x9F, 0xB6, 0xD6, 0xC2, 0x72, 0x53, 0xD9, 0x78, 0x23, 0x3E, 0x51, 0x90, 0x7E, 0xAD, 0xFD,
    0xE1, 0x2A, 0xED, 0x38, 0xF3, 0x7F, 0x99, 0xD4, 0xFE, 0x6E, 0x54, 0x84, 0xD6, 0x8F, 0xDC, 0xFC,
    0x72, 0xFC, 0xC1, 0x31, 0xD4, 0xFD, 0xB0, 0xB5, 0xFF, 0x71, 0xC1, 0x36, 0x22, 0xF5, 0x99, 0x47,
    0x1C, 0xDE, 0xDE, 0xDB, 0x27, 0xDC, 0x6A, 0x46, 0xD5, 0x10, 0x44, 0xA9, 0xA6, 0x58, 0x1F, 0x43,
    0x9D, 0xFD, 0x03, 0x9A, 0xC5, 0x8C, 0x5B, 0x13, 0xA9, 0x49, 0xD4, 0x70, 0xCE, 0xC8, 0x2D, 0xB5,
    0xFF, 0x0B, 0xE5, 0x5A, 0x81, 0x87, 0x27, 0xD9, 0x76, 0xFE, 0xAA, 0xEE, 0xCB, 0x14, 0x53, 0xD9,
    0xBD, 0x8B, 0x80, 0x9D, 0xE8, 0x0A, 0x82, 0xE0, 0xCD, 0x54, 0xF0, 0xF0, 0xD0, 0x33, 0x75, 0x37,
    0x8B, 0x20, 0xF9, 0x4B, 0x02, 0x13, 0x2C, 0x16, 0xBD, 0x53, 0xB5, 0x0F, 0x02, 0xB0, 0xF2, 0x17,
    0x3C, 0x2C, 0xA4, 0x61, 0x06, 0x83, 0x0E, 0xDB, 0x5D, 0xD7, 0x2E, 0x82, 0x40, 0x79, 0x21, 0xC1,
    0xC3, 0x2B, 0xC9, 0x80, 0x45, 0xE6, 0x5A, 0x45, 0x6A, 0x66, 0xEA, 0x57, 0x37, 0xFB, 0x9D, 0x73,
    0xAB, 0xA7, 0x7A, 0xE6, 0xCD, 0x03, 0x6F, 0xC6, 0xB4, 0xBD, 0xA6, 0xEF, 0x77, 0xAA, 0xBB, 0xEA,
    0x77, 0xEF, 0xF9, 0xCE, 0x3D, 0xE7, 0x9C, 0xF3, 0xAB, 0x01, 0x47, 0x06, 0x19, 0xA6, 0x53, 0xF0,
    0x57, 0x60, 0x00, 0xB2, 0x3E, 0x7E, 0xEA, 0x81, 0xFA, 0x45, 0x8C, 0x1E, 0xD9, 0x01, 0x76, 0x05,
    0xCA, 0x11, 0xF9, 0x01, 0xA8, 0x1D, 0x10, 0x81, 0x0B, 0x00, 0x6D, 0x97, 0x2D, 0x00, 0x1A, 0x6F,
    0x26, 0xC2, 0x50, 0x06, 0x00, 0xF5, 0x68, 0x47, 0x00, 0xD5, 0x58, 0x0D, 0x02, 0x8D, 0x7F, 0x09,
    0x75, 0x82, 0x41, 0xA0, 0xF1, 0x0A, 0x9D, 0x40, 0x0B, 0x81, 0x15, 0x35, 0xD7, 0x5F, 0x60, 0x03,
    0x60, 0x26, 0x94, 0x13, 0x60, 0x07, 0x98, 0x05, 0x68, 0xB8, 0xB2, 0xCB, 0xB9, 0x64, 0xB5, 0xC6,
    0x01, 0xDC, 0xE6, 0x04, 0x1D, 0x7F, 0xC6, 0xE9, 0x98, 0xD3, 0x6D, 0x4E, 0x47, 0x3A, 0x65, 0x71,
    0xBA, 0x83, 0x2A, 0xC6, 0x05, 0x67, 0x79, 0x9C, 0xF2, 0x11, 0xBD, 0x2B, 0x3C, 0x1A, 0x6F, 0x1D,
    0x6A, 0x5F, 0x01, 0x95, 0xAF, 0x01, 0xEB, 0x9B, 0x97, 0x93, 0x83, 0x75, 0x4D, 0x87, 0x8A, 0x9B,
    0xB9, 0x8B, 0x6A, 0xC4, 0x19, 0xCA, 0x39, 0x1F, 0x91, 0xC7, 0xE8, 0x80, 0xFB, 0x13, 0xD2, 0xF8,
    0x59, 0x42, 0xFB, 0x26, 0x74, 0x4D, 0x9C, 0xD1, 0x1C, 0x2C, 0xEA, 0x38, 0xA1, 0x8E, 0x11, 0x26,
    0x02, 0xE6, 0x87, 0x59, 0x38, 0xCC, 0x47, 0x88, 0x46, 0xA4, 0xDA, 0xCC, 0x3B, 0xF4, 0x40, 0x31,
    0x01, 0x85, 0x07, 0x48, 0x66, 0xD9, 0x41, 0x78, 0xB0, 0x0E, 0xB0, 0xE3, 0x0E, 0x01, 0x90, 0xDE,
    0x8A, 0x64, 0x7A, 0xE0, 0x0E, 0x20, 0xEC, 0xDD, 0xDD, 0x63, 0xA7, 0x84, 0xB4, 0x1D, 0xF0, 0x0D,
    0xD1, 0x01, 0x93, 0x5E, 0x67, 0x41, 0xEF, 0x33, 0x83, 0xD8, 0x04, 0xB6, 0x03, 0x60, 0x0F, 0x9F,
    0xD0, 0xA6, 0x30, 0x31, 0xAA, 0x96, 0xF7, 0x57, 0x87, 0x57, 0xD4, 0xB5, 0x57, 0xA0, 0x74, 0x09,
    0x9A, 0x25, 0x8B, 0xCF, 0xAC, 0xAB, 0x7F, 0x04, 0x2A, 0x3A, 0xA3, 0xFA, 0xCD, 0x82, 0x7C, 0x86,
    0xF5, 0x40, 0x3E, 0x09, 0x98, 0x80, 0x2A, 0x41, 0x07, 0x14, 0x41, 0x8E, 0x51, 0x31, 0xA2, 0x01,
    0x50, 0x0E, 0x04, 0xDE, 0xD6, 0x2A, 0x5C, 0x28, 0xAC, 0x02, 0x46, 0x60, 0xF8, 0x30, 0x92, 0x93,
    0xF5, 0x19, 0x21, 0x8B, 0xBF, 0x72, 0x78, 0x7D, 0x98, 0xB1, 0xDC, 0x7E, 0x4D, 0x1A, 0xA9, 0xF8,
    0x76, 0x71, 0x88, 0x78, 0x39, 0xD2, 0xA1, 0xD1, 0x51, 0x39, 0xBC, 0x79, 0xD0, 0x70, 0x4F, 0xC8,
    0x59, 0x8C, 0x71, 0x45, 0x1D, 0x1F, 0xC6, 0x0E, 0x59, 0xFC, 0xFE, 0xB4, 0x9F, 0x61, 0x56, 0xD4,
    0x13, 0xCC, 0x08, 0x34, 0xE2, 0x17, 0xE6, 0x20, 0xD6, 0x89, 0x1D, 0x78, 0x40, 0x23, 0x8F, 0xA1,
    0x59, 0xD5, 0xCA, 0x6D, 0xF7, 0x11, 0x60, 0x67, 0x35, 0xB1, 0x1E, 0xF9, 0xB0, 0xBB, 0x88, 0xC9,
    0xE8, 0xF5, 0x40, 0xF2, 0xA1, 0x96, 0xE7, 0x85, 0x5D, 0xA8, 0xB9, 0x5E, 0xF0, 0x11, 0xB5, 0x7D,
    0xED, 0xF9, 0x88, 0x5C, 0xA8, 0x11, 0x23, 0xF4, 0x34, 0xF0, 0x82, 0x8F, 0xE8, 0x2D, 0x6D, 0xA7,
    0x8F, 0xC8, 0x45, 0xAF, 0x8F, 0xE8, 0xA1, 0xD0, 0xA3, 0xA8, 0x17, 0xF9, 0x41, 0x1F, 0x91, 0xE3,
    0x61, 0xE6, 0xF4, 0x08, 0x7A, 0xAE, 0x2B, 0x8F, 0xE4, 0x0E, 0x91, 0x9F, 0xAC, 0x1B, 0xE3, 0x45,
    0x16, 0xF5, 0x91, 0x7B, 0xFC, 0x98, 0x5B, 0xFA, 0xC8, 0x8D, 0x05, 0x75, 0x7C, 0x1A, 0x07, 0xF4,
    0xCF, 0x4F, 0x1F, 0xC6, 0x80, 0x56, 0x68, 0x8B, 0x1C, 0x3E, 0x91, 0x28, 0x43, 0x29, 0xE4, 0xB3,
    0x8F, 0x13, 0x81, 0x68, 0xFF, 0x76, 0x4E, 0xF4, 0xA1, 0xFD, 0x5D, 0x48, 0xE4, 0xA1, 0x8C, 0x2E,
    0x51, 0x87, 0x6C, 0xDA, 0x71, 0xB5, 0x17, 0x13, 0x69, 0x36, 0xC6, 0x43, 0xA2, 0xAC, 0xF9, 0xFE,
    0xE1, 0x94, 0x08, 0x9B, 0xC8, 0x88, 0xD0, 0xF5, 0xAD, 0xA7, 0x6E, 0x42, 0xD6, 0x77, 0x2E, 0x5B,
    0x2E, 0xA9, 0x2A, 0xC2, 0x46, 0x94, 0x40, 0xA2, 0xA9, 0xDF, 0x48, 0x92, 0x9D, 0x24, 0x8A, 0xCA,
    0xB0, 0x11, 0x24, 0xB7, 0x6D, 0xF4, 0x00, 0x48, 0xE4, 0xCC, 0xC0, 0xA3, 0x44, 0xCD, 0x88, 0xDC,
    0x27, 0x62, 0x3A, 0x54, 0x4E, 0x69, 0x89, 0xA7, 0x0F, 0x0F, 0x2F, 0x49, 0x99, 0x71, 0x75, 0xE4,
    0xD8, 0x46, 0x95, 0x90, 0x9F, 0x84, 0x39, 0x1F, 0x00, 0x46, 0xDE, 0xEC, 0x50, 0x8D, 0x72, 0x88,
    0x91, 0xC5, 0x56, 0x54, 0x5F, 0x80, 0xFA, 0x80, 0x24, 0x15, 0x43, 0x92, 0xD2, 0xC8, 0xE6, 0x84,
    0xFD, 0x3F, 0x4F, 0x68, 0xE8, 0xCD, 0xD5, 0x8B, 0x17, 0x01, 0xF1, 0xB4, 0x1F, 0xB0, 0xA2, 0x09,
    0x66, 0x40, 0xEB, 0xCC, 0x84, 0x2A, 0x94, 0x0C, 0xED, 0xC5, 0x08, 0x3B, 0x7E, 0x40, 0x3A, 0xAC,
    0x87, 0x65, 0x50, 0xF1, 0xFC, 0x67, 0x95, 0x8F, 0xBA, 0xA3, 0x94, 0x4B, 0xF4, 0xA5, 0x44, 0x2A,
    0x1A, 0xA0, 0x22, 0x69, 0x22, 0xD5, 0x4E, 0x39, 0x73, 0x68, 0x2E, 0x29, 0x6B, 0x94, 0x86, 0xDA,
    0xA3, 0xE7, 0x65, 0x09, 0x1B, 0x4C, 0x1C, 0x56, 0xE0, 0x0B, 0x14, 0xF1, 0xBC, 0xFF, 0x9F, 0x95,
    0x0E, 0x84, 0x7E, 0x7C, 0x62, 0x62, 0x8C, 0xE3, 0x55, 0x7F, 0x5B, 0x48, 0x08, 0x8F, 0x4D, 0x1D,
    0xBF, 0x06, 0xB9, 0x5E, 0x1D, 0xCC, 0xAA, 0xEC, 0x04, 0xD0, 0x1A, 0x22, 0x8E, 0xD0, 0xD5, 0xD4,
    0x9C, 0x86, 0xA2, 0xDA, 0xD0, 0xA8, 0xF6, 0xCD, 0x55, 0xB1, 0x98, 0xB6, 0x13, 0x2F, 0x1A, 0xA4,
    0x70, 0x68, 0x55, 0xEC, 0xC5, 0x99, 0x5E, 0x15, 0xA3, 0x7E, 0x36, 0xC7, 0x9A, 0x3E, 0x1B, 0xE4,
    0x6B, 0x13, 0x37, 0x65, 0xF7, 0xE2, 0x47, 0xDC, 0x89, 0x7E, 0xF6, 0x67, 0x7F, 0x29, 0xCB, 0xF7,
    0x40, 0xF6, 0xDF, 0x41, 0x96, 0x8F, 0x40, 0xF1, 0xEF, 0xA1, 0x0C, 0x2A, 0xD6, 0x7F, 0x17, 0xAC,
    0x3A, 0x7C, 0xBE, 0x16, 0xA1, 0x22, 0x99, 0xF1, 0xFB, 0xB8, 0xE4, 0xCF, 0x2E, 0x52, 0xBC, 0x09,
    0x68, 0x9F, 0x6C, 0x94, 0xC8, 0x50, 0x42, 0x6E, 0x22, 0xD1, 0xD1, 0xF8, 0x44, 0x46, 0x3B, 0x24,
    0x2A, 0x1A, 0x9F, 0x88, 0xA8, 0x2E, 0x75, 0xDF, 0x84, 0x6C, 0xA3, 0xE0, 0x83, 0x8D, 0x80, 0x6F,
    0x92, 0xFA, 0x76, 0x49, 0x1A, 0x57, 0x9B, 0x60, 0xE6, 0xA4, 0xB8, 0x99, 0x92, 0xAE, 0x26, 0xEC,
    0x04, 0x51, 0xB9, 0x08, 0x49, 0xE1, 0x62, 0x4C, 0xEA, 0x96, 0x83, 0x2A, 0x3B, 0x5A, 0xAF, 0xAA,
    0xFA, 0x24, 0xD4, 0xCE, 0x7A, 0x55, 0x13, 0x55, 0xA7, 0x4A, 0xA2, 0x76, 0x49, 0xC5, 0x06, 0x69,
    0x24, 0x21, 0xC3, 0x03, 0x15, 0x8E, 0x24, 0x67, 0x49, 0x98, 0x49, 0x9A, 0xD4, 0x79, 0x50, 0xC1,
    0x3E, 0xF5, 0x2A, 0xE4, 0xEB, 0xAE, 0x96, 0x29, 0x39, 0xE9, 0xD3, 0xE5, 0x81, 0x91, 0xCA, 0x1E,
    0x18, 0x37, 0xB3, 0x05, 0x4D, 0xE0, 0x5C, 0x8F, 0x74, 0x8C, 0xB2, 0x43, 0x4E, 0x1E, 0x38, 0x67,
    0xA2, 0x4F, 0xC9, 0x99, 0xCF, 0x15, 0x63, 0x79, 0x00, 0xCA, 0xD1, 0x72, 0x1E, 0xC8, 0xA8, 0xF5,
    0x99, 0xCE, 0x24, 0xA4, 0xCB, 0x27, 0xCE, 0xC2, 0x89, 0x13, 0x1E, 0xA0, 0x73, 0x31, 0x72, 0xD9,
    0x72, 0x04, 0x2E, 0x50, 0x0E, 0x12, 0x03, 0x78, 0x78, 0xC9, 0x43, 0x13, 0x03, 0xB3, 0x9D, 0xD6,
    0x4C, 0x99, 0x26, 0x39, 0xDC, 0x13, 0x03, 0x9D, 0x50, 0x76, 0x54, 0xAD, 0x14, 0x0F, 0xC8, 0x56,
    0x97, 0x6C, 0x60, 0xE2, 0x02, 0x52, 0x53, 0xAD, 0x74, 0x84, 0x19, 0xF7, 0xA3, 0x43, 0x1E, 0x1D,
    0xC4, 0x93, 0x16, 0x20, 0x8B, 0xEA, 0x78, 0xE5, 0xC4, 0xBF, 0x0F, 0x64, 0x48, 0x4C, 0x6A, 0x62,
    0x90, 0xC4, 0x6F, 0x29, 0xFF, 0x76, 0x06, 0x8E, 0xD5, 0x9E, 0xE6, 0xBB, 0x05, 0x38, 0x51, 0x93,
    0x16, 0xDF, 0xAE, 0xC0, 0x99, 0xCA, 0x65, 0x17, 0x1D, 0x1E, 0xAB, 0x61, 0xAD, 0x6B, 0x3D, 0x26,
    0xA0, 0xA1, 0x8C, 0x66, 0x40, 0x32, 0xAF, 0x85, 0x0D, 0x19, 0x65, 0x07, 0x54, 0x52, 0x08, 0xA9,
    0xB5, 0xEF, 0xC0, 0x2C, 0xB9, 0x18, 0x9C, 0x4B, 0x66, 0xD1, 0x0C, 0x40, 0x84, 0x2C, 0x29, 0x75,
    0xE3, 0xAA, 0x72, 0xFB, 0x6F, 0x1E, 0x38, 0x40, 0x96, 0xAF, 0x7F, 0xDB, 0xFD, 0x39, 0xBD, 0x87,
    0xCB, 0xDB, 0xF8, 0xC9, 0x42, 0x82, 0x31, 0x51, 0xFD, 0x4F, 0x67, 0x33, 0xAB, 0x6C, 0xA2, 0x99,
    0x49, 0xAA, 0x11, 0x35, 0xF3, 0x99, 0x67, 0xAA, 0xA1, 0xEA, 0x2B, 0x56, 0x66, 0xF3, 0x36, 0x76,
    0x5C, 0xAF, 0x9E, 0xB1, 0xE3, 0x0A, 0x1B, 0x53, 0x45, 0xB7, 0xF1, 0x54, 0x8D, 0x1B, 0x4B, 0x75,
    0xD8, 0x38, 0xAA, 0xC2, 0xC6, 0x50, 0xD1, 0x5D, 0xF2, 0xF3, 0x92, 0x9D, 0x4B, 0x6E, 0x8A, 0x4B,
    0x66, 0xEE, 0x6F, 0xBC, 0x14, 0xEB, 0xC6, 0x4A, 0x79, 0xD8, 0x38, 0xA1, 0x2A, 0x89, 0x91, 0x65,
    0xE3, 0x83, 0x92, 0xB2, 0x91, 0xCD, 0x1B, 0x17, 0xF9, 0xBC, 0x31, 0x61, 0xA6, 0x8D, 0x07, 0x13,
    0x12, 0x0B, 0x8E, 0x92, 0x70, 0xE0, 0x8A, 0x31, 0x31, 0x80, 0x72, 0x4C, 0xFA, 0xA3, 0x1C, 0x36,
    0xED, 0xAD, 0x4F, 0xBA, 0x53, 0x4A, 0x43, 0x4F, 0xD6, 0x76, 0xBA, 0x52, 0x21, 0x76, 0x59, 0x7D,
    0xDE, 0xDD, 0xA4, 0x6E, 0x4E, 0x52, 0xF1, 0x62, 0xBC, 0x4C, 0x2E, 0x0E, 0xDB, 0x78, 0xAC, 0x90,
    0xC2, 0x2A, 0xCC, 0xBA, 0xBF, 0x4E, 0x7F, 0xDF, 0xD7, 0x80, 0x1F, 0x01, 0x7F, 0x75, 0xFF, 0x09,
    0xD3, 0xDD, 0xAD, 0x1F, 0x5E, 0x48, 0xF2, 0xE8, 0x9F, 0xA3, 0x47, 0x3F, 0xA0, 0x9A, 0xD1, 0x20,
    0x7A, 0xD8, 0x40, 0xDE, 0x25, 0x95, 0xB4, 0x29, 0x91, 0x3C, 0x40, 0xD5, 0x51, 0x3C, 0x47, 0xED,
    0x28, 0x2E, 0x9A, 0x38, 0x14, 0x1B, 0x64, 0x1B, 0xCE, 0xF4, 0xC3, 0x96, 0xBE, 0x79, 0x4E, 0x6F,
    0x32, 0x13, 0x16, 0xF2, 0x50, 0x10, 0xEB, 0x38, 0xF6, 0xD1, 0x2D, 0xF4, 0xA9, 0x18, 0xBF, 0x54,
    0xA5, 0x78, 0xA7, 0x6C, 0xCA, 0x04, 0xC1, 0x60, 0x46, 0x42, 0x16, 0x4A, 0x65, 0x69, 0xB2, 0x4E,
    0xB0, 0x5F, 0x13, 0x51, 0xA3, 0x40, 0xD9, 0xDD, 0x26, 0xD8, 0x71, 0x25, 0x54, 0xFF, 0x77, 0x00,
    0x92, 0x2B, 0x81, 0x29, 0xEA, 0xF5, 0x91, 0x1D, 0xF6, 0xE4, 0x94, 0x51, 0xE0, 0xC3, 0x5E, 0xE0,
    0xE7, 0x0A, 0x9F, 0xB7, 0x8E, 0x10, 0x24, 0x3A, 0x66, 0x83, 0x80, 0xD1, 0xFE, 0xA6, 0x74, 0x35,
    0xC1, 0xA2, 0x1A, 0x78, 0x3F, 0xAA, 0x91, 0xF7, 0xC3, 0x12, 0x82, 0xB8, 0x6B, 0x36, 0x0A, 0x30,
    0x1B, 0xF2, 0x34, 0x28, 0x58, 0xA0, 0x98, 0x21, 0x75, 0xE4, 0xC2, 0xFB, 0x05, 0x78, 0xD7, 0x81,
    0xF7, 0x4B, 0xCD, 0x34, 0x42, 0xAA, 0xA8, 0x15, 0xE8, 0xA3, 0x6F, 0x22, 0x20, 0xE5, 0xD6, 0x54,
    0x0C, 0x2C, 0x19, 0x06, 0xAD, 0x16, 0xB4, 0x50, 0x28, 0x86, 0x2B, 0xFA, 0xF4, 0x5F, 0x01, 0xD5,
    0x8B, 0xF9, 0x1F, 0xB5, 0x1E, 0x60, 0xCD, 0x24, 0x55, 0x80, 0x14, 0x00, 0x62, 0x32, 0x49, 0xFB,
    0x92, 0xF1, 0x25, 0xD9, 0x8B, 0xB9, 0x24, 0xC5, 0x37, 0x9D, 0x5A, 0xB7, 0xD7, 0x9C, 0xCE, 0x74,
    0x3E, 0x32, 0x93, 0x43, 0x87, 0x19, 0x2A, 0x46, 0xA6, 0xD6, 0xA1, 0x3C, 0xC4, 0xAD, 0xD4, 0xAE,
    0xDC, 0x6B, 0x29, 0xBE, 0xA2, 0x86, 0xE2, 0xAD, 0xD9, 0xAA, 0x04, 0xA7, 0x2C, 0x6A, 0x64, 0x9A,
    0x53, 0xF6, 0xA1, 0xE9, 0x53, 0xC2, 0xB2, 0x32, 0x8D, 0x9C, 0x86, 0x2D, 0x33, 0x0B, 0xAF, 0xA9,
    0x87, 0xE4, 0xE4, 0x52, 0xEE, 0x85, 0xD8, 0x24, 0x22, 0x2D, 0x51, 0xD3, 0xEF, 0x5B, 0x4E, 0x38,
    0xC2, 0x19, 0x9A, 0xEF, 0x16, 0x34, 0xBF, 0x9B, 0x50, 0xF0, 0x6F, 0x5C, 0x29, 0x9D, 0x6B, 0x3C,
    0xD2, 0xBC, 0xD6, 0x8E, 0xAC, 0x4D, 0x74, 0x1D, 0xEB, 0xF5, 0xA7, 0xEA, 0xF4, 0xA7, 0x76, 0x9A,
    0xAA, 0x9A, 0x94, 0x6B, 0x2E, 0xC4, 0x51, 0x79, 0x38, 0xD1, 0xC8, 0x02, 0x38, 0xC9, 0x47, 0x42,
    0xB4, 0x41, 0xA0, 0x95, 0xAB, 0x6A, 0x4D, 0x0D, 0x0A, 0x5E, 0x1B, 0x59, 0xFF, 0x0C, 0x90, 0x4E,
    0xDB, 0x0B, 0x0F, 0x76, 0x7A, 0x9F, 0x3B, 0xED, 0x9C, 0x2D, 0x56, 0x31, 0xB7, 0x1D, 0x5B, 0x2A,
    0xF7, 0x7B, 0xED, 0x9B, 0x45, 0x1E, 0xAE, 0xB8, 0x80, 0x3D, 0x37, 0xFE, 0x58, 0x3D, 0x77, 0xC1,
    0xA7, 0x78, 0x0A, 0xA2, 0xC0, 0x8B, 0x55, 0x97, 0x52, 0x42, 0xEF, 0xED, 0x02, 0x94, 0x0E, 0x69,
    0xBE, 0xA3, 0xD7, 0xDE, 0xBB, 0x93, 0xD6, 0x3B, 0x75, 0xDE, 0x41, 0x1B, 0xEF, 0x31, 0xF5, 0xDD,
    0x0A, 0x3E, 0x75, 0xDD, 0xA9, 0xE9, 0xDE, 0x7A, 0x6E, 0xD2, 0xBB, 0x41, 0x6A, 0xB8, 0x53, 0xBF,
    0x9D, 0xDA, 0xEC, 0x04, 0xA9, 0xD9, 0x4E, 0xBD, 0x76, 0x6A, 0xB5, 0x53, 0xA7, 0x9D, 0x1A, 0xED,
    0xD4, 0x67, 0x6B, 0x9B, 0x9D, 0xBA, 0xEC, 0xD4, 0x64, 0xEF, 0xFC, 0xA6, 0xDF, 0xFC, 0x46, 0x14,
    0xAB, 0xDD, 0x4E, 0x29, 0xF6, 0xD8, 0x63, 0xCD, 0x89, 0xFD, 0xF5, 0x20, 0xDD, 0xB5, 0xF4, 0xD6,
    0xD2, 0x59, 0x73, 0xEA, 0xA4, 0xAB, 0x96, 0x9E, 0x9A, 0x99, 0x43, 0x92, 0x06, 0xA7, 0x0B, 0x4E,
    0xAB, 0x74, 0xD2, 0xDA, 0x47, 0x4B, 0x17, 0xBD, 0xEF, 0xA1, 0xB3, 0xD3, 0x53, 0xA7, 0x7B, 0x22,
    0x5C, 0x1D, 0x37, 0x71, 0xA4, 0xB5, 0x25, 0x75, 0x43, 0x3B, 0xF4, 0x5E, 0xAF, 0x08, 0x47, 0xFA,
    0x37, 0xE0, 0xFA, 0x12, 0x8F, 0xD3, 0x53, 0x96, 0x0D, 0xB1, 0xC3, 0xCB, 0x51, 0xBA, 0x12, 0x68,
    0xE8, 0x39, 0xCD, 0xD8, 0x0E, 0xEA, 0x43, 0xA5, 0x93, 0x5C, 0xF2, 0x0E, 0x8C, 0x01, 0x54, 0x0A,
    0x8D, 0xC2, 0x2A, 0x73, 0x3E, 0x0B, 0x94, 0x83, 0x00, 0x69, 0xFF, 0xA9, 0x19, 0x0A, 0x16, 0x9B,
    0x4F, 0xB4, 0x90, 0xB8, 0x95, 0x02, 0xAA, 0x05, 0xDE, 0x1F, 0xE3, 0x4D, 0x85, 0x97, 0xF2, 0xA9,
    0x1E, 0x08, 0xA9, 0x5D, 0x6F, 0x9E, 0xED, 0x8D, 0x97, 0xFD, 0x94, 0xAC, 0x76, 0x96, 0x0F, 0xC0,
    0x6A, 0x47, 0x16, 0x23, 0xC3, 0xAE, 0x18, 0x79, 0x5F, 0x0C, 0x56, 0x78, 0x85, 0x51, 0xC0, 0x4C,
    0x02, 0x38, 0x28, 0xD4, 0xDB, 0x3D, 0x3F, 0x39, 0x6F, 0x33, 0x03, 0xA7, 0xB0, 0x55, 0x65, 0xB8,
    0xB8, 0xEC, 0x38, 0xF2, 0xF7, 0xC8, 0x78, 0x38, 0x7B, 0xA5, 0xD8, 0x1A, 0x08, 0xD5, 0xE1, 0x0F,
    0x14, 0x5B, 0x2B, 0xA1, 0x5E, 0xE3, 0x28, 0xB5, 0x61, 0x31, 0x6B, 0x1F, 0x7D, 0xA0, 0x12, 0xFA,
    0xFD, 0x9F, 0x03, 0x5A, 0x2D, 0x4A, 0x7B, 0xB1, 0x0C, 0xFE, 0x15, 0xE5, 0x0C, 0x0E, 0x5D, 0x04,
    0x55, 0xD8, 0xF7, 0x12, 0xCD, 0x40, 0xEA, 0x58, 0x5E, 0xB1, 0x5A, 0xA1, 0xF9, 0xED, 0x02, 0x42,
    0x31, 0x6F, 0xD0, 0x78, 0x2E, 0xC2, 0x3B, 0x69, 0xCE, 0x9A, 0xA6, 0xD4, 0x7A, 0xBF, 0xF2, 0x28,
    0x58, 0x6C, 0xC9, 0x56, 0x6E, 0x70, 0x91, 0x76, 0x95, 0x44, 0x74, 0x23, 0x7D, 0x5F, 0x7A, 0x47,
    0xDA, 0xAF, 0xF6, 0x9F, 0x66, 0xE8, 0x97, 0xA3, 0xD2, 0x29, 0x52, 0x8D, 0x09, 0xAF, 0x8C, 0x5A,
    0xBB, 0xDF, 0xC8, 0xD3, 0x31, 0xD8, 0xFF, 0x05, 0x1A, 0x57, 0xD0, 0xE2, 0x52, 0xD0, 0x1E, 0x64,
    0x5E, 0x50, 0xCA, 0x6C, 0x47, 0x99, 0x3D, 0x70, 0x2E, 0x75, 0x5E, 0xF3, 0x09, 0x95, 0x15, 0xF3,
    0x9B, 0x2F, 0x4F, 0xF5, 0xB8, 0x73, 0x8E, 0x6B, 0x07, 0x7E, 0xE4, 0x0C, 0x14, 0x4F, 0xE3, 0x0A,
    0x54, 0xC8, 0x7A, 0x3D, 0x5C, 0x32, 0xDF, 0x03, 0xBE, 0x90, 0x7F, 0x8D, 0xCB, 0x67, 0xAD, 0x13,
    0xA5, 0x9A, 0xBD, 0x56, 0x55, 0xAD, 0x1E, 0xFA, 0xC4, 0x67, 0xD9, 0xED, 0xD3, 0xEF, 0xDD, 0x2B,
    0xD0, 0xE0, 0x2F, 0x08, 0x55, 0x1C, 0x09, 0xF9, 0xEA, 0xDE, 0x4A, 0xA9, 0xBB, 0xD0, 0xE8, 0x0E,
    0x40, 0xB8, 0xF4, 0x41, 0xBF, 0x59, 0xA4, 0x18, 0xFE, 0x84, 0x0B, 0x2F, 0x90, 0x0E, 0x45, 0xC7,
    0xF1, 0x3E, 0x5C, 0xA9, 0xA7, 0x8A, 0xAD, 0xD5, 0x59, 0xF5, 0x8E, 0xFD, 0xF8, 0x18, 0xBA, 0xED,
    0x81, 0x60, 0x7E, 0x13, 0x08, 0xC5, 0x97, 0x02, 0xE5, 0xAF, 0x06, 0x35, 0x7B, 0x47, 0x30, 0xF1,
    0x3A, 0x75, 0xBC, 0x4A, 0x55, 0xC9, 0xA9, 0xF2, 0x5B, 0x23, 0xB8, 0xA4, 0xDF, 0xEB, 0xC8, 0xBE,
    0x06, 0x63, 0x1D, 0x0D, 0x5A, 0x71, 0x33, 0x96, 0xD3, 0x1D, 0x89, 0x4F, 0x72, 0xBC, 0xDE, 0x7A,
    0x67, 0xBC, 0x7F, 0x65, 0xB6, 0xB3, 0x4F, 0xDA, 0xED, 0xDE, 0x8E, 0x12, 0x79, 0x77, 0x0F, 0xBC,
    0x71, 0xD8, 0x18, 0x53, 0xE1, 0x5A, 0x50, 0xF2, 0x6A, 0x38, 0xAF, 0x44, 0xA0, 0xE8, 0xBB, 0x14,
    0x03, 0x2D, 0x2D, 0x15, 0xE4, 0x34, 0xB4, 0x00, 0xBE, 0xA2, 0xF4, 0xA8, 0x87, 0x8E, 0x7C, 0x88,
    0x49, 0x2A, 0xBA, 0x15, 0x37, 0x45, 0xB2, 0xD9, 0x21, 0xA5, 0xB0, 0xE3, 0x2C, 0x46, 0xDD, 0xD5,
    0xE3, 0x3C, 0xC6, 0x45, 0x28, 0x1A, 0xCD, 0x82, 0x13, 0x59, 0xAB, 0x33, 0x33, 0x7E, 0x99, 0x76,
    0x32, 0xE1, 0x17, 0x94, 0x6A, 0x4A, 0x32, 0x3E, 0x43, 0x99, 0xB4, 0x50, 0x5B, 0xA3, 0xE3, 0x61,
    0xB6, 0x23, 0x97, 0xA4, 0x5A, 0x94, 0x8A, 0x8E, 0xEB, 0xA4, 0x44, 0x76, 0xA2, 0x41, 0xF8, 0x0B,
    0x71, 0xC7, 0x36, 0xA0, 0x98, 0x69, 0xE8, 0x32, 0xEA, 0x17, 0xC5, 0x11, 0x76, 0x53, 0x72, 0x5F,
    0x01, 0x37, 0x09, 0x57, 0xEC, 0xCB, 0x64, 0x52, 0xF0, 0xC6, 0x42, 0x99, 0x36, 0xEE, 0x9F, 0x88,
    0x99, 0x5B, 0xF6, 0x91, 0x2B, 0x3F, 0xBC, 0x05, 0x8D, 0xBD, 0xA0, 0xE9, 0x0A, 0xD9, 0x6E, 0xDD,
    0x59, 0x2F, 0x88, 0x4A, 0x36, 0x7D, 0x0E, 0x31, 0x7C, 0x35, 0xD0, 0x5C, 0xD5, 0xB7, 0xCF, 0x64,
    0xE5, 0xFA, 0xA9, 0x13, 0x6C, 0x46, 0x35, 0x63, 0x33, 0x10, 0x3B, 0x5E, 0x1B, 0x39, 0x0A, 0x01,
    0x1F, 0xC8, 0x69, 0x58, 0xF0, 0x19, 0x78, 0x20, 0xE2, 0xD3, 0x01, 0x3C, 0x13, 0xB7, 0x56, 0xFC,
    0xBE, 0x63, 0x51, 0x75, 0x7B, 0x9D, 0x52, 0x1A, 0x4B, 0x85, 0xFF, 0xC9, 0x15, 0x8F, 0x7F, 0xAC,
    0x8A, 0xCC, 0xFB, 0x20, 0x9B, 0x3F, 0x95, 0x20, 0x6B, 0xBE, 0x95, 0x20, 0x5B, 0x74, 0x12, 0x64,
    0x4B, 0x27, 0x41, 0xD6, 0x6A, 0x90, 0x3D, 0xD2, 0x20, 0x7B, 0xAC, 0x41, 0xF6, 0x58, 0x83, 0xEC,
    0x63, 0x8D, 0xAE, 0x41, 0x20, 0x1B, 0x25, 0xC8, 0xE6, 0x9A, 0xCB, 0x8D, 0x97, 0x20, 0x5B, 0x76,
    0x12, 0x64, 0xAD, 0x06, 0xD9, 0x8A, 0x94, 0x55, 0xC3, 0x6D, 0x0D, 0xB2, 0xC7, 0x24, 0xAE, 0x98,
    0x3E, 0x67, 0x90, 0xCD, 0x97, 0x89, 0x34, 0xA0, 0x0F, 0xFB, 0x20, 0x6B, 0xE2, 0x04, 0x42, 0xAA,
    0xB4, 0xDC, 0x76, 0xEE, 0xB6, 0xB2, 0xCB, 0x0E, 0x7B, 0x97, 0xE5, 0xEF, 0xF7, 0xA3, 0x7D, 0x72,
    0x9B, 0xB9, 0xE8, 0x0C, 0x77, 0xD0, 0x0F, 0x38, 0x43, 0x3D, 0x64, 0x4C, 0xA2, 0x66, 0x40, 0x1F,
    0x0A, 0x6F, 0xFE, 0x2B, 0x94, 0xDE, 0x7E, 0x1A, 0xAC, 0x3F, 0x36, 0x3F, 0x4E, 0xE1, 0xC7, 0xE9,
    0x3F, 0xBC, 0x19, 0x6C, 0x44, 0xE1, 0xCB, 0x05, 0xD6, 0x15, 0x0B, 0x8E, 0x50, 0xAC, 0x38, 0xC3,
    0x51, 0x1F, 0x07, 0x7C, 0x9E, 0x98, 0x3F, 0xD3, 0xDD, 0x9C, 0xAB, 0xA3, 0xB5, 0x4A, 0x72, 0xE5,
    0x0F, 0x1A, 0x40, 0x6B, 0x27, 0x01, 0x2E, 0xF7, 0xD7, 0xFB, 0x9B, 0x40, 0xEB, 0x4E, 0x98, 0x74,
    0x1E, 0x00, 0x65, 0x68, 0x1C, 0xF2, 0x99, 0x49, 0xFF, 0x41, 0x1E, 0x80, 0x92, 0x7F, 0x01, 0xDE,
    0x45, 0xD0, 0xFB, 0xB8, 0xE3, 0x9C, 0xC7, 0x49, 0xDD, 0xF2, 0x1B, 0x82, 0xD5, 0x63, 0x7C, 0xC4,
    0xE0, 0xA1, 0xE3, 0x7A, 0x13, 0x8D, 0xFC, 0x6B, 0x09, 0x7D, 0x00, 0x16, 0xCB, 0x22, 0xBB, 0xF0,
    0xC8, 0x87, 0x42, 0xBD, 0xF9, 0xDD, 0x10, 0x6D, 0xFC, 0x9D, 0xDD, 0xD9, 0x35, 0xB3, 0xE4, 0x41,
    0x1C, 0xB4, 0x18, 0xA8, 0x3F, 0x59, 0xF4, 0x9E, 0xAB, 0xE1, 0xF0, 0x67, 0x40, 0x13, 0x25, 0xAA,
    0xDF, 0xFA, 0x11, 0x56, 0x51, 0x10, 0x8D, 0x82, 0x75, 0x52, 0x4F, 0x94, 0x9D, 0x70, 0x90, 0xF3,
    0x23, 0xF7, 0x1D, 0x52, 0x11, 0x24, 0xDC, 0x97, 0x01, 0x8F, 0x34, 0xFC, 0x07, 0x05, 0xF5, 0x67,
    0xA3, 0x99, 0x38, 0x23, 0xD4, 0x3E, 0xF3, 0x02, 0xDB, 0x0B, 0xD8, 0x2D, 0xE5, 0x65, 0xE9, 0x1D,
    0x2C, 0xD0, 0x43, 0x38, 0x27, 0x9C, 0x01, 0x51, 0x9A, 0xA2, 0x3C, 0x76, 0x7C, 0xA6, 0x62, 0xCC,
    0xD7, 0x97, 0x85, 0x2B, 0x4D, 0xC8, 0x4F, 0xBE, 0x90, 0xF7, 0x6E, 0xF9, 0xC2, 0x25, 0x2E, 0x00,
    0x23, 0xEF, 0xD8, 0x4E, 0xF6, 0x71, 0x43, 0x0B, 0xB3, 0xFA, 0xE9, 0x0C, 0x2C, 0xD9, 0x81, 0xD9,
    0x74, 0x45, 0x39, 0x68, 0x43, 0x71, 0x8E, 0xCA, 0xE5, 0x13, 0x6A, 0x76, 0x43, 0x4D, 0xF9, 0x04,
    0x68, 0x0E, 0xFB, 0xEF, 0x8F, 0x29, 0xFD, 0x29, 0x63, 0xFE, 0x2F, 0x50, 0x4E, 0x19, 0x0B, 0xB3,
    0x9E, 0x85, 0x99, 0x2A, 0x9F, 0xFD, 0x8B, 0x80, 0xD5, 0xA4, 0x7B, 0x4F, 0xFB, 0xD8, 0x59, 0x93,
    0x6C, 0xD8, 0x6F, 0xE0, 0x3A, 0x73, 0x4C, 0x8F, 0x65, 0x5D, 0x5C, 0x0C, 0xDF, 0xC8, 0x7B, 0xA4,
    0x0F, 0xD5, 0x59, 0xF7, 0xDC, 0x92, 0x5A, 0x32, 0x4B, 0x62, 0xC9, 0x2B, 0x69, 0x25, 0xAB, 0x24,
    0x95, 0x9C, 0x36, 0x07, 0xDD, 0x45, 0xE3, 0x94, 0x4F, 0xD2, 0x49, 0x36, 0x85, 0x4C, 0x72, 0x79,
    0x57, 0xFA, 0xD0, 0x6C, 0xE6, 0x9E, 0xE5, 0xA5, 0x6B, 0x0B, 0x64, 0x73, 0xE9, 0x81, 0xDB, 0x59,
    0x78, 0x4F, 0xDE, 0x15, 0x64, 0xA1, 0xDC, 0x62, 0xE6, 0xA1, 0xE4, 0x2F, 0xF3, 0x59, 0xA3, 0xA9,
    0xFC, 0x65, 0xF7, 0xDA, 0x40, 0xCC, 0x53, 0x84, 0xAD, 0x2E, 0xEF, 0xD3, 0xBA, 0xBC, 0x79, 0x9B,
    0xAA, 0x6E, 0x9B, 0xC4, 0x3D, 0x1B, 0x6C, 0xD3, 0x83, 0xAD, 0xB9, 0xCE, 0xA2, 0xA8, 0x3B, 0x62,
    0x7B, 0x8F, 0x70, 0x93, 0x65, 0x5A, 0xBF, 0xF0, 0x7C, 0xDF, 0x03, 0x0A, 0x5F, 0x31, 0xAA, 0x25,
    0xFF, 0x7D, 0x4F, 0x18, 0x02, 0xFE, 0xC1, 0xA1, 0x88, 0x23, 0xAA, 0xBF, 0x09, 0xB8, 0x8B, 0x09,
    0xBF, 0x14, 0x2A, 0xFE, 0xC8, 0x6F, 0x54, 0x0A, 0x7F, 0x1B, 0x84, 0xB1, 0x51, 0xDF, 0x90, 0x6D,
    0x66, 0x4B, 0x39, 0x8A, 0xFA, 0xD9, 0x0C, 0xBD, 0xE7, 0x9A, 0xBF, 0x58, 0xB9, 0x83, 0xC0, 0x56,
    0x5C, 0x82, 0xDA, 0xAA, 0x09, 0x9B, 0x1E, 0x31, 0x30, 0x4B, 0x3E, 0x7A, 0xEB, 0x6F, 0x57, 0xB6,
    0xC8, 0x56, 0x69, 0x64, 0xFB, 0x42, 0xCB, 0xE7, 0xE9, 0xD5, 0xC8, 0x76, 0xCD, 0x39, 0xC6, 0xCD,
    0x5F, 0x03, 0xE8, 0x0F, 0x40, 0x3E, 0x35, 0xC9, 0xA7, 0x8A, 0xEE, 0x43, 0xC8, 0x78, 0xEB, 0x1C,
    0x57, 0x10, 0xA8, 0xBB, 0x85, 0x60, 0x87, 0x3E, 0xE5, 0xEB, 0x8E, 0xB8, 0x14, 0xA3, 0xDE, 0xF3,
    0xF8, 0x75, 0x07, 0x8F, 0xAB, 0x23, 0x9C, 0x46, 0x6A, 0xBA, 0xA2, 0x58, 0x20, 0x04, 0x47, 0xF5,
    0xF1, 0x1E, 0x30, 0x04, 0x27, 0x7E, 0xBE, 0x81, 0xFA, 0x7A, 0x14, 0x6F, 0x97, 0x54, 0x13, 0x94,
    0xA1, 0x11, 0x2D, 0x7D, 0xF0, 0x39, 0x49, 0x40, 0xA5, 0xBD, 0x5A, 0xED, 0xCD, 0x22, 0x90, 0x13,
    0x9A, 0x2E, 0x5B, 0x05, 0x10, 0xD5, 0xFF, 0x99, 0xFF, 0x7A, 0x08, 0xEB, 0x71, 0x03, 0xAA, 0x68,
    0xE8, 0xA5, 0x81, 0x8E, 0x9A, 0xC7, 0xC8, 0x80, 0x50, 0xC4, 0x08, 0x58, 0x7C, 0x4E, 0x46, 0x2E,
    0xB8, 0x56, 0xE3, 0x60, 0xA6, 0xCA, 0xA7, 0x32, 0xBB, 0xC4, 0xC9, 0xCB, 0x9C, 0xC8, 0xFF, 0x45,
    0x30, 0xE0, 0xD6, 0x0F, 0x71, 0x42, 0xFF, 0xDC, 0x4C, 0xA8, 0xE6, 0x9C, 0xD5, 0x90, 0x09, 0xB0,
    0xC3, 0x8D, 0x2D, 0x68, 0xFA, 0x37, 0x04, 0xCD, 0xF6, 0x95, 0xA0, 0x39, 0x01, 0x0D, 0x27, 0x00,
    0x37, 0x7E, 0x2D, 0xD0, 0xAE, 0x9C, 0xB3, 0xA9, 0x26, 0x98, 0xC1, 0x3A, 0x42, 0x67, 0x91, 0xC6,
    0x35, 0xE7, 0x18, 0x37, 0xBE, 0xE6, 0xD3, 0x94, 0xE6, 0xAA, 0x43, 0x1E, 0xCA, 0x7D, 0xB9, 0xF9,
    0xB6, 0x39, 0x4E, 0x95, 0xD6, 0x03, 0xDA, 0x54, 0x43, 0x96, 0x1C, 0xE7, 0x0B, 0x42, 0xCE, 0x5A,
    0x4C, 0xEF, 0xB9, 0xE6, 0x5F, 0x80, 0x6B, 0x85, 0x92, 0xCF, 0x74, 0x58, 0xDA, 0x56, 0x2A, 0x94,
    0xC9, 0x6A, 0x85, 0xF2, 0x8E, 0xBE, 0xDD, 0xFE, 0xF8, 0x2B, 0x8D, 0x46, 0x9A, 0xE2, 0x86, 0x73,
    0x82, 0x75, 0xF7, 0x04, 0xB0, 0x4F, 0x78, 0xD7, 0x99, 0x68, 0xD5, 0x32, 0xCA, 0xCE, 0xD8, 0xA9,
    0xFA, 0x7A, 0x5F, 0xE8, 0xBC, 0x13, 0xA2, 0x6F, 0xC4, 0xAF, 0x02, 0xD0, 0x3F, 0x5D, 0x03, 0x39,
    0x69, 0x27, 0x26, 0x92, 0x72, 0xA6, 0xBA, 0xF9, 0x22, 0xFA, 0x2D, 0x92, 0x53, 0x8E, 0x45, 0xFE,
    0x39, 0x1A, 0xAD, 0x3C, 0x0E, 0xDA, 0x98, 0x3E, 0x01, 0xB6, 0xF7, 0xC7, 0x75, 0x94, 0xDF, 0xF5,
    0x72, 0x91, 0x47, 0xBD, 0x2D, 0x1C, 0xF3, 0xB6, 0xE9, 0x9E, 0xD6, 0x2E, 0x4E, 0xFA, 0x15, 0xCF,
    0xC0, 0x2F, 0x4C, 0x0F, 0xE5, 0xC2, 0x13, 0x56, 0x44, 0x46, 0x04, 0xF3, 0x22, 0xF6, 0x13, 0xF2,
    0x70, 0xFF, 0x19, 0x5E, 0x19, 0x95, 0xCC, 0x24, 0x77, 0x2B, 0xEF, 0x2B, 0x91, 0xF5, 0x10, 0x68,
    0xCE, 0x90, 0x5F, 0x94, 0xEB, 0xDF, 0x03, 0x6D, 0x7F, 0x40, 0x36, 0xE1, 0x82, 0xB6, 0xAE, 0x39,
    0x95, 0x30, 0x01, 0x19, 0x72, 0x61, 0xBC, 0x5F, 0xC1, 0x66, 0x64, 0xA2, 0x09, 0x0E, 0xAC, 0xD2,
    0x22, 0x0B, 0x8C, 0x06, 0x27, 0x9C, 0xE4, 0x4B, 0xFD, 0x7A, 0xC8, 0x66, 0xD8, 0xD8, 0x8F, 0xB0,
    0xF5, 0xFA, 0xFA, 0xF7, 0x54, 0xF5, 0x65, 0xE0, 0xB0, 0x32, 0x41, 0x7A, 0xEB, 0x6D, 0x44, 0x0E,
    0x67, 0xE2, 0xF3, 0xF8, 0x30, 0xFA, 0x72, 0xC2, 0xCA, 0x9C, 0xE9, 0xE4, 0xFF, 0x19, 0x9F, 0x90,
    0xCF, 0x2C, 0xFC, 0x35, 0x01, 0xA3, 0xC6, 0xD4, 0xAD, 0x3E, 0xD5, 0x60, 0x2A, 0xE5, 0xE9, 0x1E,
    0x6C, 0x82, 0x51, 0xA0, 0x1A, 0x14, 0x3C, 0xB0, 0x6B, 0x77, 0x12, 0x74, 0x89, 0xA3, 0x3D, 0xF4,
    0x90, 0x11, 0x81, 0xAD, 0x7A, 0x4D, 0xF5, 0x2B, 0xD0, 0x92, 0x81, 0x57, 0x47, 0x36, 0xA6, 0xAD,
    0xEC, 0x37, 0x96, 0xFC, 0xDD, 0x0C, 0x89, 0x82, 0x2D, 0xBE, 0x6E, 0xA3, 0x00, 0x50, 0xBF, 0xAC,
    0x5E, 0x71, 0x2E, 0x09, 0x05, 0xF5, 0x7A, 0x8A, 0x7C, 0x86, 0xFE, 0x4C, 0xB4, 0x7B, 0xFA, 0x19,
    0xF5, 0x7B, 0xAF, 0x32, 0x15, 0xC3, 0xFB, 0x82, 0xB8, 0xFE, 0xCF, 0x01, 0x55, 0x74, 0x60, 0x5F,
    0xBA, 0x0D, 0xE3, 0x95, 0x86, 0x72, 0x7B, 0xD6, 0x03, 0x9B, 0x7B, 0xFC, 0x3F, 0x3C, 0x90, 0x81,
    0x86, 0xDD, 0x40, 0x14, 0x40, 0xCF, 0x4C, 0x6A, 0x87, 0x0E, 0x9D, 0xC5, 0x03, 0x6D, 0x65, 0xA0,
    0x00, 0xD9, 0x00, 0x2C, 0x92, 0x9D, 0x51, 0x80, 0xFE, 0x44, 0x01, 0x2C, 0x14, 0x8A, 0x87, 0x57,
    0x2F, 0xFD, 0x93, 0xA2, 0xA0, 0x50, 0x80, 0x45, 0x35, 0xF7, 0x13, 0xE6, 0x0F, 0x3A, 0x7F, 0xB0,
    0x83, 0x20, 0x25, 0x6D, 0x9A, 0xB7, 0x4F, 0xDF, 0x71, 0x18, 0x86, 0x7B, 0x1D, 0xB7, 0x27, 0xD0,
    0x0E, 0x2E, 0xEB, 0x89, 0x06, 0x38, 0xB0, 0xE8, 0xD9, 0x16, 0x3F, 0xEC, 0x39, 0xF3, 0x09, 0xB3,
    0x0E, 0xC7, 0x5F, 0xD3, 0xF8, 0x6E, 0xDA, 0xEB, 0x6C, 0xF3, 0xEB, 0x30, 0x35, 0x87, 0xAE, 0x7F,
    0x68, 0x97, 0x8F, 0x36, 0xDF, 0x7F, 0xFB, 0x32, 0xAE, 0x79, 0xC7, 0xFB, 0x9E, 0xE9, 0x4E, 0x17,
    0xFF, 0x28, 0xE6, 0x0F, 0x36, 0xB6, 0x29, 0xE4, 0x36, 0xD9, 0x08, 0x2F, 0xA9, 0x09, 0x72, 0x1C,
    0x8E, 0x32, 0xCA, 0xF6, 0x4A, 0x4D, 0xCD, 0x19, 0x9F, 0x42, 0x51, 0x45, 0xA5, 0x4A, 0xAE, 0x50,
    0x5F, 0xB1, 0x2B, 0x37, 0x8E, 0xEE, 0xC9, 0xB0, 0xED, 0xC8, 0x18, 0x39, 0x38, 0x59, 0xDC, 0x30,
    0x7B, 0x55, 0x6E, 0x74, 0xBE, 0xAD, 0x86, 0x5E, 0x95, 0xD1, 0x96, 0xF1, 0x7B, 0xF1, 0x7F, 0xD1,
    0x05, 0x22, 0x0D, 0x85, 0xA0, 0x66, 0xBC, 0x9C, 0x46, 0x42, 0x54, 0xB3, 0x95, 0xA7, 0xCF, 0x13,
    0xF7, 0xD8, 0x35, 0xB5, 0x6F, 0x4B, 0xC7, 0xB4, 0xA7, 0x80, 0x16, 0x47, 0xCF, 0x4F, 0x46, 0xEE,
    0xD8, 0x81, 0x8A, 0xE8, 0x84, 0xCA, 0x50, 0x36, 0xDB, 0xCF, 0xD9, 0xAC, 0x89, 0x63, 0xB4, 0xA7,
    0xDE, 0x14, 0xC4, 0x45, 0x78, 0xFE, 0xBF, 0x3E, 0x9D, 0xEB, 0xFD, 0xA5, 0xDE, 0x88, 0x4B, 0x2E,
    0x9B, 0x64, 0x63, 0xC3, 0x35, 0x3C, 0x83, 0x5B, 0xC8, 0x54, 0x6B, 0xBC, 0x1A, 0x85, 0x2A, 0x6D,
    0x5E, 0x57, 0x12, 0xD6, 0xF8, 0x6A, 0x86, 0x0F, 0x98, 0x4C, 0x0D, 0x1D, 0x3C, 0xC0, 0x0C, 0x3F,
    0x18, 0xC2, 0xA3, 0xD8, 0xDF, 0xEC, 0x78, 0xD3, 0x33, 0x5F, 0x2E, 0x67, 0xCA, 0x0B, 0xBF, 0xB8,
    0xAE, 0xA9, 0x3B, 0xB7, 0x74, 0xA6, 0xFC, 0x9B, 0xD6, 0xAA, 0x05, 0xF5, 0xFF, 0x3F, 0x00, 0x00,
    0xE5, 0x9B, 0x01, 0xA4, 0xE5, 0xD8, 0xFD, 0xC7, 0x3F, 0xC9, 0x99, 0xFF, 0xE6, 0x3F, 0x52, 0x7B,
    0x56, 0x0D, 0x4A, 0xED, 0x4B, 0x51, 0xC0, 0xBC, 0x09, 0x2C, 0x16, 0x77, 0xE4, 0xD4, 0xD2, 0xC5,
    0x42, 0x01, 0x00, 0x0B, 0x00, 0x6C, 0xB1, 0x78, 0xA8, 0xB9, 0xD1, 0xA2, 0x80, 0x0E, 0x0A, 0x80,
    0x02, 0x00, 0x06, 0x0F, 0x0F, 0x3B, 0x73, 0x8F, 0x2E, 0x00, 0x64, 0x17, 0x00, 0x95, 0xD5, 0x05,
    0xA0, 0x67, 0x2B, 0x6C, 0xC6, 0x26, 0xF7, 0x54, 0x7E, 0x3F, 0x47, 0x6F, 0xC6, 0x74, 0x97, 0xE9,
    0xF4, 0xDD, 0xB9, 0x77, 0x7F, 0xDC, 0x7C, 0xE5, 0x26, 0x26, 0x27, 0x9F, 0xCF, 0x49, 0x72, 0x4E,
    0xDE, 0x1D, 0x20, 0x9B, 0x01, 0x30, 0x7B, 0x89, 0x32, 0x4A, 0xBC, 0xBD, 0x93, 0xB8, 0xAF, 0x71,
    0xB5, 0x75, 0x00, 0xA1, 0x69, 0x81, 0xAC, 0x93, 0x30, 0xBE, 0xF1, 0x40, 0xE9, 0xEA, 0x25, 0x2C,
    0x55, 0x07, 0xDC, 0xA7, 0xEA, 0x81, 0x2B, 0xEC, 0x12, 0x01, 0x1B, 0x20, 0xEB, 0x25, 0x4C, 0x8C,
    0x71, 0x80, 0x52, 0xC3, 0x42, 0x31, 0xC2, 0x25, 0x98, 0x09, 0xAE, 0x34, 0x02, 0x98, 0x99, 0xAC,
    0x87, 0x7C, 0xC6, 0xF4, 0xD2, 0xA6, 0x7A, 0x0F, 0xBB, 0xE8, 0x9B, 0x08, 0x31, 0x7A, 0x58, 0x57,
    0xE9, 0x24, 0xA4, 0x25, 0xB0, 0xED, 0x0E, 0xD7, 0xAC, 0x03, 0x52, 0x65, 0xBB, 0xC7, 0x50, 0x7D,
    0x37, 0xFE, 0x96, 0x3D, 0x4D, 0x30, 0x03, 0x36, 0x14, 0x3D, 0xB6, 0xB7, 0x1E, 0xDB, 0x55, 0x1E,
    0xEB, 0xEB, 0x16, 0xEB, 0x1B, 0xB7, 0x2C, 0xA0, 0x6A, 0x1B, 0xA8, 0x5D, 0xE3, 0x68, 0x68, 0x5A,
    0x1A, 0x6A, 0xCF, 0x0E, 0x1B, 0x4C, 0xEC, 0x8A, 0xF8, 0x74, 0xD7, 0xB3, 0xEB, 0xBF, 0xE6, 0xA0,
    0x8A, 0x16, 0xA8, 0x02, 0x50, 0x07, 0xC0, 0x86, 0xF4, 0x1D, 0xEB, 0xDA, 0xB6, 0x12, 0x3B, 0x2F,
    0x61, 0x24, 0xD2, 0x8E, 0x16, 0xA9, 0xFF, 0x87, 0x75, 0x9D, 0xA6, 0xA2, 0x72, 0x00, 0xEC, 0x24,
    0x4D, 0x03, 0xB8, 0x06, 0xE8, 0x81, 0xAC, 0xE5, 0xF6, 0xBC, 0x94, 0x4E, 0xB3, 0x6E, 0x35, 0x1B,
    0x0D, 0x66, 0x0D, 0x13, 0x74, 0xAB, 0x76, 0x95, 0x2C, 0xF6, 0x00, 0x54, 0xDF, 0x4E, 0x92, 0xCD,
    0xE7, 0x9A, 0x0F, 0xB8, 0x81, 0xFF, 0x6C, 0x45, 0xB4, 0x24, 0x2F, 0x49, 0x4C, 0x32, 0x93, 0xD4,
    0x24, 0x37, 0x49, 0x4E, 0xB2, 0x93, 0xF4, 0x24, 0x3F, 0x49, 0x50, 0x32, 0x94, 0x14, 0x25, 0x47,
    0x49, 0x52, 0xB2, 0x94, 0x34, 0x25, 0x4F, 0x49, 0x54, 0x32, 0x95, 0x54, 0x25, 0x57, 0x49, 0x16,
    0x2B, 0x5B, 0x01, 0xC0, 0x0C, 0x00, 0x65, 0x00, 0xA8, 0x3C, 0xE0, 0x1E, 0x01, 0x79, 0x08, 0x40,
    0x3D, 0x03, 0x79, 0xDC, 0x79, 0x30, 0x53, 0xB3, 0x2C, 0x7B, 0x65, 0xC6, 0xDA, 0xA4, 0xAA, 0x14,
    0x97, 0x88, 0x4C, 0xC4, 0x26, 0xA2, 0x13, 0xF1, 0x89, 0x08, 0x45, 0x8C, 0x22, 0x4A, 0x11, 0xA7,
    0x88, 0x54, 0xB5, 0xAA, 0x5A, 0xD5, 0x2B, 0x2A, 0x76, 0x6D, 0xF6, 0x72, 0xA5, 0x53, 0x5A, 0x9B,
    0x9A, 0x4E, 0x36, 0xA2, 0xDA, 0x6A, 0x92, 0x55, 0x95, 0x9A, 0x9C, 0xAA, 0xD2, 0xD3, 0xBE, 0xCA,
    0x4C, 0x97, 0xBA, 0x6F, 0x3E, 0x02, 0xEC, 0x01, 0x6A, 0xE7, 0x20, 0xFF, 0x52, 0x85, 0xA9, 0x2F,
    0xD5, 0x65, 0xFA, 0xDB, 0xBC, 0x19, 0xF2, 0x92, 0x7B, 0xB2, 0xD1, 0x30, 0xFE, 0xE0, 0xB2, 0xAC,
    0xEF, 0x9E, 0xAF, 0x1F, 0xB4, 0xF4, 0xD2, 0x2C, 0x27, 0x80, 0x0D, 0xC0, 0xFB, 0x80, 0x0B, 0x90,
    0x87, 0xC7, 0xC7, 0x94, 0xF4, 0x34, 0xF7, 0x80, 0x89, 0xE2, 0xA3, 0xFC, 0xF0, 0x0F, 0x42, 0xC6,
    0x44, 0x07, 0x94, 0xCC, 0x1C, 0x54, 0xCD, 0x39, 0x4B, 0xAA, 0xFC, 0xFB, 0xB0, 0x0D, 0x1B, 0x08,
    0xD7, 0x57, 0x10, 0x9A, 0x00, 0x41, 0x6F, 0x7E, 0x40, 0x7E, 0xFC, 0x2B, 0xE9, 0x14, 0x0C, 0x1C,
    0x61, 0x3C, 0xF7, 0x8A, 0x82, 0x8E, 0x30, 0xEE, 0x7B, 0xA8, 0xF1, 0x4C, 0x5B, 0x33, 0xA9, 0x9A,
    0x41, 0xC2, 0xFA, 0xC3, 0x3D, 0xB4, 0xFE, 0x8F, 0x9F, 0x01, 0x58, 0x1E, 0x4A, 0xB8, 0xCF, 0xD4,
    0x61, 0xD0, 0x2E, 0xE0, 0x4E, 0xDE, 0xB6, 0xF1, 0xE9, 0xC4, 0xE5, 0xC0, 0xDB, 0xF4, 0xBC, 0x36,
    0x09, 0x1A, 0xBF, 0xC9, 0x1C, 0x59, 0x28, 0x3C, 0x59, 0xB0, 0x2D, 0xC4, 0x3D, 0x50, 0x7F, 0xCD,
    0x2D, 0x39, 0x2D, 0xDD, 0xA1, 0x9A, 0x22, 0x48, 0xE4, 0xA3, 0x04, 0x8F, 0xD2, 0x3E, 0x3F, 0x1E,
    0x61, 0x03, 0xC0, 0x44, 0xEA, 0xC1, 0xD2, 0x94, 0xB2, 0x03, 0xB8, 0x3E, 0xBA, 0xB0, 0x55, 0x09,
    0x01, 0xA8, 0xD4, 0x18, 0xAB, 0xC8, 0xBD, 0xC6, 0x8F, 0xC6, 0xDB, 0x61, 0x93, 0x4D, 0x04, 0xA8,
    0x00, 0x2E, 0x48, 0xC3, 0x90, 0x5F, 0x1C, 0x47, 0xDE, 0xAB, 0x8F, 0x43, 0x8E, 0xAF, 0xEB, 0x18,
    0xE3, 0x90, 0x63, 0x4A, 0x3A, 0x29, 0xF4, 0x47, 0x18, 0x80, 0xFC, 0xB0, 0x94, 0xA3, 0x8F, 0x3D,
    0xEE, 0x40, 0x13, 0x63, 0x9C, 0xE0, 0xE7, 0x31, 0xC6, 0xBD, 0x50, 0xA0, 0xD1, 0xB0, 0x8E, 0x7C,
    0x82, 0xB2, 0x15, 0x50, 0x39, 0x98, 0xF1, 0x70, 0x6C, 0x52, 0x04, 0xDE, 0x03, 0xCA, 0xC0, 0x13,
    0xC0, 0xC6, 0x18, 0x34, 0xFA, 0x25, 0x3A, 0xD3, 0x01, 0x95, 0xCF, 0x96, 0xA8, 0x7D, 0xE6, 0x25,
    0x14, 0x55, 0xAB, 0xE1, 0x20, 0x83, 0xC5, 0xB2, 0x85, 0x1D, 0x70, 0xA9, 0x71, 0x03, 0x11, 0xF2,
    0x40, 0x1E, 0x5B, 0x6A, 0x4F, 0x15, 0x63, 0x8C, 0x8E, 0xAD, 0xB6, 0xEF, 0xC5, 0xBA, 0x78, 0xD9,
    0x5B, 0xB3, 0xAD, 0xC6, 0xC5, 0x0A, 0x75, 0x7C, 0x4C, 0xFD, 0x8F, 0x91, 0x29, 0x9B, 0x4D, 0x60,
    0x5F, 0x76, 0x3C, 0xB3, 0x9E, 0xA7, 0x95, 0xCB, 0x87, 0x9A, 0x6D, 0xDB, 0x94, 0x5F, 0xD3, 0xCC,
    0xDA, 0xBA, 0xC6, 0x49, 0xFE, 0xA4, 0xF2, 0xBC, 0x57, 0x0E, 0x59, 0x9F, 0xC7, 0x9D, 0xE3, 0x93,
    0x71, 0xDD, 0x05, 0x1A, 0x2F, 0xF2, 0x25, 0xD7, 0xDA, 0x41, 0xB8, 0x01, 0x66, 0x96, 0xC8, 0x2E,
    0x25, 0xD8, 0x68, 0x7C, 0xAA, 0xF1, 0x17, 0x38, 0x03, 0x13, 0x4D, 0xAB, 0xD4, 0x8D, 0x7E, 0x28,
    0x81, 0xBB, 0xAF, 0x9B, 0x7A, 0xDD, 0x3E, 0x01, 0x88, 0xDD, 0x35, 0x90, 0xF5, 0x21, 0x00, 0x79,
    0xB7, 0xEB, 0x81, 0xAC, 0xAB, 0xDB, 0x13, 0xE7, 0x68, 0x06, 0x0B, 0x76, 0xB2, 0x70, 0x79, 0x61,
    0x61, 0x63, 0x67, 0xB8, 0x2F, 0x4D, 0x5A, 0x61, 0x14, 0x8E, 0x0B, 0x48, 0x16, 0x92, 0x2C, 0x28,
    0x59, 0x58, 0xB2, 0xC0, 0x64, 0xA1, 0xC9, 0x82, 0x53, 0x78, 0x6A, 0x93, 0x1A, 0x87, 0x22, 0x65,
    0x61, 0xCA, 0x02, 0x15, 0xA1, 0x7A, 0xD0, 0x99, 0x7F, 0xA7, 0x31, 0x01, 0x24, 0x1C, 0x65, 0x0F,
    0xF0, 0x4E, 0xED, 0x80, 0x6C, 0xBC, 0x82, 0x85, 0x25, 0x00, 0x71, 0x2B, 0xCC, 0xF7, 0xD5, 0x12,
    0x0C, 0x85, 0x3F, 0x71, 0xF4, 0x48, 0x8B, 0x80, 0xAA, 0x25, 0x01, 0x63, 0x26, 0xB5, 0xAB, 0xFA,
    0xC8, 0xA5, 0x69, 0x75, 0xF5, 0xED, 0x0C, 0xD4, 0x5F, 0xCE, 0xC0, 0x05, 0x37, 0xC0, 0x8B, 0x7E,
    0x54, 0x90, 0x1A, 0x52, 0x45, 0xEA, 0x48, 0x25, 0xA9, 0x25, 0xD5, 0xA4, 0x9E, 0x54, 0x14, 0x4D,
    0x3A, 0x72, 0x72, 0xA5, 0xB2, 0xD4, 0x96, 0xEA, 0x4A, 0xBE, 0xB2, 0xF5, 0xDB, 0xCB, 0x59, 0xA3,
    0xD1, 0x28, 0xFD, 0x3B, 0xB2, 0xF1, 0x9B, 0x91, 0xF3, 0x15, 0xF6, 0x00, 0xA8, 0x9D, 0x20, 0xA2,
    0x08, 0xE8, 0x6C, 0xF9, 0xA2, 0x72, 0x8B, 0xA4, 0x45, 0x91, 0x08, 0x52, 0x3D, 0xAF, 0xFF, 0xAE,
    0xAF, 0x5C, 0x00, 0x13, 0x57, 0xCF, 0x9E, 0x77, 0x01, 0x78, 0x67, 0xA3, 0x6E, 0x3E, 0x3E, 0xEF,
    0xCB, 0x85, 0xF4, 0x8F, 0x35, 0x3D, 0xF0, 0xD3, 0x2E, 0x4D, 0xD8, 0x8B, 0xC5, 0xCA, 0xAF, 0x11,
    0x11, 0x62, 0x42, 0x54, 0x2C, 0x2E, 0x6E, 0xE1, 0x3E, 0x56, 0xF6, 0xE2, 0xA0, 0x1E, 0x1F, 0xC8,
    0x2D, 0x6D, 0xF3, 0x10, 0xE0, 0xAA, 0x9A, 0x00, 0xDE, 0x2B, 0x7B, 0xF5, 0x83, 0xFA, 0xE1, 0x8C,
    0xFD, 0xC8, 0x64, 0x49, 0xA6, 0x4A, 0xE5, 0x1F, 0x3F, 0xF7, 0xD8, 0x0F, 0x62, 0x4B, 0xE1, 0x9E,
    0x82, 0x56, 0xE5, 0x8E, 0xE0, 0xE7, 0xB4, 0xE0, 0x1F, 0x61, 0x60, 0x2A, 0xF5, 0xF2, 0x5B, 0xD8,
    0xED, 0x0E, 0x5C, 0xEB, 0xE5, 0x4B, 0x9D, 0x3C, 0xB1, 0xE0, 0x31, 0x1E, 0xDE, 0x3A, 0xD8, 0x1C,
    0x27, 0xAA, 0x38, 0x90, 0x47, 0x47, 0xB6, 0x87, 0x6C, 0x46, 0x34, 0x98, 0x49, 0x04, 0x08, 0xFD,
    0x62, 0x10, 0xEE, 0xD8, 0xE5, 0xD3, 0x83, 0xED, 0xA0, 0xEA, 0x94, 0x70, 0xE3, 0x53, 0x23, 0x15,
    0xEE, 0x0E, 0xE5, 0x19, 0x1D, 0x75, 0x0C, 0x6C, 0x45, 0x13, 0xFA, 0x65, 0x16, 0x95, 0x3E, 0x56,
    0xF1, 0xF3, 0x4B, 0x20, 0x75, 0xA4, 0x27, 0xA2, 0x98, 0x6D, 0x0F, 0x3B, 0x3D, 0x06, 0xD6, 0xEB,
    0xA7, 0x6A, 0xF5, 0x53, 0x3B, 0x68, 0xD0, 0xCF, 0x23, 0xE0, 0x19, 0x64, 0x11, 0xEA, 0xD8, 0xD3,
    0xC4, 0x70, 0x8B, 0xE7, 0xA2, 0x34, 0x8B, 0x11, 0xCA, 0x09, 0x8A, 0x49, 0xD7, 0xB5, 0xAE, 0x90,
    0x63, 0xE7, 0x72, 0xBE, 0xB2, 0xFE, 0x3A, 0xCF, 0x71, 0x75, 0xFC, 0x49, 0x8F, 0x6F, 0x56, 0xC7,
    0xCF, 0x76, 0xCF, 0xC5, 0xEB, 0x77, 0xD1, 0x0B, 0x01, 0x3B, 0x40, 0xD9, 0x93, 0xCF, 0xFA, 0x6F,
    0x47, 0x78, 0x26, 0x1D, 0x38, 0x9B, 0x80, 0xC6, 0x9B, 0x61, 0x89, 0xAE, 0x0C, 0x40, 0xDD, 0xDB,
    0x1E, 0xA8, 0xFA, 0xAA, 0x93, 0x68, 0x3C, 0x1A, 0xB2, 0x4D, 0xA3, 0x93, 0x68, 0xBC, 0x46, 0x2B,
    0xB1, 0x45, 0x62, 0x2F, 0x7D, 0x2D, 0x9B, 0xB0, 0x41, 0x58, 0x97, 0x83, 0x9C, 0xA2, 0x99, 0x94,
    0x68, 0x74, 0x8B, 0x0B, 0xAA, 0x7D, 0xEC, 0xA4, 0x99, 0x03, 0xFF, 0xE5, 0xBC, 0x8F, 0x2A, 0x4E,
    0x70, 0x93, 0x47, 0xF2, 0x9E, 0x9D, 0x2B, 0x3C, 0x8D, 0xB7, 0x8E, 0xDA, 0x57, 0x50, 0xF9, 0x1A,
    0x9D, 0x5D, 0xA7, 0x85, 0xC3, 0xBA, 0xA6, 0xA5, 0xA2, 0xF1, 0x3C, 0xA4, 0xEA, 0xB9, 0xA1, 0x1C,
    0xF3, 0x9E, 0x3C, 0x46, 0x07, 0x9F, 0xAC, 0x5B, 0x53, 0x3A, 0x39, 0xD7, 0xF4, 0x40, 0xAC, 0x3B,
    0xFD, 0x6E, 0x5D, 0x4A, 0x1E, 0x28, 0xE6, 0xD5, 0x2B, 0xFF, 0x8D, 0xC6, 0xB5, 0xC6, 0x63, 0x48,
    0x75, 0xCA, 0x8A, 0x2A, 0xE1, 0x10, 0x80, 0x4C, 0x16, 0x7D, 0x1A, 0x22, 0xE4, 0xDC, 0x8E, 0x97,
    0x1B, 0x8D, 0xF5, 0x1F, 0x52, 0x7A, 0x09, 0x9D, 0xD2, 0x0C, 0x37, 0x48, 0xDB, 0xD1, 0xC7, 0x90,
    0x9C, 0xC1, 0x5C, 0x49, 0x84, 0xD2, 0x9F, 0xBE, 0x04, 0xD3, 0x41, 0x9A, 0xC5, 0x55, 0x1E, 0x74,
    0x6F, 0x25, 0x52, 0x7E, 0xDE, 0x01, 0xDB, 0x41, 0x3A, 0x63, 0x04, 0x6C, 0x88, 0x40, 0xD9, 0x3E,
    0x00, 0x5E, 0xF4, 0xA3, 0x82, 0xD4, 0x90, 0x2A, 0x42, 0x1C, 0x21, 0x92, 0x10, 0x4B, 0x88, 0x26,
    0x9A, 0x83, 0xA5, 0x98, 0x42, 0x54, 0xA9, 0x2B, 0x95, 0xA5, 0xB6, 0x54, 0x57, 0xF2, 0x95, 0xA9,
    0x97, 0x7C, 0x3D, 0xA5, 0xD9, 0x6A, 0x58, 0x8F, 0x4E, 0x69, 0x06, 0xCE, 0x57, 0x58, 0xE9, 0xD2,
    0x99, 0x96, 0x81, 0x44, 0xE2, 0x91, 0x08, 0xFC, 0xC8, 0x8B, 0x2A, 0x31, 0x25, 0xA2, 0xC4, 0xD3,
    0x2D, 0xDE, 0xDC, 0xD2, 0x6B, 0x2C, 0x05, 0x9F, 0xE9, 0xA1, 0xB9, 0xAF, 0x71, 0x05, 0x90, 0x0D,
    0x1F, 0x9F, 0xAF, 0x9A, 0x54, 0x36, 0x00, 0x95, 0x7C, 0x23, 0x0B, 0xF1, 0xD4, 0x41, 0xF9, 0x57,
    0x77, 0x1C, 0x3F, 0x65, 0x2F, 0x0E, 0x9A, 0xE1, 0x52, 0x44, 0x6C, 0x36, 0x00, 0xD7, 0xF5, 0x08,
    0xF0, 0x69, 0xD9, 0xA3, 0xA5, 0x7E, 0x38, 0x67, 0x3F, 0x5B, 0x17, 0xC8, 0xA2, 0x0F, 0x98, 0x2F,
    0xBE, 0x0A, 0x18, 0x1F, 0x3B, 0xF2, 0x85, 0xA1, 0x56, 0x79, 0x8C, 0xEB, 0xE7, 0x08, 0xF0, 0x4F,
    0x6A, 0x40, 0xF6, 0x0A, 0x6E, 0x8E, 0x32, 0x70, 0x4B, 0x2B, 0x55, 0x2B, 0xD1, 0x20, 0x35, 0x67,
    0x00, 0x26, 0x98, 0x56, 0xF6, 0x30, 0x1E, 0x80, 0x14, 0xDD, 0x02, 0x27, 0x7E, 0xE0, 0xC5, 0x61,
    0xF4, 0xE2, 0x70, 0xFF, 0x66, 0x3B, 0xDC, 0x00, 0xCC, 0x80, 0x6C, 0x2D, 0xC2, 0x3D, 0xA8, 0xDA,
    0x0D, 0xBC, 0xCF, 0xA5, 0x9A, 0x93, 0x45, 0x16, 0x87, 0x07, 0x54, 0x31, 0x4E, 0x8B, 0x8B, 0xE1,
    0x75, 0xB9, 0xC8, 0xFB, 0xC3, 0x21, 0x9A, 0x10, 0x01, 0x76, 0x64, 0x00, 0x95, 0x17, 0xC6, 0x59,
    0x7F, 0xEA, 0x8C, 0xED, 0xBF, 0x1F, 0xF0, 0x3D, 0x60, 0x46, 0xEE, 0xC1, 0x53, 0x36, 0x50, 0xBA,
    0xFF, 0x3D, 0xE3, 0x1F, 0x98, 0x80, 0x64, 0x12, 0xD7, 0x82, 0x9A, 0xC7, 0x47, 0x40, 0x7D, 0x1B,
    0x13, 0x90, 0x7B, 0x60, 0xFC, 0x06, 0x72, 0x6E, 0x81, 0x77, 0xED, 0x9E, 0x00, 0x44, 0x1F, 0x80,
    0xFC, 0xAB, 0xF0, 0xCD, 0x12, 0x5D, 0xFC, 0x7B, 0x0B, 0x59, 0x57, 0x7F, 0x70, 0xE2, 0x84, 0xB3,
    0xC9, 0xB4, 0x14, 0xD1, 0x78, 0x6C, 0xF9, 0xE1, 0x9F, 0xB1, 0x26, 0x6E, 0xB0, 0xD9, 0x74, 0x2B,
    0xFD, 0x38, 0xD3, 0x30, 0xAD, 0xC6, 0xF1, 0x49, 0x1E, 0xEB, 0xF1, 0x79, 0x8F, 0x74, 0xE3, 0xFE,
    0x61, 0xEE, 0xB7, 0xF3, 0xBC, 0x6C, 0xE2, 0x48, 0x13, 0x7D, 0x1D, 0x07, 0xEA, 0xD8, 0x9A, 0x08,
    0x66, 0x14, 0xF0, 0x79, 0x10, 0x0A, 0xA6, 0xC7, 0x8C, 0x62, 0x49, 0xC2, 0x53, 0x0C, 0x50, 0x78,
    0xCA, 0x00, 0x65, 0x2B, 0xD8, 0xAC, 0x63, 0x71, 0x90, 0x02, 0x16, 0x15, 0x15, 0xD4, 0x1E, 0x1E,
    0x20, 0x9C, 0x1F, 0x42, 0x8A, 0x16, 0x36, 0x4A, 0xEB, 0x33, 0xD8, 0x3A, 0x18, 0x64, 0x2D, 0x0B,
    0xB2, 0x8B, 0xE9, 0x16, 0x6D, 0xD8, 0x16, 0xEC, 0xFC, 0xAB, 0xC5, 0xBA, 0x89, 0x71, 0x00, 0xF8,
    0x64, 0xEF, 0xE0, 0xC5, 0xCA, 0x3B, 0x00, 0xB1, 0x06, 0xD8, 0x91, 0xB4, 0x96, 0xB6, 0xA5, 0x6A,
    0xA6, 0x2C, 0xF6, 0xF5, 0xB2, 0x30, 0x23, 0x55, 0x97, 0x8F, 0x58, 0x9F, 0x0F, 0x58, 0x6F, 0x02,
    0x95, 0x2C, 0xDA, 0x22, 0x50, 0xBB, 0xA2, 0xA7, 0xA1, 0xEC, 0x68, 0xB0, 0x9E, 0x2D, 0xD6, 0xEB,
    0x2B, 0xF4, 0xFD, 0xB2, 0xE7, 0x1E, 0xDB, 0xBD, 0x1D, 0x7D, 0xB9, 0x7F, 0x1E, 0x7D, 0x16, 0x7F,
    0xEF, 0x56, 0x8C, 0x5B, 0x12, 0x63, 0xED, 0x95, 0xF2, 0xDD, 0x2B, 0xFC, 0x6E, 0x9E, 0xBB, 0x90,
    0xEA, 0x74, 0x15, 0xAD, 0x3A, 0x5C, 0xDE, 0x27, 0x1B, 0x45, 0x0B, 0xBC, 0xC5, 0xAD, 0x79, 0xB9,
    0xD6, 0xC8, 0x46, 0x4D, 0x13, 0x34, 0x6D, 0xC7, 0x1D, 0x80, 0x06, 0xAC, 0xEE, 0xA6, 0xC9, 0x41,
    0x3A, 0xA1, 0x3E, 0x5B, 0x14, 0x7B, 0x44, 0xB8, 0xFF, 0x53, 0xC1, 0xE7, 0x3D, 0x4A, 0xBE, 0x23,
    0xA1, 0x4F, 0xEC, 0x13, 0xFC, 0x44, 0x3F, 0xE1, 0x57, 0xF0, 0x29, 0x49, 0x06, 0x92, 0x82, 0x04,
    0x3F, 0x65, 0xB2, 0x90, 0x34, 0x24, 0x0F, 0x49, 0x44, 0x32, 0x91, 0x54, 0x24, 0x17, 0x49, 0x86,
    0xDA, 0xF8, 0xDE, 0x5F, 0x0A, 0x08, 0x83, 0xDA, 0x61, 0x81, 0x2B, 0x24, 0xB4, 0x17, 0x6A, 0x2C,
    0x66, 0x9E, 0x5B, 0xB7, 0xB8, 0x89, 0x91, 0xC5, 0xCE, 0x97, 0x13, 0xE2, 0x07, 0xC4, 0x10, 0x88,
    0x23, 0x8D, 0x16, 0xC4, 0x13, 0x88, 0x29, 0xD4, 0x15, 0x6A, 0x0B, 0xF5, 0x85, 0x1A, 0x43, 0x9D,
    0xA1, 0xD6, 0x40, 0xBC, 0xC1, 0xDA, 0x9C, 0x32, 0x11, 0x49, 0x4E, 0xB3, 0xF2, 0x12, 0xC2, 0xF5,
    0x0E, 0x3A, 0xE8, 0xB4, 0x00, 0x17, 0x67, 0x6D, 0xAF, 0x42, 0xA3, 0x05, 0x41, 0xA6, 0x0E, 0x07,
    0x65, 0xF0, 0x19, 0xDA, 0x98, 0x37, 0xCF, 0xDE, 0x8B, 0x77, 0xBC, 0x74, 0xCB, 0xC3, 0xA4, 0xF4,
    0xDC, 0x41, 0x5B, 0x6C, 0x01, 0xEE, 0x9E, 0xB5, 0xC5, 0xD5, 0x4D, 0x11, 0x9A, 0x5E, 0x22, 0xEF,
    0x35, 0xF4, 0x76, 0x54, 0xB4, 0x58, 0xE0, 0xAD, 0x37, 0x4F, 0x66, 0x3E, 0x94, 0x92, 0x76, 0xB2,
    0x92, 0x0F, 0x2A, 0x2B, 0x2D, 0xBE, 0xB4, 0x7B, 0x2C, 0xF0, 0x6E, 0x3E, 0x9C, 0xB3, 0xBC, 0x7C,
    0x2C, 0x1C, 0x0B, 0x9C, 0x42, 0x76, 0xB3, 0xA5, 0xBB, 0x03, 0x17, 0x45, 0xC4, 0xC2, 0xDB, 0xF9,
    0xF8, 0x46, 0x5E, 0x7B, 0x77, 0xD6, 0x3A, 0xCE, 0x59, 0xCF, 0xCB, 0xC7, 0x84, 0x50, 0x0E, 0x9A,
    0x76, 0x5C, 0xAF, 0xCB, 0xF6, 0x97, 0xE3, 0xB2, 0x1A, 0x6F, 0xA2, 0x50, 0x81, 0x7D, 0x78, 0x0B,
    0x09, 0x20, 0x74, 0x0E, 0xB7, 0x41, 0xB2, 0xAB, 0xE1, 0xD3, 0xA3, 0x1E, 0x54, 0x20, 0xC0, 0xD3,
    0xD5, 0xD9, 0x1D, 0xD4, 0x36, 0xCE, 0xD4, 0xB1, 0xDB, 0xC6, 0x91, 0x3A, 0xFA, 0x22, 0xB6, 0x32,
    0xCE, 0x8C, 0x50, 0x74, 0x10, 0x1D, 0xD6, 0xC1, 0xAE, 0xE5, 0x52, 0xE5, 0x5C, 0xC9, 0xD1, 0x45,
    0x95, 0x0D, 0xC6, 0x0B, 0x60, 0x39, 0xAE, 0xD1, 0x39, 0x65, 0x3E, 0x5F, 0x01, 0x10, 0xC3, 0x6A,
    0x5E, 0xE4, 0x74, 0x8D, 0xC3, 0x88, 0x1A, 0xFB, 0xC3, 0x1F, 0x98, 0xE7, 0x1A, 0x66, 0x92, 0x28,
    0x75, 0x6D, 0x17, 0x3B, 0x80, 0xA8, 0x21, 0x22, 0x4D, 0x48, 0x6F, 0xC0, 0x04, 0xAB, 0xE0, 0x5F,
    0x2B, 0xB6, 0xD1, 0xD7, 0x7B, 0x1B, 0xDB, 0xFA, 0xB9, 0x99, 0x28, 0x7C, 0x36, 0x61, 0x1D, 0x33,
    0x17, 0xB0, 0x67, 0x03, 0x3B, 0x06, 0xD8, 0x66, 0x3D, 0x34, 0x32, 0x07, 0xFD, 0x13, 0x50, 0xFD,
    0x0D, 0xB0, 0x93, 0x9C, 0x9A, 0x0A, 0x44, 0x3B, 0x61, 0x05, 0xDA, 0x7B, 0x19, 0x41, 0xFB, 0xA9,
    0x59, 0x6F, 0xDC, 0x00, 0xDC, 0x3B, 0x45, 0x9C, 0xEB, 0x2A, 0xDD, 0xFA, 0x81, 0xB5, 0xEA, 0x6D,
    0xEE, 0x28, 0x78, 0x17, 0xAB, 0x9B, 0x72, 0x80, 0x7B, 0x76, 0x14, 0x3E, 0x2B, 0xD3, 0xEB, 0x97,
    0x48, 0x50, 0x07, 0x09, 0x34, 0xB2, 0xFE, 0x70, 0xAA, 0x95, 0x73, 0xDA, 0x7D, 0xFF, 0xFB, 0xFE,
    0x03, 0x32, 0x01, 0xE0, 0xF1, 0xF1, 0x2F, 0x80, 0xF4, 0xCE, 0x09, 0x7D, 0xEB, 0x04, 0xF6, 0xA3,
    0x0F, 0xDB, 0x25, 0x4C, 0x64, 0x89, 0x6C, 0x3E, 0x79, 0x09, 0x8D, 0x0B, 0x10, 0x7D, 0x20, 0xFF,
    0xA2, 0x5F, 0xFF, 0x11, 0xEB, 0xC8, 0xE8, 0xFF, 0x05, 0x75, 0xD3, 0x01, 0xA4, 0x1D, 0xE9, 0x19,
    0xC6, 0xF1, 0xDF, 0xCC, 0xB7, 0xC9, 0xE8, 0x0E, 0xF9, 0x2E, 0xB4, 0x0A, 0xE9, 0x14, 0x81, 0xB6,
    0x37, 0x77, 0xA0, 0xB8, 0xE5, 0xDE, 0x7B, 0x3E, 0x0A, 0x80, 0x0D, 0x80, 0x82, 0x45, 0xC1, 0x62,
    0x05, 0xC1, 0x45, 0x92, 0x33, 0x16, 0x0A, 0x10, 0x00, 0x20, 0x10, 0xDA, 0x4D, 0x21, 0x08, 0xB2,
    0x24, 0x7B, 0x06, 0x00, 0xCA, 0x28, 0x40, 0x61, 0x5A, 0x56, 0x51, 0xEA, 0xC3, 0xE0, 0x6C, 0xCD,
    0xB9, 0xD3, 0x73, 0x92, 0x03, 0x4B, 0xF6, 0xF0, 0x3C, 0xEF, 0xFF, 0x7B, 0x9F, 0xF7, 0x7B, 0xCF,
    0x60, 0xE6, 0x8B, 0x97, 0x2F, 0xBB, 0x65, 0x59, 0xFA, 0x7D, 0x7D, 0x4F, 0x47, 0x7E, 0xB1, 0xAF,
    0xD3, 0x0F, 0x7B, 0x87, 0xDF, 0x5F, 0x36, 0xEF, 0x4F, 0x5B, 0x5C, 0x87, 0x31, 0xF6, 0xAB, 0x6E,
    0xD5, 0xAF, 0xC6, 0x76, 0x88, 0x09, 0xA9, 0xCA, 0xCD, 0x14, 0xB7, 0xD5, 0x14, 0x72, 0xDD, 0x5F,
    0xF9, 0x25, 0x29, 0xE4, 0xB8, 0xAD, 0xE7, 0x30, 0x87, 0x5C, 0x0D, 0x67, 0xEE, 0x01, 0x6F, 0xE4,
    0x30, 0xD4, 0x7D, 0xD3, 0xB5, 0x56, 0x69, 0x63, 0xDD, 0x2F, 0x69, 0x3D, 0x2C, 0xFD, 0xAA, 0x5F,
    0x77, 0xD1, 0x7D, 0x20, 0x15, 0xAA, 0xB1, 0xEE, 0xE3, 0xB4, 0xDA, 0x6F, 0x68, 0x73, 0x3D, 0xC5,
    0xBC, 0xDF, 0x3A, 0xEC, 0x3B, 0xE9, 0xCC, 0x13, 0x9F, 0x7B, 0x46, 0x2A, 0xD2, 0xBE, 0x37, 0xC6,
    0x6D, 0x93, 0xEB, 0x39, 0x4E, 0x61, 0xAE, 0xF7, 0x33, 0xD5, 0x58, 0x0D, 0xB1, 0x3B, 0xCC, 0xDC,
    0xF3, 0x00, 0x7F, 0xC4, 0x7C, 0xD4, 0x16, 0x13, 0x45, 0xA6, 0x3C, 0x68, 0x24, 0x0C, 0x7E, 0xFD,
    0xD7, 0xFF, 0x7D, 0xBD, 0x5E, 0xFE, 0xB3, 0x13, 0x7A, 0xAA, 0x8E, 0x3A, 0x11, 0x0F, 0x42, 0x83,
    0x16, 0x57, 0xB8, 0xC4, 0x13, 0xBC, 0x3D, 0xEA, 0xB8, 0xB2, 0x98, 0x28, 0x27, 0x42, 0xFE, 0xA0,
    0xE2, 0x01, 0xD4, 0x3D, 0xE2, 0x7B, 0xEB, 0x10, 0x13, 0x1A, 0x68, 0xE1, 0x0C, 0x2E, 0x09, 0xCB,
    0xB2, 0x8C, 0xB7, 0x5F, 0xBE, 0xFB, 0x43, 0xC7, 0x35, 0x47, 0x7B, 0x0D, 0xF9, 0x68, 0x8A, 0xF7,
    0x36, 0x3A, 0x3C, 0xE8, 0x4B, 0xAB, 0x65, 0xB9, 0x21, 0xF4, 0xA8, 0x7A, 0xD4, 0xC7, 0xBF, 0x38,
    0x5A, 0x93, 0xD0, 0xC2, 0xEA, 0x68, 0xFC, 0x14, 0x28, 0xB3, 0x66, 0xB6, 0xBA, 0xB1, 0x59, 0xAC,
    0x97, 0xD4, 0x2E, 0xE2, 0x2C, 0x0C, 0x50, 0x28, 0x92, 0xD4, 0xF4, 0xF5, 0x50, 0x8F, 0xAB, 0xB1,
    0xCD, 0xCD, 0xB4, 0x57, 0x8E, 0xDB, 0xB8, 0xEF, 0x54, 0x63, 0xF1, 0x21, 0x07, 0xC0, 0x7A, 0x02,
    0x08, 0xC3, 0x53, 0x80, 0x28, 0x76, 0x9C, 0xC2, 0x7D, 0xF5, 0xC0, 0x2B, 0xB8, 0x10, 0x46, 0x65,
    0x0F, 0x8F, 0x95, 0x59, 0xED, 0x03, 0x16, 0xD9, 0xA9, 0x23, 0x4E, 0x5E, 0x83, 0x4B, 0x72, 0x31,
    0x80, 0x2B, 0x45, 0xAE, 0x12, 0x68, 0x52, 0x31, 0xDE, 0x05, 0x62, 0x1F, 0xFA, 0x47, 0x40, 0xC8,
    0xF1, 0x38, 0xCA, 0x66, 0xAA, 0xD2, 0x66, 0xDC, 0x17, 0xB8, 0x5B, 0xDD, 0xBC, 0x0B, 0xDF, 0x6D,
    0xE0, 0x51, 0x33, 0xD6, 0x9F, 0x69, 0x3A, 0x8C, 0xAB, 0x54, 0xFE, 0x57, 0x3D, 0x10, 0xBA, 0x6F,
    0x99, 0x85, 0xCC, 0x1D, 0x33, 0xB3, 0x32, 0x73, 0x6E, 0x52, 0xCC, 0x8A, 0x89, 0x51, 0x56, 0xCE,
    0x4C, 0x42, 0x67, 0x14, 0x76, 0x4C, 0xEE, 0x30, 0xAA, 0x17, 0xB2, 0x73, 0x1E, 0x6A, 0x9E, 0x2B,
    0x46, 0x99, 0x7B, 0xD6, 0x75, 0x5F, 0xF6, 0xA1, 0xE7, 0xD3, 0xDB, 0xDB, 0x32, 0x57, 0x6A, 0x14,
    0x9B, 0x67, 0x9E, 0xBE, 0x00, 0x80, 0x62, 0x2A, 0x73, 0x18, 0xAB, 0xBE, 0xEE, 0xA2, 0x5F, 0x38,
    0x75, 0xEE, 0xA1, 0x62, 0x0A, 0x79, 0x7F, 0x63, 0x08, 0x63, 0xDD, 0x57, 0x7D, 0x4C, 0x75, 0xD7,
    0x88, 0xEE, 0xEF, 0xF3, 0x0B, 0xA7, 0xAE, 0x9D, 0x7B, 0xE5, 0xA1, 0x11, 0x9F, 0x2B, 0x47, 0x75,
    0xE7, 0x8A, 0x49, 0x35, 0x68, 0xD3, 0x01, 0x9B, 0xA4, 0xEA, 0x15, 0x99, 0xC7, 0x9C, 0x51, 0x27,
    0x85, 0x9F, 0x10, 0x93, 0x30, 0x30, 0xF1, 0x84, 0x86, 0xAA, 0x17, 0x46, 0xF1, 0x70, 0xBD, 0x98,
    0x0E, 0xA7, 0x96, 0x6B, 0x4E, 0xE0, 0x8B, 0x17, 0x54, 0xCB, 0x92, 0xAC, 0xBA, 0x76, 0x2C, 0x66,
    0x75, 0xAE, 0xF2, 0xCF, 0xAB, 0x6D, 0xEC, 0xBF, 0x0D, 0xDB, 0xD5, 0x57, 0x4B, 0x35, 0xAD, 0x7F,
    0xBF, 0xD4, 0xB9, 0x0D, 0x4B, 0xCC, 0xC2, 0xAE, 0x1D, 0x84, 0x79, 0x9D, 0x84, 0xEF, 0x77, 0x84,
    0x65, 0x3A, 0x58, 0x67, 0x1F, 0x20, 0x4C, 0xA8, 0x86, 0x1F, 0xBC, 0x98, 0xB7, 0x12, 0x38, 0x10,
    0xB4, 0x09, 0x9B, 0x1E, 0xEB, 0xDE, 0xF1, 0xF8, 0x09, 0xE0, 0x58, 0x69, 0x01, 0xE9, 0x08, 0x61,
    0xB8, 0x7F, 0x84, 0xE9, 0x02, 0xF0, 0xEE, 0xA2, 0xEE, 0x41, 0xF3, 0xDB, 0x4D, 0x0F, 0xCA, 0x7F,
    0xDF, 0x24, 0x70, 0xEB, 0x9B, 0x04, 0x3E, 0x5D, 0xBE, 0x04, 0x9A, 0xE9, 0xCF, 0x03, 0x88, 0xE9,
    0x9F, 0x5B, 0xA0, 0x18, 0x37, 0x40, 0x39, 0x9C, 0x01, 0x61, 0xF8, 0x04, 0x9C, 0x54, 0x83, 0x02,
    0xDE, 0x4A, 0xEA, 0x5E, 0xB1, 0x07, 0x27, 0x7B, 0x88, 0xDD, 0x1B, 0xA6, 0x3A, 0x89, 0xC3, 0x2B,
    0x76, 0x91, 0x72, 0xCA, 0xAD, 0xF6, 0xB3, 0x32, 0x7B, 0xFC, 0xAF, 0x45, 0xF5, 0xB7, 0x36, 0xAB,
    0x9F, 0x7F, 0xCF, 0x37, 0xCB, 0x33, 0x3F, 0xFB, 0x8E, 0xE2, 0xCB, 0x07, 0x7E, 0xB3, 0x7B, 0xA3,
    0xDC, 0xFC, 0xA3, 0xB3, 0xFE, 0xFB, 0xF3, 0x54, 0xED, 0x7E, 0x35, 0xB9, 0x0C, 0x7F, 0x1A, 0xC3,
    0x70, 0xFE, 0x94, 0xEA, 0xAB, 0x99, 0xEB, 0xB6, 0x57, 0x1F, 0x56, 0xBF, 0xAE, 0x3B, 0x31, 0x9D,
    0x30, 0x15, 0x34, 0x89, 0x62, 0x42, 0x01, 0x27, 0x00, 0x23, 0x08, 0x3D, 0x88, 0xC0, 0x05, 0x90,
    0x3F, 0x12, 0x9D, 0x02, 0xAF, 0x40, 0xD9, 0x83, 0xFA, 0x63, 0xD1, 0x00, 0xEA, 0x04, 0xEE, 0x02,
    0x8F, 0x40, 0x31, 0x80, 0xEA, 0xC7, 0xA3, 0xD0, 0x81, 0x3B, 0xC0, 0x39, 0xE0, 0xF6, 0xD7, 0x64,
    0x9B, 0x65, 0xAC, 0xB6, 0x61, 0x5B, 0x6D, 0xE3, 0x1C, 0x87, 0x62, 0x17, 0xE7, 0xA6, 0x77, 0x13,
    0xA7, 0x55, 0xDA, 0x7B, 0x5E, 0xA5, 0xE2, 0x26, 0x1E, 0xBE, 0xCA, 0x7D, 0xF6, 0x3B, 0xE1, 0x90,
    0xA9, 0x73, 0xD3, 0xD1, 0x0E, 0x4D, 0x62, 0x93, 0x5A, 0xC2, 0xAC, 0xA5, 0x19, 0x5C, 0xB1, 0xE6,
    0x92, 0x2D, 0x17, 0xCA, 0xCC, 0x63, 0x61, 0xE4, 0xAD, 0x30, 0xF0, 0x46, 0x91, 0x00, 0x28, 0x90,
    0x34, 0xBD, 0x2A, 0x5B, 0x8D, 0xE2, 0xD6, 0xC1, 0x67, 0x4D, 0x27, 0x64, 0xB7, 0x90, 0xFC, 0x1F,
    0x35, 0xD2, 0x21, 0x70, 0xDC, 0x56, 0x1A, 0x07, 0xF0, 0x9F, 0xDE, 0xF3, 0x45, 0x37, 0xA3, 0x99,
    0xE8, 0x40, 0xD0, 0x65, 0x26, 0xE2, 0x77, 0xE7, 0x5D, 0x6A, 0xB0, 0xDA, 0xD5, 0x71, 0x72, 0xE0,
    0x38, 0x2A, 0x4F, 0x41, 0x81, 0xC1, 0xDA, 0x16, 0x29, 0x0F, 0x47, 0x85, 0xAD, 0x51, 0x40, 0x80,
    0x81, 0x93, 0x7D, 0x1C, 0x89, 0x14, 0x95, 0xA8, 0x34, 0xE8, 0x01, 0x81, 0x4D, 0x67, 0x6D, 0x55,
    0xC9, 0x6C, 0x47, 0xF3, 0xFB, 0x7F, 0x50, 0xF3, 0x7D, 0xEF, 0xAF, 0x7C, 0xE2, 0xA6, 0x4C, 0x61,
    0x2C, 0x72, 0x99, 0x4C, 0x35, 0xC7, 0xF5, 0x62, 0xBB, 0x68, 0x99, 0x5A, 0x21, 0xB7, 0xE2, 0xD8,
    0xAA, 0x52, 0xA3, 0x51, 0xF5, 0x0F, 0x8A, 0xC3, 0x3B, 0xFC, 0x84, 0x8F, 0x78, 0xC4, 0x91, 0x22,
    0x13, 0x07, 0xEA, 0x9E, 0x15, 0x1E, 0x5E, 0x09, 0xE3, 0xB5, 0xAA, 0xFF, 0xE0, 0xD2, 0xE4, 0xF6,
    0xFE, 0x8F, 0xFE, 0x30, 0xCF, 0x49, 0x31, 0x12, 0x16, 0x71, 0x58, 0x24, 0x00, 0x65, 0xE7, 0x9F,
    0xF7, 0x9F, 0xD8, 0xCD, 0x27, 0xAE, 0xE1, 0x03, 0x64, 0x14, 0x23, 0xE2, 0xAF, 0xFF, 0x27, 0xCE,
    0x73, 0xAF, 0x50, 0x8D, 0x08, 0x19, 0xC5, 0x84, 0x90, 0xFD, 0x5D, 0xCC, 0x36, 0xCA, 0x41, 0xAB,
    0xEE, 0x35, 0xDD, 0x2D, 0xE5, 0x3C, 0x02, 0x14, 0x87, 0x41, 0xD3, 0x9D, 0xEC, 0xB5, 0x45, 0x76,
    0x19, 0x07, 0xFF, 0xA8, 0x12, 0xF5, 0xDB, 0xA3, 0xF5, 0xB0, 0xEE, 0x76, 0xAA, 0xB4, 0x55, 0x0E,
    0x7B, 0xF1, 0xAC, 0x4C, 0x1B, 0x55, 0xBF, 0xD2, 0xA8, 0xFB, 0x6B, 0xC5, 0xDC, 0x83, 0xF0, 0xF9,
    0xFE, 0xE7, 0x6A, 0x9E, 0x4F, 0x6F, 0xF8, 0xFE, 0x42, 0x48, 0xD4, 0xD8, 0x50, 0x8C, 0x54, 0x1D,
    0x97, 0x98, 0xCE, 0x67, 0x48, 0xAC, 0x71, 0x87, 0xE7, 0xB3, 0xBF, 0xC1, 0xEB, 0x23, 0x0F, 0x95,
    0x90, 0x63, 0x1F, 0x87, 0x98, 0x96, 0x6F, 0x99, 0xB5, 0x30, 0xDD, 0x70, 0x18, 0x59, 0x94, 0xBF,
    0x9F, 0xAC, 0x6C, 0x5D, 0x69, 0xBC, 0xB7, 0xB0, 0xF2, 0x83, 0xBD, 0x36, 0x64, 0xD5, 0x73, 0xC7,
    0xF2, 0x00, 0x34, 0xFF, 0x9D, 0xD8, 0xDB, 0x90, 0xAD, 0x14, 0x59, 0x23, 0x7E, 0x8B, 0xD1, 0x5A,
    0xCC, 0x76, 0x42, 0xF6, 0x89, 0xA7, 0x70, 0xA2, 0xF9, 0x72, 0x82, 0xC9, 0x85, 0x30, 0xFA, 0x8F,
    0x32, 0x69, 0x35, 0x34, 0xDD, 0x03, 0x61, 0xEE, 0xF1, 0xE2, 0x99, 0x36, 0x0E, 0xB2, 0x1C, 0x93,
    0xC7, 0xAA, 0xB7, 0xAF, 0x3B, 0xFB, 0x86, 0xC7, 0x73, 0x21, 0xA6, 0xAD, 0x90, 0xD7, 0xE2, 0x50,
    0x77, 0x75, 0x57, 0x0E, 0x37, 0x1C, 0x06, 0x50, 0xBC, 0x8F, 0x73, 0x0A, 0x73, 0xA7, 0xA1, 0x61,
    0x45, 0xCB, 0x86, 0x3D, 0x7B, 0x1E, 0x38, 0xFA, 0xF7, 0xDC, 0xEF, 0xE6, 0xDE, 0xEB, 0x27, 0xA6,
    0x66, 0xD9, 0xB8, 0x5C, 0x36, 0xFF, 0xAA, 0xEE, 0x75, 0x0D, 0xF6, 0x84, 0x4C, 0xDD, 0x71, 0x4D,
    0x48, 0xD2, 0x4B, 0x65, 0xB7, 0xBD, 0x7F, 0x76, 0x37, 0x1F, 0x59, 0x4F, 0x8A, 0xB1, 0x15, 0xD3,
    0x4A, 0x99, 0x5A, 0x45, 0x37, 0xF1, 0x3A, 0x31, 0x4F, 0xB8, 0xC1, 0xEE, 0xEC, 0x96, 0x70, 0xB2,
    0x3D, 0x8C, 0xD6, 0xCF, 0xF0, 0x1D, 0x6E, 0xCF, 0xF6, 0x38, 0x12, 0x32, 0x65, 0xA2, 0xC1, 0xFE,
    0x42, 0x91, 0x37, 0xCA, 0xB4, 0xD7, 0xB8, 0xB6, 0xFC, 0xEF, 0xDD, 0x6E, 0x9E, 0x47, 0x32, 0x16,
    0xE7, 0xB6, 0x02, 0x54, 0xFC, 0xEB, 0xFE, 0x91, 0xC3, 0x3C, 0x91, 0x51, 0x64, 0x84, 0x01, 0x31,
    0xA1, 0xFC, 0xF1, 0x7F, 0xD4, 0xF3, 0xCC, 0x85, 0x26, 0xA1, 0x1C, 0x11, 0xCF, 0xF1, 0x4A, 0x39,
    0x78, 0x50, 0x27, 0x8F, 0xD6, 0x6C, 0x8B, 0x13, 0xD5, 0xFC, 0x0E, 0xC0, 0x61, 0xA4, 0xEA, 0x6F,
    0x68, 0xAD, 0x99, 0xBC, 0x14, 0x46, 0x17, 0xCA, 0x84, 0xFA, 0xB7, 0x27, 0xEA, 0xB1, 0x49, 0xD6,
    0x7D, 0x1C, 0xED, 0xC4, 0x6C, 0x2B, 0x64, 0xAD, 0xF8, 0x2D, 0x06, 0x2B, 0x31, 0xA9, 0xD5, 0x9D,
    0xA5, 0xCA, 0xE7, 0x92, 0x40, 0xF1, 0xF9, 0xFE, 0x97, 0xB8, 0xD4, 0xB6, 0xEE, 0x5C, 0x5D, 0x28,
    0x46, 0xCA, 0x9E, 0x4B, 0x64, 0x62, 0xE2, 0x0D, 0xF6, 0x14, 0x7F, 0xDD, 0xA5, 0x67, 0xD7, 0x71,
    0x87, 0x85, 0x02, 0xAA, 0x27, 0x6E, 0xCA, 0x5E, 0x0E, 0x29, 0x8C, 0x61, 0x88, 0x63, 0x5C, 0x66,
    0xD9, 0x17, 0xC7, 0x15, 0x77, 0x93, 0x85, 0x38, 0x7D, 0x54, 0x77, 0x6B, 0x9B, 0x25, 0xAF, 0xD4,
    0xAE, 0x34, 0x36, 0x5A, 0x6F, 0x8A, 0xC9, 0x8B, 0xB9, 0x23, 0x2C, 0x71, 0x19, 0xB2, 0xC9, 0x43,
    0x18, 0x6D, 0xE2, 0xA0, 0x2D, 0xD3, 0xD9, 0xE0, 0x31, 0x8E, 0x4E, 0xC5, 0xB1, 0x3C, 0x7A, 0xFB,
    0x25, 0x13, 0xC7, 0xAF, 0x9B, 0x5F, 0xAB, 0xBB, 0xBD, 0xD6, 0xAE, 0x98, 0x94, 0xCF, 0x9D, 0x3F,
    0x01, 0xAD, 0x95, 0x01, 0xA4, 0xE5, 0xD8, 0x19, 0xC7, 0x7F, 0x49, 0x3A, 0x2F, 0x6C, 0xD8, 0xB3,
    0x58, 0xB0, 0xC3, 0x06, 0x8A, 0x9A, 0xCE, 0x9B, 0xC0, 0x00, 0xEE, 0x9B, 0x64, 0x77, 0x51, 0x2C,
    0x40, 0x0B, 0xA0, 0x00, 0x14, 0x16, 0x8A, 0x87, 0xB7, 0x2F, 0xD9, 0x01, 0x00, 0x03, 0x00, 0x58,
    0x0C, 0x66, 0xEE, 0x60, 0xE0, 0xE1, 0x61, 0xEE, 0x26, 0x55, 0x0A, 0x45, 0xA3, 0x00, 0x45, 0xD3,
    0x1A, 0xCA, 0x2C, 0x3B, 0xA7, 0xDB, 0xE8, 0xE6, 0xBD, 0xC9, 0xCD, 0xD7, 0xF3, 0x7D, 0xB9, 0x7D,
    0x63, 0xB4, 0x0A, 0x7A, 0xC4, 0xFF, 0x77, 0x9C, 0xE4, 0x7C, 0xB9, 0xE7, 0xFB, 0xEE, 0xFF, 0x0B,
    0x7C, 0xF8, 0x23, 0x80, 0xCB, 0x63, 0xD5, 0x8B, 0x13, 0xD5, 0x71, 0xA3, 0xEA, 0x55, 0xA3, 0xBF,
    0xB7, 0x13, 0xC4, 0xB2, 0x48, 0x43, 0x26, 0x63, 0xE6, 0x29, 0xC6, 0x31, 0x9E, 0x68, 0x7B, 0xCF,
    0x1C, 0x49, 0xE7, 0x59, 0x12, 0xF9, 0x6A, 0x40, 0x32, 0x79, 0xD8, 0x23, 0x4E, 0x3E, 0xEB, 0x79,
    0x99, 0x4B, 0xD2, 0x41, 0xF9, 0x3A, 0x55, 0xFD, 0x2E, 0x6D, 0xA0, 0xFE, 0x2E, 0xAB, 0x82, 0xEE,
    0x1D, 0xD0, 0xCE, 0xAB, 0xE6, 0xAA, 0xD3, 0xC7, 0xF0, 0x61, 0x3D, 0x1E, 0xC3, 0xFD, 0x52, 0x5F,
    0x3B, 0x94, 0x7E, 0x43, 0xDC, 0xE5, 0xFE, 0x8C, 0x0C, 0x37, 0x5D, 0xB2, 0x21, 0x91, 0xF1, 0xC8,
    0x07, 0x5D, 0xA4, 0x22, 0xF9, 0x9D, 0xBC, 0x84, 0xE4, 0x37, 0x1E, 0x48, 0xC3, 0x6B, 0x21, 0x7B,
    0xD8, 0xAB, 0x7E, 0xD6, 0x71, 0x18, 0x7A, 0x9A, 0x52, 0x44, 0x66, 0x20, 0x0F, 0xDC, 0x03, 0x49,
    0x90, 0x6F, 0x80, 0x78, 0x86, 0xE2, 0x40, 0x57, 0x41, 0x12, 0x78, 0x8B, 0xC0, 0x09, 0x1B, 0xE9,
    0x78, 0xA0, 0x87, 0x87, 0x0B, 0x64, 0x9E, 0xF4, 0x97, 0x52, 0xE1, 0x3C, 0x5F, 0x7C, 0x5D, 0x34,
    0x38, 0x11, 0x69, 0x02, 0x35, 0x2E, 0x25, 0xE4, 0x5D, 0xBC, 0xE7, 0xC7, 0x50, 0x74, 0xCC, 0x00,
    0xE5, 0xBF, 0xD9, 0xAC, 0xAC, 0xAB, 0x68, 0x5A, 0x19, 0x8F, 0xCA, 0x96, 0xC4, 0x2B, 0xE5, 0x86,
    0xA9, 0x32, 0x11, 0xDC, 0x08, 0xD4, 0xF2, 0x17, 0x91, 0x0A, 0x5A, 0xF9, 0xDE, 0x08, 0x51, 0x3B,
    0xDD, 0x05, 0xF2, 0x45, 0x76, 0x40, 0x5B, 0x65, 0x0B, 0x44, 0x13, 0xB1, 0x60, 0x11, 0x5A, 0x2C,
    0x40, 0x09, 0xD9, 0x60, 0x27, 0xCA, 0x3C, 0x64, 0xEB, 0x22, 0x44, 0x22, 0x1A, 0x26, 0xDA, 0xCA,
    0x76, 0x0B, 0xB0, 0x60, 0xA3, 0x5E, 0x51, 0x9A, 0x6E, 0x5B, 0xBD, 0x67, 0x4F, 0x02, 0x3C, 0xC0,
    0xC6, 0x6E, 0xC5, 0x6C, 0x1A, 0x8F, 0xF0, 0x13, 0x48, 0x07, 0xF8, 0x35, 0xE4, 0x0D, 0xF1, 0x00,
    0x3B, 0x3B, 0xF4, 0xED, 0x65, 0xDB, 0x0A, 0xB4, 0x87, 0x34, 0x17, 0x33, 0x24, 0x32, 0x93, 0x2F,
    0x4A, 0xFB, 0x99, 0x7A, 0xF6, 0xC0, 0x46, 0x43, 0x07, 0x76, 0x70, 0x02, 0xC9, 0x6B, 0x0F, 0x9B,
    0xC0, 0x3F, 0x8C, 0x70, 0x06, 0xE9, 0x6F, 0x67, 0x38, 0xD5, 0x5A, 0xEE, 0xE1, 0x32, 0xB0, 0x12,
    0x18, 0xF5, 0x40, 0x75, 0x83, 0xE7, 0xBD, 0xE7, 0xDB, 0xF6, 0xD5, 0xB3, 0xEB, 0x47, 0x4E, 0x6C,
    0xF4, 0xDC, 0x23, 0x9B, 0xE2, 0x5E, 0x43, 0x25, 0x73, 0x12, 0xB8, 0x21, 0x5A, 0x92, 0x4E, 0x89,
    0xFC, 0xAC, 0xB3, 0x90, 0xF5, 0xEF, 0x1B, 0x0B, 0x55, 0xFC, 0x29, 0xF0, 0x02, 0x9C, 0x54, 0x16,
    0x32, 0x13, 0x88, 0x02, 0x13, 0x59, 0xAB, 0x1E, 0x2F, 0x50, 0xEB, 0xBD, 0xC0, 0x56, 0xF9, 0x25,
    0x50, 0x88, 0x2C, 0x15, 0xE4, 0xB2, 0x95, 0xC1, 0x1E, 0xC9, 0x26, 0x88, 0xF6, 0xC4, 0x7B, 0x03,
    0x0B, 0xC4, 0xB3, 0x55, 0x51, 0x74, 0xCC, 0xF1, 0xB3, 0x65, 0xFB, 0x4C, 0x1E, 0x93, 0x8C, 0xF6,
    0x48, 0x3A, 0x92, 0xCC, 0x90, 0x79, 0xBD, 0x70, 0x9E, 0xA2, 0x57, 0x44, 0x1A, 0xDE, 0x89, 0x4C,
    0x40, 0x7E, 0xFD, 0xB4, 0xC2, 0x52, 0x08, 0x50, 0xBE, 0x8B, 0xC6, 0x50, 0x57, 0x86, 0xD6, 0x14,
    0x31, 0x8D, 0xC5, 0x16, 0x0B, 0xF1, 0x8A, 0xD2, 0xA0, 0x21, 0x11, 0x19, 0x52, 0x99, 0x33, 0xD9,
    0x23, 0xD2, 0xA4, 0x32, 0x45, 0xD2, 0x51, 0x8E, 0x16, 0x4B, 0x2A, 0x72, 0x0F, 0x25, 0x08, 0x38,
    0x6F, 0x05, 0x68, 0x2B, 0x9B, 0xBD, 0x80, 0x7A, 0x9D, 0xAD, 0x8F, 0xE6, 0xA3, 0xD5, 0xB6, 0xB4,
    0xBD, 0x49, 0x67, 0xB3, 0x7A, 0x22, 0x6B, 0xEC, 0x97, 0xFE, 0x30, 0xE3, 0x80, 0xA2, 0x8F, 0xFE,
    0x31, 0x6B, 0x35, 0xC9, 0xFB, 0xE4, 0x8F, 0x33, 0x67, 0x70, 0xA7, 0xBD, 0x7E, 0xFE, 0xAD, 0x6C,
    0x97, 0x27, 0x94, 0xB2, 0x8E, 0x19, 0x9C, 0x3F, 0xC1, 0xAA, 0x42, 0xE6, 0xCF, 0x10, 0x0D, 0x42,
    0x3A, 0x8E, 0x88, 0x43, 0x67, 0x57, 0x9E, 0xF6, 0x18, 0x20, 0x79, 0xD3, 0x53, 0xBF, 0xB0, 0x99,
    0x34, 0xD4, 0xE3, 0x3A, 0x83, 0xD2, 0xC3, 0x5A, 0x9F, 0xB2, 0x07, 0x88, 0xE6, 0x9B, 0x0C, 0x4D,
    0x50, 0xC0, 0xEA, 0xF3, 0x89, 0x49, 0xB1, 0x44, 0x13, 0xB5, 0x88, 0xC4, 0xA3, 0x1A, 0xBD, 0x4D,
    0x3C, 0x3B, 0x38, 0x0F, 0x98, 0x61, 0x77, 0x40, 0x3A, 0x44, 0xB3, 0xEB, 0xE6, 0xAC, 0x8F, 0xA6,
    0x00, 0xD7, 0xC5, 0x63, 0xFE, 0x55, 0x98, 0x25, 0xBE, 0xF8, 0xC4, 0x50, 0x86, 0x85, 0x26, 0xF5,
    0x65, 0x58, 0xA8, 0xD2, 0x21, 0xA0, 0x24, 0xEB, 0xCF, 0xC3, 0x0C, 0xD7, 0xED, 0x0E, 0x08, 0x0B,
    0xE4, 0xBA, 0x79, 0x47, 0xDE, 0xCC, 0x30, 0x13, 0x36, 0x2B, 0xCA, 0x68, 0x45, 0x3C, 0x13, 0x66,
    0xA5, 0x3A, 0x6A, 0xE4, 0x1C, 0xC3, 0x97, 0x14, 0xB2, 0xD6, 0x8A, 0xC8, 0x34, 0x33, 0xAD, 0x6D,
    0xBA, 0xA8, 0xBA, 0xFD, 0xE1, 0x88, 0x00, 0xA6, 0xA5, 0x2C, 0xC0, 0x4F, 0x97, 0xA7, 0xF0, 0xAB,
    0x4F, 0x47, 0xC8, 0xE5, 0x07, 0xAF, 0x85, 0x6B, 0x3D, 0xF1, 0x44, 0xE1, 0x49, 0x3D, 0x6E, 0xC0,
    0xF5, 0x7A, 0xE5, 0x1D, 0xAE, 0xA3, 0x68, 0x54, 0xCB, 0xCA, 0x54, 0x9D, 0xAA, 0x5A, 0x54, 0xD4,
    0xE8, 0xA2, 0x5E, 0x50, 0xAE, 0x8B, 0x1D, 0x02, 0x6E, 0x48, 0xA5, 0x27, 0x95, 0x9D, 0x0C, 0xD0,
    0x0E, 0x2F, 0x79, 0x67, 0xDC, 0xD9, 0x6E, 0xB7, 0x8D, 0xE5, 0xB4, 0x5B, 0x3B, 0xD1, 0x95, 0x82,
    0x72, 0x91, 0x86, 0xD5, 0x14, 0x1E, 0x70, 0xA3, 0x59, 0xC1, 0x2A, 0xB3, 0x07, 0x84, 0xD5, 0x1E,
    0x3A, 0x6F, 0x21, 0x9D, 0x01, 0xB1, 0xC7, 0xE0, 0xE5, 0xEA, 0x97, 0x06, 0xE2, 0xF6, 0x7A, 0xBB,
    0xAD, 0x38, 0x94, 0x56, 0xD9, 0xAD, 0xAC, 0x57, 0x7E, 0x24, 0xAF, 0xB6, 0x4F, 0xDE, 0xF6, 0xF1,
    0xC3, 0xFA, 0x87, 0x07, 0xDE, 0x3F, 0xEC, 0x1B, 0x02, 0xD5, 0x9F, 0x1D, 0xE4, 0x1E, 0x32, 0x20,
    0x9B, 0xE1, 0xAE, 0x19, 0x85, 0xD8, 0xDB, 0xC6, 0x45, 0x2A, 0xE5, 0x91, 0xD8, 0xF1, 0x0A, 0x99,
    0x63, 0x59, 0x02, 0xA6, 0xB8, 0xBD, 0x32, 0x3B, 0x95, 0x0D, 0xD1, 0x02, 0x3B, 0x73, 0x76, 0x32,
    0x9A, 0xB3, 0x5D, 0x07, 0xC9, 0x4C, 0x49, 0xC0, 0x14, 0xCD, 0x8A, 0x31, 0x1D, 0x80, 0xD4, 0x17,
    0x0D, 0x90, 0xF9, 0xB6, 0x02, 0xDC, 0xF7, 0xA2, 0x0F, 0xCA, 0xEB, 0x3F, 0x4B, 0xCF, 0x51, 0x2B,
    0x6E, 0x51, 0xA3, 0x4C, 0xE9, 0x44, 0xC0, 0x90, 0x1C, 0xD2, 0xB2, 0x28, 0x1A, 0x5A, 0xB3, 0xB4,
    0xCE, 0x14, 0x6A, 0xFC, 0x56, 0x2B, 0x00, 0xA2, 0xF1, 0xEC, 0xA7, 0xB8, 0x59, 0x9D, 0x1D, 0x89,
    0x34, 0xB5, 0xF8, 0x24, 0xE0, 0x7F, 0x35, 0xA2, 0xE8, 0x99, 0x84, 0x9E, 0xF3, 0x34, 0x11, 0x1D,
    0x7B, 0xF4, 0x6D, 0xD6, 0xD2, 0xF4, 0x34, 0x99, 0x2D, 0x4E, 0x47, 0xCF, 0xAF, 0xB7, 0xCF, 0xAF,
    0x1F, 0x6B, 0xF8, 0x7C, 0x00, 0xE7, 0x2D, 0x7D, 0x6E, 0x38, 0x5A, 0xD0, 0x98, 0x32, 0xAE, 0x8D,
    0x88, 0xFF, 0x57, 0x23, 0xC2, 0x6A, 0x64, 0xE3, 0x74, 0xC5, 0xE5, 0x8A, 0x8B, 0x15, 0xA3, 0x8A,
    0xE6, 0x1D, 0xA8, 0x45, 0x7A, 0x3D, 0x51, 0xF4, 0x66, 0x04, 0x37, 0xC6, 0x7F, 0x35, 0x77, 0x27,
    0xFD, 0x02, 0x42, 0xD2, 0x89, 0x1E, 0x51, 0x91, 0xCE, 0xA4, 0xCD, 0x84, 0x1B, 0xC9, 0x2A, 0x2B,
    0xB3, 0xB3, 0xE4, 0x1A, 0xCA, 0x9E, 0xF7, 0x15, 0x1D, 0xB9, 0xE6, 0xAC, 0xD3, 0x74, 0x55, 0x6D,
    0xC7, 0xC6, 0x4D, 0x28, 0xB2, 0x71, 0x85, 0x9D, 0xFB, 0xD4, 0x79, 0x7D, 0xF2, 0x42, 0xD1, 0xE3,
    0xD5, 0x34, 0x1E, 0x2D, 0xA7, 0x9B, 0x22, 0x7F, 0x0E, 0xC9, 0x12, 0xFD, 0x6D, 0x04, 0xDA, 0x37,
    0xD2, 0xBC, 0xFD, 0xBF, 0x90, 0x74, 0x86, 0xF4, 0x80, 0xC6, 0x90, 0x55, 0x86, 0xF7, 0x8F, 0xE4,
    0x11, 0xF0, 0xA0, 0x7D, 0x3D, 0xA3, 0x06, 0xA2, 0x05, 0x16, 0xCB, 0x5B, 0x32, 0x1A, 0xB2, 0xCE,
    0xE0, 0x6E, 0xB2, 0x18, 0x89, 0x2A, 0xB7, 0x67, 0xDE, 0x0B, 0xF6, 0x92, 0xE5, 0x89, 0x5B, 0x4B,
    0xC5, 0x7F, 0x1B, 0x1F, 0x6D, 0x75, 0x7C, 0x5D, 0x8A, 0x8E, 0x21, 0xDA, 0x03, 0xAC, 0x6E, 0xC3,
    0x5E, 0xC0, 0xDD, 0x15, 0x3B, 0x83, 0x96, 0x7E, 0x86, 0xC2, 0xC3, 0x37, 0x1C, 0x49, 0x07, 0xC5,
    0x1B, 0x91, 0x0A, 0x62, 0x79, 0xF9, 0x00, 0x1B, 0x8D, 0x05, 0xE8, 0x0F, 0xE7, 0x7A, 0x57, 0x8F,
    0xE4, 0x6A, 0x2D, 0x4B, 0x47, 0xB2, 0x64, 0x9F, 0x7B, 0xDC, 0xE8, 0xE2, 0x89, 0xB2, 0x73, 0xEC,
    0x11, 0x3E, 0x66, 0x89, 0xF7, 0xDC, 0x43, 0xD2, 0x99, 0x13, 0x16, 0x37, 0xB2, 0x61, 0xC8, 0x7D,
    0x50, 0xAD, 0xC6, 0xA9, 0x15, 0xE3, 0xD2, 0x6A, 0x31, 0x9A, 0x4B, 0x3D, 0xB4, 0x07, 0x8D, 0x06,
    0xD5, 0x78, 0xE0, 0x83, 0x3A, 0x14, 0x98, 0xFB, 0x41, 0x3B, 0x7C, 0xD9, 0x27, 0x5D, 0xDC, 0x15,
    0x3E, 0x6D, 0xB2, 0xCA, 0x8D, 0x59, 0x73, 0x4C, 0xB2, 0xB8, 0x4F, 0x74, 0xC3, 0xEB, 0xB6, 0x81,
    0x6C, 0xCD, 0xFF, 0xC7, 0x2A, 0xDC, 0x33, 0x3D, 0x31, 0xDD, 0xC0, 0xDA, 0x46, 0xBA, 0x78, 0x1B,
    0xBA, 0x48, 0x73, 0xE8, 0x2D, 0x66, 0x00, 0xF5, 0x86, 0xE9, 0x42, 0xC8, 0x6F, 0x30, 0x08, 0x9A,
    0xDE, 0xE5, 0xE6, 0xAE, 0x39, 0xD3, 0x4C, 0x07, 0xFA, 0x92, 0x3B, 0xCF, 0x27, 0x3B, 0xB3, 0x2D,
    0x38, 0xAF, 0x9A, 0xDD, 0x04, 0x7B, 0x37, 0x24, 0x62, 0xDA, 0x9A, 0xD6, 0xCD, 0x8D, 0x4B, 0x22,
    0xF1, 0x80, 0xB3, 0x97, 0xDC, 0xFA, 0xC5, 0xCF, 0xE1, 0xE6, 0xD3, 0x64, 0x5A, 0x47, 0x17, 0xAA,
    0xB9, 0x07, 0xDA, 0x05, 0x40, 0x7A, 0x20, 0xB5, 0x98, 0xED, 0x1C, 0x77, 0xB8, 0x7F, 0xCE, 0x5F,
    0x74, 0xE4, 0x9F, 0x8A, 0x2E, 0x25, 0xD2, 0x00, 0xB7, 0x27, 0x12, 0xAF, 0x81, 0xD3, 0xA1, 0xF8,
    0xD6, 0xE3, 0xFA, 0xF3, 0x6C, 0x20, 0xEF, 0x3E, 0x70, 0xFD, 0xA1, 0xB9, 0xD7, 0xA8, 0xCE, 0x84,
    0x45, 0xAD, 0x7C, 0xD1, 0xA8, 0xBD, 0xCB, 0xAA, 0xAD, 0x82, 0x7E, 0xBE, 0x27, 0xA8, 0x1D, 0xA9,
    0x5E, 0x50, 0x7D, 0x84, 0x8D, 0xA8, 0x52, 0xCD, 0x1A, 0x55, 0x57, 0x99, 0xF2, 0x56, 0x2D, 0xD1,
    0xB7, 0xE5, 0x0A, 0x22, 0x6B, 0xD1, 0xE9, 0xD5, 0xA6, 0x18, 0xC8, 0xFB, 0x4D, 0xEA, 0x29, 0xAB,
    0xB3, 0x44, 0x3F, 0xAB, 0x97, 0xF1, 0xC4, 0xCC, 0x45, 0xA4, 0x2D, 0xD1, 0xC7, 0x63, 0x3C, 0xAA,
    0x26, 0x3E, 0xF2, 0xB1, 0x4F, 0x7C, 0x3C, 0x24, 0xAA, 0x7D, 0xE2, 0xD3, 0x21, 0xE9, 0xD2, 0x21,
    0x0B, 0xF5, 0xCD, 0x7A, 0xD7, 0xA5, 0x5D, 0xD6, 0xB9, 0x2E, 0x6B, 0x9C, 0x6A, 0xE5, 0xBA, 0xBC,
    0x71, 0xE4, 0x4D, 0x51, 0x39, 0x8A, 0xAA, 0x24, 0xA7, 0xA0, 0xE4, 0x1E, 0x25, 0x25, 0xC7, 0x94,
    0x9C, 0xB3, 0xE1, 0x9C, 0x5D, 0xD0, 0x1D, 0x2F, 0x38, 0xE5, 0x05, 0x56, 0xC2, 0x0A, 0x32, 0x79,
    0xD5, 0x8E, 0x80, 0xB6, 0x04, 0x83, 0x5E, 0x2C, 0x37, 0x68, 0x2B, 0xAD, 0x94, 0x42, 0x1D, 0x22,
    0x18, 0x96, 0xD5, 0x16, 0x7B, 0x85, 0x5E, 0xA4, 0xA3, 0xD5, 0x39, 0xF3, 0x51, 0xDB, 0x10, 0x5B,
    0xE7, 0x24, 0x0E, 0x6D, 0xB2, 0xBA, 0xF9, 0x5F, 0x90, 0xF7, 0xBC, 0xED, 0x88, 0xEF, 0xB5, 0xAF,
    0x1E, 0x83, 0x7D, 0xBE, 0xFF, 0xB3, 0x23, 0x5A, 0xB1, 0xC8, 0x65, 0x54, 0x94, 0x07, 0x13, 0x73,
    0x8B, 0x5B, 0xBA, 0xCA, 0xB1, 0x65, 0xF5, 0x04, 0xC2, 0x6C, 0xA3, 0xF7, 0x65, 0xD6, 0x40, 0xCF,
    0xA4, 0x22, 0xD9, 0x93, 0x0F, 0x24, 0x33, 0xD9, 0xA8, 0x9A, 0x4C, 0x1C, 0xAE, 0x91, 0xD4, 0x2E,
    0xE7, 0xC9, 0x3C, 0x45, 0x17, 0x26, 0x91, 0x80, 0xBB, 0x6E, 0xA7, 0x43, 0x22, 0xC8, 0xFB, 0x48,
    0x7A, 0xBD, 0x95, 0x6B, 0x3F, 0xD3, 0x08, 0x65, 0x43, 0x3A, 0x51, 0x56, 0xAA, 0x75, 0xD0, 0x91,
    0x16, 0xDD, 0x2E, 0x68, 0x9C, 0x05, 0x8A, 0x3E, 0x0A, 0xDA, 0x36, 0x89, 0x90, 0x2E, 0xD4, 0x72,
    0x2D, 0x23, 0xED, 0xFA, 0x65, 0x39, 0x61, 0x03, 0x6C, 0x38, 0x05, 0xCE, 0xB8, 0x84, 0x30, 0xBB,
    0x80, 0x7F, 0x01, 0xB5, 0x94, 0x01, 0x87, 0x25, 0x47, 0x10, 0xC7, 0x6B, 0x66, 0x2E, 0x9A, 0x34,
    0x06, 0x16, 0x01, 0xE6, 0x10, 0x04, 0x9B, 0xEB, 0x20, 0x08, 0x76, 0xF7, 0xF5, 0x05, 0x16, 0x87,
    0x1C, 0x3C, 0x00, 0xC9, 0x07, 0x48, 0x04, 0xE0, 0xB0, 0xB3, 0xDB, 0xE4, 0x03, 0xE4, 0x3E, 0x4C,
    0x70, 0x98, 0x97, 0x1D, 0x20, 0x80, 0x34, 0x10, 0x04, 0x06, 0xF7, 0x01, 0x3A, 0x34, 0x19, 0xEE,
    0xBD, 0x7B, 0xA9, 0x7F, 0x4D, 0x4F, 0xB9, 0x17, 0x97, 0x5C, 0x48, 0xD2, 0xF8, 0x75, 0xA9, 0xEA,
    0xAA, 0xAA, 0xA9, 0xAE, 0x69, 0x5A, 0xD7, 0xFB, 0x42, 0x72, 0x42, 0x1A, 0x84, 0x75, 0x92, 0xCD,
    0x8E, 0xFF, 0xD0, 0x74, 0x77, 0xC4, 0x8A, 0x65, 0x13, 0xA5, 0x1C, 0x51, 0x07, 0x75, 0xA7, 0xB7,
    0x1B, 0x77, 0x6A, 0xD4, 0x92, 0x74, 0x19, 0x0F, 0x76, 0x51, 0x12, 0x65, 0x46, 0xF5, 0xEA, 0x35,
    0xD4, 0xBF, 0x7C, 0x1F, 0x58, 0x7D, 0xFD, 0xDD, 0x44, 0xD4, 0x9B, 0x30, 0x53, 0x95, 0x4D, 0xB8,
    0x22, 0x13, 0x4D, 0xE8, 0x42, 0xE7, 0x4D, 0x30, 0x53, 0x4F, 0x26, 0x54, 0xF9, 0x43, 0x26, 0x7D,
    0x45, 0x20, 0xFD, 0x67, 0xFC, 0x73, 0xFB, 0xDA, 0x45, 0x69, 0x26, 0xD9, 0xAA, 0x79, 0xD1, 0xDE,
    0x0A, 0xA9, 0x5B, 0x8C, 0xCD, 0x62, 0xA4, 0x2C, 0xA4, 0xCB, 0x62, 0xF4, 0x27, 0xDD, 0x1B, 0x97,
    0x70, 0x5E, 0xB6, 0x5E, 0x58, 0x2D, 0x0E, 0x26, 0x96, 0xF3, 0x1A, 0x5A, 0x13, 0x21, 0xAD, 0x16,
    0x71, 0xDA, 0x3E, 0xAB, 0xF1, 0xFE, 0x3D, 0x1F, 0x82, 0xCF, 0x07, 0x66, 0x9D, 0x36, 0x4C, 0x1B,
    0xDB, 0xB1, 0xF5, 0xCE, 0x37, 0xA9, 0xF5, 0x7C, 0x83, 0x43, 0xFB, 0x98, 0x2B, 0x75, 0xED, 0x75,
    0xE4, 0xB4, 0x3F, 0x7F, 0xC9, 0x0E, 0xF5, 0x51, 0x6E, 0xFD, 0x3E, 0x81, 0x6E, 0xD4, 0x7A, 0x4E,
    0xDA, 0xF7, 0xD1, 0x7A, 0xF5, 0x57, 0x22, 0x0C, 0xA5, 0x5F, 0x75, 0x2A, 0xDF, 0x65, 0xC7, 0xF2,
    0x9D, 0x6E, 0xFD, 0xEE, 0x61, 0xE9, 0x43, 0x99, 0x9E, 0x26, 0xAE, 0xD3, 0x94, 0xD7, 0x01, 0xEA,
    0x31, 0x91, 0xB2, 0x54, 0x58, 0x4D, 0x97, 0xE5, 0x70, 0x95, 0x8B, 0xBB, 0x89, 0x1A, 0xB0, 0xA4,
    0xE8, 0xD7, 0xA4, 0x79, 0x2D, 0x23, 0x96, 0x19, 0xED, 0x82, 0x96, 0xAA, 0xC5, 0xBF, 0x6B, 0x56,
    0x0F, 0xFF, 0xFF, 0xAC, 0x8A, 0xD7, 0xC3, 0x1E, 0xCC, 0x8E, 0xA3, 0x35, 0x93, 0xE5, 0xC8, 0x6D,
    0xA8, 0x13, 0xB2, 0xD0, 0x80, 0x8C, 0xE4, 0x0C, 0xB2, 0xDB, 0x9F, 0x50, 0x49, 0xFD, 0xEA, 0x47,
    0xB9, 0x97, 0x19, 0x74, 0xD3, 0xE9, 0x54, 0x3B, 0xEE, 0x56, 0xD8, 0x08, 0xA0, 0xDB, 0xC0, 0x7C,
    0x89, 0x93, 0x17, 0xB7, 0x40, 0x17, 0x18, 0x66, 0x62, 0x54, 0x33, 0x83, 0x6E, 0x81, 0x2E, 0x30,
    0xCC, 0xC4, 0xA8, 0x66, 0x06, 0x2B, 0x19, 0x5D, 0x38, 0x23, 0x56, 0xEA, 0x98, 0xF6, 0xC0, 0x07,
    0x15, 0x47, 0x9E, 0x81, 0x3D, 0xBA, 0x0B, 0x58, 0xC0, 0x7D, 0xCD, 0xD8, 0x9D, 0xB3, 0x2A, 0x33,
    0x6C, 0x64, 0x38, 0xCF, 0xD8, 0xD1, 0x39, 0xAB, 0x18, 0x36, 0xD2, 0xC7, 0xAC, 0x62, 0xEC, 0xB8,
    0x9E, 0x3A, 0x33, 0x58, 0x45, 0x67, 0xAC, 0x2A, 0xFF, 0xD2, 0x19, 0xF0, 0x40, 0x7F, 0x2D, 0x31,
    0xC8, 0x11, 0x1C, 0x16, 0xB7, 0x12, 0x40, 0x42, 0xD5, 0x99, 0xC1, 0x4A, 0x86, 0xF3, 0x0C, 0x1B,
    0x19, 0x75, 0x66, 0xD0, 0x0E, 0x70, 0xDF, 0xC0, 0xFD, 0xC0, 0xA8, 0x0F, 0x28, 0x57, 0xB0, 0xD7,
    0x14, 0x17, 0xC0, 0xCC, 0x29, 0x9B, 0xE9, 0x06, 0x7F, 0xDE, 0x33, 0x0C, 0x05, 0x63, 0x66, 0x34,
    0x13, 0xA3, 0x0D, 0xF4, 0x19, 0xAB, 0x18, 0x33, 0xA3, 0x99, 0x18, 0x6D, 0x60, 0x5C, 0x11, 0x63,
    0x96, 0xC6, 0x02, 0x01, 0xE0, 0xC8, 0x5E, 0x40, 0xCB, 0x6A, 0x22, 0xD8, 0x8E, 0xE0, 0x46, 0x34,
    0x7B, 0x51, 0x27, 0x51, 0x07, 0x51, 0x6F, 0xB7, 0x4F, 0xF9, 0x06, 0xD9, 0x69, 0x92, 0x19, 0x3F,
    0xC8, 0xEC, 0xDE, 0x79, 0x3B, 0x62, 0x78, 0xEB, 0x84, 0xC2, 0x30, 0xD7, 0x55, 0x12, 0x43, 0x62,
    0x25, 0x58, 0x8F, 0xD0, 0xBC, 0x91, 0xE2, 0xBD, 0xED, 0x76, 0x7B, 0x2F, 0x15, 0xEC, 0x85, 0xCF,
    0x49, 0xD7, 0xB9, 0xD0, 0xE9, 0x7B, 0xAD, 0xCF, 0xF5, 0x70, 0x6A, 0xC0, 0xC0, 0xA4, 0xFA, 0x08,
    0xB6, 0x2F, 0xA1, 0x71, 0x62, 0xBD, 0x94, 0x93, 0x37, 0xE2, 0xF5, 0x02, 0x6A, 0x90, 0x4D, 0x37,
    0x88, 0xCC, 0x56, 0xBD, 0x23, 0xB2, 0x2F, 0x41, 0x89, 0x80, 0x68, 0xE0, 0x1B, 0xEB, 0x13, 0xA0,
    0x64, 0xD5, 0x86, 0x68, 0x49, 0x12, 0xFE, 0xF4, 0x80, 0xFB, 0xEB, 0x03, 0xCD, 0x51, 0x96, 0xEE,
    0xEA, 0xA8, 0xE7, 0x4C, 0xF1, 0xEB, 0xBC, 0xBE, 0x37, 0x83, 0x4C, 0x70, 0x31, 0x4F, 0xC5, 0x1C,
    0xA4, 0x76, 0xCC, 0xF4, 0xAE, 0x3C, 0xD1, 0x9F, 0x6A, 0x57, 0xF5, 0xFD, 0xE6, 0x8E, 0x62, 0x4D,
    0xBA, 0x17, 0xBD, 0x9E, 0xA3, 0xB9, 0xEC, 0x57, 0x80, 0x5E, 0xAE, 0xE4, 0xD1, 0x07, 0x5E, 0xDF,
    0x7B, 0x7D, 0xFE, 0xA5, 0xCE, 0xD3, 0x55, 0xA9, 0xD4, 0x69, 0xF7, 0xEE, 0x12, 0xD1, 0x53, 0x31,
    0x62, 0x70, 0x93, 0xB8, 0xFD, 0xFA, 0x6D, 0x91, 0xBA, 0x27, 0x4F, 0xC6, 0x45, 0xEA, 0xED, 0xE7,
    0x49, 0xA4, 0x2A, 0x5B, 0x3F, 0x88, 0x64, 0xA2, 0xF5, 0x4E, 0xA4, 0xCE, 0x5B, 0xDF, 0x8E, 0x49,
    0x2A, 0xB0, 0xBE, 0x49, 0x90, 0x9E, 0xB1, 0x44, 0x22, 0x11, 0x24, 0xFA, 0x1B, 0xE9, 0x31, 0xA4,
    0x07, 0x90, 0xBE, 0xF0, 0x2C, 0x3D, 0x82, 0x74, 0x1D, 0x59, 0xEA, 0xC5, 0x9A, 0x29, 0x55, 0x59,
    0x3C, 0x7A, 0x4A, 0x26, 0x8A, 0xD4, 0xF9, 0xD4, 0x79, 0x91, 0x4C, 0x4C, 0x3D, 0x89, 0x54, 0xE5,
    0xDF, 0x72, 0x89, 0xDC, 0xFF, 0x1E, 0x8B, 0xD4, 0xE9, 0xFF, 0x62, 0x0E, 0x60, 0x79, 0xD6, 0xDF,
    0xB6, 0xAA, 0x11, 0x34, 0x09, 0x6C, 0x07, 0xF0, 0xE2, 0x11, 0x98, 0x6C, 0xC0, 0x65, 0xD4, 0x51,
    0x02, 0xFE, 0x80, 0x17, 0x02, 0x93, 0xF9, 0x82, 0x4F, 0x51, 0x35, 0xB1, 0x69, 0x94, 0x77, 0x31,
    0x21, 0xD5, 0xFD, 0x7E, 0xC3, 0x3C, 0xBE, 0xA6, 0x06, 0x5F, 0xF2, 0x2E, 0x1E, 0x8F, 0x0B, 0x27,
    0xFA, 0x03, 0x65, 0xD4, 0x31, 0xAC, 0xDC, 0x34, 0x1C, 0xC7, 0xF1, 0x6F, 0x92, 0x42, 0x24, 0x3C,
    0x98, 0x99, 0x8A, 0xBA, 0xBB, 0x68, 0xB3, 0xA3, 0xEB, 0xC5, 0x1B, 0x1B, 0xB0, 0x54, 0x8C, 0x30,
    0xB0, 0xB3, 0x32, 0xBC, 0xBE, 0x78, 0x9F, 0x60, 0x5F, 0x98, 0xBB, 0xC0, 0xD0, 0xA1, 0x12, 0x7D,
    0x3D, 0x23, 0x46, 0x16, 0x23, 0x76, 0x29, 0x42, 0xDD, 0x18, 0x6A, 0xA4, 0x0C, 0x01, 0xEE, 0xCE,
    0xDC, 0x4F, 0xF7, 0x94, 0xE8, 0xF4, 0x3C, 0x7C, 0x1C, 0xDF, 0xF9, 0x9F, 0x5F, 0x24, 0xFF, 0x65,
    0x3E, 0xF6, 0x40, 0x3F, 0x03, 0x55, 0xD1, 0xA3, 0x4B, 0x40, 0x3B, 0x69, 0xBD, 0x07, 0x78, 0x2D,
    0x7A, 0xD1, 0x79, 0xC0, 0x45, 0xAA, 0xF2, 0x36, 0xF2, 0xE0, 0x8B, 0x12, 0x79, 0x41, 0x49, 0x75,
    0x62, 0x48, 0x6D, 0xA4, 0x4F, 0x36, 0xD0, 0x25, 0xE7, 0x71, 0xA9, 0x03, 0x1B, 0xFB, 0x15, 0x8F,
    0xF5, 0x7D, 0xC0, 0xD1, 0x47, 0x1E, 0x29, 0xE1, 0x5B, 0x6C, 0x26, 0xD3, 0x1C, 0xDA, 0x00, 0xBB,
    0x99, 0xCB, 0x71, 0xFF, 0xE8, 0xBF, 0xA2, 0x2A, 0xE5, 0xCF, 0x88, 0x7D, 0x53, 0x17, 0xD8, 0xC2,
    0x35, 0xCC, 0x54, 0x6F, 0xA9, 0x47, 0xCC, 0x67, 0xBE, 0x89, 0x7C, 0x64, 0x7C, 0x1B, 0xC8, 0xC6,
    0x5B, 0xDF, 0x84, 0x93, 0x7C, 0x88, 0xC5, 0xF2, 0x42, 0xD6, 0x8A, 0xB1, 0x9F, 0xC2, 0x15, 0x66,
    0x86, 0x89, 0x66, 0xA4, 0x4D, 0x98, 0x03, 0x83, 0x67, 0x33, 0x94, 0x19, 0x1E, 0x9A, 0x12, 0x00,
    0xB8, 0x12, 0x07, 0xA0, 0x16, 0xCD, 0x11, 0xB0, 0x3F, 0x02, 0xCE, 0x01, 0x5B, 0x0B, 0xBC, 0xB2,
    0x1E, 0x26, 0x1B, 0xA8, 0xB3, 0x89, 0x34, 0xE9, 0x84, 0x0D, 0x6D, 0xC4, 0xD1, 0x24, 0xB6, 0x7A,
    0xF7, 0x2B, 0x31, 0x51, 0xE7, 0x3A, 0x9F, 0x68, 0x13, 0xD5, 0x64, 0x23, 0x4C, 0x0E, 0x98, 0xB7,
    0x4F, 0x9F, 0x3E, 0xDD, 0x0F, 0xA5, 0x94, 0xFD, 0xEE, 0xC4, 0xCC, 0x79, 0xF4, 0xA7, 0xE7, 0x03,
    0x72, 0xCF, 0x35, 0x20, 0xA9, 0x66, 0x6E, 0x24, 0x7B, 0xA8, 0x27, 0xD9, 0xE4, 0xEA, 0xEC, 0x0C,
    0xED, 0x58, 0x4F, 0xB2, 0xC9, 0x60, 0x92, 0xB4, 0xF1, 0x6C, 0x3B, 0x9E, 0x0C, 0x26, 0x81, 0x0B,
    0x0A, 0xEE, 0xBC, 0xEC, 0x39, 0xEB, 0x82, 0xD4, 0xE9, 0x5D, 0xD3, 0x9F, 0xBC, 0xA1, 0x57, 0xA0,
    0x54, 0xAC, 0xE4, 0x99, 0x62, 0xCF, 0x5F, 0x35, 0xE1, 0x4E, 0x66, 0xEC, 0xBF, 0xCF, 0x9F, 0xFF,
    0x40, 0x93, 0x59, 0x5A, 0x81, 0x83, 0xA0, 0x17, 0xB8, 0x28, 0xED, 0x28, 0x9B, 0x89, 0x75, 0xD3,
    0x51, 0xB0, 0x5B, 0x7F, 0x69, 0x47, 0xE9, 0xC2, 0xD2, 0x4D, 0xF5, 0x2C, 0xCD, 0x28, 0xBB, 0x3B,
    0x3F, 0x2B, 0x96, 0x4E, 0x9F, 0xC0, 0xEE, 0xE4, 0x08, 0x00, 0x7A, 0xCC, 0x45, 0x00, 0x95, 0x68,
    0x12, 0x60, 0x02, 0x60, 0x01, 0x9E, 0x2C, 0x87, 0x99, 0x81, 0x5A, 0x65, 0x6D, 0x04, 0xAC, 0x07,
    0x1E, 0x03, 0x6C, 0xC4, 0xB4, 0x94, 0x47, 0x6E, 0xCB, 0xDD, 0x52, 0xFE, 0x52, 0x2C, 0xEF, 0x3E,
    0x97, 0x73, 0x51, 0x5E, 0xE1, 0xE2, 0x30, 0xEE, 0xF2, 0x90, 0xBB, 0xF4, 0x1E, 0x00, 0x7C, 0x2D,
    0xAA, 0x59, 0xD6, 0x59, 0x36, 0x12, 0x93, 0xA4, 0x8D, 0xB2, 0xF3, 0xB2, 0x17, 0x3C, 0x13, 0xEC,
    0x45, 0x35, 0xAD, 0xDB, 0x95, 0x08, 0x26, 0xC2, 0x07, 0xD8, 0x40, 0x55, 0xE8, 0xA0, 0x2B, 0x6C,
    0xA1, 0x1F, 0xFC, 0x15, 0x3C, 0x74, 0x41, 0x19, 0xF6, 0x97, 0x2C, 0x7F, 0x1D, 0x01, 0xF3, 0x47,
    0x04, 0xDA, 0xBF, 0x82, 0xEA, 0x0B, 0x8B, 0xF5, 0x61, 0xCD, 0x60, 0x12, 0xFC, 0x24, 0xF8, 0x5C,
    0x0C, 0xDE, 0xE4, 0xA6, 0xA4, 0x61, 0x6F, 0xBE, 0xFF, 0x7B, 0xDC, 0x3A, 0x7E, 0x0E, 0x0F, 0x36,
    0xF4, 0x9C, 0x78, 0x22, 0xAE, 0x79, 0xB4, 0xA1, 0xB0, 0xD9, 0xB6, 0xBF, 0xFD, 0x3E, 0x75, 0xE5,
    0xB4, 0xD3, 0xCC, 0x3A, 0x9F, 0x75, 0x98, 0xE2, 0x01, 0xB6, 0x5F, 0x26, 0x80, 0xB9, 0xCD, 0x8A,
    0xCC, 0x8D, 0xA6, 0x36, 0xE9, 0xB0, 0x31, 0xD1, 0x44, 0xC0, 0xC6, 0x7B, 0xEB, 0xC9, 0xD3, 0x79,
    0x49, 0x0F, 0x77, 0xA7, 0x6B, 0x01, 0x37, 0x02, 0xF6, 0xDC, 0x9D, 0xAA, 0x59, 0x52, 0x4F, 0xAC,
    0x0D, 0x87, 0x32, 0xD7, 0x49, 0xD1, 0x80, 0xB9, 0x9D, 0x12, 0xCB, 0x01, 0x2C, 0x93, 0x0B, 0x82,
    0xEE, 0x1C, 0xBD, 0x3D, 0x47, 0x6F, 0xCE, 0x93, 0x02, 0xE8, 0x3F, 0x51, 0x35, 0xB6, 0xF8, 0x8B,
    0x0B, 0x69, 0x92, 0xC3, 0x91, 0x2A, 0x93, 0x5D, 0xA8, 0x53, 0x93, 0xDA, 0xD4, 0xC4, 0x26, 0x56,
    0x93, 0x09, 0x26, 0x30, 0xBC, 0x06, 0x70, 0x13, 0xEC, 0x02, 0xD0, 0xFC, 0x97, 0xB1, 0xDE, 0xFA,
    0x57, 0x58, 0x14, 0xF6, 0x58, 0xB7, 0x51, 0xBC, 0x62, 0x43, 0x53, 0x32, 0xA0, 0x5D, 0x17, 0xAD,
    0x75, 0x25, 0x26, 0x40, 0xB7, 0x9B, 0x7A, 0xDC, 0x0A, 0xE8, 0x96, 0xBE, 0x7B, 0x79, 0xD9, 0xF5,
    0x11, 0x74, 0xA3, 0x04, 0xE1, 0xD7, 0xF2, 0xB5, 0xEB, 0xDF, 0xE1, 0x62, 0xA8, 0x14, 0x3A, 0xF9,
    0xEE, 0x11, 0x60, 0x97, 0x80, 0xFB, 0xB3, 0x6A, 0x8E, 0x1E, 0xF8, 0x46, 0x95, 0xCD, 0x81, 0xF5,
    0xEB, 0xCC, 0xED, 0x22, 0xC9, 0xF6, 0xBC, 0x18, 0x46, 0xD9, 0x1E, 0x59, 0xCF, 0xEC, 0x9E, 0x00,
    0xD6, 0x5B, 0x6D, 0x46, 0x4E, 0xDC, 0x8E, 0x59, 0x50, 0x82, 0x74, 0x33, 0xAC, 0x01, 0xF3, 0x45,
    0xC0, 0xFA, 0x8F, 0xF9, 0x07, 0xA8, 0xF4, 0x48, 0xF7, 0xE6, 0x9C, 0xA7, 0xF5, 0x77, 0xCB, 0x0B,
    0x1E, 0x7B, 0xF9, 0xBE, 0xB8, 0x18, 0x83, 0xD2, 0x91, 0x13, 0xFF, 0x03, 0x5D, 0x92, 0x21, 0xAC,
    0xD3, 0x50, 0x18, 0x85, 0x4F, 0x5B, 0xC2, 0x44, 0x13, 0xEA, 0x43, 0xC2, 0xF0, 0xA6, 0x3E, 0x01,
    0x5A, 0x87, 0xF7, 0x5E, 0x63, 0x11, 0x64, 0x6B, 0xF0, 0x02, 0xAF, 0x10, 0xA8, 0xF7, 0x04, 0xF6,
    0x89, 0xED, 0xED, 0x12, 0x24, 0xA6, 0x78, 0x73, 0x09, 0xA8, 0xA7, 0x2A, 0x26, 0x26, 0xFA, 0xF6,
    0xF3, 0x7F, 0xB9, 0xBD, 0x59, 0xF6, 0x9A, 0x93, 0xFF, 0xDC, 0x89, 0xF5, 0x9E, 0xFF, 0x3B, 0x95,
    0x0A, 0xEB, 0xEB, 0x93, 0xA4, 0xE6, 0xFD, 0xF8, 0xB1, 0x73, 0x7F, 0x5B, 0xFD, 0x99, 0x5A, 0xF7,
    0xBB, 0xD5, 0xDF, 0x91, 0xDF, 0xC7, 0xFA, 0x57, 0x78, 0x27, 0x95, 0xD3, 0x8B, 0x66, 0xF8, 0x26,
    0x55, 0x93, 0xD6, 0xBD, 0xA4, 0x55, 0x54, 0xEB, 0xA6, 0x7A, 0x54, 0xE7, 0x56, 0x1A, 0xCF, 0xE0,
    0xFE, 0xF0, 0xDD, 0x6E, 0x7A, 0xA9, 0x0B, 0xC5, 0xA3, 0x24, 0xB5, 0x83, 0x66, 0xE1, 0x7D, 0xF2,
    0x4E, 0xD9, 0x8B, 0x53, 0xF2, 0xF2, 0x88, 0x6F, 0xFC, 0xCD, 0xF8, 0x7E, 0xF1, 0xDD, 0xE2, 0x33,
    0x37, 0xE1, 0xDC, 0x24, 0x15, 0xB3, 0x1A, 0xBC, 0x9A, 0xD5, 0x46, 0xF7, 0xAD, 0x7D, 0xB6, 0xB3,
    0xFB, 0xC1, 0x7E, 0xE2, 0x3C, 0x2F, 0xCF, 0xBD, 0x54, 0xFE, 0xE3, 0x6F, 0x4D, 0x5F, 0x1C, 0x7D,
    0x23, 0x71, 0xD5, 0x9D, 0xFC, 0x5C, 0x4C, 0xBE, 0x08, 0x6F, 0x5E, 0x8D, 0xBC, 0x37, 0xE5, 0x2F,
    0xBE, 0x90, 0xDE, 0x46, 0xCF, 0x7E, 0x63, 0x41, 0x1D, 0x22, 0x37, 0xEA, 0x99, 0x9D, 0xD4, 0xF5,
    0x62, 0x66, 0x6D, 0x84, 0xF6, 0xD2, 0x3D, 0x13, 0xCD, 0x17, 0x15, 0x48, 0x15, 0xD2, 0xD6, 0x86,
    0xAD, 0x85, 0x83, 0x21, 0xC1, 0xFA, 0x35, 0xA4, 0x7F, 0x47, 0x38, 0x5B, 0x84, 0xB2, 0x8D, 0x30,
    0xB6, 0x00, 0xE1, 0x0F, 0x41, 0xF0, 0x1D, 0x04, 0xDD, 0x41, 0xB0, 0xED, 0x4B, 0xB3, 0xA9, 0x83,
    0xEB, 0xD7, 0x0E, 0xAA, 0xDA, 0xC0, 0x54, 0xF7, 0x10, 0xD5, 0x63, 0xE6, 0xC9, 0xCC, 0x4C, 0x37,
    0x2A, 0x7D, 0xEE, 0xE1, 0xBA, 0x50, 0x9C, 0xC5, 0x84, 0x24, 0xC1, 0xEA, 0x48, 0xB0, 0xF5, 0xB4,
    0xB0, 0x83, 0x9C, 0x49, 0x64, 0x53, 0x7B, 0x4E, 0x1F, 0x42, 0x19, 0xEB, 0x91, 0x84, 0x71, 0xED,
    0xFF, 0x24, 0x64, 0xFC, 0x04, 0x37, 0xCF, 0x19, 0x8E, 0x7E, 0x20, 0x2A, 0x18, 0x93, 0xA2, 0x6A,
    0x02, 0x93, 0xF6, 0x99, 0x98, 0x4D, 0xD0, 0xF3, 0x00, 0x52, 0x9E, 0xC0, 0x17, 0x61, 0x0F, 0xB7,
    0x09, 0xEC, 0xC1, 0x31, 0x02, 0x16, 0x9E, 0xAE, 0x36, 0x53, 0x7D, 0xC2, 0x76, 0xCB, 0x81, 0x1D,
    0x33, 0xE7, 0x2B, 0xC8, 0xBB, 0x2B, 0xD4, 0xCB, 0xE1, 0x84, 0xC0, 0x7E, 0x62, 0xFD, 0xCA, 0x97,
    0x45, 0xF0, 0x3F, 0x2C, 0x0A, 0x66, 0x83, 0x2D, 0x2D, 0xE4, 0x22, 0xC6, 0xDC, 0x45, 0x7C, 0x53,
    0xD9, 0x28, 0x36, 0xCD, 0x8D, 0xFC, 0x38, 0x36, 0x16, 0xD2, 0xA6, 0xAF, 0x52, 0x2F, 0xAE, 0x96,
    0x4D, 0x51, 0xDB, 0xB3, 0x69, 0x2E, 0xC8, 0x72, 0x47, 0xB7, 0xB9, 0x26, 0x5F, 0x33, 0x35, 0x85,
    0xF6, 0x94, 0xA5, 0xDC, 0x17, 0x9A, 0xAF, 0x0F, 0xDB, 0x54, 0x1C, 0xA2, 0xB5, 0x3D, 0x02, 0xFC,
    0xEE, 0xD2, 0x5D, 0x3E, 0x5C, 0x7A, 0x2C, 0x4F, 0x4B, 0x95, 0xB9, 0xCD, 0x21, 0x17, 0x1A, 0x8C,
    0x4E, 0xF5, 0x1F, 0x62, 0x00, 0x01, 0x1B, 0x06, 0x28, 0x00, 0xD4, 0x3C, 0x86, 0xC6, 0x0E, 0xC3,
    0x40, 0x10, 0x1D, 0xF9, 0x03, 0x01, 0x03, 0x95, 0xA0, 0x12, 0x7E, 0x09, 0xF2, 0xA4, 0xB1, 0x98,
    0xA7, 0x8D, 0xF4, 0xA1, 0xC9, 0x04, 0x84, 0xA6, 0x04, 0x97, 0x60, 0x60, 0x60, 0x20, 0xEB, 0xE5,
    0x6E, 0xD6, 0x16, 0xB9, 0x47, 0x76, 0xDF, 0x2A, 0xF4, 0x8B, 0x22, 0xF3, 0x49, 0xFF, 0x7C, 0x4F,
    0x82, 0x55, 0xF0, 0x07, 0x4D, 0x94, 0x01, 0xD1, 0x1D, 0x14, 0x19, 0x00, 0x45, 0x46, 0xB6, 0xA0,
    0x48, 0xE1, 0xF5, 0x2C, 0x1E, 0x09, 0x30, 0xB6, 0x84, 0x0B, 0x38, 0x92, 0xD1, 0xEC, 0x82, 0x96,
    0x8D, 0x2C, 0x52, 0x9D, 0x32, 0x9B, 0x0B, 0x60, 0x2B, 0x66, 0x49, 0x78, 0x5B, 0x05, 0xEB, 0x00,
    0x6E, 0xC0, 0xE4, 0xD4, 0x32, 0xE0, 0x7A, 0xD6, 0x0A, 0xBB, 0xD5, 0xC1, 0x1B, 0x58, 0xDC, 0xCF,
    0x07, 0x98, 0x7C, 0x30, 0x0F, 0x4D, 0x2D, 0x80, 0xE6, 0x27, 0x40, 0x4B, 0x23, 0x3D, 0xD1, 0x35,
    0xB9, 0x45, 0xB3, 0xFA, 0xA3, 0x8F, 0xE8, 0xBF, 0x85, 0x8A, 0x1D, 0x45, 0x76, 0x51, 0x84, 0x45,
    0x34, 0xB8, 0x40, 0xAF, 0x1E, 0xBA, 0x16, 0x59, 0x2F, 0x4A, 0xF3, 0x45, 0x41, 0xE7, 0x07,
};

static const EpdGlyph youngserif_18_italicGlyphs[] = {
    { 0, 0, 317, 0, 0, 0, 0 }, // U+000D
    { 0, 0, 132, 0, 0, 0, 0 }, // U+0020
    { 10, 27, 175, 0, 26, 68, 0 }, // !
    { 10, 9, 212, 4, 26, 23, 68 }, // "
    { 25, 23, 375, 0, 23, 144, 91 }, // #
    { 24, 34, 423, 1, 30, 204, 235 }, // $
    { 30, 29, 479, 0, 28, 218, 439 }, // %
    { 29, 25, 429, 0, 25, 182, 657 }, // &
    { 4, 9, 113, 4, 26, 9, 839 }, // '
    { 14, 31, 240, 2, 27, 109, 848 }, // (
    { 14, 31, 240, 0, 27, 109, 957 }, // )
    { 17, 17, 307, 3, 26, 73, 1066 }, // *
    { 19, 17, 317, 1, 17, 81, 1139 }, // +
    { 8, 9, 131, -2, 5, 18, 1220 }, // ,
    { 14, 2, 270, 2, 10, 7, 1238 }, // -
    { 7, 6, 129, -1, 5, 11, 1245 }, // .
    { 21, 31, 264, -2, 26, 163, 1256 }, // /
    { 20, 19, 309, 0, 19, 95, 1419 }, // 0
    { 13, 19, 184, -1, 19, 62, 1514 }, // 1
    { 18, 19, 287, -1, 19, 86, 1576 }, // 2
    { 17, 25, 280, -1, 18, 107, 1662 }, // 3
    { 19, 26, 304, -2, 19, 124, 1769 }, // 4
    { 23, 26, 284, -3, 19, 150, 1893 }, // 5
    { 21, 25, 321, 1, 25, 132, 2043 }, // 6
    { 21, 27, 302, 0, 19, 142, 2175 }, // 7
    { 20, 25, 295, 0, 25, 125, 2317 }, // 8
    { 21, 26, 321, 0, 25, 137, 2442 }, // 9
    { 9, 20, 165, -1, 19, 45, 2579 }, // :
    { 10, 23, 137, -2, 19, 58, 2624 }, // ;
    { 21, 19, 317, 0, 20, 100, 2682 }, // <
    { 19, 10, 317, 1, 15, 48, 2782 }, // =
    { 21, 19, 317, -1, 20, 100, 2830 }, // >
    { 16, 27, 276, 3, 26, 108, 2930 }, // ?
    { 33, 32, 550, 1, 24, 264, 3038 }, // @
    { 26, 25, 393, -2, 25, 163, 3302 }, // A
    { 24, 25, 380, 0, 25, 150, 3465 }, // B
    { 25, 25, 386, 1, 25, 157, 3615 }, // C
    { 26, 25, 386, -1, 25, 163, 3772 }, // D
    { 25, 26, 380, -1, 26, 163, 3935 }, // E
    { 25, 26, 346, -1, 26, 163, 4098 }, // F
    { 25, 25, 407, 1, 25, 157, 4261 }, // G
    { 31, 25, 436, -1, 25, 194, 4418 }, // H
    { 16, 25, 188, -1, 25, 100, 4612 }, // I
    { 20, 25, 251, -1, 25, 125, 4712 }, // J
    { 28, 25, 401, -1, 25, 175, 4837 }, // K
    { 23, 25, 351, -1, 25, 144, 5012 }, // L
    { 37, 25, 524, -1, 25, 232, 5156 }, // M
    { 32, 25, 431, -1, 25, 200, 5388 }, // N
    { 27, 25, 424, 1, 25, 169, 5588 }, // O
    { 24, 25, 356, -1, 25, 150, 5757 }, // P
    { 27, 32, 424, 1, 25, 216, 5907 }, // Q
    { 25, 25, 395, -1, 25, 157, 6123 }, // R
    { 24, 25, 365, 0, 25, 150, 6280 }, // S
    { 27, 25, 416, 2, 25, 169, 6430 }, // T
    { 26, 25, 401, 3, 25, 163, 6599 }, // U
    { 25, 25, 383, 3, 25, 157, 6762 }, // V
    { 38, 25, 588, 3, 25, 238, 6919 }, // W
    { 32, 25, 441, -2, 25, 200, 7157 }, // X
    { 26, 25, 405, 3, 25, 163, 7357 }, // Y
    { 29, 25, 394, -2, 25, 182, 7520 }, // Z
    { 14, 32, 209, 1, 28, 112, 7702 }, // [
    { 9, 31, 264, 5, 26, 70, 7814 }, // <backslash>
    { 14, 32, 209, -2, 28, 112, 7884 }, // ]
    { 20, 12, 317, 1, 26, 60, 7996 }, // ^
    { 20, 2, 316, -2, -1, 10, 8056 }, // _
    { 8, 7, 317, 7, 25, 14, 8066 }, // `
    { 19, 18, 310, 0, 17, 86, 8080 }, // a
    { 18, 27, 298, 1, 27, 122, 8166 }, // b
    { 17, 17, 271, 0, 17, 73, 8288 }, // c
    { 21, 28, 310, 0, 27, 147, 8361 }, // d
    { 16, 17, 259, 0, 17, 68, 8508 }, // e
    { 18, 26, 188, -1, 26, 117, 8576 }, // f
    { 21, 25, 275, -2, 18, 132, 8693 }, // g
    { 21, 27, 329, -2, 27, 142, 8825 }, // h
    { 13, 24, 159, -2, 24, 78, 8967 }, // i
    { 18, 31, 136, -7, 24, 140, 9045 }, // j
    { 22, 27, 316, -2, 27, 149, 9185 }, // k
    { 13, 27, 159, -2, 27, 88, 9334 }, // l
    { 32, 18, 499, -2, 18, 144, 9422 }, // m
    { 21, 18, 326, -2, 18, 95, 9566 }, // n
    { 18, 17, 285, 0, 17, 77, 9661 }, // o
    { 23, 24, 315, -3, 17, 138, 9738 }, // p
    { 19, 24, 330, 0, 17, 114, 9876 }, // q
    { 19, 18, 248, -2, 18, 86, 9990 }, // r
    { 17, 17, 276, 0, 17, 73, 10076 }, // s
    { 13, 23, 191, 1, 23, 75, 10149 }, // t
    { 18, 18, 323, 1, 17, 81, 10224 }, // u
    { 19, 17, 292, 1, 17, 81, 10305 }, // v
    { 30, 17, 492, 2, 17, 128, 10386 }, // w
    { 23, 17, 307, -2, 17, 98, 10514 }, // x
    { 20, 24, 289, 0, 17, 120, 10612 }, // y
    { 21, 18, 283, -2, 18, 95, 10732 }, // z
    { 13, 31, 241, 3, 27, 101, 10827 }, // {
    { 9, 31, 299, 5, 26, 70, 10928 }, // |
    { 13, 31, 241, -1, 27, 101, 10998 }, // }
    { 21, 7, 317, 0, 13, 37, 11099 }, // ~
    { 0, 0, 132, 0, 0, 0, 0 }, // U+00A0
    { 10, 27, 175, 1, 18, 68, 0 }, // U+00A1
    { 17, 25, 300, 1, 25, 107, 68 }, // U+00A2
    { 25, 25, 408, 0, 25, 157, 175 }, // U+00A3
    { 20, 18, 332, 1, 20, 90, 332 }, // U+00A4
    { 27, 25, 454, 4, 25, 169, 422 }, // U+00A5
    { 9, 31, 299, 5, 26, 70, 591 }, // U+00A6
    { 26, 36, 416, 0, 27, 234, 661 }, // U+00A7
    { 14, 6, 317, 6, 24, 21, 895 }, // U+00A8
    { 26, 25, 416, 0, 25, 163, 916 }, // U+00A9
    { 16, 15, 274, 0, 26, 60, 1079 }, // U+00AA
    { 19, 15, 347, 2, 18, 72, 1139 }, // U+00AB
    { 19, 11, 317, 1, 11, 53, 1211 }, // U+00AC
    { 26, 25, 416, 0, 25, 163, 1264 }, // U+00AE
    { 11, 2, 317, 7, 21, 6, 1427 }, // U+00AF
    { 11, 8, 187, 3, 26, 22, 1433 }, // U+00B0
    { 21, 20, 317, -1, 20, 105, 1455 }, // U+00B1
    { 15, 14, 217, 1, 27, 53, 1560 }, // U+00B2
    { 12, 14, 202, 2, 27, 42, 1613 }, // U+00B3
    { 8, 7, 317, 8, 25, 14, 1655 }, // U+00B4
    { 19, 24, 313, -2, 17, 114, 1669 }, // U+00B5
    { 19, 28, 317, 3, 23, 133, 1783 }, // U+00B6
    { 6, 6, 123, 0, 14, 9, 1916 }, // U+00B7
    { 10, 10, 317, 1, 2, 25, 1925 }, // U+00B8
    { 10, 15, 139, 1, 28, 38, 1950 }, // U+00B9
    { 15, 15, 242, 0, 25, 57, 1988 }, // U+00BA
    { 19, 15, 347, 1, 18, 72, 2045 }, // U+00BB
    { 26, 32, 422, -1, 28, 208, 2117 }, // U+00BC
    { 27, 28, 422, -1, 28, 189, 2325 }, // U+00BD
    { 26, 31, 422, -1, 27, 202, 2514 }, // U+00BE
    { 16, 27, 276, -2, 18, 108, 2716 }, // U+00BF
    { 26, 33, 393, -2, 33, 215, 2824 }, // U+00C0
    { 26, 33, 393, -2, 33, 215, 3039 }, // U+00C1
    { 26, 33, 393, -2, 33, 215, 3254 }, // U+00C2
    { 26, 32, 393, -2, 32, 208, 3469 }, // U+00C3
    { 26, 32, 393, -2, 32, 208, 3677 }, // U+00C4
    { 26, 31, 393, -2, 31, 202, 3885 }, // U+00C5
    { 39, 26, 576, -2, 26, 254, 4087 }, // U+00C6
    { 25, 33, 386, 1, 25, 207, 4341 }, // U+00C7
    { 25, 33, 380, -1, 33, 207, 4548 }, // U+00C8
    { 25, 33, 380, -1, 33, 207, 4755 }, // U+00C9
    { 25, 33, 380, -1, 33, 207, 4962 }, // U+00CA
    { 25, 32, 380, -1, 32, 200, 5169 }, // U+00CB
    { 16, 33, 188, -1, 33, 132, 5369 }, // U+00CC
    { 16, 33, 188, -1, 33, 132, 5501 }, // U+00CD
    { 17, 33, 188, -1, 33, 141, 5633 }, // U+00CE
    { 18, 32, 188, -1, 32, 144, 5774 }, // U+00CF
    { 26, 25, 417, -1, 25, 163, 5918 }, // U+00D0
    { 32, 32, 431, -1, 32, 256, 6081 }, // U+00D1
    { 27, 33, 424, 1, 33, 223, 6337 }, // U+00D2
    { 27, 33, 424, 1, 33, 223, 6560 }, // U+00D3
    { 27, 33, 424, 1, 33, 223, 6783 }, // U+00D4
    { 27, 32, 424, 1, 32, 216, 7006 }, // U+00D5
    { 27, 32, 424, 1, 32, 216, 7222 }, // U+00D6
    { 20, 17, 317, 0, 17, 85, 7438 }, // U+00D7
    { 27, 31, 434, 1, 29, 210, 7523 }, // U+00D8
    { 26, 33, 401, 3, 33, 215, 7733 }, // U+00D9
    { 26, 33, 401, 3, 33, 215, 7948 }, // U+00DA
    { 26, 33, 401, 3, 33, 215, 8163 }, // U+00DB
    { 26, 32, 401, 3, 32, 208, 8378 }, // U+00DC
    { 26, 33, 405, 3, 33, 215, 8586 }, // U+00DD
    { 24, 25, 337, -1, 25, 150, 8801 }, // U+00DE
    { 23, 25, 371, -1, 25, 144, 8951 }, // U+00DF
    { 19, 26, 310, 0, 25, 124, 9095 }, // U+00E0
    { 19, 26, 310, 0, 25, 124, 9219 }, // U+00E1
    { 19, 26, 310, 0, 25, 124, 9343 }, // U+00E2
    { 19, 25, 310, 0, 24, 119, 9467 }, // U+00E3
    { 19, 25, 310, 0, 24, 119, 9586 }, // U+00E4
    { 19, 26, 310, 0, 25, 124, 9705 }, // U+00E5
    { 29, 18, 463, 0, 17, 131, 9829 }, // U+00E6
    { 17, 25, 271, 0, 17, 107, 9960 }, // U+00E7
    { 16, 25, 259, 0, 25, 100, 10067 }, // U+00E8
    { 16, 25, 259, 0, 25, 100, 10167 }, // U+00E9
    { 16, 25, 259, 0, 25, 100, 10267 }, // U+00EA
    { 18, 24, 259, 0, 24, 108, 10367 }, // U+00EB
    { 11, 25, 159, -2, 25, 69, 10475 }, // U+00EC
    { 14, 25, 159, -2, 25, 88, 10544 }, // U+00ED
    { 15, 25, 159, -2, 25, 94, 10632 }, // U+00EE
    { 17, 24, 159, -2, 24, 102, 10726 }, // U+00EF
    { 18, 27, 302, 0, 27, 122, 10828 }, // U+00F0
    { 21, 24, 326, -2, 24, 126, 10950 }, // U+00F1
    { 18, 25, 285, 0, 25, 113, 11076 }, // U+00F2
    { 18, 25, 285, 0, 25, 113, 11189 }, // U+00F3
    { 18, 25, 285, 0, 25, 113, 11302 }, // U+00F4
    { 18, 24, 285, 0, 24, 108, 11415 }, // U+00F5
    { 18, 24, 285, 0, 24, 108, 11523 }, // U+00F6
    { 20, 21, 317, 0, 20, 105, 11631 }, // U+00F7
    { 20, 17, 285, -1, 17, 85, 11736 }, // U+00F8
    { 18, 26, 323, 1, 25, 117, 11821 }, // U+00F9
    { 18, 26, 323, 1, 25, 117, 11938 }, // U+00FA
    { 18, 26, 323, 1, 25, 117, 12055 }, // U+00FB
    { 18, 25, 323, 1, 24, 113, 12172 }, // U+00FC
    { 20, 32, 289, 0, 25, 160, 12285 }, // U+00FD
    { 23, 32, 315, -3, 25, 184, 12445 }, // U+00FE
    { 20, 31, 289, 0, 24, 155, 12629 }, // U+00FF
    { 26, 29, 393, -2, 29, 189, 0 }, // U+0100
    { 19, 22, 310, 0, 21, 105, 189 }, // U+0101
    { 26, 32, 393, -2, 32, 208, 294 }, // U+0102
    { 19, 25, 310, 0, 24, 119, 502 }, // U+0103
    { 27, 33, 393, -2, 25, 223, 621 }, // U+0104
    { 19, 24, 310, 0, 17, 114, 844 }, // U+0105
    { 25, 33, 386, 1, 33, 207, 958 }, // U+0106
    { 17, 25, 271, 0, 25, 107, 1165 }, // U+0107
    { 25, 33, 386, 1, 33, 207, 1272 }, // U+0108
    { 17, 25, 271, 0, 25, 107, 1479 }, // U+0109
    { 25, 32, 386, 1, 32, 200, 1586 }, // U+010A
    { 17, 24, 271, 0, 24, 102, 1786 }, // U+010B
    { 25, 32, 386, 1, 32, 200, 1888 }, // U+010C
    { 17, 24, 271, 0, 24, 102, 2088 }, // U+010D
    { 26, 32, 386, -1, 32, 208, 2190 }, // U+010E
    { 25, 28, 369, 0, 27, 175, 2398 }, // U+010F
    { 26, 25, 417, -1, 25, 163, 2573 }, // U+0110
    { 23, 28, 324, 0, 27, 161, 2736 }, // U+0111
    { 25, 29, 380, -1, 29, 182, 2897 }, // U+0112
    { 16, 21, 259, 0, 21, 84, 3079 }, // U+0113
    { 25, 32, 380, -1, 32, 200, 3163 }, // U+0114
    { 16, 24, 259, 0, 24, 96, 3363 }, // U+0115
    { 25, 32, 380, -1, 32, 200, 3459 }, // U+0116
    { 16, 24, 259, 0, 24, 96, 3659 }, // U+0117
    { 25, 34, 380, -1, 26, 213, 3755 }, // U+0118
    { 16, 25, 259, 0, 17, 100, 3968 }, // U+0119
    { 25, 32, 380, -1, 32, 200, 4068 }, // U+011A
    { 16, 24, 259, 0, 24, 96, 4268 }, // U+011B
    { 25, 33, 407, 1, 33, 207, 4364 }, // U+011C
    { 21, 32, 275, -2, 25, 168, 4571 }, // U+011D
    { 25, 32, 407, 1, 32, 200, 4739 }, // U+011E
    { 21, 31, 275, -2, 24, 163, 4939 }, // U+011F
    { 25, 32, 407, 1, 32, 200, 5102 }, // U+0120
    { 21, 31, 275, -2, 24, 163, 5302 }, // U+0121
    { 25, 34, 407, 1, 25, 213, 5465 }, // U+0122
    { 21, 32, 275, -2, 25, 168, 5678 }, // U+0123
    { 31, 33, 436, -1, 33, 256, 5846 }, // U+0124
    { 21, 34, 329, -2, 34, 179, 6102 }, // U+0125
    { 31, 25, 436, -1, 25, 194, 6281 }, // U+0126
    { 21, 27, 359, -2, 27, 142, 6475 }, // U+0127
    { 17, 32, 188, -1, 32, 136, 6617 }, // U+0128
    { 16, 24, 159, -2, 24, 96, 6753 }, // U+0129
    { 16, 29, 188, -1, 29, 116, 6849 }, // U+012A
    { 15, 21, 159, -2, 21, 79, 6965 }, // U+012B
    { 17, 32, 188, -1, 32, 136, 7044 }, // U+012C
    { 15, 24, 159, -2, 24, 90, 7180 }, // U+012D
    { 16, 33, 188, -1, 25, 132, 7270 }, // U+012E
    { 13, 32, 159, -2, 24, 104, 7402 }, // U+012F
    { 16, 32, 188, -1, 32, 128, 7506 }, // U+0130
    { 11, 18, 159, -2, 18, 50, 7634 }, // U+0131
    { 31, 25, 428, -1, 25, 194, 7684 }, // U+0132
    { 22, 31, 288, -2, 24, 171, 7878 }, // U+0133
    { 21, 33, 251, -1, 33, 174, 8049 }, // U+0134
    { 20, 32, 136, -7, 25, 160, 8223 }, // U+0135
    { 28, 34, 401, -1, 25, 238, 8383 }, // U+0136
    { 22, 36, 316, -2, 27, 198, 8621 }, // U+0137
    { 22, 17, 316, -2, 17, 94, 8819 }, // U+0138
    { 23, 33, 351, -1, 33, 190, 8913 }, // U+0139
    { 16, 34, 159, -2, 34, 136, 9103 }, // U+013A
    { 23, 34, 351, -1, 25, 196, 9239 }, // U+013B
    { 13, 36, 159, -2, 27, 117, 9435 }, // U+013C
    { 23, 25, 351, -1, 25, 144, 9552 }, // U+013D
    { 17, 27, 199, -2, 27, 115, 9696 }, // U+013E
    { 23, 25, 337, -1, 25, 144, 9811 }, // U+013F
    { 18, 27, 282, -2, 27, 122, 9955 }, // U+0140
    { 23, 25, 374, -1, 25, 144, 10077 }, // U+0141
    { 12, 27, 197, 0, 27, 81, 10221 }, // U+0142
    { 32, 33, 431, -1, 33, 264, 10302 }, // U+0143
    { 21, 25, 326, -2, 25, 132, 10566 }, // U+0144
    { 32, 34, 431, -1, 25, 272, 10698 }, // U+0145
    { 21, 27, 326, -2, 18, 142, 10970 }, // U+0146
    { 32, 32, 431, -1, 32, 256, 11112 }, // U+0147
    { 21, 24, 326, -2, 24, 126, 11368 }, // U+0148
    { 21, 24, 374, 1, 24, 126, 11494 }, // U+0149
    { 32, 32, 431, -1, 25, 256, 11620 }, // U+014A
    { 21, 25, 289, -2, 18, 132, 11876 }, // U+014B
    { 27, 29, 424, 1, 29, 196, 12008 }, // U+014C
    { 18, 21, 285, 0, 21, 95, 12204 }, // U+014D
    { 27, 32, 424, 1, 32, 216, 12299 }, // U+014E
    { 18, 24, 285, 0, 24, 108, 12515 }, // U+014F
    { 27, 34, 424, 1, 34, 230, 12623 }, // U+0150
    { 18, 26, 285, 0, 26, 117, 12853 }, // U+0151
    { 40, 25, 647, 1, 25, 250, 12970 }, // U+0152
    { 29, 17, 452, 0, 17, 124, 13220 }, // U+0153
    { 25, 33, 395, -1, 33, 207, 13344 }, // U+0154
    { 19, 25, 248, -2, 25, 119, 13551 }, // U+0155
    { 25, 34, 395, -1, 25, 213, 13670 }, // U+0156
    { 19, 27, 248, -2, 18, 129, 13883 }, // U+0157
    { 25, 32, 395, -1, 32, 200, 14012 }, // U+0158
    { 19, 24, 248, -2, 24, 114, 14212 }, // U+0159
    { 24, 33, 365, 0, 33, 198, 14326 }, // U+015A
    { 17, 25, 276, 0, 25, 107, 14524 }, // U+015B
    { 24, 33, 365, 0, 33, 198, 14631 }, // U+015C
    { 17, 25, 276, 0, 25, 107, 14829 }, // U+015D
    { 24, 33, 365, 0, 25, 198, 14936 }, // U+015E
    { 17, 25, 276, 0, 17, 107, 15134 }, // U+015F
    { 24, 32, 365, 0, 32, 192, 15241 }, // U+0160
    { 17, 24, 276, 0, 24, 102, 15433 }, // U+0161
    { 27, 33, 416, 2, 25, 223, 15535 }, // U+0162
    { 14, 31, 191, 0, 23, 109, 15758 }, // U+0163
    { 27, 32, 416, 2, 32, 216, 15867 }, // U+0164
    { 16, 26, 191, 1, 26, 104, 16083 }, // U+0165
    { 27, 25, 416, 2, 25, 169, 16187 }, // U+0166
    { 13, 23, 217, 1, 23, 75, 16356 }, // U+0167
    { 26, 32, 401, 3, 32, 208, 16431 }, // U+0168
    { 18, 25, 323, 1, 24, 113, 16639 }, // U+0169
    { 26, 29, 401, 3, 29, 189, 16752 }, // U+016A
    { 18, 22, 323, 1, 21, 99, 16941 }, // U+016B
    { 26, 32, 401, 3, 32, 208, 17040 }, // U+016C
    { 18, 25, 323, 1, 24, 113, 17248 }, // U+016D
    { 26, 33, 401, 3, 33, 215, 17361 }, // U+016E
    { 18, 26, 323, 1, 25, 117, 17576 }, // U+016F
    { 26, 34, 401, 3, 34, 221, 17693 }, // U+0170
    { 18, 27, 323, 1, 26, 122, 17914 }, // U+0171
    { 26, 33, 401, 3, 25, 215, 18036 }, // U+0172
    { 18, 24, 323, 1, 17, 108, 18251 }, // U+0173
    { 38, 33, 588, 3, 33, 314, 18359 }, // U+0174
    { 30, 25, 492, 2, 25, 188, 18673 }, // U+0175
    { 26, 33, 405, 3, 33, 215, 18861 }, // U+0176
    { 20, 32, 289, 0, 25, 160, 19076 }, // U+0177
    { 26, 32, 405, 3, 32, 208, 19236 }, // U+0178
    { 29, 33, 394, -2, 33, 240, 19444 }, // U+0179
    { 21, 25, 283, -2, 25, 132, 19684 }, // U+017A
    { 29, 32, 394, -2, 32, 232, 19816 }, // U+017B
    { 21, 24, 283, -2, 24, 126, 20048 }, // U+017C
    { 29, 32, 394, -2, 32, 232, 20174 }, // U+017D
    { 21, 24, 283, -2, 24, 126, 20406 }, // U+017E
    { 18, 26, 188, -1, 26, 117, 20532 }, // U+017F
    { 27, 30, 424, 1, 30, 203, 0 }, // U+01A0
    { 20, 22, 285, 0, 22, 110, 203 }, // U+01A1
    { 29, 30, 472, 3, 30, 218, 313 }, // U+01AF
    { 25, 23, 420, 1, 22, 144, 531 }, // U+01B0
    { 52, 32, 774, -1, 32, 416, 675 }, // U+01C4
    { 44, 25, 663, -1, 25, 275, 1091 }, // U+01C5
    { 39, 28, 600, 0, 27, 273, 1366 }, // U+01C6
    { 42, 25, 596, -1, 25, 263, 1639 }, // U+01C7
    { 34, 32, 487, -1, 25, 272, 1902 }, // U+01C8
    { 22, 34, 289, -2, 27, 187, 2174 }, // U+01C9
    { 46, 25, 671, -1, 25, 288, 2361 }, // U+01CA
    { 39, 32, 561, -1, 25, 312, 2649 }, // U+01CB
    { 32, 31, 446, -2, 24, 248, 2961 }, // U+01CC
    { 26, 32, 393, -2, 32, 208, 3209 }, // U+01CD
    { 19, 25, 310, 0, 24, 119, 3417 }, // U+01CE
    { 17, 32, 188, -1, 32, 136, 3536 }, // U+01CF
    { 15, 24, 159, -2, 24, 90, 3672 }, // U+01D0
    { 27, 32, 424, 1, 32, 216, 3762 }, // U+01D1
    { 18, 24, 285, 0, 24, 108, 3978 }, // U+01D2
    { 26, 32, 401, 3, 32, 208, 4086 }, // U+01D3
    { 18, 25, 323, 1, 24, 113, 4294 }, // U+01D4
    { 26, 36, 401, 3, 36, 234, 4407 }, // U+01D5
    { 18, 29, 323, 1, 28, 131, 4641 }, // U+01D6
    { 26, 40, 401, 3, 40, 260, 4772 }, // U+01D7
    { 18, 33, 323, 1, 32, 149, 5032 }, // U+01D8
    { 26, 39, 401, 3, 39, 254, 5181 }, // U+01D9
    { 18, 32, 323, 1, 31, 144, 5435 }, // U+01DA
    { 26, 40, 401, 3, 40, 260, 5579 }, // U+01DB
    { 18, 33, 323, 1, 32, 149, 5839 }, // U+01DC
    { 25, 32, 407, 1, 32, 200, 5988 }, // U+01E6
    { 21, 31, 275, -2, 24, 163, 6188 }, // U+01E7
    { 27, 33, 424, 1, 25, 223, 6351 }, // U+01EA
    { 18, 25, 285, 0, 17, 113, 6574 }, // U+01EB
    { 26, 38, 393, -2, 38, 247, 6687 }, // U+01FA
    { 19, 33, 310, 0, 32, 157, 6934 }, // U+01FB
    { 39, 33, 576, -2, 33, 322, 7091 }, // U+01FC
    { 29, 26, 463, 0, 25, 189, 7413 }, // U+01FD
    { 27, 35, 434, 1, 33, 237, 7602 }, // U+01FE
    { 20, 25, 285, -1, 25, 125, 7839 }, // U+01FF
    { 26, 33, 393, -2, 33, 215, 7964 }, // U+0200
    { 20, 26, 310, 0, 25, 130, 8179 }, // U+0201
    { 26, 33, 393, -2, 33, 215, 8309 }, // U+0202
    { 19, 26, 310, 0, 25, 124, 8524 }, // U+0203
    { 25, 33, 380, -1, 33, 207, 8648 }, // U+0204
    { 18, 25, 259, 0, 25, 113, 8855 }, // U+0205
    { 25, 33, 380, -1, 33, 207, 8968 }, // U+0206
    { 16, 25, 259, 0, 25, 100, 9175 }, // U+0207
    { 19, 33, 188, -1, 33, 157, 9275 }, // U+0208
    { 17, 25, 159, -2, 25, 107, 9432 }, // U+0209
    { 17, 33, 188, -1, 33, 141, 9539 }, // U+020A
    { 15, 25, 159, -2, 25, 94, 9680 }, // U+020B
    { 27, 33, 424, 1, 33, 223, 9774 }, // U+020C
    { 19, 25, 285, 0, 25, 119, 9997 }, // U+020D
    { 27, 33, 424, 1, 33, 223, 10116 }, // U+020E
    { 18, 25, 285, 0, 25, 113, 10339 }, // U+020F
    { 25, 33, 395, -1, 33, 207, 10452 }, // U+0210
    { 20, 25, 248, -2, 25, 125, 10659 }, // U+0211
    { 25, 33, 395, -1, 33, 207, 10784 }, // U+0212
    { 19, 25, 248, -2, 25, 119, 10991 }, // U+0213
    { 26, 33, 401, 3, 33, 215, 11110 }, // U+0214
    { 19, 26, 323, 1, 25, 124, 11325 }, // U+0215
    { 26, 33, 401, 3, 33, 215, 11449 }, // U+0216
    { 18, 26, 323, 1, 25, 117, 11664 }, // U+0217
    { 24, 34, 365, 0, 25, 204, 11781 }, // U+0218
    { 17, 26, 276, 0, 17, 111, 11985 }, // U+0219
    { 27, 34, 416, 2, 25, 230, 12096 }, // U+021A
    { 13, 32, 191, 1, 23, 104, 12326 }, // U+021B
    { 8, 7, 0, 7, 25, 14, 0 }, // U+0300
    { 8, 7, 0, 8, 25, 14, 14 }, // U+0301
    { 11, 6, 0, 7, 25, 17, 28 }, // U+0302
    { 12, 5, 0, 6, 24, 15, 45 }, // U+0303
    { 11, 2, 0, 7, 21, 6, 60 }, // U+0304
    { 11, 5, 0, 7, 24, 14, 66 }, // U+0306
    { 6, 6, 0, 9, 24, 9, 80 }, // U+0307
    { 14, 6, 0, 6, 24, 21, 89 }, // U+0308
    { 6, 7, 0, 5, 26, 11, 110 }, // U+0309
    { 9, 7, 0, 7, 25, 16, 121 }, // U+030A
    { 12, 6, 0, 7, 26, 18, 137 }, // U+030B
    { 11, 6, 0, 6, 24, 17, 155 }, // U+030C
    { 15, 7, 0, 2, 25, 27, 172 }, // U+030F
    { 11, 5, 0, 7, 25, 14, 199 }, // U+0311
    { 6, 8, 0, 10, 24, 12, 213 }, // U+0312
    { 10, 8, 0, 0, 22, 20, 225 }, // U+031B
    { 6, 6, 0, 6, -2, 9, 245 }, // U+0323
    { 14, 6, 0, 2, -3, 21, 254 }, // U+0324
    { 6, 8, 0, 2, -1, 12, 275 }, // U+0326
    { 10, 10, 0, 1, 2, 25, 287 }, // U+0327
    { 10, 9, 0, 2, 1, 23, 312 }, // U+0328
    { 11, 5, 0, 2, -2, 14, 335 }, // U+032E
    { 12, 5, 0, 0, -3, 15, 349 }, // U+0330
    { 11, 2, 0, 4, -3, 6, 364 }, // U+0331
    { 26, 33, 393, -2, 25, 215, 0 }, // U+1EA0
    { 19, 25, 310, 0, 17, 119, 215 }, // U+1EA1
    { 26, 34, 393, -2, 34, 221, 334 }, // U+1EA2
    { 19, 27, 310, 0, 26, 129, 555 }, // U+1EA3
    { 29, 37, 393, -2, 37, 269, 684 }, // U+1EA4
    { 23, 30, 310, 0, 29, 173, 953 }, // U+1EA5
    { 26, 37, 393, -2, 37, 241, 1126 }, // U+1EA6
    { 19, 30, 310, 0, 29, 143, 1367 }, // U+1EA7
    { 26, 38, 393, -2, 38, 247, 1510 }, // U+1EA8
    { 20, 31, 310, 0, 30, 155, 1757 }, // U+1EA9
    { 26, 38, 393, -2, 38, 247, 1912 }, // U+1EAA
    { 19, 31, 310, 0, 30, 148, 2159 }, // U+1EAB
    { 26, 41, 393, -2, 33, 267, 2307 }, // U+1EAC
    { 19, 33, 310, 0, 25, 157, 2574 }, // U+1EAD
    { 26, 39, 393, -2, 39, 254, 2731 }, // U+1EAE
    { 19, 32, 310, 0, 31, 152, 2985 }, // U+1EAF
    { 26, 39, 393, -2, 39, 254, 3137 }, // U+1EB0
    { 19, 32, 310, 0, 31, 152, 3391 }, // U+1EB1
    { 26, 40, 393, -2, 40, 260, 3543 }, // U+1EB2
    { 19, 33, 310, 0, 32, 157, 3803 }, // U+1EB3
    { 26, 38, 393, -2, 38, 247, 3960 }, // U+1EB4
    { 19, 31, 310, 0, 30, 148, 4207 }, // U+1EB5
    { 26, 40, 393, -2, 32, 260, 4355 }, // U+1EB6
    { 19, 32, 310, 0, 24, 152, 4615 }, // U+1EB7
    { 25, 34, 380, -1, 26, 213, 4767 }, // U+1EB8
    { 16, 25, 259, 0, 17, 100, 4980 }, // U+1EB9
    { 25, 34, 380, -1, 34, 213, 5080 }, // U+1EBA
    { 16, 26, 259, 0, 26, 104, 5293 }, // U+1EBB
    { 25, 32, 380, -1, 32, 200, 5397 }, // U+1EBC
    { 17, 24, 259, 0, 24, 102, 5597 }, // U+1EBD
    { 28, 37, 380, -1, 37, 259, 5699 }, // U+1EBE
    { 22, 29, 259, 0, 29, 160, 5958 }, // U+1EBF
    { 25, 37, 380, -1, 37, 232, 6118 }, // U+1EC0
    { 16, 29, 259, 0, 29, 116, 6350 }, // U+1EC1
    { 25, 38, 380, -1, 38, 238, 6466 }, // U+1EC2
    { 18, 30, 259, 0, 30, 135, 6704 }, // U+1EC3
    { 25, 38, 380, -1, 38, 238, 6839 }, // U+1EC4
    { 18, 30, 259, 0, 30, 135, 7077 }, // U+1EC5
    { 25, 41, 380, -1, 33, 257, 7212 }, // U+1EC6
    { 16, 33, 259, 0, 25, 132, 7469 }, // U+1EC7
    { 16, 34, 188, -1, 34, 136, 7601 }, // U+1EC8
    { 13, 26, 159, -2, 26, 85, 7737 }, // U+1EC9
    { 16, 33, 188, -1, 25, 132, 7822 }, // U+1ECA
    { 13, 32, 159, -2, 24, 104, 7954 }, // U+1ECB
    { 27, 33, 424, 1, 25, 223, 8058 }, // U+1ECC
    { 18, 25, 285, 0, 17, 113, 8281 }, // U+1ECD
    { 27, 34, 424, 1, 34, 230, 8394 }, // U+1ECE
    { 18, 26, 285, 0, 26, 117, 8624 }, // U+1ECF
    { 28, 37, 424, 1, 37, 259, 8741 }, // U+1ED0
    { 22, 29, 285, 0, 29, 160, 9000 }, // U+1ED1
    { 27, 37, 424, 1, 37, 250, 9160 }, // U+1ED2
    { 18, 29, 285, 0, 29, 131, 9410 }, // U+1ED3
    { 27, 38, 424, 1, 38, 257, 9541 }, // U+1ED4
    { 19, 30, 285, 0, 30, 143, 9798 }, // U+1ED5
    { 27, 38, 424, 1, 38, 257, 9941 }, // U+1ED6
    { 19, 30, 285, 0, 30, 143, 10198 }, // U+1ED7
    { 27, 41, 424, 1, 33, 277, 10341 }, // U+1ED8
    { 18, 33, 285, 0, 25, 149, 10618 }, // U+1ED9
    { 27, 33, 424, 1, 33, 223, 10767 }, // U+1EDA
    { 20, 25, 285, 0, 25, 125, 10990 }, // U+1EDB
    { 27, 33, 424, 1, 33, 223, 11115 }, // U+1EDC
    { 20, 25, 285, 0, 25, 125, 11338 }, // U+1EDD
    { 27, 34, 424, 1, 34, 230, 11463 }, // U+1EDE
    { 20, 26, 285, 0, 26, 130, 11693 }, // U+1EDF
    { 27, 32, 424, 1, 32, 216, 11823 }, // U+1EE0
    { 20, 24, 285, 0, 24, 120, 12039 }, // U+1EE1
    { 27, 38, 424, 1, 30, 257, 12159 }, // U+1EE2
    { 20, 30, 285, 0, 22, 150, 12416 }, // U+1EE3
    { 26, 33, 401, 3, 25, 215, 12566 }, // U+1EE4
    { 18, 25, 323, 1, 17, 113, 12781 }, // U+1EE5
    { 26, 34, 401, 3, 34, 221, 12894 }, // U+1EE6
    { 18, 27, 323, 1, 26, 122, 13115 }, // U+1EE7
    { 29, 33, 472, 3, 33, 240, 13237 }, // U+1EE8
    { 25, 26, 420, 1, 25, 163, 13477 }, // U+1EE9
    { 29, 33, 472, 3, 33, 240, 13640 }, // U+1EEA
    { 25, 26, 420, 1, 25, 163, 13880 }, // U+1EEB
    { 29, 34, 472, 3, 34, 247, 14043 }, // U+1EEC
    { 25, 27, 420, 1, 26, 169, 14290 }, // U+1EED
    { 29, 32, 472, 3, 32, 232, 14459 }, // U+1EEE
    { 25, 25, 420, 1, 24, 157, 14691 }, // U+1EEF
    { 29, 38, 472, 3, 30, 276, 14848 }, // U+1EF0
    { 25, 30, 420, 1, 22, 188, 15124 }, // U+1EF1
    { 26, 33, 405, 3, 33, 215, 15312 }, // U+1EF2
    { 20, 32, 289, 0, 25, 160, 15527 }, // U+1EF3
    { 26, 33, 405, 3, 25, 215, 15687 }, // U+1EF4
    { 20, 27, 289, 0, 17, 135, 15902 }, // U+1EF5
    { 26, 34, 405, 3, 34, 221, 16037 }, // U+1EF6
    { 20, 33, 289, 0, 26, 165, 16258 }, // U+1EF7
    { 26, 32, 405, 3, 32, 208, 16423 }, // U+1EF8
    { 20, 31, 289, 0, 24, 155, 16631 }, // U+1EF9
    { 0, 0, 343, 0, 0, 0, 0 }, // U+2007
    { 0, 0, 129, 0, 0, 0, 0 }, // U+2008
    { 0, 0, 106, 0, 0, 0, 0 }, // U+2009
    { 0, 0, 76, 0, 0, 0, 0 }, // U+200A
    { 0, 0, 0, 0, 0, 0, 0 }, // U+200B
    { 14, 2, 270, 2, 10, 7, 0 }, // U+2010
    { 22, 2, 397, 2, 10, 11, 7 }, // U+2012
    { 15, 2, 290, 2, 10, 8, 18 }, // U+2013
    { 22, 2, 397, 2, 10, 11, 26 }, // U+2014
    { 27, 2, 394, -1, 10, 14, 37 }, // U+2015
    { 8, 10, 167, 5, 27, 20, 51 }, // U+2018
    { 7, 9, 167, 4, 27, 16, 71 }, // U+2019
    { 8, 9, 131, -2, 5, 18, 87 }, // U+201A
    { 15, 10, 284, 5, 27, 38, 105 }, // U+201C
    { 15, 9, 284, 3, 27, 34, 143 }, // U+201D
    { 15, 9, 284, -2, 5, 34, 177 }, // U+201E
    { 16, 30, 308, 3, 25, 120, 211 }, // U+2020
    { 18, 29, 308, 1, 24, 131, 331 }, // U+2021
    { 9, 10, 317, 6, 16, 23, 462 }, // U+2022
    { 23, 6, 399, -1, 5, 35, 485 }, // U+2026
    { 43, 29, 713, 0, 28, 312, 520 }, // U+2030
    { 7, 10, 116, 2, 26, 18, 832 }, // U+2032
    { 14, 10, 233, 2, 26, 35, 850 }, // U+2033
    { 11, 15, 213, 2, 18, 42, 885 }, // U+2039
    { 10, 15, 213, 1, 18, 38, 927 }, // U+203A
    { 20, 27, 290, 1, 26, 135, 965 }, // U+203D
    { 35, 32, 563, 2, 26, 280, 1100 }, // U+2042
    { 26, 25, 375, -1, 25, 163, 1380 }, // U+2044
    { 24, 27, 390, 3, 26, 162, 1543 }, // U+2048
    { 15, 14, 234, 2, 27, 53, 0 }, // U+2070
    { 14, 18, 230, 1, 27, 63, 53 }, // U+2074
    { 17, 20, 247, 1, 28, 85, 116 }, // U+2075
    { 16, 17, 243, 3, 30, 68, 201 }, // U+2076
    { 16, 18, 229, 2, 26, 72, 269 }, // U+2077
    { 14, 17, 199, 2, 30, 60, 341 }, // U+2078
    { 17, 17, 243, 1, 30, 73, 401 }, // U+2079
    { 16, 14, 234, -1, 14, 56, 474 }, // U+2080
    { 11, 15, 139, -2, 15, 42, 530 }, // U+2081
    { 14, 14, 217, -1, 14, 49, 572 }, // U+2082
    { 13, 14, 202, -1, 14, 46, 621 }, // U+2083
    { 14, 18, 230, -2, 14, 63, 667 }, // U+2084
    { 17, 20, 247, -1, 15, 85, 730 }, // U+2085
    { 17, 17, 243, 0, 17, 73, 815 }, // U+2086
    { 16, 18, 229, -1, 13, 72, 888 }, // U+2087
    { 14, 17, 199, -1, 17, 60, 960 }, // U+2088
    { 16, 17, 243, -1, 17, 68, 1020 }, // U+2089
    { 24, 34, 434, 2, 30, 204, 0 }, // U+20A1
    { 29, 26, 464, 0, 26, 189, 204 }, // U+20A3
    { 25, 25, 408, 0, 25, 157, 393 }, // U+20A4
    { 32, 25, 499, 1, 25, 200, 550 }, // U+20A6
    { 27, 25, 439, 1, 25, 169, 750 }, // U+20A7
    { 40, 25, 643, 3, 25, 250, 919 }, // U+20A9
    { 27, 25, 403, 0, 25, 169, 1169 }, // U+20AA
    { 24, 31, 381, 1, 28, 186, 1338 }, // U+20AB
    { 29, 25, 483, 1, 25, 182, 1524 }, // U+20AC
    { 28, 25, 445, 0, 25, 175, 1706 }, // U+20AD
    { 28, 25, 443, 1, 25, 175, 1881 }, // U+20B1
    { 25, 34, 439, 2, 30, 213, 2056 }, // U+20B2
    { 27, 25, 449, 1, 25, 169, 2269 }, // U+20B4
    { 24, 34, 434, 2, 30, 204, 2438 }, // U+20B5
    { 22, 26, 343, 2, 25, 143, 2642 }, // U+20B9
    { 23, 25, 392, 2, 25, 144, 2785 }, // U+20BA
    { 24, 31, 386, 1, 31, 186, 2929 }, // U+20BC
    { 25, 25, 385, 0, 25, 157, 3115 }, // U+20BD
    { 23, 33, 403, 1, 29, 190, 3272 }, // U+20BF
    { 26, 24, 456, 2, 25, 156, 0 }, // U+2190
    { 23, 25, 392, 1, 26, 144, 156 }, // U+2191
    { 26, 24, 439, 1, 25, 156, 300 }, // U+2192
    { 23, 25, 392, 1, 25, 144, 456 }, // U+2193
    { 33, 24, 582, 2, 25, 198, 600 }, // U+2194
    { 23, 33, 392, 1, 29, 190, 798 }, // U+2195
    { 20, 19, 352, 1, 26, 95, 988 }, // U+2196
    { 20, 19, 362, 2, 26, 95, 1083 }, // U+2197
    { 20, 19, 352, 1, 19, 95, 1178 }, // U+2198
    { 20, 19, 352, 1, 19, 95, 1273 }, // U+2199
    { 23, 22, 401, 1, 24, 127, 1368 }, // U+21BA
    { 23, 22, 401, 2, 24, 127, 1495 }, // U+21BB
    { 29, 38, 456, 0, 31, 276, 1622 }, // U+21C4
    { 37, 28, 605, 1, 26, 259, 1898 }, // U+21C5
    { 24, 22, 420, 1, 22, 132, 2157 }, // U+21E7
    { 18, 28, 317, 0, 27, 126, 0 }, // U+2202
    { 22, 19, 317, -1, 19, 105, 126 }, // U+2205
    { 19, 23, 317, -1, 23, 110, 231 }, // U+2206
    { 24, 26, 317, -1, 26, 156, 341 }, // U+220F
    { 23, 25, 317, 0, 25, 144, 497 }, // U+2211
    { 19, 3, 317, 1, 11, 15, 641 }, // U+2212
    { 19, 25, 299, 1, 25, 119, 656 }, // U+2215
    { 7, 7, 317, 7, 15, 13, 775 }, // U+2219
    { 24, 30, 317, 0, 27, 180, 788 }, // U+221A
    { 20, 11, 317, 0, 15, 55, 968 }, // U+221E
    { 26, 36, 317, -3, 28, 234, 1023 }, // U+222B
    { 22, 14, 317, -1, 17, 77, 1257 }, // U+2248
    { 19, 20, 317, 1, 20, 95, 1334 }, // U+2260
    { 23, 21, 317, -1, 21, 121, 1429 }, // U+2264
    { 21, 21, 317, -1, 21, 111, 1550 }, // U+2265
    { 29, 26, 356, -1, 26, 189, 0 }, // U+FB00
    { 23, 26, 351, -1, 26, 150, 189 }, // U+FB01
    { 23, 26, 331, -1, 26, 150, 339 }, // U+FB02
    { 35, 26, 536, -1, 26, 228, 489 }, // U+FB03
    { 34, 26, 520, -1, 26, 221, 717 }, // U+FB04
    { 37, 36, 581, 1, 32, 333, 0 }, // U+FFFD
};

static const EpdUnicodeInterval youngserif_18_italicIntervals[] = {
    { 0xD, 0xD, 0x0 },
    { 0x20, 0x7E, 0x1 },
    { 0xA0, 0xAC, 0x60 },
    { 0xAE, 0x17F, 0x6D },
    { 0x1A0, 0x1A1, 0x13F },
    { 0x1AF, 0x1B0, 0x141 },
    { 0x1C4, 0x1DC, 0x143 },
    { 0x1E6, 0x1E7, 0x15C },
    { 0x1EA, 0x1EB, 0x15E },
    { 0x1FA, 0x21B, 0x160 },
    { 0x300, 0x304, 0x182 },
    { 0x306, 0x30C, 0x187 },
    { 0x30F, 0x30F, 0x18E },
    { 0x311, 0x312, 0x18F },
    { 0x31B, 0x31B, 0x191 },
    { 0x323, 0x324, 0x192 },
    { 0x326, 0x328, 0x194 },
    { 0x32E, 0x32E, 0x197 },
    { 0x330, 0x331, 0x198 },
    { 0x1EA0, 0x1EF9, 0x19A },
    { 0x2007, 0x200B, 0x1F4 },
    { 0x2010, 0x2010, 0x1F9 },
    { 0x2012, 0x2015, 0x1FA },
    { 0x2018, 0x201A, 0x1FE },
    { 0x201C, 0x201E, 0x201 },
    { 0x2020, 0x2022, 0x204 },
    { 0x2026, 0x2026, 0x207 },
    { 0x2030, 0x2030, 0x208 },
    { 0x2032, 0x2033, 0x209 },
    { 0x2039, 0x203A, 0x20B },
    { 0x203D, 0x203D, 0x20D },
    { 0x2042, 0x2042, 0x20E },
    { 0x2044, 0x2044, 0x20F },
    { 0x2048, 0x2048, 0x210 },
    { 0x2070, 0x2070, 0x211 },
    { 0x2074, 0x2079, 0x212 },
    { 0x2080, 0x2089, 0x218 },
    { 0x20A1, 0x20A1, 0x222 },
    { 0x20A3, 0x20A4, 0x223 },
    { 0x20A6, 0x20A7, 0x225 },
    { 0x20A9, 0x20AD, 0x227 },
    { 0x20B1, 0x20B2, 0x22C },
    { 0x20B4, 0x20B5, 0x22E },
    { 0x20B9, 0x20BA, 0x230 },
    { 0x20BC, 0x20BD, 0x232 },
    { 0x20BF, 0x20BF, 0x234 },
    { 0x2190, 0x2199, 0x235 },
    { 0x21BA, 0x21BB, 0x23F },
    { 0x21C4, 0x21C5, 0x241 },
    { 0x21E7, 0x21E7, 0x243 },
    { 0x2202, 0x2202, 0x244 },
    { 0x2205, 0x2206, 0x245 },
    { 0x220F, 0x220F, 0x247 },
    { 0x2211, 0x2212, 0x248 },
    { 0x2215, 0x2215, 0x24A },
    { 0x2219, 0x221A, 0x24B },
    { 0x221E, 0x221E, 0x24D },
    { 0x222B, 0x222B, 0x24E },
    { 0x2248, 0x2248, 0x24F },
    { 0x2260, 0x2260, 0x250 },
    { 0x2264, 0x2265, 0x251 },
    { 0xFB00, 0xFB04, 0x253 },
    { 0xFFFD, 0xFFFD, 0x258 },
};

static const EpdFontGroup youngserif_18_italicGroups[] = {
    { 0, 5075, 12101, 96, 0 },
    { 5075, 4037, 13681, 95, 96 },
    { 9112, 4954, 22294, 128, 191 },
    { 14066, 3659, 13260, 67, 319 },
    { 17725, 307, 417, 24, 386 },
    { 18032, 2441, 17914, 90, 410 },
    { 20473, 903, 1782, 29, 500 },
    { 21376, 657, 1199, 17, 529 },
    { 22033, 1746, 3605, 19, 546 },
    { 23779, 847, 2410, 15, 565 },
    { 24626, 762, 1752, 15, 580 },
    { 25388, 455, 988, 5, 595 },
    { 25843, 172, 360, 1, 600 },
};

static const uint16_t youngserif_18_italicKernLeftCodepoints[] = {
    0x0028, 0x002C, 0x002D, 0x002E, 0x002F, 0x0030, 0x0031, 0x0032, 0x0033, 0x0034, 0x0035, 0x0036,
    0x0037, 0x0038, 0x0039, 0x003A, 0x003B, 0x0041, 0x0042, 0x0043, 0x0044, 0x0045, 0x0046, 0x0047,
    0x0048, 0x0049, 0x004A, 0x004B, 0x004C, 0x004D, 0x004E, 0x004F, 0x0050, 0x0051, 0x0052, 0x0053,
    0x0054, 0x0055, 0x0056, 0x0057, 0x0058, 0x0059, 0x005A, 0x005B, 0x0061, 0x0062, 0x0063, 0x0064,
    0x0065, 0x0066, 0x0067, 0x0068, 0x0069, 0x006A, 0x006B, 0x006C, 0x006D, 0x006E, 0x006F, 0x0070,
    0x0071, 0x0072, 0x0073, 0x0074, 0x0075, 0x0076, 0x0077, 0x0078, 0x0079, 0x007A, 0x00A1, 0x00B2,
    0x00B3, 0x00B9, 0x00BF, 0x00C0, 0x00C1, 0x00C2, 0x00C3, 0x00C4, 0x00C5, 0x00C6, 0x00C7, 0x00C8,
    0x00C9, 0x00CA, 0x00CB, 0x00CC, 0x00CD, 0x00CE, 0x00CF, 0x00D0, 0x00D1, 0x00D2, 0x00D3, 0x00D4,
    0x00D5, 0x00D6, 0x00D8, 0x00D9, 0x00DA, 0x00DB, 0x00DC, 0x00DD, 0x00DE, 0x00DF, 0x00E0, 0x00E1,
    0x00E2, 0x00E3, 0x00E4, 0x00E5, 0x00E6, 0x00E7, 0x00E8, 0x00E9, 0x00EA, 0x00EB, 0x00EC, 0x00ED,
    0x00EE, 0x00EF, 0x00F0, 0x00F1, 0x00F2, 0x00F3, 0x00F4, 0x00F5, 0x00F6, 0x00F7, 0x00F8, 0x00F9,
    0x00FA, 0x00FB, 0x00FC, 0x00FD, 0x00FE, 0x00FF, 0x0100, 0x0101, 0x0102, 0x0103, 0x0104, 0x0105,
    0x0106, 0x0107, 0x0108, 0x0109, 0x010A, 0x010B, 0x010C, 0x010D, 0x010E, 0x010F, 0x0110, 0x0111,
    0x0112, 0x0113, 0x0114, 0x0115, 0x0116, 0x0117, 0x0118, 0x0119, 0x011A, 0x011B, 0x011C, 0x011D,
    0x011E, 0x011F, 0x0120, 0x0121, 0x0122, 0x0123, 0x0124, 0x0125, 0x0126, 0x0127, 0x0128, 0x0129,
    0x012A, 0x012B, 0x012C, 0x012D, 0x012E, 0x012F, 0x0130, 0x0131, 0x0132, 0x0133, 0x0134, 0x0135,
    0x0136, 0x0137, 0x0138, 0x0139, 0x013A, 0x013B, 0x013C, 0x013D, 0x013E, 0x013F, 0x0140, 0x0141,
    0x0142, 0x0143, 0x0144, 0x0145, 0x0146, 0x0147, 0x0148, 0x0149, 0x014A, 0x014B, 0x014C, 0x014D,
    0x014E, 0x014F, 0x0150, 0x0151, 0x0152, 0x0153, 0x0154, 0x0155, 0x0156, 0x0157, 0x0158, 0x0159,
    0x015A, 0x015B, 0x015C, 0x015D, 0x015E, 0x015F, 0x0160, 0x0161, 0x0162, 0x0163, 0x0164, 0x0165,
    0x0166, 0x0167, 0x0168, 0x0169, 0x016A, 0x016B, 0x016C, 0x016D, 0x016E, 0x016F, 0x0170, 0x0171,
    0x0172, 0x0173, 0x0174, 0x0175, 0x0176, 0x0177, 0x0178, 0x0179, 0x017A, 0x017B, 0x017C, 0x017D,
    0x017E, 0x01A0, 0x01A1, 0x01C4, 0x01C5, 0x01C6, 0x01C7, 0x01C8, 0x01C9, 0x01CA, 0x01CB, 0x01CC,
    0x01CD, 0x01CE, 0x01CF, 0x01D0, 0x01D1, 0x01D2, 0x01D3, 0x01D4, 0x01D5, 0x01D6, 0x01D7, 0x01D8,
    0x01D9, 0x01DA, 0x01DB, 0x01DC, 0x01E6, 0x01E7, 0x01EA, 0x01EB, 0x01FA, 0x01FB, 0x01FC, 0x01FD,
    0x01FE, 0x01FF, 0x0200, 0x0201, 0x0202, 0x0203, 0x0204, 0x0205, 0x0206, 0x0207, 0x0208, 0x0209,
    0x020A, 0x020B, 0x020C, 0x020D, 0x020E, 0x020F, 0x0210, 0x0211, 0x0212, 0x0213, 0x0214, 0x0215,
    0x0216, 0x0217, 0x0218, 0x0219, 0x021A, 0x021B, 0x1EA0, 0x1EA1, 0x1EA2, 0x1EA3, 0x1EA4, 0x1EA5,
    0x1EA6, 0x1EA7, 0x1EA8, 0x1EA9, 0x1EAA, 0x1EAB, 0x1EAC, 0x1EAD, 0x1EAE, 0x1EAF, 0x1EB0, 0x1EB1,
    0x1EB2, 0x1EB3, 0x1EB4, 0x1EB5, 0x1EB6, 0x1EB7, 0x1EB8, 0x1EB9, 0x1EBA, 0x1EBB, 0x1EBC, 0x1EBD,
    0x1EBE, 0x1EBF, 0x1EC0, 0x1EC1, 0x1EC2, 0x1EC3, 0x1EC4, 0x1EC5, 0x1EC6, 0x1EC7, 0x1EC8, 0x1EC9,
    0x1ECA, 0x1ECB, 0x1ECC, 0x1ECD, 0x1ECE, 0x1ECF, 0x1ED0, 0x1ED1, 0x1ED2, 0x1ED3, 0x1ED4, 0x1ED5,
    0x1ED6, 0x1ED7, 0x1ED8, 0x1ED9, 0x1EDA, 0x1EDB, 0x1EDC, 0x1EDD, 0x1EDE, 0x1EDF, 0x1EE0, 0x1EE1,
    0x1EE2, 0x1EE3, 0x1EE4, 0x1EE5, 0x1EE6, 0x1EE7, 0x1EF2, 0x1EF3, 0x1EF4, 0x1EF5, 0x1EF6, 0x1EF7,
    0x1EF8, 0x1EF9, 0x2010, 0x2012, 0x2013, 0x2014, 0x2015, 0x201A, 0x201E, 0x2026, 0x2044, 0x2070,
    0x2074, 0x2075, 0x2076, 0x2077, 0x2078, 0x2079, 0xFB00, 0xFB01, 0xFB02, 0xFB03, 0xFB04,
};

static const uint8_t youngserif_18_italicKernLeftClassIds[] = {
      1,   2,   3,   2,   4,   5,   6,   7,   8,   9,  10,  11,  12,  13,  14,  15,
     15,  16,  17,  18,  19,  20,  21,  22,  23,  24,  25,  26,  20,  23,  27,  19,
     28,  19,  29,  30,  31,  32,  33,  33,  34,  35,  36,  37,  38,  39,  40,  38,
     41,  42,  43,  44,  38,  45,  46,  38,  44,  44,  39,  39,  47,  48,  49,  50,
     51,  52,  52,  53,  54,  55,  56,  57,  57,  57,  58,  16,  16,  16,  16,  16,
     16,  59,  18,  59,  59,  59,  59,  24,  24,  24,  24,  19,  27,  19,  19,  19,
     19,  19,  19,  32,  32,  32,  32,  35,  28,  39,  38,  38,  38,  38,  38,  38,
     41,  40,  41,  41,  41,  41,  38,  38,  60,  60,  61,  44,  39,  39,  39,  39,
     39,  62,  39,  51,  51,  51,  51,  54,  39,  54,  16,  38,  16,  38,  16,  38,
     18,  40,  18,  40,  18,  40,  18,  40,  19,  63,  19,  64,  59,  41,  20,  41,
     59,  41,  59,  41,  59,  41,  22,  43,  22,  43,  22,  43,  22,  43,  23,  44,
     23,  44,  24,  38,  24,  38,  24,  38,  24,  65,  24,  38,  25,  45,  25,  45,
     26,  46,  46,  20,  38,  20,  38,  59,  38,  20,  66,  67,  68,  27,  44,  27,
     44,  27,  44,  44,  27,  69,  19,  39,  19,  39,  19,  39,  59,  41,  29,  48,
     29,  48,  29,  48,  30,  49,  30,  49,  30,  49,  30,  49,  31,  50,  31,  50,
     31,  50,  32,  51,  32,  51,  32,  51,  32,  51,  32,  51,  32,  51,  33,  52,
     35,  54,  35,  36,  55,  36,  55,  36,  55,  19,  39,  36,  55,  55,  25,  45,
     69,  25,  45,  69,  16,  38,  24,  38,  19,  39,  32,  51,  32,  51,  32,  51,
     32,  51,  32,  51,  22,  43,  19,  39,  16,  38,  20,  41,  19,  39,  16,  38,
     16,  38,  20,  41,  20,  41,  24,  38,  24,  38,  19,  39,  19,  39,  29,  48,
     29,  48,  32,  51,  32,  51,  30,  49,  31,  50,  16,  38,  16,  38,  16,  38,
     16,  38,  16,  38,  16,  38,  16,  38,  16,  38,  16,  38,  16,  38,  16,  38,
     16,  38,  20,  41,  20,  41,  20,  41,  20,  41,  20,  41,  20,  41,  20,  41,
     20,  41,  24,  38,  24,  70,  19,  39,  19,  39,  19,  39,  19,  39,  19,  39,
     19,  39,  19,  39,  19,  39,  19,  39,  19,  39,  19,  39,  19,  39,  32,  51,
     32,  51,  35,  54,  35,  54,  35,  54,  35,  54,   3,   3,   3,   3,   3,   2,
      2,   2,  71,  57,  57,  57,  57,  57,  57,  57,  38,  38,  38,  38,  38,
};

static const uint16_t youngserif_18_italicKernRightCodepoints[] = {
    0x0021, 0x0029, 0x002C, 0x002D, 0x002E, 0x002F, 0x0030, 0x0031, 0x0032, 0x0033, 0x0034, 0x0035,
    0x0036, 0x0037, 0x0038, 0x0039, 0x003A, 0x003B, 0x003F, 0x0041, 0x0042, 0x0043, 0x0044, 0x0045,
    0x0046, 0x0047, 0x0048, 0x0049, 0x004A, 0x004B, 0x004C, 0x004D, 0x004E, 0x004F, 0x0050, 0x0051,
    0x0052, 0x0053, 0x0054, 0x0055, 0x0056, 0x0057, 0x0058, 0x0059, 0x005A, 0x005D, 0x0061, 0x0062,
    0x0063, 0x0064, 0x0065, 0x0066, 0x0067, 0x0068, 0x0069, 0x006A, 0x006B, 0x006C, 0x006D, 0x006E,
    0x006F, 0x0070, 0x0071, 0x0072, 0x0073, 0x0074, 0x0075, 0x0076, 0x0077, 0x0078, 0x0079, 0x007A,
    0x00B7, 0x00C0, 0x00C1, 0x00C2, 0x00C3, 0x00C4, 0x00C5, 0x00C6, 0x00C7, 0x00C8, 0x00C9, 0x00CA,
    0x00CB, 0x00CC, 0x00CD, 0x00CE, 0x00CF, 0x00D0, 0x00D1, 0x00D2, 0x00D3, 0x00D4, 0x00D5, 0x00D6,
    0x00D8, 0x00D9, 0x00DA, 0x00DB, 0x00DC, 0x00DD, 0x00DE, 0x00DF, 0x00E0, 0x00E1, 0x00E2, 0x00E3,
    0x00E4, 0x00E5, 0x00E6, 0x00E7, 0x00E8, 0x00E9, 0x00EA, 0x00EB, 0x00EC, 0x00ED, 0x00EE, 0x00EF,
    0x00F0, 0x00F1, 0x00F2, 0x00F3, 0x00F4, 0x00F5, 0x00F6, 0x00F7, 0x00F8, 0x00F9, 0x00FA, 0x00FB,
    0x00FC, 0x00FD, 0x00FE, 0x00FF, 0x0100, 0x0101, 0x0102, 0x0103, 0x0104, 0x0105, 0x0106, 0x0107,
    0x0108, 0x0109, 0x010A, 0x010B, 0x010C, 0x010D, 0x010E, 0x010F, 0x0110, 0x0111, 0x0112, 0x0113,
    0x0114, 0x0115, 0x0116, 0x0117, 0x0118, 0x0119, 0x011A, 0x011B, 0x011C, 0x011D, 0x011E, 0x011F,
    0x0120, 0x0121, 0x0122, 0x0123, 0x0124, 0x0125, 0x0126, 0x0127, 0x0128, 0x0129, 0x012A, 0x012B,
    0x012C, 0x012D, 0x012E, 0x012F, 0x0130, 0x0131, 0x0132, 0x0133, 0x0134, 0x0135, 0x0136, 0x0137,
    0x0138, 0x0139, 0x013A, 0x013B, 0x013C, 0x013D, 0x013E, 0x013F, 0x0140, 0x0141, 0x0142, 0x0143,
    0x0144, 0x0145, 0x0146, 0x0147, 0x0148, 0x014A, 0x014B, 0x014C, 0x014D, 0x014E, 0x014F, 0x0150,
    0x0151, 0x0152, 0x0153, 0x0154, 0x0155, 0x0156, 0x0157, 0x0158, 0x0159, 0x015A, 0x015B, 0x015C,
    0x015D, 0x015E, 0x015F, 0x0160, 0x0161, 0x0162, 0x0163, 0x0164, 0x0165, 0x0166, 0x0167, 0x0168,
    0x0169, 0x016A, 0x016B, 0x016C, 0x016D, 0x016E, 0x016F, 0x0170, 0x0171, 0x0172, 0x0173, 0x0174,
    0x0175, 0x0176, 0x0177, 0x0178, 0x0179, 0x017A, 0x017B, 0x017C, 0x017D, 0x017E, 0x01A0, 0x01A1,
    0x01AF, 0x01B0, 0x01C4, 0x01C5, 0x01C6, 0x01C7, 0x01C8, 0x01C9, 0x01CA, 0x01CB, 0x01CC, 0x01CD,
    0x01CE, 0x01CF, 0x01D0, 0x01D1, 0x01D2, 0x01D3, 0x01D4, 0x01D5, 0x01D6, 0x01D7, 0x01D8, 0x01D9,
    0x01DA, 0x01DB, 0x01DC, 0x01E6, 0x01E7, 0x01EA, 0x01EB, 0x01FA, 0x01FB, 0x01FC, 0x01FD, 0x01FE,
    0x01FF, 0x0200, 0x0201, 0x0202, 0x0203, 0x0204, 0x0205, 0x0206, 0x0207, 0x0208, 0x0209, 0x020A,
    0x020B, 0x020C, 0x020D, 0x020E, 0x020F, 0x0210, 0x0211, 0x0212, 0x0213, 0x0214, 0x0215, 0x0216,
    0x0217, 0x0218, 0x0219, 0x021A, 0x021B, 0x1EA0, 0x1EA1, 0x1EA2, 0x1EA3, 0x1EA4, 0x1EA5, 0x1EA6,
    0x1EA7, 0x1EA8, 0x1EA9, 0x1EAA, 0x1EAB, 0x1EAC, 0x1EAD, 0x1EAE, 0x1EAF, 0x1EB0, 0x1EB1, 0x1EB2,
    0x1EB3, 0x1EB4, 0x1EB5, 0x1EB6, 0x1EB7, 0x1EB8, 0x1EB9, 0x1EBA, 0x1EBB, 0x1EBC, 0x1EBD, 0x1EBE,
    0x1EBF, 0x1EC0, 0x1EC1, 0x1EC2, 0x1EC3, 0x1EC4, 0x1EC5, 0x1EC6, 0x1EC7, 0x1EC8, 0x1EC9, 0x1ECA,
    0x1ECB, 0x1ECC, 0x1ECD, 0x1ECE, 0x1ECF, 0x1ED0, 0x1ED1, 0x1ED2, 0x1ED3, 0x1ED4, 0x1ED5, 0x1ED6,
    0x1ED7, 0x1ED8, 0x1ED9, 0x1EDA, 0x1EDB, 0x1EDC, 0x1EDD, 0x1EDE, 0x1EDF, 0x1EE0, 0x1EE1, 0x1EE2,
    0x1EE3, 0x1EE4, 0x1EE5, 0x1EE6, 0x1EE7, 0x1EE8, 0x1EE9, 0x1EEA, 0x1EEB, 0x1EEC, 0x1EED, 0x1EEE,
    0x1EEF, 0x1EF0, 0x1EF1, 0x1EF2, 0x1EF3, 0x1EF4, 0x1EF5, 0x1EF6, 0x1EF7, 0x1EF8, 0x1EF9, 0x2010,
    0x2012, 0x2013, 0x2014, 0x2015, 0x201A, 0x201E, 0x2026, 0x2044, 0x2080, 0x2081, 0x2082, 0x2083,
    0x2084, 0x2085, 0x2086, 0x2087, 0x2088, 0x2089, 0xFB00, 0xFB01, 0xFB02, 0xFB03, 0xFB04,
};

static const uint8_t youngserif_18_italicKernRightClassIds[] = {
      1,   2,   3,   4,   3,   5,   6,   7,   8,   9,  10,  11,  12,  13,  14,  15,
     16,  16,  17,  18,  19,  20,  19,  19,  19,  20,  19,  21,  22,  19,  19,  19,
     19,  20,  19,  20,  19,  23,  24,  25,  26,  27,  28,  29,  30,  31,  32,  33,
     32,  32,  32,  34,  35,  36,  37,  38,  36,  36,  39,  39,  32,  40,  32,  39,
     41,  42,  43,  44,  44,  45,  46,  47,  48,  18,  18,  18,  18,  18,  18,  49,
     20,  19,  19,  19,  19,  21,  21,  21,  21,  19,  19,  20,  20,  20,  20,  20,
     20,  25,  25,  25,  25,  29,  19,  36,  50,  32,  32,  51,  52,  32,  32,  32,
     53,  32,  54,  55,  56,  37,  57,  58,  59,  39,  60,  32,  61,  62,  63,  64,
     32,  65,  65,  65,  65,  46,  66,  67,  18,  68,  18,  69,  18,  32,  20,  32,
     20,  32,  20,  32,  20,  70,  19,  32,  19,  32,  19,  71,  19,  32,  19,  32,
     19,  32,  19,  72,  20,  73,  20,  73,  20,  35,  20,  35,  19,  36,  19,  36,
     21,  37,  21,  74,  21,  37,  21,  75,  21,  37,  21,  37,  22,  38,  19,  36,
     36,  19,  36,  19,  36,  19,  36,  19,  36,  76,  36,  19,  39,  19,  39,  19,
     39,  19,  39,  20,  60,  20,  32,  20,  60,  20,  77,  19,  39,  19,  39,  19,
     78,  23,  41,  23,  41,  23,  41,  23,  79,  80,  42,  80,  42,  80,  42,  25,
     65,  25,  65,  25,  65,  25,  65,  25,  65,  25,  65,  27,  44,  29,  81,  29,
     30,  47,  30,  47,  30,  82,  20,  32,  25,  65,  19,  19,  32,  19,  19,  36,
     19,  19,  39,  18,  32,  21,  37,  20,  32,  25,  65,  25,  65,  25,  65,  25,
     65,  25,  65,  20,  73,  20,  32,  18,  32,  49,  32,  20,  32,  18,  32,  18,
     32,  19,  32,  19,  32,  21,  37,  21,  37,  20,  32,  20,  32,  19,  39,  19,
     39,  25,  65,  25,  65,  23,  41,  80,  42,  18,  32,  18,  32,  18,  32,  18,
     32,  18,  32,  18,  32,  18,  32,  18,  32,  18,  32,  18,  32,  18,  32,  18,
     32,  19,  32,  19,  32,  19,  32,  19,  32,  19,  32,  19,  32,  19,  32,  19,
     32,  21,  37,  21,  37,  20,  32,  20,  32,  20,  32,  20,  32,  20,  32,  20,
     32,  20,  32,  20,  32,  20,  32,  20,  32,  20,  32,  20,  32,  25,  65,  25,
     65,  25,  65,  25,  65,  25,  65,  25,  65,  25,  65,  29,  46,  29,  46,  29,
     46,  29,  46,   4,   4,   4,   4,  83,   3,   3,   3,  84,  85,  85,  85,  85,
     85,  85,  85,  85,  85,  85,  86,  86,  86,  86,  86,
};

static const uint16_t youngserif_18_italicKernRowOffsets[] = {
        0,    27,    72,    90,    91,    98,   108,   115,   123,   137,   142,   146,   154,   157,   165,   177,
      232,   280,   317,   372,   420,   480,   510,   554,   594,   653,   713,   771,   830,   884,   932,   983,
     1039,  1095,  1147,  1206,  1251,  1253,  1294,  1323,  1369,  1388,  1438,  1477,  1521,  1522,  1560,  1602,
     1641,  1679,  1712,  1753,  1784,  1806,  1852,  1890,  1891,  1892,  1893,  1941,  1943,  1984,  1987,  2005,
     2007,  2048,  2089,  2137,  2141,  2150,  2191,  2192,
};

static const uint8_t youngserif_18_italicKernSparseCols[] = {
      7,   8,   9,  11,  13,  14,  31,  37,  45,  49,  50,  51,  52,  53,  54,  59,
     60,  61,  62,  66,  67,  68,  69,  70,  71,  76,  80,   5,   7,   8,   9,  10,
     11,  12,  18,  19,  20,  21,  22,  23,  24,  25,  26,  28,  31,  32,  39,  41,
     42,  43,  45,  49,  50,  51,  52,  53,  54,  59,  60,  61,  62,  64,  66,  67,
     68,  69,  70,  71,  75,  76,  79,  80,  17,  18,  20,  23,  24,  25,  26,  27,
     28,  29,  32,  43,  44,  45,  66,  75,  79,  80,  17,   2,   5,   7,   9,  11,
     12,  15,   3,   5,   6,   7,   8,   9,  12,  13,  14,  82,   1,   2,   6,   9,
     10,  12,  14,   2,   5,   6,   9,  11,  13,  14,  15,   1,   2,   3,   5,   6,
      8,   9,  10,  11,  12,  13,  15,  63,  82,   2,   5,   6,   7,  14,   2,   5,
      6,  15,   1,   2,   3,   5,   6,   7,   9,  82,   2,   6,  12,   1,   2,   5,
      6,   8,   9,  10,  11,   5,   6,   7,   9,  10,  12,  14,  25,  26,  34,  37,
     72,   3,  17,  19,  22,  23,  24,  25,  26,  28,  29,  31,  32,  34,  35,  36,
     37,  38,  39,  40,  41,  42,  43,  44,  45,  46,  49,  50,  51,  52,  53,  54,
     55,  59,  60,  61,  62,  64,  65,  66,  67,  68,  69,  70,  71,  72,  73,  74,
     76,  77,  78,  79,  80,  81,  82,  85,   2,  17,  18,  19,  20,  22,  23,  24,
     25,  26,  27,  28,  29,  31,  35,  38,  39,  40,  41,  42,  43,  44,  45,  48,
     49,  50,  51,  52,  53,  54,  59,  60,  61,  62,  64,  65,  66,  67,  68,  69,
     70,  71,  75,  76,  77,  78,  79,  80,   2,  17,  19,  21,  22,  24,  25,  26,
     27,  28,  31,  32,  34,  36,  38,  48,  49,  50,  51,  52,  53,  54,  55,  59,
     60,  61,  62,  67,  68,  69,  70,  71,  72,  73,  74,  76,  77,   2,  17,  18,
     19,  20,  21,  22,  23,  24,  25,  26,  27,  28,  29,  31,  32,  34,  35,  36,
     40,  42,  43,  45,  46,  48,  49,  50,  51,  52,  53,  54,  55,  58,  59,  60,
     61,  62,  64,  65,  66,  67,  68,  69,  70,  71,  72,  73,  74,  75,  76,  78,
     79,  80,  81,  85,   2,  17,  18,  19,  21,  22,  23,  24,  25,  26,  27,  28,
     29,  31,  32,  35,  38,  39,  40,  41,  42,  43,  44,  45,  47,  49,  50,  51,
     52,  53,  54,  59,  60,  61,  62,  64,  66,  67,  68,  69,  70,  71,  75,  76,
     77,  78,  79,  80,   2,   3,   4,  17,  18,  19,  20,  21,  22,  23,  24,  27,
     28,  31,  34,  35,  36,  37,  38,  39,  40,  41,  42,  43,  44,  45,  46,  48,
     49,  50,  51,  52,  53,  54,  55,  56,  57,  59,  60,  61,  62,  64,  66,  67,
     68,  69,  70,  71,  72,  73,  74,  75,  76,  77,  78,  79,  80,  81,  82,  85,
      2,  17,  18,  19,  20,  21,  22,  23,  24,  25,  26,  27,  28,  29,  32,  35,
     36,  40,  44,  45,  48,  55,  65,  66,  73,  74,  75,  78,  79,  80,   2,   3,
     19,  20,  22,  23,  24,  29,  31,  32,  35,  36,  39,  40,  41,  42,  43,  44,
     45,  49,  50,  51,  52,  53,  54,  55,  59,  60,  61,  62,  64,  66,  67,  68,
     69,  70,  71,  73,  74,  76,  78,  79,  80,  82,   2,   3,  18,  19,  20,  21,
     22,  23,  24,  31,  39,  40,  41,  42,  43,  45,  48,  49,  50,  51,  52,  53,
     54,  59,  60,  61,  62,  64,  66,  67,  68,  69,  70,  71,  75,  76,  78,  79,
     80,  82,   2,   3,  17,  18,  19,  20,  21,  22,  23,  24,  27,  29,  31,  32,
     34,  35,  36,  37,  38,  39,  40,  41,  42,  43,  44,  45,  46,  48,  49,  50,
     51,  52,  53,  54,  55,  57,  59,  60,  61,  62,  64,  66,  67,  68,  69,  70,
     71,  72,  73,  74,  75,  76,  77,  78,  79,  80,  81,  82,  85,   2,   3,  17,
     18,  19,  21,  22,  23,  24,  25,  26,  27,  28,  29,  31,  32,  34,  35,  36,
     37,  38,  39,  40,  41,  42,  43,  45,  46,  48,  49,  50,  51,  52,  53,  54,
     55,  59,  60,  61,  62,  64,  65,  66,  67,  68,  69,  70,  71,  72,  73,  74,
     75,  76,  77,  78,  79,  80,  81,  82,  85,   2,  17,  18,  19,  21,  22,  23,
     25,  26,  28,  29,  31,  32,  34,  35,  36,  37,  38,  39,  40,  41,  42,  43,
     44,  45,  46,  48,  49,  50,  51,  52,  53,  54,  55,  56,  57,  59,  60,  61,
     62,  64,  66,  67,  68,  69,  70,  71,  72,  73,  74,  75,  76,  77,  78,  79,
     80,  81,  85,   2,   3,   4,  17,  18,  19,  20,  21,  22,  24,  25,  26,  27,
     28,  29,  31,  32,  34,  35,  36,  37,  38,  39,  40,  42,  43,  44,  46,  48,
     49,  50,  51,  52,  53,  54,  55,  56,  57,  58,  59,  60,  61,  62,  64,  65,
     67,  68,  69,  70,  71,  72,  73,  74,  75,  76,  77,  78,  81,  82,   3,  17,
     18,  19,  22,  23,  24,  25,  26,  27,  28,  29,  31,  32,  35,  37,  38,  39,
     40,  41,  42,  43,  44,  45,  46,  48,  49,  50,  51,  52,  53,  54,  58,  59,
     60,  61,  62,  64,  65,  66,  67,  68,  69,  70,  71,  75,  76,  77,  78,  79,
     80,  81,  82,  85,   2,  17,  18,  19,  20,  22,  23,  24,  25,  26,  27,  28,
     29,  31,  32,  34,  35,  39,  41,  42,  43,  44,  45,  48,  49,  50,  51,  52,
     53,  54,  59,  60,  61,  62,  64,  65,  66,  67,  68,  69,  70,  71,  72,  75,
     76,  79,  80,  82,   2,   3,   4,  17,  18,  19,  20,  21,  31,  32,  34,  35,
     37,  38,  39,  40,  41,  42,  43,  44,  45,  46,  48,  49,  50,  51,  52,  53,
     54,  56,  57,  59,  60,  61,  62,  64,  66,  67,  68,  69,  70,  71,  72,  75,
     76,  77,  78,  80,  81,  82,  85,   2,   3,  17,  19,  21,  22,  25,  26,  27,
     28,  29,  31,  32,  34,  36,  37,  38,  39,  40,  41,  42,  43,  44,  45,  46,
     48,  49,  50,  51,  52,  53,  54,  55,  56,  57,  59,  60,  61,  62,  64,  66,
     67,  68,  69,  70,  71,  72,  73,  74,  76,  77,  78,  80,  81,  82,  85,   2,
      3,   4,  17,  19,  21,  22,  25,  26,  28,  29,  31,  32,  34,  36,  37,  38,
     39,  40,  41,  42,  43,  44,  45,  46,  48,  49,  50,  51,  52,  53,  54,  55,
     56,  57,  59,  60,  61,  62,  64,  66,  67,  68,  69,  70,  71,  72,  73,  74,
     76,  77,  78,  80,  81,  82,  85,   3,  17,  18,  19,  22,  23,  24,  27,  29,
     31,  35,  36,  38,  39,  40,  41,  42,  43,  44,  45,  46,  48,  49,  50,  51,
     52,  53,  54,  55,  59,  60,  61,  62,  64,  65,  66,  67,  68,  69,  70,  71,
     73,  74,  75,  76,  77,  78,  79,  80,  81,  82,  85,   2,   3,  17,  19,  21,
     22,  23,  25,  26,  27,  28,  29,  31,  32,  34,  36,  37,  38,  39,  40,  41,
     42,  43,  44,  45,  46,  48,  49,  50,  51,  52,  53,  54,  55,  56,  57,  59,
     60,  61,  62,  64,  65,  66,  67,  68,  69,  70,  71,  72,  73,  74,  76,  77,
     78,  79,  80,  81,  82,  85,   2,  17,  18,  19,  20,  22,  23,  24,  25,  26,
     27,  31,  38,  39,  40,  41,  42,  43,  44,  45,  48,  49,  50,  51,  52,  53,
     54,  59,  60,  61,  62,  64,  65,  66,  67,  68,  69,  70,  71,  75,  76,  77,
     78,  79,  80,  35,  37,  30,  31,  32,  33,  34,  37,  38,  39,  40,  41,  42,
     43,  44,  45,  46,  49,  50,  51,  52,  53,  54,  58,  59,  60,  61,  62,  64,
     65,  66,  67,  68,  69,  70,  71,  72,  76,  77,  78,  80,  81,  85,   2,  23,
     25,  26,  32,  35,  36,  38,  39,  40,  41,  42,  43,  44,  45,  46,  55,  58,
     64,  65,  66,  73,  74,  77,  78,  79,  80,  81,  85,   1,   2,  31,  32,  34,
     35,  36,  37,  38,  39,  40,  41,  42,  43,  44,  45,  46,  49,  50,  51,  52,
     53,  54,  55,  58,  59,  60,  61,  62,  64,  65,  66,  67,  68,  69,  70,  71,
     72,  73,  74,  76,  77,  78,  80,  81,  85,  28,  31,  43,  49,  50,  51,  52,
     53,  54,  59,  60,  61,  62,  67,  68,  69,  70,  71,  76,   0,   1,   2,   3,
      6,   7,   8,  11,  14,  16,  31,  32,  34,  35,  36,  37,  38,  40,  41,  42,
     43,  45,  46,  49,  50,  51,  52,  53,  54,  55,  59,  60,  61,  62,  64,  66,
     67,  68,  69,  70,  71,  72,  73,  74,  76,  77,  78,  80,  81,  82,   2,  30,
     31,  34,  36,  37,  38,  40,  41,  42,  43,  44,  45,  49,  50,  51,  52,  53,
     54,  55,  59,  60,  61,  62,  64,  66,  67,  68,  69,  70,  71,  72,  73,  74,
     76,  77,  78,  80,  85,   1,   3,  31,  32,  36,  37,  38,  39,  40,  41,  42,
     43,  44,  45,  46,  49,  50,  51,  52,  53,  54,  55,  58,  59,  60,  61,  62,
     64,  65,  66,  67,  68,  69,  70,  71,  73,  74,  76,  77,  78,  80,  81,  82,
     85,  37,  31,  32,  35,  37,  38,  39,  40,  41,  42,  43,  44,  45,  46,  49,
     50,  51,  52,  53,  54,  58,  59,  60,  61,  62,  64,  65,  66,  67,  68,  69,
     70,  71,  76,  77,  78,  80,  81,  85,   2,  31,  32,  35,  36,  37,  38,  39,
     40,  41,  42,  43,  44,  45,  46,  49,  50,  51,  52,  53,  54,  55,  58,  59,
     60,  61,  62,  64,  66,  67,  68,  69,  70,  71,  73,  74,  76,  77,  78,  80,
     81,  85,   2,  31,  32,  34,  35,  38,  40,  41,  42,  43,  44,  45,  46,  49,
     50,  51,  52,  53,  54,  58,  59,  60,  61,  62,  64,  65,  66,  67,  68,  69,
     70,  71,  72,  76,  77,  78,  80,  81,  85,  31,  32,  35,  36,  37,  38,  39,
     40,  41,  42,  43,  45,  49,  50,  51,  52,  53,  54,  55,  58,  59,  60,  61,
     62,  64,  65,  66,  67,  68,  69,  70,  71,  73,  74,  76,  77,  78,  80,  31,
     34,  35,  36,  38,  39,  40,  41,  42,  49,  50,  51,  52,  53,  54,  55,  59,
     60,  61,  62,  64,  67,  68,  69,  70,  71,  72,  73,  74,  76,  77,  78,  85,
      1,  31,  35,  36,  38,  39,  40,  41,  42,  43,  44,  45,  46,  49,  50,  51,
     52,  53,  54,  55,  58,  59,  60,  61,  62,  64,  65,  66,  67,  68,  69,  70,
     71,  73,  74,  76,  77,  78,  80,  81,  85,   2,   3,  17,  31,  35,  40,  42,
     43,  44,  45,  49,  50,  51,  52,  53,  54,  59,  60,  61,  62,  64,  66,  67,
     68,  69,  70,  71,  76,  78,  80,  82,   3,  31,  45,  49,  50,  51,  52,  53,
     54,  59,  60,  61,  62,  66,  67,  68,  69,  70,  71,  76,  80,  82,   2,   3,
     23,  31,  32,  34,  35,  36,  38,  39,  40,  41,  42,  43,  44,  45,  46,  49,
     50,  51,  52,  53,  54,  55,  59,  60,  61,  62,  64,  66,  67,  68,  69,  70,
     71,  72,  73,  74,  76,  77,  78,  79,  80,  81,  82,  85,   3,  31,  32,  35,
     36,  37,  38,  40,  41,  42,  43,  45,  49,  50,  51,  52,  53,  54,  55,  59,
     60,  61,  62,  64,  65,  66,  67,  68,  69,  70,  71,  73,  74,  76,  77,  78,
     80,  82,  37,  83,  37,   2,  17,  18,  19,  21,  22,  23,  24,  25,  26,  27,
     28,  29,  31,  32,  35,  38,  39,  40,  41,  42,  43,  44,  45,  47,  49,  50,
     51,  52,  53,  54,  59,  60,  61,  62,  64,  66,  67,  68,  69,  70,  71,  75,
     76,  77,  78,  79,  80,  23,  79,   2,  31,  32,  34,  35,  36,  38,  39,  40,
     41,  42,  43,  44,  45,  49,  50,  51,  52,  53,  54,  55,  59,  60,  61,  62,
     64,  65,  66,  67,  68,  69,  70,  71,  72,  73,  74,  76,  77,  78,  80,  85,
     10,  11,  13,   2,  31,  49,  50,  51,  52,  53,  54,  59,  60,  61,  62,  67,
     68,  69,  70,  71,  76,  38,  77,  30,  31,  32,  33,  34,  37,  38,  39,  40,
     41,  42,  43,  44,  45,  46,  49,  50,  51,  52,  53,  54,  58,  59,  60,  61,
     62,  64,  65,  66,  67,  68,  69,  70,  71,  72,  76,  77,  78,  80,  81,  85,
     30,  31,  32,  33,  34,  37,  38,  39,  40,  41,  42,  43,  44,  45,  46,  49,
     50,  51,  52,  53,  54,  58,  59,  60,  61,  62,  64,  65,  66,  67,  68,  69,
     70,  71,  72,  76,  77,  78,  80,  81,  85,   2,  17,  18,  19,  21,  22,  23,
     24,  25,  26,  27,  28,  29,  31,  32,  35,  38,  39,  40,  41,  42,  43,  44,
     45,  47,  49,  50,  51,  52,  53,  54,  59,  60,  61,  62,  64,  66,  67,  68,
     69,  70,  71,  75,  76,  77,  78,  79,  80,  43,  45,  66,  80,  32,  37,  38,
     40,  42,  43,  64,  77,  78,  30,  31,  32,  33,  34,  37,  38,  39,  40,  41,
     42,  43,  44,  45,  46,  49,  50,  51,  52,  53,  54,  58,  59,  60,  61,  62,
     64,  65,  66,  67,  68,  69,  70,  71,  72,  76,  77,  78,  80,  81,  85,  84,
};

static const int8_t youngserif_18_italicKernSparseValues[] = {
     -11,   -5,  -11,  -11,   -5,  -16,  -32,   37,  -16,  -32,  -32,  -32,  -32,  -32,  -32,  -32,
     -32,  -32,  -32,  -16,  -32,  -32,  -32,  -32,  -32,  -32,  -16,  -16,   -5,  -21,    5,  -16,
     -11,   -5,   -5,  -21,   -5,    5,  -11,  -64,  -32,  -68,  -68,  -42,  -11,  -16,   -5,  -16,
     -16,  -42,  -16,  -11,  -11,  -11,  -11,  -11,  -11,  -11,  -11,  -11,  -11,  -16,  -16,  -11,
     -11,  -11,  -11,  -11,   -5,  -11,  -64,  -16,  -26,  -11,  -11,  -47,  -11,  -42,  -42,  -11,
     -53,   -5,   -5,  -11,  -11,   -5,   -5,  -11,  -47,   -5,  -16,  -16,    5,  -11,   -5,    5,
      -5,  -11,  -11,   -5,   16,    5,   -5,   21,    5,    5,   11,  -11,   -5,   -5,    5,   11,
      -5,   -5,    5,   -5,  -11,    5,    5,   -5,   -5,    5,   -5,   -5,  -11,  -11,  -21,    5,
     -21,    5,  -11,  -16,  -11,  -11,   -5,  -16,  -11,   -5,  -11,   11,   -5,    5,  -16,    5,
      11,   -5,  -21,  -68,  -16,  -11,   16,   -5,  -32,  -16,   -5,    5,  -11,   -5,  -11,    5,
      11,    5,  -11,   -5,    5,  -11,   16,   16,   21,    5,    5,   21,  -26,  -26,   16,   53,
      16,  -26,   11,  -32,  -16,  -64,  -47,  -68,  -68,  -64,    5,  -11,  -16,    1,   11,   11,
      -5,   11,  -11,   -5,  -21,  -26,  -32,   11,  -26,   11,  -11,  -11,  -11,  -11,  -11,  -11,
      11,  -11,  -11,  -11,  -11,  -26,  -11,  -26,  -11,  -11,  -11,  -11,  -11,    1,   11,   11,
     -11,   11,   -5,  -64,  -26,   11,  -26,   11,  -16,  -21,  -21,   -4,  -16,   -5,  -21,  -26,
     -42,  -42,  -26,  -37,   -5,   -5,   -5,   -5,   -5,   -5,  -11,  -11,  -11,  -11,  -13,  -21,
      -5,   -5,   -5,   -5,   -5,   -5,   -5,   -5,   -5,   -5,  -11,   -5,  -13,   -5,   -5,   -5,
      -5,   -5,  -21,   -5,   -5,   -5,  -21,  -13,   -5,  -16,    5,   11,    5,   -5,   -5,   -5,
      -5,  -11,    5,    5,   11,   11,    5,  -21,    5,    5,    5,    5,    5,    5,   11,    5,
       5,    5,    5,    5,    5,    5,    5,    5,   11,   11,   11,    5,    5,  -32,  -34,  -19,
      -5,  -16,  -11,  -11,  -16,  -21,  -32,  -32,  -32,  -32,   -5,   -2,   -5,   -5,   -7,    5,
     -16,    5,    1,    5,   -5,  -47,   -2,   -2,   -2,   -2,   -2,   -2,    5,   -5,   -2,   -2,
      -2,   -2,    5,   -5,    5,   -2,   -2,   -2,   -2,   -2,   -5,    5,    5,  -24,   -2,  -16,
     -16,    5,   -5,    2,  -11,  -16,  -16,  -11,   -5,   -5,  -58,  -26,  -37,  -69,  -16,  -74,
     -11,   -5,   -5,   -5,   -5,  -16,  -11,  -21,  -16,  -21,  -16,  -21, -121,   -5,   -5,   -5,
      -5,   -5,   -5,   -5,   -5,   -5,   -5,  -16,  -21,   -5,   -5,   -5,   -5,   -5,  -16,   -5,
      -5,  -11,  -58,  -21,  -53,  -26,  -37,  -79,  -16,  -26,   -5,  -53,  -26,    5,   -5,  -16,
      -5,  -47,  -42,   -5,  -32,  -26,  -42,  -42,  -58,  -16,  -26,  -26,  -26,  -26,  -42, -121,
     -47,  -47,  -47,  -47,  -79,  -79,  -47,   11,   16,  -47,  -47,  -47,  -47,  -26,  -26,  -47,
     -47,  -47,  -47,  -47,  -42,  -37,  -32,  -16,  -47,  -42, -106,    5,  -26,  -42,  -26,  -26,
     -16,  -26,  -19,    5,  -16,  -16,   -5,  -11,  -21,  -21,  -21,  -16,  -32,  -16,   -5,  -11,
       5,   -5,  -11,  -11,  -32,    5,  -11,  -11,    5,    5,  -13,   -5,  -11,  -11,   -5,  -11,
     -19,   -5,  -21,  -11,   -5,   -5,  -21,    5,   -1,   -2,  -16,  -21,  -11,  -26,  -21,   -5,
     -26,  -21,  -21,  -21,  -21,  -21,  -21,   -2,  -21,  -21,  -21,  -21,  -26,  -26,  -21,  -21,
     -21,  -21,  -21,   -2,   -2,  -21,  -21,   -5,  -26,  -11,   -5,  -11,   -5,  -21,   -5,   -5,
     -21,   -5,   -5,  -16,  -11,   -5,  -11,  -16,  -16,  -21,   -5,  -16,  -16,  -16,  -16,  -16,
     -16,  -16,  -16,  -16,  -16,  -16,  -21,  -16,  -16,  -16,  -16,  -16,   -5,  -16,   -5,   -5,
     -21,  -11,  -37,  -16,  -42,   -8,  -21,   -5,  -32,  -26,   -5,   -2,  -11,  -21,  -32,    5,
     -26,  -21,  -11,   -5,  -21,  -16,  -26,  -16,  -21,  -21,  -21,  -16,  -16,  -58,  -32,  -32,
     -32,  -32,  -32,  -32,  -11,   11,  -32,  -32,  -32,  -32,  -21,  -16,  -32,  -32,  -32,  -32,
     -32,  -26,  -11,  -11,   -8,  -32,  -21,  -26,   -5,  -16,  -16,  -16,  -21,   -5,  -32,    5,
       2,  -37,    5,  -26,  -16,  -11,   -5,   -5,    5,  -11,   11,  -21,   -5,    5,   11,    5,
     -11,    5,  -16,  -11,  -26,  -32,  -53,  -42,   11,    5,  -21,  -21,  -21,  -21,  -21,  -21,
       5,  -21,  -21,  -21,  -21,  -32,   -5,  -42,  -21,  -21,  -21,  -21,  -21,    5,    5,    5,
       2,  -21,    5,  -11,  -16,  -42,   11,  -32,   11,  -11,  -26,   -2,  -17,  -11,  -21,   -2,
      13,   13,    8,  -19,  -21,   11,  -21,   -2,  -11,   -5,  -21,  -16,  -29,  -21,  -21,  -21,
     -21,  -16,  -16,  -26,  -21,  -21,  -21,  -21,  -21,  -21,  -11,   11,   16,  -21,  -21,  -21,
     -21,  -21,  -16,  -21,  -21,  -37,  -21,  -32,  -21,  -11,  -11,   -2,  -21,  -21,  -29,   -2,
     -16,  -16,  -11,  -58,  -16,  -16,  -53,  -13,   -4,  -16,  -58,  -24,  -11,  -11,  -11,  -11,
     -11,  -11,  -21,    5,  -16,  -11,  -11,  -11,   -8,   -3,  -26,    2,    5,   -5,  -11, -116,
     -21,  -21,  -21,  -21,  -21,  -21,  -11,   11,    5,  -21,  -21,  -21,  -21,  -21,    2,   -5,
     -21,  -21,  -21,  -21,  -21,  -16,  -11,  -11,  -13,  -21,   -8,  -26,  -11,  -16,  -16,   11,
      -5,  -38,  -32,  -42,  -53,  -58,  -58,    5,  -64,    5,  -21,  -21,    5,  -11,    5,   -5,
     -16,  -26,  -32,  -37,    5,  -40,    5,    5,  -21,  -21,  -21,  -21,  -21,  -21,  -16,  -21,
     -21,  -21,  -21,  -32,  -11,  -40,  -21,  -21,  -21,  -21,  -21,   -5,  -21,    5,  -16,  -42,
     -40,    5,  -16,    5,   -5,  -13,  -11,   -1,   -8,    1,  -16,  -18,  -26,  -26,   -3,  -24,
      -2,    2,   -5,    1,   -2,   -5,  -11,  -11,  -11,  -11,  -11,  -11,    2,    2,    2,    2,
       2,    2,    2,    2,    2,    2,  -11,  -11,  -11,    2,    2,    2,    2,    2,    1,  -11,
       2,  -16,  -11,   16,  -64,  -47,  -26,  -64,   -8,  -11,   -5,  -64,  -64,    5,  -58,   -5,
     -26,  -47,  -37,  -74,  -16,  -53,  -58,  -68,  -64,  -74,  -95, -128, -116,  -95, -122,  -85,
     -95,   26,   26,  -64, -101, -116, -106,  -53, -111, -122,  -64,  -64, -111, -106,  -58,   -8,
     -64,  -47, -116, -106,  -74,  -47,  -21,  -32,  -11,  -32,  -24,  -32,  -32,   11,   11,   -5,
      11,  -21,  -28,   11,  -21,  -16,  -16,  -32,  -26,  -34,  -16,  -16,  -16,  -21,  -16,  -21,
     -53,  -28,  -28,  -28,  -28,  -28,  -28,  -16,   11,   21,  -28,  -28,  -28,  -28,  -16,  -16,
     -28,  -28,  -28,  -28,  -28,  -21,  -10,  -37,  -28,  -32,  -34,  -16,  -21,  -11,  -11,  -64,
     -42,  -47,  -68,  -32,  -37,  -26,   -2,   -2,   16,  -16,  -42,   16,  -47,  -21,  -16,  -47,
     -26,  -64,  -26,  -32,  -21,  -32,  -26,  -32,  -79,  -42,  -42,  -74,  -42,  -42,  -68,  -26,
      11,   32,  -42,  -42,  -42,  -74,  -32,  -26,  -42,  -42,  -58,  -42,  -58,  -47,  -16,  -21,
    -121,  -79, -101,  -26,  -32,  -42,  -32,  -11,   11,   -2,  -32,  -26,   -8,   -5,   11,   11,
     -21,    5,   11,    5,  -16,  -16,  -26,  -42,  -74,    5,  -58,   11,   11,  -21,  -21,  -21,
     -21,  -21,  -21,   11,  -21,  -21,  -21,  -21,  -42,  -16,  -58,  -21,  -21,  -21,  -21,  -21,
      11,   11,   -2,  -21,    5,  -16,   -8,  -58,   11,  -11,    5,  -42,  -53,  -64,  -37,  -58,
     -37,   -5,   11,   11,   -5,   11,  -26,  -74,   11,  -90,  -32,  -37,  -58,  -64,  -79,  -37,
     -53,  -68,  -64,  -64,  -68,  -95, -121, -127, -106, -127, -121, -106,  -37,    5,   16, -128,
    -121, -128, -116,  -53,    5, -106, -121, -111,  -95, -121,  -95,  -90,  -32,  -32,  -74,  -95,
    -111,   -5,  -64, -110,  -53,  -42,   -5,  -11,   -5,  -21,   -5,  -11,   -5,   -2,    5,    5,
      -5,   -2,   -5,  -16,    1,  -26,  -26,  -53,   -5,  -58,  -11,   -2,   -2,   -2,   -2,   -2,
      -2,   -2,   -2,   -2,   -2,  -26,   -5,  -58,   -2,   -2,   -2,   -2,   -2,   -5,   -2,   -5,
       1,   -5,  -58,   21,   64,   16,  -12,  -21,    5,   20,   -5,    7,  -13,  -11,  -11,  -38,
     -16,   11,  -11,    8,  -12,  -12,  -12,  -12,  -12,  -12,  -11,  -12,  -12,  -12,  -12,  -19,
     -16,  -11,  -12,  -12,  -12,  -12,  -12,   -1,  -12,    7,  -11,  -11,    8,    9,  -11,  -64,
     -42,  -42,  -21,  -13,   -7,   -5,  -11,  -11,  -10,  -16,  -21,  -16,  -11,   -5,   -7,   -2,
     -16,  -11,  -11,   -7,   -7,   -5,  -11,  -64,  -11,   -5,   -5,  -26,   -5,   -9,  -11,   -5,
     -13,   -2,   -2,   -5,   -5,  -13,   -5,   -2,   -4,   -5,   -5,   -5,   -9,   -9,   -9,   -9,
      -9,   -9,   -2,  -11,   -9,   -9,   -9,   -9,   -2,  -11,   -5,   -9,   -9,   -9,   -9,   -9,
      -5,   -2,   -2,   -9,   -5,  -13,   -5,   -5,   -2,  -74,  -11,   -5,  -11,  -11,  -11,  -11,
     -11,  -11,  -11,  -11,  -11,  -11,  -11,  -11,  -11,  -11,  -11,  -11,   53,   26,   -5,   -5,
      21,    5,   11,   16,   26,   47,    5,   58,   11,   47,   26,   26,   11,   -5,    5,   11,
      11,   11,    5,    5,    5,    5,    5,    5,    5,   26,    5,    5,    5,    5,   11,   11,
       5,    5,    5,    5,    5,   11,   26,   26,    5,   11,   -5,   11,    5,   -5,   -5,    5,
      -5,    5,    2,   64,    5,  -11,   16,   11,   11,    5,   16,   -5,   -5,   -5,   -5,   -5,
      -5,    2,   -5,   -5,   -5,   -5,   11,   16,   -5,   -5,   -5,   -5,   -5,    5,    2,    2,
      -5,    5,  -11,   16,   16,  -11,   -5,  -20,  -32,    5,  -16,    8,  -16,  -21,  -26,  -32,
     -32,    5,  -33,    5,  -20,  -20,  -20,  -20,  -20,  -20,    5,  -11,  -20,  -20,  -20,  -20,
     -32,  -21,  -33,  -20,  -20,  -20,  -20,  -20,    5,    5,  -20,    8,  -21,  -33,    5,   -5,
       5,   26,  -29,  -26,    5,  -16,    2,  -16,  -26,  -16,  -21,  -21,    5,  -16,   11,  -29,
     -29,  -29,  -29,  -29,  -29,  -26,  -29,  -29,  -29,  -29,  -21,  -21,  -16,  -29,  -29,  -29,
     -29,  -29,  -29,    2,  -26,  -16,   11,    5,   -5,  -29,  -26,  -23,  -16,   74,  -21,    5,
     -26,  -11,  -21,  -21,  -11,  -11,  -11,  -29,  -29,  -29,  -29,  -29,  -29,  -16,  -21,  -29,
     -29,  -29,  -29,  -21,  -11,  -29,  -29,  -29,  -29,  -29,  -16,  -16,  -29,  -21,  -26,  -11,
     -11,   -5,  -53,   -8,   -5,   -2,  -16,   -2,  -16,    5,    7,   11,    2,    9,    2,   -8,
      -8,   -8,   -8,   -8,   -8,   -5,   -8,   -8,   -8,   -8,    7,  -11,    9,   -8,   -8,   -8,
      -8,   -8,   -2,   -8,   -2,  -16,    9,    2,    2,   -7,  -21,   -5,   -1,   -5,   -1,  -15,
      -9,  -14,  -14,  -14,  -11,   -7,   -7,   -7,   -7,   -7,   -7,   -1,   -5,   -7,   -7,   -7,
      -7,  -14,  -29,  -11,   -7,   -7,   -7,   -7,   -7,   -1,   -1,   -7,   -1,   -9,  -11,   -4,
       2,    5,    6,    6,    4,   -5,    5,   11,   -4,   -4,   -4,   -4,   -4,   -4,    6,   -4,
      -4,   -4,   -4,   11,   -4,   -4,   -4,   -4,   -4,    2,    6,    6,   -4,    6,   -5,    5,
     -21,  -10,    5,    5,    6,   -5,   -9,  -11,   -5,  -16,    5,  -16,   11,  -10,  -10,  -10,
     -10,  -10,  -10,    5,   -5,  -10,  -10,  -10,  -10,   -5,  -11,  -16,  -10,  -10,  -10,  -10,
     -10,    5,    5,  -10,    6,   -9,  -16,   11,    5,  -42,  -16,  -32,  -16,  -16,  -21,   16,
       5,    5,    5,  -16,  -16,  -16,  -16,  -16,  -16,  -16,  -16,  -16,  -16,   16,    5,  -16,
     -16,  -16,  -16,  -16,  -16,  -21,    5,  -16,  -11,  -11,    5,  -11,  -11,  -11,  -11,  -11,
     -11,  -11,  -11,  -11,  -11,    5,  -11,  -11,  -11,  -11,  -11,  -11,    5,  -11,  -42,  -16,
     -32,  -18,   -5,  -11,  -11,    1,    1,    5,  -11,   10,   11,   11,    5,   11,   -5,  -18,
     -18,  -18,  -18,  -18,  -18,    1,  -18,  -18,  -18,  -18,   11,   11,  -18,  -18,  -18,  -18,
     -18,  -11,    1,    1,  -18,    1,  -11,  -32,   11,   -5,  -16,   10,   -5,   -5,   -5,   -5,
      -1,   -5,   -4,   -5,    5,    3,    5,    5,   -5,   -5,   -5,   -5,   -5,   -5,   -1,   -5,
      -5,   -5,   -5,    3,   -5,    5,   -5,   -5,   -5,   -5,   -5,   -1,   -1,   -5,   -4,   -5,
       5,   -5,   66, -128,   72,  -11,  -16,  -16,  -11,   -5,   -5,  -95,  -26,  -37,  -69,  -16,
     -74,  -11,   -5,   -5,   -5,   -5,  -16,  -11,  -21,  -16,  -21,  -16,  -21, -121,   -5,   -5,
      -5,   -5,   -5,   -5,   -5,   -5,   -5,   -5,  -16,  -21,   -5,   -5,   -5,   -5,   -5,  -16,
      -5,   -5,  -11,  -95,  -21,   26,   26,  -16,   -5,  -11,   -5,   -5,   -5,   -5,   -5,  -11,
     -11,   -7,  -11,   -5,   -5,   -5,   -5,   -5,   -5,   -5,   -5,   -5,   -5,   -5,   -5,   -5,
      -7,  -16,   -5,   -5,   -5,   -5,   -5,   -5,   -5,   -5,   -5,   -5,   -5,  -11,   -5,   -5,
      21,   16,   11,  -32,  -26,  -26,  -26,  -26,  -26,  -26,  -26,  -26,  -26,  -26,  -26,  -26,
     -26,  -26,  -26,  -26,  -26,    2,    2,   16,  -12,  -21,    5,   20,   89,    7,  -13,  -11,
     -11,  -38,  -16,   11,  -11,    8,  -12,  -12,  -12,  -12,  -12,  -12,  -11,  -12,  -12,  -12,
     -12,  -19,  -16,  -11,  -12,  -12,  -12,  -12,  -12,   -1,  -12,    7,  -11,  -11,    8,    9,
      16,  -12,  -21,    5,   20,   -5,    7,  -13,  -11,  -11,  -14,  -16,   11,  -11,    8,  -12,
     -12,  -12,  -12,  -12,  -12,  -11,  -12,  -12,  -12,  -12,  -14,  -16,  -11,  -12,  -12,  -12,
     -12,  -12,   -1,  -12,    7,  -11,  -11,    8,    9,  -11,  -16,  -16,  -11,   -5,   -5, -111,
     -26,  -37,  -69,  -16,  -74,  -11,   -5,   -5,   -5,   -5,  -16,  -11,  -21,  -16,  -21,  -16,
     -21, -121,   -5,   -5,   -5,   -5,   -5,   -5,   -5,   -5,   -5,   -5,  -16,  -21,   -5,   -5,
      -5,   -5,   -5,  -16,   -5,   -5,  -11, -111,  -21,   11,   11,   11,   11,   -5,   37,   -5,
     -11,   -7,   -2,   -7,   -5,  -11,   16,  -12,  -21,    5,   20,   37,    7,  -13,  -11,  -11,
     -38,  -16,   11,  -11,    8,  -12,  -12,  -12,  -12,  -12,  -12,  -11,  -12,  -12,  -12,  -12,
     -19,  -16,  -11,  -12,  -12,  -12,  -12,  -12,   -1,  -12,    7,  -11,  -11,    8,    9, -128,
};

static const EpdLigaturePair youngserif_18_italicLigaturePairs[] = {
    { 0x00660066, 0xFB00 }, // f f -> U+FB00
    { 0x00660069, 0xFB01 }, // f i -> U+FB01
    { 0x0066006C, 0xFB02 }, // f l -> U+FB02
    { 0xFB000069, 0xFB03 }, // U+FB00 i -> U+FB03
    { 0xFB00006C, 0xFB04 }, // U+FB00 l -> U+FB04
};

static const EpdFontData youngserif_18_italic = {
    youngserif_18_italicBitmaps,
    youngserif_18_italicGlyphs,
    youngserif_18_italicIntervals,
    63,
    45,
    35,
    -11,
    true,
    youngserif_18_italicGroups,
    13,
    nullptr,
    nullptr,  // kernLeftClasses: built-in fonts use the split arrays below
    nullptr,  // kernRightClasses
    youngserif_18_italicKernLeftCodepoints,
    youngserif_18_italicKernLeftClassIds,
    youngserif_18_italicKernRightCodepoints,
    youngserif_18_italicKernRightClassIds,
    nullptr,  // kernMatrix: built-in fonts use the sparse form below
    youngserif_18_italicKernRowOffsets,
    youngserif_18_italicKernSparseCols,
    youngserif_18_italicKernSparseValues,
    431,
    443,
    71,
    86,
    youngserif_18_italicLigaturePairs,
    5,
};
