/**
 * generated by fontconvert.py
 * name: youngserif_14_italic
 * size: 14
 * mode: 2-bit  compressed: true
 * Command used: fontconvert.py youngserif_14_italic 14 ../builtinFonts/source/YoungSerif/YoungSerif-Italic.ttf --2bit --compress --pnum --zopfli
 */
#pragma once
#include "EpdFontData.h"

static const uint8_t youngserif_14_italicBitmaps[18263] = {
    0xA5, 0xD8, 0x01, 0x84, 0x26, 0xEB, 0x9A, 0x1F, 0xF0, 0x5F, 0x55, 0xCD, 0xB9, 0x65, 0x4F, 0xDD,
    0x99, 0x3A, 0x88, 0x20, 0x33, 0x3D, 0x05, 0x07, 0x27, 0xF4, 0x4C, 0x1D, 0x8C, 0xE8, 0xF0, 0x75,
    0x7F, 0x75, 0x13, 0x5C, 0x2C, 0x5C, 0x98, 0x3D, 0x18, 0x9C, 0x83, 0x45, 0xD8, 0x75, 0x67, 0xC2,
    0x60, 0x42, 0x77, 0x7F, 0x15, 0x00, 0x90, 0xC1, 0x9E, 0xBB, 0x80, 0x1C, 0x24, 0x88, 0x84, 0x6D,
    0x0C, 0x3A, 0x74, 0xF7, 0xF7, 0xAE, 0x45, 0x08, 0xA2, 0x64, 0x33, 0x67, 0x81, 0xAB, 0xEC, 0x9E,
    0x93, 0x70, 0x37, 0xB1, 0x25, 0xEA, 0xD8, 0x9A, 0xBD, 0x5F, 0x7F, 0x95, 0x7E, 0x9D, 0xEE, 0xCC,
    0x8C, 0x9C, 0xE4, 0x8A, 0xED, 0x7A, 0x9F, 0xFF, 0xF3, 0xAA, 0xEA, 0xF7, 0xF9, 0x3F, 0xEF, 0xFB,
    0x3C, 0xEF, 0xF3, 0x7E, 0x55, 0x5E, 0x24, 0x9B, 0x34, 0x5E, 0x63, 0x3A, 0xA4, 0x43, 0xD6, 0x65,
    0xE1, 0xEA, 0x6A, 0xF3, 0xB6, 0x68, 0x0A, 0x1F, 0xB8, 0xE5, 0xD8, 0xDA, 0x01, 0xF6, 0x76, 0x9E,
    0x3F, 0x78, 0xB6, 0x7B, 0xB2, 0xF8, 0x6A, 0xEF, 0xE5, 0xA7, 0xE1, 0x53, 0x6E, 0x69, 0xD8, 0x4D,
    0x03, 0x7B, 0x59, 0xCB, 0x49, 0x8E, 0xBE, 0x94, 0xCC, 0xF3, 0x3C, 0xF9, 0xEC, 0xF5, 0xD1, 0xCF,
    0xE4, 0xCD, 0x23, 0x4A, 0x27, 0xDC, 0xD6, 0xBF, 0xF3, 0xBF, 0xAB, 0x79, 0xDE, 0x4A, 0xFA, 0xFB,
    0x24, 0x61, 0x87, 0xAC, 0x5D, 0x10, 0xFF, 0x57, 0xE1, 0x04, 0x34, 0x48, 0x02, 0xD2, 0x08, 0x59,
    0x20, 0x59, 0xFF, 0x69, 0xAB, 0xFA, 0xC3, 0x39, 0x38, 0xCA, 0x3F, 0x0F, 0xA6, 0x22, 0xEB, 0x92,
    0xB1, 0x4C, 0xFA, 0x64, 0xBC, 0xA3, 0x4F, 0x36, 0xB7, 0x31, 0xFF, 0x3B, 0xD4, 0x5B, 0xFC, 0x68,
    0x1E, 0xB1, 0x9C, 0xF1, 0x68, 0xD5, 0x3E, 0xF7, 0xAC, 0x0C, 0x87, 0x4E, 0x8A, 0x70, 0x60, 0x28,
    0xDB, 0xBA, 0xE9, 0xCB, 0xA6, 0xEC, 0xBB, 0x03, 0xE5, 0xFC, 0xF5, 0x28, 0x7F, 0xB2, 0x6D, 0x88,
    0x14, 0xB2, 0x36, 0x42, 0x83, 0x7F, 0x03, 0xC5, 0x4F, 0x03, 0x76, 0x93, 0x5E, 0xDA, 0x3C, 0x32,
    0xFA, 0xD0, 0x73, 0x2F, 0x7C, 0xE2, 0x95, 0x85, 0xAF, 0x3C, 0xB7, 0x48, 0x5B, 0x0B, 0x7B, 0x1F,
    0xB2, 0xEF, 0xF9, 0x27, 0x94, 0xFA, 0xAF, 0x48, 0xFF, 0xF2, 0x1F, 0xB5, 0xBF, 0x8B, 0x22, 0xFF,
    0x75, 0xCB, 0xBD, 0xBA, 0xF9, 0x82, 0x67, 0x0B, 0x8F, 0x24, 0xE1, 0x95, 0x4F, 0xE4, 0x06, 0x7B,
    0xEE, 0xE9, 0xBD, 0xF0, 0x4C, 0x6F, 0x4C, 0x82, 0x2F, 0xD2, 0x21, 0xE7, 0xE3, 0x22, 0xFC, 0x98,
    0x7C, 0x0B, 0x3E, 0x22, 0x59, 0xF7, 0x28, 0x5E, 0x4F, 0x78, 0x60, 0x81, 0x17, 0x22, 0x9E, 0x1A,
    0x71, 0x06, 0x8E, 0x14, 0x73, 0x67, 0x29, 0xD9, 0x36, 0xCA, 0x60, 0xA4, 0xEE, 0x75, 0xD2, 0x3F,
    0x1F, 0xD3, 0x56, 0xD9, 0x6E, 0x32, 0x96, 0x8E, 0x6F, 0x73, 0x64, 0xF9, 0x4F, 0x38, 0x53, 0x0E,
    0x11, 0xF3, 0x81, 0x63, 0xC5, 0x44, 0xFD, 0xFA, 0x74, 0xFB, 0x33, 0xE9, 0xDC, 0xDE, 0x9D, 0xEC,
    0x3D, 0x7F, 0x76, 0xF2, 0xD5, 0xCB, 0x00, 0x4E, 0xE4, 0x9D, 0x8A, 0x43, 0xC9, 0x20, 0x0B, 0x8A,
    0x56, 0xC5, 0x43, 0x16, 0x1C, 0x72, 0x1A, 0x9B, 0x57, 0x37, 0xED, 0x05, 0x0B, 0x1E, 0x50, 0x92,
    0x37, 0xD2, 0x8E, 0x2F, 0x62, 0xB3, 0x20, 0xDE, 0x6A, 0x65, 0x41, 0xD2, 0x33, 0x78, 0xBF, 0x45,
    0xEB, 0x69, 0x77, 0x4D, 0x50, 0xF2, 0xF0, 0x9A, 0x31, 0x0F, 0xB1, 0xFB, 0x0C, 0x48, 0x44, 0x13,
    0x6E, 0xE7, 0x8D, 0xEA, 0xA7, 0xE4, 0xFF, 0xB1, 0x68, 0xFC, 0xFB, 0x75, 0xE3, 0xE7, 0x2F, 0xD5,
    0x7F, 0xD9, 0x38, 0xB8, 0x37, 0xF8, 0x68, 0xF7, 0x28, 0xE6, 0x27, 0x2F, 0xF0, 0x31, 0xF4, 0x51,
    0x48, 0x3A, 0xD2, 0x10, 0xC5, 0xDF, 0xFB, 0xB7, 0xBF, 0xFA, 0x57, 0xCB, 0x79, 0x1E, 0xE5, 0x0D,
    0x85, 0x28, 0xDC, 0xB9, 0x96, 0x1D, 0x34, 0x45, 0x57, 0xF6, 0x79, 0x9F, 0x85, 0x32, 0x9A, 0x60,
    0x35, 0x4F, 0x48, 0xD4, 0x96, 0x6D, 0xD5, 0xDC, 0x82, 0xBF, 0x83, 0xE7, 0x18, 0xA2, 0x65, 0xB2,
    0xF6, 0xAD, 0x95, 0x5D, 0xEC, 0xBD, 0xF3, 0x28, 0x88, 0x44, 0xCA, 0x77, 0x1E, 0x9D, 0xA0, 0x7F,
    0xFF, 0xD1, 0x0E, 0x16, 0x78, 0x0E, 0x50, 0x6C, 0x39, 0x7F, 0x12, 0xB2, 0x3E, 0x1D, 0x8A, 0xD6,
    0x58, 0x31, 0x1D, 0x30, 0xED, 0x33, 0xC6, 0x95, 0x39, 0x94, 0x5E, 0x49, 0xD6, 0xED, 0x2B, 0x43,
    0xAD, 0x56, 0xBE, 0x9E, 0x24, 0x73, 0x0B, 0x7E, 0xD4, 0xE7, 0x73, 0x93, 0x5C, 0xB0, 0x1F, 0xDB,
    0xDB, 0x48, 0x8D, 0xB1, 0x19, 0xA4, 0x83, 0xBB, 0x6F, 0xAC, 0xE7, 0xB7, 0x44, 0x47, 0x9F, 0x87,
    0x64, 0xB8, 0xA2, 0xEA, 0xB3, 0xAB, 0x2B, 0xEF, 0x7C, 0x55, 0xB6, 0xD4, 0x98, 0xC8, 0x3B, 0x1E,
    0x92, 0x0C, 0x14, 0x4D, 0x12, 0x1E, 0x3E, 0xFE, 0xBC, 0x59, 0xCE, 0x97, 0x40, 0x35, 0xF1, 0x66,
    0x25, 0xEB, 0xAB, 0x36, 0x0B, 0x65, 0x9B, 0x87, 0xAA, 0xD1, 0x1C, 0x60, 0xA2, 0xE8, 0x98, 0x47,
    0x7E, 0x72, 0x81, 0xBA, 0xA1, 0x6A, 0x89, 0x12, 0xFB, 0x4B, 0x9C, 0x93, 0x8D, 0x1E, 0x3F, 0x6D,
    0xAD, 0xBF, 0x81, 0xDF, 0xC5, 0x0A, 0xC7, 0x38, 0xC2, 0x44, 0x3A, 0x90, 0x07, 0x2A, 0x1C, 0xDE,
    0x92, 0x0E, 0x2F, 0x14, 0xED, 0x2B, 0x0F, 0x8D, 0xFE, 0xD9, 0xE3, 0xEF, 0x9A, 0x79, 0x9E, 0x3B,
    0x69, 0x4F, 0xD6, 0x5D, 0x4B, 0x20, 0x0F, 0x90, 0x40, 0xDE, 0x28, 0xA3, 0xAB, 0xF7, 0x63, 0xBC,
    0x16, 0x5C, 0xC3, 0x2B, 0x18, 0x90, 0xCC, 0x13, 0xC9, 0x4F, 0xD6, 0x50, 0x06, 0x3F, 0x0C, 0x75,
    0x83, 0x63, 0xA4, 0x93, 0x2B, 0x6F, 0x3B, 0xD6, 0x13, 0x24, 0xEB, 0x97, 0xCA, 0x5F, 0x8C, 0x8E,
    0x1C, 0x26, 0x83, 0xFD, 0xAC, 0xB3, 0x5B, 0x04, 0xCA, 0xCF, 0x27, 0xD5, 0xB7, 0x2B, 0xCB, 0xA6,
    0x0C, 0x07, 0x8A, 0xEE, 0x48, 0xDE, 0x9D, 0xC9, 0xAE, 0x24, 0x8F, 0x12, 0x0E, 0x15, 0xED, 0xBE,
    0x52, 0xED, 0x81, 0xF2, 0xF5, 0x28, 0x99, 0x1B, 0x49, 0x43, 0x36, 0xCF, 0x97, 0xE5, 0x1F, 0xD8,
    0x7D, 0xC0, 0x09, 0x69, 0x47, 0xD1, 0xB0, 0x83, 0x17, 0x24, 0x3D, 0x79, 0xA0, 0xC4, 0xFE, 0xFB,
    0x4B, 0x73, 0x13, 0xA9, 0x15, 0xD6, 0xD7, 0x1A, 0xB1, 0xF6, 0x35, 0x96, 0x7F, 0xD8, 0xDB, 0x18,
    0x92, 0xC1, 0xAB, 0xAC, 0x17, 0x65, 0x88, 0x85, 0xDD, 0x65, 0xDD, 0x58, 0x4E, 0xAC, 0x36, 0xB2,
    0x71, 0xD5, 0x94, 0x6D, 0x19, 0xF6, 0xE5, 0xDD, 0x0B, 0x59, 0xF7, 0x4A, 0x1E, 0x5E, 0x89, 0x75,
    0xB2, 0x56, 0xFF, 0x62, 0xBA, 0x32, 0xD3, 0x92, 0x6E, 0x1B, 0x0F, 0x9F, 0x74, 0x5E, 0x25, 0x63,
    0x32, 0x38, 0xCB, 0x3A, 0x87, 0x79, 0xB0, 0x5F, 0x7C, 0x2F, 0x47, 0x57, 0x72, 0x76, 0x25, 0x9B,
    0xAC, 0x4F, 0xA7, 0x74, 0xBA, 0x3B, 0x5A, 0xFD, 0xCD, 0x40, 0xD6, 0x93, 0x87, 0x47, 0xCA, 0xF6,
    0x95, 0xCA, 0x99, 0x43, 0x07, 0xE9, 0xA0, 0x98, 0x1B, 0xE0, 0xA3, 0x64, 0xCC, 0x36, 0xC9, 0x08,
    0xE0, 0xFD, 0x2D, 0x76, 0xCB, 0x91, 0xD9, 0x11, 0x00, 0x3F, 0xB0, 0x2F, 0x3F, 0xC4, 0x39, 0x77,
    0x7B, 0xC9, 0x25, 0x55, 0x27, 0x7D, 0x43, 0xDD, 0xB2, 0x44, 0xDE, 0xE3, 0x18, 0x45, 0x87, 0x73,
    0x94, 0x81, 0x24, 0x40, 0x1D, 0xF3, 0xE6, 0x07, 0xFE, 0xD6, 0xF3, 0xDC, 0x40, 0xD6, 0x22, 0x1D,
    0xA1, 0x6E, 0x6E, 0x6C, 0x39, 0xE6, 0xA6, 0x7B, 0x8E, 0xF4, 0x12, 0xF5, 0x4B, 0xD2, 0x09, 0xAB,
    0x96, 0x7C, 0xC4, 0xB2, 0xC1, 0x17, 0x60, 0xDD, 0xCB, 0xBF, 0x3D, 0x57, 0x36, 0x4B, 0x4B, 0xB5,
    0x03, 0x4B, 0x51, 0x3E, 0x72, 0x4E, 0x1C, 0x54, 0xF4, 0x2C, 0x31, 0x91, 0x75, 0xE4, 0x2D, 0x45,
    0x43, 0x82, 0x5B, 0xA8, 0xB1, 0x6C, 0xA9, 0x70, 0x0B, 0x00, 0x92, 0xF5, 0x25, 0xD4, 0x5F, 0x3E,
    0xE9, 0x49, 0xBE, 0xE1, 0x94, 0x38, 0xF0, 0x3E, 0xBB, 0xC8, 0x39, 0x49, 0xB7, 0x3F, 0xC9, 0xDA,
    0x24, 0x54, 0xBF, 0xF8, 0x65, 0x1A, 0xB2, 0xE6, 0xD0, 0x79, 0x12, 0x3E, 0x34, 0x38, 0x14, 0x6E,
    0xA7, 0x57, 0x2A, 0x09, 0x3F, 0xCE, 0x7A, 0xA7, 0x49, 0xF8, 0x24, 0xEB, 0x9C, 0xA6, 0xED, 0x27,
    0x79, 0x30, 0x66, 0xCD, 0xC7, 0x79, 0x30, 0xE4, 0xAE, 0x6E, 0x26, 0xC3, 0xED, 0x2B, 0x35, 0x64,
    0xC3, 0x0B, 0xF7, 0x92, 0xCB, 0xDF, 0x9B, 0x3B, 0xB7, 0xD5, 0x7F, 0xFA, 0x07, 0x14, 0x40, 0x16,
    0x80, 0x11, 0xA8, 0x9B, 0x8F, 0x20, 0x9D, 0x07, 0x00, 0x70, 0x8E, 0x18, 0x1A, 0xD9, 0x05, 0xF2,
    0x25, 0x6E, 0xD7, 0xF8, 0xA4, 0x6E, 0xF8, 0xB4, 0x6A, 0x88, 0x85, 0x26, 0x09, 0x65, 0x90, 0x35,
    0x57, 0x90, 0x2B, 0x82, 0x32, 0x06, 0xE7, 0xEF, 0x3F, 0xFE, 0xAC, 0xF7, 0xA9, 0x6C, 0xD0, 0x5F,
    0x41, 0x12, 0xAE, 0x20, 0x6B, 0x65, 0x63, 0xD5, 0xB9, 0xBB, 0x59, 0x4E, 0x56, 0x5B, 0xF3, 0x3C,
    0xB1, 0x7A, 0xBD, 0x6A, 0x54, 0x6D, 0x19, 0x54, 0x4D, 0xD1, 0xA9, 0xA3, 0x81, 0xA5, 0x32, 0x42,
    0xDD, 0x38, 0x4E, 0x36, 0xD7, 0xD5, 0xFB, 0xFC, 0x83, 0xB9, 0xB1, 0x51, 0x05, 0x1B, 0x65, 0x97,
    0x4C, 0x8A, 0x2E, 0x19, 0x95, 0x21, 0x1D, 0xAE, 0x20, 0x1B, 0xD4, 0x4D, 0x3E, 0xB8, 0x50, 0xBD,
    0x79, 0x32, 0x5A, 0xCF, 0xDB, 0x06, 0xD5, 0x96, 0xF4, 0xCD, 0x93, 0x4E, 0x15, 0x92, 0xC1, 0x8A,
    0xC9, 0x86, 0xB3, 0x6C, 0xE4, 0x2C, 0x1F, 0xA2, 0xEB, 0x1D, 0x91, 0x8A, 0x2A, 0x42, 0xDD, 0xBE,
    0x0B, 0x1F, 0xD5, 0x81, 0x67, 0x55, 0x20, 0x94, 0x9D, 0x2C, 0x9A, 0xDF, 0x91, 0x6C, 0x7F, 0x67,
    0xE0, 0x6E, 0x34, 0x1F, 0xBD, 0xF7, 0xF4, 0xF5, 0xBA, 0x55, 0x86, 0x7C, 0x50, 0xB6, 0xE9, 0xA4,
    0x6A, 0x6D, 0xD4, 0x8D, 0x73, 0x35, 0xC7, 0x96, 0x11, 0x0E, 0x22, 0x1C, 0x73, 0xEE, 0x9C, 0x8D,
    0xB3, 0x08, 0x1B, 0xE9, 0x68, 0x92, 0x0D, 0x71, 0x1E, 0x21, 0x1D, 0xD5, 0x4D, 0x36, 0xB8, 0x74,
    0xF7, 0xCD, 0xE7, 0xBD, 0xD5, 0xBC, 0x05, 0x22, 0xC7, 0x3C, 0x5C, 0x71, 0xFC, 0x4E, 0x9C, 0xA8,
    0x3D, 0x65, 0x6B, 0x57, 0xD5, 0xA0, 0x82, 0xDA, 0xA7, 0x2C, 0x9D, 0xB0, 0x9C, 0x07, 0x8E, 0x1F,
    0xF7, 0x1C, 0xE9, 0x38, 0xD3, 0xB0, 0x81, 0x89, 0x8F, 0x93, 0x89, 0x67, 0xC9, 0x48, 0x9F, 0x8D,
    0xF2, 0x50, 0x5C, 0x3E, 0x5E, 0x5B, 0xCD, 0xF3, 0xE5, 0xFB, 0x1C, 0x9F, 0xC5, 0x75, 0xF4, 0xE2,
    0x1D, 0x8E, 0x9A, 0x08, 0x1F, 0xB3, 0xF4, 0xEC, 0x86, 0xE3, 0x83, 0x81, 0x33, 0x5F, 0x79, 0x9F,
    0x43, 0x34, 0x2F, 0x8D, 0x90, 0x45, 0xA8, 0x2E, 0xB1, 0x9A, 0x41, 0xBD, 0x6D, 0x62, 0x14, 0xFA,
    0x18, 0x85, 0xC9, 0x8A, 0x33, 0x37, 0x51, 0x38, 0xCD, 0x07, 0xBC, 0x17, 0x85, 0xF5, 0xB6, 0x6E,
    0xDD, 0x9D, 0xAE, 0x20, 0x1B, 0xBE, 0x87, 0x20, 0xEB, 0xAB, 0x20, 0xEF, 0xCA, 0x5E, 0xD1, 0x66,
    0xA3, 0x87, 0x31, 0x0A, 0xE3, 0x4D, 0x14, 0x2E, 0xAD, 0xB7, 0x9E, 0x8E, 0xEA, 0xB8, 0x46, 0xD1,
    0x56, 0x19, 0x03, 0xA2, 0x6A, 0x63, 0xA7, 0x6E, 0x54, 0x8D, 0x5A, 0xC4, 0x25, 0xB5, 0x88, 0x4B,
    0x71, 0xFA, 0x5B, 0x2E, 0x38, 0xE2, 0x4C, 0xC4, 0xE8, 0x12, 0x13, 0x1B, 0xC9, 0xC4, 0x24, 0x1D,
    0x63, 0x27, 0x1B, 0x63, 0xE7, 0xEE, 0x1B, 0x77, 0x2F, 0xAD, 0x66, 0xCB, 0x59, 0xA4, 0xBB, 0xE6,
    0x0A, 0x91, 0xA2, 0x6A, 0xDE, 0x9A, 0x3D, 0xB8, 0x31, 0xB8, 0x11, 0xDB, 0x24, 0x19, 0x65, 0x63,
    0x1C, 0x1B, 0x07, 0x26, 0xF3, 0x86, 0x65, 0x78, 0x7B, 0x7C, 0x46, 0x39, 0xC0, 0x11, 0xCE, 0xB0,
    0xB9, 0x96, 0x49, 0x1C, 0x28, 0x1D, 0xC8, 0x06, 0xF7, 0xAF, 0xE4, 0x28, 0xEB, 0xC4, 0x1A, 0x7D,
    0x50, 0x51, 0x4C, 0x98, 0xB7, 0xD9, 0x1C, 0xD4, 0xE3, 0xF5, 0xAF, 0xC5, 0x81, 0x78, 0x76, 0x53,
    0xB5, 0x95, 0x48, 0x70, 0x1A, 0x31, 0xED, 0xB1, 0x2C, 0x5A, 0x1C, 0x44, 0x5E, 0xC7, 0xBF, 0xEE,
    0xB1, 0xFE, 0x93, 0x01, 0x17, 0xC9, 0x84, 0xCD, 0x35, 0xE1, 0x31, 0xC9, 0x64, 0x49, 0x3A, 0xAA,
    0x5A, 0x59, 0x9C, 0x60, 0xF4, 0xFB, 0xE9, 0x68, 0x35, 0x47, 0xC7, 0xCD, 0x97, 0x78, 0xFA, 0x5F,
    0xDC, 0x1C, 0xAC, 0xAD, 0xC8, 0x26, 0x92, 0x45, 0x80, 0x25, 0x1C, 0xC0, 0x31, 0x9C, 0xC3, 0x19,
    0x6F, 0xD3, 0xA4, 0x4D, 0x26, 0x49, 0x4C, 0xF7, 0xBC, 0x89, 0x71, 0x54, 0x5D, 0x3E, 0xD9, 0xC4,
    0x58, 0x0C, 0xAC, 0x02, 0xD9, 0x56, 0xD5, 0x51, 0x8C, 0xCA, 0x5E, 0xEC, 0x96, 0x03, 0xCB, 0xA0,
    0x1A, 0x58, 0x07, 0x0F, 0x46, 0xC9, 0x5F, 0x07, 0xBB, 0x93, 0xEC, 0x2F, 0x5A, 0x8B, 0x33, 0xE5,
    0x7F, 0x68, 0xEC, 0x1D, 0xA9, 0x0B, 0x9E, 0x1F, 0xD8, 0x2F, 0x38, 0xA9, 0x4D, 0x25, 0x27, 0x55,
    0x3A, 0xDC, 0x61, 0x28, 0x7F, 0xDA, 0xED, 0xD0, 0x97, 0xFF, 0xA2, 0xDD, 0x95, 0x74, 0xC5, 0x5F,
    0xD9, 0x95, 0x86, 0x7C, 0x63, 0x21, 0x0B, 0xD9, 0xE8, 0x50, 0xF5, 0x4D, 0xF2, 0x55, 0xB2, 0xB5,
    0xDA, 0x50, 0xCC, 0x8D, 0xB8, 0x97, 0x67, 0xEA, 0x4E, 0x3E, 0x89, 0xEC, 0x69, 0x4F, 0x39, 0x49,
    0x03, 0xF7, 0x37, 0xA2, 0xDA, 0xBD, 0x90, 0x45, 0xB5, 0x6C, 0xB2, 0x96, 0x45, 0x15, 0xF2, 0x86,
    0xBD, 0xB2, 0x2B, 0xF0, 0x3C, 0x1B, 0x0A, 0x9C, 0xA4, 0x53, 0x19, 0x95, 0xCD, 0x1D, 0x0C, 0x8E,
    0x77, 0xD0, 0x5B, 0xFE, 0x3E, 0x49, 0xA7, 0xFA, 0xEF, 0xA2, 0xA1, 0x62, 0x43, 0x16, 0x64, 0x13,
    0xD5, 0x37, 0xD2, 0x91, 0xE8, 0xC4, 0x00, 0xAB, 0x91, 0xE2, 0xDB, 0x55, 0xE3, 0x28, 0xD6, 0xB8,
    0x21, 0x16, 0xCE, 0x4E, 0x32, 0x95, 0x2D, 0x9B, 0xAA, 0xE1, 0x72, 0xE9, 0x06, 0x8E, 0xB1, 0xB9,
    0xB8, 0x81, 0xE9, 0x98, 0x74, 0x5C, 0x91, 0xF5, 0x4B, 0x8A, 0x50, 0xB5, 0x2A, 0x45, 0xE7, 0x4C,
    0xDC, 0x7F, 0xD4, 0x6F, 0x30, 0xCF, 0xDB, 0x58, 0xB6, 0x9E, 0x86, 0x9B, 0xB2, 0x95, 0x0D, 0xAA,
    0x36, 0x96, 0xA0, 0x26, 0x1D, 0xD4, 0xB2, 0xC1, 0x32, 0x0E, 0x3A, 0x50, 0xB5, 0x8E, 0x93, 0x0B,
    0xD6, 0x73, 0xCF, 0x39, 0xEF, 0x6E, 0xF7, 0xC9, 0xCD, 0x76, 0x1F, 0x88, 0xFB, 0x83, 0xD5, 0xEC,
    0x6F, 0xE3, 0x7D, 0x32, 0x5D, 0x90, 0x0E, 0xEF, 0x7B, 0x2F, 0xEF, 0x9C, 0x4A, 0xB6, 0xBF, 0xD7,
    0x71, 0x77, 0x74, 0x93, 0x76, 0x50, 0xFB, 0x11, 0xE5, 0xAF, 0xE2, 0xA0, 0xF9, 0xE5, 0xDB, 0x69,
    0xF5, 0xCA, 0x98, 0x60, 0x65, 0x6B, 0x52, 0x35, 0x62, 0x35, 0x4E, 0x26, 0xB5, 0xF4, 0x66, 0x5A,
    0xC9, 0xBA, 0xB1, 0x9A, 0x47, 0xCE, 0xD3, 0x89, 0x33, 0x1B, 0x36, 0xCE, 0x99, 0x1C, 0x4B, 0x46,
    0x4B, 0xDF, 0x57, 0xE3, 0x51, 0x15, 0xE2, 0x9E, 0xEF, 0x57, 0x73, 0x3A, 0x4F, 0xD7, 0xEF, 0xAC,
    0xAF, 0xD7, 0xC1, 0x91, 0x32, 0xD8, 0xC8, 0x3A, 0xA3, 0xA4, 0x4F, 0x26, 0x7A, 0x97, 0xB0, 0xEE,
    0xAE, 0x8B, 0x9D, 0x38, 0x80, 0xBB, 0x33, 0xAC, 0xC2, 0x73, 0xCA, 0xB0, 0xA0, 0x08, 0x07, 0xB1,
    0x57, 0xB7, 0xE2, 0x3B, 0xAB, 0x03, 0x65, 0xAC, 0x62, 0xF9, 0x6F, 0xC7, 0xF2, 0x38, 0xCF, 0xF3,
    0x46, 0xFE, 0xE6, 0xE9, 0x2F, 0xB6, 0x4A, 0x75, 0x53, 0x59, 0xA8, 0xE5, 0xCD, 0x47, 0x96, 0x12,
    0x1C, 0x80, 0x63, 0x70, 0x0E, 0xCE, 0xC0, 0x06, 0x4C, 0x90, 0x7C, 0x8F, 0x23, 0xA4, 0x03, 0x64,
    0xEF, 0x60, 0xDE, 0x43, 0x3D, 0xC2, 0x7C, 0x89, 0xE5, 0xDC, 0xD4, 0x97, 0x77, 0x2F, 0x15, 0x63,
    0x36, 0xC8, 0x42, 0xDE, 0xCB, 0xDA, 0xBC, 0x93, 0x35, 0x45, 0x90, 0x37, 0x65, 0x50, 0xB8, 0x82,
    0x52, 0xD5, 0xBA, 0xA3, 0x6A, 0xDC, 0x56, 0xB3, 0x63, 0xC9, 0x6E, 0x84, 0x85, 0x03, 0xF6, 0x22,
    0x9C, 0x58, 0xD2, 0xC7, 0x15, 0x0B, 0xCA, 0x6F, 0x7F, 0x4E, 0xB2, 0xEE, 0x59, 0xCD, 0xD6, 0x53,
    0xFD, 0x9D, 0xAA, 0x2F, 0x3B, 0x45, 0x1B, 0x4D, 0x29, 0x3A, 0x3B, 0xF2, 0xDE, 0x42, 0xD6, 0x3B,
    0xB9, 0xF9, 0x61, 0x90, 0x06, 0xE9, 0x98, 0xB5, 0x31, 0x43, 0x30, 0xED, 0x60, 0xB3, 0x88, 0xF0,
    0x0C, 0xE7, 0x3D, 0x56, 0x21, 0x42, 0x83, 0x25, 0xEC, 0x8B, 0xE6, 0xB3, 0x79, 0x2C, 0xE6, 0xB6,
    0xFE, 0x2E, 0x99, 0x5F, 0xA6, 0x5B, 0x65, 0xE7, 0x82, 0xD3, 0xA8, 0x8F, 0x19, 0x22, 0xD5, 0x52,
    0xD2, 0x45, 0xB6, 0x95, 0x2C, 0x44, 0x3D, 0x2B, 0x44, 0xBA, 0xB9, 0xB9, 0x13, 0x75, 0xF6, 0x47,
    0xCD, 0x2E, 0xE9, 0x50, 0x54, 0xED, 0x1E, 0xE9, 0x78, 0xA7, 0x0C, 0x27, 0x24, 0xD3, 0x6E, 0xF9,
    0xC7, 0x1D, 0xA6, 0x47, 0xE5, 0x9F, 0x04, 0x6C, 0x4E, 0x8A, 0x3F, 0x6B, 0x70, 0xD9, 0xE5, 0xBF,
    0x84, 0x75, 0xAC, 0x1E, 0x51, 0xCB, 0x26, 0x38, 0x96, 0x0D, 0xB0, 0x90, 0x76, 0xB0, 0xBE, 0x54,
    0x5D, 0xAA, 0x47, 0xC5, 0x37, 0x8A, 0x41, 0x49, 0x36, 0x59, 0x90, 0x6C, 0x0C, 0x58, 0xA7, 0x1D,
    0x96, 0xBF, 0xDD, 0xA0, 0xFA, 0x1F, 0x50, 0x8E, 0x6F, 0xF1, 0x60, 0x03, 0xC3, 0x16, 0x59, 0x58,
    0xA1, 0x54, 0x07, 0xF6, 0x95, 0x3D, 0xA3, 0x7C, 0x90, 0x75, 0xB2, 0x8D, 0xAA, 0x93, 0xCF, 0xCD,
    0x3C, 0xA8, 0xE6, 0xB0, 0x9A, 0x43, 0xB5, 0xAD, 0x62, 0x1C, 0xF3, 0x49, 0xDE, 0xA6, 0x93, 0x3B,
    0x6C, 0x2C, 0xB8, 0x70, 0xC2, 0x32, 0xE9, 0xA8, 0xFF, 0x71, 0x43, 0xF9, 0x9F, 0x50, 0x6C, 0x88,
    0x76, 0xC8, 0x7A, 0xE4, 0x1D, 0x8A, 0x08, 0x65, 0x78, 0xE7, 0x08, 0x66, 0xD5, 0x91, 0xCD, 0x13,
    0xF2, 0x79, 0x9E, 0x83, 0xEA, 0xCB, 0xC7, 0x6B, 0xF6, 0x24, 0x97, 0xF4, 0xF2, 0x11, 0xAA, 0xCE,
    0x4D, 0x5C, 0xE2, 0x6D, 0xFF, 0x5F, 0xB7, 0x6F, 0xC5, 0xDB, 0x76, 0xE3, 0xED, 0x64, 0xB0, 0xFA,
    0x32, 0xBE, 0x94, 0xAD, 0xAF, 0xA8, 0x1A, 0x50, 0x6D, 0x3C, 0xE4, 0x01, 0x8B, 0x77, 0x5E, 0x7D,
    0x5F, 0xBD, 0xF3, 0x99, 0xA1, 0x97, 0x76, 0xB2, 0x4E, 0x0C, 0x6D, 0x90, 0xB7, 0x8A, 0xB8, 0xA9,
    0x94, 0x54, 0xDC, 0xE7, 0x21, 0xCB, 0x09, 0x7E, 0xE6, 0x95, 0xE7, 0xF6, 0x2C, 0x2C, 0xEC, 0x7A,
    0x60, 0xC7, 0x1D, 0xA5, 0x52, 0xA1, 0x90, 0x37, 0x59, 0x7B, 0x75, 0x85, 0xF4, 0xEA, 0x4A, 0x3A,
    0xBD, 0xDE, 0x70, 0xCD, 0xEE, 0x8C, 0x53, 0xC6, 0xFF, 0x1B, 0x65, 0xE4, 0x2B, 0x9A, 0xF7, 0x28,
    0x1F, 0xBC, 0xF3, 0xA2, 0xFE, 0xC2, 0x72, 0x04, 0xE0, 0x19, 0xC9, 0x48, 0xFE, 0xFB, 0xEC, 0xDC,
    0xE1, 0x79, 0x2E, 0xE9, 0xB2, 0x90, 0x37, 0x49, 0xB7, 0xC3, 0xC9, 0x73, 0xF6, 0x60, 0x39, 0xCF,
    0x97, 0xB0, 0x70, 0xA0, 0x6C, 0xD2, 0xCE, 0x17, 0xAA, 0xF1, 0xA3, 0xE4, 0xCD, 0xCF, 0x4F, 0xF2,
    0x50, 0xF4, 0x65, 0x93, 0x75, 0xB5, 0x2C, 0x1C, 0xC8, 0xC3, 0xBE, 0x22, 0xC4, 0x57, 0xD0, 0x23,
    0x65, 0x13, 0x65, 0x19, 0x0B, 0xC6, 0xD7, 0x7F, 0xD5, 0xA7, 0xDB, 0x7F, 0xD8, 0x00, 0xF8, 0x94,
    0xB4, 0xA7, 0xEE, 0x28, 0x3A, 0xF2, 0x10, 0x85, 0xA2, 0xA5, 0xFC, 0x97, 0xA3, 0xF2, 0xF5, 0xC5,
    0x75, 0xA1, 0x29, 0xDB, 0x87, 0xCA, 0xB0, 0xFF, 0xBD, 0xB4, 0x0B, 0x65, 0x73, 0xA8, 0x72, 0x68,
    0xDF, 0xC2, 0xA9, 0xFA, 0xB3, 0x5E, 0xBE, 0xC5, 0xDD, 0xEB, 0xCF, 0x04, 0xA1, 0x6C, 0xAE, 0xAE,
    0xB6, 0xF2, 0x5B, 0x0E, 0xB0, 0x8F, 0xC3, 0xA8, 0xA3, 0xF8, 0x40, 0xED, 0x9E, 0xF2, 0x75, 0x2F,
    0xDD, 0x36, 0x00, 0x1F, 0x60, 0x97, 0x74, 0x13, 0x05, 0x13, 0x46, 0x0C, 0xAA, 0xEF, 0x86, 0xE4,
    0xCD, 0xD3, 0xE1, 0xFF, 0x9C, 0x5F, 0xFE, 0xFF, 0x9E, 0x5F, 0x3D, 0x4A, 0xBE, 0x3B, 0x97, 0xB7,
    0x4B, 0xA5, 0xDA, 0x43, 0x0F, 0xEC, 0xA7, 0xA3, 0xC5, 0xCF, 0x59, 0xBD, 0xE4, 0x08, 0x07, 0x6E,
    0x7C, 0x39, 0x91, 0xCC, 0x0D, 0x60, 0x15, 0x24, 0xFF, 0xB5, 0x97, 0xFD, 0xF3, 0x5E, 0x99, 0x75,
    0xCA, 0xB4, 0xF1, 0x10, 0xFB, 0x64, 0xF3, 0x46, 0x72, 0xF9, 0x33, 0xCE, 0x70, 0x7A, 0xE3, 0x61,
    0x14, 0x92, 0xC1, 0x7B, 0x5F, 0x28, 0xAA, 0x91, 0xF5, 0x06, 0x20, 0xDD, 0xE6, 0xD4, 0x9F, 0xFD,
    0x92, 0xB3, 0x64, 0x64, 0x4C, 0x62, 0xBA, 0xC4, 0x84, 0x19, 0xB2, 0xD8, 0xCB, 0x3B, 0xA6, 0xAA,
    0x91, 0xFE, 0xD1, 0x44, 0x0E, 0x45, 0x83, 0x7C, 0x9E, 0xC8, 0xD7, 0x73, 0x63, 0x47, 0xD5, 0x5A,
    0x28, 0x22, 0x94, 0xD4, 0x8F, 0xCF, 0xF9, 0xD1, 0xFC, 0x12, 0x90, 0xB4, 0x54, 0x0D, 0x33, 0x96,
    0xA8, 0xB9, 0x71, 0xD9, 0xA2, 0xEE, 0x1D, 0x7D, 0x3D, 0xBA, 0x70, 0xEA, 0xCC, 0xA9, 0xD1, 0x64,
    0x88, 0x0E, 0x18, 0xA2, 0x07, 0x69, 0xFC, 0x16, 0xD4, 0x65, 0x51, 0xBA, 0x6A, 0xAC, 0xC6, 0xF5,
    0x66, 0xB5, 0x81, 0x8A, 0x65, 0xAB, 0x6E, 0xDC, 0x02, 0xF7, 0x24, 0x1B, 0xF9, 0x86, 0x89, 0xF1,
    0x26, 0xD9, 0x63, 0xBE, 0xCB, 0xBA, 0xD8, 0xAA, 0xF1, 0xED, 0x64, 0x2B, 0x71, 0xAC, 0x38, 0xD8,
    0x2D, 0xAE, 0xC7, 0x47, 0x03, 0xB2, 0x77, 0x43, 0x7B, 0xB3, 0x68, 0x03, 0xD9, 0xCD, 0xC2, 0xBD,
    0x9B, 0x80, 0x8D, 0x8F, 0x4B, 0x5E, 0xDD, 0xE7, 0xE8, 0x90, 0xAA, 0x83, 0x06, 0x69, 0x2B, 0x1A,
    0xC7, 0x0C, 0x4B, 0x78, 0x08, 0x07, 0xB0, 0x0F, 0x8B, 0x62, 0xE6, 0x30, 0x1D, 0x39, 0xCB, 0x5B,
    0xA6, 0x1D, 0x8C, 0x27, 0xF8, 0xEB, 0x40, 0x32, 0x47, 0xD6, 0x61, 0x22, 0xED, 0x8F, 0x88, 0x29,
    0x25, 0xEF, 0x8A, 0xA0, 0xFA, 0xA6, 0x18, 0xAC, 0x37, 0xCB, 0x09, 0xA4, 0x71, 0xFA, 0x66, 0x96,
    0x3C, 0xE4, 0xE0, 0x9D, 0x9D, 0x1B, 0xF7, 0xFD, 0x6F, 0x5E, 0x07, 0xBF, 0x55, 0x77, 0x55, 0x9F,
    0x5E, 0x7E, 0x3D, 0x7E, 0x39, 0xA5, 0x5B, 0x17, 0xCE, 0x6C, 0x9C, 0x39, 0x34, 0x99, 0x9C, 0x19,
    0x8C, 0xA6, 0x64, 0x88, 0x3A, 0x1D, 0xA2, 0x8E, 0xA1, 0x48, 0x86, 0x18, 0x8C, 0xF4, 0x0A, 0xA3,
    0x8E, 0x01, 0xB9, 0x3B, 0xC6, 0x90, 0x2C, 0xB7, 0x37, 0x16, 0xA3, 0xBD, 0x74, 0xEB, 0xD4, 0xC6,
    0xA9, 0xE9, 0x37, 0x07, 0x53, 0x35, 0x4A, 0xBE, 0xDD, 0xCA, 0x9B, 0xBA, 0xB9, 0xA3, 0x0C, 0x0F,
    0x14, 0x61, 0x21, 0x0F, 0x51, 0x8E, 0xE4, 0xED, 0x91, 0xA2, 0x59, 0x2A, 0xD5, 0xED, 0xAE, 0xF2,
    0xDB, 0x41, 0xB2, 0x6D, 0xB8, 0x5B, 0x8D, 0xCC, 0xFF, 0x7A, 0xCB, 0xD2, 0x92, 0x7D, 0x31, 0xFB,
    0x94, 0xAD, 0xC3, 0x08, 0x67, 0xCA, 0xC6, 0xA9, 0x8A, 0x49, 0x1D, 0x61, 0x5F, 0xB2, 0x31, 0x49,
    0xE6, 0x27, 0xBD, 0xF4, 0xCF, 0xB7, 0x64, 0x1D, 0xB2, 0x80, 0x3C, 0x42, 0xF5, 0x0D, 0xE6, 0x0D,
    0xDE, 0xAF, 0x56, 0x79, 0x57, 0xCB, 0x7F, 0xA8, 0x5A, 0x59, 0xAA, 0x55, 0x5F, 0xCF, 0xD2, 0xED,
    0xFF, 0xCE, 0x63, 0x1C, 0x8A, 0xEE, 0x29, 0xE7, 0x00, 0x3E, 0xAC, 0xDB, 0xF4, 0xF2, 0xCF, 0xBA,
    0x74, 0x9B, 0x75, 0x36, 0x59, 0x30, 0xBD, 0x93, 0x54, 0x3F, 0xB4, 0x1B, 0x2F, 0xB1, 0xFA, 0x95,
    0xEC, 0xDB, 0xB5, 0xBC, 0x29, 0x15, 0x4D, 0xD6, 0x14, 0x1D, 0xD9, 0xB6, 0x61, 0x35, 0x91, 0xAC,
    0xBD, 0x54, 0x79, 0xA6, 0xB4, 0x70, 0xDF, 0xF2, 0xCB, 0x53, 0x3B, 0xEB, 0x97, 0xE0, 0x53, 0xC9,
    0x4D, 0x94, 0xE3, 0x59, 0xFA, 0x5A, 0x11, 0xDE, 0x3B, 0x4D, 0x2A, 0x1E, 0xB2, 0xCF, 0xFE, 0x2D,
    0xCB, 0x49, 0xDD, 0x5A, 0x85, 0x55, 0x57, 0x85, 0x2A, 0x14, 0xF1, 0x6A, 0x8B, 0x36, 0xD6, 0xC3,
    0x52, 0x19, 0x6B, 0xA9, 0x5A, 0xE5, 0xA1, 0x87, 0xF6, 0x1D, 0x38, 0xB0, 0x56, 0x3F, 0x59, 0x87,
    0x62, 0x7A, 0x09, 0xD6, 0x43, 0x3D, 0x2C, 0xDB, 0xE2, 0x65, 0xD5, 0x7C, 0xA8, 0x6C, 0x7E, 0xAC,
    0x6C, 0xF7, 0x14, 0xE1, 0x99, 0x3C, 0x74, 0xB2, 0xFF, 0xDC, 0xCA, 0xFE, 0x82, 0xEC, 0x6F, 0x48,
    0x37, 0x24, 0x23, 0x7A, 0x96, 0x63, 0xB9, 0x29, 0x36, 0x55, 0x97, 0xF7, 0xE9, 0x37, 0x45, 0xC8,
    0xBA, 0xAC, 0x8D, 0xEB, 0x9B, 0xCB, 0xBA, 0xAA, 0xBF, 0x7D, 0x85, 0xFF, 0x60, 0xB8, 0x27, 0xEB,
    0xFF, 0xE9, 0xF0, 0x48, 0x3A, 0x74, 0xE3, 0x57, 0x92, 0xFF, 0xD9, 0x4E, 0x81, 0x5F, 0xBB, 0x68,
    0xD9, 0x5A, 0xE1, 0xCC, 0x11, 0x9E, 0x5B, 0x90, 0xCC, 0xFD, 0x3A, 0x58, 0x37, 0xFB, 0x8D, 0xBA,
    0x79, 0x46, 0xF9, 0xC7, 0x81, 0xEC, 0xBF, 0x89, 0x9C, 0x10, 0x21, 0xBB, 0xC0, 0xED, 0x1A, 0x8F,
    0xCA, 0x40, 0x97, 0x77, 0x71, 0x0B, 0x4D, 0x96, 0x43, 0x7D, 0xA9, 0xDE, 0x94, 0x9B, 0xF8, 0xFD,
    0x2E, 0xEF, 0xB2, 0x36, 0xEB, 0x0B, 0xE9, 0x15, 0x7D, 0x32, 0xEC, 0x31, 0x9E, 0xF0, 0x26, 0xB0,
    0x6E, 0x58, 0x61, 0x81, 0x57, 0xE8, 0xC9, 0x02, 0x45, 0xC3, 0x1D, 0x2C, 0xF0, 0x29, 0x00, 0xAC,
    0xE6, 0x29, 0xF9, 0xF6, 0xB3, 0x3E, 0x6B, 0xCA, 0x36, 0x1E, 0x28, 0x4C, 0x64, 0x3D, 0x55, 0xCB,
    0xD1, 0xF5, 0xB9, 0xD9, 0xF9, 0xA2, 0x6A, 0x92, 0x70, 0xFC, 0xF8, 0x69, 0x73, 0x7D, 0x46, 0x4A,
    0x86, 0x68, 0x72, 0x87, 0x07, 0xB1, 0xB9, 0x4F, 0x49, 0xD9, 0x88, 0x8D, 0x07, 0x71, 0xDC, 0xB2,
    0xF1, 0x77, 0x7B, 0x4E, 0xAF, 0x0F, 0x64, 0xA3, 0xB4, 0x97, 0x07, 0x05, 0x77, 0x28, 0x23, 0x0D,
    0xD8, 0xF3, 0xDC, 0x33, 0x27, 0x06, 0xBD, 0x2E, 0x09, 0x69, 0xC8, 0x42, 0xD6, 0x66, 0x4D, 0xAE,
    0x50, 0xBA, 0xE3, 0xB6, 0x7B, 0x76, 0x2D, 0xEC, 0x79, 0xE4, 0xB9, 0x8F, 0xC0, 0x3E, 0x77, 0x1B,
    0x59, 0x2B, 0x8B, 0x74, 0x91, 0x7D, 0xC1, 0xC8, 0x70, 0xD3, 0xF6, 0x29, 0x06, 0x47, 0x4D, 0xDA,
    0x89, 0x8C, 0x6D, 0x6C, 0x79, 0x90, 0x05, 0x69, 0x44, 0x79, 0xEB, 0x08, 0x40, 0x3E, 0xB9, 0x75,
    0xFF, 0x73, 0xF7, 0xF6, 0xF2, 0xB0, 0xF7, 0x2C, 0x19, 0x4E, 0xBE, 0xB0, 0xEA, 0xE0, 0x7F, 0x01,
    0xBD, 0xD9, 0x01, 0x84, 0x65, 0x69, 0x7E, 0xF7, 0xF1, 0xCF, 0x39, 0x4F, 0x4F, 0x9F, 0x9D, 0x39,
    0xD3, 0x75, 0xDA, 0xEB, 0x7D, 0xBD, 0x4B, 0x57, 0xCF, 0x19, 0x6C, 0x98, 0x95, 0xEA, 0x39, 0x8D,
    0x0E, 0xB5, 0xDC, 0xAA, 0x7B, 0x32, 0x83, 0x45, 0x48, 0x1A, 0x66, 0x82, 0x21, 0x33, 0x80, 0x60,
    0x33, 0x5D, 0x68, 0x4C, 0xA2, 0xBA, 0xEF, 0x99, 0x0C, 0x59, 0x04, 0x1A, 0x22, 0x80, 0x34, 0x04,
    0x08, 0x29, 0x34, 0x1A, 0xD5, 0x53, 0x4F, 0x76, 0xB1, 0x40, 0x72, 0x22, 0x99, 0x0D, 0x56, 0xD6,
    0x49, 0x32, 0x93, 0x25, 0x22, 0x7B, 0x92, 0x9C, 0x91, 0xD3, 0x72, 0xAB, 0x4E, 0xEE, 0x19, 0x5D,
    0x32, 0x22, 0x11, 0x9B, 0xDE, 0x94, 0xE7, 0xF9, 0x7F, 0x1F, 0xB8, 0xFF, 0xDF, 0xEF, 0xF7, 0x3C,
    0xFE, 0xAE, 0xBA, 0x0A, 0x8F, 0xD2, 0x75, 0xB2, 0xF6, 0x1E, 0x9A, 0x34, 0x86, 0xCD, 0xCA, 0x9A,
    0xBC, 0x2E, 0xEA, 0x42, 0xA9, 0xB2, 0xB4, 0x32, 0x39, 0xB3, 0x4B, 0x12, 0x49, 0x23, 0x21, 0x52,
    0x8D, 0x92, 0x6E, 0x5F, 0xD6, 0x94, 0x0A, 0x65, 0xFD, 0xBA, 0xFF, 0x6B, 0x81, 0x43, 0x1C, 0x3F,
    0xAB, 0x43, 0x97, 0xEC, 0xFB, 0xAA, 0xF2, 0xC3, 0x87, 0xF2, 0xA9, 0xE6, 0x03, 0xDC, 0xC5, 0x11,
    0xDC, 0x19, 0x3A, 0xE1, 0xF3, 0x3B, 0xBD, 0xA2, 0xCE, 0x7A, 0xAF, 0x4B, 0x06, 0x7B, 0x3C, 0x9E,
    0x71, 0xCB, 0x3E, 0x54, 0x50, 0x34, 0xC8, 0x23, 0x61, 0x9A, 0xCE, 0xC8, 0x5A, 0x64, 0x11, 0x79,
    0x83, 0x82, 0xDA, 0x9E, 0x24, 0x1A, 0xE4, 0x75, 0xF6, 0xC9, 0x5B, 0x1F, 0x3B, 0x99, 0xA6, 0xB5,
    0x84, 0xAB, 0x79, 0xED, 0x71, 0xF8, 0xC1, 0xBF, 0x74, 0xC9, 0xD3, 0x55, 0x9D, 0xB4, 0xB9, 0xD0,
    0x64, 0xBE, 0x58, 0x72, 0x59, 0x7D, 0x5D, 0x68, 0x8F, 0x95, 0xD3, 0x3F, 0x78, 0xAC, 0xA8, 0x6F,
    0x4B, 0x2D, 0xA7, 0x58, 0x4E, 0xE5, 0x59, 0x9D, 0x0D, 0x61, 0x94, 0x35, 0xC9, 0x5A, 0xC1, 0xA9,
    0x05, 0x2B, 0x47, 0x2C, 0xDF, 0x88, 0x94, 0xDF, 0xAB, 0x55, 0xD3, 0x8F, 0xA7, 0x46, 0x36, 0x22,
    0xF4, 0xCF, 0xB0, 0x9A, 0xA6, 0x89, 0xBC, 0x43, 0x1E, 0x51, 0x9C, 0xC3, 0xAA, 0x23, 0x9D, 0x46,
    0xEC, 0xBA, 0xEB, 0xC0, 0x91, 0x5E, 0xA7, 0x4D, 0x62, 0x1A, 0x01, 0x78, 0xC1, 0x96, 0x2B, 0xAE,
    0xDB, 0xB1, 0xB0, 0xEB, 0x96, 0xBB, 0xAE, 0xA2, 0x1A, 0x0F, 0xA4, 0x4F, 0xEF, 0x0C, 0x8A, 0x98,
    0x8E, 0x4A, 0x8E, 0x2D, 0x59, 0xCC, 0xD8, 0xB6, 0x6C, 0x50, 0xF6, 0x28, 0xA6, 0x86, 0x6A, 0x3A,
    0xE5, 0xF8, 0xDA, 0x14, 0x8D, 0xEE, 0xF4, 0xC9, 0x20, 0x0C, 0xC9, 0x68, 0xB3, 0xCF, 0x18, 0x9C,
    0x74, 0x49, 0xAF, 0x9A, 0xDE, 0xEC, 0xA4, 0xD3, 0xD4, 0x70, 0x6D, 0x82, 0x55, 0x73, 0x97, 0x22,
    0x1E, 0x92, 0xC7, 0x7D, 0x8A, 0x58, 0xD5, 0x8A, 0xBA, 0x6C, 0xED, 0x2B, 0x9E, 0x26, 0xA3, 0xFC,
    0x9D, 0xA9, 0x01, 0x50, 0xA5, 0xFD, 0xF2, 0xA3, 0xA1, 0x7A, 0xA3, 0xBF, 0xA4, 0x06, 0x2E, 0x4F,
    0x0F, 0xB8, 0xFF, 0xD6, 0x13, 0x49, 0x27, 0x6B, 0xB2, 0x9A, 0xF6, 0x8A, 0x55, 0xBC, 0xF9, 0x5A,
    0xFA, 0x59, 0xBF, 0x73, 0x33, 0xAF, 0xFB, 0x97, 0x0F, 0x0A, 0x0F, 0x5E, 0x7C, 0x78, 0x9D, 0xCB,
    0x0F, 0x77, 0xCE, 0xF1, 0xDE, 0x75, 0xF5, 0x4B, 0x37, 0x8B, 0x37, 0x9A, 0x97, 0x77, 0xB3, 0x53,
    0xDB, 0x2F, 0xE3, 0x56, 0x8E, 0x2E, 0x6D, 0x65, 0x8D, 0x7B, 0xEE, 0x93, 0x4F, 0x1D, 0xE0, 0xCE,
    0x87, 0xA1, 0x79, 0x52, 0xD8, 0xBB, 0x61, 0xB1, 0x98, 0xF7, 0xEE, 0xA1, 0xBB, 0x87, 0x1E, 0x2D,
    0xF4, 0xD5, 0xE5, 0x75, 0xF6, 0xF9, 0xA7, 0x70, 0xC9, 0x6D, 0x8B, 0xA4, 0xD5, 0xE5, 0x75, 0xD6,
    0x2C, 0xBC, 0xAE, 0xF7, 0x28, 0x44, 0x8F, 0x37, 0x75, 0x43, 0x2F, 0xAF, 0x77, 0xA5, 0x71, 0x8B,
    0xA3, 0x50, 0x03, 0x2C, 0xA7, 0x69, 0x74, 0x3E, 0x8F, 0x1C, 0xE0, 0x08, 0x3D, 0x3A, 0xB4, 0xFF,
    0xF5, 0x05, 0xD3, 0xBF, 0x6B, 0x6E, 0xBE, 0x96, 0xB4, 0x47, 0x3B, 0x37, 0x93, 0x78, 0xEB, 0xE5,
    0x83, 0x34, 0x1E, 0xBC, 0xF8, 0x30, 0x7C, 0xD8, 0x5D, 0x7E, 0x18, 0xA6, 0x7A, 0x83, 0x6F, 0xD7,
    0x97, 0xDF, 0xCB, 0x42, 0x7C, 0xE9, 0x66, 0x9E, 0xB4, 0x2F, 0xEF, 0x56, 0xBF, 0xD5, 0xFF, 0x77,
    0x17, 0xB4, 0x9A, 0x40, 0xBA, 0xB6, 0xF5, 0xAE, 0xD7, 0xB2, 0xF9, 0xB3, 0x8B, 0xEB, 0x8A, 0x01,
    0xB8, 0x04, 0x3B, 0xE7, 0xB0, 0x0B, 0xB7, 0xE0, 0x2E, 0xD9, 0x3C, 0x73, 0xF4, 0xD0, 0x9D, 0x43,
    0x8B, 0x24, 0xCE, 0x68, 0x00, 0xFF, 0xEF, 0xAD, 0xB7, 0x6E, 0xCF, 0x37, 0x1E, 0xC0, 0xAA, 0x4D,
    0x3F, 0xE9, 0xB3, 0xFA, 0x28, 0xD7, 0xA7, 0x49, 0x2B, 0xAB, 0xBD, 0xC6, 0x03, 0x97, 0xDD, 0xFC,
    0xFA, 0xDB, 0xED, 0x6A, 0xAA, 0xE1, 0xA4, 0x0E, 0xBF, 0x1B, 0xF3, 0x34, 0xE6, 0x59, 0xED, 0xD7,
    0xA4, 0x27, 0xB5, 0x10, 0x85, 0x56, 0x16, 0x7F, 0xE6, 0x8E, 0xEA, 0x53, 0x49, 0x1B, 0xDA, 0xA2,
    0xB9, 0xE1, 0x55, 0x69, 0x5F, 0xF5, 0xA1, 0xCB, 0xBB, 0xD0, 0x6E, 0x56, 0x0C, 0x6D, 0x16, 0x43,
    0xCC, 0x63, 0x16, 0xF3, 0x26, 0x6F, 0x8A, 0x7A, 0xB3, 0xE6, 0x81, 0x32, 0xAF, 0x55, 0x53, 0xFD,
    0xC5, 0x1F, 0x76, 0xCB, 0xF1, 0x6B, 0x16, 0x38, 0x7C, 0x56, 0x8F, 0x31, 0x00, 0x92, 0x93, 0xA9,
    0xCF, 0xA7, 0x42, 0x35, 0x6D, 0x59, 0x9E, 0x5D, 0xB1, 0x3C, 0xDD, 0xB6, 0x5C, 0xEF, 0xA8, 0xD6,
    0xBB, 0x2E, 0x1F, 0xEF, 0xB2, 0x7B, 0x8B, 0x5B, 0x07, 0x1C, 0x1C, 0x71, 0xF0, 0x90, 0xA3, 0x8E,
    0xAE, 0xE5, 0x4F, 0x23, 0xDF, 0x89, 0x92, 0x4D, 0xA5, 0xDF, 0x6D, 0x84, 0x8F, 0x6A, 0xE1, 0x9B,
    0xA4, 0x97, 0xB9, 0x64, 0x69, 0x55, 0x57, 0x2E, 0xD1, 0x84, 0xBA, 0x18, 0x92, 0x43, 0x3B, 0xB7,
    0x3F, 0x58, 0x75, 0xE0, 0x5B, 0x45, 0x7F, 0xB9, 0x4B, 0xDA, 0x34, 0x7E, 0xF1, 0xA5, 0xD7, 0x64,
    0x75, 0xF9, 0x60, 0xEA, 0xDD, 0x69, 0xD2, 0x37, 0xFA, 0x2B, 0xC6, 0x6D, 0x87, 0x8B, 0xF3, 0xA9,
    0x5B, 0xB8, 0xB5, 0xEF, 0xE1, 0x66, 0x68, 0xD3, 0xA7, 0xAE, 0xAA, 0x6D, 0xEB, 0xE4, 0xE6, 0xB9,
    0x7A, 0x85, 0x3E, 0x6B, 0x2C, 0xD2, 0xD6, 0x07, 0xA1, 0x4D, 0xBB, 0xC2, 0x3C, 0x6F, 0x3B, 0x49,
    0xA7, 0xCF, 0x6A, 0x00, 0x24, 0x0F, 0x30, 0xD5, 0x28, 0x79, 0x49, 0xC1, 0x8E, 0x2D, 0x8E, 0x5C,
    0x97, 0x44, 0x3B, 0x32, 0x16, 0xB6, 0x67, 0x1C, 0x48, 0x9E, 0x24, 0x51, 0x36, 0x7D, 0x33, 0xC1,
    0x76, 0x16, 0x39, 0xD8, 0x20, 0x89, 0x79, 0x2D, 0x78, 0x85, 0x97, 0xED, 0x72, 0x4B, 0x47, 0x1B,
    0x3E, 0x6A, 0x42, 0xBD, 0x95, 0xD5, 0x57, 0xEC, 0xBD, 0x73, 0xFB, 0x96, 0xD5, 0x34, 0xA0, 0x80,
    0x2D, 0xB8, 0xE2, 0xCB, 0xEE, 0xB3, 0xFD, 0xB9, 0xBF, 0x39, 0x00, 0x73, 0x02, 0xE6, 0x08, 0xCC,
    0x19, 0x9E, 0x85, 0x30, 0xA7, 0x30, 0xC7, 0x30, 0xE7, 0xC8, 0x47, 0x6C, 0xEF, 0xDD, 0xC1, 0xC1,
    0x51, 0x41, 0x12, 0xFB, 0x2D, 0x82, 0xF7, 0x76, 0x78, 0x99, 0x23, 0x6E, 0x49, 0x1B, 0x5A, 0x5F,
    0x25, 0xD4, 0x1E, 0xA4, 0xAE, 0x08, 0xBF, 0xF3, 0x2D, 0xB7, 0xE4, 0x73, 0x22, 0x90, 0x0F, 0xF8,
    0xC6, 0x21, 0x8E, 0x76, 0xBC, 0xE4, 0xE8, 0xAE, 0x1D, 0x97, 0x5B, 0x47, 0x7E, 0x76, 0x48, 0x22,
    0x8B, 0x0C, 0x7B, 0xDB, 0x38, 0x3C, 0x90, 0xBE, 0xFD, 0x8F, 0x51, 0x7A, 0xF6, 0xD3, 0x7B, 0x80,
    0x57, 0xB0, 0xAA, 0x59, 0xE2, 0x2B, 0x00, 0x58, 0xE0, 0x03, 0xF4, 0x84, 0x96, 0xAA, 0x66, 0x4D,
    0xE8, 0x29, 0x22, 0x65, 0x5D, 0xD4, 0x4B, 0x73, 0x95, 0x2A, 0xFB, 0x8A, 0x0F, 0xD7, 0xD2, 0xA9,
    0x05, 0xE4, 0xF5, 0x8C, 0x88, 0xD0, 0xC1, 0x63, 0xBE, 0x2C, 0xFE, 0x04, 0xC9, 0x29, 0xC2, 0xC7,
    0xC8, 0x96, 0xB8, 0x52, 0xE1, 0xB5, 0xD9, 0xE4, 0x66, 0x59, 0xF3, 0xB0, 0x68, 0x24, 0xB1, 0x88,
    0x42, 0xBD, 0x41, 0x26, 0x8F, 0x8A, 0x69, 0x6A, 0x7D, 0xFD, 0xAD, 0x5F, 0xEE, 0xDC, 0x14, 0x7A,
    0xDD, 0x06, 0x49, 0xDC, 0x20, 0x34, 0xC2, 0x50, 0xB6, 0xAE, 0xAD, 0x97, 0xA3, 0xD5, 0x19, 0x92,
    0x16, 0x61, 0x46, 0xD1, 0x60, 0x0F, 0x5E, 0xBD, 0x28, 0x73, 0xB0, 0x85, 0xE4, 0xA4, 0x25, 0xFB,
    0xE7, 0x9E, 0xEC, 0xC3, 0xFE, 0x02, 0xCD, 0x93, 0x61, 0x97, 0xF0, 0x07, 0xBB, 0xE4, 0x5B, 0x77,
    0xC9, 0xB3, 0x0E, 0x5C, 0x60, 0x82, 0x3C, 0x1E, 0x53, 0xB4, 0xA7, 0x14, 0x71, 0x4D, 0xE2, 0xEA,
    0x05, 0x9A, 0x9B, 0xA5, 0xFC, 0x28, 0x92, 0x7C, 0x67, 0xC6, 0x9F, 0x35, 0x98, 0x2E, 0xC0, 0x97,
    0xB9, 0x63, 0xAA, 0x11, 0xCE, 0x5C, 0x8B, 0x08, 0xA7, 0xD2, 0x88, 0xAD, 0x63, 0x5A, 0xBC, 0xB6,
    0x06, 0x8E, 0x46, 0x90, 0xFC, 0xD1, 0x98, 0x34, 0x08, 0x3F, 0x3F, 0x64, 0x35, 0xB6, 0xD2, 0xB9,
    0x9D, 0x9D, 0xD0, 0x97, 0x70, 0x10, 0xBA, 0x0C, 0xA6, 0xA9, 0x4B, 0x10, 0x9A, 0xBC, 0x85, 0x5C,
    0x1E, 0xA9, 0x6D, 0x2B, 0xE2, 0xAC, 0x7F, 0x6B, 0x3E, 0x73, 0x3A, 0x65, 0x74, 0x43, 0xD6, 0x59,
    0xB5, 0x97, 0x47, 0xCB, 0x31, 0x6C, 0xE2, 0xF4, 0x28, 0xCF, 0x48, 0x9F, 0xBE, 0xD3, 0x2A, 0x63,
    0xD2, 0x5B, 0x31, 0x5A, 0x73, 0x1C, 0x06, 0x8E, 0xB3, 0x7E, 0xBE, 0x7B, 0x8B, 0x22, 0x32, 0x2B,
    0x50, 0x35, 0x5F, 0xC6, 0xD5, 0x2A, 0x72, 0x50, 0x46, 0x62, 0xD1, 0x0A, 0x75, 0xD6, 0xBB, 0x2E,
    0x39, 0x7B, 0xBB, 0xE7, 0xDA, 0x59, 0x4D, 0xD2, 0x20, 0x1F, 0xE1, 0x7D, 0xD8, 0xC2, 0xD7, 0x76,
    0xB0, 0x1C, 0x00, 0x2C, 0x60, 0x1F, 0xCA, 0x1A, 0xA1, 0x85, 0xF7, 0x00, 0x73, 0x4A, 0x77, 0x3E,
    0x79, 0x7B, 0x50, 0x44, 0xBB, 0x8A, 0xC6, 0x8E, 0xB2, 0x46, 0x09, 0x95, 0x9B, 0x2C, 0x1D, 0xB1,
    0x9C, 0x7A, 0xEE, 0xBF, 0xD5, 0x71, 0x4F, 0xCB, 0xB1, 0x9A, 0x35, 0x8C, 0x7C, 0x2D, 0x19, 0x39,
    0x48, 0x06, 0xBA, 0x30, 0xC8, 0x62, 0x7E, 0xFA, 0xD6, 0x89, 0xD5, 0x34, 0x9D, 0x42, 0x01, 0x15,
    0xDC, 0x43, 0xD2, 0x23, 0xAD, 0x2F, 0xCA, 0x1C, 0x3C, 0x42, 0x76, 0x86, 0xE5, 0xBB, 0x91, 0xBD,
    0xBC, 0xBE, 0x40, 0xF3, 0xBD, 0xD0, 0x72, 0x92, 0xCF, 0x0A, 0x59, 0xC7, 0xA5, 0xE4, 0x62, 0xCC,
    0xEF, 0x72, 0x48, 0x45, 0x16, 0x79, 0x00, 0x27, 0x67, 0xAA, 0xD9, 0xCC, 0xBC, 0x9B, 0xD9, 0xAB,
    0x62, 0xC9, 0x92, 0x7D, 0xEE, 0x71, 0xCC, 0x9A, 0x35, 0xA3, 0x64, 0x10, 0x06, 0xD7, 0x4E, 0x2D,
    0x27, 0x6C, 0x61, 0x1F, 0xC7, 0xA4, 0x1D, 0x29, 0x9E, 0x09, 0xCE, 0x8A, 0x8A, 0xF8, 0xAC, 0x1A,
    0xB3, 0xAA, 0x0A, 0xCB, 0x67, 0xB5, 0x8F, 0x7B, 0x38, 0xC6, 0xFA, 0x59, 0x8D, 0x66, 0xFD, 0xD9,
    0x60, 0x76, 0x30, 0x5B, 0x00, 0x47, 0xE4, 0x67, 0x2C, 0x97, 0xB5, 0xDD, 0xE2, 0x7F, 0xC7, 0xE3,
    0x30, 0x8B, 0xCE, 0x8A, 0xCE, 0x93, 0xBC, 0x75, 0x35, 0xF9, 0xE9, 0x7B, 0x4C, 0xD3, 0xC8, 0x9D,
    0x4F, 0x4E, 0x1A, 0x45, 0xCC, 0x7A, 0x45, 0x93, 0x8E, 0xCA, 0xC6, 0x7A, 0x16, 0x7C, 0xA2, 0xE2,
    0xBE, 0xE5, 0x8C, 0xFD, 0x0D, 0x8A, 0x69, 0x8A, 0x4F, 0x3C, 0x61, 0xED, 0x78, 0xC6, 0x5A, 0x3A,
    0x18, 0x85, 0x3E, 0x19, 0xE5, 0x31, 0x1D, 0x54, 0x75, 0xE8, 0x9D, 0x2A, 0x9F, 0xBE, 0xDB, 0x59,
    0x4D, 0x67, 0x00, 0x70, 0x7C, 0x05, 0xD2, 0x1F, 0xCE, 0x87, 0xF0, 0xED, 0x1D, 0x08, 0x1F, 0x0D,
    0x00, 0x00, 0xE6, 0x20, 0x13, 0x55, 0x2B, 0x1B, 0x29, 0x7A, 0x69, 0x47, 0x31, 0x4A, 0x23, 0xAF,
    0xAC, 0xCD, 0xC7, 0xCE, 0xC7, 0xC2, 0x7C, 0x2C, 0xEB, 0xD0, 0xB0, 0x28, 0x63, 0x56, 0xB3, 0x5B,
    0xB4, 0x39, 0xEE, 0x86, 0x3E, 0xC7, 0x51, 0x3A, 0x16, 0x38, 0xB2, 0xDE, 0x42, 0xEF, 0xFE, 0x75,
    0x74, 0x96, 0xDF, 0x22, 0x69, 0x95, 0x7F, 0x6F, 0x16, 0xCA, 0xD7, 0x84, 0x28, 0x8C, 0x94, 0x9F,
    0x4A, 0x07, 0x56, 0x6B, 0x7A, 0x78, 0x04, 0xC7, 0xB0, 0x0F, 0x79, 0x03, 0x33, 0xC0, 0x6A, 0x20,
    0xFF, 0x6C, 0x55, 0xBB, 0x27, 0x6F, 0x93, 0x5E, 0xE8, 0x43, 0x2B, 0x19, 0x8B, 0x86, 0x75, 0x59,
    0x73, 0xBA, 0x74, 0x8E, 0xFB, 0x58, 0x7F, 0x7C, 0x8E, 0xF1, 0x3E, 0xE9, 0xB0, 0x22, 0x74, 0x4B,
    0xF2, 0x58, 0x36, 0x4A, 0x79, 0xEB, 0x78, 0xFE, 0xBA, 0xED, 0xA8, 0x9E, 0x82, 0xEB, 0xB0, 0x07,
    0x23, 0x42, 0x8B, 0xD4, 0x45, 0x99, 0x43, 0xD2, 0x61, 0x1E, 0x11, 0xAB, 0x25, 0x3E, 0x28, 0x2F,
    0xD2, 0xBC, 0x7C, 0xB3, 0xE1, 0x37, 0xBE, 0xDB, 0x70, 0xF4, 0xA3, 0x9A, 0xA3, 0xFB, 0xE0, 0x22,
    0x13, 0x1C, 0xE7, 0x91, 0xD3, 0xA2, 0x65, 0x5D, 0x44, 0xAE, 0x26, 0x17, 0x62, 0x1E, 0x6A, 0xAF,
    0x85, 0xE8, 0x71, 0xD2, 0xA5, 0x9D, 0x47, 0x45, 0x63, 0xB1, 0x47, 0x31, 0x3B, 0x46, 0xAA, 0x8E,
    0x71, 0x10, 0xBA, 0x85, 0xB2, 0x2E, 0x1D, 0xCA, 0x9A, 0x9B, 0xD2, 0x1A, 0xB7, 0xE0, 0x00, 0x8E,
    0xCE, 0x13, 0xFE, 0xED, 0x54, 0xBB, 0x97, 0xFE, 0xC9, 0x26, 0x61, 0xF8, 0x68, 0x93, 0x30, 0x9B,
    0x13, 0x16, 0x73, 0xC2, 0x2B, 0x73, 0xB8, 0x9D, 0x19, 0xBB, 0x73, 0xC2, 0xBB, 0x4E, 0x3F, 0x76,
    0x34, 0x27, 0x6C, 0x37, 0x09, 0xD3, 0xB8, 0x49, 0x18, 0x9A, 0x4D, 0xC2, 0xAC, 0xDE, 0x24, 0xFC,
    0x6D, 0xA5, 0xFC, 0x87, 0x0E, 0x25, 0x67, 0x73, 0xC2, 0xE5, 0xD3, 0x73, 0xAF, 0xAB, 0x90, 0xB6,
    0x33, 0x7A, 0x18, 0xE1, 0x75, 0x48, 0x01, 0xCB, 0xA9, 0xAE, 0x4E, 0xAF, 0x9D, 0xCA, 0x87, 0xD0,
    0x0B, 0x31, 0xEB, 0x84, 0x26, 0x6B, 0x85, 0x8D, 0xAC, 0xAC, 0x2E, 0xA2, 0xDC, 0x06, 0x85, 0xB2,
    0xB1, 0xA5, 0xAC, 0x5D, 0x51, 0x71, 0xDD, 0x92, 0x9D, 0x19, 0x0B, 0xFB, 0xEC, 0xCE, 0x38, 0xB2,
    0xA4, 0x53, 0xD5, 0x21, 0x2A, 0x3E, 0x7B, 0x9F, 0xE4, 0xA4, 0x03, 0x77, 0x61, 0x40, 0xE8, 0x50,
    0xD4, 0xF8, 0xCA, 0x85, 0x99, 0x43, 0xD6, 0xE0, 0xCE, 0x40, 0xB2, 0x5E, 0x93, 0x74, 0x87, 0x17,
    0x68, 0x9E, 0xF6, 0x15, 0x61, 0x58, 0xD6, 0x42, 0xBF, 0x44, 0x7D, 0xE9, 0xA2, 0xCC, 0x17, 0x70,
    0x8C, 0x64, 0x40, 0x16, 0xF1, 0x22, 0x60, 0x35, 0xC5, 0xF2, 0xAC, 0x9C, 0xCD, 0xB3, 0x51, 0xD6,
    0xA4, 0xA3, 0x2D, 0xD6, 0x16, 0xCC, 0x23, 0x66, 0x99, 0xB4, 0x54, 0x6F, 0xD6, 0x14, 0x7F, 0x8C,
    0x7C, 0x8D, 0xAC, 0x47, 0xE8, 0x90, 0xB5, 0xC8, 0x67, 0x14, 0xF1, 0x1C, 0x65, 0xC4, 0xAA, 0x25,
    0x4C, 0x23, 0xA6, 0x35, 0xEE, 0xFC, 0xB9, 0xF3, 0x8F, 0x4C, 0xA7, 0x94, 0x1F, 0xAE, 0x1A, 0x55,
    0x5D, 0xB4, 0x2A, 0x59, 0x67, 0x39, 0x8B, 0xED, 0xCB, 0x3A, 0xF7, 0x67, 0xB1, 0x27, 0x8A, 0xE8,
    0xD8, 0x92, 0x75, 0xB2, 0x66, 0x9A, 0x1E, 0x48, 0x46, 0xA4, 0x03, 0xC2, 0x8C, 0x6B, 0x4F, 0xCD,
    0xC1, 0xC1, 0xB5, 0x33, 0x3C, 0x7D, 0x37, 0x0A, 0x5D, 0x68, 0x65, 0x71, 0x83, 0xE2, 0x8B, 0xFB,
    0x2B, 0x6A, 0xA5, 0xC7, 0x54, 0x59, 0xCD, 0x7E, 0x8E, 0xBD, 0xAC, 0x63, 0xE1, 0x63, 0x0E, 0xCD,
    0x1E, 0x42, 0x6B, 0x9C, 0x31, 0xCC, 0xE8, 0x65, 0x31, 0xED, 0xEB, 0xA2, 0xF9, 0xFF, 0xFD, 0xE7,
    0xF7, 0x2D, 0xBB, 0xEA, 0x53, 0x16, 0xD8, 0x47, 0xD1, 0x90, 0xB6, 0x78, 0x15, 0x28, 0x87, 0xAB,
    0xC9, 0xD3, 0xF7, 0x8F, 0xB2, 0x98, 0x77, 0x1B, 0xB7, 0xB6, 0x12, 0xE2, 0xBE, 0x2C, 0xEE, 0xC9,
    0xE3, 0xA1, 0xBC, 0xB9, 0xA7, 0xA8, 0xE7, 0x5A, 0xAA, 0xEA, 0xF2, 0xFB, 0x3F, 0xEE, 0xD2, 0xB3,
    0x6F, 0xD4, 0x40, 0x8E, 0x12, 0x7B, 0x18, 0x48, 0xEA, 0xE7, 0xD4, 0x83, 0xBB, 0x64, 0x53, 0xAD,
    0xFA, 0xBD, 0xE8, 0x46, 0xD6, 0x3C, 0xB7, 0x5E, 0x1E, 0x5B, 0xD7, 0x1F, 0xB6, 0x16, 0x3F, 0x17,
    0xED, 0x56, 0x35, 0x9E, 0x3F, 0xE3, 0x7E, 0xE8, 0xAC, 0xB2, 0xDE, 0x32, 0xF4, 0x2E, 0xA9, 0x9F,
    0x5B, 0xCF, 0x13, 0xC2, 0x0F, 0xC8, 0x32, 0xB2, 0x5F, 0x22, 0x8C, 0xCF, 0x97, 0xB1, 0x1C, 0xFE,
    0xCF, 0x59, 0xBD, 0xE9, 0x3C, 0x79, 0xA7, 0xDD, 0xF4, 0x8E, 0x61, 0xEE, 0xEE, 0xD3, 0xAE, 0x32,
    0x4F, 0xD5, 0xAC, 0xF0, 0xBA, 0x3D, 0xC5, 0xF7, 0x5A, 0x87, 0x8A, 0xA7, 0x6C, 0x34, 0xA2, 0x99,
    0xAD, 0xDB, 0x4B, 0x55, 0x9F, 0x34, 0x1B, 0xB5, 0xD3, 0x5F, 0xB1, 0xD1, 0xBB, 0xF3, 0x29, 0xC0,
    0xB5, 0x91, 0xA7, 0x2B, 0x21, 0x16, 0xF5, 0x66, 0x35, 0xA5, 0x17, 0xED, 0x63, 0x0F, 0x87, 0xD8,
    0x33, 0xD7, 0x0B, 0x2A, 0xDB, 0x8A, 0x4F, 0x3A, 0xE9, 0x59, 0xCD, 0x7B, 0x24, 0x67, 0xB8, 0xD6,
    0x10, 0x1A, 0x2F, 0xE6, 0x14, 0xA7, 0x80, 0x1E, 0x23, 0xEE, 0xA1, 0x40, 0x52, 0x03, 0xD5, 0x20,
    0xF9, 0xFC, 0x89, 0xAC, 0x59, 0x2A, 0x54, 0x5E, 0x77, 0xC3, 0x5E, 0x3A, 0x58, 0xBC, 0xCF, 0xEA,
    0x01, 0xF7, 0xB0, 0xEF, 0xDC, 0xE7, 0x48, 0x32, 0xD5, 0x58, 0xE0, 0x98, 0x64, 0x20, 0x8B, 0xBC,
    0xE8, 0x39, 0xB4, 0x90, 0xB6, 0x94, 0x23, 0xA7, 0xF7, 0x19, 0x6E, 0x3C, 0x9F, 0xD6, 0x50, 0xD6,
    0xE9, 0xBA, 0x8A, 0xC9, 0x58, 0x36, 0xAE, 0xBE, 0xF0, 0x3F, 0xD6, 0xCA, 0x9A, 0xD0, 0xA6, 0xBD,
    0x43, 0xB3, 0xC4, 0x76, 0xB2, 0xCE, 0xD6, 0x46, 0x83, 0x3E, 0xE9, 0xD3, 0x3E, 0xED, 0x42, 0x1B,
    0xDA, 0x72, 0x38, 0x59, 0xD3, 0x09, 0x9D, 0x3C, 0x7A, 0x85, 0x57, 0xC1, 0xB6, 0x64, 0x2D, 0x5B,
    0x33, 0x32, 0xD0, 0x4B, 0x7A, 0xE9, 0x66, 0x77, 0x42, 0x3B, 0xEF, 0x72, 0x30, 0xF7, 0x21, 0xE7,
    0xA4, 0x0B, 0xFF, 0x34, 0x86, 0xD8, 0xFF, 0x44, 0x8D, 0x59, 0x3C, 0x2C, 0xBA, 0xB3, 0xBC, 0x7D,
    0x92, 0xB8, 0xFA, 0x13, 0x34, 0xDE, 0xBE, 0xC4, 0xF4, 0xAB, 0xE4, 0x3D, 0x61, 0x24, 0xBF, 0xC7,
    0x76, 0x85, 0xA2, 0x26, 0x6F, 0x94, 0xFF, 0x1A, 0x93, 0xCF, 0x4E, 0x62, 0xD6, 0x54, 0x6D, 0xA1,
    0x68, 0x6F, 0xC8, 0xDB, 0x3D, 0x59, 0x5C, 0x6C, 0xEA, 0x9E, 0xAC, 0xB9, 0x27, 0xAF, 0x97, 0x0A,
    0x55, 0xBD, 0xA3, 0xF8, 0xAC, 0x97, 0x9C, 0xD5, 0x80, 0x71, 0x5B, 0xF8, 0xCB, 0x1D, 0xD9, 0x2F,
    0xEC, 0xCA, 0xDE, 0xEC, 0x01, 0xBC, 0x58, 0xB5, 0xE9, 0xE9, 0xF7, 0x87, 0xF4, 0xCC, 0x63, 0xEB,
    0x4D, 0x8D, 0x46, 0xBD, 0x21, 0xE9, 0xF5, 0xC9, 0x66, 0xA5, 0xDD, 0x17, 0xCF, 0xF8, 0xEC, 0x29,
    0xE7, 0xC7, 0x5C, 0xAD, 0xDD, 0xC5, 0x21, 0x2A, 0x64, 0x11, 0x0D, 0x50, 0x0E, 0x92, 0xCF, 0xCE,
    0x64, 0x75, 0x55, 0x6F, 0x29, 0xE2, 0x26, 0x5B, 0x5C, 0xFC, 0x67, 0xD9, 0x9A, 0x2F, 0x67, 0x7B,
    0xE5, 0x3F, 0xFE, 0x1C, 0x7C, 0x0E, 0x2D, 0xE8, 0xB9, 0x76, 0x7A, 0xFE, 0xB3, 0xEF, 0xF9, 0xB4,
    0xCA, 0xDF, 0x6C, 0x7C, 0xE3, 0x3B, 0xD1, 0xC1, 0xDF, 0x34, 0x0E, 0x56, 0x78, 0xCE, 0x6C, 0xC7,
    0x79, 0x74, 0x56, 0xB4, 0x9E, 0xE4, 0xD1, 0xD5, 0xE4, 0x39, 0xB4, 0x6E, 0x93, 0x0E, 0x84, 0x35,
    0xF3, 0xA9, 0x01, 0xB0, 0x9A, 0xA6, 0x35, 0x00, 0xC8, 0xB1, 0x8C, 0x54, 0x91, 0x02, 0x90, 0x9D,
    0xEE, 0xF8, 0xF5, 0x55, 0x9F, 0xB4, 0x79, 0x1B, 0x9A, 0xBC, 0xCF, 0xEB, 0xAA, 0x2F, 0xFC, 0x55,
    0x5F, 0x84, 0x0F, 0xFB, 0xF2, 0x17, 0x93, 0xBE, 0x7C, 0x9C, 0xB6, 0x45, 0x17, 0x62, 0xDE, 0xE5,
    0x8A, 0xA7, 0x87, 0x6E, 0x9D, 0xB4, 0xF4, 0x18, 0xB1, 0x87, 0xBC, 0x26, 0x69, 0xC0, 0x2A, 0xAE,
    0xDA, 0x32, 0x96, 0x31, 0x8F, 0xF9, 0xF9, 0xBF, 0x42, 0x9A, 0x42, 0x51, 0x97, 0x0A, 0x95, 0xD2,
    0xEB, 0x9B, 0xB5, 0x67, 0xDF, 0xBE, 0x13, 0xD5, 0x3B, 0x27, 0x31, 0x1F, 0x1F, 0x00, 0x76, 0x70,
    0x88, 0x81, 0x10, 0x79, 0xC1, 0x73, 0xEA, 0x21, 0x69, 0x29, 0x47, 0x3E, 0x5E, 0xF1, 0xE8, 0xC6,
    0xF3, 0xEB, 0x8D, 0x45, 0x93, 0xAC, 0xAB, 0x68, 0x5D, 0x34, 0xAE, 0x26, 0xCF, 0xA9, 0x97, 0xD5,
    0x14, 0x35, 0xFB, 0x78, 0x84, 0x06, 0x54, 0xEB, 0x62, 0x5D, 0x74, 0x59, 0x97, 0xB5, 0xA1, 0x09,
    0x5D, 0x2E, 0xED, 0xB7, 0x25, 0xFD, 0x2E, 0xC3, 0x11, 0x4F, 0x23, 0x27, 0x35, 0x2B, 0x2C, 0xF0,
    0x08, 0x1D, 0x21, 0x92, 0xD7, 0x6C, 0x61, 0x81, 0x9B, 0x00, 0xE0, 0x5A, 0x8B, 0x2A, 0xA2, 0xF8,
    0x77, 0x34, 0x33, 0x6A, 0x94, 0xE5, 0x40, 0xF5, 0xFB, 0x67, 0x54, 0x96, 0xEC, 0x29, 0x1B, 0x0B,
    0x45, 0xE3, 0x70, 0xC6, 0xB1, 0xA2, 0xF6, 0x58, 0xC9, 0xA0, 0x62, 0xB4, 0x27, 0x59, 0x1B, 0x25,
    0xD3, 0x3B, 0x9D, 0xF4, 0xAF, 0xCF, 0x08, 0x2D, 0x42, 0x44, 0x16, 0x51, 0x7E, 0x8A, 0x69, 0x0D,
    0x50, 0xA5, 0xBD, 0xE5, 0x9B, 0xC3, 0xF9, 0x5F, 0x00, 0x3F, 0xED, 0x0B, 0xFE, 0x1B, 0xCD, 0xDA,
    0x01, 0xA4, 0x25, 0x79, 0xBE, 0xD8, 0xF1, 0x4F, 0x55, 0x75, 0x4F, 0x65, 0xB6, 0x76, 0x6F, 0x35,
    0x42, 0x42, 0x77, 0x77, 0x3D, 0x2C, 0x5E, 0xB8, 0xB7, 0x6B, 0x30, 0xA2, 0x1F, 0xE7, 0x9E, 0xAA,
    0xB5, 0x78, 0x78, 0x30, 0x30, 0xBB, 0x18, 0xEC, 0x02, 0x20, 0xD9, 0x9E, 0xD0, 0x98, 0x70, 0xEF,
    0x3D, 0x95, 0x3C, 0x04, 0x90, 0x81, 0x0D, 0x10, 0x59, 0x00, 0xE0, 0x35, 0x19, 0xD2, 0xB8, 0xDD,
    0xA7, 0x36, 0x8B, 0x00, 0x49, 0x3D, 0xC9, 0xEC, 0x43, 0xE4, 0xA9, 0x30, 0x13, 0x24, 0x21, 0x95,
    0x7D, 0xD5, 0x49, 0xB5, 0x57, 0xE7, 0x54, 0xFA, 0xDF, 0x6F, 0x6E, 0xE7, 0x4A, 0x6F, 0xDE, 0xEE,
    0xCC, 0xDD, 0xB9, 0xBB, 0x7D, 0x4E, 0xFD, 0xFE, 0xE5, 0xD0, 0xE7, 0xF7, 0xFD, 0xFE, 0xFC, 0xEE,
    0xAF, 0xEA, 0x54, 0x15, 0x20, 0x59, 0x06, 0x00, 0xF0, 0x14, 0xD1, 0x0E, 0xC9, 0x33, 0xA4, 0x15,
    0xBE, 0x55, 0xE2, 0xF7, 0xCB, 0x9A, 0x77, 0x8A, 0x9A, 0x9F, 0xE4, 0x8D, 0xA8, 0xCD, 0x5B, 0x49,
    0x9D, 0xB7, 0x52, 0x59, 0x2B, 0x5F, 0x96, 0xCE, 0xDF, 0x79, 0xFF, 0xFB, 0xBD, 0x77, 0x24, 0x83,
    0x5E, 0x32, 0x44, 0xAD, 0x64, 0x48, 0x1A, 0xC9, 0x58, 0x74, 0x6E, 0xCF, 0xD5, 0x64, 0xB3, 0x07,
    0xC5, 0xD2, 0x00, 0x28, 0xC6, 0x5B, 0xD1, 0x8B, 0x1F, 0x3D, 0x4E, 0xDB, 0xAC, 0xCF, 0xEB, 0xA4,
    0x2B, 0x25, 0xED, 0x5A, 0xDA, 0x1E, 0xCB, 0xDA, 0x13, 0x59, 0x73, 0x2A, 0xAF, 0xC3, 0x56, 0x29,
    0xEB, 0xE2, 0xE7, 0xFF, 0xA3, 0x8F, 0xF7, 0x7F, 0x50, 0x03, 0x20, 0x69, 0x3F, 0x21, 0xF9, 0xD3,
    0x1E, 0x4B, 0x73, 0x6D, 0xFC, 0xF7, 0x92, 0x56, 0x9E, 0xD5, 0xD2, 0xDD, 0x55, 0x1D, 0x9E, 0xBA,
    0x60, 0x0D, 0xB0, 0x17, 0xB4, 0x01, 0xF7, 0x82, 0x57, 0x00, 0x26, 0x10, 0x0B, 0xC8, 0x04, 0x66,
    0x02, 0x34, 0x81, 0x9A, 0x80, 0x4D, 0xE0, 0x26, 0x80, 0x7B, 0x45, 0xEE, 0x15, 0xBA, 0x57, 0xEC,
    0x02, 0xFC, 0x02, 0xF1, 0x67, 0x90, 0x81, 0x03, 0x70, 0x17, 0xE4, 0x31, 0xA4, 0x7B, 0xBE, 0x82,
    0xD3, 0xF2, 0xD2, 0x69, 0xD3, 0x30, 0x10, 0xB7, 0x24, 0x2D, 0x71, 0xFF, 0x43, 0xB6, 0x1D, 0x20,
    0x83, 0x02, 0x8E, 0x61, 0x40, 0x54, 0x03, 0x14, 0x7B, 0xE2, 0x17, 0x1F, 0x74, 0x8A, 0x36, 0x1A,
    0x6C, 0x98, 0xCC, 0x9C, 0x27, 0x23, 0xE7, 0xE9, 0x10, 0xDC, 0x3B, 0x04, 0x69, 0x45, 0x8B, 0xB2,
    0xB9, 0x1C, 0x6E, 0x95, 0x2D, 0x1F, 0x16, 0x2D, 0x6D, 0xDE, 0x49, 0xEA, 0x74, 0x70, 0x57, 0xB4,
    0xFF, 0xDE, 0xC0, 0xED, 0x7D, 0x8D, 0x03, 0xAC, 0x71, 0x1E, 0xA0, 0x88, 0x01, 0xB7, 0x27, 0x5E,
    0x6C, 0x24, 0x6D, 0x5E, 0xBF, 0x7C, 0x35, 0x85, 0xB7, 0xAD, 0x71, 0x8C, 0x13, 0x1C, 0x87, 0xCD,
    0x4D, 0xA5, 0x3B, 0xF2, 0x4F, 0x7B, 0xF1, 0xBE, 0x06, 0xF0, 0xE8, 0xA2, 0x52, 0xE5, 0xBF, 0x68,
    0x39, 0xCA, 0xEA, 0xEB, 0x11, 0x81, 0xC7, 0x64, 0x7B, 0xAA, 0xB2, 0xB6, 0xCA, 0xAF, 0x2C, 0x32,
    0x21, 0x9A, 0x61, 0x86, 0x5B, 0xAE, 0x4D, 0x24, 0x1A, 0x48, 0x26, 0xE2, 0x11, 0xF5, 0x15, 0x44,
    0xF2, 0xB8, 0xA5, 0xF8, 0x77, 0x2D, 0xE9, 0x1E, 0x06, 0x70, 0x3D, 0x22, 0xF7, 0xD2, 0x46, 0xF5,
    0x83, 0x56, 0xB6, 0x23, 0xEA, 0xE1, 0x0A, 0x22, 0xAB, 0x0C, 0x9B, 0x0A, 0xC5, 0x84, 0xA4, 0x05,
    0x80, 0x65, 0x99, 0x78, 0xF8, 0xE9, 0xB6, 0x91, 0xB7, 0xE9, 0x20, 0x6F, 0xE2, 0x49, 0xD1, 0x98,
    0x95, 0xB5, 0xA7, 0x4A, 0xCE, 0x54, 0x21, 0xAC, 0x43, 0x38, 0xE3, 0xA9, 0xA7, 0xCC, 0xCE, 0x99,
    0xCD, 0xE2, 0xD1, 0x14, 0xE6, 0xD9, 0x24, 0x6B, 0xE3, 0x51, 0x59, 0x27, 0x83, 0x9D, 0xDB, 0x2F,
    0x7E, 0xD0, 0xDB, 0x2C, 0x7B, 0x00, 0x6E, 0xC2, 0x21, 0xE2, 0xF9, 0x56, 0x08, 0x4F, 0x30, 0x0D,
    0x18, 0x7B, 0xFC, 0xCF, 0x56, 0xF1, 0x7C, 0x10, 0xBD, 0x78, 0x38, 0x08, 0x63, 0x41, 0x98, 0x0B,
    0xC2, 0x60, 0x10, 0x26, 0x83, 0xE3, 0x10, 0xC2, 0x6C, 0x10, 0x06, 0x83, 0x10, 0x84, 0xF1, 0x20,
    0xCC, 0x3C, 0x61, 0xE8, 0xFD, 0x2A, 0x99, 0xE2, 0x4D, 0x99, 0x7C, 0x59, 0xDA, 0x5F, 0x47, 0xA6,
    0x78, 0x43, 0xE6, 0x6D, 0x38, 0x41, 0x32, 0x23, 0x9A, 0x61, 0x42, 0xB1, 0xB4, 0x44, 0xA3, 0x2F,
    0x2B, 0xE3, 0x97, 0xCB, 0x00, 0xE5, 0x52, 0xC3, 0x6B, 0xC1, 0x65, 0x78, 0x29, 0xF8, 0xBD, 0x51,
    0xDE, 0x7A, 0x20, 0x6F, 0x1C, 0x06, 0x37, 0x0A, 0x28, 0xBD, 0x43, 0xE5, 0x31, 0xD5, 0x32, 0x70,
    0xF6, 0x7E, 0xCF, 0xA9, 0x8E, 0x73, 0x35, 0x17, 0x9C, 0xDF, 0x8E, 0x26, 0x3E, 0x0C, 0x9C, 0x7D,
    0x32, 0x06, 0xC4, 0xDD, 0xFB, 0x5B, 0x9B, 0x65, 0xD9, 0x01, 0xDB, 0x1D, 0x00, 0xE5, 0x28, 0x7A,
    0xFE, 0x54, 0xDA, 0x54, 0x72, 0xA5, 0xFB, 0x8E, 0x1C, 0xC7, 0xA3, 0xD5, 0x8F, 0xD8, 0x7C, 0xCC,
    0x29, 0xD6, 0xAF, 0xDB, 0xED, 0xB1, 0xE8, 0x35, 0xAB, 0xBB, 0x49, 0x4B, 0x91, 0xD5, 0x64, 0xBB,
    0xEB, 0x63, 0x7F, 0x94, 0xF3, 0xD1, 0x51, 0xE0, 0xBE, 0x2A, 0xBF, 0x11, 0xF1, 0x8C, 0x68, 0x82,
    0x5B, 0xD7, 0x27, 0x91, 0x74, 0x64, 0x03, 0x69, 0x4F, 0x54, 0x5F, 0x41, 0xE4, 0x3A, 0x78, 0xB3,
    0x0E, 0x47, 0xB0, 0x82, 0x07, 0x70, 0x7C, 0x13, 0xC5, 0xE4, 0x2B, 0xA1, 0xC7, 0x4B, 0x2D, 0xF9,
    0x8C, 0x1C, 0x77, 0x71, 0x88, 0x7B, 0x6F, 0x5D, 0x6A, 0x23, 0x79, 0xD2, 0x52, 0xFE, 0xD3, 0x96,
    0x6C, 0x0F, 0x3D, 0xB8, 0x1E, 0xDF, 0x55, 0xCE, 0xB3, 0x8A, 0x72, 0x22, 0x69, 0xE0, 0xCA, 0x8D,
    0xF6, 0x11, 0xD2, 0xA5, 0xA6, 0x08, 0x4A, 0x61, 0xF0, 0x03, 0xE5, 0xBE, 0x0E, 0x07, 0x98, 0x5E,
    0xD1, 0x46, 0x93, 0x0D, 0xE7, 0xAF, 0x0F, 0x30, 0x4F, 0xD2, 0x01, 0x97, 0x0F, 0x30, 0xB6, 0xFB,
    0xB2, 0x71, 0x7B, 0x2A, 0x1B, 0xC9, 0xF0, 0x57, 0xA1, 0x95, 0xF4, 0x45, 0x2B, 0xED, 0xF2, 0x5E,
    0xD6, 0x24, 0xA3, 0xFB, 0xE1, 0x00, 0x33, 0x5E, 0x3E, 0xE4, 0xCB, 0x11, 0x6D, 0x3B, 0xD2, 0xBF,
    0x18, 0x49, 0x9B, 0x01, 0x10, 0xEF, 0x53, 0xCA, 0xEF, 0xFF, 0x39, 0xE7, 0xD1, 0xC8, 0x18, 0x0D,
    0xA2, 0x21, 0x1A, 0xC4, 0x43, 0x12, 0xF6, 0xD2, 0x8E, 0xA9, 0xA8, 0xC5, 0x7F, 0x32, 0x91, 0x42,
    0x56, 0x0B, 0x16, 0x13, 0xE9, 0x76, 0xA9, 0xDD, 0x55, 0x34, 0x56, 0xB2, 0x10, 0x72, 0xCA, 0xF7,
    0x9F, 0xF2, 0xD6, 0xF2, 0x31, 0x80, 0x83, 0xB8, 0x25, 0xFF, 0xC3, 0x86, 0x74, 0xEF, 0xFA, 0x7C,
    0x93, 0xF6, 0x11, 0xF1, 0x9F, 0x0E, 0x58, 0x9A, 0x6B, 0x52, 0x35, 0x23, 0xDA, 0xC1, 0x0C, 0xB7,
    0xAE, 0xD1, 0x57, 0x09, 0x55, 0x8D, 0x12, 0x6E, 0xF8, 0xFA, 0xA5, 0xAF, 0x43, 0xAB, 0x46, 0xD2,
    0x23, 0x19, 0x10, 0x77, 0x48, 0xEB, 0xCB, 0x7E, 0x24, 0x35, 0xEE, 0xC2, 0x31, 0x54, 0x70, 0xF7,
    0x1A, 0xF4, 0x01, 0x19, 0xD8, 0x76, 0x48, 0xFE, 0x62, 0x44, 0xD2, 0x0C, 0x00, 0xCB, 0xCE, 0x76,
    0xEF, 0xE1, 0xA8, 0x0C, 0x43, 0x4A, 0xDE, 0xC9, 0x9B, 0xB0, 0x53, 0x34, 0x61, 0xA7, 0xAC, 0x15,
    0xB5, 0x52, 0x88, 0x15, 0x25, 0x15, 0x95, 0x30, 0x7F, 0xF6, 0x3C, 0xE3, 0x94, 0xF3, 0x10, 0xCD,
    0x9C, 0x33, 0x31, 0x8B, 0x26, 0x26, 0xF1, 0x18, 0x76, 0x92, 0x31, 0xEC, 0xDC, 0x7E, 0xE1, 0xF6,
    0xCE, 0x66, 0x51, 0x2D, 0x80, 0x5E, 0xF8, 0xC4, 0xA6, 0xE2, 0xA3, 0x02, 0x88, 0x1A, 0x8A, 0x9A,
    0x05, 0x15, 0x4A, 0xDC, 0xC7, 0x31, 0x56, 0x65, 0xEF, 0xF4, 0xE7, 0xA3, 0x67, 0x9E, 0x38, 0xF7,
    0xC4, 0x68, 0x32, 0x84, 0x52, 0x19, 0x42, 0xAD, 0xE2, 0x3E, 0xEE, 0x93, 0x2E, 0x09, 0x5B, 0x57,
    0x8C, 0xC5, 0xB8, 0x9D, 0x37, 0xF3, 0x1B, 0x66, 0xED, 0x85, 0x59, 0x2D, 0x6F, 0xE2, 0xE5, 0xE5,
    0xBF, 0x51, 0x55, 0x2B, 0x7F, 0xC3, 0x66, 0x0D, 0x59, 0xCD, 0x16, 0x5B, 0x94, 0x44, 0xCB, 0xCC,
    0xFA, 0x92, 0xC5, 0xD9, 0x97, 0xB0, 0x80, 0xFC, 0x1F, 0xB7, 0xFE, 0xE0, 0x5F, 0xB7, 0x1E, 0xFD,
    0xCB, 0xC6, 0x87, 0x15, 0x80, 0xA0, 0x17, 0xE4, 0xE4, 0xED, 0x17, 0xDB, 0x17, 0x15, 0x2C, 0x51,
    0xA1, 0xC2, 0x1A, 0xA7, 0x38, 0xC7, 0x8C, 0x19, 0x13, 0xD1, 0x28, 0x18, 0x04, 0xF8, 0xD7, 0xE8,
    0xD3, 0x9D, 0xE4, 0x3F, 0x1D, 0xA6, 0x7F, 0xB4, 0x4A, 0xBF, 0x3B, 0x00, 0xEE, 0x88, 0x66, 0xE9,
    0xCC, 0xC4, 0xC8, 0xE0, 0x55, 0x5B, 0x8A, 0x7B, 0x49, 0x17, 0xDE, 0xC5, 0x68, 0x3B, 0x03, 0xD5,
    0xF2, 0x75, 0x71, 0x25, 0xCB, 0x57, 0xC0, 0x59, 0xA5, 0x8D, 0xFB, 0x05, 0xF9, 0xF4, 0x75, 0x20,
    0xC5, 0xED, 0x83, 0xB8, 0x1F, 0x6C, 0x5B, 0x37, 0x7F, 0x5D, 0xAA, 0x40, 0x70, 0xB9, 0x11, 0x8B,
    0xDA, 0xEB, 0x9E, 0x5B, 0x5F, 0x74, 0xDB, 0xCC, 0xCC, 0x24, 0x1A, 0x25, 0x63, 0x48, 0x58, 0x2D,
    0x61, 0x3F, 0x6D, 0xE4, 0x84, 0xF7, 0x77, 0xEA, 0x64, 0x0F, 0x50, 0x50, 0x35, 0xCA, 0xDA, 0x8D,
    0x2F, 0x51, 0x9C, 0xB4, 0x73, 0x8F, 0x15, 0x2B, 0x8E, 0xDE, 0x92, 0xEF, 0x00, 0xA2, 0x41, 0x12,
    0x5A, 0x9B, 0x9A, 0xAF, 0x4E, 0x8B, 0x3B, 0xD1, 0x9C, 0xCE, 0x26, 0xA3, 0xD0, 0xD3, 0x43, 0xFC,
    0x45, 0x3F, 0x6F, 0x67, 0xDB, 0xBD, 0x65, 0xA7, 0x1C, 0x95, 0xFD, 0xC5, 0x57, 0x5F, 0x0C, 0x9A,
    0xE2, 0x62, 0xD0, 0xBC, 0x4E, 0xF3, 0x3A, 0x59, 0xC8, 0x77, 0x91, 0xF2, 0x75, 0xD6, 0x8B, 0xDC,
    0xA6, 0x2C, 0x1A, 0x45, 0x63, 0x15, 0x0F, 0x92, 0xB1, 0x4A, 0xFA, 0x97, 0x1C, 0x45, 0xD6, 0xA8,
    0x96, 0x74, 0x07, 0x50, 0x58, 0x53, 0x35, 0x5B, 0xCA, 0x7A, 0xCD, 0x0D, 0x37, 0x10, 0xC2, 0x1D,
    0xEF, 0x8A, 0xE6, 0xB7, 0x46, 0xE9, 0x9C, 0x0F, 0x4C, 0xF1, 0xC0, 0x18, 0xF7, 0x0C, 0x49, 0x2F,
    0x1A, 0x92, 0x2E, 0xCC, 0xE0, 0x56, 0xDC, 0xA7, 0xAD, 0xA4, 0xCB, 0x1A, 0x49, 0x17, 0x50, 0xC7,
    0xBC, 0xB6, 0x9D, 0x73, 0x28, 0xF0, 0x93, 0x23, 0xA2, 0x7E, 0x85, 0xE7, 0x03, 0xAA, 0x06, 0x20,
    0x6E, 0x29, 0x27, 0x76, 0xCF, 0x18, 0x0E, 0x41, 0x18, 0x05, 0xAA, 0x36, 0x90, 0xFC, 0x5A, 0x7D,
    0x17, 0x88, 0x92, 0xC1, 0xBD, 0x64, 0x70, 0x9A, 0x74, 0x4E, 0xB3, 0xD6, 0xBA, 0x20, 0x9B, 0x00,
    0x32, 0x6C, 0x7B, 0xC9, 0x2F, 0x26, 0x49, 0x3B, 0x00, 0x77, 0x88, 0x66, 0x92, 0x19, 0x13, 0x46,
    0x0C, 0x44, 0xC3, 0x17, 0xDF, 0xD7, 0x93, 0x74, 0x24, 0x2D, 0x69, 0x4B, 0xD6, 0x90, 0xD7, 0xBE,
    0x9D, 0xF3, 0xC9, 0x3D, 0x4E, 0x4F, 0x28, 0x3A, 0x2C, 0xFB, 0x64, 0x69, 0x95, 0x63, 0xB4, 0xAF,
    0xE5, 0xAD, 0x81, 0xBC, 0x49, 0x5B, 0x8A, 0xA6, 0x10, 0x04, 0x9E, 0xA0, 0x8C, 0x7B, 0x54, 0x59,
    0x83, 0x75, 0xF0, 0x72, 0xF6, 0x97, 0x3D, 0xB6, 0x3F, 0x1B, 0xF0, 0x2C, 0x9A, 0x30, 0x9B, 0x31,
    0x39, 0x23, 0x9A, 0x54, 0xC4, 0xA3, 0xA2, 0x91, 0x84, 0xF6, 0x0A, 0x5D, 0xF3, 0x70, 0xB4, 0x59,
    0x42, 0x61, 0x00, 0xDE, 0x83, 0x60, 0x8F, 0x11, 0x0C, 0x10, 0xB7, 0x10, 0x01, 0x35, 0xE2, 0x46,
    0xE0, 0xC0, 0x02, 0x15, 0xDC, 0x87, 0x35, 0x1C, 0xC3, 0x2A, 0x5B, 0x38, 0x89, 0x47, 0xCE, 0xD3,
    0x86, 0xE9, 0x2E, 0xC6, 0xC7, 0xF8, 0xDF, 0x2D, 0xD1, 0x32, 0x10, 0x0F, 0x13, 0x71, 0x7F, 0x4A,
    0xD2, 0x95, 0xA4, 0x5D, 0xD6, 0x2A, 0x3E, 0xCB, 0x06, 0xDB, 0xB9, 0x9A, 0x00, 0x11, 0xE4, 0x35,
    0xF2, 0x06, 0x19, 0xDC, 0x81, 0x5B, 0x48, 0x97, 0x7F, 0xB3, 0x88, 0xF6, 0xDF, 0x79, 0xCE, 0x79,
    0xD2, 0xF0, 0xE4, 0x75, 0x8E, 0xFF, 0xF5, 0x2A, 0x47, 0x1F, 0x84, 0x2F, 0xE7, 0x90, 0xFC, 0xBF,
    0x39, 0xEE, 0xC1, 0x1A, 0xCE, 0x11, 0xF7, 0x88, 0x01, 0x2C, 0x3B, 0x3C, 0xFC, 0x0F, 0xC8, 0xDB,
    0x0B, 0x82, 0xE2, 0xB5, 0x79, 0x09, 0x15, 0xAC, 0xE1, 0x0C, 0x9E, 0xC2, 0x39, 0xCC, 0x30, 0xD1,
    0x44, 0x93, 0xA8, 0x8D, 0x47, 0x69, 0x1D, 0xCE, 0x61, 0x14, 0xBB, 0x0F, 0x66, 0x9B, 0x25, 0xF8,
    0x3B, 0xE4, 0x84, 0x51, 0xD2, 0xBA, 0x09, 0xE2, 0x30, 0x54, 0x2C, 0x54, 0xDC, 0x67, 0xCD, 0x31,
    0x2B, 0x4E, 0x38, 0xE7, 0xC9, 0x5F, 0x33, 0x5D, 0xBE, 0x7E, 0x58, 0x88, 0x20, 0x6B, 0x2F, 0x42,
    0xD2, 0xE0, 0x00, 0x70, 0x65, 0x01, 0x6E, 0x52, 0xD4, 0x81, 0x3C, 0xE7, 0x90, 0x5B, 0xBC, 0xB6,
    0xAA, 0xE5, 0x6D, 0x12, 0xE6, 0x61, 0x12, 0xC6, 0x56, 0x5A, 0x2B, 0xEB, 0x6F, 0x5C, 0xDD, 0xEA,
    0x12, 0xF2, 0x4D, 0x55, 0xE1, 0xFE, 0x91, 0xF5, 0xCA, 0xF1, 0x3B, 0xBF, 0xD1, 0x9A, 0xDF, 0x60,
    0xED, 0x94, 0x33, 0x5B, 0x9E, 0x3A, 0xFE, 0x52, 0x74, 0x01, 0x4F, 0x79, 0xE9, 0xD4, 0xEC, 0x3E,
    0xD6, 0x38, 0xC6, 0x0A, 0x27, 0x38, 0x8F, 0x78, 0x52, 0xD4, 0xC6, 0xAA, 0x35, 0x14, 0xF5, 0xC5,
    0xB4, 0x89, 0x2F, 0xA6, 0x4D, 0x27, 0x00, 0x07, 0xE2, 0x5F, 0x89, 0xFC, 0xB7, 0x51, 0xCD, 0x44,
    0xDB, 0x86, 0x62, 0x8F, 0xA3, 0x37, 0x0B, 0x5A, 0xBF, 0x81, 0xFC, 0xBD, 0xCB, 0x05, 0xAD, 0x15,
    0x6F, 0xF4, 0xC0, 0xBA, 0xB1, 0x6D, 0xC2, 0x71, 0x6A, 0xF2, 0xED, 0x4B, 0x05, 0x4D, 0x42, 0x41,
    0xA5, 0xA1, 0xA0, 0x96, 0x19, 0x3C, 0x06, 0xC1, 0x01, 0x69, 0x07, 0x72, 0xE0, 0x6F, 0x02, 0x60,
    0xDB, 0xC8, 0x17, 0xCA, 0x4E, 0x3A, 0x91, 0x0F, 0x82, 0x6D, 0x3E, 0x89, 0x5B, 0xEE, 0xCD, 0xC2,
    0x72, 0xF8, 0x4C, 0x12, 0x96, 0xAA, 0x4E, 0x1A, 0x56, 0x45, 0x9B, 0xD6, 0x3C, 0xC8, 0xBB, 0x0C,
    0x8F, 0x92, 0x21, 0xC3, 0xE3, 0x78, 0xCA, 0xC3, 0x62, 0x3E, 0xC0, 0xE0, 0xEC, 0x2E, 0x7A, 0xD5,
    0xDF, 0x23, 0xEA, 0x14, 0xFF, 0x9D, 0xB8, 0x95, 0xCD, 0x24, 0xAD, 0x64, 0xA2, 0xF8, 0x4C, 0x3C,
    0xB2, 0x99, 0x19, 0x40, 0x2F, 0x38, 0xC8, 0x5A, 0xEE, 0xE3, 0xF7, 0x80, 0xB7, 0xCB, 0x2E, 0xDE,
    0xFD, 0x7C, 0x8C, 0xF7, 0x9E, 0x98, 0x3D, 0x31, 0xFD, 0xEA, 0xB3, 0xCD, 0xDF, 0x15, 0x21, 0xE0,
    0x06, 0x70, 0x0C, 0xAC, 0x81, 0x23, 0xE0, 0x11, 0x50, 0xE3, 0xAB, 0xDB, 0x42, 0x84, 0xBC, 0x26,
    0x6F, 0xC8, 0x6A, 0xEE, 0xE2, 0x16, 0x18, 0x0E, 0x21, 0x9A, 0x67, 0xB0, 0xE9, 0xC1, 0x01, 0xE0,
    0x77, 0xAD, 0x09, 0xA2, 0xFE, 0x23, 0xC9, 0xF3, 0x89, 0x6D, 0xC7, 0x5D, 0x57, 0x29, 0x4B, 0x84,
    0xAC, 0x25, 0x6C, 0x01, 0xF7, 0x00, 0xD2, 0xA2, 0x8F, 0xF7, 0x9F, 0x4F, 0xD1, 0xDE, 0x89, 0xA7,
    0x4E, 0x9C, 0x3B, 0x37, 0x79, 0x62, 0x34, 0x7A, 0xFD, 0x5D, 0xD1, 0x90, 0xF4, 0xC9, 0x70, 0x7B,
    0xBC, 0x3D, 0x6E, 0x76, 0xD5, 0xFE, 0x77, 0xA5, 0x99, 0xA2, 0x01, 0x6E, 0xC4, 0xFD, 0xEB, 0x2B,
    0xC1, 0xE4, 0x3F, 0xA8, 0x21, 0x7D, 0x01, 0xF0, 0x8D, 0xCB, 0x75, 0xBA, 0xFC, 0xD3, 0x2C, 0xFA,
    0x25, 0x75, 0x4A, 0xDB, 0xED, 0xFC, 0xC5, 0x99, 0xD3, 0xAD, 0xBC, 0xF6, 0xB8, 0xE0, 0x1F, 0x9E,
    0x50, 0xF4, 0x00, 0x9B, 0x05, 0x00, 0x6C, 0x46, 0xB2, 0xCF, 0x37, 0xB5, 0x53, 0x59, 0x17, 0x0D,
    0x92, 0x21, 0xE9, 0x44, 0x53, 0xDE, 0x30, 0x17, 0x35, 0xBB, 0xCA, 0x45, 0x38, 0xC3, 0xFC, 0xEC,
    0x22, 0x4C, 0x67, 0xC4, 0xE3, 0x86, 0xA4, 0xAF, 0xC8, 0xDA, 0xA2, 0x51, 0xC8, 0x3A, 0xE7, 0xC2,
    0x45, 0x0D, 0xCA, 0x17, 0xDE, 0xFC, 0xF5, 0x55, 0x8C, 0xA2, 0xCF, 0xF7, 0xD2, 0xBA, 0xAC, 0x0F,
    0xE4, 0xED, 0x91, 0xAC, 0x5D, 0x49, 0x5F, 0x6D, 0xA7, 0xD2, 0xE6, 0x54, 0x56, 0x57, 0x72, 0x65,
    0x73, 0x28, 0xFF, 0x7C, 0x10, 0xED, 0x6B, 0x80, 0x55, 0x56, 0x73, 0x7C, 0x0F, 0xF9, 0x74, 0x7D,
    0xEC, 0xAB, 0xB4, 0x76, 0x54, 0x90, 0x4F, 0x57, 0xE0, 0x8F, 0xD4, 0x64, 0x7F, 0xDC, 0x92, 0x27,
    0x2D, 0x07, 0x69, 0xCD, 0x9D, 0x6F, 0x81, 0xEB, 0x31, 0x89, 0xEA, 0xFA, 0x65, 0xFE, 0x4E, 0xF6,
    0xDD, 0x56, 0x9E, 0xD6, 0xBE, 0xF9, 0x0D, 0xB8, 0x82, 0xD1, 0x26, 0x5C, 0xA1, 0x68, 0x64, 0x9F,
    0x6E, 0x97, 0xF7, 0x3F, 0x68, 0x1D, 0xCB, 0xF6, 0xA2, 0x3E, 0x70, 0xEF, 0x79, 0x9C, 0xB4, 0xA2,
    0x1D, 0x5E, 0xD1, 0x23, 0x08, 0xCC, 0x5A, 0x15, 0xE6, 0x38, 0xAC, 0x84, 0xFF, 0x7E, 0x86, 0xE7,
    0x1F, 0xD4, 0x9E, 0x61, 0x48, 0xBE, 0x58, 0x23, 0x61, 0x8D, 0x7B, 0xBC, 0xB2, 0xE2, 0xE3, 0x8A,
    0xB4, 0x13, 0xBD, 0x72, 0x6B, 0xA5, 0x75, 0xD6, 0xD9, 0x74, 0xEE, 0x89, 0x77, 0x1F, 0x2C, 0xCF,
    0xBF, 0x37, 0x53, 0x06, 0x9C, 0x31, 0xB8, 0xBC, 0xB5, 0x0B, 0x36, 0xF7, 0x7F, 0xD0, 0xBC, 0xF4,
    0x19, 0xD2, 0xF6, 0x40, 0xDE, 0x25, 0x5D, 0x70, 0x4A, 0xBB, 0x95, 0xB4, 0xF9, 0x91, 0x97, 0xF1,
    0x9F, 0x7C, 0xEC, 0x54, 0x3A, 0x0A, 0xB5, 0x6E, 0xA8, 0xE4, 0xAD, 0xA6, 0x6C, 0xCA, 0x2E, 0xAE,
    0xF3, 0xCF, 0x7F, 0xF1, 0xE2, 0xEF, 0x07, 0xC7, 0x87, 0x3D, 0x1C, 0xC2, 0x09, 0xA2, 0x11, 0x49,
    0x8B, 0x9B, 0x40, 0x10, 0xD8, 0xF3, 0xF0, 0xD3, 0x87, 0xBD, 0xBC, 0x8D, 0xC7, 0xE0, 0x3A, 0x05,
    0xD1, 0x59, 0x59, 0x47, 0x93, 0x52, 0x3C, 0xA8, 0x64, 0x9D, 0x75, 0xB4, 0xAD, 0x6D, 0x02, 0xDD,
    0xD3, 0x78, 0xE2, 0xDC, 0xCC, 0xEC, 0x29, 0x93, 0x33, 0xD1, 0xA8, 0xF2, 0x57, 0x37, 0xD0, 0x46,
    0x45, 0x1B, 0xAE, 0xD6, 0xF4, 0x9B, 0x25, 0x5E, 0x26, 0xEE, 0x61, 0x8D, 0x99, 0xB8, 0x27, 0x7E,
    0x3D, 0x0B, 0x9A, 0x78, 0xF7, 0x67, 0x5D, 0xBC, 0x4F, 0x3A, 0x73, 0xD2, 0x9A, 0x30, 0xF0, 0xFF,
    0x3D, 0xA3, 0xD9, 0x5D, 0x03, 0x2A, 0x78, 0x0F, 0x81, 0x42, 0x34, 0xC2, 0x80, 0xB8, 0x41, 0xE4,
    0x0A, 0xE4, 0xB8, 0x49, 0x80, 0x0D, 0xD4, 0x72, 0x1C, 0xE2, 0x16, 0x58, 0xE5, 0xD8, 0x54, 0x28,
    0x27, 0x24, 0x0D, 0x80, 0xAF, 0xDF, 0xF9, 0x28, 0xAB, 0x55, 0x65, 0xA3, 0xD8, 0x11, 0x77, 0x5C,
    0x4D, 0x72, 0x05, 0xE7, 0x88, 0x07, 0xA4, 0x0D, 0xFE, 0x06, 0x40, 0xB4, 0xFD, 0xF7, 0x8D, 0xE2,
    0xD3, 0x6D, 0xEB, 0x54, 0xDE, 0x9A, 0x25, 0x9D, 0x51, 0xD4, 0x47, 0x13, 0xBD, 0x1D, 0x6C, 0x3B,
    0x94, 0xFB, 0x9A, 0x80, 0xC6, 0xED, 0x05, 0x36, 0xED, 0x23, 0xF2, 0x76, 0x45, 0xD6, 0xAE, 0xC3,
    0x5E, 0xD9, 0xC8, 0xEB, 0xBC, 0xB7, 0x96, 0x87, 0xCB, 0xC4, 0xE9, 0x1F, 0xED, 0x6B, 0xDC, 0xC5,
    0x31, 0x26, 0x82, 0x48, 0x0C, 0xD8, 0xFC, 0x57, 0xC9, 0xE7, 0x5B, 0x69, 0x9D, 0xCB, 0xEA, 0xA4,
    0xCE, 0x02, 0xF4, 0xBE, 0x66, 0x33, 0x05, 0x24, 0x1F, 0x2B, 0x7C, 0x28, 0xB7, 0x72, 0x4F, 0xF5,
    0xE3, 0x27, 0xEE, 0x6E, 0x3F, 0x06, 0x88, 0x5B, 0x94, 0x13, 0x76, 0xCF, 0x30, 0xAC, 0xAE, 0x49,
    0xC4, 0xE5, 0x2B, 0xB7, 0xB5, 0x8F, 0x8A, 0xAF, 0x2A, 0xF2, 0xB5, 0xA3, 0xC6, 0x0D, 0xF2, 0x09,
    0x4E, 0xE0, 0x0E, 0x6E, 0xAD, 0x50, 0xF5, 0x7C, 0x75, 0xEA, 0x77, 0xB1, 0xD4, 0xFC, 0xAD, 0x96,
    0xB8, 0x75, 0x33, 0x6D, 0xA4, 0x7B, 0x80, 0x50, 0x0E, 0x4F, 0x37, 0x28, 0x47, 0xA4, 0x0D, 0x5C,
    0x4F, 0x8F, 0xBD, 0xF1, 0xC7, 0x72, 0x05, 0xC9, 0x70, 0x69, 0x7C, 0x96, 0xBE, 0x78, 0xF8, 0xCF,
    0xF6, 0x72, 0x65, 0x5D, 0x58, 0x29, 0xA5, 0xF5, 0x2D, 0x95, 0x08, 0x6B, 0x70, 0x06, 0x9E, 0x82,
    0x73, 0x30, 0x83, 0x09, 0x82, 0x14, 0xD1, 0x08, 0xF1, 0x00, 0xC9, 0xA5, 0x98, 0xF6, 0x50, 0x8E,
    0xB0, 0xEC, 0xE0, 0x6D, 0x50, 0xF5, 0x70, 0x73, 0x00, 0x1F, 0x42, 0x3D, 0x20, 0x5A, 0x1A, 0x00,
    0xF0, 0x4D, 0x4E, 0x78, 0xC2, 0xA8, 0x58, 0x86, 0xF4, 0x79, 0xFD, 0x7F, 0x7F, 0x13, 0xB7, 0xD2,
    0xF0, 0x96, 0x85, 0x12, 0xC9, 0xBF, 0x23, 0xDF, 0xCB, 0x7A, 0x49, 0x2D, 0x1F, 0x45, 0x27, 0x1C,
    0x7A, 0xEF, 0x23, 0x9B, 0x1E, 0x58, 0xE5, 0xF0, 0xAC, 0x82, 0x72, 0xF2, 0xC6, 0x7C, 0xE3, 0xFA,
    0x4B, 0xC1, 0x0D, 0xEE, 0xB3, 0xF2, 0xCE, 0x83, 0x68, 0xF8, 0xF0, 0x95, 0x97, 0xCD, 0xD2, 0x16,
    0x9F, 0xCA, 0x5E, 0x7B, 0x51, 0x50, 0x70, 0x9F, 0x63, 0x8E, 0x6F, 0xA8, 0x26, 0x65, 0xF3, 0xE5,
    0x69, 0xB7, 0xCB, 0x7C, 0x55, 0x5A, 0xDE, 0x11, 0x0D, 0x7E, 0x29, 0xE7, 0xB2, 0x57, 0xD4, 0xDE,
    0xE4, 0x04, 0x9C, 0x1E, 0x10, 0xFD, 0xB7, 0x03, 0xE2, 0x9F, 0xFD, 0x73, 0xE2, 0x9F, 0x4E, 0x00,
    0xA8, 0x96, 0xBA, 0xDC, 0xDD, 0xDE, 0xC9, 0xC6, 0x64, 0x90, 0xB4, 0x69, 0x2F, 0x69, 0xD2, 0x4E,
    0x52, 0x67, 0x6D, 0xE8, 0xE5, 0x56, 0x26, 0x6F, 0xE5, 0x8A, 0xC6, 0x81, 0xA2, 0xF6, 0x2D, 0x25,
    0x77, 0x55, 0x1C, 0xAA, 0x58, 0x59, 0xF3, 0x20, 0x84, 0xC7, 0x2A, 0x7A, 0x65, 0x9D, 0xB4, 0xF2,
    0xCF, 0x7F, 0x44, 0xB4, 0xED, 0x01, 0x65, 0x52, 0xFB, 0x57, 0x7F, 0x5C, 0xFB, 0xCF, 0xFF, 0x91,
    0xFE, 0x29, 0x80, 0x4D, 0xBB, 0xE9, 0x8A, 0xB6, 0x68, 0xB3, 0xF0, 0x6A, 0xB2, 0x26, 0xAF, 0xF3,
    0x26, 0x97, 0xD7, 0x85, 0x5C, 0xA9, 0x70, 0xDF, 0x7D, 0xC7, 0xD6, 0xD6, 0xB6, 0xCA, 0x0F, 0xB6,
    0x6D, 0x36, 0x7D, 0x0C, 0x80, 0x68, 0x99, 0xAF, 0x59, 0x63, 0xBB, 0xFF, 0x0D, 0xA1, 0x1B, 0x8E,
    0x30, 0x7E, 0x84, 0xAA, 0xBF, 0x3E, 0xFE, 0x8F, 0x72, 0x56, 0x47, 0x14, 0x23, 0x57, 0x77, 0xC8,
    0x7A, 0x1C, 0x7D, 0x82, 0x77, 0xDF, 0xC5, 0x83, 0xC7, 0x28, 0xDB, 0xEB, 0xB3, 0x89, 0x47, 0x0E,
    0x4E, 0xB8, 0x73, 0x87, 0xBB, 0x0F, 0xC8, 0xFB, 0x2B, 0x5A, 0xDD, 0x88, 0x70, 0x3F, 0xC7, 0x2A,
    0xC7, 0x83, 0xBB, 0xF8, 0xF0, 0xDD, 0x6B, 0xEC, 0xB1, 0x28, 0xAA, 0xE5, 0x7F, 0xD8, 0xCA, 0xB3,
    0xDA, 0xDD, 0x8C, 0xDF, 0xFF, 0xE6, 0x55, 0xFA, 0xED, 0x6B, 0x47, 0x1E, 0xB0, 0xAE, 0x31, 0x20,
    0xEA, 0x10, 0xB7, 0x88, 0xFA, 0x1F, 0x62, 0xDB, 0x7D, 0x55, 0xF2, 0x17, 0x3B, 0x92, 0x96, 0x0C,
    0x19, 0xD2, 0x7F, 0x14, 0xE6, 0x6D, 0x0D, 0x00, 0x17, 0xF9, 0x50, 0xCC, 0xC0, 0xB3, 0x0D, 0xF0,
    0xC9, 0x11, 0x00, 0x36, 0x4B, 0xB2, 0x8C, 0xD9, 0xD2, 0x94, 0xCF, 0xA3, 0xE5, 0xE3, 0x78, 0x2F,
    0xEF, 0x3C, 0xE3, 0x49, 0x58, 0xCF, 0x18, 0x64, 0x9D, 0x4A, 0xD4, 0x49, 0x7B, 0x1B, 0x49, 0x1B,
    0xD6, 0x45, 0x46, 0x32, 0xC4, 0x4B, 0x7D, 0x10, 0xD6, 0xE4, 0x4F, 0xEA, 0x43, 0xE2, 0x21, 0x2B,
    0x9A, 0x07, 0xC4, 0xE3, 0x41, 0xDE, 0x3E, 0x26, 0x9A, 0x0E, 0xF3, 0x9F, 0x76, 0x98, 0xDE, 0xCD,
    0x7F, 0xD6, 0x62, 0x7E, 0x9C, 0xFD, 0x59, 0x8D, 0x5D, 0x97, 0xFE, 0x39, 0x6C, 0xDB, 0x74, 0x86,
    0xAD, 0x64, 0x82, 0x33, 0xC9, 0x00, 0x2B, 0x71, 0x07, 0x00, 0x8F, 0x20, 0x5D, 0x5C, 0x3C, 0xF8,
    0x7B, 0xE9, 0xC9, 0xDF, 0x6A, 0xCC, 0xE7, 0x6C, 0x2E, 0xBA, 0xB4, 0x8F, 0x3F, 0xCB, 0xDA, 0xA4,
    0x4B, 0x9A, 0xF0, 0x50, 0x61, 0x2A, 0xE9, 0x8A, 0xFE, 0x5B, 0x92, 0xEE, 0xEF, 0x0E, 0x77, 0x24,
    0xFD, 0x3F, 0x18, 0xDE, 0x15, 0x0F, 0xDD, 0xF8, 0x13, 0xD1, 0x2F, 0x9A, 0xA9, 0xE5, 0x2F, 0x3D,
    0x6B, 0xD8, 0xDB, 0xE0, 0xDC, 0x29, 0x1E, 0x59, 0x01, 0x88, 0x3B, 0x97, 0xCF, 0x66, 0xC7, 0x23,
    0x20, 0x1C, 0x4D, 0xF6, 0x45, 0xE8, 0x92, 0x74, 0x92, 0x36, 0xF1, 0xE4, 0x80, 0xD9, 0x8A, 0x67,
    0x1E, 0x53, 0x45, 0x1D, 0xE5, 0x77, 0x6B, 0xF2, 0x7F, 0x8B, 0x6C, 0x46, 0x3A, 0x20, 0xE9, 0x91,
    0x76, 0xC8, 0x3A, 0xE4, 0xED, 0x45, 0x28, 0x5A, 0x6C, 0x3A, 0x92, 0x65, 0x02, 0x78, 0xC0, 0x5B,
    0x4B, 0x2D, 0x3C, 0x58, 0x7B, 0x2F, 0x6D, 0xA1, 0x9C, 0xF3, 0x39, 0xEF, 0xD3, 0x3E, 0x7D, 0x29,
    0x97, 0xF4, 0x99, 0x78, 0xB8, 0x23, 0x1A, 0x1E, 0x30, 0x3E, 0xE6, 0x45, 0xCB, 0xB6, 0x66, 0x83,
    0x15, 0x3E, 0x41, 0x4F, 0xD2, 0x92, 0xD5, 0x1C, 0x60, 0x85, 0x77, 0x00, 0x80, 0xB1, 0xA8, 0xC5,
    0x73, 0xD9, 0x8A, 0xA6, 0xA2, 0xE1, 0xBD, 0x9B, 0xD7, 0x26, 0x38, 0x40, 0x3C, 0x40, 0xD6, 0xC2,
    0x3D, 0xF0, 0x7B, 0x00, 0xD2, 0x65, 0x59, 0x5A, 0xC5, 0x8F, 0xDF, 0xDF, 0xF2, 0x40, 0xB4, 0xA3,
    0x97, 0x8E, 0x50, 0x74, 0xB0, 0xA9, 0x11, 0x3E, 0xF6, 0xA5, 0x3E, 0xBE, 0x21, 0x1D, 0x39, 0x54,
    0x74, 0xA2, 0xC1, 0xE6, 0xC7, 0xEF, 0x3F, 0xEC, 0x6C, 0x5F, 0xA6, 0xAA, 0x11, 0xB7, 0xA4, 0x2D,
    0x79, 0xCD, 0x31, 0xDE, 0xBB, 0xA8, 0xC6, 0x14, 0x7D, 0xFE, 0xFD, 0x3E, 0xA9, 0xF3, 0xE6, 0x6D,
    0x6B, 0x4C, 0x04, 0xD3, 0xA2, 0xE1, 0x94, 0x68, 0x14, 0x9C, 0x7F, 0x58, 0xD4, 0x51, 0x7B, 0xF6,
    0xFE, 0xC3, 0x7A, 0x59, 0x76, 0x00, 0x14, 0xA0, 0x6A, 0xA0, 0xA8, 0xE1, 0xC6, 0x6F, 0xD3, 0x10,
    0xD6, 0xD8, 0xA0, 0xC2, 0x8D, 0x2B, 0x18, 0x46, 0xFD, 0x09, 0xE2, 0xE7, 0x33, 0x6C, 0x3B, 0xB8,
    0x07, 0xFC, 0x16, 0x0D, 0x93, 0xF6, 0xB1, 0xF0, 0x90, 0x5E, 0xB4, 0x34, 0xAC, 0xE0, 0x0A, 0x86,
    0xB0, 0x69, 0x45, 0xFF, 0xA5, 0x97, 0xFC, 0xB4, 0x97, 0x7F, 0xB7, 0x93, 0xC7, 0xB5, 0x12, 0x6B,
    0x92, 0x1D, 0xD1, 0x8C, 0x73, 0x3C, 0xF1, 0xE6, 0x1D, 0xED, 0x9E, 0xA4, 0xE7, 0xF2, 0xFD, 0xA5,
    0xFF, 0x03, 0xCD, 0xD9, 0x01, 0xA4, 0x25, 0x59, 0x7E, 0xC7, 0xF1, 0x4F, 0xD5, 0xE9, 0xD9, 0xDA,
    0x6C, 0x99, 0x3E, 0x2D, 0x16, 0xA1, 0xA7, 0xA7, 0x16, 0x8B, 0x09, 0xAF, 0xBB, 0x06, 0x83, 0x09,
    0xEF, 0xBD, 0x5B, 0xBB, 0x8B, 0x60, 0x49, 0x06, 0x7A, 0x17, 0x43, 0x76, 0x01, 0x90, 0x9D, 0x1E,
    0x34, 0x66, 0x79, 0xDD, 0xB7, 0x36, 0x01, 0x04, 0x1A, 0x12, 0x08, 0x2C, 0x00, 0x90, 0x87, 0x41,
    0xE3, 0xF5, 0xBC, 0xDA, 0x40, 0x10, 0x6C, 0xC5, 0x66, 0x36, 0x08, 0x9B, 0x8A, 0x6C, 0x27, 0x44,
    0xD8, 0xB2, 0xAA, 0xA9, 0x17, 0xF7, 0xDE, 0x9B, 0xBE, 0x75, 0x6F, 0x61, 0x62, 0x22, 0xC9, 0xCC,
    0x76, 0x9B, 0xFF, 0x75, 0x7E, 0x75, 0x35, 0x57, 0x7F, 0xFF, 0xE7, 0x9C, 0xF3, 0x3F, 0xBF, 0x7F,
    0x3D, 0x73, 0xBC, 0x0D, 0x47, 0x07, 0x59, 0x6E, 0x8E, 0xE5, 0x4F, 0x97, 0xA3, 0x07, 0xF2, 0x2E,
    0xE9, 0x85, 0x3E, 0xB4, 0x92, 0x31, 0xD6, 0xAC, 0x8A, 0x8A, 0xF5, 0xC2, 0x2C, 0x0F, 0xB1, 0xFA,
    0x68, 0x96, 0xF1, 0x21, 0xE9, 0xB0, 0x24, 0x74, 0x0B, 0xF2, 0xA6, 0xA8, 0x15, 0xF2, 0xD6, 0x85,
    0xF4, 0xEA, 0xDD, 0x8E, 0xF2, 0xCA, 0x1C, 0x6F, 0xE1, 0x68, 0x1A, 0xC5, 0xFA, 0x38, 0x79, 0xBA,
    0x1D, 0xB2, 0xAA, 0xAC, 0xAF, 0x8B, 0xCD, 0x6D, 0x79, 0x73, 0x2C, 0x9B, 0xC6, 0x03, 0x59, 0xFD,
    0x40, 0x5E, 0x2D, 0x44, 0x65, 0x7D, 0x24, 0x3E, 0xED, 0x25, 0x9B, 0x0A, 0xA8, 0x40, 0x07, 0xCE,
    0xF7, 0xBA, 0xD8, 0x56, 0xE5, 0x7F, 0x76, 0x37, 0xD7, 0xF2, 0x7F, 0x6A, 0x42, 0x2F, 0x34, 0xB2,
    0x4E, 0xA8, 0x65, 0xAD, 0x50, 0xC9, 0x1B, 0x19, 0xB1, 0x91, 0x4F, 0x1A, 0x29, 0x6A, 0xD7, 0x29,
    0x2A, 0xAF, 0x52, 0xF2, 0x1A, 0x0B, 0x8E, 0x26, 0x3D, 0xE6, 0x94, 0xB7, 0x27, 0x3D, 0x67, 0x41,
    0x47, 0x59, 0x85, 0x9A, 0xF8, 0xF4, 0x3D, 0x24, 0x97, 0x9D, 0x39, 0x66, 0x82, 0xF7, 0xE1, 0xAD,
    0x65, 0xB3, 0xBC, 0xBA, 0x5F, 0x34, 0xC5, 0xAF, 0xFA, 0xBC, 0xC9, 0x7F, 0x22, 0xAF, 0xF3, 0x5A,
    0xAC, 0x62, 0x2D, 0x8A, 0x95, 0x42, 0xA4, 0x54, 0x70, 0xC7, 0x1D, 0x4E, 0x9C, 0x72, 0xEA, 0x92,
    0xF2, 0xDD, 0xCB, 0x46, 0x3E, 0x3E, 0xF2, 0x89, 0x88, 0x69, 0x03, 0x28, 0x7E, 0xDA, 0x00, 0xB2,
    0x8D, 0x39, 0x7A, 0x9F, 0x1A, 0xDB, 0xED, 0xC8, 0x62, 0xBB, 0xDD, 0xB8, 0xF7, 0xF1, 0x65, 0xED,
    0xEA, 0xEE, 0x77, 0x47, 0xB1, 0xC9, 0xFA, 0xB4, 0x15, 0x3B, 0xB1, 0x4E, 0xC7, 0x8C, 0x45, 0xAD,
    0xA8, 0xAD, 0xB0, 0xA1, 0xAC, 0x3C, 0x21, 0x8C, 0x94, 0x3C, 0x24, 0x76, 0x2C, 0x78, 0xC8, 0xA2,
    0xE6, 0x94, 0x87, 0x6C, 0x4C, 0x8F, 0x27, 0xC2, 0x88, 0x27, 0xAC, 0xC4, 0x0E, 0x17, 0xAC, 0x2C,
    0x6A, 0xAC, 0xA4, 0x83, 0x0D, 0x8C, 0x42, 0x1F, 0x46, 0x24, 0xA3, 0xBC, 0x89, 0x1D, 0x55, 0x3A,
    0x28, 0xAB, 0x45, 0x2D, 0x69, 0x42, 0x6F, 0x6D, 0x4B, 0x5E, 0xDD, 0xBC, 0xFA, 0x5E, 0x17, 0xD6,
    0x77, 0xBF, 0xB3, 0xB1, 0xDC, 0x6E, 0x64, 0xDB, 0xED, 0x76, 0x75, 0xA0, 0xBF, 0x9D, 0xD5, 0x7B,
    0xF8, 0xC5, 0xBD, 0x7A, 0x62, 0x17, 0xD7, 0x26, 0x74, 0x49, 0x6B, 0x26, 0x9F, 0xC1, 0xED, 0xB9,
    0xC3, 0x76, 0xDB, 0x4C, 0xD8, 0xF1, 0xEE, 0x72, 0x4F, 0xFD, 0x86, 0x8B, 0x3D, 0xF4, 0xF7, 0xD3,
    0xFE, 0xC0, 0x9C, 0x37, 0x07, 0xE4, 0x72, 0x26, 0x5E, 0xCD, 0xC0, 0xFD, 0xCC, 0xDB, 0x30, 0xE1,
    0x9E, 0x0A, 0x26, 0xDA, 0xD1, 0x75, 0x13, 0xEC, 0xB3, 0xBB, 0x8F, 0x67, 0xD6, 0xDE, 0x1C, 0x78,
    0x05, 0x70, 0x34, 0x91, 0x4B, 0x57, 0x16, 0xE5, 0xFE, 0x59, 0xAC, 0x61, 0x94, 0xB6, 0x30, 0x00,
    0x7A, 0x50, 0x3C, 0xEB, 0x77, 0xCC, 0xC9, 0xD5, 0xBD, 0x7E, 0x87, 0x9C, 0x35, 0x79, 0xB7, 0x23,
    0x8E, 0x55, 0x68, 0x77, 0xC0, 0xA5, 0xD0, 0xC8, 0x1B, 0xA7, 0xB2, 0xC6, 0x82, 0x13, 0x59, 0x63,
    0xC5, 0x99, 0xBC, 0x0E, 0x3D, 0x0F, 0xA6, 0x8D, 0x35, 0x3D, 0x27, 0xD4, 0x85, 0xB2, 0x1A, 0xBD,
    0xAA, 0xF8, 0xF9, 0xAF, 0xFE, 0x65, 0x07, 0x9A, 0x6E, 0x7E, 0xEF, 0xF7, 0xB7, 0xDB, 0xCE, 0x1C,
    0xB6, 0x6B, 0x5C, 0x6E, 0xDC, 0xFB, 0x7B, 0x14, 0x9D, 0xD8, 0xB0, 0x93, 0x58, 0xB3, 0x93, 0xA2,
    0x66, 0x27, 0x65, 0xC5, 0x4E, 0x4A, 0x28, 0x59, 0x30, 0xC9, 0x29, 0x87, 0xDD, 0x30, 0xEF, 0x05,
    0x93, 0x5C, 0x98, 0xF7, 0x81, 0x49, 0x46, 0x6A, 0xA3, 0x64, 0x94, 0xFC, 0xED, 0x37, 0x06, 0xE9,
    0x20, 0xBB, 0x97, 0xF6, 0xC2, 0xE0, 0x4E, 0x19, 0x3A, 0xC5, 0xFA, 0xDD, 0x55, 0xFC, 0x76, 0x63,
    0xB9, 0xDD, 0xF6, 0xD9, 0x7A, 0xE6, 0x32, 0x61, 0x65, 0x8D, 0xD8, 0xD8, 0xEF, 0x53, 0xF2, 0x76,
    0x62, 0x4A, 0xEC, 0x91, 0x28, 0x91, 0xB1, 0xC0, 0x7E, 0x89, 0x93, 0xCD, 0x1E, 0xE7, 0x74, 0x4F,
    0x73, 0xC2, 0x05, 0x8E, 0x59, 0xE1, 0x6C, 0x8F, 0xF2, 0x78, 0x22, 0x69, 0xC6, 0x09, 0xA4, 0x1A,
    0x26, 0x0E, 0xFD, 0x84, 0x91, 0xF4, 0x13, 0x45, 0xDA, 0x81, 0xD0, 0xC2, 0x97, 0x43, 0x03, 0x47,
    0x59, 0x0D, 0xC5, 0x7B, 0x20, 0x1B, 0x00, 0xD2, 0xDA, 0x01, 0x67, 0xEB, 0x94, 0x85, 0x25, 0x77,
    0xF6, 0xB3, 0x73, 0x8D, 0x93, 0x9D, 0x1C, 0x7B, 0x83, 0xB3, 0x2F, 0x0D, 0x5C, 0xE4, 0x3D, 0x8F,
    0xD3, 0x9E, 0x61, 0x27, 0x7D, 0xDA, 0x49, 0xFA, 0xD0, 0x4A, 0xFB, 0xD0, 0x48, 0xBB, 0xAC, 0x11,
    0xDA, 0x7C, 0x92, 0x5A, 0x31, 0xC4, 0xCA, 0xE5, 0x2A, 0x42, 0x81, 0x1F, 0xDF, 0x41, 0x77, 0x8C,
    0x67, 0x03, 0x16, 0x35, 0x2E, 0x6B, 0x71, 0x6B, 0xBB, 0x52, 0xB6, 0xB2, 0x71, 0xA7, 0xB1, 0x97,
    0x76, 0x8A, 0x5A, 0x1C, 0xA5, 0x8D, 0xB2, 0xF2, 0xFA, 0x6A, 0xFA, 0xC2, 0xD1, 0x47, 0x42, 0x63,
    0xC1, 0xD1, 0xA2, 0x0A, 0xB5, 0x53, 0x8E, 0x8B, 0x26, 0xAB, 0x3C, 0xE4, 0xED, 0xD8, 0xE6, 0x3C,
    0xE1, 0x7E, 0xE8, 0x73, 0x2E, 0x38, 0x4F, 0xC7, 0xC8, 0x8A, 0x73, 0xAB, 0xEB, 0x8C, 0xF4, 0x1E,
    0xDE, 0x92, 0x8C, 0x74, 0x16, 0x7F, 0x2C, 0x1D, 0x24, 0xAD, 0xE2, 0x3F, 0xF2, 0xB4, 0x97, 0x36,
    0xF2, 0xD5, 0xE9, 0xBE, 0xC6, 0x86, 0xF1, 0x34, 0x6B, 0x15, 0xBF, 0x94, 0x0E, 0x65, 0xAC, 0x2C,
    0x57, 0xF4, 0xF9, 0x95, 0x19, 0xD5, 0x9E, 0x34, 0xD6, 0x7B, 0xD0, 0xA2, 0xD9, 0x73, 0xC6, 0x66,
    0x8F, 0x99, 0x1C, 0x28, 0x93, 0x03, 0xE4, 0x57, 0x0E, 0x8C, 0x1F, 0xED, 0x11, 0xD3, 0xF5, 0x81,
    0xF0, 0xEC, 0x00, 0x78, 0x76, 0xE0, 0x7B, 0x7C, 0xC0, 0x9B, 0xE9, 0x0E, 0x70, 0x0E, 0x6C, 0xC9,
    0x01, 0x2D, 0xED, 0xF6, 0x64, 0xA1, 0xDB, 0x83, 0x85, 0x16, 0x08, 0x0D, 0xF8, 0x9D, 0xAC, 0x06,
    0xC7, 0x11, 0xB8, 0xF3, 0x03, 0x20, 0xEF, 0xC0, 0x1C, 0x67, 0x60, 0x03, 0x9E, 0x80, 0x1B, 0x80,
    0xDF, 0x2A, 0x5B, 0xEF, 0xA7, 0xEB, 0x9F, 0x0F, 0x59, 0x9F, 0x6E, 0x3C, 0x8E, 0xBD, 0x95, 0xC7,
    0xA1, 0x33, 0x1A, 0x43, 0xAB, 0x37, 0x84, 0x26, 0xE9, 0xF5, 0xD9, 0x73, 0x4D, 0xFA, 0xBC, 0x49,
    0xBB, 0xB4, 0x8B, 0x75, 0x68, 0x43, 0x17, 0xAB, 0xE7, 0xDA, 0x46, 0xC5, 0xF0, 0xFC, 0xE3, 0x72,
    0xB5, 0x5C, 0xDD, 0x01, 0x27, 0xF0, 0xE8, 0x18, 0x69, 0xFB, 0x01, 0x92, 0x67, 0x3D, 0x2C, 0x2B,
    0xA4, 0xED, 0x87, 0x84, 0x5F, 0x0F, 0x24, 0xDB, 0x16, 0xB7, 0x99, 0x63, 0x26, 0x4B, 0xD6, 0x08,
    0x1F, 0x21, 0x5B, 0xE0, 0xD5, 0x12, 0x6F, 0x94, 0x15, 0x6F, 0x16, 0x15, 0x3F, 0x8E, 0xB5, 0xA4,
    0x89, 0x8D, 0x50, 0xC5, 0x46, 0x26, 0x6F, 0xC4, 0xED, 0xB6, 0xF5, 0xBB, 0x77, 0xBF, 0xDB, 0x79,
    0x53, 0xE8, 0x75, 0x42, 0x9F, 0x34, 0x42, 0x1F, 0x6A, 0x61, 0x28, 0x5A, 0x37, 0x57, 0x8B, 0xD1,
    0x72, 0x23, 0xA6, 0xCD, 0x74, 0x05, 0x65, 0x1B, 0xF4, 0xCC, 0x51, 0x0C, 0x37, 0x92, 0xAB, 0xF7,
    0xCE, 0xB3, 0x26, 0x9F, 0x52, 0x2A, 0x85, 0xE6, 0x54, 0xD6, 0x9C, 0xC8, 0x9B, 0x5D, 0x95, 0xDA,
    0x55, 0xA6, 0xDD, 0x58, 0x28, 0xAB, 0xE7, 0x55, 0xA9, 0x7B, 0x5E, 0x91, 0x2A, 0xF0, 0x7A, 0xB6,
    0x2F, 0xED, 0xF9, 0x9A, 0xA4, 0x65, 0x8E, 0xCB, 0x0D, 0xE5, 0x40, 0x6C, 0x0E, 0xA3, 0xA6, 0xA8,
    0x28, 0xB1, 0x38, 0x8C, 0x53, 0x3C, 0xC0, 0x05, 0x56, 0x87, 0x31, 0x92, 0x0C, 0x84, 0x81, 0x9B,
    0x6B, 0x16, 0x5B, 0x92, 0xEE, 0x83, 0xF0, 0x6C, 0xE5, 0xB2, 0x75, 0x0B, 0xE0, 0x35, 0xC9, 0x4A,
    0xB6, 0x62, 0x64, 0xA0, 0x97, 0xF4, 0xD2, 0xE9, 0xFC, 0x84, 0x56, 0x68, 0x15, 0x83, 0xCB, 0x15,
    0x6E, 0xE7, 0x15, 0x8B, 0xB2, 0xA2, 0x58, 0x23, 0x9D, 0x01, 0x81, 0xE5, 0x60, 0x67, 0x90, 0x2A,
    0x0F, 0xE4, 0xED, 0x6F, 0xDC, 0x20, 0xDD, 0x3E, 0xCC, 0x4C, 0xF1, 0xC9, 0x99, 0x51, 0x0C, 0x92,
    0xA7, 0x1B, 0x59, 0x55, 0x56, 0xFF, 0x77, 0xA3, 0xF4, 0xE1, 0x6D, 0xAC, 0x9E, 0x1C, 0xA0, 0xE5,
    0x15, 0xE6, 0xD8, 0xD9, 0xA5, 0xF5, 0xCE, 0x2D, 0x0D, 0xD3, 0x41, 0x9E, 0xBC, 0xD2, 0x64, 0x95,
    0xF2, 0x46, 0x56, 0xC5, 0x46, 0x2E, 0x36, 0xE2, 0xDE, 0x26, 0x4D, 0x2E, 0xA9, 0xE4, 0x96, 0x05,
    0x47, 0x16, 0x1C, 0xEF, 0x1D, 0xD2, 0x29, 0xE7, 0x16, 0x74, 0xCA, 0x2A, 0x34, 0x3B, 0x77, 0x34,
    0x9B, 0xA3, 0xE3, 0x9C, 0xE5, 0x82, 0x62, 0x24, 0xD4, 0xE6, 0x58, 0x36, 0xCB, 0xB6, 0x68, 0x8A,
    0x26, 0xDF, 0x7D, 0xEA, 0xBC, 0xDE, 0x5D, 0x61, 0x51, 0xAC, 0x0A, 0x51, 0xA9, 0x98, 0x7C, 0xD1,
    0x89, 0x53, 0xA7, 0x2E, 0x27, 0x53, 0x34, 0x7B, 0x22, 0x33, 0xB5, 0xFF, 0x1E, 0x69, 0x5F, 0x12,
    0x86, 0x45, 0x25, 0xF4, 0x0B, 0x54, 0xD7, 0x5E, 0x4E, 0x82, 0x50, 0x6E, 0x6B, 0x73, 0x8C, 0xB1,
    0x4E, 0x56, 0x65, 0x63, 0x15, 0x6B, 0x37, 0x92, 0xCF, 0x9B, 0xEC, 0x2D, 0x38, 0x81, 0x71, 0xDE,
    0x82, 0xE9, 0x17, 0x23, 0xED, 0x1C, 0xC5, 0x01, 0x6E, 0x20, 0xA9, 0x5E, 0x40, 0xFA, 0x87, 0x13,
    0x58, 0x9B, 0x4F, 0xE0, 0x17, 0x65, 0xD5, 0x3F, 0xA5, 0x12, 0xBE, 0x80, 0xF4, 0x3F, 0x84, 0x0B,
    0x58, 0x40, 0x5E, 0x43, 0xFD, 0x45, 0x48, 0xFF, 0x18, 0xA7, 0x88, 0x15, 0x69, 0x8B, 0xEF, 0xBF,
    0x80, 0xF4, 0xE3, 0x37, 0x5B, 0xE2, 0x4F, 0x5B, 0xB2, 0x4D, 0x85, 0x73, 0x30, 0x47, 0xB9, 0xA9,
    0xF6, 0x05, 0xB3, 0x68, 0x92, 0xD1, 0x92, 0x0B, 0x2B, 0x2E, 0xC2, 0xC0, 0xE3, 0xAC, 0x47, 0x6C,
    0x11, 0x1B, 0x14, 0x8D, 0xCB, 0x4D, 0x59, 0xBB, 0x39, 0x3E, 0x97, 0xD0, 0xEF, 0xA5, 0x11, 0xBA,
    0xA2, 0x91, 0xB5, 0xB1, 0x93, 0xD7, 0x93, 0x19, 0x4C, 0x36, 0xDF, 0x19, 0xB8, 0xB9, 0xA9, 0x0E,
    0xF7, 0x6E, 0xF8, 0xF5, 0xF8, 0xE9, 0xB7, 0x6C, 0xBA, 0xC9, 0x28, 0xBF, 0xFB, 0x0B, 0x2E, 0x92,
    0x81, 0x21, 0xE9, 0x25, 0xFD, 0x74, 0x8B, 0x84, 0xDD, 0xB7, 0xAC, 0x65, 0x2C, 0x2A, 0xE9, 0x5F,
    0x8D, 0x64, 0x90, 0x57, 0xC8, 0xB6, 0x23, 0xD9, 0xE5, 0xB6, 0x72, 0x4B, 0x51, 0x3B, 0x96, 0xEF,
    0x24, 0x52, 0xDE, 0x7D, 0xC2, 0x97, 0xB6, 0x8F, 0x5E, 0xFC, 0xB5, 0x72, 0x67, 0x9E, 0x47, 0x1D,
    0x92, 0x16, 0xFA, 0xAF, 0x61, 0xD9, 0x7D, 0xD6, 0x1B, 0x66, 0x5B, 0x49, 0x06, 0xB2, 0x9A, 0xE8,
    0x30, 0xBE, 0x51, 0x09, 0x1B, 0xE6, 0x38, 0x47, 0xD2, 0x23, 0xB4, 0x88, 0x15, 0xBE, 0x6A, 0x8E,
    0xB2, 0xC2, 0xBF, 0x35, 0x24, 0x7F, 0xBD, 0x93, 0x9F, 0xD5, 0xD8, 0xBE, 0x48, 0x13, 0x23, 0x6D,
    0xC9, 0x0E, 0xAE, 0xE2, 0x04, 0xEF, 0xE0, 0x09, 0xE1, 0x1F, 0xC9, 0x32, 0xB2, 0x3F, 0x24, 0x8C,
    0x9F, 0xCF, 0xD8, 0x98, 0x67, 0x77, 0x4E, 0x1A, 0xB1, 0x06, 0x4E, 0x00, 0xEF, 0xC0, 0x1C, 0x3B,
    0xFA, 0x6D, 0x85, 0xB0, 0x71, 0xB3, 0x41, 0x58, 0x4B, 0x1B, 0x5C, 0xBF, 0xA0, 0xC5, 0x1B, 0x2B,
    0xE0, 0x7C, 0x04, 0xC9, 0x4F, 0xC6, 0xA4, 0x46, 0xF8, 0xC6, 0x90, 0x55, 0xB8, 0x9E, 0xEE, 0x7F,
    0x7E, 0x14, 0xFA, 0x02, 0xDE, 0x0F, 0x5D, 0x06, 0xDB, 0x6D, 0x97, 0x20, 0xD4, 0x79, 0x0B, 0xB9,
    0xBC, 0xA1, 0xF2, 0x9A, 0xD8, 0x48, 0x1B, 0x6F, 0x89, 0x8D, 0x9C, 0x4E, 0xD1, 0xB8, 0x2D, 0xEB,
    0x2C, 0xDB, 0x2F, 0x8D, 0x16, 0x63, 0xD8, 0xCE, 0xAD, 0xED, 0x44, 0x21, 0x6B, 0xCC, 0x4B, 0xE7,
    0xE4, 0x93, 0xF8, 0xC5, 0xF0, 0xDB, 0x9B, 0xEA, 0xF9, 0x2C, 0x5D, 0xBE, 0xDB, 0x66, 0x4D, 0x3E,
    0x4E, 0xAE, 0xB6, 0x4F, 0xBB, 0x52, 0xE8, 0x42, 0xBB, 0x9B, 0xAD, 0x3B, 0x4E, 0xC4, 0xBF, 0x69,
    0x9D, 0x89, 0x57, 0x3C, 0x10, 0x9B, 0x49, 0x5B, 0xEF, 0x2C, 0x94, 0x7D, 0x52, 0x3F, 0x9F, 0xB9,
    0xF5, 0x1F, 0xED, 0xDA, 0xD4, 0x7B, 0xBF, 0xE4, 0xD3, 0x2F, 0xBE, 0x30, 0x20, 0x7D, 0x1F, 0xCE,
    0xE7, 0x43, 0xF2, 0xAF, 0xDB, 0xCA, 0x83, 0xF4, 0xA7, 0x6D, 0xD2, 0x87, 0x3F, 0xED, 0x43, 0x9B,
    0xED, 0x0E, 0x49, 0xB4, 0x2A, 0xAA, 0x57, 0xAD, 0x17, 0x8E, 0x76, 0xF2, 0xB6, 0xF5, 0x43, 0xF7,
    0xAD, 0x3F, 0x72, 0x6E, 0xF5, 0x91, 0xD6, 0xF8, 0x30, 0x6D, 0xD2, 0x61, 0x19, 0xEA, 0xD0, 0x2D,
    0xB2, 0x2A, 0x6F, 0x8A, 0x3F, 0x53, 0xC8, 0x7F, 0xE1, 0x4C, 0xB2, 0x79, 0xB7, 0x63, 0x71, 0x85,
    0xB7, 0xE0, 0x06, 0xF8, 0x00, 0x23, 0x69, 0x4F, 0x5E, 0xF3, 0x65, 0x40, 0xB6, 0x3E, 0xF2, 0xC3,
    0x65, 0x9F, 0xB4, 0x79, 0x1B, 0xEA, 0xBC, 0xCF, 0xAB, 0xB2, 0x8F, 0xFE, 0xB9, 0x8F, 0xE1, 0x47,
    0x7D, 0xF1, 0x07, 0x49, 0x5F, 0x3C, 0x4E, 0xDB, 0xD8, 0x85, 0x26, 0xEF, 0x72, 0xF1, 0xEA, 0xCC,
    0x5B, 0x97, 0x2D, 0xAE, 0x87, 0x9A, 0xF8, 0xAD, 0x96, 0xEC, 0xEF, 0x06, 0xF4, 0xC7, 0xF8, 0xEA,
    0x2B, 0x2F, 0xC5, 0xB8, 0xDF, 0xBF, 0xC5, 0x59, 0x41, 0x99, 0x37, 0xB2, 0x9F, 0xF4, 0x3C, 0xFA,
    0xFA, 0xE7, 0xDE, 0xDF, 0x58, 0x36, 0x24, 0x4F, 0x7B, 0x42, 0x73, 0x4E, 0xE2, 0xC6, 0xCB, 0x6B,
    0x45, 0x20, 0xD9, 0x90, 0xFF, 0x65, 0xED, 0xF5, 0xD0, 0xB8, 0x96, 0x54, 0xF0, 0xF9, 0xB2, 0xFA,
    0xF0, 0x96, 0xFD, 0x3C, 0x59, 0xE4, 0x0D, 0xF9, 0x8F, 0x3A, 0xD4, 0x5F, 0x03, 0xA6, 0x13, 0x71,
    0xEF, 0xE3, 0xEF, 0x0C, 0x62, 0xE3, 0x6D, 0xB1, 0x76, 0xA4, 0xA8, 0x50, 0x40, 0xE9, 0x4D, 0x16,
    0xCE, 0x59, 0x6C, 0x7B, 0x1E, 0xDE, 0xED, 0x78, 0xA0, 0xE5, 0x42, 0xC5, 0x0A, 0x46, 0xBE, 0x9E,
    0x8C, 0xBC, 0x9F, 0x0C, 0x74, 0x61, 0xF0, 0x1C, 0x70, 0x7D, 0xF7, 0xD2, 0x72, 0xBB, 0x5D, 0x4F,
    0x6D, 0x5D, 0xDA, 0x5F, 0x30, 0x2E, 0xB8, 0x93, 0xD7, 0x52, 0x35, 0x28, 0x07, 0xC9, 0xB3, 0x27,
    0xB2, 0x7A, 0xAA, 0xBA, 0xEE, 0xB8, 0xED, 0x24, 0x1D, 0x1C, 0xBF, 0xC7, 0xF2, 0x11, 0x0F, 0x70,
    0xEA, 0x15, 0xA5, 0xD7, 0xC4, 0x8F, 0xCF, 0xA7, 0x7A, 0x6C, 0xBE, 0xA5, 0x10, 0xDF, 0xAD, 0xB9,
    0x1D, 0x1A, 0xAE, 0x25, 0xC0, 0xCB, 0xC8, 0x06, 0xE4, 0x23, 0x27, 0x3F, 0xE0, 0xC3, 0xEB, 0xDC,
    0xB8, 0x06, 0x3E, 0x73, 0x46, 0xFD, 0x31, 0xE3, 0x29, 0x27, 0xB1, 0x92, 0x7F, 0xB3, 0x95, 0xD4,
    0xDF, 0xFF, 0x4D, 0x77, 0x8A, 0x31, 0x34, 0xE2, 0x9F, 0x74, 0x42, 0x37, 0xEE, 0x5B, 0xA6, 0x2F,
    0xA7, 0xC0, 0x6B, 0x24, 0x2B, 0xB2, 0xC3, 0xEF, 0x0C, 0xE8, 0x49, 0x7A, 0xD2, 0xDD, 0xE8, 0x08,
    0xED, 0x7E, 0x14, 0x03, 0x97, 0x2B, 0x40, 0xBA, 0x26, 0x7E, 0x8F, 0xE3, 0xAC, 0xF2, 0xD5, 0xE4,
    0x85, 0x74, 0xB7, 0x50, 0xB6, 0x9E, 0xF5, 0xA1, 0xB9, 0x9F, 0x54, 0x37, 0xFE, 0x9F, 0x0D, 0x6E,
    0xF7, 0x36, 0x86, 0x93, 0x79, 0xCF, 0xC7, 0xD0, 0x90, 0x54, 0xEF, 0xBC, 0x94, 0x06, 0x77, 0x5E,
    0xD0, 0x07, 0x45, 0x25, 0x7E, 0x6B, 0x5E, 0xD0, 0xCF, 0xD8, 0xE0, 0x82, 0x6C, 0x85, 0xD7, 0xBF,
    0x87, 0xE3, 0x1C, 0x37, 0x92, 0x97, 0xD8, 0xAE, 0xCF, 0xCB, 0x5D, 0xEC, 0x96, 0x3B, 0xAF, 0xE6,
    0xFF, 0xFC, 0x33, 0x67, 0x94, 0xB4, 0xF7, 0x49, 0xFA, 0x33, 0x5C, 0x94, 0x87, 0x17, 0x25, 0x52,
    0xF5, 0x7C, 0x76, 0x37, 0xDC, 0xFB, 0xF8, 0x5E, 0x27, 0x36, 0xE9, 0x20, 0xD6, 0x46, 0x45, 0x65,
    0xA5, 0xAC, 0x92, 0x51, 0x29, 0xED, 0x2D, 0xE4, 0xAD, 0xD3, 0xE4, 0xB2, 0xB2, 0xDC, 0x0E, 0x3C,
    0x49, 0x47, 0x2E, 0xAC, 0x58, 0x79, 0xC2, 0xE8, 0xA1, 0x64, 0xB0, 0xD8, 0xBF, 0xDF, 0x0E, 0x83,
    0xA2, 0xB9, 0xB9, 0xB6, 0xEC, 0x96, 0xDB, 0x74, 0x3B, 0xFE, 0x8F, 0x4B, 0xF3, 0x95, 0xB2, 0x4E,
    0xD7, 0xFF, 0xD0, 0xA6, 0x9B, 0xD0, 0x5A, 0x85, 0xC6, 0xF8, 0xBF, 0x9C, 0x83, 0xB5, 0x39, 0xF2,
    0x11, 0x27, 0xEF, 0xE1, 0x7E, 0x34, 0x17, 0x03, 0x5E, 0x4A, 0x36, 0x90, 0xAD, 0x79, 0xFD, 0x93,
    0x4B, 0xF3, 0x99, 0x33, 0x0A, 0xF5, 0xF4, 0xAF, 0x03, 0xC9, 0x70, 0x86, 0xE3, 0x88, 0x57, 0x92,
    0xEA, 0x25, 0xF4, 0x5D, 0xD3, 0xB6, 0x98, 0x76, 0xC5, 0x45, 0x49, 0x91, 0x35, 0xD2, 0xEA, 0xD1,
    0xE7, 0x7F, 0x9B, 0xA2, 0xE8, 0xF1, 0xC3, 0x33, 0xF4, 0x47, 0x73, 0x13, 0xC9, 0xCB, 0x7B, 0x7D,
    0x92, 0x8D, 0xDC, 0x7E, 0x8F, 0xFB, 0x91, 0x1B, 0xAF, 0x80, 0xCF, 0x95, 0x55, 0x72, 0xF9, 0xB3,
    0x5A, 0xF1, 0xF1, 0x65, 0xB3, 0x37, 0x9B, 0x2B, 0xA1, 0x35, 0x48, 0xBA, 0x64, 0xA4, 0xB3, 0x86,
    0xCB, 0xF6, 0xD0, 0x42, 0xDA, 0xEF, 0x91, 0x9B, 0x5B, 0x58, 0x36, 0xF7, 0x89, 0xCD, 0x31, 0x79,
    0x73, 0x4A, 0x6C, 0xCA, 0x5A, 0xAC, 0x62, 0xE7, 0x54, 0xDC, 0xF5, 0x86, 0xD9, 0xB7, 0xE7, 0x72,
    0x43, 0x85, 0xD0, 0x22, 0x74, 0x48, 0x1B, 0x64, 0x70, 0x0D, 0x96, 0xFF, 0x2E, 0x3C, 0xBD, 0x94,
    0x55, 0x51, 0x5E, 0x85, 0x2A, 0x6F, 0x09, 0x9B, 0x8A, 0xE5, 0xB8, 0xA3, 0xF3, 0x48, 0xE1, 0x7D,
    0xD1, 0xB1, 0xD7, 0x2D, 0xFE, 0xFC, 0xB1, 0x5B, 0x97, 0x07, 0xF2, 0x1B, 0x58, 0xE1, 0x02, 0x1F,
    0xA0, 0x05, 0xD2, 0xE9, 0x6F, 0x62, 0xD9, 0xD5, 0xBD, 0xBF, 0xD8, 0x88, 0xCA, 0xAA, 0x70, 0xAC,
    0x94, 0x55, 0x37, 0x2C, 0x24, 0x38, 0x05, 0x0F, 0xC1, 0x13, 0x70, 0x01, 0x56, 0x60, 0x84, 0x64,
    0xAF, 0x03, 0xA4, 0x3D, 0x84, 0x59, 0x91, 0x75, 0x50, 0x0E, 0x30, 0x5F, 0xDF, 0x90, 0x80, 0xA2,
    0x82, 0x58, 0x43, 0x04, 0x47, 0x33, 0x2D, 0xF0, 0xA6, 0x64, 0xBE, 0x5E, 0x96, 0xDB, 0xA6, 0xF8,
    0x58, 0xDE, 0xC8, 0x6B, 0xB1, 0x12, 0x29, 0x28, 0xB8, 0xC3, 0x09, 0x27, 0xD7, 0x2C, 0x46, 0x65,
    0x0D, 0xAF, 0x50, 0x52, 0x54, 0x22, 0x6F, 0x70, 0x83, 0xFF, 0x02, 0x65, 0xCE, 0x21, 0x4C, 0xC3,
    0x40, 0x00, 0x40, 0xD1, 0x7F, 0x5D, 0x49, 0x43, 0x0E, 0x7A, 0xF5, 0x63, 0x2B, 0x3E, 0x94, 0x22,
    0x4F, 0x5C, 0x7B, 0x17, 0xBC, 0xC0, 0x27, 0x04, 0xBC, 0x22, 0xA4, 0x62, 0x82, 0xA4, 0x07, 0xF8,
    0x04, 0xEF, 0xBD, 0x01, 0x31, 0x81, 0x38, 0xAF, 0x1A, 0xBC, 0x38, 0xBC, 0xA9, 0x98, 0x18, 0x09,
    0x00, 0xAB, 0x9E, 0xFF, 0xC9, 0x7F, 0x86, 0x16, 0xE5, 0x92, 0x81, 0x5B, 0x31, 0xCC, 0x06, 0xE5,
    0x2B, 0x4E, 0x01, 0x18, 0x99, 0xFF, 0xD0, 0x5B, 0xA7, 0x15, 0x80, 0x0C, 0xA1, 0xFA, 0x1C, 0xF4,
    0x7D, 0xD0, 0xD6, 0x01, 0xD0, 0xFF, 0x01, 0x60, 0x32, 0xD7, 0x94, 0xA8, 0x2D, 0x00, 0xB4, 0xF4,
    0x58, 0x52, 0x80, 0x3A, 0x19, 0xED, 0xF3, 0xA6, 0xBE, 0x1C, 0x53, 0x1C, 0x58, 0xE6, 0x48, 0x8E,
    0x00, 0xC8, 0xE2, 0x62, 0xA5, 0xB5, 0xB9, 0x2B, 0x07, 0x48, 0x0F, 0xCC, 0xD2, 0x54, 0x9D, 0x89,
    0x17, 0x8D, 0x74, 0xBB, 0x59, 0xF9, 0x45, 0x12, 0x00, 0xDE, 0x2A, 0xDE, 0x6B, 0xAC, 0xF2, 0xF2,
    0x29, 0xE2, 0x27, 0x51, 0xF6, 0xCD, 0xF2, 0x06, 0x23, 0x29, 0x04, 0xC2, 0xE5, 0x4C, 0xEE, 0x96,
    0xE9, 0xC5, 0x09, 0xC7, 0xE4, 0xE7, 0xD7, 0xBB, 0xA2, 0x80, 0x12, 0xEB, 0x6B, 0xB7, 0x67, 0x10,
    0x28, 0xAF, 0x82, 0x74, 0x0B, 0x0A, 0xF0, 0x33, 0xA7, 0x36, 0xE2, 0x81, 0xB3, 0xAB, 0x55, 0x1F,
    0x01, 0xC4, 0x5A, 0xBE, 0x54, 0x68, 0x3A, 0xCC, 0x61, 0xB9, 0x05, 0x18, 0xF3, 0xB5, 0xB1, 0x11,
    0x00, 0xF5, 0x18, 0x9A, 0x8F, 0xD0, 0xBD, 0xFA, 0xCE, 0x02, 0x40, 0xFF, 0x0B, 0xFF, 0xC5, 0xD8,
    0x01, 0x84, 0x24, 0xF9, 0x7E, 0xC0, 0xF1, 0x4F, 0x55, 0xED, 0xAA, 0x27, 0x95, 0x9D, 0x5A, 0x3C,
    0xDE, 0x63, 0x77, 0xAF, 0x12, 0x1E, 0x5E, 0x98, 0xDD, 0x5A, 0x4C, 0x98, 0x63, 0x66, 0xBA, 0x78,
    0x00, 0x10, 0xB8, 0x04, 0x4F, 0xF2, 0x08, 0x80, 0xE4, 0x32, 0x62, 0xB0, 0x62, 0x67, 0xBB, 0x5E,
    0x82, 0x07, 0x70, 0x00, 0x10, 0x59, 0x00, 0x40, 0x93, 0xE5, 0x82, 0xDD, 0x9D, 0xFF, 0xBB, 0x03,
    0x1C, 0x51, 0x17, 0x2E, 0x70, 0x48, 0xAD, 0x58, 0x41, 0x70, 0x1D, 0xE9, 0xD0, 0x1B, 0x3D, 0xD3,
    0xD9, 0xAA, 0x3F, 0x1A, 0x59, 0x92, 0xA7, 0xFB, 0x66, 0x4C, 0xD7, 0x0F, 0x03, 0x5D, 0x9F, 0x6F,
    0x95, 0x5F, 0xE9, 0xC2, 0x2B, 0x24, 0x97, 0xC8, 0x5E, 0x23, 0x9F, 0xE0, 0x4E, 0x8D, 0x9F, 0xD6,
    0x0D, 0x8F, 0xAB, 0x86, 0xE7, 0x65, 0x2B, 0x09, 0x65, 0x90, 0x35, 0x65, 0x90, 0x2B, 0x82, 0x72,
    0xBD, 0xEE, 0xFC, 0xDE, 0x27, 0x7F, 0xD4, 0x7B, 0x2C, 0x9B, 0xEB, 0xDF, 0x8F, 0x24, 0xBC, 0x1F,
    0x59, 0x2B, 0x5B, 0x54, 0x9D, 0x7B, 0xAB, 0xC9, 0xD2, 0xF4, 0x0A, 0x00, 0xC9, 0x1C, 0xD9, 0x12,
    0xE9, 0x02, 0x1A, 0x54, 0x8B, 0xBB, 0xC9, 0xBB, 0x4F, 0x67, 0x79, 0x28, 0xFA, 0xB2, 0xC9, 0xBA,
    0x5A, 0x16, 0x4E, 0xE4, 0xE1, 0x58, 0x11, 0x9E, 0x2A, 0xDA, 0x73, 0x65, 0x33, 0x1C, 0x13, 0x75,
    0x53, 0xFD, 0xF3, 0x77, 0x7D, 0x7A, 0xF5, 0x71, 0x03, 0xE0, 0x29, 0xAE, 0x70, 0x8E, 0xBB, 0x00,
    0x4C, 0x1A, 0xFC, 0xA8, 0x45, 0x0E, 0x77, 0x00, 0x70, 0x2D, 0xD6, 0x15, 0xFE, 0x1C, 0xFB, 0x78,
    0x0C, 0xD8, 0x52, 0x3A, 0x43, 0xCC, 0x27, 0xEB, 0xA0, 0x6C, 0xB0, 0xF7, 0x43, 0x24, 0x17, 0x1D,
    0xF2, 0xFF, 0x9C, 0x23, 0xFF, 0xE5, 0x1C, 0x1B, 0x68, 0x94, 0x46, 0x6A, 0xB4, 0x46, 0x6C, 0xD4,
    0x46, 0x6E, 0xF4, 0x46, 0x70, 0x14, 0x47, 0x72, 0x34, 0x47, 0x74, 0x54, 0x8F, 0x6C, 0xA3, 0xDB,
    0x08, 0x37, 0xCA, 0x45, 0x3A, 0xB2, 0x80, 0x22, 0xA0, 0x6A, 0xF0, 0x14, 0x67, 0x9F, 0x91, 0xAF,
    0x1B, 0xEA, 0xBF, 0x0B, 0x3C, 0xCC, 0xDB, 0x4D, 0x0C, 0x43, 0x0D, 0x43, 0x0E, 0x43, 0x0F, 0x43,
    0x10, 0x43, 0x11, 0x43, 0x12, 0x43, 0x13, 0x43, 0x90, 0x38, 0x86, 0x2C, 0x86, 0x2E, 0x36, 0x61,
    0x24, 0x1D, 0x62, 0x96, 0x97, 0xF0, 0x11, 0xA4, 0x7B, 0xB1, 0x4A, 0x8C, 0x32, 0x34, 0xB9, 0x8E,
    0x4B, 0x5F, 0x88, 0xF4, 0xAC, 0xC7, 0x3F, 0xE0, 0x07, 0x67, 0x51, 0x3E, 0xC0, 0xA3, 0x7B, 0xBB,
    0x5B, 0x00, 0x5E, 0xC3, 0x2F, 0xE0, 0x0E, 0xFC, 0x14, 0x37, 0x82, 0x05, 0xB2, 0x05, 0xC9, 0x13,
    0x9C, 0xA2, 0x67, 0xF7, 0xE0, 0xF3, 0x3D, 0x92, 0x6F, 0xF7, 0x48, 0xBF, 0xFC, 0x63, 0xD2, 0x2F,
    0x96, 0x00, 0xDC, 0x28, 0x3D, 0x9D, 0x3F, 0x56, 0x3C, 0x39, 0xB0, 0x77, 0x7F, 0x66, 0xAF, 0xEC,
    0x00, 0x76, 0x95, 0x60, 0x0B, 0xE4, 0x75, 0xEC, 0xEC, 0x0F, 0x53, 0x77, 0xBF, 0xCB, 0xCF, 0x60,
    0x81, 0xAC, 0x47, 0xD9, 0xE0, 0x87, 0x00, 0x20, 0x0B, 0x2F, 0xC8, 0xBE, 0xEE, 0xB1, 0x6E, 0xAF,
    0xA7, 0x4B, 0x1A, 0xC8, 0x03, 0x55, 0xC3, 0x11, 0xFE, 0x00, 0x80, 0x8F, 0xB2, 0xA0, 0x2C, 0x1A,
    0xF9, 0xA5, 0xED, 0x6A, 0xA4, 0x01, 0xE9, 0x1C, 0x96, 0xF0, 0x08, 0xD2, 0x1B, 0x96, 0x97, 0x28,
    0x5B, 0xB2, 0x0E, 0x0B, 0xFC, 0xD8, 0xEE, 0xE5, 0x40, 0x19, 0x70, 0xBB, 0x43, 0x12, 0x90, 0x35,
    0x70, 0xC3, 0x7C, 0x30, 0xC5, 0x3D, 0x14, 0xF8, 0x6D, 0xD8, 0x22, 0xC1, 0x36, 0x8B, 0xEF, 0xE6,
    0x12, 0xA4, 0xF3, 0x83, 0x0F, 0x2F, 0xBE, 0x9D, 0x27, 0xD8, 0xDE, 0xB7, 0xFB, 0x9D, 0xB7, 0x11,
    0x62, 0xF7, 0xFB, 0x8E, 0xF5, 0x7A, 0x3D, 0xF7, 0x17, 0xDF, 0xFC, 0xE1, 0x42, 0x19, 0x1C, 0x2A,
    0x5B, 0xFB, 0x06, 0x95, 0x0A, 0x6A, 0x8F, 0x99, 0x98, 0x31, 0x59, 0xCF, 0x79, 0xF6, 0x49, 0xCF,
    0xB9, 0x8E, 0x97, 0x1A, 0x56, 0xB0, 0xE4, 0x27, 0xC9, 0x92, 0xD3, 0x64, 0x41, 0x9F, 0x2D, 0xE4,
    0xA1, 0xB8, 0xFC, 0xE4, 0xC2, 0x74, 0xBD, 0xBE, 0x04, 0x80, 0xAC, 0x47, 0x3E, 0x32, 0xE7, 0xD0,
    0xA0, 0x5E, 0x48, 0xFE, 0xEB, 0x95, 0xBC, 0x9D, 0x28, 0xD5, 0x1E, 0x79, 0xE8, 0x38, 0x5D, 0x38,
    0xFA, 0x94, 0xE9, 0x67, 0x9C, 0xE3, 0xC4, 0x6D, 0xB5, 0xFB, 0xCA, 0x6F, 0x66, 0x92, 0xF5, 0x06,
    0x63, 0x49, 0xB2, 0xC2, 0x8A, 0x8D, 0x26, 0xFE, 0xCB, 0x9F, 0xC1, 0x21, 0x9C, 0xC2, 0xB5, 0x59,
    0x23, 0x30, 0x99, 0xA1, 0x27, 0x09, 0x80, 0xAD, 0xA4, 0x45, 0x08, 0x3C, 0x7C, 0xD3, 0x71, 0xF8,
    0x97, 0x81, 0xC3, 0x49, 0x73, 0xBD, 0xA2, 0x3A, 0xE7, 0xF3, 0x5F, 0x35, 0xDE, 0x7C, 0x45, 0x7F,
    0xB9, 0xB5, 0x28, 0x6B, 0xA1, 0x6C, 0xA1, 0x06, 0x4F, 0xE0, 0x45, 0x8B, 0xFC, 0x0A, 0x26, 0xBF,
    0x08, 0x38, 0x2E, 0x1A, 0x6C, 0x90, 0x51, 0x19, 0x99, 0xD1, 0x19, 0xA1, 0x2A, 0x88, 0xD4, 0x68,
    0x8D, 0xD8, 0xA8, 0x8D, 0xDC, 0xE8, 0xB5, 0x42, 0x14, 0x1B, 0xC9, 0x46, 0xB3, 0x11, 0x6D, 0x54,
    0x6F, 0xD8, 0x7B, 0x70, 0x02, 0x2F, 0x91, 0xF6, 0xA4, 0xFF, 0x84, 0x6A, 0x89, 0xCB, 0x67, 0x58,
    0x3C, 0xB4, 0x09, 0x31, 0x96, 0x18, 0x53, 0x8C, 0x2D, 0xC6, 0x18, 0x63, 0x8D, 0x21, 0x47, 0xEC,
    0xE1, 0x9C, 0x58, 0x64, 0x4C, 0x32, 0x36, 0x11, 0xA3, 0x94, 0x8C, 0x24, 0xB2, 0x0E, 0x5E, 0xC0,
    0x8F, 0x5F, 0xC4, 0x20, 0xB1, 0xC7, 0x90, 0xE3, 0x3A, 0xAE, 0xF8, 0x11, 0x4E, 0xC4, 0xB4, 0x59,
    0x87, 0x3F, 0xED, 0x06, 0x74, 0x34, 0x47, 0xF2, 0x36, 0xF7, 0xB2, 0x6C, 0x8E, 0xE4, 0x0C, 0x4E,
    0xA1, 0xC3, 0x8D, 0x40, 0x81, 0x32, 0x70, 0xBB, 0x23, 0x09, 0x64, 0x8D, 0x74, 0x67, 0xD8, 0x68,
    0x3D, 0xA5, 0x3C, 0x3B, 0xE5, 0xCE, 0xFE, 0x9C, 0x3B, 0x65, 0x00, 0xE0, 0x46, 0xD9, 0xE5, 0x2F,
    0x83, 0xE3, 0xAF, 0x83, 0x83, 0xBF, 0x7F, 0x7F, 0x4C, 0x00, 0xEC, 0x98, 0xBF, 0x7B, 0xE0, 0xF6,
    0x0F, 0x9C, 0x0F, 0x33, 0x77, 0xFF, 0x20, 0x4A, 0x97, 0x92, 0xA7, 0x1C, 0xF0, 0x1C, 0x70, 0x71,
    0xA5, 0x1E, 0xC4, 0xE3, 0xA7, 0x1D, 0xC0, 0x35, 0x13, 0x26, 0x9C, 0x70, 0xCE, 0x4B, 0x56, 0xAC,
    0x58, 0x4A, 0x16, 0xB2, 0x85, 0x7B, 0x97, 0x26, 0x6B, 0x50, 0xB7, 0x7E, 0x14, 0x64, 0x8D, 0xDF,
    0x02, 0xB8, 0x2F, 0x59, 0xC9, 0x57, 0x2C, 0x59, 0x30, 0x97, 0xCC, 0xA5, 0x73, 0x69, 0x2F, 0xEB,
    0x86, 0x4F, 0xB5, 0x70, 0xB1, 0xDA, 0xEE, 0x4B, 0xC9, 0x83, 0xB2, 0x57, 0x74, 0x12, 0xA0, 0x62,
    0xD2, 0xAA, 0x1B, 0xB7, 0x7E, 0x93, 0x73, 0x00, 0x65, 0xA3, 0x0E, 0xAA, 0x56, 0x02, 0xD3, 0x05,
    0xC5, 0xDB, 0x69, 0xE3, 0x5C, 0xD1, 0x25, 0x73, 0xD9, 0x3C, 0xEB, 0x24, 0xCB, 0xB2, 0x65, 0x55,
    0x35, 0x5C, 0x4E, 0x10, 0xC7, 0x33, 0xAC, 0x5E, 0x13, 0xC7, 0xF2, 0x19, 0xE9, 0x62, 0x4A, 0xD6,
    0x4F, 0x28, 0x42, 0xD5, 0xAA, 0x14, 0x9D, 0x97, 0xD2, 0x77, 0x3F, 0xEF, 0xA9, 0xDF, 0x01, 0x1B,
    0x80, 0x81, 0x40, 0xD1, 0x21, 0x81, 0x6A, 0x21, 0x79, 0x7B, 0x25, 0x6F, 0xEA, 0x66, 0x4F, 0x19,
    0x1E, 0x2A, 0xC2, 0x91, 0x7C, 0x3C, 0xCE, 0xE5, 0xED, 0xB9, 0xA2, 0x19, 0x6F, 0x81, 0x76, 0x5F,
    0xF9, 0x76, 0x2E, 0xB9, 0x6A, 0x00, 0x78, 0x89, 0x4B, 0x6C, 0x2E, 0x34, 0x64, 0x8B, 0xFF, 0xBD,
    0xD2, 0x80, 0xEB, 0xB1, 0xA6, 0xF1, 0x95, 0x08, 0x07, 0x78, 0x0E, 0x6C, 0x21, 0x2D, 0x40, 0x05,
    0x8E, 0xC1, 0xE8, 0x7B, 0xD3, 0xE0, 0xDE, 0x25, 0x4C, 0x27, 0xF0, 0xA4, 0x82, 0x0D, 0x32, 0x2A,
    0x47, 0xA6, 0xD1, 0x69, 0x84, 0x1A, 0xA5, 0x46, 0xAA, 0x89, 0xCD, 0x1C, 0xB5, 0x46, 0xAE, 0xD1,
    0x6B, 0x04, 0x1B, 0xC5, 0x46, 0xB2, 0xD1, 0x1C, 0xD1, 0x51, 0xBD, 0x61, 0xE7, 0x0D, 0xCA, 0x06,
    0x27, 0xB0, 0xC0, 0x7F, 0x34, 0xE2, 0x19, 0x4E, 0x26, 0x0D, 0x87, 0xA5, 0x4D, 0x88, 0xB1, 0xC4,
    0x98, 0xC2, 0xD0, 0xC2, 0x10, 0xC3, 0x50, 0x22, 0x8E, 0xA1, 0x87, 0x21, 0x88, 0x89, 0xD2, 0x98,
    0x64, 0x6C, 0x22, 0x46, 0x79, 0x00, 0x15, 0x14, 0x01, 0x49, 0x0F, 0xBF, 0xDB, 0xC7, 0x20, 0x43,
    0x8F, 0x98, 0xE3, 0x3A, 0xAE, 0xF8, 0x03, 0x54, 0x28, 0x02, 0xC9, 0x1C, 0x3F, 0x99, 0xC7, 0xB3,
    0x18, 0xCC, 0x91, 0xBC, 0xD5, 0x3D, 0x5E, 0xF4, 0xB8, 0x3D, 0x87, 0x0E, 0x69, 0x4B, 0x72, 0x23,
    0x50, 0x20, 0xEF, 0xC5, 0xB3, 0xE9, 0x49, 0x02, 0x3B, 0xC5, 0x16, 0x5D, 0xC7, 0x83, 0x59, 0xCF,
    0xFE, 0xEF, 0x77, 0xEC, 0xD7, 0x2D, 0x00, 0x37, 0xCA, 0xCE, 0xBB, 0xE7, 0xF6, 0x66, 0xBD, 0xFD,
    0x8F, 0x3B, 0xFB, 0x55, 0x0B, 0xB0, 0x63, 0xFE, 0xEE, 0x81, 0xDB, 0xAF, 0xE7, 0xDD, 0x33, 0x3F,
    0xB8, 0xB6, 0x1F, 0xC0, 0x31, 0x2C, 0x91, 0x75, 0x87, 0xA4, 0xF6, 0x31, 0x8C, 0xE9, 0xD5, 0xD1,
    0xC0, 0x5F, 0x0E, 0xFC, 0x7E, 0xF7, 0xFC, 0x8F, 0x70, 0x82, 0x97, 0xA4, 0xFD, 0x81, 0xF8, 0xBD,
    0xFB, 0xAA, 0xCB, 0xA3, 0xE4, 0xED, 0x7A, 0xF1, 0x1E, 0xD8, 0xFE, 0xFF, 0x81, 0x2F, 0x88, 0x3C,
    0x27, 0x50, 0xB4, 0x87, 0x68, 0xAF, 0x07, 0x72, 0x86, 0xA7, 0xA8, 0x91, 0x87, 0x03, 0xDA, 0x2D,
    0x20, 0x1F, 0x7E, 0x90, 0x1E, 0xC2, 0x56, 0x9A, 0x2D, 0x1E, 0xA4, 0xC3, 0xD8, 0x56, 0x54, 0xFD,
    0xAC, 0xE5, 0xAF, 0xBE, 0x6C, 0x99, 0xFD, 0x5B, 0xC3, 0xEC, 0xD9, 0x35, 0x8B, 0xAA, 0xBF, 0x6E,
    0x7D, 0xFC, 0x45, 0x70, 0xFA, 0xAF, 0xAD, 0xD3, 0xE9, 0x2E, 0x44, 0xEC, 0x9E, 0xB0, 0xCD, 0xAA,
    0xB0, 0x3D, 0xEA, 0x03, 0x2B, 0x62, 0xB2, 0x6E, 0xEA, 0xCB, 0x7B, 0x97, 0x8A, 0x45, 0x36, 0x97,
    0x85, 0xBC, 0x97, 0xB5, 0x79, 0x27, 0x6B, 0x8A, 0x20, 0x6F, 0xCA, 0xA0, 0x50, 0x06, 0xA5, 0xAA,
    0xB5, 0xA7, 0x6A, 0xDC, 0x51, 0xF3, 0xC0, 0x84, 0x7D, 0x13, 0x8E, 0x9C, 0x70, 0x38, 0x8C, 0x99,
    0x09, 0xBD, 0xBA, 0xC9, 0x82, 0xF2, 0xED, 0xA7, 0x24, 0x17, 0x3D, 0x00, 0xA8, 0x61, 0xD2, 0xA0,
    0x86, 0x5B, 0x98, 0x86, 0x69, 0x57, 0x85, 0x2A, 0x14, 0xC3, 0x5F, 0x5B, 0xB4, 0x65, 0x53, 0xB6,
    0xA5, 0xB2, 0xA9, 0x94, 0x6A, 0x95, 0x47, 0x1E, 0x39, 0x76, 0xE2, 0xC4, 0x85, 0xFA, 0xE7, 0x17,
    0xA1, 0x58, 0x7E, 0xF6, 0x7F, 0xBD, 0x14, 0x2B, 0x3B, 0x3E, 0xFC, 0x76, 0xFB, 0x7A, 0xAC, 0x59,
    0x7C, 0x29, 0xC6, 0x0C, 0x01, 0xD8, 0x4E, 0x7A, 0x06, 0x16, 0x90, 0xF5, 0x1A, 0xCA, 0x46, 0xCF,
    0x0F, 0x98, 0x81, 0xD9, 0xC0, 0xFA, 0xEF, 0x7E, 0x70, 0xFD, 0x4B, 0x18, 0x61, 0x46, 0x99, 0x91,
    0x66, 0xB0, 0x31, 0xE2, 0xA2, 0x2E, 0xF2, 0xA2, 0x4F, 0xCD, 0x7D, 0x51, 0x18, 0x89, 0xD1, 0x18,
    0x91, 0x51, 0x39, 0x30, 0x5B, 0xA3, 0x73, 0x03, 0xDD, 0x87, 0xA7, 0xB0, 0x40, 0x16, 0xCC, 0xDC,
    0xE6, 0x14, 0x0E, 0xDE, 0x5B, 0xDF, 0x9D, 0xBD, 0xC7, 0x7E, 0x37, 0x7F, 0x6F, 0xFD, 0xB5, 0x81,
    0x6B, 0xF0, 0x1A, 0xC0, 0x06, 0xF1, 0x48, 0x1E, 0xCD, 0x23, 0x7A, 0x54, 0x8F, 0x6C, 0x1B, 0xB7,
    0xB4, 0x83, 0x74, 0x0E, 0x96, 0x34, 0x3C, 0xA2, 0x27, 0xBD, 0x49, 0xF9, 0x1C, 0x96, 0x70, 0x0C,
    0x45, 0x63, 0x26, 0x69, 0x77, 0x2B, 0x07, 0x94, 0x1D, 0xDC, 0xEE, 0x20, 0x09, 0x1A, 0x03, 0xAA,
    0xC7, 0x4D, 0xFA, 0x6D, 0x5E, 0x6D, 0xCD, 0x60, 0x1C, 0xC1, 0x0C, 0x76, 0x1F, 0x81, 0xF3, 0x3D,
    0x24, 0xFF, 0x3E, 0xCC, 0xF4, 0xCB, 0xBF, 0xD5, 0x48, 0x7F, 0xBD, 0x74, 0xF3, 0x11, 0x50, 0x67,
    0x0D, 0x9F, 0xFF, 0x4D, 0xC3, 0x9B, 0x6F, 0xD1, 0xBF, 0xFA, 0x9E, 0x22, 0x34, 0xE0, 0xE6, 0xC9,
    0x36, 0x72, 0x30, 0x69, 0xA0, 0x06, 0xB7, 0x00, 0xE0, 0x7B, 0xEA, 0x60, 0x89, 0x64, 0x05, 0xE3,
    0xB8, 0x0B, 0x7A, 0x58, 0xC0, 0x39, 0x94, 0x90, 0x34, 0xC0, 0x74, 0x1D, 0xAA, 0xAB, 0x6A, 0xD8,
    0xF7, 0xF9, 0x52, 0xDE, 0xA6, 0x4B, 0x7B, 0xAC, 0x1C, 0xF1, 0x7A, 0xB4, 0x26, 0x1D, 0xF5, 0xCF,
    0x1A, 0xCA, 0x7F, 0x44, 0xB1, 0x42, 0x3E, 0x47, 0xD6, 0x23, 0xEF, 0x50, 0x74, 0x28, 0x03, 0x71,
    0x54, 0x01, 0xD3, 0x8E, 0x6C, 0xBD, 0xC4, 0x43, 0x54, 0x28, 0x03, 0x69, 0x8F, 0xDF, 0x01, 0xF5,
    0xAA, 0x5C, 0x95, 0x7D, 0xDE, 0xE7, 0x5D, 0xD6, 0x66, 0x7D, 0x21, 0x9D, 0xDF, 0x97, 0xCC, 0x0F,
    0x59, 0xCC, 0x78, 0x17, 0xB8, 0x68, 0x98, 0xE2, 0x08, 0x2F, 0xD0, 0x93, 0x05, 0x8A, 0x86, 0x3D,
    0x1C, 0xE1, 0xB1, 0xEB, 0x21, 0x00, 0xF0, 0x14, 0xAE, 0xE0, 0x15, 0xDC, 0xDD, 0x05, 0xE4, 0x84,
    0xC7, 0x53, 0x4C, 0x70, 0x0B, 0x40, 0x3E, 0x47, 0x32, 0x87, 0x1E, 0x49, 0x80, 0xEB, 0xF4, 0x5E,
    0xE2, 0x4F, 0x70, 0x1F, 0x07, 0xB0, 0xF3, 0xCB, 0x06, 0xA8, 0x73, 0x7C, 0xFE, 0x2B, 0xBC, 0xF9,
    0x0A, 0xDD, 0xE5, 0x35, 0x4B, 0xE3, 0xAF, 0xEB, 0xB9, 0xFD, 0xC3, 0x3E, 0xFE, 0xBA, 0xDE, 0xBD,
    0xF4, 0x7F, 0x00, 0x7D, 0xCD, 0x81, 0x87, 0x1C, 0x57, 0x1C, 0xC0, 0xF1, 0xCF, 0xCC, 0x1C, 0xC3,
    0xBD, 0xE4, 0x66, 0x11, 0xA0, 0x9B, 0x6C, 0x11, 0x1C, 0xF6, 0xB2, 0xE8, 0xE1, 0xB0, 0x9B, 0x79,
    0x5A, 0xF4, 0x9F, 0x28, 0xED, 0x9F, 0x70, 0x38, 0xED, 0xB5, 0xC2, 0x4D, 0x5A, 0x40, 0x21, 0x00,
    0x14, 0x0E, 0xA0, 0x05, 0x87, 0x45, 0x4B, 0x2E, 0xF7, 0xDA, 0xA0, 0x80, 0x4E, 0xF5, 0x1F, 0x98,
    0xAA, 0x94, 0xB6, 0x30, 0x58, 0x6C, 0x75, 0x73, 0xDB, 0xAE, 0xA5, 0x4B, 0x51, 0x7C, 0xDE, 0x7B,
    0xBF, 0xAF, 0xC7, 0x0F, 0x17, 0xEB, 0x25, 0xB0, 0x79, 0xAE, 0xD7, 0xCD, 0x6E, 0xB8, 0xFD, 0x6F,
    0xDF, 0xCD, 0xBB, 0x90, 0xA7, 0xCA, 0xCC, 0x0B, 0x17, 0x66, 0xC8, 0x8C, 0x9A, 0x49, 0xAA, 0x52,
    0x15, 0x8F, 0x7C, 0x40, 0x0C, 0x6D, 0xD5, 0x95, 0x5D, 0x91, 0x2A, 0x0F, 0xE5, 0xCD, 0xF1, 0x41,
    0xD6, 0x4E, 0x43, 0x7A, 0x51, 0xA5, 0x9B, 0xAA, 0x9B, 0x95, 0x09, 0x08, 0xCD, 0x62, 0xF4, 0xDD,
    0xAA, 0xFA, 0x71, 0x15, 0xD2, 0xB2, 0xCA, 0xBA, 0x93, 0x32, 0x42, 0x1C, 0x84, 0x76, 0x55, 0x75,
    0xAF, 0xCB, 0xEE, 0xBA, 0x48, 0xCF, 0xFF, 0xE9, 0x0F, 0xF3, 0xA8, 0x6C, 0x08, 0x1B, 0x91, 0xCA,
    0xD6, 0x01, 0xEE, 0x52, 0xAF, 0xD7, 0x8C, 0x6D, 0x9D, 0x6C, 0x39, 0xC3, 0x15, 0xFA, 0xAD, 0xAC,
    0x23, 0x6F, 0x29, 0x36, 0x12, 0x65, 0x22, 0x24, 0x80, 0x48, 0xD6, 0x93, 0x77, 0xBB, 0x0F, 0x45,
    0xB3, 0xA1, 0x5A, 0xAF, 0x93, 0x80, 0xB0, 0xDB, 0x67, 0x88, 0x31, 0x37, 0xEB, 0x5B, 0xA6, 0xBB,
    0x7D, 0xE6, 0x76, 0xFB, 0x36, 0x2E, 0x11, 0x43, 0x5F, 0x2F, 0xEA, 0xD5, 0x64, 0x55, 0xF5, 0x79,
    0xCC, 0x0C, 0x32, 0x93, 0x6C, 0x59, 0xA5, 0xFA, 0xD3, 0x55, 0xD5, 0x8E, 0xE2, 0x32, 0xA4, 0x3D,
    0x32, 0xBE, 0x04, 0x84, 0x77, 0x13, 0x30, 0xCE, 0x3A, 0x79, 0xC4, 0xB1, 0x85, 0x7D, 0x38, 0x73,
    0xEE, 0x10, 0xE6, 0xA6, 0x2E, 0xB7, 0x65, 0x9A, 0x37, 0x30, 0x75, 0xB2, 0x0F, 0x66, 0xCE, 0x0E,
    0x41, 0xA5, 0xBB, 0x04, 0xF9, 0x1F, 0x6F, 0x3F, 0xFD, 0xC6, 0xA4, 0x41, 0x08, 0x7F, 0x7D, 0xFB,
    0x6A, 0x81, 0xE1, 0x24, 0x7E, 0x14, 0x67, 0x38, 0x7D, 0xA2, 0x36, 0x22, 0x4B, 0x73, 0x8F, 0x54,
    0x94, 0x7A, 0xB5, 0x10, 0x0D, 0x75, 0x2E, 0x84, 0xE8, 0xD4, 0xA5, 0xB5, 0x20, 0x4B, 0xDE, 0xCC,
    0x7F, 0x69, 0x0E, 0x94, 0xDC, 0x0B, 0x4F, 0xDB, 0xA1, 0x3B, 0xE4, 0xAF, 0x7D, 0xFC, 0x0C, 0x80,
    0xAC, 0x29, 0x52, 0xD1, 0x04, 0x07, 0xEE, 0x1B, 0x3B, 0x96, 0x35, 0xF7, 0x8A, 0xF4, 0xA4, 0x68,
    0xE6, 0x41, 0x7F, 0x90, 0xB5, 0xF7, 0xF3, 0x34, 0x2E, 0xE2, 0x71, 0xC9, 0x9E, 0xA9, 0xAE, 0x6C,
    0x1E, 0x99, 0xFB, 0xDA, 0x91, 0x10, 0xF3, 0xE4, 0x8A, 0x81, 0xA1, 0x20, 0x4F, 0x7A, 0x53, 0xE7,
    0x79, 0x17, 0xE2, 0x58, 0x0F, 0x6F, 0xBC, 0x96, 0xFD, 0xF9, 0x7E, 0x0A, 0xA9, 0xEC, 0x46, 0xE5,
    0x3B, 0xFD, 0x6C, 0xF4, 0xB2, 0x7F, 0x5E, 0xBF, 0xEC, 0x86, 0xF5, 0xE7, 0x49, 0x3D, 0x89, 0xEA,
    0x6B, 0xEA, 0x9E, 0xBA, 0x61, 0x86, 0x29, 0xCE, 0x31, 0xD8, 0xCA, 0x16, 0x14, 0xAB, 0xED, 0x2D,
    0x82, 0x3D, 0xA0, 0x02, 0x87, 0xF7, 0xC1, 0x6C, 0xB8, 0x6D, 0xEF, 0x1D, 0x41, 0xF6, 0xEB, 0x2D,
    0xF8, 0x24, 0xC2, 0xCD, 0x57, 0x60, 0xF9, 0x56, 0x82, 0x78, 0xB5, 0x04, 0xFD, 0x19, 0x32, 0xBD,
    0x01, 0x45, 0x7A, 0xE6, 0xDC, 0x7E, 0xD1, 0x68, 0xCF, 0x54, 0x9F, 0xC5, 0x6C, 0x71, 0x2A, 0xFF,
    0x29, 0x34, 0xD3, 0xCB, 0xB9, 0x0F, 0x2F, 0x9A, 0xF0, 0xC5, 0xC2, 0x83, 0x67, 0xF2, 0xDF, 0x4C,
    0x7E, 0x6F, 0xF2, 0xDB, 0xB9, 0xC7, 0x77, 0x16, 0xC5, 0xCF, 0x3F, 0x18, 0x0C, 0x1F, 0x67, 0xF9,
    0xF7, 0xAD, 0xF1, 0x81, 0xE2, 0x69, 0x6B, 0x4A, 0xD9, 0x70, 0x48, 0x1E, 0xC1, 0x3E, 0x8C, 0xE1,
    0x0A, 0x59, 0x42, 0x09, 0x43, 0x38, 0xFD, 0x9F, 0x54, 0xC0, 0x1D, 0x38, 0x86, 0x16, 0x45, 0xC4,
    0xDD, 0x7F, 0x93, 0x9B, 0x2E, 0x4F, 0xE5, 0xAB, 0xEB, 0xD0, 0x57, 0xB1, 0xAE, 0xBA, 0xDA, 0xA4,
    0x6A, 0x1F, 0xAB, 0xAB, 0xB4, 0x39, 0x9A, 0x81, 0xEB, 0x2A, 0xCA, 0x97, 0x23, 0x42, 0xF7, 0x80,
    0xDA, 0x11, 0x4B, 0x47, 0x8A, 0xD6, 0x54, 0xD9, 0x98, 0x0A, 0xD1, 0x89, 0x8C, 0x81, 0x3D, 0xA2,
    0x89, 0xBC, 0x57, 0x37, 0xC5, 0xD2, 0x48, 0xDE, 0x6F, 0xDB, 0xDF, 0x6C, 0xD1, 0x01, 0x66, 0x5C,
    0x5D, 0x00, 0x86, 0xE1, 0x67, 0xEE, 0xF9, 0xE5, 0xF0, 0x1F, 0x72, 0x8B, 0x02, 0x6D, 0x26, 0x81,
    0x12, 0x64, 0x3A, 0x41, 0x10, 0x4C, 0xDA, 0x4B, 0x37, 0x50, 0xD0, 0xA2, 0xC8, 0x0A, 0x2A, 0x10,
    0x04, 0x69, 0x73, 0x97, 0x50, 0x54, 0xB3, 0x8D, 0x41, 0xD0, 0xD2, 0x9A, 0xA3, 0x2B, 0x38, 0x50,
    0x00, 0x2E, 0x0A, 0x14, 0x1D, 0x4C, 0x48, 0x68, 0x7A, 0x2B, 0x43, 0x69, 0x22, 0x3E, 0xDF, 0x06,
    0xDE, 0x07, 0xC6, 0xDD, 0xE0, 0xFC, 0x73, 0x6C, 0x47, 0xB5, 0xE1, 0x9A, 0xE1, 0x96, 0xE1, 0xC4,
    0x68, 0x62, 0x32, 0x32, 0xAF, 0x4F, 0x4B, 0xF5, 0x9B, 0x8A, 0x50, 0x84, 0x2C, 0xB6, 0x6A, 0xB6,
    0x98, 0xAA, 0xBE, 0xE6, 0x14, 0xDA, 0xD1, 0xCB, 0xF7, 0x4F, 0xFB, 0x5F, 0x22, 0x89, 0x55, 0x40,
    0xA4, 0xBF, 0x52, 0xE5, 0xFF, 0x84, 0x96, 0x88, 0xFA, 0x3E, 0xF5, 0xCF, 0x82, 0x05, 0x3E, 0x2E,
    0xBF, 0x61, 0xE1, 0x6C, 0xD0, 0x99, 0xA4, 0x56, 0xBA, 0xC4, 0x83, 0x0B, 0x3E, 0x1D, 0x08, 0xE5,
    0x7F, 0xA9, 0xA1, 0x9E, 0xB5, 0xC6, 0x1F, 0xE6, 0xF6, 0x9C, 0x99, 0x38, 0x5A, 0x6E, 0xD7, 0xD4,
    0x44, 0x67, 0xFD, 0x55, 0x2B, 0x5E, 0x01, 0xB1, 0xEF, 0xAD, 0x3E, 0x5F, 0xC3, 0x0E, 0x0A, 0x11,
    0x5B, 0x98, 0x12, 0x32, 0x35, 0x1E, 0x63, 0x0F, 0x6F, 0x00, 0x0E, 0xF2, 0xE0, 0x7C, 0x1E, 0xF2,
    0x4E, 0x6C, 0xB6, 0x43, 0xDB, 0x55, 0x3F, 0x1A, 0xBD, 0xF4, 0x2C, 0x6F, 0xEA, 0xB6, 0x75, 0x3B,
    0x55, 0xD9, 0xDB, 0x6F, 0xD3, 0x25, 0xE3, 0xCE, 0xE0, 0xFC, 0x58, 0x68, 0x87, 0x52, 0x53, 0x5B,
    0xAE, 0x59, 0x97, 0xCA, 0x5B, 0x55, 0xFF, 0x05, 0xC7, 0xEE, 0x59, 0x38, 0x0C, 0xC5, 0x93, 0xFD,
    0x46, 0xBA, 0xE0, 0x6F, 0xD0, 0xE3, 0xBB, 0x82, 0x2E, 0x96, 0x41, 0xE1, 0x61, 0x3D, 0x5F, 0xE9,
    0x06, 0x65, 0x50, 0xAA, 0x1C, 0x72, 0x68, 0x63, 0xB3, 0x5E, 0x66, 0x73, 0x38, 0x29, 0xD5, 0xB7,
    0x79, 0x6C, 0xA6, 0xC9, 0xBC, 0x1A, 0x14, 0xB1, 0xB1, 0xC9, 0x3B, 0x2B, 0x36, 0x46, 0x2F, 0xCA,
    0x49, 0xDF, 0xC2, 0xAC, 0x09, 0xA7, 0x39, 0x55, 0x39, 0xC5, 0xC6, 0x6B, 0xD5, 0xAC, 0x11, 0xB2,
    0x50, 0xC4, 0xFC, 0xE8, 0xC0, 0xF8, 0xFB, 0x3F, 0x60, 0xE1, 0x16, 0x58, 0xBE, 0x1B, 0xAC, 0xB9,
    0x0D, 0x96, 0x6E, 0x80, 0x1D, 0x2D, 0x7F, 0x0D, 0x76, 0x78, 0x0D, 0x16, 0x6F, 0x82, 0x55, 0x25,
    0xDD, 0x09, 0xB6, 0xFB, 0x67, 0x64, 0x46, 0x18, 0x37, 0xAE, 0x08, 0xDB, 0x00, 0x8B, 0xB0, 0x05,
    0x04, 0x23, 0xEC, 0x00, 0x1F, 0x81, 0x08, 0x7B, 0x00, 0x8F, 0x30, 0x00, 0x9D, 0xD4, 0x01, 0xA4,
    0x25, 0xE7, 0x15, 0x07, 0xF0, 0xDF, 0xCC, 0xD8, 0x8C, 0x66, 0x92, 0xF7, 0x05, 0x05, 0x92, 0x35,
    0x00, 0xF0, 0xEC, 0xC0, 0x62, 0xF1, 0xDE, 0x9B, 0x49, 0x8A, 0xA2, 0x10, 0x48, 0x21, 0x08, 0x00,
    0x94, 0xB7, 0x08, 0x82, 0xED, 0xBB, 0x43, 0x50, 0xA0, 0x16, 0x52, 0xA0, 0x00, 0x00, 0xF2, 0xD4,
    0x62, 0xF1, 0x5E, 0xEE, 0x97, 0x0D, 0xA0, 0x30, 0x51, 0xAB, 0x28, 0x3A, 0xDA, 0x2D, 0x88, 0x32,
    0x74, 0x12, 0x77, 0xB9, 0xF7, 0x7E, 0x9D, 0x7B, 0x65, 0x13, 0x6D, 0x81, 0x1E, 0xFC, 0x86, 0x33,
    0x9C, 0xE3, 0xE3, 0xF8, 0xCB, 0xDE, 0x45, 0xF1, 0x9B, 0x8E, 0xF2, 0xE7, 0x16, 0x7E, 0x81, 0xEA,
    0xF2, 0x25, 0x75, 0xFA, 0xA8, 0xB7, 0xFA, 0x7D, 0x31, 0x66, 0xFB, 0xBB, 0xD9, 0x5C, 0xEC, 0x4E,
    0x6D, 0xAA, 0xED, 0x42, 0xD8, 0x3E, 0xF0, 0xB8, 0xDE, 0xDC, 0xA7, 0x79, 0xF2, 0x90, 0xF6, 0xC9,
    0xF5, 0xC2, 0x34, 0x1D, 0x18, 0x17, 0xC6, 0xC1, 0x5B, 0xED, 0xD7, 0xD1, 0xE3, 0xE6, 0x59, 0xCC,
    0xFA, 0xFA, 0xAB, 0x58, 0xAA, 0xFE, 0xDE, 0x9F, 0x2A, 0xD2, 0xEF, 0x46, 0xC5, 0xE7, 0x3B, 0xCA,
    0x0A, 0x55, 0x38, 0x70, 0x02, 0x40, 0x4A, 0x69, 0x64, 0xF5, 0xFC, 0xC3, 0x89, 0xBA, 0xF7, 0x64,
    0xB1, 0xF3, 0x80, 0x06, 0xB4, 0x32, 0x5C, 0x78, 0xBD, 0x19, 0x16, 0xAF, 0xFE, 0x3C, 0x59, 0xA5,
    0x94, 0x8F, 0x6E, 0xEF, 0x6C, 0x8B, 0xDE, 0xD6, 0x06, 0x9B, 0xEF, 0x9D, 0xC9, 0x66, 0x13, 0xF9,
    0x94, 0x2D, 0x16, 0x53, 0x3E, 0x1E, 0x2C, 0x16, 0xEB, 0x4D, 0x3D, 0xB3, 0xDE, 0xAF, 0xF6, 0x70,
    0x39, 0x8F, 0x8A, 0x6F, 0x2F, 0x27, 0xA1, 0x2B, 0x27, 0xF7, 0x64, 0xB3, 0x73, 0x9E, 0x1E, 0xB8,
    0xAF, 0x45, 0x91, 0xD2, 0x9E, 0x10, 0x51, 0x1D, 0x28, 0xE3, 0xAB, 0x5E, 0x79, 0xEC, 0xF5, 0x08,
    0x74, 0xCE, 0x65, 0xD1, 0xAC, 0xEA, 0xCA, 0xE7, 0x1F, 0x7C, 0x61, 0x9D, 0xD2, 0x96, 0x36, 0xAA,
    0x52, 0xA7, 0x1E, 0xBD, 0xB6, 0xA3, 0x9C, 0x99, 0xA8, 0xB6, 0x8C, 0x84, 0x1D, 0x03, 0x27, 0xAD,
    0x2C, 0x72, 0xB7, 0xE9, 0xF2, 0xC8, 0x3B, 0x21, 0x16, 0x91, 0xD3, 0x6A, 0x2C, 0x7A, 0x21, 0x2D,
    0xB5, 0xE3, 0x93, 0x6C, 0x57, 0x75, 0x7C, 0xEC, 0xB6, 0xC2, 0x43, 0x6D, 0xC0, 0xB5, 0xE6, 0xB7,
    0x98, 0x84, 0x7F, 0x62, 0x54, 0x6E, 0xC9, 0x47, 0xF9, 0x96, 0x6A, 0x66, 0x4B, 0xBB, 0xE5, 0x29,
    0x8E, 0x33, 0xAC, 0x9E, 0x5F, 0x46, 0xEA, 0xBE, 0x1C, 0x69, 0xBA, 0x62, 0x72, 0x9C, 0xCE, 0xCA,
    0xA1, 0x73, 0xA1, 0x1A, 0xB8, 0x12, 0x22, 0xB7, 0x5A, 0x8B, 0xD9, 0x16, 0x29, 0x0D, 0xD8, 0x42,
    0xB6, 0x39, 0x3A, 0x43, 0x3E, 0x41, 0x71, 0xB4, 0x3C, 0x5A, 0x6F, 0x60, 0xBD, 0x87, 0x90, 0x86,
    0xF5, 0x3E, 0x4B, 0x53, 0xB9, 0xEF, 0xDA, 0xD9, 0x6A, 0xC8, 0x37, 0xEA, 0xA8, 0x96, 0x6D, 0x84,
    0xE8, 0xF4, 0xFB, 0xEF, 0x03, 0xB6, 0xC2, 0xE0, 0x9A, 0xAD, 0x66, 0xC8, 0x46, 0x6E, 0xB4, 0x63,
    0x11, 0xB9, 0xF5, 0xAF, 0xA9, 0xEC, 0xB8, 0xCA, 0xFE, 0x34, 0x05, 0xDA, 0x74, 0xA8, 0x2D, 0x6D,
    0xF5, 0xDE, 0xE6, 0x13, 0xB4, 0x27, 0xD9, 0xE6, 0x1A, 0xCD, 0xAF, 0x6C, 0x06, 0x34, 0x4F, 0xED,
    0x23, 0xEA, 0x49, 0xEA, 0x10, 0x06, 0x6B, 0x08, 0xD1, 0x2D, 0x84, 0xCE, 0x23, 0x48, 0x69, 0x0E,
    0x5D, 0xB6, 0x8C, 0x0A, 0xF2, 0xC9, 0x4D, 0x2D, 0x1F, 0x3D, 0xAA, 0x15, 0x83, 0x47, 0xF7, 0x14,
    0x71, 0x7A, 0x7A, 0xAE, 0x7C, 0x36, 0xCD, 0x67, 0xAA, 0x67, 0xE3, 0xF4, 0x48, 0xF5, 0xE9, 0xD7,
    0x8B, 0xE1, 0x67, 0x5F, 0x4E, 0x4F, 0x85, 0xF2, 0xD9, 0x38, 0xAB, 0xCB, 0xAF, 0x86, 0x49, 0x53,
    0x7D, 0xFA, 0xE5, 0xE4, 0xDE, 0xE1, 0x87, 0xF3, 0x20, 0x1F, 0x9D, 0x85, 0xE3, 0x90, 0xBA, 0x2F,
    0x07, 0x37, 0x21, 0xA5, 0xE8, 0x69, 0x79, 0x10, 0xE0, 0x0D, 0xB8, 0x41, 0xB9, 0x41, 0x3E, 0xC3,
    0x81, 0x90, 0x46, 0xF2, 0x89, 0xE6, 0xBB, 0x51, 0xFE, 0xED, 0x6A, 0x50, 0xF5, 0x61, 0x50, 0xAB,
    0xA2, 0x0B, 0x65, 0x74, 0xA6, 0xEA, 0x3D, 0x12, 0x7A, 0x37, 0x42, 0x77, 0xC0, 0x42, 0xCD, 0x95,
    0x96, 0xE6, 0xDD, 0x14, 0x55, 0xFB, 0x8B, 0xCE, 0x8F, 0xB5, 0xFE, 0x71, 0xAF, 0x3C, 0x8D, 0x68,
    0x3E, 0xBB, 0x21, 0xDB, 0xAA, 0x29, 0x47, 0xA1, 0x57, 0x47, 0x55, 0xD4, 0x3A, 0xF8, 0x05, 0xAF,
    0x0B, 0xC7, 0x7B, 0xCE, 0xB7, 0x2C, 0x6E, 0x7E, 0x74, 0x95, 0xD2, 0x4C, 0xB1, 0x21, 0x3B, 0x76,
    0x5E, 0x93, 0x6D, 0x79, 0x83, 0x1D, 0xF7, 0x59, 0xC9, 0x06, 0xEA, 0x7F, 0x5C, 0x22, 0x5B, 0xBF,
    0x40, 0xDA, 0x95, 0x29, 0xBA, 0x7C, 0x91, 0xED, 0x3A, 0x21, 0x66, 0x13, 0x75, 0x5F, 0xF5, 0x8B,
    0xDD, 0x3D, 0x34, 0x66, 0xB4, 0xC5, 0x80, 0x8B, 0xBA, 0xC7, 0xD5, 0x2A, 0x12, 0xD2, 0x37, 0x09,
    0xE9, 0xD3, 0x19, 0xBB, 0x6C, 0x83, 0xAD, 0x2D, 0xD9, 0xC6, 0xD5, 0xE2, 0xAC, 0x25, 0x9F, 0xD4,
    0xBD, 0x62, 0x12, 0xA2, 0xFA, 0xE5, 0xB2, 0xC1, 0x2A, 0x65, 0x69, 0xFB, 0xDF, 0xC7, 0x5D, 0x8D,
    0xAA, 0xB4, 0x54, 0xD4, 0x76, 0xC5, 0x44, 0x6B, 0xB1, 0x3E, 0x74, 0xDC, 0xF9, 0xE2, 0x83, 0xCB,
    0xCF, 0xB8, 0xB5, 0xB2, 0x98, 0x6F, 0xFE, 0xDF, 0xE3, 0xC6, 0x4F, 0xE1, 0x0C, 0x1E, 0xC0, 0x7D,
    0x5C, 0xEE, 0x28, 0x5F, 0xAE, 0x07, 0x4D, 0xFF, 0x87, 0xC9, 0xCE, 0xB8, 0xC9, 0x37, 0x86, 0x4D,
    0x39, 0x65, 0xF1, 0x45, 0x18, 0xB2, 0xA8, 0x8E, 0x79, 0xD4, 0xF4, 0x45, 0xAF, 0xED, 0x8A, 0xB4,
    0x6B, 0xBB, 0xF2, 0xA3, 0xB9, 0x55, 0x55, 0x63, 0xDB, 0x55, 0xD5, 0xD0, 0x76, 0x27, 0xD5, 0xD0,
    0xF4, 0x6F, 0x86, 0x58, 0xC7, 0x77, 0x82, 0x6A, 0x3A, 0x3D, 0x93, 0xEF, 0x57, 0x23, 0xCD, 0xEE,
    0xD5, 0x0A, 0x0F, 0xE1, 0xFA, 0x98, 0xD4, 0xFB, 0x8E, 0x6A, 0xF7, 0xE1, 0x44, 0x88, 0x66, 0xCE,
    0xD9, 0xF0, 0x44, 0x36, 0xD3, 0x29, 0x27, 0x68, 0x06, 0x4D, 0x5A, 0xCA, 0xFF, 0xD6, 0xEA, 0x98,
    0x2B, 0xD5, 0x08, 0x21, 0x1E, 0xED, 0x65, 0xE3, 0xC1, 0x2A, 0x2A, 0xA3, 0x55, 0x27, 0x7F, 0xF9,
    0xE1, 0x1E, 0x97, 0x2F, 0x1F, 0x80, 0xF7, 0x61, 0x82, 0x11, 0x86, 0x57, 0x6F, 0xFE, 0xEE, 0x2F,
    0x51, 0xFB, 0xDE, 0xB3, 0xC9, 0xAE, 0xE8, 0xE7, 0x7C, 0x2E, 0xBA, 0xE5, 0xCD, 0x65, 0xB7, 0x09,
    0x43, 0xA5, 0xAF, 0x63, 0xA0, 0xE9, 0x4F, 0x68, 0xBB, 0x37, 0x0F, 0xDC, 0x5D, 0x70, 0x7A, 0xE0,
    0xCC, 0x5B, 0x6D, 0xF7, 0xC0, 0xE3, 0xB6, 0xBF, 0x9F, 0xC5, 0x3A, 0x3E, 0x2C, 0x85, 0xF1, 0xFA,
    0x54, 0xBE, 0xFB, 0x6E, 0xE4, 0x72, 0x0F, 0x03, 0xB2, 0x88, 0x7C, 0xA1, 0x48, 0x29, 0x75, 0x5E,
    0xDB, 0x7D, 0x80, 0x16, 0x9A, 0xEE, 0xC8, 0xF7, 0xA7, 0x6B, 0xD5, 0xE1, 0x0A, 0xD9, 0x16, 0x6F,
    0x8F, 0xB4, 0x89, 0x45, 0xA8, 0x7B, 0xAF, 0x12, 0x7C, 0x40, 0x31, 0xFD, 0xC0, 0x16, 0x6D, 0xEA,
    0x00, 0xD9, 0x84, 0x7C, 0x7C, 0x8B, 0xE2, 0x6F, 0xF3, 0x42, 0xEA, 0xA9, 0x66, 0xAC, 0xE3, 0xFB,
    0xC2, 0x5F, 0xFF, 0x38, 0xF8, 0x49, 0xD8, 0xA1, 0x1E, 0xB2, 0x3E, 0x4F, 0xCA, 0xD8, 0x7C, 0xAE,
    0xEA, 0xEF, 0x37, 0x02, 0x17, 0x2E, 0x38, 0x77, 0xC3, 0xA3, 0x7C, 0x5A, 0x38, 0x06, 0xE9, 0x1A,
    0x69, 0xC6, 0xBE, 0x03, 0x07, 0xB3, 0xFF, 0x78, 0x97, 0x62, 0x21, 0x5B, 0xEF, 0xA8, 0xBE, 0xF9,
    0x3C, 0x6A, 0xCA, 0x62, 0xF4, 0xA8, 0xCA, 0x27, 0x73, 0xC8, 0xA6, 0x6C, 0x3A, 0xC9, 0xA6, 0x7C,
    0x7C, 0x33, 0x9B, 0x8A, 0xE1, 0x9D, 0x7C, 0x2C, 0xE2, 0x69, 0x31, 0x14, 0xF1, 0xAC, 0x88, 0x65,
    0x7C, 0x50, 0xC4, 0x65, 0x73, 0x19, 0x43, 0xF7, 0xB0, 0xEA, 0x83, 0xEB, 0xD0, 0x05, 0x53, 0x50,
    0x1B, 0x83, 0x7B, 0x86, 0xDA, 0x79, 0x16, 0xEF, 0x39, 0xCB, 0xE3, 0x39, 0xEB, 0xB4, 0xA7, 0x79,
    0xFE, 0xD1, 0x20, 0xC4, 0x62, 0x5A, 0xC8, 0x67, 0xA1, 0xCF, 0x36, 0xEA, 0x3E, 0x9F, 0xD5, 0x5D,
    0x31, 0x69, 0x94, 0xA3, 0x56, 0x88, 0x0B, 0x6B, 0x55, 0x4A, 0x2F, 0xB8, 0x85, 0x1B, 0xD8, 0xA2,
    0x4D, 0x8B, 0xD9, 0x0F, 0xE9, 0xF5, 0xF6, 0xEE, 0xD8, 0x03, 0xEF, 0xDF, 0xC1, 0x78, 0x72, 0xE0,
    0x2E, 0xAB, 0xB4, 0x3B, 0x66, 0x42, 0x2F, 0x0C, 0xE5, 0xF8, 0x6A, 0xE5, 0x81, 0xBE, 0x1C, 0xD5,
    0x5D, 0x88, 0x9A, 0xEE, 0x8A, 0x36, 0xED, 0x17, 0xEE, 0xAC, 0xA3, 0x0B, 0xD5, 0xE8, 0xD7, 0x8A,
    0xC9, 0xED, 0x81, 0xAD, 0x23, 0xE5, 0x68, 0x23, 0xC4, 0x7C, 0xA3, 0xED, 0xDE, 0xDE, 0xFD, 0x72,
    0xAB, 0x4D, 0xE9, 0x31, 0x1F, 0x57, 0xB8, 0x3E, 0x72, 0xC2, 0xBF, 0x01, 0x95, 0x54, 0x81, 0xA6,
    0x14, 0x61, 0x14, 0xFE, 0x66, 0x26, 0x06, 0x83, 0x09, 0x05, 0x4C, 0xBB, 0x21, 0x24, 0xCD, 0x0A,
    0x61, 0xB0, 0x63, 0x7F, 0xEE, 0x0B, 0x04, 0x0B, 0x84, 0xFB, 0x08, 0x53, 0xC2, 0xC5, 0xEA, 0x8E,
    0x00, 0x82, 0xE8, 0x2D, 0x4A, 0x2C, 0x2D, 0x16, 0xEA, 0xCE, 0x23, 0xFC, 0xB7, 0x70, 0x11, 0xCC,
    0x03, 0x94, 0x86, 0x06, 0x8B, 0xEE, 0xFD, 0xFB, 0x3E, 0x27, 0xDC, 0x6A, 0xC5, 0x3D, 0xFC, 0xE7,
    0xEC, 0x9C, 0x73, 0xCE, 0x39, 0xDF, 0x99, 0x6F, 0xFE, 0x85, 0x49, 0xCF, 0x93, 0x74, 0x54, 0xB9,
    0x9E, 0xE6, 0x52, 0xC3, 0x1F, 0xAE, 0x45, 0x08, 0xE1, 0x42, 0x2A, 0x4C, 0xF4, 0x98, 0xB6, 0x54,
    0x91, 0xAA, 0xB0, 0x92, 0x9A, 0x42, 0x4E, 0x65, 0x9B, 0xD3, 0x41, 0xA2, 0x47, 0xAF, 0xC0, 0xA8,
    0x94, 0x73, 0xAA, 0xA3, 0x2F, 0x2D, 0x33, 0x3E, 0xF5, 0x6C, 0xE0, 0xB7, 0x98, 0xC0, 0xCF, 0x58,
    0xEF, 0xB3, 0xB6, 0x81, 0x8F, 0xD9, 0x52, 0xC9, 0x57, 0x52, 0x26, 0x99, 0x94, 0xB0, 0x1A, 0x6A,
    0xC3, 0x9F, 0x5F, 0x72, 0x9E, 0x10, 0xF7, 0xCF, 0x20, 0xA5, 0xC7, 0x0D, 0x4F, 0xEC, 0x55, 0x27,
    0x98, 0xA5, 0x5C, 0xA3, 0x72, 0xCD, 0x25, 0xD0, 0x72, 0x35, 0x57, 0x54, 0x77, 0xA9, 0xB8, 0x4E,
    0x93, 0x68, 0x9D, 0xDC, 0xC5, 0xBE, 0xA9, 0x39, 0xAA, 0xE1, 0xB0, 0xF2, 0xA9, 0x67, 0xE3, 0xE0,
    0x80, 0xF8, 0xDC, 0xE6, 0xFF, 0x25, 0xBD, 0x5C, 0xC2, 0x5A, 0x1B, 0xEE, 0x9C, 0xA9, 0x73, 0x03,
    0xA4, 0x7D, 0x46, 0x85, 0xE4, 0xC9, 0x6D, 0xD9, 0x45, 0x90, 0x74, 0xBF, 0xCD, 0x04, 0x72, 0x3A,
    0x31, 0x82, 0xD2, 0x5E, 0x3F, 0xBB, 0xAD, 0x6C, 0xC5, 0xA9, 0x42, 0x62, 0x46, 0x6B, 0x2A, 0xB8,
    0x31, 0x76, 0xAE, 0xC3, 0xC4, 0xF2, 0xD3, 0x9D, 0xF8, 0xB9, 0x10, 0x3F, 0x67, 0xE2, 0xE7, 0xF4,
    0x32, 0x3F, 0x47, 0xE2, 0xE7, 0x90, 0xFC, 0xB8, 0xFF, 0x72, 0xC1, 0x96, 0x3E, 0x72, 0x1B, 0xF8,
    0xB4, 0x2B, 0xE1, 0xA7, 0x1C, 0xEB, 0x57, 0x84, 0x70, 0x3A, 0x10, 0xCE, 0x59, 0x07, 0xCC, 0xBE,
    0x0B, 0xA6, 0x06, 0xC5, 0x3D, 0x4C, 0x8E, 0x43, 0x70, 0xCF, 0x65, 0x1D, 0xF0, 0xDE, 0x03, 0xEB,
    0x91, 0xA7, 0xE6, 0xE1, 0xFE, 0x6B, 0x2E, 0xBF, 0xC6, 0xC8, 0x53, 0xF3, 0xE4, 0xEE, 0xD0, 0xE8,
    0x11, 0x4F, 0xB7, 0xE3, 0x10, 0x76, 0x89, 0x71, 0xC9, 0x93, 0x7C, 0x05, 0xF2, 0xC7, 0x40, 0x5D,
    0x30, 0x5C, 0x30, 0xAD, 0x60, 0x7A, 0xC1, 0xB2, 0x82, 0xD9, 0x05, 0xAB, 0x0A, 0xB6, 0xBB, 0xA6,
    0x37, 0x7B, 0x43, 0xC5, 0xF6, 0xC5, 0xEA, 0xC5, 0xDC, 0x49, 0x3B, 0x54, 0xD1, 0x80, 0x0A, 0x2B,
    0x9E, 0x29, 0x4F, 0xDA, 0x55, 0x88, 0x86, 0x8A, 0x19, 0x3C, 0xD3, 0xCA, 0x5E, 0x4C, 0xBC, 0x4B,
    0x43, 0x18, 0xA3, 0xE5, 0xF2, 0x11, 0xAC, 0x7C, 0x14, 0x16, 0x61, 0x32, 0x6C, 0xA3, 0x61, 0x15,
    0x66, 0x61, 0x1F, 0x6D, 0x97, 0x13, 0x07, 0x7C, 0x00, 0x2D, 0x77, 0xBC, 0xB9, 0x5C, 0x42, 0xB2,
    0xEF, 0x62, 0x99, 0x8B, 0x3C, 0xBE, 0xC2, 0xC7, 0x37, 0x6F, 0x77, 0x60, 0x8B, 0x99, 0xF8, 0xCF,
    0xB4, 0x6F, 0xE2, 0xC4, 0x7D, 0x8B, 0x4A, 0xBF, 0xC4, 0x3C, 0x14, 0xBD, 0xA7, 0xBC, 0x63, 0x55,
    0xC0, 0xBE, 0xD4, 0x54, 0x41, 0xB1, 0x0D, 0xA3, 0xB7, 0xB4, 0x2F, 0x42, 0xB3, 0xBB, 0x34, 0x50,
    0xA9, 0x9F, 0xBB, 0xAF, 0x40, 0xA5, 0x94, 0x87, 0xEA, 0x5D, 0xA9, 0x8C, 0x3E, 0xFB, 0xDA, 0xA0,
    0xBC, 0x16, 0x27, 0x52, 0xA2, 0x52, 0x72, 0x04, 0x9B, 0x27, 0xC9, 0xE4, 0x36, 0xE6, 0xD4, 0xC1,
    0xA6, 0xD8, 0xEC, 0x2C, 0x50, 0x7C, 0x2A, 0xDD, 0xC1, 0x06, 0x47, 0x5E, 0xD1, 0xB4, 0x53, 0xE6,
    0x54, 0xC8, 0xD8, 0x4B, 0xEE, 0x1E, 0x72, 0xB7, 0x78, 0x06, 0x4C, 0x34, 0xC5, 0xFE, 0x55, 0x4C,
    0xCB, 0x03, 0x45, 0xA5, 0x99, 0x29, 0xD9, 0xFE, 0x8B, 0xC0, 0x43, 0xE2, 0x70, 0x49, 0xD4, 0x4E,
    0xC2, 0xCB, 0x15, 0x39, 0x65, 0x06, 0x97, 0x28, 0x99, 0xD7, 0x4E, 0x16, 0xDB, 0x66, 0x23, 0x1B,
    0xF7, 0x4D, 0x29, 0xCB, 0xDB, 0x99, 0x1D, 0xD0, 0xEA, 0xAA, 0x7E, 0x6E, 0xED, 0xDE, 0xBE, 0x56,
    0x1E, 0x6D, 0xB2, 0xD7, 0x3E, 0x61, 0x9F, 0x4C, 0xCF, 0x63, 0xD2, 0xCE, 0x64, 0xEB, 0xA4, 0xDD,
    0xCA, 0xE6, 0x07, 0x2F, 0x7A, 0x40, 0x7D, 0x5E, 0x3A, 0x59, 0xFC, 0x78, 0x67, 0x75, 0x8B, 0x11,
    0x90, 0xE4, 0xDE, 0x6C, 0xAC, 0xB0, 0xBD, 0x56, 0x45, 0x92, 0x6F, 0x8A, 0xA9, 0xE5, 0x3C, 0xEE,
    0x80, 0x35, 0x06, 0xD0, 0xCE, 0xC5, 0x48, 0x8E, 0x5B, 0xE0, 0xD8, 0xE3, 0x01, 0xA1, 0xC7, 0x03,
    0x78, 0xEC, 0x55, 0x8B, 0x40, 0x25, 0xF9, 0x05, 0x55, 0xD2, 0x81, 0x86, 0x24, 0x57, 0x18, 0xC5,
    0xF1, 0x5F, 0x55, 0xED, 0x2A, 0xBB, 0x65, 0xBB, 0x82, 0x80, 0x64, 0x67, 0x2B, 0x08, 0x92, 0x98,
    0x99, 0x86, 0xA0, 0xD1, 0x33, 0x7D, 0xC9, 0x03, 0x24, 0x6F, 0x90, 0x47, 0xC8, 0x60, 0x31, 0xE8,
    0xD1, 0x95, 0x37, 0x98, 0x47, 0x18, 0x04, 0x4C, 0x60, 0x31, 0x18, 0xB2, 0xB6, 0x2F, 0x79, 0x81,
    0x02, 0x01, 0x50, 0x58, 0x02, 0x50, 0x28, 0x8C, 0x5D, 0xB3, 0x95, 0x9B, 0xD5, 0xB4, 0x2E, 0xEE,
    0xFF, 0x7C, 0x3E, 0xCE, 0xA9, 0x2A, 0xE7, 0xBA, 0xC6, 0x14, 0xA8, 0x7A, 0x3C, 0xE0, 0x0C, 0x0D,
    0xEA, 0x40, 0x15, 0x35, 0x1F, 0x63, 0xD6, 0x6D, 0x62, 0x19, 0x9A, 0x6E, 0xA6, 0xEE, 0x4E, 0xD2,
    0x6E, 0xA9, 0xFC, 0x7C, 0xAE, 0x94, 0xED, 0x95, 0x2A, 0xAC, 0xCC, 0xCC, 0xC3, 0xB1, 0xBA, 0xBB,
    0x91, 0x7D, 0x0A, 0x80, 0x6C, 0xFA, 0xBD, 0xD5, 0xFC, 0xF9, 0x91, 0x3B, 0x6B, 0x79, 0xF4, 0x4E,
    0x11, 0x8A, 0x9F, 0x55, 0x5E, 0x54, 0x66, 0x2E, 0x92, 0x66, 0x71, 0xE6, 0xE8, 0xB9, 0x23, 0x2F,
    0x7E, 0xB4, 0x4C, 0x76, 0x6F, 0x54, 0x6D, 0xDE, 0x79, 0xF5, 0x61, 0xCB, 0x37, 0xBF, 0xBD, 0x87,
    0xA7, 0x98, 0x63, 0x85, 0xBF, 0xC8, 0xFE, 0x0D, 0x8A, 0xBF, 0x5B, 0xE5, 0x4F, 0x51, 0x5D, 0x44,
    0x27, 0x79, 0xB4, 0x48, 0x96, 0x21, 0xEB, 0xB3, 0xDE, 0x90, 0x36, 0x43, 0x19, 0x0C, 0x35, 0x77,
    0x27, 0x5C, 0x9E, 0xDF, 0xDE, 0x3E, 0x6C, 0xA6, 0x69, 0xB4, 0x9D, 0xA6, 0xC1, 0x94, 0x60, 0x90,
    0xF7, 0xD9, 0xA0, 0xE8, 0xF2, 0x3E, 0xA1, 0x48, 0x88, 0x45, 0xA7, 0x8C, 0xC9, 0x5A, 0xB5, 0x65,
    0x54, 0x87, 0xEA, 0x7F, 0xD4, 0xAD, 0x3A, 0x89, 0x46, 0xCD, 0xA9, 0x26, 0xC1, 0x9C, 0xB3, 0x24,
    0x96, 0x49, 0xAC, 0x93, 0xB8, 0x4F, 0x92, 0xF0, 0x25, 0xBF, 0x90, 0xE2, 0xA3, 0x6D, 0x82, 0x73,
    0xA8, 0x03, 0xCA, 0x88, 0xA2, 0x87, 0x11, 0xD6, 0xB0, 0x82, 0x39, 0xAC, 0x91, 0x0D, 0xA8, 0xE2,
    0x6E, 0xE5, 0x2D, 0xF2, 0xFD, 0x6A, 0x9A, 0x7A, 0xDB, 0x04, 0xAB, 0x69, 0x7A, 0x48, 0x67, 0x24,
    0xEB, 0x28, 0x5A, 0x2A, 0x1C, 0x61, 0x89, 0x37, 0xE8, 0x29, 0x22, 0x65, 0x60, 0x86, 0x63, 0xBC,
    0xC6, 0x40, 0x1E, 0x25, 0x07, 0xF5, 0xCE, 0xB1, 0xD8, 0x39, 0xA8, 0xAC, 0xDA, 0x4D, 0x5C, 0xB5,
    0xCF, 0x20, 0x6B, 0x51, 0x44, 0x54, 0x2D, 0xEA, 0x80, 0x06, 0xCE, 0x60, 0x0D, 0x23, 0x0C, 0xC8,
    0x3B, 0x14, 0x51, 0x36, 0x54, 0xC1, 0x7C, 0xA8, 0xB9, 0x1A, 0x5F, 0xE1, 0x7E, 0x89, 0xF5, 0x25,
    0x96, 0x03, 0xCE, 0x7B, 0xCC, 0x23, 0x9A, 0x16, 0x35, 0x3C, 0x87, 0x27, 0xC8, 0xC7, 0x72, 0xA8,
    0x1F, 0xBF, 0xBF, 0x3C, 0xA9, 0x6F, 0x8E, 0x17, 0x65, 0x3C, 0xBE, 0x28, 0xE2, 0xF2, 0x62, 0xD6,
    0xBD, 0x5E, 0x7C, 0x37, 0x0D, 0x4D, 0xB7, 0x6A, 0x01, 0x5F, 0xF7, 0xB8, 0x5B, 0x93, 0xF5, 0x67,
    0x14, 0x31, 0xA1, 0x6C, 0x2F, 0xA9, 0x03, 0x6A, 0x68, 0x76, 0xE0, 0x14, 0xCE, 0x0E, 0xBF, 0x39,
    0x81, 0x7B, 0x18, 0x0F, 0x7E, 0x21, 0x1B, 0x90, 0xF7, 0x28, 0x3A, 0x5E, 0x16, 0x91, 0xFB, 0xB2,
    0x65, 0xAC, 0xF0, 0xF6, 0x04, 0xF3, 0xDE, 0xC1, 0xB3, 0x0D, 0x59, 0xC8, 0xFF, 0xE9, 0x8B, 0xB6,
    0x0C, 0x77, 0x65, 0xA8, 0x9C, 0x36, 0x9E, 0xA9, 0x1E, 0x80, 0xFC, 0xD1, 0x53, 0xF5, 0xAF, 0x61,
    0x96, 0xA2, 0xBA, 0x97, 0x16, 0xC6, 0x4B, 0xDF, 0xEE, 0x23, 0x64, 0xA8, 0x71, 0x8C, 0x85, 0xAF,
    0x6E, 0x3F, 0x5C, 0xA7, 0x72, 0xBB, 0x83, 0x26, 0x17, 0xA4, 0xAE, 0xC3, 0x34, 0x4D, 0x07, 0x4D,
    0x3E, 0x01, 0x04, 0x54, 0x91, 0xEC, 0x13, 0xE6, 0xD7, 0x94, 0x23, 0xDE, 0xA1, 0x1C, 0xEC, 0x26,
    0xD5, 0x7B, 0xD8, 0x06, 0x54, 0x23, 0xAC, 0xED, 0x23, 0x7E, 0xB8, 0xBD, 0xFD, 0xC3, 0xE7, 0x5B,
    0x94, 0x05, 0xE4, 0x23, 0x6C, 0x02, 0xCA, 0xFD, 0x98, 0x3F, 0xC0, 0x66, 0x97, 0x95, 0x3D, 0xEE,
    0x5F, 0xC6, 0x69, 0xC0, 0x17, 0x60, 0x97, 0x77, 0x63, 0x33, 0x4D, 0x83, 0xFF, 0x00, 0x4D, 0x91,
    0x01, 0x66, 0xFC, 0x40, 0x18, 0xC5, 0x5F, 0x26, 0x6C, 0x10, 0xE4, 0x00, 0x7F, 0xFE, 0xE9, 0x09,
    0x66, 0x2F, 0xB0, 0xBB, 0x1D, 0xED, 0x01, 0x76, 0xD1, 0x2D, 0x14, 0x3D, 0x42, 0x01, 0x94, 0x90,
    0xF4, 0x06, 0x05, 0x7A, 0x8D, 0xA2, 0x08, 0xB6, 0x32, 0xBD, 0xC1, 0x28, 0x40, 0x21, 0xB5, 0x2C,
    0x80, 0x41, 0xB0, 0x48, 0x3A, 0x7D, 0x5F, 0xD2, 0xD5, 0x66, 0x78, 0x1F, 0x8C, 0xFC, 0xDE, 0xEF,
    0x1B, 0xFC, 0x7C, 0xA5, 0x2D, 0x2D, 0xA2, 0xC3, 0xE7, 0xA1, 0x45, 0xFC, 0xB0, 0x7F, 0xF3, 0xC8,
    0xE2, 0x8F, 0x0B, 0x87, 0x4C, 0xAD, 0x95, 0x81, 0xC6, 0x7F, 0x00, 0x4B, 0x4E, 0xC4, 0x21, 0x84,
    0x1E, 0xD1, 0xB0, 0x1D, 0xAE, 0x80, 0x1D, 0x0F, 0x50, 0xF3, 0x00, 0x1D, 0x8E, 0x4C, 0xCF, 0xC9,
    0xE4, 0x41, 0xE4, 0x23, 0xA6, 0x6A, 0x15, 0x33, 0x76, 0xAA, 0x95, 0x8C, 0x99, 0x79, 0x97, 0xF3,
    0x4E, 0xD3, 0x97, 0x3D, 0x4E, 0x5F, 0xFA, 0xC5, 0x78, 0xBD, 0xB1, 0x50, 0x2E, 0x76, 0x48, 0x2A,
    0x46, 0x86, 0xD8, 0x92, 0x3A, 0x33, 0xC4, 0x46, 0x46, 0xA8, 0x86, 0xD0, 0xD2, 0x90, 0x98, 0x0B,
    0x72, 0x2E, 0x44, 0x2D, 0xB1, 0x24, 0x8F, 0x41, 0xD8, 0x82, 0x34, 0x14, 0x20, 0xA4, 0x26, 0x0B,
    0x47, 0xA2, 0x92, 0x81, 0xA4, 0x3C, 0x98, 0x93, 0x65, 0x55, 0x51, 0x72, 0x6F, 0xE9, 0x18, 0x2A,
    0x2A, 0x06, 0x43, 0xC3, 0x3B, 0x40, 0x23, 0x17, 0xBF, 0x39, 0xF5, 0xFA, 0x15, 0xED, 0x36, 0x4B,
    0x10, 0xB4, 0x10, 0x50, 0x21, 0x8C, 0x9D, 0x30, 0x8E, 0x93, 0x1E, 0x41, 0x9E, 0x20, 0x0E, 0x5A,
    0x31, 0x28, 0x45, 0xD0, 0xBF, 0x4E, 0x94, 0x06, 0xE0, 0x77, 0xA1, 0x2A, 0x08, 0xAC, 0xD5, 0xD7,
    0x9E, 0xB8, 0xF6, 0x05, 0x1D, 0x81, 0xEF, 0x4E, 0x86, 0xBA, 0xB4, 0xF0, 0x84, 0xA6, 0x95, 0x7A,
    0x24, 0x36, 0x33, 0xD8, 0xD0, 0x90, 0x9F, 0xA3, 0x63, 0xB3, 0xBD, 0xB5, 0x04, 0x9E, 0x23, 0xB5,
    0xC4, 0xAF, 0x64, 0x50, 0x92, 0x77, 0x41, 0x43, 0xDE, 0xE5, 0x28, 0x90, 0x81, 0x7C, 0x59, 0x85,
    0xA2, 0xAC, 0xF4, 0x96, 0xFF, 0xEA, 0x69, 0xAC, 0x46, 0xEF, 0x28, 0x98, 0xA6, 0x9F, 0x87, 0x24,
    0xB8, 0x3F, 0x95, 0x72, 0x7F, 0x26, 0x95, 0xEE, 0xEB, 0x67, 0xA9, 0xE4, 0xCB, 0x76, 0xAC, 0xD4,
    0xB8, 0xB1, 0xD2, 0x93, 0x83, 0x46, 0x62, 0x13, 0x3B, 0xD2, 0x12, 0x3B, 0x56, 0x4A, 0xAB, 0xB1,
    0x12, 0xB1, 0x3B, 0x62, 0x38, 0x6A, 0x68, 0xD2, 0x27, 0xCC, 0xB4, 0x79, 0x2D, 0x63, 0x31, 0x3D,
    0x41, 0xC1, 0xC1, 0x4A, 0xDC, 0x1D, 0xBB, 0xC8, 0xF6, 0xA6, 0x87, 0xE8, 0xC7, 0x4A, 0xB3, 0xE9,
    0x31, 0xD6, 0xA1, 0xFA, 0x06, 0x1D, 0x8D, 0xB1, 0x19, 0x82, 0x30, 0x18, 0x44, 0x83, 0x16, 0x16,
    0x14, 0x19, 0x81, 0x11, 0x32, 0x02, 0x76, 0x16, 0x0E, 0xE1, 0x28, 0xB0, 0x81, 0x23, 0xC1, 0x87,
    0x0B, 0xC0, 0x06, 0x8C, 0x90, 0xC2, 0xC2, 0x22, 0x7F, 0x9E, 0xF7, 0xE7, 0x8A, 0x7B, 0xCD, 0xFB,
    0xEE, 0x42, 0x08, 0xDD, 0x1E, 0x3C, 0x7D, 0x6E, 0x48, 0xA5, 0x81, 0xEA, 0x7D, 0x85, 0x59, 0x18,
    0xC0, 0x9D, 0x09, 0xE4, 0x5C, 0x38, 0xFB, 0x22, 0x9D, 0xE7, 0x26, 0x67, 0xAC, 0xE9, 0x90, 0x83,
    0x8D, 0x07, 0xFB, 0x0D, 0x9B, 0x36, 0x72, 0x02, 0x1E, 0x14, 0xE9, 0x36, 0x60, 0x42, 0x5E, 0x28,
    0x09, 0x3E, 0x70, 0x46, 0x78, 0xC3, 0xAC, 0xE1, 0x17, 0xA6, 0x1B, 0xE5, 0xEB, 0xCB, 0x0B, 0xAB,
    0xBE, 0x2D, 0xA2, 0x9F, 0x58, 0xE3, 0x4F, 0x90, 0x73, 0x0A, 0x72, 0xEE, 0x8E, 0x49, 0xBA, 0x92,
    0x72, 0x43, 0x5C, 0x1B, 0x3A, 0xAF, 0x3F,
};

static const EpdGlyph youngserif_14_italicGlyphs[] = {
    { 0, 0, 246, 0, 0, 0, 0 }, // U+000D
    { 0, 0, 103, 0, 0, 0, 0 }, // U+0020
    { 8, 20, 136, 0, 19, 40, 0 }, // !
    { 8, 7, 165, 3, 20, 14, 40 }, // "
    { 19, 18, 292, 0, 18, 86, 54 }, // #
    { 18, 26, 329, 1, 23, 117, 140 }, // $
    { 23, 22, 372, 0, 21, 127, 257 }, // %
    { 22, 19, 334, 0, 19, 105, 384 }, // &
    { 3, 7, 88, 3, 20, 6, 489 }, // '
    { 11, 24, 187, 2, 21, 66, 495 }, // (
    { 11, 24, 187, 0, 20, 66, 561 }, // )
    { 13, 13, 239, 2, 20, 43, 627 }, // *
    { 15, 13, 246, 0, 13, 49, 670 }, // +
    { 6, 7, 102, -2, 4, 11, 719 }, // ,
    { 11, 3, 210, 1, 8, 9, 730 }, // -
    { 5, 5, 100, -1, 4, 7, 739 }, // .
    { 15, 24, 205, -1, 21, 90, 746 }, // /
    { 15, 15, 240, 0, 15, 57, 836 }, // 0
    { 10, 15, 143, -1, 15, 38, 893 }, // 1
    { 14, 15, 223, -1, 15, 53, 931 }, // 2
    { 13, 20, 218, -1, 15, 65, 984 }, // 3
    { 14, 19, 236, -1, 14, 67, 1049 }, // 4
    { 17, 20, 221, -2, 15, 85, 1116 }, // 5
    { 16, 19, 250, 1, 19, 76, 1201 }, // 6
    { 16, 21, 235, 0, 15, 84, 1277 }, // 7
    { 15, 19, 229, 0, 19, 72, 1361 }, // 8
    { 16, 21, 250, 0, 19, 84, 1433 }, // 9
    { 7, 15, 128, -1, 14, 27, 1517 }, // :
    { 8, 17, 107, -2, 14, 34, 1544 }, // ;
    { 16, 14, 246, 0, 15, 56, 1578 }, // <
    { 14, 9, 246, 1, 12, 32, 1634 }, // =
    { 17, 14, 246, -1, 15, 60, 1666 }, // >
    { 13, 20, 215, 2, 19, 65, 1726 }, // ?
    { 26, 25, 428, 0, 19, 163, 1791 }, // @
    { 20, 19, 306, -2, 19, 95, 1954 }, // A
    { 18, 19, 295, 0, 19, 86, 2049 }, // B
    { 20, 19, 301, 0, 19, 95, 2135 }, // C
    { 20, 19, 300, -1, 19, 95, 2230 }, // D
    { 20, 20, 296, -1, 20, 100, 2325 }, // E
    { 20, 20, 269, -1, 20, 100, 2425 }, // F
    { 20, 19, 317, 0, 19, 95, 2525 }, // G
    { 24, 19, 339, -1, 19, 114, 2620 }, // H
    { 12, 19, 146, -1, 19, 57, 2734 }, // I
    { 15, 19, 195, -1, 19, 72, 2791 }, // J
    { 22, 19, 312, -1, 19, 105, 2863 }, // K
    { 18, 19, 273, -1, 19, 86, 2968 }, // L
    { 28, 19, 408, -1, 19, 133, 3054 }, // M
    { 25, 19, 335, -1, 19, 119, 3187 }, // N
    { 20, 19, 330, 1, 19, 95, 3306 }, // O
    { 19, 19, 277, -1, 19, 91, 3401 }, // P
    { 20, 24, 330, 1, 19, 120, 3492 }, // Q
    { 20, 19, 308, -1, 19, 95, 3612 }, // R
    { 18, 19, 284, 0, 19, 86, 3707 }, // S
    { 21, 19, 323, 1, 19, 100, 3793 }, // T
    { 20, 19, 312, 2, 19, 95, 3893 }, // U
    { 19, 19, 298, 2, 19, 91, 3988 }, // V
    { 29, 19, 457, 2, 19, 138, 4079 }, // W
    { 24, 19, 343, -1, 19, 114, 4217 }, // X
    { 20, 19, 315, 2, 19, 95, 4331 }, // Y
    { 22, 19, 306, -1, 19, 105, 4426 }, // Z
    { 12, 26, 163, 0, 22, 78, 4531 }, // [
    { 6, 24, 205, 4, 21, 36, 4609 }, // <backslash>
    { 12, 26, 163, -2, 22, 78, 4645 }, // ]
    { 15, 10, 246, 1, 20, 38, 4723 }, // ^
    { 16, 3, 246, -2, 0, 12, 4761 }, // _
    { 7, 5, 246, 5, 19, 9, 4773 }, // `
    { 15, 14, 241, 0, 13, 53, 4782 }, // a
    { 13, 21, 232, 1, 21, 69, 4835 }, // b
    { 13, 13, 211, 0, 13, 43, 4904 }, // c
    { 16, 22, 241, 0, 21, 88, 4947 }, // d
    { 13, 13, 201, 0, 13, 43, 5035 }, // e
    { 14, 21, 147, -1, 21, 74, 5078 }, // f
    { 17, 19, 214, -2, 14, 81, 5152 }, // g
    { 16, 21, 256, -1, 21, 84, 5233 }, // h
    { 9, 19, 124, -1, 19, 43, 5317 }, // i
    { 13, 24, 106, -5, 19, 78, 5360 }, // j
    { 17, 21, 246, -1, 21, 90, 5438 }, // k
    { 9, 21, 124, -1, 21, 48, 5528 }, // l
    { 24, 14, 388, -1, 14, 84, 5576 }, // m
    { 16, 14, 254, -1, 14, 56, 5660 }, // n
    { 14, 13, 222, 0, 13, 46, 5716 }, // o
    { 17, 18, 245, -2, 13, 77, 5762 }, // p
    { 15, 18, 257, 0, 13, 68, 5839 }, // q
    { 14, 14, 193, -1, 14, 49, 5907 }, // r
    { 13, 13, 215, 0, 13, 43, 5956 }, // s
    { 10, 18, 148, 1, 18, 45, 5999 }, // t
    { 14, 14, 252, 1, 13, 49, 6044 }, // u
    { 15, 13, 227, 1, 13, 49, 6093 }, // v
    { 24, 13, 383, 1, 13, 78, 6142 }, // w
    { 18, 13, 239, -2, 13, 59, 6220 }, // x
    { 16, 19, 225, 0, 13, 76, 6279 }, // y
    { 16, 14, 220, -1, 14, 56, 6355 }, // z
    { 11, 26, 187, 2, 22, 72, 6411 }, // {
    { 7, 24, 232, 4, 19, 42, 6483 }, // |
    { 10, 26, 187, -1, 22, 65, 6525 }, // }
    { 16, 7, 246, 0, 11, 28, 6590 }, // ~
    { 0, 0, 103, 0, 0, 0, 0 }, // U+00A0
    { 8, 21, 136, 1, 14, 42, 0 }, // U+00A1
    { 13, 19, 233, 1, 19, 62, 42 }, // U+00A2
    { 19, 19, 317, 0, 19, 91, 104 }, // U+00A3
    { 15, 13, 258, 1, 15, 49, 195 }, // U+00A4
    { 20, 19, 353, 3, 19, 95, 244 }, // U+00A5
    { 7, 24, 232, 4, 19, 42, 339 }, // U+00A6
    { 20, 28, 323, 0, 21, 140, 381 }, // U+00A7
    { 11, 5, 246, 4, 19, 14, 521 }, // U+00A8
    { 20, 21, 323, 0, 20, 105, 535 }, // U+00A9
    { 12, 12, 213, 0, 19, 36, 640 }, // U+00AA
    { 14, 12, 270, 2, 14, 42, 676 }, // U+00AB
    { 15, 9, 246, 0, 9, 34, 718 }, // U+00AC
    { 20, 21, 323, 0, 20, 105, 752 }, // U+00AE
    { 8, 3, 246, 5, 17, 6, 857 }, // U+00AF
    { 9, 8, 146, 2, 21, 18, 863 }, // U+00B0
    { 17, 16, 246, -1, 16, 68, 881 }, // U+00B1
    { 11, 12, 169, 1, 22, 33, 949 }, // U+00B2
    { 10, 12, 157, 1, 22, 30, 982 }, // U+00B3
    { 6, 5, 246, 6, 19, 8, 1012 }, // U+00B4
    { 14, 18, 244, -1, 13, 63, 1020 }, // U+00B5
    { 15, 22, 246, 2, 19, 83, 1083 }, // U+00B6
    { 5, 5, 96, 0, 11, 7, 1166 }, // U+00B7
    { 8, 8, 246, 1, 1, 16, 1173 }, // U+00B8
    { 8, 12, 108, 1, 22, 24, 1189 }, // U+00B9
    { 12, 11, 188, 0, 19, 33, 1213 }, // U+00BA
    { 14, 12, 270, 1, 14, 42, 1246 }, // U+00BB
    { 20, 25, 329, -1, 22, 125, 1288 }, // U+00BC
    { 21, 22, 329, -1, 22, 116, 1413 }, // U+00BD
    { 20, 25, 329, -1, 22, 125, 1529 }, // U+00BE
    { 13, 22, 215, -2, 14, 72, 1654 }, // U+00BF
    { 20, 25, 306, -2, 25, 125, 1726 }, // U+00C0
    { 20, 25, 306, -2, 25, 125, 1851 }, // U+00C1
    { 20, 25, 306, -2, 25, 125, 1976 }, // U+00C2
    { 20, 26, 306, -2, 26, 130, 2101 }, // U+00C3
    { 20, 25, 306, -2, 25, 125, 2231 }, // U+00C4
    { 20, 24, 306, -2, 24, 120, 2356 }, // U+00C5
    { 30, 20, 448, -2, 20, 150, 2476 }, // U+00C6
    { 20, 26, 301, 0, 19, 130, 2626 }, // U+00C7
    { 20, 25, 296, -1, 25, 125, 2756 }, // U+00C8
    { 20, 25, 296, -1, 25, 125, 2881 }, // U+00C9
    { 20, 25, 296, -1, 25, 125, 3006 }, // U+00CA
    { 20, 25, 296, -1, 25, 125, 3131 }, // U+00CB
    { 12, 25, 146, -1, 25, 75, 3256 }, // U+00CC
    { 13, 25, 146, -1, 25, 82, 3331 }, // U+00CD
    { 13, 25, 146, -1, 25, 82, 3413 }, // U+00CE
    { 14, 25, 146, -1, 25, 88, 3495 }, // U+00CF
    { 20, 19, 324, -1, 19, 95, 3583 }, // U+00D0
    { 25, 26, 335, -1, 26, 163, 3678 }, // U+00D1
    { 20, 25, 330, 1, 25, 125, 3841 }, // U+00D2
    { 20, 25, 330, 1, 25, 125, 3966 }, // U+00D3
    { 20, 25, 330, 1, 25, 125, 4091 }, // U+00D4
    { 20, 26, 330, 1, 26, 130, 4216 }, // U+00D5
    { 20, 25, 330, 1, 25, 125, 4346 }, // U+00D6
    { 16, 13, 246, 0, 13, 52, 4471 }, // U+00D7
    { 20, 24, 337, 1, 22, 120, 4523 }, // U+00D8
    { 20, 25, 312, 2, 25, 125, 4643 }, // U+00D9
    { 20, 25, 312, 2, 25, 125, 4768 }, // U+00DA
    { 20, 25, 312, 2, 25, 125, 4893 }, // U+00DB
    { 20, 25, 312, 2, 25, 125, 5018 }, // U+00DC
    { 20, 25, 315, 2, 25, 125, 5143 }, // U+00DD
    { 18, 19, 262, -1, 19, 86, 5268 }, // U+00DE
    { 18, 19, 288, -1, 19, 86, 5354 }, // U+00DF
    { 15, 20, 241, 0, 19, 75, 5440 }, // U+00E0
    { 15, 20, 241, 0, 19, 75, 5515 }, // U+00E1
    { 15, 20, 241, 0, 19, 75, 5590 }, // U+00E2
    { 15, 21, 241, 0, 20, 79, 5665 }, // U+00E3
    { 15, 20, 241, 0, 19, 75, 5744 }, // U+00E4
    { 15, 21, 241, 0, 20, 79, 5819 }, // U+00E5
    { 22, 14, 360, 0, 13, 77, 5898 }, // U+00E6
    { 13, 20, 211, 0, 13, 65, 5975 }, // U+00E7
    { 13, 19, 201, 0, 19, 62, 6040 }, // U+00E8
    { 13, 19, 201, 0, 19, 62, 6102 }, // U+00E9
    { 13, 19, 201, 0, 19, 62, 6164 }, // U+00EA
    { 14, 19, 201, 0, 19, 67, 6226 }, // U+00EB
    { 8, 19, 124, -1, 19, 38, 6293 }, // U+00EC
    { 11, 19, 124, -1, 19, 53, 6331 }, // U+00ED
    { 11, 19, 124, -1, 19, 53, 6384 }, // U+00EE
    { 12, 19, 124, -1, 19, 57, 6437 }, // U+00EF
    { 14, 21, 235, 0, 21, 74, 6494 }, // U+00F0
    { 16, 20, 254, -1, 20, 80, 6568 }, // U+00F1
    { 14, 19, 222, 0, 19, 67, 6648 }, // U+00F2
    { 14, 19, 222, 0, 19, 67, 6715 }, // U+00F3
    { 14, 19, 222, 0, 19, 67, 6782 }, // U+00F4
    { 14, 20, 222, 0, 20, 70, 6849 }, // U+00F5
    { 14, 19, 222, 0, 19, 67, 6919 }, // U+00F6
    { 16, 16, 246, 0, 15, 64, 6986 }, // U+00F7
    { 16, 13, 222, -1, 13, 52, 7050 }, // U+00F8
    { 14, 20, 252, 1, 19, 70, 7102 }, // U+00F9
    { 14, 20, 252, 1, 19, 70, 7172 }, // U+00FA
    { 14, 20, 252, 1, 19, 70, 7242 }, // U+00FB
    { 14, 20, 252, 1, 19, 70, 7312 }, // U+00FC
    { 16, 25, 225, 0, 19, 100, 7382 }, // U+00FD
    { 17, 25, 245, -2, 20, 107, 7482 }, // U+00FE
    { 16, 25, 225, 0, 19, 100, 7589 }, // U+00FF
    { 20, 23, 306, -2, 23, 115, 0 }, // U+0100
    { 15, 18, 241, 0, 17, 68, 115 }, // U+0101
    { 20, 24, 306, -2, 24, 120, 183 }, // U+0102
    { 15, 19, 241, 0, 18, 72, 303 }, // U+0103
    { 21, 26, 306, -2, 19, 137, 375 }, // U+0104
    { 15, 19, 241, 0, 13, 72, 512 }, // U+0105
    { 20, 25, 301, 0, 25, 125, 584 }, // U+0106
    { 13, 19, 211, 0, 19, 62, 709 }, // U+0107
    { 20, 25, 301, 0, 25, 125, 771 }, // U+0108
    { 13, 19, 211, 0, 19, 62, 896 }, // U+0109
    { 20, 25, 301, 0, 25, 125, 958 }, // U+010A
    { 13, 19, 211, 0, 19, 62, 1083 }, // U+010B
    { 20, 25, 301, 0, 25, 125, 1145 }, // U+010C
    { 13, 19, 211, 0, 19, 62, 1270 }, // U+010D
    { 20, 25, 300, -1, 25, 125, 1332 }, // U+010E
    { 19, 22, 287, 0, 21, 105, 1457 }, // U+010F
    { 20, 19, 324, -1, 19, 95, 1562 }, // U+0110
    { 17, 22, 252, 0, 21, 94, 1657 }, // U+0111
    { 20, 23, 296, -1, 23, 115, 1751 }, // U+0112
    { 13, 17, 201, 0, 17, 56, 1866 }, // U+0113
    { 20, 24, 296, -1, 24, 120, 1922 }, // U+0114
    { 13, 18, 201, 0, 18, 59, 2042 }, // U+0115
    { 20, 25, 296, -1, 25, 125, 2101 }, // U+0116
    { 13, 19, 201, 0, 19, 62, 2226 }, // U+0117
    { 20, 27, 296, -1, 20, 135, 2288 }, // U+0118
    { 13, 20, 201, 0, 13, 65, 2423 }, // U+0119
    { 20, 25, 296, -1, 25, 125, 2488 }, // U+011A
    { 13, 19, 201, 0, 19, 62, 2613 }, // U+011B
    { 20, 25, 317, 0, 25, 125, 2675 }, // U+011C
    { 17, 24, 214, -2, 19, 102, 2800 }, // U+011D
    { 20, 24, 317, 0, 24, 120, 2902 }, // U+011E
    { 17, 23, 214, -2, 18, 98, 3022 }, // U+011F
    { 20, 25, 317, 0, 25, 125, 3120 }, // U+0120
    { 17, 24, 214, -2, 19, 102, 3245 }, // U+0121
    { 20, 26, 317, 0, 19, 130, 3347 }, // U+0122
    { 17, 25, 214, -2, 20, 107, 3477 }, // U+0123
    { 24, 25, 339, -1, 25, 150, 3584 }, // U+0124
    { 16, 26, 256, -1, 26, 104, 3734 }, // U+0125
    { 24, 19, 339, -1, 19, 114, 3838 }, // U+0126
    { 16, 21, 280, -1, 21, 84, 3952 }, // U+0127
    { 14, 26, 146, -1, 26, 91, 4036 }, // U+0128
    { 12, 20, 124, -1, 20, 60, 4127 }, // U+0129
    { 13, 23, 146, -1, 23, 75, 4187 }, // U+012A
    { 11, 17, 124, -1, 17, 47, 4262 }, // U+012B
    { 13, 24, 146, -1, 24, 78, 4309 }, // U+012C
    { 11, 18, 124, -1, 18, 50, 4387 }, // U+012D
    { 12, 26, 146, -1, 19, 78, 4437 }, // U+012E
    { 9, 26, 124, -1, 19, 59, 4515 }, // U+012F
    { 12, 25, 146, -1, 25, 75, 4574 }, // U+0130
    { 8, 14, 124, -1, 14, 28, 4649 }, // U+0131
    { 24, 19, 333, -1, 19, 114, 4677 }, // U+0132
    { 17, 24, 224, -1, 19, 102, 4791 }, // U+0133
    { 16, 25, 195, -1, 25, 100, 4893 }, // U+0134
    { 15, 24, 106, -5, 19, 90, 4993 }, // U+0135
    { 22, 26, 312, -1, 19, 143, 5083 }, // U+0136
    { 17, 28, 246, -1, 21, 119, 5226 }, // U+0137
    { 17, 13, 246, -1, 13, 56, 5345 }, // U+0138
    { 18, 25, 273, -1, 25, 113, 5401 }, // U+0139
    { 12, 26, 124, -1, 26, 78, 5514 }, // U+013A
    { 18, 26, 273, -1, 19, 117, 5592 }, // U+013B
    { 9, 28, 124, -1, 21, 63, 5709 }, // U+013C
    { 18, 19, 273, -1, 19, 86, 5772 }, // U+013D
    { 12, 21, 155, -1, 21, 63, 5858 }, // U+013E
    { 18, 19, 262, -1, 19, 86, 5921 }, // U+013F
    { 13, 21, 219, -1, 21, 69, 6007 }, // U+0140
    { 18, 19, 291, -1, 19, 86, 6076 }, // U+0141
    { 9, 21, 153, 0, 21, 48, 6162 }, // U+0142
    { 25, 25, 335, -1, 25, 157, 6210 }, // U+0143
    { 16, 19, 254, -1, 19, 76, 6367 }, // U+0144
    { 25, 26, 335, -1, 19, 163, 6443 }, // U+0145
    { 16, 21, 254, -1, 14, 84, 6606 }, // U+0146
    { 25, 25, 335, -1, 25, 157, 6690 }, // U+0147
    { 16, 19, 254, -1, 19, 76, 6847 }, // U+0148
    { 16, 18, 291, 1, 18, 72, 6923 }, // U+0149
    { 25, 24, 335, -1, 19, 150, 6995 }, // U+014A
    { 16, 19, 225, -1, 14, 76, 7145 }, // U+014B
    { 20, 23, 330, 1, 23, 115, 7221 }, // U+014C
    { 14, 17, 222, 0, 17, 60, 7336 }, // U+014D
    { 20, 24, 330, 1, 24, 120, 7396 }, // U+014E
    { 14, 18, 222, 0, 18, 63, 7516 }, // U+014F
    { 20, 26, 330, 1, 26, 130, 7579 }, // U+0150
    { 14, 20, 222, 0, 20, 70, 7709 }, // U+0151
    { 31, 19, 503, 1, 19, 148, 7779 }, // U+0152
    { 22, 13, 352, 0, 13, 72, 7927 }, // U+0153
    { 20, 25, 308, -1, 25, 125, 7999 }, // U+0154
    { 14, 19, 193, -1, 19, 67, 8124 }, // U+0155
    { 20, 26, 308, -1, 19, 130, 8191 }, // U+0156
    { 14, 21, 193, -1, 14, 74, 8321 }, // U+0157
    { 20, 25, 308, -1, 25, 125, 8395 }, // U+0158
    { 14, 19, 193, -1, 19, 67, 8520 }, // U+0159
    { 18, 25, 284, 0, 25, 113, 8587 }, // U+015A
    { 13, 19, 215, 0, 19, 62, 8700 }, // U+015B
    { 18, 25, 284, 0, 25, 113, 8762 }, // U+015C
    { 13, 19, 215, 0, 19, 62, 8875 }, // U+015D
    { 18, 26, 284, 0, 19, 117, 8937 }, // U+015E
    { 13, 20, 215, 0, 13, 65, 9054 }, // U+015F
    { 18, 25, 284, 0, 25, 113, 9119 }, // U+0160
    { 13, 19, 215, 0, 19, 62, 9232 }, // U+0161
    { 21, 26, 323, 1, 19, 137, 9294 }, // U+0162
    { 11, 25, 148, 0, 18, 69, 9431 }, // U+0163
    { 21, 25, 323, 1, 25, 132, 9500 }, // U+0164
    { 12, 20, 148, 1, 20, 60, 9632 }, // U+0165
    { 21, 19, 323, 1, 19, 100, 9692 }, // U+0166
    { 10, 18, 168, 1, 18, 45, 9792 }, // U+0167
    { 20, 26, 312, 2, 26, 130, 9837 }, // U+0168
    { 14, 21, 252, 1, 20, 74, 9967 }, // U+0169
    { 20, 23, 312, 2, 23, 115, 10041 }, // U+016A
    { 14, 18, 252, 1, 17, 63, 10156 }, // U+016B
    { 20, 24, 312, 2, 24, 120, 10219 }, // U+016C
    { 14, 19, 252, 1, 18, 67, 10339 }, // U+016D
    { 20, 26, 312, 2, 26, 130, 10406 }, // U+016E
    { 14, 21, 252, 1, 20, 74, 10536 }, // U+016F
    { 20, 26, 312, 2, 26, 130, 10610 }, // U+0170
    { 14, 21, 252, 1, 20, 74, 10740 }, // U+0171
    { 20, 26, 312, 2, 19, 130, 10814 }, // U+0172
    { 14, 19, 252, 1, 13, 67, 10944 }, // U+0173
    { 29, 25, 457, 2, 25, 182, 11011 }, // U+0174
    { 24, 19, 383, 1, 19, 114, 11193 }, // U+0175
    { 20, 25, 315, 2, 25, 125, 11307 }, // U+0176
    { 16, 25, 225, 0, 19, 100, 11432 }, // U+0177
    { 20, 25, 315, 2, 25, 125, 11532 }, // U+0178
    { 22, 25, 306, -1, 25, 138, 11657 }, // U+0179
    { 16, 19, 220, -1, 19, 76, 11795 }, // U+017A
    { 22, 25, 306, -1, 25, 138, 11871 }, // U+017B
    { 16, 19, 220, -1, 19, 76, 12009 }, // U+017C
    { 22, 25, 306, -1, 25, 138, 12085 }, // U+017D
    { 16, 19, 220, -1, 19, 76, 12223 }, // U+017E
    { 14, 21, 147, -1, 21, 74, 12299 }, // U+017F
    { 20, 23, 330, 1, 23, 115, 0 }, // U+01A0
    { 15, 17, 222, 0, 17, 64, 115 }, // U+01A1
    { 22, 23, 367, 2, 23, 127, 179 }, // U+01AF
    { 19, 18, 327, 1, 17, 86, 306 }, // U+01B0
    { 40, 25, 602, -1, 25, 250, 392 }, // U+01C4
    { 34, 19, 516, -1, 19, 162, 642 }, // U+01C5
    { 30, 22, 467, 0, 21, 165, 804 }, // U+01C6
    { 32, 19, 464, -1, 19, 152, 969 }, // U+01C7
    { 26, 24, 379, -1, 19, 156, 1121 }, // U+01C8
    { 17, 26, 225, -1, 21, 111, 1277 }, // U+01C9
    { 36, 19, 522, -1, 19, 171, 1388 }, // U+01CA
    { 30, 24, 436, -1, 19, 180, 1559 }, // U+01CB
    { 24, 24, 347, -1, 19, 144, 1739 }, // U+01CC
    { 20, 25, 306, -2, 25, 125, 1883 }, // U+01CD
    { 15, 20, 241, 0, 19, 75, 2008 }, // U+01CE
    { 13, 25, 146, -1, 25, 82, 2083 }, // U+01CF
    { 11, 19, 124, -1, 19, 53, 2165 }, // U+01D0
    { 20, 25, 330, 1, 25, 125, 2218 }, // U+01D1
    { 14, 19, 222, 0, 19, 67, 2343 }, // U+01D2
    { 20, 25, 312, 2, 25, 125, 2410 }, // U+01D3
    { 14, 20, 252, 1, 19, 70, 2535 }, // U+01D4
    { 20, 29, 312, 2, 29, 145, 2605 }, // U+01D5
    { 14, 23, 252, 1, 22, 81, 2750 }, // U+01D6
    { 20, 31, 312, 2, 31, 155, 2831 }, // U+01D7
    { 14, 25, 252, 1, 24, 88, 2986 }, // U+01D8
    { 20, 31, 312, 2, 31, 155, 3074 }, // U+01D9
    { 14, 25, 252, 1, 24, 88, 3229 }, // U+01DA
    { 20, 31, 312, 2, 31, 155, 3317 }, // U+01DB
    { 14, 25, 252, 1, 24, 88, 3472 }, // U+01DC
    { 20, 25, 317, 0, 25, 125, 3560 }, // U+01E6
    { 17, 24, 214, -2, 19, 102, 3685 }, // U+01E7
    { 20, 26, 330, 1, 19, 130, 3787 }, // U+01EA
    { 14, 20, 222, 0, 13, 70, 3917 }, // U+01EB
    { 20, 29, 306, -2, 29, 145, 3987 }, // U+01FA
    { 15, 25, 241, 0, 24, 94, 4132 }, // U+01FB
    { 30, 25, 448, -2, 25, 188, 4226 }, // U+01FC
    { 22, 20, 360, 0, 19, 110, 4414 }, // U+01FD
    { 20, 27, 337, 1, 25, 135, 4524 }, // U+01FE
    { 16, 19, 222, -1, 19, 76, 4659 }, // U+01FF
    { 20, 25, 306, -2, 25, 125, 4735 }, // U+0200
    { 15, 20, 241, 0, 19, 75, 4860 }, // U+0201
    { 20, 26, 306, -2, 26, 130, 4935 }, // U+0202
    { 15, 21, 241, 0, 20, 79, 5065 }, // U+0203
    { 20, 25, 296, -1, 25, 125, 5144 }, // U+0204
    { 14, 19, 201, 0, 19, 67, 5269 }, // U+0205
    { 20, 26, 296, -1, 26, 130, 5336 }, // U+0206
    { 13, 20, 201, 0, 20, 65, 5466 }, // U+0207
    { 15, 25, 146, -1, 25, 94, 5531 }, // U+0208
    { 13, 19, 124, -1, 19, 62, 5625 }, // U+0209
    { 13, 26, 146, -1, 26, 85, 5687 }, // U+020A
    { 11, 20, 124, -1, 20, 55, 5772 }, // U+020B
    { 20, 25, 330, 1, 25, 125, 5827 }, // U+020C
    { 15, 19, 222, 0, 19, 72, 5952 }, // U+020D
    { 20, 26, 330, 1, 26, 130, 6024 }, // U+020E
    { 14, 20, 222, 0, 20, 70, 6154 }, // U+020F
    { 20, 25, 308, -1, 25, 125, 6224 }, // U+0210
    { 15, 19, 193, -1, 19, 72, 6349 }, // U+0211
    { 20, 26, 308, -1, 26, 130, 6421 }, // U+0212
    { 14, 20, 193, -1, 20, 70, 6551 }, // U+0213
    { 20, 25, 312, 2, 25, 125, 6621 }, // U+0214
    { 14, 20, 252, 1, 19, 70, 6746 }, // U+0215
    { 20, 26, 312, 2, 26, 130, 6816 }, // U+0216
    { 14, 21, 252, 1, 20, 74, 6946 }, // U+0217
    { 18, 26, 284, 0, 19, 117, 7020 }, // U+0218
    { 13, 20, 215, 0, 13, 65, 7137 }, // U+0219
    { 21, 26, 323, 1, 19, 137, 7202 }, // U+021A
    { 10, 25, 148, 1, 18, 63, 7339 }, // U+021B
    { 7, 5, 0, 5, 19, 9, 0 }, // U+0300
    { 6, 5, 0, 6, 19, 8, 9 }, // U+0301
    { 9, 5, 0, 5, 19, 12, 17 }, // U+0302
    { 10, 6, 0, 4, 20, 15, 29 }, // U+0303
    { 8, 3, 0, 5, 17, 6, 44 }, // U+0304
    { 9, 5, 0, 5, 18, 12, 50 }, // U+0306
    { 5, 5, 0, 7, 19, 7, 62 }, // U+0307
    { 11, 5, 0, 4, 19, 14, 69 }, // U+0308
    { 5, 6, 0, 4, 20, 8, 83 }, // U+0309
    { 7, 7, 0, 5, 20, 13, 91 }, // U+030A
    { 8, 5, 0, 6, 20, 10, 104 }, // U+030B
    { 9, 5, 0, 4, 19, 12, 114 }, // U+030C
    { 11, 5, 0, 2, 19, 14, 126 }, // U+030F
    { 9, 5, 0, 5, 20, 12, 140 }, // U+0311
    { 5, 6, 0, 7, 18, 8, 152 }, // U+0312
    { 8, 7, 0, 0, 17, 14, 160 }, // U+031B
    { 5, 5, 0, 4, -1, 7, 174 }, // U+0323
    { 11, 5, 0, 1, -2, 14, 181 }, // U+0324
    { 5, 6, 0, 1, -1, 8, 195 }, // U+0326
    { 8, 8, 0, 1, 1, 16, 203 }, // U+0327
    { 8, 9, 0, 1, 2, 18, 219 }, // U+0328
    { 8, 5, 0, 2, -1, 10, 237 }, // U+032E
    { 10, 6, 0, 0, -1, 15, 247 }, // U+0330
    { 8, 3, 0, 3, -1, 6, 262 }, // U+0331
    { 20, 25, 306, -2, 19, 125, 0 }, // U+1EA0
    { 15, 19, 241, 0, 13, 72, 125 }, // U+1EA1
    { 20, 26, 306, -2, 26, 130, 197 }, // U+1EA2
    { 15, 21, 241, 0, 20, 79, 327 }, // U+1EA3
    { 23, 28, 306, -2, 28, 161, 406 }, // U+1EA4
    { 18, 23, 241, 0, 22, 104, 567 }, // U+1EA5
    { 20, 28, 306, -2, 28, 140, 671 }, // U+1EA6
    { 15, 23, 241, 0, 22, 87, 811 }, // U+1EA7
    { 20, 29, 306, -2, 29, 145, 898 }, // U+1EA8
    { 15, 24, 241, 0, 23, 90, 1043 }, // U+1EA9
    { 20, 31, 306, -2, 31, 155, 1133 }, // U+1EAA
    { 15, 26, 241, 0, 25, 98, 1288 }, // U+1EAB
    { 20, 31, 306, -2, 25, 155, 1386 }, // U+1EAC
    { 15, 25, 241, 0, 19, 94, 1541 }, // U+1EAD
    { 20, 30, 306, -2, 30, 150, 1635 }, // U+1EAE
    { 15, 25, 241, 0, 24, 94, 1785 }, // U+1EAF
    { 20, 30, 306, -2, 30, 150, 1879 }, // U+1EB0
    { 15, 25, 241, 0, 24, 94, 2029 }, // U+1EB1
    { 20, 31, 306, -2, 31, 155, 2123 }, // U+1EB2
    { 15, 26, 241, 0, 25, 98, 2278 }, // U+1EB3
    { 20, 31, 306, -2, 31, 155, 2376 }, // U+1EB4
    { 15, 26, 241, 0, 25, 98, 2531 }, // U+1EB5
    { 20, 30, 306, -2, 24, 150, 2629 }, // U+1EB6
    { 15, 24, 241, 0, 18, 90, 2779 }, // U+1EB7
    { 20, 26, 296, -1, 20, 130, 2869 }, // U+1EB8
    { 13, 19, 201, 0, 13, 62, 2999 }, // U+1EB9
    { 20, 26, 296, -1, 26, 130, 3061 }, // U+1EBA
    { 13, 20, 201, 0, 20, 65, 3191 }, // U+1EBB
    { 20, 26, 296, -1, 26, 130, 3256 }, // U+1EBC
    { 13, 20, 201, 0, 20, 65, 3386 }, // U+1EBD
    { 22, 28, 296, -1, 28, 154, 3451 }, // U+1EBE
    { 17, 22, 201, 0, 22, 94, 3605 }, // U+1EBF
    { 20, 28, 296, -1, 28, 140, 3699 }, // U+1EC0
    { 13, 22, 201, 0, 22, 72, 3839 }, // U+1EC1
    { 20, 29, 296, -1, 29, 145, 3911 }, // U+1EC2
    { 14, 23, 201, 0, 23, 81, 4056 }, // U+1EC3
    { 20, 31, 296, -1, 31, 155, 4137 }, // U+1EC4
    { 14, 25, 201, 0, 25, 88, 4292 }, // U+1EC5
    { 20, 31, 296, -1, 25, 155, 4380 }, // U+1EC6
    { 13, 25, 201, 0, 19, 82, 4535 }, // U+1EC7
    { 12, 26, 146, -1, 26, 78, 4617 }, // U+1EC8
    { 9, 20, 124, -1, 20, 45, 4695 }, // U+1EC9
    { 12, 25, 146, -1, 19, 75, 4740 }, // U+1ECA
    { 9, 25, 124, -1, 19, 57, 4815 }, // U+1ECB
    { 20, 25, 330, 1, 19, 125, 4872 }, // U+1ECC
    { 14, 19, 222, 0, 13, 67, 4997 }, // U+1ECD
    { 20, 26, 330, 1, 26, 130, 5064 }, // U+1ECE
    { 14, 20, 222, 0, 20, 70, 5194 }, // U+1ECF
    { 21, 28, 330, 1, 28, 147, 5264 }, // U+1ED0
    { 17, 22, 222, 0, 22, 94, 5411 }, // U+1ED1
    { 20, 28, 330, 1, 28, 140, 5505 }, // U+1ED2
    { 14, 22, 222, 0, 22, 77, 5645 }, // U+1ED3
    { 20, 29, 330, 1, 29, 145, 5722 }, // U+1ED4
    { 15, 23, 222, 0, 23, 87, 5867 }, // U+1ED5
    { 20, 31, 330, 1, 31, 155, 5954 }, // U+1ED6
    { 14, 25, 222, 0, 25, 88, 6109 }, // U+1ED7
    { 20, 31, 330, 1, 25, 155, 6197 }, // U+1ED8
    { 14, 25, 222, 0, 19, 88, 6352 }, // U+1ED9
    { 20, 25, 330, 1, 25, 125, 6440 }, // U+1EDA
    { 15, 19, 222, 0, 19, 72, 6565 }, // U+1EDB
    { 20, 25, 330, 1, 25, 125, 6637 }, // U+1EDC
    { 15, 19, 222, 0, 19, 72, 6762 }, // U+1EDD
    { 20, 26, 330, 1, 26, 130, 6834 }, // U+1EDE
    { 15, 20, 222, 0, 20, 75, 6964 }, // U+1EDF
    { 20, 26, 330, 1, 26, 130, 7039 }, // U+1EE0
    { 15, 20, 222, 0, 20, 75, 7169 }, // U+1EE1
    { 20, 29, 330, 1, 23, 145, 7244 }, // U+1EE2
    { 15, 23, 222, 0, 17, 87, 7389 }, // U+1EE3
    { 20, 25, 312, 2, 19, 125, 7476 }, // U+1EE4
    { 14, 19, 252, 1, 13, 67, 7601 }, // U+1EE5
    { 20, 26, 312, 2, 26, 130, 7668 }, // U+1EE6
    { 14, 21, 252, 1, 20, 74, 7798 }, // U+1EE7
    { 22, 25, 367, 2, 25, 138, 7872 }, // U+1EE8
    { 19, 20, 327, 1, 19, 95, 8010 }, // U+1EE9
    { 22, 25, 367, 2, 25, 138, 8105 }, // U+1EEA
    { 19, 20, 327, 1, 19, 95, 8243 }, // U+1EEB
    { 22, 26, 367, 2, 26, 143, 8338 }, // U+1EEC
    { 19, 21, 327, 1, 20, 100, 8481 }, // U+1EED
    { 22, 26, 367, 2, 26, 143, 8581 }, // U+1EEE
    { 19, 21, 327, 1, 20, 100, 8724 }, // U+1EEF
    { 22, 29, 367, 2, 23, 160, 8824 }, // U+1EF0
    { 19, 23, 327, 1, 17, 110, 8984 }, // U+1EF1
    { 20, 25, 315, 2, 25, 125, 9094 }, // U+1EF2
    { 16, 25, 225, 0, 19, 100, 9219 }, // U+1EF3
    { 20, 25, 315, 2, 19, 125, 9319 }, // U+1EF4
    { 16, 20, 225, 0, 13, 80, 9444 }, // U+1EF5
    { 20, 26, 315, 2, 26, 130, 9524 }, // U+1EF6
    { 16, 26, 225, 0, 20, 104, 9654 }, // U+1EF7
    { 20, 26, 315, 2, 26, 130, 9758 }, // U+1EF8
    { 16, 26, 225, 0, 20, 104, 9888 }, // U+1EF9
    { 0, 0, 267, 0, 0, 0, 0 }, // U+2007
    { 0, 0, 100, 0, 0, 0, 0 }, // U+2008
    { 0, 0, 82, 0, 0, 0, 0 }, // U+2009
    { 0, 0, 59, 0, 0, 0, 0 }, // U+200A
    { 0, 0, 0, 0, 0, 0, 0 }, // U+200B
    { 11, 3, 210, 1, 8, 9, 0 }, // U+2010
    { 17, 3, 309, 1, 8, 13, 9 }, // U+2012
    { 12, 3, 225, 1, 8, 9, 22 }, // U+2013
    { 17, 3, 309, 1, 8, 13, 31 }, // U+2014
    { 21, 3, 306, -1, 8, 16, 44 }, // U+2015
    { 6, 7, 130, 4, 20, 11, 60 }, // U+2018
    { 6, 7, 130, 3, 21, 11, 71 }, // U+2019
    { 6, 7, 102, -2, 4, 11, 82 }, // U+201A
    { 11, 7, 221, 4, 20, 20, 93 }, // U+201C
    { 12, 8, 221, 2, 21, 24, 113 }, // U+201D
    { 12, 7, 221, -2, 4, 21, 137 }, // U+201E
    { 13, 23, 240, 2, 19, 75, 158 }, // U+2020
    { 14, 23, 240, 1, 19, 81, 233 }, // U+2021
    { 8, 7, 246, 4, 12, 14, 314 }, // U+2022
    { 18, 5, 310, -1, 4, 23, 328 }, // U+2026
    { 33, 22, 555, 0, 21, 182, 351 }, // U+2030
    { 6, 8, 91, 1, 20, 12, 533 }, // U+2032
    { 12, 8, 181, 1, 20, 24, 545 }, // U+2033
    { 8, 12, 166, 2, 14, 24, 569 }, // U+2039
    { 8, 12, 166, 1, 14, 24, 593 }, // U+203A
    { 15, 20, 226, 1, 19, 75, 617 }, // U+203D
    { 27, 24, 438, 1, 20, 162, 692 }, // U+2042
    { 20, 19, 292, -1, 19, 95, 854 }, // U+2044
    { 18, 20, 303, 2, 19, 90, 949 }, // U+2048
    { 12, 12, 182, 1, 22, 36, 0 }, // U+2070
    { 11, 14, 179, 0, 21, 39, 36 }, // U+2074
    { 13, 15, 192, 1, 22, 49, 75 }, // U+2075
    { 13, 13, 189, 2, 23, 43, 124 }, // U+2076
    { 13, 14, 178, 1, 20, 46, 167 }, // U+2077
    { 11, 13, 155, 1, 23, 36, 213 }, // U+2078
    { 13, 13, 189, 1, 23, 43, 249 }, // U+2079
    { 12, 12, 182, -1, 12, 36, 292 }, // U+2080
    { 8, 12, 108, -1, 12, 24, 328 }, // U+2081
    { 11, 12, 169, -1, 12, 33, 352 }, // U+2082
    { 10, 12, 157, -1, 12, 30, 385 }, // U+2083
    { 11, 14, 179, -2, 11, 39, 415 }, // U+2084
    { 13, 15, 192, -1, 12, 49, 454 }, // U+2085
    { 13, 13, 189, 0, 13, 43, 503 }, // U+2086
    { 13, 14, 178, -1, 10, 46, 546 }, // U+2087
    { 11, 13, 155, -1, 13, 36, 592 }, // U+2088
    { 13, 13, 189, -1, 13, 43, 628 }, // U+2089
    { 19, 26, 338, 1, 23, 124, 0 }, // U+20A1
    { 23, 20, 361, 0, 20, 115, 124 }, // U+20A3
    { 19, 19, 317, 0, 19, 91, 239 }, // U+20A4
    { 25, 19, 388, 0, 19, 119, 330 }, // U+20A6
    { 21, 19, 341, 1, 19, 100, 449 }, // U+20A7
    { 31, 19, 500, 2, 19, 148, 549 }, // U+20A9
    { 21, 19, 313, 0, 19, 100, 697 }, // U+20AA
    { 18, 25, 296, 1, 22, 113, 797 }, // U+20AB
    { 22, 19, 376, 1, 19, 105, 910 }, // U+20AC
    { 22, 19, 346, 0, 19, 105, 1015 }, // U+20AD
    { 21, 19, 344, 1, 19, 100, 1120 }, // U+20B1
    { 20, 26, 341, 1, 23, 130, 1220 }, // U+20B2
    { 21, 19, 350, 1, 19, 100, 1350 }, // U+20B4
    { 19, 26, 338, 1, 23, 124, 1450 }, // U+20B5
    { 17, 20, 267, 1, 19, 85, 1574 }, // U+20B9
    { 18, 19, 305, 1, 19, 86, 1659 }, // U+20BA
    { 19, 24, 301, 0, 24, 114, 1745 }, // U+20BC
    { 19, 19, 300, 0, 19, 91, 1859 }, // U+20BD
    { 19, 25, 314, 0, 22, 119, 1950 }, // U+20BF
    { 20, 18, 355, 1, 19, 90, 0 }, // U+2190
    { 18, 20, 305, 1, 21, 90, 90 }, // U+2191
    { 20, 18, 341, 1, 19, 90, 180 }, // U+2192
    { 18, 20, 305, 0, 19, 90, 270 }, // U+2193
    { 26, 18, 453, 1, 19, 117, 360 }, // U+2194
    { 18, 26, 305, 1, 23, 117, 477 }, // U+2195
    { 15, 14, 274, 1, 20, 53, 594 }, // U+2196
    { 16, 15, 282, 1, 20, 60, 647 }, // U+2197
    { 15, 15, 274, 1, 14, 57, 707 }, // U+2198
    { 15, 15, 274, 1, 14, 57, 764 }, // U+2199
    { 17, 17, 312, 1, 19, 73, 821 }, // U+21BA
    { 18, 17, 312, 1, 19, 77, 894 }, // U+21BB
    { 22, 28, 355, 0, 23, 154, 971 }, // U+21C4
    { 29, 22, 470, 0, 20, 160, 1125 }, // U+21C5
    { 18, 17, 327, 1, 16, 77, 1285 }, // U+21E7
    { 14, 21, 246, 0, 21, 74, 0 }, // U+2202
    { 17, 15, 246, -1, 15, 64, 74 }, // U+2205
    { 15, 18, 246, -1, 18, 68, 138 }, // U+2206
    { 19, 20, 246, -1, 19, 95, 206 }, // U+220F
    { 18, 19, 246, 0, 19, 86, 301 }, // U+2211
    { 15, 2, 246, 0, 8, 8, 387 }, // U+2212
    { 14, 19, 232, 1, 19, 67, 395 }, // U+2215
    { 6, 6, 246, 5, 12, 9, 462 }, // U+2219
    { 18, 23, 246, 0, 21, 104, 471 }, // U+221A
    { 16, 9, 246, 0, 11, 36, 575 }, // U+221E
    { 20, 27, 246, -2, 21, 135, 611 }, // U+222B
    { 18, 13, 246, -1, 14, 59, 746 }, // U+2248
    { 14, 16, 246, 1, 16, 56, 805 }, // U+2260
    { 18, 16, 246, -1, 16, 72, 861 }, // U+2264
    { 17, 16, 246, -1, 16, 68, 933 }, // U+2265
    { 22, 21, 277, -1, 21, 116, 0 }, // U+FB00
    { 18, 21, 273, -1, 21, 95, 116 }, // U+FB01
    { 18, 21, 258, -1, 21, 95, 211 }, // U+FB02
    { 27, 21, 417, -1, 21, 142, 306 }, // U+FB03
    { 27, 21, 405, -1, 21, 142, 448 }, // U+FB04
    { 28, 28, 452, 1, 25, 196, 0 }, // U+FFFD
};

static const EpdUnicodeInterval youngserif_14_italicIntervals[] = {
    { 0xD, 0xD, 0x0 },
    { 0x20, 0x7E, 0x1 },
    { 0xA0, 0xAC, 0x60 },
    { 0xAE, 0x17F, 0x6D },
    { 0x1A0, 0x1A1, 0x13F },
    { 0x1AF, 0x1B0, 0x141 },
    { 0x1C4, 0x1DC, 0x143 },
    { 0x1E6, 0x1E7, 0x15C },
    { 0x1EA, 0x1EB, 0x15E },
    { 0x1FA, 0x21B, 0x160 },
    { 0x300, 0x304, 0x182 },
    { 0x306, 0x30C, 0x187 },
    { 0x30F, 0x30F, 0x18E },
    { 0x311, 0x312, 0x18F },
    { 0x31B, 0x31B, 0x191 },
    { 0x323, 0x324, 0x192 },
    { 0x326, 0x328, 0x194 },
    { 0x32E, 0x32E, 0x197 },
    { 0x330, 0x331, 0x198 },
    { 0x1EA0, 0x1EF9, 0x19A },
    { 0x2007, 0x200B, 0x1F4 },
    { 0x2010, 0x2010, 0x1F9 },
    { 0x2012, 0x2015, 0x1FA },
    { 0x2018, 0x201A, 0x1FE },
    { 0x201C, 0x201E, 0x201 },
    { 0x2020, 0x2022, 0x204 },
    { 0x2026, 0x2026, 0x207 },
    { 0x2030, 0x2030, 0x208 },
    { 0x2032, 0x2033, 0x209 },
    { 0x2039, 0x203A, 0x20B },
    { 0x203D, 0x203D, 0x20D },
    { 0x2042, 0x2042, 0x20E },
    { 0x2044, 0x2044, 0x20F },
    { 0x2048, 0x2048, 0x210 },
    { 0x2070, 0x2070, 0x211 },
    { 0x2074, 0x2079, 0x212 },
    { 0x2080, 0x2089, 0x218 },
    { 0x20A1, 0x20A1, 0x222 },
    { 0x20A3, 0x20A4, 0x223 },
    { 0x20A6, 0x20A7, 0x225 },
    { 0x20A9, 0x20AD, 0x227 },
    { 0x20B1, 0x20B2, 0x22C },
    { 0x20B4, 0x20B5, 0x22E },
    { 0x20B9, 0x20BA, 0x230 },
    { 0x20BC, 0x20BD, 0x232 },
    { 0x20BF, 0x20BF, 0x234 },
    { 0x2190, 0x2199, 0x235 },
    { 0x21BA, 0x21BB, 0x23F },
    { 0x21C4, 0x21C5, 0x241 },
    { 0x21E7, 0x21E7, 0x243 },
    { 0x2202, 0x2202, 0x244 },
    { 0x2205, 0x2206, 0x245 },
    { 0x220F, 0x220F, 0x247 },
    { 0x2211, 0x2212, 0x248 },
    { 0x2215, 0x2215, 0x24A },
    { 0x2219, 0x221A, 0x24B },
    { 0x221E, 0x221E, 0x24D },
    { 0x222B, 0x222B, 0x24E },
    { 0x2248, 0x2248, 0x24F },
    { 0x2260, 0x2260, 0x250 },
    { 0x2264, 0x2265, 0x251 },
    { 0xFB00, 0xFB04, 0x253 },
    { 0xFFFD, 0xFFFD, 0x258 },
};

static const EpdFontGroup youngserif_14_italicGroups[] = {
    { 0, 3504, 7115, 96, 0 },
    { 3504, 2830, 8129, 95, 96 },
    { 6334, 3444, 13296, 128, 191 },
    { 9778, 2553, 7818, 67, 319 },
    { 12331, 227, 311, 24, 386 },
    { 12558, 1797, 10463, 90, 410 },
    { 14355, 616, 1126, 29, 500 },
    { 14971, 369, 770, 17, 529 },
    { 15340, 1200, 2234, 19, 546 },
    { 16540, 652, 1471, 15, 565 },
    { 17192, 566, 1097, 15, 580 },
    { 17758, 375, 630, 5, 595 },
    { 18133, 130, 196, 1, 600 },
};

static const uint16_t youngserif_14_italicKernLeftCodepoints[] = {
    0x0028, 0x002C, 0x002D, 0x002E, 0x002F, 0x0030, 0x0031, 0x0032, 0x0033, 0x0034, 0x0035, 0x0036,
    0x0037, 0x0038, 0x0039, 0x003A, 0x003B, 0x0041, 0x0042, 0x0043, 0x0044, 0x0045, 0x0046, 0x0047,
    0x0048, 0x0049, 0x004A, 0x004B, 0x004C, 0x004D, 0x004E, 0x004F, 0x0050, 0x0051, 0x0052, 0x0053,
    0x0054, 0x0055, 0x0056, 0x0057, 0x0058, 0x0059, 0x005A, 0x005B, 0x0061, 0x0062, 0x0063, 0x0064,
    0x0065, 0x0066, 0x0067, 0x0068, 0x0069, 0x006A, 0x006B, 0x006C, 0x006D, 0x006E, 0x006F, 0x0070,
    0x0071, 0x0072, 0x0073, 0x0074, 0x0075, 0x0076, 0x0077, 0x0078, 0x0079, 0x007A, 0x00A1, 0x00B2,
    0x00B3, 0x00B9, 0x00BF, 0x00C0, 0x00C1, 0x00C2, 0x00C3, 0x00C4, 0x00C5, 0x00C6, 0x00C7, 0x00C8,
    0x00C9, 0x00CA, 0x00CB, 0x00CC, 0x00CD, 0x00CE, 0x00CF, 0x00D0, 0x00D1, 0x00D2, 0x00D3, 0x00D4,
    0x00D5, 0x00D6, 0x00D8, 0x00D9, 0x00DA, 0x00DB, 0x00DC, 0x00DD, 0x00DE, 0x00DF, 0x00E0, 0x00E1,
    0x00E2, 0x00E3, 0x00E4, 0x00E5, 0x00E6, 0x00E7, 0x00E8, 0x00E9, 0x00EA, 0x00EB, 0x00EC, 0x00ED,
    0x00EE, 0x00EF, 0x00F0, 0x00F1, 0x00F2, 0x00F3, 0x00F4, 0x00F5, 0x00F6, 0x00F7, 0x00F8, 0x00F9,
    0x00FA, 0x00FB, 0x00FC, 0x00FD, 0x00FE, 0x00FF, 0x0100, 0x0101, 0x0102, 0x0103, 0x0104, 0x0105,
    0x0106, 0x0107, 0x0108, 0x0109, 0x010A, 0x010B, 0x010C, 0x010D, 0x010E, 0x010F, 0x0110, 0x0111,
    0x0112, 0x0113, 0x0114, 0x0115, 0x0116, 0x0117, 0x0118, 0x0119, 0x011A, 0x011B, 0x011C, 0x011D,
    0x011E, 0x011F, 0x0120, 0x0121, 0x0122, 0x0123, 0x0124, 0x0125, 0x0126, 0x0127, 0x0128, 0x0129,
    0x012A, 0x012B, 0x012C, 0x012D, 0x012E, 0x012F, 0x0130, 0x0131, 0x0132, 0x0133, 0x0134, 0x0135,
    0x0136, 0x0137, 0x0138, 0x0139, 0x013A, 0x013B, 0x013C, 0x013D, 0x013E, 0x013F, 0x0140, 0x0141,
    0x0142, 0x0143, 0x0144, 0x0145, 0x0146, 0x0147, 0x0148, 0x0149, 0x014A, 0x014B, 0x014C, 0x014D,
    0x014E, 0x014F, 0x0150, 0x0151, 0x0152, 0x0153, 0x0154, 0x0155, 0x0156, 0x0157, 0x0158, 0x0159,
    0x015A, 0x015B, 0x015C, 0x015D, 0x015E, 0x015F, 0x0160, 0x0161, 0x0162, 0x0163, 0x0164, 0x0165,
    0x0166, 0x0167, 0x0168, 0x0169, 0x016A, 0x016B, 0x016C, 0x016D, 0x016E, 0x016F, 0x0170, 0x0171,
    0x0172, 0x0173, 0x0174, 0x0175, 0x0176, 0x0177, 0x0178, 0x0179, 0x017A, 0x017B, 0x017C, 0x017D,
    0x017E, 0x01A0, 0x01A1, 0x01C4, 0x01C5, 0x01C6, 0x01C7, 0x01C8, 0x01C9, 0x01CA, 0x01CB, 0x01CC,
    0x01CD, 0x01CE, 0x01CF, 0x01D0, 0x01D1, 0x01D2, 0x01D3, 0x01D4, 0x01D5, 0x01D6, 0x01D7, 0x01D8,
    0x01D9, 0x01DA, 0x01DB, 0x01DC, 0x01E6, 0x01E7, 0x01EA, 0x01EB, 0x01FA, 0x01FB, 0x01FC, 0x01FD,
    0x01FE, 0x01FF, 0x0200, 0x0201, 0x0202, 0x0203, 0x0204, 0x0205, 0x0206, 0x0207, 0x0208, 0x0209,
    0x020A, 0x020B, 0x020C, 0x020D, 0x020E, 0x020F, 0x0210, 0x0211, 0x0212, 0x0213, 0x0214, 0x0215,
    0x0216, 0x0217, 0x0218, 0x0219, 0x021A, 0x021B, 0x1EA0, 0x1EA1, 0x1EA2, 0x1EA3, 0x1EA4, 0x1EA5,
    0x1EA6, 0x1EA7, 0x1EA8, 0x1EA9, 0x1EAA, 0x1EAB, 0x1EAC, 0x1EAD, 0x1EAE, 0x1EAF, 0x1EB0, 0x1EB1,
    0x1EB2, 0x1EB3, 0x1EB4, 0x1EB5, 0x1EB6, 0x1EB7, 0x1EB8, 0x1EB9, 0x1EBA, 0x1EBB, 0x1EBC, 0x1EBD,
    0x1EBE, 0x1EBF, 0x1EC0, 0x1EC1, 0x1EC2, 0x1EC3, 0x1EC4, 0x1EC5, 0x1EC6, 0x1EC7, 0x1EC8, 0x1EC9,
    0x1ECA, 0x1ECB, 0x1ECC, 0x1ECD, 0x1ECE, 0x1ECF, 0x1ED0, 0x1ED1, 0x1ED2, 0x1ED3, 0x1ED4, 0x1ED5,
    0x1ED6, 0x1ED7, 0x1ED8, 0x1ED9, 0x1EDA, 0x1EDB, 0x1EDC, 0x1EDD, 0x1EDE, 0x1EDF, 0x1EE0, 0x1EE1,
    0x1EE2, 0x1EE3, 0x1EE4, 0x1EE5, 0x1EE6, 0x1EE7, 0x1EF2, 0x1EF3, 0x1EF4, 0x1EF5, 0x1EF6, 0x1EF7,
    0x1EF8, 0x1EF9, 0x2010, 0x2012, 0x2013, 0x2014, 0x2015, 0x201A, 0x201E, 0x2026, 0x2044, 0x2070,
    0x2074, 0x2075, 0x2076, 0x2077, 0x2078, 0x2079, 0xFB00, 0xFB01, 0xFB02, 0xFB03, 0xFB04,
};

static const uint8_t youngserif_14_italicKernLeftClassIds[] = {
      1,   2,   3,   2,   4,   5,   6,   7,   8,   9,  10,  11,  12,  13,  14,  15,
     15,  16,  17,  18,  19,  20,  21,  22,  23,  24,  25,  26,  20,  23,  27,  19,
     28,  19,  29,  30,  31,  32,  33,  33,  34,  35,  36,  37,  38,  39,  40,  38,
     41,  42,  43,  44,  38,  45,  46,  38,  44,  44,  39,  39,  47,  48,  49,  50,
     51,  52,  52,  53,  54,  55,  56,  57,  57,  58,  59,  16,  16,  16,  16,  16,
     16,  60,  18,  60,  60,  60,  60,  24,  24,  24,  24,  19,  27,  19,  19,  19,
     19,  19,  19,  32,  32,  32,  32,  35,  28,  39,  38,  38,  38,  38,  38,  38,
     41,  40,  41,  41,  41,  41,  38,  38,  61,  61,  62,  44,  39,  39,  39,  39,
     39,  63,  39,  51,  51,  51,  51,  54,  39,  54,  16,  38,  16,  38,  16,  38,
     18,  40,  18,  40,  18,  40,  18,  40,  19,  64,  19,  65,  60,  41,  20,  41,
     60,  41,  60,  41,  60,  41,  22,  43,  22,  43,  22,  43,  22,  43,  23,  44,
     23,  44,  24,  38,  24,  38,  24,  38,  24,  66,  24,  38,  25,  45,  25,  45,
     26,  46,  46,  20,  38,  20,  38,  60,  38,  20,  67,  68,  69,  27,  44,  27,
     44,  27,  44,  44,  27,  70,  19,  39,  19,  39,  19,  39,  60,  41,  29,  48,
     29,  48,  29,  48,  30,  49,  30,  49,  30,  49,  30,  49,  31,  50,  31,  50,
     31,  50,  32,  51,  32,  51,  32,  51,  32,  51,  32,  51,  32,  51,  33,  52,
     35,  54,  35,  36,  55,  36,  55,  36,  55,  19,  39,  36,  55,  55,  25,  45,
     70,  25,  45,  70,  16,  38,  24,  38,  19,  39,  32,  51,  32,  51,  32,  51,
     32,  51,  32,  51,  22,  43,  19,  39,  16,  38,  20,  41,  19,  39,  16,  38,
     16,  38,  20,  41,  20,  41,  24,  38,  24,  38,  19,  39,  19,  39,  29,  48,
     29,  48,  32,  51,  32,  51,  30,  49,  31,  50,  16,  38,  16,  38,  16,  38,
     16,  38,  16,  38,  16,  38,  16,  38,  16,  38,  16,  38,  16,  38,  16,  38,
     16,  38,  20,  41,  20,  41,  20,  41,  20,  41,  20,  41,  20,  41,  20,  41,
     20,  41,  24,  38,  24,  71,  19,  39,  19,  39,  19,  39,  19,  39,  19,  39,
     19,  39,  19,  39,  19,  39,  19,  39,  19,  39,  19,  39,  19,  39,  32,  51,
     32,  51,  35,  54,  35,  54,  35,  54,  35,  54,   3,   3,   3,   3,   3,   2,
      2,   2,  72,  57,  73,  74,  57,  57,  57,  57,  38,  38,  38,  38,  38,
};

static const uint16_t youngserif_14_italicKernRightCodepoints[] = {
    0x0021, 0x0029, 0x002C, 0x002D, 0x002E, 0x002F, 0x0030, 0x0031, 0x0032, 0x0033, 0x0034, 0x0035,
    0x0036, 0x0037, 0x0038, 0x0039, 0x003A, 0x003B, 0x003F, 0x0041, 0x0042, 0x0043, 0x0044, 0x0045,
    0x0046, 0x0047, 0x0048, 0x0049, 0x004A, 0x004B, 0x004C, 0x004D, 0x004E, 0x004F, 0x0050, 0x0051,
    0x0052, 0x0053, 0x0054, 0x0055, 0x0056, 0x0057, 0x0058, 0x0059, 0x005A, 0x005D, 0x0061, 0x0062,
    0x0063, 0x0064, 0x0065, 0x0066, 0x0067, 0x0068, 0x0069, 0x006A, 0x006B, 0x006C, 0x006D, 0x006E,
    0x006F, 0x0070, 0x0071, 0x0072, 0x0073, 0x0074, 0x0075, 0x0076, 0x0077, 0x0078, 0x0079, 0x007A,
    0x00B7, 0x00C0, 0x00C1, 0x00C2, 0x00C3, 0x00C4, 0x00C5, 0x00C6, 0x00C7, 0x00C8, 0x00C9, 0x00CA,
    0x00CB, 0x00CC, 0x00CD, 0x00CE, 0x00CF, 0x00D0, 0x00D1, 0x00D2, 0x00D3, 0x00D4, 0x00D5, 0x00D6,
    0x00D8, 0x00D9, 0x00DA, 0x00DB, 0x00DC, 0x00DD, 0x00DE, 0x00DF, 0x00E0, 0x00E1, 0x00E2, 0x00E3,
    0x00E4, 0x00E5, 0x00E6, 0x00E7, 0x00E8, 0x00E9, 0x00EA, 0x00EB, 0x00EC, 0x00ED, 0x00EE, 0x00EF,
    0x00F0, 0x00F1, 0x00F2, 0x00F3, 0x00F4, 0x00F5, 0x00F6, 0x00F7, 0x00F8, 0x00F9, 0x00FA, 0x00FB,
    0x00FC, 0x00FD, 0x00FE, 0x00FF, 0x0100, 0x0101, 0x0102, 0x0103, 0x0104, 0x0105, 0x0106, 0x0107,
    0x0108, 0x0109, 0x010A, 0x010B, 0x010C, 0x010D, 0x010E, 0x010F, 0x0110, 0x0111, 0x0112, 0x0113,
    0x0114, 0x0115, 0x0116, 0x0117, 0x0118, 0x0119, 0x011A, 0x011B, 0x011C, 0x011D, 0x011E, 0x011F,
    0x0120, 0x0121, 0x0122, 0x0123, 0x0124, 0x0125, 0x0126, 0x0127, 0x0128, 0x0129, 0x012A, 0x012B,
    0x012C, 0x012D, 0x012E, 0x012F, 0x0130, 0x0131, 0x0132, 0x0133, 0x0134, 0x0135, 0x0136, 0x0137,
    0x0138, 0x0139, 0x013A, 0x013B, 0x013C, 0x013D, 0x013E, 0x013F, 0x0140, 0x0141, 0x0142, 0x0143,
    0x0144, 0x0145, 0x0146, 0x0147, 0x0148, 0x014A, 0x014B, 0x014C, 0x014D, 0x014E, 0x014F, 0x0150,
    0x0151, 0x0152, 0x0153, 0x0154, 0x0155, 0x0156, 0x0157, 0x0158, 0x0159, 0x015A, 0x015B, 0x015C,
    0x015D, 0x015E, 0x015F, 0x0160, 0x0161, 0x0162, 0x0163, 0x0164, 0x0165, 0x0166, 0x0167, 0x0168,
    0x0169, 0x016A, 0x016B, 0x016C, 0x016D, 0x016E, 0x016F, 0x0170, 0x0171, 0x0172, 0x0173, 0x0174,
    0x0175, 0x0176, 0x0177, 0x0178, 0x0179, 0x017A, 0x017B, 0x017C, 0x017D, 0x017E, 0x01A0, 0x01A1,
    0x01AF, 0x01B0, 0x01C4, 0x01C5, 0x01C6, 0x01C7, 0x01C8, 0x01C9, 0x01CA, 0x01CB, 0x01CC, 0x01CD,
    0x01CE, 0x01CF, 0x01D0, 0x01D1, 0x01D2, 0x01D3, 0x01D4, 0x01D5, 0x01D6, 0x01D7, 0x01D8, 0x01D9,
    0x01DA, 0x01DB, 0x01DC, 0x01E6, 0x01E7, 0x01EA, 0x01EB, 0x01FA, 0x01FB, 0x01FC, 0x01FD, 0x01FE,
    0x01FF, 0x0200, 0x0201, 0x0202, 0x0203, 0x0204, 0x0205, 0x0206, 0x0207, 0x0208, 0x0209, 0x020A,
    0x020B, 0x020C, 0x020D, 0x020E, 0x020F, 0x0210, 0x0211, 0x0212, 0x0213, 0x0214, 0x0215, 0x0216,
    0x0217, 0x0218, 0x0219, 0x021A, 0x021B, 0x1EA0, 0x1EA1, 0x1EA2, 0x1EA3, 0x1EA4, 0x1EA5, 0x1EA6,
    0x1EA7, 0x1EA8, 0x1EA9, 0x1EAA, 0x1EAB, 0x1EAC, 0x1EAD, 0x1EAE, 0x1EAF, 0x1EB0, 0x1EB1, 0x1EB2,
    0x1EB3, 0x1EB4, 0x1EB5, 0x1EB6, 0x1EB7, 0x1EB8, 0x1EB9, 0x1EBA, 0x1EBB, 0x1EBC, 0x1EBD, 0x1EBE,
    0x1EBF, 0x1EC0, 0x1EC1, 0x1EC2, 0x1EC3, 0x1EC4, 0x1EC5, 0x1EC6, 0x1EC7, 0x1EC8, 0x1EC9, 0x1ECA,
    0x1ECB, 0x1ECC, 0x1ECD, 0x1ECE, 0x1ECF, 0x1ED0, 0x1ED1, 0x1ED2, 0x1ED3, 0x1ED4, 0x1ED5, 0x1ED6,
    0x1ED7, 0x1ED8, 0x1ED9, 0x1EDA, 0x1EDB, 0x1EDC, 0x1EDD, 0x1EDE, 0x1EDF, 0x1EE0, 0x1EE1, 0x1EE2,
    0x1EE3, 0x1EE4, 0x1EE5, 0x1EE6, 0x1EE7, 0x1EE8, 0x1EE9, 0x1EEA, 0x1EEB, 0x1EEC, 0x1EED, 0x1EEE,
    0x1EEF, 0x1EF0, 0x1EF1, 0x1EF2, 0x1EF3, 0x1EF4, 0x1EF5, 0x1EF6, 0x1EF7, 0x1EF8, 0x1EF9, 0x2010,
    0x2012, 0x2013, 0x2014, 0x2015, 0x201A, 0x201E, 0x2026, 0x2044, 0x2080, 0x2081, 0x2082, 0x2083,
    0x2084, 0x2085, 0x2086, 0x2087, 0x2088, 0x2089, 0xFB00, 0xFB01, 0xFB02, 0xFB03, 0xFB04,
};

static const uint8_t youngserif_14_italicKernRightClassIds[] = {
      1,   2,   3,   4,   3,   5,   6,   7,   8,   9,  10,  11,  12,  13,  14,  15,
     16,  16,  17,  18,  19,  20,  19,  19,  19,  20,  19,  21,  22,  19,  19,  19,
     19,  20,  19,  20,  19,  23,  24,  25,  26,  27,  28,  29,  30,  31,  32,  33,
     32,  32,  32,  34,  35,  36,  37,  38,  36,  36,  39,  39,  32,  40,  32,  39,
     41,  42,  43,  44,  44,  45,  46,  47,  48,  18,  18,  18,  18,  18,  18,  49,
     20,  19,  19,  19,  19,  21,  21,  21,  21,  19,  19,  20,  20,  20,  20,  20,
     20,  25,  25,  25,  25,  29,  19,  36,  50,  32,  32,  51,  52,  32,  32,  32,
     53,  32,  54,  55,  56,  37,  57,  58,  59,  39,  60,  32,  61,  62,  63,  64,
     32,  65,  65,  65,  65,  46,  66,  67,  18,  68,  18,  69,  18,  32,  20,  32,
     20,  32,  20,  32,  20,  70,  19,  32,  19,  32,  19,  71,  19,  32,  19,  32,
     19,  32,  19,  72,  20,  73,  20,  73,  20,  35,  20,  35,  19,  36,  19,  36,
     21,  37,  21,  74,  21,  37,  21,  75,  21,  37,  21,  37,  22,  38,  19,  36,
     36,  19,  36,  19,  36,  19,  36,  19,  36,  76,  36,  19,  39,  19,  39,  19,
     39,  19,  39,  20,  60,  20,  32,  20,  77,  20,  78,  19,  39,  19,  39,  19,
     79,  23,  41,  23,  41,  23,  41,  23,  80,  81,  42,  81,  42,  81,  42,  25,
     65,  25,  65,  25,  65,  25,  65,  25,  65,  25,  65,  27,  44,  29,  82,  29,
     30,  47,  30,  47,  30,  83,  20,  32,  25,  65,  19,  19,  32,  19,  19,  36,
     19,  19,  39,  18,  32,  21,  37,  20,  32,  25,  65,  25,  65,  25,  65,  25,
     65,  25,  65,  20,  73,  20,  32,  18,  32,  49,  32,  20,  32,  18,  32,  18,
     32,  19,  32,  19,  32,  21,  37,  21,  37,  20,  32,  20,  32,  19,  39,  19,
     39,  25,  65,  25,  65,  23,  41,  81,  42,  18,  32,  18,  32,  18,  32,  18,
     32,  18,  32,  18,  32,  18,  32,  18,  32,  18,  32,  18,  32,  18,  32,  18,
     32,  19,  32,  19,  32,  19,  32,  19,  32,  19,  32,  19,  32,  19,  32,  19,
     32,  21,  37,  21,  37,  20,  32,  20,  32,  20,  32,  20,  32,  20,  32,  20,
     32,  20,  32,  20,  32,  20,  32,  20,  32,  20,  32,  20,  32,  25,  65,  25,
     65,  25,  65,  25,  65,  25,  65,  25,  65,  25,  65,  29,  46,  29,  46,  29,
     46,  29,  46,   4,   4,   4,   4,  84,   3,   3,   3,  85,  86,  87,  86,  88,
     86,  86,  89,  89,  90,  90,  91,  91,  91,  91,  91,
};

static const uint16_t youngserif_14_italicKernRowOffsets[] = {
        0,    28,    74,    92,    93,   100,   110,   117,   125,   139,   144,   148,   156,   159,   167,   179,
      235,   284,   322,   377,   426,   487,   517,   562,   603,   663,   724,   783,   843,   898,   946,   998,
     1055,  1112,  1165,  1225,  1269,  1271,  1312,  1341,  1388,  1408,  1459,  1499,  1544,  1545,  1584,  1627,
     1667,  1706,  1740,  1782,  1814,  1837,  1884,  1919,  1920,  1921,  1922,  1923,  1972,  1974,  2016,  2019,
     2038,  2040,  2081,  2122,  2171,  2175,  2184,  2225,  2230,  2231,  2232,
};

static const uint8_t youngserif_14_italicKernSparseCols[] = {
      7,   8,   9,  11,  13,  14,  31,  37,  45,  49,  50,  51,  52,  53,  54,  59,
     60,  61,  62,  66,  67,  68,  69,  70,  71,  76,  77,  81,   5,   7,   8,   9,
     10,  11,  12,  18,  19,  20,  21,  22,  23,  24,  25,  26,  28,  31,  32,  39,
     41,  42,  43,  45,  49,  50,  51,  52,  53,  54,  59,  60,  61,  62,  64,  66,
     67,  68,  69,  70,  71,  75,  76,  77,  80,  81,  17,  18,  20,  23,  24,  25,
     26,  27,  28,  29,  32,  43,  44,  45,  66,  75,  80,  81,  17,   2,   5,   7,
      9,  11,  12,  15,   3,   5,   6,   7,   8,   9,  12,  13,  14,  83,   1,   2,
      6,   9,  10,  12,  14,   2,   5,   6,   9,  11,  13,  14,  15,   1,   2,   3,
      5,   6,   8,   9,  10,  11,  12,  13,  15,  63,  83,   2,   5,   6,   7,  14,
      2,   5,   6,  15,   1,   2,   3,   5,   6,   7,   9,  83,   2,   6,  12,   1,
      2,   5,   6,   8,   9,  10,  11,   5,   6,   7,   9,  10,  12,  14,  25,  26,
     34,  37,  72,   3,  17,  19,  22,  23,  24,  25,  26,  28,  29,  31,  32,  34,
     35,  36,  37,  38,  39,  40,  41,  42,  43,  44,  45,  46,  49,  50,  51,  52,
     53,  54,  55,  59,  60,  61,  62,  64,  65,  66,  67,  68,  69,  70,  71,  72,
     73,  74,  76,  77,  78,  79,  80,  81,  82,  83,  90,   2,  17,  18,  19,  20,
     22,  23,  24,  25,  26,  27,  28,  29,  31,  35,  38,  39,  40,  41,  42,  43,
     44,  45,  48,  49,  50,  51,  52,  53,  54,  59,  60,  61,  62,  64,  65,  66,
     67,  68,  69,  70,  71,  75,  76,  77,  78,  79,  80,  81,   2,  17,  19,  21,
     22,  24,  25,  26,  27,  28,  31,  32,  34,  36,  38,  48,  49,  50,  51,  52,
     53,  54,  55,  59,  60,  61,  62,  67,  68,  69,  70,  71,  72,  73,  74,  76,
     77,  78,   2,  17,  18,  19,  20,  21,  22,  23,  24,  25,  26,  27,  28,  29,
     31,  32,  34,  35,  36,  40,  42,  45,  46,  48,  49,  50,  51,  52,  53,  54,
     55,  58,  59,  60,  61,  62,  64,  65,  66,  67,  68,  69,  70,  71,  72,  73,
     74,  75,  76,  77,  79,  80,  81,  82,  90,   2,  17,  18,  19,  21,  22,  23,
     24,  25,  26,  27,  28,  29,  31,  32,  35,  38,  39,  40,  41,  42,  43,  44,
     45,  47,  49,  50,  51,  52,  53,  54,  59,  60,  61,  62,  64,  66,  67,  68,
     69,  70,  71,  75,  76,  77,  78,  79,  80,  81,   2,   3,   4,  17,  18,  19,
     20,  21,  22,  23,  24,  27,  28,  31,  34,  35,  36,  37,  38,  39,  40,  41,
     42,  43,  44,  45,  46,  48,  49,  50,  51,  52,  53,  54,  55,  56,  57,  59,
     60,  61,  62,  64,  66,  67,  68,  69,  70,  71,  72,  73,  74,  75,  76,  77,
     78,  79,  80,  81,  82,  83,  90,   2,  17,  18,  19,  20,  21,  22,  23,  24,
     25,  26,  27,  28,  29,  32,  35,  36,  40,  44,  45,  48,  55,  65,  66,  73,
     74,  75,  79,  80,  81,   2,   3,  19,  20,  22,  23,  24,  29,  31,  32,  35,
     36,  39,  40,  41,  42,  43,  44,  45,  49,  50,  51,  52,  53,  54,  55,  59,
     60,  61,  62,  64,  66,  67,  68,  69,  70,  71,  73,  74,  76,  77,  79,  80,
     81,  83,   2,   3,  18,  19,  20,  21,  22,  23,  24,  31,  39,  40,  41,  42,
     43,  45,  48,  49,  50,  51,  52,  53,  54,  59,  60,  61,  62,  64,  66,  67,
     68,  69,  70,  71,  75,  76,  77,  79,  80,  81,  83,   2,   3,  17,  18,  19,
     20,  21,  22,  23,  24,  27,  29,  31,  32,  34,  35,  36,  37,  38,  39,  40,
     41,  42,  43,  44,  45,  46,  48,  49,  50,  51,  52,  53,  54,  55,  57,  59,
     60,  61,  62,  64,  66,  67,  68,  69,  70,  71,  72,  73,  74,  75,  76,  77,
     78,  79,  80,  81,  82,  83,  90,   2,   3,  17,  18,  19,  21,  22,  23,  24,
     25,  26,  27,  28,  29,  31,  32,  34,  35,  36,  37,  38,  39,  40,  41,  42,
     43,  45,  46,  48,  49,  50,  51,  52,  53,  54,  55,  59,  60,  61,  62,  64,
     65,  66,  67,  68,  69,  70,  71,  72,  73,  74,  75,  76,  77,  78,  79,  80,
     81,  82,  83,  90,   2,  17,  18,  19,  21,  22,  23,  25,  26,  28,  29,  31,
     32,  34,  35,  36,  37,  38,  39,  40,  41,  42,  43,  44,  45,  46,  48,  49,
     50,  51,  52,  53,  54,  55,  56,  57,  59,  60,  61,  62,  64,  66,  67,  68,
     69,  70,  71,  72,  73,  74,  75,  76,  77,  78,  79,  80,  81,  82,  90,   2,
      3,   4,  17,  18,  19,  20,  21,  22,  24,  25,  26,  27,  28,  29,  31,  32,
     34,  35,  36,  37,  38,  39,  40,  42,  43,  44,  46,  48,  49,  50,  51,  52,
     53,  54,  55,  56,  57,  58,  59,  60,  61,  62,  64,  65,  67,  68,  69,  70,
     71,  72,  73,  74,  75,  76,  77,  78,  79,  82,  83,   3,  17,  18,  19,  22,
     23,  24,  25,  26,  27,  28,  29,  31,  32,  35,  37,  38,  39,  40,  41,  42,
     43,  44,  45,  46,  48,  49,  50,  51,  52,  53,  54,  58,  59,  60,  61,  62,
     64,  65,  66,  67,  68,  69,  70,  71,  75,  76,  77,  78,  79,  80,  81,  82,
     83,  90,   2,  17,  18,  20,  22,  23,  24,  25,  26,  27,  28,  29,  31,  32,
     34,  35,  39,  41,  42,  43,  44,  45,  48,  49,  50,  51,  52,  53,  54,  59,
     60,  61,  62,  64,  65,  66,  67,  68,  69,  70,  71,  72,  75,  76,  77,  80,
     81,  83,   2,   3,   4,  17,  18,  19,  20,  21,  31,  32,  34,  35,  37,  38,
     39,  40,  41,  42,  43,  44,  45,  46,  48,  49,  50,  51,  52,  53,  54,  56,
     57,  59,  60,  61,  62,  64,  66,  67,  68,  69,  70,  71,  72,  75,  76,  77,
     78,  79,  81,  82,  83,  90,   2,   3,  17,  19,  21,  22,  25,  26,  27,  28,
     29,  31,  32,  34,  36,  37,  38,  39,  40,  41,  42,  43,  44,  45,  46,  48,
     49,  50,  51,  52,  53,  54,  55,  56,  57,  59,  60,  61,  62,  64,  66,  67,
     68,  69,  70,  71,  72,  73,  74,  76,  77,  78,  79,  81,  82,  83,  90,   2,
      3,   4,  17,  19,  21,  22,  25,  26,  28,  29,  31,  32,  34,  36,  37,  38,
     39,  40,  41,  42,  43,  44,  45,  46,  48,  49,  50,  51,  52,  53,  54,  55,
     56,  57,  59,  60,  61,  62,  64,  66,  67,  68,  69,  70,  71,  72,  73,  74,
     76,  77,  78,  79,  81,  82,  83,  90,   3,  17,  18,  19,  22,  23,  24,  27,
     29,  31,  35,  36,  38,  39,  40,  41,  42,  43,  44,  45,  46,  48,  49,  50,
     51,  52,  53,  54,  55,  59,  60,  61,  62,  64,  65,  66,  67,  68,  69,  70,
     71,  73,  74,  75,  76,  77,  78,  79,  80,  81,  82,  83,  90,   2,   3,  17,
     19,  21,  22,  23,  25,  26,  27,  28,  29,  31,  32,  34,  36,  37,  38,  39,
     40,  41,  42,  43,  44,  45,  46,  48,  49,  50,  51,  52,  53,  54,  55,  56,
     57,  59,  60,  61,  62,  64,  65,  66,  67,  68,  69,  70,  71,  72,  73,  74,
     76,  77,  78,  79,  80,  81,  82,  83,  90,   2,  17,  18,  19,  20,  22,  23,
     24,  25,  26,  27,  31,  38,  39,  41,  42,  43,  44,  45,  48,  49,  50,  51,
     52,  53,  54,  59,  60,  61,  62,  64,  65,  66,  67,  68,  69,  70,  71,  75,
     76,  77,  78,  80,  81,  35,  37,  30,  31,  32,  33,  34,  37,  38,  39,  40,
     41,  42,  43,  44,  45,  46,  49,  50,  51,  52,  53,  54,  58,  59,  60,  61,
     62,  64,  65,  66,  67,  68,  69,  70,  71,  76,  77,  78,  79,  81,  82,  90,
      2,  23,  25,  26,  32,  35,  36,  38,  39,  40,  41,  42,  43,  44,  45,  46,
     55,  58,  64,  65,  66,  73,  74,  78,  79,  80,  81,  82,  90,   1,   2,  31,
     32,  34,  35,  36,  37,  38,  39,  40,  41,  42,  43,  44,  45,  46,  49,  50,
     51,  52,  53,  54,  55,  58,  59,  60,  61,  62,  64,  65,  66,  67,  68,  69,
     70,  71,  72,  73,  74,  76,  77,  78,  79,  81,  82,  90,  28,  31,  43,  49,
     50,  51,  52,  53,  54,  59,  60,  61,  62,  67,  68,  69,  70,  71,  76,  77,
      0,   1,   2,   3,   6,   7,   8,  11,  14,  16,  31,  32,  34,  35,  36,  37,
     38,  40,  41,  42,  43,  45,  46,  49,  50,  51,  52,  53,  54,  55,  59,  60,
     61,  62,  64,  66,  67,  68,  69,  70,  71,  72,  73,  74,  76,  77,  78,  79,
     81,  82,  83,   2,  30,  31,  34,  36,  37,  38,  40,  41,  42,  43,  44,  45,
     49,  50,  51,  52,  53,  54,  55,  59,  60,  61,  62,  64,  66,  67,  68,  69,
     70,  71,  72,  73,  74,  76,  77,  78,  79,  81,  90,   1,   3,  31,  32,  36,
     37,  38,  39,  40,  41,  42,  43,  44,  45,  46,  49,  50,  51,  52,  53,  54,
     55,  58,  59,  60,  61,  62,  64,  65,  66,  67,  68,  69,  70,  71,  73,  74,
     76,  77,  78,  79,  81,  82,  83,  90,  37,  31,  32,  35,  37,  38,  39,  40,
     41,  42,  43,  44,  45,  46,  49,  50,  51,  52,  53,  54,  58,  59,  60,  61,
     62,  64,  65,  66,  67,  68,  69,  70,  71,  76,  77,  78,  79,  81,  82,  90,
      2,  31,  32,  35,  36,  37,  38,  39,  40,  41,  42,  43,  44,  45,  46,  49,
     50,  51,  52,  53,  54,  55,  58,  59,  60,  61,  62,  64,  66,  67,  68,  69,
     70,  71,  73,  74,  76,  77,  78,  79,  81,  82,  90,   2,  31,  32,  34,  35,
     38,  40,  41,  42,  43,  44,  45,  46,  49,  50,  51,  52,  53,  54,  58,  59,
     60,  61,  62,  64,  65,  66,  67,  68,  69,  70,  71,  72,  76,  77,  78,  79,
     81,  82,  90,  31,  32,  35,  36,  37,  38,  39,  40,  41,  42,  43,  45,  49,
     50,  51,  52,  53,  54,  55,  58,  59,  60,  61,  62,  64,  65,  66,  67,  68,
     69,  70,  71,  73,  74,  76,  77,  78,  79,  81,  31,  34,  35,  36,  38,  39,
     40,  41,  42,  49,  50,  51,  52,  53,  54,  55,  59,  60,  61,  62,  64,  67,
     68,  69,  70,  71,  72,  73,  74,  76,  77,  78,  79,  90,   1,  31,  35,  36,
     38,  39,  40,  41,  42,  43,  44,  45,  46,  49,  50,  51,  52,  53,  54,  55,
     58,  59,  60,  61,  62,  64,  65,  66,  67,  68,  69,  70,  71,  73,  74,  76,
     77,  78,  79,  81,  82,  90,   2,   3,  17,  31,  35,  40,  42,  43,  44,  45,
     49,  50,  51,  52,  53,  54,  59,  60,  61,  62,  64,  66,  67,  68,  69,  70,
     71,  76,  77,  79,  81,  83,   3,  31,  45,  49,  50,  51,  52,  53,  54,  59,
     60,  61,  62,  66,  67,  68,  69,  70,  71,  76,  77,  81,  83,   2,   3,  23,
     31,  32,  34,  35,  36,  38,  39,  40,  41,  42,  43,  44,  45,  46,  49,  50,
     51,  52,  53,  54,  55,  59,  60,  61,  62,  64,  66,  67,  68,  69,  70,  71,
     72,  73,  74,  76,  77,  78,  79,  80,  81,  82,  83,  90,   3,  31,  32,  35,
     37,  38,  40,  41,  42,  43,  45,  49,  50,  51,  52,  53,  54,  59,  60,  61,
     62,  64,  65,  66,  67,  68,  69,  70,  71,  76,  77,  78,  79,  81,  83,  37,
     84,  84,  37,   2,  17,  18,  19,  21,  22,  23,  24,  25,  26,  27,  28,  29,
     31,  32,  35,  38,  39,  40,  41,  42,  43,  44,  45,  47,  49,  50,  51,  52,
     53,  54,  59,  60,  61,  62,  64,  66,  67,  68,  69,  70,  71,  75,  76,  77,
     78,  79,  80,  81,  23,  80,   2,  31,  32,  34,  35,  36,  38,  39,  40,  41,
     42,  43,  44,  45,  49,  50,  51,  52,  53,  54,  55,  59,  60,  61,  62,  64,
     65,  66,  67,  68,  69,  70,  71,  72,  73,  74,  76,  77,  78,  79,  81,  90,
     10,  11,  13,   2,  31,  49,  50,  51,  52,  53,  54,  59,  60,  61,  62,  67,
     68,  69,  70,  71,  76,  77,  38,  78,  30,  31,  32,  33,  34,  37,  38,  39,
     40,  41,  42,  43,  44,  45,  46,  49,  50,  51,  52,  53,  54,  58,  59,  60,
     61,  62,  64,  65,  66,  67,  68,  69,  70,  71,  76,  77,  78,  79,  81,  82,
     90,  30,  31,  32,  33,  34,  37,  38,  39,  40,  41,  42,  43,  44,  45,  46,
     49,  50,  51,  52,  53,  54,  58,  59,  60,  61,  62,  64,  65,  66,  67,  68,
     69,  70,  71,  76,  77,  78,  79,  81,  82,  90,   2,  17,  18,  19,  21,  22,
     23,  24,  25,  26,  27,  28,  29,  31,  32,  35,  38,  39,  40,  41,  42,  43,
     44,  45,  47,  49,  50,  51,  52,  53,  54,  59,  60,  61,  62,  64,  66,  67,
     68,  69,  70,  71,  75,  76,  77,  78,  79,  80,  81,  43,  45,  66,  81,  32,
     37,  38,  40,  42,  43,  64,  78,  79,  30,  31,  32,  33,  34,  37,  38,  39,
     40,  41,  42,  43,  44,  45,  46,  49,  50,  51,  52,  53,  54,  58,  59,  60,
     61,  62,  64,  65,  66,  67,  68,  69,  70,  71,  76,  77,  78,  79,  81,  82,
     90,  85,  86,  87,  88,  89,  84,  84,
};

static const int8_t youngserif_14_italicKernSparseValues[] = {
      -8,   -4,   -8,   -8,   -4,  -12,  -25,   29,  -12,  -25,  -25,  -25,  -25,  -25,  -25,  -25,
     -25,  -25,  -25,  -12,  -25,  -25,  -25,  -25,  -25,  -25,  -25,  -12,  -12,   -4,  -16,    4,
     -12,   -8,   -4,   -4,  -16,   -4,    4,   -8,  -49,  -25,  -53,  -53,  -33,   -8,  -12,   -4,
     -12,  -12,  -33,  -12,   -8,   -8,   -8,   -8,   -8,   -8,   -8,   -8,   -8,   -8,  -12,  -12,
      -8,   -8,   -8,   -8,   -8,   -4,   -8,   -8,  -49,  -12,  -21,   -8,   -8,  -37,   -8,  -33,
     -33,   -8,  -41,   -4,   -4,   -8,   -8,   -4,   -4,   -8,  -37,   -4,  -12,  -12,    4,   -8,
      -4,    4,   -4,   -8,   -8,   -4,   12,    4,   -4,   16,    4,    4,    8,   -8,   -4,   -4,
       4,    8,   -4,   -4,    4,   -4,   -8,    4,    4,   -4,   -4,    4,   -4,   -4,   -8,   -8,
     -16,    4,  -16,    4,   -8,  -12,   -8,   -8,   -4,  -12,   -8,   -4,   -8,    8,   -4,    4,
     -12,    4,    8,   -4,  -16,  -53,  -12,   -8,   12,   -4,  -25,  -12,   -4,    4,   -8,   -4,
      -8,    4,    8,    4,   -8,   -4,    4,   -8,   12,   12,   16,    4,    4,   16,  -21,  -21,
      12,   41,   12,  -21,    8,  -25,  -12,  -49,  -37,  -53,  -53,  -49,    4,   -8,  -12,    1,
       8,    8,   -4,    8,   -8,   -4,  -16,  -21,  -25,    8,  -21,    8,   -8,   -8,   -8,   -8,
      -8,   -8,    8,   -8,   -8,   -8,   -8,  -21,   -8,  -21,   -8,   -8,   -8,   -8,   -8,    1,
       8,    8,   -8,   -8,    8,   -4,  -49,  -21,    8,  -21,    8,  -12,  -16,  -16,   -3,  -12,
      -4,  -16,  -21,  -33,  -33,  -21,  -29,   -4,   -4,   -4,   -4,   -4,   -4,   -8,   -8,   -8,
      -8,  -10,  -16,   -4,   -4,   -4,   -4,   -4,   -4,   -4,   -4,   -4,   -4,   -8,   -4,  -10,
      -4,   -4,   -4,   -4,   -4,  -16,   -4,   -4,   -4,   -4,  -16,  -10,   -4,  -12,    4,    8,
       4,   -4,   -4,   -4,   -4,   -8,    4,    4,    8,    8,    4,  -16,    4,    4,    4,    4,
       4,    4,    8,    4,    4,    4,    4,    4,    4,    4,    4,    4,    8,    8,    8,    4,
       4,    4,  -25,  -27,  -14,   -4,  -12,   -8,   -8,  -12,  -16,  -25,  -25,  -25,  -25,   -4,
      -2,   -4,   -4,   -5,    4,  -12,    4,    4,   -4,  -37,   -2,   -2,   -2,   -2,   -2,   -2,
       4,   -4,   -2,   -2,   -2,   -2,    4,   -4,    4,   -2,   -2,   -2,   -2,   -2,   -4,    4,
       4,  -19,   -2,   -2,  -12,  -12,    4,   -4,    2,   -8,  -12,  -12,   -8,   -4,   -4,  -45,
     -21,  -29,  -54,  -12,  -57,   -8,   -4,   -4,   -4,   -4,  -12,   -8,  -16,  -12,  -16,  -12,
     -16,  -94,   -4,   -4,   -4,   -4,   -4,   -4,   -4,   -4,   -4,   -4,  -12,  -16,   -4,   -4,
      -4,   -4,   -4,  -12,   -4,   -4,   -4,   -8,  -45,  -16,  -41,  -21,  -29,  -62,  -12,  -21,
      -4,  -41,  -21,    4,   -4,  -12,   -4,  -37,  -33,   -4,  -25,  -21,  -33,  -33,  -45,  -12,
     -21,  -21,  -21,  -21,  -33,  -94,  -37,  -37,  -37,  -37,  -62,  -62,  -37,    8,   12,  -37,
     -37,  -37,  -37,  -21,  -21,  -37,  -37,  -37,  -37,  -37,  -33,  -29,  -25,  -12,  -37,  -37,
     -33,  -82,    4,  -21,  -33,  -21,  -21,  -12,  -21,  -14,    4,  -12,  -12,   -4,   -8,  -16,
     -16,  -16,  -12,  -25,  -12,   -4,   -8,    4,   -4,   -8,   -8,  -25,    4,   -8,   -8,    4,
       4,  -10,   -4,   -8,   -8,   -4,   -8,  -14,   -4,  -16,   -8,   -4,   -4,  -16,    4,   -1,
      -2,  -12,  -16,   -8,  -21,  -16,   -4,  -21,  -16,  -16,  -16,  -16,  -16,  -16,   -2,  -16,
     -16,  -16,  -16,  -21,  -21,  -16,  -16,  -16,  -16,  -16,   -2,   -2,  -16,  -16,  -16,   -4,
     -21,   -8,   -4,   -8,   -4,  -16,   -4,   -4,  -16,   -4,   -4,  -12,   -8,   -4,   -8,  -12,
     -12,  -16,   -4,  -12,  -12,  -12,  -12,  -12,  -12,  -12,  -12,  -12,  -12,  -12,  -16,  -12,
     -12,  -12,  -12,  -12,   -4,  -12,  -12,   -4,   -4,  -16,   -8,  -29,  -12,  -33,   -6,  -16,
      -4,  -25,  -21,   -4,   -2,   -8,  -16,  -25,    4,  -21,  -16,   -8,   -4,  -16,  -12,  -21,
     -12,  -16,  -16,  -16,  -12,  -12,  -45,  -25,  -25,  -25,  -25,  -25,  -25,   -8,    8,  -25,
     -25,  -25,  -25,  -16,  -12,  -25,  -25,  -25,  -25,  -25,  -21,   -8,   -8,   -6,  -25,  -25,
     -16,  -21,   -4,  -12,  -12,  -12,  -16,   -4,  -25,    4,    2,  -29,    4,  -21,  -12,   -8,
      -4,   -4,    4,   -8,    8,  -16,   -4,    4,    8,    4,   -8,    4,  -12,   -8,  -21,  -25,
     -41,  -33,    8,    4,  -16,  -16,  -16,  -16,  -16,  -16,    4,  -16,  -16,  -16,  -16,  -25,
      -4,  -33,  -16,  -16,  -16,  -16,  -16,    4,    4,    4,    2,  -16,  -16,    4,   -8,  -12,
     -33,    8,  -25,    8,   -8,  -21,   -2,  -13,   -8,  -16,   -2,   10,   10,    6,  -14,  -16,
       8,  -16,   -2,   -8,   -4,  -16,  -12,  -22,  -16,  -16,  -16,  -16,  -12,  -12,  -21,  -16,
     -16,  -16,  -16,  -16,  -16,   -8,    8,   12,  -16,  -16,  -16,  -16,  -16,  -12,  -16,  -16,
     -28,  -16,  -25,  -16,   -8,   -8,   -2,  -16,  -16,  -16,  -22,   -2,  -12,  -12,   -8,  -45,
     -12,  -12,  -41,  -10,   -3,  -12,  -45,  -19,   -8,   -8,   -8,   -8,   -8,   -8,  -16,    4,
     -12,   -8,   -8,   -8,   -6,   -2,  -21,    2,    4,   -4,   -8,  -91,  -16,  -16,  -16,  -16,
     -16,  -16,   -8,    8,    4,  -16,  -16,  -16,  -16,  -16,    2,   -4,  -16,  -16,  -16,  -16,
     -16,  -12,   -8,   -8,  -10,  -16,  -16,   -6,  -21,   -8,  -12,  -12,    8,   -4,  -30,  -25,
     -33,  -41,  -45,  -45,    4,  -49,    4,  -16,  -16,    4,   -8,    4,   -4,  -12,  -21,  -25,
     -29,    4,  -31,    4,    4,  -16,  -16,  -16,  -16,  -16,  -16,  -12,  -16,  -16,  -16,  -16,
     -25,   -8,  -31,  -16,  -16,  -16,  -16,  -16,   -4,  -16,  -16,    4,  -12,  -33,  -31,    4,
     -12,    4,   -4,  -10,   -8,   -6,    1,  -12,  -14,  -21,  -21,   -2,  -19,   -2,    2,   -4,
       1,   -2,   -4,   -8,   -8,   -8,   -8,   -8,   -8,    2,    2,    2,    2,    2,    2,    2,
       2,    2,    2,   -8,   -8,   -8,    2,    2,    2,    2,    2,    1,   -8,    2,    2,  -12,
      -8,   12,  -49,  -37,  -21,  -49,   -6,   -8,   -4,  -49,  -49,    4,  -45,   -4,  -21,  -37,
     -29,  -57,  -12,  -41,  -45,  -53,  -49,  -57,  -74, -103,  -91,  -74,  -95,  -66,  -74,   21,
      21,  -49,  -78,  -91,  -82,  -41,  -86,  -95,  -49,  -49,  -86,  -82,  -45,   -6,  -49,  -49,
     -37,  -90,  -82,  -57,  -37,  -16,  -25,   -8,  -25,  -19,  -25,  -25,    8,    8,   -4,    8,
     -16,  -22,    8,  -16,  -12,  -12,  -25,  -21,  -27,  -12,  -12,  -12,  -16,  -12,  -16,  -41,
     -22,  -22,  -22,  -22,  -22,  -22,  -12,    8,   16,  -22,  -22,  -22,  -22,  -12,  -12,  -22,
     -22,  -22,  -22,  -22,  -16,   -8,  -28,  -22,  -22,  -25,  -27,  -12,  -16,   -8,   -8,  -49,
     -33,  -37,  -53,  -25,  -29,  -21,   -2,   -2,   12,  -12,  -33,   12,  -37,  -16,  -12,  -37,
     -21,  -49,  -21,  -25,  -16,  -25,  -21,  -25,  -62,  -33,  -33,  -57,  -33,  -33,  -53,  -21,
       8,   25,  -33,  -33,  -33,  -57,  -25,  -21,  -33,  -33,  -45,  -33,  -45,  -37,  -12,  -16,
     -33,  -94,  -62,  -78,  -21,  -25,  -33,  -25,   -8,    8,   -2,  -25,  -21,   -6,   -4,    8,
       8,  -16,    4,    8,    4,  -12,  -12,  -21,  -33,  -57,    4,  -45,    8,    8,  -16,  -16,
     -16,  -16,  -16,  -16,    8,  -16,  -16,  -16,  -16,  -33,  -12,  -45,  -16,  -16,  -16,  -16,
     -16,    8,    8,   -2,  -16,  -16,    4,  -12,   -6,  -45,    8,   -8,    4,  -33,  -41,  -49,
     -29,  -45,  -29,   -4,    8,    8,   -4,    8,  -21,  -57,    8,  -70,  -25,  -29,  -45,  -49,
     -62,  -29,  -41,  -53,  -49,  -49,  -53,  -74,  -94,  -98,  -82,  -98,  -94,  -82,  -29,    4,
      12, -103,  -94, -103,  -90,  -41,    4,  -82,  -94,  -86,  -74,  -94,  -74,  -70,  -25,  -25,
    -107,  -57,  -74,  -86,   -4,  -49,  -86,  -41,  -33,   -4,   -8,   -4,  -16,   -4,   -8,   -4,
      -2,    4,    4,   -4,   -2,   -4,  -12,  -21,  -21,  -41,   -4,  -45,   -8,   -2,   -2,   -2,
      -2,   -2,   -2,   -2,   -2,   -2,   -2,  -21,   -4,  -45,   -2,   -2,   -2,   -2,   -2,   -4,
      -2,   -2,   -4,   -4,  -45,   16,   49,   12,   -9,  -16,    4,   16,   -4,    5,  -10,   -9,
      -8,  -30,  -12,    8,   -8,    6,   -9,   -9,   -9,   -9,   -9,   -9,   -8,   -9,   -9,   -9,
      -9,  -15,  -12,   -8,   -9,   -9,   -9,   -9,   -9,   -9,   -9,    5,   -9,   -8,    6,    7,
      -8,  -49,  -33,  -33,  -16,  -10,   -5,   -4,   -8,   -8,   -7,  -12,  -16,  -12,   -9,   -4,
      -5,   -2,  -12,   -8,   -9,   -5,   -5,   -4,   -8,  -49,   -9,   -4,   -4,  -21,   -4,   -7,
      -8,   -4,  -10,   -2,   -2,   -4,   -4,  -10,   -4,   -2,   -3,   -4,   -4,   -4,   -7,   -7,
      -7,   -7,   -7,   -7,   -2,   -8,   -7,   -7,   -7,   -7,   -2,   -8,   -4,   -7,   -7,   -7,
      -7,   -7,   -4,   -2,   -2,   -7,   -7,   -4,  -10,   -4,   -4,   -2,  -57,   -8,   -4,   -8,
      -8,   -8,   -8,   -8,   -8,   -8,   -8,   -8,   -8,   -8,   -8,   -8,   -8,   -8,   -8,   -8,
      41,   21,   -4,   -4,   16,    4,    8,   12,   21,   37,    4,   45,    8,   37,   21,   21,
       8,   -4,    4,    8,    8,    8,    4,    4,    4,    4,    4,    4,    4,   21,    4,    4,
       4,    4,    8,    8,    4,    4,    4,    4,    4,    8,   21,   21,    4,    4,    8,   -4,
       8,    4,   -4,   -4,    4,   -4,    4,    2,   49,    4,   -8,   12,    8,    8,    4,   12,
      -4,   -4,   -4,   -4,   -4,   -4,    2,   -4,   -4,   -4,   -4,    8,   12,   -4,   -4,   -4,
      -4,   -4,    4,    2,    2,   -4,   -4,    4,   -8,   12,   12,   -8,   -4,  -16,  -25,    4,
     -12,    6,  -12,  -16,  -21,  -25,  -25,    4,  -26,    4,  -16,  -16,  -16,  -16,  -16,  -16,
       4,   -8,  -16,  -16,  -16,  -16,  -25,  -16,  -26,  -16,  -16,  -16,  -16,  -16,    4,    4,
     -16,  -16,    6,  -16,  -26,    4,   -4,    4,   21,  -22,  -21,    4,  -12,    2,  -12,  -21,
     -12,  -16,  -16,    4,  -12,    8,  -22,  -22,  -22,  -22,  -22,  -22,  -21,  -22,  -22,  -22,
     -22,  -16,  -16,  -12,  -22,  -22,  -22,  -22,  -22,  -22,  -22,    2,  -21,  -12,    8,    4,
      -4,  -22,  -21,  -18,  -12,   57,  -16,    4,  -21,   -8,  -16,  -16,   -8,   -8,   -8,  -22,
     -22,  -22,  -22,  -22,  -22,  -12,  -16,  -22,  -22,  -22,  -22,  -16,   -8,  -22,  -22,  -22,
     -22,  -22,  -12,  -12,  -22,  -22,  -16,  -21,   -8,   -8,   -4,  -41,   -6,   -4,   -1,  -12,
      -1,  -12,    4,    6,    8,    2,    7,    2,   -6,   -6,   -6,   -6,   -6,   -6,   -4,   -6,
      -6,   -6,   -6,    6,   -8,    7,   -6,   -6,   -6,   -6,   -6,   -1,   -6,   -6,   -1,  -12,
       7,    2,    2,   -6,  -16,   -4,   -1,   -4,   -1,  -12,   -7,  -11,  -11,  -11,   -8,   -6,
      -6,   -6,   -6,   -6,   -6,   -1,   -4,   -6,   -6,   -6,   -6,  -11,  -22,   -8,   -6,   -6,
      -6,   -6,   -6,   -1,   -1,   -6,   -6,   -1,   -7,   -8,   -3,    2,    4,    5,    5,    3,
      -4,    4,    8,   -3,   -3,   -3,   -3,   -3,   -3,    5,   -3,   -3,   -3,   -3,    8,   -3,
      -3,   -3,   -3,   -3,    2,    5,    5,   -3,   -3,    5,   -4,    4,  -16,   -8,    4,    4,
       5,   -4,   -7,   -8,   -4,  -12,    4,  -12,    8,   -8,   -8,   -8,   -8,   -8,   -8,    4,
      -4,   -8,   -8,   -8,   -8,   -4,   -8,  -12,   -8,   -8,   -8,   -8,   -8,    4,    4,   -8,
      -8,    5,   -7,  -12,    8,    4,  -33,  -12,  -25,  -12,  -12,  -16,   12,    4,    4,    4,
     -12,  -12,  -12,  -12,  -12,  -12,  -12,  -12,  -12,  -12,   12,    4,  -12,  -12,  -12,  -12,
     -12,  -12,  -12,  -16,    4,  -12,   -8,   -8,    4,   -8,   -8,   -8,   -8,   -8,   -8,   -8,
      -8,   -8,   -8,    4,   -8,   -8,   -8,   -8,   -8,   -8,   -8,    4,   -8,  -33,  -12,  -25,
     -14,   -4,   -8,   -8,    1,    1,    4,   -8,    7,    8,    8,    4,    8,   -4,  -14,  -14,
     -14,  -14,  -14,  -14,    1,  -14,  -14,  -14,  -14,    8,    8,  -14,  -14,  -14,  -14,  -14,
      -8,    1,    1,  -14,  -14,    1,   -8,  -25,    8,   -4,  -12,    7,   -4,   -4,   -4,   -4,
      -4,   -3,   -4,    4,    2,    4,    4,   -4,   -4,   -4,   -4,   -4,   -4,   -4,   -4,   -4,
      -4,    2,   -4,    4,   -4,   -4,   -4,   -4,   -4,   -4,   -4,   -3,   -4,    4,   -4,   51,
    -128, -123,   56,   -8,  -12,  -12,   -8,   -4,   -4,  -74,  -21,  -29,  -54,  -12,  -57,   -8,
      -4,   -4,   -4,   -4,  -12,   -8,  -16,  -12,  -16,  -12,  -16,  -94,   -4,   -4,   -4,   -4,
      -4,   -4,   -4,   -4,   -4,   -4,  -12,  -16,   -4,   -4,   -4,   -4,   -4,  -12,   -4,   -4,
      -4,   -8,  -74,  -16,   21,   21,  -12,   -4,   -8,   -4,   -4,   -4,   -4,   -4,   -8,   -8,
      -5,   -8,   -4,   -4,   -4,   -4,   -4,   -4,   -4,   -4,   -4,   -4,   -4,   -4,   -4,   -5,
     -12,   -4,   -4,   -4,   -4,   -4,   -4,   -4,   -4,   -4,   -4,   -4,   -4,   -8,   -4,   -4,
      16,   12,    8,  -25,  -21,  -21,  -21,  -21,  -21,  -21,  -21,  -21,  -21,  -21,  -21,  -21,
     -21,  -21,  -21,  -21,  -21,  -21,    2,    2,   12,   -9,  -16,    4,   16,   70,    5,  -10,
      -9,   -8,  -30,  -12,    8,   -8,    6,   -9,   -9,   -9,   -9,   -9,   -9,   -8,   -9,   -9,
      -9,   -9,  -15,  -12,   -8,   -9,   -9,   -9,   -9,   -9,   -9,   -9,    5,   -9,   -8,    6,
       7,   12,   -9,  -16,    4,   16,   -4,    5,  -10,   -9,   -8,  -11,  -12,    8,   -8,    6,
      -9,   -9,   -9,   -9,   -9,   -9,   -8,   -9,   -9,   -9,   -9,  -11,  -12,   -8,   -9,   -9,
      -9,   -9,   -9,   -9,   -9,    5,   -9,   -8,    6,    7,   -8,  -12,  -12,   -8,   -4,   -4,
     -86,  -21,  -29,  -54,  -12,  -57,   -8,   -4,   -4,   -4,   -4,  -12,   -8,  -16,  -12,  -16,
     -12,  -16,  -94,   -4,   -4,   -4,   -4,   -4,   -4,   -4,   -4,   -4,   -4,  -12,  -16,   -4,
      -4,   -4,   -4,   -4,  -12,   -4,   -4,   -4,   -8,  -86,  -16,    8,    8,    8,    8,   -4,
      29,   -4,   -8,   -5,   -2,   -5,   -4,   -8,   12,   -9,  -16,    4,   16,   28,    5,  -10,
      -9,   -8,  -30,  -12,    8,   -8,    6,   -9,   -9,   -9,   -9,   -9,   -9,   -8,   -9,   -9,
      -9,   -9,  -15,  -12,   -8,   -9,   -9,   -9,   -9,   -9,   -9,   -9,    5,   -9,   -8,    6,
       7, -128, -103, -119, -115, -107, -119, -127,
};

static const EpdLigaturePair youngserif_14_italicLigaturePairs[] = {
    { 0x00660066, 0xFB00 }, // f f -> U+FB00
    { 0x00660069, 0xFB01 }, // f i -> U+FB01
    { 0x0066006C, 0xFB02 }, // f l -> U+FB02
    { 0xFB000069, 0xFB03 }, // U+FB00 i -> U+FB03
    { 0xFB00006C, 0xFB04 }, // U+FB00 l -> U+FB04
};

static const EpdFontData youngserif_14_italic = {
    youngserif_14_italicBitmaps,
    youngserif_14_italicGlyphs,
    youngserif_14_italicIntervals,
    63,
    35,
    28,
    -9,
    true,
    youngserif_14_italicGroups,
    13,
    nullptr,
    nullptr,  // kernLeftClasses: built-in fonts use the split arrays below
    nullptr,  // kernRightClasses
    youngserif_14_italicKernLeftCodepoints,
    youngserif_14_italicKernLeftClassIds,
    youngserif_14_italicKernRightCodepoints,
    youngserif_14_italicKernRightClassIds,
    nullptr,  // kernMatrix: built-in fonts use the sparse form below
    youngserif_14_italicKernRowOffsets,
    youngserif_14_italicKernSparseCols,
    youngserif_14_italicKernSparseValues,
    431,
    443,
    74,
    91,
    youngserif_14_italicLigaturePairs,
    5,
};
