/**
 * generated by fontconvert.py
 * name: youngserif_16_italic
 * size: 16
 * mode: 2-bit  compressed: true
 * Command used: fontconvert.py youngserif_16_italic 16 ../builtinFonts/source/YoungSerif/YoungSerif-Italic.ttf --2bit --compress --pnum --zopfli
 */
#pragma once
#include "EpdFontData.h"

static const uint8_t youngserif_16_italicBitmaps[22124] = {
    0xB5, 0x99, 0x01, 0xA4, 0x26, 0xEB, 0x7D, 0xFF, 0x3F, 0x33, 0xCF, 0xFF, 0xEE, 0xC4, 0x7F, 0xEE,
    0xD9, 0xE7, 0x22, 0xB7, 0x4D, 0xDC, 0xDD, 0x9D, 0x00, 0x82, 0xDD, 0x9D, 0x62, 0xB1, 0xEA, 0xDD,
    0x33, 0xD3, 0xA2, 0xA5, 0x45, 0x2E, 0xB2, 0x09, 0xAE, 0xBA, 0x17, 0x40, 0x8B, 0x5D, 0x2C, 0x8E,
    0xD8, 0x73, 0xDE, 0x49, 0x8B, 0x50, 0xE8, 0x45, 0x6E, 0x51, 0x48, 0x51, 0xB0, 0x97, 0xEE, 0xC1,
    0xB6, 0x6E, 0x74, 0xF7, 0xCC, 0x93, 0x96, 0x16, 0x45, 0xA6, 0x2A, 0x0A, 0xC8, 0xD0, 0x4D, 0xD3,
    0x6C, 0x90, 0x27, 0xCC, 0x95, 0xD9, 0x93, 0x99, 0xF7, 0xE9, 0xF9, 0x3E, 0x93, 0x71, 0xF6, 0x34,
    0x2B, 0x02, 0x7D, 0xDF, 0x99, 0xEF, 0x8C, 0x77, 0x9E, 0x79, 0x7E, 0xDF, 0xE7, 0xFB, 0xFB, 0xCE,
    0xEF, 0x99, 0x99, 0x97, 0xFF, 0x07, 0x15, 0x84, 0x9A, 0x80, 0x96, 0x19, 0x26, 0x18, 0x49, 0x06,
    0x12, 0x4F, 0xEA, 0x49, 0x7B, 0x4C, 0x87, 0x71, 0x5A, 0xB2, 0x86, 0xBC, 0x06, 0x00, 0xAE, 0xC1,
    0xB6, 0x66, 0xDB, 0x50, 0xA1, 0x3E, 0x6E, 0x1A, 0x77, 0x27, 0x6B, 0x36, 0x59, 0xBD, 0xC9, 0xB9,
    0x9D, 0x73, 0xEB, 0x32, 0xF7, 0xF7, 0xB8, 0xFF, 0x26, 0x60, 0x9A, 0xCB, 0x40, 0x5E, 0x5F, 0x07,
    0x2C, 0x1B, 0xE0, 0x2A, 0x0F, 0x80, 0x0D, 0x1E, 0xDA, 0x10, 0x42, 0xC7, 0xDD, 0x4F, 0xBF, 0xFA,
    0xBD, 0x9A, 0xA4, 0xCF, 0x1A, 0x48, 0x9D, 0x7D, 0xED, 0x49, 0x37, 0x79, 0x02, 0xDB, 0x10, 0x42,
    0xCF, 0xDB, 0xDF, 0xFE, 0xCA, 0x0F, 0x6A, 0xF0, 0xC6, 0x01, 0xBF, 0x38, 0x29, 0x07, 0x8C, 0xD3,
    0x49, 0x59, 0x7D, 0x03, 0x00, 0x74, 0xAE, 0xC2, 0x9C, 0xE3, 0x6D, 0xC1, 0xBD, 0xF9, 0x3A, 0x98,
    0xD3, 0x30, 0x43, 0xE1, 0xFE, 0x7E, 0x07, 0x15, 0xFE, 0x04, 0x8E, 0xF0, 0x25, 0x3C, 0x4B, 0x7A,
    0x0B, 0xBB, 0xA4, 0xCB, 0xA0, 0xFD, 0x5D, 0x07, 0x54, 0xFF, 0x29, 0x2C, 0x82, 0xD0, 0x84, 0x97,
    0x00, 0x65, 0xE8, 0x80, 0xBC, 0x1D, 0x00, 0x9B, 0x4D, 0x6C, 0xB0, 0xCC, 0xDC, 0xE1, 0x32, 0xCF,
    0xA8, 0xB8, 0x7A, 0x86, 0x45, 0x73, 0x9D, 0x09, 0xDB, 0x6F, 0x92, 0x81, 0x7C, 0xDA, 0xE4, 0x1D,
    0x59, 0xD8, 0xB5, 0x35, 0xE6, 0x1F, 0xC3, 0x73, 0x80, 0x63, 0x01, 0x9E, 0x73, 0x7C, 0x57, 0xF0,
    0x79, 0x01, 0xE6, 0x87, 0x3D, 0xC0, 0x65, 0x9E, 0xC2, 0x1E, 0x1B, 0xEE, 0xC0, 0x2D, 0x6E, 0x53,
    0x40, 0xCF, 0x01, 0x16, 0xD3, 0x68, 0x53, 0x5F, 0x86, 0x87, 0xD8, 0xFA, 0x36, 0x31, 0x7E, 0x2F,
    0x85, 0x6C, 0xDA, 0x80, 0xAD, 0xAF, 0xE6, 0x40, 0xD6, 0x3D, 0x88, 0x02, 0xB4, 0xCD, 0x71, 0x31,
    0x20, 0x89, 0x76, 0xEF, 0x01, 0x99, 0x19, 0x52, 0x07, 0x57, 0x32, 0x47, 0x07, 0xF7, 0x6D, 0x4D,
    0x4F, 0x22, 0xC9, 0x3D, 0x19, 0xD7, 0xB4, 0xB9, 0xCA, 0x1E, 0xA6, 0xE7, 0x16, 0x7B, 0xC4, 0x46,
    0x19, 0x45, 0x63, 0x6A, 0xD2, 0xE6, 0x84, 0x3D, 0x60, 0x3B, 0x00, 0x90, 0x08, 0x8A, 0x39, 0xEE,
    0x9E, 0x3E, 0x6E, 0x80, 0xBC, 0xC9, 0xA2, 0x52, 0xC4, 0xCD, 0x0D, 0xF2, 0x06, 0xB8, 0xC3, 0x55,
    0x80, 0x0A, 0xE2, 0xA6, 0x16, 0x52, 0x3A, 0xDA, 0x00, 0xB6, 0xA7, 0x78, 0x09, 0xD9, 0x40, 0xEE,
    0x20, 0x9B, 0xC8, 0x81, 0x67, 0x81, 0x37, 0x21, 0xEB, 0xB7, 0x1A, 0x58, 0xD1, 0x94, 0xEE, 0x3E,
    0x54, 0xD8, 0x9F, 0x3A, 0x38, 0xC2, 0xFC, 0xBC, 0x86, 0x13, 0x92, 0x1D, 0x70, 0x04, 0x6D, 0xEC,
    0x32, 0x55, 0x6A, 0x8A, 0xD3, 0xC7, 0xF6, 0xB4, 0x26, 0x69, 0x9F, 0x27, 0xAD, 0xE3, 0xE6, 0x9D,
    0xCD, 0xE6, 0xF6, 0xAD, 0xFB, 0xF7, 0xE1, 0x0D, 0x38, 0x94, 0x8B, 0xAD, 0xA3, 0x82, 0xA7, 0xF2,
    0xB4, 0xE9, 0x15, 0xCF, 0x36, 0x14, 0x91, 0xD7, 0xBE, 0x48, 0xF2, 0xF0, 0x7C, 0x61, 0x13, 0x7F,
    0xB9, 0x09, 0x56, 0x83, 0x92, 0xFB, 0xF1, 0xAB, 0x83, 0x3E, 0x1B, 0x0F, 0xC4, 0x5F, 0xD5, 0x17,
    0xC3, 0xF9, 0x19, 0x5A, 0xF6, 0xD7, 0xFE, 0xD4, 0xA5, 0xE2, 0x31, 0x92, 0xAE, 0x21, 0x8B, 0x5A,
    0x07, 0x47, 0x4C, 0xAF, 0xDD, 0x03, 0xCE, 0x3F, 0x9E, 0x04, 0x4F, 0xFE, 0x3B, 0x3D, 0xF9, 0xBF,
    0x75, 0x6F, 0x25, 0x9F, 0x7E, 0x67, 0xE0, 0xC6, 0xB7, 0x06, 0xB2, 0x6F, 0x73, 0x69, 0xF7, 0x21,
    0xD5, 0xBF, 0x6F, 0xB8, 0x91, 0x15, 0x0D, 0x36, 0xEB, 0xB1, 0x89, 0xA3, 0x00, 0xFE, 0xFF, 0x6A,
    0x23, 0x0F, 0xF4, 0x90, 0x74, 0x90, 0x76, 0x60, 0xA4, 0x6D, 0x98, 0xC3, 0xD9, 0x4A, 0x56, 0x43,
    0x5E, 0x83, 0x65, 0x59, 0x2F, 0x83, 0x52, 0xAC, 0x94, 0xC4, 0xEB, 0xCC, 0xDB, 0xC1, 0x78, 0xD3,
    0xE7, 0xCD, 0x06, 0x00, 0xA8, 0x42, 0xE0, 0xED, 0xBB, 0x77, 0x81, 0x9C, 0xCA, 0x55, 0x9D, 0x6D,
    0x00, 0xC8, 0xB4, 0xB1, 0x10, 0xC7, 0x0E, 0xB1, 0xF5, 0x13, 0x81, 0x27, 0x06, 0x55, 0xD4, 0xB5,
    0xC5, 0xB5, 0xB5, 0x05, 0x07, 0xBF, 0xDC, 0x22, 0xAF, 0xD7, 0x66, 0x37, 0x04, 0x0F, 0xD7, 0x16,
    0x49, 0x1F, 0x5B, 0x5C, 0x08, 0x75, 0xE3, 0x62, 0x28, 0x00, 0xB8, 0x14, 0x3A, 0x28, 0xFF, 0x72,
    0x84, 0x89, 0x43, 0x8C, 0xA7, 0x5A, 0x84, 0x55, 0x36, 0x9B, 0x92, 0x33, 0xA8, 0x04, 0xFB, 0x50,
    0xD6, 0x47, 0x50, 0xB1, 0xC2, 0xB3, 0x45, 0xFA, 0x12, 0x23, 0x2F, 0x58, 0x87, 0x39, 0x3D, 0x01,
    0xDA, 0x1E, 0x54, 0xBE, 0x92, 0x4F, 0x4C, 0xE8, 0xD2, 0xB6, 0x51, 0x62, 0x0A, 0x28, 0x2F, 0x3A,
    0xE3, 0xE9, 0x5A, 0x13, 0x47, 0xDE, 0xD9, 0xD5, 0x6D, 0x70, 0x2B, 0x97, 0x33, 0x2A, 0x13, 0x4F,
    0x99, 0x93, 0x81, 0x67, 0xA9, 0xE7, 0x69, 0x32, 0x30, 0xF1, 0x96, 0xF1, 0x90, 0x77, 0x50, 0xA1,
    0x33, 0x44, 0x90, 0x43, 0x48, 0x7B, 0xDE, 0xCC, 0x6B, 0x0E, 0xCA, 0xBB, 0x7F, 0xD2, 0x57, 0x21,
    0x34, 0x00, 0xE4, 0xA1, 0xE6, 0xE8, 0xFD, 0x1E, 0xE5, 0x41, 0xDF, 0x5E, 0x6B, 0xD6, 0xF3, 0x96,
    0x75, 0xB0, 0x85, 0x74, 0x84, 0xED, 0x08, 0x2F, 0xD4, 0xDE, 0x76, 0x90, 0x79, 0x30, 0xCB, 0x1A,
    0xF7, 0xF3, 0x1E, 0x0A, 0xB5, 0xAD, 0x49, 0x67, 0x1E, 0xB5, 0x3D, 0xE1, 0x65, 0x24, 0x07, 0x4B,
    0x03, 0xCC, 0x20, 0xF0, 0x2C, 0x9C, 0x50, 0xC7, 0x54, 0x10, 0x47, 0x25, 0x6F, 0x2E, 0x04, 0x29,
    0x25, 0xFF, 0x98, 0x3B, 0x4C, 0x6F, 0x1B, 0x6C, 0x63, 0x6B, 0xCA, 0xBB, 0xF7, 0x3E, 0x92, 0x25,
    0x02, 0x50, 0x42, 0x14, 0x44, 0x92, 0xAC, 0xF0, 0x70, 0xED, 0x05, 0xF8, 0x02, 0x90, 0x78, 0x32,
    0x55, 0x73, 0xFB, 0xD1, 0xDD, 0xA8, 0x22, 0xDC, 0xBC, 0xD8, 0x76, 0x14, 0x84, 0x1D, 0x24, 0x1F,
    0x6D, 0x3B, 0x56, 0x7E, 0x23, 0x90, 0x4E, 0x2B, 0x98, 0x71, 0xE5, 0x9C, 0x7B, 0x96, 0x31, 0x53,
    0xD5, 0x68, 0x74, 0x71, 0x78, 0xCB, 0xF8, 0xA0, 0x1C, 0x21, 0x3D, 0x6D, 0x6B, 0x6C, 0x93, 0x3B,
    0xF6, 0x31, 0x3D, 0x13, 0x69, 0xAF, 0x09, 0xAB, 0x31, 0x3D, 0x90, 0xFF, 0xF3, 0xAE, 0xC6, 0xEE,
    0x1E, 0xF7, 0x14, 0xBD, 0x19, 0x29, 0x1B, 0x26, 0x2A, 0x98, 0xD9, 0x87, 0x67, 0x1C, 0x09, 0x0E,
    0x23, 0x68, 0x0C, 0x47, 0x30, 0x52, 0x69, 0x04, 0xA5, 0x7A, 0xB2, 0x2E, 0x6F, 0x5E, 0x75, 0x48,
    0x03, 0xA4, 0x9A, 0x7A, 0xF2, 0x1F, 0xDC, 0xFD, 0xAA, 0x2B, 0x64, 0xE4, 0xCF, 0x2C, 0x0E, 0xE5,
    0x93, 0xD5, 0xBE, 0xD1, 0xB9, 0xC5, 0x05, 0x5B, 0x9B, 0x28, 0x78, 0x03, 0x94, 0xAB, 0x54, 0xC9,
    0x9A, 0x8D, 0x65, 0x64, 0x65, 0xCC, 0x46, 0xA3, 0x38, 0xF5, 0x0A, 0xBF, 0x21, 0x20, 0x51, 0x60,
    0xFB, 0x62, 0xD6, 0xE8, 0x0B, 0xF1, 0xB4, 0x35, 0xE3, 0x19, 0x24, 0xC3, 0x02, 0x05, 0x89, 0x2E,
    0x01, 0x76, 0xE9, 0x00, 0xD5, 0x4F, 0x1C, 0xD8, 0x00, 0x6C, 0xDB, 0x0E, 0x33, 0xE6, 0x03, 0xD6,
    0x25, 0x13, 0xFB, 0x30, 0x45, 0x03, 0x8B, 0xE6, 0x24, 0x18, 0x79, 0x48, 0x1A, 0x2F, 0x9B, 0x8E,
    0xE2, 0x45, 0x0B, 0xC9, 0x32, 0x21, 0x29, 0x5A, 0xF6, 0x62, 0x52, 0xCA, 0x54, 0x27, 0xC5, 0x5A,
    0x7D, 0xA4, 0x9E, 0xBC, 0x33, 0x3D, 0x59, 0x97, 0xBD, 0x0A, 0x79, 0x97, 0xE9, 0x32, 0x32, 0x9E,
    0xD2, 0xA5, 0x23, 0xDB, 0x86, 0xDD, 0xEF, 0x85, 0x9A, 0x32, 0x6C, 0x81, 0x77, 0x8F, 0x40, 0x5D,
    0x7C, 0x0E, 0x46, 0x0E, 0x34, 0xD8, 0xA7, 0x8A, 0x76, 0x48, 0x59, 0x53, 0x7E, 0x7D, 0x96, 0xE9,
    0xFB, 0xA5, 0x92, 0x02, 0x1C, 0x24, 0x73, 0xB2, 0xD3, 0x55, 0xC3, 0x85, 0xCF, 0x5A, 0x7F, 0x5E,
    0x77, 0xAF, 0xF1, 0xDA, 0x4F, 0xEA, 0xB0, 0x1E, 0x3B, 0x60, 0x96, 0x72, 0xDB, 0xB0, 0x61, 0xFD,
    0xA8, 0xEF, 0xC4, 0x03, 0x65, 0xB7, 0x18, 0x29, 0xEE, 0x5C, 0xD2, 0x8E, 0x7C, 0x98, 0xBD, 0xD4,
    0x4E, 0x4C, 0x93, 0x20, 0x1D, 0x41, 0xF1, 0x56, 0x83, 0x72, 0x22, 0xB0, 0x3D, 0x48, 0x72, 0xE0,
    0x8A, 0x80, 0x22, 0x84, 0xF9, 0x8D, 0xBB, 0x77, 0xBF, 0xCC, 0x6B, 0x3E, 0x6D, 0x08, 0xFE, 0xAC,
    0x8E, 0xBE, 0xBB, 0x30, 0xEB, 0x85, 0xB3, 0xA0, 0xE8, 0x56, 0x9B, 0x2F, 0xA1, 0xB2, 0x61, 0x0D,
    0x15, 0xFB, 0x8F, 0x24, 0xB2, 0x11, 0x68, 0x1B, 0xC8, 0x87, 0xC5, 0x11, 0xBC, 0xA3, 0x9D, 0xA3,
    0x1A, 0xF8, 0x80, 0xD8, 0xFE, 0x39, 0xD9, 0x69, 0xAB, 0x82, 0xD7, 0x54, 0x58, 0x77, 0x88, 0x75,
    0xCF, 0x28, 0xCE, 0xD6, 0xB2, 0x79, 0x8B, 0x6A, 0x89, 0x65, 0x06, 0x28, 0x9C, 0xB8, 0x2B, 0xDD,
    0x64, 0x0E, 0x49, 0x82, 0x05, 0xDE, 0x00, 0x00, 0xAE, 0x02, 0xED, 0x12, 0x8B, 0x8A, 0x8B, 0xC2,
    0xC2, 0x36, 0x7C, 0x08, 0xBC, 0xF3, 0xA3, 0xAF, 0xCC, 0xC0, 0x33, 0x28, 0x9A, 0xD8, 0x49, 0xDA,
    0x29, 0x19, 0xE0, 0x79, 0x00, 0x70, 0x9B, 0x8E, 0xF6, 0x43, 0xAE, 0x9B, 0x26, 0x7F, 0xF1, 0xD2,
    0x5D, 0xC9, 0xA8, 0x28, 0xDD, 0xDE, 0x9E, 0x0C, 0xE4, 0xF6, 0xAE, 0xC8, 0x42, 0xCD, 0xDE, 0x6D,
    0x4D, 0xBF, 0xF5, 0xDE, 0x2D, 0xE3, 0x29, 0xEA, 0x37, 0xEF, 0x9B, 0x9E, 0x92, 0x2B, 0xF7, 0xB3,
    0x8E, 0x92, 0x2F, 0x1E, 0x67, 0x1D, 0xFB, 0xDC, 0x3A, 0xCE, 0x7A, 0xF6, 0x39, 0x3E, 0x36, 0x9E,
    0xC3, 0xA4, 0xBB, 0x9F, 0x8E, 0xC9, 0xEE, 0x9D, 0xFA, 0x16, 0xE1, 0x6F, 0xDB, 0x99, 0x0D, 0xE5,
    0xF3, 0x1F, 0xD5, 0x91, 0x2D, 0x90, 0xD7, 0xB0, 0x5E, 0x59, 0xC0, 0x18, 0x91, 0xF2, 0x9B, 0xD1,
    0x4D, 0x69, 0x98, 0x40, 0x23, 0xAC, 0x85, 0x8B, 0x00, 0x50, 0x75, 0xC2, 0x6D, 0xC4, 0x1F, 0xF7,
    0x40, 0xFA, 0x2F, 0x1E, 0x30, 0x7F, 0x26, 0xCC, 0x8D, 0x70, 0x4F, 0x72, 0xB1, 0x89, 0x99, 0x7F,
    0x10, 0x93, 0xDC, 0x0B, 0x13, 0xC7, 0x04, 0xA6, 0x21, 0x9A, 0x36, 0xEC, 0xE0, 0xF2, 0xA3, 0x47,
    0x01, 0xAE, 0xC3, 0x16, 0x1E, 0x44, 0xF4, 0x50, 0xD5, 0x89, 0x83, 0xAA, 0x31, 0x42, 0x57, 0x8C,
    0x5C, 0x0A, 0x7D, 0x35, 0x61, 0x83, 0x97, 0x11, 0x6A, 0xB8, 0xF7, 0xE9, 0xBD, 0x01, 0xAC, 0x57,
    0x9F, 0x79, 0xCF, 0x09, 0xD8, 0x2E, 0xA2, 0x63, 0x8E, 0x38, 0x89, 0xAB, 0x38, 0x94, 0xCD, 0xBD,
    0x06, 0xD5, 0x5C, 0xE1, 0x5D, 0x9D, 0x55, 0x61, 0xA6, 0x18, 0x68, 0x46, 0xA7, 0x9C, 0xAC, 0x3B,
    0x13, 0xEC, 0x22, 0x4E, 0x72, 0x65, 0x3A, 0xC9, 0xB6, 0x99, 0x57, 0xE3, 0xB2, 0xA3, 0x0C, 0x7F,
    0xB5, 0x43, 0xC1, 0x7B, 0x94, 0x44, 0xF5, 0x96, 0x84, 0x8F, 0xC5, 0xA1, 0xE7, 0x99, 0x08, 0xC7,
    0x4A, 0xA8, 0xA4, 0x9A, 0x51, 0xA1, 0x33, 0xAF, 0x7D, 0x59, 0xF0, 0xF3, 0xAB, 0x68, 0x0B, 0x36,
    0xAB, 0x3F, 0x57, 0x6C, 0x57, 0x24, 0x89, 0xBF, 0xEC, 0xC5, 0x36, 0xD7, 0x63, 0xFB, 0xFB, 0x14,
    0xBD, 0x34, 0x53, 0xF5, 0x51, 0xC0, 0x47, 0x63, 0x0C, 0x5E, 0x47, 0x37, 0xED, 0x6A, 0x28, 0x5F,
    0x3E, 0x1E, 0x20, 0xF7, 0xC9, 0x0E, 0x32, 0xAF, 0x33, 0xF3, 0x5E, 0x52, 0xE4, 0xDD, 0xB2, 0x43,
    0xAC, 0x2A, 0xC2, 0xC2, 0x21, 0xBB, 0x34, 0xDA, 0x2F, 0x85, 0xE2, 0x9C, 0x9F, 0x61, 0x1C, 0xC2,
    0x16, 0x35, 0x3B, 0x82, 0xD2, 0x71, 0x82, 0x0E, 0xAD, 0x9A, 0x24, 0x71, 0xC9, 0xA3, 0x0E, 0x5B,
    0x47, 0xB9, 0xFB, 0x78, 0x56, 0xF0, 0xE8, 0xE5, 0xD5, 0xD7, 0x4A, 0x49, 0x71, 0xFA, 0xA8, 0x8D,
    0xDD, 0x66, 0x4E, 0x98, 0x46, 0x02, 0x44, 0x26, 0xC4, 0xCE, 0x23, 0x1A, 0x24, 0x8E, 0x05, 0xCA,
    0xB0, 0x13, 0x3E, 0x7A, 0x06, 0x54, 0x5C, 0x59, 0x51, 0x4C, 0x80, 0xA3, 0x88, 0x3A, 0x16, 0x99,
    0x98, 0x98, 0xD0, 0x5C, 0x4C, 0xB8, 0x41, 0x3A, 0xC7, 0xFB, 0x86, 0xF0, 0xE8, 0xB1, 0x8F, 0xC1,
    0xBB, 0x57, 0x99, 0x20, 0x26, 0x21, 0x32, 0xC9, 0x9D, 0xD0, 0x2C, 0x4C, 0x9A, 0x95, 0x89, 0x50,
    0x4C, 0xEA, 0xE8, 0x10, 0xE4, 0x90, 0x42, 0xA8, 0x53, 0xA9, 0x1E, 0x9D, 0x08, 0xD9, 0x8B, 0x4C,
    0xDE, 0x5C, 0x99, 0x70, 0x12, 0x71, 0x8E, 0x38, 0x09, 0x92, 0x88, 0x26, 0x62, 0xF9, 0x8B, 0x84,
    0x38, 0x88, 0xE9, 0xF9, 0x30, 0x7A, 0x63, 0x5A, 0x85, 0xDD, 0xD6, 0x94, 0xF5, 0x2F, 0x79, 0xA3,
    0x96, 0x37, 0x78, 0xBD, 0x37, 0xAA, 0xD0, 0x9D, 0xE1, 0x6F, 0x86, 0x5A, 0xAE, 0xD8, 0xE9, 0x17,
    0xE6, 0x05, 0xD5, 0x26, 0x99, 0xD4, 0x3E, 0x1D, 0xD4, 0xBD, 0x26, 0x92, 0x81, 0xA2, 0x91, 0x37,
    0xA6, 0xD5, 0x98, 0xA2, 0x92, 0x85, 0x89, 0x72, 0x57, 0x5F, 0x0A, 0xCF, 0x65, 0x1E, 0xD9, 0x4B,
    0x51, 0x5B, 0xA2, 0x16, 0x27, 0x44, 0x31, 0xE6, 0x45, 0x0D, 0x11, 0x75, 0xEA, 0x95, 0x42, 0x1B,
    0x09, 0x22, 0xEB, 0x4B, 0x91, 0x30, 0x40, 0xF5, 0xD1, 0xDD, 0xAF, 0x7A, 0xA8, 0x90, 0x7F, 0xD8,
    0x12, 0x3B, 0x52, 0x0F, 0x3D, 0x3C, 0x8B, 0x3D, 0xC4, 0x8E, 0xDC, 0xC5, 0x8E, 0xA2, 0x34, 0x95,
    0x93, 0x36, 0x69, 0x78, 0x2E, 0x46, 0x79, 0x18, 0xA1, 0x0A, 0x4E, 0xB4, 0x62, 0x49, 0xCE, 0xCE,
    0x6F, 0xB8, 0xD4, 0x8B, 0xCE, 0xD5, 0xAA, 0x93, 0x45, 0x41, 0x26, 0xA4, 0x62, 0x59, 0xB7, 0xC4,
    0x98, 0x8A, 0xC4, 0xB4, 0xAC, 0xA9, 0xE2, 0x84, 0x66, 0xD1, 0x9D, 0x56, 0x58, 0xCC, 0x40, 0xEE,
    0x05, 0x3D, 0xB1, 0xD3, 0x15, 0xDC, 0x2A, 0x75, 0xD9, 0x08, 0x6A, 0xA0, 0x8A, 0xC0, 0x6A, 0xB9,
    0x93, 0x15, 0x62, 0x69, 0x42, 0xEC, 0x35, 0x92, 0x93, 0x74, 0x80, 0x23, 0x8D, 0xBC, 0x7C, 0xDF,
    0x41, 0xAE, 0x08, 0x0A, 0x59, 0x05, 0x34, 0x90, 0x57, 0x9F, 0xB6, 0x3C, 0xE5, 0x12, 0x79, 0x8C,
    0x1B, 0xB3, 0x50, 0xB0, 0x75, 0x8C, 0x7F, 0x07, 0xA0, 0xF8, 0xCE, 0x10, 0x37, 0xDF, 0x88, 0x9B,
    0xF2, 0x5B, 0x13, 0x40, 0x35, 0xCE, 0x71, 0xD3, 0x6F, 0x97, 0xEC, 0x47, 0x17, 0x1C, 0x89, 0xAD,
    0xF8, 0x44, 0x97, 0xCC, 0xEA, 0x1C, 0x26, 0xE4, 0x9F, 0xE5, 0x82, 0x8C, 0xFA, 0xEE, 0x90, 0xBE,
    0x32, 0x5C, 0x64, 0xD4, 0xA1, 0xAD, 0x8A, 0x42, 0xBD, 0xC8, 0x40, 0xB6, 0x68, 0x21, 0x78, 0x8D,
    0x16, 0xC5, 0x3A, 0x41, 0x5F, 0xD4, 0x42, 0xD1, 0x63, 0x6C, 0xDE, 0x60, 0x86, 0x3D, 0x26, 0xB8,
    0xAD, 0xA8, 0xDE, 0x4C, 0xE4, 0xDD, 0x59, 0x25, 0x0C, 0xCD, 0x72, 0xA5, 0x55, 0x1E, 0xB0, 0x33,
    0xE5, 0x00, 0x94, 0xFF, 0x1D, 0xE9, 0x29, 0xE9, 0xD9, 0x04, 0x84, 0x86, 0x5C, 0x69, 0x0A, 0x35,
    0xF9, 0x09, 0x64, 0x3F, 0x07, 0x5B, 0x81, 0xFD, 0xEE, 0xB2, 0x2D, 0xFF, 0x02, 0xAE, 0x95, 0x35,
    0xDB, 0x6B, 0x70, 0xB5, 0x68, 0x98, 0xAE, 0xC2, 0x75, 0xEB, 0xD2, 0xE1, 0x3A, 0x6C, 0x72, 0x97,
    0xF5, 0x1B, 0xD8, 0x64, 0x9D, 0x75, 0x1B, 0x38, 0x30, 0x7D, 0x59, 0x1F, 0xC0, 0x03, 0xE3, 0x8F,
    0x78, 0x00, 0xC7, 0xA9, 0x9F, 0x38, 0x06, 0x9F, 0xFC, 0xCC, 0xE3, 0xC1, 0x13, 0x3A, 0x3C, 0x49,
    0x4F, 0x68, 0xCE, 0xC0, 0x78, 0x5A, 0x41, 0xF9, 0x92, 0xCF, 0x52, 0xCE, 0x6C, 0x77, 0x20, 0x88,
    0x7C, 0xC3, 0x14, 0xE9, 0x6E, 0x87, 0xA8, 0xA0, 0x6D, 0xC8, 0x76, 0x60, 0x21, 0x0F, 0xCB, 0x66,
    0xDB, 0x70, 0x19, 0x6C, 0xE1, 0xB8, 0x0A, 0xD6, 0x7A, 0x6E, 0xC0, 0xB5, 0x6C, 0x60, 0x03, 0x37,
    0xCC, 0xA4, 0xCD, 0x75, 0x66, 0xE2, 0x2B, 0x82, 0x96, 0x03, 0x6D, 0xAA, 0xE6, 0x09, 0x1C, 0x50,
    0x38, 0x0F, 0x0F, 0xB0, 0xDE, 0xC3, 0x31, 0xD9, 0xD0, 0x83, 0x27, 0x9D, 0xE3, 0x46, 0xFC, 0x92,
    0x1E, 0x5A, 0x15, 0x61, 0x49, 0x24, 0x6E, 0x14, 0x8D, 0x58, 0x89, 0x03, 0x7A, 0x0A, 0x82, 0x64,
    0x17, 0x67, 0x94, 0x8E, 0x1D, 0xEC, 0xC7, 0xAC, 0xC4, 0x7A, 0xA1, 0x53, 0x6C, 0xAF, 0x0C, 0xE6,
    0xDE, 0x3A, 0x61, 0xD9, 0x28, 0xB7, 0x55, 0x7D, 0x8E, 0x5B, 0x20, 0x5F, 0xB0, 0x17, 0x5A, 0x55,
    0x10, 0x0A, 0xA7, 0xA3, 0x65, 0xF4, 0xD4, 0x7E, 0x4C, 0xFA, 0x44, 0x1E, 0x05, 0x32, 0xA3, 0xC2,
    0xD3, 0x3E, 0x8A, 0x97, 0x8C, 0x4A, 0x96, 0xAA, 0x67, 0x2F, 0xF3, 0xBC, 0x37, 0xAB, 0x43, 0x5A,
    0xD6, 0x49, 0xA2, 0xA7, 0x54, 0xF5, 0x14, 0x5A, 0xA7, 0x5F, 0x84, 0xA8, 0xBB, 0x9D, 0x06, 0x91,
    0x8E, 0x71, 0x96, 0xED, 0xA1, 0x0A, 0x3B, 0x34, 0xCB, 0xF2, 0x9A, 0x3A, 0xFE, 0xEB, 0x55, 0xCF,
    0x0B, 0x3A, 0xB8, 0xFF, 0x6B, 0x1D, 0xD2, 0x9E, 0x55, 0x07, 0x3D, 0x00, 0x93, 0x29, 0x38, 0xA9,
    0x47, 0xFB, 0x9D, 0x30, 0x77, 0x11, 0xFB, 0xE4, 0x09, 0x98, 0x65, 0xA6, 0x69, 0xC7, 0x0B, 0x5A,
    0x29, 0x1C, 0xDB, 0x7A, 0x99, 0x62, 0xD5, 0xA9, 0x75, 0xD2, 0xCA, 0x6A, 0xD1, 0x2F, 0xD6, 0x51,
    0x3A, 0x8A, 0xA8, 0x5B, 0xD1, 0x24, 0xB3, 0xB4, 0x7A, 0xDF, 0x4B, 0xAB, 0x50, 0x4B, 0x2B, 0xD1,
    0xDB, 0xAA, 0x49, 0xBC, 0xE6, 0xD7, 0x4B, 0x7E, 0x56, 0xAF, 0x4C, 0x98, 0x41, 0x5A, 0xA5, 0x23,
    0xE6, 0x0C, 0xA7, 0x78, 0xB5, 0xEB, 0xE2, 0x73, 0x51, 0xAE, 0x7B, 0x2F, 0xE3, 0x6B, 0xB7, 0xC7,
    0xB3, 0x06, 0x98, 0xCE, 0x50, 0xE9, 0xF4, 0x38, 0x8B, 0x2F, 0x35, 0x19, 0x76, 0x90, 0xAD, 0xB7,
    0x18, 0xD5, 0x52, 0x7C, 0x62, 0xAE, 0xD3, 0x98, 0x29, 0x8A, 0x38, 0x22, 0xB6, 0xA3, 0x30, 0x9B,
    0x64, 0x6B, 0x66, 0x36, 0x31, 0x65, 0x15, 0xF0, 0x34, 0x8A, 0x33, 0x89, 0x52, 0xEA, 0xB1, 0x23,
    0xF1, 0xB5, 0xDB, 0x8B, 0x16, 0xBD, 0x76, 0xEB, 0xA3, 0x24, 0x21, 0xB8, 0x7C, 0xF7, 0xAD, 0xFF,
    0x6A, 0xBB, 0xA2, 0xB6, 0x2E, 0xEB, 0x1F, 0x6A, 0xC0, 0xFE, 0x58, 0x43, 0x39, 0xD6, 0x50, 0x41,
    0xF9, 0x8B, 0xC8, 0x39, 0x6E, 0x2F, 0x4E, 0xAA, 0xAF, 0x33, 0x47, 0x3A, 0x9E, 0xA3, 0x19, 0x22,
    0x7A, 0x61, 0x1E, 0xF7, 0xE3, 0x25, 0x4D, 0x08, 0x71, 0x0C, 0x3E, 0x0D, 0xC3, 0x59, 0x11, 0x4C,
    0xDA, 0x3E, 0x8A, 0x20, 0xA1, 0xB8, 0x11, 0x4F, 0xDD, 0xE8, 0x54, 0xA1, 0x17, 0x66, 0x1E, 0x0E,
    0x22, 0x3E, 0x51, 0xA2, 0x38, 0x56, 0x8A, 0xF0, 0x62, 0x4C, 0xCC, 0x5E, 0xD2, 0x0B, 0xD3, 0xE8,
    0xF4, 0xD4, 0x51, 0x35, 0x98, 0x98, 0xB7, 0xAC, 0x8E, 0xDE, 0x47, 0x47, 0x6F, 0x20, 0x35, 0x3E,
    0x01, 0xB3, 0xFB, 0xB8, 0x43, 0x49, 0x00, 0x4D, 0xD8, 0x79, 0xE8, 0xCB, 0x5D, 0x73, 0x29, 0x34,
    0x22, 0x78, 0xB8, 0xC4, 0x8A, 0xD1, 0xBD, 0x30, 0xE9, 0x63, 0x12, 0x9D, 0xB8, 0xE5, 0xB5, 0x86,
    0x68, 0x81, 0x89, 0x1B, 0xAC, 0x82, 0xEF, 0xA4, 0x17, 0x6D, 0xD2, 0x03, 0x5B, 0xE3, 0x80, 0x2A,
    0x6B, 0x84, 0x5F, 0x42, 0xF8, 0x47, 0xC2, 0xF2, 0xA9, 0xB0, 0x18, 0x22, 0xF6, 0x80, 0xA8, 0x0B,
    0x9B, 0x85, 0x43, 0x15, 0x5C, 0x11, 0x5C, 0x19, 0x9A, 0x72, 0x57, 0xE7, 0xA1, 0xCE, 0x47, 0xEC,
    0x00, 0x23, 0xD9, 0x10, 0xF9, 0x44, 0x26, 0xF1, 0xDE, 0x4C, 0x3B, 0x5A, 0x1C, 0x26, 0x1E, 0xCD,
    0x6B, 0x11, 0xB3, 0x23, 0x16, 0x71, 0x2B, 0x45, 0x4C, 0x3B, 0x77, 0x56, 0x4B, 0xFC, 0xDD, 0x84,
    0x8F, 0x3B, 0x7E, 0x8E, 0x0C, 0x77, 0x69, 0x37, 0x47, 0x92, 0xAD, 0x69, 0x4E, 0x22, 0xCF, 0x6D,
    0x4E, 0x6B, 0x23, 0xD5, 0xCB, 0x6C, 0xAF, 0xC6, 0x9D, 0x87, 0x54, 0x9B, 0xB8, 0xF3, 0x09, 0xD5,
    0x13, 0x80, 0xD2, 0x53, 0xF9, 0xB8, 0xD3, 0x69, 0x21, 0x0A, 0xBA, 0x78, 0xC4, 0xD6, 0x14, 0xC4,
    0x9D, 0xE0, 0xA9, 0x76, 0xB1, 0x24, 0x95, 0xCF, 0x21, 0x40, 0x51, 0xC3, 0xB6, 0x41, 0x5D, 0x95,
    0x0E, 0x0F, 0x58, 0x6F, 0x3A, 0x20, 0x1B, 0x6C, 0x0D, 0x98, 0xE9, 0x0E, 0x40, 0xB2, 0x1B, 0x00,
    0x68, 0x3B, 0x21, 0x5B, 0x27, 0x24, 0xF4, 0x42, 0xF3, 0x5D, 0x0F, 0x60, 0x97, 0x8A, 0x73, 0x47,
    0x36, 0x81, 0x81, 0x00, 0x98, 0x4E, 0x9D, 0x2B, 0x7E, 0xE9, 0xE0, 0x8E, 0x3A, 0x87, 0x11, 0xF2,
    0x91, 0x77, 0x5E, 0xC6, 0x39, 0xBE, 0x0A, 0xD0, 0x86, 0xA6, 0x0A, 0x63, 0x12, 0xC6, 0x32, 0xF4,
    0xB4, 0xBD, 0x09, 0xB0, 0x4F, 0xB2, 0x83, 0x03, 0x08, 0xE0, 0x61, 0x5B, 0x2F, 0x0F, 0x2B, 0x39,
    0x50, 0x74, 0x57, 0x23, 0xCB, 0x03, 0x20, 0xF3, 0x1E, 0x30, 0x3F, 0x77, 0x40, 0x12, 0x00, 0xD8,
    0x45, 0x9C, 0x5E, 0xEF, 0x78, 0x33, 0x9C, 0x63, 0x1E, 0xF1, 0xDE, 0xB9, 0xD7, 0x49, 0x75, 0xC1,
    0x41, 0x76, 0x7A, 0xF7, 0xBD, 0x49, 0xA4, 0x23, 0xDB, 0x8D, 0xE2, 0xC2, 0x07, 0x10, 0x38, 0xAF,
    0xAB, 0xCA, 0xFD, 0xF9, 0xC3, 0x1A, 0xA1, 0x16, 0x9A, 0xF9, 0xD7, 0x3D, 0xD4, 0x0B, 0x09, 0x0D,
    0xC8, 0xEA, 0x40, 0x27, 0x7F, 0x60, 0x5C, 0x3C, 0x54, 0x42, 0xFB, 0xBD, 0xAF, 0xE8, 0x51, 0x40,
    0x84, 0x06, 0x00, 0x69, 0x45, 0xF9, 0xE5, 0x0B, 0xAF, 0x6A, 0xE3, 0xEB, 0x11, 0x06, 0x12, 0xAF,
    0x25, 0xF5, 0x98, 0xF5, 0xAF, 0x8F, 0xCC, 0x2D, 0xAF, 0x8C, 0xE3, 0x18, 0xD6, 0x37, 0x84, 0xFB,
    0x17, 0xDF, 0x10, 0xB6, 0x23, 0x6F, 0xBF, 0xCB, 0x86, 0x0D, 0x37, 0xB8, 0xC9, 0x35, 0x6C, 0xFC,
    0xE6, 0x75, 0xDE, 0x64, 0x8D, 0x71, 0xFA, 0xA6, 0x5D, 0xDA, 0x25, 0x7D, 0xE2, 0xD1, 0x77, 0xE0,
    0x09, 0x07, 0x3C, 0x64, 0x13, 0xBF, 0x8B, 0x97, 0x6A, 0xDE, 0xB8, 0x07, 0x94, 0xA8, 0x67, 0xAD,
    0xEA, 0x5E, 0xFD, 0xC7, 0x00, 0x8C, 0x2C, 0xEB, 0x80, 0xF8, 0x91, 0x2E, 0xAB, 0x58, 0x8A, 0xA6,
    0x48, 0x6A, 0x15, 0x53, 0xEC, 0x62, 0x12, 0x2C, 0x50, 0x00, 0xE5, 0x79, 0x77, 0x5A, 0xAB, 0x09,
    0xDE, 0x3E, 0x7F, 0x73, 0x71, 0x75, 0xAD, 0x72, 0xC9, 0x0F, 0x1B, 0xC8, 0xFE, 0xD4, 0xC1, 0x35,
    0x62, 0x49, 0x78, 0x42, 0xD2, 0xAB, 0x16, 0x35, 0x5C, 0xE3, 0x1A, 0xE4, 0xDC, 0x06, 0xD3, 0x00,
    0x50, 0xA9, 0x98, 0x9E, 0xBD, 0xE4, 0xB8, 0x5B, 0x6F, 0xD8, 0xA7, 0xAC, 0xB3, 0x8E, 0x27, 0x40,
    0xB6, 0x4B, 0x38, 0xFA, 0xF8, 0x5F, 0x53, 0x9F, 0xEC, 0x72, 0xC7, 0x6C, 0x1B, 0x9E, 0x96, 0xF0,
    0xB4, 0x82, 0xA9, 0x82, 0x71, 0x1F, 0x86, 0x23, 0x12, 0x5F, 0x91, 0xFA, 0x0A, 0xE3, 0xCB, 0xC6,
    0x0E, 0xF9, 0xE9, 0x3F, 0xCC, 0x49, 0xF8, 0x83, 0x9A, 0xF5, 0x73, 0x05, 0x92, 0x4F, 0x96, 0xE4,
    0xE6, 0x1A, 0xE0, 0xBA, 0xAE, 0x03, 0xFD, 0x8F, 0x1D, 0xF9, 0x69, 0xEB, 0xAC, 0xCB, 0xBC, 0x6D,
    0xD2, 0xC1, 0xD6, 0xC9, 0x58, 0xC0, 0x58, 0xC2, 0x58, 0x91, 0x0C, 0xFB, 0xA4, 0xFE, 0x0E, 0x46,
    0x6B, 0xB7, 0x8F, 0x6D, 0x2A, 0x4A, 0x8A, 0x17, 0x23, 0xA9, 0xFC, 0x71, 0x69, 0x07, 0xD5, 0xE3,
    0x2E, 0xD1, 0x1B, 0xD7, 0x2E, 0x1D, 0x74, 0x0F, 0x57, 0xD4, 0x09, 0x25, 0x50, 0x9D, 0xEB, 0x1E,
    0xF7, 0x4B, 0x12, 0xC5, 0x20, 0x3B, 0x55, 0x7A, 0x3F, 0x3C, 0x7F, 0x95, 0xB4, 0xBE, 0xB9, 0xA3,
    0x5D, 0x6F, 0x4C, 0xB1, 0x82, 0xA2, 0x16, 0x48, 0x83, 0x12, 0x8E, 0x1E, 0x07, 0xA4, 0x02, 0x92,
    0x01, 0xE9, 0x80, 0x84, 0x40, 0x4A, 0x08, 0x46, 0xA4, 0x05, 0x12, 0x03, 0xA9, 0x81, 0xE4, 0x40,
    0x7A, 0x20, 0x41, 0x48, 0xC2, 0x9F, 0xAF, 0x8A, 0xE4, 0x33, 0x9C, 0xB4, 0x2E, 0xED, 0xF3, 0x4E,
    0xF7, 0x9A, 0xB6, 0x36, 0x5D, 0x49, 0xDE, 0xEC, 0x27, 0x33, 0xFB, 0x65, 0x43, 0xF5, 0x1C, 0xAA,
    0x95, 0x73, 0xCD, 0x2B, 0x9C, 0x3B, 0x00, 0xA0, 0x18, 0xE1, 0xF0, 0x19, 0x49, 0x94, 0x64, 0x43,
    0xE6, 0x3E, 0x21, 0x77, 0xB5, 0x48, 0x89, 0xB3, 0x09, 0x7A, 0xEC, 0xB9, 0x7B, 0xEE, 0x90, 0xC3,
    0x5F, 0x6D, 0x3A, 0xE5, 0xA2, 0x8C, 0xEF, 0x17, 0x00, 0x00, 0xA9, 0x73, 0x4C, 0xFE, 0x62, 0xF0,
    0x94, 0x6C, 0x1D, 0x87, 0xEA, 0x69, 0x42, 0xB9, 0x58, 0xE0, 0x48, 0x30, 0xC1, 0x98, 0x8C, 0x70,
    0x94, 0xF7, 0xA4, 0xDF, 0x0F, 0x35, 0x19, 0x35, 0xE4, 0x1D, 0x44, 0x06, 0x82, 0x9E, 0xCB, 0x64,
    0x9E, 0x0D, 0x89, 0x20, 0xF5, 0xEC, 0x93, 0xC5, 0xF7, 0x94, 0x35, 0x7A, 0x2E, 0x5B, 0x3F, 0x1F,
    0x80, 0x7E, 0x87, 0xAD, 0x5B, 0xC1, 0x46, 0x68, 0x04, 0x4B, 0x12, 0x80, 0x32, 0x7F, 0x09, 0xD5,
    0xD7, 0x5A, 0xA8, 0x9C, 0x6D, 0xA8, 0x74, 0xFC, 0x30, 0x66, 0x42, 0xA3, 0x8E, 0xE9, 0x18, 0x05,
    0x83, 0xAA, 0xA3, 0x20, 0xF5, 0x1C, 0x0A, 0x1E, 0x6A, 0x88, 0x13, 0xF7, 0x76, 0x79, 0x68, 0x42,
    0x28, 0x82, 0x23, 0xAD, 0xE3, 0x0D, 0x52, 0x2F, 0x4C, 0xD0, 0x92, 0xC1, 0x16, 0xB3, 0x23, 0x99,
    0xE1, 0xD9, 0xF9, 0x5F, 0x04, 0x0C, 0xEA, 0x2A, 0x5D, 0xCA, 0x87, 0x57, 0x35, 0x0C, 0x01, 0xE0,
    0xC3, 0xA5, 0x4A, 0x66, 0xE3, 0xB2, 0xA5, 0x5E, 0xD6, 0xD4, 0x2D, 0x4E, 0x92, 0x33, 0xE3, 0x4D,
    0x1F, 0x5C, 0xB0, 0xE2, 0x9A, 0x0D, 0x65, 0x62, 0xE2, 0x3C, 0x13, 0x03, 0x0A, 0x70, 0xC5, 0xF4,
    0x6C, 0x8C, 0x63, 0x93, 0x37, 0x94, 0x8F, 0x21, 0x1F, 0x56, 0x8B, 0xD2, 0x23, 0x69, 0x57, 0x8B,
    0x96, 0x17, 0x25, 0x2A, 0xCE, 0x25, 0x4A, 0x34, 0x81, 0xB1, 0xFD, 0x90, 0x7D, 0x0E, 0x34, 0xD7,
    0x74, 0x70, 0x68, 0x15, 0xF0, 0x00, 0x98, 0x3D, 0x10, 0x62, 0xDC, 0xAD, 0x82, 0x96, 0x0D, 0xA9,
    0xCF, 0x3B, 0xF4, 0x57, 0x05, 0x8B, 0x44, 0x2F, 0x2F, 0x85, 0x3A, 0xEC, 0x54, 0xBA, 0x14, 0xF7,
    0xAF, 0x15, 0x73, 0xEB, 0x14, 0xCF, 0xAE, 0xF5, 0xF2, 0xF5, 0x7F, 0xA7, 0xFC, 0x2A, 0xAD, 0x00,
    0x48, 0x7F, 0xFF, 0x25, 0x6D, 0x9D, 0xB4, 0x5F, 0x6B, 0xF3, 0xC7, 0xBD, 0xD9, 0xB9, 0xE2, 0x6F,
    0xE2, 0x83, 0x92, 0xED, 0x52, 0xCF, 0x11, 0xB6, 0x31, 0x3E, 0xA6, 0xD1, 0xF4, 0x31, 0x91, 0xA6,
    0x8F, 0xA9, 0xCC, 0xBA, 0x78, 0x59, 0xE5, 0x2E, 0x19, 0xE2, 0x26, 0x26, 0xD4, 0x36, 0xA9, 0xDA,
    0xC6, 0x53, 0x26, 0xDD, 0xFB, 0xCF, 0x79, 0xF8, 0x7A, 0xFB, 0x5C, 0x89, 0xFD, 0xA7, 0x30, 0xAE,
    0xD1, 0x46, 0x92, 0xF6, 0xB7, 0x5B, 0x14, 0xA9, 0x51, 0x9C, 0x86, 0xA3, 0xD7, 0x58, 0x65, 0xBC,
    0x68, 0x15, 0xF5, 0xBB, 0xE8, 0x30, 0x67, 0xAB, 0x55, 0xB2, 0x1D, 0x1C, 0xB5, 0x2E, 0xED, 0xAC,
    0xCF, 0x1A, 0x33, 0x58, 0xD2, 0xF1, 0x26, 0x4C, 0xFB, 0xE7, 0xEB, 0x58, 0x81, 0xAF, 0x48, 0xFA,
    0xB2, 0x31, 0xCE, 0xF6, 0x79, 0x9D, 0xED, 0x96, 0x02, 0x43, 0x72, 0xDC, 0x36, 0x54, 0x3F, 0x7E,
    0x3C, 0x60, 0x87, 0x74, 0x92, 0x98, 0x33, 0xB9, 0xE3, 0x44, 0x6A, 0x8A, 0x8E, 0xA0, 0xE6, 0x70,
    0xE5, 0xA4, 0xE1, 0xC4, 0x6B, 0xAC, 0x36, 0x5E, 0x1E, 0x77, 0x1C, 0x9E, 0x9E, 0xC0, 0xC3, 0xF2,
    0x79, 0x14, 0x19, 0xC6, 0x15, 0x52, 0x41, 0x7C, 0x5A, 0xA9, 0x42, 0xB3, 0x56, 0xE9, 0xC7, 0xAF,
    0x56, 0xE9, 0x49, 0xDD, 0x9D, 0x57, 0xE9, 0xE4, 0x7F, 0x57, 0xE9, 0x3E, 0x3F, 0x6D, 0xBB, 0x24,
    0x7C, 0x63, 0x9D, 0x60, 0xB4, 0x36, 0x50, 0x34, 0xFA, 0xCF, 0x15, 0x23, 0x21, 0xE5, 0xE7, 0x3F,
    0x1C, 0xCE, 0x52, 0x36, 0x99, 0xE0, 0x1E, 0xD2, 0xC6, 0xFF, 0x55, 0x94, 0x9F, 0x0B, 0x95, 0x24,
    0x7A, 0xF7, 0xBC, 0x92, 0x28, 0xED, 0x4B, 0xDE, 0xCB, 0xD1, 0x25, 0xA7, 0x8F, 0x3B, 0xE3, 0x4C,
    0x9F, 0x39, 0x7C, 0xE6, 0xF8, 0x82, 0x91, 0xD7, 0x75, 0xE1, 0x97, 0x32, 0x58, 0xDB, 0xBD, 0x4B,
    0xE6, 0x8F, 0x49, 0xFD, 0x06, 0xD3, 0x57, 0x75, 0xE6, 0xCA, 0xD3, 0x96, 0xBD, 0xED, 0x73, 0xF8,
    0x0C, 0x5C, 0x3F, 0xB7, 0x54, 0x15, 0x86, 0xF2, 0xD3, 0x77, 0xE3, 0xEC, 0x2D, 0x4B, 0xE4, 0x6E,
    0x9D, 0xBD, 0x5F, 0xFD, 0x7F, 0x2F, 0xA3, 0x9A, 0xB1, 0x1D, 0x95, 0xB7, 0x53, 0xE9, 0xF3, 0xC9,
    0xF4, 0x4C, 0xA6, 0x63, 0xCC, 0x3A, 0x06, 0x19, 0x48, 0xEE, 0xB1, 0x8D, 0x56, 0xD3, 0xCB, 0x67,
    0x05, 0x59, 0x57, 0x62, 0xBB, 0xB2, 0xAE, 0x06, 0xFB, 0xE2, 0xFB, 0x63, 0xBA, 0xFB, 0x1C, 0x00,
    0xDB, 0xD1, 0x04, 0xCA, 0xE7, 0xE9, 0x2C, 0x4D, 0xFA, 0x33, 0x48, 0x1C, 0x79, 0x67, 0x6A, 0xB2,
    0x3E, 0x07, 0xD3, 0xEF, 0x69, 0x98, 0x5F, 0xD4, 0x78, 0xEF, 0x6B, 0xF0, 0x3D, 0x24, 0x2F, 0x1D,
    0x10, 0x6A, 0x01, 0x2C, 0xE2, 0x70, 0x00, 0xB4, 0x43, 0x1E, 0x08, 0xDD, 0xB6, 0xBF, 0xA4, 0x17,
    0x68, 0x45, 0x93, 0x0C, 0x6C, 0xB0, 0xCE, 0x0C, 0x3C, 0xC0, 0xBA, 0x6C, 0xA4, 0x27, 0x77, 0x97,
    0xA7, 0xC4, 0x91, 0x75, 0xD7, 0x27, 0xD3, 0x60, 0xFA, 0x5B, 0x4F, 0x15, 0xC4, 0x1F, 0x1F, 0x2A,
    0xCC, 0x4F, 0xDD, 0xFE, 0x75, 0x48, 0x7F, 0xD6, 0x54, 0xBF, 0x25, 0xDD, 0x28, 0x7B, 0x60, 0xA6,
    0x74, 0xC0, 0xA4, 0x54, 0xC1, 0x13, 0x2C, 0x40, 0x18, 0xED, 0x4C, 0xDB, 0xE7, 0xCF, 0x29, 0x5C,
    0x0E, 0x79, 0x7F, 0x05, 0xCC, 0x20, 0x82, 0x73, 0x2C, 0x1A, 0xF5, 0x7A, 0x43, 0xF0, 0x93, 0x06,
    0xB2, 0x2F, 0x75, 0xB0, 0xA7, 0x5C, 0xDD, 0x4A, 0x47, 0x92, 0x9E, 0x99, 0x77, 0xFA, 0x4B, 0xA1,
    0xA9, 0x86, 0x3C, 0x74, 0x45, 0x48, 0x82, 0xB3, 0x73, 0x72, 0x22, 0x0F, 0x1E, 0x70, 0x06, 0x9E,
    0x64, 0x48, 0x1D, 0x8C, 0xA6, 0x81, 0xC9, 0x02, 0xCF, 0xAE, 0x03, 0x47, 0xB7, 0x80, 0xCA, 0x0B,
    0x5C, 0xAC, 0x41, 0x17, 0xFE, 0x2C, 0x1E, 0x2E, 0xFC, 0x0B, 0x6C, 0x2F, 0x1E, 0xFC, 0x02, 0xAC,
    0x1F, 0xAB, 0x49, 0xA2, 0xFC, 0x68, 0xDB, 0xF0, 0x84, 0x23, 0x12, 0x97, 0x8C, 0x40, 0xD6, 0xAF,
    0xD3, 0xF0, 0xC9, 0xEA, 0xF5, 0xBC, 0x07, 0xCA, 0x46, 0xC1, 0x81, 0x74, 0xC0, 0xD4, 0x79, 0xC7,
    0x35, 0xCA, 0xEF, 0xFD, 0xF1, 0x48, 0x15, 0x82, 0x07, 0x20, 0x19, 0xE5, 0x0F, 0x1B, 0x63, 0xDD,
    0x84, 0x42, 0x91, 0xA3, 0x51, 0x9C, 0x30, 0xFE, 0x5F, 0x7F, 0x69, 0x60, 0x57, 0xF3, 0x5E, 0x07,
    0x23, 0x3C, 0x5C, 0xEB, 0xD7, 0x80, 0xE9, 0xC9, 0x5C, 0x3C, 0x35, 0x2E, 0x56, 0xF9, 0x66, 0x61,
    0xBC, 0xE1, 0x36, 0x0F, 0x78, 0x82, 0xA4, 0xE8, 0x93, 0x2E, 0x95, 0xA5, 0x9D, 0x69, 0xB2, 0x26,
    0xAF, 0x73, 0x2C, 0x97, 0xB9, 0xC6, 0x55, 0xAE, 0xC7, 0x86, 0x07, 0x3C, 0xE0, 0x18, 0x0F, 0x51,
    0x11, 0x91, 0x49, 0x7A, 0x2D, 0x26, 0xBA, 0xB6, 0x80, 0x3B, 0x31, 0xDC, 0xB8, 0x46, 0x2F, 0xEB,
    0xF8, 0x60, 0xFD, 0xCD, 0x95, 0x00, 0xB9, 0x13, 0x9A, 0x0E, 0xD3, 0x93, 0x78, 0x9D, 0x9A, 0xC6,
    0x53, 0x8F, 0xE0, 0xAD, 0xB5, 0x92, 0xEE, 0xA0, 0xB6, 0xEF, 0x37, 0xA9, 0xBB, 0x9A, 0xF6, 0xC6,
    0x6D, 0x18, 0xB2, 0xFA, 0x01, 0xFB, 0x05, 0x1F, 0x60, 0x27, 0x80, 0x9A, 0xFF, 0x01, 0xCD, 0xDA,
    0x01, 0xC4, 0x25, 0xE9, 0x9E, 0xDF, 0xF1, 0x4F, 0x55, 0x75, 0x4F, 0xD9, 0xA9, 0x74, 0xD7, 0xE0,
    0x5E, 0xB9, 0x57, 0x4F, 0xBF, 0x67, 0xB1, 0x18, 0xBC, 0xD3, 0x35, 0x68, 0xBC, 0x89, 0xD3, 0x6F,
    0xD5, 0xDD, 0x20, 0x64, 0x71, 0x07, 0xDB, 0x1B, 0x2C, 0x6E, 0x10, 0x60, 0x23, 0xDD, 0xE8, 0xF0,
    0x5A, 0xDD, 0x7D, 0x2A, 0x77, 0x10, 0x02, 0x69, 0x61, 0x05, 0x41, 0x06, 0x40, 0x0F, 0xFA, 0x45,
    0x8B, 0x26, 0x6F, 0xF7, 0x79, 0x6E, 0x16, 0x8B, 0x25, 0xA9, 0x15, 0x12, 0x40, 0xCA, 0xEE, 0x5C,
    0xE1, 0x2E, 0xB6, 0x44, 0xED, 0xEE, 0xE9, 0x99, 0x73, 0x4E, 0xE5, 0xD4, 0x43, 0xE6, 0xDD, 0x26,
    0x26, 0x92, 0xE9, 0x7B, 0x75, 0xA9, 0xFF, 0xB7, 0x8A, 0xAE, 0xF3, 0xFF, 0xFF, 0x7E, 0xFF, 0xAE,
    0x7A, 0xEA, 0x39, 0xCF, 0x79, 0x1D, 0x33, 0x31, 0xF1, 0x98, 0x0F, 0xC0, 0xA7, 0x0C, 0x0C, 0x92,
    0x5E, 0xDA, 0xCB, 0x3A, 0x59, 0x90, 0x07, 0x45, 0x50, 0x06, 0x8B, 0xA0, 0x0A, 0xEA, 0x60, 0xD5,
    0x5A, 0x1F, 0x76, 0x96, 0x70, 0x82, 0x07, 0x38, 0x27, 0x99, 0x1A, 0x3F, 0x2C, 0x3A, 0x7D, 0x36,
    0x64, 0x21, 0x1B, 0x8A, 0x36, 0x7B, 0x52, 0xA2, 0xC2, 0x29, 0x31, 0x1E, 0xC5, 0x88, 0x25, 0xD5,
    0x92, 0xB6, 0x6A, 0x72, 0x65, 0x7F, 0x26, 0x9B, 0x5A, 0x3E, 0xC6, 0x31, 0x96, 0x50, 0x4C, 0xBF,
    0x85, 0xF5, 0x17, 0x53, 0x23, 0x1B, 0xE6, 0x82, 0x45, 0xAC, 0x5F, 0xB6, 0x51, 0x4B, 0x23, 0x8F,
    0x4C, 0x0F, 0x6C, 0xA1, 0x0C, 0x50, 0xF4, 0x90, 0x0D, 0x90, 0x8E, 0xC8, 0xA6, 0x69, 0xEA, 0x25,
    0x77, 0x5F, 0xDF, 0x6D, 0x48, 0x46, 0x48, 0x07, 0xC8, 0x3A, 0x28, 0x83, 0x82, 0x8A, 0x63, 0x5E,
    0x48, 0x46, 0xF9, 0x5F, 0xFE, 0xCE, 0xB3, 0xDE, 0x7A, 0x9A, 0xA6, 0x00, 0xA4, 0x8D, 0xB4, 0xC9,
    0xE7, 0xBA, 0xE9, 0x5F, 0xED, 0x1F, 0xCF, 0x82, 0x46, 0x5E, 0x24, 0x03, 0xBD, 0x41, 0x1A, 0x9C,
    0xCB, 0x82, 0xE1, 0x80, 0xA4, 0x93, 0x75, 0x59, 0x90, 0x8E, 0x55, 0xAB, 0x5C, 0x7F, 0xDD, 0x39,
    0x4D, 0x92, 0xC1, 0x73, 0xCE, 0x7D, 0x00, 0xD5, 0xB4, 0x35, 0x6D, 0x6F, 0x4C, 0x5F, 0x5A, 0x7F,
    0x99, 0x4E, 0x54, 0x4C, 0x2C, 0x59, 0x35, 0x06, 0xEA, 0x90, 0x76, 0x54, 0x5D, 0xDE, 0x52, 0xF6,
    0x25, 0x8A, 0x61, 0x89, 0x7C, 0xF3, 0x9C, 0x72, 0xDA, 0x4F, 0x3B, 0x57, 0xEF, 0x4E, 0x7F, 0xF0,
    0xDB, 0x58, 0x83, 0x57, 0xA8, 0xA7, 0x69, 0xDA, 0xF8, 0xFE, 0xDD, 0xDD, 0xDD, 0x4F, 0xB1, 0x85,
    0x24, 0x32, 0xDD, 0x40, 0xB6, 0x85, 0x6A, 0xDF, 0x60, 0x3D, 0xB5, 0x58, 0x5A, 0x3A, 0xF1, 0xC0,
    0x73, 0x83, 0x41, 0x9F, 0x74, 0x69, 0x97, 0xB4, 0x00, 0x5C, 0x55, 0x3A, 0x72, 0xD3, 0x71, 0xBC,
    0xF0, 0xCC, 0x03, 0xE7, 0x06, 0xBC, 0x37, 0x7D, 0xD6, 0xB2, 0xFA, 0xE2, 0xEB, 0xD9, 0x9F, 0x3A,
    0xC8, 0x7B, 0x65, 0xA7, 0x0C, 0xB2, 0x7E, 0x66, 0x12, 0xE9, 0xC0, 0x1E, 0xCA, 0x1D, 0x64, 0x53,
    0x87, 0x7C, 0x9A, 0x1A, 0xAA, 0x7F, 0x3B, 0x8D, 0x9C, 0xBA, 0xB7, 0xE7, 0xA5, 0x64, 0x6A, 0xED,
    0xA8, 0x83, 0x3D, 0x65, 0xB0, 0x6E, 0x66, 0xD6, 0xA3, 0xB2, 0xB5, 0x98, 0x9E, 0x54, 0x8D, 0x74,
    0x9A, 0xBB, 0xAD, 0x9A, 0x36, 0x48, 0xD6, 0x23, 0xE4, 0x5B, 0x27, 0xD8, 0x79, 0x18, 0x79, 0x8A,
    0x0B, 0x55, 0xC3, 0xD6, 0xA2, 0x93, 0x8C, 0xCA, 0x51, 0xDE, 0x2B, 0xA6, 0x4F, 0xEF, 0x35, 0xF2,
    0x3F, 0x9A, 0x36, 0x24, 0xCD, 0xF7, 0xF0, 0x6B, 0xFE, 0x71, 0xFD, 0xA3, 0xED, 0xEA, 0xA7, 0xFB,
    0xBA, 0xD9, 0x5E, 0xF1, 0x01, 0xC4, 0xAC, 0xAF, 0xB1, 0xF8, 0xF9, 0xBD, 0x8E, 0x17, 0x8C, 0xD2,
    0x8E, 0x8F, 0xE5, 0x8D, 0x43, 0x5C, 0x53, 0x6C, 0xD2, 0x70, 0xEC, 0xD1, 0x63, 0xDD, 0xED, 0x64,
    0x28, 0x9D, 0xDF, 0xCF, 0x42, 0xE9, 0x93, 0xFB, 0x79, 0x7B, 0xC5, 0xED, 0xCF, 0x8B, 0xC6, 0x81,
    0xA5, 0x03, 0xEF, 0x97, 0x22, 0x1B, 0x3E, 0xB9, 0x5D, 0xB4, 0x7F, 0xCB, 0xFD, 0xE3, 0xAC, 0xBF,
    0xAF, 0xBF, 0x96, 0x4C, 0x21, 0x09, 0x85, 0x2B, 0xF2, 0x26, 0x0B, 0x1C, 0xF1, 0x22, 0xEE, 0xD5,
    0x93, 0xDF, 0xED, 0xCC, 0x06, 0x21, 0x81, 0xAA, 0x6F, 0x92, 0xBE, 0x0A, 0x79, 0x5B, 0x86, 0x52,
    0xD1, 0x56, 0x87, 0xB8, 0xA3, 0x6C, 0x0E, 0xE1, 0x61, 0x8C, 0x85, 0x3B, 0x6E, 0x39, 0x75, 0xAA,
    0xFC, 0xD1, 0x3A, 0xA4, 0xBB, 0xBF, 0xD3, 0x80, 0x44, 0xA2, 0x68, 0x8E, 0x7C, 0xEC, 0xCC, 0x98,
    0xF6, 0x79, 0x28, 0x9B, 0xF9, 0xCA, 0x87, 0x46, 0x4B, 0x2F, 0x94, 0xEE, 0x38, 0x88, 0x6E, 0x0C,
    0x59, 0x70, 0x66, 0xF0, 0xA1, 0xDB, 0x00, 0xD3, 0x61, 0xBB, 0x7B, 0xF7, 0xEE, 0x3F, 0xC5, 0xCD,
    0xCB, 0xC7, 0x2E, 0xC6, 0xE5, 0x13, 0xFD, 0x2D, 0x7D, 0xBA, 0xF9, 0x4D, 0x9F, 0xA6, 0xDD, 0xDC,
    0xA7, 0x97, 0xF7, 0x74, 0xB7, 0xDD, 0x2E, 0x9A, 0xF3, 0xFB, 0x1E, 0xE4, 0xCD, 0x27, 0xF7, 0x9D,
    0x97, 0x87, 0x0E, 0x19, 0x1E, 0xCD, 0x9C, 0x86, 0x43, 0x87, 0xFC, 0x7C, 0x66, 0xD2, 0x3D, 0x38,
    0xF4, 0x29, 0x0D, 0xCB, 0xB9, 0x4F, 0xDD, 0x1D, 0xFD, 0xB5, 0x72, 0x98, 0x7E, 0x14, 0x8A, 0xAB,
    0x9F, 0xDE, 0xCD, 0xFE, 0x6F, 0x7D, 0x8A, 0x37, 0xF1, 0xF7, 0xEF, 0x42, 0xBE, 0x73, 0xF4, 0x13,
    0x27, 0x79, 0x73, 0x3F, 0x6B, 0xCE, 0x0B, 0x8F, 0x6E, 0xA9, 0x46, 0x09, 0x24, 0x0D, 0x51, 0x9C,
    0x02, 0xCA, 0x6F, 0x70, 0x24, 0x0E, 0x07, 0x43, 0x72, 0xF7, 0xD1, 0xFC, 0xB4, 0x2C, 0x21, 0xE2,
    0x04, 0x1E, 0xC0, 0x73, 0x2E, 0x7D, 0x83, 0xEF, 0x1F, 0x9A, 0x64, 0x35, 0x4D, 0x13, 0x50, 0x6D,
    0x78, 0xFD, 0x4A, 0x16, 0xAA, 0x43, 0x1C, 0x1D, 0xE2, 0x0E, 0xCE, 0x48, 0x7A, 0x8A, 0x86, 0x13,
    0x92, 0x2E, 0xF1, 0xBE, 0x6B, 0x6E, 0xFD, 0xCE, 0x0B, 0xF5, 0xD4, 0x43, 0x32, 0xB5, 0xF9, 0xBF,
    0xE9, 0xCA, 0xB4, 0x3B, 0xCA, 0x42, 0x72, 0x24, 0xDD, 0x4B, 0xFE, 0x76, 0x17, 0x87, 0xD8, 0x5E,
    0x11, 0x9E, 0xAE, 0xAD, 0xBE, 0x64, 0x48, 0x87, 0xBC, 0x5F, 0x34, 0x67, 0x70, 0x27, 0x9D, 0x5A,
    0x8F, 0x92, 0x75, 0x23, 0xDE, 0xE0, 0x5B, 0x15, 0x9B, 0x19, 0xA3, 0x53, 0xC9, 0xE8, 0x8E, 0x74,
    0xF0, 0x68, 0xC6, 0x85, 0xAC, 0x17, 0xB1, 0x95, 0x77, 0xE9, 0x46, 0x3E, 0xBC, 0xBF, 0x57, 0xEC,
    0xFF, 0xFD, 0xA4, 0x9C, 0x7E, 0xDA, 0x28, 0x5B, 0x94, 0x0D, 0x16, 0x50, 0x41, 0x0D, 0xA7, 0x00,
    0x66, 0x7B, 0x4D, 0x36, 0xFD, 0x7C, 0x50, 0x4E, 0x3F, 0xEB, 0x2C, 0xA6, 0x9F, 0x05, 0xF5, 0xF4,
    0x1F, 0x67, 0x7C, 0x16, 0x54, 0xD3, 0xDF, 0x6B, 0x95, 0x53, 0xD6, 0x48, 0xA7, 0xBC, 0xA1, 0x2C,
    0x70, 0xBD, 0xC4, 0xB5, 0xEB, 0xB8, 0x79, 0x0D, 0xC7, 0x37, 0xB1, 0x3C, 0xC6, 0xC9, 0x12, 0xB7,
    0xE3, 0x1D, 0x34, 0xE3, 0xFC, 0x01, 0x86, 0x73, 0xF4, 0x11, 0x03, 0x49, 0xD7, 0x93, 0x84, 0x0E,
    0x0A, 0x75, 0x5B, 0x87, 0xAA, 0xB9, 0xC2, 0xB9, 0xB4, 0x55, 0xEC, 0x5C, 0xBD, 0x47, 0x49, 0xE9,
    0xF7, 0x5F, 0xAA, 0x7A, 0x70, 0x43, 0xB9, 0x75, 0x75, 0x43, 0x1C, 0x4A, 0x2F, 0xDF, 0x50, 0xDD,
    0xBC, 0x67, 0x41, 0x35, 0x5A, 0x6F, 0x59, 0xF4, 0x74, 0x17, 0x32, 0xB5, 0xEB, 0x16, 0xCD, 0x4D,
    0x65, 0xBB, 0x14, 0x23, 0x3E, 0x48, 0xA7, 0x4A, 0xB5, 0x6B, 0x16, 0xCD, 0x47, 0x8A, 0xEE, 0x73,
    0xC9, 0x9E, 0x79, 0x2C, 0xB8, 0x69, 0xA9, 0x68, 0xAE, 0x4B, 0xBB, 0xBC, 0x35, 0x26, 0xBD, 0x3B,
    0x5E, 0xC4, 0xCB, 0x6F, 0x79, 0x38, 0x0F, 0xF4, 0x59, 0x57, 0xB4, 0xA5, 0x5B, 0x96, 0x9E, 0xFB,
    0x3C, 0x09, 0x00, 0x90, 0xBC, 0x80, 0x55, 0x07, 0x8B, 0xC0, 0x6D, 0x59, 0xA0, 0x93, 0xB7, 0xB2,
    0x56, 0xD1, 0xB8, 0x6E, 0xE6, 0x09, 0x25, 0xFD, 0xCC, 0xAC, 0xE5, 0xC8, 0xFB, 0xB8, 0xE5, 0x98,
    0x64, 0xFD, 0xE4, 0x9C, 0x6C, 0xFA, 0xD3, 0x70, 0x86, 0xC2, 0x43, 0x1C, 0x47, 0xDE, 0x37, 0x92,
    0x84, 0xA4, 0x27, 0x97, 0xB7, 0x7C, 0xE8, 0x08, 0x0F, 0x3C, 0xFC, 0x88, 0x2E, 0xE9, 0xCF, 0x64,
    0x4D, 0xD6, 0x3E, 0x70, 0x4D, 0xF9, 0x07, 0xAF, 0x9B, 0xDB, 0x16, 0xD3, 0x14, 0x60, 0x00, 0x3D,
    0x24, 0x1D, 0x68, 0xDE, 0xAA, 0xDA, 0x75, 0x77, 0x50, 0xFB, 0x87, 0xFF, 0x75, 0xA4, 0x28, 0xBD,
    0xE0, 0xF8, 0xC8, 0x73, 0xEE, 0x1F, 0x19, 0x24, 0x41, 0xDA, 0xC9, 0x63, 0x92, 0x0F, 0x39, 0xE6,
    0x01, 0x7D, 0xAC, 0x40, 0xD6, 0xF8, 0xC8, 0x27, 0xD7, 0xF8, 0xCB, 0xDF, 0xEB, 0x6E, 0x4B, 0xA6,
    0xA9, 0x05, 0xE4, 0x7B, 0x38, 0xFA, 0x49, 0xE3, 0xB6, 0x65, 0xD1, 0xE8, 0x9C, 0xC5, 0xC2, 0x57,
    0xCE, 0xA2, 0x9E, 0x8D, 0x13, 0xAE, 0xFC, 0xA4, 0xE9, 0x51, 0x7C, 0xD6, 0xA2, 0xFC, 0x97, 0x50,
    0x1D, 0x93, 0x3E, 0xDD, 0xC5, 0x49, 0xC7, 0xBF, 0xFE, 0x25, 0x77, 0x2F, 0x6B, 0x29, 0x3B, 0x16,
    0x03, 0x45, 0x47, 0x02, 0x80, 0x32, 0x06, 0xB7, 0x70, 0x41, 0x36, 0xB0, 0x08, 0xEC, 0xC9, 0x36,
    0x94, 0x3D, 0x8B, 0x83, 0x8C, 0xBA, 0xCD, 0x86, 0xBA, 0xC9, 0xFA, 0xBA, 0xC9, 0xBB, 0x6A, 0x1E,
    0xE4, 0xBB, 0x95, 0x74, 0x1A, 0xB9, 0x0A, 0x49, 0x1F, 0x39, 0x82, 0x2D, 0xA8, 0x40, 0x1E, 0xBC,
    0xB9, 0xC5, 0xDC, 0xD4, 0x1D, 0xAC, 0x22, 0xFF, 0xBC, 0x47, 0xFA, 0x47, 0x03, 0xB2, 0xCF, 0x66,
    0x16, 0xD9, 0xCC, 0x6B, 0xD9, 0x88, 0x65, 0xBA, 0xC1, 0x83, 0x64, 0x8B, 0x7E, 0x66, 0x12, 0x6C,
    0xA3, 0xA1, 0x1D, 0xC5, 0x34, 0xED, 0xB9, 0xFE, 0xF4, 0xE9, 0xC4, 0x31, 0x2B, 0x1E, 0x44, 0x0E,
    0xD4, 0x4D, 0x12, 0x38, 0xA8, 0x9E, 0x19, 0x16, 0x1B, 0xEF, 0x4D, 0x7D, 0xBD, 0x55, 0x4E, 0x03,
    0x1C, 0x81, 0xD3, 0x4B, 0xB9, 0xB1, 0xA2, 0xA2, 0x79, 0x27, 0xD5, 0xB6, 0x90, 0x8F, 0xB0, 0x9E,
    0x60, 0x57, 0x37, 0x18, 0x16, 0xEF, 0x98, 0x4E, 0xB0, 0x4A, 0x03, 0xFE, 0xFA, 0x0F, 0x03, 0xC9,
    0x9F, 0xFC, 0x8F, 0x96, 0xA4, 0x9B, 0xDE, 0xC5, 0xAE, 0x7E, 0x9E, 0xB6, 0x64, 0x9B, 0xB2, 0x23,
    0xDB, 0x2E, 0x06, 0xD2, 0x78, 0xEE, 0xD3, 0xE4, 0x5D, 0xEC, 0x6A, 0x3E, 0xC2, 0xD1, 0x43, 0x58,
    0x1E, 0xC3, 0x59, 0xE4, 0xF2, 0x0C, 0xAA, 0xFE, 0xDD, 0x52, 0x0B, 0xD3, 0x61, 0x03, 0xAB, 0xAF,
    0x9E, 0xAE, 0x1B, 0xA8, 0x07, 0x45, 0x80, 0xAF, 0x7B, 0x59, 0x40, 0xFA, 0x9F, 0x3B, 0x49, 0x40,
    0xFE, 0xE3, 0x99, 0xB8, 0x56, 0x06, 0xE0, 0x64, 0x11, 0x72, 0x70, 0x5E, 0xB5, 0x47, 0x90, 0x84,
    0x7A, 0xDA, 0x41, 0xD6, 0xD4, 0x4F, 0x2F, 0xE0, 0xBA, 0xDA, 0x31, 0xDC, 0x7A, 0xBA, 0xF6, 0x11,
    0xAC, 0x66, 0xCD, 0xD0, 0xD9, 0x41, 0xF4, 0x02, 0x0A, 0xA2, 0x35, 0x37, 0x25, 0x5B, 0x0A, 0x4E,
    0xA4, 0x5B, 0x3E, 0x66, 0x90, 0x6D, 0x79, 0xE1, 0xC6, 0x68, 0xB1, 0xBF, 0xFB, 0x7B, 0x83, 0x7A,
    0xFB, 0xCD, 0x97, 0xA7, 0x1B, 0x53, 0x4B, 0x32, 0x7D, 0x31, 0x52, 0xF6, 0x5E, 0x52, 0x37, 0x6A,
    0x76, 0x2C, 0xDA, 0x6C, 0xC3, 0x41, 0xE4, 0x30, 0x9F, 0x97, 0x3D, 0x3F, 0xFC, 0xDF, 0xFD, 0x0F,
    0x91, 0x2D, 0xAC, 0x9A, 0x4B, 0xAE, 0xBF, 0x61, 0x62, 0xD5, 0x70, 0x2D, 0x5E, 0x73, 0xAC, 0x0E,
    0xDC, 0xB7, 0xE8, 0x25, 0x41, 0x31, 0x2A, 0x49, 0xA6, 0xA7, 0x9B, 0x58, 0xBC, 0x41, 0x1A, 0xA0,
    0xD8, 0x21, 0x4E, 0x2C, 0x50, 0x5E, 0xF2, 0xF7, 0x5F, 0x42, 0xD5, 0x83, 0x52, 0x64, 0x80, 0xFC,
    0x72, 0x40, 0x8E, 0x2E, 0xF1, 0xC6, 0x64, 0x69, 0x6A, 0x2C, 0x0E, 0xFF, 0x2F, 0xAD, 0x7C, 0x90,
    0x87, 0x99, 0x69, 0xA7, 0xE8, 0x39, 0xB0, 0x13, 0xD3, 0x88, 0xCC, 0xB0, 0x08, 0x25, 0xAA, 0x69,
    0x3F, 0xF3, 0xE9, 0x4B, 0xD4, 0x3E, 0xFC, 0x86, 0x2B, 0xF0, 0x18, 0xBC, 0x44, 0x63, 0x47, 0x16,
    0x6C, 0x29, 0x24, 0xB1, 0xC9, 0xE9, 0x4E, 0xB2, 0x71, 0x63, 0x7A, 0xFA, 0x6C, 0x88, 0xC5, 0x3B,
    0x30, 0x40, 0x3A, 0x5C, 0xCA, 0x5D, 0xB4, 0x70, 0xF6, 0x4E, 0xAA, 0x7D, 0x0F, 0x54, 0x01, 0xD9,
    0xB4, 0x41, 0xF1, 0x3F, 0xB7, 0x33, 0xDB, 0xE7, 0xEF, 0x94, 0xCE, 0xF7, 0x9A, 0x1F, 0xC4, 0xD4,
    0x6B, 0x54, 0xDD, 0x14, 0x8B, 0xAD, 0x90, 0xB8, 0xF2, 0x2E, 0xE9, 0x5C, 0xA2, 0xC6, 0xA2, 0x25,
    0xEF, 0xF1, 0x1C, 0x80, 0x7A, 0x0A, 0xAA, 0x7D, 0x23, 0xDF, 0x90, 0x0F, 0x31, 0xA2, 0xB6, 0xB2,
    0x8B, 0xBA, 0x62, 0x2C, 0x02, 0x55, 0x4B, 0xDD, 0x50, 0x8B, 0x61, 0x85, 0x57, 0xD8, 0x61, 0x1B,
    0x43, 0xBA, 0x65, 0x31, 0xB5, 0x56, 0x53, 0x10, 0x55, 0x29, 0x42, 0x2C, 0xEA, 0x14, 0xC3, 0xAF,
    0xA0, 0xE6, 0x0F, 0xB0, 0xA6, 0x98, 0x7A, 0xD5, 0x1F, 0x0F, 0x6E, 0xA5, 0xFD, 0x2F, 0xB5, 0xDE,
    0x0F, 0xFD, 0x23, 0xAB, 0xDF, 0xDC, 0x5A, 0xFD, 0x74, 0xA7, 0x4E, 0xB6, 0xAE, 0xF8, 0xE0, 0x97,
    0x59, 0xEF, 0x80, 0x7D, 0x43, 0xF5, 0xFA, 0xD9, 0x48, 0x31, 0x24, 0xFB, 0x98, 0xB9, 0x6E, 0xC5,
    0xA5, 0x15, 0x45, 0xAF, 0x88, 0x27, 0xF9, 0xA0, 0x0C, 0x22, 0x65, 0x83, 0x45, 0x3C, 0xAF, 0xDA,
    0x03, 0xCB, 0x69, 0x1A, 0x8B, 0xE1, 0xEA, 0xEA, 0xEE, 0xA7, 0x65, 0xAF, 0x8E, 0x42, 0x56, 0x54,
    0xC1, 0xAB, 0x28, 0x64, 0x17, 0xCB, 0x6F, 0x25, 0x71, 0x2F, 0xE2, 0x58, 0xBD, 0x9A, 0xAD, 0x7C,
    0xB1, 0x9B, 0x8B, 0x4F, 0x4F, 0xDE, 0x9C, 0x55, 0x0C, 0x70, 0xA7, 0x1F, 0xE0, 0xF9, 0x3F, 0xEB,
    0xE1, 0xBC, 0x0E, 0xE0, 0x0A, 0x00, 0xF5, 0xC0, 0xB4, 0x55, 0x8D, 0xAC, 0xC6, 0x39, 0xA3, 0xB2,
    0x95, 0xEF, 0x29, 0x29, 0x26, 0xF1, 0xB0, 0x6A, 0x5D, 0xA7, 0x5C, 0x04, 0x37, 0x29, 0xCB, 0xC1,
    0xC7, 0x1C, 0xE5, 0xA3, 0x25, 0x1F, 0x67, 0x5B, 0x4B, 0x8E, 0xED, 0x9C, 0xB0, 0xB4, 0x76, 0xC6,
    0x52, 0xDD, 0x3E, 0xE7, 0x2C, 0x8A, 0xF0, 0x40, 0x39, 0x0C, 0x9C, 0xCB, 0xC7, 0x9E, 0x41, 0xBA,
    0x8B, 0x07, 0x53, 0x27, 0xE9, 0x59, 0xC7, 0x2E, 0xA8, 0x83, 0xEA, 0x35, 0x8B, 0xD6, 0x6A, 0x1F,
    0x35, 0x70, 0x04, 0x16, 0x0D, 0x94, 0x01, 0xD2, 0x01, 0x3C, 0xF4, 0xE6, 0xE6, 0xC6, 0xBE, 0x21,
    0xD9, 0xC7, 0x57, 0x53, 0x67, 0xCF, 0x29, 0x75, 0x23, 0xBE, 0x94, 0xB2, 0x81, 0xB2, 0x2F, 0x3A,
    0x8A, 0xA1, 0x0C, 0x33, 0xAB, 0x96, 0x7C, 0xA8, 0x9B, 0x4B, 0xAE, 0x50, 0x0C, 0x91, 0xFD, 0xCC,
    0xB2, 0x5B, 0x35, 0x2C, 0x42, 0xDD, 0x50, 0x35, 0x75, 0xCB, 0xA9, 0x45, 0x60, 0xAB, 0xE8, 0x65,
    0x83, 0x6C, 0x33, 0x0B, 0xB5, 0x7E, 0xBA, 0x43, 0x11, 0x1B, 0x2F, 0x9A, 0x21, 0xEB, 0x2F, 0xE5,
    0x56, 0xE0, 0xC5, 0x3B, 0xA9, 0xF6, 0xD7, 0xC0, 0xAA, 0x41, 0xFE, 0xF5, 0x88, 0xF2, 0xBF, 0x6C,
    0x66, 0x36, 0xC3, 0xBB, 0xA5, 0x13, 0x64, 0xE3, 0x31, 0xCA, 0x87, 0x33, 0x8F, 0xAE, 0x3F, 0xC4,
    0xCD, 0x62, 0xC0, 0x15, 0xCD, 0x3B, 0xA5, 0xF6, 0x7D, 0x1F, 0xA1, 0x0E, 0xFB, 0xC8, 0x09, 0x8B,
    0xF6, 0x25, 0xAE, 0xFA, 0xE0, 0x1D, 0xD2, 0x99, 0xB6, 0xD2, 0x36, 0xAE, 0x54, 0x19, 0xD5, 0x3C,
    0xB4, 0xA1, 0xCA, 0x7B, 0xCA, 0x7F, 0xD7, 0x92, 0xED, 0x90, 0x8E, 0x28, 0xB6, 0xA8, 0x4F, 0xB1,
    0x29, 0x1B, 0x79, 0x1F, 0x97, 0xE8, 0xE3, 0x42, 0x95, 0x8D, 0xDB, 0x7C, 0x02, 0x59, 0x03, 0x05,
    0x28, 0xE1, 0xC6, 0x14, 0x0D, 0xAE, 0xA3, 0xC1, 0x65, 0x34, 0x78, 0x12, 0x0D, 0x9E, 0x47, 0x83,
    0x43, 0xD9, 0x15, 0x5D, 0xD2, 0xCD, 0x06, 0xD3, 0x30, 0x1B, 0xCC, 0xDA, 0xD9, 0x5A, 0xDE, 0xCC,
    0x2C, 0xA3, 0xC1, 0xEB, 0xD1, 0xE0, 0x71, 0x34, 0xB8, 0x8C, 0x06, 0x1F, 0x44, 0x83, 0xE7, 0xAA,
    0xA6, 0x6A, 0xFB, 0xD9, 0xE0, 0xCF, 0x3A, 0x5B, 0xC5, 0x9F, 0xCD, 0x09, 0xD3, 0xA9, 0x8D, 0x06,
    0x7F, 0xB1, 0x43, 0x39, 0x1B, 0x74, 0x04, 0xAE, 0x00, 0x67, 0xE0, 0x11, 0xA8, 0x41, 0x11, 0x20,
    0x19, 0xBC, 0xB1, 0x2D, 0xA6, 0x21, 0x9D, 0xC6, 0x1B, 0xD3, 0x93, 0x64, 0xDD, 0xA7, 0x3B, 0x6A,
    0x71, 0x52, 0x2C, 0xDD, 0xB0, 0x94, 0x8D, 0x91, 0xC3, 0xCC, 0x7C, 0xE0, 0x2C, 0xF2, 0xB9, 0xA2,
    0xE7, 0x5C, 0xD9, 0x31, 0x28, 0xC3, 0xCC, 0x45, 0x90, 0xF4, 0x33, 0xD3, 0x4E, 0xD5, 0x4A, 0x83,
    0xBA, 0x95, 0x1D, 0xD8, 0xC8, 0x1B, 0x55, 0xAB, 0x64, 0x11, 0x7C, 0x4C, 0xD9, 0x7B, 0x41, 0xB6,
    0xFF, 0xA2, 0xC3, 0xBD, 0xD7, 0x40, 0xDE, 0x42, 0x19, 0x59, 0x83, 0x0B, 0x48, 0xFB, 0x77, 0x52,
    0xED, 0x6F, 0x40, 0xB2, 0x83, 0xC5, 0x5F, 0x74, 0xA8, 0x7F, 0xDC, 0xE3, 0x4E, 0x16, 0xDE, 0x29,
    0x9D, 0x1F, 0xF9, 0x1C, 0xEB, 0x6C, 0x83, 0x29, 0xDB, 0xE2, 0x71, 0x3A, 0xE2, 0x7B, 0x9A, 0x77,
    0x4A, 0xA7, 0xB4, 0x83, 0x3C, 0xB2, 0x0C, 0x70, 0x0A, 0x46, 0x6F, 0x6C, 0xF5, 0xB4, 0x49, 0xA6,
    0x4D, 0x35, 0xF5, 0xD6, 0x7D, 0x36, 0x71, 0x2A, 0xD9, 0x73, 0xC6, 0xC4, 0xC0, 0xAA, 0xC9, 0x02,
    0x75, 0x28, 0xB0, 0xE8, 0x6E, 0xA2, 0x1C, 0xCE, 0x90, 0x0F, 0x03, 0xB2, 0xAF, 0x03, 0x92, 0x09,
    0xEC, 0xC1, 0x96, 0xFF, 0xE3, 0xCF, 0x4D, 0xE3, 0x25, 0x8B, 0xC8, 0x7B, 0x7B, 0x98, 0x26, 0x58,
    0x4D, 0x2D, 0xAA, 0xD7, 0x62, 0xE6, 0x4B, 0x16, 0xD3, 0xD4, 0x51, 0xFC, 0xFC, 0x77, 0x37, 0x94,
    0x9D, 0x1D, 0x65, 0xB0, 0x8E, 0xB6, 0x57, 0x2C, 0xDA, 0x99, 0x55, 0x7B, 0x39, 0xA9, 0x89, 0xAD,
    0xB6, 0x92, 0xCF, 0xCA, 0x93, 0x55, 0xCB, 0x7A, 0x7A, 0x8D, 0xFD, 0xDD, 0x37, 0x45, 0xC9, 0x22,
    0xAB, 0xA9, 0x89, 0xC5, 0x03, 0x48, 0xA7, 0x8E, 0xEA, 0xE9, 0x96, 0x0B, 0x8F, 0x25, 0x83, 0x53,
    0x59, 0xEF, 0x54, 0xDE, 0x79, 0xA8, 0x08, 0xC9, 0xA8, 0x0C, 0x8B, 0xF6, 0x80, 0x91, 0xF2, 0x9F,
    0x77, 0x2C, 0x7E, 0x34, 0x52, 0x59, 0xB5, 0x6A, 0xC5, 0xA8, 0x66, 0xEB, 0x94, 0x53, 0x8F, 0x66,
    0x5C, 0xCC, 0xD8, 0x72, 0xC7, 0x9C, 0x31, 0xD9, 0xDC, 0x4E, 0xC6, 0x1B, 0x63, 0xFD, 0xAC, 0xAB,
    0x87, 0x38, 0x27, 0x42, 0xD9, 0x52, 0x74, 0x24, 0x23, 0x96, 0x00, 0xE4, 0xFB, 0xC4, 0xE3, 0x2F,
    0xFE, 0x38, 0x1D, 0x92, 0x7D, 0x11, 0xEC, 0xCA, 0xD6, 0x45, 0xC5, 0xC5, 0x9C, 0xBF, 0x66, 0x73,
    0xCA, 0x38, 0xEB, 0xAB, 0xA5, 0x87, 0xC8, 0x86, 0xAA, 0x2D, 0xC7, 0xE2, 0xAB, 0xFF, 0xB0, 0x4B,
    0xA6, 0x7F, 0xD0, 0x00, 0x06, 0xB2, 0x21, 0x26, 0xB7, 0x68, 0x38, 0x7B, 0x8B, 0xB9, 0xAF, 0x62,
    0xD5, 0xC6, 0x37, 0x7D, 0xF9, 0x67, 0x1B, 0x65, 0x33, 0xBE, 0x25, 0xCD, 0xA4, 0xE3, 0x87, 0x8A,
    0x7F, 0x72, 0xD3, 0xF5, 0xEB, 0x4B, 0xD7, 0xF3, 0x11, 0xCD, 0x5B, 0xC9, 0xFD, 0x9E, 0x8F, 0xA8,
    0xC2, 0x9E, 0xBA, 0x9B, 0x58, 0x84, 0x57, 0x24, 0xBE, 0x77, 0xD9, 0x11, 0x73, 0x7A, 0x73, 0x7E,
    0x73, 0x01, 0x73, 0x05, 0x73, 0x09, 0x73, 0x8D, 0x19, 0x1B, 0x73, 0x15, 0x73, 0x19, 0x73, 0x1D,
    0x73, 0x21, 0x73, 0x25, 0x73, 0x29, 0x6F, 0xF8, 0x40, 0x15, 0xF8, 0xAB, 0x5E, 0xD2, 0x0D, 0xD2,
    0xD0, 0x4B, 0xFE, 0x34, 0x30, 0x35, 0xF0, 0x16, 0x1C, 0xC5, 0xCF, 0x2F, 0x36, 0x51, 0xF5, 0x57,
    0xEB, 0x59, 0xF7, 0x14, 0x16, 0x6D, 0x11, 0x4C, 0xCA, 0x50, 0xB6, 0xF6, 0xCA, 0xB6, 0x62, 0xAB,
    0x8A, 0xFA, 0xDF, 0x1B, 0xE3, 0xE1, 0x31, 0xA7, 0x4C, 0x9D, 0xD9, 0xC5, 0x16, 0xB5, 0x34, 0x1E,
    0x64, 0x7B, 0xD9, 0xEC, 0x65, 0x6A, 0x6E, 0xCE, 0x6E, 0xA6, 0x5F, 0x8C, 0xB3, 0x9F, 0xDF, 0x9C,
    0x5A, 0x00, 0xEF, 0xED, 0xA9, 0x9F, 0x75, 0xC9, 0x98, 0x0D, 0x59, 0x97, 0x8E, 0x65, 0x48, 0xC7,
    0x45, 0x93, 0xA8, 0x50, 0xE3, 0x34, 0x06, 0x35, 0x2A, 0x49, 0x28, 0x43, 0x2E, 0xFF, 0xEA, 0x82,
    0xF5, 0x13, 0x4E, 0x30, 0x05, 0xFE, 0x61, 0x8F, 0x81, 0xA4, 0x57, 0x7E, 0x11, 0x62, 0x4A, 0x67,
    0xB8, 0x40, 0x8D, 0x32, 0xBC, 0xF9, 0x22, 0x2D, 0x76, 0xBC, 0x5A, 0x87, 0xB4, 0x2F, 0xBA, 0x22,
    0xE4, 0x7D, 0xD9, 0x64, 0x5D, 0xA5, 0x68, 0x4F, 0x93, 0x9D, 0xD3, 0xAA, 0x55, 0x7F, 0x49, 0x8D,
    0x58, 0xB3, 0xF1, 0x37, 0x6A, 0x76, 0x28, 0x1A, 0xCA, 0x96, 0x1A, 0x5B, 0xB2, 0xEE, 0x2D, 0xE5,
    0xFD, 0x75, 0x92, 0x1D, 0xD5, 0x14, 0xAC, 0x7E, 0xDC, 0x39, 0xC9, 0xC3, 0x77, 0xCE, 0xF9, 0x91,
    0x27, 0xF6, 0xD9, 0x68, 0xCA, 0x37, 0x5E, 0x66, 0xA3, 0x0F, 0x34, 0xDF, 0x35, 0x67, 0x16, 0x64,
    0xBD, 0x74, 0xE4, 0x11, 0x45, 0x03, 0x09, 0x39, 0x2B, 0xD9, 0x3E, 0x1A, 0x78, 0xC9, 0x05, 0x5B,
    0x36, 0x8C, 0x92, 0x51, 0x3A, 0xCC, 0x7B, 0x36, 0xB8, 0xB7, 0x37, 0x4D, 0x58, 0xB2, 0x9D, 0x53,
    0xE4, 0x9D, 0x23, 0xFF, 0x3F, 0x19, 0x92, 0xD6, 0xA2, 0x4F, 0xF6, 0xBB, 0x6C, 0x33, 0xA5, 0xDD,
    0x9D, 0xFF, 0xD7, 0x8F, 0x27, 0xED, 0xFB, 0x8A, 0xA1, 0x0A, 0xC5, 0x58, 0x87, 0x6C, 0x58, 0xB4,
    0x9A, 0xAB, 0x24, 0xC8, 0xB1, 0x32, 0xA7, 0x89, 0x79, 0xBC, 0xC4, 0x05, 0xB6, 0xD8, 0x60, 0x24,
    0x19, 0x49, 0x87, 0x18, 0xB2, 0xC1, 0x9C, 0x31, 0x2A, 0xF2, 0xDB, 0x09, 0xEB, 0x7F, 0xD1, 0xC8,
    0x77, 0x98, 0x13, 0xFC, 0x45, 0x2B, 0xFF, 0xAD, 0x40, 0x16, 0xAF, 0xC6, 0x46, 0xBE, 0xDB, 0x7A,
    0xBC, 0xDE, 0xA6, 0x5D, 0xB1, 0xCD, 0xDB, 0x6C, 0x5B, 0x4A, 0xB6, 0x15, 0xDB, 0xD3, 0xCB, 0xD8,
    0xD4, 0x0C, 0xB5, 0xA4, 0xAF, 0xDA, 0x2C, 0x94, 0x5D, 0x71, 0x79, 0xAB, 0x03, 0xAB, 0x2C, 0xF0,
    0xD7, 0x9F, 0x05, 0xE9, 0x9F, 0xFC, 0xB7, 0x56, 0xDA, 0x4D, 0xF0, 0x01, 0x20, 0xFD, 0xFB, 0x1B,
    0xC9, 0xFA, 0xEF, 0xAE, 0x65, 0xFB, 0xB0, 0x68, 0xAD, 0x95, 0xAD, 0xC7, 0x33, 0x2E, 0x2C, 0x9A,
    0x03, 0x2A, 0x36, 0x11, 0x4E, 0x25, 0xA3, 0xD3, 0xBF, 0xF9, 0x6B, 0xEE, 0x60, 0xEB, 0xDE, 0x2E,
    0x9F, 0xDA, 0x69, 0x5A, 0x4C, 0xC1, 0xF1, 0xB7, 0x2C, 0xF6, 0xE4, 0x7B, 0x07, 0x17, 0x21, 0xED,
    0xCA, 0xE1, 0xE0, 0x62, 0x2C, 0xA5, 0x9B, 0x5B, 0xDF, 0xE6, 0xA2, 0x2F, 0x9A, 0x7C, 0x1F, 0x5D,
    0x7C, 0xCB, 0x82, 0xCE, 0x77, 0xCD, 0xFB, 0xE6, 0xA2, 0x8D, 0xA3, 0xB4, 0xFF, 0xEE, 0x39, 0x51,
    0x0C, 0x27, 0x8E, 0x9E, 0x9F, 0x58, 0xDE, 0x79, 0x6E, 0x59, 0xF6, 0x24, 0xDF, 0x59, 0xEB, 0x9B,
    0x0B, 0x3E, 0xE2, 0x82, 0xCF, 0x77, 0xD7, 0x7A, 0x05, 0x5E, 0xC1, 0xD4, 0x44, 0xE0, 0x8E, 0x37,
    0x37, 0xEA, 0x69, 0x9A, 0xC2, 0xFC, 0xB7, 0x05, 0x0D, 0x00, 0x92, 0x16, 0x45, 0x8F, 0x72, 0x9C,
    0x31, 0x20, 0x0B, 0x00, 0xC9, 0xF4, 0xD3, 0x60, 0xF1, 0xEC, 0x6B, 0x9E, 0x67, 0x5B, 0x49, 0x6F,
    0x27, 0x0B, 0xD9, 0xA4, 0x68, 0xCB, 0x95, 0xB2, 0x5D, 0xD6, 0x07, 0x0C, 0x07, 0x7C, 0xD6, 0x9E,
    0x2A, 0xFF, 0x93, 0xA5, 0x72, 0xE3, 0x4C, 0x31, 0x18, 0xE4, 0x9B, 0xB4, 0x73, 0x34, 0x3D, 0xE3,
    0xA4, 0xFA, 0x12, 0x4B, 0x9C, 0xA2, 0x6A, 0x28, 0x02, 0x86, 0x4B, 0x61, 0x43, 0xB9, 0xAD, 0x86,
    0x62, 0x9B, 0xF5, 0xB6, 0x59, 0x67, 0x93, 0x77, 0xC6, 0x22, 0x24, 0x87, 0x48, 0x87, 0xB2, 0x9D,
    0x23, 0xEB, 0x17, 0xCD, 0x21, 0xE4, 0x5D, 0xA5, 0xEC, 0xAA, 0xA6, 0x1E, 0xCB, 0x5F, 0xFC, 0xF7,
    0x4D, 0xBA, 0xFF, 0x01, 0x44, 0xC5, 0x94, 0x21, 0x26, 0xF7, 0x92, 0xA4, 0x7F, 0x8B, 0xB9, 0x7F,
    0x83, 0x64, 0x1F, 0xBF, 0x3A, 0xA8, 0xFF, 0x55, 0xEF, 0x4E, 0x16, 0xDE, 0x4A, 0xDE, 0x1F, 0xF8,
    0x3C, 0x4E, 0xF6, 0xA7, 0x6C, 0x6B, 0x95, 0x6E, 0x7C, 0x4F, 0xF3, 0x76, 0xF4, 0x1A, 0x90, 0xCE,
    0xC8, 0x7B, 0x94, 0x2D, 0x96, 0x6F, 0x7E, 0x2D, 0x4B, 0xA6, 0x50, 0xEE, 0x92, 0x57, 0x4D, 0x36,
    0x38, 0x73, 0xC0, 0x20, 0x19, 0xD3, 0xC0, 0x26, 0x6B, 0xD9, 0x96, 0x78, 0x79, 0x8C, 0xC7, 0xB7,
    0xA3, 0xA0, 0x19, 0x01, 0x8B, 0x06, 0x47, 0xB0, 0x84, 0x11, 0x49, 0x8F, 0x2C, 0xA0, 0x7C, 0xF3,
    0x1F, 0x7F, 0x1D, 0x00, 0x37, 0x51, 0x6C, 0x91, 0xCE, 0x10, 0xB1, 0x41, 0x32, 0x46, 0xA1, 0xC8,
    0x86, 0x75, 0x2B, 0xFB, 0xF3, 0x67, 0xA3, 0x6C, 0x4C, 0xB7, 0xF2, 0xCE, 0x4E, 0x11, 0xBC, 0x9A,
    0x31, 0x8F, 0x61, 0x33, 0x1A, 0x8F, 0x2C, 0xB8, 0x50, 0xB1, 0x55, 0x49, 0x46, 0xF5, 0x6C, 0xA0,
    0x0E, 0x65, 0xF0, 0xE8, 0xAB, 0x57, 0x3C, 0xAC, 0xBE, 0xE4, 0x02, 0x36, 0x11, 0x48, 0x67, 0xC4,
    0xD5, 0x8C, 0x7A, 0x6A, 0xF1, 0x5E, 0xF3, 0x43, 0x16, 0xDD, 0x8A, 0x45, 0xBF, 0x6E, 0x94, 0xA1,
    0x26, 0x71, 0xE5, 0x57, 0xDC, 0x97, 0xFF, 0x05, 0xD5, 0xDB, 0x01, 0xA4, 0x26, 0x69, 0xBE, 0xDF,
    0xF1, 0x4F, 0x55, 0xCD, 0x74, 0xED, 0xDD, 0x32, 0x53, 0x8D, 0xB9, 0x32, 0x37, 0x73, 0x77, 0xDE,
    0xC1, 0x62, 0xD1, 0xBD, 0x15, 0x5C, 0x4C, 0xE2, 0xF4, 0xA9, 0xDA, 0x84, 0x5C, 0xB2, 0xD8, 0xC1,
    0xF6, 0x06, 0x17, 0x3B, 0x08, 0x88, 0x30, 0x8B, 0x41, 0xBB, 0xBA, 0xCF, 0x5B, 0xB9, 0x17, 0x97,
    0x2C, 0x72, 0x82, 0x85, 0x20, 0x77, 0x00, 0xCC, 0xA2, 0x1B, 0x1D, 0x46, 0x72, 0xBA, 0xDF, 0xBA,
    0x1B, 0xB2, 0xB8, 0x48, 0x6D, 0xD6, 0x82, 0xE0, 0x96, 0x64, 0x04, 0xB3, 0x48, 0xDD, 0xA8, 0x2B,
    0x35, 0x93, 0x7A, 0xDF, 0x27, 0x5D, 0x0F, 0x73, 0xFA, 0x4C, 0x6F, 0xBB, 0xB3, 0x9B, 0xEE, 0x19,
    0x67, 0x4B, 0x3D, 0xBF, 0x2A, 0xE7, 0x2D, 0xA7, 0x7E, 0xBF, 0x6F, 0x3D, 0x6F, 0x3D, 0xFF, 0x7A,
    0xDE, 0xF7, 0x05, 0x10, 0x02, 0xDC, 0xBC, 0x09, 0xC0, 0xA6, 0x83, 0xBA, 0x87, 0x6D, 0xD4, 0x5F,
    0x0E, 0x48, 0x7F, 0x3A, 0x22, 0xFB, 0xD3, 0x55, 0x8B, 0x6C, 0xD5, 0x97, 0xB2, 0x09, 0x47, 0xE9,
    0x8C, 0x77, 0x93, 0x05, 0xC3, 0xAA, 0x49, 0x67, 0x21, 0x6B, 0xED, 0x29, 0x42, 0x38, 0xF0, 0xF2,
    0xFB, 0xEF, 0x07, 0xAE, 0xB1, 0xE5, 0xDD, 0xA8, 0x23, 0x75, 0x93, 0x74, 0xD4, 0x6D, 0xB6, 0x6A,
    0xB7, 0x99, 0x5D, 0x09, 0x43, 0xBD, 0x28, 0xC3, 0x08, 0x8A, 0x30, 0x79, 0xF1, 0xE6, 0x5B, 0x20,
    0x3F, 0x24, 0x4E, 0x7E, 0xFC, 0x97, 0xE9, 0x98, 0x1C, 0x8A, 0xCE, 0xBE, 0x6C, 0x9D, 0x55, 0x9C,
    0xD5, 0x2C, 0x35, 0xF3, 0x31, 0xD3, 0x89, 0x64, 0xAC, 0xA5, 0x63, 0x2D, 0x1B, 0xAB, 0xB6, 0x9C,
    0x8A, 0x4F, 0xFE, 0xE3, 0x3E, 0x09, 0xFF, 0xA4, 0x01, 0xBC, 0x9D, 0x36, 0x98, 0x8A, 0x55, 0xEF,
    0x54, 0x50, 0xCD, 0x90, 0x34, 0x97, 0x29, 0x77, 0xDA, 0x7C, 0x43, 0xDE, 0xDE, 0x96, 0xFD, 0x6C,
    0x94, 0x84, 0x8E, 0x57, 0x3C, 0x6B, 0xFE, 0x4B, 0x93, 0x0D, 0xD5, 0x29, 0x4C, 0x90, 0x0C, 0x90,
    0xF5, 0x8F, 0x35, 0x99, 0xFE, 0x05, 0xEC, 0x26, 0x78, 0xF1, 0xFF, 0x27, 0xF3, 0x1C, 0x33, 0x87,
    0xEF, 0x4C, 0x1C, 0xE3, 0x16, 0xEE, 0x13, 0xDB, 0x9D, 0xD7, 0xA8, 0xF6, 0x24, 0x0D, 0xD2, 0x1E,
    0xF2, 0xA8, 0x65, 0x07, 0xC7, 0x60, 0xF2, 0xC4, 0xF2, 0x5A, 0x68, 0x49, 0xC2, 0x8F, 0x27, 0xCA,
    0xC1, 0x83, 0x35, 0x9E, 0x9A, 0x3D, 0x9B, 0x36, 0x9B, 0xD9, 0x74, 0xF9, 0xB8, 0xEE, 0x97, 0x03,
    0xBF, 0xF7, 0x29, 0xE2, 0x2E, 0x6A, 0x0B, 0xDB, 0xE6, 0xB1, 0xEE, 0xCE, 0x35, 0x89, 0x7F, 0x79,
    0x29, 0x1E, 0x73, 0x2D, 0x1E, 0xFF, 0x03, 0x9B, 0x41, 0xD2, 0x29, 0x26, 0x25, 0x49, 0x78, 0x7F,
    0x8E, 0x27, 0x6F, 0x44, 0xB3, 0xD1, 0x6A, 0x34, 0x7A, 0xFC, 0x59, 0x93, 0x57, 0x0E, 0xD4, 0x77,
    0xFB, 0x64, 0xCA, 0xC6, 0xAC, 0x4F, 0xA7, 0xB2, 0x4B, 0xA7, 0x4D, 0x93, 0xA8, 0x50, 0xE3, 0x38,
    0x36, 0x6A, 0x54, 0x92, 0xAE, 0xEC, 0x72, 0xF9, 0x27, 0x67, 0xEC, 0x4E, 0xE1, 0x2B, 0xCE, 0x6D,
    0x15, 0x61, 0xC0, 0x26, 0xF6, 0x85, 0xD7, 0x93, 0xE1, 0x32, 0xE5, 0x8F, 0x36, 0x77, 0x4D, 0xB4,
    0xB8, 0x1A, 0x7C, 0x3D, 0x1D, 0x9E, 0x43, 0xF6, 0x6F, 0x80, 0x1D, 0x08, 0xE0, 0x04, 0xBC, 0xE2,
    0x32, 0x65, 0x8F, 0x36, 0x77, 0x08, 0x38, 0x89, 0xF6, 0x9E, 0x3D, 0x7B, 0xD1, 0xDE, 0x47, 0xF9,
    0x3F, 0x66, 0x22, 0x54, 0x1C, 0xC0, 0xD7, 0x2F, 0x5F, 0xEF, 0x8F, 0x66, 0xCB, 0x9F, 0xCF, 0xD1,
    0xA8, 0xC3, 0x05, 0x93, 0xCF, 0x4C, 0xA1, 0x89, 0x14, 0x7E, 0x3E, 0x9D, 0x53, 0x48, 0x0E, 0xE0,
    0x0D, 0x9F, 0x5D, 0xB6, 0xE1, 0xD0, 0x50, 0x7D, 0x7C, 0x77, 0xA2, 0x18, 0x93, 0x03, 0xF9, 0xA8,
    0x6E, 0x15, 0x83, 0xB2, 0x57, 0xF4, 0xE2, 0x8E, 0x7C, 0x54, 0x76, 0xAB, 0x6E, 0x3A, 0xD9, 0x23,
    0x6D, 0xD7, 0xFD, 0x2A, 0x6A, 0xDD, 0x28, 0x1E, 0x69, 0x84, 0xB8, 0xA5, 0xEC, 0x9C, 0x50, 0x75,
    0x1E, 0x46, 0xA0, 0x7B, 0x1E, 0xB2, 0x48, 0xE2, 0x5A, 0x8C, 0xB2, 0xC5, 0xB6, 0x53, 0x1D, 0x7E,
    0xBC, 0x67, 0x1B, 0xC2, 0x29, 0x70, 0x15, 0x92, 0x1E, 0xAA, 0x0E, 0x76, 0x51, 0x37, 0x7F, 0xD2,
    0xA1, 0xFC, 0x61, 0x87, 0xCD, 0xB7, 0xDB, 0x55, 0x4B, 0xF2, 0x43, 0xF5, 0x12, 0x27, 0x77, 0x03,
    0x69, 0xB4, 0x5C, 0x74, 0xF6, 0xAC, 0x77, 0x50, 0x2A, 0xAB, 0xD6, 0x2C, 0x51, 0x67, 0x8E, 0x99,
    0x58, 0xEF, 0xA5, 0xD4, 0xD2, 0xA8, 0xD9, 0xC8, 0x3A, 0x8A, 0xB0, 0xDE, 0x53, 0x49, 0xC2, 0xBF,
    0x6A, 0x3E, 0x97, 0x49, 0x3E, 0x28, 0x23, 0x90, 0x8B, 0x4C, 0xA2, 0x46, 0x26, 0xDD, 0x39, 0x93,
    0x32, 0x84, 0xA9, 0x18, 0x5F, 0xDC, 0xDE, 0x7C, 0xAB, 0x1C, 0x22, 0x99, 0xCE, 0xF6, 0x37, 0x67,
    0x02, 0xDE, 0x42, 0xDA, 0x23, 0x62, 0x89, 0x54, 0x36, 0x51, 0x5A, 0xB2, 0xB0, 0x90, 0xBC, 0xF3,
    0x5D, 0x54, 0x91, 0xCA, 0x0A, 0xE5, 0xB0, 0x32, 0xD9, 0x47, 0x24, 0x91, 0x48, 0x04, 0x12, 0x49,
    0x44, 0x89, 0x34, 0x22, 0x8C, 0xC8, 0x22, 0xA2, 0x58, 0x49, 0xCC, 0x11, 0xC4, 0x67, 0x39, 0x80,
    0x22, 0xCC, 0x48, 0x62, 0xA1, 0x82, 0x68, 0x30, 0x34, 0x36, 0x9F, 0xBC, 0xBF, 0x5B, 0xA3, 0xCA,
    0x63, 0xEC, 0x34, 0x72, 0x11, 0x7B, 0x8C, 0x18, 0x38, 0x6A, 0x16, 0xED, 0x96, 0xA8, 0xC2, 0x61,
    0xD5, 0xF7, 0x1F, 0xA0, 0xF6, 0xFB, 0xE7, 0xBA, 0x05, 0x27, 0xE0, 0x01, 0x22, 0x9D, 0xAC, 0xB3,
    0x50, 0x48, 0x16, 0xAE, 0x4B, 0xF7, 0x92, 0xD9, 0x6B, 0xE1, 0xFD, 0xBB, 0x63, 0x3C, 0x79, 0x0F,
    0xD4, 0xA1, 0xF3, 0xBB, 0x37, 0x81, 0x62, 0x45, 0xBA, 0xEB, 0xD2, 0xA1, 0xE8, 0x8B, 0x2E, 0x1F,
    0xCA, 0x26, 0xEB, 0x2B, 0x45, 0x7B, 0x9C, 0xEC, 0x1D, 0x57, 0xAD, 0xFA, 0x43, 0x6A, 0x62, 0xAB,
    0x1A, 0x17, 0xDE, 0x2B, 0x3D, 0xD2, 0xE6, 0x55, 0xE4, 0xDD, 0x11, 0xB2, 0x9F, 0x4D, 0x48, 0x42,
    0x0F, 0x2F, 0xB8, 0x4C, 0x99, 0x5F, 0x75, 0xEA, 0x28, 0xED, 0x55, 0x45, 0xAB, 0x38, 0xA0, 0x79,
    0x0E, 0xD9, 0x7D, 0x15, 0xD4, 0x6D, 0xD4, 0x4E, 0x3C, 0xE8, 0xF2, 0x65, 0xF7, 0x36, 0xE9, 0x42,
    0xB6, 0x17, 0x0F, 0x72, 0xF5, 0xD9, 0xB3, 0x5F, 0xA2, 0x74, 0xF6, 0x90, 0xF5, 0x50, 0x34, 0x50,
    0xBA, 0xA0, 0xFF, 0xE6, 0x3D, 0x64, 0xA1, 0x85, 0xAB, 0xCF, 0x90, 0x3A, 0xF4, 0x92, 0x8F, 0xAD,
    0x19, 0x95, 0x78, 0x9D, 0xD8, 0xCA, 0x6F, 0x75, 0xF2, 0xD0, 0x70, 0x55, 0x74, 0x71, 0x84, 0xFC,
    0xAF, 0xF7, 0xC8, 0xC2, 0x0C, 0xDB, 0xF3, 0x42, 0x05, 0x2E, 0x11, 0xB9, 0x58, 0x2D, 0xD5, 0xFF,
    0x7A, 0x50, 0x85, 0x56, 0x3A, 0xE3, 0x14, 0x9E, 0x47, 0xDF, 0x88, 0x69, 0xC5, 0xE4, 0x45, 0x18,
    0xCF, 0xC7, 0xD2, 0x32, 0x19, 0x2F, 0xD4, 0x0F, 0xA7, 0xB1, 0x7E, 0x58, 0xC4, 0xA1, 0x2F, 0x1E,
    0x5D, 0x35, 0xBF, 0x52, 0x3F, 0x34, 0xE5, 0x80, 0xA7, 0xD7, 0x0F, 0x75, 0xE8, 0x1F, 0xE9, 0xDF,
    0x09, 0xCD, 0xAE, 0xE1, 0x10, 0x4F, 0xB7, 0x17, 0x55, 0xDD, 0xAE, 0xB1, 0xEB, 0x4E, 0x3A, 0x29,
    0x07, 0xD9, 0x20, 0x9F, 0x6C, 0xDA, 0xB5, 0x7E, 0x58, 0x10, 0x8B, 0x17, 0x92, 0x55, 0x8B, 0x11,
    0xBB, 0x03, 0xE9, 0xB2, 0x23, 0x1D, 0xAE, 0x03, 0xEC, 0x4E, 0xEF, 0x29, 0x3E, 0x9A, 0x46, 0x95,
    0x6D, 0xE7, 0x8E, 0x63, 0x16, 0xB5, 0x64, 0x12, 0xE5, 0x64, 0x95, 0x85, 0x39, 0x99, 0x39, 0x29,
    0x06, 0xE9, 0x5F, 0x85, 0x46, 0xAE, 0xA1, 0xE8, 0x91, 0x85, 0xD0, 0xAC, 0x32, 0x78, 0x59, 0x3E,
    0x3A, 0x92, 0xAC, 0x92, 0x8E, 0x8E, 0xE5, 0xBD, 0xCD, 0x47, 0xBB, 0x46, 0x1A, 0x3E, 0x84, 0x2B,
    0xBE, 0x7E, 0x5E, 0x74, 0xE4, 0xFF, 0x75, 0x44, 0x1A, 0xFD, 0x79, 0xC5, 0xA5, 0xC2, 0xF5, 0xDE,
    0x15, 0x8C, 0x25, 0xE6, 0x3B, 0xD8, 0x4E, 0x48, 0x7C, 0xE9, 0xB8, 0xFC, 0x1E, 0xD8, 0x82, 0x35,
    0x0B, 0x35, 0x78, 0xE1, 0x72, 0xE1, 0x4A, 0x57, 0x2D, 0x07, 0x94, 0xA3, 0x98, 0xF2, 0xCB, 0xC7,
    0x75, 0x49, 0x50, 0x00, 0x0D, 0x64, 0x43, 0xD4, 0x11, 0xD2, 0x31, 0x6A, 0x0F, 0x85, 0x5F, 0x59,
    0x7E, 0x80, 0xAC, 0x43, 0x19, 0x49, 0x76, 0x88, 0x92, 0x7E, 0xF9, 0x10, 0x79, 0x1B, 0x64, 0x33,
    0xD8, 0xAE, 0x20, 0x38, 0x44, 0x4E, 0xEE, 0x17, 0x17, 0xAB, 0xDF, 0x2E, 0x0F, 0x8B, 0xEA, 0xD0,
    0x5C, 0x09, 0x1F, 0x2A, 0x26, 0x76, 0x8D, 0x7C, 0x64, 0x47, 0x31, 0xF0, 0x50, 0x3C, 0xF5, 0x9E,
    0xB2, 0x67, 0x89, 0x89, 0x92, 0x85, 0x4D, 0xDC, 0xA8, 0xE2, 0x9D, 0x58, 0x15, 0x42, 0x98, 0xA8,
    0x7F, 0x74, 0xF3, 0x9F, 0x8E, 0xD4, 0x22, 0xAF, 0x2D, 0xF9, 0x28, 0xFE, 0x87, 0x81, 0x07, 0x94,
    0x3D, 0x7B, 0xCA, 0xEE, 0x89, 0x7F, 0x94, 0x2D, 0xD4, 0x9D, 0x2A, 0x34, 0xAB, 0xFB, 0x6D, 0xE8,
    0x62, 0x15, 0xEA, 0x15, 0x24, 0x07, 0x6C, 0xFE, 0x57, 0x2F, 0xDE, 0xF8, 0xDD, 0xC8, 0x7A, 0xCE,
    0xF3, 0xAD, 0xA1, 0xD9, 0x76, 0x88, 0x52, 0x3E, 0x66, 0xDF, 0x60, 0x03, 0x55, 0xF1, 0x31, 0xF5,
    0x1F, 0xEF, 0xA8, 0xBB, 0xB2, 0x55, 0x7B, 0x24, 0x77, 0x56, 0x39, 0xB3, 0x69, 0x9C, 0xA9, 0x98,
    0x57, 0x99, 0x1C, 0x4B, 0x56, 0x49, 0x47, 0x77, 0x56, 0xB9, 0x2D, 0x1B, 0x2D, 0xDE, 0x39, 0x14,
    0xA1, 0x0D, 0x61, 0x13, 0xBA, 0x5F, 0x07, 0x55, 0x39, 0xB0, 0x97, 0x84, 0x75, 0xE9, 0x7D, 0xFF,
    0x17, 0x37, 0xBF, 0xB7, 0x6F, 0xBE, 0x0C, 0x54, 0x57, 0x91, 0x0C, 0xD8, 0xF4, 0xD8, 0x75, 0xA8,
    0xCE, 0x89, 0x84, 0xD0, 0xF2, 0xCE, 0x8F, 0x7E, 0x3D, 0x22, 0x8B, 0xA7, 0x13, 0xC9, 0x9E, 0x46,
    0x04, 0x8A, 0xF1, 0x4D, 0xAF, 0xDF, 0x7F, 0xD3, 0xD1, 0x8D, 0xFB, 0x8E, 0xCA, 0x81, 0xE4, 0xBC,
    0x60, 0x5F, 0x51, 0xC9, 0xE7, 0x98, 0x2D, 0xB6, 0x62, 0x10, 0x93, 0x95, 0x9D, 0xD8, 0x36, 0x5D,
    0xC4, 0xA2, 0x6E, 0xA8, 0x89, 0x6D, 0x8B, 0x87, 0xD8, 0x63, 0x11, 0x5B, 0xBA, 0x66, 0x0F, 0xED,
    0x1A, 0x17, 0x78, 0x98, 0x37, 0xE9, 0x2F, 0xF3, 0x26, 0xFB, 0x4F, 0xFF, 0x45, 0xF6, 0x2F, 0xF7,
    0x62, 0xFE, 0x04, 0x39, 0xB6, 0x64, 0x07, 0x92, 0x3D, 0x1E, 0xE0, 0x0C, 0x0B, 0x66, 0x4C, 0xD6,
    0x44, 0xD2, 0x31, 0xB6, 0x48, 0xFE, 0x9D, 0x03, 0x21, 0x00, 0x36, 0x61, 0xF0, 0xE2, 0xCD, 0xE6,
    0x0B, 0xF6, 0x9F, 0x86, 0xBD, 0x9B, 0xDF, 0x95, 0x90, 0xB3, 0x95, 0x1D, 0xA2, 0xD9, 0x07, 0x9C,
    0xB1, 0x30, 0x33, 0x49, 0x26, 0xE9, 0xB8, 0xAE, 0xD9, 0xB8, 0x5A, 0x0C, 0x81, 0xAF, 0x7A, 0x5B,
    0x69, 0x54, 0xFE, 0x59, 0x2F, 0x8B, 0x05, 0xDC, 0x17, 0x0B, 0xFA, 0xF4, 0xAB, 0x92, 0x61, 0xC3,
    0x74, 0x9B, 0xED, 0xC8, 0x8B, 0x9E, 0x1D, 0xF2, 0x17, 0xE5, 0xF5, 0xD0, 0xC8, 0x7A, 0x8A, 0x96,
    0x92, 0xD8, 0x8A, 0x9F, 0xBD, 0x27, 0x96, 0x25, 0xAF, 0x20, 0x6D, 0x94, 0xBD, 0xCD, 0xB0, 0x6A,
    0xE2, 0x37, 0x45, 0x9F, 0x7D, 0xAC, 0x6C, 0x5C, 0xE7, 0x28, 0xAE, 0xD5, 0x3F, 0x6E, 0x8B, 0x03,
    0x0D, 0xBE, 0x81, 0x03, 0x42, 0xF4, 0xF7, 0x85, 0x5F, 0x92, 0xDF, 0xCC, 0x77, 0xF4, 0x51, 0x86,
    0x69, 0xB5, 0x92, 0x86, 0xD3, 0xE8, 0x26, 0x88, 0x66, 0xF6, 0xE2, 0x66, 0x11, 0x6D, 0x2D, 0x22,
    0x97, 0x75, 0xD3, 0x49, 0xE7, 0xB8, 0xC9, 0x26, 0xE2, 0xEC, 0x0F, 0x55, 0x1B, 0x37, 0x75, 0x23,
    0x5F, 0x37, 0x14, 0x03, 0xB5, 0x98, 0x66, 0x2B, 0x86, 0x79, 0x28, 0x6E, 0xF6, 0xEE, 0xAD, 0xB1,
    0x96, 0x7C, 0x58, 0x93, 0x2D, 0x65, 0x5F, 0xAF, 0x01, 0x8A, 0xFE, 0x64, 0xCD, 0xF0, 0xA7, 0x7F,
    0x33, 0x5B, 0x63, 0xEC, 0x4E, 0x91, 0x36, 0x69, 0xAB, 0xEC, 0xCB, 0xD1, 0x66, 0x28, 0x47, 0x65,
    0x9F, 0x0F, 0x12, 0x49, 0x23, 0xA1, 0x91, 0xCB, 0x1B, 0xDB, 0x18, 0x34, 0x0D, 0x6B, 0xD4, 0x1D,
    0x0F, 0x1C, 0x73, 0xE6, 0x0E, 0x8B, 0xDB, 0xCC, 0xCE, 0x98, 0x2C, 0x6B, 0xEC, 0x79, 0x4D, 0xBD,
    0xA6, 0x4F, 0xD6, 0xF0, 0xE9, 0x1A, 0x3F, 0x1B, 0x85, 0x90, 0x0D, 0xC8, 0x7A, 0xDE, 0xC8, 0x3B,
    0xC6, 0xB2, 0x65, 0x2A, 0x71, 0x72, 0x86, 0xCD, 0x00, 0xBE, 0xFE, 0xD9, 0x41, 0xE6, 0x3B, 0x71,
    0x90, 0xE9, 0x00, 0xBB, 0xD0, 0xB1, 0xD9, 0xA3, 0x18, 0xC5, 0xDC, 0x31, 0xF5, 0xA7, 0xD2, 0x89,
    0x8C, 0x22, 0x21, 0xAA, 0x06, 0x75, 0x14, 0xD8, 0xC2, 0xC3, 0x73, 0xD9, 0x53, 0x58, 0xA8, 0x93,
    0x85, 0x87, 0xE9, 0xC4, 0x49, 0x64, 0xFB, 0xFD, 0x8E, 0x62, 0x7F, 0x61, 0x48, 0x9B, 0x11, 0x87,
    0xEB, 0x38, 0x58, 0xDF, 0x2F, 0x1B, 0x34, 0x48, 0xCF, 0x6F, 0xEA, 0xA1, 0x45, 0x3C, 0x51, 0x05,
    0x51, 0x6A, 0x38, 0x86, 0x1B, 0x70, 0x07, 0xCE, 0x60, 0x81, 0x19, 0x26, 0x24, 0xAB, 0xA4, 0x23,
    0xBF, 0x9F, 0x0D, 0x1C, 0x65, 0x1D, 0x47, 0x45, 0x4B, 0x75, 0x17, 0xC5, 0x44, 0xBC, 0x42, 0x75,
    0xB0, 0xF6, 0x99, 0xCD, 0xC7, 0xE4, 0x93, 0xA2, 0x23, 0x1F, 0x55, 0x22, 0x80, 0x39, 0x6E, 0x22,
    0xD9, 0xB2, 0x8F, 0xE6, 0xCA, 0xEE, 0x06, 0x6C, 0xFE, 0x62, 0x8A, 0x9B, 0x3F, 0x8B, 0x9B, 0xEA,
    0xCF, 0x17, 0xA8, 0xE7, 0x7D, 0xDC, 0x0C, 0x5B, 0xD8, 0x36, 0x75, 0x8B, 0x13, 0x11, 0xDA, 0x43,
    0xE5, 0x80, 0xBD, 0x7C, 0xC4, 0x22, 0x9B, 0x89, 0x73, 0x64, 0x64, 0x0B, 0x07, 0xAA, 0xD0, 0xAC,
    0xC5, 0x60, 0x74, 0xD4, 0x03, 0xF0, 0x02, 0xE7, 0x19, 0xD9, 0x71, 0x9E, 0x9D, 0x23, 0x60, 0x70,
    0x71, 0xB9, 0x0A, 0x03, 0x8A, 0xA7, 0x8C, 0x8E, 0x65, 0x8B, 0xCD, 0xE3, 0x7A, 0x21, 0x09, 0xA3,
    0xDA, 0xF6, 0xD4, 0xB1, 0x5B, 0xDC, 0x48, 0x7B, 0xEE, 0x94, 0x38, 0xBB, 0x85, 0xFD, 0x88, 0xB0,
    0x60, 0xDE, 0x92, 0x4C, 0x55, 0x2B, 0x1D, 0x8B, 0x5E, 0x36, 0x66, 0xA3, 0x2C, 0x8E, 0x8E, 0x1F,
    0x5F, 0x09, 0x4D, 0x38, 0x94, 0xA1, 0x01, 0x40, 0xDE, 0x8B, 0xF0, 0xC8, 0xA2, 0x74, 0x78, 0x19,
    0x20, 0x0B, 0x53, 0x18, 0xD3, 0x30, 0x6C, 0x4F, 0xD5, 0x8E, 0x38, 0x4E, 0x06, 0xEE, 0x14, 0x0D,
    0x67, 0x47, 0x2E, 0x9E, 0x72, 0x39, 0x21, 0x99, 0x36, 0x7F, 0xEB, 0x29, 0xB3, 0x0E, 0x45, 0x87,
    0x4D, 0x8B, 0x3B, 0x48, 0x2E, 0xC2, 0xB0, 0xD2, 0xA4, 0xFA, 0xB8, 0xA1, 0x18, 0x91, 0x9F, 0x77,
    0xEC, 0xE2, 0x29, 0x1D, 0x7B, 0xD3, 0xA2, 0x6A, 0x7F, 0xB5, 0x63, 0x9F, 0xC0, 0x43, 0x5E, 0xB4,
    0xE7, 0x25, 0x0B, 0x6F, 0xAE, 0xD7, 0x6E, 0xCC, 0x16, 0x45, 0x5F, 0x85, 0x7F, 0x1B, 0xDA, 0xF5,
    0x99, 0x1D, 0x79, 0x23, 0x22, 0xAE, 0xB1, 0x90, 0xF6, 0x17, 0xAE, 0xC9, 0x7B, 0xE2, 0x49, 0xB7,
    0x1D, 0x55, 0x47, 0xB9, 0xB6, 0x96, 0xB2, 0x61, 0x83, 0x8B, 0x73, 0xDF, 0x37, 0x70, 0xFB, 0x37,
    0x18, 0x68, 0xBE, 0xE4, 0x94, 0xA0, 0x21, 0x1A, 0x91, 0x4D, 0x48, 0x46, 0xC4, 0xB8, 0x45, 0xC3,
    0xE3, 0xD4, 0xEF, 0x29, 0xFA, 0x35, 0x72, 0xD5, 0x29, 0xBB, 0x35, 0x6F, 0xD9, 0xD8, 0x50, 0x51,
    0x73, 0x1C, 0x93, 0xDE, 0xFE, 0xBC, 0xFB, 0x3A, 0x49, 0x44, 0xB5, 0xE9, 0xE2, 0xFF, 0xE0, 0x1A,
    0x9E, 0x9A, 0xFA, 0xFA, 0x9A, 0xFA, 0x86, 0xA2, 0x77, 0x7B, 0x4D, 0x7D, 0x5F, 0xD9, 0x19, 0x9E,
    0x57, 0xEA, 0x27, 0xAF, 0xE1, 0x4F, 0x7A, 0xE5, 0x4F, 0x3B, 0xE5, 0x0F, 0x5B, 0xE5, 0xB7, 0xD9,
    0xBC, 0xF4, 0x65, 0x5D, 0xC3, 0xB4, 0x13, 0x3F, 0xB8, 0xA9, 0xDA, 0x72, 0x54, 0x37, 0x79, 0xAF,
    0x96, 0x3C, 0x6B, 0x9A, 0xCF, 0xEB, 0x91, 0x49, 0xEF, 0x76, 0x31, 0x3A, 0x2B, 0x26, 0x4B, 0x36,
    0x98, 0x35, 0xCF, 0x9C, 0xE6, 0x3F, 0x63, 0x13, 0xAC, 0xC7, 0x91, 0x87, 0x36, 0xDE, 0x02, 0x79,
    0xF5, 0xF3, 0xAE, 0x8D, 0xA7, 0xA6, 0x79, 0x4F, 0xDE, 0xDB, 0xF6, 0x17, 0x7A, 0x5A, 0x6B, 0xD3,
    0xD8, 0xDC, 0x53, 0x8F, 0x69, 0x68, 0xEB, 0x83, 0xE3, 0x07, 0xAE, 0x3E, 0xD1, 0xD9, 0x2E, 0xF4,
    0xB4, 0x5D, 0xE0, 0x71, 0xF7, 0xDD, 0xC4, 0x8D, 0x1A, 0x58, 0x40, 0xD6, 0x7B, 0x72, 0xA9, 0x47,
    0xC2, 0xA2, 0x9A, 0xD8, 0x4E, 0xB2, 0x25, 0x02, 0xCC, 0x0F, 0x94, 0x14, 0x41, 0xDC, 0x6C, 0x5B,
    0x2F, 0x53, 0x6E, 0x3A, 0x5F, 0xA3, 0x2C, 0x47, 0xD7, 0x79, 0x3D, 0x9F, 0x1C, 0x71, 0x3D, 0x5B,
    0x1C, 0x71, 0xCD, 0xDE, 0x9B, 0x1C, 0xD9, 0xB9, 0xC5, 0x91, 0xBA, 0xBD, 0xCF, 0x2D, 0x9B, 0x6E,
    0xE4, 0x5D, 0xE5, 0x38, 0x72, 0x4F, 0x3E, 0x0D, 0x8C, 0xD2, 0x7D, 0xDC, 0x08, 0xBD, 0x64, 0x60,
    0xD7, 0x45, 0xEE, 0x75, 0x17, 0x21, 0x6E, 0x5A, 0xDB, 0x43, 0xF4, 0x80, 0xEB, 0xE7, 0x04, 0x17,
    0xE2, 0x51, 0xCA, 0xC6, 0x85, 0x25, 0xFD, 0xC3, 0x59, 0xB2, 0xFB, 0x07, 0x3B, 0xD9, 0xA1, 0xDB,
    0xB4, 0x76, 0xCA, 0xD6, 0xC9, 0x53, 0x1E, 0x16, 0xE7, 0x27, 0x1F, 0x16, 0xCF, 0x64, 0xF1, 0x4E,
    0xBC, 0xCF, 0x3F, 0x7D, 0x34, 0xBA, 0xCC, 0x1C, 0x80, 0x04, 0xCE, 0xFF, 0x54, 0x76, 0xA0, 0xE8,
    0x2E, 0x5E, 0xF3, 0x6B, 0xE0, 0x0B, 0x22, 0xF4, 0xE4, 0xF0, 0x38, 0x3E, 0x7D, 0x78, 0x14, 0xE7,
    0x7D, 0x89, 0x33, 0x00, 0x50, 0x85, 0x16, 0xB2, 0x19, 0x38, 0xFD, 0x6D, 0xEA, 0x82, 0xB7, 0x8A,
    0x96, 0x43, 0xDD, 0xB2, 0x3B, 0xA0, 0x1C, 0x90, 0x7E, 0x51, 0x5D, 0xB0, 0x89, 0x40, 0x91, 0x47,
    0xB4, 0xE3, 0x67, 0xD1, 0x26, 0x3F, 0x39, 0xF0, 0xCE, 0xBF, 0xBB, 0xDB, 0x25, 0xE1, 0xBD, 0xA2,
    0x53, 0xB7, 0xF1, 0xAE, 0x59, 0x74, 0x51, 0x1C, 0x2B, 0xBB, 0x38, 0x2B, 0xE0, 0x76, 0x3C, 0xAF,
    0x0D, 0x4B, 0x3C, 0xAF, 0x5A, 0x3A, 0xDB, 0x7A, 0xED, 0xF0, 0x0F, 0xC3, 0x69, 0x1D, 0x7E, 0x18,
    0xC6, 0x67, 0x06, 0x9E, 0x3E, 0x09, 0xFC, 0xDD, 0xE7, 0x06, 0x9C, 0xB2, 0x81, 0x66, 0x23, 0xC6,
    0x3F, 0x86, 0xBC, 0xBB, 0x0D, 0xD9, 0x27, 0x13, 0xD8, 0xB5, 0x9F, 0x85, 0xFF, 0xC7, 0x3B, 0x59,
    0x88, 0xF0, 0x9F, 0x3A, 0x59, 0x54, 0x47, 0x79, 0x0A, 0xFC, 0x33, 0xEF, 0xEC, 0x2D, 0x42, 0x30,
    0x23, 0x99, 0x78, 0x21, 0x1D, 0x39, 0x8A, 0xA5, 0x76, 0xDE, 0x51, 0xDD, 0x6D, 0x28, 0x66, 0x00,
    0xCA, 0x30, 0x72, 0xFE, 0xB5, 0x30, 0x78, 0xED, 0xD0, 0x90, 0x1C, 0xE2, 0xB7, 0x14, 0x7A, 0x07,
    0x8E, 0xA9, 0x1B, 0x71, 0xDA, 0x33, 0x1B, 0x29, 0x87, 0xA2, 0xA7, 0x18, 0xCB, 0x6E, 0xD5, 0xAA,
    0x25, 0x1F, 0xEB, 0xE6, 0xB1, 0x6E, 0x51, 0x8C, 0x51, 0x87, 0x55, 0xCB, 0x7E, 0xDB, 0xB0, 0xE9,
    0xEA, 0x86, 0x2A, 0x96, 0xDF, 0xC7, 0xE2, 0x23, 0x9A, 0x62, 0x90, 0x8D, 0xB2, 0x79, 0xC5, 0x65,
    0xF7, 0xFE, 0x1E, 0x45, 0x38, 0x7D, 0xCA, 0x44, 0x48, 0x7E, 0xE0, 0x64, 0xD7, 0xA5, 0x7D, 0x39,
    0xE6, 0x6D, 0x36, 0x95, 0xD2, 0xF9, 0x9B, 0x2C, 0xC7, 0x8F, 0xDB, 0x5C, 0x33, 0xD6, 0x92, 0xA1,
    0x6A, 0xB3, 0xAE, 0x1C, 0x8A, 0x26, 0x3F, 0xC4, 0x6F, 0x26, 0x5C, 0xF8, 0xA8, 0xE0, 0x83, 0xA7,
    0x7F, 0x54, 0x70, 0x59, 0x32, 0x3F, 0x65, 0x6E, 0xE5, 0xD9, 0xB3, 0xBB, 0xFA, 0x02, 0x4C, 0xC7,
    0x48, 0xC6, 0x1B, 0x51, 0x8F, 0x90, 0x76, 0xEF, 0x22, 0x6B, 0xDF, 0x03, 0x97, 0x8A, 0x83, 0xB7,
    0x5E, 0x90, 0x8E, 0xB7, 0x65, 0xC3, 0x99, 0xAC, 0xBB, 0x2F, 0x6B, 0x47, 0xB9, 0x0E, 0xCF, 0x81,
    0xC7, 0x6B, 0x61, 0x5D, 0x3A, 0xC9, 0xE1, 0x6E, 0x38, 0xBC, 0x7F, 0xB7, 0x57, 0xB4, 0xC2, 0x2C,
    0x1D, 0x62, 0xD0, 0x89, 0x31, 0x66, 0x9D, 0xB8, 0x17, 0xE3, 0x8E, 0xC8, 0xFB, 0xB8, 0x43, 0x0C,
    0x3D, 0xA4, 0xAD, 0x98, 0xBB, 0xCF, 0x5B, 0x31, 0x74, 0x08, 0x8D, 0xB8, 0xF3, 0xD1, 0x8E, 0x35,
    0x6E, 0xD1, 0x15, 0x44, 0x06, 0xED, 0x57, 0x89, 0x18, 0x1A, 0xF1, 0xA5, 0xB8, 0xA3, 0x6E, 0xA9,
    0xD0, 0xD4, 0x1D, 0x35, 0xC9, 0xB0, 0xE9, 0x08, 0x64, 0x5D, 0x39, 0x4A, 0x0F, 0x94, 0x11, 0x4C,
    0xE0, 0xCE, 0xCA, 0x26, 0x84, 0x8F, 0xEE, 0xCE, 0x14, 0xD1, 0xFB, 0x18, 0x09, 0xBC, 0x33, 0xAC,
    0x10, 0x7E, 0xF2, 0xC9, 0x5E, 0xDA, 0x97, 0xA1, 0xA9, 0xE5, 0x6D, 0xB6, 0x57, 0x35, 0xA5, 0x74,
    0x51, 0x35, 0xDF, 0x64, 0xB6, 0x75, 0xCC, 0x94, 0xC7, 0x68, 0xE3, 0x03, 0x8E, 0x09, 0x2D, 0x35,
    0x13, 0x6A, 0xC9, 0x8C, 0xAA, 0xCD, 0x16, 0x5F, 0x5D, 0xAF, 0xEB, 0x43, 0xDF, 0xF0, 0x08, 0x54,
    0xF5, 0xD1, 0xB0, 0xB2, 0xBA, 0x72, 0x68, 0x20, 0xEB, 0xA0, 0x88, 0x5A, 0x35, 0x70, 0x07, 0x92,
    0xE1, 0x57, 0x3F, 0x9A, 0x1D, 0xA8, 0x3E, 0xFE, 0xA3, 0x3D, 0xC5, 0xB8, 0x46, 0x8D, 0xDF, 0xDC,
    0x51, 0x0C, 0xCA, 0x47, 0xDA, 0x2B, 0xE3, 0x1A, 0x1F, 0x16, 0x54, 0xDD, 0xBA, 0x53, 0x37, 0x36,
    0x6D, 0xB2, 0xA7, 0x6A, 0xBF, 0x3F, 0x52, 0xAF, 0x18, 0xD5, 0x37, 0x57, 0x4A, 0x5B, 0x55, 0x27,
    0x3E, 0xA3, 0x8B, 0x8F, 0xE8, 0xEC, 0x15, 0x23, 0x8B, 0x6C, 0x92, 0x2C, 0xD2, 0x59, 0xF6, 0x48,
    0x17, 0xF1, 0xE9, 0xBC, 0xDD, 0x86, 0xEE, 0xD1, 0x4A, 0xD6, 0x45, 0xAB, 0xD1, 0xE8, 0x9D, 0x0B,
    0x26, 0x1B, 0xD2, 0x6F, 0x4F, 0x8F, 0x6E, 0xAA, 0x4B, 0x16, 0xBA, 0xDB, 0x76, 0xCE, 0x9C, 0x18,
    0x9C, 0x11, 0xDB, 0x1C, 0x9B, 0xA7, 0x57, 0xCD, 0x97, 0x25, 0xDB, 0xC5, 0xE5, 0x36, 0x78, 0x08,
    0x8E, 0xC1, 0x11, 0x18, 0xE0, 0xF9, 0x64, 0x46, 0x82, 0xB2, 0x15, 0x8D, 0x96, 0x6B, 0xBB, 0x58,
    0x8C, 0x29, 0x9B, 0xF1, 0xFC, 0x0B, 0x8E, 0x65, 0x18, 0xB0, 0xC6, 0xC5, 0x1B, 0x97, 0xAF, 0x67,
    0xAC, 0x66, 0x57, 0xAB, 0xD1, 0x68, 0xB4, 0xF9, 0xC6, 0xF3, 0xA2, 0x94, 0x75, 0x50, 0x5E, 0x78,
    0x7F, 0x3C, 0x78, 0xEA, 0xFB, 0xC3, 0x3B, 0x1F, 0x5F, 0x23, 0xFB, 0xE4, 0xEE, 0x9E, 0x4D, 0x97,
    0xEE, 0xA9, 0x79, 0xC8, 0x09, 0x15, 0x7B, 0x4A, 0x0E, 0xE4, 0xE7, 0x1F, 0xCE, 0x4E, 0xB0, 0x09,
    0xA7, 0x48, 0xC3, 0x01, 0x36, 0xA1, 0x87, 0xED, 0x0C, 0xF9, 0xE2, 0x4D, 0xEC, 0x1D, 0xE1, 0x81,
    0x1A, 0x67, 0x36, 0x2D, 0x8B, 0x72, 0x90, 0x8E, 0xCA, 0x59, 0xD1, 0xCB, 0xC3, 0x47, 0x3B, 0xB2,
    0x9F, 0x84, 0x81, 0xF3, 0xF7, 0x47, 0x3C, 0xEE, 0xE4, 0xB3, 0x26, 0xAB, 0xB9, 0x4B, 0x3E, 0xB9,
    0xDB, 0x67, 0x5D, 0x36, 0xE4, 0x9D, 0x31, 0xEF, 0xBC, 0x91, 0x4D, 0x24, 0xE1, 0x43, 0x2B, 0x4A,
    0x76, 0xFD, 0x5B, 0xF2, 0xF1, 0x9E, 0x74, 0x3C, 0x92, 0x0D, 0x75, 0x93, 0x77, 0xD5, 0x27, 0x3B,
    0x2F, 0x6D, 0x3F, 0x84, 0xAF, 0x43, 0x72, 0x20, 0x4E, 0x61, 0x9E, 0x97, 0xC9, 0x37, 0xB2, 0xEE,
    0x52, 0xE5, 0x7F, 0x15, 0xBB, 0xD8, 0x5D, 0x55, 0x7F, 0x39, 0xFA, 0x66, 0xDA, 0x3F, 0x7B, 0xF6,
    0xCB, 0x90, 0x2B, 0x4A, 0x16, 0x20, 0xF9, 0x7E, 0x0B, 0x11, 0xBC, 0xBC, 0xC5, 0x37, 0xEF, 0xC2,
    0x6B, 0xF3, 0xB3, 0x26, 0xFD, 0x1A, 0xB6, 0x03, 0xDF, 0x1B, 0x71, 0x1F, 0xA3, 0xEC, 0x97, 0xBD,
    0xF4, 0xD0, 0xA0, 0x4C, 0x46, 0x54, 0x3F, 0x1D, 0xCF, 0x7B, 0xC0, 0x8A, 0x02, 0x6F, 0x5F, 0xC2,
    0xF7, 0x41, 0xD9, 0xDC, 0xB3, 0xF9, 0xE9, 0xF4, 0xAB, 0x77, 0x83, 0x67, 0x23, 0x94, 0xC5, 0xCA,
    0xA2, 0x38, 0xFC, 0xF9, 0xFF, 0xDC, 0xF5, 0x9B, 0xA6, 0xEC, 0xF2, 0xE1, 0xB6, 0xB2, 0x33, 0xDE,
    0xB3, 0xE9, 0xDC, 0xA3, 0x6A, 0xA1, 0x6E, 0xA2, 0x7A, 0xAC, 0x5B, 0xF0, 0x10, 0xEC, 0x2F, 0xE8,
    0x02, 0x49, 0xD4, 0x74, 0x7E, 0xAC, 0xD9, 0x14, 0x75, 0xF4, 0x78, 0xB6, 0xFC, 0x00, 0x21, 0xC0,
    0xCB, 0xA0, 0x1E, 0xE1, 0x77, 0x67, 0x70, 0x04, 0x6E, 0x21, 0xFD, 0x68, 0x44, 0xB2, 0x6B, 0x21,
    0xA5, 0xE0, 0x98, 0x1B, 0xDC, 0x51, 0x86, 0x7D, 0xB1, 0xFF, 0xEE, 0x93, 0x93, 0x7D, 0xC3, 0xBA,
    0xE6, 0xBD, 0xBC, 0x53, 0x74, 0xCA, 0xBF, 0xE8, 0xCA, 0xD0, 0x64, 0x93, 0xB4, 0x55, 0x2E, 0x5E,
    0xDC, 0x52, 0xF2, 0xB2, 0xFF, 0x70, 0xA6, 0x1A, 0x70, 0x3D, 0xED, 0x51, 0x7F, 0xA7, 0x3F, 0x7F,
    0x40, 0xCE, 0x67, 0xD0, 0xBA, 0xB8, 0x5C, 0x0E, 0x50, 0xD2, 0xDE, 0x9A, 0xEB, 0x2B, 0x79, 0xEB,
    0x5A, 0xC1, 0xFC, 0xD2, 0xF9, 0x44, 0x60, 0x1D, 0x26, 0xD5, 0xDF, 0xBC, 0xB5, 0x66, 0x97, 0xF5,
    0xE4, 0x3D, 0x45, 0x17, 0x9B, 0xB2, 0x8D, 0xCD, 0xE6, 0xE2, 0x6C, 0x5C, 0x4E, 0xBD, 0xA7, 0xEC,
    0x3F, 0x27, 0xDB, 0x0F, 0x9E, 0x96, 0x6D, 0x2B, 0x7A, 0x0A, 0xB8, 0x79, 0xB8, 0x79, 0x31, 0xD5,
    0xD3, 0xB3, 0x4D, 0x9F, 0x9F, 0xED, 0x2B, 0x5C, 0xF3, 0xE9, 0xB5, 0x5C, 0xE3, 0x3C, 0x4A, 0xB3,
    0x5E, 0xCB, 0x7E, 0x8D, 0x52, 0xF4, 0x76, 0xA1, 0xDB, 0xFC, 0xA2, 0x29, 0x5B, 0x9B, 0xF3, 0x69,
    0xDF, 0x2B, 0xEA, 0x7D, 0x0C, 0x00, 0xD6, 0x2C, 0xF7, 0x70, 0x63, 0x5C, 0xF5, 0xD6, 0xDF, 0x1F,
    0xF1, 0x6E, 0xD5, 0xE1, 0x6A, 0x02, 0xB0, 0x09, 0x63, 0x1A, 0xA6, 0xD7, 0xC2, 0x69, 0xB2, 0x1B,
    0xE2, 0xFB, 0x58, 0xBA, 0x70, 0x3D, 0xDA, 0x3C, 0x92, 0x4D, 0x51, 0xC7, 0x55, 0xF3, 0x91, 0x5B,
    0x51, 0xEF, 0x2B, 0x06, 0xEE, 0xC5, 0x13, 0x8D, 0xCA, 0x8E, 0x58, 0x0A, 0x24, 0xC3, 0xAA, 0x69,
    0xAF, 0x6A, 0xA5, 0x9D, 0xBA, 0x95, 0xC5, 0x22, 0x20, 0x6F, 0x54, 0xAD, 0x92, 0x4D, 0xE7, 0x3A,
    0xE5, 0xE0, 0x03, 0xB2, 0xC3, 0x8F, 0xFB, 0x78, 0x1F, 0x79, 0x6C, 0xF5, 0x07, 0x6E, 0x8C, 0xF7,
    0xBD, 0xF9, 0xE6, 0xE8, 0xCD, 0xAA, 0x27, 0x01, 0xF5, 0x58, 0x2E, 0xD5, 0x58, 0x2C, 0xD9, 0x60,
    0xC9, 0x7A, 0x73, 0xDE, 0x9B, 0x8A, 0x2E, 0x79, 0xD4, 0xD2, 0xB1, 0x6C, 0xD7, 0x96, 0x0D, 0x9B,
    0xE6, 0x51, 0x93, 0xF7, 0x95, 0xB2, 0xAF, 0x9A, 0x7A, 0x2A, 0x3F, 0xFA, 0xAB, 0x39, 0x3D, 0xBC,
    0xEA, 0xE2, 0x52, 0x87, 0x0E, 0xBF, 0x7B, 0xB3, 0xB9, 0x6C, 0xB9, 0xEB, 0xD0, 0x47, 0x5B, 0xCF,
    0x25, 0xEB, 0xAB, 0x4E, 0x71, 0x3D, 0x1D, 0xB0, 0xF9, 0x76, 0x87, 0xE2, 0x00, 0xDE, 0x72, 0x99,
    0x72, 0xFF, 0x8E, 0x53, 0xDF, 0x4C, 0x06, 0xE5, 0x1F, 0x76, 0xF2, 0x80, 0xB7, 0x9E, 0xEB, 0xB5,
    0xF6, 0x10, 0xB2, 0xFF, 0xD6, 0xA2, 0xC8, 0x56, 0x2D, 0xF3, 0x06, 0xC5, 0x77, 0x20, 0x5B, 0x40,
    0xE3, 0xB2, 0xF5, 0x04, 0xBB, 0x68, 0x5A, 0xFE, 0x8F, 0xBA, 0x68, 0xBB, 0xF8, 0x21, 0xD9, 0x1E,
    0x9E, 0x17, 0x9D, 0xE6, 0x2A, 0xB2, 0x7E, 0x46, 0xDE, 0x4D, 0x51, 0x47, 0x14, 0x49, 0x8F, 0x97,
    0xD3, 0x16, 0x5C, 0x2E, 0x2E, 0xCD, 0x2B, 0xE2, 0x0C, 0x42, 0x3F, 0x47, 0xB3, 0xC5, 0xB7, 0x06,
    0x2F, 0xA7, 0xDD, 0x73, 0x61, 0x72, 0x09, 0x32, 0xEE, 0xA1, 0xFC, 0x10, 0x6E, 0x80, 0xFB, 0x60,
    0xBC, 0xA0, 0x0F, 0xFE, 0xEE, 0x85, 0xDF, 0x64, 0x3E, 0x43, 0xE6, 0x25, 0x3D, 0xD4, 0xA7, 0x7C,
    0x40, 0x32, 0x90, 0xF6, 0xB1, 0xC5, 0xDF, 0x16, 0xDA, 0x4D, 0xBC, 0x08, 0xAE, 0x00, 0x54, 0x2D,
    0x90, 0xFD, 0xDF, 0x19, 0x28, 0xFE, 0xFB, 0x82, 0xF3, 0x9F, 0x49, 0xB9, 0x70, 0xFB, 0xAA, 0x43,
    0xB7, 0x09, 0x5D, 0x15, 0xDA, 0xEA, 0xD0, 0x14, 0xA1, 0x29, 0x66, 0xE5, 0xC4, 0x2C, 0x9F, 0x22,
    0xAF, 0x51, 0x16, 0x77, 0xD2, 0x5E, 0x36, 0xC5, 0xB5, 0x93, 0xC5, 0x57, 0x8B, 0x46, 0xBA, 0x28,
    0x67, 0x25, 0xC9, 0xA2, 0x5A, 0x5C, 0x8F, 0x3B, 0x37, 0x3E, 0xAD, 0x06, 0xFF, 0xFD, 0x62, 0xC4,
    0xDE, 0xB8, 0x4F, 0x06, 0x1C, 0xD2, 0x7E, 0x9F, 0x75, 0xD8, 0x65, 0xED, 0xC3, 0xBC, 0xC5, 0xB6,
    0xB0, 0x2B, 0xA1, 0x7E, 0xD9, 0xF6, 0x6B, 0x50, 0xDF, 0x56, 0x1F, 0x41, 0xFD, 0x81, 0x3A, 0x5A,
    0xAD, 0x46, 0xF5, 0x08, 0x55, 0xBF, 0xAE, 0xD8, 0x74, 0x31, 0x20, 0x65, 0x63, 0x03, 0xF8, 0x0A,
    0xB0, 0x6D, 0xA0, 0x08, 0x23, 0x6C, 0x7E, 0x3E, 0x79, 0xE2, 0xBB, 0xDB, 0xBB, 0xA9, 0x08, 0x42,
    0xBF, 0x1D, 0xAE, 0xEC, 0x6D, 0x9B, 0x4D, 0x9B, 0x4C, 0x8E, 0x94, 0x5D, 0x36, 0x79, 0x57, 0xD9,
    0xE5, 0xB3, 0x41, 0xD1, 0xBD, 0xBC, 0x24, 0x9D, 0xBC, 0xBF, 0xB6, 0x64, 0xAD, 0x6C, 0xF8, 0x83,
    0xB3, 0x82, 0x6C, 0xBC, 0x77, 0xE7, 0x25, 0xB2, 0xBF, 0xEE, 0x8E, 0xAF, 0x91, 0xFE, 0x9F, 0xB6,
    0xFE, 0x7B, 0x24, 0x41, 0x35, 0x60, 0xAF, 0xEA, 0xB0, 0xD8, 0xB4, 0xB8, 0xAF, 0xBC, 0x68, 0x69,
    0x27, 0x1A, 0x1A, 0xCE, 0x2B, 0xF3, 0xD7, 0xD3, 0xE1, 0x1C, 0xFE, 0x9C, 0x84, 0xB9, 0x0A, 0x83,
    0xDD, 0x90, 0x05, 0x8E, 0x25, 0x07, 0x6E, 0x11, 0x18, 0xD7, 0x2C, 0x59, 0x47, 0xDD, 0x15, 0xD8,
    0xF4, 0x2B, 0x9D, 0x72, 0xBC, 0x85, 0x7C, 0x1C, 0xE3, 0xA5, 0xED, 0x44, 0x0B, 0x70, 0xF8, 0xDB,
    0x8A, 0x95, 0x6C, 0x7A, 0xAC, 0x45, 0xD4, 0x77, 0x2E, 0x96, 0x60, 0x57, 0x10, 0x03, 0xA4, 0x61,
    0xA6, 0xF8, 0xDF, 0x0B, 0x79, 0xFB, 0x01, 0xB0, 0x09, 0x49, 0xE8, 0xCA, 0x7D, 0xF2, 0xB0, 0xC9,
    0x46, 0xB7, 0x3C, 0x92, 0x51, 0x32, 0xA5, 0x1D, 0x73, 0xD6, 0xB2, 0x94, 0x78, 0x70, 0x0D, 0x27,
    0x7F, 0x80, 0x7A, 0x5C, 0xA5, 0xC3, 0xA6, 0xC1, 0xEB, 0x70, 0x04, 0x13, 0x92, 0x01, 0x59, 0x87,
    0xF2, 0xB3, 0x2F, 0xBE, 0x01, 0xFC, 0x8E, 0x7F, 0x86, 0xFA, 0x5B, 0x0B, 0xB6, 0x7F, 0xB2, 0x47,
    0xDD, 0x2C, 0x78, 0xC1, 0xD5, 0x4B, 0x85, 0x8B, 0x12, 0xA8, 0x80, 0x13, 0x90, 0xCC, 0xC4, 0x7C,
    0x9E, 0x5C, 0xD2, 0xF0, 0x68, 0x21, 0xFF, 0xE4, 0xE6, 0x1F, 0x2D, 0x31, 0x7B, 0x39, 0x72, 0x14,
    0x39, 0x79, 0x9B, 0xE0, 0xC2, 0xA0, 0x56, 0x4E, 0xA0, 0xEE, 0x41, 0x68, 0x20, 0xDB, 0xFF, 0xBA,
    0x2F, 0x0D, 0x20, 0xB4, 0x90, 0x1D, 0xD0, 0x2B, 0x67, 0xB2, 0x2E, 0xBE, 0x54, 0xB1, 0xFB, 0xC5,
    0xF7, 0x7E, 0xBC, 0x67, 0x35, 0x34, 0x81, 0x12, 0x6A, 0x78, 0x80, 0x64, 0x42, 0xDE, 0xBA, 0xB0,
    0x94, 0x21, 0x0C, 0xAA, 0x1F, 0x6D, 0x5B, 0xF7, 0x9D, 0x48, 0xBA, 0x18, 0x33, 0x1F, 0xB0, 0x69,
    0xF1, 0x30, 0x42, 0x43, 0x31, 0xA0, 0x6A, 0xF1, 0x00, 0xE9, 0x24, 0x6B, 0x8A, 0xDE, 0xEB, 0xAA,
    0x5F, 0xFC, 0xF3, 0x59, 0x1D, 0xC2, 0x08, 0xDE, 0x03, 0xD9, 0x7C, 0x31, 0x72, 0x3A, 0x01, 0xCD,
    0x6F, 0x07, 0xB1, 0x53, 0x64, 0x91, 0xD3, 0x1C, 0xF7, 0xA0, 0xF9, 0x22, 0x60, 0xDD, 0x48, 0x3B,
    0xD8, 0x6E, 0x7A, 0xA8, 0xA3, 0x47, 0xF9, 0x04, 0xB4, 0xBF, 0x4D, 0xBD, 0xEC, 0x46, 0xDE, 0xAD,
    0x39, 0x56, 0x09, 0x4D, 0xCC, 0x80, 0x2F, 0xB0, 0x97, 0xB1, 0x99, 0xB9, 0xF3, 0x20, 0x7E, 0xD2,
    0x92, 0x0D, 0x47, 0xF2, 0xEE, 0x03, 0x45, 0xD7, 0x7C, 0xFA, 0xC4, 0x98, 0x05, 0xD2, 0x80, 0x1A,
    0xC7, 0xB8, 0xE3, 0xE9, 0xDF, 0x46, 0xB9, 0x30, 0xD7, 0x58, 0x1D, 0xD8, 0x05, 0xFE, 0x1F, 0xD5,
    0xD8, 0x01, 0xC4, 0x25, 0xE9, 0xBD, 0x26, 0xF0, 0x5F, 0x55, 0x65, 0x52, 0x91, 0x32, 0x53, 0x41,
    0xD8, 0xA1, 0xD3, 0x5D, 0x41, 0x10, 0xF4, 0x4C, 0x41, 0xD0, 0xD6, 0x37, 0x5F, 0xD5, 0x06, 0x96,
    0x5D, 0x6C, 0x60, 0x16, 0x16, 0xBB, 0x00, 0x36, 0x18, 0x18, 0xB4, 0xD5, 0xFD, 0x9D, 0x4A, 0x02,
    0x2C, 0x18, 0x88, 0x65, 0x17, 0x3B, 0x00, 0x7A, 0xD0, 0x8D, 0xC6, 0x90, 0xAF, 0xFB, 0xBC, 0x13,
    0x08, 0xC2, 0x6E, 0xC5, 0x75, 0x5D, 0x40, 0x4A, 0xEE, 0xDC, 0x60, 0x2E, 0x6E, 0x25, 0x2A, 0xD7,
    0x99, 0x4E, 0x9D, 0x53, 0xB7, 0xAB, 0xAA, 0xE4, 0x98, 0x26, 0x81, 0xDB, 0x89, 0xCE, 0xAB, 0xEA,
    0x79, 0xDF, 0x3E, 0xFD, 0x72, 0x9E, 0xE7, 0xA9, 0xFF, 0x79, 0xEA, 0xFF, 0xBD, 0xA0, 0x86, 0xA8,
    0x05, 0x1D, 0xE8, 0xB9, 0x31, 0x85, 0x5E, 0x74, 0x7A, 0x38, 0x75, 0xF2, 0xD6, 0xD4, 0xB8, 0xA4,
    0xAA, 0x1D, 0x28, 0x42, 0xD2, 0x93, 0x77, 0x59, 0x4B, 0xD6, 0xE7, 0x61, 0xC6, 0xB2, 0x21, 0xED,
    0xAB, 0xFA, 0x8C, 0x3B, 0x64, 0x2B, 0x76, 0x33, 0xE6, 0xED, 0xAE, 0xA6, 0x08, 0x55, 0x4D, 0x59,
    0x57, 0x0D, 0x97, 0x8A, 0xC0, 0x28, 0xEB, 0x24, 0xBD, 0xE4, 0xA0, 0x68, 0xD8, 0x3F, 0x38, 0x22,
    0x9B, 0x3E, 0x00, 0x11, 0x24, 0xCD, 0x0C, 0x01, 0x71, 0x90, 0x4E, 0x49, 0x70, 0xB5, 0x9F, 0x42,
    0xDC, 0xE6, 0x27, 0x69, 0x93, 0x0C, 0x72, 0xF1, 0xC1, 0xDB, 0x8C, 0x2E, 0xCF, 0xC0, 0x41, 0x45,
    0xAF, 0x12, 0x75, 0xCA, 0x26, 0x09, 0x33, 0xE3, 0x5A, 0x7A, 0xBA, 0xC6, 0xFE, 0x03, 0x40, 0xD2,
    0xAC, 0x53, 0x00, 0xF1, 0x36, 0x85, 0x62, 0xEA, 0xE3, 0x69, 0x0A, 0x37, 0xA6, 0x0F, 0xA2, 0xA7,
    0xBB, 0x3A, 0x3E, 0xF2, 0x0E, 0xF1, 0xC8, 0x6D, 0xE2, 0x03, 0x17, 0x24, 0xC3, 0x3A, 0xF5, 0xDC,
    0x21, 0xED, 0x79, 0x7F, 0x9D, 0x1E, 0xCF, 0x8A, 0x79, 0x34, 0x4B, 0xA6, 0x27, 0x0F, 0x74, 0x14,
    0x41, 0xB4, 0x4E, 0x71, 0x4B, 0xD9, 0x88, 0x03, 0x55, 0x23, 0x99, 0xA7, 0x5A, 0x5A, 0x2F, 0x1F,
    0xE6, 0x96, 0x2D, 0x6F, 0x21, 0xEF, 0x3C, 0x46, 0x72, 0xFA, 0xA8, 0x85, 0xF7, 0x3E, 0x07, 0x88,
    0xCE, 0xD4, 0x37, 0xE6, 0x71, 0xA8, 0xFA, 0xFC, 0x94, 0x84, 0xB2, 0xCF, 0xA6, 0x29, 0x24, 0x9D,
    0xF1, 0xA9, 0xA4, 0x75, 0x20, 0x6D, 0x0D, 0x64, 0x21, 0x5A, 0x30, 0xEE, 0xC9, 0x9B, 0x15, 0x93,
    0x99, 0x4C, 0xBD, 0xA0, 0x74, 0x66, 0x24, 0x9F, 0xB1, 0xAE, 0x06, 0xF2, 0xCF, 0x7E, 0x79, 0x20,
    0x3E, 0xBD, 0xE9, 0xC5, 0x91, 0xD7, 0x3D, 0x80, 0xE2, 0x67, 0xC3, 0xF9, 0xF3, 0xA9, 0x03, 0x10,
    0x1D, 0x9D, 0xC7, 0x37, 0xFD, 0xF1, 0xB1, 0x9B, 0x4E, 0x35, 0xFB, 0x69, 0x9A, 0x82, 0xF2, 0xF3,
    0x87, 0x83, 0xE8, 0xF4, 0xEE, 0x7F, 0x9E, 0xC8, 0xFA, 0xE8, 0x24, 0x0D, 0x92, 0x91, 0xB4, 0x57,
    0x35, 0x6F, 0x90, 0xF7, 0x64, 0x73, 0x2D, 0xBE, 0x49, 0x15, 0xC8, 0xDA, 0xC5, 0x66, 0x13, 0xF2,
    0x56, 0xDA, 0x5B, 0xB6, 0xCB, 0xC3, 0xB2, 0xCE, 0xFB, 0xD5, 0xC8, 0xA4, 0xA7, 0x6A, 0x51, 0x34,
    0xCB, 0xE7, 0x53, 0x8D, 0x72, 0x59, 0x27, 0x47, 0x16, 0xEB, 0xB3, 0x5E, 0x3E, 0x40, 0x45, 0xDE,
    0xAD, 0xDB, 0xED, 0xC8, 0xC3, 0xBA, 0xDD, 0x15, 0x65, 0x58, 0xB7, 0x7B, 0x4A, 0x55, 0xAF, 0xDB,
    0x1D, 0x79, 0xBA, 0x6D, 0x37, 0x8A, 0xC6, 0x65, 0xFB, 0x77, 0xE6, 0x45, 0xD6, 0x27, 0x27, 0xA2,
    0x5E, 0x32, 0xDA, 0x85, 0xFC, 0x40, 0x16, 0x94, 0xA7, 0x8F, 0x8E, 0xCA, 0xDF, 0xBD, 0xFB, 0x60,
    0x9A, 0xA5, 0x4F, 0x1F, 0xA8, 0xA6, 0x69, 0x3A, 0x6E, 0x3E, 0x70, 0x91, 0x6E, 0x2E, 0xD8, 0x17,
    0x61, 0xF5, 0xC0, 0x6E, 0x5F, 0xAF, 0x0E, 0xC8, 0x86, 0x4D, 0xBF, 0xA8, 0x39, 0xAB, 0xDF, 0xB4,
    0x63, 0x53, 0x9E, 0x4F, 0x53, 0xB7, 0xEA, 0xAE, 0x7E, 0xBC, 0x6B, 0x56, 0xD5, 0x8F, 0x5C, 0xAD,
    0x9A, 0x7F, 0x13, 0xA2, 0xC3, 0xAA, 0xF8, 0x37, 0xB2, 0x6E, 0xD3, 0xAB, 0x6C, 0x36, 0xB5, 0x9E,
    0xDA, 0xB4, 0xC6, 0x83, 0x4D, 0x69, 0xD6, 0x6E, 0x3A, 0x95, 0xF5, 0xA6, 0xD2, 0x13, 0xD1, 0xA6,
    0x71, 0x90, 0xD6, 0xAB, 0xC2, 0xD6, 0xCD, 0x55, 0x5F, 0xF5, 0xB7, 0xFF, 0xFD, 0xF0, 0x07, 0x75,
    0x1D, 0xF8, 0x1A, 0xB6, 0x88, 0xF9, 0x38, 0x5B, 0xFC, 0x0F, 0x8E, 0x55, 0x83, 0x7D, 0xB0, 0x3F,
    0x61, 0xE6, 0x99, 0x77, 0x90, 0x37, 0x62, 0x50, 0xD4, 0xAC, 0x0B, 0x20, 0x3D, 0x95, 0x8A, 0x69,
    0x0A, 0xAE, 0x1E, 0x4E, 0xAE, 0x7E, 0xBC, 0xAF, 0xE3, 0xD9, 0xA0, 0xCE, 0x28, 0x0B, 0x8E, 0x49,
    0x93, 0xF4, 0xF2, 0xC6, 0x75, 0x24, 0x0F, 0x4A, 0xAE, 0xA9, 0x96, 0x6B, 0x5C, 0xAE, 0x8A, 0x83,
    0xA4, 0xE7, 0x92, 0x41, 0x1E, 0xB8, 0x12, 0xF5, 0x2A, 0x54, 0xE2, 0x3E, 0x1A, 0x45, 0x2A, 0x49,
    0x9F, 0xF6, 0x32, 0x65, 0x93, 0x0F, 0x45, 0x70, 0x21, 0x7B, 0xF6, 0x93, 0x63, 0xF5, 0xE3, 0xEF,
    0xF7, 0xA2, 0xE9, 0x7F, 0xD6, 0xCF, 0x35, 0xB5, 0x5F, 0xA8, 0xDD, 0x40, 0x3C, 0x4D, 0xCA, 0xCF,
    0x6B, 0xEC, 0x06, 0x59, 0x6F, 0xD5, 0x96, 0xAE, 0x8B, 0x66, 0xF1, 0x78, 0xF5, 0xBB, 0xDD, 0x16,
    0xF9, 0xBA, 0xB0, 0x50, 0x60, 0x47, 0x11, 0xE0, 0x29, 0x45, 0xB3, 0x2D, 0xCA, 0x06, 0x8E, 0xCB,
    0x7E, 0x36, 0xF6, 0x44, 0x23, 0x3B, 0x88, 0x0F, 0x5C, 0xD9, 0x16, 0x4F, 0x79, 0x4D, 0x32, 0x70,
    0xE4, 0xF5, 0xDB, 0x49, 0xCF, 0xC8, 0x9D, 0x31, 0xED, 0xCD, 0x9A, 0x7E, 0x7B, 0xC8, 0x5A, 0xC9,
    0x28, 0xFB, 0xC5, 0x61, 0xB6, 0x65, 0xFA, 0xDF, 0x53, 0xF3, 0x64, 0x37, 0x73, 0x9F, 0x79, 0x0F,
    0x36, 0x15, 0xAC, 0x22, 0xBE, 0x6A, 0xD5, 0x50, 0x05, 0xE9, 0x36, 0x67, 0xDD, 0xA6, 0xA4, 0xC5,
    0x6B, 0x56, 0xFE, 0xD1, 0x46, 0xFF, 0xE6, 0xCA, 0x3E, 0x1A, 0x57, 0xF2, 0xD9, 0xB8, 0x72, 0x8F,
    0xD7, 0x1A, 0x13, 0xCD, 0x33, 0xA2, 0x81, 0x1D, 0xA2, 0x9E, 0x2B, 0xC4, 0xFD, 0x4A, 0x3B, 0xE9,
    0x57, 0xD6, 0x49, 0xB7, 0x92, 0x4E, 0xDB, 0x85, 0x73, 0x9F, 0x86, 0x85, 0x72, 0x9B, 0x6D, 0x8C,
    0xF3, 0xB0, 0x12, 0xCE, 0x1B, 0x5B, 0x04, 0x81, 0x50, 0x80, 0x24, 0x5C, 0xAE, 0x73, 0x7B, 0x0F,
    0x44, 0xCF, 0x7A, 0x60, 0xD7, 0xB0, 0xD5, 0xDE, 0x87, 0xAC, 0x0A, 0x76, 0x21, 0x6E, 0x94, 0x21,
    0xEB, 0xE5, 0x21, 0x9F, 0x0B, 0x26, 0xED, 0xE4, 0x75, 0x54, 0x2B, 0xA8, 0x95, 0xD2, 0x5A, 0x65,
    0x57, 0xBB, 0x8C, 0x27, 0xDE, 0xB1, 0xE3, 0x9E, 0x4B, 0xAE, 0xBD, 0xC3, 0xE8, 0x3E, 0x07, 0xD7,
    0x0C, 0xAE, 0x67, 0x51, 0x07, 0x71, 0xBF, 0x40, 0x34, 0x48, 0xFA, 0xB8, 0xF7, 0xDE, 0xE9, 0x39,
    0x4C, 0x53, 0xD2, 0x2D, 0x74, 0xF8, 0x56, 0x1A, 0x18, 0xB2, 0x86, 0xC7, 0x39, 0x2E, 0x9F, 0xA0,
    0xE8, 0x50, 0xF5, 0x4C, 0x63, 0xB4, 0x3D, 0x84, 0xDD, 0x30, 0x5F, 0xC9, 0x48, 0x3E, 0x93, 0x93,
    0x9E, 0xC8, 0xCD, 0xAB, 0x6C, 0x22, 0x5F, 0xFD, 0xDF, 0x35, 0xDE, 0x58, 0x2B, 0xA8, 0x08, 0x6E,
    0x52, 0x91, 0xE7, 0xBD, 0xB7, 0xD8, 0x71, 0x2B, 0x1D, 0x5C, 0x2C, 0xAB, 0xB7, 0x92, 0xD1, 0x05,
    0x4F, 0xB9, 0xED, 0xE8, 0x0E, 0x47, 0x2E, 0xEC, 0xDD, 0x65, 0xE4, 0x42, 0xD5, 0x3C, 0x66, 0xE4,
    0xAE, 0x22, 0x2C, 0x25, 0xE2, 0x7D, 0x79, 0xDF, 0x8B, 0x0F, 0x3C, 0x92, 0x0E, 0x9D, 0x64, 0xA0,
    0x17, 0x1F, 0xBB, 0x6F, 0x24, 0x3D, 0x3D, 0x53, 0x3B, 0x26, 0xBD, 0xA8, 0x63, 0xFF, 0xC9, 0x21,
    0x6D, 0xD7, 0x44, 0x0D, 0x4B, 0x3D, 0x7D, 0x4E, 0xB1, 0x16, 0xD4, 0x4C, 0xB9, 0x29, 0x06, 0x36,
    0x6D, 0x6C, 0xD2, 0xBE, 0x6A, 0x53, 0xF6, 0x07, 0x61, 0xD5, 0xA6, 0x4B, 0xB1, 0xC9, 0xF2, 0x9A,
    0x4D, 0x55, 0x64, 0x13, 0x75, 0x73, 0xD3, 0x14, 0x8D, 0x9B, 0xA4, 0x6C, 0xDC, 0x14, 0xC5, 0xA3,
    0x4D, 0xD0, 0x61, 0xD3, 0x13, 0x0D, 0x9B, 0x9C, 0xA8, 0xDF, 0xD4, 0xC4, 0xFD, 0x26, 0x26, 0xE9,
    0x37, 0x2D, 0x49, 0xB7, 0x49, 0x49, 0xDA, 0x55, 0x49, 0xF8, 0x83, 0x90, 0x2C, 0x6C, 0x3A, 0xF2,
    0xB0, 0xC9, 0xC8, 0x1B, 0x5F, 0x28, 0x34, 0x1F, 0x14, 0x40, 0x12, 0xDE, 0x06, 0xE2, 0xF6, 0x82,
    0x73, 0xB1, 0x9D, 0xAB, 0xCD, 0x56, 0x6C, 0x24, 0x07, 0xAC, 0xDA, 0x59, 0x4C, 0x85, 0x7A, 0x9B,
    0xC4, 0xFF, 0xFE, 0x20, 0x0E, 0xD1, 0xFE, 0xDF, 0xEE, 0x95, 0x21, 0x39, 0x85, 0xA2, 0x99, 0x1A,
    0x7B, 0x79, 0x53, 0xD5, 0xAE, 0x66, 0xB7, 0x6A, 0xD7, 0x8A, 0x7A, 0x09, 0xB2, 0x52, 0xC9, 0x41,
    0xE9, 0x92, 0x83, 0x4B, 0x97, 0xA2, 0xC1, 0xA5, 0xFB, 0xE2, 0xDE, 0x7D, 0xD7, 0xF3, 0x74, 0xED,
    0x5A, 0xD2, 0x1B, 0x8D, 0xDE, 0x3B, 0xA6, 0x53, 0x73, 0x30, 0x4D, 0xC5, 0xF4, 0xC9, 0x00, 0xA2,
    0x1E, 0xBE, 0x11, 0x77, 0x70, 0x91, 0xB4, 0xCB, 0x94, 0x35, 0x50, 0x3E, 0x04, 0xD9, 0x00, 0xEE,
    0xA6, 0x0D, 0x4E, 0x65, 0xB0, 0xBE, 0x78, 0xB6, 0x38, 0x10, 0xD5, 0x5E, 0x18, 0x45, 0x80, 0xED,
    0x45, 0xB9, 0xE0, 0x3F, 0x76, 0x88, 0x7F, 0xD6, 0x23, 0xF9, 0x51, 0x8F, 0x2C, 0xE9, 0xF1, 0xFA,
    0xA2, 0xFC, 0x22, 0x3E, 0xE0, 0xFD, 0x68, 0x44, 0x37, 0x63, 0x14, 0x8C, 0x24, 0x8D, 0x23, 0xD9,
    0x34, 0x9D, 0x78, 0xE3, 0xC1, 0x83, 0x89, 0xDB, 0xEC, 0x78, 0x7F, 0xC1, 0x9E, 0xAA, 0x8E, 0x96,
    0x1E, 0x29, 0x99, 0x31, 0x14, 0x07, 0x5F, 0x9E, 0xBA, 0x6A, 0x94, 0x4F, 0xBD, 0x24, 0xDC, 0x93,
    0xFE, 0x66, 0x94, 0x4E, 0x03, 0xBB, 0x9A, 0x73, 0xAB, 0x22, 0x3D, 0x45, 0xAE, 0x3E, 0xFA, 0xF9,
    0xFC, 0x82, 0xC8, 0x82, 0x63, 0xDE, 0xB8, 0x9E, 0x8D, 0xAC, 0x18, 0x2B, 0x0E, 0x97, 0x0C, 0x73,
    0xFA, 0xCF, 0xC1, 0x3F, 0x67, 0xFE, 0x1C, 0xF7, 0x73, 0xD2, 0x47, 0xD3, 0x7F, 0xA8, 0x41, 0x56,
    0x3F, 0x96, 0xFF, 0xCD, 0x20, 0x9B, 0x3A, 0xD1, 0xE9, 0x8B, 0x3D, 0x4C, 0x35, 0x05, 0xE5, 0xA9,
    0x96, 0x1E, 0x48, 0xFB, 0xF5, 0xCE, 0x3A, 0xF2, 0x96, 0x3C, 0xAC, 0x77, 0x11, 0x28, 0x1B, 0xAA,
    0x9A, 0xCA, 0x7A, 0xEF, 0xF0, 0x14, 0x47, 0x8C, 0xEB, 0x1D, 0x8F, 0x14, 0x53, 0xB3, 0x66, 0xF0,
    0x50, 0x88, 0xC6, 0x9D, 0x68, 0x3A, 0x52, 0xB4, 0xC4, 0x80, 0x08, 0x29, 0x76, 0x2C, 0x1D, 0xC5,
    0x11, 0x4F, 0x70, 0x8D, 0x11, 0x07, 0x0C, 0x44, 0x03, 0x71, 0xBF, 0xDE, 0x49, 0xCF, 0x7B, 0x27,
    0xA6, 0x09, 0x8B, 0x51, 0x64, 0xBF, 0x1D, 0x91, 0xFE, 0x7E, 0x80, 0x7D, 0x0D, 0x5F, 0xF7, 0xC2,
    0xB8, 0x71, 0xAA, 0x89, 0x4E, 0x1F, 0x0D, 0x8B, 0x9A, 0x93, 0xBF, 0x7C, 0xC7, 0xFF, 0x27, 0x9D,
    0x4F, 0x4F, 0x5C, 0xED, 0xE7, 0xBE, 0xBF, 0x9F, 0xDB, 0xFE, 0xB9, 0xEB, 0x7F, 0x9B, 0xF1, 0xF2,
    0x7C, 0x1F, 0x2A, 0xFA, 0x4A, 0xD4, 0xCD, 0xED, 0xFE, 0xDC, 0xED, 0x2F, 0xCD, 0xFE, 0xD2, 0xEB,
    0xE7, 0x51, 0x8F, 0xF2, 0xE7, 0x3D, 0x8A, 0x7F, 0x6A, 0x11, 0x1F, 0xC1, 0xF7, 0x7C, 0x61, 0x2C,
    0x8D, 0xFF, 0x30, 0xF7, 0xFD, 0xFB, 0x6E, 0xDE, 0x51, 0x89, 0xE7, 0x08, 0xDA, 0x9A, 0xFE, 0x64,
    0x58, 0xB0, 0x9F, 0x31, 0xED, 0xB9, 0xBB, 0xE0, 0xE3, 0xAD, 0xDF, 0x5F, 0xDB, 0xFD, 0x3C, 0xD0,
    0x6F, 0xCD, 0xFE, 0xD2, 0xEB, 0x6F, 0xAD, 0xFE, 0xD2, 0xE9, 0x6F, 0x8D, 0xFE, 0xD2, 0xE7, 0x6F,
    0x6D, 0x7E, 0xDE, 0xF9, 0x78, 0x6B, 0xF2, 0x97, 0x1E, 0x7F, 0x23, 0x3B, 0x53, 0x9D, 0x89, 0x2E,
    0x34, 0xFF, 0x1B, 0x80, 0xAA, 0xCF, 0xC7, 0xB2, 0xCF, 0xC6, 0xA4, 0x33, 0x26, 0xAD, 0x39, 0x8F,
    0x87, 0xB9, 0xB9, 0x9F, 0x5B, 0xFB, 0xBC, 0x99, 0xEF, 0xA4, 0x9B, 0x9B, 0xFA, 0xB9, 0xA5, 0x9F,
    0x1B, 0xFA, 0xB9, 0x9D, 0x9F, 0x9B, 0xF9, 0x17, 0x5B, 0xF9, 0x6C, 0x1A, 0xF0, 0xDA, 0xBB, 0x67,
    0xF9, 0xDF, 0xF6, 0x21, 0xF6, 0xC9, 0x01, 0x53, 0x32, 0xE2, 0x2A, 0x1E, 0xF0, 0x75, 0xF5, 0x2B,
    0xE4, 0xCD, 0x46, 0xFE, 0x20, 0xDA, 0xA8, 0xBF, 0xE9, 0xC3, 0x85, 0xF4, 0x4C, 0x79, 0x17, 0x1F,
    0x16, 0xBA, 0x2F, 0xC9, 0xA7, 0x1E, 0x92, 0x05, 0xB3, 0xF6, 0xDC, 0x92, 0xDE, 0x05, 0xFC, 0xF5,
    0x39, 0xB7, 0xE5, 0x43, 0xDA, 0x2D, 0x52, 0x36, 0x21, 0x7F, 0x5E, 0x17, 0x97, 0xF4, 0x59, 0x82,
    0xDA, 0x1A, 0xD5, 0xEC, 0x6A, 0x78, 0xF3, 0xAF, 0xD4, 0xC5, 0xA4, 0xBD, 0x58, 0xE4, 0x24, 0xD3,
    0x61, 0x95, 0xF2, 0x95, 0xBF, 0x80, 0x8B, 0xF9, 0x8A, 0xCD, 0xB9, 0x14, 0xA3, 0x01, 0xDC, 0xFE,
    0x2B, 0x75, 0x31, 0xDF, 0xE4, 0x64, 0xED, 0x26, 0xE5, 0xAD, 0xBF, 0x80, 0x8B, 0x69, 0xF3, 0x31,
    0xF2, 0x5F, 0x8D, 0x5B, 0xFE, 0xE1, 0x29, 0xF8, 0x96, 0x17, 0xC6, 0x73, 0x77, 0x88, 0xA6, 0x8F,
    0xC6, 0x85, 0xFC, 0x8E, 0x5D, 0xAD, 0xAC, 0x1D, 0x29, 0x9A, 0x64, 0x79, 0x1F, 0xA6, 0x3D, 0x45,
    0x9D, 0x77, 0xCE, 0xCD, 0xD0, 0x8A, 0x0D, 0xCB, 0xF6, 0x6A, 0x6A, 0x9F, 0xE3, 0xBF, 0x99, 0xEA,
    0x7D, 0xCD, 0x69, 0xFE, 0xC4, 0x71, 0xC3, 0xAA, 0x11, 0x8D, 0xAA, 0x20, 0x1E, 0xE4, 0x9D, 0xA4,
    0x93, 0x0E, 0x8A, 0x46, 0x34, 0x3D, 0x18, 0x97, 0x2F, 0x6F, 0xE0, 0x71, 0x46, 0x74, 0xAC, 0x6A,
    0xF6, 0x27, 0x14, 0x1D, 0x62, 0x5F, 0x18, 0xFB, 0x0F, 0x1E, 0xC9, 0x3E, 0x1B, 0x7A, 0xA5, 0x5D,
    0x70, 0xDF, 0x25, 0xA3, 0x4A, 0x34, 0xAC, 0x70, 0x35, 0xC3, 0xC8, 0x21, 0x3A, 0x70, 0x95, 0x75,
    0xE2, 0x5F, 0x4E, 0xB5, 0x54, 0xBD, 0xFA, 0x2E, 0x99, 0xA6, 0x7A, 0x86, 0xCE, 0x1B, 0xD2, 0xDE,
    0x85, 0x68, 0x86, 0xB8, 0x77, 0x29, 0x6D, 0x15, 0x9F, 0xED, 0x6B, 0xF1, 0xF4, 0xE9, 0xAB, 0xD2,
    0x19, 0x2C, 0x44, 0x2E, 0x9D, 0x13, 0xF8, 0xF1, 0x19, 0xDD, 0xBF, 0x01, 0xE5, 0x11, 0xA2, 0xFA,
    0x5F, 0xD5, 0x2D, 0xB4, 0x3C, 0xAD, 0x25, 0x1D, 0x69, 0x43, 0x56, 0xAF, 0x77, 0xFA, 0x8B, 0x47,
    0xE2, 0xA9, 0xDD, 0xBA, 0xA6, 0xF5, 0x33, 0x8A, 0x05, 0x2B, 0x30, 0x42, 0xD2, 0x42, 0x3A, 0xC0,
    0xAD, 0x7B, 0x70, 0x71, 0x7B, 0x61, 0xBC, 0xE0, 0xC5, 0x42, 0xBC, 0xEC, 0x5E, 0x8D, 0x0E, 0x9A,
    0x0B, 0x5C, 0x13, 0x1D, 0x48, 0x3B, 0x72, 0x94, 0x81, 0x7F, 0xEE, 0x44, 0x6D, 0x2F, 0x0E, 0x9D,
    0xE8, 0x57, 0x81, 0xA9, 0x7E, 0x69, 0x9D, 0x35, 0x56, 0x5F, 0xCF, 0x81, 0x06, 0x15, 0xCE, 0x26,
    0x22, 0x6E, 0xFD, 0x91, 0x31, 0x3D, 0x1F, 0x60, 0xF7, 0xEC, 0xC1, 0x7E, 0x0B, 0x06, 0x59, 0x80,
    0xDF, 0x77, 0xDB, 0x29, 0xF1, 0xFF, 0x6F, 0x45, 0x01, 0xE9, 0x7F, 0x0A, 0xC0, 0xEB, 0xF9, 0xB6,
    0xB8, 0x53, 0x84, 0x14, 0x3C, 0x2A, 0x9B, 0x5B, 0x10, 0x85, 0x6A, 0x3A, 0x42, 0x52, 0x57, 0x0F,
    0xAE, 0xE1, 0x0D, 0x95, 0xDB, 0xF0, 0xF6, 0x83, 0xBD, 0x6F, 0x6F, 0xA7, 0x94, 0x40, 0xEB, 0x88,
    0xCD, 0x75, 0xC8, 0x6C, 0x0F, 0xE1, 0xA6, 0x68, 0x24, 0xE3, 0xCE, 0x96, 0xA6, 0x7A, 0xC9, 0xC8,
    0xC7, 0x6E, 0x0C, 0x8A, 0xD3, 0xBB, 0xDF, 0xEF, 0x55, 0xE3, 0x76, 0xD0, 0x09, 0x72, 0xA0, 0x04,
    0xAE, 0x80, 0x03, 0xAC, 0x1A, 0x80, 0xB3, 0xEB, 0xC5, 0xC1, 0x6C, 0xFC, 0xB3, 0xBD, 0xB8, 0x8F,
    0xA6, 0x50, 0x34, 0x59, 0x30, 0xC9, 0x43, 0xDE, 0x38, 0xC9, 0x9B, 0x92, 0x51, 0xA9, 0x62, 0xFC,
    0xF2, 0xB0, 0x4C, 0x57, 0x5C, 0x32, 0xB5, 0x5C, 0x2D, 0xDC, 0xB6, 0x9C, 0x57, 0x49, 0x4E, 0x12,
    0x65, 0x93, 0x4F, 0xF5, 0xCD, 0xF9, 0x80, 0x6B, 0xFA, 0x6C, 0xF0, 0xFC, 0xF9, 0x7C, 0x77, 0x6A,
    0x9C, 0x47, 0xD4, 0x41, 0xB2, 0x60, 0x1E, 0xCE, 0x4C, 0x7F, 0x52, 0x43, 0x76, 0x96, 0x70, 0x63,
    0x5A, 0x92, 0x61, 0xBF, 0x24, 0xC3, 0xC5, 0x92, 0x0C, 0x77, 0x96, 0x64, 0x78, 0xB4, 0x24, 0x43,
    0x9F, 0xB7, 0x59, 0x1B, 0xB5, 0x73, 0x32, 0xC4, 0x61, 0x4E, 0x86, 0xA4, 0x99, 0x33, 0x21, 0xAD,
    0x67, 0xCC, 0x97, 0x64, 0x78, 0x63, 0x49, 0x86, 0xDB, 0x4B, 0x32, 0x5C, 0x2C, 0xC9, 0xF0, 0xFE,
    0x92, 0x0C, 0x8F, 0x94, 0x75, 0xD9, 0x74, 0x2E, 0x15, 0x9F, 0xB4, 0x46, 0xD9, 0xDF, 0x87, 0xA4,
    0x17, 0x4F, 0xCD, 0x92, 0x0C, 0x9F, 0x1D, 0x91, 0x2F, 0xC9, 0x70, 0x0B, 0x7C, 0xC9, 0x99, 0x54,
    0x05, 0x4F, 0x10, 0x0D, 0xE7, 0x72, 0x03, 0x88, 0xA6, 0x1F, 0x06, 0xC5, 0xC3, 0xDF, 0xF3, 0x38,
    0x19, 0x67, 0xA1, 0x47, 0x49, 0x48, 0x26, 0x59, 0x93, 0xEF, 0xE4, 0xCD, 0x45, 0xF5, 0x1C, 0xFA,
    0xE7, 0xF0, 0xA3, 0xE6, 0x52, 0xFE, 0xFF, 0x66, 0x4A, 0x07, 0x77, 0x65, 0xBD, 0x5E, 0x7A, 0x88,
    0x5B, 0xB7, 0xA6, 0x87, 0xDC, 0x29, 0x3F, 0x85, 0x24, 0xDC, 0x9D, 0xB1, 0xBB, 0x8F, 0xE8, 0x50,
    0xC1, 0xFD, 0x2C, 0x20, 0xFB, 0x77, 0xFD, 0x2B, 0xF7, 0x17, 0xF3, 0x5B, 0x49, 0xA0, 0x4C, 0x3A,
    0xF2, 0x9F, 0x0E, 0x1B, 0xEB, 0xED, 0x3C, 0xD6, 0xB9, 0xD0, 0x96, 0x32, 0xB3, 0x9C, 0xAD, 0x66,
    0xC1, 0x71, 0x39, 0x53, 0x55, 0x72, 0xAD, 0x62, 0x9C, 0xE1, 0xE0, 0x92, 0x61, 0x3B, 0x3F, 0x15,
    0xCF, 0x90, 0xF4, 0xCB, 0x99, 0xE9, 0x72, 0x5E, 0xEA, 0x8B, 0x3F, 0x76, 0x90, 0x1D, 0xE1, 0xF2,
    0x3D, 0x78, 0x9C, 0xD5, 0xF8, 0x30, 0x05, 0xBC, 0x72, 0x36, 0x81, 0x5D, 0x27, 0xFE, 0x87, 0x41,
    0xDA, 0xDC, 0x95, 0xFA, 0x0E, 0xBC, 0xBC, 0x08, 0xBC, 0x19, 0xB7, 0x28, 0x17, 0x15, 0xF9, 0x27,
    0x07, 0x24, 0xFD, 0x15, 0xDC, 0xCB, 0x1A, 0xE7, 0xB1, 0x9E, 0xD2, 0xD6, 0x8A, 0xE7, 0x39, 0xD7,
    0x48, 0x7B, 0x69, 0x98, 0x31, 0x5E, 0x0F, 0xFE, 0x9F, 0x63, 0x0B, 0x79, 0x58, 0x31, 0x41, 0x11,
    0x72, 0x94, 0xB3, 0x68, 0xE5, 0x83, 0x27, 0xA8, 0x7C, 0x63, 0x43, 0x76, 0xE7, 0xA4, 0xF1, 0x04,
    0xB5, 0x23, 0x49, 0x30, 0x92, 0x89, 0xD6, 0x16, 0xF0, 0x28, 0x3A, 0xB8, 0x31, 0x3D, 0x78, 0xD8,
    0x2F, 0x5F, 0xDE, 0xD2, 0xDF, 0xE2, 0x50, 0xD4, 0x9E, 0xE4, 0x41, 0xF1, 0xDD, 0xF9, 0xEB, 0xEF,
    0x7D, 0xE1, 0xA9, 0x3E, 0xDD, 0x87, 0xB8, 0x9B, 0x8F, 0x6A, 0xD3, 0x2E, 0xAF, 0x93, 0xB6, 0x94,
    0x35, 0x97, 0xD1, 0xD1, 0x65, 0xD9, 0xA8, 0x3E, 0xA5, 0xB2, 0xDE, 0x65, 0x2D, 0xE4, 0x21, 0x95,
    0x3E, 0xDB, 0x5E, 0xB1, 0xD8, 0x8C, 0x46, 0xF4, 0xBB, 0xC5, 0x85, 0x70, 0x81, 0xB4, 0xBE, 0x03,
    0x78, 0xE5, 0xBC, 0x80, 0x78, 0x22, 0xFF, 0x3F, 0xC1, 0x3B, 0x49, 0xEB, 0xDB, 0x71, 0x80, 0x97,
    0xE2, 0xC7, 0xDD, 0xAC, 0x76, 0x3F, 0x0F, 0xAA, 0xB4, 0x93, 0x85, 0x83, 0xA8, 0x7F, 0xFB, 0xCF,
    0x7D, 0xE4, 0x94, 0xD5, 0xBD, 0x2C, 0x8C, 0x4B, 0xF5, 0x2D, 0xCF, 0xF8, 0x56, 0xDC, 0xBE, 0x9C,
    0x23, 0x27, 0x44, 0x53, 0x23, 0xFD, 0xBB, 0x4E, 0xAE, 0x77, 0x53, 0x07, 0x7F, 0x6E, 0x3D, 0x50,
    0x1C, 0x3C, 0xB9, 0x1F, 0xF5, 0x45, 0xD4, 0xBE, 0x01, 0x88, 0x48, 0xD9, 0x49, 0x4E, 0x8B, 0x90,
    0x27, 0x5C, 0x33, 0x72, 0x60, 0x98, 0x25, 0xC4, 0xFD, 0x7C, 0x25, 0xFD, 0x4C, 0x7F, 0x61, 0x7F,
    0x91, 0x04, 0x54, 0x49, 0x87, 0xE2, 0x87, 0x03, 0xD2, 0xF6, 0x1A, 0x1E, 0x17, 0xAF, 0xDA, 0x79,
    0xD9, 0x1F, 0x29, 0x9B, 0x97, 0x71, 0x5E, 0x06, 0xD6, 0xD2, 0x94, 0xFC, 0xBA, 0x47, 0xD6, 0x7C,
    0x3C, 0xA3, 0xF7, 0x81, 0x57, 0xCF, 0x8B, 0x17, 0xCB, 0xEE, 0x75, 0x1D, 0xBC, 0x1C, 0x3F, 0x1E,
    0xE7, 0x70, 0x9D, 0x07, 0x16, 0xB3, 0xE7, 0xE8, 0x1E, 0x10, 0x75, 0x6F, 0x79, 0x31, 0xA8, 0x3A,
    0xCA, 0xCF, 0xFF, 0xCB, 0x91, 0xAC, 0xB7, 0xAB, 0xA5, 0xBD, 0x22, 0xC8, 0x3A, 0xF9, 0x73, 0x6C,
    0xE5, 0xCB, 0x55, 0x04, 0x79, 0x50, 0x86, 0x79, 0x51, 0xD5, 0x8A, 0x26, 0x3A, 0x52, 0x36, 0xFF,
    0xB5, 0xA7, 0x9A, 0x93, 0x4E, 0xF5, 0xEE, 0xAE, 0x66, 0xA7, 0x0C, 0x5C, 0x2D, 0xD2, 0x9F, 0xCA,
    0x3B, 0x8E, 0xB2, 0x9E, 0x51, 0x32, 0x88, 0x46, 0xF1, 0x41, 0xF2, 0x1C, 0x47, 0xE5, 0x54, 0xDF,
    0x98, 0x9A, 0xDD, 0x14, 0x9E, 0x5F, 0x0B, 0xD9, 0xEB, 0xAD, 0x2A, 0xF2, 0x1F, 0x0C, 0x67, 0x92,
    0x35, 0xF1, 0x7F, 0x1C, 0xA2, 0xFD, 0xFF, 0x18, 0x93, 0x29, 0xDC, 0xB3, 0x77, 0xED, 0x4A, 0xE7,
    0x9A, 0xE5, 0x3E, 0x2C, 0xF7, 0x9F, 0xFE, 0x61, 0x6F, 0x26, 0x93, 0x3D, 0xB7, 0x99, 0x22, 0xEA,
    0x39, 0xFF, 0xC2, 0x5F, 0x3D, 0x2F, 0x36, 0xC2, 0x33, 0xDD, 0x85, 0xEC, 0x46, 0xF5, 0xE5, 0xF8,
    0xD1, 0xE7, 0x30, 0xE6, 0x0D, 0xAE, 0xB2, 0x96, 0xE5, 0x1D, 0x49, 0xDC, 0x5E, 0xBC, 0x7A, 0xA7,
    0xCA, 0x8F, 0xF3, 0x85, 0xEA, 0x42, 0xB4, 0xF8, 0xC1, 0x20, 0xEE, 0xDE, 0x7A, 0xD9, 0xA7, 0xCA,
    0xF1, 0x54, 0x5B, 0xDF, 0x8F, 0xBC, 0x1D, 0x77, 0xB8, 0x1D, 0xB5, 0xC0, 0xAB, 0xE7, 0x07, 0x44,
    0x53, 0x2D, 0xFB, 0x5F, 0xAD, 0x5B, 0x51, 0xB7, 0x51, 0xF5, 0x92, 0x3C, 0x59, 0xBE, 0xE6, 0x36,
    0xC9, 0xB3, 0x87, 0x47, 0x8A, 0xB0, 0xCA, 0xF4, 0x94, 0x2B, 0x4A, 0x8E, 0xE4, 0x9C, 0x48, 0xD9,
    0xFE, 0x8E, 0x1D, 0xA0, 0x58, 0xB2, 0x2C, 0x9E, 0x4E, 0xEB, 0x3F, 0x5A, 0xD8, 0x1D, 0x20, 0x1D,
    0xDD, 0xC1, 0xD1, 0x05, 0x9E, 0xA8, 0x70, 0xAD, 0x68, 0x18, 0x67, 0x75, 0x71, 0x2F, 0x3F, 0xC8,
    0x5A, 0xE9, 0xF4, 0xD9, 0x9E, 0xE4, 0xA7, 0x53, 0x07, 0xC0, 0xD7, 0xC0, 0x00, 0xD1, 0x08, 0x56,
    0xEC, 0x21, 0x69, 0x00, 0x28, 0x0F, 0x21, 0x7A, 0xF6, 0xB0, 0x4D, 0x42, 0xD2, 0xA5, 0x41, 0x9F,
    0x06, 0xDF, 0x4C, 0x06, 0xA2, 0xE9, 0x53, 0xCA, 0xA9, 0x66, 0xDF, 0x7E, 0x4F, 0xDA, 0x3F, 0x12,
    0xF7, 0x17, 0x92, 0xAE, 0xAA, 0xD3, 0x50, 0x3E, 0xDB, 0x7B, 0x7D, 0xF7, 0x29, 0xF0, 0x25, 0x5C,
    0x62, 0x87, 0x0A, 0x17, 0x78, 0x04, 0x24, 0xD3, 0xF3, 0x11, 0xB2, 0xD3, 0xFF, 0xFD, 0xF5, 0xBE,
    0x2D, 0xEA, 0x3C, 0xA4, 0xDD, 0x3D, 0x79, 0xD0, 0x3F, 0x52, 0x04, 0x8F, 0x28, 0x1B, 0xA8, 0xEA,
    0x05, 0x9D, 0x71, 0x07, 0x9E, 0x82, 0xE3, 0x19, 0x8D, 0x67, 0x35, 0xF1, 0xE1, 0x8C, 0xC9, 0xE0,
    0x7C, 0x6A, 0x3F, 0xC0, 0xEE, 0xC4, 0x0B, 0x01, 0x06, 0xF2, 0x1A, 0x8A, 0x00, 0xF9, 0x8A, 0xE0,
    0x8E, 0xF3, 0xF8, 0x0A, 0xB7, 0xCF, 0xBD, 0x42, 0x35, 0x0D, 0xE5, 0xEF, 0xBE, 0x97, 0x74, 0x92,
    0x56, 0xDA, 0xCA, 0xC2, 0x7C, 0xE5, 0xCD, 0x7C, 0x15, 0xB5, 0x82, 0x92, 0x2A, 0x55, 0x1D, 0xE5,
    0x2D, 0x44, 0x96, 0xFF, 0x0D, 0xCB, 0xCE, 0xDA, 0x6D, 0xF0, 0x2F, 0x1D, 0x90, 0x81, 0xE6, 0xDB,
    0x50, 0x1C, 0x85, 0xBF, 0x9B, 0xA4, 0x6E, 0xD7, 0xD0, 0x5B, 0x28, 0x03, 0xBD, 0xC3, 0x30, 0x74,
    0x2E, 0x0C, 0x41, 0x9A, 0xFB, 0x9B, 0x32, 0x00, 0x83, 0x82, 0x61, 0x30, 0x00, 0x36, 0x14, 0xD9,
    0xCC, 0x72, 0xED, 0x49, 0xF6, 0x08, 0xC5, 0x00, 0x26, 0xF7, 0x11, 0xF2, 0x08, 0x79, 0x84, 0xA0,
    0x18, 0xD2, 0xE6, 0x9F, 0xFE, 0xF9, 0x70, 0x0E, 0x38, 0xC7, 0x57, 0x52, 0xE1, 0x44, 0x77, 0xFC,
    0x05, 0x86, 0x64, 0xD0, 0xBD, 0x95, 0x1A, 0xE0, 0x15, 0xC9, 0x88, 0x9B, 0x42, 0x6B, 0x63, 0x9D,
    0x07, 0xC0, 0x74, 0x97, 0xC3, 0x70, 0xA9, 0xBF, 0x0F, 0x67, 0x17, 0x37, 0x0A, 0xA0, 0x9D, 0xC2,
    0xF6, 0xC4, 0x1B, 0x15, 0xCA, 0x34, 0x56, 0x56, 0xCC, 0x0D, 0x84, 0x17, 0x78, 0x69, 0x82, 0x97,
    0x6C, 0x4E, 0x5F, 0xFC, 0xFB, 0xB1, 0xF9, 0x7D, 0xF7, 0x32, 0x66, 0x6C, 0xA0, 0xE1, 0x93, 0xE4,
    0xAC, 0x59, 0x02, 0xFA, 0xBA, 0xFB, 0x59, 0xBE, 0x2D, 0xF6, 0x65, 0x6D, 0x7B, 0x85, 0x42, 0xCC,
    0xB1, 0xB7, 0x69, 0xB7, 0x4B, 0xE3, 0x5E, 0xCB, 0xBB, 0x15, 0xA5, 0x8E, 0xF3, 0x72, 0xD3, 0x4A,
    0x7E, 0x45, 0x85, 0xB9, 0x0A, 0x55, 0x1E, 0x71, 0xC7, 0x81, 0x3C, 0x8E, 0xA8, 0x61, 0x07, 0x00,
    0xA0, 0xEF, 0xD8, 0xCF, 0x8F, 0x0B, 0xE7, 0x34, 0x40, 0x12, 0x0D, 0x15, 0x1E, 0xCF, 0x12, 0x16,
    0x90, 0x83, 0x16, 0xD2, 0xB0, 0xD5, 0xC1, 0x4C, 0xA2, 0x6E, 0xAC, 0xF0, 0xC1, 0x47, 0x27, 0x19,
    0x2F, 0xF9, 0xD3, 0xA6, 0x63, 0x7B, 0x1C, 0x1B, 0xF5, 0x3F, 0xE3, 0x23, 0x58, 0x5C, 0x30, 0xB2,
    0xA6, 0x06, 0xB8, 0x90, 0x04, 0xF2, 0x1B, 0x8B, 0xAF, 0x60, 0x1E, 0xFC, 0xF8, 0x87, 0xEB, 0x01,
    0xF8, 0x45, 0x7A, 0xC5, 0x08, 0x07, 0x28, 0x9F, 0xA9, 0x3E, 0x88, 0xB9, 0x83, 0xF0, 0x3A, 0x09,
    0xB5, 0x8E, 0x07, 0x8B, 0x1D, 0x51, 0x02, 0x60, 0xBA, 0x6F, 0xB3, 0xB5, 0xA2, 0x18, 0x0A, 0xD7,
    0xA1, 0x00, 0xFC, 0x14, 0xB7, 0x27, 0x79, 0x02, 0xD5, 0xDA, 0x01, 0x84, 0x25, 0x79, 0x7E, 0xC0,
    0xF1, 0x4F, 0x55, 0xCD, 0x6C, 0xCD, 0x5E, 0xD9, 0xA9, 0xC1, 0x92, 0x5D, 0x73, 0xD3, 0xAF, 0x81,
    0x3B, 0xD2, 0x7D, 0x0F, 0x82, 0x0E, 0x3D, 0x5D, 0x25, 0x10, 0x02, 0x39, 0x00, 0x82, 0x1C, 0x02,
    0xB0, 0xD9, 0xC3, 0x84, 0x0E, 0x33, 0xF3, 0x2A, 0x0E, 0x01, 0xE4, 0x00, 0xC0, 0x2D, 0x00, 0xB3,
    0x2E, 0x77, 0xE8, 0x30, 0xA4, 0x67, 0xBA, 0x22, 0x08, 0x16, 0x79, 0x11, 0x40, 0x70, 0xC5, 0x05,
    0xE4, 0xA0, 0x12, 0x0F, 0x2F, 0x7B, 0xEF, 0xBD, 0xCA, 0xFC, 0x6E, 0x2A, 0x8A, 0x30, 0x22, 0xD2,
    0x6F, 0xB6, 0x9B, 0xFE, 0x7F, 0x1B, 0x85, 0xF7, 0x7C, 0xFC, 0xFF, 0xF5, 0x2B, 0xE5, 0x61, 0xD6,
    0x42, 0xB5, 0x84, 0x45, 0xD4, 0xAF, 0x3A, 0xA4, 0xFF, 0xD0, 0x23, 0xFB, 0x51, 0xB4, 0xC8, 0xA2,
    0x1F, 0x65, 0x2B, 0x9C, 0xA6, 0x6B, 0x3C, 0x49, 0x36, 0xE8, 0xA2, 0x49, 0x6B, 0x43, 0xD6, 0xD8,
    0x52, 0x0C, 0xC3, 0x8E, 0xFB, 0x2F, 0x5E, 0x0C, 0x1C, 0xB1, 0xE0, 0x49, 0x54, 0x4F, 0x55, 0x27,
    0x2D, 0x55, 0x93, 0x45, 0xDB, 0xD9, 0xDA, 0x07, 0x43, 0x57, 0x6D, 0x94, 0x43, 0x0F, 0x00, 0x7C,
    0x17, 0xEC, 0xC0, 0x00, 0x5E, 0x81, 0x07, 0x90, 0xEF, 0x12, 0xCF, 0xBF, 0xFC, 0x2A, 0xED, 0x93,
    0x5D, 0xD1, 0xDA, 0x96, 0x8D, 0xCB, 0x39, 0x97, 0x15, 0x9B, 0x8A, 0xF5, 0x19, 0xAB, 0xE7, 0x92,
    0xBE, 0x92, 0xF6, 0x95, 0xAC, 0x9F, 0x37, 0xE5, 0xAA, 0xF8, 0xFA, 0x6F, 0xB7, 0xC9, 0xF0, 0x07,
    0x35, 0x80, 0x6F, 0xA1, 0x6A, 0xA8, 0x5A, 0xE6, 0x35, 0x77, 0x00, 0x90, 0xAF, 0xE0, 0xEE, 0x4B,
    0xF0, 0x43, 0xD0, 0x81, 0x06, 0x00, 0xDC, 0x1C, 0xB5, 0xAA, 0xE1, 0x3B, 0x2D, 0x59, 0x43, 0x81,
    0x7B, 0xC0, 0x75, 0x59, 0x65, 0x2D, 0x28, 0x5A, 0x30, 0x6B, 0xC0, 0x33, 0x90, 0x4C, 0x30, 0x46,
    0x37, 0x57, 0x03, 0xD8, 0x56, 0x35, 0xF4, 0xB3, 0xFF, 0x01, 0x36, 0x89, 0x05, 0xD9, 0x68, 0x36,
    0xA2, 0x8D, 0x6A, 0x23, 0xDB, 0xE8, 0x36, 0xC2, 0x8D, 0x72, 0x23, 0xDD, 0x68, 0x37, 0xE2, 0x8D,
    0x7A, 0x23, 0xDF, 0xE8, 0x37, 0x02, 0x8E, 0x82, 0xDE, 0x12, 0x7A, 0x6B, 0xE8, 0x2D, 0xA2, 0x49,
    0xD1, 0x31, 0x3C, 0x83, 0x0D, 0xB2, 0x0E, 0x65, 0xCD, 0x5D, 0x58, 0x34, 0xE4, 0xBF, 0x5E, 0x51,
    0xFE, 0x72, 0x4D, 0x59, 0xAF, 0x4C, 0xBA, 0xC1, 0x2B, 0x7C, 0x05, 0xB0, 0x10, 0x16, 0xC4, 0xC2,
    0x58, 0x20, 0x0B, 0x65, 0xC1, 0x2C, 0x9C, 0x05, 0xB4, 0x90, 0x16, 0xD4, 0x26, 0x6B, 0x2E, 0xC0,
    0x25, 0xA8, 0x40, 0xD9, 0x40, 0xDA, 0x01, 0xCD, 0xE4, 0x1C, 0xCC, 0xA3, 0x72, 0x20, 0xDF, 0x9C,
    0x3D, 0x99, 0x07, 0xD6, 0x92, 0xAC, 0xC7, 0x25, 0x66, 0x84, 0x63, 0x30, 0x86, 0x62, 0x20, 0x86,
    0xE1, 0xB5, 0xED, 0x4F, 0x50, 0xF4, 0x70, 0x77, 0x05, 0x7E, 0x0E, 0xC9, 0x52, 0xB4, 0xBE, 0x2D,
    0x6E, 0x00, 0x8B, 0x1A, 0x0F, 0x1B, 0xE4, 0x35, 0xEE, 0xC3, 0x3D, 0xEF, 0x7B, 0x27, 0x02, 0xCA,
    0x65, 0x58, 0x3E, 0xEE, 0xA3, 0x4F, 0xFE, 0xBC, 0x8F, 0xCE, 0x5B, 0x3C, 0x48, 0xDC, 0x32, 0xD7,
    0x6D, 0x4E, 0xF6, 0x2F, 0x79, 0x2D, 0xFB, 0xD1, 0x5F, 0x91, 0xFD, 0xC5, 0x16, 0x1E, 0xBC, 0x7F,
    0xD7, 0x3D, 0x9A, 0xBD, 0xFF, 0x69, 0xFC, 0x8E, 0x93, 0xBD, 0xE7, 0x29, 0x9D, 0x37, 0x50, 0x46,
    0x55, 0xE0, 0x12, 0xD2, 0x25, 0x00, 0xC0, 0x0F, 0xD2, 0x1A, 0xAB, 0x22, 0xFA, 0x6C, 0x0E, 0xF3,
    0x35, 0x24, 0xF5, 0xCD, 0xB2, 0x3E, 0xC5, 0x86, 0x74, 0x45, 0xBE, 0xE4, 0x00, 0x48, 0xEB, 0xEF,
    0xCA, 0x9B, 0xA7, 0xB2, 0x7F, 0xEA, 0x25, 0x43, 0xCB, 0xC7, 0xAE, 0x49, 0xF6, 0x9C, 0x10, 0x31,
    0x01, 0x16, 0x2D, 0x24, 0xFD, 0xED, 0x14, 0xCC, 0x5A, 0xB2, 0x8E, 0x00, 0xF4, 0x0C, 0x45, 0xBD,
    0x67, 0x41, 0x20, 0xD9, 0x8A, 0xFE, 0x29, 0x78, 0x04, 0x4E, 0xC0, 0xE1, 0xED, 0x74, 0x04, 0x65,
    0xC7, 0x87, 0x3D, 0x02, 0xB4, 0x25, 0xF5, 0x5E, 0x2C, 0xDF, 0x3D, 0x69, 0x6E, 0xA5, 0xA2, 0xD7,
    0x79, 0x2D, 0x7D, 0x3B, 0x6F, 0xFE, 0x91, 0x69, 0xDE, 0x84, 0xA3, 0x80, 0x14, 0x92, 0x82, 0x32,
    0x2C, 0xF7, 0x36, 0x6F, 0xDE, 0x6D, 0x76, 0xFB, 0xE6, 0xCD, 0x3B, 0xF6, 0xE1, 0xBE, 0xE7, 0x0D,
    0x16, 0xC3, 0x30, 0xD4, 0x66, 0x5F, 0xBF, 0xB8, 0x6A, 0xE4, 0xBD, 0xBC, 0x8D, 0xA6, 0x4B, 0x45,
    0xC7, 0x9B, 0x2E, 0xA1, 0x6C, 0x89, 0x66, 0x42, 0xB4, 0xC4, 0x3C, 0x28, 0xCC, 0x5F, 0xBC, 0x42,
    0xE5, 0xDB, 0x63, 0x59, 0x80, 0xE7, 0xE0, 0x15, 0x6A, 0x5B, 0xB2, 0x40, 0x54, 0x08, 0xD0, 0x63,
    0xE9, 0x56, 0xB2, 0xF6, 0x70, 0x78, 0xF1, 0xB3, 0x5E, 0x7C, 0xF8, 0x12, 0x00, 0xF0, 0x27, 0x90,
    0x6C, 0x20, 0xDD, 0x82, 0xCD, 0x64, 0x54, 0x6C, 0x79, 0x7D, 0xD5, 0xA6, 0x5D, 0xB1, 0x2C, 0xDA,
    0xBC, 0x2B, 0xEB, 0x6C, 0x39, 0x57, 0x34, 0x67, 0xC9, 0xD6, 0xD9, 0xBC, 0x51, 0xFD, 0x2B, 0x15,
    0x2A, 0xCC, 0x6B, 0x6D, 0xD9, 0xE6, 0xF2, 0xAF, 0x2F, 0xB9, 0x5A, 0x02, 0xF0, 0x09, 0xAE, 0x30,
    0x60, 0x61, 0x64, 0x06, 0xE1, 0x03, 0xDF, 0x89, 0xCA, 0x1A, 0x28, 0xC0, 0x5D, 0xE0, 0xC6, 0xA9,
    0x25, 0x5B, 0x92, 0xCF, 0x70, 0x84, 0x13, 0x1C, 0x02, 0xD7, 0x64, 0x95, 0xAE, 0x3F, 0x42, 0xF1,
    0xD3, 0x03, 0x94, 0xE5, 0x51, 0x34, 0x5F, 0x81, 0xFA, 0xA6, 0x49, 0xCC, 0xDA, 0xDE, 0xE3, 0xBE,
    0x77, 0xF1, 0x67, 0x9D, 0x27, 0x55, 0xCB, 0x9D, 0xEB, 0x51, 0x38, 0x06, 0x67, 0x60, 0x03, 0x59,
    0x0F, 0x65, 0x8D, 0x0F, 0xC0, 0xBC, 0x45, 0x36, 0xAC, 0x51, 0xFC, 0xC7, 0x26, 0xDA, 0x5C, 0xDC,
    0x30, 0x9D, 0x1E, 0x59, 0xA4, 0x58, 0x62, 0x56, 0xE3, 0x1C, 0x87, 0x48, 0xB6, 0x98, 0x0F, 0x2D,
    0x8B, 0x3F, 0x5C, 0x72, 0x92, 0xB7, 0x26, 0xB8, 0x90, 0x13, 0x74, 0xC2, 0x4E, 0xE0, 0x09, 0x3D,
    0xC1, 0x17, 0x7E, 0x02, 0x90, 0x4A, 0xC4, 0x68, 0x28, 0x10, 0x43, 0xD1, 0xC8, 0x98, 0xB5, 0xA2,
    0x1D, 0xA4, 0x2B, 0x70, 0x09, 0x66, 0xB8, 0x2D, 0x8E, 0xC7, 0xA8, 0x30, 0x6B, 0xC8, 0x3B, 0xBC,
    0x84, 0xC3, 0x10, 0x14, 0x80, 0xE1, 0x17, 0x7C, 0xD7, 0x75, 0xF6, 0xA8, 0x1A, 0xD3, 0xCD, 0xA8,
    0x86, 0x02, 0xDC, 0xBB, 0x35, 0x66, 0x40, 0xBA, 0x21, 0x79, 0x8A, 0x53, 0x3C, 0xC1, 0xF7, 0xF7,
    0xEA, 0xF6, 0x3A, 0xAC, 0xD2, 0x5F, 0xFD, 0x7E, 0x43, 0xF6, 0xF7, 0x5F, 0x21, 0xFB, 0xBB, 0x2D,
    0x78, 0x70, 0xBB, 0xDC, 0xF2, 0xFE, 0x54, 0x79, 0x7E, 0xEA, 0xF8, 0xD1, 0xB9, 0xE3, 0xB2, 0x27,
    0xB1, 0x27, 0xB7, 0x77, 0x9B, 0xDC, 0xCE, 0xA7, 0x84, 0x77, 0x2B, 0xED, 0xF1, 0xE9, 0x61, 0xC0,
    0x17, 0x28, 0xF1, 0xED, 0xE9, 0x02, 0x54, 0x43, 0x6B, 0xBE, 0xAB, 0xE5, 0x6B, 0xE1, 0x16, 0x2B,
    0xE4, 0x94, 0xCB, 0xF0, 0x8A, 0x15, 0x62, 0xCC, 0x1B, 0xAA, 0x7A, 0xFA, 0x12, 0x0B, 0xBC, 0xC6,
    0x16, 0x9B, 0x58, 0xA4, 0x1B, 0x66, 0x43, 0x63, 0x31, 0xB4, 0xA0, 0xEC, 0x7C, 0xD8, 0xD3, 0x49,
    0x5B, 0x09, 0x44, 0x73, 0x16, 0xB2, 0x5D, 0x18, 0x84, 0xEF, 0x25, 0x1B, 0xD6, 0xAC, 0x24, 0x2B,
    0x69, 0x1F, 0x7F, 0x59, 0xEF, 0xF3, 0x9D, 0x61, 0xD8, 0xEB, 0x97, 0x83, 0xA4, 0xA1, 0xE8, 0x29,
    0x57, 0xE4, 0x3D, 0x6A, 0xA4, 0xB5, 0x72, 0x69, 0xD6, 0x45, 0x93, 0xFF, 0xFB, 0x57, 0x06, 0x1F,
    0xD4, 0x66, 0xAD, 0xF9, 0x52, 0xD9, 0x4A, 0xE0, 0xE1, 0xAE, 0x26, 0xD9, 0x7D, 0xB9, 0xA2, 0x5C,
    0xDA, 0x71, 0x46, 0x55, 0x5B, 0x33, 0x6B, 0xB3, 0x9E, 0x32, 0xE6, 0x98, 0xA2, 0x2F, 0xDB, 0xE8,
    0xBC, 0x21, 0xEF, 0xAB, 0x7A, 0xEA, 0x02, 0xC5, 0xDB, 0x76, 0xD1, 0x72, 0xB9, 0xA8, 0x99, 0xB5,
    0x71, 0x75, 0x5E, 0x57, 0x0D, 0x67, 0x02, 0x62, 0x13, 0x3C, 0x59, 0x2F, 0x5B, 0x9B, 0x35, 0x5C,
    0xBD, 0xD8, 0xA2, 0x18, 0x7E, 0x0C, 0x00, 0xF0, 0x03, 0x82, 0x04, 0xB2, 0xA8, 0x24, 0xCA, 0xF7,
    0x21, 0xDF, 0xF1, 0xFC, 0xAA, 0x4D, 0x97, 0x65, 0x9F, 0x37, 0xD9, 0xAA, 0x94, 0xAE, 0xBF, 0xC7,
    0xE6, 0x6C, 0x5A, 0xEB, 0x8A, 0xBE, 0x92, 0x74, 0xF3, 0x26, 0x6B, 0xCB, 0xAE, 0xA8, 0xF3, 0x5D,
    0x6C, 0xC5, 0xE9, 0x63, 0x7C, 0x8A, 0x05, 0xAE, 0x6A, 0x2A, 0xDC, 0x01, 0xC0, 0xA2, 0x86, 0xDF,
    0x6E, 0x20, 0xAF, 0xA1, 0x04, 0xF7, 0x00, 0xE0, 0x26, 0xA9, 0x5D, 0x99, 0x8E, 0xCF, 0x23, 0x7C,
    0x0C, 0x5C, 0x87, 0xD5, 0x29, 0xB8, 0x84, 0x64, 0x0D, 0x79, 0x07, 0xF7, 0xE1, 0xC3, 0x49, 0x2B,
    0xDE, 0xF3, 0x51, 0xFE, 0xF3, 0x3A, 0x5A, 0xF7, 0x37, 0x4C, 0xE8, 0x1C, 0xD6, 0xC8, 0x7A, 0x14,
    0x2D, 0x8E, 0xF1, 0x09, 0x5C, 0xA1, 0x18, 0x3A, 0xE6, 0x5F, 0xF5, 0x1C, 0xA4, 0x9D, 0x09, 0x2E,
    0xE4, 0x04, 0x9D, 0xB0, 0x13, 0x78, 0x42, 0xCF, 0x19, 0x53, 0xD6, 0x42, 0x50, 0x10, 0x0A, 0x43,
    0x81, 0x28, 0x14, 0x47, 0xC6, 0xA2, 0x16, 0x6D, 0x21, 0xEB, 0xC1, 0x1A, 0x1C, 0x70, 0x6B, 0x1C,
    0x4B, 0x94, 0x0D, 0xC5, 0x92, 0x64, 0x85, 0x23, 0xD3, 0x1D, 0x3D, 0x00, 0xC3, 0x2F, 0xF8, 0xAE,
    0xEB, 0x84, 0x5A, 0x80, 0x3F, 0xAA, 0xA1, 0x00, 0xF7, 0xC1, 0xBD, 0x5B, 0x63, 0x06, 0xD8, 0xE1,
    0x0B, 0xDC, 0x1F, 0xD5, 0x1E, 0xEC, 0xD5, 0x6D, 0x5B, 0x20, 0xFB, 0x45, 0x34, 0xFF, 0xCB, 0x2F,
    0xA2, 0xBF, 0xB7, 0x41, 0xE2, 0xC1, 0xED, 0x72, 0x4B, 0x37, 0xF7, 0xE5, 0x3F, 0xBD, 0xAF, 0x2C,
    0x3F, 0x53, 0x66, 0x6B, 0xD4, 0x7B, 0x70, 0xDB, 0xBB, 0xC9, 0xFB, 0x9F, 0x8F, 0xEF, 0x50, 0xDA,
    0xE7, 0xDC, 0x4C, 0x3A, 0xC8, 0xA2, 0x82, 0x80, 0xB9, 0x1A, 0x2F, 0x93, 0x25, 0xE8, 0x40, 0xCF,
    0xC3, 0xA1, 0xED, 0x25, 0xBB, 0x9F, 0x0D, 0x5D, 0x38, 0x0E, 0xCD, 0x37, 0xE1, 0x98, 0xB5, 0x28,
    0x22, 0x71, 0xC9, 0x59, 0x82, 0x3E, 0x6B, 0x8C, 0x57, 0xD2, 0x56, 0x3E, 0x64, 0xED, 0x1B, 0xA9,
    0x21, 0xA8, 0x76, 0xFF, 0xBF, 0x7B, 0xBF, 0x03, 0x30, 0xAB, 0x27, 0x9A, 0xB4, 0x57, 0xE3, 0xE9,
    0x0D, 0xB4, 0x39, 0x82, 0x8A, 0x91, 0x26, 0xEF, 0x12, 0x5C, 0xEC, 0xCD, 0xC6, 0xBB, 0x9F, 0xB7,
    0x6A, 0xDC, 0xBB, 0x81, 0x42, 0xC0, 0x15, 0x7C, 0x01, 0x25, 0x3C, 0x4A, 0xF0, 0xF1, 0x9E, 0x99,
    0xB2, 0xD5, 0x11, 0xCA, 0xA7, 0xD1, 0x83, 0xFB, 0x4F, 0x6B, 0x1E, 0x15, 0xFF, 0xBE, 0xE4, 0x8E,
    0xFA, 0xC6, 0x01, 0x15, 0xFD, 0x09, 0x07, 0x17, 0x27, 0x9C, 0x3E, 0xFE, 0x1B, 0x4E, 0xCB, 0x5F,
    0x36, 0x24, 0x7B, 0xB2, 0xA9, 0x61, 0xFF, 0x5B, 0x65, 0x9F, 0x37, 0x6C, 0x09, 0xEC, 0xFB, 0x9C,
    0xF1, 0x29, 0x2C, 0xE0, 0xAA, 0x46, 0x05, 0x77, 0x30, 0x1B, 0xFA, 0x74, 0x58, 0x3D, 0x1C, 0x7E,
    0x9C, 0x5C, 0x75, 0xE9, 0x96, 0x4A, 0xBA, 0xE1, 0x58, 0xBA, 0xE6, 0x54, 0xB6, 0x12, 0xED, 0xA3,
    0x79, 0xCF, 0xB9, 0xE8, 0x85, 0xA2, 0xE3, 0xE7, 0xC1, 0xAB, 0x17, 0x8E, 0x7D, 0x88, 0x24, 0x5D,
    0x34, 0x5D, 0x9A, 0x37, 0xD2, 0x56, 0xD5, 0xC8, 0xDA, 0x90, 0xCF, 0x6B, 0xF3, 0x46, 0x19, 0x86,
    0x8E, 0xC3, 0xDF, 0x4B, 0xB2, 0xDD, 0x97, 0x4B, 0x7C, 0xFE, 0x9F, 0x00, 0x00, 0x69, 0x03, 0x65,
    0x27, 0xDA, 0x43, 0xB1, 0x84, 0x04, 0xAA, 0xBE, 0xDC, 0xCC, 0xFB, 0x62, 0x93, 0x75, 0x36, 0xD9,
    0xD2, 0x3A, 0x5F, 0x5A, 0x15, 0x6D, 0xF2, 0x66, 0xA5, 0x7D, 0xD9, 0xC4, 0xCA, 0xBA, 0x59, 0xFD,
    0x66, 0xC9, 0x97, 0x73, 0xE5, 0x72, 0x5E, 0x57, 0xAB, 0xF2, 0xDF, 0x7E, 0xB1, 0x4E, 0x77, 0x9F,
    0xFC, 0x6F, 0x83, 0x0C, 0x24, 0x5B, 0xF0, 0xD7, 0xE0, 0x11, 0x38, 0x05, 0x87, 0x00, 0xB8, 0x51,
    0x6A, 0x3B, 0xFC, 0x04, 0x1F, 0xE1, 0x14, 0x87, 0xE0, 0x9A, 0xAC, 0xF2, 0x06, 0x94, 0x0D, 0xA8,
    0x80, 0x4B, 0x59, 0x43, 0xDA, 0xC9, 0x5A, 0x90, 0xFE, 0xF7, 0xBF, 0xDF, 0xA0, 0x0C, 0x6D, 0xA8,
    0xBC, 0x5E, 0xD4, 0xC1, 0xF2, 0x98, 0x70, 0x39, 0x32, 0xC2, 0x8C, 0x32, 0x82, 0xE6, 0x84, 0x50,
    0x79, 0x62, 0xC4, 0x19, 0x75, 0x46, 0x1E, 0xE1, 0xD3, 0x19, 0x81, 0x46, 0xA1, 0x91, 0x68, 0x34,
    0x1A, 0x91, 0x46, 0xA5, 0x91, 0x29, 0x9C, 0x2E, 0x18, 0xA1, 0x26, 0xA9, 0xAC, 0x35, 0x3D, 0xA0,
    0xD4, 0xF0, 0x4A, 0x42, 0xD2, 0xC9, 0x9A, 0xE9, 0x7A, 0xDA, 0xBE, 0x41, 0xDB, 0x65, 0xED, 0x1B,
    0xB6, 0x61, 0x68, 0x03, 0xEE, 0xB5, 0xA0, 0x23, 0xF0, 0x08, 0x3E, 0x02, 0x90, 0x20, 0x24, 0x10,
    0x09, 0x46, 0x02, 0x92, 0xA0, 0x24, 0x30, 0x09, 0x4E, 0x26, 0x50, 0x38, 0x07, 0x9E, 0x61, 0x32,
    0x2D, 0x5A, 0x59, 0x43, 0xD2, 0xDF, 0x26, 0xD4, 0x53, 0x70, 0x66, 0x32, 0x2D, 0x5A, 0x09, 0xFA,
    0xF7, 0x8E, 0x6A, 0x3A, 0xBE, 0xD3, 0xF9, 0xF5, 0x08, 0x38, 0x95, 0x35, 0x38, 0xBC, 0x4D, 0xB6,
    0x80, 0x1D, 0xF8, 0x09, 0xF8, 0x08, 0x9C, 0x4A, 0x70, 0xF8, 0x4D, 0x08, 0x4F, 0xBF, 0xCA, 0x18,
    0x7F, 0x96, 0xE1, 0xFC, 0x77, 0xFB, 0xAC, 0xE1, 0xC9, 0xBC, 0xCD, 0x5A, 0x1E, 0x24, 0xB7, 0x88,
    0xB6, 0x5C, 0xFE, 0x10, 0x8F, 0xFB, 0x0B, 0x9C, 0x9C, 0xF4, 0x09, 0x27, 0xF3, 0x65, 0xD6, 0x90,
    0xBC, 0x5F, 0xD4, 0xAC, 0x81, 0x5B, 0xB8, 0x35, 0xA7, 0x71, 0x3D, 0xCD, 0x6B, 0x65, 0x6F, 0x9A,
    0xD8, 0x12, 0x00, 0x09, 0x7C, 0x33, 0x7B, 0xF6, 0x53, 0xB0, 0x00, 0x57, 0x35, 0x54, 0xE0, 0x0E,
    0x70, 0x0C, 0xE6, 0x20, 0x9C, 0xC8, 0x3A, 0xF0, 0x12, 0x00, 0xA8, 0x86, 0x75, 0x32, 0xAC, 0xE7,
    0x43, 0xE7, 0xAA, 0xCB, 0x06, 0xCE, 0x24, 0x3B, 0xCE, 0x19, 0xE8, 0x59, 0xD4, 0xBF, 0x51, 0x6C,
    0x0B, 0xCC, 0x96, 0x8F, 0x04, 0xC5, 0x39, 0xF2, 0xBE, 0x47, 0xF6, 0xEB, 0x16, 0xC9, 0x00, 0x76,
    0x60, 0x33, 0x35, 0x89, 0x4A, 0xD7, 0x90, 0xAD, 0xA6, 0x16, 0x51, 0x9F, 0xEF, 0x60, 0x18, 0xA0,
    0xA8, 0x51, 0xB6, 0xC8, 0x3B, 0x24, 0x6B, 0xF8, 0x1E, 0x00, 0xCC, 0x86, 0x64, 0x68, 0xCB, 0x6D,
    0xF2, 0xBA, 0xCE, 0x7A, 0xE7, 0xB2, 0x5E, 0x2F, 0x59, 0xA5, 0x2D, 0xEB, 0xD0, 0xDF, 0x94, 0x78,
    0x75, 0x84, 0xE7, 0xBF, 0x83, 0xAA, 0x8F, 0xB4, 0x82, 0x15, 0x07, 0x70, 0x0A, 0x2B, 0x24, 0x1D,
    0xB2, 0x16, 0xE5, 0x74, 0x11, 0x0E, 0x6F, 0x8C, 0x07, 0x00, 0x7C, 0x0B, 0x54, 0xED, 0xD4, 0x79,
    0x03, 0x77, 0xF7, 0xCC, 0xF2, 0x01, 0x4E, 0xE7, 0x2D, 0x87, 0xF3, 0x25, 0x66, 0x2D, 0x12, 0x00,
    0xB8, 0x02, 0x7F, 0x0C, 0x0A, 0xF0, 0x08, 0x7C, 0x0C, 0xC0, 0x0D, 0x03, 0x9D, 0xB7, 0xF8, 0xAD,
    0x48, 0x16, 0xC9, 0xEB, 0x60, 0xFC, 0x46, 0x76, 0x19, 0x40, 0xDE, 0x9F, 0xE0, 0xE0, 0x3C, 0x7A,
    0x74, 0x7C, 0x11, 0x2D, 0x3B, 0x48, 0x6E, 0x1E, 0x5F, 0xBC, 0xBD, 0x14, 0xAF, 0x2F, 0x95, 0xC5,
    0x67, 0x94, 0xD9, 0x1A, 0xEA, 0xF7, 0x2C, 0xF7, 0x5F, 0x6D, 0xD0, 0x01, 0x84, 0x24, 0x67, 0x1A,
    0xC6, 0xF1, 0x5F, 0x57, 0xCD, 0x5E, 0xB1, 0x65, 0xE6, 0x1B, 0xDC, 0x62, 0xEF, 0x66, 0xBA, 0x0F,
    0x30, 0x98, 0x99, 0x86, 0xC5, 0xA0, 0x67, 0xEB, 0x73, 0x70, 0xB8, 0x3B, 0x07, 0x37, 0x07, 0x27,
    0x12, 0x04, 0x88, 0x30, 0x58, 0x0C, 0x66, 0xB7, 0xBF, 0x58, 0x00, 0x58, 0x00, 0xC0, 0x22, 0x40,
    0x60, 0xB1, 0x92, 0x11, 0x33, 0xDB, 0x95, 0x2C, 0x20, 0x50, 0x04, 0x41, 0x48, 0x8A, 0x2C, 0x41,
    0x90, 0x46, 0x63, 0xB2, 0x7A, 0xBA, 0x53, 0x4D, 0xCB, 0x20, 0xC1, 0xFF, 0x7B, 0xDF, 0xE7, 0xA9,
    0xF7, 0xFB, 0x1E, 0xF5, 0x42, 0xB5, 0x5C, 0xBA, 0x77, 0x72, 0xC2, 0x5A, 0x2C, 0xE7, 0x9D, 0x3A,
    0xF9, 0xEF, 0x5A, 0xD5, 0x9D, 0x88, 0x7F, 0xF0, 0x89, 0x71, 0xA7, 0x97, 0x37, 0x9D, 0xB1, 0x72,
    0xFE, 0x96, 0xB5, 0x21, 0x0D, 0x63, 0x55, 0x57, 0x4D, 0x48, 0x90, 0xD5, 0x61, 0x1A, 0xA6, 0xC5,
    0x34, 0x6F, 0xCB, 0x38, 0xC2, 0xDA, 0x99, 0xE5, 0x2B, 0x27, 0x8D, 0xE0, 0xBD, 0x2C, 0x66, 0x4D,
    0x5F, 0x88, 0x97, 0xAA, 0xDE, 0xB5, 0xEA, 0xCB, 0x79, 0xC7, 0xC2, 0x20, 0x5E, 0xDB, 0xB0, 0x2D,
    0x6B, 0xB6, 0x94, 0xD3, 0x71, 0x0C, 0xB3, 0x71, 0x9D, 0x4F, 0x87, 0x29, 0x6F, 0x87, 0x56, 0x37,
    0x0F, 0x7A, 0x2D, 0xAC, 0xDF, 0xDC, 0x12, 0x7E, 0x9B, 0xA9, 0xD6, 0x33, 0xE7, 0x46, 0xEB, 0x19,
    0x59, 0xA2, 0xA8, 0x57, 0x50, 0x26, 0x42, 0x24, 0x20, 0x60, 0x40, 0xF7, 0x07, 0xF5, 0xC9, 0x87,
    0xBD, 0x68, 0x1F, 0xA3, 0x35, 0x67, 0x78, 0x89, 0x19, 0xA6, 0x2B, 0xE8, 0x75, 0x64, 0x2D, 0x79,
    0xB3, 0x62, 0xFD, 0x5C, 0x4D, 0x58, 0x91, 0x60, 0x0F, 0xE7, 0x6B, 0x2E, 0x7E, 0x77, 0x39, 0x74,
    0xAB, 0xBB, 0xF3, 0xBF, 0xE6, 0xCF, 0xB2, 0x9A, 0x7C, 0x45, 0xA2, 0x58, 0x11, 0x29, 0xE3, 0x6A,
    0x97, 0xED, 0xBD, 0x77, 0x4F, 0xA2, 0x3E, 0x0E, 0x71, 0x8C, 0x11, 0xCE, 0x71, 0x89, 0x39, 0xAE,
    0x21, 0x6F, 0x07, 0xB3, 0xF1, 0x7C, 0xBC, 0xA8, 0x6E, 0xC2, 0xAC, 0x48, 0xA0, 0xB4, 0xEB, 0xAC,
    0xAA, 0x27, 0xBD, 0x9B, 0xAA, 0x99, 0x7C, 0xB4, 0x08, 0xE9, 0xA1, 0xB9, 0xD5, 0x0A, 0xDD, 0x07,
    0xC8, 0x7F, 0x6C, 0x01, 0x5B, 0x2E, 0xD9, 0x84, 0x91, 0x63, 0x1E, 0xC0, 0x91, 0x01, 0x2D, 0x9C,
    0x09, 0xF2, 0xB4, 0xEE, 0xE2, 0x16, 0x38, 0x17, 0xE2, 0x11, 0x18, 0x09, 0x5A, 0x70, 0x28, 0x64,
    0x09, 0x84, 0xB8, 0x5B, 0x02, 0x45, 0xF3, 0x68, 0xBF, 0x17, 0xDD, 0xC3, 0x24, 0xBD, 0xA8, 0xE6,
    0xBD, 0xE5, 0x14, 0xD9, 0x17, 0x8B, 0xFF, 0xFF, 0x33, 0xCD, 0x51, 0xE4, 0xB3, 0xEC, 0x3B, 0x15,
    0x76, 0xCA, 0xDA, 0xDC, 0x00, 0xA7, 0x21, 0x9A, 0x0B, 0x49, 0xAF, 0x1E, 0x30, 0x57, 0x26, 0x85,
    0x3E, 0x73, 0x45, 0x6D, 0xD7, 0xA6, 0xFC, 0x46, 0x91, 0x3C, 0xB0, 0xA9, 0xF8, 0x5E, 0x11, 0x35,
    0x32, 0x83, 0xFF, 0xC4, 0x52, 0x1E, 0xF5, 0xD2, 0x55, 0x5E, 0xEF, 0xD8, 0xC4, 0xB0, 0xF5, 0xF9,
    0x33, 0x00, 0xF4, 0x52, 0x51, 0x97, 0x29, 0xE8, 0xDB, 0x77, 0xE4, 0xD4, 0xF3, 0xCE, 0xB9, 0x5F,
    0xD4, 0x0F, 0xCB, 0x34, 0x0A, 0x2E, 0xFA, 0xA6, 0xFB, 0xDA, 0xA3, 0xAC, 0x3E, 0xCD, 0xD3, 0xF3,
    0x9C, 0x1E, 0x65, 0x74, 0xC0, 0x4C, 0x51, 0x1B, 0x70, 0xCE, 0x88, 0x40, 0x5E, 0x33, 0xE5, 0x8C,
    0x1D, 0xD8, 0x60, 0x97, 0x32, 0xCA, 0x1A, 0x66, 0x1C, 0x13, 0x38, 0xE4, 0x42, 0xDE, 0x08, 0x8C,
    0x78, 0x0E, 0xFC, 0x69, 0xF9, 0x8C, 0xF1, 0x27, 0xD7, 0xB2, 0x99, 0x85, 0xB2, 0x8E, 0x63, 0xC3,
    0xBF, 0x4F, 0xC7, 0xAA, 0x72, 0x36, 0xF6, 0x24, 0xCC, 0x5E, 0xB9, 0x1F, 0xA6, 0x73, 0xC2, 0x0F,
    0xD7, 0x84, 0x6F, 0x5B, 0xC2, 0xCF, 0x89, 0x70, 0x83, 0xD0, 0x22, 0x24, 0x0C, 0xE0, 0x10, 0x0E,
    0x00, 0x1C, 0xC1, 0x02, 0x96, 0x70, 0x05, 0xDB, 0x00, 0x40, 0x5E, 0x83, 0x8D, 0x75, 0x3D, 0x28,
    0x12, 0x18, 0xFE, 0x23, 0x46, 0x28, 0xBE, 0x29, 0x1A, 0xF0, 0xE9, 0xB8, 0x01, 0xFD, 0x37, 0xE0,
    0xAF, 0x6F, 0x23, 0x58, 0xFE, 0x6B, 0x0A, 0x5E, 0xEE, 0x3C, 0x01, 0x46, 0x83, 0x04, 0x46, 0x05,
    0x70, 0x0E, 0xF2, 0x66, 0x4F, 0x51, 0x77, 0x29, 0x1D, 0x5D, 0xED, 0x77, 0xF5, 0xB8, 0x88, 0x06,
    0x4F, 0x53, 0xAC, 0x4A, 0x31, 0xFF, 0xBA, 0x68, 0x8B, 0xAF, 0xCA, 0xDA, 0x67, 0xE3, 0xD6, 0x2F,
    0x93, 0xC6, 0x5F, 0xDE, 0x70, 0xF8, 0x71, 0x97, 0x92, 0x7C, 0xF0, 0x53, 0x34, 0xF9, 0xF7, 0xCC,
    0xF2, 0x9D, 0xD6, 0xA3, 0x9D, 0x87, 0x5E, 0xEE, 0x3F, 0x66, 0x3F, 0x24, 0xA3, 0x61, 0x34, 0x2A,
    0x38, 0xBB, 0xCB, 0x08, 0x17, 0xD8, 0xC3, 0xFB, 0x80, 0x07, 0xA0, 0x81, 0x3C, 0xC1, 0x16, 0x38,
    0x02, 0xED, 0xAD, 0x7D, 0x17, 0xEC, 0x83, 0x17, 0x90, 0xD5, 0x50, 0xDE, 0xDA, 0x4E, 0xA1, 0x57,
    0x43, 0x01, 0x76, 0xC0, 0x23, 0xB7, 0x09, 0x11, 0x36, 0x6F, 0x83, 0xC1, 0xB6, 0xF1, 0x1B, 0x97,
    0xC5, 0xDB, 0x49, 0xB6, 0x18, 0xA4, 0xE1, 0xD3, 0x9B, 0x4A, 0x78, 0x3D, 0x7F, 0xDC, 0x1D, 0xD7,
    0x57, 0x06, 0xAF, 0x67, 0x57, 0x86, 0x4F, 0xA7, 0xDB, 0xAA, 0xBC, 0xE5, 0x26, 0x6F, 0xE4, 0xB3,
    0xA2, 0x36, 0xA8, 0xBB, 0xE3, 0x95, 0x32, 0x65, 0x53, 0x21, 0x76, 0x7D, 0xE8, 0x7A, 0x41, 0xA0,
    0xEF, 0x0E, 0x80, 0x5D, 0xF6, 0x4C, 0x58, 0x98, 0x24, 0x4B, 0x15, 0x57, 0x36, 0xD8, 0xF6, 0x2B,
    0x2D, 0xD2, 0x81, 0x66, 0x25, 0x57, 0x1C, 0xC7, 0xF1, 0xCF, 0xCC, 0xE9, 0xEE, 0x6C, 0x3B, 0x9A,
    0x59, 0x14, 0x68, 0x37, 0xF3, 0x02, 0x49, 0x2E, 0x2C, 0x52, 0xE6, 0x26, 0x43, 0xE9, 0x1B, 0x64,
    0xD1, 0xA2, 0x7D, 0x83, 0xC0, 0x22, 0x88, 0xDD, 0x79, 0x84, 0x42, 0x9F, 0x22, 0x48, 0x51, 0xA4,
    0x24, 0xC9, 0x79, 0x84, 0x59, 0xFA, 0x00, 0x07, 0x4D, 0xD1, 0xA0, 0x83, 0x09, 0x69, 0x6D, 0xEE,
    0xF4, 0xDE, 0x69, 0x38, 0xDF, 0xF3, 0x33, 0x33, 0x8E, 0xFF, 0xEF, 0x37, 0xE7, 0x07, 0x8E, 0x47,
    0xF9, 0xFD, 0x95, 0xB2, 0xAB, 0xD5, 0xAA, 0x76, 0xA9, 0x6C, 0x9B, 0xB5, 0x9E, 0xAC, 0xB9, 0x50,
    0xB9, 0xB0, 0xE7, 0x54, 0x63, 0x69, 0x54, 0x9F, 0xF5, 0xF2, 0x15, 0x10, 0x7A, 0x21, 0x6D, 0xF6,
    0x22, 0xAA, 0x68, 0xF8, 0x55, 0xFE, 0xA1, 0x2B, 0xBF, 0x89, 0x3B, 0x21, 0xFE, 0xF6, 0xFD, 0xEF,
    0xD3, 0xF4, 0xA8, 0x6C, 0x55, 0x54, 0x3C, 0x83, 0x97, 0xF8, 0xC5, 0xCD, 0x14, 0xDD, 0x1F, 0xB5,
    0x59, 0x4F, 0x88, 0x84, 0x8E, 0x72, 0x4A, 0x9E, 0xB9, 0x46, 0x8D, 0x6A, 0xD6, 0xFD, 0x79, 0xEC,
    0xA9, 0x83, 0x7C, 0x50, 0xAE, 0x5A, 0xF2, 0xA9, 0xB5, 0x38, 0x4B, 0x2E, 0x0D, 0xF9, 0xE0, 0xA7,
    0x10, 0x29, 0xCF, 0x47, 0xD5, 0xED, 0xB5, 0xBA, 0xAD, 0xED, 0xCD, 0xD6, 0xAB, 0x8D, 0x75, 0xBB,
    0xB6, 0xD5, 0x1A, 0xE5, 0x5F, 0x83, 0x6C, 0x6A, 0x69, 0x09, 0xD3, 0x94, 0xCA, 0x9F, 0x8F, 0xFA,
    0x17, 0x42, 0xCB, 0xAB, 0xD9, 0x8A, 0x10, 0xD9, 0xC2, 0x3E, 0x59, 0x9A, 0x1F, 0x55, 0x2D, 0x0B,
    0x1C, 0x9A, 0x15, 0xF8, 0x72, 0xE4, 0xFA, 0x4A, 0x36, 0x54, 0xF2, 0xBE, 0x14, 0xE2, 0x96, 0x3C,
    0x35, 0x5C, 0x27, 0xDE, 0xF7, 0xEB, 0xD8, 0xA3, 0x2D, 0x8D, 0x9D, 0x35, 0xFB, 0x6B, 0x9A, 0xF9,
    0x57, 0x25, 0xC5, 0x0A, 0xC5, 0x23, 0x07, 0xE7, 0x9D, 0x21, 0xC4, 0xD0, 0xE7, 0x29, 0xC4, 0x6C,
    0x28, 0x66, 0xF2, 0x54, 0xC4, 0xA2, 0x0F, 0x63, 0x1D, 0xDD, 0xDC, 0x75, 0xB2, 0xCA, 0x27, 0x96,
    0x1A, 0x0F, 0x0E, 0xCF, 0x7A, 0xE5, 0x0A, 0x50, 0x3F, 0xF0, 0x78, 0x2C, 0xF4, 0x65, 0x57, 0x76,
    0x21, 0x56, 0x42, 0xDC, 0x5E, 0xB3, 0xBB, 0x66, 0xA9, 0x58, 0x53, 0xB5, 0x7B, 0x6A, 0xB5, 0x53,
    0xE5, 0xDD, 0x53, 0x5E, 0xFC, 0xA0, 0xFA, 0xE8, 0xF9, 0xC8, 0xF0, 0xB4, 0xB2, 0x24, 0xEF, 0xE5,
    0x51, 0x88, 0x8A, 0xE8, 0xF8, 0x0F, 0xD3, 0x47, 0xB0, 0x18, 0xB3, 0xFB, 0xAB, 0x10, 0x0F, 0x8A,
    0x6E, 0xB7, 0xE8, 0xFE, 0xBF, 0xC6, 0x5E, 0xC9, 0x6B, 0x59, 0xF4, 0x99, 0xAF, 0x96, 0xDF, 0x8D,
    0xEF, 0xA7, 0x9E, 0x4D, 0xD4, 0xFC, 0xCF, 0xA1, 0xE8, 0x86, 0xB2, 0x4D, 0x59, 0xD1, 0x65, 0x53,
    0xE7, 0xDB, 0x81, 0x91, 0x51, 0x18, 0xBE, 0x3E, 0x8F, 0x8B, 0x7F, 0x00, 0x03, 0x46, 0xB2, 0x81,
    0x3C, 0x51, 0x44, 0x2A, 0x34, 0x18, 0x7E, 0x14, 0xE2, 0xA0, 0xCA, 0x92, 0x83, 0x37, 0xB7, 0x0E,
    0xA7, 0x89, 0x10, 0x9F, 0xE8, 0xC8, 0xC0, 0xCB, 0xF9, 0xF0, 0x34, 0xC5, 0xEC, 0xF6, 0x48, 0xFE,
    0xF4, 0xB9, 0x68, 0xA9, 0x6E, 0x92, 0x4F, 0xB3, 0x2B, 0x2C, 0x50, 0xCF, 0xFA, 0xD6, 0xD2, 0x85,
    0x4B, 0xCB, 0x3C, 0xCD, 0x55, 0xF1, 0x7C, 0xAE, 0x4A, 0xEF, 0x21, 0x1B, 0x42, 0xD2, 0xCD, 0xE3,
    0x8F, 0x47, 0xF5, 0xED, 0x95, 0x85, 0x85, 0xA5, 0x5A, 0xA3, 0xD2, 0xCC, 0xBA, 0x3B, 0x17, 0xAD,
    0xBA, 0x4B, 0xF2, 0xCD, 0x59, 0x73, 0x55, 0xFA, 0xEA, 0xE8, 0x4D, 0x7C, 0xA1, 0xC0, 0x0E, 0x86,
    0xD9, 0x9B, 0x6D, 0xBC, 0x25, 0x7B, 0x8A, 0x54, 0xE3, 0x10, 0xEF, 0xB0, 0x07, 0x50, 0x8F, 0x56,
    0x97, 0x79, 0xDA, 0x0A, 0x71, 0xBD, 0x3E, 0x0F, 0xFD, 0x89, 0x7F, 0x7B, 0x37, 0xB1, 0xF8, 0x30,
    0xBC, 0x72, 0xB2, 0xAF, 0x79, 0xBD, 0xD9, 0x87, 0xB5, 0xBB, 0x62, 0x45, 0xF9, 0xC0, 0xBB, 0xF3,
    0x36, 0x4B, 0x45, 0xDC, 0xB4, 0xA3, 0xE8, 0xF2, 0x54, 0xCE, 0x84, 0xBE, 0x8C, 0xEB, 0x77, 0xE3,
    0x71, 0x34, 0xFD, 0xDD, 0x7A, 0x56, 0xFB, 0x42, 0xE3, 0x24, 0x1B, 0x1D, 0x9E, 0xF7, 0xCA, 0x47,
    0xFE, 0x03, 0xA5, 0x96, 0x01, 0x84, 0x26, 0xC9, 0x15, 0xC7, 0x7F, 0xDD, 0xB5, 0x7B, 0xED, 0xD2,
    0x32, 0x75, 0xC8, 0x0A, 0xD6, 0x6E, 0x07, 0xC1, 0x61, 0x56, 0x05, 0xC1, 0x84, 0x6F, 0xA7, 0x2B,
    0x96, 0x1C, 0x82, 0x2C, 0xF6, 0xDB, 0x43, 0xB0, 0x00, 0x08, 0x19, 0x58, 0x1C, 0xD9, 0xB9, 0xEE,
    0x64, 0x11, 0x04, 0xB7, 0xB8, 0x08, 0x22, 0x12, 0x00, 0x7B, 0x64, 0x06, 0x4B, 0x36, 0xCC, 0x4E,
    0xD7, 0xDE, 0x11, 0x08, 0x54, 0xB0, 0x81, 0x23, 0x1A, 0x17, 0xE2, 0x92, 0x24, 0x25, 0x7A, 0x93,
    0xDE, 0xBD, 0xFE, 0xBA, 0xD2, 0xF5, 0xC6, 0xEC, 0x27, 0x09, 0x20, 0x4F, 0xF9, 0xBD, 0xA7, 0xBE,
    0xEA, 0x7A, 0xCF, 0xAB, 0x7F, 0x95, 0x0F, 0xC2, 0x31, 0x9C, 0xB3, 0x0F, 0x40, 0x26, 0xCC, 0x7F,
    0x1F, 0x1F, 0x80, 0x8A, 0x9F, 0x4E, 0xA0, 0x5F, 0xFA, 0x1A, 0xEA, 0x8F, 0x9C, 0x6E, 0x89, 0xF7,
    0x9D, 0x76, 0x79, 0xBC, 0xD1, 0x96, 0x5E, 0xC5, 0xC2, 0x6A, 0x5F, 0xC6, 0x92, 0xD7, 0xD1, 0x51,
    0x03, 0xD5, 0xDF, 0x12, 0xCD, 0x5F, 0x77, 0x80, 0xFA, 0x2F, 0x57, 0x12, 0xA7, 0x5D, 0xE1, 0x2A,
    0x71, 0x5C, 0x91, 0x51, 0x0F, 0x7B, 0x28, 0x4C, 0xB8, 0xCB, 0xE7, 0xD1, 0x4B, 0xDA, 0x37, 0x29,
    0x43, 0xE0, 0x17, 0xA8, 0x4D, 0x28, 0x5A, 0xB2, 0xF8, 0xF2, 0x09, 0xE4, 0x1F, 0x4B, 0xF2, 0x0F,
    0x1D, 0x0B, 0x3F, 0x12, 0xDE, 0x4F, 0xCC, 0x32, 0xCB, 0xD6, 0xBA, 0x18, 0x23, 0x50, 0xBD, 0x7C,
    0x18, 0x2D, 0x94, 0x01, 0xDD, 0x42, 0xD9, 0xA3, 0x1C, 0x68, 0x4F, 0xDE, 0x8A, 0x03, 0xD0, 0x4E,
    0x5C, 0xE5, 0xF8, 0x52, 0x07, 0xA6, 0xE5, 0x57, 0x47, 0xED, 0xE2, 0xCA, 0x3F, 0x69, 0x47, 0x1D,
    0x63, 0xAF, 0x5B, 0xEA, 0x87, 0x9D, 0xBB, 0x0A, 0x8D, 0x6C, 0xC2, 0xE9, 0xB9, 0xAB, 0x2C, 0xB0,
    0xA1, 0x02, 0x98, 0x30, 0x40, 0x36, 0xB1, 0x0F, 0xE4, 0xE2, 0x50, 0x13, 0xA7, 0x80, 0x99, 0xBF,
    0x91, 0x2A, 0xEE, 0xE2, 0x7B, 0x31, 0x00, 0x94, 0xF1, 0x9B, 0x40, 0xF7, 0x41, 0xB4, 0xE4, 0x03,
    0x5D, 0x4B, 0xE1, 0x30, 0x2E, 0x6D, 0xAA, 0x5D, 0xDA, 0xB3, 0x10, 0xE6, 0x0B, 0x5B, 0x90, 0xC2,
    0x40, 0xC5, 0x18, 0x7B, 0xB2, 0xB7, 0x9F, 0xAF, 0x2D, 0xE9, 0x2B, 0x20, 0x1B, 0xB7, 0xF3, 0xB7,
    0xCF, 0xE6, 0x03, 0x80, 0xF2, 0x00, 0xDA, 0x51, 0x82, 0x81, 0x5D, 0x78, 0x4C, 0x36, 0x50, 0x3C,
    0xBF, 0x7D, 0xD4, 0x4B, 0x5B, 0x1C, 0x34, 0x1E, 0xE2, 0x88, 0x09, 0xD0, 0x7D, 0x42, 0x39, 0x92,
    0x32, 0x96, 0x13, 0x54, 0xA0, 0x67, 0xB8, 0x02, 0xBA, 0x81, 0x6B, 0x70, 0xB5, 0x76, 0xAC, 0x96,
    0x48, 0xFB, 0xE4, 0x76, 0xCB, 0xC0, 0x1E, 0xAC, 0x8A, 0x91, 0x77, 0x30, 0x31, 0x59, 0x7F, 0xF1,
    0xD7, 0xEB, 0xB8, 0x7E, 0x6E, 0x79, 0x44, 0x6D, 0x03, 0x04, 0xCC, 0xD3, 0x3E, 0x39, 0xFD, 0x3B,
    0x9F, 0x5C, 0xF9, 0x0F, 0x4F, 0xD6, 0xA3, 0x3E, 0x73, 0xE4, 0x4B, 0x14, 0x9D, 0x14, 0x18, 0x5B,
    0x0A, 0x0F, 0x4D, 0xCB, 0xC1, 0x08, 0xB5, 0x25, 0x4E, 0xA0, 0x81, 0x26, 0x46, 0x0F, 0xE6, 0xC5,
    0x77, 0x26, 0x28, 0x03, 0x1D, 0x14, 0x7D, 0xFA, 0xBD, 0x5C, 0xD8, 0x96, 0x29, 0xE1, 0x94, 0xDD,
    0x79, 0xB6, 0x6E, 0x6E, 0x51, 0x39, 0x1A, 0x39, 0xAF, 0x4D, 0xA2, 0x92, 0x6D, 0x0E, 0xFC, 0xC2,
    0x38, 0x03, 0xCD, 0x1A, 0xE0, 0x5D, 0x00, 0x4E, 0x85, 0x1B, 0xE1, 0xB4, 0x65, 0x26, 0x54, 0x42,
    0x33, 0x5B, 0x49, 0xDE, 0x02, 0x26, 0x86, 0x65, 0x94, 0xD1, 0x57, 0xF1, 0xC1, 0x32, 0x5E, 0x8B,
    0xAD, 0x9A, 0x28, 0x26, 0x78, 0x92, 0x16, 0xA7, 0x44, 0x8F, 0xC9, 0x25, 0x20, 0x90, 0x4D, 0x29,
    0xCE, 0xFB, 0x14, 0xA4, 0x5F, 0x1D, 0x6C, 0xD2, 0xE2, 0xD2, 0xA6, 0x40, 0x2F, 0x03, 0x98, 0xB9,
    0xBA, 0xE1, 0x9A, 0x54, 0xB2, 0x9A, 0x59, 0x01, 0x1D, 0x8F, 0x3B, 0x1E, 0x41, 0x17, 0xC5, 0x02,
    0x97, 0x9A, 0x9F, 0x3C, 0x6B, 0xDE, 0x7E, 0x66, 0xA1, 0x7E, 0xAB, 0xAD, 0xDF, 0xB2, 0x80, 0x79,
    0x8F, 0xFA, 0x5B, 0x00, 0xE6, 0x0F, 0x98, 0x9F, 0x01, 0x54, 0x13, 0x66, 0x02, 0xD0, 0x03, 0xD5,
    0x20, 0x41, 0x40, 0xF7, 0x12, 0x78, 0xB4, 0x03, 0x28, 0x45, 0x49, 0x48, 0x27, 0xED, 0x3D, 0xD2,
    0x79, 0x9F, 0x08, 0x27, 0x46, 0x4A, 0x37, 0x66, 0xC3, 0xC2, 0x21, 0x0F, 0xE8, 0xA7, 0x83, 0x0A,
    0x2B, 0xFD, 0x83, 0xA0, 0xFA, 0x7B, 0xFA, 0xC6, 0xC2, 0x93, 0x4A, 0xF5, 0x85, 0x9F, 0x8C, 0xF2,
    0xCB, 0xB2, 0xBA, 0x58, 0x38, 0xEC, 0x97, 0x4E, 0x7F, 0x3F, 0x5C, 0xD7, 0x6E, 0x59, 0x76, 0x4F,
    0xB7, 0xD5, 0x8D, 0x70, 0xA2, 0x5B, 0xA3, 0xFA, 0xC7, 0x95, 0x5D, 0x96, 0x61, 0xA8, 0x93, 0x76,
    0xD9, 0x2F, 0x3D, 0x35, 0x87, 0x45, 0x8C, 0x33, 0xF7, 0x54, 0x8C, 0x1B, 0x4E, 0xB2, 0x18, 0x27,
    0xB6, 0x76, 0x13, 0x20, 0x77, 0x00, 0x07, 0x42, 0xE9, 0x34, 0x46, 0x58, 0x59, 0x44, 0xC9, 0xF6,
    0xD5, 0xB9, 0xD5, 0xC0, 0xE5, 0x79, 0x1F, 0x98, 0xBF, 0xBD, 0x01, 0xD5, 0xE7, 0x13, 0x68, 0xC7,
    0x94, 0x16, 0x27, 0xD6, 0x30, 0xC2, 0x3E, 0x0C, 0xF0, 0x2E, 0x59, 0x80, 0x27, 0x22, 0xFF, 0x53,
    0xD4, 0xC2, 0x06, 0xD5, 0x43, 0x6D, 0xCB, 0x00, 0x95, 0xFF, 0xDE, 0x04, 0x45, 0xFC, 0xED, 0xFB,
    0xC0, 0x17, 0xF8, 0x0F, 0x93, 0x26, 0x8D, 0x70, 0x69, 0xBD, 0x96, 0x02, 0x39, 0x98, 0x01, 0x8A,
    0xF9, 0xA8, 0x07, 0x8C, 0x97, 0x2B, 0x36, 0xC3, 0x21, 0x88, 0xBE, 0xA0, 0x0C, 0xE2, 0x2A, 0x2F,
    0xAE, 0x76, 0xF0, 0x65, 0x4A, 0x39, 0x40, 0x2E, 0xC6, 0xF5, 0xDA, 0x02, 0x11, 0x78, 0xE5, 0xB2,
    0x59, 0x5C, 0x1D, 0x63, 0x6C, 0xE1, 0xD2, 0xBC, 0x5E, 0x73, 0x01, 0x66, 0x60, 0x17, 0x22, 0xF0,
    0x15, 0x68, 0x2C, 0x78, 0xD9, 0x4C, 0x59, 0xD0, 0xBD, 0x28, 0x45, 0xCD, 0x1F, 0x84, 0x6D, 0x45,
    0x4D, 0x74, 0x75, 0x14, 0x95, 0x56, 0x2F, 0xA0, 0x4C, 0x47, 0x08, 0x45, 0xC0, 0x00, 0x65, 0xCF,
    0x98, 0x9C, 0x57, 0x3D, 0xA0, 0xBD, 0x6E, 0x93, 0x73, 0xFB, 0x00, 0xD5, 0xD3, 0x41, 0xDC, 0x0F,
    0xC5, 0x99, 0x9F, 0x4F, 0x40, 0x19, 0xA7, 0x38, 0x40, 0xD6, 0x84, 0xE6, 0x26, 0xD0, 0xB4, 0x75,
    0x0B, 0x74, 0x54, 0x0E, 0x38, 0x4D, 0xF9, 0x45, 0xC2, 0x01, 0x10, 0x91, 0x93, 0x4D, 0x69, 0xA0,
    0x26, 0x98, 0xC1, 0x44, 0x7B, 0x39, 0xB6, 0x48, 0x45, 0xFE, 0x7F, 0xEE, 0xEB, 0x2C, 0x6C, 0x6C,
    0x11, 0x93, 0x65, 0x77, 0xFE, 0xB8, 0x6E, 0xDE, 0x47, 0x3B, 0x6A, 0xAB, 0xE5, 0xEE, 0x5E, 0x6C,
    0x9E, 0xDD, 0x9E, 0x6F, 0x61, 0x6C, 0x31, 0x6C, 0xEF, 0xEB, 0xE6, 0xFF, 0xBA, 0xAF, 0x5B, 0x65,
    0xA9, 0x33, 0xB6, 0xAF, 0xF8, 0xB9, 0xE8, 0x81, 0xEE, 0x68, 0x03, 0xC5, 0xA0, 0x6B, 0x8B, 0x71,
    0x5A, 0x3B, 0x3A, 0x76, 0xB4, 0xCF, 0x36, 0x5C, 0x59, 0x7A, 0x36, 0xB2, 0xAB, 0x5D, 0x11, 0x58,
    0x5D, 0x40, 0x2F, 0x04, 0xED, 0xD9, 0x83, 0xCA, 0x71, 0x17, 0x8C, 0xA3, 0x8B, 0xA1, 0x76, 0xFC,
    0x33, 0xFA, 0x85, 0xA1, 0xB3, 0x0B, 0xFB, 0x86, 0xDA, 0x65, 0xBE, 0xC1, 0xF8, 0xDC, 0xA5, 0x7E,
    0x29, 0x37, 0x51, 0x0E, 0x6A, 0x69, 0xB5, 0x9A, 0xD4, 0x8F, 0x1C, 0x74, 0x7F, 0x9E, 0x81, 0x52,
    0x92, 0xA3, 0xD9, 0x72, 0x47, 0x78, 0x41, 0x78, 0xDC, 0x7D, 0x02, 0xD9, 0x67, 0x9F, 0x46, 0x50,
    0x9B, 0x94, 0xAF, 0xEC, 0xD1, 0x0E, 0x6D, 0x29, 0x3D, 0xD7, 0x48, 0xF1, 0x57, 0xA5, 0x0E, 0xA0,
    0xB3, 0xA2, 0x4A, 0xAA, 0xB3, 0x1E, 0xAE, 0x17, 0xBB, 0xC5, 0xD6, 0x44, 0x5E, 0x71, 0xF8, 0xE2,
    0x8B, 0x65, 0xFE, 0xA6, 0x1C, 0x1C, 0x45, 0x0F, 0x25, 0x85, 0x07, 0x83, 0xEA, 0xE5, 0x95, 0x92,
    0x27, 0x83, 0xEE, 0x61, 0xEC, 0xE1, 0x72, 0xBC, 0xEF, 0xFE, 0xBB, 0x2C, 0x21, 0x57, 0x20, 0xFD,
    0xEC, 0x81, 0x78, 0x3A, 0x41, 0x39, 0xAC, 0x6A, 0x30, 0x6E, 0x4F, 0xFA, 0x76, 0x57, 0xBB, 0x6C,
    0xC3, 0x23, 0xE9, 0x5B, 0xD0, 0xBE, 0x08, 0x84, 0xD7, 0xD1, 0x81, 0x1E, 0xB4, 0xCF, 0x3C, 0x54,
    0x2E, 0x4F, 0x39, 0x9D, 0x72, 0x50, 0x9F, 0xB3, 0x4D, 0x2C, 0x6C, 0x62, 0x69, 0x15, 0xC6, 0x6B,
    0x76, 0xD0, 0xBD, 0x66, 0x97, 0x32, 0xEC, 0x70, 0x8C, 0x9A, 0xAE, 0x16, 0x0E, 0xE2, 0x2F, 0x9F,
    0x48, 0xF2, 0x07, 0x00, 0x2B, 0x00, 0xF6, 0x84, 0xEF, 0x08, 0xDF, 0x10, 0x02, 0xAF, 0x1D, 0xC9,
    0x85, 0xEB, 0x20, 0xA5, 0x02, 0xB4, 0xC0, 0x63, 0xD2, 0x3B, 0x77, 0x71, 0x7D, 0xF0, 0x0C, 0xA8,
    0x2D, 0x30, 0xA7, 0xFD, 0x06, 0xE8, 0xA2, 0x85, 0x37, 0x64, 0xCA, 0xB4, 0x48, 0x5B, 0xE5, 0x03,
    0x51, 0x2B, 0x28, 0xC1, 0x08, 0xE4, 0x93, 0x74, 0x5A, 0x7A, 0xEA, 0x10, 0x23, 0x1B, 0x80, 0x5C,
    0x10, 0xBE, 0x0B, 0xEA, 0x5F, 0xE3, 0x82, 0x68, 0xE1, 0x72, 0x80, 0x2C, 0xFA, 0x37, 0x31, 0x1F,
    0xFF, 0x66, 0xE4, 0x6B, 0x3A, 0xB6, 0xA0, 0x07, 0xC8, 0xBA, 0x96, 0xB1, 0x8A, 0x36, 0x1B, 0x36,
    0x86, 0x3C, 0xDC, 0xAC, 0x29, 0x3C, 0x35, 0xDA, 0xB1, 0x8F, 0xB1, 0x1C, 0x72, 0x0A, 0x27, 0xF9,
    0x08, 0x53, 0xE5, 0x61, 0x8E, 0x80, 0xDC, 0x48, 0xD1, 0x34, 0xDC, 0x05, 0x38, 0x06, 0x08, 0x00,
    0x3D, 0x90, 0x25, 0x74, 0xD1, 0x52, 0xC6, 0xBF, 0x07, 0xCC, 0xFD, 0x0F, 0x47, 0x9E, 0x28, 0x77,
    0xC2, 0x58, 0xB4, 0x87, 0x79, 0x28, 0xEC, 0x75, 0x15, 0x4A, 0xAE, 0x2B, 0xAF, 0x39, 0x2C, 0x9C,
    0xE6, 0x5E, 0xE9, 0x76, 0x38, 0xD1, 0xEE, 0x0A, 0xA3, 0x6E, 0x77, 0x17, 0xD8, 0x15, 0x43, 0xC5,
    0x2A, 0x0B, 0x86, 0xBD, 0x7C, 0xC1, 0x5D, 0xD5, 0xEF, 0x73, 0xAC, 0xFA, 0xEB, 0x04, 0xE5, 0x0F,
    0x09, 0x85, 0x3B, 0xA1, 0x2F, 0xDD, 0x49, 0xE6, 0xB5, 0x1B, 0x73, 0xA7, 0xDB, 0x24, 0xA9, 0x1E,
    0xCC, 0x46, 0x9E, 0xDF, 0x81, 0xC6, 0x26, 0x1A, 0x87, 0x0A, 0x54, 0x8E, 0xE2, 0x8C, 0x3D, 0xA2,
    0x5B, 0x4C, 0x8B, 0xF6, 0xD4, 0x16, 0xED, 0x38, 0x65, 0x61, 0x6A, 0x63, 0xE5, 0xEE, 0xF4, 0xA8,
    0x18, 0x67, 0x4B, 0xD6, 0xFC, 0xD8, 0x02, 0x35, 0x00, 0x0D, 0x80, 0x91, 0xD7, 0xFE, 0xE2, 0xBC,
    0x06, 0xD8, 0x00, 0x64, 0xC2, 0xF4, 0xB4, 0x6C, 0x7B, 0x7F, 0xAC, 0x1C, 0x04, 0xD5, 0x2E, 0x28,
    0x2C, 0x31, 0x7D, 0xD3, 0x3C, 0x3F, 0x0A, 0xE8, 0x3E, 0x9F, 0x52, 0xC6, 0x0D, 0xDA, 0x9D, 0xA3,
    0x72, 0xD9, 0x84, 0x69, 0x8B, 0x40, 0xFD, 0xF5, 0x46, 0xEA, 0x5F, 0xB0, 0xEE, 0x02, 0x8D, 0xFC,
    0x0F, 0x4B, 0xFB, 0x6F, 0x60, 0xC3, 0x74, 0x0E, 0x79, 0xD6, 0xF2, 0x11, 0x35, 0xAA, 0x91, 0x32,
    0x14, 0x23, 0xC6, 0x1D, 0xCC, 0x3F, 0x9D, 0x53, 0x9E, 0xFE, 0x3C, 0x77, 0x71, 0x96, 0x1B, 0x6E,
    0x66, 0xF0, 0x6F, 0x9C, 0x94, 0x81, 0x66, 0x1C, 0x51, 0x14, 0x86, 0xCF, 0xEC, 0xA4, 0xA6, 0x4C,
    0x6B, 0x82, 0xA2, 0xA8, 0x9D, 0x27, 0xE8, 0x2E, 0x14, 0x5B, 0xE6, 0xCE, 0x5E, 0xFA, 0x1E, 0xD5,
    0x47, 0x48, 0x49, 0xDB, 0xD0, 0x89, 0x0C, 0x7D, 0x91, 0x02, 0x58, 0x50, 0x04, 0x8B, 0xB4, 0x99,
    0x47, 0xD8, 0xEA, 0x0B, 0x0C, 0x05, 0xA0, 0x06, 0x97, 0x2C, 0x6D, 0x3B, 0xFD, 0xFF, 0x7F, 0x32,
    0x49, 0x5A, 0xAB, 0x2A, 0x07, 0xDF, 0x91, 0x7B, 0xEE, 0xBD, 0x73, 0xFF, 0xF3, 0x9F, 0x8D, 0x5D,
    0x46, 0x47, 0xC4, 0x2D, 0x99, 0xD5, 0x64, 0x49, 0xD8, 0x9A, 0x98, 0x68, 0x39, 0xD5, 0xF2, 0x63,
    0xC2, 0xCE, 0x7B, 0x44, 0x3B, 0xD0, 0x69, 0x25, 0xF3, 0x64, 0xBC, 0x21, 0x2D, 0x88, 0x3B, 0x0A,
    0x9D, 0xB8, 0x2F, 0x3E, 0x20, 0x3E, 0xF2, 0xFA, 0x1E, 0x5B, 0xD2, 0x4F, 0xF8, 0xC8, 0xAC, 0x58,
    0xE3, 0x93, 0x45, 0x89, 0x2F, 0x16, 0x59, 0x9D, 0xD6, 0x45, 0xDC, 0xCE, 0xAC, 0xB0, 0xED, 0x11,
    0xE0, 0xF6, 0x81, 0x3D, 0x03, 0xEC, 0x36, 0x18, 0x65, 0x8A, 0x67, 0xE2, 0x5C, 0x4C, 0x1B, 0x49,
    0x1C, 0x0A, 0x95, 0x98, 0x8B, 0x49, 0x73, 0x43, 0x65, 0x37, 0xAC, 0x5C, 0x57, 0x2B, 0x22, 0xDA,
    0xBD, 0x6C, 0x9D, 0xE8, 0x89, 0xFB, 0x84, 0x4D, 0x6F, 0xCD, 0x3D, 0xF0, 0x8E, 0x39, 0x30, 0x43,
    0x2B, 0xA7, 0xE6, 0xD0, 0xCA, 0x29, 0x1B, 0x1C, 0xA6, 0xEC, 0xA9, 0x9B, 0xB2, 0xBF, 0xD9, 0x73,
    0xC7, 0x1E, 0x7F, 0x53, 0xDF, 0xFB, 0x0D, 0xB9, 0xF4, 0xE4, 0x5D, 0xE2, 0x5A, 0x7B, 0x26, 0x8F,
    0x25, 0x39, 0xAB, 0xA5, 0xB9, 0x54, 0x37, 0x64, 0xF3, 0x6C, 0xF0, 0x39, 0x45, 0xDF, 0xE5, 0xF9,
    0xE0, 0xF4, 0x91, 0xE4, 0xF7, 0xBF, 0x2E, 0x93, 0x1B, 0x54, 0x66, 0x5E, 0xEA, 0xE5, 0x2A, 0xE4,
    0x87, 0x41, 0xBF, 0x63, 0x89, 0x8E, 0xA3, 0x24, 0xCB, 0x51, 0xD2, 0x67, 0x65, 0x3A, 0xA4, 0x8C,
    0x51, 0x10, 0x3D, 0x1F, 0xD3, 0xF3, 0x29, 0xAE, 0xC3, 0x52, 0x51, 0xE1, 0x54, 0x91, 0xE3, 0x4C,
    0x91, 0x34, 0xB9, 0x2F, 0xA2, 0xEE, 0x18, 0xFB, 0xAA, 0x43, 0xE0, 0xD1, 0x7F, 0x38, 0xAC, 0xE9,
    0xD0, 0x9C, 0x68, 0x62, 0x34, 0x3B, 0x9A, 0x22, 0xCD, 0x93, 0x26, 0x4B, 0x33, 0xA6, 0x69, 0xD3,
    0xDC, 0x69, 0x02, 0xE7, 0xB4, 0xF6, 0xA4, 0xEF, 0x83, 0x9D, 0x70, 0xE5, 0x6D, 0x03, 0xBC, 0xEA,
    0x80, 0xC3, 0x8A, 0xC8, 0x89, 0xA4, 0x01, 0xA2, 0x0E, 0xB0, 0x8A, 0xC8, 0x89, 0xA4, 0x01, 0xA2,
    0x0E, 0xC0, 0xE2, 0x68, 0x7F, 0x52, 0x03, 0x91, 0xC5, 0xE8, 0x94, 0xE0, 0x47, 0x23, 0xBE, 0x03,
    0xF1, 0x57, 0x20, 0x7B, 0x07, 0x94, 0x31, 0xB0, 0x05, 0xE2, 0x36, 0xF1, 0x70, 0x02, 0x28, 0x0D,
    0xD8, 0x02, 0x71, 0x0B, 0x64, 0x35, 0x50, 0x8E, 0xBF, 0x3F, 0x68, 0x1B, 0xE3, 0x09, 0xE1, 0x08,
    0x36, 0xD9, 0xA3, 0xC5, 0x71, 0x6D, 0x81, 0x70, 0x00, 0x16, 0x81, 0x78, 0x03, 0x58, 0x20, 0x1C,
    0x91, 0x3D, 0x03, 0xE2, 0x2F, 0x80, 0x5D, 0x10, 0xCB, 0x7A, 0xB2, 0x5A, 0x9D, 0xD7, 0xE3, 0xFB,
    0x14, 0x89, 0x07, 0x72, 0x8F, 0x0F, 0x1D, 0xDB, 0xA9, 0x45, 0x01, 0x48, 0x36, 0x76, 0x80, 0x25,
    0xE0, 0xD8, 0xEC, 0x20, 0x0A, 0x40, 0xB2, 0x01, 0x72, 0x0F, 0x60, 0xC9, 0x5E, 0x06, 0xE0, 0xCD,
    0x06, 0x38, 0xF1, 0xC4, 0x6A, 0xF5, 0xDE, 0x96, 0x6C, 0xE7, 0x10, 0x19, 0x51, 0x12, 0x5B, 0x4D,
    0x9D, 0xDE, 0x3C, 0xBE, 0x1E, 0xD3, 0xB4, 0x25, 0xFA, 0x1A, 0x7F, 0x26, 0x2D, 0x0B, 0x81, 0xC3,
    0xB4, 0xB0, 0x40, 0x37, 0x4B, 0x22, 0x23, 0x10, 0xC1, 0xB8, 0x65, 0xC9, 0xCD, 0x00, 0x2F, 0x53,
    0xC4, 0xCD, 0xD5, 0xCF, 0xF6, 0xEC, 0xDA, 0x80, 0x46, 0x73, 0xA9, 0xFB, 0xD3, 0x1E, 0x98, 0x7B,
    0xEC, 0xA9, 0xF8, 0x2B, 0x3F, 0xE5, 0x0F, 0xBE, 0xE3, 0xE6, 0x0E, 0x4B, 0x10, 0x38, 0x69, 0x06,
    0xE7, 0xE6, 0x1E, 0xE0, 0x66, 0x1E, 0x03, 0xAE, 0x22, 0xF5, 0x24, 0x1B, 0xA1, 0x08, 0xA2, 0xDE,
    0x2F, 0x2D, 0x4A, 0xF1, 0x9F, 0xC5, 0x02, 0xB6, 0x33, 0x2C, 0x51, 0xBA, 0x79, 0x42, 0x5B, 0x2A,
    0x1D, 0x88, 0x02, 0x8E, 0xEB, 0xAC, 0xD3, 0x4D, 0x2A, 0x39, 0x95, 0xF0, 0xB8, 0xB4, 0x96, 0xB8,
    0x48, 0x3D, 0x54, 0x50, 0x7B, 0x1F, 0xC6, 0x44, 0xA1, 0xA3, 0x54, 0x89, 0x55, 0x54, 0xE2, 0xBF,
    0x8B, 0xFB, 0xE2, 0x18, 0x6A, 0x9B, 0xFE, 0xFD, 0xA2, 0xA2, 0x16, 0x60, 0xA4, 0x91, 0x67, 0x4F,
    0x3B, 0xE5, 0xF5, 0xA2, 0x62, 0x9E, 0xB4, 0x8B, 0x9C, 0x39, 0xAD, 0x17, 0x49, 0x83, 0x3C, 0xB7,
    0x45, 0xD4, 0x21, 0x9F, 0xC1, 0xAC, 0x0A, 0xF9, 0x05, 0xF2, 0x43, 0xEE, 0x47, 0xB6, 0xDD, 0xF9,
    0x03, 0x32, 0xAC, 0xD4, 0x7D, 0xF0, 0x8F, 0xF7, 0x71, 0x1E, 0x78, 0x1F, 0x26, 0x5D, 0xF7, 0xC1,
    0x71, 0xDD, 0xB7, 0x56, 0xCE, 0x5F, 0xB7, 0xCA, 0x49, 0x5F, 0x0F, 0x3A, 0x7E, 0x2A, 0xE9, 0xBE,
    0xBF, 0xE3, 0x9E, 0xB8, 0x14, 0x2F, 0x1A, 0x20, 0xFE, 0xDC, 0xC9, 0xBC, 0x8A, 0x5A, 0x6C, 0x4A,
    0x25, 0xEC, 0x69, 0xD4, 0x42, 0x8A, 0x1A, 0x73, 0xAA, 0xBE, 0x3A, 0x5B, 0xFE, 0xB0, 0x0C, 0xDA,
    0x7F, 0x4F, 0x06, 0x5C, 0x46, 0xF3, 0xE0, 0x23, 0x81, 0xEA, 0xFE, 0xC2, 0xEC, 0x03, 0x00, 0x85,
    0xD3, 0x01, 0xA7, 0xE4, 0x56, 0x18, 0x87, 0xF1, 0xDF, 0x49, 0xDA, 0x9B, 0x6A, 0xF4, 0xA6, 0x28,
    0x54, 0xED, 0xA6, 0x58, 0x14, 0xDD, 0x1B, 0x80, 0x8B, 0x99, 0x49, 0x80, 0x45, 0xA1, 0x68, 0xBF,
    0x44, 0xA1, 0xC5, 0x62, 0x31, 0xEB, 0xE6, 0x23, 0x2C, 0x14, 0xF4, 0x4B, 0x2C, 0x8A, 0xC5, 0xEE,
    0xDE, 0xF3, 0x05, 0x4A, 0x5A, 0x0A, 0x40, 0x3E, 0x42, 0x90, 0x32, 0x25, 0x73, 0xD3, 0x39, 0xBD,
    0xEC, 0xD4, 0x42, 0x87, 0xF7, 0x31, 0x8E, 0xFF, 0x79, 0x1F, 0xEF, 0xF1, 0xC6, 0xA7, 0x58, 0x7B,
    0x8A, 0x19, 0x6F, 0x51, 0x77, 0x94, 0x91, 0x7C, 0x24, 0x4C, 0x98, 0x5D, 0xDC, 0x1D, 0x3C, 0x6B,
    0x96, 0x2C, 0x16, 0x4B, 0xD1, 0xE5, 0x4B, 0x25, 0x2C, 0x35, 0xCB, 0xEE, 0x5C, 0x87, 0x96, 0xA9,
    0x15, 0xC6, 0xB6, 0xCB, 0x62, 0x1D, 0x8B, 0xAE, 0x98, 0x1E, 0x08, 0xEB, 0x08, 0xF8, 0xE1, 0xC5,
    0x47, 0x8A, 0xF5, 0x78, 0xAD, 0xE9, 0x9A, 0xC1, 0x2B, 0x65, 0x0C, 0xA3, 0xAB, 0x31, 0x8F, 0x5E,
    0x4E, 0xA5, 0xBC, 0x9F, 0x2A, 0x9F, 0x98, 0x2E, 0xFD, 0x64, 0xBC, 0xCC, 0x62, 0x18, 0x2E, 0x3F,
    0x96, 0xC7, 0xEA, 0x5A, 0xD9, 0x95, 0x83, 0x2B, 0xE5, 0x18, 0x0E, 0x1E, 0xAF, 0xEB, 0xE0, 0xCB,
    0xFA, 0x6F, 0xC8, 0x23, 0xCA, 0x01, 0xD5, 0x88, 0xDD, 0x84, 0x7D, 0xC2, 0x34, 0x11, 0xC6, 0x39,
    0x25, 0x5E, 0x51, 0xF6, 0xCF, 0xA8, 0xEC, 0xD9, 0xDA, 0xB0, 0xB7, 0x65, 0xF6, 0x58, 0x76, 0x92,
    0xCB, 0xA3, 0x5A, 0xD9, 0xAB, 0x54, 0x54, 0xDD, 0x36, 0xE1, 0x66, 0x5D, 0xD7, 0x3E, 0xA1, 0x03,
    0xDC, 0xFF, 0xBF, 0x3D, 0x91, 0x85, 0x86, 0x03, 0x2D, 0x33, 0x3B, 0x61, 0x66, 0x2B, 0x9B, 0xD8,
    0xCB, 0x27, 0x5E, 0xCB, 0x47, 0x16, 0xF9, 0xC0, 0x41, 0x31, 0x30, 0x2B, 0xA3, 0x30, 0x25, 0x66,
    0x93, 0xAA, 0xBF, 0x67, 0x8A, 0xD5, 0x5D, 0x8A, 0x35, 0x14, 0x89, 0x29, 0xD0, 0x26, 0xDA, 0x49,
    0x81, 0xE7, 0x54, 0x9D, 0x7D, 0xA2, 0x64, 0x3F, 0x6A, 0x13, 0xEA, 0x9F, 0xBF, 0xFF, 0x2E, 0x85,
    0x48, 0xA2, 0xE4, 0xC7, 0x02, 0x2D, 0xD4, 0x1D, 0xAA, 0x88, 0x7C, 0x42, 0x39, 0xA0, 0xE9, 0xF0,
    0x86, 0x64, 0x4E, 0x02, 0x34, 0xF0, 0xFA, 0xDD, 0xD1, 0x9F, 0xA7, 0x9E, 0xCD, 0xBA, 0xDE, 0x49,
    0x1E, 0x4D, 0x7A, 0x81, 0x36, 0x4D, 0x8D, 0xC7, 0xD8, 0x60, 0x22, 0x8C, 0xE4, 0x91, 0xB2, 0xE3,
    0x21, 0x36, 0xF8, 0x15, 0x13, 0xD9, 0x40, 0xD1, 0x53, 0xFD, 0xFF, 0x8D, 0xA7, 0x08, 0x9A, 0xFE,
    0x36, 0xDE, 0x8E, 0x6D, 0xBC, 0x04, 0x9F, 0x83, 0x1D, 0xD8, 0x83, 0x03, 0x84, 0x09, 0xB2, 0x44,
    0xF9, 0x00, 0x65, 0x84, 0xAA, 0x83, 0x06, 0x6C, 0xC1, 0x1E, 0x8F, 0xCC, 0x5C, 0x2C, 0x61, 0xA2,
    0x5D, 0x52, 0xFC, 0xD9, 0xF3, 0x22, 0x62, 0x97, 0xEC, 0xDA, 0x0A, 0xEA, 0x2B, 0xA8, 0xF6, 0x12,
    0x0F, 0x50, 0x4E, 0x50, 0x8C, 0x90, 0x47, 0x89, 0x3D, 0x64, 0x10, 0x8E, 0xDE, 0x2A, 0xD7, 0x27,
    0x4F, 0xFA, 0x87, 0xF9, 0x6F, 0x79, 0xDC, 0x84, 0x39, 0x8B, 0xD7, 0xA6, 0x2C, 0x3E, 0x0D, 0x53,
    0x1E, 0xAF, 0xF3, 0xD7, 0x65, 0xB7, 0x79, 0xD0, 0xBC, 0x55, 0xCF, 0xE5, 0x0C, 0xC0, 0xED, 0x80,
    0xFC, 0xF7, 0x19, 0x55, 0xB7, 0xE0, 0x4A, 0xE2, 0xD6, 0x8C, 0x7D, 0xE8, 0xB1, 0x80, 0x03, 0x98,
    0xBD, 0x3F, 0xEA, 0x3D, 0xC7, 0xF3, 0xD8, 0x45, 0x74, 0x1E, 0xFE, 0x9E, 0xFD, 0xF9, 0x21, 0x6A,
    0xD0, 0x80, 0x16, 0xEC, 0x10, 0x6C, 0xD1, 0xD8, 0x63, 0x67, 0x4E, 0x4C, 0x12, 0x6D, 0x11, 0x51,
    0xDD, 0x01, 0x00, 0xB4, 0x83, 0x0F, 0xFC, 0x35, 0xDB, 0xE4, 0x71, 0xEB, 0xBA, 0xE8, 0x2B, 0x2F,
    0x4B, 0xC5, 0x1F, 0xE3, 0x85, 0xB0, 0xF6, 0xF8, 0x4C, 0x58, 0xF9, 0xB6, 0xF8, 0x25, 0x1A, 0x2F,
    0xC3, 0x14, 0x86, 0xAF, 0xED, 0xF3, 0xB8, 0xD1, 0x7C, 0xD3, 0x3D, 0x52, 0x1E, 0xA1, 0xF3, 0xFE,
    0x36, 0x54, 0xA7, 0x7D, 0xAA, 0x4F, 0xF5, 0xEE, 0xF8, 0xBC, 0x0D, 0xE9, 0xBB, 0x9A, 0x6E, 0x4F,
    0x65, 0x22, 0x3F, 0xEF, 0x0F, 0xF8, 0x10, 0xE1, 0x0D, 0xEA, 0x91, 0x8B, 0x23, 0x6E, 0x7A, 0xBE,
    0x98, 0x09, 0x77, 0xC8, 0x0F, 0xF0, 0xE3, 0x80, 0xEC, 0x08, 0xCD, 0x80, 0xEC, 0x0E, 0x9A, 0x88,
    0x90, 0x00, 0x48, 0x9B, 0xDC, 0x25, 0xD0, 0x23, 0x1C, 0xE0, 0xE6, 0x05, 0x8A, 0xF3, 0xDD, 0x73,
    0x1B, 0x49, 0x99, 0x9D, 0x95, 0xA4, 0xBE, 0xEA, 0x01, 0x5F, 0x9D, 0xEA, 0x3F, 0xBF, 0x7F, 0x9B,
    0xDE, 0x24, 0xFC, 0x03, 0x55, 0x91, 0x01, 0xA6, 0xDC, 0x50, 0x18, 0x85, 0x4F, 0x26, 0x34, 0x65,
    0x90, 0x02, 0x4A, 0x91, 0x0D, 0x94, 0x6C, 0x60, 0x32, 0x89, 0xD7, 0x0D, 0x14, 0x7D, 0xA0, 0x78,
    0x4B, 0xE8, 0x06, 0x5A, 0xEE, 0x12, 0x0A, 0x5D, 0x47, 0x01, 0x1E, 0xA6, 0x4D, 0x96, 0x30, 0x4B,
    0x98, 0xD2, 0x2A, 0x40, 0x90, 0x72, 0x87, 0x74, 0x6E, 0xBF, 0x33, 0x49, 0x87, 0x77, 0xC5, 0x3D,
    0xC1, 0xFD, 0xFF, 0xF3, 0xFD, 0xE7, 0xD7, 0xFF, 0x53, 0xC5, 0xCD, 0x05, 0xF9, 0xF4, 0xAD, 0x7A,
    0x08, 0xCA, 0xC6, 0x66, 0xB7, 0x0D, 0xCA, 0x8F, 0xBB, 0xC7, 0xB2, 0x53, 0x31, 0x3C, 0x4E, 0x95,
    0xB4, 0x1D, 0xEE, 0xC6, 0x17, 0x52, 0x19, 0xF2, 0x93, 0xDF, 0x77, 0x96, 0x3C, 0x71, 0x4E, 0xDA,
    0xA4, 0xFB, 0xFE, 0x57, 0x27, 0xED, 0x55, 0x0E, 0x92, 0x1A, 0x1E, 0xB9, 0xD7, 0x22, 0x1F, 0x79,
    0x8B, 0x1C, 0x54, 0x89, 0x13, 0x55, 0x2F, 0xD2, 0x5A, 0x26, 0x4A, 0x84, 0x9D, 0x1A, 0x64, 0x33,
    0xF2, 0x96, 0x9E, 0xA3, 0xFE, 0x22, 0xF5, 0x65, 0x9B, 0x28, 0xEF, 0x53, 0x95, 0x86, 0x1B, 0x25,
    0x4E, 0x57, 0xF3, 0x2F, 0xB3, 0x3B, 0x52, 0x4C, 0x2D, 0x37, 0xA4, 0xDC, 0x10, 0x6A, 0x67, 0x40,
    0x7D, 0x36, 0x9F, 0x5E, 0xCA, 0x78, 0xD1, 0x74, 0xEF, 0x27, 0xE0, 0xE8, 0xCC, 0x8D, 0x0D, 0x68,
    0xFC, 0x9B, 0xCC, 0x33, 0x1C, 0x5C, 0xAD, 0x59, 0x05, 0x77, 0x74, 0x0F, 0x4D, 0x8C, 0x41, 0x63,
    0x77, 0xDA, 0xF8, 0xF6, 0xE3, 0x3A, 0x40, 0x94, 0xA5, 0x9F, 0x00, 0xE5, 0x29, 0xDE, 0x52, 0x9B,
    0x9E, 0xD3, 0xEC, 0xF0, 0x9A, 0xD7, 0xED, 0x4C, 0x9F, 0x36, 0x92, 0x56, 0x3F, 0x39, 0x2B, 0x17,
    0x52, 0x4D, 0x4E, 0x23, 0x18, 0x6F, 0x4E, 0x50, 0x14, 0xA6, 0x2C, 0x06, 0x35, 0x76, 0x21, 0x9D,
    0x01, 0x02, 0xBA, 0x1F, 0x44, 0xC8, 0x51, 0xD5, 0x1A, 0xCE, 0xA4, 0xD6, 0xE6, 0x06, 0x5D, 0x38,
    0xBF, 0x2F, 0x59, 0x38, 0x09, 0x10, 0x6F, 0xD6, 0x54, 0x2C, 0x1B, 0xCB, 0xCE, 0x0F, 0xC6, 0x6D,
    0x8A, 0x81, 0x71, 0xD8, 0x59, 0x49, 0xA5, 0x97, 0xD6, 0xA0, 0x38, 0x75, 0x8C, 0x79, 0xB4, 0x4F,
    0xD4, 0x33, 0xC1, 0x83, 0x41, 0x16, 0x40, 0xF2, 0x19, 0xA0, 0xFA, 0xFA, 0xE7, 0xBE, 0x0F, 0x06,
    0x63, 0xC8, 0x0E, 0x36, 0x9A, 0xD4, 0xB4, 0xA5, 0x08, 0x85, 0x10, 0xEA, 0x56, 0x40, 0xC2, 0xBC,
    0x5F, 0x13, 0x6A, 0xAC, 0xC6, 0x37, 0xAD, 0x27, 0x30, 0x30, 0x9D, 0x67, 0x1C, 0x5D, 0x14, 0x8D,
    0xDD, 0x76, 0xD9, 0x0C, 0x39, 0x1B, 0x7B, 0x75, 0xE9, 0xFA, 0xB4, 0x4D, 0x63, 0x9B, 0xC2, 0x13,
    0xFE, 0x3E, 0xBC, 0x35, 0x7F, 0xFE, 0xFB, 0xC7, 0xD1, 0xFC, 0xE5, 0x5D, 0x1A, 0xCC, 0x5F, 0xE7,
    0xA8, 0xF9, 0x8B, 0x14, 0x16, 0xFE, 0x2A, 0x2C, 0x2E, 0x58, 0xF0, 0x39, 0xA5, 0x2B, 0x7F, 0xAC,
    0x65, 0xFE, 0xF3, 0xBB, 0xFD, 0xBA, 0x5D, 0xB4, 0x41, 0x81, 0x37, 0xFF, 0xC9, 0x7C, 0x1E, 0x9E,
    0x4A, 0x3E, 0xE6, 0x98, 0x57, 0xFE, 0xB8, 0x68, 0x36, 0x2D, 0xFC, 0xC0, 0x67, 0xEB, 0xBA, 0xD6,
    0x8D, 0x29, 0x77, 0x18, 0x4E, 0xC4, 0xFC, 0x1F, 0xCE, 0x6C, 0xBD, 0x48, 0x53, 0x4A, 0xFA, 0x07,
    0x44, 0xCE, 0x01, 0x06, 0xC3, 0x30, 0x14, 0x87, 0xF1, 0x34, 0x43, 0x10, 0x96, 0x23, 0xF4, 0x08,
    0x3D, 0x42, 0x7A, 0xB1, 0x69, 0x6F, 0xB6, 0xB2, 0x0B, 0x74, 0x37, 0x98, 0x5D, 0x60, 0xC3, 0x43,
    0x90, 0xF4, 0xDB, 0xCB, 0x2B, 0xF6, 0xE0, 0x07, 0x9F, 0xFC, 0xE3, 0xF4, 0xAE, 0xEE, 0xBC, 0x65,
    0x35, 0x06, 0x76, 0x33, 0x22, 0xE6, 0x44, 0x35, 0x81, 0xCE, 0x05, 0xE8, 0xE1, 0x08, 0x16, 0xDE,
    0x0F, 0xB7, 0x68, 0xE8, 0x91, 0x5B, 0xD2, 0x30, 0xF1, 0x24, 0x6A, 0x98, 0x79, 0x10, 0x58, 0x07,
    0xD4, 0xC8, 0x1E, 0xE0, 0xD3, 0x12, 0x32, 0x01, 0x92, 0xA9, 0x0B, 0xB0, 0x43, 0xCB, 0x40, 0x84,
    0x32, 0x42, 0xCD, 0x58, 0x57, 0x80, 0xD9, 0x83, 0xD0, 0x87, 0x01, 0xF8, 0xF6, 0xF7, 0x6C, 0xD7,
    0xDE, 0x3F, 0x74, 0x36, 0xB0, 0x21, 0xAA, 0xE7, 0xCD, 0xF6, 0xFF, 0x5E, 0x0F, 0x8B, 0x99, 0x78,
    0x99, 0x81, 0xD9, 0xF4, 0xCD, 0x9D, 0xF7, 0xDB, 0x06, 0x10, 0x01, 0x00,
};

static const EpdGlyph youngserif_16_italicGlyphs[] = {
    { 0, 0, 282, 0, 0, 0, 0 }, // U+000D
    { 0, 0, 117, 0, 0, 0, 0 }, // U+0020
    { 9, 24, 155, 0, 23, 54, 0 }, // !
    { 10, 8, 189, 3, 23, 20, 54 }, // "
    { 22, 20, 333, 0, 20, 110, 74 }, // #
    { 21, 30, 376, 1, 26, 158, 184 }, // $
    { 26, 25, 426, 0, 24, 163, 342 }, // %
    { 25, 22, 381, 0, 22, 138, 505 }, // &
    { 4, 8, 100, 3, 23, 8, 643 }, // '
    { 12, 27, 213, 2, 23, 81, 651 }, // (
    { 12, 27, 213, 0, 23, 81, 732 }, // )
    { 15, 15, 273, 2, 23, 57, 813 }, // *
    { 16, 15, 282, 1, 15, 60, 870 }, // +
    { 7, 9, 116, -2, 5, 16, 930 }, // ,
    { 13, 3, 240, 1, 9, 10, 946 }, // -
    { 6, 6, 115, -1, 5, 9, 956 }, // .
    { 17, 27, 235, -1, 23, 115, 965 }, // /
    { 17, 18, 275, 0, 18, 77, 1080 }, // 0
    { 11, 17, 163, -1, 17, 47, 1157 }, // 1
    { 16, 17, 255, -1, 17, 68, 1204 }, // 2
    { 15, 23, 248, -1, 17, 87, 1272 }, // 3
    { 17, 22, 270, -2, 16, 94, 1359 }, // 4
    { 19, 23, 252, -2, 17, 110, 1453 }, // 5
    { 18, 22, 285, 1, 22, 99, 1563 }, // 6
    { 18, 23, 268, 0, 17, 104, 1662 }, // 7
    { 17, 22, 262, 0, 22, 94, 1766 }, // 8
    { 18, 24, 285, 0, 22, 108, 1860 }, // 9
    { 8, 18, 147, -1, 17, 36, 1968 }, // :
    { 9, 21, 122, -2, 17, 48, 2004 }, // ;
    { 19, 17, 282, 0, 18, 81, 2052 }, // <
    { 16, 10, 282, 1, 14, 40, 2133 }, // =
    { 19, 17, 282, -1, 18, 81, 2173 }, // >
    { 14, 23, 245, 3, 22, 81, 2254 }, // ?
    { 28, 29, 489, 1, 22, 203, 2335 }, // @
    { 23, 22, 349, -2, 22, 127, 2538 }, // A
    { 21, 22, 338, 0, 22, 116, 2665 }, // B
    { 21, 22, 343, 1, 22, 116, 2781 }, // C
    { 23, 22, 343, -1, 22, 127, 2897 }, // D
    { 22, 23, 338, -1, 23, 127, 3024 }, // E
    { 22, 23, 307, -1, 23, 127, 3151 }, // F
    { 22, 22, 362, 1, 22, 121, 3278 }, // G
    { 27, 22, 387, -1, 22, 149, 3399 }, // H
    { 14, 22, 167, -1, 22, 77, 3548 }, // I
    { 17, 22, 223, -1, 22, 94, 3625 }, // J
    { 25, 22, 356, -1, 22, 138, 3719 }, // K
    { 20, 22, 312, -1, 22, 110, 3857 }, // L
    { 32, 22, 466, -1, 22, 176, 3967 }, // M
    { 28, 22, 383, -1, 22, 154, 4143 }, // N
    { 23, 22, 377, 1, 22, 127, 4297 }, // O
    { 21, 22, 317, -1, 22, 116, 4424 }, // P
    { 23, 28, 377, 1, 22, 161, 4540 }, // Q
    { 22, 22, 351, -1, 22, 121, 4701 }, // R
    { 21, 22, 324, 0, 22, 116, 4822 }, // S
    { 23, 22, 370, 2, 22, 127, 4938 }, // T
    { 23, 22, 356, 2, 22, 127, 5065 }, // U
    { 22, 22, 340, 2, 22, 121, 5192 }, // V
    { 34, 22, 523, 2, 22, 187, 5313 }, // W
    { 28, 22, 392, -2, 22, 154, 5500 }, // X
    { 23, 22, 360, 2, 22, 127, 5654 }, // Y
    { 25, 22, 350, -1, 22, 138, 5781 }, // Z
    { 12, 30, 186, 1, 26, 90, 5919 }, // [
    { 8, 27, 235, 4, 23, 54, 6009 }, // <backslash>
    { 13, 30, 186, -2, 26, 98, 6063 }, // ]
    { 17, 11, 282, 1, 23, 47, 6161 }, // ^
    { 18, 3, 280, -2, 0, 14, 6208 }, // _
    { 7, 6, 282, 6, 22, 11, 6222 }, // `
    { 16, 16, 275, 0, 15, 64, 6233 }, // a
    { 15, 24, 264, 1, 24, 90, 6297 }, // b
    { 15, 15, 241, 0, 15, 57, 6387 }, // c
    { 18, 24, 275, 0, 23, 108, 6444 }, // d
    { 14, 15, 230, 0, 15, 53, 6552 }, // e
    { 16, 24, 167, -1, 24, 96, 6605 }, // f
    { 19, 22, 245, -2, 16, 105, 6701 }, // g
    { 18, 24, 292, -1, 24, 108, 6806 }, // h
    { 10, 21, 141, -1, 21, 53, 6914 }, // i
    { 15, 27, 121, -6, 21, 102, 6967 }, // j
    { 19, 24, 280, -1, 24, 114, 7069 }, // k
    { 10, 24, 141, -1, 24, 60, 7183 }, // l
    { 27, 16, 443, -1, 16, 108, 7243 }, // m
    { 18, 16, 290, -1, 16, 72, 7351 }, // n
    { 16, 15, 253, 0, 15, 60, 7423 }, // o
    { 20, 21, 280, -3, 15, 105, 7483 }, // p
    { 16, 21, 293, 0, 15, 84, 7588 }, // q
    { 16, 16, 220, -1, 16, 64, 7672 }, // r
    { 15, 15, 245, 0, 15, 57, 7736 }, // s
    { 11, 20, 170, 1, 20, 55, 7793 }, // t
    { 16, 16, 287, 1, 15, 64, 7848 }, // u
    { 17, 15, 260, 1, 15, 64, 7912 }, // v
    { 26, 15, 437, 2, 15, 98, 7976 }, // w
    { 20, 15, 272, -2, 15, 75, 8074 }, // x
    { 18, 21, 257, 0, 15, 95, 8149 }, // y
    { 18, 16, 252, -2, 16, 72, 8244 }, // z
    { 11, 29, 214, 3, 24, 80, 8316 }, // {
    { 8, 27, 266, 5, 22, 54, 8396 }, // |
    { 12, 29, 214, -1, 24, 87, 8450 }, // }
    { 18, 8, 282, 0, 13, 36, 8537 }, // ~
    { 0, 0, 117, 0, 0, 0, 0 }, // U+00A0
    { 9, 23, 155, 1, 15, 52, 0 }, // U+00A1
    { 15, 22, 267, 1, 22, 83, 52 }, // U+00A2
    { 22, 22, 363, 0, 22, 121, 135 }, // U+00A3
    { 17, 16, 295, 1, 18, 68, 256 }, // U+00A4
    { 24, 22, 404, 3, 22, 132, 324 }, // U+00A5
    { 8, 27, 266, 5, 22, 54, 456 }, // U+00A6
    { 22, 32, 370, 0, 24, 176, 510 }, // U+00A7
    { 12, 5, 282, 5, 21, 15, 686 }, // U+00A8
    { 23, 24, 370, 0, 23, 138, 701 }, // U+00A9
    { 14, 14, 243, 0, 23, 49, 839 }, // U+00AA
    { 16, 14, 308, 2, 16, 56, 888 }, // U+00AB
    { 16, 10, 282, 1, 10, 40, 944 }, // U+00AC
    { 23, 24, 370, 0, 23, 138, 984 }, // U+00AE
    { 9, 3, 282, 6, 19, 7, 1122 }, // U+00AF
    { 9, 9, 166, 3, 24, 21, 1129 }, // U+00B0
    { 19, 18, 282, -1, 18, 86, 1150 }, // U+00B1
    { 13, 14, 193, 1, 25, 46, 1236 }, // U+00B2
    { 10, 13, 180, 2, 24, 33, 1282 }, // U+00B3
    { 7, 6, 282, 7, 22, 11, 1315 }, // U+00B4
    { 17, 21, 278, -2, 15, 90, 1326 }, // U+00B5
    { 17, 25, 282, 2, 21, 107, 1416 }, // U+00B6
    { 6, 6, 109, 0, 13, 9, 1523 }, // U+00B7
    { 9, 8, 282, 1, 1, 18, 1532 }, // U+00B8
    { 9, 14, 124, 1, 25, 32, 1550 }, // U+00B9
    { 13, 13, 215, 0, 22, 43, 1582 }, // U+00BA
    { 16, 14, 308, 1, 16, 56, 1625 }, // U+00BB
    { 23, 29, 375, -1, 25, 167, 1681 }, // U+00BC
    { 23, 25, 375, -1, 25, 144, 1848 }, // U+00BD
    { 23, 28, 375, -1, 24, 161, 1992 }, // U+00BE
    { 14, 24, 245, -2, 15, 84, 2153 }, // U+00BF
    { 23, 29, 349, -2, 29, 167, 2237 }, // U+00C0
    { 23, 29, 349, -2, 29, 167, 2404 }, // U+00C1
    { 23, 28, 349, -2, 28, 161, 2571 }, // U+00C2
    { 23, 29, 349, -2, 29, 167, 2732 }, // U+00C3
    { 23, 28, 349, -2, 28, 161, 2899 }, // U+00C4
    { 23, 29, 349, -2, 29, 167, 3060 }, // U+00C5
    { 34, 23, 512, -2, 23, 196, 3227 }, // U+00C6
    { 21, 29, 343, 1, 22, 153, 3423 }, // U+00C7
    { 22, 29, 338, -1, 29, 160, 3576 }, // U+00C8
    { 22, 29, 338, -1, 29, 160, 3736 }, // U+00C9
    { 22, 28, 338, -1, 28, 154, 3896 }, // U+00CA
    { 22, 28, 338, -1, 28, 154, 4050 }, // U+00CB
    { 14, 29, 167, -1, 29, 102, 4204 }, // U+00CC
    { 14, 29, 167, -1, 29, 102, 4306 }, // U+00CD
    { 15, 28, 167, -1, 28, 105, 4408 }, // U+00CE
    { 16, 28, 167, -1, 28, 112, 4513 }, // U+00CF
    { 23, 22, 371, -1, 22, 127, 4625 }, // U+00D0
    { 28, 29, 383, -1, 29, 203, 4752 }, // U+00D1
    { 23, 29, 377, 1, 29, 167, 4955 }, // U+00D2
    { 23, 29, 377, 1, 29, 167, 5122 }, // U+00D3
    { 23, 28, 377, 1, 28, 161, 5289 }, // U+00D4
    { 23, 29, 377, 1, 29, 167, 5450 }, // U+00D5
    { 23, 28, 377, 1, 28, 161, 5617 }, // U+00D6
    { 18, 15, 282, 0, 15, 68, 5778 }, // U+00D7
    { 23, 27, 386, 1, 25, 156, 5846 }, // U+00D8
    { 23, 29, 356, 2, 29, 167, 6002 }, // U+00D9
    { 23, 29, 356, 2, 29, 167, 6169 }, // U+00DA
    { 23, 28, 356, 2, 28, 161, 6336 }, // U+00DB
    { 23, 28, 356, 2, 28, 161, 6497 }, // U+00DC
    { 23, 29, 360, 2, 29, 167, 6658 }, // U+00DD
    { 21, 22, 300, -1, 22, 116, 6825 }, // U+00DE
    { 20, 22, 330, -1, 22, 110, 6941 }, // U+00DF
    { 16, 23, 275, 0, 22, 92, 7051 }, // U+00E0
    { 16, 23, 275, 0, 22, 92, 7143 }, // U+00E1
    { 16, 22, 275, 0, 21, 88, 7235 }, // U+00E2
    { 16, 23, 275, 0, 22, 92, 7323 }, // U+00E3
    { 17, 22, 275, 0, 21, 94, 7415 }, // U+00E4
    { 16, 25, 275, 0, 24, 100, 7509 }, // U+00E5
    { 25, 16, 411, 0, 15, 100, 7609 }, // U+00E6
    { 15, 22, 241, 0, 15, 83, 7709 }, // U+00E7
    { 14, 22, 230, 0, 22, 77, 7792 }, // U+00E8
    { 14, 22, 230, 0, 22, 77, 7869 }, // U+00E9
    { 14, 21, 230, 0, 21, 74, 7946 }, // U+00EA
    { 15, 21, 230, 0, 21, 79, 8020 }, // U+00EB
    { 9, 22, 141, -1, 22, 50, 8099 }, // U+00EC
    { 12, 22, 141, -1, 22, 66, 8149 }, // U+00ED
    { 12, 21, 141, -1, 21, 63, 8215 }, // U+00EE
    { 14, 21, 141, -1, 21, 74, 8278 }, // U+00EF
    { 16, 24, 269, 0, 24, 96, 8352 }, // U+00F0
    { 18, 22, 290, -1, 22, 99, 8448 }, // U+00F1
    { 16, 22, 253, 0, 22, 88, 8547 }, // U+00F2
    { 16, 22, 253, 0, 22, 88, 8635 }, // U+00F3
    { 16, 21, 253, 0, 21, 84, 8723 }, // U+00F4
    { 16, 22, 253, 0, 22, 88, 8807 }, // U+00F5
    { 16, 21, 253, 0, 21, 84, 8895 }, // U+00F6
    { 18, 18, 282, 0, 17, 81, 8979 }, // U+00F7
    { 18, 15, 253, -1, 15, 68, 9060 }, // U+00F8
    { 16, 23, 287, 1, 22, 92, 9128 }, // U+00F9
    { 16, 23, 287, 1, 22, 92, 9220 }, // U+00FA
    { 16, 22, 287, 1, 21, 88, 9312 }, // U+00FB
    { 16, 22, 287, 1, 21, 88, 9400 }, // U+00FC
    { 18, 28, 257, 0, 22, 126, 9488 }, // U+00FD
    { 20, 29, 280, -3, 23, 145, 9614 }, // U+00FE
    { 18, 27, 257, 0, 21, 122, 9759 }, // U+00FF
    { 23, 26, 349, -2, 26, 150, 0 }, // U+0100
    { 16, 20, 275, 0, 19, 80, 150 }, // U+0101
    { 23, 28, 349, -2, 28, 161, 230 }, // U+0102
    { 16, 22, 275, 0, 21, 88, 391 }, // U+0103
    { 23, 30, 349, -2, 22, 173, 479 }, // U+0104
    { 16, 22, 275, 0, 15, 88, 652 }, // U+0105
    { 21, 29, 343, 1, 29, 153, 740 }, // U+0106
    { 15, 22, 241, 0, 22, 83, 893 }, // U+0107
    { 21, 28, 343, 1, 28, 147, 976 }, // U+0108
    { 15, 21, 241, 0, 21, 79, 1123 }, // U+0109
    { 21, 28, 343, 1, 28, 147, 1202 }, // U+010A
    { 15, 21, 241, 0, 21, 79, 1349 }, // U+010B
    { 21, 29, 343, 1, 29, 153, 1428 }, // U+010C
    { 15, 22, 241, 0, 22, 83, 1581 }, // U+010D
    { 23, 29, 343, -1, 29, 167, 1664 }, // U+010E
    { 22, 24, 328, 0, 23, 132, 1831 }, // U+010F
    { 23, 22, 371, -1, 22, 127, 1963 }, // U+0110
    { 20, 26, 288, 0, 25, 130, 2090 }, // U+0111
    { 22, 26, 338, -1, 26, 143, 2220 }, // U+0112
    { 14, 19, 230, 0, 19, 67, 2363 }, // U+0113
    { 22, 28, 338, -1, 28, 154, 2430 }, // U+0114
    { 14, 21, 230, 0, 21, 74, 2584 }, // U+0115
    { 22, 28, 338, -1, 28, 154, 2658 }, // U+0116
    { 14, 21, 230, 0, 21, 74, 2812 }, // U+0117
    { 22, 31, 338, -1, 23, 171, 2886 }, // U+0118
    { 14, 23, 230, 0, 15, 81, 3057 }, // U+0119
    { 22, 29, 338, -1, 29, 160, 3138 }, // U+011A
    { 14, 22, 230, 0, 22, 77, 3298 }, // U+011B
    { 22, 28, 362, 1, 28, 154, 3375 }, // U+011C
    { 19, 27, 245, -2, 21, 129, 3529 }, // U+011D
    { 22, 28, 362, 1, 28, 154, 3658 }, // U+011E
    { 19, 27, 245, -2, 21, 129, 3812 }, // U+011F
    { 22, 28, 362, 1, 28, 154, 3941 }, // U+0120
    { 19, 27, 245, -2, 21, 129, 4095 }, // U+0121
    { 22, 30, 362, 1, 22, 165, 4224 }, // U+0122
    { 19, 29, 245, -2, 23, 138, 4389 }, // U+0123
    { 27, 28, 387, -1, 28, 189, 4527 }, // U+0124
    { 18, 29, 292, -1, 29, 131, 4716 }, // U+0125
    { 27, 22, 387, -1, 22, 149, 4847 }, // U+0126
    { 18, 24, 319, -1, 24, 108, 4996 }, // U+0127
    { 15, 29, 167, -1, 29, 109, 5104 }, // U+0128
    { 13, 22, 141, -1, 22, 72, 5213 }, // U+0129
    { 14, 26, 167, -1, 26, 91, 5285 }, // U+012A
    { 12, 19, 141, -1, 19, 57, 5376 }, // U+012B
    { 15, 28, 167, -1, 28, 105, 5433 }, // U+012C
    { 13, 21, 141, -1, 21, 69, 5538 }, // U+012D
    { 14, 30, 167, -1, 22, 105, 5607 }, // U+012E
    { 10, 29, 141, -1, 21, 73, 5712 }, // U+012F
    { 14, 28, 167, -1, 28, 98, 5785 }, // U+0130
    { 9, 16, 141, -1, 16, 36, 5883 }, // U+0131
    { 27, 22, 380, -1, 22, 149, 5919 }, // U+0132
    { 19, 27, 256, -1, 21, 129, 6068 }, // U+0133
    { 18, 28, 223, -1, 28, 126, 6197 }, // U+0134
    { 17, 27, 121, -6, 21, 115, 6323 }, // U+0135
    { 25, 30, 356, -1, 22, 188, 6438 }, // U+0136
    { 19, 32, 280, -1, 24, 152, 6626 }, // U+0137
    { 19, 15, 280, -1, 15, 72, 6778 }, // U+0138
    { 20, 29, 312, -1, 29, 145, 6850 }, // U+0139
    { 13, 30, 141, -1, 30, 98, 6995 }, // U+013A
    { 20, 30, 312, -1, 22, 150, 7093 }, // U+013B
    { 10, 32, 141, -1, 24, 80, 7243 }, // U+013C
    { 20, 22, 312, -1, 22, 110, 7323 }, // U+013D
    { 14, 24, 177, -1, 24, 84, 7433 }, // U+013E
    { 20, 22, 299, -1, 22, 110, 7517 }, // U+013F
    { 15, 24, 251, -1, 24, 90, 7627 }, // U+0140
    { 20, 22, 333, -1, 22, 110, 7717 }, // U+0141
    { 10, 24, 175, 0, 24, 60, 7827 }, // U+0142
    { 28, 29, 383, -1, 29, 203, 7887 }, // U+0143
    { 18, 22, 290, -1, 22, 99, 8090 }, // U+0144
    { 28, 30, 383, -1, 22, 210, 8189 }, // U+0145
    { 18, 24, 290, -1, 16, 108, 8399 }, // U+0146
    { 28, 29, 383, -1, 29, 203, 8507 }, // U+0147
    { 18, 22, 290, -1, 22, 99, 8710 }, // U+0148
    { 19, 21, 333, 1, 21, 100, 8809 }, // U+0149
    { 28, 28, 383, -1, 22, 196, 8909 }, // U+014A
    { 17, 22, 257, -1, 16, 94, 9105 }, // U+014B
    { 23, 26, 377, 1, 26, 150, 9199 }, // U+014C
    { 16, 19, 253, 0, 19, 76, 9349 }, // U+014D
    { 23, 28, 377, 1, 28, 161, 9425 }, // U+014E
    { 16, 21, 253, 0, 21, 84, 9586 }, // U+014F
    { 23, 30, 377, 1, 30, 173, 9670 }, // U+0150
    { 16, 23, 253, 0, 23, 92, 9843 }, // U+0151
    { 35, 22, 575, 1, 22, 193, 9935 }, // U+0152
    { 25, 15, 402, 0, 15, 94, 10128 }, // U+0153
    { 22, 29, 351, -1, 29, 160, 10222 }, // U+0154
    { 16, 22, 220, -1, 22, 88, 10382 }, // U+0155
    { 22, 30, 351, -1, 22, 165, 10470 }, // U+0156
    { 16, 24, 220, -1, 16, 96, 10635 }, // U+0157
    { 22, 29, 351, -1, 29, 160, 10731 }, // U+0158
    { 16, 22, 220, -1, 22, 88, 10891 }, // U+0159
    { 21, 29, 324, 0, 29, 153, 10979 }, // U+015A
    { 15, 22, 245, 0, 22, 83, 11132 }, // U+015B
    { 21, 28, 324, 0, 28, 147, 11215 }, // U+015C
    { 15, 21, 245, 0, 21, 79, 11362 }, // U+015D
    { 21, 29, 324, 0, 22, 153, 11441 }, // U+015E
    { 15, 22, 245, 0, 15, 83, 11594 }, // U+015F
    { 21, 29, 324, 0, 29, 153, 11677 }, // U+0160
    { 15, 22, 245, 0, 22, 83, 11830 }, // U+0161
    { 23, 29, 370, 2, 22, 167, 11913 }, // U+0162
    { 12, 27, 170, 0, 20, 81, 12080 }, // U+0163
    { 23, 29, 370, 2, 29, 167, 12161 }, // U+0164
    { 14, 22, 170, 1, 22, 77, 12328 }, // U+0165
    { 23, 22, 370, 2, 22, 127, 12405 }, // U+0166
    { 11, 20, 193, 1, 20, 55, 12532 }, // U+0167
    { 23, 29, 356, 2, 29, 167, 12587 }, // U+0168
    { 16, 23, 287, 1, 22, 92, 12754 }, // U+0169
    { 23, 26, 356, 2, 26, 150, 12846 }, // U+016A
    { 16, 20, 287, 1, 19, 80, 12996 }, // U+016B
    { 23, 28, 356, 2, 28, 161, 13076 }, // U+016C
    { 16, 22, 287, 1, 21, 88, 13237 }, // U+016D
    { 23, 31, 356, 2, 31, 179, 13325 }, // U+016E
    { 16, 25, 287, 1, 24, 100, 13504 }, // U+016F
    { 23, 30, 356, 2, 30, 173, 13604 }, // U+0170
    { 16, 24, 287, 1, 23, 96, 13777 }, // U+0171
    { 23, 30, 356, 2, 22, 173, 13873 }, // U+0172
    { 16, 22, 287, 1, 15, 88, 14046 }, // U+0173
    { 34, 28, 523, 2, 28, 238, 14134 }, // U+0174
    { 26, 21, 437, 2, 21, 137, 14372 }, // U+0175
    { 23, 28, 360, 2, 28, 161, 14509 }, // U+0176
    { 18, 27, 257, 0, 21, 122, 14670 }, // U+0177
    { 23, 28, 360, 2, 28, 161, 14792 }, // U+0178
    { 25, 29, 350, -1, 29, 182, 14953 }, // U+0179
    { 18, 22, 252, -2, 22, 99, 15135 }, // U+017A
    { 25, 28, 350, -1, 28, 175, 15234 }, // U+017B
    { 18, 21, 252, -2, 21, 95, 15409 }, // U+017C
    { 25, 29, 350, -1, 29, 182, 15504 }, // U+017D
    { 18, 22, 252, -2, 22, 99, 15686 }, // U+017E
    { 16, 24, 167, -1, 24, 96, 15785 }, // U+017F
    { 23, 26, 377, 1, 26, 150, 0 }, // U+01A0
    { 18, 19, 253, 0, 19, 86, 150 }, // U+01A1
    { 26, 26, 420, 2, 26, 169, 236 }, // U+01AF
    { 22, 20, 373, 1, 19, 110, 405 }, // U+01B0
    { 46, 29, 688, -1, 29, 334, 515 }, // U+01C4
    { 38, 22, 589, -1, 22, 209, 849 }, // U+01C5
    { 34, 24, 533, 0, 23, 204, 1058 }, // U+01C6
    { 36, 22, 530, -1, 22, 198, 1262 }, // U+01C7
    { 30, 28, 433, -1, 22, 210, 1460 }, // U+01C8
    { 19, 30, 257, -1, 24, 143, 1670 }, // U+01C9
    { 40, 22, 596, -1, 22, 220, 1813 }, // U+01CA
    { 34, 28, 499, -1, 22, 238, 2033 }, // U+01CB
    { 27, 27, 397, -1, 21, 183, 2271 }, // U+01CC
    { 23, 29, 349, -2, 29, 167, 2454 }, // U+01CD
    { 16, 23, 275, 0, 22, 92, 2621 }, // U+01CE
    { 15, 29, 167, -1, 29, 109, 2713 }, // U+01CF
    { 13, 22, 141, -1, 22, 72, 2822 }, // U+01D0
    { 23, 29, 377, 1, 29, 167, 2894 }, // U+01D1
    { 16, 22, 253, 0, 22, 88, 3061 }, // U+01D2
    { 23, 29, 356, 2, 29, 167, 3149 }, // U+01D3
    { 16, 23, 287, 1, 22, 92, 3316 }, // U+01D4
    { 23, 32, 356, 2, 32, 184, 3408 }, // U+01D5
    { 16, 26, 287, 1, 25, 104, 3592 }, // U+01D6
    { 23, 35, 356, 2, 35, 202, 3696 }, // U+01D7
    { 16, 29, 287, 1, 28, 116, 3898 }, // U+01D8
    { 23, 35, 356, 2, 35, 202, 4014 }, // U+01D9
    { 16, 29, 287, 1, 28, 116, 4216 }, // U+01DA
    { 23, 35, 356, 2, 35, 202, 4332 }, // U+01DB
    { 16, 29, 287, 1, 28, 116, 4534 }, // U+01DC
    { 22, 29, 362, 1, 29, 160, 4650 }, // U+01E6
    { 19, 28, 245, -2, 22, 133, 4810 }, // U+01E7
    { 23, 30, 377, 1, 22, 173, 4943 }, // U+01EA
    { 16, 23, 253, 0, 15, 92, 5116 }, // U+01EB
    { 23, 33, 349, -2, 33, 190, 5208 }, // U+01FA
    { 16, 29, 275, 0, 28, 116, 5398 }, // U+01FB
    { 34, 29, 512, -2, 29, 247, 5514 }, // U+01FC
    { 25, 23, 411, 0, 22, 144, 5761 }, // U+01FD
    { 23, 31, 386, 1, 29, 179, 5905 }, // U+01FE
    { 18, 22, 253, -1, 22, 99, 6084 }, // U+01FF
    { 23, 29, 349, -2, 29, 167, 6183 }, // U+0200
    { 17, 23, 275, 0, 22, 98, 6350 }, // U+0201
    { 23, 30, 349, -2, 30, 173, 6448 }, // U+0202
    { 16, 24, 275, 0, 23, 96, 6621 }, // U+0203
    { 22, 29, 338, -1, 29, 160, 6717 }, // U+0204
    { 16, 22, 230, 0, 22, 88, 6877 }, // U+0205
    { 22, 30, 338, -1, 30, 165, 6965 }, // U+0206
    { 14, 23, 230, 0, 23, 81, 7130 }, // U+0207
    { 16, 29, 167, -1, 29, 116, 7211 }, // U+0208
    { 14, 22, 141, -1, 22, 77, 7327 }, // U+0209
    { 15, 30, 167, -1, 30, 113, 7404 }, // U+020A
    { 12, 23, 141, -1, 23, 69, 7517 }, // U+020B
    { 23, 29, 377, 1, 29, 167, 7586 }, // U+020C
    { 16, 22, 253, 0, 22, 88, 7753 }, // U+020D
    { 23, 30, 377, 1, 30, 173, 7841 }, // U+020E
    { 16, 23, 253, 0, 23, 92, 8014 }, // U+020F
    { 22, 29, 351, -1, 29, 160, 8106 }, // U+0210
    { 16, 22, 220, -1, 22, 88, 8266 }, // U+0211
    { 22, 30, 351, -1, 30, 165, 8354 }, // U+0212
    { 16, 23, 220, -1, 23, 92, 8519 }, // U+0213
    { 23, 29, 356, 2, 29, 167, 8611 }, // U+0214
    { 16, 23, 287, 1, 22, 92, 8778 }, // U+0215
    { 23, 30, 356, 2, 30, 173, 8870 }, // U+0216
    { 16, 24, 287, 1, 23, 96, 9043 }, // U+0217
    { 21, 30, 324, 0, 22, 158, 9139 }, // U+0218
    { 15, 23, 245, 0, 15, 87, 9297 }, // U+0219
    { 23, 30, 370, 2, 22, 173, 9384 }, // U+021A
    { 11, 28, 170, 1, 20, 77, 9557 }, // U+021B
    { 7, 6, 0, 6, 22, 11, 0 }, // U+0300
    { 7, 6, 0, 7, 22, 11, 11 }, // U+0301
    { 10, 5, 0, 6, 21, 13, 22 }, // U+0302
    { 11, 6, 0, 5, 22, 17, 35 }, // U+0303
    { 9, 3, 0, 6, 19, 7, 52 }, // U+0304
    { 10, 5, 0, 6, 21, 13, 59 }, // U+0306
    { 5, 5, 0, 8, 21, 7, 72 }, // U+0307
    { 12, 5, 0, 5, 21, 15, 79 }, // U+0308
    { 5, 6, 0, 5, 23, 8, 94 }, // U+0309
    { 8, 8, 0, 6, 24, 16, 102 }, // U+030A
    { 10, 6, 0, 6, 23, 15, 118 }, // U+030B
    { 10, 5, 0, 5, 22, 13, 133 }, // U+030C
    { 13, 6, 0, 2, 22, 20, 146 }, // U+030F
    { 10, 5, 0, 6, 23, 13, 166 }, // U+0311
    { 6, 7, 0, 8, 21, 11, 179 }, // U+0312
    { 9, 7, 0, 0, 19, 16, 190 }, // U+031B
    { 6, 5, 0, 5, -2, 8, 206 }, // U+0323
    { 12, 5, 0, 2, -2, 15, 214 }, // U+0324
    { 5, 7, 0, 2, -1, 9, 229 }, // U+0326
    { 9, 8, 0, 1, 1, 18, 238 }, // U+0327
    { 9, 10, 0, 1, 2, 23, 256 }, // U+0328
    { 10, 5, 0, 2, -2, 13, 279 }, // U+032E
    { 11, 6, 0, 0, -2, 17, 292 }, // U+0330
    { 10, 3, 0, 3, -2, 8, 309 }, // U+0331
    { 23, 29, 349, -2, 22, 167, 0 }, // U+1EA0
    { 16, 22, 275, 0, 15, 88, 167 }, // U+1EA1
    { 23, 30, 349, -2, 30, 173, 255 }, // U+1EA2
    { 16, 24, 275, 0, 23, 96, 428 }, // U+1EA3
    { 26, 33, 349, -2, 33, 215, 524 }, // U+1EA4
    { 20, 27, 275, 0, 26, 135, 739 }, // U+1EA5
    { 23, 33, 349, -2, 33, 190, 874 }, // U+1EA6
    { 16, 27, 275, 0, 26, 108, 1064 }, // U+1EA7
    { 23, 34, 349, -2, 34, 196, 1172 }, // U+1EA8
    { 17, 28, 275, 0, 27, 119, 1368 }, // U+1EA9
    { 23, 34, 349, -2, 34, 196, 1487 }, // U+1EAA
    { 17, 28, 275, 0, 27, 119, 1683 }, // U+1EAB
    { 23, 35, 349, -2, 28, 202, 1802 }, // U+1EAC
    { 16, 28, 275, 0, 21, 112, 2004 }, // U+1EAD
    { 23, 35, 349, -2, 35, 202, 2116 }, // U+1EAE
    { 16, 28, 275, 0, 27, 112, 2318 }, // U+1EAF
    { 23, 35, 349, -2, 35, 202, 2430 }, // U+1EB0
    { 16, 28, 275, 0, 27, 112, 2632 }, // U+1EB1
    { 23, 36, 349, -2, 36, 207, 2744 }, // U+1EB2
    { 16, 29, 275, 0, 28, 116, 2951 }, // U+1EB3
    { 23, 35, 349, -2, 35, 202, 3067 }, // U+1EB4
    { 17, 28, 275, 0, 27, 119, 3269 }, // U+1EB5
    { 23, 35, 349, -2, 28, 202, 3388 }, // U+1EB6
    { 16, 28, 275, 0, 21, 112, 3590 }, // U+1EB7
    { 22, 30, 338, -1, 23, 165, 3702 }, // U+1EB8
    { 14, 22, 230, 0, 15, 77, 3867 }, // U+1EB9
    { 22, 30, 338, -1, 30, 165, 3944 }, // U+1EBA
    { 14, 23, 230, 0, 23, 81, 4109 }, // U+1EBB
    { 22, 29, 338, -1, 29, 160, 4190 }, // U+1EBC
    { 15, 22, 230, 0, 22, 83, 4350 }, // U+1EBD
    { 24, 33, 338, -1, 33, 198, 4433 }, // U+1EBE
    { 19, 26, 230, 0, 26, 124, 4631 }, // U+1EBF
    { 22, 33, 338, -1, 33, 182, 4755 }, // U+1EC0
    { 14, 26, 230, 0, 26, 91, 4937 }, // U+1EC1
    { 22, 34, 338, -1, 34, 187, 5028 }, // U+1EC2
    { 16, 27, 230, 0, 27, 108, 5215 }, // U+1EC3
    { 22, 34, 338, -1, 34, 187, 5323 }, // U+1EC4
    { 16, 27, 230, 0, 27, 108, 5510 }, // U+1EC5
    { 22, 35, 338, -1, 28, 193, 5618 }, // U+1EC6
    { 14, 28, 230, 0, 21, 98, 5811 }, // U+1EC7
    { 14, 30, 167, -1, 30, 105, 5909 }, // U+1EC8
    { 10, 23, 141, -1, 23, 58, 6014 }, // U+1EC9
    { 14, 29, 167, -1, 22, 102, 6072 }, // U+1ECA
    { 10, 28, 141, -1, 21, 70, 6174 }, // U+1ECB
    { 23, 29, 377, 1, 22, 167, 6244 }, // U+1ECC
    { 16, 22, 253, 0, 15, 88, 6411 }, // U+1ECD
    { 23, 30, 377, 1, 30, 173, 6499 }, // U+1ECE
    { 16, 23, 253, 0, 23, 92, 6672 }, // U+1ECF
    { 24, 33, 377, 1, 33, 198, 6764 }, // U+1ED0
    { 19, 26, 253, 0, 26, 124, 6962 }, // U+1ED1
    { 23, 33, 377, 1, 33, 190, 7086 }, // U+1ED2
    { 16, 26, 253, 0, 26, 104, 7276 }, // U+1ED3
    { 23, 34, 377, 1, 34, 196, 7380 }, // U+1ED4
    { 16, 27, 253, 0, 27, 108, 7576 }, // U+1ED5
    { 23, 34, 377, 1, 34, 196, 7684 }, // U+1ED6
    { 16, 27, 253, 0, 27, 108, 7880 }, // U+1ED7
    { 23, 35, 377, 1, 28, 202, 7988 }, // U+1ED8
    { 16, 28, 253, 0, 21, 112, 8190 }, // U+1ED9
    { 23, 29, 377, 1, 29, 167, 8302 }, // U+1EDA
    { 18, 22, 253, 0, 22, 99, 8469 }, // U+1EDB
    { 23, 29, 377, 1, 29, 167, 8568 }, // U+1EDC
    { 18, 22, 253, 0, 22, 99, 8735 }, // U+1EDD
    { 23, 30, 377, 1, 30, 173, 8834 }, // U+1EDE
    { 18, 23, 253, 0, 23, 104, 9007 }, // U+1EDF
    { 23, 29, 377, 1, 29, 167, 9111 }, // U+1EE0
    { 18, 22, 253, 0, 22, 99, 9278 }, // U+1EE1
    { 23, 33, 377, 1, 26, 190, 9377 }, // U+1EE2
    { 18, 26, 253, 0, 19, 117, 9567 }, // U+1EE3
    { 23, 29, 356, 2, 22, 167, 9684 }, // U+1EE4
    { 16, 22, 287, 1, 15, 88, 9851 }, // U+1EE5
    { 23, 30, 356, 2, 30, 173, 9939 }, // U+1EE6
    { 16, 24, 287, 1, 23, 96, 10112 }, // U+1EE7
    { 26, 29, 420, 2, 29, 189, 10208 }, // U+1EE8
    { 22, 23, 373, 1, 22, 127, 10397 }, // U+1EE9
    { 26, 29, 420, 2, 29, 189, 10524 }, // U+1EEA
    { 22, 23, 373, 1, 22, 127, 10713 }, // U+1EEB
    { 26, 30, 420, 2, 30, 195, 10840 }, // U+1EEC
    { 22, 24, 373, 1, 23, 132, 11035 }, // U+1EED
    { 26, 29, 420, 2, 29, 189, 11167 }, // U+1EEE
    { 22, 23, 373, 1, 22, 127, 11356 }, // U+1EEF
    { 26, 33, 420, 2, 26, 215, 11483 }, // U+1EF0
    { 22, 26, 373, 1, 19, 143, 11698 }, // U+1EF1
    { 23, 29, 360, 2, 29, 167, 11841 }, // U+1EF2
    { 18, 28, 257, 0, 22, 126, 12008 }, // U+1EF3
    { 23, 29, 360, 2, 22, 167, 12134 }, // U+1EF4
    { 18, 23, 257, 0, 15, 104, 12301 }, // U+1EF5
    { 23, 30, 360, 2, 30, 173, 12405 }, // U+1EF6
    { 18, 29, 257, 0, 23, 131, 12578 }, // U+1EF7
    { 23, 29, 360, 2, 29, 167, 12709 }, // U+1EF8
    { 18, 28, 257, 0, 22, 126, 12876 }, // U+1EF9
    { 0, 0, 305, 0, 0, 0, 0 }, // U+2007
    { 0, 0, 115, 0, 0, 0, 0 }, // U+2008
    { 0, 0, 94, 0, 0, 0, 0 }, // U+2009
    { 0, 0, 67, 0, 0, 0, 0 }, // U+200A
    { 0, 0, 0, 0, 0, 0, 0 }, // U+200B
    { 13, 3, 240, 1, 9, 10, 0 }, // U+2010
    { 20, 3, 352, 1, 9, 15, 10 }, // U+2012
    { 14, 3, 258, 1, 9, 11, 25 }, // U+2013
    { 20, 3, 352, 1, 9, 15, 36 }, // U+2014
    { 24, 3, 350, -1, 9, 18, 51 }, // U+2015
    { 7, 8, 148, 4, 23, 14, 69 }, // U+2018
    { 7, 9, 148, 3, 24, 16, 83 }, // U+2019
    { 7, 9, 116, -2, 5, 16, 99 }, // U+201A
    { 13, 8, 253, 4, 23, 26, 115 }, // U+201C
    { 13, 8, 253, 2, 23, 26, 141 }, // U+201D
    { 13, 9, 253, -2, 5, 30, 167 }, // U+201E
    { 14, 26, 274, 3, 22, 91, 197 }, // U+2020
    { 16, 26, 274, 1, 22, 104, 288 }, // U+2021
    { 8, 8, 282, 5, 14, 16, 392 }, // U+2022
    { 20, 6, 355, -1, 5, 30, 408 }, // U+2026
    { 38, 25, 633, 0, 24, 238, 438 }, // U+2030
    { 6, 9, 103, 2, 23, 14, 676 }, // U+2032
    { 12, 9, 207, 2, 23, 27, 690 }, // U+2033
    { 9, 14, 189, 2, 16, 32, 717 }, // U+2039
    { 9, 14, 189, 1, 16, 32, 749 }, // U+203A
    { 17, 23, 258, 1, 22, 98, 781 }, // U+203D
    { 30, 28, 500, 2, 23, 210, 879 }, // U+2042
    { 23, 22, 333, -1, 22, 127, 1089 }, // U+2044
    { 20, 24, 347, 3, 23, 120, 1216 }, // U+2048
    { 13, 14, 208, 2, 25, 46, 0 }, // U+2070
    { 12, 17, 205, 1, 24, 51, 46 }, // U+2074
    { 15, 16, 219, 1, 23, 60, 97 }, // U+2075
    { 15, 15, 216, 2, 26, 57, 157 }, // U+2076
    { 14, 16, 203, 1, 22, 56, 214 }, // U+2077
    { 13, 15, 177, 1, 26, 49, 270 }, // U+2078
    { 15, 15, 216, 1, 26, 57, 319 }, // U+2079
    { 14, 14, 208, -1, 14, 49, 376 }, // U+2080
    { 9, 14, 124, -1, 14, 32, 425 }, // U+2081
    { 12, 14, 193, -1, 14, 42, 457 }, // U+2082
    { 11, 13, 180, -1, 13, 36, 499 }, // U+2083
    { 13, 17, 205, -2, 13, 56, 535 }, // U+2084
    { 15, 16, 219, -1, 12, 60, 591 }, // U+2085
    { 14, 15, 216, 0, 15, 53, 651 }, // U+2086
    { 14, 16, 203, -1, 11, 56, 704 }, // U+2087
    { 12, 15, 177, -1, 15, 45, 760 }, // U+2088
    { 14, 15, 216, -1, 15, 53, 805 }, // U+2089
    { 22, 30, 386, 1, 26, 165, 0 }, // U+20A1
    { 26, 23, 412, 0, 23, 150, 165 }, // U+20A3
    { 22, 22, 363, 0, 22, 121, 315 }, // U+20A4
    { 27, 22, 444, 1, 22, 149, 436 }, // U+20A6
    { 24, 22, 390, 1, 22, 132, 585 }, // U+20A7
    { 34, 22, 572, 3, 22, 187, 717 }, // U+20A9
    { 24, 22, 358, 0, 22, 132, 904 }, // U+20AA
    { 21, 29, 339, 1, 26, 153, 1036 }, // U+20AB
    { 25, 22, 429, 1, 22, 138, 1189 }, // U+20AC
    { 25, 22, 395, 0, 22, 138, 1327 }, // U+20AD
    { 24, 22, 394, 1, 22, 132, 1465 }, // U+20B1
    { 23, 30, 390, 1, 26, 173, 1597 }, // U+20B2
    { 24, 22, 399, 1, 22, 132, 1770 }, // U+20B4
    { 22, 30, 386, 1, 26, 165, 1902 }, // U+20B5
    { 19, 23, 305, 2, 22, 110, 2067 }, // U+20B9
    { 19, 22, 349, 2, 22, 105, 2177 }, // U+20BA
    { 20, 27, 343, 1, 27, 135, 2282 }, // U+20BC
    { 22, 22, 342, 0, 22, 121, 2417 }, // U+20BD
    { 20, 29, 358, 1, 25, 145, 2538 }, // U+20BF
    { 22, 20, 405, 2, 21, 110, 0 }, // U+2190
    { 20, 22, 348, 1, 23, 110, 110 }, // U+2191
    { 22, 20, 390, 1, 21, 110, 220 }, // U+2192
    { 21, 22, 348, 0, 22, 116, 330 }, // U+2193
    { 28, 20, 517, 2, 21, 140, 446 }, // U+2194
    { 20, 29, 348, 1, 26, 145, 586 }, // U+2195
    { 17, 17, 313, 1, 23, 73, 731 }, // U+2196
    { 17, 17, 322, 2, 23, 73, 804 }, // U+2197
    { 17, 17, 313, 1, 17, 73, 877 }, // U+2198
    { 17, 17, 313, 1, 17, 73, 950 }, // U+2199
    { 19, 19, 356, 1, 21, 91, 1023 }, // U+21BA
    { 19, 19, 356, 2, 21, 91, 1114 }, // U+21BB
    { 25, 32, 405, 0, 26, 200, 1205 }, // U+21C4
    { 32, 25, 538, 1, 23, 200, 1405 }, // U+21C5
    { 21, 20, 373, 1, 19, 105, 1605 }, // U+21E7
    { 16, 25, 282, 0, 24, 100, 0 }, // U+2202
    { 20, 16, 282, -1, 16, 80, 100 }, // U+2205
    { 17, 20, 282, -1, 20, 85, 180 }, // U+2206
    { 21, 23, 282, -1, 23, 121, 265 }, // U+220F
    { 20, 22, 282, 0, 22, 110, 386 }, // U+2211
    { 17, 2, 282, 0, 9, 9, 496 }, // U+2212
    { 16, 22, 266, 1, 22, 88, 505 }, // U+2215
    { 6, 6, 282, 6, 13, 9, 593 }, // U+2219
    { 21, 26, 282, 0, 24, 137, 602 }, // U+221A
    { 18, 10, 282, 0, 13, 45, 739 }, // U+221E
    { 23, 30, 282, -3, 23, 173, 784 }, // U+222B
    { 20, 15, 282, -1, 17, 75, 957 }, // U+2248
    { 16, 17, 282, 1, 17, 68, 1032 }, // U+2260
    { 20, 18, 282, -1, 18, 90, 1100 }, // U+2264
    { 19, 18, 282, -1, 18, 86, 1190 }, // U+2265
    { 25, 24, 316, -1, 24, 150, 0 }, // U+FB00
    { 21, 24, 312, -1, 24, 126, 150 }, // U+FB01
    { 20, 24, 294, -1, 24, 120, 276 }, // U+FB02
    { 31, 24, 476, -1, 24, 186, 396 }, // U+FB03
    { 30, 24, 462, -1, 24, 180, 582 }, // U+FB04
    { 32, 31, 516, 1, 28, 248, 0 }, // U+FFFD
};

static const EpdUnicodeInterval youngserif_16_italicIntervals[] = {
    { 0xD, 0xD, 0x0 },
    { 0x20, 0x7E, 0x1 },
    { 0xA0, 0xAC, 0x60 },
    { 0xAE, 0x17F, 0x6D },
    { 0x1A0, 0x1A1, 0x13F },
    { 0x1AF, 0x1B0, 0x141 },
    { 0x1C4, 0x1DC, 0x143 },
    { 0x1E6, 0x1E7, 0x15C },
    { 0x1EA, 0x1EB, 0x15E },
    { 0x1FA, 0x21B, 0x160 },
    { 0x300, 0x304, 0x182 },
    { 0x306, 0x30C, 0x187 },
    { 0x30F, 0x30F, 0x18E },
    { 0x311, 0x312, 0x18F },
    { 0x31B, 0x31B, 0x191 },
    { 0x323, 0x324, 0x192 },
    { 0x326, 0x328, 0x194 },
    { 0x32E, 0x32E, 0x197 },
    { 0x330, 0x331, 0x198 },
    { 0x1EA0, 0x1EF9, 0x19A },
    { 0x2007, 0x200B, 0x1F4 },
    { 0x2010, 0x2010, 0x1F9 },
    { 0x2012, 0x2015, 0x1FA },
    { 0x2018, 0x201A, 0x1FE },
    { 0x201C, 0x201E, 0x201 },
    { 0x2020, 0x2022, 0x204 },
    { 0x2026, 0x2026, 0x207 },
    { 0x2030, 0x2030, 0x208 },
    { 0x2032, 0x2033, 0x209 },
    { 0x2039, 0x203A, 0x20B },
    { 0x203D, 0x203D, 0x20D },
    { 0x2042, 0x2042, 0x20E },
    { 0x2044, 0x2044, 0x20F },
    { 0x2048, 0x2048, 0x210 },
    { 0x2070, 0x2070, 0x211 },
    { 0x2074, 0x2079, 0x212 },
    { 0x2080, 0x2089, 0x218 },
    { 0x20A1, 0x20A1, 0x222 },
    { 0x20A3, 0x20A4, 0x223 },
    { 0x20A6, 0x20A7, 0x225 },
    { 0x20A9, 0x20AD, 0x227 },
    { 0x20B1, 0x20B2, 0x22C },
    { 0x20B4, 0x20B5, 0x22E },
    { 0x20B9, 0x20BA, 0x230 },
    { 0x20BC, 0x20BD, 0x232 },
    { 0x20BF, 0x20BF, 0x234 },
    { 0x2190, 0x2199, 0x235 },
    { 0x21BA, 0x21BB, 0x23F },
    { 0x21C4, 0x21C5, 0x241 },
    { 0x21E7, 0x21E7, 0x243 },
    { 0x2202, 0x2202, 0x244 },
    { 0x2205, 0x2206, 0x245 },
    { 0x220F, 0x220F, 0x247 },
    { 0x2211, 0x2212, 0x248 },
    { 0x2215, 0x2215, 0x24A },
    { 0x2219, 0x221A, 0x24B },
    { 0x221E, 0x221E, 0x24D },
    { 0x222B, 0x222B, 0x24E },
    { 0x2248, 0x2248, 0x24F },
    { 0x2260, 0x2260, 0x250 },
    { 0x2264, 0x2265, 0x251 },
    { 0xFB00, 0xFB04, 0x253 },
    { 0xFFFD, 0xFFFD, 0x258 },
};

static const EpdFontGroup youngserif_16_italicGroups[] = {
    { 0, 4286, 9221, 96, 0 },
    { 4286, 3386, 10502, 95, 96 },
    { 7672, 4231, 16989, 128, 191 },
    { 11903, 3100, 10098, 67, 319 },
    { 15003, 285, 376, 24, 386 },
    { 15288, 2065, 13764, 90, 410 },
    { 17353, 759, 1448, 29, 500 },
    { 18112, 578, 955, 17, 529 },
    { 18690, 1489, 2832, 19, 546 },
    { 20179, 732, 1841, 15, 565 },
    { 20911, 629, 1347, 15, 580 },
    { 21540, 444, 816, 5, 595 },
    { 21984, 140, 248, 1, 600 },
};

static const uint16_t youngserif_16_italicKernLeftCodepoints[] = {
    0x0028, 0x002C, 0x002D, 0x002E, 0x002F, 0x0030, 0x0031, 0x0032, 0x0033, 0x0034, 0x0035, 0x0036,
    0x0037, 0x0038, 0x0039, 0x003A, 0x003B, 0x0041, 0x0042, 0x0043, 0x0044, 0x0045, 0x0046, 0x0047,
    0x0048, 0x0049, 0x004A, 0x004B, 0x004C, 0x004D, 0x004E, 0x004F, 0x0050, 0x0051, 0x0052, 0x0053,
    0x0054, 0x0055, 0x0056, 0x0057, 0x0058, 0x0059, 0x005A, 0x005B, 0x0061, 0x0062, 0x0063, 0x0064,
    0x0065, 0x0066, 0x0067, 0x0068, 0x0069, 0x006A, 0x006B, 0x006C, 0x006D, 0x006E, 0x006F, 0x0070,
    0x0071, 0x0072, 0x0073, 0x0074, 0x0075, 0x0076, 0x0077, 0x0078, 0x0079, 0x007A, 0x00A1, 0x00B2,
    0x00B3, 0x00B9, 0x00BF, 0x00C0, 0x00C1, 0x00C2, 0x00C3, 0x00C4, 0x00C5, 0x00C6, 0x00C7, 0x00C8,
    0x00C9, 0x00CA, 0x00CB, 0x00CC, 0x00CD, 0x00CE, 0x00CF, 0x00D0, 0x00D1, 0x00D2, 0x00D3, 0x00D4,
    0x00D5, 0x00D6, 0x00D8, 0x00D9, 0x00DA, 0x00DB, 0x00DC, 0x00DD, 0x00DE, 0x00DF, 0x00E0, 0x00E1,
    0x00E2, 0x00E3, 0x00E4, 0x00E5, 0x00E6, 0x00E7, 0x00E8, 0x00E9, 0x00EA, 0x00EB, 0x00EC, 0x00ED,
    0x00EE, 0x00EF, 0x00F0, 0x00F1, 0x00F2, 0x00F3, 0x00F4, 0x00F5, 0x00F6, 0x00F7, 0x00F8, 0x00F9,
    0x00FA, 0x00FB, 0x00FC, 0x00FD, 0x00FE, 0x00FF, 0x0100, 0x0101, 0x0102, 0x0103, 0x0104, 0x0105,
    0x0106, 0x0107, 0x0108, 0x0109, 0x010A, 0x010B, 0x010C, 0x010D, 0x010E, 0x010F, 0x0110, 0x0111,
    0x0112, 0x0113, 0x0114, 0x0115, 0x0116, 0x0117, 0x0118, 0x0119, 0x011A, 0x011B, 0x011C, 0x011D,
    0x011E, 0x011F, 0x0120, 0x0121, 0x0122, 0x0123, 0x0124, 0x0125, 0x0126, 0x0127, 0x0128, 0x0129,
    0x012A, 0x012B, 0x012C, 0x012D, 0x012E, 0x012F, 0x0130, 0x0131, 0x0132, 0x0133, 0x0134, 0x0135,
    0x0136, 0x0137, 0x0138, 0x0139, 0x013A, 0x013B, 0x013C, 0x013D, 0x013E, 0x013F, 0x0140, 0x0141,
    0x0142, 0x0143, 0x0144, 0x0145, 0x0146, 0x0147, 0x0148, 0x0149, 0x014A, 0x014B, 0x014C, 0x014D,
    0x014E, 0x014F, 0x0150, 0x0151, 0x0152, 0x0153, 0x0154, 0x0155, 0x0156, 0x0157, 0x0158, 0x0159,
    0x015A, 0x015B, 0x015C, 0x015D, 0x015E, 0x015F, 0x0160, 0x0161, 0x0162, 0x0163, 0x0164, 0x0165,
    0x0166, 0x0167, 0x0168, 0x0169, 0x016A, 0x016B, 0x016C, 0x016D, 0x016E, 0x016F, 0x0170, 0x0171,
    0x0172, 0x0173, 0x0174, 0x0175, 0x0176, 0x0177, 0x0178, 0x0179, 0x017A, 0x017B, 0x017C, 0x017D,
    0x017E, 0x01A0, 0x01A1, 0x01C4, 0x01C5, 0x01C6, 0x01C7, 0x01C8, 0x01C9, 0x01CA, 0x01CB, 0x01CC,
    0x01CD, 0x01CE, 0x01CF, 0x01D0, 0x01D1, 0x01D2, 0x01D3, 0x01D4, 0x01D5, 0x01D6, 0x01D7, 0x01D8,
    0x01D9, 0x01DA, 0x01DB, 0x01DC, 0x01E6, 0x01E7, 0x01EA, 0x01EB, 0x01FA, 0x01FB, 0x01FC, 0x01FD,
    0x01FE, 0x01FF, 0x0200, 0x0201, 0x0202, 0x0203, 0x0204, 0x0205, 0x0206, 0x0207, 0x0208, 0x0209,
    0x020A, 0x020B, 0x020C, 0x020D, 0x020E, 0x020F, 0x0210, 0x0211, 0x0212, 0x0213, 0x0214, 0x0215,
    0x0216, 0x0217, 0x0218, 0x0219, 0x021A, 0x021B, 0x1EA0, 0x1EA1, 0x1EA2, 0x1EA3, 0x1EA4, 0x1EA5,
    0x1EA6, 0x1EA7, 0x1EA8, 0x1EA9, 0x1EAA, 0x1EAB, 0x1EAC, 0x1EAD, 0x1EAE, 0x1EAF, 0x1EB0, 0x1EB1,
    0x1EB2, 0x1EB3, 0x1EB4, 0x1EB5, 0x1EB6, 0x1EB7, 0x1EB8, 0x1EB9, 0x1EBA, 0x1EBB, 0x1EBC, 0x1EBD,
    0x1EBE, 0x1EBF, 0x1EC0, 0x1EC1, 0x1EC2, 0x1EC3, 0x1EC4, 0x1EC5, 0x1EC6, 0x1EC7, 0x1EC8, 0x1EC9,
    0x1ECA, 0x1ECB, 0x1ECC, 0x1ECD, 0x1ECE, 0x1ECF, 0x1ED0, 0x1ED1, 0x1ED2, 0x1ED3, 0x1ED4, 0x1ED5,
    0x1ED6, 0x1ED7, 0x1ED8, 0x1ED9, 0x1EDA, 0x1EDB, 0x1EDC, 0x1EDD, 0x1EDE, 0x1EDF, 0x1EE0, 0x1EE1,
    0x1EE2, 0x1EE3, 0x1EE4, 0x1EE5, 0x1EE6, 0x1EE7, 0x1EF2, 0x1EF3, 0x1EF4, 0x1EF5, 0x1EF6, 0x1EF7,
    0x1EF8, 0x1EF9, 0x2010, 0x2012, 0x2013, 0x2014, 0x2015, 0x201A, 0x201E, 0x2026, 0x2044, 0x2070,
    0x2074, 0x2075, 0x2076, 0x2077, 0x2078, 0x2079, 0xFB00, 0xFB01, 0xFB02, 0xFB03, 0xFB04,
};

static const uint8_t youngserif_16_italicKernLeftClassIds[] = {
      1,   2,   3,   2,   4,   5,   6,   7,   8,   9,  10,  11,  12,  13,  14,  15,
     15,  16,  17,  18,  19,  20,  21,  22,  23,  24,  25,  26,  20,  23,  27,  19,
     28,  19,  29,  30,  31,  32,  33,  33,  34,  35,  36,  37,  38,  39,  40,  38,
     41,  42,  43,  44,  38,  45,  46,  38,  44,  44,  39,  39,  47,  48,  49,  50,
     51,  52,  52,  53,  54,  55,  56,  57,  57,  57,  58,  16,  16,  16,  16,  16,
     16,  59,  18,  59,  59,  59,  59,  24,  24,  24,  24,  19,  27,  19,  19,  19,
     19,  19,  19,  32,  32,  32,  32,  35,  28,  39,  38,  38,  38,  38,  38,  38,
     41,  40,  41,  41,  41,  41,  38,  38,  60,  60,  61,  44,  39,  39,  39,  39,
     39,  62,  39,  51,  51,  51,  51,  54,  39,  54,  16,  38,  16,  38,  16,  38,
     18,  40,  18,  40,  18,  40,  18,  40,  19,  63,  19,  64,  59,  41,  20,  41,
     59,  41,  59,  41,  59,  41,  22,  43,  22,  43,  22,  43,  22,  43,  23,  44,
     23,  44,  24,  38,  24,  38,  24,  38,  24,  65,  24,  38,  25,  45,  25,  45,
     26,  46,  46,  20,  38,  20,  38,  59,  38,  20,  66,  67,  68,  27,  44,  27,
     44,  27,  44,  44,  27,  69,  19,  39,  19,  39,  19,  39,  59,  41,  29,  48,
     29,  48,  29,  48,  30,  49,  30,  49,  30,  49,  30,  49,  31,  50,  31,  50,
     31,  50,  32,  51,  32,  51,  32,  51,  32,  51,  32,  51,  32,  51,  33,  52,
     35,  54,  35,  36,  55,  36,  55,  36,  55,  19,  39,  36,  55,  55,  25,  45,
     69,  25,  45,  69,  16,  38,  24,  38,  19,  39,  32,  51,  32,  51,  32,  51,
     32,  51,  32,  51,  22,  43,  19,  39,  16,  38,  20,  41,  19,  39,  16,  38,
     16,  38,  20,  41,  20,  41,  24,  38,  24,  38,  19,  39,  19,  39,  29,  48,
     29,  48,  32,  51,  32,  51,  30,  49,  31,  50,  16,  38,  16,  38,  16,  38,
     16,  38,  16,  38,  16,  38,  16,  38,  16,  38,  16,  38,  16,  38,  16,  38,
     16,  38,  20,  41,  20,  41,  20,  41,  20,  41,  20,  41,  20,  41,  20,  41,
     20,  41,  24,  38,  24,  70,  19,  39,  19,  39,  19,  39,  19,  39,  19,  39,
     19,  39,  19,  39,  19,  39,  19,  39,  19,  39,  19,  39,  19,  39,  32,  51,
     32,  51,  35,  54,  35,  54,  35,  54,  35,  54,   3,   3,   3,   3,   3,   2,
      2,   2,  71,  57,  57,  57,  57,  57,  57,  57,  38,  38,  38,  38,  38,
};

static const uint16_t youngserif_16_italicKernRightCodepoints[] = {
    0x0021, 0x0029, 0x002C, 0x002D, 0x002E, 0x002F, 0x0030, 0x0031, 0x0032, 0x0033, 0x0034, 0x0035,
    0x0036, 0x0037, 0x0038, 0x0039, 0x003A, 0x003B, 0x003F, 0x0041, 0x0042, 0x0043, 0x0044, 0x0045,
    0x0046, 0x0047, 0x0048, 0x0049, 0x004A, 0x004B, 0x004C, 0x004D, 0x004E, 0x004F, 0x0050, 0x0051,
    0x0052, 0x0053, 0x0054, 0x0055, 0x0056, 0x0057, 0x0058, 0x0059, 0x005A, 0x005D, 0x0061, 0x0062,
    0x0063, 0x0064, 0x0065, 0x0066, 0x0067, 0x0068, 0x0069, 0x006A, 0x006B, 0x006C, 0x006D, 0x006E,
    0x006F, 0x0070, 0x0071, 0x0072, 0x0073, 0x0074, 0x0075, 0x0076, 0x0077, 0x0078, 0x0079, 0x007A,
    0x00B7, 0x00C0, 0x00C1, 0x00C2, 0x00C3, 0x00C4, 0x00C5, 0x00C6, 0x00C7, 0x00C8, 0x00C9, 0x00CA,
    0x00CB, 0x00CC, 0x00CD, 0x00CE, 0x00CF, 0x00D0, 0x00D1, 0x00D2, 0x00D3, 0x00D4, 0x00D5, 0x00D6,
    0x00D8, 0x00D9, 0x00DA, 0x00DB, 0x00DC, 0x00DD, 0x00DE, 0x00DF, 0x00E0, 0x00E1, 0x00E2, 0x00E3,
    0x00E4, 0x00E5, 0x00E6, 0x00E7, 0x00E8, 0x00E9, 0x00EA, 0x00EB, 0x00EC, 0x00ED, 0x00EE, 0x00EF,
    0x00F0, 0x00F1, 0x00F2, 0x00F3, 0x00F4, 0x00F5, 0x00F6, 0x00F7, 0x00F8, 0x00F9, 0x00FA, 0x00FB,
    0x00FC, 0x00FD, 0x00FE, 0x00FF, 0x0100, 0x0101, 0x0102, 0x0103, 0x0104, 0x0105, 0x0106, 0x0107,
    0x0108, 0x0109, 0x010A, 0x010B, 0x010C, 0x010D, 0x010E, 0x010F, 0x0110, 0x0111, 0x0112, 0x0113,
    0x0114, 0x0115, 0x0116, 0x0117, 0x0118, 0x0119, 0x011A, 0x011B, 0x011C, 0x011D, 0x011E, 0x011F,
    0x0120, 0x0121, 0x0122, 0x0123, 0x0124, 0x0125, 0x0126, 0x0127, 0x0128, 0x0129, 0x012A, 0x012B,
    0x012C, 0x012D, 0x012E, 0x012F, 0x0130, 0x0131, 0x0132, 0x0133, 0x0134, 0x0135, 0x0136, 0x0137,
    0x0138, 0x0139, 0x013A, 0x013B, 0x013C, 0x013D, 0x013E, 0x013F, 0x0140, 0x0141, 0x0142, 0x0143,
    0x0144, 0x0145, 0x0146, 0x0147, 0x0148, 0x014A, 0x014B, 0x014C, 0x014D, 0x014E, 0x014F, 0x0150,
    0x0151, 0x0152, 0x0153, 0x0154, 0x0155, 0x0156, 0x0157, 0x0158, 0x0159, 0x015A, 0x015B, 0x015C,
    0x015D, 0x015E, 0x015F, 0x0160, 0x0161, 0x0162, 0x0163, 0x0164, 0x0165, 0x0166, 0x0167, 0x0168,
    0x0169, 0x016A, 0x016B, 0x016C, 0x016D, 0x016E, 0x016F, 0x0170, 0x0171, 0x0172, 0x0173, 0x0174,
    0x0175, 0x0176, 0x0177, 0x0178, 0x0179, 0x017A, 0x017B, 0x017C, 0x017D, 0x017E, 0x01A0, 0x01A1,
    0x01AF, 0x01B0, 0x01C4, 0x01C5, 0x01C6, 0x01C7, 0x01C8, 0x01C9, 0x01CA, 0x01CB, 0x01CC, 0x01CD,
    0x01CE, 0x01CF, 0x01D0, 0x01D1, 0x01D2, 0x01D3, 0x01D4, 0x01D5, 0x01D6, 0x01D7, 0x01D8, 0x01D9,
    0x01DA, 0x01DB, 0x01DC, 0x01E6, 0x01E7, 0x01EA, 0x01EB, 0x01FA, 0x01FB, 0x01FC, 0x01FD, 0x01FE,
    0x01FF, 0x0200, 0x0201, 0x0202, 0x0203, 0x0204, 0x0205, 0x0206, 0x0207, 0x0208, 0x0209, 0x020A,
    0x020B, 0x020C, 0x020D, 0x020E, 0x020F, 0x0210, 0x0211, 0x0212, 0x0213, 0x0214, 0x0215, 0x0216,
    0x0217, 0x0218, 0x0219, 0x021A, 0x021B, 0x1EA0, 0x1EA1, 0x1EA2, 0x1EA3, 0x1EA4, 0x1EA5, 0x1EA6,
    0x1EA7, 0x1EA8, 0x1EA9, 0x1EAA, 0x1EAB, 0x1EAC, 0x1EAD, 0x1EAE, 0x1EAF, 0x1EB0, 0x1EB1, 0x1EB2,
    0x1EB3, 0x1EB4, 0x1EB5, 0x1EB6, 0x1EB7, 0x1EB8, 0x1EB9, 0x1EBA, 0x1EBB, 0x1EBC, 0x1EBD, 0x1EBE,
    0x1EBF, 0x1EC0, 0x1EC1, 0x1EC2, 0x1EC3, 0x1EC4, 0x1EC5, 0x1EC6, 0x1EC7, 0x1EC8, 0x1EC9, 0x1ECA,
    0x1ECB, 0x1ECC, 0x1ECD, 0x1ECE, 0x1ECF, 0x1ED0, 0x1ED1, 0x1ED2, 0x1ED3, 0x1ED4, 0x1ED5, 0x1ED6,
    0x1ED7, 0x1ED8, 0x1ED9, 0x1EDA, 0x1EDB, 0x1EDC, 0x1EDD, 0x1EDE, 0x1EDF, 0x1EE0, 0x1EE1, 0x1EE2,
    0x1EE3, 0x1EE4, 0x1EE5, 0x1EE6, 0x1EE7, 0x1EE8, 0x1EE9, 0x1EEA, 0x1EEB, 0x1EEC, 0x1EED, 0x1EEE,
    0x1EEF, 0x1EF0, 0x1EF1, 0x1EF2, 0x1EF3, 0x1EF4, 0x1EF5, 0x1EF6, 0x1EF7, 0x1EF8, 0x1EF9, 0x2010,
    0x2012, 0x2013, 0x2014, 0x2015, 0x201A, 0x201E, 0x2026, 0x2044, 0x2080, 0x2081, 0x2082, 0x2083,
    0x2084, 0x2085, 0x2086, 0x2087, 0x2088, 0x2089, 0xFB00, 0xFB01, 0xFB02, 0xFB03, 0xFB04,
};

static const uint8_t youngserif_16_italicKernRightClassIds[] = {
      1,   2,   3,   4,   3,   5,   6,   7,   8,   9,  10,  11,  12,  13,  14,  15,
     16,  16,  17,  18,  19,  20,  19,  19,  19,  20,  19,  21,  22,  19,  19,  19,
     19,  20,  19,  20,  19,  23,  24,  25,  26,  27,  28,  29,  30,  31,  32,  33,
     32,  32,  32,  34,  35,  36,  37,  38,  36,  36,  39,  39,  32,  40,  32,  39,
     41,  42,  43,  44,  44,  45,  46,  47,  48,  18,  18,  18,  18,  18,  18,  49,
     20,  19,  19,  19,  19,  21,  21,  21,  21,  19,  19,  20,  20,  20,  20,  20,
     20,  25,  25,  25,  25,  29,  19,  36,  50,  32,  32,  51,  52,  32,  32,  32,
     53,  32,  54,  55,  56,  37,  57,  58,  59,  39,  60,  32,  61,  62,  63,  64,
     32,  65,  65,  65,  65,  46,  66,  67,  18,  68,  18,  69,  18,  32,  20,  32,
     20,  32,  20,  32,  20,  70,  19,  32,  19,  32,  19,  71,  19,  32,  19,  32,
     19,  32,  19,  72,  20,  73,  20,  73,  20,  35,  20,  35,  19,  36,  19,  36,
     21,  37,  21,  74,  21,  37,  21,  75,  21,  37,  21,  37,  22,  38,  19,  36,
     36,  19,  36,  19,  36,  19,  36,  19,  36,  76,  36,  19,  39,  19,  39,  19,
     39,  19,  39,  20,  60,  20,  32,  20,  77,  20,  78,  19,  39,  19,  39,  19,
     79,  23,  41,  23,  41,  23,  41,  23,  80,  81,  42,  81,  42,  81,  42,  25,
     65,  25,  65,  25,  65,  25,  65,  25,  65,  25,  65,  27,  44,  29,  82,  29,
     30,  47,  30,  47,  30,  83,  20,  32,  25,  65,  19,  19,  32,  19,  19,  36,
     19,  19,  39,  18,  32,  21,  37,  20,  32,  25,  65,  25,  65,  25,  65,  25,
     65,  25,  65,  20,  73,  20,  32,  18,  32,  49,  32,  20,  32,  18,  32,  18,
     32,  19,  32,  19,  32,  21,  37,  21,  37,  20,  32,  20,  32,  19,  39,  19,
     39,  25,  65,  25,  65,  23,  41,  81,  42,  18,  32,  18,  32,  18,  32,  18,
     32,  18,  32,  18,  32,  18,  32,  18,  32,  18,  32,  18,  32,  18,  32,  18,
     32,  19,  32,  19,  32,  19,  32,  19,  32,  19,  32,  19,  32,  19,  32,  19,
     32,  21,  37,  21,  37,  20,  32,  20,  32,  20,  32,  20,  32,  20,  32,  20,
     32,  20,  32,  20,  32,  20,  32,  20,  32,  20,  32,  20,  32,  25,  65,  25,
     65,  25,  65,  25,  65,  25,  65,  25,  65,  25,  65,  29,  46,  29,  46,  29,
     46,  29,  46,   4,   4,   4,   4,  84,   3,   3,   3,  85,  86,  87,  86,  86,
     86,  86,  86,  86,  88,  88,  89,  89,  89,  89,  89,
};

static const uint16_t youngserif_16_italicKernRowOffsets[] = {
        0,    28,    74,    92,    93,   100,   110,   117,   125,   139,   144,   148,   156,   159,   167,   179,
      235,   284,   322,   378,   427,   488,   518,   563,   604,   664,   725,   784,   844,   899,   948,  1000,
     1057,  1114,  1167,  1227,  1273,  1275,  1317,  1346,  1393,  1413,  1464,  1504,  1549,  1550,  1589,  1632,
     1672,  1711,  1745,  1787,  1819,  1842,  1889,  1928,  1929,  1930,  1931,  1980,  1982,  2024,  2027,  2046,
     2048,  2090,  2132,  2181,  2185,  2194,  2236,  2239,
};

static const uint8_t youngserif_16_italicKernSparseCols[] = {
      7,   8,   9,  11,  13,  14,  31,  37,  45,  49,  50,  51,  52,  53,  54,  59,
     60,  61,  62,  66,  67,  68,  69,  70,  71,  76,  77,  81,   5,   7,   8,   9,
     10,  11,  12,  18,  19,  20,  21,  22,  23,  24,  25,  26,  28,  31,  32,  39,
     41,  42,  43,  45,  49,  50,  51,  52,  53,  54,  59,  60,  61,  62,  64,  66,
     67,  68,  69,  70,  71,  75,  76,  77,  80,  81,  17,  18,  20,  23,  24,  25,
     26,  27,  28,  29,  32,  43,  44,  45,  66,  75,  80,  81,  17,   2,   5,   7,
      9,  11,  12,  15,   3,   5,   6,   7,   8,   9,  12,  13,  14,  83,   1,   2,
      6,   9,  10,  12,  14,   2,   5,   6,   9,  11,  13,  14,  15,   1,   2,   3,
      5,   6,   8,   9,  10,  11,  12,  13,  15,  63,  83,   2,   5,   6,   7,  14,
      2,   5,   6,  15,   1,   2,   3,   5,   6,   7,   9,  83,   2,   6,  12,   1,
      2,   5,   6,   8,   9,  10,  11,   5,   6,   7,   9,  10,  12,  14,  25,  26,
     34,  37,  72,   3,  17,  19,  22,  23,  24,  25,  26,  28,  29,  31,  32,  34,
     35,  36,  37,  38,  39,  40,  41,  42,  43,  44,  45,  46,  49,  50,  51,  52,
     53,  54,  55,  59,  60,  61,  62,  64,  65,  66,  67,  68,  69,  70,  71,  72,
     73,  74,  76,  77,  78,  79,  80,  81,  82,  83,  88,   2,  17,  18,  19,  20,
     22,  23,  24,  25,  26,  27,  28,  29,  31,  35,  38,  39,  40,  41,  42,  43,
     44,  45,  48,  49,  50,  51,  52,  53,  54,  59,  60,  61,  62,  64,  65,  66,
     67,  68,  69,  70,  71,  75,  76,  77,  78,  79,  80,  81,   2,  17,  19,  21,
     22,  24,  25,  26,  27,  28,  31,  32,  34,  36,  38,  48,  49,  50,  51,  52,
     53,  54,  55,  59,  60,  61,  62,  67,  68,  69,  70,  71,  72,  73,  74,  76,
     77,  78,   2,  17,  18,  19,  20,  21,  22,  23,  24,  25,  26,  27,  28,  29,
     31,  32,  34,  35,  36,  40,  42,  43,  45,  46,  48,  49,  50,  51,  52,  53,
     54,  55,  58,  59,  60,  61,  62,  64,  65,  66,  67,  68,  69,  70,  71,  72,
     73,  74,  75,  76,  77,  79,  80,  81,  82,  88,   2,  17,  18,  19,  21,  22,
     23,  24,  25,  26,  27,  28,  29,  31,  32,  35,  38,  39,  40,  41,  42,  43,
     44,  45,  47,  49,  50,  51,  52,  53,  54,  59,  60,  61,  62,  64,  66,  67,
     68,  69,  70,  71,  75,  76,  77,  78,  79,  80,  81,   2,   3,   4,  17,  18,
     19,  20,  21,  22,  23,  24,  27,  28,  31,  34,  35,  36,  37,  38,  39,  40,
     41,  42,  43,  44,  45,  46,  48,  49,  50,  51,  52,  53,  54,  55,  56,  57,
     59,  60,  61,  62,  64,  66,  67,  68,  69,  70,  71,  72,  73,  74,  75,  76,
     77,  78,  79,  80,  81,  82,  83,  88,   2,  17,  18,  19,  20,  21,  22,  23,
     24,  25,  26,  27,  28,  29,  32,  35,  36,  40,  44,  45,  48,  55,  65,  66,
     73,  74,  75,  79,  80,  81,   2,   3,  19,  20,  22,  23,  24,  29,  31,  32,
     35,  36,  39,  40,  41,  42,  43,  44,  45,  49,  50,  51,  52,  53,  54,  55,
     59,  60,  61,  62,  64,  66,  67,  68,  69,  70,  71,  73,  74,  76,  77,  79,
     80,  81,  83,   2,   3,  18,  19,  20,  21,  22,  23,  24,  31,  39,  40,  41,
     42,  43,  45,  48,  49,  50,  51,  52,  53,  54,  59,  60,  61,  62,  64,  66,
     67,  68,  69,  70,  71,  75,  76,  77,  79,  80,  81,  83,   2,   3,  17,  18,
     19,  20,  21,  22,  23,  24,  27,  29,  31,  32,  34,  35,  36,  37,  38,  39,
     40,  41,  42,  43,  44,  45,  46,  48,  49,  50,  51,  52,  53,  54,  55,  57,
     59,  60,  61,  62,  64,  66,  67,  68,  69,  70,  71,  72,  73,  74,  75,  76,
     77,  78,  79,  80,  81,  82,  83,  88,   2,   3,  17,  18,  19,  21,  22,  23,
     24,  25,  26,  27,  28,  29,  31,  32,  34,  35,  36,  37,  38,  39,  40,  41,
     42,  43,  45,  46,  48,  49,  50,  51,  52,  53,  54,  55,  59,  60,  61,  62,
     64,  65,  66,  67,  68,  69,  70,  71,  72,  73,  74,  75,  76,  77,  78,  79,
     80,  81,  82,  83,  88,   2,  17,  18,  19,  21,  22,  23,  25,  26,  28,  29,
     31,  32,  34,  35,  36,  37,  38,  39,  40,  41,  42,  43,  44,  45,  46,  48,
     49,  50,  51,  52,  53,  54,  55,  56,  57,  59,  60,  61,  62,  64,  66,  67,
     68,  69,  70,  71,  72,  73,  74,  75,  76,  77,  78,  79,  80,  81,  82,  88,
      2,   3,   4,  17,  18,  19,  20,  21,  22,  24,  25,  26,  27,  28,  29,  31,
     32,  34,  35,  36,  37,  38,  39,  40,  42,  43,  44,  46,  48,  49,  50,  51,
     52,  53,  54,  55,  56,  57,  58,  59,  60,  61,  62,  64,  65,  67,  68,  69,
     70,  71,  72,  73,  74,  75,  76,  77,  78,  79,  82,  83,   3,  17,  18,  19,
     22,  23,  24,  25,  26,  27,  28,  29,  31,  32,  35,  37,  38,  39,  40,  41,
     42,  43,  44,  45,  46,  48,  49,  50,  51,  52,  53,  54,  58,  59,  60,  61,
     62,  64,  65,  66,  67,  68,  69,  70,  71,  75,  76,  77,  78,  79,  80,  81,
     82,  83,  88,   2,  17,  18,  19,  20,  22,  23,  24,  25,  26,  27,  28,  29,
     31,  32,  34,  35,  39,  41,  42,  43,  44,  45,  48,  49,  50,  51,  52,  53,
     54,  59,  60,  61,  62,  64,  65,  66,  67,  68,  69,  70,  71,  72,  75,  76,
     77,  80,  81,  83,   2,   3,   4,  17,  18,  19,  20,  21,  31,  32,  34,  35,
     37,  38,  39,  40,  41,  42,  43,  44,  45,  46,  48,  49,  50,  51,  52,  53,
     54,  56,  57,  59,  60,  61,  62,  64,  66,  67,  68,  69,  70,  71,  72,  75,
     76,  77,  78,  79,  81,  82,  83,  88,   2,   3,  17,  19,  21,  22,  25,  26,
     27,  28,  29,  31,  32,  34,  36,  37,  38,  39,  40,  41,  42,  43,  44,  45,
     46,  48,  49,  50,  51,  52,  53,  54,  55,  56,  57,  59,  60,  61,  62,  64,
     66,  67,  68,  69,  70,  71,  72,  73,  74,  76,  77,  78,  79,  81,  82,  83,
     88,   2,   3,   4,  17,  19,  21,  22,  25,  26,  28,  29,  31,  32,  34,  36,
     37,  38,  39,  40,  41,  42,  43,  44,  45,  46,  48,  49,  50,  51,  52,  53,
     54,  55,  56,  57,  59,  60,  61,  62,  64,  66,  67,  68,  69,  70,  71,  72,
     73,  74,  76,  77,  78,  79,  81,  82,  83,  88,   3,  17,  18,  19,  22,  23,
     24,  27,  29,  31,  35,  36,  38,  39,  40,  41,  42,  43,  44,  45,  46,  48,
     49,  50,  51,  52,  53,  54,  55,  59,  60,  61,  62,  64,  65,  66,  67,  68,
     69,  70,  71,  73,  74,  75,  76,  77,  78,  79,  80,  81,  82,  83,  88,   2,
      3,  17,  19,  21,  22,  23,  25,  26,  27,  28,  29,  31,  32,  34,  36,  37,
     38,  39,  40,  41,  42,  43,  44,  45,  46,  48,  49,  50,  51,  52,  53,  54,
     55,  56,  57,  59,  60,  61,  62,  64,  65,  66,  67,  68,  69,  70,  71,  72,
     73,  74,  76,  77,  78,  79,  80,  81,  82,  83,  88,   2,  17,  18,  19,  20,
     22,  23,  24,  25,  26,  27,  31,  38,  39,  40,  41,  42,  43,  44,  45,  48,
     49,  50,  51,  52,  53,  54,  59,  60,  61,  62,  64,  65,  66,  67,  68,  69,
     70,  71,  75,  76,  77,  78,  79,  80,  81,  35,  37,  30,  31,  32,  33,  34,
     37,  38,  39,  40,  41,  42,  43,  44,  45,  46,  49,  50,  51,  52,  53,  54,
     58,  59,  60,  61,  62,  64,  65,  66,  67,  68,  69,  70,  71,  72,  76,  77,
     78,  79,  81,  82,  88,   2,  23,  25,  26,  32,  35,  36,  38,  39,  40,  41,
     42,  43,  44,  45,  46,  55,  58,  64,  65,  66,  73,  74,  78,  79,  80,  81,
     82,  88,   1,   2,  31,  32,  34,  35,  36,  37,  38,  39,  40,  41,  42,  43,
     44,  45,  46,  49,  50,  51,  52,  53,  54,  55,  58,  59,  60,  61,  62,  64,
     65,  66,  67,  68,  69,  70,  71,  72,  73,  74,  76,  77,  78,  79,  81,  82,
     88,  28,  31,  43,  49,  50,  51,  52,  53,  54,  59,  60,  61,  62,  67,  68,
     69,  70,  71,  76,  77,   0,   1,   2,   3,   6,   7,   8,  11,  14,  16,  31,
     32,  34,  35,  36,  37,  38,  40,  41,  42,  43,  45,  46,  49,  50,  51,  52,
     53,  54,  55,  59,  60,  61,  62,  64,  66,  67,  68,  69,  70,  71,  72,  73,
     74,  76,  77,  78,  79,  81,  82,  83,   2,  30,  31,  34,  36,  37,  38,  40,
     41,  42,  43,  44,  45,  49,  50,  51,  52,  53,  54,  55,  59,  60,  61,  62,
     64,  66,  67,  68,  69,  70,  71,  72,  73,  74,  76,  77,  78,  79,  81,  88,
      1,   3,  31,  32,  36,  37,  38,  39,  40,  41,  42,  43,  44,  45,  46,  49,
     50,  51,  52,  53,  54,  55,  58,  59,  60,  61,  62,  64,  65,  66,  67,  68,
     69,  70,  71,  73,  74,  76,  77,  78,  79,  81,  82,  83,  88,  37,  31,  32,
     35,  37,  38,  39,  40,  41,  42,  43,  44,  45,  46,  49,  50,  51,  52,  53,
     54,  58,  59,  60,  61,  62,  64,  65,  66,  67,  68,  69,  70,  71,  76,  77,
     78,  79,  81,  82,  88,   2,  31,  32,  35,  36,  37,  38,  39,  40,  41,  42,
     43,  44,  45,  46,  49,  50,  51,  52,  53,  54,  55,  58,  59,  60,  61,  62,
     64,  66,  67,  68,  69,  70,  71,  73,  74,  76,  77,  78,  79,  81,  82,  88,
      2,  31,  32,  34,  35,  38,  40,  41,  42,  43,  44,  45,  46,  49,  50,  51,
     52,  53,  54,  58,  59,  60,  61,  62,  64,  65,  66,  67,  68,  69,  70,  71,
     72,  76,  77,  78,  79,  81,  82,  88,  31,  32,  35,  36,  37,  38,  39,  40,
     41,  42,  43,  45,  49,  50,  51,  52,  53,  54,  55,  58,  59,  60,  61,  62,
     64,  65,  66,  67,  68,  69,  70,  71,  73,  74,  76,  77,  78,  79,  81,  31,
     34,  35,  36,  38,  39,  40,  41,  42,  49,  50,  51,  52,  53,  54,  55,  59,
     60,  61,  62,  64,  67,  68,  69,  70,  71,  72,  73,  74,  76,  77,  78,  79,
     88,   1,  31,  35,  36,  38,  39,  40,  41,  42,  43,  44,  45,  46,  49,  50,
     51,  52,  53,  54,  55,  58,  59,  60,  61,  62,  64,  65,  66,  67,  68,  69,
     70,  71,  73,  74,  76,  77,  78,  79,  81,  82,  88,   2,   3,  17,  31,  35,
     40,  42,  43,  44,  45,  49,  50,  51,  52,  53,  54,  59,  60,  61,  62,  64,
     66,  67,  68,  69,  70,  71,  76,  77,  79,  81,  83,   3,  31,  45,  49,  50,
     51,  52,  53,  54,  59,  60,  61,  62,  66,  67,  68,  69,  70,  71,  76,  77,
     81,  83,   2,   3,  23,  31,  32,  34,  35,  36,  38,  39,  40,  41,  42,  43,
     44,  45,  46,  49,  50,  51,  52,  53,  54,  55,  59,  60,  61,  62,  64,  66,
     67,  68,  69,  70,  71,  72,  73,  74,  76,  77,  78,  79,  80,  81,  82,  83,
     88,   3,  31,  32,  35,  36,  37,  38,  40,  41,  42,  43,  45,  49,  50,  51,
     52,  53,  54,  55,  59,  60,  61,  62,  64,  65,  66,  67,  68,  69,  70,  71,
     73,  74,  76,  77,  78,  79,  81,  83,  37,  84,  37,   2,  17,  18,  19,  21,
     22,  23,  24,  25,  26,  27,  28,  29,  31,  32,  35,  38,  39,  40,  41,  42,
     43,  44,  45,  47,  49,  50,  51,  52,  53,  54,  59,  60,  61,  62,  64,  66,
     67,  68,  69,  70,  71,  75,  76,  77,  78,  79,  80,  81,  23,  80,   2,  31,
     32,  34,  35,  36,  38,  39,  40,  41,  42,  43,  44,  45,  49,  50,  51,  52,
     53,  54,  55,  59,  60,  61,  62,  64,  65,  66,  67,  68,  69,  70,  71,  72,
     73,  74,  76,  77,  78,  79,  81,  88,  10,  11,  13,   2,  31,  49,  50,  51,
     52,  53,  54,  59,  60,  61,  62,  67,  68,  69,  70,  71,  76,  77,  38,  78,
     30,  31,  32,  33,  34,  37,  38,  39,  40,  41,  42,  43,  44,  45,  46,  49,
     50,  51,  52,  53,  54,  58,  59,  60,  61,  62,  64,  65,  66,  67,  68,  69,
     70,  71,  72,  76,  77,  78,  79,  81,  82,  88,  30,  31,  32,  33,  34,  37,
     38,  39,  40,  41,  42,  43,  44,  45,  46,  49,  50,  51,  52,  53,  54,  58,
     59,  60,  61,  62,  64,  65,  66,  67,  68,  69,  70,  71,  72,  76,  77,  78,
     79,  81,  82,  88,   2,  17,  18,  19,  21,  22,  23,  24,  25,  26,  27,  28,
     29,  31,  32,  35,  38,  39,  40,  41,  42,  43,  44,  45,  47,  49,  50,  51,
     52,  53,  54,  59,  60,  61,  62,  64,  66,  67,  68,  69,  70,  71,  75,  76,
     77,  78,  79,  80,  81,  43,  45,  66,  81,  32,  37,  38,  40,  42,  43,  64,
     78,  79,  30,  31,  32,  33,  34,  37,  38,  39,  40,  41,  42,  43,  44,  45,
     46,  49,  50,  51,  52,  53,  54,  58,  59,  60,  61,  62,  64,  65,  66,  67,
     68,  69,  70,  71,  72,  76,  77,  78,  79,  81,  82,  88,  85,  86,  87,
};

static const int8_t youngserif_16_italicKernSparseValues[] = {
     -10,   -5,  -10,  -10,   -5,  -14,  -28,   33,  -14,  -28,  -28,  -28,  -28,  -28,  -28,  -28,
     -28,  -28,  -28,  -14,  -28,  -28,  -28,  -28,  -28,  -28,  -28,  -14,  -14,   -5,  -19,    5,
     -14,  -10,   -5,   -5,  -19,   -5,    5,  -10,  -57,  -28,  -61,  -61,  -37,  -10,  -14,   -5,
     -14,  -14,  -37,  -14,  -10,  -10,  -10,  -10,  -10,  -10,  -10,  -10,  -10,  -10,  -14,  -14,
     -10,  -10,  -10,  -10,  -10,   -5,  -10,  -10,  -57,  -14,  -23,  -10,  -10,  -42,  -10,  -37,
     -37,  -10,  -47,   -5,   -5,  -10,  -10,   -5,   -5,  -10,  -42,   -5,  -14,  -14,    5,  -10,
      -5,    5,   -5,  -10,  -10,   -5,   14,    5,   -5,   19,    5,    5,   10,  -10,   -5,   -5,
       5,   10,   -5,   -5,    5,   -5,  -10,    5,    5,   -5,   -5,    5,   -5,   -5,  -10,  -10,
     -19,    5,  -19,    5,  -10,  -14,  -10,  -10,   -5,  -14,  -10,   -5,  -10,   10,   -5,    5,
     -14,    5,   10,   -5,  -19,  -61,  -14,  -10,   14,   -5,  -28,  -14,   -5,    5,  -10,   -5,
     -10,    5,   10,    5,  -10,   -5,    5,  -10,   14,   14,   19,    5,    5,   19,  -23,  -23,
      14,   47,   14,  -23,   10,  -28,  -14,  -57,  -42,  -61,  -61,  -57,    5,  -10,  -14,    1,
      10,   10,   -5,   10,  -10,   -5,  -19,  -23,  -28,   10,  -23,   10,  -10,  -10,  -10,  -10,
     -10,  -10,   10,  -10,  -10,  -10,  -10,  -23,  -10,  -23,  -10,  -10,  -10,  -10,  -10,    1,
      10,   10,  -10,  -10,   10,   -5,  -57,  -23,   10,  -23,   10,  -14,  -19,  -19,   -3,  -14,
      -5,  -19,  -23,  -37,  -37,  -23,  -33,   -5,   -5,   -5,   -5,   -5,   -5,  -10,  -10,  -10,
     -10,  -12,  -19,   -5,   -5,   -5,   -5,   -5,   -5,   -5,   -5,   -5,   -5,  -10,   -5,  -12,
      -5,   -5,   -5,   -5,   -5,  -19,   -5,   -5,   -5,   -5,  -19,  -12,   -5,  -14,    5,   10,
       5,   -5,   -5,   -5,   -5,  -10,    5,    5,   10,   10,    5,  -19,    5,    5,    5,    5,
       5,    5,   10,    5,    5,    5,    5,    5,    5,    5,    5,    5,   10,   10,   10,    5,
       5,    5,  -28,  -30,  -17,   -5,  -14,  -10,  -10,  -14,  -19,  -28,  -28,  -28,  -28,   -5,
      -2,   -5,   -5,   -6,    5,  -14,    5,    1,    5,   -5,  -42,   -2,   -2,   -2,   -2,   -2,
      -2,    5,   -5,   -2,   -2,   -2,   -2,    5,   -5,    5,   -2,   -2,   -2,   -2,   -2,   -5,
       5,    5,  -21,   -2,   -2,  -14,  -14,    5,   -5,    2,  -10,  -14,  -14,  -10,   -5,   -5,
     -52,  -23,  -33,  -61,  -14,  -66,  -10,   -5,   -5,   -5,   -5,  -14,  -10,  -19,  -14,  -19,
     -14,  -19, -108,   -5,   -5,   -5,   -5,   -5,   -5,   -5,   -5,   -5,   -5,  -14,  -19,   -5,
      -5,   -5,   -5,   -5,  -14,   -5,   -5,   -5,  -10,  -52,  -19,  -47,  -23,  -33,  -70,  -14,
     -23,   -5,  -47,  -23,    5,   -5,  -14,   -5,  -42,  -37,   -5,  -28,  -23,  -37,  -37,  -52,
     -14,  -23,  -23,  -23,  -23,  -37, -108,  -42,  -42,  -42,  -42,  -70,  -70,  -42,   10,   14,
     -42,  -42,  -42,  -42,  -23,  -23,  -42,  -42,  -42,  -42,  -42,  -37,  -33,  -28,  -14,  -42,
     -42,  -37,  -94,    5,  -23,  -37,  -23,  -23,  -14,  -23,  -17,    5,  -14,  -14,   -5,  -10,
     -19,  -19,  -19,  -14,  -28,  -14,   -5,  -10,    5,   -5,  -10,  -10,  -28,    5,  -10,  -10,
       5,    5,  -12,   -5,  -10,  -10,   -5,  -10,  -17,   -5,  -19,  -10,   -5,   -5,  -19,    4,
      -1,   -2,  -14,  -19,  -10,  -23,  -19,   -5,  -23,  -19,  -19,  -19,  -19,  -19,  -19,   -2,
     -19,  -19,  -19,  -19,  -23,  -23,  -19,  -19,  -19,  -19,  -19,   -2,   -2,  -19,  -19,  -19,
      -5,  -23,  -10,   -5,  -10,   -5,  -19,   -5,   -5,  -19,   -5,   -5,  -14,  -10,   -5,  -10,
     -14,  -14,  -19,   -5,  -14,  -14,  -14,  -14,  -14,  -14,  -14,  -14,  -14,  -14,  -14,  -19,
     -14,  -14,  -14,  -14,  -14,   -5,  -14,  -14,   -5,   -5,  -19,  -10,  -33,  -14,  -37,   -7,
     -19,   -5,  -28,  -23,   -5,   -2,  -10,  -19,  -28,    5,  -23,  -19,  -10,   -5,  -19,  -14,
     -23,  -14,  -19,  -19,  -19,  -14,  -14,  -52,  -28,  -28,  -28,  -28,  -28,  -28,  -10,   10,
     -28,  -28,  -28,  -28,  -19,  -14,  -28,  -28,  -28,  -28,  -28,  -23,  -10,  -10,   -7,  -28,
     -28,  -19,  -23,   -5,  -14,  -14,  -14,  -19,   -5,  -28,    5,    2,  -33,    5,  -23,  -14,
     -10,   -5,   -5,    5,  -10,   10,  -19,   -5,    5,   10,    5,  -10,    5,  -14,  -10,  -23,
     -28,  -47,  -37,   10,    5,  -19,  -19,  -19,  -19,  -19,  -19,    5,  -19,  -19,  -19,  -19,
     -28,   -5,  -37,  -19,  -19,  -19,  -19,  -19,    5,    5,    5,    2,  -19,  -19,    5,  -10,
     -14,  -37,   10,  -28,   10,  -10,  -23,   -2,  -15,  -10,  -19,   -2,   12,   12,    7,  -17,
     -19,   10,  -19,   -2,  -10,   -5,  -19,  -14,  -26,  -19,  -19,  -19,  -19,  -14,  -14,  -23,
     -19,  -19,  -19,  -19,  -19,  -19,  -10,   10,   14,  -19,  -19,  -19,  -19,  -19,  -14,  -19,
     -19,  -33,  -19,  -28,  -19,  -10,  -10,   -2,  -19,  -19,  -19,  -26,   -2,  -14,  -14,  -10,
     -52,  -14,  -14,  -47,  -12,   -4,  -14,  -52,  -21,  -10,  -10,  -10,  -10,  -10,  -10,  -19,
       5,  -14,  -10,  -10,  -10,   -7,   -3,  -23,    2,    5,   -5,  -10, -103,  -19,  -19,  -19,
     -19,  -19,  -19,  -10,   10,    5,  -19,  -19,  -19,  -19,  -19,    2,   -5,  -19,  -19,  -19,
     -19,  -19,  -14,  -10,  -10,  -12,  -19,  -19,   -7,  -23,  -10,  -14,  -14,   10,   -5,  -34,
     -28,  -37,  -47,  -52,  -52,    5,  -57,    5,  -19,  -19,    5,  -10,    5,   -5,  -14,  -23,
     -28,  -33,    5,  -36,    5,    5,  -19,  -19,  -19,  -19,  -19,  -19,  -14,  -19,  -19,  -19,
     -19,  -28,  -10,  -36,  -19,  -19,  -19,  -19,  -19,   -5,  -19,  -19,    5,  -14,  -37,  -36,
       5,  -14,    5,   -5,  -12,  -10,   -1,   -7,    1,  -14,  -16,  -23,  -23,   -3,  -21,   -2,
       2,   -5,    1,   -2,   -5,  -10,  -10,  -10,  -10,  -10,  -10,    2,    2,    2,    2,    2,
       2,    2,    2,    2,    2,  -10,  -10,  -10,    2,    2,    2,    2,    2,    1,  -10,    2,
       2,  -14,  -10,   14,  -57,  -42,  -23,  -57,   -7,  -10,   -5,  -57,  -57,    5,  -52,   -5,
     -23,  -42,  -33,  -66,  -14,  -47,  -52,  -61,  -57,  -66,  -84, -117, -103,  -85, -108,  -75,
     -85,   23,   23,  -57,  -90, -103,  -94,  -47,  -99, -108,  -57,  -57,  -99,  -94,  -52,   -7,
     -57,  -57,  -42, -103,  -94,  -66,  -42,  -19,  -28,  -10,  -28,  -21,  -28,  -28,   10,   10,
      -5,   10,  -19,  -25,   10,  -19,  -14,  -14,  -28,  -23,  -30,  -14,  -14,  -14,  -19,  -14,
     -19,  -47,  -25,  -25,  -25,  -25,  -25,  -25,  -14,   10,   19,  -25,  -25,  -25,  -25,  -14,
     -14,  -25,  -25,  -25,  -25,  -25,  -19,   -9,  -33,  -25,  -25,  -28,  -30,  -14,  -19,  -10,
     -10,  -57,  -37,  -42,  -61,  -28,  -33,  -23,   -2,   -2,   14,  -14,  -37,   14,  -42,  -19,
     -14,  -42,  -23,  -57,  -23,  -28,  -19,  -28,  -23,  -28,  -70,  -37,  -37,  -66,  -37,  -37,
     -61,  -23,   10,   28,  -37,  -37,  -37,  -66,  -28,  -23,  -37,  -37,  -51,  -37,  -51,  -42,
     -14,  -19,  -37, -108,  -70,  -90,  -23,  -28,  -37,  -28,  -10,   10,   -2,  -28,  -23,   -7,
      -5,   10,   10,  -19,    5,   10,    5,  -14,  -14,  -23,  -37,  -66,    5,  -52,   10,   10,
     -19,  -19,  -19,  -19,  -19,  -19,   10,  -19,  -19,  -19,  -19,  -37,  -14,  -52,  -19,  -19,
     -19,  -19,  -19,   10,   10,   -2,  -19,  -19,    5,  -14,   -7,  -52,   10,  -10,    5,  -37,
     -47,  -57,  -33,  -52,  -33,   -5,   10,   10,   -5,   10,  -23,  -66,   10,  -80,  -28,  -33,
     -52,  -57,  -70,  -33,  -47,  -61,  -57,  -57,  -61,  -84, -108, -113,  -94, -113, -108,  -94,
     -33,    5,   14, -117, -108, -117, -103,  -47,    5,  -94, -108,  -99,  -84, -108,  -84,  -80,
     -28,  -28, -122,  -66,  -85,  -99,   -5,  -57,  -98,  -47,  -37,   -5,  -10,   -4,  -19,   -5,
     -10,   -5,   -2,    5,    5,   -5,   -2,   -5,  -14,    1,  -23,  -23,  -47,   -5,  -52,  -10,
      -2,   -2,   -2,   -2,   -2,   -2,   -2,   -2,   -2,   -2,  -23,   -5,  -52,   -2,   -2,   -2,
      -2,   -2,   -4,   -2,   -2,   -5,    1,   -5,  -52,   19,   57,   14,  -11,  -19,    5,   18,
      -5,    6,  -12,  -10,  -10,  -34,  -14,   10,  -10,    7,  -11,  -11,  -11,  -11,  -11,  -11,
     -10,  -11,  -11,  -11,  -11,  -17,  -14,  -10,  -11,  -11,  -11,  -11,  -11,   -1,  -11,  -11,
       6,  -10,  -10,    7,    8,  -10,  -57,  -37,  -37,  -19,  -12,   -6,   -5,  -10,  -10,   -9,
     -14,  -19,  -14,  -10,   -5,   -6,   -2,  -14,  -10,  -10,   -6,   -6,   -5,  -10,  -57,  -10,
      -5,   -5,  -23,   -5,   -8,  -10,   -5,  -12,   -2,   -2,   -5,   -5,  -12,   -5,   -2,   -3,
      -5,   -5,   -5,   -8,   -8,   -8,   -8,   -8,   -8,   -2,  -10,   -8,   -8,   -8,   -8,   -2,
     -10,   -5,   -8,   -8,   -8,   -8,   -8,   -5,   -2,   -2,   -8,   -8,   -5,  -12,   -5,   -5,
      -2,  -66,  -10,   -5,  -10,  -10,  -10,  -10,  -10,  -10,  -10,  -10,  -10,  -10,  -10,  -10,
     -10,  -10,  -10,  -10,  -10,   47,   23,   -5,   -5,   19,    5,   10,   14,   23,   42,    5,
      52,   10,   42,   23,   23,   10,   -5,    5,   10,   10,   10,    5,    5,    5,    5,    5,
       5,    5,   23,    5,    5,    5,    5,   10,   10,    5,    5,    5,    5,    5,   10,   23,
      23,    5,    5,   10,   -5,   10,    5,   -5,   -5,    5,   -5,    5,    2,   57,    4,  -10,
      14,   10,   10,    5,   14,   -5,   -5,   -5,   -5,   -5,   -5,    2,   -5,   -5,   -5,   -5,
      10,   14,   -5,   -5,   -5,   -5,   -5,    5,    2,    2,   -5,   -5,    4,  -10,   14,   14,
     -10,   -5,  -18,  -28,    5,  -14,    7,  -14,  -19,  -23,  -28,  -28,    5,  -29,    5,  -18,
     -18,  -18,  -18,  -18,  -18,    5,  -10,  -18,  -18,  -18,  -18,  -28,  -19,  -29,  -18,  -18,
     -18,  -18,  -18,    5,    5,  -18,  -18,    7,  -19,  -29,    5,   -5,    5,   23,  -26,  -23,
       5,  -14,    2,  -14,  -23,  -14,  -19,  -19,    5,  -14,   10,  -26,  -26,  -26,  -26,  -26,
     -26,  -23,  -26,  -26,  -26,  -26,  -19,  -19,  -14,  -26,  -26,  -26,  -26,  -26,  -26,  -26,
       2,  -23,  -14,   10,    5,   -5,  -26,  -23,  -20,  -14,   66,  -19,    5,  -23,  -10,  -19,
     -19,  -10,  -10,  -10,  -26,  -26,  -26,  -26,  -26,  -26,  -14,  -19,  -26,  -26,  -26,  -26,
     -19,  -10,  -26,  -26,  -26,  -26,  -26,  -14,  -14,  -26,  -26,  -19,  -23,  -10,  -10,   -5,
     -47,   -7,   -5,   -2,  -14,   -2,  -14,    5,    6,   10,    2,    8,    2,   -7,   -7,   -7,
      -7,   -7,   -7,   -5,   -7,   -7,   -7,   -7,    6,  -10,    8,   -7,   -7,   -7,   -7,   -7,
      -2,   -7,   -7,   -2,  -14,    8,    2,    2,   -6,  -19,   -5,   -1,   -5,   -1,  -13,   -8,
     -13,  -13,  -13,  -10,   -6,   -6,   -6,   -6,   -6,   -6,   -1,   -5,   -6,   -6,   -6,   -6,
     -13,  -26,  -10,   -6,   -6,   -6,   -6,   -6,   -1,   -1,   -6,   -6,   -1,   -8,  -10,   -4,
       2,    5,    5,    5,    3,   -5,    5,   10,   -4,   -4,   -4,   -4,   -4,   -4,    5,   -4,
      -4,   -4,   -4,   10,   -4,   -4,   -4,   -4,   -4,    2,    5,    5,   -4,   -4,    5,   -5,
       5,  -19,   -9,    5,    5,    5,   -5,   -8,  -10,   -5,  -14,    5,  -14,   10,   -9,   -9,
      -9,   -9,   -9,   -9,    5,   -5,   -9,   -9,   -9,   -9,   -5,  -10,  -14,   -9,   -9,   -9,
      -9,   -9,    5,    5,   -9,   -9,    5,   -8,  -14,   10,    5,  -37,  -14,  -28,  -14,  -14,
     -19,   14,    5,    5,    5,  -14,  -14,  -14,  -14,  -14,  -14,  -14,  -14,  -14,  -14,   14,
       5,  -14,  -14,  -14,  -14,  -14,  -14,  -14,  -19,    5,  -14,  -10,  -10,    5,  -10,  -10,
     -10,  -10,  -10,  -10,  -10,  -10,  -10,  -10,    5,  -10,  -10,  -10,  -10,  -10,  -10,  -10,
       5,  -10,  -37,  -14,  -28,  -16,   -5,  -10,  -10,    1,    1,    5,  -10,    9,   10,   10,
       5,   10,   -5,  -16,  -16,  -16,  -16,  -16,  -16,    1,  -16,  -16,  -16,  -16,   10,   10,
     -16,  -16,  -16,  -16,  -16,  -10,    1,    1,  -16,  -16,    1,  -10,  -28,   10,   -5,  -14,
       9,   -5,   -5,   -5,   -5,   -1,   -5,   -3,   -5,    5,    3,    5,    5,   -5,   -5,   -5,
      -5,   -5,   -5,   -1,   -5,   -5,   -5,   -5,    3,   -5,    5,   -5,   -5,   -5,   -5,   -5,
      -1,   -1,   -5,   -5,   -3,   -5,    5,   -5,   59, -128,   64,  -10,  -14,  -14,  -10,   -5,
      -5,  -85,  -23,  -33,  -61,  -14,  -66,  -10,   -5,   -5,   -5,   -5,  -14,  -10,  -19,  -14,
     -19,  -14,  -19, -108,   -5,   -5,   -5,   -5,   -5,   -5,   -5,   -5,   -5,   -5,  -14,  -19,
      -5,   -5,   -5,   -5,   -5,  -14,   -5,   -5,   -5,  -10,  -85,  -19,   23,   23,  -14,   -5,
     -10,   -5,   -5,   -5,   -5,   -5,  -10,  -10,   -6,  -10,   -5,   -5,   -5,   -5,   -5,   -5,
      -5,   -5,   -5,   -5,   -5,   -5,   -5,   -6,  -14,   -5,   -5,   -5,   -5,   -5,   -5,   -5,
      -5,   -5,   -5,   -5,   -5,  -10,   -5,   -5,   19,   14,   10,  -28,  -23,  -23,  -23,  -23,
     -23,  -23,  -23,  -23,  -23,  -23,  -23,  -23,  -23,  -23,  -23,  -23,  -23,  -23,    2,    2,
      14,  -11,  -19,    5,   18,   79,    6,  -12,  -10,  -10,  -34,  -14,   10,  -10,    7,  -11,
     -11,  -11,  -11,  -11,  -11,  -10,  -11,  -11,  -11,  -11,  -17,  -14,  -10,  -11,  -11,  -11,
     -11,  -11,   -1,  -11,  -11,    6,  -10,  -10,    7,    8,   14,  -11,  -19,    5,   18,   -5,
       6,  -12,  -10,  -10,  -12,  -14,   10,  -10,    7,  -11,  -11,  -11,  -11,  -11,  -11,  -10,
     -11,  -11,  -11,  -11,  -12,  -14,  -10,  -11,  -11,  -11,  -11,  -11,   -1,  -11,  -11,    6,
     -10,  -10,    7,    8,  -10,  -14,  -14,  -10,   -5,   -5,  -99,  -23,  -33,  -61,  -14,  -66,
     -10,   -5,   -5,   -5,   -5,  -14,  -10,  -19,  -14,  -19,  -14,  -19, -108,   -5,   -5,   -5,
      -5,   -5,   -5,   -5,   -5,   -5,   -5,  -14,  -19,   -5,   -5,   -5,   -5,   -5,  -14,   -5,
      -5,   -5,  -10,  -99,  -19,   10,   10,   10,   10,   -5,   33,   -5,  -10,   -6,   -2,   -6,
      -5,  -10,   14,  -11,  -19,    5,   18,   33,    6,  -12,  -10,  -10,  -34,  -14,   10,  -10,
       7,  -11,  -11,  -11,  -11,  -11,  -11,  -10,  -11,  -11,  -11,  -11,  -17,  -14,  -10,  -11,
     -11,  -11,  -11,  -11,   -1,  -11,  -11,    6,  -10,  -10,    7,    8, -128, -117, -122,
};

static const EpdLigaturePair youngserif_16_italicLigaturePairs[] = {
    { 0x00660066, 0xFB00 }, // f f -> U+FB00
    { 0x00660069, 0xFB01 }, // f i -> U+FB01
    { 0x0066006C, 0xFB02 }, // f l -> U+FB02
    { 0xFB000069, 0xFB03 }, // U+FB00 i -> U+FB03
    { 0xFB00006C, 0xFB04 }, // U+FB00 l -> U+FB04
};

static const EpdFontData youngserif_16_italic = {
    youngserif_16_italicBitmaps,
    youngserif_16_italicGlyphs,
    youngserif_16_italicIntervals,
    63,
    40,
    31,
    -10,
    true,
    youngserif_16_italicGroups,
    13,
    nullptr,
    nullptr,  // kernLeftClasses: built-in fonts use the split arrays below
    nullptr,  // kernRightClasses
    youngserif_16_italicKernLeftCodepoints,
    youngserif_16_italicKernLeftClassIds,
    youngserif_16_italicKernRightCodepoints,
    youngserif_16_italicKernRightClassIds,
    nullptr,  // kernMatrix: built-in fonts use the sparse form below
    youngserif_16_italicKernRowOffsets,
    youngserif_16_italicKernSparseCols,
    youngserif_16_italicKernSparseValues,
    431,
    443,
    71,
    89,
    youngserif_16_italicLigaturePairs,
    5,
};
