/**
 * generated by fontconvert.py
 * name: youngserif_14_bolditalic
 * size: 14
 * mode: 2-bit  compressed: true
 * Command used: fontconvert.py youngserif_14_bolditalic 14 ../builtinFonts/source/YoungSerif/YoungSerif-BoldItalic.ttf --2bit --compress --pnum --zopfli
 */
#pragma once
#include "EpdFontData.h"

static const uint8_t youngserif_14_bolditalicBitmaps[19639] = {
    0xA5, 0x98, 0x05, 0xB0, 0xE6, 0x4A, 0x56, 0x80, 0xBF, 0x24, 0xEF, 0x4D, 0x80, 0x2C, 0xDB, 0xB8,
    0x3D, 0x09, 0x56, 0xCE, 0x4C, 0xE3, 0x3A, 0x73, 0xBB, 0x17, 0x4A, 0xD1, 0xD5, 0x32, 0xDC, 0x29,
    0xC3, 0x9D, 0x3B, 0x93, 0xE0, 0x0E, 0x53, 0xEE, 0xB8, 0xBB, 0xEB, 0x9D, 0x49, 0xE3, 0x0E, 0xC1,
    0x1D, 0xB2, 0xBE, 0xA5, 0xAF, 0xAB, 0x36, 0x6F, 0x37, 0xC3, 0x4B, 0x72, 0xC8, 0x39, 0x75, 0xFF,
    0x5B, 0x33, 0xB8, 0xA4, 0xBA, 0xBF, 0xBE, 0xBF, 0xE4, 0x78, 0x9F, 0xCE, 0xFD, 0x79, 0x0F, 0x10,
    0x4A, 0x89, 0xE5, 0xC1, 0x9D, 0x72, 0xA3, 0x5C, 0xA9, 0x16, 0xAA, 0x6C, 0x63, 0xA2, 0x1A, 0xA9,
    0x12, 0x75, 0xE2, 0x71, 0xF0, 0x91, 0x21, 0xD1, 0x25, 0xFD, 0xE3, 0x31, 0xB8, 0xE3, 0xE3, 0x6D,
    0xCF, 0x45, 0xE0, 0xE2, 0x8C, 0xE5, 0x16, 0xF3, 0x4D, 0xF2, 0x4D, 0xE0, 0x1A, 0x9F, 0x04, 0xB4,
    0x45, 0x06, 0xCE, 0xAA, 0x09, 0x38, 0xAF, 0x46, 0x60, 0x69, 0x12, 0xC8, 0x71, 0x51, 0x1E, 0xD8,
    0xA1, 0x1A, 0x6F, 0x01, 0x4D, 0x3A, 0x07, 0x5C, 0x5C, 0x1E, 0xBD, 0x29, 0x88, 0x48, 0x62, 0x38,
    0x18, 0x29, 0x66, 0x17, 0xA1, 0xCC, 0x9E, 0x47, 0x6F, 0x02, 0xEE, 0xA2, 0x1F, 0x00, 0xA6, 0x48,
    0x51, 0x0C, 0x2F, 0x1F, 0x69, 0x45, 0x26, 0xBA, 0xBF, 0x97, 0x8C, 0x34, 0x7F, 0x90, 0x0B, 0x71,
    0x5F, 0x35, 0x97, 0xE2, 0xE2, 0x77, 0x15, 0xF2, 0x0C, 0x20, 0x02, 0x74, 0x32, 0x43, 0xA3, 0xE2,
    0x19, 0x24, 0xC1, 0x1D, 0x99, 0xCE, 0xB9, 0xF0, 0xF9, 0x0E, 0xBF, 0xE4, 0x72, 0x88, 0x4B, 0x3B,
    0xF9, 0x69, 0xF6, 0xA9, 0xDD, 0x9F, 0x1D, 0xA2, 0x13, 0x59, 0x69, 0xBE, 0x59, 0xEE, 0x9E, 0xF4,
    0x8C, 0xA0, 0x31, 0x81, 0x1F, 0x06, 0x95, 0x92, 0x80, 0xB6, 0xCA, 0xD4, 0xFD, 0xAD, 0x62, 0xC1,
    0x71, 0xCE, 0xCA, 0xCD, 0x83, 0x17, 0x64, 0x6E, 0x73, 0x51, 0x25, 0xCE, 0xB8, 0x70, 0xE0, 0x35,
    0x4A, 0xB8, 0x3F, 0x9B, 0x32, 0x94, 0xF2, 0x55, 0xE9, 0xD3, 0x80, 0xE6, 0x23, 0xA4, 0x87, 0xEB,
    0xFE, 0xD5, 0x19, 0x7E, 0x2E, 0xC4, 0x2F, 0xA4, 0x1C, 0xEF, 0x71, 0x4E, 0x13, 0x97, 0x83, 0x4F,
    0x33, 0xB3, 0xF2, 0xA5, 0xFC, 0x5C, 0xB9, 0x14, 0x13, 0x1F, 0x58, 0xE7, 0xBA, 0xE7, 0xE9, 0x6E,
    0x7C, 0x3E, 0xD4, 0x6A, 0x39, 0xBC, 0x05, 0xE0, 0x17, 0x54, 0x9C, 0x00, 0xCD, 0xD4, 0x45, 0x70,
    0xC9, 0x1F, 0xF4, 0x7D, 0xE0, 0x60, 0x7A, 0xA1, 0x72, 0xAC, 0x65, 0xC6, 0xE5, 0xE6, 0x60, 0xB3,
    0x22, 0x91, 0x7A, 0xE7, 0x42, 0x5D, 0x8F, 0x99, 0x6A, 0xE9, 0x7E, 0x7D, 0xC4, 0x4D, 0xFE, 0x8D,
    0x3D, 0x3E, 0x39, 0x81, 0x90, 0xAA, 0x4D, 0x59, 0x0A, 0xF8, 0xDC, 0xCA, 0x88, 0x93, 0xDD, 0x0B,
    0xC5, 0x30, 0x5D, 0xDB, 0xB9, 0x73, 0xFB, 0xE2, 0x62, 0x99, 0x33, 0x00, 0x3F, 0x45, 0x9D, 0x69,
    0x13, 0x03, 0xC5, 0x4A, 0x95, 0x71, 0x93, 0xBE, 0xF2, 0x3D, 0x21, 0xD2, 0xC1, 0x00, 0xF7, 0x1F,
    0x1A, 0x77, 0x20, 0x80, 0x07, 0xD7, 0x53, 0x27, 0xCB, 0xDC, 0xE7, 0xC2, 0x7B, 0xC2, 0x2D, 0x68,
    0xD5, 0x6E, 0x9A, 0x51, 0xA5, 0x5C, 0x8E, 0xF9, 0x34, 0xB2, 0x6A, 0x69, 0x32, 0x6E, 0x54, 0xE9,
    0x21, 0x5E, 0xAA, 0x9B, 0xF5, 0x8E, 0x0E, 0xDE, 0x17, 0xBB, 0x1E, 0xC7, 0x44, 0xB8, 0x63, 0xFA,
    0x3F, 0xF9, 0x50, 0x9A, 0xBF, 0xF7, 0xB1, 0xF8, 0x65, 0xE9, 0x1F, 0xFF, 0x84, 0xEF, 0xA7, 0xFB,
    0xBB, 0x9E, 0xF0, 0x71, 0x0B, 0xEF, 0x7E, 0x73, 0x80, 0xF3, 0x5B, 0x70, 0xF1, 0x18, 0x7C, 0x16,
    0x50, 0x64, 0xCC, 0x8C, 0x6A, 0xBA, 0x9C, 0xA3, 0x96, 0xDE, 0x72, 0xCC, 0xF9, 0x6D, 0x3F, 0xF1,
    0x2F, 0x5F, 0xA8, 0x86, 0xE2, 0x22, 0xB4, 0x80, 0x07, 0x6E, 0x00, 0x2F, 0x2C, 0xE7, 0x66, 0xAD,
    0xD7, 0x72, 0x2D, 0xE7, 0x6A, 0x6C, 0x79, 0x1B, 0x80, 0x20, 0x4B, 0x27, 0xF3, 0xE3, 0xF8, 0x38,
    0xA4, 0x2E, 0xF9, 0xF8, 0x18, 0xC0, 0x99, 0xE2, 0x42, 0xB1, 0x9C, 0xEA, 0xB4, 0x9E, 0xCC, 0x48,
    0xA0, 0x8D, 0x40, 0x00, 0xB8, 0xA7, 0x58, 0x81, 0x72, 0x3E, 0x55, 0x72, 0x63, 0xDF, 0xE8, 0x4F,
    0xDF, 0xB8, 0x7D, 0xFA, 0x46, 0x61, 0xDF, 0xC8, 0xA0, 0x81, 0xC2, 0xAC, 0xC3, 0x5F, 0xA9, 0x7A,
    0x29, 0xA7, 0xAB, 0xD9, 0xA1, 0x93, 0xB1, 0xDC, 0x9A, 0xDC, 0xE4, 0x6A, 0x69, 0x53, 0xB9, 0x06,
    0x9D, 0xB1, 0x5C, 0x3B, 0xCD, 0x37, 0xF5, 0xDC, 0xE1, 0x72, 0xE8, 0x7D, 0x6A, 0xC7, 0x21, 0x36,
    0xB2, 0x52, 0x0C, 0x77, 0x01, 0x28, 0x2E, 0x6A, 0x99, 0xB5, 0xA4, 0x07, 0x4B, 0xE2, 0x55, 0x1E,
    0x77, 0xD8, 0x28, 0x36, 0x2D, 0x9C, 0x4E, 0xA6, 0x41, 0x46, 0xFD, 0x8B, 0x20, 0x89, 0xCD, 0x4F,
    0xD5, 0xEC, 0xA6, 0x2A, 0xBB, 0xB1, 0x98, 0x7D, 0x82, 0x01, 0xAA, 0x05, 0xDA, 0xA4, 0xBE, 0xA9,
    0x43, 0x77, 0x5D, 0x7F, 0x6D, 0x0A, 0x22, 0x7D, 0x27, 0x3B, 0x76, 0xB5, 0x1B, 0x0C, 0xD2, 0x57,
    0x73, 0x48, 0xF5, 0xE4, 0x53, 0x33, 0x86, 0xBE, 0x9C, 0x3A, 0x54, 0x01, 0xED, 0x44, 0x21, 0xAF,
    0xA2, 0xF8, 0xD1, 0x1D, 0xD4, 0x0A, 0x42, 0xB2, 0x49, 0xD7, 0x83, 0x40, 0xB9, 0x5B, 0xCD, 0xAB,
    0x09, 0xC3, 0x03, 0xA0, 0x78, 0x15, 0x14, 0x02, 0xC5, 0x0E, 0xE5, 0x66, 0xBA, 0x69, 0xB2, 0xE9,
    0x47, 0x45, 0xAE, 0x8F, 0x53, 0xE7, 0x7B, 0xB4, 0xE9, 0x1E, 0x81, 0x95, 0x41, 0x24, 0xCB, 0x31,
    0x2D, 0xDC, 0x95, 0xCE, 0x6C, 0xD3, 0x72, 0x73, 0x30, 0xE2, 0x44, 0xC0, 0xCB, 0x7A, 0x8A, 0xFE,
    0x23, 0x69, 0x2C, 0xE4, 0x60, 0xF5, 0x8C, 0x44, 0x60, 0x48, 0x40, 0x18, 0x01, 0x3F, 0x29, 0xC6,
    0xD3, 0xCB, 0x2E, 0x01, 0xD2, 0x43, 0x29, 0x98, 0xB1, 0x66, 0xAD, 0x99, 0x0B, 0x7C, 0xCE, 0x0C,
    0xB5, 0xEC, 0xD0, 0x8E, 0x5D, 0xCF, 0x1D, 0x35, 0x74, 0xC5, 0xA9, 0x2D, 0xCF, 0xA3, 0x7E, 0x6E,
    0x47, 0x0D, 0x18, 0x71, 0x4B, 0x9B, 0x75, 0xE3, 0x2E, 0xBA, 0x1D, 0x57, 0x42, 0x6F, 0xA8, 0x16,
    0xC5, 0x7C, 0xA0, 0xCE, 0xBA, 0x5B, 0x47, 0xDC, 0xDC, 0xF5, 0xD4, 0xB2, 0x71, 0x95, 0x42, 0x40,
    0x1B, 0x67, 0x75, 0x80, 0x26, 0x72, 0x83, 0xC2, 0xEC, 0xA7, 0xCC, 0xA7, 0xD2, 0xF2, 0xA7, 0xBA,
    0x2B, 0x17, 0xEB, 0x1A, 0x58, 0xB4, 0xA0, 0x03, 0xD8, 0x81, 0x6A, 0x05, 0x9A, 0x19, 0x68, 0x33,
    0x10, 0x26, 0xA0, 0x33, 0x47, 0x15, 0x00, 0xAA, 0x4E, 0xFB, 0xC2, 0x42, 0xF8, 0xCA, 0x8D, 0xFB,
    0xDC, 0x61, 0xE5, 0xAC, 0x58, 0xB9, 0xCD, 0xCE, 0x82, 0x7C, 0xFD, 0x44, 0x90, 0x48, 0x2B, 0x3D,
    0xC3, 0x30, 0xD5, 0xB3, 0x9B, 0xDD, 0x61, 0xBB, 0xA7, 0x5C, 0x02, 0x47, 0xD6, 0xA9, 0xB3, 0x1F,
    0x3F, 0x27, 0x39, 0xD1, 0xA6, 0xF2, 0x2A, 0x60, 0x98, 0x40, 0xCB, 0xF0, 0x90, 0x26, 0xB0, 0xD3,
    0xC5, 0x42, 0xDD, 0x2D, 0xCD, 0xFB, 0x13, 0x2E, 0xBD, 0xD7, 0x06, 0x56, 0x48, 0x2D, 0x68, 0x2E,
    0xE1, 0x89, 0x6D, 0x43, 0xD3, 0x4C, 0xA9, 0xA9, 0x6F, 0xA9, 0x33, 0xC1, 0xFA, 0x44, 0x1A, 0x34,
    0x97, 0x2B, 0x94, 0xDA, 0xBA, 0x79, 0x8B, 0x72, 0xAE, 0x75, 0xDF, 0xCE, 0x44, 0x2E, 0xAF, 0x47,
    0x36, 0x6C, 0x01, 0x3E, 0xD2, 0x3D, 0x74, 0xC4, 0x3D, 0x7C, 0xBD, 0x90, 0xD2, 0x7A, 0x67, 0xBD,
    0x52, 0x1E, 0x63, 0xA6, 0x1A, 0x69, 0xB1, 0xDD, 0x0F, 0x6F, 0x06, 0xDC, 0x57, 0x4B, 0x28, 0x64,
    0xD2, 0xE2, 0x2E, 0x65, 0xC4, 0x3F, 0x80, 0x90, 0xB1, 0x7D, 0x42, 0xA7, 0xFE, 0x6D, 0x97, 0x35,
    0xE3, 0x46, 0x28, 0x12, 0xA8, 0xCB, 0xB2, 0x1C, 0x73, 0xE6, 0xD1, 0x0B, 0x2F, 0x32, 0x06, 0x91,
    0x54, 0xF5, 0x58, 0x91, 0xAA, 0x0F, 0xF1, 0x94, 0x08, 0x13, 0x68, 0x12, 0x4D, 0x24, 0xFE, 0x80,
    0xB9, 0xD8, 0x2D, 0x50, 0x4B, 0x0F, 0x61, 0x06, 0xBA, 0x08, 0x76, 0x18, 0x43, 0xF7, 0x2A, 0x2B,
    0x38, 0x37, 0x4A, 0x0C, 0xB1, 0xEB, 0x03, 0xA1, 0x3F, 0xD6, 0xF8, 0x41, 0x88, 0xA5, 0xDA, 0x92,
    0x3C, 0x44, 0xF5, 0x8A, 0x7A, 0xB4, 0x1A, 0xE1, 0x5A, 0x84, 0x02, 0x0B, 0x89, 0x95, 0x73, 0x18,
    0xED, 0xEF, 0x47, 0xC3, 0x52, 0x0C, 0xFB, 0xA5, 0xB5, 0x13, 0x14, 0x7B, 0xAC, 0x57, 0xAB, 0x26,
    0x3A, 0xF0, 0x80, 0x8B, 0x5C, 0x5C, 0xDB, 0x8B, 0x3A, 0x15, 0xD9, 0xCB, 0x3F, 0x57, 0xA9, 0x4A,
    0xC3, 0x87, 0xED, 0xE5, 0x58, 0x7F, 0xE5, 0xCA, 0xB1, 0xB8, 0x6A, 0x66, 0x3B, 0x96, 0x3A, 0x17,
    0x6B, 0x95, 0x9E, 0x6E, 0x26, 0x5D, 0xAE, 0x37, 0x53, 0xB9, 0xD4, 0xFD, 0xB1, 0x54, 0x8B, 0xE3,
    0xBA, 0x76, 0xAF, 0x33, 0xAE, 0xD7, 0x4B, 0x2B, 0x2B, 0x37, 0x4A, 0x79, 0x4E, 0x37, 0x06, 0xDD,
    0x37, 0xC5, 0xCB, 0xE6, 0x67, 0xF6, 0x72, 0x2A, 0x64, 0xE0, 0x72, 0x0B, 0xB4, 0x92, 0x31, 0xFB,
    0x26, 0x00, 0x73, 0x0E, 0x0A, 0xB1, 0x68, 0x4A, 0x02, 0x1A, 0xA3, 0xEB, 0x94, 0xDE, 0x8A, 0xFA,
    0x76, 0x3B, 0x01, 0xAB, 0xCB, 0x50, 0x64, 0x65, 0x35, 0x29, 0x9B, 0xD1, 0xCD, 0xB6, 0x23, 0x17,
    0x08, 0xC6, 0xDB, 0x16, 0xB2, 0x55, 0xA9, 0x65, 0xB0, 0x51, 0x2F, 0x34, 0xA2, 0xE5, 0x3E, 0x48,
    0x0A, 0x82, 0x48, 0x7F, 0xCC, 0x9D, 0x03, 0x92, 0xF0, 0x73, 0x9B, 0xF5, 0xE4, 0xCD, 0xB4, 0xB9,
    0x99, 0x69, 0x55, 0xA8, 0x1F, 0xDB, 0x89, 0x90, 0xBA, 0x9E, 0x20, 0xD6, 0xA9, 0xAD, 0xDD, 0x76,
    0x99, 0x21, 0xBA, 0x8C, 0xD0, 0xCC, 0x8A, 0x5C, 0xEC, 0xB8, 0x5C, 0xEE, 0x76, 0x7A, 0x1F, 0xB6,
    0x07, 0x91, 0x4D, 0xBF, 0xAB, 0x1E, 0xFA, 0x3D, 0x52, 0x8A, 0xD6, 0xDA, 0xDC, 0x2E, 0x74, 0xDA,
    0x20, 0x84, 0x72, 0xAF, 0xB6, 0x03, 0xF5, 0x4A, 0xF5, 0x2A, 0x35, 0x1A, 0xB5, 0x9F, 0x56, 0xE1,
    0x1F, 0xC1, 0x5B, 0x28, 0x7E, 0xA9, 0xCD, 0xEA, 0xE8, 0x4A, 0x73, 0x88, 0x8F, 0x5D, 0x2C, 0xCC,
    0xB9, 0x27, 0xA4, 0x47, 0xAD, 0x8F, 0x4A, 0x99, 0xC1, 0xCF, 0x47, 0x55, 0x63, 0x66, 0xA9, 0xA8,
    0xAE, 0xC7, 0x6C, 0xC7, 0x8F, 0x4A, 0xFD, 0x43, 0xA9, 0xA3, 0x33, 0xEA, 0xB1, 0xD1, 0x33, 0x44,
    0x1D, 0x82, 0x0D, 0x8A, 0x8D, 0x62, 0xB7, 0x78, 0xED, 0x2A, 0x43, 0xBD, 0x49, 0x98, 0x3B, 0x27,
    0x7F, 0xAE, 0xBA, 0xD6, 0x6A, 0xDC, 0xCC, 0xCE, 0x3B, 0xA6, 0xB7, 0x45, 0x35, 0x3E, 0x76, 0x50,
    0x9F, 0x7B, 0xF0, 0xE9, 0x3A, 0x10, 0x64, 0x33, 0xAE, 0x40, 0xD7, 0x5F, 0x58, 0x86, 0x3F, 0x50,
    0xC9, 0xFB, 0x02, 0x02, 0x46, 0x9E, 0x52, 0xBD, 0xDC, 0x54, 0xBD, 0xC5, 0x4C, 0x25, 0x3C, 0x31,
    0x11, 0x2C, 0x2D, 0xDD, 0xC1, 0x7F, 0xA7, 0x57, 0xE9, 0x73, 0x71, 0xDF, 0xF4, 0x7A, 0xD3, 0xFB,
    0xA6, 0x46, 0xC0, 0x9B, 0xF6, 0xA0, 0xDA, 0x4F, 0x7A, 0x8D, 0xC3, 0x43, 0xDA, 0xE5, 0x4A, 0xBB,
    0xE9, 0x85, 0xD2, 0x58, 0x8B, 0x32, 0xC8, 0x68, 0x37, 0x25, 0xE0, 0x2A, 0x81, 0x99, 0x76, 0x6E,
    0x56, 0x4D, 0xE0, 0x76, 0x4A, 0x60, 0xB5, 0x68, 0x8B, 0x89, 0x0F, 0x27, 0xB0, 0x92, 0xDD, 0x1B,
    0x32, 0x61, 0x3E, 0xD0, 0x66, 0x43, 0x3B, 0xE3, 0x27, 0x67, 0xA7, 0x82, 0xBC, 0xE0, 0x3E, 0x85,
    0xE5, 0xEB, 0x09, 0x4B, 0x9D, 0x56, 0xCB, 0x84, 0x2D, 0x23, 0x7E, 0xA1, 0xD9, 0x4D, 0x58, 0xBD,
    0x62, 0x09, 0x58, 0xC0, 0x4F, 0x34, 0xB3, 0xBA, 0x65, 0x4A, 0x42, 0xC2, 0x16, 0x51, 0x93, 0x2C,
    0x38, 0x13, 0x96, 0xCA, 0x11, 0x24, 0xEA, 0xC7, 0x08, 0xA7, 0xA5, 0xEB, 0xCD, 0xBD, 0x21, 0x9A,
    0x7F, 0x12, 0xD5, 0xC1, 0x52, 0x7A, 0xF5, 0xB0, 0x95, 0xAC, 0x2E, 0x7A, 0x95, 0x32, 0x48, 0x42,
    0x8E, 0xD9, 0xAE, 0xA0, 0xDE, 0xA8, 0x82, 0x76, 0x32, 0xCD, 0x2A, 0xF7, 0xE1, 0x63, 0x5D, 0x65,
    0x21, 0xD8, 0x2C, 0x04, 0x95, 0xAB, 0x42, 0x55, 0xA2, 0x4D, 0xF5, 0x0D, 0x4A, 0x05, 0x61, 0x56,
    0x4C, 0x8A, 0x74, 0x42, 0x67, 0xE8, 0x31, 0x41, 0x20, 0x18, 0x4C, 0x96, 0x0A, 0x53, 0x6C, 0xD0,
    0x54, 0x2B, 0x74, 0xD5, 0x72, 0xA0, 0x31, 0x67, 0xD3, 0x65, 0x03, 0x45, 0xE4, 0xD7, 0x65, 0x3E,
    0xF8, 0xD5, 0x07, 0xFD, 0x8A, 0x44, 0xDD, 0x78, 0x0B, 0xBA, 0x65, 0x47, 0x35, 0x3A, 0x44, 0x8D,
    0xD4, 0x0A, 0x84, 0xDF, 0xC9, 0xCA, 0x7F, 0x9E, 0xB9, 0x2A, 0x80, 0xD7, 0x6F, 0xCA, 0x5F, 0x33,
    0xF3, 0x2F, 0x1D, 0x09, 0x49, 0x23, 0xE4, 0x27, 0xD5, 0xAD, 0x61, 0x17, 0xDA, 0x85, 0x20, 0x7F,
    0x2A, 0x42, 0x77, 0xA8, 0x12, 0xCB, 0xD0, 0x25, 0xFC, 0x43, 0x89, 0x56, 0x4C, 0xA8, 0xAE, 0x7F,
    0xEF, 0xDE, 0xF0, 0xEF, 0xDC, 0xFB, 0x5C, 0xCD, 0x82, 0x36, 0x88, 0x3A, 0x55, 0x42, 0x17, 0x83,
    0x98, 0x7C, 0x51, 0x2F, 0xB3, 0x35, 0x3A, 0x86, 0x05, 0x1A, 0xE9, 0x71, 0x2B, 0x6A, 0x82, 0xAE,
    0x16, 0xC0, 0x76, 0x03, 0xD1, 0x7C, 0x08, 0xA5, 0xAE, 0x5E, 0xA8, 0x64, 0x82, 0xB3, 0x2E, 0xBA,
    0xD7, 0x8F, 0x70, 0x2B, 0xF4, 0xFE, 0xAF, 0x13, 0x9C, 0x87, 0xD4, 0x7D, 0x73, 0x82, 0x8B, 0x76,
    0x94, 0x46, 0x57, 0xF7, 0x8A, 0xD5, 0xF5, 0xB0, 0xB8, 0x37, 0xCE, 0x2E, 0xC2, 0xDC, 0xC8, 0xD4,
    0x42, 0x91, 0x0F, 0x65, 0x1E, 0xCA, 0x63, 0x25, 0x40, 0xB3, 0x94, 0x9B, 0xDA, 0x1A, 0x84, 0x97,
    0xD6, 0x32, 0xD1, 0x59, 0x3E, 0x47, 0x18, 0x32, 0x95, 0x64, 0x35, 0x4B, 0xD5, 0x99, 0x15, 0x11,
    0x27, 0x70, 0x4F, 0x6D, 0xE9, 0xB9, 0xD0, 0x65, 0x64, 0x05, 0x1F, 0x32, 0x0B, 0x9C, 0xB5, 0x2B,
    0x33, 0xDC, 0x6A, 0xF6, 0x22, 0xC3, 0x79, 0x25, 0x65, 0x86, 0x8B, 0x42, 0x7E, 0x63, 0x82, 0x95,
    0xE1, 0x95, 0x13, 0x2C, 0x84, 0xE7, 0x46, 0x98, 0x71, 0x92, 0x28, 0xB2, 0xB5, 0xF6, 0x52, 0xF5,
    0xF4, 0x34, 0x0B, 0x58, 0x61, 0x42, 0x17, 0xCD, 0x0A, 0x0F, 0xF0, 0x39, 0x0B, 0xD0, 0x58, 0xF4,
    0xC3, 0xDD, 0xCF, 0x99, 0x28, 0x36, 0x9A, 0x99, 0xEA, 0x18, 0x2B, 0x6E, 0xD2, 0x5A, 0x69, 0x2D,
    0x81, 0x56, 0xEF, 0x84, 0x5E, 0xD9, 0x45, 0xD8, 0xD5, 0xA7, 0x62, 0x53, 0x96, 0x2B, 0x5D, 0x8F,
    0x3D, 0x99, 0x50, 0x67, 0xA5, 0x1B, 0x35, 0x81, 0x21, 0xD2, 0x6C, 0xD7, 0x36, 0xAB, 0xD8, 0x09,
    0x68, 0x77, 0x80, 0x41, 0x75, 0x9D, 0x1A, 0x6A, 0xAE, 0x57, 0x70, 0xDA, 0xDD, 0x35, 0xD9, 0x72,
    0x70, 0x44, 0x2D, 0x4B, 0xC5, 0x86, 0x3D, 0xEB, 0x1D, 0xEC, 0x3F, 0x27, 0x43, 0x67, 0x77, 0x0D,
    0xF2, 0x3A, 0x0E, 0x02, 0x20, 0xC6, 0xFD, 0xA1, 0x06, 0xB3, 0x29, 0xEB, 0x5D, 0x69, 0xF5, 0x4C,
    0xA7, 0x7C, 0xD4, 0xC7, 0xEE, 0xAE, 0x9F, 0xCC, 0xC7, 0xE5, 0xFF, 0xEE, 0x63, 0xA3, 0xA7, 0x96,
    0xDE, 0xE2, 0xB2, 0x7E, 0x54, 0xEF, 0x3F, 0xBA, 0x9A, 0x5F, 0x23, 0xA8, 0x5C, 0xC0, 0x25, 0x65,
    0x6B, 0xF4, 0xAF, 0x1E, 0x00, 0x27, 0x3B, 0xA7, 0x87, 0xAF, 0x47, 0x22, 0x30, 0xD7, 0xDB, 0x55,
    0x04, 0x32, 0x72, 0x70, 0xB2, 0x08, 0x8C, 0xA7, 0x08, 0x28, 0x1F, 0x8E, 0x80, 0x58, 0xE9, 0xDB,
    0xDE, 0xA2, 0x4B, 0xFF, 0xA3, 0x1D, 0xA6, 0xBF, 0x04, 0x4C, 0xB4, 0xA2, 0x0D, 0x69, 0xEC, 0x54,
    0x4B, 0x9D, 0x0B, 0xA1, 0x98, 0x0F, 0xF0, 0x53, 0x85, 0x19, 0x6E, 0xC7, 0x5C, 0x90, 0xC5, 0x02,
    0x15, 0x55, 0x9D, 0xB5, 0x9A, 0x7C, 0x53, 0xB3, 0x64, 0xA7, 0x4F, 0xE8, 0x71, 0x93, 0x9F, 0xF0,
    0xA9, 0xDD, 0x0A, 0xB9, 0xFC, 0x25, 0xE0, 0x77, 0xE4, 0x2E, 0x85, 0xE8, 0x9F, 0xF5, 0xC1, 0x1D,
    0x37, 0x86, 0xD4, 0x71, 0x46, 0xD7, 0xBB, 0xF8, 0x0E, 0x0C, 0xFD, 0xE3, 0xA7, 0x8D, 0x8A, 0xC0,
    0xBF, 0x3F, 0x10, 0x4E, 0x59, 0x53, 0x37, 0x4F, 0xAC, 0x8D, 0xF5, 0xA2, 0x6C, 0x66, 0xA5, 0x33,
    0x0E, 0x3B, 0xA8, 0x2E, 0x4B, 0xEF, 0xE4, 0xAC, 0xAD, 0xB7, 0xD2, 0x37, 0x76, 0x9A, 0xEA, 0x39,
    0x61, 0xCD, 0xBC, 0xCA, 0x56, 0xBF, 0x13, 0xEE, 0xE0, 0x68, 0xF1, 0x48, 0xCA, 0x26, 0x69, 0x64,
    0x5D, 0xB2, 0x2E, 0xDF, 0x13, 0x0E, 0x5A, 0x2F, 0x6F, 0x51, 0x06, 0xE3, 0xED, 0x83, 0xB6, 0xE1,
    0xDA, 0xB9, 0xCE, 0x16, 0x08, 0x6B, 0x36, 0x0F, 0xB0, 0x52, 0xBA, 0x7A, 0xA8, 0xF1, 0xAB, 0x2A,
    0x52, 0xF9, 0x59, 0x59, 0x27, 0xD5, 0xE8, 0x7A, 0x7D, 0xB3, 0x35, 0x27, 0x6E, 0x19, 0x2F, 0x8C,
    0xB3, 0xBA, 0x58, 0x4E, 0xEA, 0x74, 0x9D, 0x00, 0x71, 0xBD, 0xB2, 0x45, 0x79, 0x4B, 0x39, 0xAC,
    0xCA, 0x2E, 0x1B, 0x27, 0x65, 0xB8, 0x2C, 0x5E, 0x91, 0x28, 0xEB, 0x70, 0xB9, 0xFA, 0x8D, 0xCE,
    0x0E, 0xB9, 0x99, 0x30, 0xE1, 0x7A, 0xA7, 0x2F, 0x68, 0xB1, 0x07, 0x29, 0xCE, 0x54, 0x7B, 0xC8,
    0x5C, 0x50, 0xAF, 0x2A, 0xCB, 0x6A, 0x5B, 0xB2, 0xEE, 0xFD, 0xB5, 0x78, 0x6E, 0xAE, 0x12, 0xD5,
    0x56, 0xFD, 0xF5, 0xE2, 0x7A, 0xCA, 0xAD, 0xF9, 0x9D, 0xB5, 0x55, 0x7B, 0x5C, 0xB5, 0x9E, 0x01,
    0x72, 0xA3, 0x5A, 0xCF, 0x75, 0xBD, 0x59, 0x6E, 0xB3, 0xAE, 0x8B, 0xB5, 0x41, 0x86, 0x5C, 0x88,
    0x19, 0x32, 0x22, 0xBD, 0xAE, 0x09, 0xC1, 0xCA, 0xB7, 0xF7, 0xA2, 0x4B, 0x0C, 0x02, 0xAD, 0x6D,
    0x21, 0xD5, 0xDA, 0x46, 0x28, 0x45, 0x83, 0x08, 0xF2, 0x82, 0xD9, 0xDC, 0xF9, 0x9D, 0x11, 0x4B,
    0x57, 0x04, 0x70, 0x1B, 0xB6, 0xAC, 0x60, 0xFE, 0x29, 0x8B, 0xC5, 0x3E, 0xAB, 0xA7, 0x2E, 0x01,
    0x6D, 0x1F, 0x32, 0x70, 0xC7, 0x32, 0x5E, 0x2C, 0x2A, 0x95, 0x46, 0x2B, 0x3A, 0x6A, 0x94, 0xEC,
    0x18, 0xD7, 0x65, 0xA4, 0x93, 0xD9, 0x4B, 0xEC, 0x24, 0x07, 0x2D, 0xC4, 0xA8, 0x19, 0xDF, 0x71,
    0x49, 0xF5, 0x7B, 0x40, 0xA2, 0x3A, 0x34, 0xA4, 0x19, 0x08, 0x7F, 0x3E, 0x02, 0xDE, 0x5C, 0x70,
    0x02, 0xD0, 0xFC, 0xFB, 0x02, 0xCB, 0x5C, 0xB1, 0x35, 0x76, 0x33, 0x50, 0xC9, 0x6E, 0xDC, 0x00,
    0xAB, 0xEF, 0x09, 0x77, 0xB0, 0x27, 0xF4, 0xF5, 0x0E, 0x17, 0xB4, 0x0B, 0xFC, 0x14, 0x96, 0xB4,
    0xC2, 0x14, 0xE8, 0xDB, 0x27, 0x0F, 0xCD, 0x15, 0x24, 0x99, 0x88, 0xFF, 0xF4, 0xED, 0x0F, 0xC4,
    0xAD, 0xEA, 0x6A, 0x78, 0xF6, 0x65, 0x9F, 0x93, 0x19, 0x1E, 0xFA, 0xAD, 0x8F, 0xB0, 0xD2, 0xAD,
    0xDC, 0x87, 0x7B, 0xB0, 0x82, 0x7E, 0x4D, 0x47, 0xA9, 0x85, 0x67, 0x63, 0xA2, 0x9E, 0x68, 0x46,
    0x75, 0xDC, 0x06, 0x6D, 0x8F, 0x8F, 0x04, 0x2E, 0xC7, 0x1D, 0x18, 0x16, 0x1D, 0x17, 0xDC, 0xE3,
    0x0E, 0x67, 0x04, 0x02, 0x1E, 0x1F, 0xDB, 0xDE, 0xF5, 0x2E, 0xB9, 0xD4, 0xA4, 0x66, 0xAC, 0xA7,
    0x6A, 0xAA, 0x72, 0x95, 0xCB, 0x5C, 0xCE, 0xC5, 0xCC, 0xC2, 0xCA, 0x4B, 0x69, 0x05, 0xBF, 0xAB,
    0xE2, 0xFF, 0x87, 0xEE, 0xB0, 0xA9, 0x07, 0x00, 0x1A, 0x24, 0xBD, 0xD5, 0x22, 0xEF, 0xEF, 0xC0,
    0x45, 0x4B, 0x91, 0x5D, 0xAA, 0x53, 0x35, 0xB6, 0x94, 0xF9, 0x1C, 0x16, 0xC0, 0x1E, 0x83, 0x8F,
    0xB9, 0xDE, 0x20, 0xC4, 0x36, 0xD5, 0x99, 0x95, 0xC7, 0x68, 0xE7, 0x37, 0x29, 0x64, 0xFF, 0xD2,
    0x7A, 0x6E, 0x67, 0x37, 0x36, 0xD9, 0xF7, 0x4D, 0x0E, 0xF1, 0x98, 0xB8, 0xA9, 0xC3, 0x8D, 0x1D,
    0xED, 0xD8, 0x45, 0x3F, 0x86, 0x71, 0x98, 0x5B, 0x91, 0xB9, 0xDC, 0x3E, 0x88, 0xAB, 0xEB, 0x49,
    0x28, 0x54, 0xE5, 0x02, 0xED, 0x0C, 0xB5, 0xCE, 0x6C, 0x25, 0x85, 0x7B, 0xED, 0xA6, 0xC9, 0xEC,
    0xDD, 0xE4, 0xC7, 0x36, 0xB9, 0xEC, 0xD3, 0x21, 0xB3, 0xAF, 0x4F, 0xB2, 0xC7, 0x63, 0xA6, 0x10,
    0x7D, 0x1F, 0xC6, 0xFB, 0xB4, 0xB2, 0x50, 0x4A, 0x0F, 0x4F, 0x3C, 0x00, 0x91, 0x58, 0xCD, 0x5D,
    0x3A, 0x3E, 0x4D, 0x6D, 0xFF, 0xEE, 0x04, 0x4D, 0x14, 0xD0, 0x5D, 0xCE, 0x10, 0xDF, 0x1C, 0x3F,
    0x9E, 0xE3, 0x24, 0x53, 0xEE, 0x91, 0xD3, 0x55, 0x29, 0x3E, 0xC7, 0xEA, 0xE8, 0x54, 0x27, 0xC5,
    0xA6, 0x58, 0x2F, 0xD1, 0xBE, 0x61, 0xA5, 0x10, 0x59, 0x50, 0x4F, 0x71, 0xA3, 0xCB, 0xA8, 0xAF,
    0xA8, 0x41, 0xA8, 0xB7, 0xA8, 0xBB, 0xA8, 0xBF, 0xA8, 0xC3, 0xA8, 0xC7, 0xA8, 0xCB, 0x5C, 0xF9,
    0x6C, 0x6E, 0x16, 0xB2, 0x53, 0x4F, 0x82, 0x4B, 0xC7, 0xD7, 0x62, 0x47, 0xB8, 0xB6, 0x10, 0xBA,
    0x9E, 0xEE, 0x55, 0xD0, 0x45, 0xB4, 0x78, 0xF1, 0xD3, 0x67, 0xD3, 0xC8, 0x72, 0x59, 0xB5, 0x4F,
    0x2C, 0xC0, 0x2F, 0xDD, 0x87, 0x2A, 0x1F, 0x68, 0xC6, 0x0D, 0x5C, 0x7A, 0x21, 0xF8, 0x84, 0x7E,
    0x1D, 0x2A, 0x11, 0xA8, 0x15, 0xE8, 0x64, 0x50, 0xEC, 0x8A, 0x4D, 0x71, 0x72, 0x81, 0x52, 0x51,
    0x2D, 0x40, 0xB3, 0x01, 0x9D, 0x44, 0x18, 0x14, 0x40, 0x11, 0xB9, 0xB6, 0x7F, 0x4C, 0xC4, 0xAB,
    0x98, 0xA1, 0xDE, 0x28, 0xD6, 0x6A, 0xA6, 0x5C, 0x0E, 0x54, 0xB3, 0xA1, 0xCE, 0x14, 0x4B, 0x3B,
    0x52, 0x6A, 0xF5, 0x37, 0xDF, 0xB9, 0xA8, 0x15, 0x1C, 0x90, 0x07, 0x97, 0xBD, 0xD8, 0x29, 0xCE,
    0x68, 0x92, 0xD6, 0xC7, 0xE5, 0x3F, 0x8C, 0xD7, 0x64, 0xE2, 0x74, 0x7D, 0x17, 0xD0, 0x4C, 0x80,
    0x8C, 0x57, 0xBF, 0x48, 0x19, 0xFA, 0x2B, 0x7C, 0xC4, 0x02, 0x5D, 0xA7, 0x16, 0x4C, 0x43, 0x44,
    0x34, 0x7D, 0x3B, 0x1D, 0x6C, 0x0C, 0xEA, 0xC2, 0xA0, 0x2E, 0xEC, 0xEA, 0xC2, 0x76, 0xA0, 0xD8,
    0x70, 0x6B, 0xB5, 0x33, 0xC8, 0xE7, 0x48, 0x32, 0x70, 0x2D, 0x6A, 0xFC, 0xC3, 0x84, 0x9F, 0x68,
    0x7A, 0x75, 0xAA, 0x8D, 0xA5, 0x50, 0x0B, 0xC5, 0xAE, 0x52, 0x50, 0xBF, 0x54, 0x48, 0xB5, 0xE8,
    0x70, 0xAB, 0xFA, 0x7F, 0x0C, 0x28, 0xEE, 0x62, 0x05, 0xE8, 0x16, 0x68, 0x16, 0x28, 0x27, 0xE0,
    0x85, 0x50, 0x8F, 0x66, 0xAA, 0xF5, 0xDA, 0xAE, 0x47, 0x2D, 0xB2, 0xD9, 0x5D, 0xC6, 0x79, 0xBF,
    0x9C, 0x1B, 0x2A, 0x59, 0x45, 0x17, 0xD5, 0xCC, 0xF3, 0xAB, 0xCC, 0x59, 0x3D, 0xE2, 0x7F, 0xB2,
    0xA7, 0x79, 0x70, 0xFA, 0xF9, 0xBB, 0xB8, 0x7A, 0x60, 0x16, 0x45, 0xF7, 0x6F, 0x22, 0x10, 0x15,
    0x1F, 0x23, 0x91, 0xCE, 0x1D, 0x18, 0xAA, 0x19, 0x76, 0xD7, 0x1F, 0xB0, 0xF6, 0xBF, 0xA0, 0xA5,
    0xA3, 0x1A, 0x24, 0x52, 0x2D, 0x21, 0x1D, 0x68, 0x33, 0x6E, 0x69, 0xD4, 0x89, 0x20, 0x8A, 0x5D,
    0x15, 0xA9, 0xE9, 0x9F, 0x33, 0x22, 0x49, 0x65, 0xEB, 0x78, 0xF4, 0xD7, 0xD1, 0xFF, 0x26, 0x0E,
    0xD8, 0x55, 0x7F, 0xFD, 0x5A, 0xEE, 0x94, 0xD2, 0x89, 0x97, 0xBE, 0x92, 0x69, 0x98, 0x43, 0x42,
    0xFA, 0x2E, 0xF9, 0x63, 0xD1, 0xFA, 0x4E, 0x96, 0x92, 0xD0, 0x17, 0x2B, 0x72, 0x2C, 0x96, 0x96,
    0x2E, 0x56, 0xAB, 0xBD, 0x5D, 0xAD, 0xE5, 0x86, 0xE0, 0xD6, 0x7A, 0x2F, 0x24, 0x6A, 0x66, 0xFE,
    0x44, 0xF2, 0x61, 0x9E, 0x2E, 0x57, 0xF2, 0x4D, 0x3A, 0x2A, 0x3B, 0x22, 0xB1, 0x3B, 0x70, 0x95,
    0x68, 0xBD, 0xD9, 0x24, 0xAA, 0x3C, 0x95, 0xF6, 0x68, 0xA2, 0xBD, 0x24, 0xDD, 0x13, 0xB6, 0xD5,
    0xA7, 0x2E, 0xB9, 0xBE, 0x9D, 0x7C, 0x74, 0x39, 0xD0, 0x1C, 0xB3, 0xCE, 0x5D, 0xAC, 0xA7, 0xD0,
    0x37, 0x29, 0xE8, 0x27, 0xF3, 0x9D, 0x87, 0x36, 0x12, 0x40, 0xF1, 0x3B, 0x0F, 0x28, 0xE4, 0x19,
    0x0D, 0xF0, 0xD4, 0x69, 0x7C, 0xB4, 0x5E, 0xE2, 0x69, 0xFB, 0x1A, 0x06, 0x9C, 0x7A, 0xE9, 0x7B,
    0x75, 0x8D, 0x42, 0xBE, 0x72, 0xA3, 0xB0, 0x7D, 0xBC, 0x0E, 0xBD, 0x46, 0x0B, 0x0C, 0x8D, 0xE2,
    0x73, 0x76, 0x40, 0x04, 0xF8, 0x1F, 0x74, 0xC2, 0xA4, 0x81, 0x0B, 0xE3, 0x90, 0x5A, 0x91, 0xBE,
    0xDC, 0x1E, 0x2A, 0xA3, 0x52, 0x7A, 0x6B, 0x49, 0xED, 0xE5, 0x76, 0xA9, 0xBF, 0x79, 0x2E, 0xA5,
    0x5B, 0x2B, 0x79, 0xC5, 0x8A, 0x7C, 0xE5, 0x82, 0x94, 0x77, 0xD9, 0xD1, 0xC8, 0x68, 0x60, 0xA8,
    0x2E, 0xA7, 0xDB, 0xEC, 0xBC, 0xC7, 0x32, 0xF7, 0x39, 0xAF, 0x8D, 0xA5, 0x48, 0x5F, 0xAB, 0xE6,
    0xB1, 0xEA, 0x9B, 0x19, 0x6A, 0x99, 0xAC, 0x68, 0xDE, 0xE2, 0x9A, 0xF4, 0x3F, 0x87, 0x4F, 0xE7,
    0x7A, 0x84, 0xDF, 0xED, 0x08, 0xB2, 0xF1, 0xD4, 0x30, 0x02, 0xF0, 0x3C, 0xB8, 0xB8, 0xAC, 0x84,
    0x4E, 0xF2, 0x31, 0x5C, 0x46, 0xC7, 0x84, 0x1B, 0x75, 0xB4, 0x09, 0x6F, 0x45, 0x14, 0x7E, 0x87,
    0xB0, 0xD3, 0x4E, 0x74, 0x73, 0x58, 0x87, 0x1C, 0x96, 0x36, 0x37, 0x8B, 0xCB, 0xF5, 0xEC, 0xA6,
    0x3A, 0xAB, 0xC7, 0xD6, 0xA7, 0x93, 0x9B, 0xF4, 0x97, 0xFA, 0x70, 0xF8, 0x19, 0x7E, 0xED, 0x99,
    0xD9, 0xCB, 0x4F, 0x2E, 0xCD, 0x65, 0xFF, 0x1B, 0x56, 0xB7, 0xC9, 0xEA, 0x56, 0x3F, 0x55, 0x63,
    0x3B, 0xD6, 0xBD, 0x9B, 0x1C, 0x2E, 0x5F, 0xA7, 0xC9, 0x5F, 0x4A, 0x35, 0x67, 0xAA, 0x7F, 0x19,
    0x2D, 0x10, 0x85, 0x00, 0x1B, 0xB0, 0xE8, 0x3D, 0x5E, 0x1A, 0x11, 0xE5, 0xEE, 0xA7, 0x66, 0x29,
    0x73, 0x3B, 0xBA, 0xB9, 0x52, 0x2D, 0x4B, 0xA3, 0x49, 0x5F, 0x1C, 0x4D, 0xFE, 0x99, 0xF5, 0x26,
    0xF5, 0xB3, 0x2F, 0x5F, 0x0F, 0x39, 0xCF, 0xA5, 0x3D, 0x53, 0x49, 0x94, 0x91, 0x72, 0x67, 0xE8,
    0xB5, 0xCE, 0x3B, 0x60, 0xE6, 0x16, 0x20, 0x6B, 0x97, 0x0B, 0x39, 0xAC, 0x27, 0x8C, 0x37, 0xC0,
    0xE5, 0x9F, 0x83, 0xFA, 0x0D, 0x23, 0x94, 0x12, 0x15, 0x40, 0x33, 0xF4, 0x70, 0xDD, 0x27, 0xF8,
    0x39, 0x97, 0xA9, 0x0E, 0x9D, 0x84, 0x25, 0x08, 0x61, 0x3E, 0xE0, 0xC5, 0xED, 0xE1, 0x98, 0xCD,
    0x52, 0x1D, 0x8E, 0x57, 0xA9, 0x5A, 0x5C, 0x2C, 0xD7, 0x1B, 0x14, 0xEB, 0x39, 0xEC, 0x33, 0xC8,
    0x84, 0x75, 0xB6, 0x2E, 0xC2, 0x19, 0xB0, 0x42, 0x31, 0x43, 0x35, 0x81, 0x4B, 0xD0, 0x82, 0xD9,
    0xF1, 0x0E, 0x00, 0x9D, 0x6C, 0x5A, 0x57, 0xF5, 0x78, 0xB8, 0xC4, 0x10, 0x29, 0x37, 0x4E, 0x3F,
    0x74, 0x3C, 0xF4, 0x32, 0x87, 0xB1, 0x1E, 0x07, 0x91, 0x28, 0xB2, 0x5B, 0x4B, 0xAA, 0xEF, 0x72,
    0xC3, 0xA4, 0xDC, 0x86, 0x4E, 0x87, 0x6D, 0x6F, 0xE8, 0x34, 0x8B, 0xE1, 0x2E, 0x5D, 0x4F, 0x3D,
    0xAB, 0xDB, 0x85, 0x25, 0xB5, 0xCE, 0x96, 0xC5, 0x9E, 0x16, 0x9E, 0x06, 0x07, 0xE5, 0xA4, 0xB7,
    0x9F, 0x73, 0xCE, 0x05, 0x0B, 0x33, 0x73, 0x91, 0xCB, 0x5C, 0x1D, 0x49, 0xA9, 0xC6, 0x3A, 0x35,
    0xC9, 0xE9, 0xD3, 0x47, 0x6C, 0xF1, 0x9C, 0x71, 0x66, 0x5F, 0x7C, 0x1B, 0x74, 0xB4, 0x50, 0x25,
    0x1D, 0x4D, 0xA2, 0xB5, 0x9E, 0x22, 0xB0, 0xC1, 0x6A, 0xC3, 0xDF, 0xE5, 0x89, 0xCC, 0x46, 0x95,
    0x69, 0x4E, 0xA3, 0xCE, 0xFA, 0xB2, 0x3C, 0x38, 0xD2, 0xF4, 0x7C, 0x19, 0x6A, 0xE1, 0xDB, 0x38,
    0xE1, 0x66, 0x68, 0xD3, 0xF9, 0xCD, 0xFA, 0xE5, 0xF3, 0x45, 0x21, 0xD3, 0x5B, 0xD0, 0xC5, 0x7F,
    0x05, 0xC5, 0x99, 0x01, 0xA4, 0x1E, 0x59, 0x9A, 0xBF, 0x9F, 0x53, 0x95, 0x49, 0xFD, 0x67, 0xEA,
    0xBF, 0x39, 0x81, 0xB5, 0x33, 0x32, 0x9D, 0xB3, 0x18, 0x0C, 0x26, 0x29, 0x18, 0xF4, 0x72, 0xEF,
    0x3D, 0x67, 0x66, 0x30, 0x6C, 0x30, 0x83, 0x65, 0x01, 0x0B, 0x01, 0x30, 0x59, 0x04, 0x61, 0x6F,
    0x52, 0x35, 0x1D, 0x04, 0x83, 0x09, 0x00, 0x60, 0x01, 0x80, 0x6D, 0x04, 0x77, 0xB9, 0x49, 0x9D,
    0x15, 0x34, 0x1A, 0x7D, 0xBA, 0x07, 0x8B, 0x46, 0x9F, 0xD9, 0xEE, 0xB5, 0x80, 0x9C, 0x5E, 0x65,
    0xA7, 0xBA, 0xA7, 0xAA, 0xDE, 0xAD, 0x73, 0x24, 0xF7, 0xEA, 0x5E, 0x3B, 0x6C, 0xD2, 0xDC, 0x4F,
    0xBD, 0xCF, 0xF7, 0xF1, 0x39, 0xBF, 0xF3, 0xD4, 0xA9, 0xFA, 0x5E, 0xE7, 0xD6, 0x05, 0x38, 0xA6,
    0x92, 0x7C, 0xB0, 0xC1, 0x5F, 0x02, 0xA8, 0x44, 0x15, 0xA9, 0xCB, 0xD1, 0x04, 0xDA, 0x80, 0x0E,
    0x98, 0x80, 0xF5, 0xF9, 0x18, 0x3D, 0xE2, 0xE9, 0x1D, 0x37, 0x80, 0x3A, 0x42, 0x1D, 0x28, 0x75,
    0x6D, 0x06, 0x11, 0x9A, 0x38, 0x3A, 0xED, 0xED, 0xD0, 0xB9, 0x1F, 0x60, 0x81, 0x1E, 0x78, 0xF6,
    0xB2, 0x7A, 0xBE, 0x8F, 0x1D, 0x4E, 0x31, 0x92, 0x68, 0xC4, 0xC1, 0x29, 0x30, 0x03, 0x13, 0xC0,
    0x9D, 0x29, 0x51, 0x8B, 0x4C, 0xE8, 0xC9, 0xCC, 0x74, 0xA1, 0x5A, 0xB0, 0x9E, 0x82, 0xB7, 0x33,
    0x28, 0xC0, 0x44, 0x40, 0x27, 0xA8, 0x45, 0x36, 0x1A, 0x91, 0x15, 0xDA, 0x04, 0xE8, 0x48, 0xA2,
    0xF3, 0x55, 0xA0, 0xA7, 0xF5, 0xD5, 0xAC, 0x46, 0xFA, 0xFC, 0xED, 0x28, 0x32, 0xC3, 0xC0, 0xFF,
    0xAF, 0x12, 0x47, 0xF5, 0x97, 0xDB, 0x8A, 0x48, 0xE2, 0x69, 0xEB, 0x99, 0xEA, 0xA0, 0x52, 0x1D,
    0xAA, 0xD4, 0x78, 0x35, 0x1B, 0x57, 0x8B, 0x0C, 0xE6, 0xC5, 0x8B, 0x68, 0xA9, 0xE3, 0xF7, 0x51,
    0x03, 0x80, 0x96, 0xB5, 0x91, 0xB8, 0xB3, 0x95, 0x50, 0x49, 0x50, 0x2B, 0x88, 0xAF, 0x12, 0xF4,
    0xA1, 0xF1, 0x60, 0x93, 0x01, 0xF4, 0x74, 0x1F, 0xB4, 0x2C, 0xD9, 0x5D, 0x72, 0x38, 0x95, 0x0C,
    0x80, 0x12, 0x5E, 0xB1, 0x13, 0x91, 0x80, 0xDD, 0xE9, 0xA1, 0x5E, 0xE0, 0x15, 0xF5, 0x0A, 0x30,
    0x8A, 0x07, 0xA4, 0x8C, 0x3A, 0xE4, 0x98, 0x63, 0x4E, 0x99, 0x99, 0x54, 0x52, 0xA9, 0x4A, 0x9C,
    0xBD, 0xF4, 0xA0, 0x9D, 0xC6, 0xD0, 0x71, 0xC4, 0x21, 0x07, 0x1C, 0x97, 0x65, 0xBB, 0x47, 0x2D,
    0xDB, 0x31, 0x7A, 0xBA, 0x96, 0x17, 0x4B, 0xAD, 0x3B, 0x78, 0x40, 0xEF, 0xB9, 0x41, 0x9F, 0x00,
    0x2B, 0x0E, 0x8C, 0xAC, 0x60, 0xF3, 0xF4, 0xD2, 0x4B, 0x52, 0x9B, 0x92, 0xA5, 0x5A, 0xD1, 0x4B,
    0x2D, 0xD4, 0x4B, 0x25, 0xB1, 0x5E, 0x10, 0xF9, 0xD9, 0x44, 0x9F, 0xFD, 0xDB, 0xA2, 0x79, 0x47,
    0xFC, 0x55, 0x94, 0xC4, 0x53, 0xB0, 0xF1, 0x29, 0x98, 0xD8, 0x43, 0xE7, 0x6D, 0xC0, 0x0E, 0xDD,
    0x17, 0x4A, 0x30, 0x22, 0x33, 0xFA, 0x56, 0xB1, 0x06, 0xBE, 0xC3, 0x63, 0xFB, 0x70, 0x1E, 0xDF,
    0x5F, 0xEC, 0x7B, 0xCB, 0x75, 0x15, 0x01, 0x00, 0xB8, 0x2C, 0x8F, 0xA1, 0x97, 0x15, 0xB5, 0xD2,
    0x0F, 0x4D, 0xA0, 0x89, 0x9A, 0xDE, 0x4F, 0x37, 0x2A, 0x49, 0xC7, 0x07, 0xED, 0x47, 0xD3, 0x8F,
    0xEE, 0xEA, 0x9F, 0xC4, 0xB7, 0x9E, 0x74, 0x70, 0xE5, 0xDD, 0x8C, 0xF2, 0xE9, 0xAE, 0xF9, 0x49,
    0x78, 0xEB, 0x40, 0xCB, 0x70, 0x70, 0xA3, 0x5E, 0x39, 0xD6, 0x0E, 0x52, 0x1E, 0x1B, 0x4A, 0x4A,
    0xC9, 0x2B, 0xC9, 0x00, 0x8C, 0x1F, 0xB9, 0xFA, 0xDF, 0x05, 0x3D, 0xF4, 0x74, 0xF4, 0x58, 0x1E,
    0x70, 0xC4, 0xD3, 0x9D, 0xA7, 0x7B, 0x2D, 0xD8, 0x5C, 0x8F, 0x04, 0xBD, 0x7D, 0x09, 0x0E, 0xB8,
    0xC4, 0x2F, 0x39, 0x52, 0x89, 0xB9, 0xF5, 0x4D, 0xB4, 0x74, 0xC3, 0xC2, 0xB3, 0x3A, 0x95, 0xEA,
    0xDC, 0x42, 0xEB, 0x8F, 0xA8, 0x92, 0x76, 0x3C, 0xA9, 0x3D, 0x80, 0x15, 0x99, 0x73, 0x01, 0x13,
    0xA8, 0x04, 0x55, 0xA9, 0xF3, 0x5F, 0xC0, 0xFF, 0x76, 0x9E, 0x8D, 0xC4, 0xFD, 0x3C, 0xD3, 0xC9,
    0xF1, 0x41, 0x15, 0x8F, 0x7F, 0x74, 0xB7, 0x8E, 0x27, 0x6F, 0x3D, 0xA9, 0x3F, 0x9C, 0xAE, 0xBC,
    0x5B, 0x4B, 0xB8, 0xF2, 0xA4, 0x79, 0xEE, 0xAF, 0xDC, 0x6D, 0x1F, 0xC6, 0xFD, 0x3C, 0xDF, 0x49,
    0x3F, 0xBA, 0x61, 0x3F, 0x5E, 0xFE, 0xE4, 0x79, 0xF6, 0xC2, 0x28, 0x54, 0x33, 0x5A, 0x38, 0xD2,
    0x1C, 0x1A, 0xEC, 0x4A, 0x1B, 0x81, 0xEF, 0x01, 0x1C, 0x9E, 0xE1, 0xF8, 0x0C, 0xA7, 0xD0, 0x88,
    0x08, 0x05, 0xC5, 0xBC, 0xA0, 0xB8, 0x17, 0x79, 0xAA, 0x00, 0xBC, 0x3A, 0xC9, 0x8C, 0x09, 0xC6,
    0xD0, 0x3C, 0x4F, 0xBB, 0xD2, 0xE5, 0x87, 0x11, 0x3D, 0x70, 0x9F, 0x2A, 0x70, 0x85, 0xBB, 0x56,
    0x62, 0xB9, 0x51, 0x51, 0xE3, 0xD0, 0x3E, 0x0C, 0xBA, 0x0E, 0x97, 0x7F, 0xEE, 0xF9, 0x15, 0xB5,
    0x38, 0xF5, 0x77, 0xA5, 0x53, 0x68, 0x7F, 0xBB, 0x77, 0xFD, 0x04, 0x53, 0x35, 0x37, 0xC9, 0xF8,
    0x23, 0xAE, 0xC2, 0xAA, 0x05, 0x95, 0x51, 0x2D, 0xD5, 0xB6, 0x43, 0xAD, 0xD4, 0xB3, 0x5A, 0xA8,
    0xA7, 0x6A, 0xA1, 0x99, 0xEA, 0x85, 0x36, 0xD5, 0x73, 0xC6, 0x84, 0x4E, 0x7A, 0xC7, 0xF4, 0x0F,
    0x2B, 0x46, 0x3E, 0xDE, 0x30, 0xDB, 0x15, 0x47, 0xE7, 0x01, 0x3B, 0xBC, 0x42, 0xEF, 0x32, 0x00,
    0x28, 0x2A, 0x92, 0x5A, 0x91, 0x64, 0xC4, 0x38, 0xBB, 0xDD, 0xC4, 0x6E, 0x87, 0xD8, 0xF5, 0x00,
    0xBB, 0x1C, 0x60, 0x96, 0x7B, 0xA8, 0xD3, 0x27, 0x70, 0x6F, 0x82, 0x27, 0x09, 0x52, 0x82, 0xCF,
    0x23, 0xFC, 0x67, 0x40, 0xFD, 0x5B, 0xA0, 0xFA, 0x9D, 0xA7, 0x7E, 0xBE, 0xD7, 0x7B, 0x03, 0xF5,
    0xFB, 0x03, 0xCD, 0x6F, 0x1C, 0xED, 0x2F, 0xE0, 0x5B, 0xDF, 0x02, 0x85, 0xF6, 0x36, 0xDA, 0xA4,
    0xBD, 0x82, 0x5F, 0xD6, 0x5E, 0xD3, 0x4D, 0x2C, 0x9C, 0x8E, 0x53, 0x17, 0xF8, 0x0B, 0xF4, 0x46,
    0x33, 0xA3, 0x26, 0xAA, 0x94, 0x8F, 0x3A, 0xBD, 0xEC, 0x96, 0x3A, 0x22, 0x0B, 0x00, 0x7D, 0xA8,
    0xFE, 0x75, 0x6E, 0xDD, 0x6A, 0x78, 0x76, 0xC4, 0x83, 0x23, 0x8E, 0x2C, 0x87, 0x96, 0x03, 0xEB,
    0x9E, 0x98, 0x8F, 0x42, 0x23, 0x8E, 0xAB, 0x5C, 0xDA, 0x4B, 0x73, 0x42, 0x53, 0x6E, 0x37, 0x3D,
    0xB0, 0x34, 0x11, 0x5B, 0x4D, 0x3C, 0xA8, 0xA7, 0x6A, 0xD6, 0xBE, 0x0D, 0x47, 0x74, 0xCC, 0x1C,
    0x9C, 0x5D, 0xA3, 0xDB, 0x00, 0x12, 0x01, 0x3A, 0x8F, 0x06, 0xED, 0x39, 0x00, 0x3D, 0x90, 0xC0,
    0xB8, 0xDA, 0x43, 0x47, 0xEB, 0x32, 0x6F, 0x00, 0x96, 0x27, 0xC0, 0xF8, 0xD3, 0x00, 0x8D, 0x7C,
    0xFC, 0xD7, 0x03, 0x70, 0xA3, 0x0D, 0xC0, 0x3D, 0xED, 0x41, 0x45, 0x3D, 0x40, 0x33, 0x1C, 0x01,
    0xD7, 0x39, 0x01, 0xEE, 0x55, 0xBF, 0x1F, 0x20, 0xB5, 0x0F, 0x3D, 0xB5, 0xBF, 0xDE, 0x78, 0x34,
    0x56, 0x16, 0x0E, 0xE8, 0x77, 0x02, 0xDA, 0x15, 0x52, 0xF8, 0xC6, 0x3E, 0x8E, 0xEC, 0x73, 0x6D,
    0x06, 0xEE, 0x9D, 0xD8, 0xEC, 0x33, 0xD9, 0xEC, 0x73, 0xFB, 0x30, 0xFB, 0xA8, 0x09, 0xEE, 0xD1,
    0x66, 0x1F, 0xDE, 0x86, 0xDA, 0xAB, 0x70, 0x0D, 0x4D, 0x23, 0x2B, 0x07, 0x68, 0x99, 0x01, 0x00,
    0xCA, 0x78, 0x4E, 0x0E, 0x01, 0xD2, 0x21, 0x1A, 0x6E, 0x1F, 0x73, 0x00, 0x97, 0x23, 0x09, 0xEC,
    0x94, 0x1D, 0xFE, 0x7C, 0xCD, 0x0E, 0x3C, 0xCD, 0x0E, 0x2C, 0x4F, 0xE0, 0xF2, 0xCF, 0xFF, 0xAB,
    0x38, 0xDC, 0xFA, 0xE6, 0xD7, 0x04, 0x00, 0x03, 0xF4, 0x9E, 0x52, 0x76, 0x80, 0x6F, 0x03, 0x00,
    0xD9, 0xF2, 0xE0, 0xE5, 0xCF, 0x72, 0x2A, 0x5F, 0x57, 0x1B, 0xB4, 0x13, 0xE8, 0xD8, 0x0C, 0x9D,
    0xEF, 0xBC, 0xF5, 0x66, 0xAF, 0x6E, 0xE8, 0xE2, 0x88, 0x96, 0x05, 0x25, 0x8F, 0x81, 0x3A, 0x92,
    0x99, 0x00, 0xAA, 0x05, 0x80, 0xB1, 0xD0, 0x0C, 0x00, 0x8A, 0xF3, 0xD7, 0xE8, 0x00, 0x25, 0x03,
    0x50, 0x8B, 0x07, 0xDA, 0x42, 0xDD, 0x67, 0x76, 0x5D, 0x00, 0xEE, 0x9B, 0x08, 0x2C, 0x3A, 0x81,
    0x4A, 0x99, 0x75, 0xCC, 0x6C, 0x83, 0xCE, 0x22, 0x22, 0x33, 0xD8, 0xC2, 0xFB, 0xD4, 0x0B, 0x2C,
    0x99, 0xD5, 0x44, 0xBD, 0xD2, 0xCC, 0xB4, 0x82, 0x15, 0x37, 0x8A, 0xB7, 0x82, 0xC8, 0x70, 0xD6,
    0x69, 0x58, 0x00, 0xEA, 0x19, 0xA0, 0x8D, 0x00, 0x9D, 0x03, 0xB8, 0x74, 0xB1, 0x6E, 0x00, 0xB4,
    0x1E, 0x60, 0x9C, 0x80, 0x76, 0x13, 0x40, 0xA7, 0xC2, 0xE1, 0xF0, 0x22, 0xDD, 0x4E, 0xDF, 0x2A,
    0x73, 0xDD, 0x04, 0x9A, 0x0F, 0x1E, 0x64, 0xBE, 0xBF, 0x00, 0xF5, 0x3B, 0xE9, 0x02, 0xAD, 0xD4,
    0xF0, 0x5D, 0xA0, 0x4D, 0x02, 0xE8, 0x49, 0x5C, 0x21, 0x50, 0x87, 0x0B, 0x5D, 0x2B, 0x13, 0x00,
    0xFA, 0x04, 0x30, 0x9D, 0x00, 0x55, 0xBC, 0x9B, 0xF9, 0xFB, 0x04, 0x20, 0xA1, 0x70, 0xB8, 0x98,
    0xBB, 0xAB, 0x8C, 0x94, 0xE9, 0xE5, 0xFB, 0x52, 0xA6, 0x8F, 0x6A, 0x01, 0x9A, 0x17, 0x81, 0x43,
    0xC0, 0x58, 0x0F, 0xC0, 0x81, 0xF5, 0xDF, 0x07, 0x48, 0xFD, 0x70, 0x0C, 0x54, 0xA1, 0xF4, 0x10,
    0xDA, 0x3D, 0x74, 0x06, 0xAE, 0x23, 0x6A, 0xA2, 0x28, 0xF0, 0x2E, 0x20, 0xB2, 0xF1, 0xF7, 0x50,
    0xFB, 0x6A, 0x03, 0x68, 0x5D, 0xB5, 0xC2, 0x01, 0xA6, 0xB8, 0x3D, 0xE1, 0x3E, 0xCD, 0x42, 0x15,
    0xAB, 0x15, 0xB3, 0x71, 0xC7, 0x17, 0x37, 0x11, 0x57, 0xEC, 0x64, 0x03, 0xBA, 0xCD, 0x51, 0x89,
    0x44, 0xCC, 0x64, 0x66, 0x7A, 0x5F, 0x2F, 0x08, 0xD5, 0x56, 0xAF, 0x3B, 0x9A, 0x85, 0xFA, 0x33,
    0x5D, 0xA4, 0x13, 0x60, 0x32, 0xBA, 0xAF, 0xE0, 0x6A, 0xC6, 0x89, 0x49, 0x79, 0xA5, 0x16, 0xDA,
    0xD0, 0x88, 0xEB, 0x9D, 0x2A, 0xAB, 0x73, 0x4D, 0x86, 0xAC, 0x05, 0xE8, 0x19, 0xE0, 0x08, 0xB8,
    0x9A, 0x61, 0x17, 0xC0, 0x44, 0x32, 0x01, 0xE8, 0x06, 0x00, 0x1D, 0xCE, 0xDB, 0x17, 0xA7, 0x7C,
    0xB5, 0x2D, 0x94, 0x35, 0xCB, 0x5C, 0xCB, 0xBC, 0x0F, 0x8A, 0x91, 0x29, 0x31, 0x97, 0xC0, 0x84,
    0x2B, 0x40, 0xE7, 0x6F, 0x00, 0x56, 0xD6, 0xC2, 0x05, 0xE8, 0x87, 0x9C, 0x33, 0xBA, 0xB7, 0x33,
    0xF9, 0x31, 0x20, 0x40, 0xE1, 0x5B, 0xA8, 0x0D, 0x0E, 0xA8, 0x36, 0xD4, 0x44, 0x2D, 0x5C, 0x8B,
    0x2F, 0x77, 0xDE, 0xFD, 0x4E, 0x00, 0xEA, 0x00, 0xD0, 0x16, 0x1A, 0x0F, 0xD0, 0x03, 0x30, 0x17,
    0xBA, 0x0B, 0x75, 0x03, 0x80, 0xFB, 0x00, 0x8D, 0x0C, 0x80, 0xFD, 0x64, 0x02, 0xC6, 0x5B, 0x99,
    0xC7, 0x55, 0xBC, 0x40, 0xB7, 0xEF, 0xA9, 0xC7, 0x40, 0xFF, 0xF3, 0xE2, 0xF3, 0x7E, 0x89, 0x7B,
    0x34, 0x03, 0x37, 0x2F, 0xD2, 0xCA, 0x00, 0xDD, 0x00, 0x3A, 0x40, 0x93, 0x80, 0xD3, 0xF3, 0xDB,
    0x6B, 0x14, 0x8F, 0xEC, 0x65, 0x16, 0xD0, 0x53, 0x76, 0x29, 0x26, 0x74, 0x11, 0x6C, 0x00, 0xEB,
    0x29, 0xD5, 0x0F, 0x79, 0x76, 0x10, 0x4A, 0x29, 0x21, 0xCF, 0x47, 0x23, 0x60, 0x25, 0x94, 0x82,
    0x3A, 0x50, 0x26, 0xE9, 0xF2, 0x00, 0x50, 0x33, 0xE0, 0xF8, 0xE6, 0xE7, 0x01, 0x38, 0xA6, 0x5C,
    0xFC, 0xFE, 0x93, 0xC4, 0x78, 0x2B, 0x71, 0xAF, 0x8A, 0xDF, 0xF8, 0x3C, 0xF9, 0x62, 0xE6, 0x4B,
    0x29, 0x1F, 0xCC, 0xF4, 0xBF, 0x99, 0xB9, 0xF9, 0xCD, 0xCF, 0x81, 0xC8, 0xE6, 0x32, 0x65, 0x82,
    0x6E, 0xBA, 0xB6, 0x96, 0x34, 0x01, 0x93, 0xF2, 0xF0, 0x2E, 0xE6, 0xA0, 0x2E, 0x64, 0xE6, 0x0F,
    0x5E, 0x8B, 0xE4, 0x0D, 0x90, 0x48, 0xB0, 0x5E, 0x67, 0x0E, 0x88, 0xCB, 0x93, 0x08, 0x94, 0x43,
    0xAD, 0xA8, 0xAD, 0x34, 0xE5, 0x2D, 0x67, 0x34, 0xA2, 0xC4, 0x63, 0x45, 0x56, 0xE8, 0x45, 0x1E,
    0x03, 0x70, 0xD4, 0x02, 0x20, 0xBF, 0x75, 0x40, 0xF5, 0x87, 0x0F, 0xCA, 0xDB, 0xA7, 0x02, 0xA0,
    0xC2, 0xCC, 0xD9, 0x6B, 0x4C, 0xD4, 0x92, 0x18, 0x67, 0x6A, 0x89, 0x98, 0x15, 0xC4, 0xA1, 0x05,
    0x9E, 0x82, 0x91, 0x81, 0xD3, 0xFC, 0x16, 0x58, 0xA0, 0xB3, 0x89, 0x19, 0x8E, 0xCC, 0xC2, 0x04,
    0x87, 0xED, 0xA6, 0x12, 0x1C, 0xD7, 0x52, 0x25, 0x38, 0x55, 0xF2, 0x3C, 0xC2, 0xC2, 0xF8, 0x69,
    0x84, 0x19, 0xFB, 0xC7, 0x00, 0x13, 0x5A, 0x3C, 0x2A, 0xD1, 0x8A, 0xA7, 0xCA, 0xF3, 0x0C, 0xB4,
    0x33, 0xC8, 0x80, 0x15, 0xE8, 0x1D, 0xFD, 0x06, 0x1D, 0xC0, 0x01, 0xE7, 0xDD, 0xC7, 0x9E, 0x37,
    0x4B, 0xD4, 0x04, 0xC0, 0x55, 0xCE, 0x5E, 0x77, 0x66, 0xA0, 0x15, 0x19, 0xC0, 0x3E, 0xBE, 0x13,
    0x51, 0x2B, 0xED, 0x44, 0xBD, 0x1F, 0x0B, 0x3A, 0x52, 0xAD, 0x18, 0x8F, 0xDA, 0xB0, 0x1E, 0xA4,
    0x64, 0x49, 0x9E, 0x89, 0x8D, 0xD1, 0xA1, 0xD6, 0xCC, 0x6A, 0xA1, 0x1F, 0xA8, 0x67, 0xAC, 0xA7,
    0x49, 0x99, 0x3A, 0x60, 0x12, 0xD6, 0xD1, 0xAE, 0x97, 0x57, 0x50, 0x22, 0x11, 0x30, 0x1B, 0x00,
    0xE8, 0xE1, 0xBC, 0x87, 0x5B, 0x00, 0x56, 0xCE, 0x76, 0xA3, 0x8A, 0x0B, 0x75, 0x03, 0x80, 0x09,
    0xA0, 0xDD, 0x00, 0xA4, 0x8F, 0xA0, 0x36, 0x13, 0x81, 0xA9, 0xF1, 0x17, 0xE8, 0x66, 0xDE, 0xF1,
    0x80, 0xFD, 0x5D, 0x00, 0xFE, 0xF9, 0x0F, 0x1E, 0x98, 0x65, 0x00, 0xEE, 0x3E, 0xE0, 0x02, 0xAD,
    0x7E, 0x58, 0x0D, 0xC0, 0xA6, 0x23, 0x28, 0xE9, 0x12, 0x20, 0x3A, 0xF3, 0x5E, 0x33, 0x5C, 0x98,
    0x55, 0x35, 0xF0, 0xC3, 0x36, 0xB0, 0x34, 0xA9, 0x99, 0xAB, 0xC5, 0x04, 0xC6, 0xD1, 0x61, 0x17,
    0xF2, 0x00, 0xFA, 0x89, 0x6A, 0x5B, 0xD0, 0x69, 0xC4, 0x0E, 0x76, 0x78, 0x86, 0xF6, 0x3F, 0xA6,
    0x76, 0x00, 0xC0, 0x02, 0xA0, 0x66, 0x80, 0x6A, 0x3A, 0xDF, 0xDE, 0x8B, 0x38, 0xE8, 0x5F, 0x48,
    0x44, 0x6D, 0xFA, 0xFD, 0xEC, 0x6E, 0x1E, 0x66, 0xF7, 0xAE, 0xB8, 0xDB, 0xE2, 0x7E, 0xBF, 0xB8,
    0x2F, 0xC5, 0x7D, 0xCE, 0xEE, 0x3F, 0x9D, 0xB2, 0xFB, 0xCF, 0x52, 0x76, 0x7F, 0x14, 0xB3, 0xFB,
    0x07, 0x3E, 0xBB, 0x7F, 0xE2, 0xB3, 0xBB, 0xB8, 0x7E, 0xA0, 0x91, 0xBF, 0x3D, 0x77, 0x1F, 0xB7,
    0x33, 0x03, 0xFE, 0xA6, 0x90, 0x93, 0xC2, 0xA7, 0x85, 0x3D, 0xE7, 0xFB, 0x8A, 0x2A, 0x7D, 0xF5,
    0x77, 0x6C, 0x25, 0x6A, 0x19, 0x76, 0x1A, 0x19, 0xDA, 0xD2, 0xCA, 0x9A, 0x85, 0x2A, 0xD1, 0xCC,
    0xD4, 0xA9, 0x2C, 0x76, 0x44, 0xEF, 0x0C, 0xE8, 0x44, 0xE3, 0x33, 0x5B, 0x8F, 0x89, 0xE8, 0xD2,
    0x29, 0xF5, 0x80, 0xDD, 0xE9, 0xB0, 0x1E, 0x43, 0xA6, 0x2D, 0xBC, 0x0F, 0x36, 0xB0, 0x80, 0x99,
    0x9A, 0x54, 0x96, 0xC1, 0x03, 0xE3, 0x17, 0x00, 0xA0, 0x0B, 0xAD, 0x03, 0x18, 0x01, 0xD4, 0x02,
    0xD0, 0x04, 0x00, 0xC5, 0x85, 0xBA, 0x01, 0xA0, 0x12, 0x80, 0xD9, 0x00, 0x25, 0xBD, 0x87, 0x6A,
    0xE9, 0x32, 0x63, 0x3B, 0x5C, 0xA0, 0xDB, 0xED, 0xCB, 0x0E, 0xD4, 0x9A, 0x4D, 0xEA, 0xCD, 0x46,
    0xA8, 0xB6, 0x2E, 0x00, 0x4F, 0x5A, 0x77, 0xA1, 0x57, 0xD3, 0x9D, 0x77, 0xE5, 0xFE, 0xFC, 0x6A,
    0x7E, 0xBD, 0x2B, 0xF7, 0x32, 0x75, 0xE2, 0x7A, 0x49, 0x56, 0x9C, 0x16, 0x97, 0x65, 0x36, 0xB4,
    0xA7, 0x12, 0x3A, 0x40, 0xDC, 0x31, 0x30, 0xFA, 0xE9, 0xAC, 0x55, 0x75, 0x32, 0x00, 0x5A, 0x00,
    0xDA, 0x05, 0xA0, 0x99, 0x01, 0xDA, 0x09, 0x40, 0xA7, 0x73, 0x9A, 0xC2, 0x7E, 0x02, 0x6A, 0xD9,
    0x0A, 0x57, 0x80, 0x51, 0x1C, 0x48, 0x46, 0x97, 0x4A, 0xD4, 0xE6, 0x30, 0x22, 0x09, 0x13, 0xCB,
    0x23, 0xFD, 0x7A, 0xC1, 0xFA, 0xEA, 0x25, 0xFA, 0xA1, 0x5E, 0x18, 0xB3, 0xD7, 0x48, 0x1F, 0x91,
    0x3C, 0x4E, 0xE4, 0x33, 0xD4, 0x06, 0x54, 0x2B, 0xD0, 0x6C, 0x80, 0x95, 0x00, 0xBD, 0x78, 0x80,
    0x6E, 0x03, 0x25, 0xE2, 0x69, 0xE6, 0xBC, 0x86, 0x51, 0x27, 0xBA, 0xA0, 0x23, 0xD6, 0x1B, 0xBF,
    0x63, 0x84, 0xFE, 0xD1, 0x94, 0xB7, 0xCA, 0x71, 0x47, 0x1E, 0x5D, 0xF6, 0x07, 0x42, 0x97, 0xD4,
    0x86, 0x4E, 0xD5, 0xBA, 0xA3, 0x74, 0xB2, 0x1D, 0x26, 0xE8, 0x25, 0xF6, 0xC3, 0x38, 0xCB, 0xC6,
    0x38, 0x75, 0x9F, 0xC1, 0x4D, 0xC0, 0x3A, 0x30, 0xFE, 0x7F, 0x6E, 0x24, 0xCD, 0xF4, 0xFF, 0x94,
    0x6C, 0xF7, 0x9A, 0xC9, 0x4C, 0x3A, 0xB4, 0xA9, 0x1B, 0xDA, 0x64, 0xDD, 0x5E, 0xE8, 0xD8, 0xA3,
    0x43, 0x8F, 0x09, 0xBD, 0xEB, 0x82, 0x0D, 0xE3, 0x64, 0x44, 0xA6, 0x6A, 0xFD, 0x2B, 0x00, 0xA0,
    0xF1, 0xA0, 0x3D, 0x74, 0x1E, 0x9E, 0x81, 0x9A, 0x00, 0xF7, 0x86, 0x99, 0x67, 0x0F, 0x76, 0x5D,
    0xD9, 0x20, 0x8A, 0x4E, 0x9C, 0x54, 0xE1, 0x8D, 0x32, 0xDB, 0x0F, 0x03, 0xDD, 0xE7, 0x89, 0xC3,
    0x2F, 0x23, 0x07, 0x7D, 0xE0, 0xED, 0xCE, 0xBD, 0x51, 0x5E, 0xDE, 0x5C, 0x8E, 0x6D, 0x42, 0x7E,
    0x3B, 0x97, 0xBF, 0x5C, 0x6E, 0xBC, 0xA1, 0x1F, 0xCF, 0xA0, 0xEC, 0xA2, 0x1E, 0x79, 0x74, 0xBD,
    0xD7, 0xAD, 0x81, 0x56, 0xA0, 0x9A, 0x79, 0xA3, 0x5C, 0x33, 0x5D, 0x11, 0xB7, 0x8F, 0xEC, 0x25,
    0xEC, 0x63, 0x37, 0x93, 0xF6, 0xD1, 0x4B, 0x19, 0x3F, 0xB5, 0xD1, 0x3A, 0x9D, 0xFA, 0xC1, 0xA2,
    0xFF, 0x38, 0xD1, 0xA3, 0x37, 0x47, 0x8F, 0x49, 0xB0, 0x27, 0x4D, 0xBC, 0xBB, 0x67, 0xAD, 0x4D,
    0x30, 0xB2, 0xBF, 0xDC, 0x9E, 0xD7, 0x9D, 0x3F, 0x91, 0xFC, 0x02, 0x44, 0x5C, 0x3D, 0xF5, 0x5E,
    0xE7, 0xED, 0xEC, 0xF0, 0x03, 0xAC, 0x03, 0x0B, 0xF4, 0x2F, 0xCB, 0xBA, 0x3F, 0xA3, 0x0B, 0xC7,
    0x68, 0x49, 0x54, 0x9B, 0x43, 0x45, 0xA8, 0x37, 0xC0, 0x0C, 0x5C, 0xD2, 0x03, 0x5A, 0xA0, 0x99,
    0x81, 0x63, 0xE0, 0x19, 0x94, 0x00, 0xED, 0xA1, 0x4A, 0xC0, 0xD5, 0x57, 0xEE, 0xEC, 0xE6, 0x34,
    0x51, 0xD0, 0x7E, 0x77, 0x72, 0x3D, 0xF6, 0xF2, 0x8C, 0xED, 0x07, 0xFA, 0xCF, 0xB2, 0x25, 0xD8,
    0xA1, 0xA1, 0x8B, 0xBF, 0xA2, 0x95, 0x19, 0x25, 0x03, 0xA0, 0x1D, 0x74, 0x0E, 0x7A, 0x50, 0x0B,
    0xD4, 0x11, 0x14, 0x6F, 0x90, 0x07, 0xA8, 0x09, 0xCC, 0x06, 0xD2, 0x87, 0x6A, 0xED, 0x82, 0x4A,
    0xED, 0xF0, 0xBA, 0x79, 0xB9, 0xE5, 0xAA, 0xD5, 0x84, 0x4A, 0x6C, 0x2A, 0x5B, 0xB9, 0x93, 0xD7,
    0xCF, 0x52, 0x89, 0x6A, 0x86, 0x15, 0x7A, 0x68, 0x3D, 0x38, 0x94, 0xC3, 0xB8, 0x4A, 0x68, 0x04,
    0xB5, 0xC1, 0x9A, 0x0F, 0xB5, 0x50, 0x2D, 0xD4, 0x73, 0x3E, 0xF4, 0x92, 0x5B, 0xD8, 0x7E, 0xC0,
    0x01, 0xAC, 0xF9, 0x8B, 0x26, 0x95, 0x6B, 0xC2, 0xFF, 0x65, 0x2C, 0xD0, 0x78, 0xE8, 0x67, 0x9A,
    0x55, 0x68, 0xD3, 0x48, 0x33, 0xDC, 0x2C, 0x09, 0x18, 0x47, 0x25, 0xE4, 0x90, 0x92, 0xC2, 0x5A,
    0x2A, 0x07, 0xE5, 0xA4, 0x9C, 0x93, 0x2B, 0x87, 0xE5, 0xB4, 0x52, 0xEA, 0xF1, 0xF7, 0x68, 0xA6,
    0xDE, 0xE9, 0x59, 0x86, 0x76, 0x1E, 0x87, 0x2A, 0xDE, 0x78, 0xED, 0x2C, 0x7E, 0x79, 0x15, 0x25,
    0x27, 0x70, 0x27, 0x41, 0xBB, 0xC0, 0xCD, 0x11, 0x7E, 0x68, 0x1D, 0x74, 0x1E, 0x74, 0xE0, 0x9A,
    0x44, 0x44, 0x52, 0x3D, 0xD9, 0xA4, 0xBD, 0x4E, 0xDD, 0xA0, 0xCB, 0xEF, 0x28, 0x57, 0xEF, 0xDA,
    0x60, 0xCB, 0xFF, 0x76, 0x8D, 0xEB, 0xC2, 0x03, 0x5A, 0x99, 0xCA, 0x3A, 0xC3, 0x83, 0x16, 0x90,
    0x5F, 0x38, 0xAA, 0xFF, 0xF8, 0x04, 0xEA, 0x4F, 0x37, 0x50, 0x1F, 0xCE, 0x00, 0x40, 0xF3, 0x68,
    0xA1, 0x92, 0x5E, 0xA8, 0x25, 0x8E, 0x0E, 0x71, 0xFD, 0x0E, 0x7A, 0x58, 0x19, 0x51, 0x2B, 0x92,
    0x65, 0x37, 0xEA, 0x85, 0x95, 0xFA, 0xE5, 0xFF, 0x24, 0x37, 0x46, 0xB9, 0x23, 0x7E, 0x94, 0x4E,
    0xFC, 0x9F, 0x6C, 0xCB, 0xD7, 0x66, 0xCA, 0x4F, 0x2D, 0xF6, 0x5E, 0x0F, 0x26, 0x76, 0x6E, 0xD7,
    0xA5, 0xDD, 0xAB, 0xD9, 0x75, 0x9B, 0x68, 0x87, 0xD6, 0xDB, 0xFC, 0xCD, 0xF4, 0xE0, 0xFC, 0x16,
    0xA3, 0xF1, 0xE7, 0x7F, 0xC7, 0x3F, 0x38, 0x6F, 0xC9, 0xAF, 0x9D, 0x07, 0x70, 0xFC, 0xF5, 0x76,
    0x1C, 0x5F, 0x3B, 0xAF, 0xFD, 0x30, 0xBE, 0x6C, 0xC5, 0xE9, 0xBC, 0x15, 0xBF, 0x66, 0x56, 0x69,
    0xC3, 0xB7, 0xBE, 0xDA, 0x86, 0x5F, 0x37, 0x8B, 0x77, 0xA1, 0x9E, 0xA1, 0x59, 0xA0, 0x5E, 0x80,
    0xC8, 0xF9, 0xC6, 0x51, 0x96, 0x7E, 0x2F, 0x00, 0x14, 0x60, 0x06, 0xE8, 0x3D, 0xD8, 0x50, 0x3E,
    0x73, 0x09, 0xB8, 0xBC, 0x75, 0x0E, 0x2B, 0x2B, 0xCC, 0x66, 0xA2, 0x8E, 0x7A, 0xA6, 0x0D, 0x76,
    0x41, 0xFB, 0x6D, 0xC7, 0xF3, 0xCF, 0x17, 0xCC, 0x8B, 0x5F, 0xCF, 0xE8, 0xAD, 0x4A, 0xE8, 0xB9,
    0x8E, 0xB4, 0xAB, 0x19, 0xE8, 0x64, 0x83, 0xA7, 0x7D, 0xFC, 0xDA, 0x83, 0x9E, 0xFA, 0xAB, 0x37,
    0x42, 0x3F, 0xD9, 0x65, 0x4C, 0x76, 0x36, 0xA9, 0x9D, 0x75, 0x6A, 0x26, 0x1D, 0x9B, 0xDC, 0xC9,
    0x93, 0xC9, 0xF7, 0xB0, 0xD7, 0xB1, 0xF3, 0x26, 0x58, 0x6F, 0x83, 0xFD, 0x97, 0x17, 0x53, 0x27,
    0xFF, 0x34, 0xB7, 0xAF, 0xFA, 0x3F, 0x75, 0x80, 0x36, 0x82, 0xF1, 0xD0, 0x03, 0x33, 0xE0, 0xDE,
    0x30, 0x13, 0xE0, 0x3E, 0x34, 0x32, 0xE4, 0x67, 0x77, 0x65, 0xE1, 0x8F, 0xAB, 0xF8, 0x46, 0x99,
    0xDF, 0x56, 0x8F, 0xF3, 0xDE, 0x26, 0x3F, 0x75, 0xDB, 0xDF, 0x67, 0xAE, 0xBF, 0x61, 0x1E, 0x79,
    0x7C, 0x93, 0x40, 0x07, 0xB0, 0xEE, 0xFC, 0xBC, 0xA1, 0x13, 0xBD, 0xD9, 0xBD, 0xDA, 0xB9, 0xDE,
    0x13, 0x6B, 0x5F, 0xCF, 0xDA, 0x55, 0xCB, 0x4D, 0xD4, 0x72, 0x0C, 0xDB, 0x04, 0x12, 0x61, 0xF4,
    0xD0, 0x3B, 0x38, 0x02, 0x16, 0x50, 0x13, 0xD4, 0x11, 0xB4, 0x07, 0x03, 0x1C, 0x02, 0xDF, 0xE5,
    0xEC, 0x75, 0x1B, 0xB0, 0x13, 0xAF, 0xB6, 0x85, 0x05, 0x31, 0x23, 0x00, 0xE6, 0xBD, 0x2F, 0xA0,
    0x7B, 0x21, 0x8E, 0x2E, 0xF6, 0x1E, 0xBB, 0x2B, 0x63, 0x9D, 0x8E, 0xF4, 0xF9, 0xFB, 0xF1, 0x25,
    0x3C, 0x42, 0x37, 0x20, 0x58, 0x94, 0xFC, 0x7A, 0xA5, 0x12, 0x99, 0xA8, 0x96, 0x71, 0xA0, 0x9E,
    0x81, 0x26, 0xC3, 0x2C, 0xE7, 0x7B, 0x50, 0x80, 0xEF, 0xF0, 0x8F, 0xD8, 0xE7, 0x33, 0xFD, 0x7B,
    0xCB, 0xFE, 0xBE, 0x70, 0x5D, 0xC5, 0x6F, 0xFA, 0x04, 0xFF, 0x1B, 0xCD, 0x9A, 0x31, 0x90, 0xDD,
    0xC6, 0x79, 0x80, 0xBF, 0x05, 0x64, 0x22, 0x36, 0x62, 0x2D, 0x8B, 0x64, 0xC6, 0x19, 0x8E, 0xB4,
    0x8D, 0x8B, 0x14, 0x16, 0x91, 0x22, 0x85, 0x32, 0x43, 0x72, 0xD7, 0x71, 0xA1, 0x42, 0x33, 0xB1,
    0x8A, 0xA4, 0x8E, 0x0B, 0xD7, 0x61, 0x8A, 0x14, 0x2A, 0x48, 0x01, 0x19, 0x17, 0x2E, 0x5C, 0x84,
    0x7D, 0x13, 0xF7, 0x8D, 0x3C, 0x19, 0x15, 0xCC, 0xCC, 0x49, 0x58, 0x99, 0x99, 0xB0, 0x48, 0x03,
    0x3B, 0x45, 0x0A, 0x17, 0x82, 0x12, 0xCD, 0xB8, 0x48, 0xA1, 0xF5, 0x18, 0x8E, 0x21, 0x1B, 0xC0,
    0x9F, 0xB7, 0xFF, 0x1C, 0xEE, 0xE5, 0xC4, 0x50, 0x11, 0x8F, 0x14, 0x2F, 0xFF, 0x60, 0xBF, 0x3D,
    0x82, 0x77, 0x0F, 0xFF, 0xB7, 0x6F, 0xDF, 0x62, 0x77, 0x1F, 0x38, 0x8D, 0x42, 0x16, 0xA0, 0x94,
    0x99, 0xB3, 0xE8, 0x03, 0x60, 0xA4, 0xD3, 0xF3, 0x11, 0xA8, 0x95, 0xB6, 0xCD, 0x6C, 0x9A, 0x01,
    0xB8, 0xEB, 0x46, 0x60, 0xB1, 0x09, 0x4C, 0xCA, 0x2C, 0xC7, 0xCC, 0x7A, 0xB0, 0x13, 0x58, 0x91,
    0x19, 0xBC, 0xF2, 0x2E, 0xE5, 0x02, 0x4B, 0x66, 0x31, 0x51, 0xAE, 0x54, 0x33, 0xB5, 0xE0, 0x25,
    0xF4, 0x12, 0xBD, 0x20, 0xD2, 0x01, 0xD0, 0x48, 0xD4, 0x02, 0xE0, 0xA6, 0xDF, 0x31, 0xB2, 0xBD,
    0x59, 0x4D, 0x6E, 0xB2, 0x43, 0x9D, 0x9A, 0xAE, 0x4E, 0x3E, 0x1C, 0x0A, 0x76, 0x6C, 0xB1, 0x43,
    0x8B, 0x1B, 0xDA, 0xD0, 0x0C, 0x7E, 0xE8, 0x27, 0x27, 0x32, 0x15, 0xEB, 0x9F, 0xEC, 0x2E, 0xE3,
    0x4D, 0xA0, 0x4C, 0x27, 0x9A, 0xFF, 0x04, 0xD0, 0x76, 0x97, 0xE7, 0xD5, 0x14, 0x23, 0xCD, 0x6B,
    0x03, 0x56, 0x02, 0xE5, 0xCC, 0x05, 0xDD, 0x2E, 0x27, 0xFB, 0x08, 0x98, 0x09, 0xA0, 0x1C, 0x95,
    0x83, 0x32, 0x85, 0x4C, 0x19, 0x00, 0xDE, 0x0B, 0x4F, 0x6C, 0xB3, 0xAD, 0x39, 0x33, 0x28, 0x72,
    0x99, 0xAE, 0x82, 0x24, 0x68, 0xBB, 0xFD, 0xF5, 0x6D, 0x46, 0x13, 0x81, 0x16, 0x30, 0x33, 0x40,
    0xE0, 0x34, 0x9A, 0x2D, 0x50, 0x88, 0x8C, 0xB8, 0xC9, 0xCD, 0xB4, 0xB1, 0x5C, 0x10, 0x8A, 0xAD,
    0x5C, 0x0F, 0xA8, 0x16, 0xCA, 0x8F, 0xB2, 0x24, 0xD9, 0x17, 0x97, 0xD1, 0x9C, 0xC3, 0xD5, 0x8C,
    0xFB, 0x2E, 0xE5, 0x86, 0x59, 0xA8, 0x87, 0x4A, 0x42, 0x1B, 0x8C, 0x36, 0xC6, 0x35, 0xE9, 0x80,
    0xBA, 0x03, 0x17, 0xC1, 0x07, 0x58, 0xD5, 0x1A, 0x83, 0x06, 0xD7, 0x3E, 0x01, 0x91, 0x50, 0x4E,
    0x6D, 0xB4, 0xD1, 0x47, 0xD7, 0x7D, 0x5D, 0x7F, 0xCB, 0x03, 0xED, 0x69, 0xF1, 0xE1, 0xAB, 0x34,
    0xC3, 0x1D, 0xAC, 0x24, 0x8A, 0x2D, 0xB0, 0xC7, 0x5D, 0xA0, 0x92, 0x0E, 0xDA, 0x0F, 0x12, 0xF4,
    0xAF, 0x27, 0x78, 0xB3, 0x18, 0x9F, 0x8F, 0xD1, 0x55, 0x60, 0x86, 0x5A, 0x40, 0xFA, 0xD1, 0x6C,
    0x6E, 0x64, 0xAA, 0xE2, 0x53, 0x18, 0x7D, 0x17, 0x30, 0x2B, 0x50, 0x08, 0x60, 0x36, 0x80, 0xFB,
    0x3C, 0x1F, 0x99, 0x1F, 0x42, 0xB9, 0x40, 0xB5, 0x68, 0x8D, 0x19, 0xB9, 0xB8, 0xC8, 0xF5, 0x9C,
    0xB5, 0xFF, 0xDE, 0x0C, 0xFE, 0x83, 0x09, 0x2A, 0x09, 0xC0, 0x04, 0xC0, 0xF3, 0xB1, 0xB9, 0x69,
    0x12, 0x7D, 0x7D, 0x28, 0x6F, 0x8F, 0xB8, 0x0D, 0x8A, 0x11, 0x08, 0x4F, 0x61, 0x74, 0x8B, 0x09,
    0x68, 0x5F, 0xCB, 0xD4, 0x9E, 0x46, 0xAD, 0x52, 0xE6, 0xBC, 0x15, 0x88, 0x6C, 0x21, 0x53, 0x26,
    0x68, 0xA6, 0x6B, 0xAB, 0x3A, 0x88, 0x4A, 0xB4, 0x1D, 0x6E, 0xC4, 0x47, 0x9A, 0x21, 0x33, 0xFF,
    0x90, 0x99, 0x8F, 0x56, 0xD9, 0x77, 0xF8, 0x8E, 0x3E, 0xE4, 0x43, 0xD0, 0x03, 0xB3, 0x62, 0x36,
    0x1D, 0x46, 0x36, 0x5C, 0xA2, 0x12, 0x23, 0x11, 0x2F, 0xB2, 0x42, 0x2B, 0x72, 0x8F, 0x63, 0x94,
    0xCA, 0xDB, 0x5F, 0x02, 0x2A, 0xF1, 0x99, 0xDB, 0x2D, 0xC0, 0xAC, 0x77, 0x32, 0x97, 0x77, 0x94,
    0x23, 0xB8, 0xFF, 0x5A, 0x40, 0xDB, 0x8A, 0x3C, 0xAC, 0x80, 0x1D, 0x6C, 0x82, 0x3C, 0xB4, 0x64,
    0x73, 0x25, 0x76, 0x84, 0x3C, 0xC0, 0x64, 0xBA, 0xCC, 0xD0, 0x0C, 0x90, 0x87, 0x19, 0x70, 0x2A,
    0x97, 0x07, 0xCE, 0xCF, 0x69, 0xDD, 0x7C, 0xDA, 0xDA, 0x8A, 0xE4, 0x96, 0x17, 0x19, 0x7C, 0xB4,
    0x99, 0x1D, 0x72, 0x31, 0xEB, 0x52, 0x9D, 0x55, 0x59, 0x8D, 0x55, 0x18, 0x70, 0x12, 0x33, 0x3A,
    0x28, 0x96, 0xAC, 0x3C, 0xAB, 0xB1, 0x0A, 0xAB, 0xAF, 0xEA, 0xAA, 0xAD, 0xCA, 0xAA, 0xAB, 0xAA,
    0xAA, 0xA9, 0x8A, 0xAA, 0xE7, 0x79, 0x4D, 0x0D, 0x27, 0x83, 0x32, 0x1E, 0xE5, 0x65, 0x51, 0xAE,
    0xD0, 0x24, 0xDE, 0x52, 0x79, 0x07, 0x6E, 0xE4, 0x05, 0x70, 0xC3, 0x8B, 0x40, 0x13, 0x5F, 0x01,
    0xBC, 0xAC, 0xCA, 0x05, 0x68, 0xBB, 0x13, 0xA0, 0x0F, 0xAF, 0x66, 0xF2, 0xC7, 0x80, 0x00, 0xCA,
    0x97, 0xB2, 0x3C, 0x37, 0xB2, 0xBC, 0x99, 0x28, 0x85, 0x6B, 0x63, 0x96, 0x97, 0x98, 0xE5, 0x05,
    0x34, 0x5A, 0x81, 0x5E, 0xF6, 0x7B, 0x1E, 0x46, 0x36, 0xAA, 0x51, 0xB0, 0xF1, 0x20, 0x10, 0x5A,
    0xFC, 0x95, 0x19, 0xDF, 0x76, 0xB4, 0x1F, 0x41, 0x1B, 0xC0, 0x77, 0x15, 0xCD, 0xF8, 0x57, 0xD4,
    0x92, 0x9B, 0xA2, 0x03, 0x9C, 0x49, 0x99, 0xAF, 0x8D, 0x80, 0xD5, 0x33, 0xC5, 0xCA, 0xE5, 0x39,
    0xDD, 0xA9, 0x22, 0x77, 0x5D, 0x87, 0xDF, 0xA0, 0x9E, 0x9E, 0xC2, 0x8B, 0xEF, 0xB2, 0xF7, 0x02,
    0x0A, 0xE1, 0x6C, 0x20, 0xE5, 0xFE, 0x25, 0xDA, 0x99, 0x7B, 0x50, 0x4D, 0x50, 0x2F, 0x50, 0xCD,
    0x50, 0x8C, 0x17, 0x35, 0xBC, 0x3C, 0x07, 0xEA, 0x08, 0xE0, 0x00, 0x68, 0x50, 0x7E, 0x13, 0xC0,
    0x0A, 0x64, 0xAD, 0x27, 0xF7, 0x29, 0xA4, 0xA3, 0x1C, 0xC0, 0x76, 0xA7, 0xE5, 0xFD, 0x40, 0x2D,
    0xDD, 0x69, 0x4F, 0x7C, 0x99, 0xFB, 0x80, 0x7F, 0xB0, 0x80, 0xDE, 0x48, 0xF6, 0x3B, 0x09, 0x33,
    0x1A, 0x97, 0xF8, 0x7E, 0xE6, 0x39, 0x86, 0xD8, 0x84, 0xB4, 0x03, 0xEE, 0x74, 0x36, 0x03, 0x4F,
    0xFB, 0x9E, 0xAA, 0x6F, 0x9D, 0x1D, 0xFB, 0x8F, 0x13, 0x7A, 0x01, 0xE6, 0x72, 0x38, 0x7F, 0xCB,
    0x4C, 0xB8, 0xA9, 0x5E, 0x68, 0x63, 0xB9, 0xEE, 0xB7, 0xCC, 0x72, 0xAE, 0x16, 0x8A, 0xF0, 0x3F,
    0x6F, 0x99, 0xA5, 0x6C, 0x4D, 0x52, 0xE0, 0xA7, 0x03, 0x5C, 0x52, 0xB8, 0x89, 0x66, 0xB4, 0x0B,
    0xBE, 0x2B, 0xE5, 0x9B, 0xEF, 0x61, 0x44, 0x26, 0xB8, 0x76, 0x9C, 0x4F, 0xB9, 0x00, 0x46, 0x46,
    0xB0, 0xBF, 0x5E, 0xC1, 0xFD, 0x24, 0x83, 0x13, 0x00, 0x13, 0xB8, 0xB2, 0x7D, 0x3B, 0xD0, 0x88,
    0x40, 0x5F, 0xAD, 0x98, 0xA5, 0x9C, 0x28, 0xE6, 0x03, 0xCA, 0x49, 0x51, 0x25, 0xCC, 0xEC, 0x86,
    0x9C, 0x63, 0xA0, 0xFE, 0xFB, 0x19, 0x6C, 0x04, 0xAC, 0x7C, 0x92, 0xA5, 0x24, 0x62, 0x33, 0x6E,
    0x51, 0x47, 0x7C, 0x70, 0x1D, 0x5E, 0x36, 0xB8, 0x22, 0x23, 0xC0, 0xF5, 0x6C, 0xE9, 0x6B, 0x1D,
    0xB4, 0x83, 0xF6, 0xA5, 0xE7, 0x22, 0x5D, 0xC6, 0x3B, 0x50, 0x7D, 0x38, 0x43, 0xA9, 0x79, 0xF4,
    0xE1, 0x8B, 0x57, 0xE5, 0x3B, 0x40, 0xB9, 0x64, 0xAC, 0xFB, 0x4F, 0x4C, 0xCF, 0xC7, 0x97, 0x2F,
    0x03, 0xF8, 0x0E, 0xE8, 0x23, 0xD0, 0x66, 0xBC, 0xCC, 0x17, 0x2B, 0xFD, 0xBC, 0xFA, 0x6E, 0xD8,
    0xD7, 0x52, 0x55, 0x02, 0x8A, 0x8C, 0x32, 0x02, 0x2F, 0x72, 0x16, 0xA6, 0x03, 0x6A, 0x80, 0x9B,
    0x00, 0xFE, 0x0C, 0x2F, 0x3D, 0x87, 0x36, 0xD8, 0xA3, 0x1A, 0x00, 0xB8, 0x3D, 0x03, 0x94, 0xAB,
    0x04, 0xA0, 0x9A, 0x5A, 0x4D, 0x7F, 0x70, 0x9C, 0x85, 0x48, 0xE7, 0x65, 0x44, 0xAB, 0x81, 0x66,
    0xA6, 0xDE, 0xB4, 0x89, 0xAA, 0x05, 0x9D, 0x14, 0xCD, 0xD0, 0x8C, 0xD4, 0x13, 0x34, 0x43, 0x3E,
    0x8F, 0x8F, 0x68, 0x25, 0x22, 0x09, 0x1D, 0xA9, 0x46, 0x74, 0x52, 0x39, 0x80, 0x04, 0x7C, 0x04,
    0x61, 0xAF, 0xDA, 0x0E, 0xB3, 0x41, 0x1F, 0x28, 0x36, 0x90, 0x40, 0x25, 0x14, 0x92, 0x33, 0x1E,
    0x9C, 0x24, 0x5A, 0x89, 0x8D, 0x24, 0x1E, 0x5D, 0x65, 0x4D, 0x8F, 0xAC, 0xB2, 0xF8, 0x21, 0x50,
    0x8F, 0x80, 0x0C, 0x7B, 0xC7, 0xF2, 0x8A, 0xEE, 0x0C, 0xAF, 0xCF, 0xD0, 0xEA, 0x94, 0x65, 0xD4,
    0x69, 0x9E, 0x0F, 0x6C, 0xB4, 0xB0, 0xD2, 0x63, 0x96, 0x03, 0x8A, 0x85, 0x8D, 0x72, 0x66, 0x3D,
    0xC0, 0xAC, 0xD8, 0xA5, 0xDC, 0xE8, 0xE5, 0xB6, 0x44, 0xC5, 0xA7, 0xDA, 0xC2, 0xCD, 0xD4, 0x2B,
    0x58, 0x6D, 0x84, 0x52, 0x72, 0x44, 0xAD, 0x72, 0xFE, 0x8F, 0xB4, 0xC5, 0x88, 0xB6, 0xC5, 0xF0,
    0x8C, 0xDA, 0xE2, 0x3B, 0x40, 0x75, 0x66, 0x2B, 0xBB, 0xAD, 0x11, 0x81, 0x42, 0xB6, 0x73, 0xB6,
    0x6D, 0xB6, 0xED, 0x9F, 0xD8, 0xB6, 0x1A, 0x46, 0xDC, 0x2F, 0x12, 0x37, 0xFF, 0x31, 0x71, 0xA3,
    0x1D, 0xF8, 0x46, 0x13, 0x00, 0xE8, 0xB5, 0x25, 0x22, 0x6E, 0x01, 0x3B, 0xA1, 0x86, 0x6E, 0x84,
    0x66, 0x44, 0xC5, 0x7C, 0xCC, 0x45, 0x7D, 0xB2, 0x0C, 0x82, 0x16, 0x23, 0xA8, 0x58, 0x25, 0x64,
    0x25, 0x2D, 0xDC, 0x7D, 0x91, 0x42, 0x1C, 0xE5, 0xCF, 0xDE, 0xA6, 0x7C, 0xB8, 0x52, 0xFC, 0x78,
    0x02, 0x13, 0xC0, 0x05, 0x0A, 0x81, 0x4A, 0xD0, 0x36, 0x61, 0xD5, 0x92, 0xD3, 0xCE, 0x59, 0xE7,
    0xA4, 0xB5, 0xD8, 0x05, 0x7A, 0x09, 0x5A, 0x34, 0xDC, 0xBE, 0xBF, 0xF4, 0x8C, 0xF3, 0x04, 0x23,
    0x4B, 0x21, 0x4B, 0x4E, 0xCE, 0x85, 0x42, 0xA8, 0x44, 0x13, 0x5B, 0xF3, 0x61, 0x96, 0x9C, 0x54,
    0x39, 0xE7, 0xC3, 0x2E, 0x39, 0x99, 0x9C, 0x8F, 0x33, 0x23, 0x4E, 0xB7, 0x85, 0x74, 0x26, 0xF1,
    0xAC, 0x53, 0x32, 0xE9, 0xBA, 0x99, 0xEE, 0x22, 0x33, 0xCD, 0xBD, 0x27, 0xC8, 0xEA, 0x59, 0x36,
    0xCA, 0xC9, 0x63, 0x76, 0x79, 0xAE, 0x04, 0xDC, 0x80, 0x1F, 0x75, 0x60, 0xE8, 0x3E, 0x7F, 0x72,
    0xE5, 0x48, 0x15, 0xA9, 0x0F, 0xC7, 0x10, 0x2A, 0x89, 0x66, 0x03, 0xBE, 0x0B, 0x66, 0x85, 0xF2,
    0xF4, 0xFA, 0xDC, 0x7F, 0xE6, 0x0D, 0xF9, 0x64, 0x8D, 0xD7, 0xCA, 0x80, 0xE4, 0x4A, 0xAF, 0x6D,
    0x57, 0xBD, 0x7C, 0x3D, 0x6B, 0x06, 0x76, 0xD2, 0x24, 0x74, 0x1D, 0xAB, 0x15, 0x7E, 0xD0, 0xAC,
    0x74, 0xDD, 0xA9, 0x95, 0x1F, 0x34, 0x27, 0x1F, 0x35, 0xAD, 0xE3, 0x07, 0x1F, 0xD1, 0x13, 0x46,
    0x8A, 0xA8, 0x29, 0xDA, 0xA8, 0x59, 0xBA, 0xF7, 0x17, 0xF0, 0xF2, 0x81, 0x4C, 0xB9, 0xFA, 0xA9,
    0x04, 0x72, 0xEB, 0x7E, 0x05, 0xDC, 0xE0, 0x3B, 0xFC, 0xD8, 0x46, 0x9A, 0xD1, 0x47, 0xEA, 0xEE,
    0xE5, 0xEC, 0x51, 0x80, 0x0B, 0xD7, 0x29, 0xA4, 0x5E, 0xA9, 0xC4, 0x2E, 0x98, 0xAD, 0x5C, 0x60,
    0x55, 0x94, 0xF3, 0xE9, 0x8D, 0x24, 0xA3, 0x9C, 0xAB, 0x74, 0x40, 0x9D, 0xB0, 0x8B, 0x1D, 0xE9,
    0xE5, 0xDB, 0x43, 0x46, 0x84, 0xAB, 0x2E, 0xC2, 0x8F, 0x9A, 0x40, 0x91, 0x3C, 0x98, 0x4F, 0x16,
    0xA0, 0x1D, 0xD8, 0xC3, 0x4C, 0xC0, 0xB5, 0x0D, 0x74, 0xD2, 0x69, 0x56, 0x37, 0xB0, 0x6F, 0x37,
    0xED, 0xA3, 0x4F, 0x06, 0x7E, 0xCA, 0x18, 0x33, 0xE2, 0x8E, 0x56, 0xD1, 0xA1, 0xAA, 0x20, 0x9C,
    0xC2, 0x08, 0xD9, 0x39, 0x63, 0x85, 0x3A, 0x67, 0xDB, 0x96, 0x33, 0xB4, 0x75, 0xCA, 0xDA, 0x11,
    0xEA, 0x95, 0x63, 0x06, 0x09, 0x70, 0x1B, 0x18, 0x69, 0x23, 0xC5, 0xD2, 0x44, 0xCC, 0x58, 0x77,
    0xC0, 0x1B, 0x40, 0xB5, 0x0F, 0xFE, 0x46, 0xCE, 0xAE, 0xE6, 0xC3, 0x8E, 0x16, 0xA0, 0x07, 0xD8,
    0xCE, 0xB0, 0x02, 0x66, 0x01, 0x8A, 0x05, 0x4C, 0x39, 0xC1, 0x8B, 0x65, 0x82, 0x5B, 0xD5, 0x00,
    0xCD, 0xDB, 0x1D, 0xD4, 0x9F, 0x00, 0x88, 0xFC, 0x58, 0xA6, 0x03, 0xBF, 0x77, 0x60, 0xB3, 0x20,
    0x01, 0x9B, 0x8A, 0x19, 0x5C, 0xAA, 0x07, 0x70, 0xA3, 0x0F, 0xD0, 0x0C, 0x0B, 0xE0, 0x1F, 0xA6,
    0xB3, 0xA5, 0x42, 0x2B, 0x0B, 0xD0, 0xFF, 0x72, 0xCD, 0x7C, 0x5F, 0x00, 0x51, 0x79, 0xC1, 0x47,
    0xCC, 0x46, 0x33, 0x66, 0x71, 0x9B, 0xA8, 0x04, 0x37, 0xE3, 0xE5, 0x27, 0x22, 0xB4, 0x87, 0x4B,
    0x09, 0x7B, 0x5C, 0x55, 0x2E, 0xCA, 0x55, 0x79, 0x47, 0xF9, 0x0E, 0x40, 0x11, 0xE1, 0xDC, 0x6F,
    0x9A, 0x91, 0x9C, 0x07, 0x20, 0x19, 0xED, 0xA7, 0x6E, 0x83, 0x21, 0xE3, 0xDB, 0x12, 0x68, 0xED,
    0x01, 0x7D, 0xB6, 0xDD, 0x6C, 0x77, 0xC0, 0x1D, 0x40, 0x66, 0x74, 0xCD, 0x40, 0xB1, 0xE8, 0x56,
    0xB6, 0x8F, 0x07, 0xB8, 0x84, 0x9D, 0xEB, 0x85, 0x5E, 0xBC, 0x64, 0x6C, 0x68, 0x60, 0xC2, 0xBE,
    0x16, 0xB3, 0x03, 0x50, 0xC5, 0x8C, 0x70, 0x36, 0x89, 0x01, 0x2A, 0xF9, 0xA5, 0x8C, 0xF5, 0x01,
    0x83, 0x91, 0xB0, 0x82, 0x94, 0x23, 0x6C, 0x2E, 0x1C, 0x70, 0x02, 0x46, 0xD6, 0xD3, 0xBE, 0x52,
    0x2E, 0x8F, 0xBD, 0x90, 0xBE, 0xAA, 0xCD, 0x68, 0x3A, 0xE0, 0xBD, 0xBD, 0x03, 0x12, 0x38, 0x4E,
    0x4F, 0x4E, 0xD1, 0x1C, 0xE7, 0x6E, 0x8A, 0xBD, 0x21, 0x3E, 0xDD, 0x01, 0xFB, 0x47, 0x3A, 0xE0,
    0x5F, 0x9B, 0x0D, 0x52, 0xB1, 0x51, 0xC5, 0x52, 0x68, 0x83, 0x17, 0x7D, 0x13, 0x64, 0xF9, 0x8C,
    0xFD, 0xE2, 0xAB, 0x50, 0x8C, 0x70, 0x7B, 0x00, 0x89, 0xE0, 0xF7, 0xD2, 0xE9, 0xAF, 0x6A, 0x69,
    0x81, 0x1E, 0xF8, 0x7C, 0xF7, 0xAF, 0x2F, 0x5E, 0xE5, 0x38, 0x3D, 0x4D, 0x19, 0x8F, 0x9D, 0x9E,
    0x5E, 0xA5, 0x18, 0xB3, 0x98, 0xEC, 0xFB, 0x82, 0x79, 0xA8, 0x09, 0xF9, 0x68, 0x55, 0xE8, 0xB3,
    0xC7, 0x48, 0x30, 0x60, 0x23, 0x76, 0xD0, 0xC1, 0x3C, 0xF0, 0x0D, 0x00, 0x15, 0x0B, 0xF9, 0xE3,
    0x33, 0xD2, 0x4C, 0xD5, 0x80, 0x4D, 0x75, 0xC4, 0xA5, 0x3A, 0xE0, 0xC6, 0xAF, 0x3E, 0x03, 0xBB,
    0xE3, 0x1B, 0xF2, 0x06, 0xF2, 0x20, 0xE1, 0x1F, 0x0C, 0xF8, 0x87, 0x11, 0xFF, 0x83, 0x80, 0xFF,
    0xB3, 0x2F, 0xE8, 0x0D, 0xC9, 0x23, 0x78, 0x3D, 0x1C, 0xE0, 0x12, 0x6D, 0x46, 0xDF, 0xD5, 0x03,
    0x7D, 0x30, 0x4F, 0x98, 0xF2, 0x67, 0xF5, 0xA1, 0xAB, 0xF4, 0xC5, 0xC4, 0x56, 0x2D, 0xAC, 0xE5,
    0xCA, 0x5A, 0xCC, 0x66, 0x21, 0x5C, 0x34, 0xE5, 0x0D, 0xF0, 0xBA, 0x16, 0x98, 0xA1, 0x91, 0x98,
    0xD1, 0xC1, 0xEF, 0x3D, 0x49, 0x1F, 0xFA, 0x23, 0xAE, 0x24, 0xFA, 0x91, 0x7E, 0xA0, 0x89, 0x7A,
    0xFC, 0x13, 0x7E, 0xA1, 0x5F, 0x9C, 0x0C, 0xAD, 0xF0, 0x96, 0x70, 0x75, 0xE3, 0xD8, 0x3D, 0x16,
    0xEA, 0x95, 0x56, 0xBA, 0xC3, 0x01, 0x70, 0x1D, 0x8D, 0x56, 0xC9, 0xAA, 0x2C, 0x27, 0x00, 0x6C,
    0x07, 0xC0, 0x0B, 0x1C, 0xA3, 0x4F, 0x94, 0x92, 0xE8, 0x67, 0x5D, 0x19, 0xBB, 0x15, 0x1D, 0x77,
    0x05, 0xDE, 0x05, 0x27, 0x1D, 0x27, 0xB9, 0x1A, 0x58, 0xA0, 0xF1, 0x89, 0x19, 0x6E, 0xB9, 0x85,
    0x09, 0x6E, 0xD6, 0x9B, 0x49, 0x70, 0xA7, 0x94, 0x22, 0xC1, 0x89, 0x91, 0x07, 0x23, 0x2C, 0xF4,
    0xFF, 0x31, 0xC2, 0x8C, 0xFF, 0xED, 0x00, 0x13, 0x56, 0x22, 0x26, 0x51, 0x4B, 0xA4, 0xC8, 0xD7,
    0xE9, 0xA8, 0x67, 0xD0, 0x09, 0x37, 0xB4, 0x81, 0x76, 0x83, 0x06, 0x80, 0x9B, 0xEC, 0x83, 0xCF,
    0xB2, 0xA7, 0x9B, 0x93, 0x3D, 0xA6, 0x5A, 0x7D, 0x7F, 0xA1, 0x90, 0x56, 0x28, 0x45, 0x57, 0x16,
    0xA1, 0x3D, 0xE0, 0x6C, 0xAE, 0xBD, 0x22, 0xA7, 0x73, 0xED, 0x85, 0xF5, 0x80, 0xE2, 0xFC, 0x5C,
    0xBB, 0x91, 0xC8, 0xE5, 0x8B, 0x72, 0x8C, 0x2F, 0x29, 0xF7, 0x53, 0x4D, 0x07, 0x80, 0x0D, 0x70,
    0xB6, 0x4C, 0xE7, 0x6F, 0xD8, 0xE3, 0x99, 0x35, 0xC1, 0x71, 0x7C, 0xAA, 0x86, 0x8C, 0x04, 0x94,
    0xE3, 0xA3, 0xE3, 0xD3, 0x3E, 0xDF, 0x28, 0x96, 0x46, 0xAB, 0xAD, 0xEF, 0x00, 0xDA, 0x19, 0x80,
    0xBA, 0x03, 0xC0, 0xFC, 0x7F, 0xEB, 0x44, 0x26, 0xD5, 0xF1, 0xF4, 0x4E, 0xA7, 0x09, 0x6B, 0xBA,
    0x75, 0xF7, 0x2C, 0x5B, 0x50, 0x9D, 0x6D, 0x97, 0x11, 0xCF, 0xEE, 0xCD, 0x00, 0xAF, 0x5E, 0xF9,
    0xE7, 0x95, 0x42, 0xDE, 0x96, 0x50, 0xCA, 0x3B, 0x6D, 0x87, 0x74, 0xBE, 0xA3, 0xE7, 0x00, 0xC9,
    0x29, 0x6E, 0xF4, 0xA7, 0xD7, 0xD0, 0x97, 0xCF, 0xA8, 0xD7, 0x42, 0x68, 0xE5, 0xEF, 0xF2, 0x27,
    0xFA, 0x2F, 0x9F, 0x53, 0xF7, 0xAC, 0xB4, 0x09, 0x29, 0xFE, 0xD7, 0x26, 0xF4, 0x68, 0x68, 0x65,
    0xBA, 0xBB, 0xA8, 0xE9, 0xA2, 0xD5, 0xCF, 0x13, 0x90, 0xFF, 0xEC, 0xF1, 0xED, 0x78, 0x7E, 0xE1,
    0x7B, 0xBE, 0x1D, 0xCD, 0x82, 0x5D, 0x8A, 0x85, 0x5E, 0xBE, 0x95, 0x51, 0x4E, 0x40, 0x99, 0xE0,
    0xCB, 0xD5, 0x08, 0x77, 0x6D, 0x04, 0x7F, 0x3B, 0x80, 0x9B, 0x39, 0x0B, 0x2F, 0x01, 0x68, 0x95,
    0x1C, 0x77, 0x51, 0x6A, 0x91, 0x0E, 0xFC, 0xBD, 0xDB, 0x23, 0x66, 0xA5, 0x9E, 0x28, 0x0F, 0xC7,
    0x82, 0x1D, 0x29, 0x56, 0x9C, 0x4E, 0xF7, 0x7C, 0x04, 0xC1, 0x77, 0xA0, 0x2D, 0xCF, 0xA6, 0x93,
    0xFE, 0x35, 0xB3, 0x58, 0x68, 0x3B, 0xCA, 0x19, 0x1F, 0xA9, 0x52, 0xA6, 0x1D, 0x70, 0x09, 0x1F,
    0xA8, 0xD7, 0x2B, 0x2B, 0x18, 0x91, 0x11, 0x70, 0x1B, 0xF0, 0xC8, 0xB3, 0x14, 0xD7, 0x66, 0x90,
    0xBC, 0x82, 0x6A, 0xA3, 0xED, 0xDC, 0xD8, 0x04, 0x9B, 0x3C, 0xF5, 0xA1, 0x54, 0xA9, 0x0D, 0xD5,
    0xE8, 0xBB, 0x3A, 0xFA, 0xFC, 0x3F, 0xD3, 0x5B, 0x1C, 0x77, 0x7B, 0x6F, 0x96, 0x11, 0xB8, 0x65,
    0x33, 0x1B, 0x01, 0x72, 0xD2, 0x97, 0xE7, 0xE4, 0x8E, 0xCF, 0x51, 0x50, 0xCC, 0x5C, 0xDC, 0xCB,
    0x84, 0x37, 0x80, 0xFA, 0x41, 0x02, 0xEC, 0x83, 0x21, 0xF3, 0xB5, 0x98, 0x59, 0x07, 0xE0, 0x1B,
    0xFB, 0x50, 0x72, 0x79, 0xA6, 0xBC, 0x71, 0x95, 0xF2, 0xC3, 0x89, 0xF2, 0xA7, 0x89, 0xEA, 0xC1,
    0x48, 0xFD, 0xAD, 0xC8, 0x8B, 0x15, 0xC0, 0x53, 0x58, 0xDF, 0x16, 0xC9, 0x0A, 0xB5, 0xE4, 0x88,
    0xD9, 0x44, 0xA8, 0x07, 0x56, 0xEA, 0x8D, 0x62, 0x2C, 0x13, 0xE5, 0x0A, 0x21, 0xFB, 0x2C, 0x0C,
    0x6A, 0xB4, 0x94, 0x51, 0x97, 0x21, 0xFA, 0xEB, 0x1D, 0xE4, 0x3A, 0x7B, 0x4D, 0x75, 0xA7, 0x66,
    0xA9, 0xD4, 0xBA, 0x48, 0x65, 0xA0, 0xEF, 0x28, 0x13, 0xD0, 0x46, 0xAA, 0x91, 0x22, 0xAA, 0x21,
    0x55, 0x97, 0x1D, 0x07, 0x9C, 0x8E, 0x18, 0xC9, 0xAC, 0x18, 0xC9, 0x31, 0x43, 0x93, 0xEB, 0x94,
    0x5D, 0xEA, 0x15, 0x44, 0x7A, 0xE9, 0x0E, 0x3E, 0x8B, 0xE6, 0x9D, 0xDC, 0x70, 0x70, 0x1A, 0xDD,
    0xE8, 0xA9, 0x63, 0x1F, 0x3C, 0xD5, 0xCF, 0x46, 0x0E, 0x66, 0x2B, 0x1C, 0xDC, 0x74, 0xA5, 0x6C,
    0x47, 0x13, 0xDD, 0xD4, 0xCE, 0xD7, 0xBA, 0x5A, 0x7E, 0x23, 0x5B, 0x76, 0x6C, 0xC7, 0xE3, 0x00,
    0xEF, 0x22, 0xFB, 0x72, 0x86, 0x95, 0x7D, 0x26, 0x8B, 0x09, 0xEC, 0xD1, 0x8B, 0x74, 0xC7, 0x2F,
    0x83, 0xAB, 0x15, 0x6C, 0x32, 0x1B, 0xB8, 0x84, 0x80, 0x1B, 0xD9, 0xA0, 0x19, 0xCC, 0x0A, 0x3E,
    0x96, 0x4B, 0xE6, 0xED, 0x04, 0xAD, 0x48, 0xA7, 0x7F, 0xCB, 0x81, 0x41, 0x57, 0x6A, 0x59, 0xF9,
    0xF3, 0xAD, 0xD7, 0xCA, 0x01, 0xEA, 0x11, 0x4D, 0xCE, 0x03, 0xF3, 0x71, 0xA1, 0x52, 0xFD, 0x60,
    0x2A, 0xA4, 0x5D, 0x4A, 0xF9, 0xF7, 0x05, 0xF9, 0xDB, 0x19, 0x29, 0xEE, 0xB1, 0x81, 0x59, 0x4F,
    0xA7, 0x9F, 0xA7, 0xC5, 0xAE, 0xD0, 0x4B, 0x77, 0x28, 0xE1, 0xF9, 0x18, 0x5C, 0x60, 0xC5, 0x39,
    0xB0, 0xC7, 0x85, 0xCD, 0x00, 0x03, 0xD8, 0x08, 0x76, 0x80, 0x2A, 0x42, 0x1D, 0xE0, 0x15, 0xF6,
    0xB8, 0x69, 0x12, 0xD0, 0xBF, 0x3E, 0x65, 0x7E, 0x9C, 0x00, 0xBB, 0x01, 0xE8, 0x69, 0xE0, 0x12,
    0xDF, 0x65, 0xC7, 0x7D, 0xFD, 0x32, 0xD0, 0x7F, 0x3C, 0x53, 0x49, 0x07, 0xF7, 0x9F, 0xB6, 0x2D,
    0x6C, 0x66, 0xD3, 0x01, 0x2D, 0xC0, 0xB2, 0xCF, 0x7B, 0x0C, 0xA7, 0x61, 0xFA, 0x0F, 0x47, 0x9C,
    0x48, 0xA2, 0x1D, 0xDA, 0x2C, 0x56, 0x25, 0x23, 0x98, 0xE9, 0x00, 0x7E, 0x64, 0x64, 0x00, 0x64,
    0x0B, 0xE0, 0x65, 0x86, 0x5A, 0x24, 0x64, 0xC3, 0x01, 0x8C, 0xA4, 0x1B, 0xD0, 0x24, 0xFD, 0x26,
    0xD2, 0x77, 0xD8, 0xB1, 0x19, 0x69, 0xA2, 0x5B, 0x8D, 0x04, 0x2B, 0xB2, 0x50, 0x3F, 0x94, 0x7B,
    0x40, 0xDD, 0x81, 0x3D, 0x5D, 0x78, 0xBC, 0x07, 0xC5, 0x74, 0xEC, 0xB7, 0xB7, 0x7F, 0x1E, 0x0A,
    0x91, 0xAE, 0xCA, 0xCF, 0x7C, 0x0D, 0x65, 0x57, 0x4F, 0x50, 0xC9, 0x88, 0x91, 0x8D, 0xAB, 0x57,
    0xA4, 0x7B, 0x87, 0x26, 0xDE, 0xC1, 0x75, 0xFE, 0x5E, 0x8B, 0x97, 0x95, 0x97, 0xFA, 0xE1, 0xDC,
    0x46, 0x91, 0x3B, 0xB7, 0x51, 0x64, 0xA6, 0x3A, 0x3E, 0x1F, 0xA3, 0xAB, 0xC0, 0x7D, 0xA8, 0x25,
    0xD0, 0xBF, 0x9D, 0xD8, 0x6C, 0x62, 0x2E, 0x87, 0x0B, 0x1A, 0x7D, 0x91, 0xE9, 0xFE, 0x4B, 0x4E,
    0xD7, 0x02, 0xF8, 0x04, 0xB0, 0x00, 0x61, 0x06, 0x64, 0x02, 0xDA, 0x7B, 0x17, 0x4C, 0xF8, 0x06,
    0x20, 0x11, 0xCA, 0x84, 0x39, 0x94, 0x42, 0x06, 0x4C, 0x1F, 0x80, 0x3B, 0xC5, 0x08, 0x62, 0x13,
    0x48, 0x3F, 0x9E, 0xBE, 0x3F, 0xF9, 0x14, 0x3C, 0xA7, 0xCE, 0x96, 0x3F, 0xD9, 0xF9, 0x73, 0x9D,
    0x1F, 0x5F, 0xAA, 0x37, 0x8E, 0x9F, 0xE8, 0x8B, 0x99, 0x1A, 0x11, 0x59, 0xA8, 0x0E, 0xDC, 0xB0,
    0x83, 0x8F, 0x2D, 0xB7, 0x68, 0x3B, 0x1B, 0xBE, 0x46, 0xDF, 0x7D, 0x09, 0x50, 0x69, 0x84, 0x33,
    0x9A, 0x0D, 0xA0, 0x50, 0x16, 0x2B, 0x40, 0xB9, 0x1C, 0x59, 0x2D, 0xCA, 0xF9, 0x38, 0x17, 0xB2,
    0xCA, 0x7E, 0x23, 0x1B, 0x0A, 0xEC, 0xA3, 0x54, 0x3B, 0x1C, 0xEF, 0x3A, 0xDF, 0xCC, 0x34, 0x32,
    0x72, 0x76, 0x41, 0xE0, 0x77, 0xE1, 0xE4, 0x74, 0x7F, 0xA4, 0x95, 0x74, 0x38, 0x6C, 0x22, 0x1F,
    0x23, 0x76, 0xC8, 0x87, 0xD3, 0xB5, 0xB3, 0xEF, 0xF0, 0x0F, 0xF1, 0x1B, 0x2E, 0x61, 0xA1, 0x99,
    0x60, 0x81, 0x13, 0xFA, 0x99, 0x66, 0xD8, 0x97, 0x3A, 0xFA, 0xE1, 0x41, 0xB7, 0x3B, 0xA1, 0xF9,
    0x84, 0x7D, 0x89, 0x74, 0x8C, 0xCB, 0x68, 0x07, 0xF2, 0xEB, 0x7A, 0xE0, 0x16, 0x70, 0xE3, 0x20,
    0xFC, 0x26, 0x9C, 0x8C, 0xFB, 0x6E, 0x4A, 0x96, 0xD6, 0x62, 0x13, 0x68, 0x19, 0xC9, 0xDA, 0xB9,
    0x64, 0xF7, 0x2C, 0x9F, 0xED, 0xB3, 0x7E, 0xF6, 0xC7, 0x8D, 0x8F, 0xB7, 0xF8, 0x43, 0xFA, 0xEE,
    0xCA, 0x79, 0x8B, 0xDF, 0x97, 0x3F, 0x07, 0x7A, 0x59, 0x76, 0x3E, 0x6A, 0xB1, 0xE7, 0x3F, 0x1F,
    0xF3, 0x6F, 0xE6, 0x3D, 0xFF, 0xCC, 0xFF, 0xF3, 0x9D, 0xEA, 0x25, 0x1F, 0x9F, 0x7E, 0xA7, 0x46,
    0xA0, 0xF9, 0x56, 0x07, 0xF4, 0x0F, 0x23, 0xF0, 0xEB, 0xFF, 0xCC, 0xFC, 0x85, 0x04, 0x20, 0xBD,
    0x7B, 0x5C, 0x24, 0x8C, 0x56, 0xBA, 0x03, 0x9D, 0x74, 0xB5, 0xAE, 0x36, 0xAA, 0x85, 0x22, 0xE5,
    0xA4, 0xCA, 0xA4, 0xF3, 0xCB, 0x11, 0x7B, 0xE0, 0xA0, 0xF7, 0x99, 0x98, 0x59, 0x47, 0xDC, 0x88,
    0x8D, 0x34, 0x03, 0xB6, 0xC3, 0x1F, 0x18, 0xF0, 0x11, 0x47, 0xA6, 0x57, 0xDE, 0x25, 0x9F, 0x5F,
    0xC0, 0x4D, 0x55, 0x82, 0x5A, 0x24, 0x02, 0xFD, 0x27, 0xEA, 0x3B, 0x26, 0xDC, 0x94, 0xB8, 0xF5,
    0x6E, 0xE2, 0xA6, 0x1F, 0x79, 0xC5, 0x75, 0x00, 0xED, 0xE4, 0x97, 0x3E, 0xF9, 0xD9, 0xA5, 0x7A,
    0xB6, 0xA9, 0x9A, 0xEC, 0x58, 0x25, 0x3B, 0xD4, 0xC9, 0x45, 0x9B, 0x9A, 0x68, 0xC7, 0x26, 0xBA,
    0xC1, 0x47, 0x3F, 0xF8, 0xF7, 0x3F, 0x9E, 0x1A, 0x79, 0x7B, 0xAE, 0x3F, 0xF5, 0xB0, 0x59, 0x2B,
    0x00, 0xBD, 0x5C, 0xA2, 0xD9, 0xFE, 0xC4, 0x9B, 0x93, 0xF8, 0x74, 0x46, 0x77, 0xEA, 0x0E, 0x78,
    0xD7, 0x05, 0xC0, 0x6F, 0x00, 0xF5, 0x47, 0x97, 0xE8, 0xE5, 0x4C, 0xCA, 0xCF, 0xBE, 0xED, 0xDF,
    0x11, 0x3E, 0x9D, 0x5B, 0x31, 0x03, 0x58, 0x01, 0xB8, 0x6E, 0x01, 0x6E, 0x28, 0x6F, 0x5E, 0x07,
    0x68, 0x16, 0xB5, 0x1D, 0x2F, 0xD1, 0x96, 0x16, 0x0A, 0x89, 0x54, 0x0F, 0x06, 0xEA, 0x3F, 0x1D,
    0xB0, 0xDF, 0x8F, 0x54, 0xBA, 0xD8, 0x7B, 0x4A, 0x73, 0x13, 0x02, 0x60, 0x1F, 0x0E, 0x99, 0xAF,
    0x47, 0xC0, 0xD9, 0x0E, 0x78, 0x45, 0xFD, 0x5F, 0x7D, 0x09, 0x8D, 0xCB, 0x34, 0xCF, 0x0B, 0xBE,
    0x34, 0xA3, 0x8B, 0xBE, 0x1F, 0x27, 0xAA, 0xEF, 0x45, 0xEA, 0x32, 0x00, 0x17, 0x35, 0xBF, 0x04,
    0x93, 0x15, 0xCE, 0x6D, 0x88, 0x72, 0x47, 0xF9, 0xD6, 0x0B, 0x00, 0x7E, 0x01, 0xB0, 0x1F, 0x3D,
    0xB1, 0x4D, 0x7F, 0xB0, 0x79, 0x17, 0x48, 0x60, 0x72, 0x99, 0x8F, 0x5F, 0x24, 0x73, 0x8C, 0x13,
    0xE0, 0xF8, 0xE4, 0x1D, 0xAD, 0xAE, 0x09, 0x40, 0xAC, 0xD6, 0xDC, 0x2F, 0x07, 0xCE, 0xA2, 0x95,
    0x28, 0x12, 0x64, 0xE9, 0x4F, 0xEB, 0x66, 0xA5, 0xD5, 0x87, 0x76, 0x26, 0xFC, 0x88, 0xED, 0x6C,
    0xFE, 0x07, 0x8E, 0x7A, 0xC2, 0x8D, 0xDC, 0xA2, 0x9A, 0xF1, 0x89, 0x13, 0xAA, 0x85, 0x36, 0xA1,
    0xAB, 0x7E, 0x49, 0x45, 0x3A, 0xD4, 0xE6, 0xB7, 0x53, 0x19, 0x29, 0xD7, 0xF2, 0xDF, 0x66, 0x9B,
    0x3F, 0xA0, 0xF5, 0xC3, 0xC5, 0x81, 0xD9, 0x6C, 0xB9, 0xDC, 0x02, 0xE4, 0x7A, 0xB9, 0xDC, 0x01,
    0xE4, 0x46, 0xB1, 0x4E, 0x80, 0xCC, 0x85, 0x24, 0xA0, 0x4F, 0xA7, 0x5F, 0x3E, 0x0E, 0x48, 0x97,
    0xEB, 0x88, 0xC0, 0x31, 0xEE, 0xA2, 0x2A, 0xDD, 0xF1, 0x5B, 0xC2, 0xD7, 0x32, 0xEF, 0x16, 0x09,
    0x34, 0xFA, 0xA5, 0x91, 0x5A, 0x24, 0x73, 0x6B, 0xC6, 0x7A, 0x2E, 0x92, 0x1B, 0xEC, 0x54, 0xE6,
    0xB6, 0x9B, 0xEB, 0xBC, 0x19, 0x30, 0x5B, 0xEA, 0xF4, 0x0F, 0xCB, 0x0D, 0xAA, 0x5F, 0x7D, 0xB8,
    0xBC, 0x49, 0xF9, 0xDB, 0xB8, 0x25, 0x4A, 0x09, 0x32, 0x50, 0x6C, 0xF4, 0x1D, 0x66, 0xA1, 0x05,
    0x26, 0x6E, 0xC2, 0xB9, 0x19, 0x39, 0x6E, 0xE3, 0x74, 0x4E, 0x4E, 0xB1, 0x36, 0x03, 0x98, 0x54,
    0x77, 0x67, 0x2D, 0x37, 0x35, 0x12, 0x5A, 0x49, 0x3E, 0xCF, 0xD9, 0x42, 0xEE, 0x40, 0x1B, 0x36,
    0x52, 0x08, 0x0D, 0x20, 0x21, 0xDB, 0xF6, 0x71, 0x02, 0xFC, 0xBF, 0x0E, 0x40, 0xA3, 0x12, 0x56,
    0x00, 0xEA, 0x47, 0xE7, 0x0C, 0xE9, 0x48, 0xA7, 0x6C, 0x27, 0xA0, 0x94, 0x4D, 0xB9, 0xB2, 0xC7,
    0x2D, 0x74, 0x5C, 0xF0, 0x1F, 0xCC, 0xB4, 0xDF, 0x9F, 0x4F, 0x57, 0x7F, 0x34, 0x62, 0x37, 0x7F,
    0x28, 0xF5, 0x5C, 0xA6, 0xEA, 0x60, 0x5F, 0xCE, 0x36, 0x14, 0xCB, 0x75, 0x4C, 0x6E, 0xF4, 0x6D,
    0x02, 0x19, 0x73, 0x36, 0xD0, 0x06, 0x7D, 0x09, 0x16, 0xD4, 0xB1, 0x1C, 0xC9, 0x49, 0xE3, 0x40,
    0xF5, 0xBF, 0x06, 0xC0, 0xD7, 0xAF, 0x04, 0x30, 0x9B, 0xCB, 0xDE, 0xD2, 0x24, 0xFD, 0x79, 0x04,
    0xDE, 0xBC, 0x64, 0xFB, 0xFB, 0x00, 0x66, 0x39, 0x7E, 0x0F, 0x62, 0x07, 0x00, 0xCF, 0x71, 0x25,
    0x0E, 0xE8, 0xA4, 0x68, 0xC4, 0x1E, 0xD8, 0xE1, 0xBB, 0x6A, 0x83, 0x13, 0xDC, 0x0C, 0x3F, 0xA2,
    0x1D, 0x01, 0xA3, 0xA9, 0xE4, 0xD3, 0x60, 0x97, 0xE3, 0x7A, 0x42, 0xA2, 0x5E, 0xEC, 0xB1, 0xA7,
    0x5F, 0xCD, 0xA7, 0xCD, 0x8C, 0xFF, 0xD5, 0x5F, 0xDC, 0x4E, 0xF4, 0x22, 0x12, 0x95, 0x01, 0x30,
    0x09, 0x4D, 0xA9, 0x4E, 0xE0, 0x3A, 0xB8, 0x7B, 0x4C, 0xA8, 0x95, 0xD5, 0x88, 0x4C, 0xD5, 0xE0,
    0x06, 0xAB, 0x5B, 0x44, 0x2B, 0xFB, 0x23, 0x60, 0x1C, 0xFF, 0x99, 0xFC, 0x50, 0x0D, 0xBD, 0x48,
    0x10, 0x75, 0xE6, 0x2B, 0x00, 0xF8, 0x08, 0xD0, 0x2A, 0xBD, 0xF2, 0xE5, 0xCB, 0xB4, 0xFC, 0x03,
    0xA0, 0x07, 0xA4, 0xD3, 0xD4, 0x79, 0xE5, 0x29, 0x0C, 0xCB, 0xC1, 0x01, 0x75, 0xEA, 0x33, 0x7F,
    0xB3, 0x01, 0xC8, 0x78, 0x1C, 0x35, 0x5F, 0xB8, 0x44, 0xCF, 0xBA, 0x7B, 0x05, 0xFB, 0xE1, 0xA6,
    0x4F, 0xD4, 0x16, 0x32, 0xEC, 0x43, 0xF8, 0xC5, 0x5D, 0xAF, 0xCD, 0xC0, 0xFD, 0xF7, 0xA0, 0x4C,
    0x07, 0xD4, 0xC3, 0x0A, 0x36, 0xBE, 0x01, 0xCD, 0xFE, 0xB0, 0x41, 0x29, 0x21, 0x8B, 0x02, 0x28,
    0xFA, 0x73, 0x4F, 0x5C, 0xB0, 0xC0, 0xF1, 0xB1, 0x0B, 0xCA, 0x19, 0xA8, 0xD7, 0x7D, 0x5B, 0xBD,
    0xCF, 0xF8, 0x6F, 0xCD, 0x98, 0x31, 0xCC, 0xDF, 0xD6, 0x75, 0xC5, 0x7F, 0x24, 0x1D, 0x31, 0x05,
    0x5B, 0x3F, 0x0F, 0x1D, 0x0A, 0x38, 0xF6, 0x5B, 0x3A, 0x74, 0x48, 0xC4, 0x25, 0x43, 0x02, 0x48,
    0x7A, 0x2F, 0xF6, 0x90, 0x21, 0x83, 0x97, 0x16, 0xDD, 0x81, 0xCC, 0x55, 0x86, 0x0C, 0x19, 0x24,
    0x93, 0xA9, 0x07, 0x0D, 0x19, 0xAA, 0x7D, 0x69, 0xF7, 0xC5, 0x1E, 0x34, 0x68, 0x90, 0x45, 0x3A,
    0x1A, 0x3C, 0x78, 0x08, 0xD3, 0x8E, 0x1D, 0x4C, 0xB7, 0x01, 0x3A, 0x9A, 0x01, 0x98, 0x9A, 0x89,
    0x49, 0xDE, 0xF2, 0x80, 0xFC, 0x7F, 0x44, 0xBF, 0x2C, 0x81, 0x65, 0x47, 0xBE, 0x20, 0x0F, 0x9F,
    0x20, 0x7E, 0x7F, 0x9E, 0x73, 0xDE, 0x7D, 0x97, 0xF7, 0x11, 0xE0, 0x5B, 0x28, 0xFE, 0x0A, 0xC5,
    0xCB, 0xC0, 0xDD, 0xE5, 0x75, 0x28, 0xCC, 0x16, 0x08, 0x0F, 0xEF, 0x4E, 0x24, 0x0B, 0xC5, 0x48,
    0xB6, 0x1D, 0x33, 0xAE, 0x27, 0x5D, 0xF0, 0x2D, 0xC9, 0x4A, 0x68, 0xC1, 0x08, 0xB5, 0xB0, 0x8A,
    0xB0, 0xD2, 0x44, 0x92, 0x45, 0x98, 0xCE, 0x54, 0x35, 0xD9, 0xA4, 0x7B, 0xF2, 0x41, 0xE8, 0x3A,
    0xFC, 0x36, 0x88, 0x14, 0xCB, 0x8D, 0x05, 0x12, 0xB3, 0x1E, 0xF0, 0x2B, 0x0A, 0x5E, 0x3B, 0x1E,
    0xED, 0x78, 0x75, 0x71, 0x98, 0xAD, 0x59, 0x5F, 0x4D, 0xAE, 0xF6, 0x7D, 0x19, 0xDD, 0x10, 0x28,
    0xB6, 0x33, 0x1F, 0xAA, 0x98, 0xF7, 0xA1, 0x2E, 0xDA, 0xD0, 0xBA, 0xDA, 0x8F, 0x6F, 0x53, 0xD8,
    0x44, 0x62, 0x35, 0x0A, 0x22, 0x8A, 0x0E, 0xC5, 0xB0, 0x63, 0xB0, 0xDE, 0x59, 0xBF, 0xA1, 0xB7,
    0xBA, 0x58, 0xC9, 0x06, 0xF2, 0x99, 0x74, 0xC3, 0x89, 0xAC, 0x47, 0x92, 0x3A, 0xDC, 0x86, 0x2D,
    0x6E, 0x20, 0x17, 0x52, 0xB4, 0xF8, 0x1E, 0x57, 0x53, 0x76, 0xB8, 0x48, 0xD8, 0x10, 0xB1, 0xF7,
    0x42, 0xEE, 0x08, 0xB9, 0xBF, 0x61, 0xC7, 0x04, 0x7E, 0xCC, 0x07, 0x19, 0x25, 0x0A, 0x34, 0x13,
    0x7B, 0x38, 0x14, 0x05, 0x8A, 0x3C, 0x56, 0x63, 0x58, 0x8A, 0xD8, 0x6C, 0x5C, 0x0C, 0x3F, 0x14,
    0x7F, 0x58, 0x70, 0x43, 0x3E, 0x82, 0xEB, 0xF5, 0xB7, 0xAE, 0x2B, 0x36, 0xF4, 0xAD, 0xDB, 0xB0,
    0x6C, 0x5D, 0x2F, 0xF4, 0x9D, 0x9E, 0x12, 0x84, 0x1F, 0x7C, 0x3A, 0x42, 0x69, 0xEF, 0x4E, 0x50,
    0x2C, 0xDF, 0xE7, 0x5A, 0xE4, 0xAD, 0xE7, 0x08, 0x37, 0x34, 0x1C, 0x51, 0xFC, 0x61, 0xE5, 0x88,
    0x44, 0x16, 0x1F, 0x71, 0x93, 0xAB, 0x78, 0x89, 0x33, 0x40, 0x66, 0x47, 0x89, 0xB0, 0x8E, 0x0D,
    0x46, 0xBC, 0x49, 0x50, 0x39, 0xBE, 0xBA, 0x10, 0xEA, 0x7C, 0x45, 0xB6, 0x18, 0x33, 0x5E, 0x8A,
    0x07, 0xAA, 0xFA, 0x3D, 0xAA, 0x1E, 0xD9, 0x14, 0xDA, 0xDD, 0xFE, 0xB2, 0xD3, 0x50, 0xB7, 0xEA,
    0x5A, 0xB6, 0xBA, 0x55, 0x43, 0x1D, 0xBA, 0x95, 0x4A, 0xC3, 0x64, 0xB7, 0xA9, 0xDE, 0x7F, 0x55,
    0xC3, 0xB8, 0x1D, 0x7E, 0x06, 0x30, 0x1D, 0x61, 0x40, 0x43, 0x65, 0x90, 0xB5, 0xA0, 0x0C, 0xCB,
    0xE6, 0xCC, 0xE0, 0x7B, 0xA4, 0x2B, 0x7E, 0x70, 0x33, 0xC9, 0x44, 0x6E, 0x89, 0xB5, 0xE1, 0x77,
    0xFF, 0xF0, 0xEE, 0x40, 0x50, 0x8A, 0x36, 0x66, 0xD6, 0x52, 0x99, 0x3D, 0xC4, 0xB6, 0x88, 0x17,
    0x1B, 0xEA, 0xDB, 0xBB, 0x32, 0xFF, 0xC9, 0x7A, 0xE8, 0xFA, 0x6C, 0xDE, 0x55, 0xA5, 0xD6, 0xED,
    0x9A, 0xB8, 0x7F, 0x28, 0x82, 0x8B, 0x1E, 0x0E, 0x35, 0x8D, 0x2D, 0x48, 0xCB, 0x07, 0xFA, 0x4B,
    0x29, 0xF9, 0xB0, 0x2B, 0x3B, 0xA4, 0xE3, 0x57, 0x88, 0xB7, 0x54, 0xA4, 0xCB, 0xA1, 0xA1, 0x18,
    0x0F, 0x05, 0x65, 0x77, 0xF0, 0x6F, 0x2E, 0xEC, 0x67, 0x0E, 0xEE, 0x03, 0xC3, 0xCE, 0xBC, 0xCD,
    0xBB, 0x0B, 0xEF, 0x78, 0xB0, 0x5E, 0x39, 0x83, 0x8C, 0xD7, 0x79, 0xAC, 0x45, 0x48, 0x78, 0x36,
    0x43, 0x6E, 0x84, 0x8F, 0x47, 0xE4, 0x6E, 0x6E, 0x11, 0xFD, 0x38, 0x13, 0x90, 0xCC, 0xC0, 0x79,
    0xF5, 0xFF, 0x3B, 0x27, 0x66, 0x93, 0xCE, 0xCC, 0xAC, 0xCF, 0x47, 0x3F, 0xBA, 0x58, 0xD5, 0xAE,
    0x73, 0xC3, 0xB7, 0x93, 0x95, 0xB2, 0x2E, 0x94, 0xF6, 0x84, 0xB8, 0x5D, 0xA5, 0x14, 0xD7, 0x4B,
    0x77, 0x85, 0xEB, 0xF4, 0x8B, 0x15, 0xBE, 0x93, 0x8A, 0x2A, 0x96, 0x9B, 0xCE, 0xB4, 0x0D, 0x5D,
    0x33, 0x36, 0xD1, 0xD7, 0xDE, 0xEC, 0x77, 0xE2, 0x97, 0x2E, 0xDF, 0x4F, 0xCD, 0x66, 0xAE, 0x42,
    0x29, 0x42, 0xB0, 0xFE, 0x1C, 0x94, 0x23, 0x50, 0xEC, 0xE9, 0x02, 0x12, 0xEE, 0x35, 0xC8, 0x35,
    0xE8, 0x35, 0x98, 0x40, 0xFE, 0x68, 0xDD, 0xC9, 0x51, 0xDD, 0x78, 0x0E, 0x64, 0x2D, 0xBA, 0x51,
    0xD6, 0x42, 0xA9, 0x41, 0x84, 0xC3, 0x51, 0x38, 0x6A, 0x0D, 0x3F, 0xD1, 0x20, 0x59, 0xE1, 0xB7,
    0xFF, 0x56, 0xD5, 0xB2, 0x36, 0xFF, 0xA8, 0x6B, 0x20, 0x33, 0xAA, 0xB7, 0xFA, 0x55, 0x4C, 0xCC,
    0xF2, 0xCF, 0x27, 0x94, 0x10, 0x73, 0x62, 0x0F, 0x2F, 0x54, 0x7F, 0xAC, 0x8B, 0xAA, 0x92, 0x68,
    0x66, 0x2B, 0x7A, 0xA4, 0xEA, 0x98, 0x28, 0x3E, 0xDA, 0x09, 0xFE, 0x2D, 0x7A, 0x58, 0xA2, 0x62,
    0x05, 0x61, 0xBF, 0x34, 0xBD, 0x88, 0x89, 0x8E, 0x68, 0xF9, 0x4E, 0xA4, 0x54, 0xFC, 0x0C, 0x94,
    0xE7, 0x22, 0x54, 0xD6, 0xA2, 0x33, 0x84, 0x5A, 0x64, 0xDA, 0x10, 0x45, 0x25, 0x56, 0x88, 0x08,
    0x0D, 0xA2, 0xC1, 0x53, 0x14, 0x71, 0x11, 0xE6, 0xF5, 0x8C, 0x24, 0xFF, 0xF3, 0x88, 0x2E, 0xFF,
    0xD9, 0x01, 0xD2, 0x01, 0xBC, 0xA2, 0x51, 0xAF, 0xA9, 0xEF, 0xD2, 0x1A, 0x6B, 0x9D, 0x38, 0x38,
    0xA5, 0x9F, 0x46, 0x75, 0xD6, 0x11, 0x22, 0xB5, 0xE6, 0xB0, 0xA5, 0xD2, 0x6A, 0x6A, 0x32, 0x8B,
    0x7B, 0xD1, 0x55, 0xC6, 0x09, 0x94, 0x0E, 0xAB, 0x64, 0x2E, 0xAA, 0xBD, 0x82, 0x64, 0xC6, 0xCD,
    0xE9, 0x4C, 0x63, 0x6F, 0x4E, 0x82, 0x11, 0x54, 0x08, 0x79, 0x2D, 0xEF, 0xE1, 0xBE, 0x93, 0xD4,
    0xBB, 0x40, 0x31, 0x01, 0xCD, 0x40, 0x66, 0x83, 0xB3, 0x51, 0xC5, 0x2C, 0x53, 0xD9, 0x1C, 0xF0,
    0x0B, 0x58, 0xD4, 0x83, 0x9C, 0xC1, 0xFB, 0x88, 0xAA, 0xB7, 0x9A, 0x27, 0xA4, 0x8B, 0x46, 0x1D,
    0x33, 0x9A, 0xEC, 0x32, 0x0C, 0x4C, 0x68, 0x74, 0xC7, 0xCF, 0x8C, 0x68, 0xDE, 0x6F, 0x17, 0x6B,
    0xA2, 0xB4, 0x83, 0x7B, 0x99, 0xA5, 0x03, 0x9A, 0xF9, 0x27, 0x89, 0x3D, 0xEB, 0x91, 0xFD, 0x33,
    0xCD, 0x7F, 0xEF, 0xA3, 0x89, 0xF0, 0xB9, 0xDE, 0x0E, 0x30, 0xE2, 0xAC, 0x95, 0xDD, 0xC9, 0x40,
    0x61, 0xED, 0x4F, 0xCB, 0x8E, 0x54, 0xA4, 0xDE, 0x19, 0x42, 0x8B, 0x38, 0x6E, 0xA3, 0x2A, 0x12,
    0x0C, 0xAA, 0x37, 0x4C, 0x89, 0xBB, 0x42, 0x49, 0xD5, 0x5F, 0xB1, 0xFF, 0x3B, 0x0E, 0xF2, 0xC6,
    0xCE, 0xFD, 0x07, 0xC6, 0x41, 0xDD, 0x2E, 0xCC, 0x7F, 0x76, 0x21, 0xFE, 0xCD, 0x0B, 0xEF, 0xC7,
    0x07, 0x6D, 0x3F, 0x1D, 0xAC, 0xC3, 0x78, 0x90, 0x76, 0xC3, 0xC1, 0xB9, 0xB8, 0x50, 0x2E, 0x2E,
    0x8C, 0x5D, 0x7F, 0x10, 0x76, 0xDD, 0xC1, 0xD7, 0xB7, 0x3B, 0xDD, 0xDA, 0x1F, 0x6C, 0xEB, 0xB2,
    0xDD, 0xC9, 0xC6, 0x50, 0x1F, 0x5C, 0x43, 0x64, 0x8F, 0x0A, 0x14, 0x69, 0xBB, 0xA7, 0x07, 0x45,
    0x3B, 0x83, 0x22, 0xFB, 0x6C, 0x40, 0x71, 0xBE, 0xDB, 0x48, 0xF7, 0x81, 0xC8, 0xE8, 0x32, 0xC2,
    0xF9, 0xAF, 0xAC, 0x03, 0x45, 0x4D, 0xFE, 0x60, 0xA6, 0x68, 0x53, 0xAB, 0x2C, 0xB1, 0x3A, 0xB3,
    0xBE, 0x79, 0xC3, 0x22, 0x16, 0xAB, 0xD8, 0x44, 0x8C, 0xEA, 0x92, 0x23, 0x0D, 0xAA, 0xB0, 0x7B,
    0x9E, 0xAC, 0xA8, 0x4C, 0xB1, 0x28, 0x57, 0xE6, 0x74, 0x51, 0xB6, 0xCC, 0xD9, 0xAA, 0x7C, 0xB1,
    0xBB, 0xF6, 0x4B, 0x65, 0x4C, 0x69, 0xCF, 0x46, 0x38, 0xB2, 0xE6, 0xC8, 0x9B, 0x23, 0x73, 0x8E,
    0xDC, 0x01, 0x69, 0x15, 0x11, 0x0F, 0xE4, 0x63, 0x15, 0x37, 0x5C, 0x0C, 0xA0, 0xF9, 0x8D, 0xD0,
    0x47, 0xAE, 0x45, 0x13, 0xAF, 0xE4, 0x65, 0xD6, 0x02, 0x85, 0x10, 0x57, 0x09, 0xCB, 0xB2, 0xD3,
    0x13, 0xB4, 0x28, 0x99, 0x25, 0x32, 0x19, 0x84, 0x59, 0x2F, 0x2C, 0x3A, 0xA9, 0x77, 0x66, 0x13,
    0x04, 0x21, 0xF7, 0x25, 0x80, 0x59, 0x98, 0x8E, 0x64, 0x8B, 0x12, 0xAE, 0x30, 0x82, 0xC5, 0xC6,
    0xDA, 0x60, 0x5A, 0xF8, 0xDC, 0xE4, 0x11, 0xD5, 0x83, 0x89, 0xEA, 0x63, 0xCD, 0x53, 0x84, 0x91,
    0xAB, 0xF0, 0xE3, 0x37, 0x13, 0x5B, 0x7F, 0xA6, 0x92, 0xA9, 0xD7, 0xB1, 0x4A, 0xA5, 0xCA, 0xA4,
    0x4A, 0xA4, 0xCA, 0xA3, 0x4A, 0xA3, 0xCA, 0xA2, 0x4A, 0xA2, 0x37, 0x1B, 0xD3, 0xCB, 0x8B, 0xF8,
    0x26, 0x8F, 0x09, 0xEF, 0x4C, 0x2A, 0xCF, 0xE4, 0xD7, 0x7E, 0xB3, 0xB1, 0x16, 0xDB, 0x4E, 0x3F,
    0x83, 0xF8, 0x8A, 0xB9, 0xF4, 0xA8, 0xAE, 0x85, 0x4E, 0xD5, 0x6C, 0x3F, 0xAB, 0x7A, 0xF7, 0xC2,
    0xD0, 0x49, 0x62, 0x7B, 0x2D, 0xC8, 0x4D, 0xE2, 0x3A, 0x9D, 0xA4, 0x7D, 0x51, 0x67, 0x53, 0xA8,
    0xB3, 0xC5, 0x22, 0x95, 0x7E, 0xEB, 0x70, 0x33, 0x89, 0x72, 0x96, 0xD4, 0xF6, 0xFB, 0x55, 0x85,
    0x58, 0xF6, 0x33, 0x99, 0xD1, 0xE4, 0x92, 0x4D, 0xFB, 0xE9, 0x66, 0x51, 0x8A, 0x3A, 0x81, 0x7B,
    0xE9, 0x00, 0x98, 0x13, 0xDA, 0xBB, 0x67, 0x17, 0x96, 0xF6, 0x5C, 0x8B, 0xBB, 0x13, 0x47, 0x7F,
    0xA3, 0x46, 0xB0, 0xFF, 0xEA, 0x1B, 0x41, 0xCD, 0x53, 0x78, 0xB0, 0x7B, 0x7A, 0x7D, 0x9E, 0x5E,
    0x9D, 0xC0, 0x2C, 0x66, 0x7D, 0xD5, 0xFE, 0xE9, 0x8D, 0xE1, 0xE3, 0xB4, 0x03, 0x56, 0x79, 0x8F,
    0x55, 0x1A, 0x97, 0xCB, 0xB9, 0x68, 0xCE, 0x50, 0xAB, 0x68, 0xF5, 0xD9, 0x2A, 0xCE, 0x9C, 0xAD,
    0xE2, 0x80, 0x44, 0xF7, 0xB8, 0x0D, 0xBB, 0x3F, 0x6A, 0x15, 0x5B, 0xD4, 0x2A, 0xD6, 0x84, 0x0D,
    0xE3, 0xD9, 0x2A, 0x86, 0xB3, 0x55, 0x64, 0xE6, 0x6C, 0x15, 0x5B, 0xA0, 0xF9, 0x3D, 0x52, 0xCC,
    0x63, 0xBD, 0xE2, 0xCF, 0xFC, 0x99, 0xB8, 0x44, 0x35, 0x86, 0xB9, 0x19, 0xC2, 0xE4, 0x87, 0x62,
    0x52, 0xBB, 0xA8, 0x66, 0x51, 0xB9, 0xA9, 0x46, 0x51, 0x6D, 0xA2, 0x9A, 0x44, 0xB5, 0x88, 0x6A,
    0x10, 0xD5, 0x1E, 0x5E, 0x6F, 0x0E, 0xBD, 0xB5, 0x52, 0x2A, 0x3C, 0xE2, 0xC7, 0x37, 0x22, 0x24,
    0x4B, 0xD9, 0x42, 0xB6, 0x86, 0x5E, 0x69, 0xA6, 0x55, 0xC6, 0xA3, 0x22, 0xBE, 0x38, 0x07, 0x14,
    0x99, 0x49, 0xFD, 0xC0, 0x5F, 0x24, 0x0F, 0xA9, 0x1E, 0x8C, 0x34, 0x1F, 0xCD, 0x5A, 0xA9, 0xBC,
    0x9E, 0xF6, 0xCF, 0xE9, 0x44, 0xD6, 0x0A, 0x5D, 0x27, 0x94, 0x6E, 0xA8, 0x04, 0xC9, 0x84, 0x22,
    0xF2, 0x75, 0xF7, 0x66, 0x84, 0x74, 0x42, 0x8B, 0x46, 0x3F, 0xC3, 0x1D, 0xE0, 0x15, 0xBE, 0x7C,
    0x9F, 0xB4, 0xE4, 0x50, 0x21, 0x03, 0xA5, 0x22, 0xEC, 0x0B, 0xEF, 0x5C, 0x7A, 0x5F, 0x6F, 0x9F,
    0xF2, 0xF6, 0x26, 0x6E, 0x30, 0xDC, 0x67, 0x0B, 0x89, 0x75, 0xBB, 0x4F, 0x7C, 0x05, 0x3E, 0x95,
    0x3B, 0xD6, 0x67, 0x52, 0x89, 0x0B, 0xF0, 0x04, 0xC5, 0x4B, 0x5F, 0x7B, 0x9F, 0x20, 0xEF, 0x51,
    0xF1, 0x86, 0xE5, 0xD0, 0x93, 0x7C, 0x05, 0x3E, 0xDD, 0x4E, 0x06, 0xA8, 0x7E, 0x38, 0xA2, 0x97,
    0x2D, 0x14, 0xAB, 0xCC, 0x18, 0x39, 0x03, 0xCA, 0x55, 0xAF, 0x2D, 0x35, 0x97, 0x63, 0x31, 0x53,
    0xB5, 0xD9, 0x82, 0x91, 0xAE, 0x99, 0xFA, 0x55, 0x19, 0x11, 0xDD, 0x08, 0x12, 0x0D, 0x7E, 0xC8,
    0x6C, 0x2D, 0x77, 0x20, 0x8C, 0x1B, 0xF8, 0x41, 0x30, 0xF8, 0x91, 0xB2, 0x77, 0xB3, 0xFA, 0x62,
    0xFB, 0xC1, 0x53, 0x12, 0xB3, 0x11, 0x5E, 0xD5, 0xC3, 0x94, 0x11, 0x4A, 0x89, 0x0D, 0x3E, 0x5F,
    0x2F, 0x9B, 0xE0, 0x9B, 0x5C, 0x45, 0x12, 0xB9, 0xB1, 0xBE, 0x15, 0x29, 0xCD, 0xA0, 0xC9, 0x17,
    0x92, 0x39, 0x1B, 0x49, 0xA7, 0x0D, 0xB2, 0x51, 0x20, 0xF3, 0x92, 0xC9, 0x77, 0xE2, 0x18, 0x29,
    0xFE, 0x75, 0x42, 0xBE, 0x6F, 0x60, 0xBF, 0x3F, 0x4C, 0x75, 0x82, 0x3B, 0x9A, 0x93, 0x10, 0x7D,
    0x4D, 0xB0, 0x15, 0x6E, 0x58, 0xFF, 0x67, 0x7E, 0x65, 0x96, 0x2B, 0xF2, 0x1B, 0xC5, 0xC4, 0xB9,
    0x64, 0xE7, 0xBF, 0x16, 0x36, 0xA3, 0xB0, 0xEC, 0xBE, 0xE0, 0xAB, 0x33, 0x1D, 0x54, 0x41, 0x91,
    0x46, 0xF2, 0x3E, 0x92, 0x99, 0x68, 0xA3, 0xC0, 0xA3, 0x08, 0x28, 0x56, 0x41, 0x3A, 0x09, 0x8B,
    0x4E, 0x98, 0xA0, 0xF0, 0x1A, 0x53, 0x0D, 0xC2, 0xF1, 0xB1, 0x6E, 0xE9, 0x7F, 0x2A, 0xFC, 0x64,
    0x00, 0xB0, 0x0E, 0x61, 0xFD, 0x67, 0x6D, 0x02, 0xAF, 0x95, 0xD4, 0xEE, 0xAA, 0xA4, 0xF2, 0x54,
    0x04, 0x6A, 0x8A, 0x07, 0x2D, 0x2E, 0xDB, 0xCE, 0x1F, 0x6D, 0x63, 0xD3, 0xAD, 0xCF, 0xD5, 0x20,
    0x2A, 0xCE, 0xC4, 0xAB, 0xD8, 0x63, 0x11, 0x1C, 0xCB, 0x90, 0xDD, 0x5E, 0xC5, 0x37, 0x38, 0x03,
    0x29, 0xB3, 0xF1, 0xB8, 0xCE, 0x88, 0x5D, 0x9F, 0xE8, 0x9A, 0x7F, 0xDA, 0x69, 0xBE, 0xF1, 0xA1,
    0x45, 0x71, 0x2B, 0xB4, 0xDF, 0x02, 0x18, 0xAA, 0xFA, 0x1E, 0x90, 0x76, 0x95, 0x6E, 0xA7, 0xD8,
    0x44, 0x8B, 0xFB, 0xEB, 0x98, 0x56, 0x9E, 0x2C, 0xE2, 0x3D, 0xC0, 0x6C, 0xE5, 0x27, 0x9A, 0xD6,
    0x74, 0x05, 0xDD, 0x96, 0x2E, 0x70, 0x0B, 0x2F, 0xD7, 0x78, 0xC4, 0x7D, 0xB4, 0xF8, 0x7A, 0xA5,
    0xE8, 0xCA, 0xDD, 0x56, 0xDE, 0x99, 0x59, 0x94, 0x7B, 0xFA, 0x4B, 0x05, 0xC3, 0x49, 0xBE, 0xD0,
    0x18, 0xDF, 0x0A, 0xDF, 0x86, 0xC3, 0xCB, 0xC3, 0xB1, 0x97, 0x2D, 0x26, 0xB6, 0x56, 0xD6, 0x6D,
    0xAE, 0xAD, 0x5E, 0xA5, 0x63, 0x96, 0x73, 0xC5, 0x58, 0xF4, 0x21, 0xBA, 0x8D, 0x6F, 0xC0, 0x7D,
    0x3E, 0x52, 0xE1, 0xD6, 0x48, 0xA5, 0xEC, 0x66, 0xF3, 0x70, 0xE4, 0xBD, 0xCD, 0xC5, 0x25, 0xEF,
    0xBC, 0xE9, 0xC9, 0x9B, 0x93, 0xE5, 0xC4, 0xE9, 0x4A, 0x7D, 0x56, 0xE0, 0x70, 0x9A, 0x29, 0xF2,
    0x9A, 0x2C, 0x84, 0xE3, 0x55, 0xEA, 0x17, 0x5A, 0xBC, 0x54, 0x9F, 0x5A, 0x4F, 0xB2, 0xBA, 0x8F,
    0xB4, 0x06, 0xFD, 0x3B, 0x5A, 0x83, 0xA5, 0x04, 0xB6, 0x41, 0x6B, 0xB0, 0xBD, 0x8F, 0xD6, 0xE0,
    0x8C, 0xD6, 0xE0, 0xA4, 0x35, 0xF8, 0xC6, 0xA8, 0x35, 0xF8, 0xE6, 0x90, 0xAA, 0x1A, 0xF6, 0x5A,
    0x83, 0xBF, 0x6A, 0xB5, 0x06, 0x3F, 0x6E, 0xB5, 0x06, 0x2D, 0x56, 0x35, 0xB9, 0xFD, 0xE3, 0xB9,
    0x06, 0x9B, 0x15, 0x60, 0x46, 0xF1, 0xF7, 0x70, 0x59, 0x90, 0x4A, 0x29, 0x34, 0x65, 0xF2, 0xEA,
    0x60, 0x7E, 0xBE, 0x21, 0x6E, 0xAC, 0x65, 0x24, 0xD8, 0x02, 0x93, 0x1F, 0x95, 0xD2, 0x13, 0x45,
    0x17, 0x66, 0x5C, 0xBB, 0x6E, 0xF0, 0xEC, 0xB7, 0x33, 0xFE, 0xD3, 0x9F, 0x4F, 0xB8, 0x35, 0x1D,
    0x70, 0x93, 0x3E, 0x55, 0x2E, 0xBE, 0xA6, 0xD4, 0x1C, 0xBC, 0x5F, 0xF5, 0x00, 0xF9, 0x07, 0x83,
    0x24, 0x7E, 0x32, 0xA1, 0x27, 0xC8, 0x06, 0x96, 0x10, 0x81, 0x52, 0x09, 0x45, 0x42, 0x7C, 0x61,
    0x5B, 0xAD, 0x5B, 0x0E, 0x2A, 0xDF, 0x12, 0xFE, 0xA5, 0xC7, 0xFD, 0xC7, 0x48, 0x32, 0xDE, 0x87,
    0x57, 0x5E, 0x7A, 0xFE, 0x95, 0x24, 0xBA, 0xBD, 0x50, 0x4C, 0xC8, 0x86, 0x27, 0xC2, 0xF6, 0xD6,
    0x8B, 0xDE, 0x5A, 0x2A, 0x92, 0x95, 0xFD, 0xC3, 0x45, 0xDE, 0x71, 0x3B, 0x6B, 0x9F, 0x7B, 0x6B,
    0xC9, 0x6D, 0x27, 0x15, 0xC1, 0xB5, 0xE2, 0xFC, 0xD1, 0x20, 0x15, 0xFF, 0x25, 0xD5, 0xC9, 0xA4,
    0x95, 0x26, 0x3B, 0x8F, 0x50, 0x81, 0x40, 0xB8, 0x40, 0x39, 0x68, 0x1D, 0xBA, 0x01, 0x0F, 0xBE,
    0x57, 0xBE, 0xF9, 0xEE, 0x65, 0xA0, 0x6C, 0xBF, 0x03, 0xCA, 0x37, 0xA1, 0x6E, 0xA7, 0xAA, 0x9F,
    0x20, 0xA7, 0xBE, 0x27, 0xE4, 0xBB, 0x80, 0xC1, 0x8E, 0xAF, 0x49, 0x0C, 0xB7, 0x48, 0x57, 0x92,
    0x91, 0xCC, 0x78, 0xB5, 0x27, 0x5C, 0x3E, 0xB1, 0x1A, 0x30, 0xDE, 0x86, 0x39, 0x40, 0x53, 0xB6,
    0x94, 0xBF, 0xE8, 0xC9, 0x95, 0x84, 0xF1, 0x95, 0x43, 0x2F, 0x9B, 0x5E, 0xF2, 0xDE, 0x70, 0xED,
    0xA6, 0x2C, 0x56, 0x84, 0x1B, 0x13, 0xA1, 0xAA, 0xA9, 0x7E, 0xA3, 0x15, 0x0E, 0xA1, 0xCE, 0x29,
    0xFB, 0x7F, 0x3A, 0xB7, 0x68, 0x47, 0x24, 0xC6, 0xD5, 0x5C, 0xF9, 0x37, 0x7B, 0x55, 0xCE, 0x73,
    0x8F, 0xF6, 0xA2, 0xB4, 0x2A, 0xF2, 0x19, 0x4A, 0x53, 0xD2, 0xD4, 0x3C, 0xD6, 0xB4, 0xC0, 0x17,
    0xD6, 0xAA, 0x69, 0x0D, 0x4E, 0xBE, 0x0D, 0x9A, 0x50, 0x92, 0xF1, 0x6D, 0x4D, 0xE6, 0x97, 0xFD,
    0xC9, 0x20, 0xEB, 0x46, 0xB2, 0x61, 0x26, 0x9D, 0x9E, 0xC2, 0xD3, 0xB2, 0xC6, 0xFF, 0xB0, 0x53,
    0x4D, 0xF8, 0xE2, 0x9F, 0x0C, 0x8E, 0x1C, 0xD7, 0xF4, 0x94, 0xDB, 0x6F, 0x7D, 0xE7, 0x98, 0x9A,
    0x2F, 0x99, 0xB7, 0xC2, 0xF7, 0x34, 0x73, 0x3A, 0xDE, 0x4F, 0x3B, 0xD5, 0x51, 0x31, 0xF6, 0x31,
    0x35, 0xDD, 0x26, 0x02, 0x8B, 0x8E, 0x64, 0x16, 0xD3, 0x6C, 0xD2, 0xE1, 0x66, 0x31, 0x14, 0x49,
    0x1E, 0xDF, 0x3C, 0xCB, 0xA0, 0x0A, 0x10, 0xF8, 0x0F, 0x87, 0x4B, 0xA5, 0x90, 0xCD, 0x2F, 0xEE,
    0xB3, 0xC6, 0x2D, 0x17, 0xAF, 0x6A, 0x62, 0xF1, 0xEF, 0x67, 0x4D, 0xFC, 0x82, 0xBD, 0xD9, 0x11,
    0x22, 0x0A, 0x78, 0x89, 0xE7, 0x8E, 0x93, 0xE2, 0x7B, 0x45, 0xFD, 0xA2, 0x3F, 0xE1, 0xFC, 0x71,
    0x3D, 0xEC, 0x9E, 0xEF, 0x13, 0xCE, 0x3D, 0x0F, 0x7B, 0x1A, 0x43, 0x78, 0xAB, 0x03, 0xFC, 0xB3,
    0x41, 0xEA, 0xAF, 0xCF, 0x6B, 0x23, 0x95, 0xEC, 0xAD, 0x53, 0x39, 0xE6, 0x8B, 0x72, 0x51, 0x4C,
    0xFC, 0x80, 0x29, 0xB1, 0x58, 0xA1, 0xEC, 0x92, 0x45, 0xF9, 0x98, 0xCD, 0xC2, 0xBB, 0x03, 0x54,
    0xFA, 0x2B, 0xFD, 0x2D, 0xCA, 0xCF, 0x3D, 0x43, 0xAB, 0xDD, 0x0C, 0x19, 0x43, 0xD9, 0x2B, 0x4F,
    0xB5, 0x0F, 0x33, 0xFC, 0x44, 0xB0, 0x5F, 0x9B, 0x51, 0xD9, 0x2F, 0xCD, 0x64, 0x7A, 0xBD, 0x57,
    0x69, 0x15, 0x69, 0xD5, 0xE8, 0xF9, 0x28, 0xD1, 0x27, 0xAB, 0xFC, 0x17, 0x23, 0xA9, 0x55, 0x33,
    0x99, 0xE9, 0x7F, 0xED, 0xE7, 0xB2, 0x20, 0x7D, 0x88, 0xC8, 0x20, 0x2E, 0xB2, 0x17, 0xB2, 0x2B,
    0x70, 0x0B, 0xA2, 0x53, 0x0B, 0x22, 0x97, 0x10, 0x07, 0x64, 0x6A, 0xAD, 0xB9, 0x2E, 0x5A, 0xF9,
    0x92, 0x0B, 0x15, 0x2F, 0x4C, 0xBF, 0x22, 0x69, 0xA2, 0xEA, 0x82, 0x8A, 0x36, 0x37, 0xD3, 0x0E,
    0x4E, 0xE1, 0xD2, 0x2D, 0xD9, 0x52, 0x2D, 0xD1, 0xAC, 0x92, 0x7C, 0xD4, 0x99, 0xFD, 0x94, 0x5C,
    0xA9, 0x3D, 0xC4, 0xEA, 0xE5, 0x42, 0x32, 0x07, 0x80, 0x55, 0xC9, 0x48, 0xF9, 0xA3, 0x1E, 0xC8,
    0x7F, 0x3D, 0x82, 0x5E, 0x33, 0x2F, 0x6C, 0x03, 0xAD, 0xDA, 0xFD, 0xFF, 0xE7, 0x7A, 0xBA, 0x3E,
    0xD7, 0xDA, 0x33, 0xA3, 0x4D, 0x33, 0xDA, 0x35, 0xA3, 0x6D, 0x33, 0xDA, 0x37, 0xA3, 0x77, 0x3F,
    0xDA, 0x39, 0xA3, 0xAD, 0x33, 0xDA, 0x3B, 0xA3, 0xCD, 0x33, 0xDA, 0x3D, 0xA3, 0xED, 0x33, 0xD7,
    0xBF, 0xE0, 0x21, 0x29, 0x92, 0x6F, 0xC2, 0xF7, 0x7D, 0x04, 0x46, 0x17, 0x5F, 0xF4, 0x37, 0x4B,
    0x45, 0x62, 0x9C, 0x13, 0x9E, 0x75, 0xCF, 0xFD, 0xCD, 0x32, 0x69, 0x3E, 0xE9, 0xF1, 0x66, 0x03,
    0x55, 0x57, 0x0D, 0x18, 0xF9, 0x90, 0x18, 0xC9, 0xB8, 0x01, 0xEF, 0x25, 0xD6, 0x01, 0xB6, 0xCA,
    0x7B, 0x9B, 0xAE, 0xBA, 0x7A, 0xEB, 0xC4, 0x63, 0xB8, 0x05, 0xE5, 0xA0, 0x3E, 0x60, 0x08, 0xB5,
    0x3A, 0x7B, 0x79, 0xEB, 0x97, 0xC4, 0xA2, 0x33, 0x9B, 0x29, 0x3E, 0xB4, 0x87, 0x17, 0xCE, 0x02,
    0xD7, 0x0A, 0x3A, 0x90, 0x19, 0x50, 0x44, 0xE0, 0xDB, 0x67, 0xA1, 0xFC, 0x9F, 0x98, 0x9A, 0xD5,
    0xB9, 0xBA, 0xB4, 0x2E, 0xAB, 0x8B, 0x11, 0x72, 0xEB, 0xF5, 0x8E, 0xE7, 0x95, 0x1B, 0x56, 0x3F,
    0xA2, 0x6C, 0xEF, 0xE1, 0xEB, 0xF0, 0xB0, 0x52, 0x7B, 0xC1, 0x6B, 0xCD, 0xA1, 0x5C, 0x29, 0x39,
    0x1D, 0xCD, 0xBE, 0xCE, 0x01, 0xB2, 0xFA, 0xE2, 0x94, 0x68, 0xE4, 0x1B, 0xAE, 0xB8, 0x4D, 0x7C,
    0xC5, 0x1D, 0xAA, 0xDA, 0xC5, 0xBF, 0xA1, 0xA9, 0xBF, 0x71, 0x69, 0x55, 0x31, 0xAE, 0x30, 0x59,
    0x85, 0xE9, 0x8E, 0xC7, 0xE6, 0xE6, 0xC4, 0x7C, 0xC7, 0x49, 0x28, 0x7A, 0xE0, 0x84, 0x34, 0xEB,
    0xFE, 0x2C, 0x14, 0xA7, 0x5C, 0x7C, 0x14, 0x96, 0xED, 0xB9, 0x77, 0x7A, 0x19, 0xC5, 0x77, 0x05,
    0x67, 0xFC, 0x25, 0x3C, 0x39, 0x5E, 0xA8, 0x95, 0x0D, 0xDB, 0xE1, 0x06, 0x74, 0xF4, 0xB8, 0x4E,
    0x87, 0x6F, 0xF5, 0x1B, 0xA1, 0x26, 0x7C, 0x48, 0x58, 0xF1, 0xFD, 0xF1, 0x5E, 0x2E, 0x3A, 0x8A,
    0x5E, 0xD9, 0x95, 0xD7, 0xBC, 0x86, 0xE2, 0xFF, 0x00, 0x4D, 0x90, 0x81, 0x66, 0x2B, 0x41, 0x18,
    0x85, 0xBF, 0xDD, 0xE4, 0xDE, 0xBD, 0xF7, 0x8E, 0xEB, 0xCF, 0x13, 0x64, 0xA0, 0x80, 0x36, 0x03,
    0x45, 0x90, 0x64, 0x06, 0x28, 0x8A, 0xF6, 0x81, 0x36, 0xDD, 0xA1, 0x80, 0x42, 0x1F, 0xA6, 0x28,
    0xA2, 0x3B, 0x55, 0x14, 0x85, 0x7D, 0x83, 0xAE, 0xCA, 0x03, 0xAC, 0x1A, 0x1A, 0x6C, 0x33, 0xDD,
    0xA0, 0x14, 0xE0, 0x1C, 0x8E, 0xEF, 0x7C, 0x33, 0xAC, 0xD3, 0xA1, 0xE8, 0xE8, 0x19, 0x13, 0xF3,
    0x5D, 0xD1, 0xE9, 0xB0, 0x62, 0x02, 0xC0, 0x9A, 0x22, 0x79, 0xFB, 0x1A, 0xAB, 0xB3, 0x58, 0xE6,
    0x9D, 0x7A, 0x6C, 0xEC, 0x7B, 0x5B, 0x7E, 0xB4, 0x65, 0x1D, 0xE6, 0x06, 0xA0, 0x4A, 0xD4, 0x89,
    0xB2, 0x08, 0x57, 0xDA, 0xDB, 0x3D, 0x2A, 0xF2, 0xDB, 0x99, 0xC6, 0xB6, 0xA6, 0x51, 0x0E, 0xFE,
    0x71, 0x6B, 0xAF, 0x77, 0xF5, 0x4B, 0x6F, 0x9F, 0xFB, 0x69, 0xD6, 0x02, 0xBF, 0xA8, 0x7D, 0xF2,
    0xE7, 0x5E, 0x39, 0xE1, 0x0F, 0x79, 0x8F, 0x24, 0xA6, 0xC2, 0x42, 0x58, 0x6A, 0x4C, 0x8F, 0x6A,
    0xC9, 0x32, 0x27, 0x37, 0x41, 0x4B, 0x30, 0xE2, 0x86, 0xFC, 0xF4, 0x98, 0x19, 0x77, 0xC3, 0xCC,
    0x40, 0xA1, 0x92, 0x23, 0x02, 0x94, 0x9A, 0x07, 0xE3, 0xED, 0x45, 0x23, 0x4F, 0x5D, 0xDE, 0x6D,
    0x98, 0x8C, 0x81, 0xA2, 0xC7, 0x24, 0xD6, 0xDA, 0xDF, 0x8B, 0x83, 0xC2, 0x9D, 0xB0, 0xA6, 0x62,
    0x05, 0xF0, 0x1F, 0x41, 0x8E, 0xC4, 0xEC, 0xF3, 0xDD, 0x5F, 0xAC, 0xAF, 0x43, 0x15, 0xA6, 0x7C,
    0xF3, 0x55, 0x3F, 0xF8, 0x32, 0xC4, 0xEB, 0xA0, 0x82, 0x30, 0x07, 0xB8, 0x1C, 0x05, 0xC1, 0x44,
    0x7A, 0x36, 0x75, 0x34, 0x0D, 0x93, 0xD1, 0x56, 0xBB, 0x25, 0x4B, 0xEC, 0xD8, 0x7E, 0xAA, 0xED,
    0x62, 0xF8, 0x2D, 0xDE, 0x26, 0x54, 0xE4, 0xE0, 0xE6, 0x6D, 0x70, 0xD3, 0x1C, 0xDC, 0x58, 0x00,
    0x9B, 0x86, 0xCA, 0x7D, 0x01, 0xCD, 0xDA, 0x01, 0xA4, 0x24, 0x79, 0x7E, 0x07, 0xF0, 0x4F, 0x75,
    0xCF, 0x6D, 0x9D, 0x94, 0x6C, 0x4D, 0x62, 0xB0, 0xEC, 0xCE, 0xD4, 0x61, 0x70, 0xB8, 0x99, 0x82,
    0x60, 0xC3, 0x9B, 0xAD, 0xE2, 0xB0, 0x38, 0xB2, 0x83, 0x00, 0x20, 0x38, 0x00, 0x77, 0x70, 0x18,
    0xBC, 0x99, 0x2E, 0x09, 0x00, 0x0C, 0x00, 0x42, 0x00, 0x00, 0x59, 0x0C, 0xE6, 0x78, 0x73, 0x5D,
    0x01, 0x87, 0x40, 0xC5, 0x01, 0x60, 0x0B, 0x21, 0x88, 0x48, 0x6D, 0x52, 0xB2, 0x9D, 0x55, 0xDD,
    0xFF, 0xBC, 0x7F, 0x29, 0x5A, 0x66, 0x6E, 0xDC, 0xB8, 0xF7, 0x9E, 0x7E, 0xBC, 0xFA, 0xBD, 0xF6,
    0x5A, 0xD3, 0xDF, 0x8F, 0x5F, 0xFF, 0xFF, 0xFF, 0xFA, 0xF5, 0xC3, 0xB6, 0x46, 0x12, 0x1A, 0xAC,
    0x43, 0x8B, 0x6C, 0xAE, 0xF9, 0xA6, 0x45, 0x59, 0x76, 0x78, 0x5E, 0xF4, 0x98, 0xF2, 0x81, 0x64,
    0x88, 0x75, 0xDD, 0xC7, 0x9A, 0x75, 0xF9, 0x48, 0x1E, 0xC2, 0x8E, 0x6A, 0xAE, 0xCF, 0xAD, 0x27,
    0xA6, 0x58, 0x57, 0xA3, 0xF5, 0x5E, 0xBA, 0x93, 0x05, 0x55, 0xA8, 0xB7, 0xA1, 0xAD, 0x82, 0x10,
    0x1A, 0x80, 0x9F, 0xC3, 0x6A, 0x82, 0xF5, 0x01, 0x56, 0x7B, 0xF0, 0x0A, 0x80, 0x62, 0xFC, 0x61,
    0x12, 0x0E, 0xCF, 0xD2, 0xB1, 0x18, 0xF3, 0x2E, 0x1B, 0xCA, 0x26, 0x1B, 0xAA, 0xFA, 0xF2, 0x92,
    0xF7, 0x1B, 0x79, 0xB7, 0x51, 0x74, 0x9B, 0xBA, 0xEC, 0xAA, 0x6E, 0x3B, 0x16, 0x21, 0x8C, 0xAB,
    0xFD, 0x5F, 0x02, 0x9F, 0x60, 0x8B, 0xD0, 0x10, 0x6A, 0x1E, 0x01, 0x48, 0x6A, 0x98, 0x33, 0xA9,
    0x7A, 0xF8, 0xF3, 0x1E, 0xD6, 0x2D, 0xA4, 0x0D, 0x7C, 0x04, 0x70, 0x0A, 0x9B, 0x7B, 0xAC, 0x0E,
    0x66, 0x91, 0xE4, 0x31, 0x1E, 0xE1, 0x0C, 0x3F, 0xBA, 0x9A, 0x08, 0x14, 0x40, 0x05, 0xFC, 0x06,
    0xAC, 0x76, 0x20, 0xED, 0x40, 0x02, 0xB2, 0x16, 0x6C, 0x47, 0xC8, 0x0E, 0x01, 0xF2, 0x21, 0x40,
    0xDE, 0x3C, 0xF1, 0xB6, 0xCE, 0xCC, 0xB3, 0xF8, 0x2C, 0x40, 0x8B, 0xD0, 0x42, 0xB4, 0x18, 0x2D,
    0x48, 0x8B, 0xD2, 0xC2, 0xB4, 0x38, 0x2D, 0x50, 0x8B, 0xD4, 0x42, 0xB5, 0x58, 0x2D, 0x58, 0x8B,
    0xD6, 0xC2, 0x65, 0xF1, 0x82, 0x11, 0xEB, 0x11, 0xD9, 0x80, 0xA2, 0xC5, 0x0B, 0x5C, 0xDC, 0x25,
    0x0D, 0x35, 0x9B, 0x6F, 0x06, 0x42, 0x3E, 0xF0, 0x7A, 0xD5, 0x61, 0x71, 0x14, 0x21, 0x45, 0x49,
    0x91, 0x52, 0xB4, 0x14, 0x31, 0x45, 0x4D, 0x91, 0x53, 0xF4, 0x14, 0x41, 0x45, 0x51, 0x91, 0xD4,
    0xD1, 0x94, 0x11, 0x92, 0x09, 0x1C, 0x40, 0x59, 0x3B, 0x7A, 0xD6, 0x47, 0xCF, 0xC8, 0xB9, 0x68,
    0xCE, 0x98, 0xB3, 0xE5, 0xC9, 0xFA, 0x2C, 0xAF, 0xC9, 0x5B, 0xB3, 0xD8, 0x6A, 0xB7, 0x80, 0xDD,
    0xB9, 0x98, 0xC1, 0xA2, 0x57, 0xE4, 0x8A, 0x5A, 0x57, 0xED, 0xB9, 0xE5, 0xE3, 0xD6, 0x43, 0x35,
    0x1C, 0x3F, 0x6E, 0xAB, 0x0E, 0xD6, 0x2D, 0xAC, 0x6E, 0xA9, 0x11, 0xEE, 0x21, 0x09, 0x58, 0x05,
    0x28, 0xE0, 0x01, 0x9C, 0xE1, 0xE2, 0xE1, 0xCD, 0xF7, 0x97, 0xF2, 0xCB, 0x1A, 0xDB, 0xDF, 0xB6,
    0xF8, 0xEE, 0xDF, 0x1B, 0x7C, 0x1B, 0x6A, 0xF4, 0x6F, 0x80, 0xDB, 0x6A, 0x97, 0x8C, 0x9F, 0x4B,
    0xA7, 0x73, 0xF9, 0x2F, 0x2E, 0xAF, 0x62, 0x94, 0x65, 0x1D, 0x70, 0xFD, 0x3D, 0x76, 0x7A, 0x83,
    0x2B, 0xEF, 0x73, 0x37, 0x21, 0xF3, 0xFE, 0x3D, 0x50, 0x01, 0x2A, 0x70, 0x38, 0xEE, 0x02, 0x59,
    0x07, 0x09, 0x00, 0xC0, 0xAA, 0x7F, 0x82, 0xF5, 0x70, 0x31, 0xEB, 0x8D, 0xB0, 0x69, 0x4E, 0xA8,
    0x9A, 0x0C, 0xAC, 0x07, 0xB2, 0x81, 0xB2, 0xE1, 0x39, 0xEE, 0x02, 0xE5, 0xAA, 0x57, 0x7E, 0xD9,
    0xC9, 0x43, 0x6D, 0xBD, 0x73, 0x25, 0x3F, 0x76, 0x60, 0x02, 0x5B, 0x50, 0x36, 0x90, 0xF6, 0xA0,
    0xBE, 0xDD, 0x4E, 0x59, 0x43, 0xDE, 0x91, 0x0E, 0x24, 0x13, 0x4A, 0x24, 0x37, 0xE1, 0xE4, 0x29,
    0x64, 0x23, 0xE4, 0x3B, 0xB8, 0xF3, 0x1A, 0x0C, 0x90, 0xF4, 0x90, 0x34, 0xB7, 0x5B, 0xCB, 0x0F,
    0xB0, 0x6D, 0x08, 0x0D, 0x3F, 0x6B, 0xC8, 0x6A, 0x72, 0xFC, 0xF0, 0x26, 0xC4, 0xCA, 0xB4, 0x46,
    0xF8, 0xE7, 0x86, 0xE4, 0xBF, 0xBF, 0x89, 0xF5, 0xBF, 0x02, 0xF4, 0x17, 0xB7, 0x5B, 0x69, 0x35,
    0xFE, 0x4A, 0x16, 0x57, 0xF5, 0x17, 0xAF, 0xE5, 0xC5, 0xE8, 0xE3, 0xAC, 0xBB, 0x46, 0x9D, 0xAB,
    0x65, 0x3E, 0xFD, 0x2A, 0xFE, 0x96, 0xC2, 0x4D, 0xAD, 0xDE, 0x08, 0x21, 0x4C, 0x73, 0xDD, 0x53,
    0x0E, 0x5E, 0x90, 0x0F, 0x0A, 0x8A, 0xDE, 0x1D, 0x8A, 0xEE, 0x63, 0x94, 0xED, 0x23, 0x54, 0x61,
    0x3F, 0xD7, 0x69, 0x56, 0xBC, 0x98, 0xFD, 0x3E, 0x8F, 0xD5, 0x5F, 0x20, 0x80, 0xC0, 0x7D, 0xC9,
    0x81, 0x33, 0xAB, 0x83, 0x64, 0xB4, 0x0E, 0x3E, 0xED, 0x23, 0x51, 0x68, 0x6D, 0x2E, 0x2B, 0x00,
    0x2F, 0x11, 0x91, 0x90, 0x4D, 0xC7, 0xC7, 0x49, 0x0F, 0x96, 0xC4, 0x2E, 0x13, 0x4B, 0xFB, 0x20,
    0x6F, 0x2F, 0xB3, 0xD5, 0x1B, 0xD5, 0x47, 0x3B, 0xD5, 0xA6, 0xB1, 0xF9, 0x57, 0x36, 0x35, 0x55,
    0x93, 0x2A, 0xFB, 0x5F, 0xC8, 0xC2, 0x4E, 0xB2, 0x10, 0x7B, 0x48, 0x72, 0x60, 0x15, 0xCC, 0xBF,
    0x3D, 0x03, 0x70, 0x0F, 0x92, 0x00, 0xAB, 0x00, 0x0A, 0xF0, 0x00, 0x9C, 0x81, 0x87, 0xA7, 0xB4,
    0x79, 0x4A, 0x3A, 0x2D, 0x22, 0xE7, 0x78, 0x86, 0x01, 0x2F, 0xAF, 0x20, 0x92, 0x76, 0x3D, 0x8A,
    0x71, 0xC0, 0x17, 0xBF, 0x1E, 0xF0, 0xA4, 0xEA, 0xF1, 0x93, 0xA2, 0x39, 0x5D, 0xD2, 0xE2, 0xA7,
    0x8D, 0xCD, 0x6F, 0x5B, 0xFF, 0xF3, 0x6F, 0xAD, 0x31, 0xD4, 0xBE, 0x7E, 0x7E, 0x85, 0x84, 0x18,
    0x61, 0xB5, 0x83, 0x74, 0x80, 0xBC, 0x83, 0x2F, 0xC0, 0x5D, 0x78, 0x0E, 0x69, 0x68, 0x50, 0x7D,
    0x33, 0x62, 0xFB, 0xB3, 0x11, 0xE7, 0xAB, 0xFE, 0x74, 0x0A, 0xAC, 0x3B, 0x64, 0x3D, 0x8A, 0x16,
    0x55, 0x8D, 0x1D, 0xC9, 0x58, 0x53, 0x1C, 0x10, 0x36, 0x9D, 0xD5, 0xBE, 0xEC, 0x24, 0x43, 0xD6,
    0x60, 0x41, 0x9A, 0x95, 0x66, 0xA6, 0xD9, 0x49, 0x84, 0x9A, 0xA5, 0x66, 0xAA, 0xD9, 0x6A, 0xC6,
    0x9A, 0xB5, 0x66, 0xAE, 0xD9, 0x6B, 0x01, 0xCB, 0x1A, 0x33, 0xD1, 0x91, 0x2B, 0x99, 0x40, 0x05,
    0x12, 0x6E, 0xA9, 0xD8, 0xE3, 0xC5, 0x28, 0x62, 0xA5, 0x03, 0x26, 0xFC, 0x60, 0x8C, 0x56, 0x33,
    0x55, 0x94, 0x8A, 0x50, 0x57, 0xE9, 0xA5, 0x7B, 0x20, 0x40, 0x12, 0xC0, 0x57, 0x20, 0x07, 0x8F,
    0xC0, 0xC3, 0x5B, 0xEA, 0x83, 0xA7, 0xAC, 0x27, 0xD2, 0x89, 0xE4, 0x0C, 0xF1, 0x7A, 0x25, 0x19,
    0x5F, 0x5E, 0x9F, 0x51, 0xB2, 0xFB, 0x09, 0xD2, 0xFD, 0x13, 0x64, 0xFF, 0x70, 0x8E, 0xFC, 0xAB,
    0x1D, 0xD2, 0x2F, 0x7B, 0xE0, 0xB6, 0xEA, 0xA4, 0xFD, 0xD7, 0xF3, 0x42, 0xF8, 0xF8, 0xCD, 0x30,
    0x2F, 0x82, 0xF7, 0x8B, 0x06, 0x24, 0xD7, 0xDB, 0x41, 0xA7, 0xCF, 0x7F, 0xD5, 0xBD, 0xF7, 0x46,
    0x54, 0xDE, 0xBB, 0x2F, 0xDF, 0x3B, 0x3E, 0xA1, 0xC0, 0x03, 0x1C, 0x27, 0x95, 0xB6, 0xA1, 0x15,
    0x43, 0x14, 0x13, 0xF9, 0x18, 0x95, 0x66, 0x23, 0x65, 0x4F, 0xD5, 0x51, 0xB5, 0xF1, 0x8A, 0x32,
    0xD1, 0x85, 0x80, 0x40, 0x12, 0x44, 0x09, 0x69, 0xA0, 0x0A, 0xDD, 0x7C, 0x49, 0x6A, 0x45, 0x1F,
    0xB5, 0xFF, 0x6C, 0x90, 0xF4, 0xD6, 0xAD, 0x95, 0xF9, 0x8F, 0xF5, 0x2A, 0x48, 0x83, 0xE4, 0xC0,
    0x9E, 0xBD, 0x64, 0xB2, 0x9A, 0xAC, 0x77, 0xF1, 0x27, 0x9F, 0x6C, 0xE3, 0x41, 0xAE, 0xBE, 0xD6,
    0xB7, 0x82, 0xE4, 0x25, 0xD9, 0x40, 0xBE, 0x23, 0x1B, 0x59, 0x75, 0x80, 0x8F, 0x6A, 0x45, 0xA7,
    0xEA, 0x95, 0xBD, 0xAC, 0xF1, 0xE1, 0x6F, 0x70, 0x79, 0x69, 0x4C, 0x58, 0xCC, 0x2F, 0x05, 0xBF,
    0xDC, 0x21, 0x0B, 0xA1, 0xA1, 0x7A, 0xF9, 0xCB, 0x5E, 0xB2, 0x97, 0x8D, 0xD6, 0xA3, 0xF5, 0x24,
    0xEF, 0xAD, 0xF6, 0x8A, 0x56, 0x72, 0x50, 0xB5, 0x04, 0x55, 0x43, 0xB0, 0xA9, 0x39, 0xC4, 0x10,
    0xC9, 0x3E, 0xD6, 0xD5, 0x14, 0x43, 0xAD, 0x77, 0xAA, 0x56, 0x3A, 0xC4, 0x9A, 0x77, 0x8A, 0x41,
    0x55, 0xCB, 0xF6, 0x1F, 0xED, 0x49, 0x42, 0xE8, 0x51, 0x1C, 0x00, 0x58, 0x35, 0x98, 0x8D, 0x28,
    0x86, 0xE3, 0xE3, 0xB4, 0x01, 0xE0, 0xD3, 0x1D, 0x21, 0xD4, 0xEB, 0x7E, 0xD3, 0xE6, 0x4D, 0xD1,
    0x97, 0x75, 0x3E, 0x54, 0xB2, 0xA1, 0x92, 0x0E, 0x9B, 0x3A, 0xED, 0xAB, 0x26, 0x6B, 0xAB, 0xF8,
    0xCC, 0xF8, 0xC2, 0xB1, 0x99, 0xF0, 0x73, 0x92, 0x3D, 0xEB, 0x83, 0x59, 0xD6, 0x2B, 0x00, 0x4F,
    0x11, 0x83, 0x21, 0x9D, 0x6B, 0x72, 0x06, 0xE6, 0xEA, 0x15, 0x78, 0x0A, 0xA7, 0xB1, 0x39, 0x0E,
    0xE6, 0xC3, 0xDB, 0x83, 0xF9, 0x2B, 0x89, 0xAC, 0xFA, 0xB7, 0x0F, 0x3F, 0x55, 0x0D, 0x13, 0xA8,
    0x61, 0x19, 0xC3, 0x43, 0xD8, 0xF4, 0x24, 0x87, 0xA2, 0xC7, 0x98, 0xB6, 0xA7, 0xD3, 0x78, 0xFF,
    0xD4, 0xFD, 0xFC, 0xF7, 0x4D, 0xDD, 0x7B, 0x47, 0xA4, 0xA8, 0x24, 0x32, 0x89, 0x4E, 0x22, 0x94,
    0x28, 0x25, 0x52, 0x89, 0x56, 0x22, 0x96, 0xA8, 0x25, 0x72, 0x39, 0x1E, 0x81, 0x14, 0xA0, 0x7C,
    0xE7, 0x20, 0xE4, 0x02, 0xDC, 0xE1, 0x96, 0x8A, 0xFD, 0xFE, 0x81, 0xFB, 0xF9, 0xDB, 0x23, 0xBF,
    0xFE, 0x2A, 0xBD, 0xF4, 0xD7, 0xB0, 0x9E, 0xE6, 0xBA, 0x87, 0xE4, 0x09, 0x38, 0x03, 0xAF, 0xC1,
    0xDF, 0xDC, 0x52, 0x9F, 0x3F, 0x34, 0x6C, 0x3F, 0x7F, 0x78, 0x93, 0x6D, 0x65, 0x3D, 0x7C, 0x8D,
    0x7C, 0x37, 0xA2, 0x38, 0x1F, 0xF1, 0xB8, 0x1A, 0xF0, 0x20, 0x6F, 0x80, 0x5B, 0xCA, 0xF6, 0xFF,
    0xE7, 0xEC, 0x5F, 0x8D, 0xB2, 0xB4, 0x03, 0xAE, 0xB7, 0xB5, 0x4E, 0x9F, 0xFF, 0xCA, 0x5B, 0xD6,
    0x4D, 0xA8, 0xBC, 0x7F, 0x3B, 0xCB, 0x1B, 0x28, 0x1B, 0xA8, 0xC0, 0x1E, 0xD6, 0xFD, 0x67, 0x48,
    0xFC, 0x29, 0xF8, 0x38, 0x8A, 0xED, 0x1F, 0xCC, 0x62, 0xFB, 0x59, 0x6C, 0xE7, 0xE6, 0xC5, 0xD2,
    0x96, 0xBC, 0xA3, 0x6C, 0x79, 0x41, 0x32, 0xDE, 0xA7, 0xFE, 0x18, 0xB9, 0x4F, 0xF7, 0xB9, 0x10,
    0x0E, 0x97, 0x0E, 0xBB, 0x0F, 0x77, 0x38, 0x03, 0x1B, 0x50, 0x1D, 0x57, 0x66, 0xC9, 0xF8, 0x19,
    0xDC, 0x3D, 0x5D, 0xD6, 0x77, 0x6F, 0x3C, 0x2F, 0xEE, 0x73, 0xE7, 0x0A, 0x59, 0xFF, 0xD0, 0x31,
    0xE5, 0x33, 0x78, 0x7A, 0xBA, 0xC4, 0xEF, 0x39, 0xA6, 0xDC, 0xE7, 0x47, 0x57, 0x48, 0x5D, 0xFC,
    0x6D, 0x8B, 0xEA, 0x77, 0x1D, 0x7E, 0xFD, 0x5D, 0x8B, 0x5D, 0xF8, 0x7B, 0xFC, 0xEA, 0xC5, 0x09,
    0x93, 0x66, 0xFF, 0xD2, 0x2B, 0xBF, 0x1D, 0x3C, 0xF9, 0x7E, 0x70, 0xB6, 0xF9, 0x0F, 0x9F, 0x97,
    0x7F, 0xF5, 0xC7, 0x27, 0xE4, 0x33, 0xF0, 0x41, 0x79, 0x4E, 0xBF, 0x92, 0xDD, 0xC7, 0x55, 0xBA,
    0xF8, 0xBD, 0x2B, 0x57, 0x15, 0xFA, 0x3C, 0x34, 0x97, 0xB5, 0x08, 0x4D, 0x76, 0x88, 0x59, 0xD3,
    0xC9, 0x6A, 0x90, 0xEE, 0xAC, 0x87, 0x19, 0xA0, 0x97, 0x5F, 0xD6, 0x4E, 0x3E, 0x48, 0xDB, 0x58,
    0xB3, 0x56, 0xD1, 0xCB, 0x5B, 0x65, 0x27, 0x6F, 0x54, 0x97, 0xB5, 0x56, 0xB5, 0x0A, 0xB1, 0x56,
    0x73, 0x7D, 0x4E, 0xD5, 0x99, 0x28, 0xC6, 0x74, 0x98, 0x59, 0x5B, 0x6C, 0xFF, 0x17, 0xC7, 0x5B,
    0x27, 0x94, 0x2D, 0x54, 0x3D, 0x94, 0x1D, 0x64, 0x35, 0x80, 0xCD, 0x58, 0x4D, 0xDB, 0xA1, 0xDA,
    0x15, 0x43, 0xB6, 0xCB, 0x87, 0x74, 0xCC, 0xFB, 0x74, 0x88, 0x33, 0xF5, 0xA2, 0xCD, 0x87, 0xB2,
    0xCD, 0xFB, 0xB2, 0x2D, 0xBA, 0xAA, 0xAD, 0xBA, 0xEA, 0x9F, 0xFE, 0x73, 0x2C, 0xC3, 0x3F, 0xEE,
    0xB2, 0x65, 0x96, 0xEE, 0xC7, 0x38, 0x90, 0x04, 0x04, 0x3C, 0x03, 0xF0, 0x14, 0x31, 0x1B, 0xF2,
    0xC9, 0x72, 0x22, 0x63, 0xD1, 0x18, 0x40, 0xC3, 0xE9, 0x6C, 0xEE, 0x91, 0x04, 0xEF, 0xDE, 0x63,
    0x3F, 0xBC, 0x9A, 0x08, 0x39, 0xA8, 0x6A, 0xD8, 0x42, 0x32, 0xA9, 0x49, 0x3B, 0x1D, 0x09, 0x03,
    0x18, 0xE6, 0xCC, 0xFD, 0x31, 0xF3, 0xE0, 0x98, 0xB9, 0x9F, 0x33, 0x77, 0x73, 0xE6, 0xF6, 0x9D,
    0xCC, 0xCD, 0x9C, 0xB9, 0x9E, 0x33, 0x3B, 0x66, 0xFE, 0xC2, 0x31, 0xF3, 0xCE, 0x31, 0x73, 0x83,
    0xED, 0x0E, 0xAC, 0x3B, 0xC8, 0x7A, 0x28, 0x5A, 0xD8, 0x80, 0x9D, 0x1C, 0xB5, 0x0C, 0xA4, 0xF5,
    0x65, 0xFA, 0x7D, 0x56, 0x5F, 0xE6, 0x0F, 0xC1, 0xA5, 0xC0, 0xF7, 0x7B, 0xD1, 0x80, 0xA8, 0x40,
    0x74, 0x20, 0x4A, 0x10, 0x2D, 0x88, 0x1A, 0x44, 0x0F, 0xA2, 0x08, 0xD1, 0x84, 0xA3, 0x0A, 0xBC,
    0x06, 0x6F, 0xC0, 0x06, 0x14, 0xAD, 0x5A, 0x0C, 0xDD, 0xE1, 0xEE, 0x09, 0x65, 0xDE, 0xBD, 0xF9,
    0x59, 0x0F, 0xE0, 0x42, 0x8E, 0x3B, 0x37, 0x24, 0xF3, 0x01, 0x9F, 0x96, 0x1A, 0xB3, 0x8F, 0xE6,
    0x64, 0x3E, 0x1F, 0xF0, 0x45, 0x51, 0x8E, 0x87, 0x37, 0xAC, 0x54, 0xFE, 0xB4, 0x71, 0xFC, 0x87,
    0x9D, 0xB6, 0xE6, 0xDB, 0x50, 0x77, 0x0C, 0x6F, 0x4E, 0x28, 0x93, 0xF6, 0xC3, 0xF1, 0xCB, 0xA4,
    0x37, 0xCB, 0x97, 0x49, 0x39, 0x8F, 0x8A, 0xE6, 0x66, 0x35, 0x50, 0x83, 0x0E, 0x4E, 0x28, 0xF0,
    0xC1, 0xBB, 0x0C, 0xE4, 0xE0, 0x46, 0x65, 0x7E, 0x0C, 0x0E, 0x90, 0x04, 0x10, 0xC0, 0x33, 0x00,
    0x38, 0x07, 0xBF, 0x01, 0x55, 0x0D, 0x79, 0x8B, 0x48, 0x05, 0x77, 0x01, 0x36, 0x61, 0x2C, 0x43,
    0xBD, 0x09, 0x43, 0x15, 0xEA, 0x3C, 0xD4, 0x11, 0xF0, 0x20, 0x6F, 0xAD, 0x82, 0x12, 0xA1, 0x3E,
    0xC7, 0xB6, 0x1D, 0x59, 0x0E, 0x71, 0xE5, 0x2C, 0x93, 0x87, 0xB7, 0x67, 0xC9, 0xD9, 0x08, 0xF9,
    0xF0, 0xF6, 0x19, 0x64, 0x33, 0x62, 0x1D, 0x0E, 0x73, 0xDD, 0x43, 0xBE, 0x9C, 0xAA, 0xF3, 0x9E,
    0xD5, 0x88, 0xE7, 0xB8, 0x03, 0xCA, 0x90, 0x1F, 0xAA, 0xCB, 0x2B, 0xDB, 0xAD, 0x2F, 0x9D, 0xD6,
    0xED, 0x7A, 0x97, 0xD7, 0xAB, 0xE9, 0xB1, 0x64, 0x3A, 0xE7, 0x30, 0x12, 0x7A, 0xB6, 0x2D, 0x9B,
    0x9A, 0x2F, 0x30, 0x91, 0x8C, 0xAC, 0x7B, 0x73, 0xBE, 0x02, 0x4F, 0xF0, 0xC9, 0x69, 0x92, 0x01,
    0x9F, 0x80, 0x2D, 0x08, 0x0D, 0x84, 0x1A, 0x1E, 0x81, 0xEB, 0xC9, 0xF9, 0x27, 0x3C, 0xA9, 0x1A,
    0x9F, 0x6C, 0x96, 0xF1, 0xF3, 0x83, 0xB7, 0x56, 0xDA, 0xE9, 0x18, 0xC2, 0x39, 0x78, 0x06, 0x06,
    0xF0, 0x12, 0x9C, 0xC8, 0xE8, 0x1E, 0x02, 0x49, 0xA8, 0xF9, 0x0A, 0xF9, 0x42, 0x73, 0xEF, 0xDA,
    0x3B, 0x80, 0xE2, 0xEF, 0x5A, 0x6C, 0x7E, 0xD7, 0xE2, 0xFB, 0xEF, 0x5A, 0x8C, 0xA1, 0xC1, 0xAB,
    0x17, 0x27, 0x14, 0x58, 0xF7, 0x5F, 0xCB, 0x77, 0xA3, 0xF2, 0x7C, 0x9C, 0x47, 0x45, 0xF7, 0xF3,
    0xE6, 0xBA, 0x93, 0xFF, 0x1F, 0x6D, 0x92, 0x45, 0xD4, 0xE4, 0x34, 0x1C, 0xC0, 0x7F, 0x4D, 0x67,
    0x37, 0x3C, 0xFA, 0x1E, 0x1D, 0xDC, 0x29, 0xEE, 0x4C, 0x8F, 0xE8, 0x7C, 0x0D, 0x70, 0xC3, 0xF5,
    0x8A, 0xDF, 0x0F, 0xB8, 0xCD, 0xD7, 0xB2, 0x7B, 0x44, 0xEF, 0xB8, 0xBB, 0xAF, 0xDB, 0x04, 0x77,
    0x28, 0x7A, 0xA5, 0xB8, 0x9C, 0xC2, 0x12, 0xD8, 0x1E, 0xD2, 0x09, 0xD9, 0x29, 0x0E, 0xFF, 0xF7,
    0x7E, 0x49, 0xFE, 0x1E, 0x03, 0x0A, 0xDF, 0x96, 0xDE, 0xC2, 0x7C, 0xE9, 0x7D, 0x55, 0x86, 0x41,
    0xCD, 0x95, 0x59, 0xE9, 0xBB, 0xFF, 0xDA, 0x81, 0xB0, 0x0C, 0x86, 0xA9, 0x9F, 0x5B, 0x2E, 0x12,
    0x4D, 0x5A, 0x15, 0x94, 0x6A, 0xAA, 0x0B, 0x9D, 0x03, 0xA8, 0xA4, 0xCE, 0x4C, 0x6A, 0x13, 0x23,
    0x83, 0x67, 0xC2, 0x10, 0xCE, 0x12, 0x36, 0x71, 0xD2, 0x09, 0x27, 0x6C, 0x5C, 0x67, 0xEC, 0x04,
    0x07, 0x0A, 0x15, 0x99, 0x11, 0x89, 0x6E, 0xC9, 0x97, 0x5B, 0x8A, 0x37, 0x5A, 0x8A, 0xEF, 0x1C,
    0xC5, 0x57, 0x8E, 0xF4, 0x44, 0xCB, 0x1F, 0x12, 0xD7, 0x37, 0x92, 0x6E, 0x9E, 0x91, 0xFD, 0xEA,
    0x49, 0xAD, 0x47, 0x9A, 0x4D, 0xF3, 0x9C, 0x51, 0x5C, 0x73, 0xD9, 0xB6, 0xC0, 0x59, 0x03, 0x84,
    0x2D, 0x48, 0x9C, 0xAF, 0xA4, 0x9B, 0x6A, 0xE1, 0x8A, 0x2A, 0xE8, 0xF3, 0xBC, 0x4C, 0x34, 0xEC,
    0x14, 0x01, 0xD1, 0x59, 0x90, 0x34, 0x81, 0x3A, 0xA0, 0x21, 0xDD, 0x4A, 0x15, 0x50, 0x14, 0xDE,
    0xEB, 0x32, 0x40, 0x0E, 0x2C, 0x00, 0x63, 0x60, 0x02, 0x6C, 0x00, 0x5C, 0x4F, 0xD4, 0x82, 0xB0,
    0x3D, 0xB1, 0xE9, 0x91, 0x0D, 0x2C, 0xBD, 0x03, 0x7A, 0xE7, 0x56, 0x0C, 0xBD, 0xB3, 0x09, 0xD4,
    0xA4, 0xDE, 0x9B, 0x2C, 0x40, 0xF2, 0x67, 0xAF, 0x00, 0x90, 0x41, 0xD9, 0xDF, 0x9D, 0xFA, 0xDF,
    0x5E, 0xAE, 0x2F, 0x47, 0x2F, 0xC2, 0x90, 0xB5, 0x94, 0x1D, 0x53, 0x4F, 0xE9, 0x29, 0x66, 0xA4,
    0x16, 0x59, 0xB1, 0x84, 0x01, 0xC3, 0x5C, 0x6D, 0x8C, 0xDA, 0xE9, 0x4B, 0x3E, 0xEE, 0x4A, 0xED,
    0x4F, 0x9E, 0xE5, 0x6A, 0x53, 0xD4, 0x06, 0x33, 0x67, 0xF1, 0x38, 0xBD, 0x24, 0x5E, 0x03, 0x40,
    0x16, 0x1B, 0x64, 0x05, 0x8C, 0xA3, 0x96, 0x14, 0xE0, 0x46, 0x1C, 0x27, 0xF4, 0x8B, 0x0D, 0x18,
    0x80, 0x09, 0x1B, 0x62, 0x0D, 0xB0, 0xC0, 0x86, 0x14, 0x80, 0x1C, 0x3B, 0x0F, 0x21, 0xFD, 0xA8,
    0x31, 0x00, 0x08, 0xBF, 0xEC, 0xA5, 0xB5, 0xE4, 0x15, 0x90, 0x9C, 0xEA, 0x5F, 0xF2, 0x2D, 0x70,
    0x54, 0xFE, 0xCD, 0x96, 0xBA, 0x03, 0x56, 0x94, 0xAA, 0xAC, 0x0A, 0x10, 0xF5, 0x46, 0x4A, 0x95,
    0x2B, 0x12, 0xD5, 0x86, 0x45, 0xA6, 0xD8, 0x07, 0x8B, 0xAF, 0x52, 0xC5, 0xB5, 0xAC, 0x10, 0x5E,
    0xA7, 0x44, 0x0D, 0xC7, 0xC8, 0x2D, 0xF5, 0x3E, 0xC8, 0x8A, 0x7D, 0xCA, 0x97, 0xED, 0x8D, 0x6C,
    0x07, 0x62, 0x46, 0x59, 0xF3, 0xA7, 0x84, 0xAF, 0x62, 0x64, 0x9D, 0xE8, 0x54, 0x65, 0x8C, 0xD9,
    0x89, 0xF9, 0xB3, 0x9A, 0x45, 0x64, 0xED, 0x48, 0xB4, 0x0D, 0xDF, 0xC4, 0x90, 0xC5, 0x35, 0xE3,
    0x58, 0xF7, 0xCF, 0x3C, 0x60, 0x81, 0x56, 0x36, 0x79, 0xB5, 0x89, 0x4D, 0xE4, 0x2A, 0xD1, 0xC2,
    0xB0, 0x02, 0x06, 0x90, 0x82, 0xD4, 0x04, 0x15, 0x07, 0x05, 0x2C, 0x22, 0x5A, 0x92, 0x9A, 0x9C,
    0xFE, 0x0E, 0x60, 0x4F, 0x5F, 0x45, 0xDE, 0x5B, 0xD9, 0x49, 0x97, 0x7D, 0xB9, 0xAC, 0x2B, 0xDE,
    0xF9, 0xB2, 0x9B, 0x3E, 0xBB, 0xD9, 0x65, 0xE5, 0xCF, 0x2D, 0xF9, 0xE7, 0x86, 0xDC, 0x6B, 0xF2,
    0x19, 0xE4, 0x4D, 0x40, 0xFD, 0xF5, 0x55, 0x76, 0x02, 0x36, 0x80, 0xF0, 0x3D, 0x74, 0xC0, 0x10,
    0x7A, 0x0F, 0x40, 0x0E, 0xC0, 0x91, 0xFD, 0x54, 0x8E, 0xB6, 0x99, 0xDB, 0xEE, 0x9A, 0x00, 0x88,
    0xCF, 0x3C, 0xC0, 0x92, 0xC5, 0x87, 0x00, 0xFC, 0x13, 0x0A, 0xA0, 0xBB, 0xC2, 0x00, 0xDC, 0xF7,
    0x93, 0x03, 0xC0, 0xAE, 0x00, 0xA2, 0x93, 0xCC, 0xF0, 0x2C, 0x90, 0x1F, 0xDE, 0x87, 0x0B, 0xF7,
    0xAE, 0x31, 0x8E, 0xEC, 0x8D, 0x9B, 0x84, 0xB3, 0xFB, 0xCA, 0xEF, 0xB2, 0x6A, 0xE3, 0x0B, 0x96,
    0x55, 0x53, 0xBD, 0xE7, 0xBD, 0x6D, 0x74, 0xE1, 0xE3, 0x9C, 0xFF, 0xE3, 0x1D, 0xC5, 0x8F, 0x77,
    0xC8, 0xEE, 0x71, 0x8A, 0x5B, 0x5C, 0xFC, 0xCB, 0x07, 0xD5, 0x6E, 0x47, 0x95, 0x62, 0xF9, 0x3B,
    0x86, 0xF1, 0x08, 0xF9, 0x4A, 0xCD, 0x64, 0x40, 0xA2, 0x15, 0x87, 0xC2, 0xD2, 0x0A, 0x80, 0x14,
    0xF8, 0xE3, 0x1E, 0x0C, 0x40, 0xFF, 0x0B, 0x12, 0x05, 0x70, 0x14, 0x00, 0x2B, 0x00, 0x44, 0xFD,
    0x6F, 0xF3, 0xB5, 0x00, 0x51, 0x03, 0xF4, 0x9F, 0x8B, 0x7D, 0x7A, 0xF3, 0xBF, 0x4B, 0xFD, 0xBD,
    0x03, 0xE5, 0xD7, 0x51, 0x23, 0xFD, 0x4C, 0xDA, 0xB4, 0xF6, 0x67, 0xBA, 0x42, 0x95, 0xB7, 0xB7,
    0x05, 0xC5, 0xED, 0x26, 0xAC, 0xCE, 0x34, 0xC7, 0xE2, 0xD3, 0x9A, 0xD8, 0xA5, 0x9A, 0xCC, 0x64,
    0x9A, 0xA9, 0xCA, 0x94, 0xB0, 0x64, 0xC8, 0x9A, 0x9C, 0x44, 0x33, 0x62, 0xA9, 0x62, 0x4C, 0x04,
    0x43, 0x72, 0x15, 0x39, 0x4A, 0x1D, 0x77, 0x14, 0x75, 0x3C, 0x0B, 0x2A, 0x2D, 0x03, 0x18, 0xF2,
    0x1B, 0x9D, 0xD1, 0x21, 0x88, 0x54, 0x41, 0x1C, 0xC7, 0xF1, 0xEF, 0xCC, 0xC0, 0x8E, 0x32, 0x70,
    0x53, 0x0E, 0x0D, 0x0A, 0xAF, 0x07, 0x79, 0xD5, 0xB2, 0x37, 0x03, 0x82, 0x5B, 0xED, 0xC5, 0x62,
    0xD6, 0x72, 0xE1, 0xC2, 0xEE, 0xBE, 0xC1, 0x0B, 0x57, 0x6D, 0x46, 0x7B, 0x33, 0x5C, 0x3C, 0x7C,
    0x83, 0x76, 0x98, 0x0B, 0xF6, 0xE9, 0x69, 0xC2, 0x0B, 0xEF, 0x60, 0xEF, 0x8D, 0xCB, 0x83, 0x5B,
    0x54, 0x41, 0x39, 0xF9, 0xFF, 0xBF, 0x1D, 0x7E, 0x1F, 0x00, 0xDA, 0x8C, 0xA8, 0x3B, 0x74, 0xD9,
    0x62, 0xA3, 0xA3, 0xF1, 0x2D, 0x2D, 0x0E, 0xC7, 0x09, 0x8E, 0x35, 0x0D, 0x03, 0xF6, 0x22, 0x21,
    0x27, 0x00, 0xD0, 0x1F, 0xD0, 0x05, 0x9D, 0xB0, 0x91, 0x06, 0xD6, 0x88, 0xF2, 0x4A, 0x7D, 0xCB,
    0x56, 0x25, 0x57, 0x27, 0x57, 0x6F, 0xD1, 0x11, 0x13, 0xB0, 0x1E, 0x00, 0x44, 0xA2, 0xAB, 0x91,
    0xBE, 0x42, 0x01, 0x91, 0x41, 0x7D, 0xF7, 0xA8, 0x3A, 0x22, 0x16, 0x13, 0xD0, 0xCD, 0x3D, 0xE0,
    0x0B, 0x4B, 0x76, 0xB8, 0xD5, 0x80, 0xA9, 0x01, 0x00, 0x9E, 0xDC, 0xC2, 0x65, 0xE3, 0x55, 0x3C,
    0xC2, 0x7A, 0x68, 0xFA, 0x80, 0xBB, 0x28, 0x9C, 0x30, 0xB2, 0x66, 0xC7, 0xD5, 0xDC, 0xC0, 0x46,
    0x14, 0xDC, 0x2A, 0x62, 0x6E, 0x00, 0x40, 0xD7, 0x8A, 0xDD, 0xF7, 0x74, 0x7F, 0xF0, 0x19, 0x64,
    0x04, 0x0B, 0xAC, 0x41, 0x14, 0xD0, 0x09, 0x9A, 0x00, 0xCE, 0x43, 0x07, 0x3C, 0x02, 0x78, 0x97,
    0x64, 0x2E, 0x3A, 0x9E, 0x9A, 0x70, 0x69, 0xAE, 0xB3, 0xAA, 0x41, 0x54, 0x6F, 0x3E, 0xA5, 0xA5,
    0xCA, 0xCF, 0x45, 0x3E, 0x93, 0x69, 0x69, 0x82, 0xB9, 0x81, 0x76, 0x40, 0x0C, 0x5B, 0x74, 0x6C,
    0xB1, 0xA1, 0xF1, 0x73, 0xB1, 0xC5, 0xA4, 0x1E, 0x59, 0x27, 0xE0, 0x8A, 0x63, 0x06, 0xCE, 0x64,
    0x66, 0x63, 0x02, 0xCD, 0x08, 0xFF, 0xDA, 0xB8, 0xFD, 0x7D, 0xE3, 0xC7, 0xD8, 0x09, 0x35, 0x22,
    0x06, 0x44, 0x41, 0x16, 0xD4, 0xFE, 0x33, 0x3A, 0x63, 0x0B, 0xFD, 0x0E, 0xFA, 0xA4, 0xBF, 0x16,
    0xFB, 0xBE, 0x2C, 0xCE, 0x33, 0x36, 0xB0, 0x41, 0x26, 0x8E, 0x38, 0x75, 0x35, 0xF7, 0x35, 0x02,
    0xA2, 0x0F, 0xE6, 0x3C, 0xD9, 0x17, 0x69, 0xB1, 0x8A, 0xBC, 0x45, 0x55, 0x2F, 0x5E, 0x27, 0x4C,
    0xC2, 0xC6, 0x37, 0x9D, 0xEF, 0xC6, 0x9F, 0x19, 0xF3, 0x81, 0x91, 0x3B, 0xC6, 0xF6, 0x9E, 0x8C,
    0x2F, 0x0F, 0x8C, 0x3C, 0x64, 0xFB, 0x57, 0x46, 0x73, 0xC7, 0xF8, 0x71, 0x66, 0x64, 0x73, 0x60,
    0x1C, 0xFF, 0x8F, 0x31, 0xFE, 0xC1, 0x28, 0x72, 0x51, 0x33, 0xA3, 0xBE, 0x2E, 0x07, 0xC6, 0x67,
    0xF2, 0x9E, 0x8C, 0x6B, 0x8E, 0x19, 0x7F, 0x61, 0xFC, 0x01, 0x85, 0x95, 0x21, 0x8C, 0x1F, 0x37,
    0x16, 0xC6, 0xBF, 0x99, 0xC9, 0x65, 0xC0, 0x00, 0x87, 0x1D, 0x38, 0x60, 0x72, 0xF8, 0x4C, 0x8F,
    0xEC, 0x7A, 0x56, 0x91, 0x8E, 0xE6, 0x38, 0x29, 0x47, 0x8B, 0xCA, 0xB6, 0x9A, 0x91, 0x02, 0x02,
    0x37, 0x9C, 0x34, 0x65, 0x55, 0x49, 0x03, 0x0B, 0xB6, 0x3B, 0x4E, 0x03, 0x0A, 0x16, 0xC4, 0x52,
    0x41, 0x40, 0x41, 0xAC, 0x34, 0xA0, 0x2C, 0xD6, 0xEE, 0xAC, 0xEA, 0x26, 0x9E, 0x79, 0x7D, 0x9F,
    0xB6, 0x4A, 0xBB, 0x0D, 0xA8, 0xB5, 0xFA, 0xF9, 0xC9, 0xE3, 0xE7, 0xE7, 0xF7, 0xF9, 0xFB, 0x6B,
    0xD1, 0xFC, 0x6F, 0x04, 0x86, 0x8B, 0x59, 0xF1, 0x42, 0x61, 0x4E, 0x47, 0xC5, 0xD7, 0x3B, 0x60,
    0x45, 0x22, 0x26, 0xB1, 0xB9, 0x91, 0xF3, 0xBE, 0x76, 0x72, 0xD0, 0xD5, 0x61, 0x57, 0x98, 0xED,
    0xA4, 0x8F, 0xB6, 0x9E, 0x01, 0xAE, 0x16, 0xC0, 0xD7, 0x55, 0x51, 0x88, 0xEB, 0xAC, 0xB8, 0xCC,
    0xB8, 0xE7, 0xAF, 0x12, 0x56, 0x7F, 0x15, 0xBB, 0x64, 0xDF, 0x47, 0x13, 0x8C, 0x3C, 0x5B, 0xD0,
    0x8B, 0xAC, 0x18, 0xDE, 0xEE, 0xE3, 0xEF, 0x25, 0x3E, 0x81, 0xC2, 0xE2, 0x8F, 0x21, 0x22, 0xE5,
    0x66, 0xAA, 0x00, 0x7C, 0x6E, 0x36, 0x00, 0x36, 0xE1, 0x10, 0x80, 0x8B, 0xB8, 0xC3, 0xC5, 0xA0,
    0xE0, 0x84, 0x2F, 0x36, 0x4E, 0xFD, 0x8F, 0x02, 0x4C, 0x9A, 0x37, 0x01, 0x8B, 0x48, 0xF2, 0x80,
    0x60, 0x0A, 0xDF, 0x70, 0xF2, 0x33, 0xD0, 0xE8, 0x34, 0xEA, 0xB4, 0x63, 0x02, 0xD0, 0x6E, 0x58,
    0x00, 0x74, 0x1B, 0x04, 0xC0, 0xB0, 0xB7, 0x32, 0x32, 0xED, 0x95, 0x24, 0x4E, 0x6F, 0x39, 0x01,
    0xC7, 0x6B, 0x46, 0xC7, 0xAB, 0x9A, 0xD5, 0x16, 0xAD, 0xDB, 0x56, 0x96, 0x23, 0xF0, 0x5F, 0x82,
    0x1F, 0x77, 0x36, 0xB3, 0x01, 0x26, 0xF3, 0x9C, 0x7C, 0x7B, 0x2D, 0xE1, 0x29, 0x5C, 0x68, 0x13,
    0x26, 0x0C, 0xA1, 0x2D, 0xCD, 0x82, 0x89, 0x1F, 0x16, 0x76, 0x07, 0xBF, 0xA2, 0x95, 0x15, 0xBE,
    0x6A, 0x4A, 0xC6, 0xB0, 0x03, 0xCB, 0x8C, 0x41, 0x46, 0x36, 0x69, 0x24, 0xE0, 0x40, 0xA7, 0x25,
    0xE3, 0x04, 0xB0, 0x6E, 0x05, 0x25, 0x36, 0x15, 0x45, 0x77, 0x70, 0x44, 0x43, 0x72, 0x17, 0xA6,
    0xD7, 0x19, 0xBA, 0x8B, 0x62, 0xEB, 0x2E, 0xC3, 0xAB, 0x57, 0xDD, 0x15, 0x81, 0x82, 0x4E, 0xA7,
    0xA6, 0x00, 0xBA, 0xB1, 0xAF, 0xC0, 0x12, 0xE0, 0x05, 0x94, 0x83, 0x93, 0x9D, 0x41, 0x85, 0x47,
    0x90, 0x99, 0x32, 0xFF, 0xAB, 0x50, 0xE5, 0xAE, 0x52, 0x64, 0x95, 0xDC, 0x08, 0x3F, 0xDC, 0x50,
    0x93, 0xFA, 0x02, 0x4C, 0xE3, 0x71, 0x06, 0x1B, 0x60, 0xAE, 0xBC, 0x81, 0x12, 0x00, 0x55, 0x25,
    0x37, 0xB2, 0xAD, 0x64, 0x47, 0x62, 0xD8, 0xC8, 0x45, 0x02, 0xC9, 0x1C, 0x18, 0x59, 0x9D, 0x64,
    0x27, 0xA3, 0x06, 0x5E, 0x92, 0x97, 0xB1, 0xD7, 0x78, 0xE3, 0xF5, 0xDA, 0x9D, 0xEC, 0x32, 0x4F,
    0xEB, 0x34, 0x88, 0x68, 0x84, 0xC1, 0x10, 0x58, 0x65, 0xA8, 0xB0, 0x60, 0xA0, 0x9B, 0x0F, 0x19,
    0x8C, 0x6E, 0xA7, 0x38, 0x58, 0xC6, 0xCF, 0x04, 0xB4, 0x9C, 0x08, 0x07, 0x7D, 0xCA, 0xC1, 0x9A,
    0xFE, 0x79, 0x5C, 0x1E, 0xB0, 0xAA, 0xBF, 0x98, 0xA7, 0xCF, 0x01, 0xC0, 0xBD, 0xC5, 0x74, 0xCE,
    0xC0, 0xEE, 0x54, 0x9E, 0x41, 0x85, 0x5F, 0x19, 0x98, 0x02, 0x9F, 0xC1, 0x20, 0xD3, 0x63, 0x60,
    0x83, 0xC5, 0xC4, 0x46, 0x64, 0x37, 0xB1, 0x15, 0x11, 0x1B, 0xB4, 0xB5, 0xC5, 0x85, 0xAE, 0x60,
    0xF1, 0x73, 0x77, 0x5D, 0xCF, 0x55, 0x93, 0xCB, 0xBA, 0xFB, 0x71, 0xB8, 0x2C, 0xDB, 0x84, 0xE1,
    0xEA, 0xBA, 0x2E, 0x30, 0x3F, 0x5D, 0xD7, 0x1D, 0xE6, 0xE5, 0x65, 0xD9, 0x61, 0x2F, 0xAE, 0xCA,
    0x06, 0x77, 0xA1, 0x4B, 0x70, 0x2F, 0x7E, 0xB8, 0xAC, 0xF0, 0xA7, 0xB1, 0x55, 0x3E, 0x48, 0x7A,
    0xC8, 0x64, 0xE8, 0xAD, 0x65, 0xA0, 0xBA, 0xE7, 0x0D, 0x49, 0xF5, 0x08, 0x07, 0xA0, 0xDF, 0x01,
    0xF6, 0x4A, 0x29, 0x19, 0xF1, 0xB3, 0x95, 0x84, 0xE3, 0x5F, 0x0A, 0x5A, 0x26, 0x0E, 0xAB, 0xCB,
    0xB0, 0xC1, 0x64, 0xF8, 0x91, 0xA0, 0xDD, 0xB4, 0x7C, 0x54, 0xD8, 0xA0, 0x70, 0x84, 0x0F, 0xFA,
    0xA7, 0x59, 0x4E, 0x96, 0x8C, 0x7E, 0xFB, 0x14, 0x7F, 0x1A, 0x0B, 0x35, 0x12, 0x3E, 0x25, 0x70,
    0x57, 0x92, 0x72, 0x92, 0x1D, 0x68, 0xE5, 0x48, 0x97, 0x86, 0xC2, 0x5C, 0x97, 0xE0, 0x55, 0xD0,
    0xA0, 0x34, 0xAA, 0xC3, 0x21, 0x94, 0x1B, 0xB7, 0x00, 0x24, 0xE9, 0x79, 0x17, 0x6A, 0x9E, 0x6F,
    0x56, 0x1A, 0x12, 0xC3, 0x0C, 0x19, 0xE1, 0x68, 0x39, 0x5A, 0xD7, 0xAF, 0xC3, 0xCA, 0x1E, 0x58,
    0xAB, 0x59, 0x7E, 0x06, 0x13, 0x9E, 0x89, 0xEA, 0x28, 0xDF, 0x29, 0xED, 0x86, 0x65, 0x84, 0x59,
    0x9B, 0x4A, 0xF1, 0xFB, 0x44, 0xBA, 0x99, 0x56, 0xFC, 0x96, 0x62, 0xBC, 0x5E, 0x95, 0xFE, 0x55,
    0x01, 0x0F, 0x90, 0xAA, 0x7C, 0x27, 0xB4, 0x62, 0x94, 0x91, 0xAF, 0x3F, 0x05, 0x9A, 0xC1, 0x47,
    0x25, 0x6C, 0xA6, 0x67, 0xCC, 0x0A, 0x9A, 0xAA, 0xC2, 0x4B, 0x12, 0xFD, 0x24, 0x51, 0xF9, 0x57,
    0xAB, 0xF3, 0x37, 0x22, 0x7C, 0x61, 0x72, 0x85, 0x0F, 0xCD, 0x06, 0xCB, 0x38, 0x3B, 0x32, 0xF1,
    0x64, 0x9E, 0xC9, 0xAC, 0x8F, 0xAD, 0xDE, 0xFE, 0xBD, 0xD5, 0xB9, 0x37, 0x73, 0x13, 0xD1, 0x25,
    0x70, 0x79, 0x64, 0xD1, 0x04, 0xFF, 0xF2, 0x45, 0x81, 0x0C, 0xDF, 0xD7, 0x6E, 0x33, 0x0F, 0x6B,
    0x5F, 0xCC, 0xFD, 0x37, 0x26, 0x9B, 0x23, 0xD8, 0x6C, 0x01, 0x97, 0x1C, 0xE0, 0xA3, 0xFF, 0xEA,
    0x4B, 0x85, 0x54, 0x1F, 0x0F, 0xA6, 0xEC, 0xE3, 0x89, 0x4F, 0x3E, 0x9D, 0xF9, 0xE8, 0x72, 0xF1,
    0xC1, 0x96, 0x32, 0x8D, 0x83, 0xBC, 0xDB, 0xD0, 0xF2, 0x38, 0xB8, 0x1D, 0x2C, 0x41, 0x44, 0x82,
    0xE8, 0x1F, 0xF1, 0xE2, 0x86, 0xED, 0xC2, 0x95, 0xA1, 0x00, 0x7E, 0xE4, 0x4D, 0x2B, 0xC8, 0x27,
    0xB4, 0x3B, 0x80, 0x25, 0xC3, 0x09, 0x7B, 0x24, 0x05, 0x37, 0xC3, 0x6B, 0xB8, 0x63, 0x52, 0x6E,
    0xE0, 0xBB, 0xF1, 0x3D, 0x80, 0xC7, 0x4A, 0x36, 0x33, 0x64, 0xD8, 0x84, 0x6E, 0xBB, 0x2B, 0x01,
    0x0D, 0x53, 0x01, 0xB7, 0xFD, 0x07, 0x1C, 0xFF, 0xBF, 0xD5, 0xF3, 0x3F, 0x57, 0x0D, 0xE8, 0x31,
    0xFB, 0x5E, 0x32, 0xA6, 0x47, 0x17, 0xA5, 0x91, 0xE1, 0x79, 0xED, 0xAA, 0x62, 0x28, 0xE6, 0xE1,
    0xAD, 0x9E, 0x15, 0xDA, 0x1C, 0x71, 0x48, 0x1C, 0x10, 0x27, 0x78, 0xEA, 0xD3, 0x49, 0x93, 0x5D,
    0x3E, 0xEB, 0xA3, 0xF6, 0xEC, 0xB4, 0xE7, 0x9D, 0x3D, 0x4B, 0x66, 0xCF, 0xB7, 0xB4, 0x65, 0xCF,
    0x1D, 0xCD, 0x4C, 0x8C, 0x68, 0x78, 0x2D, 0x4C, 0x23, 0x68, 0x5B, 0x62, 0x03, 0x20, 0xCC, 0x60,
    0x60, 0xA9, 0x86, 0x44, 0x22, 0x40, 0x49, 0xB8, 0xC8, 0x0F, 0x59, 0x61, 0x88, 0xA1, 0x30, 0xAA,
    0x8A, 0x63, 0x1E, 0x45, 0xE7, 0xA2, 0xE3, 0x5A, 0x5F, 0xFE, 0x0D, 0x0C, 0xEF, 0xE8, 0x46, 0x1A,
    0xDF, 0xB2, 0x98, 0xE4, 0x27, 0x37, 0x4A, 0x9B, 0x45, 0x22, 0xEE, 0xF8, 0x5F, 0xDB, 0xC7, 0xBD,
    0x04, 0x93, 0xF5, 0x78, 0x9B, 0xFC, 0x32, 0xFB, 0x70, 0x4F, 0xDD, 0x34, 0x43, 0x8E, 0x04, 0x90,
    0xBE, 0x2A, 0x5C, 0x46, 0xC3, 0x43, 0x5B, 0xD9, 0xA0, 0x98, 0x41, 0xE9, 0x1E, 0x7F, 0xD4, 0x12,
    0x06, 0x45, 0x2B, 0x1F, 0xFE, 0x05, 0x9F, 0x9E, 0x66, 0x6C, 0xE6, 0xFE, 0xDA, 0x56, 0xDB, 0x95,
    0x6E, 0x55, 0xF4, 0xD9, 0x75, 0xEB, 0x90, 0x0F, 0x15, 0xE9, 0xA0, 0xCF, 0x26, 0x9E, 0x28, 0xC2,
    0xC9, 0x90, 0x6C, 0x38, 0x33, 0xD1, 0x86, 0x62, 0xA2, 0x9B, 0x57, 0x13, 0xFC, 0x51, 0xB6, 0x84,
    0x9B, 0xA7, 0x36, 0xFB, 0x79, 0xEA, 0x92, 0x1F, 0xCF, 0xBB, 0xE8, 0x81, 0x85, 0xF7, 0x20, 0xD9,
    0xCE, 0xDA, 0x6F, 0x54, 0x00, 0xF2, 0x81, 0x89, 0xB4, 0x91, 0xE4, 0x7F, 0x05, 0xCA, 0xD5, 0x55,
    0xF2, 0x38, 0xC3, 0x50, 0x71, 0x92, 0x3F, 0xE9, 0x65, 0x54, 0x38, 0xA9, 0x4A, 0x4F, 0xA2, 0xDD,
    0x15, 0xE8, 0x85, 0xA4, 0xDC, 0x64, 0x00, 0xC7, 0x6A, 0x69, 0x14, 0x45, 0x9B, 0x1D, 0x20, 0xEC,
    0x8F, 0x27, 0xC1, 0x67, 0x97, 0x60, 0x93, 0xC9, 0x70, 0x84, 0x8F, 0x5A, 0xDD, 0x07, 0x17, 0x14,
    0x7A, 0xFA, 0x44, 0xAD, 0x16, 0xEE, 0x13, 0xFE, 0x36, 0x05, 0x26, 0x37, 0x42, 0xEC, 0x8A, 0x76,
    0xD3, 0xC4, 0x6E, 0xD3, 0x9D, 0xC3, 0xAE, 0x7A, 0x2E, 0x7C, 0x72, 0x45, 0x02, 0x8A, 0x99, 0x89,
    0x91, 0x65, 0x69, 0xD2, 0x7F, 0x00, 0xBF, 0x01, 0x8C, 0x53, 0x31, 0x68, 0xDC, 0x4A, 0x10, 0x7D,
    0xBA, 0xB5, 0xFF, 0xF1, 0xFF, 0xC1, 0x97, 0xFB, 0x46, 0x3D, 0x84, 0x6C, 0x9B, 0x22, 0xF1, 0x2A,
    0xA4, 0x48, 0x0F, 0xB9, 0x3A, 0xE9, 0x9B, 0xB8, 0x07, 0x5B, 0x1B, 0xDC, 0x43, 0xFA, 0x26, 0x7D,
    0x9F, 0x52, 0x67, 0x09, 0xD2, 0xC3, 0x81, 0x7B, 0x38, 0x88, 0xFB, 0x6C, 0xEC, 0x0B, 0x16, 0x9C,
    0x4E, 0x93, 0xF7, 0x90, 0x95, 0x83, 0x84, 0x80, 0x87, 0x9B, 0x37, 0xA7, 0xD9, 0xD9, 0xD9, 0x9D,
    0x79, 0x3B, 0x40, 0x09, 0x20, 0x4B, 0x84, 0x79, 0x47, 0x28, 0x36, 0x84, 0x2A, 0xD2, 0xB5, 0x97,
    0x6B, 0x2B, 0x97, 0x99, 0x0D, 0xC1, 0x28, 0x5E, 0xB0, 0x90, 0x6F, 0xA6, 0x55, 0x34, 0xDA, 0xEB,
    0xD7, 0x84, 0xD1, 0x29, 0xC0, 0x47, 0x4C, 0x12, 0xA9, 0x4E, 0xBE, 0x5C, 0xD1, 0xC1, 0x18, 0x6D,
    0xB6, 0x86, 0xDB, 0xED, 0xB6, 0xC8, 0xBF, 0xDE, 0xEE, 0x11, 0xBE, 0xA4, 0xA6, 0x6C, 0x5C, 0xF2,
    0xF1, 0x89, 0x4B, 0xFF, 0x31, 0x38, 0xE1, 0xF1, 0x80, 0x4C, 0x90, 0x97, 0x84, 0xE2, 0x70, 0x05,
    0x9D, 0x84, 0x6A, 0x74, 0x36, 0x66, 0xB6, 0x35, 0x4A, 0xAF, 0x7F, 0x9D, 0xA2, 0x7F, 0x55, 0x37,
    0x1C, 0x0A, 0x16, 0x44, 0xC2, 0x3F, 0xCA, 0xBC, 0x79, 0xFC, 0x0D, 0x9E, 0xB9, 0xF4, 0x3F, 0xAE,
    0x5C, 0x0A, 0x65, 0x75, 0x99, 0x0C, 0xC5, 0xF5, 0x5D, 0x8F, 0xF9, 0x6E, 0x97, 0x90, 0x99, 0xB5,
    0x40, 0x65, 0x4A, 0xDC, 0xEB, 0x1C, 0xED, 0xC8, 0x22, 0x26, 0x29, 0x71, 0x32, 0xF6, 0xBC, 0xD3,
    0x62, 0x97, 0x0D, 0xE3, 0x35, 0x9A, 0xA8, 0xBB, 0xE9, 0x5F, 0xB6, 0x97, 0x5F, 0xDD, 0x07, 0x17,
    0x0B, 0x93, 0xC4, 0x60, 0x92, 0xD6, 0x8F, 0x5F, 0xAA, 0x16, 0x83, 0xEA, 0x85, 0xEB, 0xC4, 0x04,
    0x6B, 0x13, 0x17, 0xCA, 0xC0, 0x56, 0x70, 0x9B, 0xF8, 0xC8, 0xFA, 0x91, 0x91, 0x77, 0x90, 0xC8,
    0xA5, 0xFA, 0x16, 0x1D, 0xC1, 0x2B, 0xA2, 0xB1, 0x16, 0x33, 0xB3, 0x84, 0xC5, 0x1D, 0x2F, 0xEF,
    0xAF, 0x93, 0xA1, 0x79, 0x95, 0x42, 0x7C, 0xE1, 0x52, 0x5E, 0x1E, 0xFD, 0xAD, 0x70, 0x91, 0x05,
    0xD1, 0x16, 0xC3, 0x25, 0x09, 0x14, 0x95, 0x23, 0xA9, 0xA2, 0x77, 0x24, 0x9A, 0x94, 0x4F, 0xE4,
    0x63, 0x2A, 0xDC, 0x9B, 0x95, 0xD5, 0xA4, 0x1B, 0xA0, 0xE9, 0x80, 0x95, 0x01, 0x75, 0xD5, 0x62,
    0x55, 0x24, 0xAC, 0x5C, 0x8F, 0x15, 0x8C, 0x1A, 0xDA, 0x73, 0xE4, 0x09, 0xA0, 0x03, 0x50, 0x8E,
    0x93, 0x19, 0xF9, 0x73, 0x24, 0x92, 0x96, 0xBE, 0x9C, 0x1A, 0xA8, 0x56, 0x33, 0xA4, 0x66, 0x68,
    0x8D, 0xAA, 0xAD, 0x33, 0x43, 0x3D, 0xEF, 0x51, 0xB3, 0x81, 0x75, 0x88, 0xC0, 0x53, 0x00, 0x47,
    0x0F, 0x5A, 0x00, 0xCC, 0x0A, 0x65, 0x3D, 0x67, 0xD6, 0x0B, 0x18, 0x35, 0xB4, 0x17, 0x74, 0x9C,
    0x32, 0xC7, 0x29, 0x60, 0x17, 0x40, 0x18, 0x18, 0x31, 0xC0, 0x6C, 0x20, 0x85, 0x7B, 0x6A, 0xAF,
    0xB3, 0xA9, 0x5B, 0x75, 0x79, 0x3C, 0x28, 0xB4, 0x35, 0x0C, 0x35, 0x93, 0xD4, 0x4C, 0x56, 0x33,
    0xA9, 0x6A, 0x68, 0x7A, 0x6A, 0xA2, 0x9A, 0x49, 0x55, 0x23, 0x70, 0x0C, 0x8A, 0x2F, 0xC7, 0x07,
    0x29, 0x26, 0x0F, 0x03, 0x75, 0x03, 0xD1, 0x09, 0x51, 0xDB, 0x92, 0xE9, 0x62, 0xC3, 0x55, 0x97,
    0x48, 0x1E, 0xA1, 0x28, 0x09, 0x80, 0x80, 0x0B, 0xB9, 0x42, 0x04, 0x20, 0xDC, 0x88, 0x42, 0x50,
    0xF2, 0x56, 0x90, 0xF0, 0xD0, 0x23, 0x18, 0xD0, 0xE8, 0x55, 0x4C, 0x2F, 0x24, 0x86, 0xC8, 0x8C,
    0x57, 0x60, 0xEE, 0x9E, 0x49, 0x08, 0x79, 0xE4, 0x67, 0x06, 0xA8, 0x33, 0x50, 0x48, 0xB9, 0x10,
    0xA0, 0x11, 0x00, 0x67, 0x90, 0xF4, 0x90, 0x98, 0x80, 0x85, 0x0A, 0xF3, 0xAD, 0xD0, 0xED, 0x21,
    0x19, 0xF7, 0x58, 0x3B, 0x62, 0xB6, 0x5C, 0x2E, 0xB5, 0x37, 0xEA, 0x11, 0xBA, 0xB4, 0xD8, 0x2A,
    0xDA, 0xEB, 0x01, 0xAC, 0x1B, 0xBA, 0xED, 0x03, 0xDD, 0xB3, 0x01, 0x9F, 0x1F, 0x1E, 0x1C, 0xFC,
    0x8F, 0xE5, 0xF2, 0x0D, 0x54, 0xF7, 0x00, 0x2F, 0x1C, 0x0B, 0x80, 0xFB, 0xE3, 0xD4, 0x69, 0x41,
    0x78, 0x78, 0x3F, 0x38, 0x4C, 0xD1, 0x3C, 0xE1, 0x78, 0x9C, 0x2E, 0x0F, 0x4D, 0x9A, 0xBA, 0xAC,
    0xA9, 0xA3, 0x99, 0xDF, 0xEF, 0x12, 0x4D, 0x71, 0x7D, 0xDB, 0xD3, 0x70, 0x32, 0x1B, 0x1A, 0x4D,
    0xE9, 0xFB, 0x12, 0x9A, 0x58, 0x7E, 0x29, 0xB1, 0x97, 0xF9, 0xCE, 0x0D, 0x67, 0x70, 0xF7, 0xC9,
    0xBF, 0xEC, 0xE1, 0xEE, 0x7A, 0xFF, 0xBA, 0xE3, 0x9A, 0xF9, 0xB7, 0x1B, 0x9A, 0xF0, 0xAD, 0x89,
    0x34, 0xB9, 0x0D, 0xA0, 0x71, 0xD6, 0xC9, 0xC0, 0x36, 0x90, 0x84, 0x12, 0x92, 0x7F, 0x71, 0x10,
    0xCD, 0x58, 0xD6, 0x4D, 0xCD, 0xCA, 0x3F, 0x31, 0x22, 0xCC, 0xD7, 0x40, 0x3F, 0x4B, 0xE0, 0xAF,
    0xC6, 0xA2, 0x45, 0x80, 0xE7, 0x13, 0x6E, 0x2B, 0xC2, 0x06, 0xCF, 0x67, 0x6B, 0xFC, 0x0E, 0xC1,
    0x04, 0xF6, 0x73, 0x17, 0x18, 0x00, 0x5D, 0x92, 0xB1, 0xAE, 0xE4, 0x34, 0x14, 0x86, 0xBF, 0x8C,
    0x77, 0x37, 0x12, 0x96, 0x30, 0x05, 0x54, 0x48, 0xE4, 0x0D, 0xAE, 0x5F, 0x60, 0xEF, 0xD8, 0x3D,
    0x05, 0x5B, 0xB0, 0xCF, 0x71, 0x1B, 0xCA, 0xB9, 0x93, 0x88, 0x27, 0xA0, 0xE7, 0x45, 0x28, 0x66,
    0x88, 0xDF, 0x00, 0x3F, 0x42, 0x84, 0xB6, 0xC7, 0x85, 0x8B, 0x80, 0x32, 0x73, 0xC8, 0x99, 0x68,
    0x46, 0x0B, 0x89, 0xCE, 0x97, 0x3F, 0x91, 0xCF, 0xEF, 0x1C, 0xFD, 0xE6, 0x03, 0x34, 0x12, 0xE1,
    0x65, 0x02, 0xB3, 0x00, 0x02, 0x84, 0x08, 0x3E, 0x81, 0xCB, 0x7C, 0x2B, 0x13, 0xD7, 0xB1, 0x98,
    0xC9, 0x17, 0x97, 0x5C, 0xF1, 0x83, 0x2B, 0x21, 0xDA, 0x5B, 0xF5, 0xD1, 0xE6, 0x10, 0x5D, 0x0A,
    0x43, 0x17, 0x7D, 0xDA, 0x63, 0xFF, 0xA9, 0x34, 0x32, 0x00, 0xA0, 0xAE, 0x3F, 0x27, 0x3A, 0x91,
    0x81, 0xF1, 0xD7, 0x0B, 0xBB, 0xCA, 0x15, 0x93, 0x5B, 0xC1, 0x0E, 0xDF, 0x79, 0x5C, 0xFC, 0x6D,
    0x85, 0xC9, 0x7B, 0x3A, 0x17, 0x9F, 0x71, 0x27, 0x16, 0x5C, 0xD9, 0x15, 0xDC, 0xDF, 0x2F, 0x99,
    0x20, 0x02, 0x3F, 0xBD, 0x7C, 0xE2, 0x7E, 0xBD, 0x05, 0x3C, 0x10, 0x00, 0x89, 0x34, 0x6B, 0x19,
    0x19, 0xB0, 0x7F, 0x25, 0xDC, 0x1F, 0x09, 0xFF, 0x43, 0xE6, 0x68, 0x33, 0x4B, 0x3B, 0x35, 0xB3,
    0x29, 0x7A, 0xDB, 0x6C, 0xAA, 0x4B, 0xBB, 0xBA, 0x5A, 0xCD, 0xFD, 0x56, 0x15, 0x00, 0x44, 0xA4,
    0xA0, 0x68, 0x16, 0xDC, 0xA4, 0xC8, 0xBB, 0x15, 0xC9, 0xCC, 0x74, 0xC9, 0x54, 0x7C, 0x6A, 0x57,
    0x0C, 0x6D, 0x41, 0x67, 0x24, 0xE0, 0x26, 0x7A, 0xC5, 0x88, 0xCB, 0xFC, 0x4E, 0x97, 0xB8, 0xE0,
    0x13, 0x0B, 0x21, 0x35, 0x2B, 0x06, 0x45, 0xDC, 0xCD, 0xF4, 0x98, 0x0A, 0xBD, 0xDA, 0x7B, 0x85,
    0x13, 0x99, 0x58, 0x6D, 0x60, 0xF5, 0x07, 0xAE, 0x00, 0x3D, 0xA0, 0xDD, 0xA8, 0x23, 0xD8, 0x72,
    0x7F, 0x1D, 0xEF, 0xEB, 0xB6, 0x4F, 0xC3, 0xD6, 0x80, 0x11, 0x59, 0x70, 0x0A, 0x9D, 0x04, 0x00,
    0x15, 0x6B, 0x55, 0x68, 0x0A, 0x98, 0x09, 0x6C, 0x82, 0x2E, 0xC2, 0x1E, 0x38, 0x01, 0x15, 0x4C,
    0x81, 0x36, 0x81, 0x1B, 0xC0, 0x03, 0xAF, 0xC0, 0x0C, 0x3B, 0xED, 0xC8, 0xE0, 0xB4, 0x83, 0x47,
    0x07, 0xE0, 0x62, 0x9F, 0xA4, 0x8C, 0x25, 0xA4, 0x2F, 0x01, 0xDE, 0x0D, 0x6C, 0xAB, 0xE8, 0x54,
    0x85, 0x08, 0xF4, 0x00, 0x67, 0x80, 0x05, 0x34, 0xD1, 0x6D, 0x1B, 0xDA, 0x4C, 0x53, 0x5C, 0xA2,
    0xAB, 0x5D, 0x24, 0xCC, 0x1E, 0x5E, 0x97, 0x9B, 0xB1, 0x3A, 0x1F, 0x67, 0x20, 0x14, 0xC5, 0x04,
    0xF8, 0x87, 0xA5, 0x03, 0xF8, 0x02, 0xE0, 0x8D, 0xBA, 0xCD, 0xB6, 0xB8, 0x6B, 0x58, 0x9E, 0x5C,
    0x39, 0xBC, 0x6F, 0xD3, 0xFB, 0x43, 0x9B, 0x0E, 0x87, 0x6E, 0xAA, 0xA1, 0xCA, 0xD4, 0x65, 0x1F,
    0x01, 0x00, 0xBA, 0x19, 0x38, 0x9F, 0x75, 0x92, 0x23, 0xB4, 0xD3, 0x09, 0x5C, 0x9E, 0xC0, 0xA5,
    0xBB, 0x79, 0xB8, 0xE1, 0xBF, 0x3F, 0x3D, 0x02, 0xC8, 0x23, 0x84, 0x0B, 0xD0, 0xDC, 0x66, 0x78,
    0xC0, 0xCC, 0x8A, 0x0A, 0x68, 0x62, 0xEF, 0xEC, 0x04, 0xAF, 0xEA, 0x79, 0xEA, 0x22, 0x5C, 0x8E,
    0x40, 0x5F, 0x01, 0x40, 0xE5, 0xD0, 0xC4, 0x46, 0x26, 0x9B, 0xCC, 0x9F, 0xB3, 0x1B, 0x6C, 0x3A,
    0x7B, 0x5C, 0xF4, 0x17, 0xDE, 0x62, 0x2B, 0xCD, 0x55, 0x9F, 0x32, 0x3C, 0xD1, 0x7D, 0x9F, 0x9F,
    0xD9, 0x9B, 0x7A, 0xE2, 0x19, 0xA9, 0x7C, 0xBD, 0xA5, 0x6A, 0xF2, 0x3D, 0x95, 0x56, 0x64, 0xB6,
    0x22, 0xD5, 0xAD, 0x85, 0x29, 0x8F, 0x1C, 0xBD, 0x48, 0x0E, 0x5B, 0xA5, 0xCF, 0x23, 0x06, 0x88,
    0x6C, 0xBA, 0x91, 0x04, 0xFE, 0x02, 0xAD, 0xFC, 0x02, 0x63, 0x55, 0x11, 0xD9, 0x14, 0x76, 0x93,
    0xB3, 0xCA, 0x0B, 0xC0, 0x01, 0xE0, 0x0D, 0xDF, 0x7C, 0xFC, 0xF8, 0x23, 0x7A, 0x7C, 0x14, 0x95,
    0x26, 0x3E, 0x62, 0xFC, 0x7F, 0x6F, 0x3F, 0x03, 0x4E, 0xA0, 0x19, 0x3F, 0x7D, 0xB6, 0x4F, 0x57,
    0x81, 0xA7, 0x08, 0x7C, 0x05, 0xA8, 0xDF, 0x07, 0xD4, 0x6A, 0x3B, 0xF5, 0xFF, 0x02, 0x45, 0x90,
    0x21, 0x6C, 0xF3, 0x30, 0x14, 0x84, 0xCF, 0xB5, 0xDA, 0x48, 0x7F, 0x40, 0x7E, 0x3E, 0x10, 0x3C,
    0x14, 0x0E, 0xA6, 0x44, 0x2A, 0x18, 0x18, 0x58, 0xC7, 0x41, 0x39, 0xDA, 0x38, 0x68, 0xCC, 0x39,
    0x1F, 0xE7, 0x64, 0xA4, 0xB5, 0x39, 0x0A, 0x1F, 0x09, 0x18, 0x97, 0x41, 0xA4, 0x65, 0x92, 0x93,
    0xB7, 0x7B, 0x31, 0xD8, 0x03, 0x77, 0xC8, 0xF9, 0xBE, 0x0B, 0x70, 0x37, 0x1B, 0xE9, 0x80, 0x8F,
    0x5B, 0x75, 0x1E, 0x60, 0xE3, 0xED, 0xA1, 0x1A, 0x50, 0x0E, 0x4B, 0xAA, 0x02, 0xAA, 0xF0, 0x32,
    0xDF, 0x03, 0x4D, 0xB0, 0x13, 0x80, 0xD6, 0xD9, 0x08, 0x58, 0xE1, 0x45, 0x14, 0x5A, 0x23, 0x20,
    0x68, 0x98, 0xF0, 0xE0, 0x2B, 0x60, 0xCD, 0xB5, 0xA0, 0x0E, 0xAC, 0x84, 0x86, 0x65, 0x12, 0x5F,
    0x02, 0x3B, 0x16, 0x31, 0x76, 0x46, 0xCF, 0x2A, 0x17, 0x23, 0x01, 0xE8, 0xE5, 0x59, 0x22, 0xE0,
    0x73, 0x01, 0x07, 0x71, 0xC0, 0xE5, 0x29, 0xC2, 0x4C, 0x76, 0x46, 0x31, 0x92, 0x5B, 0x05, 0x52,
    0xEB, 0xB0, 0x57, 0xBE, 0x39, 0x59, 0xA5, 0x2A, 0x7B, 0x80, 0xA0, 0x0D, 0xF0, 0x8A, 0x58, 0x73,
    0x90, 0xB2, 0x90, 0xA1, 0x3C, 0xA5, 0xF5, 0xB0, 0x09, 0x42, 0xD2, 0x4E, 0xBA, 0x5E, 0xDE, 0x65,
    0xF4, 0x72, 0xA6, 0xB1, 0x9E, 0x8E, 0xFE, 0xA7, 0x93, 0xAF, 0x1C, 0xEC, 0x13, 0xE7, 0x4A, 0x22,
    0xE8, 0xA8, 0xC2, 0xE4, 0x72, 0xE8, 0x44, 0x50, 0x11, 0x09, 0x2A, 0x23, 0x04, 0x0C, 0x0E, 0x1C,
    0xF3, 0x3C, 0x1D, 0xB7, 0x4D, 0x33, 0x1A, 0x3A, 0xCB, 0xE9, 0x28, 0xB7, 0x4D, 0xD2, 0x41, 0x53,
    0x9E, 0x43, 0x06, 0x5E, 0x7F, 0xA0, 0x18, 0xFB, 0xC5, 0xCD, 0xFC, 0xB5, 0x95, 0xA3, 0x28, 0xFF,
    0x6D, 0x8B, 0xC6, 0x91, 0x77, 0xBA, 0x52, 0x57, 0xDD, 0x13, 0xFE, 0xEB, 0x3C, 0x7E, 0xEB, 0x00,
    0x82, 0xF5, 0x40, 0x36, 0x6F, 0x05, 0x04, 0xF5, 0xB4, 0x5B, 0x00, 0x8F, 0x22, 0x1A, 0xF6, 0x4A,
    0x1D, 0xA2, 0xE9, 0x51, 0x45, 0xBE, 0x40, 0xA2, 0x19, 0x05, 0x0C, 0x7B, 0xB0, 0x13, 0x97, 0xD3,
    0x8F, 0x6D, 0x67, 0x7E, 0xB9, 0x8C, 0xDC, 0x0F, 0x3F, 0xD6, 0x14, 0x94, 0xA3, 0x24, 0x11, 0x78,
    0x79, 0x94, 0x99, 0xFD, 0x77, 0xF4, 0xF4, 0xEE, 0x4D, 0x3D, 0xCB, 0xCF, 0xEF, 0x51, 0x3D, 0x9B,
    0x42, 0x06, 0xF5, 0xBC, 0x94, 0x6C, 0x7A, 0x2E, 0x7B, 0x4A, 0x36, 0x79, 0x75, 0xF6, 0xE4, 0x66,
    0xE1, 0x4D, 0x6D, 0x57, 0xE4, 0xCE, 0x9E, 0xE8, 0xB3, 0x27, 0x7C, 0xF6, 0x64, 0xA8, 0xE7, 0xC8,
    0x80, 0xFA, 0x51, 0xD2, 0xE4, 0xCE, 0x9E, 0x8C, 0xCD, 0xD3, 0x26, 0xA8, 0xE7, 0xC0, 0x50, 0xCF,
    0xB9, 0x17, 0xB7, 0x79, 0x7A, 0xE9, 0x7E, 0x01, 0x1D, 0xCD, 0xB1, 0x19, 0xC2, 0x20, 0x14, 0x45,
    0x61, 0x62, 0x0A, 0x8B, 0x14, 0x6F, 0x84, 0x8C, 0xC0, 0x08, 0xEA, 0x04, 0x8E, 0x94, 0x6C, 0xE4,
    0x08, 0xC1, 0xCF, 0x05, 0x32, 0x02, 0x23, 0x50, 0x58, 0x58, 0x00, 0xC7, 0xFB, 0xA0, 0x78, 0x7F,
    0x73, 0x3E, 0x6E, 0x08, 0x61, 0x3A, 0x83, 0xBF, 0xA5, 0x0C, 0x62, 0x1D, 0xD0, 0xFD, 0xCE, 0xB0,
    0x8B, 0x15, 0xBC, 0xD9, 0x40, 0xCD, 0x85, 0xBC, 0x54, 0xE5, 0x3C, 0x26, 0x35, 0xB7, 0x6E, 0x49,
    0x0D, 0x6D, 0x4D, 0x9C, 0x57, 0xF1, 0xA6, 0x44, 0x60, 0xA6, 0x2A, 0xAF, 0x46, 0x13, 0xF9, 0xA0,
    0x46, 0xF8, 0x40, 0x36, 0x78, 0xC2, 0x3E, 0xC3, 0x8B, 0xA6, 0x19, 0xE0, 0xAB, 0x9F, 0xBB, 0x91,
    0x7C, 0x7B, 0x41, 0x3B, 0xD6, 0xED, 0x37, 0xC6, 0x8F, 0x2C, 0xD4, 0xDC, 0x9D, 0xAD, 0xE9, 0xA8,
    0x29, 0x03, 0x4B, 0x83, 0xC9, 0xCF, 0x1F,
};

static const EpdGlyph youngserif_14_bolditalicGlyphs[] = {
    { 0, 0, 246, 0, 0, 0, 0 }, // U+000D
    { 0, 0, 103, 0, 0, 0, 0 }, // U+0020
    { 9, 20, 153, 0, 19, 45, 0 }, // !
    { 9, 7, 165, 3, 19, 16, 45 }, // "
    { 21, 18, 312, 0, 18, 95, 61 }, // #
    { 19, 26, 329, 1, 23, 124, 156 }, // $
    { 24, 22, 383, 0, 21, 132, 280 }, // %
    { 23, 19, 334, -1, 19, 110, 412 }, // &
    { 4, 7, 88, 3, 19, 7, 522 }, // '
    { 11, 24, 187, 2, 21, 66, 529 }, // (
    { 11, 24, 187, 0, 20, 66, 595 }, // )
    { 13, 13, 239, 2, 20, 43, 661 }, // *
    { 15, 13, 246, 0, 13, 49, 704 }, // +
    { 8, 9, 130, -2, 5, 18, 753 }, // ,
    { 11, 3, 210, 1, 8, 9, 771 }, // -
    { 6, 6, 128, 0, 5, 9, 780 }, // .
    { 17, 24, 205, -1, 19, 102, 789 }, // /
    { 16, 15, 247, 0, 15, 60, 891 }, // 0
    { 11, 15, 163, -1, 15, 42, 951 }, // 1
    { 15, 14, 223, -1, 14, 53, 993 }, // 2
    { 14, 20, 218, -1, 15, 70, 1046 }, // 3
    { 15, 19, 236, -1, 14, 72, 1116 }, // 4
    { 17, 20, 221, -2, 15, 85, 1188 }, // 5
    { 17, 19, 250, 0, 19, 81, 1273 }, // 6
    { 17, 21, 235, -1, 15, 90, 1354 }, // 7
    { 16, 19, 229, -1, 19, 76, 1444 }, // 8
    { 17, 20, 250, -1, 19, 85, 1520 }, // 9
    { 8, 16, 128, 0, 15, 32, 1605 }, // :
    { 10, 19, 130, -2, 15, 48, 1637 }, // ;
    { 16, 14, 246, 0, 15, 56, 1685 }, // <
    { 15, 9, 246, 0, 12, 34, 1741 }, // =
    { 17, 14, 246, -1, 15, 60, 1775 }, // >
    { 13, 20, 222, 2, 19, 65, 1835 }, // ?
    { 26, 25, 428, 0, 19, 163, 1900 }, // @
    { 21, 19, 323, -2, 19, 100, 2063 }, // A
    { 19, 19, 295, -1, 19, 91, 2163 }, // B
    { 20, 19, 308, 0, 19, 95, 2254 }, // C
    { 22, 19, 324, -1, 19, 105, 2349 }, // D
    { 21, 20, 310, -1, 20, 105, 2454 }, // E
    { 21, 20, 285, -1, 20, 105, 2559 }, // F
    { 20, 19, 317, 0, 19, 95, 2664 }, // G
    { 26, 19, 369, -1, 19, 124, 2759 }, // H
    { 13, 19, 167, -1, 19, 62, 2883 }, // I
    { 17, 19, 216, -1, 19, 81, 2945 }, // J
    { 23, 19, 328, -1, 19, 110, 3026 }, // K
    { 19, 19, 287, -1, 19, 91, 3136 }, // L
    { 29, 19, 426, -1, 19, 138, 3227 }, // M
    { 26, 19, 366, -1, 19, 124, 3365 }, // N
    { 21, 19, 337, 1, 19, 100, 3489 }, // O
    { 21, 19, 302, -1, 19, 100, 3589 }, // P
    { 21, 24, 337, 1, 19, 126, 3689 }, // Q
    { 21, 19, 328, -1, 19, 100, 3815 }, // R
    { 19, 19, 297, 0, 19, 91, 3915 }, // S
    { 21, 19, 323, 1, 19, 100, 4006 }, // T
    { 21, 19, 332, 2, 19, 100, 4106 }, // U
    { 21, 19, 322, 2, 19, 100, 4206 }, // V
    { 32, 19, 496, 2, 19, 152, 4306 }, // W
    { 25, 19, 351, -1, 19, 119, 4458 }, // X
    { 21, 19, 326, 2, 19, 100, 4577 }, // Y
    { 22, 19, 306, -1, 19, 105, 4677 }, // Z
    { 12, 25, 163, 0, 22, 75, 4782 }, // [
    { 7, 24, 205, 3, 19, 42, 4857 }, // <backslash>
    { 12, 25, 163, -2, 22, 75, 4899 }, // ]
    { 15, 10, 246, 1, 20, 38, 4974 }, // ^
    { 16, 3, 246, -2, 0, 12, 5012 }, // _
    { 8, 6, 246, 5, 20, 12, 5024 }, // `
    { 15, 14, 254, 0, 13, 53, 5036 }, // a
    { 15, 21, 250, 1, 21, 79, 5089 }, // b
    { 13, 13, 211, 0, 13, 43, 5168 }, // c
    { 17, 22, 254, 0, 21, 94, 5211 }, // d
    { 13, 13, 211, 0, 13, 43, 5305 }, // e
    { 17, 20, 165, -1, 20, 85, 5348 }, // f
    { 17, 19, 214, -2, 14, 81, 5433 }, // g
    { 18, 21, 280, -1, 21, 95, 5514 }, // h
    { 10, 19, 142, -1, 19, 48, 5609 }, // i
    { 15, 24, 125, -6, 19, 90, 5657 }, // j
    { 17, 21, 264, -1, 21, 90, 5747 }, // k
    { 10, 21, 142, -1, 21, 53, 5837 }, // l
    { 27, 14, 425, -1, 14, 95, 5890 }, // m
    { 18, 14, 280, -1, 14, 63, 5985 }, // n
    { 15, 13, 236, 0, 13, 49, 6048 }, // o
    { 18, 19, 259, -2, 14, 86, 6097 }, // p
    { 15, 18, 257, 0, 13, 68, 6183 }, // q
    { 16, 14, 218, -1, 14, 56, 6251 }, // r
    { 13, 13, 223, 0, 13, 43, 6307 }, // s
    { 11, 18, 168, 1, 18, 50, 6350 }, // t
    { 16, 14, 271, 1, 13, 56, 6400 }, // u
    { 16, 13, 246, 1, 13, 52, 6456 }, // v
    { 24, 13, 383, 1, 13, 78, 6508 }, // w
    { 19, 13, 248, -2, 13, 62, 6586 }, // x
    { 16, 19, 238, 0, 13, 76, 6648 }, // y
    { 16, 13, 224, -1, 13, 52, 6724 }, // z
    { 11, 24, 187, 2, 21, 66, 6776 }, // {
    { 8, 24, 246, 4, 19, 48, 6842 }, // |
    { 11, 24, 187, -1, 21, 66, 6890 }, // }
    { 16, 6, 246, 0, 10, 24, 6956 }, // ~
    { 0, 0, 103, 0, 0, 0, 0 }, // U+00A0
    { 9, 21, 153, 1, 14, 48, 0 }, // U+00A1
    { 13, 19, 233, 1, 19, 62, 48 }, // U+00A2
    { 20, 19, 317, 0, 19, 95, 110 }, // U+00A3
    { 16, 14, 258, 0, 15, 56, 205 }, // U+00A4
    { 22, 19, 365, 2, 19, 105, 261 }, // U+00A5
    { 8, 23, 246, 4, 19, 46, 366 }, // U+00A6
    { 20, 28, 323, 0, 21, 140, 412 }, // U+00A7
    { 12, 6, 246, 4, 19, 18, 552 }, // U+00A8
    { 20, 20, 323, 0, 20, 100, 570 }, // U+00A9
    { 13, 13, 213, 0, 21, 43, 670 }, // U+00AA
    { 15, 12, 270, 2, 14, 45, 713 }, // U+00AB
    { 15, 8, 246, 0, 8, 30, 758 }, // U+00AC
    { 20, 20, 323, 0, 20, 100, 788 }, // U+00AE
    { 9, 3, 246, 5, 17, 7, 888 }, // U+00AF
    { 9, 6, 146, 2, 19, 14, 895 }, // U+00B0
    { 17, 16, 246, -1, 16, 68, 909 }, // U+00B1
    { 11, 11, 169, 1, 20, 31, 977 }, // U+00B2
    { 10, 11, 157, 1, 21, 28, 1008 }, // U+00B3
    { 7, 6, 246, 6, 20, 11, 1036 }, // U+00B4
    { 17, 18, 246, -2, 13, 77, 1047 }, // U+00B5
    { 15, 23, 246, 2, 19, 87, 1124 }, // U+00B6
    { 6, 6, 96, 0, 12, 9, 1211 }, // U+00B7
    { 8, 8, 246, 1, 2, 16, 1220 }, // U+00B8
    { 9, 11, 123, 1, 21, 25, 1236 }, // U+00B9
    { 12, 13, 188, 0, 21, 39, 1261 }, // U+00BA
    { 15, 12, 270, 0, 14, 45, 1300 }, // U+00BB
    { 21, 24, 329, -1, 21, 126, 1345 }, // U+00BC
    { 21, 22, 329, -1, 21, 116, 1471 }, // U+00BD
    { 21, 24, 329, -1, 21, 126, 1587 }, // U+00BE
    { 14, 21, 222, -2, 14, 74, 1713 }, // U+00BF
    { 21, 26, 323, -2, 26, 137, 1787 }, // U+00C0
    { 21, 26, 323, -2, 26, 137, 1924 }, // U+00C1
    { 21, 26, 323, -2, 26, 137, 2061 }, // U+00C2
    { 21, 25, 323, -2, 25, 132, 2198 }, // U+00C3
    { 21, 25, 323, -2, 25, 132, 2330 }, // U+00C4
    { 21, 25, 323, -2, 25, 132, 2462 }, // U+00C5
    { 32, 20, 479, -2, 20, 160, 2594 }, // U+00C6
    { 20, 25, 308, 0, 19, 125, 2754 }, // U+00C7
    { 21, 26, 310, -1, 26, 137, 2879 }, // U+00C8
    { 21, 26, 310, -1, 26, 137, 3016 }, // U+00C9
    { 21, 26, 310, -1, 26, 137, 3153 }, // U+00CA
    { 21, 25, 310, -1, 25, 132, 3290 }, // U+00CB
    { 13, 26, 167, -1, 26, 85, 3422 }, // U+00CC
    { 14, 26, 167, -1, 26, 91, 3507 }, // U+00CD
    { 15, 26, 167, -1, 26, 98, 3598 }, // U+00CE
    { 15, 25, 167, -1, 25, 94, 3696 }, // U+00CF
    { 22, 19, 324, -1, 19, 105, 3790 }, // U+00D0
    { 26, 25, 366, -1, 25, 163, 3895 }, // U+00D1
    { 21, 26, 337, 1, 26, 137, 4058 }, // U+00D2
    { 21, 26, 337, 1, 26, 137, 4195 }, // U+00D3
    { 21, 26, 337, 1, 26, 137, 4332 }, // U+00D4
    { 21, 25, 337, 1, 25, 132, 4469 }, // U+00D5
    { 21, 25, 337, 1, 25, 132, 4601 }, // U+00D6
    { 16, 14, 246, 0, 13, 56, 4733 }, // U+00D7
    { 21, 24, 337, 1, 22, 126, 4789 }, // U+00D8
    { 21, 26, 332, 2, 26, 137, 4915 }, // U+00D9
    { 21, 26, 332, 2, 26, 137, 5052 }, // U+00DA
    { 21, 26, 332, 2, 26, 137, 5189 }, // U+00DB
    { 21, 25, 332, 2, 25, 132, 5326 }, // U+00DC
    { 21, 26, 326, 2, 26, 137, 5458 }, // U+00DD
    { 20, 19, 288, -1, 19, 95, 5595 }, // U+00DE
    { 19, 19, 288, -1, 19, 91, 5690 }, // U+00DF
    { 15, 21, 254, 0, 20, 79, 5781 }, // U+00E0
    { 15, 21, 254, 0, 20, 79, 5860 }, // U+00E1
    { 15, 21, 254, 0, 20, 79, 5939 }, // U+00E2
    { 15, 20, 254, 0, 19, 75, 6018 }, // U+00E3
    { 15, 20, 254, 0, 19, 75, 6093 }, // U+00E4
    { 15, 22, 254, 0, 21, 83, 6168 }, // U+00E5
    { 23, 14, 369, 0, 13, 81, 6251 }, // U+00E6
    { 13, 19, 211, 0, 13, 62, 6332 }, // U+00E7
    { 13, 20, 211, 0, 20, 65, 6394 }, // U+00E8
    { 13, 20, 211, 0, 20, 65, 6459 }, // U+00E9
    { 14, 20, 211, 0, 20, 70, 6524 }, // U+00EA
    { 14, 19, 211, 0, 19, 67, 6594 }, // U+00EB
    { 10, 20, 142, -1, 20, 50, 6661 }, // U+00EC
    { 12, 20, 142, -1, 20, 60, 6711 }, // U+00ED
    { 13, 20, 142, -1, 20, 65, 6771 }, // U+00EE
    { 13, 19, 142, -1, 19, 62, 6836 }, // U+00EF
    { 15, 21, 235, 0, 21, 79, 6898 }, // U+00F0
    { 18, 19, 280, -1, 19, 86, 6977 }, // U+00F1
    { 15, 20, 236, 0, 20, 75, 7063 }, // U+00F2
    { 15, 20, 236, 0, 20, 75, 7138 }, // U+00F3
    { 15, 20, 236, 0, 20, 75, 7213 }, // U+00F4
    { 15, 19, 236, 0, 19, 72, 7288 }, // U+00F5
    { 15, 19, 236, 0, 19, 72, 7360 }, // U+00F6
    { 16, 16, 246, 0, 15, 64, 7432 }, // U+00F7
    { 17, 13, 236, -1, 13, 56, 7496 }, // U+00F8
    { 16, 21, 271, 1, 20, 84, 7552 }, // U+00F9
    { 16, 21, 271, 1, 20, 84, 7636 }, // U+00FA
    { 16, 21, 271, 1, 20, 84, 7720 }, // U+00FB
    { 16, 20, 271, 1, 19, 80, 7804 }, // U+00FC
    { 16, 26, 238, 0, 20, 104, 7884 }, // U+00FD
    { 18, 25, 259, -2, 20, 113, 7988 }, // U+00FE
    { 16, 25, 238, 0, 19, 100, 8101 }, // U+00FF
    { 21, 23, 323, -2, 23, 121, 0 }, // U+0100
    { 15, 18, 254, 0, 17, 68, 121 }, // U+0101
    { 21, 24, 323, -2, 24, 126, 189 }, // U+0102
    { 15, 19, 254, 0, 18, 72, 315 }, // U+0103
    { 22, 25, 323, -2, 19, 138, 387 }, // U+0104
    { 15, 18, 254, 0, 13, 68, 525 }, // U+0105
    { 20, 26, 308, 0, 26, 130, 593 }, // U+0106
    { 13, 20, 211, 0, 20, 65, 723 }, // U+0107
    { 20, 26, 308, 0, 26, 130, 788 }, // U+0108
    { 14, 20, 211, 0, 20, 70, 918 }, // U+0109
    { 20, 25, 308, 0, 25, 125, 988 }, // U+010A
    { 13, 19, 211, 0, 19, 62, 1113 }, // U+010B
    { 20, 26, 308, 0, 26, 130, 1175 }, // U+010C
    { 15, 20, 211, 0, 20, 75, 1305 }, // U+010D
    { 22, 26, 324, -1, 26, 143, 1380 }, // U+010E
    { 21, 22, 303, 0, 21, 116, 1523 }, // U+010F
    { 22, 19, 324, -1, 19, 105, 1639 }, // U+0110
    { 17, 23, 252, 0, 22, 98, 1744 }, // U+0111
    { 21, 23, 310, -1, 23, 121, 1842 }, // U+0112
    { 13, 17, 211, 0, 17, 56, 1963 }, // U+0113
    { 21, 24, 310, -1, 24, 126, 2019 }, // U+0114
    { 14, 18, 211, 0, 18, 63, 2145 }, // U+0115
    { 21, 25, 310, -1, 25, 132, 2208 }, // U+0116
    { 13, 19, 211, 0, 19, 62, 2340 }, // U+0117
    { 21, 26, 310, -1, 20, 137, 2402 }, // U+0118
    { 13, 19, 211, 0, 13, 62, 2539 }, // U+0119
    { 21, 26, 310, -1, 26, 137, 2601 }, // U+011A
    { 14, 20, 211, 0, 20, 70, 2738 }, // U+011B
    { 20, 26, 317, 0, 26, 130, 2808 }, // U+011C
    { 17, 25, 214, -2, 20, 107, 2938 }, // U+011D
    { 20, 24, 317, 0, 24, 120, 3045 }, // U+011E
    { 17, 23, 214, -2, 18, 98, 3165 }, // U+011F
    { 20, 25, 317, 0, 25, 125, 3263 }, // U+0120
    { 17, 24, 214, -2, 19, 102, 3388 }, // U+0121
    { 20, 27, 317, 0, 19, 135, 3490 }, // U+0122
    { 17, 25, 214, -2, 20, 107, 3625 }, // U+0123
    { 26, 26, 369, -1, 26, 169, 3732 }, // U+0124
    { 18, 27, 280, -1, 27, 122, 3901 }, // U+0125
    { 26, 19, 369, -1, 19, 124, 4023 }, // U+0126
    { 18, 21, 280, -1, 21, 95, 4147 }, // U+0127
    { 15, 25, 167, -1, 25, 94, 4242 }, // U+0128
    { 13, 19, 142, -1, 19, 62, 4336 }, // U+0129
    { 14, 23, 167, -1, 23, 81, 4398 }, // U+012A
    { 12, 17, 142, -1, 17, 51, 4479 }, // U+012B
    { 15, 24, 167, -1, 24, 90, 4530 }, // U+012C
    { 12, 18, 142, -1, 18, 54, 4620 }, // U+012D
    { 13, 25, 167, -1, 19, 82, 4674 }, // U+012E
    { 10, 25, 142, -1, 19, 63, 4756 }, // U+012F
    { 13, 25, 167, -1, 25, 82, 4819 }, // U+0130
    { 9, 14, 142, -1, 14, 32, 4901 }, // U+0131
    { 26, 19, 362, -1, 19, 124, 4933 }, // U+0132
    { 18, 24, 243, -1, 19, 108, 5057 }, // U+0133
    { 18, 26, 216, -1, 26, 117, 5165 }, // U+0134
    { 18, 25, 125, -6, 20, 113, 5282 }, // U+0135
    { 23, 27, 328, -1, 19, 156, 5395 }, // U+0136
    { 17, 29, 264, -1, 21, 124, 5551 }, // U+0137
    { 18, 13, 264, -1, 13, 59, 5675 }, // U+0138
    { 19, 26, 287, -1, 26, 124, 5734 }, // U+0139
    { 13, 27, 142, -1, 27, 88, 5858 }, // U+013A
    { 19, 27, 287, -1, 19, 129, 5946 }, // U+013B
    { 10, 29, 142, -1, 21, 73, 6075 }, // U+013C
    { 19, 19, 287, -1, 19, 91, 6148 }, // U+013D
    { 14, 21, 186, -1, 21, 74, 6239 }, // U+013E
    { 19, 19, 276, -1, 19, 91, 6313 }, // U+013F
    { 16, 21, 238, -1, 21, 84, 6404 }, // U+0140
    { 19, 19, 291, -1, 19, 91, 6488 }, // U+0141
    { 11, 21, 183, 0, 21, 58, 6579 }, // U+0142
    { 26, 26, 366, -1, 26, 169, 6637 }, // U+0143
    { 18, 20, 280, -1, 20, 90, 6806 }, // U+0144
    { 26, 27, 366, -1, 19, 176, 6896 }, // U+0145
    { 18, 22, 280, -1, 14, 99, 7072 }, // U+0146
    { 26, 26, 366, -1, 26, 169, 7171 }, // U+0147
    { 18, 20, 280, -1, 20, 90, 7340 }, // U+0148
    { 18, 18, 317, 1, 18, 81, 7430 }, // U+0149
    { 26, 24, 366, -1, 19, 156, 7511 }, // U+014A
    { 17, 19, 252, -1, 14, 81, 7667 }, // U+014B
    { 21, 23, 337, 1, 23, 121, 7748 }, // U+014C
    { 15, 17, 236, 0, 17, 64, 7869 }, // U+014D
    { 21, 24, 337, 1, 24, 126, 7933 }, // U+014E
    { 15, 18, 236, 0, 18, 68, 8059 }, // U+014F
    { 21, 27, 337, 1, 27, 142, 8127 }, // U+0150
    { 15, 21, 236, 0, 21, 79, 8269 }, // U+0151
    { 30, 19, 500, 1, 19, 143, 8348 }, // U+0152
    { 22, 13, 357, 0, 13, 72, 8491 }, // U+0153
    { 21, 26, 328, -1, 26, 137, 8563 }, // U+0154
    { 16, 20, 218, -1, 20, 80, 8700 }, // U+0155
    { 21, 27, 328, -1, 19, 142, 8780 }, // U+0156
    { 16, 22, 218, -1, 14, 88, 8922 }, // U+0157
    { 21, 26, 328, -1, 26, 137, 9010 }, // U+0158
    { 16, 20, 218, -1, 20, 80, 9147 }, // U+0159
    { 19, 26, 297, 0, 26, 124, 9227 }, // U+015A
    { 14, 20, 223, 0, 20, 70, 9351 }, // U+015B
    { 19, 26, 297, 0, 26, 124, 9421 }, // U+015C
    { 14, 20, 223, 0, 20, 70, 9545 }, // U+015D
    { 19, 25, 297, 0, 19, 119, 9615 }, // U+015E
    { 13, 19, 223, 0, 13, 62, 9734 }, // U+015F
    { 19, 26, 297, 0, 26, 124, 9796 }, // U+0160
    { 15, 20, 223, 0, 20, 75, 9920 }, // U+0161
    { 21, 25, 323, 1, 19, 132, 9995 }, // U+0162
    { 11, 24, 168, 1, 18, 66, 10127 }, // U+0163
    { 21, 26, 323, 1, 26, 137, 10193 }, // U+0164
    { 13, 21, 168, 1, 21, 69, 10330 }, // U+0165
    { 21, 19, 323, 1, 19, 100, 10399 }, // U+0166
    { 11, 18, 168, 1, 18, 50, 10499 }, // U+0167
    { 21, 25, 332, 2, 25, 132, 10549 }, // U+0168
    { 16, 20, 271, 1, 19, 80, 10681 }, // U+0169
    { 21, 23, 332, 2, 23, 121, 10761 }, // U+016A
    { 16, 18, 271, 1, 17, 72, 10882 }, // U+016B
    { 21, 24, 332, 2, 24, 126, 10954 }, // U+016C
    { 16, 19, 271, 1, 18, 76, 11080 }, // U+016D
    { 21, 27, 332, 2, 27, 142, 11156 }, // U+016E
    { 16, 22, 271, 1, 21, 88, 11298 }, // U+016F
    { 21, 27, 332, 2, 27, 142, 11386 }, // U+0170
    { 16, 22, 271, 1, 21, 88, 11528 }, // U+0171
    { 21, 25, 332, 2, 19, 132, 11616 }, // U+0172
    { 16, 18, 271, 1, 13, 72, 11748 }, // U+0173
    { 32, 26, 496, 2, 26, 208, 11820 }, // U+0174
    { 24, 20, 383, 1, 20, 120, 12028 }, // U+0175
    { 21, 26, 326, 2, 26, 137, 12148 }, // U+0176
    { 16, 26, 238, 0, 20, 104, 12285 }, // U+0177
    { 21, 25, 326, 2, 25, 132, 12389 }, // U+0178
    { 22, 26, 306, -1, 26, 143, 12521 }, // U+0179
    { 16, 20, 224, -1, 20, 80, 12664 }, // U+017A
    { 22, 25, 306, -1, 25, 138, 12744 }, // U+017B
    { 16, 19, 224, -1, 19, 76, 12882 }, // U+017C
    { 22, 26, 306, -1, 26, 143, 12958 }, // U+017D
    { 16, 20, 224, -1, 20, 80, 13101 }, // U+017E
    { 17, 20, 165, -1, 20, 85, 13181 }, // U+017F
    { 21, 22, 337, 1, 22, 116, 0 }, // U+01A0
    { 16, 16, 236, 0, 16, 64, 116 }, // U+01A1
    { 22, 23, 388, 2, 23, 127, 180 }, // U+01AF
    { 21, 17, 327, 1, 16, 90, 307 }, // U+01B0
    { 42, 26, 626, -1, 26, 273, 397 }, // U+01C4
    { 36, 20, 544, -1, 20, 180, 670 }, // U+01C5
    { 31, 22, 484, 0, 21, 171, 850 }, // U+01C6
    { 34, 19, 498, -1, 19, 162, 1021 }, // U+01C7
    { 28, 24, 412, -1, 19, 168, 1183 }, // U+01C8
    { 19, 26, 263, -1, 21, 124, 1351 }, // U+01C9
    { 39, 19, 573, -1, 19, 186, 1475 }, // U+01CA
    { 33, 24, 486, -1, 19, 198, 1661 }, // U+01CB
    { 27, 24, 392, -1, 19, 162, 1859 }, // U+01CC
    { 21, 26, 323, -2, 26, 137, 2021 }, // U+01CD
    { 15, 21, 254, 0, 20, 79, 2158 }, // U+01CE
    { 15, 26, 167, -1, 26, 98, 2237 }, // U+01CF
    { 13, 20, 142, -1, 20, 65, 2335 }, // U+01D0
    { 21, 26, 337, 1, 26, 137, 2400 }, // U+01D1
    { 15, 20, 236, 0, 20, 75, 2537 }, // U+01D2
    { 21, 26, 332, 2, 26, 137, 2612 }, // U+01D3
    { 16, 21, 271, 1, 20, 84, 2749 }, // U+01D4
    { 21, 29, 332, 2, 29, 153, 2833 }, // U+01D5
    { 16, 23, 271, 1, 22, 92, 2986 }, // U+01D6
    { 21, 32, 332, 2, 32, 168, 3078 }, // U+01D7
    { 16, 26, 271, 1, 25, 104, 3246 }, // U+01D8
    { 21, 32, 332, 2, 32, 168, 3350 }, // U+01D9
    { 16, 26, 271, 1, 25, 104, 3518 }, // U+01DA
    { 21, 32, 332, 2, 32, 168, 3622 }, // U+01DB
    { 16, 26, 271, 1, 25, 104, 3790 }, // U+01DC
    { 20, 26, 317, 0, 26, 130, 3894 }, // U+01E6
    { 17, 25, 214, -2, 20, 107, 4024 }, // U+01E7
    { 21, 25, 337, 1, 19, 132, 4131 }, // U+01EA
    { 15, 19, 236, 0, 13, 72, 4263 }, // U+01EB
    { 21, 31, 323, -2, 31, 163, 4335 }, // U+01FA
    { 15, 28, 254, 0, 27, 105, 4498 }, // U+01FB
    { 32, 26, 479, -2, 26, 208, 4603 }, // U+01FC
    { 23, 21, 369, 0, 20, 121, 4811 }, // U+01FD
    { 21, 28, 337, 1, 26, 147, 4932 }, // U+01FE
    { 17, 20, 236, -1, 20, 85, 5079 }, // U+01FF
    { 22, 26, 323, -2, 26, 143, 5164 }, // U+0200
    { 16, 21, 254, 0, 20, 84, 5307 }, // U+0201
    { 21, 26, 323, -2, 26, 137, 5391 }, // U+0202
    { 15, 21, 254, 0, 20, 79, 5528 }, // U+0203
    { 21, 26, 310, -1, 26, 137, 5607 }, // U+0204
    { 15, 20, 211, 0, 20, 75, 5744 }, // U+0205
    { 21, 26, 310, -1, 26, 137, 5819 }, // U+0206
    { 13, 20, 211, 0, 20, 65, 5956 }, // U+0207
    { 16, 26, 167, -1, 26, 104, 6021 }, // U+0208
    { 14, 20, 142, -1, 20, 70, 6125 }, // U+0209
    { 14, 26, 167, -1, 26, 91, 6195 }, // U+020A
    { 12, 20, 142, -1, 20, 60, 6286 }, // U+020B
    { 21, 26, 337, 1, 26, 137, 6346 }, // U+020C
    { 16, 20, 236, 0, 20, 80, 6483 }, // U+020D
    { 21, 26, 337, 1, 26, 137, 6563 }, // U+020E
    { 15, 20, 236, 0, 20, 75, 6700 }, // U+020F
    { 21, 26, 328, -1, 26, 137, 6775 }, // U+0210
    { 17, 20, 218, -1, 20, 85, 6912 }, // U+0211
    { 21, 26, 328, -1, 26, 137, 6997 }, // U+0212
    { 16, 20, 218, -1, 20, 80, 7134 }, // U+0213
    { 21, 26, 332, 2, 26, 137, 7214 }, // U+0214
    { 17, 21, 271, 1, 20, 90, 7351 }, // U+0215
    { 21, 26, 332, 2, 26, 137, 7441 }, // U+0216
    { 16, 21, 271, 1, 20, 84, 7578 }, // U+0217
    { 19, 27, 297, 0, 19, 129, 7662 }, // U+0218
    { 13, 21, 223, 0, 13, 69, 7791 }, // U+0219
    { 21, 27, 323, 1, 19, 142, 7860 }, // U+021A
    { 11, 26, 168, 1, 18, 72, 8002 }, // U+021B
    { 8, 6, 0, 5, 20, 12, 0 }, // U+0300
    { 7, 6, 0, 6, 20, 11, 12 }, // U+0301
    { 11, 6, 0, 4, 20, 17, 23 }, // U+0302
    { 10, 5, 0, 4, 19, 13, 40 }, // U+0303
    { 9, 3, 0, 5, 17, 7, 53 }, // U+0304
    { 10, 4, 0, 5, 18, 10, 60 }, // U+0306
    { 6, 6, 0, 6, 19, 9, 70 }, // U+0307
    { 12, 6, 0, 4, 19, 18, 79 }, // U+0308
    { 5, 7, 0, 4, 21, 9, 97 }, // U+0309
    { 9, 7, 0, 5, 21, 16, 106 }, // U+030A
    { 10, 6, 0, 5, 21, 15, 122 }, // U+030B
    { 11, 6, 0, 3, 20, 17, 137 }, // U+030C
    { 12, 6, 0, 2, 20, 18, 154 }, // U+030F
    { 9, 5, 0, 5, 20, 12, 172 }, // U+0311
    { 6, 7, 0, 7, 19, 11, 184 }, // U+0312
    { 8, 6, 0, 0, 16, 12, 195 }, // U+031B
    { 6, 6, 0, 4, -1, 9, 207 }, // U+0323
    { 12, 6, 0, 1, -2, 18, 216 }, // U+0324
    { 6, 7, 0, 1, -1, 11, 234 }, // U+0326
    { 8, 8, 0, 1, 2, 16, 245 }, // U+0327
    { 8, 8, 0, 1, 2, 16, 261 }, // U+0328
    { 10, 4, 0, 1, -2, 10, 277 }, // U+032E
    { 10, 5, 0, 0, -2, 13, 287 }, // U+0330
    { 9, 3, 0, 2, -2, 7, 300 }, // U+0331
    { 21, 26, 323, -2, 19, 137, 0 }, // U+1EA0
    { 15, 20, 254, 0, 13, 75, 137 }, // U+1EA1
    { 21, 27, 323, -2, 27, 142, 212 }, // U+1EA2
    { 15, 22, 254, 0, 21, 83, 354 }, // U+1EA3
    { 25, 31, 323, -2, 31, 194, 437 }, // U+1EA4
    { 19, 25, 254, 0, 24, 119, 631 }, // U+1EA5
    { 21, 31, 323, -2, 31, 163, 750 }, // U+1EA6
    { 15, 25, 254, 0, 24, 94, 913 }, // U+1EA7
    { 22, 32, 323, -2, 32, 176, 1007 }, // U+1EA8
    { 17, 26, 254, 0, 25, 111, 1183 }, // U+1EA9
    { 21, 31, 323, -2, 31, 163, 1294 }, // U+1EAA
    { 16, 26, 254, 0, 25, 104, 1457 }, // U+1EAB
    { 21, 33, 323, -2, 26, 174, 1561 }, // U+1EAC
    { 15, 27, 254, 0, 20, 102, 1735 }, // U+1EAD
    { 21, 32, 323, -2, 32, 168, 1837 }, // U+1EAE
    { 15, 26, 254, 0, 25, 98, 2005 }, // U+1EAF
    { 21, 32, 323, -2, 32, 168, 2103 }, // U+1EB0
    { 15, 26, 254, 0, 25, 98, 2271 }, // U+1EB1
    { 21, 33, 323, -2, 33, 174, 2369 }, // U+1EB2
    { 15, 27, 254, 0, 26, 102, 2543 }, // U+1EB3
    { 21, 31, 323, -2, 31, 163, 2645 }, // U+1EB4
    { 15, 25, 254, 0, 24, 94, 2808 }, // U+1EB5
    { 21, 31, 323, -2, 24, 163, 2902 }, // U+1EB6
    { 15, 25, 254, 0, 18, 94, 3065 }, // U+1EB7
    { 21, 27, 310, -1, 20, 142, 3159 }, // U+1EB8
    { 13, 20, 211, 0, 13, 65, 3301 }, // U+1EB9
    { 21, 27, 310, -1, 27, 142, 3366 }, // U+1EBA
    { 13, 21, 211, 0, 21, 69, 3508 }, // U+1EBB
    { 21, 25, 310, -1, 25, 132, 3577 }, // U+1EBC
    { 14, 19, 211, 0, 19, 67, 3709 }, // U+1EBD
    { 23, 31, 310, -1, 31, 179, 3776 }, // U+1EBE
    { 18, 24, 211, 0, 24, 108, 3955 }, // U+1EBF
    { 21, 31, 310, -1, 31, 163, 4063 }, // U+1EC0
    { 14, 24, 211, 0, 24, 84, 4226 }, // U+1EC1
    { 21, 32, 310, -1, 32, 168, 4310 }, // U+1EC2
    { 16, 25, 211, 0, 25, 100, 4478 }, // U+1EC3
    { 21, 31, 310, -1, 31, 163, 4578 }, // U+1EC4
    { 15, 25, 211, 0, 25, 94, 4741 }, // U+1EC5
    { 21, 33, 310, -1, 26, 174, 4835 }, // U+1EC6
    { 14, 27, 211, 0, 20, 95, 5009 }, // U+1EC7
    { 13, 27, 167, -1, 27, 88, 5104 }, // U+1EC8
    { 10, 21, 142, -1, 21, 53, 5192 }, // U+1EC9
    { 13, 26, 167, -1, 19, 85, 5245 }, // U+1ECA
    { 10, 26, 142, -1, 19, 65, 5330 }, // U+1ECB
    { 21, 26, 337, 1, 19, 137, 5395 }, // U+1ECC
    { 15, 20, 236, 0, 13, 75, 5532 }, // U+1ECD
    { 21, 27, 337, 1, 27, 142, 5607 }, // U+1ECE
    { 15, 21, 236, 0, 21, 79, 5749 }, // U+1ECF
    { 23, 31, 337, 1, 31, 179, 5828 }, // U+1ED0
    { 19, 24, 236, 0, 24, 114, 6007 }, // U+1ED1
    { 21, 31, 337, 1, 31, 163, 6121 }, // U+1ED2
    { 15, 24, 236, 0, 24, 90, 6284 }, // U+1ED3
    { 21, 32, 337, 1, 32, 168, 6374 }, // U+1ED4
    { 17, 25, 236, 0, 25, 107, 6542 }, // U+1ED5
    { 21, 31, 337, 1, 31, 163, 6649 }, // U+1ED6
    { 16, 25, 236, 0, 25, 100, 6812 }, // U+1ED7
    { 21, 33, 337, 1, 26, 174, 6912 }, // U+1ED8
    { 15, 27, 236, 0, 20, 102, 7086 }, // U+1ED9
    { 21, 26, 337, 1, 26, 137, 7188 }, // U+1EDA
    { 16, 20, 236, 0, 20, 80, 7325 }, // U+1EDB
    { 21, 26, 337, 1, 26, 137, 7405 }, // U+1EDC
    { 16, 20, 236, 0, 20, 80, 7542 }, // U+1EDD
    { 21, 27, 337, 1, 27, 142, 7622 }, // U+1EDE
    { 16, 21, 236, 0, 21, 84, 7764 }, // U+1EDF
    { 21, 25, 337, 1, 25, 132, 7848 }, // U+1EE0
    { 16, 19, 236, 0, 19, 76, 7980 }, // U+1EE1
    { 21, 29, 337, 1, 22, 153, 8056 }, // U+1EE2
    { 16, 23, 236, 0, 16, 92, 8209 }, // U+1EE3
    { 21, 26, 332, 2, 19, 137, 8301 }, // U+1EE4
    { 16, 20, 271, 1, 13, 80, 8438 }, // U+1EE5
    { 21, 27, 332, 2, 27, 142, 8518 }, // U+1EE6
    { 16, 22, 271, 1, 21, 88, 8660 }, // U+1EE7
    { 22, 26, 388, 2, 26, 143, 8748 }, // U+1EE8
    { 21, 21, 327, 1, 20, 111, 8891 }, // U+1EE9
    { 22, 26, 388, 2, 26, 143, 9002 }, // U+1EEA
    { 21, 21, 327, 1, 20, 111, 9145 }, // U+1EEB
    { 22, 27, 388, 2, 27, 149, 9256 }, // U+1EEC
    { 21, 22, 327, 1, 21, 116, 9405 }, // U+1EED
    { 22, 25, 388, 2, 25, 138, 9521 }, // U+1EEE
    { 21, 20, 327, 1, 19, 105, 9659 }, // U+1EEF
    { 22, 30, 388, 2, 23, 165, 9764 }, // U+1EF0
    { 21, 23, 327, 1, 16, 121, 9929 }, // U+1EF1
    { 21, 26, 326, 2, 26, 137, 10050 }, // U+1EF2
    { 16, 26, 238, 0, 20, 104, 10187 }, // U+1EF3
    { 21, 26, 326, 2, 19, 137, 10291 }, // U+1EF4
    { 16, 22, 238, 0, 13, 88, 10428 }, // U+1EF5
    { 21, 27, 326, 2, 27, 142, 10516 }, // U+1EF6
    { 16, 27, 238, 0, 21, 108, 10658 }, // U+1EF7
    { 21, 25, 326, 2, 25, 132, 10766 }, // U+1EF8
    { 16, 25, 238, 0, 19, 100, 10898 }, // U+1EF9
    { 0, 0, 267, 0, 0, 0, 0 }, // U+2007
    { 0, 0, 128, 0, 0, 0, 0 }, // U+2008
    { 0, 0, 82, 0, 0, 0, 0 }, // U+2009
    { 0, 0, 59, 0, 0, 0, 0 }, // U+200A
    { 0, 0, 0, 0, 0, 0, 0 }, // U+200B
    { 11, 3, 210, 1, 8, 9, 0 }, // U+2010
    { 17, 3, 309, 1, 8, 13, 9 }, // U+2012
    { 12, 3, 225, 1, 8, 9, 22 }, // U+2013
    { 17, 3, 309, 1, 8, 13, 31 }, // U+2014
    { 21, 3, 306, -1, 8, 16, 44 }, // U+2015
    { 7, 9, 130, 3, 21, 16, 60 }, // U+2018
    { 7, 9, 130, 2, 22, 16, 76 }, // U+2019
    { 8, 9, 130, -2, 5, 18, 92 }, // U+201A
    { 13, 9, 221, 2, 21, 30, 110 }, // U+201C
    { 13, 9, 221, 2, 22, 30, 140 }, // U+201D
    { 13, 9, 221, -2, 5, 30, 170 }, // U+201E
    { 14, 23, 254, 2, 20, 81, 200 }, // U+2020
    { 15, 23, 254, 1, 19, 87, 281 }, // U+2021
    { 9, 9, 246, 4, 14, 21, 368 }, // U+2022
    { 20, 6, 361, 0, 5, 30, 389 }, // U+2026
    { 33, 22, 570, 0, 21, 182, 419 }, // U+2030
    { 7, 8, 91, 1, 19, 14, 601 }, // U+2032
    { 13, 8, 181, 1, 19, 26, 615 }, // U+2033
    { 8, 12, 166, 2, 14, 24, 641 }, // U+2039
    { 9, 12, 166, 0, 14, 27, 665 }, // U+203A
    { 16, 20, 249, 1, 19, 80, 692 }, // U+203D
    { 27, 24, 438, 1, 20, 162, 772 }, // U+2042
    { 21, 19, 292, -1, 19, 100, 934 }, // U+2044
    { 19, 20, 303, 2, 19, 95, 1034 }, // U+2048
    { 13, 12, 188, 1, 22, 39, 0 }, // U+2070
    { 12, 15, 179, 0, 22, 45, 39 }, // U+2074
    { 14, 16, 192, 0, 22, 56, 84 }, // U+2075
    { 13, 13, 189, 2, 23, 43, 140 }, // U+2076
    { 13, 14, 178, 1, 21, 46, 183 }, // U+2077
    { 11, 13, 155, 1, 23, 36, 229 }, // U+2078
    { 13, 13, 189, 1, 23, 43, 265 }, // U+2079
    { 13, 12, 188, -1, 12, 39, 308 }, // U+2080
    { 9, 11, 123, -1, 11, 25, 347 }, // U+2081
    { 11, 11, 169, -1, 10, 31, 372 }, // U+2082
    { 10, 11, 157, -1, 11, 28, 403 }, // U+2083
    { 12, 15, 179, -2, 12, 45, 431 }, // U+2084
    { 14, 16, 192, -2, 12, 56, 476 }, // U+2085
    { 13, 13, 189, 0, 13, 43, 532 }, // U+2086
    { 13, 14, 178, -1, 11, 46, 575 }, // U+2087
    { 11, 13, 155, -1, 13, 36, 621 }, // U+2088
    { 13, 13, 189, -1, 13, 43, 657 }, // U+2089
    { 20, 26, 338, 1, 23, 130, 0 }, // U+20A1
    { 25, 20, 401, 0, 20, 125, 130 }, // U+20A3
    { 20, 19, 317, 0, 19, 95, 255 }, // U+20A4
    { 27, 19, 420, 0, 19, 129, 350 }, // U+20A6
    { 23, 19, 373, 1, 19, 110, 479 }, // U+20A7
    { 33, 19, 539, 2, 19, 157, 589 }, // U+20A9
    { 22, 19, 330, 0, 19, 105, 746 }, // U+20AA
    { 18, 24, 296, 1, 21, 108, 851 }, // U+20AB
    { 22, 19, 376, 1, 19, 105, 959 }, // U+20AC
    { 23, 19, 369, 0, 19, 110, 1064 }, // U+20AD
    { 23, 19, 373, 1, 19, 110, 1174 }, // U+20B1
    { 20, 25, 341, 1, 22, 125, 1284 }, // U+20B2
    { 21, 19, 350, 1, 19, 100, 1409 }, // U+20B4
    { 20, 26, 338, 1, 23, 130, 1509 }, // U+20B5
    { 17, 19, 267, 1, 19, 81, 1639 }, // U+20B9
    { 19, 19, 319, 1, 19, 91, 1720 }, // U+20BA
    { 19, 24, 301, 0, 24, 114, 1811 }, // U+20BC
    { 21, 19, 333, 0, 19, 100, 1925 }, // U+20BD
    { 19, 26, 314, 0, 22, 124, 2025 }, // U+20BF
    { 20, 17, 355, 1, 18, 85, 0 }, // U+2190
    { 17, 20, 305, 1, 21, 85, 85 }, // U+2191
    { 20, 17, 341, 1, 18, 85, 170 }, // U+2192
    { 17, 20, 305, 1, 19, 85, 255 }, // U+2193
    { 26, 17, 453, 1, 18, 111, 340 }, // U+2194
    { 17, 26, 305, 1, 23, 111, 451 }, // U+2195
    { 16, 15, 274, 1, 20, 60, 562 }, // U+2196
    { 16, 15, 282, 1, 20, 60, 622 }, // U+2197
    { 16, 15, 274, 0, 15, 60, 682 }, // U+2198
    { 15, 15, 274, 1, 15, 57, 742 }, // U+2199
    { 19, 17, 312, 0, 18, 81, 799 }, // U+21BA
    { 18, 17, 312, 1, 18, 77, 880 }, // U+21BB
    { 22, 27, 355, 0, 22, 149, 957 }, // U+21C4
    { 28, 23, 470, 1, 20, 161, 1106 }, // U+21C5
    { 18, 16, 327, 1, 16, 72, 1267 }, // U+21E7
    { 15, 21, 246, 0, 21, 79, 0 }, // U+2202
    { 18, 16, 246, -1, 15, 72, 79 }, // U+2205
    { 15, 18, 246, -1, 18, 68, 151 }, // U+2206
    { 19, 20, 246, -1, 20, 95, 219 }, // U+220F
    { 19, 19, 246, -1, 19, 91, 314 }, // U+2211
    { 15, 3, 246, 0, 9, 12, 405 }, // U+2212
    { 15, 19, 246, 1, 19, 72, 417 }, // U+2215
    { 7, 7, 246, 5, 13, 13, 489 }, // U+2219
    { 18, 23, 246, 0, 21, 104, 502 }, // U+221A
    { 16, 8, 246, 0, 11, 32, 606 }, // U+221E
    { 20, 28, 246, -2, 22, 140, 638 }, // U+222B
    { 18, 12, 246, -1, 13, 54, 778 }, // U+2248
    { 15, 15, 246, 0, 15, 57, 832 }, // U+2260
    { 18, 16, 246, -1, 16, 72, 889 }, // U+2264
    { 17, 16, 246, -1, 16, 68, 961 }, // U+2265
    { 26, 20, 321, -1, 20, 130, 0 }, // U+FB00
    { 19, 20, 292, -1, 20, 95, 130 }, // U+FB01
    { 20, 21, 301, -1, 21, 105, 225 }, // U+FB02
    { 30, 20, 457, -1, 20, 150, 330 }, // U+FB03
    { 30, 21, 466, -1, 21, 158, 480 }, // U+FB04
    { 28, 28, 452, 1, 25, 196, 0 }, // U+FFFD
};

static const EpdUnicodeInterval youngserif_14_bolditalicIntervals[] = {
    { 0xD, 0xD, 0x0 },
    { 0x20, 0x7E, 0x1 },
    { 0xA0, 0xAC, 0x60 },
    { 0xAE, 0x17F, 0x6D },
    { 0x1A0, 0x1A1, 0x13F },
    { 0x1AF, 0x1B0, 0x141 },
    { 0x1C4, 0x1DC, 0x143 },
    { 0x1E6, 0x1E7, 0x15C },
    { 0x1EA, 0x1EB, 0x15E },
    { 0x1FA, 0x21B, 0x160 },
    { 0x300, 0x304, 0x182 },
    { 0x306, 0x30C, 0x187 },
    { 0x30F, 0x30F, 0x18E },
    { 0x311, 0x312, 0x18F },
    { 0x31B, 0x31B, 0x191 },
    { 0x323, 0x324, 0x192 },
    { 0x326, 0x328, 0x194 },
    { 0x32E, 0x32E, 0x197 },
    { 0x330, 0x331, 0x198 },
    { 0x1EA0, 0x1EF9, 0x19A },
    { 0x2007, 0x200B, 0x1F4 },
    { 0x2010, 0x2010, 0x1F9 },
    { 0x2012, 0x2015, 0x1FA },
    { 0x2018, 0x201A, 0x1FE },
    { 0x201C, 0x201E, 0x201 },
    { 0x2020, 0x2022, 0x204 },
    { 0x2026, 0x2026, 0x207 },
    { 0x2030, 0x2030, 0x208 },
    { 0x2032, 0x2033, 0x209 },
    { 0x2039, 0x203A, 0x20B },
    { 0x203D, 0x203D, 0x20D },
    { 0x2042, 0x2042, 0x20E },
    { 0x2044, 0x2044, 0x20F },
    { 0x2048, 0x2048, 0x210 },
    { 0x2070, 0x2070, 0x211 },
    { 0x2074, 0x2079, 0x212 },
    { 0x2080, 0x2089, 0x218 },
    { 0x20A1, 0x20A1, 0x222 },
    { 0x20A3, 0x20A4, 0x223 },
    { 0x20A6, 0x20A7, 0x225 },
    { 0x20A9, 0x20AD, 0x227 },
    { 0x20B1, 0x20B2, 0x22C },
    { 0x20B4, 0x20B5, 0x22E },
    { 0x20B9, 0x20BA, 0x230 },
    { 0x20BC, 0x20BD, 0x232 },
    { 0x20BF, 0x20BF, 0x234 },
    { 0x2190, 0x2199, 0x235 },
    { 0x21BA, 0x21BB, 0x23F },
    { 0x21C4, 0x21C5, 0x241 },
    { 0x21E7, 0x21E7, 0x243 },
    { 0x2202, 0x2202, 0x244 },
    { 0x2205, 0x2206, 0x245 },
    { 0x220F, 0x220F, 0x247 },
    { 0x2211, 0x2212, 0x248 },
    { 0x2215, 0x2215, 0x24A },
    { 0x2219, 0x221A, 0x24B },
    { 0x221E, 0x221E, 0x24D },
    { 0x222B, 0x222B, 0x24E },
    { 0x2248, 0x2248, 0x24F },
    { 0x2260, 0x2260, 0x250 },
    { 0x2264, 0x2265, 0x251 },
    { 0xFB00, 0xFB04, 0x253 },
    { 0xFFFD, 0xFFFD, 0x258 },
};

static const EpdFontGroup youngserif_14_bolditalicGroups[] = {
    { 0, 3649, 7646, 96, 0 },
    { 3649, 3018, 9026, 95, 96 },
    { 6667, 3832, 14523, 128, 191 },
    { 10499, 2822, 8780, 67, 319 },
    { 13321, 268, 350, 24, 386 },
    { 13589, 2016, 12186, 90, 410 },
    { 15605, 716, 1237, 29, 500 },
    { 16321, 377, 811, 17, 529 },
    { 16698, 1182, 2282, 19, 546 },
    { 17880, 686, 1432, 15, 565 },
    { 18566, 568, 1100, 15, 580 },
    { 19134, 378, 673, 5, 595 },
    { 19512, 127, 196, 1, 600 },
};

static const uint16_t youngserif_14_bolditalicKernLeftCodepoints[] = {
    0x0028, 0x002C, 0x002D, 0x002E, 0x002F, 0x0030, 0x0031, 0x0032, 0x0033, 0x0034, 0x0035, 0x0036,
    0x0037, 0x0038, 0x0039, 0x003A, 0x003B, 0x0041, 0x0042, 0x0043, 0x0044, 0x0045, 0x0046, 0x0047,
    0x0048, 0x0049, 0x004A, 0x004B, 0x004C, 0x004D, 0x004E, 0x004F, 0x0050, 0x0051, 0x0052, 0x0053,
    0x0054, 0x0055, 0x0056, 0x0057, 0x0058, 0x0059, 0x005A, 0x005B, 0x0061, 0x0062, 0x0063, 0x0064,
    0x0065, 0x0066, 0x0067, 0x0068, 0x0069, 0x006A, 0x006B, 0x006C, 0x006D, 0x006E, 0x006F, 0x0070,
    0x0071, 0x0072, 0x0073, 0x0074, 0x0075, 0x0076, 0x0077, 0x0078, 0x0079, 0x007A, 0x00A1, 0x00B2,
    0x00B3, 0x00B9, 0x00BF, 0x00C0, 0x00C1, 0x00C2, 0x00C3, 0x00C4, 0x00C5, 0x00C6, 0x00C7, 0x00C8,
    0x00C9, 0x00CA, 0x00CB, 0x00CC, 0x00CD, 0x00CE, 0x00CF, 0x00D0, 0x00D1, 0x00D2, 0x00D3, 0x00D4,
    0x00D5, 0x00D6, 0x00D8, 0x00D9, 0x00DA, 0x00DB, 0x00DC, 0x00DD, 0x00DE, 0x00DF, 0x00E0, 0x00E1,
    0x00E2, 0x00E3, 0x00E4, 0x00E5, 0x00E6, 0x00E7, 0x00E8, 0x00E9, 0x00EA, 0x00EB, 0x00EC, 0x00ED,
    0x00EE, 0x00EF, 0x00F0, 0x00F1, 0x00F2, 0x00F3, 0x00F4, 0x00F5, 0x00F6, 0x00F7, 0x00F8, 0x00F9,
    0x00FA, 0x00FB, 0x00FC, 0x00FD, 0x00FE, 0x00FF, 0x0100, 0x0101, 0x0102, 0x0103, 0x0104, 0x0105,
    0x0106, 0x0107, 0x0108, 0x0109, 0x010A, 0x010B, 0x010C, 0x010D, 0x010E, 0x010F, 0x0110, 0x0111,
    0x0112, 0x0113, 0x0114, 0x0115, 0x0116, 0x0117, 0x0118, 0x0119, 0x011A, 0x011B, 0x011C, 0x011D,
    0x011E, 0x011F, 0x0120, 0x0121, 0x0122, 0x0123, 0x0124, 0x0125, 0x0126, 0x0127, 0x0128, 0x0129,
    0x012A, 0x012B, 0x012C, 0x012D, 0x012E, 0x012F, 0x0130, 0x0131, 0x0132, 0x0133, 0x0134, 0x0135,
    0x0136, 0x0137, 0x0138, 0x0139, 0x013A, 0x013B, 0x013C, 0x013D, 0x013E, 0x013F, 0x0140, 0x0141,
    0x0142, 0x0143, 0x0144, 0x0145, 0x0146, 0x0147, 0x0148, 0x0149, 0x014A, 0x014B, 0x014C, 0x014D,
    0x014E, 0x014F, 0x0150, 0x0151, 0x0152, 0x0153, 0x0154, 0x0155, 0x0156, 0x0157, 0x0158, 0x0159,
    0x015A, 0x015B, 0x015C, 0x015D, 0x015E, 0x015F, 0x0160, 0x0161, 0x0162, 0x0163, 0x0164, 0x0165,
    0x0166, 0x0167, 0x0168, 0x0169, 0x016A, 0x016B, 0x016C, 0x016D, 0x016E, 0x016F, 0x0170, 0x0171,
    0x0172, 0x0173, 0x0174, 0x0175, 0x0176, 0x0177, 0x0178, 0x0179, 0x017A, 0x017B, 0x017C, 0x017D,
    0x017E, 0x01A0, 0x01A1, 0x01C4, 0x01C5, 0x01C6, 0x01C7, 0x01C8, 0x01C9, 0x01CA, 0x01CB, 0x01CC,
    0x01CD, 0x01CE, 0x01CF, 0x01D0, 0x01D1, 0x01D2, 0x01D3, 0x01D4, 0x01D5, 0x01D6, 0x01D7, 0x01D8,
    0x01D9, 0x01DA, 0x01DB, 0x01DC, 0x01E6, 0x01E7, 0x01EA, 0x01EB, 0x01FA, 0x01FB, 0x01FC, 0x01FD,
    0x01FE, 0x01FF, 0x0200, 0x0201, 0x0202, 0x0203, 0x0204, 0x0205, 0x0206, 0x0207, 0x0208, 0x0209,
    0x020A, 0x020B, 0x020C, 0x020D, 0x020E, 0x020F, 0x0210, 0x0211, 0x0212, 0x0213, 0x0214, 0x0215,
    0x0216, 0x0217, 0x0218, 0x0219, 0x021A, 0x021B, 0x1EA0, 0x1EA1, 0x1EA2, 0x1EA3, 0x1EA4, 0x1EA5,
    0x1EA6, 0x1EA7, 0x1EA8, 0x1EA9, 0x1EAA, 0x1EAB, 0x1EAC, 0x1EAD, 0x1EAE, 0x1EAF, 0x1EB0, 0x1EB1,
    0x1EB2, 0x1EB3, 0x1EB4, 0x1EB5, 0x1EB6, 0x1EB7, 0x1EB8, 0x1EB9, 0x1EBA, 0x1EBB, 0x1EBC, 0x1EBD,
    0x1EBE, 0x1EBF, 0x1EC0, 0x1EC1, 0x1EC2, 0x1EC3, 0x1EC4, 0x1EC5, 0x1EC6, 0x1EC7, 0x1EC8, 0x1EC9,
    0x1ECA, 0x1ECB, 0x1ECC, 0x1ECD, 0x1ECE, 0x1ECF, 0x1ED0, 0x1ED1, 0x1ED2, 0x1ED3, 0x1ED4, 0x1ED5,
    0x1ED6, 0x1ED7, 0x1ED8, 0x1ED9, 0x1EDA, 0x1EDB, 0x1EDC, 0x1EDD, 0x1EDE, 0x1EDF, 0x1EE0, 0x1EE1,
    0x1EE2, 0x1EE3, 0x1EE4, 0x1EE5, 0x1EE6, 0x1EE7, 0x1EF2, 0x1EF3, 0x1EF4, 0x1EF5, 0x1EF6, 0x1EF7,
    0x1EF8, 0x1EF9, 0x2010, 0x2012, 0x2013, 0x2014, 0x2015, 0x201A, 0x201E, 0x2026, 0x2044, 0x2070,
    0x2074, 0x2075, 0x2076, 0x2077, 0x2078, 0x2079, 0xFB00, 0xFB01, 0xFB02, 0xFB03, 0xFB04,
};

static const uint8_t youngserif_14_bolditalicKernLeftClassIds[] = {
      1,   2,   3,   2,   4,   5,   6,   7,   8,   9,  10,  11,  12,  13,  14,  15,
     15,  16,  17,  18,  19,  20,  21,  22,  23,  24,  25,  26,  20,  23,  27,  19,
     28,  19,  29,  30,  31,  32,  33,  33,  34,  35,  36,  37,  38,  39,  40,  38,
     41,  42,  43,  44,  38,  45,  46,  38,  44,  44,  39,  39,  47,  48,  49,  50,
     51,  52,  52,  53,  54,  55,  56,  57,  57,  58,  59,  16,  16,  16,  16,  16,
     16,  60,  18,  60,  60,  60,  60,  24,  24,  24,  24,  19,  27,  19,  19,  19,
     19,  19,  19,  32,  32,  32,  32,  35,  28,  39,  38,  38,  38,  38,  38,  38,
     41,  40,  41,  41,  41,  41,  38,  38,  61,  61,  62,  44,  39,  39,  39,  39,
     39,  63,  39,  51,  51,  51,  51,  54,  39,  54,  16,  38,  16,  38,  16,  38,
     18,  40,  18,  40,  18,  40,  18,  40,  19,  64,  19,  65,  60,  41,  20,  41,
     60,  41,  60,  41,  60,  41,  22,  43,  22,  43,  22,  43,  22,  43,  23,  44,
     23,  44,  24,  38,  24,  38,  24,  38,  24,  66,  24,  38,  25,  45,  25,  45,
     26,  46,  46,  20,  38,  20,  38,  60,  38,  20,  67,  68,  69,  27,  44,  27,
     44,  27,  44,  44,  27,  70,  19,  39,  19,  39,  19,  39,  60,  41,  29,  48,
     29,  48,  29,  48,  30,  49,  30,  49,  30,  49,  30,  49,  31,  50,  31,  50,
     31,  50,  32,  51,  32,  51,  32,  51,  32,  51,  32,  51,  32,  51,  33,  52,
     35,  54,  35,  36,  55,  36,  55,  36,  55,  19,  39,  36,  55,  55,  25,  45,
     70,  25,  45,  70,  16,  38,  24,  38,  19,  39,  32,  51,  32,  51,  32,  51,
     32,  51,  32,  51,  22,  43,  19,  39,  16,  38,  20,  41,  19,  39,  16,  38,
     16,  38,  20,  41,  20,  41,  24,  38,  24,  38,  19,  39,  19,  39,  29,  48,
     29,  48,  32,  51,  32,  51,  30,  49,  31,  50,  16,  38,  16,  38,  16,  38,
     16,  38,  16,  38,  16,  38,  16,  38,  16,  38,  16,  38,  16,  38,  16,  38,
     16,  38,  20,  41,  20,  41,  20,  41,  20,  41,  20,  41,  20,  41,  20,  41,
     20,  41,  24,  38,  24,  71,  19,  39,  19,  39,  19,  39,  19,  39,  19,  39,
     19,  39,  19,  39,  19,  39,  19,  39,  19,  39,  19,  39,  19,  39,  32,  51,
     32,  51,  35,  54,  35,  54,  35,  54,  35,  54,   3,   3,   3,   3,   3,   2,
      2,   2,  72,  57,  73,  74,  57,  57,  57,  57,  38,  38,  38,  38,  38,
};

static const uint16_t youngserif_14_bolditalicKernRightCodepoints[] = {
    0x0021, 0x0029, 0x002C, 0x002D, 0x002E, 0x002F, 0x0030, 0x0031, 0x0032, 0x0033, 0x0034, 0x0035,
    0x0036, 0x0037, 0x0038, 0x0039, 0x003A, 0x003B, 0x003F, 0x0041, 0x0042, 0x0043, 0x0044, 0x0045,
    0x0046, 0x0047, 0x0048, 0x0049, 0x004A, 0x004B, 0x004C, 0x004D, 0x004E, 0x004F, 0x0050, 0x0051,
    0x0052, 0x0053, 0x0054, 0x0055, 0x0056, 0x0057, 0x0058, 0x0059, 0x005A, 0x005D, 0x0061, 0x0062,
    0x0063, 0x0064, 0x0065, 0x0066, 0x0067, 0x0068, 0x0069, 0x006A, 0x006B, 0x006C, 0x006D, 0x006E,
    0x006F, 0x0070, 0x0071, 0x0072, 0x0073, 0x0074, 0x0075, 0x0076, 0x0077, 0x0078, 0x0079, 0x007A,
    0x00B7, 0x00C0, 0x00C1, 0x00C2, 0x00C3, 0x00C4, 0x00C5, 0x00C6, 0x00C7, 0x00C8, 0x00C9, 0x00CA,
    0x00CB, 0x00CC, 0x00CD, 0x00CE, 0x00CF, 0x00D0, 0x00D1, 0x00D2, 0x00D3, 0x00D4, 0x00D5, 0x00D6,
    0x00D8, 0x00D9, 0x00DA, 0x00DB, 0x00DC, 0x00DD, 0x00DE, 0x00DF, 0x00E0, 0x00E1, 0x00E2, 0x00E3,
    0x00E4, 0x00E5, 0x00E6, 0x00E7, 0x00E8, 0x00E9, 0x00EA, 0x00EB, 0x00EC, 0x00ED, 0x00EE, 0x00EF,
    0x00F0, 0x00F1, 0x00F2, 0x00F3, 0x00F4, 0x00F5, 0x00F6, 0x00F7, 0x00F8, 0x00F9, 0x00FA, 0x00FB,
    0x00FC, 0x00FD, 0x00FE, 0x00FF, 0x0100, 0x0101, 0x0102, 0x0103, 0x0104, 0x0105, 0x0106, 0x0107,
    0x0108, 0x0109, 0x010A, 0x010B, 0x010C, 0x010D, 0x010E, 0x010F, 0x0110, 0x0111, 0x0112, 0x0113,
    0x0114, 0x0115, 0x0116, 0x0117, 0x0118, 0x0119, 0x011A, 0x011B, 0x011C, 0x011D, 0x011E, 0x011F,
    0x0120, 0x0121, 0x0122, 0x0123, 0x0124, 0x0125, 0x0126, 0x0127, 0x0128, 0x0129, 0x012A, 0x012B,
    0x012C, 0x012D, 0x012E, 0x012F, 0x0130, 0x0131, 0x0132, 0x0133, 0x0134, 0x0135, 0x0136, 0x0137,
    0x0138, 0x0139, 0x013A, 0x013B, 0x013C, 0x013D, 0x013E, 0x013F, 0x0140, 0x0141, 0x0142, 0x0143,
    0x0144, 0x0145, 0x0146, 0x0147, 0x0148, 0x014A, 0x014B, 0x014C, 0x014D, 0x014E, 0x014F, 0x0150,
    0x0151, 0x0152, 0x0153, 0x0154, 0x0155, 0x0156, 0x0157, 0x0158, 0x0159, 0x015A, 0x015B, 0x015C,
    0x015D, 0x015E, 0x015F, 0x0160, 0x0161, 0x0162, 0x0163, 0x0164, 0x0165, 0x0166, 0x0167, 0x0168,
    0x0169, 0x016A, 0x016B, 0x016C, 0x016D, 0x016E, 0x016F, 0x0170, 0x0171, 0x0172, 0x0173, 0x0174,
    0x0175, 0x0176, 0x0177, 0x0178, 0x0179, 0x017A, 0x017B, 0x017C, 0x017D, 0x017E, 0x01A0, 0x01A1,
    0x01AF, 0x01B0, 0x01C4, 0x01C5, 0x01C6, 0x01C7, 0x01C8, 0x01C9, 0x01CA, 0x01CB, 0x01CC, 0x01CD,
    0x01CE, 0x01CF, 0x01D0, 0x01D1, 0x01D2, 0x01D3, 0x01D4, 0x01D5, 0x01D6, 0x01D7, 0x01D8, 0x01D9,
    0x01DA, 0x01DB, 0x01DC, 0x01E6, 0x01E7, 0x01EA, 0x01EB, 0x01FA, 0x01FB, 0x01FC, 0x01FD, 0x01FE,
    0x01FF, 0x0200, 0x0201, 0x0202, 0x0203, 0x0204, 0x0205, 0x0206, 0x0207, 0x0208, 0x0209, 0x020A,
    0x020B, 0x020C, 0x020D, 0x020E, 0x020F, 0x0210, 0x0211, 0x0212, 0x0213, 0x0214, 0x0215, 0x0216,
    0x0217, 0x0218, 0x0219, 0x021A, 0x021B, 0x1EA0, 0x1EA1, 0x1EA2, 0x1EA3, 0x1EA4, 0x1EA5, 0x1EA6,
    0x1EA7, 0x1EA8, 0x1EA9, 0x1EAA, 0x1EAB, 0x1EAC, 0x1EAD, 0x1EAE, 0x1EAF, 0x1EB0, 0x1EB1, 0x1EB2,
    0x1EB3, 0x1EB4, 0x1EB5, 0x1EB6, 0x1EB7, 0x1EB8, 0x1EB9, 0x1EBA, 0x1EBB, 0x1EBC, 0x1EBD, 0x1EBE,
    0x1EBF, 0x1EC0, 0x1EC1, 0x1EC2, 0x1EC3, 0x1EC4, 0x1EC5, 0x1EC6, 0x1EC7, 0x1EC8, 0x1EC9, 0x1ECA,
    0x1ECB, 0x1ECC, 0x1ECD, 0x1ECE, 0x1ECF, 0x1ED0, 0x1ED1, 0x1ED2, 0x1ED3, 0x1ED4, 0x1ED5, 0x1ED6,
    0x1ED7, 0x1ED8, 0x1ED9, 0x1EDA, 0x1EDB, 0x1EDC, 0x1EDD, 0x1EDE, 0x1EDF, 0x1EE0, 0x1EE1, 0x1EE2,
    0x1EE3, 0x1EE4, 0x1EE5, 0x1EE6, 0x1EE7, 0x1EE8, 0x1EE9, 0x1EEA, 0x1EEB, 0x1EEC, 0x1EED, 0x1EEE,
    0x1EEF, 0x1EF0, 0x1EF1, 0x1EF2, 0x1EF3, 0x1EF4, 0x1EF5, 0x1EF6, 0x1EF7, 0x1EF8, 0x1EF9, 0x2010,
    0x2012, 0x2013, 0x2014, 0x2015, 0x201A, 0x201E, 0x2026, 0x2044, 0x2080, 0x2081, 0x2082, 0x2083,
    0x2084, 0x2085, 0x2086, 0x2087, 0x2088, 0x2089, 0xFB00, 0xFB01, 0xFB02, 0xFB03, 0xFB04,
};

static const uint8_t youngserif_14_bolditalicKernRightClassIds[] = {
      1,   2,   3,   4,   3,   5,   6,   7,   8,   9,  10,  11,  12,  13,  14,  15,
     16,  16,  17,  18,  19,  20,  19,  19,  19,  20,  19,  21,  22,  19,  19,  19,
     19,  20,  19,  20,  19,  23,  24,  25,  26,  27,  28,  29,  30,  31,  32,  33,
     32,  32,  32,  34,  35,  36,  37,  38,  36,  36,  39,  39,  32,  40,  32,  39,
     41,  42,  43,  44,  44,  45,  46,  47,  48,  18,  18,  18,  18,  18,  18,  49,
     20,  19,  19,  19,  19,  21,  21,  21,  21,  19,  19,  20,  20,  20,  20,  20,
     20,  25,  25,  25,  25,  29,  19,  36,  50,  32,  32,  51,  52,  32,  32,  32,
     53,  32,  54,  55,  56,  37,  57,  58,  59,  39,  60,  32,  61,  62,  63,  64,
     32,  65,  65,  65,  65,  46,  66,  67,  18,  68,  18,  69,  18,  32,  20,  32,
     20,  32,  20,  32,  20,  70,  19,  32,  19,  32,  19,  71,  19,  32,  19,  32,
     19,  32,  19,  72,  20,  73,  20,  73,  20,  35,  20,  35,  19,  36,  19,  36,
     21,  37,  21,  74,  21,  37,  21,  75,  21,  37,  21,  37,  22,  38,  19,  36,
     36,  19,  36,  19,  36,  19,  36,  19,  36,  76,  36,  19,  39,  19,  39,  19,
     39,  19,  39,  20,  60,  20,  32,  20,  77,  20,  78,  19,  39,  19,  39,  19,
     79,  23,  41,  23,  41,  23,  41,  23,  80,  81,  42,  81,  42,  81,  42,  25,
     65,  25,  65,  25,  65,  25,  65,  25,  65,  25,  65,  27,  44,  29,  82,  29,
     30,  47,  30,  47,  30,  83,  20,  32,  25,  65,  19,  19,  32,  19,  19,  36,
     19,  19,  39,  18,  32,  21,  37,  20,  32,  25,  65,  25,  65,  25,  65,  25,
     65,  25,  65,  20,  73,  20,  32,  18,  32,  49,  32,  20,  32,  18,  32,  18,
     32,  19,  32,  19,  32,  21,  37,  21,  37,  20,  32,  20,  32,  19,  39,  19,
     39,  25,  65,  25,  65,  23,  41,  81,  42,  18,  32,  18,  32,  18,  32,  18,
     32,  18,  32,  18,  32,  18,  32,  18,  32,  18,  32,  18,  32,  18,  32,  18,
     32,  19,  32,  19,  32,  19,  32,  19,  32,  19,  32,  19,  32,  19,  32,  19,
     32,  21,  37,  21,  37,  20,  32,  20,  32,  20,  32,  20,  32,  20,  32,  20,
     32,  20,  32,  20,  32,  20,  32,  20,  32,  20,  32,  20,  32,  25,  65,  25,
     65,  25,  65,  25,  65,  25,  65,  25,  65,  25,  65,  29,  46,  29,  46,  29,
     46,  29,  46,   4,   4,   4,   4,  84,   3,   3,   3,  85,  86,  87,  86,  88,
     86,  86,  89,  89,  90,  90,  91,  91,  91,  91,  91,
};

static const uint16_t youngserif_14_bolditalicKernRowOffsets[] = {
        0,    28,    74,    92,    93,   100,   110,   117,   125,   139,   144,   148,   156,   159,   167,   179,
      235,   284,   322,   377,   426,   487,   517,   562,   603,   663,   724,   783,   843,   898,   946,   998,
     1055,  1112,  1165,  1225,  1269,  1271,  1312,  1341,  1388,  1408,  1459,  1499,  1544,  1545,  1584,  1627,
     1667,  1706,  1740,  1782,  1814,  1837,  1884,  1919,  1920,  1921,  1922,  1923,  1972,  1974,  2016,  2019,
     2038,  2040,  2081,  2122,  2171,  2175,  2184,  2225,  2230,  2231,  2232,
};

static const uint8_t youngserif_14_bolditalicKernSparseCols[] = {
      7,   8,   9,  11,  13,  14,  31,  37,  45,  49,  50,  51,  52,  53,  54,  59,
     60,  61,  62,  66,  67,  68,  69,  70,  71,  76,  77,  81,   5,   7,   8,   9,
     10,  11,  12,  18,  19,  20,  21,  22,  23,  24,  25,  26,  28,  31,  32,  39,
     41,  42,  43,  45,  49,  50,  51,  52,  53,  54,  59,  60,  61,  62,  64,  66,
     67,  68,  69,  70,  71,  75,  76,  77,  80,  81,  17,  18,  20,  23,  24,  25,
     26,  27,  28,  29,  32,  43,  44,  45,  66,  75,  80,  81,  17,   2,   5,   7,
      9,  11,  12,  15,   3,   5,   6,   7,   8,   9,  12,  13,  14,  83,   1,   2,
      6,   9,  10,  12,  14,   2,   5,   6,   9,  11,  13,  14,  15,   1,   2,   3,
      5,   6,   8,   9,  10,  11,  12,  13,  15,  63,  83,   2,   5,   6,   7,  14,
      2,   5,   6,  15,   1,   2,   3,   5,   6,   7,   9,  83,   2,   6,  12,   1,
      2,   5,   6,   8,   9,  10,  11,   5,   6,   7,   9,  10,  12,  14,  25,  26,
     34,  37,  72,   3,  17,  19,  22,  23,  24,  25,  26,  28,  29,  31,  32,  34,
     35,  36,  37,  38,  39,  40,  41,  42,  43,  44,  45,  46,  49,  50,  51,  52,
     53,  54,  55,  59,  60,  61,  62,  64,  65,  66,  67,  68,  69,  70,  71,  72,
     73,  74,  76,  77,  78,  79,  80,  81,  82,  83,  90,   2,  17,  18,  19,  20,
     22,  23,  24,  25,  26,  27,  28,  29,  31,  35,  38,  39,  40,  41,  42,  43,
     44,  45,  48,  49,  50,  51,  52,  53,  54,  59,  60,  61,  62,  64,  65,  66,
     67,  68,  69,  70,  71,  75,  76,  77,  78,  79,  80,  81,   2,  17,  19,  21,
     22,  24,  25,  26,  27,  28,  31,  32,  34,  36,  38,  48,  49,  50,  51,  52,
     53,  54,  55,  59,  60,  61,  62,  67,  68,  69,  70,  71,  72,  73,  74,  76,
     77,  78,   2,  17,  18,  19,  20,  21,  22,  23,  24,  25,  26,  27,  28,  29,
     31,  32,  34,  35,  36,  40,  42,  45,  46,  48,  49,  50,  51,  52,  53,  54,
     55,  58,  59,  60,  61,  62,  64,  65,  66,  67,  68,  69,  70,  71,  72,  73,
     74,  75,  76,  77,  79,  80,  81,  82,  90,   2,  17,  18,  19,  21,  22,  23,
     24,  25,  26,  27,  28,  29,  31,  32,  35,  38,  39,  40,  41,  42,  43,  44,
     45,  47,  49,  50,  51,  52,  53,  54,  59,  60,  61,  62,  64,  66,  67,  68,
     69,  70,  71,  75,  76,  77,  78,  79,  80,  81,   2,   3,   4,  17,  18,  19,
     20,  21,  22,  23,  24,  27,  28,  31,  34,  35,  36,  37,  38,  39,  40,  41,
     42,  43,  44,  45,  46,  48,  49,  50,  51,  52,  53,  54,  55,  56,  57,  59,
     60,  61,  62,  64,  66,  67,  68,  69,  70,  71,  72,  73,  74,  75,  76,  77,
     78,  79,  80,  81,  82,  83,  90,   2,  17,  18,  19,  20,  21,  22,  23,  24,
     25,  26,  27,  28,  29,  32,  35,  36,  40,  44,  45,  48,  55,  65,  66,  73,
     74,  75,  79,  80,  81,   2,   3,  19,  20,  22,  23,  24,  29,  31,  32,  35,
     36,  39,  40,  41,  42,  43,  44,  45,  49,  50,  51,  52,  53,  54,  55,  59,
     60,  61,  62,  64,  66,  67,  68,  69,  70,  71,  73,  74,  76,  77,  79,  80,
     81,  83,   2,   3,  18,  19,  20,  21,  22,  23,  24,  31,  39,  40,  41,  42,
     43,  45,  48,  49,  50,  51,  52,  53,  54,  59,  60,  61,  62,  64,  66,  67,
     68,  69,  70,  71,  75,  76,  77,  79,  80,  81,  83,   2,   3,  17,  18,  19,
     20,  21,  22,  23,  24,  27,  29,  31,  32,  34,  35,  36,  37,  38,  39,  40,
     41,  42,  43,  44,  45,  46,  48,  49,  50,  51,  52,  53,  54,  55,  57,  59,
     60,  61,  62,  64,  66,  67,  68,  69,  70,  71,  72,  73,  74,  75,  76,  77,
     78,  79,  80,  81,  82,  83,  90,   2,   3,  17,  18,  19,  21,  22,  23,  24,
     25,  26,  27,  28,  29,  31,  32,  34,  35,  36,  37,  38,  39,  40,  41,  42,
     43,  45,  46,  48,  49,  50,  51,  52,  53,  54,  55,  59,  60,  61,  62,  64,
     65,  66,  67,  68,  69,  70,  71,  72,  73,  74,  75,  76,  77,  78,  79,  80,
     81,  82,  83,  90,   2,  17,  18,  19,  21,  22,  23,  25,  26,  28,  29,  31,
     32,  34,  35,  36,  37,  38,  39,  40,  41,  42,  43,  44,  45,  46,  48,  49,
     50,  51,  52,  53,  54,  55,  56,  57,  59,  60,  61,  62,  64,  66,  67,  68,
     69,  70,  71,  72,  73,  74,  75,  76,  77,  78,  79,  80,  81,  82,  90,   2,
      3,   4,  17,  18,  19,  20,  21,  22,  24,  25,  26,  27,  28,  29,  31,  32,
     34,  35,  36,  37,  38,  39,  40,  42,  43,  44,  46,  48,  49,  50,  51,  52,
     53,  54,  55,  56,  57,  58,  59,  60,  61,  62,  64,  65,  67,  68,  69,  70,
     71,  72,  73,  74,  75,  76,  77,  78,  79,  82,  83,   3,  17,  18,  19,  22,
     23,  24,  25,  26,  27,  28,  29,  31,  32,  35,  37,  38,  39,  40,  41,  42,
     43,  44,  45,  46,  48,  49,  50,  51,  52,  53,  54,  58,  59,  60,  61,  62,
     64,  65,  66,  67,  68,  69,  70,  71,  75,  76,  77,  78,  79,  80,  81,  82,
     83,  90,   2,  17,  18,  20,  22,  23,  24,  25,  26,  27,  28,  29,  31,  32,
     34,  35,  39,  41,  42,  43,  44,  45,  48,  49,  50,  51,  52,  53,  54,  59,
     60,  61,  62,  64,  65,  66,  67,  68,  69,  70,  71,  72,  75,  76,  77,  80,
     81,  83,   2,   3,   4,  17,  18,  19,  20,  21,  31,  32,  34,  35,  37,  38,
     39,  40,  41,  42,  43,  44,  45,  46,  48,  49,  50,  51,  52,  53,  54,  56,
     57,  59,  60,  61,  62,  64,  66,  67,  68,  69,  70,  71,  72,  75,  76,  77,
     78,  79,  81,  82,  83,  90,   2,   3,  17,  19,  21,  22,  25,  26,  27,  28,
     29,  31,  32,  34,  36,  37,  38,  39,  40,  41,  42,  43,  44,  45,  46,  48,
     49,  50,  51,  52,  53,  54,  55,  56,  57,  59,  60,  61,  62,  64,  66,  67,
     68,  69,  70,  71,  72,  73,  74,  76,  77,  78,  79,  81,  82,  83,  90,   2,
      3,   4,  17,  19,  21,  22,  25,  26,  28,  29,  31,  32,  34,  36,  37,  38,
     39,  40,  41,  42,  43,  44,  45,  46,  48,  49,  50,  51,  52,  53,  54,  55,
     56,  57,  59,  60,  61,  62,  64,  66,  67,  68,  69,  70,  71,  72,  73,  74,
     76,  77,  78,  79,  81,  82,  83,  90,   3,  17,  18,  19,  22,  23,  24,  27,
     29,  31,  35,  36,  38,  39,  40,  41,  42,  43,  44,  45,  46,  48,  49,  50,
     51,  52,  53,  54,  55,  59,  60,  61,  62,  64,  65,  66,  67,  68,  69,  70,
     71,  73,  74,  75,  76,  77,  78,  79,  80,  81,  82,  83,  90,   2,   3,  17,
     19,  21,  22,  23,  25,  26,  27,  28,  29,  31,  32,  34,  36,  37,  38,  39,
     40,  41,  42,  43,  44,  45,  46,  48,  49,  50,  51,  52,  53,  54,  55,  56,
     57,  59,  60,  61,  62,  64,  65,  66,  67,  68,  69,  70,  71,  72,  73,  74,
     76,  77,  78,  79,  80,  81,  82,  83,  90,   2,  17,  18,  19,  20,  22,  23,
     24,  25,  26,  27,  31,  38,  39,  41,  42,  43,  44,  45,  48,  49,  50,  51,
     52,  53,  54,  59,  60,  61,  62,  64,  65,  66,  67,  68,  69,  70,  71,  75,
     76,  77,  78,  80,  81,  35,  37,  30,  31,  32,  33,  34,  37,  38,  39,  40,
     41,  42,  43,  44,  45,  46,  49,  50,  51,  52,  53,  54,  58,  59,  60,  61,
     62,  64,  65,  66,  67,  68,  69,  70,  71,  76,  77,  78,  79,  81,  82,  90,
      2,  23,  25,  26,  32,  35,  36,  38,  39,  40,  41,  42,  43,  44,  45,  46,
     55,  58,  64,  65,  66,  73,  74,  78,  79,  80,  81,  82,  90,   1,   2,  31,
     32,  34,  35,  36,  37,  38,  39,  40,  41,  42,  43,  44,  45,  46,  49,  50,
     51,  52,  53,  54,  55,  58,  59,  60,  61,  62,  64,  65,  66,  67,  68,  69,
     70,  71,  72,  73,  74,  76,  77,  78,  79,  81,  82,  90,  28,  31,  43,  49,
     50,  51,  52,  53,  54,  59,  60,  61,  62,  67,  68,  69,  70,  71,  76,  77,
      0,   1,   2,   3,   6,   7,   8,  11,  14,  16,  31,  32,  34,  35,  36,  37,
     38,  40,  41,  42,  43,  45,  46,  49,  50,  51,  52,  53,  54,  55,  59,  60,
     61,  62,  64,  66,  67,  68,  69,  70,  71,  72,  73,  74,  76,  77,  78,  79,
     81,  82,  83,   2,  30,  31,  34,  36,  37,  38,  40,  41,  42,  43,  44,  45,
     49,  50,  51,  52,  53,  54,  55,  59,  60,  61,  62,  64,  66,  67,  68,  69,
     70,  71,  72,  73,  74,  76,  77,  78,  79,  81,  90,   1,   3,  31,  32,  36,
     37,  38,  39,  40,  41,  42,  43,  44,  45,  46,  49,  50,  51,  52,  53,  54,
     55,  58,  59,  60,  61,  62,  64,  65,  66,  67,  68,  69,  70,  71,  73,  74,
     76,  77,  78,  79,  81,  82,  83,  90,  37,  31,  32,  35,  37,  38,  39,  40,
     41,  42,  43,  44,  45,  46,  49,  50,  51,  52,  53,  54,  58,  59,  60,  61,
     62,  64,  65,  66,  67,  68,  69,  70,  71,  76,  77,  78,  79,  81,  82,  90,
      2,  31,  32,  35,  36,  37,  38,  39,  40,  41,  42,  43,  44,  45,  46,  49,
     50,  51,  52,  53,  54,  55,  58,  59,  60,  61,  62,  64,  66,  67,  68,  69,
     70,  71,  73,  74,  76,  77,  78,  79,  81,  82,  90,   2,  31,  32,  34,  35,
     38,  40,  41,  42,  43,  44,  45,  46,  49,  50,  51,  52,  53,  54,  58,  59,
     60,  61,  62,  64,  65,  66,  67,  68,  69,  70,  71,  72,  76,  77,  78,  79,
     81,  82,  90,  31,  32,  35,  36,  37,  38,  39,  40,  41,  42,  43,  45,  49,
     50,  51,  52,  53,  54,  55,  58,  59,  60,  61,  62,  64,  65,  66,  67,  68,
     69,  70,  71,  73,  74,  76,  77,  78,  79,  81,  31,  34,  35,  36,  38,  39,
     40,  41,  42,  49,  50,  51,  52,  53,  54,  55,  59,  60,  61,  62,  64,  67,
     68,  69,  70,  71,  72,  73,  74,  76,  77,  78,  79,  90,   1,  31,  35,  36,
     38,  39,  40,  41,  42,  43,  44,  45,  46,  49,  50,  51,  52,  53,  54,  55,
     58,  59,  60,  61,  62,  64,  65,  66,  67,  68,  69,  70,  71,  73,  74,  76,
     77,  78,  79,  81,  82,  90,   2,   3,  17,  31,  35,  40,  42,  43,  44,  45,
     49,  50,  51,  52,  53,  54,  59,  60,  61,  62,  64,  66,  67,  68,  69,  70,
     71,  76,  77,  79,  81,  83,   3,  31,  45,  49,  50,  51,  52,  53,  54,  59,
     60,  61,  62,  66,  67,  68,  69,  70,  71,  76,  77,  81,  83,   2,   3,  23,
     31,  32,  34,  35,  36,  38,  39,  40,  41,  42,  43,  44,  45,  46,  49,  50,
     51,  52,  53,  54,  55,  59,  60,  61,  62,  64,  66,  67,  68,  69,  70,  71,
     72,  73,  74,  76,  77,  78,  79,  80,  81,  82,  83,  90,   3,  31,  32,  35,
     37,  38,  40,  41,  42,  43,  45,  49,  50,  51,  52,  53,  54,  59,  60,  61,
     62,  64,  65,  66,  67,  68,  69,  70,  71,  76,  77,  78,  79,  81,  83,  37,
     84,  84,  37,   2,  17,  18,  19,  21,  22,  23,  24,  25,  26,  27,  28,  29,
     31,  32,  35,  38,  39,  40,  41,  42,  43,  44,  45,  47,  49,  50,  51,  52,
     53,  54,  59,  60,  61,  62,  64,  66,  67,  68,  69,  70,  71,  75,  76,  77,
     78,  79,  80,  81,  23,  80,   2,  31,  32,  34,  35,  36,  38,  39,  40,  41,
     42,  43,  44,  45,  49,  50,  51,  52,  53,  54,  55,  59,  60,  61,  62,  64,
     65,  66,  67,  68,  69,  70,  71,  72,  73,  74,  76,  77,  78,  79,  81,  90,
     10,  11,  13,   2,  31,  49,  50,  51,  52,  53,  54,  59,  60,  61,  62,  67,
     68,  69,  70,  71,  76,  77,  38,  78,  30,  31,  32,  33,  34,  37,  38,  39,
     40,  41,  42,  43,  44,  45,  46,  49,  50,  51,  52,  53,  54,  58,  59,  60,
     61,  62,  64,  65,  66,  67,  68,  69,  70,  71,  76,  77,  78,  79,  81,  82,
     90,  30,  31,  32,  33,  34,  37,  38,  39,  40,  41,  42,  43,  44,  45,  46,
     49,  50,  51,  52,  53,  54,  58,  59,  60,  61,  62,  64,  65,  66,  67,  68,
     69,  70,  71,  76,  77,  78,  79,  81,  82,  90,   2,  17,  18,  19,  21,  22,
     23,  24,  25,  26,  27,  28,  29,  31,  32,  35,  38,  39,  40,  41,  42,  43,
     44,  45,  47,  49,  50,  51,  52,  53,  54,  59,  60,  61,  62,  64,  66,  67,
     68,  69,  70,  71,  75,  76,  77,  78,  79,  80,  81,  43,  45,  66,  81,  32,
     37,  38,  40,  42,  43,  64,  78,  79,  30,  31,  32,  33,  34,  37,  38,  39,
     40,  41,  42,  43,  44,  45,  46,  49,  50,  51,  52,  53,  54,  58,  59,  60,
     61,  62,  64,  65,  66,  67,  68,  69,  70,  71,  76,  77,  78,  79,  81,  82,
     90,  85,  86,  87,  88,  89,  84,  84,
};

static const int8_t youngserif_14_bolditalicKernSparseValues[] = {
      -8,   -4,   -8,   -8,   -4,  -12,  -25,   29,  -12,  -25,  -25,  -25,  -25,  -25,  -25,  -25,
     -25,  -25,  -25,  -12,  -25,  -25,  -25,  -25,  -25,  -25,  -25,  -12,  -12,   -4,  -16,    4,
     -12,   -8,   -4,   -4,  -16,   -4,    4,   -8,  -49,  -25,  -53,  -53,  -33,   -8,  -12,   -4,
     -12,  -12,  -33,  -12,   -8,   -8,   -8,   -8,   -8,   -8,   -8,   -8,   -8,   -8,  -12,  -12,
      -8,   -8,   -8,   -8,   -8,   -4,   -8,   -8,  -49,  -12,  -21,   -8,   -8,  -37,   -8,  -33,
     -33,   -8,  -41,   -4,   -4,   -8,   -8,   -4,   -4,   -8,  -37,   -4,  -12,  -12,    4,   -8,
      -4,    4,   -4,   -8,   -8,   -4,   12,    4,   -4,   16,    4,    4,    8,   -8,   -4,   -4,
       4,    8,   -4,   -4,    4,   -4,   -8,    4,    4,   -4,   -4,    4,   -4,   -4,   -8,   -8,
     -16,    4,  -16,    4,   -8,  -12,   -8,   -8,   -4,  -12,   -8,   -4,   -8,    8,   -4,    4,
     -12,    4,    8,   -4,  -16,  -53,  -12,   -8,   12,   -4,  -25,  -12,   -4,    4,   -8,   -4,
      -8,    4,    8,    4,   -8,   -4,    4,   -8,   12,   12,   16,    4,    4,   16,  -21,  -21,
      12,   41,   12,  -21,    8,  -25,  -12,  -49,  -37,  -53,  -53,  -49,    4,   -8,  -12,    1,
       8,    8,   -4,    8,   -8,   -4,  -16,  -21,  -25,    8,  -21,    8,   -8,   -8,   -8,   -8,
      -8,   -8,    8,   -8,   -8,   -8,   -8,  -21,   -8,  -21,   -8,   -8,   -8,   -8,   -8,    1,
       8,    8,   -8,   -8,    8,   -4,  -49,  -21,    8,  -21,    8,  -12,  -16,  -16,   -3,  -12,
      -4,  -16,  -21,  -33,  -33,  -21,  -29,   -4,   -4,   -4,   -4,   -4,   -4,   -8,   -8,   -8,
      -8,  -10,  -16,   -4,   -4,   -4,   -4,   -4,   -4,   -4,   -4,   -4,   -4,   -8,   -4,  -10,
      -4,   -4,   -4,   -4,   -4,  -16,   -4,   -4,   -4,   -4,  -16,  -10,   -4,  -12,    4,    8,
       4,   -4,   -4,   -4,   -4,   -8,    4,    4,    8,    8,    4,  -16,    4,    4,    4,    4,
       4,    4,    8,    4,    4,    4,    4,    4,    4,    4,    4,    4,    8,    8,    8,    4,
       4,    4,  -25,  -27,  -14,   -4,  -12,   -8,   -8,  -12,  -16,  -25,  -25,  -25,  -25,   -4,
      -2,   -4,   -4,   -5,    4,  -12,    4,    4,   -4,  -37,   -2,   -2,   -2,   -2,   -2,   -2,
       4,   -4,   -2,   -2,   -2,   -2,    4,   -4,    4,   -2,   -2,   -2,   -2,   -2,   -4,    4,
       4,  -19,   -2,   -2,  -12,  -12,    4,   -4,    2,   -8,  -12,  -12,   -8,   -4,   -4,  -45,
     -21,  -29,  -54,  -12,  -57,   -8,   -4,   -4,   -4,   -4,  -12,   -8,  -16,  -12,  -16,  -12,
     -16,  -94,   -4,   -4,   -4,   -4,   -4,   -4,   -4,   -4,   -4,   -4,  -12,  -16,   -4,   -4,
      -4,   -4,   -4,  -12,   -4,   -4,   -4,   -8,  -45,  -16,  -41,  -21,  -29,  -62,  -12,  -21,
      -4,  -41,  -21,    4,   -4,  -12,   -4,  -37,  -33,   -4,  -25,  -21,  -33,  -33,  -45,  -12,
     -21,  -21,  -21,  -21,  -33,  -94,  -37,  -37,  -37,  -37,  -62,  -62,  -37,    8,   12,  -37,
     -37,  -37,  -37,  -21,  -21,  -37,  -37,  -37,  -37,  -37,  -33,  -29,  -25,  -12,  -37,  -37,
     -33,  -82,    4,  -21,  -33,  -21,  -21,  -12,  -21,  -14,    4,  -12,  -12,   -4,   -8,  -16,
     -16,  -16,  -12,  -25,  -12,   -4,   -8,    4,   -4,   -8,   -8,  -25,    4,   -8,   -8,    4,
       4,  -10,   -4,   -8,   -8,   -4,   -8,  -14,   -4,  -16,   -8,   -4,   -4,  -16,    4,   -1,
      -2,  -12,  -16,   -8,  -21,  -16,   -4,  -21,  -16,  -16,  -16,  -16,  -16,  -16,   -2,  -16,
     -16,  -16,  -16,  -21,  -21,  -16,  -16,  -16,  -16,  -16,   -2,   -2,  -16,  -16,  -16,   -4,
     -21,   -8,   -4,   -8,   -4,  -16,   -4,   -4,  -16,   -4,   -4,  -12,   -8,   -4,   -8,  -12,
     -12,  -16,   -4,  -12,  -12,  -12,  -12,  -12,  -12,  -12,  -12,  -12,  -12,  -12,  -16,  -12,
     -12,  -12,  -12,  -12,   -4,  -12,  -12,   -4,   -4,  -16,   -8,  -29,  -12,  -33,   -6,  -16,
      -4,  -25,  -21,   -4,   -2,   -8,  -16,  -25,    4,  -21,  -16,   -8,   -4,  -16,  -12,  -21,
     -12,  -16,  -16,  -16,  -12,  -12,  -45,  -25,  -25,  -25,  -25,  -25,  -25,   -8,    8,  -25,
     -25,  -25,  -25,  -16,  -12,  -25,  -25,  -25,  -25,  -25,  -21,   -8,   -8,   -6,  -25,  -25,
     -16,  -21,   -4,  -12,  -12,  -12,  -16,   -4,  -25,    4,    2,  -29,    4,  -21,  -12,   -8,
      -4,   -4,    4,   -8,    8,  -16,   -4,    4,    8,    4,   -8,    4,  -12,   -8,  -21,  -25,
     -41,  -33,    8,    4,  -16,  -16,  -16,  -16,  -16,  -16,    4,  -16,  -16,  -16,  -16,  -25,
      -4,  -33,  -16,  -16,  -16,  -16,  -16,    4,    4,    4,    2,  -16,  -16,    4,   -8,  -12,
     -33,    8,  -25,    8,   -8,  -21,   -2,  -13,   -8,  -16,   -2,   10,   10,    6,  -14,  -16,
       8,  -16,   -2,   -8,   -4,  -16,  -12,  -22,  -16,  -16,  -16,  -16,  -12,  -12,  -21,  -16,
     -16,  -16,  -16,  -16,  -16,   -8,    8,   12,  -16,  -16,  -16,  -16,  -16,  -12,  -16,  -16,
     -28,  -16,  -25,  -16,   -8,   -8,   -2,  -16,  -16,  -16,  -22,   -2,  -12,  -12,   -8,  -45,
     -12,  -12,  -41,  -10,   -3,  -12,  -45,  -19,   -8,   -8,   -8,   -8,   -8,   -8,  -16,    4,
     -12,   -8,   -8,   -8,   -6,   -2,  -21,    2,    4,   -4,   -8,  -91,  -16,  -16,  -16,  -16,
     -16,  -16,   -8,    8,    4,  -16,  -16,  -16,  -16,  -16,    2,   -4,  -16,  -16,  -16,  -16,
     -16,  -12,   -8,   -8,  -10,  -16,  -16,   -6,  -21,   -8,  -12,  -12,    8,   -4,  -30,  -25,
     -33,  -41,  -45,  -45,    4,  -49,    4,  -16,  -16,    4,   -8,    4,   -4,  -12,  -21,  -25,
     -29,    4,  -31,    4,    4,  -16,  -16,  -16,  -16,  -16,  -16,  -12,  -16,  -16,  -16,  -16,
     -25,   -8,  -31,  -16,  -16,  -16,  -16,  -16,   -4,  -16,  -16,    4,  -12,  -33,  -31,    4,
     -12,    4,   -4,  -10,   -8,   -6,    1,  -12,  -14,  -21,  -21,   -2,  -19,   -2,    2,   -4,
       1,   -2,   -4,   -8,   -8,   -8,   -8,   -8,   -8,    2,    2,    2,    2,    2,    2,    2,
       2,    2,    2,   -8,   -8,   -8,    2,    2,    2,    2,    2,    1,   -8,    2,    2,  -12,
      -8,   12,  -49,  -37,  -21,  -49,   -6,   -8,   -4,  -49,  -49,    4,  -45,   -4,  -21,  -37,
     -29,  -57,  -12,  -41,  -45,  -53,  -49,  -57,  -74, -103,  -91,  -74,  -95,  -66,  -74,   21,
      21,  -49,  -78,  -91,  -82,  -41,  -86,  -95,  -49,  -49,  -86,  -82,  -45,   -6,  -49,  -49,
     -37,  -90,  -82,  -57,  -37,  -16,  -25,   -8,  -25,  -19,  -25,  -25,    8,    8,   -4,    8,
     -16,  -22,    8,  -16,  -12,  -12,  -25,  -21,  -27,  -12,  -12,  -12,  -16,  -12,  -16,  -41,
     -22,  -22,  -22,  -22,  -22,  -22,  -12,    8,   16,  -22,  -22,  -22,  -22,  -12,  -12,  -22,
     -22,  -22,  -22,  -22,  -16,   -8,  -28,  -22,  -22,  -25,  -27,  -12,  -16,   -8,   -8,  -49,
     -33,  -37,  -53,  -25,  -29,  -21,   -2,   -2,   12,  -12,  -33,   12,  -37,  -16,  -12,  -37,
     -21,  -49,  -21,  -25,  -16,  -25,  -21,  -25,  -62,  -33,  -33,  -57,  -33,  -33,  -53,  -21,
       8,   25,  -33,  -33,  -33,  -57,  -25,  -21,  -33,  -33,  -45,  -33,  -45,  -37,  -12,  -16,
     -33,  -94,  -62,  -78,  -21,  -25,  -33,  -25,   -8,    8,   -2,  -25,  -21,   -6,   -4,    8,
       8,  -16,    4,    8,    4,  -12,  -12,  -21,  -33,  -57,    4,  -45,    8,    8,  -16,  -16,
     -16,  -16,  -16,  -16,    8,  -16,  -16,  -16,  -16,  -33,  -12,  -45,  -16,  -16,  -16,  -16,
     -16,    8,    8,   -2,  -16,  -16,    4,  -12,   -6,  -45,    8,   -8,    4,  -33,  -41,  -49,
     -29,  -45,  -29,   -4,    8,    8,   -4,    8,  -21,  -57,    8,  -70,  -25,  -29,  -45,  -49,
     -62,  -29,  -41,  -53,  -49,  -49,  -53,  -74,  -94,  -98,  -82,  -98,  -94,  -82,  -29,    4,
      12, -103,  -94, -103,  -90,  -41,    4,  -82,  -94,  -86,  -74,  -94,  -74,  -70,  -25,  -25,
    -107,  -57,  -74,  -86,   -4,  -49,  -86,  -41,  -33,   -4,   -8,   -4,  -16,   -4,   -8,   -4,
      -2,    4,    4,   -4,   -2,   -4,  -12,  -21,  -21,  -41,   -4,  -45,   -8,   -2,   -2,   -2,
      -2,   -2,   -2,   -2,   -2,   -2,   -2,  -21,   -4,  -45,   -2,   -2,   -2,   -2,   -2,   -4,
      -2,   -2,   -4,   -4,  -45,   16,   49,   12,   -9,  -16,    4,   16,   -4,    5,  -10,   -9,
      -8,  -30,  -12,    8,   -8,    6,   -9,   -9,   -9,   -9,   -9,   -9,   -8,   -9,   -9,   -9,
      -9,  -15,  -12,   -8,   -9,   -9,   -9,   -9,   -9,   -9,   -9,    5,   -9,   -8,    6,    7,
      -8,  -49,  -33,  -33,  -16,  -10,   -5,   -4,   -8,   -8,   -7,  -12,  -16,  -12,   -9,   -4,
      -5,   -2,  -12,   -8,   -9,   -5,   -5,   -4,   -8,  -49,   -9,   -4,   -4,  -21,   -4,   -7,
      -8,   -4,  -10,   -2,   -2,   -4,   -4,  -10,   -4,   -2,   -3,   -4,   -4,   -4,   -7,   -7,
      -7,   -7,   -7,   -7,   -2,   -8,   -7,   -7,   -7,   -7,   -2,   -8,   -4,   -7,   -7,   -7,
      -7,   -7,   -4,   -2,   -2,   -7,   -7,   -4,  -10,   -4,   -4,   -2,  -57,   -8,   -4,   -8,
      -8,   -8,   -8,   -8,   -8,   -8,   -8,   -8,   -8,   -8,   -8,   -8,   -8,   -8,   -8,   -8,
      41,   21,   -4,   -4,   16,    4,    8,   12,   21,   37,    4,   45,    8,   37,   21,   21,
       8,   -4,    4,    8,    8,    8,    4,    4,    4,    4,    4,    4,    4,   21,    4,    4,
       4,    4,    8,    8,    4,    4,    4,    4,    4,    8,   21,   21,    4,    4,    8,   -4,
       8,    4,   -4,   -4,    4,   -4,    4,    2,   49,    4,   -8,   12,    8,    8,    4,   12,
      -4,   -4,   -4,   -4,   -4,   -4,    2,   -4,   -4,   -4,   -4,    8,   12,   -4,   -4,   -4,
      -4,   -4,    4,    2,    2,   -4,   -4,    4,   -8,   12,   12,   -8,   -4,  -16,  -25,    4,
     -12,    6,  -12,  -16,  -21,  -25,  -25,    4,  -26,    4,  -16,  -16,  -16,  -16,  -16,  -16,
       4,   -8,  -16,  -16,  -16,  -16,  -25,  -16,  -26,  -16,  -16,  -16,  -16,  -16,    4,    4,
     -16,  -16,    6,  -16,  -26,    4,   -4,    4,   21,  -22,  -21,    4,  -12,    2,  -12,  -21,
     -12,  -16,  -16,    4,  -12,    8,  -22,  -22,  -22,  -22,  -22,  -22,  -21,  -22,  -22,  -22,
     -22,  -16,  -16,  -12,  -22,  -22,  -22,  -22,  -22,  -22,  -22,    2,  -21,  -12,    8,    4,
      -4,  -22,  -21,  -18,  -12,   57,  -16,    4,  -21,   -8,  -16,  -16,   -8,   -8,   -8,  -22,
     -22,  -22,  -22,  -22,  -22,  -12,  -16,  -22,  -22,  -22,  -22,  -16,   -8,  -22,  -22,  -22,
     -22,  -22,  -12,  -12,  -22,  -22,  -16,  -21,   -8,   -8,   -4,  -41,   -6,   -4,   -1,  -12,
      -1,  -12,    4,    6,    8,    2,    7,    2,   -6,   -6,   -6,   -6,   -6,   -6,   -4,   -6,
      -6,   -6,   -6,    6,   -8,    7,   -6,   -6,   -6,   -6,   -6,   -1,   -6,   -6,   -1,  -12,
       7,    2,    2,   -6,  -16,   -4,   -1,   -4,   -1,  -12,   -7,  -11,  -11,  -11,   -8,   -6,
      -6,   -6,   -6,   -6,   -6,   -1,   -4,   -6,   -6,   -6,   -6,  -11,  -22,   -8,   -6,   -6,
      -6,   -6,   -6,   -1,   -1,   -6,   -6,   -1,   -7,   -8,   -3,    2,    4,    5,    5,    3,
      -4,    4,    8,   -3,   -3,   -3,   -3,   -3,   -3,    5,   -3,   -3,   -3,   -3,    8,   -3,
      -3,   -3,   -3,   -3,    2,    5,    5,   -3,   -3,    5,   -4,    4,  -16,   -8,    4,    4,
       5,   -4,   -7,   -8,   -4,  -12,    4,  -12,    8,   -8,   -8,   -8,   -8,   -8,   -8,    4,
      -4,   -8,   -8,   -8,   -8,   -4,   -8,  -12,   -8,   -8,   -8,   -8,   -8,    4,    4,   -8,
      -8,    5,   -7,  -12,    8,    4,  -33,  -12,  -25,  -12,  -12,  -16,   12,    4,    4,    4,
     -12,  -12,  -12,  -12,  -12,  -12,  -12,  -12,  -12,  -12,   12,    4,  -12,  -12,  -12,  -12,
     -12,  -12,  -12,  -16,    4,  -12,   -8,   -8,    4,   -8,   -8,   -8,   -8,   -8,   -8,   -8,
      -8,   -8,   -8,    4,   -8,   -8,   -8,   -8,   -8,   -8,   -8,    4,   -8,  -33,  -12,  -25,
     -14,   -4,   -8,   -8,    1,    1,    4,   -8,    7,    8,    8,    4,    8,   -4,  -14,  -14,
     -14,  -14,  -14,  -14,    1,  -14,  -14,  -14,  -14,    8,    8,  -14,  -14,  -14,  -14,  -14,
      -8,    1,    1,  -14,  -14,    1,   -8,  -25,    8,   -4,  -12,    7,   -4,   -4,   -4,   -4,
      -4,   -3,   -4,    4,    2,    4,    4,   -4,   -4,   -4,   -4,   -4,   -4,   -4,   -4,   -4,
      -4,    2,   -4,    4,   -4,   -4,   -4,   -4,   -4,   -4,   -4,   -3,   -4,    4,   -4,   51,
    -128, -123,   56,   -8,  -12,  -12,   -8,   -4,   -4,  -74,  -21,  -29,  -54,  -12,  -57,   -8,
      -4,   -4,   -4,   -4,  -12,   -8,  -16,  -12,  -16,  -12,  -16,  -94,   -4,   -4,   -4,   -4,
      -4,   -4,   -4,   -4,   -4,   -4,  -12,  -16,   -4,   -4,   -4,   -4,   -4,  -12,   -4,   -4,
      -4,   -8,  -74,  -16,   21,   21,  -12,   -4,   -8,   -4,   -4,   -4,   -4,   -4,   -8,   -8,
      -5,   -8,   -4,   -4,   -4,   -4,   -4,   -4,   -4,   -4,   -4,   -4,   -4,   -4,   -4,   -5,
     -12,   -4,   -4,   -4,   -4,   -4,   -4,   -4,   -4,   -4,   -4,   -4,   -4,   -8,   -4,   -4,
      16,   12,    8,  -25,  -21,  -21,  -21,  -21,  -21,  -21,  -21,  -21,  -21,  -21,  -21,  -21,
     -21,  -21,  -21,  -21,  -21,  -21,    2,    2,   12,   -9,  -16,    4,   16,   70,    5,  -10,
      -9,   -8,  -30,  -12,    8,   -8,    6,   -9,   -9,   -9,   -9,   -9,   -9,   -8,   -9,   -9,
      -9,   -9,  -15,  -12,   -8,   -9,   -9,   -9,   -9,   -9,   -9,   -9,    5,   -9,   -8,    6,
       7,   12,   -9,  -16,    4,   16,   -4,    5,  -10,   -9,   -8,  -11,  -12,    8,   -8,    6,
      -9,   -9,   -9,   -9,   -9,   -9,   -8,   -9,   -9,   -9,   -9,  -11,  -12,   -8,   -9,   -9,
      -9,   -9,   -9,   -9,   -9,    5,   -9,   -8,    6,    7,   -8,  -12,  -12,   -8,   -4,   -4,
     -86,  -21,  -29,  -54,  -12,  -57,   -8,   -4,   -4,   -4,   -4,  -12,   -8,  -16,  -12,  -16,
     -12,  -16,  -94,   -4,   -4,   -4,   -4,   -4,   -4,   -4,   -4,   -4,   -4,  -12,  -16,   -4,
      -4,   -4,   -4,   -4,  -12,   -4,   -4,   -4,   -8,  -86,  -16,    8,    8,    8,    8,   -4,
      29,   -4,   -8,   -5,   -2,   -5,   -4,   -8,   12,   -9,  -16,    4,   16,   28,    5,  -10,
      -9,   -8,  -30,  -12,    8,   -8,    6,   -9,   -9,   -9,   -9,   -9,   -9,   -8,   -9,   -9,
      -9,   -9,  -15,  -12,   -8,   -9,   -9,   -9,   -9,   -9,   -9,   -9,    5,   -9,   -8,    6,
       7, -128, -103, -119, -115, -107, -119, -127,
};

static const EpdLigaturePair youngserif_14_bolditalicLigaturePairs[] = {
    { 0x00660066, 0xFB00 }, // f f -> U+FB00
    { 0x00660069, 0xFB01 }, // f i -> U+FB01
    { 0x0066006C, 0xFB02 }, // f l -> U+FB02
    { 0xFB000069, 0xFB03 }, // U+FB00 i -> U+FB03
    { 0xFB00006C, 0xFB04 }, // U+FB00 l -> U+FB04
};

static const EpdFontData youngserif_14_bolditalic = {
    youngserif_14_bolditalicBitmaps,
    youngserif_14_bolditalicGlyphs,
    youngserif_14_bolditalicIntervals,
    63,
    35,
    28,
    -9,
    true,
    youngserif_14_bolditalicGroups,
    13,
    nullptr,
    nullptr,  // kernLeftClasses: built-in fonts use the split arrays below
    nullptr,  // kernRightClasses
    youngserif_14_bolditalicKernLeftCodepoints,
    youngserif_14_bolditalicKernLeftClassIds,
    youngserif_14_bolditalicKernRightCodepoints,
    youngserif_14_bolditalicKernRightClassIds,
    nullptr,  // kernMatrix: built-in fonts use the sparse form below
    youngserif_14_bolditalicKernRowOffsets,
    youngserif_14_bolditalicKernSparseCols,
    youngserif_14_bolditalicKernSparseValues,
    431,
    443,
    74,
    91,
    youngserif_14_bolditalicLigaturePairs,
    5,
};
