/**
 * generated by fontconvert.py
 * name: youngserif_18_regular
 * size: 18
 * mode: 2-bit  compressed: true
 * Command used: fontconvert.py youngserif_18_regular 18 ../builtinFonts/source/YoungSerif/YoungSerif-Regular.ttf --2bit --compress --pnum --zopfli
 */
#pragma once
#include "EpdFontData.h"

static const uint8_t youngserif_18_regularBitmaps[22131] = {
    0xBD, 0x98, 0x01, 0xA4, 0x27, 0x59, 0x76, 0xFF, 0x3F, 0x55, 0xB7, 0xF7, 0x95, 0xFF, 0x96, 0xE9,
    0xFB, 0x87, 0xB0, 0x49, 0xEF, 0x4C, 0x2D, 0x16, 0xB1, 0x99, 0xEE, 0x0A, 0x06, 0x8D, 0xD7, 0x7D,
    0x6B, 0xB2, 0x58, 0x04, 0x59, 0x48, 0x00, 0xC0, 0x82, 0x41, 0x7A, 0x31, 0x68, 0x74, 0x77, 0xDD,
    0xB5, 0x58, 0x10, 0x69, 0x00, 0x60, 0x17, 0x13, 0x92, 0xB7, 0x92, 0x69, 0x34, 0x1A, 0xD3, 0x5D,
    0x77, 0x77, 0x10, 0x2C, 0x52, 0xBB, 0x21, 0x41, 0xC8, 0x56, 0xB2, 0x9D, 0x88, 0x2C, 0x5E, 0x25,
    0x53, 0xB6, 0xAB, 0xFB, 0x55, 0xD5, 0xC9, 0xEF, 0x1C, 0xBF, 0xFE, 0xE9, 0xDE, 0xDE, 0xEE, 0x99,
    0x99, 0xCD, 0xA6, 0xDE, 0xAD, 0xEF, 0xF7, 0xBE, 0xAA, 0x73, 0x4F, 0x7D, 0xCF, 0xA9, 0x73, 0x4F,
    0x3D, 0xEF, 0x0D, 0xDA, 0x28, 0x49, 0x52, 0x97, 0xBA, 0xD8, 0x36, 0xA1, 0x09, 0x3C, 0xFD, 0xA9,
    0xA9, 0xB9, 0x64, 0x3F, 0xBF, 0x0D, 0xC0, 0xEB, 0x66, 0xD9, 0xC6, 0x37, 0xB8, 0xE1, 0xFA, 0xDD,
    0x38, 0xD6, 0x91, 0x74, 0xE4, 0xE9, 0x72, 0x6E, 0x23, 0x4B, 0xE0, 0xF1, 0xC0, 0x1B, 0xBC, 0x01,
    0x5C, 0xE4, 0x22, 0x70, 0xCC, 0xF1, 0x01, 0x6F, 0x70, 0x9D, 0x5C, 0x76, 0xC7, 0x92, 0x9F, 0x3C,
    0x39, 0xD9, 0xDE, 0x83, 0x91, 0x11, 0xB2, 0x21, 0x1B, 0x20, 0xEF, 0xF3, 0x1E, 0x5C, 0x72, 0xE9,
    0x29, 0x16, 0xB1, 0x88, 0x50, 0x36, 0x65, 0x43, 0xD0, 0x55, 0xF1, 0x2B, 0xDD, 0x49, 0x77, 0xD2,
    0xBC, 0xD4, 0xFD, 0x75, 0xAE, 0x03, 0x77, 0xB9, 0x0B, 0xC0, 0xD7, 0x41, 0x5D, 0xBF, 0x88, 0x0A,
    0xDD, 0x74, 0x0C, 0xB5, 0xC8, 0x7D, 0xE8, 0xDE, 0x3E, 0xDB, 0xC8, 0x96, 0x6C, 0x10, 0xDC, 0x9C,
    0x0D, 0x75, 0x74, 0x53, 0x36, 0x94, 0x49, 0xE7, 0xAE, 0x77, 0xBB, 0xEB, 0xC4, 0x4C, 0x6C, 0x95,
    0xFC, 0x9B, 0x62, 0x10, 0xC5, 0x42, 0xB6, 0x06, 0x68, 0x65, 0x02, 0x8D, 0xA9, 0x81, 0xEC, 0xDF,
    0xA5, 0x3F, 0xC7, 0xCE, 0xC3, 0x78, 0x65, 0x87, 0xC5, 0x5C, 0xEF, 0xD0, 0x2D, 0x3E, 0x65, 0x43,
    0xBE, 0x94, 0xE3, 0x0E, 0x67, 0xF5, 0xE6, 0xA6, 0x5C, 0xDE, 0x1E, 0x8A, 0x51, 0xBD, 0xD5, 0x89,
    0x56, 0xCE, 0x36, 0xB8, 0x5A, 0xCA, 0xED, 0x97, 0xAA, 0x3D, 0x1C, 0xDD, 0x60, 0xE4, 0x7E, 0xBC,
    0x19, 0x9F, 0xA7, 0x8E, 0x94, 0xF0, 0x26, 0x3E, 0xF1, 0x3A, 0x5C, 0xC6, 0x0D, 0x3B, 0xD0, 0x1C,
    0x5B, 0x5A, 0x3F, 0x20, 0x9B, 0xF2, 0x04, 0x37, 0x60, 0x2A, 0x1A, 0xB8, 0x02, 0xE3, 0x6B, 0x40,
    0x80, 0xF1, 0x32, 0x50, 0x45, 0x86, 0x3B, 0x80, 0xEF, 0xF3, 0x1F, 0x26, 0xC0, 0xCD, 0xA5, 0x9A,
    0x41, 0x3B, 0x9D, 0xE7, 0x9A, 0xEA, 0xE1, 0xD8, 0x3D, 0xFE, 0x00, 0xE0, 0x8E, 0x4F, 0x25, 0x90,
    0xF5, 0x01, 0x7B, 0x3D, 0xF1, 0x26, 0x79, 0x0F, 0x9E, 0x85, 0x7C, 0x50, 0x05, 0xB3, 0xF1, 0xBB,
    0x8C, 0xAA, 0x81, 0x41, 0xB9, 0xC7, 0x45, 0x46, 0xCA, 0x44, 0x09, 0x77, 0xF4, 0x69, 0x5F, 0x54,
    0x8D, 0x41, 0xCD, 0x38, 0x9F, 0xAD, 0x30, 0x40, 0x7E, 0x3A, 0x60, 0xC7, 0x6F, 0x01, 0x47, 0x96,
    0x04, 0x82, 0xCC, 0x00, 0x33, 0x0F, 0x40, 0xDD, 0x05, 0xA5, 0x9E, 0x1A, 0x28, 0x7A, 0xAE, 0x2A,
    0x0D, 0x7C, 0x03, 0x70, 0x23, 0x28, 0x2D, 0xF0, 0xCE, 0xC9, 0x6D, 0x04, 0x3A, 0xE9, 0x69, 0x23,
    0xC5, 0x0A, 0xD5, 0xA0, 0x69, 0xA0, 0x9A, 0x55, 0x69, 0xB6, 0x6D, 0xAA, 0xA6, 0x1C, 0xBA, 0xA6,
    0x68, 0xA8, 0x63, 0xE8, 0x3D, 0xB4, 0xF8, 0xE9, 0x35, 0x78, 0x80, 0x5B, 0x8E, 0x61, 0x03, 0xB9,
    0x63, 0xD4, 0x0E, 0xD0, 0x41, 0x35, 0x42, 0x88, 0xF8, 0xC5, 0x7C, 0xDD, 0x92, 0x86, 0x42, 0x4E,
    0x87, 0x76, 0x8B, 0x5C, 0xDB, 0x38, 0x92, 0x74, 0xE3, 0xC6, 0xF1, 0xEE, 0xB8, 0x7C, 0xF9, 0x32,
    0x00, 0xEF, 0xAA, 0x1A, 0x1F, 0x09, 0xB0, 0x90, 0x4D, 0x38, 0x8B, 0xDC, 0x27, 0xAA, 0x86, 0x1A,
    0x82, 0x8D, 0x5B, 0xCF, 0x8C, 0x60, 0xA3, 0x86, 0x2A, 0xAA, 0x59, 0xD1, 0xEB, 0x92, 0x6C, 0x86,
    0xFB, 0x76, 0xA3, 0x4C, 0x26, 0xFF, 0xF7, 0xB1, 0xE3, 0x32, 0xD4, 0x87, 0x6B, 0x0B, 0x9A, 0x84,
    0xBA, 0xC1, 0x47, 0xBD, 0xE4, 0x06, 0x5D, 0x99, 0xEF, 0xC6, 0x44, 0xB6, 0x1B, 0xB3, 0x8E, 0x7C,
    0xD2, 0xE1, 0x46, 0x1D, 0xC5, 0x60, 0x52, 0x22, 0x35, 0xDC, 0x84, 0xC5, 0x94, 0x26, 0xF5, 0xF1,
    0x16, 0x80, 0xF9, 0xB5, 0xB3, 0x48, 0xBC, 0x55, 0xC4, 0x2F, 0xDD, 0x72, 0x71, 0x6E, 0x3F, 0xFC,
    0xDA, 0x52, 0x7C, 0xB4, 0x2B, 0x82, 0x3F, 0xBD, 0x07, 0x97, 0xEE, 0x52, 0x3C, 0xBA, 0x16, 0xDB,
    0x0F, 0xFF, 0x70, 0xBE, 0xE5, 0xBE, 0xB5, 0x7C, 0xB9, 0x88, 0x6F, 0xA9, 0xED, 0x61, 0x1D, 0x23,
    0x1F, 0x03, 0xEF, 0xEC, 0xB6, 0xFB, 0xF7, 0x3A, 0x11, 0x19, 0x3F, 0x81, 0xB1, 0xC1, 0xE7, 0xA8,
    0x62, 0xE8, 0xDB, 0xA1, 0x1A, 0x7C, 0xF2, 0xCD, 0x45, 0xDE, 0xE5, 0xE4, 0xE4, 0x24, 0x8A, 0x48,
    0xF2, 0x84, 0xD4, 0x0E, 0x61, 0xC7, 0x90, 0xDD, 0x06, 0x67, 0x5D, 0x03, 0xCA, 0x08, 0xBE, 0x81,
    0x0A, 0xB8, 0x84, 0x95, 0x3B, 0x37, 0x80, 0xD9, 0x1C, 0x5A, 0xE6, 0x0E, 0xA6, 0xE9, 0x95, 0xA6,
    0x99, 0x9A, 0x0E, 0xAF, 0x36, 0xE5, 0x48, 0x22, 0x84, 0xD3, 0x99, 0x6C, 0xA1, 0xD5, 0x94, 0x56,
    0xC9, 0xF7, 0xF8, 0xA1, 0x4A, 0x14, 0x63, 0x1D, 0x71, 0x53, 0x68, 0x70, 0x73, 0x80, 0xFC, 0x59,
    0xB0, 0x6B, 0x7A, 0xD7, 0xEC, 0x6C, 0x85, 0xAD, 0xCD, 0x56, 0x5A, 0xF3, 0xB7, 0xF7, 0x4C, 0x43,
    0xD5, 0x77, 0xD2, 0x5C, 0x5B, 0xC9, 0x56, 0x58, 0xE1, 0xFE, 0xCB, 0xC7, 0x0A, 0x42, 0x2D, 0xFF,
    0x11, 0x64, 0xE1, 0x77, 0xDE, 0xDB, 0xF7, 0x23, 0xDF, 0x57, 0x03, 0x35, 0xC5, 0x48, 0xC0, 0x4D,
    0x07, 0x18, 0x29, 0x63, 0x39, 0xDA, 0xB6, 0x07, 0x42, 0x83, 0x2D, 0xD7, 0x9B, 0x56, 0x8A, 0xE6,
    0xCF, 0xAA, 0xC9, 0xCA, 0x4B, 0x63, 0xBE, 0xC9, 0xAD, 0x93, 0x6E, 0xA6, 0x13, 0xD1, 0x37, 0x79,
    0x9B, 0x42, 0x56, 0xAA, 0x28, 0x5C, 0x25, 0xA4, 0xFB, 0xD4, 0x69, 0xDD, 0x9D, 0x0F, 0x76, 0xE7,
    0x11, 0x21, 0x82, 0x40, 0x31, 0xC3, 0xB5, 0x1E, 0x27, 0x2B, 0xF9, 0x1F, 0x77, 0x09, 0xFC, 0x88,
    0xED, 0xD2, 0x7C, 0xC1, 0xA2, 0xD1, 0x33, 0x5F, 0xB1, 0x6B, 0xE5, 0x6C, 0x5B, 0x2D, 0x93, 0x78,
    0xAB, 0x5B, 0x09, 0xD6, 0x55, 0xED, 0x78, 0x08, 0xD0, 0x59, 0x93, 0x8D, 0x60, 0xBE, 0x69, 0x1B,
    0x05, 0x80, 0x05, 0x4D, 0x27, 0x50, 0x58, 0x2C, 0x09, 0x08, 0x00, 0xEB, 0x51, 0x22, 0x9F, 0x7C,
    0xA2, 0xEC, 0x6D, 0xF3, 0x59, 0xA1, 0xEF, 0xE0, 0xC1, 0xC9, 0xFB, 0xFF, 0x79, 0x5B, 0x2B, 0x70,
    0x30, 0xEB, 0x57, 0x40, 0xA9, 0x40, 0xDE, 0xE8, 0x34, 0x66, 0x22, 0x42, 0xFE, 0xE4, 0xE4, 0xAF,
    0xAD, 0xD9, 0x58, 0x55, 0x50, 0xF4, 0x66, 0x65, 0x70, 0x58, 0x29, 0x0F, 0xE1, 0xF3, 0x7F, 0x22,
    0x11, 0xA8, 0xCC, 0xD2, 0x04, 0x2A, 0x64, 0xDB, 0x0B, 0x60, 0xC1, 0x63, 0x26, 0xE5, 0x04, 0xD4,
    0x03, 0x9A, 0x00, 0x1E, 0xC8, 0x0A, 0xAD, 0xA5, 0x20, 0xEB, 0x1E, 0x42, 0x75, 0x26, 0xD0, 0x69,
    0x75, 0xCC, 0x14, 0xA3, 0xED, 0xF2, 0xB2, 0x27, 0xD3, 0xC8, 0x68, 0x6A, 0xCB, 0xCA, 0xD7, 0xB6,
    0x86, 0xD0, 0xC9, 0x44, 0x18, 0xF3, 0x8D, 0x36, 0xD1, 0x36, 0x6D, 0xA3, 0x3B, 0x04, 0xAA, 0xBE,
    0x05, 0x3F, 0xB4, 0x50, 0x1A, 0x8C, 0xA1, 0xC1, 0x4A, 0xB3, 0x18, 0x2A, 0xCB, 0xCF, 0x80, 0x4F,
    0x6E, 0xA2, 0x6A, 0x58, 0xAD, 0x23, 0xC9, 0xA1, 0xF8, 0x80, 0x62, 0xB7, 0xDF, 0xDE, 0xF3, 0x22,
    0x32, 0x85, 0x08, 0xE3, 0x07, 0xE0, 0xFA, 0x2F, 0x43, 0x69, 0x11, 0xB2, 0xDF, 0x09, 0xCC, 0x58,
    0xB1, 0x40, 0x61, 0x59, 0x30, 0x49, 0x00, 0x37, 0x9F, 0xDE, 0x74, 0x76, 0x73, 0x78, 0x9A, 0xA7,
    0xFA, 0x60, 0xD1, 0x01, 0x58, 0x2E, 0x14, 0xDC, 0xAA, 0x60, 0xBF, 0x0A, 0xC0, 0x11, 0x40, 0x29,
    0x0D, 0x74, 0xA7, 0x93, 0xE6, 0xF1, 0x3E, 0x56, 0xC8, 0xBE, 0xC7, 0xDE, 0xA9, 0x8F, 0xBB, 0x99,
    0x41, 0xD5, 0xD8, 0x0D, 0xB7, 0x66, 0x2B, 0xC8, 0x4F, 0x27, 0xA8, 0x24, 0x2A, 0xF4, 0x20, 0xDF,
    0x5D, 0x28, 0xE6, 0x4C, 0x74, 0x59, 0x48, 0x75, 0xB3, 0xE3, 0xAB, 0x9A, 0x8D, 0x1D, 0x14, 0x83,
    0xCD, 0x02, 0xBA, 0x4F, 0x12, 0x55, 0x2A, 0x26, 0x3A, 0x32, 0xD1, 0x0D, 0x78, 0xC1, 0x1C, 0x3C,
    0x86, 0x4C, 0xBA, 0x9E, 0x62, 0x28, 0x26, 0x8D, 0x6C, 0xB5, 0x3E, 0x4E, 0xD0, 0x20, 0x34, 0xBB,
    0x49, 0xB3, 0xFB, 0x6C, 0x8A, 0x1B, 0x4D, 0x71, 0xC4, 0x8F, 0x75, 0xDA, 0x81, 0x1F, 0xA8, 0x87,
    0x62, 0xA6, 0x1B, 0x90, 0xD3, 0xD3, 0x9E, 0x0B, 0x9B, 0x6D, 0xB8, 0xCA, 0xB2, 0x90, 0xBE, 0x00,
    0xA1, 0xB9, 0x01, 0x2D, 0x1F, 0xC0, 0x4A, 0x4B, 0x3E, 0x53, 0xA7, 0x72, 0xA4, 0xDC, 0x24, 0x42,
    0x37, 0xC3, 0xA1, 0xCF, 0xF1, 0xE2, 0x71, 0xB8, 0xF7, 0x4A, 0xAB, 0x17, 0x7B, 0x28, 0xC0, 0xB9,
    0xA7, 0xEF, 0xA7, 0x58, 0x80, 0xB6, 0x87, 0x62, 0x7D, 0x61, 0xB2, 0x01, 0x61, 0x00, 0xAA, 0x09,
    0xC8, 0xA4, 0xF9, 0x98, 0xE9, 0x0A, 0xF0, 0xFA, 0xC9, 0xEE, 0x90, 0xDD, 0xC1, 0x4B, 0x8E, 0xA7,
    0xF7, 0xFF, 0xFF, 0xA1, 0x44, 0x42, 0xCF, 0xFE, 0xB1, 0xB4, 0xAF, 0x98, 0x2E, 0xF6, 0x20, 0x7B,
    0xE4, 0xCB, 0x26, 0xD6, 0x1B, 0x78, 0x0B, 0x80, 0x6B, 0x8F, 0x71, 0x9B, 0x24, 0xDF, 0x97, 0x63,
    0x1D, 0xDD, 0x12, 0xC8, 0x97, 0x96, 0x6C, 0x0D, 0x8D, 0x9E, 0xF9, 0x7A, 0x0E, 0x6B, 0x3C, 0x13,
    0x54, 0x03, 0x74, 0xD1, 0xB6, 0x63, 0x39, 0x5A, 0xFF, 0xA3, 0x06, 0xAE, 0xEE, 0xCF, 0x8B, 0x1C,
    0x0E, 0x9B, 0x77, 0x0D, 0x48, 0x32, 0xDE, 0xDF, 0x7B, 0xE7, 0x2F, 0x8C, 0x6A, 0x91, 0x87, 0x56,
    0xCA, 0xCD, 0xE7, 0x64, 0xDF, 0x5A, 0xCB, 0x7E, 0x1F, 0xE2, 0x64, 0x03, 0xAE, 0xE0, 0x12, 0x80,
    0xA7, 0x6C, 0xB2, 0xEE, 0x36, 0x45, 0x3C, 0x8F, 0x3F, 0x5B, 0xDE, 0xCA, 0xD3, 0x9B, 0x04, 0x0D,
    0xA1, 0xBF, 0xCC, 0x42, 0x31, 0x31, 0x7C, 0x33, 0x9B, 0x71, 0x13, 0x77, 0xEE, 0xE4, 0x93, 0xF2,
    0x37, 0x6D, 0xE7, 0xEF, 0x78, 0x78, 0x29, 0x4F, 0xCA, 0x77, 0xC6, 0x7C, 0x56, 0x1E, 0xEE, 0x64,
    0xCB, 0x8E, 0xF3, 0xFE, 0x5D, 0x36, 0xDC, 0x5C, 0xA6, 0xCB, 0x84, 0x58, 0x89, 0x70, 0x11, 0xBF,
    0x3D, 0x92, 0x19, 0x4F, 0xD6, 0x7D, 0xFB, 0x36, 0x14, 0x11, 0x3B, 0xF2, 0xDE, 0x08, 0x26, 0x43,
    0x8B, 0x1D, 0xB0, 0x18, 0xC0, 0x7A, 0x56, 0x63, 0x55, 0x43, 0x25, 0x2B, 0x58, 0xDC, 0xEF, 0x19,
    0x95, 0xA3, 0x91, 0x9F, 0x8D, 0xAA, 0x05, 0x0B, 0x74, 0x35, 0xBA, 0x2C, 0x46, 0x77, 0x3B, 0xA3,
    0xD1, 0x9A, 0x78, 0x36, 0x84, 0x04, 0xE4, 0xA9, 0xEE, 0x01, 0x97, 0xBC, 0xF5, 0xD3, 0xC6, 0x8F,
    0x40, 0x49, 0x31, 0x03, 0xE7, 0xED, 0xE5, 0xF0, 0xBA, 0xBD, 0x14, 0x8E, 0xC9, 0xAC, 0x14, 0xAD,
    0xA8, 0xE8, 0x76, 0xD4, 0xC0, 0x08, 0x21, 0x91, 0xF5, 0x46, 0x79, 0xB2, 0xD7, 0xE8, 0x22, 0xF8,
    0x91, 0xB2, 0x81, 0xD2, 0xB6, 0x2B, 0x7E, 0xA1, 0x5B, 0xC9, 0x3A, 0x69, 0x76, 0x94, 0x8B, 0xC4,
    0x20, 0x32, 0x43, 0x2D, 0xDF, 0x97, 0x88, 0xDB, 0xEC, 0xA3, 0xB3, 0xD9, 0xC3, 0x36, 0xF2, 0x55,
    0x31, 0x7B, 0x06, 0xF3, 0x05, 0xCB, 0x9E, 0x62, 0x35, 0x80, 0xAD, 0x42, 0xDB, 0x21, 0x6C, 0x5C,
    0xD8, 0x14, 0x91, 0x46, 0x31, 0x24, 0xC5, 0xAA, 0x57, 0xF4, 0xC3, 0xF3, 0x68, 0xD7, 0xCD, 0x26,
    0x13, 0xE8, 0x1A, 0x27, 0x31, 0xDF, 0xA8, 0xE5, 0x89, 0x4C, 0x1A, 0x94, 0xB5, 0xFA, 0x6B, 0x8A,
    0xA5, 0x74, 0x13, 0xB4, 0x7D, 0xB6, 0x59, 0xC4, 0xA1, 0x51, 0x61, 0x55, 0xF2, 0xA3, 0xFA, 0xA9,
    0x06, 0x6B, 0xDF, 0xE9, 0x29, 0x1E, 0x61, 0xD9, 0xA4, 0x8B, 0x86, 0x0D, 0x80, 0x44, 0xC3, 0x67,
    0xAF, 0x27, 0x80, 0x56, 0xF1, 0x9C, 0xED, 0xB3, 0x37, 0xEB, 0x11, 0x78, 0xCB, 0x4F, 0xC0, 0x58,
    0x2C, 0x90, 0xA7, 0x5C, 0xD0, 0x9C, 0x75, 0x3D, 0x37, 0xC1, 0x4B, 0x37, 0x02, 0xEF, 0xEB, 0x27,
    0xC5, 0x0A, 0xBA, 0x96, 0xF7, 0x25, 0x92, 0x6F, 0x54, 0x16, 0x75, 0x6E, 0x51, 0xD3, 0x45, 0xC5,
    0xBA, 0x57, 0xF4, 0xA3, 0x62, 0x39, 0x29, 0xBA, 0xD9, 0x70, 0x39, 0x20, 0xF9, 0x0B, 0xE8, 0x5E,
    0xC0, 0x62, 0x3A, 0xF8, 0xD1, 0x44, 0x5B, 0xAE, 0x10, 0x32, 0x21, 0x17, 0x2E, 0x2C, 0xD4, 0x72,
    0x26, 0xBD, 0xEA, 0x79, 0x8C, 0x1D, 0xE8, 0x5C, 0x16, 0x2E, 0xC8, 0xC9, 0xF7, 0x4D, 0x12, 0x35,
    0xA6, 0x21, 0x99, 0x4F, 0x53, 0x95, 0x35, 0x8A, 0x70, 0xC0, 0xCF, 0x1B, 0x9E, 0x07, 0xE4, 0x64,
    0x53, 0x14, 0xC5, 0x8D, 0x4B, 0x87, 0xEB, 0x86, 0x07, 0x4B, 0xF6, 0x78, 0xCE, 0xF0, 0xA2, 0xE1,
    0xB1, 0xE1, 0x84, 0x40, 0x3E, 0x66, 0x12, 0xA9, 0xFA, 0x0B, 0xF2, 0xE4, 0x7D, 0x49, 0xAA, 0x47,
    0x9A, 0xE7, 0xB5, 0x89, 0xAC, 0xA6, 0xAD, 0xC5, 0xA2, 0x8B, 0xA6, 0x2D, 0x99, 0x36, 0x7E, 0x49,
    0x5B, 0xF1, 0x0C, 0x7A, 0xD3, 0x26, 0x07, 0xDC, 0xA8, 0x5E, 0xB0, 0xE1, 0x15, 0x28, 0x00, 0xB9,
    0x89, 0xA9, 0x65, 0x32, 0x3D, 0x33, 0xEC, 0x6B, 0xEC, 0x69, 0x91, 0x59, 0x95, 0xB1, 0x2F, 0x33,
    0x0A, 0xAB, 0x33, 0xBC, 0x15, 0x1A, 0xB5, 0x55, 0x1A, 0x21, 0x1D, 0xA8, 0x68, 0xAC, 0xD8, 0x0E,
    0x55, 0x85, 0x34, 0x18, 0x45, 0x4A, 0x11, 0xA5, 0x23, 0xD9, 0xEC, 0x5E, 0x35, 0xD3, 0xE9, 0xBA,
    0xD9, 0x6A, 0xAE, 0x98, 0x09, 0xBD, 0x51, 0x3D, 0x1A, 0xF9, 0x09, 0x8A, 0xD1, 0x9E, 0x57, 0x0E,
    0xE4, 0x02, 0x3E, 0xA9, 0x16, 0x1E, 0x1C, 0x94, 0x59, 0xED, 0x99, 0x68, 0x3D, 0x35, 0x82, 0xDD,
    0xA9, 0xE1, 0xE8, 0x29, 0xA0, 0xA7, 0xBD, 0xB8, 0x4F, 0x43, 0xB2, 0xFB, 0xE8, 0x28, 0xED, 0x8E,
    0xC3, 0xC5, 0x4F, 0x4F, 0x82, 0x9E, 0x7B, 0x2D, 0x7B, 0x65, 0x7B, 0x9D, 0x22, 0x43, 0x27, 0x7D,
    0xB9, 0xE2, 0x96, 0xCF, 0x38, 0xCA, 0x95, 0x4E, 0x7A, 0x91, 0x81, 0x5A, 0x16, 0x2A, 0x99, 0xD1,
    0xFA, 0xB2, 0x4C, 0x77, 0x7C, 0x96, 0xB3, 0xA4, 0xA3, 0xA5, 0x43, 0xE8, 0xE8, 0xD8, 0x08, 0x6F,
    0x2F, 0x78, 0x99, 0xC8, 0x25, 0xAA, 0x62, 0x27, 0x8B, 0x65, 0xB6, 0x9B, 0x2D, 0xA2, 0x10, 0x41,
    0xE0, 0x16, 0x4A, 0xD9, 0x8C, 0xD5, 0xDA, 0x60, 0xE4, 0x93, 0x51, 0xC0, 0x68, 0x31, 0x72, 0xA3,
    0x91, 0x1F, 0x8D, 0xEA, 0xC5, 0xE8, 0xFE, 0x0A, 0x20, 0x63, 0x67, 0x94, 0x42, 0x52, 0xC2, 0x9B,
    0x17, 0x8A, 0xC9, 0x28, 0x5F, 0x8C, 0x10, 0x23, 0x2B, 0x2B, 0x6B, 0x24, 0x20, 0xE0, 0x47, 0xD3,
    0xE2, 0x4D, 0x59, 0xD6, 0x69, 0xBB, 0x9E, 0x33, 0x91, 0xB4, 0x23, 0xAB, 0xE6, 0xF7, 0xC0, 0x76,
    0x14, 0xF0, 0x9B, 0xC2, 0xAF, 0x1B, 0x8E, 0x8A, 0x79, 0xBF, 0xEF, 0x29, 0x02, 0x75, 0x93, 0xCB,
    0x6E, 0x58, 0xD7, 0x5E, 0xF7, 0x3B, 0x1C, 0xE0, 0x1C, 0xF5, 0x0A, 0xE0, 0x85, 0x4A, 0x00, 0x6A,
    0xFB, 0x24, 0x80, 0x15, 0xBE, 0x24, 0xA0, 0x7B, 0x3A, 0x11, 0x9D, 0x0C, 0x90, 0xEB, 0xE4, 0xD1,
    0x08, 0xEE, 0x51, 0x0F, 0x1F, 0xCD, 0x50, 0x7E, 0xD4, 0xC3, 0x7F, 0x2D, 0xE0, 0xFF, 0xBE, 0x87,
    0x51, 0x13, 0xF2, 0xA1, 0x4E, 0x5A, 0x08, 0x5F, 0xD5, 0x49, 0x88, 0x74, 0x4E, 0x27, 0x55, 0x62,
    0xB5, 0x89, 0xEF, 0xF3, 0xC5, 0x26, 0xC5, 0xE8, 0x26, 0x9D, 0xEC, 0xA8, 0x1C, 0x6D, 0x92, 0x2D,
    0xBE, 0xB7, 0x09, 0x6B, 0x9D, 0x6C, 0x42, 0x1B, 0x1A, 0x9B, 0x10, 0x04, 0x9B, 0x50, 0x2F, 0x36,
    0x99, 0xF0, 0xB3, 0x4E, 0xB4, 0x00, 0x47, 0x1D, 0xB5, 0x44, 0xA0, 0xDB, 0x08, 0xA6, 0x59, 0x44,
    0x2D, 0x71, 0xB2, 0x54, 0x9A, 0x11, 0x7D, 0x1D, 0x0D, 0x84, 0x68, 0xC1, 0x54, 0x20, 0x23, 0x78,
    0x90, 0xC5, 0xE8, 0xA3, 0xCD, 0x68, 0x94, 0xC6, 0xA8, 0x4D, 0x46, 0xD5, 0x68, 0x54, 0xCE, 0x46,
    0x6E, 0x35, 0x42, 0x30, 0x6A, 0x93, 0x51, 0x3D, 0x18, 0xF9, 0xD9, 0xC8, 0xAD, 0x46, 0x99, 0x18,
    0xD1, 0xFE, 0x9D, 0x51, 0x2D, 0x46, 0x5E, 0xC8, 0x26, 0x70, 0xA2, 0xA2, 0xC9, 0x04, 0x93, 0xDC,
    0x61, 0x82, 0x6B, 0xEB, 0x73, 0x00, 0xE5, 0x26, 0x23, 0x10, 0x9A, 0xA3, 0x0D, 0x2B, 0xE8, 0x36,
    0xE2, 0xD4, 0xCB, 0x60, 0x05, 0xED, 0x27, 0xAA, 0x88, 0xBA, 0x08, 0x8D, 0x15, 0x55, 0xC0, 0x9C,
    0x75, 0x00, 0xD2, 0x18, 0x49, 0x14, 0x80, 0xCE, 0x88, 0x36, 0x4A, 0x63, 0xD4, 0x45, 0xA3, 0x36,
    0x29, 0x35, 0xC1, 0x88, 0x30, 0x00, 0x1D, 0xB6, 0x21, 0x56, 0xCA, 0xD9, 0x9E, 0xE9, 0x56, 0xEC,
    0x99, 0x9A, 0x8F, 0x64, 0x8F, 0x6E, 0x81, 0x42, 0x4E, 0xA7, 0x43, 0x3F, 0x0E, 0xD6, 0x91, 0x6A,
    0x39, 0x91, 0x41, 0x55, 0x94, 0x0B, 0xE8, 0xD7, 0x5F, 0x11, 0x31, 0x6C, 0x1B, 0xC3, 0xA8, 0x18,
    0x0C, 0xED, 0x0A, 0xDD, 0xC1, 0xC6, 0x9E, 0x63, 0x1F, 0x68, 0x44, 0xAC, 0x69, 0x9C, 0xBC, 0x87,
    0xDD, 0xFD, 0xA4, 0x1F, 0x0B, 0x38, 0x7C, 0x2C, 0x0C, 0x3F, 0x45, 0x12, 0xD3, 0x73, 0x49, 0x6C,
    0x7E, 0xBD, 0x24, 0xF6, 0x40, 0x47, 0xB5, 0x4F, 0xE2, 0x84, 0x25, 0x71, 0xD9, 0x27, 0xD1, 0xF6,
    0xA2, 0xDA, 0x04, 0xA0, 0xD8, 0xBE, 0x7F, 0x48, 0xE2, 0x33, 0x7F, 0x84, 0x26, 0xA3, 0xCA, 0x48,
    0x7F, 0xFB, 0x9C, 0xD2, 0x94, 0x75, 0x80, 0x13, 0x39, 0xAC, 0xB0, 0xAC, 0x63, 0x69, 0x1F, 0x4D,
    0x78, 0xB1, 0x3E, 0xD7, 0x96, 0x42, 0x32, 0xAA, 0xF7, 0xD4, 0x3F, 0x47, 0xE9, 0x59, 0x13, 0x69,
    0xC0, 0x96, 0xDB, 0x9F, 0x87, 0x83, 0x92, 0x88, 0x35, 0x4C, 0xB5, 0x57, 0xF2, 0xA3, 0x51, 0x31,
    0x1B, 0xB9, 0xE7, 0xFB, 0x5F, 0xD7, 0x1C, 0x9C, 0x09, 0x54, 0x83, 0xF5, 0xBF, 0x6A, 0xFF, 0xCD,
    0x93, 0xC6, 0xFA, 0xB4, 0x44, 0x72, 0x79, 0x78, 0x1D, 0xEA, 0x33, 0xF9, 0x00, 0x36, 0xCA, 0xD5,
    0xDA, 0xA8, 0xE0, 0x26, 0x08, 0x8D, 0xA2, 0x4F, 0x8A, 0x2E, 0xD9, 0x96, 0x88, 0xB9, 0x00, 0x60,
    0x72, 0x08, 0x12, 0x81, 0xD2, 0x02, 0xA6, 0xB5, 0x1C, 0x64, 0x9D, 0x00, 0x1C, 0x49, 0x3A, 0x07,
    0x84, 0xF1, 0x18, 0x28, 0xA7, 0x00, 0xB8, 0xB9, 0x8A, 0x8A, 0x7E, 0x00, 0x37, 0xA9, 0x66, 0x37,
    0xE6, 0x02, 0xE5, 0xA0, 0xDE, 0xEA, 0x48, 0x27, 0x3F, 0x5F, 0xE1, 0x4A, 0x29, 0xB7, 0x71, 0x62,
    0x6D, 0xD0, 0xCB, 0xCF, 0xB7, 0x4E, 0xA8, 0x7A, 0xB7, 0xD0, 0x36, 0x57, 0xAD, 0x95, 0xA4, 0x7B,
    0x4A, 0xF9, 0xF0, 0x4D, 0x25, 0x7A, 0x8C, 0xF8, 0x3F, 0xA4, 0x72, 0x35, 0xEA, 0x2C, 0x05, 0x88,
    0x8C, 0x58, 0x65, 0x07, 0x49, 0xF6, 0xDD, 0x96, 0xE8, 0x44, 0xC3, 0xB4, 0x9D, 0x96, 0x8D, 0xB0,
    0x01, 0xBF, 0x31, 0xB2, 0x27, 0x08, 0xE4, 0x23, 0x74, 0xE0, 0x06, 0xDB, 0x47, 0x45, 0xC2, 0xF6,
    0x51, 0x04, 0xBF, 0xBE, 0xDD, 0x01, 0xB9, 0xC8, 0x0C, 0xF0, 0x7B, 0x12, 0x31, 0xCD, 0x22, 0x16,
    0x41, 0xB7, 0xE1, 0x57, 0xAB, 0xF1, 0x62, 0xB1, 0xE5, 0x6E, 0x41, 0x97, 0xE7, 0x7A, 0xD1, 0xCA,
    0x10, 0xDF, 0x60, 0x05, 0x84, 0xB9, 0xBE, 0x84, 0x95, 0xD4, 0x15, 0xAC, 0x68, 0x6F, 0x00, 0x7E,
    0xE0, 0x9E, 0xD2, 0xC8, 0x08, 0x14, 0x53, 0xA6, 0xE4, 0xEC, 0x0B, 0x42, 0xBE, 0xB8, 0x04, 0x64,
    0x5B, 0x19, 0x01, 0x44, 0x7D, 0x41, 0xFB, 0x47, 0x00, 0x84, 0xBF, 0x31, 0xAA, 0x17, 0xA3, 0xCA,
    0x08, 0x3F, 0x71, 0xD8, 0x74, 0x26, 0xC8, 0xE4, 0x7A, 0xB1, 0xAF, 0x46, 0x27, 0x43, 0x29, 0x8F,
    0x35, 0xC7, 0x7E, 0x25, 0x93, 0x44, 0xBE, 0x98, 0x6E, 0x69, 0x40, 0x77, 0xB3, 0x29, 0xCC, 0x46,
    0x53, 0x1F, 0x92, 0x25, 0xC5, 0x36, 0x17, 0x2A, 0x46, 0x20, 0x0C, 0x96, 0x9A, 0xB6, 0x21, 0x8C,
    0x94, 0xD1, 0x8C, 0xBA, 0xC9, 0x22, 0xAC, 0x13, 0x8F, 0x16, 0x2A, 0x6C, 0xA7, 0xFC, 0xF7, 0x62,
    0x71, 0xFA, 0x31, 0xFF, 0x97, 0xCD, 0x42, 0xD5, 0xCF, 0x9F, 0x58, 0xB4, 0x6E, 0x2E, 0x52, 0xD7,
    0xDC, 0xB3, 0x10, 0xCB, 0x18, 0xE2, 0x08, 0x64, 0xAB, 0x27, 0xFC, 0x40, 0x67, 0x6C, 0x15, 0xD5,
    0x4F, 0x7A, 0x80, 0xEE, 0x22, 0xFE, 0x67, 0x09, 0xA0, 0xBD, 0x41, 0xF9, 0xC8, 0x66, 0x61, 0xA1,
    0x90, 0x06, 0xA0, 0x9E, 0x70, 0x02, 0x40, 0x35, 0x92, 0x6F, 0x80, 0x25, 0x92, 0x15, 0x80, 0xA2,
    0x87, 0x05, 0xA8, 0x65, 0xA6, 0x90, 0xB1, 0x92, 0x89, 0x23, 0x19, 0x34, 0x60, 0x56, 0x68, 0x7B,
    0xB2, 0xC9, 0x16, 0x6A, 0x7A, 0xCA, 0xC5, 0xDE, 0xB3, 0xDB, 0xA8, 0x01, 0x24, 0xAA, 0x4A, 0xC2,
    0x8F, 0x27, 0x73, 0xFE, 0x68, 0x00, 0x28, 0x25, 0x71, 0x68, 0xC6, 0x38, 0x89, 0xD8, 0x45, 0xD3,
    0x59, 0x57, 0x66, 0x79, 0x53, 0xF3, 0x08, 0xB3, 0xD9, 0xB8, 0x11, 0x49, 0x56, 0x00, 0x61, 0x80,
    0x0A, 0x7B, 0x2B, 0x37, 0xB1, 0x5E, 0x34, 0x43, 0x26, 0x6A, 0x01, 0xD2, 0xB7, 0x9B, 0xFA, 0x59,
    0x3B, 0x01, 0x2F, 0x5B, 0x27, 0x0B, 0x41, 0x52, 0x2B, 0x33, 0xB5, 0xA4, 0x42, 0xA2, 0x6D, 0x03,
    0x69, 0x4C, 0x67, 0x97, 0x28, 0xAC, 0xC7, 0xE2, 0x2D, 0xB5, 0x96, 0xE1, 0x72, 0xE6, 0x18, 0x70,
    0x2B, 0x77, 0x01, 0xC4, 0x6A, 0x87, 0xF6, 0xDB, 0xC9, 0x94, 0xFD, 0x53, 0x04, 0xF0, 0x02, 0xD8,
    0xB3, 0x9F, 0xD9, 0x84, 0xF9, 0xC7, 0x93, 0x7B, 0x8E, 0x8A, 0xCD, 0xA8, 0x95, 0x01, 0xA0, 0x13,
    0xD3, 0xBF, 0x3B, 0xB4, 0x8E, 0x4E, 0x4E, 0xBA, 0xD9, 0x22, 0xDA, 0x57, 0x85, 0x24, 0xCE, 0x63,
    0xED, 0xF2, 0xDC, 0xE1, 0xB9, 0x7E, 0x06, 0xCC, 0x02, 0xCC, 0x02, 0xCC, 0xC2, 0x5C, 0xFF, 0xBA,
    0x16, 0x47, 0x98, 0x85, 0xC7, 0x2F, 0xC0, 0x4D, 0xB3, 0x28, 0x16, 0xDA, 0x27, 0x27, 0xEF, 0xCB,
    0x44, 0xAB, 0x3A, 0x07, 0x82, 0xB4, 0x27, 0xB7, 0xF8, 0x6C, 0x3F, 0xED, 0x49, 0x90, 0x6F, 0x80,
    0x55, 0xF0, 0x31, 0x58, 0xEE, 0x2B, 0x6C, 0x6F, 0x5B, 0xC4, 0x45, 0xC2, 0xF6, 0x48, 0x3E, 0x02,
    0x7A, 0x4E, 0x9F, 0xD5, 0xF8, 0xEA, 0xAF, 0x34, 0xEE, 0xD6, 0x77, 0x36, 0x3E, 0xA3, 0xF8, 0x77,
    0xB6, 0x6E, 0x85, 0x2F, 0x60, 0x99, 0x01, 0x04, 0x70, 0xFF, 0x98, 0xA0, 0xFC, 0xD6, 0x08, 0x35,
    0xF7, 0xE0, 0x06, 0x57, 0x60, 0xC4, 0xAB, 0xAC, 0x22, 0x95, 0x91, 0x7C, 0xAC, 0x81, 0x7B, 0xC7,
    0x2A, 0xEA, 0x2B, 0x27, 0x27, 0x27, 0x7F, 0xA9, 0x39, 0x5C, 0x8F, 0x35, 0x13, 0xD4, 0xA9, 0x18,
    0xB8, 0x03, 0x5C, 0xD8, 0x88, 0xC8, 0xE9, 0x4F, 0xA2, 0x9B, 0x90, 0xE8, 0x7B, 0x42, 0xAC, 0x12,
    0x75, 0xAC, 0x1B, 0xAA, 0x18, 0x7E, 0x15, 0xC4, 0x1D, 0xD4, 0x89, 0x4A, 0x8D, 0xAB, 0x54, 0x8E,
    0xD4, 0xC9, 0x2D, 0x74, 0x33, 0x72, 0xFA, 0xDD, 0x85, 0x0B, 0x8F, 0x2F, 0xF2, 0xCC, 0xF1, 0x3D,
    0xA0, 0x18, 0x80, 0x56, 0x41, 0x14, 0x2A, 0x85, 0x52, 0xA1, 0xF8, 0x25, 0xF8, 0x57, 0x89, 0x14,
    0xD2, 0xCD, 0x14, 0x63, 0xB6, 0xE9, 0xB5, 0x10, 0x77, 0x50, 0xA9, 0x54, 0xDF, 0xEF, 0xA0, 0x1C,
    0x76, 0x50, 0x8C, 0xCF, 0x83, 0x5E, 0x2B, 0x7B, 0x37, 0x62, 0x9F, 0xE8, 0xBA, 0x61, 0xE5, 0x01,
    0xB4, 0xA7, 0x33, 0xE8, 0xE6, 0xA3, 0xD8, 0xF4, 0xB7, 0x21, 0x9F, 0xDC, 0x5C, 0xF4, 0xD9, 0xE2,
    0x13, 0x5B, 0x15, 0x59, 0xEB, 0x86, 0x26, 0x34, 0xF0, 0xF4, 0xAC, 0x23, 0x54, 0x09, 0x7C, 0xCF,
    0x51, 0x31, 0xF2, 0x5A, 0xBE, 0x70, 0x5D, 0xD7, 0x51, 0x6E, 0x3C, 0x3D, 0xF2, 0x08, 0x94, 0x0A,
    0x5D, 0x84, 0x5C, 0x22, 0xD0, 0x2A, 0xD4, 0x0A, 0xD5, 0xB3, 0x70, 0x61, 0xDD, 0x81, 0xC8, 0x69,
    0x74, 0x53, 0x66, 0x69, 0x6D, 0xFF, 0x97, 0xD2, 0xBA, 0x9B, 0x01, 0x22, 0x09, 0x37, 0x94, 0x16,
    0xF4, 0x4C, 0xD5, 0x64, 0x0B, 0x35, 0x3B, 0x08, 0x14, 0x33, 0x41, 0x45, 0x85, 0xF2, 0x21, 0x84,
    0x0D, 0x6B, 0x36, 0x16, 0x9A, 0xC5, 0xE6, 0x28, 0x46, 0xCE, 0x93, 0xAF, 0xDC, 0xD0, 0xB4, 0x8C,
    0x50, 0x6E, 0x0D, 0xD6, 0x7C, 0xAB, 0x32, 0x71, 0xEC, 0x06, 0x6E, 0xEC, 0xCE, 0xA5, 0x18, 0x98,
    0x3F, 0xDF, 0x58, 0x9F, 0xDB, 0x9F, 0x41, 0x36, 0xEA, 0xED, 0xAF, 0x70, 0x33, 0xE4, 0x76, 0xED,
    0x93, 0x9D, 0x6E, 0x81, 0x5A, 0x7A, 0x82, 0x0C, 0x00, 0x34, 0x54, 0xB3, 0x4B, 0x99, 0x74, 0xDF,
    0x49, 0x6E, 0x2C, 0xA4, 0xF1, 0x7D, 0xBE, 0xAA, 0xBC, 0x05, 0x7D, 0x2D, 0xCF, 0x80, 0x4F, 0xD9,
    0x42, 0xD9, 0xE7, 0x33, 0xF9, 0xAC, 0x9F, 0xE6, 0x4E, 0x22, 0xAF, 0x1D, 0xBD, 0x07, 0x15, 0x80,
    0x97, 0x27, 0x0D, 0x85, 0xC8, 0x44, 0xF9, 0xBE, 0xAC, 0xBC, 0x41, 0x66, 0x1F, 0xA9, 0x80, 0x41,
    0x80, 0xAB, 0x54, 0x31, 0x5B, 0xB4, 0x9E, 0xC6, 0xC3, 0x5F, 0xB1, 0x00, 0xBF, 0x6B, 0x38, 0x03,
    0x54, 0x86, 0xC1, 0xB0, 0x30, 0xCC, 0x5F, 0x8A, 0xD5, 0xA4, 0xB8, 0x09, 0xE4, 0x67, 0xB1, 0x8E,
    0x9A, 0x31, 0x9F, 0xC8, 0x17, 0xC3, 0xF9, 0xD3, 0x63, 0xAF, 0x89, 0xA9, 0x06, 0x5A, 0xF9, 0xB1,
    0x6C, 0x86, 0x02, 0x93, 0x5E, 0x2C, 0x56, 0x45, 0x26, 0x00, 0xCE, 0xC1, 0x65, 0xB5, 0xAF, 0x6D,
    0xB8, 0x99, 0xFC, 0xE5, 0xC3, 0x2D, 0xB4, 0xD2, 0xEF, 0xC6, 0x4B, 0x1D, 0x65, 0xB3, 0xC6, 0x1C,
    0x0E, 0x8E, 0x5E, 0x3D, 0x26, 0x6C, 0x5C, 0xCF, 0xC7, 0xD9, 0x8D, 0x37, 0x8B, 0xBE, 0x96, 0x58,
    0xAC, 0xE6, 0x09, 0xAE, 0x3F, 0x4D, 0x4D, 0x7D, 0x00, 0xA7, 0x90, 0xFF, 0x4A, 0x70, 0x32, 0xE6,
    0x73, 0x2E, 0x43, 0x3E, 0x73, 0x83, 0x7C, 0xCE, 0x86, 0x1D, 0x94, 0x71, 0x07, 0x97, 0xD8, 0xC1,
    0x5D, 0xCD, 0xA9, 0xA6, 0x57, 0x56, 0xC8, 0x97, 0xD0, 0x90, 0xCF, 0xBE, 0xD7, 0x65, 0xD3, 0x0E,
    0x58, 0x15, 0xEC, 0x7F, 0xB5, 0x7E, 0x68, 0x25, 0x76, 0x4B, 0x2B, 0x49, 0xD6, 0x4F, 0x95, 0x99,
    0x4F, 0x96, 0xB4, 0xFD, 0xF1, 0xC5, 0x6A, 0xA2, 0xEB, 0x39, 0x5A, 0x36, 0x29, 0x64, 0x26, 0x9C,
    0xC5, 0xF0, 0x67, 0xAC, 0x94, 0x1B, 0x7E, 0xA2, 0x25, 0x57, 0x1D, 0x04, 0xEC, 0x25, 0xEE, 0x39,
    0x7D, 0x36, 0xB6, 0xF5, 0x56, 0x06, 0x74, 0xD1, 0x0A, 0xA1, 0x90, 0x59, 0x59, 0x4A, 0x59, 0x9E,
    0x51, 0x63, 0x5A, 0x30, 0x25, 0x91, 0xF2, 0x37, 0x51, 0x78, 0x17, 0x36, 0xE0, 0x81, 0xF4, 0xB8,
    0xDE, 0xCF, 0x94, 0x31, 0x5F, 0xF1, 0x20, 0xD4, 0xD0, 0x36, 0x01, 0x42, 0x0A, 0x50, 0x29, 0xF8,
    0x14, 0x1A, 0x85, 0x44, 0x99, 0xAA, 0x1E, 0x1F, 0xFD, 0x88, 0xA7, 0x98, 0x79, 0x83, 0x5C, 0xAC,
    0xA9, 0x9C, 0x0D, 0xFB, 0xA6, 0xF2, 0x8D, 0x6B, 0x0F, 0x09, 0xBF, 0x38, 0x13, 0xEA, 0x27, 0xB4,
    0xDA, 0xA7, 0xFC, 0xE0, 0x26, 0x8A, 0x71, 0x07, 0x6E, 0xD6, 0xD2, 0x5A, 0x76, 0x90, 0xBD, 0x08,
    0xE4, 0x73, 0xBE, 0xE0, 0xA6, 0x7C, 0xA5, 0x18, 0x72, 0x69, 0xAA, 0x94, 0xFF, 0xE2, 0x6C, 0x23,
    0x9F, 0xDA, 0x87, 0x3B, 0x80, 0x67, 0xC0, 0x29, 0x14, 0x0B, 0xD0, 0x4A, 0x84, 0x4E, 0xD2, 0xAF,
    0xFF, 0x49, 0x8B, 0xDA, 0x7B, 0xA3, 0xF6, 0x5E, 0xF5, 0x72, 0xBA, 0xEF, 0xE5, 0xF0, 0xCB, 0x90,
    0xF6, 0xBD, 0xD5, 0xCA, 0xB6, 0x90, 0x6D, 0xFF, 0xBA, 0x86, 0xA3, 0xE5, 0x6C, 0x09, 0x67, 0xCD,
    0x52, 0x6E, 0xDC, 0xCF, 0x17, 0x96, 0x7C, 0xE6, 0xF6, 0xEE, 0xE4, 0x55, 0xA7, 0x5B, 0xA1, 0x15,
    0x7D, 0x29, 0xDA, 0xAC, 0xE6, 0xEF, 0x91, 0x6F, 0x32, 0x52, 0xF4, 0xC5, 0x8C, 0x8F, 0x7C, 0xA0,
    0x70, 0x91, 0xB2, 0xE7, 0x1C, 0x6E, 0x03, 0x90, 0xC7, 0x40, 0x25, 0x0F, 0xD1, 0xD6, 0x06, 0xD0,
    0x71, 0x59, 0x75, 0x5D, 0x44, 0xDF, 0x48, 0xC4, 0x37, 0xC5, 0x44, 0xC0, 0xC9, 0xC9, 0x42, 0xF6,
    0x0F, 0x72, 0x1B, 0xCE, 0x59, 0xE7, 0x9B, 0xC9, 0x9E, 0x8E, 0x56, 0xB6, 0x5D, 0x3B, 0xB7, 0x7D,
    0x43, 0xF6, 0x31, 0xE3, 0xFF, 0x21, 0x2B, 0xE1, 0x76, 0x3B, 0x3B, 0x49, 0xED, 0x9C, 0x8B, 0x7D,
    0x74, 0x92, 0xD5, 0x54, 0xF6, 0x29, 0xA0, 0xD7, 0x2F, 0xD4, 0xC0, 0xCA, 0xE9, 0x4A, 0x38, 0xFD,
    0xF3, 0x95, 0xF2, 0xF1, 0x17, 0xB0, 0xA3, 0x5B, 0x91, 0xB1, 0x5B, 0xE8, 0x06, 0x6F, 0xE5, 0x34,
    0xF2, 0x3A, 0x6E, 0xE2, 0x4D, 0x15, 0x77, 0x19, 0x16, 0xDE, 0x85, 0x8D, 0x11, 0x5A, 0x7A, 0x08,
    0x7F, 0x90, 0xA0, 0xFE, 0x30, 0x82, 0xFF, 0xDB, 0x06, 0xCA, 0x53, 0xA0, 0x58, 0xC1, 0xDA, 0x9D,
    0x2A, 0x06, 0x46, 0x90, 0x25, 0x93, 0xC9, 0x49, 0xEA, 0x66, 0xBA, 0x21, 0x97, 0xE8, 0x07, 0xEA,
    0xC8, 0x0D, 0xCA, 0x1D, 0x27, 0xEE, 0xE2, 0x46, 0x42, 0x62, 0xC4, 0xCD, 0xB4, 0x43, 0xD6, 0x93,
    0x2D, 0x3C, 0x1A, 0xF3, 0x04, 0x2B, 0x3F, 0x9B, 0x5C, 0x84, 0x07, 0xF9, 0x0F, 0x96, 0xA2, 0x81,
    0xE0, 0xD2, 0xE2, 0x81, 0xFA, 0x3B, 0xCD, 0x83, 0xD7, 0x80, 0xEA, 0x47, 0xB4, 0x6F, 0x02, 0xFE,
    0x9F, 0x09, 0xD7, 0x81, 0x72, 0xA1, 0x9A, 0xB0, 0xC7, 0xFB, 0xD1, 0x4A, 0x53, 0x9F, 0x01, 0xEA,
    0x3B, 0x41, 0x27, 0x8D, 0x4C, 0xED, 0x46, 0x37, 0x14, 0x0B, 0x97, 0xC8, 0x56, 0x2E, 0x43, 0xDB,
    0x8C, 0x50, 0xFF, 0x30, 0x41, 0x79, 0xD6, 0x80, 0xBD, 0xD6, 0x4C, 0xC1, 0x49, 0x03, 0xBE, 0xEA,
    0xE1, 0xCD, 0x72, 0x84, 0x77, 0xF3, 0x85, 0x6C, 0x40, 0x28, 0x12, 0x6D, 0x6A, 0x1F, 0xE6, 0x32,
    0x77, 0xB3, 0x93, 0xA5, 0x5B, 0x33, 0x19, 0xBB, 0x15, 0xCB, 0x58, 0xAD, 0x19, 0xBB, 0xA2, 0x81,
    0x1C, 0x6B, 0x14, 0x77, 0x61, 0xB5, 0x64, 0xE5, 0x9A, 0xAC, 0xAF, 0x6A, 0xB2, 0x7E, 0xA4, 0x4E,
    0x7F, 0x0A, 0x94, 0x87, 0x3C, 0xE5, 0x93, 0xC2, 0x08, 0xB8, 0x1E, 0x28, 0x13, 0xE0, 0x1B, 0xA0,
    0x06, 0xB8, 0x02, 0xF0, 0x01, 0xC0, 0x04, 0x64, 0x23, 0xC0, 0xD7, 0x81, 0x5C, 0x44, 0xA2, 0xDB,
    0x01, 0xBE, 0xC9, 0x17, 0xDE, 0xD4, 0x27, 0xBF, 0x85, 0xCA, 0x25, 0x34, 0x80, 0x85, 0x30, 0x03,
    0x2A, 0x5E, 0xF3, 0x0C, 0x2D, 0xA8, 0x2A, 0x6C, 0xB7, 0xF6, 0xDA, 0x80, 0x92, 0xEE, 0xB8, 0xA6,
    0x53, 0x2F, 0x3B, 0x58, 0xD0, 0xE0, 0x42, 0xE2, 0x1E, 0x4C, 0x36, 0x66, 0xB8, 0x09, 0x01, 0x2A,
    0xED, 0x35, 0x36, 0x22, 0x75, 0xC3, 0x7D, 0xDE, 0x1F, 0x90, 0x48, 0x36, 0x63, 0x77, 0xE3, 0x73,
    0x77, 0xAF, 0x9A, 0xE0, 0xF9, 0xA9, 0x93, 0x7B, 0xA8, 0xCF, 0x22, 0x7D, 0xE9, 0xDE, 0xAB, 0x8E,
    0xBB, 0x33, 0x74, 0x16, 0xBD, 0xB3, 0x51, 0x98, 0xC3, 0xAA, 0x21, 0x98, 0x86, 0xFB, 0x36, 0x6E,
    0x41, 0x8D, 0xBD, 0xD3, 0x6B, 0x29, 0x13, 0xDD, 0x60, 0xC1, 0xAE, 0xDB, 0xE0, 0x2A, 0xD4, 0xA8,
    0x86, 0x62, 0xEF, 0x44, 0xBD, 0x75, 0xA6, 0x24, 0xDF, 0x00, 0x7F, 0xDA, 0x73, 0xE5, 0x52, 0x3E,
    0x71, 0x7C, 0xCC, 0x4D, 0x85, 0x2A, 0xDE, 0x3B, 0xC6, 0x9D, 0x8D, 0x40, 0x17, 0xFF, 0x07, 0xD5,
    0x9A, 0x3F, 0xAC, 0xDF, 0xD6, 0x75, 0xC7, 0x3F, 0xE4, 0xB5, 0x45, 0x20, 0x84, 0x7D, 0x35, 0x64,
    0x08, 0x2A, 0x5B, 0xEC, 0xD0, 0x29, 0x91, 0xC4, 0x0E, 0x1E, 0x3C, 0xFC, 0x64, 0x32, 0x30, 0xD0,
    0x8C, 0xCD, 0xD4, 0x25, 0x4B, 0xC7, 0xA0, 0x43, 0xE5, 0xC1, 0x83, 0x86, 0x67, 0x93, 0x6D, 0x80,
    0x76, 0xAC, 0xF7, 0x25, 0x1E, 0x3A, 0x24, 0x2F, 0x83, 0x3D, 0xBC, 0x41, 0x83, 0x24, 0xDE, 0xBA,
    0x63, 0x87, 0x32, 0x5E, 0x3B, 0x84, 0x40, 0x35, 0xA5, 0x40, 0x75, 0x81, 0x12, 0x2D, 0x65, 0x91,
    0x3C, 0xE5, 0x39, 0xC4, 0x4F, 0xCF, 0xCF, 0x4A, 0x60, 0x27, 0x8D, 0x84, 0xBE, 0x2B, 0xDE, 0xCF,
    0x97, 0xBC, 0xBC, 0x7F, 0xBE, 0xE7, 0xF0, 0x91, 0x7C, 0x22, 0x5E, 0xD6, 0x16, 0x43, 0x15, 0x8B,
    0x21, 0xAB, 0x01, 0xB2, 0x3A, 0x6F, 0xED, 0x5F, 0xC8, 0x83, 0xFF, 0xD2, 0xBF, 0xA2, 0x2F, 0x87,
    0x32, 0x56, 0xF1, 0xD8, 0xF3, 0x8C, 0xF3, 0x3A, 0x41, 0x21, 0x2D, 0x53, 0x16, 0xDD, 0x90, 0xCC,
    0x79, 0x60, 0xF1, 0x2D, 0x6B, 0x59, 0xF3, 0xD1, 0x56, 0xA9, 0x60, 0xAF, 0xF5, 0x5E, 0xCB, 0x16,
    0x7C, 0x80, 0x7C, 0xE0, 0x5B, 0x6E, 0xE4, 0x06, 0x6B, 0xF2, 0x29, 0x95, 0xB4, 0x24, 0x13, 0x17,
    0xE6, 0x4D, 0xBA, 0xF1, 0x00, 0xC5, 0x2A, 0x0F, 0xA0, 0xA9, 0x33, 0x81, 0x05, 0xA4, 0x4E, 0x66,
    0xA8, 0x5A, 0xED, 0xEC, 0x43, 0xBA, 0xD1, 0xF5, 0xDA, 0x42, 0xCD, 0x02, 0x40, 0x63, 0xAC, 0x82,
    0xD2, 0x0F, 0xCA, 0x2C, 0x02, 0xB9, 0x88, 0xCC, 0x78, 0x23, 0x68, 0x3D, 0x72, 0x52, 0xA4, 0xA3,
    0xD2, 0x45, 0x78, 0x8B, 0xBC, 0x87, 0x48, 0xD1, 0x92, 0x0E, 0x3C, 0x80, 0x32, 0x64, 0xEB, 0x69,
    0x27, 0x75, 0x25, 0x5B, 0x01, 0xD0, 0x3E, 0x64, 0x7A, 0xAA, 0x68, 0xCB, 0x1F, 0x3D, 0xF9, 0x90,
    0x5C, 0xBA, 0x09, 0x17, 0x5D, 0xC4, 0x05, 0x22, 0x79, 0xCB, 0x3D, 0xF2, 0x9A, 0xBB, 0x06, 0x3B,
    0xD4, 0x13, 0xE3, 0xDE, 0x25, 0xD3, 0xCE, 0x85, 0x0E, 0xFB, 0x40, 0x27, 0xB0, 0xA9, 0x2A, 0x11,
    0x0A, 0x89, 0xA5, 0xAC, 0xE4, 0x32, 0xA4, 0xD2, 0x93, 0x68, 0xA8, 0x81, 0x24, 0x42, 0xD5, 0xE3,
    0x7A, 0x28, 0x22, 0x99, 0x66, 0x6D, 0xC2, 0x03, 0x6E, 0xE1, 0x16, 0x90, 0x08, 0x27, 0x00, 0x5D,
    0x6B, 0xFE, 0xAB, 0xCF, 0xA3, 0xB6, 0xC9, 0xFF, 0x88, 0xC0, 0xE9, 0x2F, 0xE4, 0xF4, 0x14, 0x48,
    0x05, 0x2B, 0xEB, 0x51, 0xAC, 0x8B, 0x58, 0x97, 0x53, 0xEB, 0x62, 0x8D, 0xCF, 0x49, 0xB2, 0x8B,
    0x13, 0x93, 0x52, 0xF6, 0x15, 0x54, 0xCE, 0xEE, 0x3D, 0x2B, 0x67, 0x58, 0xB9, 0xD8, 0x74, 0x45,
    0x3E, 0x8A, 0xD0, 0x3C, 0x5D, 0x47, 0x8D, 0xA3, 0x98, 0x71, 0x91, 0x74, 0x21, 0x8F, 0xF0, 0xD0,
    0xAE, 0x49, 0x89, 0x8F, 0xE0, 0x5B, 0x6D, 0x71, 0x75, 0x36, 0xEF, 0xEB, 0xD4, 0x2A, 0xF2, 0x44,
    0xD9, 0xC9, 0xA3, 0xDD, 0x65, 0x8B, 0x1B, 0xEF, 0xC8, 0x44, 0x1E, 0x93, 0x4E, 0xC8, 0x07, 0x52,
    0x09, 0x3A, 0xB6, 0x1A, 0x74, 0xAC, 0x8F, 0x3A, 0x36, 0x8F, 0x4E, 0x5A, 0xB2, 0x88, 0x3C, 0x51,
    0x96, 0xF2, 0x28, 0xEF, 0x49, 0x45, 0x7E, 0x1A, 0xE0, 0x9A, 0x08, 0xC0, 0x1D, 0x63, 0x22, 0xE1,
    0x3D, 0xA0, 0x1C, 0x66, 0x74, 0xEC, 0x3B, 0xE8, 0xD8, 0xB2, 0x85, 0x2C, 0xFA, 0x5E, 0x99, 0x4F,
    0xE0, 0x7B, 0x27, 0x50, 0xB6, 0xA9, 0x3C, 0xD2, 0x0C, 0xCC, 0x9D, 0x46, 0xFC, 0xE3, 0x2B, 0x3F,
    0x07, 0x5F, 0x17, 0x75, 0xD5, 0x57, 0xA1, 0x1A, 0x9A, 0x5E, 0x55, 0x8F, 0x75, 0x85, 0xD6, 0x92,
    0xFC, 0x78, 0x01, 0x8A, 0x8F, 0xD0, 0xF9, 0xEE, 0x43, 0x1A, 0x49, 0x06, 0xE0, 0x84, 0xAC, 0x05,
    0xAE, 0xE3, 0xB9, 0xB2, 0x92, 0xF3, 0x26, 0x37, 0xF3, 0xE0, 0xDA, 0x03, 0x67, 0x6E, 0x48, 0xC2,
    0x5B, 0x49, 0x4C, 0x23, 0xFD, 0x7B, 0xE9, 0x00, 0x0C, 0xEF, 0xB9, 0x1E, 0xF8, 0x78, 0x97, 0x4F,
    0xDF, 0x73, 0x83, 0x1D, 0xA5, 0x11, 0x18, 0xDE, 0x62, 0xE4, 0x4F, 0xE9, 0x0F, 0x3C, 0x60, 0x1B,
    0xF7, 0x26, 0xE5, 0xE3, 0xD6, 0x05, 0x4F, 0xB6, 0x90, 0x1D, 0x57, 0x48, 0x6D, 0xBD, 0xE3, 0xEA,
    0x47, 0x2F, 0xBB, 0xB3, 0xA3, 0xCF, 0xF2, 0xD1, 0x1F, 0xA7, 0x8F, 0x6E, 0x7D, 0x9A, 0xB7, 0x5B,
    0xC8, 0xB8, 0x58, 0x92, 0x6E, 0x69, 0x38, 0xAF, 0x15, 0x7B, 0x2D, 0xEB, 0x34, 0xFA, 0xE0, 0x62,
    0x1E, 0xF3, 0x25, 0x95, 0x2F, 0x56, 0xEE, 0x7C, 0xDE, 0x92, 0xD6, 0x49, 0x8B, 0xAF, 0xB3, 0x96,
    0xDB, 0x14, 0x70, 0x8F, 0x13, 0xD2, 0x21, 0x89, 0xE4, 0x21, 0xEB, 0x29, 0x29, 0x6A, 0xDE, 0xD9,
    0x64, 0x53, 0xDF, 0x92, 0x05, 0x37, 0x90, 0x44, 0x46, 0x75, 0x74, 0x1B, 0x6E, 0xE1, 0x21, 0xAF,
    0x5D, 0x20, 0x81, 0xFA, 0x74, 0x2B, 0x1F, 0xCB, 0x56, 0x22, 0xC0, 0x37, 0xC7, 0x37, 0x4F, 0x76,
    0x22, 0x7B, 0xB2, 0x0F, 0x59, 0xAF, 0xC9, 0x3E, 0x10, 0xB7, 0x64, 0x6F, 0xA2, 0xC9, 0xE6, 0x90,
    0x44, 0x86, 0x4D, 0xB2, 0x7E, 0x4B, 0x2F, 0x95, 0x68, 0xB2, 0x39, 0x78, 0xF8, 0x58, 0x1B, 0x5B,
    0x4D, 0xF6, 0xC1, 0xF5, 0xF4, 0x07, 0xED, 0xA9, 0xC9, 0xBE, 0xCD, 0xE8, 0x82, 0x4F, 0xE4, 0xDD,
    0xF5, 0x59, 0xB2, 0x93, 0xAF, 0x4F, 0xF6, 0xE9, 0xE9, 0x47, 0x22, 0x7D, 0xB6, 0x50, 0x4A, 0x7B,
    0xE2, 0xC2, 0x59, 0xD2, 0x6F, 0xDB, 0xB6, 0xB3, 0x1D, 0x66, 0xCB, 0x37, 0x89, 0xB6, 0xD3, 0x0C,
    0xFD, 0xD5, 0xE9, 0x17, 0xA7, 0x1F, 0x7F, 0x4D, 0xE7, 0x8B, 0xE5, 0x3C, 0xBB, 0x49, 0xD7, 0x93,
    0xB7, 0x33, 0x05, 0xEF, 0x70, 0x6B, 0xAB, 0xAA, 0xAF, 0xAA, 0x6B, 0x46, 0xF6, 0x87, 0x0A, 0x70,
    0x06, 0x69, 0x20, 0xBC, 0x4E, 0xD6, 0xDE, 0x3A, 0x15, 0x2A, 0x59, 0x00, 0xC8, 0x17, 0x4E, 0x7C,
    0x7B, 0x96, 0x85, 0x29, 0x0B, 0xDF, 0x2E, 0xEA, 0xE4, 0x3E, 0xDE, 0xEE, 0x32, 0x1B, 0x3B, 0x91,
    0x8C, 0x64, 0xF1, 0xA1, 0x84, 0xF2, 0x09, 0xC9, 0xE0, 0xA2, 0xDE, 0x41, 0x15, 0x77, 0x81, 0x0F,
    0xE9, 0x46, 0x1A, 0x1A, 0x45, 0xA6, 0x70, 0x8A, 0xF4, 0x1B, 0xC2, 0x29, 0xF2, 0x89, 0xA6, 0xFD,
    0x9E, 0xD4, 0xCD, 0xD3, 0x7F, 0x97, 0xB6, 0x91, 0x77, 0x6B, 0x3E, 0x04, 0xBE, 0x06, 0x7C, 0x77,
    0xCB, 0xB7, 0x13, 0x59, 0x6B, 0x2F, 0xC3, 0x09, 0xA5, 0x0C, 0x77, 0xA9, 0x64, 0x78, 0xFF, 0xAB,
    0xF0, 0x0A, 0xA7, 0xE0, 0x2F, 0x14, 0xC9, 0x1F, 0x18, 0xD4, 0x57, 0xB9, 0x4E, 0xD3, 0x76, 0xA1,
    0x69, 0xAF, 0xC3, 0x0F, 0x49, 0x02, 0x59, 0x8D, 0x5F, 0x78, 0xF5, 0x4E, 0x4D, 0x16, 0x70, 0xE1,
    0x6A, 0x16, 0x9A, 0xAE, 0xBE, 0x36, 0x01, 0x70, 0x62, 0xF9, 0x1A, 0x70, 0xB6, 0xA5, 0xCF, 0x6D,
    0x2E, 0x72, 0x67, 0xA5, 0x91, 0x9A, 0xAE, 0x25, 0xFB, 0xB3, 0x89, 0x37, 0x78, 0xC8, 0xDB, 0x54,
    0xF5, 0x19, 0x3E, 0x8C, 0xE4, 0x61, 0x22, 0xEB, 0x67, 0x5C, 0x7F, 0x1F, 0x17, 0x3E, 0xDC, 0x6A,
    0x85, 0x6B, 0x8B, 0x90, 0x93, 0xC5, 0x1B, 0xD0, 0x0D, 0x00, 0xFC, 0x09, 0xDF, 0x81, 0xDB, 0x5C,
    0x67, 0xBF, 0x7F, 0x5D, 0x9F, 0x0E, 0x24, 0x23, 0xF7, 0x74, 0xF9, 0x77, 0xA0, 0xC0, 0xB7, 0xDB,
    0x96, 0x87, 0xFD, 0x36, 0xBE, 0xCF, 0xED, 0xFD, 0xDE, 0xCD, 0x82, 0xEB, 0xF1, 0xE4, 0x35, 0x07,
    0x1D, 0x7B, 0x95, 0x57, 0x78, 0x56, 0xFE, 0xDA, 0x58, 0x4D, 0x26, 0x65, 0x04, 0x06, 0xD2, 0x08,
    0x69, 0xD0, 0xB1, 0x1A, 0x32, 0x11, 0x5E, 0xC3, 0xE4, 0xED, 0x5D, 0x3E, 0x35, 0x49, 0x83, 0x49,
    0x56, 0x9B, 0xBC, 0x0E, 0x6A, 0xE5, 0x00, 0x94, 0x6B, 0xAB, 0x3D, 0x2A, 0xF9, 0xA7, 0xFE, 0x2D,
    0x00, 0xD7, 0x56, 0x2A, 0x9E, 0xB2, 0x06, 0x6E, 0x50, 0x02, 0xBC, 0xAF, 0x86, 0xA1, 0xE7, 0xC4,
    0x7A, 0x30, 0x02, 0xB9, 0x26, 0x0A, 0xDE, 0x20, 0x0F, 0x35, 0xBC, 0x45, 0xE1, 0x02, 0x0C, 0x1C,
    0x36, 0xD9, 0xB6, 0x71, 0xAB, 0x39, 0xC9, 0x17, 0xBF, 0xF8, 0x35, 0xAF, 0xD9, 0x4B, 0xA5, 0x06,
    0xF4, 0xC4, 0x6F, 0x93, 0x97, 0x10, 0x5F, 0xF3, 0x08, 0x70, 0x3F, 0xE9, 0x3F, 0x04, 0x7C, 0xDE,
    0x16, 0x35, 0xDC, 0xF0, 0xB5, 0xAF, 0xE1, 0xFD, 0xFD, 0xA8, 0x4F, 0xEA, 0xD2, 0xE2, 0xD3, 0x38,
    0x73, 0x6C, 0xCD, 0x37, 0x20, 0x6F, 0x35, 0x3E, 0x6E, 0x02, 0x83, 0x6E, 0x7F, 0xA9, 0x21, 0xD6,
    0x49, 0x9F, 0x83, 0x3F, 0xED, 0xDA, 0xD7, 0xA0, 0x10, 0x01, 0x8E, 0xB7, 0x30, 0xE8, 0x5D, 0x0C,
    0x9C, 0x65, 0x01, 0xD7, 0x4E, 0x1B, 0x73, 0xB6, 0xDB, 0x99, 0x37, 0x49, 0xEE, 0xEB, 0x54, 0x5E,
    0x5A, 0x06, 0xC8, 0xA2, 0xB9, 0x1E, 0x73, 0x80, 0xE9, 0x4D, 0xF3, 0xFC, 0x36, 0xDA, 0x1E, 0xE1,
    0xA1, 0x7C, 0x16, 0xA0, 0x7C, 0x92, 0xD5, 0x3D, 0xF0, 0x3A, 0x33, 0xA0, 0x2F, 0x22, 0x0D, 0xF8,
    0x3E, 0x24, 0x3D, 0x13, 0xEA, 0x22, 0xEA, 0x49, 0xD7, 0xC3, 0x0D, 0xF3, 0xF9, 0x1E, 0x65, 0x62,
    0x17, 0xCA, 0x6B, 0x1C, 0xD1, 0xB3, 0x69, 0xEF, 0xB9, 0x41, 0xF6, 0xEB, 0x4F, 0x7E, 0xF6, 0x16,
    0x99, 0x88, 0xF9, 0xF3, 0xFC, 0x26, 0x9E, 0x81, 0x9B, 0x21, 0x5B, 0x4D, 0x75, 0xA5, 0xF3, 0x32,
    0x9E, 0x57, 0xBB, 0x14, 0x11, 0x8A, 0x00, 0xDD, 0xDE, 0xD5, 0x47, 0xA8, 0x02, 0x34, 0x35, 0x57,
    0x05, 0x37, 0x6E, 0x75, 0x12, 0xD2, 0xA9, 0xDB, 0x6A, 0x53, 0xBB, 0x58, 0x06, 0x3F, 0xE4, 0xAB,
    0xD4, 0x34, 0x13, 0x70, 0x0B, 0x2B, 0x15, 0xBB, 0xB4, 0x26, 0x3E, 0x98, 0xB8, 0x68, 0xC2, 0x5D,
    0x9E, 0x2F, 0x79, 0x34, 0xF1, 0x93, 0x49, 0x31, 0x9B, 0xDC, 0x5E, 0x4C, 0xDE, 0x16, 0x93, 0xB3,
    0xCE, 0x24, 0x36, 0x2D, 0x90, 0x0C, 0xEA, 0x89, 0x34, 0x94, 0x3D, 0xE0, 0x36, 0x0F, 0x40, 0x56,
    0xAB, 0x59, 0x72, 0xB2, 0x09, 0xCB, 0xDD, 0x0C, 0xBC, 0x49, 0xBA, 0x58, 0x82, 0x93, 0x15, 0xA8,
    0x44, 0x04, 0xE8, 0x36, 0xA9, 0x61, 0x0F, 0x2D, 0xE9, 0x4D, 0xD2, 0x00, 0xC5, 0x80, 0x6B, 0x2D,
    0xE6, 0xBC, 0x86, 0x7C, 0xC4, 0xEB, 0xD1, 0x4C, 0xB7, 0x90, 0x74, 0x52, 0x6F, 0x92, 0x8A, 0xB4,
    0x6A, 0x0D, 0x2B, 0xCD, 0x2E, 0xAB, 0x31, 0x9D, 0x4D, 0xDC, 0x60, 0xE2, 0xEB, 0xCB, 0x1F, 0x26,
    0xF5, 0x97, 0x23, 0x2A, 0xCD, 0x67, 0x2A, 0x4D, 0x50, 0x99, 0x4B, 0x95, 0x24, 0xE6, 0xE1, 0xD2,
    0x87, 0xF9, 0x30, 0xB5, 0xD5, 0xE5, 0x6F, 0x07, 0xC0, 0x7D, 0xF6, 0x99, 0x49, 0x90, 0xDD, 0x52,
    0x55, 0x5F, 0xF6, 0xF8, 0xD2, 0xC1, 0xF5, 0xE8, 0x79, 0x1F, 0xCD, 0xB4, 0x1F, 0xCF, 0x8F, 0xF4,
    0xDC, 0x65, 0x8F, 0x8F, 0x2B, 0x1F, 0x01, 0x50, 0xCE, 0x26, 0x27, 0xB7, 0x76, 0x83, 0xD7, 0x4D,
    0xEE, 0xEE, 0x47, 0xD5, 0x7E, 0xCE, 0x8F, 0x97, 0x2A, 0x30, 0x2B, 0xAF, 0xC0, 0x3E, 0xA1, 0xD9,
    0x2C, 0xE4, 0xF4, 0x17, 0x02, 0x90, 0x0B, 0x14, 0x2D, 0xE0, 0x3B, 0xC8, 0x02, 0x70, 0xB3, 0x83,
    0x74, 0x00, 0x0E, 0x1D, 0xD0, 0x02, 0x51, 0x77, 0x2C, 0x8C, 0x7D, 0x07, 0x17, 0x3A, 0x32, 0x80,
    0xAC, 0xED, 0xC8, 0x01, 0x3C, 0xDD, 0xA9, 0x9D, 0xBC, 0xA9, 0x6E, 0xB1, 0x10, 0x3A, 0x0A, 0x80,
    0x4F, 0xD9, 0xFB, 0x24, 0x5F, 0x9C, 0x0A, 0x19, 0xE0, 0x44, 0xF6, 0x9D, 0xAC, 0x66, 0x9F, 0xD0,
    0x43, 0x67, 0x16, 0x6F, 0xEE, 0x3B, 0xD7, 0x39, 0xEC, 0x3B, 0xB7, 0x39, 0xDB, 0x77, 0xEE, 0x27,
    0x11, 0xA4, 0x26, 0x89, 0xD9, 0x40, 0x22, 0x81, 0x7C, 0xE8, 0x9E, 0x50, 0xC8, 0x17, 0x9F, 0x48,
    0xE8, 0x16, 0x4A, 0x11, 0x8B, 0xF4, 0xCE, 0xAA, 0x89, 0x90, 0x6E, 0x84, 0xA6, 0x4F, 0x56, 0xCB,
    0x62, 0x55, 0x6B, 0x66, 0x8B, 0xE0, 0x23, 0xF8, 0xA1, 0x18, 0x20, 0x8F, 0x55, 0x38, 0xF2, 0x0A,
    0x76, 0x85, 0xE8, 0x76, 0xD6, 0x4A, 0x69, 0x8D, 0x5F, 0x6E, 0x0F, 0xCA, 0x46, 0xF9, 0x4A, 0xD5,
    0x03, 0x37, 0xCA, 0x08, 0xBC, 0xE5, 0x47, 0x20, 0x66, 0x33, 0xA4, 0x21, 0x15, 0xC8, 0x6B, 0xBA,
    0x9E, 0x0F, 0xC0, 0x8B, 0x44, 0xE0, 0x13, 0xF5, 0x43, 0x7E, 0xFE, 0xDC, 0xE3, 0xD5, 0x46, 0x49,
    0xDE, 0x2A, 0x33, 0x65, 0xED, 0x95, 0x5D, 0x07, 0x50, 0x4C, 0xCA, 0x13, 0x05, 0x0F, 0x8C, 0x8D,
    0xB1, 0x6C, 0x95, 0x79, 0xCF, 0xF3, 0xFF, 0xB7, 0xB0, 0x6B, 0x3A, 0x73, 0x6D, 0xBB, 0xA0, 0x2B,
    0xE9, 0x0A, 0x25, 0x6C, 0xCC, 0x83, 0xD2, 0xF5, 0xCA, 0xA4, 0x56, 0xC2, 0x33, 0x7E, 0xCB, 0xF8,
    0x3A, 0x20, 0xA7, 0xAB, 0x52, 0x94, 0x2B, 0xB7, 0x8E, 0xED, 0xC6, 0xF3, 0x9E, 0xEC, 0xE4, 0x15,
    0xE3, 0x4D, 0xE3, 0xC1, 0x38, 0x22, 0x90, 0xC6, 0x44, 0x5A, 0x8A, 0xFE, 0x9A, 0x5D, 0x0E, 0xF5,
    0x23, 0xF5, 0xB3, 0x17, 0xF4, 0xAC, 0x48, 0x8C, 0x6E, 0x3C, 0x7F, 0x8D, 0x5F, 0xE7, 0x72, 0x44,
    0x91, 0x00, 0xE6, 0x03, 0x68, 0x26, 0xC0, 0x2D, 0xDA, 0x9C, 0x4D, 0x4D, 0xAB, 0xC6, 0x8A, 0x4B,
    0x11, 0x45, 0xD6, 0xE6, 0x2D, 0x14, 0xB1, 0x1C, 0x40, 0x3F, 0x17, 0x1E, 0xF7, 0xB5, 0xFD, 0x12,
    0xF8, 0xF7, 0x35, 0x45, 0xC0, 0xF7, 0x64, 0x91, 0x64, 0xD2, 0x41, 0x7B, 0x11, 0x19, 0x3A, 0xE9,
    0xF3, 0x05, 0x37, 0xFF, 0x9E, 0x5B, 0xBE, 0xB0, 0xCD, 0x20, 0x32, 0xE0, 0xA1, 0x6C, 0xA9, 0x34,
    0xBA, 0x64, 0xC4, 0x85, 0x17, 0xB0, 0x04, 0xF0, 0x01, 0x99, 0xB4, 0xD5, 0x7F, 0xCC, 0xD5, 0x3F,
    0xCF, 0xB7, 0xB8, 0x77, 0xCC, 0xF9, 0x54, 0xCA, 0x98, 0x4A, 0x8D, 0xF0, 0xFB, 0x6D, 0xDB, 0xD8,
    0x6D, 0x86, 0x6D, 0x1E, 0x5F, 0x17, 0x54, 0xA1, 0x0A, 0x4D, 0xDF, 0x04, 0x55, 0x3D, 0x3E, 0x16,
    0x6F, 0x9F, 0x31, 0x17, 0xE8, 0xEC, 0x05, 0xF2, 0x87, 0xAB, 0x5D, 0xAF, 0xF3, 0xDA, 0xFC, 0x95,
    0xC8, 0x23, 0x28, 0xE5, 0x13, 0x69, 0x49, 0x57, 0x8A, 0x11, 0xF4, 0xE7, 0x48, 0x49, 0xD7, 0x2A,
    0xCB, 0x5E, 0xE9, 0xA3, 0x32, 0x1F, 0x95, 0x6E, 0x32, 0xCE, 0xE7, 0x4C, 0xE7, 0x4A, 0x64, 0x49,
    0xE7, 0xEF, 0xCA, 0xE9, 0xCF, 0xD3, 0xBD, 0xFD, 0x39, 0x66, 0xE3, 0xF9, 0x3C, 0xC5, 0xA0, 0xAC,
    0x02, 0x42, 0xA2, 0xC9, 0xE0, 0xDA, 0x4C, 0x29, 0x4F, 0xA5, 0x57, 0x3F, 0x4F, 0x00, 0xF2, 0xE1,
    0x0D, 0x95, 0x72, 0xBA, 0xAE, 0x72, 0xB8, 0xB9, 0x8B, 0x5F, 0x54, 0xDE, 0x4C, 0x47, 0xBE, 0x52,
    0xCA, 0x19, 0x9C, 0xCC, 0x85, 0x7A, 0x91, 0x29, 0x91, 0x1A, 0xAA, 0x16, 0xE9, 0xA1, 0x00, 0x89,
    0xE0, 0x41, 0x66, 0x93, 0xFF, 0x5A, 0x4D, 0xA2, 0xD4, 0x26, 0x4D, 0x30, 0x29, 0xA2, 0x49, 0x3E,
    0x99, 0xB8, 0xC5, 0x04, 0xD9, 0xA5, 0x09, 0x26, 0xE5, 0x60, 0xE2, 0x27, 0x13, 0xB7, 0x98, 0x24,
    0x62, 0x42, 0xF3, 0xAF, 0x26, 0xA5, 0x98, 0x78, 0x21, 0x19, 0xD5, 0x92, 0x06, 0x4F, 0x22, 0x94,
    0xD2, 0x42, 0x47, 0x25, 0x01, 0x4A, 0xA0, 0xC0, 0x4A, 0x55, 0x9B, 0x94, 0xC1, 0xC4, 0xF7, 0x26,
    0x69, 0x34, 0xE1, 0x84, 0xE7, 0xCB, 0x9D, 0x55, 0x99, 0xAF, 0x12, 0x6D, 0xF4, 0x95, 0x15, 0x92,
    0x09, 0x9A, 0x16, 0xA7, 0xAB, 0x0F, 0xF8, 0x00, 0x7E, 0xA4, 0x68, 0x2D, 0xEF, 0x3A, 0x7F, 0xBA,
    0x52, 0x61, 0x26, 0x3A, 0x00, 0xA9, 0x77, 0x69, 0x45, 0xA5, 0xDB, 0xA5, 0x69, 0xA5, 0x36, 0xE9,
    0x5A, 0x93, 0x26, 0xA8, 0xD4, 0x95, 0x09, 0xD5, 0x00, 0x74, 0xF8, 0x08, 0x2C, 0xE4, 0x93, 0xAD,
    0xE9, 0x16, 0x6C, 0x4D, 0xCD, 0x63, 0xB0, 0xA5, 0x1B, 0x20, 0x93, 0xC7, 0xE3, 0xEE, 0xB3, 0x86,
    0xE7, 0xFE, 0x5B, 0xD8, 0x71, 0xFE, 0x6A, 0xB1, 0xC1, 0x40, 0x5E, 0x5F, 0xFE, 0x30, 0xD9, 0x99,
    0x0E, 0x26, 0xC5, 0x82, 0x19, 0x69, 0x7A, 0x95, 0xA5, 0x50, 0x61, 0xCC, 0xC2, 0xA5, 0x0F, 0xF3,
    0x61, 0x62, 0x11, 0xC9, 0xDF, 0x44, 0xC0, 0x7D, 0xFE, 0x4B, 0x93, 0x5E, 0xAC, 0xB1, 0x2F, 0xDB,
    0xCB, 0x1E, 0x5F, 0x3A, 0xD8, 0x05, 0xCC, 0xA6, 0x5C, 0x1B, 0xFD, 0xEC, 0xA7, 0xF3, 0x23, 0x3D,
    0x77, 0xC9, 0xE3, 0xBB, 0x01, 0x69, 0x5B, 0x81, 0x0F, 0x3E, 0x50, 0x69, 0xEF, 0x19, 0xE6, 0x4D,
    0xA8, 0xCC, 0xA6, 0x60, 0x26, 0x0D, 0x76, 0xB8, 0x9F, 0xB0, 0x2E, 0xD6, 0xD9, 0x86, 0xD9, 0x04,
    0x87, 0x0B, 0x5F, 0xF8, 0xBE, 0xBD, 0xCB, 0xE1, 0xC2, 0x53, 0xEB, 0xCC, 0xD6, 0x7D, 0x12, 0xBF,
    0x9C, 0x9F, 0x6C, 0xD9, 0xBD, 0x8A, 0xE5, 0x27, 0xFB, 0xC4, 0xF2, 0x93, 0xFF, 0xB9, 0xE5, 0xC7,
    0x67, 0x96, 0x9F, 0xEB, 0xCE, 0xF2, 0x73, 0xD8, 0xF3, 0x73, 0xC0, 0xE4, 0x0C, 0xA9, 0x05, 0xA2,
    0xE5, 0x27, 0x19, 0x34, 0x31, 0x75, 0xDA, 0xAB, 0xB4, 0x2E, 0x58, 0x7E, 0xF2, 0xD6, 0xF2, 0xE3,
    0xA1, 0xA1, 0xEC, 0x8B, 0x3D, 0x3F, 0x37, 0xF7, 0xFC, 0x1C, 0xF6, 0xFC, 0xDC, 0xDD, 0xF3, 0x33,
    0xEE, 0xF9, 0x89, 0x34, 0x80, 0xDB, 0xF3, 0xE3, 0x1E, 0x6B, 0x7E, 0x8E, 0x21, 0x65, 0x35, 0xBB,
    0x06, 0x93, 0xBC, 0xDF, 0x25, 0x9A, 0xB8, 0xC9, 0x84, 0x07, 0xBB, 0x14, 0x7C, 0xB5, 0x54, 0x32,
    0x6E, 0x35, 0x94, 0x9B, 0x94, 0xD2, 0x3A, 0xB1, 0x21, 0xC9, 0x0A, 0x49, 0x84, 0x4D, 0x78, 0x71,
    0xA2, 0x2B, 0x08, 0xA4, 0x11, 0x3A, 0x70, 0x03, 0x34, 0xAD, 0x45, 0x51, 0x0E, 0xF8, 0x16, 0xFC,
    0xF2, 0xFD, 0x0E, 0x48, 0x45, 0x26, 0x80, 0xEF, 0x49, 0xAB, 0x42, 0x7E, 0xE1, 0x5B, 0x5D, 0xB9,
    0x4B, 0x65, 0x64, 0x36, 0xA6, 0x3D, 0x97, 0x3F, 0xCC, 0xAB, 0x46, 0xEE, 0x19, 0x33, 0xA9, 0x55,
    0x9A, 0x5F, 0x8D, 0x26, 0x3F, 0xB0, 0x9E, 0xB7, 0x93, 0x78, 0xE9, 0xC3, 0xBC, 0x67, 0x01, 0x26,
    0x6B, 0xBA, 0xD8, 0x39, 0x27, 0xE7, 0x47, 0x7A, 0xEE, 0xD2, 0xC7, 0x87, 0xEB, 0x4D, 0xB2, 0xC1,
    0xC4, 0xF7, 0x5F, 0xFE, 0xA1, 0xFD, 0xD0, 0xC8, 0xC8, 0x57, 0x4B, 0x27, 0xB3, 0x86, 0xD9, 0xC8,
    0x44, 0x29, 0x21, 0x93, 0xD6, 0xC2, 0x94, 0xDA, 0x96, 0xED, 0x82, 0x2D, 0x5B, 0xF5, 0x78, 0xC0,
    0x47, 0x6E, 0x01, 0xF9, 0xC4, 0x01, 0x70, 0x0B, 0x67, 0x00, 0xA2, 0x6E, 0xA1, 0xF9, 0x49, 0x50,
    0x29, 0xFF, 0xAD, 0x55, 0xF1, 0xA2, 0x24, 0x5B, 0x4C, 0xDC, 0x6C, 0x92, 0x7E, 0xBD, 0xB8, 0x0B,
    0x92, 0xAD, 0x26, 0x8D, 0x0C, 0xBB, 0xD3, 0x08, 0x95, 0x82, 0x52, 0x3E, 0x06, 0xD2, 0xFD, 0xF4,
    0x4E, 0x11, 0x55, 0x39, 0xD5, 0xBE, 0x2B, 0xF9, 0xAC, 0x4C, 0x56, 0x25, 0x62, 0x6C, 0x6A, 0x63,
    0xAB, 0xAC, 0xDA, 0xF3, 0x96, 0xEE, 0xBC, 0x8F, 0x5B, 0x94, 0xC5, 0x08, 0x22, 0xD2, 0xEA, 0x6C,
    0xFF, 0x08, 0x5C, 0x58, 0x45, 0x91, 0x1A, 0x4B, 0x19, 0x51, 0x3F, 0x13, 0x40, 0xD2, 0x3D, 0x02,
    0x8A, 0x2F, 0x74, 0x54, 0x55, 0x17, 0x3D, 0x2C, 0x64, 0x11, 0x66, 0x5C, 0x24, 0x99, 0x94, 0xE9,
    0x44, 0x36, 0x90, 0x8E, 0x14, 0x41, 0xF9, 0x80, 0x8D, 0x59, 0xAF, 0xF4, 0x18, 0x6B, 0x6B, 0x99,
    0x94, 0x74, 0xBD, 0x32, 0x9B, 0x94, 0x88, 0xB1, 0xAA, 0x95, 0x45, 0x50, 0xFA, 0x73, 0x5A, 0xCB,
    0x55, 0xCA, 0xD6, 0x8D, 0xB7, 0x69, 0x68, 0xC6, 0xE2, 0xE9, 0x4C, 0x37, 0x26, 0x5D, 0x0F, 0x59,
    0x38, 0x3E, 0xA4, 0xB3, 0xF8, 0xEC, 0x01, 0xFD, 0xE0, 0xF9, 0x87, 0xF3, 0xB5, 0x95, 0x16, 0x79,
    0xFC, 0xF9, 0x36, 0x07, 0xD2, 0xFA, 0x9E, 0xAA, 0x2D, 0x02, 0x65, 0x5B, 0xD6, 0x14, 0x6D, 0xF5,
    0x9B, 0xD0, 0x6E, 0x28, 0x03, 0x85, 0x76, 0x2E, 0x42, 0x1E, 0x29, 0x83, 0x9B, 0xE9, 0x26, 0xE4,
    0xF1, 0x4F, 0x67, 0xAE, 0x3D, 0xB9, 0x09, 0x7B, 0xC9, 0x5A, 0xD4, 0x28, 0x50, 0x2A, 0xAA, 0x1A,
    0x98, 0x81, 0x64, 0x78, 0x59, 0x0E, 0xAE, 0x2A, 0xEE, 0x03, 0x99, 0xB4, 0xF6, 0x58, 0xDB, 0xF0,
    0xF7, 0x93, 0x3D, 0xD2, 0x5E, 0x8E, 0x03, 0xFB, 0x03, 0x9C, 0x26, 0x1E, 0xE0, 0xEC, 0xEE, 0xC9,
    0x86, 0x72, 0x82, 0xF7, 0xF3, 0xE1, 0xE5, 0x2C, 0x7E, 0x97, 0x7B, 0xFA, 0x90, 0x5B, 0xED, 0x81,
    0x67, 0x7B, 0xD6, 0xF6, 0x92, 0x72, 0xFF, 0x63, 0xC0, 0x49, 0x0D, 0xFE, 0x07, 0x01, 0xBC, 0xEB,
    0x15, 0x01, 0xB2, 0xC7, 0x2D, 0x24, 0xCB, 0x0B, 0x77, 0xA0, 0x33, 0xFF, 0xDD, 0x5A, 0xA3, 0x93,
    0x8B, 0x0C, 0xE8, 0xFC, 0x53, 0x3A, 0xA3, 0x4B, 0x44, 0x16, 0x74, 0x95, 0x9E, 0x0E, 0x5D, 0x28,
    0xD0, 0x50, 0xA9, 0x26, 0xEB, 0xAE, 0x45, 0x6F, 0xFA, 0xD9, 0x13, 0x4C, 0xD5, 0xB2, 0xAE, 0x3B,
    0x02, 0xBA, 0x74, 0x04, 0x7C, 0x6F, 0xC7, 0xAD, 0x1A, 0x98, 0x71, 0xB5, 0x7A, 0x90, 0xBA, 0x40,
    0x6D, 0xC8, 0xD3, 0x09, 0x75, 0x92, 0xCA, 0x47, 0x3C, 0x2B, 0xD9, 0x0A, 0xCD, 0xE3, 0x21, 0x1D,
    0xDD, 0x94, 0xF5, 0xC9, 0xEC, 0x03, 0x6B, 0xD1, 0xB2, 0x94, 0x35, 0x75, 0x55, 0x5F, 0xFC, 0xFB,
    0xB5, 0x22, 0xD8, 0xFC, 0x57, 0xB2, 0xC8, 0x6B, 0xE9, 0xCC, 0x5D, 0x7B, 0x0C, 0xE6, 0x2B, 0xA4,
    0x61, 0x7F, 0x49, 0x27, 0x3F, 0xEA, 0x21, 0x1D, 0x20, 0x89, 0xBC, 0xB2, 0x69, 0xF1, 0x38, 0x70,
    0x65, 0x85, 0xDB, 0x00, 0x0D, 0xD8, 0x54, 0x36, 0xCF, 0xF1, 0x9D, 0x70, 0xC6, 0x79, 0x51, 0x6F,
    0x80, 0x48, 0xC0, 0x0D, 0x79, 0xC4, 0x07, 0x37, 0x51, 0xD4, 0xC9, 0x4C, 0xC9, 0x86, 0x8A, 0x6C,
    0xDA, 0xD0, 0xB4, 0x54, 0xF9, 0x23, 0xA8, 0x56, 0x36, 0xF4, 0xFB, 0x74, 0xE6, 0xCB, 0x91, 0x45,
    0x5E, 0x27, 0x5D, 0x38, 0xD1, 0x90, 0x22, 0xE4, 0x9A, 0x68, 0x0E, 0x00, 0x0F, 0x15, 0x0B, 0x90,
    0x4E, 0x40, 0xD6, 0x03, 0x9E, 0x97, 0xB0, 0x38, 0xC7, 0xD5, 0x9A, 0x09, 0xDC, 0xDA, 0x05, 0xDC,
    0x5C, 0x05, 0xD2, 0x21, 0x6F, 0x5F, 0xF4, 0xE2, 0xAE, 0xCF, 0x02, 0x3E, 0xFA, 0x48, 0x31, 0x16,
    0xD1, 0xF6, 0xAC, 0xED, 0x45, 0xAF, 0xEB, 0xB7, 0xED, 0xD9, 0xE7, 0xC4, 0x19, 0x6E, 0x02, 0xF0,
    0x0A, 0xBC, 0xAD, 0xC9, 0x2F, 0x6D, 0x73, 0x13, 0xE9, 0x6F, 0xDF, 0xDC, 0x4C, 0x23, 0xFD, 0xB6,
    0xE9, 0x5C, 0xFB, 0x67, 0xC3, 0x87, 0xF6, 0xCE, 0x0A, 0xFF, 0x87, 0xA9, 0x20, 0x19, 0xC9, 0xA5,
    0xEE, 0x3E, 0x89, 0xE2, 0xE3, 0xBD, 0x74, 0xF8, 0xBD, 0xA7, 0x3A, 0x7E, 0x06, 0xAC, 0x86, 0xA6,
    0xBF, 0xF8, 0x19, 0xB0, 0x06, 0xD7, 0xA2, 0x96, 0x53, 0xD9, 0x2B, 0x95, 0x1D, 0x7F, 0x7D, 0xAD,
    0x02, 0x99, 0x2C, 0x56, 0x5F, 0x55, 0x5B, 0xC5, 0x74, 0x80, 0xA4, 0x8B, 0x40, 0x3E, 0x2A, 0x16,
    0xE0, 0x66, 0x55, 0xC3, 0xDB, 0x3E, 0x1C, 0xDF, 0x9F, 0xE9, 0x08, 0x30, 0xC3, 0xB5, 0x65, 0x81,
    0x55, 0x44, 0xAF, 0xA3, 0x90, 0xB7, 0xA9, 0xD4, 0x1E, 0xA4, 0x2D, 0x51, 0xA7, 0xEC, 0x28, 0x14,
    0x3E, 0x54, 0xB5, 0x22, 0x6C, 0x28, 0x7A, 0x7C, 0xEB, 0x23, 0x9E, 0x6C, 0xE2, 0x16, 0xE9, 0x6A,
    0xD7, 0xF1, 0xE9, 0xB0, 0x5F, 0x47, 0xF2, 0xE1, 0xC6, 0xB3, 0xAF, 0x7A, 0x87, 0x9B, 0xB7, 0x94,
    0x7E, 0x06, 0x6E, 0xB8, 0x91, 0x8B, 0xE5, 0x8D, 0x62, 0x84, 0x2B, 0xF3, 0x2A, 0x50, 0x3D, 0x6D,
    0xAB, 0x96, 0x7C, 0xC5, 0x07, 0xD2, 0xD9, 0x38, 0xFD, 0xEE, 0xEC, 0x35, 0xDB, 0xC5, 0x40, 0x23,
    0xBF, 0x94, 0xD5, 0x28, 0xE0, 0x01, 0x8A, 0x56, 0x11, 0x80, 0x3C, 0xEE, 0xD7, 0x54, 0x1D, 0x7D,
    0xF5, 0xD5, 0x0D, 0x0F, 0xA5, 0xC7, 0xF5, 0x7E, 0xD2, 0x64, 0x2C, 0x78, 0x10, 0x4A, 0x68, 0xEA,
    0xDF, 0x92, 0x8C, 0xFC, 0x62, 0x32, 0xAE, 0x93, 0xCA, 0xC5, 0x64, 0x50, 0x3C, 0x7B, 0x7E, 0x35,
    0x00, 0xCB, 0x31, 0xFD, 0x59, 0xFB, 0x12, 0x16, 0xD7, 0x9A, 0x46, 0xA0, 0x58, 0x01, 0x69, 0x06,
    0x58, 0x7D, 0x84, 0xC9, 0xF5, 0x2F, 0x7C, 0xF1, 0x86, 0x01, 0x24, 0x44, 0x92, 0x21, 0x2A, 0xBA,
    0x08, 0x43, 0xD9, 0xBE, 0xE8, 0x75, 0x93, 0x98, 0x0E, 0xB8, 0x39, 0x9B, 0xC8, 0xE6, 0x7C, 0xB6,
    0x3D, 0x6B, 0x7B, 0xF1, 0xC9, 0x3E, 0x00, 0x08, 0xEC, 0x37, 0x30, 0x72, 0x6C, 0x7B, 0xBE, 0xE8,
    0x9F, 0xDF, 0x9D, 0xFE, 0xAC, 0x11, 0x91, 0x85, 0x8B, 0xE5, 0xF9, 0x59, 0xAC, 0xCD, 0x3C, 0xBB,
    0xB0, 0x79, 0xFE, 0x95, 0x7A, 0x9E, 0x8F, 0x9E, 0x53, 0xF5, 0x9C, 0x49, 0x5D, 0x51, 0xA8, 0xE7,
    0x83, 0x7A, 0x8E, 0x9B, 0xDD, 0x77, 0x7B, 0x1F, 0xCA, 0x7F, 0xA9, 0x37, 0xCF, 0xFF, 0xA9, 0x9E,
    0xA7, 0xA3, 0x67, 0xA7, 0x9E, 0x7D, 0xF3, 0x34, 0x72, 0xD3, 0x3C, 0x67, 0xFB, 0x13, 0xF9, 0x78,
    0x57, 0xB8, 0x11, 0xE0, 0xFE, 0x73, 0xBF, 0x57, 0x37, 0x93, 0x93, 0xD0, 0x4C, 0xA9, 0xD8, 0x83,
    0x3E, 0xD8, 0xFD, 0x96, 0xFC, 0x0E, 0xE8, 0xF5, 0xAD, 0x30, 0xB0, 0xF0, 0x78, 0xA1, 0x7A, 0xFC,
    0x0F, 0x0B, 0xF9, 0x93, 0xEF, 0xC0, 0x5E, 0xF2, 0xAF, 0xFC, 0x5E, 0x0D, 0x30, 0x03, 0x69, 0xFF,
    0xB2, 0x1C, 0x5C, 0x55, 0xDC, 0x03, 0x4D, 0xE4, 0xF1, 0xF7, 0xEA, 0x1F, 0x8C, 0xF6, 0x7B, 0xF5,
    0xCB, 0x71, 0x70, 0x6F, 0xFF, 0xD5, 0x76, 0x21, 0x15, 0xB7, 0xDA, 0x9E, 0xB5, 0xBD, 0xA4, 0xF0,
    0xDD, 0xB3, 0xFF, 0x5B, 0x79, 0x45, 0xD5, 0x02, 0x1F, 0x00, 0x0C, 0x70, 0x5E, 0xBA, 0x25, 0x91,
    0xD8, 0x2D, 0x74, 0x83, 0x8F, 0x94, 0x64, 0x91, 0xDB, 0xB8, 0x89, 0x03, 0xC9, 0xCC, 0x19, 0x2C,
    0x44, 0x68, 0xD2, 0x1E, 0xAA, 0x77, 0x03, 0x6C, 0x3F, 0x7B, 0xE0, 0x7F, 0x75, 0x7C, 0xFF, 0x38,
    0xBB, 0xA0, 0xA3, 0x22, 0x02, 0xAE, 0x07, 0xF2, 0x00, 0xF8, 0x1A, 0x28, 0x01, 0x6E, 0x3F, 0xFB,
    0xC9, 0x1B, 0x81, 0x3D, 0xF3, 0x3F, 0x3C, 0x7E, 0x78, 0xFC, 0xA3, 0x09, 0xA8, 0x14, 0x99, 0xC2,
    0x3D, 0x43, 0x6A, 0x18, 0x0D, 0x77, 0x1E, 0x91, 0xFE, 0xF7, 0x53, 0x21, 0x5D, 0x69, 0x2C, 0x43,
    0x43, 0x3A, 0x92, 0xC5, 0x0D, 0x6E, 0xDA, 0x90, 0xCE, 0x1B, 0x92, 0xE7, 0x41, 0x3A, 0xA5, 0x33,
    0x6E, 0x4C, 0x17, 0xB2, 0x21, 0x95, 0xBA, 0x08, 0xDB, 0x2C, 0x2B, 0xE9, 0xD8, 0x3C, 0xDA, 0x00,
    0x9C, 0xC3, 0x29, 0xB2, 0x19, 0x68, 0xA4, 0x85, 0x4E, 0x82, 0x19, 0x3F, 0x01, 0x41, 0x48, 0xE4,
    0xFB, 0x62, 0x7B, 0xD6, 0xF6, 0xFF, 0x20, 0x75, 0xFF, 0x0B, 0xDD, 0x9C, 0x3F, 0x90, 0xDE, 0xC6,
    0x79, 0xFF, 0x3F, 0xD8, 0x3D, 0x13, 0x63, 0x61, 0x24, 0xB8, 0xF8, 0xFD, 0x66, 0x32, 0x61, 0x2C,
    0x34, 0x29, 0x34, 0x8E, 0x48, 0x34, 0x2A, 0x54, 0x1C, 0x09, 0x38, 0x99, 0x49, 0x5A, 0x76, 0x69,
    0x5D, 0xA7, 0xA1, 0x0B, 0x15, 0x2C, 0x4E, 0x06, 0x1C, 0x15, 0x2E, 0xC3, 0xBE, 0x89, 0x0A, 0x17,
    0xF6, 0x69, 0x26, 0x6C, 0x58, 0xB0, 0xA0, 0x88, 0xB5, 0x5D, 0xBA, 0x30, 0xE2, 0x22, 0x4D, 0x66,
    0x62, 0x78, 0xAC, 0x2A, 0x2A, 0xB8, 0x93, 0x20, 0x11, 0x28, 0x02, 0x78, 0x72, 0xFB, 0xAC, 0xDE,
    0x3F, 0x3C, 0x9D, 0x46, 0x22, 0x73, 0x47, 0xF3, 0xF2, 0x0C, 0xF0, 0xFD, 0xEE, 0x8B, 0xC3, 0x0B,
    0xEC, 0x7E, 0x76, 0x6F, 0xB1, 0x2F, 0x16, 0xEF, 0x4B, 0x72, 0x7C, 0xDC, 0x02, 0x89, 0x88, 0xE3,
    0x4B, 0x91, 0x79, 0xB5, 0x7C, 0x52, 0x2B, 0x66, 0xB5, 0x1B, 0x8B, 0xDA, 0xBB, 0xA2, 0x76, 0xBF,
    0x53, 0xF3, 0x8D, 0x1E, 0x65, 0xA8, 0x1C, 0x60, 0x5C, 0xD9, 0x03, 0xD6, 0xE5, 0x03, 0x90, 0xD6,
    0xB9, 0x07, 0x32, 0xD2, 0x09, 0x78, 0x03, 0x3B, 0x03, 0xDF, 0xC5, 0x2C, 0xC0, 0x21, 0xC9, 0x0A,
    0x54, 0x22, 0x02, 0x74, 0x27, 0x56, 0x83, 0x87, 0xCA, 0x91, 0xF4, 0x6A, 0xC6, 0x41, 0x31, 0x60,
    0x5B, 0xC8, 0x3D, 0x59, 0x0D, 0xD9, 0x48, 0x1E, 0x5E, 0xCD, 0x74, 0x0B, 0x49, 0x27, 0xF5, 0x89,
    0x19, 0x91, 0x96, 0xEF, 0x1D, 0x7F, 0x08, 0x95, 0x78, 0xF6, 0xE2, 0xEA, 0x4A, 0x8B, 0x3C, 0xFE,
    0x6D, 0x6B, 0x47, 0xA4, 0xCD, 0x7B, 0xAA, 0xB6, 0x70, 0x94, 0x6D, 0x59, 0x53, 0xB4, 0xD5, 0x59,
    0xD2, 0x9E, 0x48, 0xE9, 0x28, 0xC2, 0xCE, 0x85, 0xCB, 0x3C, 0xA5, 0xB3, 0x33, 0xDD, 0x84, 0x3C,
    0xFE, 0xC7, 0x99, 0xAB, 0x4F, 0xAE, 0x41, 0x8C, 0x5B, 0x49, 0x0D, 0x18, 0x9F, 0x2A, 0xB8, 0x31,
    0x6F, 0x01, 0x1A, 0x89, 0xA7, 0x9D, 0xB8, 0xEC, 0x34, 0xFF, 0x1F, 0xB7, 0xE0, 0x90, 0x11, 0x6E,
    0x1A, 0x0F, 0xF9, 0xE3, 0x1E, 0xCC, 0xCA, 0xC5, 0xC3, 0xBD, 0x3C, 0xAC, 0xDA, 0xC8, 0xCA, 0x01,
    0xD8, 0x01, 0x80, 0xBC, 0x8E, 0xA6, 0x4A, 0xC1, 0xFE, 0xAB, 0xDC, 0xBD, 0x05, 0x60, 0x25, 0x16,
    0xAA, 0xBB, 0x1B, 0x01, 0x2A, 0x41, 0x14, 0x21, 0xCA, 0x10, 0x85, 0x88, 0x52, 0xA4, 0xFA, 0x2A,
    0x6D, 0x83, 0x2A, 0x4B, 0x14, 0x26, 0x4A, 0x93, 0x88, 0x33, 0xF2, 0x3C, 0x01, 0x5A, 0xD5, 0x00,
    0x0F, 0x22, 0x29, 0x80, 0x44, 0x95, 0xA8, 0x73, 0xE2, 0x94, 0x41, 0xD0, 0x6C, 0x51, 0xC4, 0x00,
    0xFC, 0x48, 0x55, 0x37, 0x18, 0x45, 0x9F, 0x0E, 0xBB, 0xC2, 0xED, 0xC7, 0xED, 0x35, 0x60, 0x91,
    0x6E, 0x84, 0xA6, 0x4F, 0x56, 0x65, 0x5A, 0xD5, 0x81, 0x73, 0xE1, 0x02, 0xFB, 0x7C, 0x28, 0x06,
    0xC8, 0x7C, 0xE5, 0x36, 0x7A, 0x05, 0xAD, 0x2F, 0xBA, 0xA8, 0x35, 0x80, 0xB4, 0xAA, 0xFB, 0xDB,
    0x95, 0x69, 0x13, 0xF4, 0xA0, 0xEA, 0x81, 0xB7, 0x4B, 0x0F, 0xBC, 0x93, 0x8F, 0x80, 0x4F, 0x67,
    0x30, 0xCE, 0x08, 0x64, 0x35, 0x5D, 0xCF, 0xFB, 0x90, 0x4B, 0xE7, 0x81, 0x7B, 0x6B, 0x1D, 0x79,
    0x07, 0x80, 0x81, 0x14, 0x2B, 0x24, 0x23, 0x58, 0xC7, 0x36, 0xD2, 0x15, 0x9A, 0xC7, 0x83, 0x19,
    0xED, 0x94, 0xF6, 0xC9, 0x9C, 0x3B, 0xD6, 0xA2, 0x65, 0x29, 0x6B, 0xEA, 0xF0, 0x8E, 0xB8, 0xEA,
    0x11, 0x02, 0xD6, 0x40, 0xF7, 0x4A, 0xEA, 0x79, 0xDD, 0xCC, 0xDC, 0x09, 0xEF, 0x23, 0x5B, 0x77,
    0x87, 0xEA, 0x01, 0xCA, 0x05, 0x30, 0x12, 0x32, 0x6D, 0xE7, 0xCA, 0x41, 0x32, 0x64, 0xED, 0xA5,
    0x20, 0x45, 0xA4, 0x53, 0xAC, 0x20, 0xF7, 0x3C, 0x92, 0x7B, 0x1E, 0x98, 0xE1, 0x7C, 0x49, 0x59,
    0x65, 0x94, 0x7B, 0xD5, 0x69, 0x9B, 0xD6, 0xED, 0x97, 0x80, 0x51, 0xE2, 0xC1, 0xCE, 0x90, 0x2E,
    0xEA, 0xFA, 0xFA, 0x3C, 0xF9, 0xC4, 0xB6, 0x62, 0xE7, 0xD2, 0x6D, 0xDA, 0x50, 0x6C, 0x4F, 0xA4,
    0x97, 0x82, 0x8F, 0xB6, 0x17, 0xC9, 0x3D, 0x72, 0x6F, 0xA0, 0xD0, 0xFF, 0xB6, 0xF3, 0xE5, 0x93,
    0xD7, 0x47, 0x40, 0xF1, 0xFB, 0x15, 0xC8, 0x3F, 0x5B, 0x80, 0x44, 0x06, 0x80, 0x12, 0x80, 0x03,
    0x36, 0x51, 0x89, 0x7C, 0x02, 0xA5, 0xDC, 0x93, 0x16, 0xB3, 0x52, 0x8C, 0xB0, 0x86, 0x04, 0x6B,
    0x28, 0x67, 0xD0, 0xB2, 0x0F, 0x9A, 0xFB, 0xA0, 0xD9, 0x18, 0xD4, 0x4E, 0xAA, 0xF3, 0x4E, 0xCD,
    0x97, 0xD4, 0x7E, 0x49, 0xD3, 0x71, 0x77, 0x9C, 0x62, 0x08, 0x5A, 0x39, 0x84, 0x44, 0x30, 0xC2,
    0xD5, 0x99, 0x52, 0x9E, 0x4A, 0x1F, 0xF2, 0xF3, 0x84, 0x5D, 0x18, 0x45, 0x9D, 0xED, 0xB0, 0x1B,
    0xF9, 0xB1, 0x07, 0x9A, 0x0F, 0x82, 0x96, 0xAA, 0xC5, 0x07, 0xBD, 0xAA, 0x53, 0xAD, 0xB9, 0xBA,
    0x14, 0x2D, 0x88, 0x3C, 0x6E, 0xB1, 0x63, 0x12, 0xAF, 0x0F, 0xCD, 0xB9, 0x5E, 0x1F, 0xAE, 0x9D,
    0x37, 0xBD, 0x4A, 0x64, 0x31, 0xF3, 0xF7, 0xE4, 0xF8, 0xE7, 0xE7, 0x45, 0xAF, 0xDE, 0xC0, 0x0B,
    0x2C, 0x02, 0x04, 0x4C, 0x10, 0xAA, 0xCD, 0xB6, 0x54, 0x04, 0xAE, 0x74, 0xFF, 0xAE, 0x2F, 0x95,
    0x99, 0x22, 0x53, 0x62, 0x0A, 0xEC, 0x9C, 0x06, 0x25, 0xE6, 0xF8, 0x18, 0xB0, 0x22, 0x35, 0x1A,
    0x3B, 0x72, 0x32, 0x73, 0x55, 0x8E, 0x3F, 0x8A, 0xC0, 0x4A, 0x94, 0x90, 0x0B, 0x6A, 0x95, 0x59,
    0x52, 0x07, 0x85, 0xAD, 0xBE, 0xA6, 0xFA, 0x06, 0x20, 0xC7, 0x6B, 0x50, 0x09, 0xBA, 0x72, 0x7D,
    0xBB, 0x5D, 0x75, 0xBB, 0x27, 0x44, 0x3D, 0x50, 0xBD, 0xA6, 0x7A, 0xA8, 0x3A, 0x22, 0x60, 0x7C,
    0xC0, 0x52, 0xF4, 0x57, 0xE5, 0xF3, 0x7B, 0xE2, 0x42, 0x7E, 0xA4, 0x4E, 0x8E, 0x8F, 0xEB, 0x38,
    0x90, 0xDB, 0x46, 0xA8, 0x6F, 0x40, 0xC4, 0x61, 0x87, 0xCC, 0x93, 0x3B, 0x3B, 0x51, 0xD4, 0xC9,
    0x4C, 0xC9, 0x89, 0x54, 0xA4, 0x13, 0x15, 0x4D, 0x4B, 0x95, 0x7D, 0x02, 0xD5, 0x0A, 0x54, 0xDA,
    0x1E, 0x1D, 0x90, 0xF7, 0x58, 0x52, 0xCF, 0x1B, 0x98, 0x85, 0x23, 0x68, 0x1E, 0x7B, 0xC8, 0xB4,
    0x83, 0xAC, 0xBF, 0x15, 0x87, 0x5C, 0x35, 0xD8, 0xA1, 0x04, 0x58, 0x17, 0x80, 0x72, 0xE0, 0x32,
    0x80, 0xAA, 0x4D, 0x1D, 0x78, 0x38, 0x12, 0x1F, 0x8A, 0xD0, 0xAD, 0x40, 0x31, 0x72, 0xC1, 0xDC,
    0xB6, 0x7D, 0x41, 0x31, 0x28, 0x2B, 0xBF, 0x4B, 0x67, 0xED, 0x65, 0xE0, 0x46, 0xDA, 0x03, 0xB9,
    0xDF, 0xD0, 0xD2, 0x54, 0xDA, 0x5F, 0x34, 0xB7, 0x57, 0x9B, 0x09, 0xE4, 0x2D, 0xA0, 0xC7, 0x84,
    0x43, 0xD5, 0xA3, 0xBD, 0x74, 0xC5, 0x0F, 0x81, 0x5C, 0x06, 0xC0, 0x48, 0x7D, 0xAE, 0x80, 0x24,
    0x00, 0x92, 0x1A, 0xF2, 0x1A, 0xB8, 0xB1, 0x3D, 0xF5, 0x83, 0x6D, 0xEA, 0x26, 0x1F, 0x42, 0x21,
    0x3D, 0x98, 0x00, 0xD2, 0xF6, 0x05, 0x90, 0x4E, 0x4D, 0x0B, 0x76, 0xD1, 0xDC, 0x37, 0x13, 0x28,
    0x46, 0x20, 0x79, 0xC5, 0x1B, 0xA0, 0x19, 0xB2, 0x36, 0x8E, 0xB7, 0xED, 0xDA, 0xB5, 0x50, 0x4D,
    0x2F, 0xAD, 0x01, 0xAA, 0x60, 0x07, 0xD8, 0x8E, 0xD6, 0x12, 0x69, 0x1C, 0x60, 0x96, 0xB2, 0x07,
    0x18, 0x53, 0x07, 0x67, 0x8E, 0xDF, 0x88, 0x03, 0xB8, 0x38, 0x82, 0x23, 0x0E, 0xE1, 0x48, 0x67,
    0x3D, 0x6B, 0x1C, 0xC4, 0x51, 0xEA, 0x28, 0x8E, 0xCA, 0x6D, 0x2D, 0xAD, 0x43, 0x36, 0x01, 0xBA,
    0x68, 0x52, 0x47, 0x6B, 0xC9, 0x44, 0x82, 0x5D, 0x91, 0x55, 0xFF, 0x56, 0x4C, 0x74, 0x0E, 0xB2,
    0x89, 0xC6, 0xA1, 0x05, 0xEC, 0xD5, 0x4A, 0xAF, 0x96, 0x8F, 0x90, 0x7A, 0x3D, 0x5F, 0x36, 0x60,
    0x04, 0x72, 0x17, 0xF2, 0xC2, 0xA3, 0x5D, 0xCE, 0xB8, 0xB7, 0x2B, 0xA5, 0xF1, 0x40, 0xA1, 0x35,
    0xD8, 0xF4, 0x24, 0x6B, 0x3E, 0xC0, 0x64, 0xF7, 0x20, 0xD7, 0x14, 0x93, 0x75, 0x89, 0x74, 0x3F,
    0x71, 0xD6, 0xA7, 0x52, 0xE7, 0xBD, 0x59, 0x42, 0x51, 0x66, 0x8A, 0x96, 0x65, 0x4F, 0x72, 0x97,
    0xCC, 0x64, 0xBD, 0x99, 0x30, 0x53, 0xE6, 0x49, 0x3B, 0x69, 0x79, 0xFD, 0xCA, 0x4F, 0xA1, 0x00,
    0xC8, 0xE5, 0xF3, 0x9A, 0x54, 0x64, 0x24, 0xBB, 0x27, 0x0B, 0x6F, 0x06, 0x30, 0x37, 0xA0, 0x8A,
    0x52, 0xC1, 0x4D, 0x8A, 0x36, 0x99, 0x49, 0xA5, 0xF3, 0x0A, 0x72, 0x7B, 0x03, 0x26, 0xF1, 0x56,
    0x51, 0x4F, 0x99, 0x5A, 0xD3, 0x01, 0x5A, 0xFE, 0xCB, 0xCE, 0x5F, 0x8B, 0x37, 0x06, 0xD6, 0x0F,
    0x53, 0x07, 0x55, 0x57, 0x43, 0xF6, 0x84, 0x57, 0x02, 0xBD, 0x19, 0x22, 0xE5, 0x51, 0x2D, 0x9F,
    0xF6, 0x5F, 0x99, 0xE1, 0xD2, 0xA3, 0x4F, 0x06, 0xD0, 0x1D, 0xC9, 0x66, 0x4D, 0xE9, 0xB6, 0x57,
    0x03, 0xFD, 0xA5, 0x22, 0x79, 0x3A, 0x8C, 0x53, 0xCB, 0xFC, 0xBE, 0xD9, 0x68, 0xA6, 0x57, 0xB3,
    0xAD, 0xDA, 0xB7, 0xD9, 0xC5, 0x3B, 0x00, 0x03, 0x60, 0xFB, 0x20, 0x3E, 0xC8, 0xB4, 0xE9, 0x9C,
    0xA8, 0xFF, 0xD8, 0x55, 0xB2, 0x8D, 0x23, 0xD5, 0x54, 0x5A, 0x80, 0xEA, 0xF1, 0xA4, 0xF6, 0xC1,
    0x0C, 0x70, 0x9D, 0xFB, 0x9C, 0x8A, 0x4A, 0xA6, 0xB0, 0x96, 0x32, 0x72, 0xB2, 0x1A, 0xA9, 0x09,
    0xAB, 0x00, 0x02, 0x2B, 0xB0, 0x3E, 0x8F, 0xC9, 0xF1, 0xF1, 0x71, 0xB0, 0x93, 0x88, 0x1B, 0x79,
    0x11, 0x8B, 0x67, 0xFF, 0x22, 0x2F, 0x5F, 0xE4, 0xEC, 0x8B, 0x7C, 0x12, 0xE3, 0xFD, 0x5D, 0x11,
    0xAB, 0x4F, 0xE7, 0xA0, 0xBF, 0x0A, 0x7A, 0x9D, 0x07, 0x9C, 0x8A, 0xB7, 0x54, 0x27, 0x80, 0x42,
    0xB5, 0x52, 0x4D, 0x55, 0xCD, 0x57, 0x6A, 0x31, 0x06, 0x5D, 0x05, 0xCC, 0xD3, 0xB6, 0xD4, 0x0F,
    0xA3, 0xB9, 0xC3, 0xCC, 0xAA, 0xD3, 0xF3, 0x6B, 0x8F, 0x9D, 0x29, 0x06, 0x1A, 0xF9, 0x67, 0x59,
    0x55, 0xE5, 0x4C, 0xF4, 0x9C, 0x89, 0xFE, 0x4F, 0x03, 0x57, 0xF9, 0xB0, 0x94, 0x10, 0xFE, 0x8F,
    0x8B, 0x7E, 0x0F, 0xE8, 0xD5, 0xAF, 0x00, 0x5A, 0xCA, 0xAC, 0xF7, 0xE5, 0x7F, 0xF6, 0x92, 0x81,
    0xE6, 0xFD, 0x61, 0x35, 0x1E, 0x1E, 0x1D, 0x1E, 0xDE, 0x29, 0xE6, 0xC3, 0xD4, 0x6F, 0x1B, 0x78,
    0xA4, 0x8B, 0xF0, 0x42, 0x8B, 0x92, 0x50, 0x0A, 0x79, 0xFF, 0x76, 0x35, 0x5E, 0x3B, 0x3C, 0xBC,
    0x71, 0xB8, 0x3D, 0x7E, 0x02, 0x6F, 0xC0, 0x23, 0xB2, 0x35, 0x2C, 0xAC, 0x21, 0xFD, 0x95, 0x8B,
    0x50, 0xC8, 0x78, 0xB2, 0xFC, 0xDD, 0xF1, 0xDD, 0x4E, 0x06, 0x34, 0x44, 0x86, 0x4E, 0xFA, 0x6C,
    0xC1, 0xCE, 0x2F, 0xB8, 0x64, 0x0B, 0x9D, 0xF4, 0x22, 0xC3, 0xEE, 0xB0, 0x07, 0xF0, 0x6E, 0xA0,
    0x54, 0xEA, 0x62, 0x27, 0xCC, 0x57, 0x2F, 0x76, 0xA6, 0x91, 0xFE, 0x64, 0xB9, 0xC5, 0xAD, 0xC9,
    0xF8, 0x23, 0xDB, 0x97, 0xD2, 0xA6, 0x0B, 0xE7, 0x9E, 0xBD, 0x5B, 0xDC, 0x7D, 0xB0, 0x7F, 0xFC,
    0x17, 0xCD, 0xE7, 0x39, 0x65, 0x69, 0x10, 0xF1, 0x4C, 0x98, 0x01, 0xEB, 0x36, 0x8B, 0x4F, 0x11,
    0xA1, 0x1C, 0x39, 0x8A, 0xF5, 0x1E, 0x94, 0xA3, 0x17, 0xCE, 0xEA, 0xC0, 0x88, 0xED, 0x49, 0x5D,
    0x5C, 0xB0, 0xC3, 0x6B, 0x89, 0xAC, 0x94, 0x9F, 0x24, 0x3E, 0xEC, 0x93, 0x2E, 0x41, 0x13, 0x7F,
    0xFE, 0xA8, 0x5F, 0x18, 0x6C, 0x22, 0xE2, 0x3A, 0xE9, 0xE9, 0xA4, 0xCD, 0x16, 0xC8, 0xF5, 0xB0,
    0x64, 0xA3, 0x5A, 0x7A, 0xD1, 0xF6, 0x43, 0x35, 0xEB, 0xD3, 0x80, 0x27, 0x8B, 0x96, 0xFA, 0xCC,
    0x93, 0x2D, 0x76, 0xCA, 0xFB, 0x58, 0xB8, 0x36, 0x80, 0x2A, 0x9E, 0x00, 0x23, 0x6F, 0x6A, 0xE6,
    0x43, 0x6B, 0xEA, 0x9C, 0xA6, 0x74, 0x5B, 0x8C, 0x03, 0x92, 0x00, 0x21, 0x55, 0x0C, 0x94, 0x93,
    0x91, 0x13, 0xB1, 0x12, 0x60, 0x74, 0x61, 0x5B, 0xF5, 0x8D, 0xC5, 0xCE, 0x54, 0x01, 0x51, 0x14,
    0x80, 0x0A, 0x92, 0x20, 0x39, 0x37, 0x21, 0xAF, 0x6F, 0x40, 0xE6, 0x1E, 0x82, 0x7D, 0xEA, 0x81,
    0xAE, 0xDD, 0x5D, 0xA4, 0x8C, 0xF4, 0x94, 0x9F, 0xCE, 0x7A, 0x79, 0xDA, 0xBF, 0x38, 0x95, 0x32,
    0x53, 0xC8, 0x44, 0x22, 0x2D, 0x48, 0x0D, 0x1D, 0x2F, 0xB2, 0x66, 0x74, 0x34, 0x74, 0x08, 0x1D,
    0x1D, 0x2B, 0xD5, 0xF7, 0x67, 0x72, 0x19, 0x31, 0xD2, 0xEE, 0xA6, 0x55, 0x32, 0xA9, 0xE9, 0x4E,
    0x4F, 0xAB, 0x1C, 0x10, 0xE0, 0x90, 0x4C, 0x50, 0x4C, 0x50, 0x4D, 0x04, 0x30, 0x98, 0xE7, 0x59,
    0xC7, 0xED, 0x7A, 0xC7, 0x78, 0x26, 0xEB, 0x79, 0x3F, 0xED, 0x29, 0xA5, 0x25, 0x5D, 0xB4, 0xDF,
    0xB5, 0x32, 0xEB, 0x95, 0xAD, 0x9B, 0xF4, 0x8A, 0x52, 0xB5, 0x20, 0xF0, 0x23, 0x40, 0xF4, 0xCC,
    0xAC, 0xA4, 0x83, 0x5A, 0xEE, 0xD4, 0x2A, 0xD4, 0x66, 0x35, 0xEB, 0xD5, 0xF2, 0x68, 0xE5, 0xAC,
    0xF6, 0xF1, 0x02, 0x20, 0xBE, 0x53, 0x73, 0x95, 0x0B, 0x46, 0x3E, 0xC4, 0x83, 0x8D, 0x6A, 0x66,
    0x56, 0x43, 0xA2, 0x35, 0xAD, 0x5A, 0xD9, 0x83, 0x40, 0xEE, 0x35, 0x2F, 0xB9, 0xE6, 0x2C, 0xCC,
    0x9E, 0x56, 0x32, 0x9D, 0xF9, 0xD8, 0xC1, 0x00, 0x28, 0x14, 0xB5, 0x59, 0x8D, 0x29, 0x9A, 0x57,
    0x35, 0x2E, 0xDA, 0x16, 0x28, 0x77, 0x88, 0x68, 0x28, 0xB7, 0x62, 0x83, 0x98, 0x33, 0xC5, 0x8A,
    0x37, 0x93, 0x91, 0xC1, 0x4C, 0x1C, 0x61, 0xA6, 0x64, 0x38, 0x91, 0xAC, 0x3D, 0x91, 0xEB, 0x9C,
    0xC8, 0x7D, 0x30, 0x4F, 0x03, 0x5E, 0x59, 0xC0, 0xCC, 0x55, 0x8D, 0x99, 0xF2, 0x3E, 0xBC, 0x6D,
    0x3C, 0x11, 0x96, 0x20, 0x3A, 0xED, 0x92, 0x0F, 0x8D, 0xB4, 0xDD, 0xDC, 0x88, 0x93, 0x85, 0xBD,
    0xB8, 0x06, 0xD0, 0xA8, 0xD4, 0x40, 0x09, 0xF0, 0x26, 0xB1, 0xDE, 0xE1, 0x07, 0xD0, 0xC8, 0xAF,
    0x64, 0xBC, 0x2D, 0x7F, 0xDF, 0x0D, 0x76, 0xE6, 0x06, 0x66, 0xC2, 0x9F, 0x48, 0xEA, 0x4E, 0xA4,
    0xE0, 0x44, 0xEE, 0x80, 0xF9, 0x7C, 0x9B, 0x83, 0xE5, 0x1B, 0xE6, 0x20, 0x55, 0x2A, 0x79, 0x0F,
    0x50, 0x68, 0xBA, 0xAA, 0x01, 0x3E, 0x06, 0x48, 0x86, 0xB3, 0xC6, 0x9F, 0x50, 0xCA, 0x4F, 0xD9,
    0x4E, 0xEC, 0x5F, 0x94, 0xDE, 0x52, 0xF5, 0x41, 0x4D, 0x1F, 0x34, 0x73, 0x08, 0x94, 0xB5, 0x91,
    0x93, 0x85, 0x52, 0x3E, 0x97, 0x25, 0xDE, 0x65, 0xDA, 0xD4, 0x68, 0x5E, 0x53, 0xEA, 0x54, 0xC6,
    0x23, 0x92, 0x09, 0xEB, 0x9E, 0xFB, 0x4A, 0xF0, 0x4D, 0xBA, 0xDD, 0x57, 0x9A, 0x40, 0x0C, 0x72,
    0xD5, 0xCA, 0xED, 0x34, 0x57, 0xCD, 0x00, 0xF8, 0xAE, 0xEA, 0x9F, 0x5F, 0x04, 0x1C, 0x62, 0x78,
    0xAC, 0x6E, 0x64, 0x02, 0x4F, 0xD2, 0x63, 0xE0, 0x14, 0xB7, 0xC4, 0xC3, 0x8A, 0xDD, 0xD7, 0x41,
    0xD5, 0xA9, 0xB6, 0x2F, 0x93, 0xDB, 0xB6, 0x7F, 0x35, 0x13, 0x94, 0xBA, 0xE6, 0xB5, 0x9D, 0xCA,
    0xDA, 0x4C, 0x45, 0x58, 0xF5, 0x7F, 0xDC, 0x4C, 0x6F, 0xEB, 0xDF, 0x5F, 0x64, 0xB5, 0x33, 0x01,
    0x90, 0xAE, 0x2F, 0xDC, 0x7E, 0x4C, 0x1F, 0x34, 0x1B, 0x83, 0xE6, 0xF3, 0x2E, 0x6D, 0xFA, 0x8B,
    0xE3, 0xF0, 0x8D, 0xAE, 0x33, 0x49, 0x6F, 0xA6, 0x6C, 0x34, 0x53, 0x3E, 0x47, 0x37, 0xFD, 0xC5,
    0x70, 0x30, 0x0E, 0x90, 0x4E, 0x75, 0x05, 0xAE, 0xC8, 0x5D, 0xA0, 0x09, 0x49, 0x1E, 0xA9, 0xDE,
    0x3A, 0xFB, 0xBD, 0xF5, 0x8B, 0x70, 0x78, 0x9B, 0x64, 0xA6, 0x98, 0x29, 0x67, 0x1D, 0xF6, 0x3D,
    0xB3, 0xBC, 0x97, 0xC8, 0x68, 0xC4, 0xDF, 0x5E, 0x91, 0x99, 0xFF, 0xD2, 0x8D, 0x67, 0x2E, 0x76,
    0xA1, 0x0C, 0x3D, 0xC6, 0x00, 0x98, 0x20, 0x60, 0xBD, 0x5A, 0x36, 0xB0, 0xEB, 0x71, 0xA9, 0x54,
    0xB9, 0xCF, 0xE9, 0x28, 0x67, 0xB0, 0x32, 0x17, 0x21, 0xE7, 0x32, 0x25, 0x52, 0x43, 0xD5, 0x22,
    0x3D, 0x14, 0x20, 0x1E, 0x72, 0x90, 0x59, 0xED, 0x3F, 0x57, 0x35, 0x2F, 0xB5, 0x5A, 0xE3, 0xD4,
    0x0A, 0xAF, 0x96, 0x4D, 0x6A, 0x76, 0x51, 0x43, 0xA2, 0x35, 0x4E, 0xAD, 0x1C, 0xD4, 0xF2, 0x49,
    0xCD, 0x2E, 0x6A, 0x89, 0xA8, 0xD1, 0xFC, 0x46, 0xAD, 0x14, 0xB5, 0x5C, 0xE2, 0x83, 0x31, 0xA2,
    0x55, 0x99, 0x04, 0x76, 0x2D, 0x74, 0x54, 0xE2, 0xA0, 0xDC, 0x3E, 0x9F, 0x91, 0x7A, 0x80, 0x7C,
    0xD8, 0x15, 0xF1, 0x26, 0x00, 0x23, 0xA7, 0xE2, 0xCF, 0x8A, 0x11, 0xAE, 0xCC, 0xAB, 0x40, 0xF5,
    0xB4, 0xAD, 0x5A, 0xB2, 0x0B, 0xF8, 0x9C, 0x79, 0xE9, 0x20, 0x9E, 0x8A, 0x6B, 0xD1, 0x1A, 0xA2,
    0xD5, 0x6A, 0xA5, 0x2A, 0x6F, 0x46, 0x7B, 0x37, 0xDA, 0x87, 0x2F, 0x99, 0xEC, 0x59, 0xF9, 0x6C,
    0xF6, 0x72, 0x59, 0xEE, 0xE5, 0x31, 0x66, 0xF1, 0x07, 0xAA, 0xF1, 0xF1, 0x0C, 0xCA, 0xDF, 0x2E,
    0x00, 0xC5, 0x67, 0x33, 0xC4, 0xC1, 0xF7, 0xAE, 0xA9, 0x70, 0x70, 0x79, 0xFF, 0x0B, 0x0A, 0x1E,
    0x02, 0xE5, 0x2F, 0xE7, 0xA0, 0x5A, 0xB8, 0x58, 0x36, 0x6E, 0xFE, 0x51, 0xDA, 0x7F, 0xAC, 0x97,
    0x2E, 0xEA, 0x5E, 0xBD, 0x7C, 0x77, 0xAF, 0x5E, 0xEE, 0x26, 0xBF, 0x90, 0x16, 0x6E, 0xFF, 0xE6,
    0xB1, 0xC7, 0xCA, 0x03, 0x33, 0x41, 0x37, 0x30, 0x43, 0xE9, 0x82, 0x16, 0xED, 0xF3, 0x69, 0xD9,
    0xB2, 0x40, 0xE5, 0x92, 0x15, 0x2B, 0x4B, 0x2E, 0x43, 0x2A, 0x4B, 0x21, 0xFE, 0x65, 0x56, 0x64,
    0xF6, 0x4C, 0x45, 0xF2, 0x1C, 0x15, 0xD9, 0xC4, 0x8A, 0xAC, 0x00, 0x9E, 0xB5, 0xD7, 0x62, 0x0D,
    0x96, 0xBC, 0x0F, 0x90, 0xB7, 0x33, 0x40, 0x2A, 0x63, 0x44, 0xDB, 0xEE, 0x55, 0xAA, 0xD6, 0xA9,
    0x56, 0xA9, 0xD6, 0xA8, 0x99, 0x83, 0x4C, 0xCF, 0x21, 0x36, 0xBC, 0xA3, 0x91, 0xFE, 0x0B, 0x01,
    0x36, 0x62, 0xDC, 0x89, 0xA4, 0xAE, 0x68, 0xB1, 0x43, 0x05, 0xC9, 0xBA, 0x00, 0xE5, 0x00, 0xC4,
    0xA7, 0xB2, 0x11, 0x39, 0x73, 0x1A, 0x11, 0x20, 0x5B, 0xC5, 0x03, 0x55, 0x7D, 0x65, 0x85, 0x64,
    0x82, 0xA6, 0xC5, 0x06, 0x1E, 0x83, 0x1E, 0x3E, 0x1F, 0x29, 0x5A, 0x02, 0x8C, 0xAA, 0x06, 0xB3,
    0x52, 0xA1, 0x58, 0x3A, 0x00, 0xA9, 0xA3, 0xB5, 0x02, 0xD0, 0x45, 0x6B, 0x5A, 0xA9, 0xD5, 0xBA,
    0x56, 0xAD, 0x71, 0xC1, 0xEA, 0x4A, 0x8D, 0x6A, 0x00, 0x3A, 0x72, 0x0F, 0x2C, 0x64, 0x93, 0x9E,
    0xD3, 0x2E, 0xE8, 0x39, 0x43, 0xCD, 0x3A, 0x3D, 0x75, 0xA3, 0x14, 0x1F, 0x8F, 0x31, 0x9F, 0xB5,
    0x96, 0xE4, 0x2E, 0x88, 0xF4, 0xA7, 0x1E, 0x1C, 0x86, 0x47, 0xD2, 0x63, 0xFB, 0x7C, 0x22, 0x6B,
    0x8D, 0xD6, 0xBE, 0x50, 0xEA, 0x09, 0xA1, 0x72, 0x15, 0x14, 0x41, 0x72, 0x57, 0xD5, 0x41, 0x1C,
    0x99, 0x2B, 0x7A, 0xF2, 0x36, 0xF7, 0xE4, 0xA4, 0x13, 0x6F, 0x62, 0x44, 0xA7, 0x65, 0x9F, 0x0E,
    0x90, 0x3D, 0x3B, 0x1F, 0xD8, 0x9F, 0x3D, 0x1F, 0x78, 0xA9, 0x41, 0x6E, 0xE7, 0x03, 0x87, 0xCD,
    0x7C, 0xA0, 0xB4, 0x90, 0x2D, 0x5C, 0x3C, 0xD7, 0x22, 0xF1, 0x00, 0x95, 0xDD, 0xB7, 0x1B, 0x76,
    0x00, 0x38, 0xB4, 0x4A, 0xF9, 0x1D, 0xDB, 0xA2, 0x71, 0xE9, 0x29, 0x6B, 0x61, 0xCB, 0xBF, 0x1C,
    0xA1, 0x34, 0x9E, 0x28, 0xD7, 0x4C, 0xBF, 0x2D, 0xE9, 0x4B, 0xE0, 0x7D, 0x5B, 0x42, 0x4C, 0xCA,
    0x4C, 0xE4, 0xF8, 0xA3, 0x45, 0xB1, 0xC9, 0x0A, 0x55, 0x24, 0xB7, 0x42, 0xDE, 0x2A, 0xBC, 0x15,
    0xAC, 0x53, 0x7E, 0x81, 0x6A, 0xAD, 0x08, 0x57, 0x60, 0x43, 0x11, 0x22, 0xC8, 0x95, 0xD7, 0x89,
    0x2C, 0x57, 0xDE, 0x88, 0xA9, 0xF8, 0x60, 0x46, 0x24, 0x2A, 0x9B, 0xD4, 0x8F, 0xB8, 0xA9, 0x78,
    0x42, 0x2A, 0xEC, 0xD7, 0x6E, 0x52, 0x4A, 0x57, 0x53, 0x55, 0x4C, 0x41, 0x64, 0xFC, 0x08, 0x38,
    0x50, 0xCC, 0x2B, 0x70, 0xA8, 0xA4, 0x43, 0xEA, 0x48, 0x61, 0x87, 0x94, 0x57, 0xDE, 0x02, 0x76,
    0x50, 0xE4, 0x52, 0x53, 0xB8, 0x40, 0x5D, 0xC2, 0xC3, 0x1C, 0xED, 0xA6, 0xBC, 0x02, 0x57, 0x17,
    0xB2, 0x25, 0x12, 0xED, 0x3A, 0x17, 0xA0, 0xFE, 0xB7, 0x4F, 0x7D, 0xE0, 0x2A, 0xDA, 0x93, 0x82,
    0xB4, 0xCC, 0x91, 0x2E, 0x0B, 0x01, 0x70, 0x6D, 0xE6, 0xE0, 0x05, 0x65, 0x1B, 0x3C, 0xFF, 0xEB,
    0x11, 0x02, 0xE9, 0x90, 0xAD, 0x00, 0xBB, 0x07, 0x02, 0x6F, 0x07, 0x04, 0xE4, 0x03, 0x36, 0x50,
    0x2F, 0x46, 0x5E, 0xC3, 0x08, 0xEF, 0xAF, 0x1C, 0x2A, 0xFB, 0xEA, 0xA9, 0x57, 0xFC, 0x57, 0xA4,
    0x7E, 0xD1, 0x01, 0x3E, 0x95, 0x04, 0x8E, 0x94, 0x72, 0x2C, 0x5E, 0xE9, 0xA7, 0xCB, 0x33, 0xB7,
    0xC3, 0x2A, 0xA7, 0x56, 0x7E, 0x61, 0xFD, 0x33, 0xE6, 0xF6, 0x77, 0x91, 0x1A, 0xE2, 0xDB, 0x91,
    0x8F, 0x64, 0x08, 0x26, 0xE2, 0x80, 0x95, 0xB2, 0x57, 0x8B, 0xC4, 0x49, 0x27, 0x35, 0x3B, 0x3F,
    0x73, 0xA2, 0xAE, 0xDE, 0x1E, 0x4C, 0xA0, 0x18, 0x30, 0x81, 0x79, 0x9C, 0xEB, 0x12, 0xA9, 0xF5,
    0xFE, 0xA0, 0xB4, 0x50, 0xA0, 0xB0, 0x68, 0x80, 0x05, 0xCC, 0x08, 0x69, 0xBB, 0x3F, 0xA2, 0x19,
    0xAE, 0xCC, 0x4F, 0xE7, 0xEA, 0x69, 0x3D, 0x67, 0x2B, 0x1F, 0x9B, 0x99, 0xD9, 0x4C, 0xDC, 0xFD,
    0xDA, 0x4F, 0xC8, 0x0B, 0x34, 0x12, 0x2A, 0xDA, 0x5F, 0x3E, 0x24, 0xCF, 0x46, 0x32, 0xA8, 0xD9,
    0x31, 0xDA, 0xA4, 0x96, 0x8C, 0x67, 0xDC, 0x8A, 0xBC, 0x72, 0x9E, 0xD4, 0xB6, 0xE1, 0xF5, 0xA4,
    0xB1, 0x2C, 0x53, 0x7C, 0x9D, 0xF4, 0x60, 0x5E, 0x60, 0xE0, 0x7D, 0xE9, 0xAA, 0x62, 0xB2, 0x3D,
    0x6B, 0x3E, 0x20, 0xCD, 0x80, 0x8E, 0x32, 0x3D, 0xE7, 0xCC, 0xF8, 0x01, 0x00, 0xF3, 0xAE, 0x6A,
    0x53, 0xBF, 0xBB, 0xBF, 0x76, 0x8D, 0x53, 0x61, 0xE4, 0x93, 0x3B, 0x50, 0x3E, 0x95, 0x87, 0xB0,
    0x92, 0x2D, 0x98, 0x19, 0x04, 0xAB, 0x1D, 0x4E, 0xD0, 0xDC, 0x05, 0xB5, 0x4E, 0xC7, 0x9F, 0xAD,
    0x11, 0x00, 0x14, 0x4F, 0xBC, 0x56, 0x93, 0x69, 0x05, 0xD0, 0xC8, 0x08, 0x24, 0x9D, 0x68, 0xBB,
    0x11, 0x77, 0x00, 0x54, 0xFE, 0x10, 0xC8, 0xC6, 0x4A, 0xF3, 0x52, 0xB4, 0x41, 0xF3, 0x01, 0xEC,
    0x18, 0x18, 0x5A, 0x6F, 0x04, 0xB2, 0x01, 0x19, 0x28, 0x5B, 0x3A, 0xF9, 0x74, 0x81, 0x1B, 0x99,
    0xDC, 0x05, 0x8A, 0x6D, 0x9F, 0xD4, 0x00, 0x2C, 0x9B, 0xE6, 0x9A, 0xB6, 0xEC, 0xC7, 0xED, 0xE9,
    0x43, 0xCC, 0x2A, 0x9E, 0xB4, 0x4F, 0x27, 0xF2, 0x96, 0x87, 0x41, 0xAE, 0x91, 0xF5, 0x1C, 0xC4,
    0x6E, 0x1A, 0x79, 0x02, 0x14, 0xF2, 0xC9, 0xF6, 0x92, 0xDD, 0xF1, 0x2E, 0x14, 0xED, 0x35, 0xC8,
    0xDB, 0xBC, 0x25, 0xAF, 0xD3, 0x91, 0x0A, 0x2B, 0xC7, 0x33, 0xC9, 0xBF, 0xE8, 0xC9, 0x13, 0x14,
    0x58, 0x0B, 0xD0, 0xE9, 0x59, 0x17, 0xD1, 0x72, 0x74, 0x35, 0xA4, 0x7D, 0x71, 0x39, 0x10, 0x9E,
    0xF5, 0x9C, 0x5B, 0x31, 0xC0, 0x98, 0xF6, 0x17, 0x8C, 0xF0, 0xD5, 0x42, 0xF2, 0x74, 0x87, 0xC4,
    0xB6, 0x00, 0xF9, 0x0A, 0xF0, 0xAD, 0xDB, 0x0E, 0xC0, 0x46, 0xED, 0x81, 0xEF, 0x58, 0xB7, 0x3B,
    0xFD, 0x72, 0xCE, 0x68, 0xFE, 0x69, 0x83, 0x86, 0x01, 0xB0, 0xD2, 0x42, 0xF2, 0xB7, 0x1E, 0x60,
    0x04, 0xB8, 0x0F, 0x07, 0x78, 0xC8, 0x03, 0x03, 0x23, 0xB1, 0x9D, 0xED, 0xDA, 0xDC, 0x22, 0xB1,
    0x2D, 0xEE, 0xDA, 0x65, 0xF2, 0xAA, 0xB7, 0xBF, 0xD1, 0xC6, 0x06, 0x17, 0x9B, 0x1E, 0xC5, 0xBA,
    0x7B, 0xB2, 0xE9, 0x22, 0x9B, 0x9E, 0x95, 0x93, 0x98, 0xC9, 0xE5, 0xD3, 0xB5, 0x13, 0x8A, 0xDE,
    0xCE, 0x34, 0xF5, 0x4D, 0x4E, 0x2C, 0x73, 0x0F, 0x82, 0x99, 0xE1, 0x87, 0xC1, 0xE8, 0x51, 0xE3,
    0x25, 0x5A, 0xB6, 0xA8, 0x75, 0x11, 0xBD, 0x88, 0x67, 0xDB, 0x26, 0xB5, 0x51, 0x6A, 0xAB, 0x6C,
    0xD5, 0xAD, 0x8B, 0xD6, 0xB3, 0x6D, 0x98, 0x5A, 0x57, 0xDB, 0xA3, 0x1C, 0xC0, 0x5B, 0x30, 0x91,
    0x6C, 0x96, 0x46, 0xD6, 0x72, 0xFD, 0x79, 0x9C, 0x20, 0x49, 0xBE, 0x66, 0xF9, 0x36, 0xB2, 0x50,
    0xF5, 0xBC, 0x0D, 0xCD, 0xC8, 0xFF, 0xFF, 0x18, 0xAE, 0x43, 0x41, 0x7D, 0x3D, 0x59, 0x67, 0x6E,
    0x0F, 0x6C, 0xA6, 0x75, 0x25, 0xF7, 0x6A, 0xF7, 0xF4, 0x95, 0x56, 0x21, 0x24, 0x23, 0xA7, 0xE3,
    0xF2, 0x41, 0x77, 0x90, 0xF5, 0x90, 0x39, 0x0E, 0x32, 0xC7, 0x5B, 0x59, 0xCD, 0x94, 0x07, 0x36,
    0x9B, 0x35, 0xE0, 0xE4, 0x84, 0xE7, 0x76, 0x72, 0x21, 0xF9, 0x66, 0xAB, 0xC2, 0x0D, 0x74, 0xA9,
    0xCE, 0xAD, 0x2D, 0xBE, 0xF6, 0xD1, 0x7A, 0x0C, 0xE4, 0x22, 0x72, 0xB1, 0x58, 0xBE, 0xBE, 0x4D,
    0x85, 0x67, 0xB0, 0x0A, 0x59, 0xCE, 0x68, 0x53, 0x73, 0x6C, 0x53, 0x77, 0xA1, 0x6C, 0xDF, 0x03,
    0x68, 0xB4, 0xE3, 0xE0, 0xFE, 0x9D, 0x23, 0xB5, 0x6A, 0x02, 0x78, 0x2F, 0x3B, 0x63, 0xBE, 0x76,
    0xA4, 0x12, 0x17, 0x1F, 0x0D, 0x6B, 0xAD, 0x10, 0x90, 0x27, 0x2B, 0xC4, 0xF9, 0x37, 0xB8, 0x30,
    0xD3, 0x33, 0x08, 0x18, 0x0F, 0x1D, 0xD8, 0x01, 0x9A, 0x96, 0xD4, 0xC5, 0x4F, 0xEF, 0x2D, 0xE4,
    0xCB, 0xF7, 0x3B, 0xC0, 0x88, 0x4C, 0x00, 0x7F, 0x21, 0x2D, 0xB1, 0x78, 0xB1, 0x70, 0xE3, 0x7B,
    0x47, 0x30, 0x56, 0xE3, 0xE9, 0x62, 0x35, 0x93, 0x15, 0xD7, 0x4C, 0x46, 0xF4, 0xB9, 0xFC, 0x78,
    0xB3, 0x2C, 0x79, 0x0E, 0xE9, 0x93, 0x99, 0x6A, 0x60, 0xE1, 0xF1, 0x42, 0xF5, 0xF8, 0x1F, 0x16,
    0xB2, 0x27, 0x7F, 0x42, 0x0C, 0xFD, 0x31, 0x00, 0x85, 0xE6, 0x2F, 0x3B, 0xC7, 0xED, 0xCF, 0x1A,
    0xBC, 0x1C, 0x70, 0xFA, 0xBD, 0x7F, 0x38, 0x62, 0x04, 0xE2, 0x77, 0xFF, 0x89, 0xDF, 0xFE, 0x07,
    0xB3, 0x72, 0xD9, 0x69, 0x6A, 0xF1, 0xB4, 0x70, 0x5A, 0xB4, 0x62, 0xFB, 0xB3, 0x06, 0x2F, 0x05,
    0x2E, 0x3F, 0x53, 0xB5, 0x52, 0x2B, 0xD5, 0xBF, 0x71, 0x6A, 0x76, 0xDF, 0xD2, 0xC7, 0x2D, 0x40,
    0xB2, 0x5C, 0x5E, 0xC6, 0x5A, 0xCA, 0x54, 0x6A, 0x2D, 0x61, 0x2C, 0x58, 0x94, 0x2C, 0x94, 0x2D,
    0x59, 0x5E, 0x02, 0xE8, 0xD4, 0x1D, 0x29, 0x53, 0x37, 0xEF, 0x5B, 0x3B, 0xA9, 0xE1, 0x01, 0xDE,
    0x60, 0x40, 0xE3, 0xD2, 0xB7, 0x69, 0x2D, 0xAC, 0x96, 0x31, 0x4A, 0x3D, 0x69, 0x21, 0x4F, 0x17,
    0xF1, 0x82, 0xA1, 0x5F, 0x36, 0x6A, 0xD8, 0xFE, 0x8C, 0xDF, 0xEA, 0xB8, 0xFE, 0xCC, 0xAB, 0xBC,
    0x7D, 0xEB, 0x99, 0x79, 0xA1, 0xBB, 0x44, 0x80, 0x28, 0x41, 0x14, 0x21, 0xCA, 0x90, 0xE4, 0x05,
    0xB4, 0x27, 0xD2, 0x8C, 0x38, 0x23, 0xCF, 0x13, 0xA0, 0x15, 0xFB, 0x3F, 0xDA, 0xB1, 0xD3, 0x51,
    0xF5, 0xE1, 0xDE, 0x8F, 0x76, 0xA4, 0x0B, 0xCF, 0x7E, 0xC6, 0xC9, 0xDC, 0xAE, 0xA2, 0xD5, 0xB6,
    0x5F, 0xED, 0xDB, 0x7E, 0xD5, 0x2F, 0x16, 0x3D, 0xAF, 0x39, 0x3B, 0x44, 0x7C, 0x2E, 0x6B, 0x38,
    0x7E, 0x27, 0x43, 0x26, 0x4F, 0x42, 0x65, 0xE6, 0x0B, 0x89, 0xE8, 0x5C, 0x66, 0x3A, 0x83, 0xD4,
    0x30, 0x61, 0x67, 0xA5, 0x9C, 0x78, 0x8C, 0xCE, 0x0F, 0x2A, 0x7D, 0xBD, 0x65, 0xA4, 0x60, 0x05,
    0xAA, 0x41, 0xEB, 0xA0, 0xA9, 0xA9, 0x3C, 0x59, 0xAB, 0x3B, 0x75, 0x23, 0x79, 0x0D, 0xA5, 0xE3,
    0xB3, 0x59, 0x21, 0x17, 0x03, 0xFF, 0x31, 0x2B, 0xF5, 0xDC, 0x9B, 0xDF, 0xAF, 0xDC, 0x00, 0x32,
    0x6F, 0x7B, 0xE1, 0x08, 0xB0, 0x53, 0xEA, 0xBA, 0x3A, 0x90, 0xB0, 0x73, 0xD6, 0x56, 0xAD, 0x07,
    0x92, 0x25, 0xA7, 0xFA, 0x85, 0x12, 0x59, 0x0B, 0x8A, 0xDF, 0xF6, 0x00, 0xDD, 0x35, 0xF2, 0x3F,
    0x38, 0x80, 0xE6, 0x88, 0xEC, 0x33, 0x4D, 0x55, 0x73, 0xEC, 0x84, 0xA0, 0x1C, 0xB1, 0x02, 0x40,
    0xE1, 0x37, 0xBD, 0x7D, 0xAE, 0xD8, 0x15, 0x4B, 0x0F, 0x33, 0xCF, 0x44, 0x51, 0x47, 0xEF, 0x46,
    0xB5, 0xEC, 0x73, 0x51, 0xCF, 0x7D, 0xF4, 0xAC, 0xBD, 0x7E, 0x16, 0xB9, 0x39, 0x91, 0xD1, 0x8A,
    0xEB, 0x26, 0xBA, 0xC1, 0x48, 0x9B, 0xEB, 0x47, 0xBD, 0x23, 0xB2, 0x13, 0x77, 0xDC, 0xC7, 0xFA,
    0x40, 0xC0, 0x63, 0x27, 0x9A, 0x21, 0xD1, 0xBA, 0xFF, 0xCC, 0x1B, 0x07, 0x0B, 0x7F, 0x18, 0x6D,
    0x0B, 0x8F, 0xCC, 0x2F, 0xE6, 0xB4, 0x86, 0xCA, 0xBA, 0x39, 0x07, 0xCA, 0x9F, 0xD4, 0x8F, 0x5E,
    0x07, 0x8A, 0x5F, 0xD3, 0xBC, 0x0D, 0xE4, 0xFF, 0x46, 0x75, 0x07, 0xC8, 0x66, 0x8A, 0x51, 0x99,
    0x90, 0x7B, 0xC0, 0x8C, 0xE1, 0x1C, 0x80, 0xC7, 0x3A, 0xF6, 0xE2, 0x06, 0x7B, 0x37, 0x05, 0xCB,
    0xA7, 0xB3, 0x52, 0xF9, 0xA5, 0xDA, 0x9B, 0x3C, 0xE0, 0x54, 0x74, 0x32, 0x87, 0x6A, 0x6F, 0x64,
    0xA2, 0x14, 0x97, 0x4A, 0xAB, 0xFF, 0xC0, 0x52, 0x63, 0x07, 0xE8, 0x9C, 0x56, 0x66, 0xD5, 0x93,
    0x2B, 0x08, 0xAD, 0xB2, 0x6C, 0xE2, 0x50, 0x5B, 0x18, 0xF7, 0x01, 0x24, 0xF1, 0x00, 0xCD, 0x07,
    0x0E, 0xA0, 0xFC, 0xD7, 0x56, 0x99, 0x09, 0xEC, 0x5A, 0xAA, 0x9D, 0xD5, 0xCC, 0xD7, 0x9B, 0x7D,
    0xC6, 0xD2, 0x55, 0xAD, 0x91, 0x21, 0xE6, 0xD4, 0xB3, 0x89, 0xF7, 0x81, 0x90, 0x57, 0xAA, 0x4F,
    0x27, 0xFD, 0x36, 0xCA, 0xE9, 0x2F, 0xA3, 0x74, 0x4B, 0x22, 0xBE, 0x5B, 0xE8, 0x86, 0xDC, 0x53,
    0x92, 0x7A, 0x6E, 0x60, 0x43, 0xC6, 0x93, 0x39, 0x64, 0x7B, 0xC1, 0x43, 0x63, 0x7A, 0xA8, 0xFE,
    0xCA, 0x41, 0xF9, 0xEB, 0x1A, 0xF2, 0xDF, 0x01, 0xD9, 0xA2, 0xA7, 0x57, 0xBE, 0x41, 0xFC, 0xA6,
    0xCB, 0xC8, 0x1C, 0x68, 0x2B, 0xA6, 0xDC, 0x42, 0x7E, 0x08, 0x30, 0x02, 0x11, 0xC1, 0x2D, 0x00,
    0xAE, 0xC5, 0xBF, 0x49, 0x2D, 0x6A, 0x3F, 0x96, 0x7A, 0xFB, 0x4A, 0xFF, 0x76, 0xE9, 0xF9, 0x5B,
    0xB7, 0x3F, 0x41, 0x92, 0xF7, 0x6A, 0x65, 0xBB, 0xAD, 0x17, 0xC0, 0x9F, 0xD5, 0xC3, 0x88, 0x2C,
    0x24, 0x72, 0x7C, 0xDC, 0x4D, 0x58, 0xCF, 0xA6, 0x7B, 0x10, 0xC7, 0x1B, 0x60, 0xA4, 0xE6, 0x60,
    0x9B, 0xDF, 0x7C, 0x52, 0xAB, 0xBC, 0x9A, 0x38, 0x88, 0x7B, 0x68, 0x96, 0xFE, 0xB7, 0x7B, 0x5C,
    0x89, 0x7B, 0xE4, 0xE4, 0xB3, 0x66, 0x38, 0xEC, 0x91, 0xCE, 0x34, 0x9F, 0x1F, 0xDF, 0x93, 0x91,
    0x46, 0x44, 0xB4, 0xB8, 0x69, 0x0B, 0xE4, 0x0E, 0x28, 0x83, 0x54, 0x35, 0xF0, 0xA5, 0x6F, 0x04,
    0x62, 0x44, 0xA4, 0xB5, 0x27, 0x42, 0x5E, 0x9B, 0x99, 0xB7, 0x49, 0x3D, 0xEF, 0x50, 0xF4, 0x9B,
    0x77, 0xAC, 0x80, 0x9D, 0x80, 0xCC, 0x6F, 0x8E, 0xD4, 0x00, 0xC9, 0x0C, 0xD8, 0x11, 0xFA, 0xBC,
    0xC7, 0xBA, 0xAA, 0xA5, 0xA8, 0x3B, 0x11, 0xE1, 0x44, 0xE6, 0x3D, 0x8E, 0xA2, 0x9A, 0x48, 0xAD,
    0x2E, 0x44, 0xC6, 0x97, 0x1F, 0xEE, 0x03, 0x20, 0x59, 0xF5, 0x4D, 0x31, 0xA5, 0xDB, 0x2E, 0x9E,
    0x6B, 0xEC, 0x23, 0x62, 0x7F, 0x41, 0xEC, 0x3B, 0xC0, 0x4A, 0xFB, 0x7F, 0x84, 0xEB, 0x8D, 0xC4,
    0x43, 0xF3, 0x93, 0x09, 0xAA, 0xDF, 0x8D, 0xDA, 0x41, 0x6E, 0x3A, 0xA9, 0xEF, 0x5C, 0x28, 0x57,
    0xB3, 0x42, 0x91, 0x39, 0x7D, 0x3C, 0xE0, 0xC8, 0x0E, 0xCC, 0xE9, 0xC0, 0xF4, 0x5A, 0xCD, 0xDE,
    0x8D, 0x9F, 0xEA, 0xD4, 0xD3, 0xA8, 0xC9, 0x37, 0x5C, 0xED, 0x0C, 0xA5, 0xF4, 0x54, 0x32, 0xF0,
    0x3F, 0xE5, 0x99, 0x81, 0xC7, 0x26, 0x59, 0x76, 0xFF, 0x3F, 0x55, 0xB7, 0x7F, 0x6F, 0xF9, 0xA5,
    0x64, 0xEE, 0x60, 0xB1, 0xD2, 0x3B, 0x5D, 0x00, 0x91, 0x4C, 0x4F, 0x41, 0xD0, 0x78, 0xBB, 0xEB,
    0xEE, 0x06, 0x83, 0x20, 0xFB, 0x67, 0x44, 0x60, 0x06, 0x8B, 0x46, 0xCF, 0x54, 0x45, 0x48, 0x00,
    0x99, 0xFF, 0x20, 0x83, 0x41, 0xB6, 0x17, 0xDD, 0x68, 0x34, 0x7A, 0xBA, 0x6E, 0x12, 0x04, 0xC1,
    0x56, 0x82, 0x04, 0xB0, 0x85, 0x06, 0x19, 0xD2, 0x37, 0x52, 0xA8, 0xEE, 0xAE, 0xAA, 0x93, 0xB7,
    0xCE, 0xBD, 0xCA, 0xFB, 0x64, 0x26, 0xB3, 0x9B, 0xC9, 0x74, 0xEF, 0xBC, 0xF6, 0xA8, 0xE7, 0x7C,
    0xCF, 0xED, 0xE7, 0x39, 0x5D, 0xF7, 0x7C, 0xEF, 0x7D, 0xCF, 0x3D, 0xA7, 0x0A, 0x20, 0x73, 0x28,
    0x0C, 0x0A, 0x8C, 0x11, 0xC2, 0x01, 0x7C, 0x20, 0x7F, 0x1B, 0xA0, 0xDC, 0x44, 0x46, 0x68, 0x5C,
    0x21, 0x1D, 0xD9, 0x0C, 0x6D, 0x87, 0x09, 0x50, 0x8F, 0x58, 0x0F, 0x76, 0xA2, 0xEA, 0xC0, 0x2C,
    0x34, 0x0E, 0xF2, 0x8D, 0x06, 0xC8, 0x84, 0x1E, 0x40, 0x5C, 0x84, 0x4E, 0x00, 0xFA, 0x08, 0x6D,
    0x27, 0x4E, 0xA1, 0xEF, 0x14, 0x5A, 0xBF, 0x83, 0x6B, 0x14, 0x68, 0x46, 0xA0, 0xC7, 0x06, 0x60,
    0xA5, 0x9C, 0x21, 0x9B, 0x31, 0x2B, 0x7A, 0x4F, 0x71, 0x58, 0xAF, 0xB7, 0x6E, 0x81, 0x42, 0x9E,
    0x4F, 0x00, 0x1F, 0x6C, 0x29, 0x12, 0x97, 0xC2, 0x49, 0xC1, 0x84, 0xA8, 0xAE, 0xCB, 0x9F, 0x05,
    0x9E, 0x8A, 0x8C, 0x66, 0xB0, 0xD2, 0x95, 0x5D, 0xBE, 0x62, 0x41, 0xA8, 0xF5, 0xAE, 0xD0, 0xF8,
    0x06, 0xAA, 0x5D, 0x59, 0xDF, 0xB8, 0x5D, 0x79, 0x4A, 0x5F, 0x0D, 0xD8, 0xCE, 0x06, 0x2C, 0xC5,
    0xCC, 0x0D, 0x72, 0xE1, 0x1E, 0xB4, 0xAF, 0x46, 0x28, 0xD3, 0xED, 0xE0, 0xFF, 0x25, 0x2C, 0x5D,
    0xC4, 0xA2, 0x8B, 0x68, 0x3C, 0x09, 0x1B, 0x99, 0x68, 0xB6, 0xF7, 0x7D, 0x7D, 0x81, 0xB5, 0x88,
    0x33, 0x02, 0xE6, 0x3F, 0x36, 0xB2, 0x0D, 0xB2, 0x00, 0x6C, 0xC0, 0x1B, 0xC2, 0x6C, 0x47, 0x81,
    0x7C, 0xC7, 0x1E, 0xCC, 0xA8, 0xF4, 0x53, 0x78, 0xE2, 0x6A, 0x76, 0x80, 0x5D, 0x7F, 0xD8, 0x03,
    0xE4, 0x22, 0x33, 0x00, 0xBF, 0x2F, 0x1D, 0x49, 0xBE, 0xA7, 0xFA, 0x5D, 0xD5, 0xEF, 0xA8, 0xBE,
    0xA1, 0xBA, 0x6A, 0x67, 0x23, 0xF3, 0x7B, 0xED, 0x9C, 0x8B, 0xAC, 0x66, 0xA6, 0xFA, 0x87, 0x29,
    0x9F, 0xB1, 0x9E, 0xEC, 0x1B, 0xE8, 0x81, 0x6C, 0xD1, 0x4D, 0xB0, 0xF2, 0x7C, 0x85, 0xE6, 0xF9,
    0x5F, 0xAD, 0x50, 0xBE, 0xF8, 0x3E, 0x9C, 0xCA, 0x7B, 0x3C, 0xE6, 0x90, 0xE6, 0xEF, 0x17, 0x0E,
    0xA9, 0xBF, 0xB8, 0x34, 0xC8, 0x65, 0xE0, 0x10, 0x3E, 0xE2, 0xEB, 0xA4, 0x11, 0x79, 0x06, 0xF4,
    0x22, 0xB2, 0x52, 0xCB, 0x03, 0xE9, 0xC8, 0xE4, 0xDF, 0xEE, 0xF7, 0x33, 0xF9, 0x46, 0x35, 0x61,
    0x26, 0x68, 0x02, 0x6C, 0xFB, 0xB8, 0xF4, 0xD0, 0x7B, 0x25, 0xB6, 0xEF, 0x2C, 0x64, 0xE2, 0x74,
    0x50, 0x0F, 0xD7, 0xA0, 0xD8, 0xD0, 0x81, 0x0D, 0x80, 0x9D, 0xE3, 0xA0, 0x9C, 0x50, 0x7F, 0x1D,
    0x98, 0x99, 0xE8, 0xAF, 0x83, 0x25, 0xF9, 0xA7, 0x81, 0xFA, 0xEB, 0x20, 0x5F, 0xC0, 0x2E, 0xC7,
    0x20, 0xF9, 0xC7, 0x41, 0xF2, 0x4F, 0x3E, 0xB9, 0xB8, 0x63, 0x90, 0xFC, 0xD3, 0x40, 0xFD, 0x75,
    0x50, 0x4C, 0xC9, 0x3F, 0xCD, 0xAD, 0x1F, 0xD2, 0x80, 0x6A, 0x54, 0xFF, 0x33, 0x1D, 0x34, 0x5E,
    0xFD, 0x2D, 0x08, 0x99, 0x44, 0xFF, 0x3B, 0xE4, 0xC2, 0xF5, 0x45, 0xFD, 0xCF, 0x16, 0x6A, 0x79,
    0x25, 0x03, 0xED, 0xCB, 0xFB, 0x0F, 0x64, 0xDA, 0x79, 0x7B, 0x01, 0xAD, 0x88, 0xC8, 0x98, 0x48,
    0x04, 0x48, 0x14, 0x72, 0x9B, 0x29, 0x11, 0x48, 0xFB, 0xE7, 0x73, 0xA2, 0x8F, 0xE6, 0x17, 0x53,
    0x22, 0x8F, 0x42, 0xBA, 0x44, 0x1D, 0x3C, 0xE1, 0x20, 0xEE, 0xED, 0x4B, 0xB4, 0x91, 0x48, 0xCB,
    0x44, 0xA4, 0x8B, 0x71, 0x19, 0x11, 0x21, 0x9A, 0xD6, 0x65, 0x4B, 0x22, 0xE5, 0x1D, 0x8A, 0x90,
    0xCC, 0x3F, 0xC0, 0x0E, 0x1C, 0xBC, 0xB9, 0xF4, 0x5B, 0x85, 0x64, 0xE6, 0xF3, 0x61, 0x96, 0xE1,
    0xA0, 0xA8, 0xF6, 0xC7, 0x1C, 0xDA, 0x83, 0x9E, 0x6C, 0x85, 0x44, 0x8E, 0x99, 0x60, 0x4C, 0xD4,
    0x8C, 0x18, 0x9F, 0x88, 0xE9, 0xA8, 0x9C, 0xD2, 0xA2, 0x1B, 0x28, 0x92, 0xB2, 0x9B, 0x0B, 0x27,
    0x92, 0x77, 0x24, 0x29, 0x93, 0xA5, 0x1C, 0xDC, 0x61, 0x02, 0x72, 0xE9, 0x22, 0x47, 0xD0, 0x76,
    0x91, 0x22, 0xA8, 0x13, 0x43, 0x50, 0x75, 0x4A, 0x50, 0xB2, 0x38, 0xB1, 0xAE, 0xAF, 0x55, 0x17,
    0xD9, 0x11, 0x79, 0xDE, 0x29, 0x39, 0x66, 0xCA, 0xA4, 0x53, 0x6E, 0xEC, 0x40, 0xDB, 0xBD, 0xB3,
    0x07, 0x57, 0x79, 0xEA, 0xEE, 0x16, 0x76, 0xA0, 0x76, 0xEA, 0xDB, 0x74, 0x34, 0xD1, 0xDA, 0x48,
    0x96, 0xF2, 0xA5, 0x56, 0x19, 0x92, 0xB5, 0xFB, 0x69, 0x88, 0x9D, 0x72, 0x52, 0x7B, 0xAA, 0x4E,
    0x29, 0xB1, 0x03, 0x55, 0x64, 0xA4, 0x0C, 0xD4, 0x5E, 0x09, 0x31, 0x0B, 0xFD, 0x1C, 0x7F, 0x2C,
    0xCF, 0xFF, 0x7A, 0x69, 0x75, 0xA1, 0xAE, 0xBF, 0xB8, 0x49, 0x7B, 0xCA, 0x46, 0x23, 0xB3, 0xC6,
    0x2C, 0xBE, 0x96, 0xCF, 0x80, 0x4C, 0xA4, 0xCB, 0xB7, 0x18, 0xD5, 0x0C, 0xD1, 0xB2, 0x81, 0x64,
    0x95, 0xBF, 0x66, 0xEB, 0xC7, 0x87, 0x15, 0x1E, 0x26, 0x2B, 0xFF, 0xD7, 0x90, 0xAC, 0xF2, 0xE7,
    0xC1, 0x8E, 0x20, 0x50, 0xFF, 0x51, 0xB0, 0x03, 0xB9, 0xB8, 0x5C, 0xCC, 0x54, 0x7B, 0x6A, 0x79,
    0x29, 0x6B, 0x26, 0xE2, 0x68, 0x64, 0x8F, 0xBF, 0x9E, 0x51, 0xB9, 0x76, 0x89, 0x03, 0x88, 0x0C,
    0x94, 0x2E, 0xC6, 0xDF, 0x0C, 0x44, 0x1C, 0x39, 0x19, 0x97, 0x2E, 0x22, 0x24, 0x4C, 0xE3, 0xDC,
    0x47, 0xAC, 0x22, 0x66, 0x12, 0x31, 0x4F, 0x48, 0x93, 0xB0, 0xFA, 0x7A, 0xFC, 0x71, 0xC2, 0x10,
    0x31, 0x1F, 0x22, 0x96, 0xBE, 0xF2, 0x1A, 0x99, 0xAB, 0xBC, 0xC6, 0x45, 0xE5, 0x35, 0xAA, 0x0B,
    0x8C, 0x31, 0x55, 0x9D, 0x46, 0x94, 0x10, 0x17, 0xB1, 0xF0, 0x95, 0x83, 0xDD, 0xBF, 0x06, 0xC0,
    0x8C, 0x77, 0x14, 0xB3, 0x2D, 0x51, 0xF0, 0xC1, 0x90, 0x68, 0xB8, 0x05, 0xE4, 0x33, 0xEC, 0xE4,
    0x54, 0xBB, 0x6A, 0xBD, 0x99, 0xE9, 0x7D, 0xBE, 0x5B, 0x17, 0xAA, 0xD2, 0x6F, 0x0F, 0x65, 0xDC,
    0x85, 0xAA, 0x2F, 0x54, 0x2E, 0x17, 0xCA, 0xEC, 0x8A, 0x76, 0x57, 0xCD, 0xAF, 0xAC, 0xB4, 0x5E,
    0x69, 0x65, 0x88, 0x4A, 0x39, 0x82, 0x6C, 0x57, 0xA5, 0x6B, 0xC0, 0xBA, 0x3B, 0x50, 0xFA, 0x27,
    0x60, 0x64, 0x02, 0xFA, 0x8E, 0x7A, 0xD9, 0x07, 0x0B, 0x22, 0x63, 0xB5, 0x93, 0x23, 0x33, 0xBD,
    0x0C, 0x9A, 0xB6, 0x9B, 0x8E, 0x72, 0x05, 0x19, 0xA0, 0x8A, 0x39, 0x46, 0x02, 0xD8, 0x98, 0xE5,
    0x65, 0x39, 0xCC, 0xFF, 0xDC, 0x0E, 0x33, 0x88, 0x3B, 0xCC, 0xD6, 0x1F, 0x66, 0x15, 0x0E, 0xB3,
    0x9C, 0x0F, 0xD3, 0xAC, 0x87, 0x89, 0x70, 0x98, 0xAD, 0x3F, 0xCC, 0x7A, 0x3C, 0x4C, 0x3B, 0x1F,
    0xA6, 0x59, 0x0F, 0x33, 0x93, 0xC3, 0xA4, 0xFD, 0x39, 0x77, 0x93, 0x59, 0x4B, 0x3E, 0x27, 0xD3,
    0x8A, 0x99, 0xCD, 0x44, 0x36, 0x81, 0xB9, 0x30, 0x8B, 0x90, 0x8E, 0xA5, 0x6C, 0xB1, 0x23, 0xB5,
    0x74, 0xD0, 0xD3, 0xF7, 0x9E, 0x46, 0x3C, 0xD4, 0x1A, 0x70, 0xA2, 0x04, 0x12, 0x21, 0x26, 0xD1,
    0xD1, 0xD9, 0x90, 0xC8, 0xA8, 0xA6, 0x44, 0x85, 0x0D, 0x89, 0x08, 0x33, 0x90, 0x68, 0x38, 0x48,
    0x78, 0x9B, 0x44, 0xC1, 0x90, 0x08, 0x28, 0x86, 0x14, 0x7E, 0x3B, 0xA4, 0xE0, 0x65, 0x48, 0xA1,
    0xDB, 0x21, 0x05, 0x5E, 0x0E, 0x29, 0x6C, 0x35, 0xEC, 0x9C, 0x0C, 0xB3, 0x26, 0x23, 0x13, 0x35,
    0x34, 0xDC, 0x64, 0xD4, 0x92, 0x0C, 0xBB, 0x1B, 0x1A, 0xE8, 0x6E, 0x68, 0x98, 0xBB, 0x91, 0x82,
    0x2C, 0x87, 0x14, 0x62, 0x39, 0xA0, 0x72, 0xC9, 0xF0, 0x0A, 0xF9, 0x90, 0x0C, 0x33, 0xDA, 0x4E,
    0x8D, 0x2C, 0x54, 0x44, 0xE9, 0xD7, 0x64, 0x54, 0xCF, 0x22, 0x66, 0xA3, 0x42, 0xB1, 0x28, 0x94,
    0x0A, 0x69, 0xA4, 0xDF, 0x9D, 0xC8, 0x0F, 0xAA, 0x09, 0x3E, 0x3C, 0x5B, 0x36, 0x21, 0x0F, 0xCD,
    0xAB, 0xAE, 0xE9, 0xEA, 0x50, 0x6E, 0x58, 0xDF, 0x84, 0x7C, 0xB9, 0x80, 0x22, 0x68, 0x65, 0x65,
    0xBE, 0x19, 0x0C, 0x26, 0x98, 0x85, 0x6A, 0x34, 0xA1, 0x95, 0x7F, 0x92, 0x2D, 0x82, 0x98, 0x00,
    0x40, 0x84, 0xB7, 0x23, 0x04, 0x33, 0x02, 0x4C, 0x46, 0x23, 0x7F, 0x12, 0xC3, 0x6D, 0x7A, 0x80,
    0x58, 0x93, 0x07, 0xFD, 0xA7, 0x7C, 0xA9, 0x15, 0xA4, 0xDD, 0x81, 0x7A, 0x4D, 0xAC, 0xF0, 0x65,
    0x29, 0x83, 0x82, 0x9D, 0x15, 0xAA, 0x45, 0xE1, 0x76, 0x74, 0xB8, 0x25, 0x0A, 0x8F, 0x7A, 0x85,
    0xD0, 0x76, 0x4A, 0x4D, 0xE3, 0x35, 0xB3, 0xD5, 0x03, 0x60, 0xBC, 0x1D, 0x81, 0xC2, 0xD9, 0x00,
    0x94, 0x14, 0x33, 0xF0, 0x96, 0xEE, 0x50, 0xDE, 0x21, 0x5F, 0x81, 0x73, 0xB2, 0x0D, 0x34, 0xC9,
    0xA6, 0x22, 0xCE, 0x41, 0xD0, 0xDC, 0x97, 0x0D, 0x0A, 0xB9, 0x87, 0x6A, 0xC4, 0x74, 0x60, 0x03,
    0xA5, 0x83, 0x72, 0xC2, 0xEE, 0xA3, 0x85, 0x7E, 0x25, 0xEB, 0xC5, 0x5D, 0x40, 0x2E, 0xD2, 0x71,
    0x3B, 0x0B, 0xD0, 0xBE, 0x3F, 0xA7, 0x3A, 0x25, 0x9E, 0xBF, 0x4F, 0x94, 0x20, 0x92, 0x5C, 0xDF,
    0xD8, 0xCF, 0xB7, 0x7F, 0xEE, 0xCC, 0x84, 0x74, 0x76, 0xA0, 0xE9, 0xF4, 0x70, 0xD5, 0x73, 0xB5,
    0xF9, 0x0A, 0xA5, 0x27, 0xA2, 0x9E, 0x9C, 0x7A, 0x68, 0xEA, 0x79, 0xA9, 0x47, 0xA5, 0x9E, 0x92,
    0x7A, 0x40, 0x92, 0x2A, 0xDB, 0x8B, 0x7A, 0xB6, 0xF9, 0x62, 0xDE, 0xEF, 0xFA, 0x11, 0xC7, 0x59,
    0x59, 0xCB, 0x94, 0x8B, 0x43, 0xF8, 0x66, 0x57, 0x2E, 0xAE, 0x96, 0xA9, 0x91, 0xF9, 0x71, 0x3E,
    0x8A, 0x0D, 0xFD, 0x83, 0x50, 0x8A, 0xCB, 0xA6, 0x74, 0x16, 0x71, 0x8B, 0x3D, 0xA7, 0xEA, 0x65,
    0x66, 0xF2, 0xFF, 0xF9, 0x32, 0x0B, 0xAD, 0x0C, 0x17, 0x17, 0x4C, 0x85, 0x07, 0xB2, 0xB5, 0x1A,
    0x76, 0x90, 0x76, 0x07, 0xAA, 0xB8, 0xA6, 0xF9, 0xA8, 0x80, 0x23, 0x49, 0xEC, 0xD4, 0x40, 0x3B,
    0xCA, 0x00, 0x34, 0xEE, 0x6C, 0xE3, 0xBB, 0xDC, 0x51, 0xCE, 0x66, 0x80, 0x6D, 0xF7, 0x93, 0x76,
    0x8C, 0x49, 0x8E, 0x3C, 0x10, 0xE5, 0xD8, 0x04, 0xF0, 0x54, 0x06, 0xCC, 0x60, 0x67, 0xBE, 0xAD,
    0xDE, 0x52, 0x77, 0x9F, 0xEE, 0x3F, 0x85, 0x58, 0x06, 0x16, 0x1A, 0x23, 0x3C, 0x86, 0x93, 0x7D,
    0x08, 0xDA, 0x64, 0x4A, 0xEA, 0x31, 0x3B, 0x6D, 0x31, 0xE7, 0xA3, 0xC3, 0xDC, 0x80, 0xD7, 0x07,
    0x59, 0x48, 0x2D, 0x65, 0xEA, 0x28, 0x53, 0x43, 0x99, 0xFA, 0xC9, 0xD4, 0x4E, 0xA6, 0x6E, 0xF2,
    0x68, 0x26, 0xD3, 0x1F, 0xD7, 0x14, 0x43, 0x4B, 0x81, 0x3D, 0xBE, 0x1C, 0xD4, 0xDE, 0x50, 0xFA,
    0xBD, 0x9F, 0xF4, 0x66, 0xA6, 0xF2, 0x9A, 0xC2, 0xB2, 0xFF, 0x85, 0x1A, 0xB4, 0x87, 0xD4, 0x16,
    0x52, 0x3B, 0xC8, 0xCB, 0x0D, 0xE4, 0xEF, 0xDD, 0xFF, 0x34, 0x92, 0x16, 0xF8, 0x92, 0x3C, 0xD6,
    0x69, 0x64, 0x9B, 0x26, 0x94, 0x5C, 0x8C, 0xA4, 0xD1, 0xF1, 0x1D, 0xC0, 0xD5, 0x25, 0x5E, 0x43,
    0x3F, 0x0D, 0x5C, 0xC3, 0xD2, 0x10, 0x73, 0x31, 0x9B, 0x5A, 0x47, 0xA8, 0xAF, 0x7F, 0x31, 0x8E,
    0x26, 0xC8, 0x7A, 0x85, 0x3A, 0x42, 0x83, 0xCA, 0x92, 0x0E, 0x5B, 0x7E, 0xD3, 0x16, 0x2A, 0xD1,
    0x62, 0x7D, 0xA2, 0x24, 0x12, 0xB2, 0x24, 0x32, 0xBE, 0x33, 0x8B, 0xF7, 0x2B, 0xA5, 0xA9, 0x2B,
    0xBA, 0x6A, 0xAF, 0x21, 0xAF, 0xFD, 0xFA, 0x17, 0xAC, 0xF0, 0x0A, 0xE5, 0x10, 0x21, 0x28, 0x98,
    0x59, 0x81, 0xCF, 0x23, 0x54, 0xBF, 0x79, 0x7F, 0x6D, 0x4A, 0x8B, 0x1D, 0x12, 0x25, 0x98, 0x89,
    0x54, 0xEC, 0x51, 0x7D, 0x77, 0xFE, 0xDA, 0xB2, 0x58, 0x6C, 0xE5, 0x6B, 0x9D, 0x8A, 0xAD, 0xD3,
    0x8A, 0xFB, 0x2B, 0x8B, 0x2D, 0x07, 0x94, 0xD2, 0x4F, 0x40, 0x3B, 0xE8, 0x02, 0xC4, 0x67, 0x3C,
    0xC5, 0x02, 0x95, 0xC7, 0x06, 0xB0, 0x23, 0xF5, 0xA8, 0x81, 0x37, 0xFE, 0x80, 0xC2, 0xED, 0xB4,
    0x01, 0xF4, 0x11, 0xC4, 0x45, 0xE8, 0x28, 0x45, 0x76, 0x38, 0x93, 0x4D, 0xBF, 0xAB, 0x66, 0xFA,
    0xDD, 0x6F, 0xA6, 0xDD, 0xFD, 0x66, 0x9A, 0x41, 0xA1, 0x0E, 0x0A, 0x76, 0x82, 0x22, 0xE8, 0xFD,
    0xCA, 0x91, 0x5C, 0x62, 0x4E, 0x6B, 0x07, 0x9E, 0x1E, 0x33, 0x83, 0x07, 0x9B, 0x4B, 0xAD, 0x46,
    0xB6, 0xD9, 0x11, 0xA4, 0x1D, 0x4E, 0x8A, 0x2D, 0x07, 0x11, 0xAA, 0xD9, 0xF8, 0x4C, 0xFA, 0xBF,
    0xF4, 0x26, 0x14, 0xE2, 0xEC, 0x90, 0xAF, 0x54, 0x1E, 0x7D, 0xFA, 0xB0, 0x72, 0xA8, 0x9D, 0xCA,
    0x85, 0x72, 0xD0, 0x6A, 0xB5, 0x0C, 0x14, 0xBD, 0x74, 0xFC, 0xF6, 0xD9, 0x67, 0x69, 0x35, 0xAD,
    0xBC, 0x74, 0x14, 0x22, 0x13, 0xE5, 0x03, 0x59, 0xB9, 0xB1, 0x73, 0x72, 0x1B, 0x9A, 0xA8, 0x1A,
    0xB8, 0x43, 0xD5, 0x65, 0x0B, 0x85, 0xF4, 0x41, 0x39, 0xBC, 0x12, 0x65, 0xAB, 0x5C, 0x2A, 0x5B,
    0xB9, 0x83, 0xCA, 0x14, 0x21, 0xA8, 0xCE, 0x22, 0x90, 0x60, 0xC9, 0x3B, 0x80, 0x46, 0x14, 0xCA,
    0x17, 0xDF, 0x76, 0x2D, 0x2B, 0x23, 0x94, 0xE2, 0xA0, 0xF4, 0x24, 0xE2, 0x6F, 0x27, 0x95, 0xE6,
    0x57, 0xB9, 0x0F, 0xA1, 0x94, 0x00, 0x99, 0x74, 0xC7, 0x57, 0xF0, 0x34, 0x42, 0x6A, 0x22, 0x66,
    0x85, 0x62, 0x54, 0xB0, 0x5C, 0x96, 0xB3, 0x4F, 0x14, 0xEA, 0x45, 0xE1, 0xDE, 0x7B, 0x0A, 0x8F,
    0x6E, 0x28, 0xDC, 0x8D, 0xA3, 0x66, 0x51, 0xB0, 0xD3, 0x55, 0x6A, 0x3D, 0x29, 0xFE, 0xDB, 0xD9,
    0xEF, 0x80, 0xE5, 0xF4, 0x61, 0xC1, 0x9F, 0x00, 0x46, 0x1C, 0xD8, 0xF7, 0x3D, 0x58, 0x33, 0xEC,
    0xCA, 0x43, 0xF1, 0xBC, 0x83, 0x6C, 0x7D, 0xED, 0x2D, 0xEA, 0x49, 0x87, 0x87, 0x09, 0xA7, 0x3D,
    0x7E, 0x9A, 0x3D, 0x40, 0x93, 0x90, 0x47, 0x7C, 0x59, 0xAE, 0x91, 0x48, 0x5B, 0x01, 0x2A, 0xB9,
    0xFF, 0x33, 0x01, 0x28, 0x05, 0x2A, 0xE5, 0xA0, 0x4F, 0xB9, 0xF9, 0x66, 0x9F, 0xEE, 0x76, 0xDE,
    0x03, 0x1D, 0x10, 0x76, 0x43, 0x39, 0x49, 0x86, 0xF1, 0x3D, 0x05, 0xEC, 0xEC, 0xF5, 0x94, 0x00,
    0x96, 0xFE, 0x7E, 0xCF, 0xEE, 0x4D, 0x2F, 0x82, 0x2E, 0x53, 0x4F, 0x05, 0xF0, 0x90, 0xF8, 0x9B,
    0xEC, 0xE5, 0x7D, 0x51, 0x2F, 0x23, 0x12, 0x8D, 0xC2, 0xD1, 0x13, 0xBD, 0xD5, 0xB8, 0xC6, 0xCD,
    0x68, 0xDC, 0xE0, 0x3C, 0x1A, 0xB7, 0x79, 0x14, 0x8D, 0x27, 0x7A, 0xD6, 0x38, 0xB2, 0x50, 0x8C,
    0x64, 0xE2, 0x29, 0xC7, 0xFE, 0x05, 0x95, 0xBC, 0x7C, 0x20, 0xBE, 0x5F, 0xA9, 0x45, 0x44, 0xBA,
    0x93, 0xD7, 0x83, 0x95, 0x8F, 0xD8, 0x74, 0x11, 0xDB, 0x08, 0xCC, 0x11, 0xCC, 0xC0, 0xA9, 0xA4,
    0x25, 0xFC, 0x8B, 0xCD, 0xB1, 0xAF, 0xA2, 0xC8, 0xC8, 0xBE, 0x90, 0x73, 0xBE, 0xB0, 0xAF, 0x65,
    0x40, 0xF3, 0x5F, 0x3D, 0xD0, 0x53, 0xBB, 0xDD, 0x6C, 0x69, 0x76, 0xCC, 0xB6, 0x88, 0xD5, 0xA0,
    0xF8, 0x77, 0x2F, 0x50, 0x7C, 0xDE, 0xE9, 0xAD, 0xAB, 0x29, 0x3D, 0xC0, 0x0F, 0x80, 0x1D, 0x74,
    0xDC, 0xED, 0x2B, 0xBD, 0x60, 0xDC, 0xBE, 0xD8, 0xE2, 0x2A, 0xF6, 0xF5, 0x96, 0x57, 0x33, 0xFB,
    0x92, 0xE7, 0xF2, 0x09, 0x97, 0xE4, 0xBD, 0x93, 0x95, 0x8D, 0x6C, 0x65, 0x4B, 0xDA, 0x08, 0xDF,
    0x8B, 0xF1, 0x9E, 0xA3, 0x72, 0xEF, 0xD2, 0xDA, 0x7F, 0xF0, 0x22, 0x5C, 0xCE, 0xA1, 0xC5, 0x1A,
    0xF3, 0x99, 0x68, 0x0E, 0x2D, 0x1E, 0x68, 0x0E, 0x2D, 0xFF, 0x58, 0x73, 0xA8, 0x2D, 0x34, 0x87,
    0xDE, 0x30, 0x9A, 0x43, 0xCF, 0x63, 0x0E, 0x3D, 0x47, 0xE1, 0x11, 0xE2, 0x04, 0x82, 0xE6, 0xD0,
    0x6C, 0xDC, 0x93, 0xA7, 0xCB, 0x87, 0x1D, 0x3A, 0xE3, 0x35, 0x87, 0x96, 0x9D, 0xE6, 0x50, 0x0B,
    0x2D, 0xF5, 0x50, 0xC5, 0x1C, 0x7A, 0x33, 0xE6, 0xD0, 0xF3, 0x98, 0x43, 0xEF, 0xC6, 0x1C, 0x3A,
    0xC5, 0x1C, 0x1A, 0x68, 0x01, 0x13, 0x5B, 0x7F, 0xF3, 0x7C, 0x73, 0x3B, 0x78, 0x88, 0xDB, 0xE1,
    0x58, 0x99, 0x62, 0x54, 0xBE, 0x22, 0x79, 0xF0, 0x71, 0x4A, 0xB1, 0xA7, 0x8B, 0x65, 0x3C, 0x4F,
    0xE5, 0x17, 0x7B, 0x06, 0x5D, 0x48, 0x19, 0x34, 0x17, 0x6A, 0x0A, 0x71, 0x0D, 0xD5, 0x9E, 0x41,
    0xCF, 0xF7, 0x0C, 0x1A, 0xAC, 0x6F, 0xFE, 0x70, 0xB0, 0xBE, 0xFE, 0x47, 0x57, 0xFA, 0xEA, 0xDF,
    0xF7, 0x0C, 0x3A, 0x93, 0x32, 0xA8, 0x11, 0xEE, 0x61, 0xDB, 0x57, 0x81, 0x9B, 0xFA, 0x34, 0xC0,
    0xF8, 0x1B, 0xE8, 0xED, 0x35, 0x11, 0xE8, 0x2B, 0x05, 0xC8, 0x17, 0x9D, 0x09, 0x1F, 0xE7, 0x41,
    0x19, 0xE7, 0xDE, 0x55, 0x7F, 0xE2, 0xF6, 0xD8, 0x78, 0x58, 0x76, 0x92, 0xB7, 0x22, 0x40, 0xF3,
    0xA3, 0x05, 0xAC, 0xFF, 0x18, 0xB2, 0xB1, 0x04, 0x78, 0x03, 0x39, 0xED, 0xEC, 0x33, 0x85, 0x66,
    0x53, 0x98, 0x2B, 0x25, 0x25, 0x14, 0x5E, 0xB9, 0x31, 0x1D, 0x49, 0xAE, 0x38, 0xD1, 0xD9, 0x4F,
    0x81, 0x52, 0x3C, 0xD4, 0x3F, 0x0A, 0xF1, 0xED, 0x2C, 0xEF, 0xA6, 0xFC, 0xFC, 0x66, 0x88, 0x2E,
    0xBB, 0x73, 0xD2, 0xE2, 0x52, 0x8E, 0xCD, 0xB1, 0xAB, 0xE3, 0xF2, 0x73, 0x83, 0x87, 0x1C, 0x92,
    0xC2, 0xBE, 0x70, 0xBF, 0x38, 0x1E, 0xE2, 0x9B, 0xE3, 0x9A, 0xF8, 0x52, 0x6A, 0xD7, 0x66, 0xD8,
    0x75, 0xE6, 0x76, 0x0D, 0x87, 0xFE, 0x2D, 0xD5, 0x6F, 0x01, 0x72, 0x7F, 0x03, 0x44, 0x76, 0xBD,
    0xF1, 0x5E, 0xFA, 0xF7, 0x43, 0xA7, 0x5F, 0x92, 0xF4, 0x35, 0xD5, 0x37, 0x55, 0x9F, 0xAB, 0x9E,
    0x62, 0x3B, 0x91, 0x49, 0x47, 0x35, 0x5C, 0xD7, 0xE4, 0xBE, 0xCF, 0x47, 0x5C, 0xE1, 0x6F, 0xA6,
    0xD9, 0x17, 0xA1, 0xE9, 0xC8, 0x67, 0xEB, 0xE1, 0x73, 0x13, 0xC0, 0x72, 0xF7, 0x84, 0xC7, 0x17,
    0x80, 0x88, 0xC7, 0x8C, 0x65, 0xC0, 0x6A, 0x67, 0xE0, 0xB2, 0x85, 0x9A, 0x0B, 0xD5, 0x68, 0xCD,
    0xAC, 0x2F, 0x7B, 0xCB, 0x67, 0x69, 0xEB, 0x35, 0x03, 0x50, 0xA5, 0x9E, 0xC4, 0x50, 0x04, 0xDE,
    0x22, 0x5F, 0xB5, 0xAC, 0x7A, 0x1E, 0x40, 0x93, 0x02, 0xBF, 0xA3, 0x39, 0xB9, 0x5F, 0x80, 0x7C,
    0xAA, 0x35, 0x47, 0x59, 0x07, 0xB9, 0x4F, 0x87, 0x0D, 0x57, 0x80, 0x42, 0xCE, 0x3E, 0x05, 0xDA,
    0x15, 0x98, 0x2B, 0x47, 0x1E, 0x4A, 0x4F, 0x3E, 0x14, 0x1D, 0x00, 0xAF, 0x9B, 0xC2, 0x7B, 0xF9,
    0xA0, 0xCB, 0xD5, 0x9A, 0x99, 0xA6, 0x5B, 0x28, 0x87, 0x86, 0x2C, 0x94, 0x1D, 0x07, 0x65, 0x33,
    0xB5, 0x4C, 0xE4, 0xE2, 0x40, 0xF8, 0xD6, 0x3E, 0xB9, 0x38, 0x6A, 0x6D, 0x90, 0x67, 0xEE, 0xE5,
    0x23, 0x4F, 0xD3, 0x1C, 0xEA, 0x6E, 0xD5, 0x39, 0x10, 0x12, 0x01, 0x19, 0x28, 0xC1, 0x4F, 0xA1,
    0xDC, 0xE2, 0x87, 0x4D, 0xC7, 0xBF, 0xFC, 0x23, 0x50, 0xC9, 0xA4, 0x9F, 0xEC, 0x6F, 0x2E, 0xC0,
    0xDD, 0x29, 0x86, 0x27, 0x79, 0x78, 0x74, 0xA9, 0x84, 0x14, 0x19, 0x7B, 0x19, 0xCA, 0x15, 0xB3,
    0x7C, 0xC3, 0xAB, 0x5C, 0xE9, 0x65, 0x10, 0x19, 0xF5, 0x16, 0x5D, 0xBC, 0xC5, 0x4F, 0x18, 0xE1,
    0xFF, 0xF0, 0x4E, 0x21, 0x1F, 0x2C, 0x80, 0x09, 0x75, 0xB7, 0xC3, 0xAC, 0x8B, 0x98, 0x2D, 0xE5,
    0x08, 0xD0, 0xE4, 0xD3, 0x49, 0x7D, 0x71, 0x65, 0x5F, 0x2D, 0x64, 0xA3, 0x75, 0x98, 0xA9, 0xF2,
    0xE9, 0x20, 0x5F, 0x8B, 0x00, 0x75, 0x36, 0x43, 0xD1, 0xDD, 0x7C, 0xED, 0xEF, 0x17, 0x8E, 0x83,
    0x4E, 0x14, 0x9E, 0x58, 0x7F, 0xE9, 0x5D, 0xDF, 0xC3, 0xDC, 0x93, 0xE4, 0x6A, 0x73, 0x4C, 0xBE,
    0x47, 0x59, 0x8B, 0x83, 0x8F, 0x4A, 0x0F, 0xB3, 0x19, 0xE1, 0x61, 0xA6, 0x41, 0xF2, 0xDA, 0x39,
    0x4E, 0xCF, 0x46, 0xD3, 0x8E, 0x6D, 0x7E, 0xB8, 0xA0, 0x19, 0xE9, 0x29, 0x40, 0x11, 0x6A, 0x07,
    0xF0, 0xC8, 0xF8, 0xAF, 0x48, 0xD4, 0x9B, 0xCE, 0xFA, 0xBE, 0x04, 0x25, 0xAF, 0x58, 0x81, 0x0D,
    0x24, 0x42, 0xE3, 0x15, 0xEA, 0x04, 0xC3, 0x09, 0xF8, 0xCB, 0x3F, 0x11, 0x07, 0xC9, 0x5D, 0x7E,
    0x26, 0xE3, 0x0E, 0x22, 0x1E, 0xD8, 0xA8, 0x07, 0x05, 0x1B, 0x14, 0x8A, 0x59, 0xC1, 0x2C, 0x27,
    0x37, 0xEA, 0xDD, 0xF1, 0x9F, 0x09, 0x54, 0xA3, 0xE6, 0xAD, 0x6A, 0x42, 0x5F, 0x42, 0x8A, 0x6B,
    0x64, 0x36, 0x22, 0x5D, 0x3E, 0x5A, 0x67, 0x42, 0xE5, 0x75, 0x17, 0xEF, 0x9B, 0xB8, 0xC9, 0xE6,
    0x93, 0x2D, 0xFC, 0x83, 0x6A, 0x3C, 0x5B, 0x5E, 0x2D, 0xCD, 0x2B, 0xB7, 0x94, 0x1B, 0x9F, 0xE7,
    0x0B, 0x4B, 0x3E, 0xF3, 0x49, 0x3E, 0xC3, 0xD7, 0x7D, 0xCC, 0x1A, 0x9F, 0x21, 0xB4, 0x12, 0x80,
    0x3F, 0x55, 0xB6, 0x8C, 0xDA, 0x58, 0x3F, 0x2B, 0x70, 0x8E, 0x26, 0xC8, 0x77, 0x49, 0x72, 0xC5,
    0xA9, 0xD4, 0xED, 0x5A, 0x8B, 0xD3, 0xCD, 0x3A, 0x9B, 0xF1, 0xD8, 0xAA, 0xDF, 0x2A, 0x95, 0x69,
    0xCB, 0x69, 0x3E, 0x4D, 0x95, 0x36, 0xB4, 0x79, 0xA4, 0xD4, 0x7F, 0x0E, 0x68, 0x06, 0xBE, 0xE2,
    0x0F, 0x74, 0x35, 0xCA, 0xA5, 0x3C, 0x7A, 0x89, 0x7C, 0x4E, 0xD1, 0xE5, 0xA3, 0x7D, 0x43, 0x8F,
    0xDA, 0xB5, 0xCA, 0x4E, 0x75, 0x36, 0xD4, 0x26, 0x40, 0xAA, 0xB5, 0xE1, 0xDD, 0xA3, 0xC0, 0xBD,
    0xEA, 0x44, 0x6B, 0x94, 0x56, 0x7C, 0x8A, 0x50, 0xE3, 0x3B, 0xA2, 0x7B, 0x23, 0x44, 0xE7, 0xF2,
    0xEC, 0x2E, 0xD4, 0xAF, 0xE4, 0x09, 0x6C, 0x94, 0x2B, 0xF9, 0x02, 0x82, 0x99, 0xA0, 0x71, 0xBB,
    0xB6, 0x7E, 0xD7, 0xC6, 0x9B, 0x05, 0xB2, 0x2E, 0x17, 0x00, 0x64, 0xE4, 0x78, 0xFA, 0x59, 0xCA,
    0x06, 0xD0, 0xCA, 0x04, 0x64, 0xBD, 0x00, 0x9C, 0x89, 0xBF, 0x06, 0x34, 0xE1, 0x1C, 0x28, 0xA7,
    0x26, 0x96, 0x22, 0xDD, 0xAE, 0xED, 0x08, 0x66, 0x2A, 0x66, 0x30, 0x21, 0x17, 0x28, 0x47, 0x64,
    0xA4, 0xEE, 0xE8, 0xE5, 0x8B, 0x15, 0x6E, 0x97, 0xF2, 0x09, 0x9C, 0xCA, 0x88, 0xFA, 0xAB, 0x5E,
    0x00, 0x50, 0x9B, 0x00, 0x90, 0x0D, 0x1A, 0x86, 0x1E, 0x5B, 0xF3, 0xA7, 0xE4, 0x9B, 0x04, 0x8A,
    0xA1, 0x98, 0xB1, 0x1D, 0x4F, 0x76, 0x75, 0x93, 0x72, 0xE0, 0x1A, 0x66, 0x03, 0x90, 0x17, 0x40,
    0x25, 0xCF, 0x8E, 0xC3, 0xB8, 0xE7, 0x16, 0x54, 0x7B, 0xC6, 0xB5, 0x9D, 0xED, 0xB0, 0xAE, 0x98,
    0x68, 0x30, 0x72, 0x7F, 0x21, 0xFB, 0x97, 0xD3, 0xA9, 0xF0, 0x13, 0x20, 0x5B, 0x77, 0xA5, 0xAE,
    0x1F, 0x01, 0xBB, 0x37, 0xBA, 0x60, 0x59, 0x07, 0x46, 0xB4, 0x4F, 0xB0, 0xF2, 0xC5, 0xD6, 0x0B,
    0xD5, 0x60, 0x16, 0x5A, 0x77, 0x47, 0x6B, 0x3D, 0xFF, 0x78, 0x87, 0x7C, 0xFC, 0x70, 0x07, 0x06,
    0x14, 0x78, 0x83, 0x50, 0xAE, 0x0A, 0x7D, 0x5C, 0x3A, 0x91, 0xC0, 0x97, 0x65, 0xE4, 0x60, 0xFA,
    0xF0, 0x63, 0x3E, 0x79, 0x0C, 0xEE, 0x39, 0xE8, 0xE6, 0x1A, 0xFC, 0x2E, 0xCC, 0x64, 0xE9, 0xA2,
    0x95, 0xAD, 0xDE, 0x7E, 0x1A, 0x4B, 0xD5, 0xEC, 0x97, 0x5C, 0xFF, 0x1F, 0x59, 0x69, 0x12, 0xC1,
    0x94, 0x8E, 0xCA, 0x53, 0x0D, 0x94, 0x9E, 0xA2, 0xE3, 0x2D, 0xF8, 0x3E, 0xFF, 0x05, 0x54, 0x90,
    0x21, 0x50, 0xC3, 0x30, 0x18, 0x85, 0x5F, 0x92, 0x63, 0x11, 0x15, 0x41, 0xE0, 0x18, 0x2B, 0xFE,
    0x6E, 0xAD, 0x41, 0xB6, 0x24, 0x87, 0x17, 0xF3, 0x0A, 0x6F, 0x30, 0x13, 0x13, 0x83, 0x04, 0x6F,
    0xE6, 0x15, 0x02, 0x35, 0x33, 0x44, 0xC5, 0x5C, 0xE3, 0x55, 0xBC, 0xFA, 0xBD, 0x8A, 0x98, 0xA8,
    0x58, 0x17, 0xD2, 0xB9, 0xBD, 0xFC, 0x77, 0x7F, 0x9E, 0x78, 0x79, 0xDF, 0xA5, 0xC1, 0x17, 0x2C,
    0x6A, 0x2F, 0x09, 0x7F, 0x00, 0x23, 0x11, 0x65, 0x54, 0x41, 0x63, 0x83, 0xAB, 0xD8, 0x09, 0x45,
    0x32, 0xE9, 0x10, 0x93, 0x8A, 0x47, 0x4E, 0x05, 0xCD, 0xEB, 0x61, 0xD1, 0x2C, 0xAB, 0x46, 0x8D,
    0x73, 0x7E, 0xDA, 0xEF, 0x77, 0x29, 0x85, 0x77, 0xAC, 0x06, 0x4E, 0x5B, 0x11, 0xEA, 0xE4, 0xE4,
    0x88, 0x0A, 0xD6, 0xF5, 0xDE, 0xBA, 0x0A, 0xCA, 0x94, 0x46, 0x07, 0xED, 0x35, 0xD9, 0x30, 0xED,
    0xC9, 0x03, 0xBD, 0x49, 0x5E, 0xE4, 0x23, 0xCD, 0x0C, 0xB3, 0x9D, 0x1E, 0x36, 0x6D, 0xB7, 0x38,
    0x2E, 0xF5, 0xB9, 0xA0, 0x8A, 0x93, 0x16, 0xF1, 0x55, 0x50, 0x2B, 0x42, 0x23, 0xFC, 0x8B, 0x30,
    0xB9, 0x32, 0x17, 0xF7, 0x87, 0x98, 0x21, 0x32, 0x4A, 0x56, 0xCB, 0x22, 0x2C, 0x3F, 0x41, 0xBF,
    0x9D, 0x51, 0xFA, 0x0B, 0x24, 0xD5, 0x06, 0x9D, 0xF4, 0xC8, 0xE2, 0xBF, 0x28, 0x93, 0xF9, 0x2C,
    0x7C, 0xC6, 0xE9, 0x18, 0x31, 0x27, 0xB1, 0x80, 0x86, 0x76, 0xDA, 0x29, 0x80, 0x19, 0xF0, 0x00,
    0x46, 0x40, 0xCC, 0x53, 0x7F, 0x93, 0x4C, 0x01, 0xD6, 0xDC, 0xE0, 0x42, 0x7B, 0xED, 0x6D, 0xB0,
    0x7E, 0xDA, 0x93, 0x57, 0x39, 0x9D, 0x6F, 0x39, 0xFF, 0x84, 0x67, 0x60, 0x05, 0xE6, 0x21, 0x0D,
    0xD4, 0x88, 0xBB, 0x0F, 0x83, 0x5C, 0x2B, 0xFC, 0xBD, 0xF4, 0xB6, 0x37, 0x8F, 0x03, 0xF0, 0x00,
    0x36, 0xE6, 0x57, 0xD0, 0x02, 0x0D, 0xB0, 0xBD, 0x8E, 0xC6, 0x8F, 0x4A, 0xC4, 0x2F, 0x66, 0x75,
    0xFB, 0x4B, 0xA5, 0x5B, 0xDB, 0xD8, 0x74, 0x9B, 0x6D, 0x57, 0x0F, 0xEB, 0x82, 0xFE, 0x07, 0x09,
    0x49, 0x00, 0xE5, 0xDB, 0x01, 0xA4, 0x25, 0x59, 0x7E, 0xC7, 0xF1, 0x4F, 0x55, 0xCD, 0x6C, 0x25,
    0x29, 0xA6, 0x46, 0x34, 0x9A, 0x36, 0x5B, 0xC1, 0x02, 0xE9, 0xD7, 0x17, 0x82, 0xC1, 0xEB, 0xAD,
    0xDA, 0x2C, 0x16, 0x8B, 0x0C, 0x00, 0x60, 0x00, 0x80, 0x85, 0x41, 0xE3, 0xC9, 0xAD, 0xCD, 0x22,
    0x80, 0x0C, 0x00, 0x10, 0x00, 0x36, 0x58, 0x78, 0x68, 0xF4, 0xF4, 0x3D, 0x99, 0x41, 0x10, 0xA8,
    0x19, 0x80, 0x60, 0x2B, 0x11, 0x00, 0xFA, 0x34, 0x17, 0x35, 0xD9, 0x7B, 0xEF, 0xC9, 0xBC, 0x5B,
    0x14, 0xCF, 0xDB, 0xE9, 0x48, 0x9B, 0xD7, 0x37, 0xEF, 0xE5, 0xAF, 0xFC, 0x7F, 0x55, 0x75, 0x5A,
    0x57, 0x9D, 0xDF, 0xF7, 0xD4, 0xA9, 0xFF, 0xB9, 0xEF, 0x5E, 0xAA, 0x08, 0xEA, 0x09, 0x34, 0x3B,
    0xF0, 0x74, 0x0F, 0x3E, 0x4E, 0xE0, 0x72, 0x03, 0xE2, 0xBA, 0x47, 0x36, 0xB6, 0x01, 0x79, 0x58,
    0x0D, 0x28, 0x42, 0x3D, 0xA2, 0xEC, 0xEA, 0x88, 0x4A, 0x39, 0xE1, 0x03, 0xC5, 0x0E, 0x1F, 0xC9,
    0xF7, 0x38, 0x97, 0x1D, 0xD0, 0xA6, 0x94, 0xB0, 0xF9, 0x4E, 0x3A, 0x22, 0x6D, 0x90, 0x0D, 0x47,
    0xC9, 0x03, 0xCD, 0xA8, 0xE8, 0xA9, 0xA3, 0xAA, 0xA3, 0xDA, 0xAA, 0x7B, 0xEA, 0x9D, 0xCD, 0x5E,
    0xB6, 0x49, 0xDD, 0x77, 0x92, 0xA7, 0xD4, 0xBB, 0x1E, 0xAA, 0x0E, 0xB4, 0xC3, 0x2C, 0xE3, 0x72,
    0xB4, 0xB4, 0x3D, 0x3A, 0xE8, 0xA5, 0x57, 0xDF, 0xF4, 0xC5, 0x56, 0xEA, 0xEB, 0x41, 0xDB, 0x37,
    0xC1, 0xAA, 0x5F, 0x75, 0x9A, 0xBE, 0xFD, 0x63, 0xA9, 0xD7, 0xF4, 0xAB, 0xA0, 0xE9, 0xEB, 0x41,
    0x13, 0xAA, 0x68, 0x15, 0x8A, 0x9D, 0xCD, 0x24, 0xBD, 0xFA, 0xC7, 0x9D, 0x47, 0xDF, 0x9E, 0xC1,
    0x12, 0x4F, 0x21, 0x21, 0x4B, 0x1D, 0xD2, 0x72, 0x0E, 0x50, 0xC7, 0x59, 0xB6, 0xE0, 0xBD, 0xE7,
    0xC0, 0x33, 0x20, 0x02, 0x9F, 0xBB, 0x19, 0x77, 0x10, 0x4B, 0xBE, 0x47, 0x91, 0xA0, 0x5E, 0xD2,
    0x19, 0x3C, 0x04, 0x70, 0xEB, 0x48, 0xCA, 0x00, 0xEA, 0x59, 0x9A, 0x59, 0xDA, 0x0E, 0xBA, 0x3D,
    0x14, 0xFF, 0x3E, 0xC2, 0x6A, 0x0F, 0x79, 0x5A, 0x07, 0xE4, 0xBB, 0x55, 0x40, 0x16, 0xAB, 0x70,
    0x0F, 0x48, 0x44, 0xE4, 0x13, 0x8A, 0x2D, 0xAA, 0x91, 0x0F, 0x9B, 0x9E, 0x17, 0xE7, 0x94, 0xA9,
    0x67, 0xFD, 0xFB, 0x2D, 0xEB, 0xBF, 0x9F, 0x78, 0x9A, 0xC5, 0x77, 0x03, 0x26, 0x82, 0x7C, 0x02,
    0xD9, 0x0E, 0xD8, 0x00, 0x4D, 0xD7, 0x41, 0xF1, 0xD5, 0xE8, 0x1E, 0x83, 0x39, 0x83, 0x76, 0x19,
    0x8C, 0x4D, 0x40, 0x19, 0x3F, 0xC4, 0xE5, 0x0B, 0xA7, 0x03, 0xB3, 0x44, 0x33, 0x80, 0x55, 0x04,
    0xAE, 0xC9, 0xCF, 0xC6, 0xF9, 0xC1, 0xE9, 0xEF, 0x31, 0x1F, 0x40, 0x31, 0xA1, 0xD8, 0x23, 0x7B,
    0x02, 0x1F, 0xE1, 0xC3, 0x73, 0xBC, 0xF8, 0xC9, 0x09, 0x21, 0xBD, 0xCC, 0x03, 0xF2, 0xF4, 0x77,
    0x23, 0x8A, 0x2F, 0xBF, 0x3C, 0x4A, 0x48, 0xB3, 0x5B, 0x6D, 0x07, 0xE6, 0x5C, 0xDC, 0xEB, 0x87,
    0x48, 0xD3, 0xFF, 0x15, 0xEB, 0x78, 0xCE, 0xE5, 0xB3, 0x0B, 0x2E, 0x57, 0x13, 0x9F, 0x55, 0x23,
    0x3E, 0x84, 0x93, 0x3D, 0x49, 0x27, 0x20, 0x70, 0x47, 0x0A, 0xB0, 0xD3, 0x93, 0x79, 0x73, 0xA1,
    0xB6, 0x64, 0x6B, 0xE0, 0xC0, 0x91, 0xD8, 0x02, 0x13, 0x75, 0x67, 0x09, 0x3E, 0xC9, 0x3A, 0xE4,
    0xB1, 0x0C, 0xB0, 0xAD, 0x7B, 0x58, 0x27, 0xF0, 0x68, 0x72, 0xE7, 0x09, 0x97, 0x3D, 0xEA, 0x80,
    0x55, 0x40, 0xDB, 0x61, 0x87, 0x6C, 0x04, 0x78, 0xE0, 0x13, 0xCE, 0x6D, 0xF9, 0x69, 0x1E, 0xA9,
    0x5F, 0x0D, 0xE4, 0x07, 0xEF, 0x08, 0xE7, 0x13, 0xA0, 0x35, 0x4B, 0x0F, 0xEA, 0x00, 0x8A, 0x08,
    0x3C, 0xFB, 0x7F, 0x04, 0xAC, 0x0C, 0xA8, 0x06, 0x94, 0x11, 0xC5, 0x04, 0x5F, 0x40, 0x73, 0x7A,
    0x60, 0x6F, 0xBF, 0x14, 0x3A, 0x3D, 0xB7, 0x13, 0x2F, 0x9A, 0x4E, 0x00, 0xEF, 0x2D, 0x6B, 0x8F,
    0xD3, 0xE3, 0x3A, 0x5D, 0xED, 0x71, 0x52, 0x48, 0x77, 0xC2, 0xFA, 0x13, 0x14, 0x1D, 0x6F, 0xA6,
    0x71, 0xE2, 0x7A, 0xC3, 0x6C, 0xCB, 0xCE, 0xA3, 0xF4, 0xDB, 0x7F, 0x3A, 0xC8, 0x0F, 0xAC, 0x38,
    0x50, 0x05, 0x07, 0x8A, 0xC1, 0x81, 0xAC, 0x73, 0x80, 0x25, 0xFF, 0xD9, 0x31, 0x7F, 0x80, 0xF4,
    0xDB, 0x03, 0x52, 0x3A, 0xE0, 0xE0, 0xC9, 0x72, 0xFE, 0x98, 0x97, 0x7F, 0x69, 0xCE, 0xDE, 0x3B,
    0xE6, 0xB3, 0x63, 0x3E, 0x3F, 0xE6, 0xAD, 0x44, 0x1E, 0xB3, 0xD4, 0x6B, 0x86, 0x47, 0xE9, 0xBF,
    0x7E, 0x97, 0x42, 0x9B, 0x66, 0x40, 0x4B, 0xA0, 0x0C, 0x50, 0x47, 0x68, 0xB6, 0xCB, 0xFE, 0x7C,
    0xFE, 0xD1, 0xB7, 0x48, 0x29, 0x28, 0xC6, 0x2A, 0xAA, 0x43, 0x31, 0x69, 0xBA, 0x6C, 0x67, 0x25,
    0xDB, 0x69, 0x95, 0x93, 0xD6, 0xBA, 0xD7, 0x56, 0xFF, 0x49, 0x7B, 0x98, 0xF1, 0xD0, 0x04, 0xD4,
    0x83, 0x42, 0x19, 0x7D, 0x20, 0xDF, 0xBB, 0x60, 0xFD, 0x2A, 0x52, 0x1D, 0xAE, 0x5F, 0xFD, 0xF9,
    0x32, 0x35, 0x1E, 0xE6, 0x3D, 0x3C, 0xB7, 0xC4, 0x6A, 0x80, 0x36, 0x82, 0x25, 0x93, 0x0D, 0x90,
    0xF5, 0xC0, 0x5D, 0x70, 0xBB, 0x19, 0xD1, 0x44, 0xBC, 0x77, 0x09, 0xC7, 0x14, 0xA1, 0xB7, 0xC4,
    0x6D, 0x19, 0x9E, 0x4D, 0x45, 0x47, 0x99, 0x8A, 0x40, 0xF5, 0x8B, 0xDF, 0x5C, 0xE5, 0xBF, 0x4E,
    0x3D, 0x45, 0xF7, 0xF2, 0x4E, 0x38, 0xB8, 0x2F, 0x82, 0x22, 0xFD, 0x3C, 0x28, 0xBF, 0xFA, 0x2A,
    0x28, 0x7F, 0x9D, 0x82, 0x22, 0xAC, 0x6F, 0xDF, 0x37, 0xD4, 0x1D, 0xAC, 0x7A, 0x68, 0x3B, 0x78,
    0x89, 0x2C, 0x9B, 0x50, 0x7D, 0x15, 0xB0, 0x9E, 0x50, 0xEC, 0x53, 0x47, 0x39, 0xAD, 0x7B, 0x8A,
    0xA1, 0xB9, 0x13, 0xAE, 0x52, 0xF5, 0xCB, 0x0A, 0xA0, 0xC7, 0x1A, 0x76, 0x94, 0xDF, 0x0C, 0x73,
    0xB7, 0x8A, 0xC3, 0x26, 0x28, 0x76, 0x6D, 0x90, 0x8F, 0x55, 0x7F, 0xDB, 0x76, 0xE7, 0x03, 0x14,
    0xD1, 0x52, 0xDC, 0x66, 0x3B, 0xD0, 0x66, 0x50, 0xFD, 0x32, 0xB8, 0xC3, 0x76, 0x5F, 0xC0, 0x1E,
    0x36, 0xD0, 0xF6, 0xA8, 0x02, 0xB2, 0xD7, 0x5B, 0x34, 0x07, 0xA4, 0xDF, 0x45, 0x52, 0x1D, 0x79,
    0x9E, 0x8F, 0x96, 0xE0, 0x47, 0x87, 0x8E, 0x36, 0x45, 0xA6, 0x7C, 0xA7, 0x88, 0x0E, 0xCA, 0xC1,
    0x5A, 0x15, 0xAC, 0xD5, 0x21, 0x3B, 0xA8, 0x43, 0x33, 0xAA, 0xBF, 0xFC, 0x96, 0x3A, 0xF5, 0xD4,
    0xDB, 0x65, 0x99, 0xB0, 0x25, 0x64, 0x3B, 0x45, 0x6F, 0xD3, 0x35, 0x34, 0x7F, 0xD8, 0x91, 0xA7,
    0xCF, 0x81, 0xE5, 0x56, 0x66, 0x40, 0xFE, 0x7C, 0x5C, 0xA6, 0xD7, 0xAC, 0x08, 0xA8, 0xBE, 0xEC,
    0xEE, 0xF6, 0x18, 0xB7, 0xAC, 0x6F, 0x23, 0x2C, 0x29, 0x1F, 0x28, 0xBF, 0xEE, 0xDF, 0x30, 0xD0,
    0x4F, 0x36, 0x1F, 0x67, 0xA0, 0xBA, 0xBD, 0xE1, 0x7E, 0xFA, 0x39, 0xBB, 0x1C, 0x9C, 0xC0, 0xF9,
    0x53, 0x7A, 0x7B, 0x82, 0xFA, 0xED, 0x2D, 0xCC, 0x7E, 0xF7, 0x75, 0x5E, 0x39, 0x29, 0x77, 0xB2,
    0xA7, 0x3C, 0xE6, 0x9C, 0xBF, 0x00, 0xA4, 0x34, 0x6E, 0xD2, 0x50, 0xED, 0x15, 0xBB, 0xB7, 0xDC,
    0xAA, 0xBD, 0x4D, 0x1A, 0x52, 0x1A, 0x51, 0x4C, 0xCA, 0xBD, 0xEC, 0x8C, 0x33, 0xCE, 0xF9, 0x09,
    0x78, 0x8F, 0x8F, 0xE5, 0x93, 0xD5, 0x71, 0x2B, 0x26, 0xF9, 0xF7, 0x6F, 0xC5, 0xCE, 0x3A, 0x0D,
    0xDF, 0x6D, 0x3F, 0xEC, 0x8D, 0x21, 0x8B, 0x8A, 0x9D, 0x72, 0x7F, 0x95, 0xB3, 0xC8, 0x05, 0x49,
    0x9E, 0x48, 0x5C, 0xBC, 0xFD, 0x7D, 0x02, 0xB6, 0xCB, 0x7F, 0xCE, 0x16, 0xBF, 0x3A, 0x40, 0x75,
    0x48, 0x11, 0x6D, 0xF7, 0xA3, 0x03, 0xD9, 0xC4, 0xBA, 0x57, 0x44, 0x56, 0xA3, 0x3A, 0x50, 0x6F,
    0x35, 0x3D, 0xC5, 0x4E, 0xDB, 0x91, 0x1F, 0xB4, 0xC8, 0x92, 0x0D, 0xA4, 0x6E, 0x96, 0x3E, 0xC1,
    0x66, 0x96, 0x75, 0x9F, 0xBA, 0xA3, 0x6C, 0xFA, 0xA3, 0xAC, 0x03, 0xD6, 0x5D, 0x7B, 0x14, 0xED,
    0x88, 0x8D, 0x3A, 0x62, 0xAF, 0x9A, 0xC8, 0x26, 0xC5, 0x9E, 0x22, 0x92, 0x3A, 0x75, 0x60, 0x35,
    0x5A, 0xA3, 0x4C, 0xAF, 0xB6, 0x8E, 0xF7, 0xD9, 0xB9, 0x11, 0x59, 0x04, 0xC5, 0x0E, 0x94, 0xFB,
    0xE5, 0x68, 0x69, 0x7B, 0x74, 0xC0, 0xCB, 0x34, 0x28, 0x86, 0x7A, 0x52, 0xF5, 0xF9, 0x5E, 0x4D,
    0xB2, 0x3A, 0xDE, 0x0D, 0x6D, 0x68, 0x69, 0xAE, 0x52, 0x1D, 0xDA, 0xEE, 0x2A, 0x05, 0x55, 0x68,
    0x06, 0x75, 0x5F, 0x47, 0xB5, 0x72, 0xF2, 0x63, 0x79, 0x72, 0xC1, 0xFA, 0x0F, 0xE3, 0x1F, 0x1F,
    0xC8, 0xD9, 0x01, 0x45, 0x62, 0xDE, 0xF3, 0xFC, 0x7B, 0x17, 0xDC, 0x2E, 0x80, 0x73, 0xE0, 0x12,
    0xF8, 0xD4, 0xCD, 0xB8, 0x83, 0x58, 0xCA, 0x2D, 0xAA, 0x1D, 0x9C, 0x2F, 0xE9, 0xD9, 0xF5, 0x0E,
    0xDE, 0x26, 0x92, 0x22, 0x80, 0x6A, 0x00, 0x75, 0x60, 0x29, 0x66, 0xBA, 0x2F, 0x20, 0x1F, 0x47,
    0x68, 0xF6, 0x90, 0xA5, 0xF5, 0x80, 0x6C, 0xDF, 0x0C, 0xB0, 0x2D, 0xC3, 0xDD, 0x87, 0x50, 0x2C,
    0x1F, 0x06, 0xD7, 0x23, 0x56, 0x81, 0xEE, 0xA7, 0xE4, 0x71, 0xCB, 0x5C, 0x50, 0xAE, 0x47, 0x0E,
    0x75, 0x64, 0x2A, 0x86, 0x5B, 0x67, 0xB2, 0xC5, 0x52, 0xB4, 0xDB, 0x03, 0x6B, 0xA0, 0xE9, 0x3B,
    0xC8, 0xBF, 0x19, 0xDD, 0x63, 0x26, 0xCF, 0x61, 0x07, 0x2F, 0xA1, 0xED, 0x50, 0x87, 0x8E, 0xEC,
    0x3F, 0xA2, 0x93, 0x30, 0x59, 0xA2, 0x19, 0x67, 0xD9, 0xB2, 0x7C, 0x08, 0xC1, 0x2C, 0x5D, 0x84,
    0x7C, 0xFC, 0xFC, 0x1E, 0xA3, 0x01, 0xD4, 0x71, 0x99, 0x9D, 0x9F, 0x31, 0xA7, 0x2E, 0x92, 0xC7,
    0xCF, 0x4F, 0xC3, 0xE7, 0xE5, 0xBC, 0xD8, 0x4A, 0xBF, 0x8E, 0x28, 0xBE, 0xF9, 0xFA, 0x28, 0x43,
    0x3A, 0x9E, 0x1C, 0x56, 0x3D, 0xE8, 0xCC, 0x7C, 0xDC, 0x67, 0x3E, 0x6B, 0x23, 0x29, 0x44, 0xD9,
    0x18, 0xAF, 0xD2, 0x26, 0x32, 0xAE, 0x7A, 0x74, 0xC8, 0x4F, 0xF2, 0xFC, 0xDC, 0x01, 0xF3, 0x4F,
    0x54, 0x67, 0x9D, 0x18, 0x8A, 0x37, 0xD7, 0x63, 0x37, 0xFF, 0x7C, 0xBC, 0x01, 0xD9, 0x2E, 0xEB,
    0x50, 0xC4, 0x6C, 0x40, 0xD5, 0x19, 0x81, 0x68, 0x91, 0x5F, 0xA5, 0x7F, 0x8E, 0x47, 0x6E, 0x69,
    0xA4, 0xED, 0xCA, 0xD4, 0xFF, 0x9F, 0xE6, 0xD6, 0x40, 0xDB, 0x61, 0x0D, 0xFB, 0xAC, 0x93, 0x6F,
    0xB3, 0x41, 0xD9, 0x1B, 0x21, 0xCE, 0xE9, 0xD1, 0xD5, 0xFC, 0xF2, 0x32, 0xA5, 0xB1, 0x18, 0xEA,
    0xD4, 0xFF, 0x50, 0x18, 0x1A, 0x96, 0xCB, 0xB3, 0x0A, 0xA0, 0x1E, 0xB2, 0x0E, 0xF9, 0xEC, 0xB1,
    0x8B, 0x3B, 0xEF, 0x71, 0x0D, 0x4D, 0x8F, 0x26, 0xA0, 0x8A, 0x59, 0x27, 0xBB, 0xF2, 0xD8, 0xE3,
    0x77, 0xE0, 0xF1, 0x9B, 0xD7, 0x15, 0x59, 0x07, 0x97, 0xB3, 0xD5, 0x9F, 0xDE, 0x8A, 0xD5, 0xA7,
    0x5F, 0x57, 0x64, 0x1D, 0xCF, 0xB2, 0x81, 0x4F, 0x6F, 0xDD, 0xEF, 0x9B, 0xEF, 0xE3, 0xD7, 0x1D,
    0xC5, 0x90, 0xBE, 0x1E, 0xE6, 0xF7, 0xF1, 0xDD, 0x76, 0xF8, 0xFA, 0x5B, 0xF6, 0x75, 0x97, 0x8D,
    0x9B, 0xD7, 0x83, 0x71, 0xD5, 0xDF, 0xBE, 0xAF, 0x64, 0xB3, 0x64, 0x03, 0x70, 0x02, 0x27, 0x4F,
    0xFC, 0xCA, 0x94, 0x75, 0x4B, 0xFF, 0xDF, 0x60, 0xF8, 0xBB, 0x7A, 0x47, 0xB6, 0x69, 0xAB, 0x4D,
    0x61, 0x95, 0xB6, 0x56, 0xA9, 0x2F, 0x12, 0xC5, 0x74, 0x6C, 0xCD, 0x22, 0x07, 0xDC, 0x9E, 0x64,
    0x91, 0x44, 0x1E, 0xD9, 0x50, 0x8C, 0x47, 0xC8, 0x65, 0x98, 0x21, 0xF7, 0xD4, 0xFB, 0x9F, 0x6D,
    0x90, 0xA7, 0x34, 0xC1, 0x5F, 0xA6, 0xDE, 0xCD, 0x78, 0xCE, 0xD2, 0x1D, 0x79, 0x62, 0x3E, 0x5A,
    0xDA, 0xD6, 0x53, 0x91, 0xC2, 0x7A, 0xCA, 0xD3, 0xF1, 0xD3, 0xCC, 0x90, 0x4F, 0xEA, 0x90, 0xFD,
    0x2F, 0xD2, 0x90, 0xED, 0xB4, 0xA3, 0xBD, 0x57, 0x7B, 0xED, 0xAB, 0x7F, 0xD8, 0xAB, 0xBE, 0x7D,
    0x08, 0x4B, 0xFC, 0x18, 0xD6, 0x01, 0x9B, 0x60, 0xDE, 0x9B, 0xCF, 0x71, 0xED, 0xCB, 0x85, 0x09,
    0x68, 0x80, 0x1A, 0x38, 0x03, 0x1E, 0xBA, 0x1E, 0x77, 0x14, 0x4B, 0xBE, 0x5B, 0x3A, 0xDA, 0xBC,
    0xE1, 0x37, 0x21, 0xB7, 0x8A, 0xA4, 0xEA, 0x81, 0x3A, 0x00, 0xAB, 0x59, 0xB5, 0xBC, 0x0F, 0x3B,
    0xAA, 0x8E, 0x7C, 0xA0, 0xEC, 0x81, 0x22, 0x30, 0xEB, 0xD1, 0xF5, 0xC3, 0x2F, 0x66, 0xDB, 0x53,
    0xEA, 0x8E, 0xBE, 0xBF, 0x3E, 0x2C, 0xC6, 0x3B, 0xE0, 0x1D, 0x69, 0x16, 0x2D, 0x1C, 0xCC, 0x20,
    0x16, 0x12, 0x66, 0x14, 0x0B, 0x8B, 0x19, 0xC6, 0x42, 0x63, 0xB1, 0xA1, 0x0E, 0x16, 0x0B, 0x5A,
    0x1E, 0xB0, 0xE3, 0xB1, 0x7C, 0xE0, 0x23, 0x96, 0x81, 0xDA, 0x5C, 0x11, 0x99, 0x9E, 0x5C, 0x21,
    0x49, 0xFB, 0x2B, 0x26, 0xFF, 0xB2, 0x3D, 0x42, 0x91, 0xBD, 0x45, 0x1E, 0xCC, 0x78, 0x66, 0x3E,
    0x33, 0xA0, 0x6B, 0x84, 0xE6, 0x1E, 0xA0, 0x1A, 0xCC, 0x1A, 0x81, 0x62, 0x32, 0x33, 0xFA, 0x62,
    0x66, 0xA4, 0xB9, 0xBF, 0x8C, 0x16, 0x1B, 0xEA, 0xC1, 0x62, 0x41, 0xB1, 0xE5, 0x01, 0x2F, 0x78,
    0x4C, 0x73, 0x42, 0x46, 0x37, 0x66, 0x2F, 0x45, 0x02, 0x34, 0x80, 0xDA, 0xCC, 0xEA, 0xCC, 0xCC,
    0xEA, 0xE1, 0xBD, 0x66, 0x65, 0x31, 0x63, 0xB1, 0xA2, 0x01, 0x35, 0x0F, 0x38, 0xE3, 0x31, 0x0F,
    0x4F, 0x4A, 0x6C, 0xD5, 0x7F, 0x06, 0xD6, 0xF1, 0x1C, 0xF3, 0xF7, 0x16, 0xDF, 0xC7, 0x65, 0x3B,
    0x1D, 0x09, 0x7D, 0x56, 0x8D, 0xF7, 0x96, 0xD0, 0xD2, 0xFD, 0xB9, 0xF3, 0xDB, 0xCF, 0x2E, 0x3C,
    0xB0, 0x6D, 0xB7, 0x1E, 0x1F, 0xBB, 0x7D, 0x42, 0x2A, 0xF0, 0x3E, 0x70, 0xA4, 0x80, 0xFB, 0x4C,
    0xE1, 0xFB, 0xEA, 0xB3, 0xA5, 0x24, 0xCB, 0xD3, 0x72, 0x7C, 0xAD, 0x1D, 0x0F, 0xC0, 0x63, 0x38,
    0x31, 0xB1, 0xE5, 0xD2, 0xEB, 0x00, 0x9B, 0x60, 0xDE, 0x5F, 0xCE, 0xE7, 0x03, 0x28, 0xE2, 0x2C,
    0xD7, 0x7F, 0xE9, 0xD8, 0x5E, 0xA7, 0x6D, 0x89, 0x4D, 0xDA, 0x69, 0x53, 0x58, 0xA7, 0xC9, 0x2A,
    0x85, 0x32, 0xF5, 0x8A, 0x49, 0x96, 0x3A, 0xC5, 0xC8, 0x26, 0x28, 0x03, 0xED, 0xA0, 0x46, 0x1D,
    0x3D, 0x41, 0x35, 0x39, 0x47, 0xB1, 0x77, 0x09, 0x29, 0x8B, 0xB0, 0xFE, 0x4D, 0x80, 0xD5, 0xBF,
    0xF5, 0x50, 0x27, 0x37, 0xD7, 0x1A, 0xF9, 0xFF, 0x2C, 0xC5, 0x35, 0x29, 0x0F, 0x60, 0x9D, 0x46,
    0xD8, 0xA4, 0x78, 0xED, 0x0F, 0x4B, 0xC5, 0x76, 0xE9, 0xDF, 0xDF, 0xDE, 0xE8, 0xDB, 0x66, 0x9F,
    0xA5, 0xB8, 0xD9, 0xDB, 0x8C, 0x75, 0xB4, 0x52, 0x46, 0x4F, 0x15, 0x93, 0x73, 0xD9, 0xCE, 0x25,
    0x7B, 0x91, 0x75, 0x3E, 0xD0, 0xFE, 0x3C, 0xB0, 0xFA, 0xD7, 0x8E, 0xFA, 0xF7, 0xA8, 0xF6, 0xCC,
    0x97, 0xCF, 0xB7, 0xC8, 0x97, 0x4B, 0x56, 0x01, 0x75, 0x87, 0x15, 0x3C, 0x85, 0x17, 0xB0, 0xC5,
    0x6C, 0xC1, 0x27, 0x77, 0xCE, 0xCE, 0x1B, 0x91, 0x8F, 0xA0, 0x9C, 0x40, 0xB5, 0x5B, 0x8E, 0xE6,
    0xB6, 0x77, 0xEA, 0xEB, 0x19, 0x59, 0x4C, 0x1D, 0x9F, 0xA4, 0x1E, 0xA9, 0xC3, 0x19, 0x96, 0x38,
    0x80, 0xB9, 0x81, 0x5F, 0xF6, 0xA0, 0xEC, 0x40, 0x0D, 0xFC, 0xA9, 0xBB, 0x3E, 0xDE, 0x2D, 0x13,
    0x53, 0x96, 0xE0, 0x6F, 0x3A, 0x54, 0x50, 0xC3, 0x9F, 0x70, 0xFA, 0x41, 0x4F, 0x35, 0x3C, 0x86,
    0xF6, 0x0A, 0x1A, 0xE7, 0xE7, 0xB3, 0xD4, 0x3B, 0x78, 0x5C, 0x6C, 0xEF, 0x3A, 0x84, 0x7A, 0xF8,
    0x98, 0x36, 0x9E, 0x73, 0x71, 0x7E, 0xCE, 0xB3, 0x66, 0xC7, 0x79, 0x19, 0x9D, 0xDE, 0xFA, 0xFF,
    0x06, 0xA5, 0x93, 0x01, 0x87, 0x24, 0x47, 0x14, 0x80, 0xBF, 0xAE, 0xBA, 0xDB, 0x4E, 0x52, 0x6E,
    0x6B, 0x01, 0xB8, 0x24, 0x15, 0x1C, 0x82, 0xDD, 0x6D, 0x58, 0x2C, 0xE6, 0xAE, 0x5B, 0xFE, 0xC0,
    0xFD, 0x8F, 0x20, 0x77, 0x18, 0x11, 0xAC, 0xEB, 0x0A, 0x08, 0xC0, 0xFD, 0x84, 0x20, 0x60, 0x91,
    0x2C, 0x0E, 0x87, 0x3D, 0x5D, 0x92, 0x3F, 0xD0, 0x01, 0x10, 0xA8, 0x10, 0x81, 0x0B, 0x29, 0x8C,
    0x98, 0xA5, 0x67, 0x3A, 0xF5, 0x94, 0xBD, 0x9D, 0xDC, 0x25, 0x16, 0x29, 0xF3, 0xBE, 0xFE, 0xE6,
    0xBD, 0xF7, 0xBA, 0x46, 0xD7, 0xF4, 0xF9, 0xF9, 0xB9, 0x9F, 0xE7, 0x39, 0xE4, 0x6B, 0xB1, 0xE2,
    0xDF, 0xE6, 0x6B, 0xDA, 0xCD, 0x7D, 0x2E, 0x7E, 0xFE, 0xDD, 0x30, 0xCB, 0x5A, 0x73, 0x50, 0xC5,
    0x3A, 0xD8, 0xAE, 0xF1, 0xED, 0xD8, 0xA6, 0x66, 0x34, 0xDD, 0x5D, 0x5C, 0xF6, 0x3E, 0xBA, 0x68,
    0x73, 0xFE, 0x88, 0x25, 0xEF, 0x66, 0x38, 0xA0, 0xAB, 0xA2, 0x1A, 0x65, 0x32, 0xCF, 0xD2, 0xF8,
    0x9E, 0x76, 0x1C, 0x42, 0x9B, 0x86, 0xB1, 0x19, 0xDB, 0x60, 0x3A, 0xCB, 0x5D, 0xEE, 0xC8, 0x5C,
    0xCE, 0xCF, 0xA1, 0x8F, 0x73, 0x70, 0xB1, 0x0D, 0x36, 0xB8, 0xDC, 0x7F, 0xCC, 0x11, 0xA7, 0x2C,
    0x89, 0xB7, 0xF4, 0x2C, 0xA4, 0x07, 0xF6, 0x3A, 0xB0, 0x23, 0x98, 0xF0, 0xCF, 0xA8, 0x6F, 0x62,
    0x98, 0xE7, 0x69, 0x98, 0x5F, 0x4F, 0xE2, 0xFF, 0x19, 0xE6, 0xB6, 0x18, 0xC1, 0x96, 0xE0, 0x6E,
    0x27, 0xB9, 0xFF, 0xBD, 0xA7, 0xF4, 0x48, 0xDC, 0xFA, 0x5B, 0xCA, 0x9E, 0xE8, 0x11, 0xB7, 0xA6,
    0xDD, 0x32, 0xCF, 0xF9, 0x23, 0x92, 0xBF, 0xE6, 0xA4, 0xC5, 0x74, 0xB5, 0x6F, 0x43, 0x33, 0xBA,
    0xD8, 0xC7, 0x7C, 0x4E, 0xA9, 0x78, 0xC9, 0xB3, 0xB3, 0x86, 0x78, 0x6D, 0xFA, 0xE7, 0xED, 0xB5,
    0xEE, 0xD3, 0x78, 0x8C, 0x18, 0x87, 0xD8, 0xC0, 0x47, 0x62, 0x9C, 0xA2, 0x63, 0x06, 0xC0, 0x57,
    0xA8, 0x44, 0x12, 0xE3, 0x92, 0x6A, 0xA5, 0x82, 0x18, 0x67, 0xB0, 0xAA, 0x3B, 0x31, 0x1E, 0x42,
    0xBA, 0x27, 0x02, 0x6D, 0xD6, 0x32, 0x85, 0xF3, 0xC4, 0x8B, 0xA2, 0x76, 0x54, 0x3F, 0x86, 0xA2,
    0x7A, 0x6D, 0xCA, 0x14, 0xD0, 0xAF, 0xF6, 0x19, 0x22, 0xC3, 0x0A, 0x60, 0x51, 0x5F, 0xBD, 0xD2,
    0xBF, 0x6F, 0x45, 0x2F, 0x5C, 0x30, 0x8F, 0x69, 0x3D, 0x54, 0x63, 0x8B, 0xFE, 0x23, 0xCF, 0x83,
    0xF6, 0xAF, 0x50, 0x13, 0x3A, 0x81, 0x65, 0x12, 0x55, 0x59, 0x0F, 0x59, 0x8B, 0x56, 0x2B, 0x58,
    0x92, 0xD0, 0x13, 0x64, 0x8D, 0xA2, 0x1B, 0x51, 0xED, 0xB3, 0x9A, 0x19, 0x21, 0x3C, 0xC5, 0x3D,
    0xEE, 0x88, 0x7C, 0x08, 0x9F, 0xD2, 0x9A, 0xB1, 0x0A, 0x2C, 0xE1, 0x83, 0x6A, 0x52, 0xAB, 0x1A,
    0x22, 0x54, 0x3F, 0x8C, 0x34, 0xBF, 0xB1, 0xB3, 0x4C, 0xB0, 0xC1, 0x7A, 0x8B, 0xE3, 0x63, 0x8E,
    0x38, 0x64, 0xC1, 0x09, 0x46, 0xFE, 0x84, 0xA1, 0xC1, 0xFA, 0x1C, 0x3C, 0xC2, 0xF1, 0x30, 0x57,
    0x17, 0x1C, 0xE5, 0x38, 0x64, 0x99, 0x79, 0xC1, 0x49, 0x0E, 0x54, 0x87, 0xED, 0x72, 0x91, 0x97,
    0xA8, 0x88, 0x09, 0x34, 0xE4, 0x76, 0x5C, 0x27, 0xC7, 0x5C, 0x25, 0x38, 0x83, 0x63, 0x30, 0x1D,
    0x15, 0x0F, 0x90, 0x46, 0x2B, 0xC7, 0x4C, 0xB5, 0x42, 0x4A, 0x0E, 0xAC, 0xA7, 0x41, 0x1E, 0x7B,
    0x92, 0x11, 0x0B, 0x0B, 0x38, 0x00, 0xF6, 0xE6, 0xE7, 0xD0, 0xFF, 0xB9, 0x41, 0xAD, 0xE9, 0xBD,
    0x89, 0xE4, 0x03, 0x0F, 0x2F, 0x6C, 0x6A, 0x3F, 0xDB, 0xD8, 0xD4, 0xEB, 0xD9, 0xA6, 0x41, 0x70,
    0x5F, 0x6F, 0x6D, 0x44, 0x6D, 0x9A, 0x80, 0x9A, 0xFA, 0x8E, 0x6A, 0xB3, 0x05, 0xE6, 0x95, 0x20,
    0x08, 0x00, 0xA6, 0x37, 0x58, 0x53, 0xB0, 0xBB, 0x5E, 0x00, 0x6A, 0x03, 0xE8, 0xB9, 0x58, 0xC9,
    0x89, 0x27, 0xCA, 0xAA, 0xDE, 0x96, 0xF7, 0x49, 0xEF, 0x01, 0xE0, 0x7C, 0x6C, 0x8B, 0xA4, 0x5F,
    0xE7, 0xD2, 0xB2, 0xF9, 0xA5, 0x3C, 0x5F, 0xEE, 0x7F, 0x4F, 0x59, 0xA6, 0x88, 0x94, 0xE2, 0x4E,
    0x73, 0x19, 0xEF, 0xAF, 0x6F, 0x78, 0xEF, 0xDF, 0xF7, 0x32, 0x41, 0x25, 0x2E, 0x29, 0x2F, 0x0E,
    0x67, 0x3B, 0xF2, 0x40, 0x87, 0x4F, 0x54, 0xB7, 0x50, 0x3C, 0xD3, 0x7E, 0xAA, 0xE3, 0xA9, 0x0D,
    0xFD, 0x4F, 0xDF, 0x4C, 0xF5, 0x74, 0xDA, 0x87, 0xFA, 0xAF, 0x27, 0xCF, 0xE9, 0xBF, 0xBC, 0x82,
    0x2F, 0x5E, 0xC2, 0xDE, 0x6B, 0x0F, 0xC7, 0x59, 0x54, 0x96, 0x5C, 0xF2, 0xB9, 0xB4, 0xE6, 0x4D,
    0xF3, 0x33, 0xFD, 0xB5, 0x8C, 0xBB, 0x90, 0x6F, 0x78, 0x92, 0x6F, 0xA8, 0xBB, 0x77, 0xF7, 0xC2,
    0x88, 0x5C, 0x02, 0x80, 0xF6, 0x42, 0x23, 0xA0, 0xBC, 0x4C, 0x27, 0x02, 0xA2, 0x40, 0x85, 0xB7,
    0x8B, 0xA7, 0x02, 0xD2, 0x4D, 0xB1, 0xBC, 0x1F, 0xFB, 0x02, 0x16, 0x02, 0x2E, 0x04, 0xD5, 0x28,
    0xD4, 0x3B, 0xC5, 0x43, 0x01, 0x4F, 0x05, 0x8C, 0x37, 0x3B, 0xDB, 0x9D, 0x62, 0xD9, 0x99, 0x27,
    0x57, 0xD4, 0x5E, 0x6F, 0xE7, 0xE0, 0xA2, 0x1D, 0x4D, 0x6A, 0x53, 0xE3, 0xF5, 0xD4, 0xA6, 0x16,
    0x35, 0x35, 0xA9, 0xA7, 0xDA, 0xB8, 0xD8, 0x76, 0x85, 0x6A, 0x63, 0xC7, 0x3B, 0xE8, 0xC9, 0x06,
    0x30, 0x2B, 0xA1, 0x8B, 0xC2, 0xC1, 0x9B, 0x20, 0xC7, 0x9F, 0x69, 0x92, 0xD0, 0x79, 0x61, 0x83,
    0xF0, 0xD1, 0x0E, 0x8F, 0x40, 0x75, 0xEC, 0x2C, 0xC9, 0xD4, 0x9E, 0xA1, 0xC3, 0x45, 0xE6, 0x40,
    0x9B, 0x8A, 0x97, 0xFC, 0xDF, 0x9C, 0xD1, 0x81, 0x86, 0x1D, 0x31, 0x14, 0x80, 0xE1, 0x7F, 0x26,
    0xAD, 0xA1, 0x61, 0xB3, 0x28, 0x14, 0x6E, 0xFA, 0x00, 0xDD, 0x19, 0x80, 0xE2, 0xDE, 0x69, 0x1E,
    0xA1, 0xD0, 0xE7, 0xB8, 0x50, 0x5C, 0xCC, 0xDA, 0xF4, 0x0D, 0xF6, 0x39, 0x6E, 0xD1, 0x62, 0x51,
    0xDC, 0xDD, 0xC9, 0x23, 0xA4, 0x7D, 0x82, 0x41, 0x1F, 0x20, 0x18, 0x35, 0x6A, 0x77, 0xD3, 0x23,
    0xC6, 0x2A, 0x05, 0x4A, 0x3E, 0xCE, 0x91, 0x23, 0xE7, 0xC8, 0x61, 0x3F, 0x51, 0x4F, 0x2D, 0xC6,
    0x69, 0x6F, 0x51, 0x71, 0x27, 0xD9, 0x8E, 0x2A, 0x0D, 0x2B, 0xC9, 0x53, 0x2F, 0x3A, 0xB9, 0x33,
    0x5E, 0x7B, 0x25, 0xB5, 0xEC, 0x7F, 0xC2, 0x2B, 0xC0, 0x84, 0xBF, 0x38, 0xE8, 0x80, 0x2D, 0x30,
    0x83, 0x9A, 0xDE, 0xA3, 0x3F, 0x25, 0x6C, 0x95, 0xD8, 0x8A, 0xBB, 0xCF, 0xBF, 0xFD, 0x98, 0x73,
    0x40, 0xE2, 0x27, 0x08, 0x00, 0xEA, 0xF0, 0xE2, 0xF8, 0xC5, 0x99, 0xFC, 0xC8, 0x06, 0x8A, 0x0B,
    0x60, 0x8B, 0xF8, 0x00, 0xEF, 0xF2, 0xC2, 0x39, 0x23, 0x60, 0x3D, 0x6B, 0xC3, 0xD7, 0x62, 0xC6,
    0xF8, 0x13, 0x1D, 0x3D, 0x27, 0x9A, 0x1C, 0x01, 0xA0, 0x5B, 0xA8, 0x67, 0xEB, 0x64, 0xD2, 0x60,
    0xA9, 0x63, 0xBF, 0xBE, 0x73, 0x39, 0x4E, 0x8C, 0xEE, 0x96, 0x5B, 0xAC, 0xBB, 0xC7, 0x84, 0x13,
    0x5A, 0x34, 0x61, 0x10, 0xBD, 0x30, 0x4E, 0x3B, 0x15, 0x2F, 0xE0, 0x6A, 0x02, 0xE0, 0xEC, 0x78,
    0xBC, 0xEE, 0x72, 0x9E, 0x0E, 0x54, 0xF1, 0x9C, 0xC6, 0xC3, 0x06, 0x38, 0x40, 0x35, 0xF1, 0x94,
    0x0E, 0x40, 0x02, 0x35, 0x81, 0x5E, 0xBF, 0xC1, 0x0A, 0x13, 0x01, 0x07, 0x55, 0xF6, 0x68, 0xFF,
    0x15, 0xCB, 0x96, 0x96, 0x37, 0x85, 0xC4, 0xE8, 0xEF, 0x33, 0x75, 0x0E, 0x72, 0x1F, 0xD1, 0x3F,
    0x16, 0x7A, 0x76, 0xBC, 0xC5, 0xF2, 0x11, 0xC3, 0x61, 0xAD, 0x36, 0xEE, 0x9B, 0xD4, 0x5C, 0x97,
    0x79, 0x54, 0xBC, 0xC4, 0x60, 0xDC, 0x06, 0x15, 0x5A, 0xEA, 0xA9, 0xEC, 0x83, 0x2A, 0x59, 0x57,
    0x27, 0x13, 0x54, 0x52, 0xB3, 0x49, 0xEC, 0x7F, 0x95, 0x49, 0x9E, 0x49, 0x8D, 0x74, 0xF0, 0x3B,
    0x6C, 0xF9, 0x9D, 0xF2, 0xC6, 0xFF, 0xEE, 0x18, 0x18, 0x18, 0xE7, 0x32, 0x43, 0x39, 0xF5, 0x3F,
    0x47, 0x49, 0xE7, 0x47, 0xAE, 0xB2, 0xAB, 0xC6, 0x88, 0xF6, 0xF7, 0x58, 0x7A, 0x5A, 0x61, 0xC5,
    0x73, 0x06, 0x60, 0x06, 0x15, 0xC1, 0x02, 0x37, 0x50, 0x07, 0xC2, 0x19, 0x8D, 0x6F, 0x8F, 0x59,
    0x16, 0xFB, 0x00, 0x80, 0x7E, 0x60, 0x30, 0xFE, 0xA6, 0x09, 0x4B, 0x13, 0x5E, 0x5A, 0x57, 0x9D,
    0x30, 0xD9, 0xD3, 0x24, 0x98, 0x61, 0xA1, 0x9A, 0x25, 0xBE, 0xCB, 0xA1, 0xFB, 0xB3, 0x9F, 0x43,
    0x28, 0xD9, 0x8D, 0x26, 0x3B, 0x00, 0xAD, 0x94, 0x31, 0x6C, 0xED, 0x48, 0x15, 0x86, 0x7F, 0xDB,
    0xBC, 0xB5, 0xF4, 0x2C, 0x9E, 0xB7, 0x58, 0x1A, 0xB2, 0xDA, 0xA1, 0x25, 0x8D, 0x1B, 0x8A, 0x57,
    0x24, 0xF1, 0x00, 0xC5, 0xB6, 0x34, 0xF4, 0x7D, 0x15, 0x4A, 0x8A, 0x65, 0xAF, 0xFB, 0x6D, 0xD2,
    0x37, 0x34, 0x8B, 0xB4, 0xDC, 0x14, 0x41, 0xE8, 0x16, 0x14, 0x3C, 0x66, 0x3A, 0x4A, 0xDC, 0x57,
    0x96, 0xD8, 0x86, 0x5B, 0x90, 0x29, 0x2C, 0xAD, 0x37, 0xB1, 0x7D, 0x98, 0xFF, 0x0C, 0xB1, 0x12,
    0x36, 0x91, 0x40, 0x3C, 0x2B, 0xFA, 0xBE, 0xC9, 0xCC, 0xF1, 0x9D, 0x33, 0x33, 0x9E, 0x83, 0x57,
    0x39, 0x00, 0x7C, 0x52, 0x75, 0xCF, 0xD3, 0x48, 0x94, 0x91, 0xDB, 0x29, 0xF2, 0xBE, 0x73, 0x16,
    0xBB, 0x2F, 0x3A, 0xE3, 0x33, 0xA9, 0xBA, 0x2A, 0x14, 0x6B, 0xD5, 0x15, 0x63, 0x45, 0xCE, 0x35,
    0x39, 0x99, 0xC8, 0xDC, 0x36, 0x91, 0x40, 0xFB, 0xCF, 0x17, 0xB8, 0x6E, 0x44, 0x43, 0xBE, 0x32,
    0xE4, 0x9B, 0x9A, 0xFC, 0xB8, 0x24, 0xDF, 0xE6, 0x12, 0x19, 0x20, 0x5F, 0x74, 0x85, 0x47, 0x73,
    0xDF, 0x35, 0x0F, 0x39, 0x7C, 0x72, 0x29, 0xDD, 0xB3, 0x79, 0x96, 0x16, 0x0F, 0x4F, 0x2B, 0x22,
    0x33, 0x70, 0x12, 0xB5, 0x00, 0xF9, 0x0A, 0x38, 0x00, 0x51, 0xB5, 0x55, 0x95, 0x5E, 0x95, 0x59,
    0x15, 0xF0, 0x58, 0x3F, 0xDA, 0x75, 0xD4, 0x1F, 0x6F, 0x43, 0x54, 0x79, 0x57, 0x8C, 0x10, 0x91,
    0x29, 0x57, 0x85, 0x9C, 0x9D, 0x26, 0xE4, 0x96, 0x63, 0x03, 0xF0, 0xDF, 0x2B, 0x13, 0x94, 0x01,
    0xC8, 0xC5, 0xD6, 0x23, 0xD0, 0xC8, 0xE8, 0xA4, 0x43, 0x2B, 0x93, 0x88, 0x07, 0x32, 0x37, 0x9E,
    0x01, 0x66, 0x95, 0x77, 0xC0, 0xCE, 0x96, 0x02, 0xCC, 0x80, 0xD8, 0x6C, 0x02, 0x1A, 0x9F, 0x47,
    0x56, 0x9E, 0xED, 0xBC, 0xCF, 0x66, 0xF0, 0x11, 0xA2, 0xD6, 0x45, 0xBE, 0xBE, 0xB9, 0xDB, 0x7F,
    0x05, 0x54, 0x81, 0x5D, 0x85, 0x32, 0x1F, 0x23, 0x5E, 0x5F, 0xAF, 0xB1, 0x3F, 0xC5, 0x00, 0xFA,
    0x5A, 0x36, 0x6D, 0xA3, 0x1A, 0xF9, 0x13, 0x54, 0x3D, 0x10, 0xD0, 0x58, 0xE4, 0x03, 0xDE, 0x71,
    0xAE, 0x72, 0xDD, 0x3B, 0xB1, 0xDC, 0x3E, 0x41, 0xB5, 0x02, 0x90, 0x15, 0x95, 0x74, 0x6A, 0xEC,
    0x7A, 0xA0, 0x1E, 0x80, 0x36, 0x30, 0xA1, 0xE8, 0x39, 0xED, 0xE4, 0xC5, 0x9A, 0x7C, 0x26, 0x36,
    0xB9, 0xF5, 0xC9, 0x26, 0x24, 0x57, 0x53, 0x72, 0xBE, 0xD0, 0xA7, 0xEB, 0xB5, 0xEC, 0x6F, 0x8E,
    0x9C, 0x85, 0x4F, 0x87, 0x33, 0xD4, 0x41, 0xC7, 0x51, 0x4E, 0xC9, 0xF9, 0x92, 0x0C, 0xF9, 0x34,
    0xB9, 0xFD, 0x6B, 0xB2, 0xF9, 0x26, 0xB9, 0x92, 0xE4, 0x82, 0xFE, 0x0D, 0x00, 0x5A, 0xA2, 0x77,
    0x1E, 0x95, 0x0C, 0x5C, 0x0A, 0x6A, 0x09, 0x40, 0xCD, 0xFF, 0x45, 0xAE, 0x80, 0x52, 0x8E, 0x6E,
    0x02, 0xE0, 0x7C, 0xC6, 0xC0, 0xD6, 0x63, 0xD7, 0xA9, 0x9A, 0x9E, 0xE2, 0xCA, 0x52, 0x46, 0xFE,
    0xD4, 0x1D, 0xF7, 0x37, 0x77, 0x5D, 0xEA, 0x04, 0x65, 0x52, 0x48, 0xEB, 0x55, 0xCE, 0x52, 0xE5,
    0x82, 0x28, 0x91, 0x81, 0x3A, 0xFE, 0x1E, 0x94, 0xC7, 0xFF, 0x26, 0xEE, 0x28, 0x33, 0x5B, 0xA8,
    0x4A, 0x56, 0xAA, 0x95, 0xA9, 0x14, 0xB1, 0x46, 0x42, 0x23, 0x63, 0x11, 0xFB, 0x8C, 0x0C, 0xA5,
    0x00, 0x6E, 0x00, 0x44, 0xBF, 0xE5, 0x36, 0xAD, 0x79, 0x85, 0xA6, 0xFE, 0x67, 0x76, 0x6B, 0xA2,
    0x13, 0x3F, 0x1E, 0xD4, 0x01, 0x08, 0x69, 0x45, 0x23, 0xF2, 0xA0, 0x5B, 0x61, 0x66, 0x14, 0x3D,
    0x60, 0x06, 0xB4, 0xB1, 0xE5, 0xC1, 0xA0, 0xF3, 0x55, 0x0F, 0xB1, 0x0A, 0xF8, 0x4C, 0xF4, 0x5E,
    0x94, 0x13, 0x46, 0x87, 0x1A, 0xF8, 0x20, 0x7E, 0x3A, 0x6B, 0xDC, 0xAD, 0x3D, 0xB7, 0x2E, 0x3D,
    0x16, 0x90, 0xC2, 0x9B, 0xFE, 0x33, 0x00, 0x70, 0xA5, 0xAF, 0xC3, 0x9F, 0x00, 0xB0, 0x12, 0x54,
    0x21, 0x68, 0xD6, 0x7F, 0x43, 0xF9, 0xAD, 0xB6, 0x9A, 0x5B, 0x14, 0xAB, 0xAE, 0xAB, 0x5E, 0x90,
    0x8B, 0xD7, 0xD6, 0x0C, 0xA4, 0x56, 0xC9, 0x96, 0x65, 0xAB, 0x18, 0x81, 0x1D, 0x1B, 0x9A, 0xE4,
    0x45, 0xDA, 0xCC, 0x31, 0x1B, 0x23, 0xD7, 0x6C, 0x8A, 0x94, 0x48, 0x60, 0xA7, 0x6C, 0x7F, 0x4A,
    0x36, 0x1B, 0x8B, 0xF0, 0xFF, 0x13, 0xD9, 0xC6, 0x91, 0xCC, 0x67, 0xE4, 0x53, 0x9B, 0xF1, 0xB6,
    0xB7, 0x70, 0x4A, 0x23, 0x32, 0x02, 0x40, 0x4A, 0xB8, 0x23, 0x0D, 0x99, 0x09, 0x99, 0x2B, 0xD1,
    0x2A, 0x1B, 0xB2, 0xD0, 0xDB, 0x9C, 0xBB, 0x63, 0x87, 0x0F, 0xBE, 0x64, 0xA4, 0x93, 0xDF, 0x76,
    0x28, 0xA6, 0x52, 0x3A, 0xDE, 0x35, 0xD7, 0xA1, 0xF6, 0x8C, 0x6F, 0xF4, 0xAF, 0xB5, 0x30, 0x91,
    0xF8, 0x0E, 0x53, 0x7F, 0x47, 0x36, 0x9E, 0xAC, 0x7B, 0xB2, 0x0A, 0x3C, 0xD5, 0x62, 0x86, 0x4C,
    0x80, 0xDC, 0xDE, 0xB0, 0xC2, 0x7D, 0xFB, 0x63, 0x3C, 0x79, 0xF2, 0xFD, 0x3E, 0x5E, 0xFB, 0x22,
    0x5D, 0x7B, 0xE0, 0x72, 0xB5, 0x91, 0x46, 0x5C, 0x88, 0x72, 0x5D, 0x96, 0xAA, 0x21, 0x67, 0xA8,
    0x58, 0xCE, 0x3D, 0xEA, 0xA0, 0xDF, 0x4E, 0xD3, 0x47, 0xE9, 0xCF, 0x33, 0xCF, 0x5D, 0x5A, 0x51,
    0xAA, 0x9E, 0x3F, 0x94, 0x23, 0x0B, 0x8C, 0x9E, 0xDA, 0x7F, 0xEA, 0x94, 0x63, 0x5B, 0xB9, 0xE5,
    0xE5, 0x03, 0x3E, 0x42, 0xDB, 0x47, 0xBD, 0x45, 0x33, 0x44, 0xFD, 0x4A, 0x67, 0xC0, 0xA0, 0x07,
    0x9F, 0x7B, 0x9D, 0xBD, 0x62, 0x2E, 0x3D, 0x3F, 0x5C, 0xD4, 0xE2, 0x18, 0x05, 0xC7, 0xA4, 0x64,
    0x2A, 0x64, 0x61, 0x69, 0xCC, 0xDD, 0xC4, 0x42, 0xA9, 0x7B, 0x2A, 0xC0, 0xE7, 0xA0, 0xB2, 0x49,
    0x55, 0x04, 0x55, 0xED, 0x55, 0x2D, 0x54, 0xB3, 0xAA, 0x08, 0xAA, 0x3A, 0xA9, 0x65, 0x67, 0x2B,
    0xEF, 0x64, 0x61, 0x9E, 0x61, 0xF7, 0x0F, 0x76, 0xFA, 0xA6, 0xA7, 0x98, 0x14, 0x55, 0x4E, 0xAA,
    0x7C, 0x51, 0x41, 0x92, 0x5A, 0xAF, 0x32, 0x03, 0xC5, 0x50, 0xE6, 0x52, 0xCF, 0xCC, 0x0C, 0x4E,
    0xBA, 0x98, 0x67, 0x26, 0xE2, 0x2B, 0xD6, 0xAE, 0xC7, 0x65, 0x25, 0xDF, 0xCA, 0x0A, 0x58, 0x41,
    0xDC, 0x31, 0x46, 0xF2, 0xF1, 0xEC, 0xE4, 0x84, 0xAA, 0xAD, 0xC8, 0xA4, 0x90, 0xAD, 0x0E, 0x3D,
    0x54, 0xA5, 0x93, 0xF9, 0x71, 0x59, 0xF9, 0xDD, 0x7B, 0x2B, 0x2B, 0x00, 0x5E, 0x25, 0x99, 0x97,
    0x75, 0x29, 0x9D, 0xBE, 0x28, 0x53, 0x54, 0xF3, 0xB5, 0x61, 0xA5, 0x73, 0x9D, 0x31, 0x7A, 0x6E,
    0xA6, 0x0A, 0x3C, 0x45, 0x53, 0x8C, 0xA8, 0xC7, 0xA8, 0x09, 0x75, 0x88, 0x8A, 0x3D, 0x43, 0xD4,
    0x15, 0xBF, 0x21, 0xC3, 0x1C, 0xFE, 0x2D, 0xBF, 0xFD, 0x27, 0xE2, 0x93, 0x3A, 0xAA, 0x5A, 0xD0,
    0xF2, 0x85, 0x05, 0x4D, 0x80, 0xC9, 0x17, 0x98, 0xA4, 0x7A, 0x8A, 0x9A, 0x39, 0x03, 0x95, 0xAF,
    0x9C, 0x48, 0x67, 0x2F, 0x59, 0xCE, 0x47, 0x73, 0xA9, 0x9B, 0x2D, 0xF3, 0x96, 0xE7, 0x4B, 0x4B,
    0x79, 0x43, 0x94, 0x3F, 0x93, 0xAF, 0xA3, 0xEA, 0x9B, 0x7B, 0xE1, 0xC8, 0x84, 0x26, 0xD5, 0xEE,
    0x2A, 0x68, 0xD5, 0x29, 0xA2, 0xE6, 0x54, 0x83, 0x02, 0x50, 0x46, 0x31, 0x38, 0xA8, 0xDC, 0x80,
    0xD3, 0xFD, 0xFE, 0x5A, 0x8E, 0x57, 0xE9, 0xA8, 0x06, 0x3C, 0xF3, 0xC4, 0x10, 0x3E, 0x0F, 0x21,
    0xD9, 0x02, 0x3E, 0xF9, 0xAC, 0xCA, 0xA8, 0xEF, 0x27, 0xB5, 0x40, 0x14, 0xC7, 0x77, 0x40, 0x35,
    0x83, 0x89, 0x38, 0xCE, 0xB9, 0xBA, 0xFB, 0x41, 0x6F, 0xE8, 0xA7, 0x3E, 0x0A, 0x1F, 0x12, 0x38,
    0x3C, 0xCF, 0x4B, 0xB9, 0x7A, 0x58, 0x7C, 0x33, 0x1C, 0x76, 0x16, 0xCE, 0x1E, 0xEA, 0x3E, 0x5F,
    0x71, 0x28, 0x43, 0x31, 0xE3, 0x50, 0x8C, 0xD5, 0x18, 0x39, 0xD7, 0x21, 0x72, 0x32, 0x03, 0x0E,
    0x99, 0x6D, 0x7A, 0xBE, 0xDB, 0x26, 0xFA, 0x47, 0x7C, 0xDC, 0x3F, 0x90, 0x4D, 0x88, 0xFC, 0x9E,
    0x21, 0xDF, 0xD4, 0x63, 0xE4, 0xC7, 0xE5, 0x1C, 0xF9, 0xB6, 0x58, 0x23, 0xFF, 0x00, 0xB1, 0x87,
    0xBC, 0x8F, 0xA1, 0x07, 0x63, 0x51, 0x89, 0x4C, 0x69, 0xFF, 0x5F, 0xCC, 0x56, 0x8B, 0xC1, 0xE9,
    0xB5, 0xB0, 0x30, 0x38, 0x86, 0x35, 0xFD, 0xC3, 0xDE, 0x56, 0x63, 0xDC, 0xB6, 0x9B, 0xF5, 0x2B,
    0x0D, 0x49, 0xDB, 0x9E, 0x06, 0xCC, 0x00, 0x0D, 0x3E, 0xBD, 0x59, 0x80, 0x56, 0xD8, 0xA5, 0x57,
    0xB3, 0xD0, 0xFD, 0x5C, 0x09, 0x67, 0xC1, 0x15, 0x6C, 0xBF, 0xF7, 0x34, 0xA6, 0x12, 0x0B, 0x08,
    0x5F, 0xFC, 0xC1, 0x2F, 0x7F, 0x91, 0x6A, 0xC4, 0xC6, 0xCA, 0x92, 0x8E, 0x94, 0x11, 0xA4, 0xD6,
    0x44, 0x36, 0x73, 0xE1, 0x68, 0xF3, 0x77, 0x8E, 0x5E, 0x14, 0xF7, 0x93, 0x8E, 0x76, 0xE9, 0x83,
    0x29, 0x86, 0x4C, 0x02, 0xCA, 0x60, 0xBE, 0x89, 0x1C, 0xDA, 0x9F, 0x07, 0x54, 0xFD, 0x87, 0x45,
    0x60, 0xE5, 0x89, 0x34, 0x1D, 0xD9, 0x5A, 0x72, 0x45, 0x64, 0x3E, 0x93, 0x75, 0x20, 0x9D, 0x8F,
    0x94, 0x15, 0xDB, 0x8C, 0x6C, 0x02, 0x1F, 0x11, 0xE7, 0x2F, 0xE0, 0x44, 0x26, 0x64, 0x2C, 0x29,
    0xE5, 0x72, 0xDE, 0x0C, 0xF5, 0x70, 0x5E, 0x8C, 0xC6, 0x9F, 0x67, 0x73, 0x6B, 0xCF, 0xB1, 0xB4,
    0x31, 0xE4, 0x2F, 0xC4, 0xE7, 0x8A, 0x8B, 0x07, 0x5C, 0xBC, 0x07, 0x9C, 0xE1, 0xC2, 0x88, 0xAC,
    0x16, 0xB5, 0x1C, 0xDD, 0xA8, 0x25, 0x76, 0x01, 0x1C, 0x1B, 0xD8, 0xE9, 0x96, 0x6F, 0x6C, 0xBE,
    0xC3, 0xD4, 0xBF, 0xB3, 0x91, 0x99, 0xC6, 0xC7, 0xF2, 0x65, 0x44, 0xA4, 0xC7, 0x6B, 0x39, 0x7E,
    0x09, 0xF6, 0xE0, 0x29, 0x4F, 0xE3, 0xBD, 0xDA, 0x0A, 0xDC, 0xCE, 0x6E, 0x47, 0x0B, 0xF1, 0x7A,
    0x8E, 0x53, 0xA4, 0x91, 0x39, 0xED, 0x17, 0x77, 0xEC, 0x0C, 0xBF, 0x7E, 0xCA, 0x36, 0xDD, 0x03,
    0xB9, 0x16, 0xCB, 0x54, 0xCD, 0xC0, 0xDB, 0x55, 0x4C, 0x24, 0x0F, 0x61, 0x61, 0x63, 0x23, 0x7B,
    0x74, 0x14, 0x1A, 0x89, 0xF8, 0x56, 0x17, 0x29, 0x32, 0xB2, 0xE7, 0x64, 0x25, 0x21, 0x96, 0x6C,
    0x3D, 0xD9, 0xF4, 0xA4, 0x19, 0xC8, 0x5A, 0x69, 0x12, 0xFB, 0x6C, 0x4D, 0x65, 0x9A, 0x09, 0x17,
    0x62, 0xCB, 0x15, 0x8D, 0xDC, 0xC9, 0x88, 0x96, 0xBB, 0xF7, 0x4C, 0x9E, 0x89, 0xFF, 0x02, 0xB5,
    0x94, 0x01, 0x87, 0x25, 0x47, 0x10, 0xC7, 0x6B, 0x66, 0x2E, 0x9A, 0x34, 0x06, 0x16, 0x01, 0xE6,
    0x10, 0x04, 0x9B, 0xEB, 0x20, 0x08, 0x76, 0xF7, 0xF5, 0x05, 0x16, 0x87, 0x1C, 0x3C, 0x00, 0xC9,
    0x07, 0x48, 0x04, 0xE0, 0xB0, 0xB3, 0xDB, 0xE4, 0x03, 0xE4, 0x3E, 0x4C, 0x70, 0x98, 0x97, 0x1D,
    0x20, 0x80, 0x34, 0x10, 0x04, 0x06, 0xF7, 0x01, 0x3A, 0x34, 0x19, 0xEE, 0xBD, 0x7B, 0xA9, 0x7F,
    0x4D, 0x4F, 0xB9, 0x17, 0x97, 0x5C, 0x48, 0xD2, 0xF8, 0x75, 0xA9, 0xEA, 0xAA, 0xAA, 0xA9, 0xAE,
    0x69, 0x5A, 0xD7, 0xFB, 0x42, 0x72, 0x42, 0x1A, 0x84, 0x75, 0x92, 0xCD, 0x8E, 0xFF, 0xD0, 0x74,
    0x77, 0xC4, 0x8A, 0x65, 0x13, 0xA5, 0x1C, 0x51, 0x07, 0x75, 0xA7, 0xB7, 0x1B, 0x77, 0x6A, 0xD4,
    0x92, 0x74, 0x19, 0x0F, 0x76, 0x51, 0x12, 0x65, 0x46, 0xF5, 0xEA, 0x35, 0xD4, 0xBF, 0x7C, 0x1F,
    0x58, 0x7D, 0xFD, 0xDD, 0x44, 0xD4, 0x9B, 0x30, 0x53, 0x95, 0x4D, 0xB8, 0x22, 0x13, 0x4D, 0xE8,
    0x42, 0xE7, 0x4D, 0x30, 0x53, 0x4F, 0x26, 0x54, 0xF9, 0x43, 0x26, 0x7D, 0x45, 0x20, 0xFD, 0x67,
    0xFC, 0x73, 0xFB, 0xDA, 0x45, 0x69, 0x26, 0xD9, 0xAA, 0x79, 0xD1, 0xDE, 0x0A, 0xA9, 0x5B, 0x8C,
    0xCD, 0x62, 0xA4, 0x2C, 0xA4, 0xCB, 0x62, 0xF4, 0x27, 0xDD, 0x1B, 0x97, 0x70, 0x5E, 0xB6, 0x5E,
    0x58, 0x2D, 0x0E, 0x26, 0x96, 0xF3, 0x1A, 0x5A, 0x13, 0x21, 0xAD, 0x16, 0x71, 0xDA, 0x3E, 0xAB,
    0xF1, 0xFE, 0x3D, 0x1F, 0x82, 0xCF, 0x07, 0x66, 0x9D, 0x36, 0x4C, 0x1B, 0xDB, 0xB1, 0xF5, 0xCE,
    0x37, 0xA9, 0xF5, 0x7C, 0x83, 0x43, 0xFB, 0x98, 0x2B, 0x75, 0xED, 0x75, 0xE4, 0xB4, 0x3F, 0x7F,
    0xC9, 0x0E, 0xF5, 0x51, 0x6E, 0xFD, 0x3E, 0x81, 0x6E, 0xD4, 0x7A, 0x4E, 0xDA, 0xF7, 0xD1, 0x7A,
    0xF5, 0x57, 0x22, 0x0C, 0xA5, 0x5F, 0x75, 0x2A, 0xDF, 0x65, 0xC7, 0xF2, 0x9D, 0x6E, 0xFD, 0xEE,
    0x61, 0xE9, 0x43, 0x99, 0x9E, 0x26, 0xAE, 0xD3, 0x94, 0xD7, 0x01, 0xEA, 0x31, 0x91, 0xB2, 0x54,
    0x58, 0x4D, 0x97, 0xE5, 0x70, 0x95, 0x8B, 0xBB, 0x89, 0x1A, 0xB0, 0xA4, 0xE8, 0xD7, 0xA4, 0x79,
    0x2D, 0x23, 0x96, 0x19, 0xED, 0x82, 0x96, 0xAA, 0xC5, 0xBF, 0x6B, 0x56, 0x0F, 0xFF, 0xFF, 0xAC,
    0x8A, 0xD7, 0xC3, 0x1E, 0xCC, 0x8E, 0xA3, 0x35, 0x93, 0xE5, 0xC8, 0x6D, 0xA8, 0x13, 0xB2, 0xD0,
    0x80, 0x8C, 0xE4, 0x0C, 0xB2, 0xDB, 0x9F, 0x50, 0x49, 0xFD, 0xEA, 0x47, 0xB9, 0x97, 0x19, 0x74,
    0xD3, 0xE9, 0x54, 0x3B, 0xEE, 0x56, 0xD8, 0x08, 0xA0, 0xDB, 0xC0, 0x7C, 0x89, 0x93, 0x17, 0xB7,
    0x40, 0x17, 0x18, 0x66, 0x62, 0x54, 0x33, 0x83, 0x6E, 0x81, 0x2E, 0x30, 0xCC, 0xC4, 0xA8, 0x66,
    0x06, 0x2B, 0x19, 0x5D, 0x38, 0x23, 0x56, 0xEA, 0x98, 0xF6, 0xC0, 0x07, 0x15, 0x47, 0x9E, 0x81,
    0x3D, 0xBA, 0x0B, 0x58, 0xC0, 0x7D, 0xCD, 0xD8, 0x9D, 0xB3, 0x2A, 0x33, 0x6C, 0x64, 0x38, 0xCF,
    0xD8, 0xD1, 0x39, 0xAB, 0x18, 0x36, 0xD2, 0xC7, 0xAC, 0x62, 0xEC, 0xB8, 0x9E, 0x3A, 0x33, 0x58,
    0x45, 0x67, 0xAC, 0x2A, 0xFF, 0xD2, 0x19, 0xF0, 0x40, 0x7F, 0x2D, 0x31, 0xC8, 0x11, 0x1C, 0x16,
    0xB7, 0x12, 0x40, 0x42, 0xD5, 0x99, 0xC1, 0x4A, 0x86, 0xF3, 0x0C, 0x1B, 0x19, 0x75, 0x66, 0xD0,
    0x0E, 0x70, 0xDF, 0xC0, 0xFD, 0xC0, 0xA8, 0x0F, 0x28, 0x57, 0xB0, 0xD7, 0x14, 0x17, 0xC0, 0xCC,
    0x29, 0x9B, 0xE9, 0x06, 0x7F, 0xDE, 0x33, 0x0C, 0x05, 0x63, 0x66, 0x34, 0x13, 0xA3, 0x0D, 0xF4,
    0x19, 0xAB, 0x18, 0x33, 0xA3, 0x99, 0x18, 0x6D, 0x60, 0x5C, 0x11, 0x63, 0x96, 0xC6, 0x02, 0x01,
    0xE0, 0xC8, 0x5E, 0x40, 0xCB, 0x6A, 0x22, 0xD8, 0x8E, 0xE0, 0x46, 0x34, 0x7B, 0x51, 0x27, 0x51,
    0x07, 0x51, 0x6F, 0xB7, 0x4F, 0xF9, 0x06, 0xD9, 0x69, 0x92, 0x19, 0x3F, 0xC8, 0xEC, 0xDE, 0x79,
    0x3B, 0x62, 0x78, 0xEB, 0x84, 0xC2, 0x30, 0xD7, 0x55, 0x12, 0x43, 0x62, 0x25, 0x58, 0x8F, 0xD0,
    0xBC, 0x91, 0xE2, 0xBD, 0xED, 0x76, 0x7B, 0x2F, 0x15, 0xEC, 0x85, 0xCF, 0x49, 0xD7, 0xB9, 0xD0,
    0xE9, 0x7B, 0xAD, 0xCF, 0xF5, 0x70, 0x6A, 0xC0, 0xC0, 0xA4, 0xFA, 0x08, 0xB6, 0x2F, 0xA1, 0x71,
    0x62, 0xBD, 0x94, 0x93, 0x37, 0xE2, 0xF5, 0x02, 0x6A, 0x90, 0x4D, 0x37, 0x88, 0xCC, 0x56, 0xBD,
    0x23, 0xB2, 0x2F, 0x41, 0x89, 0x80, 0x68, 0xE0, 0x1B, 0xEB, 0x13, 0xA0, 0x64, 0xD5, 0x86, 0x68,
    0x49, 0x12, 0xFE, 0xF4, 0x80, 0xFB, 0xEB, 0x03, 0xCD, 0x51, 0x96, 0xEE, 0xEA, 0xA8, 0xE7, 0x4C,
    0xF1, 0xEB, 0xBC, 0xBE, 0x37, 0x83, 0x4C, 0x70, 0x31, 0x4F, 0xC5, 0x1C, 0xA4, 0x76, 0xCC, 0xF4,
    0xAE, 0x3C, 0xD1, 0x9F, 0x6A, 0x57, 0xF5, 0xFD, 0xE6, 0x8E, 0x62, 0x4D, 0xBA, 0x17, 0xBD, 0x9E,
    0xA3, 0xB9, 0xEC, 0x57, 0x80, 0x5E, 0xAE, 0xE4, 0xD1, 0x07, 0x5E, 0xDF, 0x7B, 0x7D, 0xFE, 0xA5,
    0xCE, 0xD3, 0x55, 0xA9, 0xD4, 0x69, 0xF7, 0xEE, 0x12, 0xD1, 0x53, 0x31, 0x62, 0x70, 0x93, 0xB8,
    0xFD, 0xFA, 0x6D, 0x91, 0xBA, 0x27, 0x4F, 0xC6, 0x45, 0xEA, 0xED, 0xE7, 0x49, 0xA4, 0x2A, 0x5B,
    0x3F, 0x88, 0x64, 0xA2, 0xF5, 0x4E, 0xA4, 0xCE, 0x5B, 0xDF, 0x8E, 0x49, 0x2A, 0xB0, 0xBE, 0x49,
    0x90, 0x9E, 0xB1, 0x44, 0x22, 0x11, 0x24, 0xFA, 0x1B, 0xE9, 0x31, 0xA4, 0x07, 0x90, 0xBE, 0xF0,
    0x2C, 0x3D, 0x82, 0x74, 0x1D, 0x59, 0xEA, 0xC5, 0x9A, 0x29, 0x55, 0x59, 0x3C, 0x7A, 0x4A, 0x26,
    0x8A, 0xD4, 0xF9, 0xD4, 0x79, 0x91, 0x4C, 0x4C, 0x3D, 0x89, 0x54, 0xE5, 0xDF, 0x72, 0x89, 0xDC,
    0xFF, 0x1E, 0x8B, 0xD4, 0xE9, 0xFF, 0x62, 0x0E, 0x60, 0x79, 0xD6, 0xDF, 0xB6, 0xAA, 0x11, 0x34,
    0x09, 0x6C, 0x07, 0xF0, 0xE2, 0x11, 0x98, 0x6C, 0xC0, 0x65, 0xD4, 0x51, 0x02, 0xFE, 0x80, 0x17,
    0x02, 0x93, 0xF9, 0x82, 0x4F, 0x51, 0x35, 0xB1, 0x69, 0x94, 0x77, 0x31, 0x21, 0xD5, 0xFD, 0x7E,
    0xC3, 0x3C, 0xBE, 0xA6, 0x06, 0x5F, 0xF2, 0x2E, 0x1E, 0x8F, 0x0B, 0x27, 0xFA, 0x03, 0xC4, 0xD4,
    0x2F, 0x8C, 0xE4, 0x54, 0x18, 0x00, 0xF0, 0x5F, 0xDB, 0x83, 0x8A, 0x26, 0xD4, 0x92, 0x5C, 0xEE,
    0x6A, 0x10, 0x98, 0xBD, 0xFA, 0xA4, 0xB3, 0x7D, 0xA7, 0xF0, 0xDE, 0x20, 0x71, 0x67, 0x56, 0x20,
    0xE6, 0x6E, 0x0A, 0x5E, 0xAC, 0x57, 0xE8, 0xD3, 0x2B, 0x56, 0xEC, 0x32, 0xBD, 0x9C, 0x4F, 0x0A,
    0x08, 0xEC, 0x24, 0xE0, 0x10, 0x54, 0x4C, 0x42, 0x81, 0x99, 0x7D, 0x4C, 0x27, 0x37, 0x19, 0x2E,
    0x41, 0xA0, 0xA0, 0xE2, 0x97, 0xAF, 0x7D, 0xDF, 0x9F, 0x34, 0xFD, 0xD2, 0xA7, 0xD7, 0xA8, 0xF6,
    0xB0, 0x1A, 0x90, 0x4F, 0xF0, 0x00, 0x6D, 0x40, 0xD9, 0x23, 0x1B, 0x91, 0x4E, 0xB0, 0xE3, 0xF1,
    0xC3, 0x9E, 0xED, 0x8B, 0x28, 0xEB, 0xF3, 0xA8, 0x08, 0x49, 0x0C, 0x25, 0xEB, 0xAE, 0xA6, 0xED,
    0x5B, 0xEA, 0x99, 0x6A, 0xA6, 0xEC, 0xDB, 0x30, 0xD3, 0x1D, 0xA8, 0x7B, 0x65, 0x57, 0x6E, 0x94,
    0xF2, 0xAD, 0xA7, 0xD2, 0x9D, 0x86, 0xF5, 0xF3, 0x91, 0xC7, 0x31, 0x00, 0xC0, 0x87, 0xF1, 0xFA,
    0x63, 0x6D, 0xDC, 0x5F, 0x25, 0x7B, 0xAB, 0x21, 0x1B, 0x14, 0x43, 0x19, 0x3C, 0x1D, 0x2B, 0xAE,
    0x6E, 0x16, 0x92, 0x61, 0xD9, 0xC8, 0x43, 0xD3, 0x78, 0xE2, 0xC0, 0xD5, 0x81, 0x64, 0xD0, 0x5C,
    0xE4, 0xC1, 0xB2, 0x7A, 0xC2, 0x4D, 0x79, 0x23, 0x19, 0xF3, 0x8D, 0x7C, 0x28, 0xF6, 0x56, 0xE1,
    0xA2, 0x8D, 0x3B, 0x9F, 0x1C, 0x9A, 0x62, 0x01, 0xDF, 0x42, 0x44, 0x12, 0x03, 0xD9, 0x2F, 0x3D,
    0xD9, 0x8F, 0x3D, 0xC5, 0xDB, 0x0D, 0xE5, 0xD7, 0x23, 0x95, 0x2D, 0xB5, 0x89, 0x85, 0x25, 0x4B,
    0x97, 0x4C, 0x6A, 0xB6, 0xAA, 0x90, 0x8E, 0xCA, 0x2E, 0xDB, 0x28, 0xFA, 0xBC, 0x97, 0x0D, 0xC5,
    0x81, 0xB1, 0xEC, 0xA4, 0x63, 0x8D, 0xE9, 0x12, 0x77, 0x6D, 0x8C, 0x71, 0x77, 0x04, 0x9C, 0x6F,
    0x5B, 0xFC, 0xC7, 0xCC, 0x73, 0xC7, 0x6A, 0xA6, 0xF8, 0xE3, 0xF5, 0xEB, 0x6F, 0xD2, 0x2D, 0xEC,
    0xDF, 0xFF, 0xBC, 0xF9, 0x88, 0x64, 0x07, 0x6B, 0xA8, 0x3B, 0x94, 0x9B, 0xD3, 0x49, 0xD9, 0x9F,
    0xB2, 0xEF, 0x91, 0x4E, 0xA7, 0xE7, 0x55, 0x8F, 0x16, 0xF6, 0x98, 0x3B, 0x3B, 0xCE, 0x38, 0x4E,
    0x6B, 0x67, 0x40, 0x9C, 0xA3, 0x23, 0xA4, 0x1B, 0xB2, 0x81, 0xBC, 0xA7, 0x0C, 0x54, 0x78, 0x86,
    0x06, 0x77, 0xD8, 0x92, 0x8C, 0xE7, 0x94, 0xA2, 0xA3, 0x44, 0x8D, 0x05, 0x96, 0xE7, 0x94, 0x63,
    0xA7, 0x39, 0xE5, 0xDC, 0xC9, 0x85, 0x39, 0x6E, 0x87, 0x38, 0x1E, 0xE6, 0xCF, 0x4B, 0x83, 0x4F,
    0xE1, 0x1E, 0x76, 0x30, 0x21, 0xD9, 0x22, 0x1B, 0x4F, 0xE4, 0x1B, 0x14, 0x03, 0xCA, 0x7E, 0xA6,
    0x43, 0x15, 0x50, 0x43, 0xCB, 0x17, 0x2E, 0xE5, 0x3B, 0x2F, 0xB5, 0x7B, 0x77, 0x5E, 0xAD, 0x4C,
    0x3E, 0xAF, 0xC3, 0x96, 0xF2, 0xCD, 0x48, 0xF1, 0xFD, 0x48, 0xF6, 0xD3, 0x86, 0xF4, 0xB7, 0x81,
    0x24, 0xF6, 0x98, 0xB1, 0x0A, 0x68, 0xA1, 0x82, 0x8F, 0xE0, 0x03, 0xD2, 0xBD, 0x55, 0x57, 0xC6,
    0xE7, 0x71, 0xAC, 0x3F, 0x7B, 0xDB, 0xDF, 0x36, 0x49, 0xD4, 0x34, 0xEE, 0x2D, 0xBE, 0xD4, 0xB8,
    0x68, 0xBC, 0x9A, 0x89, 0xA1, 0xA9, 0xD3, 0x1F, 0xBE, 0x9B, 0xCA, 0xF8, 0x55, 0x1C, 0x8F, 0x15,
    0x00, 0x5E, 0x4C, 0x48, 0x7E, 0x5F, 0x21, 0x1B, 0xAA, 0x8E, 0xA2, 0x2F, 0x7B, 0xCA, 0xEE, 0x9D,
    0x81, 0x2A, 0x3C, 0x42, 0x1D, 0xFC, 0x3F, 0xA2, 0x9A, 0xD5, 0x6A, 0x67, 0x2D, 0x66, 0x2D, 0x51,
    0xBD, 0xD9, 0x22, 0x8F, 0x1D, 0x80, 0xF4, 0x01, 0xE5, 0xAF, 0x83, 0xC5, 0xB3, 0x74, 0xAB, 0x69,
    0xBC, 0x9C, 0xA9, 0xBA, 0xDB, 0x46, 0xF6, 0xE7, 0x88, 0x75, 0xF7, 0x2F, 0x52, 0xC8, 0x4E, 0xFB,
    0x12, 0xA8, 0xB0, 0x10, 0xDF, 0x5D, 0xFC, 0xE3, 0xE6, 0x9D, 0xCF, 0x6F, 0xDF, 0xDF, 0xBC, 0x24,
    0x00, 0x60, 0x89, 0x62, 0x87, 0xF5, 0x35, 0xD5, 0x44, 0x12, 0x03, 0xF5, 0x86, 0xFC, 0x01, 0xED,
    0x06, 0xF9, 0x1E, 0x56, 0x1B, 0xF3, 0xDB, 0x04, 0x54, 0x5B, 0x73, 0x62, 0x77, 0xAA, 0x75, 0x07,
    0x8F, 0xC0, 0xF9, 0x97, 0x50, 0xCF, 0x80, 0x05, 0xB4, 0xE7, 0xFA, 0xFA, 0x6F, 0xF5, 0x13, 0xAC,
    0x86, 0x53, 0xAB, 0x39, 0x2A, 0xF6, 0x24, 0xEB, 0x8E, 0x6A, 0x22, 0x8D, 0x81, 0xFA, 0x67, 0x5C,
    0xC2, 0x5F, 0x13, 0x80, 0xDB, 0x81, 0x56, 0xF6, 0x00, 0x00, 0xAC, 0x51, 0x2D, 0x4C, 0x03, 0x31,
    0x18, 0x7D, 0x6B, 0xC5, 0x25, 0x3B, 0x31, 0xAF, 0xCE, 0xAB, 0xD3, 0x24, 0xB0, 0x9E, 0xC3, 0xE2,
    0x0D, 0x06, 0x81, 0xC3, 0x27, 0x4B, 0x36, 0xEF, 0x7D, 0xB0, 0xCC, 0x60, 0x11, 0x4B, 0xD6, 0xE0,
    0x45, 0xF1, 0xA6, 0x63, 0x3E, 0x39, 0x51, 0x51, 0xC8, 0xD1, 0x8F, 0xEF, 0x89, 0x86, 0x80, 0x1C,
    0xBB, 0xBC, 0xBC, 0xBE, 0x65, 0x77, 0xCD, 0xFB, 0x81, 0x29, 0xE8, 0x12, 0xD0, 0xB5, 0xFE, 0x65,
    0x09, 0x5C, 0xDA, 0xC3, 0xD8, 0x03, 0x2B, 0x7B, 0x8C, 0xFD, 0x80, 0xA9, 0x39, 0x06, 0x07, 0xE4,
    0xF9, 0x75, 0xB8, 0xD0, 0x03, 0xAD, 0x07, 0x66, 0xBF, 0x0E, 0x27, 0xFA, 0x8C, 0xE8, 0xCB, 0x56,
    0x3E, 0x1F, 0x61, 0x33, 0x3A, 0x0F, 0x98, 0x8C, 0x05, 0x5F, 0xF9, 0xFF, 0x11, 0x00, 0x3B, 0xA1,
    0x1B, 0x81, 0x5E, 0xDE, 0xA4, 0x00, 0x4E, 0xDE, 0x45, 0x00, 0xA0, 0x2F, 0x4A, 0x26, 0xB6, 0x01,
    0x58, 0x0C, 0x26, 0x01, 0x4B, 0x1A, 0xC4, 0x0A, 0x98, 0x08, 0xFD, 0x18, 0x19, 0x26, 0x50, 0x00,
    0x64, 0xDC, 0x83, 0x66, 0x33, 0xBD, 0x3E, 0x67, 0x58, 0x82, 0x4E, 0x67, 0x27, 0x63, 0x22, 0xEC,
    0x17, 0xD1, 0x4B, 0x50, 0x38, 0x89, 0x0A, 0x36, 0x7A, 0xC3, 0x42, 0x5F, 0x03, 0xFB, 0x14, 0xE5,
    0x15, 0x59, 0xDB, 0x24, 0xE7, 0xF9, 0x2D, 0x19, 0x2D, 0xBD, 0xFD, 0xB0, 0x93, 0xA2, 0xDC, 0x97,
    0x27, 0x65, 0x9B, 0xA1, 0x6C, 0xEA, 0xBF, 0x27, 0x72, 0x64, 0x75, 0x8B, 0x11, 0x6C, 0x4E, 0x06,
    0x27, 0x07, 0x65, 0x7A, 0xC3, 0xC3, 0x07, 0xC0, 0xBD, 0x6D, 0x68, 0x3D, 0x1D, 0xC6, 0x0E, 0x76,
    0xA4, 0xC9, 0x78, 0x85, 0x59, 0xA2, 0xCF, 0xB8, 0xA3, 0x50, 0xAB, 0x43, 0x82, 0x19, 0x55, 0xF0,
    0xA7, 0xDD, 0xF0, 0x5A, 0x56, 0x8D, 0x2A, 0xEE, 0x58, 0x29, 0x9F, 0xC4, 0x56, 0xA5, 0x6C, 0xF7,
    0x09, 0x34, 0x9F, 0xD0, 0x24, 0xFA, 0xB7, 0x89, 0xE0, 0xCB, 0x89, 0x38, 0xA3, 0xB0, 0xBC, 0x9F,
    0x01, 0x9B, 0x89, 0xAC, 0xE5, 0xAF, 0x65, 0xB3, 0x16, 0xAF, 0xFD, 0xEF, 0xC5, 0xEF, 0x25, 0x30,
    0x69, 0x1D, 0xC2, 0xD7, 0x2D, 0x62, 0x9D, 0x23, 0xEE, 0xB8, 0x05, 0x93, 0x66, 0x0A, 0x26, 0xAD,
    0xBB, 0xD4, 0x02, 0xFF, 0x0A, 0x26, 0xE5, 0x46, 0x60, 0xD2, 0x3A, 0x53, 0x53, 0x97, 0xAA, 0x63,
    0x11, 0xE7, 0x15, 0xA6, 0x4E, 0x59, 0xD7, 0x0C, 0x8E, 0x83, 0x42, 0x93, 0xAE, 0xE5, 0x7B, 0x97,
    0x80, 0x71, 0x0A, 0x00, 0x34, 0xCE, 0x01, 0x06, 0x03, 0x31, 0x18, 0x44, 0xE1, 0x6C, 0xA1, 0xE8,
    0x0D, 0x0A, 0x39, 0x41, 0xF5, 0x08, 0x5D, 0x7B, 0xB1, 0xE8, 0xC9, 0x42, 0x8B, 0x02, 0x04, 0x80,
    0x42, 0x8E, 0x10, 0x14, 0xC5, 0x6E, 0x5F, 0x33, 0x23, 0x1B, 0xF0, 0x98, 0x4F, 0xFC, 0xA1, 0xBF,
    0x4B, 0xD8, 0x5F, 0x9E, 0x47, 0x1C, 0x28, 0xA3, 0x4E, 0x7C, 0x46, 0x5D, 0xD9, 0x76, 0x06, 0x82,
    0x62, 0x18, 0x8A, 0x31, 0x60, 0x84, 0x01, 0x13, 0x73, 0x34, 0x9C, 0x58, 0xCF, 0x8B, 0xE1, 0x91,
    0x96, 0x8A, 0x61, 0xA4, 0xE5, 0x9A, 0x36, 0xB3, 0x9A, 0x5B, 0xB7, 0x9D, 0xD1, 0x54, 0xA5, 0x33,
    0xA0, 0xE4, 0x0E, 0xA3, 0xEA, 0x0E, 0x6B, 0xB8, 0x01, 0x3F, 0x0D, 0xAE, 0xAF, 0x06, 0xAF, 0x35,
    0x6B, 0xD5, 0xF0, 0x00, 0x9A, 0x7E, 0xE1, 0x89, 0xEF, 0x4A, 0x2A, 0xDF, 0x2A, 0xE8, 0xB3, 0x0C,
    0x7D, 0xAA, 0xE0, 0xCB, 0x4C, 0x70, 0x32, 0x13, 0x5C, 0xC4, 0x0C, 0xDF, 0x62, 0x82, 0xFF, 0xC1,
    0x7C, 0x09, 0x36, 0xD1, 0x01, 0x1E, 0x1A, 0x88, 0x10, 0x42, 0x84, 0x1A, 0x46, 0x48, 0x32, 0xC8,
    0x82, 0x49, 0x00,
};

static const EpdGlyph youngserif_18_regularGlyphs[] = {
    { 0, 0, 317, 0, 0, 0, 0 }, // U+000D
    { 0, 0, 132, 0, 0, 0, 0 }, // U+0020
    { 6, 26, 175, 2, 26, 39, 0 }, // !
    { 10, 9, 212, 1, 26, 23, 39 }, // "
    { 24, 23, 375, 0, 23, 138, 62 }, // #
    { 23, 34, 423, 1, 30, 196, 200 }, // $
    { 30, 29, 479, 0, 28, 218, 396 }, // %
    { 26, 25, 429, 1, 25, 163, 614 }, // &
    { 4, 9, 113, 1, 26, 9, 777 }, // '
    { 11, 32, 240, 2, 27, 88, 786 }, // (
    { 11, 32, 240, 2, 27, 88, 874 }, // )
    { 16, 16, 307, 2, 25, 64, 962 }, // *
    { 18, 17, 317, 1, 17, 77, 1026 }, // +
    { 6, 9, 131, 1, 5, 14, 1103 }, // ,
    { 13, 2, 270, 2, 10, 7, 1117 }, // -
    { 6, 5, 129, 1, 5, 8, 1124 }, // .
    { 14, 31, 264, 1, 26, 109, 1132 }, // /
    { 19, 19, 309, 0, 19, 91, 1241 }, // 0
    { 11, 19, 184, 0, 19, 53, 1332 }, // 1
    { 17, 19, 287, 1, 19, 81, 1385 }, // 2
    { 16, 25, 280, 1, 18, 100, 1466 }, // 3
    { 18, 26, 304, 0, 19, 117, 1566 }, // 4
    { 17, 26, 284, 0, 19, 111, 1683 }, // 5
    { 19, 25, 321, 1, 25, 119, 1794 }, // 6
    { 19, 27, 302, 0, 19, 129, 1913 }, // 7
    { 18, 25, 295, 0, 25, 113, 2042 }, // 8
    { 18, 26, 321, 1, 25, 117, 2155 }, // 9
    { 6, 19, 165, 1, 19, 29, 2272 }, // :
    { 6, 23, 137, 1, 19, 35, 2301 }, // ;
    { 20, 19, 317, 0, 20, 95, 2336 }, // <
    { 16, 10, 317, 2, 15, 40, 2431 }, // =
    { 20, 19, 317, 0, 20, 95, 2471 }, // >
    { 16, 26, 276, 0, 26, 104, 2566 }, // ?
    { 31, 32, 550, 2, 24, 248, 2670 }, // @
    { 25, 25, 393, 0, 25, 157, 2918 }, // A
    { 22, 25, 380, 1, 25, 138, 3075 }, // B
    { 24, 25, 386, 1, 25, 150, 3213 }, // C
    { 24, 25, 386, 0, 25, 150, 3363 }, // D
    { 24, 26, 380, 0, 26, 156, 3513 }, // E
    { 22, 26, 346, 0, 26, 143, 3669 }, // F
    { 25, 25, 407, 1, 25, 157, 3812 }, // G
    { 27, 25, 436, 0, 25, 169, 3969 }, // H
    { 10, 25, 188, 1, 25, 63, 4138 }, // I
    { 16, 25, 251, 0, 25, 100, 4201 }, // J
    { 26, 25, 401, 0, 25, 163, 4301 }, // K
    { 22, 26, 351, 0, 25, 143, 4464 }, // L
    { 33, 25, 524, 0, 25, 207, 4607 }, // M
    { 27, 25, 431, 0, 25, 169, 4814 }, // N
    { 25, 25, 424, 1, 25, 157, 4983 }, // O
    { 21, 25, 356, 0, 25, 132, 5140 }, // P
    { 25, 32, 424, 1, 25, 200, 5272 }, // Q
    { 25, 25, 395, 0, 25, 157, 5472 }, // R
    { 23, 25, 365, 0, 25, 144, 5629 }, // S
    { 26, 25, 416, 0, 25, 163, 5773 }, // T
    { 26, 25, 401, 0, 25, 163, 5936 }, // U
    { 25, 25, 383, 0, 25, 157, 6099 }, // V
    { 38, 25, 588, 0, 25, 238, 6256 }, // W
    { 28, 25, 441, 0, 25, 175, 6494 }, // X
    { 26, 25, 405, 0, 25, 163, 6669 }, // Y
    { 25, 25, 394, 0, 25, 157, 6832 }, // Z
    { 8, 32, 209, 3, 28, 64, 6989 }, // [
    { 14, 31, 264, 2, 26, 109, 7053 }, // <backslash>
    { 8, 32, 209, 2, 28, 64, 7162 }, // ]
    { 20, 12, 317, 0, 26, 60, 7226 }, // ^
    { 20, 2, 316, 0, -1, 10, 7286 }, // _
    { 7, 7, 317, 7, 25, 13, 7296 }, // `
    { 20, 18, 310, 0, 17, 90, 7309 }, // a
    { 18, 27, 298, 0, 27, 122, 7399 }, // b
    { 16, 17, 271, 0, 17, 68, 7521 }, // c
    { 20, 28, 310, 0, 27, 140, 7589 }, // d
    { 17, 17, 259, 0, 17, 73, 7729 }, // e
    { 14, 26, 188, 0, 26, 91, 7802 }, // f
    { 17, 25, 275, 0, 18, 107, 7893 }, // g
    { 21, 27, 329, 0, 27, 142, 8000 }, // h
    { 10, 24, 159, 0, 24, 60, 8142 }, // i
    { 12, 31, 136, -4, 24, 93, 8202 }, // j
    { 20, 27, 316, 0, 27, 135, 8295 }, // k
    { 10, 27, 159, 0, 27, 68, 8430 }, // l
    { 32, 18, 499, 0, 18, 144, 8498 }, // m
    { 21, 18, 326, 0, 18, 95, 8642 }, // n
    { 18, 17, 285, 0, 17, 77, 8737 }, // o
    { 19, 24, 315, 0, 17, 114, 8814 }, // p
    { 20, 24, 330, 0, 17, 120, 8928 }, // q
    { 16, 18, 248, 0, 18, 72, 9048 }, // r
    { 17, 17, 276, 0, 17, 73, 9120 }, // s
    { 12, 23, 191, 0, 23, 69, 9193 }, // t
    { 20, 18, 323, 0, 17, 90, 9262 }, // u
    { 19, 17, 292, 0, 17, 81, 9352 }, // v
    { 30, 17, 492, 1, 17, 128, 9433 }, // w
    { 20, 17, 307, 0, 17, 85, 9561 }, // x
    { 19, 24, 289, 0, 17, 114, 9646 }, // y
    { 18, 17, 283, 0, 17, 77, 9760 }, // z
    { 10, 31, 241, 3, 27, 78, 9837 }, // {
    { 3, 31, 299, 8, 26, 24, 9915 }, // |
    { 10, 31, 241, 3, 27, 78, 9939 }, // }
    { 20, 7, 317, 0, 13, 35, 10017 }, // ~
    { 0, 0, 132, 0, 0, 0, 0 }, // U+00A0
    { 7, 26, 175, 3, 17, 46, 0 }, // U+00A1
    { 16, 25, 300, 1, 25, 100, 46 }, // U+00A2
    { 23, 25, 408, 1, 25, 144, 146 }, // U+00A3
    { 17, 17, 332, 2, 20, 73, 290 }, // U+00A4
    { 26, 25, 454, 1, 25, 163, 363 }, // U+00A5
    { 3, 31, 299, 8, 26, 24, 526 }, // U+00A6
    { 23, 36, 416, 2, 27, 207, 550 }, // U+00A7
    { 14, 5, 317, 3, 24, 18, 757 }, // U+00A8
    { 26, 25, 416, 0, 25, 163, 775 }, // U+00A9
    { 16, 15, 274, 0, 26, 60, 938 }, // U+00AA
    { 18, 15, 347, 2, 18, 68, 998 }, // U+00AB
    { 18, 11, 317, 1, 11, 50, 1066 }, // U+00AC
    { 26, 25, 416, 0, 25, 163, 1116 }, // U+00AE
    { 10, 2, 317, 5, 21, 5, 1279 }, // U+00AF
    { 10, 8, 187, 1, 26, 20, 1284 }, // U+00B0
    { 18, 20, 317, 1, 20, 90, 1304 }, // U+00B1
    { 14, 15, 217, 0, 27, 53, 1394 }, // U+00B2
    { 11, 14, 202, 1, 27, 39, 1447 }, // U+00B3
    { 7, 7, 317, 6, 25, 13, 1486 }, // U+00B4
    { 17, 24, 313, 1, 17, 102, 1499 }, // U+00B5
    { 18, 28, 317, 1, 23, 126, 1601 }, // U+00B6
    { 6, 5, 123, 0, 14, 8, 1727 }, // U+00B7
    { 10, 10, 317, 4, 2, 25, 1735 }, // U+00B8
    { 9, 15, 139, 0, 28, 34, 1760 }, // U+00B9
    { 14, 15, 242, 1, 25, 53, 1794 }, // U+00BA
    { 18, 15, 347, 2, 18, 68, 1847 }, // U+00BB
    { 25, 32, 422, 0, 28, 200, 1915 }, // U+00BC
    { 26, 29, 422, 0, 28, 189, 2115 }, // U+00BD
    { 24, 31, 422, 1, 27, 186, 2304 }, // U+00BE
    { 15, 26, 276, 2, 17, 98, 2490 }, // U+00BF
    { 25, 33, 393, 0, 33, 207, 2588 }, // U+00C0
    { 25, 33, 393, 0, 33, 207, 2795 }, // U+00C1
    { 25, 33, 393, 0, 33, 207, 3002 }, // U+00C2
    { 25, 32, 393, 0, 32, 200, 3209 }, // U+00C3
    { 25, 32, 393, 0, 32, 200, 3409 }, // U+00C4
    { 25, 31, 393, 0, 31, 194, 3609 }, // U+00C5
    { 36, 26, 576, 0, 26, 234, 3803 }, // U+00C6
    { 24, 33, 386, 1, 25, 198, 4037 }, // U+00C7
    { 24, 33, 380, 0, 33, 198, 4235 }, // U+00C8
    { 24, 33, 380, 0, 33, 198, 4433 }, // U+00C9
    { 24, 33, 380, 0, 33, 198, 4631 }, // U+00CA
    { 24, 32, 380, 0, 32, 192, 4829 }, // U+00CB
    { 10, 33, 188, 1, 33, 83, 5021 }, // U+00CC
    { 10, 33, 188, 1, 33, 83, 5104 }, // U+00CD
    { 11, 33, 188, 0, 33, 91, 5187 }, // U+00CE
    { 14, 32, 188, -1, 32, 112, 5278 }, // U+00CF
    { 24, 25, 417, 0, 25, 150, 5390 }, // U+00D0
    { 27, 32, 431, 0, 32, 216, 5540 }, // U+00D1
    { 25, 33, 424, 1, 33, 207, 5756 }, // U+00D2
    { 25, 33, 424, 1, 33, 207, 5963 }, // U+00D3
    { 25, 33, 424, 1, 33, 207, 6170 }, // U+00D4
    { 25, 32, 424, 1, 32, 200, 6377 }, // U+00D5
    { 25, 32, 424, 1, 32, 200, 6577 }, // U+00D6
    { 18, 17, 317, 1, 17, 77, 6777 }, // U+00D7
    { 25, 31, 434, 1, 29, 194, 6854 }, // U+00D8
    { 26, 33, 401, 0, 33, 215, 7048 }, // U+00D9
    { 26, 33, 401, 0, 33, 215, 7263 }, // U+00DA
    { 26, 33, 401, 0, 33, 215, 7478 }, // U+00DB
    { 26, 32, 401, 0, 32, 208, 7693 }, // U+00DC
    { 26, 33, 405, 0, 33, 215, 7901 }, // U+00DD
    { 21, 25, 337, 0, 25, 132, 8116 }, // U+00DE
    { 21, 25, 371, 1, 25, 132, 8248 }, // U+00DF
    { 20, 26, 310, 0, 25, 130, 8380 }, // U+00E0
    { 20, 26, 310, 0, 25, 130, 8510 }, // U+00E1
    { 20, 26, 310, 0, 25, 130, 8640 }, // U+00E2
    { 20, 25, 310, 0, 24, 125, 8770 }, // U+00E3
    { 20, 25, 310, 0, 24, 125, 8895 }, // U+00E4
    { 20, 26, 310, 0, 25, 130, 9020 }, // U+00E5
    { 30, 18, 463, 0, 17, 135, 9150 }, // U+00E6
    { 16, 25, 271, 0, 17, 100, 9285 }, // U+00E7
    { 17, 25, 259, 0, 25, 107, 9385 }, // U+00E8
    { 17, 25, 259, 0, 25, 107, 9492 }, // U+00E9
    { 17, 25, 259, 0, 25, 107, 9599 }, // U+00EA
    { 17, 24, 259, 0, 24, 102, 9706 }, // U+00EB
    { 10, 25, 159, 0, 25, 63, 9808 }, // U+00EC
    { 10, 25, 159, 0, 25, 63, 9871 }, // U+00ED
    { 11, 25, 159, 0, 25, 69, 9934 }, // U+00EE
    { 14, 24, 159, -2, 24, 84, 10003 }, // U+00EF
    { 18, 27, 302, 0, 27, 122, 10087 }, // U+00F0
    { 21, 24, 326, 0, 24, 126, 10209 }, // U+00F1
    { 18, 25, 285, 0, 25, 113, 10335 }, // U+00F2
    { 18, 25, 285, 0, 25, 113, 10448 }, // U+00F3
    { 18, 25, 285, 0, 25, 113, 10561 }, // U+00F4
    { 18, 24, 285, 0, 24, 108, 10674 }, // U+00F5
    { 18, 24, 285, 0, 24, 108, 10782 }, // U+00F6
    { 20, 19, 317, 0, 19, 95, 10890 }, // U+00F7
    { 18, 17, 285, 0, 17, 77, 10985 }, // U+00F8
    { 20, 26, 323, 0, 25, 130, 11062 }, // U+00F9
    { 20, 26, 323, 0, 25, 130, 11192 }, // U+00FA
    { 20, 26, 323, 0, 25, 130, 11322 }, // U+00FB
    { 20, 25, 323, 0, 24, 125, 11452 }, // U+00FC
    { 19, 32, 289, 0, 25, 152, 11577 }, // U+00FD
    { 19, 32, 315, 0, 25, 152, 11729 }, // U+00FE
    { 19, 31, 289, 0, 24, 148, 11881 }, // U+00FF
    { 25, 29, 393, 0, 29, 182, 0 }, // U+0100
    { 20, 22, 310, 0, 21, 110, 182 }, // U+0101
    { 25, 32, 393, 0, 32, 200, 292 }, // U+0102
    { 20, 25, 310, 0, 24, 125, 492 }, // U+0103
    { 27, 33, 393, 0, 25, 223, 617 }, // U+0104
    { 21, 24, 310, 0, 17, 126, 840 }, // U+0105
    { 24, 33, 386, 1, 33, 198, 966 }, // U+0106
    { 16, 25, 271, 0, 25, 100, 1164 }, // U+0107
    { 24, 33, 386, 1, 33, 198, 1264 }, // U+0108
    { 16, 25, 271, 0, 25, 100, 1462 }, // U+0109
    { 24, 32, 386, 1, 32, 192, 1562 }, // U+010A
    { 16, 24, 271, 0, 24, 96, 1754 }, // U+010B
    { 24, 32, 386, 1, 32, 192, 1850 }, // U+010C
    { 16, 24, 271, 0, 24, 96, 2042 }, // U+010D
    { 24, 32, 386, 0, 32, 192, 2138 }, // U+010E
    { 22, 28, 369, 0, 27, 154, 2330 }, // U+010F
    { 24, 25, 417, 0, 25, 150, 2484 }, // U+0110
    { 20, 28, 324, 0, 27, 140, 2634 }, // U+0111
    { 24, 29, 380, 0, 29, 174, 2774 }, // U+0112
    { 17, 21, 259, 0, 21, 90, 2948 }, // U+0113
    { 24, 32, 380, 0, 32, 192, 3038 }, // U+0114
    { 17, 24, 259, 0, 24, 102, 3230 }, // U+0115
    { 24, 32, 380, 0, 32, 192, 3332 }, // U+0116
    { 17, 24, 259, 0, 24, 102, 3524 }, // U+0117
    { 24, 34, 380, 0, 26, 204, 3626 }, // U+0118
    { 17, 25, 259, 0, 17, 107, 3830 }, // U+0119
    { 24, 32, 380, 0, 32, 192, 3937 }, // U+011A
    { 17, 24, 259, 0, 24, 102, 4129 }, // U+011B
    { 25, 33, 407, 1, 33, 207, 4231 }, // U+011C
    { 17, 32, 275, 0, 25, 136, 4438 }, // U+011D
    { 25, 32, 407, 1, 32, 200, 4574 }, // U+011E
    { 17, 31, 275, 0, 24, 132, 4774 }, // U+011F
    { 25, 32, 407, 1, 32, 200, 4906 }, // U+0120
    { 17, 31, 275, 0, 24, 132, 5106 }, // U+0121
    { 25, 34, 407, 1, 25, 213, 5238 }, // U+0122
    { 17, 33, 275, 0, 26, 141, 5451 }, // U+0123
    { 27, 33, 436, 0, 33, 223, 5592 }, // U+0124
    { 21, 34, 329, 0, 34, 179, 5815 }, // U+0125
    { 27, 25, 436, 0, 25, 169, 5994 }, // U+0126
    { 21, 27, 359, 0, 27, 142, 6163 }, // U+0127
    { 12, 32, 188, 0, 32, 96, 6305 }, // U+0128
    { 12, 24, 159, -1, 24, 72, 6401 }, // U+0129
    { 10, 29, 188, 1, 29, 73, 6473 }, // U+012A
    { 10, 21, 159, 0, 21, 53, 6546 }, // U+012B
    { 10, 32, 188, 1, 32, 80, 6599 }, // U+012C
    { 10, 24, 159, 0, 24, 60, 6679 }, // U+012D
    { 12, 33, 188, 1, 25, 99, 6739 }, // U+012E
    { 12, 32, 159, 0, 24, 96, 6838 }, // U+012F
    { 10, 32, 188, 1, 32, 80, 6934 }, // U+0130
    { 10, 18, 159, 0, 18, 45, 7014 }, // U+0131
    { 26, 25, 428, 1, 25, 163, 7059 }, // U+0132
    { 18, 31, 288, 0, 24, 140, 7222 }, // U+0133
    { 16, 33, 251, 0, 33, 132, 7362 }, // U+0134
    { 15, 32, 136, -4, 25, 120, 7494 }, // U+0135
    { 26, 34, 401, 0, 25, 221, 7614 }, // U+0136
    { 20, 36, 316, 0, 27, 180, 7835 }, // U+0137
    { 20, 17, 316, 0, 17, 85, 8015 }, // U+0138
    { 22, 34, 351, 0, 33, 187, 8100 }, // U+0139
    { 10, 34, 159, 0, 34, 85, 8287 }, // U+013A
    { 22, 34, 351, 0, 25, 187, 8372 }, // U+013B
    { 10, 36, 159, 0, 27, 90, 8559 }, // U+013C
    { 22, 26, 351, 0, 25, 143, 8649 }, // U+013D
    { 13, 27, 211, 0, 27, 88, 8792 }, // U+013E
    { 22, 26, 337, 0, 25, 143, 8880 }, // U+013F
    { 15, 27, 282, 0, 27, 102, 9023 }, // U+0140
    { 22, 26, 374, 0, 25, 143, 9125 }, // U+0141
    { 11, 27, 197, 1, 27, 75, 9268 }, // U+0142
    { 27, 33, 431, 0, 33, 223, 9343 }, // U+0143
    { 21, 25, 326, 0, 25, 132, 9566 }, // U+0144
    { 27, 34, 431, 0, 25, 230, 9698 }, // U+0145
    { 21, 27, 326, 0, 18, 142, 9928 }, // U+0146
    { 27, 32, 431, 0, 32, 216, 10070 }, // U+0147
    { 21, 24, 326, 0, 24, 126, 10286 }, // U+0148
    { 23, 23, 374, 1, 23, 133, 10412 }, // U+0149
    { 27, 32, 431, 0, 25, 216, 10545 }, // U+014A
    { 18, 25, 289, 0, 18, 113, 10761 }, // U+014B
    { 25, 29, 424, 1, 29, 182, 10874 }, // U+014C
    { 18, 21, 285, 0, 21, 95, 11056 }, // U+014D
    { 25, 32, 424, 1, 32, 200, 11151 }, // U+014E
    { 18, 24, 285, 0, 24, 108, 11351 }, // U+014F
    { 25, 34, 424, 1, 34, 213, 11459 }, // U+0150
    { 18, 26, 285, 0, 26, 117, 11672 }, // U+0151
    { 40, 25, 647, 1, 25, 250, 11789 }, // U+0152
    { 29, 17, 452, 0, 17, 124, 12039 }, // U+0153
    { 25, 33, 395, 0, 33, 207, 12163 }, // U+0154
    { 16, 25, 248, 0, 25, 100, 12370 }, // U+0155
    { 25, 34, 395, 0, 25, 213, 12470 }, // U+0156
    { 16, 27, 248, 0, 18, 108, 12683 }, // U+0157
    { 25, 32, 395, 0, 32, 200, 12791 }, // U+0158
    { 16, 24, 248, 0, 24, 96, 12991 }, // U+0159
    { 23, 33, 365, 0, 33, 190, 13087 }, // U+015A
    { 17, 25, 276, 0, 25, 107, 13277 }, // U+015B
    { 23, 33, 365, 0, 33, 190, 13384 }, // U+015C
    { 17, 25, 276, 0, 25, 107, 13574 }, // U+015D
    { 23, 33, 365, 0, 25, 190, 13681 }, // U+015E
    { 17, 25, 276, 0, 17, 107, 13871 }, // U+015F
    { 23, 32, 365, 0, 32, 184, 13978 }, // U+0160
    { 17, 24, 276, 0, 24, 102, 14162 }, // U+0161
    { 26, 33, 416, 0, 25, 215, 14264 }, // U+0162
    { 12, 31, 191, 0, 23, 93, 14479 }, // U+0163
    { 26, 32, 416, 0, 32, 208, 14572 }, // U+0164
    { 14, 26, 191, 0, 26, 91, 14780 }, // U+0165
    { 26, 25, 416, 0, 25, 163, 14871 }, // U+0166
    { 12, 23, 217, 0, 23, 69, 15034 }, // U+0167
    { 26, 32, 401, 0, 32, 208, 15103 }, // U+0168
    { 20, 25, 323, 0, 24, 125, 15311 }, // U+0169
    { 26, 29, 401, 0, 29, 189, 15436 }, // U+016A
    { 20, 22, 323, 0, 21, 110, 15625 }, // U+016B
    { 26, 32, 401, 0, 32, 208, 15735 }, // U+016C
    { 20, 25, 323, 0, 24, 125, 15943 }, // U+016D
    { 26, 33, 401, 0, 33, 215, 16068 }, // U+016E
    { 20, 26, 323, 0, 25, 130, 16283 }, // U+016F
    { 26, 34, 401, 0, 34, 221, 16413 }, // U+0170
    { 20, 27, 323, 0, 26, 135, 16634 }, // U+0171
    { 26, 33, 401, 0, 25, 215, 16769 }, // U+0172
    { 21, 24, 323, 0, 17, 126, 16984 }, // U+0173
    { 38, 33, 588, 0, 33, 314, 17110 }, // U+0174
    { 30, 25, 492, 1, 25, 188, 17424 }, // U+0175
    { 26, 33, 405, 0, 33, 215, 17612 }, // U+0176
    { 19, 32, 289, 0, 25, 152, 17827 }, // U+0177
    { 26, 32, 405, 0, 32, 208, 17979 }, // U+0178
    { 25, 33, 394, 0, 33, 207, 18187 }, // U+0179
    { 18, 25, 283, 0, 25, 113, 18394 }, // U+017A
    { 25, 32, 394, 0, 32, 200, 18507 }, // U+017B
    { 18, 24, 283, 0, 24, 108, 18707 }, // U+017C
    { 25, 32, 394, 0, 32, 200, 18815 }, // U+017D
    { 18, 24, 283, 0, 24, 108, 19015 }, // U+017E
    { 14, 26, 188, 0, 26, 91, 19123 }, // U+017F
    { 25, 30, 424, 1, 30, 188, 0 }, // U+01A0
    { 18, 22, 285, 0, 22, 99, 188 }, // U+01A1
    { 29, 30, 472, 0, 30, 218, 287 }, // U+01AF
    { 24, 23, 420, 0, 22, 138, 505 }, // U+01B0
    { 49, 32, 774, 0, 32, 392, 643 }, // U+01C4
    { 42, 25, 663, 0, 25, 263, 1035 }, // U+01C5
    { 38, 28, 600, 0, 27, 266, 1298 }, // U+01C6
    { 37, 26, 596, 0, 25, 241, 1564 }, // U+01C7
    { 30, 32, 487, 0, 25, 240, 1805 }, // U+01C8
    { 18, 34, 289, 0, 27, 153, 2045 }, // U+01C9
    { 42, 25, 671, 0, 25, 263, 2198 }, // U+01CA
    { 35, 32, 561, 0, 25, 280, 2461 }, // U+01CB
    { 28, 31, 446, 0, 24, 217, 2741 }, // U+01CC
    { 25, 32, 393, 0, 32, 200, 2958 }, // U+01CD
    { 20, 25, 310, 0, 24, 125, 3158 }, // U+01CE
    { 11, 32, 188, 0, 32, 88, 3283 }, // U+01CF
    { 11, 24, 159, 0, 24, 66, 3371 }, // U+01D0
    { 25, 32, 424, 1, 32, 200, 3437 }, // U+01D1
    { 18, 24, 285, 0, 24, 108, 3637 }, // U+01D2
    { 26, 32, 401, 0, 32, 208, 3745 }, // U+01D3
    { 20, 25, 323, 0, 24, 125, 3953 }, // U+01D4
    { 26, 36, 401, 0, 36, 234, 4078 }, // U+01D5
    { 20, 29, 323, 0, 28, 145, 4312 }, // U+01D6
    { 26, 40, 401, 0, 40, 260, 4457 }, // U+01D7
    { 20, 33, 323, 0, 32, 165, 4717 }, // U+01D8
    { 26, 39, 401, 0, 39, 254, 4882 }, // U+01D9
    { 20, 32, 323, 0, 31, 160, 5136 }, // U+01DA
    { 26, 40, 401, 0, 40, 260, 5296 }, // U+01DB
    { 20, 33, 323, 0, 32, 165, 5556 }, // U+01DC
    { 25, 32, 407, 1, 32, 200, 5721 }, // U+01E6
    { 17, 31, 275, 0, 24, 132, 5921 }, // U+01E7
    { 25, 33, 424, 1, 25, 207, 6053 }, // U+01EA
    { 18, 25, 285, 0, 17, 113, 6260 }, // U+01EB
    { 25, 38, 393, 0, 38, 238, 6373 }, // U+01FA
    { 20, 33, 310, 0, 32, 165, 6611 }, // U+01FB
    { 36, 33, 576, 0, 33, 297, 6776 }, // U+01FC
    { 30, 26, 463, 0, 25, 195, 7073 }, // U+01FD
    { 25, 35, 434, 1, 33, 219, 7268 }, // U+01FE
    { 18, 25, 285, 0, 25, 113, 7487 }, // U+01FF
    { 25, 33, 393, 0, 33, 207, 7600 }, // U+0200
    { 20, 26, 310, 0, 25, 130, 7807 }, // U+0201
    { 25, 33, 393, 0, 33, 207, 7937 }, // U+0202
    { 20, 26, 310, 0, 25, 130, 8144 }, // U+0203
    { 24, 33, 380, 0, 33, 198, 8274 }, // U+0204
    { 17, 25, 259, 0, 25, 107, 8472 }, // U+0205
    { 24, 33, 380, 0, 33, 198, 8579 }, // U+0206
    { 17, 25, 259, 0, 25, 107, 8777 }, // U+0207
    { 13, 33, 188, 0, 33, 108, 8884 }, // U+0208
    { 13, 25, 159, -1, 25, 82, 8992 }, // U+0209
    { 10, 33, 188, 1, 33, 83, 9074 }, // U+020A
    { 10, 25, 159, 0, 25, 63, 9157 }, // U+020B
    { 25, 33, 424, 1, 33, 207, 9220 }, // U+020C
    { 18, 25, 285, 0, 25, 113, 9427 }, // U+020D
    { 25, 33, 424, 1, 33, 207, 9540 }, // U+020E
    { 18, 25, 285, 0, 25, 113, 9747 }, // U+020F
    { 25, 33, 395, 0, 33, 207, 9860 }, // U+0210
    { 16, 25, 248, 0, 25, 100, 10067 }, // U+0211
    { 25, 33, 395, 0, 33, 207, 10167 }, // U+0212
    { 16, 25, 248, 0, 25, 100, 10374 }, // U+0213
    { 26, 33, 401, 0, 33, 215, 10474 }, // U+0214
    { 20, 26, 323, 0, 25, 130, 10689 }, // U+0215
    { 26, 33, 401, 0, 33, 215, 10819 }, // U+0216
    { 20, 26, 323, 0, 25, 130, 11034 }, // U+0217
    { 23, 34, 365, 0, 25, 196, 11164 }, // U+0218
    { 17, 26, 276, 0, 17, 111, 11360 }, // U+0219
    { 26, 34, 416, 0, 25, 221, 11471 }, // U+021A
    { 12, 32, 191, 0, 23, 96, 11692 }, // U+021B
    { 7, 7, 0, 7, 25, 13, 0 }, // U+0300
    { 7, 7, 0, 6, 25, 13, 13 }, // U+0301
    { 11, 6, 0, 5, 25, 17, 26 }, // U+0302
    { 12, 5, 0, 3, 24, 15, 43 }, // U+0303
    { 10, 2, 0, 5, 21, 5, 58 }, // U+0304
    { 10, 5, 0, 5, 24, 13, 63 }, // U+0306
    { 6, 5, 0, 7, 24, 8, 76 }, // U+0307
    { 14, 5, 0, 3, 24, 18, 84 }, // U+0308
    { 6, 7, 0, 3, 26, 11, 102 }, // U+0309
    { 8, 7, 0, 5, 25, 14, 113 }, // U+030A
    { 10, 6, 0, 5, 26, 15, 127 }, // U+030B
    { 11, 6, 0, 5, 24, 17, 142 }, // U+030C
    { 14, 7, 0, 2, 25, 25, 159 }, // U+030F
    { 10, 5, 0, 5, 25, 13, 184 }, // U+0311
    { 6, 7, 0, 7, 23, 11, 197 }, // U+0312
    { 10, 8, 0, 0, 22, 20, 208 }, // U+031B
    { 6, 5, 0, 7, -2, 8, 228 }, // U+0323
    { 14, 5, 0, 3, -3, 18, 236 }, // U+0324
    { 5, 7, 0, 5, -2, 9, 254 }, // U+0326
    { 10, 10, 0, 4, 2, 25, 263 }, // U+0327
    { 10, 10, 0, 4, 2, 25, 288 }, // U+0328
    { 10, 5, 0, 5, -2, 13, 313 }, // U+032E
    { 11, 5, 0, 2, -3, 14, 326 }, // U+0330
    { 10, 2, 0, 5, -3, 5, 340 }, // U+0331
    { 25, 32, 393, 0, 25, 200, 0 }, // U+1EA0
    { 20, 24, 310, 0, 17, 120, 200 }, // U+1EA1
    { 25, 34, 393, 0, 34, 213, 320 }, // U+1EA2
    { 20, 27, 310, 0, 26, 135, 533 }, // U+1EA3
    { 25, 37, 393, 0, 37, 232, 668 }, // U+1EA4
    { 20, 30, 310, 0, 29, 150, 900 }, // U+1EA5
    { 25, 37, 393, 0, 37, 232, 1050 }, // U+1EA6
    { 20, 30, 310, 0, 29, 150, 1282 }, // U+1EA7
    { 25, 38, 393, 0, 38, 238, 1432 }, // U+1EA8
    { 20, 31, 310, 0, 30, 155, 1670 }, // U+1EA9
    { 25, 38, 393, 0, 38, 238, 1825 }, // U+1EAA
    { 20, 31, 310, 0, 30, 155, 2063 }, // U+1EAB
    { 25, 40, 393, 0, 33, 250, 2218 }, // U+1EAC
    { 20, 32, 310, 0, 25, 160, 2468 }, // U+1EAD
    { 25, 39, 393, 0, 39, 244, 2628 }, // U+1EAE
    { 20, 32, 310, 0, 31, 160, 2872 }, // U+1EAF
    { 25, 39, 393, 0, 39, 244, 3032 }, // U+1EB0
    { 20, 32, 310, 0, 31, 160, 3276 }, // U+1EB1
    { 25, 40, 393, 0, 40, 250, 3436 }, // U+1EB2
    { 20, 33, 310, 0, 32, 165, 3686 }, // U+1EB3
    { 25, 38, 393, 0, 38, 238, 3851 }, // U+1EB4
    { 20, 31, 310, 0, 30, 155, 4089 }, // U+1EB5
    { 25, 39, 393, 0, 32, 244, 4244 }, // U+1EB6
    { 20, 31, 310, 0, 24, 155, 4488 }, // U+1EB7
    { 24, 33, 380, 0, 26, 198, 4643 }, // U+1EB8
    { 17, 24, 259, 0, 17, 102, 4841 }, // U+1EB9
    { 24, 34, 380, 0, 34, 204, 4943 }, // U+1EBA
    { 17, 26, 259, 0, 26, 111, 5147 }, // U+1EBB
    { 24, 32, 380, 0, 32, 192, 5258 }, // U+1EBC
    { 17, 24, 259, 0, 24, 102, 5450 }, // U+1EBD
    { 24, 37, 380, 0, 37, 222, 5552 }, // U+1EBE
    { 17, 29, 259, 0, 29, 124, 5774 }, // U+1EBF
    { 24, 37, 380, 0, 37, 222, 5898 }, // U+1EC0
    { 18, 29, 259, -1, 29, 131, 6120 }, // U+1EC1
    { 24, 38, 380, 0, 38, 228, 6251 }, // U+1EC2
    { 17, 30, 259, 0, 30, 128, 6479 }, // U+1EC3
    { 24, 38, 380, 0, 38, 228, 6607 }, // U+1EC4
    { 17, 30, 259, 0, 30, 128, 6835 }, // U+1EC5
    { 24, 40, 380, 0, 33, 240, 6963 }, // U+1EC6
    { 17, 32, 259, 0, 25, 136, 7203 }, // U+1EC7
    { 10, 34, 188, 1, 34, 85, 7339 }, // U+1EC8
    { 10, 26, 159, 0, 26, 65, 7424 }, // U+1EC9
    { 10, 32, 188, 1, 25, 80, 7489 }, // U+1ECA
    { 10, 31, 159, 0, 24, 78, 7569 }, // U+1ECB
    { 25, 32, 424, 1, 25, 200, 7647 }, // U+1ECC
    { 18, 24, 285, 0, 17, 108, 7847 }, // U+1ECD
    { 25, 34, 424, 1, 34, 213, 7955 }, // U+1ECE
    { 18, 26, 285, 0, 26, 117, 8168 }, // U+1ECF
    { 25, 37, 424, 1, 37, 232, 8285 }, // U+1ED0
    { 18, 29, 285, 0, 29, 131, 8517 }, // U+1ED1
    { 25, 37, 424, 1, 37, 232, 8648 }, // U+1ED2
    { 18, 29, 285, 0, 29, 131, 8880 }, // U+1ED3
    { 25, 38, 424, 1, 38, 238, 9011 }, // U+1ED4
    { 18, 30, 285, 0, 30, 135, 9249 }, // U+1ED5
    { 25, 38, 424, 1, 38, 238, 9384 }, // U+1ED6
    { 18, 30, 285, 0, 30, 135, 9622 }, // U+1ED7
    { 25, 40, 424, 1, 33, 250, 9757 }, // U+1ED8
    { 18, 32, 285, 0, 25, 144, 10007 }, // U+1ED9
    { 25, 33, 424, 1, 33, 207, 10151 }, // U+1EDA
    { 18, 25, 285, 0, 25, 113, 10358 }, // U+1EDB
    { 25, 33, 424, 1, 33, 207, 10471 }, // U+1EDC
    { 18, 25, 285, 0, 25, 113, 10678 }, // U+1EDD
    { 25, 34, 424, 1, 34, 213, 10791 }, // U+1EDE
    { 18, 26, 285, 0, 26, 117, 11004 }, // U+1EDF
    { 25, 32, 424, 1, 32, 200, 11121 }, // U+1EE0
    { 18, 24, 285, 0, 24, 108, 11321 }, // U+1EE1
    { 25, 37, 424, 1, 30, 232, 11429 }, // U+1EE2
    { 18, 29, 285, 0, 22, 131, 11661 }, // U+1EE3
    { 26, 32, 401, 0, 25, 208, 11792 }, // U+1EE4
    { 20, 24, 323, 0, 17, 120, 12000 }, // U+1EE5
    { 26, 34, 401, 0, 34, 221, 12120 }, // U+1EE6
    { 20, 27, 323, 0, 26, 135, 12341 }, // U+1EE7
    { 29, 33, 472, 0, 33, 240, 12476 }, // U+1EE8
    { 24, 26, 420, 0, 25, 156, 12716 }, // U+1EE9
    { 29, 33, 472, 0, 33, 240, 12872 }, // U+1EEA
    { 24, 26, 420, 0, 25, 156, 13112 }, // U+1EEB
    { 29, 34, 472, 0, 34, 247, 13268 }, // U+1EEC
    { 24, 27, 420, 0, 26, 162, 13515 }, // U+1EED
    { 29, 32, 472, 0, 32, 232, 13677 }, // U+1EEE
    { 24, 25, 420, 0, 24, 150, 13909 }, // U+1EEF
    { 29, 37, 472, 0, 30, 269, 14059 }, // U+1EF0
    { 24, 29, 420, 0, 22, 174, 14328 }, // U+1EF1
    { 26, 33, 405, 0, 33, 215, 14502 }, // U+1EF2
    { 19, 32, 289, 0, 25, 152, 14717 }, // U+1EF3
    { 26, 32, 405, 0, 25, 208, 14869 }, // U+1EF4
    { 19, 26, 289, 0, 17, 124, 15077 }, // U+1EF5
    { 26, 34, 405, 0, 34, 221, 15201 }, // U+1EF6
    { 19, 33, 289, 0, 26, 157, 15422 }, // U+1EF7
    { 26, 32, 405, 0, 32, 208, 15579 }, // U+1EF8
    { 19, 31, 289, 0, 24, 148, 15787 }, // U+1EF9
    { 0, 0, 343, 0, 0, 0, 0 }, // U+2007
    { 0, 0, 129, 0, 0, 0, 0 }, // U+2008
    { 0, 0, 106, 0, 0, 0, 0 }, // U+2009
    { 0, 0, 76, 0, 0, 0, 0 }, // U+200A
    { 0, 0, 0, 0, 0, 0, 0 }, // U+200B
    { 13, 2, 270, 2, 10, 7, 0 }, // U+2010
    { 21, 2, 397, 2, 10, 11, 7 }, // U+2012
    { 15, 2, 290, 2, 10, 8, 18 }, // U+2013
    { 21, 2, 397, 2, 10, 11, 26 }, // U+2014
    { 27, 2, 394, -1, 10, 14, 37 }, // U+2015
    { 7, 9, 167, 3, 27, 16, 51 }, // U+2018
    { 6, 9, 167, 1, 27, 14, 67 }, // U+2019
    { 6, 9, 131, 1, 5, 14, 81 }, // U+201A
    { 14, 9, 284, 3, 27, 32, 95 }, // U+201C
    { 14, 9, 284, 1, 27, 32, 127 }, // U+201D
    { 14, 9, 284, 1, 5, 32, 159 }, // U+201E
    { 16, 30, 308, 2, 25, 120, 191 }, // U+2020
    { 16, 29, 308, 2, 24, 116, 311 }, // U+2021
    { 9, 8, 317, 6, 15, 18, 427 }, // U+2022
    { 23, 5, 399, 1, 5, 29, 445 }, // U+2026
    { 43, 29, 713, 0, 28, 312, 474 }, // U+2030
    { 6, 10, 116, 0, 26, 15, 786 }, // U+2032
    { 13, 10, 233, 0, 26, 33, 801 }, // U+2033
    { 9, 15, 213, 2, 18, 34, 834 }, // U+2039
    { 9, 15, 213, 2, 18, 34, 868 }, // U+203A
    { 19, 26, 290, 0, 26, 124, 902 }, // U+203D
    { 34, 31, 563, 1, 25, 264, 1026 }, // U+2042
    { 21, 25, 375, 1, 25, 132, 1290 }, // U+2044
    { 23, 26, 390, 0, 26, 150, 1422 }, // U+2048
    { 15, 14, 234, 0, 27, 53, 0 }, // U+2070
    { 14, 18, 230, 0, 27, 63, 53 }, // U+2074
    { 14, 20, 247, 1, 28, 70, 116 }, // U+2075
    { 14, 17, 243, 1, 30, 60, 186 }, // U+2076
    { 14, 18, 229, 0, 26, 63, 246 }, // U+2077
    { 13, 17, 199, 0, 30, 56, 309 }, // U+2078
    { 15, 17, 243, 0, 30, 64, 365 }, // U+2079
    { 15, 14, 234, 0, 14, 53, 429 }, // U+2080
    { 9, 15, 139, 0, 15, 34, 482 }, // U+2081
    { 14, 15, 217, 0, 14, 53, 516 }, // U+2082
    { 11, 14, 202, 1, 14, 39, 569 }, // U+2083
    { 14, 18, 230, 0, 14, 63, 608 }, // U+2084
    { 14, 20, 247, 1, 15, 70, 671 }, // U+2085
    { 14, 17, 243, 1, 17, 60, 741 }, // U+2086
    { 14, 18, 229, 0, 13, 63, 801 }, // U+2087
    { 13, 17, 199, 0, 17, 56, 864 }, // U+2088
    { 15, 17, 243, 0, 17, 64, 920 }, // U+2089
    { 24, 34, 434, 1, 30, 204, 0 }, // U+20A1
    { 27, 26, 464, 1, 26, 176, 204 }, // U+20A3
    { 23, 25, 408, 1, 25, 144, 380 }, // U+20A4
    { 29, 25, 499, 1, 25, 182, 524 }, // U+20A6
    { 25, 25, 439, 1, 25, 157, 706 }, // U+20A7
    { 38, 25, 643, 1, 25, 238, 863 }, // U+20A9
    { 23, 25, 403, 1, 25, 144, 1101 }, // U+20AA
    { 22, 31, 381, 1, 28, 171, 1245 }, // U+20AB
    { 27, 25, 483, 1, 25, 169, 1416 }, // U+20AC
    { 26, 25, 445, 1, 25, 163, 1585 }, // U+20AD
    { 26, 25, 443, 1, 25, 163, 1748 }, // U+20B1
    { 25, 34, 439, 1, 30, 213, 1911 }, // U+20B2
    { 26, 25, 449, 1, 25, 163, 2124 }, // U+20B4
    { 24, 34, 434, 1, 30, 204, 2287 }, // U+20B5
    { 19, 26, 343, 1, 25, 124, 2491 }, // U+20B9
    { 23, 25, 392, 1, 25, 144, 2615 }, // U+20BA
    { 20, 31, 386, 2, 31, 155, 2759 }, // U+20BC
    { 22, 25, 385, 1, 25, 138, 2914 }, // U+20BD
    { 22, 33, 403, 2, 29, 182, 3052 }, // U+20BF
    { 26, 24, 456, 2, 25, 156, 0 }, // U+2190
    { 23, 25, 392, 1, 26, 144, 156 }, // U+2191
    { 26, 24, 439, 1, 25, 156, 300 }, // U+2192
    { 23, 25, 392, 1, 25, 144, 456 }, // U+2193
    { 33, 24, 582, 2, 25, 198, 600 }, // U+2194
    { 23, 33, 392, 1, 29, 190, 798 }, // U+2195
    { 20, 19, 352, 1, 26, 95, 988 }, // U+2196
    { 20, 19, 362, 2, 26, 95, 1083 }, // U+2197
    { 20, 19, 352, 1, 19, 95, 1178 }, // U+2198
    { 20, 19, 352, 1, 19, 95, 1273 }, // U+2199
    { 23, 22, 401, 1, 24, 127, 1368 }, // U+21BA
    { 23, 22, 401, 2, 24, 127, 1495 }, // U+21BB
    { 29, 38, 456, 0, 31, 276, 1622 }, // U+21C4
    { 37, 28, 605, 1, 26, 259, 1898 }, // U+21C5
    { 24, 22, 420, 1, 22, 132, 2157 }, // U+21E7
    { 18, 28, 317, 0, 27, 126, 0 }, // U+2202
    { 20, 19, 317, 0, 19, 95, 126 }, // U+2205
    { 20, 23, 317, 0, 23, 115, 221 }, // U+2206
    { 20, 26, 317, 0, 26, 130, 336 }, // U+220F
    { 19, 25, 317, 1, 25, 119, 466 }, // U+2211
    { 18, 3, 317, 1, 11, 14, 585 }, // U+2212
    { 14, 25, 299, 2, 25, 88, 599 }, // U+2215
    { 7, 6, 317, 7, 14, 11, 687 }, // U+2219
    { 20, 30, 317, 0, 27, 150, 698 }, // U+221A
    { 20, 11, 317, 0, 15, 55, 848 }, // U+221E
    { 22, 36, 317, -1, 28, 198, 903 }, // U+222B
    { 20, 14, 317, 0, 17, 70, 1101 }, // U+2248
    { 16, 20, 317, 2, 20, 80, 1171 }, // U+2260
    { 20, 21, 317, 0, 21, 105, 1251 }, // U+2264
    { 20, 21, 317, 0, 21, 105, 1356 }, // U+2265
    { 25, 26, 356, 0, 26, 163, 0 }, // U+FB00
    { 22, 26, 351, 0, 26, 143, 163 }, // U+FB01
    { 21, 26, 331, 0, 26, 137, 306 }, // U+FB02
    { 34, 26, 536, 0, 26, 221, 443 }, // U+FB03
    { 33, 26, 520, 0, 26, 215, 664 }, // U+FB04
    { 37, 36, 581, 0, 33, 333, 0 }, // U+FFFD
};

static const EpdUnicodeInterval youngserif_18_regularIntervals[] = {
    { 0xD, 0xD, 0x0 },
    { 0x20, 0x7E, 0x1 },
    { 0xA0, 0xAC, 0x60 },
    { 0xAE, 0x17F, 0x6D },
    { 0x1A0, 0x1A1, 0x13F },
    { 0x1AF, 0x1B0, 0x141 },
    { 0x1C4, 0x1DC, 0x143 },
    { 0x1E6, 0x1E7, 0x15C },
    { 0x1EA, 0x1EB, 0x15E },
    { 0x1FA, 0x21B, 0x160 },
    { 0x300, 0x304, 0x182 },
    { 0x306, 0x30C, 0x187 },
    { 0x30F, 0x30F, 0x18E },
    { 0x311, 0x312, 0x18F },
    { 0x31B, 0x31B, 0x191 },
    { 0x323, 0x324, 0x192 },
    { 0x326, 0x328, 0x194 },
    { 0x32E, 0x32E, 0x197 },
    { 0x330, 0x331, 0x198 },
    { 0x1EA0, 0x1EF9, 0x19A },
    { 0x2007, 0x200B, 0x1F4 },
    { 0x2010, 0x2010, 0x1F9 },
    { 0x2012, 0x2015, 0x1FA },
    { 0x2018, 0x201A, 0x1FE },
    { 0x201C, 0x201E, 0x201 },
    { 0x2020, 0x2022, 0x204 },
    { 0x2026, 0x2026, 0x207 },
    { 0x2030, 0x2030, 0x208 },
    { 0x2032, 0x2033, 0x209 },
    { 0x2039, 0x203A, 0x20B },
    { 0x203D, 0x203D, 0x20D },
    { 0x2042, 0x2042, 0x20E },
    { 0x2044, 0x2044, 0x20F },
    { 0x2048, 0x2048, 0x210 },
    { 0x2070, 0x2070, 0x211 },
    { 0x2074, 0x2079, 0x212 },
    { 0x2080, 0x2089, 0x218 },
    { 0x20A1, 0x20A1, 0x222 },
    { 0x20A3, 0x20A4, 0x223 },
    { 0x20A6, 0x20A7, 0x225 },
    { 0x20A9, 0x20AD, 0x227 },
    { 0x20B1, 0x20B2, 0x22C },
    { 0x20B4, 0x20B5, 0x22E },
    { 0x20B9, 0x20BA, 0x230 },
    { 0x20BC, 0x20BD, 0x232 },
    { 0x20BF, 0x20BF, 0x234 },
    { 0x2190, 0x2199, 0x235 },
    { 0x21BA, 0x21BB, 0x23F },
    { 0x21C4, 0x21C5, 0x241 },
    { 0x21E7, 0x21E7, 0x243 },
    { 0x2202, 0x2202, 0x244 },
    { 0x2205, 0x2206, 0x245 },
    { 0x220F, 0x220F, 0x247 },
    { 0x2211, 0x2212, 0x248 },
    { 0x2215, 0x2215, 0x24A },
    { 0x2219, 0x221A, 0x24B },
    { 0x221E, 0x221E, 0x24D },
    { 0x222B, 0x222B, 0x24E },
    { 0x2248, 0x2248, 0x24F },
    { 0x2260, 0x2260, 0x250 },
    { 0x2264, 0x2265, 0x251 },
    { 0xFB00, 0xFB04, 0x253 },
    { 0xFFFD, 0xFFFD, 0x258 },
};

static const EpdFontGroup youngserif_18_regularGroups[] = {
    { 0, 4255, 10783, 96, 0 },
    { 4255, 3579, 12972, 95, 96 },
    { 7834, 4215, 20663, 128, 191 },
    { 12049, 3181, 12644, 67, 319 },
    { 15230, 292, 397, 24, 386 },
    { 15522, 2111, 17214, 90, 410 },
    { 17633, 756, 1690, 29, 500 },
    { 18389, 385, 1115, 17, 529 },
    { 18774, 1401, 3422, 19, 546 },
    { 20175, 847, 2410, 15, 565 },
    { 21022, 604, 1513, 15, 580 },
    { 21626, 346, 962, 5, 595 },
    { 21972, 159, 360, 1, 600 },
};

static const uint16_t youngserif_18_regularKernLeftCodepoints[] = {
    0x0028, 0x002C, 0x002D, 0x002E, 0x002F, 0x0030, 0x0031, 0x0032, 0x0033, 0x0034, 0x0035, 0x0036,
    0x0037, 0x0038, 0x0039, 0x003A, 0x003B, 0x0041, 0x0042, 0x0043, 0x0044, 0x0045, 0x0046, 0x0047,
    0x0048, 0x0049, 0x004A, 0x004B, 0x004C, 0x004D, 0x004E, 0x004F, 0x0050, 0x0051, 0x0052, 0x0053,
    0x0054, 0x0055, 0x0056, 0x0057, 0x0058, 0x0059, 0x005A, 0x005B, 0x0061, 0x0062, 0x0063, 0x0064,
    0x0065, 0x0066, 0x0067, 0x0068, 0x0069, 0x006A, 0x006B, 0x006C, 0x006D, 0x006E, 0x006F, 0x0070,
    0x0071, 0x0072, 0x0073, 0x0074, 0x0075, 0x0076, 0x0077, 0x0078, 0x0079, 0x007A, 0x00A1, 0x00B2,
    0x00B3, 0x00B9, 0x00BF, 0x00C0, 0x00C1, 0x00C2, 0x00C3, 0x00C4, 0x00C5, 0x00C6, 0x00C7, 0x00C8,
    0x00C9, 0x00CA, 0x00CB, 0x00CC, 0x00CD, 0x00CE, 0x00CF, 0x00D0, 0x00D1, 0x00D2, 0x00D3, 0x00D4,
    0x00D5, 0x00D6, 0x00D8, 0x00D9, 0x00DA, 0x00DB, 0x00DC, 0x00DD, 0x00DE, 0x00DF, 0x00E0, 0x00E1,
    0x00E2, 0x00E3, 0x00E4, 0x00E5, 0x00E6, 0x00E7, 0x00E8, 0x00E9, 0x00EA, 0x00EB, 0x00EC, 0x00ED,
    0x00EE, 0x00EF, 0x00F0, 0x00F1, 0x00F2, 0x00F3, 0x00F4, 0x00F5, 0x00F6, 0x00F7, 0x00F8, 0x00F9,
    0x00FA, 0x00FB, 0x00FC, 0x00FD, 0x00FE, 0x00FF, 0x0100, 0x0101, 0x0102, 0x0103, 0x0104, 0x0105,
    0x0106, 0x0107, 0x0108, 0x0109, 0x010A, 0x010B, 0x010C, 0x010D, 0x010E, 0x010F, 0x0110, 0x0111,
    0x0112, 0x0113, 0x0114, 0x0115, 0x0116, 0x0117, 0x0118, 0x0119, 0x011A, 0x011B, 0x011C, 0x011D,
    0x011E, 0x011F, 0x0120, 0x0121, 0x0122, 0x0123, 0x0124, 0x0125, 0x0126, 0x0127, 0x0128, 0x0129,
    0x012A, 0x012B, 0x012C, 0x012D, 0x012E, 0x012F, 0x0130, 0x0131, 0x0132, 0x0133, 0x0134, 0x0135,
    0x0136, 0x0137, 0x0138, 0x0139, 0x013A, 0x013B, 0x013C, 0x013D, 0x013E, 0x013F, 0x0140, 0x0141,
    0x0142, 0x0143, 0x0144, 0x0145, 0x0146, 0x0147, 0x0148, 0x0149, 0x014A, 0x014B, 0x014C, 0x014D,
    0x014E, 0x014F, 0x0150, 0x0151, 0x0152, 0x0153, 0x0154, 0x0155, 0x0156, 0x0157, 0x0158, 0x0159,
    0x015A, 0x015B, 0x015C, 0x015D, 0x015E, 0x015F, 0x0160, 0x0161, 0x0162, 0x0163, 0x0164, 0x0165,
    0x0166, 0x0167, 0x0168, 0x0169, 0x016A, 0x016B, 0x016C, 0x016D, 0x016E, 0x016F, 0x0170, 0x0171,
    0x0172, 0x0173, 0x0174, 0x0175, 0x0176, 0x0177, 0x0178, 0x0179, 0x017A, 0x017B, 0x017C, 0x017D,
    0x017E, 0x01A0, 0x01A1, 0x01C4, 0x01C5, 0x01C6, 0x01C7, 0x01C8, 0x01C9, 0x01CA, 0x01CB, 0x01CC,
    0x01CD, 0x01CE, 0x01CF, 0x01D0, 0x01D1, 0x01D2, 0x01D3, 0x01D4, 0x01D5, 0x01D6, 0x01D7, 0x01D8,
    0x01D9, 0x01DA, 0x01DB, 0x01DC, 0x01E6, 0x01E7, 0x01EA, 0x01EB, 0x01FA, 0x01FB, 0x01FC, 0x01FD,
    0x01FE, 0x01FF, 0x0200, 0x0201, 0x0202, 0x0203, 0x0204, 0x0205, 0x0206, 0x0207, 0x0208, 0x0209,
    0x020A, 0x020B, 0x020C, 0x020D, 0x020E, 0x020F, 0x0210, 0x0211, 0x0212, 0x0213, 0x0214, 0x0215,
    0x0216, 0x0217, 0x0218, 0x0219, 0x021A, 0x021B, 0x1EA0, 0x1EA1, 0x1EA2, 0x1EA3, 0x1EA4, 0x1EA5,
    0x1EA6, 0x1EA7, 0x1EA8, 0x1EA9, 0x1EAA, 0x1EAB, 0x1EAC, 0x1EAD, 0x1EAE, 0x1EAF, 0x1EB0, 0x1EB1,
    0x1EB2, 0x1EB3, 0x1EB4, 0x1EB5, 0x1EB6, 0x1EB7, 0x1EB8, 0x1EB9, 0x1EBA, 0x1EBB, 0x1EBC, 0x1EBD,
    0x1EBE, 0x1EBF, 0x1EC0, 0x1EC1, 0x1EC2, 0x1EC3, 0x1EC4, 0x1EC5, 0x1EC6, 0x1EC7, 0x1EC8, 0x1EC9,
    0x1ECA, 0x1ECB, 0x1ECC, 0x1ECD, 0x1ECE, 0x1ECF, 0x1ED0, 0x1ED1, 0x1ED2, 0x1ED3, 0x1ED4, 0x1ED5,
    0x1ED6, 0x1ED7, 0x1ED8, 0x1ED9, 0x1EDA, 0x1EDB, 0x1EDC, 0x1EDD, 0x1EDE, 0x1EDF, 0x1EE0, 0x1EE1,
    0x1EE2, 0x1EE3, 0x1EE4, 0x1EE5, 0x1EE6, 0x1EE7, 0x1EF2, 0x1EF3, 0x1EF4, 0x1EF5, 0x1EF6, 0x1EF7,
    0x1EF8, 0x1EF9, 0x2010, 0x2012, 0x2013, 0x2014, 0x2015, 0x201A, 0x201E, 0x2026, 0x2044, 0x2070,
    0x2074, 0x2075, 0x2076, 0x2077, 0x2078, 0x2079, 0xFB00, 0xFB01, 0xFB02, 0xFB03, 0xFB04,
};

static const uint8_t youngserif_18_regularKernLeftClassIds[] = {
      1,   2,   3,   2,   4,   5,   6,   7,   8,   9,  10,  11,  12,  13,  14,  15,
     15,  16,  17,  18,  19,  20,  21,  22,  23,  24,  25,  26,  20,  23,  27,  19,
     28,  19,  29,  30,  31,  32,  33,  33,  34,  35,  36,  37,  38,  39,  40,  38,
     41,  42,  43,  44,  38,  45,  46,  38,  44,  44,  39,  39,  47,  48,  49,  50,
     51,  52,  52,  53,  54,  55,  56,  57,  57,  57,  58,  16,  16,  16,  16,  16,
     16,  59,  18,  59,  59,  59,  59,  24,  24,  24,  24,  19,  27,  19,  19,  19,
     19,  19,  19,  32,  32,  32,  32,  35,  28,  39,  38,  38,  38,  38,  38,  38,
     41,  40,  41,  41,  41,  41,  38,  38,  60,  60,  61,  44,  39,  39,  39,  39,
     39,  62,  39,  51,  51,  51,  51,  54,  39,  54,  16,  38,  16,  38,  16,  38,
     18,  40,  18,  40,  18,  40,  18,  40,  19,  63,  19,  64,  59,  41,  20,  41,
     59,  41,  59,  41,  59,  41,  22,  43,  22,  43,  22,  43,  22,  43,  23,  44,
     23,  44,  24,  38,  24,  38,  24,  38,  24,  65,  24,  38,  25,  45,  25,  45,
     26,  46,  46,  20,  38,  20,  38,  59,  38,  20,  66,  67,  68,  27,  44,  27,
     44,  27,  44,  44,  27,  69,  19,  39,  19,  39,  19,  39,  59,  41,  29,  48,
     29,  48,  29,  48,  30,  49,  30,  49,  30,  49,  30,  49,  31,  50,  31,  50,
     31,  50,  32,  51,  32,  51,  32,  51,  32,  51,  32,  51,  32,  51,  33,  52,
     35,  54,  35,  36,  55,  36,  55,  36,  55,  19,  39,  36,  55,  55,  25,  45,
     69,  25,  45,  69,  16,  38,  24,  38,  19,  39,  32,  51,  32,  51,  32,  51,
     32,  51,  32,  51,  22,  43,  19,  39,  16,  38,  20,  41,  19,  39,  16,  38,
     16,  38,  20,  41,  20,  41,  24,  38,  24,  38,  19,  39,  19,  39,  29,  48,
     29,  48,  32,  51,  32,  51,  30,  49,  31,  50,  16,  38,  16,  38,  16,  38,
     16,  38,  16,  38,  16,  38,  16,  38,  16,  38,  16,  38,  16,  38,  16,  38,
     16,  38,  20,  41,  20,  41,  20,  41,  20,  41,  20,  41,  20,  41,  20,  41,
     20,  41,  24,  38,  24,  70,  19,  39,  19,  39,  19,  39,  19,  39,  19,  39,
     19,  39,  19,  39,  19,  39,  19,  39,  19,  39,  19,  39,  19,  39,  32,  51,
     32,  51,  35,  54,  35,  54,  35,  54,  35,  54,   3,   3,   3,   3,   3,   2,
      2,   2,  71,  57,  57,  57,  57,  57,  57,  57,  38,  38,  38,  38,  38,
};

static const uint16_t youngserif_18_regularKernRightCodepoints[] = {
    0x0021, 0x0029, 0x002C, 0x002D, 0x002E, 0x002F, 0x0030, 0x0031, 0x0032, 0x0033, 0x0034, 0x0035,
    0x0036, 0x0037, 0x0038, 0x0039, 0x003A, 0x003B, 0x003F, 0x0041, 0x0042, 0x0043, 0x0044, 0x0045,
    0x0046, 0x0047, 0x0048, 0x0049, 0x004A, 0x004B, 0x004C, 0x004D, 0x004E, 0x004F, 0x0050, 0x0051,
    0x0052, 0x0053, 0x0054, 0x0055, 0x0056, 0x0057, 0x0058, 0x0059, 0x005A, 0x005D, 0x0061, 0x0062,
    0x0063, 0x0064, 0x0065, 0x0066, 0x0067, 0x0068, 0x0069, 0x006A, 0x006B, 0x006C, 0x006D, 0x006E,
    0x006F, 0x0070, 0x0071, 0x0072, 0x0073, 0x0074, 0x0075, 0x0076, 0x0077, 0x0078, 0x0079, 0x007A,
    0x00B7, 0x00C0, 0x00C1, 0x00C2, 0x00C3, 0x00C4, 0x00C5, 0x00C6, 0x00C7, 0x00C8, 0x00C9, 0x00CA,
    0x00CB, 0x00CC, 0x00CD, 0x00CE, 0x00CF, 0x00D0, 0x00D1, 0x00D2, 0x00D3, 0x00D4, 0x00D5, 0x00D6,
    0x00D8, 0x00D9, 0x00DA, 0x00DB, 0x00DC, 0x00DD, 0x00DE, 0x00DF, 0x00E0, 0x00E1, 0x00E2, 0x00E3,
    0x00E4, 0x00E5, 0x00E6, 0x00E7, 0x00E8, 0x00E9, 0x00EA, 0x00EB, 0x00EC, 0x00ED, 0x00EE, 0x00EF,
    0x00F0, 0x00F1, 0x00F2, 0x00F3, 0x00F4, 0x00F5, 0x00F6, 0x00F7, 0x00F8, 0x00F9, 0x00FA, 0x00FB,
    0x00FC, 0x00FD, 0x00FE, 0x00FF, 0x0100, 0x0101, 0x0102, 0x0103, 0x0104, 0x0105, 0x0106, 0x0107,
    0x0108, 0x0109, 0x010A, 0x010B, 0x010C, 0x010D, 0x010E, 0x010F, 0x0110, 0x0111, 0x0112, 0x0113,
    0x0114, 0x0115, 0x0116, 0x0117, 0x0118, 0x0119, 0x011A, 0x011B, 0x011C, 0x011D, 0x011E, 0x011F,
    0x0120, 0x0121, 0x0122, 0x0123, 0x0124, 0x0125, 0x0126, 0x0127, 0x0128, 0x0129, 0x012A, 0x012B,
    0x012C, 0x012D, 0x012E, 0x012F, 0x0130, 0x0131, 0x0132, 0x0133, 0x0134, 0x0135, 0x0136, 0x0137,
    0x0138, 0x0139, 0x013A, 0x013B, 0x013C, 0x013D, 0x013E, 0x013F, 0x0140, 0x0141, 0x0142, 0x0143,
    0x0144, 0x0145, 0x0146, 0x0147, 0x0148, 0x014A, 0x014B, 0x014C, 0x014D, 0x014E, 0x014F, 0x0150,
    0x0151, 0x0152, 0x0153, 0x0154, 0x0155, 0x0156, 0x0157, 0x0158, 0x0159, 0x015A, 0x015B, 0x015C,
    0x015D, 0x015E, 0x015F, 0x0160, 0x0161, 0x0162, 0x0163, 0x0164, 0x0165, 0x0166, 0x0167, 0x0168,
    0x0169, 0x016A, 0x016B, 0x016C, 0x016D, 0x016E, 0x016F, 0x0170, 0x0171, 0x0172, 0x0173, 0x0174,
    0x0175, 0x0176, 0x0177, 0x0178, 0x0179, 0x017A, 0x017B, 0x017C, 0x017D, 0x017E, 0x01A0, 0x01A1,
    0x01AF, 0x01B0, 0x01C4, 0x01C5, 0x01C6, 0x01C7, 0x01C8, 0x01C9, 0x01CA, 0x01CB, 0x01CC, 0x01CD,
    0x01CE, 0x01CF, 0x01D0, 0x01D1, 0x01D2, 0x01D3, 0x01D4, 0x01D5, 0x01D6, 0x01D7, 0x01D8, 0x01D9,
    0x01DA, 0x01DB, 0x01DC, 0x01E6, 0x01E7, 0x01EA, 0x01EB, 0x01FA, 0x01FB, 0x01FC, 0x01FD, 0x01FE,
    0x01FF, 0x0200, 0x0201, 0x0202, 0x0203, 0x0204, 0x0205, 0x0206, 0x0207, 0x0208, 0x0209, 0x020A,
    0x020B, 0x020C, 0x020D, 0x020E, 0x020F, 0x0210, 0x0211, 0x0212, 0x0213, 0x0214, 0x0215, 0x0216,
    0x0217, 0x0218, 0x0219, 0x021A, 0x021B, 0x1EA0, 0x1EA1, 0x1EA2, 0x1EA3, 0x1EA4, 0x1EA5, 0x1EA6,
    0x1EA7, 0x1EA8, 0x1EA9, 0x1EAA, 0x1EAB, 0x1EAC, 0x1EAD, 0x1EAE, 0x1EAF, 0x1EB0, 0x1EB1, 0x1EB2,
    0x1EB3, 0x1EB4, 0x1EB5, 0x1EB6, 0x1EB7, 0x1EB8, 0x1EB9, 0x1EBA, 0x1EBB, 0x1EBC, 0x1EBD, 0x1EBE,
    0x1EBF, 0x1EC0, 0x1EC1, 0x1EC2, 0x1EC3, 0x1EC4, 0x1EC5, 0x1EC6, 0x1EC7, 0x1EC8, 0x1EC9, 0x1ECA,
    0x1ECB, 0x1ECC, 0x1ECD, 0x1ECE, 0x1ECF, 0x1ED0, 0x1ED1, 0x1ED2, 0x1ED3, 0x1ED4, 0x1ED5, 0x1ED6,
    0x1ED7, 0x1ED8, 0x1ED9, 0x1EDA, 0x1EDB, 0x1EDC, 0x1EDD, 0x1EDE, 0x1EDF, 0x1EE0, 0x1EE1, 0x1EE2,
    0x1EE3, 0x1EE4, 0x1EE5, 0x1EE6, 0x1EE7, 0x1EE8, 0x1EE9, 0x1EEA, 0x1EEB, 0x1EEC, 0x1EED, 0x1EEE,
    0x1EEF, 0x1EF0, 0x1EF1, 0x1EF2, 0x1EF3, 0x1EF4, 0x1EF5, 0x1EF6, 0x1EF7, 0x1EF8, 0x1EF9, 0x2010,
    0x2012, 0x2013, 0x2014, 0x2015, 0x201A, 0x201E, 0x2026, 0x2044, 0x2080, 0x2081, 0x2082, 0x2083,
    0x2084, 0x2085, 0x2086, 0x2087, 0x2088, 0x2089, 0xFB00, 0xFB01, 0xFB02, 0xFB03, 0xFB04,
};

static const uint8_t youngserif_18_regularKernRightClassIds[] = {
      1,   2,   3,   4,   3,   5,   6,   7,   8,   9,  10,  11,  12,  13,  14,  15,
     16,  16,  17,  18,  19,  20,  19,  19,  19,  20,  19,  21,  22,  19,  19,  19,
     19,  20,  19,  20,  19,  23,  24,  25,  26,  27,  28,  29,  30,  31,  32,  33,
     32,  32,  32,  34,  35,  36,  37,  38,  36,  36,  39,  39,  32,  40,  32,  39,
     41,  42,  43,  44,  44,  45,  46,  47,  48,  18,  18,  18,  18,  18,  18,  49,
     20,  19,  19,  19,  19,  21,  21,  21,  21,  19,  19,  20,  20,  20,  20,  20,
     20,  25,  25,  25,  25,  29,  19,  36,  50,  32,  32,  51,  52,  32,  32,  32,
     53,  32,  54,  55,  56,  37,  57,  58,  59,  39,  60,  32,  61,  62,  63,  64,
     32,  65,  65,  65,  65,  46,  66,  67,  18,  68,  18,  69,  18,  32,  20,  32,
     20,  32,  20,  32,  20,  70,  19,  32,  19,  32,  19,  71,  19,  32,  19,  32,
     19,  32,  19,  72,  20,  73,  20,  73,  20,  35,  20,  35,  19,  36,  19,  36,
     21,  37,  21,  74,  21,  37,  21,  75,  21,  37,  21,  37,  22,  38,  19,  36,
     36,  19,  36,  19,  36,  19,  36,  19,  36,  76,  36,  19,  39,  19,  39,  19,
     39,  19,  39,  20,  60,  20,  32,  20,  60,  20,  77,  19,  39,  19,  39,  19,
     78,  23,  41,  23,  41,  23,  41,  23,  79,  80,  42,  80,  42,  80,  42,  25,
     65,  25,  65,  25,  65,  25,  65,  25,  65,  25,  65,  27,  44,  29,  81,  29,
     30,  47,  30,  47,  30,  82,  20,  32,  25,  65,  19,  19,  32,  19,  19,  36,
     19,  19,  39,  18,  32,  21,  37,  20,  32,  25,  65,  25,  65,  25,  65,  25,
     65,  25,  65,  20,  73,  20,  32,  18,  32,  49,  32,  20,  32,  18,  32,  18,
     32,  19,  32,  19,  32,  21,  37,  21,  37,  20,  32,  20,  32,  19,  39,  19,
     39,  25,  65,  25,  65,  23,  41,  80,  42,  18,  32,  18,  32,  18,  32,  18,
     32,  18,  32,  18,  32,  18,  32,  18,  32,  18,  32,  18,  32,  18,  32,  18,
     32,  19,  32,  19,  32,  19,  32,  19,  32,  19,  32,  19,  32,  19,  32,  19,
     32,  21,  37,  21,  37,  20,  32,  20,  32,  20,  32,  20,  32,  20,  32,  20,
     32,  20,  32,  20,  32,  20,  32,  20,  32,  20,  32,  20,  32,  25,  65,  25,
     65,  25,  65,  25,  65,  25,  65,  25,  65,  25,  65,  29,  46,  29,  46,  29,
     46,  29,  46,   4,   4,   4,   4,  83,   3,   3,   3,  84,  85,  85,  85,  85,
     85,  85,  85,  85,  85,  85,  86,  86,  86,  86,  86,
};

static const uint16_t youngserif_18_regularKernRowOffsets[] = {
        0,    27,    72,    90,    91,    98,   108,   115,   123,   137,   142,   146,   154,   157,   165,   177,
      232,   280,   317,   372,   420,   480,   510,   554,   594,   653,   713,   771,   830,   884,   932,   983,
     1039,  1095,  1147,  1206,  1251,  1253,  1294,  1323,  1369,  1388,  1438,  1477,  1521,  1522,  1560,  1602,
     1641,  1679,  1712,  1753,  1784,  1806,  1852,  1890,  1891,  1892,  1893,  1941,  1943,  1984,  1987,  2005,
     2007,  2048,  2089,  2137,  2141,  2150,  2191,  2192,
};

static const uint8_t youngserif_18_regularKernSparseCols[] = {
      7,   8,   9,  11,  13,  14,  31,  37,  45,  49,  50,  51,  52,  53,  54,  59,
     60,  61,  62,  66,  67,  68,  69,  70,  71,  76,  80,   5,   7,   8,   9,  10,
     11,  12,  18,  19,  20,  21,  22,  23,  24,  25,  26,  28,  31,  32,  39,  41,
     42,  43,  45,  49,  50,  51,  52,  53,  54,  59,  60,  61,  62,  64,  66,  67,
     68,  69,  70,  71,  75,  76,  79,  80,  17,  18,  20,  23,  24,  25,  26,  27,
     28,  29,  32,  43,  44,  45,  66,  75,  79,  80,  17,   2,   5,   7,   9,  11,
     12,  15,   3,   5,   6,   7,   8,   9,  12,  13,  14,  82,   1,   2,   6,   9,
     10,  12,  14,   2,   5,   6,   9,  11,  13,  14,  15,   1,   2,   3,   5,   6,
      8,   9,  10,  11,  12,  13,  15,  63,  82,   2,   5,   6,   7,  14,   2,   5,
      6,  15,   1,   2,   3,   5,   6,   7,   9,  82,   2,   6,  12,   1,   2,   5,
      6,   8,   9,  10,  11,   5,   6,   7,   9,  10,  12,  14,  25,  26,  34,  37,
     72,   3,  17,  19,  22,  23,  24,  25,  26,  28,  29,  31,  32,  34,  35,  36,
     37,  38,  39,  40,  41,  42,  43,  44,  45,  46,  49,  50,  51,  52,  53,  54,
     55,  59,  60,  61,  62,  64,  65,  66,  67,  68,  69,  70,  71,  72,  73,  74,
     76,  77,  78,  79,  80,  81,  82,  85,   2,  17,  18,  19,  20,  22,  23,  24,
     25,  26,  27,  28,  29,  31,  35,  38,  39,  40,  41,  42,  43,  44,  45,  48,
     49,  50,  51,  52,  53,  54,  59,  60,  61,  62,  64,  65,  66,  67,  68,  69,
     70,  71,  75,  76,  77,  78,  79,  80,   2,  17,  19,  21,  22,  24,  25,  26,
     27,  28,  31,  32,  34,  36,  38,  48,  49,  50,  51,  52,  53,  54,  55,  59,
     60,  61,  62,  67,  68,  69,  70,  71,  72,  73,  74,  76,  77,   2,  17,  18,
     19,  20,  21,  22,  23,  24,  25,  26,  27,  28,  29,  31,  32,  34,  35,  36,
     40,  42,  43,  45,  46,  48,  49,  50,  51,  52,  53,  54,  55,  58,  59,  60,
     61,  62,  64,  65,  66,  67,  68,  69,  70,  71,  72,  73,  74,  75,  76,  78,
     79,  80,  81,  85,   2,  17,  18,  19,  21,  22,  23,  24,  25,  26,  27,  28,
     29,  31,  32,  35,  38,  39,  40,  41,  42,  43,  44,  45,  47,  49,  50,  51,
     52,  53,  54,  59,  60,  61,  62,  64,  66,  67,  68,  69,  70,  71,  75,  76,
     77,  78,  79,  80,   2,   3,   4,  17,  18,  19,  20,  21,  22,  23,  24,  27,
     28,  31,  34,  35,  36,  37,  38,  39,  40,  41,  42,  43,  44,  45,  46,  48,
     49,  50,  51,  52,  53,  54,  55,  56,  57,  59,  60,  61,  62,  64,  66,  67,
     68,  69,  70,  71,  72,  73,  74,  75,  76,  77,  78,  79,  80,  81,  82,  85,
      2,  17,  18,  19,  20,  21,  22,  23,  24,  25,  26,  27,  28,  29,  32,  35,
     36,  40,  44,  45,  48,  55,  65,  66,  73,  74,  75,  78,  79,  80,   2,   3,
     19,  20,  22,  23,  24,  29,  31,  32,  35,  36,  39,  40,  41,  42,  43,  44,
     45,  49,  50,  51,  52,  53,  54,  55,  59,  60,  61,  62,  64,  66,  67,  68,
     69,  70,  71,  73,  74,  76,  78,  79,  80,  82,   2,   3,  18,  19,  20,  21,
     22,  23,  24,  31,  39,  40,  41,  42,  43,  45,  48,  49,  50,  51,  52,  53,
     54,  59,  60,  61,  62,  64,  66,  67,  68,  69,  70,  71,  75,  76,  78,  79,
     80,  82,   2,   3,  17,  18,  19,  20,  21,  22,  23,  24,  27,  29,  31,  32,
     34,  35,  36,  37,  38,  39,  40,  41,  42,  43,  44,  45,  46,  48,  49,  50,
     51,  52,  53,  54,  55,  57,  59,  60,  61,  62,  64,  66,  67,  68,  69,  70,
     71,  72,  73,  74,  75,  76,  77,  78,  79,  80,  81,  82,  85,   2,   3,  17,
     18,  19,  21,  22,  23,  24,  25,  26,  27,  28,  29,  31,  32,  34,  35,  36,
     37,  38,  39,  40,  41,  42,  43,  45,  46,  48,  49,  50,  51,  52,  53,  54,
     55,  59,  60,  61,  62,  64,  65,  66,  67,  68,  69,  70,  71,  72,  73,  74,
     75,  76,  77,  78,  79,  80,  81,  82,  85,   2,  17,  18,  19,  21,  22,  23,
     25,  26,  28,  29,  31,  32,  34,  35,  36,  37,  38,  39,  40,  41,  42,  43,
     44,  45,  46,  48,  49,  50,  51,  52,  53,  54,  55,  56,  57,  59,  60,  61,
     62,  64,  66,  67,  68,  69,  70,  71,  72,  73,  74,  75,  76,  77,  78,  79,
     80,  81,  85,   2,   3,   4,  17,  18,  19,  20,  21,  22,  24,  25,  26,  27,
     28,  29,  31,  32,  34,  35,  36,  37,  38,  39,  40,  42,  43,  44,  46,  48,
     49,  50,  51,  52,  53,  54,  55,  56,  57,  58,  59,  60,  61,  62,  64,  65,
     67,  68,  69,  70,  71,  72,  73,  74,  75,  76,  77,  78,  81,  82,   3,  17,
     18,  19,  22,  23,  24,  25,  26,  27,  28,  29,  31,  32,  35,  37,  38,  39,
     40,  41,  42,  43,  44,  45,  46,  48,  49,  50,  51,  52,  53,  54,  58,  59,
     60,  61,  62,  64,  65,  66,  67,  68,  69,  70,  71,  75,  76,  77,  78,  79,
     80,  81,  82,  85,   2,  17,  18,  19,  20,  22,  23,  24,  25,  26,  27,  28,
     29,  31,  32,  34,  35,  39,  41,  42,  43,  44,  45,  48,  49,  50,  51,  52,
     53,  54,  59,  60,  61,  62,  64,  65,  66,  67,  68,  69,  70,  71,  72,  75,
     76,  79,  80,  82,   2,   3,   4,  17,  18,  19,  20,  21,  31,  32,  34,  35,
     37,  38,  39,  40,  41,  42,  43,  44,  45,  46,  48,  49,  50,  51,  52,  53,
     54,  56,  57,  59,  60,  61,  62,  64,  66,  67,  68,  69,  70,  71,  72,  75,
     76,  77,  78,  80,  81,  82,  85,   2,   3,  17,  19,  21,  22,  25,  26,  27,
     28,  29,  31,  32,  34,  36,  37,  38,  39,  40,  41,  42,  43,  44,  45,  46,
     48,  49,  50,  51,  52,  53,  54,  55,  56,  57,  59,  60,  61,  62,  64,  66,
     67,  68,  69,  70,  71,  72,  73,  74,  76,  77,  78,  80,  81,  82,  85,   2,
      3,   4,  17,  19,  21,  22,  25,  26,  28,  29,  31,  32,  34,  36,  37,  38,
     39,  40,  41,  42,  43,  44,  45,  46,  48,  49,  50,  51,  52,  53,  54,  55,
     56,  57,  59,  60,  61,  62,  64,  66,  67,  68,  69,  70,  71,  72,  73,  74,
     76,  77,  78,  80,  81,  82,  85,   3,  17,  18,  19,  22,  23,  24,  27,  29,
     31,  35,  36,  38,  39,  40,  41,  42,  43,  44,  45,  46,  48,  49,  50,  51,
     52,  53,  54,  55,  59,  60,  61,  62,  64,  65,  66,  67,  68,  69,  70,  71,
     73,  74,  75,  76,  77,  78,  79,  80,  81,  82,  85,   2,   3,  17,  19,  21,
     22,  23,  25,  26,  27,  28,  29,  31,  32,  34,  36,  37,  38,  39,  40,  41,
     42,  43,  44,  45,  46,  48,  49,  50,  51,  52,  53,  54,  55,  56,  57,  59,
     60,  61,  62,  64,  65,  66,  67,  68,  69,  70,  71,  72,  73,  74,  76,  77,
     78,  79,  80,  81,  82,  85,   2,  17,  18,  19,  20,  22,  23,  24,  25,  26,
     27,  31,  38,  39,  40,  41,  42,  43,  44,  45,  48,  49,  50,  51,  52,  53,
     54,  59,  60,  61,  62,  64,  65,  66,  67,  68,  69,  70,  71,  75,  76,  77,
     78,  79,  80,  35,  37,  30,  31,  32,  33,  34,  37,  38,  39,  40,  41,  42,
     43,  44,  45,  46,  49,  50,  51,  52,  53,  54,  58,  59,  60,  61,  62,  64,
     65,  66,  67,  68,  69,  70,  71,  72,  76,  77,  78,  80,  81,  85,   2,  23,
     25,  26,  32,  35,  36,  38,  39,  40,  41,  42,  43,  44,  45,  46,  55,  58,
     64,  65,  66,  73,  74,  77,  78,  79,  80,  81,  85,   1,   2,  31,  32,  34,
     35,  36,  37,  38,  39,  40,  41,  42,  43,  44,  45,  46,  49,  50,  51,  52,
     53,  54,  55,  58,  59,  60,  61,  62,  64,  65,  66,  67,  68,  69,  70,  71,
     72,  73,  74,  76,  77,  78,  80,  81,  85,  28,  31,  43,  49,  50,  51,  52,
     53,  54,  59,  60,  61,  62,  67,  68,  69,  70,  71,  76,   0,   1,   2,   3,
      6,   7,   8,  11,  14,  16,  31,  32,  34,  35,  36,  37,  38,  40,  41,  42,
     43,  45,  46,  49,  50,  51,  52,  53,  54,  55,  59,  60,  61,  62,  64,  66,
     67,  68,  69,  70,  71,  72,  73,  74,  76,  77,  78,  80,  81,  82,   2,  30,
     31,  34,  36,  37,  38,  40,  41,  42,  43,  44,  45,  49,  50,  51,  52,  53,
     54,  55,  59,  60,  61,  62,  64,  66,  67,  68,  69,  70,  71,  72,  73,  74,
     76,  77,  78,  80,  85,   1,   3,  31,  32,  36,  37,  38,  39,  40,  41,  42,
     43,  44,  45,  46,  49,  50,  51,  52,  53,  54,  55,  58,  59,  60,  61,  62,
     64,  65,  66,  67,  68,  69,  70,  71,  73,  74,  76,  77,  78,  80,  81,  82,
     85,  37,  31,  32,  35,  37,  38,  39,  40,  41,  42,  43,  44,  45,  46,  49,
     50,  51,  52,  53,  54,  58,  59,  60,  61,  62,  64,  65,  66,  67,  68,  69,
     70,  71,  76,  77,  78,  80,  81,  85,   2,  31,  32,  35,  36,  37,  38,  39,
     40,  41,  42,  43,  44,  45,  46,  49,  50,  51,  52,  53,  54,  55,  58,  59,
     60,  61,  62,  64,  66,  67,  68,  69,  70,  71,  73,  74,  76,  77,  78,  80,
     81,  85,   2,  31,  32,  34,  35,  38,  40,  41,  42,  43,  44,  45,  46,  49,
     50,  51,  52,  53,  54,  58,  59,  60,  61,  62,  64,  65,  66,  67,  68,  69,
     70,  71,  72,  76,  77,  78,  80,  81,  85,  31,  32,  35,  36,  37,  38,  39,
     40,  41,  42,  43,  45,  49,  50,  51,  52,  53,  54,  55,  58,  59,  60,  61,
     62,  64,  65,  66,  67,  68,  69,  70,  71,  73,  74,  76,  77,  78,  80,  31,
     34,  35,  36,  38,  39,  40,  41,  42,  49,  50,  51,  52,  53,  54,  55,  59,
     60,  61,  62,  64,  67,  68,  69,  70,  71,  72,  73,  74,  76,  77,  78,  85,
      1,  31,  35,  36,  38,  39,  40,  41,  42,  43,  44,  45,  46,  49,  50,  51,
     52,  53,  54,  55,  58,  59,  60,  61,  62,  64,  65,  66,  67,  68,  69,  70,
     71,  73,  74,  76,  77,  78,  80,  81,  85,   2,   3,  17,  31,  35,  40,  42,
     43,  44,  45,  49,  50,  51,  52,  53,  54,  59,  60,  61,  62,  64,  66,  67,
     68,  69,  70,  71,  76,  78,  80,  82,   3,  31,  45,  49,  50,  51,  52,  53,
     54,  59,  60,  61,  62,  66,  67,  68,  69,  70,  71,  76,  80,  82,   2,   3,
     23,  31,  32,  34,  35,  36,  38,  39,  40,  41,  42,  43,  44,  45,  46,  49,
     50,  51,  52,  53,  54,  55,  59,  60,  61,  62,  64,  66,  67,  68,  69,  70,
     71,  72,  73,  74,  76,  77,  78,  79,  80,  81,  82,  85,   3,  31,  32,  35,
     36,  37,  38,  40,  41,  42,  43,  45,  49,  50,  51,  52,  53,  54,  55,  59,
     60,  61,  62,  64,  65,  66,  67,  68,  69,  70,  71,  73,  74,  76,  77,  78,
     80,  82,  37,  83,  37,   2,  17,  18,  19,  21,  22,  23,  24,  25,  26,  27,
     28,  29,  31,  32,  35,  38,  39,  40,  41,  42,  43,  44,  45,  47,  49,  50,
     51,  52,  53,  54,  59,  60,  61,  62,  64,  66,  67,  68,  69,  70,  71,  75,
     76,  77,  78,  79,  80,  23,  79,   2,  31,  32,  34,  35,  36,  38,  39,  40,
     41,  42,  43,  44,  45,  49,  50,  51,  52,  53,  54,  55,  59,  60,  61,  62,
     64,  65,  66,  67,  68,  69,  70,  71,  72,  73,  74,  76,  77,  78,  80,  85,
     10,  11,  13,   2,  31,  49,  50,  51,  52,  53,  54,  59,  60,  61,  62,  67,
     68,  69,  70,  71,  76,  38,  77,  30,  31,  32,  33,  34,  37,  38,  39,  40,
     41,  42,  43,  44,  45,  46,  49,  50,  51,  52,  53,  54,  58,  59,  60,  61,
     62,  64,  65,  66,  67,  68,  69,  70,  71,  72,  76,  77,  78,  80,  81,  85,
     30,  31,  32,  33,  34,  37,  38,  39,  40,  41,  42,  43,  44,  45,  46,  49,
     50,  51,  52,  53,  54,  58,  59,  60,  61,  62,  64,  65,  66,  67,  68,  69,
     70,  71,  72,  76,  77,  78,  80,  81,  85,   2,  17,  18,  19,  21,  22,  23,
     24,  25,  26,  27,  28,  29,  31,  32,  35,  38,  39,  40,  41,  42,  43,  44,
     45,  47,  49,  50,  51,  52,  53,  54,  59,  60,  61,  62,  64,  66,  67,  68,
     69,  70,  71,  75,  76,  77,  78,  79,  80,  43,  45,  66,  80,  32,  37,  38,
     40,  42,  43,  64,  77,  78,  30,  31,  32,  33,  34,  37,  38,  39,  40,  41,
     42,  43,  44,  45,  46,  49,  50,  51,  52,  53,  54,  58,  59,  60,  61,  62,
     64,  65,  66,  67,  68,  69,  70,  71,  72,  76,  77,  78,  80,  81,  85,  84,
};

static const int8_t youngserif_18_regularKernSparseValues[] = {
     -11,   -5,  -11,  -11,   -5,  -16,  -32,   37,  -16,  -32,  -32,  -32,  -32,  -32,  -32,  -32,
     -32,  -32,  -32,  -16,  -32,  -32,  -32,  -32,  -32,  -32,  -16,  -16,   -5,  -21,    5,  -16,
     -11,   -5,   -5,  -21,   -5,    5,  -11,  -64,  -32,  -68,  -68,  -42,  -11,  -16,   -5,  -16,
     -16,  -42,  -16,  -11,  -11,  -11,  -11,  -11,  -11,  -11,  -11,  -11,  -11,  -16,  -16,  -11,
     -11,  -11,  -11,  -11,   -5,  -11,  -64,  -16,  -26,  -11,  -11,  -47,  -11,  -42,  -42,  -11,
     -53,   -5,   -5,  -11,  -11,   -5,   -5,  -11,  -47,   -5,  -16,  -16,    5,  -11,   -5,    5,
      -5,  -11,  -11,   -5,   16,    5,   -5,   21,    5,    5,   11,  -11,   -5,   -5,    5,   11,
      -5,   -5,    5,   -5,  -11,    5,    5,   -5,   -5,    5,   -5,   -5,  -11,  -11,  -21,    5,
     -21,    5,  -11,  -16,  -11,  -11,   -5,  -16,  -11,   -5,  -11,   11,   -5,    5,  -16,    5,
      11,   -5,  -21,  -68,  -16,  -11,   16,   -5,  -32,  -16,   -5,    5,  -11,   -5,  -11,    5,
      11,    5,  -11,   -5,    5,  -11,   16,   16,   21,    5,    5,   21,  -26,  -26,   16,   53,
      16,  -26,   11,  -32,  -16,  -64,  -47,  -68,  -68,  -64,    5,  -11,  -16,    1,   11,   11,
      -5,   11,  -11,   -5,  -21,  -26,  -32,   11,  -26,   11,  -11,  -11,  -11,  -11,  -11,  -11,
      11,  -11,  -11,  -11,  -11,  -26,  -11,  -26,  -11,  -11,  -11,  -11,  -11,    1,   11,   11,
     -11,   11,   -5,  -64,  -26,   11,  -26,   11,  -16,  -21,  -21,   -4,  -16,   -5,  -21,  -26,
     -42,  -42,  -26,  -37,   -5,   -5,   -5,   -5,   -5,   -5,  -11,  -11,  -11,  -11,  -13,  -21,
      -5,   -5,   -5,   -5,   -5,   -5,   -5,   -5,   -5,   -5,  -11,   -5,  -13,   -5,   -5,   -5,
      -5,   -5,  -21,   -5,   -5,   -5,  -21,  -13,   -5,  -16,    5,   11,    5,   -5,   -5,   -5,
      -5,  -11,    5,    5,   11,   11,    5,  -21,    5,    5,    5,    5,    5,    5,   11,    5,
       5,    5,    5,    5,    5,    5,    5,    5,   11,   11,   11,    5,    5,  -32,  -34,  -19,
      -5,  -16,  -11,  -11,  -16,  -21,  -32,  -32,  -32,  -32,   -5,   -2,   -5,   -5,   -7,    5,
     -16,    5,    1,    5,   -5,  -47,   -2,   -2,   -2,   -2,   -2,   -2,    5,   -5,   -2,   -2,
      -2,   -2,    5,   -5,    5,   -2,   -2,   -2,   -2,   -2,   -5,    5,    5,  -24,   -2,  -16,
     -16,    5,   -5,    2,  -11,  -16,  -16,  -11,   -5,   -5,  -58,  -26,  -37,  -69,  -16,  -74,
     -11,   -5,   -5,   -5,   -5,  -16,  -11,  -21,  -16,  -21,  -16,  -21, -121,   -5,   -5,   -5,
      -5,   -5,   -5,   -5,   -5,   -5,   -5,  -16,  -21,   -5,   -5,   -5,   -5,   -5,  -16,   -5,
      -5,  -11,  -58,  -21,  -53,  -26,  -37,  -79,  -16,  -26,   -5,  -53,  -26,    5,   -5,  -16,
      -5,  -47,  -42,   -5,  -32,  -26,  -42,  -42,  -58,  -16,  -26,  -26,  -26,  -26,  -42, -121,
     -47,  -47,  -47,  -47,  -79,  -79,  -47,   11,   16,  -47,  -47,  -47,  -47,  -26,  -26,  -47,
     -47,  -47,  -47,  -47,  -42,  -37,  -32,  -16,  -47,  -42, -106,    5,  -26,  -42,  -26,  -26,
     -16,  -26,  -19,    5,  -16,  -16,   -5,  -11,  -21,  -21,  -21,  -16,  -32,  -16,   -5,  -11,
       5,   -5,  -11,  -11,  -32,    5,  -11,  -11,    5,    5,  -13,   -5,  -11,  -11,   -5,  -11,
     -19,   -5,  -21,  -11,   -5,   -5,  -21,    5,   -1,   -2,  -16,  -21,  -11,  -26,  -21,   -5,
     -26,  -21,  -21,  -21,  -21,  -21,  -21,   -2,  -21,  -21,  -21,  -21,  -26,  -26,  -21,  -21,
     -21,  -21,  -21,   -2,   -2,  -21,  -21,   -5,  -26,  -11,   -5,  -11,   -5,  -21,   -5,   -5,
     -21,   -5,   -5,  -16,  -11,   -5,  -11,  -16,  -16,  -21,   -5,  -16,  -16,  -16,  -16,  -16,
     -16,  -16,  -16,  -16,  -16,  -16,  -21,  -16,  -16,  -16,  -16,  -16,   -5,  -16,   -5,   -5,
     -21,  -11,  -37,  -16,  -42,   -8,  -21,   -5,  -32,  -26,   -5,   -2,  -11,  -21,  -32,    5,
     -26,  -21,  -11,   -5,  -21,  -16,  -26,  -16,  -21,  -21,  -21,  -16,  -16,  -58,  -32,  -32,
     -32,  -32,  -32,  -32,  -11,   11,  -32,  -32,  -32,  -32,  -21,  -16,  -32,  -32,  -32,  -32,
     -32,  -26,  -11,  -11,   -8,  -32,  -21,  -26,   -5,  -16,  -16,  -16,  -21,   -5,  -32,    5,
       2,  -37,    5,  -26,  -16,  -11,   -5,   -5,    5,  -11,   11,  -21,   -5,    5,   11,    5,
     -11,    5,  -16,  -11,  -26,  -32,  -53,  -42,   11,    5,  -21,  -21,  -21,  -21,  -21,  -21,
       5,  -21,  -21,  -21,  -21,  -32,   -5,  -42,  -21,  -21,  -21,  -21,  -21,    5,    5,    5,
       2,  -21,    5,  -11,  -16,  -42,   11,  -32,   11,  -11,  -26,   -2,  -17,  -11,  -21,   -2,
      13,   13,    8,  -19,  -21,   11,  -21,   -2,  -11,   -5,  -21,  -16,  -29,  -21,  -21,  -21,
     -21,  -16,  -16,  -26,  -21,  -21,  -21,  -21,  -21,  -21,  -11,   11,   16,  -21,  -21,  -21,
     -21,  -21,  -16,  -21,  -21,  -37,  -21,  -32,  -21,  -11,  -11,   -2,  -21,  -21,  -29,   -2,
     -16,  -16,  -11,  -58,  -16,  -16,  -53,  -13,   -4,  -16,  -58,  -24,  -11,  -11,  -11,  -11,
     -11,  -11,  -21,    5,  -16,  -11,  -11,  -11,   -8,   -3,  -26,    2,    5,   -5,  -11, -116,
     -21,  -21,  -21,  -21,  -21,  -21,  -11,   11,    5,  -21,  -21,  -21,  -21,  -21,    2,   -5,
     -21,  -21,  -21,  -21,  -21,  -16,  -11,  -11,  -13,  -21,   -8,  -26,  -11,  -16,  -16,   11,
      -5,  -38,  -32,  -42,  -53,  -58,  -58,    5,  -64,    5,  -21,  -21,    5,  -11,    5,   -5,
     -16,  -26,  -32,  -37,    5,  -40,    5,    5,  -21,  -21,  -21,  -21,  -21,  -21,  -16,  -21,
     -21,  -21,  -21,  -32,  -11,  -40,  -21,  -21,  -21,  -21,  -21,   -5,  -21,    5,  -16,  -42,
     -40,    5,  -16,    5,   -5,  -13,  -11,   -1,   -8,    1,  -16,  -18,  -26,  -26,   -3,  -24,
      -2,    2,   -5,    1,   -2,   -5,  -11,  -11,  -11,  -11,  -11,  -11,    2,    2,    2,    2,
       2,    2,    2,    2,    2,    2,  -11,  -11,  -11,    2,    2,    2,    2,    2,    1,  -11,
       2,  -16,  -11,   16,  -64,  -47,  -26,  -64,   -8,  -11,   -5,  -64,  -64,    5,  -58,   -5,
     -26,  -47,  -37,  -74,  -16,  -53,  -58,  -68,  -64,  -74,  -95, -128, -116,  -95, -122,  -85,
     -95,   26,   26,  -64, -101, -116, -106,  -53, -111, -122,  -64,  -64, -111, -106,  -58,   -8,
     -64,  -47, -116, -106,  -74,  -47,  -21,  -32,  -11,  -32,  -24,  -32,  -32,   11,   11,   -5,
      11,  -21,  -28,   11,  -21,  -16,  -16,  -32,  -26,  -34,  -16,  -16,  -16,  -21,  -16,  -21,
     -53,  -28,  -28,  -28,  -28,  -28,  -28,  -16,   11,   21,  -28,  -28,  -28,  -28,  -16,  -16,
     -28,  -28,  -28,  -28,  -28,  -21,  -10,  -37,  -28,  -32,  -34,  -16,  -21,  -11,  -11,  -64,
     -42,  -47,  -68,  -32,  -37,  -26,   -2,   -2,   16,  -16,  -42,   16,  -47,  -21,  -16,  -47,
     -26,  -64,  -26,  -32,  -21,  -32,  -26,  -32,  -79,  -42,  -42,  -74,  -42,  -42,  -68,  -26,
      11,   32,  -42,  -42,  -42,  -74,  -32,  -26,  -42,  -42,  -58,  -42,  -58,  -47,  -16,  -21,
    -121,  -79, -101,  -26,  -32,  -42,  -32,  -11,   11,   -2,  -32,  -26,   -8,   -5,   11,   11,
     -21,    5,   11,    5,  -16,  -16,  -26,  -42,  -74,    5,  -58,   11,   11,  -21,  -21,  -21,
     -21,  -21,  -21,   11,  -21,  -21,  -21,  -21,  -42,  -16,  -58,  -21,  -21,  -21,  -21,  -21,
      11,   11,   -2,  -21,    5,  -16,   -8,  -58,   11,  -11,    5,  -42,  -53,  -64,  -37,  -58,
     -37,   -5,   11,   11,   -5,   11,  -26,  -74,   11,  -90,  -32,  -37,  -58,  -64,  -79,  -37,
     -53,  -68,  -64,  -64,  -68,  -95, -121, -127, -106, -127, -121, -106,  -37,    5,   16, -128,
    -121, -128, -116,  -53,    5, -106, -121, -111,  -95, -121,  -95,  -90,  -32,  -32,  -74,  -95,
    -111,   -5,  -64, -110,  -53,  -42,   -5,  -11,   -5,  -21,   -5,  -11,   -5,   -2,    5,    5,
      -5,   -2,   -5,  -16,    1,  -26,  -26,  -53,   -5,  -58,  -11,   -2,   -2,   -2,   -2,   -2,
      -2,   -2,   -2,   -2,   -2,  -26,   -5,  -58,   -2,   -2,   -2,   -2,   -2,   -5,   -2,   -5,
       1,   -5,  -58,   21,   64,   16,  -12,  -21,    5,   20,   -5,    7,  -13,  -11,  -11,  -38,
     -16,   11,  -11,    8,  -12,  -12,  -12,  -12,  -12,  -12,  -11,  -12,  -12,  -12,  -12,  -19,
     -16,  -11,  -12,  -12,  -12,  -12,  -12,   -1,  -12,    7,  -11,  -11,    8,    9,  -11,  -64,
     -42,  -42,  -21,  -13,   -7,   -5,  -11,  -11,  -10,  -16,  -21,  -16,  -11,   -5,   -7,   -2,
     -16,  -11,  -11,   -7,   -7,   -5,  -11,  -64,  -11,   -5,   -5,  -26,   -5,   -9,  -11,   -5,
     -13,   -2,   -2,   -5,   -5,  -13,   -5,   -2,   -4,   -5,   -5,   -5,   -9,   -9,   -9,   -9,
      -9,   -9,   -2,  -11,   -9,   -9,   -9,   -9,   -2,  -11,   -5,   -9,   -9,   -9,   -9,   -9,
      -5,   -2,   -2,   -9,   -5,  -13,   -5,   -5,   -2,  -74,  -11,   -5,  -11,  -11,  -11,  -11,
     -11,  -11,  -11,  -11,  -11,  -11,  -11,  -11,  -11,  -11,  -11,  -11,   53,   26,   -5,   -5,
      21,    5,   11,   16,   26,   47,    5,   58,   11,   47,   26,   26,   11,   -5,    5,   11,
      11,   11,    5,    5,    5,    5,    5,    5,    5,   26,    5,    5,    5,    5,   11,   11,
       5,    5,    5,    5,    5,   11,   26,   26,    5,   11,   -5,   11,    5,   -5,   -5,    5,
      -5,    5,    2,   64,    5,  -11,   16,   11,   11,    5,   16,   -5,   -5,   -5,   -5,   -5,
      -5,    2,   -5,   -5,   -5,   -5,   11,   16,   -5,   -5,   -5,   -5,   -5,    5,    2,    2,
      -5,    5,  -11,   16,   16,  -11,   -5,  -20,  -32,    5,  -16,    8,  -16,  -21,  -26,  -32,
     -32,    5,  -33,    5,  -20,  -20,  -20,  -20,  -20,  -20,    5,  -11,  -20,  -20,  -20,  -20,
     -32,  -21,  -33,  -20,  -20,  -20,  -20,  -20,    5,    5,  -20,    8,  -21,  -33,    5,   -5,
       5,   26,  -29,  -26,    5,  -16,    2,  -16,  -26,  -16,  -21,  -21,    5,  -16,   11,  -29,
     -29,  -29,  -29,  -29,  -29,  -26,  -29,  -29,  -29,  -29,  -21,  -21,  -16,  -29,  -29,  -29,
     -29,  -29,  -29,    2,  -26,  -16,   11,    5,   -5,  -29,  -26,  -23,  -16,   74,  -21,    5,
     -26,  -11,  -21,  -21,  -11,  -11,  -11,  -29,  -29,  -29,  -29,  -29,  -29,  -16,  -21,  -29,
     -29,  -29,  -29,  -21,  -11,  -29,  -29,  -29,  -29,  -29,  -16,  -16,  -29,  -21,  -26,  -11,
     -11,   -5,  -53,   -8,   -5,   -2,  -16,   -2,  -16,    5,    7,   11,    2,    9,    2,   -8,
      -8,   -8,   -8,   -8,   -8,   -5,   -8,   -8,   -8,   -8,    7,  -11,    9,   -8,   -8,   -8,
      -8,   -8,   -2,   -8,   -2,  -16,    9,    2,    2,   -7,  -21,   -5,   -1,   -5,   -1,  -15,
      -9,  -14,  -14,  -14,  -11,   -7,   -7,   -7,   -7,   -7,   -7,   -1,   -5,   -7,   -7,   -7,
      -7,  -14,  -29,  -11,   -7,   -7,   -7,   -7,   -7,   -1,   -1,   -7,   -1,   -9,  -11,   -4,
       2,    5,    6,    6,    4,   -5,    5,   11,   -4,   -4,   -4,   -4,   -4,   -4,    6,   -4,
      -4,   -4,   -4,   11,   -4,   -4,   -4,   -4,   -4,    2,    6,    6,   -4,    6,   -5,    5,
     -21,  -10,    5,    5,    6,   -5,   -9,  -11,   -5,  -16,    5,  -16,   11,  -10,  -10,  -10,
     -10,  -10,  -10,    5,   -5,  -10,  -10,  -10,  -10,   -5,  -11,  -16,  -10,  -10,  -10,  -10,
     -10,    5,    5,  -10,    6,   -9,  -16,   11,    5,  -42,  -16,  -32,  -16,  -16,  -21,   16,
       5,    5,    5,  -16,  -16,  -16,  -16,  -16,  -16,  -16,  -16,  -16,  -16,   16,    5,  -16,
     -16,  -16,  -16,  -16,  -16,  -21,    5,  -16,  -11,  -11,    5,  -11,  -11,  -11,  -11,  -11,
     -11,  -11,  -11,  -11,  -11,    5,  -11,  -11,  -11,  -11,  -11,  -11,    5,  -11,  -42,  -16,
     -32,  -18,   -5,  -11,  -11,    1,    1,    5,  -11,   10,   11,   11,    5,   11,   -5,  -18,
     -18,  -18,  -18,  -18,  -18,    1,  -18,  -18,  -18,  -18,   11,   11,  -18,  -18,  -18,  -18,
     -18,  -11,    1,    1,  -18,    1,  -11,  -32,   11,   -5,  -16,   10,   -5,   -5,   -5,   -5,
      -1,   -5,   -4,   -5,    5,    3,    5,    5,   -5,   -5,   -5,   -5,   -5,   -5,   -1,   -5,
      -5,   -5,   -5,    3,   -5,    5,   -5,   -5,   -5,   -5,   -5,   -1,   -1,   -5,   -4,   -5,
       5,   -5,   66, -128,   72,  -11,  -16,  -16,  -11,   -5,   -5,  -95,  -26,  -37,  -69,  -16,
     -74,  -11,   -5,   -5,   -5,   -5,  -16,  -11,  -21,  -16,  -21,  -16,  -21, -121,   -5,   -5,
      -5,   -5,   -5,   -5,   -5,   -5,   -5,   -5,  -16,  -21,   -5,   -5,   -5,   -5,   -5,  -16,
      -5,   -5,  -11,  -95,  -21,   26,   26,  -16,   -5,  -11,   -5,   -5,   -5,   -5,   -5,  -11,
     -11,   -7,  -11,   -5,   -5,   -5,   -5,   -5,   -5,   -5,   -5,   -5,   -5,   -5,   -5,   -5,
      -7,  -16,   -5,   -5,   -5,   -5,   -5,   -5,   -5,   -5,   -5,   -5,   -5,  -11,   -5,   -5,
      21,   16,   11,  -32,  -26,  -26,  -26,  -26,  -26,  -26,  -26,  -26,  -26,  -26,  -26,  -26,
     -26,  -26,  -26,  -26,  -26,    2,    2,   16,  -12,  -21,    5,   20,   89,    7,  -13,  -11,
     -11,  -38,  -16,   11,  -11,    8,  -12,  -12,  -12,  -12,  -12,  -12,  -11,  -12,  -12,  -12,
     -12,  -19,  -16,  -11,  -12,  -12,  -12,  -12,  -12,   -1,  -12,    7,  -11,  -11,    8,    9,
      16,  -12,  -21,    5,   20,   -5,    7,  -13,  -11,  -11,  -14,  -16,   11,  -11,    8,  -12,
     -12,  -12,  -12,  -12,  -12,  -11,  -12,  -12,  -12,  -12,  -14,  -16,  -11,  -12,  -12,  -12,
     -12,  -12,   -1,  -12,    7,  -11,  -11,    8,    9,  -11,  -16,  -16,  -11,   -5,   -5, -111,
     -26,  -37,  -69,  -16,  -74,  -11,   -5,   -5,   -5,   -5,  -16,  -11,  -21,  -16,  -21,  -16,
     -21, -121,   -5,   -5,   -5,   -5,   -5,   -5,   -5,   -5,   -5,   -5,  -16,  -21,   -5,   -5,
      -5,   -5,   -5,  -16,   -5,   -5,  -11, -111,  -21,   11,   11,   11,   11,   -5,   37,   -5,
     -11,   -7,   -2,   -7,   -5,  -11,   16,  -12,  -21,    5,   20,   37,    7,  -13,  -11,  -11,
     -38,  -16,   11,  -11,    8,  -12,  -12,  -12,  -12,  -12,  -12,  -11,  -12,  -12,  -12,  -12,
     -19,  -16,  -11,  -12,  -12,  -12,  -12,  -12,   -1,  -12,    7,  -11,  -11,    8,    9, -128,
};

static const EpdLigaturePair youngserif_18_regularLigaturePairs[] = {
    { 0x00660066, 0xFB00 }, // f f -> U+FB00
    { 0x00660069, 0xFB01 }, // f i -> U+FB01
    { 0x0066006C, 0xFB02 }, // f l -> U+FB02
    { 0xFB000069, 0xFB03 }, // U+FB00 i -> U+FB03
    { 0xFB00006C, 0xFB04 }, // U+FB00 l -> U+FB04
};

static const EpdFontData youngserif_18_regular = {
    youngserif_18_regularBitmaps,
    youngserif_18_regularGlyphs,
    youngserif_18_regularIntervals,
    63,
    45,
    35,
    -11,
    true,
    youngserif_18_regularGroups,
    13,
    nullptr,
    nullptr,  // kernLeftClasses: built-in fonts use the split arrays below
    nullptr,  // kernRightClasses
    youngserif_18_regularKernLeftCodepoints,
    youngserif_18_regularKernLeftClassIds,
    youngserif_18_regularKernRightCodepoints,
    youngserif_18_regularKernRightClassIds,
    nullptr,  // kernMatrix: built-in fonts use the sparse form below
    youngserif_18_regularKernRowOffsets,
    youngserif_18_regularKernSparseCols,
    youngserif_18_regularKernSparseValues,
    431,
    443,
    71,
    86,
    youngserif_18_regularLigaturePairs,
    5,
};
